Scenario,Model,Year,rate_p5,rate_p25,rate_p50,rate_p75,rate_p95,n_countries_included,n_countries_total,countries_excluded,is_complete
reference,Logistic,2030,0.3092760451673217,0.3695563186272309,0.40055999946166965,0.4228094461564651,0.450021616968902,10,10,,True
reference,Logistic,2031,0.35360601920094914,0.4275932148616903,0.46834233855482615,0.49870952044628647,0.5360955214220533,10,10,,True
reference,Logistic,2032,0.40488638778229885,0.49432908563562694,0.5480288626235728,0.5881997147028452,0.6375992320338284,10,10,,True
reference,Logistic,2033,0.4618924741176338,0.5715036562474493,0.6398596245181585,0.6934876009396251,0.7573691703785619,10,10,,True
reference,Logistic,2034,0.5238702098638716,0.6612651390392085,0.7468125290928869,0.8169315030136859,0.8991878290600156,10,10,,True
reference,Logistic,2035,0.5930580737852164,0.7631567015672204,0.8702914215728341,0.9607471647339373,1.065458264759532,10,10,,True
reference,Logistic,2036,0.68321530845729,0.8828028549682835,1.013048222813481,1.1265442274136324,1.2585059851457343,10,10,,True
reference,Logistic,2037,0.7762698544908062,1.0158279168740083,1.1749881929656576,1.3179279831007236,1.4852474550840982,10,10,,True
reference,Logistic,2038,0.8854400544678948,1.1692631682790051,1.3629746255829942,1.536297494244268,1.7487944921547474,10,10,,True
reference,Logistic,2039,1.0121099415957862,1.3407510722617189,1.5739079233742248,1.7911728159810787,2.050326779474588,10,10,,True
reference,Logistic,2040,1.1457566891609179,1.5303531732716755,1.8142351192460824,2.078156202986538,2.3969630753623914,10,10,,True
reference,Logistic,2041,1.2933572145033658,1.7429195377816962,2.088691082451267,2.3985745852966893,2.7879506360101964,10,10,,True
reference,Logistic,2042,1.4564093364286992,1.9808979352559668,2.3923937414748506,2.7603946200369425,3.2213897300118743,10,10,,True
reference,Logistic,2043,1.6418733684998503,2.2529857987998843,2.7229512074175233,3.1572005598848643,3.7041081743882205,10,10,,True
reference,Logistic,2044,1.8306131203830494,2.5360430237347247,3.088536968370295,3.6092240337258312,4.205716411078395,10,10,,True
reference,Logistic,2045,2.0438030280981043,2.8349438597347043,3.4905946365601737,4.0997398452015705,4.772090088080595,10,10,,True
reference,Logistic,2046,2.2754052897573027,3.1519821297540656,3.9135430677410215,4.605032705154385,5.39404548059506,10,10,,True
reference,Logistic,2047,2.5187750505700897,3.486628361072945,4.342857250737122,5.133406698258751,6.0504988160826025,10,10,,True
reference,Logistic,2048,2.75173270493067,3.813153702670491,4.798422589304419,5.704697152039643,6.6900936532786766,10,10,,True
reference,Logistic,2049,3.008721750925383,4.151809824322565,5.238032201937219,6.250514285559995,7.359043797159747,10,10,,True
reference,Logistic,2050,3.2589649437109722,4.473365195939279,5.636371229338026,6.777665294525773,8.065576087726441,10,10,,True
reference,Logistic,2051,3.430916740557052,4.760254068590327,6.061880059537579,7.276848170661737,8.821239726674069,10,10,,True
reference,Logistic,2052,3.630043376045224,5.036475415009185,6.402763166514163,7.7477091405473795,9.501226253292298,10,10,,True
reference,Logistic,2053,3.760101196513271,5.286423904588183,6.716400191124023,8.20182652656107,10.228405461454908,10,10,,True
reference,Logistic,2054,3.8458733811492567,5.416853321152318,6.967189012997172,8.576506790938813,11.003033760705769,10,10,,True
reference,Logistic,2055,3.906524610551604,5.551349485249028,7.14687717186183,8.909550330172124,11.657706952881423,10,10,,True
reference,Logistic,2056,3.8542377307484275,5.663739258865826,7.203314305931556,9.259160818736044,12.405118508463529,10,10,,True
reference,Logistic,2057,3.815458035610107,5.636876884452322,7.199547930635355,9.510155044178006,13.063392105351307,10,10,,True
reference,Logistic,2058,3.6906336409253226,5.524307757906056,7.155940422343689,9.594209771915319,13.54609079892885,10,10,,True
reference,Logistic,2059,3.511447425621854,5.331490448153994,7.028096593555251,9.664033195246981,14.171219250011452,10,10,,True
reference,Logistic,2060,3.3871784123766386,5.131369820018836,6.886078256218015,9.62913242864245,14.625892812713243,10,10,,True
reference,Logistic,2061,3.204910688729541,4.893346129091427,6.620073662928232,9.562280781773833,15.209419920502683,10,10,,True
reference,Logistic,2062,3.008967644767529,4.633668352407246,6.388104792991326,9.389755311955204,15.68023797411436,10,10,,True
reference,Logistic,2063,2.7981900563630906,4.329551457933189,6.0583281946750605,9.111977228773739,15.92064885752522,10,10,,True
reference,Logistic,2064,2.5487838789199064,4.060441568786324,5.719155318136082,8.763454298729178,16.197271994234036,10,10,,True
reference,Logistic,2065,2.3496434260732193,3.711580523242751,5.42395107199295,8.32026219967918,16.153538765276828,10,10,,True
reference,Logistic,2066,2.118543161507469,3.3826693596695696,5.03526872179732,7.93793645752769,16.001301400635928,10,10,,True
reference,Logistic,2067,1.9132360340026335,3.0681259977319097,4.663831712676769,7.502916517195626,15.37040769712114,10,10,,True
reference,Logistic,2068,1.6909360632030646,2.7502299522958715,4.315335137738634,7.051284722073245,15.030501085799058,10,10,,True
reference,Logistic,2069,1.4666445908120804,2.4498024064815263,3.961584223688275,6.581434440868561,14.398605923994452,10,10,,True
reference,Logistic,2070,1.3041265966471365,2.172199701681874,3.585910703643078,6.166882716492662,13.61614573264396,10,10,,True
reference,Logistic,2071,1.1259498614310814,1.9202613664564363,3.2768358464859775,5.764664057809563,12.823429796071851,10,10,,True
reference,Logistic,2072,0.9837587951837975,1.717591619009005,2.9547430540270336,5.198616067531979,12.132389641526721,10,10,,True
reference,Logistic,2073,0.8519065140123497,1.527916989801823,2.6601846326555245,4.75327133549678,11.30027793330844,10,10,,True
reference,Logistic,2074,0.7466389620134396,1.336245682244264,2.3740894769101963,4.258291991450004,10.579040951278797,10,10,,True
reference,Logistic,2075,0.6458559766331945,1.1692740231187553,2.142762688848066,3.8326832226408922,9.765013449417554,10,10,,True
reference,Logistic,2076,0.5528772113902073,1.0359904252292322,1.897258714811831,3.4872245975028564,8.967639476049031,10,10,,True
reference,Logistic,2077,0.4782771381604983,0.9146029124589666,1.6784958141499366,3.1158059524161854,8.16883755480795,10,10,,True
reference,Logistic,2078,0.40556605754890823,0.7959818520079116,1.4679278160911344,2.798382197884285,7.4195311153742685,10,10,,True
reference,Logistic,2079,0.3506080850094838,0.6988178178852086,1.3025410977728322,2.460759855868454,6.647338094088561,10,10,,True
reference,Logistic,2080,0.3035180582747503,0.6048455291655832,1.1448352857869968,2.150669850583668,6.182745320604391,10,10,,True
reference,Logistic,2081,0.25837451612512274,0.5304443201374782,1.003439475422327,1.8951827752292632,5.580505307248495,10,10,,True
reference,Logistic,2082,0.22662869501798055,0.4664388007878222,0.8849348861990969,1.684245633562902,4.9098355506096745,10,10,,True
reference,Logistic,2083,0.19474651668861198,0.4049818842140492,0.7831529454031073,1.4894278822958724,4.316668431900899,10,10,,True
reference,Logistic,2084,0.16608623029043687,0.3469106275372091,0.6862986317334372,1.3092637192736083,3.870816547052618,10,10,,True
reference,Logistic,2085,0.1416047302048659,0.29967588308468746,0.6027994775005523,1.1597327134268614,3.3473530460926217,10,10,,True
reference,Logistic,2086,0.1219365939460799,0.2594258286056226,0.5239665187386717,1.0190059940666614,2.951313101494138,10,10,,True
reference,Logistic,2087,0.10517224687377973,0.22325332249863106,0.45306648780146097,0.894483767995045,2.5672217238294297,10,10,,True
reference,Logistic,2088,0.08992050490946943,0.19473808842896664,0.3934487016091469,0.7739421612167754,2.252647366442257,10,10,,True
reference,Logistic,2089,0.07568162894469423,0.16888324262081006,0.3412236361240206,0.6840567473184347,2.032109754072208,10,10,,True
reference,Logistic,2090,0.0645473006642492,0.14691546967793379,0.2971956637087528,0.5932364305421127,1.7914623224648092,10,10,,True
reference,Logistic,2091,0.055081331782985264,0.12771941714888121,0.2590817707582614,0.5229757797648906,1.569629907536453,10,10,,True
reference,Logistic,2092,0.047061928010012896,0.11045228546741134,0.22598342590260848,0.46363541950147097,1.3758839694512757,10,10,,True
reference,Logistic,2093,0.04092254833051923,0.09518192627672359,0.19687440285884328,0.4051719301677061,1.2221404085819267,10,10,,True
reference,Logistic,2094,0.03525920570470601,0.08200067809945608,0.1700124147051078,0.35249663327075087,1.0576715087500264,10,10,,True
reference,Logistic,2095,0.02952996744183768,0.07142774594005123,0.14862240029502197,0.30843800541279587,0.9353903117043291,10,10,,True
reference,Logistic,2096,0.025404846346845287,0.062130462475967,0.1296037372887433,0.26911489887092876,0.8561764911022275,10,10,,True
reference,Logistic,2097,0.02151895251601867,0.05341375310256667,0.11281949884156797,0.2340242913565238,0.775631218223037,10,10,,True
reference,Logistic,2098,0.0184168201886955,0.04588561940155105,0.09867045682127085,0.20398151260016836,0.6885713249310833,10,10,,True
reference,Logistic,2099,0.015502058996611778,0.039361379782227215,0.0856009548402191,0.17690297490303103,0.6089172079633498,10,10,,True
reference,Logistic,2100,0.013071284048167424,0.03408788305994323,0.07372459327383449,0.1555372023270881,0.5530454615854191,10,10,,True
reference,Logistic,2101,0.011181993533510456,0.029400005621771072,0.06450932453405726,0.1393072310793707,0.4947380198253674,10,10,,True
reference,Logistic,2102,0.009459140599685008,0.025494219674216115,0.05602029775409585,0.12307138012413768,0.4286888725498016,10,10,,True
reference,Logistic,2103,0.00807099701655466,0.022546209218255585,0.04884026048369414,0.10786874147376535,0.37921905138469275,10,10,,True
reference,Logistic,2104,0.006970156608392904,0.019296303998181642,0.042502064323292024,0.094461936363203,0.3403617298892834,10,10,,True
reference,Logistic,2105,0.005947257014601034,0.0167311284775891,0.036814644016898476,0.08276163374217102,0.3005557045728942,10,10,,True
reference,Logistic,2106,0.0050129198341492785,0.014754135770314966,0.03209333539343359,0.07365431526259758,0.26646285217987936,10,10,,True
reference,Logistic,2107,0.004298388215815048,0.012815849857284765,0.027884505141671394,0.06545464837218476,0.24414978254034736,10,10,,True
reference,Logistic,2108,0.003706633122417498,0.011066927346362243,0.02431180577878026,0.056963516651623525,0.21652818601447255,10,10,,True
reference,Logistic,2109,0.0031494624647170656,0.009556344181411304,0.02108915616537098,0.049577118634371115,0.19347709016258488,10,10,,True
reference,Logistic,2110,0.0027117973541016176,0.00831874258938923,0.018498375487803233,0.04397274355958419,0.1734879162418025,10,10,,True
reference,Logistic,2111,0.0023080712238256304,0.007150826588167288,0.01595041880956826,0.038252921345849615,0.15598847131094976,10,10,,True
reference,Logistic,2112,0.002013813478433991,0.006153559474754997,0.01393172956362036,0.03444673774794861,0.14031212190909853,10,10,,True
reference,Logistic,2113,0.0017098019002995569,0.0053217515425194786,0.012233552113141827,0.030374675708074176,0.12404153131407321,10,10,,True
reference,Logistic,2114,0.001453320886132873,0.00460998931867484,0.010671105668816273,0.026560765527493275,0.1107198738216486,10,10,,True
reference,Logistic,2115,0.0012814151922319016,0.00398144188824699,0.009308821735538118,0.023939285129601463,0.10112836047600811,10,10,,True
reference,Logistic,2116,0.0011036440757179633,0.0034713681034780003,0.00814649992582237,0.02175415157041903,0.09147942869124101,10,10,,True
reference,Logistic,2117,0.0009391189359630219,0.0030022189081655693,0.007139404668731402,0.01912613376157826,0.08114342008619904,10,10,,True
reference,Logistic,2118,0.000815260231686686,0.002579058527707665,0.006275064762045195,0.01692787866241015,0.07278588622134839,10,10,,True
reference,Logistic,2119,0.0007033559852860788,0.0022368106848588854,0.005532765649899906,0.014917581916811144,0.06653994389838035,10,10,,True
reference,Logistic,2120,0.0006076277641235581,0.001956570171684358,0.004821816456835309,0.012988730975824809,0.059820200708610646,10,10,,True
reference,Logistic,2121,0.0005217883226453189,0.0017055989313920778,0.004177150977472821,0.01150291338777246,0.053968261351501484,10,10,,True
reference,Logistic,2122,0.00044653603864251853,0.0014751215663932802,0.003645767548073349,0.009976584113435695,0.04887911512837714,10,10,,True
reference,Logistic,2123,0.0003831247163669669,0.0012739441013112605,0.003184444772279739,0.008751154161712824,0.044445324735496096,10,10,,True
reference,Logistic,2124,0.000325508604070344,0.0011037859965566002,0.002748700829659732,0.007787924901949168,0.039975107699950656,10,10,,True
reference,Logistic,2125,0.00028231374462436506,0.000952493257338318,0.0023903230285625974,0.006979336178529994,0.03635045251960566,10,10,,True
reference,Logistic,2126,0.00024710469537514505,0.0008085201612248725,0.0020852765250734063,0.006134543986647676,0.03239752281285521,10,10,,True
reference,Logistic,2127,0.00021236429239887615,0.0007074955000789028,0.0018137542201433262,0.005489806189081769,0.02927564062512683,10,10,,True
reference,Logistic,2128,0.00018235958423994106,0.0006082010088952954,0.0015949610093950847,0.004831002183318008,0.026464501734498564,10,10,,True
reference,Logistic,2129,0.00015603429417371367,0.000530078317778254,0.0013932302824263623,0.0043048356655358035,0.024751313259361345,10,10,,True
reference,Logistic,2130,0.00013391659425093127,0.0004646310622797071,0.0012253229607878569,0.0038743212539671156,0.022475874744527943,10,10,,True
reference,Logistic,2131,0.00011482604596239006,0.0004040116207056025,0.0010642664193861564,0.0035124687719094868,0.020545662727572935,10,10,,True
reference,Logistic,2132,9.784603957449084e-05,0.00034910479442581434,0.0009379941920350961,0.0031077227197869985,0.018894582444410012,10,10,,True
reference,Logistic,2133,8.349308131166619e-05,0.0003085126615688484,0.0008192565703156367,0.0027889644877465004,0.017181809567427344,10,10,,True
reference,Logistic,2134,7.128618306692781e-05,0.00027190450372391653,0.0007125947382853144,0.002469691812788474,0.015524822282868268,10,10,,True
reference,Logistic,2135,6.082171839143903e-05,0.00023630294944492148,0.0006262969595719882,0.002182255266699572,0.013946020176369745,10,10,,True
reference,Logistic,2136,5.207887978545018e-05,0.0002071046156286751,0.0005521185066440261,0.0019328748569295076,0.012643878877050365,10,10,,True
reference,Logistic,2137,4.546274423628065e-05,0.0001835298065958443,0.0004860544563044303,0.0017101056946351382,0.011563004593912586,10,10,,True
reference,Logistic,2138,3.8819223031388445e-05,0.0001586283147573032,0.00042906881450501655,0.0015202857096193376,0.010794383130664779,10,10,,True
reference,Logistic,2139,3.320350232840549e-05,0.0001389249861661969,0.0003798290357680567,0.0013276208069204765,0.0099020630612576,10,10,,True
reference,Logistic,2140,2.877456265544337e-05,0.00011905020219298669,0.00033307586656767217,0.0012067776877081277,0.009255055718979211,10,10,,True
reference,Logistic,2141,2.4726301365290646e-05,0.00010481123008628243,0.0002935910468680905,0.0010965018527799714,0.008276009861123465,10,10,,True
reference,Logistic,2142,2.0924758233550523e-05,8.941151243216269e-05,0.00025744444886377786,0.0009685539594312361,0.007623805868265996,10,10,,True
reference,Logistic,2143,1.8075070461346107e-05,7.676327371607622e-05,0.00022681398483544093,0.000862796294506923,0.0070878025267332445,10,10,,True
reference,Logistic,2144,1.5635847569081693e-05,6.689115956252104e-05,0.00019958476144628812,0.0007822972024834024,0.006575768319902206,10,10,,True
reference,Logistic,2145,1.3521860236219348e-05,5.803072932384792e-05,0.0001759459270527568,0.0007016024537968451,0.006100726566165134,10,10,,True
reference,Logistic,2146,1.1532719581839763e-05,5.056817146638782e-05,0.0001547568011083413,0.0006436072235710291,0.005686355072909155,10,10,,True
reference,Logistic,2147,9.750166621691814e-06,4.390602027756522e-05,0.00013622174845020598,0.0005754406243714615,0.005349128738540684,10,10,,True
reference,Logistic,2148,8.391709477229063e-06,3.853877886471362e-05,0.00011999450148070984,0.0005089971779105356,0.004968138648533259,10,10,,True
reference,Logistic,2149,7.142126513172377e-06,3.386249090884646e-05,0.0001060139499132974,0.0004554873414710284,0.004471709275226785,10,10,,True
reference,Logistic,2150,6.086124780544104e-06,2.968642518470183e-05,9.406047045080851e-05,0.0004019021068689471,0.004177548128688892,10,10,,True
reference,Logistic,2151,5.219837963671608e-06,2.6133097004144553e-05,8.263197868861075e-05,0.00035360317386564136,0.0038810490098264714,10,10,,True
reference,Logistic,2152,4.49601748190453e-06,2.2823425487653548e-05,7.308146315717517e-05,0.0003209154580586023,0.003571551209134399,10,10,,True
reference,Logistic,2153,3.874537603348796e-06,1.979313471522896e-05,6.477865316905206e-05,0.0002851513820549421,0.0032680677999981454,10,10,,True
reference,Logistic,2154,3.3406412839929727e-06,1.7362943938955223e-05,5.701146532976149e-05,0.0002549473878680343,0.0030982323999285094,10,10,,True
reference,Logistic,2155,2.8817406143740095e-06,1.536948369444523e-05,5.030703812043379e-05,0.00022607121126645783,0.0028965634496512893,10,10,,True
reference,Logistic,2156,2.4724018902196845e-06,1.3473381319321589e-05,4.422584282295519e-05,0.00020060486986218617,0.0026957471599865905,10,10,,True
reference,Logistic,2157,2.089187383663251e-06,1.1751960706567704e-05,3.9418078719848275e-05,0.00017555427343696485,0.002506295009983619,10,10,,True
reference,Logistic,2158,1.766653963996445e-06,1.0162811684399503e-05,3.5222389657699955e-05,0.0001591096534258758,0.002298161920691379,10,10,,True
reference,Logistic,2159,1.5264132453057763e-06,8.864846610390549e-06,3.129106267266942e-05,0.00014282951082226293,0.002101081149660257,10,10,,True
reference,Logistic,2160,1.3220228754020974e-06,7.699425949426655e-06,2.7499829801016784e-05,0.00012745752626447068,0.0019215023483353032,10,10,,True
reference,Logistic,2161,1.1431822091721961e-06,6.692090373196981e-06,2.4598368809246662e-05,0.00011660228396643344,0.001757973555082657,10,10,,True
reference,Logistic,2162,9.772747197328642e-07,5.80517373867864e-06,2.1988503771403635e-05,0.00010415792704571207,0.0016322262968911673,10,10,,True
reference,Logistic,2163,8.496280640268411e-07,5.049980904460587e-06,1.960136164947668e-05,9.283244869524197e-05,0.0015155023239166975,10,10,,True
reference,Logistic,2164,7.38808551202547e-07,4.407625787691815e-06,1.7470232473542058e-05,8.301915952313007e-05,0.0014212353342094202,10,10,,True
reference,Logistic,2165,6.425747897790283e-07,3.837488513933757e-06,1.541837671161395e-05,7.500668175860421e-05,0.0013065722418092113,10,10,,True
reference,Logistic,2166,5.589874272055314e-07,3.3344655988469075e-06,1.371065446716594e-05,6.734198180169222e-05,0.0011995000179764132,10,10,,True
reference,Logistic,2167,4.86367917732267e-07,2.9274596929587683e-06,1.2139107330713541e-05,5.98843913140735e-05,0.0011025074437699142,10,10,,True
reference,Logistic,2168,4.223439602197188e-07,2.5471641414986544e-06,1.0744269274148902e-05,5.32958438865056e-05,0.001032842364674107,10,10,,True
reference,Logistic,2169,3.594331714089996e-07,2.208426202130315e-06,9.451352919822013e-06,4.8763419126080854e-05,0.000971221224043847,10,10,,True
reference,Logistic,2170,3.0603697815369667e-07,1.9135234526006488e-06,8.418468225886052e-06,4.470236165981662e-05,0.0009056329299859705,10,10,,True
reference,Logistic,2171,2.606303719511331e-07,1.6667022041605356e-06,7.439870179778219e-06,3.9886783523997416e-05,0.0008442270216746465,10,10,,True
reference,Logistic,2172,2.2197714545271537e-07,1.441221045779536e-06,6.643230029865112e-06,3.632031463832347e-05,0.0008030901671490047,10,10,,True
reference,Logistic,2173,1.8907045926922506e-07,1.2651317542484934e-06,5.917149042391216e-06,3.295258130610075e-05,0.0007611836838223109,10,10,,True
reference,Logistic,2174,1.6105393611031388e-07,1.112287293269954e-06,5.225384207022332e-06,2.993616364457646e-05,0.0007213939340585401,10,10,,True
reference,Logistic,2175,1.3719912461232685e-07,9.647217145405e-07,4.650448577141817e-06,2.7042581262067273e-05,0.0006870017658626101,10,10,,True
reference,Logistic,2176,1.1846455073793776e-07,8.334882391570327e-07,4.092994135867317e-06,2.4647620337465955e-05,0.0006346475643738134,10,10,,True
reference,Logistic,2177,1.0283309086303519e-07,7.282514654185062e-07,3.6383819527096014e-06,2.2127959843624887e-05,0.0005974200412960895,10,10,,True
reference,Logistic,2178,8.916304190904625e-08,6.362420456749904e-07,3.2540498116395845e-06,2.0025690826704922e-05,0.000561315211295709,10,10,,True
reference,Logistic,2179,7.663545037130122e-08,5.542951946014413e-07,2.879671031827384e-06,1.8262837615642925e-05,0.0005267986616799426,10,10,,True
reference,Gompertz,2030,0.40152670982587163,0.47193995234450764,0.5172705487863405,0.5557966973684565,0.6040802433966144,10,10,,True
reference,Gompertz,2031,0.4585878755419343,0.5468867041932721,0.607233404350359,0.6625882633429363,0.7304428696986516,10,10,,True
reference,Gompertz,2032,0.5212746406622013,0.6318149305964467,0.7090028734531084,0.7833986101118255,0.8737797202752714,10,10,,True
reference,Gompertz,2033,0.5952975884476487,0.7238114952038353,0.8220502566930614,0.9183412809829435,1.0342560845673618,10,10,,True
reference,Gompertz,2034,0.6672901699085779,0.8244672406022897,0.9464945185422345,1.0695122894665892,1.218256407683782,10,10,,True
reference,Gompertz,2035,0.7532087625753954,0.9342356866967885,1.082323547153838,1.2353343617779422,1.419101756017384,10,10,,True
reference,Gompertz,2036,0.8413369318350165,1.0547241292946319,1.2313851556100397,1.4119458133390559,1.6453327989599664,10,10,,True
reference,Gompertz,2037,0.93893472977143,1.1847373023493066,1.3925901566604928,1.6084934260061945,1.8947648534346948,10,10,,True
reference,Gompertz,2038,1.0423610732127964,1.3239582976138289,1.5625667043649278,1.8164020288282163,2.166791902745017,10,10,,True
reference,Gompertz,2039,1.1560199314596473,1.4698891445759061,1.7429517513134787,2.038407507849479,2.46366888197558,10,10,,True
reference,Gompertz,2040,1.2679873968760622,1.6234338447117946,1.9413173754751882,2.2808831421161453,2.7824797298522963,10,10,,True
reference,Gompertz,2041,1.3846632499810174,1.786513222585476,2.149087118366119,2.53150894468644,3.125612807429371,10,10,,True
reference,Gompertz,2042,1.5071547386085171,1.9584411475984138,2.3598105056758993,2.803152872152179,3.485890753837939,10,10,,True
reference,Gompertz,2043,1.6318952238294724,2.13425161445046,2.5859755378990874,3.088777862673109,3.8777235379030515,10,10,,True
reference,Gompertz,2044,1.7488752524523883,2.3218026574524435,2.8097085147531944,3.3907907385296325,4.273404226697924,10,10,,True
reference,Gompertz,2045,1.8946156344037215,2.5051558211137266,3.046945094002756,3.7034377855208245,4.690515291810346,10,10,,True
reference,Gompertz,2046,2.0389679731157107,2.7021620511113134,3.295802144613705,4.004375123516777,5.105097245190941,10,10,,True
reference,Gompertz,2047,2.1713832140537144,2.894877060131536,3.553266049770413,4.329804421268544,5.534043258277957,10,10,,True
reference,Gompertz,2048,2.3062166515423783,3.075710586453624,3.8092277890586317,4.651566029615587,5.973321484541775,10,10,,True
reference,Gompertz,2049,2.4397019348168216,3.274183061215073,4.062746148309318,4.995616275162236,6.419365048715659,10,10,,True
reference,Gompertz,2050,2.572899580858196,3.478988196156958,4.334167916435295,5.333144076578871,6.864573579163594,10,10,,True
reference,Gompertz,2051,2.702501249856406,3.6824510536120814,4.591206473126978,5.671042327308457,7.302753176841397,10,10,,True
reference,Gompertz,2052,2.8170028571365013,3.8832608155498876,4.85150752078342,6.0173280715220745,7.737417736963425,10,10,,True
reference,Gompertz,2053,2.9596381228691646,4.073318529738857,5.1028827604565254,6.347723548135329,8.145062901708943,10,10,,True
reference,Gompertz,2054,3.074433659807181,4.253988626724482,5.366071197502361,6.672605288222688,8.553360004859178,10,10,,True
reference,Gompertz,2055,3.204627872509194,4.422636390079789,5.61145525974491,6.985468489656706,8.927113591674258,10,10,,True
reference,Gompertz,2056,3.324339831577091,4.600754468372495,5.8695611718537055,7.306693599048128,9.302224859655436,10,10,,True
reference,Gompertz,2057,3.421143807447301,4.766025999761188,6.108396989964034,7.614853583113414,9.693923472912749,10,10,,True
reference,Gompertz,2058,3.5246413648480965,4.931011468581596,6.339040515451442,7.917529449071374,10.05417155735493,10,10,,True
reference,Gompertz,2059,3.623498927563633,5.087854444838618,6.5791337023699334,8.214787624428201,10.381141870224774,10,10,,True
reference,Gompertz,2060,3.7197334490531557,5.2675664185517626,6.776265115020843,8.476917453872838,10.767994461874082,10,10,,True
reference,Gompertz,2061,3.7982573343170416,5.41957184082494,6.977828332816562,8.737143027336142,11.15936909539736,10,10,,True
reference,Gompertz,2062,3.862238201217159,5.5304543692327695,7.16024898670856,8.968759598679217,11.477176698867817,10,10,,True
reference,Gompertz,2063,3.917669852774727,5.63687098282019,7.3222801963609285,9.194079812849075,11.808133829945298,10,10,,True
reference,Gompertz,2064,3.969375958776864,5.743926568380313,7.497008464680856,9.41691322079739,12.101457621928445,10,10,,True
reference,Gompertz,2065,4.012149504496542,5.850824909395667,7.6511663216476435,9.627794867469976,12.368790713855898,10,10,,True
reference,Gompertz,2066,4.064340601294476,5.951773103618782,7.79736867429779,9.81611375873202,12.588717366065396,10,10,,True
reference,Gompertz,2067,4.09428569453624,6.01282278941129,7.972950293005235,9.960806729334355,12.816458723779828,10,10,,True
reference,Gompertz,2068,4.107916898140575,6.065648502819467,8.097199466966897,10.076092699008665,13.077980824498695,10,10,,True
reference,Gompertz,2069,4.132928562291255,6.134489597490701,8.200789875908868,10.198670920810514,13.341739764026705,10,10,,True
reference,Gompertz,2070,4.146830632993123,6.19054860520791,8.288689909625308,10.332981217861963,13.50151502341028,10,10,,True
reference,Gompertz,2071,4.145994003633115,6.229678651695917,8.359065218222145,10.445857504016935,13.650713498146795,10,10,,True
reference,Gompertz,2072,4.127049965956492,6.306946879892674,8.413953304750343,10.541861466331373,13.779988651303988,10,10,,True
reference,Gompertz,2073,4.104993546340052,6.318482895726786,8.458630921608965,10.626951675651515,13.885582429442413,10,10,,True
reference,Gompertz,2074,4.101829856858484,6.357706804205362,8.511302630759964,10.692207133947338,14.028790708877384,10,10,,True
reference,Gompertz,2075,4.088768492497349,6.381403277439201,8.520871889456474,10.732665905162524,14.063542570333409,10,10,,True
reference,Gompertz,2076,4.071456848772952,6.363770552628202,8.529463027948328,10.758384114760766,14.116140953448411,10,10,,True
reference,Gompertz,2077,4.020839992912505,6.3425647930320554,8.528403603208613,10.753906506723064,14.10711077587305,10,10,,True
reference,Gompertz,2078,3.982657704419955,6.315502531802247,8.528455051239849,10.74447888892065,14.098571445622838,10,10,,True
reference,Gompertz,2079,3.957704370698259,6.2971225980741945,8.505314422093935,10.711065368776355,14.036888609590362,10,10,,True
reference,Gompertz,2080,3.8908416049383128,6.2618086231040175,8.471754567602638,10.708489625789568,13.988259107161273,10,10,,True
reference,Gompertz,2081,3.847298021392341,6.207943713067574,8.433197824262692,10.685078627467991,13.906562801792193,10,10,,True
reference,Gompertz,2082,3.803467497029501,6.144854518058278,8.392524873701992,10.615536006996017,13.80522784112127,10,10,,True
reference,Gompertz,2083,3.7658616283703665,6.084435459087331,8.343974801542611,10.546708876828887,13.702536671318297,10,10,,True
reference,Gompertz,2084,3.6910435155071584,6.028952588759346,8.293629818137335,10.445019942112328,13.596603227669991,10,10,,True
reference,Gompertz,2085,3.6236825509240322,5.9462470139034345,8.227800427248212,10.391843599701973,13.43758025497064,10,10,,True
reference,Gompertz,2086,3.595764902375409,5.868372443508831,8.130990464001787,10.323343891436028,13.30302176028529,10,10,,True
reference,Gompertz,2087,3.539447803797256,5.805778007559132,8.052863403722252,10.247331835145896,13.147813165655224,10,10,,True
reference,Gompertz,2088,3.480603936771286,5.734739527355317,7.958133614612254,10.122805920723472,13.039839249571601,10,10,,True
reference,Gompertz,2089,3.4180201421055756,5.65624096343196,7.846759080811173,9.98841247847867,12.937100949151501,10,10,,True
reference,Gompertz,2090,3.3518145501611825,5.588879448076142,7.752188171461716,9.875159131925464,12.791622813029754,10,10,,True
reference,Gompertz,2091,3.2849661661423553,5.505577953381386,7.653974009413343,9.739052583254097,12.596321029873295,10,10,,True
reference,Gompertz,2092,3.217587508563178,5.411580136972596,7.558141361749759,9.559235377677503,12.433289379173292,10,10,,True
reference,Gompertz,2093,3.1490819113495836,5.3046472662608375,7.433235296371473,9.409436122418144,12.370603309201917,10,10,,True
reference,Gompertz,2094,3.0779766965422786,5.210098376667672,7.287594062690005,9.244557376712093,12.199033019537298,10,10,,True
reference,Gompertz,2095,3.008817942336993,5.110903082141913,7.185322120727342,9.09205254230445,11.991919470730721,10,10,,True
reference,Gompertz,2096,2.9301575910872697,5.015734168364251,7.066737520278361,8.931779954700957,11.813954020928369,10,10,,True
reference,Gompertz,2097,2.8613775524617306,4.91522678812356,6.934442026820255,8.773801881803024,11.603109246564836,10,10,,True
reference,Gompertz,2098,2.80972412527663,4.812247191927138,6.806578825563788,8.618946434757072,11.397042735129519,10,10,,True
reference,Gompertz,2099,2.7431148745701655,4.697590127716788,6.677514900409728,8.459390493610895,11.204441776153534,10,10,,True
reference,Gompertz,2100,2.676021392493461,4.579571428996836,6.539688950740206,8.288798097459145,11.017653059377636,10,10,,True
reference,Gompertz,2101,2.6098073150670125,4.493655258565839,6.415163846525475,8.140199022712553,10.807951450363506,10,10,,True
reference,Gompertz,2102,2.5444216641394015,4.41133190676552,6.291033321240758,7.962388617934116,10.589078580499574,10,10,,True
reference,Gompertz,2103,2.4670653234794186,4.311125553396181,6.135696496781534,7.823368021088518,10.409263641141594,10,10,,True
reference,Gompertz,2104,2.3950645089000178,4.2094606796221425,5.998356417953842,7.667269019930327,10.194918774574875,10,10,,True
reference,Gompertz,2105,2.331324459536681,4.1106964868581635,5.865312369434337,7.476273887935655,9.984726833393525,10,10,,True
reference,Gompertz,2106,2.268790375811703,4.019520122168342,5.742934602850511,7.3061352686838585,9.774739357268775,10,10,,True
reference,Gompertz,2107,2.207248556342163,3.9351044780812483,5.620504306456385,7.16090924820144,9.564906331480342,10,10,,True
reference,Gompertz,2108,2.146739731049965,3.8347090153028676,5.478584632419167,7.01106304725614,9.391539576727553,10,10,,True
reference,Gompertz,2109,2.0839122930741385,3.719266408739461,5.329344659848697,6.863675371867513,9.182453931963448,10,10,,True
reference,Gompertz,2110,2.0205543346298835,3.625217872453233,5.192737065914823,6.7101461050571505,9.028918051967134,10,10,,True
reference,Gompertz,2111,1.9551811677054656,3.535940753226963,5.067441712237186,6.561752369040961,8.844259414952631,10,10,,True
reference,Gompertz,2112,1.890780210997769,3.4397206625312884,4.9316514279091255,6.420675831028397,8.656449310702614,10,10,,True
reference,Gompertz,2113,1.8406482203342125,3.351598726445612,4.807512947575296,6.286029943407104,8.494758335166427,10,10,,True
reference,Gompertz,2114,1.7804945472642113,3.2638105083052604,4.6706898635151415,6.133140883767164,8.304035730153723,10,10,,True
reference,Gompertz,2115,1.7308487053936965,3.173492573891256,4.5418446140239475,5.992031529697108,8.142096999296626,10,10,,True
reference,Gompertz,2116,1.676549521182106,3.0821337640808655,4.4120516604732,5.838393650153857,7.935168147897316,10,10,,True
reference,Gompertz,2117,1.6239708298635052,2.999350327353002,4.284213705621258,5.686685627317532,7.750959381396125,10,10,,True
reference,Gompertz,2118,1.5746670771879894,2.9074442918914016,4.158838207969877,5.547771980873648,7.571511757688801,10,10,,True
reference,Gompertz,2119,1.522485333194965,2.8179801853059327,4.03591288601733,5.394330025068134,7.376790436419787,10,10,,True
reference,Gompertz,2120,1.4731727723656738,2.726122607820824,3.928698400631305,5.244361044893157,7.180401472200404,10,10,,True
reference,Gompertz,2121,1.4256855622643967,2.638695671832618,3.823844131517735,5.10522220558654,7.004371341097896,10,10,,True
reference,Gompertz,2122,1.3796855395622671,2.5558215578836996,3.731793815631008,4.984873170020124,6.81439115144292,10,10,,True
reference,Gompertz,2123,1.3359823534227215,2.48022829384573,3.6109546460968898,4.863219069949322,6.6405181921628555,10,10,,True
reference,Gompertz,2124,1.2906877384084856,2.3991935196299443,3.5119931178962434,4.737907850167545,6.462892142755268,10,10,,True
reference,Gompertz,2125,1.2478630086659193,2.321863823296523,3.406037236281713,4.597102149428081,6.322556779274815,10,10,,True
reference,Gompertz,2126,1.2000303799968726,2.2411475113072994,3.304822957351685,4.458057358349976,6.169869984640397,10,10,,True
reference,Gompertz,2127,1.1535437649597369,2.165200982746776,3.2064572048692153,4.321853488794036,5.992309671005458,10,10,,True
reference,Gompertz,2128,1.1151445297792681,2.0883701757936532,3.1193485883286964,4.191812018518508,5.839637697423083,10,10,,True
reference,Gompertz,2129,1.0733077905658677,2.0270147281838713,3.0338339655489768,4.066767319098973,5.695285068050689,10,10,,True
reference,Gompertz,2130,1.034951668406785,1.9647545224745129,2.943370815782208,3.9463751537551914,5.552877554438557,10,10,,True
reference,Gompertz,2131,1.0043534340378506,1.9105119558528325,2.855918311435492,3.834201822478571,5.390562233767814,10,10,,True
reference,Gompertz,2132,0.9746092564140583,1.8560958857521703,2.768112739953474,3.726002630916457,5.228804971193514,10,10,,True
reference,Gompertz,2133,0.9462265431594461,1.799019580014882,2.680949668132102,3.623621393129299,5.0710199562851255,10,10,,True
reference,Gompertz,2134,0.9135592119491286,1.7426261282966464,2.603049842954665,3.5242123750397547,4.941478960394416,10,10,,True
reference,Gompertz,2135,0.883416240198187,1.6951438520053865,2.5238831446859153,3.4197243271064885,4.8288202489499925,10,10,,True
reference,Gompertz,2136,0.855484071616229,1.639411489737137,2.4489658636252343,3.321860238953501,4.676455215834783,10,10,,True
reference,Gompertz,2137,0.8259316909985454,1.5872463368485294,2.3684364934691837,3.2219589027765956,4.525487930289264,10,10,,True
reference,Gompertz,2138,0.7975851653924831,1.5375043727528066,2.293656137100113,3.132210480469798,4.380973250190947,10,10,,True
reference,Gompertz,2139,0.7702824065689894,1.485638044736098,2.2185059796135893,3.037877139864235,4.257131609943353,10,10,,True
reference,Gompertz,2140,0.7440463282750662,1.4362294182382414,2.1435335063303453,2.9503937344421636,4.143752711229492,10,10,,True
reference,Gompertz,2141,0.7225658269107202,1.3899614047000237,2.071279151509364,2.858323546789862,4.032559819068311,10,10,,True
reference,Gompertz,2142,0.6974401889645007,1.3438352808892557,2.0059784037515804,2.762689878656648,3.9237427523070894,10,10,,True
reference,Gompertz,2143,0.6710638478159835,1.2958389795124732,1.9423946445735418,2.6718019976869583,3.8158639355234434,10,10,,True
reference,Gompertz,2144,0.6456473482111988,1.2563957799112901,1.8734521496058796,2.5889902970843277,3.70484661814723,10,10,,True
reference,Gompertz,2145,0.6229016248424777,1.2221225336480581,1.8096459978150499,2.5111148792752287,3.602555933973747,10,10,,True
reference,Gompertz,2146,0.6009853118462921,1.1798010775846164,1.750571763118719,2.433553457711115,3.502544284478872,10,10,,True
reference,Gompertz,2147,0.5798060668435715,1.14378979088408,1.6976296902917494,2.3597402884986227,3.404792697055595,10,10,,True
reference,Gompertz,2148,0.5593419646807282,1.1057710232504787,1.6381489909108975,2.287027773914424,3.3039145528094522,10,10,,True
reference,Gompertz,2149,0.5395715025497543,1.0677408357536955,1.5854411684379834,2.2155289491363566,3.2152944083937016,10,10,,True
reference,Gompertz,2150,0.5205232012384476,1.029135732595472,1.5341756224291059,2.1444772814832564,3.111156208832643,10,10,,True
reference,Gompertz,2151,0.5021853089368605,0.9929358143725677,1.48137362593337,2.0776660748199367,3.007530665739174,10,10,,True
reference,Gompertz,2152,0.4844717740264103,0.9598060318704431,1.434966154720729,2.006724763928086,2.924598034962345,10,10,,True
reference,Gompertz,2153,0.46736325133185963,0.9303118777189369,1.3874654836884481,1.941834481734274,2.847604289920718,10,10,,True
reference,Gompertz,2154,0.45085305069032405,0.9017785062764566,1.3399707849555766,1.8776672425253547,2.772279379630914,10,10,,True
reference,Gompertz,2155,0.4349140943174678,0.8697193884862832,1.2943118236330422,1.8194733544929922,2.698609081200789,10,10,,True
reference,Gompertz,2156,0.4191687891881001,0.8364434562288148,1.252892151026904,1.7622836123156538,2.62657775341243,10,10,,True
reference,Gompertz,2157,0.4028757003109639,0.8061669615004521,1.2152272563371174,1.7057836058292037,2.5557064564460976,10,10,,True
reference,Gompertz,2158,0.38815543415848597,0.7785353448426776,1.1755529481656186,1.650766686147695,2.477220091877596,10,10,,True
reference,Gompertz,2159,0.3747419725997079,0.750775955330132,1.1328432019716845,1.5975528341195462,2.3990572558558347,10,10,,True
reference,Gompertz,2160,0.36187585161883845,0.7235592743451987,1.0932102875197114,1.5466215846183138,2.331802435656111,10,10,,True
reference,Gompertz,2161,0.34893540459867084,0.6974354335084313,1.0545000264721136,1.4978878630731294,2.261472116468936,10,10,,True
reference,Gompertz,2162,0.3342838646882978,0.674945960191595,1.016489618170906,1.451259194775108,2.192528845717092,10,10,,True
reference,Gompertz,2163,0.32024436994828537,0.6499234967110523,0.9832582396908799,1.4060015504074184,2.128521335030363,10,10,,True
reference,Gompertz,2164,0.306845919187357,0.6259952896479889,0.95179137739163,1.3613155191294792,2.064151199601443,10,10,,True
reference,Gompertz,2165,0.2969353180743201,0.6038451527280351,0.9207395274882723,1.3162241647442472,2.002303014114226,10,10,,True
reference,Gompertz,2166,0.2888039173213664,0.5825219315782233,0.8871226645716099,1.2736048844631205,1.9421132980414033,10,10,,True
reference,Gompertz,2167,0.280888817266446,0.5628150058535076,0.8562762164113269,1.2312454673228803,1.8835884254801718,10,10,,True
reference,Gompertz,2168,0.27127480420353156,0.5440635716245599,0.8276085008932991,1.1909152582135376,1.8266917808389662,10,10,,True
reference,Gompertz,2169,0.26161848317567893,0.525744709880725,0.8009941651943269,1.1528305926551816,1.770570963443047,10,10,,True
reference,Gompertz,2170,0.2523046711919662,0.5077947574342218,0.7740449049478446,1.1158842627540368,1.714386375631187,10,10,,True
reference,Gompertz,2171,0.24434159785684495,0.4908155328409589,0.7494398154784987,1.0800912659921291,1.6599076335849636,10,10,,True
reference,Gompertz,2172,0.23676459468834968,0.47400033375193706,0.723166273339868,1.04468238090331,1.607088532535817,10,10,,True
reference,Gompertz,2173,0.22911446273191952,0.45702077746260356,0.6968501735449038,1.0099344982945997,1.5558923499896535,10,10,,True
reference,Gompertz,2174,0.22118291683872318,0.4402585318950243,0.6724199654027389,0.9758428517375364,1.5127348614123104,10,10,,True
reference,Gompertz,2175,0.21323100460237143,0.42582125731516984,0.6490045546068834,0.9433138681344069,1.471706384926857,10,10,,True
reference,Gompertz,2176,0.20557547968486495,0.412088368866621,0.6270166383551453,0.9139976439269206,1.424310274781361,10,10,,True
reference,Gompertz,2177,0.19832261165036114,0.3978887298770674,0.6057637712779663,0.8860621055840374,1.3775270832466144,10,10,,True
reference,Gompertz,2178,0.1909901260778603,0.3849146980349245,0.5846595658174802,0.8578915590496102,1.3357711999227564,10,10,,True
reference,Gompertz,2179,0.18404905999708515,0.3717597306371426,0.5649172348609004,0.8293175811574182,1.2960310592799766,10,10,,True
minimum,Logistic,2030,0.14483182773229772,0.1734835842327389,0.1903857475959479,0.2046344149639903,0.22047133773738045,10,10,,True
minimum,Logistic,2031,0.15303526290117347,0.18483018933516257,0.20391840769213793,0.2201653430984173,0.23868862534273463,10,10,,True
minimum,Logistic,2032,0.1620285505615258,0.1966724932211132,0.2182653487771468,0.2366108356973075,0.25781258791193834,10,10,,True
minimum,Logistic,2033,0.1714849292051769,0.2091866023253264,0.2330640081445866,0.2539074844281719,0.27823378531102,10,10,,True
minimum,Logistic,2034,0.18099825964043623,0.222000215655573,0.24876092668016497,0.27229711180915106,0.2998115609031939,10,10,,True
minimum,Logistic,2035,0.19109761585134985,0.2357561247284759,0.26562820140843535,0.291540573154235,0.3228182641364181,10,10,,True
minimum,Logistic,2036,0.20140885797143576,0.24971993287459143,0.2825523341711529,0.31149721492802135,0.34650268587125055,10,10,,True
minimum,Logistic,2037,0.21207062086332162,0.2638739701631434,0.30054738152409965,0.33236227990560435,0.37115512145434637,10,10,,True
minimum,Logistic,2038,0.22306849318210087,0.2790252906788224,0.31942687170121353,0.3534706711730384,0.3966253635470972,10,10,,True
minimum,Logistic,2039,0.23456510482819665,0.2946780281840797,0.33922352450088267,0.3763597677019789,0.4230408374644766,10,10,,True
minimum,Logistic,2040,0.24649280000670648,0.3105512757401192,0.35909766178069147,0.39957722734229284,0.44956250714536533,10,10,,True
minimum,Logistic,2041,0.2579137258590738,0.3270530904352177,0.3788616765436528,0.4240381387984953,0.476309082116749,10,10,,True
minimum,Logistic,2042,0.2701372645099703,0.3437878346001078,0.3992705240563327,0.44715989366806635,0.5032008334828336,10,10,,True
minimum,Logistic,2043,0.28249458228628727,0.36003452497659216,0.42005345435511754,0.4710486376579938,0.5310545483880355,10,10,,True
minimum,Logistic,2044,0.29507559598174027,0.37718065129162953,0.44124808481950395,0.4960153122793766,0.5591572922988257,10,10,,True
minimum,Logistic,2045,0.3073624285408269,0.3936118678287287,0.46173935311953407,0.5196125446721092,0.5870970220508267,10,10,,True
minimum,Logistic,2046,0.3197351469640777,0.4106324623844184,0.48153330852488796,0.5443214471297826,0.6157607551338392,10,10,,True
minimum,Logistic,2047,0.33197230953984,0.4251883434536896,0.5018016725996091,0.5675401828155857,0.6431942313569629,10,10,,True
minimum,Logistic,2048,0.34292030617847524,0.4403909616885377,0.5208723886520743,0.5913947662814343,0.6690270190269634,10,10,,True
minimum,Logistic,2049,0.3554888537576702,0.4560737991265731,0.5376386548303067,0.6115257845740931,0.695521240353849,10,10,,True
minimum,Logistic,2050,0.36572964097892197,0.4685516288265404,0.5539582144031969,0.6325101341639341,0.7209508388921618,10,10,,True
minimum,Logistic,2051,0.3760487046056216,0.4808888533287363,0.5693842457402151,0.6504876647407978,0.7473108291967144,10,10,,True
minimum,Logistic,2052,0.3844704353884253,0.4944283012168985,0.5850328946017062,0.668525763544439,0.7716917435000653,10,10,,True
minimum,Logistic,2053,0.3926116565562454,0.5055535952713988,0.5973246882111675,0.6851356190308261,0.7948130620035379,10,10,,True
minimum,Logistic,2054,0.39717698474057495,0.5150992729532203,0.6096443516682054,0.7006300128897716,0.811654047686647,10,10,,True
minimum,Logistic,2055,0.40451436388159867,0.5225888645871153,0.6190198403668733,0.7109784216890194,0.830958319446401,10,10,,True
minimum,Logistic,2056,0.4091527586362215,0.5284195645393482,0.6283220371774938,0.7224968691973149,0.8533856223478125,10,10,,True
minimum,Logistic,2057,0.4126365280558115,0.5324438601524197,0.6342521539299805,0.7310930524398089,0.8739586363870846,10,10,,True
minimum,Logistic,2058,0.4143153227707269,0.5372050089817356,0.6389399598935634,0.740201249315064,0.8915449582299435,10,10,,True
minimum,Logistic,2059,0.4177630170328984,0.5380793899473116,0.6388452084280436,0.7456427024492388,0.903595331925073,10,10,,True
minimum,Logistic,2060,0.41508677999654453,0.5373130414086049,0.6373253280514029,0.7494586188854823,0.9226248725504652,10,10,,True
minimum,Logistic,2061,0.4140003381263717,0.535467340878415,0.6345218524245767,0.7484060689388451,0.9394295549740426,10,10,,True
minimum,Logistic,2062,0.4124427826706237,0.5307047965410643,0.6288002362295402,0.7515974004501597,0.9498181666467608,10,10,,True
minimum,Logistic,2063,0.4088126593058794,0.5250769690044754,0.6258408860242103,0.751353472967348,0.9594226398960558,10,10,,True
minimum,Logistic,2064,0.40467106948103,0.5213175932966277,0.6212912358144752,0.7528226436418475,0.9639593859544123,10,10,,True
minimum,Logistic,2065,0.3997449222550215,0.5104052761447848,0.6130267681800738,0.7498400139527346,0.9679794869067491,10,10,,True
minimum,Logistic,2066,0.39395946950991584,0.5017713900240215,0.6035708479770374,0.7439427636184521,0.9699076043618715,10,10,,True
minimum,Logistic,2067,0.38419928317293894,0.49053186258357995,0.591733123430801,0.7412443482861388,0.9714529841114444,10,10,,True
minimum,Logistic,2068,0.37115659666815215,0.4797805204209723,0.5805644290963128,0.7327097502815407,0.9804550906150438,10,10,,True
minimum,Logistic,2069,0.3590907838995925,0.46548227605512893,0.5676315844891079,0.7238771820409989,0.9860087217826442,10,10,,True
minimum,Logistic,2070,0.34745203701524113,0.45343017012876635,0.5554867899054595,0.7192733015659682,0.9778772225822939,10,10,,True
minimum,Logistic,2071,0.3351363161535098,0.4419448574876437,0.5454046174633038,0.7088687804954814,0.96939272683835,10,10,,True
minimum,Logistic,2072,0.3236168494532134,0.42916993562623307,0.5293692012787644,0.694064400598956,0.9669584584849361,10,10,,True
minimum,Logistic,2073,0.3123158557264407,0.4118976159522455,0.5150843786072108,0.6833073860341005,0.9586607645046125,10,10,,True
minimum,Logistic,2074,0.2984166173709456,0.39746787578262643,0.5043580610823986,0.666222162669032,0.9552140506707533,10,10,,True
minimum,Logistic,2075,0.28234546974435093,0.3803714487815034,0.48769688543001316,0.6550793248215232,0.9491968769644504,10,10,,True
minimum,Logistic,2076,0.26905634790737665,0.3667886268542619,0.47117174026769193,0.6396676867257213,0.9407695195202099,10,10,,True
minimum,Logistic,2077,0.25545579235130345,0.3523970568867967,0.45573467353691544,0.6239784653699721,0.9299761648556802,10,10,,True
minimum,Logistic,2078,0.24379301502890938,0.33690822974529866,0.43808137130156816,0.6065505518337458,0.9144405479134187,10,10,,True
minimum,Logistic,2079,0.23067632546947542,0.32013787294139234,0.42215337711063716,0.5884618104337411,0.9029931305526236,10,10,,True
minimum,Logistic,2080,0.21785504234639935,0.30429846776420655,0.40720468267922494,0.5653216369707402,0.8863186577203188,10,10,,True
minimum,Logistic,2081,0.20665729343914652,0.2897294353367902,0.3916126626351628,0.5500354303343346,0.8747275395007157,10,10,,True
minimum,Logistic,2082,0.1957739982545649,0.27482224055473503,0.3754551359122171,0.5313429044670306,0.8467676962923743,10,10,,True
minimum,Logistic,2083,0.18349037657787984,0.26155806710885654,0.35716635586265955,0.5146766040527275,0.824069698164315,10,10,,True
minimum,Logistic,2084,0.17240023655045725,0.25010362472162306,0.34124423827693834,0.49617442802450196,0.8065359047006351,10,10,,True
minimum,Logistic,2085,0.16239631336317775,0.2363644558011708,0.324838193815359,0.4737786979840912,0.7884355495098362,10,10,,True
minimum,Logistic,2086,0.15196535393677627,0.22392947799709492,0.3085346131452117,0.45730496992105896,0.7715311076811148,10,10,,True
minimum,Logistic,2087,0.14162291293857174,0.21117275838687563,0.2950160327060171,0.4399855766591983,0.740402854103061,10,10,,True
minimum,Logistic,2088,0.13284903507163376,0.1993307429395324,0.2812622198631395,0.42265382092293147,0.7237635359511123,10,10,,True
minimum,Logistic,2089,0.12466033684051923,0.1882867591954421,0.2688742553521681,0.40483789575099854,0.7085682629509257,10,10,,True
minimum,Logistic,2090,0.11630586613715048,0.17780750482496377,0.255783901107196,0.3874631372367762,0.6975289868125685,10,10,,True
minimum,Logistic,2091,0.10938258312665435,0.1683675869233808,0.24305547124646032,0.36953268012339,0.6694384024469242,10,10,,True
minimum,Logistic,2092,0.1021271948153842,0.1591035032988733,0.23203759261380014,0.3522553006774461,0.644425011774207,10,10,,True
minimum,Logistic,2093,0.09486745521541863,0.15023743072176407,0.22021006980220392,0.3343447729779985,0.622457814323174,10,10,,True
minimum,Logistic,2094,0.08840518428137767,0.14208380141452837,0.20828735841844814,0.3173357503566163,0.6042281709625617,10,10,,True
minimum,Logistic,2095,0.0821665022375823,0.1339830866863348,0.19815164304014682,0.2988656275210582,0.5793780729182101,10,10,,True
minimum,Logistic,2096,0.07605134328056366,0.12584711811100097,0.18753182137760113,0.2840545991655669,0.5569882014233706,10,10,,True
minimum,Logistic,2097,0.07029758547157823,0.11787427662131239,0.17650846084786395,0.2718702055062453,0.5312399098111132,10,10,,True
minimum,Logistic,2098,0.06513762235844907,0.1100419281027141,0.16542662251284573,0.25882565529633605,0.5083150189756217,10,10,,True
minimum,Logistic,2099,0.06030773530653722,0.10338406987293951,0.15816979371918866,0.2480297183502072,0.4853581692313062,10,10,,True
minimum,Logistic,2100,0.055958693551867326,0.09658400967544375,0.1495971755162775,0.23673340672713167,0.46904691611428395,10,10,,True
minimum,Logistic,2101,0.05198967402498501,0.09033331871128664,0.14024267438438634,0.2241442474226669,0.4513210408420754,10,10,,True
minimum,Logistic,2102,0.04837866326016757,0.08477222018842048,0.13325737892827977,0.2111827755196074,0.42798862845730024,10,10,,True
minimum,Logistic,2103,0.045044438677511296,0.07902683400579888,0.12540657488688864,0.1988710196371634,0.41149699160482045,10,10,,True
minimum,Logistic,2104,0.04195457324607985,0.07396570649606575,0.11768388122117315,0.1879031723274418,0.393818579790967,10,10,,True
minimum,Logistic,2105,0.0390289165478736,0.0691657133909965,0.11070655007386623,0.17544462651176426,0.3711034115806276,10,10,,True
minimum,Logistic,2106,0.036232908346307435,0.06429657798834594,0.10411425277293175,0.165829011679685,0.3488628081276588,10,10,,True
minimum,Logistic,2107,0.03387636205306172,0.06012692867877672,0.09782104495010605,0.15825400186217198,0.33129521608006285,10,10,,True
minimum,Logistic,2108,0.031534770901733726,0.05649643257061951,0.09239729778640973,0.14901958041040383,0.3188378941870039,10,10,,True
minimum,Logistic,2109,0.029176525087133257,0.05276050208280855,0.08689728829505222,0.14159713023569892,0.30104666770896343,10,10,,True
minimum,Logistic,2110,0.027304682938770922,0.049026281248274024,0.08150646050608723,0.1330472685397885,0.28838237239551906,10,10,,True
minimum,Logistic,2111,0.025221727425177153,0.0456157483687171,0.0766681676622864,0.12587799264659358,0.27475980354278434,10,10,,True
minimum,Logistic,2112,0.02330897124350987,0.04249004238852696,0.07225952434567515,0.11913480504366616,0.2613626467760128,10,10,,True
minimum,Logistic,2113,0.02160019485260325,0.03972350082854338,0.06767433717404206,0.11264065784097749,0.2519926747902351,10,10,,True
minimum,Logistic,2114,0.0201246700013546,0.03722683032154279,0.06331873160691319,0.10606399098802516,0.24249114258361384,10,10,,True
minimum,Logistic,2115,0.01862912752796322,0.034626328476561996,0.059768849522517514,0.09960683596631376,0.23273950343332586,10,10,,True
minimum,Logistic,2116,0.01715829751585932,0.032314662692104604,0.05599601969428998,0.09351804482189377,0.22038513082897504,10,10,,True
minimum,Logistic,2117,0.015896548766098164,0.030129750117797692,0.05213418965670888,0.0880778248106161,0.21026489325532205,10,10,,True
minimum,Logistic,2118,0.014678817147574089,0.027985546582257947,0.04882642078219204,0.08306785248054833,0.2003016358865915,10,10,,True
minimum,Logistic,2119,0.013572245614185904,0.02598610107704016,0.04544028146856861,0.0793158009638181,0.1923614208790148,10,10,,True
minimum,Logistic,2120,0.012534043407035626,0.02419781975836642,0.042474565895237654,0.07445522391584254,0.18139378577295723,10,10,,True
minimum,Logistic,2121,0.011674787590249678,0.02253212316633044,0.039557650513625336,0.07042555175656812,0.17066444396399263,10,10,,True
minimum,Logistic,2122,0.010800146285601955,0.021031634504435504,0.03697024534295541,0.06664281315506117,0.16000391086801766,10,10,,True
minimum,Logistic,2123,0.009982240536170186,0.019656949785707204,0.03455411489020171,0.0626236463243359,0.15235878854794135,10,10,,True
minimum,Logistic,2124,0.009211203847125198,0.018319167673495753,0.03244777571625615,0.05908003821982477,0.14719880536017957,10,10,,True
minimum,Logistic,2125,0.008492328826223734,0.017102794902908756,0.030448705884882424,0.05580018712613333,0.13977765198064196,10,10,,True
minimum,Logistic,2126,0.00779490655133849,0.016078846357003504,0.028513372382392273,0.05262155468074957,0.13138342615210558,10,10,,True
minimum,Logistic,2127,0.0072217176220160184,0.014950855331972351,0.026517311492206354,0.04945450992248409,0.12301595839287864,10,10,,True
minimum,Logistic,2128,0.006660186192768197,0.013904424657353314,0.024619819847313713,0.04675219401344752,0.11652965899620181,10,10,,True
minimum,Logistic,2129,0.006142331024477783,0.012932342901360045,0.023028920839904474,0.04408761628700024,0.11013642131572335,10,10,,True
minimum,Logistic,2130,0.005664775794874122,0.011972899536545609,0.021649918082604434,0.041352785810369865,0.10368243679935397,10,10,,True
minimum,Logistic,2131,0.005197399553339637,0.011126574494642796,0.02038505489976642,0.03879834221491463,0.09828921248205269,10,10,,True
minimum,Logistic,2132,0.004794355877060962,0.010441282689465647,0.01898235966612013,0.0367855697527479,0.09332100479000938,10,10,,True
minimum,Logistic,2133,0.004424638078877766,0.009780076857927155,0.017893055001595257,0.03449061763947592,0.08866418564714669,10,10,,True
minimum,Logistic,2134,0.0040708990502114715,0.009166035260652223,0.016829186346190846,0.03282298722389962,0.08416111181532214,10,10,,True
minimum,Logistic,2135,0.0037497446913075435,0.00855854687872872,0.0157384375421733,0.03092446323980582,0.07953383833062408,10,10,,True
minimum,Logistic,2136,0.0034392524434849504,0.007925693195137924,0.01472397719847204,0.029100933899429138,0.0752347248135905,10,10,,True
minimum,Logistic,2137,0.0031581400656748764,0.007336028220351459,0.013791157295010972,0.027648766013662698,0.07194281040359542,10,10,,True
minimum,Logistic,2138,0.0029134045917552816,0.006886246120814975,0.012946243653540914,0.02587684489372783,0.06828251595434405,10,10,,True
minimum,Logistic,2139,0.002687917968526439,0.006409516630780412,0.012073281564122247,0.024350959719710453,0.06477267761729008,10,10,,True
minimum,Logistic,2140,0.0024822025962068493,0.005976762461337978,0.011320917951110353,0.022972568313928424,0.06135847216251544,10,10,,True
minimum,Logistic,2141,0.002303156661533479,0.005580701278166911,0.010582525432201045,0.021660028577021394,0.0572219945215287,10,10,,True
minimum,Logistic,2142,0.002115314291751715,0.0052283264507618785,0.00984887039893681,0.020318075849846132,0.053320753299561145,10,10,,True
minimum,Logistic,2143,0.0019528075407450266,0.004882732330637671,0.009256208282584133,0.019102082309626553,0.05045634980348999,10,10,,True
minimum,Logistic,2144,0.0018035046178511412,0.004569273705960818,0.00866686750838782,0.017936562094836503,0.04778528465876341,10,10,,True
minimum,Logistic,2145,0.0016699521026851385,0.004276050432994737,0.008149327680759742,0.016820466304662836,0.04543693109473325,10,10,,True
minimum,Logistic,2146,0.0015498465831454106,0.004000960357414813,0.007616315461222023,0.015714353383253037,0.043476646724486964,10,10,,True
minimum,Logistic,2147,0.0014355783910927206,0.0037434106373975817,0.00716735041223869,0.014853605287384648,0.0409642578442708,10,10,,True
minimum,Logistic,2148,0.0013344658347709416,0.0034816633162574016,0.006735521139717484,0.014101150394270828,0.03943049686422088,10,10,,True
minimum,Logistic,2149,0.0012348882852881145,0.0032269509157660703,0.006312683233354972,0.013297965116967136,0.037602565699035695,10,10,,True
minimum,Logistic,2150,0.0011415691665789243,0.0029911074174565214,0.005884568021082616,0.012495922295929654,0.03571782247480256,10,10,,True
minimum,Logistic,2151,0.001048837445339721,0.002775720646058676,0.0055108824435486006,0.011765689218190347,0.033837926525294486,10,10,,True
minimum,Logistic,2152,0.0009683022192404705,0.0025743527659017455,0.005157513199349931,0.011135347173677992,0.03205388944452845,10,10,,True
minimum,Logistic,2153,0.0008941718942123353,0.0024117177751280497,0.004843464831378272,0.01046338667769831,0.031035297392726046,10,10,,True
minimum,Logistic,2154,0.000826045825924472,0.0022549522190855086,0.004538634106002583,0.00989447400709896,0.029605682266685564,10,10,,True
minimum,Logistic,2155,0.0007613356388695246,0.0020826761053966882,0.004252095845761727,0.009361869480890704,0.027676729678995544,10,10,,True
minimum,Logistic,2156,0.0007020694474057266,0.0019326764029851634,0.004008902236133642,0.008786941664492348,0.025839082964900742,10,10,,True
minimum,Logistic,2157,0.0006500097563664594,0.0017988420105459315,0.0037801881815391295,0.008362660733386176,0.024782698159982776,10,10,,True
minimum,Logistic,2158,0.0006003150942261915,0.0016816184729631489,0.0035387680207787375,0.007887967683134165,0.024125055937252688,10,10,,True
minimum,Logistic,2159,0.0005563766727415171,0.0015687152967390795,0.0033301534908375227,0.007448290496740485,0.02309454027820486,10,10,,True
minimum,Logistic,2160,0.0005168149175600271,0.00145941153970496,0.0031424884990573685,0.00702337049685649,0.022243629449271926,10,10,,True
minimum,Logistic,2161,0.0004803040753775773,0.0013528767082917358,0.0029402490063423986,0.006615567945115401,0.021747239977663767,10,10,,True
minimum,Logistic,2162,0.0004460338552986091,0.0012629991182781242,0.002756974093900067,0.006210508892601256,0.02123532675741997,10,10,,True
minimum,Logistic,2163,0.000413618416086683,0.0011885651836539776,0.002583579084436051,0.005835371809645694,0.020179306377369404,10,10,,True
minimum,Logistic,2164,0.00038334604983763604,0.0011062088303787805,0.0024307593547486166,0.00550012898045223,0.019116000399296302,10,10,,True
minimum,Logistic,2165,0.00035270673910335637,0.001028098023337361,0.0022923244941546513,0.005186507274919884,0.01832999865343855,10,10,,True
minimum,Logistic,2166,0.00032378908036956625,0.000960841537714851,0.002149507237199289,0.00491468994768992,0.017785538220042595,10,10,,True
minimum,Logistic,2167,0.0002992160672269308,0.0008956415825848109,0.0020134870892461595,0.00464688472004122,0.017257533365815952,10,10,,True
minimum,Logistic,2168,0.00027714490057263643,0.0008360944165332282,0.001885145989820204,0.004405907681644844,0.016729719860742565,10,10,,True
minimum,Logistic,2169,0.0002552362115210207,0.0007785370241849636,0.0017757525436094025,0.004192273300018581,0.01578764356925888,10,10,,True
minimum,Logistic,2170,0.00023640264495115192,0.000729107692428786,0.0016682690691489828,0.003946017618959754,0.015253373980786439,10,10,,True
minimum,Logistic,2171,0.0002189296276459302,0.0006797964753373311,0.001565177100511378,0.0036943120113878025,0.014515371402193205,10,10,,True
minimum,Logistic,2172,0.0002027730681319695,0.0006323148744419952,0.0014738468694902361,0.0035168612095013816,0.013805744465251693,10,10,,True
minimum,Logistic,2173,0.0001878319037544509,0.0005885862585712761,0.0013852208486749133,0.003332323854915613,0.01314732394971177,10,10,,True
minimum,Logistic,2174,0.00017403642813419061,0.0005478726493262382,0.0013034937300508338,0.0031498476401157502,0.012694067525710733,10,10,,True
minimum,Logistic,2175,0.0001603625352883207,0.0005110104073387154,0.0012243837096916903,0.002972312341391346,0.012253695952893308,10,10,,True
minimum,Logistic,2176,0.0001475357697136611,0.00047632512263745856,0.0011472447920559234,0.002819130648271444,0.011697816287003466,10,10,,True
minimum,Logistic,2177,0.00013645986105002562,0.0004437320699027107,0.0010798241944029925,0.002673258865957701,0.011117256610184194,10,10,,True
minimum,Logistic,2178,0.00012650492083039403,0.00041479697790264725,0.0010094150136784122,0.002547741080130316,0.010493483842967201,10,10,,True
minimum,Logistic,2179,0.00011814752694279415,0.00038823031189161127,0.0009469216139609974,0.0024310327980343865,0.009985787840190684,10,10,,True
minimum,Gompertz,2030,0.178360081141662,0.20372876559449632,0.22248157694307916,0.23782312804176886,0.25424400973672173,10,10,,True
minimum,Gompertz,2031,0.18740204049423698,0.2154354905191496,0.23597432576201893,0.25350558940874773,0.27230868194654867,10,10,,True
minimum,Gompertz,2032,0.19732227912787872,0.2275919605408254,0.24994530278724747,0.270037220173911,0.2910990169242829,10,10,,True
minimum,Gompertz,2033,0.20717730266726075,0.2398840991059486,0.26444126098471676,0.2865826983573571,0.3101943895229713,10,10,,True
minimum,Gompertz,2034,0.21688654906508048,0.25207228043262464,0.2791957381649116,0.3033310504400367,0.32921600567621434,10,10,,True
minimum,Gompertz,2035,0.226784811847682,0.26480366892231594,0.2937540408266429,0.3203388536108358,0.3482301694191687,10,10,,True
minimum,Gompertz,2036,0.23673618688662484,0.27787286739494127,0.3079008367651156,0.336960197553416,0.36849417073546703,10,10,,True
minimum,Gompertz,2037,0.24685303923161747,0.29043121730229365,0.32283579567969933,0.354578926664515,0.38909199071848405,10,10,,True
minimum,Gompertz,2038,0.25691356953963523,0.3030890102341091,0.33757974509655475,0.3720988898011399,0.40931618690454236,10,10,,True
minimum,Gompertz,2039,0.26684094724610785,0.31586343935019134,0.3524796265557988,0.38969948928119097,0.4295606531926371,10,10,,True
minimum,Gompertz,2040,0.2764748357375685,0.3285277561420895,0.36745775266506453,0.40690272786252324,0.4500509991242889,10,10,,True
minimum,Gompertz,2041,0.28562462803871974,0.3407297127643057,0.3827386632395585,0.42422319157425686,0.4714054008508076,10,10,,True
minimum,Gompertz,2042,0.29554911390210026,0.35317172658355067,0.3974319491216025,0.44112223080157253,0.49218185770470413,10,10,,True
minimum,Gompertz,2043,0.3049953539377724,0.36591523313582475,0.4122812685438955,0.45815032237994247,0.5129317771470363,10,10,,True
minimum,Gompertz,2044,0.3150392112957063,0.378066165396339,0.42679874252658745,0.4745402629341795,0.5333990324740447,10,10,,True
minimum,Gompertz,2045,0.3250886310332108,0.39074099907695875,0.4410769512341747,0.49137465419208,0.553959901235152,10,10,,True
minimum,Gompertz,2046,0.33518981645659623,0.40187620035879046,0.4551543101358908,0.5082537956502933,0.5734021952195568,10,10,,True
minimum,Gompertz,2047,0.345515293788581,0.41334160079041515,0.469375639969144,0.5246144435901848,0.5933284802495263,10,10,,True
minimum,Gompertz,2048,0.35571456106099303,0.4261104591114758,0.4825647134397081,0.540435635433113,0.6128550830345436,10,10,,True
minimum,Gompertz,2049,0.36432616803788154,0.43729052994136086,0.49638190824703177,0.556769857352208,0.6322852400385673,10,10,,True
minimum,Gompertz,2050,0.3730572552189075,0.44890099345812223,0.510058148341592,0.571932359521359,0.650996486214377,10,10,,True
minimum,Gompertz,2051,0.38136371022194265,0.4604464065979896,0.5231656857432891,0.5872989158159909,0.6701158473930361,10,10,,True
minimum,Gompertz,2052,0.38927951845913217,0.4706611852865197,0.5362923305536059,0.6011426624791361,0.6887029643255408,10,10,,True
minimum,Gompertz,2053,0.3969074654804393,0.4805158718014965,0.5482346828754472,0.6153469667982512,0.7061641161619158,10,10,,True
minimum,Gompertz,2054,0.4049706454082096,0.48976723332973765,0.5587638575371161,0.6285895083378511,0.7208735571494126,10,10,,True
minimum,Gompertz,2055,0.41172773249367195,0.49870624778404593,0.5684989326990286,0.6403149641217698,0.735890671803511,10,10,,True
minimum,Gompertz,2056,0.4182889920787829,0.5081482230351334,0.5796656919721487,0.652372293315661,0.7525047831415399,10,10,,True
minimum,Gompertz,2057,0.4244966203720209,0.5164807030372313,0.5896417565795387,0.664000677858706,0.7663320021880208,10,10,,True
minimum,Gompertz,2058,0.4301414388073131,0.5240360360643295,0.5998387103433994,0.6759497935402073,0.7818500687561186,10,10,,True
minimum,Gompertz,2059,0.4361199014335627,0.5308530069853106,0.6091112691666217,0.685220471247777,0.7953018376341541,10,10,,True
minimum,Gompertz,2060,0.4421837774389134,0.5382363357031603,0.6168572039739475,0.6961825110622711,0.8090914053123043,10,10,,True
minimum,Gompertz,2061,0.4487314416839337,0.5442952955923616,0.6255939042704171,0.70613801104794,0.8220914786390743,10,10,,True
minimum,Gompertz,2062,0.4512746775752442,0.5494851277748066,0.6331702986967318,0.7147005709748183,0.8329428979050953,10,10,,True
minimum,Gompertz,2063,0.4583967134092491,0.5548746094126387,0.6417596945565498,0.7229011212587986,0.8427958102098025,10,10,,True
minimum,Gompertz,2064,0.46378225847240045,0.5598558359450758,0.6486044688185089,0.7305655813569483,0.8517906120800252,10,10,,True
minimum,Gompertz,2065,0.4674829043173481,0.5643335944073726,0.6540225529490475,0.7372851273687705,0.8599546158599076,10,10,,True
minimum,Gompertz,2066,0.47164281076310804,0.5685807309436706,0.6583243447670151,0.7441522047387399,0.8713756600899298,10,10,,True
minimum,Gompertz,2067,0.474619641929775,0.5722147442253416,0.6630649674508611,0.7496724035352432,0.8796029814123847,10,10,,True
minimum,Gompertz,2068,0.47709186727014796,0.5758361550407628,0.6671969198726473,0.7545446782394339,0.8876204318096587,10,10,,True
minimum,Gompertz,2069,0.47870145577949347,0.5784810367180351,0.6705977624101563,0.7589779584761115,0.8930421612464333,10,10,,True
minimum,Gompertz,2070,0.4807117307451559,0.5823276670039308,0.6738299450231413,0.7621282695691802,0.9001676850689154,10,10,,True
minimum,Gompertz,2071,0.4828370982308774,0.5836940287023443,0.6761813302844571,0.7659438263504911,0.9053159913461186,10,10,,True
minimum,Gompertz,2072,0.4835059614245891,0.5853438566932835,0.6770943739153646,0.7684890552663497,0.9115197237199989,10,10,,True
minimum,Gompertz,2073,0.48381697296021975,0.5867134500878396,0.6792170243054252,0.7719093667826631,0.9157979651704866,10,10,,True
minimum,Gompertz,2074,0.4854264538004635,0.5870501882257173,0.681726779653371,0.7728515435685126,0.9168388041892789,10,10,,True
minimum,Gompertz,2075,0.4845441008933753,0.5880443488935139,0.6831471451080842,0.7749168861241145,0.916810336334764,10,10,,True
minimum,Gompertz,2076,0.48432580174499035,0.5877533514663136,0.6834074317389535,0.775486063189701,0.9175009989095795,10,10,,True
minimum,Gompertz,2077,0.483665500198624,0.5862514206768522,0.6825227503269604,0.7754305526208206,0.9197436322766457,10,10,,True
minimum,Gompertz,2078,0.4828805699405514,0.5875762507989608,0.6820061783173745,0.776580904725985,0.9211394736032082,10,10,,True
minimum,Gompertz,2079,0.4812697482950674,0.5870323866572963,0.6816503510578973,0.7764415413824072,0.9200438337887891,10,10,,True
minimum,Gompertz,2080,0.48060559668049047,0.5859212145074681,0.6802776479496432,0.7763277211040098,0.9198719009683506,10,10,,True
minimum,Gompertz,2081,0.48103968013498377,0.5847647260315758,0.6778082854148324,0.7738287453032455,0.9176699924304982,10,10,,True
minimum,Gompertz,2082,0.4784534094874969,0.5818781275392558,0.6749261310084658,0.7706947281234753,0.9169300680500053,10,10,,True
minimum,Gompertz,2083,0.4765843866169517,0.5795939081308719,0.6725126359394356,0.7697135967546526,0.9144992764247444,10,10,,True
minimum,Gompertz,2084,0.4749447854863332,0.5792552820406545,0.6707275271193001,0.7656355872436368,0.9110201112516034,10,10,,True
minimum,Gompertz,2085,0.47277600285953625,0.5752696017473161,0.6666642226406025,0.7615567553474767,0.9069340632910128,10,10,,True
minimum,Gompertz,2086,0.46983706139281817,0.571216446154377,0.6626217788158897,0.758118818176728,0.902256799482799,10,10,,True
minimum,Gompertz,2087,0.46558328548887984,0.5680268297857864,0.6574323477398902,0.7548602432674261,0.897047491753091,10,10,,True
minimum,Gompertz,2088,0.4628412515241817,0.5649563871421686,0.6542478941494739,0.7493669571494778,0.8913658730261342,10,10,,True
minimum,Gompertz,2089,0.4585205196352333,0.5603508892628211,0.6505345834162968,0.7436725980663756,0.885247342541622,10,10,,True
minimum,Gompertz,2090,0.45510659576392287,0.55665561405839,0.6464093181848718,0.7386297213817135,0.8782759815764867,10,10,,True
minimum,Gompertz,2091,0.4511542390244515,0.553183512823931,0.6410400659682869,0.7339773592149915,0.872002311084188,10,10,,True
minimum,Gompertz,2092,0.4459795428764423,0.5493055805585991,0.6368128401372676,0.7289109727290628,0.8685484640062063,10,10,,True
minimum,Gompertz,2093,0.4438465876050273,0.5447586291198787,0.6312484051536777,0.7212612199548556,0.8618496517713442,10,10,,True
minimum,Gompertz,2094,0.4401798473936185,0.5397195271735299,0.6260611727732175,0.7148117271039371,0.8532635905688586,10,10,,True
minimum,Gompertz,2095,0.43365409430323065,0.533614761236605,0.6202812629811902,0.7083498559791424,0.8456400647771164,10,10,,True
minimum,Gompertz,2096,0.42876033874835423,0.5277631235745415,0.6137821380166063,0.702185334559662,0.8408814620543561,10,10,,True
minimum,Gompertz,2097,0.42452796878933924,0.521711214482714,0.6069354498828529,0.6961440033331849,0.8367576054280875,10,10,,True
minimum,Gompertz,2098,0.41758667692473633,0.515516553890484,0.5998404980365395,0.6899715046764305,0.8278590394717007,10,10,,True
minimum,Gompertz,2099,0.4128746225000308,0.5087447025236558,0.594011810998504,0.6838204948998591,0.8195429655729102,10,10,,True
minimum,Gompertz,2100,0.4065862137318689,0.5019241685700333,0.5867739690528329,0.6763836140558039,0.8104622805273837,10,10,,True
minimum,Gompertz,2101,0.3999619957498252,0.4951012580569504,0.5807025702936233,0.6695446022173509,0.801358920208629,10,10,,True
minimum,Gompertz,2102,0.3944491382150793,0.48913935667536257,0.5744404703126634,0.6623314376859528,0.7931534093847106,10,10,,True
minimum,Gompertz,2103,0.38802805125168727,0.4833822549731189,0.5675509355317871,0.654308235460048,0.7847457671660939,10,10,,True
minimum,Gompertz,2104,0.3821361123170077,0.4764751446245338,0.560227920012834,0.6461638455013271,0.7754951458976671,10,10,,True
minimum,Gompertz,2105,0.3781075923080016,0.4702318456129289,0.5538863091075474,0.6381040681088479,0.7668958517789056,10,10,,True
minimum,Gompertz,2106,0.37285297817576,0.46309212849322284,0.546876182317372,0.6293443313412098,0.7582224351244901,10,10,,True
minimum,Gompertz,2107,0.3669408927318693,0.4564970128878545,0.5402159520273846,0.6221168448485794,0.7491587044016638,10,10,,True
minimum,Gompertz,2108,0.36114218700413425,0.4494870901079062,0.5318053213287277,0.6129800209922098,0.7398014714926353,10,10,,True
minimum,Gompertz,2109,0.3560875489660029,0.4427597400378921,0.5237393173951764,0.6039217189632784,0.731123064660984,10,10,,True
minimum,Gompertz,2110,0.34976759625036274,0.4359876605927264,0.5171115867462777,0.5960133911848533,0.7213955689490025,10,10,,True
minimum,Gompertz,2111,0.34471051000224784,0.4294572927347765,0.5091465975117719,0.5880265045492252,0.7108039570750248,10,10,,True
minimum,Gompertz,2112,0.33874309675358505,0.4230357960548693,0.5019251270795357,0.5801302164064,0.6998915410073311,10,10,,True
minimum,Gompertz,2113,0.3345272758786199,0.4163160934655614,0.493983804036649,0.5721246500459785,0.6922310228148357,10,10,,True
minimum,Gompertz,2114,0.3291055744290674,0.40969854317381643,0.48636194122004445,0.5636019035217934,0.6854066626515614,10,10,,True
minimum,Gompertz,2115,0.32311630392608315,0.40397871535966157,0.4790933631984887,0.5550270068905119,0.6749508260715155,10,10,,True
minimum,Gompertz,2116,0.31714491728446603,0.39804094917627425,0.4713275116016117,0.5464848273751007,0.6640922196210796,10,10,,True
minimum,Gompertz,2117,0.3112084775820359,0.391504089127951,0.4626735810112968,0.5384574596135224,0.6542093024202189,10,10,,True
minimum,Gompertz,2118,0.3052863317599139,0.3844854047037678,0.45579607786495335,0.5301942478415157,0.6447649382415654,10,10,,True
minimum,Gompertz,2119,0.2994196621851675,0.3781426084881918,0.4482771829821257,0.5220604436898792,0.6364777644213002,10,10,,True
minimum,Gompertz,2120,0.2933744353248436,0.37107721440425556,0.4412064978440303,0.5139956449983715,0.6281250023067709,10,10,,True
minimum,Gompertz,2121,0.2868826785307724,0.36411543631444354,0.43407505261618884,0.505628599692231,0.6198474585561858,10,10,,True
minimum,Gompertz,2122,0.28224728936901183,0.3576423331111173,0.42701608814561653,0.49754081424466956,0.6115427602648053,10,10,,True
minimum,Gompertz,2123,0.2767925286094827,0.3516048617318335,0.4197199009773315,0.48881704299738543,0.6032181390231386,10,10,,True
minimum,Gompertz,2124,0.2719431871118616,0.3444644302390616,0.41242195916650404,0.48039313603829753,0.5947961218650175,10,10,,True
minimum,Gompertz,2125,0.26640135571868967,0.33833053309846634,0.40526328157999436,0.4726857957069181,0.5862038308208144,10,10,,True
minimum,Gompertz,2126,0.260733858928341,0.33184419446302216,0.39860985014221023,0.46551019571208396,0.5780435281621454,10,10,,True
minimum,Gompertz,2127,0.2551698601230803,0.32657594465328094,0.3919633948454455,0.45792837688093024,0.5696858034267744,10,10,,True
minimum,Gompertz,2128,0.24970528180494037,0.3200141174892963,0.3847790153074193,0.45059241672325584,0.5587031470380099,10,10,,True
minimum,Gompertz,2129,0.2444556280262951,0.31344282999864054,0.3781345817282662,0.4434195673724781,0.548017374675112,10,10,,True
minimum,Gompertz,2130,0.2393089036242854,0.30834368904279674,0.3715555706233805,0.43585364854882275,0.5400715029202523,10,10,,True
minimum,Gompertz,2131,0.23450192562552044,0.3017497629479742,0.3649716024996227,0.4278661891436191,0.5322189095201535,10,10,,True
minimum,Gompertz,2132,0.22997486713605605,0.2957667274274599,0.35764162514258635,0.42036044753764445,0.5246583530860556,10,10,,True
minimum,Gompertz,2133,0.22494228319236478,0.2902804745918841,0.35027848173849485,0.41300623309539286,0.5163285921357965,10,10,,True
minimum,Gompertz,2134,0.22003868313714922,0.2846905154030073,0.3442151172992546,0.40575449493906357,0.5084220381895639,10,10,,True
minimum,Gompertz,2135,0.21544427924342385,0.2792928452615512,0.33773200971135797,0.39878934868263893,0.49984185879173665,10,10,,True
minimum,Gompertz,2136,0.21069419897634165,0.2733435404593725,0.33118008379660774,0.3918840980512637,0.49119435239796544,10,10,,True
minimum,Gompertz,2137,0.20621404484056116,0.26758826015991927,0.32560799367558824,0.38488798907560373,0.4840484281002448,10,10,,True
minimum,Gompertz,2138,0.2016109064189476,0.26224776627140245,0.3195184846407324,0.3780087316624343,0.4752222320382336,10,10,,True
minimum,Gompertz,2139,0.19738686972366085,0.256619158414485,0.3135242255621875,0.3707066417863225,0.46771491985194796,10,10,,True
minimum,Gompertz,2140,0.19312758187545717,0.25130390040574974,0.3068299511371417,0.3641263267512561,0.4609896591615567,10,10,,True
minimum,Gompertz,2141,0.188939992137642,0.24615266434342084,0.3008156062647185,0.3573599542481871,0.4536823261635405,10,10,,True
minimum,Gompertz,2142,0.18501125798086968,0.24094114604527578,0.29509309390302274,0.35088622720522156,0.44452143566886215,10,10,,True
minimum,Gompertz,2143,0.18239293209528157,0.23551261756979897,0.2893314657282692,0.34440911043929523,0.4365863553309539,10,10,,True
minimum,Gompertz,2144,0.17852716292815393,0.2306125077078304,0.2840061304177815,0.33728465928792745,0.42756892109259487,10,10,,True
minimum,Gompertz,2145,0.1740848905033052,0.22523496586014777,0.27922434967312104,0.33006900900617286,0.4191992363245255,10,10,,True
minimum,Gompertz,2146,0.17007334026554505,0.22022207174281197,0.27389815127208744,0.3234397866326471,0.41148853020026194,10,10,,True
minimum,Gompertz,2147,0.16589395220228384,0.21522268307013234,0.2682800817353216,0.3166932312549132,0.40326405511634567,10,10,,True
minimum,Gompertz,2148,0.16193682540989573,0.2103806184244404,0.2628159080044926,0.3110193936177193,0.3958104977216868,10,10,,True
minimum,Gompertz,2149,0.15835334754387492,0.20520913869709595,0.2576855022911354,0.3054526617601885,0.3889947637579026,10,10,,True
minimum,Gompertz,2150,0.1548631961936859,0.2005434473129839,0.25272641493078396,0.2992626678416201,0.3806801015178512,10,10,,True
minimum,Gompertz,2151,0.15141808936848766,0.1964140176076787,0.2472128140753822,0.293141315051657,0.37232412013002797,10,10,,True
minimum,Gompertz,2152,0.14803029829805292,0.19250964144134347,0.24228071738197304,0.28704783781872323,0.3654331905468705,10,10,,True
minimum,Gompertz,2153,0.14471913961582364,0.1881420671061566,0.23707001895229396,0.28121461518421964,0.3585739598900476,10,10,,True
minimum,Gompertz,2154,0.1414718329510902,0.18382043446446442,0.23177182887361542,0.2752282996052523,0.3523870552381666,10,10,,True
minimum,Gompertz,2155,0.13828769039904434,0.1798710225018209,0.2268057309849767,0.2694743745944342,0.3458711232654898,10,10,,True
minimum,Gompertz,2156,0.13516599971644827,0.17593245966062773,0.22174511030795285,0.26414248193818546,0.33851119911265243,10,10,,True
minimum,Gompertz,2157,0.13170907516684938,0.1719139572319027,0.21697773414457713,0.2593060731925414,0.3316211377715796,10,10,,True
minimum,Gompertz,2158,0.12832560434955467,0.1681189443922958,0.21244789890615284,0.25391497053914747,0.3250714872272479,10,10,,True
minimum,Gompertz,2159,0.125471209297939,0.16442879250191078,0.20824866445479986,0.24888674129470106,0.3183143038221054,10,10,,True
minimum,Gompertz,2160,0.12272671521947455,0.1607042541268225,0.20375911531618368,0.24368745559312913,0.3122621283581349,10,10,,True
minimum,Gompertz,2161,0.12005372588957006,0.15705710646424514,0.19920877188202224,0.23864732473233274,0.30648987815850043,10,10,,True
minimum,Gompertz,2162,0.11747872944877047,0.15328144631979054,0.19473534881750812,0.2340797081796427,0.29981237433310154,10,10,,True
minimum,Gompertz,2163,0.1150385736418183,0.1495062813460232,0.1908026818356517,0.2296382243976398,0.29325834480058816,10,10,,True
minimum,Gompertz,2164,0.11239635869721726,0.14622503359203495,0.1863789904235562,0.2247621474250514,0.2868736498638577,10,10,,True
minimum,Gompertz,2165,0.10971947941222071,0.14309478447044865,0.1821589238822363,0.22016901527603697,0.2816028060557199,10,10,,True
minimum,Gompertz,2166,0.10698943749177584,0.13964525891508,0.17792536343852944,0.2156987106440097,0.27695086775570504,10,10,,True
minimum,Gompertz,2167,0.10434848859754656,0.13659691422746872,0.17405726909192215,0.21123628581432477,0.27170085722654636,10,10,,True
minimum,Gompertz,2168,0.10176362588818888,0.13340396930445603,0.17033348894174508,0.20649307332780842,0.2674919084795537,10,10,,True
minimum,Gompertz,2169,0.09924257705259691,0.13026041884731884,0.16656005049159484,0.20227213591004423,0.26244693930230295,10,10,,True
minimum,Gompertz,2170,0.09679081783526121,0.1271768897441701,0.1629747923652799,0.198496677021543,0.2574374538860232,10,10,,True
minimum,Gompertz,2171,0.0944852624770893,0.12440010009547153,0.15929672399620315,0.1942639574212261,0.2527636299243278,10,10,,True
minimum,Gompertz,2172,0.0922700949903645,0.12154018868436384,0.15556145047502903,0.19035658431644076,0.2482086058447217,10,10,,True
minimum,Gompertz,2173,0.0900317144071327,0.11869937741111306,0.15198931572605373,0.18629802972007234,0.24375160808200338,10,10,,True
minimum,Gompertz,2174,0.08771543217236367,0.11609659253059634,0.14840795573041587,0.1824873721637448,0.239311220914233,10,10,,True
minimum,Gompertz,2175,0.08559224285200911,0.11331555635601727,0.14498870118294316,0.17854814014625947,0.23491262072579772,10,10,,True
minimum,Gompertz,2176,0.08348657832967096,0.1109842050007529,0.14187656137301674,0.1749174793504537,0.23041335077267344,10,10,,True
minimum,Gompertz,2177,0.08142926174192307,0.10854935406061378,0.1388226338466762,0.17129648817149518,0.22526837056482574,10,10,,True
minimum,Gompertz,2178,0.07928759878749601,0.10609741482615913,0.1356997114823627,0.167537276498564,0.22021468390701268,10,10,,True
minimum,Gompertz,2179,0.07730148219598035,0.1036544912255819,0.13252779130446163,0.16375793983136633,0.21525257234359196,10,10,,True
maximum,Logistic,2030,0.3313118281764913,0.3903030692740927,0.424870940784771,0.447851519557321,0.4693030406366557,10,10,,True
maximum,Logistic,2031,0.37911826020814254,0.4560709078656018,0.5011404953207749,0.5331418721238346,0.5629472039735867,10,10,,True
maximum,Logistic,2032,0.433983316775349,0.5314232122658131,0.5914499988100946,0.6339804212497638,0.674782510762952,10,10,,True
maximum,Logistic,2033,0.4946826705268164,0.6186046057854638,0.6972643132345822,0.7553714620603056,0.8079193645573399,10,10,,True
maximum,Logistic,2034,0.5661922320165547,0.7202558826096066,0.8226719512845566,0.8988343460155636,0.9672062654009512,10,10,,True
maximum,Logistic,2035,0.6475410968169121,0.8388026617964214,0.9685765176638579,1.0664536038075858,1.1569545475198488,10,10,,True
maximum,Logistic,2036,0.745061456327476,0.9751172910041381,1.13931883737279,1.2665540297040863,1.3799706141822359,10,10,,True
maximum,Logistic,2037,0.8548901362128274,1.1336018440132747,1.3367269542166478,1.4997926128804355,1.6442292320051932,10,10,,True
maximum,Logistic,2038,0.981160286109274,1.3189340720576133,1.566742719684215,1.773712032681788,1.9559341308299716,10,10,,True
maximum,Logistic,2039,1.1223885572336558,1.5285209771814996,1.8280353724738037,2.0934228231173844,2.3249184981990982,10,10,,True
maximum,Logistic,2040,1.284861589667553,1.7661728890527193,2.1285585222773094,2.464998115352428,2.760556462823017,10,10,,True
maximum,Logistic,2041,1.460739689420705,2.0375809717998927,2.4740849402299645,2.8752482697385693,3.259816539591553,10,10,,True
maximum,Logistic,2042,1.660149930327147,2.340038337835776,2.857540100268269,3.3759560525226515,3.8415774581572784,10,10,,True
maximum,Logistic,2043,1.891480496597346,2.672591031584311,3.287161976844116,3.9230359533490677,4.52623358230271,10,10,,True
maximum,Logistic,2044,2.135446561907966,3.043808324212822,3.777361675614409,4.536275720041738,5.3069184242103296,10,10,,True
maximum,Logistic,2045,2.4061195250256024,3.4490552449314555,4.31096960450869,5.221608390315511,6.1907523539371745,10,10,,True
maximum,Logistic,2046,2.6894777132616414,3.918617520192531,4.876494729305605,5.977594888757096,7.199492790844275,10,10,,True
maximum,Logistic,2047,2.9732443282739385,4.408802365615002,5.494626364893323,6.812242978046117,8.33645779222384,10,10,,True
maximum,Logistic,2048,3.285596105646701,4.900844868835899,6.110441588180942,7.636909162798106,9.616279173213771,10,10,,True
maximum,Logistic,2049,3.5933246450517426,5.398034411767474,6.7662671252399775,8.552370307732364,11.106312596584033,10,10,,True
maximum,Logistic,2050,3.885367676895064,5.8239409190750075,7.371946615340599,9.440788378187506,12.717102473612877,10,10,,True
maximum,Logistic,2051,4.177144579242847,6.282401232425814,7.983579026153843,10.422779980218442,14.504075158039218,10,10,,True
maximum,Logistic,2052,4.438574955431069,6.677137560199013,8.591639022577251,11.438147442472905,16.40839234239568,10,10,,True
maximum,Logistic,2053,4.646886870195318,7.075187704080141,9.132016183132926,12.331359569784972,18.310658784835372,10,10,,True
maximum,Logistic,2054,4.879101421339053,7.365254595241641,9.6482643126694,13.204384508224962,20.374345190944187,10,10,,True
maximum,Logistic,2055,5.017142064855395,7.582612348440714,10.123542680618804,14.086652600423452,22.423475947123812,10,10,,True
maximum,Logistic,2056,5.10112327069917,7.7181045455821495,10.439722596241094,14.667459021052135,24.44487177269004,10,10,,True
maximum,Logistic,2057,5.057571201544478,7.796315206502685,10.714757770528754,15.233283464351928,26.315846646274835,10,10,,True
maximum,Logistic,2058,4.951210973976404,7.717485132567278,10.748341358413267,15.979048977622485,28.443351195439966,10,10,,True
maximum,Logistic,2059,4.74530983806871,7.568183633250231,10.718421507026177,16.35256344107964,30.387385652342978,10,10,,True
maximum,Logistic,2060,4.523107500107896,7.388622942623279,10.5225007335501,16.569905642324187,32.1340577148679,10,10,,True
maximum,Logistic,2061,4.25021745812979,7.084494694934641,10.310087470888384,16.48963293583599,33.5381833772026,10,10,,True
maximum,Logistic,2062,3.9638854090335984,6.760989779691943,10.182328623139062,16.578199998010966,34.48504035915766,10,10,,True
maximum,Logistic,2063,3.7166340489919194,6.432561263092387,9.786443100903124,16.25634419852212,35.249944681523914,10,10,,True
maximum,Logistic,2064,3.4151720674313677,5.980528789387183,9.285846464334185,15.828942977426161,34.856281239387705,10,10,,True
maximum,Logistic,2065,3.0826445744803666,5.461089995705974,8.77275016215722,15.295316728726208,34.75596948970941,10,10,,True
maximum,Logistic,2066,2.79482184939225,5.029754197005534,8.196046326635248,14.619826294957388,34.292537558609084,10,10,,True
maximum,Logistic,2067,2.504558959022649,4.573260548970746,7.664957998634535,13.678201415773119,33.0771783959349,10,10,,True
maximum,Logistic,2068,2.1974256541638773,4.103724813688376,7.054527217877696,12.688334701076432,31.869397490084683,10,10,,True
maximum,Logistic,2069,1.9398279625125077,3.7080470452473695,6.419633225411747,11.682493982666662,31.3556697137625,10,10,,True
maximum,Logistic,2070,1.7215487581728386,3.3481265847114954,5.798134119183247,10.714105174508123,29.92366613987734,10,10,,True
maximum,Logistic,2071,1.5066333830179903,2.9689636451608807,5.210468209364137,9.744529434920281,28.288304322035074,10,10,,True
maximum,Logistic,2072,1.3112321654274348,2.567098461705486,4.665285488976737,8.700481876075093,26.9064201460359,10,10,,True
maximum,Logistic,2073,1.1393330882980979,2.2219613757126537,4.167484820776647,7.866445754713852,25.148246601540865,10,10,,True
maximum,Logistic,2074,0.9813633003304558,1.909986440816151,3.6561349919072006,7.008964458403304,23.251893848638,10,10,,True
maximum,Logistic,2075,0.8509369636809863,1.6740915632495719,3.2071584356373504,6.192718547995609,22.00699722151622,10,10,,True
maximum,Logistic,2076,0.7403817645069432,1.4574718395043729,2.8253407230555787,5.51040333199641,20.530045467155848,10,10,,True
maximum,Logistic,2077,0.6385458769259236,1.270167195381631,2.4656044979659835,4.8229958875470045,18.491510751635275,10,10,,True
maximum,Logistic,2078,0.547200901352095,1.1051435725295196,2.167988274380096,4.252797837913369,16.91024832505276,10,10,,True
maximum,Logistic,2079,0.4680821109190476,0.9609431108265092,1.8712504599209774,3.694467536686787,15.21407732646548,10,10,,True
maximum,Logistic,2080,0.4006913548829084,0.8329203200338404,1.6190117229392014,3.2207774374464586,13.592582194626466,10,10,,True
maximum,Logistic,2081,0.33939899458190936,0.7175920281438395,1.4036173918495858,2.7981467941137335,12.25827906044044,10,10,,True
maximum,Logistic,2082,0.28784894483305995,0.6137217219920208,1.223266499553228,2.413197523699246,10.66194947959998,10,10,,True
maximum,Logistic,2083,0.24458397305926424,0.5245632133143844,1.0566716292509666,2.07664273756893,9.474417097104885,10,10,,True
maximum,Logistic,2084,0.21105380299623164,0.4480060993032797,0.9000043322881243,1.789379540133153,8.289652442974345,10,10,,True
maximum,Logistic,2085,0.17968495016213143,0.3836573529033066,0.7776717078168456,1.5537123044898804,7.232806767199776,10,10,,True
maximum,Logistic,2086,0.15305457520459542,0.32652710183743217,0.663700605361236,1.3611893751165656,6.2732534172011,10,10,,True
maximum,Logistic,2087,0.1315981850071995,0.28546637047105194,0.5778951591773109,1.1857055857974999,5.451265402247478,10,10,,True
maximum,Logistic,2088,0.11203459121912643,0.24437853588258365,0.4978011784608095,1.0232000521416995,4.740125210656403,10,10,,True
maximum,Logistic,2089,0.09513426549348668,0.20979317848426604,0.43019669667922156,0.8767102274047888,4.156453231997927,10,10,,True
maximum,Logistic,2090,0.0821285606598768,0.18009926883722427,0.36866043831557255,0.7498140871512702,3.5106887951476504,10,10,,True
maximum,Logistic,2091,0.0703915159504918,0.1538955935700977,0.3127122156068667,0.6361846125232059,2.997700332363878,10,10,,True
maximum,Logistic,2092,0.059922733174756715,0.13115388806875206,0.26825447948583114,0.5435637418066654,2.52624589124042,10,10,,True
maximum,Logistic,2093,0.05113176775491759,0.11180396216213939,0.23155203425179105,0.47226180555543584,2.1554950096764443,10,10,,True
maximum,Logistic,2094,0.04344080779749005,0.09476968362451356,0.2008925634643827,0.4099542760254548,1.823856170309594,10,10,,True
maximum,Logistic,2095,0.03647528085761283,0.0810542432790231,0.17311760176690752,0.35269282745245645,1.5680825597853998,10,10,,True
maximum,Logistic,2096,0.030766168338081754,0.06917871196647668,0.1471232586731468,0.3044366729868549,1.3905873336914438,10,10,,True
maximum,Logistic,2097,0.02614484481602936,0.059251464653591705,0.1261719798980854,0.26193272151765734,1.1902280476534666,10,10,,True
maximum,Logistic,2098,0.021997545457545512,0.05143873411793076,0.10907453526896095,0.22493532037472244,1.0399277035202827,10,10,,True
maximum,Logistic,2099,0.01874417021268528,0.04354985015518212,0.09512438900705744,0.19488309399641035,0.9093347877539264,10,10,,True
maximum,Logistic,2100,0.01594269826974546,0.03753415143156604,0.08116977038385592,0.16707436818554197,0.7844454311875245,10,10,,True
maximum,Logistic,2101,0.013801999884597124,0.03251738446990457,0.07075291785133217,0.14664132028180787,0.6819354068445136,10,10,,True
maximum,Logistic,2102,0.011739082118147089,0.027890265884068538,0.06055954424004388,0.1272482933978521,0.5957738571251534,10,10,,True
maximum,Logistic,2103,0.00995574957665652,0.023930076478200335,0.05167512749013532,0.11096032179470379,0.5128646835468127,10,10,,True
maximum,Logistic,2104,0.008415637647023059,0.020494787016060088,0.043982042737081624,0.0965727555068105,0.4408081264815826,10,10,,True
maximum,Logistic,2105,0.0071238549616593665,0.017656594500616702,0.037650517941088646,0.08465896542453596,0.38084008314685747,10,10,,True
maximum,Logistic,2106,0.006038963374519709,0.015154746119743956,0.03192070711597744,0.07373346712460427,0.3265734737849186,10,10,,True
maximum,Logistic,2107,0.005173962811631672,0.013086931379033124,0.027192169330437076,0.06435984356255499,0.2827947660779931,10,10,,True
maximum,Logistic,2108,0.004374395283915065,0.011189213222129844,0.023107208765384704,0.05605816285283581,0.2484372534411559,10,10,,True
maximum,Logistic,2109,0.003714951349256676,0.009563888170576873,0.019960143887793144,0.04907141325895101,0.21107156335196298,10,10,,True
maximum,Logistic,2110,0.003150968431412945,0.008118619630425743,0.01718516502369234,0.042060831016878936,0.1766294459548909,10,10,,True
maximum,Logistic,2111,0.0026784671501463987,0.007016983748498584,0.014676726157432107,0.036684049573942945,0.1559610917981123,10,10,,True
maximum,Logistic,2112,0.002260625792899915,0.0059660140371247386,0.012784386155859378,0.032295992658588554,0.13247828498877937,10,10,,True
maximum,Logistic,2113,0.0019145366759068232,0.005150353883884137,0.011104343965292158,0.028077254138488206,0.11528489907141441,10,10,,True
maximum,Logistic,2114,0.001654048716761449,0.004428436777879948,0.009666289965847598,0.02459676124050685,0.10221638033408934,10,10,,True
maximum,Logistic,2115,0.0014030363110818162,0.003784241678417467,0.00854293794120891,0.021266307058275712,0.09174719622067821,10,10,,True
maximum,Logistic,2116,0.001195414241519223,0.003239345308709088,0.007377085648661676,0.018358394790108964,0.08173276461713201,10,10,,True
maximum,Logistic,2117,0.00101997880033964,0.0027700672715084062,0.006352641783976907,0.016148409664882613,0.0744830173202726,10,10,,True
maximum,Logistic,2118,0.0008753878062329386,0.002347147757174434,0.005513517333060387,0.014182780541139198,0.06583849480158672,10,10,,True
maximum,Logistic,2119,0.0007442761789891215,0.002018182161539016,0.0047460445052444535,0.012210277812464036,0.05889171137110296,10,10,,True
maximum,Logistic,2120,0.0006318576039184465,0.001719022926148874,0.004129498974350599,0.010566556238397591,0.051748091805798015,10,10,,True
maximum,Logistic,2121,0.0005324474228714701,0.0014826169236521244,0.003583218557338538,0.009359672142959378,0.04626350751207484,10,10,,True
maximum,Logistic,2122,0.00045246187310512713,0.0012705670337153183,0.0030866189738485124,0.008082123602127907,0.04091657055276686,10,10,,True
maximum,Logistic,2123,0.0003834976985177057,0.0011043372768094293,0.0026951998239398284,0.007068190789272738,0.03679970880690607,10,10,,True
maximum,Logistic,2124,0.0003267717737057576,0.0009411818502188715,0.0023217207927168854,0.006103601788930665,0.03318956285184689,10,10,,True
maximum,Logistic,2125,0.00027729797674897394,0.000803901843042978,0.0020045370349308592,0.00530833448195744,0.02987811103141774,10,10,,True
maximum,Logistic,2126,0.0002361798926788993,0.0006886106170704288,0.001734116344717692,0.004674533933450006,0.02696644436049532,10,10,,True
maximum,Logistic,2127,0.0002022570413172421,0.0005947742387674899,0.0014827999077664552,0.004056409942592942,0.023897873507731857,10,10,,True
maximum,Logistic,2128,0.00017472187323837394,0.0005175781449969795,0.0012769589840902606,0.003554669835567361,0.0217693887442929,10,10,,True
maximum,Logistic,2129,0.00014988689661893782,0.00044619670627907173,0.0011188591309394293,0.003096874532457518,0.01967918285069051,10,10,,True
maximum,Logistic,2130,0.00012650638129667416,0.00038555779578556957,0.0009619925169443049,0.0027290626367735995,0.017726841162448992,10,10,,True
maximum,Logistic,2131,0.00010754906443068737,0.00033226174745194423,0.0008263342903753293,0.0024302538055495817,0.01579109526961933,10,10,,True
maximum,Logistic,2132,9.132916997872778e-05,0.0002862014078430577,0.0007245785465886995,0.002156000945039119,0.014181886850417137,10,10,,True
maximum,Logistic,2133,7.741610369584967e-05,0.0002448213579562608,0.0006285050030126037,0.0019018590203181197,0.01234583305468061,10,10,,True
maximum,Logistic,2134,6.554726805730003e-05,0.00020963615070532184,0.0005472914031412828,0.001690433818543194,0.01091128130445183,10,10,,True
maximum,Logistic,2135,5.587850624352383e-05,0.00018104929454265678,0.00047880990975594773,0.0015094727382341765,0.009839274067868175,10,10,,True
maximum,Logistic,2136,4.78822210971114e-05,0.00015712596323493228,0.0004114315793814053,0.0013295719572656165,0.008750155457722666,10,10,,True
maximum,Logistic,2137,4.113862136733743e-05,0.0001339944332405772,0.00035678597463882866,0.0011543473848404286,0.007727144877058496,10,10,,True
maximum,Logistic,2138,3.465095315322366e-05,0.00011610707910647707,0.0003108485079332987,0.0010266607084583735,0.006934752355789807,10,10,,True
maximum,Logistic,2139,2.9567328358121753e-05,9.91712755332543e-05,0.000270770729573105,0.000891589097410045,0.006265987717062693,10,10,,True
maximum,Logistic,2140,2.5241034482059838e-05,8.540356681500633e-05,0.00023681063719550012,0.0007969502470578746,0.005716415009839042,10,10,,True
maximum,Logistic,2141,2.152984064774581e-05,7.326806621224958e-05,0.0002055992986368507,0.0007255792484047174,0.005277377094215191,10,10,,True
maximum,Logistic,2142,1.8157975972748716e-05,6.312549327625939e-05,0.00018018540316003565,0.0006514029340802813,0.004600474782675761,10,10,,True
maximum,Logistic,2143,1.5173054340253914e-05,5.427353245209416e-05,0.00015679824945905791,0.0005738969639118911,0.004004856352428301,10,10,,True
maximum,Logistic,2144,1.2695540059037641e-05,4.6804529234256375e-05,0.00013660294025496657,0.0005129728717083025,0.0036626058391145203,10,10,,True
maximum,Logistic,2145,1.0854246994341761e-05,4.053443701864523e-05,0.00011804369786720746,0.00045736058565434454,0.003362604706971882,10,10,,True
maximum,Logistic,2146,9.23086742920114e-06,3.482945824028847e-05,0.00010187127069608985,0.00040886459904902815,0.003027962776973338,10,10,,True
maximum,Logistic,2147,7.814540953978543e-06,2.9805645366414718e-05,8.92229109835201e-05,0.00036422488786723477,0.0027538309396876247,10,10,,True
maximum,Logistic,2148,6.6664994538930735e-06,2.5644925087448302e-05,7.689479756795482e-05,0.000316436350517837,0.0024902653884197315,10,10,,True
maximum,Logistic,2149,5.734476973211396e-06,2.225818048146868e-05,6.651083598592904e-05,0.00027610122388957876,0.002280903962600518,10,10,,True
maximum,Logistic,2150,4.895803667179506e-06,1.916048674113282e-05,5.8172449244743766e-05,0.0002463808169172043,0.002111015375165254,10,10,,True
maximum,Logistic,2151,4.151503871160562e-06,1.6540565224035105e-05,5.14996605151777e-05,0.00021572166518801908,0.0019562369010829627,10,10,,True
maximum,Logistic,2152,3.57463034432568e-06,1.4296564964367237e-05,4.558884506052969e-05,0.0001920725350616514,0.0017732269499488706,10,10,,True
maximum,Logistic,2153,3.08990949547824e-06,1.2409593667610605e-05,3.982034659889566e-05,0.00017105080750197353,0.001596938152557385,10,10,,True
maximum,Logistic,2154,2.6270064918958648e-06,1.0665321306976927e-05,3.460801436807772e-05,0.00015160227492614278,0.001438173587823768,10,10,,True
maximum,Logistic,2155,2.2362458899133008e-06,9.045656687420752e-06,3.028898341620415e-05,0.000132609301884234,0.0012951916932861525,10,10,,True
maximum,Logistic,2156,1.9011569287563095e-06,7.773830030468706e-06,2.6468110858518245e-05,0.00011858462583285413,0.001167572321329954,10,10,,True
maximum,Logistic,2157,1.6178181010526582e-06,6.724478472854724e-06,2.313119574680475e-05,0.00010440263968667648,0.0010524199853838157,10,10,,True
maximum,Logistic,2158,1.3814673044562342e-06,5.849747405906436e-06,2.0169536790540047e-05,9.108321852801501e-05,0.0009873373109940198,10,10,,True
maximum,Logistic,2159,1.1757082705898525e-06,5.003672388714882e-06,1.7378980760944204e-05,7.994831550509843e-05,0.0009418379794398898,10,10,,True
maximum,Logistic,2160,9.971357790308286e-07,4.314143396827276e-06,1.5192376901249519e-05,7.184173147174004e-05,0.0008490302232112311,10,10,,True
maximum,Logistic,2161,8.486189249363894e-07,3.731561120141822e-06,1.3215211094066795e-05,6.390856946681778e-05,0.0007937579609322416,10,10,,True
maximum,Logistic,2162,7.223287115897304e-07,3.1862722748849905e-06,1.1590994922425447e-05,5.7007032689123935e-05,0.0007491398618023575,10,10,,True
maximum,Logistic,2163,6.142115333086617e-07,2.7264808528959437e-06,1.0138460173539204e-05,5.011521898720642e-05,0.0007103007661528015,10,10,,True
maximum,Logistic,2164,5.189752827487587e-07,2.3483708300142807e-06,8.937762795300265e-06,4.463994195124229e-05,0.0006720816740574123,10,10,,True
maximum,Logistic,2165,4.3858023481149896e-07,2.0127680429435828e-06,7.81489730557443e-06,4.024301873318389e-05,0.0006349730287442922,10,10,,True
maximum,Logistic,2166,3.7909226417369474e-07,1.7524030836725594e-06,6.89735786524443e-06,3.645022914490934e-05,0.0005960234847898483,10,10,,True
maximum,Logistic,2167,3.2251233230507166e-07,1.5096087637485343e-06,6.098324002516079e-06,3.271907419781266e-05,0.0005641026896140996,10,10,,True
maximum,Logistic,2168,2.722233068216019e-07,1.296615714846819e-06,5.357084650478624e-06,2.95883664275424e-05,0.0005186137970119595,10,10,,True
maximum,Logistic,2169,2.280136541752935e-07,1.1134023526947587e-06,4.6260419775539904e-06,2.6197133973639152e-05,0.0004739007003508764,10,10,,True
maximum,Logistic,2170,1.9367908926597266e-07,9.579629710664851e-07,4.0098205368263375e-06,2.361452120344322e-05,0.00042467408711156383,10,10,,True
maximum,Logistic,2171,1.64699414291512e-07,8.311738488981244e-07,3.5017883781520094e-06,2.10196290667062e-05,0.00039111827350618637,10,10,,True
maximum,Logistic,2172,1.3862130330624756e-07,7.173421535985904e-07,3.0843270974020474e-06,1.8679966910757876e-05,0.0003647568251979132,10,10,,True
maximum,Logistic,2173,1.1636122033883016e-07,6.201501022845798e-07,2.676635858537882e-06,1.693807135621645e-05,0.000341603508556533,10,10,,True
maximum,Logistic,2174,9.94418158444038e-08,5.379108045129273e-07,2.344035915303084e-06,1.4899085542269146e-05,0.0003115052060511424,10,10,,True
maximum,Logistic,2175,8.392013601295855e-08,4.666674045263857e-07,2.0558051882555546e-06,1.3489025551514849e-05,0.00028338144023658805,10,10,,True
maximum,Logistic,2176,7.0832957742341e-08,4.060106997204543e-07,1.809762148730459e-06,1.2150147238144066e-05,0.0002578061233253017,10,10,,True
maximum,Logistic,2177,5.979005872427623e-08,3.447386512799099e-07,1.6065238952092635e-06,1.0869825758984866e-05,0.00023555869378439538,10,10,,True
maximum,Logistic,2178,5.047158758893826e-08,2.98164428163161e-07,1.4102686888424285e-06,9.674519412225645e-06,0.00022214493295845235,10,10,,True
maximum,Logistic,2179,4.2607811552698596e-08,2.584532146033349e-07,1.2171686780246496e-06,8.67907385788992e-06,0.00020851639102309035,10,10,,True
maximum,Gompertz,2030,0.44539111478325194,0.5451897755878528,0.5887640085951418,0.6280999757908896,0.6725081725447419,10,10,,True
maximum,Gompertz,2031,0.5194727983157956,0.6509731833115805,0.7133656662051853,0.772208645976233,0.8402735937151078,10,10,,True
maximum,Gompertz,2032,0.6056866370059717,0.7702368892621844,0.8601556421987648,0.9426895066355827,1.0410413266849652,10,10,,True
maximum,Gompertz,2033,0.7025786291082436,0.9040044834270506,1.0276347945749733,1.1402346948874813,1.2788713146526092,10,10,,True
maximum,Gompertz,2034,0.8114335750207189,1.0569424209585543,1.2223574139142328,1.3686652129174182,1.5557986955312222,10,10,,True
maximum,Gompertz,2035,0.9365986275139487,1.229430803648522,1.4395082078217727,1.6318333010418988,1.8774966398200037,10,10,,True
maximum,Gompertz,2036,1.067870680989601,1.4186338517236403,1.6837768990888033,1.932728578543568,2.24884458207466,10,10,,True
maximum,Gompertz,2037,1.2093053901909123,1.6261197638195009,1.9542970814425389,2.2731114505148167,2.6774536934817696,10,10,,True
maximum,Gompertz,2038,1.3643313305785136,1.860152200713514,2.2536068303675636,2.647662177623584,3.1616175796824493,10,10,,True
maximum,Gompertz,2039,1.52017326002604,2.103331365575541,2.578786719626858,3.063021553935956,3.697457910481884,10,10,,True
maximum,Gompertz,2040,1.711050085875965,2.3723842458819573,2.9398886616787525,3.5250470007872585,4.306588388314821,10,10,,True
maximum,Gompertz,2041,1.8977512804380638,2.65959254749208,3.3281368062506793,4.0330391893432385,4.9823124361100835,10,10,,True
maximum,Gompertz,2042,2.104976655347049,2.9687618639640467,3.753744739362298,4.596383547785887,5.725357449936257,10,10,,True
maximum,Gompertz,2043,2.3257232155462715,3.295729264047075,4.196101611085091,5.202991958236904,6.569547458376224,10,10,,True
maximum,Gompertz,2044,2.5649643183624224,3.6596808315449807,4.668870709675674,5.842287322469039,7.468419469423922,10,10,,True
maximum,Gompertz,2045,2.8132677555671735,4.040437894902688,5.158613529786686,6.5275457571221605,8.424833857506822,10,10,,True
maximum,Gompertz,2046,3.104370946356503,4.427768666094781,5.697921265220733,7.279775482037796,9.467377445652996,10,10,,True
maximum,Gompertz,2047,3.3655334476722376,4.839192295496432,6.275190696142111,8.054585040453107,10.57360137548052,10,10,,True
maximum,Gompertz,2048,3.625119781964524,5.2483400324679135,6.827785909190556,8.898740384618456,11.736870457989363,10,10,,True
maximum,Gompertz,2049,3.9201912822254865,5.683197572343554,7.47995401067475,9.802340306769263,12.95372034325777,10,10,,True
maximum,Gompertz,2050,4.2049697134382695,6.1326856205784575,8.1562606774026,10.755127814219907,14.258756490140932,10,10,,True
maximum,Gompertz,2051,4.440176026290675,6.563015337341885,8.824988403522914,11.740300441325788,15.611759519260506,10,10,,True
maximum,Gompertz,2052,4.73583010168301,7.042033373186002,9.46131985664331,12.738704608180136,16.99850254091738,10,10,,True
maximum,Gompertz,2053,5.001319086715632,7.5269118333098,10.146417497071077,13.800670144886203,18.524986166295548,10,10,,True
maximum,Gompertz,2054,5.285254310500743,7.9890728118723775,10.811699681839139,14.825564611768291,20.059398566157594,10,10,,True
maximum,Gompertz,2055,5.55561930199385,8.469436172820354,11.54505708903826,15.898841093958724,21.634826305473986,10,10,,True
maximum,Gompertz,2056,5.806538517835292,8.941483021329525,12.24700944011802,17.00192422398323,23.212335083905014,10,10,,True
maximum,Gompertz,2057,6.0969800714430225,9.432472629547478,12.94630093493095,18.170879933656803,24.757228118099782,10,10,,True
maximum,Gompertz,2058,6.355695505650927,9.916869811389983,13.663749374525104,19.26477747377619,26.328898391662154,10,10,,True
maximum,Gompertz,2059,6.589008131914563,10.39604550718797,14.363955553831008,20.393737965984002,27.89063455845187,10,10,,True
maximum,Gompertz,2060,6.7988301740265555,10.910961926683985,15.076021799820495,21.556851909676308,29.553707437883443,10,10,,True
maximum,Gompertz,2061,7.0074569592087235,11.378652597783688,15.770904601492383,22.5543225853949,31.18606567749163,10,10,,True
maximum,Gompertz,2062,7.176639871880394,11.795268908461663,16.42952493046367,23.57022898179829,32.84176585047365,10,10,,True
maximum,Gompertz,2063,7.403127848461092,12.23753494240053,17.121990424035594,24.563712493784454,34.401149467441925,10,10,,True
maximum,Gompertz,2064,7.5868258915970594,12.667685430110414,17.745049268211034,25.571617199362453,36.02511714031146,10,10,,True
maximum,Gompertz,2065,7.825734444820424,13.033744710839594,18.312927222193423,26.6212478818162,37.51300564854364,10,10,,True
maximum,Gompertz,2066,8.047698391773018,13.440123467400525,18.905877560418837,27.62305759882952,38.89695679036294,10,10,,True
maximum,Gompertz,2067,8.239232447023804,13.82576452546287,19.505941321175648,28.477552363356708,40.48853138781911,10,10,,True
maximum,Gompertz,2068,8.354300954911473,14.148333464228987,20.02443897979041,29.380688684511288,41.909739311540356,10,10,,True
maximum,Gompertz,2069,8.468496336960795,14.474180306649632,20.557280149817334,30.29496258969113,43.485480038454426,10,10,,True
maximum,Gompertz,2070,8.568981029046025,14.790358365171166,21.02068574312643,31.070439498740022,45.02307930810421,10,10,,True
maximum,Gompertz,2071,8.78746863938433,15.095792421286951,21.405732337838234,31.677695458555192,46.49838372109538,10,10,,True
maximum,Gompertz,2072,8.989592146996735,15.34601351703973,21.82322384502214,32.37606678558243,47.79091114555303,10,10,,True
maximum,Gompertz,2073,9.104519809160324,15.559924937515131,22.188313970632215,32.98553402839373,49.22608715658031,10,10,,True
maximum,Gompertz,2074,9.1997927818605,15.759428268429676,22.498402179794226,33.54047234131417,50.607932158500454,10,10,,True
maximum,Gompertz,2075,9.342605363891892,15.950868491130695,22.73271265922613,34.039515738288905,51.791597211787774,10,10,,True
maximum,Gompertz,2076,9.373499986391522,16.096179776144716,23.017986693956566,34.49373440381399,52.734397646075465,10,10,,True
maximum,Gompertz,2077,9.378380381778092,16.25421740637375,23.298621133351425,34.93925389720529,53.65790800446514,10,10,,True
maximum,Gompertz,2078,9.403716325963273,16.372796615825585,23.561283697495963,35.31530446680739,54.511669351552136,10,10,,True
maximum,Gompertz,2079,9.38541373830493,16.460196581270406,23.679956949238132,35.827631862141345,55.313602811810405,10,10,,True
maximum,Gompertz,2080,9.381959009039415,16.547891204072638,23.868205474853482,36.27220472380022,56.294314008395105,10,10,,True
maximum,Gompertz,2081,9.437030840162839,16.593412723756952,24.084435074702082,36.525034067623665,57.12437310258069,10,10,,True
maximum,Gompertz,2082,9.398550463855967,16.602654471683067,24.178485058224492,36.74783197428604,57.85631144976523,10,10,,True
maximum,Gompertz,2083,9.333115894697125,16.62104926888451,24.202838237109546,36.881641582079,58.388789037381244,10,10,,True
maximum,Gompertz,2084,9.260857844019704,16.60263337738909,24.19374127679317,36.98755792199974,58.79825340479519,10,10,,True
maximum,Gompertz,2085,9.230581727383544,16.563962526233716,24.151570820227597,37.04729624558031,59.23001318156655,10,10,,True
maximum,Gompertz,2086,9.110573885640896,16.51493565075735,24.009918239588135,37.10763172904716,59.664469720734516,10,10,,True
maximum,Gompertz,2087,9.0107242269487,16.4489838935281,23.928964585520383,37.09265112796204,59.91235516719749,10,10,,True
maximum,Gompertz,2088,8.879322073508558,16.362699223246665,23.79743094518672,37.0943403979253,60.072371079214776,10,10,,True
maximum,Gompertz,2089,8.787455538783242,16.245637075747393,23.634894334873096,37.040815581060286,60.16640019361454,10,10,,True
maximum,Gompertz,2090,8.665165548697315,16.096568005384867,23.559686044196347,36.99505127347238,60.184904865253664,10,10,,True
maximum,Gompertz,2091,8.534900150334705,15.950470024383225,23.360931339590692,36.723474279617,60.1961417721538,10,10,,True
maximum,Gompertz,2092,8.400889634379611,15.731357156684798,23.20986178314314,36.57049463585991,60.26616802574216,10,10,,True
maximum,Gompertz,2093,8.269326632235334,15.536727645296267,23.010749222412784,36.413111242030496,60.4602336212402,10,10,,True
maximum,Gompertz,2094,8.134179649929571,15.39834114025673,22.806246968528328,36.21888858262674,60.208642949154125,10,10,,True
maximum,Gompertz,2095,7.995893427461265,15.270092939017509,22.679081204825117,35.78963081217057,60.064409616220544,10,10,,True
maximum,Gompertz,2096,7.854893791419075,15.09464776101346,22.47802336627297,35.55232617437212,59.78334588038322,10,10,,True
maximum,Gompertz,2097,7.7115873021763335,14.905027820658912,22.178982955789188,35.270370550013546,59.41353153521949,10,10,,True
maximum,Gompertz,2098,7.542461112489446,14.682463608037523,21.881011846504137,34.81164348581247,59.06318174658763,10,10,,True
maximum,Gompertz,2099,7.39235310526597,14.44098560383205,21.623058558532215,34.36190506803396,58.62360952936872,10,10,,True
maximum,Gompertz,2100,7.248157931840924,14.224783580804825,21.317409668476145,33.95590472967103,58.31067984932812,10,10,,True
maximum,Gompertz,2101,7.103734254469342,14.007780014301558,20.987942828362492,33.59082048903224,58.02339884936386,10,10,,True
maximum,Gompertz,2102,6.9754282375891385,13.782867726446758,20.686258514634694,33.185785310675314,57.48560876597505,10,10,,True
maximum,Gompertz,2103,6.855490500203076,13.569121306091558,20.335347393273175,32.76819139742057,56.88753046654032,10,10,,True
maximum,Gompertz,2104,6.737222326527041,13.320944260556097,20.065967255801702,32.453505460510264,56.12781413668043,10,10,,True
maximum,Gompertz,2105,6.565157882500077,13.072359344708541,19.784212636548176,31.940699830863206,55.38638562322751,10,10,,True
maximum,Gompertz,2106,6.430315087858438,12.854373796367318,19.386366987152435,31.484269634387978,54.88029719899654,10,10,,True
maximum,Gompertz,2107,6.325565910300798,12.624100336386594,19.14232574870263,30.931060349568064,54.19148062778397,10,10,,True
maximum,Gompertz,2108,6.219174784492567,12.3781741566082,18.777612771919674,30.454383947645564,53.45519680894453,10,10,,True
maximum,Gompertz,2109,6.111381622199463,12.130742769898411,18.38171045955355,29.93526459618785,52.69311010278077,10,10,,True
maximum,Gompertz,2110,6.002416740816338,11.88167127479323,17.95593434446564,29.401105063126156,51.891929281861046,10,10,,True
maximum,Gompertz,2111,5.885710494518787,11.62191656865637,17.535333751584016,28.735745854607558,51.07227349040692,10,10,,True
maximum,Gompertz,2112,5.716560419945074,11.360261756870141,17.191521978999116,28.181489453367504,50.23641010048282,10,10,,True
maximum,Gompertz,2113,5.570760226566524,11.106342755475598,16.849722190989418,27.612975611378726,49.3201240612364,10,10,,True
maximum,Gompertz,2114,5.422608512372876,10.850152065661382,16.467448097414902,26.93746365953138,48.32223791669285,10,10,,True
maximum,Gompertz,2115,5.290422427008117,10.577585713930787,16.064302375688225,26.29362833653885,47.31189013755305,10,10,,True
maximum,Gompertz,2116,5.169666087129331,10.289872660373101,15.677570978718514,25.81023347925638,46.3890332098994,10,10,,True
maximum,Gompertz,2117,5.050106995155973,10.004509007016868,15.372934718673854,25.305521298947433,45.44840878794955,10,10,,True
maximum,Gompertz,2118,4.929497998238641,9.738082890467762,15.06931068651158,24.67599791448628,44.57723770130802,10,10,,True
maximum,Gompertz,2119,4.781230975758843,9.482151353907707,14.734975444114692,24.07312022849593,43.69569563706704,10,10,,True
maximum,Gompertz,2120,4.652411334814446,9.258193221833025,14.374673215170912,23.425031556510273,42.812980209780385,10,10,,True
maximum,Gompertz,2121,4.552665792640547,9.045903925099466,14.015393532417534,22.899902575458327,41.930470151715525,10,10,,True
maximum,Gompertz,2122,4.453492407947477,8.79660216914104,13.662339324404218,22.39709446859003,41.04945953028869,10,10,,True
maximum,Gompertz,2123,4.3549940533633045,8.575163929356428,13.324101217754933,21.899545787245337,40.1711434291324,10,10,,True
maximum,Gompertz,2124,4.255541024226842,8.330803149132782,13.011333642334783,21.37773899172356,39.29297745525212,10,10,,True
maximum,Gompertz,2125,4.14854524721554,8.123707460197444,12.702239986276986,20.9090688545476,38.44876160030453,10,10,,True
maximum,Gompertz,2126,4.025940431237874,7.922820217304871,12.380784509261222,20.311512945053067,37.659130476676545,10,10,,True
maximum,Gompertz,2127,3.9008609518490918,7.70996309828891,12.066634751047125,19.752991846508152,36.8593712213568,10,10,,True
maximum,Gompertz,2128,3.7788538538530485,7.510628058309113,11.74236635476461,19.24700552345745,36.077480475294855,10,10,,True
maximum,Gompertz,2129,3.659905440925268,7.32662526219362,11.433403171341372,18.782090728740176,35.24122902339177,10,10,,True
maximum,Gompertz,2130,3.543996517562258,7.125205480486904,11.13751822345154,18.325313873327083,34.33174508876782,10,10,,True
maximum,Gompertz,2131,3.4314411992274465,6.923113878073869,10.872227472187891,17.856732535891755,33.43220579924491,10,10,,True
maximum,Gompertz,2132,3.3218960034672427,6.703807251787204,10.605268768148282,17.35166437760477,32.58704604805902,10,10,,True
maximum,Gompertz,2133,3.2152756340772513,6.523038325815832,10.331208609501642,16.82998152758335,31.884138303157055,10,10,,True
maximum,Gompertz,2134,3.1115450014114616,6.355704714887324,10.027892818194886,16.3604408735753,31.053689507375612,10,10,,True
maximum,Gompertz,2135,3.022491725441671,6.1719394794125595,9.763141621172462,15.888879702698501,30.23054982906084,10,10,,True
maximum,Gompertz,2136,2.9415905652673193,5.987661243045971,9.47426863777397,15.42468301729392,29.422179364461147,10,10,,True
maximum,Gompertz,2137,2.8634638278950875,5.813403953350335,9.208565949645784,14.968774644535218,28.678391633442494,10,10,,True
maximum,Gompertz,2138,2.784480723662328,5.635846964531983,8.954317928644507,14.523344470449015,28.06462263212115,10,10,,True
maximum,Gompertz,2139,2.7066296982227103,5.472026502932265,8.69876393498319,14.088498438204935,27.36766734721142,10,10,,True
maximum,Gompertz,2140,2.616311021361753,5.321300054491182,8.429106374496813,13.68141889437099,26.60499847043435,10,10,,True
maximum,Gompertz,2141,2.5286641621559647,5.1746859573316515,8.178560190940335,13.273899978004925,25.857993284958905,10,10,,True
maximum,Gompertz,2142,2.4440972578785805,5.010335361831604,7.960375144392724,12.857900933099252,25.149034555123567,10,10,,True
maximum,Gompertz,2143,2.3660588907962286,4.856838918740006,7.724408789037268,12.46001224315471,24.512890093054747,10,10,,True
maximum,Gompertz,2144,2.2969108406898693,4.705729793379424,7.502124498988223,12.101228972788832,23.93901965057325,10,10,,True
maximum,Gompertz,2145,2.229198013035449,4.567308203782087,7.295583851279527,11.769913740067544,23.327926576653383,10,10,,True
maximum,Gompertz,2146,2.1630614189241366,4.435425706293355,7.090266470617441,11.474222997648223,22.690367292160815,10,10,,True
maximum,Gompertz,2147,2.098742766770963,4.3028998867080706,6.874681110917381,11.16197718498934,22.100924334210323,10,10,,True
maximum,Gompertz,2148,2.0343510270709286,4.163270450685198,6.670567983420988,10.841866200381244,21.537762075032397,10,10,,True
maximum,Gompertz,2149,1.9618151678728921,4.02114804148038,6.473399196678028,10.531014044914556,20.983753305263,10,10,,True
maximum,Gompertz,2150,1.8916926742054774,3.903137515528969,6.26765039796855,10.248904076286259,20.44055581514023,10,10,,True
maximum,Gompertz,2151,1.8241093522452914,3.784777036743607,6.077358577666278,9.97445647005636,19.85812390639778,10,10,,True
maximum,Gompertz,2152,1.7593885517423182,3.6654035518598738,5.876356041051001,9.705141505864702,19.329221792370614,10,10,,True
maximum,Gompertz,2153,1.7114630061488934,3.5479244684497946,5.695768313881496,9.438141669609806,18.839498519541543,10,10,,True
maximum,Gompertz,2154,1.6657412010373844,3.4348148924619615,5.527186495332328,9.177262732785636,18.29991850416042,10,10,,True
maximum,Gompertz,2155,1.6168591644598376,3.3251075796910863,5.361432858602492,8.922442343232742,17.78507479924444,10,10,,True
maximum,Gompertz,2156,1.5554424590548903,3.2231534352652487,5.200127873235841,8.673613134699202,17.313656452079503,10,10,,True
maximum,Gompertz,2157,1.49625114429489,3.1145435862324264,5.043187591515652,8.425361567862828,16.855144944824495,10,10,,True
maximum,Gompertz,2158,1.4392130942560404,3.016164499028622,4.887860929953932,8.182423059260003,16.405377446345828,10,10,,True
maximum,Gompertz,2159,1.3842578339100982,2.9244782869301704,4.729320621939154,7.943687351757781,15.937405568333416,10,10,,True
maximum,Gompertz,2160,1.331316561517465,2.837957597018394,4.58205944407318,7.698609596357435,15.462043314941115,10,10,,True
maximum,Gompertz,2161,1.2804152225377934,2.752781425542297,4.455114663138572,7.461851932579151,15.025076912461708,10,10,,True
maximum,Gompertz,2162,1.2313960780117643,2.6670023683004036,4.324734596986195,7.231731164580047,14.603131734494585,10,10,,True
maximum,Gompertz,2163,1.1841891843376875,2.586741139607232,4.192486696271472,7.005740186752315,14.191424737738963,10,10,,True
maximum,Gompertz,2164,1.1387327226841903,2.507424052340558,4.070129343469001,6.776211573956674,13.786709937109404,10,10,,True
maximum,Gompertz,2165,1.0949665657318721,2.432808174213159,3.9440242953406357,6.562004917665591,13.391945339191428,10,10,,True
maximum,Gompertz,2166,1.055796825811715,2.3607953633571768,3.8134814729019957,6.344611578914838,12.990457345869496,10,10,,True
maximum,Gompertz,2167,1.0185234737487652,2.280769981059853,3.7010771623469427,6.1325152246384675,12.575792944354461,10,10,,True
maximum,Gompertz,2168,0.9837887114980957,2.207442605850517,3.5900062178236123,5.932210307375474,12.173393427324967,10,10,,True
maximum,Gompertz,2169,0.9540952926065454,2.1411377141848864,3.477856706322275,5.739293847738606,11.782961933811258,10,10,,True
maximum,Gompertz,2170,0.9242135636702619,2.0692574880937418,3.3591852246957288,5.550225163215513,11.443532895880072,10,10,,True
maximum,Gompertz,2171,0.8895153018485662,1.9971694319220938,3.2451623748818297,5.3643477650711615,11.129859473247459,10,10,,True
maximum,Gompertz,2172,0.8598486149760638,1.9275226281162432,3.1438937759218524,5.189744993785821,10.823792848490692,10,10,,True
maximum,Gompertz,2173,0.8346127497163239,1.8602401090555865,3.0519109768384993,5.02137060633662,10.525208540479266,10,10,,True
maximum,Gompertz,2174,0.8100952033776797,1.7990824516951434,2.9561620633509866,4.868011882078718,10.23310366916955,10,10,,True
maximum,Gompertz,2175,0.7863345399732,1.7419902565081777,2.8633139388784725,4.717259099958987,9.9407893893206,10,10,,True
maximum,Gompertz,2176,0.7633492336802874,1.6824834439234886,2.769303053250587,4.572941531776979,9.627079460671911,10,10,,True
maximum,Gompertz,2177,0.7410164028544267,1.6245215530670785,2.6844006864477277,4.4252269418914745,9.322115826239246,10,10,,True
maximum,Gompertz,2178,0.7159146005718695,1.5724907905265062,2.600028324704992,4.287068627666769,9.026318447587144,10,10,,True
maximum,Gompertz,2179,0.689167905606402,1.5211054139392644,2.515667572078927,4.153016214459709,8.739446048020776,10,10,,True
growth10,Logistic,2030,0.16079871836853973,0.19117625245754677,0.21207625732025076,0.22571234284997826,0.24012905706624665,10,10,,True
growth10,Logistic,2031,0.17138464801438547,0.2052032330401451,0.22959294087109244,0.24516637441957273,0.2624793711346482,10,10,,True
growth10,Logistic,2032,0.18225984820088184,0.2202125334908031,0.24834721369392437,0.2663730988789748,0.2866930355132965,10,10,,True
growth10,Logistic,2033,0.19365130121452653,0.23604267536469853,0.26798118668199333,0.28951470703846904,0.31277300541581726,10,10,,True
growth10,Logistic,2034,0.20547604543847883,0.2526555378807052,0.28894708317569295,0.31399765939392543,0.3407071091368296,10,10,,True
growth10,Logistic,2035,0.21859909553661144,0.27051961814506353,0.3108900023034938,0.3402217452590829,0.3714069120006686,10,10,,True
growth10,Logistic,2036,0.23234385398783425,0.2891621231634982,0.33451685738391235,0.368300381812679,0.40382226201637134,10,10,,True
growth10,Logistic,2037,0.24550618022327292,0.30896943751365746,0.3595108408972054,0.39796571203128733,0.43950317054381965,10,10,,True
growth10,Logistic,2038,0.26041413100316685,0.32847546983651776,0.3860425359254397,0.4290063299922805,0.4769190629536352,10,10,,True
growth10,Logistic,2039,0.2749447444756997,0.3494641359734756,0.4127649371895785,0.4625718718111441,0.515273975275127,10,10,,True
growth10,Logistic,2040,0.29061274619368965,0.37213743700345087,0.44153438930909505,0.4977987187281939,0.5597224496473825,10,10,,True
growth10,Logistic,2041,0.3054580854540213,0.3956364231945206,0.4715786619442095,0.5341685153342557,0.6061175958916833,10,10,,True
growth10,Logistic,2042,0.3213081441937726,0.4189589627649673,0.5013636807319193,0.5724729806392319,0.6557810959362428,10,10,,True
growth10,Logistic,2043,0.33828484369616135,0.44330519795391643,0.5311043577105797,0.6110197789094562,0.707012503312606,10,10,,True
growth10,Logistic,2044,0.3536248475669312,0.4658943699046909,0.5623308676750113,0.6520796681652187,0.7655107682238448,10,10,,True
growth10,Logistic,2045,0.37226106413917587,0.4903071366332366,0.595769413906995,0.6946079399222449,0.8242316577048179,10,10,,True
growth10,Logistic,2046,0.3883902489373836,0.5152024478579601,0.6266276690614858,0.7384253738284243,0.8867697143660912,10,10,,True
growth10,Logistic,2047,0.40724748126736177,0.5402466032612768,0.6596687540284625,0.7838321439405265,0.9520125754323364,10,10,,True
growth10,Logistic,2048,0.42271202935022084,0.5654272575816824,0.6937697972080562,0.8303265240906392,1.0224656940892076,10,10,,True
growth10,Logistic,2049,0.43237880319967903,0.589649470179344,0.726182407497249,0.8763794945268697,1.0961277642021336,10,10,,True
growth10,Logistic,2050,0.4515264615844821,0.6140538911562811,0.7566823022940155,0.9212240865417803,1.1717405627426198,10,10,,True
growth10,Logistic,2051,0.4644718852382875,0.6368855060595858,0.79069518522433,0.96421582307293,1.2472666515079207,10,10,,True
growth10,Logistic,2052,0.4792528511126426,0.6551827701485712,0.8195606680307785,1.005083358142643,1.3263425626677552,10,10,,True
growth10,Logistic,2053,0.49554116638544105,0.6754792890074129,0.8484765534047871,1.046994288999706,1.4094910171676909,10,10,,True
growth10,Logistic,2054,0.5072307739934157,0.6946475439212974,0.8748318621165655,1.0916946014598905,1.4978823626856992,10,10,,True
growth10,Logistic,2055,0.5161045749698656,0.7131609096337194,0.897855248242827,1.128200379498704,1.5918663016901085,10,10,,True
growth10,Logistic,2056,0.521864217406504,0.7296164224023478,0.9210756202592656,1.1642717213859741,1.676997070755941,10,10,,True
growth10,Logistic,2057,0.5286744855019923,0.7426321390860771,0.9392042650767845,1.1980790626272095,1.7707541826481363,10,10,,True
growth10,Logistic,2058,0.5314057295091624,0.7513556951395874,0.9538717990364133,1.2341010500979521,1.8638287875334623,10,10,,True
growth10,Logistic,2059,0.5382040187316043,0.7623352497434602,0.972133060627244,1.2696880744820065,1.9506780937610388,10,10,,True
growth10,Logistic,2060,0.5378283512317181,0.7726783227048494,0.9906940351813979,1.2988700802084157,2.0299440612725888,10,10,,True
growth10,Logistic,2061,0.5369675072206352,0.7732878745176119,1.0063656410824073,1.3240573968249154,2.092265129646444,10,10,,True
growth10,Logistic,2062,0.5374872545655026,0.7759721773537919,1.0159770054612531,1.3476481246360383,2.17260221947704,10,10,,True
growth10,Logistic,2063,0.5359032447672604,0.7744602568418935,1.0269884528975743,1.3712923940414727,2.2607863221769997,10,10,,True
growth10,Logistic,2064,0.5358752792351102,0.7719215883822579,1.0248354780952134,1.3923915042024118,2.3544281429468654,10,10,,True
growth10,Logistic,2065,0.5294991096748866,0.7660864016064828,1.0260064872521877,1.4112128991902286,2.447788278288427,10,10,,True
growth10,Logistic,2066,0.5221971173277615,0.7542354051659259,1.0239040550076979,1.42493018683454,2.51147197120459,10,10,,True
growth10,Logistic,2067,0.5098775235167503,0.7447025447642657,1.0214580202508334,1.4232530887146437,2.551275244990252,10,10,,True
growth10,Logistic,2068,0.4978727915728957,0.7342383152628117,1.011663520767973,1.4332356059063385,2.644894478382035,10,10,,True
growth10,Logistic,2069,0.48508328409591744,0.721497750369598,1.0036860016073623,1.447821118977509,2.71772753429718,10,10,,True
growth10,Logistic,2070,0.47240807495063275,0.7084045830254339,0.9904729762060465,1.446405682359724,2.793096946532075,10,10,,True
growth10,Logistic,2071,0.4592010534531668,0.6924293218703977,0.9768616949621702,1.4271679444697065,2.827345900138161,10,10,,True
growth10,Logistic,2072,0.4452500152137026,0.6731110454608187,0.9705532246639159,1.421812938102834,2.8869317111013464,10,10,,True
growth10,Logistic,2073,0.4312833001613219,0.6507307560773329,0.9572812885484197,1.4004301490305142,2.88473686297987,10,10,,True
growth10,Logistic,2074,0.414907168395704,0.6309692433206426,0.929015541802366,1.375673925386635,2.886881437175998,10,10,,True
growth10,Logistic,2075,0.39681563906749706,0.6146278503009894,0.9090621347760544,1.3631912247149005,2.876205258692698,10,10,,True
growth10,Logistic,2076,0.38342281872847284,0.5922341700454627,0.8853801757462574,1.3375518064328853,2.858852155733983,10,10,,True
growth10,Logistic,2077,0.3654403481927752,0.5689393504993587,0.85634821870425,1.3029471198270572,2.8452760619130513,10,10,,True
growth10,Logistic,2078,0.34429419625241064,0.5471361334966791,0.8315308480060792,1.283139399819849,2.821112609461559,10,10,,True
growth10,Logistic,2079,0.3300652646062236,0.5211863674677881,0.7987776013429275,1.2550456832326717,2.812141061921507,10,10,,True
growth10,Logistic,2080,0.31249418814585617,0.4951113699857834,0.7681258089995199,1.2170899768521934,2.7540802104159483,10,10,,True
growth10,Logistic,2081,0.2925058695169096,0.4741027194602216,0.7371218397929367,1.1842607009980752,2.7109920313381726,10,10,,True
growth10,Logistic,2082,0.2773924408296671,0.4502396626206534,0.7114565871250018,1.1396742621286795,2.65324029884516,10,10,,True
growth10,Logistic,2083,0.26164866552967075,0.4285444559445939,0.6773130423988865,1.1018249880400108,2.559869116707962,10,10,,True
growth10,Logistic,2084,0.24407270039735446,0.40758066107918367,0.6459778929219735,1.064559071310382,2.4970458196084424,10,10,,True
growth10,Logistic,2085,0.23017156181774692,0.38637923575070476,0.6142465198687553,1.0394977112762525,2.4389753355643866,10,10,,True
growth10,Logistic,2086,0.21651656803407382,0.36509619610837063,0.583459686393832,0.999263004276655,2.395818552824515,10,10,,True
growth10,Logistic,2087,0.20366273619867997,0.34933898297089094,0.5537327279383895,0.9559837408716354,2.3477131565666167,10,10,,True
growth10,Logistic,2088,0.19055557933681647,0.33233432326780854,0.5257834178863492,0.9229451026541213,2.3075266960854646,10,10,,True
growth10,Logistic,2089,0.17689260405694382,0.3131147610528201,0.4984339795362679,0.8834937980993951,2.2631367613934024,10,10,,True
growth10,Logistic,2090,0.16611938383808558,0.29673688069262516,0.4714288903572753,0.8364659181285816,2.2416100607604146,10,10,,True
growth10,Logistic,2091,0.15576430143647163,0.27913893282318225,0.4444848099291756,0.7900777302606466,2.1736950647871622,10,10,,True
growth10,Logistic,2092,0.14484275830196,0.2635817111781252,0.42099830552624073,0.7444694180482536,2.0910414306374547,10,10,,True
growth10,Logistic,2093,0.13449966784318346,0.2460978547746418,0.39942327077207107,0.7066270767062757,1.9931291334140366,10,10,,True
growth10,Logistic,2094,0.12505016043525038,0.23083870867100542,0.37348757991472603,0.6754654239026419,1.8932171038140229,10,10,,True
growth10,Logistic,2095,0.11569100887965823,0.218580834153249,0.3511222555842137,0.6352695411949785,1.7808666688806898,10,10,,True
growth10,Logistic,2096,0.10631518070138564,0.20500615438232148,0.3299273516826332,0.6027061612077138,1.7141806965224582,10,10,,True
growth10,Logistic,2097,0.09820175523798766,0.1906847197019657,0.3087554381664003,0.5702162538925813,1.6828655576457583,10,10,,True
growth10,Logistic,2098,0.0914642857428541,0.17722325674275116,0.2888528698834505,0.5411050326231174,1.6043688487721421,10,10,,True
growth10,Logistic,2099,0.08498284439343828,0.16572018781239803,0.26961771076527513,0.5066636200642807,1.5152623745023495,10,10,,True
growth10,Logistic,2100,0.07919647066185723,0.15440398772951,0.2525211316568188,0.4670761760941021,1.4560081208543354,10,10,,True
growth10,Logistic,2101,0.07330609232452648,0.1433706034618404,0.23601913800339425,0.44224027894587903,1.3782499956421153,10,10,,True
growth10,Logistic,2102,0.06714849296911386,0.1327813504618289,0.21882311882503858,0.4141105970202933,1.2917575704145843,10,10,,True
growth10,Logistic,2103,0.061929867955576014,0.12310781971470743,0.2050903674814363,0.38545642195829777,1.2163877002409273,10,10,,True
growth10,Logistic,2104,0.057805628000219794,0.11406494056570562,0.19194491320053017,0.359488900117655,1.1482856315469072,10,10,,True
growth10,Logistic,2105,0.05291052618474598,0.10626280731526001,0.17925175293754164,0.3402970754319925,1.0811529350241813,10,10,,True
growth10,Logistic,2106,0.048165210964790414,0.09794014341056412,0.1686142238098612,0.3190499543324371,1.0047223134616379,10,10,,True
growth10,Logistic,2107,0.043837965386575556,0.09079378365266291,0.15645317957837657,0.29664539846760923,0.9443832924170544,10,10,,True
growth10,Logistic,2108,0.040435017737886124,0.08398705913787051,0.1456643389496678,0.2787389755395252,0.8855886505072998,10,10,,True
growth10,Logistic,2109,0.03741723508023064,0.07774690605956826,0.1352689322303423,0.25961188613013136,0.8332176272118839,10,10,,True
growth10,Logistic,2110,0.03491970787457216,0.07221987823221367,0.1249400703345002,0.24253253185096313,0.7811336139741655,10,10,,True
growth10,Logistic,2111,0.03198296299886274,0.06679346285693982,0.11682325784613384,0.22626536651729273,0.7248661606201923,10,10,,True
growth10,Logistic,2112,0.0297109249845346,0.06183841537987067,0.10832866997761705,0.20877587965148128,0.6726189676053921,10,10,,True
growth10,Logistic,2113,0.027591737611204457,0.05703628126542652,0.10055786242534834,0.1954509815736247,0.6298666861813489,10,10,,True
growth10,Logistic,2114,0.025330363343577297,0.05293528445444387,0.09384736263333779,0.1820099165288293,0.5870126512548137,10,10,,True
growth10,Logistic,2115,0.023193418996054437,0.04901150229285077,0.08679559311197554,0.1697443908682681,0.5473947250238156,10,10,,True
growth10,Logistic,2116,0.021187198036816658,0.04552145020995482,0.08119964591031337,0.15896511726456972,0.5089834909011463,10,10,,True
growth10,Logistic,2117,0.019656261533282343,0.042073822525318334,0.07581653579265105,0.14710637009011948,0.47403142714338564,10,10,,True
growth10,Logistic,2118,0.018310384405242814,0.03886494463890614,0.07008539220422458,0.13626886558757223,0.4422348861271382,10,10,,True
growth10,Logistic,2119,0.016751071375858344,0.03586243693726418,0.06522007643035455,0.12769701079545345,0.4136995618129866,10,10,,True
growth10,Logistic,2120,0.015373850579805502,0.033239438390682254,0.060081056515597975,0.11967082714516677,0.3861263602588198,10,10,,True
growth10,Logistic,2121,0.014087009512627117,0.03089620891546755,0.05572863034703353,0.11181893660483204,0.3607116847202649,10,10,,True
growth10,Logistic,2122,0.01290406371295161,0.02856666586577463,0.05173028202620206,0.10429466776342473,0.3339744642274692,10,10,,True
growth10,Logistic,2123,0.011817601272530523,0.026447657352323958,0.04789306481707266,0.09685435209456371,0.3153931596089933,10,10,,True
growth10,Logistic,2124,0.010823032091176122,0.024525339352224285,0.04421844377281085,0.09009160062103916,0.30556764043520707,10,10,,True
growth10,Logistic,2125,0.009917532839534539,0.022741386850975872,0.04141471915292433,0.08370610169389428,0.285602868985556,10,10,,True
growth10,Logistic,2126,0.00908859062791689,0.020980878525218485,0.038175144334390815,0.07782080689983749,0.26605116805338824,10,10,,True
growth10,Logistic,2127,0.00833002391439682,0.01946688492571833,0.035521410475315485,0.07185212002322497,0.24851969345441102,10,10,,True
growth10,Logistic,2128,0.0076997921283859195,0.017895986031953776,0.03317104374083264,0.06704236399788924,0.23126047453340265,10,10,,True
growth10,Logistic,2129,0.0071214555857987095,0.01656765947640093,0.030765877380770065,0.06191861626939693,0.21580366615511892,10,10,,True
growth10,Logistic,2130,0.0065870209337333995,0.015404568674461203,0.028688966882302793,0.05762497005917605,0.20372536644870554,10,10,,True
growth10,Logistic,2131,0.0060685072964186074,0.014144086426023827,0.02674211059074936,0.053908538012658457,0.19070447807690574,10,10,,True
growth10,Logistic,2132,0.005606826403988284,0.012971854026671076,0.024812494183581748,0.04996783765578379,0.18201312129924413,10,10,,True
growth10,Logistic,2133,0.005138688308292132,0.011966964891758573,0.02315084338005843,0.046308942335098496,0.17135300978667742,10,10,,True
growth10,Logistic,2134,0.004753181578562059,0.011067813807049309,0.021564949724767662,0.043218689454132646,0.16137927691785628,10,10,,True
growth10,Logistic,2135,0.004371822458854629,0.010239484865650555,0.020197454297056015,0.04040332988031902,0.1506495166319225,10,10,,True
growth10,Logistic,2136,0.004059135737585194,0.009487004676098098,0.018751443885468184,0.03792427840702201,0.14038979827547854,10,10,,True
growth10,Logistic,2137,0.0037787368962916975,0.008784895792059787,0.017314156296477715,0.03528808193285193,0.1307629168902061,10,10,,True
growth10,Logistic,2138,0.0034968848598602585,0.008127735277018173,0.016121341588444582,0.03307263173690502,0.12130157232883877,10,10,,True
growth10,Logistic,2139,0.0032037389721030407,0.00749610086300227,0.015010037179777294,0.030480796228576457,0.11354329861881633,10,10,,True
growth10,Logistic,2140,0.002930052542536086,0.006925164952360403,0.014076434792845193,0.0284666746012624,0.10644186320020511,10,10,,True
growth10,Logistic,2141,0.0026747491676364565,0.0063994045516875386,0.01315532894210825,0.026551701351457322,0.09851630670185162,10,10,,True
growth10,Logistic,2142,0.002453122666645002,0.005916513661172818,0.01218084075530211,0.024564928859056624,0.09183193391715264,10,10,,True
growth10,Logistic,2143,0.0022630902558391083,0.005444247809315517,0.01143754410754573,0.02312067207004705,0.08533999381572402,10,10,,True
growth10,Logistic,2144,0.0020868636508615825,0.00500587451689695,0.010621073952730391,0.021571210787264605,0.07942018445244564,10,10,,True
growth10,Logistic,2145,0.0019244886094284827,0.004611347182891037,0.009932083987462047,0.02013472672227222,0.07417050240286199,10,10,,True
growth10,Logistic,2146,0.001774867470458659,0.004248199965663353,0.009234412876769505,0.018919082201615586,0.06981659164211178,10,10,,True
growth10,Logistic,2147,0.001636990002138358,0.003928747015935109,0.008687350370875813,0.017757339394314092,0.06567165643468309,10,10,,True
growth10,Logistic,2148,0.0014984163377733276,0.0036445452501688205,0.008110898463056775,0.016517934342701632,0.06227207957243409,10,10,,True
growth10,Logistic,2149,0.0013670058109879913,0.0033516742386822777,0.007497223769438313,0.015158110663524453,0.05880234056949254,10,10,,True
growth10,Logistic,2150,0.001249882095499558,0.0030975976224584425,0.006988848658228283,0.01395404278340198,0.05511505591708366,10,10,,True
growth10,Logistic,2151,0.001140708755324271,0.0028645907410260528,0.006537969083744492,0.012992232633606588,0.051699986559585735,10,10,,True
growth10,Logistic,2152,0.001043143705818175,0.0026712505897071625,0.006066178181547114,0.012286834585588848,0.04858281281110364,10,10,,True
growth10,Logistic,2153,0.0009664977895422627,0.0024535342470483473,0.005638830934582085,0.011650049042888275,0.04575582768932448,10,10,,True
growth10,Logistic,2154,0.0008945435120465033,0.002281515005756396,0.005230202437884541,0.011042732565150466,0.04305390642966599,10,10,,True
growth10,Logistic,2155,0.0008195947648262713,0.002094397165025764,0.004871705075258076,0.01037172529717847,0.04053468401697932,10,10,,True
growth10,Logistic,2156,0.0007591680915598003,0.001942424567499592,0.004491340471194595,0.009730810291162635,0.03820966110312792,10,10,,True
growth10,Logistic,2157,0.0007061803484505674,0.001801144639014788,0.0041735493323377185,0.009059216955474523,0.03601519861739912,10,10,,True
growth10,Logistic,2158,0.0006541978684274295,0.0016698913598731126,0.0038821530863748675,0.008430101225102269,0.033917262501458524,10,10,,True
growth10,Logistic,2159,0.0006076616202344744,0.0015365897239012296,0.0036184692738643366,0.007824334342804924,0.03142924217291057,10,10,,True
growth10,Logistic,2160,0.0005645486650698289,0.001409913382128439,0.0033575752857103783,0.007335999551560758,0.029088986638823307,10,10,,True
growth10,Logistic,2161,0.000519827902226783,0.001302281360055202,0.0031118310398145217,0.006850946538374337,0.02735233955407672,10,10,,True
growth10,Logistic,2162,0.0004767208829596801,0.0012036710596955787,0.002908262381807005,0.00639037555141236,0.025702861010797703,10,10,,True
growth10,Logistic,2163,0.0004411931841977551,0.0011242762944576922,0.002699556882229676,0.0059529784969743,0.024130753156743286,10,10,,True
growth10,Logistic,2164,0.0004072449990405871,0.0010439135893317553,0.0025142540367479103,0.005524790040950489,0.022739081230448443,10,10,,True
growth10,Logistic,2165,0.00037273850741894975,0.0009719600988312124,0.0023439952475856245,0.005219838815331428,0.02138530284200007,10,10,,True
growth10,Logistic,2166,0.00034170074122392,0.0008996483399230005,0.0022013004283610088,0.004868867841395651,0.02011946724694875,10,10,,True
growth10,Logistic,2167,0.00031257979183418763,0.0008399134899975706,0.002056503733047,0.004595526129218563,0.0189934655524305,10,10,,True
growth10,Logistic,2168,0.00028848472731912245,0.0007849917841807563,0.001931388445174597,0.004341518915108159,0.01794379549262493,10,10,,True
growth10,Logistic,2169,0.00026534776459312604,0.0007272697388324425,0.001799913680773597,0.004103775530551501,0.016849676196919898,10,10,,True
growth10,Logistic,2170,0.00024170063819770656,0.0006770311660007713,0.001677744699663742,0.003843164389636307,0.015944261083628074,10,10,,True
growth10,Logistic,2171,0.00022170073640175205,0.0006236340553672362,0.001567902395188281,0.003626493139384102,0.015037607718541972,10,10,,True
growth10,Logistic,2172,0.00020547709615197811,0.0005822944379859315,0.0014571015648345528,0.0033954924880720628,0.014283061030806777,10,10,,True
growth10,Logistic,2173,0.00018980774638672134,0.0005386644868194751,0.0013618262859244434,0.0032128976653947906,0.013520719199032551,10,10,,True
growth10,Logistic,2174,0.000174582312483627,0.0004977317996467573,0.0012719537205581528,0.0030024891998501374,0.012715460385404284,10,10,,True
growth10,Logistic,2175,0.00016205023334932975,0.00045787763218178726,0.0011788521741996328,0.002826218451413592,0.011855908993531384,10,10,,True
growth10,Logistic,2176,0.00014963421619599565,0.0004228676259426036,0.001094407448168866,0.0026662589912499163,0.011254096128382476,10,10,,True
growth10,Logistic,2177,0.0001374911779140087,0.000392992651745942,0.0010284975653881184,0.0025042893191290503,0.010734859070641043,10,10,,True
growth10,Logistic,2178,0.00012633601622879915,0.0003651530444498954,0.0009566103674077386,0.002343857141983154,0.01025670502674527,10,10,,True
growth10,Logistic,2179,0.0001156764187457282,0.00033894649092980995,0.0008898763568710392,0.0022276298912113596,0.00970382472749276,10,10,,True
growth10,Gompertz,2030,0.2005630966402218,0.23080208983985678,0.2518659597940255,0.2722705630761,0.2934131078747772,10,10,,True
growth10,Gompertz,2031,0.2124634943567962,0.24682187955308438,0.2708169154814757,0.29525425110307085,0.3215574213796463,10,10,,True
growth10,Gompertz,2032,0.22469686520160523,0.26302190594649644,0.2903870051570293,0.31876766144489155,0.3505835751387602,10,10,,True
growth10,Gompertz,2033,0.23728562953987686,0.27942538093723546,0.3107091921467243,0.34306593980985634,0.38180213528697204,10,10,,True
growth10,Gompertz,2034,0.25017651793597084,0.2966032882636176,0.3321423925367862,0.3687787821950638,0.41473189585137776,10,10,,True
growth10,Gompertz,2035,0.2633075928304005,0.31397626371639653,0.35380359623740953,0.39599340362935365,0.44937515250780424,10,10,,True
growth10,Gompertz,2036,0.2766104290162783,0.3319696845217936,0.3760558154669753,0.42376678160066017,0.4850802437950128,10,10,,True
growth10,Gompertz,2037,0.2902076198985139,0.3504713581880905,0.3986126838015922,0.4527058582210375,0.5229786619967487,10,10,,True
growth10,Gompertz,2038,0.3041140346638727,0.36910739133865245,0.4210686048696882,0.4817412481342291,0.562072659408645,10,10,,True
growth10,Gompertz,2039,0.31777574743026993,0.3875215905820108,0.444433406532165,0.5116716241031256,0.6026607977029707,10,10,,True
growth10,Gompertz,2040,0.3317297282509483,0.4061181205311498,0.4687890422998353,0.5424939190593547,0.6447351345648316,10,10,,True
growth10,Gompertz,2041,0.3447610292091269,0.4252403630660594,0.49302861791150193,0.5739822596607405,0.6882464999662321,10,10,,True
growth10,Gompertz,2042,0.35821626379328275,0.4453758161741744,0.5173930778916521,0.6069652805209997,0.7332974497696838,10,10,,True
growth10,Gompertz,2043,0.3739926506327664,0.46445595503432346,0.5425754563583307,0.6399438161726367,0.7791410810665645,10,10,,True
growth10,Gompertz,2044,0.3874392159346684,0.48408241738915897,0.5680608259002571,0.6731303203207042,0.8262830408923402,10,10,,True
growth10,Gompertz,2045,0.4015428195953852,0.5026651356269491,0.5941051842544638,0.7064104464276764,0.8754529545143604,10,10,,True
growth10,Gompertz,2046,0.4163897579684002,0.5228472022456625,0.6187381843268678,0.7422452708283256,0.925802507745042,10,10,,True
growth10,Gompertz,2047,0.43022004869277486,0.5424760788449471,0.6423421891095343,0.7752548398946788,0.9773214784986484,10,10,,True
growth10,Gompertz,2048,0.4442634877288428,0.562118642805691,0.6662231333801145,0.811023028613975,1.0275953668237798,10,10,,True
growth10,Gompertz,2049,0.4585173753745685,0.5808120848863348,0.6903435474046022,0.8476014322283139,1.0822871424422125,10,10,,True
growth10,Gompertz,2050,0.4735227493523268,0.599494650483249,0.7148669857307334,0.8817120230517947,1.136299623207438,10,10,,True
growth10,Gompertz,2051,0.486366192762307,0.6178727846721614,0.7401155298040012,0.9163475393358561,1.1929962098660816,10,10,,True
growth10,Gompertz,2052,0.5003829430974813,0.6364962803188704,0.7654793109204103,0.9513587813228471,1.2504353704774858,10,10,,True
growth10,Gompertz,2053,0.5137182681437686,0.653079130953218,0.7892998691994153,0.9865820182502351,1.3085071949543254,10,10,,True
growth10,Gompertz,2054,0.5256070837243606,0.6708172903997012,0.814155555808808,1.01993656105165,1.3670940836929497,10,10,,True
growth10,Gompertz,2055,0.5362351083767602,0.6884736009903494,0.8375991887152525,1.0519968399564492,1.4243348920948684,10,10,,True
growth10,Gompertz,2056,0.5476337429210171,0.7065644501964956,0.8616291124121443,1.0842485657208978,1.476933196707921,10,10,,True
growth10,Gompertz,2057,0.558738441926552,0.7235091630815678,0.885629912724597,1.1167898673295613,1.5291002029123666,10,10,,True
growth10,Gompertz,2058,0.5691568479582483,0.7416893765349853,0.9080245779286743,1.1494311526006438,1.5860911165018576,10,10,,True
growth10,Gompertz,2059,0.5802904671937769,0.7575757328692936,0.9303216925469713,1.1815010534549417,1.6428223657024894,10,10,,True
growth10,Gompertz,2060,0.5909879315633597,0.7721425776643294,0.9513009162004531,1.2125400500641437,1.6937128336925407,10,10,,True
growth10,Gompertz,2061,0.5998473590940426,0.7876387550359433,0.9697381801697444,1.2433847678948013,1.743585996685275,10,10,,True
growth10,Gompertz,2062,0.6077422735116013,0.800057508387823,0.9893061341537956,1.275586993917156,1.7924466480479846,10,10,,True
growth10,Gompertz,2063,0.6155791796651509,0.8132153642986932,1.009227163336049,1.3067022237041819,1.8402031769881417,10,10,,True
growth10,Gompertz,2064,0.6221731153024389,0.8268548128038377,1.0296182946608896,1.3360206011604583,1.8886681321438514,10,10,,True
growth10,Gompertz,2065,0.6282866017967266,0.8386011387133567,1.0491441256191254,1.3631774768101619,1.942389137111361,10,10,,True
growth10,Gompertz,2066,0.634557279041751,0.8493379287833915,1.0669863408752331,1.3889904244754903,1.9951704554549061,10,10,,True
growth10,Gompertz,2067,0.6412893948995805,0.8588237951430528,1.0864028737339804,1.4150317857690544,2.0469103536376427,10,10,,True
growth10,Gompertz,2068,0.6463136673651565,0.8687873175100176,1.1009833845455672,1.4369257527871289,2.0975115357429157,10,10,,True
growth10,Gompertz,2069,0.6501133101373965,0.8780136183123458,1.1148071793729795,1.4607663805274305,2.1468814491483608,10,10,,True
growth10,Gompertz,2070,0.6555189095437223,0.886426983722303,1.1313341770002687,1.4820446831770568,2.190647525237019,10,10,,True
growth10,Gompertz,2071,0.6583405789178858,0.8954281712226655,1.1456223791517872,1.5024094963945296,2.2324723486326574,10,10,,True
growth10,Gompertz,2072,0.661777150176038,0.9035200432900328,1.1565162307846826,1.5237619085775014,2.2725188126324047,10,10,,True
growth10,Gompertz,2073,0.6646228203011127,0.9140082599139299,1.1686156159589425,1.5421744883633624,2.3105993837107577,10,10,,True
growth10,Gompertz,2074,0.6670722088249732,0.9212202057046285,1.182338576108881,1.5592715532948067,2.344506572958931,10,10,,True
growth10,Gompertz,2075,0.6677894527144446,0.9237847406171974,1.1934673617797629,1.5753856139979308,2.3765282762288926,10,10,,True
growth10,Gompertz,2076,0.6706422816953682,0.9261953287876871,1.2019178049504826,1.5902249623210007,2.4066339176536697,10,10,,True
growth10,Gompertz,2077,0.6714170161427918,0.9291348783312021,1.2104426178658967,1.604268985276426,2.440810212891022,10,10,,True
growth10,Gompertz,2078,0.670939439721829,0.9331553857629007,1.2121699634751715,1.6165988030641811,2.473269495171679,10,10,,True
growth10,Gompertz,2079,0.6698196977029636,0.9373896574277035,1.2199250297924826,1.6305686545561535,2.503891356590113,10,10,,True
growth10,Gompertz,2080,0.6684294038357451,0.9404699316423096,1.2294335102505736,1.6367440584195503,2.53282471030623,10,10,,True
growth10,Gompertz,2081,0.6663775610170766,0.9407645327306215,1.2347640421939132,1.6475069413729135,2.5599367937284754,10,10,,True
growth10,Gompertz,2082,0.6654677082500144,0.9405944010215528,1.2378306879756624,1.6569002740253675,2.5835944104939643,10,10,,True
growth10,Gompertz,2083,0.6643620934677051,0.942432989614447,1.2419304147848833,1.6636769797332378,2.600936998958701,10,10,,True
growth10,Gompertz,2084,0.6630787500851003,0.9414193644732183,1.2461544980999886,1.6707791707517536,2.6216726040587477,10,10,,True
growth10,Gompertz,2085,0.6594852472306777,0.9395485828570269,1.2466459963079348,1.6767063002650802,2.642809022469033,10,10,,True
growth10,Gompertz,2086,0.6583200238202304,0.9372506614057785,1.245974708187945,1.6843497959202687,2.6628558697734577,10,10,,True
growth10,Gompertz,2087,0.6568071647835604,0.9362067383477548,1.2455121926398003,1.6868730584341862,2.681055514446056,10,10,,True
growth10,Gompertz,2088,0.6542580881385461,0.9350112030441291,1.2432659757852833,1.689126435833889,2.693160807092745,10,10,,True
growth10,Gompertz,2089,0.6505746848932253,0.9333467102576996,1.2426844195509648,1.688928417744075,2.700948799768649,10,10,,True
growth10,Gompertz,2090,0.6456389000257208,0.9295870459490365,1.2414269868631373,1.6911310885406785,2.7080229685721267,10,10,,True
growth10,Gompertz,2091,0.6399722145123462,0.9275549907627259,1.2373468090520208,1.690522582918419,2.7162086419352867,10,10,,True
growth10,Gompertz,2092,0.6337535578923086,0.9250413962084537,1.2308012794139283,1.6877278143667112,2.723004103283222,10,10,,True
growth10,Gompertz,2093,0.6274482650144958,0.9198023634954968,1.2250337221297762,1.683586093417938,2.72854434889794,10,10,,True
growth10,Gompertz,2094,0.6209746957287489,0.9147458875760213,1.2218534406286334,1.6750419408847386,2.732379119617721,10,10,,True
growth10,Gompertz,2095,0.6144116211554903,0.9110004960869167,1.2175790336676795,1.6704698348452243,2.734541913599984,10,10,,True
growth10,Gompertz,2096,0.6090197552349331,0.9057076385436788,1.2116023923620594,1.6681321541331764,2.735068534790497,10,10,,True
growth10,Gompertz,2097,0.6024760405955956,0.9006103862754811,1.2034945546201279,1.6592021925624616,2.7338015018854573,10,10,,True
growth10,Gompertz,2098,0.5965753137888559,0.8958291380278469,1.1950777591373263,1.6489653091321086,2.730554461982002,10,10,,True
growth10,Gompertz,2099,0.5908715128545834,0.8875980607917939,1.187467879231768,1.6423883145690927,2.7223455067063873,10,10,,True
growth10,Gompertz,2100,0.5843916343397528,0.8795608714034627,1.1808413518128282,1.6346519614186839,2.716360755158145,10,10,,True
growth10,Gompertz,2101,0.5782721762166367,0.8724934116809516,1.171897761133082,1.6252936267020401,2.7089941362363805,10,10,,True
growth10,Gompertz,2102,0.5713251085853915,0.8649716450598705,1.1631380450806705,1.61520671646886,2.6999025729802724,10,10,,True
growth10,Gompertz,2103,0.5645975808918003,0.8554850726020115,1.152762385445532,1.6042326368180881,2.6843794736115454,10,10,,True
growth10,Gompertz,2104,0.5577638804158263,0.8456427562795308,1.1427048891086466,1.5923948077759578,2.667673175633375,10,10,,True
growth10,Gompertz,2105,0.5509714322663235,0.8360402409380334,1.1335646250289342,1.579973411873692,2.6498385020519617,10,10,,True
growth10,Gompertz,2106,0.5441840989614461,0.8270496730408788,1.1246714655568053,1.5664892865550668,2.6309300878850883,10,10,,True
growth10,Gompertz,2107,0.5386963658698835,0.8192257252591175,1.1140537363637197,1.5514362789774232,2.611002245961021,10,10,,True
growth10,Gompertz,2108,0.5316070875034866,0.8108016115858727,1.1034352725213337,1.5357004775106673,2.5901088425375622,10,10,,True
growth10,Gompertz,2109,0.523971258778094,0.8023391422871223,1.093114234839065,1.5201846014020517,2.5683031825450335,10,10,,True
growth10,Gompertz,2110,0.516686301945253,0.7931527829192916,1.0811605693772393,1.5039983696246897,2.5456379042220196,10,10,,True
growth10,Gompertz,2111,0.5091119278267001,0.7850326874501379,1.0699157782347037,1.4875501484042433,2.5243476144272288,10,10,,True
growth10,Gompertz,2112,0.5013209581542196,0.7753644138399108,1.0575596473850193,1.4712451764537753,2.5038556763653257,10,10,,True
growth10,Gompertz,2113,0.4939911006719141,0.7636005072151306,1.0456991895756536,1.4543767485797416,2.4823879858735993,10,10,,True
growth10,Gompertz,2114,0.48566668718840444,0.7531073657078132,1.0338613292893544,1.438112011348526,2.4601675243238303,10,10,,True
growth10,Gompertz,2115,0.47832271423570055,0.7436624208474951,1.0219593028020781,1.4221899176396828,2.4372399815927017,10,10,,True
growth10,Gompertz,2116,0.47201861473873774,0.7342828954994844,1.0102239356109037,1.4055859619454028,2.4136502896216983,10,10,,True
growth10,Gompertz,2117,0.46529017227594777,0.7236613875394006,0.9993025604201328,1.38767984139003,2.3894425586274908,10,10,,True
growth10,Gompertz,2118,0.45739089111624454,0.7140897765311834,0.9867228888131343,1.3719024515216882,2.3656778990722476,10,10,,True
growth10,Gompertz,2119,0.4495794202266875,0.7046945491486946,0.9754388455006243,1.3536751919323464,2.342872734900002,10,10,,True
growth10,Gompertz,2120,0.44274256772786746,0.6952540171845663,0.9638968391175837,1.3342701732206117,2.3194968360349306,10,10,,True
growth10,Gompertz,2121,0.43544408052265177,0.6838242861863587,0.9512451386731526,1.3156031625213789,2.295590495422393,10,10,,True
growth10,Gompertz,2122,0.4281758906676739,0.6732124852607279,0.9378688396119808,1.2976419255652303,2.2711931111485075,10,10,,True
growth10,Gompertz,2123,0.4209427510964257,0.6633072865260188,0.9224932158443102,1.279755247380854,2.246343147978223,10,10,,True
growth10,Gompertz,2124,0.41349137365569055,0.6532102310265314,0.9071553329324678,1.2624228123523409,2.218482875759794,10,10,,True
growth10,Gompertz,2125,0.4059142405549239,0.6430927192947731,0.893783450309146,1.2453273021236457,2.188618968389637,10,10,,True
growth10,Gompertz,2126,0.39803326266474737,0.6332726518283924,0.8800420551356143,1.2284301170896232,2.1585417259835555,10,10,,True
growth10,Gompertz,2127,0.3896516015986545,0.623020322318244,0.8658203767819768,1.2125464725905202,2.128286122089299,10,10,,True
growth10,Gompertz,2128,0.3814031547753109,0.6135661289753263,0.8510657628690126,1.195874441829268,2.100150062352644,10,10,,True
growth10,Gompertz,2129,0.37564236328016903,0.6035980491439454,0.8371844363933061,1.1780816051101155,2.0731113341465774,10,10,,True
growth10,Gompertz,2130,0.36732792439615813,0.5935475884518604,0.8237090276361791,1.1616505540891633,2.045727581844364,10,10,,True
growth10,Gompertz,2131,0.3591464091599917,0.5822270616344185,0.8095193035503464,1.14328538597259,2.0180864559279086,10,10,,True
growth10,Gompertz,2132,0.35224282303642096,0.5709493148141715,0.7955505706679387,1.1243946159831015,1.9903158677165864,10,10,,True
growth10,Gompertz,2133,0.34611490942805473,0.5607820649322636,0.7823989575953232,1.1076988417161018,1.962443282040609,10,10,,True
growth10,Gompertz,2134,0.3400619258826494,0.5513346240657988,0.7683667266238294,1.090071989730069,1.9342138658422634,10,10,,True
growth10,Gompertz,2135,0.33398949687336815,0.5418283659664771,0.75523247591364,1.0724739709393014,1.905281120506349,10,10,,True
growth10,Gompertz,2136,0.32774342126301537,0.5326483137752274,0.7439822493862822,1.0553465255836825,1.8776104972348489,10,10,,True
growth10,Gompertz,2137,0.3211582421372235,0.5229004138461416,0.7324796693661244,1.037979125425246,1.8499333727458385,10,10,,True
growth10,Gompertz,2138,0.3146656236451037,0.5130901222692432,0.7198531410334117,1.021748610156565,1.822271467289601,10,10,,True
growth10,Gompertz,2139,0.30832001429140066,0.5023913042376108,0.7068013222437095,1.0036598152607716,1.7946455205082643,10,10,,True
growth10,Gompertz,2140,0.30207016045376694,0.4918463642376178,0.6935401839078308,0.9868725442002662,1.7656528613510745,10,10,,True
growth10,Gompertz,2141,0.2962341381366629,0.48279348847888576,0.6817282468733548,0.969708430029374,1.7360291298968922,10,10,,True
growth10,Gompertz,2142,0.29005387603231897,0.4737668833092161,0.6699388770680645,0.9526754570828193,1.7065786267719492,10,10,,True
growth10,Gompertz,2143,0.28372631287782096,0.46378829597969734,0.6576227379682648,0.9353111301072065,1.6773160647661403,10,10,,True
growth10,Gompertz,2144,0.2776966830100703,0.4544898274642013,0.6447818979120714,0.9190282092677304,1.6498479649233122,10,10,,True
growth10,Gompertz,2145,0.2714726775100092,0.4455220930697601,0.6328161251602074,0.9035482376988223,1.6232184283456486,10,10,,True
growth10,Gompertz,2146,0.26621059936170455,0.4373784825838706,0.6210348712411784,0.8858668623454813,1.596732861566531,10,10,,True
growth10,Gompertz,2147,0.260524115667477,0.42850036869624575,0.609279354973178,0.8692683470393805,1.5704049944837217,10,10,,True
growth10,Gompertz,2148,0.25447786571888487,0.41977579897772116,0.598102014420594,0.8544820697959314,1.5442477618017556,10,10,,True
growth10,Gompertz,2149,0.24960838768442772,0.4114525783534503,0.587335419196843,0.8397907451079998,1.5182733252914014,10,10,,True
growth10,Gompertz,2150,0.24507279338637278,0.4025503282599583,0.5765624095830977,0.8247510403903028,1.4924930962970822,10,10,,True
growth10,Gompertz,2151,0.24055943749168165,0.3943010157291307,0.5653405750224477,0.8097935585404873,1.4669177584124176,10,10,,True
growth10,Gompertz,2152,0.23609132460464308,0.3860535705623735,0.5542379455119767,0.7946022176112554,1.4415572902500062,10,10,,True
growth10,Gompertz,2153,0.23097516635739684,0.3779346011265817,0.5427785216294037,0.7798947879038101,1.4164209882373253,10,10,,True
growth10,Gompertz,2154,0.22595321270263155,0.37191229361875977,0.5325916177721499,0.7649358926472005,1.3915174893761104,10,10,,True
growth10,Gompertz,2155,0.22138394258469668,0.36543081578427206,0.5219801892118013,0.7502735614704985,1.366854793907799,10,10,,True
growth10,Gompertz,2156,0.21714681782719014,0.35894027893835495,0.5116976573983358,0.7359602192866717,1.3424402878326542,10,10,,True
growth10,Gompertz,2157,0.21297564884023784,0.3516838736849486,0.5009947862053451,0.7219174640078093,1.3182807652348831,10,10,,True
growth10,Gompertz,2158,0.20885729041426088,0.34379085262948306,0.490774537709916,0.7087880541317408,1.2943824503706165,10,10,,True
growth10,Gompertz,2159,0.20387279491627525,0.3364544545108461,0.48099046360819153,0.6943386712320192,1.2707510194798337,10,10,,True
growth10,Gompertz,2160,0.1989933565070918,0.3296474747285423,0.47176952202806555,0.6800713656760656,1.245462134147799,10,10,,True
growth10,Gompertz,2161,0.19421753658595928,0.3221013897723718,0.4627947043860245,0.6657471580353753,1.219901797307886,10,10,,True
growth10,Gompertz,2162,0.18955758767625,0.31449873076155516,0.4534975199173301,0.6521812984064608,1.1947303870472554,10,10,,True
growth10,Gompertz,2163,0.18515492984875345,0.30730510133489763,0.44369251807061094,0.6386694025314166,1.1699488682174257,10,10,,True
growth10,Gompertz,2164,0.18124993743320736,0.3007761157109192,0.4348600238464143,0.6254887157769417,1.1455577649589868,10,10,,True
growth10,Gompertz,2165,0.1774287063198788,0.2943639161899887,0.42592417663334625,0.6133452627302041,1.1237282693692883,10,10,,True
growth10,Gompertz,2166,0.1736802136901351,0.28815356117982177,0.41705993129789026,0.6011794463061296,1.1025164406745915,10,10,,True
growth10,Gompertz,2167,0.1700005435955726,0.28232469913368624,0.4081733134316622,0.588355953750352,1.0815889679329584,10,10,,True
growth10,Gompertz,2168,0.16638895606957424,0.2765931088520733,0.39899399241739175,0.5768393985411139,1.0609475739534406,10,10,,True
growth10,Gompertz,2169,0.16276339857214495,0.2712425343768684,0.39067354217744826,0.566363589737974,1.0405936428157652,10,10,,True
growth10,Gompertz,2170,0.15898721190450504,0.26607416257610855,0.3828103364770531,0.5548503889498023,1.0205282361825512,10,10,,True
growth10,Gompertz,2171,0.15529137380941965,0.2603155461603006,0.37504511764673065,0.5432776969999271,1.0007521091566132,10,10,,True
growth10,Gompertz,2172,0.15150814337436755,0.25439110707286117,0.3671891150043705,0.5319014487880933,0.9812657256804677,10,10,,True
growth10,Gompertz,2173,0.14775767743383658,0.24859104560070017,0.3600627847209644,0.5204687604629348,0.9620692734766507,10,10,,True
growth10,Gompertz,2174,0.14409448987284673,0.24317599673012963,0.3531220386529372,0.5090794318616216,0.9431626785287897,10,10,,True
growth10,Gompertz,2175,0.14051687851488917,0.23793042691819988,0.34622658771419856,0.4982001516386001,0.9245456191046217,10,10,,True
growth10,Gompertz,2176,0.13702315525293474,0.23279437720102497,0.33881448781189544,0.48777202927866176,0.9062175393232684,10,10,,True
growth10,Gompertz,2177,0.133616096853519,0.22771998517137673,0.33139853596654417,0.4782852903039929,0.8881776622700934,10,10,,True
growth10,Gompertz,2178,0.13069007130719335,0.22243140184902188,0.3238474890685301,0.4684605766172847,0.8704250026633946,10,10,,True
growth10,Gompertz,2179,0.12782931419919605,0.21711666481695452,0.3164504186883388,0.45840096884000237,0.852958379078002,10,10,,True
us1gt,Logistic,2030,0.31456902937881576,0.3383817771758016,0.35475375106462026,0.36914482278389255,0.38788366085433823,10,10,,True
us1gt,Logistic,2031,0.3571222658271834,0.38740851719193536,0.4083434170305459,0.42596052267730433,0.45025537692684237,10,10,,True
us1gt,Logistic,2032,0.4056623620975344,0.44371392515186314,0.4695638565284247,0.4916461478622387,0.5222500621022742,10,10,,True
us1gt,Logistic,2033,0.4603763635999585,0.5071579675108837,0.5397577737049324,0.5668756045612264,0.605748313764676,10,10,,True
us1gt,Logistic,2034,0.5228038419821932,0.5804502996413734,0.6194019999140843,0.6537384580765675,0.7022205364393581,10,10,,True
us1gt,Logistic,2035,0.5940433245865817,0.6644510010960075,0.711847047918845,0.753033399801383,0.8133623141996904,10,10,,True
us1gt,Logistic,2036,0.6738446301934017,0.7587165411738096,0.8157737066591364,0.8678126171574563,0.9408842434149509,10,10,,True
us1gt,Logistic,2037,0.7643718657157793,0.8647861703473846,0.934577470028686,0.9987061842152448,1.0852656647641943,10,10,,True
us1gt,Logistic,2038,0.8670738077749399,0.9858186842947863,1.0683788770798985,1.1472170152655714,1.2493388495464874,10,10,,True
us1gt,Logistic,2039,0.9789131903341203,1.1206186081265028,1.218874077979688,1.314609208734405,1.4329597084421852,10,10,,True
us1gt,Logistic,2040,1.1042703310274262,1.2758022610748785,1.390907762837085,1.5012010874912434,1.6425735130028434,10,10,,True
us1gt,Logistic,2041,1.247288808691352,1.4398056864544546,1.5818537955967735,1.7134970511481047,1.8743207807435258,10,10,,True
us1gt,Logistic,2042,1.4089801493151497,1.6289796105998,1.7959800390370781,1.9438100960386526,2.138124030808646,10,10,,True
us1gt,Logistic,2043,1.5742971065731117,1.8341749535908143,2.026889164566347,2.204354628828786,2.4328512718397404,10,10,,True
us1gt,Logistic,2044,1.7549039633291958,2.05276611846535,2.2767062925372707,2.4875144741444375,2.74914326885111,10,10,,True
us1gt,Logistic,2045,1.947605152073307,2.287209462962502,2.5520877961136934,2.790286845093865,3.1088296251706797,10,10,,True
us1gt,Logistic,2046,2.153926973641407,2.5334194282193594,2.8329674799025337,3.117784787279151,3.4876403862670826,10,10,,True
us1gt,Logistic,2047,2.359663271468034,2.791837511024319,3.141696136127245,3.4622780762455667,3.905550799918564,10,10,,True
us1gt,Logistic,2048,2.5879926453729936,3.0535998298235025,3.454095025571802,3.8229496340944515,4.327091651987785,10,10,,True
us1gt,Logistic,2049,2.7814440473866906,3.325088891487625,3.775774567802184,4.1999819583211595,4.825211864214927,10,10,,True
us1gt,Logistic,2050,2.992430247921812,3.5570557201108235,4.075380678252916,4.581045377003898,5.301975093755699,10,10,,True
us1gt,Logistic,2051,3.1532621445072215,3.7941944013874855,4.370528970004014,4.9350011566205225,5.797819416465474,10,10,,True
us1gt,Logistic,2052,3.301432676924277,3.988525441683858,4.645693442117675,5.323598371273524,6.279575770906996,10,10,,True
us1gt,Logistic,2053,3.4181167954435674,4.162298145203266,4.91246974594145,5.65586531827303,6.7847920910859525,10,10,,True
us1gt,Logistic,2054,3.509482093884108,4.305761233343575,5.152784617495153,6.005863415387234,7.29781378356078,10,10,,True
us1gt,Logistic,2055,3.544144081897336,4.399908540819108,5.333433388322133,6.317173769235557,7.803399328790545,10,10,,True
us1gt,Logistic,2056,3.5252307412738317,4.456748796963222,5.425748150609867,6.611013353432485,8.300462718674694,10,10,,True
us1gt,Logistic,2057,3.4754466869092555,4.476945043340371,5.4791437836853145,6.800653224773765,8.914606918225449,10,10,,True
us1gt,Logistic,2058,3.4232192121568206,4.450264770579516,5.496677327012097,6.982107880796145,9.379520998882045,10,10,,True
us1gt,Logistic,2059,3.2880989527855,4.372747352346606,5.492666883058998,7.1444635540393095,9.925623304864422,10,10,,True
us1gt,Logistic,2060,3.163370786095059,4.260383812839804,5.441452643481386,7.241261577481918,10.382350867555951,10,10,,True
us1gt,Logistic,2061,3.0034868717810044,4.108899010636638,5.381295766578193,7.207554210905624,10.619071389778657,10,10,,True
us1gt,Logistic,2062,2.8280983156053003,3.9413649384159375,5.235590819145717,7.1412412211386105,10.813918827282501,10,10,,True
us1gt,Logistic,2063,2.62855100529186,3.774788308901765,5.065240537706247,6.985322673376837,11.05933362030342,10,10,,True
us1gt,Logistic,2064,2.426363469417856,3.5858068841381288,4.824645540187056,6.810016335787964,11.139989699952006,10,10,,True
us1gt,Logistic,2065,2.1926643850934324,3.3212193289765777,4.612049057399392,6.587496227390666,11.010952562693882,10,10,,True
us1gt,Logistic,2066,1.9945469667534503,3.0789287815516295,4.417798272752528,6.33696644758668,10.721374800747094,10,10,,True
us1gt,Logistic,2067,1.812132458647892,2.872176982525745,4.205043454756513,6.116088117142133,10.498878872824074,10,10,,True
us1gt,Logistic,2068,1.6159110412245195,2.6100719298088113,3.953445534656617,5.805742366437813,10.095437373666467,10,10,,True
us1gt,Logistic,2069,1.4547797714756614,2.382803287589762,3.7009589376436396,5.504126467007757,9.70017068321029,10,10,,True
us1gt,Logistic,2070,1.2809758722330553,2.162386156612289,3.3928842825597085,5.192500309681687,9.214185051912075,10,10,,True
us1gt,Logistic,2071,1.1368860727548125,1.9588224059217105,3.1130623718897463,4.851581308059426,8.60763476726536,10,10,,True
us1gt,Logistic,2072,1.010623647815966,1.7465048082046422,2.840600303692461,4.499650539060524,8.126044096747256,10,10,,True
us1gt,Logistic,2073,0.8888799620795276,1.5499716506171939,2.578779985170339,4.1913040521888725,7.661422689176536,10,10,,True
us1gt,Logistic,2074,0.7702046926005354,1.3779192260169213,2.355123770351957,3.85828196222556,7.289172423111749,10,10,,True
us1gt,Logistic,2075,0.6698206402472374,1.220498660683551,2.1296967433307907,3.5517376211771583,6.862394545232507,10,10,,True
us1gt,Logistic,2076,0.5851831124711829,1.0848956982818245,1.907353822924886,3.218935733906509,6.354559930935705,10,10,,True
us1gt,Logistic,2077,0.5090779387615266,0.962387000953521,1.7099911722510117,2.977376741406208,5.870046845703053,10,10,,True
us1gt,Logistic,2078,0.43864416294852643,0.8452176482927016,1.528100080621308,2.706549608967538,5.375319117312247,10,10,,True
us1gt,Logistic,2079,0.3802499106257775,0.7448952334173963,1.3512153727287461,2.4348872953164236,5.005692875292526,10,10,,True
us1gt,Logistic,2080,0.3321085553218543,0.6531998752635872,1.178108802660533,2.1787822239634504,4.642165223226487,10,10,,True
us1gt,Logistic,2081,0.2870068716598544,0.5779596713819748,1.0418839136461484,1.967974981619241,4.282438084004375,10,10,,True
us1gt,Logistic,2082,0.2481058021304653,0.5066286115421332,0.9243644258746262,1.7578891382498356,3.8919498617957857,10,10,,True
us1gt,Logistic,2083,0.21551725724580695,0.4427881453923952,0.8089825557254027,1.5886266167498686,3.5697143582838917,10,10,,True
us1gt,Logistic,2084,0.18680577621875358,0.387877948442534,0.7145474058583686,1.4174873760229754,3.241633837097255,10,10,,True
us1gt,Logistic,2085,0.16035720454492958,0.3386920379784192,0.6285531274648903,1.2592432972542087,2.9666916570889623,10,10,,True
us1gt,Logistic,2086,0.1373818425940774,0.29656653800900423,0.5456842742053245,1.1325245855888135,2.73253299161134,10,10,,True
us1gt,Logistic,2087,0.11766248997648131,0.25805887520734355,0.4764549226295515,1.0069750525366836,2.5392226188388043,10,10,,True
us1gt,Logistic,2088,0.10104674465730763,0.22455772210386915,0.4224908401587618,0.8901015587941332,2.3706488764518627,10,10,,True
us1gt,Logistic,2089,0.08628141160880486,0.19697752047920353,0.37274175041548696,0.7774644484867426,2.1976034429289037,10,10,,True
us1gt,Logistic,2090,0.07423419392606974,0.1716608891491111,0.3255480429482288,0.6880350948963583,2.0192742400206476,10,10,,True
us1gt,Logistic,2091,0.0644479581402941,0.1487951857368162,0.2834345789101437,0.6077782435923728,1.8573701257566548,10,10,,True
us1gt,Logistic,2092,0.05578919647777388,0.12971631709606132,0.24696138382788158,0.5354398235140447,1.6652488226563151,10,10,,True
us1gt,Logistic,2093,0.048044216694141155,0.11305445730668012,0.2154375897774219,0.4714354835668631,1.5443646701983458,10,10,,True
us1gt,Logistic,2094,0.04139596714724124,0.09810082748829388,0.1879970145742199,0.41552886092627195,1.4330075271975073,10,10,,True
us1gt,Logistic,2095,0.03575591515467353,0.085644119075,0.16363545764948534,0.3637571531755066,1.3257062092463163,10,10,,True
us1gt,Logistic,2096,0.030698143490941472,0.07407309763412233,0.14299104667901685,0.31845835070020834,1.2228937347750435,10,10,,True
us1gt,Logistic,2097,0.02669363182447514,0.06367498524298268,0.1252380087093482,0.28005375951918116,1.1077776902744783,10,10,,True
us1gt,Logistic,2098,0.022965116909837,0.05510853197988354,0.1095838106492374,0.24697418074088795,0.9849389939245992,10,10,,True
us1gt,Logistic,2099,0.019716398688806775,0.04775812342026181,0.09644863554764509,0.2178734558058889,0.887358386757465,10,10,,True
us1gt,Logistic,2100,0.016927259314862334,0.041402264824341256,0.08434522111195708,0.19036265229942664,0.8089285250893662,10,10,,True
us1gt,Logistic,2101,0.014819368283329023,0.036278755717994014,0.07413529854727768,0.168796227273107,0.7335664053968233,10,10,,True
us1gt,Logistic,2102,0.01281917784023672,0.0317262959612342,0.06497081917644248,0.14996643846972518,0.6678612708937129,10,10,,True
us1gt,Logistic,2103,0.01109744973237347,0.027790135602935542,0.05681389430616632,0.13277766295183857,0.6074584938517797,10,10,,True
us1gt,Logistic,2104,0.009546405232970987,0.024109172617885956,0.04977657122386456,0.11562091048224007,0.5520373797976649,10,10,,True
us1gt,Logistic,2105,0.0082793096092148,0.020943138689554563,0.043496496599423715,0.1009578412706833,0.5012759175967154,10,10,,True
us1gt,Logistic,2106,0.007174344710074267,0.018270609593998136,0.03773325625823035,0.08917973139273151,0.45485581508077166,10,10,,True
us1gt,Logistic,2107,0.006205900499089922,0.01565174115811244,0.03347662891751747,0.07904748880661343,0.41246642852192233,10,10,,True
us1gt,Logistic,2108,0.005320336348989998,0.01350838255764271,0.029490430917912647,0.07025752957558185,0.37359035410516045,10,10,,True
us1gt,Logistic,2109,0.00462025297174067,0.011756188127210705,0.02584247786072226,0.06241101404098535,0.33813197846725834,10,10,,True
us1gt,Logistic,2110,0.004021931833420288,0.010191102282396641,0.022684309297384075,0.056284503988541984,0.3068735522096537,10,10,,True
us1gt,Logistic,2111,0.0034855640846370712,0.009077331578792595,0.020032478794007103,0.05029610953915058,0.2778287901378382,10,10,,True
us1gt,Logistic,2112,0.003019788179400676,0.007858136752646794,0.017547889340273654,0.04485896496567952,0.2527459367796377,10,10,,True
us1gt,Logistic,2113,0.002617619395374401,0.0068565138050644975,0.015414912306746027,0.03937045427259714,0.2302759933294697,10,10,,True
us1gt,Logistic,2114,0.0022702703822623208,0.0059029344978663535,0.013491184343818626,0.03432263472627043,0.2067409880623711,10,10,,True
us1gt,Logistic,2115,0.0019525684970677327,0.005153428224782031,0.011823040114161947,0.030305924637899627,0.1858219895712405,10,10,,True
us1gt,Logistic,2116,0.0016777435277360525,0.004464604141180039,0.0103243255024194,0.026918024583211946,0.16786230920209846,10,10,,True
us1gt,Logistic,2117,0.0014416522475097025,0.00386268695577414,0.00915662656771568,0.024006555748849356,0.15293696182983074,10,10,,True
us1gt,Logistic,2118,0.0012391576964805979,0.003369996151778629,0.008116511168521275,0.021471799620067133,0.13986759398053142,10,10,,True
us1gt,Logistic,2119,0.001067285414677508,0.0029725583656300078,0.00712474665266284,0.019187525187995175,0.1256579116497972,10,10,,True
us1gt,Logistic,2120,0.0009276225285152686,0.0026217586457538077,0.006300342777367587,0.01697620469785291,0.11286122836587109,10,10,,True
us1gt,Logistic,2121,0.0007996114503008637,0.0023004154092728514,0.00556631484910234,0.015081010526464843,0.10134309904132255,10,10,,True
us1gt,Logistic,2122,0.0006889329893489817,0.0020084886224527206,0.004898422057662695,0.013478020080578823,0.09098066639886239,10,10,,True
us1gt,Logistic,2123,0.0005898093098834746,0.001755463699756626,0.00432175053598286,0.012094721009129838,0.08392091553456302,10,10,,True
us1gt,Logistic,2124,0.0005082719913515347,0.0015487870759246266,0.0037984054004203158,0.010957058149528378,0.07544467084337926,10,10,,True
us1gt,Logistic,2125,0.0004441249150723853,0.0013537264742050502,0.00339978667800214,0.009944914684876845,0.06768012120282009,10,10,,True
us1gt,Logistic,2126,0.00038665746693642317,0.0011870823133847625,0.0030012483527933017,0.008887430972856467,0.06028031870633086,10,10,,True
us1gt,Logistic,2127,0.0003328616971153615,0.001030911579275859,0.0026597476336014934,0.007930583904012495,0.05437795707319156,10,10,,True
us1gt,Logistic,2128,0.0002866107538116332,0.0009065037753779549,0.0023472884545355024,0.007052583380258926,0.04905074016481559,10,10,,True
us1gt,Logistic,2129,0.0002468600984664801,0.0007879162171217271,0.002075745338330736,0.0062936665678363524,0.044243250735904384,10,10,,True
us1gt,Logistic,2130,0.00021264178748119924,0.0006875241376324155,0.0018282417500268626,0.005615094309399488,0.0399263313751478,10,10,,True
us1gt,Logistic,2131,0.00018318303454396473,0.0005981465727569636,0.0015938247908779406,0.004973790133372526,0.03588971612672805,10,10,,True
us1gt,Logistic,2132,0.00016003679376292953,0.0005239358080941787,0.0014205903087806584,0.004445825515556424,0.03250398605090443,10,10,,True
us1gt,Logistic,2133,0.00013759972021144633,0.00045611871153797257,0.0012686466356583086,0.003959814782503876,0.029405661446060702,10,10,,True
us1gt,Logistic,2134,0.00011944263334260561,0.0003961472037487454,0.0011214079090570372,0.0035163410678866647,0.026629899954812717,10,10,,True
us1gt,Logistic,2135,0.00010196999245708095,0.0003447344521458431,0.0010033978449154558,0.003160269442974103,0.024687028071853304,10,10,,True
us1gt,Logistic,2136,8.76109877668689e-05,0.0003014393196563832,0.0008841021766658058,0.002779932094939393,0.023179480693891055,10,10,,True
us1gt,Logistic,2137,7.660285530019294e-05,0.0002641418936205185,0.0007864660599994187,0.0024674449258711775,0.020946948041859224,10,10,,True
us1gt,Logistic,2138,6.682300635942067e-05,0.00023099350541457334,0.000696086591623068,0.002247397016181896,0.018865977538719107,10,10,,True
us1gt,Logistic,2139,5.71734563166042e-05,0.00020264893255790326,0.0006142740288643309,0.0020481787731101205,0.017014175369696106,10,10,,True
us1gt,Logistic,2140,4.894002785024135e-05,0.00017838633633993794,0.0005484236354385677,0.0018399149155480738,0.015371620214067669,10,10,,True
us1gt,Logistic,2141,4.189964287806394e-05,0.0001572210887740768,0.00048558243615690706,0.0016538682808024709,0.013872448901329453,10,10,,True
us1gt,Logistic,2142,3.646497472174609e-05,0.00013781850865918866,0.0004313896961315863,0.0015056892175898215,0.012710543349107185,10,10,,True
us1gt,Logistic,2143,3.175169031861702e-05,0.00012053715142357626,0.0003823114592983073,0.0013498762791300377,0.011449711976869462,10,10,,True
us1gt,Logistic,2144,2.7654232792639816e-05,0.0001055927886935223,0.00033980447529310563,0.0011989316194762742,0.010364468359226893,10,10,,True
us1gt,Logistic,2145,2.4091205551628463e-05,9.207393536114325e-05,0.00030214064270894065,0.0010859772877401571,0.009336482606811974,10,10,,True
us1gt,Logistic,2146,2.0925336870923067e-05,8.09352031165326e-05,0.0002678416718902626,0.0009751061015034757,0.008409381004670764,10,10,,True
us1gt,Logistic,2147,1.810095871332286e-05,7.034110720643113e-05,0.00023907272185411408,0.0008764249209325247,0.0077459745024817065,10,10,,True
us1gt,Logistic,2148,1.566476705243789e-05,6.155137902384975e-05,0.0002142471913800206,0.0008024768269554161,0.007052000233530154,10,10,,True
us1gt,Logistic,2149,1.3680237030087433e-05,5.367663608924893e-05,0.00018860802815746127,0.0007081578544344823,0.0063516385604551985,10,10,,True
us1gt,Logistic,2150,1.177076311106279e-05,4.681340317507987e-05,0.0001674836186547255,0.0006265803010860857,0.005720865262377083,10,10,,True
us1gt,Logistic,2151,1.0220975336052701e-05,4.108095540590014e-05,0.00014968348232330143,0.0005840566807009851,0.00518634640254336,10,10,,True
us1gt,Logistic,2152,8.826316767453901e-06,3.608538010147555e-05,0.00013377595056733674,0.0005239250007775355,0.004878742776904423,10,10,,True
us1gt,Logistic,2153,7.6168231357303205e-06,3.1688447920917546e-05,0.00011950596594766142,0.00046871173381488675,0.0044058820660045515,10,10,,True
us1gt,Logistic,2154,6.5887816247670245e-06,2.7842728156612665e-05,0.00010652815833948239,0.0004228681290258374,0.003978212655667399,10,10,,True
us1gt,Logistic,2155,5.709453616210746e-06,2.4390964630594822e-05,9.462497096895055e-05,0.0003826544933887754,0.003592411359158102,10,10,,True
us1gt,Logistic,2156,4.9752369472151994e-06,2.1431466370764326e-05,8.404372777770261e-05,0.0003463326801297827,0.003331363236142675,10,10,,True
us1gt,Logistic,2157,4.331662942330917e-06,1.8943624429045625e-05,7.444790534398659e-05,0.0003116034658021715,0.0030117300296076837,10,10,,True
us1gt,Logistic,2158,3.788709049295155e-06,1.668821226766986e-05,6.587491238719737e-05,0.000281347305383665,0.0027155903043705057,10,10,,True
us1gt,Logistic,2159,3.2980561986275747e-06,1.4561188349627844e-05,5.817007440452778e-05,0.0002538440752624235,0.002447609069465017,10,10,,True
us1gt,Logistic,2160,2.8755923713791273e-06,1.2788764258328119e-05,5.1662871310300664e-05,0.00023066227352326797,0.0022317743226124595,10,10,,True
us1gt,Logistic,2161,2.519658773574282e-06,1.1176409910055222e-05,4.571963151268665e-05,0.00021138201174346138,0.0020680826545542005,10,10,,True
us1gt,Logistic,2162,2.186359326426836e-06,9.826246738604073e-06,4.075715974409982e-05,0.00019478390228177815,0.0019171356712972428,10,10,,True
us1gt,Logistic,2163,1.909129536046638e-06,8.708708785844592e-06,3.622751541970643e-05,0.0001768053101194229,0.0017778791486549605,10,10,,True
us1gt,Logistic,2164,1.6674199259382231e-06,7.659113343494835e-06,3.2445865963421323e-05,0.0001587873430998718,0.001649350955809495,10,10,,True
us1gt,Logistic,2165,1.4565252864149532e-06,6.7310441283928255e-06,2.8997092257678934e-05,0.00014314133024165084,0.0015061199188131842,10,10,,True
us1gt,Logistic,2166,1.2623048319120048e-06,5.93197594930081e-06,2.5926904601029658e-05,0.00013176639575508003,0.0013627440607501522,10,10,,True
us1gt,Logistic,2167,1.0879201543839224e-06,5.2503284179115155e-06,2.3203534591081968e-05,0.00012054114066320252,0.0012597759621888545,10,10,,True
us1gt,Logistic,2168,9.376506433247803e-07,4.6215424280915735e-06,2.079800767098875e-05,0.00010806950589597996,0.0011908445815921858,10,10,,True
us1gt,Logistic,2169,8.077240653563644e-07,4.047102087614931e-06,1.859525519805573e-05,9.689973426814097e-05,0.0011112389506912504,10,10,,True
us1gt,Logistic,2170,6.957086122497985e-07,3.561352589647171e-06,1.6637838329827456e-05,8.750855192849717e-05,0.0010025704347093583,10,10,,True
us1gt,Logistic,2171,5.992421262047534e-07,3.1671958376884493e-06,1.4850143150783399e-05,7.92486612150178e-05,0.0009035781211330871,10,10,,True
us1gt,Logistic,2172,5.162244855489688e-07,2.7668960929244924e-06,1.3276823374969659e-05,7.234333215603271e-05,0.0008189239087131998,10,10,,True
us1gt,Logistic,2173,4.4389515554267336e-07,2.421187612952029e-06,1.1882748659132734e-05,6.51057515132243e-05,0.0007574893269310431,10,10,,True
us1gt,Logistic,2174,3.831986382711017e-07,2.123787393493855e-06,1.0644014570590206e-05,5.875508172981209e-05,0.0006859698524858223,10,10,,True
us1gt,Logistic,2175,3.313021116298394e-07,1.8653463176304368e-06,9.53215791153732e-06,5.272275249291179e-05,0.000625015479292967,10,10,,True
us1gt,Logistic,2176,2.8986984984162863e-07,1.6394386281027344e-06,8.496713189166094e-06,4.78677913624792e-05,0.0005863893103868931,10,10,,True
us1gt,Logistic,2177,2.5377875584456636e-07,1.4391885255346255e-06,7.617601316251412e-06,4.3533068823481316e-05,0.0005384055237465585,10,10,,True
us1gt,Logistic,2178,2.222473655741221e-07,1.2670927606049248e-06,6.882513740121041e-06,3.956643510266395e-05,0.00048622113074865713,10,10,,True
us1gt,Logistic,2179,1.9282347616280146e-07,1.1138275502908176e-06,6.194331017868234e-06,3.6587419620037645e-05,0.00043830033399201224,10,10,,True
us1gt,Gompertz,2030,0.42139372490302185,0.45538999347540277,0.483156633211563,0.5108467627646864,0.5416286960500905,10,10,,True
us1gt,Gompertz,2031,0.4836714551986228,0.5255998660167458,0.5611097702255754,0.596176647861009,0.6363206216548672,10,10,,True
us1gt,Gompertz,2032,0.5517366331650928,0.6045169798873138,0.6470401577102836,0.6903823752835945,0.7415549754857318,10,10,,True
us1gt,Gompertz,2033,0.6255761366208041,0.6904832649467341,0.7420147001393479,0.7929147807162665,0.858968128932253,10,10,,True
us1gt,Gompertz,2034,0.7072763310498648,0.785084786433486,0.8463267301480611,0.9072218583602243,0.9903614593669948,10,10,,True
us1gt,Gompertz,2035,0.7936377228100042,0.8873906812051426,0.9590764624892908,1.0325263661412296,1.1310907687118388,10,10,,True
us1gt,Gompertz,2036,0.887261225339438,0.997885815648933,1.0817377590375847,1.1648963170789814,1.2828652945996648,10,10,,True
us1gt,Gompertz,2037,0.9870209650531716,1.1131031904483653,1.209733449687736,1.3071194206247698,1.4397319470326877,10,10,,True
us1gt,Gompertz,2038,1.0903811073045542,1.2362605901862342,1.3457820263026186,1.4600270317361947,1.6164008471399507,10,10,,True
us1gt,Gompertz,2039,1.1997109731504603,1.3679557267702815,1.4922447100314007,1.6236321674219099,1.8076412332754708,10,10,,True
us1gt,Gompertz,2040,1.3143660268871793,1.5068064575002351,1.6455043975874477,1.7978081235781311,2.0238714754521276,10,10,,True
us1gt,Gompertz,2041,1.434633545916507,1.6436844352030608,1.8116805488911716,1.9828991230491597,2.25386038850744,10,10,,True
us1gt,Gompertz,2042,1.5588805223804043,1.7898759700983184,1.9846408428163338,2.178388803206168,2.478902567086115,10,10,,True
us1gt,Gompertz,2043,1.6870424771227672,1.9372232422170665,2.1557212859654644,2.382462561464525,2.7168983263544906,10,10,,True
us1gt,Gompertz,2044,1.808645405615983,2.0905598014874176,2.335607096143698,2.59425677022255,2.986799563747835,10,10,,True
us1gt,Gompertz,2045,1.9257050625857406,2.2478127097152654,2.5191830942202476,2.8061601554845184,3.2623887962391884,10,10,,True
us1gt,Gompertz,2046,2.04978738951397,2.4028412150634755,2.7124032980223705,3.02511857323448,3.5502885600034104,10,10,,True
us1gt,Gompertz,2047,2.179947177962456,2.553378868173673,2.900653421323384,3.261926384959163,3.8468839493465605,10,10,,True
us1gt,Gompertz,2048,2.3060955171000552,2.7117925765485653,3.096353024701021,3.5006414512753885,4.172209381442494,10,10,,True
us1gt,Gompertz,2049,2.4260542806375023,2.862364540468007,3.2978988952276542,3.735413395172861,4.492229433599563,10,10,,True
us1gt,Gompertz,2050,2.5477341390980865,3.0212551456430425,3.5031032550190737,3.981587183930733,4.83045995667527,10,10,,True
us1gt,Gompertz,2051,2.6567639888143644,3.1853127944552995,3.708505343731848,4.220989260610243,5.13831593409152,10,10,,True
us1gt,Gompertz,2052,2.7733799429541213,3.3421529525299554,3.9048459690683233,4.456907645713418,5.459974078456341,10,10,,True
us1gt,Gompertz,2053,2.882934742000464,3.489957827633395,4.097559516118292,4.702816579020112,5.785680604809766,10,10,,True
us1gt,Gompertz,2054,2.993163728606352,3.634143568391715,4.287588030560416,4.9435093706655255,6.122969970048078,10,10,,True
us1gt,Gompertz,2055,3.1007367669851402,3.7582554278288622,4.489579207087256,5.174270591235563,6.479785238618147,10,10,,True
us1gt,Gompertz,2056,3.1898634579473164,3.893466508907601,4.684595094082533,5.402149806892851,6.788451829804949,10,10,,True
us1gt,Gompertz,2057,3.258743742381643,4.028390360348495,4.875532365789187,5.634074736742512,7.116823058657106,10,10,,True
us1gt,Gompertz,2058,3.336563275305015,4.158589243847819,5.049060066185613,5.880466662522446,7.43878342524539,10,10,,True
us1gt,Gompertz,2059,3.413750912299059,4.2891449230191565,5.224764189584162,6.118275842055925,7.755501230185235,10,10,,True
us1gt,Gompertz,2060,3.487709234186666,4.408935490373839,5.390978879843888,6.328646975452871,8.063530019016833,10,10,,True
us1gt,Gompertz,2061,3.5461315046570068,4.520626711792678,5.5511149229026495,6.540523230670566,8.369440828320316,10,10,,True
us1gt,Gompertz,2062,3.6085225469426705,4.621359476460849,5.692657576475245,6.753093702308617,8.646804973408951,10,10,,True
us1gt,Gompertz,2063,3.6513481636422616,4.716694606490994,5.828657868841413,6.940536868001067,8.979377022518303,10,10,,True
us1gt,Gompertz,2064,3.6899724164507797,4.81493272911912,5.959555571619903,7.116578573242639,9.302457147719277,10,10,,True
us1gt,Gompertz,2065,3.716937388609512,4.9089848307139095,6.087594914608999,7.291493375350655,9.558612339430384,10,10,,True
us1gt,Gompertz,2066,3.7403872959813307,4.969047418474791,6.194770157702557,7.469400560252305,9.835534706935258,10,10,,True
us1gt,Gompertz,2067,3.766578189519559,5.043806322501197,6.306954057245322,7.632593480629942,10.082666620600893,10,10,,True
us1gt,Gompertz,2068,3.788550710414038,5.108336341558994,6.4085969282257285,7.7666440842802436,10.312968738622986,10,10,,True
us1gt,Gompertz,2069,3.804999273962514,5.170263190187086,6.487200138713957,7.9079398232229146,10.522102694300829,10,10,,True
us1gt,Gompertz,2070,3.8002909247527747,5.198994869046852,6.579823533136864,8.04855107206558,10.662304352714978,10,10,,True
us1gt,Gompertz,2071,3.7994719338819847,5.225161552400221,6.647660772284599,8.145179237118484,10.823666568624672,10,10,,True
us1gt,Gompertz,2072,3.793640788157923,5.257935167951166,6.707756101252592,8.210980009499641,10.941567836710902,10,10,,True
us1gt,Gompertz,2073,3.7634777792705307,5.264684094836094,6.74412407410399,8.287059106499676,11.12369957351731,10,10,,True
us1gt,Gompertz,2074,3.7468569039654365,5.287347864560189,6.773984245071814,8.340939787503112,11.277328011525517,10,10,,True
us1gt,Gompertz,2075,3.702752766138849,5.301430961326162,6.795735253571628,8.395927359494774,11.4049981477504,10,10,,True
us1gt,Gompertz,2076,3.663726530687781,5.295214218200701,6.799469013914318,8.436303562656882,11.488938447964173,10,10,,True
us1gt,Gompertz,2077,3.6361573310192052,5.294268359771287,6.807846870996983,8.472740792253205,11.551042482904782,10,10,,True
us1gt,Gompertz,2078,3.6357487568274944,5.277071902983096,6.809486697898149,8.492878375374252,11.59799136781888,10,10,,True
us1gt,Gompertz,2079,3.5848007894029505,5.254572189019639,6.8067203643883785,8.477180595086587,11.601358101748572,10,10,,True
us1gt,Gompertz,2080,3.5270839039262327,5.214713182750138,6.798222940962535,8.483230991627945,11.632031874809561,10,10,,True
us1gt,Gompertz,2081,3.4878376455978515,5.195691031039702,6.783205088085197,8.494671379523933,11.635662683678568,10,10,,True
us1gt,Gompertz,2082,3.446565791111191,5.1431647771625,6.752575267644131,8.463471941908505,11.60894643624183,10,10,,True
us1gt,Gompertz,2083,3.374857150115055,5.108726942556251,6.711737081533268,8.449909937096677,11.545790826871979,10,10,,True
us1gt,Gompertz,2084,3.3030042714391503,5.054073536456032,6.684329774984886,8.39870445178834,11.478353494834273,10,10,,True
us1gt,Gompertz,2085,3.240257905878888,4.983478532123275,6.630089496628644,8.340149941180936,11.428912795437562,10,10,,True
us1gt,Gompertz,2086,3.1665283080968867,4.9253869633738425,6.564275340441062,8.261165315637587,11.398466450939726,10,10,,True
us1gt,Gompertz,2087,3.094376154046345,4.854947095624961,6.4995988839819745,8.22597333123532,11.315611354565934,10,10,,True
us1gt,Gompertz,2088,3.0377415517244963,4.775808096170486,6.429090205366052,8.170624852079213,11.24266897770423,10,10,,True
us1gt,Gompertz,2089,2.984991293361163,4.7221810308311,6.355160313582477,8.139739801990917,11.1550959210384,10,10,,True
us1gt,Gompertz,2090,2.9298991744864535,4.652174708744773,6.263874500464638,8.060645296347882,11.039736804062045,10,10,,True
us1gt,Gompertz,2091,2.874126065058166,4.572714578740006,6.176006561608605,7.955115622684415,10.935403401160299,10,10,,True
us1gt,Gompertz,2092,2.8185011822513064,4.516343739454731,6.092839232095196,7.856469059515669,10.83254705789564,10,10,,True
us1gt,Gompertz,2093,2.7536720462060282,4.439527734161481,6.024805165867093,7.779360948695559,10.691980555789113,10,10,,True
us1gt,Gompertz,2094,2.685441349891049,4.370062738986613,5.932645527769268,7.685263530641013,10.557315320486504,10,10,,True
us1gt,Gompertz,2095,2.6175896197739728,4.28378328726013,5.866990693003222,7.595277923497316,10.451526917730538,10,10,,True
us1gt,Gompertz,2096,2.5501506673929963,4.209806067454359,5.76919945663641,7.485800947344631,10.293430421824388,10,10,,True
us1gt,Gompertz,2097,2.4832296268927676,4.1241942914195135,5.672965541915606,7.401551189738635,10.107083239749949,10,10,,True
us1gt,Gompertz,2098,2.4169226406882425,4.049209908519596,5.585196559389667,7.248768102205165,9.960730347446372,10,10,,True
us1gt,Gompertz,2099,2.3561506329031774,3.9571473893950513,5.493025947630581,7.144646697238911,9.820993463828799,10,10,,True
us1gt,Gompertz,2100,2.3032201737677793,3.8865213583955796,5.381964174365785,7.00422932991607,9.692126653862113,10,10,,True
us1gt,Gompertz,2101,2.243683618146112,3.8050910646270735,5.271266264500456,6.8781771003011105,9.549770446932483,10,10,,True
us1gt,Gompertz,2102,2.190550329721146,3.720385973563642,5.145259469367209,6.777247523138209,9.377269141982168,10,10,,True
us1gt,Gompertz,2103,2.1296034518135,3.63666938855592,5.019416157759718,6.661771088879007,9.223184017475148,10,10,,True
us1gt,Gompertz,2104,2.0629005795636846,3.5615951668961703,4.905926599041974,6.542605118475296,9.069315853322761,10,10,,True
us1gt,Gompertz,2105,2.0109678653551106,3.4748201683783564,4.796864508215615,6.418400280367494,8.936733730787033,10,10,,True
us1gt,Gompertz,2106,1.964225587366503,3.394265326740167,4.6838111070503325,6.311879113936995,8.78752993895786,10,10,,True
us1gt,Gompertz,2107,1.9021831974234396,3.311117229448678,4.585445773552776,6.194814385643555,8.601060193533153,10,10,,True
us1gt,Gompertz,2108,1.8414757856398825,3.2391349388561945,4.477101164725733,6.080640200428799,8.440948470865024,10,10,,True
us1gt,Gompertz,2109,1.782492700382673,3.1657978338220856,4.382355306983863,5.941746617893809,8.279825884541992,10,10,,True
us1gt,Gompertz,2110,1.7254825368593003,3.0926929212580014,4.2883896101989105,5.8284985649716035,8.118259966460473,10,10,,True
us1gt,Gompertz,2111,1.676860884024918,3.022474030544696,4.1856084769002795,5.691905610031652,7.956071529445151,10,10,,True
us1gt,Gompertz,2112,1.637775496031037,2.9527020485364854,4.091080105236654,5.566527139870676,7.7860631397159255,10,10,,True
us1gt,Gompertz,2113,1.5853299971239356,2.8820621454631965,3.9842489788761,5.435125512843161,7.606403410319669,10,10,,True
us1gt,Gompertz,2114,1.5303653119601746,2.808678782882646,3.8902683608293116,5.300131216207856,7.4108559187329135,10,10,,True
us1gt,Gompertz,2115,1.4769549711399261,2.7234385013225326,3.7922770388221245,5.166070276629495,7.222121393223118,10,10,,True
us1gt,Gompertz,2116,1.425097371407442,2.651372946072705,3.689854653155945,5.0360057387352075,7.056454230703478,10,10,,True
us1gt,Gompertz,2117,1.375416409116652,2.574233947911803,3.59545353965348,4.914790124325857,6.9150958015404544,10,10,,True
us1gt,Gompertz,2118,1.3382975159236763,2.504881820016431,3.500450980931065,4.78576997860534,6.754597394083759,10,10,,True
us1gt,Gompertz,2119,1.304582407918775,2.441983705096766,3.4051049950843764,4.663960689223676,6.609733840116697,10,10,,True
us1gt,Gompertz,2120,1.271502331261379,2.3752383899018055,3.3024094663810515,4.540583304799327,6.464162715724877,10,10,,True
us1gt,Gompertz,2121,1.2390587201054757,2.314884533500927,3.2067983998928864,4.42583651710114,6.31992949299735,10,10,,True
us1gt,Gompertz,2122,1.203772642277671,2.2460207562355636,3.115876295138835,4.315664009193078,6.170344279417661,10,10,,True
us1gt,Gompertz,2123,1.1629174475451376,2.178200185673006,3.0317968466381977,4.2155172811640105,6.01086489004323,10,10,,True
us1gt,Gompertz,2124,1.1304641837973557,2.1163747987489008,2.9579421955150593,4.11808539813805,5.856076633063719,10,10,,True
us1gt,Gompertz,2125,1.0955767091056086,2.0543549766027125,2.8693234029728454,4.020695600346002,5.7167571807513635,10,10,,True
us1gt,Gompertz,2126,1.0557214926195535,1.99010129857063,2.7960255969963135,3.921077315242226,5.596575072128269,10,10,,True
us1gt,Gompertz,2127,1.0173093659842707,1.932770106871545,2.7151451803375393,3.8232344319142095,5.477229557953233,10,10,,True
us1gt,Gompertz,2128,0.9804473537902094,1.8671864733118,2.636761628878936,3.7301084330303893,5.357259653778508,10,10,,True
us1gt,Gompertz,2129,0.9448268751254215,1.8053892489938006,2.557752474965297,3.63577508525251,5.2281519901922655,10,10,,True
us1gt,Gompertz,2130,0.9137693234506787,1.7441380976785046,2.4848337819530872,3.536628737129905,5.099911213086426,10,10,,True
us1gt,Gompertz,2131,0.8810841379107827,1.6866449907681327,2.4195858009277593,3.4391591552737673,4.971383360603826,10,10,,True
us1gt,Gompertz,2132,0.8478308344468171,1.6358023152446473,2.3499775502155464,3.338319843479947,4.851263253516106,10,10,,True
us1gt,Gompertz,2133,0.8142896847755057,1.580738319195151,2.2823249001856283,3.2458739106715444,4.732025979979438,10,10,,True
us1gt,Gompertz,2134,0.7827810657192195,1.5292642423954992,2.2151981248677277,3.156692632870134,4.611195091222601,10,10,,True
us1gt,Gompertz,2135,0.753594463275495,1.4853907155288788,2.1559634067508497,3.0840741505327878,4.506221004969664,10,10,,True
us1gt,Gompertz,2136,0.7261055728027445,1.4362983553653472,2.0862158916293057,3.0002404580385464,4.407251465860747,10,10,,True
us1gt,Gompertz,2137,0.6986635572682809,1.3906428863168148,2.0248428135168837,2.9139044610481477,4.302637896157243,10,10,,True
us1gt,Gompertz,2138,0.6725467943498397,1.3463617309306697,1.9640312529733306,2.8345712686947206,4.197342030174393,10,10,,True
us1gt,Gompertz,2139,0.6484620839437062,1.301968579105822,1.9066493634640722,2.7496474779250857,4.090159701357076,10,10,,True
us1gt,Gompertz,2140,0.627737968234684,1.2592875937598353,1.8478876013667025,2.674475747729021,3.97087179148163,10,10,,True
us1gt,Gompertz,2141,0.6093009673577229,1.2196108294143415,1.789085325663082,2.6099824966495486,3.8589877776205803,10,10,,True
us1gt,Gompertz,2142,0.5877393849397986,1.1824226251868448,1.7325984778047518,2.529348230736985,3.7632428844579815,10,10,,True
us1gt,Gompertz,2143,0.5687067263137503,1.1423144667783947,1.6789509190293823,2.4621517275350975,3.6606038835369636,10,10,,True
us1gt,Gompertz,2144,0.5501359520780953,1.1055315224629725,1.6310322288747743,2.397049005899384,3.557895215061516,10,10,,True
us1gt,Gompertz,2145,0.5320637471480019,1.0699186216029783,1.5826078264798706,2.3272035630743084,3.456221658431063,10,10,,True
us1gt,Gompertz,2146,0.5123073210725654,1.0315749532074847,1.535540462169935,2.255096217055547,3.3591889954113894,10,10,,True
us1gt,Gompertz,2147,0.4928455112800791,0.9986446982903505,1.4838245683138787,2.1883427772292543,3.2636911426084456,10,10,,True
us1gt,Gompertz,2148,0.47420143845497553,0.9684909252931136,1.4379450172434098,2.1255157378273486,3.172761812576844,10,10,,True
us1gt,Gompertz,2149,0.4577818819876099,0.9378026387396515,1.3930670154694957,2.0642348349546067,3.0880960755293345,10,10,,True
us1gt,Gompertz,2150,0.4418980522245219,0.9068220028625856,1.3438225171277067,2.004851843146251,3.0057364869532224,10,10,,True
us1gt,Gompertz,2151,0.4265349315593748,0.8769317845652832,1.3047099987554156,1.948870132335521,2.924286838284136,10,10,,True
us1gt,Gompertz,2152,0.41167773721391054,0.8487672697697957,1.265179182985066,1.8905645705796204,2.847089641351429,10,10,,True
us1gt,Gompertz,2153,0.39738020620679265,0.8202134106915779,1.221419486678296,1.829362357448449,2.7749686544536845,10,10,,True
us1gt,Gompertz,2154,0.3836167021973228,0.7942076766604695,1.1816698663643548,1.7738365124111954,2.6995380779591733,10,10,,True
us1gt,Gompertz,2155,0.3696825542676591,0.7688561643656125,1.1434416266759713,1.7196379827074846,2.621565944195443,10,10,,True
us1gt,Gompertz,2156,0.35545637946244424,0.7442775613712402,1.1048411530075173,1.6664386106380482,2.553438700138006,10,10,,True
us1gt,Gompertz,2157,0.34316781214647396,0.7189524001715528,1.0673915356563897,1.6155787673661706,2.483486615454361,10,10,,True
us1gt,Gompertz,2158,0.331983237866086,0.6948229015121246,1.0332163161787382,1.5670140476104422,2.4190606057063087,10,10,,True
us1gt,Gompertz,2159,0.32106362960539453,0.6704294003487643,1.0006733499445293,1.521539099986948,2.3561692269207715,10,10,,True
us1gt,Gompertz,2160,0.30980292373861734,0.6472779661451901,0.9713739831604211,1.4750644129338486,2.287466410026576,10,10,,True
us1gt,Gompertz,2161,0.29892308836643094,0.6258332094978383,0.9402895531070579,1.430946614753553,2.2236822623087646,10,10,,True
us1gt,Gompertz,2162,0.2882232999199105,0.6037305682800207,0.9086362683721461,1.3872458786202158,2.17027472023303,10,10,,True
us1gt,Gompertz,2163,0.2762384147262105,0.582642767895195,0.8774325550079964,1.3482239370936429,2.117550544476012,10,10,,True
us1gt,Gompertz,2164,0.2647520082649247,0.5632117998939504,0.8487923634400449,1.3060613399696994,2.0560150393115872,10,10,,True
us1gt,Gompertz,2165,0.2553922772868238,0.544612064299395,0.8231884064804641,1.2651304719161838,1.9958081722767784,10,10,,True
us1gt,Gompertz,2166,0.2464220411151625,0.5251483771887676,0.7974549294670991,1.227225969245958,1.9368845782028616,10,10,,True
us1gt,Gompertz,2167,0.23782127023127092,0.5066749447505486,0.771278908794476,1.1894644579119755,1.8795651661992592,10,10,,True
us1gt,Gompertz,2168,0.2295413854252896,0.4890465546598828,0.7458280980386133,1.153607839151698,1.8294731110667055,10,10,,True
us1gt,Gompertz,2169,0.22154686300802104,0.47265532997814697,0.7203951902277783,1.1150291459186095,1.7756908447626711,10,10,,True
us1gt,Gompertz,2170,0.21382821326699558,0.4551311496196621,0.6959603700897719,1.0809969403035884,1.7253657025803082,10,10,,True
us1gt,Gompertz,2171,0.20631217913357633,0.4393310562657129,0.6738713810914303,1.0476330321984613,1.6822019063897329,10,10,,True
us1gt,Gompertz,2172,0.19845080175809185,0.4231639694965999,0.6524605195755199,1.014497091582106,1.6325165448466736,10,10,,True
us1gt,Gompertz,2173,0.19089117745117193,0.40759198031432287,0.6316516323845383,0.9823841916566367,1.584672715967972,10,10,,True
us1gt,Gompertz,2174,0.18361718965330834,0.39410368096824355,0.6101952226066005,0.9512650788986667,1.5402889053876248,10,10,,True
us1gt,Gompertz,2175,0.17694506976336152,0.3810801288802838,0.5903739682269713,0.9227386696703992,1.496939632896602,10,10,,True
us1gt,Gompertz,2176,0.17106932483978934,0.36854666925725443,0.5705990623476935,0.8959515725798551,1.4517770431124197,10,10,,True
us1gt,Gompertz,2177,0.16539819027210798,0.3557924723382068,0.552052391726116,0.8682372830161404,1.408784383823079,10,10,,True
us1gt,Gompertz,2178,0.1599196575384727,0.3431743821418431,0.5345796363549848,0.8410267082830161,1.3688216309019565,10,10,,True
us1gt,Gompertz,2179,0.15462710812490854,0.3311154547664901,0.5169968111412794,0.8138913056353567,1.3273542109625327,10,10,,True
policy,Logistic,2030,0.30465475258653174,0.3241692049328282,0.3392819468863293,0.3518223823212433,0.366875630283402,10,10,,True
policy,Logistic,2031,0.3441537358500965,0.3685007780721049,0.38726919274599475,0.40288326006971253,0.4224205763140518,10,10,,True
policy,Logistic,2032,0.3883798405003965,0.41919358006112983,0.4419506007470033,0.4612996216098905,0.48515092051473385,10,10,,True
policy,Logistic,2033,0.4379165878801929,0.47571136412332804,0.5032362481468874,0.526842912929198,0.5579167957815587,10,10,,True
policy,Logistic,2034,0.4937931422279431,0.5401353855468234,0.5726222704381363,0.6018809083316149,0.6394631280774412,10,10,,True
policy,Logistic,2035,0.5554417637576796,0.6127449342138899,0.6506913236557497,0.6857308018537064,0.7320298234052033,10,10,,True
policy,Logistic,2036,0.6230521817764763,0.6933492790228709,0.7391107213536403,0.7814151094128251,0.8375001318112293,10,10,,True
policy,Logistic,2037,0.6987013632141668,0.7831484537897037,0.8381809634871942,0.8888777664818035,0.9556511882591966,10,10,,True
policy,Logistic,2038,0.7814925497100168,0.8833975722132605,0.9489586386901605,1.007423779614514,1.0881513266354694,10,10,,True
policy,Logistic,2039,0.8740411243974096,0.9941771316159415,1.073296776546734,1.1402388156737169,1.2369583134809603,10,10,,True
policy,Logistic,2040,0.9762248179722234,1.1148805999751146,1.2108345009281543,1.289202241724504,1.3972765494393957,10,10,,True
policy,Logistic,2041,1.0863886285686777,1.2465904455672079,1.3610193998363633,1.4526116346578406,1.5818456573137916,10,10,,True
policy,Logistic,2042,1.2022306382691657,1.390921365024938,1.5236836287140525,1.6333648156878462,1.7819719849661277,10,10,,True
policy,Logistic,2043,1.3298099917869486,1.544857083463892,1.6965811796366714,1.8297527386963286,1.994695656023637,10,10,,True
policy,Logistic,2044,1.4642579291940538,1.7034342402728986,1.884603380143283,2.0459974625224633,2.2319820408425075,10,10,,True
policy,Logistic,2045,1.6072464651229195,1.8708881438748763,2.079371616884946,2.2687297182922532,2.47442425662629,10,10,,True
policy,Logistic,2046,1.7545875196020648,2.039212500099306,2.288637363669901,2.5071952753376308,2.732960604523778,10,10,,True
policy,Logistic,2047,1.9036170689141085,2.2080664065638067,2.5048292316094884,2.756086170428506,3.008950148881756,10,10,,True
policy,Logistic,2048,2.0495495474648737,2.3822567130219263,2.7113246417335493,3.0050039159170066,3.3136061588181684,10,10,,True
policy,Logistic,2049,2.1910126626021866,2.5437755350159845,2.914419541325332,3.2612078795861668,3.6389409287840664,10,10,,True
policy,Logistic,2050,2.3112364978228395,2.6981968051196703,3.1117799182674033,3.497622811722959,3.9807545125377617,10,10,,True
policy,Logistic,2051,2.4252389264668,2.846451388964101,3.282683797985026,3.7387614390108586,4.351950009003635,10,10,,True
policy,Logistic,2052,2.506580911382156,2.9668317873685925,3.4180072282867124,3.9705266168666897,4.699757786103185,10,10,,True
policy,Logistic,2053,2.574271843895051,3.076616549649172,3.5460224711404913,4.180999985058534,5.044025793537555,10,10,,True
policy,Logistic,2054,2.607281555701186,3.1686916891881167,3.6401502202015834,4.3538368069414,5.368714315638897,10,10,,True
policy,Logistic,2055,2.6276819162572376,3.211080223831403,3.7238776528489113,4.492825816404126,5.680842018850098,10,10,,True
policy,Logistic,2056,2.625545928594368,3.2282896451393315,3.7981320737763653,4.620659288648257,5.99951776382639,10,10,,True
policy,Logistic,2057,2.5739981305846156,3.207317881243595,3.8351347645007783,4.773575810431387,6.350754292078166,10,10,,True
policy,Logistic,2058,2.492126831345125,3.179213149674362,3.844994401010627,4.875783087900941,6.600192930721662,10,10,,True
policy,Logistic,2059,2.3982842683177346,3.1201166867892804,3.8282970318149596,4.90864435888515,6.810104829764912,10,10,,True
policy,Logistic,2060,2.294501795556767,3.033330259148639,3.771762409469795,4.911359804276916,6.9809362548441225,10,10,,True
policy,Logistic,2061,2.190319627645681,2.945645169060124,3.6806479834593544,4.89395370693874,7.188867505206382,10,10,,True
policy,Logistic,2062,2.065554645962566,2.807554703958851,3.575445067398552,4.869657879194255,7.302880695161896,10,10,,True
policy,Logistic,2063,1.922592086168211,2.667550679451032,3.46472209615333,4.785749685381332,7.366739989039121,10,10,,True
policy,Logistic,2064,1.7765165125587927,2.5318085307354754,3.332520676684392,4.713717210769725,7.541831989027337,10,10,,True
policy,Logistic,2065,1.621775193567917,2.36399519837317,3.182905975571401,4.573922977461434,7.430168886011087,10,10,,True
policy,Logistic,2066,1.4942225835726868,2.2084311934402487,3.0683353062922545,4.4545273285235645,7.342968996096409,10,10,,True
policy,Logistic,2067,1.3558132754571826,2.064054799693688,2.889412466095894,4.312137771755002,7.222100304160878,10,10,,True
policy,Logistic,2068,1.2241105226578377,1.9105391824767541,2.7271138075631627,4.1067023784688494,7.077810475123024,10,10,,True
policy,Logistic,2069,1.0950398815502016,1.763908406748353,2.5399043257563068,3.957676525118319,6.9102304800245005,10,10,,True
policy,Logistic,2070,0.9834299815436639,1.6219022831714158,2.3957203417415887,3.7453318439935632,6.780849292477321,10,10,,True
policy,Logistic,2071,0.8767103545533461,1.4886210760207907,2.2082594736244285,3.5361896587236408,6.673286913986162,10,10,,True
policy,Logistic,2072,0.7747119066475713,1.358396396238627,2.035391288853238,3.314232261856306,6.606937146845913,10,10,,True
policy,Logistic,2073,0.6898350679184287,1.22484148978269,1.8886499420573806,3.1253505859521677,6.4681396259025075,10,10,,True
policy,Logistic,2074,0.6112687892785171,1.1049277618710875,1.7338266883372064,2.9179386296424354,6.254502688261061,10,10,,True
policy,Logistic,2075,0.5361140950926069,0.9843996522474664,1.5777756259902052,2.721751418949108,6.219203756888571,10,10,,True
policy,Logistic,2076,0.47100532967093217,0.8833242200286012,1.432272875254276,2.514427111057973,6.091653812382979,10,10,,True
policy,Logistic,2077,0.4130886221367173,0.7869470932052622,1.294812370929513,2.3412619329045605,5.888234254408129,10,10,,True
policy,Logistic,2078,0.3599418252543254,0.702723145967928,1.173984519080098,2.144769001134134,5.639400965397715,10,10,,True
policy,Logistic,2079,0.31654303934574424,0.6305941382509144,1.0508520478795638,2.0030621263953883,5.362217289538844,10,10,,True
policy,Logistic,2080,0.2796601278219506,0.5592928197966459,0.9461925313961803,1.8485244382502577,5.056524686147414,10,10,,True
policy,Logistic,2081,0.2414041038678948,0.49502571524254363,0.8452723323155105,1.6569323925073085,4.8991339288508655,10,10,,True
policy,Logistic,2082,0.20962279106377776,0.44027301734535296,0.7592963270411428,1.4987019370696737,4.63965837555974,10,10,,True
policy,Logistic,2083,0.18312722168231968,0.3927291060639589,0.6781441649570465,1.3544921112330786,4.257160902021643,10,10,,True
policy,Logistic,2084,0.16000831541021807,0.3466459431753763,0.6111365425352691,1.2320990959244194,3.9471684358407355,10,10,,True
policy,Logistic,2085,0.1406417113496532,0.3069974882571149,0.5471755362112092,1.1148647192556294,3.7561888163609582,10,10,,True
policy,Logistic,2086,0.1220854565874859,0.2683682450381977,0.49034223631285523,1.0038215947063323,3.4675768593439713,10,10,,True
policy,Logistic,2087,0.10618058200313618,0.23404444761614157,0.43596013362185815,0.9083582770281667,3.19347791569462,10,10,,True
policy,Logistic,2088,0.09225726380948003,0.20724834941351333,0.38808680706647575,0.8133962814138046,2.941392574411041,10,10,,True
policy,Logistic,2089,0.08001547200303169,0.18365993516723672,0.34237531915848274,0.7390004545129345,2.74409085921681,10,10,,True
policy,Logistic,2090,0.06966488437724633,0.16297062747769556,0.3048219396366554,0.667482616434867,2.566084384139075,10,10,,True
policy,Logistic,2091,0.0611693152272077,0.14282961263973162,0.2731683342623561,0.6000075163877321,2.397366883547476,10,10,,True
policy,Logistic,2092,0.05352833954605787,0.1251288380160552,0.24077249457975206,0.5387964189625342,2.233144839853348,10,10,,True
policy,Logistic,2093,0.04669839384525792,0.10964342734733673,0.21363761269867712,0.48457075077172856,2.0744406583055603,10,10,,True
policy,Logistic,2094,0.04045014447133478,0.09685857541350995,0.19134579971094873,0.43680320051083404,1.9220652587029627,10,10,,True
policy,Logistic,2095,0.03549706841768952,0.08458881600604876,0.17034217517148098,0.3884899586275129,1.776630612612469,10,10,,True
policy,Logistic,2096,0.031046818736421688,0.07422591089696787,0.15037844071859968,0.3440439177503565,1.6378489550065523,10,10,,True
policy,Logistic,2097,0.0267448144717533,0.06544952579000575,0.1337625449912887,0.3078204871361707,1.4851630979591472,10,10,,True
policy,Logistic,2098,0.02346862765279558,0.057317716679745855,0.11846420088022452,0.2755174560564083,1.3454921916767872,10,10,,True
policy,Logistic,2099,0.02041559580951296,0.0506883018893005,0.10519542400442725,0.24743983701947717,1.229792387994081,10,10,,True
policy,Logistic,2100,0.017509682062196216,0.04458369483115659,0.0938069574350022,0.2219134708319976,1.1239872112664782,10,10,,True
policy,Logistic,2101,0.01529839423576572,0.03887554632045113,0.08344923853857832,0.19615258437268918,1.0258116413333278,10,10,,True
policy,Logistic,2102,0.013371026399829511,0.03391508101172008,0.07357271988123781,0.17550162690606047,0.9350202240944671,10,10,,True
policy,Logistic,2103,0.0116845813758876,0.029596890471013222,0.06561201971640308,0.15753159338360967,0.8513172572416157,10,10,,True
policy,Logistic,2104,0.01015866227019515,0.02581455967608528,0.05768642896011985,0.1415408433902821,0.7745531513783217,10,10,,True
policy,Logistic,2105,0.008806690410501557,0.022583540847716577,0.0511942547098447,0.1272881656563108,0.7053963667559751,10,10,,True
policy,Logistic,2106,0.007673267638214497,0.019812380349948026,0.04519641745649053,0.1143515532955375,0.6416646695463609,10,10,,True
policy,Logistic,2107,0.006679016711964347,0.01741766782497313,0.03989965619156474,0.10245882779887398,0.5830671555767234,10,10,,True
policy,Logistic,2108,0.00581123797686638,0.01519333490213807,0.03496879586615266,0.09192406140374391,0.5293030330524297,10,10,,True
policy,Logistic,2109,0.005091308703104686,0.01328835101362207,0.03106087774751589,0.08252220566247663,0.4800678086605323,10,10,,True
policy,Logistic,2110,0.004453600023203698,0.011676673427585785,0.027796176492332132,0.07364411394781274,0.4350583789658382,10,10,,True
policy,Logistic,2111,0.0038823437996987555,0.01026361422925104,0.024795796254571848,0.06576794969464085,0.39397711836459726,10,10,,True
policy,Logistic,2112,0.0033812314805755795,0.00896511594490057,0.021892374845891495,0.05872582895710406,0.35653506940708124,10,10,,True
policy,Logistic,2113,0.0029510086446725564,0.007754249272376098,0.019516692055895075,0.05265449289721543,0.322454347080169,10,10,,True
policy,Logistic,2114,0.0025554195852992446,0.006831215489017636,0.017066543929663447,0.04689900518179459,0.29146986796618213,10,10,,True
policy,Logistic,2115,0.0022399346292829156,0.00602598928242196,0.015073473752238772,0.04206907677213662,0.26333051003488145,10,10,,True
policy,Logistic,2116,0.0019594375354145374,0.005278061561471618,0.013281897794074654,0.03781304939072329,0.23779980078563914,10,10,,True
policy,Logistic,2117,0.0017105876274076959,0.0046551010580323056,0.011853727374314997,0.033920635619130265,0.2146562217897172,10,10,,True
policy,Logistic,2118,0.0014986251468709932,0.004094390596872961,0.010571757057533148,0.03091638571045922,0.1936932073280676,10,10,,True
policy,Logistic,2119,0.001320531531126097,0.0035968606563186786,0.009344962478398111,0.02794675764033678,0.17471890445191057,10,10,,True
policy,Logistic,2120,0.0011574106232819835,0.0031447584086326747,0.008359146508661375,0.024964869334137465,0.15755575186875423,10,10,,True
policy,Logistic,2121,0.001019465849475126,0.0027699904635683425,0.007489047715918049,0.022436920113196483,0.14203992586326408,10,10,,True
policy,Logistic,2122,0.0008896785191777119,0.0024659170060503974,0.006671672567059575,0.02020480902501473,0.12802069315986173,10,10,,True
policy,Logistic,2123,0.0007707692653768456,0.0021784443854335955,0.005931825218710208,0.018110287230231066,0.11651311827188664,10,10,,True
policy,Logistic,2124,0.0006682852557567833,0.0019223312190789162,0.005289838559194156,0.016265308770677205,0.10522151837413168,10,10,,True
policy,Logistic,2125,0.0005794268399064846,0.0016651013629304283,0.004693041051029434,0.014606260035247983,0.09910663881496323,10,10,,True
policy,Logistic,2126,0.0005069726393079592,0.0014528274914792027,0.004182028284686562,0.013229540345255815,0.08941482380511667,10,10,,True
policy,Logistic,2127,0.00044285741665330784,0.0012766214733335606,0.00372745767109171,0.011902986306989485,0.08065969707265191,10,10,,True
policy,Logistic,2128,0.00038690443904580653,0.001131162464548352,0.0033248156575769253,0.010663644690016677,0.07275455946509209,10,10,,True
policy,Logistic,2129,0.0003380456932029128,0.0009935122109938517,0.0029576277604279047,0.009594270763972287,0.06561826552001611,10,10,,True
policy,Logistic,2130,0.000295378090146235,0.0008739397021604372,0.0026301254132637293,0.008704248392944857,0.05983224583683709,10,10,,True
policy,Logistic,2131,0.0002581140266091251,0.0007706398210735861,0.0023517961137074096,0.007849335999996385,0.05406281750871277,10,10,,True
policy,Logistic,2132,0.00022556654212910703,0.0006792750656507401,0.0021005681519757737,0.007099555978954265,0.04878844392772055,10,10,,True
policy,Logistic,2133,0.0001949004662110567,0.0005985317330733146,0.0018944724278884381,0.006391848231795298,0.044026803776798726,10,10,,True
policy,Logistic,2134,0.00016822240932428732,0.0005286834308701562,0.0017107064588396993,0.005740201967218242,0.03972844778877305,10,10,,True
policy,Logistic,2135,0.00014917954047927515,0.00046496686455707115,0.001524594671555202,0.005155600154039561,0.03584861684235716,10,10,,True
policy,Logistic,2136,0.00013194818319064056,0.00040928003405079537,0.001358322663049096,0.004629971917990092,0.03234681242827036,10,10,,True
policy,Logistic,2137,0.00011621547499360799,0.00036014327530473306,0.001211498161330907,0.00416059181832713,0.0291864034910318,10,10,,True
policy,Logistic,2138,0.00010284690511108516,0.00031815543834887313,0.0010787612589645544,0.0037281501964483996,0.026334267150398466,10,10,,True
policy,Logistic,2139,9.103564856008293e-05,0.00028339556573217864,0.0009608325538469468,0.0033432992264921845,0.023760460854546018,10,10,,True
policy,Logistic,2140,7.99993424256309e-05,0.0002493997029344331,0.0008518192868548588,0.0029997038902359885,0.021437923596068983,10,10,,True
policy,Logistic,2141,6.937647438306002e-05,0.00022051472956926483,0.0007647248854658348,0.00271335298976796,0.01955927629656625,10,10,,True
policy,Logistic,2142,6.0076256590208376e-05,0.00019539652519109046,0.0006830124694291481,0.002452964486455533,0.017988866950896822,10,10,,True
policy,Logistic,2143,5.202504810775905e-05,0.00017287772250822387,0.0006074656524757802,0.0021823705435086447,0.016260682089098165,10,10,,True
policy,Logistic,2144,4.5146652153556585e-05,0.00015243625611257395,0.0005423472014470388,0.001984648643862672,0.014652712396604116,10,10,,True
policy,Logistic,2145,3.947188403935316e-05,0.00013666529646928871,0.0004878417304974361,0.0017859021176891625,0.013192930300503546,10,10,,True
policy,Logistic,2146,3.4512309133257855e-05,0.00012142059110902205,0.0004340015059594454,0.0016117552186253826,0.01187856157262089,10,10,,True
policy,Logistic,2147,3.0177517713733773e-05,0.0001079561205160799,0.0003873166420667202,0.0014501672719656928,0.010695133745366623,10,10,,True
policy,Logistic,2148,2.6402612791091093e-05,9.592409742749416e-05,0.0003440214167945522,0.0013049488558486025,0.009629611316475814,10,10,,True
policy,Logistic,2149,2.3105344944722305e-05,8.454825490669707e-05,0.00030617363370975185,0.0011729098048132217,0.008670253847229357,10,10,,True
policy,Logistic,2150,2.022080289991812e-05,7.448723656648478e-05,0.0002722949309839573,0.0010541557682769763,0.007806487911006637,10,10,,True
policy,Logistic,2151,1.7697187631572606e-05,6.58377755101764e-05,0.00024255812150665416,0.0009452311646360662,0.007028791573330282,10,10,,True
policy,Logistic,2152,1.548922105812528e-05,5.850635960127142e-05,0.0002158883386154153,0.000848242615185014,0.006328590203618412,10,10,,True
policy,Logistic,2153,1.3557322230066393e-05,5.218744671671441e-05,0.000192276793060024,0.0007575657451762515,0.005829315781808369,10,10,,True
policy,Logistic,2154,1.1878273491049611e-05,4.6574705053394064e-05,0.00017190299429530314,0.000678720898871299,0.005488813003908207,10,10,,True
policy,Logistic,2155,1.037866780255746e-05,4.104977586758177e-05,0.00015406060110266393,0.000611223522840115,0.0052019175685675155,10,10,,True
policy,Logistic,2156,9.053943079245107e-06,3.622582891114648e-05,0.00013809719668186302,0.000554644162894332,0.004703303933207941,10,10,,True
policy,Logistic,2157,7.94286632821675e-06,3.218607285873279e-05,0.00012325685833173872,0.0004995912657634343,0.0042538592805847885,10,10,,True
policy,Logistic,2158,6.9490170391904405e-06,2.8600157950434433e-05,0.00011010591853306695,0.00045098154179352236,0.0038913760272048987,10,10,,True
policy,Logistic,2159,6.0797790749281515e-06,2.5416645922165843e-05,9.74079256354973e-05,0.00040645912877433274,0.0036785489059099445,10,10,,True
policy,Logistic,2160,5.320876947016648e-06,2.2469563399055373e-05,8.618420417451326e-05,0.0003686891191613188,0.003338676200263557,10,10,,True
policy,Logistic,2161,4.6595765225583036e-06,1.9931525271010237e-05,7.678187610602906e-05,0.00033201424491348814,0.0030083352032086786,10,10,,True
policy,Logistic,2162,4.0806548398753255e-06,1.769734951384277e-05,6.801632121918426e-05,0.0003015378647697896,0.002710682085500376,10,10,,True
policy,Logistic,2163,3.573824531592196e-06,1.5787647101547117e-05,6.0341634098073023e-05,0.0002745843733576034,0.002442482587637926,10,10,,True
policy,Logistic,2164,3.136193174195775e-06,1.4172362067420263e-05,5.3702253403875596e-05,0.0002467447752140307,0.002210963078196557,10,10,,True
policy,Logistic,2165,2.741203301504911e-06,1.2560933730579228e-05,4.809410169922882e-05,0.00022163906840211075,0.001994745839589007,10,10,,True
policy,Logistic,2166,2.398104845904691e-06,1.1181544261537833e-05,4.305057517819339e-05,0.00019909162801758095,0.0017982581749739963,10,10,,True
policy,Logistic,2167,2.0992436707876673e-06,9.868631688530725e-06,3.830249328524691e-05,0.00017876066550109204,0.001621124339740935,10,10,,True
policy,Logistic,2168,1.8307537142645757e-06,8.719428524067158e-06,3.435973237972855e-05,0.0001605011244977002,0.0014614382432883422,10,10,,True
policy,Logistic,2169,1.6001886324538487e-06,7.728894174123069e-06,3.0839466443290114e-05,0.00014474170401063466,0.0013174814584440435,10,10,,True
policy,Logistic,2170,1.3955977947442695e-06,6.830695590763063e-06,2.7913490865039664e-05,0.00013098930721001126,0.001187704758764178,10,10,,True
policy,Logistic,2171,1.2134491896616633e-06,6.043336570031779e-06,2.494745784181973e-05,0.00011924998180604953,0.0010802550088144316,10,10,,True
policy,Logistic,2172,1.055273232074565e-06,5.408781443123122e-06,2.246522434142713e-05,0.00010806639413205014,0.0009979287758612382,10,10,,True
policy,Logistic,2173,9.285384936340086e-07,4.807363829653596e-06,2.0182516792409913e-05,9.714515559362888e-05,0.000927761717952466,10,10,,True
policy,Logistic,2174,8.172390252499568e-07,4.2689709704690755e-06,1.8064606983372542e-05,8.689582252098558e-05,0.0008540369144549832,10,10,,True
policy,Logistic,2175,7.145504979525692e-07,3.78905850361403e-06,1.6111482487059768e-05,7.874350334513185e-05,0.000769687892095868,10,10,,True
policy,Logistic,2176,6.248040520907898e-07,3.367336460630004e-06,1.4424412545340459e-05,7.113240683665465e-05,0.0006936714655198635,10,10,,True
policy,Logistic,2177,5.463626264300037e-07,2.9797520914057116e-06,1.285270745393805e-05,6.471176894436926e-05,0.0006300219150473067,10,10,,True
policy,Logistic,2178,4.779119000022691e-07,2.642784718460727e-06,1.1414813920084003e-05,5.888029821214294e-05,0.0005690595344140588,10,10,,True
policy,Logistic,2179,4.1810051737415705e-07,2.3532095770159624e-06,1.0159171627195171e-05,5.349474412534934e-05,0.000513931641039469,10,10,,True
policy,Gompertz,2030,0.4158414947755611,0.4463817887395855,0.4683842211969151,0.4942529901189617,0.5256676342110767,10,10,,True
policy,Gompertz,2031,0.47426537169321037,0.5118620976540369,0.5394840135973402,0.5719477988269196,0.6115147602844393,10,10,,True
policy,Gompertz,2032,0.5382889769199943,0.5838905451807788,0.6189152666202105,0.657502347327376,0.7061377943882504,10,10,,True
policy,Gompertz,2033,0.6073155571145514,0.6620470360610786,0.7056567469014525,0.750505622850194,0.8072323501615424,10,10,,True
policy,Gompertz,2034,0.6801883205320134,0.7461917545008859,0.79826492546032,0.8495057227380193,0.9183807193488135,10,10,,True
policy,Gompertz,2035,0.7594729913746389,0.8372758407543093,0.8952262665485777,0.9555631012463279,1.0356989658551323,10,10,,True
policy,Gompertz,2036,0.8418573276664948,0.933501601779364,0.9999489870010115,1.0687826570017411,1.1676055915306385,10,10,,True
policy,Gompertz,2037,0.9316268745981336,1.031299003504916,1.1085549853446328,1.1887506605136136,1.3033200191757277,10,10,,True
policy,Gompertz,2038,1.0211328699244626,1.134842971536734,1.2243523453861007,1.3140452886402072,1.4437444178737429,10,10,,True
policy,Gompertz,2039,1.1150081508435452,1.242700014004774,1.3439500169692788,1.4443402139260573,1.5916676299449612,10,10,,True
policy,Gompertz,2040,1.2173367030987108,1.353076895195285,1.467055530532625,1.582185906127838,1.7481301593270746,10,10,,True
policy,Gompertz,2041,1.323141539754349,1.4666456583741496,1.5947737287705,1.7220649420053404,1.914855980564465,10,10,,True
policy,Gompertz,2042,1.429763863630308,1.5837600165943808,1.7208001501182681,1.869679294057136,2.083323999641103,10,10,,True
policy,Gompertz,2043,1.5300688778937162,1.6984080226729459,1.8485305623757737,2.0230388869336493,2.2699211058122133,10,10,,True
policy,Gompertz,2044,1.6367301041608568,1.8144360419027041,1.9729419575245717,2.1821805430827546,2.4476133104201425,10,10,,True
policy,Gompertz,2045,1.7321190462176517,1.9294205893380838,2.1108636660421496,2.3304135510295634,2.647090646121091,10,10,,True
policy,Gompertz,2046,1.8296710289215272,2.0402569089561338,2.2391718278606243,2.5025057751679074,2.8375155259664018,10,10,,True
policy,Gompertz,2047,1.924108562583895,2.1474772052554405,2.3707713990727117,2.6605550342639654,3.0395348959795463,10,10,,True
policy,Gompertz,2048,2.023349445810865,2.2631077491844027,2.499610855589126,2.8171417649853043,3.2276041464882526,10,10,,True
policy,Gompertz,2049,2.1093528910057233,2.3727992052126625,2.629991441266474,2.9741382803781296,3.428698278496993,10,10,,True
policy,Gompertz,2050,2.1937557111779125,2.4826628395770176,2.7633075419392883,3.1303982037441407,3.641581899621662,10,10,,True
policy,Gompertz,2051,2.284029952700185,2.5870057584002075,2.8857091519289364,3.2977723845764353,3.849067628260078,10,10,,True
policy,Gompertz,2052,2.3699908620181236,2.684121374677364,3.010156904559147,3.458424334924997,4.072510984024755,10,10,,True
policy,Gompertz,2053,2.438845068731313,2.7780153541684998,3.12873491062187,3.6147408596983372,4.282073957133943,10,10,,True
policy,Gompertz,2054,2.494962174827912,2.8727070073578194,3.2447805343083305,3.762693654038729,4.466354830199291,10,10,,True
policy,Gompertz,2055,2.552505030706796,2.9499343827275424,3.3607311361317995,3.9065590844124647,4.664725262013714,10,10,,True
policy,Gompertz,2056,2.6038113171420396,3.030999805151641,3.470470197381875,4.049653588489329,4.858065958625989,10,10,,True
policy,Gompertz,2057,2.653102752558303,3.112641706833169,3.5691069922754806,4.197103948925953,5.062728808761675,10,10,,True
policy,Gompertz,2058,2.6891103967715386,3.1855658764679387,3.672185715169366,4.329149047549572,5.249721628876665,10,10,,True
policy,Gompertz,2059,2.7141524826745713,3.2485966841836653,3.7669518978828647,4.473110278426574,5.42500605996023,10,10,,True
policy,Gompertz,2060,2.7329027215828234,3.3033443492078725,3.8562124920766427,4.589178609919543,5.58313200986345,10,10,,True
policy,Gompertz,2061,2.7475178583475204,3.3526253809225803,3.9376104111624213,4.709075078064724,5.745486924825053,10,10,,True
policy,Gompertz,2062,2.763976062993671,3.404928054735211,4.025730953676895,4.826244347074619,5.9217203596125865,10,10,,True
policy,Gompertz,2063,2.7747137222892464,3.456330614873826,4.1045115745926894,4.933157265224075,6.087576372898213,10,10,,True
policy,Gompertz,2064,2.7859408410641566,3.4948187493565372,4.169981267696267,5.032129088607488,6.2127637512483656,10,10,,True
policy,Gompertz,2065,2.779430472994377,3.5214021758828666,4.225250875709223,5.127522615639349,6.331152169703022,10,10,,True
policy,Gompertz,2066,2.7839872376638937,3.554645144958333,4.271956804340041,5.221644974725654,6.454699576915825,10,10,,True
policy,Gompertz,2067,2.776398383097314,3.5773598678084206,4.315663283123697,5.305702361753224,6.570111250577666,10,10,,True
policy,Gompertz,2068,2.7707154073126268,3.586758467006905,4.369578586774856,5.383239661162076,6.636937028614682,10,10,,True
policy,Gompertz,2069,2.743680185522925,3.5930648735920094,4.4250504475486965,5.446709101825265,6.750929500321944,10,10,,True
policy,Gompertz,2070,2.7258751763113676,3.596875139542462,4.458127641498851,5.508993214998599,6.824960957598408,10,10,,True
policy,Gompertz,2071,2.700734181940971,3.6028398783690663,4.482758808819655,5.559586842134602,6.912375198571477,10,10,,True
policy,Gompertz,2072,2.6705975718495956,3.6099512904746023,4.5067060836397035,5.6017243750109245,6.995142131220931,10,10,,True
policy,Gompertz,2073,2.6516113806937427,3.6020950945522516,4.518690651481605,5.6553916785553415,7.041535467738982,10,10,,True
policy,Gompertz,2074,2.62158964825288,3.5838696636710847,4.5111667793565395,5.677746184697771,7.084157586284393,10,10,,True
policy,Gompertz,2075,2.5890774761511994,3.5567167190587092,4.503864578244589,5.691593392396336,7.124080346986492,10,10,,True
policy,Gompertz,2076,2.555633625987831,3.5450402282741322,4.499981861177528,5.709897958223657,7.157435065113864,10,10,,True
policy,Gompertz,2077,2.5170529170264593,3.523977874689537,4.497967281338466,5.726928112709127,7.158017182497784,10,10,,True
policy,Gompertz,2078,2.484577791593828,3.497776765275168,4.49130143520321,5.745821365105025,7.21212949699918,10,10,,True
policy,Gompertz,2079,2.456082941081227,3.4762511586508884,4.4794361444702915,5.736483288552172,7.250428753224498,10,10,,True
policy,Gompertz,2080,2.4114480861830363,3.4563939096399263,4.466676550027605,5.724487859887828,7.241784215962857,10,10,,True
policy,Gompertz,2081,2.379257131347054,3.405758062343377,4.447383512775641,5.716059683838659,7.234709647767858,10,10,,True
policy,Gompertz,2082,2.3557961644148673,3.355026137921853,4.42204591736858,5.711450113885574,7.209264603977851,10,10,,True
policy,Gompertz,2083,2.3073486872994913,3.313771401649018,4.403335496954998,5.694657193333785,7.170378751833554,10,10,,True
policy,Gompertz,2084,2.2615443175957965,3.2753994320883786,4.381053707641833,5.674438072140785,7.126207954192328,10,10,,True
policy,Gompertz,2085,2.222640358857274,3.2324183452931514,4.340385122934851,5.6248390236454195,7.102738587803045,10,10,,True
policy,Gompertz,2086,2.1793250522107073,3.179450960036131,4.292931679863804,5.599167194080109,7.048907612078945,10,10,,True
policy,Gompertz,2087,2.1374731080545755,3.1228586752706997,4.2492076138990855,5.5479246915638445,7.032743550973948,10,10,,True
policy,Gompertz,2088,2.0935344534821065,3.063067234247353,4.208563047329529,5.499894305704212,7.023557544411834,10,10,,True
policy,Gompertz,2089,2.0497242933351454,3.0117367615970796,4.1636824135446,5.448919995629596,6.986380354376388,10,10,,True
policy,Gompertz,2090,2.0067724807817386,2.957415277205804,4.119055599667513,5.38735450078562,6.954597141202879,10,10,,True
policy,Gompertz,2091,1.956687300878123,2.897368555117038,4.079654172571733,5.323399403479722,6.910666576066759,10,10,,True
policy,Gompertz,2092,1.9027992279523305,2.8454425965273717,4.01851845455123,5.261122391249069,6.83757468546724,10,10,,True
policy,Gompertz,2093,1.849554849730946,2.7901343024194154,3.9549064358021933,5.184265153795668,6.763900769535057,10,10,,True
policy,Gompertz,2094,1.7969852880515091,2.7357469706487185,3.893463633890348,5.097122815545355,6.734446638320621,10,10,,True
policy,Gompertz,2095,1.7402246152895886,2.6809320805321546,3.8302383299069325,5.026412382749722,6.6998286292649025,10,10,,True
policy,Gompertz,2096,1.6939916693628518,2.6237143116590165,3.7653206833053,4.947674742742471,6.614590469107103,10,10,,True
policy,Gompertz,2097,1.643677391563379,2.5743531633999877,3.7016123031157555,4.876611836728081,6.530517833686569,10,10,,True
policy,Gompertz,2098,1.5942139194837053,2.5209565549080746,3.636996949305235,4.795834766803869,6.432151539400814,10,10,,True
policy,Gompertz,2099,1.5479518828670942,2.4655770343559,3.5673824873227407,4.69735220846095,6.356804249339159,10,10,,True
policy,Gompertz,2100,1.5088960685042494,2.4097688266232087,3.5042013351555497,4.610870966046538,6.2781170085796285,10,10,,True
policy,Gompertz,2101,1.470525104265645,2.361841130942355,3.435792049706345,4.519907275134149,6.20409865865998,10,10,,True
policy,Gompertz,2102,1.4330307169494203,2.313830185205636,3.36595824307528,4.4565406932291385,6.145814247877931,10,10,,True
policy,Gompertz,2103,1.3962854097667778,2.268225072668778,3.296674827467818,4.368464614734885,6.085637404286588,10,10,,True
policy,Gompertz,2104,1.3602319841038022,2.215466738077855,3.2226532572962867,4.300221232404642,5.985103818234884,10,10,,True
policy,Gompertz,2105,1.3248730249180016,2.163549115111087,3.1586441726538568,4.221406914169062,5.921954265187022,10,10,,True
policy,Gompertz,2106,1.2904858279021878,2.118990754287241,3.092527403048109,4.141555406581191,5.848813164949237,10,10,,True
policy,Gompertz,2107,1.2569935124864258,2.0744940417864597,3.0280451041331737,4.071318555777836,5.759919032154012,10,10,,True
policy,Gompertz,2108,1.224182143222073,2.0186398326696073,2.9599020273516,3.9853065605222895,5.665026877882849,10,10,,True
policy,Gompertz,2109,1.1916585283055565,1.9705167624965934,2.887092693117545,3.9180930225003605,5.570943587828165,10,10,,True
policy,Gompertz,2110,1.1596424467496045,1.9184529768956504,2.820538332554577,3.831962424125486,5.481620431798283,10,10,,True
policy,Gompertz,2111,1.1258423181753792,1.8646980704342537,2.7507442939092046,3.7567070842047663,5.417008094010974,10,10,,True
policy,Gompertz,2112,1.0979556439893543,1.8121744605331502,2.687038070714438,3.6830670325027075,5.322954500820239,10,10,,True
policy,Gompertz,2113,1.0660365944851422,1.7660644710041313,2.6211899004058754,3.611097206535616,5.227197007497165,10,10,,True
policy,Gompertz,2114,1.0285265409891857,1.7210652147080687,2.5560041505066353,3.535191329387885,5.130454520133552,10,10,,True
policy,Gompertz,2115,0.9921875549448009,1.6814571421312352,2.493654449149343,3.46483176793683,5.033477058822176,10,10,,True
policy,Gompertz,2116,0.9584704599342643,1.6393690667506473,2.4325553515153957,3.383220884743122,4.942187124681507,10,10,,True
policy,Gompertz,2117,0.9244714462624325,1.5960211385056096,2.377928895117943,3.3025024812246007,4.839675167428002,10,10,,True
policy,Gompertz,2118,0.8977357607383495,1.5487014577471427,2.3233244468027676,3.227005811532132,4.739203647024416,10,10,,True
policy,Gompertz,2119,0.8687077431031683,1.504578320809013,2.2779193868047827,3.1480292444379483,4.647692661272963,10,10,,True
policy,Gompertz,2120,0.8405111675290764,1.4583435991863314,2.221091440747329,3.079819610560855,4.552775078718451,10,10,,True
policy,Gompertz,2121,0.8131867428458721,1.4162726844678655,2.1624587905315673,3.0011683695164035,4.4583769857096724,10,10,,True
policy,Gompertz,2122,0.7872302208143235,1.3751798466139762,2.1140857115292975,2.934111758374385,4.373269405410348,10,10,,True
policy,Gompertz,2123,0.762998578414899,1.338171054446418,2.0597452456739376,2.865253363586433,4.28710091702244,10,10,,True
policy,Gompertz,2124,0.7394248714325717,1.3025662102391145,1.9999486929870907,2.798085918963074,4.203822429081883,10,10,,True
policy,Gompertz,2125,0.7144375539608522,1.2676730456661498,1.9416121127170523,2.7331093822260852,4.100811853855591,10,10,,True
policy,Gompertz,2126,0.6879341596858111,1.2332557178826646,1.892758386101931,2.6753765132068508,4.015741620874986,10,10,,True
policy,Gompertz,2127,0.6651211810813801,1.198548604446112,1.841701361826864,2.6024485557212778,3.940341060226275,10,10,,True
policy,Gompertz,2128,0.6430114380505597,1.1651392704251065,1.7952457450185002,2.5332212443192184,3.8724272215321554,10,10,,True
policy,Gompertz,2129,0.6214691214092808,1.1312967206022757,1.7430365333154985,2.4605265078236926,3.802350282473761,10,10,,True
policy,Gompertz,2130,0.5998218494519079,1.0966324086198767,1.6883439781891418,2.4036168994432656,3.725632668908683,10,10,,True
policy,Gompertz,2131,0.5796701970554728,1.0644875134798983,1.6390565116498856,2.337268357130398,3.6590039832602783,10,10,,True
policy,Gompertz,2132,0.5601645287324848,1.0344598027518623,1.5915029641985365,2.2801806657225576,3.5885533928583455,10,10,,True
policy,Gompertz,2133,0.5396350743728305,1.0028360020689122,1.5451202687483776,2.223168001653219,3.509750977847127,10,10,,True
policy,Gompertz,2134,0.5215835370838909,0.9749198731686374,1.4995846309659566,2.1702278958198478,3.4305297153387277,10,10,,True
policy,Gompertz,2135,0.5045260704328554,0.9436657072703072,1.4590765363261409,2.110067170032891,3.3509788502053257,10,10,,True
policy,Gompertz,2136,0.48810752367842514,0.9160964611294161,1.4164541495084024,2.050804664578154,3.272836940691859,10,10,,True
policy,Gompertz,2137,0.47125317567973024,0.8861160264233392,1.3746157463761535,1.995858469012033,3.1956504213442978,10,10,,True
policy,Gompertz,2138,0.45376850792871065,0.859155517172033,1.3331299400417747,1.939399554431061,3.1195510226799916,10,10,,True
policy,Gompertz,2139,0.43721564854999956,0.8321035941320758,1.2950911933017295,1.8808127697662589,3.044612237111761,10,10,,True
policy,Gompertz,2140,0.4228397281939493,0.8071238379675164,1.2562844433883678,1.8306648284130056,2.9887907808841883,10,10,,True
policy,Gompertz,2141,0.4089203848168143,0.7813611714499205,1.2199367283480709,1.782263135196155,2.9126873813630705,10,10,,True
policy,Gompertz,2142,0.3947871752614982,0.7564775066661451,1.185502189784232,1.734340141351616,2.830754149533157,10,10,,True
policy,Gompertz,2143,0.38023141697126717,0.732258101345574,1.1484654919955855,1.6890162840127605,2.7561192970220483,10,10,,True
policy,Gompertz,2144,0.3659080586588892,0.708705280145089,1.1158195477300774,1.6413255890541116,2.687048385299443,10,10,,True
policy,Gompertz,2145,0.3527097557702424,0.6856790350729058,1.0861002462212945,1.5920090113475105,2.619730530970051,10,10,,True
policy,Gompertz,2146,0.33955917509079403,0.6636287696735886,1.0549266938157904,1.5435042103021752,2.55658924303235,10,10,,True
policy,Gompertz,2147,0.3268809917678666,0.643029494795599,1.0226752887035468,1.5000207235040637,2.495931527068091,10,10,,True
policy,Gompertz,2148,0.31465971591230063,0.6230181599075039,0.9902885519105926,1.4554745258423518,2.436103704398265,10,10,,True
policy,Gompertz,2149,0.30292841491284334,0.6036882783642239,0.9600646347520045,1.4160131459315934,2.377049815815259,10,10,,True
policy,Gompertz,2150,0.2915102563562347,0.5848385296765504,0.9319588927350942,1.3702686872756762,2.320319824943522,10,10,,True
policy,Gompertz,2151,0.2806950889308679,0.5669024951294322,0.903126173742041,1.3271383915207249,2.2647069731454583,10,10,,True
policy,Gompertz,2152,0.27014691052277584,0.5489802663824588,0.8760687569635224,1.2916410117771346,2.2086791988933707,10,10,,True
policy,Gompertz,2153,0.25998429913245036,0.5319642394251258,0.8499354958311074,1.2552404643470119,2.1464643962041983,10,10,,True
policy,Gompertz,2154,0.25019407511663166,0.5161751409224733,0.8229360514822228,1.2214353166855934,2.0885775680577074,10,10,,True
policy,Gompertz,2155,0.24079028220272478,0.4995466876576941,0.7975016121871275,1.1884372304501845,2.041422124462897,10,10,,True
policy,Gompertz,2156,0.23177110220781494,0.48383625894946175,0.7743334253681509,1.1562332699571356,1.990557400323906,10,10,,True
policy,Gompertz,2157,0.22370168331565107,0.46974230434266007,0.751183394907182,1.1233043303643426,1.9354596774212265,10,10,,True
policy,Gompertz,2158,0.21525030414961574,0.4551896284788053,0.7282204520279709,1.0889464178231885,1.881339975792518,10,10,,True
policy,Gompertz,2159,0.20711226947979042,0.43968354308314184,0.7053852671199483,1.0574008985325527,1.828538331705407,10,10,,True
policy,Gompertz,2160,0.1992765153830517,0.42572838189167383,0.6836453585461983,1.0243393052837462,1.7879385999094146,10,10,,True
policy,Gompertz,2161,0.19173232209872826,0.41122690707794307,0.6620928987038088,0.9922573729668516,1.74171891524799,10,10,,True
policy,Gompertz,2162,0.18446930718343627,0.397368372188982,0.6412554592482634,0.962789471318199,1.6970610727732809,10,10,,True
policy,Gompertz,2163,0.17747741845179815,0.3843165327492476,0.6216809712406763,0.9354840221063025,1.657558647945657,10,10,,True
policy,Gompertz,2164,0.17074692674497985,0.37165642709843877,0.6001943032994228,0.909637336873713,1.6178207214411995,10,10,,True
policy,Gompertz,2165,0.16426841856516067,0.3599891937383477,0.5797719096638145,0.8822944872567124,1.5747909043093489,10,10,,True
policy,Gompertz,2166,0.15803278861051293,0.3481114417235407,0.5611929180303681,0.8587106399077308,1.5327647272642708,10,10,,True
policy,Gompertz,2167,0.1520312322419792,0.3367232970608218,0.5441057463106422,0.8352481135691319,1.4925870316940302,10,10,,True
policy,Gompertz,2168,0.14625523791009445,0.3258770155039006,0.5282214239231332,0.8114991599846577,1.4609874223783759,10,10,,True
policy,Gompertz,2169,0.14069657956728093,0.31523375508850665,0.5112167882222893,0.7877226989101945,1.4284239301300687,10,10,,True
policy,Gompertz,2170,0.13534730908844572,0.30506274136146466,0.4953278349064927,0.7650452471030897,1.3952050339386892,10,10,,True
policy,Gompertz,2171,0.13019974872030218,0.2956421778078934,0.48124446003041355,0.7430037588945346,1.366060947034093,10,10,,True
policy,Gompertz,2172,0.1252464835776278,0.28624309418420146,0.46623539224427,0.7199318294869258,1.3345661453704574,10,10,,True
policy,Gompertz,2173,0.1204803542026257,0.2773957551308517,0.4509029402659663,0.7006379598579642,1.3003213913373555,10,10,,True
policy,Gompertz,2174,0.11593121431936092,0.26857981891671995,0.43616463694379515,0.6827453492402327,1.2647250006059518,10,10,,True
policy,Gompertz,2175,0.11187398274030874,0.2600359841821788,0.4225439185997436,0.6644941798769773,1.2295115932415586,10,10,,True
policy,Gompertz,2176,0.10796087966217109,0.25106110520463853,0.4085236353560961,0.6443722722045246,1.1951978968978034,10,10,,True
policy,Gompertz,2177,0.10418679611186131,0.24266849882739702,0.39500993778102056,0.6243365385201017,1.1660313515825769,10,10,,True
policy,Gompertz,2178,0.10054679794812406,0.23476160430704834,0.3830884394554861,0.6061395905818128,1.137514999328656,10,10,,True
policy,Gompertz,2179,0.09703612052684873,0.22725586638320802,0.3712833135527337,0.5880209907785109,1.1096377501487933,10,10,,True
ipcc_low,Logistic,2030,0.0802997159293711,0.09925081408641839,0.10871143412897336,0.11660026306681169,0.12522691969050662,7,10,US;Canada;Brazil,False
ipcc_low,Logistic,2031,0.08950389822423936,0.11329810091378129,0.12556722895960548,0.136157621850894,0.14790277388871667,7,10,US;Canada;Brazil,False
ipcc_low,Logistic,2032,0.09961353600263016,0.12901440450973498,0.14500572317567806,0.1588157017481568,0.17473081978932337,7,10,US;Canada;Brazil,False
ipcc_low,Logistic,2033,0.11155204191344968,0.14711306377881714,0.16752978601777185,0.18503300553401306,0.20617054367784057,7,10,US;Canada;Brazil,False
ipcc_low,Logistic,2034,0.12542091359065022,0.16772953579348243,0.19345836709528796,0.21555803765279813,0.24285761785267,7,10,US;Canada;Brazil,False
ipcc_low,Logistic,2035,0.14016991837162446,0.191209808329737,0.22278756974029224,0.2508984112174791,0.2856088602361926,7,10,US;Canada;Brazil,False
ipcc_low,Logistic,2036,0.1577101033913185,0.21754887835080539,0.2565181762253449,0.2914685960904694,0.33503841992264877,7,10,US;Canada;Brazil,False
ipcc_low,Logistic,2037,0.17709082720495967,0.24707097432960443,0.2951852059895651,0.3383149654816796,0.3923444056774189,7,10,US;Canada;Brazil,False
ipcc_low,Logistic,2038,0.1975297500179459,0.2799221536449953,0.3387050619801556,0.39068826264252066,0.4578513680429356,7,10,US;Canada;Brazil,False
ipcc_low,Logistic,2039,0.22052939970501856,0.31787197829143055,0.38750133538921017,0.450575532238777,0.5315567610918442,7,10,US;Canada;Brazil,False
ipcc_low,Logistic,2040,0.24624118515745516,0.3579443023512346,0.442630066846429,0.5183285507964175,0.6142362202629364,7,10,US;Canada;Brazil,False
ipcc_low,Logistic,2041,0.27331050778200006,0.40219113516405375,0.5044417785573303,0.5931360967023466,0.7053370035142037,7,10,US;Canada;Brazil,False
ipcc_low,Logistic,2042,0.3025302102476977,0.45175801570705665,0.5703518634607097,0.6759870045296826,0.8082824120099568,7,10,US;Canada;Brazil,False
ipcc_low,Logistic,2043,0.33386809943563645,0.5051127253061315,0.6401560060732299,0.7648338598750934,0.9179732183409846,7,10,US;Canada;Brazil,False
ipcc_low,Logistic,2044,0.37106376413030395,0.5612279100215867,0.7183046845814024,0.8614729517640715,1.0328273788100326,7,10,US;Canada;Brazil,False
ipcc_low,Logistic,2045,0.40851514477595424,0.6207138899370452,0.7966121856891366,0.9631614931854788,1.1546517791254116,7,10,US;Canada;Brazil,False
ipcc_low,Logistic,2046,0.4508730809294878,0.6827320881294566,0.8793228968191296,1.071700258338491,1.2798904811053724,7,10,US;Canada;Brazil,False
ipcc_low,Logistic,2047,0.48924363883587474,0.7468870654154396,0.9645989810665667,1.185097837810876,1.4126860252668096,7,10,US;Canada;Brazil,False
ipcc_low,Logistic,2048,0.5290773140926801,0.8064960060071371,1.0522741211040418,1.293446954815471,1.5307364943597495,7,10,US;Canada;Brazil,False
ipcc_low,Logistic,2049,0.5648089250557415,0.8717783195067264,1.1327890016452775,1.4007190599798338,1.667059227083924,7,10,US;Canada;Brazil,False
ipcc_low,Logistic,2050,0.5972725244587874,0.9272939486085633,1.2134089670989305,1.5079297392594528,1.8015518062161309,7,10,US;Canada;Brazil,False
ipcc_low,Logistic,2051,0.6260874270367741,0.9885271099060109,1.2840286639147866,1.6041099927464493,1.8987035682117266,7,10,US;Canada;Brazil,False
ipcc_low,Logistic,2052,0.6551676457580179,1.038082232998304,1.3300277655427315,1.6818539472335923,2.0296314453933375,7,10,US;Canada;Brazil,False
ipcc_low,Logistic,2053,0.67422111645568,1.0785477485094066,1.372478085826195,1.7369260328387854,2.1369788135254995,7,10,US;Canada;Brazil,False
ipcc_low,Logistic,2054,0.684740948650341,1.1018205949203512,1.4057951628743306,1.780664327830226,2.24291028670998,7,10,US;Canada;Brazil,False
ipcc_low,Logistic,2055,0.7005083519109936,1.1238377723803685,1.4254391431891316,1.8211010674861765,2.3610197617800375,7,10,US;Canada;Brazil,False
ipcc_low,Logistic,2056,0.7019757552532121,1.1131891408710362,1.4255273789323322,1.8487640117521873,2.434318711406396,7,10,US;Canada;Brazil,False
ipcc_low,Logistic,2057,0.6900694012556,1.0972757439370842,1.4170780547809707,1.850222861449939,2.5489526716550004,7,10,US;Canada;Brazil,False
ipcc_low,Logistic,2058,0.675811233255136,1.0654875367045036,1.402897870062058,1.8392956466239379,2.6171795676747696,7,10,US;Canada;Brazil,False
ipcc_low,Logistic,2059,0.6383154773900394,1.0250222989375921,1.3731003095025955,1.8236610988205282,2.6633632517027572,7,10,US;Canada;Brazil,False
ipcc_low,Logistic,2060,0.610055809689108,0.9760112657591512,1.3270696138741616,1.7939670376022976,2.6767870315670805,7,10,US;Canada;Brazil,False
ipcc_low,Logistic,2061,0.5773177130443377,0.9238988486761013,1.2737299597017047,1.7550521715733787,2.678304903482429,7,10,US;Canada;Brazil,False
ipcc_low,Logistic,2062,0.5511351527433737,0.8681775148996558,1.2105635561292023,1.703916556332135,2.6860539781619694,7,10,US;Canada;Brazil,False
ipcc_low,Logistic,2063,0.5117226228382293,0.8093143892055467,1.1429434500945095,1.6433870006150522,2.6778726479514874,7,10,US;Canada;Brazil,False
ipcc_low,Logistic,2064,0.4671426167335832,0.7396502126558029,1.0833042114799918,1.5767127488560568,2.633264765357184,7,10,US;Canada;Brazil,False
ipcc_low,Logistic,2065,0.42671794870693414,0.6736896661885632,1.011094276214865,1.5056752899340107,2.6105906224646453,7,10,US;Canada;Brazil,False
ipcc_low,Logistic,2066,0.38023003879220546,0.6188446552301151,0.9428135513998377,1.4189180011141023,2.5334483720196754,7,10,US;Canada;Brazil,False
ipcc_low,Logistic,2067,0.34111930212706676,0.5585127443975418,0.8719886906785439,1.3499822533998962,2.5474202831126846,7,10,US;Canada;Brazil,False
ipcc_low,Logistic,2068,0.30531719781401095,0.5083810221573235,0.8021930616238637,1.2719982546319906,2.523019093218587,7,10,US;Canada;Brazil,False
ipcc_low,Logistic,2069,0.2703984765833626,0.45435879043754007,0.7225775751429502,1.207731376739654,2.4347878388562547,7,10,US;Canada;Brazil,False
ipcc_low,Logistic,2070,0.23763821877614436,0.4096236266875766,0.6599939090984428,1.1007105364589558,2.313953630433509,7,10,US;Canada;Brazil,False
ipcc_low,Logistic,2071,0.20930822039203428,0.36855062808941075,0.6009911194380326,1.0130715874382201,2.20373092439603,7,10,US;Canada;Brazil,False
ipcc_low,Logistic,2072,0.18618644037193088,0.3280851114199861,0.5432971114932008,0.9256365228119081,2.0424837141112437,7,10,US;Canada;Brazil,False
ipcc_low,Logistic,2073,0.16315757765888514,0.2898357762798782,0.49080002312103654,0.8527348249506972,1.9398464525473416,7,10,US;Canada;Brazil,False
ipcc_low,Logistic,2074,0.1411473610069201,0.255827244002619,0.4386902486393677,0.7792407811078139,1.8328306541964963,7,10,US;Canada;Brazil,False
ipcc_low,Logistic,2075,0.12445876625080333,0.2266246231194406,0.38984029324951097,0.7004331668951329,1.7134737890076748,7,10,US;Canada;Brazil,False
ipcc_low,Logistic,2076,0.10799678971011961,0.20085565317010126,0.3489534112159231,0.6424301883369099,1.5906497915026143,7,10,US;Canada;Brazil,False
ipcc_low,Logistic,2077,0.09387175923899505,0.1776764495525233,0.3126444484906171,0.5792655201720156,1.4856052766651446,7,10,US;Canada;Brazil,False
ipcc_low,Logistic,2078,0.08254413460832265,0.1577918027453154,0.2784197941823279,0.5239706585689143,1.3686733982862946,7,10,US;Canada;Brazil,False
ipcc_low,Logistic,2079,0.07314278950335482,0.1390084473694102,0.2496609197330145,0.4708424957293886,1.2520233118786883,7,10,US;Canada;Brazil,False
ipcc_low,Logistic,2080,0.06481882951585205,0.1233159147222267,0.22375866109611503,0.4183465435573887,1.1584724547001584,7,10,US;Canada;Brazil,False
ipcc_low,Logistic,2081,0.056563018019880264,0.11013562724068535,0.1985369747771309,0.37818362429137176,1.065199091101413,7,10,US;Canada;Brazil,False
ipcc_low,Logistic,2082,0.04916787141682579,0.09609987978342252,0.17507763728191664,0.337075814421712,0.9540846584155496,7,10,US;Canada;Brazil,False
ipcc_low,Logistic,2083,0.04335456314167963,0.08438799362334751,0.15574932364039906,0.30211617635500404,0.8591236230653834,7,10,US;Canada;Brazil,False
ipcc_low,Logistic,2084,0.03763747190768559,0.07475440695717898,0.13861683428130683,0.2668755668120565,0.7560324929987176,7,10,US;Canada;Brazil,False
ipcc_low,Logistic,2085,0.03301154660818692,0.06516223689051756,0.1219479395360892,0.23703789713026516,0.673193053205898,7,10,US;Canada;Brazil,False
ipcc_low,Logistic,2086,0.02946643364178522,0.05692948677462527,0.1074598525402004,0.21199935868113,0.6239947283608038,7,10,US;Canada;Brazil,False
ipcc_low,Logistic,2087,0.026112711606112213,0.05049448319376205,0.09424357117284413,0.18784570114845098,0.5797615769626269,7,10,US;Canada;Brazil,False
ipcc_low,Logistic,2088,0.023368618920797335,0.044508021791272126,0.08258780714741726,0.1634933626126453,0.5375804557225509,7,10,US;Canada;Brazil,False
ipcc_low,Logistic,2089,0.020502255225060547,0.03895805326380687,0.07341519918157033,0.144886789889768,0.47246116211005323,7,10,US;Canada;Brazil,False
ipcc_low,Logistic,2090,0.018157681168514482,0.03496774329888816,0.06525506869722705,0.12861204738758802,0.4244321138881403,7,10,US;Canada;Brazil,False
ipcc_low,Logistic,2091,0.016029348803250975,0.031099641109166704,0.05793997622362996,0.11408478889505153,0.383784709199201,7,10,US;Canada;Brazil,False
ipcc_low,Logistic,2092,0.014109032301722254,0.02747927244121019,0.05206558862015054,0.101137475898054,0.34643021423585346,7,10,US;Canada;Brazil,False
ipcc_low,Logistic,2093,0.012584200895697601,0.02458992690757654,0.046260352409433665,0.08994191255115297,0.3079674143383858,7,10,US;Canada;Brazil,False
ipcc_low,Logistic,2094,0.011245503453452281,0.021856178281631538,0.041350510305211946,0.08033564700304358,0.2798046530913061,7,10,US;Canada;Brazil,False
ipcc_low,Logistic,2095,0.009869800032668125,0.019720599340427053,0.036746798739054023,0.0713274705846098,0.2511038024470988,7,10,US;Canada;Brazil,False
ipcc_low,Logistic,2096,0.008645339354439863,0.01739200010396306,0.032903797433735546,0.063551344580437,0.22677057797932978,7,10,US;Canada;Brazil,False
ipcc_low,Logistic,2097,0.0077761715749649005,0.015587383706668047,0.029456474209223996,0.05708363200419117,0.19990614223817765,7,10,US;Canada;Brazil,False
ipcc_low,Logistic,2098,0.006849369667788071,0.013954975469886817,0.026623558212411576,0.05121977836009579,0.18128458960956106,7,10,US;Canada;Brazil,False
ipcc_low,Logistic,2099,0.0061890154354594445,0.012569155945688802,0.02386561082323467,0.04661751761875896,0.16208717738383885,7,10,US;Canada;Brazil,False
ipcc_low,Logistic,2100,0.00554540704019321,0.01130456270364531,0.021552268780828346,0.04115382604817672,0.14457032253615718,7,10,US;Canada;Brazil,False
ipcc_low,Logistic,2101,0.004866761228394298,0.010150454105093073,0.01947087134573081,0.03677514136359254,0.12989339328436045,7,10,US;Canada;Brazil,False
ipcc_low,Logistic,2102,0.004314590117999663,0.009159208511861075,0.017631848597266554,0.03338698193128709,0.11549590096980016,7,10,US;Canada;Brazil,False
ipcc_low,Logistic,2103,0.0038186121605828446,0.008216805724471848,0.016156433664562105,0.03002907160873131,0.10237586890545623,7,10,US;Canada;Brazil,False
ipcc_low,Logistic,2104,0.003327595400350344,0.007371645495747753,0.014614313550328772,0.027712412908044742,0.09199558028906656,7,10,US;Canada;Brazil,False
ipcc_low,Logistic,2105,0.0029330086546006696,0.006711482578235641,0.013088063347293913,0.025803405653330044,0.0831909277687596,7,10,US;Canada;Brazil,False
ipcc_low,Logistic,2106,0.002641328403111258,0.006105770315847303,0.011914729254056839,0.023813924039795726,0.0762581882162476,7,10,US;Canada;Brazil,False
ipcc_low,Logistic,2107,0.002354193804299378,0.005531846261504179,0.010864539098687068,0.02177746930774134,0.0700199324925104,7,10,US;Canada;Brazil,False
ipcc_low,Logistic,2108,0.0021050052980418196,0.005027566944230929,0.009944789275930921,0.019947803268933757,0.06198108426840051,7,10,US;Canada;Brazil,False
ipcc_low,Logistic,2109,0.0018541996176751,0.00448381469001113,0.009084589968229747,0.018417610859650158,0.05624080097083666,7,10,US;Canada;Brazil,False
ipcc_low,Logistic,2110,0.001663839332078357,0.003977745445566799,0.008251070816531685,0.016842486157246973,0.05040948809172636,7,10,US;Canada;Brazil,False
ipcc_low,Logistic,2111,0.0014765887732773088,0.0035838673089460364,0.0075182331929581295,0.015341562773016444,0.045629185287471744,7,10,US;Canada;Brazil,False
ipcc_low,Logistic,2112,0.0013230733994883967,0.003259859464969138,0.006827407091500231,0.01402485820121157,0.04155450985035932,7,10,US;Canada;Brazil,False
ipcc_low,Logistic,2113,0.001195827305389444,0.0029357901357430333,0.006156934112969654,0.012805809480343646,0.038295184559299804,7,10,US;Canada;Brazil,False
ipcc_low,Logistic,2114,0.001076768618635929,0.002645872763546462,0.00563104167820475,0.011922553551769672,0.03470204573504924,7,10,US;Canada;Brazil,False
ipcc_low,Logistic,2115,0.0009712697178805716,0.0024160472310608624,0.005147104892218108,0.010997509003876244,0.03195777218142851,7,10,US;Canada;Brazil,False
ipcc_low,Logistic,2116,0.0008681809604124288,0.0021856885133221733,0.004727296256424074,0.010090635331275726,0.029251127019206114,7,10,US;Canada;Brazil,False
ipcc_low,Logistic,2117,0.0007802633025744167,0.0019941813556251377,0.004337546176703483,0.009395629552945815,0.0269901209234922,7,10,US;Canada;Brazil,False
ipcc_low,Logistic,2118,0.0007027432504829166,0.0018303954691140738,0.003983897016644674,0.008789679874055071,0.02394429706602846,7,10,US;Canada;Brazil,False
ipcc_low,Logistic,2119,0.0006285734845727439,0.0016919256349255108,0.003669822237163061,0.00804652964239474,0.02205912419089985,7,10,US;Canada;Brazil,False
ipcc_low,Logistic,2120,0.0005672079658151211,0.0015482564297362392,0.0033098259604790762,0.007458024574640402,0.020393302525795073,7,10,US;Canada;Brazil,False
ipcc_low,Logistic,2121,0.0005096538814463027,0.001436096159592949,0.0030521263219011334,0.006991819919051088,0.019404605981263028,7,10,US;Canada;Brazil,False
ipcc_low,Logistic,2122,0.0004670575567836627,0.0013238170365287819,0.002803612319037522,0.006454685984865314,0.01850074197605356,7,10,US;Canada;Brazil,False
ipcc_low,Logistic,2123,0.00042750838513916725,0.0012030047345018492,0.0025648095252150567,0.005949919354931545,0.017016491308902305,7,10,US;Canada;Brazil,False
ipcc_low,Logistic,2124,0.0003905457489718865,0.0011090959083028358,0.002372302649854668,0.005593042737096795,0.016071115363365616,7,10,US;Canada;Brazil,False
ipcc_low,Logistic,2125,0.0003473395635698776,0.0010032566667975851,0.0022052883275026688,0.005239203243214242,0.014967777347179054,7,10,US;Canada;Brazil,False
ipcc_low,Logistic,2126,0.00031192646488142634,0.0009105202612178977,0.0020186506694552424,0.004963421665084261,0.013964669606104345,7,10,US;Canada;Brazil,False
ipcc_low,Logistic,2127,0.00028726793874292596,0.0008297983665820026,0.001819234233983739,0.004604447116914862,0.013409820067410904,7,10,US;Canada;Brazil,False
ipcc_low,Logistic,2128,0.00026207121756194465,0.0007489067990667774,0.0016507558888467992,0.004282370583615587,0.012787752421041975,7,10,US;Canada;Brazil,False
ipcc_low,Logistic,2129,0.0002409521930956952,0.0006900301082335336,0.0015324079289837887,0.004004602653379135,0.012110294245521108,7,10,US;Canada;Brazil,False
ipcc_low,Logistic,2130,0.00022067749218412333,0.0006256798615675213,0.0013980541590607222,0.0037692609779928126,0.011608102985603342,7,10,US;Canada;Brazil,False
ipcc_low,Logistic,2131,0.00020071800020911835,0.0005754004477737752,0.0012942927527803368,0.003509534749556934,0.011038179567795688,7,10,US;Canada;Brazil,False
ipcc_low,Logistic,2132,0.00018368426805590916,0.000522611645389495,0.0011860581016710707,0.003290110397725017,0.010551245494567716,7,10,US;Canada;Brazil,False
ipcc_low,Logistic,2133,0.00016672525186276217,0.0004742243302334882,0.0010913292218679115,0.003080799898213759,0.00991457773124532,7,10,US;Canada;Brazil,False
ipcc_low,Logistic,2134,0.0001531733270326315,0.00043351388284194225,0.0010029313282540842,0.0028762199187904857,0.00958508085092518,7,10,US;Canada;Brazil,False
ipcc_low,Logistic,2135,0.0001406241944480878,0.00039991139170976367,0.0009341333927598272,0.0026697704631072046,0.008908976798693489,7,10,US;Canada;Brazil,False
ipcc_low,Logistic,2136,0.00012913708876757468,0.00036787664193615836,0.0008718359529013456,0.002474654826077491,0.008286545842710893,7,10,US;Canada;Brazil,False
ipcc_low,Logistic,2137,0.00011771139220957856,0.00033858908754731915,0.0008142052116613416,0.0023041546391902304,0.007866066953750885,7,10,US;Canada;Brazil,False
ipcc_low,Logistic,2138,0.00010684746797676669,0.0003102057016549825,0.000756648489224745,0.0021319715092440374,0.00754391903868901,7,10,US;Canada;Brazil,False
ipcc_low,Logistic,2139,9.698173736101342e-05,0.0002861514223678149,0.0007028261957432307,0.0020018346424502255,0.007237093775324531,7,10,US;Canada;Brazil,False
ipcc_low,Logistic,2140,8.840078481140004e-05,0.0002638484350978863,0.0006543579195113049,0.001888222278032391,0.0066907309187620246,7,10,US;Canada;Brazil,False
ipcc_low,Logistic,2141,8.128739357424341e-05,0.0002444501394759245,0.0006116940600616476,0.0017522039639621416,0.00637914942993641,7,10,US;Canada;Brazil,False
ipcc_low,Logistic,2142,7.512009625723757e-05,0.00022329281402560044,0.0005622780783099136,0.0016508713277168022,0.006000841173769457,7,10,US;Canada;Brazil,False
ipcc_low,Logistic,2143,6.96138230063289e-05,0.0002045910663607875,0.0005274315277552291,0.0015554154904012217,0.005773034501665241,7,10,US;Canada;Brazil,False
ipcc_low,Logistic,2144,6.442121004588e-05,0.000187566347565938,0.0004936512120492093,0.0014593592081071029,0.005552226567907499,7,10,US;Canada;Brazil,False
ipcc_low,Logistic,2145,5.909825056772871e-05,0.0001723883097446389,0.00045806982257299157,0.0013493471183395318,0.0052864948659694915,7,10,US;Canada;Brazil,False
ipcc_low,Logistic,2146,5.4431942015898833e-05,0.00015655628031277402,0.0004295630445369016,0.0012620034923831536,0.005002053000450761,7,10,US;Canada;Brazil,False
ipcc_low,Logistic,2147,5.00970788485121e-05,0.00014310945737831305,0.00039523366986644876,0.001181434745394437,0.004683671468358336,7,10,US;Canada;Brazil,False
ipcc_low,Logistic,2148,4.591322048453402e-05,0.00013097580657733874,0.00036564605429375587,0.0011016762504554487,0.0044726461934073225,7,10,US;Canada;Brazil,False
ipcc_low,Logistic,2149,4.257082820386419e-05,0.00012187887589121119,0.00034255031831605294,0.001030181478435738,0.00421041920511901,7,10,US;Canada;Brazil,False
ipcc_low,Logistic,2150,3.899097780339651e-05,0.00011226009200046328,0.00032103338788211084,0.0009639180031407475,0.004032008621306138,7,10,US;Canada;Brazil,False
ipcc_low,Logistic,2151,3.5587141632247464e-05,0.00010216073499302262,0.0003006638154670104,0.0009055504509446829,0.003865185866834907,7,10,US;Canada;Brazil,False
ipcc_low,Logistic,2152,3.265268116718253e-05,9.460338954682118e-05,0.0002818031365657409,0.0008584773238623184,0.003704571416268101,7,10,US;Canada;Brazil,False
ipcc_low,Logistic,2153,3.0168543658834466e-05,8.814277858162026e-05,0.000261689849374722,0.0008147891900207794,0.0035499824519000227,7,10,US;Canada;Brazil,False
ipcc_low,Logistic,2154,2.786990254839588e-05,8.090951459091311e-05,0.000244711178763517,0.0007627754825414353,0.003401239028160731,7,10,US;Canada;Brazil,False
ipcc_low,Logistic,2155,2.5684029777434055e-05,7.468198347143176e-05,0.0002284448397713478,0.000717192186450437,0.0031964063197843155,7,10,US;Canada;Brazil,False
ipcc_low,Logistic,2156,2.379289301886605e-05,6.895092873716669e-05,0.00021413587681220074,0.0006809551930273107,0.0029893882269257936,7,10,US;Canada;Brazil,False
ipcc_low,Logistic,2157,2.206475607051326e-05,6.450332453595859e-05,0.00019973517581448183,0.0006453945938587927,0.0028577787374545614,7,10,US;Canada;Brazil,False
ipcc_low,Logistic,2158,2.0436433257140592e-05,5.959510400787115e-05,0.0001842476268151097,0.000604984581513771,0.0027303742242904996,7,10,US;Canada;Brazil,False
ipcc_low,Logistic,2159,1.8911908612553634e-05,5.5527778927250566e-05,0.0001731702694509575,0.0005729616982908094,0.002606237913398437,7,10,US;Canada;Brazil,False
ipcc_low,Logistic,2160,1.7352978758954004e-05,5.137450193663169e-05,0.00016268167124114944,0.0005399856793167923,0.0024794487766543393,7,10,US;Canada;Brazil,False
ipcc_low,Logistic,2161,1.605574327382046e-05,4.7754122996259584e-05,0.00015326390859617546,0.0005046522326610492,0.002356173825221758,7,10,US;Canada;Brazil,False
ipcc_low,Logistic,2162,1.4686067212741798e-05,4.366660905547367e-05,0.00014464950819371953,0.0004756063564976643,0.002253300386431632,7,10,US;Canada;Brazil,False
ipcc_low,Logistic,2163,1.3506691612897722e-05,4.0074171292396604e-05,0.00013556537805563794,0.0004482854262894367,0.0021540388741887,7,10,US;Canada;Brazil,False
ipcc_low,Logistic,2164,1.2498596683770516e-05,3.674133860847175e-05,0.00012738295043920026,0.0004255739883135888,0.002056364213505721,7,10,US;Canada;Brazil,False
ipcc_low,Logistic,2165,1.1569633018276347e-05,3.395065301647847e-05,0.0001200971276012674,0.00040272432854203074,0.001966838705114366,7,10,US;Canada;Brazil,False
ipcc_low,Logistic,2166,1.071314139977833e-05,3.157450570439658e-05,0.00011109444928023726,0.00038280610736564775,0.0018809789107899599,7,10,US;Canada;Brazil,False
ipcc_low,Logistic,2167,9.886817550986084e-06,2.943180102293838e-05,0.00010464244301488813,0.00036309272108269976,0.0017986540991749174,7,10,US;Canada;Brazil,False
ipcc_low,Logistic,2168,9.181408894073293e-06,2.7372342523263636e-05,9.822909979320575e-05,0.0003449674898621998,0.001719724007042661,7,10,US;Canada;Brazil,False
ipcc_low,Logistic,2169,8.405051203193923e-06,2.55728231517011e-05,9.115532481956932e-05,0.00032286981351894865,0.0016425406569024455,7,10,US;Canada;Brazil,False
ipcc_low,Logistic,2170,7.788177048472863e-06,2.353974117153222e-05,8.599642993571554e-05,0.0003054097279248419,0.0015678259391181536,7,10,US;Canada;Brazil,False
ipcc_low,Logistic,2171,7.2241970269314375e-06,2.1876530503183373e-05,8.112247961558542e-05,0.0002885076218140391,0.0014982861702102185,7,10,US;Canada;Brazil,False
ipcc_low,Logistic,2172,6.71843361276918e-06,2.030195410436117e-05,7.560794502050713e-05,0.0002708643038974125,0.0014320804690868957,7,10,US;Canada;Brazil,False
ipcc_low,Logistic,2173,6.224922195254832e-06,1.895793696466402e-05,7.096450995072132e-05,0.00025193613105154637,0.0013686674020260137,7,10,US;Canada;Brazil,False
ipcc_low,Logistic,2174,5.7563070211733896e-06,1.7684647453736226e-05,6.590649124439552e-05,0.00023911987712036257,0.0013079408136237943,7,10,US;Canada;Brazil,False
ipcc_low,Logistic,2175,5.3211543717066836e-06,1.6358920250330774e-05,6.130936594306137e-05,0.00022695442781017584,0.0012497975561348818,7,10,US;Canada;Brazil,False
ipcc_low,Logistic,2176,4.918613551942394e-06,1.534386762882947e-05,5.786145314905244e-05,0.00021540682807971517,0.0011941374995103266,7,10,US;Canada;Brazil,False
ipcc_low,Logistic,2177,4.5512850288202e-06,1.4392288068870765e-05,5.432266558634708e-05,0.00020440670993338532,0.0011408635303439027,7,10,US;Canada;Brazil,False
ipcc_low,Logistic,2178,4.212697981276088e-06,1.3500155239817406e-05,5.110626374816862e-05,0.0001935335191252667,0.0010898815408611968,7,10,US;Canada;Brazil,False
ipcc_low,Logistic,2179,3.849142172103261e-06,1.2539901706177043e-05,4.805826048019681e-05,0.00018293758944888154,0.0010411004090038244,7,10,US;Canada;Brazil,False
ipcc_low,Gompertz,2030,0.1034784435687566,0.12620009753177056,0.14076912151931661,0.1525787511124689,0.16532066264958928,7,10,US;Canada;Brazil,False
ipcc_low,Gompertz,2031,0.11630584747902237,0.1445997233408164,0.16325683131078,0.1790958246926012,0.19692365831677763,7,10,US;Canada;Brazil,False
ipcc_low,Gompertz,2032,0.1316596859906018,0.16495239345657084,0.18812282096001282,0.20854150335562124,0.2331675981186381,7,10,US;Canada;Brazil,False
ipcc_low,Gompertz,2033,0.14730471979491108,0.18634374840651435,0.21496727334025284,0.24075965177069464,0.2731483491537667,7,10,US;Canada;Brazil,False
ipcc_low,Gompertz,2034,0.16272259401000572,0.20923604137514748,0.24408956945337215,0.275714004303508,0.31738412768736546,7,10,US;Canada;Brazil,False
ipcc_low,Gompertz,2035,0.18002668506868744,0.23396002804907987,0.2745303242087128,0.31385791756809345,0.3654690676145682,7,10,US;Canada;Brazil,False
ipcc_low,Gompertz,2036,0.19727373861653602,0.26044564824975913,0.30678764149722215,0.35464285142805263,0.4174418939164057,7,10,US;Canada;Brazil,False
ipcc_low,Gompertz,2037,0.21650989075996735,0.2884768254482206,0.3409733384292548,0.39775587211434826,0.4734807773501282,7,10,US;Canada;Brazil,False
ipcc_low,Gompertz,2038,0.235485148858089,0.31649078574277567,0.37594494758354663,0.44437954561214055,0.5331437069069922,7,10,US;Canada;Brazil,False
ipcc_low,Gompertz,2039,0.255872665169536,0.3451842592644105,0.41214254248939175,0.4939398079914464,0.5949663684596136,7,10,US;Canada;Brazil,False
ipcc_low,Gompertz,2040,0.275721819689343,0.3747098631052209,0.45030318680868064,0.5438919035327336,0.6601809097983306,7,10,US;Canada;Brazil,False
ipcc_low,Gompertz,2041,0.2968000393577488,0.4071411501678541,0.4905214633080415,0.5975505639287898,0.7267643543081509,7,10,US;Canada;Brazil,False
ipcc_low,Gompertz,2042,0.318101392921071,0.44012813746828705,0.5325020515679839,0.651664010379951,0.7997521914839162,7,10,US;Canada;Brazil,False
ipcc_low,Gompertz,2043,0.33714079550944,0.46997587338499397,0.5732060776194181,0.7056371717940835,0.8711863113674264,7,10,US;Canada;Brazil,False
ipcc_low,Gompertz,2044,0.35817373135884417,0.500892559292244,0.612565270554262,0.761112602740912,0.9450496140915101,7,10,US;Canada;Brazil,False
ipcc_low,Gompertz,2045,0.3775567644889333,0.5333627710519477,0.6513843970007653,0.8187834526581775,1.0166165717409055,7,10,US;Canada;Brazil,False
ipcc_low,Gompertz,2046,0.3935221766450516,0.5647485662078093,0.6927146960254928,0.8750883754916385,1.0920080347192498,7,10,US;Canada;Brazil,False
ipcc_low,Gompertz,2047,0.41803789079788195,0.594577550312912,0.7356806562243049,0.9320515920513732,1.1651370319781902,7,10,US;Canada;Brazil,False
ipcc_low,Gompertz,2048,0.43434311770834483,0.6292668967369053,0.7742426568381786,0.9897903798723338,1.238679673107877,7,10,US;Canada;Brazil,False
ipcc_low,Gompertz,2049,0.4507944214678493,0.659546714659313,0.8161758680983904,1.0457937191948226,1.3135739649442626,7,10,US;Canada;Brazil,False
ipcc_low,Gompertz,2050,0.4654913363404227,0.6883532091722384,0.8568579463551179,1.0946462379031954,1.3827637268363642,7,10,US;Canada;Brazil,False
ipcc_low,Gompertz,2051,0.4799143702893932,0.7182350699396274,0.8986287774556361,1.1455624643986881,1.457451166603266,7,10,US;Canada;Brazil,False
ipcc_low,Gompertz,2052,0.4950188753753065,0.7436161753205494,0.9367238683920555,1.1955773455324787,1.5333998764292456,7,10,US;Canada;Brazil,False
ipcc_low,Gompertz,2053,0.510729213851923,0.7706419155426393,0.9702041562722619,1.2451119739229177,1.5994668871862616,7,10,US;Canada;Brazil,False
ipcc_low,Gompertz,2054,0.5260660066464798,0.7946269803390855,1.0073521255744904,1.2929146522527246,1.6591403700727922,7,10,US;Canada;Brazil,False
ipcc_low,Gompertz,2055,0.5393590357692176,0.8161442242348168,1.0413990850170005,1.3401139140073657,1.715404389856815,7,10,US;Canada;Brazil,False
ipcc_low,Gompertz,2056,0.5443585783775082,0.8357562278909696,1.0733384784711495,1.3863844424577239,1.7734482997908092,7,10,US;Canada;Brazil,False
ipcc_low,Gompertz,2057,0.5535354471095373,0.8503510341303586,1.1023416894860452,1.4260313408552576,1.8221630226946075,7,10,US;Canada;Brazil,False
ipcc_low,Gompertz,2058,0.5623625987075448,0.8676311498478668,1.1296595349076783,1.4631295662719195,1.8665938971458849,7,10,US;Canada;Brazil,False
ipcc_low,Gompertz,2059,0.5701364119791321,0.8810854028290327,1.1532719730788412,1.5011153171932166,1.9125801446457935,7,10,US;Canada;Brazil,False
ipcc_low,Gompertz,2060,0.5787235101367342,0.8922345940502424,1.1740324160721975,1.5294079048173028,1.955913052480864,7,10,US;Canada;Brazil,False
ipcc_low,Gompertz,2061,0.5810849038127222,0.9026896483096191,1.1941573277947737,1.562570387141644,1.997998825636607,7,10,US;Canada;Brazil,False
ipcc_low,Gompertz,2062,0.5873294714651421,0.9127444004306793,1.2087538572804535,1.5877458541579526,2.0357531283826704,7,10,US;Canada;Brazil,False
ipcc_low,Gompertz,2063,0.5903975502661989,0.9200253862102381,1.2275229302921846,1.608359584976103,2.0692735729812752,7,10,US;Canada;Brazil,False
ipcc_low,Gompertz,2064,0.5902905933694461,0.9276372854562934,1.244225124672984,1.627051128306093,2.093523302816648,7,10,US;Canada;Brazil,False
ipcc_low,Gompertz,2065,0.5914027971295381,0.930750411025955,1.2604542428315124,1.6410522248596202,2.11890353779718,7,10,US;Canada;Brazil,False
ipcc_low,Gompertz,2066,0.589901543686225,0.9378619300650775,1.2714741305516326,1.653016164637825,2.1352665897942327,7,10,US;Canada;Brazil,False
ipcc_low,Gompertz,2067,0.5864473719463401,0.9413944283536854,1.2781028456638914,1.6604422561168604,2.154444486114971,7,10,US;Canada;Brazil,False
ipcc_low,Gompertz,2068,0.5834863405638732,0.9395442958922526,1.279809773865099,1.6619819423534312,2.174050478860844,7,10,US;Canada;Brazil,False
ipcc_low,Gompertz,2069,0.5797410309981874,0.9371115467134074,1.281369480790812,1.6661536239704695,2.181927564348008,7,10,US;Canada;Brazil,False
ipcc_low,Gompertz,2070,0.5738742471036046,0.9375646582162777,1.285828030325006,1.6706638945222818,2.196430823480641,7,10,US;Canada;Brazil,False
ipcc_low,Gompertz,2071,0.5717884087686044,0.9354716431274639,1.2900960509483965,1.6667060124419164,2.2014786389598435,7,10,US;Canada;Brazil,False
ipcc_low,Gompertz,2072,0.5717777261515739,0.9322790151800936,1.2849771087308743,1.6680833344178558,2.2058660002305164,7,10,US;Canada;Brazil,False
ipcc_low,Gompertz,2073,0.5669766107318256,0.9242465963151129,1.2795336657787366,1.6626565797126787,2.2009643359143722,7,10,US;Canada;Brazil,False
ipcc_low,Gompertz,2074,0.5615313523954517,0.9198568295950693,1.2716911696795168,1.656458770117758,2.1960327723421176,7,10,US;Canada;Brazil,False
ipcc_low,Gompertz,2075,0.5522997322156382,0.9094684491453514,1.26401405022029,1.6509723351655536,2.1900966287036163,7,10,US;Canada;Brazil,False
ipcc_low,Gompertz,2076,0.5482228218142211,0.9001564245527176,1.2544405058763348,1.6452412933846818,2.183927207777095,7,10,US;Canada;Brazil,False
ipcc_low,Gompertz,2077,0.5426508147304047,0.8914815206204298,1.2437259482254133,1.6323392090029973,2.178280524432219,7,10,US;Canada;Brazil,False
ipcc_low,Gompertz,2078,0.5320632717025858,0.8815628922680024,1.2336584195206144,1.6182795581676945,2.163101754486477,7,10,US;Canada;Brazil,False
ipcc_low,Gompertz,2079,0.5209679795004722,0.8702092944026014,1.2257868252943682,1.606243325368156,2.148644155044476,7,10,US;Canada;Brazil,False
ipcc_low,Gompertz,2080,0.5070708141120311,0.8595654624263731,1.219624754755877,1.5889462885972425,2.131657667197856,7,10,US;Canada;Brazil,False
ipcc_low,Gompertz,2081,0.49655169024299195,0.8464048719732329,1.2052009910981307,1.5745814321642655,2.107499960501605,7,10,US;Canada;Brazil,False
ipcc_low,Gompertz,2082,0.48690651143460506,0.8307895577368845,1.1859288842304205,1.551252646810687,2.085999096768137,7,10,US;Canada;Brazil,False
ipcc_low,Gompertz,2083,0.47458219552774494,0.8194162486149515,1.1716347287381685,1.5302146448702696,2.065127763209305,7,10,US;Canada;Brazil,False
ipcc_low,Gompertz,2084,0.465620465979139,0.805790265393135,1.1516345994084158,1.5076794298896845,2.040920286852328,7,10,US;Canada;Brazil,False
ipcc_low,Gompertz,2085,0.4543401595845778,0.7943928896535859,1.1376497487737822,1.4834868723939048,2.015409976701773,7,10,US;Canada;Brazil,False
ipcc_low,Gompertz,2086,0.44310264214795003,0.7814360899666833,1.120357294864807,1.4626288114461803,1.988421023083968,7,10,US;Canada;Brazil,False
ipcc_low,Gompertz,2087,0.4322156271109238,0.7671080561566134,1.1018247467786357,1.439308125536956,1.9665954430712913,7,10,US;Canada;Brazil,False
ipcc_low,Gompertz,2088,0.4226468616773328,0.7512539364122827,1.081251578401175,1.4205267890207924,1.9388950842487187,7,10,US;Canada;Brazil,False
ipcc_low,Gompertz,2089,0.4145161455993958,0.7358981263731701,1.060913191857794,1.396310156074945,1.9168778631046997,7,10,US;Canada;Brazil,False
ipcc_low,Gompertz,2090,0.40638257880759915,0.7202428728953159,1.040894427724459,1.3720395576864814,1.88153306817788,7,10,US;Canada;Brazil,False
ipcc_low,Gompertz,2091,0.396368709276149,0.7045494638380818,1.0234811536485222,1.3409928323125118,1.8460972518462506,7,10,US;Canada;Brazil,False
ipcc_low,Gompertz,2092,0.38526879597858743,0.6881044812709912,1.0046465655111114,1.322919565438773,1.8175917335257694,7,10,US;Canada;Brazil,False
ipcc_low,Gompertz,2093,0.37461489483040794,0.6714135291922658,0.97953354956606,1.296936328410378,1.781406183794819,7,10,US;Canada;Brazil,False
ipcc_low,Gompertz,2094,0.36615461825851664,0.6553289975707558,0.9595679443540169,1.2747016721346562,1.7532184498956411,7,10,US;Canada;Brazil,False
ipcc_low,Gompertz,2095,0.35852547586060646,0.6365578680961103,0.936201806793883,1.2467743752287874,1.719140692887161,7,10,US;Canada;Brazil,False
ipcc_low,Gompertz,2096,0.3489211334840491,0.6184821323693178,0.916235229467125,1.22224074658588,1.6735230999247879,7,10,US;Canada;Brazil,False
ipcc_low,Gompertz,2097,0.3363982382094912,0.600383031682363,0.896827809552151,1.1958248328598655,1.6488081186209251,7,10,US;Canada;Brazil,False
ipcc_low,Gompertz,2098,0.3262771463015491,0.5850682755395489,0.8776499899897929,1.1707554465157954,1.6195839548844926,7,10,US;Canada;Brazil,False
ipcc_low,Gompertz,2099,0.3168878734178552,0.5730320595564586,0.856780282770605,1.1461579263535717,1.5857241890303224,7,10,US;Canada;Brazil,False
ipcc_low,Gompertz,2100,0.3084587942267905,0.5584407488394353,0.8366762748204288,1.123439235140611,1.5528426176974923,7,10,US;Canada;Brazil,False
ipcc_low,Gompertz,2101,0.2957106017976667,0.5453652270906775,0.8161994522651157,1.0976865545179952,1.5179469530634089,7,10,US;Canada;Brazil,False
ipcc_low,Gompertz,2102,0.28612156000042427,0.5304751638785734,0.7936634487468853,1.0705430493351422,1.4841491747058768,7,10,US;Canada;Brazil,False
ipcc_low,Gompertz,2103,0.2774212020365761,0.5165250541882879,0.7738418711759127,1.047532573406809,1.4500092670660942,7,10,US;Canada;Brazil,False
ipcc_low,Gompertz,2104,0.26896082122691173,0.5038817514474003,0.7535408040553588,1.0211527851373277,1.4149855563122435,7,10,US;Canada;Brazil,False
ipcc_low,Gompertz,2105,0.25929963692051466,0.48967583759807315,0.7356031731581785,0.9949423889022004,1.3795737129378312,7,10,US;Canada;Brazil,False
ipcc_low,Gompertz,2106,0.2517315895284321,0.47556311543955926,0.7170288099922284,0.9715648327360121,1.3446052971174662,7,10,US;Canada;Brazil,False
ipcc_low,Gompertz,2107,0.244703087229713,0.46489499808679113,0.6989530658250782,0.9501064343778082,1.3098886328620216,7,10,US;Canada;Brazil,False
ipcc_low,Gompertz,2108,0.2362070320917183,0.45207033776169214,0.6782126211555818,0.9274191336753408,1.275524095242838,7,10,US;Canada;Brazil,False
ipcc_low,Gompertz,2109,0.22736038053585483,0.4373142019436242,0.658743832048527,0.9030337631961188,1.2424636669797042,7,10,US;Canada;Brazil,False
ipcc_low,Gompertz,2110,0.21879954990813297,0.4241900519533637,0.6389431004570465,0.8795666306045491,1.2133428225355414,7,10,US;Canada;Brazil,False
ipcc_low,Gompertz,2111,0.2109985459635782,0.41158103138359015,0.618722681217267,0.8580814404948018,1.1847553789196228,7,10,US;Canada;Brazil,False
ipcc_low,Gompertz,2112,0.2056936575185427,0.3976169114834711,0.6006076161429535,0.8360946254664376,1.1578061639250667,7,10,US;Canada;Brazil,False
ipcc_low,Gompertz,2113,0.1994736354951274,0.38506581260562506,0.5835226877336332,0.8133030059565647,1.1301491541017845,7,10,US;Canada;Brazil,False
ipcc_low,Gompertz,2114,0.1923758839318456,0.37266768051296706,0.5670793628622234,0.7883016929237954,1.0978668755306367,7,10,US;Canada;Brazil,False
ipcc_low,Gompertz,2115,0.18553655359443003,0.36241863126148915,0.5521044431646169,0.7652194763489789,1.0665184311246796,7,10,US;Canada;Brazil,False
ipcc_low,Gompertz,2116,0.17915402495044275,0.35132561942261276,0.5355522871833989,0.7423218423663249,1.0424310078449863,7,10,US;Canada;Brazil,False
ipcc_low,Gompertz,2117,0.1743627048655281,0.34099531825801027,0.5207501125636611,0.7224819359118021,1.0142216435829954,7,10,US;Canada;Brazil,False
ipcc_low,Gompertz,2118,0.1700675142037257,0.33103414821544497,0.5067076673060285,0.7026745841306976,0.9881021403086068,7,10,US;Canada;Brazil,False
ipcc_low,Gompertz,2119,0.16313508356583906,0.32198768499020575,0.49214754370936964,0.6838552723153124,0.9627164002750018,7,10,US;Canada;Brazil,False
ipcc_low,Gompertz,2120,0.15597867008291566,0.31130042976353833,0.4762792956780938,0.6648216240683794,0.9376469045422937,7,10,US;Canada;Brazil,False
ipcc_low,Gompertz,2121,0.15050228379744165,0.301243668101535,0.46221288512050296,0.6452977241246575,0.9124039241577406,7,10,US;Canada;Brazil,False
ipcc_low,Gompertz,2122,0.14480803417821275,0.2912663073471357,0.4494630513375921,0.6297130733825153,0.8846469797525743,7,10,US;Canada;Brazil,False
ipcc_low,Gompertz,2123,0.1405834507969302,0.28151920993792817,0.435884834317376,0.6112544775735163,0.8586428061477451,7,10,US;Canada;Brazil,False
ipcc_low,Gompertz,2124,0.13563717154166852,0.27220551590958947,0.4206327879844596,0.5926640783340222,0.8367470992667444,7,10,US;Canada;Brazil,False
ipcc_low,Gompertz,2125,0.13073954929766685,0.26303922356320153,0.4079251545043904,0.5755622362785681,0.8178416646821797,7,10,US;Canada;Brazil,False
ipcc_low,Gompertz,2126,0.12638969129094169,0.25460751116153657,0.39505901442868874,0.55950910816388,0.7949351206904643,7,10,US;Canada;Brazil,False
ipcc_low,Gompertz,2127,0.12224668274309365,0.24681507014793655,0.38101320021052804,0.5426430436039006,0.7719949600129281,7,10,US;Canada;Brazil,False
ipcc_low,Gompertz,2128,0.1184278334504579,0.23898591481282877,0.37031376639995717,0.5261134336404281,0.7494436755351306,7,10,US;Canada;Brazil,False
ipcc_low,Gompertz,2129,0.11468794949816913,0.23107392977794355,0.35935188384403527,0.5094394576944807,0.7297465803856822,7,10,US;Canada;Brazil,False
ipcc_low,Gompertz,2130,0.11054031215816282,0.22248373331965776,0.3468055369704411,0.49485946205815434,0.7101583975893854,7,10,US;Canada;Brazil,False
ipcc_low,Gompertz,2131,0.10646012929096765,0.2161088600688046,0.335622615210162,0.47970525810976966,0.6895006010995156,7,10,US;Canada;Brazil,False
ipcc_low,Gompertz,2132,0.10253729811191303,0.20916651673672026,0.3263623406745806,0.46396074022685707,0.6733505543458013,7,10,US;Canada;Brazil,False
ipcc_low,Gompertz,2133,0.09821483325690841,0.20135053060315042,0.31633579651983934,0.4496514306103415,0.6537345456356465,7,10,US;Canada;Brazil,False
ipcc_low,Gompertz,2134,0.09435859554817679,0.19370217171288398,0.306192359654313,0.4366103193365372,0.6388784288205023,7,10,US;Canada;Brazil,False
ipcc_low,Gompertz,2135,0.09135074162902161,0.1863349122263417,0.29596371058797943,0.4236863559045643,0.6218451138985088,7,10,US;Canada;Brazil,False
ipcc_low,Gompertz,2136,0.08772829483435791,0.18073083432843157,0.2874887612386571,0.4109325000052315,0.6071705943528489,7,10,US;Canada;Brazil,False
ipcc_low,Gompertz,2137,0.08412541414747005,0.17495717171357872,0.27764748729345545,0.39832254137210865,0.5909614070464623,7,10,US;Canada;Brazil,False
ipcc_low,Gompertz,2138,0.08114985790240072,0.1678595963923456,0.2688587608638743,0.3871137410837552,0.574242588830347,7,10,US;Canada;Brazil,False
ipcc_low,Gompertz,2139,0.07836624850771029,0.1617738239764876,0.260241351099701,0.3757637066507913,0.5585662526338839,7,10,US;Canada;Brazil,False
ipcc_low,Gompertz,2140,0.07576100075635571,0.15612853777988553,0.2519472656444762,0.3637633207492934,0.5421852666005432,7,10,US;Canada;Brazil,False
ipcc_low,Gompertz,2141,0.07322934176857053,0.15049574251793973,0.2427850112974535,0.35253032814632845,0.5286244621121937,7,10,US;Canada;Brazil,False
ipcc_low,Gompertz,2142,0.07060431921223853,0.1448984463010459,0.23426056608218193,0.3417464877634182,0.5161987662621097,7,10,US;Canada;Brazil,False
ipcc_low,Gompertz,2143,0.06818211276275515,0.13966844860288485,0.22598057944568173,0.3312696111899473,0.5045115101245692,7,10,US;Canada;Brazil,False
ipcc_low,Gompertz,2144,0.06559704210086588,0.13460852548993918,0.2182556647689584,0.321772045234042,0.4927906002515745,7,10,US;Canada;Brazil,False
ipcc_low,Gompertz,2145,0.06311306714503215,0.13022372322681136,0.21059968380042976,0.31064383086529873,0.4811788474305915,7,10,US;Canada;Brazil,False
ipcc_low,Gompertz,2146,0.060726276865455696,0.1262360882308892,0.202988897597767,0.3012189726170209,0.46986278362670825,7,10,US;Canada;Brazil,False
ipcc_low,Gompertz,2147,0.058485408551026116,0.1217256256238731,0.195609580503725,0.293213109859718,0.45716551297741825,7,10,US;Canada;Brazil,False
ipcc_low,Gompertz,2148,0.05622122784374652,0.11739641762274086,0.18892185796549998,0.2845911550738286,0.4439782154055544,7,10,US;Canada;Brazil,False
ipcc_low,Gompertz,2149,0.05409355751377926,0.11311310008913174,0.18262738352969748,0.2753576482677678,0.43127125344094247,7,10,US;Canada;Brazil,False
ipcc_low,Gompertz,2150,0.05204965429561246,0.10930541555945689,0.17604411872560763,0.2665413614359575,0.4201443919651407,7,10,US;Canada;Brazil,False
ipcc_low,Gompertz,2151,0.0501005083956698,0.10515125187170352,0.1698491084760428,0.2585908082806244,0.4081767319744295,7,10,US;Canada;Brazil,False
ipcc_low,Gompertz,2152,0.04824755787597257,0.10120106598562488,0.16415484255944182,0.2510358937073719,0.39643679025849327,7,10,US;Canada;Brazil,False
ipcc_low,Gompertz,2153,0.04664021223850581,0.09733966345142646,0.1588365824701562,0.24301504798912088,0.38523926573828754,7,10,US;Canada;Brazil,False
ipcc_low,Gompertz,2154,0.04499136965017379,0.09406180800064239,0.1532312932775809,0.23559230623494826,0.3753727385318408,7,10,US;Canada;Brazil,False
ipcc_low,Gompertz,2155,0.043339651156249756,0.09087905532004865,0.14771324334567643,0.22854633158152649,0.3636552793576404,7,10,US;Canada;Brazil,False
ipcc_low,Gompertz,2156,0.04174946901634397,0.08788025848029352,0.14287286109016126,0.22139471620031204,0.3523533627626283,7,10,US;Canada;Brazil,False
ipcc_low,Gompertz,2157,0.04021854826131157,0.08488863532560177,0.13792265486732108,0.21456084230643535,0.34177174252056386,7,10,US;Canada;Brazil,False
ipcc_low,Gompertz,2158,0.0387446938130145,0.08214524860853406,0.13300252334359958,0.20801477635082025,0.33090294898352696,7,10,US;Canada;Brazil,False
ipcc_low,Gompertz,2159,0.03732578811008245,0.07939826314521524,0.1286783458890532,0.20130851301058106,0.3224932372780727,7,10,US;Canada;Brazil,False
ipcc_low,Gompertz,2160,0.03590211938028233,0.07678430198395383,0.12426377647575915,0.19531806629374507,0.31310341036031747,7,10,US;Canada;Brazil,False
ipcc_low,Gompertz,2161,0.03444327798736745,0.07402545067249738,0.11979621905348596,0.18971025524834123,0.3046542850389881,7,10,US;Canada;Brazil,False
ipcc_low,Gompertz,2162,0.03304429875155852,0.07155062908244432,0.11554596887121643,0.18441653258022214,0.29607470268170266,7,10,US;Canada;Brazil,False
ipcc_low,Gompertz,2163,0.03204452376389804,0.06927490424937748,0.11186866555442934,0.1791350421150726,0.2881786159285016,7,10,US;Canada;Brazil,False
ipcc_low,Gompertz,2164,0.030945866189743522,0.06701563907344518,0.10788346334307208,0.17349594504402693,0.28105398234477774,7,10,US;Canada;Brazil,False
ipcc_low,Gompertz,2165,0.029856878258433812,0.06446702967263465,0.10394546924242062,0.1680142909142808,0.2735565727007625,7,10,US;Canada;Brazil,False
ipcc_low,Gompertz,2166,0.028769350631513792,0.06195494217075026,0.10011323694619137,0.1626537714227177,0.2655177871439944,7,10,US;Canada;Brazil,False
ipcc_low,Gompertz,2167,0.02767494846255824,0.05979822522782785,0.09650183088695302,0.15745758437483598,0.2583366801878533,7,10,US;Canada;Brazil,False
ipcc_low,Gompertz,2168,0.026559012729205213,0.05748522705119056,0.09305330170099078,0.15225338024058802,0.25065789057852617,7,10,US;Canada;Brazil,False
ipcc_low,Gompertz,2169,0.025491486768302013,0.05546926426296009,0.08977971526840499,0.14744668036270864,0.24410517515344513,7,10,US;Canada;Brazil,False
ipcc_low,Gompertz,2170,0.024464344652954044,0.05338914053800138,0.08675649052063292,0.14291424847158873,0.23642560379899064,7,10,US;Canada;Brazil,False
ipcc_low,Gompertz,2171,0.023480443450807933,0.05158596654306846,0.08355809568485169,0.13806526820080572,0.22898115688078496,7,10,US;Canada;Brazil,False
ipcc_low,Gompertz,2172,0.02253923081429495,0.04999505084459054,0.08069168969930018,0.13400808284511329,0.2218696902055932,7,10,US;Canada;Brazil,False
ipcc_low,Gompertz,2173,0.021722030707940366,0.048077914201889185,0.07783322086166541,0.12997310954926133,0.21518755880296803,7,10,US;Canada;Brazil,False
ipcc_low,Gompertz,2174,0.021011274213897355,0.0461430672890662,0.075170771430108,0.1258301388057348,0.2098974191303267,7,10,US;Canada;Brazil,False
ipcc_low,Gompertz,2175,0.0201586776931789,0.04428082264758807,0.07233237260624559,0.12135830299016422,0.20412496633528365,7,10,US;Canada;Brazil,False
ipcc_low,Gompertz,2176,0.019435658351574455,0.042692419232814666,0.06998952385606763,0.11714901267694604,0.19806541837449412,7,10,US;Canada;Brazil,False
ipcc_low,Gompertz,2177,0.018866829422287634,0.041126861204715336,0.06792992620232687,0.11348778925860475,0.1921536090738267,7,10,US;Canada;Brazil,False
ipcc_low,Gompertz,2178,0.018194889360048382,0.039733266124187976,0.06560428742694667,0.10977984014364309,0.18641169815064718,7,10,US;Canada;Brazil,False
ipcc_low,Gompertz,2179,0.017461282173280312,0.03824140044609118,0.06328994155601045,0.10636039970470132,0.18083528760684495,7,10,US;Canada;Brazil,False
ipcc_high,Logistic,2030,0.38125994291878984,0.4036314649357051,0.41940211487986545,0.4335876891611234,0.45271406796779456,8,10,China;Indonesia,False
ipcc_high,Logistic,2031,0.44625508747604736,0.4757861855233021,0.4968888859832803,0.5157879957533726,0.5421380427470789,8,10,China;Indonesia,False
ipcc_high,Logistic,2032,0.5221701544641197,0.56041456603773,0.5878170764621387,0.6135529471252391,0.6481686745032084,8,10,China;Indonesia,False
ipcc_high,Logistic,2033,0.6103848648011364,0.659432499100405,0.6943104322544355,0.7290716004795881,0.7741135900354544,8,10,China;Indonesia,False
ipcc_high,Logistic,2034,0.7138769739376052,0.7752547950681127,0.8206781963795282,0.8652307648916503,0.9232480703502953,8,10,China;Indonesia,False
ipcc_high,Logistic,2035,0.8356427737046264,0.9100066632772145,0.9686051533506159,1.025523376095853,1.0991640770706859,8,10,China;Indonesia,False
ipcc_high,Logistic,2036,0.976523155877319,1.067359513819464,1.141495168700577,1.213089786098881,1.305055325039485,8,10,China;Indonesia,False
ipcc_high,Logistic,2037,1.1402306366954185,1.2503217803657205,1.342171728924099,1.4317932525304302,1.5453804566371292,8,10,China;Indonesia,False
ipcc_high,Logistic,2038,1.3313527021327922,1.4619576487411927,1.5753999141515709,1.6844398393055484,1.8236687561970786,8,10,China;Indonesia,False
ipcc_high,Logistic,2039,1.550194581474185,1.7068296710685698,1.8437269525291273,1.975904042889776,2.1434553791914013,8,10,China;Indonesia,False
ipcc_high,Logistic,2040,1.803426923361421,1.9892440371889637,2.152164438345654,2.308451695302263,2.5075630085681646,8,10,China;Indonesia,False
ipcc_high,Logistic,2041,2.0968365057315173,2.31442505235414,2.5044620364906933,2.6859642786195783,2.91926628946841,8,10,China;Indonesia,False
ipcc_high,Logistic,2042,2.4343064356351025,2.683526575864996,2.8971849272534698,3.1036051563370832,3.3749485464471594,8,10,China;Indonesia,False
ipcc_high,Logistic,2043,2.816362707304183,3.0980776090730706,3.3410738550249377,3.567368943765906,3.871830064887959,8,10,China;Indonesia,False
ipcc_high,Logistic,2044,3.251399731781802,3.5690569821048492,3.8299853987721555,4.070027841397687,4.414796000262553,8,10,China;Indonesia,False
ipcc_high,Logistic,2045,3.7486474886254237,4.087758542899294,4.364543182211387,4.615611194200551,4.989313832065782,8,10,China;Indonesia,False
ipcc_high,Logistic,2046,4.301161529813581,4.661318312560207,4.9283840050675325,5.187813389938328,5.585657362052249,8,10,China;Indonesia,False
ipcc_high,Logistic,2047,4.909114773686382,5.279220679068593,5.541414468466979,5.789115275521448,6.194734428198058,8,10,China;Indonesia,False
ipcc_high,Logistic,2048,5.552863196774261,5.914987343614602,6.187332718741619,6.431636718969052,6.8003850854726835,8,10,China;Indonesia,False
ipcc_high,Logistic,2049,6.226830721576273,6.544523708247366,6.825122399481147,7.087651995770631,7.413233645183478,8,10,China;Indonesia,False
ipcc_high,Logistic,2050,6.877531342380343,7.190940400521579,7.480325331066329,7.7566642897245925,8.057298799598785,8,10,China;Indonesia,False
ipcc_high,Logistic,2051,7.428108910219539,7.770596556074811,8.124244223439584,8.415067044590906,8.803213117167283,8,10,China;Indonesia,False
ipcc_high,Logistic,2052,7.828392206395005,8.322910431187873,8.708253313645766,9.112670486218947,9.668771348635342,8,10,China;Indonesia,False
ipcc_high,Logistic,2053,8.143906065713475,8.765911010343789,9.238301847436556,9.816923877009117,10.603454438213502,8,10,China;Indonesia,False
ipcc_high,Logistic,2054,8.36286599946353,9.091821575008193,9.705104892291462,10.539899608070227,11.575737496382962,8,10,China;Indonesia,False
ipcc_high,Logistic,2055,8.445064318021345,9.33219458847477,10.097218693245328,11.190789255582214,12.570120176710308,8,10,China;Indonesia,False
ipcc_high,Logistic,2056,8.44985554494961,9.487534880014135,10.422865569879415,11.736516128549948,13.55534532164875,8,10,China;Indonesia,False
ipcc_high,Logistic,2057,8.312531715176062,9.516509225375419,10.60484223414678,12.171517029025082,14.5621163606002,8,10,China;Indonesia,False
ipcc_high,Logistic,2058,8.108110822501429,9.446573337233335,10.749555421467319,12.495464555592342,15.36893603351805,8,10,China;Indonesia,False
ipcc_high,Logistic,2059,7.804703672546128,9.2538537261619,10.777647803537754,12.706266479124817,16.211856283208647,8,10,China;Indonesia,False
ipcc_high,Logistic,2060,7.394361563355122,8.960711063877616,10.683625500615106,12.791020362146625,16.957815279583322,8,10,China;Indonesia,False
ipcc_high,Logistic,2061,6.902812492134525,8.581757293977086,10.461839269642152,12.894438282288027,17.576599557668573,8,10,China;Indonesia,False
ipcc_high,Logistic,2062,6.390342276275515,8.138903247963349,10.131628587517369,12.866715654256781,18.04642337710694,8,10,China;Indonesia,False
ipcc_high,Logistic,2063,5.87940808116999,7.598771446328312,9.719166520752095,12.816644359512415,18.367961996832932,8,10,China;Indonesia,False
ipcc_high,Logistic,2064,5.336998130222829,7.026861340050768,9.20678756023199,12.499428110755813,18.542297013377905,8,10,China;Indonesia,False
ipcc_high,Logistic,2065,4.781870874996177,6.47475879069782,8.646196185113808,12.05103945642588,18.528659703233657,8,10,China;Indonesia,False
ipcc_high,Logistic,2066,4.248880498420292,5.911605381631396,7.98503691341235,11.487016901076405,18.030107274898132,8,10,China;Indonesia,False
ipcc_high,Logistic,2067,3.7493391187249228,5.351969298927563,7.334766849140987,10.730787280976243,17.525218148565386,8,10,China;Indonesia,False
ipcc_high,Logistic,2068,3.265263844750791,4.791069375179414,6.686080477408916,10.001959164544475,16.855624952572178,8,10,China;Indonesia,False
ipcc_high,Logistic,2069,2.853019440778974,4.253272754258253,6.010165748876556,9.268073224357511,16.288790410782713,8,10,China;Indonesia,False
ipcc_high,Logistic,2070,2.4889270486330135,3.7556811496480194,5.398075831441063,8.502594907128739,15.543166078306635,8,10,China;Indonesia,False
ipcc_high,Logistic,2071,2.162206568774832,3.304481838389174,4.839318239447467,7.69787363446508,14.593717583747512,8,10,China;Indonesia,False
ipcc_high,Logistic,2072,1.8553563153049055,2.8852782017826604,4.324089584136242,6.939320246407224,13.581838909999513,8,10,China;Indonesia,False
ipcc_high,Logistic,2073,1.5870838458921983,2.508318308185406,3.8163733221904064,6.1784177932267355,12.544928318222523,8,10,China;Indonesia,False
ipcc_high,Logistic,2074,1.352857479526926,2.1783679427910503,3.3405541988880167,5.492662471292789,11.320548200072087,8,10,China;Indonesia,False
ipcc_high,Logistic,2075,1.148740303633632,1.89809631324975,2.919031878771279,4.849189736811762,10.21359049027152,8,10,China;Indonesia,False
ipcc_high,Logistic,2076,0.9725359181239384,1.6323412287307977,2.5717792572468783,4.297229563221791,9.181136169403683,8,10,China;Indonesia,False
ipcc_high,Logistic,2077,0.8244461999156506,1.4037179540545563,2.2391892861483926,3.778705978952323,8.215210183658648,8,10,China;Indonesia,False
ipcc_high,Logistic,2078,0.6920391857542437,1.2023210968542068,1.948927435092462,3.321638833502114,7.2967588144866715,8,10,China;Indonesia,False
ipcc_high,Logistic,2079,0.5842423752223055,1.0336488124753824,1.6809713576525658,2.8609650649750744,6.4145303570939936,8,10,China;Indonesia,False
ipcc_high,Logistic,2080,0.4930636445206814,0.878407449922903,1.452369146697602,2.4777710753857902,5.631743525450814,8,10,China;Indonesia,False
ipcc_high,Logistic,2081,0.41571222767180993,0.7468038847346298,1.2545882653464915,2.132460873974231,4.949621077214502,8,10,China;Indonesia,False
ipcc_high,Logistic,2082,0.3503421491547134,0.6344975391875031,1.0774535748080019,1.8522799764260003,4.309322069475319,8,10,China;Indonesia,False
ipcc_high,Logistic,2083,0.29728643342623684,0.5403223913110394,0.9266935163080376,1.588487077443171,3.6918961681290114,8,10,China;Indonesia,False
ipcc_high,Logistic,2084,0.24972690485156793,0.46010366623625487,0.7973970178371333,1.3712292521624163,3.222575800720269,8,10,China;Indonesia,False
ipcc_high,Logistic,2085,0.21048051594730247,0.39079024530073736,0.6853482436098928,1.2051268451084556,2.8101065945301054,8,10,China;Indonesia,False
ipcc_high,Logistic,2086,0.176541744567496,0.3324124641378011,0.5843911996107161,1.0387116814709705,2.450765066370835,8,10,China;Indonesia,False
ipcc_high,Logistic,2087,0.14800117222813514,0.28148305357588244,0.49817039029269417,0.9049267631270083,2.130807688825537,8,10,China;Indonesia,False
ipcc_high,Logistic,2088,0.12375737955210217,0.2380038759699173,0.4232220031291293,0.7752247269864947,1.861965188316894,8,10,China;Indonesia,False
ipcc_high,Logistic,2089,0.10407906813662474,0.2000961506581993,0.3606586347053572,0.6616252239733805,1.6171854494497002,8,10,China;Indonesia,False
ipcc_high,Logistic,2090,0.08716858032607974,0.17043492723029935,0.3057646851937136,0.5772513476287774,1.4316052118066838,8,10,China;Indonesia,False
ipcc_high,Logistic,2091,0.07268346801562439,0.14454802855222354,0.2633787761320522,0.4939539174190233,1.2755117419871238,8,10,China;Indonesia,False
ipcc_high,Logistic,2092,0.06108220886925528,0.12244201041333685,0.22501113949561155,0.4190581503934947,1.1246382974208673,8,10,China;Indonesia,False
ipcc_high,Logistic,2093,0.05138621571895195,0.10363481367828807,0.192433676372017,0.3600983040818082,0.9687087422406928,8,10,China;Indonesia,False
ipcc_high,Logistic,2094,0.043434085842600265,0.08818324070315194,0.16298995152364323,0.3064681413117025,0.8490754697984554,8,10,China;Indonesia,False
ipcc_high,Logistic,2095,0.0366132284415904,0.07474803909774581,0.13912484746594245,0.2632762440347832,0.7505278633754097,8,10,China;Indonesia,False
ipcc_high,Logistic,2096,0.030869788829254365,0.06342535162301051,0.11850340135145082,0.22735362537384002,0.6711672437896594,8,10,China;Indonesia,False
ipcc_high,Logistic,2097,0.02598681977978837,0.05401126689343064,0.10035388898715694,0.19602453532345385,0.5845899144309427,8,10,China;Indonesia,False
ipcc_high,Logistic,2098,0.021827291336917614,0.045689438607928505,0.08542863938636358,0.1690363347664666,0.500222731590812,8,10,China;Indonesia,False
ipcc_high,Logistic,2099,0.018366441495833375,0.03901418864957715,0.07301857232836592,0.14622825879565243,0.43885934317037567,8,10,China;Indonesia,False
ipcc_high,Logistic,2100,0.015444542703235345,0.03324197480799157,0.0627905271568916,0.12451092741249209,0.37745886196446266,8,10,China;Indonesia,False
ipcc_high,Logistic,2101,0.013012997232463993,0.028152041921115298,0.05363861772751939,0.10748992366714197,0.3250918095285338,8,10,China;Indonesia,False
ipcc_high,Logistic,2102,0.011123296261626302,0.023976512711431586,0.045695773790042866,0.09301136754964338,0.27931318027866536,8,10,China;Indonesia,False
ipcc_high,Logistic,2103,0.009476947911143715,0.02033685389520466,0.0391337833101531,0.08104764245169417,0.2401028707390535,8,10,China;Indonesia,False
ipcc_high,Logistic,2104,0.00802744548180584,0.017341804136329915,0.03332528314108818,0.0691457168417571,0.2063660040141311,8,10,China;Indonesia,False
ipcc_high,Logistic,2105,0.00672165976820611,0.014622452407636734,0.028273705936590017,0.059553040933136125,0.17734728901527438,8,10,China;Indonesia,False
ipcc_high,Logistic,2106,0.0056481556233042626,0.012453865206942012,0.024211946856766788,0.05093545300568344,0.16013621894240035,8,10,China;Indonesia,False
ipcc_high,Logistic,2107,0.004754554589797312,0.010600629920065866,0.020678781249225696,0.04389579144483656,0.13897389241992691,8,10,China;Indonesia,False
ipcc_high,Logistic,2108,0.004003861658730821,0.00897824821327733,0.017801999010929367,0.03766102339446849,0.11916920497880552,8,10,China;Indonesia,False
ipcc_high,Logistic,2109,0.003374559542380882,0.007594655258746683,0.015236182042443914,0.032445134931097394,0.10357162096806533,8,10,China;Indonesia,False
ipcc_high,Logistic,2110,0.002854523581228032,0.006420876548813862,0.013041095496207637,0.027789424795192252,0.09095572921673292,8,10,China;Indonesia,False
ipcc_high,Logistic,2111,0.0024105316787963755,0.0054511336820851275,0.011163314798703097,0.02409321072903112,0.07982383313292297,8,10,China;Indonesia,False
ipcc_high,Logistic,2112,0.002026976215121568,0.004656961639310425,0.009568070100292541,0.02079544148387383,0.0701215766657925,8,10,China;Indonesia,False
ipcc_high,Logistic,2113,0.001711240695729783,0.003966159671432337,0.008172857242959151,0.01778390278451182,0.06223457455468636,8,10,China;Indonesia,False
ipcc_high,Logistic,2114,0.0014487122125376591,0.0033846562223279427,0.0069573576036611705,0.015417139890738018,0.054075043292320976,8,10,China;Indonesia,False
ipcc_high,Logistic,2115,0.001221968568589561,0.0028924642673934103,0.0059653848304070944,0.013491338020643609,0.04803906466331708,8,10,China;Indonesia,False
ipcc_high,Logistic,2116,0.0010339744628530538,0.002477602847871004,0.00517171750122874,0.0116796999849398,0.04268049121383385,8,10,China;Indonesia,False
ipcc_high,Logistic,2117,0.0008751246630295777,0.00211771790450782,0.004422819869715707,0.010006986671270871,0.038265341568451954,8,10,China;Indonesia,False
ipcc_high,Logistic,2118,0.0007411451221451137,0.0017870786285621395,0.0037744861141990865,0.008664680531852155,0.03334686084911826,8,10,China;Indonesia,False
ipcc_high,Logistic,2119,0.0006202622773672914,0.0015136042962003008,0.0032358967062259326,0.007399158854395853,0.02921075845261438,8,10,China;Indonesia,False
ipcc_high,Logistic,2120,0.0005236970057131735,0.0012896027995142729,0.0027304695755981786,0.006423264018256309,0.025453582295183092,8,10,China;Indonesia,False
ipcc_high,Logistic,2121,0.00044094954304855946,0.0010870497924347013,0.0023350410399684066,0.00560934302736058,0.02253016133748608,8,10,China;Indonesia,False
ipcc_high,Logistic,2122,0.0003715451269538128,0.0009182707430545326,0.0020009983490717692,0.0049377375082957095,0.020119372242056174,8,10,China;Indonesia,False
ipcc_high,Logistic,2123,0.00031363380512327416,0.0007814397186098102,0.0017339381035043834,0.004345496895752353,0.017730694890344085,8,10,China;Indonesia,False
ipcc_high,Logistic,2124,0.0002645758497153901,0.0006648473225828003,0.001491888902547473,0.003733485854820899,0.016085991315486697,8,10,China;Indonesia,False
ipcc_high,Logistic,2125,0.00022298537189065494,0.0005650598547638607,0.001279635442868797,0.003220331294940674,0.014568419389846028,8,10,China;Indonesia,False
ipcc_high,Logistic,2126,0.00018784224757957717,0.00048335573281318463,0.001092880555080486,0.002785602591295786,0.012675997994094572,8,10,China;Indonesia,False
ipcc_high,Logistic,2127,0.0001583597238086848,0.00041252283773261284,0.0009342744216098099,0.0024136885028253167,0.011531461762889049,8,10,China;Indonesia,False
ipcc_high,Logistic,2128,0.00013348622426228018,0.000352972362594868,0.0008001019452127185,0.0020780594885365603,0.010588021511743016,8,10,China;Indonesia,False
ipcc_high,Logistic,2129,0.00011207517095264549,0.00029972646431461193,0.0006846345584972404,0.001840147878194996,0.009242835536407893,8,10,China;Indonesia,False
ipcc_high,Logistic,2130,9.478618711970752e-05,0.00025666870821335747,0.0005844529214436545,0.0016172827542776246,0.008027288743828208,8,10,China;Indonesia,False
ipcc_high,Logistic,2131,7.984590466774941e-05,0.0002173050315880288,0.000498037022882665,0.001427756066858527,0.007011908591514683,8,10,China;Indonesia,False
ipcc_high,Logistic,2132,6.763339073453755e-05,0.00018521072599962676,0.00042976633003515984,0.001257721771760039,0.006329774736893849,8,10,China;Indonesia,False
ipcc_high,Logistic,2133,5.711950001807839e-05,0.00015777910995002533,0.0003662812665208647,0.0010895289374025898,0.0056513630672098795,8,10,China;Indonesia,False
ipcc_high,Logistic,2134,4.839288231565466e-05,0.00013449492868335594,0.00031536565713050215,0.0009592361490961037,0.005183440495851364,8,10,China;Indonesia,False
ipcc_high,Logistic,2135,4.091987835098152e-05,0.00011382771756951023,0.0002684741166458236,0.0008357681236921042,0.00469145000298091,8,10,China;Indonesia,False
ipcc_high,Logistic,2136,3.436470958010522e-05,9.77684228468273e-05,0.00023097464631849636,0.0007254859351309079,0.0043534231895072314,8,10,China;Indonesia,False
ipcc_high,Logistic,2137,2.9017785357376896e-05,8.440180061175153e-05,0.0001978887535446289,0.0006452119136356844,0.004001612812899511,8,10,China;Indonesia,False
ipcc_high,Logistic,2138,2.4508942401609017e-05,7.213649582975405e-05,0.0001697256156511773,0.0005633669964585023,0.0036472072539566066,8,10,China;Indonesia,False
ipcc_high,Logistic,2139,2.0710778792435695e-05,6.149333224597498e-05,0.00014658816059137208,0.0004874405616189691,0.0032649840896161286,8,10,China;Indonesia,False
ipcc_high,Logistic,2140,1.760011963229094e-05,5.2791174036712264e-05,0.0001262970326465315,0.0004257969920294084,0.0030346453148292585,8,10,China;Indonesia,False
ipcc_high,Logistic,2141,1.5162710653144905e-05,4.489707818196383e-05,0.00010849414143085618,0.0003745714338249692,0.0027566629855251424,8,10,China;Indonesia,False
ipcc_high,Logistic,2142,1.2745725384517697e-05,3.8063558003476275e-05,9.303447334020171e-05,0.0003266918531731743,0.0024339165202680126,8,10,China;Indonesia,False
ipcc_high,Logistic,2143,1.0715739026508263e-05,3.2250081157087884e-05,8.03126764238942e-05,0.00028609905721967025,0.002235830664236115,8,10,China;Indonesia,False
ipcc_high,Logistic,2144,9.170803381841626e-06,2.7329759506395237e-05,6.927914545746831e-05,0.00024946881930974855,0.0020428312785074404,8,10,China;Indonesia,False
ipcc_high,Logistic,2145,7.790701519114165e-06,2.3717919751462143e-05,5.952132178563594e-05,0.00021673981586332926,0.0019019150429573502,8,10,China;Indonesia,False
ipcc_high,Logistic,2146,6.553146326377616e-06,2.0072554684151265e-05,5.189089528423513e-05,0.00019114287543477696,0.0016883649402967102,8,10,China;Indonesia,False
ipcc_high,Logistic,2147,5.512535116240387e-06,1.7000044819313462e-05,4.49980059862216e-05,0.0001686744095242344,0.0015469258064068538,8,10,China;Indonesia,False
ipcc_high,Logistic,2148,4.637472899423085e-06,1.4523090247314655e-05,3.9519119222696466e-05,0.0001472318018287322,0.001455134103732846,8,10,China;Indonesia,False
ipcc_high,Logistic,2149,3.89052338006062e-06,1.2361664212076794e-05,3.3992738816619926e-05,0.00012847147531114327,0.0013687855178622366,8,10,China;Indonesia,False
ipcc_high,Logistic,2150,3.3053572509877004e-06,1.0596653515881167e-05,2.954811739258118e-05,0.00011318421498271946,0.0012875561795027005,8,10,China;Indonesia,False
ipcc_high,Logistic,2151,2.82213874774198e-06,8.996717557310741e-06,2.5548247013567783e-05,9.973760878958158e-05,0.0012100256418036272,8,10,China;Indonesia,False
ipcc_high,Logistic,2152,2.3965963210521422e-06,7.693742108874715e-06,2.1853252358025243e-05,8.667679414339747e-05,0.00111427673034381,8,10,China;Indonesia,False
ipcc_high,Logistic,2153,2.0372841265303783e-06,6.581544367455654e-06,1.8813867367211452e-05,7.674010728983401e-05,0.0010140005760440494,8,10,China;Indonesia,False
ipcc_high,Logistic,2154,1.7238574001319198e-06,5.620261871193283e-06,1.6355043641150672e-05,6.771016239455607e-05,0.0009282410484795655,8,10,China;Indonesia,False
ipcc_high,Logistic,2155,1.4715315670801997e-06,4.790613881057833e-06,1.405318510626741e-05,5.91848723991975e-05,0.0008674970095759456,8,10,China;Indonesia,False
ipcc_high,Logistic,2156,1.252426216686481e-06,4.097806315433319e-06,1.2105772090100896e-05,5.1250770868679666e-05,0.0007776474910879441,8,10,China;Indonesia,False
ipcc_high,Logistic,2157,1.066808828116813e-06,3.4753743606058437e-06,1.0412732721413665e-05,4.4881517184071156e-05,0.0006924014515803457,8,10,China;Indonesia,False
ipcc_high,Logistic,2158,9.0753788367314e-07,2.9435859574072846e-06,8.978533514562355e-06,3.9998967272573126e-05,0.0006166242454706298,8,10,China;Indonesia,False
ipcc_high,Logistic,2159,7.741960947195407e-07,2.50140268023614e-06,7.738482961781061e-06,3.53696262230144e-05,0.0005491582247558939,8,10,China;Indonesia,False
ipcc_high,Logistic,2160,6.452375641196705e-07,2.1367951550964808e-06,6.712501405300064e-06,3.100245717224043e-05,0.0004890898927682581,8,10,China;Indonesia,False
ipcc_high,Logistic,2161,5.377667517759978e-07,1.834859651816134e-06,5.775096205636649e-06,2.717912890731386e-05,0.0004356063757798383,8,10,China;Indonesia,False
ipcc_high,Logistic,2162,4.482021865252028e-07,1.568133586054169e-06,4.96044812255327e-06,2.368182565388606e-05,0.0003975681530035439,8,10,China;Indonesia,False
ipcc_high,Logistic,2163,3.743663693306735e-07,1.3561020193595693e-06,4.314808948567978e-06,2.084480843825291e-05,0.0003667175162331253,8,10,China;Indonesia,False
ipcc_high,Logistic,2164,3.137680864132954e-07,1.1708192972482828e-06,3.745693365809954e-06,1.8444168357593005e-05,0.0003382816704268099,8,10,China;Indonesia,False
ipcc_high,Logistic,2165,2.631149754456661e-07,1.010632333886172e-06,3.2746913628349597e-06,1.6158163127390112e-05,0.0003120689099094036,8,10,China;Indonesia,False
ipcc_high,Logistic,2166,2.2366853364451903e-07,8.59713783375492e-07,2.864720215797249e-06,1.4113364067748459e-05,0.00028790310827003237,8,10,China;Indonesia,False
ipcc_high,Logistic,2167,1.9137818268017998e-07,7.433246525987867e-07,2.5013382393740646e-06,1.2505627379620792e-05,0.00026139006455073294,8,10,China;Indonesia,False
ipcc_high,Logistic,2168,1.6379506107790895e-07,6.410536628033875e-07,2.184023478052185e-06,1.1194118516742842e-05,0.00023674529924967152,8,10,China;Indonesia,False
ipcc_high,Logistic,2169,1.3997104730457774e-07,5.502795854944025e-07,1.90209816418183e-06,9.919032546127515e-06,0.00021901845647397903,8,10,China;Indonesia,False
ipcc_high,Logistic,2170,1.1807340919566261e-07,4.6707517163295313e-07,1.6576499136042281e-06,8.657836726464238e-06,0.00020292386455829963,8,10,China;Indonesia,False
ipcc_high,Logistic,2171,9.960907803101384e-08,4.014624101692901e-07,1.4343401410066134e-06,7.563356823762155e-06,0.0001852306694969893,8,10,China;Indonesia,False
ipcc_high,Logistic,2172,8.403860785819382e-08,3.468984456181588e-07,1.2383306378343543e-06,6.742539843428626e-06,0.0001720737874555087,8,10,China;Indonesia,False
ipcc_high,Logistic,2173,7.090747470969496e-08,3.015339211714422e-07,1.071360070150189e-06,5.909931087898924e-06,0.00015620999860893793,8,10,China;Indonesia,False
ipcc_high,Logistic,2174,5.983270823167318e-08,2.5792692932177803e-07,9.317312096985594e-07,5.1987807757601955e-06,0.0001414150164224839,8,10,China;Indonesia,False
ipcc_high,Logistic,2175,5.046092424444288e-08,2.1762377330409686e-07,8.105977679106356e-07,4.565742500977136e-06,0.0001317552510807068,8,10,China;Indonesia,False
ipcc_high,Logistic,2176,4.255757369745073e-08,1.8629276984060394e-07,7.031669883008254e-07,3.959871198907688e-06,0.00012370383961258263,8,10,China;Indonesia,False
ipcc_high,Logistic,2177,3.5894337257972733e-08,1.5830701765099043e-07,6.129832553537824e-07,3.4446174943139733e-06,0.0001130245286802181,8,10,China;Indonesia,False
ipcc_high,Logistic,2178,3.035622658251209e-08,1.3511654438480854e-07,5.359472347113426e-07,3.092118971251634e-06,0.00010258766205707843,8,10,China;Indonesia,False
ipcc_high,Logistic,2179,2.5955779137710742e-08,1.1626626522082996e-07,4.708114350061326e-07,2.6849765513599414e-06,9.311482458368976e-05,8,10,China;Indonesia,False
ipcc_high,Gompertz,2030,0.4599748170824404,0.48027848941279894,0.4944965360228587,0.5072238026421687,0.5233286265727073,7,10,China;Indonesia;Brazil,False
ipcc_high,Gompertz,2031,0.5521153225542862,0.5773317618317231,0.5956868783016839,0.6131929265353004,0.6352454293702428,7,10,China;Indonesia;Brazil,False
ipcc_high,Gompertz,2032,0.6562978184931395,0.6880631446786428,0.7114339165352443,0.7342562240201359,0.7634105068365373,7,10,China;Indonesia;Brazil,False
ipcc_high,Gompertz,2033,0.7751211539030911,0.8132493934770967,0.842345437884687,0.8713928734631967,0.9090528426443711,7,10,China;Indonesia;Brazil,False
ipcc_high,Gompertz,2034,0.9086527076840684,0.9541814466969423,0.9888628885634367,1.0242055530803686,1.0728357416704486,7,10,China;Indonesia;Brazil,False
ipcc_high,Gompertz,2035,1.0561176458714852,1.1101139702807774,1.1518950181526881,1.1953672088005514,1.2549563957780157,7,10,China;Indonesia;Brazil,False
ipcc_high,Gompertz,2036,1.2191276783480103,1.282734640083067,1.3303887347299646,1.3827067506174378,1.4554293111408085,7,10,China;Indonesia;Brazil,False
ipcc_high,Gompertz,2037,1.398525697260372,1.470814084802878,1.5262440400329436,1.5858790725972642,1.6750958011143144,7,10,China;Indonesia;Brazil,False
ipcc_high,Gompertz,2038,1.5921232155492182,1.6746191129812549,1.7391911169003622,1.8077866146424584,1.9096328375044618,7,10,China;Indonesia;Brazil,False
ipcc_high,Gompertz,2039,1.8010716195577985,1.8934004319095707,1.9648837242031494,2.045892953293701,2.162149244251086,7,10,China;Indonesia;Brazil,False
ipcc_high,Gompertz,2040,2.025144908178001,2.126942403011437,2.206597311039082,2.299383143736719,2.429369401944266,7,10,China;Indonesia;Brazil,False
ipcc_high,Gompertz,2041,2.262182740001888,2.374998824943855,2.4606319531951684,2.5651365644629807,2.7157248999197985,7,10,China;Indonesia;Brazil,False
ipcc_high,Gompertz,2042,2.5120581209097446,2.6338664514545584,2.7282515480034846,2.844092861087651,3.0115531792212216,7,10,China;Indonesia;Brazil,False
ipcc_high,Gompertz,2043,2.7714774726534825,2.903583475238234,3.005656741548515,3.134976646662938,3.3218892450256114,7,10,China;Indonesia;Brazil,False
ipcc_high,Gompertz,2044,3.047768847401369,3.1820185276458415,3.29507697030896,3.440798054618054,3.641610750217428,7,10,China;Indonesia;Brazil,False
ipcc_high,Gompertz,2045,3.3246536691755804,3.4696132187261117,3.5944942351530145,3.750012854571139,3.9752162345641593,7,10,China;Indonesia;Brazil,False
ipcc_high,Gompertz,2046,3.6127393507894663,3.7668654201292346,3.9022325409866445,4.070822683986021,4.31286750301388,7,10,China;Indonesia;Brazil,False
ipcc_high,Gompertz,2047,3.902279285604747,4.072989425202104,4.211854795491263,4.393651659563555,4.659407694102314,7,10,China;Indonesia;Brazil,False
ipcc_high,Gompertz,2048,4.202787110514026,4.373291260385704,4.522672439761761,4.723764771314725,5.0071937581211285,7,10,China;Indonesia;Brazil,False
ipcc_high,Gompertz,2049,4.494514459050458,4.674466758134578,4.837432603644732,5.045751034639311,5.363071682032234,7,10,China;Indonesia;Brazil,False
ipcc_high,Gompertz,2050,4.784242963361609,4.974290378207073,5.147379355549216,5.373111248276138,5.720250729385567,7,10,China;Indonesia;Brazil,False
ipcc_high,Gompertz,2051,5.073555450494016,5.267964005619276,5.458698163844291,5.697561397217012,6.067604995868404,7,10,China;Indonesia;Brazil,False
ipcc_high,Gompertz,2052,5.34799774019395,5.557831534014346,5.76242357316953,6.025683484007581,6.402572777496193,7,10,China;Indonesia;Brazil,False
ipcc_high,Gompertz,2053,5.614956942556536,5.845683158781138,6.064820405825707,6.335563012636028,6.737687519326219,7,10,China;Indonesia;Brazil,False
ipcc_high,Gompertz,2054,5.873010955538272,6.122310017499529,6.368159468172987,6.650678173939627,7.0724359958230805,7,10,China;Indonesia;Brazil,False
ipcc_high,Gompertz,2055,6.119832407958428,6.393348445481015,6.656795777110007,6.945609023008947,7.389893577328022,7,10,China;Indonesia;Brazil,False
ipcc_high,Gompertz,2056,6.357943146430111,6.646177309133176,6.933823323720496,7.230370618851466,7.723610842962064,7,10,China;Indonesia;Brazil,False
ipcc_high,Gompertz,2057,6.579315341796263,6.89424857843219,7.1904008438993525,7.514294242011134,8.038111936789814,7,10,China;Indonesia;Brazil,False
ipcc_high,Gompertz,2058,6.782400875673394,7.123559971324756,7.438290946444797,7.769608882825329,8.324348824451118,7,10,China;Indonesia;Brazil,False
ipcc_high,Gompertz,2059,6.95616731514449,7.338693456158578,7.675967975340441,8.027169998873026,8.604424052873407,7,10,China;Indonesia;Brazil,False
ipcc_high,Gompertz,2060,7.124825275166446,7.544309172863759,7.899009821828729,8.266997309904403,8.860838838462035,7,10,China;Indonesia;Brazil,False
ipcc_high,Gompertz,2061,7.261021095912994,7.718936525311529,8.095833457549855,8.499666764175146,9.104821541138673,7,10,China;Indonesia;Brazil,False
ipcc_high,Gompertz,2062,7.381861432204669,7.8801595537126214,8.276894285584067,8.718758582731672,9.34822585120804,7,10,China;Indonesia;Brazil,False
ipcc_high,Gompertz,2063,7.4893539973045575,8.02578598854284,8.456183166260848,8.905466629342339,9.575392079109658,7,10,China;Indonesia;Brazil,False
ipcc_high,Gompertz,2064,7.579112390173533,8.144819646518126,8.60143660141972,9.092775308064205,9.771590311822468,7,10,China;Indonesia;Brazil,False
ipcc_high,Gompertz,2065,7.656870769470871,8.26388867520405,8.74251900479645,9.247622282528182,9.9546628867832,7,10,China;Indonesia;Brazil,False
ipcc_high,Gompertz,2066,7.717576378139652,8.36108898976391,8.86783359589322,9.394991541579413,10.11367786780216,7,10,China;Indonesia;Brazil,False
ipcc_high,Gompertz,2067,7.7635253597908305,8.435591238447195,8.9653533389307,9.547340372763284,10.25110505432809,7,10,China;Indonesia;Brazil,False
ipcc_high,Gompertz,2068,7.790216467122006,8.49838490098491,9.062570521188633,9.669224334843205,10.405254175122293,7,10,China;Indonesia;Brazil,False
ipcc_high,Gompertz,2069,7.797055947949047,8.537498476461403,9.118675696609127,9.76723796369959,10.507811356672363,7,10,China;Indonesia;Brazil,False
ipcc_high,Gompertz,2070,7.78000744420183,8.565490140223783,9.168258474977556,9.840510564553611,10.586791086234951,7,10,China;Indonesia;Brazil,False
ipcc_high,Gompertz,2071,7.756389054749391,8.573621870065416,9.208432738685495,9.902565586669269,10.663057126639028,7,10,China;Indonesia;Brazil,False
ipcc_high,Gompertz,2072,7.727845186620334,8.581389348334898,9.237829397392241,9.936502616988388,10.69255124964364,7,10,China;Indonesia;Brazil,False
ipcc_high,Gompertz,2073,7.689220407269939,8.57244384556595,9.249530210126968,9.962021620832294,10.75110195701486,7,10,China;Indonesia;Brazil,False
ipcc_high,Gompertz,2074,7.632062456942688,8.541307277260888,9.240693138840392,9.96096437618758,10.772003397608332,7,10,China;Indonesia;Brazil,False
ipcc_high,Gompertz,2075,7.565982810078482,8.499780093449715,9.211982228594145,9.944968622951132,10.76192934079589,7,10,China;Indonesia;Brazil,False
ipcc_high,Gompertz,2076,7.489969584224925,8.44884424017223,9.176101533104926,9.93830633475671,10.77127643983303,7,10,China;Indonesia;Brazil,False
ipcc_high,Gompertz,2077,7.407228283006118,8.375419293249621,9.124741691187836,9.906378961743675,10.769818967149364,7,10,China;Indonesia;Brazil,False
ipcc_high,Gompertz,2078,7.315153720915247,8.302985972485933,9.071075336963808,9.862326332096433,10.761587032763678,7,10,China;Indonesia;Brazil,False
ipcc_high,Gompertz,2079,7.203798531151134,8.228275721600186,8.99314318134936,9.80812110273923,10.729039708895936,7,10,China;Indonesia;Brazil,False
ipcc_high,Gompertz,2080,7.099687361623712,8.123823909489037,8.911292737060801,9.751953994057901,10.686183324742037,7,10,China;Indonesia;Brazil,False
ipcc_high,Gompertz,2081,6.98417165823443,8.007873866878722,8.827364057556196,9.687946711337268,10.641960246195104,7,10,China;Indonesia;Brazil,False
ipcc_high,Gompertz,2082,6.866970666704502,7.900278953885247,8.721931697661269,9.590531459759559,10.576761009733206,7,10,China;Indonesia;Brazil,False
ipcc_high,Gompertz,2083,6.7457860752754435,7.771635926315393,8.60021690117225,9.494362837841742,10.494342940579024,7,10,China;Indonesia;Brazil,False
ipcc_high,Gompertz,2084,6.607873544273284,7.652211213098771,8.479630272828768,9.390409040188134,10.416507649422273,7,10,China;Indonesia;Brazil,False
ipcc_high,Gompertz,2085,6.480260945676499,7.5190470258157935,8.358114111966362,9.28419029924431,10.327051787051474,7,10,China;Indonesia;Brazil,False
ipcc_high,Gompertz,2086,6.3507987994035595,7.383184947545292,8.236956344865064,9.16636999907421,10.233002225985887,7,10,China;Indonesia;Brazil,False
ipcc_high,Gompertz,2087,6.217540971648655,7.242436077647107,8.102838006790611,9.037934895779763,10.1296088101763,7,10,China;Indonesia;Brazil,False
ipcc_high,Gompertz,2088,6.079477225824789,7.105383917040799,7.955949129369467,8.906313355798074,10.009295801717066,7,10,China;Indonesia;Brazil,False
ipcc_high,Gompertz,2089,5.922575483528073,6.965116794420485,7.814037260833925,8.771419761853064,9.880347226713056,7,10,China;Indonesia;Brazil,False
ipcc_high,Gompertz,2090,5.7743175386185746,6.8182610619126365,7.671346928919192,8.631970286623446,9.749942325540925,7,10,China;Indonesia;Brazil,False
ipcc_high,Gompertz,2091,5.632837643422439,6.676111686095046,7.51389744581711,8.483092868862698,9.619259652095451,7,10,China;Indonesia;Brazil,False
ipcc_high,Gompertz,2092,5.484879364885127,6.535957402726894,7.3667631760407675,8.350304042782149,9.476732289409295,7,10,China;Indonesia;Brazil,False
ipcc_high,Gompertz,2093,5.332458911287047,6.388972907391056,7.218002955251688,8.196814255115653,9.332377939931106,7,10,China;Indonesia;Brazil,False
ipcc_high,Gompertz,2094,5.190660903031998,6.24709408821872,7.071369558157018,8.04686897983641,9.17708073348352,7,10,China;Indonesia;Brazil,False
ipcc_high,Gompertz,2095,5.046362757267078,6.089033262095606,6.918341870147893,7.890178050596463,9.022058335423944,7,10,China;Indonesia;Brazil,False
ipcc_high,Gompertz,2096,4.905098395437524,5.933039125607843,6.759214458871833,7.743763096138983,8.877941327202464,7,10,China;Indonesia;Brazil,False
ipcc_high,Gompertz,2097,4.765188595770729,5.77824000749898,6.60305111798313,7.58665775227892,8.720703719425513,7,10,China;Indonesia;Brazil,False
ipcc_high,Gompertz,2098,4.626670091536156,5.623519085582283,6.4492234493988825,7.4320544218286395,8.546649096490828,7,10,China;Indonesia;Brazil,False
ipcc_high,Gompertz,2099,4.489029333902007,5.472145241929488,6.289850590881748,7.269181012675589,8.382385545616131,7,10,China;Indonesia;Brazil,False
ipcc_high,Gompertz,2100,4.355233964488692,5.326331281820126,6.139418874275598,7.105725588516281,8.216645951258716,7,10,China;Indonesia;Brazil,False
ipcc_high,Gompertz,2101,4.222468390021215,5.18234942031804,5.974884681602046,6.940020407670458,8.047617714175916,7,10,China;Indonesia;Brazil,False
ipcc_high,Gompertz,2102,4.0843633069823415,5.04028658470955,5.827363692903832,6.774507036520233,7.887690505697652,7,10,China;Indonesia;Brazil,False
ipcc_high,Gompertz,2103,3.9487913378168353,4.896155157080411,5.682812165291352,6.610910105471716,7.7225998273698115,7,10,China;Indonesia;Brazil,False
ipcc_high,Gompertz,2104,3.8238345572635555,4.759012323409275,5.535733119636345,6.452484640071822,7.568777037075464,7,10,China;Indonesia;Brazil,False
ipcc_high,Gompertz,2105,3.7117068126825132,4.625601692739765,5.386746009975755,6.299416781817166,7.405011714959566,7,10,China;Indonesia;Brazil,False
ipcc_high,Gompertz,2106,3.5907957577227756,4.486736029663467,5.2422837703238905,6.135933925642049,7.229285005611138,7,10,China;Indonesia;Brazil,False
ipcc_high,Gompertz,2107,3.471447375042104,4.359522820281445,5.104951865999608,5.978522702025776,7.056469077728902,7,10,China;Indonesia;Brazil,False
ipcc_high,Gompertz,2108,3.3494965386722027,4.236663056465295,4.9692191290676035,5.8236466289398185,6.893609221627502,7,10,China;Indonesia;Brazil,False
ipcc_high,Gompertz,2109,3.230732291927778,4.110856913044128,4.826744098721099,5.671263794508952,6.744221299505845,7,10,China;Indonesia;Brazil,False
ipcc_high,Gompertz,2110,3.117961322014331,3.985251774467308,4.691179170069988,5.524184578167439,6.598103317499328,7,10,China;Indonesia;Brazil,False
ipcc_high,Gompertz,2111,3.0146766706410393,3.8679778507936557,4.547524215571382,5.380763370841016,6.447152724429792,7,10,China;Indonesia;Brazil,False
ipcc_high,Gompertz,2112,2.911028358973003,3.747617856041877,4.412627870406688,5.235597381459421,6.302196215187261,7,10,China;Indonesia;Brazil,False
ipcc_high,Gompertz,2113,2.802695632847666,3.6286152142552877,4.292554871802654,5.0924800570643205,6.138340816756881,7,10,China;Indonesia;Brazil,False
ipcc_high,Gompertz,2114,2.7032481980684127,3.5112577573360313,4.165817322267257,4.958021504641504,5.990416019402445,7,10,China;Indonesia;Brazil,False
ipcc_high,Gompertz,2115,2.607606108187418,3.3946450350241935,4.03583417302094,4.8283916543809875,5.850425676202846,7,10,China;Indonesia;Brazil,False
ipcc_high,Gompertz,2116,2.5153434794018232,3.2849645929127176,3.9103543983231255,4.695046001784432,5.711650030083547,7,10,China;Indonesia;Brazil,False
ipcc_high,Gompertz,2117,2.4259138834693403,3.1755731990516627,3.793561942410013,4.565743580296001,5.566018295857202,7,10,China;Indonesia;Brazil,False
ipcc_high,Gompertz,2118,2.3390649510028063,3.0695790020969986,3.674488364843376,4.434713900224034,5.416310455028166,7,10,China;Indonesia;Brazil,False
ipcc_high,Gompertz,2119,2.2537747772450545,2.966100600092034,3.5647755047981886,4.299600835790836,5.270213086920853,7,10,China;Indonesia;Brazil,False
ipcc_high,Gompertz,2120,2.1738065747956257,2.864426316901561,3.451691524228944,4.179064434881507,5.126819353415042,7,10,China;Indonesia;Brazil,False
ipcc_high,Gompertz,2121,2.0951979328117205,2.764171645060106,3.3412417900598843,4.052900220946095,4.993280410932038,7,10,China;Indonesia;Brazil,False
ipcc_high,Gompertz,2122,2.0191560372299255,2.669296210186971,3.229637590642752,3.9406422754154176,4.872779647443602,7,10,China;Indonesia;Brazil,False
ipcc_high,Gompertz,2123,1.9478029955498013,2.5763448437436085,3.124865211452822,3.8248503042522826,4.73667087658677,7,10,China;Indonesia;Brazil,False
ipcc_high,Gompertz,2124,1.8780264206670194,2.4891953244327922,3.018828234178464,3.713828883475146,4.622978535556426,7,10,China;Indonesia;Brazil,False
ipcc_high,Gompertz,2125,1.8091306091543164,2.4029046282185833,2.918813133104762,3.602760427559037,4.515135747593312,7,10,China;Indonesia;Brazil,False
ipcc_high,Gompertz,2126,1.7411557937997837,2.3196990912352193,2.8267332698465744,3.494619235969967,4.406657907706783,7,10,China;Indonesia;Brazil,False
ipcc_high,Gompertz,2127,1.6754987839181072,2.2389030986440153,2.7378094413298775,3.3944651843040847,4.301024143724202,7,10,China;Indonesia;Brazil,False
ipcc_high,Gompertz,2128,1.6129755532760952,2.160537267650443,2.6520728949259977,3.2953923521649946,4.193147364093207,7,10,China;Indonesia;Brazil,False
ipcc_high,Gompertz,2129,1.552737889256456,2.0843784520252813,2.567942541918571,3.197132397226471,4.083992238450895,7,10,China;Indonesia;Brazil,False
ipcc_high,Gompertz,2130,1.4915529424303655,2.0088912966202552,2.482323121177993,3.10296741522094,3.974304202354882,7,10,China;Indonesia;Brazil,False
ipcc_high,Gompertz,2131,1.4343218217228806,1.9361242684412683,2.4043311859779894,3.0108010402700343,3.8657118262567813,7,10,China;Indonesia;Brazil,False
ipcc_high,Gompertz,2132,1.37939009356711,1.8679933911519302,2.321703612450781,2.921307787033084,3.763506630859335,7,10,China;Indonesia;Brazil,False
ipcc_high,Gompertz,2133,1.3257027400180994,1.8004277441342484,2.2421169078455017,2.835031436947757,3.6696894243696137,7,10,China;Indonesia;Brazil,False
ipcc_high,Gompertz,2134,1.2752987419674506,1.7363487114591887,2.167011617236707,2.745059594107074,3.576991579546076,7,10,China;Indonesia;Brazil,False
ipcc_high,Gompertz,2135,1.2261394854392909,1.6744906649034612,2.0942893746981017,2.6608857223456632,3.4796351421679885,7,10,China;Indonesia;Brazil,False
ipcc_high,Gompertz,2136,1.1791905724191136,1.6162147932178406,2.0233682840147673,2.579371411160034,3.3843091463366224,7,10,China;Indonesia;Brazil,False
ipcc_high,Gompertz,2137,1.1329770586406935,1.5585241513086348,1.956558299769368,2.4994828128988713,3.2909475035378772,7,10,China;Indonesia;Brazil,False
ipcc_high,Gompertz,2138,1.0889785405583885,1.500479831944117,1.8923665877990663,2.4230443893852867,3.201352158996676,7,10,China;Indonesia;Brazil,False
ipcc_high,Gompertz,2139,1.046528607221413,1.443847470141212,1.8285367327416533,2.345917028465707,3.1103003466937524,7,10,China;Indonesia;Brazil,False
ipcc_high,Gompertz,2140,1.0060677801315658,1.3903550033023289,1.7684733571164262,2.27233856427807,3.0234864117583804,7,10,China;Indonesia;Brazil,False
ipcc_high,Gompertz,2141,0.9664563426503747,1.3381851644836105,1.7063571805042228,2.203691094353587,2.938741907269315,7,10,China;Indonesia;Brazil,False
ipcc_high,Gompertz,2142,0.9285983303569938,1.2898371973875205,1.6430575042485875,2.1349630567946516,2.8557542479540743,7,10,China;Indonesia;Brazil,False
ipcc_high,Gompertz,2143,0.8922167650475759,1.2412555630634468,1.5830658918718652,2.0652965519213953,2.7744993882516518,7,10,China;Indonesia;Brazil,False
ipcc_high,Gompertz,2144,0.8572622364354687,1.1948866770407967,1.5296496783767886,1.997598925993729,2.688970023840388,7,10,China;Indonesia;Brazil,False
ipcc_high,Gompertz,2145,0.8236370999543006,1.1517312096798258,1.4785087173565024,1.93519203552365,2.606448183880253,7,10,China;Indonesia;Brazil,False
ipcc_high,Gompertz,2146,0.7915139243747717,1.1101900362586339,1.427099831351037,1.8713874890531175,2.5367005571291195,7,10,China;Indonesia;Brazil,False
ipcc_high,Gompertz,2147,0.7609703067835742,1.0698805239548503,1.3790058613823888,1.8110571485661175,2.4603139485689005,7,10,China;Indonesia;Brazil,False
ipcc_high,Gompertz,2148,0.7323137480550221,1.0294703928666473,1.3307420505489496,1.752054964050096,2.3844627118757935,7,10,China;Indonesia;Brazil,False
ipcc_high,Gompertz,2149,0.7034874220683589,0.992003093029608,1.2828729844120166,1.6968738072086884,2.3106671747657015,7,10,China;Indonesia;Brazil,False
ipcc_high,Gompertz,2150,0.6760930016947951,0.9536953145007793,1.2368687654623773,1.6421015713325706,2.23906709774447,7,10,China;Indonesia;Brazil,False
ipcc_high,Gompertz,2151,0.6490486962313431,0.9176242474295432,1.1916471411433678,1.5894618172951556,2.169517035261329,7,10,China;Indonesia;Brazil,False
ipcc_high,Gompertz,2152,0.6226844889759551,0.8821895057784387,1.1484459696306768,1.53943089721664,2.1019703375885355,7,10,China;Indonesia;Brazil,False
ipcc_high,Gompertz,2153,0.5978682619781065,0.8485591219252124,1.1081368858760186,1.4900329249471258,2.036380546150494,7,10,China;Indonesia;Brazil,False
ipcc_high,Gompertz,2154,0.5746655154004283,0.817888493392982,1.0689498098059467,1.4408020977315332,1.9739849347326186,7,10,China;Indonesia;Brazil,False
ipcc_high,Gompertz,2155,0.5516527334456216,0.7860430423243168,1.0318284146263093,1.393781507535424,1.918366064986847,7,10,China;Indonesia;Brazil,False
ipcc_high,Gompertz,2156,0.5290599926135336,0.7563847442140893,0.996126729394724,1.3485820085646258,1.8641676537111211,7,10,China;Indonesia;Brazil,False
ipcc_high,Gompertz,2157,0.5075032553343906,0.7296228508960422,0.9604300064574172,1.3035954384842503,1.8105808653242448,7,10,China;Indonesia;Brazil,False
ipcc_high,Gompertz,2158,0.48647108231796005,0.7030745446640895,0.9258851931771316,1.2609129466304017,1.754655033141958,7,10,China;Indonesia;Brazil,False
ipcc_high,Gompertz,2159,0.46643665332476697,0.6762728760339324,0.8916284752693142,1.2191766448491421,1.7003684271937125,7,10,China;Indonesia;Brazil,False
ipcc_high,Gompertz,2160,0.44721018029043597,0.6511881203559757,0.8592666635771287,1.1788073022352314,1.647679471448973,7,10,China;Indonesia;Brazil,False
ipcc_high,Gompertz,2161,0.4287605368479338,0.6266438240535323,0.8286917766402708,1.1400120107718228,1.5978627703547954,7,10,China;Indonesia;Brazil,False
ipcc_high,Gompertz,2162,0.41107579417238577,0.602320067221621,0.7983530142952925,1.103135279158531,1.5513590624473648,7,10,China;Indonesia;Brazil,False
ipcc_high,Gompertz,2163,0.39410848792937514,0.5792518854385673,0.7707414651627442,1.0674109523295796,1.5060336854812755,7,10,China;Indonesia;Brazil,False
ipcc_high,Gompertz,2164,0.37782955504787474,0.5564245915973061,0.7440521347890533,1.0322195530008713,1.4619672860540434,7,10,China;Indonesia;Brazil,False
ipcc_high,Gompertz,2165,0.362212095682368,0.5348086954121892,0.7179062471479072,0.9979004699891191,1.419129615816868,7,10,China;Indonesia;Brazil,False
ipcc_high,Gompertz,2166,0.34723017399962863,0.5143508167121712,0.6923338435474264,0.9654884152171163,1.3774908333581453,7,10,China;Indonesia;Brazil,False
ipcc_high,Gompertz,2167,0.33285879115490763,0.4947169759245446,0.6672206640758627,0.9337268948586881,1.3370215222902986,7,10,China;Indonesia;Brazil,False
ipcc_high,Gompertz,2168,0.31907385832998364,0.4758961034677802,0.6436182132085757,0.9029832808281364,1.2975831328159921,7,10,China;Indonesia;Brazil,False
ipcc_high,Gompertz,2169,0.3058521699138509,0.45716923692848854,0.6206368115297033,0.8715864922866061,1.2573506259458613,7,10,China;Indonesia;Brazil,False
ipcc_high,Gompertz,2170,0.2931713768971877,0.4391970255754747,0.5990489460096756,0.841971435238151,1.2183197354287623,7,10,China;Indonesia;Brazil,False
ipcc_high,Gompertz,2171,0.28102368987917326,0.42249725804001564,0.5782642635060284,0.8141979596993192,1.1804580346606621,7,10,China;Indonesia;Brazil,False
ipcc_high,Gompertz,2172,0.26943381269105027,0.4064348886030868,0.55703285737511,0.7875877762442758,1.1437337300251098,7,10,China;Indonesia;Brazil,False
ipcc_high,Gompertz,2173,0.2583182469099739,0.3909775107997207,0.5371256622816092,0.7618558805199968,1.108115666227771,7,10,China;Indonesia;Brazil,False
ipcc_high,Gompertz,2174,0.24765797245160326,0.3761748144114518,0.5185420013297939,0.7363549524969828,1.073573329940998,7,10,China;Indonesia;Brazil,False
ipcc_high,Gompertz,2175,0.23743469621924013,0.36197297834278624,0.5000773442895794,0.7123562122630895,1.040076851896191,7,10,China;Indonesia;Brazil,False
ipcc_high,Gompertz,2176,0.2276308274432509,0.3480687982799793,0.4827357606514492,0.6884226373530917,1.0075970075531953,7,10,China;Indonesia;Brazil,False
ipcc_high,Gompertz,2177,0.21822945357905385,0.33448515370115434,0.4663848575233298,0.6657596729144963,0.9761052164678771,7,10,China;Indonesia;Brazil,False
ipcc_high,Gompertz,2178,0.20921431677830957,0.32177020091253977,0.449768753683338,0.6437935836254159,0.9454579167235165,7,10,China;Indonesia;Brazil,False
ipcc_high,Gompertz,2179,0.20059066921489868,0.30975673331828457,0.43448135672390875,0.6225679800942813,0.916820843868313,7,10,China;Indonesia;Brazil,False
