Scenario,Model,Year,rate_central_global,n_countries_included,n_countries_total,countries_excluded,is_complete
reference,Logistic,2030,0.33535309616649933,10,10,,True
reference,Logistic,2031,0.3825252238091357,10,10,,True
reference,Logistic,2032,0.4363808537158763,10,10,,True
reference,Logistic,2033,0.49787134707685926,10,10,,True
reference,Logistic,2034,0.5680831939757744,10,10,,True
reference,Logistic,2035,0.6482568545621833,10,10,,True
reference,Logistic,2036,0.7398080774378508,10,10,,True
reference,Logistic,2037,0.8443519676336492,10,10,,True
reference,Logistic,2038,0.9637300879263702,10,10,,True
reference,Logistic,2039,1.1000408816704865,10,10,,True
reference,Logistic,2040,1.2556736993264113,10,10,,True
reference,Logistic,2041,1.4333466898302205,10,10,,True
reference,Logistic,2042,1.6361487757807405,10,10,,True
reference,Logistic,2043,1.8675858601820658,10,10,,True
reference,Logistic,2044,2.131631301932799,10,10,,True
reference,Logistic,2045,2.432780534316735,10,10,,True
reference,Logistic,2046,2.7761094688857537,10,10,,True
reference,Logistic,2047,3.16733600565722,10,10,,True
reference,Logistic,2048,3.6128835339372145,10,10,,True
reference,Logistic,2049,4.119944725227857,10,10,,True
reference,Logistic,2050,4.696543153344774,10,10,,True
reference,Logistic,2051,5.3515892834148815,10,10,,True
reference,Logistic,2052,6.094926101131872,10,10,,True
reference,Logistic,2053,6.937358052182034,10,10,,True
reference,Logistic,2054,7.890654973530711,10,10,,True
reference,Logistic,2055,8.967520273058247,10,10,,True
reference,Logistic,2056,10.181509718948327,10,10,,True
reference,Logistic,2057,11.546883840211162,10,10,,True
reference,Logistic,2058,13.078373191541171,10,10,,True
reference,Logistic,2059,14.79083180212093,10,10,,True
reference,Logistic,2060,16.69875042058924,10,10,,True
reference,Logistic,2061,18.815598427708327,10,10,,True
reference,Logistic,2062,21.152962744663967,10,10,,True
reference,Logistic,2063,23.71945562832469,10,10,,True
reference,Logistic,2064,26.519373675348092,10,10,,True
reference,Logistic,2065,29.55111130344975,10,10,,True
reference,Logistic,2066,32.80536766999727,10,10,,True
reference,Logistic,2067,36.26324025450806,10,10,,True
reference,Logistic,2068,39.894372563569235,10,10,,True
reference,Logistic,2069,43.65541325004871,10,10,,True
reference,Logistic,2070,47.489135041001674,10,10,,True
reference,Logistic,2071,51.32462643706402,10,10,,True
reference,Logistic,2072,55.07896635353171,10,10,,True
reference,Logistic,2073,58.66067652678417,10,10,,True
reference,Logistic,2074,61.97498862350975,10,10,,True
reference,Logistic,2075,64.93057500564512,10,10,,True
reference,Logistic,2076,67.44695092959157,10,10,,True
reference,Logistic,2077,69.46139998072898,10,10,,True
reference,Logistic,2078,70.93416110825189,10,10,,True
reference,Logistic,2079,71.85084708127434,10,10,,True
reference,Logistic,2080,72.22161968668979,10,10,,True
reference,Logistic,2081,72.07736773732583,10,10,,True
reference,Logistic,2082,71.46378346432971,10,10,,True
reference,Logistic,2083,70.43460367473212,10,10,,True
reference,Logistic,2084,69.04528619972973,10,10,,True
reference,Logistic,2085,67.34808433615608,10,10,,True
reference,Logistic,2086,65.3890117237946,10,10,,True
reference,Logistic,2087,63.20672211550288,10,10,,True
reference,Logistic,2088,60.83297873937412,10,10,,True
reference,Logistic,2089,58.294200302273424,10,10,,True
reference,Logistic,2090,55.61353002833269,10,10,,True
reference,Logistic,2091,52.81293586850202,10,10,,True
reference,Logistic,2092,49.91496686890681,10,10,,True
reference,Logistic,2093,46.943927109285006,10,10,,True
reference,Logistic,2094,43.92636296774323,10,10,,True
reference,Logistic,2095,40.89087924347902,10,10,,True
reference,Logistic,2096,37.86739611712652,10,10,,True
reference,Logistic,2097,34.88602463745479,10,10,,True
reference,Logistic,2098,31.97576835013582,10,10,,True
reference,Logistic,2099,29.163252573186664,10,10,,True
reference,Logistic,2100,26.471646560472408,10,10,,True
reference,Logistic,2101,23.919888412893066,10,10,,True
reference,Logistic,2102,21.522261313947297,10,10,,True
reference,Logistic,2103,19.288314385759236,10,10,,True
reference,Logistic,2104,17.22308019713506,10,10,,True
reference,Logistic,2105,15.327516912708672,10,10,,True
reference,Logistic,2106,13.599095269920161,10,10,,True
reference,Logistic,2107,12.032455346078766,10,10,,True
reference,Logistic,2108,10.620070747278435,10,10,,True
reference,Logistic,2109,9.352874008101576,10,10,,True
reference,Logistic,2110,8.220813246547062,10,10,,True
reference,Logistic,2111,7.213324326073344,10,10,,True
reference,Logistic,2112,6.319713910936931,10,10,,True
reference,Logistic,2113,5.529456670019918,10,10,,True
reference,Logistic,2114,4.832414811675862,10,10,,True
reference,Logistic,2115,4.218990689329822,10,10,,True
reference,Logistic,2116,3.680224035045774,10,10,,True
reference,Logistic,2117,3.2078450327724197,10,10,,True
reference,Logistic,2118,2.794293404925666,10,10,,True
reference,Logistic,2119,2.4327123067438987,10,10,,True
reference,Logistic,2120,2.1169243446383854,10,10,,True
reference,Logistic,2121,1.8413956104945368,10,10,,True
reference,Logistic,2122,1.6011923394198897,10,10,,True
reference,Logistic,2123,1.3919336927315258,10,10,,True
reference,Logistic,2124,1.2097432494531515,10,10,,True
reference,Logistic,2125,1.0512010484761265,10,10,,True
reference,Logistic,2126,0.9132974405040405,10,10,,True
reference,Logistic,2127,0.7933895608067778,10,10,,True
reference,Logistic,2128,0.689160897237588,10,10,,True
reference,Logistic,2129,0.5985841811866566,10,10,,True
reference,Logistic,2130,0.5198876530912606,10,10,,True
reference,Logistic,2131,0.45152463268649107,10,10,,True
reference,Logistic,2132,0.39214624414679733,10,10,,True
reference,Logistic,2133,0.3405770970358471,10,10,,True
reference,Logistic,2134,0.29579369721390775,10,10,,True
reference,Logistic,2135,0.25690535110109336,10,10,,True
reference,Logistic,2136,0.2231373270464323,10,10,,True
reference,Logistic,2137,0.19381604532871313,10,10,,True
reference,Logistic,2138,0.16835608078990597,10,10,,True
reference,Logistic,2139,0.14624877730230804,10,10,,True
reference,Logistic,2140,0.1270522897859993,10,10,,True
reference,Logistic,2141,0.11038288634645034,10,10,,True
reference,Logistic,2142,0.09590735962789596,10,10,,True
reference,Logistic,2143,0.08333641225361389,10,10,,True
reference,Logistic,2144,0.07241889598883722,10,10,,True
reference,Logistic,2145,0.06293679788024237,10,10,,True
reference,Logistic,2146,0.05470087904532843,10,10,,True
reference,Logistic,2147,0.047546883011396895,10,10,,True
reference,Logistic,2148,0.0413322405781414,10,10,,True
reference,Logistic,2149,0.035933207167893826,10,10,,True
reference,Logistic,2150,0.031242376610599913,10,10,,True
reference,Logistic,2151,0.027166522373935232,10,10,,True
reference,Logistic,2152,0.02362472347548315,10,10,,True
reference,Logistic,2153,0.020546737790404796,10,10,,True
reference,Logistic,2154,0.017871590273468015,10,10,,True
reference,Logistic,2155,0.015546347819958365,10,10,,True
reference,Logistic,2156,0.01352505617082997,10,10,,True
reference,Logistic,2157,0.011767817477929389,10,10,,True
reference,Logistic,2158,0.010239989946379917,10,10,,True
reference,Logistic,2159,0.008911493412140975,10,10,,True
reference,Logistic,2160,0.007756206837051145,10,10,,True
reference,Logistic,2161,0.0067514455517529055,10,10,,True
reference,Logistic,2162,0.0058775076842184915,10,10,,True
reference,Logistic,2163,0.005117280607686576,10,10,,True
reference,Logistic,2164,0.004455899454879163,10,10,,True
reference,Logistic,2165,0.003880450798713724,10,10,,True
reference,Logistic,2166,0.0033797155141287215,10,10,,True
reference,Logistic,2167,0.00294394562906379,10,10,,True
reference,Logistic,2168,0.0025646706610205476,10,10,,True
reference,Logistic,2169,0.002234529533807572,10,10,,True
reference,Logistic,2170,0.0019471246855879032,10,10,,True
reference,Logistic,2171,0.0016968954313009265,10,10,,True
reference,Logistic,2172,0.001479008029826907,10,10,,True
reference,Logistic,2173,0.001289260245871227,10,10,,True
reference,Logistic,2174,0.0011239984894019042,10,10,,True
reference,Logistic,2175,0.000980045869363815,10,10,,True
reference,Logistic,2176,0.0008546397195079071,10,10,,True
reference,Logistic,2177,0.0007453773445949474,10,10,,True
reference,Logistic,2178,0.0006501689017317596,10,10,,True
reference,Logistic,2179,0.0005671964747886531,10,10,,True
reference,Gompertz,2030,0.4795003512776102,10,10,,True
reference,Gompertz,2031,0.5601630557832017,10,10,,True
reference,Gompertz,2032,0.6510207293924821,10,10,,True
reference,Gompertz,2033,0.7528297126032181,10,10,,True
reference,Gompertz,2034,0.8663332825204421,10,10,,True
reference,Gompertz,2035,0.9922527656165043,10,10,,True
reference,Gompertz,2036,1.1312785055833157,10,10,,True
reference,Gompertz,2037,1.28406083556692,10,10,,True
reference,Gompertz,2038,1.4512012055939236,10,10,,True
reference,Gompertz,2039,1.6332436139965827,10,10,,True
reference,Gompertz,2040,1.830666486262165,10,10,,True
reference,Gompertz,2041,2.043875136207406,10,10,,True
reference,Gompertz,2042,2.273194933023925,10,10,,True
reference,Gompertz,2043,2.518865283932571,10,10,,True
reference,Gompertz,2044,2.781034526349963,10,10,,True
reference,Gompertz,2045,3.0597558060679164,10,10,,True
reference,Gompertz,2046,3.3549839994525206,10,10,,True
reference,Gompertz,2047,3.666573718563448,10,10,,True
reference,Gompertz,2048,3.9942784188435647,10,10,,True
reference,Gompertz,2049,4.3377506100785,10,10,,True
reference,Gompertz,2050,4.69654315308575,10,10,,True
reference,Gompertz,2051,5.070111607430176,10,10,,True
reference,Gompertz,2052,5.4578175796946145,10,10,,True
reference,Gompertz,2053,5.8589330077231745,10,10,,True
reference,Gompertz,2054,6.272645304005156,10,10,,True
reference,Gompertz,2055,6.698063271125676,10,10,,True
reference,Gompertz,2056,7.134223694062992,10,10,,True
reference,Gompertz,2057,7.580098508095243,10,10,,True
reference,Gompertz,2058,8.034602437171648,10,10,,True
reference,Gompertz,2059,8.496600995739684,10,10,,True
reference,Gompertz,2060,8.964918747093364,10,10,,True
reference,Gompertz,2061,9.438347713177063,10,10,,True
reference,Gompertz,2062,9.915655834274675,10,10,,True
reference,Gompertz,2063,10.395595381944402,10,10,,True
reference,Gompertz,2064,10.876911234719742,10,10,,True
reference,Gompertz,2065,11.358348933273795,10,10,,True
reference,Gompertz,2066,11.838662439720684,10,10,,True
reference,Gompertz,2067,12.316621534292576,10,10,,True
reference,Gompertz,2068,12.791018791578276,10,10,,True
reference,Gompertz,2069,13.260676087646761,10,10,,True
reference,Gompertz,2070,13.72445059852856,10,10,,True
reference,Gompertz,2071,14.181240259528977,10,10,,True
reference,Gompertz,2072,14.629988663558303,10,10,,True
reference,Gompertz,2073,15.069689384964963,10,10,,True
reference,Gompertz,2074,15.49938972314677,10,10,,True
reference,Gompertz,2075,15.918193867413896,10,10,,True
reference,Gompertz,2076,16.325265491124256,10,10,,True
reference,Gompertz,2077,16.71982978896651,10,10,,True
reference,Gompertz,2078,17.101174976403918,10,10,,True
reference,Gompertz,2079,17.46865327470585,10,10,,True
reference,Gompertz,2080,17.821681408688328,10,10,,True
reference,Gompertz,2081,18.15974064727944,10,10,,True
reference,Gompertz,2082,18.482376419347403,10,10,,True
reference,Gompertz,2083,18.789197538916184,10,10,,True
reference,Gompertz,2084,19.079875074988713,10,10,,True
reference,Gompertz,2085,19.35414090174976,10,10,,True
reference,Gompertz,2086,19.611785964981056,10,10,,True
reference,Gompertz,2087,19.852658300144054,10,10,,True
reference,Gompertz,2088,20.076660836825063,10,10,,True
reference,Gompertz,2089,20.283749023147497,10,10,,True
reference,Gompertz,2090,20.473928302388945,10,10,,True
reference,Gompertz,2091,20.64725147244727,10,10,,True
reference,Gompertz,2092,20.803815957027386,10,10,,True
reference,Gompertz,2093,20.943761015513324,10,10,,True
reference,Gompertz,2094,21.06726491648917,10,10,,True
reference,Gompertz,2095,21.174542097814655,10,10,,True
reference,Gompertz,2096,21.265840334079485,10,10,,True
reference,Gompertz,2097,21.341437930184064,10,10,,True
reference,Gompertz,2098,21.40164095774857,10,10,,True
reference,Gompertz,2099,21.44678054905833,10,10,,True
reference,Gompertz,2100,21.477210261329937,10,10,,True
reference,Gompertz,2101,21.49330352224307,10,10,,True
reference,Gompertz,2102,21.49545116594024,10,10,,True
reference,Gompertz,2103,21.484059067057828,10,10,,True
reference,Gompertz,2104,21.459545878824617,10,10,,True
reference,Gompertz,2105,21.422340879850495,10,10,,True
reference,Gompertz,2106,21.372881932931442,10,10,,True
reference,Gompertz,2107,21.3116135580161,10,10,,True
reference,Gompertz,2108,21.23898512041343,10,10,,True
reference,Gompertz,2109,21.155449134366968,10,10,,True
reference,Gompertz,2110,21.061459681275206,10,10,,True
reference,Gompertz,2111,20.95747094109545,10,10,,True
reference,Gompertz,2112,20.843935834824073,10,10,,True
reference,Gompertz,2113,20.72130477539436,10,10,,True
reference,Gompertz,2114,20.59002452386767,10,10,,True
reference,Gompertz,2115,20.45053714740817,10,10,,True
reference,Gompertz,2116,20.303279075219677,10,10,,True
reference,Gompertz,2117,20.148680248378827,10,10,,True
reference,Gompertz,2118,19.987163359315474,10,10,,True
reference,Gompertz,2119,19.819143176563188,10,10,,True
reference,Gompertz,2120,19.645025950323692,10,10,,True
reference,Gompertz,2121,19.465208894353967,10,10,,True
reference,Gompertz,2122,19.280079739687647,10,10,,True
reference,Gompertz,2123,19.09001635573915,10,10,,True
reference,Gompertz,2124,18.895386434404045,10,10,,True
reference,Gompertz,2125,18.6965472328592,10,10,,True
reference,Gompertz,2126,18.493845370876407,10,10,,True
reference,Gompertz,2127,18.287616678590748,10,10,,True
reference,Gompertz,2128,18.078186090805684,10,10,,True
reference,Gompertz,2129,17.86586758406876,10,10,,True
reference,Gompertz,2130,17.650964152911392,10,10,,True
reference,Gompertz,2131,17.43376782181172,10,10,,True
reference,Gompertz,2132,17.214559689608528,10,10,,True
reference,Gompertz,2133,16.993610003264955,10,10,,True
reference,Gompertz,2134,16.771178258051886,10,10,,True
reference,Gompertz,2135,16.547513321390515,10,10,,True
reference,Gompertz,2136,16.32285357776111,10,10,,True
reference,Gompertz,2137,16.097427092249145,10,10,,True
reference,Gompertz,2138,15.871451790459853,10,10,,True
reference,Gompertz,2139,15.645135652687353,10,10,,True
reference,Gompertz,2140,15.418676920374391,10,10,,True
reference,Gompertz,2141,15.192264313042651,10,10,,True
reference,Gompertz,2142,14.966077254011605,10,10,,True
reference,Gompertz,2143,14.740286103355547,10,10,,True
reference,Gompertz,2144,14.515052396673802,10,10,,True
reference,Gompertz,2145,14.290529088367888,10,10,,True
reference,Gompertz,2146,14.066860798231932,10,10,,True
reference,Gompertz,2147,13.844184060268566,10,10,,True
reference,Gompertz,2148,13.622627572742411,10,10,,True
reference,Gompertz,2149,13.402312448576815,10,10,,True
reference,Gompertz,2150,13.183352465287157,10,10,,True
reference,Gompertz,2151,12.965854313725963,10,10,,True
reference,Gompertz,2152,12.749917844991337,10,10,,True
reference,Gompertz,2153,12.535636314921147,10,10,,True
reference,Gompertz,2154,12.323096625661336,10,10,,True
reference,Gompertz,2155,12.112379563857576,10,10,,True
reference,Gompertz,2156,11.903560035075937,10,10,,True
reference,Gompertz,2157,11.696707294110045,10,10,,True
reference,Gompertz,2158,11.491885170880147,10,10,,True
reference,Gompertz,2159,11.289152291673265,10,10,,True
reference,Gompertz,2160,11.088562295513867,10,10,,True
reference,Gompertz,2161,10.890164045491263,10,10,,True
reference,Gompertz,2162,10.694001834903348,10,10,,True
reference,Gompertz,2163,10.500115588106974,10,10,,True
reference,Gompertz,2164,10.308541055992741,10,10,,True
reference,Gompertz,2165,10.119310006027176,10,10,,True
reference,Gompertz,2166,9.932450406827835,10,10,,True
reference,Gompertz,2167,9.74798660725725,10,10,,True
reference,Gompertz,2168,9.565939510039872,10,10,,True
reference,Gompertz,2169,9.386326739922568,10,10,,True
reference,Gompertz,2170,9.209162806413687,10,10,,True
reference,Gompertz,2171,9.034459261148692,10,10,,True
reference,Gompertz,2172,8.862224849941699,10,10,,True
reference,Gompertz,2173,8.692465659592305,10,10,,True
reference,Gompertz,2174,8.525185259525754,10,10,,True
reference,Gompertz,2175,8.36038483835211,10,10,,True
reference,Gompertz,2176,8.198063335436586,10,10,,True
reference,Gompertz,2177,8.038217567578672,10,10,,True
reference,Gompertz,2178,7.880842350902371,10,10,,True
reference,Gompertz,2179,7.725930618063664,10,10,,True
minimum,Logistic,2030,0.1536250642544123,10,10,,True
minimum,Logistic,2031,0.16302251227782646,10,10,,True
minimum,Logistic,2032,0.17297741841273329,10,10,,True
minimum,Logistic,2033,0.18352025144858708,10,10,,True
minimum,Logistic,2034,0.1946827965986922,10,10,,True
minimum,Logistic,2035,0.20649816588788142,10,10,,True
minimum,Logistic,2036,0.21900080138613942,10,10,,True
minimum,Logistic,2037,0.2322264701540016,10,10,,True
minimum,Logistic,2038,0.24621224966383984,10,10,,True
minimum,Logistic,2039,0.26099650235815325,10,10,,True
minimum,Logistic,2040,0.2766188379034373,10,10,,True
minimum,Logistic,2041,0.29312006159826276,10,10,,True
minimum,Logistic,2042,0.31054210729947096,10,10,,True
minimum,Logistic,2043,0.3289279531440416,10,10,,True
minimum,Logistic,2044,0.34832151826993163,10,10,,True
minimum,Logistic,2045,0.36876753868137424,10,10,,True
minimum,Logistic,2046,0.39031142036776195,10,10,,True
minimum,Logistic,2047,0.4129990677760057,10,10,,True
minimum,Logistic,2048,0.4368766857605078,10,10,,True
minimum,Logistic,2049,0.46199055319962684,10,10,,True
minimum,Logistic,2050,0.4883867665803341,10,10,,True
minimum,Logistic,2051,0.51611095202175,10,10,,True
minimum,Logistic,2052,0.5452079444418105,10,10,,True
minimum,Logistic,2053,0.5757214328779807,10,10,,True
minimum,Logistic,2054,0.6076935713610409,10,10,,True
minimum,Logistic,2055,0.6411645552183456,10,10,,True
minimum,Logistic,2056,0.6761721632563709,10,10,,True
minimum,Logistic,2057,0.7127512669470923,10,10,,True
minimum,Logistic,2058,0.7509333085218071,10,10,,True
minimum,Logistic,2059,0.7907457507595228,10,10,,True
minimum,Logistic,2060,0.832211502241321,10,10,,True
minimum,Logistic,2061,0.8753483229188413,10,10,,True
minimum,Logistic,2062,0.9201682160002991,10,10,,True
minimum,Logistic,2063,0.9666768133708787,10,10,,True
minimum,Logistic,2064,1.014872763008164,10,10,,True
minimum,Logistic,2065,1.0647471280917002,10,10,,True
minimum,Logistic,2066,1.1162828086944852,10,10,,True
minimum,Logistic,2067,1.1694539980301075,10,10,,True
minimum,Logistic,2068,1.2242256861509457,10,10,,True
minimum,Logistic,2069,1.2805532246812839,10,10,,True
minimum,Logistic,2070,1.3383819665494028,10,10,,True
minimum,Logistic,2071,1.3976469946760193,10,10,,True
minimum,Logistic,2072,1.458272953103963,10,10,,True
minimum,Logistic,2073,1.5201739930406926,10,10,,True
minimum,Logistic,2074,1.5832538446653923,10,10,,True
minimum,Logistic,2075,1.6474060232755725,10,10,,True
minimum,Logistic,2076,1.7125141753861173,10,10,,True
minimum,Logistic,2077,1.77845256674803,10,10,,True
minimum,Logistic,2078,1.8450867099628783,10,10,,True
minimum,Logistic,2079,1.9122741245139707,10,10,,True
minimum,Logistic,2080,1.9798652167472197,10,10,,True
minimum,Logistic,2081,2.047704261796457,10,10,,True
minimum,Logistic,2082,2.1156304638949943,10,10,,True
minimum,Logistic,2083,2.1834790662319867,10,10,,True
minimum,Logistic,2084,2.2510824768239717,10,10,,True
minimum,Logistic,2085,2.3182713731320503,10,10,,True
minimum,Logistic,2086,2.3848757457263874,10,10,,True
minimum,Logistic,2087,2.450725840531367,10,10,,True
minimum,Logistic,2088,2.515652960385769,10,10,,True
minimum,Logistic,2089,2.579490090061889,10,10,,True
minimum,Logistic,2090,2.642072314645311,10,10,,True
minimum,Logistic,2091,2.7032370092959765,10,10,,True
minimum,Logistic,2092,2.762823788755254,10,10,,True
minimum,Logistic,2093,2.8206742172337274,10,10,,True
minimum,Logistic,2094,2.876631293044645,10,10,,True
minimum,Logistic,2095,2.9305387369153992,10,10,,True
minimum,Logistic,2096,2.982240127556619,10,10,,True
minimum,Logistic,2097,3.0315779419403306,10,10,,True
minimum,Logistic,2098,3.0783925699308323,10,10,,True
minimum,Logistic,2099,3.1225213825290306,10,10,,True
minimum,Logistic,2100,3.1637979392093043,10,10,,True
minimum,Logistic,2101,3.2020514219592213,10,10,,True
minimum,Logistic,2102,3.2371063811817975,10,10,,True
minimum,Logistic,2103,3.2687828713342193,10,10,,True
minimum,Logistic,2104,3.2968970420774055,10,10,,True
minimum,Logistic,2105,3.3212622341085973,10,10,,True
minimum,Logistic,2106,3.3416906083400235,10,10,,True
minimum,Logistic,2107,3.3579953135263567,10,10,,True
minimum,Logistic,2108,3.3699931719054335,10,10,,True
minimum,Logistic,2109,3.3775078361334074,10,10,,True
minimum,Logistic,2110,3.380373345093124,10,10,,True
minimum,Logistic,2111,3.378437982377833,10,10,,True
minimum,Logistic,2112,3.371568320692092,10,10,,True
minimum,Logistic,2113,3.3596533192333387,10,10,,True
minimum,Logistic,2114,3.3426083302973058,10,10,,True
minimum,Logistic,2115,3.320378866619903,10,10,,True
minimum,Logistic,2116,3.2929439827702383,10,10,,True
minimum,Logistic,2117,3.2603191323657845,10,10,,True
minimum,Logistic,2118,3.2225583777739057,10,10,,True
minimum,Logistic,2119,3.1797558497356024,10,10,,True
minimum,Logistic,2120,3.1320463801131746,10,10,,True
minimum,Logistic,2121,3.0796052605494393,10,10,,True
minimum,Logistic,2122,3.0226471118234897,10,10,,True
minimum,Logistic,2123,2.9614238815284155,10,10,,True
minimum,Logistic,2124,2.896222019743645,10,10,,True
minimum,Logistic,2125,2.827358912025538,10,10,,True
minimum,Logistic,2126,2.7551786748299736,10,10,,True
minimum,Logistic,2127,2.6800474391817515,10,10,,True
minimum,Logistic,2128,2.6023482631081767,10,10,,True
minimum,Logistic,2129,2.522475821525755,10,10,,True
minimum,Logistic,2130,2.44083102378123,10,10,,True
minimum,Logistic,2131,2.3578157041719825,10,10,,True
minimum,Logistic,2132,2.273827520137978,10,10,,True
minimum,Logistic,2133,2.189255177356159,10,10,,True
minimum,Logistic,2134,2.104474081817934,10,10,,True
minimum,Logistic,2135,2.019842497386421,10,10,,True
minimum,Logistic,2136,1.9356982645875962,10,10,,True
minimum,Logistic,2137,1.8523561136950857,10,10,,True
minimum,Logistic,2138,1.7701055835880102,10,10,,True
minimum,Logistic,2139,1.689209538267455,10,10,,True
minimum,Logistic,2140,1.6099032559579332,10,10,,True
minimum,Logistic,2141,1.5323940518105146,10,10,,True
minimum,Logistic,2142,1.4568613845546008,10,10,,True
minimum,Logistic,2143,1.3834573900068672,10,10,,True
minimum,Logistic,2144,1.3123077799638396,10,10,,True
minimum,Logistic,2145,1.243513043378967,10,10,,True
minimum,Logistic,2146,1.1771498874704043,10,10,,True
minimum,Logistic,2147,1.1132728590906684,10,10,,True
minimum,Logistic,2148,1.0519160908691678,10,10,,True
minimum,Logistic,2149,0.9930951218836386,10,10,,True
minimum,Logistic,2150,0.9368087485318175,10,10,,True
minimum,Logistic,2151,0.8830408675141761,10,10,,True
minimum,Logistic,2152,0.8317622791125213,10,10,,True
minimum,Logistic,2153,0.7829324250264569,10,10,,True
minimum,Logistic,2154,0.7365010407364991,10,10,,True
minimum,Logistic,2155,0.69240970757734,10,10,,True
minimum,Logistic,2156,0.6505932943525436,10,10,,True
minimum,Logistic,2157,0.6109812823665435,10,10,,True
minimum,Logistic,2158,0.5734989711863183,10,10,,True
minimum,Logistic,2159,0.5380685652928368,10,10,,True
minimum,Logistic,2160,0.5046101440778674,10,10,,True
minimum,Logistic,2161,0.4730425194330467,10,10,,True
minimum,Logistic,2162,0.4432839865203932,10,10,,True
minimum,Logistic,2163,0.41525297426399216,10,10,,True
minimum,Logistic,2164,0.38886860271934776,10,10,,True
minimum,Logistic,2165,0.3640511548145251,10,10,,True
minimum,Logistic,2166,0.3407224700672963,10,10,,True
minimum,Logistic,2167,0.31880626781112364,10,10,,True
minimum,Logistic,2168,0.2982284072512835,10,10,,True
minimum,Logistic,2169,0.27891709135610027,10,10,,True
minimum,Logistic,2170,0.2608030211978443,10,10,,True
minimum,Logistic,2171,0.24381950691818755,10,10,,True
minimum,Logistic,2172,0.2279025410254607,10,10,,True
minimum,Logistic,2173,0.212990839251612,10,10,,True
minimum,Logistic,2174,0.1990258537189446,10,10,,True
minimum,Logistic,2175,0.18595176270036137,10,10,,True
minimum,Logistic,2176,0.17371544080930573,10,10,,True
minimum,Logistic,2177,0.16226641303201453,10,10,,True
minimum,Logistic,2178,0.15155679561848712,10,10,,True
minimum,Logistic,2179,0.14154122648166792,10,10,,True
minimum,Gompertz,2030,0.19691618124794322,10,10,,True
minimum,Gompertz,2031,0.20853665356937148,10,10,,True
minimum,Gompertz,2032,0.22053150279681102,10,10,,True
minimum,Gompertz,2033,0.23289391719886424,10,10,,True
minimum,Gompertz,2034,0.24561607559016524,10,10,,True
minimum,Gompertz,2035,0.25868917532816654,10,10,,True
minimum,Gompertz,2036,0.2721034649188311,10,10,,True
minimum,Gompertz,2037,0.2858482809117068,10,10,,True
minimum,Gompertz,2038,0.2999120887415029,10,10,,True
minimum,Gompertz,2039,0.3142825271542564,10,10,,True
minimum,Gompertz,2040,0.3289464558414408,10,10,,True
minimum,Gompertz,2041,0.34389000589486135,10,10,,True
minimum,Gompertz,2042,0.35909863268875747,10,10,,True
minimum,Gompertz,2043,0.3745571707930366,10,10,,True
minimum,Gompertz,2044,0.3902498905227798,10,10,,True
minimum,Gompertz,2045,0.40616055573385557,10,10,,True
minimum,Gompertz,2046,0.42227248248238514,10,10,,True
minimum,Gompertz,2047,0.4385685981766452,10,10,,True
minimum,Gompertz,2048,0.4550315008634671,10,10,,True
minimum,Gompertz,2049,0.4716435183069968,10,10,,True
minimum,Gompertz,2050,0.4883867665354984,10,10,,True
minimum,Gompertz,2051,0.5052432075514155,10,10,,True
minimum,Gompertz,2052,0.5221947059208338,10,10,,True
minimum,Gompertz,2053,0.5392230839805172,10,10,,True
minimum,Gompertz,2054,0.5563101754235427,10,10,,True
minimum,Gompertz,2055,0.5734378770479405,10,10,,True
minimum,Gompertz,2056,0.5905881984764179,10,10,,True
minimum,Gompertz,2057,0.607743309678953,10,10,,True
minimum,Gompertz,2058,0.6248855861535711,10,10,,True
minimum,Gompertz,2059,0.6419976516437607,10,10,,True
minimum,Gompertz,2060,0.6590624182935564,10,10,,True
minimum,Gompertz,2061,0.676063124163176,10,10,,True
minimum,Gompertz,2062,0.6929833680490637,10,10,,True
minimum,Gompertz,2063,0.7098071415722008,10,10,,True
minimum,Gompertz,2064,0.7265188585174389,10,10,,True
minimum,Gompertz,2065,0.7431033814243538,10,10,,True
minimum,Gompertz,2066,0.7595460454466275,10,10,,True
minimum,Gompertz,2067,0.7758326795121947,10,10,,True
minimum,Gompertz,2068,0.7919496248303226,10,10,,True
minimum,Gompertz,2069,0.8078837508044078,10,10,,True
minimum,Gompertz,2070,0.8236224684205682,10,10,,True
minimum,Gompertz,2071,0.839153741192102,10,10,,True
minimum,Gompertz,2072,0.8544660937486012,10,10,,True
minimum,Gompertz,2073,0.8695486181659688,10,10,,True
minimum,Gompertz,2074,0.8843909781398583,10,10,,True
minimum,Gompertz,2075,0.8989834111101529,10,10,,True
minimum,Gompertz,2076,0.9133167284481141,10,10,,True
minimum,Gompertz,2077,0.927382313820795,10,10,,True
minimum,Gompertz,2078,0.9411721198492997,10,10,,True
minimum,Gompertz,2079,0.9546786631785582,10,10,,True
minimum,Gompertz,2080,0.9678950180765179,10,10,,True
minimum,Gompertz,2081,0.9808148086801275,10,10,,True
minimum,Gompertz,2082,0.9934322000042466,10,10,,True
minimum,Gompertz,2083,1.0057418878277558,10,10,,True
minimum,Gompertz,2084,1.0177390875687018,10,10,,True
minimum,Gompertz,2085,1.0294195222573856,10,10,,True
minimum,Gompertz,2086,1.0407794097129337,10,10,,True
minimum,Gompertz,2087,1.0518154490251577,10,10,,True
minimum,Gompertz,2088,1.0625248064394528,10,10,,True
minimum,Gompertz,2089,1.0729051007381807,10,10,,True
minimum,Gompertz,2090,1.082954388207469,10,10,,True
minimum,Gompertz,2091,1.092671147273688,10,10,,True
minimum,Gompertz,2092,1.1020542628890935,10,10,,True
minimum,Gompertz,2093,1.1111030107412776,10,10,,True
minimum,Gompertz,2094,1.1198170413561959,10,10,,True
minimum,Gompertz,2095,1.1281963641596746,10,10,,True
minimum,Gompertz,2096,1.1362413315574786,10,10,,True
minimum,Gompertz,2097,1.1439526230892574,10,10,,True
minimum,Gompertz,2098,1.1513312297070208,10,10,,True
minimum,Gompertz,2099,1.1583784382242495,10,10,,True
minimum,Gompertz,2100,1.1650958159773181,10,10,,True
minimum,Gompertz,2101,1.1714851957366517,10,10,,True
minimum,Gompertz,2102,1.1775486609009203,10,10,,True
minimum,Gompertz,2103,1.1832885310036554,10,10,,True
minimum,Gompertz,2104,1.188707347557919,10,10,,True
minimum,Gompertz,2105,1.193807860261101,10,10,,True
minimum,Gompertz,2106,1.1985930135785556,10,10,,True
minimum,Gompertz,2107,1.2030659337216192,10,10,,True
minimum,Gompertz,2108,1.20722991603259,10,10,,True
minimum,Gompertz,2109,1.211088412786466,10,10,,True
minimum,Gompertz,2110,1.214645021416676,10,10,,True
minimum,Gompertz,2111,1.2179034731696392,10,10,,True
minimum,Gompertz,2112,1.220867622190813,10,10,,True
minimum,Gompertz,2113,1.2235414350428588,10,10,,True
minimum,Gompertz,2114,1.2259289806547393,10,10,,True
minimum,Gompertz,2115,1.2280344206988885,10,10,,True
minimum,Gompertz,2116,1.2298620003921115,10,10,,True
minimum,Gompertz,2117,1.2314160397145266,10,10,,True
minimum,Gompertz,2118,1.232700925039679,10,10,,True
minimum,Gompertz,2119,1.233721101167917,10,10,,True
minimum,Gompertz,2120,1.2344810637542083,10,10,,True
minimum,Gompertz,2121,1.2349853521207974,10,10,,True
minimum,Gompertz,2122,1.2352385424444428,10,10,,True
minimum,Gompertz,2123,1.2352452413074286,10,10,,True
minimum,Gompertz,2124,1.2350100796010912,10,10,,True
minimum,Gompertz,2125,1.2345377067702585,10,10,,True
minimum,Gompertz,2126,1.2338327853867415,10,10,,True
minimum,Gompertz,2127,1.2328999860398264,10,10,,True
minimum,Gompertz,2128,1.2317439825316252,10,10,,True
minimum,Gompertz,2129,1.2303694473650952,10,10,,True
minimum,Gompertz,2130,1.2287810475125625,10,10,,True
minimum,Gompertz,2131,1.2269834404526692,10,10,,True
minimum,Gompertz,2132,1.2249812704637817,10,10,,True
minimum,Gompertz,2133,1.2227791651620776,10,10,,True
minimum,Gompertz,2134,1.2203817322727288,10,10,,True
minimum,Gompertz,2135,1.2177935566228493,10,10,,True
minimum,Gompertz,2136,1.2150191973451367,10,10,,True
minimum,Gompertz,2137,1.2120631852814423,10,10,,True
minimum,Gompertz,2138,1.2089300205758098,10,10,,True
minimum,Gompertz,2139,1.205624170446859,10,10,,True
minimum,Gompertz,2140,1.202150067129737,10,10,,True
minimum,Gompertz,2141,1.1985121059782073,10,10,,True
minimum,Gompertz,2142,1.1947146437178182,10,10,,True
minimum,Gompertz,2143,1.1907619968414485,10,10,,True
minimum,Gompertz,2144,1.1866584401389013,10,10,,True
minimum,Gompertz,2145,1.1824082053525868,10,10,,True
minimum,Gompertz,2146,1.178015479951693,10,10,,True
minimum,Gompertz,2147,1.1734844060176175,10,10,,True
minimum,Gompertz,2148,1.168819079233775,10,10,,True
minimum,Gompertz,2149,1.1640235479732641,10,10,,True
minimum,Gompertz,2150,1.1591018124782018,10,10,,True
minimum,Gompertz,2151,1.1540578241248827,10,10,,True
minimum,Gompertz,2152,1.1488954847692372,10,10,,True
minimum,Gompertz,2153,1.143618646167379,10,10,,True
minimum,Gompertz,2154,1.1382311094663387,10,10,,True
minimum,Gompertz,2155,1.1327366247603714,10,10,,True
minimum,Gompertz,2156,1.1271388907085105,10,10,,True
minimum,Gompertz,2157,1.121441554209302,10,10,,True
minimum,Gompertz,2158,1.1156482101289265,10,10,,True
minimum,Gompertz,2159,1.1097624010791476,10,10,,True
minimum,Gompertz,2160,1.1037876172417673,10,10,,True
minimum,Gompertz,2161,1.097727296236494,10,10,,True
minimum,Gompertz,2162,1.0915848230293341,10,10,,True
minimum,Gompertz,2163,1.08536352987882,10,10,,True
minimum,Gompertz,2164,1.0790666963175808,10,10,,True
minimum,Gompertz,2165,1.0726975491669313,10,10,,True
minimum,Gompertz,2166,1.0662592625823273,10,10,,True
minimum,Gompertz,2167,1.059754958127693,10,10,,True
minimum,Gompertz,2168,1.0531877048767662,10,10,,True
minimum,Gompertz,2169,1.0465605195397534,10,10,,True
minimum,Gompertz,2170,1.0398763666137048,10,10,,True
minimum,Gompertz,2171,1.0331381585551476,10,10,,True
minimum,Gompertz,2172,1.026348755973618,10,10,,True
minimum,Gompertz,2173,1.01951096784484,10,10,,True
minimum,Gompertz,2174,1.0126275517423946,10,10,,True
minimum,Gompertz,2175,1.0057012140868,10,10,,True
minimum,Gompertz,2176,0.9987346104110225,10,10,,True
minimum,Gompertz,2177,0.9917303456414917,10,10,,True
minimum,Gompertz,2178,0.984690974393774,10,10,,True
minimum,Gompertz,2179,0.9776190012821177,10,10,,True
maximum,Logistic,2030,0.37828739682416657,10,10,,True
maximum,Logistic,2031,0.43846355965961126,10,10,,True
maximum,Logistic,2032,0.5082317839978538,10,10,,True
maximum,Logistic,2033,0.5891241033998889,10,10,,True
maximum,Logistic,2034,0.6829175731712879,10,10,,True
maximum,Logistic,2035,0.7916734261735512,10,10,,True
maximum,Logistic,2036,0.917782447104186,10,10,,True
maximum,Logistic,2037,1.0640175339848776,10,10,,True
maximum,Logistic,2038,1.2335945589433241,10,10,,True
maximum,Logistic,2039,1.4302428020701234,10,10,,True
maximum,Logistic,2040,1.6582864134349744,10,10,,True
maximum,Logistic,2041,1.9227385601319589,10,10,,True
maximum,Logistic,2042,2.2294101377314255,10,10,,True
maximum,Logistic,2043,2.5850351679953367,10,10,,True
maximum,Logistic,2044,2.9974152649352184,10,10,,True
maximum,Logistic,2045,3.4755858248882148,10,10,,True
maximum,Logistic,2046,4.030006875859392,10,10,,True
maximum,Logistic,2047,4.672781795322518,10,10,,True
maximum,Logistic,2048,5.4179073566321705,10,10,,True
maximum,Logistic,2049,6.281558767078903,10,10,,True
maximum,Logistic,2050,7.282413480037302,10,10,,True
maximum,Logistic,2051,8.442017550783303,10,10,,True
maximum,Logistic,2052,9.785198094227566,10,10,,True
maximum,Logistic,2053,11.340524904909968,10,10,,True
maximum,Logistic,2054,13.140823399759388,10,10,,True
maximum,Logistic,2055,15.223739593958529,10,10,,True
maximum,Logistic,2056,17.632355632594784,10,10,,True
maximum,Logistic,2057,20.415851244732615,10,10,,True
maximum,Logistic,2058,23.630202084797105,10,10,,True
maximum,Logistic,2059,27.338899956643463,10,10,,True
maximum,Logistic,2060,31.613672020698456,10,10,,True
maximum,Logistic,2061,36.53516589149569,10,10,,True
maximum,Logistic,2062,42.193554691852626,10,10,,True
maximum,Logistic,2063,48.689000373855336,10,10,,True
maximum,Logistic,2064,56.13189485018043,10,10,,True
maximum,Logistic,2065,64.64277689816927,10,10,,True
maximum,Logistic,2066,74.35179904135437,10,10,,True
maximum,Logistic,2067,85.39759392836166,10,10,,True
maximum,Logistic,2068,97.92536614533736,10,10,,True
maximum,Logistic,2069,112.08401584963535,10,10,,True
maximum,Logistic,2070,128.022088984336,10,10,,True
maximum,Logistic,2071,145.88234988529652,10,10,,True
maximum,Logistic,2072,165.79479126921106,10,10,,True
maximum,Logistic,2073,187.86793980327928,10,10,,True
maximum,Logistic,2074,212.1783890443713,10,10,,True
maximum,Logistic,2075,238.75860271780942,10,10,,True
maximum,Logistic,2076,267.5831893738522,10,10,,True
maximum,Logistic,2077,298.554067534976,10,10,,True
maximum,Logistic,2078,331.4852366170763,10,10,,True
maximum,Logistic,2079,366.08826390364857,10,10,,True
maximum,Logistic,2080,401.9601046995035,10,10,,True
maximum,Logistic,2081,438.57547360159407,10,10,,True
maximum,Logistic,2082,475.2865937242524,10,10,,True
maximum,Logistic,2083,511.33357259199653,10,10,,True
maximum,Logistic,2084,545.8685656176021,10,10,,True
maximum,Logistic,2085,577.9958885966058,10,10,,True
maximum,Logistic,2086,606.8280027190068,10,10,,True
maximum,Logistic,2087,631.5538222335506,10,10,,True
maximum,Logistic,2088,651.5116728871785,10,10,,True
maximum,Logistic,2089,666.2556893053375,10,10,,True
maximum,Logistic,2090,675.6030376189772,10,10,,True
maximum,Logistic,2091,679.6512757619789,10,10,,True
maximum,Logistic,2092,678.7604919037753,10,10,,True
maximum,Logistic,2093,673.5022403728863,10,10,,True
maximum,Logistic,2094,664.584398650112,10,10,,True
maximum,Logistic,2095,652.7656313082057,10,10,,True
maximum,Logistic,2096,638.7739663858783,10,10,,True
maximum,Logistic,2097,623.2413274682857,10,10,,True
maximum,Logistic,2098,606.661084349589,10,10,,True
maximum,Logistic,2099,589.37048176021,10,10,,True
maximum,Logistic,2100,571.5555151268545,10,10,,True
maximum,Logistic,2101,553.2731043696534,10,10,,True
maximum,Logistic,2102,534.4843052272272,10,10,,True
maximum,Logistic,2103,515.0924404034058,10,10,,True
maximum,Logistic,2104,494.980945139827,10,10,,True
maximum,Logistic,2105,474.04696418210426,10,10,,True
maximum,Logistic,2106,452.2280048464173,10,10,,True
maximum,Logistic,2107,429.5200926392687,10,10,,True
maximum,Logistic,2108,405.9868618298835,10,10,,True
maximum,Logistic,2109,381.75987397194774,10,10,,True
maximum,Logistic,2110,357.0312183436754,10,10,,True
maximum,Logistic,2111,332.0400895260851,10,10,,True
maximum,Logistic,2112,307.05549223774887,10,10,,True
maximum,Logistic,2113,282.3574137401503,10,10,,True
maximum,Logistic,2114,258.2186863093118,10,10,,True
maximum,Logistic,2115,234.8893592486208,10,10,,True
maximum,Logistic,2116,212.58480050803232,10,10,,True
maximum,Logistic,2117,191.47807885268156,10,10,,True
maximum,Logistic,2118,171.69656360976836,10,10,,True
maximum,Logistic,2119,153.32221072573472,10,10,,True
maximum,Logistic,2120,136.3947219966475,10,10,,True
maximum,Logistic,2121,120.91666324906717,10,10,,True
maximum,Logistic,2122,106.85966968490332,10,10,,True
maximum,Logistic,2123,94.1710017757931,10,10,,True
maximum,Logistic,2124,82.77989366787398,10,10,,True
maximum,Logistic,2125,72.60331916860324,10,10,,True
maximum,Logistic,2126,63.55096279683266,10,10,,True
maximum,Logistic,2127,55.529312515202086,10,10,,True
maximum,Logistic,2128,48.44488366813034,10,10,,True
maximum,Logistic,2129,42.20664343036397,10,10,,True
maximum,Logistic,2130,36.72773785987744,10,10,,True
maximum,Logistic,2131,31.926636399340264,10,10,,True
maximum,Logistic,2132,27.727807834717197,10,10,,True
maximum,Logistic,2133,24.06203260984087,10,10,,True
maximum,Logistic,2134,20.866443010536667,10,10,,True
maximum,Logistic,2135,18.084367850051553,10,10,,True
maximum,Logistic,2136,15.665043683940304,10,10,,True
maximum,Logistic,2137,13.563241273520081,10,10,,True
maximum,Logistic,2138,11.738844485516744,10,10,,True
maximum,Logistic,2139,10.156409195811593,10,10,,True
maximum,Logistic,2140,8.784721981276013,10,10,,True
maximum,Logistic,2141,7.596372247437987,10,10,,True
maximum,Logistic,2142,6.567346715814998,10,10,,True
maximum,Logistic,2143,5.676651640647267,10,10,,True
maximum,Logistic,2144,4.905965513803829,10,10,,True
maximum,Logistic,2145,4.239323148812077,10,10,,True
maximum,Logistic,2146,3.6628307411352288,10,10,,True
maximum,Logistic,2147,3.164410642993525,10,10,,True
maximum,Logistic,2148,2.7335740557932664,10,10,,True
maximum,Logistic,2149,2.3612195439568824,10,10,,True
maximum,Logistic,2150,2.039455143011087,10,10,,True
maximum,Logistic,2151,1.7614418206611475,10,10,,True
maximum,Logistic,2152,1.5212561137324323,10,10,,True
maximum,Logistic,2153,1.3137698778285225,10,10,,True
maximum,Logistic,2154,1.1345452297421057,10,10,,True
maximum,Logistic,2155,0.979742920354179,10,10,,True
maximum,Logistic,2156,0.846042537772272,10,10,,True
maximum,Logistic,2157,0.7305730999213585,10,10,,True
maximum,Logistic,2158,0.6308527482391317,10,10,,True
maximum,Logistic,2159,0.5447363968863186,10,10,,True
maximum,Logistic,2160,0.4703703234924761,10,10,,True
maximum,Logistic,2161,0.4061528073881104,10,10,,True
maximum,Logistic,2162,0.35070002951724144,10,10,,True
maximum,Logistic,2163,0.30281654522167056,10,10,,True
maximum,Logistic,2164,0.2614697274635876,10,10,,True
maximum,Logistic,2165,0.22576765460474424,10,10,,True
maximum,Logistic,2166,0.19493998442750304,10,10,,True
maximum,Logistic,2167,0.16832141551589877,10,10,,True
maximum,Logistic,2168,0.14533738923964187,10,10,,True
maximum,Logistic,2169,0.1254917312130564,10,10,,True
maximum,Logistic,2170,0.10835597093298918,10,10,,True
maximum,Logistic,2171,0.09356011303836753,10,10,,True
maximum,Logistic,2172,0.0807846638662033,10,10,,True
maximum,Logistic,2173,0.06975374328410693,10,10,,True
maximum,Logistic,2174,0.06022913460889006,10,10,,True
maximum,Logistic,2175,0.0520051452417053,10,10,,True
maximum,Logistic,2176,0.0449041678490504,10,10,,True
maximum,Logistic,2177,0.038772846806090534,10,10,,True
maximum,Logistic,2178,0.033478767519286086,10,10,,True
maximum,Logistic,2179,0.028907597429286433,10,10,,True
maximum,Gompertz,2030,0.4995875960963449,10,10,,True
maximum,Gompertz,2031,0.5920631285486244,10,10,,True
maximum,Gompertz,2032,0.6986314693738731,10,10,,True
maximum,Gompertz,2033,0.8209080898292836,10,10,,True
maximum,Gompertz,2034,0.9606142558755004,10,10,,True
maximum,Gompertz,2035,1.1195739151134612,10,10,,True
maximum,Gompertz,2036,1.2997092640420487,10,10,,True
maximum,Gompertz,2037,1.5030349739460576,10,10,,True
maximum,Gompertz,2038,1.7316510741049838,10,10,,True
maximum,Gompertz,2039,1.9877345118721848,10,10,,True
maximum,Gompertz,2040,2.273529430056624,10,10,,True
maximum,Gompertz,2041,2.591336222497063,10,10,,True
maximum,Gompertz,2042,2.9434994483216954,10,10,,True
maximum,Gompertz,2043,3.3323947037347965,10,10,,True
maximum,Gompertz,2044,3.760414566906438,10,10,,True
maximum,Gompertz,2045,4.229953746349405,10,10,,True
maximum,Gompertz,2046,4.743393575791228,10,10,,True
maximum,Gompertz,2047,5.303086008788592,10,10,,True
maximum,Gompertz,2048,5.911337274046213,10,10,,True
maximum,Gompertz,2049,6.57039135751315,10,10,,True
maximum,Gompertz,2050,7.282413479815297,10,10,,True
maximum,Gompertz,2051,8.04947373747887,10,10,,True
maximum,Gompertz,2052,8.873531073791932,10,10,,True
maximum,Gompertz,2053,9.75641774017269,10,10,,True
maximum,Gompertz,2054,10.699824401736553,10,10,,True
maximum,Gompertz,2055,11.705286031585025,10,10,,True
maximum,Gompertz,2056,12.774168727410757,10,10,,True
maximum,Gompertz,2057,13.90765757157695,10,10,,True
maximum,Gompertz,2058,15.106745642149718,10,10,,True
maximum,Gompertz,2059,16.372224267710898,10,10,,True
maximum,Gompertz,2060,17.704674603426273,10,10,,True
maximum,Gompertz,2061,19.10446059005686,10,10,,True
maximum,Gompertz,2062,20.571723341634115,10,10,,True
maximum,Gompertz,2063,22.106376991615296,10,10,,True
maximum,Gompertz,2064,23.70810601171648,10,10,,True
maximum,Gompertz,2065,25.376364002491623,10,10,,True
maximum,Gompertz,2066,27.110373940267895,10,10,,True
maximum,Gompertz,2067,28.90912985141741,10,10,,True
maximum,Gompertz,2068,30.77139987227714,10,10,,True
maximum,Gompertz,2069,32.69573064143095,10,10,,True
maximum,Gompertz,2070,34.68045296062415,10,10,,True
maximum,Gompertz,2071,36.72368865135395,10,10,,True
maximum,Gompertz,2072,38.82335852620614,10,10,,True
maximum,Gompertz,2073,40.97719138730848,10,10,,True
maximum,Gompertz,2074,43.182733958841624,10,10,,True
maximum,Gompertz,2075,45.43736165637202,10,10,,True
maximum,Gompertz,2076,47.73829009281136,10,10,,True
maximum,Gompertz,2077,50.08258721901785,10,10,,True
maximum,Gompertz,2078,52.46718599637484,10,10,,True
maximum,Gompertz,2079,54.88889749904361,10,10,,True
maximum,Gompertz,2080,57.344424344911985,10,10,,True
maximum,Gompertz,2081,59.83037435646648,10,10,,True
maximum,Gompertz,2082,62.343274355815154,10,10,,True
maximum,Gompertz,2083,64.87958400179338,10,10,,True
maximum,Gompertz,2084,67.43570958140143,10,10,,True
maximum,Gompertz,2085,70.00801767266505,10,10,,True
maximum,Gompertz,2086,72.59284860128575,10,10,,True
maximum,Gompertz,2087,75.18652961906979,10,10,,True
maximum,Gompertz,2088,77.78538773801498,10,10,,True
maximum,Gompertz,2089,80.38576216000632,10,10,,True
maximum,Gompertz,2090,82.98401624825831,10,10,,True
maximum,Gompertz,2091,85.57654899286771,10,10,,True
maximum,Gompertz,2092,88.15980592904808,10,10,,True
maximum,Gompertz,2093,90.73028947274257,10,10,,True
maximum,Gompertz,2094,93.28456864430859,10,10,,True
maximum,Gompertz,2095,95.81928815678559,10,10,,True
maximum,Gompertz,2096,98.33117685085928,10,10,,True
maximum,Gompertz,2097,100.81705546398618,10,10,,True
maximum,Gompertz,2098,103.27384372621296,10,10,,True
maximum,Gompertz,2099,105.69856677999336,10,10,,True
maximum,Gompertz,2100,108.08836092575282,10,10,,True
maximum,Gompertz,2101,110.44047869906456,10,10,,True
maximum,Gompertz,2102,112.75229328907248,10,10,,True
maximum,Gompertz,2103,115.02130231122095,10,10,,True
maximum,Gompertz,2104,117.24513095042859,10,10,,True
maximum,Gompertz,2105,119.42153449357724,10,10,,True
maximum,Gompertz,2106,121.54840027258005,10,10,,True
maximum,Gompertz,2107,123.62374904135905,10,10,,True
maximum,Gompertz,2108,125.64573581180629,10,10,,True
maximum,Gompertz,2109,127.61265017524246,10,10,,True
maximum,Gompertz,2110,129.52291613703423,10,10,,True
maximum,Gompertz,2111,131.37509149290258,10,10,,True
maximum,Gompertz,2112,133.167866776067,10,10,,True
maximum,Gompertz,2113,134.90006380474108,10,10,,True
maximum,Gompertz,2114,136.57063385964207,10,10,,True
maximum,Gompertz,2115,138.17865552112016,10,10,,True
maximum,Gompertz,2116,139.72333219526755,10,10,,True
maximum,Gompertz,2117,141.20398935795575,10,10,,True
maximum,Gompertz,2118,142.62007154518585,10,10,,True
maximum,Gompertz,2119,143.97113911743975,10,10,,True
maximum,Gompertz,2120,145.2568648249095,10,10,,True
maximum,Gompertz,2121,146.47703019956873,10,10,,True
maximum,Gompertz,2122,147.63152179905492,10,10,,True
maximum,Gompertz,2123,148.72032732626525,10,10,,True
maximum,Gompertz,2124,149.7435316474483,10,10,,True
maximum,Gompertz,2125,150.701312730409,10,10,,True
maximum,Gompertz,2126,151.59393752325076,10,10,,True
maximum,Gompertz,2127,152.4217577928637,10,10,,True
maximum,Gompertz,2128,153.1852059411439,10,10,,True
maximum,Gompertz,2129,153.88479081570532,10,10,,True
maximum,Gompertz,2130,154.52109353062872,10,10,,True
maximum,Gompertz,2131,155.0947633115909,10,10,,True
maximum,Gompertz,2132,155.60651337853895,10,10,,True
maximum,Gompertz,2133,156.05711687792086,10,10,,True
maximum,Gompertz,2134,156.44740287536595,10,10,,True
maximum,Gompertz,2135,156.77825241862368,10,10,,True
maximum,Gompertz,2136,157.05059467952793,10,10,,True
maximum,Gompertz,2137,157.26540318275192,10,10,,True
maximum,Gompertz,2138,157.4236921281656,10,10,,True
maximum,Gompertz,2139,157.52651281269647,10,10,,True
maximum,Gompertz,2140,157.57495015673598,10,10,,True
maximum,Gompertz,2141,157.57011933932097,10,10,,True
maximum,Gompertz,2142,157.51316254555525,10,10,,True
maximum,Gompertz,2143,157.40524582902378,10,10,,True
maximum,Gompertz,2144,157.2475560912836,10,10,,True
maximum,Gompertz,2145,157.04129817989912,10,10,,True
maximum,Gompertz,2146,156.7876921059156,10,10,,True
maximum,Gompertz,2147,156.4879703811398,10,10,,True
maximum,Gompertz,2148,156.143375475113,10,10,,True
maximum,Gompertz,2149,155.75515739122324,10,10,,True
maximum,Gompertz,2150,155.32457136100408,10,10,,True
maximum,Gompertz,2151,154.8528756553076,10,10,,True
maximum,Gompertz,2152,154.34132951071825,10,10,,True
maximum,Gompertz,2153,153.79119116928638,10,10,,True
maximum,Gompertz,2154,153.2037160294081,10,10,,True
maximum,Gompertz,2155,152.5801549054573,10,10,,True
maximum,Gompertz,2156,151.9217523935838,10,10,,True
maximum,Gompertz,2157,151.2297453409286,10,10,,True
maximum,Gompertz,2158,150.50536141536975,10,10,,True
maximum,Gompertz,2159,149.74981777280007,10,10,,True
maximum,Gompertz,2160,148.9643198188467,10,10,,True
maximum,Gompertz,2161,148.1500600618726,10,10,,True
maximum,Gompertz,2162,147.3082170540508,10,10,,True
maximum,Gompertz,2163,146.4399544172668,10,10,,True
maximum,Gompertz,2164,145.5464199505893,10,10,,True
maximum,Gompertz,2165,144.62874481604533,10,10,,True
maximum,Gompertz,2166,143.68804279944598,10,10,,True
maximum,Gompertz,2167,142.72540964303204,10,10,,True
maximum,Gompertz,2168,141.7419224467394,10,10,,True
maximum,Gompertz,2169,140.73863913492767,10,10,,True
maximum,Gompertz,2170,139.71659798546338,10,10,,True
maximum,Gompertz,2171,138.67681721810862,10,10,,True
maximum,Gompertz,2172,137.62029463922605,10,10,,True
maximum,Gompertz,2173,136.54800733988301,10,10,,True
maximum,Gompertz,2174,135.46091144450838,10,10,,True
maximum,Gompertz,2175,134.359941907333,10,10,,True
maximum,Gompertz,2176,133.24601235392515,10,10,,True
maximum,Gompertz,2177,132.1200149652138,10,10,,True
maximum,Gompertz,2178,130.98282040147654,10,10,,True
maximum,Gompertz,2179,129.83527776385483,10,10,,True
growth10,Logistic,2030,0.18500269156128546,10,10,,True
growth10,Logistic,2031,0.19879209829850955,10,10,,True
growth10,Logistic,2032,0.21360357728153792,10,10,,True
growth10,Logistic,2033,0.22951199004460707,10,10,,True
growth10,Logistic,2034,0.2465975424289766,10,10,,True
growth10,Logistic,2035,0.26494614451888443,10,10,,True
growth10,Logistic,2036,0.28464979142825153,10,10,,True
growth10,Logistic,2037,0.30580696559365833,10,10,,True
growth10,Logistic,2038,0.32852306114800894,10,10,,True
growth10,Logistic,2039,0.35291083084441977,10,10,,True
growth10,Logistic,2040,0.3790908558672623,10,10,,True
growth10,Logistic,2041,0.4071920387025171,10,10,,True
growth10,Logistic,2042,0.4373521190376669,10,10,,True
growth10,Logistic,2043,0.4697182124167095,10,10,,True
growth10,Logistic,2044,0.5044473710823268,10,10,,True
growth10,Logistic,2045,0.5417071660879901,10,10,,True
growth10,Logistic,2046,0.5816762893503354,10,10,,True
growth10,Logistic,2047,0.624545173828379,10,10,,True
growth10,Logistic,2048,0.6705166294522769,10,10,,True
growth10,Logistic,2049,0.719806491771007,10,10,,True
growth10,Logistic,2050,0.7726442795356525,10,10,,True
growth10,Logistic,2051,0.8292738565726083,10,10,,True
growth10,Logistic,2052,0.889954092318497,10,10,,True
growth10,Logistic,2053,0.954959514275328,10,10,,True
growth10,Logistic,2054,1.024580944390321,10,10,,True
growth10,Logistic,2055,1.0991261099603604,10,10,,True
growth10,Logistic,2056,1.178920218098108,10,10,,True
growth10,Logistic,2057,1.2643064810691556,10,10,,True
growth10,Logistic,2058,1.3556465779137201,10,10,,True
growth10,Logistic,2059,1.453321035702553,10,10,,True
growth10,Logistic,2060,1.55772951155005,10,10,,True
growth10,Logistic,2061,1.6692909541294239,10,10,,True
growth10,Logistic,2062,1.7884436209244523,10,10,,True
growth10,Logistic,2063,1.9156449248386174,10,10,,True
growth10,Logistic,2064,2.0513710811058816,10,10,,True
growth10,Logistic,2065,2.196116522762114,10,10,,True
growth10,Logistic,2066,2.3503930503125794,10,10,,True
growth10,Logistic,2067,2.514728678757468,10,10,,True
growth10,Logistic,2068,2.6896661429233206,10,10,,True
growth10,Logistic,2069,2.875761020225013,10,10,,True
growth10,Logistic,2070,3.073579428706327,10,10,,True
growth10,Logistic,2071,3.2836952576577816,10,10,,True
growth10,Logistic,2072,3.5066868884935074,10,10,,True
growth10,Logistic,2073,3.743133365113357,10,10,,True
growth10,Logistic,2074,3.9936099759306987,10,10,,True
growth10,Logistic,2075,4.258683214374019,10,10,,True
growth10,Logistic,2076,4.538905091241532,10,10,,True
growth10,Logistic,2077,4.834806781068493,10,10,,True
growth10,Logistic,2078,5.146891595904468,10,10,,True
growth10,Logistic,2079,5.475627293803844,10,10,,True
growth10,Logistic,2080,5.821437746062153,10,10,,True
growth10,Logistic,2081,6.184694006856947,10,10,,True
growth10,Logistic,2082,6.565704851440996,10,10,,True
growth10,Logistic,2083,6.964706874218839,10,10,,True
growth10,Logistic,2084,7.381854265583645,10,10,,True
growth10,Logistic,2085,7.817208415780892,10,10,,True
growth10,Logistic,2086,8.270727524571802,10,10,,True
growth10,Logistic,2087,8.742256426145092,10,10,,True
growth10,Logistic,2088,9.231516868399934,10,10,,True
growth10,Logistic,2089,9.738098513013806,10,10,,True
growth10,Logistic,2090,10.261450946049397,10,10,,True
growth10,Logistic,2091,10.80087700653893,10,10,,True
growth10,Logistic,2092,11.355527750730806,10,10,,True
growth10,Logistic,2093,11.92439937072003,10,10,,True
growth10,Logistic,2094,12.506332376345076,10,10,,True
growth10,Logistic,2095,13.100013327078383,10,10,,True
growth10,Logistic,2096,13.703979365067815,10,10,,True
growth10,Logistic,2097,14.31662575087602,10,10,,True
growth10,Logistic,2098,14.936216539774545,10,10,,True
growth10,Logistic,2099,15.560898459333387,10,10,,True
growth10,Logistic,2100,16.188717959924677,10,10,,True
growth10,Logistic,2101,16.817641310859635,10,10,,True
growth10,Logistic,2102,17.44557750922825,10,10,,True
growth10,Logistic,2103,18.07040365987391,10,10,,True
growth10,Logistic,2104,18.68999237768201,10,10,,True
growth10,Logistic,2105,19.30224066228339,10,10,,True
growth10,Logistic,2106,19.905099605329582,10,10,,True
growth10,Logistic,2107,20.49660421652213,10,10,,True
growth10,Logistic,2108,21.074902600956598,10,10,,True
growth10,Logistic,2109,21.638283690687853,10,10,,True
growth10,Logistic,2110,22.185202730293952,10,10,,True
growth10,Logistic,2111,22.714303740892387,10,10,,True
growth10,Logistic,2112,23.224438239434605,10,10,,True
growth10,Logistic,2113,23.714679568673034,10,10,,True
growth10,Logistic,2114,24.184332295204246,10,10,,True
growth10,Logistic,2115,24.6329362546798,10,10,,True
growth10,Logistic,2116,25.060264960208265,10,10,,True
growth10,Logistic,2117,25.46631823741454,10,10,,True
growth10,Logistic,2118,25.851309102909504,10,10,,True
growth10,Logistic,2119,26.215645057744258,10,10,,True
growth10,Logistic,2120,26.559904120015833,10,10,,True
growth10,Logistic,2121,26.88480606798678,10,10,,True
growth10,Logistic,2122,27.19117950423066,10,10,,True
growth10,Logistic,2123,27.479925480099496,10,10,,True
growth10,Logistic,2124,27.751978535996052,10,10,,True
growth10,Logistic,2125,28.00826611413038,10,10,,True
growth10,Logistic,2126,28.249667383904466,10,10,,True
growth10,Logistic,2127,28.476972582628473,10,10,,True
growth10,Logistic,2128,28.6908440123802,10,10,,True
growth10,Logistic,2129,28.891779843756346,10,10,,True
growth10,Logistic,2130,29.080081855463227,10,10,,True
growth10,Logistic,2131,29.25582818215564,10,10,,True
growth10,Logistic,2132,29.418852049668843,10,10,,True
growth10,Logistic,2133,29.568727346243712,10,10,,True
growth10,Logistic,2134,29.704761711732203,10,10,,True
growth10,Logistic,2135,29.82599762727735,10,10,,True
growth10,Logistic,2136,29.93122176080024,10,10,,True
growth10,Logistic,2137,30.01898257590842,10,10,,True
growth10,Logistic,2138,30.08761595229024,10,10,,True
growth10,Logistic,2139,30.135278304184475,10,10,,True
growth10,Logistic,2140,30.159986430669836,10,10,,True
growth10,Logistic,2141,30.159663097911093,10,10,,True
growth10,Logistic,2142,30.132187149182894,10,10,,True
growth10,Logistic,2143,30.075446772400454,10,10,,True
growth10,Logistic,2144,29.987394434340164,10,10,,True
growth10,Logistic,2145,29.866101921065145,10,10,,True
growth10,Logistic,2146,29.70981390837973,10,10,,True
growth10,Logistic,2147,29.516998525178337,10,10,,True
growth10,Logistic,2148,29.28639346476687,10,10,,True
growth10,Logistic,2149,29.017046340875513,10,10,,True
growth10,Logistic,2150,28.708348170460905,10,10,,True
growth10,Logistic,2151,28.360059087171216,10,10,,True
growth10,Logistic,2152,27.972325638867552,10,10,,True
growth10,Logistic,2153,27.54568929026668,10,10,,True
growth10,Logistic,2154,27.08108602743811,10,10,,True
growth10,Logistic,2155,26.57983723422431,10,10,,True
growth10,Logistic,2156,26.043632271547576,10,10,,True
growth10,Logistic,2157,25.474503429522507,10,10,,True
growth10,Logistic,2158,24.874794130807334,10,10,,True
growth10,Logistic,2159,24.247121434563983,10,10,,True
growth10,Logistic,2160,23.594334018308274,10,10,,True
growth10,Logistic,2161,22.91946689632892,10,10,,True
growth10,Logistic,2162,22.225694166877922,10,10,,True
growth10,Logistic,2163,21.516281066821097,10,10,,True
growth10,Logistic,2164,20.79453655485022,10,10,,True
growth10,Logistic,2165,20.063767547586895,10,10,,True
growth10,Logistic,2166,19.327235803447355,10,10,,True
growth10,Logistic,2167,18.58811829465612,10,10,,True
growth10,Logistic,2168,17.849471736646972,10,10,,True
growth10,Logistic,2169,17.11420176478795,10,10,,True
growth10,Logistic,2170,16.38503706909122,10,10,,True
growth10,Logistic,2171,15.664508625719927,10,10,,True
growth10,Logistic,2172,14.954934005950005,10,10,,True
growth10,Logistic,2173,14.258406603685724,10,10,,True
growth10,Logistic,2174,13.576789505073274,10,10,,True
growth10,Logistic,2175,12.91171363011848,10,10,,True
growth10,Logistic,2176,12.264579707006279,10,10,,True
growth10,Logistic,2177,11.636563594328953,10,10,,True
growth10,Logistic,2178,11.028624442942762,10,10,,True
growth10,Logistic,2179,10.441515185235724,10,10,,True
growth10,Gompertz,2030,0.22440823577892377,10,10,,True
growth10,Gompertz,2031,0.24129978460553084,10,10,,True
growth10,Gompertz,2032,0.2591425760853182,10,10,,True
growth10,Gompertz,2033,0.27796624532422415,10,10,,True
growth10,Gompertz,2034,0.2977998583342182,10,10,,True
growth10,Gompertz,2035,0.31867182057859644,10,10,,True
growth10,Gompertz,2036,0.3406097862648336,10,10,,True
growth10,Gompertz,2037,0.36364056880447737,10,10,,True
growth10,Gompertz,2038,0.38779005285201246,10,10,,True
growth10,Gompertz,2039,0.4130831083243547,10,10,,True
growth10,Gompertz,2040,0.4395435067898166,10,10,,True
growth10,Gompertz,2041,0.4671938406001586,10,10,,True
growth10,Gompertz,2042,0.49605544512189514,10,10,,True
growth10,Gompertz,2043,0.5261483244035351,10,10,,True
growth10,Gompertz,2044,0.5574910805941115,10,10,,True
growth10,Gompertz,2045,0.590100847405407,10,10,,True
growth10,Gompertz,2046,0.6239932278859216,10,10,,True
growth10,Gompertz,2047,0.6591822367490725,10,10,,True
growth10,Gompertz,2048,0.6956802474716052,10,10,,True
growth10,Gompertz,2049,0.7334979443509351,10,10,,True
growth10,Gompertz,2050,0.7726442796823425,10,10,,True
growth10,Gompertz,2051,0.8131264361888642,10,10,,True
growth10,Gompertz,2052,0.8549497948085125,10,10,,True
growth10,Gompertz,2053,0.8981179079153794,10,10,,True
growth10,Gompertz,2054,0.9426324780233657,10,10,,True
growth10,Gompertz,2055,0.9884933419939606,10,10,,True
growth10,Gompertz,2056,1.0356984607428097,10,10,,True
growth10,Gompertz,2057,1.0842439144139298,10,10,,True
growth10,Gompertz,2058,1.1341239029654997,10,10,,True
growth10,Gompertz,2059,1.1853307520872747,10,10,,True
growth10,Gompertz,2060,1.2378549243470152,10,10,,True
growth10,Gompertz,2061,1.2916850354419305,10,10,,True
growth10,Gompertz,2062,1.3468078754111157,10,10,,True
growth10,Gompertz,2063,1.4032084346464213,10,10,,True
growth10,Gompertz,2064,1.4608699345221083,10,10,,True
growth10,Gompertz,2065,1.5197738624481578,10,10,,True
growth10,Gompertz,2066,1.5799000111381507,10,10,,True
growth10,Gompertz,2067,1.6412265218703153,10,10,,True
growth10,Gompertz,2068,1.7037299315095866,10,10,,True
growth10,Gompertz,2069,1.7673852230493994,10,10,,True
growth10,Gompertz,2070,1.832165879424344,10,10,,True
growth10,Gompertz,2071,1.8980439403388378,10,10,,True
growth10,Gompertz,2072,1.9649900618524159,10,10,,True
growth10,Gompertz,2073,2.0329735784592478,10,10,,True
growth10,Gompertz,2074,2.101962567397848,10,10,,True
growth10,Gompertz,2075,2.1719239149266856,10,10,,True
growth10,Gompertz,2076,2.2428233843024366,10,10,,True
growth10,Gompertz,2077,2.3146256851998714,10,10,,True
growth10,Gompertz,2078,2.3872945443157727,10,10,,True
growth10,Gompertz,2079,2.4607927769037437,10,10,,True
growth10,Gompertz,2080,2.5350823589922706,10,10,,True
growth10,Gompertz,2081,2.610124500044739,10,10,,True
growth10,Gompertz,2082,2.6858797158273537,10,10,,True
growth10,Gompertz,2083,2.762307901258874,10,10,,True
growth10,Gompertz,2084,2.839368403024683,10,10,,True
growth10,Gompertz,2085,2.9170200917469598,10,10,,True
growth10,Gompertz,2086,2.9952214335124308,10,10,,True
growth10,Gompertz,2087,3.0739305605693343,10,10,,True
growth10,Gompertz,2088,3.1531053410157504,10,10,,True
growth10,Gompertz,2089,3.23270344731222,10,10,,True
growth10,Gompertz,2090,3.312682423462591,10,10,,True
growth10,Gompertz,2091,3.3929997507181606,10,10,,True
growth10,Gompertz,2092,3.473612911671406,10,10,,True
growth10,Gompertz,2093,3.554479452616832,10,10,,True
growth10,Gompertz,2094,3.6355570440676708,10,10,,True
growth10,Gompertz,2095,3.716803539328255,10,10,,True
growth10,Gompertz,2096,3.7981770310328953,10,10,,True
growth10,Gompertz,2097,3.879635905572832,10,10,,True
growth10,Gompertz,2098,3.961138895343424,10,10,,True
growth10,Gompertz,2099,4.0426451287540095,10,10,,True
growth10,Gompertz,2100,4.124114177952891,10,10,,True
growth10,Gompertz,2101,4.205506104229555,10,10,,True
growth10,Gompertz,2102,4.28678150106556,10,10,,True
growth10,Gompertz,2103,4.367901534814484,10,10,,True
growth10,Gompertz,2104,4.4488279829998545,10,10,,True
growth10,Gompertz,2105,4.52952327022816,10,10,,True
growth10,Gompertz,2106,4.609950501721718,10,10,,True
growth10,Gompertz,2107,4.690073494483527,10,10,,True
growth10,Gompertz,2108,4.769856806113022,10,10,,True
growth10,Gompertz,2109,4.8492657612981205,10,10,,True
growth10,Gompertz,2110,4.9282664760148815,10,10,,True
growth10,Gompertz,2111,5.006825879471651,10,10,,True
growth10,Gompertz,2112,5.084911733839638,10,10,,True
growth10,Gompertz,2113,5.162492651816548,10,10,,True
growth10,Gompertz,2114,5.2395381120741105,10,10,,True
growth10,Gompertz,2115,5.316018472644154,10,10,,True
growth10,Gompertz,2116,5.391904982301285,10,10,,True
growth10,Gompertz,2117,5.467169790003247,10,10,,True
growth10,Gompertz,2118,5.541785952452628,10,10,,True
growth10,Gompertz,2119,5.615727439845853,10,10,,True
growth10,Gompertz,2120,5.68896913987729,10,10,,True
growth10,Gompertz,2121,5.761486860067839,10,10,,True
growth10,Gompertz,2122,5.833257328488568,10,10,,True
growth10,Gompertz,2123,5.904258192950932,10,10,,True
growth10,Gompertz,2124,5.974468018735662,10,10,,True
growth10,Gompertz,2125,6.043866284932739,10,10,,True
growth10,Gompertz,2126,6.112433379465022,10,10,,True
growth10,Gompertz,2127,6.180150592867793,10,10,,True
growth10,Gompertz,2128,6.247000110896205,10,10,,True
growth10,Gompertz,2129,6.312965006031876,10,10,,True
growth10,Gompertz,2130,6.378029227959173,10,10,,True
growth10,Gompertz,2131,6.442177593080626,10,10,,True
growth10,Gompertz,2132,6.505395773139807,10,10,,True
growth10,Gompertz,2133,6.567670283018674,10,10,,True
growth10,Gompertz,2134,6.6289884677749225,10,10,,True
growth10,Gompertz,2135,6.6893384889833305,10,10,,True
growth10,Gompertz,2136,6.748709310443352,10,10,,True
growth10,Gompertz,2137,6.807090683313501,10,10,,True
growth10,Gompertz,2138,6.864473130731154,10,10,,True
growth10,Gompertz,2139,6.920847931974485,10,10,,True
growth10,Gompertz,2140,6.9762071062212785,10,10,,True
growth10,Gompertz,2141,7.030543395957266,10,10,,True
growth10,Gompertz,2142,7.083850250084662,10,10,,True
growth10,Gompertz,2143,7.136121806779345,10,10,,True
growth10,Gompertz,2144,7.187352876143114,10,10,,True
growth10,Gompertz,2145,7.237538922695284,10,10,,True
growth10,Gompertz,2146,7.286676047745719,10,10,,True
growth10,Gompertz,2147,7.334760971689344,10,10,,True
growth10,Gompertz,2148,7.381791016260008,10,10,,True
growth10,Gompertz,2149,7.427764086779504,10,10,,True
growth10,Gompertz,2150,7.472678654435488,10,10,,True
growth10,Gompertz,2151,7.516533738619975,10,10,,True
growth10,Gompertz,2152,7.559328889358127,10,10,,True
growth10,Gompertz,2153,7.601064169855073,10,10,,True
growth10,Gompertz,2154,7.641740139186528,10,10,,True
growth10,Gompertz,2155,7.681357835157232,10,10,,True
growth10,Gompertz,2156,7.719918757349266,10,10,,True
growth10,Gompertz,2157,7.757424850380646,10,10,,True
growth10,Gompertz,2158,7.793878487392803,10,10,,True
growth10,Gompertz,2159,7.829282453783967,10,10,,True
growth10,Gompertz,2160,7.863639931203824,10,10,,True
growth10,Gompertz,2161,7.8969544818232915,10,10,,True
growth10,Gompertz,2162,7.929230032891807,10,10,,True
growth10,Gompertz,2163,7.960470861593054,10,10,,True
growth10,Gompertz,2164,7.990681580208746,10,10,,True
growth10,Gompertz,2165,8.019867121598757,10,10,,True
growth10,Gompertz,2166,8.048032725004678,10,10,,True
growth10,Gompertz,2167,8.075183922182692,10,10,,True
growth10,Gompertz,2168,8.101326523870558,10,10,,True
growth10,Gompertz,2169,8.126466606592423,10,10,,True
growth10,Gompertz,2170,8.150610499804232,10,10,,True
growth10,Gompertz,2171,8.173764773381514,10,10,,True
growth10,Gompertz,2172,8.195936225450486,10,10,,True
growth10,Gompertz,2173,8.217131870562579,10,10,,True
growth10,Gompertz,2174,8.237358928211712,10,10,,True
growth10,Gompertz,2175,8.256624811692951,10,10,,True
growth10,Gompertz,2176,8.274937117300508,10,10,,True
growth10,Gompertz,2177,8.292303613862396,10,10,,True
growth10,Gompertz,2178,8.30873223260856,10,10,,True
growth10,Gompertz,2179,8.324231057368703,10,10,,True
us1gt,Logistic,2030,0.3000266812215219,10,10,,True
us1gt,Logistic,2031,0.3384898172340179,10,10,,True
us1gt,Logistic,2032,0.38206462982545913,10,10,,True
us1gt,Logistic,2033,0.4314553535036153,10,10,,True
us1gt,Logistic,2034,0.4874663971614974,10,10,,True
us1gt,Logistic,2035,0.5510169029002899,10,10,,True
us1gt,Logistic,2036,0.6231574186696908,10,10,,True
us1gt,Logistic,2037,0.7050889759765901,10,10,,True
us1gt,Logistic,2038,0.7981848964232235,10,10,,True
us1gt,Logistic,2039,0.9040156837574899,10,10,,True
us1gt,Logistic,2040,1.0243773898493829,10,10,,True
us1gt,Logistic,2041,1.1613238711152982,10,10,,True
us1gt,Logistic,2042,1.3172033728052526,10,10,,True
us1gt,Logistic,2043,1.494699887057763,10,10,,True
us1gt,Logistic,2044,1.696879719337702,10,10,,True
us1gt,Logistic,2045,1.9272436564615643,10,10,,True
us1gt,Logistic,2046,2.1897850435503385,10,10,,True
us1gt,Logistic,2047,2.4890539272893744,10,10,,True
us1gt,Logistic,2048,2.8302271821864027,10,10,,True
us1gt,Logistic,2049,3.21918416941447,10,10,,True
us1gt,Logistic,2050,3.662586937099081,10,10,,True
us1gt,Logistic,2051,4.167963195083817,10,10,,True
us1gt,Logistic,2052,4.743789207793573,10,10,,True
us1gt,Logistic,2053,5.399568248175482,10,10,,True
us1gt,Logistic,2054,6.145898226775884,10,10,,True
us1gt,Logistic,2055,6.994519420049675,10,10,,True
us1gt,Logistic,2056,7.958329733928934,10,10,,True
us1gt,Logistic,2057,9.05135053599748,10,10,,True
us1gt,Logistic,2058,10.288620723447423,10,10,,True
us1gt,Logistic,2059,11.685990464305844,10,10,,True
us1gt,Logistic,2060,13.259779334964705,10,10,,True
us1gt,Logistic,2061,15.026257227527406,10,10,,True
us1gt,Logistic,2062,17.000901994552063,10,10,,True
us1gt,Logistic,2063,19.19738794305446,10,10,,True
us1gt,Logistic,2064,21.626267874393456,10,10,,True
us1gt,Logistic,2065,24.293333590750546,10,10,,True
us1gt,Logistic,2066,27.19768162325769,10,10,,True
us1gt,Logistic,2067,30.32957755707202,10,10,,True
us1gt,Logistic,2068,33.66830504314135,10,10,,True
us1gt,Logistic,2069,37.18029715433489,10,10,,True
us1gt,Logistic,2070,40.81795701460311,10,10,,True
us1gt,Logistic,2071,44.51964322983859,10,10,,True
us1gt,Logistic,2072,48.21127139198319,10,10,,True
us1gt,Logistic,2073,51.809814958082505,10,10,,True
us1gt,Logistic,2074,55.22865554077319,10,10,,True
us1gt,Logistic,2075,58.38427403860159,10,10,,True
us1gt,Logistic,2076,61.20330813099814,10,10,,True
us1gt,Logistic,2077,63.62870215416851,10,10,,True
us1gt,Logistic,2078,65.62370280750973,10,10,,True
us1gt,Logistic,2079,67.17286697775471,10,10,,True
us1gt,Logistic,2080,68.27994767123754,10,10,,True
us1gt,Logistic,2081,68.96328039445211,10,10,,True
us1gt,Logistic,2082,69.24984569859528,10,10,,True
us1gt,Logistic,2083,69.16936536867576,10,10,,True
us1gt,Logistic,2084,68.74958834668709,10,10,,True
us1gt,Logistic,2085,68.01346355552691,10,10,,True
us1gt,Logistic,2086,66.97836365054944,10,10,,True
us1gt,Logistic,2087,65.65707377434745,10,10,,True
us1gt,Logistic,2088,64.05997798527268,10,10,,True
us1gt,Logistic,2089,62.19777529810488,10,10,,True
us1gt,Logistic,2090,60.08410209262394,10,10,,True
us1gt,Logistic,2091,57.73757589464286,10,10,,True
us1gt,Logistic,2092,55.182958506594275,10,10,,True
us1gt,Logistic,2093,52.45132666317684,10,10,,True
us1gt,Logistic,2094,49.57930907093707,10,10,,True
us1gt,Logistic,2095,46.60758110734705,10,10,,True
us1gt,Logistic,2096,43.578890576281196,10,10,,True
us1gt,Logistic,2097,40.5359152367499,10,10,,True
us1gt,Logistic,2098,37.51922951591547,10,10,,True
us1gt,Logistic,2099,34.565596236319806,10,10,,True
us1gt,Logistic,2100,31.706716925515575,10,10,,True
us1gt,Logistic,2101,28.96848969617112,10,10,,True
us1gt,Logistic,2102,26.370751642726283,10,10,,True
us1gt,Logistic,2103,23.92743196580073,10,10,,True
us1gt,Logistic,2104,21.64701491926516,10,10,,True
us1gt,Logistic,2105,19.533205423450795,10,10,,True
us1gt,Logistic,2106,17.585699193456787,10,10,,True
us1gt,Logistic,2107,15.800977161054234,10,10,,True
us1gt,Logistic,2108,14.173065270622676,10,10,,True
us1gt,Logistic,2109,12.694221377381542,10,10,,True
us1gt,Logistic,2110,11.355528586311081,10,10,,True
us1gt,Logistic,2111,10.147387938526139,10,10,,True
us1gt,Logistic,2112,9.059912839486673,10,10,,True
us1gt,Logistic,2113,8.083233549101276,10,10,,True
us1gt,Logistic,2114,7.2077231735630205,10,10,,True
us1gt,Logistic,2115,6.424157693102784,10,10,,True
us1gt,Logistic,2116,5.723822315801871,10,10,,True
us1gt,Logistic,2117,5.098575410561471,10,10,,True
us1gt,Logistic,2118,4.540879841207014,10,10,,True
us1gt,Logistic,2119,4.043809968995396,10,10,,True
us1gt,Logistic,2120,3.6010410811894102,10,10,,True
us1gt,Logistic,2121,3.2068266329156114,10,10,,True
us1gt,Logistic,2122,2.855967501064967,10,10,,True
us1gt,Logistic,2123,2.543776452621396,10,10,,True
us1gt,Logistic,2124,2.266040216308018,10,10,,True
us1gt,Logistic,2125,2.018980896634636,10,10,,True
us1gt,Logistic,2126,1.799217960114975,10,10,,True
us1gt,Logistic,2127,1.6037316310735108,10,10,,True
us1gt,Logistic,2128,1.429828237208734,10,10,,True
us1gt,Logistic,2129,1.2751078236886413,10,10,,True
us1gt,Logistic,2130,1.1374341927082328,10,10,,True
us1gt,Logistic,2131,1.0149074096713528,10,10,,True
us1gt,Logistic,2132,0.905838736584419,10,10,,True
us1gt,Logistic,2133,0.8087278992067938,10,10,,True
us1gt,Logistic,2134,0.7222425602016009,10,10,,True
us1gt,Logistic,2135,0.645199850708151,10,10,,True
us1gt,Logistic,2136,0.5765498033727953,10,10,,True
us1gt,Logistic,2137,0.5153605278681272,10,10,,True
us1gt,Logistic,2138,0.4608049729938833,10,10,,True
us1gt,Logistic,2139,0.4121491258709356,10,10,,True
us1gt,Logistic,2140,0.3687415072590498,10,10,,True
us1gt,Logistic,2141,0.3300038317230344,10,10,,True
us1gt,Logistic,2142,0.29542271159786476,10,10,,True
us1gt,Logistic,2143,0.2645422939952831,10,10,,True
us1gt,Logistic,2144,0.23695773014544033,10,10,,True
us1gt,Logistic,2145,0.21230938597081545,10,10,,True
us1gt,Logistic,2146,0.19027771182327358,10,10,,True
us1gt,Logistic,2147,0.17057869770767248,10,10,,True
us1gt,Logistic,2148,0.15295984804047605,10,10,,True
us1gt,Logistic,2149,0.13719661704943031,10,10,,True
us1gt,Logistic,2150,0.12308925232774665,10,10,,True
us1gt,Logistic,2151,0.11045999984609359,10,10,,True
us1gt,Logistic,2152,0.0991506289353123,10,10,,True
us1gt,Logistic,2153,0.08902024042503216,10,10,,True
us1gt,Logistic,2154,0.07994332530043043,10,10,,True
us1gt,Logistic,2155,0.07180804496897529,10,10,,True
us1gt,Logistic,2156,0.0645147075451373,10,10,,True
us1gt,Logistic,2157,0.057974417513296565,10,10,,True
us1gt,Logistic,2158,0.05210787874697935,10,10,,True
us1gt,Logistic,2159,0.04684433318379062,10,10,,True
us1gt,Logistic,2160,0.042120619512699645,10,10,,True
us1gt,Logistic,2161,0.03788033804938734,10,10,,True
us1gt,Logistic,2162,0.03407310958506366,10,10,,True
us1gt,Logistic,2163,0.030653917417220917,10,10,,True
us1gt,Logistic,2164,0.02758252302662656,10,10,,True
us1gt,Logistic,2165,0.024822946975522044,10,10,,True
us1gt,Logistic,2166,0.022343007582617824,10,10,,True
us1gt,Logistic,2167,0.020113910793954044,10,10,,True
us1gt,Logistic,2168,0.01810988543427613,10,10,,True
us1gt,Logistic,2169,0.01630785869638203,10,10,,True
us1gt,Logistic,2170,0.01468716732123714,10,10,,True
us1gt,Logistic,2171,0.013229300446385617,10,10,,True
us1gt,Logistic,2172,0.011917670564475943,10,10,,True
us1gt,Logistic,2173,0.010737409441256295,10,10,,True
us1gt,Logistic,2174,0.009675186205666831,10,10,,True
us1gt,Logistic,2175,0.008719045141846368,10,10,,True
us1gt,Logistic,2176,0.007858260995795277,10,10,,True
us1gt,Logistic,2177,0.007083209857919175,10,10,,True
us1gt,Logistic,2178,0.006385253902450688,10,10,,True
us1gt,Logistic,2179,0.005756638459830079,10,10,,True
us1gt,Gompertz,2030,0.41247052183694966,10,10,,True
us1gt,Gompertz,2031,0.47416645602910207,10,10,,True
us1gt,Gompertz,2032,0.5432465391538377,10,10,,True
us1gt,Gompertz,2033,0.6203011242820371,10,10,,True
us1gt,Gompertz,2034,0.7059273156205093,10,10,,True
us1gt,Gompertz,2035,0.8007236468923565,10,10,,True
us1gt,Gompertz,2036,0.90528433412677,10,10,,True
us1gt,Gompertz,2037,1.0201931730020577,10,10,,True
us1gt,Gompertz,2038,1.1460171618305668,10,10,,True
us1gt,Gompertz,2039,1.2832999406230023,10,10,,True
us1gt,Gompertz,2040,1.4325551441004232,10,10,,True
us1gt,Gompertz,2041,1.5942597717733051,10,10,,True
us1gt,Gompertz,2042,1.7688476810880964,10,10,,True
us1gt,Gompertz,2043,1.956703310041389,10,10,,True
us1gt,Gompertz,2044,2.1581557335518013,10,10,,True
us1gt,Gompertz,2045,2.3734731533146483,10,10,,True
us1gt,Gompertz,2046,2.602857913978856,10,10,,True
us1gt,Gompertz,2047,2.8464421294864204,10,10,,True
us1gt,Gompertz,2048,3.1042839925720203,10,10,,True
us1gt,Gompertz,2049,3.376364828055072,10,10,,True
us1gt,Gompertz,2050,3.662586937026772,10,10,,True
us1gt,Gompertz,2051,3.9627722647216017,10,10,,True
us1gt,Gompertz,2052,4.276661910155912,10,10,,True
us1gt,Gompertz,2053,4.6039164808993895,10,10,,True
us1gt,Gompertz,2054,4.9441172819842745,10,10,,True
us1gt,Gompertz,2055,5.296768314288167,10,10,,True
us1gt,Gompertz,2056,5.661299045046748,10,10,,True
us1gt,Gompertz,2057,6.0370679017147335,10,10,,True
us1gt,Gompertz,2058,6.423366430398359,10,10,,True
us1gt,Gompertz,2059,6.819424051679566,10,10,,True
us1gt,Gompertz,2060,7.22441333993624,10,10,,True
us1gt,Gompertz,2061,7.637455747278574,10,10,,True
us1gt,Gompertz,2062,8.057627689964109,10,10,,True
us1gt,Gompertz,2063,8.483966913575266,10,10,,True
us1gt,Gompertz,2064,8.915479053256078,10,10,,True
us1gt,Gompertz,2065,9.351144306790738,10,10,,True
us1gt,Gompertz,2066,9.789924141120931,10,10,,True
us1gt,Gompertz,2067,10.230767956878045,10,10,,True
us1gt,Gompertz,2068,10.672619640474672,10,10,,True
us1gt,Gompertz,2069,11.114423939074777,10,10,,True
us1gt,Gompertz,2070,11.555132600160672,10,10,,True
us1gt,Gompertz,2071,11.993710224258596,10,10,,True
us1gt,Gompertz,2072,12.429139786502567,10,10,,True
us1gt,Gompertz,2073,12.860427789949723,10,10,,True
us1gt,Gompertz,2074,13.286609020764816,10,10,,True
us1gt,Gompertz,2075,13.706750882438996,10,10,,True
us1gt,Gompertz,2076,14.119957292987397,10,10,,True
us1gt,Gompertz,2077,14.525372135488844,10,10,,True
us1gt,Gompertz,2078,14.922182258313914,10,10,,True
us1gt,Gompertz,2079,15.309620026877479,10,10,,True
us1gt,Gompertz,2080,15.686965433707492,10,10,,True
us1gt,Gompertz,2081,16.05354777801759,10,10,,True
us1gt,Gompertz,2082,16.408746929795356,10,10,,True
us1gt,Gompertz,2083,16.751994196671145,10,10,,True
us1gt,Gompertz,2084,17.082772814525818,10,10,,True
us1gt,Gompertz,2085,17.40061808494935,10,10,,True
us1gt,Gompertz,2086,17.70511718430379,10,10,,True
us1gt,Gompertz,2087,17.99590867030697,10,10,,True
us1gt,Gompertz,2088,18.2726817127748,10,10,,True
us1gt,Gompertz,2089,18.535175075480844,10,10,,True
us1gt,Gompertz,2090,18.78317587605421,10,10,,True
us1gt,Gompertz,2091,19.01651815048324,10,10,,True
us1gt,Gompertz,2092,19.23508124816599,10,10,,True
us1gt,Gompertz,2093,19.438788082589976,10,10,,True
us1gt,Gompertz,2094,19.62760326167325,10,10,,True
us1gt,Gompertz,2095,19.801531120593996,10,10,,True
us1gt,Gompertz,2096,19.960613678611235,10,10,,True
us1gt,Gompertz,2097,20.10492853996742,10,10,,True
us1gt,Gompertz,2098,20.23458675749335,10,10,,True
us1gt,Gompertz,2099,20.34973067603339,10,10,,True
us1gt,Gompertz,2100,20.450531771297086,10,10,,True
us1gt,Gompertz,2101,20.5371884982422,10,10,,True
us1gt,Gompertz,2102,20.609924161620448,10,10,,True
us1gt,Gompertz,2103,20.668984819886052,10,10,,True
us1gt,Gompertz,2104,20.714637232289146,10,10,,True
us1gt,Gompertz,2105,20.747166857661416,10,10,,True
us1gt,Gompertz,2106,20.766875912156806,10,10,,True
us1gt,Gompertz,2107,20.774081492040764,10,10,,True
us1gt,Gompertz,2108,20.769113766531362,10,10,,True
us1gt,Gompertz,2109,20.752314244685813,10,10,,True
us1gt,Gompertz,2110,20.724034119397718,10,10,,True
us1gt,Gompertz,2111,20.684632690723046,10,10,,True
us1gt,Gompertz,2112,20.634475869984534,10,10,,True
us1gt,Gompertz,2113,20.573934765413338,10,10,,True
us1gt,Gompertz,2114,20.503384349469673,10,10,,True
us1gt,Gompertz,2115,20.423202207438223,10,10,,True
us1gt,Gompertz,2116,20.33376736641471,10,10,,True
us1gt,Gompertz,2117,20.23545920338407,10,10,,True
us1gt,Gompertz,2118,20.128656430733088,10,10,,True
us1gt,Gompertz,2119,20.013736157237553,10,10,,True
us1gt,Gompertz,2120,19.89107302231147,10,10,,True
us1gt,Gompertz,2121,19.76103840109916,10,10,,True
us1gt,Gompertz,2122,19.62399967782646,10,10,,True
us1gt,Gompertz,2123,19.480319584700556,10,10,,True
us1gt,Gompertz,2124,19.33035560355517,10,10,,True
us1gt,Gompertz,2125,19.174459427375737,10,10,,True
us1gt,Gompertz,2126,19.012976478803882,10,10,,True
us1gt,Gompertz,2127,18.8462454827091,10,10,,True
us1gt,Gompertz,2128,18.67459808992491,10,10,,True
us1gt,Gompertz,2129,18.49835854927404,10,10,,True
us1gt,Gompertz,2130,18.31784342505004,10,10,,True
us1gt,Gompertz,2131,18.133361357178565,10,10,,True
us1gt,Gompertz,2132,17.945212861348395,10,10,,True
us1gt,Gompertz,2133,17.753690166478155,10,10,,True
us1gt,Gompertz,2134,17.559077086967882,10,10,,True
us1gt,Gompertz,2135,17.36164892727341,10,10,,True
us1gt,Gompertz,2136,17.161672416434826,10,10,,True
us1gt,Gompertz,2137,16.959405670286543,10,10,,True
us1gt,Gompertz,2138,16.755098179174944,10,10,,True
us1gt,Gompertz,2139,16.548990819108948,10,10,,True
us1gt,Gompertz,2140,16.34131588436857,10,10,,True
us1gt,Gompertz,2141,16.13229713969576,10,10,,True
us1gt,Gompertz,2142,15.922149890290015,10,10,,True
us1gt,Gompertz,2143,15.711081067927864,10,10,,True
us1gt,Gompertz,2144,15.499289331619918,10,10,,True
us1gt,Gompertz,2145,15.286965181311473,10,10,,True
us1gt,Gompertz,2146,15.074291083222251,10,10,,True
us1gt,Gompertz,2147,14.861441605507732,10,10,,True
us1gt,Gompertz,2148,14.648583563008065,10,10,,True
us1gt,Gompertz,2149,14.43587616993144,10,10,,True
us1gt,Gompertz,2150,14.22347119939585,10,10,,True
us1gt,Gompertz,2151,14.011513148827413,10,10,,True
us1gt,Gompertz,2152,13.800139410284142,10,10,,True
us1gt,Gompertz,2153,13.589480444841382,10,10,,True
us1gt,Gompertz,2154,13.379659960239437,10,10,,True
us1gt,Gompertz,2155,13.170795091054732,10,10,,True
us1gt,Gompertz,2156,12.962996580713604,10,10,,True
us1gt,Gompertz,2157,12.75636896472256,10,10,,True
us1gt,Gompertz,2158,12.551010754540322,10,10,,True
us1gt,Gompertz,2159,12.347014621565844,10,10,,True
us1gt,Gompertz,2160,12.144467580762239,10,10,,True
us1gt,Gompertz,2161,11.943451173479792,10,10,,True
us1gt,Gompertz,2162,11.744041649081705,10,10,,True
us1gt,Gompertz,2163,11.546310145014312,10,10,,True
us1gt,Gompertz,2164,11.350322864999038,10,10,,True
us1gt,Gompertz,2165,11.156141255056752,10,10,,True
us1gt,Gompertz,2166,10.963822177106206,10,10,,True
us1gt,Gompertz,2167,10.773418079907426,10,10,,True
us1gt,Gompertz,2168,10.584977167147766,10,10,,True
us1gt,Gompertz,2169,10.398543562493717,10,10,,True
us1gt,Gompertz,2170,10.21415747145478,10,10,,True
us1gt,Gompertz,2171,10.031855339927446,10,10,,True
us1gt,Gompertz,2172,9.851670009307519,10,10,,True
us1gt,Gompertz,2173,9.673630868077387,10,10,,True
us1gt,Gompertz,2174,9.497763999792246,10,10,,True
us1gt,Gompertz,2175,9.324092327404914,10,10,,True
us1gt,Gompertz,2176,9.152635753883503,10,10,,True
us1gt,Gompertz,2177,8.983411299089628,10,10,,True
us1gt,Gompertz,2178,8.816433232896935,10,10,,True
us1gt,Gompertz,2179,8.651713204541144,10,10,,True
policy,Logistic,2030,0.2864868074667236,10,10,,True
policy,Logistic,2031,0.3212074396022584,10,10,,True
policy,Logistic,2032,0.36025068258449616,10,10,,True
policy,Logistic,2033,0.4041678856218813,10,10,,True
policy,Logistic,2034,0.45358183931469664,10,10,,True
policy,Logistic,2035,0.5091960003568137,10,10,,True
policy,Logistic,2036,0.5718048516954247,10,10,,True
policy,Logistic,2037,0.6423055151623507,10,10,,True
policy,Logistic,2038,0.7217107375316928,10,10,,True
policy,Logistic,2039,0.8111633717647287,10,10,,True
policy,Logistic,2040,0.9119524713902823,10,10,,True
policy,Logistic,2041,1.0255311055766232,10,10,,True
policy,Logistic,2042,1.1535359829198257,10,10,,True
policy,Logistic,2043,1.2978089400035209,10,10,,True
policy,Logistic,2044,1.460420302176703,10,10,,True
policy,Logistic,2045,1.6436940534823106,10,10,,True
policy,Logistic,2046,1.8502346537518406,10,10,,True
policy,Logistic,2047,2.0829552057031746,10,10,,True
policy,Logistic,2048,2.34510649417478,10,10,,True
policy,Logistic,2049,2.6403061828280423,10,10,,True
policy,Logistic,2050,2.97256714923411,10,10,,True
policy,Logistic,2051,3.346323555542902,10,10,,True
policy,Logistic,2052,3.7664527784408515,10,10,,True
policy,Logistic,2053,4.238290751874768,10,10,,True
policy,Logistic,2054,4.767637609082575,10,10,,True
policy,Logistic,2055,5.360749758898226,10,10,,True
policy,Logistic,2056,6.024313726068398,10,10,,True
policy,Logistic,2057,6.765396285087679,10,10,,True
policy,Logistic,2058,7.591364718414408,10,10,,True
policy,Logistic,2059,8.509770577899609,10,10,,True
policy,Logistic,2060,9.528190324479105,10,10,,True
policy,Logistic,2061,10.654016925190861,10,10,,True
policy,Logistic,2062,11.894198203475732,10,10,,True
policy,Logistic,2063,13.25492078405669,10,10,,True
policy,Logistic,2064,14.741243105848579,10,10,,True
policy,Logistic,2065,16.35668728900097,10,10,,True
policy,Logistic,2066,18.102807418330798,10,10,,True
policy,Logistic,2067,19.97876035216755,10,10,,True
policy,Logistic,2068,21.98091317623603,10,10,,True
policy,Logistic,2069,24.102526944295228,10,10,,True
policy,Logistic,2070,26.33355696085281,10,10,,True
policy,Logistic,2071,28.660603162190057,10,10,,True
policy,Logistic,2072,31.06702856926266,10,10,,True
policy,Logistic,2073,33.53323961872598,10,10,,True
policy,Logistic,2074,36.037092536314546,10,10,,True
policy,Logistic,2075,38.55436107652099,10,10,,True
policy,Logistic,2076,41.05918161414702,10,10,,True
policy,Logistic,2077,43.52439076191525,10,10,,True
policy,Logistic,2078,45.921694587925245,10,10,,True
policy,Logistic,2079,48.221657179771135,10,10,,True
policy,Logistic,2080,50.393561684610745,10,10,,True
policy,Logistic,2081,52.40526338561043,10,10,,True
policy,Logistic,2082,54.22320211945393,10,10,,True
policy,Logistic,2083,55.81275235439864,10,10,,True
policy,Logistic,2084,57.13905337664923,10,10,,True
policy,Logistic,2085,58.16838137066272,10,10,,True
policy,Logistic,2086,58.870014818599664,10,10,,True
policy,Logistic,2087,59.21842919920857,10,10,,True
policy,Logistic,2088,59.19556383505294,10,10,,True
policy,Logistic,2089,58.792855358327095,10,10,,True
policy,Logistic,2090,58.0127400784354,10,10,,True
policy,Logistic,2091,56.86938962411372,10,10,,True
policy,Logistic,2092,55.388547033230495,10,10,,True
policy,Logistic,2093,53.606453247432064,10,10,,True
policy,Logistic,2094,51.5679741265456,10,10,,True
policy,Logistic,2095,49.32413563617618,10,10,,True
policy,Logistic,2096,46.92933553969709,10,10,,True
policy,Logistic,2097,44.43851708734119,10,10,,True
policy,Logistic,2098,41.904565370003326,10,10,,True
policy,Logistic,2099,39.37612908713972,10,10,,True
policy,Logistic,2100,36.89599337987009,10,10,,True
policy,Logistic,2101,34.50004859267916,10,10,,True
policy,Logistic,2102,32.21682886212963,10,10,,True
policy,Logistic,2103,30.067542246307795,10,10,,True
policy,Logistic,2104,28.066484162906594,10,10,,True
policy,Logistic,2105,26.221716801146098,10,10,,True
policy,Logistic,2106,24.535904312542957,10,10,,True
policy,Logistic,2107,23.007211063198028,10,10,,True
policy,Logistic,2108,21.630192399315128,10,10,,True
policy,Logistic,2109,20.3966297966733,10,10,,True
policy,Logistic,2110,19.296282035003962,10,10,,True
policy,Logistic,2111,18.31753970135751,10,10,,True
policy,Logistic,2112,17.447981532429665,10,10,,True
policy,Logistic,2113,16.674838221984473,10,10,,True
policy,Logistic,2114,15.985373087802005,10,10,,True
policy,Logistic,2115,15.367190276840986,10,10,,True
policy,Logistic,2116,14.808480814765378,10,10,,True
policy,Logistic,2117,14.298215484006079,10,10,,True
policy,Logistic,2118,13.826291798848718,10,10,,True
policy,Logistic,2119,13.383640639260726,10,10,,True
policy,Logistic,2120,12.962296670401381,10,10,,True
policy,Logistic,2121,12.555435655365851,10,10,,True
policy,Logistic,2122,12.15738120985298,10,10,,True
policy,Logistic,2123,11.763583417845057,10,10,,True
policy,Logistic,2124,11.370571941116188,10,10,,True
policy,Logistic,2125,10.975886693410331,10,10,,True
policy,Logistic,2126,10.577989681025638,10,10,,True
policy,Logistic,2127,10.176162110163288,10,10,,True
policy,Logistic,2128,9.770391224078184,10,10,,True
policy,Logistic,2129,9.361251488002273,10,10,,True
policy,Logistic,2130,8.949784651902881,10,10,,True
policy,Logistic,2131,8.537382891294378,10,10,,True
policy,Logistic,2132,8.12567868605207,10,10,,True
policy,Logistic,2133,7.716444399946704,10,10,,True
policy,Logistic,2134,7.311503734714552,10,10,,True
policy,Logistic,2135,6.912656419122558,10,10,,True
policy,Logistic,2136,6.5216167165468155,10,10,,True
policy,Logistic,2137,6.139965642717707,10,10,,True
policy,Logistic,2138,5.769116211884925,10,10,,True
policy,Logistic,2139,5.410290592248491,10,10,,True
policy,Logistic,2140,5.06450775325429,10,10,,True
policy,Logistic,2141,4.732580019811585,10,10,,True
policy,Logistic,2142,4.415116895021234,10,10,,True
policy,Logistic,2143,4.112534552199255,10,10,,True
policy,Logistic,2144,3.8250695057190893,10,10,,True
policy,Logistic,2145,3.552795126034876,10,10,,True
policy,Logistic,2146,3.295639847096449,10,10,,True
policy,Logistic,2147,3.0534061074690304,10,10,,True
policy,Logistic,2148,2.8257892567849088,10,10,,True
policy,Logistic,2149,2.612395837306327,10,10,,True
policy,Logistic,2150,2.4127608102855267,10,10,,True
policy,Logistic,2151,2.2263634351811485,10,10,,True
policy,Logistic,2152,2.052641625506885,10,10,,True
policy,Logistic,2153,1.8910046986590952,10,10,,True
policy,Logistic,2154,1.7408445100771872,10,10,,True
policy,Logistic,2155,1.6015450167893153,10,10,,True
policy,Logistic,2156,1.4724903543468155,10,10,,True
policy,Logistic,2157,1.3530715369881376,10,10,,True
policy,Logistic,2158,1.2426919061090784,10,10,,True
policy,Logistic,2159,1.1407714590518652,10,10,,True
policy,Logistic,2160,1.0467501908753343,10,10,,True
policy,Logistic,2161,0.9600905778458485,10,10,,True
policy,Logistic,2162,0.8802793243089857,10,10,,True
policy,Logistic,2163,0.8068284855043767,10,10,,True
policy,Logistic,2164,0.7392760686540663,10,10,,True
policy,Logistic,2165,0.6771862039708894,10,10,,True
policy,Logistic,2166,0.6201489665844588,10,10,,True
policy,Logistic,2167,0.5677799201237385,10,10,,True
policy,Logistic,2168,0.5197194430567467,10,10,,True
policy,Logistic,2169,0.47563189000679235,10,10,,True
policy,Logistic,2170,0.4352046322224264,10,10,,True
policy,Logistic,2171,0.39814701418443316,10,10,,True
policy,Logistic,2172,0.36418925698465815,10,10,,True
policy,Logistic,2173,0.33308133356026054,10,10,,True
policy,Logistic,2174,0.3045918360645282,10,10,,True
policy,Logistic,2175,0.2785068515345033,10,10,,True
policy,Logistic,2176,0.254628858511497,10,10,,True
policy,Logistic,2177,0.23277565431389938,10,10,,True
policy,Logistic,2178,0.21277932018926018,10,10,,True
policy,Logistic,2179,0.19448522952004468,10,10,,True
policy,Gompertz,2030,0.3885949110058043,10,10,,True
policy,Gompertz,2031,0.4426427188229496,10,10,,True
policy,Gompertz,2032,0.5025939934573945,10,10,,True
policy,Gompertz,2033,0.5688519287820873,10,10,,True
policy,Gompertz,2034,0.6418161348391511,10,10,,True
policy,Gompertz,2035,0.7218786762470226,10,10,,True
policy,Gompertz,2036,0.8094199961106188,10,10,,True
policy,Gompertz,2037,0.904804789256301,10,10,,True
policy,Gompertz,2038,1.008377890674549,10,10,,True
policy,Gompertz,2039,1.1204602454376915,10,10,,True
policy,Gompertz,2040,1.2413450250915483,10,10,,True
policy,Gompertz,2041,1.3712939526789092,10,10,,True
policy,Gompertz,2042,1.5105338942698556,10,10,,True
policy,Gompertz,2043,1.659253769321822,10,10,,True
policy,Gompertz,2044,1.8176018255763138,10,10,,True
policy,Gompertz,2045,1.9856833167476142,10,10,,True
policy,Gompertz,2046,2.1635586132124303,10,10,,True
policy,Gompertz,2047,2.351241767512335,10,10,,True
policy,Gompertz,2048,2.548699547970848,10,10,,True
policy,Gompertz,2049,2.7558509453284965,10,10,,True
policy,Gompertz,2050,2.9725671492160664,10,10,,True
policy,Gompertz,2051,3.1986719836972277,10,10,,True
policy,Gompertz,2052,3.433942784166603,10,10,,True
policy,Gompertz,2053,3.6781116917068717,10,10,,True
policy,Gompertz,2054,3.9308673356759467,10,10,,True
policy,Gompertz,2055,4.19185687086845,10,10,,True
policy,Gompertz,2056,4.460688332101025,10,10,,True
policy,Gompertz,2057,4.736933266507652,10,10,,True
policy,Gompertz,2058,5.020129602173946,10,10,,True
policy,Gompertz,2059,5.309784710942863,10,10,,True
policy,Gompertz,2060,5.605378623225571,10,10,,True
policy,Gompertz,2061,5.9063673533750265,10,10,,True
policy,Gompertz,2062,6.212186295540608,10,10,,True
policy,Gompertz,2063,6.522253651829485,10,10,,True
policy,Gompertz,2064,6.835973856960509,10,10,,True
policy,Gompertz,2065,7.152740966316148,10,10,,True
policy,Gompertz,2066,7.471941977286956,10,10,,True
policy,Gompertz,2067,7.792960056975509,10,10,,True
policy,Gompertz,2068,8.115177652603247,10,10,,True
policy,Gompertz,2069,8.437979464272594,10,10,,True
policy,Gompertz,2070,8.760755263014472,10,10,,True
policy,Gompertz,2071,9.082902540243202,10,10,,True
policy,Gompertz,2072,9.403828977801012,10,10,,True
policy,Gompertz,2073,9.722954730665663,10,10,,True
policy,Gompertz,2074,10.039714517088608,10,10,,True
policy,Gompertz,2075,10.353559513406408,10,10,,True
policy,Gompertz,2076,10.663959053011192,10,10,,True
policy,Gompertz,2077,10.970402130969699,10,10,,True
policy,Gompertz,2078,11.272398717542801,10,10,,True
policy,Gompertz,2079,11.569480885381868,10,10,,True
policy,Gompertz,2080,11.861203756471994,10,10,,True
policy,Gompertz,2081,12.147146275965238,10,10,,True
policy,Gompertz,2082,12.426911820912842,10,10,,True
policy,Gompertz,2083,12.700128652578481,10,10,,True
policy,Gompertz,2084,12.966450221511055,10,10,,True
policy,Gompertz,2085,13.225555334892308,10,10,,True
policy,Gompertz,2086,13.477148195868264,10,10,,True
policy,Gompertz,2087,13.7209583246415,10,10,,True
policy,Gompertz,2088,13.956740371059702,10,10,,True
policy,Gompertz,2089,14.184273828300604,10,10,,True
policy,Gompertz,2090,14.403362657039338,10,10,,True
policy,Gompertz,2091,14.613834829204865,10,10,,True
policy,Gompertz,2092,14.815541800100567,10,10,,True
policy,Gompertz,2093,15.008357917291574,10,10,,True
policy,Gompertz,2094,15.192179774258246,10,10,,True
policy,Gompertz,2095,15.366925516390735,10,10,,True
policy,Gompertz,2096,15.53253410646156,10,10,,True
policy,Gompertz,2097,15.68896455626859,10,10,,True
policy,Gompertz,2098,15.836195130695486,10,10,,True
policy,Gompertz,2099,15.974222529995709,10,10,,True
policy,Gompertz,2100,16.10306105567339,10,10,,True
policy,Gompertz,2101,16.222741764912953,10,10,,True
policy,Gompertz,2102,16.333311618102325,10,10,,True
policy,Gompertz,2103,16.43483262360322,10,10,,True
policy,Gompertz,2104,16.527380983548227,10,10,,True
policy,Gompertz,2105,16.611046244088996,10,10,,True
policy,Gompertz,2106,16.685930453183108,10,10,,True
policy,Gompertz,2107,16.752147328689983,10,10,,True
policy,Gompertz,2108,16.809821439247468,10,10,,True
policy,Gompertz,2109,16.85908740012144,10,10,,True
policy,Gompertz,2110,16.900089085959202,10,10,,True
policy,Gompertz,2111,16.932978862134213,10,10,,True
policy,Gompertz,2112,16.957916836143024,10,10,,True
policy,Gompertz,2113,16.975070130305525,10,10,,True
policy,Gompertz,2114,16.98461217682491,10,10,,True
policy,Gompertz,2115,16.98672203608433,10,10,,True
policy,Gompertz,2116,16.981583738891285,10,10,,True
policy,Gompertz,2117,16.96938565322851,10,10,,True
policy,Gompertz,2118,16.950319875929768,10,10,,True
policy,Gompertz,2119,16.924581649570584,10,10,,True
policy,Gompertz,2120,16.89236880474637,10,10,,True
policy,Gompertz,2121,16.853881227802873,10,10,,True
policy,Gompertz,2122,16.809320353986223,10,10,,True
policy,Gompertz,2123,16.758888685890824,10,10,,True
policy,Gompertz,2124,16.702789337002823,10,10,,True
policy,Gompertz,2125,16.64122560006423,10,10,,True
policy,Gompertz,2126,16.574400539917267,10,10,,True
policy,Gompertz,2127,16.502516610429872,10,10,,True
policy,Gompertz,2128,16.425775295051242,10,10,,True
policy,Gompertz,2129,16.34437677049977,10,10,,True
policy,Gompertz,2130,16.258519593045335,10,10,,True
policy,Gompertz,2131,16.16840040681214,10,10,,True
policy,Gompertz,2132,16.074213673497976,10,10,,True
policy,Gompertz,2133,15.976151422879468,10,10,,True
policy,Gompertz,2134,15.874403023451244,10,10,,True
policy,Gompertz,2135,15.769154972529034,10,10,,True
policy,Gompertz,2136,15.66059070513258,10,10,,True
policy,Gompertz,2137,15.548890420953516,10,10,,True
policy,Gompertz,2138,15.434230928705851,10,10,,True
policy,Gompertz,2139,15.316785507152193,10,10,,True
policy,Gompertz,2140,15.196723782096939,10,10,,True
policy,Gompertz,2141,15.074211618638516,10,10,,True
policy,Gompertz,2142,14.9494110279757,10,10,,True
policy,Gompertz,2143,14.822480088068298,10,10,,True
policy,Gompertz,2144,14.693572877459687,10,10,,True
policy,Gompertz,2145,14.562839421577541,10,10,,True
policy,Gompertz,2146,14.430425650839728,10,10,,True
policy,Gompertz,2147,14.296473369904374,10,10,,True
policy,Gompertz,2148,14.161120237416322,10,10,,True
policy,Gompertz,2149,14.02449975561682,10,10,,True
policy,Gompertz,2150,13.886741269198652,10,10,,True
policy,Gompertz,2151,13.747969972805373,10,10,,True
policy,Gompertz,2152,13.608306926590396,10,10,,True
policy,Gompertz,2153,13.46786907926952,10,10,,True
policy,Gompertz,2154,13.326769298118712,10,10,,True
policy,Gompertz,2155,13.185116405387806,10,10,,True
policy,Gompertz,2156,13.043015220619651,10,10,,True
policy,Gompertz,2157,12.900566608383768,10,10,,True
policy,Gompertz,2158,12.75786753095281,10,10,,True
policy,Gompertz,2159,12.615011105469701,10,10,,True
policy,Gompertz,2160,12.472086665172816,10,10,,True
policy,Gompertz,2161,12.329179824265982,10,10,,True
policy,Gompertz,2162,12.186372546039323,10,10,,True
policy,Gompertz,2163,12.043743213866055,10,10,,True
policy,Gompertz,2164,11.901366704719203,10,10,,True
policy,Gompertz,2165,11.759314464870641,10,10,,True
policy,Gompertz,2166,11.61765458745315,10,10,,True
policy,Gompertz,2167,11.47645189158392,10,10,,True
policy,Gompertz,2168,11.335768002765379,10,10,,True
policy,Gompertz,2169,11.195661434296111,10,10,,True
policy,Gompertz,2170,11.056187669441242,10,10,,True
policy,Gompertz,2171,10.91739924412753,10,10,,True
policy,Gompertz,2172,10.7793458299441,10,10,,True
policy,Gompertz,2173,10.642074317244541,10,10,,True
policy,Gompertz,2174,10.50562889816074,10,10,,True
policy,Gompertz,2175,10.370051149352674,10,10,,True
policy,Gompertz,2176,10.235380114331742,10,10,,True
policy,Gompertz,2177,10.101652385208192,10,10,,True
policy,Gompertz,2178,9.9689021837254,10,10,,True
policy,Gompertz,2179,9.837161441455539,10,10,,True
ipcc_low,Logistic,2030,0.09016500470278056,8,10,US;Brazil,False
ipcc_low,Logistic,2031,0.10144720286938179,8,10,US;Brazil,False
ipcc_low,Logistic,2032,0.114181080252356,8,10,US;Brazil,False
ipcc_low,Logistic,2033,0.1285531978718038,8,10,US;Brazil,False
ipcc_low,Logistic,2034,0.14477354394864014,8,10,US;Brazil,False
ipcc_low,Logistic,2035,0.1630782879104845,8,10,US;Brazil,False
ipcc_low,Logistic,2036,0.1837328013394049,8,10,US;Brazil,False
ipcc_low,Logistic,2037,0.20703495433755256,8,10,US;Brazil,False
ipcc_low,Logistic,2038,0.23331868982331838,8,10,US;Brazil,False
ipcc_low,Logistic,2039,0.2629578697736018,8,10,US;Brazil,False
ipcc_low,Logistic,2040,0.2963703756860746,8,10,US;Brazil,False
ipcc_low,Logistic,2041,0.334022429687703,8,10,US;Brazil,False
ipcc_low,Logistic,2042,0.3764330817352993,8,10,US;Brazil,False
ipcc_low,Logistic,2043,0.4241787810390777,8,10,US;Brazil,False
ipcc_low,Logistic,2044,0.4778979148189931,8,10,US;Brazil,False
ipcc_low,Logistic,2045,0.5382951532583427,8,10,US;Brazil,False
ipcc_low,Logistic,2046,0.6061453844446798,8,10,US;Brazil,False
ipcc_low,Logistic,2047,0.6822969556007015,8,10,US;Brazil,False
ipcc_low,Logistic,2048,0.7676738556255301,8,10,US;Brazil,False
ipcc_low,Logistic,2049,0.8632763779913196,8,10,US;Brazil,False
ipcc_low,Logistic,2050,0.9701796923729691,8,10,US;Brazil,False
ipcc_low,Logistic,2051,1.089529629521963,8,10,US;Brazil,False
ipcc_low,Logistic,2052,1.2225348506139686,8,10,US;Brazil,False
ipcc_low,Logistic,2053,1.3704544367268334,8,10,US;Brazil,False
ipcc_low,Logistic,2054,1.5345798079941921,8,10,US;Brazil,False
ipcc_low,Logistic,2055,1.7162097832096401,8,10,US;Brazil,False
ipcc_low,Logistic,2056,1.916617544803464,8,10,US;Brazil,False
ipcc_low,Logistic,2057,2.137008315830852,8,10,US;Brazil,False
ipcc_low,Logistic,2058,2.3784667293559183,8,10,US;Brazil,False
ipcc_low,Logistic,2059,2.641893230021471,8,10,US;Brazil,False
ipcc_low,Logistic,2060,2.9279294524662296,8,10,US;Brazil,False
ipcc_low,Logistic,2061,3.2368734309448204,8,10,US;Brazil,False
ipcc_low,Logistic,2062,3.5685867563174654,8,10,US;Brazil,False
ipcc_low,Logistic,2063,3.9223974280696368,8,10,US;Brazil,False
ipcc_low,Logistic,2064,4.29700411416216,8,10,US;Brazil,False
ipcc_low,Logistic,2065,4.690389712412804,8,10,US;Brazil,False
ipcc_low,Logistic,2066,5.099754276324391,8,10,US;Brazil,False
ipcc_low,Logistic,2067,5.521479170675475,8,10,US;Brazil,False
ipcc_low,Logistic,2068,5.951135279672735,8,10,US;Brazil,False
ipcc_low,Logistic,2069,6.383547644959477,8,10,US;Brazil,False
ipcc_low,Logistic,2070,6.812926518415523,8,10,US;Brazil,False
ipcc_low,Logistic,2071,7.233070093208393,8,10,US;Brazil,False
ipcc_low,Logistic,2072,7.637637087607703,8,10,US;Brazil,False
ipcc_low,Logistic,2073,8.020478376949049,8,10,US;Brazil,False
ipcc_low,Logistic,2074,8.376007084231675,8,10,US;Brazil,False
ipcc_low,Logistic,2075,8.699577576277411,8,10,US;Brazil,False
ipcc_low,Logistic,2076,8.98783757254093,8,10,US;Brazil,False
ipcc_low,Logistic,2077,9.239015784612862,8,10,US;Brazil,False
ipcc_low,Logistic,2078,9.453111193456232,8,10,US;Brazil,False
ipcc_low,Logistic,2079,9.631959147539177,8,10,US;Brazil,False
ipcc_low,Logistic,2080,9.779162592241494,8,10,US;Brazil,False
ipcc_low,Logistic,2081,9.899891602208086,8,10,US;Brazil,False
ipcc_low,Logistic,2082,10.000568287040426,8,10,US;Brazil,False
ipcc_low,Logistic,2083,10.088464734639654,8,10,US;Brazil,False
ipcc_low,Logistic,2084,10.171247554835425,8,10,US;Brazil,False
ipcc_low,Logistic,2085,10.25650360017723,8,10,US;Brazil,False
ipcc_low,Logistic,2086,10.351278437462241,8,10,US;Brazil,False
ipcc_low,Logistic,2087,10.461653612950629,8,10,US;Brazil,False
ipcc_low,Logistic,2088,10.592382299164004,8,10,US;Brazil,False
ipcc_low,Logistic,2089,10.746596841478732,8,10,US;Brazil,False
ipcc_low,Logistic,2090,10.92559684474396,8,10,US;Brazil,False
ipcc_low,Logistic,2091,11.128723029126135,8,10,US;Brazil,False
ipcc_low,Logistic,2092,11.353319970205332,8,10,US;Brazil,False
ipcc_low,Logistic,2093,11.594789535324429,8,10,US;Brazil,False
ipcc_low,Logistic,2094,11.846735672080566,8,10,US;Brazil,False
ipcc_low,Logistic,2095,12.10119949204893,8,10,US;Brazil,False
ipcc_low,Logistic,2096,12.348980727396622,8,10,US;Brazil,False
ipcc_low,Logistic,2097,12.580037282552382,8,10,US;Brazil,False
ipcc_low,Logistic,2098,12.783948810631124,8,10,US;Brazil,False
ipcc_low,Logistic,2099,12.95042353437111,8,10,US;Brazil,False
ipcc_low,Logistic,2100,13.069820870880896,8,10,US;Brazil,False
ipcc_low,Logistic,2101,13.133657085357818,8,10,US;Brazil,False
ipcc_low,Logistic,2102,13.135058527955097,8,10,US;Brazil,False
ipcc_low,Logistic,2103,13.069128078849653,8,10,US;Brazil,False
ipcc_low,Logistic,2104,12.933195751165048,8,10,US;Brazil,False
ipcc_low,Logistic,2105,12.72693371708542,8,10,US;Brazil,False
ipcc_low,Logistic,2106,12.452328260964274,8,10,US;Brazil,False
ipcc_low,Logistic,2107,12.113514624761587,8,10,US;Brazil,False
ipcc_low,Logistic,2108,11.71649340938217,8,10,US;Brazil,False
ipcc_low,Logistic,2109,11.268757281269133,8,10,US;Brazil,False
ipcc_low,Logistic,2110,10.778862879384558,8,10,US;Brazil,False
ipcc_low,Logistic,2111,10.255984458801242,8,10,US;Brazil,False
ipcc_low,Logistic,2112,9.709483185561833,8,10,US;Brazil,False
ipcc_low,Logistic,2113,9.148520018068888,8,10,US;Brazil,False
ipcc_low,Logistic,2114,8.58173207175661,8,10,US;Brazil,False
ipcc_low,Logistic,2115,8.016983652423372,8,10,US;Brazil,False
ipcc_low,Logistic,2116,7.46119497021787,8,10,US;Brazil,False
ipcc_low,Logistic,2117,6.920244777850725,8,10,US;Brazil,False
ipcc_low,Logistic,2118,6.398938276391513,8,10,US;Brazil,False
ipcc_low,Logistic,2119,5.901028691528482,8,10,US;Brazil,False
ipcc_low,Logistic,2120,5.429279752350052,8,10,US;Brazil,False
ipcc_low,Logistic,2121,4.985556543776588,8,10,US;Brazil,False
ipcc_low,Logistic,2122,4.570933427849281,8,10,US;Brazil,False
ipcc_low,Logistic,2123,4.185809528399522,8,10,US;Brazil,False
ipcc_low,Logistic,2124,3.8300243035311348,8,10,US;Brazil,False
ipcc_low,Logistic,2125,3.5029677336230294,8,10,US;Brazil,False
ipcc_low,Logistic,2126,3.2036814607792374,8,10,US;Brazil,False
ipcc_low,Logistic,2127,2.9309487376065597,8,10,US;Brazil,False
ipcc_low,Logistic,2128,2.6833722473011847,8,10,US;Brazil,False
ipcc_low,Logistic,2129,2.4594397527850282,8,10,US;Brazil,False
ipcc_low,Logistic,2130,2.2575781542707776,8,10,US;Brazil,False
ipcc_low,Logistic,2131,2.0761969282088293,8,10,US;Brazil,False
ipcc_low,Logistic,2132,1.9137221348895108,8,10,US;Brazil,False
ipcc_low,Logistic,2133,1.768622262859898,8,10,US;Brazil,False
ipcc_low,Logistic,2134,1.6394271655056207,8,10,US;Brazil,False
ipcc_low,Logistic,2135,1.5247412711006623,8,10,US;Brazil,False
ipcc_low,Logistic,2136,1.4232521375236213,8,10,US;Brazil,False
ipcc_low,Logistic,2137,1.3337352953060986,8,10,US;Brazil,False
ipcc_low,Logistic,2138,1.2550561908132167,8,10,US;Brazil,False
ipcc_low,Logistic,2139,1.1861699138414021,8,10,US;Brazil,False
ipcc_low,Logistic,2140,1.126119276060669,8,10,US;Brazil,False
ipcc_low,Logistic,2141,1.0740317013622878,8,10,US;Brazil,False
ipcc_low,Logistic,2142,1.0291152973993907,8,10,US;Brazil,False
ipcc_low,Logistic,2143,0.9906543993735053,8,10,US;Brazil,False
ipcc_low,Logistic,2144,0.9580048116471389,8,10,US;Brazil,False
ipcc_low,Logistic,2145,0.9305889188676656,8,10,US;Brazil,False
ipcc_low,Logistic,2146,0.9078907945971463,8,10,US;Brazil,False
ipcc_low,Logistic,2147,0.8894514005431556,8,10,US;Brazil,False
ipcc_low,Logistic,2148,0.8748639420100897,8,10,US;Brazil,False
ipcc_low,Logistic,2149,0.8637694238833715,8,10,US;Brazil,False
ipcc_low,Logistic,2150,0.8558524351910406,8,10,US;Brazil,False
ipcc_low,Logistic,2151,0.85083717807822,8,10,US;Brazil,False
ipcc_low,Logistic,2152,0.8484837480367734,8,10,US;Brazil,False
ipcc_low,Logistic,2153,0.848584665750955,8,10,US;Brazil,False
ipcc_low,Logistic,2154,0.8509616563636052,8,10,US;Brazil,False
ipcc_low,Logistic,2155,0.8554626688627834,8,10,US;Brazil,False
ipcc_low,Logistic,2156,0.8619591262552239,8,10,US;Brazil,False
ipcc_low,Logistic,2157,0.8703433959320115,8,10,US;Brazil,False
ipcc_low,Logistic,2158,0.8805264689145108,8,10,US;Brazil,False
ipcc_low,Logistic,2159,0.8924358363214591,8,10,US;Brazil,False
ipcc_low,Logistic,2160,0.9060135512958383,8,10,US;Brazil,False
ipcc_low,Logistic,2161,0.9212144646834214,8,10,US;Brazil,False
ipcc_low,Logistic,2162,0.9380046229028008,8,10,US;Brazil,False
ipcc_low,Logistic,2163,0.9563598166529672,8,10,US;Brazil,False
ipcc_low,Logistic,2164,0.9762642693436963,8,10,US;Brazil,False
ipcc_low,Logistic,2165,0.9977094543976148,8,10,US;Brazil,False
ipcc_low,Logistic,2166,1.0206930308551716,8,10,US;Brazil,False
ipcc_low,Logistic,2167,1.0452178870151794,8,10,US;Brazil,False
ipcc_low,Logistic,2168,1.0712912821673113,8,10,US;Brazil,False
ipcc_low,Logistic,2169,1.09892407681973,8,10,US;Brazil,False
ipcc_low,Logistic,2170,1.128130042199114,8,10,US;Brazil,False
ipcc_low,Logistic,2171,1.1589252402005785,8,10,US;Brazil,False
ipcc_low,Logistic,2172,1.1913274653932655,8,10,US;Brazil,False
ipcc_low,Logistic,2173,1.225355741138981,8,10,US;Brazil,False
ipcc_low,Logistic,2174,1.261029862356593,8,10,US;Brazil,False
ipcc_low,Logistic,2175,1.2983699779575117,8,10,US;Brazil,False
ipcc_low,Logistic,2176,1.337396206484263,8,10,US;Brazil,False
ipcc_low,Logistic,2177,1.3781282790004064,8,10,US;Brazil,False
ipcc_low,Logistic,2178,1.420585203800491,8,10,US;Brazil,False
ipcc_low,Logistic,2179,1.464784948030149,8,10,US;Brazil,False
ipcc_low,Gompertz,2030,0.12499628944081187,7,10,US;Canada;Brazil,False
ipcc_low,Gompertz,2031,0.14377174452197616,7,10,US;Canada;Brazil,False
ipcc_low,Gompertz,2032,0.16462665912097363,7,10,US;Canada;Brazil,False
ipcc_low,Gompertz,2033,0.18767594470706256,7,10,US;Canada;Brazil,False
ipcc_low,Gompertz,2034,0.21302664245472108,7,10,US;Canada;Brazil,False
ipcc_low,Gompertz,2035,0.2407762951679495,7,10,US;Canada;Brazil,False
ipcc_low,Gompertz,2036,0.27101140242695543,7,10,US;Canada;Brazil,False
ipcc_low,Gompertz,2037,0.3038059893650642,7,10,US;Canada;Brazil,False
ipcc_low,Gompertz,2038,0.33922031689927407,7,10,US;Canada;Brazil,False
ipcc_low,Gompertz,2039,0.3772997579638071,7,10,US;Canada;Brazil,False
ipcc_low,Gompertz,2040,0.4180738604565192,7,10,US;Canada;Brazil,False
ipcc_low,Gompertz,2041,0.461555613340304,7,10,US;Canada;Brazil,False
ipcc_low,Gompertz,2042,0.5077409277895291,7,10,US;Canada;Brazil,False
ipcc_low,Gompertz,2043,0.5566083405798451,7,10,US;Canada;Brazil,False
ipcc_low,Gompertz,2044,0.608118942228459,7,10,US;Canada;Brazil,False
ipcc_low,Gompertz,2045,0.6622165278319009,7,10,US;Canada;Brazil,False
ipcc_low,Gompertz,2046,0.7188279642368376,7,10,US;Canada;Brazil,False
ipcc_low,Gompertz,2047,0.7778637632177084,7,10,US;Canada;Brazil,False
ipcc_low,Gompertz,2048,0.8392188468056367,7,10,US;Canada;Brazil,False
ipcc_low,Gompertz,2049,0.902773487879433,7,10,US;Canada;Brazil,False
ipcc_low,Gompertz,2050,0.9683944066350487,7,10,US;Canada;Brazil,False
ipcc_low,Gompertz,2051,1.035936001618709,7,10,US;Canada;Brazil,False
ipcc_low,Gompertz,2052,1.105241692647187,7,10,US;Canada;Brazil,False
ipcc_low,Gompertz,2053,1.1761453521357883,7,10,US;Canada;Brazil,False
ipcc_low,Gompertz,2054,1.2484728010856927,7,10,US;Canada;Brazil,False
ipcc_low,Gompertz,2055,1.32204334621027,7,10,US;Canada;Brazil,False
ipcc_low,Gompertz,2056,1.3966713353581355,7,10,US;Canada;Brazil,False
ipcc_low,Gompertz,2057,1.472167709465055,7,10,US;Canada;Brazil,False
ipcc_low,Gompertz,2058,1.5483415306785715,7,10,US;Canada;Brazil,False
ipcc_low,Gompertz,2059,1.6250014679871043,7,10,US;Canada;Brazil,False
ipcc_low,Gompertz,2060,1.7019572235873293,7,10,US;Canada;Brazil,False
ipcc_low,Gompertz,2061,1.7790208852793978,7,10,US;Canada;Brazil,False
ipcc_low,Gompertz,2062,1.8560081923311027,7,10,US;Canada;Brazil,False
ipcc_low,Gompertz,2063,1.9327397044457595,7,10,US;Canada;Brazil,False
ipcc_low,Gompertz,2064,2.0090418656554734,7,10,US;Canada;Brazil,False
ipcc_low,Gompertz,2065,2.0847479570984677,7,10,US;Canada;Brazil,False
ipcc_low,Gompertz,2066,2.1596989346890787,7,10,US;Canada;Brazil,False
ipcc_low,Gompertz,2067,2.2337441496209567,7,10,US;Canada;Brazil,False
ipcc_low,Gompertz,2068,2.306741951433243,7,10,US;Canada;Brazil,False
ipcc_low,Gompertz,2069,2.378560174997203,7,10,US;Canada;Brazil,False
ipcc_low,Gompertz,2070,2.4490765142340223,7,10,US;Canada;Brazil,False
ipcc_low,Gompertz,2071,2.5181787866452745,7,10,US;Canada;Brazil,False
ipcc_low,Gompertz,2072,2.5857650938229257,7,10,US;Canada;Brazil,False
ipcc_low,Gompertz,2073,2.651743884006632,7,10,US;Canada;Brazil,False
ipcc_low,Gompertz,2074,2.716033923477188,7,10,US;Canada;Brazil,False
ipcc_low,Gompertz,2075,2.778564184123898,7,10,US;Canada;Brazil,False
ipcc_low,Gompertz,2076,2.839273654910363,7,10,US;Canada;Brazil,False
ipcc_low,Gompertz,2077,2.898111085199628,7,10,US;Canada;Brazil,False
ipcc_low,Gompertz,2078,2.9550346679990356,7,10,US;Canada;Brazil,False
ipcc_low,Gompertz,2079,3.0100116711615548,7,10,US;Canada;Brazil,False
ipcc_low,Gompertz,2080,3.0630180244483807,7,10,US;Canada;Brazil,False
ipcc_low,Gompertz,2081,3.11403787013196,7,10,US;Canada;Brazil,False
ipcc_low,Gompertz,2082,3.1630630845135856,7,10,US;Canada;Brazil,False
ipcc_low,Gompertz,2083,3.210092777359452,7,10,US;Canada;Brazil,False
ipcc_low,Gompertz,2084,3.2551327758367528,7,10,US;Canada;Brazil,False
ipcc_low,Gompertz,2085,3.2981950990695252,7,10,US;Canada;Brazil,False
ipcc_low,Gompertz,2086,3.3392974289439765,7,10,US;Canada;Brazil,False
ipcc_low,Gompertz,2087,3.378462582285397,7,10,US;Canada;Brazil,False
ipcc_low,Gompertz,2088,3.415717989012863,7,10,US;Canada;Brazil,False
ipcc_low,Gompertz,2089,3.451095180361974,7,10,US;Canada;Brazil,False
ipcc_low,Gompertz,2090,3.4846292907570344,7,10,US;Canada;Brazil,False
ipcc_low,Gompertz,2091,3.516358576418543,7,10,US;Canada;Brazil,False
ipcc_low,Gompertz,2092,3.54632395331452,7,10,US;Canada;Brazil,False
ipcc_low,Gompertz,2093,3.5745685566094663,7,10,US;Canada;Brazil,False
ipcc_low,Gompertz,2094,3.601137323335564,7,10,US;Canada;Brazil,False
ipcc_low,Gompertz,2095,3.626076599609794,7,10,US;Canada;Brazil,False
ipcc_low,Gompertz,2096,3.6494337733494473,7,10,US;Canada;Brazil,False
ipcc_low,Gompertz,2097,3.6712569330982374,7,10,US;Canada;Brazil,False
ipcc_low,Gompertz,2098,3.6915945532662247,7,10,US;Canada;Brazil,False
ipcc_low,Gompertz,2099,3.7104952058090808,7,10,US;Canada;Brazil,False
ipcc_low,Gompertz,2100,3.728007298125344,7,10,US;Canada;Brazil,False
ipcc_low,Gompertz,2101,3.744178836733429,7,10,US;Canada;Brazil,False
ipcc_low,Gompertz,2102,3.7590572161021565,7,10,US;Canada;Brazil,False
ipcc_low,Gompertz,2103,3.772689031848049,7,10,US;Canada;Brazil,False
ipcc_low,Gompertz,2104,3.7851199173781875,7,10,US;Canada;Brazil,False
ipcc_low,Gompertz,2105,3.7963944029471923,7,10,US;Canada;Brazil,False
ipcc_low,Gompertz,2106,3.8065557960093694,7,10,US;Canada;Brazil,False
ipcc_low,Gompertz,2107,3.8156460816801783,7,10,US;Canada;Brazil,False
ipcc_low,Gompertz,2108,3.823705842073383,7,10,US;Canada;Brazil,False
ipcc_low,Gompertz,2109,3.830774193249514,7,10,US;Canada;Brazil,False
ipcc_low,Gompertz,2110,3.836888738495957,7,10,US;Canada;Brazil,False
ipcc_low,Gompertz,2111,3.8420855366573274,7,10,US;Canada;Brazil,False
ipcc_low,Gompertz,2112,3.8463990842451268,7,10,US;Canada;Brazil,False
ipcc_low,Gompertz,2113,3.849862310076446,7,10,US;Canada;Brazil,False
ipcc_low,Gompertz,2114,3.8525065812212165,7,10,US;Canada;Brazil,False
ipcc_low,Gompertz,2115,3.8543617190747685,7,10,US;Canada;Brazil,False
ipcc_low,Gompertz,2116,3.855456024416021,7,10,US;Canada;Brazil,False
ipcc_low,Gompertz,2117,3.855816310360237,7,10,US;Canada;Brazil,False
ipcc_low,Gompertz,2118,3.855467942167904,7,10,US;Canada;Brazil,False
ipcc_low,Gompertz,2119,3.854434882926904,7,10,US;Canada;Brazil,False
ipcc_low,Gompertz,2120,3.8527397441828737,7,10,US;Canada;Brazil,False
ipcc_low,Gompertz,2121,3.850403840651701,7,10,US;Canada;Brazil,False
ipcc_low,Gompertz,2122,3.847447248207744,7,10,US;Canada;Brazil,False
ipcc_low,Gompertz,2123,3.843888864401024,7,10,US;Canada;Brazil,False
ipcc_low,Gompertz,2124,3.839746470815719,7,10,US;Canada;Brazil,False
ipcc_low,Gompertz,2125,3.835036796640373,7,10,US;Canada;Brazil,False
ipcc_low,Gompertz,2126,3.8297755828769238,7,10,US;Canada;Brazil,False
ipcc_low,Gompertz,2127,3.82397764667057,7,10,US;Canada;Brazil,False
ipcc_low,Gompertz,2128,3.8176569452954485,7,10,US;Canada;Brazil,False
ipcc_low,Gompertz,2129,3.810826639381804,7,10,US;Canada;Brazil,False
ipcc_low,Gompertz,2130,3.8034991550186446,7,10,US;Canada;Brazil,False
ipcc_low,Gompertz,2131,3.795686244411717,7,10,US;Canada;Brazil,False
ipcc_low,Gompertz,2132,3.7873990448198054,7,10,US;Canada;Brazil,False
ipcc_low,Gompertz,2133,3.7786481355329715,7,10,US;Canada;Brazil,False
ipcc_low,Gompertz,2134,3.769443592694207,7,10,US;Canada;Brazil,False
ipcc_low,Gompertz,2135,3.7597950418012562,7,10,US;Canada;Brazil,False
ipcc_low,Gompertz,2136,3.749711707757921,7,10,US;Canada;Brazil,False
ipcc_low,Gompertz,2137,3.7392024623742253,7,10,US;Canada;Brazil,False
ipcc_low,Gompertz,2138,3.7282758692422946,7,10,US;Canada;Brazil,False
ipcc_low,Gompertz,2139,3.716940225939885,7,10,US;Canada;Brazil,False
ipcc_low,Gompertz,2140,3.7052036035361935,7,10,US;Canada;Brazil,False
ipcc_low,Gompertz,2141,3.69307388339505,7,10,US;Canada;Brazil,False
ipcc_low,Gompertz,2142,3.6805587912889095,7,10,US;Canada;Brazil,False
ipcc_low,Gompertz,2143,3.6676659288533084,7,10,US;Canada;Brazil,False
ipcc_low,Gompertz,2144,3.654402802425815,7,10,US;Canada;Brazil,False
ipcc_low,Gompertz,2145,3.6407768493260235,7,10,US;Canada;Brazil,False
ipcc_low,Gompertz,2146,3.6267954616439675,7,10,US;Canada;Brazil,False
ipcc_low,Gompertz,2147,3.612466007613584,7,10,US;Canada;Brazil,False
ipcc_low,Gompertz,2148,3.597795850655618,7,10,US;Canada;Brazil,False
ipcc_low,Gompertz,2149,3.582792366180791,7,10,US;Canada;Brazil,False
ipcc_low,Gompertz,2150,3.567462956249179,7,10,US;Canada;Brazil,False
ipcc_low,Gompertz,2151,3.551815062185798,7,10,US;Canada;Brazil,False
ipcc_low,Gompertz,2152,3.5358561752552964,7,10,US;Canada;Brazil,False
ipcc_low,Gompertz,2153,3.5195938455007076,7,10,US;Canada;Brazil,False
ipcc_low,Gompertz,2154,3.503035688852324,7,10,US;Canada;Brazil,False
ipcc_low,Gompertz,2155,3.486189392613122,7,10,US;Canada;Brazil,False
ipcc_low,Gompertz,2156,3.4690627194268475,7,10,US;Canada;Brazil,False
ipcc_low,Gompertz,2157,3.4516635098339328,7,10,US;Canada;Brazil,False
ipcc_low,Gompertz,2158,3.433999683518906,7,10,US;Canada;Brazil,False
ipcc_low,Gompertz,2159,3.416079239351028,7,10,US;Canada;Brazil,False
ipcc_low,Gompertz,2160,3.3979102543174933,7,10,US;Canada;Brazil,False
ipcc_low,Gompertz,2161,3.379500881445835,7,10,US;Canada;Brazil,False
ipcc_low,Gompertz,2162,3.3608593468091414,7,10,US;Canada;Brazil,False
ipcc_low,Gompertz,2163,3.3419939457044334,7,10,US;Canada;Brazil,False
ipcc_low,Gompertz,2164,3.3229130380911016,7,10,US;Canada;Brazil,False
ipcc_low,Gompertz,2165,3.303625043372662,7,10,US;Canada;Brazil,False
ipcc_low,Gompertz,2166,3.2841384346013633,7,10,US;Canada;Brazil,False
ipcc_low,Gompertz,2167,3.264461732181369,7,10,US;Canada;Brazil,False
ipcc_low,Gompertz,2168,3.2446034971423274,7,10,US;Canada;Brazil,False
ipcc_low,Gompertz,2169,3.224572324051278,7,10,US;Canada;Brazil,False
ipcc_low,Gompertz,2170,3.204376833626944,7,10,US;Canada;Brazil,False
ipcc_low,Gompertz,2171,3.184025665116544,7,10,US;Canada;Brazil,False
ipcc_low,Gompertz,2172,3.163527468491497,7,10,US;Canada;Brazil,False
ipcc_low,Gompertz,2173,3.1428908965145514,7,10,US;Canada;Brazil,False
ipcc_low,Gompertz,2174,3.122124596727236,7,10,US;Canada;Brazil,False
ipcc_low,Gompertz,2175,3.101237203402883,7,10,US;Canada;Brazil,False
ipcc_low,Gompertz,2176,3.080237329506996,7,10,US;Canada;Brazil,False
ipcc_low,Gompertz,2177,3.0591335587033224,7,10,US;Canada;Brazil,False
ipcc_low,Gompertz,2178,3.037934437440725,7,10,US;Canada;Brazil,False
ipcc_low,Gompertz,2179,3.0166484671527756,7,10,US;Canada;Brazil,False
ipcc_high,Logistic,2030,0.36541288367176705,8,10,China;Indonesia,False
ipcc_high,Logistic,2031,0.4243467592901833,8,10,China;Indonesia,False
ipcc_high,Logistic,2032,0.4928920567350307,8,10,China;Indonesia,False
ipcc_high,Logistic,2033,0.5726222289295835,8,10,China;Indonesia,False
ipcc_high,Logistic,2034,0.6653656157877348,8,10,China;Indonesia,False
ipcc_high,Logistic,2035,0.773245013515037,8,10,China;Indonesia,False
ipcc_high,Logistic,2036,0.8987226339132047,8,10,China;Indonesia,False
ipcc_high,Logistic,2037,1.0446508781754458,8,10,China;Indonesia,False
ipcc_high,Logistic,2038,1.214329244590576,8,10,China;Indonesia,False
ipcc_high,Logistic,2039,1.411567505912028,8,10,China;Indonesia,False
ipcc_high,Logistic,2040,1.6407549976344724,8,10,China;Indonesia,False
ipcc_high,Logistic,2041,1.9069354106395129,8,10,China;Indonesia,False
ipcc_high,Logistic,2042,2.215885825993529,8,10,China;Indonesia,False
ipcc_high,Logistic,2043,2.5741977975231545,8,10,China;Indonesia,False
ipcc_high,Logistic,2044,2.989356995894813,8,10,China;Indonesia,False
ipcc_high,Logistic,2045,3.4698161798394143,8,10,China;Indonesia,False
ipcc_high,Logistic,2046,4.025053951972087,8,10,China;Indonesia,False
ipcc_high,Logistic,2047,4.665608789960681,8,10,China;Indonesia,False
ipcc_high,Logistic,2048,5.4030741504957325,8,10,China;Indonesia,False
ipcc_high,Logistic,2049,6.250036028477958,8,10,China;Indonesia,False
ipcc_high,Logistic,2050,7.219929362929207,8,10,China;Indonesia,False
ipcc_high,Logistic,2051,8.326784502081365,8,10,China;Indonesia,False
ipcc_high,Logistic,2052,9.584830340415577,8,10,China;Indonesia,False
ipcc_high,Logistic,2053,11.007918036306226,8,10,China;Indonesia,False
ipcc_high,Logistic,2054,12.608730446950489,8,10,China;Indonesia,False
ipcc_high,Logistic,2055,14.397750440777706,8,10,China;Indonesia,False
ipcc_high,Logistic,2056,16.381979668929013,8,10,China;Indonesia,False
ipcc_high,Logistic,2057,18.56343205402968,8,10,China;Indonesia,False
ipcc_high,Logistic,2058,20.9374761618785,8,10,China;Indonesia,False
ipcc_high,Logistic,2059,23.49116784708122,8,10,China;Indonesia,False
ipcc_high,Logistic,2060,26.201793464819986,8,10,China;Indonesia,False
ipcc_high,Logistic,2061,29.035920096207334,8,10,China;Indonesia,False
ipcc_high,Logistic,2062,31.949297745984303,8,10,China;Indonesia,False
ipcc_high,Logistic,2063,34.88794612950498,8,10,China;Indonesia,False
ipcc_high,Logistic,2064,37.79065258239007,8,10,China;Indonesia,False
ipcc_high,Logistic,2065,40.592890959947965,8,10,China;Indonesia,False
ipcc_high,Logistic,2066,43.231862119419674,8,10,China;Indonesia,False
ipcc_high,Logistic,2067,45.65201937249069,8,10,China;Indonesia,False
ipcc_high,Logistic,2068,47.81018107114704,8,10,China;Indonesia,False
ipcc_high,Logistic,2069,49.67925726136689,8,10,China;Indonesia,False
ipcc_high,Logistic,2070,51.24979454425756,8,10,China;Indonesia,False
ipcc_high,Logistic,2071,52.528954703939924,8,10,China;Indonesia,False
ipcc_high,Logistic,2072,53.537080309061956,8,10,China;Indonesia,False
ipcc_high,Logistic,2073,54.302506316976476,8,10,China;Indonesia,False
ipcc_high,Logistic,2074,54.85560746026113,8,10,China;Indonesia,False
ipcc_high,Logistic,2075,55.22315258386625,8,10,China;Indonesia,False
ipcc_high,Logistic,2076,55.423880478769476,8,10,China;Indonesia,False
ipcc_high,Logistic,2077,55.46589250270389,8,10,China;Indonesia,False
ipcc_high,Logistic,2078,55.3460752318157,8,10,China;Indonesia,False
ipcc_high,Logistic,2079,55.05141141242101,8,10,China;Indonesia,False
ipcc_high,Logistic,2080,54.56177120978278,8,10,China;Indonesia,False
ipcc_high,Logistic,2081,53.85362731685259,8,10,China;Indonesia,False
ipcc_high,Logistic,2082,52.90410621196679,8,10,China;Indonesia,False
ipcc_high,Logistic,2083,51.694849028611635,8,10,China;Indonesia,False
ipcc_high,Logistic,2084,50.21526991149923,8,10,China;Indonesia,False
ipcc_high,Logistic,2085,48.46492757654919,8,10,China;Indonesia,False
ipcc_high,Logistic,2086,46.45484106366255,8,10,China;Indonesia,False
ipcc_high,Logistic,2087,44.20767849221502,8,10,China;Indonesia,False
ipcc_high,Logistic,2088,41.756839238485725,8,10,China;Indonesia,False
ipcc_high,Logistic,2089,39.14454796746206,8,10,China;Indonesia,False
ipcc_high,Logistic,2090,36.41918277397491,8,10,China;Indonesia,False
ipcc_high,Logistic,2091,33.63215120548407,8,10,China;Indonesia,False
ipcc_high,Logistic,2092,30.834680229314895,8,10,China;Indonesia,False
ipcc_high,Logistic,2093,28.07487890273808,8,10,China;Indonesia,False
ipcc_high,Logistic,2094,25.395363570775203,8,10,China;Indonesia,False
ipcc_high,Logistic,2095,22.83162267640037,8,10,China;Indonesia,False
ipcc_high,Logistic,2096,20.411171223574726,8,10,China;Indonesia,False
ipcc_high,Logistic,2097,18.153432777380363,8,10,China;Indonesia,False
ipcc_high,Logistic,2098,16.0702091285832,8,10,China;Indonesia,False
ipcc_high,Logistic,2099,14.166560783594898,8,10,China;Indonesia,False
ipcc_high,Logistic,2100,12.441920556023423,8,10,China;Indonesia,False
ipcc_high,Logistic,2101,10.891286763231967,8,10,China;Indonesia,False
ipcc_high,Logistic,2102,9.50637955851263,8,10,China;Indonesia,False
ipcc_high,Logistic,2103,8.276683468239286,8,10,China;Indonesia,False
ipcc_high,Logistic,2104,7.19033443805227,8,10,China;Indonesia,False
ipcc_high,Logistic,2105,6.234837251512064,8,10,China;Indonesia,False
ipcc_high,Logistic,2106,5.397618327902935,8,10,China;Indonesia,False
ipcc_high,Logistic,2107,4.666430505395286,8,10,China;Indonesia,False
ipcc_high,Logistic,2108,4.029632082130968,8,10,China;Indonesia,False
ipcc_high,Logistic,2109,3.4763638661667784,8,10,China;Indonesia,False
ipcc_high,Logistic,2110,2.9966468178111656,8,10,China;Indonesia,False
ipcc_high,Logistic,2111,2.5814202563828252,8,10,China;Indonesia,False
ipcc_high,Logistic,2112,2.222537395780009,8,10,China;Indonesia,False
ipcc_high,Logistic,2113,1.9127317134925552,8,10,China;Indonesia,False
ipcc_high,Logistic,2114,1.6455646572381974,8,10,China;Indonesia,False
ipcc_high,Logistic,2115,1.4153626010005027,8,10,China;Indonesia,False
ipcc_high,Logistic,2116,1.2171488219399984,8,10,China;Indonesia,False
ipcc_high,Logistic,2117,1.0465745642003115,8,10,China;Indonesia,False
ipcc_high,Logistic,2118,0.899851936461702,8,10,China;Indonesia,False
ipcc_high,Logistic,2119,0.7736903965093904,8,10,China;Indonesia,False
ipcc_high,Logistic,2120,0.6652378466423697,8,10,China;Indonesia,False
ipcc_high,Logistic,2121,0.572026842281277,8,10,China;Indonesia,False
ipcc_high,Logistic,2122,0.4919260543971754,8,10,China;Indonesia,False
ipcc_high,Logistic,2123,0.42309688463064243,8,10,China;Indonesia,False
ipcc_high,Logistic,2124,0.36395497850042324,8,10,China;Indonesia,False
ipcc_high,Logistic,2125,0.3131362922231478,8,10,China;Indonesia,False
ipcc_high,Logistic,2126,0.2694673235666603,8,10,China;Indonesia,False
ipcc_high,Logistic,2127,0.23193910274796734,8,10,China;Indonesia,False
ipcc_high,Logistic,2128,0.199684545298944,8,10,China;Indonesia,False
ipcc_high,Logistic,2129,0.17195878756057797,8,10,China;Indonesia,False
ipcc_high,Logistic,2130,0.14812215169853107,8,10,China;Indonesia,False
ipcc_high,Logistic,2131,0.12762541715266001,8,10,China;Indonesia,False
ipcc_high,Logistic,2132,0.10999710672180717,8,10,China;Indonesia,False
ipcc_high,Logistic,2133,0.09483252638622976,8,10,China;Indonesia,False
ipcc_high,Logistic,2134,0.08178432744652024,8,10,China;Indonesia,False
ipcc_high,Logistic,2135,0.07055438700539264,8,10,China;Indonesia,False
ipcc_high,Logistic,2136,0.06088682793211421,8,10,China;Indonesia,False
ipcc_high,Logistic,2137,0.052562022125634766,8,10,China;Indonesia,False
ipcc_high,Logistic,2138,0.04539144116332474,8,10,China;Indonesia,False
ipcc_high,Logistic,2139,0.03921323639328931,8,10,China;Indonesia,False
ipcc_high,Logistic,2140,0.03388844636556993,8,10,China;Indonesia,False
ipcc_high,Logistic,2141,0.029297743377741856,8,10,China;Indonesia,False
ipcc_high,Logistic,2142,0.025338643027403147,8,10,China;Indonesia,False
ipcc_high,Logistic,2143,0.021923111204227543,8,10,China;Indonesia,False
ipcc_high,Logistic,2144,0.018975512098445745,8,10,China;Indonesia,False
ipcc_high,Logistic,2145,0.016430848715655914,8,10,China;Indonesia,False
ipcc_high,Logistic,2146,0.014233254222957742,8,10,China;Indonesia,False
ipcc_high,Logistic,2147,0.012334698347060986,8,10,China;Indonesia,False
ipcc_high,Logistic,2148,0.010693878120860638,8,10,China;Indonesia,False
ipcc_high,Logistic,2149,0.009275266643284038,8,10,China;Indonesia,False
ipcc_high,Logistic,2150,0.00804829727080907,8,10,China;Indonesia,False
ipcc_high,Logistic,2151,0.006986663883195444,8,10,China;Indonesia,False
ipcc_high,Logistic,2152,0.006067720632696522,8,10,China;Indonesia,False
ipcc_high,Logistic,2153,0.005271966960517071,8,10,China;Indonesia,False
ipcc_high,Logistic,2154,0.004582605699289913,8,10,China;Indonesia,False
ipcc_high,Logistic,2155,0.003985163825136568,8,10,China;Indonesia,False
ipcc_high,Logistic,2156,0.0034671669182539727,8,10,China;Indonesia,False
ipcc_high,Logistic,2157,0.003017859672490513,8,10,China;Indonesia,False
ipcc_high,Logistic,2158,0.0026279658901597266,8,10,China;Indonesia,False
ipcc_high,Logistic,2159,0.0022894823413955054,8,10,China;Indonesia,False
ipcc_high,Logistic,2160,0.0019955016681942103,8,10,China;Indonesia,False
ipcc_high,Logistic,2161,0.0017400602069583672,8,10,China;Indonesia,False
ipcc_high,Logistic,2162,0.0015180071906263036,8,10,China;Indonesia,False
ipcc_high,Logistic,2163,0.0013248922989895272,8,10,China;Indonesia,False
ipcc_high,Logistic,2164,0.0011568689581345196,8,10,China;Indonesia,False
ipcc_high,Logistic,2165,0.0010106111606633882,8,10,China;Indonesia,False
ipcc_high,Logistic,2166,0.0008832418968255497,8,10,China;Indonesia,False
ipcc_high,Logistic,2167,0.0007722715580751419,8,10,China;Indonesia,False
ipcc_high,Logistic,2168,0.0006755449078164922,8,10,China;Indonesia,False
ipcc_high,Logistic,2169,0.0005911954145205345,8,10,China;Indonesia,False
ipcc_high,Logistic,2170,0.0005176059124065265,8,10,China;Indonesia,False
ipcc_high,Logistic,2171,0.00045337470239881564,8,10,China;Indonesia,False
ipcc_high,Logistic,2172,0.0003972863320675919,8,10,China;Indonesia,False
ipcc_high,Logistic,2173,0.00034828639953663306,8,10,China;Indonesia,False
ipcc_high,Logistic,2174,0.0003054598204693097,8,10,China;Indonesia,False
ipcc_high,Logistic,2175,0.0002680120756704292,8,10,China;Indonesia,False
ipcc_high,Logistic,2176,0.00023525302452160186,8,10,China;Indonesia,False
ipcc_high,Logistic,2177,0.00020658292844284587,8,10,China;Indonesia,False
ipcc_high,Logistic,2178,0.00018148037790276293,8,10,China;Indonesia,False
ipcc_high,Logistic,2179,0.00015949186044138502,8,10,China;Indonesia,False
ipcc_high,Gompertz,2030,0.4662260449793803,7,10,China;Indonesia;Brazil,False
ipcc_high,Gompertz,2031,0.5582673112700345,7,10,China;Indonesia;Brazil,False
ipcc_high,Gompertz,2032,0.6635247566965498,7,10,China;Indonesia;Brazil,False
ipcc_high,Gompertz,2033,0.7829358003755061,7,10,China;Indonesia;Brazil,False
ipcc_high,Gompertz,2034,0.9173548007979428,7,10,China;Indonesia;Brazil,False
ipcc_high,Gompertz,2035,1.0675322169025527,7,10,China;Indonesia;Brazil,False
ipcc_high,Gompertz,2036,1.2340954896532061,7,10,China;Indonesia;Brazil,False
ipcc_high,Gompertz,2037,1.4175322497871428,7,10,China;Indonesia;Brazil,False
ipcc_high,Gompertz,2038,1.6181763627176626,7,10,China;Indonesia;Brazil,False
ipcc_high,Gompertz,2039,1.8361972080324178,7,10,China;Indonesia;Brazil,False
ipcc_high,Gompertz,2040,2.071592465481117,7,10,China;Indonesia;Brazil,False
ipcc_high,Gompertz,2041,2.3241845487680606,7,10,China;Indonesia;Brazil,False
ipcc_high,Gompertz,2042,2.593620699492189,7,10,China;Indonesia;Brazil,False
ipcc_high,Gompertz,2043,2.8793766321364247,7,10,China;Indonesia;Brazil,False
ipcc_high,Gompertz,2044,3.18076351203711,7,10,China;Indonesia;Brazil,False
ipcc_high,Gompertz,2045,3.4969379555400653,7,10,China;Indonesia;Brazil,False
ipcc_high,Gompertz,2046,3.82691466761337,7,10,China;Indonesia;Brazil,False
ipcc_high,Gompertz,2047,4.169581278360309,7,10,China;Indonesia;Brazil,False
ipcc_high,Gompertz,2048,4.523714906350226,7,10,China;Indonesia;Brazil,False
ipcc_high,Gompertz,2049,4.887999962666135,7,10,China;Indonesia;Brazil,False
ipcc_high,Gompertz,2050,5.261046713457202,7,10,China;Indonesia;Brazil,False
ipcc_high,Gompertz,2051,5.641410138376967,7,10,China;Indonesia;Brazil,False
ipcc_high,Gompertz,2052,6.0276086549760635,7,10,China;Indonesia;Brazil,False
ipcc_high,Gompertz,2053,6.418142322078757,7,10,China;Indonesia;Brazil,False
ipcc_high,Gompertz,2054,6.811510185539524,7,10,China;Indonesia;Brazil,False
ipcc_high,Gompertz,2055,7.206226484782676,7,10,China;Indonesia;Brazil,False
ipcc_high,Gompertz,2056,7.600835495620314,7,10,China;Indonesia;Brazil,False
ipcc_high,Gompertz,2057,7.9939248417615945,7,10,China;Indonesia;Brazil,False
ipcc_high,Gompertz,2058,8.384137162257089,7,10,China;Indonesia;Brazil,False
ipcc_high,Gompertz,2059,8.770180073325244,7,10,China;Indonesia;Brazil,False
ipcc_high,Gompertz,2060,9.150834409420114,7,10,China;Indonesia;Brazil,False
ipcc_high,Gompertz,2061,9.524960769216396,7,10,China;Indonesia;Brazil,False
ipcc_high,Gompertz,2062,9.891504426937331,7,10,China;Indonesia;Brazil,False
ipcc_high,Gompertz,2063,10.249498697952848,7,10,China;Indonesia;Brazil,False
ipcc_high,Gompertz,2064,10.598066869897368,7,10,China;Indonesia;Brazil,False
ipcc_high,Gompertz,2065,10.936422826967462,7,10,China;Indonesia;Brazil,False
ipcc_high,Gompertz,2066,11.263870505982426,7,10,China;Indonesia;Brazil,False
ipcc_high,Gompertz,2067,11.579802328759328,7,10,China;Indonesia;Brazil,False
ipcc_high,Gompertz,2068,11.883696756973128,7,10,China;Indonesia;Brazil,False
ipcc_high,Gompertz,2069,12.175115113581748,7,10,China;Indonesia;Brazil,False
ipcc_high,Gompertz,2070,12.453697809742584,7,10,China;Indonesia;Brazil,False
ipcc_high,Gompertz,2071,12.719160108560013,7,10,China;Indonesia;Brazil,False
ipcc_high,Gompertz,2072,12.971287547576317,7,10,China;Indonesia;Brazil,False
ipcc_high,Gompertz,2073,13.209931131195622,7,10,China;Indonesia;Brazil,False
ipcc_high,Gompertz,2074,13.435002392698518,7,10,China;Indonesia;Brazil,False
ipcc_high,Gompertz,2075,13.646468413587641,7,10,China;Indonesia;Brazil,False
ipcc_high,Gompertz,2076,13.84434687606113,7,10,China;Indonesia;Brazil,False
ipcc_high,Gompertz,2077,14.028701212737426,7,10,China;Indonesia;Brazil,False
ipcc_high,Gompertz,2078,14.199635906586915,7,10,China;Indonesia;Brazil,False
ipcc_high,Gompertz,2079,14.357291983542792,7,10,China;Indonesia;Brazil,False
ipcc_high,Gompertz,2080,14.50184273059424,7,10,China;Indonesia;Brazil,False
ipcc_high,Gompertz,2081,14.633489663393659,7,10,China;Indonesia;Brazil,False
ipcc_high,Gompertz,2082,14.75245875958214,7,10,China;Indonesia;Brazil,False
ipcc_high,Gompertz,2083,14.858996967166746,7,10,China;Indonesia;Brazil,False
ipcc_high,Gompertz,2084,14.953368991357097,7,10,China;Indonesia;Brazil,False
ipcc_high,Gompertz,2085,15.035854358252482,7,10,China;Indonesia;Brazil,False
ipcc_high,Gompertz,2086,15.106744749615148,7,10,China;Indonesia;Brazil,False
ipcc_high,Gompertz,2087,15.166341599608756,7,10,China;Indonesia;Brazil,False
ipcc_high,Gompertz,2088,15.214953941754398,7,10,China;Indonesia;Brazil,False
ipcc_high,Gompertz,2089,15.25289649238681,7,10,China;Indonesia;Brazil,False
ipcc_high,Gompertz,2090,15.280487955505567,7,10,China;Indonesia;Brazil,False
ipcc_high,Gompertz,2091,15.298049533035568,7,10,China;Indonesia;Brazil,False
ipcc_high,Gompertz,2092,15.305903624066625,7,10,China;Indonesia;Brazil,False
ipcc_high,Gompertz,2093,15.304372696564442,7,10,China;Indonesia;Brazil,False
ipcc_high,Gompertz,2094,15.293778315271751,7,10,China;Indonesia;Brazil,False
ipcc_high,Gompertz,2095,15.274440309989826,7,10,China;Indonesia;Brazil,False
ipcc_high,Gompertz,2096,15.24667606909465,7,10,China;Indonesia;Brazil,False
ipcc_high,Gompertz,2097,15.210799943951232,7,10,China;Indonesia;Brazil,False
ipcc_high,Gompertz,2098,15.16712275080274,7,10,China;Indonesia;Brazil,False
ipcc_high,Gompertz,2099,15.11595135769247,7,10,China;Indonesia;Brazil,False
ipcc_high,Gompertz,2100,15.057588344995269,7,10,China;Indonesia;Brazil,False
ipcc_high,Gompertz,2101,14.992331729165766,7,10,China;Indonesia;Brazil,False
ipcc_high,Gompertz,2102,14.92047474033191,7,10,China;Indonesia;Brazil,False
ipcc_high,Gompertz,2103,14.842305645357417,7,10,China;Indonesia;Brazil,False
ipcc_high,Gompertz,2104,14.758107608951955,7,10,China;Indonesia;Brazil,False
ipcc_high,Gompertz,2105,14.66815858631358,7,10,China;Indonesia;Brazil,False
ipcc_high,Gompertz,2106,14.572731241636435,7,10,China;Indonesia;Brazil,False
ipcc_high,Gompertz,2107,14.472092887603543,7,10,China;Indonesia;Brazil,False
ipcc_high,Gompertz,2108,14.36650544170672,7,10,China;Indonesia;Brazil,False
ipcc_high,Gompertz,2109,14.256225395892132,7,10,China;Indonesia;Brazil,False
ipcc_high,Gompertz,2110,14.141503796621445,7,10,China;Indonesia;Brazil,False
ipcc_high,Gompertz,2111,14.022586232965999,7,10,China;Indonesia;Brazil,False
ipcc_high,Gompertz,2112,13.899712830817922,7,10,China;Indonesia;Brazil,False
ipcc_high,Gompertz,2113,13.77311825170985,7,10,China;Indonesia;Brazil,False
ipcc_high,Gompertz,2114,13.64303169508865,7,10,China;Indonesia;Brazil,False
ipcc_high,Gompertz,2115,13.50967690319079,7,10,China;Indonesia;Brazil,False
ipcc_high,Gompertz,2116,13.373272167923059,7,10,China;Indonesia;Brazil,False
ipcc_high,Gompertz,2117,13.234030339365566,7,10,China;Indonesia;Brazil,False
ipcc_high,Gompertz,2118,13.092158835688824,7,10,China;Indonesia;Brazil,False
ipcc_high,Gompertz,2119,12.947859654417261,7,10,China;Indonesia;Brazil,False
ipcc_high,Gompertz,2120,12.801329385081544,7,10,China;Indonesia;Brazil,False
ipcc_high,Gompertz,2121,12.652759223385491,7,10,China;Indonesia;Brazil,False
ipcc_high,Gompertz,2122,12.502334987073388,7,10,China;Indonesia;Brazil,False
ipcc_high,Gompertz,2123,12.350237133723796,7,10,China;Indonesia;Brazil,False
ipcc_high,Gompertz,2124,12.196640780719092,7,10,China;Indonesia;Brazil,False
ipcc_high,Gompertz,2125,12.04171572764905,7,10,China;Indonesia;Brazil,False
ipcc_high,Gompertz,2126,11.885626481404197,7,10,China;Indonesia;Brazil,False
ipcc_high,Gompertz,2127,11.728532284202497,7,10,China;Indonesia;Brazil,False
ipcc_high,Gompertz,2128,11.570587144773516,7,10,China;Indonesia;Brazil,False
ipcc_high,Gompertz,2129,11.411939872898905,7,10,China;Indonesia;Brazil,False
ipcc_high,Gompertz,2130,11.2527341174789,7,10,China;Indonesia;Brazil,False
ipcc_high,Gompertz,2131,11.093108408262191,7,10,China;Indonesia;Brazil,False
ipcc_high,Gompertz,2132,10.933196201343051,7,10,China;Indonesia;Brazil,False
ipcc_high,Gompertz,2133,10.77312592849492,7,10,China;Indonesia;Brazil,False
ipcc_high,Gompertz,2134,10.613021050375615,7,10,China;Indonesia;Brazil,False
ipcc_high,Gompertz,2135,10.453000113605723,7,10,China;Indonesia;Brazil,False
ipcc_high,Gompertz,2136,10.293176811689733,7,10,China;Indonesia;Brazil,False
ipcc_high,Gompertz,2137,10.133660049719131,7,10,China;Indonesia;Brazil,False
ipcc_high,Gompertz,2138,9.974554012768435,7,10,China;Indonesia;Brazil,False
ipcc_high,Gompertz,2139,9.815958237869381,7,10,China;Indonesia;Brazil,False
ipcc_high,Gompertz,2140,9.65796768942501,7,10,China;Indonesia;Brazil,False
ipcc_high,Gompertz,2141,9.500672837904672,7,10,China;Indonesia;Brazil,False
ipcc_high,Gompertz,2142,9.344159741642862,7,10,China;Indonesia;Brazil,False
ipcc_high,Gompertz,2143,9.18851013154918,7,10,China;Indonesia;Brazil,False
ipcc_high,Gompertz,2144,9.033801498523854,7,10,China;Indonesia;Brazil,False
ipcc_high,Gompertz,2145,8.880107183362679,7,10,China;Indonesia;Brazil,False
ipcc_high,Gompertz,2146,8.727496468927223,7,10,China;Indonesia;Brazil,False
ipcc_high,Gompertz,2147,8.576034674350257,7,10,China;Indonesia;Brazil,False
ipcc_high,Gompertz,2148,8.425783251042581,7,10,China;Indonesia;Brazil,False
ipcc_high,Gompertz,2149,8.276799880265786,7,10,China;Indonesia;Brazil,False
ipcc_high,Gompertz,2150,8.12913857203535,7,10,China;Indonesia;Brazil,False
ipcc_high,Gompertz,2151,7.982849765120234,7,10,China;Indonesia;Brazil,False
ipcc_high,Gompertz,2152,7.837980427908318,7,10,China;Indonesia;Brazil,False
ipcc_high,Gompertz,2153,7.694574159911396,7,10,China;Indonesia;Brazil,False
ipcc_high,Gompertz,2154,7.552671293689203,7,10,China;Indonesia;Brazil,False
ipcc_high,Gompertz,2155,7.4123089969785045,7,10,China;Indonesia;Brazil,False
ipcc_high,Gompertz,2156,7.273521374820945,7,10,China;Indonesia;Brazil,False
ipcc_high,Gompertz,2157,7.136339571491493,7,10,China;Indonesia;Brazil,False
ipcc_high,Gompertz,2158,7.000791872038308,7,10,China;Indonesia;Brazil,False
ipcc_high,Gompertz,2159,6.866903803254184,7,10,China;Indonesia;Brazil,False
ipcc_high,Gompertz,2160,6.734698233909493,7,10,China;Indonesia;Brazil,False
ipcc_high,Gompertz,2161,6.604195474086562,7,10,China;Indonesia;Brazil,False
ipcc_high,Gompertz,2162,6.475413373465669,7,10,China;Indonesia;Brazil,False
ipcc_high,Gompertz,2163,6.34836741842308,7,10,China;Indonesia;Brazil,False
ipcc_high,Gompertz,2164,6.22307082781196,7,10,China;Indonesia;Brazil,False
ipcc_high,Gompertz,2165,6.099534647307134,7,10,China;Indonesia;Brazil,False
ipcc_high,Gompertz,2166,5.977767842204968,7,10,China;Indonesia;Brazil,False
ipcc_high,Gompertz,2167,5.857777388579528,7,10,China;Indonesia;Brazil,False
ipcc_high,Gompertz,2168,5.739568362705972,7,10,China;Indonesia;Brazil,False
ipcc_high,Gompertz,2169,5.623144028671661,7,10,China;Indonesia;Brazil,False
ipcc_high,Gompertz,2170,5.5085059241046865,7,10,China;Indonesia;Brazil,False
ipcc_high,Gompertz,2171,5.395653943958403,7,10,China;Indonesia;Brazil,False
ipcc_high,Gompertz,2172,5.284586422299169,7,10,China;Indonesia;Brazil,False
ipcc_high,Gompertz,2173,5.175300212052613,7,10,China;Indonesia;Brazil,False
ipcc_high,Gompertz,2174,5.067790762671664,7,10,China;Indonesia;Brazil,False
ipcc_high,Gompertz,2175,4.96205219569695,7,10,China;Indonesia;Brazil,False
ipcc_high,Gompertz,2176,4.858077378187256,7,10,China;Indonesia;Brazil,False
ipcc_high,Gompertz,2177,4.755857994004383,7,10,China;Indonesia;Brazil,False
ipcc_high,Gompertz,2178,4.655384612942961,7,10,China;Indonesia;Brazil,False
ipcc_high,Gompertz,2179,4.556646757701707,7,10,China;Indonesia;Brazil,False
