Country ,Growth,Storage ,Rate,Global
US,13.381,19.33367223,0.60912252,2
US,7.367,23.20982725,0.24431065,2
US,6.039,6.53324373,0.081658837,2
US,4.966,5.520407192,0.054793891,2
US,8.497,334.9933678,0.486961384,2
US,5.829,57.05055597,0.183344685,2
US,10.461,62.15251909,0.714837568,2
US,5.739,10.22828607,0.109566169,2
US,14.106,47.93163131,1.339211897,2
US,6.616,46.71566697,0.231548916,2
US,11.414,22.36415041,0.55025112,2
US,6.76,102.1438192,0.262998492,2
US,6.444,13.33887845,0.152006202,2
US,11.813,112.8783769,1.122816377,2
US,11.494,30.70351988,0.679681304,2
US,10.694,128.7208798,0.866586525,2
US,11.913,26.69500688,0.66942362,2
US,10.124,13.5693513,0.30761052,2
US,9.521,13.18740876,0.276269564,2
US,12.767,22.94626795,0.670461112,2
US,10.641,192.5234413,0.892217664,2
US,12.166,30.96763587,0.765829232,2
US,8.064,18.10486245,0.260309235,2
US,8.871,43.49742102,0.437247515,2
US,12.058,168.8283486,1.2749104,2
US,6.496,6.58944361,0.089088216,2
US,6.433,13.84327412,0.15458723,2
US,16.08,35.41491936,1.36509673,2
US,16.273,32.04701573,1.259814118,2
US,8.548,17.00262866,0.278662824,2
US,13.764,28.34452839,0.895971515,3
US,7.645,109.3883763,0.353177381,3
US,9.895,52.51713048,0.595034601,3
US,12.532,54.19267245,1.074015538,3
US,11.406,17.545092,0.452611217,3
US,15.688,35.01276509,1.302932432,3
US,11.494,31.32332806,0.683669957,3
US,10.744,121.5765354,0.871515327,3
US,10.475,112.8783769,0.799746135,3
US,14.413,32.9751828,1.090889444,3
US,7.283,8.617973549,0.133452224,3
US,13.644,20.29521715,0.65474958,3
US,13.77,25.7223435,0.825668553,3
US,6.79,104.5037288,0.266838554,3
US,12.962,19.72395869,0.59911147,3
US,10.544,82.92679472,0.775101341,3
US,11.473,18.52315344,0.479458315,3
US,12.193,53.12033871,1.00139077,3
US,7.604,10.7369818,0.170277202,3
US,7.776,17.34585863,0.239009038,3
US,10.673,140.6331861,0.86135533,3
US,12.904,27.783663,0.79360145,3
US,10.429,29.5848017,0.545122302,3
US,11.236,16.05893844,0.411559385,3
US,11.492,43.74651203,0.803555192,3
US,13.26,34.9129421,0.974316008,3
US,10.753,32.9751828,0.611582301,3
US,10.545,16.80955523,0.390888182,3
US,12.779,54.34762,1.130605375,3
US,10.311,28.10278429,0.518351832,3
US,13.05,70.07080906,1.319119496,3
US,12.9,21.54928678,0.644161603,3
US,10.116,13.37701694,0.303149592,3
US,14.396,33.16401748,1.091393491,3
US,4.953,24.43381159,0.11874965,3
US,13.008,22.55652997,0.679269954,3
US,10.083,46.05351093,0.600678125,3
US,9.615,15.51805517,0.318427524,3
US,9.891,320.9495578,0.737154335,3
US,11.691,121.2299152,1.099413545,3
US,13.251,32.04701573,0.922998967,3
US,12.746,34.31995243,0.892220958,3
US,12.774,26.46733118,0.751005467,3
US,13.094,67.32520222,1.315291835,3
US,13.2,42.63671883,1.093626949,3
US,14.664,59.54692074,1.658932397,3
US,14.033,26.77133318,0.879872629,3
US,13.629,20.29521715,0.652928923,3
US,16.542,32.88116905,1.313275071,3
US,9.244,43.99702948,0.481766456,3
US,10.07,32.50778679,0.52790492,3
US,13.98,35.82169275,1.101273209,3
US,11.096,15.92197537,0.40179432,3
US,10.968,26.01778861,0.560525647,3
US,12.949,27.70445051,0.796372778,3
US,12.599,41.67389383,0.968681415,3
US,12.486,20.52832666,0.589864635,3
US,9.197,23.27618873,0.37632519,3
US,11.234,129.8281549,0.990136051,3
US,15.27,66.1816965,1.925768397,3
US,9.142,30.52869518,0.417168452,3
US,10.765,52.51713048,0.733190232,3
US,8.305,24.43381159,0.31559609,3
US,13.516,29.92461075,0.905680935,3
US,14.095,48.20611514,1.345373848,3
US,11.027,28.1831357,0.593973025,3
US,14.249,32.9751828,1.070117828,3
US,11.638,428.2258947,1.227020074,3
US,14.726,34.22210468,1.161734243,3
US,15.599,28.1831357,1.055162246,3
US,12.282,34.61517748,0.831192174,3
US,8.524,41.43660423,0.3949549,3
US,9.594,27.70445051,0.444804121,3
US,16.876,35.11287349,1.433361446,3
US,14.731,23.88204576,0.839073683,3
US,9.675,154.969602,0.660447551,3
US,6.44,12.27892714,0.145136086,3
US,6.911,14.40782034,0.178005935,3
US,12.292,27.15625062,0.71449384,3
US,9.724,122.6223539,0.654163306,3
US,11.809,30.09597612,0.707338539,3
US,15.001,24.99832531,0.896887624,3
US,15.497,42.03237851,1.488239386,3
US,10.331,11.11122031,0.258770069,3
US,6.286,20.0075492,0.171951377,3
US,12.443,17.24709195,0.50059797,3
US,13.696,37.92672485,1.095331836,3
US,13.989,49.17924605,1.343893822,3
US,8.387,24.99832531,0.323721813,3
US,9.78,11.33552115,0.248559938,3
US,12.22,135.1227111,1.285234823,3
US,9.982,190.8814523,0.739207228,3
US,13.537,72.92838522,1.484691489,3
US,11.436,36.02682817,0.730886492,3
US,16.819,40.84927455,1.652784038,3
US,12.928,22.04715703,0.6601756,4
US,14.047,33.64084876,1.056166812,4
US,12.201,28.26371685,0.727666921,4
US,7.723,9.046581659,0.150487587,4
US,16.301,41.67389383,1.606794212,4
US,11.743,152.3374729,1.152664094,4
US,16.465,43.24974833,1.68496439,4
US,11.725,138.2445582,1.145615437,4
US,10.424,159.0033133,0.817901291,4
US,13.206,50.45933502,1.190484521,4
US,15.554,73.76603576,2.143649489,4
US,13.686,139.8324259,1.822781928,4
US,13.846,120.8842832,1.832048444,4
US,14.904,29.83929432,1.053489388,4
US,12.595,167.8670462,1.455476712,4
US,14.153,98.42209124,1.854759129,4
US,13.86,158.0979543,1.947405957,4
US,17.954,56.72571223,2.431641421,4
US,14.85,56.56398463,1.667444697,4
US,10.477,16.15090107,0.374877456,4
US,13.055,19.72395869,0.602807496,4
US,13.181,200.9477017,1.737364037,4
US,11.403,30.44165648,0.665119443,4
US,11.991,16.76163042,0.465868805,4
US,13.893,53.42453603,1.373794534,4
US,8.928,25.79588875,0.371400239,4
US,15.657,48.34394594,1.687781608,4
US,11.345,30.61598275,0.657895131,4
US,13.508,38.36234866,1.073357641,4
US,16.759,63.95262185,2.351730985,4
US,13.709,25.79588875,0.820914184,4
US,8.696,8.918353828,0.170159574,4
US,14.422,63.22640757,1.639562091,4
US,18.402,56.72571223,2.51977545,4
US,12.661,70.07080906,1.223972386,4
US,9.476,40.15545741,0.49561261,4
US,16.332,65.43016996,2.239282884,4
US,14.17,104.5037288,1.883525717,4
US,13.871,114.5013389,1.816256029,4
US,14.667,36.12983598,1.207020934,4
US,16.455,52.66728731,1.972540959,4
US,12.506,243.310295,1.48539384,4
US,9.649,72.30639545,0.594751294,4
US,11.836,15.92197537,0.435228187,4
US,13.304,39.47342462,1.058881382,4
US,13.449,103.9086884,1.615288867,4
US,10.186,17.4451909,0.379804559,4
US,14.661,108.7655229,2.132967768,4
US,12.817,31.05617845,0.848538795,4
US,10.905,27.62546386,0.574064337,4
US,15.304,58.70289226,1.81770511,4
US,13.261,273.5261923,1.840963923,4
US,12.833,85.08530025,1.33883521,4
US,11.053,419.7524045,1.039990427,4
US,14.561,28.67009174,0.985528207,4
US,13.723,28.83427302,0.904675471,4
US,12.713,43.37340789,1.013882082,4
US,13.986,63.0461462,1.511331199,4
US,16.446,43.37340789,1.687323591,4
US,10.272,14.36674298,0.329286818,4
US,18.578,50.8933933,2.309412243,4
US,17.222,54.81512586,2.204667643,4
US,12.395,78.9978967,1.187509268,4
US,14.829,58.70289226,1.696280898,4
US,17.327,43.00348587,1.80331489,4
US,3.937,8.617973549,0.058373817,4
US,17.423,66.1816965,2.593787852,4
US,16.419,37.81859402,1.491324151,4
US,14.806,48.20611514,1.503196898,4
US,15.207,51.92077197,1.667669297,4
US,17.636,44.12282567,1.891428402,4
US,13.759,147.2065739,1.882604894,4
US,9.378,9.308594797,0.192937438,4
US,13.136,100.4089259,1.507457758,4
US,14.329,31.68310571,1.046759538,4
US,12.465,84.84271818,1.240941688,4
US,13.972,62.50843982,1.513502992,4
US,16.231,40.38541043,1.554898483,4
US,14.475,27.70445051,0.946858746,4
US,12.555,63.22640757,1.143945524,4
US,13.405,116.1476358,1.654903558,4
US,17.821,67.32520222,2.752756432,4
US,14.064,22.36415041,0.745294575,4
US,17.43,40.27026979,1.703137334,4
US,17.625,48.89922126,2.078487914,4
US,13.826,32.32268866,0.999937824,4
US,12.27,106.0062803,1.253363045,4
US,16.596,65.24362556,2.32565938,4
US,16.218,49.74411558,1.836197805,4
US,13.807,25.57588143,0.825226044,4
US,12.316,481.4058461,1.499035272,4
US,14.244,38.80297603,1.205517803,4
US,15.587,90.08526743,2.353607802,4
US,13.232,33.35393354,0.942937489,4
US,13.64,107.8378863,1.71880894,4
US,13.154,22.04715703,0.676242972,4
US,14.902,66.37092303,1.824570193,4
US,18.033,47.25223999,2.074302009,4
US,14.355,149.3231057,2.156047801,4
US,13.2,227.196377,1.770192407,4
US,16.937,51.18483786,2.02668167,4
US,15.869,80.13372615,2.357958017,4
US,19.015,53.12033871,2.471299603,4
US,12.657,50.60360821,1.071802128,4
US,16.408,43.24974833,1.67932181,4
US,16.415,59.71717713,2.138138666,4
US,13.585,45.01352772,1.196880465,4
US,15.461,32.2305352,1.188285566,4
US,17.144,46.4496697,1.906789615,4
US,11.829,72.51313371,1.021055738,4
US,11.733,20.94272946,0.546393228,4
US,15.377,45.14223028,1.547979697,4
US,16.584,40.7328114,1.616689965,4
US,15.617,197.5346433,3.071152081,4
US,15.844,34.81340371,1.316811388,4
US,14.432,35.21326813,1.15142255,4
US,17.236,42.15255738,1.761543566,4
US,15.984,30.79130731,1.187309878,4
US,16.791,43.37340789,1.744010561,4
US,18.901,50.45933502,2.331169652,4
US,14.558,29.33247959,1.00510248,4
US,12.73,64.68717737,1.200293222,4
US,13.757,33.44929902,1.012549778,4
US,14.868,35.5161776,1.216711563,4
US,15.793,36.64930971,1.370723249,4
US,17.245,50.8933933,2.080055081,4
US,16.209,32.88116905,1.285761536,4
US,16.852,49.60229283,1.96266783,4
US,14.97,61.79862496,1.777061404,4
US,16.06,36.02682817,1.384766354,4
US,13.007,67.32520222,1.282553116,4
US,14.977,115.8164936,2.302363916,4
US,17.801,66.75100074,2.726962639,4
US,14.347,390.8356286,2.49330914,4
US,14.72,53.88410139,1.578642126,4
US,14.927,31.68310571,1.112849856,4
US,14.285,63.40718435,1.602411588,4
US,13.951,129.0889182,1.92139774,4
US,16.7,35.11287349,1.41716442,4
US,4.718,6.349349626,0.059652956,4
US,12.024,144.2937341,1.236020607,4
US,12.759,412.62299,1.657661864,4
US,12.848,38.03516484,0.963845684,4
US,14.421,58.70289226,1.588048202,4
US,12.868,100.4089259,1.413549244,4
US,17.991,46.71566697,2.049160207,4
US,17.379,43.37340789,1.828550276,4
US,14.215,77.87816669,1.722951027,4
US,11.634,23.27618873,0.582861285,4
US,13.986,75.25514165,1.639176994,4
US,13.978,118.4922938,1.874373392,4
US,18.053,52.0692237,2.273803352,4
US,16.455,36.85918453,1.460134694,4
US,16.991,71.6897105,2.59834564,4
US,15.517,79.45028366,2.204245512,4
US,15.35,191.42722,2.848296379,4
US,12.944,44.62961749,1.062106708,4
US,10.347,90.08526743,0.744418105,4
US,15.337,83.40168078,2.193115769,4
US,16.66,60.05915171,2.213934552,4
US,18.164,66.94185503,2.834077131,4
US,16.356,51.03890756,1.900712969,4
US,17.031,40.7328114,1.676793119,4
US,17.84,49.17924605,2.12303837,4
US,17.443,47.11752169,1.979435348,4
US,12.701,217.0511106,1.556091753,4
US,15.715,80.59261752,2.304577988,4
US,18.759,50.8933933,2.3324137,4
US,17.594,42.5151596,1.816924696,4
US,14.514,46.18518701,1.397798252,4
US,10.796,11.7306218,0.287084903,4
US,16.151,34.02724529,1.321515873,4
US,15.613,52.9688902,1.77991527,4
US,15.73,28.75206519,1.088678125,4
US,14.329,37.60325636,1.189992886,4
US,17.464,57.70583483,2.353379161,4
US,14.076,239.8615723,2.206232556,5
US,16.111,68.48846576,2.235275762,5
US,15.048,80.82304771,2.059193924,5
US,16.789,48.89922126,1.928714479,5
US,15.536,43.99702948,1.552589535,5
US,14.719,131.6948203,2.285555178,5
US,15.478,44.75722237,1.554450989,5
US,16.607,84.3596269,2.723351371,5
US,11.973,351.6539984,1.339012863,5
US,13.439,29.08230948,0.879182105,5
US,15.092,159.9138568,2.575902338,5
US,14.722,28.99939449,1.00865926,5
US,16.477,72.51313371,2.453680466,5
US,15.773,292.9260555,3.400012912,5
US,13.828,208.5463278,2.027439965,5
US,14.623,130.1993592,2.228112291,5
US,11.856,129.8281549,1.162128185,5
US,15.066,71.48531986,1.931813645,5
US,15.28,26.24159728,0.961093895,5
US,14.823,62.33022541,1.745769215,5
US,17.789,44.24898154,1.914902634,5
US,15.862,54.97185312,1.883897847,5
US,17.32,66.5606906,2.573636808,5
US,13.928,220.1718652,2.124127564,5
US,11.242,26.16678129,0.59315313,5
US,10.672,31.86454122,0.593982966,5
US,15.645,77.43473131,2.236224966,5
US,18.08,68.09849498,2.85788108,5
US,14.329,56.56398463,1.52285693,5
US,16.584,49.31985922,1.902547901,5
US,13.406,205.5903557,1.83444676,5
US,13.927,308.373689,2.185859572,5
US,13.158,59.88792033,1.271768402,5
US,14.111,165.0158565,2.106994499,5
US,14.525,99.55256078,2.012814641,5
US,17.358,63.95262185,2.518372705,5
US,13.617,127.6230484,1.776571389,5
US,17.613,56.88790223,2.365999144,5
US,15.703,59.71717713,1.95282674,5
US,17.122,49.60229283,2.008976107,5
US,15.846,89.82843022,2.484393733,5
US,16.311,106.9181613,2.906573422,5
US,18.049,52.9688902,2.309788069,5
US,13.126,179.2604864,1.692558066,5
US,17.633,45.27130083,1.937184438,5
US,16.555,54.81512586,2.051576687,5
US,18.966,64.50275128,2.956049122,5
US,16.361,72.51313371,2.394012169,5
US,14.188,60.7489871,1.544700048,5
US,17.681,96.19951754,3.417469869,5
US,15.291,52.36740174,1.691811729,5
US,17.731,65.24362556,2.672027505,5
US,14.339,47.25223999,1.381848072,5
US,15.553,53.12033871,1.766582984,5
US,17.971,59.54692074,2.531724125,5
US,12.292,34.02724529,0.825143676,5
US,16.081,79.6774477,2.411244215,5
US,15.722,106.6133327,2.610795346,5
US,15.797,73.55572543,2.228635657,5
US,14.479,43.49742102,1.342871975,5
US,13.398,247.5142778,1.890008363,5
US,16.42,57.37725995,2.088817652,5
US,13.838,200.3747906,2.01581674,5
US,16.938,52.9688902,2.087326391,5
US,15.35,31.59277573,1.157067715,5
US,15.25,118.4922938,2.461543322,5
US,17.633,83.64014265,3.121773182,5
US,18.033,42.75862562,1.880841873,5
US,16.446,48.48217082,1.847572928,5
US,15.3,45.27130083,1.535757407,5
US,17.307,57.70583483,2.322953511,5
US,18.693,66.37092303,2.964103584,5
US,18.041,49.88634382,2.181920472,5
US,13.556,61.79862496,1.383670637,5
US,15.74,75.25514165,2.230406599,5
US,12.073,22.62102354,0.607547455,5
US,14.695,36.23313831,1.211853868,5
US,14.541,281.4482405,2.532601788,5
US,15.081,110.0147964,2.31969063,5
US,13.914,143.0630853,1.938615198,5
US,15.711,110.9611592,2.639123429,5
US,17.343,47.65871039,1.985514824,5
US,14.383,127.2591893,2.088935598,5
US,16.654,53.73047536,2.047975288,5
US,17.834,52.66728731,2.257858227,5
US,14.06,191.9745482,2.10859713,5
US,15.412,129.8281549,2.611961478,5
US,10.173,133.5883246,0.75258373,5
US,14.503,101.8526025,2.029634671,5
US,16.102,58.36864018,2.025278155,5
US,13.284,39.92681373,1.061470142,5
US,18.894,62.68716379,2.862569893,5
US,14.399,274.3082577,2.453931958,5
US,15.685,230.4629999,3.198352774,5
US,17.166,57.70583483,2.27394945,5
US,14.626,68.6842878,1.772636628,5
US,15.569,123.3245593,2.638499501,5
US,18.653,48.75980735,2.225874021,5
US,18.914,64.50275128,2.953061774,5
US,16.156,73.3460147,2.351016065,5
US,17.6,63.22640757,2.568695689,5
US,13.984,167.8670462,2.052935738,5
US,16.724,147.2065739,3.513864792,5
US,15.514,32.78742334,1.211362109,5
US,18.168,71.89468553,3.009837915,5
US,14.921,79.90526124,1.980386354,5
US,15.641,116.8127633,2.65638028,5
US,16.646,49.31985922,1.911882112,5
US,16.226,99.55256078,2.777330939,5
US,17.789,61.97531942,2.575210233,5
US,18.748,70.87563768,3.14479277,5
US,14.387,127.6230484,2.093316961,5
US,17.272,57.21367477,2.298093569,5
US,16.688,89.57232527,2.832031458,5
US,15.288,108.1462161,2.421237273,5
US,15.162,101.2726576,2.294262772,5
US,15.668,63.77029,2.003712524,5
US,18.332,46.05351093,2.062376186,5
US,18.279,66.5606906,2.856256877,5
US,14.955,99.83720119,2.194834225,5
US,18.32,58.36864018,2.572751469,5
US,16.186,54.19267245,1.949278649,5
US,15.42,28.75206519,1.063369123,5
US,15.625,265.0692442,3.229366339,5
US,18.235,103.0224746,3.85688925,5
US,15.813,148.8973787,2.934868087,5
US,19.325,66.94185503,3.143398545,5
US,15.273,188.7138971,2.817015125,5
US,16.348,111.278419,2.946845855,5
US,16.183,71.6897105,2.323541839,5
US,14.963,191.9745482,2.610214535,5
US,17.376,140.2322344,3.877014918,5
US,17.623,58.20222852,2.409732837,5
US,16.845,105.7040516,3.156023755,5
US,18.299,64.68717737,2.801112724,5
US,18.853,85.32857591,3.664368196,5
US,16.852,69.47319092,2.502239004,5
US,14.99,172.2364657,2.599426027,5
US,15.078,71.07828511,1.948468355,5
US,12.413,53.42453603,1.045054602,5
US,18.302,61.79862496,2.691956661,5
US,16.82,133.5883246,3.452268039,5
US,16.783,62.68716379,2.326830634,5
US,19.777,65.80486038,3.190438137,5
US,15.682,53.88410139,1.814716804,5
US,18.274,83.40168078,3.377072216,5
US,17.85,79.45028366,3.101030675,5
US,14.108,126.5345802,1.963880029,5
US,15.713,183.9264663,3.060334226,5
US,12.99,119.8532884,1.516147914,5
US,17.349,103.9086884,3.395043989,5
US,18.759,52.9688902,2.425868154,5
US,19.273,54.34762,2.565646557,5
US,16.959,75.90249694,2.670518327,5
US,15.671,405.6146672,3.501072326,5
US,19.455,59.54692074,2.834017374,5
US,19.347,70.47207443,3.298173105,5
US,15.361,79.6774477,2.147697026,5
US,16.256,91.11998077,2.677296815,5
US,13.79,212.1496492,2.033098337,5
US,14.981,94.29597627,2.162380706,5
US,15.654,237.1378231,3.174634393,5
US,17.408,50.31547315,2.093037039,5
US,15.986,133.97028,2.955171978,5
US,17.084,38.47203419,1.593022992,5
US,18.63,65.057613,2.897419646,5
US,16.061,53.57728733,1.898795554,5
US,11.632,129.0889182,1.093900778,5
US,18.878,63.77029,2.91277137,5
US,16.115,41.67389383,1.581567553,5
US,17.509,42.15255738,1.790665865,5
US,18.285,53.27222024,2.363405977,5
US,16.917,190.3372405,3.961502484,5
US,16.739,209.7405829,3.92864783,5
US,16.008,318.2122513,3.636605315,5
US,16.209,200.3747906,3.469592251,5
US,19.389,71.48531986,3.339715245,5
US,15.9,59.03905847,1.980393575,5
US,15.125,361.8388363,3.030672799,5
US,18.152,129.0889182,4.26011659,5
US,19.147,68.48846576,3.162735383,5
US,17.511,54.03816667,2.244547963,5
US,18.906,62.33022541,2.855097114,5
US,16.223,152.7730358,3.25749014,6
US,14.796,450.8086475,2.835380527,6
US,18.927,95.92524833,3.999802835,6
US,15.856,128.3538907,2.832267187,6
US,17.034,109.3883763,3.320883219,6
US,15.942,124.030786,2.864631278,6
US,18.511,59.88792033,2.668308151,6
US,15.994,78.54808561,2.371270834,6
US,16.81,57.8708272,2.195700894,6
US,8.12,75.0405858,0.392033497,6
US,17.192,75.90249694,2.77954291,6
US,16.322,58.87073542,2.098775062,6
US,18.699,62.50843982,2.817968967,6
US,15.67,463.8652685,3.533417323,6
US,16.685,135.8965008,3.40314316,6
US,19.528,71.6897105,3.386614162,6
US,19.576,88.80838309,4.065643677,6
US,15.522,198.6658392,2.989983491,6
US,16.97,137.0655015,3.605848013,6
US,16.414,66.5606906,2.286763804,6
US,18.974,58.36864018,2.70291349,6
US,12.927,191.42722,1.61059979,6
US,15.995,119.5115812,2.846455392,6
US,16.138,194.179555,3.431075746,6
US,18.111,92.95940861,3.538383988,6
US,19.609,86.55542769,3.994515596,6
US,18.71,70.07080906,3.103214525,6
US,19.066,67.133255,3.085487474,6
US,14.689,75.25514165,1.854423249,6
US,17.621,107.8378863,3.598853572,6
US,17.46,150.6076041,4.104996375,6
US,16.665,75.0405858,2.557816156,6
US,13.65,245.4032843,1.99562025,6
US,14.52,207.3588728,2.417037388,6
US,18.131,64.87213078,2.761421711,6
US,17.112,90.60114699,3.04777776,6
US,16.09,120.1959726,2.90808389,6
US,17.163,92.95940861,3.091391341,6
US,16,62.15251909,2.074705733,6
US,19.897,75.68609546,3.663362706,6
US,15.67,159.4579351,2.946236059,6
US,13.918,279.0478319,2.171565884,6
US,14.725,108.4554275,2.159246521,6
US,18.37,111.596586,4.108158775,6
US,16.259,158.0979543,3.314858075,6
US,18.765,92.95940861,3.857953888,6
US,18.237,54.97185312,2.42245178,6
US,19.391,65.61724772,3.098594874,6
US,16.992,92.16657876,3.015282461,6
US,17.141,200.3747906,4.232703136,6
US,19.562,83.87928632,3.883042472,6
US,13.842,61.44674589,1.465224061,6
US,14.55,130.1993592,2.196598359,6
US,14.591,395.3247404,2.650931633,6
US,19.243,88.0509564,3.908375931,6
US,17.485,137.8504167,3.937758428,6
US,15.866,61.62243426,2.027575572,6
US,19.072,78.10083574,3.503191315,6
US,18.21,101.2726576,3.79324551,6
US,18.145,50.74829392,2.23856787,6
US,14.628,167.8670462,2.359564975,6
US,19.502,65.99300946,3.144805055,6
US,16.897,320.034516,4.435834466,6
US,16.459,212.7562269,3.726970689,6
US,16.752,169.7951559,3.735508007,6
US,16.529,98.42209124,2.876424207,6
US,19.085,71.89468553,3.282564505,6
US,18.971,77.87816669,3.455482394,6
US,18.329,60.23087267,2.650310947,6
US,15.107,194.179555,2.718052834,6
US,16.16,239.8615723,3.580835823,6
US,17.219,100.4089259,3.271313845,6
US,16.508,182.3577989,3.619724388,6
US,18.513,78.9978967,3.341261024,6
US,17.302,144.7062983,3.876163128,6
US,15.726,124.030786,2.736622022,6
US,18.254,50.02897872,2.226344688,6
US,15.357,66.1816965,1.952590603,6
US,18.212,77.43473131,3.183027092,6
US,15.055,91.38051077,2.155288537,6
US,13.852,83.87928632,1.645855532,6
US,19.025,81.51829892,3.611532196,6
US,17.924,81.05413676,3.179081624,6
US,15.785,72.51313371,2.197497794,6
US,19.129,78.10083574,3.518455202,6
US,19.724,67.51769826,3.258693576,6
US,18.213,85.81721595,3.408671418,6
US,18.956,63.95262185,2.935123905,6
US,18.683,95.1071235,3.895153446,6
US,15.774,79.6774477,2.310412034,6
US,17.76,137.8504167,4.135846439,6
US,19.505,113.8493725,4.818339492,6
US,16.4,118.4922938,3.049645157,6
US,16.878,60.57578896,2.29475527,6
US,18.855,100.6960148,4.107319639,6
US,17.623,74.6133075,2.887997728,6
US,19.463,75.68609546,3.536641685,6
US,16.078,214.5863858,3.465781679,6
US,14.553,199.8035129,2.4089284,6
US,15.235,160.3710821,2.661207918,6
US,17.299,106.9181613,3.404481321,6
US,17.918,84.84271818,3.270529491,6
US,17.49,98.9857122,3.370587708,6
US,18.786,61.97531942,2.8127957,6
US,19.034,76.77430793,3.44611844,6
US,17.925,81.75137582,3.20769361,6
US,15.558,200.9477017,3.019804587,6
US,19.844,96.19951754,4.42868912,6
US,16.065,118.4922938,2.865247902,6
US,14.697,235.1153281,2.565871978,6
US,18.598,68.88066973,3.03302917,6
US,17.399,105.4026845,3.451334121,6
US,19.4,96.19951754,4.248006565,6
US,15.87,412.62299,3.647760414,6
US,19.31,74.82664167,3.449605909,6
US,16.117,113.5247828,2.870663576,6
US,18.316,100.4089259,3.812255606,6
US,18.438,148.0495626,4.775541297,6
US,15.236,298.8393177,3.018837025,6
US,14.185,133.2074582,2.029795747,6
US,18.175,89.31695048,3.475374229,6
US,14.867,269.6491842,2.697221993,6
US,16.891,91.38051077,2.943168657,6
US,17.669,117.8176031,3.787755078,6
US,17.051,91.38051077,3.029604535,6
US,18.286,56.24191141,2.482754189,6
US,19.33,67.90434307,3.182623319,6
US,19.089,88.55518633,3.848141372,6
US,18.19,86.30865422,3.422913405,6
US,15.859,256.8737701,3.401209279,6
US,18.161,86.0625843,3.411569676,6
US,17.205,307.4945016,4.755323313,6
US,16.564,122.2727519,3.20179791,6
US,14.835,397.5885951,2.808681395,6
US,17.452,110.9611592,3.544879593,6
US,15.853,110.9611592,2.720224875,6
US,17.242,54.81512586,2.204755879,6
US,18.824,51.03890756,2.348994256,6
US,17.117,362.873405,4.766785917,6
US,18.9,89.82843022,3.814149254,6
US,16.454,206.7676832,3.687916964,6
US,18.887,95.65176107,3.989506736,6
US,18.482,98.42209124,3.879338831,6
US,16.461,187.1043988,3.585286742,6
US,15.677,231.121939,3.208192567,6
US,17.187,109.3883763,3.383792749,6
US,19.337,103.3170362,4.430708631,6
US,15.584,444.4188068,3.415627659,6
US,19.407,110.3293504,4.654707624,6
US,16.143,78.9978967,2.428038036,7
US,17.309,150.1782149,3.95961342,7
US,18.34,89.57232527,3.579125631,7
US,19.576,77.21396135,3.63514528,7
US,18.083,110.3293504,3.9275381,7
US,19.442,86.80290674,3.949983143,7
US,17.448,75.0405858,2.853716987,7
US,18.174,83.64014265,3.343803175,7
US,16.142,330.2451132,3.739678489,7
US,15.934,66.1816965,2.14423925,7
US,17.773,130.5716249,4.034752307,7
US,18.336,91.90380764,3.639467824,7
US,18.62,92.16657876,3.762464224,7
US,18.807,109.7011392,4.295364891,7
US,16.967,155.4126907,3.772307505,7
US,16.829,142.2484894,3.564592349,7
US,15.89,96.19951754,2.560564853,7
US,16.071,322.7874978,3.671268413,7
US,16.802,154.0872109,3.621575943,7
US,16.955,95.92524833,3.061587304,7
US,16.827,232.4454749,4.102954111,7
US,19.56,79.6774477,3.729278741,7
US,18.982,136.6747215,5.006043078,7
US,19.172,83.87928632,3.737146478,7
US,14.936,213.3645389,2.655775993,7
US,18.438,69.47319092,3.003228034,7
US,16.112,350.6514168,3.821215341,7
US,19.168,105.1021767,4.388602335,7
US,19.489,120.1959726,4.982566044,7
US,15.992,461.2240369,3.782997461,7
US,17.941,159.9138568,4.525224506,7
US,19.934,78.10083574,3.764661669,7
US,18.056,58.20222852,2.50929249,7
US,15.992,237.815847,3.443804738,7
US,18.38,92.16657876,3.65092217,7
US,17.402,192.5234413,4.357530549,7
US,19.754,74.40058156,3.565195853,7
US,18.796,93.2251979,3.867674807,7
US,19.773,63.77029,3.089860337,7
US,19.47,100.4089259,4.402160291,7
US,19.897,103.61244,4.714958738,7
US,16.97,304.8719502,4.478927819,7
US,19.258,107.8378863,4.518130809,7
US,19.567,96.47457094,4.318836363,7
US,17.718,193.0739038,4.68365408,7
US,17.923,248.2219699,5.276770709,7
US,16.441,217.0511106,3.731888308,7
US,16.124,129.8281549,3.000639331,7
US,18.543,109.7011392,4.157708514,7
US,17.033,286.3111813,4.455863615,7
US,17.447,238.4958094,4.740278983,7
US,16.012,132.8276776,2.974539471,7
US,19.98,100.1226555,4.638216834,7
US,19.658,65.61724772,3.15419873,7
US,18.743,78.32414144,3.401099907,7
US,19.862,63.77029,3.110936736,7
US,19.176,91.90380764,4.007797372,7
US,19.793,111.278419,4.903450546,7
US,19.119,120.1959726,4.755881652,7
US,19.233,67.32520222,3.132887434,7
US,16.092,106.3093732,2.767856746,7
US,19.368,86.80290674,3.907787861,7
US,18.794,113.8493725,4.396442073,7
US,16.098,292.0909099,3.671186096,7
US,16.083,244.7036283,3.528975913,7
US,19.803,71.6897105,3.457297108,7
US,17.214,220.80138,4.409907654,7
US,19.157,104.5037288,4.36210166,7
US,19.705,85.08530025,3.993091874,7
US,19.217,89.57232527,3.949315582,7
US,19.529,73.97694741,3.480528951,7
US,17.923,285.4948951,5.388972386,7
US,15.029,435.6249006,3.011287265,7
US,19.558,153.6479012,5.784193704,7
US,17.18,362.873405,4.853863252,7
US,17.737,147.6274665,4.232945879,7
US,16.602,225.2586703,3.854219627,7
US,19.487,69.27511968,3.277007092,7
US,17.069,139.4337573,3.671451482,7
US,16.641,130.5716249,3.32031731,7
US,16.544,124.3854145,3.206720746,7
US,17.842,332.1362848,5.554815183,7
US,17.271,239.8615723,4.517197753,7
US,17.528,148.0495626,4.103211792,7
US,18.458,92.69437709,3.723935824,7
US,18.275,182.3577989,5.085812654,7
US,15.785,355.6930727,3.512270387,7
US,17.663,308.373689,5.189384315,7
US,18.027,124.7410569,4.153366143,7
US,17.126,431.9095539,4.87216009,7
US,16.663,304.0027464,4.178732795,7
US,18.064,107.2238614,3.858789936,7
US,17.071,86.30865422,2.931114445,7
US,19.431,133.97028,5.299484248,7
US,19.3,92.95940861,4.084819034,7
US,18.737,115.1570388,4.394700684,7
US,17.905,174.2147622,4.683131976,7
US,19.299,117.1467541,4.770935393,7
US,19.86,77.65613248,3.736778237,7
US,16.589,440.628459,4.34449098,7
US,18.358,80.59261752,3.33713701,7
US,18.093,194.179555,5.05492113,7
US,16.66,237.1378231,3.972528672,7
US,19.229,137.8504167,5.212270787,7
US,18.328,133.5883246,4.483138531,7
US,17.932,162.2130936,4.583641565,7
US,18.176,102.7287529,3.800679639,7
US,17.045,193.0739038,4.084228406,7
US,17.051,195.2915378,4.131472399,7
US,19.687,86.80290674,4.047263586,7
US,19.832,105.1021767,4.727556088,7
US,19.598,107.2238614,4.696571161,7
US,19.826,61.97531942,3.012349825,7
US,17.707,129.4580089,3.998545034,7
US,18.492,156.7495725,4.986768545,7
US,19.473,71.48531986,3.373292579,7
US,17.71,185.5086275,4.576300802,7
US,18.749,207.3588728,5.801407676,7
US,17.453,380.9206273,5.237788514,7
US,16.92,493.9363821,4.741913415,7
US,17.913,155.8570463,4.476925238,7
US,17.954,278.2522538,5.470388041,7
US,17.085,271.193349,4.482044358,7
US,17.398,198.0994338,4.403800122,7
US,16.985,212.7562269,4.189064605,7
US,17.169,126.5345802,3.592394212,7
US,18.21,145.1200422,4.592487246,7
US,16.019,406.7743995,3.779436083,7
US,18.54,92.95940861,3.74747474,7
US,17.959,133.2074582,4.186774723,7
US,19.053,132.0713618,4.971180738,7
US,16.626,457.290361,4.399174991,7
US,18.513,169.7951559,5.154376392,7
US,17.703,128.3538907,3.960291421,7
US,17.721,252.510818,5.08245491,7
US,19.898,154.969602,6.145406978,7
US,17.699,390.8356286,5.540236598,7
US,18.101,202.676282,5.089459387,7
US,19.543,105.1021767,4.592466258,7
US,19.688,99.55256078,4.485001396,7
US,18.798,156.7495725,5.165646155,7
US,19.677,121.9241467,5.141888762,8
US,17.039,196.4098883,4.080058069,8
US,19.103,82.45461263,3.665162044,8
US,18.488,186.0390333,5.291384506,8
US,18.005,176.7196169,4.758383252,8
US,18.405,124.030786,4.344630423,8
US,18.442,226.5486297,5.686656705,8
US,19.144,148.0495626,5.368230463,8
US,17.767,265.0692442,5.129588579,8
US,19.931,140.6331861,5.792835521,8
US,17.228,172.7289237,4.129156776,8
US,19.037,164.5453887,5.539585715,8
US,18.301,231.121939,5.485622406,8
US,18.829,168.8283486,5.40206556,8
US,19.03,187.1043988,5.819771091,8
US,19.989,106.6133327,4.871198791,8
US,17.197,233.1100824,4.481702541,8
US,19.004,139.4337573,5.107039992,8
US,19.346,111.9156626,4.662668167,8
US,19.446,97.86167951,4.319744735,8
US,18.898,89.06230378,3.804286211,8
US,17.932,199.8035129,4.93372539,8
US,18.144,140.2322344,4.42487466,8
US,19.141,129.4580089,4.946289633,8
US,19.957,85.81721595,4.098438596,8
US,19.969,138.6398267,5.789173879,8
US,19.544,132.0713618,5.309821666,8
US,19.995,139.4337573,5.821330818,8
US,17.399,329.3035693,5.047993973,8
US,18.44,211.5448008,5.506230966,8
US,17.497,214.5863858,4.594528477,8
US,18.702,130.1993592,4.665223751,8
US,17.398,195.2915378,4.422852363,8
US,19.01,80.36284429,3.555891617,8
US,18.701,156.7495725,5.161631536,8
US,18.376,150.1782149,4.765978301,8
US,18.904,174.2147622,5.581761267,8
US,19.601,115.4862955,4.908867259,8
US,17.015,231.121939,4.299167421,8
US,18.997,135.1227111,5.010784038,8
US,16.951,344.6956694,4.569432679,8
US,19.658,105.4026845,4.669455222,8
US,17.65,164.0762623,4.338244478,8
US,17.838,195.8499148,4.837281424,8
US,17.119,194.179555,4.178651864,8
US,18.16,93.75905849,3.576858656,8
US,18.323,308.373689,6.002172929,8
US,17.735,292.0909099,5.212026447,8
US,17.341,403.3051123,5.117746814,8
US,19.785,116.1476358,5.025799198,8
US,18.079,160.3710821,4.689686537,8
US,18.395,323.710411,6.158790953,8
US,19.977,192.5234413,6.916696518,8
US,18.755,199.8035129,5.685870508,8
US,17.996,244.0059671,5.284283043,8
US,17.526,306.6178207,5.081240119,8
US,19.972,121.9241467,5.31635787,8
US,17.805,174.2147622,4.60308106,8
US,18.719,316.4003626,6.49478602,8
US,17.578,462.5427675,5.531593013,8
US,16.999,151.0382209,3.726986773,8
US,19.944,144.7062983,5.887175274,8
US,19.306,188.7138971,6.180964009,8
US,18.738,102.4358685,4.080074114,8
US,18.219,153.6479012,4.715574316,8
US,19.69,147.6274665,5.738074544,8
US,17.436,109.076505,3.530084032,8
US,18.939,119.5115812,4.587567029,8
US,19.728,146.3683852,5.776898279,8
US,18.27,254.6829515,5.60185201,8
US,17.547,455.9866054,5.464903646,8
US,19.446,116.1476358,4.859914816,8
US,19.588,133.5883246,5.369148345,8
US,18.976,220.1718652,6.163511423,8
US,19.303,174.7128765,5.911101726,8
US,18.45,167.3884496,5.074963806,8
US,19.685,203.2557735,6.70367447,8
US,17.754,417.36235,5.642973877,8
US,19.412,187.1043988,6.24165974,8
US,18.834,222.0658145,5.993346935,8
US,19.256,126.5345802,4.971029669,8
US,17.523,102.1438192,3.438973796,8
US,19.014,300.5506419,6.802896891,8
US,18.851,294.6035169,6.545045865,8
US,19.496,110.9611592,4.744792739,8
US,16.632,223.9760558,3.900120965,8
US,17.793,493.9363821,5.825355099,8
US,19.574,134.3533274,5.404252613,8
US,18.602,105.4026845,4.09086132,8
US,18.048,156.3026723,4.571094566,8
US,19.573,172.2364657,6.133258487,8
US,18.919,131.6948203,4.868775086,8
US,17.529,234.4450035,4.739302837,9
US,19.738,200.9477017,6.739982484,9
US,19.364,189.7945804,6.226659677,9
US,18.081,374.450763,5.939447019,9
US,18.993,151.0382209,5.306679797,9
US,18.928,188.7138971,5.759821369,9
US,19.445,205.5903557,6.531970445,9
US,17.548,375.5213916,5.248413681,9
US,17.964,378.7516794,5.781887256,9
US,18.874,136.6747215,4.921673303,9
US,19.508,246.1049407,7.027606881,9
US,18.89,213.3645389,5.969642267,9
US,18.063,349.6516937,5.79766586,9
US,17.962,171.7454116,4.700161063,9
US,18.66,202.676282,5.665280128,9
US,19.31,203.2557735,6.339065408,9
US,18.57,174.7128765,5.227057189,9
US,18.385,323.710411,6.160004396,9
US,19.09,136.2850557,5.066633732,9
US,18.136,168.8283486,4.78116245,9
US,18.769,207.9517527,5.81844629,9
US,18.272,364.9514248,6.130481572,9
US,19.054,410.27353,7.483008529,9
US,18.075,187.6393672,4.971324785,9
US,18.341,229.1507521,5.543576986,9
US,18.965,145.9510822,5.1890977,9
US,18.806,231.121939,6.125609594,9
US,19.879,147.6274665,5.931830635,9
US,18.795,181.3194604,5.527879752,9
US,19.156,199.233864,6.10392317,9
US,18.636,378.7516794,6.704865795,9
US,18.256,413.8027605,6.233527421,9
US,18.941,382.0097545,7.147314985,9
US,19.385,136.6747215,5.334115197,9
US,18.779,213.3645389,5.859845851,9
US,17.56,357.7299738,5.218996054,9
US,18.745,311.0263628,6.515264878,9
US,17.802,221.4326947,4.995339768,9
US,18.001,292.0909099,5.498487554,9
US,18.286,273.5261923,5.788016997,9
US,19.285,223.9760558,6.511019494,9
US,19.378,230.4629999,6.701723136,9
US,18.06,199.233864,5.005491518,9
US,19.897,112.5565555,4.984930415,9
US,17.683,283.8692978,5.183286001,9
US,19.531,132.8276776,5.332883753,9
US,18.872,151.0382209,5.136097074,9
US,19.969,147.2065739,5.997745911,9
US,19.716,238.4958094,7.202094453,9
US,19.555,202.676282,6.557269331,9
US,19.538,156.7495725,5.827512708,9
US,18.703,480.0333361,7.068479393,9
US,19.345,184.979734,6.166661912,9
US,19.333,230.4629999,6.702496479,9
US,19.923,210.3402726,7.07465012,9
US,19.97,115.4862955,5.131326941,9
US,19.251,132.4489799,5.144880527,9
US,19.184,137.8504167,5.204829785,10
US,19.824,211.5448008,6.992510271,10
US,18.79,423.3631737,7.128767924,10
US,18.695,302.2717661,6.468513599,10
US,19.728,179.7730275,6.423505052,10
US,19.327,243.310295,6.821481607,10
US,19.736,214.5863858,6.958312203,10
US,18.486,477.3000441,6.792467298,10
US,18.973,448.2417598,7.496191158,10
US,19.568,135.1227111,5.365342482,10
US,17.968,230.4629999,5.186341863,10
US,19.549,222.7007444,6.840660232,10
US,18.775,276.6678958,6.410960661,10
US,18.431,269.6491842,5.921059135,10
US,19.415,285.4948951,7.264314474,10
US,19.414,319.122083,7.480659773,10
US,19.156,197.5346433,6.141442902,10
US,19.886,253.9568388,7.679991314,10
US,19.873,198.6658392,6.895618203,10
US,19.973,255.4111404,7.726839293,10
US,19.27,326.4950134,7.361345538,10
US,18.991,200.3747906,6.018206238,10
US,19.296,178.2397839,5.93576345,10
US,18.359,491.1239267,6.559457465,10
US,19.43,450.8086475,8.309200392,10
US,19.991,229.1507521,7.452170048,10
US,19.548,223.3374898,6.857934233,10
US,19.962,243.310295,7.637085523,10
US,19.831,216.432288,7.151044851,10
US,18.87,178.7494066,5.543859817,10
US,18.629,324.6359629,6.536363585,10
US,19.907,186.5709556,6.685982423,10
US,19.588,312.8074769,7.78531157,10
US,19.574,243.310295,7.084079313,10
US,19.948,286.3111813,8.030418269,10
US,18.945,404.4582412,7.239728966,10
US,19.033,411.446583,7.50590563,10
US,19.949,284.6809361,7.975799685,10
US,19.539,210.3402726,6.690278552,10
US,19.561,306.6178207,7.630590491,10
US,19.961,286.3111813,8.024227144,10
US,19.225,281.4482405,7.035838587,10
US,19.85,414.9859043,8.850900776,10
US,19.707,258.3447756,7.379548597,10
US,17.582,454.6865667,5.559530379,10
US,18.93,279.8456847,6.606245064,10
US,19.801,363.9109316,8.482131406,11
US,19.14,385.295856,7.492509299,11
US,19.658,292.9260555,7.752144405,11
US,19.979,239.8615723,7.530643099,11
US,19.383,355.6930727,7.66681866,11
US,19.78,491.1239267,8.936829761,11
US,19.254,323.710411,7.298275488,11
US,19.656,334.0382864,7.965925587,11
US,19.879,310.1396124,8.186593626,11
US,19.76,238.4958094,7.336436684,11
US,19.476,349.6516937,7.852584835,11
US,19.392,384.19736,7.926849433,11
US,19.572,419.7524045,8.428636116,11
US,19.38,505.3481858,8.300392269,11
US,19.915,425.7875924,9.061005159,11
US,19.677,359.7785395,8.222470973,11
US,19.141,419.7524045,7.633011198,11
US,19.734,501.038185,8.921055339,11
US,19.921,410.27353,8.933977435,11
US,19.383,484.1626502,8.339491235,11
US,19.834,296.2905845,7.985193135,12
US,19.853,488.3274853,9.072006659,12
US,19.962,310.1396124,8.358571827,12
US,19.937,218.2940689,7.227554205,12
US,19.449,484.1626502,8.310952953,12
US,18.958,410.27353,7.342330995,12
US,19.498,443.1517485,8.340243771,12
US,19.421,498.1852922,8.36657412,12
US,19.057,492.5281469,7.649859927,12
US,19.819,336.9117307,8.368342613,12
US,19.463,491.1239267,8.427724209,13
China,15.26,1.622006212,0.055642316,2
China,15.575,2.089681125,0.068966636,2
China,24.727,6.098124673,0.374479986,2
China,15.248,1.708276394,0.057865645,2
China,21.553,4.746998612,0.242904048,2
China,19.576,12.13447539,0.2959035,2
China,18.074,2.73123513,0.113093439,2
China,24.202,10.59879065,0.56826399,2
China,15.89,10.12164994,0.131220652,2
China,23.41,4.970775007,0.287740241,2
China,19.146,2.291342563,0.107186544,2
China,18.147,4.533296276,0.155673168,2
China,21.645,3.478446646,0.18545579,2
China,10.643,5.434802868,0.03295534,2
China,17.108,7.268844301,0.156444804,2
China,14.485,1.857022665,0.054790255,2
China,17.599,1.783663102,0.075840592,2
China,18.149,2.548892902,0.10793408,2
China,21.801,48.18598379,0.611022896,2
China,11.184,1.237437095,0.025186807,2
China,21.568,3.70588743,0.196515045,2
China,24.385,7.438200263,0.441202505,2
China,23.738,11.19469467,0.554298739,2
China,14.366,31.28771475,0.100635163,2
China,14.38,1.002883099,0.034131031,2
China,16.023,10.15083166,0.135905818,2
China,23.339,8.540491617,0.445360061,2
China,16.382,1.345185556,0.053074736,2
China,21.912,3.684610606,0.198816549,2
China,20.189,41.60588733,0.42280528,2
China,16.601,1.310778721,0.052663351,3
China,22.215,14.33966927,0.504465756,3
China,23.217,12.48889836,0.547019159,3
China,23.359,9.80613515,0.486794085,3
China,12.075,2.498040067,0.040135352,3
China,23.739,6.186540523,0.359462892,3
China,15.39,1.209262625,0.044370362,3
China,18.082,21.89450262,0.241540204,3
China,22.665,4.843633707,0.26918154,3
China,19.725,3.331429734,0.155497989,3
China,22.112,39.84741015,0.640736105,3
China,22.018,6.168755389,0.309198024,3
China,22.924,13.00254924,0.536781821,3
China,20.193,29.87919153,0.406628093,3
China,18.108,10.72154973,0.214298109,3
China,13.109,1.738040991,0.042464267,3
China,14.066,2.042102417,0.053916696,3
China,13.658,1.020357094,0.032210907,3
China,21.606,6.515586104,0.305574558,3
China,24.396,95.33334053,1.195478007,3
China,15.465,2.498040067,0.07559143,3
China,17.851,6.294333319,0.172148236,3
China,24.42,11.68871963,0.61522922,3
China,24.892,7.481152231,0.456575522,3
China,21.175,19.56919195,0.454456972,3
China,19.433,9.749834625,0.267946187,3
China,20.149,5.976461292,0.242012259,3
China,23.092,231.3881348,0.925595665,3
China,24.088,20.9088469,0.793081987,3
China,21.19,3.498532974,0.181424731,3
China,23.456,6.534371185,0.369098977,3
China,21.759,7.901770851,0.353936869,3
China,20.34,17.89835853,0.377116861,3
China,16.704,1.329783516,0.053769048,3
China,18.348,13.04003688,0.233154556,3
China,15.504,2.047990001,0.067347982,3
China,22.576,18.85032445,0.596476851,3
China,20.027,11.52166859,0.316852064,3
China,21.313,24.6375716,0.492765554,3
China,21.247,15.40979812,0.438942608,3
China,22.074,7.655454731,0.360418674,3
China,22.589,7.12382395,0.36484468,3
China,21.557,5.086588519,0.256864867,3
China,22.793,13.11533671,0.53131856,3
China,20.629,2.778823515,0.141216612,3
China,15.216,2.219916219,0.067686298,3
China,11.417,1.674194657,0.030110994,3
China,22.674,6.222264768,0.330938842,3
China,22.352,7.144362642,0.355608105,3
China,23.85,11.38974835,0.566196762,3
China,18.589,3.600717897,0.145235272,3
China,23.257,7.788841536,0.412717712,3
China,15.607,12.45299514,0.127220789,3
China,16.41,7.438200263,0.137768501,3
China,22.272,7.744123014,0.371513513,3
China,23.293,20.08286674,0.679342403,3
China,24.428,17.74443868,0.780132427,3
China,22.671,5.145503251,0.283742785,3
China,18.508,4.182205332,0.158274281,3
China,17.123,26.62909083,0.199758814,3
China,19.918,3.428733917,0.161541837,3
China,21.107,48.32490876,0.52645421,3
China,22.724,93.70072166,0.822195482,3
China,23.362,11.72241937,0.540781164,3
China,17.594,4.468508009,0.141479556,3
China,24.268,9.125151006,0.512396504,3
China,24.719,40.89337106,1.087298032,3
China,21.599,8.891750066,0.369485423,3
China,19.97,11.89238108,0.313693774,3
China,23.088,6.222264768,0.344092812,3
China,15.033,1.420816966,0.04898171,3
China,14.886,23.19216731,0.112744313,3
China,20.063,12.03012299,0.323765518,3
China,19.647,7.811297539,0.257232276,3
China,20.894,4.230645167,0.208412548,3
China,23.861,99.2542672,1.061595212,3
China,19.504,3.539054265,0.159070283,3
China,24.062,7.633446747,0.438949224,3
China,20.663,6.783563027,0.278839907,3
China,22.727,25.57713896,0.668662514,3
China,18.214,6.921656654,0.189933076,3
China,20.009,3.738033256,0.174447926,3
China,18.933,5.042845572,0.186766328,3
China,17.596,10.78346144,0.193590717,3
China,24.33,104.5333368,1.193424649,3
China,20.332,19.62561188,0.385317986,3
China,20.463,17.49084144,0.385264263,3
China,19.484,3.458475641,0.156503615,3
China,22.809,20.37404539,0.630268165,3
China,21.855,13.49840861,0.463811428,3
China,22.223,18.90467181,0.559688253,3
China,17.652,8.394232525,0.182685574,3
China,23.552,8.322044956,0.446333536,3
China,21.044,93.16275234,0.554690047,3
China,24.313,6.098124673,0.367153565,3
China,24.003,10.97134988,0.563125554,4
China,22.492,9.55531616,0.431157555,4
China,20.815,353.2946283,0.537184745,4
China,22,16.41737907,0.508459485,4
China,20.99,7.022012778,0.29923614,4
China,18.483,21.15102082,0.261747413,4
China,15.812,11.13042193,0.131335833,4
China,24.02,163.7961071,1.122602627,4
China,8.771,1.002883099,0.010668114,4
China,16.63,2.138368364,0.080413599,4
China,24.624,6.478177796,0.395056796,4
China,21.572,3.559490572,0.188933229,4
China,20.862,3.046989571,0.156539806,4
China,17.945,1.927841246,0.083595132,4
China,24.419,7.54604568,0.446186082,4
China,18.771,4.075233879,0.160773872,4
China,22.718,13.97289262,0.544601381,4
China,6.511,1.002883099,0.001104999,4
China,24.604,7.416816844,0.445927798,4
China,17.328,2.252102471,0.090059571,4
China,21.244,50.02358281,0.554865196,4
China,21.672,11.52166859,0.418590853,4
China,23.518,6.367236595,0.362864307,4
China,15.523,2.065754796,0.068042345,4
China,18.755,6.294333319,0.201221402,4
China,21.54,6.276238301,0.297056841,4
China,6.513,1.002883099,0.001196032,4
China,24.941,11.0665182,0.630128615,4
China,24.931,12.96516937,0.702485762,4
China,21.866,5.756918053,0.289248201,4
China,18.234,76.15885921,0.273583733,4
China,13.594,1.608057505,0.043831423,4
China,24.646,8.968879405,0.523665936,4
China,17.208,1.984149508,0.080478203,4
China,24.069,5.545439659,0.331206943,4
China,24.432,8.491457603,0.49186929,4
China,20.226,4.430080346,0.202728855,4
China,20.271,40.77581035,0.434759323,4
China,20.974,7.567801678,0.309537534,4
China,20.81,10.72154973,0.351678858,4
China,20.213,4.494311456,0.203803405,4
China,17.779,259.6292318,0.251065072,4
China,20.694,7.947399712,0.303767869,4
China,21.366,4.999478801,0.247825447,4
China,24.956,6.803120713,0.420968126,4
China,23.822,74.63941761,1.001310992,4
China,19.358,2.835392285,0.131725038,4
China,14.066,1.544533027,0.045974075,4
China,24.544,11.52166859,0.625076181,4
China,19.188,3.738033256,0.159139708,4
China,22.321,4.417344703,0.241411717,4
China,22.916,8.866187966,0.434272629,4
China,18.309,70.66629191,0.278854002,4
China,20.368,12.06480703,0.344863032,4
China,22.803,8.891750066,0.428381872,4
China,24.293,58.60598715,1.079746736,4
China,24.575,7.589620402,0.453298113,4
China,22.936,4.760684681,0.26917957,4
China,20.794,12.81672141,0.38133801,4
China,21.153,191.8981411,0.578135032,4
China,20.347,15.27727905,0.368633532,4
China,22.501,9.638201443,0.435104017,4
China,22.497,250.0918418,0.802853647,4
China,19.826,3.428733917,0.159795529,4
China,18.933,42.08778197,0.31254714,4
China,17.864,14.42247384,0.216455273,4
China,18.623,2.399357842,0.107113582,4
China,20.25,120.0244757,0.463330043,4
China,9.522,4.692646659,0.023616436,4
China,24.55,50.4575003,1.101407186,4
China,22.466,10.72154973,0.461927283,4
China,23.409,8.179526844,0.436603076,4
China,21.688,48.0474582,0.596272314,4
China,24.699,9.41875496,0.546008773,4
China,23.433,36.55028121,0.825271914,4
China,21.641,9.391677821,0.378479544,4
China,24.908,35.71808957,1.086394928,4
China,23.809,219.7027327,1.094679942,4
China,17.947,7.12382395,0.182119886,4
China,23.467,23.46078749,0.739490646,4
China,11.026,6.822734785,0.037099755,4
China,18.753,3.25557839,0.138394609,4
China,22.595,218.4413409,0.81530274,4
China,22.547,194.6804451,0.806399488,4
China,20.642,8.565114702,0.311569349,4
China,21.844,4.086983183,0.218777601,4
China,24.127,13.73360164,0.656245717,4
China,18.905,5.642062068,0.195004288,4
China,22.066,45.62099901,0.656797368,4
China,17.586,9.098917922,0.183722528,4
China,24.858,10.38733471,0.595421624,4
China,19.158,2.071710572,0.097199052,4
China,10.06,1.005774511,0.003595281,4
China,23.635,5.419178838,0.316091776,4
China,23.531,5.388065396,0.312991155,4
China,24.739,6.629112111,0.406616528,4
China,21.735,16.27619514,0.483293433,4
China,22.225,4.546366219,0.247290025,4
China,17.77,3.082280921,0.117915328,4
China,18.025,11.19469467,0.210715917,4
China,22.377,4.075233879,0.224927367,4
China,22.286,8.274265122,0.387413485,4
China,22.017,5.311061071,0.277014801,4
China,23.684,10.38733471,0.527656192,4
China,21.557,190.2478817,0.631887012,4
China,22.216,8.274265122,0.38608603,4
China,17.043,73.78481484,0.203076277,4
China,22.92,9.665989334,0.46055461,4
China,19.248,3.428733917,0.151217617,4
China,23.195,8.467046268,0.438809173,4
China,23.74,91.04158499,1.014595475,4
China,24.907,18.63449293,0.857828019,4
China,16.221,1.688717054,0.064052355,4
China,14.399,6.496855026,0.086091486,4
China,22.843,26.24851728,0.684813036,4
China,19.808,2.578415114,0.124859957,4
China,22.253,9.665989334,0.420432004,4
China,22.715,6.941612478,0.361015368,4
China,20.826,3.274377763,0.167075728,4
China,24.769,14.54757811,0.740645059,4
China,23.703,12.96516937,0.603038449,4
China,20.209,9.391677821,0.306199215,4
China,24.757,6.422467651,0.39432869,4
China,23.221,20.49169553,0.67772468,4
China,24.157,8.442705111,0.480286265,4
China,21.204,5.561427712,0.264968281,4
China,24.258,329.708036,1.221571084,4
China,16.992,1.526848508,0.062694711,4
China,17.144,7.567801678,0.159887021,4
China,24.829,15.23335977,0.764357342,4
China,24.641,159.1477306,1.310091262,4
China,16.31,2.505242164,0.08576483,4
China,23.543,4.985106245,0.290672854,4
China,21.17,25.13912095,0.480172623,4
China,19.09,2.563611512,0.117814781,4
China,24.651,58.43750601,1.162885304,4
China,14.578,3.091167443,0.071454767,4
China,14.074,2.245628102,0.056939439,4
China,15.822,5.658328693,0.113399141,4
China,22.393,17.69342677,0.560124114,4
China,23.845,23.66429243,0.800746316,4
China,21.498,11.38974835,0.405181462,4
China,24.913,16.5121814,0.804216276,4
China,21.472,5.481945754,0.268697246,4
China,17.829,1.659797147,0.071944761,4
China,19.006,9.098917922,0.241193613,4
China,16.653,5.235157264,0.129124385,4
China,24.268,8.589808778,0.491073672,4
China,17.447,1.814741219,0.076018712,4
China,15.929,1.799135056,0.065052675,4
China,22.565,35.82106837,0.685862524,4
China,14.284,1.356854044,0.043319988,4
China,23.722,130.4754737,1.051090262,4
China,22.818,6.921656654,0.364902082,4
China,23.704,30.48744503,0.847609678,4
China,24.031,7.374234249,0.426263727,4
China,22.888,14.21635295,0.555427409,4
China,24.294,93.70072166,1.144834681,4
China,23.657,9.94831292,0.511040855,4
China,19.819,2.85998721,0.137570932,4
China,14.704,2.284755387,0.06367163,4
China,22.478,19.73894018,0.583980217,4
China,24.719,36.6556593,1.058569192,4
China,22.688,11.03470406,0.477804577,4
China,15.468,10.29800713,0.119595371,4
China,19.455,38.49429313,0.353892285,4
China,22.023,19.45683823,0.53860088,4
China,19.515,3.246219218,0.149250043,4
China,21.912,14.84372452,0.479957249,4
China,21.849,141.4287277,0.679922855,4
China,21.155,9.046677784,0.349315358,4
China,22.226,3.959582648,0.217011044,4
China,17.897,3.283818119,0.125146703,4
China,23.216,214.7004518,0.96709451,4
China,18.639,5.130710903,0.178716862,4
China,12.103,3.993929091,0.045549323,4
China,20.996,3.684610606,0.187597986,5
China,21.474,3.209050815,0.169965567,5
China,22.093,11.03470406,0.441221319,5
China,18.782,33.42958866,0.301373251,5
China,23.591,5.175216015,0.301670715,5
China,23.971,8.039449408,0.454008949,5
China,23.898,58.94440805,1.008423965,5
China,22.549,13.89266925,0.51962131,5
China,21.6,7.289801101,0.329461663,5
China,17.865,9.337756843,0.19504238,5
China,23.069,22.59896357,0.681404803,5
China,21.805,41.72584124,0.609218715,5
China,23.07,5.57746186,0.313171675,5
China,21.863,4.928028018,0.256969661,5
China,21.024,9.41875496,0.345221508,5
China,18.727,10.53793921,0.239645693,5
China,24.225,10.59879065,0.569179993,5
China,23.546,9.665989334,0.495497256,5
China,24.283,6.010972432,0.361626635,5
China,21.47,75.28685921,0.595658083,5
China,21.586,7.438200263,0.331573911,5
China,23.892,11.92666799,0.584505511,5
China,22.02,7.924552441,0.362791632,5
China,21.35,14.75850139,0.438398674,5
China,22.706,66.32930188,0.793173857,5
China,20.791,28.28869435,0.459070189,5
China,21.379,22.99272249,0.494301806,5
China,24.486,13.77319698,0.685840172,5
China,18.61,36.97361997,0.290799534,5
China,20.953,3.836153476,0.193898644,5
China,23.985,8.639410721,0.48012463,5
China,23.367,4.913860869,0.283814119,5
China,20.147,55.80674233,0.432747378,5
China,20.6,4.27964605,0.205277713,5
China,17.895,6.422467651,0.175531852,5
China,19.194,184.3174238,0.355333462,5
China,24.992,12.77987575,0.693795745,5
China,24.291,13.38232685,0.662540236,5
China,21.14,6.151021383,0.280301732,5
China,20.55,4.242842537,0.203255341,5
China,17.814,2.226316457,0.09346925,5
China,16.866,9.665989334,0.160840432,5
China,20.92,13.30549413,0.387257337,5
China,21.548,148.0957637,0.632061613,5
China,22.243,47.08886575,0.67132709,5
China,21.268,6.941612478,0.306735409,5
China,21.573,20.02513229,0.49559755,5
China,21.73,4.665704498,0.243412649,5
China,19.484,115.2830456,0.38336198,5
China,20.34,8.346038237,0.2971046,5
China,22.22,5.34172985,0.283320346,5
China,20.399,63.52588699,0.467285136,5
China,23.292,13.9327232,0.590184888,5
China,24.115,10.59879065,0.559591286,5
China,21.184,3.418876955,0.177838244,5
China,20.92,210.4169737,0.546188241,5
China,23.704,5.908032296,0.343717515,5
China,13.539,1.002883099,0.001555841,5
China,16.535,4.316768806,0.1178258,5
China,23.636,17.09260286,0.673453737,5
China,24.915,184.3174238,1.382244501,5
China,18.084,7.395494898,0.189004183,5
China,21,4.329214479,0.214354937,5
China,17.437,2.018720852,0.083462469,5
China,22.921,32.48088897,0.723682701,5
China,24.086,9.204304925,0.507886211,5
China,13.332,1.505027329,0.040429981,5
China,20.621,6.028302662,0.260720148,5
China,24.722,79.06321923,1.260541423,5
China,21.73,58.26950924,0.624128917,5
China,20.75,111.6894116,0.511265458,5
China,17.399,14.0940971,0.194453424,5
China,20.549,86.19535665,0.482133512,5
China,17.968,20.9088469,0.232555474,5
China,20.328,4.625581012,0.210871764,5
China,20.164,9.098917922,0.296359626,5
China,23.072,51.48466835,0.812574389,5
China,24.335,93.16275234,1.173199966,5
China,20.848,7.744123014,0.306342479,5
China,24.905,37.40186198,1.10706952,5
China,15.637,2.291342563,0.074001511,5
China,24.499,8.689299091,0.504218303,5
China,24.266,18.26271709,0.770982579,5
China,20.838,6.186540523,0.269070559,5
China,23.404,11.99553867,0.55378345,5
China,22.255,25.57713896,0.610185536,5
China,22.724,4.455661893,0.249792677,5
China,23.808,8.062627939,0.448508607,5
China,22.25,5.220107177,0.278902057,5
China,23.647,100.9836497,0.995709608,5
China,24.842,189.7009551,1.382774449,5
China,16.416,5.057384597,0.122586212,5
China,21.168,7.589620402,0.316361942,5
China,23.9,9.500455676,0.509798157,5
China,23.752,96.16028658,1.036846551,5
China,15.828,20.43278578,0.140548602,5
China,20.606,19.68219446,0.411881015,5
China,17.943,61.36870893,0.255148504,5
China,19.043,4.706176025,0.181314663,5
China,24.534,52.83609747,1.12115768,5
China,23.446,31.74135091,0.79805408,5
China,23.976,10.87699997,0.56462917,5
China,22.431,6.115706172,0.319872397,5
China,23.819,30.39979939,0.866214498,5
China,18.422,16.5121814,0.252366509,5
China,22.827,11.16251204,0.49280207,5
China,23.228,5.707410499,0.322679024,5
China,20.622,95.33334053,0.498758319,5
China,18.565,4.546366219,0.166239136,5
China,23.821,56.29082444,0.966283045,5
China,20.281,16.464712,0.371855523,5
China,24.245,114.2916503,1.150414232,5
China,24.078,97.554501,1.096569381,5
China,10.354,2.392460142,0.026397987,5
China,21.203,15.18956674,0.432720481,5
China,24.598,13.11533671,0.674680323,5
China,20.896,5.042845572,0.236983922,5
China,14.882,3.66345594,0.080580447,5
China,21.137,23.39334216,0.47032396,5
China,24.769,10.20944774,0.583489343,5
China,22.14,4.267342877,0.23174839,5
China,23.898,62.79853138,1.01082843,5
China,24.735,161.4551911,1.318931201,5
China,24.098,9.693857341,0.529447743,5
China,19.76,3.836153476,0.173416196,5
China,22.062,199.2162823,0.723655918,5
China,15.411,3.331429734,0.085574169,5
China,23.995,11.25933856,0.57685478,5
China,22.707,7.185617841,0.369781768,5
China,17.496,7.721860125,0.171535612,5
China,23.834,10.50764463,0.543580145,5
China,16.523,38.82820258,0.174595868,5
China,23.013,6.496855026,0.353454703,5
China,23.892,10.12164994,0.531314213,5
China,23.914,15.27727905,0.678214896,5
China,17.227,2.819113285,0.104369456,5
China,20.196,12.16946029,0.334311622,5
China,19.554,15.95146959,0.313354537,5
China,21.849,7.744123014,0.352279357,5
China,24.84,9.749834625,0.56840264,5
China,23.361,11.0665182,0.52602697,5
China,16.362,4.170182282,0.112000216,5
China,23.878,12.48889836,0.602530622,5
China,24.123,5.481945754,0.327546818,5
China,22.805,44.45411596,0.753241532,5
China,21.016,3.18145406,0.164432228,5
China,24.817,7.481152231,0.455345963,5
China,24.966,103.0393833,1.332019916,5
China,18.59,3.209050815,0.134025782,5
China,15.45,1.050159617,0.038931551,5
China,21.625,5.115961079,0.258909115,5
China,23.937,15.01564998,0.666902794,5
China,16.325,1.933399404,0.071777976,5
China,22.831,28.94778936,0.700146858,5
China,21.364,4.829709176,0.241465178,5
China,22.703,4.520263906,0.253121621,5
China,23.826,15.58828005,0.666135076,5
China,22.103,26.47620371,0.58767096,5
China,18.837,4.871603322,0.179637108,5
China,23.627,15.01564998,0.639170671,5
China,23.534,7.924552441,0.432793761,5
China,19.21,5.160338248,0.19516936,5
China,24.149,8.589808778,0.483892902,5
China,23.829,14.58952022,0.646022667,5
China,23.726,6.629112111,0.38078934,5
China,11.694,1.4331415,0.029592911,5
China,24.195,25.79900168,0.871939307,5
China,24.428,36.13178958,0.992940596,5
China,20.641,3.539054265,0.176218728,5
China,15.351,3.082280921,0.082100125,5
China,24.687,305.0500446,1.376548712,5
China,24.091,5.840386796,0.34829619,5
China,10.001,1.002883099,0.008119625,5
China,24.85,7.744123014,0.470505799,5
China,21.802,7.185617841,0.335257236,5
China,13.963,17.59184249,0.086527245,5
China,20.31,24.28546014,0.402448108,5
China,24.387,19.68219446,0.814660445,5
China,24.789,27.40687158,0.995195684,5
China,15.075,2.304573946,0.067939809,5
China,19.029,6.222264768,0.209370169,5
China,21.255,8.714351203,0.347977677,5
China,18.908,58.43750601,0.32564159,5
China,23.528,5.280568372,0.306363795,6
China,23.382,6.803120713,0.377930366,6
China,13.739,1.927841246,0.049763447,6
China,22.977,5.773515819,0.319675341,6
China,21.624,12.13447539,0.424235191,6
China,24.377,6.572103982,0.394668328,6
China,19.974,4.267342877,0.191497951,6
China,24.789,39.73285638,1.116354221,6
China,21.202,6.168755389,0.281895775,6
China,24.701,59.45570709,1.180547639,6
China,24.488,6.38559397,0.386432207,6
China,24.334,53.60216059,1.078584709,6
China,23.319,28.45204772,0.774510507,6
China,18.05,6.276238301,0.177567636,6
China,15.589,1.562422375,0.056188099,6
China,18.082,11.09842407,0.212713592,6
China,20.709,12.56101564,0.365588794,6
China,21.825,34.4059979,0.592067634,6
China,14.192,6.921656654,0.082291232,6
China,23.929,10.56832113,0.548797978,6
China,24.075,85.20844125,1.09029725,6
China,21.144,20.43278578,0.463957236,6
China,20.215,5.840386796,0.239732667,6
China,21.369,3.925531572,0.20402282,6
China,15.635,32.5745346,0.138975356,6
China,15.577,1.748077328,0.061056933,6
China,20.911,245.8089261,0.548094148,6
China,21.729,6.686614743,0.318027501,6
China,22.382,32.20156428,0.655110303,6
China,23.265,4.970775007,0.285389709,6
China,24.878,9.125151006,0.542319145,6
China,23.144,154.1867349,0.912971282,6
China,17.195,2.113884578,0.084561633,6
China,24.417,15.99745926,0.744292871,6
China,10.806,1.233879697,0.023312764,6
China,24.629,19.17876798,0.829576149,6
China,20.626,2.723383345,0.138263831,6
China,24.297,6.629112111,0.395508829,6
China,24.924,226.1197958,1.420175289,6
China,19.845,9.527846433,0.288139994,6
China,23.949,9.020670296,0.495299099,6
China,18.478,6.981696894,0.201584959,6
China,21.417,3.836153476,0.200603619,6
China,23.646,33.14210547,0.852474463,6
China,23.463,35.51301926,0.823316561,6
China,17.674,7.103344304,0.17555747,6
China,24.74,20.96912918,0.890390873,6
China,19.951,6.572103982,0.246686892,6
China,24.84,44.32631878,1.143509779,6
China,19.438,4.65229148,0.190376124,6
China,15.99,1.585075716,0.05919916,6
China,24.83,23.86956262,0.949945165,6
China,21.698,6.348931994,0.305384384,6
China,20.161,4.970775007,0.216263104,6
China,20.361,4.005443985,0.190451303,6
China,23.65,22.66411863,0.767529421,6
China,23.572,38.49429313,0.865298016,6
China,22.181,5.160338248,0.274695645,6
China,23.75,21.76879846,0.75391938,6
China,23.568,8.322044956,0.446358571,6
China,22.648,6.168755389,0.328392235,6
China,24.548,33.71956555,1.002143137,6
China,24.791,8.22675961,0.493687666,6
China,22.361,9.391677821,0.422815953,6
China,24.789,25.87338276,0.961803231,6
China,21.117,23.39334216,0.470499904,6
China,21.415,7.331896136,0.320816785,6
China,22.309,218.4413409,0.767861011,6
China,21.902,3.600717897,0.194625306,6
China,24.58,8.840699352,0.514794883,6
China,18.776,36.97361997,0.301258238,6
China,23.136,170.5328114,0.915574391,6
China,20.148,5.086588519,0.220783021,6
China,22.207,10.97134988,0.447112175,6
China,21.869,47.63426626,0.618880478,6
China,22.592,16.22940416,0.560209178,6
China,24.988,92.6278717,1.320680927,6
China,24.198,68.85880632,1.091643455,6
China,23.373,112.6582344,0.966089523,6
China,23.645,124.6016751,1.010305633,6
China,23.893,12.77987575,0.607355168,6
China,24.908,18.05361352,0.846919737,6
China,24.368,26.09781517,0.903786953,6
China,22.723,5.57746186,0.305839616,6
China,20.621,2.754926569,0.139664105,6
China,24.346,21.95762665,0.85218916,6
China,23.279,5.561427712,0.316456646,6
China,24.723,12.31041144,0.662694034,6
China,16.625,2.794869861,0.095186072,6
China,24.514,17.54126927,0.787680581,6
China,22.571,4.829709176,0.266485036,6
China,16.024,5.220107177,0.115109958,6
China,20.235,5.250250742,0.226329561,6
China,19.915,88.96871323,0.414602996,6
China,21.735,4.316768806,0.227347328,6
China,23.631,10.29800713,0.521955139,6
China,21.71,29.87919153,0.559626749,6
China,22.501,13.85273046,0.518060369,6
China,24.57,137.4151159,1.261163198,6
China,22.509,18.42113262,0.582757821,6
China,18.944,4.230645167,0.168299123,6
China,21.666,9.072760254,0.377582567,6
China,24.889,17.39042027,0.831064718,6
China,22.503,160.5282192,0.786075201,6
China,24.396,26.47620371,0.916452016,6
China,24.978,7.206334691,0.444287017,6
China,24.142,5.72386553,0.342349112,6
China,17.522,2.024541025,0.084486695,6
China,23.416,41.36701307,0.859163855,6
China,19.125,202.1046911,0.352557108,6
China,24.372,22.14809278,0.841421497,6
China,18.502,11.58820059,0.233883546,6
China,20.734,4.815824676,0.226995492,6
China,23.851,111.0481628,1.078355943,6
China,24.585,9.177844288,0.530233543,6
China,24.487,87.95004358,1.209028611,6
China,21.516,6.725226672,0.310682705,6
China,16.641,4.65229148,0.123689303,6
China,24.812,23.39334216,0.932066074,6
China,19.634,24.28546014,0.349380333,6
China,24.929,24.4961185,0.975656026,6
China,23.92,35.71808957,0.913714545,6
China,19.487,6.186540523,0.222883343,6
China,19.703,20.14076763,0.342242822,6
China,20.535,5.013892794,0.228378594,6
China,23.485,41.84614098,0.867148769,6
China,7.864,4.158193797,0.014346095,6
China,21.751,12.34590358,0.440318669,6
China,21.152,3.738033256,0.192192442,6
China,20.819,3.458475641,0.174902189,6
China,14.941,1.961431489,0.060672734,6
China,17.927,6.404004271,0.175378886,6
China,19.328,2.113884578,0.10007441,6
China,23.839,203.8577994,1.083845078,6
China,18.386,7.567801678,0.204216107,6
China,20.508,3.580044889,0.176446327,6
China,24.369,82.55230087,1.14266151,6
China,23.244,44.07182555,0.822062038,6
China,16.883,9.046677784,0.159383743,6
China,19.757,83.99067234,0.399292498,6
China,24.351,24.70860417,0.87580289,6
China,17.546,3.163188196,0.116474553,6
China,22.732,22.79499283,0.641498764,6
China,20.526,19.68219446,0.402989356,6
China,17.423,2.762869296,0.105819114,6
China,24.019,6.667391991,0.390067963,6
China,20.891,16.89689681,0.422819291,6
China,22.794,20.96912918,0.632535852,6
China,20.443,3.109017423,0.154881041,6
China,23.902,11.03470406,0.564129207,7
China,23.667,18.26271709,0.704995474,7
China,21.396,6.705892918,0.304557056,7
China,24.114,6.222264768,0.36961235,7
China,20.818,28.2073697,0.456795818,7
China,21.687,6.764061566,0.317986173,7
China,23.726,39.05241645,0.898983451,7
China,23.87,56.9428054,0.975265937,7
China,22.363,10.59879065,0.448396151,7
China,24.874,117.2917097,1.334199463,7
China,22.188,54.53611177,0.674643468,7
China,24.78,17.74443868,0.815192282,7
China,20.11,10.12164994,0.306247513,7
China,24.165,5.874112172,0.351564115,7
China,23.48,27.09306972,0.774774272,7
China,21.602,8.866187966,0.368317411,7
China,22.711,79.51977065,0.791105669,7
China,23.919,6.981696894,0.404508242,7
China,21.891,283.0498739,0.694552911,7
China,22.598,10.18009751,0.453748621,7
China,22.052,4.110583512,0.222943457,7
China,21.902,6.204376933,0.306151984,7
China,18.882,2.6233408,0.118542278,7
China,23.954,11.85819273,0.590960081,7
China,24.966,21.83156007,0.929132336,7
China,23.82,38.05354305,0.898584713,7
China,22.689,19.96756382,0.617961135,7
China,17.589,3.836153476,0.130995517,7
China,20.192,7.247947748,0.269751294,7
China,19.406,15.10235801,0.304548603,7
China,23.536,25.79900168,0.775286724,7
China,23.783,6.367236595,0.368511868,7
China,24.287,217.1871911,1.220896857,7
China,23.883,17.69342677,0.713554224,7
China,24.077,18.74209801,0.757479357,7
China,22.636,17.19130428,0.581154186,7
China,22.826,230.0596528,0.861489843,7
China,24.711,78.15796503,1.246661834,7
China,23.98,18.47424257,0.746510422,7
China,16.761,5.691002773,0.135900184,7
China,21.256,9.693857341,0.36304292,7
China,16.851,1.841052896,0.073053153,7
China,23.319,10.15083166,0.497120151,7
China,14.31,4.546366219,0.077039125,7
China,19.092,2.239172346,0.104434586,7
China,13.296,2.083673687,0.047837879,7
China,24.684,6.862132741,0.418903504,7
China,20.053,25.50360952,0.387018846,7
China,23.015,17.29057565,0.623786583,7
China,17.654,7.206334691,0.174870344,7
China,21.605,10.35747309,0.396646131,7
China,24.772,20.96912918,0.890588091,7
China,23.19,13.00254924,0.559236037,7
China,19.691,5.513601309,0.216994676,7
China,21.025,5.466186196,0.256083546,7
China,18.165,1.984149508,0.087397184,7
China,20.909,8.491457603,0.32614531,7
China,22.309,28.28869435,0.624265695,7
China,18.396,1.933399404,0.0867249,7
China,23.632,120.7175583,1.012460862,7
China,24.019,10.75246102,0.558886985,7
China,20.017,6.010972432,0.239099776,7
China,15.969,1.862376645,0.067066374,7
China,24.323,8.891750066,0.504158223,7
China,20.103,4.815824676,0.210825509,7
China,24.719,30.92947819,1.018062926,7
China,20.523,3.936849269,0.190763522,7
China,20.947,24.92293299,0.467804295,7
China,21.915,10.15083166,0.411220247,7
China,24.637,6.822734785,0.414554532,7
China,22.961,36.23596112,0.763772873,7
China,12.265,4.559473844,0.0486992,7
China,23.814,43.94512738,0.927143565,7
China,19.15,5.740368002,0.205047078,7
China,9.005,1.002883099,0.003205963,7
China,19.257,9.94831292,0.263466706,7
China,22.593,8.203109232,0.397500186,7
China,24.515,8.29812065,0.486476556,7
China,22.09,7.947399712,0.369571481,7
China,21.963,14.50575657,0.489115279,7
China,21.513,4.075233879,0.213402455,7
China,15.976,4.218482862,0.105040621,7
China,20.921,4.985106245,0.236961476,7
China,23.499,70.87002985,0.939382173,7
China,24.757,83.99067234,1.253169416,7
China,21.66,6.330680015,0.303776545,7
China,23.704,19.85292291,0.734916599,7
China,22.954,12.45299514,0.533279243,7
China,18.983,2.462338961,0.113136123,7
China,24.338,7.35303472,0.435345759,7
China,20.98,3.925531572,0.197499649,7
China,18.623,19.91016085,0.268457032,7
China,24.514,28.86456994,0.951072749,7
China,18.944,6.204376933,0.205125246,7
China,23.221,25.43029147,0.729291253,7
China,11.913,5.593542236,0.045552773,7
China,14.417,1.209262625,0.040168148,7
China,22.303,13.73360164,0.502303093,7
China,23.231,9.834407211,0.47988152,7
China,24.568,15.01564998,0.725514254,7
China,23.272,4.665704498,0.268515909,7
China,18.456,36.8673278,0.279834345,7
China,24.435,11.82410267,0.622714802,7
China,19.951,10.15083166,0.301345568,7
China,22.833,326.8726581,0.876526349,7
China,23.892,41.36701307,0.947643199,7
China,22.759,5.756918053,0.314258711,7
China,23.016,8.039449408,0.413847838,7
China,24.207,57.93496317,1.070546009,7
China,13.566,8.789941739,0.073351035,7
China,23.546,26.40008963,0.77338943,7
China,24.885,20.78880174,0.903039542,7
China,24.199,26.55253723,0.876454675,7
China,24.888,128.981562,1.369391964,7
China,23.347,6.981696894,0.38529132,7
China,23.952,202.1046911,1.13685278,7
China,23.112,21.51955113,0.679859832,7
China,16.878,1.603434644,0.065159102,7
China,12.032,12.34590358,0.051429586,7
China,24.185,19.45683823,0.787109575,7
China,23.39,5.891047821,0.335190984,7
China,24.454,17.84690413,0.785002777,7
China,18.308,4.942236012,0.168233571,7
China,24.15,5.908032296,0.353353362,7
China,24.381,15.58828005,0.723905918,7
China,22.941,23.39334216,0.673147439,7
China,20.223,17.54126927,0.370839623,7
China,22.718,17.64256152,0.596150388,7
China,22.821,8.789941739,0.429081565,7
China,23.564,7.811297539,0.426503623,7
China,20.227,4.146239776,0.192878122,7
China,23.912,38.94014814,0.917499021,7
China,24.534,48.60396147,1.093618341,7
China,19.762,38.49429313,0.383531643,7
China,22.845,6.440984263,0.345364582,7
China,15.548,1.728062277,0.060258657,7
China,24.423,7.144362642,0.427180238,7
China,20.558,10.93980932,0.344773786,7
China,22.769,15.23335977,0.560385277,7
China,22.83,40.89337106,0.753540049,7
China,19.723,3.803163849,0.171531234,7
China,22.717,7.082923532,0.368008456,8
China,22.825,7.970312854,0.403767008,8
China,22.916,17.64256152,0.609405874,8
China,24.254,24.56674324,0.871482413,8
China,21.9,6.063113161,0.302659189,8
China,24.466,15.67829474,0.742371475,8
China,20.005,4.985106245,0.213267693,8
China,22.227,12.52490509,0.475378133,8
China,20.867,4.075233879,0.201929301,8
China,23.878,10.44731649,0.540182297,8
China,22.803,51.78196712,0.78151,8
China,24.712,6.168755389,0.378516895,8
China,17.157,6.629112111,0.152987108,8
China,15.261,2.420170492,0.071812219,8
China,22.351,7.970312854,0.383022377,8
China,22.241,12.06480703,0.466635215,8
China,24.995,41.84614098,1.171012795,8
China,20.208,4.760684681,0.211610939,8
China,24.666,52.53274656,1.1431927,8
China,21.581,158.2340066,0.631975022,8
China,24.274,6.610054667,0.393556976,8
China,23.675,11.75621627,0.563978364,8
China,22.441,8.132565258,0.392303898,8
China,24.524,23.80094214,0.903833615,8
China,24.889,27.64460587,1.00376279,8
China,12.298,5.790161438,0.05068429,8
China,17.283,2.095705883,0.084646125,8
China,17.974,31.55911247,0.245037754,8
China,22.398,8.639410721,0.405284393,8
China,20.808,8.250478175,0.316104957,8
China,22.16,21.45768649,0.565347716,8
China,24.849,23.46078749,0.934822917,8
China,24.941,29.70764442,1.053427061,8
China,23.203,64.81908942,0.874548093,8
China,24.082,12.23973297,0.612609817,8
China,21.68,15.23335977,0.471920251,8
China,18.142,16.5121814,0.23386268,8
China,21.415,4.110583512,0.213185571,8
China,19.407,20.61002505,0.322482913,8
China,22.658,244.3976492,0.8471724,8
China,24.36,33.52596948,0.97323494,8
China,23.822,63.52588699,0.99526006,8
China,24.962,43.94512738,1.163271455,8
China,20.468,10.50764463,0.330837115,8
China,22.358,21.89450262,0.589725401,8
China,23.8,13.6154973,0.624948606,8
China,24.871,6.168755389,0.380470845,8
China,24.68,8.109185671,0.484097238,8
China,22.623,231.3881348,0.832765657,8
China,22.805,351.2662377,0.884609013,8
China,23.915,9.721805694,0.516407425,8
China,23.239,10.38733471,0.499486549,8
China,19.873,2.630904152,0.127971738,8
China,16.202,7.459645333,0.131480995,8
China,16.29,2.007130655,0.073597123,8
China,24.395,26.09781517,0.903581252,8
China,24.098,5.311061071,0.317776238,8
China,24.593,9.610493436,0.550456692,8
China,10.742,1.005774511,0.013480396,8
China,22.059,7.416816844,0.353054726,8
China,24.166,5.806855048,0.346929342,8
China,23.397,10.47743714,0.513190084,8
China,23.009,9.177844288,0.451212126,8
China,13.75,6.168755389,0.072719124,8
China,24.593,66.13861768,1.1659824,8
China,15.186,13.11533671,0.115919457,8
China,24.767,88.45791206,1.277051671,8
China,24.146,5.529497568,0.331229613,8
China,24.704,11.19469467,0.617481014,8
China,20.566,10.50764463,0.33756919,8
China,22.978,4.871603322,0.275282014,8
China,21.009,5.34172985,0.249838184,8
China,23.081,7.062561466,0.379302699,8
China,24.588,15.32132497,0.740424878,8
China,20.16,23.52842727,0.392288199,8
China,21.727,8.250478175,0.359553528,8
China,16.728,3.236886951,0.104961345,8
China,24.95,7.677526167,0.470499336,8
China,14.049,7.247947748,0.081164626,8
China,24.746,12.41719513,0.668476679,8
China,21.276,4.638917021,0.232770362,8
China,24.626,216.562819,1.305886959,8
China,22.382,14.17548362,0.51908711,8
China,23.71,31.74135091,0.859805627,8
China,11.511,2.232735149,0.033928361,8
China,24.439,65.00596928,1.15353286,8
China,20.254,6.294333319,0.252080841,8
China,18.219,3.590366513,0.138606548,8
China,23.837,178.0584714,1.085012758,8
China,23.334,82.55230087,0.916863724,8
China,14.078,1.470760256,0.044654419,8
China,24.754,17.79559766,0.817810029,8
China,21.238,51.33665966,0.553883593,9
China,24.39,11.29180035,0.601911256,9
China,19.296,3.902993693,0.166836793,9
China,24.171,12.41719513,0.622308745,9
China,23.372,9.976994894,0.495365858,9
China,20.553,5.013892794,0.228491099,9
China,23.416,8.039449408,0.428702678,9
China,13.826,51.63310376,0.089088186,9
China,24.352,26.24851728,0.90889982,9
China,23.525,28.37025346,0.790872276,9
China,19.198,6.881916951,0.225076101,9
China,19.39,3.321852504,0.149853004,9
China,12.958,1.475000604,0.037674615,9
China,22.503,6.13333836,0.32434892,9
China,21.935,53.14120009,0.649109169,9
China,22.532,19.51293423,0.590820268,9
China,24.133,42.82110938,1.002697126,9
China,22.82,12.20454605,0.512697884,9
China,24.925,98.68441299,1.322019002,9
China,22.367,65.94848166,0.715496891,9
China,19.746,62.07950381,0.390645087,9
China,19.961,11.58820059,0.312043067,9
China,16.823,1.580518923,0.063859349,9
China,22.006,20.49169553,0.541108961,9
China,23.491,11.92666799,0.561284961,9
China,22.278,158.690211,0.748180548,9
China,23.985,75.72160399,1.038373127,9
China,23.894,51.04191756,0.984031269,9
China,24.591,11.03470406,0.606127547,9
China,20.278,40.54170185,0.432098626,9
China,22.745,55.80674233,0.773522388,9
China,21.034,5.311061071,0.251446457,9
China,18.635,3.117981028,0.132575729,9
China,21.938,28.28869435,0.584064237,9
China,23.541,22.34021106,0.738193233,9
China,21.777,12.52490509,0.446996755,9
China,21.78,6.667391991,0.317677599,9
China,19.451,127.1382031,0.379542349,9
China,24.826,11.22697009,0.628509333,9
China,24.925,18.31537031,0.843870758,9
China,22.854,18.85032445,0.622863847,9
China,23.556,19.73894018,0.714522901,9
China,19.159,93.97087014,0.346433717,9
China,23.743,45.09864991,0.926607352,9
China,14.791,6.098124673,0.0926412,9
China,24.019,17.04346486,0.71697952,9
China,24.306,13.81290647,0.67381026,9
China,20.546,4.170182282,0.199908356,9
China,12.76,3.020786488,0.048847013,9
China,21.774,5.013892794,0.258476981,9
China,23.064,12.70650192,0.545342143,9
China,22.982,24.00739766,0.690627335,9
China,14.979,4.481391161,0.087707226,9
China,19.889,8.29812065,0.27419872,9
China,15.963,15.27727905,0.142638251,9
China,24.72,125.3211888,1.301741772,9
China,23.665,57.60233784,0.937445496,9
China,17.866,37.50969526,0.241758397,10
China,18.151,7.395494898,0.192324353,10
China,22.644,16.84832142,0.569481868,10
China,23.055,15.63322261,0.599298811,10
China,22.559,10.32769731,0.452884974,10
China,14.794,4.230645167,0.084144602,10
China,23.609,30.31240572,0.822596952,10
China,24.355,26.70586515,0.903143928,10
China,18.266,40.07750945,0.266513386,10
China,23.02,52.23113729,0.802905294,10
China,20.953,21.02958526,0.446534311,10
China,22.939,19.45683823,0.643055261,10
China,22.468,93.4313498,0.763123133,10
China,19.766,22.02093266,0.355717357,10
China,19.966,53.60216059,0.411396258,10
China,23.885,81.60709756,1.056659658,10
China,24.858,11.52166859,0.638432345,10
China,18.721,1.851684076,0.084727729,10
China,24.326,49.0255648,1.046783345,10
China,11.872,1.773422454,0.033872783,10
China,11.074,1.002883099,0.002028518,10
China,19.071,20.61002505,0.298169116,10
China,24.71,16.464712,0.784205449,10
China,22.939,55.6463085,0.809509541,10
China,24.098,9.582865085,0.52333141,10
China,19.414,2.297948731,0.10909577,10
China,20.404,3.858305386,0.185866481,10
China,12.057,5.72386553,0.047411582,10
China,24.759,7.611502031,0.460090727,10
China,23.712,108.2077993,1.028056577,10
China,21.118,3.925531572,0.199956405,10
China,23.499,13.9327232,0.602881182,10
China,13.918,1.071537815,0.034452355,10
China,12.226,71.69087251,0.05772544,10
China,23.272,6.348931994,0.353683816,10
China,24.823,9.976994894,0.576078126,10
China,21.175,9.364678523,0.35574245,10
China,24.558,15.67829474,0.744285352,10
China,23.132,51.18907648,0.829519423,10
China,23.326,52.23113729,0.864089291,10
China,16.509,5.450471945,0.128067967,10
China,24.618,9.177844288,0.531114475,10
China,15.5,1.026249157,0.038218991,10
China,24.343,13.65475213,0.677255739,10
China,23.972,105.1369657,1.079737395,10
China,16.493,16.5121814,0.160572724,10
China,19.332,2.399357842,0.113140039,11
China,22.919,50.16780576,0.798072376,11
China,19.274,13.45960324,0.284615505,11
China,23.3,49.87977447,0.850968738,11
China,24.028,6.667391991,0.391413823,11
China,22.818,11.52166859,0.499675949,11
China,24.329,83.26838087,1.155109249,11
China,19.983,5.372575727,0.221475578,11
China,24.646,7.35303472,0.443683524,11
China,23.292,296.3930167,0.976214603,11
China,17.758,7.310818321,0.177301475,11
China,18.902,19.28951598,0.28811788,11
China,13.815,1.659797147,0.046133748,11
China,21.902,68.07039011,0.658846681,11
China,20.022,5.756918053,0.231913521,11
China,22.201,14.80105162,0.50999243,11
China,22.643,28.28869435,0.66975381,11
China,22.468,5.419178838,0.291778405,11
China,22.564,14.71607349,0.539384481,11
China,22.51,19.45683823,0.588993075,11
China,14.825,1.083948758,0.038162734,12
China,22.166,83.74921504,0.702514155,12
China,24.849,62.07950381,1.226266091,12
China,21.957,30.84056179,0.587387599,12
China,24.16,66.52053584,1.089963383,12
China,24.686,93.4313498,1.269592861,12
China,24.381,24.85128427,0.881235436,12
China,24.667,103.3364561,1.273949443,12
China,24.069,90.25865805,1.083328382,12
China,24.928,36.55028121,1.111241536,12
China,18.05,7.856403961,0.193826698,13
EU,7.913,1.360765989,0.022489741,2
EU,19.597,47.49732675,0.974990506,2
EU,13.928,12.70650192,0.216785183,2
EU,19.164,25.35718419,0.749454128,2
EU,8.626,6.842405407,0.051435348,2
EU,18.679,5.874112172,0.267972945,2
EU,15.888,8.515939318,0.264618425,2
EU,12.901,4.122434732,0.108898868,2
EU,9.056,2.213534379,0.038681641,2
EU,11.508,2.226316457,0.057557109,2
EU,17.387,85.70047831,0.656027244,2
EU,19.212,6.610054667,0.310632064,2
EU,7.612,5.674642216,0.037418818,2
EU,18.033,7.76645009,0.326764624,2
EU,8.965,2.6233408,0.041552309,2
EU,7.656,1.322148754,0.020967554,2
EU,14.659,5.357130588,0.167087628,2
EU,17.329,10.62934802,0.368322101,2
EU,15.314,7.833818286,0.230741435,2
EU,19.683,35.41092605,0.918218526,2
EU,9.359,2.512465026,0.043896734,2
EU,14.727,4.815824676,0.157068964,2
EU,18.746,7.589620402,0.342658209,2
EU,17.514,7.144362642,0.290853857,2
EU,15.008,4.999478801,0.166791126,2
EU,13.282,24.21564404,0.211008621,2
EU,14.656,14.71607349,0.263586533,2
EU,16.354,12.59723029,0.343196247,2
EU,16.632,6.862132741,0.254339949,2
EU,14.005,16.84832142,0.234697627,2
EU,16.361,8.491457603,0.283117241,3
EU,17.677,58.26950924,0.676820601,3
EU,11.147,2.843567002,0.065507766,3
EU,13.906,13.42090943,0.215899828,3
EU,19.995,12.13447539,0.558554911,3
EU,19.792,10.20944774,0.480317565,3
EU,19.733,7.589620402,0.367519267,3
EU,14.612,20.6694458,0.280958405,3
EU,18.789,25.21159953,0.692867141,3
EU,14.164,11.5548867,0.220495486,3
EU,6.166,1.083948758,0.013364335,3
EU,13.881,6.38559397,0.164127928,3
EU,14.074,5.295792775,0.152826246,3
EU,19.807,31.55911247,0.901570907,3
EU,14.338,28.53407779,0.281262651,3
EU,11.472,3.759618569,0.08128272,3
EU,12.972,9.177844288,0.158201667,3
EU,15.664,3.54925771,0.133373526,3
EU,12.765,5.466186196,0.124443376,3
EU,15.252,20.84873791,0.328459192,3
EU,17.752,75.07042373,0.703795315,3
EU,16.125,21.64381601,0.396341594,3
EU,12.317,2.239172346,0.063726761,3
EU,18.224,37.18712453,0.696340579,3
EU,12.5,4.913860869,0.112830923,3
EU,17.104,11.65511677,0.378098818,3
EU,16.029,9.391677821,0.28401242,3
EU,16.171,24.77984153,0.41376794,3
EU,9.828,5.545439659,0.066901071,3
EU,19.797,17.3404261,0.693745646,3
EU,11.193,88.712945,0.130957978,3
EU,17.114,79.74903404,0.612870795,3
EU,6.663,3.082280921,0.024662244,3
EU,10.902,3.145027202,0.066681988,3
EU,18.543,39.27792505,0.760245725,3
EU,19.014,43.94512738,0.857484566,3
EU,16.54,10.62934802,0.326784233,3
EU,17.64,13.00254924,0.434047636,3
EU,18.512,10.75246102,0.436999338,3
EU,18.97,8.250478175,0.374490512,3
EU,12.209,3.716571871,0.092102842,3
EU,18.227,8.789941739,0.366173145,3
EU,16.653,78.83592743,0.553605768,3
EU,9.33,1.258997902,0.026111532,3
EU,15.623,7.395494898,0.234054216,3
EU,16.694,6.941612478,0.260202153,3
EU,19.437,8.714351203,0.408126461,3
EU,14.19,10.78346144,0.2146909,3
EU,19.742,11.72241937,0.533547906,3
EU,18.695,6.348931994,0.289463329,3
EU,17.671,12.74313603,0.431526902,3
EU,15.037,27.72430801,0.330485405,3
EU,17.113,92.6278717,0.618713471,3
EU,19.539,70.87002985,1.050034058,3
EU,18.953,7.879054754,0.360109145,3
EU,15.771,6.572103982,0.222482113,3
EU,17.115,4.970775007,0.205804629,3
EU,19.888,81.84237892,1.161157178,3
EU,18.239,12.81672141,0.469598085,3
EU,9.289,10.65999348,0.06645136,3
EU,19.217,7.655454731,0.358096232,3
EU,14.207,9.046677784,0.202759028,3
EU,14.308,10.56832113,0.219238954,3
EU,18.279,8.664319,0.364797285,3
EU,17.283,8.789941739,0.329320197,3
EU,15.008,4.242842537,0.147662276,3
EU,16.011,4.341696034,0.16584992,3
EU,19.09,17.39042027,0.629151419,3
EU,15.693,7.062561466,0.230870096,3
EU,14.495,15.27727905,0.253960353,3
EU,19.63,57.43674202,1.026213862,3
EU,19.935,11.48854597,0.534626483,3
EU,19.417,39.27792505,0.902055388,3
EU,19.216,10.97134988,0.479717544,3
EU,13.733,9.284145445,0.1870916,3
EU,13.419,36.13178958,0.230343358,3
EU,17.184,34.80450078,0.549475183,3
EU,19.115,13.53732587,0.547434899,3
EU,19.406,40.30893746,0.906154895,3
EU,19.561,53.44806452,1.003358723,3
EU,11.083,2.05389456,0.051050181,3
EU,19.247,65.38134696,0.983428404,3
EU,16.789,24.21564404,0.469775944,3
EU,19.626,7.268844301,0.350249732,3
EU,15.282,13.38232685,0.290829734,3
EU,19.078,16.84832142,0.618336363,3
EU,15.198,25.06685073,0.33707809,3
EU,17.762,13.9327232,0.454839633,3
EU,15.671,15.4542261,0.325566788,3
EU,14.225,6.725226672,0.178715076,3
EU,17.332,36.6556593,0.575266252,3
EU,16.179,7.633446747,0.256981765,3
EU,19.479,6.862132741,0.327918878,3
EU,15.932,5.101253658,0.188248497,3
EU,8.68,3.40904833,0.043566043,3
EU,12.069,4.455661893,0.099478976,4
EU,18.194,11.72241937,0.442823945,4
EU,15.105,11.09842407,0.262057052,4
EU,19.216,15.10235801,0.593336091,4
EU,14.827,17.24086852,0.284268426,4
EU,13.459,4.719744398,0.129678169,4
EU,12.621,3.145027202,0.087326534,4
EU,12.758,3.539054265,0.096942224,4
EU,18.874,64.2616671,0.895597283,4
EU,18.582,30.31240572,0.717457879,4
EU,10.797,11.25933856,0.100812702,4
EU,9.861,14.67376756,0.080809933,4
EU,13.181,5.013892794,0.128478686,4
EU,15.029,4.665704498,0.159485098,4
EU,18.664,10.78346144,0.444592664,4
EU,16.17,7.12382395,0.246400606,4
EU,12.832,21.27315762,0.186558935,4
EU,17.968,5.959280096,0.259761637,4
EU,16.333,20.14076763,0.408107653,4
EU,18.938,69.25643224,0.917185672,4
EU,18.37,18.36817534,0.574270828,4
EU,14.907,5.311061071,0.171613245,4
EU,14.391,3.418876955,0.115298015,4
EU,17.709,13.53732587,0.447178301,4
EU,16.355,3.836153476,0.151555073,4
EU,17.629,30.84056179,0.587033362,4
EU,18.31,7.416816844,0.323104401,4
EU,18.042,85.9475613,0.767162607,4
EU,12.814,3.218302827,0.091233791,4
EU,16.16,33.14210547,0.440416675,4
EU,19.991,62.43798258,1.127216377,4
EU,19.377,28.69884813,0.81948926,4
EU,17.094,6.515586104,0.259192734,4
EU,18.919,6.168755389,0.285793356,4
EU,15.523,6.515586104,0.214556532,4
EU,19.832,16.75158919,0.679670359,4
EU,14.629,3.488475353,0.119963493,4
EU,19.385,7.901770851,0.372847347,4
EU,19.633,13.97289262,0.594638596,4
EU,16.194,4.366767205,0.169324237,4
EU,15.865,5.403599724,0.195360353,4
EU,13.245,23.80094214,0.208124766,4
EU,19.817,15.36549787,0.644335744,4
EU,18.944,29.45216869,0.750996689,4
EU,19.113,9.527846433,0.42641862,4
EU,8.544,1.392470318,0.025569009,4
EU,19.59,7.833818286,0.375578062,4
EU,16.636,12.48889836,0.361069591,4
EU,16.603,19.51293423,0.422246156,4
EU,19.04,8.689299091,0.39353862,4
EU,18.962,6.961625835,0.321588851,4
EU,15.903,8.491457603,0.26407909,4
EU,14.681,13.57635532,0.25851236,4
EU,19.126,7.459645333,0.347403111,4
EU,17.791,24.56674324,0.575009957,4
EU,12.577,6.010972432,0.125667108,4
EU,17.115,14.54757811,0.419591215,4
EU,14.819,4.075233879,0.139956357,4
EU,14.907,61.7230832,0.345707342,4
EU,16.136,7.247947748,0.247820324,4
EU,13.872,21.21200132,0.240106292,4
EU,15.071,3.082280921,0.111235957,4
EU,19.725,20.31547386,0.748520391,4
EU,17.063,64.07692696,0.594294519,4
EU,19.401,80.67271658,1.038679601,4
EU,17.152,80.90530403,0.619368029,4
EU,14.983,9.527846433,0.239450424,4
EU,18.206,7.247947748,0.313775961,4
EU,17.716,52.23113729,0.677485312,4
EU,15.69,12.59723029,0.303745854,4
EU,12.201,16.18274769,0.151838192,4
EU,15.663,32.48088897,0.387206538,4
EU,18.379,21.95762665,0.613178184,4
EU,18.286,87.95004358,0.807282425,4
EU,19.42,9.41875496,0.435619555,4
EU,18.536,9.610493436,0.40364186,4
EU,9.228,4.80198009,0.055635788,4
EU,14.689,2.835392285,0.099331115,4
EU,14.207,5.190136677,0.153235722,4
EU,18.426,9.638201443,0.399638829,4
EU,17.187,12.66997313,0.396883243,4
EU,18.987,11.96105376,0.495795367,4
EU,18.653,25.50360952,0.688468008,4
EU,17.205,9.527846433,0.34238769,4
EU,10,3.274377763,0.057259394,4
EU,16.924,17.29057565,0.433333479,4
EU,14.998,13.42090943,0.274838383,4
EU,11.301,1.708276394,0.044361801,4
EU,16.098,18.90467181,0.377566511,4
EU,19.671,16.70343154,0.666118568,4
EU,12.526,9.693857341,0.147366551,4
EU,19.582,38.16325519,0.930605338,4
EU,19.915,40.42515213,1.003049934,4
EU,19.039,17.84690413,0.627888378,4
EU,18.842,6.9017582,0.316522253,4
EU,18.992,27.24951894,0.74902872,4
EU,15.397,22.40462011,0.338713499,4
EU,15.541,12.23973297,0.294500083,4
EU,15.269,6.881916951,0.212500734,4
EU,15.409,76.59863937,0.401633915,4
EU,13.217,8.062627939,0.159618556,4
EU,18.449,85.20844125,0.850826749,4
EU,18.62,16.79988569,0.568438639,4
EU,19.463,83.02900003,1.065144116,4
EU,15.329,5.756918053,0.192173806,4
EU,15.646,20.6694458,0.350366428,4
EU,16.296,7.811297539,0.267325242,4
EU,19.343,92.6278717,1.055807992,4
EU,15.103,17.49084144,0.300910363,4
EU,18.701,44.96899982,0.812213422,4
EU,19.157,15.40979812,0.588710853,4
EU,15.254,4.638917021,0.162273673,4
EU,19.902,54.37933076,1.082470611,4
EU,17.585,9.364678523,0.355309185,4
EU,15.971,4.985106245,0.186171297,4
EU,17.55,15.99745926,0.471534967,4
EU,18.57,16.5121814,0.56523529,4
EU,17.104,49.45082522,0.583677579,4
EU,16.561,7.655454731,0.272104008,4
EU,6.028,2.723383345,0.019781704,4
EU,17.979,7.502721136,0.316335604,4
EU,15.554,16.84832142,0.327899285,4
EU,16.875,17.94996127,0.435726362,4
EU,19.224,77.48583289,1.008490157,4
EU,16.228,10.87699997,0.315210914,4
EU,9.045,2.770834922,0.043233172,4
EU,19.204,20.08286674,0.677619339,4
EU,18.54,22.86071305,0.63931599,4
EU,15.526,10.41728243,0.275379684,4
EU,18.983,25.57713896,0.729583703,4
EU,17.169,4.507269002,0.187964032,4
EU,17.383,49.59339686,0.614053578,4
EU,12.728,45.75252887,0.194885132,4
EU,19.807,9.919713402,0.469242329,4
EU,16.105,18.79613333,0.381417026,4
EU,16.569,93.70072166,0.540918661,4
EU,15.457,3.738033256,0.137908406,4
EU,15.7,19.62561188,0.350529176,4
EU,17.392,5.529497568,0.231397549,4
EU,19.539,14.38101196,0.597491061,4
EU,13.567,17.24086852,0.212109764,4
EU,16.914,4.507269002,0.184394928,4
EU,19.855,19.85292291,0.753841871,4
EU,18.691,10.00575956,0.424097842,4
EU,15.122,11.52166859,0.26498143,4
EU,18.397,16.464712,0.546758282,4
EU,19.024,27.01518227,0.742675442,4
EU,16.697,12.41719513,0.364368712,4
EU,17.322,39.61863193,0.584485561,4
EU,18.216,15.72349682,0.519846766,4
EU,17.098,85.70047831,0.615104601,4
EU,15.605,12.52490509,0.301425668,4
EU,19.744,21.51955113,0.769010729,4
EU,18.896,6.045682857,0.279582869,4
EU,8.038,35.30912633,0.049701097,4
EU,11.658,5.013892794,0.097164652,4
EU,14.869,4.559473844,0.153486822,4
EU,17.872,14.33966927,0.469696251,4
EU,14.676,5.280568372,0.166046508,4
EU,19.582,29.11494869,0.847226556,4
EU,15.95,3.880585212,0.148820757,4
EU,18.814,7.947399712,0.357300282,4
EU,17.139,4.638917021,0.192665594,4
EU,14.003,3.948199596,0.124210816,4
EU,14.713,7.374234249,0.203726934,4
EU,16.621,7.677526167,0.276120291,4
EU,15.244,7.833818286,0.22783208,4
EU,12.306,2.977614476,0.080348291,4
EU,19.775,39.96229419,0.971772987,4
EU,17.002,7.001825819,0.270630571,4
EU,17.273,9.020670296,0.331327942,4
EU,16.887,11.52166859,0.362386862,4
EU,19.919,39.39116721,0.997756815,4
EU,15.984,13.42090943,0.328747573,4
EU,18.44,67.29100107,0.815492823,4
EU,16.324,16.08983676,0.377945511,4
EU,11.664,2.615799191,0.066775423,5
EU,19.388,59.79903471,0.982162004,5
EU,19.282,8.370100694,0.389033015,5
EU,18.654,7.103344304,0.319704445,5
EU,14.937,11.5548867,0.257910815,5
EU,17.067,44.07182555,0.568295504,5
EU,17.49,8.274265122,0.322676696,5
EU,19.847,18.95917585,0.730689224,5
EU,14.138,2.715554133,0.09115932,5
EU,19.355,31.1080808,0.83949902,5
EU,17.738,72.73030836,0.698802115,5
EU,17.019,24.00739766,0.489899816,5
EU,13.882,15.76882923,0.224448602,5
EU,11.603,6.258195303,0.105014957,5
EU,19.993,16.65541233,0.696539802,5
EU,16.39,3.770457923,0.149013674,5
EU,18.044,7.12382395,0.304794782,5
EU,17.155,10.06353793,0.34990089,5
EU,17.123,10.59879065,0.360346975,5
EU,19.63,22.53399583,0.766392422,5
EU,19.93,11.19469467,0.524054311,5
EU,16.137,10.23888259,0.303694295,5
EU,15.88,13.81290647,0.328924408,5
EU,18.65,6.478177796,0.294883706,5
EU,11.632,13.0776326,0.127798611,5
EU,18.74,44.58228158,0.82158115,5
EU,18.171,7.268844301,0.314054289,5
EU,15.485,6.422467651,0.210830347,5
EU,11.81,6.330680015,0.109896608,5
EU,17.974,9.55531616,0.379085885,5
EU,15.512,34.80450078,0.3800138,5
EU,13.838,5.57746186,0.151314212,5
EU,18.878,24.35547754,0.70633933,5
EU,18.784,20.61002505,0.648714795,5
EU,19.778,30.92947819,0.900844789,5
EU,16.479,39.73285638,0.487819696,5
EU,7.248,4.040188242,0.031235543,5
EU,14.603,27.48588831,0.296397239,5
EU,19.569,18.58092228,0.690955451,5
EU,16.375,19.12363265,0.400594375,5
EU,18.115,8.29812065,0.345982052,5
EU,19.995,17.64256152,0.720033194,5
EU,19.328,8.156012251,0.381803976,5
EU,19.14,29.11494869,0.78578194,5
EU,15.968,48.0474582,0.439074841,5
EU,16.661,5.823596788,0.226856736,5
EU,17.957,16.32312103,0.505760231,5
EU,14.921,10.78346144,0.250515674,5
EU,16.761,17.49084144,0.42456517,5
EU,7.153,1.650267659,0.021838671,5
EU,15.311,4.546366219,0.161095663,5
EU,19.282,12.8907317,0.541064017,5
EU,18.847,62.61799748,0.895078726,5
EU,13.299,7.103344304,0.154609238,5
EU,12.386,3.869429263,0.096957312,5
EU,19.601,26.40008963,0.826175739,5
EU,17.954,11.62161052,0.426157372,5
EU,15.408,13.34385519,0.293927216,5
EU,13.226,2.94352153,0.089458666,5
EU,18.998,27.24951894,0.749128519,5
EU,16.223,38.38362932,0.450054966,5
EU,18.112,71.07435518,0.764194248,5
EU,13.909,3.379731664,0.108315336,5
EU,19.801,41.24809073,0.982180906,5
EU,19.417,68.85880632,1.026039814,5
EU,19.661,53.44806452,1.023882456,5
EU,17.7,15.27727905,0.471723126,5
EU,18.099,12.45299514,0.453915065,5
EU,17.503,4.665704498,0.198589228,5
EU,15.958,3.814128748,0.146394366,5
EU,18.937,7.811297539,0.356246991,5
EU,11.277,18.95917585,0.122601687,5
EU,11.06,12.74313603,0.110260779,5
EU,16.595,19.91016085,0.423417011,5
EU,19.308,6.534371185,0.308961427,5
EU,18.813,35.61540682,0.776155031,5
EU,18.015,17.94996127,0.532944772,5
EU,16.049,8.589808778,0.271740581,5
EU,17.937,6.667391991,0.285950865,5
EU,13.755,33.52596948,0.24665658,5
EU,17.004,49.0255648,0.570012825,5
EU,15.889,54.37933076,0.441007434,5
EU,19.611,13.04003688,0.565277587,5
EU,19.444,10.06353793,0.461017088,5
EU,16.698,4.304358912,0.173813238,5
EU,7.678,1.314557826,0.020948659,5
EU,13.265,13.77319698,0.188488841,5
EU,18.441,51.04191756,0.779283532,5
EU,18.088,44.71081673,0.709154988,5
EU,14.413,29.79329451,0.286708722,5
EU,16.022,43.19255075,0.445285309,5
EU,18.029,30.31240572,0.643376045,5
EU,17.191,51.18907648,0.5877237,5
EU,12.32,16.464712,0.157757014,5
EU,14.612,12.06480703,0.243640436,5
EU,13.951,10.38733471,0.203884816,5
EU,18.607,11.42258612,0.456908919,5
EU,19.727,14.84372452,0.621505167,5
EU,12.731,11.48854597,0.160237391,5
EU,14.715,89.48246402,0.340554589,5
EU,15.007,5.190136677,0.17098148,5
EU,18.804,10.41728243,0.440041142,5
EU,15.463,21.70621728,0.345305395,5
EU,19.945,37.9441463,0.980699781,5
EU,16.085,18.21021523,0.375962571,5
EU,19.972,26.93751873,0.875300771,5
EU,12.798,5.34172985,0.124178254,5
EU,15.755,7.589620402,0.241601983,5
EU,18.975,35.00547975,0.809259018,5
EU,16.041,75.07042373,0.472094171,5
EU,11.487,3.51873529,0.078929,5
EU,18.476,11.16251204,0.444727028,5
EU,17.559,38.49429313,0.61092078,5
EU,17.098,11.82410267,0.379152125,5
EU,16.95,23.12549421,0.48126893,5
EU,19.816,58.94440805,1.071384224,5
EU,17.769,48.46423427,0.669441322,5
EU,19.408,90.51888272,1.053627205,5
EU,16.633,4.028573465,0.161961886,5
EU,18.289,17.84690413,0.557079234,5
EU,17.115,59.79903471,0.590962166,5
EU,13.711,2.747006676,0.088641521,5
EU,14.259,60.31774699,0.295695105,5
EU,12.327,5.790161438,0.117795652,5
EU,19.167,16.89689681,0.621744991,5
EU,16.456,8.370100694,0.282777018,5
EU,17.048,23.73251893,0.492856936,5
EU,15.548,9.204304925,0.258487968,5
EU,17.319,29.96533621,0.552758853,5
EU,15.257,18.74209801,0.316101444,5
EU,19.914,12.96516937,0.586001431,5
EU,17.1,5.042845572,0.207580926,5
EU,14.664,11.62161052,0.244773026,5
EU,18.377,26.86007845,0.661597022,5
EU,10.535,2.630904152,0.056336654,5
EU,13.674,5.707410499,0.149654461,5
EU,14.025,36.02791752,0.267142695,5
EU,18.877,46.01672735,0.844383577,5
EU,16.689,20.08286674,0.434278839,5
EU,18.388,34.4059979,0.711192556,5
EU,10.396,14.58952022,0.093743365,5
EU,19.584,7.206334691,0.346525223,5
EU,19.451,24.07661337,0.765166505,5
EU,16.183,9.500455676,0.292377565,5
EU,18.514,20.6694458,0.617404489,5
EU,17.303,6.803120713,0.27364371,5
EU,13.791,26.70586515,0.242818301,5
EU,11.007,1.819973298,0.045563482,5
EU,18.418,27.56513286,0.666669782,5
EU,19.58,73.57269745,1.061263964,5
EU,19.257,10.38733471,0.461923675,5
EU,18.262,17.3404261,0.549004043,5
EU,18.825,11.16251204,0.46400163,5
EU,17.741,51.18907648,0.67792392,5
EU,7.585,3.51873529,0.033137419,5
EU,18.348,23.66429243,0.626300761,5
EU,14.32,4.391983149,0.139764258,5
EU,18.706,34.4059979,0.751305139,5
EU,19.371,29.45216869,0.825281629,5
EU,14.259,45.48984726,0.287581349,5
EU,9.82,28.61634437,0.084702582,5
EU,18.2,17.24086852,0.536965083,5
EU,17.451,25.94797829,0.546037834,5
EU,14.856,4.65229148,0.155512621,5
EU,15.948,17.49084144,0.361714286,5
EU,10.997,14.80105162,0.110749493,5
EU,16.213,3.652924197,0.142824513,5
EU,18.271,7.76645009,0.334933321,5
EU,13.674,20.6694458,0.22523062,5
EU,17.824,9.919713402,0.380391362,5
EU,16.917,12.34590358,0.374104572,5
EU,13.131,2.646096336,0.08097662,5
EU,18.691,6.330680015,0.288529352,5
EU,15.38,12.52490509,0.288583901,5
EU,9.171,7.811297539,0.061096379,5
EU,19.834,7.76645009,0.377594495,5
EU,19.445,8.714351203,0.408365203,5
EU,18.423,7.331896136,0.322838586,5
EU,9.57,7.416816844,0.067207047,5
EU,14.462,3.341034577,0.113797822,5
EU,15.695,17.24086852,0.3405413,5
EU,19.711,18.1578643,0.696996467,5
EU,16.051,30.31240572,0.421282205,5
EU,15.639,3.399247961,0.127619565,6
EU,17.554,7.185617841,0.292819332,6
EU,18.512,6.981696894,0.311847622,6
EU,16.036,92.36158408,0.475721601,6
EU,16.861,5.086588519,0.205675288,6
EU,15.814,23.05901279,0.375616782,6
EU,19.375,44.71081673,0.92244606,6
EU,19.821,12.92789696,0.576034047,6
EU,16.889,9.749834625,0.332235059,6
EU,19.75,39.27792505,0.955701621,6
EU,13.851,8.250478175,0.183907825,6
EU,15.729,14.80105162,0.326438068,6
EU,7.927,2.358267947,0.031187189,6
EU,19.354,15.23335977,0.600540572,6
EU,19.829,10.56832113,0.495450795,6
EU,19.773,9.230841849,0.440485313,6
EU,18.964,8.29812065,0.376184936,6
EU,12.788,4.612283342,0.11477516,6
EU,17.317,40.89337106,0.591028375,6
EU,19.102,65.56984787,0.947075354,6
EU,16.172,82.79030735,0.490348274,6
EU,18.201,40.19305689,0.707143817,6
EU,16.296,11.65511677,0.329824906,6
EU,12.856,14.80105162,0.174702693,6
EU,17.02,11.42258612,0.369791408,6
EU,19.963,7.567801678,0.371461663,6
EU,16.491,31.55911247,0.464394852,6
EU,15.794,12.03012299,0.30680051,6
EU,17.74,15.32132497,0.47343974,6
EU,19.026,21.02958526,0.674766253,6
EU,15.901,5.057384597,0.187223785,6
EU,11.452,46.68391738,0.139072732,6
EU,19.657,86.19535665,1.120218288,6
EU,16.126,11.85819273,0.32144637,6
EU,19.89,43.94512738,1.023302847,6
EU,16.225,10.09255211,0.303613402,6
EU,19.636,10.87699997,0.495869573,6
EU,17.154,15.49878217,0.434232254,6
EU,19.826,9.204304925,0.4421095,6
EU,18.805,9.046677784,0.398611481,6
EU,18.554,46.41588834,0.788869942,6
EU,19.075,12.13447539,0.505739561,6
EU,18.456,11.48854597,0.452292676,6
EU,11.58,12.20454605,0.124863835,6
EU,17.352,15.49878217,0.448447631,6
EU,16.792,17.44055857,0.423212251,6
EU,18.258,6.063113161,0.268938681,6
EU,18.045,66.71232115,0.755597164,6
EU,13.538,12.8907317,0.196898871,6
EU,11.133,2.909818941,0.066125193,6
EU,14.289,12.81672141,0.234337878,6
EU,17.857,37.18712453,0.647946201,6
EU,15.753,4.546366219,0.168514501,6
EU,15.549,12.41719513,0.29500876,6
EU,14.687,5.357130588,0.167296768,6
EU,15.521,7.227111269,0.22785553,6
EU,19.782,8.370100694,0.403897273,6
EU,10.424,1.594228753,0.037603224,6
EU,17.825,57.27162224,0.689398866,6
EU,19.863,53.75670094,1.071325665,6
EU,19.434,21.15102082,0.728306958,6
EU,14.969,31.19776848,0.32785507,6
EU,15.955,8.540491617,0.266202082,6
EU,19.988,22.40462011,0.818107913,6
EU,9.129,15.23335977,0.066250101,6
EU,13.584,11.09842407,0.192952396,6
EU,17.441,23.32609073,0.528039518,6
EU,17.936,5.028348345,0.219380808,6
EU,14.37,8.764672318,0.207100434,6
EU,18.981,16.75158919,0.604337021,6
EU,16.513,60.84095873,0.518416648,6
EU,18.158,42.20912522,0.712631005,6
EU,14.115,18.00171279,0.245838835,6
EU,18.619,16.94561224,0.573223435,6
EU,13.364,54.53611177,0.233840884,6
EU,18.552,8.540491617,0.371697725,6
EU,18.553,15.23335977,0.5364026,6
EU,15.393,8.639410721,0.244360904,6
EU,18.011,10.75246102,0.407518075,6
EU,18.37,18.05361352,0.564211634,6
EU,18.902,74.63941761,0.920918891,6
EU,19.244,7.438200263,0.348923093,6
EU,19.391,16.99446812,0.646207557,6
EU,18.139,57.60233784,0.745090701,6
EU,18.148,11.79011061,0.440641471,6
EU,12.228,3.528880153,0.08922763,6
EU,20,12.27502133,0.564525778,6
EU,17.599,8.29812065,0.328143635,6
EU,17.96,9.125151006,0.364887879,6
EU,16.649,22.92662276,0.445995854,6
EU,11.027,6.186540523,0.091990969,6
EU,15.471,8.039449408,0.24087168,6
EU,18.609,13.26724335,0.503196162,6
EU,18.905,28.04542111,0.743020434,6
EU,12.971,4.559473844,0.11738794,6
EU,19.662,9.257455283,0.43669867,6
EU,14.896,6.151021383,0.188228372,6
EU,12.826,10.53793921,0.16135729,6
EU,18.029,7.947399712,0.332688634,6
EU,18.456,35.92434407,0.726366287,6
EU,16.072,8.815284013,0.276172878,6
EU,19.354,23.93838094,0.758881692,6
EU,16.21,3.869429263,0.151299855,6
EU,18.093,38.05354305,0.686031559,6
EU,19.242,14.58952022,0.580052237,6
EU,10.471,1.640792882,0.03881732,6
EU,12.127,6.348931994,0.11697003,6
EU,14.265,9.177844288,0.205724272,6
EU,19.674,22.27598718,0.770582035,6
EU,19.313,72.52122247,1.01102369,6
EU,18.894,23.52842727,0.694767634,6
EU,15.482,11.52166859,0.284521174,6
EU,17.643,51.78196712,0.659233471,6
EU,11.734,8.085873296,0.116849959,6
EU,17.914,9.834407211,0.382073547,6
EU,19.503,17.04346486,0.658680229,6
EU,12.836,3.814128748,0.102897704,6
EU,16.97,4.354213575,0.179098907,6
EU,19.859,16.37018221,0.672070512,6
EU,19.188,39.27792505,0.868163402,6
EU,10.978,2.297948731,0.054809424,6
EU,19.353,37.83506406,0.887554318,6
EU,18.541,5.908032296,0.267324079,6
EU,18.956,23.80094214,0.702934083,6
EU,16.585,14.05357924,0.373318023,6
EU,19.671,13.81290647,0.589364142,6
EU,16.629,4.341696034,0.17453766,6
EU,18.188,6.222264768,0.274614616,6
EU,19.756,48.0474582,1.027180963,6
EU,19.665,22.0844212,0.764013813,6
EU,18.498,6.010972432,0.271495437,6
EU,14.87,4.051836506,0.140206826,6
EU,19.251,46.54970995,0.92246255,6
EU,16.491,4.829709176,0.190522925,6
EU,18.251,64.44693987,0.771529299,6
EU,19.761,42.33081832,0.986950288,6
EU,19.938,25.28428708,0.850850261,6
EU,18.319,19.01383704,0.575412911,6
EU,19.482,7.901770851,0.375537367,6
EU,17.271,13.22910254,0.409655008,6
EU,17.58,28.69884813,0.579661914,6
EU,9.655,3.993929091,0.058061576,6
EU,16.148,8.442705111,0.273535775,6
EU,17.194,16.65541233,0.445503435,6
EU,19.699,28.28869435,0.854247049,6
EU,13.343,3.959582648,0.113227022,6
EU,17.225,7.54604568,0.292599705,6
EU,19.115,16.5121814,0.614609744,6
EU,15.786,7.879054754,0.248614287,6
EU,19.007,17.74443868,0.623564546,7
EU,15.885,17.19130428,0.355900468,7
EU,19.779,7.481152231,0.362859214,7
EU,17.622,35.10640402,0.603964689,7
EU,16.836,70.46313968,0.56924038,7
EU,13.413,63.34326208,0.236173061,7
EU,16.834,5.057384597,0.204020627,7
EU,18.639,10.32769731,0.429452963,7
EU,19.791,34.30708717,0.924511203,7
EU,13.556,10.12164994,0.185955344,7
EU,13.825,8.589808778,0.184424653,7
EU,15.622,19.45683823,0.347499286,7
EU,18.607,50.60297428,0.802324906,7
EU,18.579,19.23406227,0.603246597,7
EU,11.495,5.609668974,0.098107041,7
EU,16.011,43.19255075,0.436533471,7
EU,19.715,22.66411863,0.784283715,7
EU,19.041,13.9327232,0.550277107,7
EU,19.395,10.59879065,0.478128102,7
EU,19.246,62.61799748,0.964067143,7
EU,16.948,8.866187966,0.315098149,7
EU,9.924,74.85461046,0.090727009,7
EU,17.133,7.247947748,0.281990663,7
EU,11.301,14.33966927,0.118241383,7
EU,18.262,36.44520606,0.696005336,7
EU,16.472,15.10235801,0.377697874,7
EU,18.788,13.0776326,0.511566774,7
EU,18.766,17.74443868,0.602253289,7
EU,19.765,42.69800679,0.996398962,7
EU,17.786,16.84832142,0.497968118,7
EU,16.709,9.046677784,0.309225217,7
EU,17.062,6.744616169,0.264614625,7
EU,17.849,36.97361997,0.644509946,7
EU,16.441,8.491457603,0.286683477,7
EU,14.725,77.26307577,0.339581578,7
EU,18.114,7.001825819,0.303299694,7
EU,16.855,44.45411596,0.533179118,7
EU,14.09,68.46346331,0.288043767,7
EU,16.868,22.53399583,0.469199281,7
EU,15.811,26.09781517,0.388274713,7
EU,19.467,7.633446747,0.363457067,7
EU,11.422,4.404645672,0.087746834,7
EU,18.334,34.4059979,0.697568566,7
EU,19.98,11.03470406,0.521984995,7
EU,13.175,13.49840861,0.185344022,7
EU,19.027,8.565114702,0.387220749,7
EU,17.369,7.54604568,0.297127766,7
EU,17.835,15.72349682,0.486102933,7
EU,15.375,42.94456689,0.380900496,7
EU,16.606,19.56919195,0.423143614,7
EU,13.707,5.993692023,0.154514309,7
EU,18.356,11.19469467,0.439578227,7
EU,16.838,8.442705111,0.301284364,7
EU,17.604,10.93980932,0.391133174,7
EU,18.994,28.61634437,0.757796014,7
EU,19.981,45.09864991,1.047354021,7
EU,19.929,85.20844125,1.176523118,7
EU,14.386,2.802927748,0.095825329,7
EU,17.559,26.24851728,0.561808235,7
EU,19.812,14.50575657,0.621619207,7
EU,19.455,38.94014814,0.91229348,7
EU,19.924,57.27162224,1.085548517,7
EU,16.785,7.12382395,0.266403641,7
EU,18.47,29.62224056,0.688765062,7
EU,18.671,23.19216731,0.660311498,7
EU,17.62,9.891196101,0.369425203,7
EU,16.256,10.56832113,0.314449633,7
EU,9.754,7.164960549,0.070171341,7
EU,9.422,4.391983149,0.056759259,7
EU,17.647,76.81948085,0.693169724,7
EU,18.023,86.19535665,0.77078063,7
EU,11.843,20.14076763,0.144080667,7
EU,17.797,4.857598384,0.210659897,7
EU,13.003,8.22675961,0.154839253,7
EU,18.584,6.45955426,0.291711961,7
EU,12.916,82.79030735,0.212296811,7
EU,15.53,17.29057565,0.331052858,7
EU,18.024,15.72349682,0.502772612,7
EU,16.307,32.48088897,0.454440217,7
EU,17.513,10.50764463,0.378767017,7
EU,19.183,88.712945,0.997041084,7
EU,13.914,2.819113285,0.092632432,7
EU,15.18,15.81429233,0.299390974,7
EU,19.444,90.25865805,1.075092051,7
EU,17.728,87.19370286,0.71027411,7
EU,15.861,3.82512526,0.14564488,7
EU,17.028,8.22675961,0.304521949,7
EU,19.253,11.5548867,0.498038224,7
EU,17.829,32.5745346,0.629238718,7
EU,18.61,11.89238108,0.470803615,7
EU,18.071,29.70764442,0.642943757,7
EU,17.904,32.7626366,0.631766528,7
EU,19.188,14.58952022,0.5791078,7
EU,16.382,38.05354305,0.470106425,7
EU,10.979,3.264964546,0.069130287,7
EU,19.7,47.08886575,1.007529092,7
EU,11.183,11.42258612,0.110533815,7
EU,11.742,1.878531382,0.050956139,7
EU,19.171,42.69800679,0.885659396,7
EU,14.72,9.125151006,0.225366501,7
EU,19.211,25.50360952,0.753726757,7
EU,13.11,17.19130428,0.191028948,7
EU,18.737,47.22462763,0.815034163,7
EU,19.199,14.71607349,0.577106204,7
EU,11.715,4.110583512,0.089271985,7
EU,19.049,13.89266925,0.548868968,7
EU,19.344,12.27502133,0.526834934,7
EU,17.106,5.013892794,0.207404861,7
EU,19.535,41.01127071,0.93921836,7
EU,19.868,33.91427955,0.949677591,7
EU,17.117,36.6556593,0.545828313,7
EU,14.506,6.080593718,0.176132464,7
EU,18.943,31.74135091,0.778819717,7
EU,17.453,21.15102082,0.513733905,7
EU,12.683,2.27163779,0.067262984,7
EU,18.957,22.86071305,0.697253501,7
EU,18.99,10.97134988,0.467239047,7
EU,16.056,10.56832113,0.301342064,7
EU,19.372,35.61540682,0.870527839,7
EU,16.591,14.71607349,0.385621809,7
EU,13.061,5.450471945,0.131698429,7
EU,9.675,2.827241068,0.049867094,7
EU,13.835,64.07692696,0.264687921,7
EU,18.647,17.54126927,0.584750098,7
EU,17.261,17.69342677,0.466623828,7
EU,17.172,19.28951598,0.468635243,7
EU,19.995,27.64460587,0.899760139,7
EU,19.341,52.38172485,0.946223565,7
EU,18.314,54.06711959,0.776133324,7
EU,19.801,22.21194793,0.782349692,7
EU,18.441,8.664319,0.370456175,7
EU,15.766,4.158193797,0.156129037,7
EU,12.884,5.891047821,0.132183989,7
EU,19.496,37.08021858,0.904955778,7
EU,14.14,20.61002505,0.254187216,7
EU,17.782,10.15083166,0.38487525,7
EU,16.8,4.746998612,0.192283489,7
EU,19.135,22.14809278,0.701140504,7
EU,17.806,11.85819273,0.423027652,7
EU,19.873,18.95917585,0.731546494,7
EU,17.935,7.247947748,0.306908614,7
EU,15.425,17.24086852,0.32004829,8
EU,15.42,18.05361352,0.324244703,8
EU,12.96,10.35747309,0.164820885,8
EU,18.785,18.58092228,0.612126427,8
EU,18.368,5.434802868,0.243465698,8
EU,15.549,14.42247384,0.313421354,8
EU,16.154,8.156012251,0.266803017,8
EU,17.329,19.73894018,0.487990036,8
EU,16.171,16.75158919,0.369177805,8
EU,16.541,17.79559766,0.404884506,8
EU,17.264,11.13042193,0.375980191,8
EU,15.867,13.9327232,0.326475905,8
EU,14.415,8.639410721,0.206515051,8
EU,15.502,23.86956262,0.352977419,8
EU,11.056,12.06480703,0.108721447,8
EU,16.748,22.66411863,0.456096618,8
EU,19.82,12.74313603,0.567448597,8
EU,19.715,11.16251204,0.510238397,8
EU,19.572,58.94440805,1.031331392,8
EU,18.973,17.09260286,0.609142985,8
EU,18.921,18.42113262,0.627463255,8
EU,19.027,78.83592743,0.964912141,8
EU,17.012,8.22675961,0.304184291,8
EU,15.929,53.60216059,0.442333922,8
EU,19.162,55.9676387,0.92803723,8
EU,17.55,29.45216869,0.5725747,8
EU,19.837,25.65088039,0.847217688,8
EU,15.165,5.190136677,0.174808128,8
EU,13.154,3.621510281,0.104235153,8
EU,17.179,50.31244452,0.590627068,8
EU,14.634,6.921656654,0.194513992,8
EU,16.751,26.70586515,0.47248025,8
EU,4.026,2.001360534,0.009172576,8
EU,19.191,36.6556593,0.844247985,8
EU,19.74,8.994737574,0.429551589,8
EU,18.459,37.7262954,0.731587185,8
EU,18.12,21.27315762,0.582818796,8
EU,18.92,32.38751256,0.779412889,8
EU,18.296,41.96678756,0.73597795,8
EU,13.743,18.90467181,0.226639994,8
EU,18.565,6.941612478,0.311295198,8
EU,17.429,4.970775007,0.21012796,8
EU,16.173,11.92666799,0.328091034,8
EU,19.007,30.22526328,0.77082634,8
EU,17.783,6.764061566,0.285184783,8
EU,15.667,9.834407211,0.274161845,8
EU,15.526,21.83156007,0.346536211,8
EU,19.831,80.2095457,1.141881507,8
EU,16.386,47.63426626,0.487520974,8
EU,15.808,33.81678241,0.407383421,8
EU,18.87,8.062627939,0.363696208,8
EU,19.023,6.961625835,0.323192237,8
EU,11.866,8.156012251,0.120555383,8
EU,17.097,4.316768806,0.17919454,8
EU,8.474,3.163188196,0.040195,8
EU,18.551,13.73360164,0.507976019,8
EU,19.042,34.11011792,0.804397454,8
EU,19.48,7.103344304,0.338576775,8
EU,14.247,2.600780953,0.087938166,8
EU,13.821,9.527846433,0.191994663,8
EU,13.985,25.28428708,0.251595976,8
EU,19.941,7.395494898,0.362343523,8
EU,11.659,1.650267659,0.044338672,8
EU,17.493,7.788841536,0.308339038,8
EU,14.546,38.38362932,0.308110179,8
EU,17.639,33.14210547,0.606520383,8
EU,13.051,5.593542236,0.13250236,8
EU,14.828,14.29844543,0.267633245,8
EU,19.551,16.32312103,0.648529325,8
EU,15.997,86.69309266,0.469412132,8
EU,17.566,33.23765745,0.597442986,8
EU,18.905,21.09021564,0.664633565,8
EU,13.659,22.21194793,0.230228333,8
EU,15.407,39.84741015,0.37424605,8
EU,19.886,34.11011792,0.955003178,8
EU,14.419,52.23113729,0.305353601,8
EU,15.239,11.5548867,0.27304644,8
EU,14.968,23.73251893,0.311179129,8
EU,12.381,9.284145445,0.139505692,8
EU,10.543,9.527846433,0.091290141,8
EU,16.389,49.73637955,0.487804958,8
EU,18.336,17.64256152,0.559602085,8
EU,18.731,12.20454605,0.486897309,8
EU,17.891,5.92506574,0.25612358,8
EU,16.131,6.38559397,0.228774186,8
EU,18.449,17.04346486,0.557471864,8
EU,7.756,13.97289262,0.043515109,8
EU,12.708,34.90484561,0.190690854,8
EU,17.307,16.41737907,0.453776318,8
EU,19.43,33.04682818,0.858061511,8
EU,15.814,28.61634437,0.39448301,8
EU,18.981,27.40687158,0.739831115,8
EU,19.761,51.18907648,1.044804285,9
EU,12.447,5.756918053,0.119872123,9
EU,19.71,81.84237892,1.115724159,9
EU,15.076,11.22697009,0.261446424,9
EU,19.963,9.693857341,0.46734929,9
EU,18.129,18.47424257,0.548814844,9
EU,19.292,17.04346486,0.637882026,9
EU,16.441,5.976461292,0.224657832,9
EU,14.421,15.99745926,0.253879641,9
EU,17.395,10.75246102,0.377107156,9
EU,18.339,13.04003688,0.47873301,9
EU,18.925,24.00739766,0.709025321,9
EU,13.666,19.85292291,0.223806371,9
EU,19.78,34.01205778,0.934762832,9
EU,18.995,7.289801101,0.336271962,9
EU,11.732,5.642062068,0.103141857,9
EU,18.928,80.44079778,0.943677671,9
EU,18.851,13.97289262,0.534809045,9
EU,17.81,40.89337106,0.656109112,9
EU,15.847,12.59723029,0.313138516,9
EU,6.887,1.322148754,0.018021681,9
EU,12.58,4.329214479,0.106643657,9
EU,18.886,6.961625835,0.320727051,9
EU,19.088,19.45683823,0.665610622,9
EU,19.407,9.55531616,0.43909319,9
EU,17.77,9.257455283,0.360904341,9
EU,15.893,11.75621627,0.309019521,9
EU,13.619,3.66345594,0.111624164,9
EU,17.135,10.50764463,0.357495234,9
EU,13.172,3.145027202,0.093824092,9
EU,10.382,30.84056179,0.099960234,9
EU,19.867,10.97134988,0.511853673,9
EU,19.719,32.38751256,0.90773075,9
EU,19.187,23.05901279,0.718167751,9
EU,15.765,13.65475213,0.319901595,9
EU,16.148,5.72386553,0.21201653,9
EU,15.603,4.956484969,0.178164448,9
EU,19.303,25.94797829,0.767089543,9
EU,19.928,18.90467181,0.739530543,9
EU,19.999,36.44520606,0.981042617,9
EU,17.166,93.16275234,0.63331989,9
EU,15.053,4.706176025,0.160307766,9
EU,19.96,24.85128427,0.850138826,9
EU,19.088,39.73285638,0.843690071,9
EU,15.305,29.96533621,0.351426065,9
EU,18.214,82.31497862,0.797818484,9
EU,19.165,36.34043299,0.836682811,9
EU,17.118,15.49878217,0.426817012,9
EU,15.789,23.46078749,0.375640362,9
EU,18.809,54.06711959,0.849989807,9
EU,6.325,2.556241613,0.021113986,9
EU,18.724,33.81678241,0.753607207,9
EU,15.835,9.749834625,0.279634931,9
EU,16.202,9.94831292,0.302733489,9
EU,17.196,8.22675961,0.309289614,9
EU,18.408,18.42113262,0.576013672,9
EU,19.711,16.84832142,0.672058815,9
EU,19.546,35.30912633,0.897784571,10
EU,17.05,21.58159413,0.481618359,10
EU,19.692,14.92943976,0.624797075,10
EU,17.338,10.72154973,0.371778087,10
EU,19.785,51.63310376,1.053273407,10
EU,15.054,12.8907317,0.271729106,10
EU,12.459,12.8907317,0.155252367,10
EU,12.893,38.94014814,0.199989285,10
EU,18.635,40.19305689,0.776051259,10
EU,19.841,49.87977447,1.040117605,10
EU,17.329,28.61634437,0.548558795,10
EU,19.761,7.374234249,0.357908758,10
EU,19.309,11.85819273,0.512799666,10
EU,19.4,18.26271709,0.676250015,10
EU,19.346,11.35700497,0.49970647,10
EU,17.873,42.69800679,0.669098258,10
EU,19.532,19.4009035,0.710827046,10
EU,18.781,17.24086852,0.593876175,10
EU,17.759,35.82106837,0.626105824,10
EU,16.426,6.38559397,0.23740192,10
EU,17.554,6.648224499,0.275094732,10
EU,14.928,13.42090943,0.270973905,10
EU,9.035,21.95762665,0.066296102,10
EU,15.947,26.86007845,0.397121241,10
EU,10.874,2.843567002,0.062287024,10
EU,19.798,25.57713896,0.830646141,10
EU,17.919,35.10640402,0.649634716,10
EU,10.698,2.351488373,0.053439979,10
EU,16.398,80.2095457,0.517434959,10
EU,16.172,6.686614743,0.236445378,10
EU,17.968,47.49732675,0.694218205,10
EU,11.927,16.13622535,0.141434533,10
EU,19.471,10.65999348,0.482826405,10
EU,12.98,7.438200263,0.14864084,10
EU,15.473,9.473143662,0.259122279,10
EU,19.493,19.56919195,0.706046619,10
EU,18.238,10.35747309,0.412341006,10
EU,16.832,7.082923532,0.267105469,10
EU,19.007,45.48984726,0.868764655,10
EU,18.458,9.777944366,0.406844901,10
EU,10.575,2.684461713,0.057224229,10
EU,17.1,33.33348491,0.539381752,10
EU,18.473,9.777944366,0.407188568,10
EU,19.829,25.50360952,0.842106157,10
EU,18.554,7.589620402,0.336602026,10
EU,19.474,14.50575657,0.59519417,10
EU,15.814,10.53793921,0.291032254,11
EU,16.828,13.85273046,0.390936955,11
EU,14.632,6.921656654,0.192490586,11
EU,12.853,3.370015575,0.094692012,11
EU,16.83,11.03470406,0.350832715,11
EU,18.78,22.59896357,0.666520193,11
EU,9.777,6.204376933,0.068327513,11
EU,13.492,3.18145406,0.098553108,11
EU,18.76,15.27727905,0.554890184,11
EU,13.167,20.61002505,0.200491114,11
EU,18.133,6.348931994,0.277763307,11
EU,15.003,15.23335977,0.284599564,11
EU,19.968,29.36749928,0.904909576,11
EU,19.161,68.46346331,0.962291414,11
EU,12.687,3.135985844,0.087898907,11
EU,19.481,48.32490876,0.972881124,11
EU,17.827,60.84095873,0.700157213,11
EU,18.832,24.00739766,0.696552034,11
EU,15.711,32.48088897,0.393727082,11
EU,18.294,24.56674324,0.627547156,11
EU,19.031,34.50519381,0.813742598,12
EU,14.601,69.85718044,0.325846556,12
EU,8.998,1.044130275,0.020591501,12
EU,19.579,15.76882923,0.633948697,12
EU,17.063,12.66997313,0.390411255,12
EU,17.43,21.15102082,0.513780058,12
EU,19.276,61.90103698,0.974436014,12
EU,19.59,13.34385519,0.572500337,12
EU,16.449,5.434802868,0.209741058,12
EU,18.242,8.789941739,0.366700062,12
EU,19.801,33.42958866,0.919257868,13
UK,13.983,12.77987575,0.332851858,2
UK,12.376,4.985106245,0.141488314,2
UK,18.416,15.23335977,0.66782337,2
UK,15.122,10.06353793,0.34053159,2
UK,18.016,12.09959107,0.527138734,2
UK,13.839,20.9088469,0.399473925,2
UK,13.989,7.721860125,0.243585281,2
UK,11.584,47.49732675,0.273919664,2
UK,8.834,2.378724173,0.04632526,2
UK,17.017,15.95146959,0.593834037,2
UK,12.392,17.59184249,0.278405923,2
UK,14.819,8.370100694,0.286068331,2
UK,6.516,2.85998721,0.034696012,2
UK,13.038,16.13622535,0.307222561,2
UK,17.536,28.94778936,0.902147592,2
UK,14.333,27.24951894,0.475918061,2
UK,16.925,8.917385864,0.365407647,2
UK,18.769,19.06865582,0.822732299,2
UK,8.772,7.001825819,0.089769653,2
UK,12.222,14.01317786,0.247503354,2
UK,16.649,20.61002505,0.658956801,2
UK,15.978,7.062561466,0.271285249,2
UK,12.954,11.09842407,0.259458359,2
UK,17.48,34.4059979,0.95197348,2
UK,15.378,8.370100694,0.303011195,2
UK,15.149,18.90467181,0.495142956,2
UK,17.056,9.391677821,0.388146152,2
UK,10.696,4.170182282,0.097987974,2
UK,6.944,1.585075716,0.023023685,2
UK,11.621,5.642062068,0.14037166,2
UK,12.419,21.21200132,0.294251943,3
UK,14.116,8.394232525,0.263346424,3
UK,17.529,12.63354936,0.52625129,3
UK,10.198,6.330680015,0.117786906,3
UK,12.299,14.33966927,0.252925005,3
UK,7.265,6.822734785,0.060385879,3
UK,15.97,12.31041144,0.437615959,3
UK,15.61,6.881916951,0.257826747,3
UK,7.431,5.466186196,0.058765117,3
UK,14.525,50.16780576,0.574105383,3
UK,17.803,16.13622535,0.658187939,3
UK,13.942,15.01564998,0.359125873,3
UK,16.41,24.56674324,0.688368138,3
UK,12.401,5.295792775,0.148559951,3
UK,8.241,3.40904833,0.05622067,3
UK,16.428,18.05361352,0.591088134,3
UK,16.926,57.27162224,1.007754291,3
UK,16.093,31.37792033,0.714273614,3
UK,18.546,19.28951598,0.812251062,3
UK,14.726,8.565114702,0.288245692,3
UK,12.963,4.417344703,0.134398684,3
UK,13.955,11.62161052,0.31730751,3
UK,17.319,15.63322261,0.609107777,3
UK,11.877,19.06865582,0.251343231,3
UK,16.448,18.52750564,0.601056536,3
UK,19.567,17.94996127,0.84795452,3
UK,13.878,68.2666438,0.514272393,3
UK,16.208,11.25933856,0.420339148,3
UK,8.064,3.498532974,0.055125733,3
UK,17.033,15.05894158,0.570179386,3
UK,16.163,8.467046268,0.328783601,3
UK,11.33,3.331429734,0.086701176,3
UK,16.932,22.72946153,0.724425624,3
UK,17.778,16.32312103,0.660903485,3
UK,15.412,50.8951817,0.702111945,3
UK,10.723,47.22462763,0.215959304,3
UK,17.051,12.27502133,0.491560054,3
UK,16.856,11.58820059,0.460256247,3
UK,17.951,25.43029147,0.900500271,3
UK,15.832,27.72430801,0.649742563,3
UK,16.58,10.29800713,0.405636111,3
UK,18.384,14.71607349,0.646612515,3
UK,14.265,55.9676387,0.54484615,3
UK,10.322,5.205100356,0.107817816,3
UK,14.866,56.45311647,0.631892996,3
UK,14.475,9.445910166,0.299131313,3
UK,17.014,35.10640402,0.88048953,3
UK,18.614,34.80450078,1.158982827,3
UK,6.929,2.608279263,0.036022428,3
UK,16.848,46.81851175,0.941119474,3
UK,5.47,11.35700497,0.037638169,3
UK,9.098,9.834407211,0.108005839,3
UK,19.426,19.28951598,0.886469208,3
UK,14.993,10.84573065,0.352027757,3
UK,15.619,22.46921485,0.579566878,3
UK,13.018,77.70923223,0.413437575,3
UK,15.808,8.250478175,0.311222406,3
UK,11.359,4.230645167,0.108460855,3
UK,15.072,10.38733471,0.346206706,3
UK,17.79,10.35747309,0.448027135,3
UK,18.285,62.61799748,1.350916199,3
UK,18.176,26.17305776,0.945465592,3
UK,19.169,32.20156428,1.216623236,3
UK,19.201,13.85273046,0.650025879,3
UK,13.768,8.565114702,0.255352451,3
UK,17.858,27.17118173,0.913080591,3
UK,17.307,11.16251204,0.463608435,3
UK,8.582,16.32312103,0.105527578,3
UK,15.788,12.56101564,0.432651991,3
UK,18.128,22.99272249,0.867094125,3
UK,10.812,2.893112631,0.07113581,3
UK,16.828,19.01383704,0.645916255,3
UK,16.292,11.99553867,0.445506375,3
UK,15.771,16.13622535,0.504007494,3
UK,18.564,49.87977447,1.345646704,3
UK,14.11,6.9017582,0.225973405,3
UK,18.763,16.37018221,0.730763404,3
UK,18.688,26.55253723,1.02383811,3
UK,19.863,16.41737907,0.798314807,3
UK,16.663,11.99553867,0.462787584,3
UK,18.852,35.82106837,1.217503691,3
UK,15.553,7.247947748,0.270217115,3
UK,17.715,11.85819273,0.505954952,3
UK,17.514,21.83156007,0.770674831,3
UK,16.87,9.721805694,0.395589817,3
UK,11.837,4.746998612,0.126987908,3
UK,19.122,18.00171279,0.816027053,3
UK,17.01,13.26724335,0.518117757,3
UK,18.646,26.93751873,1.025563799,3
UK,18.178,37.7262954,1.122470389,3
UK,14.066,12.81672141,0.338132344,3
UK,15.06,62.97958578,0.669853699,3
UK,14.784,9.257455283,0.306369813,3
UK,18.103,23.80094214,0.87760926,3
UK,11.051,10.03460716,0.172119706,3
UK,17.623,50.60297428,1.122670489,4
UK,14.492,31.28771475,0.511903843,4
UK,15.084,7.879054754,0.279304487,4
UK,18.196,25.06685073,0.915668415,4
UK,13.808,7.633446747,0.235798271,4
UK,18.288,30.75190101,1.045008032,4
UK,16.935,54.22300047,0.990997763,4
UK,16.063,7.481152231,0.289461016,4
UK,15.619,74.85461046,0.794605623,4
UK,18.769,19.23406227,0.828774794,4
UK,14.211,37.08021858,0.504143626,4
UK,19.406,16.79988569,0.788104657,4
UK,16.642,23.86956262,0.708706863,4
UK,17.937,62.25848519,1.27185362,4
UK,14.654,10.56832113,0.331808277,4
UK,11.892,15.72349682,0.240960054,4
UK,10.561,4.843633707,0.106904883,4
UK,15.419,7.924552441,0.290073547,4
UK,11.799,68.07039011,0.299716755,4
UK,17.763,24.07661337,0.848093337,4
UK,4.889,1.967086491,0.018203747,4
UK,18.711,14.46405527,0.65402238,4
UK,19.956,28.61634437,1.260218282,4
UK,19.924,47.08886575,1.636045806,4
UK,19.356,13.49840861,0.641027518,4
UK,17.772,59.28478317,1.215834993,4
UK,16.054,36.6556593,0.745088061,4
UK,11.298,24.92293299,0.232821118,4
UK,18.489,23.46078749,0.916508666,4
UK,7.627,1.967086491,0.032282005,4
UK,11.205,21.21200132,0.219018746,4
UK,18.762,37.40186198,1.232829598,4
UK,7.444,3.642422731,0.04936522,4
UK,13.377,14.46405527,0.315318321,4
UK,17.459,19.56919195,0.718769764,4
UK,15.941,56.45311647,0.803954619,4
UK,15.165,17.79559766,0.477023837,4
UK,17.811,15.05894158,0.621863753,4
UK,8.368,3.9824473,0.063245873,4
UK,15.22,35.10640402,0.622466118,4
UK,13.354,19.91016085,0.356307883,4
UK,17.513,16.08983676,0.633286971,4
UK,19.84,51.78196712,1.683076672,4
UK,17.601,30.92947819,0.939506104,4
UK,15.783,29.03124871,0.660283004,4
UK,17.222,8.994737574,0.375604867,4
UK,19.119,52.08098265,1.511839667,4
UK,13.128,48.88462557,0.410472253,4
UK,18.799,19.96756382,0.857565993,4
UK,19.98,31.1080808,1.328730256,4
UK,12.593,3.781328527,0.110900817,4
UK,16.347,13.9327232,0.498292139,4
UK,16.016,11.72241937,0.422494621,4
UK,17.904,17.79559766,0.71402926,4
UK,14.64,11.09842407,0.340791705,4
UK,11.687,13.73360164,0.220614154,4
UK,18.798,68.46346331,1.55507683,4
UK,19.638,21.45768649,0.983684662,4
UK,13.95,16.79988569,0.374655806,4
UK,19.118,40.6585876,1.348828922,4
UK,15.212,8.418433931,0.298726782,4
UK,13.283,26.09781517,0.379101123,4
UK,15.863,19.96756382,0.573575423,4
UK,18.224,10.90835944,0.484911235,4
UK,16.021,15.40979812,0.510787043,4
UK,19.543,31.01865095,1.245968999,4
UK,14.657,27.09306972,0.508122982,4
UK,17.721,28.04542111,0.914351903,4
UK,19.824,21.15102082,0.990763991,4
UK,14.22,38.27328364,0.511387915,4
UK,15.811,15.67829474,0.500787985,4
UK,6.312,17.69342677,0.05264224,4
UK,19.634,24.14602864,1.075878634,4
UK,8.164,4.546366219,0.065112927,4
UK,19.076,19.17876798,0.857071802,4
UK,18.418,17.29057565,0.737520992,4
UK,13.408,23.19216731,0.376311549,4
UK,16.942,12.31041144,0.487301123,4
UK,19.196,55.32682316,1.54904615,4
UK,16.186,11.99553867,0.439765408,4
UK,19.516,27.88440233,1.170844645,4
UK,11.346,5.57746186,0.133180346,4
UK,17.945,14.92943976,0.628500895,4
UK,13.631,11.35700497,0.294234831,4
UK,14.348,22.92662276,0.456553325,4
UK,19.192,20.08286674,0.896246552,4
UK,17.119,28.78158976,0.829292749,4
UK,12.373,19.45683823,0.285053129,4
UK,19.464,16.60753117,0.785282735,4
UK,18.645,63.52588699,1.474706056,4
UK,15.75,8.179526844,0.307950781,4
UK,10.171,32.20156428,0.178986519,4
UK,12.804,5.874112172,0.169895477,4
UK,19.98,52.68420368,1.744294653,4
UK,17.331,17.54126927,0.657949973,4
UK,8.442,10.03460716,0.091635147,4
UK,14.946,32.7626366,0.574575853,4
UK,15.054,52.68420368,0.651245498,4
UK,12.965,13.04003688,0.281129722,4
UK,14.266,7.699661237,0.251505859,4
UK,16.871,10.35747309,0.418351798,4
UK,14.825,5.691002773,0.201528385,4
UK,7.379,1.878531382,0.029617331,4
UK,17.869,11.62161052,0.503339904,4
UK,17.687,33.62262818,0.977104818,4
UK,13.3,10.12164994,0.262762347,4
UK,19.641,56.29082444,1.700352237,4
UK,13.1,5.642062068,0.170359456,4
UK,14.834,37.18712453,0.582931189,4
UK,12.266,4.788175306,0.134698037,4
UK,12.937,12.81672141,0.276557479,4
UK,16.573,8.565114702,0.34257849,4
UK,15.76,48.0474582,0.756726318,4
UK,10.319,13.42090943,0.160303365,4
UK,19.434,25.35718419,1.091699772,4
UK,18.898,14.17548362,0.650674982,4
UK,17.128,15.99745926,0.603608892,4
UK,18.913,27.80423995,1.081061635,4
UK,18.961,27.64460587,1.087756709,4
UK,16.072,12.85367329,0.456263148,4
UK,18.594,16.18274769,0.712940641,4
UK,19.025,53.60216059,1.501024586,4
UK,17.607,44.71081673,1.085772482,4
UK,15.834,40.54170185,0.734107951,4
UK,19.528,27.56513286,1.156779864,4
UK,12.468,30.22526328,0.323598083,4
UK,7.292,3.836153476,0.048984979,4
UK,19.47,23.59626206,1.03596043,4
UK,18.394,11.96105376,0.536569003,4
UK,18.384,20.25707071,0.824371991,4
UK,16.805,14.21635295,0.535700387,4
UK,16.705,16.75158919,0.589387102,4
UK,5.875,5.450471945,0.037627435,4
UK,15.089,17.59184249,0.470800241,4
UK,18.509,58.94440805,1.396735512,4
UK,11.34,11.89238108,0.194927905,4
UK,18.898,26.24851728,1.040357377,4
UK,17.089,25.28428708,0.779598361,4
UK,18.41,46.54970995,1.27797444,4
UK,19.15,48.88462557,1.472088746,4
UK,18.517,20.6694458,0.847104199,4
UK,18.752,29.03124871,1.081373314,4
UK,18.194,11.25933856,0.498997224,4
UK,19.061,12.77987575,0.596212855,4
UK,18.129,61.01636925,1.319244431,4
UK,7.866,26.86007845,0.089741282,4
UK,17.231,63.89271791,1.092389366,4
UK,18.423,33.71956555,1.120598006,4
UK,17.42,50.02358281,1.071887758,4
UK,17.064,13.11533671,0.5168793,4
UK,11.804,16.94561224,0.241661854,4
UK,18.053,19.34512957,0.769876228,4
UK,14.155,12.23973297,0.337250376,4
UK,14.845,12.63354936,0.378732848,4
UK,18.461,19.56919195,0.813637533,4
UK,13.338,12.34590358,0.292675071,4
UK,19.444,43.4419666,1.473875183,4
UK,16.166,14.38101196,0.496986573,4
UK,12.216,11.16251204,0.226495207,4
UK,8.091,33.33348491,0.097972928,4
UK,16.061,8.714351203,0.334458361,4
UK,15.668,33.71956555,0.677253486,4
UK,19.91,17.74443868,0.860108669,4
UK,14.727,22.99272249,0.491358106,4
UK,18.993,13.15314953,0.610889238,4
UK,15.608,40.54170185,0.700771045,4
UK,13.168,8.739475543,0.236254636,4
UK,17.445,21.64381601,0.76136232,4
UK,11.038,25.28428708,0.219135013,4
UK,18.576,37.83506406,1.205844911,4
UK,19.42,40.30893746,1.408296632,4
UK,19.009,13.49840861,0.626403548,4
UK,17.13,21.45768649,0.722007449,4
UK,19.011,23.46078749,0.981728821,4
UK,16.535,12.41719513,0.469449598,4
UK,18.156,18.36817534,0.752165638,4
UK,15.615,34.70444442,0.674485594,5
UK,15.98,15.49878217,0.508477039,5
UK,16.22,71.69087251,0.894300448,5
UK,18.453,21.70621728,0.872766379,5
UK,19.791,30.84056179,1.292033463,5
UK,16.314,14.17548362,0.501496754,5
UK,18.771,13.26724335,0.608099617,5
UK,12.959,10.62934802,0.255732892,5
UK,18.969,44.71081673,1.3872908,5
UK,19.151,30.22526328,1.169529092,5
UK,9.778,6.186540523,0.107016713,5
UK,19.28,42.08778197,1.422982607,5
UK,18.111,21.89450262,0.841695598,5
UK,13.634,5.160338248,0.165983904,5
UK,19.728,14.67376756,0.70965072,5
UK,19.02,39.39116721,1.324332759,5
UK,18.616,37.2943387,1.20806107,5
UK,17.505,36.7613412,0.986453988,5
UK,17.343,29.45216869,0.87759677,5
UK,17.598,32.01668359,0.943339288,5
UK,18.234,14.58952022,0.633087902,5
UK,16.922,17.54126927,0.622609339,5
UK,18.115,11.99553867,0.527828963,5
UK,16.08,28.12627885,0.69110285,5
UK,18.795,37.40186198,1.233705536,5
UK,17.341,19.56919195,0.707058664,5
UK,17.777,20.61002505,0.774283309,5
UK,13.959,6.440984263,0.210053864,5
UK,18.308,25.43029147,0.945215644,5
UK,18.975,14.84372452,0.682807115,5
UK,18.046,29.62224056,0.987448336,5
UK,15.491,8.866187966,0.321900292,5
UK,13.995,5.658328693,0.187362407,5
UK,18.553,15.8598865,0.697339783,5
UK,12.191,8.322044956,0.195970557,5
UK,12.865,10.09255211,0.243980243,5
UK,18.223,25.57713896,0.936675,5
UK,15.474,9.665989334,0.344877485,5
UK,19.911,15.14589961,0.740316448,5
UK,18.358,26.70586515,0.982731003,5
UK,15.288,12.92789696,0.41008895,5
UK,12.033,14.05357924,0.239549967,5
UK,16.951,10.18009751,0.415249267,5
UK,11.962,28.86456994,0.279411285,5
UK,6.749,2.392460142,0.032594865,5
UK,16.296,14.88652045,0.518163835,5
UK,10.177,6.648224499,0.11992189,5
UK,16.33,14.38101196,0.509293435,5
UK,18.598,22.86071305,0.914716988,5
UK,14.395,8.714351203,0.279866717,5
UK,18.582,26.24851728,0.996584376,5
UK,11.702,38.49429313,0.275268706,5
UK,18.017,56.45311647,1.24547604,5
UK,18.461,33.62262818,1.117779133,5
UK,12.113,9.834407211,0.210617627,5
UK,17.942,14.80105162,0.623104361,5
UK,14.922,6.348931994,0.226003637,5
UK,13.679,30.13837136,0.425398601,5
UK,19.463,42.08778197,1.450944355,5
UK,18.692,24.77984153,0.975050545,5
UK,14.714,14.63158326,0.40360231,5
UK,13.843,11.89238108,0.313900783,5
UK,19.278,48.18598379,1.500018472,5
UK,15.173,46.68391738,0.651305299,5
UK,18.682,27.80423995,1.045057088,5
UK,12.451,48.88462557,0.342886799,5
UK,9.498,25.57713896,0.144406067,5
UK,19.742,35.82106837,1.394571896,5
UK,16.253,20.61002505,0.620960384,5
UK,18.471,25.65088039,0.970273108,5
UK,19.856,19.51293423,0.931771359,5
UK,7.902,5.115961079,0.064397407,5
UK,16.265,18.79613333,0.592627629,5
UK,19.591,34.80450078,1.349380392,5
UK,17.757,18.05361352,0.707962512,5
UK,19.821,36.02791752,1.424519601,5
UK,18.866,47.77160057,1.384034653,5
UK,10.345,16.27619514,0.167522842,5
UK,16.259,38.38362932,0.790748804,5
UK,14.435,13.69412014,0.374510564,5
UK,14.917,10.03460716,0.331186756,5
UK,15.258,53.75670094,0.681763121,5
UK,12.088,9.891196101,0.209433879,5
UK,18.9,28.61634437,1.097576908,5
UK,17.91,16.89689681,0.687880646,5
UK,16.866,54.22300047,0.974016516,5
UK,16.943,47.36078092,0.967776379,5
UK,19.789,59.79903471,1.774610446,5
UK,17.914,19.68219446,0.764521197,5
UK,14.12,15.76882923,0.379181808,5
UK,18.11,26.93751873,0.948106364,5
UK,12.999,5.388065396,0.162428883,5
UK,14.69,21.45768649,0.477695706,5
UK,14.835,8.467046268,0.28873906,5
UK,12.21,34.20846078,0.30646419,5
UK,19.415,31.19776848,1.231457289,5
UK,18.98,13.65475213,0.631681689,5
UK,19.722,27.24951894,1.175251431,5
UK,19.162,19.01383704,0.858765971,5
UK,12.756,12.16946029,0.261119977,5
UK,13.828,26.86007845,0.426135753,5
UK,19.497,26.70586515,1.130796821,5
UK,12.057,4.956484969,0.135263549,5
UK,19.496,19.51293423,0.899574751,5
UK,15.394,47.08886575,0.68697748,5
UK,15.052,24.14602864,0.531655223,5
UK,17.369,28.37025346,0.868999683,5
UK,16.101,38.605276,0.758589031,5
UK,14.839,14.54757811,0.411841971,5
UK,10.047,4.956484969,0.099288008,5
UK,11.238,3.126970477,0.080421282,5
UK,16.655,15.76882923,0.562385181,5
UK,11.379,18.63449293,0.222720937,5
UK,18.748,26.70586515,1.032098113,5
UK,15.531,62.97958578,0.757085964,5
UK,13.298,53.44806452,0.42730053,5
UK,17.417,24.35547754,0.807933868,5
UK,19.174,23.05901279,0.991153354,5
UK,14.954,5.840386796,0.208853789,5
UK,19.246,35.10640402,1.294440672,5
UK,19.106,33.62262818,1.234347448,5
UK,17.627,65.56984787,1.199313415,5
UK,19.664,67.67957368,1.822732625,5
UK,16.646,20.19883547,0.652406241,5
UK,14.655,8.689299091,0.288012271,5
UK,15.97,8.085873296,0.310114944,5
UK,5.429,1.664582507,0.018335919,5
UK,11.919,9.749834625,0.201273535,5
UK,15.286,41.48627828,0.651538414,5
UK,19.271,49.0255648,1.502548159,5
UK,13.782,60.31774699,0.493197309,5
UK,13.564,8.789941739,0.251684028,5
UK,18.217,24.6375716,0.912405264,5
UK,18.995,13.6154973,0.631969825,5
UK,18.904,12.27502133,0.568428851,5
UK,16.307,18.1578643,0.58578134,5
UK,15.792,76.81948085,0.822378305,5
UK,19.504,16.55978766,0.783262083,5
UK,19.888,27.88440233,1.222623444,5
UK,18.629,46.41588834,1.321095531,5
UK,15.608,7.082923532,0.265289557,5
UK,11.179,3.70588743,0.094383143,5
UK,18.926,14.13473178,0.651887373,5
UK,16.674,11.96105376,0.463949404,5
UK,16.076,12.52490509,0.4475867,5
UK,10.764,34.20846078,0.213014217,5
UK,14.365,77.48583289,0.586805909,5
UK,18.345,15.18956674,0.660455148,5
UK,16.096,7.611502031,0.294976844,5
UK,19.881,42.82110938,1.557393458,5
UK,14.115,23.39334216,0.434568861,5
UK,15.71,11.52166859,0.403475867,5
UK,17.452,43.94512738,1.029879598,5
UK,15.333,19.17876798,0.510357402,5
UK,8.613,24.4961185,0.112257889,5
UK,15.344,50.16780576,0.694379394,5
UK,9.207,6.028302662,0.093704409,5
UK,19.648,21.89450262,0.997987502,5
UK,8.641,11.09842407,0.099562807,5
UK,19.839,30.48744503,1.294467272,5
UK,19.342,56.45311647,1.612177266,5
UK,17.853,24.77984153,0.874863738,5
UK,17.883,16.37018221,0.670582355,5
UK,15.493,6.572103982,0.244396181,5
UK,19.617,15.5434667,0.74548232,5
UK,16.483,40.6585876,0.836560285,5
UK,17.019,47.90933084,0.978172024,5
UK,18.639,56.9428054,1.427996786,5
UK,17.847,45.75252887,1.129354561,5
UK,19.674,56.61587641,1.709327364,5
UK,19.987,18.63449293,0.901848894,5
UK,18.661,39.84741015,1.25176658,5
UK,14.567,11.13042193,0.337991721,5
UK,10.458,10.06353793,0.150689951,5
UK,13.824,6.553210426,0.209129586,5
UK,16.388,13.19107137,0.48277934,5
UK,18.77,23.19216731,0.943549507,5
UK,16.966,77.48583289,1.069990927,5
UK,15.389,41.96678756,0.66841093,5
UK,16.676,14.42247384,0.531478309,5
UK,19.612,17.04346486,0.810889397,5
UK,17.668,42.94456689,1.079528018,5
UK,19.399,33.42958866,1.28797707,5
UK,17.745,16.55978766,0.664501998,6
UK,14.948,7.438200263,0.262819722,6
UK,8.265,2.344728289,0.042096958,6
UK,19.006,27.88440233,1.099477991,6
UK,14.709,7.993292057,0.272466596,6
UK,19.634,24.35547754,1.084883267,6
UK,9.959,7.374234249,0.12017449,6
UK,14.322,35.41092605,0.512060508,6
UK,19.958,35.61540682,1.431772079,6
UK,19.576,45.88443796,1.535361634,6
UK,16.282,49.87977447,0.845942284,6
UK,16.376,9.310912558,0.365399404,6
UK,18.059,23.46078749,0.872885687,6
UK,11.861,19.56919195,0.251470291,6
UK,19.297,19.23406227,0.873412186,6
UK,14.211,19.56919195,0.416734246,6
UK,6.888,1.773422454,0.025848748,6
UK,15.844,35.61540682,0.71349631,6
UK,14.885,45.62099901,0.611536123,6
UK,8.222,7.164960549,0.079144097,6
UK,15.992,59.11435063,0.8237592,6
UK,18.612,30.92947819,1.090876037,6
UK,14.955,7.54604568,0.265648272,6
UK,17.561,41.01127071,1.030300853,6
UK,12.987,25.72483442,0.350446825,6
UK,9.234,21.27315762,0.131941191,6
UK,18.233,15.90561213,0.679493202,6
UK,19.67,21.76879846,1.001593897,6
UK,18.497,51.48466835,1.339266477,6
UK,15.225,8.179526844,0.292419195,6
UK,16.542,14.97248282,0.536585733,6
UK,17.354,64.2616671,1.13721991,6
UK,18.078,66.90465939,1.337530069,6
UK,18.009,71.48477481,1.319308669,6
UK,18.235,25.94797829,0.937825849,6
UK,17.114,9.721805694,0.40290103,6
UK,19.766,16.70343154,0.806758528,6
UK,18.051,19.73894018,0.779432642,6
UK,15.78,25.79900168,0.631584254,6
UK,15.607,9.919713402,0.356544916,6
UK,16.581,10.47743714,0.411363106,6
UK,19.412,56.9428054,1.625369164,6
UK,19.625,75.07042373,1.867525405,6
UK,10.344,3.642422731,0.083529577,6
UK,11.232,8.039449408,0.161561759,6
UK,15.083,20.84873791,0.50523308,6
UK,17.354,49.59339686,1.063497857,6
UK,18.819,18.21021523,0.803244587,6
UK,19.531,16.75158919,0.794303755,6
UK,15.067,21.83156007,0.515275388,6
UK,19.432,16.5121814,0.777961908,6
UK,19.106,51.48466835,1.496427545,6
UK,16.897,66.71232115,1.024433293,6
UK,18.775,15.10235801,0.683431064,6
UK,18.861,20.25707071,0.870673291,6
UK,12.897,6.13333836,0.178042353,6
UK,17.539,66.32930188,1.192992731,6
UK,18.747,15.76882923,0.707495443,6
UK,10.25,19.51293423,0.170781858,6
UK,13.509,17.39042027,0.349405944,6
UK,19.334,56.7791056,1.620200264,6
UK,16.525,7.947399712,0.317442247,6
UK,11.141,25.28428708,0.223300777,6
UK,11.143,15.4542261,0.200277768,6
UK,13.31,12.96516937,0.297769649,6
UK,18.977,24.07661337,0.997638516,6
UK,9.927,2.986199234,0.066481053,6
UK,19.557,18.85032445,0.881437861,6
UK,16.234,53.14120009,0.853512246,6
UK,18.939,29.87919153,1.134051287,6
UK,16.33,34.50519381,0.772729831,6
UK,13.504,10.81455123,0.281076696,6
UK,17.475,30.48744503,0.910879476,6
UK,18.748,21.51955113,0.898471148,6
UK,14.564,32.10899087,0.524271812,6
UK,18.793,55.167769,1.435525459,6
UK,9.764,2.608279263,0.057135863,6
UK,18.296,24.99478828,0.928163764,6
UK,16.999,13.04003688,0.511900517,6
UK,16.847,9.638201443,0.390867503,6
UK,19.5,41.60588733,1.456863775,6
UK,16.539,11.75621627,0.45009187,6
UK,13.812,16.41737907,0.361109875,6
UK,19.501,57.43674202,1.670268349,6
UK,19.873,28.61634437,1.243949273,6
UK,18.599,22.72946153,0.919012177,6
UK,15.689,6.921656654,0.261384916,6
UK,17.48,73.78481484,1.20016002,6
UK,19.566,16.75158919,0.794924024,6
UK,19.193,32.9518248,1.229954052,6
UK,17.263,15.72349682,0.607647991,6
UK,11.535,3.190626508,0.084467039,6
UK,18.81,20.84873791,0.88816926,6
UK,19.628,52.98842918,1.657876348,6
UK,16.788,11.03470406,0.438928962,6
UK,19.178,75.07042373,1.694386003,6
UK,13.467,9.976994894,0.268098892,6
UK,15.612,10.26840231,0.36599759,6
UK,14.905,11.85819273,0.369542503,6
UK,17.37,77.70923223,1.192799968,6
UK,15.178,18.31537031,0.48517117,6
UK,19.836,19.45683823,0.927676658,6
UK,19.475,22.46921485,1.002722959,6
UK,17.401,24.4961185,0.812467044,6
UK,13.369,11.62161052,0.286927514,6
UK,19.238,28.94778936,1.151925829,6
UK,19.413,58.94440805,1.652266779,6
UK,17.115,16.70343154,0.620813,6
UK,16.876,22.21194793,0.706051793,6
UK,18.921,18.74209801,0.825387458,6
UK,18.402,22.72946153,0.893493558,6
UK,18.147,51.33665966,1.243094047,6
UK,17.341,9.610493436,0.404363568,6
UK,15.433,10.18009751,0.356510337,6
UK,16.554,10.26840231,0.404001164,6
UK,17.608,15.5434667,0.623477322,6
UK,18.37,25.06685073,0.943624962,6
UK,13.475,29.45216869,0.406052459,6
UK,14.209,71.69087251,0.562186047,6
UK,18.715,38.16325519,1.238714579,6
UK,7.383,2.297948731,0.035755252,6
UK,17.259,13.77319698,0.549860944,6
UK,19.805,41.48627828,1.530283256,6
UK,11.238,3.814128748,0.097558279,6
UK,18.982,26.62909083,1.061524433,6
UK,18.562,37.08021858,1.180900778,6
UK,15.704,17.69342677,0.523705929,6
UK,19.476,23.19216731,1.026699987,6
UK,9.545,6.515586104,0.103591817,6
UK,16.582,66.13861768,0.968620631,6
UK,19.523,15.72349682,0.7492886,6
UK,7.987,3.172307981,0.051095903,6
UK,18.805,26.62909083,1.040488599,6
UK,16.309,62.43798258,0.8910015,6
UK,13.004,11.16251204,0.264002607,6
UK,19.742,44.32631878,1.561082776,6
UK,18.429,30.75190101,1.063093726,6
UK,17.63,63.34326208,1.205514207,6
UK,16.069,13.77319698,0.47743254,6
UK,14.678,32.20156428,0.541613326,6
UK,18.254,11.45551857,0.509669529,6
UK,18.88,25.13912095,1.007597225,6
UK,16.664,23.39334216,0.704110661,6
UK,17.767,38.71657884,1.057769353,6
UK,18.432,26.09781517,0.97286225,6
UK,18.157,27.96479583,0.972872181,6
UK,7.009,2.843567002,0.03881328,6
UK,16.873,19.91016085,0.670775922,6
UK,16.539,59.11435063,0.938918419,6
UK,19.856,37.18712453,1.453271257,7
UK,18.73,26.02278889,1.014904437,7
UK,12.745,28.04542111,0.337957439,7
UK,18.159,58.43750601,1.312200022,7
UK,18.038,25.43029147,0.902369292,7
UK,19.969,30.05172925,1.29638388,7
UK,19.939,19.79584951,0.946997789,7
UK,18.809,36.02791752,1.224901473,7
UK,16.927,57.43674202,1.010911592,7
UK,19.357,44.71081673,1.466969581,7
UK,18.919,19.12363265,0.841998545,7
UK,16.255,37.61783944,0.788580805,7
UK,15.941,28.28869435,0.673960042,7
UK,17.818,11.79011061,0.508049217,7
UK,18.022,46.41588834,1.187095866,7
UK,19.777,19.68219446,0.929694222,7
UK,19.191,65.19338795,1.629760217,7
UK,16.528,35.82106837,0.814713824,7
UK,8.614,2.827241068,0.052416849,7
UK,17.836,39.96229419,1.075110586,7
UK,19.775,36.23596112,1.413805622,7
UK,19.738,26.62909083,1.16020317,7
UK,11.486,3.190626508,0.084169454,7
UK,18.038,12.48889836,0.543420669,7
UK,17.984,20.61002505,0.79513865,7
UK,19.841,67.09755217,1.880597071,7
UK,19.891,19.79584951,0.946791731,7
UK,16.83,67.67957368,1.022180187,7
UK,13.107,5.790161438,0.174414378,7
UK,17.21,64.63274679,1.104683136,7
UK,14.443,33.81678241,0.519739765,7
UK,18.391,29.87919153,1.046053394,7
UK,16.191,50.4575003,0.826892787,7
UK,17.087,47.77160057,0.992027571,7
UK,13.169,6.941612478,0.202913499,7
UK,17.54,15.14589961,0.609781379,7
UK,18.014,32.10899087,1.01078961,7
UK,19.312,13.30549413,0.629220832,7
UK,18.086,30.57534336,1.006091846,7
UK,19.309,33.81678241,1.264961854,7
UK,14.44,33.14210547,0.517875817,7
UK,18.524,54.53611177,1.367003609,7
UK,14.803,6.348931994,0.223780528,7
UK,16.262,21.21200132,0.631223265,7
UK,18.762,23.73251893,0.955693184,7
UK,13.807,12.74313603,0.323158272,7
UK,19.1,33.33348491,1.223916819,7
UK,19.277,62.07950381,1.64338276,7
UK,14.561,44.07182555,0.559477697,7
UK,16.702,22.34021106,0.689532564,7
UK,12.897,5.071965539,0.151842877,7
UK,19.524,57.7684111,1.681873655,7
UK,14.691,8.250478175,0.278384937,7
UK,19.806,65.94848166,1.847670265,7
UK,19.219,52.68420368,1.530424285,7
UK,18.687,14.05357924,0.636842278,7
UK,16.328,71.2792696,0.920483892,7
UK,19.368,14.71607349,0.696502808,7
UK,19.462,24.14602864,1.059863367,7
UK,17.568,37.83506406,1.016358132,7
UK,19.979,58.77495402,1.811255757,7
UK,19.758,28.12627885,1.215253738,7
UK,18.553,20.78880174,0.853110644,7
UK,18.705,45.48984726,1.318299124,7
UK,15.176,42.69800679,0.639536513,7
UK,17.972,35.92434407,1.066124246,7
UK,16.893,22.14809278,0.704682629,7
UK,17.368,17.54126927,0.658746276,7
UK,19.441,42.20912522,1.4533135,7
UK,18.629,40.77581035,1.259968223,7
UK,17.412,51.18907648,1.076917897,7
UK,19.803,16.37018221,0.794087864,7
UK,16.364,20.78880174,0.628051936,7
UK,12.602,4.391983149,0.128952424,7
UK,19.458,23.86956262,1.04594086,7
UK,17.955,15.76882923,0.655929394,7
UK,19.131,43.81879345,1.409229745,7
UK,19.879,17.74443868,0.856572313,7
UK,18.279,32.85709453,1.071819314,7
UK,19.04,28.04542111,1.107369445,7
UK,18.552,25.94797829,0.984258531,7
UK,18.682,22.53399583,0.922528976,7
UK,19.934,20.9088469,0.990078873,7
UK,13.666,9.204304925,0.263597673,7
UK,16.498,9.125151006,0.361881769,7
UK,14.198,9.976994894,0.298732277,7
UK,19.891,67.09755217,1.882251747,7
UK,10.312,7.416816844,0.129667096,7
UK,16.329,18.52750564,0.591143503,7
UK,15.887,12.96516937,0.448972258,7
UK,17.498,19.4009035,0.720142841,7
UK,17.509,10.81455123,0.457773179,7
UK,19.726,29.96533621,1.253780236,7
UK,14.863,25.50360952,0.521684973,7
UK,18.04,14.50575657,0.619196254,7
UK,13.34,57.93496317,0.437359007,7
UK,18.637,12.56101564,0.571839191,7
UK,13.741,17.59184249,0.368351961,7
UK,17.746,51.48466835,1.161899175,7
UK,15.848,8.274265122,0.313179619,7
UK,18.911,73.36118985,1.594753042,7
UK,17.221,77.70923223,1.151532042,7
UK,17.203,15.58828005,0.599690162,7
UK,11.95,4.692646659,0.127311598,7
UK,15.332,19.23406227,0.512028289,7
UK,10.861,3.209050815,0.07954973,7
UK,19.853,51.48466835,1.700750462,7
UK,19.66,40.6585876,1.471014585,7
UK,14.965,18.68821802,0.475713879,7
UK,18.521,19.51293423,0.819093363,7
UK,8.872,6.862132741,0.091572573,7
UK,19.55,16.41737907,0.782632932,7
UK,17.138,47.36078092,1.000704216,7
UK,14.71,5.691002773,0.199728634,7
UK,19.226,26.47620371,1.086632998,7
UK,16.714,22.27598718,0.687677433,7
UK,18.669,16.55978766,0.733335023,7
UK,19.15,12.85367329,0.602478154,7
UK,13.232,5.175216015,0.16017691,7
UK,13.789,6.496855026,0.207220978,7
UK,18.063,26.86007845,0.944296044,7
UK,10.583,12.09959107,0.165485479,7
UK,18.768,41.96678756,1.299807932,7
UK,18.351,14.97248282,0.65342539,7
UK,15.699,71.89756441,0.805845655,7
UK,18.69,43.31707916,1.296339161,7
UK,14.985,8.866187966,0.30497501,7
UK,15.012,39.61863193,0.607580013,7
UK,18.625,31.37792033,1.108111352,7
UK,16.778,25.35718419,0.745168249,7
UK,14.724,17.44055857,0.441434255,7
UK,18.06,18.68821802,0.750636725,7
UK,13.047,5.205100356,0.158062916,7
UK,19.805,21.21200132,0.993809849,7
UK,16.084,14.17548362,0.487608985,7
UK,14.23,14.54757811,0.370777689,7
UK,18.158,30.75190101,1.014742711,7
UK,11.781,8.250478175,0.181350859,7
UK,16.385,22.27598718,0.65691833,7
UK,15.936,9.020670296,0.34106132,7
UK,17.376,11.85819273,0.491712196,7
UK,15.627,58.10199542,0.763947651,8
UK,19.543,54.37933076,1.640409611,8
UK,19.332,46.41588834,1.497132011,8
UK,6.902,3.902993693,0.044947072,8
UK,19.58,22.40462011,1.012555717,8
UK,17.827,33.33348491,1.001299144,8
UK,13.357,5.513601309,0.171627426,8
UK,19.612,17.79559766,0.842498558,8
UK,17.465,39.05241645,0.997796813,8
UK,14.896,24.00739766,0.514064074,8
UK,19.066,16.08983676,0.739613571,8
UK,14.5,23.25903263,0.469719901,8
UK,14.054,18.95917585,0.403092891,8
UK,11.168,3.038230052,0.077493667,8
UK,18.93,15.76882923,0.718587184,8
UK,17.028,10.44731649,0.426326863,8
UK,8.318,3.302780562,0.055680966,8
UK,19.632,15.18956674,0.729539066,8
UK,11.287,6.348931994,0.143297837,8
UK,19.305,28.61634437,1.154435789,8
UK,18.362,75.5039187,1.437746834,8
UK,11.238,3.145027202,0.08092044,8
UK,19.49,46.81851175,1.537408087,8
UK,19.393,18.85032445,0.870208118,8
UK,13.062,24.07661337,0.352098786,8
UK,9.676,38.82820258,0.159111745,8
UK,18.541,12.38149804,0.560964642,8
UK,16.382,21.27315762,0.643680857,8
UK,19.423,34.80450078,1.306626152,8
UK,17.723,16.04358152,0.647015107,8
UK,18.473,41.72584124,1.225941453,8
UK,16.144,14.80105162,0.506989306,8
UK,19.987,36.97361997,1.468543595,8
UK,19.28,37.40186198,1.34387372,8
UK,18.382,13.9327232,0.617176756,8
UK,19.892,19.28951598,0.925373199,8
UK,15.722,47.36078092,0.746761194,8
UK,19.132,54.85103113,1.536809665,8
UK,17.576,24.70860417,0.833568766,8
UK,19.127,25.35718419,1.047317726,8
UK,14.281,10.50764463,0.313730036,8
UK,19.528,19.45683823,0.90316873,8
UK,13.349,7.76645009,0.225188417,8
UK,10.726,4.507269002,0.104468587,8
UK,19.466,22.34021106,0.995701447,8
UK,19.998,71.07435518,1.953379955,8
UK,15.76,25.21159953,0.617141733,8
UK,2.313,1.041128598,0.004464495,8
UK,16.297,7.744123014,0.304919203,8
UK,16.394,69.65635426,0.932456995,8
UK,18.769,23.52842727,0.957682027,8
UK,14.561,68.07039011,0.599910079,8
UK,13.293,6.515586104,0.19555626,8
UK,18.61,29.62224056,1.070913829,8
UK,19.236,44.07182555,1.442425169,8
UK,15.87,23.46078749,0.616037236,8
UK,18.845,20.9088469,0.891924742,8
UK,19.93,31.55911247,1.331464245,8
UK,17.34,12.45299514,0.511865948,8
UK,15.779,13.15314953,0.445885882,8
UK,19.925,72.10485223,1.943210885,8
UK,16.696,9.337756843,0.375007127,8
UK,16.858,12.96516937,0.503302801,8
UK,19.437,67.48500771,1.749195583,8
UK,15.047,16.89689681,0.457503895,8
UK,17.247,11.03470406,0.456576491,8
UK,19.859,31.92464168,1.326946198,8
UK,19.715,24.4961185,1.097192697,8
UK,15.135,8.29812065,0.293246318,8
UK,19.984,21.76879846,1.027805012,8
UK,16.525,10.38733471,0.40594867,8
UK,16.169,61.36870893,0.864621186,8
UK,19.57,48.60396147,1.573917597,8
UK,15.471,10.00575956,0.353925833,8
UK,12.601,20.08286674,0.300651294,8
UK,12.753,59.45570709,0.376554675,8
UK,14.468,11.82410267,0.344833424,8
UK,19.764,20.02513229,0.942327508,8
UK,10.054,8.203109232,0.127677435,8
UK,14.574,7.247947748,0.247115062,8
UK,18.683,18.31537031,0.791395119,8
UK,18.386,24.4961185,0.934070271,8
UK,6.466,5.942148292,0.046155852,8
UK,11.767,17.14188253,0.238484932,8
UK,18.922,49.16691037,1.42720827,8
UK,19.582,47.08886575,1.550129716,8
UK,17.849,38.605276,1.073499661,8
UK,18.647,33.62262818,1.152976504,8
UK,19.641,58.26950924,1.727585279,8
UK,16.216,52.83609747,0.84912929,8
UK,19.729,44.45411596,1.564912743,8
UK,18.773,42.69800679,1.301000562,8
UK,19.727,15.4542261,0.746889105,9
UK,16.194,13.19107137,0.471497811,9
UK,8.515,3.925531572,0.064695995,9
UK,15.76,13.22910254,0.444479524,9
UK,18.908,25.21159953,1.011591904,9
UK,17.099,23.86956262,0.765076239,9
UK,14.256,30.13837136,0.480558171,9
UK,18.028,36.55028121,1.084261826,9
UK,15.961,42.33081832,0.764240517,9
UK,17.919,44.96899982,1.150403361,9
UK,7.461,3.880585212,0.051235721,9
UK,14.288,10.29800713,0.309911655,9
UK,19.879,64.44693987,1.841951372,9
UK,17.313,73.57269745,1.15605472,9
UK,18.009,16.70343154,0.688192931,9
UK,16.868,39.39116721,0.894860026,9
UK,19.401,19.34512957,0.88760744,9
UK,14.709,18.47424257,0.45046317,9
UK,17.27,31.92464168,0.895870298,9
UK,18.436,31.28771475,1.068620417,9
UK,17.157,75.93991689,1.129281706,9
UK,16.629,42.45286227,0.87046363,9
UK,9.697,3.814128748,0.0786837,9
UK,17.448,51.04191756,1.093521219,9
UK,18.237,28.78158976,1.003514735,9
UK,19.475,39.05241645,1.408528277,9
UK,11.23,40.19305689,0.242834131,9
UK,14.001,20.02513229,0.403776556,9
UK,16.673,68.85880632,0.985375778,9
UK,17.754,25.79900168,0.874676276,9
UK,18.319,15.14589961,0.658091692,9
UK,19.524,26.17305776,1.12080358,9
UK,12.248,5.72386553,0.155085043,9
UK,19.838,29.03124871,1.248036662,9
UK,19.243,16.464712,0.764574657,9
UK,18.52,51.93125967,1.350881769,9
UK,14.909,35.30912633,0.58086173,9
UK,19.551,17.59184249,0.830180199,9
UK,17.898,61.7230832,1.262403653,9
UK,18.418,20.31547386,0.829673541,9
UK,19.479,22.53399583,1.006163558,9
UK,14.036,7.970312854,0.251104611,9
UK,19.966,70.26057148,1.930979973,9
UK,14.965,50.4575003,0.638614717,9
UK,19.624,55.80674233,1.684821476,9
UK,17.538,25.65088039,0.84304113,9
UK,17.45,47.63426626,1.058176732,9
UK,18.193,44.71081673,1.205369599,9
UK,16.065,29.96533621,0.702954051,9
UK,15.17,6.881916951,0.249354157,9
UK,18.564,26.78286081,1.003358316,9
UK,13.982,33.52596948,0.467790606,9
UK,19.405,45.35907255,1.488082295,9
UK,19.424,23.32609073,1.021560714,9
UK,17.41,66.52053584,1.153567697,9
UK,19.675,56.61587641,1.709667525,9
UK,18.688,55.48633588,1.416898204,9
UK,18.228,23.46078749,0.888421176,10
UK,19.634,25.65088039,1.123805863,10
UK,16.929,12.34590358,0.488328481,10
UK,18.465,19.62561188,0.815692646,10
UK,18.969,26.09781517,1.048742121,10
UK,18.001,44.83972245,1.167590853,10
UK,17.588,10.41728243,0.445240774,10
UK,17.077,9.665989334,0.399027918,10
UK,13.402,6.367236595,0.194925474,10
UK,18.586,29.45216869,1.063953838,10
UK,18.709,35.51301926,1.185562233,10
UK,15.743,18.1578643,0.532112676,10
UK,19.989,15.90561213,0.780030607,10
UK,19.025,76.15885921,1.652950273,10
UK,16.837,11.65511677,0.460240094,10
UK,9.563,2.311218261,0.049081672,10
UK,17.603,72.52122247,1.223448676,10
UK,5.222,1.603434644,0.016872942,10
UK,10.532,5.071965539,0.10954975,10
UK,19.053,14.75850139,0.683698843,10
UK,19.842,34.70444442,1.390661058,10
UK,19.17,69.45610541,1.668276303,10
UK,19.876,45.88443796,1.619672858,10
UK,14.663,12.48889836,0.368292015,10
UK,7.411,2.469438129,0.038133394,10
UK,17.244,19.06865582,0.686603548,10
UK,19.34,21.09021564,0.941283827,10
UK,15.223,19.17876798,0.503250128,10
UK,13.421,44.96899982,0.435908468,10
UK,19.014,56.29082444,1.520103379,10
UK,18.977,33.81678241,1.220979202,10
UK,19.366,60.49164905,1.663315536,10
UK,9.407,13.57635532,0.126861046,10
UK,19.849,55.0091721,1.756188203,10
UK,16.623,34.60467571,0.813087076,10
UK,17.69,55.80674233,1.168950307,10
UK,17.613,28.53407779,0.903598883,10
UK,17.268,22.27598718,0.752047773,10
UK,17.685,18.63449293,0.716639792,10
UK,17.495,17.44055857,0.670459065,10
UK,18.287,48.0474582,1.249793889,10
UK,16.341,72.31273767,0.932648912,10
UK,14.98,6.961625835,0.247823177,10
UK,18.188,37.2943387,1.127360811,10
UK,19.316,52.08098265,1.540923154,10
UK,19.267,33.52596948,1.253128125,10
UK,15.771,22.02093266,0.585283359,11
UK,10.494,4.194263045,0.095358127,11
UK,15.575,47.63426626,0.715240302,11
UK,18.222,76.81948085,1.408802862,11
UK,16.676,22.86071305,0.697119969,11
UK,10.229,7.103344304,0.124701289,11
UK,19.613,31.01865095,1.262727439,11
UK,19.702,60.31774699,1.756497861,11
UK,19.887,19.45683823,0.929020866,11
UK,19.805,25.50360952,1.134642304,11
UK,19.159,69.85718044,1.67720853,11
UK,19.9,45.88443796,1.618713116,11
UK,14.309,48.32490876,0.541168192,11
UK,15.198,19.12363265,0.501387004,11
UK,18.498,35.61540682,1.14871891,11
UK,19.649,17.69342677,0.841741062,11
UK,18.46,30.75190101,1.064552045,11
UK,17.07,29.19888997,0.828295813,11
UK,18.777,18.79613333,0.816084558,11
UK,17.583,10.75246102,0.458004723,11
UK,16.348,28.53407779,0.723449146,12
UK,15.629,14.46405527,0.462941231,12
UK,18.966,14.97248282,0.68964749,12
UK,17.982,69.0573331,1.301670177,12
UK,17.881,53.44806452,1.204192317,12
UK,19.657,42.82110938,1.503356255,12
UK,18.096,31.01865095,1.008456851,12
UK,16.745,12.38149804,0.479139969,12
UK,19.313,75.93991689,1.744963101,12
UK,19.96,41.12951027,1.543355384,12
UK,17.114,63.52588699,1.068615236,13
Thailand,17.281,1.102835221,0.02117178,2
Thailand,18.579,1.002883099,0.021606727,2
Thailand,10.827,1.005774511,0.002788229,2
Thailand,15.526,1.032175243,0.014175449,2
Thailand,19.196,2.156917124,0.036565193,2
Thailand,15.571,1.011582367,0.014066339,2
Thailand,15.555,1.144892449,0.014552494,2
Thailand,19.535,1.011582367,0.027289892,2
Thailand,18.208,3.227581513,0.031301762,2
Thailand,15.16,8.714351203,0.015266442,2
Thailand,10.405,1.002883099,0.002794934,2
Thailand,19.312,1.748077328,0.035352683,2
Thailand,19.883,4.170182282,0.046968065,2
Thailand,15.965,1.002883099,0.001436467,2
Thailand,15.522,1.01742376,0.009935894,2
Thailand,14.798,1.014498859,0.009744067,2
Thailand,19.02,1.125285741,0.029812309,2
Thailand,12.976,1.005774511,0.001900284,2
Thailand,17.158,1.011582367,0.017478904,2
Thailand,15.569,1.011582367,0.002779198,2
Thailand,15.984,1.008674259,0.003064867,2
Thailand,19.765,1.014498859,0.005565436,2
Thailand,15.456,2.371885791,0.015627227,2
Thailand,19.36,7.459645333,0.043922068,2
Thailand,11.78,1.011582367,0.005210563,2
Thailand,18.92,1.01742376,0.00805579,2
Thailand,15.247,1.4331415,0.013912008,2
Thailand,19.943,2.265107261,0.042951901,2
Thailand,19.75,2.909818941,0.043715847,2
Thailand,13.263,1.002883099,0.005160088,2
Thailand,8.097,1.008674259,0.001187492,3
Thailand,19.491,9.072760254,0.045845682,3
Thailand,19.487,3.478446646,0.042374711,3
Thailand,11.509,1.011582367,0.003818039,3
Thailand,14.717,1.008674259,0.003657909,3
Thailand,14.434,1.014498859,0.001744402,3
Thailand,17.935,1.008674259,0.002952468,3
Thailand,17.414,1.011582367,0.012427438,3
Thailand,16.15,1.014498859,0.009532717,3
Thailand,15.151,1.005774511,0.012673763,3
Thailand,19.204,1.008674259,0.021429624,3
Thailand,11.08,1.029207935,0.004045445,3
Thailand,19.553,1.01742376,0.017627618,3
Thailand,18.418,1.080832611,0.026113434,3
Thailand,19.27,1.594228753,0.034450384,3
Thailand,19.742,1.044130275,0.032671354,3
Thailand,12.717,1.014498859,0.001194425,3
Thailand,15.757,2.278187147,0.016837599,3
Thailand,15.839,1.008674259,0.003972696,3
Thailand,12.574,1.011582367,0.005254243,3
Thailand,19.379,1.513718125,0.034781438,3
Thailand,19.191,1.005774511,0.003277514,3
Thailand,17.162,1.626682617,0.02223839,3
Thailand,19.847,1.008674259,0.012167032,3
Thailand,14.749,2.462338961,0.012979911,3
Thailand,17.978,1.608057505,0.026748445,3
Thailand,15.237,1.011582367,0.00870428,3
Thailand,12.299,1.005774511,0.002753732,3
Thailand,14.572,2.065754796,0.012326574,3
Thailand,18.384,1.002883099,0.009529967,3
Thailand,19.01,1.011582367,0.006340265,3
Thailand,12.399,1.011582367,0.002418496,3
Thailand,9.522,1.011582367,0.001879876,3
Thailand,17.896,1.171567166,0.023984706,3
Thailand,13.632,1.005774511,0.001478527,3
Thailand,18.972,2.747006676,0.036294313,3
Thailand,14.731,1.035151107,0.011687449,3
Thailand,19.951,1.005774511,0.025735354,3
Thailand,15.964,1.002883099,0.009700255,3
Thailand,17.057,1.29577063,0.020588726,3
Thailand,19.775,1.01742376,0.014931169,3
Thailand,15.205,1.002883099,0.009032919,3
Thailand,10.208,1.008674259,0.001356685,3
Thailand,19.98,1.014498859,0.012647625,3
Thailand,19.31,1.008674259,0.007841022,3
Thailand,14.711,1.005774511,0.008515367,3
Thailand,18.764,4.404645672,0.036845482,3
Thailand,13.593,1.174944911,0.009111727,3
Thailand,17.047,1.002883099,0.015886147,3
Thailand,17.912,1.002883099,0.013129344,3
Thailand,15.263,4.80198009,0.015635566,3
Thailand,17.521,3.936849269,0.027016453,3
Thailand,13.747,1.927841246,0.009970336,3
Thailand,19.492,2.646096336,0.040256994,3
Thailand,19.507,1.005774511,0.027105483,3
Thailand,13.629,1.005774511,0.007017804,3
Thailand,14.544,1.011582367,0.010629372,3
Thailand,18.672,1.002883099,0.019138235,3
Thailand,19.099,1.650267659,0.033570908,3
Thailand,17.178,4.57261926,0.025052392,3
Thailand,17.842,1.008674259,0.001099264,3
Thailand,16.971,1.005774511,0.00242877,3
Thailand,18.42,1.014498859,0.008605156,3
Thailand,18.991,1.008674259,0.010008094,3
Thailand,19.621,1.065385733,0.032738893,3
Thailand,18.806,1.011582367,0.005060879,3
Thailand,18.877,1.002883099,0.02563147,3
Thailand,15.171,1.011582367,0.004007883,3
Thailand,17.161,1.014498859,0.019873133,3
Thailand,19.005,1.011582367,0.008009018,3
Thailand,18.9,1.011582367,0.00282203,3
Thailand,19.01,1.011582367,0.001496285,3
Thailand,17.67,1.011582367,0.011708755,3
Thailand,15.998,1.531250564,0.016813856,3
Thailand,16.909,1.011582367,0.002373647,3
Thailand,19.952,1.005774511,0.02409885,3
Thailand,18.713,6.667391991,0.03703147,3
Thailand,15.296,1.011582367,0.002363981,3
Thailand,19.004,2.715554133,0.036690717,3
Thailand,19.583,1.360765989,0.035287704,3
Thailand,15.776,1.011582367,0.004138443,3
Thailand,16.036,1.002883099,0.013408448,3
Thailand,16.142,1.011582367,0.011649563,3
Thailand,16.129,1.008674259,0.014519667,3
Thailand,18.898,1.961431489,0.033625873,3
Thailand,19.999,1.161492083,0.035789449,3
Thailand,19.981,1.014498859,0.032966541,3
Thailand,13.782,1.002883099,0.001274998,3
Thailand,19.497,1.002883099,0.001121415,3
Thailand,8.687,1.014498859,0.00231083,3
Thailand,15.581,1.014498859,0.009437674,3
Thailand,14.492,1.014498859,0.00962417,3
Thailand,17.057,1.005774511,0.015526128,3
Thailand,19.211,2.19449873,0.036314143,3
Thailand,18.135,1.014498859,0.020260534,3
Thailand,18.052,1.01742376,0.003838184,4
Thailand,18.126,4.885648638,0.031368689,4
Thailand,17.081,1.014498859,0.007349904,4
Thailand,16.98,1.008674259,0.013593179,4
Thailand,13.669,3.40904833,0.010005458,4
Thailand,18.693,1.008674259,0.013457351,4
Thailand,19.721,1.002883099,0.005859623,4
Thailand,17.252,1.014498859,0.008102582,4
Thailand,19.017,1.014498859,0.00695007,4
Thailand,12.187,1.011582367,0.002139443,4
Thailand,19.97,4.218482862,0.048491067,4
Thailand,19.177,1.002883099,0.026095523,4
Thailand,11.163,1.002883099,0.004127359,4
Thailand,16.983,1.008674259,0.01025604,4
Thailand,14.129,1.008674259,0.003132664,4
Thailand,13.122,1.005774511,0.004965976,4
Thailand,18.635,2.490858674,0.032782212,4
Thailand,14.468,1.005774511,0.009513091,4
Thailand,15.584,1.099664778,0.014492897,4
Thailand,8.687,1.002883099,0.00137762,4
Thailand,13.432,1.008674259,0.00382865,4
Thailand,17.098,1.01742376,0.017825907,4
Thailand,16.373,1.13504676,0.017460918,4
Thailand,19.096,1.008674259,0.013940922,4
Thailand,13.892,1.002883099,0.002368057,4
Thailand,17.976,6.667391991,0.031365137,4
Thailand,19.899,1.005774511,0.033285736,4
Thailand,18.783,1.005774511,0.006568004,4
Thailand,19.941,1.002883099,0.004935115,4
Thailand,14.988,1.01742376,0.008461862,4
Thailand,14.717,1.008674259,0.003881998,4
Thailand,19.987,1.014498859,0.009347411,4
Thailand,19.743,1.008674259,0.017728214,4
Thailand,15.011,1.002883099,0.011212235,4
Thailand,9.509,1.002883099,0.001375119,4
Thailand,12.051,1.008674259,0.004679088,4
Thailand,18.38,1.002883099,0.008411994,4
Thailand,18.017,1.938973586,0.027631281,4
Thailand,17.507,1.014498859,0.011215721,4
Thailand,14.979,1.014498859,0.011641198,4
Thailand,15.428,1.008674259,0.013300597,4
Thailand,16.292,1.014498859,0.014624153,4
Thailand,18.376,1.773422454,0.029688859,4
Thailand,19.122,1.380495543,0.032499904,4
Thailand,15.617,1.005774511,0.006108698,4
Thailand,12.537,1.014498859,0.001448839,4
Thailand,19.024,1.01742376,0.024993785,4
Thailand,18.479,1.002883099,0.023256869,4
Thailand,16.055,1.008674259,0.00931939,4
Thailand,15.944,1.458112214,0.016412634,4
Thailand,12.305,1.008674259,0.006247572,4
Thailand,16.279,1.008674259,0.014033472,4
Thailand,13.889,1.002883099,0.007478818,4
Thailand,16.975,2.018720852,0.022024398,4
Thailand,15.781,1.011582367,0.010746532,4
Thailand,19.342,1.01742376,0.008500117,4
Thailand,16.928,1.01742376,0.003565925,4
Thailand,18.881,1.005774511,0.005911126,4
Thailand,17.074,1.011582367,0.01059685,4
Thailand,15.041,1.011582367,0.003046077,4
Thailand,17.763,1.050159617,0.022821249,4
Thailand,15.788,1.014498859,0.012787995,4
Thailand,18.954,2.638489309,0.035751345,4
Thailand,18.048,1.014498859,0.01254491,4
Thailand,19.308,1.008674259,0.019337228,4
Thailand,19.679,1.814741219,0.038845866,4
Thailand,18.786,1.005774511,0.017630489,4
Thailand,19.412,1.008674259,0.011500305,4
Thailand,19.871,1.014498859,0.009473802,4
Thailand,16.122,1.674194657,0.01749121,4
Thailand,19.375,9.834407211,0.04391789,4
Thailand,10.202,1.005774511,0.002581598,4
Thailand,10.39,1.011582367,0.001993306,4
Thailand,19.946,1.544533027,0.039118854,4
Thailand,19.943,5.145503251,0.049194839,4
Thailand,13.762,1.01742376,0.008961067,4
Thailand,19.577,2.827241068,0.041827572,4
Thailand,18.282,1.603434644,0.028133526,4
Thailand,14.196,1.011582367,0.009219098,4
Thailand,15.569,3.209050815,0.016469443,4
Thailand,19.977,9.020670296,0.050865794,4
Thailand,13.763,1.01742376,0.006732079,4
Thailand,19.463,1.412659549,0.034463791,4
Thailand,19.873,4.899734448,0.047106464,4
Thailand,8.247,1.044130275,0.001765219,4
Thailand,13.235,1.011582367,0.007858648,4
Thailand,14.789,1.011582367,0.003514836,4
Thailand,14.376,1.014498859,0.010236285,4
Thailand,18.918,1.014498859,0.004141281,4
Thailand,19.829,1.002883099,0.027677263,4
Thailand,18.525,1.01742376,0.014881542,4
Thailand,15.848,1.011582367,0.00827366,4
Thailand,18.686,1.005774511,0.015905983,4
Thailand,19.732,1.205786223,0.034442424,4
Thailand,19.823,1.002883099,0.017720951,4
Thailand,17.423,3.209050815,0.025666194,4
Thailand,18.506,1.011582367,0.002861937,4
Thailand,19.41,1.008674259,0.017155543,4
Thailand,16.263,1.002883099,0.009046749,4
Thailand,17.974,1.905767944,0.027235955,4
Thailand,17.58,2.265107261,0.025888326,4
Thailand,19.237,1.01742376,0.006071063,4
Thailand,15.444,1.014498859,0.005498238,4
Thailand,14.553,1.014498859,0.010929697,4
Thailand,18.306,1.008674259,0.011823264,4
Thailand,17.761,1.011582367,0.018468194,4
Thailand,18.747,1.743051936,0.031421575,4
Thailand,16.257,1.118825073,0.016962029,4
Thailand,17.146,1.008674259,0.006793542,4
Thailand,12.082,1.002883099,0.003229986,4
Thailand,13.22,1.005774511,0.0063106,4
Thailand,18.821,1.01742376,0.014799533,4
Thailand,10.287,1.005774511,0.003160829,4
Thailand,17.268,4.110583512,0.025118651,4
Thailand,17.231,1.008674259,0.002867262,4
Thailand,19.612,1.002883099,0.004836535,4
Thailand,17.43,1.453920417,0.023204199,4
Thailand,17.407,1.008674259,0.016166039,4
Thailand,16.807,3.209050815,0.022174565,4
Thailand,18.101,2.265107261,0.02872226,4
Thailand,18.977,1.002883099,0.018575132,4
Thailand,14.135,1.011582367,0.004551603,4
Thailand,14.847,1.333617414,0.012619073,4
Thailand,19.848,1.059268973,0.033824076,4
Thailand,19.338,1.01742376,0.021331217,4
Thailand,15.757,1.005774511,0.00307664,4
Thailand,16.339,1.002883099,0.007537891,4
Thailand,12.974,1.005774511,0.001255508,4
Thailand,17.068,1.008674259,0.003280368,4
Thailand,17.005,2.365067068,0.022543621,4
Thailand,13.599,1.014498859,0.004508657,4
Thailand,16.897,1.005774511,0.003541735,4
Thailand,16.048,1.005774511,0.004942132,4
Thailand,17.494,1.011582367,0.009896928,4
Thailand,18.825,1.01742376,0.02036687,4
Thailand,19.419,2.291342563,0.038477347,4
Thailand,13.434,1.011582367,0.00377381,4
Thailand,18.04,1.216245525,0.025310053,4
Thailand,12.701,1.008674259,0.004683984,4
Thailand,16.046,3.046989571,0.018320704,4
Thailand,13.463,1.002883099,0.002639055,4
Thailand,15.626,1.008674259,0.008492358,4
Thailand,19.436,1.014498859,0.013484535,4
Thailand,18.22,1.011582367,0.02354519,4
Thailand,14.596,1.008674259,0.009614063,4
Thailand,8.567,1.005774511,0.001056068,4
Thailand,15.561,1.008674259,0.00474148,4
Thailand,11.84,1.002883099,0.003672011,4
Thailand,15.687,1.005774511,0.012542113,4
Thailand,11.268,1.002883099,0.004249465,4
Thailand,18.674,1.002883099,0.003436976,4
Thailand,19.996,2.6233408,0.04513501,4
Thailand,12.221,1.008674259,0.001670019,4
Thailand,17.733,2.66904926,0.026871056,4
Thailand,17.857,1.011582367,0.009808364,4
Thailand,19.723,4.404645672,0.045190335,4
Thailand,16.568,1.002883099,0.012507511,4
Thailand,15.183,1.01742376,0.008635521,4
Thailand,14.188,1.008674259,0.009715478,4
Thailand,18.522,1.55345195,0.029450686,4
Thailand,19.443,1.01742376,0.003921038,4
Thailand,19.183,2.827241068,0.037817893,4
Thailand,17.153,1.008674259,0.01387101,4
Thailand,19.315,1.356854044,0.033189141,4
Thailand,18.379,1.002883099,0.006205648,4
Thailand,19.187,1.005774511,0.002655145,4
Thailand,18.991,1.008674259,0.012980657,4
Thailand,18.406,1.011582367,0.005575494,4
Thailand,14.595,1.008674259,0.002225973,4
Thailand,17.844,1.008674259,0.004966018,4
Thailand,15.891,1.002883099,0.006420047,4
Thailand,18.956,1.277251935,0.030712783,4
Thailand,19.612,1.002883099,0.013985024,4
Thailand,9.127,1.023298884,0.002328576,4
Thailand,19.954,1.005774511,0.008150848,4
Thailand,19.384,1.857022665,0.036658923,4
Thailand,12.222,1.047140607,0.006308842,5
Thailand,17.033,1.841052896,0.021831166,5
Thailand,9.149,1.008674259,0.002571997,5
Thailand,19.947,1.005774511,0.020423426,5
Thailand,18.416,1.014498859,0.025249565,5
Thailand,14.436,1.014498859,0.004798153,5
Thailand,14.887,1.002883099,0.008985045,5
Thailand,14.924,1.01742376,0.003597581,5
Thailand,18.774,1.002883099,0.012894576,5
Thailand,18.805,1.011582367,0.013250389,5
Thailand,17.154,1.011582367,0.012579048,5
Thailand,13.399,1.01742376,0.004330891,5
Thailand,7.783,1.002883099,0.001189439,5
Thailand,16.759,1.014498859,0.009557445,5
Thailand,15.701,1.008674259,0.002734614,5
Thailand,15.391,1.333617414,0.014403047,5
Thailand,18.607,1.011582367,0.006547419,5
Thailand,16.425,1.005774511,0.004903505,5
Thailand,18.601,1.011582367,0.021256019,5
Thailand,17.37,1.437273389,0.022524427,5
Thailand,10.363,1.011582367,0.001628424,5
Thailand,19.633,1.008674259,0.002262044,5
Thailand,11.36,1.011582367,0.004994911,5
Thailand,9.645,1.020357094,0.00158014,5
Thailand,19.239,1.927841246,0.035739761,5
Thailand,14.656,1.008674259,0.01087347,5
Thailand,15.657,2.181899329,0.016298915,5
Thailand,15.308,9.862760783,0.015989239,5
Thailand,17.079,1.011582367,0.018617362,5
Thailand,17.602,1.280934379,0.023461131,5
Thailand,11.577,1.008674259,0.002098607,5
Thailand,14.896,1.005774511,0.012042136,5
Thailand,11.601,1.002883099,0.0048765,5
Thailand,17.237,1.008674259,0.00148002,5
Thailand,18.297,1.005774511,0.004891356,5
Thailand,17.05,1.002883099,0.015538865,5
Thailand,19.471,3.135985844,0.041226017,5
Thailand,17.231,1.008674259,0.002037483,5
Thailand,18.842,4.255075073,0.037203783,5
Thailand,19.121,1.778535407,0.034610284,5
Thailand,18.913,1.014498859,0.012882154,5
Thailand,17.83,1.005774511,0.017277459,5
Thailand,18.695,1.008674259,0.009994421,5
Thailand,16.441,8.418433931,0.021233628,5
Thailand,18.987,1.938973586,0.033887195,5
Thailand,18.585,1.87313096,0.031091374,5
Thailand,18.809,1.112401499,0.028396429,5
Thailand,11.682,1.002883099,0.002483563,5
Thailand,19.058,6.941612478,0.040088937,5
Thailand,12.337,1.002883099,0.002135956,5
Thailand,19.73,1.005774511,0.019750462,5
Thailand,12.583,1.014498859,0.001205304,5
Thailand,18.391,1.005774511,0.011815807,5
Thailand,17.706,1.03813555,0.022583229,5
Thailand,12.66,9.80613515,0.00782193,5
Thailand,17.594,1.014498859,0.003875567,5
Thailand,18.205,1.841052896,0.028428971,5
Thailand,17.743,1.005774511,0.008656655,5
Thailand,17.858,1.014498859,0.006576133,5
Thailand,19.609,1.002883099,0.004290486,5
Thailand,19.004,1.011582367,0.023933257,5
Thailand,14.424,1.011582367,0.009096812,5
Thailand,15.736,1.32596064,0.015424872,5
Thailand,17.779,2.692201283,0.02766568,5
Thailand,18.132,1.014498859,0.016698636,5
Thailand,16.827,1.011582367,0.004959307,5
Thailand,17.47,1.002883099,0.017366186,5
Thailand,19.745,1.011582367,0.021247451,5
Thailand,15.039,1.011582367,0.00985424,5
Thailand,10.974,1.011582367,0.004305078,5
Thailand,11.828,1.513718125,0.00591345,5
Thailand,18.63,1.589645647,0.03003789,5
Thailand,15.782,3.792230473,0.017297555,5
Thailand,19.609,6.028302662,0.045343696,5
Thailand,19.072,1.002883099,0.00277021,5
Thailand,9.807,1.008674259,0.00259472,5
Thailand,16.052,1.005774511,0.007636546,5
Thailand,17.83,4.746998612,0.029235633,5
Thailand,18.146,1.01742376,0.019672385,5
Thailand,15.649,1.978445453,0.016082712,5
Thailand,19.843,1.005774511,0.00224873,5
Thailand,12.53,1.011582367,0.001533431,5
Thailand,18.442,3.135985844,0.03289376,5
Thailand,11.983,1.557930706,0.006123036,5
Thailand,17.752,1.008674259,0.020270704,5
Thailand,14.305,1.011582367,0.005369552,5
Thailand,15.275,1.002883099,0.001401206,5
Thailand,19.693,1.683862312,0.038492179,5
Thailand,18.129,3.209050815,0.030566616,5
Thailand,19.267,2.600780953,0.038147641,5
Thailand,14.775,1.008674259,0.007820336,5
Thailand,19.019,1.014498859,0.022979447,5
Thailand,18.82,1.01742376,0.007740104,5
Thailand,16.758,1.763240603,0.02039166,5
Thailand,15.685,1.002883099,0.004480611,5
Thailand,19.196,3.66345594,0.03912099,5
Thailand,14.719,1.008674259,0.002351314,5
Thailand,18.515,1.014498859,0.025413175,5
Thailand,16.612,1.01742376,0.010944383,5
Thailand,19.97,1.011582367,0.01395713,5
Thailand,18.485,1.209262625,0.027546364,5
Thailand,18.505,2.692201283,0.032475661,5
Thailand,18.783,1.005774511,0.006953301,5
Thailand,16.271,1.005774511,0.015892714,5
Thailand,13.225,1.008674259,0.001056038,5
Thailand,17.44,1.233879697,0.022240277,5
Thailand,19.439,8.789941739,0.044707099,5
Thailand,17.785,1.01742376,0.013542128,5
Thailand,13.391,1.014498859,0.005353567,5
Thailand,16.903,1.008674259,0.016044331,5
Thailand,18.006,3.163188196,0.029724495,5
Thailand,14.534,1.008674259,0.001984717,5
Thailand,19.971,1.011582367,0.005030417,5
Thailand,17.382,1.978445453,0.023959614,5
Thailand,16.75,1.011582367,0.017315447,5
Thailand,18.81,2.324564416,0.03407141,5
Thailand,15.778,1.011582367,0.004937725,5
Thailand,18.479,1.002883099,0.017883743,5
Thailand,19.12,1.014498859,0.011518987,5
Thailand,19.223,1.87313096,0.035539347,5
Thailand,13.629,1.005774511,0.006528277,5
Thailand,18.202,1.005774511,0.021860899,5
Thailand,17.408,1.011582367,0.005152817,5
Thailand,19.207,1.008674259,0.006577855,5
Thailand,15.451,1.955792745,0.015230046,5
Thailand,13.996,2.239172346,0.01075155,5
Thailand,9.44,1.008674259,0.001848322,5
Thailand,13.886,1.002883099,0.004934145,5
Thailand,19.742,1.008674259,0.01640607,5
Thailand,19.319,2.441163677,0.038358716,5
Thailand,19.863,1.011582367,0.030422559,5
Thailand,17.87,1.01742376,0.020543068,5
Thailand,19.522,3.126970477,0.042015753,5
Thailand,18.844,1.352953345,0.030083174,5
Thailand,16.742,1.008674259,0.013697134,5
Thailand,18.68,1.984149508,0.032075659,5
Thailand,11.732,1.008674259,0.004375795,5
Thailand,9.219,1.008674259,0.00197813,5
Thailand,19.73,2.490858674,0.042297408,5
Thailand,18.525,6.9017582,0.035311826,5
Thailand,14.376,1.014498859,0.001077846,5
Thailand,16.751,1.011582367,0.011511773,5
Thailand,17.093,1.01742376,0.014127325,5
Thailand,19.603,4.885648638,0.044356271,5
Thailand,19.874,1.688717054,0.039320777,5
Thailand,19.621,1.566926993,0.036623932,5
Thailand,14.822,1.509366472,0.01275249,5
Thailand,9.074,1.020357094,0.001900102,5
Thailand,19.876,2.926621722,0.044789006,5
Thailand,18.813,1.014498859,0.015092733,5
Thailand,19.774,1.01742376,0.011615673,5
Thailand,11.916,1.002883099,0.001552925,5
Thailand,19.439,1.955792745,0.037691629,5
Thailand,17.69,1.01742376,0.008726767,5
Thailand,13.624,1.002883099,0.001405873,5
Thailand,10.452,1.026249157,0.001519325,5
Thailand,19.914,1.372569625,0.037702076,5
Thailand,19.975,1.011582367,0.004424951,5
Thailand,19.298,1.005774511,0.007147258,5
Thailand,19.21,1.011582367,0.004224398,5
Thailand,17.138,5.235157264,0.024946887,5
Thailand,16.817,1.008674259,0.010847624,5
Thailand,19.538,1.014498859,0.023240223,5
Thailand,18.344,1.226795553,0.026932084,5
Thailand,19.877,1.014498859,0.014442229,5
Thailand,14.924,1.01742376,0.002632118,5
Thailand,12.268,1.011582367,0.004993919,5
Thailand,12.376,1.002883099,0.002860175,5
Thailand,19.629,1.598825073,0.037370697,5
Thailand,18.3,1.005774511,0.0219431,5
Thailand,16.441,1.011582367,0.002426491,5
Thailand,18.704,1.011582367,0.013170934,5
Thailand,18.929,1.703365422,0.032599933,5
Thailand,14.827,1.002883099,0.003353063,5
Thailand,18.313,1.679021526,0.028799069,5
Thailand,18.151,1.01742376,0.013008856,5
Thailand,15.839,1.008674259,0.00247675,5
Thailand,19.434,1.014498859,0.028076845,5
Thailand,18.593,1.008674259,0.018558262,5
Thailand,17.48,1.005774511,0.019802421,5
Thailand,16.849,1.01742376,0.014112339,5
Thailand,15.416,1.005774511,0.00841278,5
Thailand,14.899,1.005774511,0.010614928,5
Thailand,12.707,1.011582367,0.003615844,6
Thailand,19.883,1.288331148,0.036107223,6
Thailand,14.289,1.005774511,0.004615174,6
Thailand,15.052,1.01742376,0.004985604,6
Thailand,19.827,1.002883099,0.024278774,6
Thailand,19.048,1.144892449,0.029754072,6
Thailand,12.599,1.002883099,0.00651145,6
Thailand,18.662,4.194263045,0.035425889,6
Thailand,19.214,1.011582367,0.029216769,6
Thailand,14.188,1.008674259,0.001271048,6
Thailand,19.69,2.794869861,0.042120822,6
Thailand,17.399,2.918208238,0.025087495,6
Thailand,19.15,1.683862312,0.034206868,6
Thailand,14.041,5.466186196,0.011236226,6
Thailand,18.434,1.01742376,0.002448357,6
Thailand,13.539,1.011582367,0.001154707,6
Thailand,18.71,1.014498859,0.002387517,6
Thailand,15.441,1.014498859,0.001452627,6
Thailand,15.44,1.014498859,0.004269345,6
Thailand,18.312,1.011582367,0.017693788,6
Thailand,14.484,1.011582367,0.006398114,6
Thailand,18.66,1.299506466,0.028990662,6
Thailand,12.989,1.011582367,0.005099099,6
Thailand,19.121,1.014498859,0.020411207,6
Thailand,17.915,1.002883099,0.020054425,6
Thailand,18.53,1.01742376,0.002168019,6
Thailand,19.226,1.014498859,0.003749719,6
Thailand,18.701,1.011582367,0.001019828,6
Thailand,19.525,1.905767944,0.03830537,6
Thailand,15.416,1.005774511,0.013141587,6
Thailand,13.971,1.011582367,0.005809967,6
Thailand,16.049,1.005774511,0.01436372,6
Thailand,14.262,4.885648638,0.012014372,6
Thailand,16.433,3.331429734,0.020459525,6
Thailand,11.424,1.005774511,0.003170547,6
Thailand,16.495,1.244582689,0.018310434,6
Thailand,12.169,1.005774511,0.004614881,6
Thailand,17.889,4.481391161,0.029531908,6
Thailand,16.381,1.230332526,0.017843648,6
Thailand,16.437,1.011582367,0.004689447,6
Thailand,16.036,1.205786223,0.016441833,6
Thailand,12.845,1.008674259,0.003937761,6
Thailand,19.306,3.418876955,0.040078345,6
Thailand,19.023,1.01742376,0.022786997,6
Thailand,17.938,2.071710572,0.027735533,6
Thailand,14.078,1.011582367,0.008001087,6
Thailand,17.575,1.008674259,0.004087023,6
Thailand,15.162,1.002883099,0.013025047,6
Thailand,13.903,1.008674259,0.005330365,6
Thailand,17.583,5.357130588,0.027883196,6
Thailand,15.797,1.005774511,0.014961041,6
Thailand,16.079,1.01742376,0.008313339,6
Thailand,18.238,1.01742376,0.013647897,6
Thailand,15.512,1.014498859,0.005191558,6
Thailand,19.332,2.469438129,0.038783606,6
Thailand,18.845,1.151503643,0.028834526,6
Thailand,17.897,4.468508009,0.029420904,6
Thailand,17.167,1.014498859,0.019022739,6
Thailand,19.22,1.014498859,0.016661111,6
Thailand,18.301,4.481391161,0.032850325,6
Thailand,17.322,1.011582367,0.002992127,6
Thailand,17.107,3.498532974,0.023939014,6
Thailand,14.199,2.132220959,0.011181847,6
Thailand,12.163,1.002883099,0.004721899,6
Thailand,17.274,1.360765989,0.021847616,6
Thailand,14.005,1.005774511,0.002867409,6
Thailand,13.464,1.08707389,0.008689054,6
Thailand,18.962,1.30701048,0.030826048,6
Thailand,8.576,1.011582367,0.001949797,6
Thailand,15.301,1.011582367,0.006327848,6
Thailand,17.325,1.011582367,0.005918714,6
Thailand,14.459,1.002883099,0.009226913,6
Thailand,12.9,1.014498859,0.002654794,6
Thailand,19.977,2.893112631,0.045155205,6
Thailand,14.704,1.002883099,0.005260306,6
Thailand,15.91,1.008674259,0.002108174,6
Thailand,9.92,1.008674259,0.002019422,6
Thailand,14.547,1.014498859,0.010298651,6
Thailand,18.772,1.212749049,0.029210221,6
Thailand,16.684,1.014498859,0.004825397,6
Thailand,17.059,1.005774511,0.008564294,6
Thailand,15.868,1.01742376,0.013181823,6
Thailand,17.321,1.008674259,0.003549825,6
Thailand,17.537,1.068457346,0.022012532,6
Thailand,18.169,1.273580077,0.025946238,6
Thailand,18.557,1.1416011,0.027573075,6
Thailand,19.229,1.01742376,0.02545631,6
Thailand,15.963,1.002883099,0.007936094,6
Thailand,16.128,2.297948731,0.018210337,6
Thailand,14.436,1.01742376,0.006089934,6
Thailand,13.9,1.005774511,0.008610819,6
Thailand,13.515,1.002883099,0.007268076,6
Thailand,13.135,1.011582367,0.007544157,6
Thailand,11.289,1.011582367,0.004853467,6
Thailand,13.397,1.071537815,0.008624131,6
Thailand,15.974,1.005774511,0.011846384,6
Thailand,12.391,1.008674259,0.004895661,6
Thailand,17.63,2.73123513,0.026476428,6
Thailand,14.363,1.011582367,0.010426479,6
Thailand,17.86,1.014498859,0.008379618,6
Thailand,17.646,2.469438129,0.026239284,6
Thailand,19.759,1.014498859,0.015841545,6
Thailand,15.314,1.01742376,0.009338243,6
Thailand,10.667,1.023298884,0.003012829,6
Thailand,19.439,1.014498859,0.018210775,6
Thailand,18.32,1.011582367,0.011545813,6
Thailand,14.407,1.005774511,0.006419109,6
Thailand,18.298,1.005774511,0.006466502,6
Thailand,15.707,2.258595506,0.016426991,6
Thailand,17.957,1.014498859,0.014306171,6
Thailand,16.781,1.102835221,0.018766123,6
Thailand,18.989,1.005774511,0.024711662,6
Thailand,15.726,1.01742376,0.004781355,6
Thailand,15.256,1.083948758,0.01349734,6
Thailand,17.94,1.011582367,0.021282375,6
Thailand,15.475,1.002883099,0.009984428,6
Thailand,15.442,1.014498859,0.005150467,6
Thailand,19.25,2.476557764,0.038116315,6
Thailand,15.281,1.005774511,0.00321342,6
Thailand,19.392,2.337987638,0.038391973,6
Thailand,14.367,1.011582367,0.003857116,6
Thailand,15.344,1.002883099,0.013328519,6
Thailand,19.981,1.014498859,0.019579554,6
Thailand,18.528,1.01742376,0.014693457,6
Thailand,17.485,1.008674259,0.014956476,6
Thailand,18.63,1.01742376,0.010954268,6
Thailand,18.85,1.292045535,0.029915901,6
Thailand,17.89,4.417344703,0.029840914,6
Thailand,18.518,1.014498859,0.00159824,6
Thailand,17.165,1.014498859,0.005123409,6
Thailand,13.868,1.014498859,0.002398744,6
Thailand,14.178,1.005774511,0.001143023,6
Thailand,18.024,1.566926993,0.026580075,6
Thailand,16.566,1.002883099,0.009321094,6
Thailand,19.309,1.008674259,0.005621763,6
Thailand,18.808,1.011582367,0.025420027,6
Thailand,19.743,1.008674259,0.021755877,6
Thailand,19.088,1.005774511,0.015020354,6
Thailand,12.165,1.002883099,0.001899181,6
Thailand,19.843,2.311218261,0.04193641,6
Thailand,11.233,1.002883099,0.001993444,6
Thailand,17.147,1.008674259,0.016028092,6
Thailand,12.008,1.008674259,0.002717228,6
Thailand,10.123,1.011582367,0.001528975,6
Thailand,15.548,1.28462744,0.014839597,6
Thailand,9.445,1.011582367,0.001062642,6
Thailand,19.98,1.014498859,0.032079535,6
Thailand,17.431,1.01742376,0.015828414,6
Thailand,17.264,1.424913323,0.021978342,6
Thailand,13.533,1.008674259,0.005612775,7
Thailand,19.972,1.011582367,0.002474938,7
Thailand,16.409,1.002883099,0.004545582,7
Thailand,19.758,7.374234249,0.047645274,7
Thailand,19.616,1.005774511,0.004976934,7
Thailand,15.153,1.005774511,0.003668066,7
Thailand,17.641,1.002883099,0.008640303,7
Thailand,18.164,1.329783516,0.026548531,7
Thailand,17.439,1.479253177,0.023113228,7
Thailand,10.51,1.008674259,0.003793641,7
Thailand,19.919,1.535665311,0.03890021,7
Thailand,17.554,1.002883099,0.020041689,7
Thailand,12.442,1.011582367,0.002404334,7
Thailand,17.409,1.011582367,0.001407216,7
Thailand,12.902,1.014498859,0.002271998,7
Thailand,19.137,1.900289221,0.035349554,7
Thailand,16.747,1.011582367,0.010582175,7
Thailand,17.083,1.014498859,0.017913591,7
Thailand,19.093,1.008674259,0.011419835,7
Thailand,14.486,1.011582367,0.010971023,7
Thailand,18.624,1.01742376,0.005551457,7
Thailand,13.135,1.011582367,0.004749418,7
Thailand,18.284,1.280934379,0.026562588,7
Thailand,15.363,1.011582367,0.005855627,7
Thailand,13.069,1.002883099,0.007731467,7
Thailand,19.091,1.005774511,0.023498752,7
Thailand,19.304,1.008674259,0.003554507,7
Thailand,19.73,1.005774511,0.007388438,7
Thailand,18.235,1.014498859,0.013151936,7
Thailand,16.445,1.014498859,0.004936782,7
Thailand,19.048,2.239172346,0.035623516,7
Thailand,11.137,1.023298884,0.004642955,7
Thailand,15.55,1.005774511,0.00381964,7
Thailand,18.708,1.011582367,0.011042438,7
Thailand,10.195,1.002883099,0.001971595,7
Thailand,13.474,1.005774511,0.00199739,7
Thailand,18.585,1.303253072,0.028528499,7
Thailand,17.09,1.01742376,0.003425451,7
Thailand,18.687,1.322148754,0.029485032,7
Thailand,19.311,8.274265122,0.04393845,7
Thailand,19.256,1.341318402,0.032863531,7
Thailand,15.291,1.008674259,0.01236013,7
Thailand,19.837,5.593542236,0.048444256,7
Thailand,18.011,1.005774511,0.003461152,7
Thailand,13.766,1.01742376,0.006821823,7
Thailand,18.708,1.011582367,0.016612168,7
Thailand,16.156,1.01742376,0.006177102,7
Thailand,19.388,3.559490572,0.041497258,7
Thailand,18.917,4.040188242,0.037876245,7
Thailand,17.539,1.280934379,0.023019839,7
Thailand,14.607,1.011582367,0.005473758,7
Thailand,16.356,1.008674259,0.006628389,7
Thailand,19.723,1.005774511,0.023943813,7
Thailand,19.646,1.014498859,0.011508093,7
Thailand,16.589,1.008674259,0.014354739,7
Thailand,16.134,1.008674259,0.001649263,7
Thailand,14.803,1.01742376,0.009408752,7
Thailand,18.925,1.01742376,0.007686825,7
Thailand,18.049,1.014498859,0.00580124,7
Thailand,19.094,4.999478801,0.039522568,7
Thailand,17.758,4.417344703,0.02882353,7
Thailand,17.812,2.265107261,0.027290209,7
Thailand,18.628,9.230841849,0.036710398,7
Thailand,9.653,1.011582367,0.001275867,7
Thailand,16.189,1.002883099,0.010789226,7
Thailand,13.726,1.002883099,0.006750522,7
Thailand,17.005,1.322148754,0.020615258,7
Thailand,14.538,1.008674259,0.009479762,7
Thailand,18.324,1.014498859,0.01634503,7
Thailand,14.651,4.291984694,0.013114256,7
Thailand,15.567,1.011582367,0.007603844,7
Thailand,17.149,1.008674259,0.016402745,7
Thailand,16.914,1.011582367,0.008674436,7
Thailand,19.825,1.002883099,0.008731425,7
Thailand,19.34,1.01742376,0.029359791,7
Thailand,17.589,1.011582367,0.006348605,7
Thailand,9.29,1.020357094,0.002513411,7
Thailand,17.971,1.03813555,0.023828094,7
Thailand,16.412,1.002883099,0.014177933,7
Thailand,10.255,1.002883099,0.002205434,7
Thailand,14.899,1.005774511,0.010950897,7
Thailand,14.287,1.002883099,0.00823866,7
Thailand,14.179,1.005774511,0.005281322,7
Thailand,13.686,1.008674259,0.007656886,7
Thailand,18.659,2.05389456,0.032492636,7
Thailand,17.855,1.011582367,0.009743162,7
Thailand,16.653,1.005774511,0.010635479,7
Thailand,11.006,2.239172346,0.004791249,7
Thailand,19.116,1.014498859,0.007196277,7
Thailand,15.671,1.099664778,0.014706111,7
Thailand,11.868,1.112401499,0.005788821,7
Thailand,17.136,1.005774511,0.016920598,7
Thailand,18.81,1.014498859,0.005861297,7
Thailand,16.54,8.467046268,0.022005795,7
Thailand,19.521,1.008674259,0.008143668,7
Thailand,16.472,1.241004749,0.01827464,7
Thailand,19.976,1.30701048,0.037339081,7
Thailand,19.06,1.333617414,0.031452209,7
Thailand,18.293,1.005774511,0.019474647,7
Thailand,18.63,1.424913323,0.029305627,7
Thailand,17.336,1.014498859,0.014348057,7
Thailand,19.95,1.005774511,0.030360236,7
Thailand,16.013,1.01742376,0.013091142,7
Thailand,11.187,1.014498859,0.002277185,7
Thailand,19.87,1.014498859,0.018324015,7
Thailand,14.613,1.014498859,0.006414403,7
Thailand,14.909,1.011582367,0.004641642,7
Thailand,19.885,1.380495543,0.037202619,7
Thailand,18.394,1.005774511,0.00196476,7
Thailand,19.539,1.580518923,0.036230457,7
Thailand,16.374,1.014498859,0.005693916,7
Thailand,19.86,1.693585793,0.039433846,7
Thailand,17.837,1.005774511,0.014742363,7
Thailand,18.905,1.011582367,0.004965308,7
Thailand,19.391,1.540092787,0.0353883,7
Thailand,18.783,1.005774511,0.019360424,7
Thailand,17.641,1.002883099,0.011960606,7
Thailand,15.797,1.01742376,0.011443327,7
Thailand,19.623,1.026249157,0.03210236,7
Thailand,18.137,7.901770851,0.032802038,7
Thailand,14.34,1.002883099,0.002359192,7
Thailand,12.078,1.002883099,0.002514681,7
Thailand,18.504,1.011582367,0.015941243,7
Thailand,14.228,1.002883099,0.005467928,7
Thailand,19.652,1.014498859,0.004325262,7
Thailand,19.388,2.399357842,0.038499144,7
Thailand,17.963,1.01742376,0.011337145,7
Thailand,14.457,3.109017423,0.012336761,7
Thailand,18.424,1.014498859,0.019375638,7
Thailand,12.132,1.005774511,0.004052292,7
Thailand,17.475,2.969054397,0.025950693,7
Thailand,18.616,1.014498859,0.01518596,7
Thailand,16.687,1.01742376,0.005268048,7
Thailand,19.976,1.011582367,0.016117573,7
Thailand,9.195,1.008674259,0.001119634,7
Thailand,15.221,2.615799191,0.014667577,7
Thailand,17.554,1.002883099,0.009671068,7
Thailand,16.995,2.441163677,0.022774849,7
Thailand,18.571,1.008674259,0.026233273,7
Thailand,16.898,1.008674259,0.007833234,7
Thailand,18.887,1.005774511,0.010510275,7
Thailand,13.567,1.002883099,0.006190183,8
Thailand,16.068,1.011582367,0.012147047,8
Thailand,16.671,4.27964605,0.021701888,8
Thailand,16.717,1.329783516,0.019379073,8
Thailand,19.66,1.01742376,0.025928176,8
Thailand,16.648,1.002883099,0.013833577,8
Thailand,19.501,1.002883099,0.006413523,8
Thailand,15.918,1.011582367,0.003716729,8
Thailand,19.718,10.09255211,0.048216283,8
Thailand,15.185,1.01742376,0.002430062,8
Thailand,9.698,1.008674259,0.001361472,8
Thailand,7.6,1.002883099,0.001589466,8
Thailand,19.021,9.125151006,0.040420745,8
Thailand,18.303,1.008674259,0.021159563,8
Thailand,14.58,1.002883099,0.006510435,8
Thailand,14.185,1.008674259,0.006739657,8
Thailand,19.222,1.185136686,0.031393115,8
Thailand,10.987,1.376526879,0.004651087,8
Thailand,18.751,1.603434644,0.030842076,8
Thailand,18.877,1.002883099,0.006747717,8
Thailand,10.143,1.005774511,0.003496283,8
Thailand,13.577,1.005774511,0.006171421,8
Thailand,17.188,3.154094628,0.024039255,8
Thailand,13.85,1.008674259,0.001396575,8
Thailand,19.224,1.475000604,0.033263935,8
Thailand,16.555,1.154823542,0.018325996,8
Thailand,19.665,1.01742376,0.024070509,8
Thailand,19.532,1.011582367,0.002197837,8
Thailand,19.63,1.002883099,0.031944073,8
Thailand,12.994,1.011582367,0.002722586,8
Thailand,11.944,1.014498859,0.002677168,8
Thailand,12.191,1.014498859,0.002033173,8
Thailand,11.474,1.011582367,0.003965883,8
Thailand,14.884,2.786835139,0.013550148,8
Thailand,15.846,2.692201283,0.017319324,8
Thailand,17.748,1.008674259,0.008084997,8
Thailand,11.356,1.008674259,0.004165875,8
Thailand,17.866,1.014498859,0.005780274,8
Thailand,19.364,1.174944911,0.032306276,8
Thailand,16.725,1.002883099,0.016488297,8
Thailand,15.444,1.014498859,0.005572443,8
Thailand,19.001,1.011582367,0.022868492,8
Thailand,18.198,1.005774511,0.004236774,8
Thailand,19.581,1.209262625,0.033904921,8
Thailand,15.111,1.014498859,0.012077199,8
Thailand,17.216,1.002883099,0.012349211,8
Thailand,17.99,1.496386429,0.025947621,8
Thailand,12.076,6.725226672,0.0066716,8
Thailand,18.322,1.014498859,0.017522343,8
Thailand,19.389,1.002883099,0.011088529,8
Thailand,13.624,1.002883099,0.007727215,8
Thailand,17.759,1.011582367,0.021859044,8
Thailand,18.955,1.404548966,0.031172192,8
Thailand,19.557,1.01742376,0.016502711,8
Thailand,19.936,1.733044452,0.040290604,8
Thailand,19.656,4.706176025,0.044846515,8
Thailand,18.43,3.9824473,0.033507394,8
Thailand,19.469,5.450471945,0.043847238,8
Thailand,18.292,1.005774511,0.011829612,8
Thailand,19.643,1.011582367,0.030916473,8
Thailand,19.104,1.011582367,0.013376465,8
Thailand,18.082,4.638917021,0.031474167,8
Thailand,19.976,1.011582367,0.008976531,8
Thailand,19.836,1.005774511,0.008087848,8
Thailand,19.507,1.005774511,0.001274819,8
Thailand,19.757,1.014498859,0.011226327,8
Thailand,12.527,1.011582367,0.003888617,8
Thailand,18.455,1.636075913,0.029152325,8
Thailand,14.254,5.419178838,0.012040797,8
Thailand,16.844,1.014498859,0.015652252,8
Thailand,18.972,1.002883099,0.012748484,8
Thailand,18.924,1.01742376,0.013840809,8
Thailand,18.332,1.626682617,0.028486912,8
Thailand,17.75,1.008674259,0.015325149,8
Thailand,14.444,1.01742376,0.009907913,8
Thailand,16.534,1.617343251,0.019383173,8
Thailand,13.549,1.014498859,0.002079807,8
Thailand,9.05,1.005774511,0.001509327,8
Thailand,14.37,1.014498859,0.008956174,8
Thailand,14.123,1.005774511,0.009321224,8
Thailand,19.55,1.01742376,0.03085838,8
Thailand,19.724,1.005774511,0.001385815,8
Thailand,17.929,1.008674259,0.002437147,8
Thailand,10.842,1.029207935,0.001751986,8
Thailand,18.93,2.001360534,0.034267792,8
Thailand,18.863,6.440984263,0.038046067,8
Thailand,11.923,1.005774511,0.005318548,8
Thailand,19.816,1.277251935,0.035803994,8
Thailand,16.195,1.005774511,0.001341567,8
Thailand,18.679,1.005774511,0.00233818,8
Thailand,13.075,1.005774511,0.00116778,8
Thailand,18.886,1.005774511,0.014408775,8
Thailand,17.953,1.014498859,0.01107723,9
Thailand,15.969,1.002883099,0.012154767,9
Thailand,13.837,1.002883099,0.003182865,9
Thailand,10.586,1.080832611,0.004064063,9
Thailand,18.31,1.008674259,0.011599411,9
Thailand,10.274,1.617343251,0.003840989,9
Thailand,16.121,1.005774511,0.009777834,9
Thailand,18.276,1.01742376,0.0250711,9
Thailand,17.418,1.014498859,0.013312156,9
Thailand,14.986,1.014498859,0.003246634,9
Thailand,16.191,1.005774511,0.002662261,9
Thailand,13.337,1.011582367,0.004747405,9
Thailand,15.95,2.434145793,0.017631557,9
Thailand,17.069,1.008674259,0.001372742,9
Thailand,15.865,1.01742376,0.011869434,9
Thailand,14.843,9.55531616,0.014121742,9
Thailand,15.49,1.008674259,0.008692276,9
Thailand,12.849,1.011582367,0.004905725,9
Thailand,19.623,1.783663102,0.038226226,9
Thailand,19.95,2.252102471,0.042698113,9
Thailand,12.973,1.002883099,0.002663932,9
Thailand,13.395,1.122050757,0.00856673,9
Thailand,13.28,1.008674259,0.001733141,9
Thailand,19.663,1.01742376,0.019262618,9
Thailand,19.312,1.008674259,0.016695809,9
Thailand,19.683,8.815284013,0.047307536,9
Thailand,16.215,1.011582367,0.010514241,9
Thailand,18.226,1.622006212,0.027904837,9
Thailand,15.065,1.032175243,0.012750627,9
Thailand,18.784,1.598825073,0.031388382,9
Thailand,19.38,3.716571871,0.041203682,9
Thailand,17.668,1.008674259,0.017954603,9
Thailand,19.514,2.448201794,0.039998071,9
Thailand,17.322,1.412659549,0.022176239,9
Thailand,18.775,1.002883099,0.019504539,9
Thailand,17.684,1.014498859,0.016994293,9
Thailand,14.204,1.014498859,0.002160001,9
Thailand,16.34,1.002883099,0.014554386,9
Thailand,19.121,2.563611512,0.036978386,9
Thailand,15.365,1.011582367,0.008045312,9
Thailand,17.016,1.01742376,0.010962392,9
Thailand,19.864,6.258195303,0.04850793,9
Thailand,19.843,1.392470318,0.036785788,9
Thailand,19.519,2.291342563,0.039241371,9
Thailand,14.261,1.014498859,0.00609886,9
Thailand,15.363,1.011582367,0.005773391,9
Thailand,15.931,1.014498859,0.014209749,9
Thailand,18.906,1.011582367,0.018466449,9
Thailand,19.544,1.014498859,0.001532871,9
Thailand,12.734,1.002883099,0.004708239,9
Thailand,15.315,1.01742376,0.004021359,9
Thailand,18.91,1.014498859,0.023304665,9
Thailand,18.905,2.107807559,0.033747779,9
Thailand,16.063,2.526973282,0.018084687,9
Thailand,16.991,1.011582367,0.013048723,9
Thailand,19.125,1.01742376,0.026888149,9
Thailand,18.941,1.188553553,0.029731737,9
Thailand,16.523,1.014498859,0.003979022,10
Thailand,14.72,1.008674259,0.008928589,10
Thailand,16.988,1.008674259,0.008282627,10
Thailand,10.434,1.002883099,0.001075812,10
Thailand,16.98,1.008674259,0.009634464,10
Thailand,17.324,1.011582367,0.005064286,10
Thailand,16.082,1.01742376,0.012951239,10
Thailand,17.381,1.002883099,0.009040089,10
Thailand,19.306,1.008674259,0.010266851,10
Thailand,10.968,1.008674259,0.002523236,10
Thailand,19.977,1.011582367,0.015934756,10
Thailand,16.222,1.188553553,0.017029687,10
Thailand,18.166,2.977614476,0.030400809,10
Thailand,18.4,3.727287117,0.033045018,10
Thailand,16.055,1.008674259,0.006847478,10
Thailand,10.411,1.005774511,0.001510939,10
Thailand,19.454,1.118825073,0.031962614,10
Thailand,17.136,2.024541025,0.02282802,10
Thailand,17.742,1.005774511,0.004057482,10
Thailand,8.28,1.002883099,0.001329343,10
Thailand,17.432,1.01742376,0.010239636,10
Thailand,14.376,3.389475766,0.012058727,10
Thailand,14.262,1.01742376,0.008497107,10
Thailand,18.54,1.703365422,0.030249141,10
Thailand,19.978,1.011582367,0.025013775,10
Thailand,19.992,1.322148754,0.03775233,10
Thailand,17.571,1.005774511,0.00766403,10
Thailand,17.419,1.014498859,0.010265462,10
Thailand,17.782,1.01742376,0.008694462,10
Thailand,13.567,1.002883099,0.002214619,10
Thailand,19.34,2.794869861,0.038895,10
Thailand,18.047,1.014498859,0.013671927,10
Thailand,18.256,5.357130588,0.033057078,10
Thailand,18.527,1.01742376,0.01768937,10
Thailand,17.018,1.125285741,0.020141683,10
Thailand,19.629,1.008674259,0.010616064,10
Thailand,15.858,1.014498859,0.004902726,10
Thailand,17.393,1.4331415,0.022912675,10
Thailand,16.353,1.008674259,0.001345184,10
Thailand,14.852,1.011582367,0.007753348,10
Thailand,18.978,1.002883099,0.009989298,10
Thailand,18.033,1.011582367,0.004783473,10
Thailand,10.973,1.011582367,0.00352246,10
Thailand,19.613,1.002883099,0.004052406,10
Thailand,18.221,1.420816966,0.027161959,10
Thailand,18.13,1.011582367,0.006601643,10
Thailand,16.993,1.011582367,0.010294162,11
Thailand,17.503,1.011582367,0.004150463,11
Thailand,18.246,4.430080346,0.031840325,11
Thailand,17.18,1.185136686,0.021094821,11
Thailand,9.543,1.008674259,0.001101994,11
Thailand,12.389,1.008674259,0.00178776,11
Thailand,19.331,1.014498859,0.011566938,11
Thailand,8.253,1.035151107,0.001727582,11
Thailand,16.962,1.002883099,0.006079993,11
Thailand,18.889,1.008674259,0.017181946,11
Thailand,15.782,1.014498859,0.009906425,11
Thailand,17.589,1.011582367,0.011979648,11
Thailand,16.073,1.014498859,0.006758271,11
Thailand,14.83,1.005774511,0.008731305,11
Thailand,19.974,1.011582367,0.019550458,11
Thailand,14.669,1.014498859,0.001057863,11
Thailand,19.539,1.014498859,0.018541428,11
Thailand,18.872,1.002883099,0.005437868,11
Thailand,19.568,4.546366219,0.043649539,11
Thailand,15.656,1.01742376,0.01087175,11
Thailand,19.028,1.544533027,0.032822943,12
Thailand,17.307,1.005774511,0.006220159,12
Thailand,8.936,1.020357094,0.00105748,12
Thailand,10.002,1.008674259,0.002339404,12
Thailand,12.992,1.011582367,0.001839131,12
Thailand,19.539,1.014498859,0.0153273,12
Thailand,11.615,1.008674259,0.001249269,12
Thailand,19.834,1.005774511,0.012544127,12
Thailand,18.294,1.005774511,0.016473297,12
Thailand,15.829,1.005774511,0.001941239,12
Thailand,17.48,1.005774511,0.015499061,13
Canada,12.06144537,15.76882923,0.138717905,2
Canada,9.753792808,2.05389456,0.041135506,2
Canada,15.64869486,3.684610606,0.137694991,2
Canada,18.47194663,6.028302662,0.27095779,2
Canada,16.70499895,6.13333836,0.232820315,2
Canada,15.15676883,2.827241068,0.102647447,2
Canada,18.91923995,5.908032296,0.273483017,2
Canada,17.37756993,6.9017582,0.275121241,2
Canada,14.57496108,4.098766361,0.134757256,2
Canada,17.22789904,10.26840231,0.350525416,2
Canada,16.15981447,5.756918053,0.209421014,2
Canada,12.73916116,5.674642216,0.121677932,2
Canada,18.32590644,107.2772487,0.804364333,2
Canada,9.060307488,20.84873791,0.063370938,2
Canada,13.12005478,2.427148084,0.074302378,2
Canada,14.09336951,28.53407779,0.252697143,2
Canada,16.00323037,6.080593718,0.213463512,2
Canada,17.64091396,7.924552441,0.313867814,2
Canada,18.58751301,98.40071397,0.836452927,2
Canada,16.6903683,3.748810377,0.151386004,2
Canada,12.14281753,2.107807559,0.058887773,2
Canada,16.4741029,4.379357028,0.173010675,2
Canada,15.06889922,3.970998518,0.13916821,2
Canada,15.03356182,7.416816844,0.20737447,2
Canada,19.51324514,8.085873296,0.381675459,2
Canada,19.67386883,16.27619514,0.640435036,2
Canada,17.30792188,8.689299091,0.319656427,2
Canada,17.31251873,9.80613515,0.343144288,2
Canada,16.01086178,9.046677784,0.2699818,2
Canada,13.50112518,31.83286437,0.219983992,2
Canada,18.05944801,12.96516937,0.449489963,3
Canada,15.30460828,27.80423995,0.332428907,3
Canada,19.76164133,10.15083166,0.472309142,3
Canada,9.235261961,2.692201283,0.043360951,3
Canada,18.28244811,32.10899087,0.651776689,3
Canada,18.15830622,6.59105201,0.286322366,3
Canada,18.73653056,12.41719513,0.479032477,3
Canada,18.07240253,26.40008963,0.593250959,3
Canada,19.27606354,9.862760783,0.43934176,3
Canada,17.51655195,5.250250742,0.222355778,3
Canada,19.48651654,25.13912095,0.757506353,3
Canada,18.09616833,58.26950924,0.705187427,3
Canada,16.54883777,3.814128748,0.152524512,3
Canada,19.42553844,7.185617841,0.340472868,3
Canada,17.42794061,11.48854597,0.380911141,3
Canada,14.7340278,7.699661237,0.201761107,3
Canada,19.12315637,12.38149804,0.5056001,3
Canada,16.12890092,8.442705111,0.264969959,3
Canada,19.75239722,230.0596528,1.190538068,3
Canada,18.3568917,12.77987575,0.464329918,3
Canada,16.74920544,4.468508009,0.180364874,3
Canada,18.13479605,15.36549787,0.492608052,3
Canada,18.07717256,5.235157264,0.230584423,3
Canada,13.26515561,6.063113161,0.138994263,3
Canada,13.04566841,12.23973297,0.168935745,3
Canada,12.28968933,2.19449873,0.06223653,3
Canada,16.99375506,12.66997313,0.374340429,3
Canada,17.54733797,6.422467651,0.264887348,3
Canada,7.230890342,3.331429734,0.028451484,3
Canada,13.19950891,4.612283342,0.119273775,3
Canada,17.32708782,11.09842407,0.367002575,3
Canada,18.36870428,38.38362932,0.700177622,3
Canada,10.3027684,8.346038237,0.080185086,3
Canada,19.86482863,16.464712,0.661131197,3
Canada,19.43274803,6.572103982,0.312860356,3
Canada,15.12119084,4.546366219,0.155480637,3
Canada,8.645378321,2.556241613,0.037063278,3
Canada,19.00274021,61.90103698,0.877530502,3
Canada,10.8229384,32.20156428,0.107406725,3
Canada,9.246784596,1.277251935,0.026174416,3
Canada,19.63894517,12.45299514,0.540684541,3
Canada,16.81262114,7.331896136,0.267815082,3
Canada,19.76581657,12.03012299,0.534116441,3
Canada,13.70082121,8.840699352,0.175750208,3
Canada,16.36118667,4.086983183,0.160867633,3
Canada,14.05932317,5.326373387,0.148474677,3
Canada,15.60668464,18.36817534,0.32835339,3
Canada,14.63192244,3.51873529,0.119998496,3
Canada,16.92714325,4.218482862,0.173052226,3
Canada,17.16342275,4.170182282,0.173611919,3
Canada,19.67768822,63.70903843,1.008445902,3
Canada,18.30082978,17.79559766,0.538771373,3
Canada,16.85301102,5.625842206,0.22158949,3
Canada,18.12841677,15.90561213,0.502701963,3
Canada,16.33326172,10.00575956,0.298363636,3
Canada,18.58838345,12.63354936,0.473182897,3
Canada,18.76993607,27.56513286,0.690271243,3
Canada,16.19459583,15.4542261,0.351776423,3
Canada,16.47625569,24.28546014,0.417071509,3
Canada,18.48630876,6.686614743,0.29769757,3
Canada,11.35026829,1.916772821,0.049374944,3
Canada,18.08109308,17.64256152,0.515952598,3
Canada,9.426675701,8.589808778,0.063580162,3
Canada,15.45383687,7.699661237,0.227974251,3
Canada,11.09361452,2.811008867,0.063020798,3
Canada,13.89080905,2.232735149,0.073334952,3
Canada,17.63944413,6.422467651,0.267521483,3
Canada,19.55233259,12.56101564,0.538642483,3
Canada,15.9100466,150.2429833,0.44707128,3
Canada,14.70332247,12.48889836,0.241280777,3
Canada,19.13888721,33.71956555,0.793564062,3
Canada,17.57607536,21.58159413,0.505218498,3
Canada,17.9271618,13.69412014,0.449028001,3
Canada,16.99286515,6.204376933,0.243911222,3
Canada,11.92648709,18.58092228,0.137970666,3
Canada,12.78807853,4.760684681,0.113611368,3
Canada,18.23370863,14.46405527,0.484741561,3
Canada,16.74723227,13.53732587,0.365778143,3
Canada,14.66683172,27.32808201,0.287932018,3
Canada,13.6370137,51.78196712,0.238285075,3
Canada,17.43408122,7.924552441,0.30621045,3
Canada,18.40257548,21.76879846,0.597371441,3
Canada,11.7479155,108.2077993,0.145895358,3
Canada,16.68895112,17.09260286,0.395160143,3
Canada,18.26199208,75.5039187,0.765121654,3
Canada,19.22368547,17.29057565,0.620160112,3
Canada,12.74841029,10.38733471,0.150905745,3
Canada,19.67799686,10.41728243,0.476155585,3
Canada,18.13764265,6.553210426,0.284120128,3
Canada,15.40672696,112.0114233,0.388576381,3
Canada,16.82541956,6.961625835,0.258906709,3
Canada,19.85133075,25.28428708,0.806161264,3
Canada,6.588824042,12.03012299,0.028107537,3
Canada,19.36296775,25.94797829,0.754165229,3
Canada,19.06105024,36.97361997,0.801904408,3
Canada,14.1372947,3.880585212,0.122482996,4
Canada,15.63570218,5.609668974,0.192878834,4
Canada,16.53384674,25.65088039,0.431448202,4
Canada,19.94072928,19.45683823,0.729892291,4
Canada,17.71342077,26.47620371,0.554226828,4
Canada,15.85272965,84.96348309,0.428911526,4
Canada,17.51876134,6.028302662,0.250269404,4
Canada,14.85556584,7.438200263,0.202391519,4
Canada,16.02853732,5.220107177,0.191661437,4
Canada,8.634027439,1.617343251,0.028634131,4
Canada,9.062360889,1.09335121,0.02191611,4
Canada,17.24218198,6.822734785,0.268805396,4
Canada,17.23977779,4.417344703,0.184680013,4
Canada,17.13345681,16.75158919,0.427594327,4
Canada,19.61600757,8.968879405,0.420827259,4
Canada,18.66937626,27.24951894,0.669911385,4
Canada,15.76232911,6.862132741,0.222582881,4
Canada,17.38570372,6.534371185,0.264223548,4
Canada,16.71328324,7.331896136,0.265052083,4
Canada,17.87942776,4.80198009,0.208901681,4
Canada,18.11852417,62.43798258,0.720288894,4
Canada,15.98764014,57.27162224,0.431369212,4
Canada,16.19679723,9.862760783,0.289239056,4
Canada,19.00514685,38.49429313,0.801440705,4
Canada,18.92829359,30.05172925,0.737332548,4
Canada,18.93086921,22.46921485,0.663874327,4
Canada,19.16772689,9.665989334,0.428456759,4
Canada,18.56703701,12.8907317,0.483747729,4
Canada,16.13949997,32.01668359,0.409410957,4
Canada,17.73594342,4.65229148,0.200545092,4
Canada,14.91212276,46.81851175,0.321471011,4
Canada,19.59271382,14.58952022,0.593231629,4
Canada,18.38549232,31.28771475,0.660625763,4
Canada,8.937137982,1.7683242,0.032218111,4
Canada,17.69589487,8.109185671,0.319730848,4
Canada,16.83362429,4.57261926,0.185503695,4
Canada,17.04526053,6.9017582,0.265391879,4
Canada,14.49776502,5.042845572,0.153691012,4
Canada,19.2231252,7.206334691,0.337455663,4
Canada,18.05765329,56.12899896,0.697488131,4
Canada,15.68172049,24.07661337,0.353261308,4
Canada,19.77726565,33.33348491,0.880529062,4
Canada,10.44230565,3.302780562,0.060843583,4
Canada,19.06501601,29.96533621,0.749214566,4
Canada,17.03566485,8.968879405,0.314085122,4
Canada,11.35321207,1.48779514,0.038751184,4
Canada,18.70235274,228.0812174,0.92196072,4
Canada,16.12314473,4.843633707,0.182451539,4
Canada,19.07274472,14.84372452,0.558798507,4
Canada,12.6904766,10.6907273,0.149268407,4
Canada,6.615149727,2.827241068,0.022782679,4
Canada,16.48348516,9.500455676,0.298286459,4
Canada,17.64291342,16.27619514,0.465902992,4
Canada,9.298286637,2.448201794,0.041894708,4
Canada,16.18451567,190.7963853,0.481158307,4
Canada,13.33673894,38.16325519,0.212694082,4
Canada,13.29891813,3.51873529,0.102027856,4
Canada,16.28677889,14.58952022,0.348161683,4
Canada,17.84019345,7.970312854,0.321410266,4
Canada,18.36052194,173.5041342,0.83822024,4
Canada,13.3737246,95.88384394,0.227491038,4
Canada,13.92368532,17.19130428,0.221777567,4
Canada,17.12131682,5.086588519,0.208947913,4
Canada,16.82988773,3.9824473,0.162364992,4
Canada,9.321490375,1.44557294,0.029475574,4
Canada,17.59555188,13.38232685,0.423109156,4
Canada,17.79631798,8.491457603,0.334012192,4
Canada,13.45589032,69.0573331,0.227916053,4
Canada,15.40388623,17.69342677,0.307418186,4
Canada,10.34915237,8.739475543,0.08176301,4
Canada,14.26668101,5.311061071,0.153460843,4
Canada,18.43238282,36.55028121,0.694466444,4
Canada,19.87351251,45.35907255,0.989012176,4
Canada,16.35733045,22.59896357,0.404231027,4
Canada,14.18302025,5.740368002,0.158116869,4
Canada,18.88471009,5.658328693,0.261012065,4
Canada,14.38043155,25.06685073,0.264792618,4
Canada,13.02609643,8.418433931,0.150665109,4
Canada,19.54319284,7.788841536,0.369549374,4
Canada,19.91414011,8.109185671,0.394969637,4
Canada,18.17069065,18.26271709,0.534531637,4
Canada,14.13861658,6.45955426,0.167547347,4
Canada,18.83681621,5.874112172,0.270801682,4
Canada,16.94441011,6.222264768,0.242532735,4
Canada,19.8326812,27.01518227,0.831877168,4
Canada,17.41154583,4.999478801,0.210632034,4
Canada,19.78034608,13.38232685,0.573215463,4
Canada,16.97209383,14.50575657,0.393137571,4
Canada,10.97006311,1.518082325,0.038039479,4
Canada,19.32087571,6.258195303,0.296189665,4
Canada,19.19627603,54.22300047,0.898092785,4
Canada,16.95609333,8.589808778,0.30221389,4
Canada,14.46538772,34.60467571,0.279937538,4
Canada,11.33020488,3.145027202,0.070324244,4
Canada,16.94763627,15.49878217,0.401353147,4
Canada,19.77075996,17.64256152,0.678295314,4
Canada,18.68474132,8.968879405,0.385270804,4
Canada,14.96416258,4.65229148,0.154684832,4
Canada,19.61521919,18.85032445,0.681300516,4
Canada,15.39706248,26.40008963,0.338618475,4
Canada,16.30469296,12.96516937,0.333348008,4
Canada,14.92554292,3.274377763,0.11603717,4
Canada,15.95033327,35.20761927,0.404178017,4
Canada,19.9825275,7.856403961,0.384342863,4
Canada,16.22109188,4.316768806,0.166931114,4
Canada,18.0219399,13.26724335,0.448140103,4
Canada,18.61976827,8.179526844,0.357042565,4
Canada,18.42667961,6.941612478,0.305793486,4
Canada,18.65421611,38.16325519,0.736030437,4
Canada,19.09803476,77.26307577,0.918174629,4
Canada,19.26270462,63.89271791,0.936968899,4
Canada,18.746203,8.442705111,0.37086594,4
Canada,12.51741765,1.793962883,0.052245316,4
Canada,12.76995955,9.55531616,0.148550852,4
Canada,13.78162834,153.3014938,0.256785691,4
Canada,19.12330808,13.26724335,0.525359878,4
Canada,16.7282747,4.329214479,0.174758334,4
Canada,8.148185386,31.83286437,0.049041854,4
Canada,14.18408021,5.295792775,0.151358466,4
Canada,14.57060573,8.22675961,0.202373474,4
Canada,19.33510081,62.97958578,0.942706671,4
Canada,14.86074786,4.016992078,0.137006629,4
Canada,17.84023408,200.9443358,0.746030153,4
Canada,11.72095747,13.04003688,0.123253321,4
Canada,19.33288217,9.072760254,0.415474059,4
Canada,18.18136734,4.942236012,0.219028095,4
Canada,17.81578854,11.45551857,0.403668992,4
Canada,14.27617081,3.038230052,0.102105277,4
Canada,19.25742819,8.250478175,0.379726882,4
Canada,18.38009952,12.52490509,0.461300982,4
Canada,8.89536847,16.464712,0.059394471,4
Canada,9.520129727,72.73030836,0.076126302,4
Canada,18.02342678,6.553210426,0.280623576,4
Canada,13.36994322,2.653725294,0.082449619,4
Canada,17.80338983,4.942236012,0.213985086,4
Canada,19.64233838,33.42958866,0.86676205,4
Canada,19.53843539,17.09260286,0.643779974,4
Canada,15.19089389,31.19776848,0.328816309,4
Canada,15.84075305,17.14188253,0.337954744,4
Canada,17.9081804,18.05361352,0.510114123,4
Canada,19.07083659,15.72349682,0.576191184,4
Canada,16.01773714,9.072760254,0.271409288,4
Canada,18.46239037,147.6700164,0.845058719,4
Canada,19.88038786,24.4961185,0.808545308,4
Canada,15.85336044,16.55978766,0.331803226,4
Canada,17.83256451,86.44386642,0.696983558,4
Canada,9.778345112,7.833818286,0.068491172,4
Canada,18.18480145,7.54604568,0.319912699,4
Canada,19.46969407,106.6613317,1.032177232,4
Canada,19.92655962,20.37404539,0.741962161,4
Canada,19.50963819,16.41737907,0.626149878,4
Canada,8.378757704,3.508619592,0.039076133,4
Canada,17.69858481,10.62934802,0.381691729,4
Canada,13.82075288,2.245628102,0.073261885,4
Canada,10.12677327,8.994737574,0.077571362,4
Canada,15.59665232,4.559473844,0.164767452,4
Canada,18.73135312,10.93980932,0.443928409,4
Canada,19.0107293,20.6694458,0.652104724,4
Canada,19.56785732,18.79613333,0.678984822,4
Canada,18.20037068,21.83156007,0.578376847,4
Canada,15.57238445,11.58820059,0.279009902,4
Canada,17.59068519,21.70621728,0.508092453,4
Canada,15.07231323,12.74313603,0.260655366,4
Canada,18.78628337,22.46921485,0.639627138,4
Canada,19.16655626,151.110563,1.012105378,4
Canada,19.77994065,84.47567738,1.090218039,4
Canada,18.15160609,5.265387736,0.232916288,4
Canada,14.5235115,9.046677784,0.209012793,4
Canada,18.19350272,16.79988569,0.515670281,4
Canada,19.9121024,19.17876798,0.718817968,4
Canada,19.73586383,50.60297428,0.988737974,4
Canada,19.52123168,26.86007845,0.781528344,4
Canada,15.63303484,3.621510281,0.135475405,4
Canada,17.26088211,6.404004271,0.25702211,4
Canada,17.08108487,16.99446812,0.426265817,4
Canada,14.09926692,3.055774344,0.100859333,4
Canada,15.1711022,191.8981411,0.374695507,5
Canada,13.4930803,32.7626366,0.218555553,5
Canada,10.30968978,1.889378982,0.042376829,5
Canada,18.71148375,10.35747309,0.428514491,5
Canada,17.11033104,12.45299514,0.37925078,5
Canada,8.763015665,1.053187331,0.020295487,5
Canada,19.18956035,11.68871963,0.488411567,5
Canada,11.63697341,29.36749928,0.13269268,5
Canada,18.04591714,17.49084144,0.511060935,5
Canada,16.1802453,25.94797829,0.402096271,5
Canada,10.58645362,1.535665311,0.036857199,5
Canada,11.60741355,3.209050815,0.074584861,5
Canada,7.942295607,5.205100356,0.038575018,5
Canada,18.35340987,9.976994894,0.398410646,5
Canada,18.70351426,11.99553867,0.467788444,5
Canada,10.0025394,62.61799748,0.086808245,5
Canada,11.34393629,1.531250564,0.039892388,5
Canada,4.238208438,1.195416868,0.008026726,5
Canada,17.99551261,45.2286738,0.660063886,5
Canada,10.73459015,1.718140854,0.041504156,5
Canada,14.70196989,4.442852708,0.14561916,5
Canada,18.60579145,10.6907273,0.432077956,5
Canada,18.22551862,6.186540523,0.27189783,5
Canada,15.49421612,98.40071397,0.392661544,5
Canada,17.35571967,6.515586104,0.262833131,5
Canada,18.48921466,76.59863937,0.800565826,5
Canada,16.05193926,40.42515213,0.415721904,5
Canada,9.944501671,2.169372265,0.043965657,5
Canada,19.17054849,128.6107644,0.983255379,5
Canada,19.48725885,28.04542111,0.786127701,5
Canada,19.69721076,9.919713402,0.459428948,5
Canada,19.12429716,45.75252887,0.851099387,5
Canada,18.9270436,65.94848166,0.87382076,5
Canada,18.36564693,5.190136677,0.232914584,5
Canada,19.65032797,16.55978766,0.643773472,5
Canada,15.9256208,45.88443796,0.41218815,5
Canada,18.27455399,12.09959107,0.443502768,5
Canada,18.11087351,69.25643224,0.727033013,5
Canada,18.93655468,10.38733471,0.442069813,5
Canada,10.32274836,6.9017582,0.077092698,5
Canada,19.8328608,30.13837136,0.860754077,5
Canada,16.56680184,6.572103982,0.241268587,5
Canada,15.51422125,23.86956262,0.340151792,5
Canada,19.70263892,7.082923532,0.341769873,5
Canada,16.67057749,10.81455123,0.32990623,5
Canada,19.61553926,28.78158976,0.822597733,5
Canada,17.31284009,6.610054667,0.264388005,5
Canada,19.54678417,35.20761927,0.858803937,5
Canada,19.80744327,7.022012778,0.341140226,5
Canada,17.29333237,36.23596112,0.546650475,5
Canada,19.92696611,19.51293423,0.732528968,5
Canada,16.31092692,12.16946029,0.326255893,5
Canada,16.60268676,10.26840231,0.316286726,5
Canada,19.90320483,9.919713402,0.469118449,5
Canada,19.54704563,18.68821802,0.674773073,5
Canada,17.47085404,26.02278889,0.526971424,5
Canada,18.09448587,8.418433931,0.343882852,5
Canada,19.97008054,45.2286738,1.006101549,5
Canada,19.19618486,9.230841849,0.415334281,5
Canada,15.19674194,12.81672141,0.270417709,5
Canada,13.38223999,3.684610606,0.107098457,5
Canada,16.66793851,16.89689681,0.397126959,5
Canada,16.1690349,4.970775007,0.187153827,5
Canada,17.37147777,13.49840861,0.408239351,5
Canada,18.35414127,25.87338276,0.625956846,5
Canada,9.91842218,2.05389456,0.042249004,5
Canada,16.79146194,16.94561224,0.404679982,5
Canada,17.02900649,12.85367329,0.37972116,5
Canada,17.3776291,366.7677135,0.667199009,5
Canada,9.721425487,3.218302827,0.051991208,5
Canada,6.41129414,1.303253072,0.01568426,5
Canada,15.84920766,18.74209801,0.345432796,5
Canada,19.44137198,73.36118985,0.990157915,5
Canada,16.26151516,18.74209801,0.373802665,5
Canada,8.582266505,3.190626508,0.040078733,5
Canada,19.12795294,53.75670094,0.872193544,5
Canada,16.85271425,8.614574049,0.298673637,5
Canada,9.806295707,2.778823515,0.049422621,5
Canada,16.92629546,16.22940416,0.407011073,5
Canada,17.55555277,12.96516937,0.415189535,5
Canada,19.99034078,83.02900003,1.142225088,5
Canada,16.23973737,24.4961185,0.400810767,5
Canada,18.91581972,10.81455123,0.451508197,5
Canada,19.12931467,10.12164994,0.440995161,5
Canada,17.99450736,68.2666438,0.706474314,5
Canada,16.86059792,5.497750747,0.217579458,5
Canada,17.26877121,81.60709756,0.603020997,5
Canada,14.3508292,7.567801678,0.187320009,5
Canada,19.85482049,8.132565258,0.393906346,5
Canada,18.57700725,47.63426626,0.756421238,5
Canada,17.99572582,5.806855048,0.252457457,5
Canada,17.41050644,6.881916951,0.27515698,5
Canada,18.46715892,12.77987575,0.471732658,5
Canada,12.8928149,4.956484969,0.117662976,5
Canada,17.30870244,54.06711959,0.588972196,5
Canada,19.83256798,42.33081832,0.965528769,5
Canada,17.12333683,5.235157264,0.214448104,5
Canada,13.79129374,4.692646659,0.132434423,5
Canada,15.27324851,5.497750747,0.181192999,5
Canada,8.405029267,1.269918775,0.022963506,5
Canada,17.70629121,19.91016085,0.508337497,5
Canada,17.1254753,4.255075073,0.176568754,5
Canada,9.606703433,1.376526879,0.029427511,5
Canada,19.52188681,27.24951894,0.79265864,5
Canada,16.0836744,14.71607349,0.334818867,5
Canada,19.22322116,11.32435573,0.483445878,5
Canada,19.12244748,41.24809073,0.819631948,5
Canada,19.72368206,55.167769,1.005767616,5
Canada,16.31064668,7.655454731,0.25706341,5
Canada,15.66674442,79.74903404,0.403959974,5
Canada,19.77165806,6.744616169,0.327466605,5
Canada,15.06014405,18.58092228,0.289513757,5
Canada,16.14461609,31.55911247,0.411436665,5
Canada,19.00081611,11.65511677,0.479478084,5
Canada,17.79526916,13.53732587,0.436383842,5
Canada,16.79627709,14.71607349,0.386286263,5
Canada,19.38635478,11.35700497,0.492346998,5
Canada,18.02134089,9.721805694,0.376401648,5
Canada,19.43993295,55.6463085,0.933871586,5
Canada,12.48195661,2.007130655,0.058375977,5
Canada,13.132369,2.018720852,0.062206917,5
Canada,18.97297946,13.57635532,0.521626894,5
Canada,17.41533333,14.01317786,0.418074578,5
Canada,14.19367428,11.96105376,0.215651639,5
Canada,8.346945263,2.918208238,0.036393673,5
Canada,17.82298181,5.593542236,0.241322333,5
Canada,17.37780687,25.43029147,0.51577572,5
Canada,19.11356649,188.0695908,0.995144141,5
Canada,15.1747897,5.042845572,0.168769766,5
Canada,12.36086701,2.548892902,0.071133238,5
Canada,19.8348315,8.917385864,0.427063235,5
Canada,12.85061184,1.933399404,0.058132449,5
Canada,19.05421893,138.6070902,0.9648307,5
Canada,13.84628154,2.778823515,0.090391166,5
Canada,16.17123076,7.833818286,0.256419177,5
Canada,17.68319591,7.856403961,0.311815743,5
Canada,18.64870481,19.01383704,0.587612531,5
Canada,12.23029532,4.546366219,0.100379301,5
Canada,16.09140627,9.582865085,0.280119065,5
Canada,19.81732035,15.81429233,0.640625443,5
Canada,11.53677894,2.754926569,0.06675662,5
Canada,19.07687201,11.19469467,0.470208929,5
Canada,19.15202554,11.16251204,0.474721172,5
Canada,16.46556161,5.115961079,0.197630982,5
Canada,19.22389191,95.88384394,0.970932225,5
Canada,16.65036926,51.33665966,0.492795105,5
Canada,18.29370931,6.842405407,0.298797363,5
Canada,19.82582658,18.58092228,0.705091906,5
Canada,19.12272892,10.72154973,0.459601676,5
Canada,14.32950338,16.27619514,0.239120291,5
Canada,15.76741616,22.0844212,0.35402679,5
Canada,14.70432656,19.62561188,0.27007296,5
Canada,17.05183553,4.913860869,0.201428866,5
Canada,14.83660604,5.674642216,0.174460557,5
Canada,19.68644156,8.062627939,0.385761767,5
Canada,16.30108924,4.733351889,0.182491539,5
Canada,18.26524921,18.31537031,0.545174431,5
Canada,14.49811885,5.840386796,0.167751418,5
Canada,19.79453038,22.92662276,0.770121655,5
Canada,17.81722593,30.05172925,0.5806811,5
Canada,16.20652643,4.815824676,0.183130758,5
Canada,17.27116125,5.057384597,0.210192209,5
Canada,18.4600608,15.36549787,0.518392955,5
Canada,19.763236,58.77495402,1.021041535,5
Canada,18.09964726,263.3935594,0.783118108,5
Canada,18.74587171,36.23596112,0.743117357,5
Canada,19.08622362,337.3898654,1.007793064,5
Canada,18.97416996,20.14076763,0.635671623,5
Canada,18.3277154,13.73360164,0.480454128,5
Canada,19.36549966,26.55253723,0.75807,5
Canada,16.40805061,12.23973297,0.33330155,5
Canada,19.28619668,10.44731649,0.457987602,5
Canada,16.2118366,5.609668974,0.207449683,5
Canada,12.27929382,1.758171619,0.050175902,5
Canada,15.85670737,12.74313603,0.307750169,5
Canada,12.78494069,21.58159413,0.175162212,5
Canada,11.58158537,4.391983149,0.087161848,5
Canada,17.06611041,79.51977065,0.572653363,5
Canada,13.57374774,5.388065396,0.137966063,5
Canada,12.45132507,2.284755387,0.065504692,5
Canada,18.26032904,9.072760254,0.370588515,5
Canada,16.77103004,5.160338248,0.20505323,5
Canada,16.24296983,6.010972432,0.218128056,5
Canada,11.67572447,1.763240603,0.047516387,6
Canada,17.62529166,14.46405527,0.439837513,6
Canada,10.36575205,15.95146959,0.08989089,6
Canada,16.96644901,7.310818321,0.273716649,6
Canada,17.97902122,112.3343633,0.733179111,6
Canada,19.18509314,8.639410721,0.392750133,6
Canada,18.80080257,37.40186198,0.750022498,6
Canada,17.66645324,4.494311456,0.192930819,6
Canada,18.98793595,85.9475613,0.909090226,6
Canada,17.30964158,8.664319,0.318646362,6
Canada,19.49354943,34.50519381,0.841763007,6
Canada,18.59798538,148.5227385,0.881146126,6
Canada,19.94560101,14.0940971,0.607626295,6
Canada,15.91633156,146.8221901,0.446568503,6
Canada,19.66376123,8.203109232,0.392135421,6
Canada,16.76167428,8.016337512,0.282177047,6
Canada,17.5051994,7.811297539,0.304777077,6
Canada,18.75947552,30.22526328,0.713808504,6
Canada,17.85117782,8.442705111,0.33516014,6
Canada,19.21109728,11.52166859,0.48711128,6
Canada,12.84535688,5.513601309,0.123485006,6
Canada,16.82144391,39.73285638,0.498330381,6
Canada,19.63069376,45.09864991,0.945867382,6
Canada,18.74078753,8.714351203,0.377697995,6
Canada,14.84841349,23.59626206,0.289820111,6
Canada,19.51690477,12.06480703,0.520652127,6
Canada,17.46824804,7.331896136,0.290056798,6
Canada,18.80555866,12.41719513,0.485519585,6
Canada,18.02777828,16.99446812,0.504088744,6
Canada,19.11201919,13.04003688,0.521187739,6
Canada,9.789527983,1.927841246,0.039525073,6
Canada,18.42407822,9.55531616,0.390331514,6
Canada,17.7989081,5.707410499,0.245143153,6
Canada,14.00170278,2.770834922,0.091644792,6
Canada,19.54015731,8.156012251,0.385985125,6
Canada,15.44652358,3.54925771,0.130904213,6
Canada,16.68096211,7.788841536,0.273494415,6
Canada,18.57067619,8.943095573,0.379605769,6
Canada,13.28938366,7.268844301,0.151121106,6
Canada,14.85133988,20.61002505,0.281404733,6
Canada,17.15678941,97.27405026,0.602130627,6
Canada,18.36856819,18.36817534,0.556232372,6
Canada,16.08611857,56.7791056,0.442216483,6
Canada,11.87322367,45.35907255,0.146356663,6
Canada,18.02313793,51.04191756,0.679912226,6
Canada,19.79375328,7.247947748,0.351766423,6
Canada,19.27788157,21.27315762,0.685971509,6
Canada,14.41306433,11.09842407,0.22078089,6
Canada,13.93709156,65.94848166,0.25759095,6
Canada,17.41481518,4.65229148,0.19673917,6
Canada,17.50580435,41.96678756,0.588114491,6
Canada,17.67751458,30.48744503,0.568116182,6
Canada,18.71170253,66.90465939,0.83558384,6
Canada,19.50039315,71.69087251,0.988278615,6
Canada,10.9100443,6.941612478,0.088302067,6
Canada,19.59455765,6.961625835,0.334311557,6
Canada,18.38526588,128.2410327,0.820652163,6
Canada,18.01867844,59.79903471,0.694421782,6
Canada,14.37690118,3.218302827,0.108358779,6
Canada,19.40957493,24.99478828,0.753770119,6
Canada,16.68289374,9.310912558,0.304257782,6
Canada,18.81154177,13.97289262,0.521490893,6
Canada,14.57821447,5.625842206,0.166452229,6
Canada,16.256341,18.85032445,0.376103566,6
Canada,14.34062634,4.970775007,0.149004458,6
Canada,19.55600034,69.0573331,0.99767987,6
Canada,17.84471209,49.16691037,0.647141935,6
Canada,14.13263532,3.508619592,0.113416677,6
Canada,19.91225375,28.69884813,0.868162684,6
Canada,17.75608481,38.605276,0.607650848,6
Canada,14.43781622,9.80613515,0.212037381,6
Canada,17.16166725,7.227111269,0.27756908,6
Canada,18.07123662,14.17548362,0.466580629,6
Canada,15.59310011,7.699661237,0.231847988,6
Canada,18.99160109,7.144362642,0.329431755,6
Canada,14.20012143,5.265387736,0.151952674,6
Canada,19.80757092,79.97895842,1.083842923,6
Canada,16.21825847,12.31041144,0.320827503,6
Canada,19.66735753,9.582865085,0.445316197,6
Canada,19.6591887,100.4038665,1.090755734,6
Canada,19.0805259,82.79030735,0.937415723,6
Canada,14.35134383,6.13333836,0.168802707,6
Canada,18.62666972,5.419178838,0.246932683,6
Canada,16.6860925,89.48246402,0.533104681,6
Canada,12.4540187,4.442852708,0.103558133,6
Canada,18.84856888,10.20944774,0.428628121,6
Canada,17.45075824,6.822734785,0.274854395,6
Canada,16.95425099,33.33348491,0.500091079,6
Canada,12.53991517,1.809524181,0.052935644,6
Canada,18.89896122,27.88440233,0.711495268,6
Canada,10.88361605,4.051836506,0.073007523,6
Canada,17.91523366,36.34043299,0.618877974,6
Canada,17.91068843,9.500455676,0.365775256,6
Canada,16.76322433,30.75190101,0.474112519,6
Canada,19.54122545,12.41719513,0.53216915,6
Canada,9.886950965,2.762869296,0.050054657,6
Canada,17.87246354,369.9491514,0.752302416,6
Canada,19.94306216,37.9441463,0.961107454,6
Canada,18.28908059,179.0866719,0.807773514,6
Canada,16.91826048,23.52842727,0.455398874,6
Canada,19.51021099,25.28428708,0.762204275,6
Canada,19.42018773,9.749834625,0.443242143,6
Canada,15.20557007,5.403599724,0.177522102,6
Canada,10.76248187,1.4331415,0.035098002,6
Canada,17.9276476,24.70860417,0.566657253,6
Canada,18.18972252,128.2410327,0.777190489,6
Canada,18.59150231,19.28951598,0.586213567,6
Canada,16.0144676,18.10566388,0.355899807,6
Canada,19.2303561,7.227111269,0.338619526,6
Canada,18.98017481,142.655517,0.949299331,6
Canada,19.47560113,7.993292057,0.3766107,6
Canada,19.47949371,14.63158326,0.585808039,6
Canada,8.20903998,2.41321296,0.032643577,6
Canada,17.01603649,109.1464217,0.581595918,6
Canada,19.10563988,44.32631878,0.84351936,6
Canada,16.45534346,4.170182282,0.165102464,6
Canada,18.77756613,7.062561466,0.319322239,6
Canada,12.72591639,4.913860869,0.113710974,6
Canada,19.30863182,14.42247384,0.567639129,6
Canada,18.86961571,35.10640402,0.748422016,6
Canada,19.81724283,10.97134988,0.504721345,6
Canada,17.96614106,6.478177796,0.276752398,6
Canada,19.08973606,11.85819273,0.48976718,6
Canada,13.48013593,11.75621627,0.182413898,6
Canada,19.4504294,14.54757811,0.58282848,6
Canada,18.94286398,43.31707916,0.810813245,6
Canada,19.62864214,221.608491,1.132097266,6
Canada,10.46712814,1.376526879,0.032715235,6
Canada,19.07918814,84.96348309,0.938425502,6
Canada,19.80905391,8.274265122,0.398009493,6
Canada,13.93679121,77.26307577,0.26285557,6
Canada,18.67442452,37.9441463,0.747376743,6
Canada,19.17191086,12.48889836,0.511181841,6
Canada,19.43549083,130.8516474,1.055934469,6
Canada,19.64409024,49.73637955,0.952602969,6
Canada,15.91919725,7.924552441,0.249311057,6
Canada,11.26201081,3.642422731,0.074961695,6
Canada,18.19798333,55.167769,0.711148088,6
Canada,12.17887201,120.3705182,0.165535044,6
Canada,17.14710581,6.725226672,0.263508096,6
Canada,18.64822865,14.0940971,0.510511475,6
Canada,17.9364728,15.8598865,0.484515715,6
Canada,18.52149263,39.50473586,0.717481638,6
Canada,18.59721257,6.168755389,0.279179494,6
Canada,17.48680899,23.05901279,0.512139624,6
Canada,19.577614,16.79988569,0.642118402,6
Canada,16.02225306,236.0985247,0.463601699,6
Canada,19.26961289,19.4009035,0.655183298,6
Canada,13.72041646,13.89266925,0.20183826,6
Canada,19.01204483,78.83592743,0.896772643,7
Canada,7.336652224,5.942148292,0.033159923,7
Canada,18.00311505,17.29057565,0.50514584,7
Canada,14.90272533,195.2417282,0.346361552,7
Canada,17.63875605,5.658328693,0.239690284,7
Canada,16.95348733,4.051836506,0.166338157,7
Canada,18.53101919,65.56984787,0.789648593,7
Canada,11.98708367,11.00298137,0.128075654,7
Canada,16.22043938,4.559473844,0.175449767,7
Canada,19.42067714,9.230841849,0.424802722,7
Canada,19.60345352,9.391677821,0.436169851,7
Canada,17.4255096,73.57269745,0.616211723,7
Canada,16.81433957,57.7684111,0.523326859,7
Canada,18.83481774,5.756918053,0.265070516,7
Canada,10.95500534,5.756918053,0.084731981,7
Canada,17.67390475,47.08886575,0.625933684,7
Canada,19.75019224,7.502721136,0.362391874,7
Canada,15.65808779,3.438619297,0.129202708,7
Canada,18.42867727,16.99446812,0.53956933,7
Canada,17.91234608,10.47743714,0.387896334,7
Canada,13.20398946,3.792230473,0.106144533,7
Canada,18.78353551,30.13837136,0.712117567,7
Canada,13.39179238,3.914246411,0.111798573,7
Canada,19.06738877,57.10697716,0.866042433,7
Canada,13.80590352,11.75621627,0.198217031,7
Canada,10.94824885,2.969054397,0.063567257,7
Canada,18.1927384,7.459645333,0.318379185,7
Canada,12.58623465,5.874112172,0.120317431,7
Canada,9.217719777,2.615799191,0.042357107,7
Canada,7.746399386,1.28462744,0.020558094,7
Canada,12.8190475,1.883947374,0.056391055,7
Canada,18.95830815,10.90835944,0.456438316,7
Canada,17.02213602,25.28428708,0.479119078,7
Canada,16.16866642,14.67376756,0.339375663,7
Canada,17.76723984,90.77985764,0.68497578,7
Canada,19.13064216,11.68871963,0.487979213,7
Canada,16.27731599,92.09606199,0.480671093,7
Canada,17.36536021,10.6907273,0.362121501,7
Canada,18.29258655,22.34021106,0.592343389,7
Canada,10.91020385,161.4551911,0.115836624,7
Canada,14.52481667,5.545439659,0.163581035,7
Canada,18.85355919,8.789941739,0.386112638,7
Canada,17.44836098,11.79011061,0.386686173,7
Canada,18.13425522,23.05901279,0.57932057,7
Canada,14.79262548,8.943095573,0.218375095,7
Canada,17.51040856,12.38149804,0.401227057,7
Canada,18.35046457,9.151459722,0.375682686,7
Canada,18.59038634,292.1570725,0.893266005,7
Canada,19.71949615,9.721805694,0.452987648,7
Canada,18.47130192,20.72903786,0.58939604,7
Canada,19.86564038,25.28428708,0.821622627,7
Canada,14.4160443,5.326373387,0.157627677,7
Canada,15.61020702,14.75850139,0.306171895,7
Canada,16.26392344,11.99553867,0.321706027,7
Canada,17.26746355,36.97361997,0.546725357,7
Canada,18.91715465,67.67957368,0.875684545,7
Canada,15.34918763,17.24086852,0.305017269,7
Canada,11.14520539,1.566926993,0.040030469,7
Canada,16.04570451,4.970775007,0.184563475,7
Canada,17.20696495,5.707410499,0.232497484,7
Canada,17.82490332,9.582865085,0.36371368,7
Canada,14.4323023,28.45204772,0.273291611,7
Canada,19.06699389,44.83972245,0.835751193,7
Canada,16.94166485,15.72349682,0.406858921,7
Canada,19.47380556,81.13856205,1.014687462,7
Canada,15.37598332,16.13622535,0.299721923,7
Canada,17.52144791,26.47620371,0.535326661,7
Canada,15.41655904,4.857598384,0.168912517,7
Canada,17.67192118,7.589620402,0.305447596,7
Canada,17.29750245,7.416816844,0.286871557,7
Canada,12.40498076,7.144362642,0.124585451,7
Canada,14.47793179,6.803120713,0.182356766,7
Canada,18.99140398,36.55028121,0.777552288,7
Canada,18.19064921,7.289801101,0.312331748,7
Canada,19.965107,7.438200263,0.364177305,7
Canada,14.64328928,11.89238108,0.236723187,7
Canada,16.22739302,5.205100356,0.195859033,7
Canada,19.99568933,44.58228158,1.012796054,7
Canada,19.46657761,44.96899982,0.905365719,7
Canada,19.41912926,18.79613333,0.666860527,7
Canada,18.66908883,10.50764463,0.430031558,7
Canada,13.27818129,3.993929091,0.11088501,7
Canada,13.5304287,13.19107137,0.18994252,7
Canada,13.78035977,5.028348345,0.138401284,7
Canada,12.53877487,2.047990001,0.059775745,7
Canada,18.3695686,21.21200132,0.58225529,7
Canada,16.00278884,8.442705111,0.260730887,7
Canada,14.95187226,9.862760783,0.232289753,7
Canada,17.82674455,21.3959997,0.527807505,7
Canada,18.06769902,10.20944774,0.391778149,7
Canada,19.81971309,22.21194793,0.770292203,7
Canada,18.96035817,350.2564136,0.982574776,7
Canada,19.35500224,20.43278578,0.680806725,7
Canada,16.79583537,4.122434732,0.167813635,7
Canada,18.86639643,8.789941739,0.386134288,7
Canada,19.11568433,18.05361352,0.617198007,7
Canada,18.6592437,151.110563,0.890121023,7
Canada,17.28704252,15.27727905,0.428714852,7
Canada,15.17681091,15.36549787,0.281741443,7
Canada,17.86935815,57.93496317,0.664161077,7
Canada,12.73441227,3.727287117,0.098199798,7
Canada,16.62240966,4.999478801,0.196434912,7
Canada,13.98285039,45.75252887,0.256835998,7
Canada,14.10311896,55.48633588,0.267435595,7
Canada,12.85629538,3.246219218,0.090971572,7
Canada,16.73157343,178.5718316,0.557533537,7
Canada,11.74920529,2.371885791,0.061927415,7
Canada,16.76966621,31.83286437,0.472464341,7
Canada,13.16146849,3.350667111,0.096990045,7
Canada,13.37411603,2.213534379,0.069674776,7
Canada,15.57151169,10.09255211,0.263500786,7
Canada,12.56407318,4.829709176,0.110152393,7
Canada,17.75194171,17.89835853,0.489032947,7
Canada,19.97329735,23.86956262,0.803624245,7
Canada,15.97415514,19.17876798,0.358672908,7
Canada,15.91219612,48.74409152,0.411583741,7
Canada,14.1302714,5.891047821,0.159013599,7
Canada,15.90403877,3.621510281,0.138322165,7
Canada,19.28624162,10.23888259,0.452698359,7
Canada,18.84878456,24.35547754,0.668941907,7
Canada,18.63169072,6.822734785,0.305991617,7
Canada,16.87855362,75.93991689,0.54530693,7
Canada,16.68679543,31.83286437,0.464678356,7
Canada,15.68826305,10.09255211,0.271115925,7
Canada,17.86510045,12.92789696,0.434513628,7
Canada,6.878015606,2.05389456,0.022072159,7
Canada,12.28947535,1.693585793,0.048253227,7
Canada,18.50042922,305.0500446,0.873074931,7
Canada,14.4811083,22.02093266,0.261777239,7
Canada,19.36836163,11.35700497,0.491554864,7
Canada,19.05699963,119.3353723,0.946785426,7
Canada,18.09336882,14.92943976,0.484589275,7
Canada,14.28353763,11.89238108,0.217249646,7
Canada,16.86417922,67.67957368,0.545043349,7
Canada,11.92000606,2.876502237,0.072901248,7
Canada,14.5166499,2.835392285,0.097935435,7
Canada,8.648533449,4.391983149,0.04482833,7
Canada,18.169626,10.93980932,0.413327961,7
Canada,18.28296959,24.56674324,0.605603672,7
Canada,16.19168446,18.31537031,0.365766027,7
Canada,19.12765116,56.45311647,0.874272862,7
Canada,15.8247893,27.24951894,0.375653069,8
Canada,16.86803312,31.19776848,0.479816477,8
Canada,19.94378743,26.40008963,0.843856698,8
Canada,14.6692223,11.09842407,0.230608939,8
Canada,19.96007106,8.370100694,0.407010582,8
Canada,19.2731665,12.8907317,0.529903959,8
Canada,19.06591362,35.10640402,0.77720747,8
Canada,16.48960646,9.098917922,0.292056115,8
Canada,19.14034254,16.18274769,0.586637493,8
Canada,13.10493558,2.071710572,0.063780068,8
Canada,18.64805758,79.74903404,0.844339741,8
Canada,15.82432127,3.539054265,0.134605766,8
Canada,19.48194382,23.59626206,0.737085825,8
Canada,18.95089584,12.13447539,0.487848767,8
Canada,13.47718606,4.158193797,0.117658104,8
Canada,17.86977744,22.27598718,0.539983654,8
Canada,16.81775302,4.206355521,0.170927688,8
Canada,6.501256557,1.062322951,0.013969442,8
Canada,14.35253127,9.80613515,0.20920148,8
Canada,15.25466057,6.961625835,0.208713071,8
Canada,17.8045925,11.96105376,0.411229636,8
Canada,17.08750822,42.57525809,0.536605493,8
Canada,19.32640993,9.204304925,0.418592983,8
Canada,15.19712463,4.733351889,0.161645797,8
Canada,18.42938478,8.442705111,0.358019868,8
Canada,18.25394591,18.36817534,0.547135466,8
Canada,19.14421913,7.589620402,0.349943233,8
Canada,17.05838552,153.3014938,0.593549219,8
Canada,11.84877474,2.030377978,0.055196765,8
Canada,19.29868225,6.764061566,0.31976619,8
Canada,17.50178877,4.455661893,0.189328297,8
Canada,13.76435514,8.156012251,0.172881354,8
Canada,18.09877451,10.20944774,0.392525007,8
Canada,19.67586972,11.82410267,0.524298264,8
Canada,11.9177147,3.341034577,0.080248881,8
Canada,19.71967994,7.993292057,0.383820978,8
Canada,16.5213124,13.6154973,0.356319012,8
Canada,13.75211546,4.928028018,0.135424547,8
Canada,18.9285698,65.00596928,0.861198505,8
Canada,12.89371728,3.674018048,0.099679267,8
Canada,18.26034967,36.13178958,0.675964361,8
Canada,19.43864666,14.13473178,0.573082462,8
Canada,19.77846146,119.3353723,1.125847009,8
Canada,19.77774298,36.8673278,0.915557807,8
Canada,18.18370823,43.4419666,0.686050955,8
Canada,19.06757275,55.48633588,0.860809748,8
Canada,16.19374509,6.744616169,0.233408996,8
Canada,14.94110053,11.92666799,0.251610956,8
Canada,18.50539188,19.68219446,0.58805999,8
Canada,19.28016212,6.38559397,0.30133254,8
Canada,19.8806065,61.36870893,1.06057764,8
Canada,14.92423291,3.590366513,0.12573084,8
Canada,19.33989723,6.330680015,0.300150526,8
Canada,19.46387312,9.527846433,0.436117895,8
Canada,16.03509106,111.6894116,0.458876039,8
Canada,10.72457848,18.90467181,0.099895845,8
Canada,11.94506213,20.19883547,0.140632089,8
Canada,17.92752758,70.26057148,0.69695251,8
Canada,14.93778136,25.50360952,0.300317392,8
Canada,18.92022695,16.84832142,0.582520169,8
Canada,18.45952726,102.7431646,0.81975879,8
Canada,19.87352175,10.59879065,0.491674765,8
Canada,18.5995911,10.18009751,0.415124046,8
Canada,19.8050627,19.17876798,0.707355664,8
Canada,11.08478468,1.708276394,0.043169336,8
Canada,16.99503929,5.740368002,0.229272773,8
Canada,18.60296111,183.787546,0.883528359,8
Canada,19.70356793,151.5462298,1.129431657,8
Canada,17.02612656,26.32419437,0.479967942,8
Canada,17.78869079,10.62934802,0.386785985,8
Canada,16.20532891,40.89337106,0.433384814,8
Canada,16.53205026,66.71232115,0.496537816,8
Canada,14.34390745,35.41092605,0.273854882,8
Canada,18.19756014,6.010972432,0.26461722,8
Canada,12.02171695,6.515586104,0.112191599,8
Canada,19.49484862,209.2088947,1.116683078,8
Canada,8.34258142,13.65475213,0.049645516,8
Canada,17.03487094,8.370100694,0.301057099,8
Canada,19.40237286,77.26307577,0.994982963,8
Canada,11.21317747,7.970312854,0.0982333,8
Canada,17.55759083,9.749834625,0.355747597,8
Canada,17.86764813,110.7289203,0.713685688,8
Canada,15.11951689,36.7613412,0.333413719,8
Canada,9.309045996,2.868232838,0.045108898,8
Canada,19.31353247,41.96678756,0.867241125,8
Canada,16.78684321,52.08098265,0.516586461,8
Canada,18.27286557,7.331896136,0.315692876,8
Canada,18.79698859,25.28428708,0.670139482,8
Canada,12.40865664,2.676744394,0.074137499,8
Canada,18.27851668,8.346038237,0.349302233,8
Canada,9.639202435,1.995607,0.039528057,8
Canada,17.90307076,8.250478175,0.331362827,8
Canada,19.03841256,111.0481628,0.953988354,9
Canada,11.15407532,3.9824473,0.077176328,9
Canada,15.97682221,3.642422731,0.139832325,9
Canada,17.22074859,249.372875,0.632811028,9
Canada,19.90910364,22.46921485,0.781059888,9
Canada,16.47975004,5.115961079,0.197728273,9
Canada,9.466137814,1.216245525,0.025726391,9
Canada,19.77121989,75.5039187,1.078215339,9
Canada,17.37908867,198.0725105,0.661169051,9
Canada,17.77391451,30.75190101,0.583549017,9
Canada,16.53280558,37.9441463,0.464518405,9
Canada,14.57619783,2.692201283,0.093473758,9
Canada,14.90543614,4.242842537,0.143894425,9
Canada,17.53903194,42.94456689,0.600766175,9
Canada,17.4114041,29.36749928,0.539865372,9
Canada,18.0909065,7.524352225,0.315643236,9
Canada,12.06693573,2.969054397,0.075982111,9
Canada,13.62439954,21.83156007,0.215652266,9
Canada,16.47698531,4.455661893,0.175905059,9
Canada,18.68138029,55.0091721,0.793014674,9
Canada,18.079855,86.19535665,0.730481921,9
Canada,12.74390943,7.833818286,0.138483859,9
Canada,16.06290999,9.046677784,0.274140493,9
Canada,18.98022383,70.66629191,0.889171306,9
Canada,19.95364664,11.96105376,0.545053752,9
Canada,18.59130272,23.80094214,0.630806973,9
Canada,16.31597956,11.72241937,0.318919735,9
Canada,18.81156444,55.48633588,0.812488032,9
Canada,18.52442377,61.1922855,0.791899693,9
Canada,18.09114746,333.5268353,0.804632204,9
Canada,16.75065596,5.175216015,0.205072641,9
Canada,18.27983132,11.22697009,0.426297395,9
Canada,11.9899991,2.661376248,0.069819062,9
Canada,15.28380775,4.494311456,0.156931342,9
Canada,18.19352122,13.89266925,0.471092067,9
Canada,19.45641779,6.667391991,0.317639899,9
Canada,19.50265271,22.14809278,0.727774236,9
Canada,19.41274721,161.9206824,1.056517523,9
Canada,17.27458229,36.97361997,0.546574366,9
Canada,18.34990211,16.37018221,0.527133274,9
Canada,12.58728622,2.19449873,0.064129772,9
Canada,15.79724259,5.235157264,0.187786471,9
Canada,15.20559392,4.134320121,0.145675847,9
Canada,19.37203298,53.75670094,0.925915041,9
Canada,19.09038087,95.88384394,0.932668865,9
Canada,19.70611474,20.08286674,0.717530693,9
Canada,18.25299186,13.00254924,0.459605435,9
Canada,18.18765647,43.31707916,0.684262441,9
Canada,18.97438713,6.422467651,0.297373024,9
Canada,19.04976646,14.01317786,0.540574217,9
Canada,19.79007377,142.2454094,1.140711972,9
Canada,10.13773474,3.611099124,0.059723382,9
Canada,17.83846574,74.21088605,0.690550279,9
Canada,15.19202327,16.84832142,0.294191204,9
Canada,16.44349737,3.847213487,0.152721333,9
Canada,11.99291481,4.665704498,0.097633521,9
Canada,19.36494273,63.16116218,0.944159553,9
Canada,19.75160863,107.2772487,1.098045483,10
Canada,17.16154545,4.430080346,0.184492458,10
Canada,16.45823266,13.53732587,0.348629741,10
Canada,18.48081301,7.502721136,0.328146147,10
Canada,10.67142288,5.707410499,0.079721013,10
Canada,16.41186682,8.943095573,0.286234395,10
Canada,16.52876119,131.6072517,0.525963503,10
Canada,18.28431366,73.15029031,0.758131981,10
Canada,18.69112092,7.459645333,0.333324949,10
Canada,16.21061447,4.599023899,0.17637901,10
Canada,19.94073912,91.83130323,1.14338222,10
Canada,14.37510379,5.101253658,0.15193052,10
Canada,17.57247457,97.27405026,0.663634349,10
Canada,14.84457195,19.62561188,0.28281261,10
Canada,19.55035578,9.151459722,0.425490752,10
Canada,7.242180265,7.811297539,0.033306827,10
Canada,12.63949628,6.842405407,0.130002932,10
Canada,19.65787234,15.95146959,0.627540724,10
Canada,14.90705245,80.2095457,0.335745652,10
Canada,16.04844236,3.925531572,0.150993169,10
Canada,19.00132699,6.725226672,0.310989208,10
Canada,19.52175813,91.83130323,1.033952921,10
Canada,15.46709185,8.994737574,0.246263172,10
Canada,19.85977638,10.81455123,0.498312321,10
Canada,17.36036097,8.943095573,0.326658623,10
Canada,15.28666065,52.23113729,0.358109478,10
Canada,15.5473617,224.8215613,0.414548866,10
Canada,17.84372673,65.75889225,0.672441968,10
Canada,18.85675994,19.62561188,0.618035694,10
Canada,19.29955379,11.19469467,0.484054939,10
Canada,16.351726,99.54042711,0.491413226,10
Canada,19.74692084,8.789941739,0.418769687,10
Canada,19.95348615,33.14210547,0.911111028,10
Canada,18.27881818,59.45570709,0.74512881,10
Canada,16.5502577,7.788841536,0.269572141,10
Canada,10.77052317,6.404004271,0.083766787,10
Canada,18.02886765,17.44055857,0.509480827,10
Canada,15.3989355,3.781328527,0.137755028,10
Canada,10.99743701,11.92666799,0.102330037,10
Canada,18.72533009,6.367236595,0.289999505,10
Canada,15.58508715,82.79030735,0.397175738,10
Canada,18.35244973,36.23596112,0.690287065,10
Canada,15.27198912,113.3087806,0.376503591,10
Canada,16.05893426,5.513601309,0.200687893,10
Canada,19.18617202,73.36118985,0.933863508,10
Canada,19.94015408,205.0349785,1.228265176,10
Canada,8.283458689,4.242842537,0.040381405,11
Canada,18.84102968,24.85128427,0.670582637,11
Canada,17.80133944,16.60753117,0.484138794,11
Canada,15.07720075,12.74313603,0.260754826,11
Canada,18.39897498,5.311061071,0.238191816,11
Canada,18.71942119,7.268844301,0.32695939,11
Canada,19.34345057,13.19107137,0.538291335,11
Canada,19.23325874,7.993292057,0.3687568,11
Canada,14.84043665,9.500455676,0.226487452,11
Canada,18.7007066,10.09255211,0.421101849,11
Canada,14.76371939,5.908032296,0.176735903,11
Canada,15.82232963,3.936849269,0.148470892,11
Canada,13.92668164,2.365067068,0.078016356,11
Canada,14.44958225,14.88652045,0.239901804,11
Canada,15.01030813,53.60216059,0.335298231,11
Canada,17.94006886,8.866187966,0.350614428,11
Canada,19.11725948,71.48477481,0.913906493,11
Canada,19.44328049,7.206334691,0.342160779,11
Canada,19.03677433,6.881916951,0.318814523,11
Canada,19.87512801,172.507985,1.195921921,11
Canada,18.83259942,25.35718419,0.68406061,12
Canada,17.32817923,5.403599724,0.224032967,12
Canada,12.92077412,10.12164994,0.154766304,12
Canada,18.21498298,38.05354305,0.669056886,12
Canada,15.70573248,9.072760254,0.25602473,12
Canada,14.52296677,6.921656654,0.184084303,12
Canada,16.20706975,8.156012251,0.264928192,12
Canada,15.05604498,5.419178838,0.174146162,12
Canada,15.63298015,18.85032445,0.331656506,12
Canada,16.15877494,5.101253658,0.191062532,12
Canada,19.0710398,325.932961,1.003444,13
Australia,17.567,10.29800713,0.351727003,2
Australia,14.479,5.34172985,0.153327962,2
Australia,12.981,3.302780562,0.090582982,2
Australia,14.446,14.50575657,0.222986972,2
Australia,6.512,2.893112631,0.020723086,2
Australia,16.924,16.08983676,0.384089868,2
Australia,12.3,8.714351203,0.121266552,2
Australia,17.928,20.9088469,0.506790235,2
Australia,15.367,5.561427712,0.178727816,2
Australia,11.082,34.4059979,0.105539895,2
Australia,16.475,4.040188242,0.15951682,2
Australia,19.844,8.109185671,0.388448533,2
Australia,16.241,89.48246402,0.43826982,2
Australia,14.824,4.230645167,0.138845664,2
Australia,11.419,1.708276394,0.044444198,2
Australia,13.381,2.024541025,0.063877874,2
Australia,16.002,3.781328527,0.144366316,2
Australia,13.992,3.274377763,0.1034354,2
Australia,13.074,2.169372265,0.066141049,2
Australia,17.428,4.098766361,0.173678778,2
Australia,14.328,6.629112111,0.16591023,2
Australia,15.832,3.759618569,0.141200067,2
Australia,16.163,18.85032445,0.344785864,2
Australia,18.269,6.010972432,0.26372314,2
Australia,10.641,7.331896136,0.077989785,2
Australia,18.344,25.65088039,0.585806254,2
Australia,18.857,17.44055857,0.558114637,2
Australia,10.168,6.186540523,0.067211253,2
Australia,17.689,5.403599724,0.227958503,2
Australia,19.259,178.5718316,0.954179445,2
Australia,17.141,4.230645167,0.17534224,3
Australia,15.183,7.611502031,0.206892444,3
Australia,16.66,6.9017582,0.244449495,3
Australia,19.689,12.66997313,0.529326408,3
Australia,17.767,25.57713896,0.514797284,3
Australia,9.294,1.851684076,0.034166432,3
Australia,12.271,24.70860417,0.143138461,3
Australia,16.97,6.240204175,0.237294011,3
Australia,18.139,6.862132741,0.290333397,3
Australia,11.819,2.608279263,0.06525335,3
Australia,16.574,14.01317786,0.339832371,3
Australia,16.353,8.109185671,0.256620723,3
Australia,15.61,3.54925771,0.131602688,3
Australia,19.478,8.614574049,0.394855742,3
Australia,19.097,398.7036051,0.925444045,3
Australia,19.173,38.605276,0.766858806,3
Australia,18.953,8.346038237,0.366095712,3
Australia,16.442,7.227111269,0.243886368,3
Australia,11.136,5.790161438,0.083242,3
Australia,8.665,1.522459107,0.026742791,3
Australia,18.595,55.6463085,0.716639522,3
Australia,17.072,25.79900168,0.451715444,3
Australia,18.611,13.38232685,0.471705023,3
Australia,19.146,19.62561188,0.610523844,3
Australia,17.564,14.21635295,0.406136574,3
Australia,14.386,14.21635295,0.218934978,3
Australia,18.294,21.89450262,0.549529892,3
Australia,16.673,14.92943976,0.356381611,3
Australia,18.259,24.35547754,0.567828767,3
Australia,17.935,14.71607349,0.442701169,3
Australia,12.797,3.869429263,0.09724164,3
Australia,13.511,10.90835944,0.169375334,3
Australia,19.557,38.71657884,0.831644825,3
Australia,14.283,21.83156007,0.23226178,3
Australia,10.091,19.12363265,0.077733505,3
Australia,18.612,18.52750564,0.545536718,3
Australia,19.259,26.32419437,0.696606623,3
Australia,17.192,7.811297539,0.282997212,3
Australia,16.796,4.706176025,0.187070651,3
Australia,18.282,5.942148292,0.260851693,3
Australia,19.5,8.418433931,0.388170515,3
Australia,17.752,8.714351203,0.326875811,3
Australia,15.612,7.022012778,0.211483203,3
Australia,19.31,6.276238301,0.29587495,3
Australia,17.278,35.30912633,0.500257361,3
Australia,19.617,12.70650192,0.529265199,3
Australia,15.79,5.280568372,0.183178199,3
Australia,18.408,5.042845572,0.226538948,3
Australia,18.34,10.90835944,0.405085644,3
Australia,17.429,10.38733471,0.344530558,3
Australia,17.798,58.60598715,0.601098716,3
Australia,14.095,171.0244745,0.255023034,3
Australia,19.111,23.32609073,0.65325471,3
Australia,17.24,13.77319698,0.380242835,3
Australia,19.083,8.370100694,0.371181711,3
Australia,15.311,72.73030836,0.339838245,3
Australia,18.725,10.09255211,0.405782433,3
Australia,18.32,25.87338276,0.579864322,3
Australia,15.936,291.3171762,0.419603713,3
Australia,14.533,5.357130588,0.154204606,3
Australia,17.921,37.7262954,0.577148671,3
Australia,3.882,1.380495543,0.00698779,3
Australia,13.965,14.80105162,0.200043302,3
Australia,15.791,4.040188242,0.149785865,3
Australia,19.369,40.77581035,0.805182232,3
Australia,19.381,12.70650192,0.513876695,3
Australia,12.781,4.507269002,0.104623174,3
Australia,9.673,6.572103982,0.059837756,3
Australia,17.911,15.99745926,0.459689434,3
Australia,17.301,6.151021383,0.244241058,3
Australia,14.514,162.3875158,0.282216658,3
Australia,19.438,65.56984787,0.88500781,3
Australia,18.797,17.59184249,0.554085254,3
Australia,16.739,4.267342877,0.171132028,3
Australia,16.385,4.158193797,0.162331225,3
Australia,19.002,36.55028121,0.729115415,3
Australia,19.033,40.42515213,0.754686299,3
Australia,17.206,42.33081832,0.50721196,3
Australia,16.44,3.302780562,0.13132099,3
Australia,7.941,2.27163779,0.028333801,3
Australia,17.768,13.85273046,0.421835495,3
Australia,13.737,21.58159413,0.204137577,3
Australia,15.443,53.14120009,0.343339693,3
Australia,19.923,224.1752418,1.136367272,3
Australia,16.295,25.21159953,0.374253757,3
Australia,19.524,50.31244452,0.860876803,3
Australia,18.779,9.473143662,0.393042291,3
Australia,13.408,5.086588519,0.124625008,3
Australia,19.156,26.47620371,0.688091967,3
Australia,19.732,17.49084144,0.644311342,3
Australia,15.056,8.370100694,0.210735459,3
Australia,17.297,13.00254924,0.375560918,3
Australia,18.169,24.4961185,0.549975597,3
Australia,14.705,4.638917021,0.144983664,3
Australia,17.144,5.625842206,0.224070038,3
Australia,19.206,5.823596788,0.273973052,4
Australia,16.913,7.655454731,0.269160687,4
Australia,19.872,33.04682818,0.83755623,4
Australia,16.59,14.54757811,0.347341139,4
Australia,17.545,5.295792775,0.221824105,4
Australia,18.835,7.268844301,0.324265543,4
Australia,15.319,14.88652045,0.272412458,4
Australia,18.289,7.374234249,0.310345169,4
Australia,19.227,20.31547386,0.632589156,4
Australia,19.904,10.90835944,0.492652719,4
Australia,15.092,10.56832113,0.232989531,4
Australia,15.488,8.565114702,0.228905497,4
Australia,15.801,29.03124871,0.349794669,4
Australia,19.161,13.38232685,0.511667081,4
Australia,14.167,5.691002773,0.150822365,4
Australia,15.884,4.442852708,0.162607221,4
Australia,10.221,3.914246411,0.058989607,4
Australia,14.692,258.8828469,0.299199503,4
Australia,15.94,14.75850139,0.30530786,4
Australia,18.965,22.99272249,0.631872853,4
Australia,18.558,105.1369657,0.769880677,4
Australia,9.667,2.378724173,0.042217163,4
Australia,17.325,75.93991689,0.557922243,4
Australia,17.519,4.520263906,0.192125527,4
Australia,16.017,22.86071305,0.350082514,4
Australia,14.226,2.819113285,0.093985933,4
Australia,18.075,13.26724335,0.430962173,4
Australia,16.633,13.11533671,0.333338852,4
Australia,14.985,14.97248282,0.254196266,4
Australia,11.718,9.919713402,0.109323509,4
Australia,17.635,299.8259492,0.637390092,4
Australia,19.082,24.99478828,0.661992303,4
Australia,19.655,10.53793921,0.466413396,4
Australia,15.389,13.00254924,0.261592349,4
Australia,18.773,52.68420368,0.737678129,4
Australia,19.751,33.62262818,0.818055123,4
Australia,6.426,1.01742376,0.012967517,4
Australia,12.486,6.842405407,0.118040188,4
Australia,16.871,287.9816669,0.537397631,4
Australia,19.996,8.739475543,0.417996282,4
Australia,19.816,10.44731649,0.473651572,4
Australia,15.033,6.981696894,0.193017178,4
Australia,16.631,6.981696894,0.244565848,4
Australia,18.643,9.125151006,0.375669351,4
Australia,19.62,17.49084144,0.632918221,4
Australia,18.621,19.56919195,0.557048302,4
Australia,17.493,7.567801678,0.288244994,4
Australia,17.329,15.01564998,0.402149522,4
Australia,14.756,34.90484561,0.279870427,4
Australia,18.876,63.52588699,0.785012062,4
Australia,18.887,125.6825023,0.84454456,4
Australia,15.978,5.707410499,0.197178264,4
Australia,19.432,47.36078092,0.85273114,4
Australia,19.376,112.9830393,0.941311508,4
Australia,19.807,18.31537031,0.666210106,4
Australia,19.803,49.59339686,0.923225448,4
Australia,16.806,5.674642216,0.218084961,4
Australia,14.03,11.79011061,0.1918874,4
Australia,16.831,58.26950924,0.481866767,4
Australia,14.892,15.72349682,0.250297343,4
Australia,14.144,2.843567002,0.093985794,4
Australia,13.217,2.337987638,0.071884609,4
Australia,5.558,1.002883099,0.002329152,4
Australia,16.803,61.54564101,0.487735303,4
Australia,9.987,2.490858674,0.046002674,4
Australia,19.404,302.426717,0.98956355,4
Australia,10.289,1.995607,0.042691075,4
Australia,16.234,20.84873791,0.360763383,4
Australia,17.252,8.968879405,0.309921816,4
Australia,11.019,2.600780953,0.056942316,4
Australia,18.729,5.513601309,0.252250102,4
Australia,15.055,170.0425619,0.325618744,4
Australia,19.679,6.764061566,0.325679346,4
Australia,17.846,14.67376756,0.433875488,4
Australia,16.351,13.49840861,0.321997059,4
Australia,19.361,13.73360164,0.535389911,4
Australia,19.304,14.29844543,0.542093143,4
Australia,15.161,18.52750564,0.277804417,4
Australia,18.661,18.00171279,0.547518738,4
Australia,19.662,19.4009035,0.660199935,4
Australia,9.142,10.18009751,0.055500562,4
Australia,9.199,2.371885791,0.038332539,4
Australia,18.885,11.72241937,0.454740277,4
Australia,19.36,9.41875496,0.417340747,4
Australia,11.754,14.17548362,0.11713617,4
Australia,19.836,185.9162408,1.095646524,4
Australia,12.769,5.497750747,0.114320705,4
Australia,19.233,20.9088469,0.640863696,4
Australia,17.255,4.533296276,0.188769657,4
Australia,17.842,6.422467651,0.267513449,4
Australia,16.386,33.62262818,0.40680346,4
Australia,19.447,77.70923223,0.925085453,4
Australia,10.195,8.418433931,0.072220037,4
Australia,10.311,8.016337512,0.073337971,4
Australia,18.837,12.85367329,0.480426129,4
Australia,19.813,232.7242881,1.098522846,4
Australia,16.169,5.823596788,0.204649872,4
Australia,18.562,9.020670296,0.370509253,4
Australia,18.633,14.42247384,0.494381446,4
Australia,19.067,266.4442802,0.916658618,4
Australia,19.562,22.92662276,0.704492701,4
Australia,11.905,4.417344703,0.088733763,4
Australia,12.16,1.664582507,0.047022237,4
Australia,16.077,8.418433931,0.252118815,4
Australia,17.315,5.028348345,0.20802022,4
Australia,18.602,5.115961079,0.23221226,4
Australia,11.435,12.52490509,0.105000378,4
Australia,19.395,24.85128427,0.696552556,4
Australia,18.216,7.481152231,0.312130737,4
Australia,19.667,25.35718419,0.738230715,4
Australia,19.459,12.41719513,0.508733919,4
Australia,19.585,21.64381601,0.689414447,4
Australia,17.392,5.130710903,0.213107376,4
Australia,14.147,21.83156007,0.22631533,4
Australia,15.651,174.0043638,0.385578478,4
Australia,19.062,234.068157,0.899439043,4
Australia,17.587,14.0940971,0.408867234,4
Australia,18.215,21.15102082,0.531140777,4
Australia,19.349,9.55531616,0.420829681,4
Australia,12.981,7.993292057,0.137793491,4
Australia,17.876,5.92506574,0.250653691,4
Australia,17.864,42.45286227,0.583723036,4
Australia,15.083,9.284145445,0.219131808,4
Australia,13.234,5.295792775,0.122663558,4
Australia,18.08,7.416816844,0.304934183,4
Australia,19.561,90.77985764,0.968088243,4
Australia,13.989,5.773515819,0.147486414,4
Australia,15.361,6.348931994,0.193164674,4
Australia,19.898,26.40008963,0.783447387,4
Australia,5.581,1.900289221,0.013886174,4
Australia,19.025,17.19130428,0.569117457,4
Australia,17.837,9.834407211,0.355132351,4
Australia,19.377,12.48889836,0.504778017,4
Australia,13.709,6.45955426,0.146956872,4
Australia,16.752,8.370100694,0.277616377,4
Australia,12.823,14.80105162,0.152392834,4
Australia,19.713,15.23335977,0.592462689,4
Australia,19.44,21.09021564,0.669716145,4
Australia,16.414,19.4009035,0.365679955,4
Australia,19.203,32.9518248,0.74380331,4
Australia,17.829,14.13473178,0.424346048,4
Australia,17.731,6.348931994,0.261503592,4
Australia,13.444,7.970312854,0.150386093,4
Australia,19.148,9.777944366,0.419981434,4
Australia,19.498,9.665989334,0.431731281,4
Australia,18.301,13.69412014,0.453524769,4
Australia,17.186,22.0844212,0.441280348,4
Australia,12.215,2.41321296,0.065252005,4
Australia,18.741,23.66429243,0.61586977,4
Australia,16.173,396.4145052,0.446966437,4
Australia,12.549,7.268844301,0.120850674,4
Australia,17.7,33.81678241,0.544933043,4
Australia,11.794,1.566926993,0.042731037,4
Australia,17.095,13.19107137,0.363504468,4
Australia,13.211,16.18274769,0.170276062,4
Australia,15.991,8.062627939,0.243519481,4
Australia,19.235,7.459645333,0.343264359,4
Australia,19.653,21.09021564,0.683545003,4
Australia,17.202,9.582865085,0.31904405,4
Australia,14.295,2.876502237,0.096266255,4
Australia,19.906,13.6154973,0.573956117,4
Australia,12.3,9.777944366,0.125407258,4
Australia,12.628,2.232735149,0.064709507,4
Australia,16.414,3.218302827,0.127535403,4
Australia,18.083,4.80198009,0.211439073,4
Australia,14.613,2.977614476,0.102296963,4
Australia,18.124,136.6261667,0.698186788,4
Australia,19.901,13.85273046,0.577223126,4
Australia,15.295,7.76645009,0.211327089,4
Australia,12.618,1.659797147,0.048792755,4
Australia,19.494,39.05241645,0.821751416,4
Australia,19.713,22.27598718,0.70966387,4
Australia,17.892,15.27727905,0.445620985,4
Australia,18.435,39.61863193,0.661875392,4
Australia,19.734,36.23596112,0.845811613,4
Australia,17.806,21.45768649,0.49276636,4
Australia,19.411,21.27315762,0.664682652,5
Australia,18.173,6.186540523,0.267780427,5
Australia,18.784,5.942148292,0.271420763,5
Australia,19.679,10.00575956,0.450669731,5
Australia,16.419,12.34590358,0.312873531,5
Australia,19.395,14.58952022,0.555036449,5
Australia,10.824,2.469438129,0.053728625,5
Australia,5.733,2.571002658,0.015846718,5
Australia,19.037,19.62561188,0.600094133,5
Australia,19.043,19.34512957,0.600624543,5
Australia,14.296,82.55230087,0.26347721,5
Australia,18.312,61.01636925,0.694363768,5
Australia,13.768,13.42090943,0.188778336,5
Australia,11.388,54.37933076,0.118623682,5
Australia,16.937,5.609668974,0.218167517,5
Australia,18.29,5.740368002,0.25358912,5
Australia,19.184,66.71232115,0.849201344,5
Australia,18.679,20.02513229,0.570101613,5
Australia,19.359,55.9676387,0.856978834,5
Australia,16.228,6.478177796,0.220490087,5
Australia,19.136,34.11011792,0.738583344,5
Australia,17.825,9.862760783,0.356186284,5
Australia,17.727,16.41737907,0.448522775,5
Australia,19.486,7.856403961,0.365955619,5
Australia,19.269,242.994475,0.958380292,5
Australia,19.902,28.12627885,0.803689995,5
Australia,12.335,33.91427955,0.148698539,5
Australia,18.254,4.760684681,0.21212565,5
Australia,17.963,24.21564404,0.534881429,5
Australia,15.148,8.789941739,0.218817849,5
Australia,15.28,4.122434732,0.143743179,5
Australia,18.18,11.48854597,0.410430137,5
Australia,19.23,58.94440805,0.845565573,5
Australia,18.768,8.739475543,0.371730819,5
Australia,19.175,20.6694458,0.631982904,5
Australia,16.461,12.56101564,0.318655503,5
Australia,18.305,25.65088039,0.574774372,5
Australia,9.29,5.057384597,0.051064708,5
Australia,14.625,3.539054265,0.118185808,5
Australia,18.212,50.60297428,0.651908639,5
Australia,12.554,3.621510281,0.08968948,5
Australia,18.456,5.92506574,0.263988546,5
Australia,18.189,21.51955113,0.530487531,5
Australia,19.546,30.22526328,0.769022607,5
Australia,19.535,24.77984153,0.720934063,5
Australia,18.005,14.05357924,0.436083361,5
Australia,14.956,3.716571871,0.12762622,5
Australia,14.874,8.968879405,0.208275938,5
Australia,19.22,35.51301926,0.751747807,5
Australia,7.909,1.846360834,0.02554901,5
Australia,18.563,21.33449025,0.57553174,5
Australia,15.437,6.294333319,0.194045806,5
Australia,12.353,101.5667809,0.156638721,5
Australia,14.535,27.17118173,0.254072231,5
Australia,17.131,176.5272286,0.555238915,5
Australia,19.835,32.9518248,0.835429031,5
Australia,17.928,36.8673278,0.576217873,5
Australia,13.696,7.416816844,0.155046924,5
Australia,18.005,6.842405407,0.285961792,5
Australia,17.58,205.0349785,0.630110208,5
Australia,17.784,5.250250742,0.22483713,5
Australia,18.781,30.31240572,0.660342028,5
Australia,18.135,13.53732587,0.440604342,5
Australia,19.207,7.481152231,0.343543358,5
Australia,10.984,2.434145793,0.054394202,5
Australia,15.356,62.97958578,0.339765032,5
Australia,19.932,8.840699352,0.421243065,5
Australia,15.341,5.450471945,0.176202673,5
Australia,12.399,6.783563027,0.11566253,5
Australia,19.842,157.3255287,1.064851228,5
Australia,19.561,10.12164994,0.450261172,5
Australia,19.405,40.07750945,0.808110835,5
Australia,13.495,18.63449293,0.188969921,5
Australia,18.429,121.065599,0.751303423,5
Australia,19.945,94.24179749,1.056668127,5
Australia,19.361,48.88462557,0.842630175,5
Australia,17.648,8.491457603,0.316766175,5
Australia,16.411,6.862132741,0.236005844,5
Australia,17.505,66.90465939,0.569638624,5
Australia,19.937,12.27502133,0.5346901,5
Australia,11.615,1.728062277,0.045968655,5
Australia,18.593,31.65010053,0.651416732,5
Australia,19.568,13.73360164,0.552137063,5
Australia,17.472,7.227111269,0.28013663,5
Australia,13.153,20.37404539,0.173656953,5
Australia,17.086,30.39979939,0.462286003,5
Australia,14.499,2.994808743,0.101670997,5
Australia,19.717,19.28951598,0.667979782,5
Australia,19.457,7.524352225,0.353235753,5
Australia,12.76,8.109185671,0.131135734,5
Australia,16.241,13.9327232,0.31715812,5
Australia,17.184,42.69800679,0.501188581,5
Australia,16.084,28.86456994,0.370211994,5
Australia,17.983,9.693857341,0.359599358,5
Australia,16.138,8.639410721,0.256034429,5
Australia,17.545,4.843633707,0.204973978,5
Australia,15.163,4.379357028,0.148552883,5
Australia,15.194,9.919713402,0.23127006,5
Australia,15.886,28.94778936,0.354003201,5
Australia,16.868,26.78286081,0.436532631,5
Australia,19.295,7.374234249,0.34193498,5
Australia,19.406,9.098917922,0.410354973,5
Australia,15.426,17.04346486,0.286055569,5
Australia,17.102,4.442852708,0.182537254,5
Australia,16.528,3.727287117,0.148838614,5
Australia,18.219,11.03470406,0.403791569,5
Australia,15.4,2.794869861,0.103153153,5
Australia,16.196,8.639410721,0.259812967,5
Australia,15.435,60.49164905,0.344404065,5
Australia,15.497,20.78880174,0.301884607,5
Australia,19.441,36.02791752,0.792370274,5
Australia,13.99,13.6154973,0.199208619,5
Australia,15.664,6.9017582,0.21253898,5
Australia,19.145,5.840386796,0.273355447,5
Australia,15.656,20.49169553,0.312381147,5
Australia,12.865,2.351488373,0.069397238,5
Australia,17.946,41.24809073,0.590127715,5
Australia,12.356,8.994737574,0.123305702,5
Australia,15.649,8.540491617,0.234776251,5
Australia,10.029,52.68420368,0.080250143,5
Australia,16.061,10.00575956,0.271089732,5
Australia,13,12.06480703,0.154880292,5
Australia,11.992,3.370015575,0.078437696,5
Australia,8.634,3.748810377,0.040014316,5
Australia,11.943,8.491457603,0.110337878,5
Australia,9.604,1.288331148,0.027441664,5
Australia,19.844,11.72241937,0.512963586,5
Australia,11.721,1.496386429,0.040509938,5
Australia,17.101,3.792230473,0.157538283,5
Australia,18.373,11.19469467,0.411689216,5
Australia,14.099,34.4059979,0.234721214,5
Australia,17.513,17.89835853,0.442363122,5
Australia,11.326,1.540092787,0.039963818,5
Australia,9.082,1.171567166,0.02341455,5
Australia,18.337,52.38172485,0.669148246,5
Australia,14.249,9.230841849,0.186416913,5
Australia,13.296,30.57534336,0.190881562,5
Australia,15.707,4.098766361,0.149579722,5
Australia,17.157,120.3705182,0.558329368,5
Australia,16.432,9.364678523,0.280019206,5
Australia,19.74,202.1046911,1.077273313,5
Australia,19.768,15.5434667,0.6048698,5
Australia,17.116,4.746998612,0.194509952,5
Australia,18.213,5.326373387,0.235597466,5
Australia,17.203,16.37018221,0.404260721,5
Australia,19.974,9.391677821,0.443363904,5
Australia,16.08,3.478446646,0.134605819,5
Australia,15.973,404.4843524,0.425213922,5
Australia,19.933,7.042257938,0.343543672,5
Australia,18.243,19.06865582,0.514583709,5
Australia,15.463,6.330680015,0.195194594,5
Australia,18.94,71.69087251,0.799552512,5
Australia,16.605,20.02513229,0.382878949,5
Australia,18.344,10.26840231,0.390703856,5
Australia,17.644,22.27598718,0.48510167,5
Australia,12.032,5.220107177,0.09704358,5
Australia,15.346,88.96871323,0.347834827,5
Australia,16.362,13.97289262,0.328303265,5
Australia,19.336,17.54126927,0.602955456,5
Australia,13.981,6.961625835,0.159000831,5
Australia,16.349,32.01668359,0.396242714,5
Australia,12.329,2.385582271,0.065721403,5
Australia,18.416,245.8089261,0.77261037,5
Australia,13.88,4.665704498,0.129184825,5
Australia,19.88,30.22526328,0.814134991,5
Australia,19.22,12.8907317,0.506442353,5
Australia,15.581,8.614574049,0.233574638,5
Australia,17.347,25.50360952,0.470035087,5
Australia,14.314,5.642062068,0.153398922,5
Australia,18.09,14.80105162,0.453181231,5
Australia,17.661,5.942148292,0.246558563,5
Australia,19.623,17.44055857,0.631155191,5
Australia,13.937,83.50845188,0.237452466,5
Australia,15.927,4.638917021,0.169349645,5
Australia,18.27,222.2474103,0.753470449,5
Australia,18.209,22.92662276,0.544742587,5
Australia,6.205,3.218302827,0.019368627,5
Australia,18.006,50.8951817,0.619666732,5
Australia,18.066,4.481391161,0.19737962,5
Australia,18.506,7.677526167,0.329246809,5
Australia,18.431,6.941612478,0.301585128,5
Australia,19.942,14.0940971,0.587945174,5
Australia,13.683,6.010972432,0.141116556,5
Australia,18.568,46.28245143,0.702604052,6
Australia,18.974,89.74045085,0.837476322,6
Australia,19.033,24.70860417,0.654547442,6
Australia,15.492,5.372575727,0.177892406,6
Australia,15.574,10.00575956,0.247890737,6
Australia,18.058,8.540491617,0.337319389,6
Australia,17.174,172.507985,0.566181873,6
Australia,17.106,32.01668359,0.477043209,6
Australia,11.754,2.876502237,0.068684834,6
Australia,19.875,43.19255075,0.900045159,6
Australia,14.085,64.2616671,0.244980851,6
Australia,18.216,14.46405527,0.457099024,6
Australia,19.557,7.438200263,0.352293015,6
Australia,16.176,9.891196101,0.275686716,6
Australia,16.57,3.631951455,0.145175154,6
Australia,17.498,47.22462763,0.55504017,6
Australia,16.362,8.943095573,0.270159563,6
Australia,13.929,4.494311456,0.12670514,6
Australia,15.16,5.34172985,0.169813708,6
Australia,19.842,33.33348491,0.845179356,6
Australia,14.263,3.283818119,0.107163926,6
Australia,19.985,13.77319698,0.582014829,6
Australia,19.49,23.32609073,0.7035843,6
Australia,17.92,5.145503251,0.22298273,6
Australia,19.671,23.93838094,0.723010189,6
Australia,18.428,4.706176025,0.211976213,6
Australia,18.339,7.481152231,0.315409511,6
Australia,17.798,7.247947748,0.291485154,6
Australia,18.838,9.151459722,0.387121337,6
Australia,10.893,8.442705111,0.085377393,6
Australia,14.762,2.739109552,0.096214031,6
Australia,16.501,18.63449293,0.370166457,6
Australia,19.323,13.9327232,0.535453224,6
Australia,18.231,36.34043299,0.625119542,6
Australia,16.579,4.341696034,0.171325075,6
Australia,19.676,28.28869435,0.777155407,6
Australia,19.846,42.57525809,0.887871906,6
Australia,17.334,19.73894018,0.439134995,6
Australia,17.745,91.83130323,0.630207554,6
Australia,19.931,9.020670296,0.427388931,6
Australia,15.949,4.57261926,0.167865586,6
Australia,19.245,7.082923532,0.328807698,6
Australia,18.203,4.871603322,0.216072322,6
Australia,13.609,23.19216731,0.199702648,6
Australia,16.374,5.773515819,0.209454393,6
Australia,18.079,6.744616169,0.284541833,6
Australia,7.74,1.738040991,0.023862604,6
Australia,15.63,3.70588743,0.13678916,6
Australia,15.113,7.289801101,0.20000569,6
Australia,19.627,9.230841849,0.42363583,6
Australia,12.495,4.051836506,0.09447713,6
Australia,19.191,8.274265122,0.372013273,6
Australia,19.808,53.75670094,0.931491771,6
Australia,19.37,31.74135091,0.760435134,6
Australia,17.414,11.89238108,0.369289276,6
Australia,14.514,5.101253658,0.14912124,6
Australia,16.38,6.080593718,0.217483144,6
Australia,15.385,3.759618569,0.135170003,6
Australia,12.601,3.209050815,0.084305785,6
Australia,17.926,46.68391738,0.611221766,6
Australia,15.315,3.528880153,0.127097999,6
Australia,18.596,5.071965539,0.230225695,6
Australia,7.285,1.626682617,0.020780074,6
Australia,12.833,4.110583512,0.100893837,6
Australia,16.348,8.515939318,0.26316941,6
Australia,14.262,13.73360164,0.212201808,6
Australia,19.453,56.12899896,0.876702821,6
Australia,13.44,3.458475641,0.10024226,6
Australia,19.746,32.20156428,0.816913076,6
Australia,16.488,3.379731664,0.134613215,6
Australia,14.893,7.082923532,0.188625998,6
Australia,16.574,18.26271709,0.368601488,6
Australia,19.571,7.633446747,0.359931448,6
Australia,13.256,10.44731649,0.15867255,6
Australia,16.459,11.68871963,0.31003594,6
Australia,17.63,7.947399712,0.305022242,6
Australia,19.036,7.164960549,0.326263223,6
Australia,19.785,160.5282192,1.0633933,6
Australia,11.494,18.42113262,0.112551914,6
Australia,19.292,17.44055857,0.598817994,6
Australia,14.44,15.95146959,0.225710722,6
Australia,16.719,4.942236012,0.193972294,6
Australia,19.341,6.862132741,0.322181875,6
Australia,19.175,9.527846433,0.412121881,6
Australia,14.481,92.36158408,0.279175931,6
Australia,16.405,5.265387736,0.196701918,6
Australia,19.646,78.3833022,0.96939232,6
Australia,11.042,2.311218261,0.053342585,6
Australia,19.52,26.70586515,0.734592321,6
Australia,18.382,7.970312854,0.332319351,6
Australia,19.131,11.82410267,0.4728577,6
Australia,10.61,62.79853138,0.094994883,6
Australia,19.237,23.59626206,0.673381447,6
Australia,14.732,13.77319698,0.23503999,6
Australia,19.869,8.179526844,0.392263499,6
Australia,16.855,10.84573065,0.323672757,6
Australia,17.402,29.62224056,0.493053909,6
Australia,17.808,8.322044956,0.318819652,6
Australia,18.838,11.22697009,0.440122841,6
Australia,15.067,31.01865095,0.293790444,6
Australia,18.062,252.9884972,0.718355281,6
Australia,14.029,3.438619297,0.10782844,6
Australia,17.449,13.57635532,0.392986617,6
Australia,19.314,15.72349682,0.572480022,6
Australia,15.56,4.341696034,0.154298226,6
Australia,16.578,4.086983183,0.162396613,6
Australia,13.931,6.294333319,0.150658939,6
Australia,19.339,6.705892918,0.315797974,6
Australia,12.317,47.36078092,0.149972598,6
Australia,16.357,22.86071305,0.372388964,6
Australia,14.899,3.389475766,0.118010349,6
Australia,9.433,2.73123513,0.042886382,6
Australia,17.788,14.46405527,0.427453356,6
Australia,16.145,11.48854597,0.290513334,6
Australia,15.824,18.58092228,0.319267858,6
Australia,18.333,13.69412014,0.460101303,6
Australia,17.596,105.1369657,0.618228522,6
Australia,19.339,7.12382395,0.332997549,6
Australia,12.361,2.331266366,0.064837479,6
Australia,19.116,28.94778936,0.695964477,6
Australia,18.907,195.8046295,0.88056319,6
Australia,18.376,21.09021564,0.548860719,6
Australia,16.783,92.89492705,0.498101439,6
Australia,19.171,22.99272249,0.655801935,6
Australia,18.245,14.75850139,0.467649283,6
Australia,18.565,4.913860869,0.223125506,6
Australia,19.953,65.75889225,1.00259617,6
Australia,18.616,14.75850139,0.499569958,6
Australia,16.296,21.58159413,0.365861095,6
Australia,16.091,14.75850139,0.315156665,6
Australia,19.443,270.3074182,1.011786179,6
Australia,15.442,6.440984263,0.19645984,6
Australia,18.349,6.348931994,0.277303355,6
Australia,15.762,5.891047821,0.196603005,6
Australia,17.515,6.744616169,0.267792392,6
Australia,18.101,14.71607349,0.457881129,6
Australia,19.436,20.02513229,0.646543009,6
Australia,15.073,3.66345594,0.127774366,6
Australia,14.801,5.466186196,0.16210461,6
Australia,19.625,22.34021106,0.698204489,6
Australia,15.53,3.9824473,0.143902658,6
Australia,17.452,17.94996127,0.436315577,6
Australia,10.263,1.292045535,0.029959532,6
Australia,18.898,8.203109232,0.358849316,6
Australia,16.578,21.02958526,0.387872541,6
Australia,19.001,120.0244757,0.86230591,6
Australia,15.872,14.50575657,0.300316645,6
Australia,18.346,7.633446747,0.320265852,6
Australia,11.975,49.16691037,0.138035028,6
Australia,13.828,13.11533671,0.189842457,7
Australia,15.302,2.876502237,0.105545403,7
Australia,19.833,103.6343853,1.026596978,7
Australia,11.66,5.959280096,0.093666678,7
Australia,13.262,80.67271658,0.199759113,7
Australia,19.431,8.739475543,0.396957869,7
Australia,17.83,14.97248282,0.436405833,7
Australia,16.575,19.62561188,0.375567831,7
Australia,13.415,2.181899329,0.068747271,7
Australia,18.76,34.70444442,0.68191478,7
Australia,15.154,15.81429233,0.267181464,7
Australia,16.248,5.311061071,0.194203467,7
Australia,13.844,3.748810377,0.111488386,7
Australia,15.377,10.53793921,0.245949292,7
Australia,15.92,4.146239776,0.154685911,7
Australia,18.155,16.55978766,0.484739665,7
Australia,19.665,6.478177796,0.311611967,7
Australia,19.836,23.59626206,0.739048808,7
Australia,18.469,50.16780576,0.69837628,7
Australia,19.347,14.92943976,0.559248727,7
Australia,15.358,7.699661237,0.212475376,7
Australia,18.003,12.13447539,0.40934362,7
Australia,19.728,27.32808201,0.765627465,7
Australia,19.814,13.15314953,0.551445585,7
Australia,19.824,100.1152244,1.018763131,7
Australia,14.004,72.10485223,0.242430766,7
Australia,13.78,17.19130428,0.198971739,7
Australia,16.521,4.27964605,0.168619162,7
Australia,11.082,2.653725294,0.058324815,7
Australia,18.606,66.71232115,0.743750946,7
Australia,19.148,8.085873296,0.364771728,7
Australia,18.183,22.86071305,0.543252722,7
Australia,19.141,40.42515213,0.768639267,7
Australia,18.502,23.19216731,0.581762459,7
Australia,19.34,18.1578643,0.614195244,7
Australia,16.311,4.815824676,0.182069887,7
Australia,11.848,7.227111269,0.104209634,7
Australia,10.079,1.603434644,0.035247941,7
Australia,19.357,8.491457603,0.386853244,7
Australia,18.319,4.638917021,0.20731268,7
Australia,17.523,19.23406227,0.450716579,7
Australia,15.062,6.629112111,0.189441883,7
Australia,16.605,9.445910166,0.291040553,7
Australia,19.717,11.72241937,0.506067475,7
Australia,17.556,12.8907317,0.391226353,7
Australia,10.77,159.6065693,0.101078908,7
Australia,18.144,12.13447539,0.416672155,7
Australia,10.98,10.03460716,0.090961747,7
Australia,16.794,9.098917922,0.2918874,7
Australia,19.699,7.567801678,0.360519449,7
Australia,16.726,9.257455283,0.293142782,7
Australia,17.632,20.49169553,0.471356452,7
Australia,16.491,18.63449293,0.363257069,7
Australia,18.74,25.72483442,0.632493351,7
Australia,14.664,2.371885791,0.082806588,7
Australia,19.764,42.45286227,0.887395101,7
Australia,14.536,4.625581012,0.141272216,7
Australia,16.102,11.03470406,0.283198105,7
Australia,13.435,5.959280096,0.134639086,7
Australia,18.672,26.02278889,0.627551494,7
Australia,17.757,6.941612478,0.28052409,7
Australia,12.325,1.830482754,0.052328039,7
Australia,16.884,4.206355521,0.170891911,7
Australia,17.214,5.993692023,0.236980839,7
Australia,18.807,31.65010053,0.675739719,7
Australia,18.56,12.20454605,0.446446323,7
Australia,19.346,15.10235801,0.558727261,7
Australia,19.672,73.99754378,0.960850912,7
Australia,18.882,8.891750066,0.379987912,7
Australia,17.729,6.572103982,0.269123039,7
Australia,19.768,13.00254924,0.545483992,7
Australia,15.605,17.24086852,0.298090202,7
Australia,19.502,334.4884263,1.018959798,7
Australia,14.772,5.691002773,0.16541597,7
Australia,18.835,7.331896136,0.326670831,7
Australia,19.851,61.1922855,0.96116192,7
Australia,16.373,10.56832113,0.292002109,7
Australia,17.892,31.01865095,0.55132746,7
Australia,19.936,6.294333319,0.307933435,7
Australia,19.918,14.33966927,0.589854307,7
Australia,19.176,238.8331044,0.928396706,7
Australia,18.197,4.815824676,0.213732725,7
Australia,19.947,22.0844212,0.742345018,7
Australia,19.935,8.370100694,0.400604342,7
Australia,18.483,60.49164905,0.713925052,7
Australia,17.165,8.274265122,0.293911517,7
Australia,16.254,6.168755389,0.21594468,7
Australia,18.132,4.65229148,0.205607897,7
Australia,19.256,53.14120009,0.837506482,7
Australia,17.046,15.76882923,0.389103908,7
Australia,17.985,10.56832113,0.379089421,7
Australia,18.567,11.32435573,0.429380532,7
Australia,18.405,11.16251204,0.416381262,7
Australia,14.454,128.6107644,0.279706917,7
Australia,19.852,32.5745346,0.842984635,7
Australia,17.652,11.82410267,0.379718485,7
Australia,19.171,24.00739766,0.660404936,7
Australia,19.886,21.83156007,0.722005492,7
Australia,19.691,11.65511677,0.50238765,7
Australia,19.251,18.63449293,0.609712501,7
Australia,19.604,371.0157516,1.050988689,7
Australia,15.835,3.163188196,0.120565221,7
Australia,18.466,59.79903471,0.706262227,7
Australia,17.02,19.34512957,0.40937676,7
Australia,19.624,24.56674324,0.727895795,7
Australia,16.907,7.856403961,0.273471523,7
Australia,18.886,9.891196101,0.408244826,7
Australia,17.41,4.638917021,0.19505849,7
Australia,19.186,7.611502031,0.346999817,7
Australia,19.677,78.15796503,0.964449363,7
Australia,16.03,44.83972245,0.390647933,7
Australia,16.608,7.924552441,0.264031836,7
Australia,19.303,157.7791138,0.93496089,7
Australia,15.622,4.760684681,0.167018489,7
Australia,16.535,3.674018048,0.146447983,7
Australia,19.387,21.33449025,0.66585627,7
Australia,19.088,17.39042027,0.576984555,7
Australia,13.394,2.483697926,0.077288219,7
Australia,13.674,2.245628102,0.072383873,7
Australia,18.119,6.258195303,0.268571519,7
Australia,19.455,27.24951894,0.734410925,7
Australia,13.971,11.62161052,0.189522302,7
Australia,17.718,11.38974835,0.380982289,7
Australia,17.294,34.70444442,0.502037518,7
Australia,18.197,50.02358281,0.645171839,7
Australia,19.951,61.36870893,0.983635125,7
Australia,19.786,35.82106837,0.852989066,7
Australia,19.712,8.132565258,0.385394526,7
Australia,18.982,49.73637955,0.775322659,7
Australia,15.35,51.78196712,0.331115399,7
Australia,16.625,3.580044889,0.143661549,7
Australia,18.01,19.73894018,0.504815831,7
Australia,18.813,15.01564998,0.517674774,7
Australia,17.484,17.49084144,0.439098137,7
Australia,19.537,23.66429243,0.700735613,7
Australia,18.701,6.13333836,0.277408488,7
Australia,12.448,5.145503251,0.105051532,7
Australia,18.529,19.79584951,0.553169695,7
Australia,15.42,2.802927748,0.103636843,7
Australia,19.547,14.88652045,0.575776233,7
Australia,17.053,5.250250742,0.210078856,7
Australia,13.235,7.082923532,0.13851841,8
Australia,15.449,18.85032445,0.294728588,8
Australia,19.104,9.284145445,0.400882351,8
Australia,15.711,8.994737574,0.244823006,8
Australia,19.836,14.58952022,0.591635644,8
Australia,18.495,7.524352225,0.32213648,8
Australia,13.8,19.28951598,0.201454787,8
Australia,7.161,1.723094425,0.020743408,8
Australia,12.106,2.258595506,0.061279215,8
Australia,5.577,2.868232838,0.015333594,8
Australia,13.616,14.75850139,0.183946129,8
Australia,18.045,68.07039011,0.653027154,8
Australia,16.189,8.764672318,0.259909167,8
Australia,19.554,26.70586515,0.734403126,8
Australia,14.896,7.082923532,0.188612557,8
Australia,15.844,19.73894018,0.32706731,8
Australia,18.749,252.2612031,0.838649721,8
Australia,19.291,238.8331044,0.965499811,8
Australia,9.762,1.972757797,0.038598384,8
Australia,17.485,40.6585876,0.53430014,8
Australia,18.96,10.23888259,0.424059092,8
Australia,17.579,8.370100694,0.311764469,8
Australia,15.738,3.321852504,0.125280455,8
Australia,13.723,5.57746186,0.138270322,8
Australia,17.273,32.20156428,0.496501604,8
Australia,17.4,3.902993693,0.16481155,8
Australia,19.797,9.862760783,0.452594594,8
Australia,13.162,2.556241613,0.077066234,8
Australia,18.494,39.84741015,0.663933741,8
Australia,10.503,1.753117208,0.040194685,8
Australia,18.808,34.70444442,0.695794913,8
Australia,19.01,25.28428708,0.657230679,8
Australia,16.025,9.55531616,0.265432235,8
Australia,17.911,11.22697009,0.387693576,8
Australia,19.673,6.705892918,0.323001393,8
Australia,19.529,8.994737574,0.410643398,8
Australia,12.071,7.062561466,0.108022214,8
Australia,16.643,4.075233879,0.162789642,8
Australia,16.054,25.35718419,0.359214022,8
Australia,16.414,4.455661893,0.172485534,8
Australia,19.759,11.72241937,0.511600339,8
Australia,13.636,16.94561224,0.191341128,8
Australia,18.343,17.84690413,0.514861569,8
Australia,18.105,34.4059979,0.594488228,8
Australia,19.488,65.38134696,0.902184563,8
Australia,17.632,10.56832113,0.361955963,8
Australia,16.043,3.46844677,0.133568707,8
Australia,18.372,131.2289057,0.739757758,8
Australia,15.496,5.756918053,0.186338091,8
Australia,14.612,14.21635295,0.228109002,8
Australia,11.735,5.959280096,0.095830685,8
Australia,13.968,3.759618569,0.114181191,8
Australia,12.172,1.544533027,0.043607876,8
Australia,19.061,6.629112111,0.305292684,8
Australia,19.94,8.132565258,0.390877062,8
Australia,18.954,11.99553867,0.466525599,8
Australia,15.98,6.151021383,0.207392693,8
Australia,15.651,33.52596948,0.341517852,8
Australia,13.444,2.304573946,0.072594332,8
Australia,18.036,210.4169737,0.701730234,8
Australia,19.794,10.75246102,0.482826286,8
Australia,14.967,20.9088469,0.269412361,8
Australia,15.125,2.85998721,0.103303353,8
Australia,18.96,198.0725105,0.88449419,8
Australia,19.971,134.6735538,1.091718698,8
Australia,19.54,17.39042027,0.618577192,8
Australia,17.709,12.63354936,0.400982766,8
Australia,18.828,12.20454605,0.461220957,8
Australia,12.535,1.809524181,0.052892475,8
Australia,14.55,5.674642216,0.160587437,8
Australia,17.083,31.28771475,0.466641725,8
Australia,19.343,25.43029147,0.699468621,8
Australia,15.073,22.66411863,0.279812123,8
Australia,8.59,2.918208238,0.036390254,8
Australia,16.375,18.52750564,0.355623851,8
Australia,19.307,9.151459722,0.408137574,8
Australia,18.997,5.513601309,0.25627681,8
Australia,19.898,8.639410721,0.410681479,8
Australia,17.006,86.19535665,0.51791625,8
Australia,19.437,26.40008963,0.726315043,8
Australia,18.881,138.208621,0.85902577,8
Australia,18.823,133.1315751,0.832621496,8
Australia,11.959,2.448201794,0.063710795,8
Australia,18.111,7.879054754,0.319543313,8
Australia,19.562,20.55077513,0.675930487,8
Australia,17.107,5.993692023,0.234092429,8
Australia,19.983,7.144362642,0.349309337,8
Australia,19.214,17.94996127,0.596678351,8
Australia,19.916,25.79900168,0.78038034,8
Australia,16.907,35.30912633,0.459473479,8
Australia,16.71,3.590366513,0.14517506,8
Australia,14.355,5.658328693,0.153990973,8
Australia,17.347,12.06480703,0.369274379,9
Australia,14.909,3.264964546,0.114496638,9
Australia,19.661,7.001825819,0.336575273,9
Australia,15.223,5.874112172,0.181047625,9
Australia,9.998,4.329214479,0.05817072,9
Australia,19.89,31.74135091,0.838179904,9
Australia,15.897,4.468508009,0.16367209,9
Australia,17.454,4.158193797,0.176306161,9
Australia,16.739,3.803163849,0.154036334,9
Australia,19.926,8.442705111,0.404564699,9
Australia,14.625,4.507269002,0.140242229,9
Australia,19.52,61.90103698,0.896177644,9
Australia,16.3,14.0940971,0.325836831,9
Australia,17.953,10.97134988,0.383614295,9
Australia,17.435,25.94797829,0.486737148,9
Australia,10.678,3.611099124,0.062936911,9
Australia,16.977,6.629112111,0.24820253,9
Australia,18.353,23.32609073,0.564305065,9
Australia,17.274,7.811297539,0.287078363,9
Australia,19.702,32.5745346,0.809744789,9
Australia,18.299,10.26840231,0.389362477,9
Australia,17.5,123.5301427,0.603551244,9
Australia,18.128,5.481945754,0.239638775,9
Australia,17.319,5.691002773,0.23025085,9
Australia,16.297,36.97361997,0.405777199,9
Australia,15.61,4.733351889,0.165900184,9
Australia,19.959,23.05901279,0.748842995,9
Australia,11.702,4.329214479,0.083984868,9
Australia,19.062,8.789941739,0.384292258,9
Australia,11.304,2.41321296,0.057121019,9
Australia,16.325,3.652924197,0.143604254,9
Australia,13.343,93.97087014,0.203755584,9
Australia,18.042,15.58828005,0.462506962,9
Australia,18.843,33.04682818,0.690429078,9
Australia,17.061,7.331896136,0.269361102,9
Australia,19.963,167.1305198,1.117224541,9
Australia,18.609,25.35718419,0.612049203,9
Australia,19.765,67.48500771,0.964134027,9
Australia,11.53,3.25557839,0.071172669,9
Australia,9.436,1.262627717,0.026329912,9
Australia,12.848,1.773422454,0.053416214,9
Australia,19.791,20.55077513,0.700562184,9
Australia,19.346,13.9327232,0.535550377,9
Australia,18.164,18.58092228,0.508616761,9
Australia,18.5,214.7004518,0.781833568,9
Australia,19.716,11.48854597,0.500684028,9
Australia,19.67,35.20761927,0.821963873,9
Australia,16.743,8.789941739,0.28542638,9
Australia,15.342,7.206334691,0.205883628,9
Australia,19.488,9.749834625,0.434802426,9
Australia,19.919,7.856403961,0.37871413,9
Australia,12.691,4.442852708,0.102861757,9
Australia,14.298,10.56832113,0.198956346,9
Australia,18.604,15.27727905,0.501355453,9
Australia,17.946,5.593542236,0.240971322,9
Australia,18.572,12.85367329,0.458717821,9
Australia,15.001,11.99553867,0.238365006,9
Australia,18.887,251.5359998,0.86468113,10
Australia,14.703,4.829709176,0.14865017,10
Australia,11.184,16.65541233,0.102742219,10
Australia,18.65,32.9518248,0.663257522,10
Australia,18.228,5.357130588,0.237261228,10
Australia,17.246,128.2410327,0.573391508,10
Australia,18.023,7.459645333,0.305577334,10
Australia,14.878,6.258195303,0.17747272,10
Australia,15.544,9.230841849,0.237585084,10
Australia,18.871,35.00547975,0.700421451,10
Australia,19.665,78.60928905,0.970926021,10
Australia,18.566,22.21194793,0.577706258,10
Australia,16.238,5.959280096,0.209912808,10
Australia,18.621,23.46078749,0.599549314,10
Australia,15.796,12.27502133,0.278978421,10
Australia,12.751,5.057384597,0.110706848,10
Australia,19.947,14.97248282,0.609536689,10
Australia,16.843,11.58820059,0.33200299,10
Australia,19.542,9.80613515,0.438842529,10
Australia,16.854,112.9830393,0.508384492,10
Australia,14.702,10.12164994,0.210367554,10
Australia,12.217,3.621510281,0.084718103,10
Australia,19.999,13.69412014,0.579144951,10
Australia,19.044,57.10697716,0.807621479,10
Australia,16.721,20.78880174,0.396558326,10
Australia,14.961,3.488475353,0.121510639,10
Australia,19.473,28.45204772,0.738356265,10
Australia,18.458,45.09864991,0.672713325,10
Australia,18.991,16.08983676,0.549146745,10
Australia,18.966,20.49169553,0.605542658,10
Australia,18.527,28.45204772,0.623310338,10
Australia,17.293,4.970775007,0.205279479,10
Australia,19.429,22.27598718,0.683797659,10
Australia,17.139,5.34172985,0.21492892,10
Australia,14.124,11.0665182,0.194018194,10
Australia,18.423,6.330680015,0.278557227,10
Australia,18.324,7.856403961,0.327013837,10
Australia,12.135,3.914246411,0.0867688,10
Australia,18.888,26.24851728,0.644825292,10
Australia,18.202,11.32435573,0.404318938,10
Australia,17.612,4.774410207,0.203281065,10
Australia,18.265,9.230841849,0.364171056,10
Australia,14.861,35.30912633,0.285793545,10
Australia,10.215,1.337462366,0.030762608,10
Australia,18.039,264.9145284,0.716412289,10
Australia,13.968,23.93838094,0.218191759,10
Australia,18.707,74.21088605,0.762604853,11
Australia,19.733,16.89689681,0.631687398,11
Australia,19.691,142.2454094,1.032870307,11
Australia,18.163,8.689299091,0.344655446,11
Australia,19.994,113.6354611,1.081956518,11
Australia,8.513,3.869429263,0.038903864,11
Australia,16.417,56.45311647,0.434713696,11
Australia,19.097,10.09255211,0.424253647,11
Australia,17.66,9.364678523,0.339397411,11
Australia,17.053,129.7263674,0.540751546,11
Australia,18.326,12.20454605,0.432334629,11
Australia,18.057,17.14188253,0.485166359,11
Australia,19.838,55.9676387,0.946247827,11
Australia,10.47,23.05901279,0.087398627,11
Australia,13.671,3.642422731,0.107188161,11
Australia,8.927,13.81290647,0.053893952,11
Australia,18.488,7.12382395,0.309008993,11
Australia,14.056,23.46078749,0.224062525,11
Australia,9.945,3.948199596,0.055552442,11
Australia,14.618,6.981696894,0.180339786,11
Australia,19.278,21.58159413,0.649738453,12
Australia,17.667,23.12549421,0.49415988,12
Australia,18.405,94.78599777,0.741491399,12
Australia,19.988,21.02958526,0.731811369,12
Australia,11.192,7.699661237,0.090377301,12
Australia,19.72,19.23406227,0.666045437,12
Australia,12.394,3.781328527,0.089372676,12
Australia,18.815,37.61783944,0.706940974,12
Australia,19.263,19.56919195,0.6200116,12
Australia,14.869,4.625581012,0.148009932,12
Australia,18.056,34.60467571,0.586079625,13
South Korea,11.666,1.005774511,0.001402857,2
South Korea,9.717,1.011582367,0.002671246,2
South Korea,18.043,1.008674259,0.017351507,2
South Korea,18.393,6.276238301,0.040128502,2
South Korea,15.683,1.626682617,0.018616645,2
South Korea,19.498,1.011582367,0.011516865,2
South Korea,17.152,1.014498859,0.018587871,2
South Korea,18.944,1.322148754,0.035044357,2
South Korea,18.423,1.005774511,0.02383431,2
South Korea,17.587,1.011582367,0.017311323,2
South Korea,14.343,1.617343251,0.013494053,2
South Korea,18.67,2.200825688,0.038065712,2
South Korea,19.173,1.011582367,0.025795496,2
South Korea,19.405,1.014498859,0.023763651,2
South Korea,15.694,1.002883099,0.004490616,2
South Korea,18.099,1.466532098,0.030495224,2
South Korea,11.849,1.014498859,0.003499143,2
South Korea,12.178,1.011582367,0.001647119,2
South Korea,15.971,1.191980271,0.01861577,2
South Korea,15.277,1.005774511,0.014051483,2
South Korea,16.835,1.273580077,0.022910573,2
South Korea,19.621,2.909818941,0.048443868,2
South Korea,15.42,1.005774511,0.009157846,2
South Korea,18.527,1.005774511,0.016919603,2
South Korea,14.683,1.005774511,0.003990818,2
South Korea,17.303,1.005774511,0.005358495,2
South Korea,11.887,1.014498859,0.005721077,2
South Korea,18.613,1.002883099,0.022194475,2
South Korea,16.969,1.011582367,0.020449979,2
South Korea,16.657,1.01742376,0.017930309,2
South Korea,18.222,1.005774511,0.016149324,3
South Korea,18.253,1.014498859,0.022894677,3
South Korea,15.112,1.01742376,0.008776055,3
South Korea,12.566,1.002883099,0.006136639,3
South Korea,18.311,1.002883099,0.021800564,3
South Korea,16.795,1.008674259,0.013651434,3
South Korea,17.685,1.303253072,0.027300908,3
South Korea,13.529,1.008674259,0.001293528,3
South Korea,15.249,1.174944911,0.015754203,3
South Korea,19.967,1.014498859,0.025421283,3
South Korea,12.541,1.011582367,0.007932948,3
South Korea,16.485,1.841052896,0.022593934,3
South Korea,19.375,1.008674259,0.022698244,3
South Korea,13.408,1.002883099,0.005822576,3
South Korea,7.649,1.002883099,0.001667634,3
South Korea,15.684,1.198863374,0.017593837,3
South Korea,18.6,1.922299067,0.036335799,3
South Korea,14.283,1.014498859,0.01058867,3
South Korea,16.612,1.002883099,0.009230949,3
South Korea,19.928,1.188553553,0.039940371,3
South Korea,16.73,1.014498859,0.016067647,3
South Korea,16.99,7.481152231,0.029260723,3
South Korea,18.236,1.008674259,0.016014054,3
South Korea,16.023,1.014498859,0.0046147,3
South Korea,19.504,1.011582367,0.01756186,3
South Korea,16.188,1.01742376,0.0034876,3
South Korea,12.812,4.255075073,0.009621157,3
South Korea,19.579,1.002883099,0.012399935,3
South Korea,14.203,1.008674259,0.001840815,3
South Korea,19.719,1.466532098,0.04191169,3
South Korea,12.496,1.011582367,0.002486668,3
South Korea,16.088,2.371885791,0.021451276,3
South Korea,19.926,25.94797829,0.062188738,3
South Korea,12.957,1.933399404,0.009663758,3
South Korea,18.631,1.333617414,0.032793808,3
South Korea,17.695,1.509366472,0.028121518,3
South Korea,16.951,1.005774511,0.011818532,3
South Korea,9.943,1.011582367,0.001661935,3
South Korea,19.267,1.008674259,0.001015479,3
South Korea,17.956,1.011582367,0.002934094,3
South Korea,17.696,1.01742376,0.002016788,3
South Korea,13.063,1.174944911,0.009432603,3
South Korea,19.696,6.534371185,0.055792073,3
South Korea,10.626,1.011582367,0.002719927,3
South Korea,15.774,1.005774511,0.007280545,3
South Korea,12.665,1.005774511,0.008128179,3
South Korea,14.958,1.011582367,0.008545125,3
South Korea,19.442,1.16484078,0.03637151,3
South Korea,19.578,1.44557294,0.040522203,3
South Korea,14.521,1.014498859,0.012685974,3
South Korea,15.368,1.011582367,0.011875403,3
South Korea,19.989,11.52166859,0.061316191,3
South Korea,14.272,1.011582367,0.004253167,3
South Korea,19.717,1.008674259,0.017843367,3
South Korea,19.097,6.348931994,0.047624491,3
South Korea,16.812,1.014498859,0.010756732,3
South Korea,15.949,1.014498859,0.017125843,3
South Korea,16.51,7.567801678,0.025703085,3
South Korea,17.582,1.008674259,0.02404847,3
South Korea,9.324,1.014498859,0.002960863,3
South Korea,19.404,1.664582507,0.040626833,3
South Korea,17.691,1.178332393,0.026594406,3
South Korea,19.828,1.008674259,0.002017625,3
South Korea,14.646,1.014498859,0.003739701,3
South Korea,12.515,1.002883099,0.00182598,3
South Korea,18.427,1.005774511,0.02180548,3
South Korea,16.025,1.03813555,0.018049783,3
South Korea,17.707,2.935059463,0.031774295,3
South Korea,13.106,1.005774511,0.007775144,3
South Korea,19.525,1.655025544,0.042095242,3
South Korea,18.953,1.011582367,0.015136007,3
South Korea,13.702,1.011582367,0.008880708,3
South Korea,19.111,1.713201524,0.038684497,3
South Korea,11.056,1.002883099,0.003538942,3
South Korea,16.456,1.002883099,0.007857255,3
South Korea,13.222,1.011582367,0.00471851,3
South Korea,18.256,1.655025544,0.032256931,3
South Korea,19.174,5.740368002,0.048713184,3
South Korea,19.842,1.011582367,0.029387675,3
South Korea,15.843,1.002883099,0.016610813,3
South Korea,17.161,1.008674259,0.022901255,3
South Korea,14.222,1.014498859,0.011974347,3
South Korea,14.977,2.661376248,0.016376043,3
South Korea,15.954,1.014498859,0.015914319,3
South Korea,15.961,1.01742376,0.012041054,3
South Korea,17.463,1.002883099,0.021747475,3
South Korea,18.836,1.008674259,0.03042683,3
South Korea,19.95,1.008674259,0.001564863,3
South Korea,15.142,1.005774511,0.002612906,3
South Korea,18.593,5.658328693,0.042353593,3
South Korea,14.822,1.008674259,0.004686752,3
South Korea,16.936,1.905767944,0.025289147,3
South Korea,18.347,1.011582367,0.017772757,3
South Korea,19.264,1.008674259,0.008977543,3
South Korea,16.204,1.580518923,0.020544513,3
South Korea,17.848,1.437273389,0.028871975,4
South Korea,19.406,14.75850139,0.054000841,4
South Korea,17.128,1.005774511,0.011574363,4
South Korea,13.575,1.005774511,0.001672854,4
South Korea,18.346,1.011582367,0.020576167,4
South Korea,17.866,1.763240603,0.030709291,4
South Korea,16.105,1.014498859,0.012077106,4
South Korea,19.85,1.014498859,0.026045444,4
South Korea,12.493,1.011582367,0.002772591,4
South Korea,8.736,1.020357094,0.00188223,4
South Korea,18.297,1.014498859,0.028298675,4
South Korea,19.057,4.507269002,0.046233414,4
South Korea,16.544,1.30701048,0.021569642,4
South Korea,10.318,1.002883099,0.002095082,4
South Korea,19.355,1.002883099,0.02349949,4
South Korea,18.236,1.008674259,0.00894665,4
South Korea,19.038,1.131783715,0.033419708,4
South Korea,13.923,1.011582367,0.009783812,4
South Korea,19.468,2.113884578,0.044503918,4
South Korea,19.595,3.70588743,0.050842663,4
South Korea,15.812,1.01742376,0.00397374,4
South Korea,17.8,1.188553553,0.027298701,4
South Korea,18.499,9.257455283,0.04279547,4
South Korea,19.278,1.011582367,0.018277035,4
South Korea,16.335,1.014498859,0.018059494,4
South Korea,14.035,1.011582367,0.010056189,4
South Korea,13.326,2.526973282,0.010698957,4
South Korea,13.283,1.074627164,0.009848446,4
South Korea,19.969,2.893112631,0.052277781,4
South Korea,16.316,1.518082325,0.021212498,4
South Korea,18.111,2.101748011,0.033304171,4
South Korea,18.049,1.011582367,0.023831912,4
South Korea,17.829,1.002883099,0.017475329,4
South Korea,13.268,1.011582367,0.008256457,4
South Korea,14.364,1.002883099,0.004811394,4
South Korea,17.597,1.212749049,0.026424027,4
South Korea,15.436,1.011582367,0.00162125,4
South Korea,16.236,1.008674259,0.016597578,4
South Korea,16.722,1.011582367,0.01017575,4
South Korea,15.954,1.014498859,0.016076437,4
South Korea,10.605,2.754926569,0.005096149,4
South Korea,12.806,1.005774511,0.005090927,4
South Korea,17.504,1.014498859,0.022224741,4
South Korea,18.253,1.014498859,0.020560199,4
South Korea,9.207,1.005774511,0.001086839,4
South Korea,14.71,1.014498859,0.004376784,4
South Korea,13.017,1.011582367,0.00165106,4
South Korea,18.935,1.396484948,0.035624238,4
South Korea,7.923,1.008674259,0.002088568,4
South Korea,11.042,1.014498859,0.005361729,4
South Korea,19.703,1.005774511,0.032108944,4
South Korea,17.776,1.014498859,0.023800293,4
South Korea,14.773,1.014498859,0.006064098,4
South Korea,18.807,1.125285741,0.032000857,4
South Korea,19.078,3.020786488,0.043691015,4
South Korea,15.547,1.002883099,0.013635868,4
South Korea,19.495,1.011582367,0.014199005,4
South Korea,10.948,1.002883099,0.004376549,4
South Korea,13.583,1.008674259,0.007590366,4
South Korea,14.895,13.97289262,0.017117705,4
South Korea,18.791,3.759618569,0.042399724,4
South Korea,17.447,1.830482754,0.027993873,4
South Korea,17.839,1.005774511,0.006362157,4
South Korea,14.46,1.053187331,0.01299188,4
South Korea,13.25,1.002883099,0.005736752,4
South Korea,12.953,1.005774511,0.00129551,4
South Korea,9.318,1.011582367,0.002757911,4
South Korea,19.416,1.002883099,0.033964555,4
South Korea,8.087,1.002883099,0.001350766,4
South Korea,18.648,1.011582367,0.022322013,4
South Korea,17.074,1.01742376,0.021130965,4
South Korea,17.142,1.011582367,0.019662542,4
South Korea,19.966,1.014498859,0.001527241,4
South Korea,19.833,1.008674259,0.035045057,4
South Korea,17.581,1.008674259,0.011104903,4
South Korea,14.956,1.008674259,0.012372943,4
South Korea,17.605,1.01742376,0.005611065,4
South Korea,18.887,1.144892449,0.032618486,4
South Korea,19.389,1.065385733,0.034923173,4
South Korea,16.826,1.01742376,0.013975343,4
South Korea,14.656,1.01742376,0.009111924,4
South Korea,19.421,1.95017021,0.042913481,4
South Korea,18.419,1.594228753,0.033628783,4
South Korea,16.97,1.011582367,0.016913445,4
South Korea,14.753,1.005774511,0.004774451,4
South Korea,19.415,1.531250564,0.03974126,4
South Korea,15.293,1.011582367,0.009928586,4
South Korea,18.113,1.002883099,0.022705614,4
South Korea,19.027,1.002883099,0.029185323,4
South Korea,17.713,4.546366219,0.033667563,4
South Korea,15.708,1.080832611,0.017049145,4
South Korea,11.568,1.014498859,0.00412556,4
South Korea,15.713,1.008674259,0.001753146,4
South Korea,18.659,1.014498859,0.006338282,4
South Korea,19.355,1.002883099,0.009559162,4
South Korea,18.222,1.631372504,0.032499304,4
South Korea,19.39,1.310778721,0.037422381,4
South Korea,19.306,1.562422375,0.039742461,4
South Korea,18.846,7.993292057,0.046069483,4
South Korea,14.84,1.014498859,0.005256728,4
South Korea,19.245,3.109017423,0.045656384,4
South Korea,17.162,1.01742376,0.003376823,4
South Korea,19.549,158.690211,0.057985961,4
South Korea,19.037,1.005774511,0.018447912,4
South Korea,15.836,1.763240603,0.019197238,4
South Korea,17.881,4.255075073,0.034989241,4
South Korea,16.309,2.827241068,0.022983724,4
South Korea,14.563,1.005774511,0.002099815,4
South Korea,14.785,1.645523451,0.015063498,4
South Korea,18.956,1.011582367,0.019119688,4
South Korea,17.748,1.005774511,0.019825871,4
South Korea,13.479,1.011582367,0.003109575,4
South Korea,18.717,1.002883099,0.009014919,4
South Korea,17.576,1.008674259,0.003969626,4
South Korea,12.306,1.008674259,0.003849717,4
South Korea,15.486,2.794869861,0.018738836,4
South Korea,14.365,1.002883099,0.011250481,4
South Korea,19.688,1.002883099,0.017828178,4
South Korea,13.857,1.008674259,0.001703287,4
South Korea,18.702,2.042102417,0.037678133,4
South Korea,11.355,1.005774511,0.001580816,4
South Korea,19.643,26.32419437,0.058907303,4
South Korea,18.938,2.119979117,0.039694526,4
South Korea,17.413,1.014498859,0.01086574,4
South Korea,17.969,1.014498859,0.013240441,4
South Korea,15.223,1.008674259,0.005081978,4
South Korea,18.355,1.014498859,0.009318773,4
South Korea,10.927,1.008674259,0.003406992,4
South Korea,14.556,1.002883099,0.010865753,4
South Korea,17.248,1.01742376,0.007459105,4
South Korea,18.554,1.938973586,0.035950392,4
South Korea,18.209,4.843633707,0.037665104,4
South Korea,19.393,1.011582367,0.0300088,4
South Korea,14.778,1.014498859,0.009514542,4
South Korea,17.757,1.008674259,0.007006529,4
South Korea,18.656,1.273580077,0.032535868,4
South Korea,12.629,1.008674259,0.004308969,4
South Korea,13.269,1.011582367,0.00503908,4
South Korea,12.563,1.002883099,0.00562013,4
South Korea,17.782,1.161492083,0.02668044,4
South Korea,19.801,1.002883099,0.020172589,4
South Korea,19.305,1.4331415,0.038664578,4
South Korea,17.657,1.005774511,0.009066133,4
South Korea,16.733,7.633446747,0.02752972,4
South Korea,18.855,1.011582367,0.011678389,4
South Korea,16.03,1.01742376,0.011695392,4
South Korea,17.045,1.008674259,0.010157731,4
South Korea,16.19,1.01742376,0.007085952,4
South Korea,18.022,1.002883099,0.006309075,4
South Korea,18.557,2.441163677,0.037932736,4
South Korea,18.902,5.450471945,0.045025279,4
South Korea,19.904,9.500455676,0.060431616,4
South Korea,18.731,1.005774511,0.017126161,4
South Korea,18.847,1.011582367,0.027023961,4
South Korea,15.852,1.005774511,0.014913976,4
South Korea,18.654,1.014498859,0.005441902,4
South Korea,16.891,1.011582367,0.016912244,4
South Korea,11.63,1.005774511,0.003287092,4
South Korea,16.905,1.01742376,0.010637232,4
South Korea,12.116,1.002883099,0.006005547,4
South Korea,19.077,3.539054265,0.045356014,4
South Korea,14.507,1.008674259,0.008873126,4
South Korea,18.115,1.002883099,0.002532917,4
South Korea,19.289,1.453920417,0.038480787,4
South Korea,19.074,1.014498859,0.010309103,4
South Korea,17.125,1.55345195,0.025100195,4
South Korea,19.068,2.747006676,0.042647003,4
South Korea,15.619,1.223268748,0.017345072,4
South Korea,18.478,2.392460142,0.037282428,4
South Korea,17.697,1.01742376,0.012005959,4
South Korea,18.512,1.002883099,0.014547147,4
South Korea,10.526,1.011582367,0.00210103,4
South Korea,14.266,1.008674259,0.002285242,4
South Korea,8.462,1.636075913,0.002653242,4
South Korea,15.813,1.01742376,0.007230444,4
South Korea,17.866,1.011582367,0.016911829,4
South Korea,19.613,1.011582367,0.029655643,5
South Korea,16.463,1.005774511,0.011674812,5
South Korea,19.834,1.008674259,0.00314935,5
South Korea,15.03,1.011582367,0.002710508,5
South Korea,15.096,1.011582367,0.007059786,5
South Korea,18.524,1.005774511,0.021934259,5
South Korea,19.641,2.239172346,0.046947227,5
South Korea,17.863,1.074627164,0.026530085,5
South Korea,15.068,6.240204175,0.017664905,5
South Korea,19.863,1.664582507,0.044848152,5
South Korea,12.947,1.002883099,0.004047152,5
South Korea,18.23,1.005774511,0.014969445,5
South Korea,19.617,1.014498859,0.012531623,5
South Korea,12.172,1.008674259,0.002572318,5
South Korea,17.942,2.505242164,0.03277967,5
South Korea,11.63,1.008674259,0.003131693,5
South Korea,17.407,1.011582367,0.008729831,5
South Korea,17.878,1.014498859,0.022667889,5
South Korea,17.137,2.175626781,0.026758851,5
South Korea,19.35,1.002883099,0.009418617,5
South Korea,18.951,1.008674259,0.014811739,5
South Korea,11.528,1.014498859,0.005940597,5
South Korea,18.739,1.337462366,0.033508739,5
South Korea,14.934,1.002883099,0.00192289,5
South Korea,19.046,1.008674259,0.019044141,5
South Korea,19.517,2.707747428,0.047474684,5
South Korea,18.138,1.008674259,0.019145772,5
South Korea,15.691,1.002883099,0.002149731,5
South Korea,17.292,1.462316096,0.025959313,5
South Korea,19.929,1.005774511,0.034922323,5
South Korea,17.419,3.117981028,0.030055658,5
South Korea,19.175,2.754926569,0.043575806,5
South Korea,18.372,2.884795479,0.036781969,5
South Korea,18.834,2.455260203,0.040341325,5
South Korea,9.36,1.005774511,0.002537241,5
South Korea,17.586,2.715554133,0.031025525,5
South Korea,8.924,1.023298884,0.001179772,5
South Korea,16.973,1.011582367,0.006001688,5
South Korea,11.666,1.005774511,0.001617895,5
South Korea,19.778,12.8907317,0.059423319,5
South Korea,16.185,1.01742376,0.002143884,5
South Korea,19.273,2.071710572,0.041913815,5
South Korea,15.885,1.758171619,0.019469725,5
South Korea,19.423,1.95017021,0.04292806,5
South Korea,19.326,11.58820059,0.052080619,5
South Korea,18.627,1.005774511,0.001617019,5
South Korea,19.245,1.002883099,0.018566353,5
South Korea,15.521,1.01742376,0.01066867,5
South Korea,19.364,5.691002773,0.050034849,5
South Korea,11.903,1.002883099,0.00456489,5
South Korea,10.938,4.063518353,0.005673036,5
South Korea,10.48,1.005774511,0.002074554,5
South Korea,17.86,1.011582367,0.022990739,5
South Korea,18.233,1.961431489,0.033745633,5
South Korea,18.406,1.938973586,0.034592797,5
South Korea,16.979,1.014498859,0.001025678,5
South Korea,19.438,3.993929091,0.050054075,5
South Korea,17.694,8.156012251,0.035117461,5
South Korea,14.382,1.008674259,0.006517931,5
South Korea,18.644,1.011582367,0.006315147,5
South Korea,19.06,1.011582367,0.014427219,5
South Korea,18.742,1.008674259,0.024840243,5
South Korea,19.777,1.071537815,0.037154228,5
South Korea,16.894,1.011582367,0.016621929,5
South Korea,19.817,1.005774511,0.015965429,5
South Korea,15.295,3.18145406,0.018048739,5
South Korea,18.426,1.005774511,0.023252662,5
South Korea,14.364,1.002883099,0.008773525,5
South Korea,14.839,1.014498859,0.009298929,5
South Korea,19.868,12.41719513,0.059895945,5
South Korea,14.935,1.002883099,0.005397428,5
South Korea,19.424,1.002883099,0.033951373,5
South Korea,17.023,13.81290647,0.029769831,5
South Korea,17.423,1.292045535,0.025679207,5
South Korea,17.24,1.014498859,0.011517977,5
South Korea,18.404,1.513718125,0.032579396,5
South Korea,14.908,1.014498859,0.007061366,5
South Korea,15.505,1.011582367,0.006989169,5
South Korea,11.407,1.011582367,0.002225877,5
South Korea,18.276,3.25557839,0.037153014,5
South Korea,10.025,1.008674259,0.003386645,5
South Korea,16.072,1.005774511,0.010525419,5
South Korea,15.303,1.014498859,0.009295768,5
South Korea,18.354,1.014498859,0.00397502,5
South Korea,19.711,1.008674259,0.029213521,5
South Korea,12.611,1.002883099,0.005269618,5
South Korea,17.013,15.14589961,0.029606868,5
South Korea,19.616,1.011582367,0.024016325,5
South Korea,19.762,1.112401499,0.037923202,5
South Korea,17.583,1.364689212,0.027044989,5
South Korea,19.458,1.492084601,0.040257543,5
South Korea,19.174,1.011582367,0.021370269,5
South Korea,16.873,1.005774511,0.011972385,5
South Korea,11.557,1.008674259,0.002401529,5
South Korea,16.894,1.388467229,0.023528168,5
South Korea,18.622,4.546366219,0.041551425,5
South Korea,18.97,1.014498859,0.00662821,5
South Korea,17.876,1.014498859,0.012238237,5
South Korea,16.322,1.011582367,0.007165146,5
South Korea,17.786,1.01742376,0.014786924,5
South Korea,19.069,1.171567166,0.034005787,5
South Korea,11.836,1.008674259,0.001941798,5
South Korea,18.719,1.002883099,0.011650298,5
South Korea,17.937,1.005774511,0.007146178,5
South Korea,18.588,2.661376248,0.038555839,5
South Korea,19.125,4.316768806,0.04633962,5
South Korea,14.139,1.005774511,0.0013218,5
South Korea,16.331,1.014498859,0.015550664,5
South Korea,17.74,1.002883099,0.018597768,5
South Korea,13.049,1.002883099,0.002188566,5
South Korea,8.991,1.020357094,0.001040024,5
South Korea,15.363,1.202319816,0.016324544,5
South Korea,15.35,1.005774511,0.006840728,5
South Korea,15.573,1.011582367,0.005345577,5
South Korea,17.356,1.262627717,0.025126497,5
South Korea,14.607,1.08707389,0.013538049,5
South Korea,19.816,5.92506574,0.055732938,5
South Korea,13.587,1.011582367,0.003874046,5
South Korea,15.199,7.677526167,0.018594446,5
South Korea,16.633,2.16313573,0.024181779,5
South Korea,19.562,1.158153013,0.036845282,5
South Korea,13.564,1.002883099,0.001466384,5
South Korea,18.246,1.011582367,0.011017213,5
South Korea,19.325,1.683862312,0.040343338,5
South Korea,17.968,4.585802575,0.035623595,5
South Korea,17.484,1.008674259,0.022599098,5
South Korea,14.086,1.008674259,0.006438318,5
South Korea,18.579,50.60297428,0.04529331,5
South Korea,18.73,1.005774511,0.017099359,5
South Korea,19.239,1.118825073,0.034844049,5
South Korea,17.495,13.11533671,0.033352516,5
South Korea,16.86,1.002883099,0.006976979,5
South Korea,19.98,1.248170944,0.041333836,5
South Korea,18.798,2.012917412,0.037819902,5
South Korea,18.012,3.399247961,0.035128628,5
South Korea,16.381,1.005774511,0.006281757,5
South Korea,16.316,1.008674259,0.00555602,5
South Korea,16.271,2.132220959,0.02202305,5
South Korea,16.713,1.916772821,0.02419066,5
South Korea,17.166,1.01742376,0.002497326,5
South Korea,10.9,2.059816141,0.005538773,5
South Korea,19.966,1.014498859,0.016835713,5
South Korea,14.255,1.005774511,0.010497667,5
South Korea,17.405,1.174944911,0.025182337,5
South Korea,16.475,1.900289221,0.022868481,5
South Korea,19.661,6.312480507,0.054071157,5
South Korea,19.38,1.008674259,0.004650936,5
South Korea,10.697,1.014498859,0.001170013,5
South Korea,19.211,3.126970477,0.044893181,5
South Korea,19.142,1.002883099,0.021095163,5
South Korea,17.125,1.005774511,0.016616961,5
South Korea,18.052,1.011582367,0.01836046,5
South Korea,16.59,86.94303746,0.027075929,5
South Korea,16.5,1.01742376,0.009566187,5
South Korea,17.165,1.01742376,0.011943766,5
South Korea,19.726,1.011582367,0.027104894,5
South Korea,18.387,1.927841246,0.034420576,5
South Korea,19.839,3.559490572,0.053239518,5
South Korea,17.628,1.372569625,0.027168694,5
South Korea,18.649,1.011582367,0.013154712,5
South Korea,18.425,1.005774511,0.003064298,5
South Korea,18.817,1.002883099,0.0060902,5
South Korea,19.962,1.640792882,0.045130026,5
South Korea,19.733,1.151503643,0.038004221,5
South Korea,17.306,1.008674259,0.023090626,5
South Korea,12.19,1.014498859,0.005206627,5
South Korea,18.125,1.005774511,0.013602446,5
South Korea,19.538,24.42569679,0.057264792,5
South Korea,19.916,6.921656654,0.057956648,5
South Korea,14.037,1.011582367,0.003015322,5
South Korea,17.044,1.005774511,0.022007083,5
South Korea,13.552,2.441163677,0.011376691,5
South Korea,14.039,3.389475766,0.013282026,5
South Korea,11.758,1.011582367,0.002899751,5
South Korea,15.963,1.01742376,0.00727763,5
South Korea,13.107,1.557930706,0.009779858,5
South Korea,16.214,1.002883099,0.013625547,5
South Korea,19.823,1.005774511,0.02810377,5
South Korea,16.58,1.612693695,0.022720988,5
South Korea,17.96,1.011582367,0.008087003,5
South Korea,19.339,1.793962883,0.041228379,5
South Korea,17.206,1.002883099,0.009969296,5
South Korea,14.456,1.011582367,0.007898626,5
South Korea,18.772,1.580518923,0.035939257,6
South Korea,18.017,1.002883099,0.002765941,6
South Korea,12.714,1.005774511,0.001860048,6
South Korea,19.188,1.277251935,0.035760521,6
South Korea,19.466,1.002883099,0.02265058,6
South Korea,16.611,1.002883099,0.005477846,6
South Korea,18.623,2.608279263,0.038608685,6
South Korea,19.766,1.356854044,0.041006969,6
South Korea,19.968,1.014498859,0.01197626,6
South Korea,16.871,1.005774511,0.014777793,6
South Korea,15.425,1.008674259,0.008919767,6
South Korea,17.154,1.014498859,0.018737174,6
South Korea,19.269,1.008674259,0.016858037,6
South Korea,18.199,2.723383345,0.035129061,6
South Korea,17.226,1.322148754,0.024929043,6
South Korea,13.752,1.011582367,0.004119132,6
South Korea,13.791,1.209262625,0.011181334,6
South Korea,19.126,2.132220959,0.04148271,6
South Korea,19.044,1.090208032,0.033319026,6
South Korea,15.799,1.014498859,0.008153022,6
South Korea,18.027,1.005774511,0.001155849,6
South Korea,17.064,1.128530051,0.023024097,6
South Korea,16.406,1.011582367,0.019083838,6
South Korea,15.457,1.01742376,0.011023991,6
South Korea,18.009,2.200825688,0.032795308,6
South Korea,18.157,2.399357842,0.034723185,6
South Korea,19.677,3.236886951,0.050017788,6
South Korea,18.964,1.014498859,0.023843932,6
South Korea,12.262,1.008674259,0.003028951,6
South Korea,16.456,1.002883099,0.017728617,6
South Korea,19.784,17.59184249,0.059240408,6
South Korea,19.49,3.569752937,0.049249711,6
South Korea,17.973,1.014498859,0.019708318,6
South Korea,17.141,1.011582367,0.021120629,6
South Korea,17.582,1.011582367,0.009578652,6
South Korea,17.491,1.008674259,0.003698462,6
South Korea,17.481,1.005774511,0.001930718,6
South Korea,19.192,82.31497862,0.053877458,6
South Korea,15.576,1.011582367,0.003188159,6
South Korea,14.551,1.002883099,0.006811928,6
South Korea,14.038,1.011582367,0.002574596,6
South Korea,19.235,3.814128748,0.047221198,6
South Korea,19.579,2.126091227,0.045644287,6
South Korea,13.907,1.005774511,0.00857276,6
South Korea,17.993,33.81678241,0.038509932,6
South Korea,19.739,1.014498859,0.003460437,6
South Korea,9.2,1.002883099,0.001592903,6
South Korea,19.182,9.020670296,0.049979321,6
South Korea,12.047,1.008674259,0.004751539,6
South Korea,19.843,1.011582367,0.003633962,6
South Korea,19.442,1.645523451,0.041016327,6
South Korea,15.64,1.589645647,0.018247556,6
South Korea,19.483,1.008674259,0.015505217,6
South Korea,18.823,1.002883099,0.00552636,6
South Korea,19.256,16.5121814,0.052237223,6
South Korea,19.916,1.09335121,0.037999023,6
South Korea,19.992,3.321852504,0.05445563,6
South Korea,15.52,1.723094425,0.018066621,6
South Korea,18.62,1.005774511,0.009981702,6
South Korea,19.152,1.005774511,0.030403877,6
South Korea,16.318,1.008674259,0.017968958,6
South Korea,18.745,1.011582367,0.012126751,6
South Korea,15.704,1.005774511,0.009669841,6
South Korea,15.4,1.598825073,0.017256471,6
South Korea,14.623,1.005774511,0.008872089,6
South Korea,19.819,1.005774511,0.029531889,6
South Korea,8.567,1.023298884,0.002511396,6
South Korea,19.933,43.06838034,0.062606706,6
South Korea,19.886,1.728062277,0.045621448,6
South Korea,19.155,1.008674259,0.030258446,6
South Korea,19.683,10.20944774,0.056333428,6
South Korea,13.019,1.011582367,0.003692199,6
South Korea,18.926,1.002883099,0.016000341,6
South Korea,13.762,1.014498859,0.003563617,6
South Korea,16.791,1.005774511,0.0054823,6
South Korea,14.598,1.01742376,0.002405796,6
South Korea,18.848,1.011582367,0.016098669,6
South Korea,18.309,1.178332393,0.029564707,6
South Korea,19.353,6.010972432,0.050170127,6
South Korea,17.743,1.698468569,0.029726709,6
South Korea,15.696,1.809524181,0.018734354,6
South Korea,19.962,1.014498859,0.036102446,6
South Korea,19.526,4.985106245,0.051950269,6
South Korea,19.276,1.011582367,0.030580786,6
South Korea,19.199,3.559490572,0.046403886,6
South Korea,17.601,4.985106245,0.033096229,6
South Korea,19.263,9.777944366,0.050815881,6
South Korea,19.431,1.723094425,0.041218055,6
South Korea,19.854,1.014498859,0.024114899,6
South Korea,17.596,1.014498859,0.006511153,6
South Korea,17.661,15.18956674,0.035631565,6
South Korea,19.49,4.051836506,0.050610627,6
South Korea,19.734,1.867746062,0.045473971,6
South Korea,13.266,1.380495543,0.010141739,6
South Korea,18.799,7.947399712,0.046060585,6
South Korea,19.228,11.85819273,0.051090042,6
South Korea,14.566,1.404548966,0.013851369,6
South Korea,17.962,2.344728289,0.032774126,6
South Korea,14.962,2.27163779,0.016145789,6
South Korea,15.084,1.008674259,0.002596381,6
South Korea,16.905,1.01742376,0.00960382,6
South Korea,17.242,1.014498859,0.010856555,6
South Korea,17.394,1.008674259,0.013695087,6
South Korea,18.757,2.311218261,0.038955809,6
South Korea,18.93,1.005774511,0.011864957,6
South Korea,15.375,1.014498859,0.012808487,6
South Korea,17.679,1.640792882,0.028761949,6
South Korea,19.51,1.793962883,0.042898805,6
South Korea,19.921,1.002883099,0.027497409,6
South Korea,11.921,1.008674259,0.00601223,6
South Korea,18.634,1.008674259,0.008083826,6
South Korea,17.241,1.014498859,0.002678692,6
South Korea,16.943,1.002883099,0.021287414,6
South Korea,16.704,1.005774511,0.008755771,6
South Korea,16.579,1.01742376,0.004757809,6
South Korea,16.889,1.011582367,0.010431132,6
South Korea,18.941,1.318347826,0.034948313,6
South Korea,18.536,1.008674259,0.023652728,6
South Korea,19.917,1.002883099,0.017210302,6
South Korea,14.972,1.014498859,0.013088444,6
South Korea,9.107,1.005774511,0.001469331,6
South Korea,10.8,1.014498859,0.003550027,6
South Korea,19.801,1.011582367,0.036155973,6
South Korea,18.301,1.598825073,0.032443648,6
South Korea,11.009,1.014498859,0.002609419,6
South Korea,18.752,1.011582367,0.007082547,6
South Korea,17.786,2.107807559,0.031070875,6
South Korea,13.548,1.437273389,0.010804286,6
South Korea,19.814,1.005774511,0.00653143,6
South Korea,16.152,1.005774511,0.013014895,6
South Korea,18.525,1.005774511,0.028075741,6
South Korea,10.925,1.008674259,0.004470961,6
South Korea,14.071,1.002883099,0.003590785,6
South Korea,13.689,1.008674259,0.003741519,6
South Korea,19.454,2.85998721,0.046856127,6
South Korea,17.858,1.13504676,0.027029092,6
South Korea,19.72,1.819973298,0.044308869,6
South Korea,17.542,1.905767944,0.029027595,6
South Korea,13.957,1.002883099,0.006412085,6
South Korea,19.757,3.814128748,0.053170129,6
South Korea,18.275,3.428733917,0.037320314,6
South Korea,18.409,1.002883099,0.018545047,6
South Korea,17.743,1.002883099,0.003516853,6
South Korea,17.317,3.695233704,0.029852122,6
South Korea,13.909,1.005774511,0.009304202,6
South Korea,15.431,1.008674259,0.01513209,6
South Korea,15.846,1.005774511,0.01035083,6
South Korea,12.635,1.011582367,0.002448448,6
South Korea,17.231,1.011582367,0.017168421,6
South Korea,15.869,1.011582367,0.004782531,7
South Korea,14.531,1.01742376,0.005768671,7
South Korea,13.064,1.008674259,0.00648092,7
South Korea,16.348,1.241004749,0.0202178,7
South Korea,10.087,1.011582367,0.002038234,7
South Korea,19.849,1.014498859,0.01838383,7
South Korea,10.522,1.077725421,0.004740919,7
South Korea,13.157,1.005774511,0.004580526,7
South Korea,19.223,1.230332526,0.035747159,7
South Korea,16.503,1.01742376,0.006108736,7
South Korea,18.867,1.014498859,0.018725884,7
South Korea,19.289,1.014498859,0.021681615,7
South Korea,18.05,1.011582367,0.02094437,7
South Korea,19.667,4.267342877,0.052699442,7
South Korea,19.947,1.008674259,0.020978393,7
South Korea,17.39,1.005774511,0.002200906,7
South Korea,15.428,1.008674259,0.010468109,7
South Korea,17.996,1.212749049,0.02832737,7
South Korea,14.618,1.002883099,0.010205256,7
South Korea,17.778,1.783663102,0.029895686,7
South Korea,19.488,1.023298884,0.034730343,7
South Korea,19.78,1.835760217,0.045596937,7
South Korea,18.233,1.540092787,0.03196008,7
South Korea,19.959,2.986199234,0.052693324,7
South Korea,19.843,1.011582367,0.031752915,7
South Korea,18.066,5.658328693,0.037503128,7
South Korea,18.115,1.002883099,0.00566627,7
South Korea,19.952,2.200825688,0.048974825,7
South Korea,16.934,1.08707389,0.022209197,7
South Korea,19.498,1.011582367,0.007675369,7
South Korea,17.88,1.01742376,0.008751585,7
South Korea,19.834,1.011582367,0.019818665,7
South Korea,19.38,1.008674259,0.016824915,7
South Korea,18.853,2.918208238,0.041691868,7
South Korea,13.537,1.011582367,0.006923839,7
South Korea,19.831,1.008674259,0.03087234,7
South Korea,19.756,4.005443985,0.053098542,7
South Korea,18.063,1.014498859,0.013760917,7
South Korea,19.916,1.002883099,0.028575065,7
South Korea,19.653,4.242842537,0.052431238,7
South Korea,11.022,1.020357094,0.005133839,7
South Korea,16.377,2.455260203,0.023090812,7
South Korea,18.364,14.88652045,0.042403668,7
South Korea,16.716,1.008674259,0.00701368,7
South Korea,18.448,1.011582367,0.015289166,7
South Korea,16.303,1.083948758,0.019404971,7
South Korea,19.817,1.005774511,0.020649012,7
South Korea,18.884,1.044130275,0.031830782,7
South Korea,14.498,3.836153476,0.014816521,7
South Korea,19.404,1.280934379,0.037257551,7
South Korea,16.321,5.205100356,0.024098917,7
South Korea,16.693,1.002883099,0.01531811,7
South Korea,16.792,1.008674259,0.0100258,7
South Korea,18.638,1.008674259,0.021344001,7
South Korea,19.952,1.011582367,0.021327147,7
South Korea,14.311,1.002883099,0.010809578,7
South Korea,18.624,1.005774511,0.014389658,7
South Korea,16.9,1.014498859,0.002679494,7
South Korea,14.597,1.216245525,0.013611812,7
South Korea,19.953,1.011582367,0.035107138,7
South Korea,17.75,1.005774511,0.021761222,7
South Korea,16.332,1.014498859,0.015519993,7
South Korea,11.524,1.011582367,0.005100241,7
South Korea,16.575,1.014498859,0.011165881,7
South Korea,18.332,1.008674259,0.007693243,7
South Korea,18.333,1.008674259,0.025045373,7
South Korea,18.342,1.793962883,0.033478144,7
South Korea,17.68,1.011582367,0.001300701,7
South Korea,13.041,1.867746062,0.009729845,7
South Korea,19.053,1.008674259,0.018347809,7
South Korea,19.742,1.014498859,0.028327073,7
South Korea,18.745,1.011582367,0.008192528,7
South Korea,9.535,1.062322951,0.003577354,7
South Korea,10.617,1.008674259,0.001463047,7
South Korea,13.105,4.942236012,0.010466462,7
South Korea,19.506,3.428733917,0.049668257,7
South Korea,11.237,1.002883099,0.002320182,7
South Korea,14.869,1.002883099,0.011260412,7
South Korea,18.826,1.005774511,0.003417167,7
South Korea,19.626,1.014498859,0.009247818,7
South Korea,17.544,2.770834922,0.030343314,7
South Korea,19.498,1.011582367,0.009656614,7
South Korea,8.862,1.014498859,0.001794918,7
South Korea,19.483,1.008674259,0.011164838,7
South Korea,19.479,1.55345195,0.040307771,7
South Korea,19.489,1.008674259,0.028560831,7
South Korea,19.173,1.011582367,0.030066575,7
South Korea,11.983,1.32596064,0.007242106,7
South Korea,17.462,1.002883099,0.007775577,7
South Korea,13.194,1.106014805,0.009551402,7
South Korea,19.285,1.011582367,0.033672401,7
South Korea,19.061,1.011582367,0.013920063,7
South Korea,16.408,1.014498859,0.016344346,7
South Korea,18.452,1.014498859,0.026453774,7
South Korea,16.136,10.90835944,0.02354922,7
South Korea,12.927,1.014498859,0.003155405,7
South Korea,19.929,1.005774511,0.021750241,7
South Korea,16.879,2.083673687,0.025494246,7
South Korea,19.248,3.370015575,0.046008032,7
South Korea,19.065,1.011582367,0.01535681,7
South Korea,19.658,1.526848508,0.041944769,7
South Korea,18.417,1.496386429,0.032835277,7
South Korea,16.906,1.09650345,0.022009813,7
South Korea,14.426,1.002883099,0.011930742,7
South Korea,15.813,1.01742376,0.007139849,7
South Korea,19.114,1.412659549,0.036710831,7
South Korea,19.781,4.146239776,0.053489038,7
South Korea,15.987,1.002883099,0.005734748,7
South Korea,14.942,1.005774511,0.014130254,7
South Korea,19.885,4.110583512,0.055456526,7
South Korea,19.057,1.557930706,0.037444318,7
South Korea,18.733,2.653725294,0.039995184,7
South Korea,19.099,1.005774511,0.032334372,7
South Korea,17.79,1.01742376,0.009898159,7
South Korea,19.275,1.011582367,0.0077901,7
South Korea,18.488,3.559490572,0.039057125,7
South Korea,16.701,1.005774511,0.010532258,7
South Korea,18.9,4.455661893,0.043997868,7
South Korea,19.274,1.011582367,0.005160069,7
South Korea,13.109,1.008674259,0.001239148,7
South Korea,15.279,5.545439659,0.018810845,7
South Korea,19.501,1.011582367,0.031055646,7
South Korea,15.863,1.008674259,0.004510022,7
South Korea,16.099,1.014498859,0.014688168,7
South Korea,14.199,1.005774511,0.009844326,7
South Korea,17.791,1.01742376,0.011990719,7
South Korea,17.839,1.168199132,0.027320741,7
South Korea,19.888,8.274265122,0.058904844,7
South Korea,17.04,1.005774511,0.010703422,7
South Korea,13.53,1.008674259,0.006482518,7
South Korea,17.616,4.999478801,0.033137358,7
South Korea,18.134,7.856403961,0.039084472,7
South Korea,18.104,12.48889836,0.039111496,7
South Korea,17.886,1.01742376,0.001690749,7
South Korea,9.012,1.005774511,0.002595861,7
South Korea,12.102,1.014498859,0.004093697,7
South Korea,19.141,1.020357094,0.032791961,7
South Korea,15.639,1.008674259,0.00988282,7
South Korea,19.445,17.49084144,0.055293844,7
South Korea,13.585,1.205786223,0.010774527,7
South Korea,13.477,1.008674259,0.009934774,7
South Korea,16.186,1.01742376,0.014265603,8
South Korea,18.961,7.924552441,0.047533888,8
South Korea,18.704,1.125285741,0.031433479,8
South Korea,17.653,1.557930706,0.028499689,8
South Korea,17.123,1.005774511,0.008751527,8
South Korea,14.393,1.011582367,0.006125056,8
South Korea,19.953,1.059268973,0.038030659,8
South Korea,15.864,1.014498859,0.017407545,8
South Korea,16.098,1.014498859,0.007480163,8
South Korea,19.859,5.419178838,0.056501931,8
South Korea,18.245,15.18956674,0.040743273,8
South Korea,18.549,1.011582367,0.0269303,8
South Korea,19.39,1.995607,0.043004793,8
South Korea,16.904,1.014498859,0.017146838,8
South Korea,15.665,1.09650345,0.017012532,8
South Korea,15.618,1.002883099,0.010642386,8
South Korea,18.652,1.014498859,0.029182167,8
South Korea,15.159,1.011582367,0.005376045,8
South Korea,19.935,1.005774511,0.003008529,8
South Korea,17.332,3.399247961,0.030098091,8
South Korea,19.035,1.002883099,0.00436324,8
South Korea,16.554,1.008674259,0.016683046,8
South Korea,18.752,1.011582367,0.022561545,8
South Korea,18.794,1.429021489,0.035125038,8
South Korea,17.896,4.928028018,0.034951216,8
South Korea,16.142,1.002883099,0.01535136,8
South Korea,19.92,1.002883099,0.024072854,8
South Korea,18.116,1.002883099,0.011385402,8
South Korea,17.084,2.608279263,0.027624874,8
South Korea,19.288,1.014498859,0.003780476,8
South Korea,18.429,2.41321296,0.036876723,8
South Korea,18.218,1.002883099,0.021415296,8
South Korea,13.17,1.011582367,0.003547583,8
South Korea,17.702,1.788805579,0.029457206,8
South Korea,19.994,1.198863374,0.040365738,8
South Korea,14.644,1.011582367,0.007127281,8
South Korea,19.144,1.005774511,0.026162851,8
South Korea,17.165,1.01742376,0.004698636,8
South Korea,15.305,1.014498859,0.007286644,8
South Korea,19.474,3.418876955,0.048405777,8
South Korea,18.63,2.258595506,0.037409185,8
South Korea,15.021,1.008674259,0.012413137,8
South Korea,15.879,1.014498859,0.003535854,8
South Korea,16.375,1.002883099,0.014495394,8
South Korea,19.144,2.66904926,0.043275332,8
South Korea,14.799,1.226795553,0.014314983,8
South Korea,16.719,1.008674259,0.018426515,8
South Korea,18.014,1.191980271,0.028356731,8
South Korea,17.044,2.392460142,0.026558199,8
South Korea,18.067,2.132220959,0.033117302,8
South Korea,18.569,1.557930706,0.034108385,8
South Korea,17.84,1.005774511,0.022755707,8
South Korea,15.484,1.014498859,0.016124429,8
South Korea,19.58,1.002883099,0.010296907,8
South Korea,19.356,2.27163779,0.043893954,8
South Korea,19.654,5.674642216,0.054092107,8
South Korea,18.168,1.191980271,0.02939654,8
South Korea,13.896,1.002883099,0.001899977,8
South Korea,19.972,1.014498859,0.015864911,8
South Korea,17.567,1.005774511,0.002704345,8
South Korea,19.335,1.205786223,0.036368176,8
South Korea,14.756,9.337756843,0.016388518,8
South Korea,18.41,1.002883099,0.008747999,8
South Korea,16.286,1.059268973,0.019320293,8
South Korea,12.712,1.005774511,0.003424889,8
South Korea,18.509,1.002883099,0.011322635,8
South Korea,16.672,5.013892794,0.026025687,8
South Korea,12.914,1.008674259,0.008016727,8
South Korea,19.884,8.179526844,0.058255835,8
South Korea,15.798,1.011582367,0.015359616,8
South Korea,13.593,1.014498859,0.00227381,8
South Korea,18.235,1.168199132,0.029328798,8
South Korea,15.496,1.008674259,0.012513632,8
South Korea,16.021,2.083673687,0.020603826,8
South Korea,17.982,4.999478801,0.036023496,8
South Korea,18.048,9.310912558,0.038140072,8
South Korea,19.568,1.318347826,0.039056035,8
South Korea,19.322,1.161492083,0.035643262,8
South Korea,16.936,2.365067068,0.025872501,8
South Korea,16.971,1.011582367,0.009176361,8
South Korea,18.567,20.72903786,0.04475121,8
South Korea,18.091,18.05361352,0.039184968,8
South Korea,15.882,3.020786488,0.020656282,8
South Korea,19.089,1.384475648,0.036679784,8
South Korea,18.311,1.002883099,0.003943004,8
South Korea,17.201,1.002883099,0.011199379,8
South Korea,17.235,1.011582367,0.013991061,8
South Korea,14.47,1.01742376,0.008742655,8
South Korea,16.622,1.005774511,0.007019831,8
South Korea,19.845,1.011582367,0.005134426,8
South Korea,18.419,4.341696034,0.039383791,8
South Korea,14.431,1.002883099,0.009479655,8
South Korea,14.46,1.014498859,0.006000443,9
South Korea,15.709,1.819973298,0.018825695,9
South Korea,19.03,1.002883099,0.030307732,9
South Korea,14.97,1.014498859,0.003486992,9
South Korea,15.302,1.014498859,0.010390907,9
South Korea,18.547,1.011582367,0.02302633,9
South Korea,11.292,1.011582367,0.004507599,9
South Korea,19.349,3.51873529,0.047764682,9
South Korea,16.963,1.008674259,0.002276107,9
South Korea,16.454,1.056223775,0.019891421,9
South Korea,13.598,1.014498859,0.009708649,9
South Korea,15.818,3.559490572,0.020602297,9
South Korea,15.559,1.753117208,0.017973945,9
South Korea,16.342,11.79011061,0.0250323,9
South Korea,17.863,1.011582367,0.013239204,9
South Korea,13.42,1.008674259,0.006932352,9
South Korea,16.62,3.46844677,0.025005405,9
South Korea,10.879,1.002883099,0.00145689,9
South Korea,18.527,1.005774511,0.01116566,9
South Korea,18.063,1.014498859,0.015094923,9
South Korea,15.108,1.13504676,0.015324852,9
South Korea,15.008,1.026249157,0.014419168,9
South Korea,11.292,1.011582367,0.003675803,9
South Korea,17.672,1.008674259,0.020919657,9
South Korea,14.835,1.011582367,0.009363249,9
South Korea,19.104,10.03460716,0.04901959,9
South Korea,18.508,1.462316096,0.033343899,9
South Korea,17.678,1.011582367,0.005537606,9
South Korea,18.416,1.002883099,0.014753452,9
South Korea,11.948,1.002883099,0.00476673,9
South Korea,17.106,4.468508009,0.029173458,9
South Korea,15.275,1.002883099,0.009629039,9
South Korea,19.488,1.008674259,0.006449794,9
South Korea,15.848,1.005774511,0.001824578,9
South Korea,17.387,158.690211,0.033678291,9
South Korea,13.197,1.115608663,0.009630909,9
South Korea,7.422,1.01742376,0.001071828,9
South Korea,18.313,1.002883099,0.010262559,9
South Korea,19.392,1.011582367,0.012494324,9
South Korea,16.626,1.005774511,0.017282679,9
South Korea,9.18,1.005774511,0.002960329,9
South Korea,11.062,1.005774511,0.002374035,9
South Korea,19.99,6.258195303,0.059609511,9
South Korea,17.8,5.466186196,0.034624876,9
South Korea,14.536,1.01742376,0.012905716,9
South Korea,17.224,1.008674259,0.005299011,9
South Korea,16.585,8.394232525,0.026218852,9
South Korea,17.76,2.526973282,0.03195142,9
South Korea,13.573,3.18145406,0.011537953,9
South Korea,17.518,1.571444599,0.027703058,9
South Korea,8.846,1.01742376,0.002723905,9
South Korea,18.522,1.005774511,0.018854116,9
South Korea,16.899,2.047990001,0.025557316,9
South Korea,17.557,1.002883099,0.001077684,9
South Korea,18.646,1.011582367,0.022938803,9
South Korea,19.807,1.002883099,0.033643947,9
South Korea,18.417,62.43798258,0.044107393,9
South Korea,13.647,6.45955426,0.012092351,10
South Korea,19.725,2.012917412,0.046002673,10
South Korea,16.901,1.014498859,0.016511802,10
South Korea,18.792,2.399357842,0.039492834,10
South Korea,17.223,1.008674259,0.020147896,10
South Korea,19.859,6.276238301,0.057271196,10
South Korea,18.56,8.589808778,0.042600094,10
South Korea,12.438,1.566926993,0.008295706,10
South Korea,19.504,1.011582367,0.022794193,10
South Korea,16.774,1.002883099,0.018690045,10
South Korea,19.791,1.650267659,0.043607559,10
South Korea,17.312,1.008674259,0.017321681,10
South Korea,17.885,3.209050815,0.033474196,10
South Korea,16.991,1.927841246,0.02550853,10
South Korea,19.953,1.011582367,0.020758023,10
South Korea,19.828,2.534258797,0.049434067,10
South Korea,19.937,1.005774511,0.007946874,10
South Korea,11.03,1.008674259,0.00418027,10
South Korea,7.4,1.002883099,0.001129988,10
South Korea,19.272,3.135985844,0.04597422,10
South Korea,15.222,1.008674259,0.004110486,10
South Korea,19.056,8.764672318,0.049290897,10
South Korea,19.707,1.005774511,0.012488691,10
South Korea,17.06,1.011582367,0.012428204,10
South Korea,14.372,1.002883099,0.006658526,10
South Korea,19.046,1.005774511,0.012065505,10
South Korea,18.251,1.014498859,0.02244352,10
South Korea,19.736,1.014498859,0.032831512,10
South Korea,14.415,2.512465026,0.014126573,10
South Korea,12.757,1.005774511,0.005248675,10
South Korea,16.941,1.002883099,0.014369403,10
South Korea,19.466,1.002883099,0.02945632,10
South Korea,16.868,1.612693695,0.024296129,10
South Korea,18.157,1.014498859,0.023520084,10
South Korea,19.434,2.077683519,0.043765191,10
South Korea,18.537,1.008674259,0.004194235,10
South Korea,17.936,1.005774511,0.024219372,10
South Korea,16.863,1.002883099,0.016636668,10
South Korea,18.023,1.002883099,0.007660034,10
South Korea,16.222,1.002883099,0.003487148,10
South Korea,16.379,1.005774511,0.017226943,10
South Korea,18.385,1.333617414,0.031650341,10
South Korea,17.282,1.002883099,0.023157762,10
South Korea,15.333,1.011582367,0.015609653,10
South Korea,19.872,2.012917412,0.046862092,10
South Korea,14.487,1.002883099,0.004613306,10
South Korea,17.752,1.005774511,0.013000698,11
South Korea,18.869,65.75889225,0.049211334,11
South Korea,12.707,1.002883099,0.004734297,11
South Korea,17.578,1.008674259,0.002230237,11
South Korea,16.298,1.002883099,0.002901685,11
South Korea,19.935,1.364689212,0.042005885,11
South Korea,12.448,4.086983183,0.008674726,11
South Korea,19.271,1.008674259,0.028126911,11
South Korea,18.89,1.733044452,0.037720326,11
South Korea,16.961,1.008674259,0.003802039,11
South Korea,9.876,1.008674259,0.003827766,11
South Korea,17.665,1.008674259,0.00249012,11
South Korea,19.567,1.262627717,0.038107149,11
South Korea,18.294,1.080832611,0.02862982,11
South Korea,17.685,1.014498859,0.015931822,11
South Korea,15.303,1.014498859,0.012479885,11
South Korea,18.006,1.005774511,0.026629124,11
South Korea,18.547,3.370015575,0.039584212,11
South Korea,19.709,1.008674259,0.029120882,11
South Korea,16.695,1.002883099,0.012531743,11
South Korea,18.19,6.553210426,0.038717655,12
South Korea,15.523,1.01742376,0.008724669,12
South Korea,11.154,1.014498859,0.003898997,12
South Korea,17.402,1.008674259,0.008841042,12
South Korea,19.72,1.011582367,0.020920872,12
South Korea,12.229,1.014498859,0.007227483,12
South Korea,17.26,5.823596788,0.030820812,12
South Korea,18.92,1.002883099,0.013887323,12
South Korea,11.624,1.005774511,0.005090852,12
South Korea,15.795,1.011582367,0.004000933,12
South Korea,18.027,1.005774511,0.017149761,13
Middle East,11.66,2.047990001,0.04607762,2
Middle East,9.695,3.046989571,0.03577192,2
Middle East,17.957,5.942148292,0.224759476,2
Middle East,11.612,1.955792745,0.044554319,2
Middle East,18.895,5.057384597,0.224133596,2
Middle East,18.805,3.70588743,0.16981253,2
Middle East,14.661,7.206334691,0.139188093,2
Middle East,12.825,1.922299067,0.053479264,2
Middle East,8.917,1.479253177,0.02292067,2
Middle East,18.324,8.943095573,0.296144582,2
Middle East,16.255,2.095705883,0.082082523,2
Middle East,18.734,11.0665182,0.347824326,2
Middle East,18.903,12.48889836,0.374949877,2
Middle East,15.345,1.708276394,0.062770587,2
Middle East,14.552,9.891196101,0.149001243,2
Middle East,19.488,7.022012778,0.30324325,2
Middle East,19.478,16.79988569,0.470788162,2
Middle East,18.226,4.970775007,0.205961646,2
Middle East,14.418,3.18145406,0.09350667,2
Middle East,12.964,2.351488373,0.062363709,2
Middle East,17.227,2.876502237,0.119579531,2
Middle East,19.149,9.257455283,0.340247617,2
Middle East,17.863,12.8907317,0.318482066,2
Middle East,13.724,2.556241613,0.073500548,2
Middle East,15.467,1.927841246,0.071460832,2
Middle East,19.698,4.638917021,0.222362338,2
Middle East,16.316,2.434145793,0.095217278,2
Middle East,14.696,6.098124673,0.132136364,2
Middle East,16.285,7.524352225,0.193418166,2
Middle East,14.957,3.246219218,0.102239615,2
Middle East,19.83,7.144362642,0.318808522,3
Middle East,17.409,5.403599724,0.195786482,3
Middle East,11.301,1.333617414,0.032997129,3
Middle East,14.902,2.095705883,0.073364398,3
Middle East,16.737,3.559490572,0.136286695,3
Middle East,11.808,9.310912558,0.076582889,3
Middle East,19.663,12.34590358,0.427159405,3
Middle East,15.483,10.65999348,0.184829389,3
Middle East,13.25,1.299506466,0.040466429,3
Middle East,17.901,8.109185671,0.265575838,3
Middle East,16.624,2.169372265,0.087324325,3
Middle East,15.873,7.289801101,0.178679582,3
Middle East,17.983,4.928028018,0.198846594,3
Middle East,17.423,4.404645672,0.172515877,3
Middle East,19.262,6.258195303,0.272453123,3
Middle East,16.212,8.467046268,0.198829187,3
Middle East,16.235,4.242842537,0.144800596,3
Middle East,18.335,13.22910254,0.350561419,3
Middle East,12.807,9.41875496,0.098637696,3
Middle East,17.626,6.941612478,0.234639649,3
Middle East,12.1,1.29577063,0.035803306,3
Middle East,13.907,6.45955426,0.115147175,3
Middle East,17.062,6.705892918,0.209299196,3
Middle East,18.541,4.746998612,0.204853389,3
Middle East,12.941,3.360327417,0.07474341,3
Middle East,11.957,16.464712,0.084571448,3
Middle East,16.744,8.085873296,0.218507275,3
Middle East,13.749,3.073419946,0.082315903,3
Middle East,12.015,1.799135056,0.045433102,3
Middle East,16.944,10.44731649,0.249399226,3
Middle East,18.404,3.488475353,0.155975156,3
Middle East,18.037,3.959582648,0.169421566,3
Middle East,19.486,8.565114702,0.343188606,3
Middle East,12.314,2.077683519,0.051857339,3
Middle East,19.961,15.10235801,0.491523555,3
Middle East,19.174,9.721805694,0.352477196,3
Middle East,15.478,4.80198009,0.13776791,3
Middle East,16.11,10.15083166,0.209560246,3
Middle East,11.214,2.66904926,0.04818827,3
Middle East,11.236,2.245628102,0.044735876,3
Middle East,19.255,4.815824676,0.221837202,3
Middle East,15.506,2.600780953,0.093299466,3
Middle East,13.912,1.783663102,0.057699054,3
Middle East,19.744,10.12164994,0.388698082,3
Middle East,12.311,7.144362642,0.083046363,3
Middle East,9.518,2.563611512,0.032546236,3
Middle East,18.438,7.395494898,0.272904706,3
Middle East,17.87,6.610054667,0.236028736,3
Middle East,15.055,8.039449408,0.157271982,3
Middle East,18.608,5.874112172,0.241714329,3
Middle East,16.992,9.41875496,0.239937386,3
Middle East,18.668,3.770457923,0.17099379,3
Middle East,14.503,6.367236595,0.130249528,3
Middle East,14.21,1.608057505,0.054141495,3
Middle East,16.105,3.716571871,0.130232764,3
Middle East,11.962,2.969054397,0.058578119,3
Middle East,19.256,3.66345594,0.172671937,3
Middle East,17.052,13.69412014,0.274188851,3
Middle East,17.749,3.948199596,0.164525421,3
Middle East,17.27,2.630904152,0.110357963,3
Middle East,19.166,5.071965539,0.23048017,3
Middle East,17.278,4.679156187,0.176430595,3
Middle East,18.03,13.26724335,0.32729211,3
Middle East,18.13,7.144362642,0.257887419,3
Middle East,16.506,2.811008867,0.11013308,3
Middle East,17.926,17.19130428,0.351326305,3
Middle East,13.92,1.703365422,0.05536435,3
Middle East,17.577,9.230841849,0.263762102,3
Middle East,15.452,7.416816844,0.166056823,3
Middle East,19.6,5.388065396,0.25157828,3
Middle East,14.753,11.16251204,0.158748132,3
Middle East,14.854,5.205100356,0.1288592,3
Middle East,8.919,1.171567166,0.020203845,3
Middle East,16.63,5.357130588,0.175166595,3
Middle East,19.949,9.284145445,0.382644496,3
Middle East,18.338,6.010972432,0.237903967,3
Middle East,19.206,8.322044956,0.326718376,3
Middle East,16.909,2.462338961,0.100806675,3
Middle East,14.109,4.341696034,0.10442991,3
Middle East,16.376,3.82512526,0.13791713,3
Middle East,18.746,7.459645333,0.288302238,3
Middle East,14.27,4.341696034,0.107352847,3
Middle East,16.838,7.677526167,0.216868715,3
Middle East,15.794,10.59879065,0.198714081,3
Middle East,17.232,3.51873529,0.142241611,3
Middle East,17.379,4.379357028,0.169924765,3
Middle East,14.245,7.416816844,0.12972416,3
Middle East,18.23,5.908032296,0.232879757,3
Middle East,13.579,1.429021489,0.045735014,3
Middle East,17.695,7.633446747,0.248918772,3
Middle East,17.842,5.466186196,0.209519344,3
Middle East,16.798,12.20454605,0.254451308,3
Middle East,16.639,8.370100694,0.216022833,3
Middle East,16.779,4.005443985,0.149672308,3
Middle East,11.448,4.455661893,0.060148538,3
Middle East,19.75,14.63158326,0.466582475,4
Middle East,19.3,11.99553867,0.399461286,4
Middle East,19.272,12.77987575,0.404957095,4
Middle East,13.023,2.16313573,0.059435757,4
Middle East,15.709,7.082923532,0.170849725,4
Middle East,11.655,4.899734448,0.065027378,4
Middle East,13.198,5.85722521,0.096752429,4
Middle East,18.778,8.789941739,0.31526072,4
Middle East,19.499,4.612283342,0.218602442,4
Middle East,19.337,4.788175306,0.22218601,4
Middle East,13.629,1.867746062,0.057927391,4
Middle East,15.488,3.847213487,0.122186771,4
Middle East,17.567,4.706176025,0.18316826,4
Middle East,10.81,1.202319816,0.028491841,4
Middle East,19.337,4.158193797,0.196297814,4
Middle East,17.638,8.274265122,0.254966498,4
Middle East,19.31,15.95146959,0.447078003,4
Middle East,11.471,1.683862312,0.039670806,4
Middle East,17.823,3.331429734,0.143391851,4
Middle East,19.218,16.37018221,0.44170354,4
Middle East,17.963,6.063113161,0.227075869,4
Middle East,15.222,1.911262462,0.069538852,4
Middle East,19.087,5.642062068,0.247273888,4
Middle East,7.735,1.470760256,0.017375504,4
Middle East,9.145,2.278187147,0.028579304,4
Middle East,18.818,13.15314953,0.381486827,4
Middle East,6.494,1.002883099,0.010394313,4
Middle East,19.857,17.59184249,0.512336579,4
Middle East,13.063,8.739475543,0.103677185,4
Middle East,19.204,5.674642216,0.251834131,4
Middle East,15.133,12.34590358,0.178807271,4
Middle East,15.748,3.948199596,0.129362733,4
Middle East,14.364,1.989870008,0.066302702,4
Middle East,11.964,1.329783516,0.035930732,4
Middle East,14.119,8.039449408,0.128668761,4
Middle East,15.675,12.66997313,0.200138338,4
Middle East,17.65,9.55531616,0.273495853,4
Middle East,13.21,3.064584445,0.075239499,4
Middle East,8.056,2.207170887,0.021658503,4
Middle East,19.577,5.674642216,0.261661937,4
Middle East,14.621,7.062561466,0.138614012,4
Middle East,6.656,1.002883099,0.006976203,4
Middle East,13.944,4.075233879,0.097581713,4
Middle East,12.689,2.406275429,0.06003963,4
Middle East,19.841,5.357130588,0.255280137,4
Middle East,16.028,6.045682857,0.167894287,4
Middle East,17.969,4.122434732,0.17379678,4
Middle East,14.183,12.16946029,0.142343543,4
Middle East,18.921,3.458475641,0.160097062,4
Middle East,18.087,11.79011061,0.317726777,4
Middle East,19.139,9.693857341,0.351377158,4
Middle East,17.82,4.692646659,0.188975561,4
Middle East,13.325,14.58952022,0.118327134,4
Middle East,19.506,6.258195303,0.279844327,4
Middle East,15.134,8.250478175,0.161190827,4
Middle East,17.198,6.294333319,0.207032739,4
Middle East,14.233,1.470760256,0.049716417,4
Middle East,17.698,14.17548362,0.314217122,4
Middle East,19.912,4.985106245,0.24115264,4
Middle East,17.257,5.466186196,0.194941335,4
Middle East,15.439,17.49084144,0.203446536,4
Middle East,18.724,5.481945754,0.234276639,4
Middle East,17.869,7.12382395,0.245693889,4
Middle East,17.392,8.322044956,0.244415551,4
Middle East,13.284,3.438619297,0.08060852,4
Middle East,18.833,3.970998518,0.181136499,4
Middle East,9.909,1.002883099,0.00958362,4
Middle East,14.362,1.703365422,0.057949292,4
Middle East,10.929,3.438619297,0.049510026,4
Middle East,16.299,6.59105201,0.184113185,4
Middle East,19.162,14.17548362,0.411391183,4
Middle East,17.667,3.236886951,0.137658067,4
Middle East,16.04,6.010972432,0.169139795,4
Middle East,16.312,2.047990001,0.080716393,4
Middle East,17.829,9.610493436,0.279951461,4
Middle East,18.489,10.6907273,0.329524677,4
Middle East,13.687,9.284145445,0.121079402,4
Middle East,19.337,4.585802575,0.214283279,4
Middle East,18.14,3.528880153,0.15460109,4
Middle East,13.996,5.707410499,0.113556498,4
Middle East,15.157,3.869429263,0.116625349,4
Middle East,19.074,6.010972432,0.259039177,4
Middle East,16.708,10.78346144,0.23710022,4
Middle East,17.238,2.462338961,0.102976005,4
Middle East,16.904,5.115961079,0.178069322,4
Middle East,15.054,5.280568372,0.134677441,4
Middle East,17.952,9.284145445,0.283686983,4
Middle East,15.045,2.317881733,0.081073493,4
Middle East,15.89,2.802927748,0.103234725,4
Middle East,17.553,7.76645009,0.245448161,4
Middle East,12.867,6.115706172,0.090974803,4
Middle East,19.782,8.039449408,0.344532936,4
Middle East,15.097,9.020670296,0.162928117,4
Middle East,14.46,5.071965539,0.118557927,4
Middle East,17.928,5.691002773,0.217179992,4
Middle East,19.598,7.655454731,0.325743051,4
Middle East,15.226,2.754926569,0.094268325,4
Middle East,16.263,13.85273046,0.235074323,4
Middle East,17.572,3.350667111,0.141250992,4
Middle East,18.203,3.781328527,0.165312397,4
Middle East,17.536,4.942236012,0.188734399,4
Middle East,14.567,3.418876955,0.099459616,4
Middle East,16.443,11.5548867,0.229433125,4
Middle East,17.649,5.790161438,0.21217658,4
Middle East,17.434,5.190136677,0.191944023,4
Middle East,17.946,7.268844301,0.251197788,4
Middle East,18.373,4.417344703,0.191223867,4
Middle East,17.457,3.869429263,0.156888444,4
Middle East,14.286,16.79988569,0.15458745,4
Middle East,14.977,1.961431489,0.069635245,4
Middle East,17.844,6.534371185,0.233570105,4
Middle East,13.539,14.75850139,0.125666047,4
Middle East,19.581,7.788841536,0.327286163,4
Middle East,10.502,2.16313573,0.038132909,4
Middle East,18.822,5.823596788,0.246423634,4
Middle East,17.91,8.639410721,0.271958988,4
Middle East,17.38,3.40904833,0.140400462,4
Middle East,17.299,13.34385519,0.286549379,4
Middle East,18.037,11.19469467,0.311801546,4
Middle East,18.964,4.599023899,0.20861959,4
Middle East,18.838,9.445910166,0.330148301,4
Middle East,10.536,1.458112214,0.031202344,4
Middle East,18.671,5.042845572,0.21821675,4
Middle East,16.901,12.23973297,0.259583531,4
Middle East,17.115,2.630904152,0.109155438,4
Middle East,16.411,4.063518353,0.143324282,4
Middle East,19.645,13.6154973,0.440992066,4
Middle East,18.68,4.559473844,0.201681284,4
Middle East,18.752,3.283818119,0.150587112,4
Middle East,8.795,5.72386553,0.031987596,4
Middle East,17.688,6.610054667,0.229124775,4
Middle East,18.697,4.57261926,0.202645047,4
Middle East,15.543,3.959582648,0.124888293,4
Middle East,13.046,15.99745926,0.112413639,4
Middle East,19.123,6.822734785,0.284195109,4
Middle East,15.466,3.770457923,0.120790474,4
Middle East,14.903,13.53732587,0.171808975,4
Middle East,14.174,1.483518011,0.049975029,4
Middle East,19.096,13.34385519,0.401490864,4
Middle East,17.297,5.85722521,0.20276985,4
Middle East,15.837,2.462338961,0.092457942,4
Middle East,18.229,11.65511677,0.325280114,4
Middle East,19.354,4.57261926,0.213924177,4
Middle East,17.179,2.399357842,0.099873398,4
Middle East,19.878,9.610493436,0.385277926,4
Middle East,15.438,3.559490572,0.115591123,4
Middle East,13.011,1.585075716,0.04729856,4
Middle East,18.33,3.803163849,0.168026295,4
Middle East,17.551,10.93980932,0.284243402,4
Middle East,16.356,13.00254924,0.232553726,4
Middle East,17.381,4.206355521,0.165720243,4
Middle East,14.425,8.840699352,0.140351234,4
Middle East,19.732,5.674642216,0.265192878,4
Middle East,15.926,3.580044889,0.124246717,4
Middle East,11.942,4.218482862,0.066157897,4
Middle East,18.244,4.206355521,0.181029491,4
Middle East,19.523,6.478177796,0.287029207,4
Middle East,16.973,2.794869861,0.114235161,4
Middle East,15.895,7.481152231,0.180767816,4
Middle East,19.998,6.981696894,0.318671964,4
Middle East,15.482,3.498532974,0.1150192,4
Middle East,15.625,5.481945754,0.150669209,4
Middle East,19.9,6.572103982,0.301024277,4
Middle East,18.792,11.48854597,0.356024751,4
Middle East,18.002,6.881916951,0.247275386,4
Middle East,19.963,6.440984263,0.300218497,4
Middle East,15.524,3.40904833,0.113884924,4
Middle East,18.856,6.783563027,0.27399713,4
Middle East,15.311,3.082280921,0.103487779,4
Middle East,15.258,3.331429734,0.108273763,4
Middle East,13.796,3.847213487,0.092621663,4
Middle East,19.191,6.367236595,0.274005315,4
Middle East,17.416,2.739109552,0.115760793,4
Middle East,16.193,4.815824676,0.154598267,4
Middle East,19.094,15.36549787,0.422594292,4
Middle East,17.599,3.539054265,0.14826798,4
Middle East,17.174,3.163188196,0.129805873,5
Middle East,6.792,1.002883099,0.01101298,5
Middle East,16.336,10.90835944,0.220944525,5
Middle East,12.339,5.175216015,0.076842244,5
Middle East,18.724,4.520263906,0.201378305,5
Middle East,12.774,7.924552441,0.093959323,5
Middle East,19.477,6.648224499,0.29202172,5
Middle East,15.522,2.630904152,0.09462309,5
Middle East,18.078,3.858305386,0.166002704,5
Middle East,17.011,7.062561466,0.214504852,5
Middle East,16.007,2.498040067,0.094749212,5
Middle East,11.903,13.38232685,0.082623349,5
Middle East,19.33,11.38974835,0.391649783,5
Middle East,10.169,2.441163677,0.03709908,5
Middle East,4.353,1.002883099,0.002023599,5
Middle East,13.504,15.76882923,0.125601492,5
Middle East,17.815,15.36549787,0.327288781,5
Middle East,15.467,4.494311456,0.133174412,5
Middle East,19.467,6.961625835,0.300239615,5
Middle East,11.896,1.522459107,0.039657419,5
Middle East,17.612,4.829709176,0.188095709,5
Middle East,17.921,3.9824473,0.168455351,5
Middle East,5.895,1.002883099,0.002453467,5
Middle East,17.382,6.330680015,0.21480035,5
Middle East,19.246,17.39042027,0.451527493,5
Middle East,16.764,11.72241937,0.248835306,5
Middle East,13.35,6.186540523,0.10058905,5
Middle East,19.351,8.418433931,0.331976695,5
Middle East,8.481,6.098124673,0.029211983,5
Middle East,17.484,5.145503251,0.192614251,5
Middle East,17.539,14.71607349,0.30920911,5
Middle East,15.975,8.346038237,0.189747706,5
Middle East,17.194,4.857598384,0.179446921,5
Middle East,17.189,16.32312103,0.296378983,5
Middle East,9.159,10.23888259,0.037713818,5
Middle East,15.976,14.50575657,0.222508003,5
Middle East,14.366,3.539054265,0.098388198,5
Middle East,14.234,9.638201443,0.137521115,5
Middle East,19.653,11.25933856,0.408095046,5
Middle East,18.178,8.250478175,0.279793404,5
Middle East,17.939,8.565114702,0.272968802,5
Middle East,9.361,9.582865085,0.039491154,5
Middle East,16.708,15.32132497,0.261328696,5
Middle East,9.779,3.759618569,0.038409484,5
Middle East,19.612,9.364678523,0.367888855,5
Middle East,19.158,5.145503251,0.232223794,5
Middle East,16.033,6.553210426,0.175036601,5
Middle East,17.714,4.158193797,0.16995413,5
Middle East,17.512,10.20944774,0.274141813,5
Middle East,10.213,1.002883099,0.007539328,5
Middle East,19.861,4.170182282,0.203065942,5
Middle East,11.628,2.73123513,0.052820882,5
Middle East,16.736,2.337987638,0.094671622,5
Middle East,19.166,9.80613515,0.35079077,5
Middle East,19.454,11.22697009,0.392752789,5
Middle East,19.263,16.94561224,0.44870993,5
Middle East,19.424,7.103344304,0.302699471,5
Middle East,18.175,3.073419946,0.136056744,5
Middle East,16.154,4.27964605,0.144040145,5
Middle East,14.056,16.32312103,0.145001422,5
Middle East,16.692,9.098917922,0.224358727,5
Middle East,16.709,15.18956674,0.264005,5
Middle East,18.175,4.075233879,0.175409238,5
Middle East,16.189,8.109185671,0.196315579,5
Middle East,6.526,2.811008867,0.014553842,5
Middle East,14.055,3.814128748,0.096626292,5
Middle East,16.786,3.559490572,0.136563534,5
Middle East,16.352,8.968879405,0.210719063,5
Middle East,14.462,4.928028018,0.116594776,5
Middle East,17.46,14.63158326,0.301744014,5
Middle East,18.541,3.580044889,0.161532803,5
Middle East,18.334,4.158193797,0.18130674,5
Middle East,18.241,5.773515819,0.229761484,5
Middle East,19.031,3.880585212,0.179952115,5
Middle East,17.565,4.706176025,0.183160877,5
Middle East,9.397,1.002883099,0.004652863,5
Middle East,16.781,6.478177796,0.198211881,5
Middle East,18.729,10.50764463,0.340726156,5
Middle East,14.279,2.6233408,0.080596655,5
Middle East,15.871,2.94352153,0.107274573,5
Middle East,12.923,1.161492083,0.035228732,5
Middle East,17.935,2.827241068,0.123530382,5
Middle East,17.193,3.738033256,0.148540508,5
Middle East,15.685,7.268844301,0.170040189,5
Middle East,17.684,8.22675961,0.257284166,5
Middle East,18.278,9.80613515,0.306023148,5
Middle East,17.52,2.676744394,0.113963843,5
Middle East,17.016,11.38974835,0.258728217,5
Middle East,16.894,10.29800713,0.246024865,5
Middle East,15.109,9.310912558,0.165476742,5
Middle East,17.585,9.693857341,0.272845945,5
Middle East,19.501,8.322044956,0.338103844,5
Middle East,16.207,3.9824473,0.137977449,5
Middle East,16.446,7.247947748,0.197468365,5
Middle East,14.921,12.70650192,0.170067976,5
Middle East,17.811,16.75158919,0.336762821,5
Middle East,18.813,9.391677821,0.32817841,5
Middle East,17.062,5.295792775,0.185475865,5
Middle East,18.751,8.346038237,0.303125402,5
Middle East,19.401,7.788841536,0.321644123,5
Middle East,14.437,9.976994894,0.145960358,5
Middle East,16.75,7.310818321,0.209097071,5
Middle East,17.087,10.00575956,0.251195906,5
Middle East,14.87,2.661376248,0.088036491,5
Middle East,15.463,6.045682857,0.153481752,5
Middle East,12.753,6.098124673,0.088592287,5
Middle East,13.933,2.059816141,0.065066278,5
Middle East,16.112,7.589620402,0.189321967,5
Middle East,14.313,14.17548362,0.150444631,5
Middle East,17.309,5.326373387,0.192326435,5
Middle East,16.326,3.936849269,0.139543495,5
Middle East,17.809,10.93980932,0.294237616,5
Middle East,18.261,3.209050815,0.142976147,5
Middle East,10.33,2.232735149,0.037253525,5
Middle East,15.918,5.891047821,0.163150166,5
Middle East,15.423,2.762869296,0.096908689,5
Middle East,16.319,5.72386553,0.172637645,5
Middle East,19.18,8.917385864,0.33673606,5
Middle East,16.594,3.227581513,0.124764061,5
Middle East,14.005,13.73360164,0.13886863,5
Middle East,13.782,8.614574049,0.121139018,5
Middle East,11.904,2.676744394,0.055237518,5
Middle East,14.655,2.083673687,0.071242611,5
Middle East,18.639,4.942236012,0.214631481,5
Middle East,6.472,2.239172346,0.013766706,5
Middle East,19.669,12.06480703,0.424231617,5
Middle East,18.504,4.341696034,0.19044008,5
Middle East,18.772,3.40904833,0.156297466,5
Middle East,19.318,4.051836506,0.191244115,5
Middle East,17.16,7.164960549,0.221254078,5
Middle East,12.624,3.218302827,0.068766795,5
Middle East,16.194,4.65229148,0.150942691,5
Middle East,13.975,8.589808778,0.125703559,5
Middle East,4.018,1.002883099,0.00143009,5
Middle East,12.667,1.809524181,0.050001312,5
Middle East,15.461,6.222264768,0.153798459,5
Middle East,18.793,14.92943976,0.39576844,5
Middle East,19.268,11.62161052,0.386665974,5
Middle East,17.185,14.97248282,0.28798456,5
Middle East,19.939,14.58952022,0.482724346,5
Middle East,19.152,12.56101564,0.397256997,5
Middle East,10.387,1.005774511,0.02320667,5
Middle East,13.848,13.45960324,0.132860616,5
Middle East,19.314,6.222264768,0.273225562,5
Middle East,12.489,4.533296276,0.076294947,5
Middle East,13.59,2.600780953,0.072546487,5
Middle East,17.107,7.924552441,0.228524925,5
Middle East,17.074,2.876502237,0.118192048,5
Middle East,16.432,5.220107177,0.167527899,5
Middle East,18.586,6.783563027,0.265794113,5
Middle East,14.138,16.22940416,0.148498168,5
Middle East,16.219,3.100079585,0.115724888,5
Middle East,19.404,13.85273046,0.432738922,5
Middle East,8.844,3.858305386,0.030317614,5
Middle East,19.691,13.15314953,0.440882093,5
Middle East,19.878,17.14188253,0.508680444,5
Middle East,16.641,4.391983149,0.155207991,5
Middle East,18.191,10.90835944,0.314306835,5
Middle East,15.047,8.764672318,0.161161169,5
Middle East,17.541,4.075233879,0.164828975,5
Middle East,18.991,17.59184249,0.431552351,5
Middle East,19.104,4.218482862,0.195386781,5
Middle East,17.189,3.145027202,0.129137433,5
Middle East,17.426,3.936849269,0.158412414,5
Middle East,19.421,17.24086852,0.465172618,5
Middle East,16.19,7.677526167,0.19131717,5
Middle East,15.755,9.862760783,0.191410898,5
Middle East,18.413,12.06480703,0.342240713,5
Middle East,15.263,4.546366219,0.12951766,5
Middle East,18.97,16.70343154,0.425881324,5
Middle East,17.376,16.22940416,0.304722943,5
Middle East,18.192,5.609668974,0.222536741,5
Middle East,15.22,11.92666799,0.178194391,5
Middle East,19.089,6.862132741,0.283161732,5
Middle East,11.556,5.086588519,0.064373345,5
Middle East,15.52,12.63354936,0.193509774,5
Middle East,9.549,3.389475766,0.035706381,5
Middle East,11.281,1.522459107,0.036143275,5
Middle East,16.319,7.12382395,0.191200799,5
Middle East,8.615,1.002883099,0.008887275,5
Middle East,16.231,15.5434667,0.235821784,5
Middle East,17.138,7.924552441,0.231429836,5
Middle East,15.571,4.455661893,0.135338397,5
Middle East,17.509,12.09959107,0.288486505,6
Middle East,19.664,9.284145445,0.369875045,6
Middle East,19.455,7.502721136,0.31416052,6
Middle East,17.612,7.744123014,0.245250485,6
Middle East,17.312,2.676744394,0.112621893,6
Middle East,11.507,1.603434644,0.038725499,6
Middle East,19.07,6.744616169,0.280566068,6
Middle East,12.753,4.719744398,0.082411591,6
Middle East,17.334,6.204376933,0.210015471,6
Middle East,15.057,7.589620402,0.152989331,6
Middle East,13.551,6.222264768,0.105320801,6
Middle East,19.38,4.760684681,0.222447769,6
Middle East,11.849,2.226316457,0.049929,6
Middle East,15.067,3.569752937,0.11025552,6
Middle East,16.311,4.481391161,0.150375102,6
Middle East,19.376,6.440984263,0.281307227,6
Middle East,13.164,1.171567166,0.036193225,6
Middle East,18.583,4.788175306,0.207165721,6
Middle East,12.538,5.34172985,0.081114764,6
Middle East,17.493,12.63354936,0.290998158,6
Middle East,18.325,6.098124673,0.239030932,6
Middle East,19.54,14.42247384,0.442892226,6
Middle East,15.582,9.721805694,0.185947609,6
Middle East,13.975,3.498532974,0.091118907,6
Middle East,15.318,15.10235801,0.194473525,6
Middle East,18.57,11.5548867,0.345524074,6
Middle East,17.853,4.255075073,0.176431651,6
Middle East,13.212,8.132565258,0.105009115,6
Middle East,19.772,14.01317786,0.45459747,6
Middle East,18.925,3.458475641,0.160341437,6
Middle East,11.515,4.468508009,0.060990463,6
Middle East,16.872,2.969054397,0.11938615,6
Middle East,18.313,10.44731649,0.316441873,6
Middle East,13.497,2.258595506,0.065714749,6
Middle East,18.826,11.00298137,0.351837128,6
Middle East,9.857,4.942236012,0.041452025,6
Middle East,15.852,8.109185671,0.184405233,6
Middle East,13.337,4.158193797,0.088602093,6
Middle East,18.873,15.18956674,0.402341971,6
Middle East,17.255,12.41719513,0.276400669,6
Middle East,19.617,7.185617841,0.311634905,6
Middle East,18.092,4.970775007,0.203111328,6
Middle East,18.826,10.23888259,0.34295571,6
Middle East,15.806,9.445910166,0.192502342,6
Middle East,11.082,2.483697926,0.045457962,6
Middle East,13.42,7.788841536,0.109242929,6
Middle East,18.568,10.62934802,0.33344156,6
Middle East,19.982,14.54757811,0.481415407,6
Middle East,16.291,4.391983149,0.148591277,6
Middle East,13.93,10.72154973,0.131496121,6
Middle East,15.197,7.76645009,0.158934649,6
Middle East,16.094,13.38232685,0.224054376,6
Middle East,18.035,8.132565258,0.270963524,6
Middle East,15.083,10.84573065,0.171522685,6
Middle East,13.125,1.273580077,0.03923148,6
Middle East,15.977,6.686614743,0.175914077,6
Middle East,15.301,4.719744398,0.133015815,6
Middle East,19.978,9.693857341,0.395180025,6
Middle East,16.802,11.35700497,0.249486827,6
Middle East,17.217,6.803120713,0.218753673,6
Middle East,16.696,9.665989334,0.23075517,6
Middle East,18.381,4.999478801,0.21017361,6
Middle East,18.619,4.146239776,0.185447748,6
Middle East,15.398,9.665989334,0.176622684,6
Middle East,17.154,9.391677821,0.247409574,6
Middle East,12.063,3.478446646,0.064012188,6
Middle East,19.82,4.051836506,0.197098481,6
Middle East,15.834,11.99553867,0.206074352,6
Middle East,19.23,6.881916951,0.288169611,6
Middle East,18.877,3.781328527,0.173647966,6
Middle East,17.999,4.774410207,0.195534491,6
Middle East,12.657,4.546366219,0.079424591,6
Middle East,15.744,2.042102417,0.077239819,6
Middle East,19.618,4.494311456,0.214955333,6
Middle East,13.963,2.047990001,0.064911042,6
Middle East,18.712,6.151021383,0.251855542,6
Middle East,17.412,10.50764463,0.272833544,6
Middle East,18.199,6.629112111,0.247941818,6
Middle East,19.679,5.625842206,0.261883238,6
Middle East,16.533,2.684461713,0.106130801,6
Middle East,13.733,14.71607349,0.13212768,6
Middle East,17.717,9.55531616,0.273642458,6
Middle East,18.408,6.496855026,0.252811576,6
Middle East,17.847,3.428733917,0.147346055,6
Middle East,16.558,6.534371185,0.191118296,6
Middle East,15.863,2.926621722,0.106350845,6
Middle East,17.667,3.631951455,0.151954005,6
Middle East,15.558,8.016337512,0.174108723,6
Middle East,7.362,1.548986069,0.0160865,6
Middle East,14.788,15.40979812,0.17026552,6
Middle East,18.433,12.92789696,0.354836222,6
Middle East,11.576,2.144533492,0.046634031,6
Middle East,19.007,10.44731649,0.356938849,6
Middle East,14.93,2.556241613,0.086462359,6
Middle East,19.92,5.326373387,0.256098883,6
Middle East,13.201,4.719744398,0.090012964,6
Middle East,19.655,5.959280096,0.274086075,6
Middle East,18.413,7.082923532,0.263671956,6
Middle East,19.291,10.35747309,0.371913875,6
Middle East,17.798,3.936849269,0.164528799,6
Middle East,18.088,5.823596788,0.225831954,6
Middle East,12.883,2.699963167,0.066491627,6
Middle East,12.616,8.085873296,0.091095275,6
Middle East,18.726,8.789941739,0.311092703,6
Middle East,18.47,5.130710903,0.21640659,6
Middle East,18.99,6.440984263,0.269345544,6
Middle East,16.587,6.151021383,0.187133376,6
Middle East,17.208,3.073419946,0.126743486,6
Middle East,19.152,11.42258612,0.379548133,6
Middle East,13.735,3.236886951,0.084248513,6
Middle East,14.99,17.49084144,0.183480714,6
Middle East,17.877,17.14188253,0.344142679,6
Middle East,14.238,3.236886951,0.091905175,6
Middle East,11.988,4.829709176,0.069475707,6
Middle East,18.479,4.520263906,0.196941741,6
Middle East,18.064,3.302780562,0.144459989,6
Middle East,14.764,2.392460142,0.080370843,6
Middle East,19.535,4.255075073,0.203000238,6
Middle East,18.491,6.961625835,0.265915357,6
Middle East,15.079,4.404645672,0.123388207,6
Middle East,18.959,6.348931994,0.265619776,6
Middle East,19.908,5.674642216,0.268802396,6
Middle East,19.961,5.115961079,0.247062305,6
Middle East,19.16,14.13473178,0.418179372,6
Middle East,18.905,16.5121814,0.413245665,6
Middle East,16.811,3.559490572,0.137793675,6
Middle East,15.562,5.691002773,0.152482117,6
Middle East,13.514,3.902993693,0.089262205,6
Middle East,16.771,11.0665182,0.243124178,6
Middle East,18.68,6.941612478,0.27301799,6
Middle East,19.022,13.57635532,0.401156145,6
Middle East,15.909,7.374234249,0.180804428,6
Middle East,18.586,3.869429263,0.173557728,6
Middle East,15.625,4.638917021,0.138342828,6
Middle East,16.455,10.56832113,0.224982856,6
Middle East,14.564,1.883947374,0.064763075,6
Middle East,16.848,6.862132741,0.204981962,6
Middle East,19.9,10.15083166,0.402220646,6
Middle East,15.622,8.614574049,0.17865731,6
Middle East,5.086,1.002883099,0.005872891,6
Middle East,4.821,1.002883099,0.002350418,6
Middle East,14.32,11.09842407,0.145160174,6
Middle East,12.584,4.005443985,0.07511446,6
Middle East,13.983,16.55978766,0.142823219,6
Middle East,17.963,13.45960324,0.326339675,6
Middle East,11.422,1.01742376,0.02669723,6
Middle East,18.931,8.250478175,0.309209048,6
Middle East,13.593,4.746998612,0.097874638,6
Middle East,5.983,1.277251935,0.010269367,6
Middle East,18.457,5.513601309,0.227401279,7
Middle East,19.7,5.773515819,0.267357228,7
Middle East,18.331,7.54604568,0.270626304,7
Middle East,9.287,1.053187331,0.020256293,7
Middle East,19.613,3.9824473,0.191499201,7
Middle East,13.725,4.442852708,0.09754848,7
Middle East,17.29,12.20454605,0.276231386,7
Middle East,7.464,6.045682857,0.021579195,7
Middle East,15.474,2.541565317,0.091435879,7
Middle East,17.947,9.337756843,0.285273763,7
Middle East,7.105,1.002883099,0.001350692,7
Middle East,10.487,9.638201443,0.054156219,7
Middle East,16.803,14.46405527,0.265367912,7
Middle East,16.723,3.012102298,0.119295357,7
Middle East,18.807,9.976994894,0.339044589,7
Middle East,15.472,6.842405407,0.160033553,7
Middle East,14.724,3.716571871,0.106922583,7
Middle East,13.107,5.205100356,0.090791493,7
Middle East,19.681,13.97289262,0.452208437,7
Middle East,15.098,2.265107261,0.079826051,7
Middle East,14.153,1.57597523,0.052827423,7
Middle East,16.878,5.57746186,0.185903535,7
Middle East,17.945,4.005443985,0.169731069,7
Middle East,10.398,1.002883099,0.015980606,7
Middle East,19.537,7.833818286,0.325507071,7
Middle East,13.563,7.310818321,0.111722187,7
Middle East,18.266,5.295792775,0.216319022,7
Middle East,17.445,3.478446646,0.143707369,7
Middle East,15.289,2.901453762,0.099111879,7
Middle East,16.253,2.101748011,0.082464555,7
Middle East,10.414,2.762869296,0.040994136,7
Middle East,18.74,4.815824676,0.211353991,7
Middle East,17.52,2.534258797,0.107731661,7
Middle East,16.231,5.265387736,0.163976223,7
Middle East,18.14,11.38974835,0.317639672,7
Middle East,17.618,4.857598384,0.18929317,7
Middle East,9.075,3.66345594,0.032082139,7
Middle East,17.673,9.310912558,0.270721143,7
Middle East,17.699,12.48889836,0.30304987,7
Middle East,13.498,4.692646659,0.095476843,7
Middle East,14.394,9.445910166,0.143063141,7
Middle East,15.774,5.72386553,0.158122071,7
Middle East,14.564,1.989870008,0.067850231,7
Middle East,13.743,1.598825073,0.051510327,7
Middle East,13.779,11.45551857,0.128199885,7
Middle East,17.543,4.455661893,0.175651685,7
Middle East,19.813,6.725226672,0.304737596,7
Middle East,16.246,12.70650192,0.227902872,7
Middle East,17.824,7.524352225,0.25269422,7
Middle East,12.947,7.502721136,0.096494068,7
Middle East,14.931,9.177844288,0.158547524,7
Middle East,16.458,5.642062068,0.174896914,7
Middle East,18.953,7.268844301,0.289042639,7
Middle East,19.462,3.847213487,0.183312094,7
Middle East,17.246,4.158193797,0.16147086,7
Middle East,16.793,2.843567002,0.114233521,7
Middle East,5.467,1.002883099,0.003704061,7
Middle East,15.256,14.05357924,0.18833919,7
Middle East,5.295,2.868232838,0.009612695,7
Middle East,18.215,3.274377763,0.145208036,7
Middle East,15.829,9.41875496,0.191872266,7
Middle East,14.736,4.719744398,0.120860352,7
Middle East,17.085,12.20454605,0.26745087,7
Middle East,12.964,4.885648638,0.08637065,7
Middle East,16.333,3.559490572,0.130027745,7
Middle East,16.284,8.565114702,0.204234219,7
Middle East,16.135,7.721860125,0.189622318,7
Middle East,18.459,5.028348345,0.213673394,7
Middle East,19.332,5.160338248,0.236264514,7
Middle East,11.978,1.7683242,0.044556402,7
Middle East,15.275,5.205100356,0.13829841,7
Middle East,15.129,2.065754796,0.074106932,7
Middle East,19.287,10.03460716,0.365138125,7
Middle East,15.82,10.50764463,0.197166879,7
Middle East,15.533,1.889378982,0.070420198,7
Middle East,19.001,6.648224499,0.275603252,7
Middle East,19.392,15.72349682,0.449090685,7
Middle East,18.811,5.959280096,0.249721912,7
Middle East,18.033,3.064584445,0.134657002,7
Middle East,19.801,11.22697009,0.413843185,7
Middle East,16.821,16.04358152,0.272582473,7
Middle East,11.002,1.496386429,0.034223594,7
Middle East,13.487,2.699963167,0.073213613,7
Middle East,12.165,5.976461292,0.077074838,7
Middle East,16.757,2.762869296,0.111046956,7
Middle East,17.567,12.27502133,0.292742057,7
Middle East,12.237,6.496855026,0.080163702,7
Middle East,17.334,9.693857341,0.25974631,7
Middle East,11.375,3.18145406,0.053239678,7
Middle East,15.785,1.967086491,0.074637341,7
Middle East,12.682,9.391677821,0.094668398,7
Middle East,19.218,14.0940971,0.416339754,7
Middle East,19.033,7.416816844,0.296160778,7
Middle East,13.847,7.042257938,0.116836323,7
Middle East,18.757,10.15083166,0.334493175,7
Middle East,19.181,5.674642216,0.251223276,7
Middle East,13.814,12.77987575,0.131103021,7
Middle East,19.55,6.515586104,0.288999877,7
Middle East,16.76,2.483697926,0.100456347,7
Middle East,16.301,4.625581012,0.153798465,7
Middle East,11.108,3.003443073,0.049629317,7
Middle East,17.83,4.016992078,0.167919586,7
Middle East,15.875,10.38733471,0.201145881,7
Middle East,15.585,7.54604568,0.171619462,7
Middle East,18.093,15.23335977,0.349117628,7
Middle East,15.632,9.862760783,0.188481604,7
Middle East,17.67,9.638201443,0.275885703,7
Middle East,17.534,14.54757811,0.305643604,7
Middle East,19.044,3.695233704,0.172065377,7
Middle East,14.788,12.70650192,0.165232139,7
Middle East,19.29,10.53793921,0.3723137,7
Middle East,17.467,5.466186196,0.200495825,7
Middle East,12.105,3.781328527,0.066642696,7
Middle East,15.679,13.26724335,0.201986302,7
Middle East,14.799,6.59105201,0.138960771,7
Middle East,17.112,8.250478175,0.234536835,7
Middle East,8.914,2.505242164,0.02783471,7
Middle East,16.556,4.242842537,0.150958567,7
Middle East,19.975,9.310912558,0.384534016,7
Middle East,18,3.046989571,0.133721681,7
Middle East,18.937,8.866187966,0.323548908,7
Middle East,16.508,3.091167443,0.119232328,7
Middle East,13.307,9.125151006,0.110252299,7
Middle East,19.194,10.62934802,0.369937616,7
Middle East,12.366,1.851684076,0.048797796,7
Middle East,15.215,4.788175306,0.131784325,7
Middle East,18.107,5.874112172,0.228056693,7
Middle East,14.174,5.497750747,0.11546538,7
Middle East,17.888,4.122434732,0.171860738,7
Middle East,17.814,10.12164994,0.285851892,7
Middle East,18.097,5.529497568,0.218413777,7
Middle East,11.545,2.245628102,0.047637245,7
Middle East,15.408,1.809524181,0.066982566,7
Middle East,17.828,3.498532974,0.149461624,7
Middle East,19.046,15.81429233,0.419067335,7
Middle East,10.773,1.603434644,0.034306498,7
Middle East,10.492,1.793962883,0.034618925,7
Middle East,5.039,1.002883099,0.005943515,7
Middle East,17.542,15.90561213,0.315305838,7
Middle East,13.682,11.45551857,0.124772962,7
Middle East,17.882,4.391983149,0.181044911,7
Middle East,17.674,13.42090943,0.308600169,8
Middle East,13.016,1.835760217,0.05310326,8
Middle East,16.904,14.17548362,0.269297611,8
Middle East,16.712,3.82512526,0.143473475,8
Middle East,15.001,4.063518353,0.117145012,8
Middle East,16.562,10.81455123,0.233731029,8
Middle East,12.977,1.967086491,0.055625925,8
Middle East,5.478,1.115608663,0.008422216,8
Middle East,3.712,1.002883099,0.001769838,8
Middle East,16.874,4.899734448,0.171982909,8
Middle East,19.729,15.23335977,0.468458082,8
Middle East,10.585,1.099664778,0.02563121,8
Middle East,16.701,5.057384597,0.170997144,8
Middle East,16.866,10.81455123,0.245934114,8
Middle East,19.291,4.134320121,0.194559532,8
Middle East,18.518,13.00254924,0.356518077,8
Middle East,19.278,6.553210426,0.282778912,8
Middle East,10.666,1.669381664,0.034629554,8
Middle East,17.916,13.65475213,0.325269241,8
Middle East,16.572,2.578415114,0.102522301,8
Middle East,19.308,14.75850139,0.428892263,8
Middle East,10.915,1.352953345,0.031434593,8
Middle East,19.261,7.856403961,0.315741136,8
Middle East,13.852,15.67829474,0.136833831,8
Middle East,19.609,9.445910166,0.370936439,8
Middle East,17.795,8.689299091,0.268766319,8
Middle East,13.017,3.312302806,0.075416547,8
Middle East,14.839,12.77987575,0.168681055,8
Middle East,10.215,1.002883099,0.022002648,8
Middle East,18.388,7.12382395,0.26548915,8
Middle East,16.543,4.970775007,0.16526515,8
Middle East,19.191,4.134320121,0.192811282,8
Middle East,16.135,5.372575727,0.163191767,8
Middle East,19.237,4.158193797,0.19475074,8
Middle East,19.096,14.67376756,0.418416761,8
Middle East,15.556,2.476557764,0.090270282,8
Middle East,12.542,1.708276394,0.047172263,8
Middle East,15.872,2.05389456,0.078405029,8
Middle East,19.324,11.45551857,0.387442752,8
Middle East,18.119,12.45299514,0.330008996,8
Middle East,19.69,10.59879065,0.395861027,8
Middle East,19.277,6.744616169,0.28868581,8
Middle East,18.234,4.098766361,0.177281091,8
Middle East,16.054,4.815824676,0.150589896,8
Middle East,17.063,8.467046268,0.232960647,8
Middle East,15.903,5.220107177,0.153592394,8
Middle East,19.285,4.481391161,0.208831449,8
Middle East,11.882,1.416732386,0.037457573,8
Middle East,18.654,14.46405527,0.383234104,8
Middle East,16.01,3.695233704,0.127734135,8
Middle East,13.569,8.062627939,0.114249868,8
Middle East,15.625,2.653725294,0.096066072,8
Middle East,19.288,6.9017582,0.292852166,8
Middle East,16.132,5.497750747,0.164971143,8
Middle East,19.958,6.204376933,0.290944979,8
Middle East,18.605,4.985106245,0.214789894,8
Middle East,17.804,14.80105162,0.32772755,8
Middle East,13.864,1.708276394,0.055402131,8
Middle East,19.843,14.29844543,0.46435207,8
Middle East,16.726,3.218302827,0.125966455,8
Middle East,19.993,7.901770851,0.347843931,8
Middle East,15.263,3.117981028,0.103484355,8
Middle East,18.751,10.81455123,0.345295488,8
Middle East,16.679,8.739475543,0.22225095,8
Middle East,19.842,4.885648638,0.235284,8
Middle East,18.941,9.638201443,0.338512242,8
Middle East,19.943,13.22910254,0.459974009,8
Middle East,17.183,6.294333319,0.206961884,8
Middle East,17.686,3.781328527,0.157816821,8
Middle East,6.814,1.002883099,0.009964592,8
Middle East,19.573,8.714351203,0.350256718,8
Middle East,19.21,4.585802575,0.212598016,8
Middle East,9.461,1.758171619,0.027874507,8
Middle East,16.084,3.172307981,0.116423356,8
Middle East,14.55,8.346038237,0.142997452,8
Middle East,19.143,11.58820059,0.378641299,8
Middle East,18.265,14.58952022,0.353035061,8
Middle East,15.954,2.770834922,0.102824466,8
Middle East,17.401,2.684461713,0.113373805,8
Middle East,18.467,8.132565258,0.289426843,8
Middle East,18.723,11.42258612,0.353614927,8
Middle East,19.278,9.364678523,0.350405775,8
Middle East,12.757,5.265387736,0.085198185,8
Middle East,12.627,1.470760256,0.042520076,8
Middle East,16.317,5.942148292,0.174865093,8
Middle East,19.785,7.481152231,0.327042111,8
Middle East,19.547,9.046677784,0.359239803,8
Middle East,18.844,3.458475641,0.159288495,8
Middle East,9.914,4.774410207,0.041800219,8
Middle East,18.946,10.78346144,0.35644846,8
Middle East,12.694,6.45955426,0.088885125,8
Middle East,17.914,3.748810377,0.159965219,8
Middle East,14.255,2.278187147,0.072891995,9
Middle East,19.534,6.705892918,0.294848056,9
Middle East,18.775,7.164960549,0.279978882,9
Middle East,19.297,7.374234249,0.306700389,9
Middle East,18.549,3.321852504,0.150425645,9
Middle East,15.365,4.733351889,0.133806119,9
Middle East,19.992,6.330680015,0.29557901,9
Middle East,19.869,12.48889836,0.440641093,9
Middle East,13.061,1.333617414,0.040778234,9
Middle East,17.191,13.22910254,0.279133755,9
Middle East,14.877,11.13042193,0.162956119,9
Middle East,19.796,10.78346144,0.408812646,9
Middle East,17.499,7.993292057,0.245708448,9
Middle East,19.833,15.8598865,0.488706452,9
Middle East,17.279,12.81672141,0.280206312,9
Middle East,19.024,9.749834625,0.34303239,9
Middle East,17.518,13.22910254,0.299070446,9
Middle East,14.904,5.840386796,0.135681576,9
Middle East,17.545,5.806855048,0.209233074,9
Middle East,15.817,3.66345594,0.124305689,9
Middle East,17.09,9.445910166,0.244730459,9
Middle East,19.046,13.00254924,0.390715593,9
Middle East,17.91,9.919713402,0.289307842,9
Middle East,18.246,6.294333319,0.24107684,9
Middle East,17.713,11.48854597,0.29373171,9
Middle East,18.029,5.466186196,0.215393162,9
Middle East,9.934,4.679156187,0.041850764,9
Middle East,19.268,15.5434667,0.435584585,9
Middle East,11.585,2.786835139,0.052812395,9
Middle East,19.288,11.5548867,0.390740785,9
Middle East,18.242,4.871603322,0.203060209,9
Middle East,16.619,4.857598384,0.165244352,9
Middle East,11.182,1.002883099,0.025636483,9
Middle East,13.303,1.223268748,0.038263796,9
Middle East,19.419,16.13622535,0.452282245,9
Middle East,16.858,5.942148292,0.19115967,9
Middle East,14.761,1.698468569,0.059809811,9
Middle East,5.51,2.6233408,0.01023349,9
Middle East,14.249,5.145503251,0.113960843,9
Middle East,13.181,2.909818941,0.072602821,9
Middle East,14.186,4.304358912,0.10488664,9
Middle East,18.922,9.582865085,0.336158521,9
Middle East,17.266,7.54604568,0.230348998,9
Middle East,16.085,7.611502031,0.186713325,9
Middle East,10.712,2.311218261,0.041097883,9
Middle East,19.59,4.533296276,0.216274853,9
Middle East,18.618,4.028573465,0.18069699,9
Middle East,19.594,8.062627939,0.335369522,9
Middle East,17.764,17.64256152,0.341082389,9
Middle East,17.879,10.32769731,0.291994471,9
Middle East,19.618,7.310818321,0.317414344,9
Middle East,13.866,14.42247384,0.134915998,9
Middle East,18.84,10.81455123,0.351522091,9
Middle East,13.614,10.75246102,0.121577843,9
Middle East,12.779,9.177844288,0.097771491,9
Middle East,16.317,2.317881733,0.091119209,9
Middle East,10.692,9.072760254,0.056998804,9
Middle East,19.692,6.045682857,0.278506416,10
Middle East,19.65,6.330680015,0.286436504,10
Middle East,10.993,1.112401499,0.027423649,10
Middle East,15.64,9.500455676,0.184588593,10
Middle East,17.234,4.040188242,0.157756479,10
Middle East,13.348,15.63322261,0.119872859,10
Middle East,18.967,5.311061071,0.234663177,10
Middle East,13.026,14.42247384,0.110526373,10
Middle East,17.67,4.585802575,0.182021477,10
Middle East,17.597,11.82410267,0.292123674,10
Middle East,12.539,1.938973586,0.0516673,10
Middle East,18.923,10.78346144,0.356404687,10
Middle East,13.763,3.738033256,0.09083551,10
Middle East,13.732,2.144533492,0.065283946,10
Middle East,14.606,4.985106245,0.121254608,10
Middle East,19.246,4.242842537,0.198680713,10
Middle East,15.94,11.03470406,0.2064523,10
Middle East,19.446,5.691002773,0.258728102,10
Middle East,19.777,4.122434732,0.200392408,10
Middle East,18.082,5.609668974,0.21940438,10
Middle East,16.158,7.611502031,0.189734224,10
Middle East,18.592,7.310818321,0.277482211,10
Middle East,19.983,9.230841849,0.380751228,10
Middle East,17.526,6.842405407,0.227516197,10
Middle East,14.866,4.665704498,0.122634806,10
Middle East,17.529,6.294333319,0.219736283,10
Middle East,10.059,7.833818286,0.047214,10
Middle East,13.01,6.764061566,0.096288473,10
Middle East,16.097,3.695233704,0.129273188,10
Middle East,19.696,10.87699997,0.400010143,10
Middle East,16.902,4.956484969,0.174134857,10
Middle East,17.83,6.534371185,0.233386907,10
Middle East,10.509,1.420816966,0.030469575,10
Middle East,12.191,4.746998612,0.072522958,10
Middle East,16.763,2.317881733,0.094150353,10
Middle East,13.173,15.32132497,0.11576951,10
Middle East,17.585,6.705892918,0.22906589,10
Middle East,17.891,6.312480507,0.230678676,10
Middle East,19.258,11.03470406,0.378686227,10
Middle East,8.484,1.002883099,0.007480958,10
Middle East,16.904,13.81290647,0.267279816,10
Middle East,18.327,3.621510281,0.160797865,10
Middle East,14.628,3.064584445,0.094060871,10
Middle East,12.169,2.371885791,0.054875964,10
Middle East,15.452,6.764061566,0.160185807,10
Middle East,18.782,6.629112111,0.267272774,10
Middle East,14.563,12.56101564,0.156745993,11
Middle East,18.366,15.95146959,0.371369361,11
Middle East,13.635,1.612693695,0.051360679,11
Middle East,15.098,1.835760217,0.066195636,11
Middle East,17.748,8.994737574,0.269685227,11
Middle East,16.044,4.857598384,0.151719195,11
Middle East,16.416,5.101253658,0.165186873,11
Middle East,10.257,2.754926569,0.039655716,11
Middle East,19.484,7.062561466,0.304744964,11
Middle East,19.391,5.130710903,0.236960587,11
Middle East,19.571,8.132565258,0.334657822,11
Middle East,17.069,3.54925771,0.140771218,11
Middle East,16.65,2.278187147,0.091640623,11
Middle East,17.576,12.13447539,0.294873041,11
Middle East,19.168,6.515586104,0.277140587,11
Middle East,18.086,5.160338248,0.207324363,11
Middle East,14.309,2.150716395,0.070382301,11
Middle East,10.266,1.002883099,0.020786325,11
Middle East,17.877,5.295792775,0.207483579,11
Middle East,14.315,1.862376645,0.062448574,11
Middle East,19.979,16.89689681,0.510926825,12
Middle East,17.868,2.723383345,0.118396644,12
Middle East,17.925,12.27502133,0.313452693,12
Middle East,19.898,11.42258612,0.428497056,12
Middle East,14.442,12.70650192,0.151373817,12
Middle East,16.933,17.39042027,0.282979355,12
Middle East,19.94,4.942236012,0.239150182,12
Middle East,19.01,11.99553867,0.378750882,12
Middle East,19.406,15.32132497,0.445406523,12
Middle East,18.986,15.8598865,0.420411113,12
Middle East,19.803,9.046677784,0.371088797,13
Indonesia,8.085,1.002883099,0.00843359,2
Indonesia,18.581,9.445910166,0.160363252,2
Indonesia,14.21,1.462316096,0.037279809,2
Indonesia,19.199,1.608057505,0.074928398,2
Indonesia,18.219,1.470760256,0.063791391,2
Indonesia,18.844,2.563611512,0.102678395,2
Indonesia,18.153,2.884795479,0.098983071,2
Indonesia,17.013,3.100079585,0.085346618,2
Indonesia,17.946,6.981696894,0.131755146,2
Indonesia,19.817,3.611099124,0.142773636,2
Indonesia,16.998,1.388467229,0.053885318,2
Indonesia,18.875,11.38974835,0.17862492,2
Indonesia,18.533,1.352953345,0.060870154,2
Indonesia,16.526,3.580044889,0.082741951,2
Indonesia,18.183,3.569752937,0.111314235,2
Indonesia,18.143,5.205100356,0.126089879,2
Indonesia,18.773,1.659797147,0.074088041,2
Indonesia,11.972,1.961431489,0.02648952,2
Indonesia,13.139,7.331896136,0.04347972,2
Indonesia,14.574,1.650267659,0.042066109,2
Indonesia,19.55,7.268844301,0.184728061,2
Indonesia,11.535,11.5548867,0.029182285,2
Indonesia,18.692,5.908032296,0.14530095,2
Indonesia,13.551,7.289801101,0.048299256,2
Indonesia,17.789,5.34172985,0.118254447,2
Indonesia,14.228,6.045682857,0.055893082,2
Indonesia,19.512,14.42247384,0.21398431,2
Indonesia,13.175,1.005774511,0.023934445,2
Indonesia,11.911,1.002883099,0.002298391,2
Indonesia,17.484,6.981696894,0.120721629,2
Indonesia,15.97,1.002883099,0.01346346,3
Indonesia,11.629,1.002883099,0.001919808,3
Indonesia,14.947,12.27502133,0.071301608,3
Indonesia,15.919,3.020786488,0.068718755,3
Indonesia,10.653,1.005774511,0.010325141,3
Indonesia,15.08,1.723094425,0.04714651,3
Indonesia,17.285,1.251769545,0.051284083,3
Indonesia,14.425,1.002883099,0.018468157,3
Indonesia,19.507,2.030377978,0.09381486,3
Indonesia,18.493,2.169372265,0.08811776,3
Indonesia,16.641,2.505242164,0.073471365,3
Indonesia,15.693,10.20944774,0.084385033,3
Indonesia,10.336,3.631951455,0.019194643,3
Indonesia,19.096,2.600780953,0.107331301,3
Indonesia,15.456,1.002883099,0.007389109,3
Indonesia,16.357,6.080593718,0.091780422,3
Indonesia,16.534,1.883947374,0.0620105,3
Indonesia,14.615,7.589620402,0.06291104,3
Indonesia,13.75,1.479253177,0.034770246,3
Indonesia,9.477,1.068457346,0.012342412,3
Indonesia,19.098,1.718140854,0.078402534,3
Indonesia,19.905,1.540092787,0.075181476,3
Indonesia,17.654,1.693585793,0.067069418,3
Indonesia,18.49,1.636075913,0.071351896,3
Indonesia,19.585,12.59723029,0.210166322,3
Indonesia,7.748,1.002883099,0.001478518,3
Indonesia,17.521,1.50070066,0.0607039,3
Indonesia,8.158,1.008674259,0.007311721,3
Indonesia,19.372,7.502721136,0.179705678,3
Indonesia,15.177,4.110583512,0.064868403,3
Indonesia,17.238,11.16251204,0.122178301,3
Indonesia,17.875,14.88652045,0.148325429,3
Indonesia,19.708,4.843633707,0.162447042,3
Indonesia,18.571,1.626682617,0.07152441,3
Indonesia,19.391,14.46405527,0.205747896,3
Indonesia,5.731,1.005774511,0.003643071,3
Indonesia,14.798,1.005774511,0.032155604,3
Indonesia,10.307,2.448201794,0.018115752,3
Indonesia,13.955,8.689299091,0.053841203,3
Indonesia,15.992,2.077683519,0.059820984,3
Indonesia,15.036,1.035151107,0.034646153,3
Indonesia,13.307,1.002883099,0.011341699,3
Indonesia,13.405,3.145027202,0.040892565,3
Indonesia,19.287,5.265387736,0.155704,3
Indonesia,19.409,5.674642216,0.164928575,3
Indonesia,13.234,1.002883099,0.022830013,3
Indonesia,13.538,1.005774511,0.020664644,3
Indonesia,16.076,3.379731664,0.073309831,3
Indonesia,15.17,3.199825401,0.060608911,3
Indonesia,13.903,1.269918775,0.032969659,3
Indonesia,17.893,4.379357028,0.114049727,3
Indonesia,19.294,3.438619297,0.128629632,3
Indonesia,16.166,13.00254924,0.098254552,3
Indonesia,18.855,2.024541025,0.08763597,3
Indonesia,19.67,9.500455676,0.20344827,3
Indonesia,15.083,1.005774511,0.013466969,3
Indonesia,11.206,1.008674259,0.016690826,3
Indonesia,13.306,1.002883099,0.021165202,3
Indonesia,19.384,12.56101564,0.201564328,3
Indonesia,8.095,1.005774511,0.003354091,3
Indonesia,16.985,1.202319816,0.048096827,3
Indonesia,16.656,12.48889836,0.109746211,3
Indonesia,16.385,3.370015575,0.07788564,3
Indonesia,18.905,6.063113161,0.154657206,3
Indonesia,19.866,6.422467651,0.187063588,3
Indonesia,19.95,3.9824473,0.153793122,3
Indonesia,12.948,2.505242164,0.035212711,3
Indonesia,15.127,5.280568372,0.06745816,3
Indonesia,14.783,5.115961079,0.061927922,3
Indonesia,10.25,1.008674259,0.001601142,3
Indonesia,16.156,4.417344703,0.080792692,3
Indonesia,19.231,2.232735149,0.097761114,3
Indonesia,19.261,3.82512526,0.135226364,3
Indonesia,15.805,1.230332526,0.043023038,3
Indonesia,17.454,1.758171619,0.067405086,3
Indonesia,15.064,4.086983183,0.062613165,3
Indonesia,17.56,11.38974835,0.13332672,3
Indonesia,17.922,10.97134988,0.143715458,3
Indonesia,19.836,1.48779514,0.07248989,3
Indonesia,17.716,7.12382395,0.127348369,3
Indonesia,19.664,6.404004271,0.179427939,3
Indonesia,18.909,4.612283342,0.138388567,3
Indonesia,12.032,1.002883099,0.016092641,3
Indonesia,15.217,8.968879405,0.074490506,3
Indonesia,15.552,1.273580077,0.042641491,3
Indonesia,16.459,4.110583512,0.08458542,3
Indonesia,16.116,2.095705883,0.061299605,3
Indonesia,19.735,2.926621722,0.125143352,3
Indonesia,17.536,4.843633707,0.10950141,3
Indonesia,18.564,2.952007995,0.106605695,3
Indonesia,11.352,1.002883099,0.003147401,3
Indonesia,19.917,3.46844677,0.14105283,3
Indonesia,19.033,2.252102471,0.096118628,3
Indonesia,17.124,1.219752081,0.049473986,3
Indonesia,19.438,3.488475353,0.132897765,3
Indonesia,18.67,8.714351203,0.161032077,4
Indonesia,19.033,3.9824473,0.133982842,4
Indonesia,11.708,2.351488373,0.025929348,4
Indonesia,19.934,10.26840231,0.218536275,4
Indonesia,18.565,5.72386553,0.140775601,4
Indonesia,18.828,2.469438129,0.099722606,4
Indonesia,13.604,1.28462744,0.031690838,4
Indonesia,16.351,1.28462744,0.047193004,4
Indonesia,12.352,1.005774511,0.001066078,4
Indonesia,12.674,1.002883099,0.00965911,4
Indonesia,16.756,1.035151107,0.041449339,4
Indonesia,8.873,1.005774511,0.002644121,4
Indonesia,13.622,1.005774511,0.013557555,4
Indonesia,12.938,2.653725294,0.035167944,4
Indonesia,16.866,11.09842407,0.111865884,4
Indonesia,11.362,1.005774511,0.016434581,4
Indonesia,15.184,2.556241613,0.056297588,4
Indonesia,14.005,1.420816966,0.035555546,4
Indonesia,14.796,2.901453762,0.054363572,4
Indonesia,19.73,1.809524181,0.086426086,4
Indonesia,19.749,6.440984263,0.184012251,4
Indonesia,17.684,3.847213487,0.105130577,4
Indonesia,19.039,3.236886951,0.120254684,4
Indonesia,10.788,4.481391161,0.02213167,4
Indonesia,19.627,6.496855026,0.178614525,4
Indonesia,15.321,1.429021489,0.044203152,4
Indonesia,12.512,1.608057505,0.028077689,4
Indonesia,15.301,12.81672141,0.079041841,4
Indonesia,19.919,2.378724173,0.109774302,4
Indonesia,11.632,1.005774511,0.015888668,4
Indonesia,17.467,5.545439659,0.112253458,4
Indonesia,15.56,1.429021489,0.045999187,4
Indonesia,14.312,1.158153013,0.033537266,4
Indonesia,19.373,8.565114702,0.184641517,4
Indonesia,18.51,1.29577063,0.058305324,4
Indonesia,13.807,1.509366472,0.035205764,4
Indonesia,18.229,8.418433931,0.144768613,4
Indonesia,14.394,3.508619592,0.052277541,4
Indonesia,17.153,1.518082325,0.058715352,4
Indonesia,14.789,1.002883099,0.005917926,4
Indonesia,18.109,1.230332526,0.053988193,4
Indonesia,15.9,9.473143662,0.08892944,4
Indonesia,16.136,9.046677784,0.092442546,4
Indonesia,19.03,8.132565258,0.172810068,4
Indonesia,16.408,1.002883099,0.024854813,4
Indonesia,11.09,1.251769545,0.019023597,4
Indonesia,13.692,1.002883099,0.003273441,4
Indonesia,17.818,2.297948731,0.083809986,4
Indonesia,15.502,2.378724173,0.058001099,4
Indonesia,17.329,3.959582648,0.099412726,4
Indonesia,19.176,1.738040991,0.08004043,4
Indonesia,17.033,2.358267947,0.075433288,4
Indonesia,16.915,4.468508009,0.094585322,4
Indonesia,16.692,3.70588743,0.085675458,4
Indonesia,18.793,7.633446747,0.159728938,4
Indonesia,18.226,14.97248282,0.159632757,4
Indonesia,16.304,1.002883099,0.029090751,4
Indonesia,17.465,3.064584445,0.091471412,4
Indonesia,11.241,1.002883099,0.010269657,4
Indonesia,14.954,2.692201283,0.055143737,4
Indonesia,16.461,2.16313573,0.066403383,4
Indonesia,18.849,10.18009751,0.174777664,4
Indonesia,18.83,1.669381664,0.074844667,4
Indonesia,16.818,1.669381664,0.060071391,4
Indonesia,19.956,1.492084601,0.073202258,4
Indonesia,19.862,4.170182282,0.1563554,4
Indonesia,15.3,14.80105162,0.078740805,4
Indonesia,18.009,1.55345195,0.065246369,4
Indonesia,19.718,1.429021489,0.069207628,4
Indonesia,15.362,1.002883099,0.007179324,4
Indonesia,14.871,9.445910166,0.069158587,4
Indonesia,15.763,1.002883099,0.031144469,4
Indonesia,7.881,1.005774511,0.007423492,4
Indonesia,18.308,1.333617414,0.059040037,4
Indonesia,10.588,3.488475353,0.020430469,4
Indonesia,18.888,2.519708712,0.10210724,4
Indonesia,12.622,1.008674259,0.00988731,4
Indonesia,17.657,2.113884578,0.078199603,4
Indonesia,16.666,2.661376248,0.075003202,4
Indonesia,19.062,3.236886951,0.12029627,4
Indonesia,11.273,1.659797147,0.021455784,4
Indonesia,13.934,1.005774511,0.01558909,4
Indonesia,18.656,5.497750747,0.142995056,4
Indonesia,16.715,2.909818941,0.078560298,4
Indonesia,10.215,2.41321296,0.017783161,4
Indonesia,12.709,1.713201524,0.029934013,4
Indonesia,17.66,1.905767944,0.073196907,4
Indonesia,16.837,2.707747428,0.077585299,4
Indonesia,15.634,2.630904152,0.06249535,4
Indonesia,16.435,2.113884578,0.064744098,4
Indonesia,17.15,11.58820059,0.122118687,4
Indonesia,17.567,4.585802575,0.109384694,4
Indonesia,15.235,2.19449873,0.054056686,4
Indonesia,19.681,7.54604568,0.191674526,4
Indonesia,12.241,1.008674259,0.005520317,4
Indonesia,17.47,1.299506466,0.053853368,4
Indonesia,19.325,10.56832113,0.195122275,4
Indonesia,18.508,1.288331148,0.058083496,4
Indonesia,11.568,1.002883099,0.005184973,4
Indonesia,14.834,5.013892794,0.062757495,4
Indonesia,12.135,1.188553553,0.023110081,4
Indonesia,13.433,4.391983149,0.044015414,4
Indonesia,17.685,1.636075913,0.065954476,4
Indonesia,18.497,3.25557839,0.111432731,4
Indonesia,19.582,1.659797147,0.079050384,4
Indonesia,13.785,1.87313096,0.038241462,4
Indonesia,16.969,3.498532974,0.089164572,4
Indonesia,17.037,9.94831292,0.1153887,4
Indonesia,9.46,1.002883099,0.003294462,4
Indonesia,12.802,1.002883099,0.016523922,4
Indonesia,14.049,2.138368364,0.042562813,4
Indonesia,16.427,1.922299067,0.061661215,4
Indonesia,16.526,1.513718125,0.054079968,4
Indonesia,15.324,3.458475641,0.064314571,4
Indonesia,7.673,1.002883099,0.005859779,4
Indonesia,18.372,1.458112214,0.064348634,4
Indonesia,16.683,3.199825401,0.081392808,4
Indonesia,17.346,2.297948731,0.077834779,4
Indonesia,9.463,1.955792745,0.013908422,4
Indonesia,15.707,1.594228753,0.049684119,4
Indonesia,14.457,1.090208032,0.033137215,4
Indonesia,19.66,1.718140854,0.082280057,4
Indonesia,19.692,1.48779514,0.071912553,4
Indonesia,17.249,1.32596064,0.053442589,4
Indonesia,15.49,2.358267947,0.058306702,4
Indonesia,19.52,9.80613515,0.197188581,4
Indonesia,12.556,1.008674259,0.004781269,4
Indonesia,15.753,1.589645647,0.050155493,4
Indonesia,19.106,8.739475543,0.177678967,4
Indonesia,10.554,3.51873529,0.020419828,4
Indonesia,15.594,2.692201283,0.062019141,4
Indonesia,11.188,1.002883099,0.011121318,4
Indonesia,17.873,2.66904926,0.092110064,4
Indonesia,13.308,1.216245525,0.02909467,4
Indonesia,12.712,1.540092787,0.028934224,4
Indonesia,18.858,2.047990001,0.088127418,4
Indonesia,16.013,1.181729643,0.042918466,4
Indonesia,19.23,3.370015575,0.127470254,4
Indonesia,19.285,6.478177796,0.16823789,4
Indonesia,19.501,3.458475641,0.133661728,4
Indonesia,17.79,6.186540523,0.124461546,4
Indonesia,17.962,3.370015575,0.104595624,4
Indonesia,18.498,2.113884578,0.086689803,4
Indonesia,17.332,3.012102298,0.089715215,4
Indonesia,18.235,4.533296276,0.122205204,4
Indonesia,19.673,4.760684681,0.159416825,4
Indonesia,6.987,1.005774511,0.003244681,4
Indonesia,18.378,3.038230052,0.10638931,4
Indonesia,16.951,6.515586104,0.105960926,4
Indonesia,19.677,5.874112172,0.174203739,4
Indonesia,14.021,1.005774511,0.003877875,4
Indonesia,19.543,5.658328693,0.167673493,4
Indonesia,16.946,1.640792882,0.060413948,4
Indonesia,19.176,5.34172985,0.155192006,4
Indonesia,19.016,4.599023899,0.142846423,4
Indonesia,18.859,2.441163677,0.099635777,4
Indonesia,17.629,1.380495543,0.057374814,4
Indonesia,16.062,12.48889836,0.095405499,4
Indonesia,17.463,7.481152231,0.121770054,4
Indonesia,16.544,5.806855048,0.093999241,4
Indonesia,13.612,1.002883099,0.022495531,4
Indonesia,18.507,2.175626781,0.088268565,4
Indonesia,10.322,1.002883099,0.014415494,4
Indonesia,13.221,2.455260203,0.03731293,4
Indonesia,18.584,1.356854044,0.061224345,4
Indonesia,14.322,6.38559397,0.057492424,4
Indonesia,14.456,6.028302662,0.058859751,4
Indonesia,15.513,3.003443073,0.063266416,4
Indonesia,18.862,3.18145406,0.115951685,4
Indonesia,16.073,1.002883099,0.028724983,4
Indonesia,19.877,5.691002773,0.178497261,4
Indonesia,18.836,6.276238301,0.154170806,4
Indonesia,18.928,4.885648638,0.14433082,4
Indonesia,16.814,1.03813555,0.041863817,4
Indonesia,18.364,4.638917021,0.127303139,4
Indonesia,19.486,6.168755389,0.172826655,4
Indonesia,19.778,4.57261926,0.161155791,5
Indonesia,16.002,3.781328527,0.075614438,5
Indonesia,19.532,7.833818286,0.187224087,5
Indonesia,18.441,3.360327417,0.111653321,5
Indonesia,19.916,6.240204175,0.185217391,5
Indonesia,12.953,1.005774511,0.020275824,5
Indonesia,18.169,8.29812065,0.142989675,5
Indonesia,11.318,11.03470406,0.027415198,5
Indonesia,18.121,1.846360834,0.075564506,5
Indonesia,19.543,6.186540523,0.173337256,5
Indonesia,15.06,3.190626508,0.059573986,5
Indonesia,19.038,4.075233879,0.134906331,5
Indonesia,17.046,2.144533492,0.071924751,5
Indonesia,14.227,2.969054397,0.048891739,5
Indonesia,13.69,3.135985844,0.043559633,5
Indonesia,19.096,3.236886951,0.122000227,5
Indonesia,18.811,1.589645647,0.071755264,5
Indonesia,13.643,4.366767205,0.046103929,5
Indonesia,18.674,3.814128748,0.123518609,5
Indonesia,18.953,8.370100694,0.170741635,5
Indonesia,15.08,4.267342877,0.064149479,5
Indonesia,19.478,12.16946029,0.203925572,5
Indonesia,14.092,1.056223775,0.030720613,5
Indonesia,16.914,1.830482754,0.06428039,5
Indonesia,17.77,5.874112172,0.122930483,5
Indonesia,18.868,2.935059463,0.111124792,5
Indonesia,19.428,1.825220462,0.085268102,5
Indonesia,14.947,1.041128598,0.034188579,5
Indonesia,19.375,5.372575727,0.161877123,5
Indonesia,19.635,12.20454605,0.213050124,5
Indonesia,9.292,1.008674259,0.010057799,5
Indonesia,19.728,7.901770851,0.196338171,5
Indonesia,19.814,2.337987638,0.107574729,5
Indonesia,17.77,1.181729643,0.050740742,5
Indonesia,15.356,1.955792745,0.052115707,5
Indonesia,15.853,2.107807559,0.05905443,5
Indonesia,18.628,1.753117208,0.076595744,5
Indonesia,18.359,2.638489309,0.09821923,5
Indonesia,12.629,1.733044452,0.02953085,5
Indonesia,8.815,1.531250564,0.011215055,5
Indonesia,17.609,13.22910254,0.137810476,5
Indonesia,16.034,4.774410207,0.080123354,5
Indonesia,17.919,1.360765989,0.058237657,5
Indonesia,18.086,4.098766361,0.115989108,5
Indonesia,19.398,3.590366513,0.134613122,5
Indonesia,19.611,2.083673687,0.096105407,5
Indonesia,15.53,1.205786223,0.040881868,5
Indonesia,16.423,4.366767205,0.085310063,5
Indonesia,14.266,1.005774511,0.00910413,5
Indonesia,19.821,3.590366513,0.141924037,5
Indonesia,18.029,2.200825688,0.083493626,5
Indonesia,19.916,12.81672141,0.226521726,5
Indonesia,13.353,4.638917021,0.043730548,5
Indonesia,15.606,1.047140607,0.037262825,5
Indonesia,19.406,2.150716395,0.096980071,5
Indonesia,19.826,3.880585212,0.149326638,5
Indonesia,19.981,1.674194657,0.082065668,5
Indonesia,19.413,3.091167443,0.12346555,5
Indonesia,15.923,1.738040991,0.05414036,5
Indonesia,10.817,1.540092787,0.018767641,5
Indonesia,18.097,2.952007995,0.099868021,5
Indonesia,19.013,2.819113285,0.1112212,5
Indonesia,18.726,5.057384597,0.138956329,5
Indonesia,15.654,1.198863374,0.041283326,5
Indonesia,19.783,4.899734448,0.164363752,5
Indonesia,11.03,1.002883099,0.009020054,5
Indonesia,15.644,5.691002773,0.076173057,5
Indonesia,17.046,2.095705883,0.071019791,5
Indonesia,12.181,1.008674259,0.013676073,5
Indonesia,19.829,2.156917124,0.101278321,5
Indonesia,18.104,3.154094628,0.103901795,5
Indonesia,19.376,3.246219218,0.126427409,5
Indonesia,17.225,1.226795553,0.050069298,5
Indonesia,16.883,11.38974835,0.114631691,5
Indonesia,19.131,3.590366513,0.128317207,5
Indonesia,11.212,7.35303472,0.026103053,5
Indonesia,19.208,3.274377763,0.123735494,5
Indonesia,16.922,5.34172985,0.099548222,5
Indonesia,18.528,4.430080346,0.128190626,5
Indonesia,18.741,4.665704498,0.135143513,5
Indonesia,18.801,1.548986069,0.070225861,5
Indonesia,18.484,3.66345594,0.118318175,5
Indonesia,18.747,2.311218261,0.094866502,5
Indonesia,19.965,3.66345594,0.147287911,5
Indonesia,19.065,1.518082325,0.070310256,5
Indonesia,19.898,11.92666799,0.221062655,5
Indonesia,15.912,2.512465026,0.064262258,5
Indonesia,9.35,1.002883099,0.001235713,5
Indonesia,17.632,2.851765288,0.091492216,5
Indonesia,19.717,3.82512526,0.144894268,5
Indonesia,19.87,15.4542261,0.230735371,5
Indonesia,16.299,1.002883099,0.012539855,5
Indonesia,18.938,3.814128748,0.130042415,5
Indonesia,19.344,2.960518927,0.119453727,5
Indonesia,16.083,3.321852504,0.073211318,5
Indonesia,15.894,1.857022665,0.055893872,5
Indonesia,19.909,4.494311456,0.161098784,5
Indonesia,18.41,7.901770851,0.150214325,5
Indonesia,15.272,1.005774511,0.011795441,5
Indonesia,19.798,4.063518353,0.152038035,5
Indonesia,10.945,1.005774511,0.015406784,5
Indonesia,11.56,3.18145406,0.026383418,5
Indonesia,18.472,6.921656654,0.145756127,5
Indonesia,9.145,1.005774511,0.001432325,5
Indonesia,14.233,2.519708712,0.046063141,5
Indonesia,18.412,6.115706172,0.139546281,5
Indonesia,16.28,2.018720852,0.062341365,5
Indonesia,19.551,6.367236595,0.175054956,5
Indonesia,19.174,3.580044889,0.12992132,5
Indonesia,15.776,1.248170944,0.043243618,5
Indonesia,17.352,5.691002773,0.111205475,5
Indonesia,12.748,1.303253072,0.027084455,5
Indonesia,19.708,1.708276394,0.08201866,5
Indonesia,9.637,3.600717897,0.015857987,5
Indonesia,16.733,1.748077328,0.060938051,5
Indonesia,17.237,1.08707389,0.045072063,5
Indonesia,18.991,1.900289221,0.084529513,5
Indonesia,18.547,1.743051936,0.075826046,5
Indonesia,17.32,5.403599724,0.109704118,5
Indonesia,19.916,4.733351889,0.167067265,5
Indonesia,8.169,1.314557826,0.009122773,5
Indonesia,18.018,7.970312854,0.138078285,5
Indonesia,17.25,1.505027329,0.058820804,5
Indonesia,17.831,3.082280921,0.098119954,5
Indonesia,11.568,1.002883099,0.003511474,5
Indonesia,19.305,8.132565258,0.179361818,5
Indonesia,19.706,7.502721136,0.190259987,5
Indonesia,18.368,1.496386429,0.065630711,5
Indonesia,16.574,5.434802868,0.093050444,5
Indonesia,19.492,1.562422375,0.074491324,5
Indonesia,19.574,5.101253658,0.162356297,5
Indonesia,9.905,1.005774511,0.002325387,5
Indonesia,16.218,1.851684076,0.058270293,5
Indonesia,12.248,2.73123513,0.030501666,5
Indonesia,19.363,1.420816966,0.067352434,5
Indonesia,7.762,1.008674259,0.00182424,5
Indonesia,19.301,1.995607,0.090692772,5
Indonesia,13.161,1.002883099,0.002559287,5
Indonesia,17.168,1.416732386,0.055945509,5
Indonesia,18.899,3.590366513,0.124109331,5
Indonesia,16.065,7.524352225,0.089253823,5
Indonesia,16.405,11.58820059,0.101881967,5
Indonesia,15.374,3.038230052,0.062087594,5
Indonesia,19.644,10.00575956,0.205049431,5
Indonesia,16.95,9.391677821,0.111953776,5
Indonesia,18.587,4.585802575,0.132560546,5
Indonesia,19.45,10.03460716,0.197608383,5
Indonesia,8.592,2.278187147,0.011213727,5
Indonesia,17.18,1.48779514,0.058003971,5
Indonesia,16.697,1.693585793,0.059458735,5
Indonesia,9.374,11.58820059,0.015676519,5
Indonesia,15.125,1.773422454,0.048122287,5
Indonesia,18.536,2.284755387,0.091169378,5
Indonesia,18.577,4.942236012,0.135810467,5
Indonesia,18.545,2.534258797,0.098093531,5
Indonesia,17.034,4.520263906,0.09724439,5
Indonesia,13.021,1.002883099,0.011561691,5
Indonesia,9.954,1.008674259,0.003831236,5
Indonesia,9.731,1.002883099,0.007194303,5
Indonesia,19.604,8.394232525,0.192138671,5
Indonesia,12.798,6.422467651,0.039089072,5
Indonesia,18.182,3.190626508,0.105282068,5
Indonesia,17.78,2.935059463,0.094681276,5
Indonesia,12.607,1.002883099,0.010057751,5
Indonesia,19.839,12.45299514,0.220807563,5
Indonesia,16.992,3.458475641,0.088189573,5
Indonesia,18.715,1.513718125,0.068310695,5
Indonesia,17.688,1.269918775,0.053798815,5
Indonesia,16.962,10.26840231,0.114636111,5
Indonesia,16.08,1.002883099,0.02201699,5
Indonesia,16.688,3.959582648,0.087060464,5
Indonesia,16.737,1.679021526,0.059627081,5
Indonesia,18.593,15.4542261,0.176667123,5
Indonesia,19.07,2.960518927,0.115685927,5
Indonesia,16.124,2.219916219,0.063455373,5
Indonesia,18.567,3.569752937,0.117154655,5
Indonesia,19.772,12.74313603,0.221282766,5
Indonesia,11.816,1.008674259,0.007993444,5
Indonesia,19.132,5.280568372,0.153365875,5
Indonesia,15.635,8.039449408,0.080329297,5
Indonesia,14.425,1.002883099,0.002570374,5
Indonesia,19.185,1.713201524,0.078820673,5
Indonesia,19.51,2.05389456,0.09426298,5
Indonesia,17.783,1.728062277,0.068957829,6
Indonesia,14.661,2.399357842,0.049852125,6
Indonesia,13.055,11.09842407,0.043979954,6
Indonesia,15.504,4.788175306,0.072071401,6
Indonesia,18.772,11.35700497,0.174869131,6
Indonesia,12.293,1.005774511,0.015383999,6
Indonesia,7.932,1.005774511,0.001698386,6
Indonesia,18.728,5.481945754,0.142673521,6
Indonesia,16.749,3.020786488,0.080374219,6
Indonesia,19.32,2.297948731,0.100866362,6
Indonesia,17.787,4.843633707,0.115371799,6
Indonesia,16.39,6.478177796,0.093881608,6
Indonesia,13.61,1.002883099,0.016494377,6
Indonesia,19.708,3.559490572,0.140230696,6
Indonesia,14.719,1.412659549,0.039807102,6
Indonesia,11.927,1.005774511,0.005414984,6
Indonesia,17.901,6.496855026,0.12783366,6
Indonesia,19.952,1.883947374,0.091022383,6
Indonesia,17.8,2.378724173,0.084871745,6
Indonesia,19.772,2.952007995,0.126295868,6
Indonesia,15.843,6.629112111,0.082877448,6
Indonesia,19.955,10.41728243,0.221587051,6
Indonesia,19.576,3.40904833,0.133668289,6
Indonesia,17.819,4.692646659,0.115871642,6
Indonesia,13.041,1.002883099,0.025319721,6
Indonesia,15.816,1.09650345,0.03957087,6
Indonesia,18.651,2.089681125,0.087513925,6
Indonesia,19.95,2.239172346,0.104909261,6
Indonesia,10.078,1.799135056,0.016328342,6
Indonesia,20,1.608057505,0.078843692,6
Indonesia,18.989,2.291342563,0.0966672,6
Indonesia,14.287,2.065754796,0.0440349,6
Indonesia,17.7,1.94456384,0.074129542,6
Indonesia,18.67,3.836153476,0.124355845,6
Indonesia,17.201,3.003443073,0.086606181,6
Indonesia,19.978,7.438200263,0.200377082,6
Indonesia,17.422,1.352953345,0.055387163,6
Indonesia,15.384,4.80198009,0.070096494,6
Indonesia,13.933,1.005774511,0.008434325,6
Indonesia,15.813,12.59723029,0.088674555,6
Indonesia,17.55,1.28462744,0.053680579,6
Indonesia,18.174,14.2573401,0.156238361,6
Indonesia,12.812,3.145027202,0.035565109,6
Indonesia,18.961,1.743051936,0.078589314,6
Indonesia,16.37,3.18145406,0.077066931,6
Indonesia,16.978,10.03460716,0.114333879,6
Indonesia,18.236,7.677526167,0.143710114,6
Indonesia,14.948,1.154823542,0.036878522,6
Indonesia,15.667,7.310818321,0.080528167,6
Indonesia,14.991,3.458475641,0.059636323,6
Indonesia,8.562,1.008674259,0.002511502,6
Indonesia,16.874,8.179526844,0.108886418,6
Indonesia,17.281,4.746998612,0.10382649,6
Indonesia,16.248,8.840699352,0.09536907,6
Indonesia,17.976,14.38101196,0.15253685,6
Indonesia,16.418,1.035151107,0.040255796,6
Indonesia,19.414,3.600717897,0.135058128,6
Indonesia,16.126,13.34385519,0.096921394,6
Indonesia,11.48,1.008674259,0.007447285,6
Indonesia,18.699,4.871603322,0.136181926,6
Indonesia,19.609,5.993692023,0.1744199,6
Indonesia,17.943,3.360327417,0.104255881,6
Indonesia,15.612,10.44731649,0.083483348,6
Indonesia,17.109,1.548986069,0.059284671,6
Indonesia,19.897,4.760684681,0.165524112,6
Indonesia,16.431,4.829709176,0.087759628,6
Indonesia,8.168,1.002883099,0.001602896,6
Indonesia,19.338,2.150716395,0.096007805,6
Indonesia,7.404,1.571444599,0.00750525,6
Indonesia,13.3,1.002883099,0.019749467,6
Indonesia,19.069,3.738033256,0.12951181,6
Indonesia,13.576,6.115706172,0.047499679,6
Indonesia,14.839,3.038230052,0.055976752,6
Indonesia,16.74,2.126091227,0.068113678,6
Indonesia,14.874,1.002883099,0.015830412,6
Indonesia,19.05,8.565114702,0.174390543,6
Indonesia,18.235,11.79011061,0.155204034,6
Indonesia,16.815,9.94831292,0.109815706,6
Indonesia,12.928,2.071710572,0.033001977,6
Indonesia,16.886,1.540092787,0.057518992,6
Indonesia,15.976,2.739109552,0.067109907,6
Indonesia,16.34,3.539054265,0.079242422,6
Indonesia,17.657,1.961431489,0.073977617,6
Indonesia,11.815,1.008674259,0.009230404,6
Indonesia,16.324,4.999478801,0.086242106,6
Indonesia,18.817,8.039449408,0.164632705,6
Indonesia,15.35,2.181899329,0.054544649,6
Indonesia,19.704,5.823596788,0.175899286,6
Indonesia,19.451,1.922299067,0.088853793,6
Indonesia,19.565,1.87313096,0.087916697,6
Indonesia,19.008,1.30701048,0.060820253,6
Indonesia,15.482,1.059268973,0.036991418,6
Indonesia,15.972,1.002883099,0.001688323,6
Indonesia,19.49,10.90835944,0.200759598,6
Indonesia,13.472,1.005774511,0.004665606,6
Indonesia,15.59,3.274377763,0.066848191,6
Indonesia,15.933,1.273580077,0.044856604,6
Indonesia,12.081,1.40859842,0.024546243,6
Indonesia,18.549,4.329214479,0.12731045,6
Indonesia,17.912,1.416732386,0.060161346,6
Indonesia,18.309,2.042102417,0.083022332,6
Indonesia,19.92,6.063113161,0.183321382,6
Indonesia,17.598,11.00298137,0.1343508,6
Indonesia,18.413,5.756918053,0.136552039,6
Indonesia,7.301,1.005774511,0.002943248,6
Indonesia,17.557,8.394232525,0.127760001,6
Indonesia,17.308,8.815284013,0.119563298,6
Indonesia,14.597,1.280934379,0.037345127,6
Indonesia,17.179,7.947399712,0.115573681,6
Indonesia,13.99,10.97134988,0.055864288,6
Indonesia,19.711,1.453920417,0.070270203,6
Indonesia,11.959,4.468508009,0.030589646,6
Indonesia,17.285,13.15314953,0.128187558,6
Indonesia,17.881,2.258595506,0.083496341,6
Indonesia,17.688,3.302780562,0.098965537,6
Indonesia,19.314,2.232735149,0.098796449,6
Indonesia,13.689,3.759618569,0.045225304,6
Indonesia,17.448,2.304573946,0.07936779,6
Indonesia,18.775,12.8907317,0.176447653,6
Indonesia,19.255,7.833818286,0.176608703,6
Indonesia,19.208,1.862376645,0.0846843,6
Indonesia,18.981,3.488475353,0.124380998,6
Indonesia,14.398,1.961431489,0.044098385,6
Indonesia,18.112,2.150716395,0.083546317,6
Indonesia,18.352,8.039449408,0.149986816,6
Indonesia,13.939,1.005774511,0.024654542,6
Indonesia,16.15,7.744123014,0.09130718,6
Indonesia,17.271,2.811008867,0.085872093,6
Indonesia,15.973,1.466532098,0.049333285,6
Indonesia,14.17,4.481391161,0.052478566,6
Indonesia,18.653,11.09842407,0.167890117,6
Indonesia,17.67,5.190136677,0.115035967,6
Indonesia,18.934,3.312302806,0.120953478,6
Indonesia,11.133,1.002883099,0.006984295,6
Indonesia,17.454,5.190136677,0.111206654,6
Indonesia,19.292,3.539054265,0.130604482,6
Indonesia,19.344,4.430080346,0.147579718,6
Indonesia,19.327,6.151021383,0.165915721,6
Indonesia,18.532,4.304358912,0.126593383,6
Indonesia,19.332,12.09959107,0.199217004,6
Indonesia,16.333,3.360327417,0.077645198,6
Indonesia,18.99,6.063113161,0.157705454,6
Indonesia,17.931,3.902993693,0.110285799,6
Indonesia,18.352,5.593542236,0.135331869,6
Indonesia,14.292,3.9824473,0.053057458,6
Indonesia,17.131,1.509366472,0.058306839,6
Indonesia,19.188,8.203109232,0.177464283,6
Indonesia,17.376,1.809524181,0.068069389,6
Indonesia,19.081,2.661376248,0.108551043,6
Indonesia,18.389,3.498532974,0.112609516,7
Indonesia,16.881,1.562422375,0.057797739,7
Indonesia,19.07,3.25557839,0.12095444,7
Indonesia,19.414,1.688717054,0.079238116,7
Indonesia,15.65,1.161492083,0.04051214,7
Indonesia,17.581,1.223268748,0.051592407,7
Indonesia,19.48,2.739109552,0.115927278,7
Indonesia,10.695,1.005774511,0.013500102,7
Indonesia,12.181,1.984149508,0.027692993,7
Indonesia,9.909,12.41719513,0.018255722,7
Indonesia,16.37,3.046989571,0.074965954,7
Indonesia,16.746,3.631951455,0.086752663,7
Indonesia,18.29,5.295792775,0.130508271,7
Indonesia,18.707,8.039449408,0.161630798,7
Indonesia,19.159,8.394232525,0.177823322,7
Indonesia,12.692,1.008674259,0.011678157,7
Indonesia,17.554,1.580518923,0.063216602,7
Indonesia,19.519,7.76645009,0.185622514,7
Indonesia,17.827,2.007130655,0.076895451,7
Indonesia,11.623,1.664582507,0.023242454,7
Indonesia,19.983,5.658328693,0.180655376,7
Indonesia,9.201,1.122050757,0.011717734,7
Indonesia,14.832,6.534371185,0.065560045,7
Indonesia,19.865,5.993692023,0.181192604,7
Indonesia,9.775,1.002883099,0.011585029,7
Indonesia,13.424,3.012102298,0.040980154,7
Indonesia,18.009,1.115608663,0.048888946,7
Indonesia,16.987,1.48779514,0.05668697,7
Indonesia,13.036,11.19469467,0.043693968,7
Indonesia,18.408,9.204304925,0.153800408,7
Indonesia,18.834,1.664582507,0.074965968,7
Indonesia,13.443,2.083673687,0.037249071,7
Indonesia,19.608,5.295792775,0.165493992,7
Indonesia,19.351,6.572103982,0.170642399,7
Indonesia,19.979,5.658328693,0.180771164,7
Indonesia,13.613,1.277251935,0.031518639,7
Indonesia,16.812,7.833818286,0.106830843,7
Indonesia,17.07,1.94456384,0.068074851,7
Indonesia,19.083,4.016992078,0.135243275,7
Indonesia,18.718,2.071710572,0.087798399,7
Indonesia,17.177,1.178332393,0.048079618,7
Indonesia,14.915,1.062322951,0.034606139,7
Indonesia,13.702,2.786835139,0.042396497,7
Indonesia,19.911,2.851765288,0.125233979,7
Indonesia,19.405,3.54925771,0.133313147,7
Indonesia,19.56,1.566926993,0.074944015,7
Indonesia,17.564,1.047140607,0.044659443,7
Indonesia,14.251,1.718140854,0.04046279,7
Indonesia,16.575,3.274377763,0.080641567,7
Indonesia,8.402,1.002883099,0.008499473,7
Indonesia,19.717,2.630904152,0.115688462,7
Indonesia,14.866,2.876502237,0.054662477,7
Indonesia,18.794,2.676744394,0.104626825,7
Indonesia,18.766,2.646096336,0.103483651,7
Indonesia,18.03,3.902993693,0.112162382,7
Indonesia,17.595,7.268844301,0.122664111,7
Indonesia,12.306,1.008674259,0.010504649,7
Indonesia,19.45,1.7683242,0.083042281,7
Indonesia,19.819,2.843567002,0.123135214,7
Indonesia,15.672,5.756918053,0.076958026,7
Indonesia,6.182,1.927841246,0.005150209,7
Indonesia,12.218,5.993692023,0.033279786,7
Indonesia,15.598,5.042845572,0.074292177,7
Indonesia,15.384,1.905767944,0.052074955,7
Indonesia,17.756,3.508619592,0.102089385,7
Indonesia,15.979,10.53793921,0.090335707,7
Indonesia,14.656,1.026249157,0.032649245,7
Indonesia,19.774,1.94456384,0.092299881,7
Indonesia,19.034,4.885648638,0.146920442,7
Indonesia,19.198,1.548986069,0.072396212,7
Indonesia,19.54,1.894826249,0.088449128,7
Indonesia,15.815,3.46844677,0.070630434,7
Indonesia,17.255,2.420170492,0.078889185,7
Indonesia,18.112,2.16313573,0.08399388,7
Indonesia,13.41,13.0776326,0.048778028,7
Indonesia,19.786,4.098766361,0.153317758,7
Indonesia,19.861,2.85998721,0.124097276,7
Indonesia,19.995,1.867746062,0.090762106,7
Indonesia,19.122,4.040188242,0.136203011,7
Indonesia,19.596,1.989870008,0.092685117,7
Indonesia,9.71,1.008674259,0.002080318,7
Indonesia,11.655,2.344728289,0.025582213,7
Indonesia,11.988,1.466532098,0.024416749,7
Indonesia,16.567,2.181899329,0.067050845,7
Indonesia,18.626,1.95017021,0.082911823,7
Indonesia,14.194,3.9824473,0.051526717,7
Indonesia,15.327,4.098766361,0.066715837,7
Indonesia,19.047,1.30701048,0.0609298,7
Indonesia,19.977,8.714351203,0.211458425,7
Indonesia,15.14,1.035151107,0.035040177,7
Indonesia,19.923,2.786835139,0.123742602,7
Indonesia,16.228,8.418433931,0.092837839,7
Indonesia,15.322,1.492084601,0.045310604,7
Indonesia,18.795,1.693585793,0.075758236,7
Indonesia,18.77,2.138368364,0.090063141,7
Indonesia,12.836,2.469438129,0.03382315,7
Indonesia,15.949,1.322148754,0.045889971,7
Indonesia,10.242,1.911262462,0.017148008,7
Indonesia,10.285,1.005774511,0.001715679,7
Indonesia,18.821,5.190136677,0.142523117,7
Indonesia,10.433,1.266267999,0.016270731,7
Indonesia,11.754,1.008674259,0.004589571,7
Indonesia,12.807,1.318347826,0.02773067,7
Indonesia,19.187,5.497750747,0.156785479,7
Indonesia,17.728,3.18145406,0.098267479,7
Indonesia,15.062,1.011582367,0.034064112,7
Indonesia,19.528,2.73123513,0.115869403,7
Indonesia,18.265,1.748077328,0.073575382,7
Indonesia,9.92,6.240204175,0.017810451,7
Indonesia,17.192,3.781328527,0.094945249,7
Indonesia,15.507,3.925531572,0.069171077,7
Indonesia,16.774,1.933399404,0.064893874,7
Indonesia,18.132,2.337987638,0.088136301,7
Indonesia,16.294,1.002883099,0.030724222,7
Indonesia,16.839,4.559473844,0.094998385,7
Indonesia,15.951,1.266267999,0.044678656,7
Indonesia,19.81,1.505027329,0.073127677,7
Indonesia,18.193,5.756918053,0.131768893,7
Indonesia,14.346,6.667391991,0.057736482,7
Indonesia,17.396,4.417344703,0.103503981,7
Indonesia,19.702,1.7683242,0.08455321,7
Indonesia,5.453,1.002883099,0.00361107,7
Indonesia,19.049,8.689299091,0.173148028,7
Indonesia,19.709,10.18009751,0.208310024,7
Indonesia,18.377,1.280934379,0.057209678,7
Indonesia,18.773,9.919713402,0.170856764,7
Indonesia,14.911,3.218302827,0.057391761,7
Indonesia,11.076,2.462338961,0.022159744,7
Indonesia,19.948,2.083673687,0.099415353,7
Indonesia,18.909,4.585802575,0.139807006,7
Indonesia,17.383,1.683862312,0.064969203,7
Indonesia,19.325,2.226316457,0.098675677,7
Indonesia,12.556,1.922299067,0.029987758,7
Indonesia,15.07,1.002883099,0.025197767,7
Indonesia,18.564,1.216245525,0.055087207,7
Indonesia,16.308,1.703365422,0.056668032,7
Indonesia,16.345,1.841052896,0.059527485,7
Indonesia,18.533,7.481152231,0.151032899,7
Indonesia,17.637,13.04003688,0.138671753,7
Indonesia,18.199,2.200825688,0.085657135,7
Indonesia,18.109,1.492084601,0.063950506,7
Indonesia,17.929,1.636075913,0.067631111,8
Indonesia,19.993,5.057384597,0.173165089,8
Indonesia,11.258,1.008674259,0.006939497,8
Indonesia,11.473,3.218302827,0.025746188,8
Indonesia,15.042,1.804322141,0.047662011,8
Indonesia,12.414,1.005774511,0.00870907,8
Indonesia,17.489,7.589620402,0.123378781,8
Indonesia,13.698,1.437273389,0.033801028,8
Indonesia,19.868,3.847213487,0.148292419,8
Indonesia,10.155,1.005774511,0.010188266,8
Indonesia,10.763,2.16313573,0.020166513,8
Indonesia,13.275,2.077683519,0.035723297,8
Indonesia,17.059,4.242842537,0.096352864,8
Indonesia,19.366,8.891750066,0.187671478,8
Indonesia,17.984,1.557930706,0.065437464,8
Indonesia,19.495,5.891047821,0.168234327,8
Indonesia,15.977,1.002883099,0.017322851,8
Indonesia,15.518,4.134320121,0.069183894,8
Indonesia,15.359,4.27964605,0.068358264,8
Indonesia,19.034,1.269918775,0.059148939,8
Indonesia,18.901,3.600717897,0.124400262,8
Indonesia,19.723,14.05357924,0.222042949,8
Indonesia,19.904,2.762869296,0.12259839,8
Indonesia,14.961,3.70588743,0.059885345,8
Indonesia,12.947,3.312302806,0.037161111,8
Indonesia,18.676,4.928028018,0.137898863,8
Indonesia,15.263,1.002883099,0.003502718,8
Indonesia,10.066,1.005774511,0.008659877,8
Indonesia,18.931,1.922299067,0.084578134,8
Indonesia,18.533,1.376526879,0.061800005,8
Indonesia,16.16,5.976461292,0.087581378,8
Indonesia,19.949,4.304358912,0.159214162,8
Indonesia,12.759,1.216245525,0.026368888,8
Indonesia,13.118,5.34172985,0.041967933,8
Indonesia,19.195,2.707747428,0.111043581,8
Indonesia,12.687,1.005774511,0.023684262,8
Indonesia,18.374,5.175216015,0.132283469,8
Indonesia,13.609,1.002883099,0.015969006,8
Indonesia,13.863,1.30701048,0.033207596,8
Indonesia,16.91,4.040188242,0.09184673,8
Indonesia,18.711,4.028573465,0.126674632,8
Indonesia,16.156,1.830482754,0.05749719,8
Indonesia,17.573,1.080832611,0.045984746,8
Indonesia,19.957,5.372575727,0.177737377,8
Indonesia,7.037,1.002883099,0.005252336,8
Indonesia,19.059,4.063518353,0.134654575,8
Indonesia,12.355,1.005774511,0.014480722,8
Indonesia,17.333,2.399357842,0.079353592,8
Indonesia,17.788,2.107807559,0.079229418,8
Indonesia,18.487,2.317881733,0.09241335,8
Indonesia,19.866,10.15083166,0.216322232,8
Indonesia,19.005,2.278187147,0.097143793,8
Indonesia,9.455,3.321852504,0.014899733,8
Indonesia,18.27,1.718140854,0.072778968,8
Indonesia,12.118,1.008674259,0.01531239,8
Indonesia,16.001,15.49878217,0.095790923,8
Indonesia,13.109,1.008674259,0.018820276,8
Indonesia,19.28,3.621510281,0.131836906,8
Indonesia,19.402,3.038230052,0.122878873,8
Indonesia,18.873,3.925531572,0.12968839,8
Indonesia,18.696,4.316768806,0.131317432,8
Indonesia,16.328,1.972757797,0.061661697,8
Indonesia,16.867,2.05389456,0.068476867,8
Indonesia,18.788,1.783663102,0.078957472,8
Indonesia,18.511,3.302780562,0.112908363,8
Indonesia,14.622,1.453920417,0.040000506,8
Indonesia,19.274,3.40904833,0.127419542,8
Indonesia,16.345,1.698468569,0.056573368,8
Indonesia,18.686,1.788805579,0.078364545,8
Indonesia,18.446,11.25933856,0.160617249,8
Indonesia,19.511,9.41875496,0.193686375,8
Indonesia,19.449,2.707747428,0.114559671,8
Indonesia,16.589,1.161492083,0.045096542,8
Indonesia,19.114,4.051836506,0.136492453,8
Indonesia,10.152,1.005774511,0.01046361,8
Indonesia,19.438,5.674642216,0.165081139,8
Indonesia,17.766,6.028302662,0.123728062,8
Indonesia,15.797,1.29577063,0.044323594,8
Indonesia,11.089,1.002883099,0.017316377,8
Indonesia,19.251,3.970998518,0.138431541,8
Indonesia,18.714,10.29800713,0.170059489,8
Indonesia,19.46,3.611099124,0.135832034,8
Indonesia,8.369,1.002883099,0.002776796,8
Indonesia,11.689,2.707747428,0.026376835,8
Indonesia,19.839,7.459645333,0.19708936,8
Indonesia,18.027,3.236886951,0.103499344,8
Indonesia,19.819,4.267342877,0.154941303,8
Indonesia,17.986,2.351488373,0.086347516,8
Indonesia,19.441,9.020670296,0.189899803,8
Indonesia,16.325,6.294333319,0.091527824,8
Indonesia,10.823,1.788805579,0.019566081,8
Indonesia,15.987,6.151021383,0.084077333,8
Indonesia,12.605,1.002883099,0.004432141,9
Indonesia,15.027,2.802927748,0.056516455,9
Indonesia,19.434,4.430080346,0.150301514,9
Indonesia,18.575,3.727287117,0.120666861,9
Indonesia,19.97,14.2573401,0.23395347,9
Indonesia,15.386,3.209050815,0.063598096,9
Indonesia,8.981,1.008674259,0.005385652,9
Indonesia,18.961,8.565114702,0.171045049,9
Indonesia,9.33,1.008674259,0.006698803,9
Indonesia,16.175,7.35303472,0.090180462,9
Indonesia,17.128,2.188189961,0.07363087,9
Indonesia,17.874,2.770834922,0.093124608,9
Indonesia,14.531,1.005774511,0.013196071,9
Indonesia,16.72,1.612693695,0.05768869,9
Indonesia,12.065,6.098124673,0.032389837,9
Indonesia,16.373,1.237437095,0.04616018,9
Indonesia,10.991,1.005774511,0.011684571,9
Indonesia,19.458,9.391677821,0.193405472,9
Indonesia,19.342,2.676744394,0.1126377,9
Indonesia,19.595,2.646096336,0.114620014,9
Indonesia,16.476,1.178332393,0.044908427,9
Indonesia,19.554,13.26724335,0.211336529,9
Indonesia,14.673,1.008674259,0.032368885,9
Indonesia,18.914,4.354213575,0.137375906,9
Indonesia,8.018,1.400511153,0.008874996,9
Indonesia,12.511,1.288331148,0.02578096,9
Indonesia,13.606,1.002883099,0.006438836,9
Indonesia,18.313,2.113884578,0.084315234,9
Indonesia,19.031,5.840386796,0.154809707,9
Indonesia,17.666,3.117981028,0.09616357,9
Indonesia,18.667,1.292045535,0.058866328,9
Indonesia,10.523,1.008674259,0.007739734,9
Indonesia,5.678,1.292045535,0.004173918,9
Indonesia,19.108,6.258195303,0.162587989,9
Indonesia,14.505,1.972757797,0.044982993,9
Indonesia,18.418,3.379731664,0.112257284,9
Indonesia,16.499,1.13504676,0.043715549,9
Indonesia,18.836,1.241004749,0.057117421,9
Indonesia,19.757,8.866187966,0.202436917,9
Indonesia,13.923,1.062322951,0.029959056,9
Indonesia,18.568,5.042845572,0.136052515,9
Indonesia,17.101,1.074627164,0.044034191,9
Indonesia,19.134,1.458112214,0.068130247,9
Indonesia,18.982,4.134320121,0.134770372,9
Indonesia,19.922,4.27964605,0.158168422,9
Indonesia,19.135,4.928028018,0.14840464,9
Indonesia,15.921,4.585802575,0.078580347,9
Indonesia,18.982,3.46844677,0.123627666,9
Indonesia,18.202,4.746998612,0.123438572,9
Indonesia,16.978,4.829709176,0.098636094,9
Indonesia,17.408,2.213534379,0.076909287,9
Indonesia,14.62,1.005774511,0.016091813,9
Indonesia,12.769,12.16946029,0.040776307,9
Indonesia,19.282,3.847213487,0.136020144,9
Indonesia,19.798,12.38149804,0.219843755,9
Indonesia,15.26,1.002883099,0.010730472,9
Indonesia,10.65,1.005774511,0.003754893,9
Indonesia,9.067,1.002883099,0.010111497,10
Indonesia,15.843,1.40859842,0.047187156,10
Indonesia,19.401,14.21635295,0.207031026,10
Indonesia,15.247,2.715554133,0.058105313,10
Indonesia,17.341,1.322148754,0.053741605,10
Indonesia,19.989,3.902993693,0.152915297,10
Indonesia,15.675,1.062322951,0.038027898,10
Indonesia,19.524,8.789941739,0.192923774,10
Indonesia,13.395,2.541565317,0.039002482,10
Indonesia,18.757,4.146239776,0.13038961,10
Indonesia,9.051,1.008674259,0.009662232,10
Indonesia,18.161,3.438619297,0.108779435,10
Indonesia,19.701,2.469438129,0.110423384,10
Indonesia,19.57,1.763240603,0.083630926,10
Indonesia,19.667,12.03012299,0.214654142,10
Indonesia,16.682,1.743051936,0.060680433,10
Indonesia,11.303,1.32596064,0.020162861,10
Indonesia,17.607,5.707410499,0.117416834,10
Indonesia,18.308,4.146239776,0.119563311,10
Indonesia,19.373,7.001825819,0.174809427,10
Indonesia,15.913,1.209262625,0.043111501,10
Indonesia,19.333,1.995607,0.090804671,10
Indonesia,19.724,6.610054667,0.185108653,10
Indonesia,19.232,3.869429263,0.136771873,10
Indonesia,18.5,2.077683519,0.085867848,10
Indonesia,17.101,5.372575727,0.103515813,10
Indonesia,18.148,1.612693695,0.068226565,10
Indonesia,19.908,15.8598865,0.236367198,10
Indonesia,17.654,6.705892918,0.122569218,10
Indonesia,19.78,7.788841536,0.19758591,10
Indonesia,17.741,1.020357094,0.044012179,10
Indonesia,18.97,2.469438129,0.101333513,10
Indonesia,12.697,1.008674259,0.007658604,10
Indonesia,14.035,1.989870008,0.041198136,10
Indonesia,16.262,7.310818321,0.092828885,10
Indonesia,17.458,1.978445453,0.072591864,10
Indonesia,5.156,1.008674259,0.002066166,10
Indonesia,17.795,1.041128598,0.045054447,10
Indonesia,18.542,1.905767944,0.080771145,10
Indonesia,19.165,1.598825073,0.07408335,10
Indonesia,14.698,1.002883099,0.01341557,10
Indonesia,17.921,2.699963167,0.093211361,10
Indonesia,16.908,3.274377763,0.086009408,10
Indonesia,18.51,4.005443985,0.123610244,10
Indonesia,14.977,9.976994894,0.070846145,10
Indonesia,18.971,4.585802575,0.140164147,10
Indonesia,15.787,1.368623747,0.0460261,11
Indonesia,12.569,2.156917124,0.03105222,11
Indonesia,18.38,1.310778721,0.058425425,11
Indonesia,16.719,3.902993693,0.087309461,11
Indonesia,14.643,10.38733471,0.065230388,11
Indonesia,17.097,1.384475648,0.054377246,11
Indonesia,18.593,2.469438129,0.096917639,11
Indonesia,18.849,4.559473844,0.136851669,11
Indonesia,11.857,2.144533492,0.026157705,11
Indonesia,19.535,10.35747309,0.199039905,11
Indonesia,18.481,4.329214479,0.127154931,11
Indonesia,19.007,6.783563027,0.163040464,11
Indonesia,15.292,1.032175243,0.035421433,11
Indonesia,15.401,2.893112631,0.061954283,11
Indonesia,19.182,1.412659549,0.066273062,11
Indonesia,18.98,11.25933856,0.183944864,11
Indonesia,6.937,1.002883099,0.002343809,11
Indonesia,15.361,3.948199596,0.066408336,11
Indonesia,18.527,2.952007995,0.106538778,11
Indonesia,13.92,1.002883099,0.019167513,11
Indonesia,13.194,1.655025544,0.032772605,12
Indonesia,17.454,13.49840861,0.132765057,12
Indonesia,17.669,1.345185556,0.056230596,12
Indonesia,5.15,1.011582367,0.001080353,12
Indonesia,18.118,8.540491617,0.144367982,12
Indonesia,19.178,5.57746186,0.156268293,12
Indonesia,19.316,4.857598384,0.151485087,12
Indonesia,9.393,1.005774511,0.009082754,12
Indonesia,19.18,2.126091227,0.093494485,12
Indonesia,18.958,7.524352225,0.167018621,12
Indonesia,18.466,2.483697926,0.095907787,13