years	Q	target	years2	Q2	target2	years3	Q3	target3	years4	Q4	target4	years5	Q5	target5		Q6	target6	years7	Q7	target7	years8	Q8	target8	years9	Q9	target9	years10	Q10	target10	Sum
0.13381193	19.33367223	0.60912252	0.152603899	1.622006212	0.055642316	0.079130701	1.360765989	0.022489741	0.139833388	12.77987575	0.332851858	0.172811101	1.102835221	0.02117178	12.06144537	15.76882923	0.138717905	0.175671472	10.29800713	0.351727003	0.116655106	1.005774511	0.001402857	0.116596741	2.047990001	0.04607762	0.080845869	1.002883099	0.00843359	1.58763719
0.073672927	23.20982725	0.24431065	0.155752946	2.089681125	0.068966636	0.195968343	47.49732675	0.974990506	0.123763305	4.985106245	0.141488314	0.185786489	1.002883099	0.021606727	9.753792808	2.05389456	0.041135506	0.14478815	5.34172985	0.153327962	0.097169112	1.011582367	0.002671246	0.096954423	3.046989571	0.03577192	0.185810471	9.445910166	0.160363252	1.844632718
0.060393247	6.53324373	0.081658837	0.247269039	6.098124673	0.374479986	0.139281954	12.70650192	0.216785183	0.184156607	15.23335977	0.66782337	0.108268068	1.005774511	0.002788229	15.64869486	3.684610606	0.137694991	0.129812027	3.302780562	0.090582982	0.180434796	1.008674259	0.017351507	0.17956787	5.942148292	0.224759476	0.142095415	1.462316096	0.037279809	1.85120437
0.049657488	5.520407192	0.054793891	0.15247529	1.708276394	0.057865645	0.191644328	25.35718419	0.749454128	0.151220589	10.06353793	0.34053159	0.155258296	1.032175243	0.014175449	18.47194663	6.028302662	0.27095779	0.144461597	14.50575657	0.222986972	0.183926271	6.276238301	0.040128502	0.116119583	1.955792745	0.044554319	0.191992101	1.608057505	0.074928398	1.870376685
0.084974116	334.9933678	0.486961384	0.215530458	4.746998612	0.242904048	0.086259332	6.842405407	0.051435348	0.180159792	12.09959107	0.527138734	0.1919647	2.156917124	0.036565193	16.70499895	6.13333836	0.232820315	0.065116895	2.893112631	0.020723086	0.156831579	1.626682617	0.018616645	0.188947486	5.057384597	0.224133596	0.182193037	1.470760256	0.063791391	1.905089738
0.058286136	57.05055597	0.183344685	0.195756621	12.13447539	0.2959035	0.186794117	5.874112172	0.267972945	0.138390563	20.9088469	0.399473925	0.155713817	1.011582367	0.014066339	15.15676883	2.827241068	0.102647447	0.169242711	16.08983676	0.384089868	0.19497589	1.011582367	0.011516865	0.188047208	3.70588743	0.16981253	0.188441849	2.563611512	0.102678395	1.931506498
0.104612743	62.15251909	0.714837568	0.18073663	2.73123513	0.113093439	0.158884574	8.515939318	0.264618425	0.139893132	7.721860125	0.243585281	0.155548565	1.144892449	0.014552494	18.91923995	5.908032296	0.273483017	0.122997371	8.714351203	0.121266552	0.171524463	1.014498859	0.018587871	0.146614642	7.206334691	0.139188093	0.181525863	2.884795479	0.098983071	2.002195812
0.057389638	10.22828607	0.109566169	0.24202141	10.59879065	0.56826399	0.129009634	4.122434732	0.108898868	0.115840648	47.49732675	0.273919664	0.19534591	1.011582367	0.027289892	17.37756993	6.9017582	0.275121241	0.179277164	20.9088469	0.506790235	0.189437266	1.322148754	0.035044357	0.128253066	1.922299067	0.053479264	0.170130784	3.100079585	0.085346618	2.043720299
0.141059099	47.93163131	1.339211897	0.158902045	10.12164994	0.131220652	0.09056287	2.213534379	0.038681641	0.088339178	2.378724173	0.04632526	0.182080706	3.227581513	0.031301762	14.57496108	4.098766361	0.134757256	0.153669553	5.561427712	0.178727816	0.184227757	1.005774511	0.02383431	0.089172351	1.479253177	0.02292067	0.1794632	6.981696894	0.131755146	2.078736408
0.066158529	46.71566697	0.231548916	0.234102364	4.970775007	0.287740241	0.11508403	2.226316457	0.057557109	0.170172559	15.95146959	0.593834037	0.151595399	8.714351203	0.015266442	17.22789904	10.26840231	0.350525416	0.110821355	34.4059979	0.105539895	0.175873162	1.011582367	0.017311323	0.183238561	8.943095573	0.296144582	0.198171011	3.611099124	0.142773636	2.098241598
0.114138417	22.36415041	0.55025112	0.191457384	2.291342563	0.107186544	0.17387239	85.70047831	0.656027244	0.12392093	17.59184249	0.278405923	0.104050643	1.002883099	0.002794934	16.15981447	5.756918053	0.209421014	0.164753859	4.040188242	0.15951682	0.143433584	1.617343251	0.013494053	0.162552626	2.095705883	0.082082523	0.169977581	1.388467229	0.053885318	2.113065492
0.067599758	102.1438192	0.262998492	0.181473193	4.533296276	0.155673168	0.192123161	6.610054667	0.310632064	0.148189972	8.370100694	0.286068331	0.193122667	1.748077328	0.035352683	12.73916116	5.674642216	0.121677932	0.19843984	8.109185671	0.388448533	0.186697922	2.200825688	0.038065712	0.187344983	11.0665182	0.347824326	0.188752995	11.38974835	0.17862492	2.125366161
0.064439094	13.33887845	0.152006202	0.216445658	3.478446646	0.18545579	0.076121491	5.674642216	0.037418818	0.065155921	2.85998721	0.034696012	0.198827586	4.170182282	0.046968065	18.32590644	107.2772487	0.804364333	0.162412054	89.48246402	0.43826982	0.191726597	1.011582367	0.025795496	0.189026842	12.48889836	0.374949877	0.18533279	1.352953345	0.060870154	2.160794569
0.118130751	112.8783769	1.122816377	0.10642982	5.434802868	0.03295534	0.180328023	7.76645009	0.326764624	0.130377441	16.13622535	0.307222561	0.159654494	1.002883099	0.001436467	9.060307488	20.84873791	0.063370938	0.148237402	4.230645167	0.138845664	0.194046237	1.014498859	0.023763651	0.153453316	1.708276394	0.062770587	0.165259764	3.580044889	0.082741951	2.162688161
0.114941114	30.70351988	0.679681304	0.171079353	7.268844301	0.156444804	0.089648196	2.6233408	0.041552309	0.175361926	28.94778936	0.902147592	0.15521645	1.01742376	0.009935894	13.12005478	2.427148084	0.074302378	0.114193179	1.708276394	0.044444198	0.15693509	1.002883099	0.004490616	0.145515579	9.891196101	0.149001243	0.181827541	3.569752937	0.111314235	2.173314573
0.106939381	128.7208798	0.866586525	0.144851256	1.857022665	0.054790255	0.076555872	1.322148754	0.020967554	0.143327876	27.24951894	0.475918061	0.147980251	1.014498859	0.009744067	14.09336951	28.53407779	0.252697143	0.133806443	2.024541025	0.063877874	0.180985445	1.466532098	0.030495224	0.194884416	7.022012778	0.30324325	0.181432177	5.205100356	0.126089879	2.204409833
0.119131611	26.69500688	0.66942362	0.175990035	1.783663102	0.075840592	0.146588453	5.357130588	0.167087628	0.169246404	8.917385864	0.365407647	0.190199371	1.125285741	0.029812309	16.00323037	6.080593718	0.213463512	0.160021289	3.781328527	0.144366316	0.118491496	1.014498859	0.003499143	0.194775018	16.79988569	0.470788162	0.187734748	1.659797147	0.074088041	2.21377697
0.101244738	13.5693513	0.30761052	0.181488815	2.548892902	0.10793408	0.173294549	10.62934802	0.368322101	0.187691134	19.06865582	0.822732299	0.129762942	1.005774511	0.001900284	17.64091396	7.924552441	0.313867814	0.139917781	3.274377763	0.1034354	0.121780694	1.011582367	0.001647119	0.182261968	4.970775007	0.205961646	0.119718359	1.961431489	0.02648952	2.259900782
0.095205416	13.18740876	0.276269564	0.218009505	48.18598379	0.611022896	0.153140931	7.833818286	0.230741435	0.087723634	7.001825819	0.089769653	0.171584958	1.011582367	0.017478904	18.58751301	98.40071397	0.836452927	0.130738056	2.169372265	0.066141049	0.159707515	1.191980271	0.01861577	0.144175056	3.18145406	0.09350667	0.131394814	7.331896136	0.04347972	2.283478586
0.127672348	22.94626795	0.670461112	0.111840348	1.237437095	0.025186807	0.1968345	35.41092605	0.918218526	0.122219289	14.01317786	0.247503354	0.15569459	1.011582367	0.002779198	16.6903683	3.748810377	0.151386004	0.174275496	4.098766361	0.173678778	0.152774903	1.005774511	0.014051483	0.12964231	2.351488373	0.062363709	0.145738645	1.650267659	0.042066109	2.30769508
0.106406208	192.5234413	0.892217664	0.215683526	3.70588743	0.196515045	0.093586194	2.512465026	0.043896734	0.166487083	20.61002505	0.658956801	0.159836534	1.008674259	0.003064867	12.14281753	2.107807559	0.058887773	0.143282095	6.629112111	0.16591023	0.168350791	1.273580077	0.022910573	0.172272171	2.876502237	0.119579531	0.195500713	7.268844301	0.184728061	2.346667279
0.121659949	30.96763587	0.765829232	0.243851518	7.438200263	0.441202505	0.147271997	4.815824676	0.157068964	0.159781726	7.062561466	0.271285249	0.197652918	1.014498859	0.005565436	16.4741029	4.379357028	0.173010675	0.158315841	3.759618569	0.141200067	0.196212654	2.909818941	0.048443868	0.19149098	9.257455283	0.340247617	0.115350813	11.5548867	0.029182285	2.373035898
0.080639531	18.10486245	0.260309235	0.23737873	11.19469467	0.554298739	0.187464506	7.589620402	0.342658209	0.129541414	11.09842407	0.259458359	0.154563035	2.371885791	0.015627227	15.06889922	3.970998518	0.13916821	0.161627206	18.85032445	0.344785864	0.15420499	1.005774511	0.009157846	0.178625331	12.8907317	0.318482066	0.186924839	5.908032296	0.14530095	2.389246705
0.088707305	43.49742102	0.437247515	0.143662131	31.28771475	0.100635163	0.175140323	7.144362642	0.290853857	0.174798967	34.4059979	0.95197348	0.193596467	7.459645333	0.043922068	15.03356182	7.416816844	0.20737447	0.182691195	6.010972432	0.26372314	0.185272411	1.005774511	0.016919603	0.137236007	2.556241613	0.073500548	0.135509649	7.289801101	0.048299256	2.434449099
0.12058481	168.8283486	1.2749104	0.143800733	1.002883099	0.034131031	0.150077317	4.999478801	0.166791126	0.153783658	8.370100694	0.303011195	0.117796718	1.011582367	0.005210563	19.51324514	8.085873296	0.381675459	0.106414186	7.331896136	0.077989785	0.146832251	1.005774511	0.003990818	0.154671486	1.927841246	0.071460832	0.177885932	5.34172985	0.118254447	2.437425656
0.064964219	6.58944361	0.089088216	0.16022503	10.15083166	0.135905818	0.132821677	24.21564404	0.211008621	0.151492797	18.90467181	0.495142956	0.189203427	1.01742376	0.00805579	19.67386883	16.27619514	0.640435036	0.183439529	25.65088039	0.585806254	0.173034597	1.005774511	0.005358495	0.196977598	4.638917021	0.222362338	0.142282375	6.045682857	0.055893082	2.449056608
0.064328577	13.84327412	0.15458723	0.233386206	8.540491617	0.445360061	0.146558022	14.71607349	0.263586533	0.170564373	9.391677821	0.388146152	0.15246695	1.4331415	0.013912008	17.30792188	8.689299091	0.319656427	0.188568888	17.44055857	0.558114637	0.118868298	1.014498859	0.005721077	0.163159859	2.434145793	0.095217278	0.195121798	14.42247384	0.21398431	2.458285712
0.160796556	35.41491936	1.36509673	0.16382299	1.345185556	0.053074736	0.163542732	12.59723029	0.343196247	0.106962683	4.170182282	0.097987974	0.199431354	2.265107261	0.042951901	17.31251873	9.80613515	0.343144288	0.101682845	6.186540523	0.067211253	0.186130592	1.002883099	0.022194475	0.146955403	6.098124673	0.132136364	0.131754184	1.005774511	0.023934445	2.490928412
0.162732766	32.04701573	1.259814118	0.219117296	3.684610606	0.198816549	0.166321904	6.862132741	0.254339949	0.069435789	1.585075716	0.023023685	0.197500878	2.909818941	0.043715847	16.01086178	9.046677784	0.2699818	0.176893791	5.403599724	0.227958503	0.169690288	1.011582367	0.020449979	0.162846478	7.524352225	0.193418166	0.119108577	1.002883099	0.002298391	2.493816987
0.085483918	17.00262866	0.278662824	0.201894962	41.60588733	0.42280528	0.140054538	16.84832142	0.234697627	0.116206383	5.642062068	0.14037166	0.132632277	1.002883099	0.005160088	13.50112518	31.83286437	0.219983992	0.192588525	178.5718316	0.954179445	0.166574545	1.01742376	0.017930309	0.149568273	3.246219218	0.102239615	0.174841028	6.981696894	0.120721629	2.49675247
0.137643325	28.34452839	0.895971515	0.16600978	1.310778721	0.052663351	0.163614222	8.491457603	0.283117241	0.124192742	21.21200132	0.294251943	0.080966076	1.008674259	0.001187492	18.05944801	12.96516937	0.449489963	0.171406171	4.230645167	0.17534224	0.182216896	1.005774511	0.016149324	0.198304216	7.144362642	0.318808522	0.159703398	1.002883099	0.01346346	2.500445053
0.076448805	109.3883763	0.353177381	0.222150768	14.33966927	0.504465756	0.176766968	58.26950924	0.676820601	0.14115655	8.394232525	0.263346424	0.194905061	9.072760254	0.045845682	15.30460828	27.80423995	0.332428907	0.15183369	7.611502031	0.206892444	0.182530459	1.014498859	0.022894677	0.174093314	5.403599724	0.195786482	0.116292823	1.002883099	0.001919808	2.603578163
0.098953957	52.51713048	0.595034601	0.232169054	12.48889836	0.547019159	0.111466701	2.843567002	0.065507766	0.175294634	12.63354936	0.52625129	0.194870919	3.478446646	0.042374711	19.76164133	10.15083166	0.472309142	0.166600666	6.9017582	0.244449495	0.151117575	1.01742376	0.008776055	0.113005162	1.333617414	0.032997129	0.149468625	12.27502133	0.071301608	2.606020956
0.125324695	54.19267245	1.074015538	0.233587873	9.80613515	0.486794085	0.139056366	13.42090943	0.215899828	0.101980249	6.330680015	0.117786906	0.115090333	1.011582367	0.003818039	9.235261961	2.692201283	0.043360951	0.19689044	12.66997313	0.529326408	0.125655667	1.002883099	0.006136639	0.149017898	2.095705883	0.073364398	0.159193247	3.020786488	0.068718755	2.619221547
0.11406459	17.545092	0.452611217	0.120748145	2.498040067	0.040135352	0.199951042	12.13447539	0.558554911	0.122992773	14.33966927	0.252925005	0.147168136	1.008674259	0.003657909	18.28244811	32.10899087	0.651776689	0.177666148	25.57713896	0.514797284	0.183111976	1.002883099	0.021800564	0.167365936	3.559490572	0.136286695	0.106526825	1.005774511	0.010325141	2.642870765
0.156883174	35.01276509	1.302932432	0.237385183	6.186540523	0.359462892	0.19791528	10.20944774	0.480317565	0.072650755	6.822734785	0.060385879	0.144340365	1.014498859	0.001744402	18.15830622	6.59105201	0.286322366	0.092939707	1.851684076	0.034166432	0.167953705	1.008674259	0.013651434	0.118078151	9.310912558	0.076582889	0.150798541	1.723094425	0.04714651	2.6627128
0.114939711	31.32332806	0.683669957	0.153900532	1.209262625	0.044370362	0.197330369	7.589620402	0.367519267	0.159697834	12.31041144	0.437615959	0.17934555	1.008674259	0.002952468	18.73653056	12.41719513	0.479032477	0.122706805	24.70860417	0.143138461	0.176851052	1.303253072	0.027300908	0.196631983	12.34590358	0.427159405	0.172849654	1.251769545	0.051284083	2.664043346
0.107443016	121.5765354	0.871515327	0.180823303	21.89450262	0.241540204	0.146122776	20.6694458	0.280958405	0.156104219	6.881916951	0.257826747	0.174138331	1.011582367	0.012427438	18.07240253	26.40008963	0.593250959	0.169702782	6.240204175	0.237294011	0.135293558	1.008674259	0.001293528	0.154826831	10.65999348	0.184829389	0.14424839	1.002883099	0.018468157	2.699404165
0.104754117	112.8783769	0.799746135	0.226651866	4.843633707	0.26918154	0.187894046	25.21159953	0.692867141	0.074313206	5.466186196	0.058765117	0.1615046	1.014498859	0.009532717	19.27606354	9.862760783	0.43934176	0.181394703	6.862132741	0.290333397	0.152494462	1.174944911	0.015754203	0.13250271	1.299506466	0.040466429	0.19507247	2.030377978	0.09381486	2.7098033
0.144128781	32.9751828	1.090889444	0.197254584	3.331429734	0.155497989	0.141644083	11.5548867	0.220495486	0.145251529	50.16780576	0.574105383	0.151507857	1.005774511	0.012673763	17.51655195	5.250250742	0.222355778	0.118187163	2.608279263	0.06525335	0.199667448	1.014498859	0.025421283	0.179011183	8.109185671	0.265575838	0.184931892	2.169372265	0.08811776	2.720386076
0.072829522	8.617973549	0.133452224	0.221116894	39.84741015	0.640736105	0.061655229	1.083948758	0.013364335	0.178028693	16.13622535	0.658187939	0.192041009	1.008674259	0.021429624	19.48651654	25.13912095	0.757506353	0.165742597	14.01317786	0.339832371	0.12541448	1.011582367	0.007932948	0.166239998	2.169372265	0.087324325	0.166409289	2.505242164	0.073471365	2.73323759
0.13643819	20.29521715	0.65474958	0.220182452	6.168755389	0.309198024	0.138811873	6.38559397	0.164127928	0.139419951	15.01564998	0.359125873	0.110797083	1.029207935	0.004045445	18.09616833	58.26950924	0.705187427	0.163528364	8.109185671	0.256620723	0.164854972	1.841052896	0.022593934	0.158729531	7.289801101	0.178679582	0.156933693	10.20944774	0.084385033	2.73871355
0.137703993	25.7223435	0.825668553	0.229244948	13.00254924	0.536781821	0.140744966	5.295792775	0.152826246	0.164100205	24.56674324	0.688368138	0.195528593	1.01742376	0.017627618	16.54883777	3.814128748	0.152524512	0.156097044	3.54925771	0.131602688	0.193747303	1.008674259	0.022698244	0.179830076	4.928028018	0.198846594	0.103359173	3.631951455	0.019194643	2.746139057
0.067897764	104.5037288	0.266838554	0.201931737	29.87919153	0.406628093	0.198073656	31.55911247	0.901570907	0.124008002	5.295792775	0.148559951	0.184177941	1.080832611	0.026113434	19.42553844	7.185617841	0.340472868	0.194782458	8.614574049	0.394855742	0.134077161	1.002883099	0.005822576	0.174226752	4.404645672	0.172515877	0.190958444	2.600780953	0.107331301	2.770709303
0.129620038	19.72395869	0.59911147	0.181079453	10.72154973	0.214298109	0.143384615	28.53407779	0.281262651	0.08241301	3.40904833	0.05622067	0.192700013	1.594228753	0.034450384	17.42794061	11.48854597	0.380911141	0.19097077	398.7036051	0.925444045	0.076494827	1.002883099	0.001667634	0.19261845	6.258195303	0.272453123	0.154556639	1.002883099	0.007389109	2.773208336
0.105444632	82.92679472	0.775101341	0.131092046	1.738040991	0.042464267	0.114718479	3.759618569	0.08128272	0.16428208	18.05361352	0.591088134	0.197416168	1.044130275	0.032671354	14.7340278	7.699661237	0.201761107	0.191726907	38.605276	0.766858806	0.156836074	1.198863374	0.017593837	0.162119418	8.467046268	0.198829187	0.163573985	6.080593718	0.091780422	2.799431175
0.114734632	18.52315344	0.479458315	0.14065953	2.042102417	0.053916696	0.129716788	9.177844288	0.158201667	0.169260317	57.27162224	1.007754291	0.127167111	1.014498859	0.001194425	19.12315637	12.38149804	0.5056001	0.18952697	8.346038237	0.366095712	0.185998348	1.922299067	0.036335799	0.16234704	4.242842537	0.144800596	0.165337537	1.883947374	0.0620105	2.815368102
0.121931722	53.12033871	1.00139077	0.136584151	1.020357094	0.032210907	0.15663975	3.54925771	0.133373526	0.160926022	31.37792033	0.714273614	0.157566728	2.278187147	0.016837599	16.12890092	8.442705111	0.264969959	0.164418741	7.227111269	0.243886368	0.142827621	1.014498859	0.01058867	0.183350302	13.22910254	0.350561419	0.146145086	7.589620402	0.06291104	2.83100387
0.076041825	10.7369818	0.170277202	0.216056928	6.515586104	0.305574558	0.127646029	5.466186196	0.124443376	0.185457696	19.28951598	0.812251062	0.158386935	1.008674259	0.003972696	19.75239722	230.0596528	1.190538068	0.111364528	5.790161438	0.083242	0.166117587	1.002883099	0.009230949	0.128070129	9.41875496	0.098637696	0.137496408	1.479253177	0.034770246	2.832937853
0.077758141	17.34585863	0.239009038	0.24395905	95.33334053	1.195478007	0.152521067	20.84873791	0.328459192	0.14726249	8.565114702	0.288245692	0.125735261	1.011582367	0.005254243	18.3568917	12.77987575	0.464329918	0.086648518	1.522459107	0.026742791	0.19928421	1.188553553	0.039940371	0.176258469	6.941612478	0.234639649	0.094769402	1.068457346	0.012342412	2.834441313
0.106727538	140.6331861	0.86135533	0.154648317	2.498040067	0.07559143	0.177518034	75.07042373	0.703795315	0.129633951	4.417344703	0.134398684	0.193785943	1.513718125	0.034781438	16.74920544	4.468508009	0.180364874	0.185952175	55.6463085	0.716639522	0.167297488	1.014498859	0.016067647	0.120998261	1.29577063	0.035803306	0.190976004	1.718140854	0.078402534	2.837200081
0.129043645	27.783663	0.79360145	0.178513175	6.294333319	0.172148236	0.161253573	21.64381601	0.396341594	0.139545136	11.62161052	0.31730751	0.191906951	1.005774511	0.003277514	18.13479605	15.36549787	0.492608052	0.170720819	25.79900168	0.451715444	0.169903416	7.481152231	0.029260723	0.139069269	6.45955426	0.115147175	0.19905153	1.540092787	0.075181476	2.846589174
0.10428509	29.5848017	0.545122302	0.244204953	11.68871963	0.61522922	0.123167508	2.239172346	0.063726761	0.173189451	15.63322261	0.609107777	0.171615206	1.626682617	0.02223839	18.07717256	5.235157264	0.230584423	0.186106693	13.38232685	0.471705023	0.182356059	1.008674259	0.016014054	0.17062083	6.705892918	0.209299196	0.176536667	1.693585793	0.067069418	2.850096563
0.112355164	16.05893844	0.411559385	0.248915454	7.481152231	0.456575522	0.182238859	37.18712453	0.696340579	0.11877019	19.06865582	0.251343231	0.198468205	1.008674259	0.012167032	13.26515561	6.063113161	0.138994263	0.191461119	19.62561188	0.610523844	0.160232958	1.014498859	0.0046147	0.185406977	4.746998612	0.204853389	0.184897396	1.636075913	0.071351896	2.858323841
0.114919213	43.74651203	0.803555192	0.211752764	19.56919195	0.454456972	0.124999774	4.913860869	0.112830923	0.164481114	18.52750564	0.601056536	0.14748599	2.462338961	0.012979911	13.04566841	12.23973297	0.168935745	0.175636833	14.21635295	0.406136574	0.19504385	1.011582367	0.01756186	0.129406511	3.360327417	0.07474341	0.195848506	12.59723029	0.210166322	2.862423446
0.132601894	34.9129421	0.974316008	0.194333896	9.749834625	0.267946187	0.17103994	11.65511677	0.378098818	0.195665414	17.94996127	0.84795452	0.179780606	1.608057505	0.026748445	12.28968933	2.19449873	0.06223653	0.143863532	14.21635295	0.218934978	0.161882313	1.01742376	0.0034876	0.119571868	16.464712	0.084571448	0.077479487	1.002883099	0.001478518	2.865773053
0.107529375	32.9751828	0.611582301	0.201492393	5.976461292	0.242012259	0.160287569	9.391677821	0.28401242	0.138777623	68.2666438	0.514272393	0.152370027	1.011582367	0.00870428	16.99375506	12.66997313	0.374340429	0.182941565	21.89450262	0.549529892	0.128119537	4.255075073	0.009621157	0.167444075	8.085873296	0.218507275	0.175214189	1.50070066	0.0607039	2.873286307
0.105446963	16.80955523	0.390888182	0.230916396	231.3881348	0.925595665	0.161706866	24.77984153	0.41376794	0.162083889	11.25933856	0.420339148	0.122985238	1.005774511	0.002753732	17.54733797	6.422467651	0.264887348	0.16673485	14.92943976	0.356381611	0.195793411	1.002883099	0.012399935	0.137488228	3.073419946	0.082315903	0.081582584	1.008674259	0.007311721	2.876641185
0.127789115	54.34762	1.130605375	0.240878504	20.9088469	0.793081987	0.098278313	5.545439659	0.066901071	0.080637864	3.498532974	0.055125733	0.145716559	2.065754796	0.012326574	7.230890342	3.331429734	0.028451484	0.182585932	24.35547754	0.567828767	0.142033823	1.008674259	0.001840815	0.120147902	1.799135056	0.045433102	0.193722228	7.502721136	0.179705678	2.881300586
0.103110156	28.10278429	0.518351832	0.211898564	3.498532974	0.181424731	0.197970067	17.3404261	0.693745646	0.17033001	15.05894158	0.570179386	0.183838614	1.002883099	0.009529967	13.19950891	4.612283342	0.119273775	0.179346171	14.71607349	0.442701169	0.197188014	1.466532098	0.04191169	0.169437404	10.44731649	0.249399226	0.151768693	4.110583512	0.064868403	2.891385827
0.130498377	70.07080906	1.319119496	0.23455873	6.534371185	0.369098977	0.111925064	88.712945	0.130957978	0.161631022	8.467046268	0.328783601	0.190103627	1.011582367	0.006340265	17.32708782	11.09842407	0.367002575	0.127966014	3.869429263	0.09724164	0.124957816	1.011582367	0.002486668	0.18403869	3.488475353	0.155975156	0.172376405	11.16251204	0.122178301	2.89918466
0.128996405	21.54928678	0.644161603	0.217588394	7.901770851	0.353936869	0.17113601	79.74903404	0.612870795	0.113304205	3.331429734	0.086701176	0.123985447	1.011582367	0.002418496	18.36870428	38.38362932	0.700177622	0.135114683	10.90835944	0.169375334	0.16088364	2.371885791	0.021451276	0.180370825	3.959582648	0.169421566	0.178748047	14.88652045	0.148325429	2.908840167
0.101156948	13.37701694	0.303149592	0.203401182	17.89835853	0.377116861	0.066627496	3.082280921	0.024662244	0.169323691	22.72946153	0.724425624	0.095221365	1.011582367	0.001879876	10.3027684	8.346038237	0.080185086	0.195573622	38.71657884	0.831644825	0.199259704	25.94797829	0.062188738	0.194861207	8.565114702	0.343188606	0.197082856	4.843633707	0.162447042	2.910888496
0.143962973	33.16401748	1.091393491	0.167041998	1.329783516	0.053769048	0.109021152	3.145027202	0.066681988	0.177780271	16.32312103	0.660903485	0.178959115	1.171567166	0.023984706	19.86482863	16.464712	0.661131197	0.142825959	21.83156007	0.23226178	0.129573435	1.933399404	0.009663758	0.12314083	2.077683519	0.051857339	0.18570572	1.626682617	0.07152441	2.923171202
0.049531606	24.43381159	0.11874965	0.183482456	13.04003688	0.233154556	0.185433677	39.27792505	0.760245725	0.154117592	50.8951817	0.702111945	0.136323437	1.005774511	0.001478527	19.43274803	6.572103982	0.312860356	0.100911835	19.12363265	0.077733505	0.186314209	1.333617414	0.032793808	0.199605327	15.10235801	0.491523555	0.193911952	14.46405527	0.205747896	2.936399524
0.130082971	22.55652997	0.679269954	0.155035241	2.047990001	0.067347982	0.190142478	43.94512738	0.857484566	0.107226492	47.22462763	0.215959304	0.189722075	2.747006676	0.036294313	15.12119084	4.546366219	0.155480637	0.186123449	18.52750564	0.545536718	0.176949468	1.509366472	0.028121518	0.191739704	9.721805694	0.352477196	0.057307433	1.005774511	0.003643071	2.941615259
0.100826693	46.05351093	0.600678125	0.225761176	18.85032445	0.596476851	0.16540169	10.62934802	0.326784233	0.170510939	12.27502133	0.491560054	0.147310618	1.035151107	0.011687449	8.645378321	2.556241613	0.037063278	0.19258654	26.32419437	0.696606623	0.169511406	1.005774511	0.011818532	0.15478283	4.80198009	0.13776791	0.147984614	1.005774511	0.032155604	2.942598659
0.096148097	15.51805517	0.318427524	0.200268337	11.52166859	0.316852064	0.17640306	13.00254924	0.434047636	0.168557558	11.58820059	0.460256247	0.199513512	1.005774511	0.025735354	19.00274021	61.90103698	0.877530502	0.171923222	7.811297539	0.282997212	0.099426161	1.011582367	0.001661935	0.161099979	10.15083166	0.209560246	0.103073121	2.448201794	0.018115752	2.945184471
0.098909121	320.9495578	0.737154335	0.213129493	24.6375716	0.492765554	0.185123948	10.75246102	0.436999338	0.179514314	25.43029147	0.900500271	0.159639988	1.002883099	0.009700255	10.8229384	32.20156428	0.107406725	0.167955414	4.706176025	0.187070651	0.192672058	1.008674259	0.001015479	0.112136111	2.66904926	0.04818827	0.139554451	8.689299091	0.053841203	2.974642081
0.116910674	121.2299152	1.099413545	0.212471661	15.40979812	0.438942608	0.189703455	8.250478175	0.374490512	0.158322958	27.72430801	0.649742563	0.170565655	1.29577063	0.020588726	9.246784596	1.277251935	0.026174416	0.182823078	5.942148292	0.260851693	0.179561837	1.011582367	0.002934094	0.112364084	2.245628102	0.044735876	0.159921806	2.077683519	0.059820984	2.977695016
0.132510305	32.04701573	0.922998967	0.220735106	7.655454731	0.360418674	0.122093542	3.716571871	0.092102842	0.165801738	10.29800713	0.405636111	0.197747941	1.01742376	0.014931169	19.63894517	12.45299514	0.540684541	0.194998328	8.418433931	0.388170515	0.176963748	1.01742376	0.002016788	0.192547592	4.815824676	0.221837202	0.150360468	1.035151107	0.034646153	2.983442962
0.127459308	34.31995243	0.892220958	0.225885135	7.12382395	0.36484468	0.182273798	8.789941739	0.366173145	0.183841692	14.71607349	0.646612515	0.152053856	1.002883099	0.009032919	16.81262114	7.331896136	0.267815082	0.177517192	8.714351203	0.326875811	0.130631995	1.174944911	0.009432603	0.155059044	2.600780953	0.093299466	0.133072748	1.002883099	0.011341699	2.987648879
0.127737833	26.46733118	0.751005467	0.215569024	5.086588519	0.256864867	0.16653123	78.83592743	0.553605768	0.142651257	55.9676387	0.54484615	0.102079767	1.008674259	0.001356685	19.76581657	12.03012299	0.534116441	0.156123666	7.022012778	0.211483203	0.196956586	6.534371185	0.055792073	0.13911949	1.783663102	0.057699054	0.134054739	3.145027202	0.040892565	3.007662273
0.130941337	67.32520222	1.315291835	0.227932529	13.11533671	0.53131856	0.093302968	1.258997902	0.026111532	0.103219029	5.205100356	0.107817816	0.199795558	1.014498859	0.012647625	13.70082121	8.840699352	0.175750208	0.193096928	6.276238301	0.29587495	0.106261104	1.011582367	0.002719927	0.197439665	10.12164994	0.388698082	0.192874271	5.265387736	0.155704	3.011934536
0.132001625	42.63671883	1.093626949	0.206287195	2.778823515	0.141216612	0.156228944	7.395494898	0.234054216	0.14866185	56.45311647	0.631892996	0.19309559	1.008674259	0.007841022	16.36118667	4.086983183	0.160867633	0.172775613	35.30912633	0.500257361	0.157742034	1.005774511	0.007280545	0.123105779	7.144362642	0.083046363	0.194085018	5.674642216	0.164928575	3.025012272
0.146643653	59.54692074	1.658932397	0.152162215	2.219916219	0.067686298	0.166944923	6.941612478	0.260202153	0.144747804	9.445910166	0.299131313	0.147113489	1.005774511	0.008515367	14.05932317	5.326373387	0.148474677	0.196172909	12.70650192	0.529265199	0.12665088	1.005774511	0.008128179	0.095180942	2.563611512	0.032546236	0.132338227	1.002883099	0.022830013	3.035711832
0.140332628	26.77133318	0.879872629	0.114169911	1.674194657	0.030110994	0.19436802	8.714351203	0.408126461	0.17013702	35.10640402	0.88048953	0.187643103	4.404645672	0.036845482	15.60668464	18.36817534	0.32835339	0.157904549	5.280568372	0.183178199	0.149582267	1.011582367	0.008545125	0.184378169	7.395494898	0.272904706	0.135383744	1.005774511	0.020664644	3.04909116
0.136288212	20.29521715	0.652928923	0.2267365	6.222264768	0.330938842	0.141900112	10.78346144	0.2146909	0.186137574	34.80450078	1.158982827	0.135932255	1.174944911	0.009111727	14.63192244	3.51873529	0.119998496	0.184080166	5.042845572	0.226538948	0.194422067	1.16484078	0.03637151	0.178695597	6.610054667	0.236028736	0.160757056	3.379731664	0.073309831	3.058900738
0.165416968	32.88116905	1.313275071	0.2235211	7.144362642	0.355608105	0.197424961	11.72241937	0.533547906	0.069288802	2.608279263	0.036022428	0.170467165	1.002883099	0.015886147	16.92714325	4.218482862	0.173052226	0.183404755	10.90835944	0.405085644	0.195775941	1.44557294	0.040522203	0.150545792	8.039449408	0.157271982	0.15169829	3.199825401	0.060608911	3.090880622
0.09243723	43.99702948	0.481766456	0.238501929	11.38974835	0.566196762	0.186945552	6.348931994	0.289463329	0.168479772	46.81851175	0.941119474	0.179118692	1.002883099	0.013129344	17.16342275	4.170182282	0.173611919	0.174291144	10.38733471	0.344530558	0.145206763	1.014498859	0.012685974	0.186080971	5.874112172	0.241714329	0.139025345	1.269918775	0.032969659	3.097187805
0.100703714	32.50778679	0.52790492	0.185885047	3.600717897	0.145235272	0.176713393	12.74313603	0.431526902	0.054698304	11.35700497	0.037638169	0.152628328	4.80198009	0.015635566	19.67768822	63.70903843	1.008445902	0.177978759	58.60598715	0.601098716	0.153682025	1.011582367	0.011875403	0.169923952	9.41875496	0.239937386	0.178926736	4.379357028	0.114049727	3.133347963
0.13979843	35.82169275	1.101273209	0.232565494	7.788841536	0.412717712	0.150370392	27.72430801	0.330485405	0.090983829	9.834407211	0.108005839	0.175213014	3.936849269	0.027016453	18.30082978	17.79559766	0.538771373	0.140946797	171.0244745	0.255023034	0.199890966	11.52166859	0.061316191	0.186677889	3.770457923	0.17099379	0.192944824	3.438619297	0.128629632	3.134232637
0.110955359	15.92197537	0.40179432	0.156072503	12.45299514	0.127220789	0.171128281	92.6278717	0.618713471	0.194257599	19.28951598	0.886469208	0.137465193	1.927841246	0.009970336	16.85301102	5.625842206	0.22158949	0.191109181	23.32609073	0.65325471	0.14272204	1.011582367	0.004253167	0.145029181	6.367236595	0.130249528	0.161656355	13.00254924	0.098254552	3.151769572
0.109676117	26.01778861	0.560525647	0.16409906	7.438200263	0.137768501	0.195387882	70.87002985	1.050034058	0.149929115	10.84573065	0.352027757	0.194919157	2.646096336	0.040256994	18.12841677	15.90561213	0.502701963	0.172399036	13.77319698	0.380242835	0.197170053	1.008674259	0.017843367	0.142101488	1.608057505	0.054141495	0.18855443	2.024541025	0.08763597	3.183178589
0.129493323	27.70445051	0.796372778	0.222718233	7.744123014	0.371513513	0.189527421	7.879054754	0.360109145	0.156194033	22.46921485	0.579566878	0.195070588	1.005774511	0.027105483	16.33326172	10.00575956	0.298363636	0.190827899	8.370100694	0.371181711	0.190968262	6.348931994	0.047624491	0.161045645	3.716571871	0.130232764	0.196701762	9.500455676	0.20344827	3.185518671
0.125991436	41.67389383	0.968681415	0.232931008	20.08286674	0.679342403	0.157711896	6.572103982	0.222482113	0.130182662	77.70923223	0.413437575	0.136285258	1.005774511	0.007017804	18.58838345	12.63354936	0.473182897	0.153111566	72.73030836	0.339838245	0.168116951	1.014498859	0.010756732	0.119623964	2.969054397	0.058578119	0.150827584	1.005774511	0.013466969	3.186784272
0.124858867	20.52832666	0.589864635	0.244278471	17.74443868	0.780132427	0.171153436	4.970775007	0.205804629	0.158081532	8.250478175	0.311222406	0.145435356	1.011582367	0.010629372	18.76993607	27.56513286	0.690271243	0.187245829	10.09255211	0.405782433	0.159488762	1.014498859	0.017125843	0.192561088	3.66345594	0.172671937	0.112061764	1.008674259	0.016690826	3.200195751
0.091974376	23.27618873	0.37632519	0.226709187	5.145503251	0.283742785	0.198878137	81.84237892	1.161157178	0.113585009	4.230645167	0.108460855	0.186722045	1.002883099	0.019138235	16.19459583	15.4542261	0.351776423	0.183199956	25.87338276	0.579864322	0.165100866	7.567801678	0.025703085	0.170519683	13.69412014	0.274188851	0.133064715	1.002883099	0.021165202	3.201522126
0.112336223	129.8281549	0.990136051	0.185083131	4.182205332	0.158274281	0.182388607	12.81672141	0.469598085	0.150720214	10.38733471	0.346206706	0.190986839	1.650267659	0.033570908	16.47625569	24.28546014	0.417071509	0.159359857	291.3171762	0.419603713	0.175818423	1.008674259	0.02404847	0.177488425	3.948199596	0.164525421	0.193835783	12.56101564	0.201564328	3.224599471
0.152696199	66.1816965	1.925768397	0.17123396	26.62909083	0.199758814	0.092886885	10.65999348	0.06645136	0.177901679	10.35747309	0.448027135	0.171777268	4.57261926	0.025052392	18.48630876	6.686614743	0.29769757	0.145334048	5.357130588	0.154204606	0.09323939	1.014498859	0.002960863	0.172698049	2.630904152	0.110357963	0.080947296	1.005774511	0.003354091	3.23363319
0.091417696	30.52869518	0.417168452	0.199180912	3.428733917	0.161541837	0.192172308	7.655454731	0.358096232	0.182854588	62.61799748	1.350916199	0.178416132	1.008674259	0.001099264	11.35026829	1.916772821	0.049374944	0.179205931	37.7262954	0.577148671	0.194041115	1.664582507	0.040626833	0.191664278	5.071965539	0.23048017	0.169851463	1.202319816	0.048096827	3.23454943
0.107645827	52.51713048	0.733190232	0.211072764	48.32490876	0.52645421	0.142065328	9.046677784	0.202759028	0.181762981	26.17305776	0.945465592	0.169705569	1.005774511	0.00242877	18.08109308	17.64256152	0.515952598	0.038822459	1.380495543	0.00698779	0.176906023	1.178332393	0.026594406	0.172784936	4.679156187	0.176430595	0.166561357	12.48889836	0.109746211	3.246009432
0.083054033	24.43381159	0.31559609	0.227237684	93.70072166	0.822195482	0.143077705	10.56832113	0.219238954	0.191692245	32.20156428	1.216623236	0.18420149	1.014498859	0.008605156	9.426675701	8.589808778	0.063580162	0.139654257	14.80105162	0.200043302	0.198279616	1.008674259	0.002017625	0.180304366	13.26724335	0.32729211	0.163849508	3.370015575	0.07788564	3.253077758
0.135156812	29.92461075	0.905680935	0.233623338	11.72241937	0.540781164	0.182791967	8.664319	0.364797285	0.192012143	13.85273046	0.650025879	0.189912528	1.008674259	0.010008094	15.45383687	7.699661237	0.227974251	0.157907896	4.040188242	0.149785865	0.146457886	1.014498859	0.003739701	0.181304232	7.144362642	0.257887419	0.189050629	6.063113161	0.154657206	3.2653378
0.14094983	48.20611514	1.345373848	0.175944775	4.468508009	0.141479556	0.172832704	8.789941739	0.329320197	0.13768448	8.565114702	0.255352451	0.19621232	1.065385733	0.032738893	11.09361452	2.811008867	0.063020798	0.193687839	40.77581035	0.805182232	0.125145081	1.002883099	0.00182598	0.16505561	2.811008867	0.11013308	0.198659358	6.422467651	0.187063588	3.271490621
0.110265461	28.1831357	0.593973025	0.242676056	9.125151006	0.512396504	0.150081953	4.242842537	0.147662276	0.178584088	27.17118173	0.913080591	0.188060068	1.011582367	0.005060879	13.89080905	2.232735149	0.073334952	0.19380772	12.70650192	0.513876695	0.184273063	1.005774511	0.02180548	0.179259976	17.19130428	0.351326305	0.199500451	3.9824473	0.153793122	3.28630983
0.142485124	32.9751828	1.070117828	0.247189092	40.89337106	1.087298032	0.160111549	4.341696034	0.16584992	0.173074787	11.16251204	0.463608435	0.18877224	1.002883099	0.02563147	17.63944413	6.422467651	0.267521483	0.127814399	4.507269002	0.104623174	0.160254642	1.03813555	0.018049783	0.139197759	1.703365422	0.05536435	0.129484838	2.505242164	0.035212711	3.293277186
0.116380507	428.2258947	1.227020074	0.215994803	8.891750066	0.369485423	0.190902224	17.39042027	0.629151419	0.085817034	16.32312103	0.105527578	0.151713527	1.011582367	0.004007883	19.55233259	12.56101564	0.538642483	0.096729171	6.572103982	0.059837756	0.177068937	2.935059463	0.031774295	0.175770301	9.230841849	0.263762102	0.151269289	5.280568372	0.06745816	3.296667173
0.147259661	34.22210468	1.161734243	0.199697732	11.89238108	0.313693774	0.156930894	7.062561466	0.230870096	0.157875704	12.56101564	0.432651991	0.17161238	1.014498859	0.019873133	15.9100466	150.2429833	0.44707128	0.179108362	15.99745926	0.459689434	0.13106053	1.005774511	0.007775144	0.154516085	7.416816844	0.166056823	0.147830931	5.115961079	0.061927922	3.301343841
0.155986513	28.1831357	1.055162246	0.23087969	6.222264768	0.344092812	0.14494955	15.27727905	0.253960353	0.181276667	22.99272249	0.867094125	0.19005205	1.011582367	0.008009018	14.70332247	12.48889836	0.241280777	0.173009096	6.151021383	0.244241058	0.195250754	1.655025544	0.042095242	0.195995347	5.388065396	0.25157828	0.102498747	1.008674259	0.001601142	3.309115053
0.122824247	34.61517748	0.831192174	0.150332469	1.420816966	0.04898171	0.196298309	57.43674202	1.026213862	0.108120963	2.893112631	0.07113581	0.189002516	1.011582367	0.00282203	19.13888721	33.71956555	0.793564062	0.145135883	162.3875158	0.282216658	0.189525537	1.011582367	0.015136007	0.147529004	11.16251204	0.158748132	0.161560464	4.417344703	0.080792692	3.310803137
0.085244053	41.43660423	0.3949549	0.148857871	23.19216731	0.112744313	0.199351485	11.48854597	0.534626483	0.168283815	19.01383704	0.645916255	0.190096914	1.011582367	0.001496285	17.57607536	21.58159413	0.505218498	0.194384492	65.56984787	0.88500781	0.137017412	1.011582367	0.008880708	0.148541784	5.205100356	0.1288592	0.192312831	2.232735149	0.097761114	3.315465568
0.095937928	27.70445051	0.444804121	0.20062829	12.03012299	0.323765518	0.194167223	39.27792505	0.902055388	0.162916351	11.99553867	0.445506375	0.176696175	1.011582367	0.011708755	17.9271618	13.69412014	0.449028001	0.187971063	17.59184249	0.554085254	0.191106383	1.713201524	0.038684497	0.089190417	1.171567166	0.020203845	0.192614429	3.82512526	0.135226364	3.325068119
0.168757017	35.11287349	1.433361446	0.196471526	7.811297539	0.257232276	0.192164925	10.97134988	0.479717544	0.157710038	16.13622535	0.504007494	0.159977977	1.531250564	0.016813856	16.99286515	6.204376933	0.243911222	0.167392105	4.267342877	0.171132028	0.110562434	1.002883099	0.003538942	0.166296631	5.357130588	0.175166595	0.158049111	1.230332526	0.043023038	3.32790444
0.147306227	23.88204576	0.839073683	0.208937332	4.230645167	0.208412548	0.137331635	9.284145445	0.1870916	0.185635981	49.87977447	1.345646704	0.169094472	1.011582367	0.002373647	11.92648709	18.58092228	0.137970666	0.16384643	4.158193797	0.162331225	0.164562857	1.002883099	0.007857255	0.199485582	9.284145445	0.382644496	0.174539748	1.758171619	0.067405086	3.340806911
0.096749879	154.969602	0.660447551	0.238606755	99.2542672	1.061595212	0.134191025	36.13178958	0.230343358	0.141101411	6.9017582	0.225973405	0.199521641	1.005774511	0.02409885	12.78807853	4.760684681	0.113611368	0.190015384	36.55028121	0.729115415	0.132223807	1.011582367	0.00471851	0.183380065	6.010972432	0.237903967	0.150640198	4.086983183	0.062613165	3.350420801
0.064397344	12.27892714	0.145136086	0.195036146	3.539054265	0.159070283	0.171836567	34.80450078	0.549475183	0.18762681	16.37018221	0.730763404	0.187132338	6.667391991	0.03703147	18.23370863	14.46405527	0.484741561	0.190327846	40.42515213	0.754686299	0.182560092	1.655025544	0.032256931	0.192055443	8.322044956	0.326718376	0.175604856	11.38974835	0.13332672	3.353206313
0.069105966	14.40782034	0.178005935	0.240620146	7.633446747	0.438949224	0.191147776	13.53732587	0.547434899	0.186879158	26.55253723	1.02383811	0.152955854	1.011582367	0.002363981	16.74723227	13.53732587	0.365778143	0.17206415	42.33081832	0.50721196	0.191740379	5.740368002	0.048713184	0.169089533	2.462338961	0.100806675	0.179223403	10.97134988	0.143715458	3.35681757
0.122919227	27.15625062	0.71449384	0.206633286	6.783563027	0.278839907	0.194056752	40.30893746	0.906154895	0.198628048	16.41737907	0.798314807	0.190038184	2.715554133	0.036690717	14.66683172	27.32808201	0.287932018	0.164396314	3.302780562	0.13132099	0.198418222	1.011582367	0.029387675	0.141094872	4.341696034	0.10442991	0.19835957	1.48779514	0.07248989	3.360054648
0.097241294	122.6223539	0.654163306	0.22726784	25.57713896	0.668662514	0.195613922	53.44806452	1.003358723	0.166633683	11.99553867	0.462787584	0.195832357	1.360765989	0.035287704	13.6370137	51.78196712	0.238285075	0.079413224	2.27163779	0.028333801	0.158425769	1.002883099	0.016610813	0.163760821	3.82512526	0.13791713	0.17716263	7.12382395	0.127348369	3.37275502
0.118093647	30.09597612	0.707338539	0.18214138	6.921656654	0.189933076	0.110831911	2.05389456	0.051050181	0.188518692	35.82106837	1.217503691	0.157761785	1.011582367	0.004138443	17.43408122	7.924552441	0.30621045	0.177682218	13.85273046	0.421835495	0.171612401	1.008674259	0.022901255	0.187464365	7.459645333	0.288302238	0.196638807	6.404004271	0.179427939	3.388641308
0.150012303	24.99832531	0.896887624	0.200085588	3.738033256	0.174447926	0.192473799	65.38134696	0.983428404	0.155531743	7.247947748	0.270217115	0.160362642	1.002883099	0.013408448	18.40257548	21.76879846	0.597371441	0.137373072	21.58159413	0.204137577	0.142219361	1.014498859	0.011974347	0.142704526	4.341696034	0.107352847	0.189085135	4.612283342	0.138388567	3.397614295
0.154973702	42.03237851	1.488239386	0.189332101	5.042845572	0.186766328	0.167894165	24.21564404	0.469775944	0.177149605	11.85819273	0.505954952	0.161417931	1.011582367	0.011649563	11.7479155	108.2077993	0.145895358	0.154427524	53.14120009	0.343339693	0.149769077	2.661376248	0.016376043	0.168377456	7.677526167	0.216868715	0.120320627	1.002883099	0.016092641	3.400958623
0.103314908	11.11122031	0.258770069	0.175961473	10.78346144	0.193590717	0.196260422	7.268844301	0.350249732	0.175142101	21.83156007	0.770674831	0.161291263	1.008674259	0.014519667	16.68895112	17.09260286	0.395160143	0.199228078	224.1752418	1.136367272	0.15953594	1.014498859	0.015914319	0.157941882	10.59879065	0.198714081	0.152169288	8.968879405	0.074490506	3.408451336
0.062861502	20.0075492	0.171951377	0.243301399	104.5333368	1.193424649	0.152816727	13.38232685	0.290829734	0.168698757	9.721805694	0.395589817	0.188975361	1.961431489	0.033625873	18.26199208	75.5039187	0.765121654	0.162949814	25.21159953	0.374253757	0.159614993	1.01742376	0.012041054	0.172323886	3.51873529	0.142241611	0.155517111	1.273580077	0.042641491	3.421721016
0.124432339	17.24709195	0.50059797	0.203322437	19.62561188	0.385317986	0.190782328	16.84832142	0.618336363	0.118372874	4.746998612	0.126987908	0.199985249	1.161492083	0.035789449	19.22368547	17.29057565	0.620160112	0.195241474	50.31244452	0.860876803	0.174632472	1.002883099	0.021747475	0.173793716	4.379357028	0.169924765	0.16458932	4.110583512	0.08458542	3.424324251
0.136961007	37.92672485	1.095331836	0.204628008	17.49084144	0.385264263	0.151975247	25.06685073	0.33707809	0.191223835	18.00171279	0.816027053	0.199807569	1.014498859	0.032966541	12.74841029	10.38733471	0.150905745	0.187792788	9.473143662	0.393042291	0.18836364	1.008674259	0.03042683	0.142450646	7.416816844	0.12972416	0.16116253	2.095705883	0.061299605	3.432066413
0.13989023	49.17924605	1.343893822	0.194838335	3.458475641	0.156503615	0.177619929	13.9327232	0.454839633	0.170102828	13.26724335	0.518117757	0.137820126	1.002883099	0.001274998	19.67799686	10.41728243	0.476155585	0.134078839	5.086588519	0.124625008	0.199497694	1.008674259	0.001564863	0.182300903	5.908032296	0.232879757	0.197347434	2.926621722	0.125143352	3.434998388
0.08387435	24.99832531	0.323721813	0.228087358	20.37404539	0.630268165	0.156713802	15.4542261	0.325566788	0.186460385	26.93751873	1.025563799	0.194974752	1.002883099	0.001121415	18.13764265	6.553210426	0.284120128	0.191555784	26.47620371	0.688091967	0.151420655	1.005774511	0.002612906	0.13579183	1.429021489	0.045735014	0.175360948	4.843633707	0.10950141	3.436303406
0.09780372	11.33552115	0.248559938	0.218552529	13.49840861	0.463811428	0.142254232	6.725226672	0.178715076	0.18177783	37.7262954	1.122470389	0.086865656	1.014498859	0.00231083	15.40672696	112.0114233	0.388576381	0.197321971	17.49084144	0.644311342	0.185931939	5.658328693	0.042353593	0.176951303	7.633446747	0.248918772	0.185641057	2.952007995	0.106605695	3.446633444
0.122198507	135.1227111	1.285234823	0.222227446	18.90467181	0.559688253	0.17332473	36.6556593	0.575266252	0.140663931	12.81672141	0.338132344	0.155807911	1.014498859	0.009437674	16.82541956	6.961625835	0.258906709	0.150559408	8.370100694	0.210735459	0.148216642	1.008674259	0.004686752	0.178422482	5.466186196	0.209519344	0.113524094	1.002883099	0.003147401	3.454755011
0.09982005	190.8814523	0.739207228	0.176522361	8.394232525	0.182685574	0.161790167	7.633446747	0.256981765	0.150602781	62.97958578	0.669853699	0.144918933	1.014498859	0.00962417	19.85133075	25.28428708	0.806161264	0.172967718	13.00254924	0.375560918	0.169364671	1.905767944	0.025289147	0.167984132	12.20454605	0.254451308	0.199168445	3.46844677	0.14105283	3.460867903
0.135374868	72.92838522	1.484691489	0.235518642	8.322044956	0.446333536	0.194789686	6.862132741	0.327918878	0.14784432	9.257455283	0.306369813	0.170567519	1.005774511	0.015526128	6.588824042	12.03012299	0.028107537	0.181686748	24.4961185	0.549975597	0.183467513	1.011582367	0.017772757	0.166390997	8.370100694	0.216022833	0.190327168	2.252102471	0.096118628	3.488837195
0.114360093	36.02682817	0.730886492	0.210438313	93.16275234	0.554690047	0.159320307	5.101253658	0.188248497	0.181032166	23.80094214	0.87760926	0.192110769	2.19449873	0.036314143	19.36296775	25.94797829	0.754165229	0.147054045	4.638917021	0.144983664	0.192640005	1.008674259	0.008977543	0.167789978	4.005443985	0.149672308	0.171243718	1.219752081	0.049473986	3.495021168
0.168193151	40.84927455	1.652784038	0.243133698	6.098124673	0.367153565	0.08680081	3.40904833	0.043566043	0.11050819	10.03460716	0.172119706	0.181353358	1.014498859	0.020260534	19.06105024	36.97361997	0.801904408	0.171439834	5.625842206	0.224070038	0.162037504	1.580518923	0.020544513	0.114482171	4.455661893	0.060148538	0.194380533	3.488475353	0.132897765	3.49544915
0.129277119	22.04715703	0.6601756	0.240034913	10.97134988	0.563125554	0.120687749	4.455661893	0.099478976	0.176230699	50.60297428	1.122670489	0.180520182	1.01742376	0.003838184	14.1372947	3.880585212	0.122482996	0.192062304	5.823596788	0.273973052	0.178483489	1.437273389	0.028871975	0.197496718	14.63158326	0.466582475	0.186697329	8.714351203	0.161032077	3.502231378
0.140473889	33.64084876	1.056166812	0.224920483	9.55531616	0.431157555	0.181938131	11.72241937	0.442823945	0.14492193	31.28771475	0.511903843	0.181261842	4.885648638	0.031368689	15.63570218	5.609668974	0.192878834	0.169126193	7.655454731	0.269160687	0.194059251	14.75850139	0.054000841	0.192995133	11.99553867	0.399461286	0.19032598	3.9824473	0.133982842	3.522905332
0.122007251	28.26371685	0.727666921	0.208148995	353.2946283	0.537184745	0.151050923	11.09842407	0.262057052	0.150842856	7.879054754	0.279304487	0.170809239	1.014498859	0.007349904	16.53384674	25.65088039	0.431448202	0.198723401	33.04682818	0.83755623	0.171280982	1.005774511	0.011574363	0.192717864	12.77987575	0.404957095	0.117082717	2.351488373	0.025929348	3.525028345
0.077229811	9.046581659	0.150487587	0.220003684	16.41737907	0.508459485	0.192164219	15.10235801	0.593336091	0.181956172	25.06685073	0.915668415	0.169800605	1.008674259	0.013593179	19.94072928	19.45683823	0.729892291	0.165897051	14.54757811	0.347341139	0.135750058	1.005774511	0.001672854	0.13022512	2.16313573	0.059435757	0.199341851	10.26840231	0.218536275	3.538423075
0.163013355	41.67389383	1.606794212	0.209900037	7.022012778	0.29923614	0.148271838	17.24086852	0.284268426	0.138075883	7.633446747	0.235798271	0.136689238	3.40904833	0.010005458	17.71342077	26.47620371	0.554226828	0.175445456	5.295792775	0.221824105	0.183463398	1.011582367	0.020576167	0.157087147	7.082923532	0.170849725	0.185654082	5.72386553	0.140775601	3.544354933
0.117427738	152.3374729	1.152664094	0.184826568	21.15102082	0.261747413	0.134594974	4.719744398	0.129678169	0.182877822	30.75190101	1.045008032	0.186930978	1.008674259	0.013457351	15.85272965	84.96348309	0.428911526	0.188345373	7.268844301	0.324265543	0.178664324	1.763240603	0.030709291	0.116549351	4.899734448	0.065027378	0.188280897	2.469438129	0.099722606	3.551191404
0.164648239	43.24974833	1.68496439	0.158116839	11.13042193	0.131335833	0.12620731	3.145027202	0.087326534	0.169348508	54.22300047	0.990997763	0.197210798	1.002883099	0.005859623	17.51876134	6.028302662	0.250269404	0.153193917	14.88652045	0.272412458	0.161053211	1.014498859	0.012077106	0.131976396	5.85722521	0.096752429	0.1360379	1.28462744	0.031690838	3.563686379
0.117247079	138.2445582	1.145615437	0.240196529	163.7961071	1.122602627	0.127582437	3.539054265	0.096942224	0.160631351	7.481152231	0.289461016	0.172523209	1.014498859	0.008102582	14.85556584	7.438200263	0.202391519	0.182893647	7.374234249	0.310345169	0.198503296	1.014498859	0.026045444	0.187782534	8.789941739	0.31526072	0.163514366	1.28462744	0.047193004	3.563959742
0.104242598	159.0033133	0.817901291	0.087709397	1.002883099	0.010668114	0.188744904	64.2616671	0.895597283	0.1561902	74.85461046	0.794605623	0.190171799	1.014498859	0.00695007	16.02853732	5.220107177	0.191661437	0.192266176	20.31547386	0.632589156	0.124926046	1.011582367	0.002772591	0.194988921	4.612283342	0.218602442	0.123524808	1.005774511	0.001066078	3.572414086
0.132055791	50.45933502	1.190484521	0.166304624	2.138368364	0.080413599	0.185819779	30.31240572	0.717457879	0.187694929	19.23406227	0.828774794	0.121865824	1.011582367	0.002139443	8.634027439	1.617343251	0.028634131	0.199041127	10.90835944	0.492652719	0.087357336	1.020357094	0.00188223	0.193374959	4.788175306	0.22218601	0.126739445	1.002883099	0.00965911	3.574284436
0.155540286	73.76603576	2.143649489	0.24624386	6.478177796	0.395056796	0.107969486	11.25933856	0.100812702	0.142112519	37.08021858	0.504143626	0.199703848	4.218482862	0.048491067	9.062360889	1.09335121	0.02191611	0.15092054	10.56832113	0.232989531	0.182969789	1.014498859	0.028298675	0.136294581	1.867746062	0.057927391	0.16755549	1.035151107	0.041449339	3.574734726
0.136857211	139.8324259	1.822781928	0.21572049	3.559490572	0.188933229	0.098613154	14.67376756	0.080809933	0.194061719	16.79988569	0.788104657	0.191773364	1.002883099	0.026095523	17.24218198	6.822734785	0.268805396	0.154879268	8.565114702	0.228905497	0.190565079	4.507269002	0.046233414	0.154875606	3.847213487	0.122186771	0.088725406	1.005774511	0.002644121	3.57550047
0.138464741	120.8842832	1.832048444	0.20861786	3.046989571	0.156539806	0.131814391	5.013892794	0.128478686	0.166418031	23.86956262	0.708706863	0.111626367	1.002883099	0.004127359	17.23977779	4.417344703	0.184680013	0.158005802	29.03124871	0.349794669	0.165444126	1.30701048	0.021569642	0.175665497	4.706176025	0.18316826	0.136216716	1.005774511	0.013557555	3.582671297
0.149039537	29.83929432	1.053489388	0.179451061	1.927841246	0.083595132	0.150292827	4.665704498	0.159485098	0.179372895	62.25848519	1.27185362	0.169830925	1.008674259	0.01025604	17.13345681	16.75158919	0.427594327	0.191612721	13.38232685	0.511667081	0.103184442	1.002883099	0.002095082	0.108099216	1.202319816	0.028491841	0.129376317	2.653725294	0.035167944	3.583695552
0.125953327	167.8670462	1.455476712	0.244191461	7.54604568	0.446186082	0.186636227	10.78346144	0.444592664	0.146541995	10.56832113	0.331808277	0.141290658	1.008674259	0.003132664	19.61600757	8.968879405	0.420827259	0.14166938	5.691002773	0.150822365	0.193553716	1.002883099	0.02349949	0.193372107	4.158193797	0.196297814	0.168657311	11.09842407	0.111865884	3.584509211
0.141532689	98.42209124	1.854759129	0.187712411	4.075233879	0.160773872	0.161700834	7.12382395	0.246400606	0.118917806	15.72349682	0.240960054	0.131216961	1.005774511	0.004965976	18.66937626	27.24951894	0.669911385	0.158836795	4.442852708	0.162607221	0.182362351	1.008674259	0.00894665	0.176375534	8.274265122	0.254966498	0.113619767	1.005774511	0.016434581	3.620725973
0.13859867	158.0979543	1.947405957	0.227181321	13.97289262	0.544601381	0.128323249	21.27315762	0.186558935	0.10561437	4.843633707	0.106904883	0.18635077	2.490858674	0.032782212	15.76232911	6.862132741	0.222582881	0.102212264	3.914246411	0.058989607	0.190378387	1.131783715	0.033419708	0.193104803	15.95146959	0.447078003	0.151843815	2.556241613	0.056297588	3.636621156
0.179543628	56.72571223	2.431641421	0.065110172	1.002883099	0.001104999	0.179682187	5.959280096	0.259761637	0.154190996	7.924552441	0.290073547	0.144680418	1.005774511	0.009513091	17.38570372	6.534371185	0.264223548	0.146921495	258.8828469	0.299199503	0.13922807	1.011582367	0.009783812	0.114709557	1.683862312	0.039670806	0.140050447	1.420816966	0.035555546	3.640527909
0.148496135	56.56398463	1.667444697	0.246039262	7.416816844	0.445927798	0.163334894	20.14076763	0.408107653	0.117985318	68.07039011	0.299716755	0.155841354	1.099664778	0.014492897	16.71328324	7.331896136	0.265052083	0.159397903	14.75850139	0.30530786	0.194680166	2.113884578	0.044503918	0.178226493	3.331429734	0.143391851	0.147963278	2.901453762	0.054363572	3.648309085
0.104771276	16.15090107	0.374877456	0.1732844	2.252102471	0.090059571	0.189376176	69.25643224	0.917185672	0.177634619	24.07661337	0.848093337	0.086867621	1.002883099	0.00137762	17.87942776	4.80198009	0.208901681	0.189647564	22.99272249	0.631872853	0.195948883	3.70588743	0.050842663	0.192181897	16.37018221	0.44170354	0.197297203	1.809524181	0.086426086	3.651340479
0.130551343	19.72395869	0.602807496	0.212435283	50.02358281	0.554865196	0.183700925	18.36817534	0.574270828	0.048890231	1.967086491	0.018203747	0.134317411	1.008674259	0.00382865	18.11852417	62.43798258	0.720288894	0.185576022	105.1369657	0.769880677	0.158120528	1.01742376	0.00397374	0.179625728	6.063113161	0.227075869	0.197489365	6.440984263	0.184012251	3.659207348
0.131805373	200.9477017	1.737364037	0.21672034	11.52166859	0.418590853	0.149073705	5.311061071	0.171613245	0.187106738	14.46405527	0.65402238	0.170979976	1.01742376	0.017825907	15.98764014	57.27162224	0.431369212	0.09666857	2.378724173	0.042217163	0.178001742	1.188553553	0.027298701	0.152221756	1.911262462	0.069538852	0.176844233	3.847213487	0.105130577	3.674970926
0.114026313	30.44165648	0.665119443	0.235179094	6.367236595	0.362864307	0.143913548	3.418876955	0.115298015	0.199562665	28.61634437	1.260218282	0.163730709	1.13504676	0.017460918	16.19679723	9.862760783	0.289239056	0.173251271	75.93991689	0.557922243	0.184987791	9.257455283	0.04279547	0.190866129	5.642062068	0.247273888	0.190389517	3.236886951	0.120254684	3.678446307
0.119906646	16.76163042	0.465868805	0.155228429	2.065754796	0.068042345	0.177087617	13.53732587	0.447178301	0.199238134	47.08886575	1.636045806	0.190958582	1.008674259	0.013940922	19.00514685	38.49429313	0.801440705	0.175188015	4.520263906	0.192125527	0.192779974	1.011582367	0.018277035	0.077345987	1.470760256	0.017375504	0.107877454	4.481391161	0.02213167	3.68242662
0.138929596	53.42453603	1.373794534	0.187550042	6.294333319	0.201221402	0.163546137	3.836153476	0.151555073	0.193556721	13.49840861	0.641027518	0.138924937	1.002883099	0.002368057	18.92829359	30.05172925	0.737332548	0.16016972	22.86071305	0.350082514	0.16334607	1.014498859	0.018059494	0.091448505	2.278187147	0.028579304	0.196269157	6.496855026	0.178614525	3.682634968
0.089278743	25.79588875	0.371400239	0.215400616	6.276238301	0.297056841	0.17628597	30.84056179	0.587033362	0.177724388	59.28478317	1.215834993	0.179761374	6.667391991	0.031365137	18.93086921	22.46921485	0.663874327	0.142257325	2.819113285	0.093985933	0.140350885	1.011582367	0.010056189	0.188178664	13.15314953	0.381486827	0.153210033	1.429021489	0.044203152	3.696296999
0.156573389	48.34394594	1.687781608	0.065128287	1.002883099	0.001196032	0.18309823	7.416816844	0.323104401	0.160542508	36.6556593	0.745088061	0.198989433	1.005774511	0.033285736	19.16772689	9.665989334	0.428456759	0.180751597	13.26724335	0.430962173	0.133261465	2.526973282	0.010698957	0.064944263	1.002883099	0.010394313	0.125117522	1.608057505	0.028077689	3.69904573
0.11344903	30.61598275	0.657895131	0.249414484	11.0665182	0.630128615	0.180422539	85.9475613	0.767162607	0.112982004	24.92293299	0.232821118	0.187825064	1.005774511	0.006568004	18.56703701	12.8907317	0.483747729	0.166325208	13.11533671	0.333338852	0.132829175	1.074627164	0.009848446	0.198574567	17.59184249	0.512336579	0.153009335	12.81672141	0.079041841	3.712888922
0.135079643	38.36234866	1.073357641	0.249312855	12.96516937	0.702485762	0.128137562	3.218302827	0.091233791	0.18488656	23.46078749	0.916508666	0.199414464	1.002883099	0.004935115	16.13949997	32.01668359	0.409410957	0.14984507	14.97248282	0.254196266	0.199690847	2.893112631	0.052277781	0.13062793	8.739475543	0.103677185	0.19919145	2.378724173	0.109774302	3.717857465
0.167590432	63.95262185	2.351730985	0.218658038	5.756918053	0.289248201	0.161603267	33.14210547	0.440416675	0.076273429	1.967086491	0.032282005	0.149882084	1.01742376	0.008461862	17.73594342	4.65229148	0.200545092	0.117181871	9.919713402	0.109323509	0.163161433	1.518082325	0.021212498	0.192038093	5.674642216	0.251834131	0.116315738	1.005774511	0.015888668	3.720943625
0.137090493	25.79588875	0.820914184	0.182336286	76.15885921	0.273583733	0.199914665	62.43798258	1.127216377	0.112045486	21.21200132	0.219018746	0.147167492	1.008674259	0.003881998	14.91212276	46.81851175	0.321471011	0.176353108	299.8259492	0.637390092	0.181107596	2.101748011	0.033304171	0.151331097	12.34590358	0.178807271	0.174669564	5.545439659	0.112253458	3.72784104
0.086955336	8.918353828	0.170159574	0.135937639	1.608057505	0.043831423	0.193766888	28.69884813	0.81948926	0.187621159	37.40186198	1.232829598	0.199871313	1.014498859	0.009347411	19.59271382	14.58952022	0.593231629	0.190822208	24.99478828	0.661992303	0.180492141	1.011582367	0.023831912	0.157478339	3.948199596	0.129362733	0.155599385	1.429021489	0.045999187	3.730075028
0.144224078	63.22640757	1.639562091	0.246456793	8.968879405	0.523665936	0.170941681	6.515586104	0.259192734	0.074441741	3.642422731	0.04936522	0.19743464	1.008674259	0.017728214	18.38549232	31.28771475	0.660625763	0.19655365	10.53793921	0.466413396	0.178290764	1.002883099	0.017475329	0.143643581	1.989870008	0.066302702	0.143115792	1.158153013	0.033537266	3.733868651
0.184021362	56.72571223	2.51977545	0.172079696	1.984149508	0.080478203	0.189186579	6.168755389	0.285793356	0.133772837	14.46405527	0.315318321	0.150108966	1.002883099	0.011212235	8.937137982	1.7683242	0.032218111	0.153890923	13.00254924	0.261592349	0.132681173	1.011582367	0.008256457	0.119639967	1.329783516	0.035930732	0.193730073	8.565114702	0.184641517	3.735216731
0.126609549	70.07080906	1.223972386	0.240692563	5.545439659	0.331206943	0.15523404	6.515586104	0.214556532	0.174592237	19.56919195	0.718769764	0.095091078	1.002883099	0.001375119	17.69589487	8.109185671	0.319730848	0.187725367	52.68420368	0.737678129	0.143644305	1.002883099	0.004811394	0.141190936	8.039449408	0.128668761	0.185101264	1.29577063	0.058305324	3.739075199
0.094759446	40.15545741	0.49561261	0.244320284	8.491457603	0.49186929	0.198322935	16.75158919	0.679670359	0.159408972	56.45311647	0.803954619	0.12051168	1.008674259	0.004679088	16.83362429	4.57261926	0.185503695	0.197506502	33.62262818	0.818055123	0.17597165	1.212749049	0.026424027	0.156746148	12.66997313	0.200138338	0.138069371	1.509366472	0.035205764	3.741112913
0.163319258	65.43016996	2.239282884	0.202258182	4.430080346	0.202728855	0.146287872	3.488475353	0.119963493	0.151648593	17.79559766	0.477023837	0.183799811	1.002883099	0.008411994	17.04526053	6.9017582	0.265391879	0.064257302	1.01742376	0.012967517	0.154364564	1.011582367	0.00162125	0.1764952	9.55531616	0.273495853	0.182292168	8.418433931	0.144768613	3.745656176
0.141695439	104.5037288	1.883525717	0.202711676	40.77581035	0.434759323	0.193849883	7.901770851	0.372847347	0.178111548	15.05894158	0.621863753	0.180168673	1.938973586	0.027631281	14.49776502	5.042845572	0.153691012	0.124864769	6.842405407	0.118040188	0.162355336	1.008674259	0.016597578	0.13209801	3.064584445	0.075239499	0.143935837	3.508619592	0.052277541	3.75647324
0.138707836	114.5013389	1.816256029	0.209738372	7.567801678	0.309537534	0.196326875	13.97289262	0.594638596	0.083678244	3.9824473	0.063245873	0.175069507	1.014498859	0.011215721	19.2231252	7.206334691	0.337455663	0.168708206	287.9816669	0.537397631	0.167220957	1.011582367	0.01017575	0.080561619	2.207170887	0.021658503	0.171530376	1.518082325	0.058715352	3.760296651
0.146671415	36.12983598	1.207020934	0.20809971	10.72154973	0.351678858	0.161944556	4.366767205	0.169324237	0.152202351	35.10640402	0.622466118	0.149792986	1.014498859	0.011641198	18.05765329	56.12899896	0.697488131	0.199955931	8.739475543	0.417996282	0.159536986	1.014498859	0.016076437	0.195774444	5.674642216	0.261661937	0.147885862	1.002883099	0.005917926	3.761272056
0.164552613	52.66728731	1.972540959	0.202134078	4.494311456	0.203803405	0.158649734	5.403599724	0.195360353	0.133535231	19.91016085	0.356307883	0.154281243	1.008674259	0.013300597	15.68172049	24.07661337	0.353261308	0.198157657	10.44731649	0.473651572	0.106048317	2.754926569	0.005096149	0.146207563	7.062561466	0.138614012	0.181094619	1.230332526	0.053988193	3.765924431
0.125059325	243.310295	1.48539384	0.177792054	259.6292318	0.251065072	0.132451161	23.80094214	0.208124766	0.175131053	16.08983676	0.633286971	0.162924788	1.014498859	0.014624153	19.77726565	33.33348491	0.880529062	0.150330901	6.981696894	0.193017178	0.128063394	1.005774511	0.005090927	0.066555096	1.002883099	0.006976203	0.158995089	9.473143662	0.08892944	3.767037611
0.096493242	72.30639545	0.594751294	0.206938236	7.947399712	0.303767869	0.198172401	15.36549787	0.644335744	0.19839624	51.78196712	1.683076672	0.183756559	1.773422454	0.029688859	10.44230565	3.302780562	0.060843583	0.166313688	6.981696894	0.244565848	0.175035639	1.014498859	0.022224741	0.139437767	4.075233879	0.097581713	0.161357013	9.046677784	0.092442546	3.773278869
0.118364456	15.92197537	0.435228187	0.213663202	4.999478801	0.247825447	0.189436408	29.45216869	0.750996689	0.176005803	30.92947819	0.939506104	0.191216618	1.380495543	0.032499904	19.06501601	29.96533621	0.749214566	0.186432901	9.125151006	0.375669351	0.18253471	1.014498859	0.020560199	0.126890859	2.406275429	0.06003963	0.190302541	8.132565258	0.172810068	3.784350144
0.13303826	39.47342462	1.058881382	0.249559246	6.803120713	0.420968126	0.191127912	9.527846433	0.42641862	0.157831983	29.03124871	0.660283004	0.156172695	1.005774511	0.006108698	17.03566485	8.968879405	0.314085122	0.196204315	17.49084144	0.632918221	0.092067085	1.005774511	0.001086839	0.198406605	5.357130588	0.255280137	0.164075834	1.002883099	0.024854813	3.800884962
0.134485797	103.9086884	1.615288867	0.238219648	74.63941761	1.001310992	0.085440984	1.392470318	0.025569009	0.172217217	8.994737574	0.375604867	0.125365139	1.014498859	0.001448839	11.35321207	1.48779514	0.038751184	0.186211382	19.56919195	0.557048302	0.147095693	1.014498859	0.004376784	0.160281032	6.045682857	0.167894287	0.11090393	1.251769545	0.019023597	3.806316728
0.101857281	17.4451909	0.379804559	0.193575472	2.835392285	0.131725038	0.195896387	7.833818286	0.375578062	0.191187066	52.08098265	1.511839667	0.190237725	1.01742376	0.024993785	18.70235274	228.0812174	0.92196072	0.174925508	7.567801678	0.288244994	0.130169632	1.011582367	0.00165106	0.179686057	4.122434732	0.17379678	0.136916019	1.002883099	0.003273441	3.812868106
0.14660808	108.7655229	2.132967768	0.140660248	1.544533027	0.045974075	0.166356027	12.48889836	0.361069591	0.131283723	48.88462557	0.410472253	0.184793617	1.002883099	0.023256869	16.12314473	4.843633707	0.182451539	0.173288957	15.01564998	0.402149522	0.189350878	1.396484948	0.035624238	0.141825682	12.16946029	0.142343543	0.178180375	2.297948731	0.083809986	3.820119385
0.12816543	31.05617845	0.848538795	0.245439307	11.52166859	0.625076181	0.166033402	19.51293423	0.422246156	0.187989189	19.96756382	0.857565993	0.160547068	1.008674259	0.00931939	19.07274472	14.84372452	0.558798507	0.147558298	34.90484561	0.279870427	0.079227404	1.008674259	0.002088568	0.189212255	3.458475641	0.160097062	0.155017224	2.378724173	0.058001099	3.821602177
0.109045479	27.62546386	0.574064337	0.19188129	3.738033256	0.159139708	0.190399457	8.689299091	0.39353862	0.199799893	31.1080808	1.328730256	0.159435052	1.458112214	0.016412634	12.6904766	10.6907273	0.149268407	0.188764516	63.52588699	0.785012062	0.110419218	1.014498859	0.005361729	0.180868436	11.79011061	0.317726777	0.173286239	3.959582648	0.099412726	3.828667256
0.153038745	58.70289226	1.81770511	0.223213824	4.417344703	0.241411717	0.189621669	6.961625835	0.321588851	0.125933424	3.781328527	0.110900817	0.123052506	1.008674259	0.006247572	6.615149727	2.827241068	0.022782679	0.188867404	125.6825023	0.84454456	0.197034842	1.005774511	0.032108944	0.191391773	9.693857341	0.351377158	0.191756463	1.738040991	0.08004043	3.828707837
0.13261275	273.5261923	1.840963923	0.229163763	8.866187966	0.434272629	0.15903366	8.491457603	0.26407909	0.163465221	13.9327232	0.498292139	0.162789638	1.008674259	0.014033472	16.48348516	9.500455676	0.298286459	0.159782542	5.707410499	0.197178264	0.177762369	1.014498859	0.023800293	0.178196542	4.692646659	0.188975561	0.170328673	2.358267947	0.075433288	3.835315117
0.128326149	85.08530025	1.33883521	0.1830946	70.66629191	0.278854002	0.146808753	13.57635532	0.25851236	0.160158112	11.72241937	0.422494621	0.138889717	1.002883099	0.007478818	17.64291342	16.27619514	0.465902992	0.194316758	47.36078092	0.85273114	0.147730386	1.014498859	0.006064098	0.133248574	14.58952022	0.118327134	0.169153025	4.468508009	0.094585322	3.843785699
0.110532622	419.7524045	1.039990427	0.203683306	12.06480703	0.344863032	0.191256809	7.459645333	0.347403111	0.179044678	17.79559766	0.71402926	0.16974745	2.018720852	0.022024398	9.298286637	2.448201794	0.041894708	0.193755787	112.9830393	0.941311508	0.188071058	1.125285741	0.032000857	0.195064358	6.258195303	0.279844327	0.166922224	3.70588743	0.085675458	3.849037087
0.14560849	28.67009174	0.985528207	0.228025209	8.891750066	0.428381872	0.177908924	24.56674324	0.575009957	0.146401344	11.09842407	0.340791705	0.157814368	1.011582367	0.010746532	16.18451567	190.7963853	0.481158307	0.198067585	18.31537031	0.666210106	0.190780839	3.020786488	0.043691015	0.151343431	8.250478175	0.161190827	0.187928901	7.633446747	0.159728938	3.852437464
0.137233086	28.83427302	0.904675471	0.242925469	58.60598715	1.079746736	0.125770144	6.010972432	0.125667108	0.116873138	13.73360164	0.220614154	0.193415221	1.01742376	0.008500117	13.33673894	38.16325519	0.212694082	0.198029997	49.59339686	0.923225448	0.155474505	1.002883099	0.013635868	0.171979192	6.294333319	0.207032739	0.182263445	14.97248282	0.159632757	3.855424481
0.127126461	43.37340789	1.013882082	0.245752773	7.589620402	0.453298113	0.171154391	14.54757811	0.419591215	0.187980151	68.46346331	1.55507683	0.169281978	1.01742376	0.003565925	13.29891813	3.51873529	0.102027856	0.168056702	5.674642216	0.218084961	0.194946259	1.011582367	0.014199005	0.142333443	1.470760256	0.049716417	0.16304493	1.002883099	0.029090751	3.858533155
0.139859682	63.0461462	1.511331199	0.22935554	4.760684681	0.26917957	0.148191378	4.075233879	0.139956357	0.196375461	21.45768649	0.983684662	0.188812437	1.005774511	0.005911126	16.28677889	14.58952022	0.348161683	0.140300647	11.79011061	0.1918874	0.109482216	1.002883099	0.004376549	0.176978362	14.17548362	0.314217122	0.174645799	3.064584445	0.091471412	3.860177081
0.164459497	43.37340789	1.687323591	0.207944137	12.81672141	0.38133801	0.149067309	61.7230832	0.345707342	0.139500037	16.79988569	0.374655806	0.170738573	1.011582367	0.01059685	17.84019345	7.970312854	0.321410266	0.168305923	58.26950924	0.481866767	0.135830729	1.008674259	0.007590366	0.199124886	4.985106245	0.24115264	0.112410438	1.002883099	0.010269657	3.861911294
0.102722485	14.36674298	0.329286818	0.211527381	191.8981411	0.578135032	0.161355535	7.247947748	0.247820324	0.191182724	40.6585876	1.348828922	0.150407853	1.011582367	0.003046077	18.36052194	173.5041342	0.83822024	0.148924504	15.72349682	0.250297343	0.148947197	13.97289262	0.017117705	0.172565522	5.466186196	0.194941335	0.149538619	2.692201283	0.055143737	3.862837532
0.185775376	50.8933933	2.309412243	0.203465005	15.27727905	0.368633532	0.13871946	21.21200132	0.240106292	0.15212364	8.418433931	0.298726782	0.177629117	1.050159617	0.022821249	13.3737246	95.88384394	0.227491038	0.141443038	2.843567002	0.093985794	0.187907853	3.759618569	0.042399724	0.154394361	17.49084144	0.203446536	0.164612795	2.16313573	0.066403383	3.873426573
0.172219886	54.81512586	2.204667643	0.225006411	9.638201443	0.435104017	0.150709773	3.082280921	0.111235957	0.132831649	26.09781517	0.379101123	0.157884476	1.014498859	0.012787995	13.92368532	17.19130428	0.221777567	0.132170717	2.337987638	0.071884609	0.174465777	1.830482754	0.027993873	0.187243864	5.481945754	0.234276639	0.188488538	10.18009751	0.174777664	3.873607086
0.12395474	78.9978967	1.187509268	0.22497278	250.0918418	0.802853647	0.197253912	20.31547386	0.748520391	0.158632948	19.96756382	0.573575423	0.189540905	2.638489309	0.035751345	17.12131682	5.086588519	0.208947913	0.055575071	1.002883099	0.002329152	0.178391877	1.005774511	0.006362157	0.17869002	7.12382395	0.245693889	0.188304747	1.669381664	0.074844667	3.886387852
0.148290695	58.70289226	1.696280898	0.198261542	3.428733917	0.159795529	0.170634423	64.07692696	0.594294519	0.182235414	10.90835944	0.484911235	0.180483369	1.014498859	0.01254491	16.82988773	3.9824473	0.162364992	0.16803412	61.54564101	0.487735303	0.14459594	1.053187331	0.01299188	0.173923281	8.322044956	0.244415551	0.168182216	1.669381664	0.060071391	3.915406208
0.173271422	43.00348587	1.80331489	0.189327267	42.08778197	0.31254714	0.194008727	80.67271658	1.038679601	0.160212305	15.40979812	0.510787043	0.193075368	1.008674259	0.019337228	9.321490375	1.44557294	0.029475574	0.099866377	2.490858674	0.046002674	0.132500973	1.002883099	0.005736752	0.132838057	3.438619297	0.08060852	0.199559875	1.492084601	0.073202258	3.91969168
0.039368785	8.617973549	0.058373817	0.178642053	14.42247384	0.216455273	0.17151823	80.90530403	0.619368029	0.195434062	31.01865095	1.245968999	0.196791608	1.814741219	0.038845866	17.59555188	13.38232685	0.423109156	0.194038142	302.426717	0.98956355	0.129532546	1.005774511	0.00129551	0.188325597	3.970998518	0.181136499	0.198617302	4.170182282	0.1563554	3.930472098
0.1742266	66.1816965	2.593787852	0.186225065	2.399357842	0.107113582	0.14982981	9.527846433	0.239450424	0.146572312	27.09306972	0.508122982	0.187862999	1.005774511	0.017630489	17.79631798	8.491457603	0.334012192	0.102886689	1.995607	0.042691075	0.093176163	1.011582367	0.002757911	0.099090567	1.002883099	0.00958362	0.153002041	14.80105162	0.078740805	3.933890932
0.164191826	37.81859402	1.491324151	0.202501946	120.0244757	0.463330043	0.182057946	7.247947748	0.313775961	0.177207347	28.04542111	0.914351903	0.194123426	1.008674259	0.011500305	13.45589032	69.0573331	0.227916053	0.162335525	20.84873791	0.360763383	0.194156001	1.002883099	0.033964555	0.143619582	1.703365422	0.057949292	0.18008502	1.55345195	0.065246369	3.940122014
0.148061064	48.20611514	1.503196898	0.095217676	4.692646659	0.023616436	0.17716032	52.23113729	0.677485312	0.198244335	21.15102082	0.990763991	0.198711434	1.014498859	0.009473802	15.40388623	17.69342677	0.307418186	0.172516115	8.968879405	0.309921816	0.080872072	1.002883099	0.001350766	0.109287876	3.438619297	0.049510026	0.197175975	1.429021489	0.069207628	3.94194486
0.152071307	51.92077197	1.667669297	0.245504298	50.4575003	1.101407186	0.156897175	12.59723029	0.303745854	0.142204937	38.27328364	0.511387915	0.161215228	1.674194657	0.01749121	10.34915237	8.739475543	0.08176301	0.110189741	2.600780953	0.056942316	0.186484813	1.011582367	0.022322013	0.162987628	6.59105201	0.184113185	0.153618044	1.002883099	0.007179324	3.954021311
0.17636407	44.12282567	1.891428402	0.224659418	10.72154973	0.461927283	0.122012814	16.18274769	0.151838192	0.158105401	15.67829474	0.500787985	0.193754427	9.834407211	0.04391789	14.26668101	5.311061071	0.153460843	0.187291815	5.513601309	0.252250102	0.170736901	1.01742376	0.021130965	0.191621004	14.17548362	0.411391183	0.148711592	9.445910166	0.069158587	3.957291432
0.137591194	147.2065739	1.882604894	0.234094158	8.179526844	0.436603076	0.156631234	32.48088897	0.387206538	0.063121514	17.69342677	0.05264224	0.102017222	1.005774511	0.002581598	18.43238282	36.55028121	0.694466444	0.150550737	170.0425619	0.325618744	0.171415639	1.011582367	0.019662542	0.176669609	3.236886951	0.137658067	0.157631921	1.002883099	0.031144469	3.970188611
0.093779949	9.308594797	0.192937438	0.21687756	48.0474582	0.596272314	0.183785396	21.95762665	0.613178184	0.196343304	24.14602864	1.075878634	0.103902412	1.011582367	0.001993306	19.87351251	45.35907255	0.989012176	0.196787028	6.764061566	0.325679346	0.199661029	1.014498859	0.001527241	0.160401693	6.010972432	0.169139795	0.078810209	1.005774511	0.007423492	3.973041925
0.131364749	100.4089259	1.507457758	0.246989154	9.41875496	0.546008773	0.182859322	87.95004358	0.807282425	0.081636855	4.546366219	0.065112927	0.199462421	1.544533027	0.039118854	16.35733045	22.59896357	0.404231027	0.178462483	14.67376756	0.433875488	0.198325625	1.008674259	0.035045057	0.163117523	2.047990001	0.080716393	0.183078011	1.333617414	0.059040037	3.97788874
0.143294858	31.68310571	1.046759538	0.234330217	36.55028121	0.825271914	0.194204812	9.41875496	0.435619555	0.19076041	19.17876798	0.857071802	0.199432147	5.145503251	0.049194839	14.18302025	5.740368002	0.158116869	0.163512368	13.49840861	0.321997059	0.175812085	1.008674259	0.011104903	0.178288161	9.610493436	0.279951461	0.105876182	3.488475353	0.020430469	4.00551841
0.124645736	84.84271818	1.240941688	0.216405942	9.391677821	0.378479544	0.185364253	9.610493436	0.40364186	0.184178684	17.29057565	0.737520992	0.137620868	1.01742376	0.008961067	18.88471009	5.658328693	0.261012065	0.193606267	13.73360164	0.535389911	0.149562599	1.008674259	0.012372943	0.184885523	10.6907273	0.329524677	0.188875769	2.519708712	0.10210724	4.009951986
0.139721962	62.50843982	1.513502992	0.249081354	35.71808957	1.086394928	0.092283572	4.80198009	0.055635788	0.134075626	23.19216731	0.376311549	0.195767501	2.827241068	0.041827572	14.38043155	25.06685073	0.264792618	0.193039351	14.29844543	0.542093143	0.17605136	1.01742376	0.005611065	0.136870119	9.284145445	0.121079402	0.126220704	1.008674259	0.00988731	4.017136366
0.162307915	40.38541043	1.554898483	0.238088416	219.7027327	1.094679942	0.146886613	2.835392285	0.099331115	0.169421478	12.31041144	0.487301123	0.18282257	1.603434644	0.028133526	13.02609643	8.418433931	0.150665109	0.151613309	18.52750564	0.277804417	0.188870628	1.144892449	0.032618486	0.193367739	4.585802575	0.214283279	0.176569046	2.113884578	0.078199603	4.017915083
0.144752238	27.70445051	0.946858746	0.179465823	7.12382395	0.182119886	0.142068847	5.190136677	0.153235722	0.191957497	55.32682316	1.54904615	0.141958545	1.011582367	0.009219098	19.54319284	7.788841536	0.369549374	0.186607	18.00171279	0.547518738	0.193889465	1.065385733	0.034923173	0.181397667	3.528880153	0.15460109	0.166657074	2.661376248	0.075003202	4.02207518
0.125547231	63.22640757	1.143945524	0.234668843	23.46078749	0.739490646	0.184257991	9.638201443	0.399638829	0.161863325	11.99553867	0.439765408	0.155685845	3.209050815	0.016469443	19.91414011	8.109185671	0.394969637	0.196615829	19.4009035	0.660199935	0.168255038	1.01742376	0.013975343	0.139956383	5.707410499	0.113556498	0.190619398	3.236886951	0.12029627	4.042307533
0.134047695	116.1476358	1.654903558	0.110258585	6.822734785	0.037099755	0.17187488	12.66997313	0.396883243	0.195156807	27.88440233	1.170844645	0.199774247	9.020670296	0.050865794	18.17069065	18.26271709	0.534531637	0.091416456	10.18009751	0.055500562	0.146560647	1.01742376	0.009111924	0.151569702	3.869429263	0.116625349	0.11272527	1.659797147	0.021455784	4.04782225
0.178205407	67.32520222	2.752756432	0.187532946	3.25557839	0.138394609	0.189868591	11.96105376	0.495795367	0.113460309	5.57746186	0.133180346	0.137629593	1.01742376	0.006732079	14.13861658	6.45955426	0.167547347	0.091989748	2.371885791	0.038332539	0.194205502	1.95017021	0.042913481	0.19074471	6.010972432	0.259039177	0.139337495	1.005774511	0.01558909	4.050280468
0.140639032	22.36415041	0.745294575	0.2259516	218.4413409	0.81530274	0.186529649	25.50360952	0.688468008	0.179445576	14.92943976	0.628500895	0.194633599	1.412659549	0.034463791	18.83681621	5.874112172	0.270801682	0.188850705	11.72241937	0.454740277	0.184187451	1.594228753	0.033628783	0.167079281	10.78346144	0.23710022	0.186561422	5.497750747	0.142995056	4.051296028
0.174302558	40.27026979	1.703137334	0.225465094	194.6804451	0.806399488	0.172048643	9.527846433	0.34238769	0.136311875	11.35700497	0.294234831	0.198732591	4.899734448	0.047106464	16.94441011	6.222264768	0.242532735	0.193600634	9.41875496	0.417340747	0.169699866	1.011582367	0.016913445	0.172376293	2.462338961	0.102976005	0.167145434	2.909818941	0.078560298	4.051589037
0.17625292	48.89922126	2.078487914	0.206424308	8.565114702	0.311569349	0.100002215	3.274377763	0.057259394	0.143482839	22.92662276	0.456553325	0.082466898	1.044130275	0.001765219	19.8326812	27.01518227	0.831877168	0.117541158	14.17548362	0.11713617	0.14753261	1.005774511	0.004774451	0.169038261	5.115961079	0.178069322	0.102153315	2.41321296	0.017783161	4.055275473
0.138258937	32.32268866	0.999937824	0.218443648	4.086983183	0.218777601	0.1692365	17.29057565	0.433333479	0.191924009	20.08286674	0.896246552	0.132345397	1.011582367	0.007858648	17.41154583	4.999478801	0.210632034	0.198363445	185.9162408	1.095646524	0.194153303	1.531250564	0.03974126	0.150542628	5.280568372	0.134677441	0.127092895	1.713201524	0.029934013	4.066785374
0.122704781	106.0062803	1.253363045	0.241266928	13.73360164	0.656245717	0.14998016	13.42090943	0.274838383	0.171194943	28.78158976	0.829292749	0.147893198	1.011582367	0.003514836	19.78034608	13.38232685	0.573215463	0.127689939	5.497750747	0.114320705	0.152933548	1.011582367	0.009928586	0.179522048	9.284145445	0.283686983	0.176604685	1.905767944	0.073196907	4.071603374
0.16595914	65.24362556	2.32565938	0.189049975	5.642062068	0.195004288	0.113012833	1.708276394	0.044361801	0.123728413	19.45683823	0.285053129	0.143761502	1.014498859	0.010236285	16.97209383	14.50575657	0.393137571	0.192327073	20.9088469	0.640863696	0.181131632	1.002883099	0.022705614	0.150450193	2.317881733	0.081073493	0.168365693	2.707747428	0.077585299	4.075680555
0.162176325	49.74411558	1.836197805	0.220663342	45.62099901	0.656797368	0.16097831	18.90467181	0.377566511	0.194635062	16.60753117	0.785282735	0.189177089	1.014498859	0.004141281	10.97006311	1.518082325	0.038039479	0.172554682	4.533296276	0.188769657	0.190268663	1.002883099	0.029185323	0.158896553	2.802927748	0.103234725	0.156341546	2.630904152	0.06249535	4.081710233
0.138071287	25.57588143	0.825226044	0.17585606	9.098917922	0.183722528	0.196714608	16.70343154	0.666118568	0.186451126	63.52588699	1.474706056	0.198285571	1.002883099	0.027677263	19.32087571	6.258195303	0.296189665	0.178422137	6.422467651	0.267513449	0.177126985	4.546366219	0.033667563	0.175533084	7.76645009	0.245448161	0.164354005	2.113884578	0.064744098	4.085013394
0.123158411	481.4058461	1.499035272	0.248577733	10.38733471	0.595421624	0.125259032	9.693857341	0.147366551	0.157499463	8.179526844	0.307950781	0.185254661	1.01742376	0.014881542	19.19627603	54.22300047	0.898092785	0.163857467	33.62262818	0.40680346	0.157079676	1.080832611	0.017049145	0.128670421	6.115706172	0.090974803	0.171496881	11.58820059	0.122118687	4.099694651
0.14243625	38.80297603	1.205517803	0.191579393	2.071710572	0.097199052	0.195823473	38.16325519	0.930605338	0.101710677	32.20156428	0.178986519	0.158479676	1.011582367	0.00827366	16.95609333	8.589808778	0.30221389	0.194472822	77.70923223	0.925085453	0.11568171	1.014498859	0.00412556	0.197821981	8.039449408	0.344532936	0.175668941	4.585802575	0.109384694	4.105924905
0.155866594	90.08526743	2.353607802	0.100602765	1.005774511	0.003595281	0.199149421	40.42515213	1.003049934	0.128041012	5.874112172	0.169895477	0.186860443	1.005774511	0.015905983	14.46538772	34.60467571	0.279937538	0.101952775	8.418433931	0.072220037	0.157125398	1.008674259	0.001753146	0.150971764	9.020670296	0.162928117	0.15234938	2.19449873	0.054056686	4.116950001
0.132315005	33.35393354	0.942937489	0.236348294	5.419178838	0.316091776	0.190385103	17.84690413	0.627888378	0.199800886	52.68420368	1.744294653	0.19732345	1.205786223	0.034442424	11.33020488	3.145027202	0.070324244	0.103113278	8.016337512	0.073337971	0.186593031	1.014498859	0.006338282	0.144596225	5.071965539	0.118557927	0.196814295	7.54604568	0.191674526	4.12588767
0.136398783	107.8378863	1.71880894	0.235307152	5.388065396	0.312991155	0.188421173	6.9017582	0.316522253	0.17330903	17.54126927	0.657949973	0.198232439	1.002883099	0.017720951	16.94763627	15.49878217	0.401353147	0.188373822	12.85367329	0.480426129	0.193551985	1.002883099	0.009559162	0.179278683	5.691002773	0.217179992	0.122412585	1.008674259	0.005520317	4.13803202
0.13154221	22.04715703	0.676242972	0.247394778	6.629112111	0.406616528	0.18992069	27.24951894	0.74902872	0.084417972	10.03460716	0.091635147	0.174228317	3.209050815	0.025666194	19.77075996	17.64256152	0.678295314	0.198133589	232.7242881	1.098522846	0.182217654	1.631372504	0.032499304	0.195980032	7.655454731	0.325743051	0.174701099	1.299506466	0.053853368	4.138103445
0.149023149	66.37092303	1.824570193	0.217351579	16.27619514	0.483293433	0.153971666	22.40462011	0.338713499	0.149457845	32.7626366	0.574575853	0.185062042	1.011582367	0.002861937	18.68474132	8.968879405	0.385270804	0.161688766	5.823596788	0.204649872	0.19389851	1.310778721	0.037422381	0.15226427	2.754926569	0.094268325	0.193250303	10.56832113	0.195122275	4.140748572
0.180326607	47.25223999	2.074302009	0.222253345	4.546366219	0.247290025	0.155407514	12.23973297	0.294500083	0.150539121	52.68420368	0.651245498	0.194100844	1.008674259	0.017155543	14.96416258	4.65229148	0.154684832	0.185620292	9.020670296	0.370509253	0.193057301	1.562422375	0.039742461	0.162629874	13.85273046	0.235074323	0.185084656	1.288331148	0.058083496	4.142587523
0.143545613	149.3231057	2.156047801	0.177699	3.082280921	0.117915328	0.152686822	6.881916951	0.212500734	0.129646863	13.04003688	0.281129722	0.16262611	1.002883099	0.009046749	19.61521919	18.85032445	0.681300516	0.186333517	14.42247384	0.494381446	0.188464061	7.993292057	0.046069483	0.175719171	3.350667111	0.141250992	0.115684021	1.002883099	0.005184973	4.144827743
0.131996371	227.196377	1.770192407	0.180247559	11.19469467	0.210715917	0.154091947	76.59863937	0.401633915	0.14266046	7.699661237	0.251505859	0.179739537	1.905767944	0.027235955	15.39706248	26.40008963	0.338618475	0.190667911	266.4442802	0.916658618	0.148403555	1.014498859	0.005256728	0.182030062	3.781328527	0.165312397	0.14833714	5.013892794	0.062757495	4.149887765
0.16937112	51.18483786	2.02668167	0.22376509	4.075233879	0.224927367	0.132167557	8.062627939	0.159618556	0.168707478	10.35747309	0.418351798	0.175802705	2.265107261	0.025888326	16.30469296	12.96516937	0.333348008	0.195621532	22.92662276	0.704492701	0.192453444	3.109017423	0.045656384	0.175364079	4.942236012	0.188734399	0.121352025	1.188553553	0.023110081	4.150809288
0.158689434	80.13372615	2.357958017	0.222856983	8.274265122	0.387413485	0.184491521	85.20844125	0.850826749	0.148250068	5.691002773	0.201528385	0.192367258	1.01742376	0.006071063	14.92554292	3.274377763	0.11603717	0.119049405	4.417344703	0.088733763	0.171622062	1.01742376	0.003376823	0.145666227	3.418876955	0.099459616	0.134326997	4.391983149	0.044015414	4.155420486
0.190152331	53.12033871	2.471299603	0.220173761	5.311061071	0.277014801	0.186203767	16.79988569	0.568438639	0.073790734	1.878531382	0.029617331	0.154443637	1.014498859	0.005498238	15.95033327	35.20761927	0.404178017	0.1216043	1.664582507	0.047022237	0.195493668	158.690211	0.057985961	0.164433819	11.5548867	0.229433125	0.17685279	1.636075913	0.065954476	4.156442427
0.126572086	50.60360821	1.071802128	0.236841787	10.38733471	0.527656192	0.194631769	83.02900003	1.065144116	0.178687185	11.62161052	0.503339904	0.145533596	1.014498859	0.010929697	19.9825275	7.856403961	0.384342863	0.160774649	8.418433931	0.252118815	0.190366191	1.005774511	0.018447912	0.176486859	5.790161438	0.21217658	0.184969097	3.25557839	0.111432731	4.157390939
0.164075979	43.24974833	1.67932181	0.215573671	190.2478817	0.631887012	0.153291042	5.756918053	0.192173806	0.176868326	33.62262818	0.977104818	0.183055514	1.008674259	0.011823264	16.22109188	4.316768806	0.166931114	0.17314853	5.028348345	0.20802022	0.158359156	1.763240603	0.019197238	0.17433589	5.190136677	0.191944023	0.195822187	1.659797147	0.079050384	4.157453688
0.164145113	59.71717713	2.138138666	0.222164017	8.274265122	0.38608603	0.156460145	20.6694458	0.350366428	0.132998476	10.12164994	0.262762347	0.177611023	1.011582367	0.018468194	18.0219399	13.26724335	0.448140103	0.186024589	5.115961079	0.23221226	0.178810809	4.255075073	0.034989241	0.179456908	7.268844301	0.251197788	0.137853885	1.87313096	0.038241462	4.160602519
0.135852739	45.01352772	1.196880465	0.170431426	73.78481484	0.203076277	0.162955786	7.811297539	0.267325242	0.196408377	56.29082444	1.700352237	0.187471934	1.743051936	0.031421575	18.61976827	8.179526844	0.357042565	0.114353151	12.52490509	0.105000378	0.163094651	2.827241068	0.022983724	0.183728715	4.417344703	0.191223867	0.169688089	3.498532974	0.089164572	4.164470901
0.154607922	32.2305352	1.188285566	0.229200967	9.665989334	0.46055461	0.193425501	92.6278717	1.055807992	0.131002491	5.642062068	0.170359456	0.162566905	1.118825073	0.016962029	18.42667961	6.941612478	0.305793486	0.19394582	24.85128427	0.696552556	0.145628431	1.005774511	0.002099815	0.174572698	3.869429263	0.156888444	0.170372239	9.94831292	0.1153887	4.168692654
0.171435068	46.4496697	1.906789615	0.192482403	3.428733917	0.151217617	0.151027854	17.49084144	0.300910363	0.148339434	37.18712453	0.582931189	0.171458534	1.008674259	0.006793542	18.65421611	38.16325519	0.736030437	0.182157837	7.481152231	0.312130737	0.147852522	1.645523451	0.015063498	0.142855346	16.79988569	0.15458745	0.09459571	1.002883099	0.003294462	4.169748909
0.118289809	72.51313371	1.021055738	0.231945383	8.467046268	0.438809173	0.187011454	44.96899982	0.812213422	0.122655773	4.788175306	0.134698037	0.120823311	1.002883099	0.003229986	19.09803476	77.26307577	0.918174629	0.196668572	25.35718419	0.738230715	0.189562018	1.011582367	0.019119688	0.149769154	1.961431489	0.069635245	0.128018576	1.002883099	0.016523922	4.171690555
0.1173327	20.94272946	0.546393228	0.237403034	91.04158499	1.014595475	0.191573019	15.40979812	0.588710853	0.129371958	12.81672141	0.276557479	0.132203781	1.005774511	0.0063106	19.26270462	63.89271791	0.936968899	0.194594028	12.41719513	0.508733919	0.177476859	1.005774511	0.019825871	0.178438661	6.534371185	0.233570105	0.140494436	2.138368364	0.042562813	4.174229241
0.153765111	45.14223028	1.547979697	0.249072332	18.63449293	0.857828019	0.152542603	4.638917021	0.162273673	0.165725816	8.565114702	0.34257849	0.188209697	1.01742376	0.014799533	18.746203	8.442705111	0.37086594	0.195853844	21.64381601	0.689414447	0.134789255	1.011582367	0.003109575	0.135390856	14.75850139	0.125666047	0.164268548	1.922299067	0.061661215	4.176176637
0.165844536	40.7328114	1.616689965	0.162207491	1.688717054	0.064052355	0.199016039	54.37933076	1.082470611	0.157598081	48.0474582	0.756726318	0.102868342	1.005774511	0.003160829	12.51741765	1.793962883	0.052245316	0.173920723	5.130710903	0.213107376	0.187168994	1.002883099	0.009014919	0.195810611	7.788841536	0.327286163	0.165255294	1.513718125	0.054079968	4.178833818
0.1561675	197.5346433	3.071152081	0.143988382	6.496855026	0.086091486	0.175851646	9.364678523	0.355309185	0.103193175	13.42090943	0.160303365	0.172681538	4.110583512	0.025118651	12.76995955	9.55531616	0.148550852	0.141469143	21.83156007	0.22631533	0.17575836	1.008674259	0.003969626	0.105020623	2.16313573	0.038132909	0.15324341	3.458475641	0.064314571	4.179258054
0.158439409	34.81340371	1.316811388	0.228432672	26.24851728	0.684813036	0.1597121	4.985106245	0.186171297	0.194341287	25.35718419	1.091699772	0.172306855	1.008674259	0.002867262	13.78162834	153.3014938	0.256785691	0.156507936	174.0043638	0.385578478	0.123055472	1.008674259	0.003849717	0.188218769	5.823596788	0.246423634	0.076734295	1.002883099	0.005859779	4.180860054
0.144324556	35.21326813	1.15142255	0.198077784	2.578415114	0.124859957	0.175499808	15.99745926	0.471534967	0.188979437	14.17548362	0.650674982	0.196119819	1.002883099	0.004836535	19.12330808	13.26724335	0.525359878	0.190623526	234.068157	0.899439043	0.154858475	2.794869861	0.018738836	0.179104509	8.639410721	0.271958988	0.18371861	1.458112214	0.064348634	4.18317437
0.172358813	42.15255738	1.761543566	0.222525095	9.665989334	0.420432004	0.185695292	16.5121814	0.56523529	0.171282213	15.99745926	0.603608892	0.174304256	1.453920417	0.023204199	16.7282747	4.329214479	0.174758334	0.175872478	14.0940971	0.408867234	0.143653136	1.002883099	0.011250481	0.173802338	3.40904833	0.140400462	0.166828975	3.199825401	0.081392808	4.190693269
0.159844497	30.79130731	1.187309878	0.227145043	6.941612478	0.361015368	0.171035655	49.45082522	0.583677579	0.189125404	27.80423995	1.081061635	0.174070223	1.008674259	0.016166039	8.148185386	31.83286437	0.049041854	0.182148181	21.15102082	0.531140777	0.196875947	1.002883099	0.017828178	0.172991679	13.34385519	0.286549379	0.173459181	2.297948731	0.077834779	4.191625465
0.167908072	43.37340789	1.744010561	0.208264468	3.274377763	0.167075728	0.165608162	7.655454731	0.272104008	0.189607608	27.64460587	1.087756709	0.168072061	3.209050815	0.022174565	14.18408021	5.295792775	0.151358466	0.193493589	9.55531616	0.420829681	0.138565239	1.008674259	0.001703287	0.180366584	11.19469467	0.311801546	0.094626573	1.955792745	0.013908422	4.192722971
0.189007162	50.45933502	2.331169652	0.247692468	14.54757811	0.740645059	0.060281706	2.723383345	0.019781704	0.160722544	12.85367329	0.456263148	0.181009234	2.265107261	0.02872226	14.57060573	8.22675961	0.202373474	0.129813517	7.993292057	0.137793491	0.187023563	2.042102417	0.037678133	0.189636918	4.599023899	0.20861959	0.157068127	1.594228753	0.049684119	4.212730629
0.145582935	29.33247959	1.00510248	0.237027109	12.96516937	0.603038449	0.179787	7.502721136	0.316335604	0.185937094	16.18274769	0.712940641	0.189771544	1.002883099	0.018575132	19.33510081	62.97958578	0.942706671	0.17875592	5.92506574	0.250653691	0.113547348	1.005774511	0.001580816	0.188382682	9.445910166	0.330148301	0.14456886	1.090208032	0.033137215	4.214218999
0.1273001	64.68717737	1.200293222	0.202089302	9.391677821	0.306199215	0.155535539	16.84832142	0.327899285	0.190249905	53.60216059	1.501024586	0.141348929	1.011582367	0.004551603	14.86074786	4.016992078	0.137006629	0.178641009	42.45286227	0.583723036	0.196434374	26.32419437	0.058907303	0.105360945	1.458112214	0.031202344	0.196595128	1.718140854	0.082280057	4.233087281
0.137568875	33.44929902	1.012549778	0.247567704	6.422467651	0.39432869	0.168745323	17.94996127	0.435726362	0.176069413	44.71081673	1.085772482	0.148474135	1.333617414	0.012619073	17.84023408	200.9443358	0.746030153	0.150834293	9.284145445	0.219131808	0.189379634	2.119979117	0.039694526	0.186705356	5.042845572	0.21821675	0.196923248	1.48779514	0.071912553	4.235982173
0.148683343	35.5161776	1.216711563	0.23220845	20.49169553	0.67772468	0.192244312	77.48583289	1.008490157	0.158339785	40.54170185	0.734107951	0.198480664	1.059268973	0.033824076	11.72095747	13.04003688	0.123253321	0.132341604	5.295792775	0.122663558	0.174131542	1.014498859	0.01086574	0.16900635	12.23973297	0.259583531	0.172490275	1.32596064	0.053442589	4.240667166
0.157928163	36.64930971	1.370723249	0.241573248	8.442705111	0.480286265	0.162277151	10.87699997	0.315210914	0.195279805	27.56513286	1.156779864	0.193384859	1.01742376	0.021331217	19.33288217	9.072760254	0.415474059	0.180801761	7.416816844	0.304934183	0.179689185	1.014498859	0.013240441	0.171154595	2.630904152	0.109155438	0.154904669	2.358267947	0.058306702	4.245442333
0.172449439	50.8933933	2.080055081	0.212042602	5.561427712	0.264968281	0.09045299	2.770834922	0.043233172	0.124682173	30.22526328	0.323598083	0.157574577	1.005774511	0.00307664	18.18136734	4.942236012	0.219028095	0.195613853	90.77985764	0.968088243	0.152226576	1.008674259	0.005081978	0.164114549	4.063518353	0.143324282	0.19519548	9.80613515	0.197188581	4.247642437
0.162094747	32.88116905	1.285761536	0.24258207	329.708036	1.221571084	0.192038991	20.08286674	0.677619339	0.07291959	3.836153476	0.048984979	0.16339373	1.002883099	0.007537891	17.81578854	11.45551857	0.403668992	0.139894969	5.773515819	0.147486414	0.183549984	1.014498859	0.009318773	0.196449736	13.6154973	0.440992066	0.125558607	1.008674259	0.004781269	4.247722341
0.168517534	49.60229283	1.96266783	0.169921324	1.526848508	0.062694711	0.185397174	22.86071305	0.63931599	0.194703824	23.59626206	1.03596043	0.129738866	1.005774511	0.001255508	14.27617081	3.038230052	0.102105277	0.153608847	6.348931994	0.193164674	0.109267287	1.008674259	0.003406992	0.186802311	4.559473844	0.201681284	0.157527206	1.589645647	0.050155493	4.25240819
0.149699356	61.79862496	1.777061404	0.171436123	7.567801678	0.159887021	0.155258705	10.41728243	0.275379684	0.183940947	11.96105376	0.536569003	0.170684292	1.008674259	0.003280368	19.25742819	8.250478175	0.379726882	0.198983597	26.40008963	0.783447387	0.145558121	1.002883099	0.010865753	0.187517296	3.283818119	0.150587112	0.19105933	8.739475543	0.177678967	4.254483579
0.160599733	36.02682817	1.384766354	0.248292572	15.23335977	0.764357342	0.189825737	25.57713896	0.729583703	0.183837562	20.25707071	0.824371991	0.170053284	2.365067068	0.022543621	18.38009952	12.52490509	0.461300982	0.055814122	1.900289221	0.013886174	0.172483437	1.01742376	0.007459105	0.087952691	5.72386553	0.031987596	0.105543677	3.51873529	0.020419828	4.260676696
0.130067864	67.32520222	1.282553116	0.246413345	159.1477306	1.310091262	0.171694401	4.507269002	0.187964032	0.168049191	14.21635295	0.535700387	0.135987975	1.014498859	0.004508657	8.89536847	16.464712	0.059394471	0.190246435	17.19130428	0.569117457	0.185539513	1.938973586	0.035950392	0.176879531	6.610054667	0.229124775	0.155939927	2.692201283	0.062019141	4.276423691
0.149767008	115.8164936	2.302363916	0.163095429	2.505242164	0.08576483	0.173831299	49.59339686	0.614053578	0.167052698	16.75158919	0.589387102	0.168972044	1.005774511	0.003541735	9.520129727	72.73030836	0.076126302	0.178365995	9.834407211	0.355132351	0.182087237	4.843633707	0.037665104	0.186968202	4.57261926	0.202645047	0.111876854	1.002883099	0.011121318	4.277801282
0.178010798	66.75100074	2.726962639	0.235425698	4.985106245	0.290672854	0.127281536	45.75252887	0.194885132	0.058752698	5.450471945	0.037627435	0.160475632	1.005774511	0.004942132	18.02342678	6.553210426	0.280623576	0.193766271	12.48889836	0.504778017	0.193930149	1.011582367	0.0300088	0.155428914	3.959582648	0.124888293	0.17872999	2.66904926	0.092110064	4.287498941
0.143472224	390.8356286	2.49330914	0.211700907	25.13912095	0.480172623	0.198070962	9.919713402	0.469242329	0.15088564	17.59184249	0.470800241	0.174941219	1.011582367	0.009896928	13.36994322	2.653725294	0.082449619	0.137087788	6.45955426	0.146956872	0.147779545	1.014498859	0.009514542	0.130457808	15.99745926	0.112413639	0.133079643	1.216245525	0.02909467	4.303850604
0.147195359	53.88410139	1.578642126	0.190896658	2.563611512	0.117814781	0.161047767	18.79613333	0.381417026	0.185089567	58.94440805	1.396735512	0.18824844	1.01742376	0.02036687	17.80338983	4.942236012	0.213985086	0.167520561	8.370100694	0.277616377	0.177569229	1.008674259	0.007006529	0.19122773	6.822734785	0.284195109	0.127115444	1.540092787	0.028934224	4.30671364
0.149273063	31.68310571	1.112849856	0.246509668	58.43750601	1.162885304	0.165687358	93.70072166	0.540918661	0.113398359	11.89238108	0.194927905	0.194194775	2.291342563	0.038477347	19.64233838	33.42958866	0.86676205	0.128229354	14.80105162	0.152392834	0.186555705	1.273580077	0.032535868	0.15466244	3.770457923	0.120790474	0.188582418	2.047990001	0.088127418	4.310667717
0.142848863	63.40718435	1.602411588	0.145779435	3.091167443	0.071454767	0.154572312	3.738033256	0.137908406	0.188984438	26.24851728	1.040357377	0.134342115	1.011582367	0.00377381	19.53843539	17.09260286	0.643779974	0.197125028	15.23335977	0.592462689	0.126285118	1.008674259	0.004308969	0.149033539	13.53732587	0.171808975	0.160130073	1.181729643	0.042918466	4.31118502
0.139506727	129.0889182	1.92139774	0.140740231	2.245628102	0.056939439	0.1570024	19.62561188	0.350529176	0.170885333	25.28428708	0.779598361	0.180403057	1.216245525	0.025310053	15.19089389	31.19776848	0.328816309	0.194399587	21.09021564	0.669716145	0.132694228	1.011582367	0.00503908	0.141741904	1.483518011	0.049975029	0.192301623	3.370015575	0.127470254	4.314791584
0.166995984	35.11287349	1.41716442	0.158224155	5.658328693	0.113399141	0.17391549	5.529497568	0.231397549	0.184103536	46.54970995	1.27797444	0.127008772	1.008674259	0.004683984	15.84075305	17.14188253	0.337954744	0.164139098	19.4009035	0.365679955	0.125633606	1.002883099	0.00562013	0.190957472	13.34385519	0.401490864	0.192850731	6.478177796	0.16823789	4.323603116
0.047179871	6.349349626	0.059652956	0.223934393	17.69342677	0.560124114	0.195393605	14.38101196	0.597491061	0.191501787	48.88462557	1.472088746	0.160460609	3.046989571	0.018320704	17.9081804	18.05361352	0.510114123	0.19202703	32.9518248	0.74380331	0.177816494	1.161492083	0.02668044	0.172974995	5.85722521	0.20276985	0.19500825	3.458475641	0.133661728	4.324707031
0.120236211	144.2937341	1.236020607	0.238453092	23.66429243	0.800746316	0.135666772	17.24086852	0.212109764	0.185174145	20.6694458	0.847104199	0.13463231	1.002883099	0.002639055	19.07083659	15.72349682	0.576191184	0.178294595	14.13473178	0.424346048	0.198009268	1.002883099	0.020172589	0.158371293	2.462338961	0.092457942	0.177897795	6.186540523	0.124461546	4.336249251
0.127585448	412.62299	1.657661864	0.214983988	11.38974835	0.405181462	0.169140136	4.507269002	0.184394928	0.187519938	29.03124871	1.081373314	0.156259023	1.008674259	0.008492358	16.01773714	9.072760254	0.271409288	0.177312622	6.348931994	0.261503592	0.193051487	1.4331415	0.038664578	0.182286809	11.65511677	0.325280114	0.1796241	3.370015575	0.104595624	4.338557122
0.128478881	38.03516484	0.963845684	0.249132199	16.5121814	0.804216276	0.198552422	19.85292291	0.753841871	0.181944963	11.25933856	0.498997224	0.194361797	1.014498859	0.013484535	18.46239037	147.6700164	0.845058719	0.134438996	7.970312854	0.150386093	0.176574649	1.005774511	0.009066133	0.19354015	4.57261926	0.213924177	0.184979393	2.113884578	0.086689803	4.339510515
0.144206196	58.70289226	1.588048202	0.214719557	5.481945754	0.268697246	0.186910234	10.00575956	0.424097842	0.190605867	12.77987575	0.596212855	0.18219891	1.011582367	0.02354519	19.88038786	24.4961185	0.808545308	0.191483422	9.777944366	0.419981434	0.167331045	7.633446747	0.02752972	0.171787234	2.399357842	0.099873398	0.173323095	3.012102298	0.089715215	4.34624641
0.128682808	100.4089259	1.413549244	0.178289724	1.659797147	0.071944761	0.151218099	11.52166859	0.26498143	0.181291984	61.01636925	1.319244431	0.145959849	1.008674259	0.009614063	15.85336044	16.55978766	0.331803226	0.194981854	9.665989334	0.431731281	0.188552394	1.011582367	0.011678389	0.198783431	9.610493436	0.385277926	0.182347377	4.533296276	0.122205204	4.362029954
0.179908458	46.71566697	2.049160207	0.19005887	9.098917922	0.241193613	0.18396964	16.464712	0.546758282	0.078656114	26.86007845	0.089741282	0.085668732	1.005774511	0.001056068	17.83256451	86.44386642	0.696983558	0.183009828	13.69412014	0.453524769	0.160303631	1.01742376	0.011695392	0.154384709	3.559490572	0.115591123	0.196732853	4.760684681	0.159416825	4.365121119
0.173789639	43.37340789	1.828550276	0.166527904	5.235157264	0.129124385	0.190236035	27.01518227	0.742675442	0.172305685	63.89271791	1.092389366	0.155612453	1.008674259	0.00474148	9.778345112	7.833818286	0.068491172	0.171860471	22.0844212	0.441280348	0.170446619	1.008674259	0.010157731	0.130106042	1.585075716	0.04729856	0.069866681	1.005774511	0.003244681	4.367953442
0.142145383	77.87816669	1.722951027	0.242682238	8.589808778	0.491073672	0.166965496	12.41719513	0.364368712	0.184232052	33.71956555	1.120598006	0.118404377	1.002883099	0.003672011	18.18480145	7.54604568	0.319912699	0.122154018	2.41321296	0.065252005	0.161896824	1.01742376	0.007085952	0.18330208	3.803163849	0.168026295	0.183777909	3.038230052	0.10638931	4.369329689
0.11633572	23.27618873	0.582861285	0.174469256	1.814741219	0.076018712	0.173219403	39.61863193	0.584485561	0.174200204	50.02358281	1.071887758	0.15686851	1.005774511	0.012542113	19.46969407	106.6613317	1.032177232	0.187410375	23.66429243	0.61586977	0.180215058	1.002883099	0.006309075	0.17550745	10.93980932	0.284243402	0.169513671	6.515586104	0.105960926	4.372355834
0.139862903	75.25514165	1.639176994	0.159293232	1.799135056	0.065052675	0.182159869	15.72349682	0.519846766	0.170641245	13.11533671	0.5168793	0.112682253	1.002883099	0.004249465	19.92655962	20.37404539	0.741962161	0.161734135	396.4145052	0.446966437	0.185571772	2.441163677	0.037932736	0.163557512	13.00254924	0.232553726	0.19676516	5.874112172	0.174203739	4.378823999
0.139780937	118.4922938	1.874373392	0.2256514	35.82106837	0.685862524	0.170983815	85.70047831	0.615104601	0.118042677	16.94561224	0.241661854	0.18673844	1.002883099	0.003436976	19.50963819	16.41737907	0.626149878	0.125485289	7.268844301	0.120850674	0.189016144	5.450471945	0.045025279	0.173810284	4.206355521	0.165720243	0.140210979	1.005774511	0.003877875	4.382063296
0.180526623	52.0692237	2.273803352	0.142836021	1.356854044	0.043319988	0.15605122	12.52490509	0.301425668	0.180528569	19.34512957	0.769876228	0.199956121	2.6233408	0.04513501	8.378757704	3.508619592	0.039076133	0.176999726	33.81678241	0.544933043	0.19903685	9.500455676	0.060431616	0.144253689	8.840699352	0.140351234	0.195434499	5.658328693	0.167673493	4.386025765
0.164546388	36.85918453	1.460134694	0.237216033	130.4754737	1.051090262	0.197443281	21.51955113	0.769010729	0.141547628	12.23973297	0.337250376	0.122212623	1.008674259	0.001670019	17.69858481	10.62934802	0.381691729	0.117943929	1.566926993	0.042731037	0.187311136	1.005774511	0.017126161	0.1973189	5.674642216	0.265192878	0.169462159	1.640792882	0.060413948	4.386311833
0.1699116	71.6897105	2.59834564	0.228183565	6.921656654	0.364902082	0.188955825	6.045682857	0.279582869	0.148450272	12.63354936	0.378732848	0.177327424	2.66904926	0.026871056	13.82075288	2.245628102	0.073261885	0.170951564	13.19107137	0.363504468	0.188470438	1.011582367	0.027023961	0.159260834	3.580044889	0.124246717	0.191761182	5.34172985	0.155192006	4.391663532
0.155168857	79.45028366	2.204245512	0.237035836	30.48744503	0.847609678	0.080384747	35.30912633	0.049701097	0.184607851	19.56919195	0.813637533	0.178566569	1.011582367	0.009808364	10.12677327	8.994737574	0.077571362	0.132106839	16.18274769	0.170276062	0.15851594	1.005774511	0.014913976	0.119424466	4.218482862	0.066157897	0.190160174	4.599023899	0.142846423	4.396767903
0.153495718	191.42722	2.848296379	0.240314847	7.374234249	0.426263727	0.116578426	5.013892794	0.097164652	0.133375839	12.34590358	0.292675071	0.197234353	4.404645672	0.045190335	15.59665232	4.559473844	0.164767452	0.159908894	8.062627939	0.243519481	0.186537307	1.014498859	0.005441902	0.182435456	4.206355521	0.181029491	0.188591015	2.441163677	0.099635777	4.403984268
0.129440002	44.62961749	1.062106708	0.228876405	14.21635295	0.555427409	0.148694635	4.559473844	0.153486822	0.194439362	43.4419666	1.473875183	0.165677271	1.002883099	0.012507511	18.73135312	10.93980932	0.443928409	0.192353135	7.459645333	0.343264359	0.168907696	1.011582367	0.016912244	0.195225805	6.478177796	0.287029207	0.176294882	1.380495543	0.057374814	4.405912665
0.103471303	90.08526743	0.744418105	0.242943646	93.70072166	1.144834681	0.178717274	14.33966927	0.469696251	0.161658004	14.38101196	0.496986573	0.151830619	1.01742376	0.008635521	19.0107293	20.6694458	0.652104724	0.196532644	21.09021564	0.683545003	0.116296134	1.005774511	0.003287092	0.16972743	2.794869861	0.114235161	0.160616999	12.48889836	0.095405499	4.41314861
0.153365532	83.40168078	2.193115769	0.236567007	9.94831292	0.511040855	0.146757029	5.280568372	0.166046508	0.122157161	11.16251204	0.226495207	0.14188228	1.008674259	0.009715478	19.56785732	18.79613333	0.678984822	0.172016049	9.582865085	0.31904405	0.169052165	1.01742376	0.010637232	0.158953845	7.481152231	0.180767816	0.174631179	7.481152231	0.121770054	4.417617791
0.166601026	60.05915171	2.213934552	0.198190487	2.85998721	0.137570932	0.195818572	29.11494869	0.847226556	0.080910479	33.33348491	0.097972928	0.185219678	1.55345195	0.029450686	18.20037068	21.83156007	0.578376847	0.142948083	2.876502237	0.096266255	0.121158274	1.002883099	0.006005547	0.199984241	6.981696894	0.318671964	0.16543882	5.806855048	0.093999241	4.419475508
0.181635774	66.94185503	2.834077131	0.147037155	2.284755387	0.06367163	0.159503421	3.880585212	0.148820757	0.160610091	8.714351203	0.334458361	0.194429703	1.01742376	0.003921038	15.57238445	11.58820059	0.279009902	0.199059983	13.6154973	0.573956117	0.190767245	3.539054265	0.045356014	0.154815242	3.498532974	0.1150192	0.136117311	1.002883099	0.022495531	4.420785682
0.163563102	51.03890756	1.900712969	0.22477619	19.73894018	0.583980217	0.188139816	7.947399712	0.357300282	0.156683149	33.71956555	0.677253486	0.191827359	2.827241068	0.037817893	17.59068519	21.70621728	0.508092453	0.123003616	9.777944366	0.125407258	0.145072847	1.008674259	0.008873126	0.156247362	5.481945754	0.150669209	0.185065524	2.175626781	0.088268565	4.438375459
0.170313185	40.7328114	1.676793119	0.247192543	36.6556593	1.058569192	0.171393992	4.638917021	0.192665594	0.199103841	17.74443868	0.860108669	0.171533983	1.008674259	0.01387101	15.07231323	12.74313603	0.260655366	0.126279364	2.232735149	0.064709507	0.181146582	1.002883099	0.002532917	0.198998491	6.572103982	0.301024277	0.103218212	1.002883099	0.014415494	4.445345144
0.178399224	49.17924605	2.12303837	0.226879486	11.03470406	0.477804577	0.140032447	3.948199596	0.124210816	0.147267762	22.99272249	0.491358106	0.193150262	1.356854044	0.033189141	18.78628337	22.46921485	0.639627138	0.164137938	3.218302827	0.127535403	0.192892506	1.453920417	0.038480787	0.187923092	11.48854597	0.356024751	0.132211219	2.455260203	0.03731293	4.448582016
0.17442914	47.11752169	1.979435348	0.154682341	10.29800713	0.119595371	0.147134081	7.374234249	0.203726934	0.18992922	13.15314953	0.610889238	0.183794514	1.002883099	0.006205648	19.16655626	151.110563	1.012105378	0.180827382	4.80198009	0.211439073	0.190742782	1.014498859	0.010309103	0.180019619	6.881916951	0.247275386	0.185840366	1.356854044	0.061224345	4.462205823
0.127014839	217.0511106	1.556091753	0.194549983	38.49429313	0.353892285	0.166210355	7.677526167	0.276120291	0.156080654	40.54170185	0.700771045	0.191868658	1.005774511	0.002655145	19.77994065	84.47567738	1.090218039	0.146130079	2.977614476	0.102296963	0.171248231	1.55345195	0.025100195	0.19963214	6.440984263	0.300218497	0.143218816	6.38559397	0.057492424	4.464856637
0.157146848	80.59261752	2.304577988	0.220226275	19.45683823	0.53860088	0.152441903	7.833818286	0.22783208	0.131684389	8.739475543	0.236254636	0.189906449	1.008674259	0.012980657	18.15160609	5.265387736	0.232916288	0.181241941	136.6261667	0.698186788	0.19068216	2.747006676	0.042647003	0.155243656	3.40904833	0.113884924	0.144563518	6.028302662	0.058859751	4.466740995
0.187589144	50.8933933	2.3324137	0.195154793	3.246219218	0.149250043	0.123059499	2.977614476	0.080348291	0.174453693	21.64381601	0.76136232	0.184060913	1.011582367	0.005575494	14.5235115	9.046677784	0.209012793	0.199008405	13.85273046	0.577223126	0.156188028	1.223268748	0.017345072	0.188557179	6.783563027	0.27399713	0.155127281	3.003443073	0.063266416	4.469794384
0.175944055	42.5151596	1.816924696	0.219122772	14.84372452	0.479957249	0.197749941	39.96229419	0.971772987	0.110375715	25.28428708	0.219135013	0.145951057	1.008674259	0.002225973	18.19350272	16.79988569	0.515670281	0.152947365	7.76645009	0.211327089	0.184782047	2.392460142	0.037282428	0.153110788	3.082280921	0.103487779	0.18861811	3.18145406	0.115951685	4.47373518
0.145143811	46.18518701	1.397798252	0.218494371	141.4287277	0.679922855	0.17002263	7.001825819	0.270630571	0.185763975	37.83506406	1.205844911	0.178442951	1.008674259	0.004966018	19.9121024	19.17876798	0.718817968	0.126183697	1.659797147	0.048792755	0.176967239	1.01742376	0.012005959	0.152578572	3.331429734	0.108273763	0.160727018	1.002883099	0.028724983	4.475778035
0.107955125	11.7306218	0.287084903	0.211550653	9.046677784	0.349315358	0.17272708	9.020670296	0.331327942	0.194200126	40.30893746	1.408296632	0.15890931	1.002883099	0.006420047	19.73586383	50.60297428	0.988737974	0.1949411	39.05241645	0.821751416	0.185123573	1.002883099	0.014547147	0.137963806	3.847213487	0.092621663	0.198765973	5.691002773	0.178497261	4.478600343
0.161507009	34.02724529	1.321515873	0.222257211	3.959582648	0.217011044	0.168873084	11.52166859	0.362386862	0.190091547	13.49840861	0.626403548	0.18956285	1.277251935	0.030712783	19.52123168	26.86007845	0.781528344	0.197134468	22.27598718	0.70966387	0.105257223	1.011582367	0.00210103	0.191911261	6.367236595	0.274005315	0.188360948	6.276238301	0.154170806	4.479499475
0.156125494	52.9688902	1.77991527	0.178971383	3.283818119	0.125146703	0.199185189	39.39116721	0.997756815	0.171302968	21.45768649	0.722007449	0.19611767	1.002883099	0.013985024	15.63303484	3.621510281	0.135475405	0.178920329	15.27727905	0.445620985	0.142659645	1.008674259	0.002285242	0.174163445	2.739109552	0.115760793	0.189283273	4.885648638	0.14433082	4.482284507
0.157303627	28.75206519	1.088678125	0.232158059	214.7004518	0.96709451	0.159842567	13.42090943	0.328747573	0.190105317	23.46078749	0.981728821	0.091270112	1.023298884	0.002328576	17.26088211	6.404004271	0.25702211	0.184353338	39.61863193	0.661875392	0.084617638	1.636075913	0.002653242	0.161931712	4.815824676	0.154598267	0.168142456	1.03813555	0.041863817	4.486590434
0.14328902	37.60325636	1.189992886	0.186389422	5.130710903	0.178716862	0.184403695	67.29100107	0.815492823	0.16535299	12.41719513	0.469449598	0.199538488	1.005774511	0.008150848	17.08108487	16.99446812	0.426265817	0.197338989	36.23596112	0.845811613	0.158133353	1.01742376	0.007230444	0.190935871	15.36549787	0.422594292	0.183639467	4.638917021	0.127303139	4.491008322
0.174639293	57.70583483	2.353379161	0.121025617	3.993929091	0.045549323	0.163242832	16.08983676	0.377945511	0.181561573	18.36817534	0.752165638	0.193839533	1.857022665	0.036658923	14.09926692	3.055774344	0.100859333	0.178061003	21.45768649	0.49276636	0.178656897	1.011582367	0.016911829	0.175986872	3.539054265	0.14826798	0.194864124	6.168755389	0.172826655	4.497330712
0.140756134	239.8615723	2.206232556	0.209956477	3.684610606	0.187597986	0.116638817	2.615799191	0.066775423	0.156154948	34.70444442	0.674485594	0.122224804	1.047140607	0.006308842	15.1711022	191.8981411	0.374695507	0.194110987	21.27315762	0.664682652	0.196134596	1.011582367	0.029655643	0.171743441	3.163188196	0.129805873	0.197775972	4.57261926	0.161155791	4.501395866
0.161108111	68.48846576	2.235275762	0.214735271	3.209050815	0.169965567	0.19388491	59.79903471	0.982162004	0.159802941	15.49878217	0.508477039	0.170333723	1.841052896	0.021831166	13.4930803	32.7626366	0.218555553	0.181734796	6.186540523	0.267780427	0.164627802	1.005774511	0.011674812	0.067922007	1.002883099	0.01101298	0.160018338	3.781328527	0.075614438	4.502349749
0.150475809	80.82304771	2.059193924	0.220929492	11.03470406	0.441221319	0.192820264	8.370100694	0.389033015	0.162199263	71.69087251	0.894300448	0.091493729	1.008674259	0.002571997	10.30968978	1.889378982	0.042376829	0.187838237	5.942148292	0.271420763	0.198339153	1.008674259	0.00314935	0.163364861	10.90835944	0.220944525	0.195321365	7.833818286	0.187224087	4.511436257
0.16788739	48.89922126	1.928714479	0.187817273	33.42958866	0.301373251	0.18653963	7.103344304	0.319704445	0.184527033	21.70621728	0.872766379	0.199474358	1.005774511	0.020423426	18.71148375	10.35747309	0.428514491	0.196788022	10.00575956	0.450669731	0.150296538	1.011582367	0.002710508	0.123387895	5.175216015	0.076842244	0.1844127	3.360327417	0.111653321	4.513372275
0.155355114	43.99702948	1.552589535	0.235912127	5.175216015	0.301670715	0.149365518	11.5548867	0.257910815	0.197909883	30.84056179	1.292033463	0.184163238	1.014498859	0.025249565	17.11033104	12.45299514	0.37925078	0.164186321	12.34590358	0.312873531	0.150955323	1.011582367	0.007059786	0.187237239	4.520263906	0.201378305	0.199163719	6.240204175	0.185217391	4.515233885
0.147194264	131.6948203	2.285555178	0.23970644	8.039449408	0.454008949	0.170671722	44.07182555	0.568295504	0.163137265	14.17548362	0.501496754	0.144358691	1.014498859	0.004798153	8.763015665	1.053187331	0.020295487	0.193950982	14.58952022	0.555036449	0.185238943	1.005774511	0.021934259	0.127744264	7.924552441	0.093959323	0.129528584	1.005774511	0.020275824	4.525655879
0.154781647	44.75722237	1.554450989	0.238984669	58.94440805	1.008423965	0.174895966	8.274265122	0.322676696	0.187707584	13.26724335	0.608099617	0.148870821	1.002883099	0.008985045	19.18956035	11.68871963	0.488411567	0.108243051	2.469438129	0.053728625	0.196406561	2.239172346	0.046947227	0.194770613	6.648224499	0.29202172	0.181691742	8.29812065	0.142989675	4.526735126
0.166071895	84.3596269	2.723351371	0.225487764	13.89266925	0.51962131	0.19847404	18.95917585	0.730689224	0.129590073	10.62934802	0.255732892	0.149239641	1.01742376	0.003597581	11.63697341	29.36749928	0.13269268	0.057329052	2.571002658	0.015846718	0.178628713	1.074627164	0.026530085	0.155216711	2.630904152	0.09462309	0.113183834	11.03470406	0.027415198	4.530100149
0.119730443	351.6539984	1.339012863	0.215996031	7.289801101	0.329461663	0.141377252	2.715554133	0.09115932	0.189691687	44.71081673	1.3872908	0.187738174	1.002883099	0.012894576	18.04591714	17.49084144	0.511060935	0.190366534	19.62561188	0.600094133	0.150683224	6.240204175	0.017664905	0.180776876	3.858305386	0.166002704	0.181206975	1.846360834	0.075564506	4.530206405
0.134385386	29.08230948	0.879182105	0.178648554	9.337756843	0.19504238	0.193549209	31.1080808	0.83949902	0.191511436	30.22526328	1.169529092	0.188051456	1.011582367	0.013250389	16.1802453	25.94797829	0.402096271	0.190433877	19.34512957	0.600624543	0.198632725	1.664582507	0.044848152	0.170114069	7.062561466	0.214504852	0.195428482	6.186540523	0.173337256	4.531914058
0.150918047	159.9138568	2.575902338	0.230690129	22.59896357	0.681404803	0.177378188	72.73030836	0.698802115	0.097783917	6.186540523	0.107016713	0.171536296	1.011582367	0.012579048	10.58645362	1.535665311	0.036857199	0.142958219	82.55230087	0.26347721	0.129467985	1.002883099	0.004047152	0.160074368	2.498040067	0.094749212	0.15060143	3.190626508	0.059573986	4.534409777
0.147224777	28.99939449	1.00865926	0.218052893	41.72584124	0.609218715	0.170189669	24.00739766	0.489899816	0.192801086	42.08778197	1.422982607	0.133993741	1.01742376	0.004330891	11.60741355	3.209050815	0.074584861	0.183118166	61.01636925	0.694363768	0.182300861	1.005774511	0.014969445	0.11902537	13.38232685	0.082623349	0.190380881	4.075233879	0.134906331	4.536539044
0.164771299	72.51313371	2.453680466	0.230698273	5.57746186	0.313171675	0.138824918	15.76882923	0.224448602	0.181111187	21.89450262	0.841695598	0.077834445	1.002883099	0.001189439	7.942295607	5.205100356	0.038575018	0.137683105	13.42090943	0.188778336	0.196168621	1.014498859	0.012531623	0.193296274	11.38974835	0.391649783	0.170458259	2.144533492	0.071924751	4.537645292
0.157725089	292.9260555	3.400012912	0.21863013	4.928028018	0.256969661	0.116030528	6.258195303	0.105014957	0.1363421	5.160338248	0.165983904	0.167594748	1.014498859	0.009557445	18.35340987	9.976994894	0.398410646	0.113875107	54.37933076	0.118623682	0.121721382	1.008674259	0.002572318	0.101690039	2.441163677	0.03709908	0.142267319	2.969054397	0.048891739	4.543136343
0.138276121	208.5463278	2.027439965	0.210244812	9.41875496	0.345221508	0.199929986	16.65541233	0.696539802	0.197277857	14.67376756	0.70965072	0.157005761	1.008674259	0.002734614	18.70351426	11.99553867	0.467788444	0.169367951	5.609668974	0.218167517	0.179423827	2.505242164	0.03277967	0.043529638	1.002883099	0.002023599	0.136896437	3.135985844	0.043559633	4.545905472
0.146225662	130.1993592	2.228112291	0.187266044	10.53793921	0.239645693	0.163895178	3.770457923	0.149013674	0.190204548	39.39116721	1.324332759	0.153911565	1.333617414	0.014403047	10.0025394	62.61799748	0.086808245	0.182897596	5.740368002	0.25358912	0.116302225	1.008674259	0.003131693	0.135036833	15.76882923	0.125601492	0.190962724	3.236886951	0.122000227	4.546638242
0.118563576	129.8281549	1.162128185	0.242248692	10.59879065	0.569179993	0.180442537	7.12382395	0.304794782	0.186164449	37.2943387	1.20806107	0.186070243	1.011582367	0.006547419	11.34393629	1.531250564	0.039892388	0.191836304	66.71232115	0.849201344	0.174069731	1.011582367	0.008729831	0.178152782	15.36549787	0.327288781	0.188111556	1.589645647	0.071755264	4.547579056
0.150655899	71.48531986	1.931813645	0.235455607	9.665989334	0.495497256	0.171551205	10.06353793	0.34990089	0.175045985	36.7613412	0.986453988	0.164254118	1.005774511	0.004903505	4.238208438	1.195416868	0.008026726	0.186790833	20.02513229	0.570101613	0.178776451	1.014498859	0.022667889	0.15467028	4.494311456	0.133174412	0.136427149	4.366767205	0.046103929	4.548643851
0.152801837	26.24159728	0.961093895	0.242834712	6.010972432	0.361626635	0.171232209	10.59879065	0.360346975	0.173432152	29.45216869	0.87759677	0.186012166	1.011582367	0.021256019	17.99551261	45.2286738	0.660063886	0.193586268	55.9676387	0.856978834	0.171374502	2.175626781	0.026758851	0.194673844	6.961625835	0.300239615	0.18673915	3.814128748	0.123518609	4.54948009
0.148230181	62.33022541	1.745769215	0.214698099	75.28685921	0.595658083	0.196303427	22.53399583	0.766392422	0.175984824	32.01668359	0.943339288	0.173696446	1.437273389	0.022524427	10.73459015	1.718140854	0.041504156	0.162277017	6.478177796	0.220490087	0.193501236	1.002883099	0.009418617	0.118961006	1.522459107	0.039657419	0.189530904	8.370100694	0.170741635	4.555495349
0.177891001	44.24898154	1.914902634	0.215863189	7.438200263	0.331573911	0.19930097	11.19469467	0.524054311	0.182342096	14.58952022	0.633087902	0.103628328	1.011582367	0.001628424	14.70196989	4.442852708	0.14561916	0.191358979	34.11011792	0.738583344	0.189510125	1.008674259	0.014811739	0.176122091	4.829709176	0.188095709	0.150796661	4.267342877	0.064149479	4.556506613
0.158622759	54.97185312	1.883897847	0.23892408	11.92666799	0.584505511	0.161368773	10.23888259	0.303694295	0.169219952	17.54126927	0.622609339	0.196334765	1.008674259	0.002262044	18.60579145	10.6907273	0.432077956	0.17824812	9.862760783	0.356186284	0.115283822	1.014498859	0.005940597	0.179213092	3.9824473	0.168455351	0.194775558	12.16946029	0.203925572	4.563554796
0.173198974	66.5606906	2.573636808	0.220201018	7.924552441	0.362791632	0.158797645	13.81290647	0.328924408	0.181146356	11.99553867	0.527828963	0.1135966	1.011582367	0.004994911	18.22551862	6.186540523	0.27189783	0.177271984	16.41737907	0.448522775	0.187388473	1.337462366	0.033508739	0.058949869	1.002883099	0.002453467	0.140922003	1.056223775	0.030720613	4.585280146
0.139277314	220.1718652	2.124127564	0.213498918	14.75850139	0.438398674	0.186501115	6.478177796	0.294883706	0.160797758	28.12627885	0.69110285	0.096445152	1.020357094	0.00158014	15.49421612	98.40071397	0.392661544	0.194855639	7.856403961	0.365955619	0.149343321	1.002883099	0.00192289	0.173822598	6.330680015	0.21480035	0.169143652	1.830482754	0.06428039	4.589713727
0.112415723	26.16678129	0.59315313	0.227057367	66.32930188	0.793173857	0.116316155	13.0776326	0.127798611	0.187948803	37.40186198	1.233705536	0.192387897	1.927841246	0.035739761	17.35571967	6.515586104	0.262833131	0.192694362	242.994475	0.958380292	0.190464804	1.008674259	0.019044141	0.192462902	17.39042027	0.451527493	0.177702551	5.874112172	0.122930483	4.598286436
0.106720368	31.86454122	0.593982966	0.207910802	28.28869435	0.459070189	0.187397302	44.58228158	0.82158115	0.173409108	19.56919195	0.707058664	0.146560078	1.008674259	0.01087347	18.48921466	76.59863937	0.800565826	0.199022854	28.12627885	0.803689995	0.195166135	2.707747428	0.047474684	0.167640157	11.72241937	0.248835306	0.188680846	2.935059463	0.111124792	4.604257042
0.156447737	77.43473131	2.236224966	0.213791033	22.99272249	0.494301806	0.18171298	7.268844301	0.314054289	0.177769734	20.61002505	0.774283309	0.156572898	2.181899329	0.016298915	16.05193926	40.42515213	0.415721904	0.123352184	33.91427955	0.148698539	0.181380574	1.008674259	0.019145772	0.13349649	6.186540523	0.10058905	0.194280989	1.825220462	0.085268102	4.604586651
0.180798951	68.09849498	2.85788108	0.244855332	13.77319698	0.685840172	0.154851057	6.422467651	0.210830347	0.139591785	6.440984263	0.210053864	0.15307913	9.862760783	0.015989239	9.944501671	2.169372265	0.043965657	0.182535616	4.760684681	0.21212565	0.156907394	1.002883099	0.002149731	0.193513554	8.418433931	0.331976695	0.149465301	1.041128598	0.034188579	4.605001014
0.143285821	56.56398463	1.52285693	0.186098112	36.97361997	0.290799534	0.118104824	6.330680015	0.109896608	0.183083681	25.43029147	0.945215644	0.170791278	1.011582367	0.018617362	19.17054849	128.6107644	0.983255379	0.179628527	24.21564404	0.534881429	0.172916057	1.462316096	0.025959313	0.084811306	6.098124673	0.029211983	0.19374701	5.372575727	0.161877123	4.622571306
0.165840564	49.31985922	1.902547901	0.209526342	3.836153476	0.193898644	0.179738426	9.55531616	0.379085885	0.189751507	14.84372452	0.682807115	0.176020658	1.280934379	0.023461131	19.48725885	28.04542111	0.786127701	0.151484762	8.789941739	0.218817849	0.199289845	1.005774511	0.034922323	0.174844093	5.145503251	0.192614251	0.196347055	12.20454605	0.213050124	4.627332923
0.134056309	205.5903557	1.83444676	0.239846546	8.639410721	0.48012463	0.15511508	34.80450078	0.3800138	0.180463522	29.62224056	0.987448336	0.115767822	1.008674259	0.002098607	19.69721076	9.919713402	0.459428948	0.15280492	4.122434732	0.143743179	0.174192175	3.117981028	0.030055658	0.175394683	14.71607349	0.30920911	0.092915196	1.008674259	0.010057799	4.636626826
0.139272434	308.373689	2.185859572	0.233667984	4.913860869	0.283814119	0.138384118	5.57746186	0.151314212	0.154913096	8.866187966	0.321900292	0.148957587	1.005774511	0.012042136	19.12429716	45.75252887	0.851099387	0.18179663	11.48854597	0.410430137	0.191750661	2.754926569	0.043575806	0.15975423	8.346038237	0.189747706	0.19728016	7.901770851	0.196338171	4.646121538
0.131577913	59.88792033	1.271768402	0.201469165	55.80674233	0.432747378	0.188780926	24.35547754	0.70633933	0.139945221	5.658328693	0.187362407	0.116007048	1.002883099	0.0048765	18.9270436	65.94848166	0.87382076	0.192297563	58.94440805	0.845565573	0.183717106	2.884795479	0.036781969	0.171936681	4.857598384	0.179446921	0.198144733	2.337987638	0.107574729	4.64628397
0.141109491	165.0158565	2.106994499	0.205997889	4.27964605	0.205277713	0.187842355	20.61002505	0.648714795	0.185525589	15.8598865	0.697339783	0.172366448	1.008674259	0.00148002	18.36564693	5.190136677	0.232914584	0.187676179	8.739475543	0.371730819	0.188337375	2.455260203	0.040341325	0.171888041	16.32312103	0.296378983	0.177695186	1.181729643	0.050740742	4.651913264
0.145251677	99.55256078	2.012814641	0.178948679	6.422467651	0.175531852	0.197783714	30.92947819	0.900844789	0.121908843	8.322044956	0.195970557	0.182965589	1.005774511	0.004891356	19.65032797	16.55978766	0.643773472	0.191745875	20.6694458	0.631982904	0.093596102	1.005774511	0.002537241	0.091586021	10.23888259	0.037713818	0.153562234	1.955792745	0.052115707	4.658176338
0.173575063	63.95262185	2.518372705	0.191943826	184.3174238	0.355333462	0.164794984	39.73285638	0.487819696	0.128651778	10.09255211	0.243980243	0.170499601	1.002883099	0.015538865	15.9256208	45.88443796	0.41218815	0.164608813	12.56101564	0.318655503	0.175861583	2.715554133	0.031025525	0.159758513	14.50575657	0.222508003	0.158526126	2.107807559	0.05905443	4.664476582
0.136165543	127.6230484	1.776571389	0.249920651	12.77987575	0.693795745	0.072480333	4.040188242	0.031235543	0.182233965	25.57713896	0.936675	0.194711057	3.135985844	0.041226017	18.27455399	12.09959107	0.443502768	0.183054844	25.65088039	0.574774372	0.089241296	1.023298884	0.001179772	0.143664846	3.539054265	0.098388198	0.186283576	1.753117208	0.076595744	4.673944549
0.176134999	56.88790223	2.365999144	0.242909221	13.38232685	0.662540236	0.146032528	27.48588831	0.296397239	0.154736711	9.665989334	0.344877485	0.172314249	1.008674259	0.002037483	18.11087351	69.25643224	0.727033013	0.092900398	5.057384597	0.051064708	0.169726827	1.011582367	0.006001688	0.142335459	9.638201443	0.137521115	0.183587121	2.638489309	0.09821923	4.691691341
0.157029474	59.71717713	1.95282674	0.211403075	6.151021383	0.280301732	0.195694374	18.58092228	0.690955451	0.199112789	15.14589961	0.740316448	0.188421326	4.255075073	0.037203783	18.93655468	10.38733471	0.442069813	0.146250603	3.539054265	0.118185808	0.116658761	1.005774511	0.001617895	0.19653308	11.25933856	0.408095046	0.126292328	1.733044452	0.02953085	4.701103567
0.171220401	49.60229283	2.008976107	0.205498762	4.242842537	0.203255341	0.163752625	19.12363265	0.400594375	0.183582871	26.70586515	0.982731003	0.191210307	1.778535407	0.034610284	10.32274836	6.9017582	0.077092698	0.182117132	50.60297428	0.651908639	0.197776552	12.8907317	0.059423319	0.181783138	8.250478175	0.279793404	0.08814946	1.531250564	0.011215055	4.709600226
0.158458407	89.82843022	2.484393733	0.178139082	2.226316457	0.09346925	0.181153928	8.29812065	0.345982052	0.152876665	12.92789696	0.41008895	0.189133331	1.014498859	0.012882154	19.8328608	30.13837136	0.860754077	0.125539009	3.621510281	0.08968948	0.1618511	1.01742376	0.002143884	0.179391214	8.565114702	0.272968802	0.176085389	13.22910254	0.137810476	4.710182857
0.163112882	106.9181613	2.906573422	0.168659257	9.665989334	0.160840432	0.199953094	17.64256152	0.720033194	0.120333514	14.05357924	0.239549967	0.178304664	1.005774511	0.017277459	16.56680184	6.572103982	0.241268587	0.184564712	5.92506574	0.263988546	0.192734123	2.071710572	0.041913815	0.093613222	9.582865085	0.039491154	0.16034239	4.774410207	0.080123354	4.711059932
0.180490458	52.9688902	2.309788069	0.209202745	13.30549413	0.387257337	0.193276765	8.156012251	0.381803976	0.169511705	10.18009751	0.415249267	0.186949611	1.008674259	0.009994421	15.51422125	23.86956262	0.340151792	0.181886053	21.51955113	0.530487531	0.158849222	1.758171619	0.019469725	0.167079185	15.32132497	0.261328696	0.179191031	1.360765989	0.058237657	4.71376847
0.131257567	179.2604864	1.692558066	0.21548375	148.0957637	0.632061613	0.191403664	29.11494869	0.78578194	0.119617846	28.86456994	0.279411285	0.164406503	8.418433931	0.021233628	19.70263892	7.082923532	0.341769873	0.195459719	30.22526328	0.769022607	0.194234009	1.95017021	0.04292806	0.097785341	3.759618569	0.038409484	0.180855886	4.098766361	0.115989108	4.719165664
0.176332439	45.27130083	1.937184438	0.222428117	47.08886575	0.67132709	0.159683146	48.0474582	0.439074841	0.067488117	2.392460142	0.032594865	0.189865638	1.938973586	0.033887195	16.67057749	10.81455123	0.32990623	0.195347472	24.77984153	0.720934063	0.193259184	11.58820059	0.052080619	0.196116304	9.364678523	0.367888855	0.193982587	3.590366513	0.134613122	4.719491318
0.165547048	54.81512586	2.051576687	0.212676975	6.941612478	0.306735409	0.166614398	5.823596788	0.226856736	0.16295529	14.88652045	0.518163835	0.185847468	1.87313096	0.031091374	19.61553926	28.78158976	0.822597733	0.180048419	14.05357924	0.436083361	0.186273625	1.005774511	0.001617019	0.191584	5.145503251	0.232223794	0.196105873	2.083673687	0.096105407	4.723051355
0.189661441	64.50275128	2.956049122	0.215731063	20.02513229	0.49559755	0.179565651	16.32312103	0.505760231	0.101765507	6.648224499	0.11992189	0.188092053	1.112401499	0.028396429	17.31284009	6.610054667	0.264388005	0.149561494	3.716571871	0.12762622	0.192454432	1.002883099	0.018566353	0.160328344	6.553210426	0.175036601	0.155297504	1.205786223	0.040881868	4.732224269
0.163614751	72.51313371	2.394012169	0.217303737	4.665704498	0.243412649	0.14920637	10.78346144	0.250515674	0.163301979	14.38101196	0.509293435	0.116823808	1.002883099	0.002483563	19.54678417	35.20761927	0.858803937	0.148744738	8.968879405	0.208275938	0.155213923	1.01742376	0.01066867	0.17713681	4.158193797	0.16995413	0.16422586	4.366767205	0.085310063	4.732730227
0.141879796	60.7489871	1.544700048	0.194837644	115.2830456	0.38336198	0.167614962	17.49084144	0.42456517	0.185977676	22.86071305	0.914716988	0.190581497	6.941612478	0.040088937	19.80744327	7.022012778	0.341140226	0.192201619	35.51301926	0.751747807	0.19364091	5.691002773	0.050034849	0.175118578	10.20944774	0.274141813	0.14266204	1.005774511	0.00910413	4.733601947
0.17680726	96.19951754	3.417469869	0.203397642	8.346038237	0.2971046	0.07153082	1.650267659	0.021838671	0.143949398	8.714351203	0.279866717	0.123366249	1.002883099	0.002135956	17.29333237	36.23596112	0.546650475	0.079088922	1.846360834	0.02554901	0.119026108	1.002883099	0.00456489	0.10212605	1.002883099	0.007539328	0.198210259	3.590366513	0.141924037	4.744643553
0.152913509	52.36740174	1.691811729	0.222196734	5.34172985	0.283320346	0.153113894	4.546366219	0.161095663	0.185818208	26.24851728	0.996584376	0.197304065	1.005774511	0.019750462	19.92696611	19.51293423	0.732528968	0.185632952	21.33449025	0.57553174	0.10937746	4.063518353	0.005673036	0.198613093	4.170182282	0.203065942	0.180290992	2.200825688	0.083493626	4.752855889
0.177308146	65.24362556	2.672027505	0.203987332	63.52588699	0.467285136	0.192815746	12.8907317	0.541064017	0.117024715	38.49429313	0.275268706	0.125830994	1.014498859	0.001205304	16.31092692	12.16946029	0.326255893	0.154365717	6.294333319	0.194045806	0.104797369	1.005774511	0.002074554	0.116282785	2.73123513	0.052820882	0.199161675	12.81672141	0.226521726	4.75856953
0.143387355	47.25223999	1.381848072	0.232924993	13.9327232	0.590184888	0.188465328	62.61799748	0.895078726	0.180171133	56.45311647	1.24547604	0.183907533	1.005774511	0.011815807	16.60268676	10.26840231	0.316286726	0.123533729	101.5667809	0.156638721	0.178599324	1.011582367	0.022990739	0.167356042	2.337987638	0.094671622	0.133531609	4.638917021	0.043730548	4.758721888
0.155533715	53.12033871	1.766582984	0.241152258	10.59879065	0.559591286	0.132986328	7.103344304	0.154609238	0.184606308	33.62262818	1.117779133	0.177059048	1.03813555	0.022583229	19.90320483	9.919713402	0.469118449	0.145349557	27.17118173	0.254072231	0.182330065	1.961431489	0.033745633	0.191659897	9.80613515	0.35079077	0.156063862	1.047140607	0.037262825	4.766135777
0.179705425	59.54692074	2.531724125	0.211841501	3.418876955	0.177838244	0.123857961	3.869429263	0.096957312	0.12112843	9.834407211	0.210617627	0.126600022	9.80613515	0.00782193	19.54704563	18.68821802	0.674773073	0.171306449	176.5272286	0.555238915	0.184064008	1.938973586	0.034592797	0.194542011	11.22697009	0.392752789	0.194061487	2.150716395	0.096980071	4.779296883
0.122917781	34.02724529	0.825143676	0.209195784	210.4169737	0.546188241	0.196010588	26.40008963	0.826175739	0.179422337	14.80105162	0.623104361	0.17594369	1.014498859	0.003875567	17.47085404	26.02278889	0.526971424	0.198348432	32.9518248	0.835429031	0.169794141	1.014498859	0.001025678	0.192632634	16.94561224	0.44870993	0.198256951	3.880585212	0.149326638	4.785950286
0.160811831	79.6774477	2.411244215	0.23704489	5.908032296	0.343717515	0.179539584	11.62161052	0.426157372	0.149223732	6.348931994	0.226003637	0.182050456	1.841052896	0.028428971	18.09448587	8.418433931	0.343882852	0.179284407	36.8673278	0.576217873	0.194375248	3.993929091	0.050054075	0.194243374	7.103344304	0.302699471	0.199809159	1.674194657	0.082065668	4.790471648
0.157215646	106.6133327	2.610795346	0.135388459	1.002883099	0.001555841	0.154077596	13.34385519	0.293927216	0.136790948	30.13837136	0.425398601	0.177426405	1.005774511	0.008656655	19.97008054	45.2286738	1.006101549	0.136964311	7.416816844	0.155046924	0.176943922	8.156012251	0.035117461	0.181750217	3.073419946	0.136056744	0.194127299	3.091167443	0.12346555	4.796121887
0.15797346	73.55572543	2.228635657	0.165354755	4.316768806	0.1178258	0.132255459	2.94352153	0.089458666	0.194634752	42.08778197	1.450944355	0.178576585	1.014498859	0.006576133	19.19618486	9.230841849	0.415334281	0.180047701	6.842405407	0.285961792	0.143819983	1.008674259	0.006517931	0.161540522	4.27964605	0.144040145	0.159229319	1.738040991	0.05414036	4.79943512
0.144790524	43.49742102	1.342871975	0.236360762	17.09260286	0.673453737	0.189978254	27.24951894	0.749128519	0.186923747	24.77984153	0.975050545	0.196087587	1.002883099	0.004290486	15.19674194	12.81672141	0.270417709	0.175795039	205.0349785	0.630110208	0.186437097	1.011582367	0.006315147	0.140562715	16.32312103	0.145001422	0.108172774	1.540092787	0.018767641	4.815407389
0.133975908	247.5142778	1.890008363	0.249151042	184.3174238	1.382244501	0.162226402	38.38362932	0.450054966	0.147137243	14.63158326	0.40360231	0.190042287	1.011582367	0.023933257	13.38223999	3.684610606	0.107098457	0.17784274	5.250250742	0.22483713	0.190596191	1.011582367	0.014427219	0.166920372	9.098917922	0.224358727	0.180971697	2.952007995	0.099868021	4.820432952
0.164197672	57.37725995	2.088817652	0.18083979	7.395494898	0.189004183	0.181120528	71.07435518	0.764194248	0.138428335	11.89238108	0.313900783	0.144240637	1.011582367	0.009096812	16.66793851	16.89689681	0.397126959	0.187805326	30.31240572	0.660342028	0.187422888	1.008674259	0.024840243	0.167091724	15.18956674	0.264005	0.190126665	2.819113285	0.1112212	4.822549108
0.138378703	200.3747906	2.01581674	0.210003675	4.329214479	0.214354937	0.139094587	3.379731664	0.108315336	0.19278011	48.18598379	1.500018472	0.157360596	1.32596064	0.015424872	16.1690349	4.970775007	0.187153827	0.181351043	13.53732587	0.440604342	0.197769967	1.071537815	0.037154228	0.181750087	4.075233879	0.175409238	0.187259077	5.057384597	0.138956329	4.833208321
0.169383673	52.9688902	2.087326391	0.174367308	2.018720852	0.083462469	0.198012958	41.24809073	0.982180906	0.151727472	46.68391738	0.651305299	0.177789514	2.692201283	0.02766568	17.37147777	13.49840861	0.408239351	0.192074981	7.481152231	0.343543358	0.16894328	1.011582367	0.016621929	0.16189461	8.109185671	0.196315579	0.156543078	1.198863374	0.041283326	4.837944289
0.153498176	31.59277573	1.157067715	0.229210205	32.48088897	0.723682701	0.1941698	68.85880632	1.026039814	0.18681997	27.80423995	1.045057088	0.181323778	1.014498859	0.016698636	18.35414127	25.87338276	0.625956846	0.109844309	2.434145793	0.054394202	0.198173659	1.005774511	0.015965429	0.065257995	2.811008867	0.014553842	0.197829242	4.899734448	0.164363752	4.843780024
0.15249754	118.4922938	2.461543322	0.240855539	9.204304925	0.507886211	0.196611844	53.44806452	1.023882456	0.12451424	48.88462557	0.342886799	0.168270354	1.011582367	0.004959307	9.91842218	2.05389456	0.042249004	0.153555654	62.97958578	0.339765032	0.152952288	3.18145406	0.018048739	0.140553022	3.814128748	0.096626292	0.110303802	1.002883099	0.009020054	4.846867216
0.176332597	83.64014265	3.121773182	0.13331556	1.505027329	0.040429981	0.177004784	15.27727905	0.471723126	0.094975711	25.57713896	0.144406067	0.174700741	1.002883099	0.017366186	16.79146194	16.94561224	0.404679982	0.199315172	8.840699352	0.421243065	0.184264983	1.005774511	0.023252662	0.16785669	3.559490572	0.136563534	0.156443901	5.691002773	0.076173057	4.857610842
0.1803301	42.75862562	1.880841873	0.206211209	6.028302662	0.260720148	0.180987034	12.45299514	0.453915065	0.197424745	35.82106837	1.394571896	0.197447464	1.011582367	0.021247451	17.02900649	12.85367329	0.37972116	0.153407298	5.450471945	0.176202673	0.143643176	1.002883099	0.008773525	0.163519248	8.968879405	0.210719063	0.170460588	2.095705883	0.071019791	4.857732644
0.164459711	48.48217082	1.847572928	0.247220303	79.06321923	1.260541423	0.17503329	4.665704498	0.198589228	0.162525024	20.61002505	0.620960384	0.15039303	1.011582367	0.00985424	17.3776291	366.7677135	0.667199009	0.123985943	6.783563027	0.11566253	0.148391742	1.014498859	0.009298929	0.144623791	4.928028018	0.116594776	0.121810098	1.008674259	0.013676073	4.85994952
0.153004194	45.27130083	1.535757407	0.217301947	58.26950924	0.624128917	0.159581342	3.814128748	0.146394366	0.184709795	25.65088039	0.970273108	0.10974454	1.011582367	0.004305078	9.721425487	3.218302827	0.051991208	0.198422491	157.3255287	1.064851228	0.198676816	12.41719513	0.059895945	0.17459532	14.63158326	0.301744014	0.198292407	2.156917124	0.101278321	4.860619592
0.173073869	57.70583483	2.322953511	0.207498723	111.6894116	0.511265458	0.189366791	7.811297539	0.356246991	0.198560456	19.51293423	0.931771359	0.118284183	1.513718125	0.00591345	6.41129414	1.303253072	0.01568426	0.195613811	10.12164994	0.450261172	0.149345242	1.002883099	0.005397428	0.185411357	3.580044889	0.161532803	0.18104479	3.154094628	0.103901795	4.864928226
0.18692544	66.37092303	2.964103584	0.173988198	14.0940971	0.194453424	0.112767963	18.95917585	0.122601687	0.079016788	5.115961079	0.064397407	0.18630247	1.589645647	0.03003789	15.84920766	18.74209801	0.345432796	0.194050389	40.07750945	0.808110835	0.194237266	1.002883099	0.033951373	0.183342092	4.158193797	0.18130674	0.193760743	3.246219218	0.126427409	4.870823144
0.180409645	49.88634382	2.181920472	0.205489545	86.19535665	0.482133512	0.110603068	12.74313603	0.110260779	0.162654935	18.79613333	0.592627629	0.157824417	3.792230473	0.017297555	19.44137198	73.36118985	0.990157915	0.134949208	18.63449293	0.188969921	0.170225175	13.81290647	0.029769831	0.182413447	5.773515819	0.229761484	0.172245609	1.226795553	0.050069298	4.872968395
0.135555606	61.79862496	1.383670637	0.179676209	20.9088469	0.232555474	0.165950215	19.91016085	0.423417011	0.195912372	34.80450078	1.349380392	0.196094883	6.028302662	0.045343696	16.26151516	18.74209801	0.373802665	0.184292292	121.065599	0.751303423	0.174232272	1.292045535	0.025679207	0.190307952	3.880585212	0.179952115	0.168826775	11.38974835	0.114631691	4.879736312
0.157400277	75.25514165	2.230406599	0.203276917	4.625581012	0.210871764	0.193078032	6.534371185	0.308961427	0.177569102	18.05361352	0.707962512	0.190719453	1.002883099	0.00277021	8.582266505	3.190626508	0.040078733	0.199449915	94.24179749	1.056668127	0.172396311	1.014498859	0.011517977	0.175648986	4.706176025	0.183160877	0.19131099	3.590366513	0.128317207	4.880715433
0.120727268	22.62102354	0.607547455	0.201636599	9.098917922	0.296359626	0.188134788	35.61540682	0.776155031	0.198207003	36.02791752	1.424519601	0.098071937	1.008674259	0.00259472	19.12795294	53.75670094	0.872193544	0.193613465	48.88462557	0.842630175	0.184040568	1.513718125	0.032579396	0.093969167	1.002883099	0.004652863	0.112118308	7.35303472	0.026103053	4.885335464
0.146945623	36.23313831	1.211853868	0.230723031	51.48466835	0.812574389	0.180145375	17.94996127	0.532944772	0.188664975	47.77160057	1.384034653	0.160515541	1.005774511	0.007636546	16.85271425	8.614574049	0.298673637	0.176475059	8.491457603	0.316766175	0.149078967	1.014498859	0.007061366	0.167808432	6.478177796	0.198211881	0.192080003	3.274377763	0.123735494	4.893492782
0.145413063	281.4482405	2.532601788	0.243353333	93.16275234	1.173199966	0.160489939	8.589808778	0.271740581	0.103449954	16.27619514	0.167522842	0.17830289	4.746998612	0.029235633	9.806295707	2.778823515	0.049422621	0.164105757	6.862132741	0.236005844	0.155047601	1.011582367	0.006989169	0.187294082	10.50764463	0.340726156	0.169223475	5.34172985	0.099548222	4.906992823
0.150807708	110.0147964	2.31969063	0.208483578	7.744123014	0.306342479	0.179373195	6.667391991	0.285950865	0.162594109	38.38362932	0.790748804	0.181463704	1.01742376	0.019672385	16.92629546	16.22940416	0.407011073	0.175046715	66.90465939	0.569638624	0.11406937	1.011582367	0.002225877	0.142786259	2.6233408	0.080596655	0.185282652	4.430080346	0.128190626	4.910068018
0.139137232	143.0630853	1.938615198	0.249047469	37.40186198	1.10706952	0.137551306	33.52596948	0.24665658	0.144353142	13.69412014	0.374510564	0.156492566	1.978445453	0.016082712	17.55555277	12.96516937	0.415189535	0.19937476	12.27502133	0.5346901	0.182761456	3.25557839	0.037153014	0.158707072	2.94352153	0.107274573	0.187405809	4.665704498	0.135143513	4.912385309
0.157105861	110.9611592	2.639123429	0.156365721	2.291342563	0.074001511	0.170043496	49.0255648	0.570012825	0.149166845	10.03460716	0.331186756	0.198434283	1.005774511	0.00224873	19.99034078	83.02900003	1.142225088	0.116148479	1.728062277	0.045968655	0.100249985	1.008674259	0.003386645	0.12922811	1.161492083	0.035228732	0.188012333	1.548986069	0.070225861	4.913608232
0.173433758	47.65871039	1.985514824	0.244990992	8.689299091	0.504218303	0.158889465	54.37933076	0.441007434	0.152581618	53.75670094	0.681763121	0.12529613	1.011582367	0.001533431	16.23973737	24.4961185	0.400810767	0.185926568	31.65010053	0.651416732	0.16071956	1.005774511	0.010525419	0.179348574	2.827241068	0.123530382	0.184838674	3.66345594	0.118318175	4.918638589
0.143832226	127.2591893	2.088935598	0.242662685	18.26271709	0.770982579	0.196112193	13.04003688	0.565277587	0.120882864	9.891196101	0.209433879	0.184421254	3.135985844	0.03289376	18.91581972	10.81455123	0.451508197	0.195683702	13.73360164	0.552137063	0.153033943	1.014498859	0.009295768	0.171931907	3.738033256	0.148540508	0.18746845	2.311218261	0.094866502	4.923871442
0.166541556	53.73047536	2.047975288	0.208378934	6.186540523	0.269070559	0.194441833	10.06353793	0.461017088	0.188997447	28.61634437	1.097576908	0.119829833	1.557930706	0.006123036	19.12931467	10.12164994	0.440995161	0.174724195	7.227111269	0.28013663	0.183535105	1.014498859	0.00397502	0.156849307	7.268844301	0.170040189	0.199648138	3.66345594	0.147287911	4.92419779
0.178338651	52.66728731	2.257858227	0.234040386	11.99553867	0.55378345	0.166980441	4.304358912	0.173813238	0.179096482	16.89689681	0.687880646	0.1775158	1.008674259	0.020270704	17.99450736	68.2666438	0.706474314	0.131529609	20.37404539	0.173656953	0.197107034	1.008674259	0.029213521	0.176839624	8.22675961	0.257284166	0.190645069	1.518082325	0.070310256	4.930545475
0.140603316	191.9745482	2.10859713	0.222548352	25.57713896	0.610185536	0.076782254	1.314557826	0.020948659	0.168663905	54.22300047	0.974016516	0.143049255	1.011582367	0.005369552	16.86059792	5.497750747	0.217579458	0.170856181	30.39979939	0.462286003	0.126106263	1.002883099	0.005269618	0.182783219	9.80613515	0.306023148	0.198975316	11.92666799	0.221062655	4.931338276
0.154120141	129.8281549	2.611961478	0.227238001	4.455661893	0.249792677	0.132654874	13.77319698	0.188488841	0.169431191	47.36078092	0.967776379	0.152746468	1.002883099	0.001401206	17.26877121	81.60709756	0.603020997	0.144985301	2.994808743	0.101670997	0.170128071	15.14589961	0.029606868	0.1752016	2.676744394	0.113963843	0.159124183	2.512465026	0.064262258	4.931945545
0.10172867	133.5883246	0.75258373	0.238084838	8.062627939	0.448508607	0.184405544	51.04191756	0.779283532	0.197892569	59.79903471	1.774610446	0.196925833	1.683862312	0.038492179	14.3508292	7.567801678	0.187320009	0.197169622	19.28951598	0.667979782	0.196163218	1.011582367	0.024016325	0.170159494	11.38974835	0.258728217	0.093502626	1.002883099	0.001235713	4.932758539
0.145033733	101.8526025	2.029634671	0.222500823	5.220107177	0.278902057	0.180880752	44.71081673	0.709154988	0.179139171	19.68219446	0.764521197	0.181289888	3.209050815	0.030566616	19.85482049	8.132565258	0.393906346	0.194569054	7.524352225	0.353235753	0.197622835	1.112401499	0.037923202	0.168937466	10.29800713	0.246024865	0.176317736	2.851765288	0.091492216	4.935361911
0.161023648	58.36864018	2.025278155	0.236466145	100.9836497	0.995709608	0.144126381	29.79329451	0.286708722	0.141203031	15.76882923	0.379181808	0.192673277	2.600780953	0.038147641	18.57700725	47.63426626	0.756421238	0.127597018	8.109185671	0.131135734	0.175832194	1.364689212	0.027044989	0.151085136	9.310912558	0.165476742	0.197172762	3.82512526	0.144894268	4.949998906
0.132841954	39.92681373	1.061470142	0.24842267	189.7009551	1.382774449	0.160219155	43.19255075	0.445285309	0.181100399	26.93751873	0.948106364	0.147752911	1.008674259	0.007820336	17.99572582	5.806855048	0.252457457	0.162406777	13.9327232	0.31715812	0.194578814	1.492084601	0.040257543	0.17585174	9.693857341	0.272845945	0.198697927	15.4542261	0.230735371	4.958911037
0.18894087	62.68716379	2.862569893	0.164155656	5.057384597	0.122586212	0.180291173	30.31240572	0.643376045	0.129991062	5.388065396	0.162428883	0.190187991	1.014498859	0.022979447	17.41050644	6.881916951	0.27515698	0.17183605	42.69800679	0.501188581	0.191737008	1.011582367	0.021370269	0.195014985	8.322044956	0.338103844	0.162992732	1.002883099	0.012539855	4.962300009
0.143988316	274.3082577	2.453931958	0.211681461	7.589620402	0.316361942	0.17191079	51.18907648	0.5877237	0.146895224	21.45768649	0.477695706	0.188200684	1.01742376	0.007740104	18.46715892	12.77987575	0.471732658	0.160839352	28.86456994	0.370211994	0.168734707	1.005774511	0.011972385	0.162071814	3.9824473	0.137977449	0.189378297	3.814128748	0.130042415	4.965390311
0.156846615	230.4629999	3.198352774	0.23900187	9.500455676	0.509798157	0.123198238	16.464712	0.157757014	0.148345375	8.467046268	0.28873906	0.167584026	1.763240603	0.02039166	12.8928149	4.956484969	0.117662976	0.179829295	9.693857341	0.359599358	0.115565543	1.008674259	0.002401529	0.164462921	7.247947748	0.197468365	0.19344019	2.960518927	0.119453727	4.971624621
0.171657744	57.70583483	2.27394945	0.237520566	96.16028658	1.036846551	0.146117047	12.06480703	0.243640436	0.122095104	34.20846078	0.30646419	0.156847815	1.002883099	0.004480611	17.30870244	54.06711959	0.588972196	0.1613848	8.639410721	0.256034429	0.168944447	1.388467229	0.023528168	0.149212503	12.70650192	0.170067976	0.160827304	3.321852504	0.073211318	4.977195326
0.146260318	68.6842878	1.772636628	0.158284141	20.43278578	0.140548602	0.139512175	10.38733471	0.203884816	0.194153155	31.19776848	1.231457289	0.19195651	3.66345594	0.03912099	19.83256798	42.33081832	0.965528769	0.175449118	4.843633707	0.204973978	0.186219303	4.546366219	0.041551425	0.178106107	16.75158919	0.336762821	0.158944625	1.857022665	0.055893872	4.99235919
0.155688856	123.3245593	2.638499501	0.206058683	19.68219446	0.411881015	0.186071196	11.42258612	0.456908919	0.189796693	13.65475213	0.631681689	0.14718959	1.008674259	0.002351314	17.12333683	5.235157264	0.214448104	0.151630279	4.379357028	0.148552883	0.189697992	1.014498859	0.00662821	0.188129848	9.391677821	0.32817841	0.199089979	4.494311456	0.161098784	5.000228827
0.186532874	48.75980735	2.225874021	0.179428181	61.36870893	0.255148504	0.197267418	14.84372452	0.621505167	0.197217471	27.24951894	1.175251431	0.185149128	1.014498859	0.025413175	13.79129374	4.692646659	0.132434423	0.151935385	9.919713402	0.23127006	0.1787562	1.014498859	0.012238237	0.170615605	5.295792775	0.185475865	0.184101305	7.901770851	0.150214325	5.014825209
0.189144539	64.50275128	2.953061774	0.190427045	4.706176025	0.181314663	0.127307624	11.48854597	0.160237391	0.191622158	19.01383704	0.858765971	0.166122998	1.01742376	0.010944383	15.27324851	5.497750747	0.181192999	0.15885892	28.94778936	0.354003201	0.163222962	1.011582367	0.007165146	0.187511713	8.346038237	0.303125402	0.152718477	1.005774511	0.011795441	5.02160637
0.161563876	73.3460147	2.351016065	0.245341445	52.83609747	1.12115768	0.147146453	89.48246402	0.340554589	0.127555314	12.16946029	0.261119977	0.19970415	1.011582367	0.01395713	8.405029267	1.269918775	0.022963506	0.168682252	26.78286081	0.436532631	0.177859968	1.01742376	0.014786924	0.194005381	7.788841536	0.321644123	0.19797533	4.063518353	0.152038035	5.035770659
0.176004334	63.22640757	2.568695689	0.23446235	31.74135091	0.79805408	0.150068247	5.190136677	0.17098148	0.138279396	26.86007845	0.426135753	0.184853182	1.209262625	0.027546364	17.70629121	19.91016085	0.508337497	0.192947178	7.374234249	0.34193498	0.190689515	1.171567166	0.034005787	0.144372932	9.976994894	0.145960358	0.109453421	1.005774511	0.015406784	5.037058773
0.139839091	167.8670462	2.052935738	0.239762868	10.87699997	0.56462917	0.188039177	10.41728243	0.440041142	0.194965612	26.70586515	1.130796821	0.185053689	2.692201283	0.032475661	17.1254753	4.255075073	0.176568754	0.194063526	9.098917922	0.410354973	0.118356174	1.008674259	0.001941798	0.167498233	7.310818321	0.209097071	0.115597463	3.18145406	0.026383418	5.045224544
0.167239457	147.2065739	3.513864792	0.22430915	6.115706172	0.319872397	0.154631562	21.70621728	0.345305395	0.120574407	4.956484969	0.135263549	0.187831239	1.005774511	0.006953301	9.606703433	1.376526879	0.029427511	0.154255475	17.04346486	0.286055569	0.187187624	1.002883099	0.011650298	0.170872183	10.00575956	0.251195906	0.184716683	6.921656654	0.145756127	5.045344845
0.155135035	32.78742334	1.211362109	0.238189676	30.39979939	0.866214498	0.199453335	37.9441463	0.980699781	0.194957461	19.51293423	0.899574751	0.162707135	1.005774511	0.015892714	19.52188681	27.24951894	0.79265864	0.171022543	4.442852708	0.182537254	0.17937285	1.005774511	0.007146178	0.148696293	2.661376248	0.088036491	0.091446625	1.005774511	0.001432325	5.04555474
0.181675331	71.89468553	3.009837915	0.184222638	16.5121814	0.252366509	0.160847845	18.21021523	0.375962571	0.153939623	47.08886575	0.68697748	0.13225183	1.008674259	0.001056038	16.0836744	14.71607349	0.334818867	0.165277636	3.727287117	0.148838614	0.185876798	2.661376248	0.038555839	0.154626829	6.045682857	0.153481752	0.142325225	2.519708712	0.046063141	5.047958726
0.14920722	79.90526124	1.980386354	0.228271554	11.16251204	0.49280207	0.199715471	26.93751873	0.875300771	0.1505196	24.14602864	0.531655223	0.174401216	1.233879697	0.022240277	19.22322116	11.32435573	0.483445878	0.182190547	11.03470406	0.403791569	0.191245824	4.316768806	0.04633962	0.12752929	6.098124673	0.088592287	0.184123169	6.115706172	0.139546281	5.064100331
0.156408869	116.8127633	2.65638028	0.23228058	5.707410499	0.322679024	0.127975064	5.34172985	0.124178254	0.173693181	28.37025346	0.868999683	0.194390963	8.789941739	0.044707099	19.12244748	41.24809073	0.819631948	0.154001747	2.794869861	0.103153153	0.141389529	1.005774511	0.0013218	0.139326039	2.059816141	0.065066278	0.16280181	2.018720852	0.062341365	5.068458885
0.166458845	49.31985922	1.911882112	0.206217012	95.33334053	0.498758319	0.157554268	7.589620402	0.241601983	0.161012247	38.605276	0.758589031	0.177849982	1.01742376	0.013542128	19.72368206	55.167769	1.005767616	0.161964943	8.639410721	0.259812967	0.163314322	1.014498859	0.015550664	0.16111775	7.589620402	0.189321967	0.195512185	6.367236595	0.175054956	5.069881743
0.162264812	99.55256078	2.777330939	0.185647614	4.546366219	0.166239136	0.189753075	35.00547975	0.809259018	0.148386402	14.54757811	0.411841971	0.133905719	1.014498859	0.005353567	16.31064668	7.655454731	0.25706341	0.154348618	60.49164905	0.344404065	0.177397457	1.002883099	0.018597768	0.143129818	14.17548362	0.150444631	0.191743386	3.580044889	0.12992132	5.070455824
0.177889273	61.97531942	2.575210233	0.23821466	56.29082444	0.966283045	0.160410724	75.07042373	0.472094171	0.100471749	4.956484969	0.099288008	0.169031344	1.008674259	0.016044331	15.66674442	79.74903404	0.403959974	0.15496694	20.78880174	0.301884607	0.130494096	1.002883099	0.002188566	0.17308644	5.326373387	0.192326435	0.157760421	1.248170944	0.043243618	5.072522988
0.187484201	70.87563768	3.14479277	0.202807454	16.464712	0.371855523	0.114866674	3.51873529	0.078929	0.112375229	3.126970477	0.080421282	0.180061391	3.163188196	0.029724495	19.77165806	6.744616169	0.327466605	0.194412231	36.02791752	0.792370274	0.089908361	1.020357094	0.001040024	0.163264904	3.936849269	0.139543495	0.173519097	5.691002773	0.111205475	5.077348942
0.14387124	127.6230484	2.093316961	0.242451026	114.2916503	1.150414232	0.184764787	11.16251204	0.444727028	0.166554758	15.76882923	0.562385181	0.145343765	1.008674259	0.001984717	15.06014405	18.58092228	0.289513757	0.139896678	13.6154973	0.199208619	0.153629854	1.202319816	0.016324544	0.178087431	10.93980932	0.294237616	0.12747577	1.303253072	0.027084455	5.079197111
0.172723958	57.21367477	2.298093569	0.240782872	97.554501	1.096569381	0.175594242	38.49429313	0.61092078	0.113785978	18.63449293	0.222720937	0.199710358	1.011582367	0.005030417	16.14461609	31.55911247	0.411436665	0.156642175	6.9017582	0.21253898	0.153504115	1.005774511	0.006840728	0.182611117	3.209050815	0.142976147	0.197076219	1.708276394	0.08201866	5.089146265
0.166884308	89.57232527	2.832031458	0.103537212	2.392460142	0.026397987	0.170980784	11.82410267	0.379152125	0.187475456	26.70586515	1.032098113	0.173822818	1.978445453	0.023959614	19.00081611	11.65511677	0.479478084	0.191450977	5.840386796	0.273355447	0.155728131	1.011582367	0.005345577	0.103301461	2.232735149	0.037253525	0.096367524	3.600717897	0.015857987	5.104929917
0.152875082	108.1462161	2.421237273	0.21202638	15.18956674	0.432720481	0.169498742	23.12549421	0.48126893	0.15530729	62.97958578	0.757085964	0.167497646	1.011582367	0.017315447	17.79526916	13.53732587	0.436383842	0.156562509	20.49169553	0.312381147	0.173557291	1.262627717	0.025126497	0.159182414	5.891047821	0.163150166	0.167329452	1.748077328	0.060938051	5.107607798
0.151616447	101.2726576	2.294262772	0.245980801	13.11533671	0.674680323	0.198155651	58.94440805	1.071384224	0.132979294	53.44806452	0.42730053	0.188096079	2.324564416	0.03407141	16.79627709	14.71607349	0.386286263	0.128646593	2.351488373	0.069397238	0.146073779	1.08707389	0.013538049	0.154226847	2.762869296	0.096908689	0.172371375	1.08707389	0.045072063	5.112901562
0.156681593	63.77029	2.003712524	0.208955654	5.042845572	0.236983922	0.17769256	48.46423427	0.669441322	0.174166015	24.35547754	0.807933868	0.157775176	1.011582367	0.004937725	19.38635478	11.35700497	0.492346998	0.179456099	41.24809073	0.590127715	0.198156494	5.92506574	0.055732938	0.163189661	5.72386553	0.172637645	0.18990758	1.900289221	0.084529513	5.118384172
0.183321291	46.05351093	2.062376186	0.148821041	3.66345594	0.080580447	0.19408343	90.51888272	1.053627205	0.191738505	23.05901279	0.991153354	0.184793002	1.002883099	0.017883743	18.02134089	9.721805694	0.376401648	0.123556308	8.994737574	0.123305702	0.135868391	1.011582367	0.003874046	0.191795991	8.917385864	0.33673606	0.185470068	1.743051936	0.075826046	5.121764438
0.182789991	66.5606906	2.856256877	0.211368398	23.39334216	0.47032396	0.166328001	4.028573465	0.161961886	0.149536675	5.840386796	0.208853789	0.191202542	1.014498859	0.011518987	19.43993295	55.6463085	0.933871586	0.156488826	8.540491617	0.234776251	0.151989949	7.677526167	0.018594446	0.165942676	3.227581513	0.124764061	0.173195447	5.403599724	0.109704118	5.130625959
0.14955157	99.83720119	2.194834225	0.247691488	10.20944774	0.583489343	0.18289238	17.84690413	0.557079234	0.192463001	35.10640402	1.294440672	0.192233226	1.87313096	0.035539347	12.48195661	2.007130655	0.058375977	0.100286991	52.68420368	0.080250143	0.166327612	2.16313573	0.024181779	0.140046066	13.73360164	0.13886863	0.199161957	4.733351889	0.167067265	5.134126615
0.183200304	58.36864018	2.572751469	0.221401391	4.267342877	0.23174839	0.171146394	59.79903471	0.590962166	0.191058917	33.62262818	1.234347448	0.136290308	1.005774511	0.006528277	13.132369	2.018720852	0.062206917	0.160605458	10.00575956	0.271089732	0.195616689	1.158153013	0.036845282	0.137817007	8.614574049	0.121139018	0.081694558	1.314557826	0.009122773	5.136741472
0.161863332	54.19267245	1.949278649	0.238980857	62.79853138	1.01082843	0.137112405	2.747006676	0.088641521	0.176271788	65.56984787	1.199313415	0.182015373	1.005774511	0.021860899	18.97297946	13.57635532	0.521626894	0.129998229	12.06480703	0.154880292	0.135639624	1.002883099	0.001466384	0.119040184	2.676744394	0.055237518	0.180184181	7.970312854	0.138078285	5.141212288
0.154202006	28.75206519	1.063369123	0.2473483	161.4551911	1.318931201	0.142592778	60.31774699	0.295695105	0.196644082	67.67957368	1.822732625	0.174083871	1.011582367	0.005152817	17.41533333	14.01317786	0.418074578	0.119922285	3.370015575	0.078437696	0.182461643	1.011582367	0.011017213	0.146545176	2.083673687	0.071242611	0.17249524	1.505027329	0.058820804	5.143473774
0.156247823	265.0692442	3.229366339	0.240983537	9.693857341	0.529447743	0.123270185	5.790161438	0.117795652	0.16645828	20.19883547	0.652406241	0.192065577	1.008674259	0.006577855	14.19367428	11.96105376	0.215651639	0.086341456	3.748810377	0.040014316	0.193249718	1.683862312	0.040343338	0.186386603	4.942236012	0.214631481	0.178308103	3.082280921	0.098119954	5.144354558
0.18234652	103.0224746	3.85688925	0.197603627	3.836153476	0.173416196	0.191669653	16.89689681	0.621744991	0.146554262	8.689299091	0.288012271	0.154507055	1.955792745	0.015230046	8.346945263	2.918208238	0.036393673	0.119431282	8.491457603	0.110337878	0.179683305	4.585802575	0.035623595	0.064720559	2.239172346	0.013766706	0.115680242	1.002883099	0.003511474	5.154926081
0.15812621	148.8973787	2.934868087	0.220617744	199.2162823	0.723655918	0.164564436	8.370100694	0.282777018	0.159699252	8.085873296	0.310114944	0.139955615	2.239172346	0.01075155	17.82298181	5.593542236	0.241322333	0.096041094	1.288331148	0.027441664	0.174837906	1.008674259	0.022599098	0.196694545	12.06480703	0.424231617	0.193046297	8.132565258	0.179361818	5.157124048
0.193245118	66.94185503	3.143398545	0.154109347	3.331429734	0.085574169	0.170478215	23.73251893	0.492856936	0.054286544	1.664582507	0.018335919	0.094399739	1.008674259	0.001848322	17.37780687	25.43029147	0.51577572	0.19843968	11.72241937	0.512963586	0.140862894	1.008674259	0.006438318	0.185041309	4.341696034	0.19044008	0.197059252	7.502721136	0.190259987	5.15789158
0.152731933	188.7138971	2.817015125	0.239946549	11.25933856	0.57685478	0.155478763	9.204304925	0.258487968	0.119190836	9.749834625	0.201273535	0.138861693	1.002883099	0.004934145	19.11356649	188.0695908	0.995144141	0.117206681	1.496386429	0.040509938	0.185794259	50.60297428	0.04529331	0.187722275	3.40904833	0.156297466	0.183678754	1.496386429	0.065630711	5.161441119
0.163479018	111.278419	2.946845855	0.227071176	7.185617841	0.369781768	0.173192212	29.96533621	0.552758853	0.152856665	41.48627828	0.651538414	0.197417021	1.008674259	0.01640607	15.1747897	5.042845572	0.168769766	0.17101075	3.792230473	0.157538283	0.187297014	1.005774511	0.017099359	0.193176815	4.051836506	0.191244115	0.165738484	5.434802868	0.093050444	5.165032928
0.161830064	71.6897105	2.323541839	0.174959872	7.721860125	0.171535612	0.152568899	18.74209801	0.316101444	0.192711852	49.0255648	1.502548159	0.193192209	2.441163677	0.038358716	12.36086701	2.548892902	0.071133238	0.183729033	11.19469467	0.411689216	0.192394881	1.118825073	0.034844049	0.171600293	7.164960549	0.221254078	0.194922874	1.562422375	0.074491324	5.165497675
0.149633427	191.9745482	2.610214535	0.238339436	10.50764463	0.543580145	0.199144643	12.96516937	0.586001431	0.137820575	60.31774699	0.493197309	0.198634193	1.011582367	0.030422559	19.8348315	8.917385864	0.427063235	0.14099337	34.4059979	0.234721214	0.174949717	13.11533671	0.033352516	0.126242715	3.218302827	0.068766795	0.195742071	5.101253658	0.162356297	5.189676036
0.17376214	140.2322344	3.877014918	0.16523432	38.82820258	0.174595868	0.1709969	5.042845572	0.207580926	0.135635304	8.789941739	0.251684028	0.178695618	1.01742376	0.020543068	12.85061184	1.933399404	0.058132449	0.175133299	17.89835853	0.442363122	0.168601816	1.002883099	0.006976979	0.161942326	4.65229148	0.150942691	0.099049655	1.005774511	0.002325387	5.192159435
0.176231521	58.20222852	2.409732837	0.230126479	6.496855026	0.353454703	0.146644706	11.62161052	0.244773026	0.182172912	24.6375716	0.912405264	0.195221019	3.126970477	0.042015753	19.05421893	138.6070902	0.9648307	0.113255231	1.540092787	0.039963818	0.199796136	1.248170944	0.041333836	0.13974733	8.589808778	0.125703559	0.162182352	1.851684076	0.058270293	5.19248379
0.168450893	105.7040516	3.156023755	0.238918681	10.12164994	0.531314213	0.183771334	26.86007845	0.661597022	0.189948964	13.6154973	0.631969825	0.188435415	1.352953345	0.030083174	13.84628154	2.778823515	0.090391166	0.090815699	1.171567166	0.02341455	0.187975641	2.012917412	0.037819902	0.0401779	1.002883099	0.00143009	0.122479221	2.73123513	0.030501666	5.194545362
0.182988202	64.68717737	2.801112724	0.239141169	15.27727905	0.678214896	0.10535226	2.630904152	0.056336654	0.189042032	12.27502133	0.568428851	0.167416224	1.008674259	0.013697134	16.17123076	7.833818286	0.256419177	0.183365396	52.38172485	0.669148246	0.180119874	3.399247961	0.035128628	0.126667271	1.809524181	0.050001312	0.193627789	1.420816966	0.067352434	5.195840056
0.18853024	85.32857591	3.664368196	0.172268819	2.819113285	0.104369456	0.136742054	5.707410499	0.149654461	0.163066528	18.1578643	0.58578134	0.186797103	1.984149508	0.032075659	17.68319591	7.856403961	0.311815743	0.142491776	9.230841849	0.186416913	0.163810929	1.005774511	0.006281757	0.154611465	6.222264768	0.153798459	0.077620235	1.008674259	0.00182424	5.196386224
0.168522392	69.47319092	2.502239004	0.201959544	12.16946029	0.334311622	0.140253952	36.02791752	0.267142695	0.157922748	76.81948085	0.822378305	0.117324256	1.008674259	0.004375795	18.64870481	19.01383704	0.587612531	0.1329561	30.57534336	0.190881562	0.16316412	1.008674259	0.00555602	0.187928508	14.92943976	0.39576844	0.193014921	1.995607	0.090692772	5.200958745
0.149897702	172.2364657	2.599426027	0.195535954	15.95146959	0.313354537	0.188774666	46.01672735	0.844383577	0.195037769	16.55978766	0.783262083	0.092188655	1.008674259	0.00197813	12.23029532	4.546366219	0.100379301	0.157068956	4.098766361	0.149579722	0.162712317	2.132220959	0.02202305	0.192679848	11.62161052	0.386665974	0.131607458	1.002883099	0.002559287	5.203611688
0.1507774	71.07828511	1.948468355	0.218486729	7.744123014	0.352279357	0.166885364	20.08286674	0.434278839	0.198878899	27.88440233	1.222623444	0.197295674	2.490858674	0.042297408	16.09140627	9.582865085	0.280119065	0.171569075	120.3705182	0.558329368	0.167128697	1.916772821	0.02419066	0.171848974	14.97248282	0.28798456	0.171680726	1.416732386	0.055945509	5.206516563
0.124133102	53.42453603	1.045054602	0.24840238	9.749834625	0.56840264	0.183879451	34.4059979	0.711192556	0.186293361	46.41588834	1.321095531	0.185254386	6.9017582	0.035311826	19.81732035	15.81429233	0.640625443	0.164316584	9.364678523	0.280019206	0.17166325	1.01742376	0.002497326	0.199394588	14.58952022	0.482724346	0.188986652	3.590366513	0.124109331	5.211032807
0.183017161	61.79862496	2.691956661	0.233606258	11.0665182	0.52602697	0.103964651	14.58952022	0.093743365	0.156081664	7.082923532	0.265289557	0.143758551	1.014498859	0.001077846	11.53677894	2.754926569	0.06675662	0.197397242	202.1046911	1.077273313	0.108998673	2.059816141	0.005538773	0.191518243	12.56101564	0.397256997	0.160652635	7.524352225	0.089253823	5.214173924
0.168200286	133.5883246	3.452268039	0.163618549	4.170182282	0.112000216	0.195836955	7.206334691	0.346525223	0.111786076	3.70588743	0.094383143	0.167511921	1.011582367	0.011511773	19.07687201	11.19469467	0.470208929	0.197677883	15.5434667	0.6048698	0.199663184	1.014498859	0.016835713	0.103868986	1.005774511	0.02320667	0.16404692	11.58820059	0.101881967	5.233691471
0.167831293	62.68716379	2.326830634	0.2387834	12.48889836	0.602530622	0.194506227	24.07661337	0.765166505	0.189258254	14.13473178	0.651887373	0.170927511	1.01742376	0.014127325	19.15202554	11.16251204	0.474721172	0.171156809	4.746998612	0.194509952	0.142552034	1.005774511	0.010497667	0.138482978	13.45960324	0.132860616	0.153743147	3.038230052	0.062087594	5.23521946
0.197771084	65.80486038	3.190438137	0.241232432	5.481945754	0.327546818	0.161833764	9.500455676	0.292377565	0.166742069	11.96105376	0.463949404	0.196031877	4.885648638	0.044356271	16.46556161	5.115961079	0.197630982	0.182133215	5.326373387	0.235597466	0.174048012	1.174944911	0.025182337	0.193137716	6.222264768	0.273225562	0.196442694	10.00575956	0.205049431	5.255353973
0.156824237	53.88410139	1.814716804	0.228050657	44.45411596	0.753241532	0.185139113	20.6694458	0.617404489	0.160764383	12.52490509	0.4475867	0.198736658	1.688717054	0.039320777	19.22389191	95.88384394	0.970932225	0.172026189	16.37018221	0.404260721	0.164753265	1.900289221	0.022868481	0.124889131	4.533296276	0.076294947	0.169499905	9.391677821	0.111953776	5.258580451
0.182738845	83.40168078	3.377072216	0.210162797	3.18145406	0.164432228	0.173025114	6.803120713	0.27364371	0.107643502	34.20846078	0.213014217	0.196211178	1.566926993	0.036623932	16.65036926	51.33665966	0.492795105	0.199741455	9.391677821	0.443363904	0.196610916	6.312480507	0.054071157	0.135895398	2.600780953	0.072546487	0.185865513	4.585802575	0.132560546	5.260123503
0.178496106	79.45028366	3.101030675	0.248166154	7.481152231	0.455345963	0.137905298	26.70586515	0.242818301	0.143650285	77.48583289	0.586805909	0.148216914	1.509366472	0.01275249	18.29370931	6.842405407	0.298797363	0.160795656	3.478446646	0.134605819	0.193800405	1.008674259	0.004650936	0.171072351	7.924552441	0.228524925	0.19449533	10.03460716	0.197608383	5.262940763
0.141079859	126.5345802	1.963880029	0.249662413	103.0393833	1.332019916	0.11006912	1.819973298	0.045563482	0.183449703	15.18956674	0.660455148	0.090741635	1.020357094	0.001900102	19.82582658	18.58092228	0.705091906	0.159725637	404.4843524	0.425213922	0.106965643	1.014498859	0.001170013	0.170738501	2.876502237	0.118192048	0.085915507	2.278187147	0.011213727	5.264700293
0.157130585	183.9264663	3.060334226	0.185901595	3.209050815	0.134025782	0.184181985	27.56513286	0.666669782	0.160963341	7.611502031	0.294976844	0.198762588	2.926621722	0.044789006	19.12272892	10.72154973	0.459601676	0.199330377	7.042257938	0.343543672	0.19211299	3.126970477	0.044893181	0.164318693	5.220107177	0.167527899	0.171799531	1.48779514	0.058003971	5.274366038
0.129895385	119.8532884	1.516147914	0.154497115	1.050159617	0.038931551	0.195798561	73.57269745	1.061263964	0.198805517	42.82110938	1.557393458	0.188133714	1.014498859	0.015092733	14.32950338	16.27619514	0.239120291	0.182430026	19.06865582	0.514583709	0.191423966	1.002883099	0.021095163	0.185862641	6.783563027	0.265794113	0.166969064	1.693585793	0.059458735	5.288881631
0.173493248	103.9086884	3.395043989	0.216250685	5.115961079	0.258909115	0.192570991	10.38733471	0.461923675	0.141152217	23.39334216	0.434568861	0.197744353	1.01742376	0.011615673	15.76741616	22.0844212	0.35402679	0.154626244	6.330680015	0.195194594	0.171252402	1.005774511	0.016616961	0.141376753	16.22940416	0.148498168	0.093744514	11.58820059	0.015676519	5.292074345
0.187591908	52.9688902	2.425868154	0.239374243	15.01564998	0.666902794	0.182617957	17.3404261	0.549004043	0.157099803	11.52166859	0.403475867	0.119156168	1.002883099	0.001552925	14.70432656	19.62561188	0.27007296	0.189403327	71.69087251	0.799552512	0.180516561	1.011582367	0.01836046	0.162187975	3.100079585	0.115724888	0.151252534	1.773422454	0.048122287	5.298636889
0.192727195	54.34762	2.565646557	0.163250977	1.933399404	0.071777976	0.188251105	11.16251204	0.46400163	0.174518018	43.94512738	1.029879598	0.194388899	1.955792745	0.037691629	17.05183553	4.913860869	0.201428866	0.166054422	20.02513229	0.382878949	0.165901691	86.94303746	0.027075929	0.194042008	13.85273046	0.432738922	0.185361887	2.284755387	0.091169378	5.304289435
0.169587797	75.90249694	2.670518327	0.228311195	28.94778936	0.700146858	0.177413829	51.18907648	0.67792392	0.153325854	19.17876798	0.510357402	0.176899094	1.01742376	0.008726767	14.83660604	5.674642216	0.174460557	0.183436835	10.26840231	0.390703856	0.164997628	1.01742376	0.009566187	0.088441523	3.858305386	0.030317614	0.185768906	4.942236012	0.135810467	5.308531954
0.156713039	405.6146672	3.501072326	0.213637686	4.829709176	0.241465178	0.075849239	3.51873529	0.033137419	0.086133148	24.4961185	0.112257889	0.136242785	1.002883099	0.001405873	19.68644156	8.062627939	0.385761767	0.176443761	22.27598718	0.48510167	0.171649167	1.01742376	0.011943766	0.196905588	13.15314953	0.440882093	0.185448629	2.534258797	0.098093531	5.311121513
0.194546799	59.54692074	2.834017374	0.227027798	4.520263906	0.253121621	0.183477585	23.66429243	0.626300761	0.153435531	50.16780576	0.694379394	0.104519347	1.026249157	0.001519325	16.30108924	4.733351889	0.182491539	0.12031611	5.220107177	0.09704358	0.197262739	1.011582367	0.027104894	0.198778337	17.14188253	0.508680444	0.170339193	4.520263906	0.09724439	5.321903321
0.193470496	70.47207443	3.298173105	0.238263199	15.58828005	0.666135076	0.143201932	4.391983149	0.139764258	0.092065346	6.028302662	0.093704409	0.199137565	1.372569625	0.037702076	18.26524921	18.31537031	0.545174431	0.153455407	88.96871323	0.347834827	0.183865445	1.927841246	0.034420576	0.166406039	4.391983149	0.155207991	0.130210318	1.002883099	0.011561691	5.329678439
0.153612515	79.6774477	2.147697026	0.221026836	26.47620371	0.58767096	0.187060783	34.4059979	0.751305139	0.19648407	21.89450262	0.997987502	0.199748414	1.011582367	0.004424951	14.49811885	5.840386796	0.167751418	0.163621631	13.97289262	0.328303265	0.198391904	3.559490572	0.053239518	0.181914838	10.90835944	0.314306835	0.099541138	1.008674259	0.003831236	5.35651785
0.162555934	91.11998077	2.677296815	0.188372937	4.871603322	0.179637108	0.193711045	29.45216869	0.825281629	0.086413181	11.09842407	0.099562807	0.192981016	1.005774511	0.007147258	19.79453038	22.92662276	0.770121655	0.193361208	17.54126927	0.602955456	0.176275838	1.372569625	0.027168694	0.150469024	8.764672318	0.161161169	0.097312754	1.002883099	0.007194303	5.357526893
0.137896708	212.1496492	2.033098337	0.236265113	15.01564998	0.639170671	0.142585598	45.48984726	0.287581349	0.198387533	30.48744503	1.294467272	0.192100092	1.011582367	0.004224398	17.81722593	30.05172925	0.5806811	0.139805342	6.961625835	0.159000831	0.186488802	1.011582367	0.013154712	0.175410679	4.075233879	0.164828975	0.196035503	8.394232525	0.192138671	5.368346318
0.14981476	94.29597627	2.162380706	0.235335991	7.924552441	0.432793761	0.098195007	28.61634437	0.084702582	0.19341837	56.45311647	1.612177266	0.171382452	5.235157264	0.024946887	16.20652643	4.815824676	0.183130758	0.163485105	32.01668359	0.396242714	0.184254277	1.005774511	0.003064298	0.189905073	17.59184249	0.431552351	0.127977752	6.422467651	0.039089072	5.370080395
0.156538881	237.1378231	3.174634393	0.192103904	5.160338248	0.19516936	0.18199722	17.24086852	0.536965083	0.178526876	24.77984153	0.874863738	0.168172651	1.008674259	0.010847624	17.27116125	5.057384597	0.210192209	0.12329477	2.385582271	0.065721403	0.188171323	1.002883099	0.0060902	0.191036685	4.218482862	0.195386781	0.181816069	3.190626508	0.105282068	5.375152859
0.174083235	50.31547315	2.093037039	0.241491494	8.589808778	0.483892902	0.174508627	25.94797829	0.546037834	0.178832699	16.37018221	0.670582355	0.195375218	1.014498859	0.023240223	18.4600608	15.36549787	0.518392955	0.184163174	245.8089261	0.77261037	0.199615346	1.640792882	0.045130026	0.171890643	3.145027202	0.129137433	0.177799285	2.935059463	0.094681276	5.376742413
0.159860627	133.97028	2.955171978	0.238287302	14.58952022	0.646022667	0.148560415	4.65229148	0.155512621	0.15493363	6.572103982	0.244396181	0.183439321	1.226795553	0.026932084	19.763236	58.77495402	1.021041535	0.138795355	4.665704498	0.129184825	0.197325632	1.151503643	0.038004221	0.174255943	3.936849269	0.158412414	0.126072266	1.002883099	0.010057751	5.384736277
0.170839747	38.47203419	1.593022992	0.23726233	6.629112111	0.38078934	0.159478217	17.49084144	0.361714286	0.196167003	15.5434667	0.74548232	0.198770691	1.014498859	0.014442229	18.09964726	263.3935594	0.783118108	0.198803729	30.22526328	0.814134991	0.17305906	1.008674259	0.023090626	0.194208671	17.24086852	0.465172618	0.198393414	12.45299514	0.220807563	5.401775072
0.186303775	65.057613	2.897419646	0.116940688	1.4331415	0.029592911	0.109970606	14.80105162	0.110749493	0.164826038	40.6585876	0.836560285	0.149242472	1.01742376	0.002632118	18.74587171	36.23596112	0.743117357	0.192196543	12.8907317	0.506442353	0.121898771	1.014498859	0.005206627	0.161901644	7.677526167	0.19131717	0.169920499	3.458475641	0.088189573	5.411227533
0.160606959	53.57728733	1.898795554	0.241953277	25.79900168	0.871939307	0.162125531	3.652924197	0.142824513	0.170185296	47.90933084	0.978172024	0.122679851	1.011582367	0.004993919	19.08622362	337.3898654	1.007793064	0.155805543	8.614574049	0.233574638	0.181246074	1.005774511	0.013602446	0.157548199	9.862760783	0.191410898	0.18715359	1.513718125	0.068310695	5.411417059
0.116323522	129.0889182	1.093900778	0.244275168	36.13178958	0.992940596	0.182708294	7.76645009	0.334933321	0.186391378	56.9428054	1.427996786	0.123759787	1.002883099	0.002860175	18.97416996	20.14076763	0.635671623	0.173465021	25.50360952	0.470035087	0.195375902	24.42569679	0.057264792	0.184133306	12.06480703	0.342240713	0.176882628	1.269918775	0.053798815	5.411642686
0.188783853	63.77029	2.91277137	0.206406372	3.539054265	0.176218728	0.136739607	20.6694458	0.22523062	0.178470066	45.75252887	1.129354561	0.196286001	1.598825073	0.037370697	18.3277154	13.73360164	0.480454128	0.143137231	5.642062068	0.153398922	0.199157995	6.921656654	0.057956648	0.15262962	4.546366219	0.12951766	0.16961516	10.26840231	0.114636111	5.416909445
0.161152105	41.67389383	1.581567553	0.153505689	3.082280921	0.082100125	0.178236489	9.919713402	0.380391362	0.196743075	56.61587641	1.709327364	0.183002263	1.005774511	0.0219431	19.36549966	26.55253723	0.75807	0.18089655	14.80105162	0.453181231	0.140366846	1.011582367	0.003015322	0.189702734	16.70343154	0.425881324	0.160799765	1.002883099	0.02201699	5.437494371
0.175091631	42.15255738	1.790665865	0.246872386	305.0500446	1.376548712	0.169166606	12.34590358	0.374104572	0.199865667	18.63449293	0.901848894	0.164412154	1.011582367	0.002426491	16.40805061	12.23973297	0.33330155	0.176606212	5.942148292	0.246558563	0.170440807	1.005774511	0.022007083	0.173760161	16.22940416	0.304722943	0.166875092	3.959582648	0.087060464	5.439245137
0.182851358	53.27222024	2.363405977	0.240907311	5.840386796	0.34829619	0.131305737	2.646096336	0.08097662	0.186609045	39.84741015	1.25176658	0.187036831	1.011582367	0.013170934	19.28619668	10.44731649	0.457987602	0.196234377	17.44055857	0.631155191	0.135522055	2.441163677	0.011376691	0.181922991	5.609668974	0.222536741	0.167369943	1.679021526	0.059627081	5.440299605
0.169166166	190.3372405	3.961502484	0.100012379	1.002883099	0.008119625	0.186907072	6.330680015	0.288529352	0.145670943	11.13042193	0.337991721	0.189288802	1.703365422	0.032599933	16.2118366	5.609668974	0.207449683	0.139373117	83.50845188	0.237452466	0.140385979	3.389475766	0.013282026	0.152202979	11.92666799	0.178194391	0.185933133	15.4542261	0.176667123	5.441788804
0.167391552	209.7405829	3.92864783	0.248502957	7.744123014	0.470505799	0.153796294	12.52490509	0.288583901	0.10457851	10.06353793	0.150689951	0.148267511	1.002883099	0.003353063	12.27929382	1.758171619	0.050175902	0.159268756	4.638917021	0.169349645	0.117576429	1.011582367	0.002899751	0.19088748	6.862132741	0.283161732	0.190699678	2.960518927	0.115685927	5.4630535
0.160080687	318.2122513	3.636605315	0.218019975	7.185617841	0.335257236	0.091707231	7.811297539	0.061096379	0.138240496	6.553210426	0.209129586	0.183127049	1.679021526	0.028799069	15.85670737	12.74313603	0.307750169	0.182701079	222.2474103	0.753470449	0.159627926	1.01742376	0.00727763	0.115559336	5.086588519	0.064373345	0.161241905	2.219916219	0.063455373	5.467214552
0.162088357	200.3747906	3.469592251	0.1396254	17.59184249	0.086527245	0.198335771	7.76645009	0.377594495	0.163877583	13.19107137	0.48277934	0.181505901	1.01742376	0.013008856	12.78494069	21.58159413	0.175162212	0.182093115	22.92662276	0.544742587	0.131067635	1.557930706	0.009779858	0.15520398	12.63354936	0.193509774	0.185670443	3.569752937	0.117154655	5.469851275
0.19388766	71.48531986	3.339715245	0.203096154	24.28546014	0.402448108	0.194451049	8.714351203	0.408365203	0.18769522	23.19216731	0.943549507	0.158393584	1.008674259	0.00247675	11.58158537	4.391983149	0.087161848	0.062050875	3.218302827	0.019368627	0.16214115	1.002883099	0.013625547	0.095491771	3.389475766	0.035706381	0.197722284	12.74313603	0.221282766	5.473699983
0.159002438	59.03905847	1.980393575	0.243873722	19.68219446	0.814660445	0.184226713	7.331896136	0.322838586	0.169663091	77.48583289	1.069990927	0.194340312	1.014498859	0.028076845	17.06611041	79.51977065	0.572653363	0.180055184	50.8951817	0.619666732	0.198225805	1.005774511	0.02810377	0.112813284	1.522459107	0.036143275	0.1181608	1.008674259	0.007993444	5.480520961
0.151252029	361.8388363	3.030672799	0.247888768	27.40687158	0.995195684	0.09569945	7.416816844	0.067207047	0.153886042	41.96678756	0.66841093	0.185931901	1.008674259	0.018558262	13.57374774	5.388065396	0.137966063	0.180664342	4.481391161	0.19737962	0.165803619	1.612693695	0.022720988	0.163185482	7.12382395	0.191200799	0.191320928	5.280568372	0.153365875	5.482678066
0.181516416	129.0889182	4.26011659	0.150751379	2.304573946	0.067939809	0.144620318	3.341034577	0.113797822	0.166760654	14.42247384	0.531478309	0.174804952	1.005774511	0.019802421	12.45132507	2.284755387	0.065504692	0.185056357	7.677526167	0.329246809	0.179597043	1.011582367	0.008087003	0.086149946	1.002883099	0.008887275	0.156352136	8.039449408	0.080329297	5.485190025
0.191473552	68.48846576	3.162735383	0.190293665	6.222264768	0.209370169	0.156947375	17.24086852	0.3405413	0.196116709	17.04346486	0.810889397	0.168488898	1.01742376	0.014112339	18.26032904	9.072760254	0.370588515	0.184310664	6.941612478	0.301585128	0.193393143	1.793962883	0.041228379	0.162313551	15.5434667	0.235821784	0.14424708	1.002883099	0.002570374	5.489442768
0.175112918	54.03816667	2.244547963	0.212545738	8.714351203	0.347977677	0.197111813	18.1578643	0.696996467	0.176682399	42.94456689	1.079528018	0.154161745	1.005774511	0.00841278	16.77103004	5.160338248	0.20505323	0.199417745	14.0940971	0.587945174	0.172060565	1.002883099	0.009969296	0.17138349	7.924552441	0.231429836	0.191852971	1.713201524	0.078820673	5.490681116
0.189057192	62.33022541	2.855097114	0.189075506	58.43750601	0.32564159	0.16051145	30.31240572	0.421282205	0.193994917	33.42958866	1.28797707	0.14898944	1.005774511	0.010614928	16.24296983	6.010972432	0.218128056	0.136828393	6.010972432	0.141116556	0.144563256	1.011582367	0.007898626	0.15570849	4.455661893	0.135338397	0.195103328	2.05389456	0.09426298	5.497357523
0.162225983	152.7730358	3.25749014	0.235281908	5.280568372	0.306363795	0.156392816	3.399247961	0.127619565	0.17745185	16.55978766	0.664501998	0.12707232	1.011582367	0.003615844	11.67572447	1.763240603	0.047516387	0.18568293	46.28245143	0.702604052	0.187717493	1.580518923	0.035939257	0.1750948	12.09959107	0.288486505	0.177825841	1.728062277	0.068957829	5.503095372
0.14795953	450.8086475	2.835380527	0.233824268	6.803120713	0.377930366	0.175542375	7.185617841	0.292819332	0.149475174	7.438200263	0.262819722	0.1988262	1.288331148	0.036107223	17.62529166	14.46405527	0.439837513	0.189740349	89.74045085	0.837476322	0.180169619	1.002883099	0.002765941	0.196637162	9.284145445	0.369875045	0.146610304	2.399357842	0.049852125	5.504864116
0.189270611	95.92524833	3.999802835	0.137386754	1.927841246	0.049763447	0.185122738	6.981696894	0.311847622	0.082651914	2.344728289	0.042096958	0.142888522	1.005774511	0.004615174	10.36575205	15.95146959	0.08989089	0.190334416	24.70860417	0.654547442	0.127135273	1.005774511	0.001860048	0.19455436	7.502721136	0.31416052	0.130550882	11.09842407	0.043979954	5.51256489
0.158562518	128.3538907	2.832267187	0.229773556	5.773515819	0.319675341	0.16035873	92.36158408	0.475721601	0.19006071	27.88440233	1.099477991	0.15052075	1.01742376	0.004985604	16.96644901	7.310818321	0.273716649	0.154915479	5.372575727	0.177892406	0.19188331	1.277251935	0.035760521	0.176116482	7.744123014	0.245250485	0.155035802	4.788175306	0.072071401	5.536819186
0.170337438	109.3883763	3.320883219	0.216236899	12.13447539	0.424235191	0.168605179	5.086588519	0.205675288	0.147087213	7.993292057	0.272466596	0.198271695	1.002883099	0.024278774	17.97902122	112.3343633	0.733179111	0.155740886	10.00575956	0.247890737	0.194661254	1.002883099	0.02265058	0.173121743	2.676744394	0.112621893	0.187720402	11.35700497	0.174869131	5.53875052
0.15942374	124.030786	2.864631278	0.243767311	6.572103982	0.394668328	0.1581434	23.05901279	0.375616782	0.196336531	24.35547754	1.084883267	0.190484297	1.144892449	0.029754072	19.18509314	8.639410721	0.392750133	0.180580347	8.540491617	0.337319389	0.166114894	1.002883099	0.005477846	0.115070782	1.603434644	0.038725499	0.122928536	1.005774511	0.015383999	5.539210593
0.185106941	59.88792033	2.668308151	0.199741007	4.267342877	0.191497951	0.19374752	44.71081673	0.92244606	0.099591613	7.374234249	0.12017449	0.125988288	1.002883099	0.00651145	18.80080257	37.40186198	0.750022498	0.171741995	172.507985	0.566181873	0.186229016	2.608279263	0.038608685	0.190695396	6.744616169	0.280566068	0.07931974	1.005774511	0.001698386	5.546015612
0.159940846	78.54808561	2.371270834	0.247885069	39.73285638	1.116354221	0.198208716	12.92789696	0.576034047	0.143221281	35.41092605	0.512060508	0.186617464	4.194263045	0.035425889	17.66645324	4.494311456	0.192930819	0.171062439	32.01668359	0.477043209	0.197656556	1.356854044	0.041006969	0.127531699	4.719744398	0.082411591	0.1872824	5.481945754	0.142673521	5.547211608
0.168103297	57.8708272	2.195700894	0.212015139	6.168755389	0.281895775	0.168892759	9.749834625	0.332235059	0.199582085	35.61540682	1.431772079	0.192138612	1.011582367	0.029216769	18.98793595	85.9475613	0.909090226	0.117540798	2.876502237	0.068684834	0.199681459	1.014498859	0.01197626	0.17333693	6.204376933	0.210015471	0.167488272	3.020786488	0.080374219	5.550961586
0.08120432	75.0405858	0.392033497	0.247009297	59.45570709	1.180547639	0.197501627	39.27792505	0.955701621	0.195755519	45.88443796	1.535361634	0.141879169	1.008674259	0.001271048	17.30964158	8.664319	0.318646362	0.198752174	43.19255075	0.900045159	0.168709254	1.005774511	0.014777793	0.150565215	7.589620402	0.152989331	0.193202835	2.297948731	0.100866362	5.552240445
0.171924539	75.90249694	2.77954291	0.244878623	6.38559397	0.386432207	0.138508753	8.250478175	0.183907825	0.16282057	49.87977447	0.845942284	0.196898914	2.794869861	0.042120822	19.49354943	34.50519381	0.841763007	0.140845456	64.2616671	0.244980851	0.154250782	1.008674259	0.008919767	0.135507549	6.222264768	0.105320801	0.177874483	4.843633707	0.115371799	5.554302273
0.163223422	58.87073542	2.098775062	0.243338626	53.60216059	1.078584709	0.157288713	14.80105162	0.326438068	0.163756597	9.310912558	0.365399404	0.173986373	2.918208238	0.025087495	18.59798538	148.5227385	0.881146126	0.182163806	14.46405527	0.457099024	0.171536829	1.014498859	0.018737174	0.193795711	4.760684681	0.222447769	0.163904272	6.478177796	0.093881608	5.567596439
0.186993132	62.50843982	2.817968967	0.233192121	28.45204772	0.774510507	0.079269299	2.358267947	0.031187189	0.18059399	23.46078749	0.872885687	0.191498301	1.683862312	0.034206868	19.94560101	14.0940971	0.607626295	0.195574801	7.438200263	0.352293015	0.192693054	1.008674259	0.016858037	0.118493538	2.226316457	0.049929	0.136102947	1.002883099	0.016494377	5.573959943
0.156699023	463.8652685	3.533417323	0.180498084	6.276238301	0.177567636	0.193541925	15.23335977	0.600540572	0.118608356	19.56919195	0.251470291	0.140405862	5.466186196	0.011236226	15.91633156	146.8221901	0.446568503	0.161760978	9.891196101	0.275686716	0.181986976	2.723383345	0.035129061	0.150669727	3.569752937	0.11025552	0.197078177	3.559490572	0.140230696	5.582102544
0.166852113	135.8965008	3.40314316	0.155887818	1.562422375	0.056188099	0.198292019	10.56832113	0.495450795	0.192974977	19.23406227	0.873412186	0.184344625	1.01742376	0.002448357	19.66376123	8.203109232	0.392135421	0.165696868	3.631951455	0.145175154	0.172258227	1.322148754	0.024929043	0.163114339	4.481391161	0.150375102	0.147186028	1.412659549	0.039807102	5.583064419
0.195277593	71.6897105	3.386614162	0.180816422	11.09842407	0.212713592	0.197734868	9.230841849	0.440485313	0.142110715	19.56919195	0.416734246	0.135393773	1.011582367	0.001154707	16.76167428	8.016337512	0.282177047	0.17498355	47.22462763	0.55504017	0.137520694	1.011582367	0.004119132	0.193763221	6.440984263	0.281307227	0.119266427	1.005774511	0.005414984	5.585760579
0.195764949	88.80838309	4.065643677	0.20708657	12.56101564	0.365588794	0.189641198	8.29812065	0.376184936	0.068879769	1.773422454	0.025848748	0.187104809	1.014498859	0.002387517	17.5051994	7.811297539	0.304777077	0.163624684	8.943095573	0.270159563	0.137909601	1.209262625	0.011181334	0.131640892	1.171567166	0.036193225	0.179006466	6.496855026	0.12783366	5.585798532
0.155216629	198.6658392	2.989983491	0.218254429	34.4059979	0.592067634	0.127875406	4.612283342	0.11477516	0.158435493	35.61540682	0.71349631	0.154409674	1.014498859	0.001452627	18.75947552	30.22526328	0.713808504	0.139294076	4.494311456	0.12670514	0.191256736	2.132220959	0.04148271	0.185826983	4.788175306	0.207165721	0.199523593	1.883947374	0.091022383	5.591959679
0.169704291	137.0655015	3.605848013	0.141920679	6.921656654	0.082291232	0.173166586	40.89337106	0.591028375	0.148854817	45.62099901	0.611536123	0.154400583	1.014498859	0.004269345	17.85117782	8.442705111	0.33516014	0.151601571	5.34172985	0.169813708	0.190441339	1.090208032	0.033319026	0.125381265	5.34172985	0.081114764	0.177995628	2.378724173	0.084871745	5.59925247
0.164135881	66.5606906	2.286763804	0.239288744	10.56832113	0.548797978	0.191018924	65.56984787	0.947075354	0.082223436	7.164960549	0.079144097	0.183116487	1.011582367	0.017693788	19.21109728	11.52166859	0.48711128	0.198421151	33.33348491	0.845179356	0.15799343	1.014498859	0.008153022	0.174927309	12.63354936	0.290998158	0.197715799	2.952007995	0.126295868	5.637212705
0.18973708	58.36864018	2.70291349	0.240745507	85.20844125	1.09029725	0.161715554	82.79030735	0.490348274	0.1599248	59.11435063	0.8237592	0.144837382	1.011582367	0.006398114	12.84535688	5.513601309	0.123485006	0.142632528	3.283818119	0.107163926	0.180271903	1.005774511	0.001155849	0.183252533	6.098124673	0.239030932	0.158428238	6.629112111	0.082877448	5.667429489
0.129266259	191.42722	1.61059979	0.211443827	20.43278578	0.463957236	0.182012865	40.19305689	0.707143817	0.186119878	30.92947819	1.090876037	0.18660473	1.299506466	0.028990662	16.82144391	39.73285638	0.498330381	0.199853304	13.77319698	0.582014829	0.170642769	1.128530051	0.023024097	0.195404688	14.42247384	0.442892226	0.199549947	10.41728243	0.221587051	5.669416126
0.159945367	119.5115812	2.846455392	0.202149515	5.840386796	0.239732667	0.162956975	11.65511677	0.329824906	0.14955355	7.54604568	0.265648272	0.129889408	1.011582367	0.005099099	19.63069376	45.09864991	0.945867382	0.194896544	23.32609073	0.7035843	0.164063956	1.011582367	0.019083838	0.155823657	9.721805694	0.185947609	0.195758695	3.40904833	0.133668289	5.674911753
0.161381531	194.179555	3.431075746	0.213690214	3.925531572	0.20402282	0.128562464	14.80105162	0.174702693	0.17561371	41.01127071	1.030300853	0.19120761	1.014498859	0.020411207	18.74078753	8.714351203	0.377697995	0.179197988	5.145503251	0.22298273	0.154566169	1.01742376	0.011023991	0.139747123	3.498532974	0.091118907	0.17818728	4.692646659	0.115871642	5.679208584
0.181112354	92.95940861	3.538383988	0.156352438	32.5745346	0.138975356	0.170197508	11.42258612	0.369791408	0.129866782	25.72483442	0.350446825	0.179146305	1.002883099	0.020054425	14.84841349	23.59626206	0.289820111	0.196712756	23.93838094	0.723010189	0.180094107	2.200825688	0.032795308	0.153179377	15.10235801	0.194473525	0.130407913	1.002883099	0.025319721	5.683070855
0.19608573	86.55542769	3.994515596	0.155767349	1.748077328	0.061056933	0.199630393	7.567801678	0.371461663	0.092337247	21.27315762	0.131941191	0.185303815	1.01742376	0.002168019	19.51690477	12.06480703	0.520652127	0.18428004	4.706176025	0.211976213	0.181568627	2.399357842	0.034723185	0.18569538	11.5548867	0.345524074	0.15815641	1.09650345	0.03957087	5.713589871
0.187104074	70.07080906	3.103214525	0.209114413	245.8089261	0.548094148	0.164905582	31.55911247	0.464394852	0.182325307	15.90561213	0.679493202	0.192257222	1.014498859	0.003749719	17.46824804	7.331896136	0.290056798	0.183394212	7.481152231	0.315409511	0.196771271	3.236886951	0.050017788	0.178534783	4.255075073	0.176431651	0.186510552	2.089681125	0.087513925	5.71837612
0.190663443	67.133255	3.085487474	0.217290608	6.686614743	0.318027501	0.157936311	12.03012299	0.30680051	0.196702809	21.76879846	1.001593897	0.187009819	1.011582367	0.001019828	18.80555866	12.41719513	0.485519585	0.177982823	7.247947748	0.291485154	0.189638812	1.014498859	0.023843932	0.132118025	8.132565258	0.105009115	0.199504411	2.239172346	0.104909261	5.723696257
0.146887791	75.25514165	1.854423249	0.223822917	32.20156428	0.655110303	0.17740106	15.32132497	0.47343974	0.184969551	51.48466835	1.339266477	0.195247998	1.905767944	0.03830537	18.02777828	16.99446812	0.504088744	0.188381375	9.151459722	0.387121337	0.122623398	1.008674259	0.003028951	0.197718273	14.01317786	0.45459747	0.100783903	1.799135056	0.016328342	5.725709983
0.176206786	107.8378863	3.598853572	0.23265267	4.970775007	0.285389709	0.190259488	21.02958526	0.674766253	0.152251665	8.179526844	0.292419195	0.154155387	1.005774511	0.013141587	19.11201919	13.04003688	0.521187739	0.108934516	8.442705111	0.085377393	0.164561697	1.002883099	0.017728617	0.189248769	3.458475641	0.160341437	0.199998989	1.608057505	0.078843692	5.728049194
0.174602106	150.6076041	4.104996375	0.248777324	9.125151006	0.542319145	0.159012482	5.057384597	0.187223785	0.165424672	14.97248282	0.536585733	0.13970996	1.011582367	0.005809967	9.789527983	1.927841246	0.039525073	0.147621345	2.739109552	0.096214031	0.197843261	17.59184249	0.059240408	0.115146942	4.468508009	0.060990463	0.18988952	2.291342563	0.0966672	5.72957218
0.166651477	75.0405858	2.557816156	0.231444453	154.1867349	0.912971282	0.114519826	46.68391738	0.139072732	0.173536726	64.2616671	1.13721991	0.160488929	1.005774511	0.01436372	18.42407822	9.55531616	0.390331514	0.165005206	18.63449293	0.370166457	0.194897659	3.569752937	0.049249711	0.168720346	2.969054397	0.11938615	0.142872906	2.065754796	0.0440349	5.734612531
0.136504284	245.4032843	1.99562025	0.171946352	2.113884578	0.084561633	0.196574115	86.19535665	1.120218288	0.180778114	66.90465939	1.337530069	0.142620663	4.885648638	0.012014372	17.7989081	5.707410499	0.245143153	0.193227918	13.9327232	0.535453224	0.179725173	1.014498859	0.019708318	0.183130118	10.44731649	0.316441873	0.176997072	1.94456384	0.074129542	5.74082072
0.14520115	207.3588728	2.417037388	0.24416971	15.99745926	0.744292871	0.16125544	11.85819273	0.32144637	0.180091033	71.48477481	1.319308669	0.164330084	3.331429734	0.020459525	14.00170278	2.770834922	0.091644792	0.182310947	36.34043299	0.625119542	0.171405385	1.011582367	0.021120629	0.134967872	2.258595506	0.065714749	0.18669654	3.836153476	0.124355845	5.75050038
0.181306573	64.87213078	2.761421711	0.108059145	1.233879697	0.023312764	0.198898853	43.94512738	1.023302847	0.182349765	25.94797829	0.937825849	0.114240347	1.005774511	0.003170547	19.54015731	8.156012251	0.385985125	0.165789743	4.341696034	0.171325075	0.175824364	1.011582367	0.009578652	0.188255597	11.00298137	0.351837128	0.17200618	3.003443073	0.086606181	5.754365879
0.171124557	90.60114699	3.04777776	0.246287765	19.17876798	0.829576149	0.162252336	10.09255211	0.303613402	0.171135645	9.721805694	0.40290103	0.164954709	1.244582689	0.018310434	15.44652358	3.54925771	0.130904213	0.196755056	28.28869435	0.777155407	0.174905133	1.008674259	0.003698462	0.098573211	4.942236012	0.041452025	0.199783734	7.438200263	0.200377082	5.755765966
0.160895268	120.1959726	2.90808389	0.206262534	2.723383345	0.138263831	0.196356293	10.87699997	0.495869573	0.197661004	16.70343154	0.806758528	0.121685481	1.005774511	0.004614881	16.68096211	7.788841536	0.273494415	0.19845694	42.57525809	0.887871906	0.174807416	1.005774511	0.001930718	0.158516803	8.109185671	0.184405233	0.17422418	1.352953345	0.055387163	5.756680137
0.171627664	92.95940861	3.091391341	0.242967754	6.629112111	0.395508829	0.17153608	15.49878217	0.434232254	0.180512785	19.73894018	0.779432642	0.178894082	4.481391161	0.029531908	18.57067619	8.943095573	0.379605769	0.173338263	19.73894018	0.439134995	0.191915603	82.31497862	0.053877458	0.13336608	4.158193797	0.088602093	0.153838607	4.80198009	0.070096494	5.761413783
0.160004941	62.15251909	2.074705733	0.249244051	226.1197958	1.420175289	0.198264843	9.204304925	0.4421095	0.157799889	25.79900168	0.631584254	0.16381456	1.230332526	0.017843648	13.28938366	7.268844301	0.151121106	0.177454928	91.83130323	0.630207554	0.15576451	1.011582367	0.003188159	0.188732936	15.18956674	0.402341971	0.139333561	1.005774511	0.008434325	5.781711538
0.198972634	75.68609546	3.663362706	0.198453018	9.527846433	0.288139994	0.188050656	9.046677784	0.398611481	0.15607499	9.919713402	0.356544916	0.164367749	1.011582367	0.004689447	14.85133988	20.61002505	0.281404733	0.199310231	9.020670296	0.427388931	0.145508405	1.002883099	0.006811928	0.17255044	12.41719513	0.276400669	0.158127122	12.59723029	0.088674555	5.792029359
0.156701814	159.4579351	2.946236059	0.239487077	9.020670296	0.495299099	0.185540244	46.41588834	0.788869942	0.165806225	10.47743714	0.411363106	0.160357453	1.205786223	0.016441833	17.15678941	97.27405026	0.602130627	0.159485148	4.57261926	0.167865586	0.140375321	1.011582367	0.002574596	0.19617237	7.185617841	0.311634905	0.175495105	1.28462744	0.053680579	5.796096332
0.139177645	279.0478319	2.171565884	0.184778182	6.981696894	0.201584959	0.190749916	12.13447539	0.505739561	0.194123394	56.9428054	1.625369164	0.128448033	1.008674259	0.003937761	18.36856819	18.36817534	0.556232372	0.192453002	7.082923532	0.328807698	0.19235358	3.814128748	0.047221198	0.180915447	4.970775007	0.203111328	0.181738252	14.2573401	0.156238361	5.799808287
0.147248449	108.4554275	2.159246521	0.214169551	3.836153476	0.200603619	0.184556541	11.48854597	0.452292676	0.196245036	75.07042373	1.867525405	0.193056158	3.418876955	0.040078345	16.08611857	56.7791056	0.442216483	0.182026331	4.871603322	0.216072322	0.195791769	2.126091227	0.045644287	0.18826421	10.23888259	0.34295571	0.128115263	3.145027202	0.035565109	5.802200478
0.183702817	111.596586	4.108158775	0.236462656	33.14210547	0.852474463	0.115795964	12.20454605	0.124863835	0.103442019	3.642422731	0.083529577	0.190229424	1.01742376	0.022786997	11.87322367	45.35907255	0.146356663	0.136085136	23.19216731	0.199702648	0.139065764	1.005774511	0.00857276	0.158056026	9.445910166	0.192502342	0.189609609	1.743051936	0.078589314	5.817537375
0.162592408	158.0979543	3.314858075	0.234634133	35.51301926	0.823316561	0.173515858	15.49878217	0.448447631	0.112318401	8.039449408	0.161561759	0.179378902	2.071710572	0.027735533	18.02313793	51.04191756	0.679912226	0.163737454	5.773515819	0.209454393	0.179931715	33.81678241	0.038509932	0.110818609	2.483697926	0.045457962	0.163695545	3.18145406	0.077066931	5.826321002
0.187645028	92.95940861	3.857953888	0.176738376	7.103344304	0.17555747	0.167920027	17.44055857	0.423212251	0.150831792	20.84873791	0.50523308	0.140781387	1.011582367	0.008001087	19.79375328	7.247947748	0.351766423	0.180786744	6.744616169	0.284541833	0.1973913	1.014498859	0.003460437	0.134196449	7.788841536	0.109242929	0.169784776	10.03460716	0.114333879	5.833303278
0.182369835	54.97185312	2.42245178	0.247404594	20.96912918	0.890390873	0.182576435	6.063113161	0.268938681	0.173536493	49.59339686	1.063497857	0.175750619	1.008674259	0.004087023	19.27788157	21.27315762	0.685971509	0.077400126	1.738040991	0.023862604	0.091999717	1.002883099	0.001592903	0.18567597	10.62934802	0.33344156	0.182362753	7.677526167	0.143710114	5.837944903
0.193907789	65.61724772	3.098594874	0.199514489	6.572103982	0.246686892	0.180453295	66.71232115	0.755597164	0.188190339	18.21021523	0.803244587	0.151619549	1.002883099	0.013025047	14.41306433	11.09842407	0.22078089	0.15630174	3.70588743	0.13678916	0.19182258	9.020670296	0.049979321	0.199815484	14.54757811	0.481415407	0.149482152	1.154823542	0.036878522	5.842991863
0.16991785	92.16657876	3.015282461	0.248402263	44.32631878	1.143509779	0.135381404	12.8907317	0.196898871	0.195305713	16.75158919	0.794303755	0.139025843	1.008674259	0.005330365	13.93709156	65.94848166	0.25759095	0.151128385	7.289801101	0.20000569	0.120465005	1.008674259	0.004751539	0.162909558	4.391983149	0.148591277	0.156669989	7.310818321	0.080528167	5.846792854
0.171410363	200.3747906	4.232703136	0.194378766	4.65229148	0.190376124	0.111325589	2.909818941	0.066125193	0.150666727	21.83156007	0.515275388	0.175826603	5.357130588	0.027883196	17.41481518	4.65229148	0.19673917	0.196266231	9.230841849	0.42363583	0.198425407	1.011582367	0.003633962	0.13930452	10.72154973	0.131496121	0.14991247	3.458475641	0.059636323	5.847504441
0.195616031	83.87928632	3.883042472	0.159896969	1.585075716	0.05919916	0.14289464	12.81672141	0.234337878	0.194322014	16.5121814	0.777961908	0.157968786	1.005774511	0.014961041	17.50580435	41.96678756	0.588114491	0.124948302	4.051836506	0.09447713	0.194415714	1.645523451	0.041016327	0.151973841	7.76645009	0.158934649	0.085615747	1.008674259	0.002511502	5.854556559
0.138417358	61.44674589	1.465224061	0.248302826	23.86956262	0.949945165	0.178565362	37.18712453	0.647946201	0.191064258	51.48466835	1.496427545	0.160790865	1.01742376	0.008313339	17.67751458	30.48744503	0.568116182	0.191907526	8.274265122	0.372013273	0.156401406	1.589645647	0.018247556	0.160939792	13.38232685	0.224054376	0.168737754	8.179526844	0.108886418	5.859174116
0.145504393	130.1993592	2.196598359	0.21697731	6.348931994	0.305384384	0.157530161	4.546366219	0.168514501	0.168972366	66.71232115	1.024433293	0.182378436	1.01742376	0.013647897	18.71170253	66.90465939	0.83558384	0.19807856	53.75670094	0.931491771	0.19482712	1.008674259	0.015505217	0.180347497	8.132565258	0.270963524	0.172809305	4.746998612	0.10382649	5.865949276
0.145911858	395.3247404	2.650931633	0.201608862	4.970775007	0.216263104	0.155489381	12.41719513	0.29500876	0.187750731	15.10235801	0.683431064	0.155123947	1.014498859	0.005191558	19.50039315	71.69087251	0.988278615	0.19369613	31.74135091	0.760435134	0.188227466	1.002883099	0.00552636	0.150832067	10.84573065	0.171522685	0.162483861	8.840699352	0.09536907	5.871957982
0.192427236	88.0509564	3.908375931	0.203611844	4.005443985	0.190451303	0.146870856	5.357130588	0.167296768	0.188612843	20.25707071	0.870673291	0.193321659	2.469438129	0.038783606	10.9100443	6.941612478	0.088302067	0.174138094	11.89238108	0.369289276	0.192555675	16.5121814	0.052237223	0.131246304	1.273580077	0.03923148	0.179756136	14.38101196	0.15253685	5.877177795
0.174848535	137.8504167	3.937758428	0.23649519	22.66411863	0.767529421	0.155214836	7.227111269	0.22785553	0.12896766	6.13333836	0.178042353	0.188451441	1.151503643	0.028834526	19.59455765	6.961625835	0.334311557	0.145135978	5.101253658	0.14912124	0.199161441	1.09335121	0.037999023	0.159766789	6.686614743	0.175914077	0.164182614	1.035151107	0.040255796	5.877621951
0.158661736	61.62243426	2.027575572	0.235721462	38.49429313	0.865298016	0.197817654	8.370100694	0.403897273	0.175385093	66.32930188	1.192992731	0.178966277	4.468508009	0.029420904	18.38526588	128.2410327	0.820652163	0.163800254	6.080593718	0.217483144	0.199921158	3.321852504	0.05445563	0.15300976	4.719744398	0.133015815	0.19414293	3.600717897	0.135058128	5.879849377
0.190719411	78.10083574	3.503191315	0.221809896	5.160338248	0.274695645	0.104241483	1.594228753	0.037603224	0.187471064	15.76882923	0.707495443	0.171666074	1.014498859	0.019022739	18.01867844	59.79903471	0.694421782	0.15385358	3.759618569	0.135170003	0.155200293	1.723094425	0.018066621	0.199775727	9.693857341	0.395180025	0.161263273	13.34385519	0.096921394	5.881768192
0.182099487	101.2726576	3.79324551	0.237503949	21.76879846	0.75391938	0.178247048	57.27162224	0.689398866	0.102502705	19.51293423	0.170781858	0.192201028	1.014498859	0.016661111	14.37690118	3.218302827	0.108358779	0.126008425	3.209050815	0.084305785	0.186195309	1.005774511	0.009981702	0.168023024	11.35700497	0.249486827	0.114802864	1.008674259	0.007447285	5.883587103
0.181452419	50.74829392	2.23856787	0.235680797	8.322044956	0.446358571	0.198628412	53.75670094	1.071325665	0.135091241	17.39042027	0.349405944	0.18300534	4.481391161	0.032850325	19.40957493	24.99478828	0.753770119	0.179255636	46.68391738	0.611221766	0.191519941	1.005774511	0.030403877	0.172173659	6.803120713	0.218753673	0.186985839	4.871603322	0.136181926	5.888839737
0.146281268	167.8670462	2.359564975	0.226475486	6.168755389	0.328392235	0.194336087	21.15102082	0.728306958	0.193339005	56.7791056	1.620200264	0.173220061	1.011582367	0.002992127	16.68289374	9.310912558	0.304257782	0.153147133	3.528880153	0.127097999	0.163184522	1.008674259	0.017968958	0.166964253	9.665989334	0.23075517	0.196092222	5.993692023	0.1744199	5.893956368
0.195019644	65.99300946	3.144805055	0.245482169	33.71956555	1.002143137	0.149691155	31.19776848	0.32785507	0.16525396	7.947399712	0.317442247	0.171067287	3.498532974	0.023939014	18.81154177	13.97289262	0.521490893	0.185957838	5.071965539	0.230225695	0.18745023	1.011582367	0.012126751	0.183810327	4.999478801	0.21017361	0.179431178	3.360327417	0.104255881	5.894457355
0.168974894	320.034516	4.435834466	0.247913661	8.22675961	0.493687666	0.159554521	8.540491617	0.266202082	0.111414405	25.28428708	0.223300777	0.141989513	2.132220959	0.011181847	14.57821447	5.625842206	0.166452229	0.072853897	1.626682617	0.020780074	0.157038585	1.005774511	0.009669841	0.186190132	4.146239776	0.185447748	0.156116616	10.44731649	0.083483348	5.896040078
0.164585732	212.7562269	3.726970689	0.223608696	9.391677821	0.422815953	0.199878555	22.40462011	0.818107913	0.111426781	15.4542261	0.200277768	0.121632604	1.002883099	0.004721899	16.256341	18.85032445	0.376103566	0.128325895	4.110583512	0.100893837	0.154000052	1.598825073	0.017256471	0.153978972	9.665989334	0.176622684	0.171089715	1.548986069	0.059284671	5.903055451
0.167521329	169.7951559	3.735508007	0.247886499	25.87338276	0.961803231	0.091285226	15.23335977	0.066250101	0.133098148	12.96516937	0.297769649	0.17274413	1.360765989	0.021847616	14.34062634	4.970775007	0.149004458	0.163482582	8.515939318	0.26316941	0.146232455	1.005774511	0.008872089	0.171540338	9.391677821	0.247409574	0.198970578	4.760684681	0.165524112	5.917158247
0.165293661	98.42209124	2.876424207	0.211174258	23.39334216	0.470499904	0.135836198	11.09842407	0.192952396	0.189770219	24.07661337	0.997638516	0.140054416	1.005774511	0.002867409	19.55600034	69.0573331	0.99767987	0.142617403	13.73360164	0.212201808	0.198193668	1.005774511	0.029531889	0.1206331	3.478446646	0.064012188	0.164309832	4.829709176	0.087759628	5.931567814
0.190850905	71.89468553	3.282564505	0.214147376	7.331896136	0.320816785	0.174414638	23.32609073	0.528039518	0.09927093	2.986199234	0.066481053	0.134639464	1.08707389	0.008689054	17.84471209	49.16691037	0.647141935	0.194526482	56.12899896	0.876702821	0.085670012	1.023298884	0.002511396	0.198204432	4.051836506	0.197098481	0.081684881	1.002883099	0.001602896	5.931648443
0.189709963	77.87816669	3.455482394	0.223086629	218.4413409	0.767861011	0.179359905	5.028348345	0.219380808	0.195567812	18.85032445	0.881437861	0.1896178	1.30701048	0.030826048	14.13263532	3.508619592	0.113416677	0.134402201	3.458475641	0.10024226	0.199333645	43.06838034	0.062606706	0.158340819	11.99553867	0.206074352	0.193376518	2.150716395	0.096007805	5.933335921
0.183286566	60.23087267	2.650310947	0.219016526	3.600717897	0.194625306	0.143699899	8.764672318	0.207100434	0.162338833	53.14120009	0.853512246	0.085757277	1.011582367	0.001949797	19.91225375	28.69884813	0.868162684	0.197458591	32.20156428	0.816913076	0.19885864	1.728062277	0.045621448	0.192296201	6.881916951	0.288169611	0.074040899	1.571444599	0.00750525	5.933870797
0.151073193	194.179555	2.718052834	0.2457982	8.840699352	0.514794883	0.189814225	16.75158919	0.604337021	0.189394416	29.87919153	1.134051287	0.153012058	1.011582367	0.006327848	17.75608481	38.605276	0.607650848	0.164876718	3.379731664	0.134613215	0.19154867	1.008674259	0.030258446	0.188771614	3.781328527	0.173647966	0.133003848	1.002883099	0.019749467	5.943483816
0.161598303	239.8615723	3.580835823	0.187755536	36.97361997	0.301258238	0.165133176	60.84095873	0.518416648	0.163299175	34.50519381	0.772729831	0.17325019	1.011582367	0.005918714	14.43781622	9.80613515	0.212037381	0.148928933	7.082923532	0.188625998	0.196834427	10.20944774	0.056333428	0.179988453	4.774410207	0.195534491	0.190686074	3.738033256	0.12951181	5.961202362
0.172187128	100.4089259	3.271313845	0.231361142	170.5328114	0.915574391	0.181579843	42.20912522	0.712631005	0.135041414	10.81455123	0.281076696	0.144588603	1.002883099	0.009226913	17.16166725	7.227111269	0.27756908	0.165737108	18.26271709	0.368601488	0.130190421	1.011582367	0.003692199	0.126570337	4.546366219	0.079424591	0.135762825	6.115706172	0.047499679	5.966609886
0.165080771	182.3577989	3.619724388	0.201479262	5.086588519	0.220783021	0.141152301	18.00171279	0.245838835	0.17474811	30.48744503	0.910879476	0.129001811	1.014498859	0.002654794	18.07123662	14.17548362	0.466580629	0.195710306	7.633446747	0.359931448	0.18925914	1.002883099	0.016000341	0.157440452	2.042102417	0.077239819	0.148390572	3.038230052	0.055976752	5.975609504
0.185128042	78.9978967	3.341261024	0.222067673	10.97134988	0.447112175	0.186193899	16.94561224	0.573223435	0.187483876	21.51955113	0.898471148	0.199770152	2.893112631	0.045155205	15.59310011	7.699661237	0.231847988	0.132561024	10.44731649	0.15867255	0.137617672	1.014498859	0.003563617	0.196179213	4.494311456	0.214955333	0.167397071	2.126091227	0.068113678	5.982376153
0.173023741	144.7062983	3.876163128	0.218691974	47.63426626	0.618880478	0.133635838	54.53611177	0.233840884	0.145641061	32.10899087	0.524271812	0.147044857	1.002883099	0.005260306	18.99160109	7.144362642	0.329431755	0.164587852	11.68871963	0.31003594	0.167913132	1.005774511	0.0054823	0.139627503	2.047990001	0.064911042	0.148738399	1.002883099	0.015830412	5.984108056
0.15726081	124.030786	2.736622022	0.225916238	16.22940416	0.560209178	0.185524552	8.540491617	0.371697725	0.187930175	55.167769	1.435525459	0.159099525	1.008674259	0.002108174	14.20012143	5.265387736	0.151952674	0.176297391	7.947399712	0.305022242	0.145978113	1.01742376	0.002405796	0.187122719	6.151021383	0.251855542	0.190502249	8.565114702	0.174390543	5.991789353
0.182536121	50.02897872	2.226344688	0.249877989	92.6278717	1.320680927	0.185526965	15.23335977	0.5364026	0.097636173	2.608279263	0.057135863	0.099203006	1.008674259	0.002019422	19.80757092	79.97895842	1.083842923	0.190360604	7.164960549	0.326263223	0.188482175	1.011582367	0.016098669	0.174115717	10.50764463	0.272833544	0.18234862	11.79011061	0.155204034	5.996825893
0.153574796	66.1816965	1.952590603	0.241978224	68.85880632	1.091643455	0.153925029	8.639410721	0.244360904	0.182962336	24.99478828	0.928163764	0.14547468	1.014498859	0.010298651	16.21825847	12.31041144	0.320827503	0.197848127	160.5282192	1.0633933	0.18309002	1.178332393	0.029564707	0.181987188	6.629112111	0.247941818	0.168153144	9.94831292	0.109815706	5.998600411
0.182124955	77.43473131	3.183027092	0.233726769	112.6582344	0.966089523	0.180106746	10.75246102	0.407518075	0.16998881	13.04003688	0.511900517	0.187717804	1.212749049	0.029210221	19.66735753	9.582865085	0.445316197	0.11493924	18.42113262	0.112551914	0.193526663	6.010972432	0.050170127	0.19679344	5.625842206	0.261883238	0.129283868	2.071710572	0.033001977	6.00066888
0.150554512	91.38051077	2.155288537	0.236446866	124.6016751	1.010305633	0.183703314	18.05361352	0.564211634	0.1684667	9.638201443	0.390867503	0.166843166	1.014498859	0.004825397	19.6591887	100.4038665	1.090755734	0.192916893	17.44055857	0.598817994	0.17743062	1.698468569	0.029726709	0.165331311	2.684461713	0.106130801	0.168864982	1.540092787	0.057518992	6.008448932
0.138522482	83.87928632	1.645855532	0.238925997	12.77987575	0.607355168	0.189021431	74.63941761	0.920918891	0.195004112	41.60588733	1.456863775	0.170593816	1.005774511	0.008564294	19.0805259	82.79030735	0.937415723	0.144398604	15.95146959	0.225710722	0.156964643	1.809524181	0.018734354	0.137330122	14.71607349	0.13212768	0.159761093	2.739109552	0.067109907	6.020656046
0.190246425	81.51829892	3.611532196	0.249077467	18.05361352	0.846919737	0.192440858	7.438200263	0.348923093	0.165392944	11.75621627	0.45009187	0.158677997	1.01742376	0.013181823	14.35134383	6.13333836	0.168802707	0.167193585	4.942236012	0.193972294	0.199622515	1.014498859	0.036102446	0.177172778	9.55531616	0.273642458	0.163398054	3.539054265	0.079242422	6.022411047
0.179237429	81.05413676	3.179081624	0.243682962	26.09781517	0.903786953	0.193912906	16.99446812	0.646207557	0.138124255	16.41737907	0.361109875	0.173212294	1.008674259	0.003549825	18.62666972	5.419178838	0.246932683	0.193406038	6.862132741	0.322181875	0.195259684	4.985106245	0.051950269	0.18407521	6.496855026	0.252811576	0.176574351	1.961431489	0.073977617	6.041589853
0.157852315	72.51313371	2.197497794	0.227232339	5.57746186	0.305839616	0.18138738	57.60233784	0.745090701	0.19500925	57.43674202	1.670268349	0.175372621	1.068457346	0.022012532	16.6860925	89.48246402	0.533104681	0.19175489	9.527846433	0.412121881	0.192757874	1.011582367	0.030580786	0.178474277	3.428733917	0.147346055	0.11814587	1.008674259	0.009230404	6.0730928
0.19128948	78.10083574	3.518455202	0.206211302	2.754926569	0.139664105	0.181477054	11.79011061	0.440641471	0.198731657	28.61634437	1.243949273	0.181686895	1.273580077	0.025946238	12.4540187	4.442852708	0.103558133	0.144812662	92.36158408	0.279175931	0.191985369	3.559490572	0.046403886	0.165577875	6.534371185	0.191118296	0.163237877	4.999478801	0.086242106	6.075154641
0.197242724	67.51769826	3.258693576	0.243456132	21.95762665	0.85218916	0.122282541	3.528880153	0.08922763	0.185986888	22.72946153	0.919012177	0.185571147	1.1416011	0.027573075	18.84856888	10.20944774	0.428628121	0.164045892	5.265387736	0.196701918	0.176010774	4.985106245	0.033096229	0.158633927	2.926621722	0.106350845	0.188172534	8.039449408	0.164632705	6.076105435
0.182131732	85.81721595	3.408671418	0.232787396	5.561427712	0.316456646	0.199998663	12.27502133	0.564525778	0.156890149	6.921656654	0.261384916	0.192292216	1.01742376	0.02545631	17.45075824	6.822734785	0.274854395	0.19646258	78.3833022	0.96939232	0.19262834	9.777944366	0.050815881	0.176670108	3.631951455	0.151954005	0.153499439	2.181899329	0.054544649	6.078056317
0.18956492	63.95262185	2.935123905	0.247225424	12.31041144	0.662694034	0.175991445	8.29812065	0.328143635	0.174798358	73.78481484	1.20016002	0.159628291	1.002883099	0.007936094	16.95425099	33.33348491	0.500091079	0.11042225	2.311218261	0.053342585	0.194311408	1.723094425	0.041218055	0.1555813	8.016337512	0.174108723	0.197042603	5.823596788	0.175899286	6.078717415
0.186826229	95.1071235	3.895153446	0.166251914	2.794869861	0.095186072	0.179596978	9.125151006	0.364887879	0.195658065	16.75158919	0.794924024	0.161275438	2.297948731	0.018210337	12.53991517	1.809524181	0.052935644	0.195203463	26.70586515	0.734592321	0.198536676	1.014498859	0.024114899	0.073622243	1.548986069	0.0160865	0.194514891	1.922299067	0.088853793	6.084944916
0.157738268	79.6774477	2.310412034	0.245139611	17.54126927	0.787680581	0.166494693	22.92662276	0.445995854	0.191931362	32.9518248	1.229954052	0.144361928	1.01742376	0.006089934	18.89896122	27.88440233	0.711495268	0.183822092	7.970312854	0.332319351	0.17596154	1.014498859	0.006511153	0.147880632	15.40979812	0.17026552	0.19565247	1.87313096	0.087916697	6.088640444
0.17760003	137.8504167	4.135846439	0.225711653	4.829709176	0.266485036	0.110267585	6.186540523	0.091990969	0.172630203	15.72349682	0.607647991	0.139001036	1.005774511	0.008610819	10.88361605	4.051836506	0.073007523	0.191307209	11.82410267	0.4728577	0.176613076	15.18956674	0.035631565	0.184333247	12.92789696	0.354836222	0.190077991	1.30701048	0.060820253	6.107734517
0.195047319	113.8493725	4.818339492	0.160236429	5.220107177	0.115109958	0.154713593	8.039449408	0.24087168	0.115349157	3.190626508	0.084467039	0.135153222	1.002883099	0.007268076	17.91523366	36.34043299	0.618877974	0.106097477	62.79853138	0.094994883	0.194904245	4.051836506	0.050610627	0.115756383	2.144533492	0.046634031	0.154820097	1.059268973	0.036991418	6.114165179
0.16399844	118.4922938	3.049645157	0.202346017	5.250250742	0.226329561	0.186088726	13.26724335	0.503196162	0.188101643	20.84873791	0.88816926	0.131351038	1.011582367	0.007544157	17.91068843	9.500455676	0.365775256	0.192370786	23.59626206	0.673381447	0.197344201	1.867746062	0.045473971	0.190071961	10.44731649	0.356938849	0.159720339	1.002883099	0.001688323	6.118142144
0.168777735	60.57578896	2.29475527	0.199147223	88.96871323	0.414602996	0.189054856	28.04542111	0.743020434	0.196278883	52.98842918	1.657876348	0.112888074	1.011582367	0.004853467	16.76322433	30.75190101	0.474112519	0.147318941	13.77319698	0.23503999	0.132664878	1.380495543	0.010141739	0.1492958	2.556241613	0.086462359	0.194901944	10.90835944	0.200759598	6.12162472
0.188547048	100.6960148	4.107319639	0.217345034	4.316768806	0.227347328	0.12971095	4.559473844	0.11738794	0.167881013	11.03470406	0.438928962	0.133974219	1.071537815	0.008624131	19.54122545	12.41719513	0.53216915	0.198693559	8.179526844	0.392263499	0.187991785	7.947399712	0.046060585	0.199200921	5.326373387	0.256098883	0.134719748	1.005774511	0.004665606	6.130865723
0.176228697	74.6133075	2.887997728	0.236305091	10.29800713	0.521955139	0.19662052	9.257455283	0.43669867	0.191777468	75.07042373	1.694386003	0.159744909	1.005774511	0.011846384	9.886950965	2.762869296	0.050054657	0.168547122	10.84573065	0.323672757	0.192283967	11.85819273	0.051090042	0.132010242	4.719744398	0.090012964	0.155903934	3.274377763	0.066848191	6.134562535
0.194631825	75.68609546	3.536641685	0.217096102	29.87919153	0.559626749	0.148963113	6.151021383	0.188228372	0.134668016	9.976994894	0.268098892	0.123909398	1.008674259	0.004895661	17.87246354	369.9491514	0.752302416	0.174019504	29.62224056	0.493053909	0.14566455	1.404548966	0.013851369	0.196548944	5.959280096	0.274086075	0.159328537	1.273580077	0.044856604	6.135641732
0.160776404	214.5863858	3.465781679	0.225013978	13.85273046	0.518060369	0.128264986	10.53793921	0.16135729	0.156122163	10.26840231	0.36599759	0.17629784	2.73123513	0.026476428	19.94306216	37.9441463	0.961107454	0.178080958	8.322044956	0.318819652	0.179622266	2.344728289	0.032774126	0.184133734	7.082923532	0.263671956	0.120811499	1.40859842	0.024546243	6.138592788
0.145532339	199.8035129	2.4089284	0.245695015	137.4151159	1.261163198	0.180290197	7.947399712	0.332688634	0.149054363	11.85819273	0.369542503	0.14362678	1.011582367	0.010426479	18.28908059	179.0866719	0.807773514	0.188380906	11.22697009	0.440122841	0.149623467	2.27163779	0.016145789	0.192908057	10.35747309	0.371913875	0.185490746	4.329214479	0.12731045	6.146015684
0.152345991	160.3710821	2.661207918	0.225087726	18.42113262	0.582757821	0.184559391	35.92434407	0.726366287	0.173700351	77.70923223	1.192799968	0.178598966	1.014498859	0.008379618	16.91826048	23.52842727	0.455398874	0.150672418	31.01865095	0.293790444	0.150837512	1.008674259	0.002596381	0.177975862	3.936849269	0.164528799	0.179119827	1.416732386	0.060161346	6.147987456
0.172986248	106.9181613	3.404481321	0.189439081	4.230645167	0.168299123	0.160715438	8.815284013	0.276172878	0.151776108	18.31537031	0.48517117	0.176457249	2.469438129	0.026239284	19.51021099	25.28428708	0.762204275	0.180616736	252.9884972	0.718355281	0.169052883	1.01742376	0.00960382	0.180883561	5.823596788	0.225831954	0.183087466	2.042102417	0.083022332	6.159381437
0.179180864	84.84271818	3.270529491	0.216657191	9.072760254	0.377582567	0.193543188	23.93838094	0.758881692	0.198362373	19.45683823	0.927676658	0.197589825	1.014498859	0.015841545	19.42018773	9.749834625	0.443242143	0.140294417	3.438619297	0.10782844	0.172415762	1.014498859	0.010856555	0.128833132	2.699963167	0.066491627	0.199204017	6.063113161	0.183321382	6.162252101
0.174902676	98.9857122	3.370587708	0.248889714	17.39042027	0.831064718	0.162098522	3.869429263	0.151299855	0.194747429	22.46921485	1.002722959	0.15313833	1.01742376	0.009338243	15.20557007	5.403599724	0.177522102	0.174487496	13.57635532	0.392986617	0.173942989	1.008674259	0.013695087	0.126155258	8.085873296	0.091095275	0.175976513	11.00298137	0.1343508	6.174663364
0.187856434	61.97531942	2.8127957	0.225029111	160.5282192	0.786075201	0.180928897	38.05354305	0.686031559	0.174008636	24.4961185	0.812467044	0.106667972	1.023298884	0.003012829	10.76248187	1.4331415	0.035098002	0.193137209	15.72349682	0.572480022	0.187568649	2.311218261	0.038955809	0.187263204	8.789941739	0.311092703	0.184132548	5.756918053	0.136552039	6.194560909
0.190344216	76.77430793	3.44611844	0.243960676	26.47620371	0.916452016	0.192423093	14.58952022	0.580052237	0.133686853	11.62161052	0.286927514	0.194394687	1.014498859	0.018210775	17.9276476	24.70860417	0.566657253	0.155604119	4.341696034	0.154298226	0.189297825	1.005774511	0.011864957	0.184703806	5.130710903	0.21640659	0.073014986	1.005774511	0.002943248	6.199931256
0.17924608	81.75137582	3.20769361	0.249779295	7.206334691	0.444287017	0.104714035	1.640792882	0.03881732	0.192375681	28.94778936	1.151925829	0.183203023	1.011582367	0.011545813	18.18972252	128.2410327	0.777190489	0.165783808	4.086983183	0.162396613	0.153745601	1.014498859	0.012808487	0.189902376	6.440984263	0.269345544	0.175566221	8.394232525	0.127760001	6.203770722
0.155576044	200.9477017	3.019804587	0.241421588	5.72386553	0.342349112	0.12126818	6.348931994	0.11697003	0.194132003	58.94440805	1.652266779	0.144066214	1.005774511	0.006419109	18.59150231	19.28951598	0.586213567	0.139314877	6.294333319	0.150658939	0.176794456	1.640792882	0.028761949	0.165871346	6.151021383	0.187133376	0.173083644	8.815284013	0.119563298	6.210140747
0.198435303	96.19951754	4.42868912	0.175216359	2.024541025	0.084486695	0.142648972	9.177844288	0.205724272	0.171147925	16.70343154	0.620813	0.182979267	1.005774511	0.006466502	16.0144676	18.10566388	0.355899807	0.193386052	6.705892918	0.315797974	0.195098795	1.793962883	0.042898805	0.172078845	3.073419946	0.126743486	0.145974203	1.280934379	0.037345127	6.224864788
0.160653987	118.4922938	2.865247902	0.234158379	41.36701307	0.859163855	0.196743467	22.27598718	0.770582035	0.168760809	22.21194793	0.706051793	0.157072132	2.258595506	0.016426991	19.2303561	7.227111269	0.338619526	0.123168285	47.36078092	0.149972598	0.199214767	1.002883099	0.027497409	0.191519475	11.42258612	0.379548133	0.171791131	7.947399712	0.115573681	6.228683924
0.146965741	235.1153281	2.565871978	0.191252896	202.1046911	0.352557108	0.193126491	72.52122247	1.01102369	0.189205555	18.74209801	0.825387458	0.179571969	1.014498859	0.014306171	18.98017481	142.655517	0.949299331	0.16356676	22.86071305	0.372388964	0.119207032	1.008674259	0.00601223	0.13734888	3.236886951	0.084248513	0.139902312	10.97134988	0.055864288	6.236959731
0.185975549	68.88066973	3.03302917	0.243717718	22.14809278	0.841421497	0.188935818	23.52842727	0.694767634	0.184024987	22.72946153	0.893493558	0.16781155	1.102835221	0.018766123	19.47560113	7.993292057	0.3766107	0.148990668	3.389475766	0.118010349	0.186336745	1.008674259	0.008083826	0.149900187	17.49084144	0.183480714	0.197113859	1.453920417	0.070270203	6.237933775
0.173986254	105.4026845	3.451334121	0.185017674	11.58820059	0.233883546	0.154824442	11.52166859	0.284521174	0.18146791	51.33665966	1.243094047	0.189889786	1.005774511	0.024711662	19.47949371	14.63158326	0.585808039	0.09433454	2.73123513	0.042886382	0.172405896	1.014498859	0.002678692	0.178772574	17.14188253	0.344142679	0.119588395	4.468508009	0.030589646	6.243649989
0.193998886	96.19951754	4.248006565	0.207335701	4.815824676	0.226995492	0.176433523	51.78196712	0.659233471	0.173414907	9.610493436	0.404363568	0.157261753	1.01742376	0.004781355	8.20903998	2.41321296	0.032643577	0.177884019	14.46405527	0.427453356	0.16943296	1.002883099	0.021287414	0.142384634	3.236886951	0.091905175	0.172851101	13.15314953	0.128187558	6.24485753
0.158699754	412.62299	3.647760414	0.238510074	111.0481628	1.078355943	0.117340511	8.085873296	0.116849959	0.154334791	10.18009751	0.356510337	0.152557725	1.083948758	0.01349734	17.01603649	109.1464217	0.581595918	0.16144647	11.48854597	0.290513334	0.167044471	1.005774511	0.008755771	0.119877437	4.829709176	0.069475707	0.178807577	2.258595506	0.083496341	6.246811064
0.193102751	74.82664167	3.449605909	0.245845073	9.177844288	0.530233543	0.179137135	9.834407211	0.382073547	0.165540082	10.26840231	0.404001164	0.179398681	1.011582367	0.021282375	19.10563988	44.32631878	0.84351936	0.158240865	18.58092228	0.319267858	0.165789779	1.01742376	0.004757809	0.184794836	4.520263906	0.196941741	0.17688319	3.302780562	0.098965537	6.250648842
0.161174305	113.5247828	2.870663576	0.244866343	87.95004358	1.209028611	0.195027563	17.04346486	0.658680229	0.176075952	15.5434667	0.623477322	0.154750596	1.002883099	0.009984428	16.45534346	4.170182282	0.165102464	0.183333668	13.69412014	0.460101303	0.168894128	1.011582367	0.010431132	0.180642328	3.302780562	0.144459989	0.193144152	2.232735149	0.098796449	6.250725502
0.183164423	100.4089259	3.812255606	0.215164404	6.725226672	0.310682705	0.128362159	3.814128748	0.102897704	0.183695967	25.06685073	0.943624962	0.154417605	1.014498859	0.005150467	18.77756613	7.062561466	0.319322239	0.17595505	105.1369657	0.618228522	0.189410328	1.318347826	0.034948313	0.14764496	2.392460142	0.080370843	0.136890536	3.759618569	0.045225304	6.272706664
0.184381971	148.0495626	4.775541297	0.166407242	4.65229148	0.123689303	0.169703061	4.354213575	0.179098907	0.134753596	29.45216869	0.406052459	0.192504925	2.476557764	0.038116315	12.72591639	4.913860869	0.113710974	0.193388765	7.12382395	0.332997549	0.185359456	1.008674259	0.023652728	0.195348383	4.255075073	0.203000238	0.174480824	2.304573946	0.07936779	6.27522756
0.152358281	298.8393177	3.018837025	0.248122073	23.39334216	0.932066074	0.198593313	16.37018221	0.672070512	0.142087893	71.69087251	0.562186047	0.152813393	1.005774511	0.00321342	19.30863182	14.42247384	0.567639129	0.123606151	2.331266366	0.064837479	0.199165226	1.002883099	0.017210302	0.184909753	6.961625835	0.265915357	0.187745813	12.8907317	0.176447653	6.280422998
0.141851962	133.2074582	2.029795747	0.196335821	24.28546014	0.349380333	0.191884816	39.27792505	0.868163402	0.187148212	38.16325519	1.238714579	0.193922722	2.337987638	0.038391973	18.86961571	35.10640402	0.748422016	0.191161825	28.94778936	0.695964477	0.14971747	1.014498859	0.013088444	0.150787614	4.404645672	0.123388207	0.192545787	7.833818286	0.176608703	6.28191788
0.181754127	89.31695048	3.475374229	0.249289947	24.4961185	0.975656026	0.109780423	2.297948731	0.054809424	0.073831779	2.297948731	0.035755252	0.143673778	1.011582367	0.003857116	19.81724283	10.97134988	0.504721345	0.189069576	195.8046295	0.88056319	0.091065173	1.005774511	0.001469331	0.189591367	6.348931994	0.265619776	0.192078496	1.862376645	0.0846843	6.282509988
0.148672073	269.6491842	2.697221993	0.239199132	35.71808957	0.913714545	0.193528522	37.83506406	0.887554318	0.172594265	13.77319698	0.549860944	0.153438214	1.002883099	0.013328519	17.96614106	6.478177796	0.276752398	0.183762091	21.09021564	0.548860719	0.107998477	1.014498859	0.003550027	0.199077844	5.674642216	0.268802396	0.189806385	3.488475353	0.124380998	6.284026857
0.168905275	91.38051077	2.943168657	0.194872028	6.186540523	0.222883343	0.185406855	5.908032296	0.267324079	0.198045859	41.48627828	1.530283256	0.199813444	1.014498859	0.019579554	19.08973606	11.85819273	0.48976718	0.16782983	92.89492705	0.498101439	0.198009213	1.011582367	0.036155973	0.199610764	5.115961079	0.247062305	0.143984632	1.961431489	0.044098385	6.298424171
0.17669135	117.8176031	3.787755078	0.197031356	20.14076763	0.342242822	0.189558418	23.80094214	0.702934083	0.112383429	3.814128748	0.097558279	0.185277585	1.01742376	0.014693457	13.48013593	11.75621627	0.182413898	0.191708724	22.99272249	0.655801935	0.183009636	1.598825073	0.032443648	0.191596879	14.13473178	0.418179372	0.181120825	2.150716395	0.083546317	6.317568889
0.170506541	91.38051077	3.029604535	0.205354462	5.013892794	0.228378594	0.165846573	14.05357924	0.373318023	0.189817263	26.62909083	1.061524433	0.174846286	1.008674259	0.014956476	19.4504294	14.54757811	0.58282848	0.182453318	14.75850139	0.467649283	0.110093083	1.014498859	0.002609419	0.189045196	16.5121814	0.413245665	0.183516728	8.039449408	0.149986816	6.324101723
0.182864436	56.24191141	2.482754189	0.234852243	41.84614098	0.867148769	0.19670719	13.81290647	0.589364142	0.185623867	37.08021858	1.180900778	0.186298062	1.01742376	0.010954268	18.94286398	43.31707916	0.810813245	0.185654737	4.913860869	0.223125506	0.187518624	1.011582367	0.007082547	0.168109225	3.559490572	0.137793675	0.139385435	1.005774511	0.024654542	6.334591662
0.193297881	67.90434307	3.182623319	0.078644385	4.158193797	0.014346095	0.16628997	4.341696034	0.17453766	0.157040119	17.69342677	0.523705929	0.18850365	1.292045535	0.029915901	19.62864214	221.608491	1.132097266	0.199525824	65.75889225	1.00259617	0.177857536	2.107807559	0.031070875	0.155623409	5.691002773	0.152482117	0.161499311	7.744123014	0.09130718	6.334682513
0.190887287	88.55518633	3.848141372	0.217510829	12.34590358	0.440318669	0.181880264	6.222264768	0.274614616	0.194756775	23.19216731	1.026699987	0.178901086	4.417344703	0.029840914	10.46712814	1.376526879	0.032715235	0.18615731	14.75850139	0.499569958	0.135479573	1.437273389	0.010804286	0.135139597	3.902993693	0.089262205	0.172712659	2.811008867	0.085872093	6.337839336
0.181896322	86.30865422	3.422913405	0.211517735	3.738033256	0.192192442	0.197564471	48.0474582	1.027180963	0.095446523	6.515586104	0.103591817	0.185175173	1.014498859	0.00159824	19.07918814	84.96348309	0.938425502	0.162963778	21.58159413	0.365861095	0.198138951	1.005774511	0.00653143	0.167713335	11.0665182	0.243124178	0.159732762	1.466532098	0.049333285	6.350752357
0.158593281	256.8737701	3.401209279	0.208194126	3.458475641	0.174902189	0.196653339	22.0844212	0.764013813	0.165815095	66.13861768	0.968620631	0.171646613	1.014498859	0.005123409	19.80905391	8.274265122	0.398009493	0.160911306	14.75850139	0.315156665	0.161522975	1.005774511	0.013014895	0.186795905	6.941612478	0.27301799	0.141698992	4.481391161	0.052478566	6.365546929
0.181607493	86.0625843	3.411569676	0.149414402	1.961431489	0.060672734	0.184978463	6.010972432	0.271495437	0.195232741	15.72349682	0.7492886	0.138678308	1.014498859	0.002398744	13.93679121	77.26307577	0.26285557	0.194434807	270.3074182	1.011786179	0.18524943	1.005774511	0.028075741	0.190220638	13.57635532	0.401156145	0.186525764	11.09842407	0.167890117	6.367188941
0.172047868	307.4945016	4.755323313	0.179271219	6.404004271	0.175378886	0.148703528	4.051836506	0.140206826	0.079874047	3.172307981	0.051095903	0.14178111	1.005774511	0.001143023	18.67442452	37.9441463	0.747376743	0.154418359	6.440984263	0.19645984	0.109253677	1.008674259	0.004470961	0.159090828	7.374234249	0.180804428	0.1767009	5.190136677	0.115035967	6.36729589
0.1656367	122.2727519	3.20179791	0.193281598	2.113884578	0.10007441	0.192513402	46.54970995	0.92246255	0.188045137	26.62909083	1.040488599	0.180241027	1.566926993	0.026580075	19.17191086	12.48889836	0.511181841	0.183491859	6.348931994	0.277303355	0.140709461	1.002883099	0.003590785	0.185859522	3.869429263	0.173557728	0.189335349	3.312302806	0.120953478	6.377990731
0.148347211	397.5885951	2.808681395	0.23838559	203.8577994	1.083845078	0.164907243	4.829709176	0.190522925	0.163092114	62.43798258	0.8910015	0.165658233	1.002883099	0.009321094	19.43549083	130.8516474	1.055934469	0.157620436	5.891047821	0.196603005	0.136892062	1.008674259	0.003741519	0.156253437	4.638917021	0.138342828	0.111334065	1.002883099	0.006984295	6.384978107
0.174523784	110.9611592	3.544879593	0.183857508	7.567801678	0.204216107	0.182513253	64.44693987	0.771529299	0.130039017	11.16251204	0.264002607	0.193085194	1.008674259	0.005621763	19.64409024	49.73637955	0.952602969	0.175150837	6.744616169	0.267792392	0.194535877	2.85998721	0.046856127	0.164551247	10.56832113	0.224982856	0.174537823	5.190136677	0.111206654	6.393690367
0.15852655	110.9611592	2.720224875	0.205075756	3.580044889	0.176446327	0.197611258	42.33081832	0.986950288	0.197416067	44.32631878	1.561082776	0.188077628	1.011582367	0.025420027	15.91919725	7.924552441	0.249311057	0.181011594	14.71607349	0.457881129	0.178581846	1.13504676	0.027029092	0.145639921	1.883947374	0.064763075	0.192920923	3.539054265	0.130604482	6.399713128
0.172423661	54.81512586	2.204755879	0.243689177	82.55230087	1.14266151	0.199377388	25.28428708	0.850850261	0.184286656	30.75190101	1.063093726	0.197426644	1.008674259	0.021755877	11.26201081	3.642422731	0.074961695	0.194357187	20.02513229	0.646543009	0.197200114	1.819973298	0.044308869	0.168483557	6.862132741	0.204981962	0.193438651	4.430080346	0.147579718	6.401492507
0.188238078	51.03890756	2.348994256	0.232441338	44.07182555	0.822062038	0.18319071	19.01383704	0.575412911	0.176301849	63.34326208	1.205514207	0.190882503	1.005774511	0.015020354	18.19798333	55.167769	0.711148088	0.150731948	3.66345594	0.127774366	0.175420194	1.905767944	0.029027595	0.199000773	10.15083166	0.402220646	0.193271726	6.151021383	0.165915721	6.403090182
0.17116772	362.873405	4.766785917	0.168826287	9.046677784	0.159383743	0.194816096	7.901770851	0.375537367	0.160688886	13.77319698	0.47743254	0.121652763	1.002883099	0.001899181	12.17887201	120.3705182	0.165535044	0.14800885	5.466186196	0.16210461	0.139567816	1.002883099	0.006412085	0.156220416	8.614574049	0.17865731	0.185323101	4.304358912	0.126593383	6.42034118
0.189001459	89.82843022	3.814149254	0.197568939	83.99067234	0.399292498	0.172709751	13.22910254	0.409655008	0.146778143	32.20156428	0.541613326	0.198430394	2.311218261	0.04193641	17.14710581	6.725226672	0.263508096	0.196252143	22.34021106	0.698204489	0.19756995	3.814128748	0.053170129	0.050861073	1.002883099	0.005872891	0.193315969	12.09959107	0.199217004	6.426619105
0.164543679	206.7676832	3.687916964	0.243513893	24.70860417	0.87580289	0.175799445	28.69884813	0.579661914	0.182542658	11.45551857	0.509669529	0.112332814	1.002883099	0.001993444	18.64822865	14.0940971	0.510511475	0.155295893	3.9824473	0.143902658	0.18275028	3.428733917	0.037320314	0.048209206	1.002883099	0.002350418	0.163327766	3.360327417	0.077645198	6.426774805
0.188865518	95.65176107	3.989506736	0.175464424	3.163188196	0.116474553	0.096551869	3.993929091	0.058061576	0.188802634	25.13912095	1.007597225	0.171468512	1.008674259	0.016028092	17.9364728	15.8598865	0.484515715	0.174518781	17.94996127	0.436315577	0.184085186	1.002883099	0.018545047	0.143202632	11.09842407	0.145160174	0.189896604	6.063113161	0.157705454	6.429910148
0.184821283	98.42209124	3.879338831	0.227316959	22.79499283	0.641498764	0.161484588	8.442705111	0.273535775	0.166638838	23.39334216	0.704110661	0.120083546	1.008674259	0.002717228	18.52149263	39.50473586	0.717481638	0.102626379	1.292045535	0.029959532	0.177434686	1.002883099	0.003516853	0.125839843	4.005443985	0.07511446	0.179307904	3.902993693	0.110285799	6.437559539
0.164609741	187.1043988	3.585286742	0.205261886	19.68219446	0.402989356	0.171939278	16.65541233	0.445503435	0.17766801	38.71657884	1.057769353	0.101226372	1.011582367	0.001528975	18.59721257	6.168755389	0.279179494	0.188975699	8.203109232	0.358849316	0.173166743	3.695233704	0.029852122	0.139826632	16.55978766	0.142823219	0.183521242	5.593542236	0.135331869	6.439113881
0.156765257	231.121939	3.208192567	0.174232035	2.762869296	0.105819114	0.196992312	28.28869435	0.854247049	0.184318193	26.09781517	0.97286225	0.155481768	1.28462744	0.014839597	17.48680899	23.05901279	0.512139624	0.165784027	21.02958526	0.387872541	0.139094568	1.005774511	0.009304202	0.179625179	13.45960324	0.326339675	0.142915889	3.9824473	0.053057458	6.444674076
0.171874908	109.3883763	3.383792749	0.240186845	6.667391991	0.390067963	0.13342608	3.959582648	0.113227022	0.181573224	27.96479583	0.972872181	0.094448203	1.011582367	0.001062642	19.577614	16.79988569	0.642118402	0.190011828	120.0244757	0.86230591	0.154308675	1.008674259	0.01513209	0.114219964	1.01742376	0.02669723	0.171309287	1.509366472	0.058306839	6.465583028
0.193365272	103.3170362	4.430708631	0.208912408	16.89689681	0.422819291	0.172252281	7.54604568	0.292599705	0.070088127	2.843567002	0.03881328	0.199799852	1.014498859	0.032079535	16.02225306	236.0985247	0.463601699	0.158723935	14.50575657	0.300316645	0.158459592	1.005774511	0.01035083	0.189308327	8.250478175	0.309209048	0.191875689	8.203109232	0.177464283	6.477962947
0.15583692	444.4188068	3.415627659	0.22794458	20.96912918	0.632535852	0.191150471	16.5121814	0.614609744	0.168731038	19.91016085	0.670775922	0.174314718	1.01742376	0.015828414	19.26961289	19.4009035	0.655183298	0.183457091	7.633446747	0.320265852	0.126348663	1.011582367	0.002448448	0.135930602	4.746998612	0.097874638	0.173755811	1.809524181	0.068069389	6.493219215
0.19406729	110.3293504	4.654707624	0.204431082	3.109017423	0.154881041	0.157860895	7.879054754	0.248614287	0.165394952	59.11435063	0.938918419	0.17263828	1.424913323	0.021978342	13.72041646	13.89266925	0.20183826	0.119754111	49.16691037	0.138035028	0.172314181	1.011582367	0.017168421	0.059827864	1.277251935	0.010269367	0.190811235	2.661376248	0.108551043	6.494961833
0.161427837	78.9978967	2.428038036	0.239018638	11.03470406	0.564129207	0.190073	17.74443868	0.623564546	0.198557438	37.18712453	1.453271257	0.135330582	1.008674259	0.005612775	19.01204483	78.83592743	0.896772643	0.138283294	13.11533671	0.189842457	0.158690898	1.011582367	0.004782531	0.184565074	5.513601309	0.227401279	0.183886845	3.498532974	0.112609516	6.506024247
0.173092493	150.1782149	3.95961342	0.236674747	18.26271709	0.704995474	0.158848742	17.19130428	0.355900468	0.187302651	26.02278889	1.014904437	0.199717292	1.011582367	0.002474938	7.336652224	5.942148292	0.033159923	0.153015292	2.876502237	0.105545403	0.14531434	1.01742376	0.005768671	0.196999666	5.773515819	0.267357228	0.168805397	1.562422375	0.057797739	6.507517701
0.183401467	89.57232527	3.579125631	0.213963442	6.705892918	0.304557056	0.197792258	7.481152231	0.362859214	0.127450577	28.04542111	0.337957439	0.164085994	1.002883099	0.004545582	18.00311505	17.29057565	0.50514584	0.198330602	103.6343853	1.026596978	0.130637233	1.008674259	0.00648092	0.183307721	7.54604568	0.270626304	0.190701554	3.25557839	0.12095444	6.518849405
0.195758054	77.21396135	3.63514528	0.241141249	6.222264768	0.36961235	0.176223567	35.10640402	0.603964689	0.181589162	58.43750601	1.312200022	0.197578975	7.374234249	0.047645274	14.90272533	195.2417282	0.346361552	0.116600378	5.959280096	0.093666678	0.163480595	1.241004749	0.0202178	0.092871836	1.053187331	0.020256293	0.194136307	1.688717054	0.079238116	6.528308055
0.180832762	110.3293504	3.9275381	0.208176225	28.2073697	0.456795818	0.168364831	70.46313968	0.56924038	0.180382812	25.43029147	0.902369292	0.196159955	1.005774511	0.004976934	17.63875605	5.658328693	0.239690284	0.132624584	80.67271658	0.199759113	0.100869714	1.011582367	0.002038234	0.19613169	3.9824473	0.191499201	0.156503792	1.161492083	0.04051214	6.534419496
0.194421722	86.80290674	3.949983143	0.216874567	6.764061566	0.317986173	0.134129799	63.34326208	0.236173061	0.19969141	30.05172925	1.29638388	0.151526222	1.005774511	0.003668066	16.95348733	4.051836506	0.166338157	0.194311564	8.739475543	0.396957869	0.198490483	1.014498859	0.01838383	0.137246098	4.442852708	0.09754848	0.175807259	1.223268748	0.051592407	6.535015067
0.17447756	75.0405858	2.853716987	0.23725984	39.05241645	0.898983451	0.168335528	5.057384597	0.204020627	0.19938636	19.79584951	0.946997789	0.176412034	1.002883099	0.008640303	18.53101919	65.56984787	0.789648593	0.178297223	14.97248282	0.436405833	0.105217275	1.077725421	0.004740919	0.172901435	12.20454605	0.276231386	0.194795981	2.739109552	0.115927278	6.535313166
0.181744721	83.64014265	3.343803175	0.238702819	56.9428054	0.975265937	0.186386687	10.32769731	0.429452963	0.188085883	36.02791752	1.224901473	0.18163542	1.329783516	0.026548531	11.98708367	11.00298137	0.128075654	0.165750307	19.62561188	0.375567831	0.131567059	1.005774511	0.004580526	0.074641272	6.045682857	0.021579195	0.106954768	1.005774511	0.013500102	6.543275388
0.161415856	330.2451132	3.739678489	0.223629635	10.59879065	0.448396151	0.197908753	34.30708717	0.924511203	0.169273276	57.43674202	1.010911592	0.17438891	1.479253177	0.023113228	16.22043938	4.559473844	0.175449767	0.134147929	2.181899329	0.068747271	0.192234505	1.230332526	0.035747159	0.154735964	2.541565317	0.091435879	0.12180881	1.984149508	0.027692993	6.545683733
0.159342864	66.1816965	2.14423925	0.248742301	117.2917097	1.334199463	0.13556259	10.12164994	0.185955344	0.193572522	44.71081673	1.466969581	0.10510411	1.008674259	0.003793641	19.42067714	9.230841849	0.424802722	0.187601837	34.70444442	0.68191478	0.165031264	1.01742376	0.006108736	0.179467261	9.337756843	0.285273763	0.099087345	12.41719513	0.018255722	6.551513002
0.177725843	130.5716249	4.034752307	0.221881025	54.53611177	0.674643468	0.138254524	8.589808778	0.184424653	0.189194543	19.12363265	0.841998545	0.199185784	1.535665311	0.03890021	19.60345352	9.391677821	0.436169851	0.151540448	15.81429233	0.267181464	0.188668651	1.014498859	0.018725884	0.071052582	1.002883099	0.001350692	0.163698909	3.046989571	0.074965954	6.573113028
0.183359576	91.90380764	3.639467824	0.247799915	17.74443868	0.815192282	0.156224942	19.45683823	0.347499286	0.162547848	37.61783944	0.788580805	0.175544334	1.002883099	0.020041689	17.4255096	73.57269745	0.616211723	0.162478806	5.311061071	0.194203467	0.192894826	1.014498859	0.021681615	0.104871067	9.638201443	0.054156219	0.167455422	3.631951455	0.086752663	6.583787575
0.186197535	92.16657876	3.762464224	0.201101906	10.12164994	0.306247513	0.186072042	50.60297428	0.802324906	0.159407809	28.28869435	0.673960042	0.124419609	1.011582367	0.002404334	16.81433957	57.7684111	0.523326859	0.138441119	3.748810377	0.111488386	0.180502023	1.011582367	0.02094437	0.168026341	14.46405527	0.265367912	0.182896865	5.295792775	0.130508271	6.599036816
0.188066998	109.7011392	4.295364891	0.241645994	5.874112172	0.351564115	0.1857918	19.23406227	0.603246597	0.178179591	11.79011061	0.508049217	0.174091591	1.011582367	0.001407216	18.83481774	5.756918053	0.265070516	0.153767792	10.53793921	0.245949292	0.196673281	4.267342877	0.052699442	0.167226207	3.012102298	0.119295357	0.187072365	8.039449408	0.161630798	6.604277441
0.169667226	155.4126907	3.772307505	0.234804066	27.09306972	0.774774272	0.114950353	5.609668974	0.098107041	0.180223204	46.41588834	1.187095866	0.129023215	1.014498859	0.002271998	10.95500534	5.756918053	0.084731981	0.159195885	4.146239776	0.154685911	0.199466972	1.008674259	0.020978393	0.188066222	9.976994894	0.339044589	0.191593994	8.394232525	0.177823322	6.61182088
0.168291797	142.2484894	3.564592349	0.216016525	8.866187966	0.368317411	0.160112781	43.19255075	0.436533471	0.197774499	19.68219446	0.929694222	0.191370824	1.900289221	0.035349554	17.67390475	47.08886575	0.625933684	0.181552107	16.55978766	0.484739665	0.173903805	1.005774511	0.002200906	0.154717318	6.842405407	0.160033553	0.126921784	1.008674259	0.011678157	6.619072973
0.158896649	96.19951754	2.560564853	0.22710724	79.51977065	0.791105669	0.197148392	22.66411863	0.784283715	0.191908801	65.19338795	1.629760217	0.167470905	1.011582367	0.010582175	19.75019224	7.502721136	0.362391874	0.196648657	6.478177796	0.311611967	0.154280722	1.008674259	0.010468109	0.147242664	3.716571871	0.106922583	0.175540019	1.580518923	0.063216602	6.630907764
0.160708757	322.7874978	3.671268413	0.239190136	6.981696894	0.404508242	0.190408937	13.9327232	0.550277107	0.165281422	35.82106837	0.814713824	0.170831009	1.014498859	0.017913591	15.65808779	3.438619297	0.129202708	0.198361493	23.59626206	0.739048808	0.179960927	1.212749049	0.02832737	0.13107006	5.205100356	0.090791493	0.19518624	7.76645009	0.185622514	6.631674068
0.168017054	154.0872109	3.621575943	0.218914088	283.0498739	0.694552911	0.193949501	10.59879065	0.478128102	0.086144928	2.827241068	0.052416849	0.190931293	1.008674259	0.011419835	18.42867727	16.99446812	0.53956933	0.184692773	50.16780576	0.69837628	0.146183922	1.002883099	0.010205256	0.1968117	13.97289262	0.452208437	0.178267373	2.007130655	0.076895451	6.635348394
0.169550804	95.92524833	3.061587304	0.22598452	10.18009751	0.453748621	0.192460126	62.61799748	0.964067143	0.1783564	39.96229419	1.075110586	0.144863006	1.011582367	0.010971023	17.91234608	10.47743714	0.387896334	0.19347198	14.92943976	0.559248727	0.177782022	1.783663102	0.029895686	0.150984443	2.265107261	0.079826051	0.116228601	1.664582507	0.023242454	6.645593928
0.168270664	232.4454749	4.102954111	0.22052362	4.110583512	0.222943457	0.169484503	8.866187966	0.315098149	0.197746573	36.23596112	1.413805622	0.186239464	1.01742376	0.005551457	13.20398946	3.792230473	0.106144533	0.153575595	7.699661237	0.212475376	0.194875495	1.023298884	0.034730343	0.141530882	1.57597523	0.052827423	0.199827423	5.658328693	0.180655376	6.647185848
0.195599714	79.6774477	3.729278741	0.219019006	6.204376933	0.306151984	0.099237203	74.85461046	0.090727009	0.197381066	26.62909083	1.16020317	0.131348041	1.011582367	0.004749418	18.78353551	30.13837136	0.712117567	0.180027608	12.13447539	0.40934362	0.197799338	1.835760217	0.045596937	0.168777494	5.57746186	0.185903535	0.092010064	1.122050757	0.011717734	6.655789716
0.189817554	136.6747215	5.006043078	0.188822343	2.6233408	0.118542278	0.171329041	7.247947748	0.281990663	0.114857184	3.190626508	0.084169454	0.182838438	1.280934379	0.026562588	13.39179238	3.914246411	0.111798573	0.197278469	27.32808201	0.765627465	0.182331068	1.540092787	0.03196008	0.179452782	4.005443985	0.169731069	0.148315722	6.534371185	0.065560045	6.661985292
0.191718601	83.87928632	3.737146478	0.239539927	11.85819273	0.590960081	0.113013594	14.33966927	0.118241383	0.180375152	12.48889836	0.543420669	0.153630998	1.011582367	0.005855627	19.06738877	57.10697716	0.866042433	0.198143514	13.15314953	0.551445585	0.199587217	2.986199234	0.052693324	0.103982839	1.002883099	0.015980606	0.198651067	5.993692023	0.181192604	6.662978791
0.14935879	213.3645389	2.655775993	0.249662703	21.83156007	0.929132336	0.182621282	36.44520606	0.696005336	0.179835293	20.61002505	0.79513865	0.130694526	1.002883099	0.007731467	13.80590352	11.75621627	0.198217031	0.198238018	100.1152244	1.018763131	0.198430653	1.011582367	0.031752915	0.195371042	7.833818286	0.325507071	0.097754266	1.002883099	0.011585029	6.66960896
0.184376423	69.47319092	3.003228034	0.238201014	38.05354305	0.898584713	0.164718029	15.10235801	0.377697874	0.198408488	67.09755217	1.880597071	0.190914856	1.005774511	0.023498752	10.94824885	2.969054397	0.063567257	0.140040528	72.10485223	0.242430766	0.180656211	5.658328693	0.037503128	0.13563229	7.310818321	0.111722187	0.134240276	3.012102298	0.040980154	6.679809937
0.161117665	350.6514168	3.821215341	0.226892935	19.96756382	0.617961135	0.187876792	13.0776326	0.511566774	0.198911267	19.79584951	0.946791731	0.193041845	1.008674259	0.003554507	18.1927384	7.459645333	0.318379185	0.137803271	17.19130428	0.198971739	0.181154245	1.002883099	0.00566627	0.182661357	5.295792775	0.216319022	0.18009042	1.115608663	0.048888946	6.689314649
0.191675468	105.1021767	4.388602335	0.17588592	3.836153476	0.130995517	0.187658445	17.74443868	0.602253289	0.16830056	67.67957368	1.022180187	0.197304885	1.005774511	0.007388438	12.58623465	5.874112172	0.120317431	0.165206981	4.27964605	0.168619162	0.199524745	2.200825688	0.048974825	0.174445508	3.478446646	0.143707369	0.169867595	1.48779514	0.05668697	6.689725523
0.194888128	120.1959726	4.982566044	0.201920991	7.247947748	0.269751294	0.197647231	42.69800679	0.996398962	0.131068251	5.790161438	0.174414378	0.182350783	1.014498859	0.013151936	9.217719777	2.615799191	0.042357107	0.110819222	2.653725294	0.058324815	0.169343328	1.08707389	0.022209197	0.152887852	2.901453762	0.099111879	0.13035956	11.19469467	0.043693968	6.701979579
0.15992383	461.2240369	3.782997461	0.1940612	15.10235801	0.304548603	0.177855916	16.84832142	0.497968118	0.172100989	64.63274679	1.104683136	0.164451349	1.014498859	0.004936782	7.746399386	1.28462744	0.020558094	0.186055648	66.71232115	0.743750946	0.194979887	1.011582367	0.007675369	0.162530052	2.101748011	0.082464555	0.184082124	9.204304925	0.153800408	6.703383473
0.179409486	159.9138568	4.525224506	0.235360375	25.79900168	0.775286724	0.167085057	9.046677784	0.309225217	0.144429712	33.81678241	0.519739765	0.190479608	2.239172346	0.035623516	12.8190475	1.883947374	0.056391055	0.191484467	8.085873296	0.364771728	0.1787976	1.01742376	0.008751585	0.104142336	2.762869296	0.040994136	0.188344216	1.664582507	0.074965968	6.7109742
0.199341706	78.10083574	3.764661669	0.237832939	6.367236595	0.368511868	0.170624976	6.744616169	0.264614625	0.183914361	29.87919153	1.046053394	0.111372283	1.023298884	0.004642955	18.95830815	10.90835944	0.456438316	0.181827909	22.86071305	0.543252722	0.198340064	1.011582367	0.019818665	0.187404369	4.815824676	0.211353991	0.134428057	2.083673687	0.037249071	6.716597277
0.180564664	58.20222852	2.50929249	0.242869358	217.1871911	1.220896857	0.178487509	36.97361997	0.644509946	0.161908606	50.4575003	0.826892787	0.155496872	1.005774511	0.00381964	17.02213602	25.28428708	0.479119078	0.191405499	40.42515213	0.768639267	0.193797201	1.008674259	0.016824915	0.175202484	2.534258797	0.107731661	0.196083053	5.295792775	0.165493992	6.743220632
0.159919539	237.815847	3.443804738	0.238829697	17.69342677	0.713554224	0.164413365	8.491457603	0.286683477	0.170869516	47.77160057	0.992027571	0.187084312	1.011582367	0.011042438	16.16866642	14.67376756	0.339375663	0.185017632	23.19216731	0.581762459	0.188532745	2.918208238	0.041691868	0.162309835	5.265387736	0.163976223	0.193508486	6.572103982	0.170642399	6.744561058
0.18380499	92.16657876	3.65092217	0.240774058	18.74209801	0.757479357	0.147250261	77.26307577	0.339581578	0.131693696	6.941612478	0.202913499	0.101947955	1.002883099	0.001971595	17.76723984	90.77985764	0.68497578	0.193401481	18.1578643	0.614195244	0.135368843	1.011582367	0.006923839	0.181402781	11.38974835	0.317639672	0.199787958	5.658328693	0.180771164	6.7573739
0.174022021	192.5234413	4.357530549	0.226358949	17.19130428	0.581154186	0.181139549	7.001825819	0.303299694	0.175395997	15.14589961	0.609781379	0.134738904	1.005774511	0.00199739	19.13064216	11.68871963	0.487979213	0.163107985	4.815824676	0.182069887	0.198308575	1.008674259	0.03087234	0.176176482	4.857598384	0.18929317	0.136129925	1.277251935	0.031518639	6.775496448
0.197539427	74.40058156	3.565195853	0.228258756	230.0596528	0.861489843	0.168546204	44.45411596	0.533179118	0.180141614	32.10899087	1.01078961	0.185851683	1.303253072	0.028528499	16.27731599	92.09606199	0.480671093	0.118484381	7.227111269	0.104209634	0.197558854	4.005443985	0.053098542	0.090753491	3.66345594	0.032082139	0.168115443	7.833818286	0.106830843	6.776075174
0.187959729	93.2251979	3.867674807	0.247110146	78.15796503	1.246661834	0.140895787	68.46346331	0.288043767	0.193123896	13.30549413	0.629220832	0.170898318	1.01742376	0.003425451	17.36536021	10.6907273	0.362121501	0.100785459	1.603434644	0.035247941	0.180627621	1.014498859	0.013760917	0.176732719	9.310912558	0.270721143	0.170697382	1.94456384	0.068074851	6.784953045
0.197729869	63.77029	3.089860337	0.23979879	18.47424257	0.746510422	0.168677457	22.53399583	0.469199281	0.180864524	30.57534336	1.006091846	0.186868753	1.322148754	0.029485032	18.29258655	22.34021106	0.592343389	0.193565702	8.491457603	0.386853244	0.199164294	1.002883099	0.028575065	0.176990575	12.48889836	0.30304987	0.1908345	4.016992078	0.135243275	6.787211762
0.194696444	100.4089259	4.402160291	0.167606561	5.691002773	0.135900184	0.158106239	26.09781517	0.388274713	0.193091839	33.81678241	1.264961854	0.193106175	8.274265122	0.04393845	10.91020385	161.4551911	0.115836624	0.183190493	4.638917021	0.20731268	0.196534196	4.242842537	0.052431238	0.134975082	4.692646659	0.095476843	0.187183728	2.071710572	0.087798399	6.794091275
0.198970107	103.61244	4.714958738	0.212555767	9.693857341	0.36304292	0.194666692	7.633446747	0.363457067	0.144401251	33.14210547	0.517875817	0.192561512	1.341318402	0.032863531	14.52481667	5.545439659	0.163581035	0.175231275	19.23406227	0.450716579	0.110215528	1.020357094	0.005133839	0.143940328	9.445910166	0.143063141	0.171766241	1.178332393	0.048079618	6.802772287
0.169700389	304.8719502	4.478927819	0.168505112	1.841052896	0.073053153	0.114223475	4.404645672	0.087746834	0.185238967	54.53611177	1.367003609	0.152910954	1.008674259	0.01236013	18.85355919	8.789941739	0.386112638	0.150618539	6.629112111	0.189441883	0.163769282	2.455260203	0.023090812	0.157737379	5.72386553	0.158122071	0.149152579	1.062322951	0.034606139	6.810465089
0.192582064	107.8378863	4.518130809	0.23318849	10.15083166	0.497120151	0.183336529	34.4059979	0.697568566	0.148030099	6.348931994	0.223780528	0.198368061	5.593542236	0.048444256	17.44836098	11.79011061	0.386686173	0.166045358	9.445910166	0.291040553	0.183638685	14.88652045	0.042403668	0.145636417	1.989870008	0.067850231	0.137021383	2.786835139	0.042396497	6.815421431
0.195670914	96.47457094	4.318836363	0.143096155	4.546366219	0.077039125	0.199797228	11.03470406	0.521984995	0.16262473	21.21200132	0.631223265	0.180107007	1.005774511	0.003461152	18.13425522	23.05901279	0.57932057	0.197165174	11.72241937	0.506067475	0.167155625	1.008674259	0.00701368	0.137432861	1.598825073	0.051510327	0.199111284	2.851765288	0.125233979	6.821690929
0.177176409	193.0739038	4.68365408	0.190920294	2.239172346	0.104434586	0.131752007	13.49840861	0.185344022	0.187624288	23.73251893	0.955693184	0.137658468	1.01742376	0.006821823	14.79262548	8.943095573	0.218375095	0.17555904	12.8907317	0.391226353	0.18447852	1.011582367	0.015289166	0.137785722	11.45551857	0.128199885	0.194053756	3.54925771	0.133313147	6.822351341
0.179227917	248.2219699	5.276770709	0.132963244	2.083673687	0.047837879	0.190265979	8.565114702	0.387220749	0.138071695	12.74313603	0.323158272	0.187076624	1.011582367	0.016612168	17.51040856	12.38149804	0.401227057	0.107696533	159.6065693	0.101078908	0.163025779	1.083948758	0.019404971	0.175428183	4.455661893	0.175651685	0.195604493	1.566926993	0.074944015	6.823906411
0.164410328	217.0511106	3.731888308	0.246844534	6.862132741	0.418903504	0.173687178	7.54604568	0.297127766	0.191000088	33.33348491	1.223916819	0.161557079	1.01742376	0.006177102	18.35046457	9.151459722	0.375682686	0.181444102	12.13447539	0.416672155	0.198171753	1.005774511	0.020649012	0.198126478	6.725226672	0.304737596	0.175643346	1.047140607	0.044659443	6.840414391
0.161243879	129.8281549	3.000639331	0.200530624	25.50360952	0.387018846	0.178352516	15.72349682	0.486102933	0.192769454	62.07950381	1.64338276	0.193878699	3.559490572	0.041497258	18.59038634	292.1570725	0.893266005	0.109799342	10.03460716	0.090961747	0.188842152	1.044130275	0.031830782	0.162456969	12.70650192	0.227902872	0.142511063	1.718140854	0.04046279	6.843065324
0.185432424	109.7011392	4.157708514	0.230151713	17.29057565	0.623786583	0.153754335	42.94456689	0.380900496	0.145608144	44.07182555	0.559477697	0.189165305	4.040188242	0.037876245	19.71949615	9.721805694	0.452987648	0.167938895	9.098917922	0.2918874	0.144977446	3.836153476	0.014816521	0.178243221	7.524352225	0.25269422	0.165745315	3.274377763	0.080641567	6.852776891
0.170329218	286.3111813	4.455863615	0.17653575	7.206334691	0.174870344	0.166058324	19.56919195	0.423143614	0.167021122	22.34021106	0.689532564	0.175394976	1.280934379	0.023019839	18.47130192	20.72903786	0.58939604	0.196985299	7.567801678	0.360519449	0.194037951	1.280934379	0.037257551	0.129469399	7.502721136	0.096494068	0.084024688	1.002883099	0.008499473	6.858596557
0.174469969	238.4958094	4.740278983	0.216052868	10.35747309	0.396646131	0.137065082	5.993692023	0.154514309	0.128968961	5.071965539	0.151842877	0.146065872	1.011582367	0.005473758	19.86564038	25.28428708	0.821622627	0.167263074	9.257455283	0.293142782	0.163209198	5.205100356	0.024098917	0.149310803	9.177844288	0.158547524	0.197168427	2.630904152	0.115688462	6.86185637
0.160120185	132.8276776	2.974539471	0.247722692	20.96912918	0.890588091	0.183560364	11.19469467	0.439578227	0.1952449	57.7684111	1.681873655	0.163560949	1.008674259	0.006628389	14.4160443	5.326373387	0.157627677	0.176316182	20.49169553	0.471356452	0.166929075	1.002883099	0.01531811	0.164578014	5.642062068	0.174896914	0.148660178	2.876502237	0.054662477	6.867069463
0.19979923	100.1226555	4.638216834	0.231899415	13.00254924	0.559236037	0.168382042	8.442705111	0.301284364	0.146908796	8.250478175	0.278384937	0.197229237	1.005774511	0.023943813	15.61020702	14.75850139	0.306171895	0.164908861	18.63449293	0.363257069	0.167923014	1.008674259	0.0100258	0.189530735	7.268844301	0.289042639	0.187936471	2.676744394	0.104626825	6.874190213
0.196579593	65.61724772	3.15419873	0.196912538	5.513601309	0.216994676	0.17603926	10.93980932	0.391133174	0.198058373	65.94848166	1.847670265	0.19645938	1.014498859	0.011508093	16.26392344	11.99553867	0.321706027	0.187395029	25.72483442	0.632493351	0.186380724	1.008674259	0.021344001	0.194621961	3.847213487	0.183312094	0.18765816	2.646096336	0.103483651	6.883844061
0.187425497	78.32414144	3.401099907	0.21024856	5.466186196	0.256083546	0.189940342	28.61634437	0.757796014	0.192194177	52.68420368	1.530424285	0.165889345	1.008674259	0.014354739	17.26746355	36.97361997	0.546725357	0.146637577	2.371885791	0.082806588	0.199523147	1.011582367	0.021327147	0.172461381	4.158193797	0.16147086	0.180297399	3.902993693	0.112162382	6.884250825
0.198621235	63.77029	3.110936736	0.181651004	1.984149508	0.087397184	0.199809234	45.09864991	1.047354021	0.186869081	14.05357924	0.636842278	0.161339568	1.008674259	0.001649263	18.91715465	67.67957368	0.875684545	0.197644373	42.45286227	0.887395101	0.143111751	1.002883099	0.010809578	0.167933879	2.843567002	0.114233521	0.175948354	7.268844301	0.122664111	6.894966337
0.191761094	91.90380764	4.007797372	0.209094833	8.491457603	0.32614531	0.199286005	85.20844125	1.176523118	0.163276847	71.2792696	0.920483892	0.148025224	1.01742376	0.009408752	15.34918763	17.24086852	0.305017269	0.145361732	4.625581012	0.141272216	0.186244095	1.005774511	0.014389658	0.054667716	1.002883099	0.003704061	0.123060961	1.008674259	0.010504649	6.915246297
0.197932818	111.278419	4.903450546	0.223091926	28.28869435	0.624265695	0.143861629	2.802927748	0.095825329	0.19367796	14.71607349	0.696502808	0.189253046	1.01742376	0.007686825	11.14520539	1.566926993	0.040030469	0.161024067	11.03470406	0.283198105	0.168995756	1.014498859	0.002679494	0.15256208	14.05357924	0.18833919	0.194496256	1.7683242	0.083042281	6.925020742
0.191189323	120.1959726	4.755881652	0.183957927	1.933399404	0.0867249	0.175593252	26.24851728	0.561808235	0.194623511	24.14602864	1.059863367	0.180491434	1.014498859	0.00580124	16.04570451	4.970775007	0.184563475	0.134347037	5.959280096	0.134639086	0.145973188	1.216245525	0.013611812	0.052953505	2.868232838	0.009612695	0.198189483	2.843567002	0.123135214	6.935641676
0.192332871	67.32520222	3.132887434	0.236321953	120.7175583	1.012460862	0.198120248	14.50575657	0.621619207	0.175679377	37.83506406	1.016358132	0.190943595	4.999478801	0.039522568	17.20696495	5.707410499	0.232497484	0.186719058	26.02278889	0.627551494	0.199530038	1.011582367	0.035107138	0.182148497	3.274377763	0.145208036	0.156723417	5.756918053	0.076958026	6.94017038
0.160921328	106.3093732	2.767856746	0.240188057	10.75246102	0.558886985	0.19455496	38.94014814	0.91229348	0.199785398	58.77495402	1.811255757	0.177578794	4.417344703	0.02882353	17.82490332	9.582865085	0.36371368	0.177569738	6.941612478	0.28052409	0.177502492	1.005774511	0.021761222	0.158291601	9.41875496	0.191872266	0.061817681	1.927841246	0.005150209	6.942137965
0.193684371	86.80290674	3.907787861	0.200170798	6.010972432	0.239099776	0.199243445	57.27162224	1.085548517	0.197577511	28.12627885	1.215253738	0.178116688	2.265107261	0.027290209	14.4323023	28.45204772	0.273291611	0.123246273	1.830482754	0.052328039	0.1633194	1.014498859	0.015519993	0.147364677	4.719744398	0.120860352	0.122180174	5.993692023	0.033279786	6.970259882
0.187940811	113.8493725	4.396442073	0.159691939	1.862376645	0.067066374	0.167850783	7.12382395	0.266403641	0.185528335	20.78880174	0.853110644	0.186281805	9.230841849	0.036710398	19.06699389	44.83972245	0.835751193	0.168835165	4.206355521	0.170891911	0.115238334	1.011582367	0.005100241	0.170851775	12.20454605	0.26745087	0.15597837	5.042845572	0.074292177	6.973219522
0.160984653	292.0909099	3.671186096	0.243227871	8.891750066	0.504158223	0.184702591	29.62224056	0.688765062	0.187050309	45.48984726	1.318299124	0.096531083	1.011582367	0.001275867	16.94166485	15.72349682	0.406858921	0.172140865	5.993692023	0.236980839	0.165750118	1.014498859	0.011165881	0.129635424	4.885648638	0.08637065	0.15383586	1.905767944	0.052074955	6.977135617
0.160825249	244.7036283	3.528975913	0.201029197	4.815824676	0.210825509	0.186710268	23.19216731	0.660311498	0.15175503	42.69800679	0.639536513	0.16188784	1.002883099	0.010789226	19.47380556	81.13856205	1.014687462	0.188066927	31.65010053	0.675739719	0.183323442	1.008674259	0.007693243	0.163326377	3.559490572	0.130027745	0.17756102	3.508619592	0.102089385	6.980676213
0.19803108	71.6897105	3.457297108	0.247186513	30.92947819	1.018062926	0.176196884	9.891196101	0.369425203	0.179719993	35.92434407	1.066124246	0.137261666	1.002883099	0.006750522	15.37598332	16.13622535	0.299721923	0.185604261	12.20454605	0.446446323	0.183328592	1.008674259	0.025045373	0.162841932	8.565114702	0.204234219	0.159786808	10.53793921	0.090335707	6.98344355
0.172142915	220.80138	4.409907654	0.205225391	3.936849269	0.190763522	0.162561264	10.56832113	0.314449633	0.168926438	22.14809278	0.704682629	0.170054193	1.322148754	0.020615258	17.52144791	26.47620371	0.535326661	0.193464473	15.10235801	0.558727261	0.18342088	1.793962883	0.033478144	0.161354865	7.721860125	0.189622318	0.146557941	1.026249157	0.032649245	6.990222327
0.191570114	104.5037288	4.36210166	0.209471098	24.92293299	0.467804295	0.097537317	7.164960549	0.070171341	0.173680981	17.54126927	0.658746276	0.145383402	1.008674259	0.009479762	15.41655904	4.857598384	0.168912517	0.196724067	73.99754378	0.960850912	0.176796382	1.011582367	0.001300701	0.184589724	5.028348345	0.213673394	0.197738952	1.94456384	0.092299881	7.005340738
0.19705426	85.08530025	3.993091874	0.219148516	10.15083166	0.411220247	0.0942184	4.391983149	0.056759259	0.194411664	42.20912522	1.4533135	0.183239708	1.014498859	0.01634503	17.67192118	7.589620402	0.305447596	0.188820699	8.891750066	0.379987912	0.130410194	1.867746062	0.009729845	0.19331927	5.160338248	0.236264514	0.190335896	4.885648638	0.146920442	7.00908022
0.19217151	89.57232527	3.949315582	0.246367082	6.822734785	0.414554532	0.176466768	76.81948085	0.693169724	0.186289371	40.77581035	1.259968223	0.14651227	4.291984694	0.013114256	17.29750245	7.416816844	0.286871557	0.177291557	6.572103982	0.269123039	0.190528436	1.008674259	0.018347809	0.1197782	1.7683242	0.044556402	0.19198148	1.548986069	0.072396212	7.021417335
0.195294347	73.97694741	3.480528951	0.229606219	36.23596112	0.763772873	0.180226755	86.19535665	0.77078063	0.174124109	51.18907648	1.076917897	0.155668879	1.011582367	0.007603844	12.40498076	7.144362642	0.124585451	0.197682712	13.00254924	0.545483992	0.197415388	1.014498859	0.028327073	0.152754088	5.205100356	0.13829841	0.195403582	1.894826249	0.088449128	7.024748249
0.179230979	285.4948951	5.388972386	0.122653754	4.559473844	0.0486992	0.118431165	20.14076763	0.144080667	0.19803383	16.37018221	0.794087864	0.171493217	1.008674259	0.016402745	14.47793179	6.803120713	0.182356766	0.156052773	17.24086852	0.298090202	0.187445122	1.011582367	0.008192528	0.151293511	2.065754796	0.074106932	0.158153625	3.46844677	0.070630434	7.025619726
0.150291153	435.6249006	3.011287265	0.238139582	43.94512738	0.927143565	0.17797462	4.857598384	0.210659897	0.163638164	20.78880174	0.628051936	0.169141341	1.011582367	0.008674436	18.99140398	36.55028121	0.777552288	0.195022795	334.4884263	1.018959798	0.095353967	1.062322951	0.003577354	0.19286572	10.03460716	0.365138125	0.17254851	2.420170492	0.078889185	7.029933848
0.195577833	153.6479012	5.784193704	0.191502754	5.740368002	0.205047078	0.130033829	8.22675961	0.154839253	0.126017147	4.391983149	0.128952424	0.198252401	1.002883099	0.008731425	18.19064921	7.289801101	0.312331748	0.14771883	5.691002773	0.16541597	0.106166381	1.008674259	0.001463047	0.158198209	10.50764463	0.197166879	0.181115872	2.16313573	0.08399388	7.042135408
0.171801549	362.873405	4.853863252	0.090051346	1.002883099	0.003205963	0.185840429	6.45955426	0.291711961	0.194582782	23.86956262	1.04594086	0.193399756	1.01742376	0.029359791	19.965107	7.438200263	0.364177305	0.188346288	7.331896136	0.326670831	0.131052605	4.942236012	0.010466462	0.155327199	1.889378982	0.070420198	0.134104561	13.0776326	0.048778028	7.044594651
0.177369855	147.6274665	4.232945879	0.192574781	9.94831292	0.263466706	0.129164156	82.79030735	0.212296811	0.179552059	15.76882923	0.655929394	0.175885382	1.011582367	0.006348605	14.64328928	11.89238108	0.236723187	0.19850831	61.1922855	0.96116192	0.195060723	3.428733917	0.049668257	0.19001226	6.648224499	0.275603252	0.197862237	4.098766361	0.153317758	7.04746177
0.166022089	225.2586703	3.854219627	0.225930348	8.203109232	0.397500186	0.155303677	17.29057565	0.331052858	0.191312529	43.81879345	1.409229745	0.092897857	1.020357094	0.002513411	16.22739302	5.205100356	0.195859033	0.163733727	10.56832113	0.292002109	0.112368987	1.002883099	0.002320182	0.19392451	15.72349682	0.449090685	0.198607534	2.85998721	0.124097276	7.057885111
0.194874699	69.27511968	3.277007092	0.245149569	8.29812065	0.486476556	0.180243655	15.72349682	0.502772612	0.198794971	17.74443868	0.856572313	0.179714923	1.03813555	0.023828094	19.99568933	44.58228158	1.012796054	0.178924398	31.01865095	0.55132746	0.148687474	1.002883099	0.011260412	0.18810634	5.959280096	0.249721912	0.199951496	1.867746062	0.090762106	7.062524612
0.170687687	139.4337573	3.671451482	0.220895514	7.947399712	0.369571481	0.163066849	32.48088897	0.454440217	0.182791072	32.85709453	1.071819314	0.164123142	1.002883099	0.014177933	19.46657761	44.96899982	0.905365719	0.199360586	6.294333319	0.307933435	0.188264743	1.005774511	0.003417167	0.180326755	3.064584445	0.134657002	0.191218674	4.040188242	0.136203011	7.069036761
0.166406225	130.5716249	3.32031731	0.219628024	14.50575657	0.489115279	0.175131427	10.50764463	0.378767017	0.190398661	28.04542111	1.107369445	0.102549557	1.002883099	0.002205434	19.41912926	18.79613333	0.666860527	0.19917702	14.33966927	0.589854307	0.196255924	1.014498859	0.009247818	0.198010201	11.22697009	0.413843185	0.195957357	1.989870008	0.092685117	7.070265439
0.165439826	124.3854145	3.206720746	0.215134035	4.075233879	0.213402455	0.191831391	88.712945	0.997041084	0.185515328	25.94797829	0.984258531	0.148990325	1.005774511	0.010950897	18.66908883	10.50764463	0.430031558	0.191757537	238.8331044	0.928396706	0.175440282	2.770834922	0.030343314	0.168207676	16.04358152	0.272582473	0.097095378	1.008674259	0.002080318	7.075808081
0.178416776	332.1362848	5.554815183	0.159763731	4.218482862	0.105040621	0.13914443	2.819113285	0.092632432	0.186820157	22.53399583	0.922528976	0.142872173	1.002883099	0.00823866	13.27818129	3.993929091	0.11088501	0.181972478	4.815824676	0.213732725	0.194983378	1.011582367	0.009656614	0.110018968	1.496386429	0.034223594	0.116550457	2.344728289	0.025582213	7.077336029
0.172710993	239.8615723	4.517197753	0.209213011	4.985106245	0.236961476	0.151801883	15.81429233	0.299390974	0.199342298	20.9088469	0.990078873	0.141794295	1.005774511	0.005281322	13.5304287	13.19107137	0.18994252	0.199474618	22.0844212	0.742345018	0.088621752	1.014498859	0.001794918	0.134865339	2.699963167	0.073213613	0.119876442	1.466532098	0.024416749	7.080623215
0.175284936	148.0495626	4.103211792	0.234988182	70.87002985	0.939382173	0.194442372	90.25865805	1.075092051	0.136658011	9.204304925	0.263597673	0.13685622	1.008674259	0.007656886	13.78035977	5.028348345	0.138401284	0.199353017	8.370100694	0.400604342	0.194829239	1.008674259	0.011164838	0.121650988	5.976461292	0.077074838	0.165673011	2.181899329	0.067050845	7.083236721
0.184577038	92.69437709	3.723935824	0.247569317	83.99067234	1.253169416	0.177279557	87.19370286	0.71027411	0.164975625	9.125151006	0.361881769	0.186585088	2.05389456	0.032492636	12.53877487	2.047990001	0.059775745	0.184833267	60.49164905	0.713925052	0.194794509	1.55345195	0.040307771	0.167572222	2.762869296	0.111046956	0.186258963	1.95017021	0.082911823	7.089721102
0.182745539	182.3577989	5.085812654	0.216598564	6.330680015	0.303776545	0.158610459	3.82512526	0.14564488	0.1419812	9.976994894	0.298732277	0.178548074	1.011582367	0.009743162	18.3695686	21.21200132	0.58225529	0.171652914	8.274265122	0.293911517	0.194890976	1.008674259	0.028560831	0.175672412	12.27502133	0.292742057	0.141939238	3.9824473	0.051526717	7.09270593
0.157851265	355.6930727	3.512270387	0.237042147	19.85292291	0.734916599	0.170275644	8.22675961	0.304521949	0.198913982	67.09755217	1.882251747	0.166530874	1.005774511	0.010635479	16.00278884	8.442705111	0.260730887	0.162542085	6.168755389	0.21594468	0.191731568	1.011582367	0.030066575	0.122366382	6.496855026	0.080163702	0.153270096	4.098766361	0.066715837	7.098217842
0.176631366	308.373689	5.189384315	0.229538099	12.45299514	0.533279243	0.192527437	11.5548867	0.498038224	0.103116471	7.416816844	0.129667096	0.110057433	2.239172346	0.004791249	14.95187226	9.862760783	0.232289753	0.181318652	4.65229148	0.205607897	0.11982539	1.32596064	0.007242106	0.173344171	9.693857341	0.25974631	0.190469527	1.30701048	0.0609298	7.120975992
0.1802671	124.7410569	4.153366143	0.189828092	2.462338961	0.113136123	0.178285965	32.5745346	0.629238718	0.163288745	18.52750564	0.591143503	0.191162411	1.014498859	0.007196277	17.82674455	21.3959997	0.527807505	0.192562972	53.14120009	0.837506482	0.174617869	1.002883099	0.007775577	0.113749236	3.18145406	0.053239678	0.199769767	8.714351203	0.211458425	7.131868431
0.171256027	431.9095539	4.87216009	0.243376014	7.35303472	0.435345759	0.186098968	11.89238108	0.470803615	0.158871733	12.96516937	0.448972258	0.156713521	1.099664778	0.014706111	18.06769902	10.20944774	0.391778149	0.170464093	15.76882923	0.389103908	0.131944692	1.106014805	0.009551402	0.157846005	1.967086491	0.074637341	0.151403624	1.035151107	0.035040177	7.142098809
0.166631277	304.0027464	4.178732795	0.209803196	3.925531572	0.197499649	0.180710175	29.70764442	0.642943757	0.17497628	19.4009035	0.720142841	0.118676187	1.112401499	0.005788821	19.81971309	22.21194793	0.770292203	0.179852187	10.56832113	0.379089421	0.19285292	1.011582367	0.033672401	0.126822141	9.391677821	0.094668398	0.199232395	2.786835139	0.123742602	7.146572888
0.180635802	107.2238614	3.858789936	0.186234176	19.91016085	0.268457032	0.179041577	32.7626366	0.631766528	0.175085092	10.81455123	0.457773179	0.171361756	1.005774511	0.016920598	18.96035817	350.2564136	0.982574776	0.185671516	11.32435573	0.429380532	0.19060513	1.011582367	0.013920063	0.192182239	14.0940971	0.416339754	0.16227737	8.418433931	0.092837839	7.168760238
0.170707584	86.30865422	2.931114445	0.245143654	28.86456994	0.951072749	0.191884735	14.58952022	0.5791078	0.197262494	29.96533621	1.253780236	0.188099316	1.014498859	0.005861297	19.35500224	20.43278578	0.680806725	0.184045541	11.16251204	0.416381262	0.164080531	1.014498859	0.016344346	0.190334879	7.416816844	0.296160778	0.153220698	1.492084601	0.045310604	7.175940244
0.194313599	133.97028	5.299484248	0.18943878	6.204376933	0.205125246	0.16382252	38.05354305	0.470106425	0.148627176	25.50360952	0.521684973	0.165398135	8.467046268	0.022005795	16.79583537	4.122434732	0.167813635	0.144543336	128.6107644	0.279706917	0.184523177	1.014498859	0.026453774	0.138473227	7.042257938	0.116836323	0.187954433	1.693585793	0.075758236	7.184975572
0.192999006	92.95940861	4.084819034	0.232205929	25.43029147	0.729291253	0.109793121	3.264964546	0.069130287	0.180395543	14.50575657	0.619196254	0.195207297	1.008674259	0.008143668	18.86639643	8.789941739	0.386134288	0.198519884	32.5745346	0.842984635	0.161356413	10.90835944	0.02354922	0.1875735	10.15083166	0.334493175	0.187696602	2.138368364	0.090063141	7.187804956
0.187370984	115.1570388	4.394700684	0.119126768	5.593542236	0.045552773	0.197000208	47.08886575	1.007529092	0.133400228	57.93496317	0.437359007	0.164724167	1.241004749	0.01827464	19.11568433	18.05361352	0.617198007	0.176523065	11.82410267	0.379718485	0.129269713	1.014498859	0.003155405	0.191805114	5.674642216	0.251223276	0.128356184	2.469438129	0.03382315	7.18853452
0.179053138	174.2147622	4.683131976	0.144166989	1.209262625	0.040168148	0.111826045	11.42258612	0.110533815	0.186373438	12.56101564	0.571839191	0.19975669	1.30701048	0.037339081	18.6592437	151.110563	0.890121023	0.191705403	24.00739766	0.660404936	0.199288471	1.005774511	0.021750241	0.13813846	12.77987575	0.131103021	0.15948595	1.322148754	0.045889971	7.192281403
0.192988852	117.1467541	4.770935393	0.223032848	13.73360164	0.502303093	0.117419623	1.878531382	0.050956139	0.137411702	17.59184249	0.368351961	0.190598356	1.333617414	0.031452209	17.28704252	15.27727905	0.428714852	0.198857652	21.83156007	0.722005492	0.168785739	2.083673687	0.025494246	0.195502321	6.515586104	0.288999877	0.102424087	1.911262462	0.017148008	7.20636127
0.198603264	77.65613248	3.736778237	0.232310624	9.834407211	0.47988152	0.191705416	42.69800679	0.885659396	0.177461104	51.48466835	1.161899175	0.182930691	1.005774511	0.019474647	15.17681091	15.36549787	0.281741443	0.196910801	11.65511677	0.50238765	0.192483398	3.370015575	0.046008032	0.167595763	2.483697926	0.100456347	0.102852597	1.005774511	0.001715679	7.216002126
0.165894072	440.628459	4.34449098	0.245678387	15.01564998	0.725514254	0.147203616	9.125151006	0.225366501	0.158475987	8.274265122	0.313179619	0.186298048	1.424913323	0.029305627	17.86935815	57.93496317	0.664161077	0.192508115	18.63449293	0.609712501	0.190651218	1.011582367	0.01535681	0.1630077	4.625581012	0.153798465	0.188206605	5.190136677	0.142523117	7.223408951
0.183575777	80.59261752	3.33713701	0.232722606	4.665704498	0.268515909	0.192107436	25.50360952	0.753726757	0.189112021	73.36118985	1.594753042	0.173363363	1.014498859	0.014348057	12.73441227	3.727287117	0.098199798	0.196044598	371.0157516	1.050988689	0.196584278	1.526848508	0.041944769	0.111078281	3.003443073	0.049629317	0.104330452	1.266267999	0.016270731	7.22551408
0.180931028	194.179555	5.05492113	0.184563216	36.8673278	0.279834345	0.131098584	17.19130428	0.191028948	0.172206474	77.70923223	1.151532042	0.199499413	1.005774511	0.030360236	16.62240966	4.999478801	0.196434912	0.15834631	3.163188196	0.120565221	0.184170271	1.496386429	0.032835277	0.178299217	4.016992078	0.167919586	0.117540526	1.008674259	0.004589571	7.230021269
0.166600684	237.1378231	3.972528672	0.244345254	11.82410267	0.622714802	0.187369113	47.22462763	0.815034163	0.172034339	15.58828005	0.599690162	0.160126611	1.01742376	0.013091142	13.98285039	45.75252887	0.256835998	0.184657547	59.79903471	0.706262227	0.169055654	1.09650345	0.022009813	0.158751718	10.38733471	0.201145881	0.128068493	1.318347826	0.02773067	7.237043532
0.192288323	137.8504167	5.212270787	0.199508912	10.15083166	0.301345568	0.191985264	14.71607349	0.577106204	0.119496211	4.692646659	0.127311598	0.1118658	1.014498859	0.002277185	14.10311896	55.48633588	0.267435595	0.170200555	19.34512957	0.40937676	0.144257809	1.002883099	0.011930742	0.155852144	7.54604568	0.171619462	0.191867953	5.497750747	0.156785479	7.237459381
0.183282918	133.5883246	4.483138531	0.228328173	326.8726581	0.876526349	0.117146441	4.110583512	0.089271985	0.153318144	19.23406227	0.512028289	0.198701401	1.014498859	0.018324015	12.85629538	3.246219218	0.090971572	0.196238341	24.56674324	0.727895795	0.158131122	1.01742376	0.007139849	0.180929428	15.23335977	0.349117628	0.177283545	3.18145406	0.098267479	7.252681491
0.179321033	162.2130936	4.583641565	0.238915126	41.36701307	0.947643199	0.190493331	13.89266925	0.548868968	0.108607599	3.209050815	0.07954973	0.146134336	1.014498859	0.006414403	16.73157343	178.5718316	0.557533537	0.16906908	7.856403961	0.273471523	0.191141733	1.412659549	0.036710831	0.156323587	9.862760783	0.188481604	0.150623267	1.011582367	0.034064112	7.256379471
0.181764883	102.7287529	3.800679639	0.227585498	5.756918053	0.314258711	0.193438588	12.27502133	0.526834934	0.198526033	51.48466835	1.700750462	0.14908534	1.011582367	0.004641642	11.74920529	2.371885791	0.061927415	0.188859184	9.891196101	0.408244826	0.197811675	4.146239776	0.053489038	0.176704831	9.638201443	0.275885703	0.195275592	2.73123513	0.115869403	7.262581773
0.17044519	193.0739038	4.084228406	0.23016065	8.039449408	0.413847838	0.171064116	5.013892794	0.207404861	0.196596234	40.6585876	1.471014585	0.19885127	1.380495543	0.037202619	16.76966621	31.83286437	0.472464341	0.174098693	4.638917021	0.19505849	0.15986672	1.002883099	0.005734748	0.175338938	14.54757811	0.305643604	0.182651394	1.748077328	0.073575382	7.266174874
0.170514583	195.2915378	4.131472399	0.242067785	57.93496317	1.070546009	0.195352667	41.01127071	0.93921836	0.149654137	18.68821802	0.475713879	0.183938442	1.005774511	0.00196476	13.16146849	3.350667111	0.096990045	0.191855457	7.611502031	0.346999817	0.149424651	1.005774511	0.014130254	0.190443713	3.695233704	0.172065377	0.099200709	6.240204175	0.017810451	7.26691135
0.196865958	86.80290674	4.047263586	0.135662091	8.789941739	0.073351035	0.198678405	33.91427955	0.949677591	0.185211108	19.51293423	0.819093363	0.195392255	1.580518923	0.036230457	13.37411603	2.213534379	0.069674776	0.196772324	78.15796503	0.964449363	0.198854021	4.110583512	0.055456526	0.14788037	12.70650192	0.165232139	0.171921748	3.781328527	0.094945249	7.275374085
0.198324843	105.1021767	4.727556088	0.235458331	26.40008963	0.77338943	0.171165451	36.6556593	0.545828313	0.088723285	6.862132741	0.091572573	0.163743213	1.014498859	0.005693916	15.57151169	10.09255211	0.263500786	0.160302431	44.83972245	0.390647933	0.190571825	1.557930706	0.037444318	0.192897522	10.53793921	0.3723137	0.155068463	3.925531572	0.069171077	7.277118134
0.195977219	107.2238614	4.696571161	0.248851835	20.78880174	0.903039542	0.145061278	6.080593718	0.176132464	0.195495548	16.41737907	0.782632932	0.198604122	1.693585793	0.039433846	12.56407318	4.829709176	0.110152393	0.166083934	7.924552441	0.264031836	0.187327595	2.653725294	0.039995184	0.174669548	5.466186196	0.200495825	0.167742801	1.933399404	0.064893874	7.277379057
0.198260301	61.97531942	3.012349825	0.241985259	26.55253723	0.876454675	0.189428549	31.74135091	0.778819717	0.17138278	47.36078092	1.000704216	0.178368072	1.005774511	0.014742363	17.75194171	17.89835853	0.489032947	0.193034628	157.7791138	0.93496089	0.190988431	1.005774511	0.032334372	0.121047467	3.781328527	0.066642696	0.181321851	2.337987638	0.088136301	7.294178001
0.177074964	129.4580089	3.998545034	0.248877696	128.981562	1.369391964	0.17453244	21.15102082	0.513733905	0.14710161	5.691002773	0.199728634	0.189051032	1.011582367	0.004965308	19.97329735	23.86956262	0.803624245	0.156217005	4.760684681	0.167018489	0.177901209	1.01742376	0.009898159	0.156792064	13.26724335	0.201986302	0.162937088	1.002883099	0.030724222	7.299616264
0.18491885	156.7495725	4.986768545	0.233466791	6.981696894	0.38529132	0.126827951	2.27163779	0.067262984	0.192255953	26.47620371	1.086632998	0.193908475	1.540092787	0.0353883	15.97415514	19.17876798	0.358672908	0.165347601	3.674018048	0.146447983	0.192749765	1.011582367	0.0077901	0.147989498	6.59105201	0.138960771	0.168387961	4.559473844	0.094998385	7.308214294
0.194730286	71.48531986	3.373292579	0.239522718	202.1046911	1.13685278	0.189566452	22.86071305	0.697253501	0.167144458	22.27598718	0.687677433	0.187826409	1.005774511	0.019360424	15.91219612	48.74409152	0.411583741	0.193872157	21.33449025	0.66585627	0.184875549	3.559490572	0.039057125	0.171118018	8.250478175	0.234536835	0.159511961	1.266267999	0.044678656	7.310149343
0.177097632	185.5086275	4.576300802	0.23112074	21.51955113	0.679859832	0.189903661	10.97134988	0.467239047	0.186693159	16.55978766	0.733335023	0.176409217	1.002883099	0.011960606	14.1302714	5.891047821	0.159013599	0.190879404	17.39042027	0.576984555	0.167005584	1.005774511	0.010532258	0.089136016	2.505242164	0.02783471	0.198095365	1.505027329	0.073127677	7.316188109
0.187494661	207.3588728	5.801407676	0.168783086	1.603434644	0.065159102	0.160555759	10.56832113	0.301342064	0.191497178	12.85367329	0.602478154	0.157965117	1.01742376	0.011443327	15.90403877	3.621510281	0.138322165	0.133937159	2.483697926	0.077288219	0.188997037	4.455661893	0.043997868	0.165556522	4.242842537	0.150958567	0.181925699	5.756918053	0.131768893	7.324166035
0.174532767	380.9206273	5.237788514	0.120323291	12.34590358	0.051429586	0.193721101	35.61540682	0.870527839	0.132319456	5.175216015	0.16017691	0.19622905	1.026249157	0.03210236	19.28624162	10.23888259	0.452698359	0.136744712	2.245628102	0.072383873	0.192736811	1.011582367	0.005160069	0.199747229	9.310912558	0.384534016	0.143463496	6.667391991	0.057736482	7.324538009
0.169202852	493.9363821	4.741913415	0.24185266	19.45683823	0.787109575	0.165907202	14.71607349	0.385621809	0.137886288	6.496855026	0.207220978	0.181371806	7.901770851	0.032802038	18.84878456	24.35547754	0.668941907	0.181194103	6.258195303	0.268571519	0.131088441	1.008674259	0.001239148	0.180002307	3.046989571	0.133721681	0.173960032	4.417344703	0.103503981	7.330646051
0.179125862	155.8570463	4.476925238	0.233898906	5.891047821	0.335190984	0.130605352	5.450471945	0.131698429	0.180634609	26.86007845	0.944296044	0.143397497	1.002883099	0.002359192	18.63169072	6.822734785	0.305991617	0.194546594	27.24951894	0.734410925	0.152794974	5.545439659	0.018810845	0.189372502	8.866187966	0.323548908	0.197015922	1.7683242	0.08455321	7.357785392
0.17953764	278.2522538	5.470388041	0.244541356	17.84690413	0.785002777	0.096753917	2.827241068	0.049867094	0.10583443	12.09959107	0.165485479	0.120777643	1.002883099	0.002514681	16.87855362	75.93991689	0.54530693	0.139706396	11.62161052	0.189522302	0.195008728	1.011582367	0.031055646	0.165083024	3.091167443	0.119232328	0.054529709	1.002883099	0.00361107	7.361986349
0.170845311	271.193349	4.482044358	0.183077514	4.942236012	0.168233571	0.138345474	64.07692696	0.264687921	0.187684861	41.96678756	1.299807932	0.185035578	1.011582367	0.015941243	16.68679543	31.83286437	0.464678356	0.177184863	11.38974835	0.380982289	0.158626889	1.008674259	0.004510022	0.133068439	9.125151006	0.110252299	0.190489011	8.689299091	0.173148028	7.36428602
0.173979184	198.0994338	4.403800122	0.241498984	5.908032296	0.353353362	0.186474404	17.54126927	0.584750098	0.183514258	14.97248282	0.65342539	0.142278016	1.002883099	0.005467928	15.68826305	10.09255211	0.271115925	0.172942972	34.70444442	0.502037518	0.160988694	1.014498859	0.014688168	0.19193961	10.62934802	0.369937616	0.197086525	10.18009751	0.208310024	7.366886151
0.169845726	212.7562269	4.189064605	0.243805956	15.58828005	0.723905918	0.172608922	17.69342677	0.466623828	0.156991704	71.89756441	0.805845655	0.196518915	1.014498859	0.004325262	17.86510045	12.92789696	0.434513628	0.18197182	50.02358281	0.645171839	0.141986664	1.005774511	0.009844326	0.123659318	1.851684076	0.048797796	0.183771818	1.280934379	0.057209678	7.385302535
0.171685651	126.5345802	3.592394212	0.229405077	23.39334216	0.673147439	0.171723763	19.28951598	0.468635243	0.186902474	43.31707916	1.296339161	0.193879408	2.399357842	0.038499144	6.878015606	2.05389456	0.022072159	0.199514509	61.36870893	0.983635125	0.177911528	1.01742376	0.011990719	0.152153631	4.788175306	0.131784325	0.187731433	9.919713402	0.170856764	7.38935429
0.182101786	145.1200422	4.592487246	0.202230633	17.54126927	0.370839623	0.199951854	27.64460587	0.899760139	0.149849154	8.866187966	0.30497501	0.179626959	1.01742376	0.011337145	12.28947535	1.693585793	0.048253227	0.197864698	35.82106837	0.852989066	0.178385785	1.168199132	0.027320741	0.181066731	5.874112172	0.228056693	0.149107115	3.218302827	0.057391761	7.393410649
0.160186724	406.7743995	3.779436083	0.227181087	17.64256152	0.596150388	0.193408299	52.38172485	0.946223565	0.150121363	39.61863193	0.607580013	0.144568232	3.109017423	0.012336761	18.50042922	305.0500446	0.873074931	0.197116391	8.132565258	0.385394526	0.198876839	8.274265122	0.058904844	0.141742064	5.497750747	0.11546538	0.110758275	2.462338961	0.022159744	7.396726236
0.185396723	92.95940861	3.74747474	0.228214783	8.789941739	0.429081565	0.183138576	54.06711959	0.776133324	0.186254789	31.37792033	1.108111352	0.184237321	1.014498859	0.019375638	14.4811083	22.02093266	0.261777239	0.189823101	49.73637955	0.775322659	0.170397426	1.005774511	0.010703422	0.178881322	4.122434732	0.171860738	0.199482309	2.083673687	0.099415353	7.399256031
0.179591217	133.2074582	4.186774723	0.235643508	7.811297539	0.426503623	0.198013117	22.21194793	0.782349692	0.167776998	25.35718419	0.745168249	0.121319283	1.005774511	0.004052292	19.36836163	11.35700497	0.491554864	0.153498422	51.78196712	0.331115399	0.135296559	1.008674259	0.006482518	0.178138787	10.12164994	0.285851892	0.189086664	4.585802575	0.139807006	7.399660259
0.190533234	132.0713618	4.971180738	0.202266424	4.146239776	0.192878122	0.184405345	8.664319	0.370456175	0.147236105	17.44055857	0.441434255	0.17475466	2.969054397	0.025950693	19.05699963	119.3353723	0.946785426	0.166249545	3.580044889	0.143661549	0.176155429	4.999478801	0.033137358	0.180965519	5.529497568	0.218413777	0.173833759	1.683862312	0.064969203	7.408867294
0.166262883	457.290361	4.399174991	0.239122786	38.94014814	0.917499021	0.157660123	4.158193797	0.156129037	0.18060146	18.68821802	0.750636725	0.186158735	1.014498859	0.01518596	18.09336882	14.92943976	0.484589275	0.180103622	19.73894018	0.504815831	0.181338422	7.856403961	0.039084472	0.115446287	2.245628102	0.047637245	0.193246467	2.226316457	0.098675677	7.413428235
0.185134772	169.7951559	5.154376392	0.245335079	48.60396147	1.093618341	0.128837707	5.891047821	0.132183989	0.130474539	5.205100356	0.158062916	0.166865155	1.01742376	0.005268048	14.28353763	11.89238108	0.217249646	0.188125618	15.01564998	0.517674774	0.1810416	12.48889836	0.039111496	0.154075919	1.809524181	0.066982566	0.12555825	1.922299067	0.029987758	7.414515926
0.177026052	128.3538907	3.960291421	0.197621395	38.49429313	0.383531643	0.194961395	37.08021858	0.904955778	0.198048229	21.21200132	0.993809849	0.199755158	1.011582367	0.016117573	16.86417922	67.67957368	0.545043349	0.174844918	17.49084144	0.439098137	0.178859322	1.01742376	0.001690749	0.178275753	3.498532974	0.149461624	0.150701071	1.002883099	0.025197767	7.419197891
0.177208663	252.510818	5.08245491	0.228446854	6.440984263	0.345364582	0.141397793	20.61002505	0.254187216	0.160837421	14.17548362	0.487608985	0.091946381	1.008674259	0.001119634	11.92000606	2.876502237	0.072901248	0.195367678	23.66429243	0.700735613	0.090115907	1.005774511	0.002595861	0.190456772	15.81429233	0.419067335	0.185641284	1.216245525	0.055087207	7.421122591
0.19898284	154.969602	6.145406978	0.15548317	1.728062277	0.060258657	0.177817023	10.15083166	0.38487525	0.142301106	14.54757811	0.370777689	0.152209523	2.615799191	0.014667577	14.5166499	2.835392285	0.097935435	0.187011977	6.13333836	0.277408488	0.121020946	1.014498859	0.004093697	0.107726374	1.603434644	0.034306498	0.163083561	1.703365422	0.056668032	7.4463983
0.176994776	390.8356286	5.540236598	0.244229804	7.144362642	0.427180238	0.167997134	4.746998612	0.192283489	0.18158229	30.75190101	1.014742711	0.17554021	1.002883099	0.009671068	8.648533449	4.391983149	0.04482833	0.124480108	5.145503251	0.105051532	0.191413599	1.020357094	0.032791961	0.104915731	1.793962883	0.034618925	0.163452587	1.841052896	0.059527485	7.460932337
0.1810097	202.676282	5.089459387	0.205580865	10.93980932	0.344773786	0.191354247	22.14809278	0.701140504	0.117812156	8.250478175	0.181350859	0.169946327	2.441163677	0.022774849	18.169626	10.93980932	0.413327961	0.185291137	19.79584951	0.553169695	0.156393206	1.008674259	0.00988282	0.050392347	1.002883099	0.005943515	0.18532873	7.481152231	0.151032899	7.472856276
0.195432655	105.1021767	4.592466258	0.227688951	15.23335977	0.560385277	0.178056258	11.85819273	0.423027652	0.16385066	22.27598718	0.65691833	0.185713081	1.008674259	0.026233273	18.28296959	24.56674324	0.605603672	0.154195011	2.802927748	0.103636843	0.194450141	17.49084144	0.055293844	0.17542377	15.90561213	0.315305838	0.176372392	13.04003688	0.138671753	7.477542739
0.196884814	99.55256078	4.485001396	0.228304608	40.89337106	0.753540049	0.19873317	18.95917585	0.731546494	0.15935644	9.020670296	0.34106132	0.168981694	1.008674259	0.007833234	16.19168446	18.31537031	0.365766027	0.195472849	14.88652045	0.575776233	0.135853271	1.205786223	0.010774527	0.136822472	11.45551857	0.124772962	0.181992536	2.200825688	0.085657135	7.481729377
0.187977968	156.7495725	5.165646155	0.197229427	3.803163849	0.171531234	0.179346818	7.247947748	0.306908614	0.173757278	11.85819273	0.491712196	0.18887442	1.005774511	0.010510275	19.12765116	56.45311647	0.874272862	0.170527919	5.250250742	0.210078856	0.134767576	1.008674259	0.009934774	0.178820518	4.391983149	0.181044911	0.181092472	1.492084601	0.063950506	7.485590383
0.196767982	121.9241467	5.141888762	0.227171432	7.082923532	0.368008456	0.154245799	17.24086852	0.32004829	0.156274824	58.10199542	0.763947651	0.135673841	1.002883099	0.006190183	15.8247893	27.24951894	0.375653069	0.132348832	7.082923532	0.13851841	0.161863496	1.01742376	0.014265603	0.176744353	13.42090943	0.308600169	0.179289625	1.636075913	0.067631111	7.504751704
0.170386383	196.4098883	4.080058069	0.228254948	7.970312854	0.403767008	0.154199927	18.05361352	0.324244703	0.195433382	54.37933076	1.640409611	0.16067801	1.011582367	0.012147047	16.86803312	31.19776848	0.479816477	0.154493556	18.85032445	0.294728588	0.189612815	7.924552441	0.047533888	0.130156589	1.835760217	0.05310326	0.199927382	5.057384597	0.173165089	7.50897374
0.191028612	82.45461263	3.665162044	0.229156658	17.64256152	0.609405874	0.129595434	10.35747309	0.164820885	0.193323403	46.41588834	1.497132011	0.166710058	4.27964605	0.021701888	19.94378743	26.40008963	0.843856698	0.191037835	9.284145445	0.400882351	0.187044816	1.125285741	0.031433479	0.169041832	14.17548362	0.269297611	0.112575899	1.008674259	0.006939497	7.510632338
0.184878905	186.0390333	5.291384506	0.242541999	24.56674324	0.871482413	0.187850845	18.58092228	0.612126427	0.069020148	3.902993693	0.044947072	0.167171188	1.329783516	0.019379073	14.6692223	11.09842407	0.230608939	0.15711035	8.994737574	0.244823006	0.176532803	1.557930706	0.028499689	0.167116351	3.82512526	0.143473475	0.114734569	3.218302827	0.025746188	7.512470788
0.180046462	176.7196169	4.758383252	0.219000314	6.063113161	0.302659189	0.183675725	5.434802868	0.243465698	0.195801095	22.40462011	1.012555717	0.196597185	1.01742376	0.025928176	19.96007106	8.370100694	0.407010582	0.198358651	14.58952022	0.591635644	0.171230507	1.005774511	0.008751527	0.150006616	4.063518353	0.117145012	0.150420117	1.804322141	0.047662011	7.515196809
0.184052355	124.030786	4.344630423	0.244664598	15.67829474	0.742371475	0.15549159	14.42247384	0.313421354	0.178272908	33.33348491	1.001299144	0.166484685	1.002883099	0.013833577	19.2731665	12.8907317	0.529903959	0.184950912	7.524352225	0.32213648	0.143927861	1.011582367	0.006125056	0.165617605	10.81455123	0.233731029	0.124144097	1.005774511	0.00870907	7.516161567
0.184420134	226.5486297	5.686656705	0.200051004	4.985106245	0.213267693	0.161538376	8.156012251	0.266803017	0.13356549	5.513601309	0.171627426	0.195005037	1.002883099	0.006413523	19.06591362	35.10640402	0.77720747	0.138003869	19.28951598	0.201454787	0.199525237	1.059268973	0.038030659	0.129768803	1.967086491	0.055625925	0.174891789	7.589620402	0.123378781	7.540465986
0.191443491	148.0495626	5.368230463	0.222268537	12.52490509	0.475378133	0.173288826	19.73894018	0.487990036	0.196118997	17.79559766	0.842498558	0.159175132	1.011582367	0.003716729	16.48960646	9.098917922	0.292056115	0.071605769	1.723094425	0.020743408	0.158644338	1.014498859	0.017407545	0.054777352	1.115608663	0.008422216	0.136984338	1.437273389	0.033801028	7.550244232
0.177665953	265.0692442	5.129588579	0.208672944	4.075233879	0.201929301	0.161705425	16.75158919	0.369177805	0.174649845	39.05241645	0.997796813	0.197178803	10.09255211	0.048216283	19.14034254	16.18274769	0.586637493	0.121062053	2.258595506	0.061279215	0.160978364	1.014498859	0.007480163	0.037124164	1.002883099	0.001769838	0.198683185	3.847213487	0.148292419	7.552167909
0.199309803	140.6331861	5.792835521	0.238783762	10.44731649	0.540182297	0.165414533	17.79559766	0.404884506	0.14896459	24.00739766	0.514064074	0.151854912	1.01742376	0.002430062	13.10493558	2.071710572	0.063780068	0.055765143	2.868232838	0.015333594	0.198591299	5.419178838	0.056501931	0.168741592	4.899734448	0.171982909	0.101546036	1.005774511	0.010188266	7.572183228
0.172278789	172.7289237	4.129156776	0.228025469	51.78196712	0.78151	0.17264344	11.13042193	0.375980191	0.190657627	16.08983676	0.739613571	0.096977662	1.008674259	0.001361472	18.64805758	79.74903404	0.844339741	0.136163196	14.75850139	0.183946129	0.182450586	15.18956674	0.040743273	0.197286134	15.23335977	0.468458082	0.107632131	2.16313573	0.020166513	7.585275748
0.190374875	164.5453887	5.539585715	0.247115681	6.168755389	0.378516895	0.158665215	13.9327232	0.326475905	0.14499681	23.25903263	0.469719901	0.075999619	1.002883099	0.001589466	15.82432127	3.539054265	0.134605766	0.180454603	68.07039011	0.653027154	0.185487187	1.011582367	0.0269303	0.105845438	1.099664778	0.02563121	0.13274567	2.077683519	0.035723297	7.591805609
0.183006016	231.121939	5.485622406	0.171574237	6.629112111	0.152987108	0.144147659	8.639410721	0.206515051	0.14054463	18.95917585	0.403092891	0.190205029	9.125151006	0.040420745	19.48194382	23.59626206	0.737085825	0.16188654	8.764672318	0.259909167	0.193896577	1.995607	0.043004793	0.167006919	5.057384597	0.170997144	0.17059444	4.242842537	0.096352864	7.595987995
0.188286634	168.8283486	5.40206556	0.152606602	2.420170492	0.071812219	0.155022864	23.86956262	0.352977419	0.111681667	3.038230052	0.077493667	0.183028908	1.008674259	0.021159563	18.95089584	12.13447539	0.487848767	0.195535107	26.70586515	0.734403126	0.169039552	1.014498859	0.017146838	0.168660093	10.81455123	0.245934114	0.193656745	8.891750066	0.187671478	7.598512753
0.190303286	187.1043988	5.819771091	0.223512473	7.970312854	0.383022377	0.110558919	12.06480703	0.108721447	0.189302199	15.76882923	0.718587184	0.145800935	1.002883099	0.006510435	13.47718606	4.158193797	0.117658104	0.14895752	7.082923532	0.188612557	0.156650647	1.09650345	0.017012532	0.192905866	4.134320121	0.194559532	0.179841	1.557930706	0.065437464	7.619892724
0.19989163	106.6133327	4.871198791	0.22240996	12.06480703	0.466635215	0.167480013	22.66411863	0.456096618	0.170281596	10.44731649	0.426326863	0.14184524	1.008674259	0.006739657	17.86977744	22.27598718	0.539983654	0.15844076	19.73894018	0.32706731	0.156178337	1.002883099	0.010642386	0.185182458	13.00254924	0.356518077	0.194952633	5.891047821	0.168234327	7.629442898
0.171973574	233.1100824	4.481702541	0.249945549	41.84614098	1.171012795	0.19819903	12.74313603	0.567448597	0.083183793	3.302780562	0.055680966	0.192222911	1.185136686	0.031393115	16.81775302	4.206355521	0.170927688	0.187494396	252.2612031	0.838649721	0.186518762	1.014498859	0.029182167	0.192779572	6.553210426	0.282778912	0.159765527	1.002883099	0.017322851	7.646099353
0.190041851	139.4337573	5.107039992	0.202082439	4.760684681	0.211610939	0.197146283	11.16251204	0.510238397	0.196324218	15.18956674	0.729539066	0.109873958	1.376526879	0.004651087	6.501256557	1.062322951	0.013969442	0.192911724	238.8331044	0.965499811	0.151587025	1.011582367	0.005376045	0.106659288	1.669381664	0.034629554	0.155176095	4.134320121	0.069183894	7.651738227
0.193458546	111.9156626	4.662668167	0.246663543	52.53274656	1.1431927	0.195719206	58.94440805	1.031331392	0.112872394	6.348931994	0.143297837	0.187506726	1.603434644	0.030842076	14.35253127	9.80613515	0.20920148	0.097622279	1.972757797	0.038598384	0.199346332	1.005774511	0.003008529	0.179161016	13.65475213	0.325269241	0.153589462	4.27964605	0.068358264	7.655768072
0.194463373	97.86167951	4.319744735	0.215810514	158.2340066	0.631975022	0.189731004	17.09260286	0.609142985	0.193050859	28.61634437	1.154435789	0.188768427	1.002883099	0.006747717	15.25466057	6.961625835	0.208713071	0.174847828	40.6585876	0.53430014	0.173324547	3.399247961	0.030098091	0.165720843	2.578415114	0.102522301	0.190338121	1.269918775	0.059148939	7.656828789
0.188984178	89.06230378	3.804286211	0.242743643	6.610054667	0.393556976	0.189205383	18.42113262	0.627463255	0.183617509	75.5039187	1.437746834	0.101429927	1.005774511	0.003496283	17.8045925	11.96105376	0.411229636	0.189596538	10.23888259	0.424059092	0.190349372	1.002883099	0.00436324	0.193083236	14.75850139	0.428892263	0.189010814	3.600717897	0.124400262	7.659494052
0.179315379	199.8035129	4.93372539	0.236748158	11.75621627	0.563978364	0.190273749	78.83592743	0.964912141	0.112384249	3.145027202	0.08092044	0.135767261	1.005774511	0.006171421	17.08750822	42.57525809	0.536605493	0.175791523	8.370100694	0.311764469	0.165542638	1.008674259	0.016683046	0.109148834	1.352953345	0.031434593	0.197229915	14.05357924	0.222042949	7.668238308
0.181443314	140.2322344	4.42487466	0.22440592	8.132565258	0.392303898	0.170115112	8.22675961	0.304184291	0.19489907	46.81851175	1.537408087	0.171877762	3.154094628	0.024039255	19.32640993	9.204304925	0.418592983	0.157376355	3.321852504	0.125280455	0.187517575	1.011582367	0.022561545	0.192605077	7.856403961	0.315741136	0.199044874	2.762869296	0.12259839	7.6875847
0.191414166	129.4580089	4.946289633	0.245238243	23.80094214	0.903833615	0.159289984	53.60216059	0.442333922	0.193925083	18.85032445	0.870208118	0.138497774	1.008674259	0.001396575	15.19712463	4.733351889	0.161645797	0.137233811	5.57746186	0.138270322	0.187941257	1.429021489	0.035125038	0.138518071	15.67829474	0.136833831	0.149606436	3.70588743	0.059885345	7.695822196
0.199574554	85.81721595	4.098438596	0.248891626	27.64460587	1.00376279	0.191621187	55.9676387	0.92803723	0.130619253	24.07661337	0.352098786	0.192242649	1.475000604	0.033263935	18.42938478	8.442705111	0.358019868	0.17273022	32.20156428	0.496501604	0.178962146	4.928028018	0.034951216	0.196089367	9.445910166	0.370936439	0.129474612	3.312302806	0.037161111	7.713171574
0.199686374	138.6398267	5.789173879	0.122983179	5.790161438	0.05068429	0.175503908	29.45216869	0.5725747	0.096757695	38.82820258	0.159111745	0.165546215	1.154823542	0.018325996	18.25394591	18.36817534	0.547135466	0.173996644	3.902993693	0.16481155	0.161421132	1.002883099	0.01535136	0.177948789	8.689299091	0.268766319	0.186764333	4.928028018	0.137898863	7.723834169
0.195437837	132.0713618	5.309821666	0.172831272	2.095705883	0.084646125	0.198366948	25.65088039	0.847217688	0.185413855	12.38149804	0.560964642	0.196651807	1.01742376	0.024070509	19.14421913	7.589620402	0.349943233	0.197974321	9.862760783	0.452594594	0.19919759	1.002883099	0.024072854	0.130166683	3.312302806	0.075416547	0.152625992	1.002883099	0.003502718	7.732250575
0.199952351	139.4337573	5.821330818	0.179740836	31.55911247	0.245037754	0.151646614	5.190136677	0.174808128	0.163815481	21.27315762	0.643680857	0.195320808	1.011582367	0.002197837	17.05838552	153.3014938	0.593549219	0.131624859	2.556241613	0.077066234	0.181159706	1.002883099	0.011385402	0.148394601	12.77987575	0.168681055	0.100664142	1.005774511	0.008659877	7.746397181
0.173986354	329.3035693	5.047993973	0.223979817	8.639410721	0.405284393	0.131540632	3.621510281	0.104235153	0.194232463	34.80450078	1.306626152	0.196302452	1.002883099	0.031944073	11.84877474	2.030377978	0.055196765	0.184943601	39.84741015	0.663933741	0.170842688	2.608279263	0.027624874	0.102145566	1.002883099	0.022002648	0.189305112	1.922299067	0.084578134	7.749419906
0.184401812	211.5448008	5.506230966	0.208075311	8.250478175	0.316104957	0.171793322	50.31244452	0.590627068	0.177226851	16.04358152	0.647015107	0.129935611	1.011582367	0.002722586	19.29868225	6.764061566	0.31976619	0.105027171	1.753117208	0.040194685	0.192875919	1.014498859	0.003780476	0.183878876	7.12382395	0.26548915	0.18533295	1.376526879	0.061800005	7.75373119
0.174972457	214.5863858	4.594528477	0.221603474	21.45768649	0.565347716	0.14633804	6.921656654	0.194513992	0.184727417	41.72584124	1.225941453	0.119438502	1.014498859	0.002677168	17.50178877	4.455661893	0.189328297	0.188081101	34.70444442	0.695794913	0.184291915	2.41321296	0.036876723	0.165425621	4.970775007	0.16526515	0.161599963	5.976461292	0.087581378	7.757855267
0.187017167	130.1993592	4.665223751	0.24848911	23.46078749	0.934822917	0.167511787	26.70586515	0.47248025	0.161444523	14.80105162	0.506989306	0.121908827	1.014498859	0.002033173	13.76435514	8.156012251	0.172881354	0.190097571	25.28428708	0.657230679	0.182176526	1.002883099	0.021415296	0.191906313	4.134320121	0.192811282	0.199488219	4.304358912	0.159214162	7.78510217
0.173981115	195.2915378	4.422852363	0.249412457	29.70764442	1.053427061	0.040258039	2.001360534	0.009172576	0.199873081	36.97361997	1.468543595	0.114739947	1.011582367	0.003965883	18.09877451	10.20944774	0.392525007	0.1602522	9.55531616	0.265432235	0.131703345	1.011582367	0.003547583	0.161347852	5.372575727	0.163191767	0.127591016	1.216245525	0.026368888	7.809026959
0.190103494	80.36284429	3.555891617	0.232025355	64.81908942	0.874548093	0.191907736	36.6556593	0.844247985	0.19279549	37.40186198	1.34387372	0.148843667	2.786835139	0.013550148	19.67586972	11.82410267	0.524298264	0.179112746	11.22697009	0.387693576	0.177021481	1.788805579	0.029457206	0.192372204	4.158193797	0.19475074	0.131180773	5.34172985	0.041967933	7.810279282
0.187008281	156.7495725	5.161631536	0.240818945	12.23973297	0.612609817	0.197401644	8.994737574	0.429551589	0.183816468	13.9327232	0.617176756	0.158463444	2.692201283	0.017319324	11.9177147	3.341034577	0.080248881	0.196734209	6.705892918	0.323001393	0.199944586	1.198863374	0.040365738	0.190961016	14.67376756	0.418416761	0.191945367	2.707747428	0.111043581	7.811365377
0.183755048	150.1782149	4.765978301	0.216797614	15.23335977	0.471920251	0.184593492	37.7262954	0.731587185	0.198922656	19.28951598	0.925373199	0.177481096	1.008674259	0.008084997	19.71967994	7.993292057	0.383820978	0.195290788	8.994737574	0.410643398	0.146437653	1.011582367	0.007127281	0.155564499	2.476557764	0.090270282	0.12687326	1.005774511	0.023684262	7.818490135
0.189041185	174.2147622	5.581761267	0.181418178	16.5121814	0.23386268	0.181201094	21.27315762	0.582818796	0.157216191	47.36078092	0.746761194	0.113555229	1.008674259	0.004165875	16.5213124	13.6154973	0.356319012	0.120711192	7.062561466	0.108022214	0.191442909	1.005774511	0.026162851	0.125420028	1.708276394	0.047172263	0.183744854	5.175216015	0.132283469	7.81932962
0.196008112	115.4862955	4.908867259	0.214145837	4.110583512	0.213185571	0.189198096	32.38751256	0.779412889	0.191324455	54.85103113	1.536809665	0.178655167	1.014498859	0.005780274	13.75211546	4.928028018	0.135424547	0.166431219	4.075233879	0.162789642	0.171648665	1.01742376	0.004698636	0.158724428	2.05389456	0.078405029	0.136085431	1.002883099	0.015969006	7.841342518
0.170151956	231.121939	4.299167421	0.194072225	20.61002505	0.322482913	0.182962186	41.96678756	0.73597795	0.175758167	24.70860417	0.833568766	0.193640419	1.174944911	0.032306276	18.9285698	65.00596928	0.861198505	0.160538248	25.35718419	0.359214022	0.153050373	1.014498859	0.007286644	0.193244003	11.45551857	0.387442752	0.13862682	1.30701048	0.033207596	7.871852845
0.189966122	135.1227111	5.010784038	0.226580303	244.3976492	0.8471724	0.137432119	18.90467181	0.226639994	0.191265838	25.35718419	1.047317726	0.167246584	1.002883099	0.016488297	12.89371728	3.674018048	0.099679267	0.164141928	4.455661893	0.172485534	0.194744083	3.418876955	0.048405777	0.181192544	12.45299514	0.330008996	0.169099316	4.040188242	0.09184673	7.890828759
0.169505346	344.6956694	4.569432679	0.24360273	33.52596948	0.97323494	0.185646232	6.941612478	0.311295198	0.142813006	10.50764463	0.313730036	0.154444283	1.014498859	0.005572443	18.26034967	36.13178958	0.675964361	0.197587134	11.72241937	0.511600339	0.186300926	2.258595506	0.037409185	0.196902044	10.59879065	0.395861027	0.18710647	4.028573465	0.126674632	7.920774839
0.196579822	105.4026845	4.669455222	0.238221972	63.52588699	0.99526006	0.174288838	4.970775007	0.21012796	0.195284377	19.45683823	0.90316873	0.190006404	1.011582367	0.022868492	19.43864666	14.13473178	0.573082462	0.136360486	16.94561224	0.191341128	0.150212417	1.008674259	0.012413137	0.19276898	6.744616169	0.28868581	0.161562764	1.830482754	0.05749719	7.92390019
0.176503026	164.0762623	4.338244478	0.24962207	43.94512738	1.163271455	0.161730227	11.92666799	0.328091034	0.13348571	7.76645009	0.225188417	0.181982757	1.005774511	0.004236774	19.77846146	119.3353723	1.125847009	0.183429333	17.84690413	0.514861569	0.15879097	1.014498859	0.003535854	0.182335779	4.098766361	0.177281091	0.175725768	1.080832611	0.045984746	7.926542427
0.178384818	195.8499148	4.837281424	0.204676212	10.50764463	0.330837115	0.190067066	30.22526328	0.77082634	0.107262761	4.507269002	0.104468587	0.195813773	1.209262625	0.033904921	19.77774298	36.8673278	0.915557807	0.181048214	34.4059979	0.594488228	0.16374637	1.002883099	0.014495394	0.160537388	4.815824676	0.150589896	0.199567149	5.372575727	0.177737377	7.930187089
0.171190404	194.179555	4.178651864	0.223577016	21.89450262	0.589725401	0.177832317	6.764061566	0.285184783	0.194657218	22.34021106	0.995701447	0.151105231	1.014498859	0.012077199	18.18370823	43.4419666	0.686050955	0.194876829	65.38134696	0.902184563	0.1914421	2.66904926	0.043275332	0.170634764	8.467046268	0.232960647	0.070370046	1.002883099	0.005252336	7.931064528
0.181601101	93.75905849	3.576858656	0.23799705	13.6154973	0.624948606	0.156668475	9.834407211	0.274161845	0.199980586	71.07435518	1.953379955	0.172162768	1.002883099	0.012349211	19.06757275	55.48633588	0.860809748	0.176315072	10.56832113	0.361955963	0.147994566	1.226795553	0.014314983	0.159030733	5.220107177	0.153592394	0.190586409	4.063518353	0.134654575	7.967025935
0.183231084	308.373689	6.002172929	0.248706375	6.168755389	0.380470845	0.155257459	21.83156007	0.346536211	0.157600067	25.21159953	0.617141733	0.179902078	1.496386429	0.025947621	16.19374509	6.744616169	0.233408996	0.160427308	3.46844677	0.133568707	0.167188352	1.008674259	0.018426515	0.192845645	4.481391161	0.208831449	0.123546525	1.005774511	0.014480722	7.980985727
0.177345709	292.0909099	5.212026447	0.246803211	8.109185671	0.484097238	0.19830836	80.2095457	1.141881507	0.023128033	1.041128598	0.004464495	0.120757999	6.725226672	0.0066716	14.94110053	11.92666799	0.251610956	0.183720153	131.2289057	0.739757758	0.180137066	1.191980271	0.028356731	0.118817025	1.416732386	0.037457573	0.173326505	2.399357842	0.079353592	7.985677897
0.173414334	403.3051123	5.117746814	0.22623399	231.3881348	0.832765657	0.163861808	47.63426626	0.487520974	0.16296622	7.744123014	0.304919203	0.183219791	1.014498859	0.017522343	18.50539188	19.68219446	0.58805999	0.1549561	5.756918053	0.186338091	0.170442264	2.392460142	0.026558199	0.186538869	14.46405527	0.383234104	0.177881713	2.107807559	0.079229418	8.023894792
0.197845916	116.1476358	5.025799198	0.228046216	351.2662377	0.884609013	0.158080756	33.81678241	0.407383421	0.163944397	69.65635426	0.932456995	0.1938869	1.002883099	0.011088529	19.28016212	6.38559397	0.30133254	0.146120187	14.21635295	0.228109002	0.180669701	2.132220959	0.033117302	0.160101716	3.695233704	0.127734135	0.184869303	2.317881733	0.09241335	8.044043484
0.180785551	160.3710821	4.689686537	0.239146002	9.721805694	0.516407425	0.188700791	8.062627939	0.363696208	0.187692893	23.52842727	0.957682027	0.136238155	1.002883099	0.007727215	19.8806065	61.36870893	1.06057764	0.117351643	5.959280096	0.095830685	0.185693013	1.557930706	0.034108385	0.135687793	8.062627939	0.114249868	0.198664115	10.15083166	0.216322232	8.056288224
0.183951077	323.710411	6.158790953	0.232388945	10.38733471	0.499486549	0.190234752	6.961625835	0.323192237	0.145605454	68.07039011	0.599910079	0.177590341	1.011582367	0.021859044	14.92423291	3.590366513	0.12573084	0.139675335	3.759618569	0.114181191	0.178396336	1.005774511	0.022755707	0.156251699	2.653725294	0.096066072	0.190052538	2.278187147	0.097143793	8.059116464
0.199766621	192.5234413	6.916696518	0.198732794	2.630904152	0.127971738	0.118658353	8.156012251	0.120555383	0.132928371	6.515586104	0.19555626	0.18954529	1.404548966	0.031172192	19.33989723	6.330680015	0.300150526	0.121721115	1.544533027	0.043607876	0.154842613	1.014498859	0.016124429	0.192884596	6.9017582	0.292852166	0.094550491	3.321852504	0.014899733	8.059586822
0.187548638	199.8035129	5.685870508	0.162022511	7.459645333	0.131480995	0.170973565	4.316768806	0.17919454	0.186095259	29.62224056	1.070913829	0.195566284	1.01742376	0.016502711	19.46387312	9.527846433	0.436117895	0.190612454	6.629112111	0.305292684	0.195796497	1.002883099	0.010296907	0.16131841	5.497750747	0.164971143	0.182701892	1.718140854	0.072778968	8.07342018
0.179959032	244.0059671	5.284283043	0.162904449	2.007130655	0.073597123	0.084740507	3.163188196	0.040195	0.192362574	44.07182555	1.442425169	0.199358872	1.733044452	0.040290604	16.03509106	111.6894116	0.458876039	0.19940022	8.132565258	0.390877062	0.193557899	2.27163779	0.043893954	0.199579405	6.204376933	0.290944979	0.121184655	1.008674259	0.01531239	8.080695363
0.175259431	306.6178207	5.081240119	0.2439524	26.09781517	0.903581252	0.185507432	13.73360164	0.507976019	0.15869681	23.46078749	0.616037236	0.196560954	4.706176025	0.044846515	10.72457848	18.90467181	0.099895845	0.189542591	11.99553867	0.466525599	0.196537161	5.674642216	0.054092107	0.186054793	4.985106245	0.214789894	0.160013087	15.49878217	0.095790923	8.084775509
0.199717234	121.9241467	5.31635787	0.240976946	5.311061071	0.317776238	0.190419216	34.11011792	0.804397454	0.188445216	20.9088469	0.891924742	0.184295626	3.9824473	0.033507394	11.94506213	20.19883547	0.140632089	0.159804291	6.151021383	0.207392693	0.181682839	1.191980271	0.02939654	0.178035505	14.80105162	0.32772755	0.131094418	1.008674259	0.018820276	8.087932845
0.17805203	174.2147622	4.60308106	0.245932592	9.610493436	0.550456692	0.194800995	7.103344304	0.338576775	0.199303471	31.55911247	1.331464245	0.194685476	5.450471945	0.043847238	17.92752758	70.26057148	0.69695251	0.156512494	33.52596948	0.341517852	0.138960107	1.002883099	0.001899977	0.138639223	1.708276394	0.055402131	0.192801669	3.621510281	0.131836906	8.095035385
0.187187021	316.4003626	6.49478602	0.107420954	1.005774511	0.013480396	0.142473608	2.600780953	0.087938166	0.173397965	12.45299514	0.511865948	0.182923286	1.005774511	0.011829612	14.93778136	25.50360952	0.300317392	0.134439843	2.304573946	0.072594332	0.199720493	1.014498859	0.015864911	0.198430777	14.29844543	0.46435207	0.194020145	3.038230052	0.122878873	8.095907721
0.175784617	462.5427675	5.531593013	0.220592689	7.416816844	0.353054726	0.138214126	9.527846433	0.191994663	0.157794299	13.15314953	0.445885882	0.196426615	1.011582367	0.030916473	18.92022695	16.84832142	0.582520169	0.18036128	210.4169737	0.701730234	0.175666723	1.005774511	0.002704345	0.167264387	3.218302827	0.125966455	0.188733365	3.925531572	0.12968839	8.096054351
0.169991617	151.0382209	3.726986773	0.24166186	5.806855048	0.346929342	0.139854501	25.28428708	0.251595976	0.199253962	72.10485223	1.943210885	0.191039435	1.011582367	0.013376465	18.45952726	102.7431646	0.81975879	0.197939159	10.75246102	0.482826286	0.193352291	1.205786223	0.036368176	0.199931119	7.901770851	0.347843931	0.186958682	4.316768806	0.131317432	8.100214056
0.199443426	144.7062983	5.887175274	0.233974987	10.47743714	0.513190084	0.199410409	7.395494898	0.362343523	0.166956449	9.337756843	0.375007127	0.180821871	4.638917021	0.031474167	19.87352175	10.59879065	0.491674765	0.149674406	20.9088469	0.269412361	0.147558801	9.337756843	0.016388518	0.15262669	3.117981028	0.103484355	0.163279178	1.972757797	0.061661697	8.111811869
0.19306189	188.7138971	6.180964009	0.23009362	9.177844288	0.451212126	0.116586137	1.650267659	0.044338672	0.168584493	12.96516937	0.503302801	0.19975599	1.011582367	0.008976531	18.5995911	10.18009751	0.415124046	0.151245216	2.85998721	0.103303353	0.184101324	1.002883099	0.008747999	0.187508816	10.81455123	0.345295488	0.168671904	2.05389456	0.068476867	8.12974189
0.187382347	102.4358685	4.080074114	0.137498289	6.168755389	0.072719124	0.174929059	7.788841536	0.308339038	0.194369297	67.48500771	1.749195583	0.198362633	1.005774511	0.008087848	19.8050627	19.17876798	0.707355664	0.189604999	198.0725105	0.88449419	0.162862568	1.059268973	0.019320293	0.166786373	8.739475543	0.22225095	0.187881666	1.783663102	0.078957472	8.130794278
0.182189133	153.6479012	4.715574316	0.245928693	66.13861768	1.1659824	0.145456553	38.38362932	0.308110179	0.150467475	16.89689681	0.457503895	0.195070969	1.005774511	0.001274819	11.08478468	1.708276394	0.043169336	0.19971135	134.6735538	1.091718698	0.127120363	1.005774511	0.003424889	0.198415839	4.885648638	0.235284	0.185109193	3.302780562	0.112908363	8.134950895
0.196897397	147.6274665	5.738074544	0.151856362	13.11533671	0.115919457	0.176389366	33.14210547	0.606520383	0.172469937	11.03470406	0.456576491	0.197565351	1.014498859	0.011226327	16.99503929	5.740368002	0.229272773	0.195402731	17.39042027	0.618577192	0.185091418	1.002883099	0.011322635	0.189409671	9.638201443	0.338512242	0.146217264	1.453920417	0.040000506	8.166002551
0.17436407	109.076505	3.530084032	0.247674718	88.45791206	1.277051671	0.130505029	5.593542236	0.13250236	0.198590903	31.92464168	1.326946198	0.125267659	1.011582367	0.003888617	18.60296111	183.787546	0.883528359	0.177086795	12.63354936	0.400982766	0.166720034	5.013892794	0.026025687	0.199428602	13.22910254	0.459974009	0.192744892	3.40904833	0.127419542	8.168403241
0.18938717	119.5115812	4.587567029	0.24146144	5.529497568	0.331229613	0.148280949	14.29844543	0.267633245	0.197153892	24.4961185	1.097192697	0.184554189	1.636075913	0.029152325	19.70356793	151.5462298	1.129431657	0.188281118	12.20454605	0.461220957	0.129143729	1.008674259	0.008016727	0.171834706	6.294333319	0.206961884	0.16345433	1.698468569	0.056573368	8.174979501
0.197281438	146.3683852	5.776898279	0.247041893	11.19469467	0.617481014	0.195512103	16.32312103	0.648529325	0.151347023	8.29812065	0.293246318	0.142535196	5.419178838	0.012040797	17.02612656	26.32419437	0.479967942	0.125352124	1.809524181	0.052892475	0.198839968	8.179526844	0.058255835	0.176861292	3.781328527	0.157816821	0.186860816	1.788805579	0.078364545	8.175493352
0.182697523	254.6829515	5.60185201	0.205658187	10.50764463	0.33756919	0.159967136	86.69309266	0.469412132	0.199838611	21.76879846	1.027805012	0.168443724	1.014498859	0.015652252	17.78869079	10.62934802	0.386785985	0.14550221	5.674642216	0.160587437	0.157981069	1.011582367	0.015359616	0.068140995	1.002883099	0.009964592	0.184458168	11.25933856	0.160617249	8.185605477
0.175469731	455.9866054	5.464903646	0.229776526	4.871603322	0.275282014	0.175658644	33.23765745	0.597442986	0.16525465	10.38733471	0.40594867	0.189722568	1.002883099	0.012748484	16.20532891	40.89337106	0.433384814	0.170831238	31.28771475	0.466641725	0.135933735	1.014498859	0.00227381	0.19573376	8.714351203	0.350256718	0.195111773	9.41875496	0.193686375	8.202569242
0.194458053	116.1476358	4.859914816	0.210088806	5.34172985	0.249838184	0.189049576	21.09021564	0.664633565	0.161687045	61.36870893	0.864621186	0.189237942	1.01742376	0.013840809	16.53205026	66.71232115	0.496537816	0.193429491	25.43029147	0.699468621	0.182354967	1.168199132	0.029328798	0.192103728	4.585802575	0.212598016	0.194492253	2.707747428	0.114559671	8.205341482
0.195880045	133.5883246	5.369148345	0.23081027	7.062561466	0.379302699	0.136592057	22.21194793	0.230228333	0.195695077	48.60396147	1.573917597	0.183324974	1.626682617	0.028486912	14.34390745	35.41092605	0.273854882	0.150729946	22.66411863	0.279812123	0.154957258	1.008674259	0.012513632	0.094613934	1.758171619	0.027874507	0.16588695	1.161492083	0.045096542	8.220235572
0.189757428	220.1718652	6.163511423	0.245880448	15.32132497	0.740424878	0.154070381	39.84741015	0.37424605	0.154706631	10.00575956	0.353925833	0.177504004	1.008674259	0.015325149	18.19756014	6.010972432	0.26461722	0.085901268	2.918208238	0.036390254	0.160209356	2.083673687	0.020603826	0.1608356	3.172307981	0.116423356	0.191139498	4.051836506	0.136492453	8.221960441
0.193026766	174.7128765	5.911101726	0.201604207	23.52842727	0.392288199	0.198861092	34.11011792	0.955003178	0.126007583	20.08286674	0.300651294	0.144435027	1.01742376	0.009907913	12.02171695	6.515586104	0.112191599	0.163748493	18.52750564	0.355623851	0.1798186	4.999478801	0.036023496	0.145498807	8.346038237	0.142997452	0.101519957	1.005774511	0.01046361	8.226252318
0.184496208	167.3884496	5.074963806	0.217274431	8.250478175	0.359553528	0.144187082	52.23113729	0.305353601	0.127528908	59.45570709	0.376554675	0.165339655	1.617343251	0.019383173	19.49484862	209.2088947	1.116683078	0.193074054	9.151459722	0.408137574	0.180481742	9.310912558	0.038140072	0.191426985	11.58820059	0.378641299	0.194384468	5.674642216	0.165081139	8.242491945
0.196845448	203.2557735	6.70367447	0.167275432	3.236886951	0.104961345	0.152392119	11.5548867	0.27304644	0.144683417	11.82410267	0.344833424	0.135493555	1.014498859	0.002079807	8.34258142	13.65475213	0.049645516	0.189974249	5.513601309	0.25627681	0.195683461	1.318347826	0.039056035	0.18265264	14.58952022	0.353035061	0.177659042	6.028302662	0.123728062	8.250336971
0.177544569	417.36235	5.642973877	0.249495634	7.677526167	0.470499336	0.149676152	23.73251893	0.311179129	0.197643867	20.02513229	0.942327508	0.090504239	1.005774511	0.001509327	17.03487094	8.370100694	0.301057099	0.198981392	8.639410721	0.410681479	0.193221092	1.161492083	0.035643262	0.159535538	2.770834922	0.102824466	0.1579684	1.29577063	0.044323594	8.263019076
0.194116507	187.1043988	6.24165974	0.140486798	7.247947748	0.081164626	0.123808572	9.284145445	0.139505692	0.100543366	8.203109232	0.127677435	0.143695493	1.014498859	0.008956174	19.40237286	77.26307577	0.994982963	0.170057463	86.19535665	0.51791625	0.169360932	2.365067068	0.025872501	0.174014499	2.684461713	0.113373805	0.110887394	1.002883099	0.017316377	8.268425563
0.188339316	222.0658145	5.993346935	0.247456338	12.41719513	0.668476679	0.105426143	9.527846433	0.091290141	0.145740111	7.247947748	0.247115062	0.141232967	1.005774511	0.009321224	11.21317747	7.970312854	0.0982333	0.194367108	26.40008963	0.726315043	0.169711798	1.011582367	0.009176361	0.18466524	8.132565258	0.289426843	0.192509404	3.970998518	0.138431541	8.27113313
0.192561861	126.5345802	4.971029669	0.212760028	4.638917021	0.232770362	0.1638945	49.73637955	0.487804958	0.186831361	18.31537031	0.791395119	0.195501053	1.01742376	0.03085838	17.55759083	9.749834625	0.355747597	0.188808709	138.208621	0.85902577	0.18566736	20.72903786	0.04475121	0.187226489	11.42258612	0.353614927	0.187142795	10.29800713	0.170059489	8.297057481
0.175232334	102.1438192	3.438973796	0.246255595	216.562819	1.305886959	0.18336315	17.64256152	0.559602085	0.183864224	24.4961185	0.934070271	0.197235846	1.005774511	0.001385815	17.86764813	110.7289203	0.713685688	0.188232911	133.1315751	0.832621496	0.180907388	18.05361352	0.039184968	0.192784962	9.364678523	0.350405775	0.194595125	3.611099124	0.135832034	8.311648888
0.1901364	300.5506419	6.802896891	0.223816781	14.17548362	0.51908711	0.187311022	12.20454605	0.486897309	0.064658815	5.942148292	0.046155852	0.179289449	1.008674259	0.002437147	15.11951689	36.7613412	0.333413719	0.119587942	2.448201794	0.063710795	0.158822066	3.020786488	0.020656282	0.127569722	5.265387736	0.085198185	0.083694845	1.002883099	0.002776796	8.363230087
0.188507119	294.6035169	6.545045865	0.237099401	31.74135091	0.859805627	0.178907683	5.92506574	0.25612358	0.11767385	17.14188253	0.238484932	0.108417643	1.029207935	0.001751986	9.309045996	2.868232838	0.045108898	0.181109235	7.879054754	0.319543313	0.190893076	1.384475648	0.036679784	0.126267862	1.470760256	0.042520076	0.116889911	2.707747428	0.026376835	8.371440897
0.194964568	110.9611592	4.744792739	0.115113563	2.232735149	0.033928361	0.161312585	6.38559397	0.228774186	0.189220208	49.16691037	1.42720827	0.189298647	2.001360534	0.034267792	19.31353247	41.96678756	0.867241125	0.195617766	20.55077513	0.675930487	0.183112593	1.002883099	0.003943004	0.1631743	5.942148292	0.174865093	0.198389545	7.459645333	0.19708936	8.388040418
0.166315445	223.9760558	3.900120965	0.244391583	65.00596928	1.15353286	0.184492301	17.04346486	0.557471864	0.195819765	47.08886575	1.550129716	0.188631041	6.440984263	0.038046067	16.78684321	52.08098265	0.516586461	0.171072126	5.993692023	0.234092429	0.172006331	1.002883099	0.011199379	0.197854317	7.481152231	0.327042111	0.180266252	3.236886951	0.103499344	8.391721195
0.177927842	493.9363821	5.825355099	0.202542777	6.294333319	0.252080841	0.0775598	13.97289262	0.043515109	0.178494914	38.605276	1.073499661	0.119225781	1.005774511	0.005318548	18.27286557	7.331896136	0.315692876	0.199832568	7.144362642	0.349309337	0.17235279	1.011582367	0.013991061	0.195470713	9.046677784	0.359239803	0.198193907	4.267342877	0.154941303	8.392943637
0.195740989	134.3533274	5.404252613	0.182192705	3.590366513	0.138606548	0.127079369	34.90484561	0.190690854	0.186474198	33.62262818	1.152976504	0.198161139	1.277251935	0.035803994	18.79698859	25.28428708	0.670139482	0.192136163	17.94996127	0.596678351	0.144695968	1.01742376	0.008742655	0.188439626	3.458475641	0.159288495	0.179856741	2.351488373	0.086347516	8.443527013
0.186016907	105.4026845	4.09086132	0.238368692	178.0584714	1.085012758	0.173072848	16.41737907	0.453776318	0.196409179	58.26950924	1.727585279	0.161954223	1.005774511	0.001341567	12.40865664	2.676744394	0.074137499	0.199160524	25.79900168	0.78038034	0.166223064	1.005774511	0.007019831	0.09914143	4.774410207	0.041800219	0.194412692	9.020670296	0.189899803	8.451814934
0.180475553	156.3026723	4.571094566	0.233343751	82.55230087	0.916863724	0.194300433	33.04682818	0.858061511	0.162155331	52.83609747	0.84912929	0.186790681	1.005774511	0.00233818	18.27851668	8.346038237	0.349302233	0.169068622	35.30912633	0.459473479	0.198447194	1.011582367	0.005134426	0.189458791	10.78346144	0.35644846	0.163245794	6.294333319	0.091527824	8.459373695
0.19573052	172.2364657	6.133258487	0.140777416	1.470760256	0.044654419	0.15813875	28.61634437	0.39448301	0.197294372	44.45411596	1.564912743	0.130750101	1.005774511	0.00116778	9.639202435	1.995607	0.039528057	0.167102272	3.590366513	0.14517506	0.184188546	4.341696034	0.039383791	0.126939343	6.45955426	0.088885125	0.108230879	1.788805579	0.019566081	8.471014553
0.189187831	131.6948203	4.868775086	0.247537634	17.79559766	0.817810029	0.189813951	27.40687158	0.739831115	0.187727792	42.69800679	1.301000562	0.188857049	1.005774511	0.014408775	17.90307076	8.250478175	0.331362827	0.143553742	5.658328693	0.153990973	0.144313289	1.002883099	0.009479655	0.179137471	3.748810377	0.159965219	0.159867873	6.151021383	0.084077333	8.480701573
0.175292994	234.4450035	4.739302837	0.212384876	51.33665966	0.553883593	0.197609917	51.18907648	1.044804285	0.197266709	15.4542261	0.746889105	0.179532046	1.014498859	0.01107723	19.03841256	111.0481628	0.953988354	0.173467067	12.06480703	0.369274379	0.144604597	1.014498859	0.006000443	0.142550072	2.278187147	0.072891995	0.126051024	1.002883099	0.004432141	8.502544362
0.197382273	200.9477017	6.739982484	0.243897744	11.29180035	0.601911256	0.124472444	5.756918053	0.119872123	0.161936936	13.19107137	0.471497811	0.159692544	1.002883099	0.012154767	11.15407532	3.9824473	0.077176328	0.149091768	3.264964546	0.114496638	0.157093759	1.819973298	0.018825695	0.195342369	6.705892918	0.294848056	0.15027053	2.802927748	0.056516455	8.507281613
0.19364233	189.7945804	6.226659677	0.192963641	3.902993693	0.166836793	0.197100684	81.84237892	1.115724159	0.085145361	3.925531572	0.064695995	0.138370623	1.002883099	0.003182865	15.97682221	3.642422731	0.139832325	0.196614181	7.001825819	0.336575273	0.190296619	1.002883099	0.030307732	0.18774733	7.164960549	0.279978882	0.194336755	4.430080346	0.150301514	8.514095214
0.180811538	374.450763	5.939447019	0.241706744	12.41719513	0.622308745	0.150764983	11.22697009	0.261446424	0.157596211	13.22910254	0.444479524	0.105856784	1.080832611	0.004064063	17.22074859	249.372875	0.632811028	0.152227037	5.874112172	0.181047625	0.149698291	1.014498859	0.003486992	0.192970281	7.374234249	0.306700389	0.185752141	3.727287117	0.120666861	8.516458671
0.18993217	151.0382209	5.306679797	0.233724005	9.976994894	0.495365858	0.199631965	9.693857341	0.46734929	0.189077895	25.21159953	1.011591904	0.183101953	1.008674259	0.011599411	19.90910364	22.46921485	0.781059888	0.099980988	4.329214479	0.05817072	0.153024935	1.014498859	0.010390907	0.1854892	3.321852504	0.150425645	0.199700617	14.2573401	0.23395347	8.52658689
0.18928418	188.7138971	5.759821369	0.205533685	5.013892794	0.228491099	0.181293719	18.47424257	0.548814844	0.17098524	23.86956262	0.765076239	0.102743922	1.617343251	0.003840989	16.47975004	5.115961079	0.197728273	0.198903032	31.74135091	0.838179904	0.185471647	1.011582367	0.02302633	0.153648979	4.733351889	0.133806119	0.153862818	3.209050815	0.063598096	8.562383262
0.19445163	205.5903557	6.531970445	0.234162564	8.039449408	0.428702678	0.192924746	17.04346486	0.637882026	0.142555575	30.13837136	0.480558171	0.161205828	1.005774511	0.009777834	9.466137814	1.216245525	0.025726391	0.15897345	4.468508009	0.16367209	0.112918927	1.011582367	0.004507599	0.199921462	6.330680015	0.29557901	0.089813314	1.008674259	0.005385652	8.583761895
0.175476357	375.5213916	5.248413681	0.138262004	51.63310376	0.089088186	0.164407496	5.976461292	0.224657832	0.1802833	36.55028121	1.084261826	0.182759828	1.01742376	0.0250711	19.77121989	75.5039187	1.078215339	0.174543013	4.158193797	0.176306161	0.19348825	3.51873529	0.047764682	0.198692712	12.48889836	0.440641093	0.189612045	8.565114702	0.171045049	8.585464949
0.179635746	378.7516794	5.781887256	0.24352327	26.24851728	0.90889982	0.144210255	15.99745926	0.253879641	0.159610302	42.33081832	0.764240517	0.174176831	1.014498859	0.013312156	17.37908867	198.0725105	0.661169051	0.16739405	3.803163849	0.154036334	0.169631581	1.008674259	0.002276107	0.130605943	1.333617414	0.040778234	0.093297992	1.008674259	0.006698803	8.587177919
0.188735347	136.6747215	4.921673303	0.235253887	28.37025346	0.790872276	0.17394798	10.75246102	0.377107156	0.179193019	44.96899982	1.150403361	0.149864402	1.014498859	0.003246634	17.77391451	30.75190101	0.583549017	0.199255431	8.442705111	0.404564699	0.164543139	1.056223775	0.019891421	0.171913762	13.22910254	0.279133755	0.161752577	7.35303472	0.090180462	8.620622084
0.195083697	246.1049407	7.027606881	0.191980096	6.881916951	0.225076101	0.183394023	13.04003688	0.47873301	0.07460728	3.880585212	0.051235721	0.161908649	1.005774511	0.002662261	16.53280558	37.9441463	0.464518405	0.14625018	4.507269002	0.140242229	0.13597862	1.014498859	0.009708649	0.148769782	11.13042193	0.162956119	0.171279111	2.188189961	0.07363087	8.636370246
0.188903108	213.3645389	5.969642267	0.193902577	3.321852504	0.149853004	0.189251964	24.00739766	0.709025321	0.142878646	10.29800713	0.309911655	0.133368837	1.011582367	0.004747405	14.57619783	2.692201283	0.093473758	0.195199341	61.90103698	0.896177644	0.158178335	3.559490572	0.020602297	0.197957079	10.78346144	0.408812646	0.178744793	2.770834922	0.093124608	8.655370605
0.180634661	349.6516937	5.79766586	0.129584777	1.475000604	0.037674615	0.136659899	19.85292291	0.223806371	0.198790629	64.44693987	1.841951372	0.159503629	2.434145793	0.017631557	14.90543614	4.242842537	0.143894425	0.163001986	14.0940971	0.325836831	0.155593133	1.753117208	0.017973945	0.174988307	7.993292057	0.245708448	0.145306899	1.005774511	0.013196071	8.665339495
0.179618798	171.7454116	4.700161063	0.225032759	6.13333836	0.32434892	0.197798287	34.01205778	0.934762832	0.173133167	73.57269745	1.15605472	0.170694251	1.008674259	0.001372742	17.53903194	42.94456689	0.600766175	0.17952973	10.97134988	0.383614295	0.163416061	11.79011061	0.0250323	0.198327605	15.8598865	0.488706452	0.167195706	1.612693695	0.05768869	8.67250819
0.186600886	202.676282	5.665280128	0.219347498	53.14120009	0.649109169	0.189945202	7.289801101	0.336271962	0.180091476	16.70343154	0.688192931	0.158652581	1.01742376	0.011869434	17.4114041	29.36749928	0.539865372	0.174349232	25.94797829	0.486737148	0.178628597	1.011582367	0.013239204	0.172792405	12.81672141	0.280206312	0.120652996	6.098124673	0.032389837	8.703161497
0.19310188	203.2557735	6.339065408	0.225316848	19.51293423	0.590820268	0.117320142	5.642062068	0.103141857	0.168682912	39.39116721	0.894860026	0.148430238	9.55531616	0.014121742	18.0909065	7.524352225	0.315643236	0.106784851	3.611099124	0.062936911	0.13420172	1.008674259	0.006932352	0.190236086	9.749834625	0.34303239	0.163729186	1.237437095	0.04616018	8.716714369
0.185703551	174.7128765	5.227057189	0.241328831	42.82110938	1.002697126	0.189277532	80.44079778	0.943677671	0.19401169	19.34512957	0.88760744	0.1548985	1.008674259	0.008692276	12.06693573	2.969054397	0.075982111	0.169766696	6.629112111	0.24820253	0.166197208	3.46844677	0.025005405	0.175179302	13.22910254	0.299070446	0.109907502	1.005774511	0.011684571	8.729676766
0.183848005	323.710411	6.160004396	0.228204892	12.20454605	0.512697884	0.188508435	13.97289262	0.534809045	0.147091292	18.47424257	0.45046317	0.128494366	1.011582367	0.004905725	13.62439954	21.83156007	0.215652266	0.183528254	23.32609073	0.564305065	0.10878511	1.002883099	0.00145689	0.149035531	5.840386796	0.135681576	0.194583582	9.391677821	0.193405472	8.77338149
0.190901294	136.2850557	5.066633732	0.249251442	98.68441299	1.322019002	0.178101791	40.89337106	0.656109112	0.172702761	31.92464168	0.895870298	0.196234738	1.783663102	0.038226226	16.47698531	4.455661893	0.175905059	0.172740143	7.811297539	0.287078363	0.185267361	1.005774511	0.01116566	0.17544511	5.806855048	0.209233074	0.193424936	2.676744394	0.1126377	8.774878226
0.181356841	168.8283486	4.78116245	0.223666109	65.94848166	0.715496891	0.158467829	12.59723029	0.313138516	0.184364814	31.28771475	1.068620417	0.199499107	2.252102471	0.042698113	18.68138029	55.0091721	0.793014674	0.19702275	32.5745346	0.809744789	0.180625653	1.014498859	0.015094923	0.158170719	3.66345594	0.124305689	0.195954125	2.646096336	0.114620014	8.777896475
0.187692262	207.9517527	5.81844629	0.197462144	62.07950381	0.390645087	0.068872051	1.322148754	0.018021681	0.171570456	75.93991689	1.129281706	0.129733144	1.002883099	0.002663932	18.079855	86.19535665	0.730481921	0.182992557	10.26840231	0.389362477	0.151080979	1.13504676	0.015324852	0.170902646	9.445910166	0.244730459	0.164761145	1.178332393	0.044908427	8.783866832
0.182720818	364.9514248	6.130481572	0.199610886	11.58820059	0.312043067	0.125802697	4.329214479	0.106643657	0.1662937	42.45286227	0.87046363	0.133947752	1.122050757	0.00856673	12.74390943	7.833818286	0.138483859	0.174999211	123.5301427	0.603551244	0.150080135	1.026249157	0.014419168	0.190455998	13.00254924	0.390715593	0.195538028	13.26724335	0.211336529	8.786705048
0.190542739	410.27353	7.483008529	0.168234946	1.580518923	0.063859349	0.188860054	6.961625835	0.320727051	0.096970238	3.814128748	0.0786837	0.13280275	1.008674259	0.001733141	16.06290999	9.046677784	0.274140493	0.18128049	5.481945754	0.239638775	0.112916939	1.011582367	0.003675803	0.179097796	9.919713402	0.289307842	0.146731599	1.008674259	0.032368885	8.787143569
0.180746237	187.6393672	4.971324785	0.220055929	20.49169553	0.541108961	0.190879889	19.45683823	0.665610622	0.174477446	51.04191756	1.093521219	0.19663355	1.01742376	0.019262618	18.98022383	70.66629191	0.889171306	0.173185663	5.691002773	0.23025085	0.176722904	1.008674259	0.020919657	0.182455715	6.294333319	0.24107684	0.189136054	4.354213575	0.137375906	8.809622764
0.183414775	229.1507521	5.543576986	0.23491232	11.92666799	0.561284961	0.194072561	9.55531616	0.43909319	0.182365849	28.78158976	1.003514735	0.193121343	1.008674259	0.016695809	19.95364664	11.96105376	0.545053752	0.162965115	36.97361997	0.405777199	0.148346155	1.011582367	0.009363249	0.177129753	11.48854597	0.29373171	0.080176443	1.400511153	0.008874996	8.826966587
0.189651734	145.9510822	5.1890977	0.222775311	158.690211	0.748180548	0.177698241	9.257455283	0.360904341	0.194751203	39.05241645	1.408528277	0.196831783	8.815284013	0.047307536	18.59130272	23.80094214	0.630806973	0.156103752	4.733351889	0.165900184	0.191044164	10.03460716	0.04901959	0.180290986	5.466186196	0.215393162	0.125107812	1.288331148	0.02578096	8.840919271
0.188059935	231.121939	6.125609594	0.239847697	75.72160399	1.038373127	0.158933258	11.75621627	0.309019521	0.112297325	40.19305689	0.242834131	0.162147521	1.011582367	0.010514241	16.31597956	11.72241937	0.318919735	0.199589995	23.05901279	0.748842995	0.185082183	1.462316096	0.033343899	0.099340014	4.679156187	0.041850764	0.13606085	1.002883099	0.006438836	8.875746841
0.198791822	147.6274665	5.931830635	0.23893849	51.04191756	0.984031269	0.13619026	3.66345594	0.111624164	0.140011774	20.02513229	0.403776556	0.182258267	1.622006212	0.027904837	18.81156444	55.48633588	0.812488032	0.117021778	4.329214479	0.083984868	0.176775216	1.011582367	0.005537606	0.192677832	15.5434667	0.435584585	0.183129703	2.113884578	0.084315234	8.881077785
0.187946937	181.3194604	5.527879752	0.245905723	11.03470406	0.606127547	0.171345459	10.50764463	0.357495234	0.166726667	68.85880632	0.985375778	0.150652319	1.032175243	0.012750627	18.52442377	61.1922855	0.791899693	0.190621075	8.789941739	0.384292258	0.184161798	1.002883099	0.014753452	0.11585042	2.786835139	0.052812395	0.190309485	5.840386796	0.154809707	8.888196444
0.191555072	199.233864	6.10392317	0.202777034	40.54170185	0.432098626	0.131719677	3.145027202	0.093824092	0.177537132	25.79900168	0.874676276	0.187838345	1.598825073	0.031388382	18.09114746	333.5268353	0.804632204	0.113040242	2.41321296	0.057121019	0.11948292	1.002883099	0.00476673	0.19288155	11.5548867	0.390740785	0.176657101	3.117981028	0.09616357	8.889334855
0.186364078	378.7516794	6.704865795	0.227452417	55.80674233	0.773522388	0.103821056	30.84056179	0.099960234	0.183190054	15.14589961	0.658091692	0.193799151	3.716571871	0.041203682	16.75065596	5.175216015	0.205072641	0.163248923	3.652924197	0.143604254	0.171055484	4.468508009	0.029173458	0.182424534	4.871603322	0.203060209	0.186666741	1.292045535	0.058866328	8.917420682
0.182557106	413.8027605	6.233527421	0.210344395	5.311061071	0.251446457	0.198671174	10.97134988	0.511853673	0.195236578	26.17305776	1.12080358	0.176679465	1.008674259	0.017954603	18.27983132	11.22697009	0.426297395	0.133431526	93.97087014	0.203755584	0.152751711	1.002883099	0.009629039	0.166194225	4.857598384	0.165244352	0.105231336	1.008674259	0.007739734	8.948251839
0.189410932	382.0097545	7.147314985	0.186351213	3.117981028	0.132575729	0.197188189	32.38751256	0.90773075	0.122483456	5.72386553	0.155085043	0.195137552	2.448201794	0.039998071	11.9899991	2.661376248	0.069819062	0.180415968	15.58828005	0.462506962	0.194875427	1.008674259	0.006449794	0.111820215	1.002883099	0.025636483	0.056783793	1.292045535	0.004173918	8.951290797
0.193854582	136.6747215	5.334115197	0.219382005	28.28869435	0.584064237	0.191872931	23.05901279	0.718167751	0.198375279	29.03124871	1.248036662	0.173223791	1.412659549	0.022176239	15.28380775	4.494311456	0.156931342	0.188425803	33.04682818	0.690429078	0.158482813	1.005774511	0.001824578	0.133034763	1.223268748	0.038263796	0.191079603	6.258195303	0.162587989	8.956596869
0.187789272	213.3645389	5.859845851	0.235411158	22.34021106	0.738193233	0.157652783	13.65475213	0.319901595	0.192427114	16.464712	0.764574657	0.18775074	1.002883099	0.019504539	18.19352122	13.89266925	0.471092067	0.17060736	7.331896136	0.269361102	0.173866543	158.690211	0.033678291	0.194192746	16.13622535	0.452282245	0.145050377	1.972757797	0.044982993	8.973416573
0.175598511	357.7299738	5.218996054	0.21776877	12.52490509	0.446996755	0.161484096	5.72386553	0.21201653	0.185201074	51.93125967	1.350881769	0.176838202	1.014498859	0.016994293	19.45641779	6.667391991	0.317639899	0.199625288	167.1305198	1.117224541	0.131967647	1.115608663	0.009630909	0.168575135	5.942148292	0.19115967	0.184175674	3.379731664	0.112257284	8.993797703
0.187446108	311.0263628	6.515264878	0.217799051	6.667391991	0.317677599	0.156030854	4.956484969	0.178164448	0.14909384	35.30912633	0.58086173	0.142036024	1.014498859	0.002160001	19.50265271	22.14809278	0.727774236	0.186087952	25.35718419	0.612049203	0.074218058	1.01742376	0.001071828	0.147614308	1.698468569	0.059809811	0.16498694	1.13504676	0.043715549	9.038549282
0.178019744	221.4326947	4.995339768	0.19450549	127.1382031	0.379542349	0.193028734	25.94797829	0.767089543	0.195511742	17.59184249	0.830180199	0.163403619	1.002883099	0.014554386	19.41274721	161.9206824	1.056517523	0.197649362	67.48500771	0.964134027	0.183134386	1.002883099	0.010262559	0.055100526	2.6233408	0.01023349	0.188356466	1.241004749	0.057117421	9.084971265
0.180010344	292.0909099	5.498487554	0.248259977	11.22697009	0.628509333	0.199282744	18.90467181	0.739530543	0.178980549	61.7230832	1.262403653	0.191208715	2.563611512	0.036978386	17.27458229	36.97361997	0.546574366	0.115299803	3.25557839	0.071172669	0.193919884	1.011582367	0.012494324	0.142491368	5.145503251	0.113960843	0.197566256	8.866187966	0.202436917	9.11254859
0.182859636	273.5261923	5.788016997	0.249251317	18.31537031	0.843870758	0.199990163	36.44520606	0.981042617	0.184178218	20.31547386	0.829673541	0.153653371	1.011582367	0.008045312	18.34990211	16.37018221	0.527133274	0.094363296	1.262627717	0.026329912	0.166256685	1.005774511	0.017282679	0.131811441	2.909818941	0.072602821	0.139227904	1.062322951	0.029959056	9.123956967
0.192852186	223.9760558	6.511019494	0.228536797	18.85032445	0.622863847	0.171660839	93.16275234	0.63331989	0.194786924	22.53399583	1.006163558	0.170156349	1.01742376	0.010962392	12.58728622	2.19449873	0.064129772	0.128480911	1.773422454	0.053416214	0.091803987	1.005774511	0.002960329	0.14185907	4.304358912	0.10488664	0.185675883	5.042845572	0.136052515	9.145774652
0.19377526	230.4629999	6.701723136	0.235559073	19.73894018	0.714522901	0.15053143	4.706176025	0.160307766	0.140355577	7.970312854	0.251104611	0.198636389	6.258195303	0.04850793	15.79724259	5.235157264	0.187786471	0.197907318	20.55077513	0.700562184	0.110621519	1.005774511	0.002374035	0.189221851	9.582865085	0.336158521	0.171006035	1.074627164	0.044034191	9.147081746
0.180601141	199.233864	5.005491518	0.191591368	93.97087014	0.346433717	0.199601799	24.85128427	0.850138826	0.199663923	70.26057148	1.930979973	0.19843325	1.392470318	0.036785788	15.20559392	4.134320121	0.145675847	0.193456761	13.9327232	0.535550377	0.199898235	6.258195303	0.059609511	0.172655157	7.54604568	0.230348998	0.19133857	1.458112214	0.068130247	9.209144802
0.198972972	112.5565555	4.984930415	0.237433434	45.09864991	0.926607352	0.190881189	39.73285638	0.843690071	0.149645117	50.4575003	0.638614717	0.195189544	2.291342563	0.039241371	19.37203298	53.75670094	0.925915041	0.181635183	18.58092228	0.508616761	0.177999033	5.466186196	0.034624876	0.160848133	7.611502031	0.186713325	0.189821174	4.134320121	0.134770372	9.223724301
0.17682898	283.8692978	5.183286001	0.147907975	6.098124673	0.0926412	0.153051622	29.96533621	0.351426065	0.196243128	55.80674233	1.684821476	0.142605405	1.014498859	0.00609886	19.09038087	95.88384394	0.932668865	0.184996365	214.7004518	0.781833568	0.145358504	1.01742376	0.012905716	0.107124797	2.311218261	0.041097883	0.199221215	4.27964605	0.158168422	9.244948056
0.195308847	132.8276776	5.332883753	0.240193922	17.04346486	0.71697952	0.182144877	82.31497862	0.797818484	0.175375048	25.65088039	0.84304113	0.153626312	1.011582367	0.005773391	19.70611474	20.08286674	0.717530693	0.197155969	11.48854597	0.500684028	0.172243157	1.008674259	0.005299011	0.195904723	4.533296276	0.216274853	0.191350171	4.928028018	0.14840464	9.284689503
0.188722779	151.0382209	5.136097074	0.243058056	13.81290647	0.67381026	0.19164563	36.34043299	0.836682811	0.174502413	47.63426626	1.058176732	0.159311551	1.014498859	0.014209749	18.25299186	13.00254924	0.459605435	0.196704875	35.20761927	0.821963873	0.165846509	8.394232525	0.026218852	0.186184788	4.028573465	0.18069699	0.159212606	4.585802575	0.078580347	9.286042122
0.199694879	147.2065739	5.997745911	0.205462352	4.170182282	0.199908356	0.171175747	15.49878217	0.426817012	0.181932338	44.71081673	1.205369599	0.189063656	1.011582367	0.018466449	18.18765647	43.31707916	0.684262441	0.167434638	8.789941739	0.28542638	0.177604484	2.526973282	0.03195142	0.195938967	8.062627939	0.335369522	0.189816631	3.46844677	0.123627666	9.308944756
0.197164163	238.4958094	7.202094453	0.127596081	3.020786488	0.048847013	0.157885709	23.46078749	0.375640362	0.160654256	29.96533621	0.702954051	0.195443928	1.014498859	0.001532871	18.97438713	6.422467651	0.297373024	0.153420854	7.206334691	0.205883628	0.135728908	3.18145406	0.011537953	0.177635534	17.64256152	0.341082389	0.182020686	4.746998612	0.123438572	9.310384316
0.195548668	202.676282	6.557269331	0.217740249	5.013892794	0.258476981	0.188094303	54.06711959	0.849989807	0.151704406	6.881916951	0.249354157	0.127344811	1.002883099	0.004708239	19.04976646	14.01317786	0.540574217	0.19487544	9.749834625	0.434802426	0.175180848	1.571444599	0.027703058	0.178790441	10.32769731	0.291994471	0.169784279	4.829709176	0.098636094	9.313508781
0.195376835	156.7495725	5.827512708	0.230637797	12.70650192	0.545342143	0.063251675	2.556241613	0.021113986	0.185636104	26.78286081	1.003358316	0.15314539	1.01742376	0.004021359	19.79007377	142.2454094	1.140711972	0.199189034	7.856403961	0.37871413	0.08845563	1.01742376	0.002723905	0.196184718	7.310818321	0.317414344	0.174084862	2.213534379	0.076909287	9.317822152
0.187026443	480.0333361	7.068479393	0.229822006	24.00739766	0.690627335	0.18723594	33.81678241	0.753607207	0.139816265	33.52596948	0.467790606	0.18910173	1.014498859	0.023304665	10.13773474	3.611099124	0.059723382	0.126912079	4.442852708	0.102861757	0.185220155	1.005774511	0.018854116	0.1386591	14.42247384	0.134915998	0.146199022	1.005774511	0.016091813	9.336256272
0.193449728	184.979734	6.166661912	0.149792872	4.481391161	0.087707226	0.158354232	9.749834625	0.279634931	0.194054308	45.35907255	1.488082295	0.189048929	2.107807559	0.033747779	17.83846574	74.21088605	0.690550279	0.142981601	10.56832113	0.198956346	0.168989927	2.047990001	0.025557316	0.188397917	10.81455123	0.351522091	0.127689279	12.16946029	0.040776307	9.363196481
0.193326459	230.4629999	6.702496479	0.198888826	8.29812065	0.27419872	0.162022113	9.94831292	0.302733489	0.19423957	23.32609073	1.021560714	0.16062642	2.526973282	0.018084687	15.19202327	16.84832142	0.294191204	0.186040509	15.27727905	0.501355453	0.175573001	1.002883099	0.001077684	0.136141488	10.75246102	0.121577843	0.192820399	3.847213487	0.136020144	9.373296418
0.199229064	210.3402726	7.07465012	0.159625561	15.27727905	0.142638251	0.171957722	8.22675961	0.309289614	0.174099414	66.52053584	1.153567697	0.169906931	1.011582367	0.013048723	16.44349737	3.847213487	0.152721333	0.179464828	5.593542236	0.240971322	0.186462856	1.011582367	0.022938803	0.127788989	9.177844288	0.097771491	0.19798308	12.38149804	0.219843755	9.427441108
0.199700128	115.4862955	5.131326941	0.247201618	125.3211888	1.301741772	0.18407845	18.42113262	0.576013672	0.196746414	56.61587641	1.709667525	0.191250431	1.01742376	0.026888149	11.99291481	4.665704498	0.097633521	0.185719262	12.85367329	0.458717821	0.198070588	1.002883099	0.033643947	0.163170901	2.317881733	0.091119209	0.152599577	1.002883099	0.010730472	9.437483027
0.192510463	132.4489799	5.144880527	0.236646703	57.60233784	0.937445496	0.197108638	16.84832142	0.672058815	0.186884977	55.48633588	1.416898204	0.189407435	1.188553553	0.029731737	19.36494273	63.16116218	0.944159553	0.150007662	11.99553867	0.238365006	0.184173841	62.43798258	0.044107393	0.106915906	9.072760254	0.056998804	0.106498882	1.005774511	0.003754893	9.488400427
0.191841659	137.8504167	5.204829785	0.178663553	37.50969526	0.241758397	0.195461832	35.30912633	0.897784571	0.182279071	23.46078749	0.888421176	0.165226937	1.014498859	0.003979022	19.75160863	107.2772487	1.098045483	0.188874578	251.5359998	0.86468113	0.136474647	6.45955426	0.012092351	0.19691871	6.045682857	0.278506416	0.090665326	1.002883099	0.010111497	9.500209826
0.198242539	211.5448008	6.992510271	0.181514288	7.395494898	0.192324353	0.170498705	21.58159413	0.481618359	0.196342169	25.65088039	1.123805863	0.147202008	1.008674259	0.008928589	17.16154545	4.430080346	0.184492458	0.147025762	4.829709176	0.14865017	0.197248997	2.012917412	0.046002673	0.19649531	6.330680015	0.286436504	0.158429096	1.40859842	0.047187156	9.511956395
0.187900731	423.3631737	7.128767924	0.226439529	16.84832142	0.569481868	0.196922276	14.92943976	0.624797075	0.16928909	12.34590358	0.488328481	0.169876108	1.008674259	0.008282627	16.45823266	13.53732587	0.348629741	0.111838476	16.65541233	0.102742219	0.169012316	1.014498859	0.016511802	0.109929269	1.112401499	0.027423649	0.194010167	14.21635295	0.207031026	9.521996414
0.186954772	302.2717661	6.468513599	0.230548136	15.63322261	0.599298811	0.173383229	10.72154973	0.371778087	0.184652983	19.62561188	0.815692646	0.104341197	1.002883099	0.001075812	18.48081301	7.502721136	0.328146147	0.186501789	32.9518248	0.663257522	0.187924439	2.399357842	0.039492834	0.156402992	9.500455676	0.184588593	0.152469951	2.715554133	0.058105313	9.529949364
0.197275392	179.7730275	6.423505052	0.225591988	10.32769731	0.452884974	0.197854713	51.63310376	1.053273407	0.189689596	26.09781517	1.048742121	0.169804263	1.008674259	0.009634464	10.67142288	5.707410499	0.079721013	0.182275114	5.357130588	0.237261228	0.172225754	1.008674259	0.020147896	0.172335301	4.040188242	0.157756479	0.173414297	1.322148754	0.053741605	9.536668239
0.19327214	243.310295	6.821481607	0.147936919	4.230645167	0.084144602	0.150540458	12.8907317	0.271729106	0.180006569	44.83972245	1.167590853	0.173236891	1.011582367	0.005064286	16.41186682	8.943095573	0.286234395	0.172459856	128.2410327	0.573391508	0.19858526	6.276238301	0.057271196	0.133482145	15.63322261	0.119872859	0.199892116	3.902993693	0.152915297	9.53969571
0.197358985	214.5863858	6.958312203	0.236092142	30.31240572	0.822596952	0.124588217	12.8907317	0.155252367	0.175877672	10.41728243	0.445240774	0.160821774	1.01742376	0.012951239	16.52876119	131.6072517	0.525963503	0.180226196	7.459645333	0.305577334	0.185600239	8.589808778	0.042600094	0.189665243	5.311061071	0.234663177	0.156750786	1.062322951	0.038027898	9.541185541
0.184855324	477.3000441	6.792467298	0.24355194	26.70586515	0.903143928	0.128933657	38.94014814	0.199989285	0.17077382	9.665989334	0.399027918	0.173807112	1.002883099	0.009040089	18.28431366	73.15029031	0.758131981	0.148776213	6.258195303	0.17747272	0.124383684	1.566926993	0.008295706	0.130260596	14.42247384	0.110526373	0.195236068	8.789941739	0.192923774	9.551019072
0.189733352	448.2417598	7.496191158	0.182663861	40.07750945	0.266513386	0.186353384	40.19305689	0.776051259	0.134019924	6.367236595	0.194925474	0.193061239	1.008674259	0.010266851	18.69112092	7.459645333	0.333324949	0.155437553	9.230841849	0.237585084	0.195038793	1.011582367	0.022794193	0.176695391	4.585802575	0.182021477	0.133947289	2.541565317	0.039002482	9.558676313
0.195676071	135.1227111	5.365342482	0.23019852	52.23113729	0.802905294	0.198413652	49.87977447	1.040117605	0.185855576	29.45216869	1.063953838	0.109684024	1.008674259	0.002523236	16.21061447	4.599023899	0.17637901	0.18871477	35.00547975	0.700421451	0.167735359	1.002883099	0.018690045	0.175971645	11.82410267	0.292123674	0.187573857	4.146239776	0.13038961	9.592846245
0.179681747	230.4629999	5.186341863	0.209531921	21.02958526	0.446534311	0.173285827	28.61634437	0.548558795	0.187090274	35.51301926	1.185562233	0.199774588	1.011582367	0.015934756	19.94073912	91.83130323	1.14338222	0.196652926	78.60928905	0.970926021	0.197909157	1.650267659	0.043607559	0.125393044	1.938973586	0.0516673	0.090513625	1.008674259	0.009662232	9.602177292
0.195492518	222.7007444	6.840660232	0.22939244	19.45683823	0.643055261	0.197612031	7.374234249	0.357908758	0.15742959	18.1578643	0.532112676	0.162224219	1.188553553	0.017029687	14.37510379	5.101253658	0.15193052	0.185662226	22.21194793	0.577706258	0.173120582	1.008674259	0.017321681	0.189225712	10.78346144	0.356404687	0.18161093	3.438619297	0.108779435	9.602909194
0.187754602	276.6678958	6.410960661	0.224680159	93.4313498	0.763123133	0.193093404	11.85819273	0.512799666	0.199888088	15.90561213	0.780030607	0.181655961	2.977614476	0.030400809	17.57247457	97.27405026	0.663634349	0.162376113	5.959280096	0.209912808	0.178851774	3.209050815	0.033474196	0.13763445	3.738033256	0.09083551	0.197009541	2.469438129	0.110423384	9.605595124
0.184310388	269.6491842	5.921059135	0.197663672	22.02093266	0.355717357	0.194004265	18.26271709	0.676250015	0.190254526	76.15885921	1.652950273	0.184002839	3.727287117	0.033045018	14.84457195	19.62561188	0.28281261	0.186214926	23.46078749	0.599549314	0.169907103	1.927841246	0.02550853	0.137317223	2.144533492	0.065283946	0.195702147	1.763240603	0.083630926	9.695807122
0.194154816	285.4948951	7.264314474	0.199656433	53.60216059	0.411396258	0.193459638	11.35700497	0.49970647	0.168372545	11.65511677	0.460240094	0.160549133	1.008674259	0.006847478	19.55035578	9.151459722	0.425490752	0.157959303	12.27502133	0.278978421	0.199529512	1.011582367	0.020758023	0.146063	4.985106245	0.121254608	0.196671931	12.03012299	0.214654142	9.70364072
0.194144224	319.122083	7.480659773	0.238849593	81.60709756	1.056659658	0.178728446	42.69800679	0.669098258	0.095632242	2.311218261	0.049081672	0.10410833	1.005774511	0.001510939	7.242180265	7.811297539	0.033306827	0.127505644	5.057384597	0.110706848	0.198280633	2.534258797	0.049434067	0.192462049	4.242842537	0.198680713	0.166823227	1.743051936	0.060680433	9.709819187
0.191563139	197.5346433	6.141442902	0.24857981	11.52166859	0.638432345	0.195321725	19.4009035	0.710827046	0.176030973	72.52122247	1.223448676	0.194539402	1.118825073	0.031962614	12.63949628	6.842405407	0.130002932	0.199471217	14.97248282	0.609536689	0.199368048	1.005774511	0.007946874	0.159399079	11.03470406	0.2064523	0.113030562	1.32596064	0.020162861	9.720215239
0.198856709	253.9568388	7.679991314	0.187210363	1.851684076	0.084727729	0.187806442	17.24086852	0.593876175	0.052224563	1.603434644	0.016872942	0.171357636	2.024541025	0.02282802	19.65787234	15.95146959	0.627540724	0.16843145	11.58820059	0.33200299	0.110304093	1.008674259	0.00418027	0.194461909	5.691002773	0.258728102	0.17606827	5.707410499	0.117416834	9.7381651
0.198730688	198.6658392	6.895618203	0.243262033	49.0255648	1.046783345	0.177587502	35.82106837	0.626105824	0.105319555	5.071965539	0.10954975	0.177424253	1.005774511	0.004057482	14.90705245	80.2095457	0.335745652	0.195416549	9.80613515	0.438842529	0.073996335	1.002883099	0.001129988	0.197774888	4.122434732	0.200392408	0.183076975	4.146239776	0.119563311	9.777788492
0.199729162	255.4111404	7.726839293	0.118716254	1.773422454	0.033872783	0.1642631	6.38559397	0.23740192	0.190526116	14.75850139	0.683698843	0.082804547	1.002883099	0.001329343	16.04844236	3.925531572	0.150993169	0.168541273	112.9830393	0.508384492	0.192724484	3.135985844	0.04597422	0.180819125	5.609668974	0.21940438	0.193729624	7.001825819	0.174809427	9.782707869
0.192696324	326.4950134	7.361345538	0.110736786	1.002883099	0.002028518	0.175540587	6.648224499	0.275094732	0.198421027	34.70444442	1.390661058	0.174317675	1.01742376	0.010239636	19.00132699	6.725226672	0.310989208	0.147022161	10.12164994	0.210367554	0.152218059	1.008674259	0.004110486	0.161576898	7.611502031	0.189734224	0.159134256	1.209262625	0.043111501	9.797682455
0.18991252	200.3747906	6.018206238	0.190708353	20.61002505	0.298169116	0.149277144	13.42090943	0.270973905	0.191702765	69.45610541	1.668276303	0.143760423	3.389475766	0.012058727	19.52175813	91.83130323	1.033952921	0.122170491	3.621510281	0.084718103	0.190556557	8.764672318	0.049290897	0.18592314	7.310818321	0.277482211	0.193331433	1.995607	0.090804671	9.803933092
0.19295679	178.2397839	5.93576345	0.247104336	16.464712	0.784205449	0.090346106	21.95762665	0.066296102	0.198757436	45.88443796	1.619672858	0.142619768	1.01742376	0.008497107	15.46709185	8.994737574	0.246263172	0.199994827	13.69412014	0.579144951	0.197065418	1.005774511	0.012488691	0.199833829	9.230841849	0.380751228	0.19724026	6.610054667	0.185108653	9.81819166
0.183589752	491.1239267	6.559457465	0.229394159	55.6463085	0.809509541	0.159466334	26.86007845	0.397121241	0.146626588	12.48889836	0.368292015	0.18539568	1.703365422	0.030249141	19.85977638	10.81455123	0.498312321	0.190442103	57.10697716	0.807621479	0.170598818	1.011582367	0.012428204	0.17526298	6.842405407	0.227516197	0.192321247	3.869429263	0.136771873	9.847279477
0.194300879	450.8086475	8.309200392	0.240984105	9.582865085	0.52333141	0.10874263	2.843567002	0.062287024	0.074110877	2.469438129	0.038133394	0.199778293	1.011582367	0.025013775	17.36036097	8.943095573	0.326658623	0.167210905	20.78880174	0.396558326	0.143722984	1.002883099	0.006658526	0.148658044	4.665704498	0.122634806	0.184997849	2.077683519	0.085867848	9.896344124
0.199911762	229.1507521	7.452170048	0.194138463	2.297948731	0.10909577	0.197979753	25.57713896	0.830646141	0.172439382	19.06865582	0.686603548	0.19991577	1.322148754	0.03775233	15.28666065	52.23113729	0.358109478	0.149609506	3.488475353	0.121510639	0.19045515	1.005774511	0.012065505	0.175285676	6.294333319	0.219736283	0.171010462	5.372575727	0.103515813	9.931205554
0.195484543	223.3374898	6.857934233	0.204036042	3.858305386	0.185866481	0.179193177	35.10640402	0.649634716	0.193396133	21.09021564	0.941283827	0.175708545	1.005774511	0.00766403	15.5473617	224.8215613	0.414548866	0.194731084	28.45204772	0.738356265	0.182513787	1.014498859	0.02244352	0.100589767	7.833818286	0.047214	0.181480322	1.612693695	0.068226565	9.933172503
0.199620379	243.310295	7.637085523	0.120574225	5.72386553	0.047411582	0.106980358	2.351488373	0.053439979	0.152228087	19.17876798	0.503250128	0.174189524	1.014498859	0.010265462	17.84372673	65.75889225	0.672441968	0.184579707	45.09864991	0.672713325	0.197356174	1.014498859	0.032831512	0.130103792	6.764061566	0.096288473	0.1990782	15.8598865	0.236367198	9.96209515
0.198307609	216.432288	7.151044851	0.247588049	7.611502031	0.460090727	0.163984578	80.2095457	0.517434959	0.134211573	44.96899982	0.435908468	0.177816776	1.01742376	0.008694462	18.85675994	19.62561188	0.618035694	0.189906201	16.08983676	0.549146745	0.14415032	2.512465026	0.014126573	0.160970345	3.695233704	0.129273188	0.17653925	6.705892918	0.122569218	10.00632488
0.188702155	178.7494066	5.543859817	0.237118617	108.2077993	1.028056577	0.161722451	6.686614743	0.236445378	0.190136425	56.29082444	1.520103379	0.135669116	1.002883099	0.002214619	19.29955379	11.19469467	0.484054939	0.189656208	20.49169553	0.605542658	0.127570361	1.005774511	0.005248675	0.196961324	10.87699997	0.400010143	0.197802617	7.788841536	0.19758591	10.02312209
0.186285471	324.6359629	6.536363585	0.211184967	3.925531572	0.199956405	0.1796785	47.49732675	0.694218205	0.189771709	33.81678241	1.220979202	0.193398158	2.794869861	0.038895	16.351726	99.54042711	0.491413226	0.185271877	28.45204772	0.623310338	0.169405954	1.002883099	0.014369403	0.169016184	4.956484969	0.174134857	0.177413138	1.020357094	0.044012179	10.0376524
0.199069825	186.5709556	6.685982423	0.234987896	13.9327232	0.602881182	0.119268996	16.13622535	0.141434533	0.19365859	60.49164905	1.663315536	0.180468532	1.014498859	0.013671927	19.74692084	8.789941739	0.418769687	0.172932476	4.970775007	0.205279479	0.194658584	1.002883099	0.02945632	0.178297585	6.534371185	0.233386907	0.189703719	2.469438129	0.101333513	10.09551151
0.195883059	312.8074769	7.78531157	0.13918008	1.071537815	0.034452355	0.194706025	10.65999348	0.482826405	0.094072159	13.57635532	0.126861046	0.182555606	5.357130588	0.033057078	19.95348615	33.14210547	0.911111028	0.194293837	22.27598718	0.683797659	0.168680882	1.612693695	0.024296129	0.105085722	1.420816966	0.030469575	0.126967247	1.008674259	0.007658604	10.11984145
0.195743197	243.310295	7.084079313	0.122256223	71.69087251	0.05772544	0.129797386	7.438200263	0.14864084	0.19848698	55.0091721	1.756188203	0.185266226	1.01742376	0.01768937	18.27881818	59.45570709	0.74512881	0.171389774	5.34172985	0.21492892	0.181568069	1.014498859	0.023520084	0.121910795	4.746998612	0.072522958	0.140349643	1.989870008	0.041198136	10.16162207
0.199479662	286.3111813	8.030418269	0.232716093	6.348931994	0.353683816	0.154731558	9.473143662	0.259122279	0.16623385	34.60467571	0.813087076	0.170177893	1.125285741	0.020141683	16.5502577	7.788841536	0.269572141	0.141244449	11.0665182	0.194018194	0.19433719	2.077683519	0.043765191	0.167626389	2.317881733	0.094150353	0.162618407	7.310818321	0.092828885	10.17078789
0.189449366	404.4582412	7.239728966	0.248228754	9.976994894	0.576078126	0.194929145	19.56919195	0.706046619	0.1769037	55.80674233	1.168950307	0.1962868	1.008674259	0.010616064	10.77052317	6.404004271	0.083766787	0.184225809	6.330680015	0.278557227	0.185371047	1.008674259	0.004194235	0.131731687	15.32132497	0.11576951	0.174582924	1.978445453	0.072591864	10.2562997
0.19033007	411.446583	7.50590563	0.211749042	9.364678523	0.35574245	0.182378896	10.35747309	0.412341006	0.176127223	28.53407779	0.903598883	0.158582637	1.014498859	0.004902726	18.02886765	17.44055857	0.509480827	0.183236883	7.856403961	0.327013837	0.179364743	1.005774511	0.024219372	0.175852699	6.705892918	0.22906589	0.051560042	1.008674259	0.002066166	10.27433679
0.199486916	284.6809361	7.975799685	0.24558309	15.67829474	0.744285352	0.168317958	7.082923532	0.267105469	0.172680539	22.27598718	0.752047773	0.17393	1.4331415	0.022912675	15.3989355	3.781328527	0.137755028	0.121351368	3.914246411	0.0867688	0.168634513	1.002883099	0.016636668	0.178909741	6.312480507	0.230678676	0.177950758	1.041128598	0.045054447	10.27904457
0.19538813	210.3402726	6.690278552	0.231324117	51.18907648	0.829519423	0.190069241	45.48984726	0.868764655	0.176854139	18.63449293	0.716639792	0.163533908	1.008674259	0.001345184	10.99743701	11.92666799	0.102330037	0.188880234	26.24851728	0.644825292	0.180229292	1.002883099	0.007660034	0.192583882	11.03470406	0.378686227	0.18541783	1.905767944	0.080771145	10.32082034
0.195614734	306.6178207	7.630590491	0.233255889	52.23113729	0.864089291	0.184577128	9.777944366	0.406844901	0.174949251	17.44055857	0.670459065	0.148521897	1.011582367	0.007753348	18.72533009	6.367236595	0.289999505	0.182017952	11.32435573	0.404318938	0.162221028	1.002883099	0.003487148	0.084835057	1.002883099	0.007480958	0.191645637	1.598825073	0.07408335	10.359107
0.199610161	286.3111813	8.024227144	0.165092816	5.450471945	0.128067967	0.1057465	2.684461713	0.057224229	0.182871412	48.0474582	1.249793889	0.189776536	1.002883099	0.009989298	15.58508715	82.79030735	0.397175738	0.176123046	4.774410207	0.203281065	0.163792666	1.005774511	0.017226943	0.169044187	13.81290647	0.267279816	0.146978252	1.002883099	0.01341557	10.36768166
0.192247952	281.4482405	7.035838587	0.246175294	9.177844288	0.531114475	0.171004852	33.33348491	0.539381752	0.163405297	72.31273767	0.932648912	0.18033139	1.011582367	0.004783473	18.35244973	36.23596112	0.690287065	0.182648258	9.230841849	0.364171056	0.183849696	1.333617414	0.031650341	0.183272321	3.621510281	0.160797865	0.179212296	2.699963167	0.093211361	10.38388489
0.198504141	414.9859043	8.850900776	0.155002899	1.026249157	0.038218991	0.184728017	9.777944366	0.407188568	0.149795144	6.961625835	0.247823177	0.109731982	1.011582367	0.00352246	15.27198912	113.3087806	0.376503591	0.148605483	35.30912633	0.285793545	0.172819044	1.002883099	0.023157762	0.146275169	3.064584445	0.094060871	0.169080936	3.274377763	0.086009408	10.41317915
0.197066441	258.3447756	7.379548597	0.243425184	13.65475213	0.677255739	0.198285121	25.50360952	0.842106157	0.181884347	37.2943387	1.127360811	0.19612558	1.002883099	0.004052406	16.05893426	5.513601309	0.200687893	0.102149222	1.337462366	0.030762608	0.153326842	1.011582367	0.015609653	0.121686962	2.371885791	0.054875964	0.185095105	4.005443985	0.123610244	10.45587007
0.175822633	454.6865667	5.559530379	0.239720068	105.1369657	1.079737395	0.185544905	7.589620402	0.336602026	0.193155239	52.08098265	1.540923154	0.182209629	1.420816966	0.027161959	19.18617202	73.36118985	0.933863508	0.180394107	264.9145284	0.716412289	0.198715692	2.012917412	0.046862092	0.154520206	6.764061566	0.160185807	0.149771587	9.976994894	0.070846145	10.47212475
0.189298929	279.8456847	6.606245064	0.164928281	16.5121814	0.160572724	0.194744469	14.50575657	0.59519417	0.192669191	33.52596948	1.253128125	0.181303035	1.011582367	0.006601643	19.94015408	205.0349785	1.228265176	0.139680708	23.93838094	0.218191759	0.144868732	1.002883099	0.004613306	0.187820621	6.629112111	0.267272774	0.189713591	4.585802575	0.140164147	10.48024889
0.198008769	363.9109316	8.482131406	0.193322503	2.399357842	0.113140039	0.158141546	10.53793921	0.291032254	0.157710169	22.02093266	0.585283359	0.169929963	1.011582367	0.010294162	8.283458689	4.242842537	0.040381405	0.187068839	74.21088605	0.762604853	0.177517911	1.005774511	0.013000698	0.145630316	12.56101564	0.156745993	0.157871008	1.368623747	0.0460261	10.50064027
0.191404852	385.295856	7.492509299	0.229188839	50.16780576	0.798072376	0.168279953	13.85273046	0.390936955	0.104935106	4.194263045	0.095358127	0.17502632	1.011582367	0.004150463	18.84102968	24.85128427	0.670582637	0.19733102	16.89689681	0.631687398	0.188688425	65.75889225	0.049211334	0.183660962	15.95146959	0.371369361	0.12569335	2.156917124	0.03105222	10.53493017
0.196575205	292.9260555	7.752144405	0.192742213	13.45960324	0.284615505	0.146318342	6.921656654	0.192490586	0.155745262	47.63426626	0.715240302	0.182458132	4.430080346	0.031840325	17.80133944	16.60753117	0.484138794	0.196914577	142.2454094	1.032870307	0.127073351	1.002883099	0.004734297	0.13634872	1.612693695	0.051360679	0.183801398	1.310778721	0.058425425	10.60786063
0.199789819	239.8615723	7.530643099	0.233000625	49.87977447	0.850968738	0.128531233	3.370015575	0.094692012	0.18221866	76.81948085	1.408802862	0.171803817	1.185136686	0.021094821	15.07720075	12.74313603	0.260754826	0.181633897	8.689299091	0.344655446	0.175781254	1.008674259	0.002230237	0.150979757	1.835760217	0.066195636	0.167185108	3.902993693	0.087309461	10.66734714
0.193828944	355.6930727	7.66681866	0.240278182	6.667391991	0.391413823	0.168303192	11.03470406	0.350832715	0.166756653	22.86071305	0.697119969	0.095434526	1.008674259	0.001101994	18.39897498	5.311061071	0.238191816	0.199939125	113.6354611	1.081956518	0.162975814	1.002883099	0.002901685	0.177478928	8.994737574	0.269685227	0.146425842	10.38733471	0.065230388	10.7652528
0.197800638	491.1239267	8.936829761	0.228184315	11.52166859	0.499675949	0.187804932	22.59896357	0.666520193	0.102288956	7.103344304	0.124701289	0.123893058	1.008674259	0.00178776	18.71942119	7.268844301	0.32695939	0.085130488	3.869429263	0.038903864	0.199353946	1.364689212	0.042005885	0.160439039	4.857598384	0.151719195	0.170971754	1.384475648	0.054377246	10.84348053
0.192535161	323.710411	7.298275488	0.243294673	83.26838087	1.155109249	0.097770779	6.204376933	0.068327513	0.196129248	31.01865095	1.262727439	0.193306472	1.014498859	0.011566938	19.34345057	13.19107137	0.538291335	0.164166174	56.45311647	0.434713696	0.124477263	4.086983183	0.008674726	0.164155701	5.101253658	0.165186873	0.185934527	2.469438129	0.096917639	11.03979089
0.196559379	334.0382864	7.965925587	0.199834156	5.372575727	0.221475578	0.134916317	3.18145406	0.098553108	0.197022319	60.31774699	1.756497861	0.08252611	1.035151107	0.001727582	19.23325874	7.993292057	0.3687568	0.190967935	10.09255211	0.424253647	0.192708211	1.008674259	0.028126911	0.102565208	2.754926569	0.039655716	0.188488269	4.559473844	0.136851669	11.04182446
0.19879068	310.1396124	8.186593626	0.246459115	7.35303472	0.443683524	0.187598301	15.27727905	0.554890184	0.198865792	19.45683823	0.929020866	0.169616592	1.002883099	0.006079993	14.84043665	9.500455676	0.226487452	0.176602237	9.364678523	0.339397411	0.188899786	1.733044452	0.037720326	0.194842512	7.062561466	0.304744964	0.118566865	2.144533492	0.026157705	11.05477605
0.197597063	238.4958094	7.336436684	0.232922833	296.3930167	0.976214603	0.131666527	20.61002505	0.200491114	0.198050728	25.50360952	1.134642304	0.188886306	1.008674259	0.017181946	18.7007066	10.09255211	0.421101849	0.170528948	129.7263674	0.540751546	0.169608064	1.008674259	0.003802039	0.193912537	5.130710903	0.236960587	0.195352156	10.35747309	0.199039905	11.06662258
0.194755838	349.6516937	7.852584835	0.177579129	7.310818321	0.177301475	0.18133082	6.348931994	0.277763307	0.191585851	69.85718044	1.67720853	0.157824644	1.014498859	0.009906425	14.76371939	5.908032296	0.176735903	0.183260603	12.20454605	0.432334629	0.09875821	1.008674259	0.003827766	0.195714422	8.132565258	0.334657822	0.184811059	4.329214479	0.127154931	11.06947562
0.193924526	384.19736	7.926849433	0.189023049	19.28951598	0.28811788	0.15003298	15.23335977	0.284599564	0.198998585	45.88443796	1.618713116	0.175892705	1.011582367	0.011979648	15.82232963	3.936849269	0.148470892	0.180573171	17.14188253	0.485166359	0.176653345	1.008674259	0.00249012	0.170689964	3.54925771	0.140771218	0.190072011	6.783563027	0.163040464	11.07019869
0.195720834	419.7524045	8.428636116	0.138149963	1.659797147	0.046133748	0.199678999	29.36749928	0.904909576	0.143094166	48.32490876	0.541168192	0.160734442	1.014498859	0.006758271	13.92668164	2.365067068	0.078016356	0.198382283	55.9676387	0.946247827	0.195671957	1.262627717	0.038107149	0.166504676	2.278187147	0.091640623	0.152916903	1.032175243	0.035421433	11.11703929
0.193801909	505.3481858	8.300392269	0.219016172	68.07039011	0.658846681	0.191612516	68.46346331	0.962291414	0.151979292	19.12363265	0.501387004	0.148304403	1.005774511	0.008731305	14.44958225	14.88652045	0.239901804	0.104696647	23.05901279	0.087398627	0.182935905	1.080832611	0.02862982	0.175758073	12.13447539	0.294873041	0.154009362	2.893112631	0.061954283	11.14440625
0.199148293	425.7875924	9.061005159	0.200218117	5.756918053	0.231913521	0.126865551	3.135985844	0.087898907	0.184975127	35.61540682	1.14871891	0.199735608	1.011582367	0.019550458	15.01030813	53.60216059	0.335298231	0.136710265	3.642422731	0.107188161	0.176852411	1.014498859	0.015931822	0.191676507	6.515586104	0.277140587	0.191815525	1.412659549	0.066273062	11.35091882
0.196771735	359.7785395	8.222470973	0.22200505	14.80105162	0.50999243	0.194811536	48.32490876	0.972881124	0.196493875	17.69342677	0.841741062	0.146686172	1.014498859	0.001057863	17.94006886	8.866187966	0.350614428	0.089266659	13.81290647	0.053893952	0.153025497	1.014498859	0.012479885	0.180855231	5.160338248	0.207324363	0.189796032	11.25933856	0.183944864	11.35640094
0.191407186	419.7524045	7.633011198	0.226432698	28.28869435	0.66975381	0.178266124	60.84095873	0.700157213	0.184603868	30.75190101	1.064552045	0.19539199	1.014498859	0.018541428	19.11725948	71.48477481	0.913906493	0.184884736	7.12382395	0.309008993	0.180061198	1.005774511	0.026629124	0.143085122	2.150716395	0.070382301	0.069373347	1.002883099	0.002343809	11.40828641
0.197336045	501.038185	8.921055339	0.224682853	5.419178838	0.291778405	0.188320119	24.00739766	0.696552034	0.170696754	29.19888997	0.828295813	0.188724228	1.002883099	0.005437868	19.44328049	7.206334691	0.342160779	0.140555523	23.46078749	0.224062525	0.185468502	3.370015575	0.039584212	0.102655967	1.002883099	0.020786325	0.153605972	3.948199596	0.066408336	11.43612164
0.199208999	410.27353	8.933977435	0.225636673	14.71607349	0.539384481	0.157114873	32.48088897	0.393727082	0.187765162	18.79613333	0.816084558	0.195680199	4.546366219	0.043649539	19.03677433	6.881916951	0.318814523	0.099445389	3.948199596	0.055552442	0.197092373	1.008674259	0.029120882	0.178772976	5.295792775	0.207483579	0.18526514	2.952007995	0.106538778	11.4443333
0.193833175	484.1626502	8.339491235	0.225101486	19.45683823	0.588993075	0.182941724	24.56674324	0.627547156	0.1758252	10.75246102	0.458004723	0.156564146	1.01742376	0.01087175	19.87512801	172.507985	1.195921921	0.146184017	6.981696894	0.180339786	0.166949093	1.002883099	0.012531743	0.143149542	1.862376645	0.062448574	0.139201339	1.002883099	0.019167513	11.49531748
0.198335419	296.2905845	7.985193135	0.14825283	1.083948758	0.038162734	0.190307774	34.50519381	0.813742598	0.163477667	28.53407779	0.723449146	0.190277593	1.544533027	0.032822943	18.83259942	25.35718419	0.68406061	0.192781005	21.58159413	0.649738453	0.181898965	6.553210426	0.038717655	0.19978672	16.89689681	0.510926825	0.131939587	1.655025544	0.032772605	11.5095867
0.198529438	488.3274853	9.072006659	0.221655808	83.74921504	0.702514155	0.146006435	69.85718044	0.325846556	0.156287297	14.46405527	0.462941231	0.173069668	1.005774511	0.006220159	17.32817923	5.403599724	0.224032967	0.176673397	23.12549421	0.49415988	0.15523043	1.01742376	0.008724669	0.17868302	2.723383345	0.118396644	0.174540546	13.49840861	0.132765057	11.54760797
0.19962006	310.1396124	8.358571827	0.248491872	62.07950381	1.226266091	0.089975527	1.044130275	0.020591501	0.189661789	14.97248282	0.68964749	0.089364381	1.020357094	0.00105748	12.92077412	10.12164994	0.154766304	0.184047868	94.78599777	0.741491399	0.111537106	1.014498859	0.003898997	0.179248355	12.27502133	0.313452693	0.176692598	1.345185556	0.056230596	11.56597438
0.199365213	218.2940689	7.227554205	0.21956655	30.84056179	0.587387599	0.195793021	15.76882923	0.633948697	0.179817459	69.0573331	1.301670177	0.100015165	1.008674259	0.002339404	18.21498298	38.05354305	0.669056886	0.19988279	21.02958526	0.731811369	0.174020066	1.008674259	0.008841042	0.198984771	11.42258612	0.428497056	0.051497109	1.011582367	0.001080353	11.59218679
0.194491758	484.1626502	8.310952953	0.241601273	66.52053584	1.089963383	0.17063161	12.66997313	0.390411255	0.178813241	53.44806452	1.204192317	0.129923627	1.011582367	0.001839131	15.70573248	9.072760254	0.25602473	0.111920064	7.699661237	0.090377301	0.19719752	1.011582367	0.020920872	0.144417968	12.70650192	0.151373817	0.181176056	8.540491617	0.144367982	11.66042374
0.189581023	410.27353	7.342330995	0.246862425	93.4313498	1.269592861	0.174304734	21.15102082	0.513780058	0.196572367	42.82110938	1.503356255	0.195389645	1.014498859	0.0153273	14.52296677	6.921656654	0.184084303	0.197198883	19.23406227	0.666045437	0.122288517	1.014498859	0.007227483	0.169329643	17.39042027	0.282979355	0.191776054	5.57746186	0.156268293	11.94099234
0.194979894	443.1517485	8.340243771	0.243813191	24.85128427	0.881235436	0.192759972	61.90103698	0.974436014	0.180958218	31.01865095	1.008456851	0.11614659	1.008674259	0.001249269	16.20706975	8.156012251	0.264928192	0.123939931	3.781328527	0.089372676	0.172601173	5.823596788	0.030820812	0.199399871	4.942236012	0.239150182	0.193160911	4.857598384	0.151485087	11.98137829
0.194207098	498.1852922	8.36657412	0.246667474	103.3364561	1.273949443	0.195900211	13.34385519	0.572500337	0.16744606	12.38149804	0.479139969	0.19833854	1.005774511	0.012544127	15.05604498	5.419178838	0.174146162	0.188149823	37.61783944	0.706940974	0.189202447	1.002883099	0.013887323	0.19010461	11.99553867	0.378750882	0.093932898	1.005774511	0.009082754	11.98751609
0.190571642	492.5281469	7.649859927	0.240686795	90.25865805	1.083328382	0.164490409	5.434802868	0.209741058	0.193133863	75.93991689	1.744963101	0.182942116	1.005774511	0.016473297	15.63298015	18.85032445	0.331656506	0.192633053	19.56919195	0.6200116	0.116236585	1.005774511	0.005090852	0.194057834	15.32132497	0.445406523	0.191797237	2.126091227	0.093494485	12.20002573
0.198191145	336.9117307	8.368342613	0.249280785	36.55028121	1.111241536	0.182419249	8.789941739	0.366700062	0.199601888	41.12951027	1.543355384	0.158294906	1.005774511	0.001941239	16.15877494	5.101253658	0.191062532	0.148691608	4.625581012	0.148009932	0.157947062	1.011582367	0.004000933	0.189862402	15.8598865	0.420411113	0.189579675	7.524352225	0.167018621	12.32208397
0.19463398	491.1239267	8.427724209	0.180502554	7.856403961	0.193826698	0.1980086	33.42958866	0.919257868	0.171141028	63.52588699	1.068615236	0.174801936	1.005774511	0.015499061	19.0710398	325.932961	1.003444	0.18055596	34.60467571	0.586079625	0.180271415	1.005774511	0.017149761	0.198031464	9.046677784	0.371088797	0.184657326	2.483697926	0.095907787	12.69859304