years,Q,target,years2,Q2,target2,years3,Q3,target3,years4,Q4,target4,years5,Q5,target5,years6,Q6,target6,years7,Q7,target7,years8,Q8,target8,years9,Q9,target9,years10,Q10,target10,Sum
0.114992684029442,113.239529070391,1.04,0.205533684734363,5.01389279437678,0.228491099213248,0.181293718572367,18.4742425689144,0.548814843905037,0.170985240162945,23.8695626167564,0.765076238500154,0.102743921814309,1.61734325078285,0.00384098863344921,0.164797500414704,5.11596107896008,0.197728273085696,0.198903031860477,31.7413509094294,0.838179903836714,0.185471646560405,1.01158236655188,0.0230263303330267,0.153648978701951,4.73335188912938,0.133806119475064,0.15386281835997,3.20905081491668,0.0635980964209646,3.84256189340335
0.137082003242107,34.9268431145398,1.04,0.229210205473365,32.4808889723873,0.723682701422072,0.194169800331086,68.8588063220333,1.02603981427103,0.186819969615459,27.8042399468639,1.0450570877091,0.181323777694737,1.01449885892793,0.0166986359804085,0.183541412666414,25.8733827583896,0.62595684592213,0.109844309396993,2.43414579263315,0.0543942015957191,0.19817365903422,1.00577451078852,0.0159654290009974,0.0652579946503739,2.81100886708374,0.0145538415727509,0.19782924223462,4.8997344482741,0.164363751606449,4.72671230908066
0.142521265956832,31.8773741273602,1.04,0.241573248447826,8.44270511134198,0.480286265022713,0.16227715072095,10.8769999686707,0.315210914301364,0.195279805014548,27.5651328577691,1.15677986410108,0.193384859222488,1.017423759841,0.0213312171520258,0.193328821687863,9.07276025359497,0.415474058799222,0.180801761020778,7.41681684421187,0.304934183133574,0.179689184604202,1.01449885892793,0.013240441161399,0.171154594697848,2.63090415150101,0.109155438071025,0.154904669405612,2.35826794741131,0.058306702343704,3.91471908408611
0.154550503535424,28.050139672377,1.04,0.239720067578307,105.136965683063,1.07973739508372,0.185544905167843,7.58962040187813,0.336602025811521,0.193155238886383,52.0809826503965,1.54092315401046,0.182209629118817,1.42081696649143,0.027161959267066,0.19186172016616,73.3611898536447,0.933863507986534,0.180394106909843,264.914528391194,0.716412289378013,0.198715692197814,2.012917411563,0.0468620920696942,0.154520206048888,6.76406156642458,0.160185807057517,0.149771587103711,9.97699489356779,0.0708461447460516,5.95259437541058
0.148702375123021,29.495602018995,1.04,0.229776526045376,4.87160332233193,0.275282013655654,0.175658644313781,33.2376574471234,0.597442985633206,0.165254650047983,10.3873347090322,0.405948670351223,0.189722568419623,1.00288309926358,0.0127484839225289,0.162053289088872,40.8933710575319,0.43338481351402,0.170831237951925,31.2877147471334,0.466641725203415,0.135933735131741,1.01449885892793,0.00227380968490038,0.195733760090074,8.71435120329488,0.350256718096759,0.195111773337404,9.418754960271,0.193686375138585,3.77766559520029
0.130334051911462,41.2638249329961,1.04,0.240278182334297,6.66739199053658,0.391413822795262,0.168303192088706,11.0347040567755,0.350832715256986,0.166756653440849,22.8607130534172,0.697119969293209,0.0954345263408821,1.00867425853989,0.00110199395734358,0.183989749785923,5.31106107095859,0.238191815730617,0.199939124956544,113.6354610841,1.08195651788952,0.162975814188059,1.00288309926358,0.00290168496988886,0.177478927613643,8.99473757437633,0.269685226793344,0.146425842495302,10.3873347090322,0.0652303883757784,4.13843413506195
0.116707811738676,89.9112737099501,1.04,0.213791033408506,22.9927224875773,0.494301805650883,0.181712980403925,7.2688443008963,0.314054288604685,0.177769733605505,20.6100250498449,0.774283308565999,0.15657289836351,2.18189932872234,0.0162989148498028,0.160519392616315,40.4251521276738,0.415721903540223,0.123352184321371,33.9142795486171,0.148698539465026,0.181380573816504,1.00867425853989,0.0191457722695425,0.133496489979927,6.1865405227709,0.100589050457039,0.19428098926267,1.82522046182733,0.0852681019265016,3.4083616853297
0.150564363403245,28.9615569832397,1.04,0.234158379461812,41.3670130706622,0.859163855379137,0.196743467013531,22.2759871780403,0.770582034648149,0.168760808781813,22.2119479273284,0.706051793017259,0.157072132298485,2.25859550568368,0.016426991026764,0.192303561014652,7.22711126890421,0.338619526271224,0.123168284817714,47.3607809164382,0.149972598397369,0.199214766520529,1.00288309926358,0.0274974092721123,0.191519474837994,11.4225861207707,0.379548133376589,0.171791130742479,7.94739971184986,0.115573681116194,4.4034360225048
0.122253946989689,57.9916598558987,1.04,0.179451061124706,1.92784124639408,0.0835951321960874,0.15029282695202,4.66570449781614,0.159485097993237,0.179372894557081,62.258485186131,1.27185362039677,0.169830924895674,1.00867425853989,0.0102560396728365,0.171334568115068,16.751589190816,0.427594326861041,0.191612721397525,13.3823268507784,0.511667080965207,0.103184441775436,1.00288309926358,0.00209508196887981,0.108099215823856,1.20231981606127,0.0284918409906051,0.129376316500759,2.65372529430481,0.0351679435600174,3.57020616460468
0.154368356653908,28.050139672377,1.04,0.116940688170616,1.43314150019665,0.0295929105535916,0.109970606086077,14.8010516157109,0.110749493166254,0.164826038480037,40.6585876047624,0.836560284892581,0.149242472487847,1.017423759841,0.00263211813730517,0.187458717073935,36.235961115318,0.743117357018199,0.19219654341519,12.8907317012169,0.506442353233865,0.121898770784198,1.01449885892793,0.00520662717193799,0.161901643941039,7.67752616736229,0.19131717025648,0.169920499123555,3.45847564108692,0.0881895732541729,3.55380788768439
0.152566698626432,28.5022055025463,1.04,0.180247559405937,11.1946946742062,0.210715916824431,0.154091946803619,76.5986393670066,0.40163391481003,0.142660460411368,7.69966123740149,0.251505859342128,0.179739537192682,1.90576794350953,0.0272359550567282,0.153970624809883,26.4000896312366,0.338618475218739,0.190667910982281,266.444280193424,0.916658618334783,0.148403554700356,1.01449885892793,0.0052567278853744,0.182030062402568,3.78132852701561,0.165312396567671,0.148337139942331,5.01389279437678,0.0627574947045805,3.41969535874446
0.141638563084404,32.243497093466,1.04,0.223816780608592,14.1754836193795,0.519087110210368,0.187311021800335,12.2045460501459,0.486897309424253,0.0646588154623091,5.94214829246472,0.0461558522111943,0.179289449437059,1.00867425853989,0.00243714716712683,0.151195168943734,36.7613412036469,0.333413718558859,0.119587942192863,2.44820179377353,0.0637107948695343,0.158822066009942,3.02078648791353,0.0206562818150091,0.127569722330551,5.2653877364201,0.0851981851766522,0.0836948449140859,1.00288309926358,0.00277679633565722,2.60033319576865
0.114407270480774,124.072304400107,1.04,0.230126479319154,6.49685502569923,0.353454703487735,0.146644706483964,11.6216105181022,0.244773026463512,0.182172912081854,24.6375716039181,0.912405263938778,0.195221018839167,3.12697047724319,0.0420157529371811,0.190542189279287,138.607090185066,0.964830700382682,0.113255231253451,1.54009278652809,0.0399638181794945,0.199796136007851,1.24817094410403,0.0413338358555513,0.139747330248386,8.58980877761041,0.125703559185718,0.162182351815689,1.85168407581574,0.0582702932050103,3.82275095363566
0.114558698370393,120.717938478964,1.04,0.234162564215004,8.03944940844679,0.428702678400407,0.192924745582493,17.0434648578319,0.637882025784986,0.142555574750702,30.1383713644719,0.480558170790799,0.16120582750755,1.00577451078852,0.00977783380894087,0.0946613781350709,1.21624552488348,0.0257263912089545,0.158973450253123,4.46850800867783,0.16367209036698,0.112918927144511,1.01158236655188,0.00450759895553783,0.199921462152443,6.33068001474387,0.295579009519095,0.0898133136665341,1.00867425853989,0.00538565155822207,3.09179145039392
0.11620480978986,94.1136348416669,1.04,0.122653753853969,4.55947384416678,0.0486992000726793,0.118431165174048,20.1407676346358,0.144080666921179,0.198033829766021,16.3701822092467,0.794087863830207,0.171493216832607,1.00867425853989,0.0164027449441274,0.144779317863034,6.80312071291408,0.1823567664763,0.156052773469444,17.2408685151293,0.298090202282854,0.187445121822412,1.01158236655188,0.00819252846231918,0.151293511026324,2.0657547958787,0.0741069324055414,0.158153624910478,3.46844676966084,0.0706304344327852,2.67664733982799
0.111590072598577,225.713662786702,1.04,0.200628289764138,12.0301229939707,0.323765518062549,0.194167222744553,39.277925054923,0.902055387581903,0.162916351444387,11.9955386652786,0.44550637523343,0.17669617463267,1.01158236655188,0.0117087547298308,0.179271617981802,13.6941201359897,0.449028001324585,0.187971062882305,17.5918424880948,0.554085253705561,0.19110638276576,1.71320152422168,0.0386844974166229,0.0891904167826264,1.1715671660767,0.0202038454347802,0.192614429070857,3.82512526006857,0.135226364204002,3.92026399769326
0.151344990164603,28.7637924542932,1.04,0.229200966760401,9.66598933399762,0.460554609922132,0.193425500729204,92.6278716978486,1.0558079921939,0.131002491081413,5.64206206761865,0.17035945591343,0.162566904922442,1.11882507338448,0.0169620287903689,0.184266796127664,6.94161247758823,0.305793485977561,0.19394581978643,24.8512842698056,0.69655255617678,0.145628430723366,1.00577451078852,0.00209981548645212,0.174572697937914,3.86942926293753,0.156888443779625,0.170372238618993,9.94831291991456,0.115388699897201,4.02040708813745
0.139026201619887,33.5967057749668,1.04,0.249072331990453,18.6344929252859,0.857828019006192,0.152542602661423,4.63891702142887,0.162273673301836,0.165725816473772,8.56511470172144,0.342578489795887,0.188209696746215,1.017423759841,0.0147995328406161,0.187462030003545,8.44270511134198,0.370865940280001,0.195853844060127,21.6438160118766,0.689414447012683,0.134789255280317,1.01158236655188,0.00310957527106056,0.135390855987385,14.7585013912184,0.125666046900554,0.164268547780749,1.92229906736858,0.061661215250306,3.66819693965914
0.148797478100611,29.495602018995,1.04,0.240855539405213,9.20430492459876,0.507886210515373,0.196611844390459,53.4480645187486,1.02388245647771,0.124514239865451,48.8846255702689,0.342886799316572,0.168270354324672,1.01158236655188,0.00495930748115804,0.0991842218010591,2.0538945595859,0.0422490039844198,0.153555653560061,62.9795857825214,0.339765031955029,0.152952288350009,3.18145405986858,0.0180487392033995,0.140553021990837,3.81412874828321,0.0966262915411569,0.1103038023955,1.00288309926358,0.00902005368634249,3.42532389416116
0.121634901212114,59.8759500339751,1.04,0.218486729287242,7.74412301428478,0.352279356502273,0.166885363628192,20.0828667363378,0.434278838672233,0.198878898660528,27.884402330579,1.2226234435258,0.197295673654474,2.49085867387056,0.0422974081480514,0.160914062729942,9.58286508470002,0.280119065315754,0.171569074924511,120.370518157282,0.558329368000201,0.167128697486727,1.91677282105974,0.0241906598195734,0.171848974327406,14.9724828208773,0.287984560027417,0.171680726115133,1.41673238639154,0.0559455085555767,4.29804820856688
0.140579358145997,32.8380604164296,1.04,0.218630129833621,4.92802801770652,0.25696966092791,0.116030528488488,6.25819530279368,0.105014957362594,0.136342099874524,5.16033824803901,0.16598390351964,0.167594748060365,1.01449885892793,0.00955744500249308,0.183534098685317,9.97699489356779,0.398410646443818,0.113875106602397,54.3793307588897,0.118623681656284,0.121721382005226,1.00867425853989,0.00257231810228247,0.101690038906029,2.44116367657533,0.0370990798016756,0.142267318671598,2.96905439714284,0.048891738601658,2.18312343141835
0.110902884084835,312.897711289068,1.04,0.159293231556416,1.79913505645155,0.0650526745387766,0.182159868543723,15.7234968241093,0.519846766402897,0.170641244770319,13.1153367145537,0.516879299915977,0.112682252608849,1.00288309926358,0.00424946470347068,0.199265596159108,20.3740453880163,0.741962161128411,0.161734135213771,396.414505213178,0.446966437330269,0.185571772095999,2.44116367657533,0.0379327363166604,0.163557511619066,13.0025492407616,0.232553725651839,0.196765159710924,5.87411217212038,0.174203738768624,3.77964700475692
0.116040046423677,96.0682380646005,1.04,0.226651866379667,4.84363370723389,0.269181540045836,0.187894046427868,25.2115995346114,0.692867140760174,0.0743132059091026,5.46618619625777,0.0587651173551589,0.161504599909653,1.01449885892793,0.00953271726401878,0.19276063536246,9.86276078296599,0.439341760141422,0.18139470274112,6.862132740856,0.290333397330583,0.152494462101999,1.17494491051044,0.0157542031137962,0.132502710427216,1.29950646550457,0.0404664289621914,0.195072469801696,2.03037797761035,0.0938148598878097,2.95005716486099
0.128837701641674,43.2912174176546,1.04,0.236092141786116,30.3124057150643,0.822596952180162,0.124588216998995,12.8907317012169,0.155252366790965,0.175877672320984,10.4172824260824,0.445240774064915,0.16082177387634,1.017423759841,0.012951239313461,0.165287611924152,131.607251678295,0.525963503214439,0.180226196432093,7.45964533309522,0.305577334049681,0.185600239482762,8.58980877761041,0.0426000937818305,0.189665243465278,5.31106107095859,0.234663176830296,0.156750786173212,1.06232295058138,0.0380278979382465,3.622873338164
0.150463033693243,29.0277801933518,1.04,0.20708656964751,12.5610156350281,0.365588794215906,0.18964119770891,8.29812065000463,0.376184935887009,0.0688797686736098,1.77342245446464,0.0258487483595476,0.187104809241902,1.01449885892793,0.00238751702609851,0.175051994019067,7.81129753947542,0.304777077056394,0.163624683916338,8.94309557251015,0.270159563394609,0.137909600543604,1.20926262481036,0.0111813344801126,0.131640891538952,1.1715671660767,0.0361932250572394,0.179006466159425,6.49685502569923,0.12783366001931,2.56015485549623
0.138783303851398,33.8276988438502,1.04,0.19725458443633,3.33142973427318,0.155497988786821,0.141644082835867,11.5548867001919,0.220495486255031,0.145251529102347,50.167805761144,0.574105383354077,0.151507857304142,1.00577451078852,0.0126737634902941,0.175165519451617,5.25025074237118,0.222355778449491,0.118187162979938,2.60827926283097,0.0652533503420566,0.199667448368687,1.01449885892793,0.0254212831932821,0.179011182790275,8.10918567113405,0.265575838382195,0.184931892307029,2.16937226517279,0.0881177604899466,2.66949663274319
0.155719398907456,27.7950429029008,1.04,0.235360374879973,25.7990016756576,0.775286724131952,0.167085057443658,9.04667778353943,0.309225216588821,0.14442971206672,33.8167824081596,0.519739764765927,0.190479607719349,2.23917234584048,0.0356235158730419,0.128190474982163,1.88394737445416,0.0563910552637561,0.191484466592552,8.08587329578959,0.364771727838786,0.178797600220226,1.017423759841,0.00875158508257313,0.104142335800978,2.76286929599819,0.0409941357553802,0.188344215762183,1.66458250694606,0.0749659682991169,3.22574969359935
0.111842855598731,210.765854198472,1.04,0.220226274758316,19.4568382303861,0.538600879976275,0.152441902726608,7.83381828565906,0.227832080364499,0.131684388650147,8.73947554283164,0.236254635645243,0.189906449180565,1.00867425853989,0.0129806572996423,0.181516060883903,5.2653877364201,0.232916287842207,0.181241941088206,136.626166668673,0.698186787823428,0.19068216036435,2.74700667630971,0.0426470031168351,0.155243655789975,3.40904833026788,0.113884924189948,0.144563517620962,6.02830266228601,0.0588597507829652,3.20216300704104
0.131590570095207,39.783113123507,1.04,0.227171432483174,7.08292353206951,0.368008455992978,0.154245798613259,17.2408685151293,0.320048290153223,0.156274823781289,58.1019954155711,0.763947650830634,0.135673841231883,1.00288309926358,0.00619018319338073,0.158247892981016,27.2495189410318,0.375653069145099,0.132348832479946,7.08292353206951,0.13851840999951,0.161863495736776,1.017423759841,0.0142656029455701,0.176744353442804,13.4209094274668,0.308600168590895,0.179289625029229,1.63607591315362,0.0676311112666443,3.40286294211793
0.141610828049749,32.3172247554147,1.04,0.24513961080546,17.5412692675873,0.787680580924909,0.166494693135309,22.9266227583863,0.445995853814259,0.191931361628303,32.9518247994517,1.22995405243364,0.144361928372116,1.017423759841,0.00608993427229994,0.188989612247342,27.884402330579,0.711495268315366,0.183822091684324,7.97031285410644,0.332319351283335,0.175961539529952,1.01449885892793,0.00651115293464114,0.147880631823758,15.4097981223956,0.170265519535,0.195652470159268,1.87313095952011,0.0879166968913622,4.81822841040481
0.121285788783357,60.9800499929407,1.04,0.1546823414517,10.2980071327174,0.119595370617498,0.147134080623634,7.37423424898408,0.203726933653758,0.189929219713018,13.1531495321769,0.610889238170012,0.18379451445977,1.00288309926358,0.0062056476432584,0.191665562643662,151.110563018577,1.01210537837454,0.180827381993175,4.80198009042612,0.211439072800376,0.190742781847767,1.01449885892793,0.0103091032644364,0.180019618531048,6.88191695070772,0.247275385650233,0.185840366009595,1.35685404373703,0.0612243450004699,3.52277047517458
0.115971571017192,97.6165072818245,1.04,0.232924993474731,13.932723196473,0.590184887862372,0.188465328106211,62.6179974805149,0.895078726299684,0.180171133196996,56.4531164723065,1.24547603964513,0.183907532910609,1.00577451078852,0.0118158068398862,0.166026867637612,10.2684023095805,0.316286726032551,0.123533728924025,101.566780891269,0.15663872064079,0.178599323611059,1.01158236655188,0.0229907387567654,0.167356041803364,2.33798763817471,0.0946716216445597,0.133531608869883,4.63891702142887,0.0437305479061486,4.41687381562789
0.157328397211978,27.5422660634698,1.04,0.241141249428859,6.22226476776323,0.369612349958053,0.176223566790661,35.1064040208769,0.603964689348631,0.181589162393859,58.4375060149326,1.31220002242124,0.197578974967277,7.37423424898408,0.0476452744512937,0.149027253275147,195.241728182915,0.346361551670819,0.116600377850714,5.95928009583079,0.0936666780497644,0.16348059485003,1.24100474879353,0.0202178003950766,0.0928718363153683,1.05318733137807,0.0202562929369728,0.194136307191801,1.68871705388817,0.0792381163436267,3.93316277557548
0.117948663125517,79.6603844745739,1.04,0.247115680758792,6.1687553886527,0.378516895113645,0.158665215270461,13.932723196473,0.326475905222059,0.144996809893551,23.259032627454,0.469719901027348,0.075999619250682,1.00288309926358,0.00158946594607249,0.158243212678762,3.53905426496764,0.134605765827143,0.180454603294893,68.070390112422,0.653027153982228,0.185487187007144,1.01158236655188,0.0269303003924179,0.105845438109072,1.09966477838038,0.0256312095925704,0.132745670278897,2.07768351923393,0.0357232968804087,3.09221989398389
0.127600541627375,45.3146047184233,1.04,0.229188838633417,50.167805761144,0.798072376220998,0.16827995281156,13.8527304550101,0.390936955439644,0.104935105754201,4.19426304469508,0.0953581267987306,0.175026319998689,1.01158236655188,0.00415046305593662,0.188410296779979,24.8512842698056,0.67058263702824,0.197331019637369,16.8968968064112,0.631687398130299,0.188688424755597,65.7588922489258,0.0492113336153669,0.183660962310139,15.9514695864158,0.371369361215089,0.125693350438,2.15691712397049,0.0310522195902234,4.08242087109453
0.156248964910021,27.7316320270443,1.04,0.183094599659618,70.6662919109886,0.278854002416901,0.146808752881374,13.5763553199153,0.258512360411642,0.160158111536276,11.7224193723862,0.422494621171026,0.138889716623164,1.00288309926358,0.00747881833874961,0.176429134183667,16.2761951447872,0.465902992217482,0.194316757580087,47.3607809164382,0.852731139568251,0.147730385997486,1.01449885892793,0.00606409801715442,0.13324857384862,14.5895202202118,0.11832713425471,0.169153025069611,4.46850800867783,0.0945853219180271,3.54495048831394
0.111921144985417,206.006562079274,1.04,0.226892934533516,19.9675638236179,0.617961134556294,0.187876791783756,13.0776326016306,0.511566773867787,0.198911266895551,19.7958495069776,0.946791731337586,0.193041845415291,1.00867425853989,0.0035545069942171,0.18192738404918,7.45964533309522,0.318379185405692,0.137803271350081,17.1913042784243,0.198971739184466,0.181154245405591,1.00288309926358,0.00566626977412937,0.182661357000767,5.29579277470977,0.216319021899675,0.180090420278683,1.11560866287013,0.0488889457934619,3.90809930881331
0.120485452828859,64.5633077355281,1.04,0.177698999760351,3.08228092099346,0.11791532800605,0.152686821616882,6.88191695070772,0.21250073350188,0.129646863340254,13.0400368809022,0.281129722121095,0.162626110086313,1.00288309926358,0.00904674877302415,0.196152191887656,18.8503244528549,0.681300515891115,0.186333516824779,14.4224738415937,0.494381446386208,0.18846406122348,7.99329205722658,0.0460694833516049,0.175719170865357,3.35066711121492,0.141250991543834,0.115684021044688,1.00288309926358,0.00518497266087614,3.02877994223569
0.112483179963681,177.584993795008,1.04,0.206211302099029,2.75492656923522,0.139664105222384,0.181477054151302,11.7901106095195,0.440641471335718,0.19873165672822,28.6163443734521,1.24394927309497,0.181686895302282,1.27358007675926,0.0259462378651707,0.124540186982596,4.44285270778494,0.103558133211481,0.144812662415783,92.3615840827968,0.279175931319653,0.191985369287037,3.55949057200184,0.046403885675538,0.165577875375009,6.53437118513655,0.191118295719205,0.163237877473088,4.99947880072813,0.0862421061176212,3.59669943956174
0.125949864231854,48.3072095893017,1.04,0.243513893143327,24.7086041684656,0.875802890267038,0.175799444905238,28.6988481348414,0.579661913982888,0.182542658165092,11.4555185704036,0.509669529277743,0.112332813856638,1.00288309926358,0.00199344440746048,0.186482286500828,14.0940971036004,0.510511475034465,0.155295892582014,3.98244730043134,0.143902658430753,0.182750279711281,3.42873391662958,0.0373203135611832,0.0482092055247505,1.00288309926358,0.00235041817410259,0.163327765705533,3.36032741709575,0.0776451984252127,3.77885784156085
0.147451828639217,29.9025884608853,1.04,0.208075310896491,8.25047817477399,0.316104956548519,0.171793322266206,50.3124445249891,0.590627067946597,0.177226850727659,16.0435815196353,0.647015107078987,0.129935611221602,1.01158236655188,0.00272258611713781,0.192986822464513,6.76406156642458,0.31976619039645,0.105027171013015,1.75311720834914,0.0401946848675207,0.19287591890812,1.01449885892793,0.003780476464252,0.183878876422671,7.12382395041967,0.265489149718064,0.185332950431363,1.37652687910296,0.0618000054326055,3.28750022457013
0.136095476729804,35.5708867752697,1.04,0.202807453984586,16.464712003024,0.371855522551048,0.114866673960816,3.51873529007318,0.0789289996070569,0.112375229212906,3.12697047724319,0.0804212824454653,0.180061391146583,3.16318819550752,0.0297244947443658,0.19771658060071,6.74461616851603,0.327466605037425,0.194412231257042,36.0279175169288,0.79237027415677,0.0899083613358071,1.02035709353375,0.00104002434187619,0.163264904147996,3.9368492691367,0.139543494913788,0.173519097469439,5.6910027726913,0.111205474709533,2.97255617250733
0.132422270812632,38.8847728421275,1.04,0.246175293850997,9.17784428848941,0.531114475051021,0.171004852218779,33.3334849128322,0.539381752283255,0.163405296856175,72.312737671454,0.932648912309075,0.180331390060219,1.01158236655188,0.0047834727506595,0.183524497251455,36.235961115318,0.690287065034927,0.182648258171069,9.2308418493486,0.364171055812335,0.183849695719625,1.33361741419236,0.0316503405937923,0.183272321321601,3.62151028088471,0.160797865429011,0.17921229564593,2.69996316651677,0.0932113611883469,4.38804630045242
0.117758326509851,81.6871071808705,1.04,0.230879689560775,6.22226476776323,0.34409281203797,0.144949550062023,15.2772790540943,0.253960352849454,0.181276667317931,22.9927224875773,0.867094125144204,0.190052049900915,1.01158236655188,0.00800901805636961,0.147033224730531,12.4888983567305,0.241280776937942,0.173009095537409,6.15102138343189,0.244241057785921,0.195250754386197,1.65502554408647,0.0420952415093176,0.195995346507071,5.38806539618403,0.251578280277836,0.102498746698281,1.00867425853989,0.00160114218229986,3.29395280678131
0.110023138868412,485.122030182186,1.04,0.110258585035999,6.8227347852315,0.0370997546716214,0.171874879735677,12.66997313217,0.396883242595073,0.195156806886031,27.884402330579,1.17084464521585,0.199774247390109,9.02067029565308,0.0508657942498078,0.1817069065057,18.2627170853981,0.534531636982759,0.0914164561458525,10.1800975118018,0.05550056171869,0.146560647223786,1.017423759841,0.00911192401169446,0.151569701889237,3.86942926293753,0.116625349172024,0.112725269684265,1.65979714701382,0.0214557836617643,3.43291869227928
0.152680403326515,28.4371813246353,1.04,0.245932591952765,9.61049343596866,0.550456692489269,0.194800994666792,7.10334430368878,0.338576775308103,0.199303471066888,31.5591124739724,1.33146424485678,0.194685476463539,5.45047194460812,0.0438472376903883,0.17927527582285,70.260571482953,0.696952509621622,0.156512493627325,33.5259694810802,0.341517851546248,0.138960107398224,1.00288309926358,0.00189997693405372,0.1386392227434,1.70827639380871,0.0554021307322688,0.192801668789567,3.62151028088471,0.131836905770863,4.5319543249496
0.150094880425551,29.0941548288019,1.04,0.169921324380262,1.52684850782001,0.06269471079879,0.185397174210601,22.8607130534172,0.639315990412056,0.194703823796863,23.5962620603196,1.03596042979732,0.129738865731124,1.00577451078852,0.00125550820891154,0.142761708143611,3.03823005207779,0.102105276889614,0.153608846829049,6.34893199363231,0.193164674115873,0.109267287259095,1.00867425853989,0.00340699233371138,0.186802311309631,4.55947384416678,0.201681284430954,0.157527206073046,1.5896456468007,0.050155492849874,3.3297403598371
0.151252185782816,28.8295634579869,1.04,0.249779294742727,7.20633469066447,0.444287016746871,0.104714034814883,1.64079288241399,0.0388173200099232,0.192375680775451,28.9477893633602,1.15192582896667,0.183203023322443,1.01158236655188,0.0115458133285706,0.181897225232799,128.241032730368,0.777190488963924,0.165783807842055,4.08698318318596,0.162396613042403,0.153745601363808,1.01449885892793,0.0128084866959101,0.189902375784786,6.44098426295101,0.26934554355551,0.17556622104192,8.39423252506469,0.127760001352579,4.03607711266236
0.148662883877512,29.495602018995,1.04,0.120574224942499,5.72386552959968,0.0474115817740156,0.106980357828018,2.35148837301477,0.0534399786372766,0.152228086500768,19.1787679790464,0.503250127651204,0.174189523676544,1.01449885892793,0.0102654622786018,0.178437267284459,65.7588922489258,0.672441967855264,0.184579706980462,45.0986499114755,0.672713325358324,0.197356173936953,1.01449885892793,0.0328315124424698,0.130103792303636,6.76406156642458,0.0962884730605638,0.199078199831697,15.8598865007128,0.236367198391086,3.36500962744881
0.135357525184606,36.226806466008,1.04,0.221116893875657,39.8474101492761,0.640736105075999,0.0616552290442153,1.08394875824941,0.0133643348357279,0.178028693330152,16.1362253542068,0.658187939278364,0.192041009279698,1.00867425853989,0.0214296243111262,0.194865165405134,25.1391209535034,0.757506353381705,0.165742597488082,14.0131778568844,0.339832371146671,0.125414480258235,1.01158236655188,0.00793294834355766,0.166239997875903,2.16937226517279,0.0873243248818623,0.166409289287316,2.50524216415549,0.073471364827126,3.63978536608214
0.136389682703842,35.4087709489502,1.04,0.206262534248954,2.72338334507132,0.13826383149875,0.196356292732333,10.8769999686707,0.495869573231931,0.197661003554244,16.7034315396448,0.806758527600501,0.121685480859784,1.00577451078852,0.00461488062023864,0.166809621126389,7.78884153617836,0.273494414756968,0.198456940360631,42.5752580898973,0.887871906076198,0.17480741558686,1.00577451078852,0.00193071750778109,0.158516803473724,8.10918567113405,0.184405233387021,0.174224180483832,1.35295334494457,0.0553871626559226,3.88859624733531
0.122776959523592,56.4238220658969,1.04,0.196912538037782,5.5136013085513,0.216994675738886,0.176039259800832,10.9398093223365,0.391133173658383,0.198058372533004,65.9484816627422,1.84767026503438,0.196459380053719,1.01449885892793,0.0115080932497231,0.162639234404464,11.9955386652786,0.32170602660094,0.187395029174896,25.7248344244728,0.632493350947924,0.186380724106397,1.00867425853989,0.0213440006851916,0.194621961198263,3.84721348715026,0.183312094117203,0.187658160035134,2.6460963359074,0.103483651262936,4.76964533129557
0.145273033425738,30.6633713193971,1.04,0.23984654556198,8.63941072106801,0.480124629630275,0.155115079583316,34.8045007827355,0.380013799862347,0.180463522433881,29.6222405590191,0.987448335527821,0.115767821690385,1.00867425853989,0.00209860708435037,0.196972107632039,9.91971340151178,0.459428947660754,0.152804920283879,4.12243473196511,0.1437431789788,0.174192174607626,3.11798102843626,0.0300556581077544,0.17539468278052,14.716073490575,0.309209109784979,0.0929151955136764,1.00867425853989,0.0100577992448195,3.8421800658819
0.129483224356654,42.4104148257264,1.04,0.171233959699412,26.6290908341743,0.199758814148585,0.092886885382665,10.6599934842429,0.0664513597760775,0.177901678712371,10.3574730860055,0.448027134622517,0.171777267748477,4.57261925984919,0.0250523916971845,0.184863087568947,6.68661474347447,0.297697570383073,0.145334047693295,5.35713058780925,0.15420460589344,0.0932393902398004,1.01449885892793,0.00296086327912543,0.172698049136509,2.63090415150101,0.110357962660995,0.0809472955891557,1.00577451078852,0.00335409141844467,2.34786479387944
0.147252641195119,29.9709634242785,1.04,0.17207969577928,1.9841495077581,0.080478202979342,0.189186578604268,6.1687553886527,0.285793355578975,0.133772836623822,14.4640552653053,0.315318321302159,0.150108966450005,1.00288309926358,0.011212235428803,0.0893713798201658,1.7683242002651,0.032218111037866,0.153890922822722,13.0025492407616,0.261592349281138,0.132681173346823,1.01158236655188,0.00825645693642713,0.119639967137978,1.32978351631576,0.0359307324422338,0.193730072712508,8.56511470172144,0.184641516675741,2.25544128166269
0.153521796693639,28.242997504598,1.04,0.194838334866066,3.45847564108692,0.156503615158291,0.177619929314251,13.932723196473,0.454839632537772,0.17010282798641,13.2672433518329,0.518117757024056,0.137820126315974,1.00288309926358,0.00127499819019116,0.196779968629273,10.4172824260824,0.476155584647583,0.134078838980562,5.08658851868221,0.124625008010037,0.199497694212195,1.00867425853989,0.00156486265595654,0.182300902578164,5.90803229623124,0.232879756735149,0.197347434338536,2.92662172166501,0.12514335153865,3.13110456649769
0.123560318063413,54.1511824096624,1.04,0.236841787146256,10.3873347090322,0.527656192121216,0.194631769024695,83.0290000254614,1.06514411595321,0.178687184713255,11.6216105181022,0.503339904171156,0.1455335957523,1.01449885892793,0.0109296974077183,0.199825275004659,7.85640396138943,0.384342863028566,0.160774648536158,8.41843393067599,0.252118814841632,0.190366190788528,1.00577451078852,0.0184479123224661,0.176486859289192,5.79016143825715,0.212176580230912,0.184969096774178,3.25557838997471,0.111432730578657,4.12558881065553
0.151064890668142,28.8295634579869,1.04,0.155752945764552,2.08968112513086,0.0689666357897327,0.195968342640891,47.4973267490208,0.974990505939867,0.123763304593732,4.98510624458552,0.141488313530761,0.185786489054945,1.00288309926358,0.0216067269336442,0.0975379280794782,2.0538945595859,0.0411355058072792,0.14478814970999,5.3417298504113,0.153327961968579,0.0971691118848234,1.01158236655188,0.00267124558416602,0.0969544232510159,3.04698957090351,0.0357719201389656,0.185810471300857,9.44591016576076,0.160363252128775,2.64032206782177
0.154449453489116,28.050139672377,1.04,0.209900036578052,7.02201277776474,0.299236139729079,0.148271837966371,17.2408685151293,0.284268426477209,0.138075883446097,7.63344674676951,0.235798271052448,0.136689238353764,3.40904833026788,0.0100054577682895,0.177134207651562,26.4762037102107,0.554226827851388,0.175445456155634,5.29579277470977,0.221824105142381,0.183463397773668,1.01158236655188,0.020576166993609,0.157087147138249,7.08292353206951,0.170849725457503,0.1856540818711,5.72386552959968,0.140775600569662,2.97756072104157
0.138620932026226,33.982575875828,1.04,0.235559072882781,19.738940183072,0.714522901322305,0.150531430063353,4.70617602490094,0.160307765683611,0.140355577467855,7.97031285410644,0.251104611413102,0.198636389212518,6.25819530279368,0.048507930476334,0.157972425946578,5.23515726431772,0.187786470770815,0.197907318347848,20.5507751252155,0.700562183820714,0.110621518772131,1.00577451078852,0.00237403517521274,0.189221851269544,9.58286508470002,0.336158521127335,0.17100603532694,1.07462716439149,0.0440341908692986,3.48535861065873
0.14022390836223,32.9884064791838,1.04,0.165354755270351,4.31676880609627,0.117825800478012,0.132255459185659,2.94352153037066,0.0894586658829311,0.194634751524855,42.087781971745,1.45094435459503,0.17857658499451,1.01449885892793,0.00657613339409695,0.191961848569901,9.2308418493486,0.41533428079589,0.180047701072157,6.84240540686637,0.285961792473971,0.143819982917906,1.00867425853989,0.00651793120876285,0.161540522033608,4.27964604980107,0.144040144664478,0.159229319092153,1.73804099143649,0.0541403601257172,3.61079946361889
0.120745591988459,63.9761487615482,1.04,0.248489109789004,23.4607874898523,0.93482291714313,0.167511786751431,26.705865146348,0.472480249651114,0.161444523491866,14.8010516157109,0.506989305606018,0.12190882651326,1.01449885892793,0.00203317320424874,0.137643551428701,8.15601225127809,0.172881354493604,0.190097571447043,25.2842870786632,0.657230679412452,0.182176526212904,1.00288309926358,0.021415295943917,0.191906313459576,4.13432012050498,0.192811282037829,0.199488218983178,4.30435891208667,0.159214161715434,4.15987841920775
0.111622945260946,227.265549808162,1.04,0.178971383280224,3.28381811862624,0.125146703295651,0.199185188667859,39.3911672117236,0.997756815289395,0.171302967996368,21.4576864915806,0.722007449456456,0.196117670480458,1.00288309926358,0.0139850244306439,0.156330348435636,3.62151028088471,0.135475404859671,0.178920329426638,15.2772790540943,0.445620984964098,0.142659645245635,1.00867425853989,0.0022852422646171,0.174163444613177,2.7391095515787,0.115760793274012,0.189283273166567,4.88564863828298,0.144330819728051,3.7423692375626
0.129559646002094,42.4104148257264,1.04,0.199697732312059,11.8923810771604,0.313693774351586,0.156930893970624,7.06256146630704,0.230870095696327,0.157875704016714,12.5610156350281,0.432651990912448,0.171612379741918,1.01449885892793,0.0198731328853685,0.159100466004541,150.242983290666,0.447071279874232,0.179108362292466,15.9974592566334,0.459689434222759,0.13106053029705,1.00577451078852,0.0077751444394928,0.154516084509785,7.41681684421187,0.166056822569882,0.147830931133027,5.11596107896008,0.0619279222267465,3.17960959717884
0.132259890284254,39.0628032258884,1.04,0.237832938843951,6.36723659478765,0.368511868446932,0.170624976416204,6.74461616851603,0.264614625312719,0.183914360936648,29.8791915321589,1.04605339364852,0.111372282557628,1.0232988843187,0.00464295527940474,0.189583081490786,10.9083594392703,0.456438316242755,0.181827908785129,22.8607130534172,0.543252722445746,0.198340064211793,1.01158236655188,0.0198186652125727,0.187404368647661,4.81582467568853,0.211353990890198,0.13442805691493,2.08367368705817,0.0372490710370338,3.99193560851588
0.131670815036702,39.783113123507,1.04,0.247569316871561,83.9906723381921,1.25316941620167,0.177279557368925,87.1937028632918,0.710274109820457,0.164975624958442,9.12515100556096,0.361881769017102,0.186585088090422,2.0538945595859,0.0324926361444857,0.125387748730271,2.04799000112185,0.0597757452164085,0.1848332668065,60.4916490468777,0.713925051981082,0.194794508682665,1.55345194953386,0.0403077709909258,0.167572221998187,2.76286929599819,0.111046955633539,0.18625896257012,1.95017021036364,0.0829118231672505,4.40578527817292
0.120148951487755,66.8135534222751,1.04,0.222227445550469,18.9046718094031,0.559688253297593,0.173324729765018,36.6556592993152,0.57526625212274,0.140663930529807,12.8167214051892,0.338132344207274,0.155807910777188,1.01449885892793,0.00943767404548791,0.168254195624291,6.96162583541039,0.258906709069298,0.150559408346308,8.370100693918,0.210735458546388,0.148216642361865,1.00867425853989,0.00468675208174396,0.178422482284166,5.46618619625777,0.209519343802895,0.113524094225187,1.00288309926358,0.00314740101601969,3.20952018818944
0.153392475048648,28.3075776637043,1.04,0.247588049370119,7.6115020308696,0.460090727248314,0.163984578442679,80.2095456951702,0.517434958957236,0.134211572971576,44.9689998212073,0.435908467670069,0.177816775849426,1.017423759841,0.00869446208668097,0.188567599365535,19.6256118755653,0.61803569357081,0.189906201027843,16.0898367576997,0.549146744638626,0.144150320005002,2.51246502599404,0.0141265728170409,0.160970345012958,3.6952337044061,0.129273187686987,0.176539250052503,6.7058929175172,0.122569217579645,3.89528003225541
0.13868934131081,33.8276988438502,1.04,0.245752773492066,7.58962040187813,0.453298113375852,0.171154391003312,14.5475781084805,0.419591215376799,0.187980151163022,68.4634633145046,1.55507683046469,0.169281978431812,1.017423759841,0.0035659246353869,0.132989181255694,3.51873529007318,0.102027855856239,0.168056701667614,5.67464221589759,0.218084961050399,0.194946258536902,1.01158236655188,0.0141990051370785,0.142333442834179,1.47076025583445,0.0497164166316147,0.163044929643187,1.00288309926358,0.0290907507894561,3.88465107331752
0.135752873128934,35.8154532620603,1.04,0.214719557281796,5.48194575365476,0.268697246465376,0.186910234262097,10.0057595601981,0.424097842411256,0.190605867350534,12.7798757548119,0.596212855159008,0.182198909759774,1.01158236655188,0.0235451895492535,0.198803878582962,24.4961185033437,0.808545308334053,0.191483422478262,9.77794436555052,0.4199814341397,0.167331045249474,7.63344674676951,0.0275297195562039,0.171787233553537,2.39935784176774,0.0998733980147239,0.173323094597182,3.01210229799636,0.0897152148952479,3.79819820852482
0.14985907289554,29.1606812358378,1.04,0.23750394911036,21.7687984609418,0.753919379685251,0.178247047586732,57.2716222440805,0.689398866183642,0.102502704746016,19.5129342263596,0.170781857986261,0.192201027863853,1.01449885892793,0.0166611111930061,0.143769011763511,3.21830282695794,0.108358778576834,0.126008425217693,3.20905081491668,0.0843057846050801,0.186195308985105,1.00577451078852,0.00998170247136529,0.16802302378027,11.3570049730287,0.249486827339583,0.114802864096991,1.00867425853989,0.00744728483991126,3.13034159288093
0.115882896735468,99.1897289455312,1.04,0.246255594937833,216.562818980003,1.30588695925142,0.183363149820791,17.6425615162172,0.559602084885668,0.183864224310898,24.4961185033437,0.934070271173949,0.197235846395914,1.00577451078852,0.00138581523626819,0.178676481308707,110.728920316933,0.713685688492659,0.188232911468883,133.131575108118,0.832621496456576,0.180907388307666,18.053613516069,0.0391849680938949,0.192784961963587,9.36467852310833,0.350405775081699,0.194595125334849,3.61109912366059,0.13583203374368,5.91267509241581
0.144943127806089,30.8037607665866,1.04,0.214983987825626,11.3897483457029,0.40518146201248,0.169140135980799,4.50726900243269,0.184394927964948,0.187519938153963,29.0312487135558,1.0813733136189,0.15625902288459,1.00867425853989,0.00849235756908375,0.160177371413714,9.07276025359497,0.271409288299986,0.177312622479611,6.34893199363231,0.261503591739747,0.193051487254655,1.43314150019665,0.0386645784931608,0.182286809468653,11.6551167748285,0.325280113823382,0.179624099872538,3.37001557459736,0.104595624340802,3.72089525786249
0.148023140807288,29.6983980810424,1.04,0.225636673080232,14.716073490575,0.539384480684373,0.157114873434589,32.4808889723873,0.393727082462656,0.187765161809422,18.7961333346796,0.816084557590699,0.195680198573612,4.54636621906863,0.0436495385094885,0.190367743251461,6.88191695070772,0.31881452315323,0.0994453894283127,3.94819959636536,0.0555524415449159,0.197092373225546,1.00867425853989,0.0291208824855138,0.178772975790658,5.29579277470977,0.207483579324828,0.185265139641869,2.95200799512719,0.106538777991299,3.550355863747
0.153226392496261,28.3075776637043,1.04,0.247220302908395,79.0632192331212,1.26054142316285,0.175033289997808,4.66570449781614,0.198589228258879,0.162525023673799,20.6100250498449,0.620960383955501,0.150393030017208,1.01158236655188,0.00985423983157123,0.173776290953394,366.767713469489,0.667199008950117,0.12398594257708,6.78356302734552,0.11566253049326,0.14839174185689,1.01449885892793,0.00929892896862426,0.144623790964116,4.92802801770652,0.116594775620974,0.121810097812005,1.00867425853989,0.0136760726137509,4.05237659185553
0.149691815237256,29.2273597614989,1.04,0.249877988823449,92.6278716978486,1.32068092704916,0.185526964514062,15.2333597657718,0.536402599814357,0.0976361731777771,2.60827926283097,0.0571358625264088,0.0992030061411248,1.00867425853989,0.00201942240459924,0.198075709189986,79.9789584190507,1.08384292313857,0.190360604237148,7.16496054867685,0.326263222743927,0.188482174989266,1.01158236655188,0.0160986692234973,0.174115717143746,10.5076446271293,0.272833544369878,0.182348619959045,11.7901106095195,0.155204034059515,4.81048120532991
0.129401635777053,42.6045870395527,1.04,0.192742212805627,13.4596032415536,0.28461550538364,0.14631834227197,6.92165665438525,0.192490585928627,0.155745262011847,47.6342662567927,0.715240301953163,0.182458131582895,4.43008034640065,0.0318403246451609,0.178013394394122,16.6075311717231,0.484138793757688,0.196914577234041,142.245409398223,1.03287030716385,0.1270733506375,1.00288309926358,0.00473429700028373,0.136348719504389,1.61269369477906,0.0513606794958381,0.183801398144928,1.31077872056062,0.0584254251494978,3.89571622047775
0.113116524175545,151.692390369558,1.04,0.227232338613657,5.57746185992785,0.305839615635643,0.181387379768519,57.6023378446047,0.745090700967543,0.1950092504967,57.4367420159962,1.6702683494618,0.175372620502676,1.0684573459204,0.0220125324808734,0.16686092499937,89.482464022409,0.533104681369047,0.191754889682689,9.52784643268317,0.412121880738978,0.192757873672502,1.01158236655188,0.0305807860482361,0.178474276642301,3.42873391662958,0.147346054974287,0.118145870426782,1.00867425853989,0.00923040388770045,4.91559500556411
0.154703644534181,27.9861468254964,1.04,0.208194125885344,3.45847564108692,0.174902189032692,0.196653338981411,22.0844211988575,0.764013812830822,0.165815094526666,66.138617681658,0.968620630913068,0.171646613182496,1.01449885892793,0.00512340893635124,0.198090539084678,8.27426512232383,0.39800949300243,0.160911305705639,14.7585013912184,0.315156664534991,0.161522975477209,1.00577451078852,0.013014894927938,0.186795904955723,6.94161247758823,0.273017989669439,0.141698991858973,4.48139116082693,0.0524785663110542,4.00433765015879
0.153362508478085,28.3075776637043,1.04,0.179740836475701,31.5591124739724,0.245037753783697,0.151646614064088,5.19013667692469,0.174808127922755,0.163815480885695,21.273157622404,0.643680856868677,0.195320807514263,1.01158236655188,0.00219783691752504,0.170583855160267,153.301493754303,0.593549219225314,0.131624859028377,2.55624161321588,0.0770662344582103,0.181159705636104,1.00288309926358,0.0113854024599537,0.148394600732649,12.7798757548119,0.168681054893872,0.100664142098632,1.00577451078852,0.008659876500304,2.96506636303031
0.116827590009453,89.5014992636448,1.04,0.155887817743107,1.56242237457588,0.056188098809333,0.198292019055066,10.5683211343905,0.495450795103782,0.192974977136231,19.2340622708831,0.873412186315602,0.18434462458843,1.017423759841,0.00244835736736348,0.196637612347885,8.20310923201435,0.392135420559644,0.165696868208854,3.63195145450856,0.14517515358564,0.172258227038632,1.32214875407135,0.0249290433259407,0.16311433943187,4.48139116082693,0.150375102251984,0.147186027597322,1.41265954868704,0.0398071015426544,3.21992125886194
0.124662935731981,50.9126975420615,1.04,0.201604207387349,23.5284272689873,0.39228819879167,0.198861091652706,34.1101179217553,0.95500317778647,0.126007582634896,20.0828667363378,0.300651293591614,0.1444350271288,1.017423759841,0.00990791317922561,0.120217169494104,6.51558610363938,0.112191599461117,0.16374849289644,18.5275056440599,0.355623851368187,0.179818600218226,4.99947880072813,0.0360234957936721,0.145498806589709,8.34603823722249,0.142997452101282,0.101519957318695,1.00577451078852,0.0104636102533399,3.35515059232658
0.116808886563478,88.4852151339695,1.04,0.236321953496969,120.717558309537,1.01246086178115,0.198120248030033,14.505756572389,0.621619206523226,0.175679376903117,37.8350640594363,1.01635813182364,0.190943594998503,4.99947880072813,0.0395225682826023,0.172069649514755,5.70741049859425,0.232497483589733,0.186719058095911,26.0227888862634,0.627551494478172,0.199530038062643,1.01158236655188,0.0351071384965511,0.182148496991677,3.27437776251048,0.145208035959881,0.156723416945472,5.75691805285236,0.0769580260070949,4.84728294694205
0.142398184918524,31.8773741273602,1.04,0.242943646020787,93.7007216607734,1.14483468060126,0.178717274217661,14.3396692667093,0.469696251334294,0.161658003855369,14.3810119566121,0.496986572582322,0.151830618589422,1.017423759841,0.00863552107704036,0.190107293045702,20.6694457978884,0.652104723879267,0.196532643967271,21.0902156392867,0.683545002509629,0.116296134468018,1.00577451078852,0.00328709227787947,0.169727429949354,2.79486986091936,0.114235160903923,0.160616999145625,12.4888983567305,0.0954054994218477,4.70873050458746
0.145948201809466,30.4539859196963,1.04,0.19766367198112,22.0209326641103,0.355717357265564,0.194004265020951,18.2627170853981,0.676250015283472,0.190254526464154,76.158859212841,1.65295027296891,0.184002838630364,3.72728711692345,0.0330450175502584,0.148445719518872,19.6256118755653,0.282812609532737,0.18621492551423,23.4607874898523,0.599549313705005,0.169907103070667,1.92784124639408,0.0255085298833207,0.137317222650549,2.14453349218355,0.0652839456320456,0.195702146871203,1.76324060258228,0.0836309258204046,4.81474798764172
0.121701199708281,59.6030628502018,1.04,0.241461440131816,5.52949756842363,0.331229612703608,0.148280948547329,14.298445429222,0.267633245330717,0.1971538921689,24.4961185033437,1.09719269688384,0.184554189142016,1.63607591315362,0.029152324931922,0.197035679325785,151.546229771534,1.12943165712141,0.188281117668836,12.2045460501459,0.461220956706159,0.12914372876921,1.00867425853989,0.00801672655459139,0.171834706209326,6.2943333190863,0.206961884155323,0.163454330419201,1.6984685687346,0.0565733680741913,4.62741247246176
0.115837496262637,100.788305198048,1.04,0.191943826069469,184.317423772592,0.355333461581448,0.164794984077475,39.7328563803063,0.487819696249283,0.128651778065582,10.0925521055113,0.243980243105495,0.170499600833856,1.00288309926358,0.015538865240509,0.159256207960356,45.8844379566866,0.412188149975608,0.164608812972591,12.5610156350281,0.318655503142722,0.175861583385962,2.71555413295041,0.0310255246012657,0.15975851309789,14.505756572389,0.222508002853942,0.158526126202805,2.10780755947618,0.0590544297546619,3.18610387650493
0.14074419149885,32.6883995622381,1.04,0.23410236361248,4.97077500682395,0.287740240962849,0.115084029565977,2.22631645743836,0.0575571094975825,0.170172558553098,15.9514695864158,0.593834037182262,0.151595399454306,8.71435120329488,0.0152664416398006,0.172278990361954,10.2684023095805,0.350525415763328,0.110821355283003,34.4059979034348,0.105539895370574,0.175873161787367,1.01158236655188,0.0173113229556303,0.183238561257256,8.94309557251015,0.296144582378707,0.198171010566609,3.61109912366059,0.142773636290938,2.90669268204167
0.133257603247546,38.0067179330526,1.04,0.201479262450783,5.08658851868221,0.220783021229726,0.141152300549481,18.0017127911777,0.2458388352826,0.174748110293659,30.4874450288918,0.910879476395829,0.129001810507473,1.01449885892793,0.00265479362762127,0.180712366188517,14.1754836193795,0.466580629340983,0.195710305596299,7.63344674676951,0.359931448282143,0.189259139579137,1.00288309926358,0.0160003411603863,0.157440451945452,2.04210241714683,0.0772398189785408,0.148390572454092,3.03823005207779,0.0559767521197324,3.39588511641756
0.113467865438097,141.970502478276,1.04,0.194549983374129,38.4942931291769,0.353892284692835,0.166210355201255,7.67752616736229,0.276120290608427,0.156080653694895,40.541701854003,0.700771045018935,0.191868658204147,1.00577451078852,0.00265514510978346,0.197799406469146,84.4756773817437,1.09021803936801,0.14613007941858,2.97761447568876,0.102296962827945,0.171248231056869,1.55345194953386,0.0251001952228385,0.19963213973007,6.44098426295101,0.300218497284812,0.143218816284781,6.38559396992509,0.0574924243514812,3.94876488448507
0.149010686571453,29.4283115325412,1.04,0.156365720629652,2.29134256329585,0.0740015110969846,0.170043495889384,49.0255647982507,0.570012825160894,0.149166844966725,10.0346071582177,0.331186755921168,0.198434283188678,1.00577451078852,0.00224872968059075,0.199903407818564,83.0290000254614,1.14222508836773,0.116148479013347,1.72806227717372,0.0459686548685209,0.100249985284474,1.00867425853989,0.00338664456266249,0.129228109772843,1.16149208345279,0.0352287321344431,0.188012333207047,1.54898606893921,0.0702258611622823,3.31448480295528
0.151553423425074,28.698171498828,1.04,0.247104336388599,16.464712003024,0.784205448878869,0.0903461064524979,21.9576266468948,0.0662961015964044,0.198757435902302,45.8844379566866,1.61967285846615,0.142619767581903,1.017423759841,0.00849710727364024,0.154670918471122,8.99473757437633,0.246263171998428,0.199994826640804,13.6941201359897,0.579144950789969,0.197065418463323,1.00577451078852,0.0124886908922049,0.199833828874234,9.2308418493486,0.380751227738,0.197240260093063,6.61005466738882,0.185108652711798,4.92242821034546
0.128145279493804,44.3926343126682,1.04,0.245880448334548,15.3213249660846,0.740424877582493,0.154070380794267,39.8474101492761,0.374246049827089,0.154706631319954,10.0057595601981,0.353925833120599,0.177504004402962,1.00867425853989,0.0153251486927881,0.181975601402478,6.01097243209366,0.264617220012162,0.0859012678590422,2.91820823764409,0.0363902537563034,0.160209355550465,2.08367368705817,0.0206038257336762,0.160835599974443,3.17230798106454,0.1164233560632,0.1911394979167,4.0518365057735,0.136492452972161,3.09844901776047
0.140116221375554,33.0638374435755,1.04,0.111840348070166,1.23743709481674,0.0251868068587231,0.196834500335079,35.4109260457599,0.918218525500158,0.12221928884863,14.0131778568844,0.247503354441149,0.155694589906643,1.01158236655188,0.00277919764679879,0.166903682992564,3.74881037659201,0.151386003903186,0.174275496463925,4.09876636139165,0.173678777693072,0.15277490326141,1.00577451078852,0.0140514832093496,0.129642310054048,2.35148837301477,0.0623637090387347,0.145738644681701,1.65026765861521,0.0420661092311307,2.6772339675223
0.130979624715271,40.6093504828478,1.04,0.187755535594867,36.9736199650277,0.301258237793185,0.165133175833796,60.840958726914,0.518416647503936,0.16329917479322,34.5051938106528,0.772729831263297,0.173250190078512,1.01158236655188,0.00591871367376856,0.14437816220993,9.80613514975012,0.212037381399153,0.148928932762094,7.08292353206951,0.188625998474223,0.196834426794207,10.2094477434412,0.0563334279256545,0.179988453463463,4.77441020717598,0.195534490643627,0.190686073965802,3.73803325566538,0.129511810141041,3.42036653881788
0.129639469708359,42.1208145215961,1.04,0.178648553668114,9.33775684323017,0.195042379735961,0.193549208996432,31.1080807989498,0.839499020100122,0.191511436070923,30.2252632807581,1.16952909235821,0.188051455914266,1.01158236655188,0.0132503887972375,0.161802452974447,25.9479782891666,0.402096270672357,0.190433876636608,19.3451295709733,0.600624542781528,0.19863272510311,1.66458250694606,0.0448481518415791,0.170114068929522,7.06256146630704,0.214504851749317,0.19542848207571,6.1865405227709,0.17333725555861,4.69273195359492
0.154221235117844,28.1142788446691,1.04,0.238829696772699,17.6934267723322,0.713554223641519,0.164413365473193,8.49145760309168,0.286683476906201,0.170869515700076,47.7716005747586,0.992027570776765,0.187084312367937,1.01158236655188,0.0110424378685141,0.161686664181651,14.6737675621227,0.339375663458111,0.185017631936141,23.1921673069706,0.58176245889236,0.188532744614963,2.91820823764409,0.0416918675123709,0.162309834813643,5.2653877364201,0.163976223096603,0.193508485708368,6.57210398204128,0.170642398675092,4.34075632082754
0.141151064112503,32.4651862196273,1.04,0.181651003548602,1.9841495077581,0.0873971839587214,0.199809233818631,45.0986499114755,1.04735402095497,0.186869080726833,14.053579239644,0.63684227820854,0.16133956816478,1.00867425853989,0.00164926265552099,0.189171546518434,67.6795736840215,0.875684545110268,0.197644373352789,42.4528622739386,0.88739510051223,0.143111750932366,1.00288309926358,0.0108095778421687,0.167933879371153,2.84356700216288,0.11423352124157,0.175948353733781,7.2688443008963,0.122664111085558,4.82402960156955
0.13420758084458,37.1484903334101,1.04,0.205489545496156,86.1953566475303,0.482133511601595,0.110603067591947,12.7431360287119,0.110260779480572,0.16265493546486,18.7961333346796,0.592627628716215,0.157824417348193,3.79223047250718,0.0172975551487164,0.194413719766457,73.3611898536447,0.990157915137941,0.134949207820025,18.6344929252859,0.188969920519544,0.17022517520836,13.8129064745256,0.0297698310252141,0.182413447002047,5.773515819051,0.229761483987584,0.172245608737294,1.2267955530143,0.0500692976690169,3.7310479232864
0.130368439551034,41.2638249329961,1.04,0.238214659690752,56.2908244378238,0.96628304477322,0.160410723902733,75.0704237295268,0.472094171007503,0.100471748897773,4.95648496866088,0.0992880080116206,0.169031344349681,1.00867425853989,0.0160443312171505,0.15666744424883,79.7490340377456,0.403959974218056,0.154966939919296,20.788801735641,0.301884606603542,0.13049409648228,1.00288309926358,0.00218856611407187,0.173086440491183,5.32637338722108,0.192326434560512,0.157760421269418,1.24817094410403,0.0432436184217294,3.53731275492741
0.126421328299318,47.3243516806276,1.04,0.218019975279836,7.18561784115829,0.335257235700727,0.0917072309003122,7.81129753947542,0.0610963790124729,0.138240496089111,6.55321042588835,0.209129586398607,0.183127049004515,1.67902152597229,0.0287990689227259,0.15856707365172,12.7431360287119,0.307750168994359,0.182701079223699,222.247410324489,0.753470449081777,0.159627925819744,1.017423759841,0.00727763019850107,0.115559336302716,5.08658851868221,0.0643733451434803,0.161241904617794,2.21991621862324,0.0634553733192909,2.87060923677194
0.150116257020171,29.0941548288019,1.04,0.0952176764509237,4.69264665877481,0.0236164356383317,0.177160320258807,52.2311372931222,0.67748531207213,0.19824433451136,21.151020824465,0.990763991224594,0.198711433706056,1.01449885892793,0.00947380183235942,0.154038862304996,17.6934267723322,0.307418186181658,0.17251611512166,8.96887940476934,0.309921815712078,0.080872072043502,1.00288309926358,0.00135076590299913,0.109287875983991,3.43861929685961,0.0495100257527513,0.197175975173982,1.42902148939294,0.0692076276229107,3.47874796193981
0.132906636411208,38.4432385901807,1.04,0.249280785185595,36.5502812104738,1.11124153620306,0.182419249113096,8.78994173863968,0.36670006248643,0.199601887674411,41.1295102698824,1.54335538375036,0.158294905540313,1.00577451078852,0.00194123887970996,0.161587749440203,5.10125365829453,0.191062531543488,0.148691607589263,4.62558101221893,0.148009932036651,0.157947062033625,1.01158236655188,0.00400093322931135,0.189862401733391,15.8598865007128,0.420411113489128,0.189579675256768,7.52435222533039,0.167018621349371,4.99374135296751
0.140271596045679,32.9131476009994,1.04,0.231899414857504,13.0025492407616,0.55923603706466,0.16838204214207,8.44270511134198,0.30128436376492,0.146908795805,8.25047817477399,0.278384936973787,0.197229237087217,1.00577451078852,0.0239438127519392,0.156102070171185,14.7585013912184,0.306171894605906,0.164908860704193,18.6344929252859,0.363257069165635,0.167923013891614,1.00867425853989,0.0100258000556424,0.189530735250652,7.2688443008963,0.289042638807936,0.187936471249815,2.67674439360146,0.104626825170346,3.27597337836077
0.152906919222174,28.3723054911643,1.04,0.228536797245527,18.8503244528549,0.622863847103032,0.171660838765314,93.162752342285,0.63331989043803,0.194786924007013,22.5339958268413,1.00616355832952,0.170156349157082,1.017423759841,0.0109623924956195,0.125872862165141,2.1944987299355,0.0641297719357967,0.128480910859175,1.77342245446464,0.0534162140643752,0.0918039867312132,1.00577451078852,0.00296032893970011,0.141859070039623,4.30435891208667,0.104886640338503,0.185675883171548,5.04284557241036,0.136052514620068,3.67475515826465
0.129787953595603,41.9288471215546,1.04,0.202134077506915,4.49431145638251,0.203803405069205,0.158649733562862,5.40359972355987,0.195360353462328,0.133535230538735,19.9101608535235,0.356307882593826,0.15428124287365,1.00867425853989,0.0133005970565916,0.156817204863958,24.0766133741283,0.353261307694168,0.198157656806497,10.4473164853735,0.473651571539793,0.1060483168441,2.75492656923522,0.00509614898205042,0.146207563235476,7.06256146630704,0.13861401194707,0.181094619486729,1.23033252636976,0.0539881930161865,2.83338347136122
0.129780274345819,41.9288471215546,1.04,0.202501945733393,120.024475679838,0.463330042829593,0.182057946052086,7.24794774808137,0.313775960931366,0.177207347096014,28.0454211126682,0.914351902697891,0.194123426234871,1.00867425853989,0.0115003051311485,0.134558903238204,69.0573330958311,0.227916052954899,0.162335524703551,20.8487379146156,0.360763382619719,0.194156001082027,1.00288309926358,0.0339645547215544,0.143619581911436,1.70336542221432,0.0579492923445334,0.180085019512853,1.55345194953386,0.0652463692580972,3.4887978634888
0.153283717069956,28.3075776637043,1.04,0.247394778328082,6.62911211113257,0.406616527875209,0.189920690203611,27.2495189410318,0.74902872043665,0.0844179722856406,10.0346071582177,0.0916351470942243,0.174228316841219,3.20905081491668,0.025666193576385,0.197707599640974,17.6425615162172,0.678295313803971,0.198133588614775,232.724288073108,1.09852284600321,0.18221765426261,1.63137250428789,0.0324993043603302,0.195980031833091,7.65545473146367,0.32574305116482,0.174701099059854,1.29950646550457,0.053853368477854,4.50186047279265
0.150744620756511,28.9615569832397,1.04,0.235455606852288,9.66598933399762,0.495497255882277,0.171551205187998,10.0635379267258,0.349900889737053,0.175045985032432,36.7613412036469,0.986453988055451,0.164254117716212,1.00577451078852,0.0049035050774817,0.0423820843808078,1.19541686845759,0.00802672573339999,0.186790833185218,20.0251322921732,0.57010161274435,0.178776451038555,1.01449885892793,0.0226678887090502,0.154670280101258,4.49431145638251,0.133174412008509,0.136427149417278,4.36676720472819,0.0461039288073064,3.65683020675488
0.138719734966288,33.8276988438502,1.04,0.225761175737474,18.8503244528549,0.596476851286484,0.165401690437529,10.6293480187976,0.326784232806034,0.170510938550306,12.2750213329814,0.491560054009711,0.147310617812642,1.035151107089,0.01168744935012,0.0864537832122708,2.55624161321588,0.0370632775956616,0.192586540015531,26.3241943658462,0.696606623254954,0.169511405807784,1.00577451078852,0.0118185322704172,0.15478283008655,4.80198009042612,0.137767909767384,0.147984613649007,1.00577451078852,0.0321556038815233,3.38192053422229
0.142316054359883,31.9502646161512,1.04,0.160225030259319,10.1508316565282,0.13590581808243,0.132821677092373,24.2156440378081,0.211008620857724,0.151492796511259,18.9046718094031,0.495142956495271,0.189203427156347,1.017423759841,0.00805579030046823,0.196738688264851,16.2761951447872,0.640435036124414,0.183439529405278,25.65088039011,0.5858062539863,0.173034596910155,1.00577451078852,0.00535849523356666,0.196977598252011,4.63891702142887,0.222362338492678,0.142282375469158,6.04568285725226,0.0558930823138458,3.3999683918867
0.125715218412582,48.750562497649,1.04,0.235518642438656,8.32204495553973,0.446333535802336,0.194789686156547,6.862132740856,0.327918878404773,0.147844319761605,9.25745528268664,0.306369812664604,0.170567519180163,1.00577451078852,0.0155261275972473,0.0658882404158914,12.0301229939707,0.0281075368949297,0.181686747682746,24.4961185033437,0.549975596904277,0.183467512576454,1.01158236655188,0.017772756745053,0.166390997386396,8.370100693918,0.216022833159493,0.190327167859821,2.25210247070889,0.096118627772184,3.0441457059449
0.124047702941236,52.6871741304354,1.04,0.246243860076268,6.47817779606607,0.395056796095285,0.107969486061504,11.2593385593765,0.10081270248949,0.142112518874894,37.0802185815206,0.504143626452504,0.199703847608607,4.21848286189654,0.0484910674936045,0.0906236088888812,1.09335121002246,0.0219161095147443,0.150920540230443,10.5683211343905,0.232989530502187,0.18296978894803,1.01449885892793,0.0282986747629722,0.136294581216685,1.86774606222357,0.0579273908605974,0.167555490283171,1.035151107089,0.041449338553925,2.47108523672531
0.154908231272409,27.9861468254964,1.04,0.247192542955189,36.6556592993152,1.0585691921132,0.171393992397223,4.63891702142887,0.192665593797559,0.199103840715352,17.7444386780296,0.860108669071769,0.171533982644791,1.00867425853989,0.0138710102822065,0.150723132345937,12.7431360287119,0.260655365880651,0.126279364046798,2.23273514877728,0.0647095067009157,0.181146582459776,1.00288309926358,0.00253291710368967,0.19899849092392,6.57210398204128,0.301024276728672,0.103218212464911,1.00288309926358,0.0144154938573585,3.80855202553602
0.149541503147026,29.2273597614989,1.04,0.249077466711249,18.053613516069,0.846919737491412,0.192440857695858,7.4382002633935,0.348923093195192,0.165392943732105,11.756216271046,0.450091870125831,0.158677997038796,1.017423759841,0.0131818227594821,0.14351343832059,6.13333836012256,0.168802707019807,0.167193585061304,4.94223601165526,0.193972294188004,0.199622514556339,1.01449885892793,0.0361024457249236,0.177172778276634,9.5553161597167,0.273642458012151,0.163398054125838,3.53905426496764,0.0792424222001948,3.450878850717
0.110083919880366,495.197308703788,1.04,0.119126767598058,5.59354223610883,0.0455527732452937,0.197000207724938,47.0888657531278,1.00752909206669,0.133400228105677,57.9349631659321,0.437359006511282,0.164724167168352,1.24100474879353,0.0182746402706252,0.191156843278387,18.053613516069,0.617198006786682,0.176523064879842,11.8241026687353,0.379718484880769,0.129269712543747,1.01449885892793,0.00315540532597845,0.191805114186206,5.67464221589759,0.251223276178392,0.128356183895407,2.46943812909056,0.0338231500695259,3.83383383533524
0.144220229184581,31.0864708846003,1.04,0.185083130921115,4.18220533158347,0.158274280702272,0.182388607221756,12.8167214051892,0.46959808463636,0.150720214258724,10.3873347090322,0.346206706012647,0.190986838519591,1.65026765861521,0.0335709077261486,0.164762556851124,24.2854601433005,0.417071508680486,0.159359857099387,291.317176153044,0.419603713103412,0.175818422566851,1.00867425853989,0.0240484700326721,0.177488425437577,3.94819959636536,0.164525421069086,0.193835783009085,12.5610156350281,0.201564328041176,3.27446342000426
0.133408202053406,38.0067179330526,1.04,0.159691939040186,1.86237664548846,0.0670663737085652,0.167850783097492,7.12382395041967,0.266403640528372,0.185528334752814,20.788801735641,0.853110644203685,0.186281805358534,9.2308418493486,0.0367103976854855,0.190669938921846,44.8397224504315,0.835751192876909,0.168835165058726,4.20635552139048,0.170891911496278,0.1152383336584,1.01158236655188,0.00510024146527917,0.170851775349076,12.2045460501459,0.267450869667071,0.155978370444488,5.04284557241036,0.0742921770606245,3.61677744869227
0.13355001626794,37.7471883548195,1.04,0.20911441256742,245.808926082201,0.548094147989842,0.164905581698564,31.5591124739724,0.46439485221384,0.182325307189867,15.9056121278034,0.679493202260785,0.192257222020423,1.01449885892793,0.00374971949008433,0.174682480429871,7.3318961356485,0.290056798148228,0.183394211968458,7.4811522310616,0.315409510700579,0.196771271205078,3.23688695135292,0.0500177876658094,0.178534782726484,4.25507507288674,0.17643165147539,0.186510551892024,2.08968112513086,0.087513924843943,3.6551615947885
0.122328679014423,57.9916598558987,1.04,0.194061200304464,15.1023580078497,0.304548602799372,0.177855915838174,16.8483214233231,0.497968118263102,0.172100988685279,64.6327467909754,1.10468313634694,0.164451348635004,1.01449885892793,0.00493678224455209,0.0774639938569813,1.28462743961633,0.0205580941050887,0.186055647707069,66.7123211508998,0.743750945661658,0.194979887480398,1.01158236655188,0.00767536936771995,0.162530052079637,2.10174801133249,0.0824645549094856,0.184082123778987,9.20430492459876,0.153800408324922,3.96038601202284
0.139250484580207,33.5967057749668,1.04,0.225013977710216,13.8527304550101,0.518060368821229,0.128264985846859,10.5379392096157,0.161357290365525,0.156122162538687,10.2684023095805,0.365997589774501,0.176297840121373,2.73123512958793,0.0264764283864217,0.199430621605263,37.9441463047634,0.961107454228335,0.178080958146852,8.32204495553973,0.318819652036621,0.179622265887445,2.34472828861258,0.0327741262300966,0.184133734351154,7.08292353206951,0.263671956134151,0.120811499210217,1.40859841962076,0.0245462428262488,3.71281110880313
0.143913029139196,31.2287974545362,1.04,0.249414483882925,11.0665182039154,0.630128615399921,0.180422538965302,85.9475612968492,0.767162607307193,0.112982004249455,24.9229329891828,0.232821117558945,0.187825064489717,1.00577451078852,0.00656800400947869,0.185670370095524,12.8907317012169,0.483747729145165,0.166325208480175,13.1153367145537,0.333338851572892,0.132829175427503,1.07462716439149,0.00984844615518203,0.198574566675171,17.5918424880948,0.512336579199073,0.153009334874554,12.8167214051892,0.0790418410070653,4.09499379135491
0.132624990986016,38.6192474496644,1.04,0.23256549399955,7.78884153617836,0.412717711944863,0.150370391751377,27.7243080148432,0.330485404829524,0.0909838286054836,9.83440721077889,0.108005838969934,0.175213013971307,3.9368492691367,0.0270164525864906,0.183008297819375,17.7955976561148,0.538771372849749,0.140946797158556,171.024474463231,0.255023034447231,0.19989096593797,11.5216685859765,0.06131619062531,0.186677889416918,3.77045792255574,0.170993790379815,0.192944823580109,3.43861929685961,0.12862963211593,3.07295942874885
0.140289335301861,32.9131476009994,1.04,0.230198519779868,52.2311372931222,0.802905294276743,0.198413651551066,49.879774465365,1.0401176052675,0.185855576387305,29.4521686931553,1.06395383756261,0.109684023699898,1.00867425853989,0.00252323604516949,0.162106144692974,4.59902389909696,0.176379009522321,0.188714770224336,35.0054797479944,0.700421451217146,0.167735359167552,1.00288309926358,0.018690044947625,0.175971645237515,11.8241026687353,0.292123673701483,0.187573856601707,4.14623977579979,0.130389610258735,5.26750376279933
0.112475469019965,177.584993795008,1.04,0.209956476560631,3.68461060628057,0.18759798556146,0.116638816874756,2.61579919085284,0.0667754227826641,0.156154948047276,34.7044444245723,0.674485594050077,0.122224804226508,1.04714060664789,0.00630884205258486,0.151711022025117,191.898141059165,0.374695506595391,0.194110987189316,21.273157622404,0.664682652069295,0.196134596161017,1.01158236655188,0.029655642865104,0.171743440967473,3.16318819550752,0.12980587298289,0.197775971805634,4.57261925984919,0.161155791037681,3.33516330999715
0.113326313256924,150.312852185815,1.04,0.244990991784134,8.68929909148323,0.504218303483883,0.158889465318488,54.3793307588897,0.44100743372517,0.152581617745379,53.7567009439374,0.681763120639199,0.125296130384345,1.01158236655188,0.00153343149759985,0.162397373705603,24.4961185033437,0.40081076726102,0.185926568015018,31.6501005279053,0.651416732442212,0.160719560023317,1.00577451078852,0.0105254188064276,0.179348573830614,2.82724106811333,0.123530382131492,0.184838674285203,3.66345594042931,0.118318174581319,3.97312376456832
0.136094641834928,35.5708867752697,1.04,0.176738375951826,7.10334430368878,0.175557470299696,0.167920026538786,17.4405585739443,0.423212251480959,0.150831792231991,20.8487379146156,0.505233079902979,0.140781386664983,1.01158236655188,0.00800108692848932,0.197937532843065,7.24794774808137,0.351766422685864,0.180786744043951,6.74461616851603,0.284541833280557,0.197391299780927,1.01449885892793,0.00346043704125168,0.134196448916637,7.78884153617836,0.109242929453251,0.169784776295598,10.0346071582177,0.114333879072197,3.01534939014524
0.140828497207163,32.6883995622381,1.04,0.243456132419148,21.9576266468948,0.852189159856014,0.122282540774212,3.52888015319671,0.0892276302727529,0.185986888266184,22.7294615325802,0.919012177207634,0.185571146843749,1.14160110005127,0.027573074772727,0.188485688758062,10.2094477434412,0.428628120536466,0.164045892116674,5.2653877364201,0.196701917950244,0.176010773983831,4.98510624458552,0.0330962285010774,0.158633926954589,2.92662172166501,0.106350844607273,0.188172534183943,8.03944940844679,0.16463270479462,3.85741185849881
0.12809183566716,44.3926343126682,1.04,0.211072763938858,48.3249087633854,0.52645420998336,0.142065327510965,9.04667778353943,0.202759027836132,0.181762980779246,26.1730577614343,0.945465591802867,0.169705569477729,1.00577451078852,0.00242877036448162,0.180810930792167,17.6425615162172,0.515952598238954,0.0388224594628123,1.3804955427344,0.00698779002970208,0.17690602292995,1.17833239331668,0.0265944063676639,0.172784935783208,4.67915618701786,0.176430595334288,0.166561356817595,12.4888983567305,0.109746210527641,3.55281920048509
0.147262155287078,29.9709634242785,1.04,0.23900186953109,9.50045567592029,0.509798157072309,0.123198238219988,16.464712003024,0.157757014309711,0.148345374851412,8.46704626823108,0.288739059566958,0.167584026445619,1.76324060258228,0.0203916597985015,0.128928148955294,4.95648496866088,0.117662975880614,0.179829295230717,9.6938573407282,0.359599358312217,0.115565543144348,1.00867425853989,0.00240152885963807,0.164462920943314,7.24794774808137,0.197468365122418,0.193440189548453,2.96051892720402,0.1194537272639,2.81327184618627
0.149504715822019,29.2941907536181,1.04,0.168505111915024,1.84105289600553,0.0730531529261887,0.114223474714948,4.40464567244553,0.0877468338753108,0.185238967360069,54.5361117673544,1.36700360904057,0.152910954200231,1.00867425853989,0.0123601300632552,0.188535591930603,8.78994173863968,0.386112638465982,0.150618538624632,6.62911211113257,0.189441882666302,0.163769282315758,2.45526020256225,0.0230908118127912,0.1577373793515,5.72386552959968,0.158122071243749,0.149152579036835,1.06232295058138,0.0346061391634507,3.3715372692576
0.125913084952192,48.3072095893017,1.04,0.215483750081509,148.095763704885,0.632061613238397,0.191403663547928,29.1149486853426,0.785781940481274,0.119617845669627,28.864569943014,0.279411285116379,0.164406503490261,8.41843393067599,0.0212336275894013,0.197026389227046,7.08292353206951,0.341769873026281,0.195459718519058,30.2252632807581,0.769022606967068,0.194234009478621,1.95017021036364,0.0429280602468587,0.097785341267403,3.75961856902805,0.0384094836962466,0.180855885918959,4.09876636139165,0.115989108271116,4.06660759863302
0.151063913532179,28.8295634579869,1.04,0.204676212424068,10.5076446271293,0.330837115220434,0.190067066114825,30.2252632807581,0.770826339927832,0.107262760566183,4.50726900243269,0.104468587302229,0.195813772794488,1.20926262481036,0.0339049207787618,0.197777429839524,36.8673277993992,0.915557807108033,0.181048213791963,34.4059979034348,0.594488228491279,0.163746369924109,1.00288309926358,0.0144953943454861,0.160537387869231,4.81582467568853,0.150589895559662,0.199567149010513,5.37257572706184,0.177737376820799,4.13290566555452
0.138390857854387,34.0602800981416,1.04,0.243952400124374,26.0978151697375,0.903581251671925,0.18550743202476,13.7336016436691,0.507976018557429,0.158696809877331,23.4607874898523,0.616037236041251,0.196560954494761,4.70617602490094,0.0448465146265856,0.10724578479211,18.9046718094031,0.0998958454193448,0.189542590817609,11.9955386652786,0.466525598581993,0.196537161287852,5.67464221589759,0.0540921070828134,0.186054793409592,4.98510624458552,0.214789894249085,0.160013086664465,15.4987821679022,0.095790923246049,4.04353538947648
0.130427691091289,41.2638249329961,1.04,0.222196733859918,5.3417298504113,0.283320346315396,0.153113894327834,4.54636621906863,0.161095662546867,0.185818208472912,26.2485172849919,0.99658437607993,0.197304065330361,1.00577451078852,0.0197504617058156,0.199269661146405,19.5129342263596,0.732528968391829,0.185632952323793,21.3344902474791,0.575531740356103,0.109377460320358,4.06351835261943,0.00567303555205241,0.198613093223339,4.17018228211692,0.203065942301821,0.180290992445248,2.2008256876077,0.0834936262002838,4.1010441594501
0.12872096086275,43.4894223057643,1.04,0.140777415578721,1.47076025583445,0.0446544189064433,0.15813875006866,28.6163443734521,0.39448300950739,0.197294372058297,44.4541159554714,1.56491274347553,0.130750101375456,1.00577451078852,0.00116778008715661,0.0963920243484625,1.99560700049668,0.0395280574582357,0.167102271844433,3.59036651349369,0.145175060062711,0.184188546029957,4.3416960341386,0.0393837907063138,0.126939343093534,6.45955425993623,0.0888851249135764,0.108230878765822,1.78880557933512,0.0195660806026733,3.37775606572003
0.14372509558823,31.3002049143139,1.04,0.202089302164266,9.39167782086193,0.30619921537232,0.155535538816435,16.8483214233231,0.327899285472873,0.190249905336747,53.6021605942022,1.50102458569612,0.141348929133192,1.01158236655188,0.00455160293830211,0.148607478645883,4.01699207793678,0.137006629491688,0.178641008774931,42.4528622739386,0.583723036051254,0.196434373579907,26.3241943658462,0.0589073033972204,0.105360944839785,1.45811221351425,0.031202343703653,0.196595127754581,1.71814085427452,0.0822800572255853,4.07279405934902
0.13385900669719,37.575153941676,1.04,0.165234319905467,38.8282025800898,0.174595868005837,0.170996900235211,5.04284557241036,0.207580925998581,0.135635303790448,8.78994173863968,0.251684027994496,0.178695618490388,1.017423759841,0.0205430675578193,0.128506118406814,1.93339940407185,0.0581324489339113,0.17513329879406,17.8983585267682,0.442363121812716,0.168601815828622,1.00288309926358,0.00697697893060528,0.161942325641362,4.65229147967714,0.150942690762558,0.0990496552168103,1.00577451078852,0.00232538688331711,2.35514451687984
0.144518993286097,30.9447929740479,1.04,0.199147222815651,88.9687132280334,0.414602995577979,0.189054855639966,28.0454211126682,0.74302043394355,0.196278883296416,52.9884291843805,1.65787634787801,0.112888074018148,1.01158236655188,0.00485346708489838,0.167632243282541,30.7519010092932,0.474112518782291,0.147318941298021,13.7731969804542,0.23503999025335,0.132664878044864,1.3804955427344,0.0101417388567572,0.149295800098092,2.55624161321588,0.0864623594309943,0.194901943518951,10.9083594392703,0.200759598382916,4.86686945019075
0.144961307137548,30.8037607665866,1.04,0.23545833132963,26.4000896312366,0.773389429725639,0.171165450765158,36.6556592993152,0.545828313323451,0.0887232849650454,6.862132740856,0.0915725725190641,0.163743212988495,1.01449885892793,0.00569391578556,0.1557151169077,10.0925521055113,0.263500786328869,0.160302431252121,44.8397224504315,0.390647932932711,0.190571825244403,1.55793070570556,0.0374443180938325,0.192897522224692,10.5379392096157,0.372313699690414,0.155068462647685,3.92553157195246,0.069171077445041,3.58956204584458
0.144479112870454,31.0155510319859,1.04,0.222164016573717,8.27426512232383,0.386086030047839,0.156460144937408,20.6694457978884,0.350366428240315,0.132998476000257,10.1216499350543,0.262762347065251,0.177611022651954,1.01158236655188,0.0184681941333415,0.180219399020588,13.2672433518329,0.448140102584416,0.186024588710029,5.11596107896008,0.232212260313293,0.178810808567895,4.25507507288674,0.0349892406186884,0.179456907977523,7.2688443008963,0.251197788064205,0.137853884636515,1.87313095952011,0.0382414619896633,3.06246385305701
0.114328490838997,124.640358122733,1.04,0.234912319921975,11.9266679922861,0.561284961358051,0.19407256055604,9.5553161597167,0.439093189819648,0.182365848709015,28.7815897627645,1.00351473499115,0.193121342800334,1.00867425853989,0.0166958089539984,0.199536466407316,11.9610537599916,0.545053751924611,0.162965115353286,36.9736199650277,0.405777198715003,0.148346155064213,1.01158236655188,0.00936324927700353,0.177129752520199,11.4885459675579,0.293731710285681,0.0801764431517611,1.40051115285914,0.00887499590225683,4.3233896012274
0.138846163790869,33.8276988438502,1.04,0.234040386041705,11.9955386652786,0.553783450447247,0.166980441146647,4.30435891208667,0.173813237842089,0.179096481555843,16.8968968064112,0.687880645629647,0.177515800460554,1.00867425853989,0.0202707039196693,0.179945073557805,68.2666438040264,0.706474314233065,0.131529608651839,20.3740453880163,0.173656953210676,0.197107034300623,1.00867425853989,0.0292135205140757,0.176839623577637,8.22675961020021,0.25728416586526,0.190645069291111,1.51808232505612,0.0703102559870736,3.7126872476488
0.130947911026447,40.6093504828478,1.04,0.17043142584673,73.7848148359129,0.203076277043805,0.162955786000115,7.81129753947542,0.267325241584865,0.196408377266543,56.2908244378238,1.70035223674594,0.187471934231669,1.74305193613896,0.0314215753115144,0.186197682749644,8.17952684419346,0.357042564961108,0.114353150830267,12.5249050903856,0.105000377599359,0.163094651312051,2.82724106811333,0.0229837236669924,0.183728714989526,4.41734470314007,0.191223866823564,0.169688088611217,3.49853297367273,0.0891645721792419,4.00759043591639
0.119434364349379,70.4171958185721,1.04,0.234094158291023,8.17952684419346,0.436603076276824,0.15663123394954,32.4808889723873,0.387206538066157,0.063121514035364,17.6934267723322,0.0526422396311174,0.102017221913406,1.00577451078852,0.00258159835901336,0.184323828159062,36.5502812104738,0.694466444475966,0.150550736843361,170.042561855291,0.32561874374023,0.17141563869374,1.01158236655188,0.0196625416507725,0.176669609132625,3.23688695135292,0.137658066567068,0.157631921054913,1.00288309926358,0.0311444686299868,3.12758371739713
0.151786324367911,28.698171498828,1.04,0.204628007737184,17.4908414355252,0.385264263367507,0.151975246832792,25.0668507346102,0.337078089761973,0.191223835443965,18.0017127911777,0.81602705288504,0.199807569194154,1.01449885892793,0.0329665406470264,0.127484102888169,10.3873347090322,0.150905745167879,0.187792787567146,9.47314366240347,0.393042290870488,0.188363640151276,1.00867425853989,0.0304268299573918,0.142450645544763,7.41681684421187,0.12972415971449,0.161162530078763,2.09570588324384,0.0612996045651455,3.37673457693694
0.132113478699871,39.3313782718103,1.04,0.198261542325803,3.42873391662958,0.159795529101779,0.170634423071208,64.0769269600819,0.594294519284912,0.182235414135296,10.9083594392703,0.484911234592274,0.180483369169388,1.01449885892793,0.0125449097753505,0.168298877277166,3.98244730043134,0.162364992246861,0.168034120399125,61.5456410122568,0.487735303325722,0.144595940234842,1.05318733137807,0.0129918803013869,0.173923281144851,8.32204495553973,0.244415550860507,0.168182215896474,1.669381663546,0.0600713914477954,3.25912531093659
0.123451724568321,54.3991086563875,1.04,0.221881025339933,54.5361117673544,0.674643468421506,0.138254524293437,8.58980877761041,0.184424653335221,0.189194542921811,19.1236326478425,0.841998544838403,0.199185784033023,1.53566531100084,0.0389002099925689,0.19603453516244,9.39167782086193,0.436169851356245,0.151540448329601,15.8142923261533,0.267181463517157,0.188668651322047,1.01449885892793,0.018725884459938,0.071052581678522,1.00288309926358,0.00135069162282151,0.163698908808807,3.04698957090351,0.0749659537018047,3.57836072124567
0.138567498159646,33.982575875828,1.04,0.143988381669346,6.49685502569923,0.0860914856363623,0.175851646131384,9.36467852310833,0.355309185059971,0.103193174911105,13.4209094274668,0.160303364673811,0.172681537818188,4.11058351166975,0.0251186510678064,0.127699595483778,9.5553161597167,0.14855085176264,0.141469142710372,21.8315600677534,0.226315330264584,0.175758359900541,1.00867425853989,0.0039696258545548,0.105020623029687,2.16313573014221,0.0381329087542384,0.153243409979796,3.45847564108692,0.064314570723072,2.14810597379704
0.147669316240773,29.8343694863254,1.04,0.225916237722179,16.2294041616006,0.560209177753241,0.185524551781636,8.54049161663095,0.371697724968906,0.187930174879672,55.1677690041581,1.43552545888273,0.159099524527861,1.00867425853989,0.00210817358159249,0.142001214295196,5.2653877364201,0.151952673775058,0.176297391172816,7.94739971184986,0.305022241632676,0.145978113421361,1.017423759841,0.00240579570535134,0.187122719025209,6.15102138343189,0.251855541707625,0.190502248731703,8.56511470172144,0.17439054257035,4.29516733057753
0.156621657153092,27.668365815083,1.04,0.171574236748542,6.62911211113257,0.152987108047635,0.144147659347157,8.63941072106801,0.206515051405509,0.140544630440588,18.9591758547749,0.403092891424862,0.190205029149865,9.12515100556096,0.0404207453034159,0.194819438165159,23.5962620603196,0.737085825189886,0.161886539801475,8.76467231833321,0.259909166782294,0.193896576722431,1.99560700049668,0.0430047929632408,0.16700691904337,5.05738459676651,0.170997144112917,0.170594440168548,4.24284253669373,0.0963528642181369,3.1503655894479
0.153308099724015,28.3075776637043,1.04,0.225087725643879,18.4211326150377,0.582757820853589,0.184559391186202,35.9243440670047,0.726366287432371,0.173700351384979,77.7092322332602,1.19279996808603,0.178598966356546,1.01449885892793,0.00837961843128692,0.169182604784929,23.5284272689873,0.455398873947747,0.150672417927448,31.018650949241,0.293790444021415,0.15083751206088,1.00867425853989,0.0025963808884398,0.177975861515123,3.9368492691367,0.164528798662015,0.179119827393341,1.41673238639154,0.0601613463156362,4.52677953863853
0.122270576530505,57.9916598558987,1.04,0.208378934155254,6.1865405227709,0.269070559225623,0.194441833414765,10.0635379267258,0.461017087765473,0.188997446842809,28.6163443734521,1.09757690836952,0.119829833449996,1.55793070570556,0.00612303620316345,0.191293146712113,10.1216499350543,0.440995160848873,0.174724194509719,7.22711126890421,0.280136630076798,0.18353510543811,1.01449885892793,0.00397501987648631,0.156849306585894,7.2688443008963,0.170040188739135,0.199648137625624,3.66345594042931,0.147287910792575,3.91622250189765
0.142668871997929,31.8046499290028,1.04,0.210248560263985,5.46618619625777,0.256083546203089,0.189940341714041,28.6163443734521,0.757796014311314,0.192194176644118,52.6842036818354,1.53042428457247,0.165889345054511,1.00867425853989,0.0143547385837819,0.172674635481195,36.9736199650277,0.546725357222387,0.146637576589452,2.37188579111585,0.0828065884793154,0.1995231472155,1.01158236655188,0.0213271469621924,0.172461380980949,4.15819379664401,0.161470859679225,0.180297398618898,3.90299369276608,0.112162382065111,4.52315091807889
0.154587269946389,28.050139672377,1.04,0.147936918605538,4.23064516672908,0.0841446016963696,0.150540458299622,12.8907317012169,0.271729106221635,0.180006569273015,44.8397224504315,1.16759085263746,0.173236890542527,1.01158236655188,0.00506428591950085,0.164118668169054,8.94309557251015,0.28623439510949,0.172459856266491,128.241032730368,0.573391508277527,0.198585260257238,6.27623830106248,0.0572711958698858,0.133482145318606,15.6332226114801,0.119872859396156,0.199892115556069,3.90299369276608,0.152915297310961,3.75821410243899
0.156893824425029,27.6052439369847,1.04,0.222257210866239,3.95958264771409,0.21701104376838,0.168873083550051,11.5216685859765,0.362386862156632,0.190091547257861,13.4984086137474,0.626403547866621,0.18956284952192,1.27725193454067,0.0307127834176161,0.195212316765129,26.8600784527522,0.781528344075992,0.197134468388346,22.2759871780403,0.709663869801102,0.105257222549555,1.01158236655188,0.00210102965021601,0.191911261270781,6.36723659478765,0.274005315317396,0.188360948292132,6.27623830106248,0.154170806052541,4.1979836021065
0.140801009109063,32.6883995622381,1.04,0.171946352110789,2.11388457789867,0.0845616326003744,0.196574114891393,86.1953566475303,1.12021828773942,0.18077811419549,66.9046593948815,1.33753006922108,0.142620662927089,4.88564863828298,0.0120143719111936,0.177989080972435,5.70741049859425,0.245143152763618,0.19322791846767,13.932723196473,0.535453223543362,0.179725173475809,1.01449885892793,0.0197083175191495,0.183130118326012,10.4473164853735,0.316441872747943,0.176997072014228,1.94456383978917,0.0741295417130493,4.78520046975919
0.156931948997369,27.6052439369847,1.04,0.23821964758359,74.6394176073048,1.00131099204948,0.0854409837376307,1.39247031798524,0.0255690091617076,0.172217216733239,8.99473757437633,0.375604867073555,0.125365139188092,1.01449885892793,0.00144883860409334,0.113532120666488,1.48779514022745,0.038751184436336,0.186211382208692,19.5691919526579,0.557048302199415,0.147095693061473,1.01449885892793,0.00437678397253788,0.160281032077249,6.04568285725226,0.167894286719024,0.110903930301171,1.2517695448338,0.0190235970099207,3.23102786122607
0.122025328340874,58.5238945114623,1.04,0.216236898742908,12.1344753910871,0.424235190885148,0.168605178913417,5.08658851868221,0.20567528801376,0.147087213295417,7.99329205722658,0.272466595979023,0.198271694695032,1.00288309926358,0.0242787737306889,0.179790212227384,112.33436331185,0.733179110718116,0.155740886353537,10.0057595601981,0.247890737056539,0.194661254030953,1.00288309926358,0.0226505795998416,0.173121743006426,2.67674439360146,0.112621893444988,0.187720401658747,11.3570049730287,0.174869130858983,3.25786730028709
0.150181348244598,29.0941548288019,1.04,0.243813191497291,24.8512842698056,0.881235436481191,0.192759972480886,61.9010369802681,0.974436014358433,0.180958218328283,31.018650949241,1.00845685074636,0.11614659000343,1.00867425853989,0.00124926883781047,0.16207069754671,8.15601225127809,0.264928192333467,0.123939931045227,3.78132852701561,0.0893726760530366,0.172601173128964,5.82359678794962,0.030820811866842,0.199399871362835,4.94223601165526,0.239150182209241,0.193160910779177,4.85759838400825,0.15148508718604,4.68113452007242
0.119718328431783,68.0455813324799,1.04,0.249244051497988,226.119795827268,1.42017528927343,0.198264843358866,9.20430492459876,0.442109499576825,0.157799889282033,25.7990016756576,0.631584253986931,0.163814559707589,1.23033252636976,0.0178436480984235,0.132893836591828,7.2688443008963,0.151121105598016,0.177454927982584,91.8313032315627,0.630207554074012,0.155764510335731,1.01158236655188,0.00318815903094016,0.188732935865086,15.189566737098,0.402341971196921,0.139333560724115,1.00577451078852,0.0084343246860353,4.74700580552153
0.134302034674027,37.1484903334101,1.04,0.233466790596933,6.98169689372975,0.385291320453351,0.126827951033438,2.27163778979815,0.0672629840277711,0.192255953108616,26.4762037102107,1.08663299794843,0.193908475497933,1.54009278652809,0.0353883000127495,0.159741551395724,19.1787679790464,0.358672908278726,0.165347600680484,3.6740180475533,0.14644798252595,0.192749765316785,1.01158236655188,0.00779010001731831,0.147989498160912,6.59105201019205,0.138960771487548,0.168387960542324,4.55947384416678,0.0949983845566772,3.36144574930852
0.138659686435082,33.8276988438502,1.04,0.225487764361672,13.8926692519835,0.519621309746616,0.198474039554948,18.9591758547749,0.730689223826791,0.129590073298377,10.6293480187976,0.255732891846853,0.149239640910445,1.017423759841,0.00359758052584933,0.116369734115777,29.3674992776149,0.132692679511039,0.0573290520018116,2.57100265798945,0.0158467182964568,0.178628713090075,1.07462716439149,0.0265300853392358,0.155216711204425,2.63090415150101,0.0946230900800002,0.113183834499789,11.0347040567755,0.0274151981230206,2.84674877729586
0.132628117180318,38.6192474496644,1.04,0.24185265990688,19.4568382303861,0.787109574631789,0.165907201572406,14.716073490575,0.385621809452214,0.13788628780453,6.49685502569923,0.207220978495645,0.181371805528344,7.90177085082341,0.0328020377847661,0.188487845635957,24.3554775355552,0.668941907112301,0.181194102752612,6.25819530279368,0.268571519081256,0.131088441221163,1.00867425853989,0.00123914837543235,0.180002307070206,3.04698957090351,0.133721680956916,0.173960031681748,4.41734470314007,0.103503980883209,3.62873263677353
0.142975750240786,31.6596988869718,1.04,0.186225065364625,2.39935784176774,0.107113581548078,0.149829810104,9.52784643268317,0.239450423686526,0.146572311934957,27.0930697176532,0.508122981884837,0.187862999256207,1.00577451078852,0.0176304888155604,0.177963179787526,8.49145760309168,0.334012192313175,0.102886688558051,1.99560700049668,0.0426910754668648,0.0931761633175353,1.01158236655188,0.00275791108963914,0.0990905670776378,1.00288309926358,0.00958361990555824,0.153002040953438,14.8010516157109,0.0787408049221214,2.38010307963236
0.11998272061634,67.4267534700241,1.04,0.217290607613408,6.68661474347447,0.318027501041345,0.157936310977305,12.0301229939707,0.30680050959088,0.196702809421336,21.7687984609418,1.00159389651946,0.187009819074424,1.01158236655188,0.00101982809341251,0.188055586604897,12.4171951294921,0.485519584568591,0.177982822824414,7.24794774808137,0.291485154498161,0.189638812055922,1.01449885892793,0.0238439317493787,0.132118024791097,8.1325652583707,0.105009115388198,0.199504410671948,2.23917234584048,0.104909261174239,3.67820878262367
0.145431567605506,30.5934167149422,1.04,0.153900531549475,1.20926262481036,0.0443703621622405,0.19733036894446,7.58962040187813,0.367519267408228,0.159697834392292,12.3104114379469,0.437615959055439,0.179345550075887,1.00867425853989,0.00295246764735514,0.18736530561635,12.4171951294921,0.479032476755936,0.12270680539612,24.7086041684656,0.143138460909192,0.176851051695678,1.30325307163827,0.0273009080322131,0.196631982705147,12.345903576098,0.427159405324664,0.172849653696024,1.2517695448338,0.0512840825164484,3.02037338981172
0.152253243049278,28.5673783641001,1.04,0.227932528764825,13.1153367145537,0.531318560423779,0.0933029676348903,1.25899790157518,0.0261115318814791,0.103219029226051,5.20510035615579,0.107817815915986,0.199795558396463,1.01449885892793,0.0126476254692876,0.137008212128661,8.84069935203988,0.175750208478043,0.193096928343616,6.27623830106248,0.295874950367818,0.106261103919782,1.01158236655188,0.00271992678385632,0.197439664556565,10.1216499350543,0.388698081706556,0.192874271472674,5.2653877364201,0.155703999942841,2.73664270096965
0.114181757782548,125.211012627487,1.04,0.213690214349988,3.92553157195246,0.20402282031145,0.128562464240772,14.8010516157109,0.174702692604346,0.175613709874741,41.011270705513,1.0303008534533,0.191207610121782,1.01449885892793,0.0204112068030394,0.187407875313727,8.71435120329488,0.377697994968261,0.179197988359812,5.14550325140415,0.222982729589016,0.154566168638249,1.017423759841,0.0110239912584892,0.13974712250572,3.49853297367273,0.0911189069112582,0.178187279537849,4.69264665877481,0.115871641991328,3.28813283789049
0.148354245958564,29.6306449410155,1.04,0.246872385948078,305.050044563849,1.37654871168584,0.16916660594236,12.345903576098,0.374104571653012,0.199865666556267,18.6344929252859,0.901848894135724,0.164412153691312,1.01158236655188,0.0024264907710298,0.16408050612527,12.2397329678754,0.333301550268453,0.176606211676626,5.94214829246472,0.246558563044922,0.17044080736851,1.00577451078852,0.0220070832943541,0.173760161047091,16.2294041616006,0.304722943212334,0.166875091765613,3.95958264771409,0.0870604638399111,4.68857927190558
0.135633770403038,36.0617012578568,1.04,0.168783086339851,1.60343464412786,0.0651591023526898,0.160555758518475,10.5683211343905,0.301342063782973,0.191497177703547,12.8536732852339,0.602478153656643,0.157965116856648,1.017423759841,0.0114433268739718,0.159040387674594,3.62151028088471,0.138322164787813,0.133937159005079,2.48369792620856,0.0772882193318691,0.18899703739684,4.45566189315493,0.0439978680468788,0.165556521760613,4.24284253669373,0.150958567139548,0.181925699145365,5.75691805285236,0.131768893306646,2.56275835927903
0.127619994207662,45.3146047184233,1.04,0.235253887439642,28.3702534600969,0.790872276350709,0.173947980412504,10.7524610237587,0.377107155739713,0.179193019190457,44.9689998212073,1.15040336132474,0.149864402390262,1.01449885892793,0.00324663417066845,0.17773914506078,30.7519010092932,0.583549016978436,0.199255430866769,8.44270511134198,0.404564698504666,0.164543138913901,1.05622377499757,0.0198914207887268,0.171913762264649,13.2291025360534,0.279133754581663,0.161752577317738,7.3530347199978,0.0901804619309858,4.73894878037031
0.135630946805666,36.0617012578568,1.04,0.211527380972721,191.898141059165,0.578135031775835,0.161355535467333,7.24794774808137,0.247820323620511,0.191182724471663,40.6585876047624,1.34882892193041,0.150407852572452,1.01158236655188,0.00304607700310031,0.183605219445673,173.504134191697,0.838220239713848,0.148924503720199,15.7234968241093,0.250297342896091,0.148947196797768,13.9728926204603,0.0171177054577018,0.172565521817538,5.46618619625777,0.194941334872036,0.149538619403219,2.69220128298041,0.0551437374154939,4.57355071468503
0.137021035243201,34.9268431145398,1.04,0.218052893121402,41.7258412370602,0.609218714535612,0.170189668743469,24.0073976636039,0.489899816401172,0.192801085772838,42.087781971745,1.42298260682845,0.133993740789368,1.017423759841,0.00433089122072457,0.116074135488232,3.20905081491668,0.0745848614799914,0.183118165774018,61.0163692502148,0.694363767741922,0.182300861225528,1.00577451078852,0.0149694453841633,0.119025369679198,13.3823268507784,0.0826233490250763,0.190380880756712,4.07523387938939,0.134906331369591,4.5678797839867
0.131860479669363,39.511453397773,1.04,0.239122785779308,38.9401481423545,0.917499021377775,0.15766012260993,4.15819379664401,0.156129036877841,0.180601459667244,18.6882180181159,0.750636725265893,0.186158735204619,1.01449885892793,0.0151859603395407,0.180933688196725,14.9294397640879,0.484589275420146,0.180103621552122,19.738940183072,0.504815830779027,0.181338422224823,7.85640396138943,0.0390844715980356,0.115446287177719,2.2456281019818,0.0476372448440413,0.193246466951937,2.22631645743836,0.0986756773215502,4.05425324382385
0.11252537907468,175.568526893927,1.04,0.240774057544879,18.7420980057214,0.757479357351212,0.147250261242616,77.26307576868,0.339581578457156,0.131693695842536,6.94161247758823,0.20291349941464,0.101947954639227,1.00288309926358,0.00197159538611288,0.177672398406057,90.7798576447935,0.684975779919492,0.193401481183755,18.1578643020893,0.614195244238167,0.135368842814297,1.01158236655188,0.00692383943005122,0.181402780743826,11.3897483457029,0.31763967156516,0.199787957928603,5.65832869261085,0.180771164474014,4.14645173023601
0.146063722420248,30.3845090015553,1.04,0.179428181019732,61.3687089327262,0.255148503997741,0.197267418125078,14.8437245167243,0.621505167154847,0.197217470986412,27.2495189410318,1.17525143112835,0.185149128429792,1.01449885892793,0.0254131752528008,0.137912937425929,4.69264665877481,0.132434422713269,0.151935385487882,9.91971340151178,0.231270060110574,0.178756199661712,1.01449885892793,0.0122382374954279,0.170615604941085,5.29579277470977,0.185475865157115,0.184101304780512,7.90177085082341,0.150214324815986,3.82895118782611
0.131374403801067,39.965256476262,1.04,0.223822917046167,32.2015642784471,0.655110302827653,0.177401059700269,15.3213249660846,0.473439739689564,0.184969550558827,51.4846683497677,1.33926647719653,0.195247997934631,1.90576794350953,0.0383053697012741,0.180277782801404,16.9944681193122,0.504088744335186,0.188381374663902,9.15145972170511,0.387121337351879,0.122623397848009,1.00867425853989,0.00302895056929328,0.197718272855173,14.0131778568844,0.454597470206736,0.100783902674525,1.79913505645155,0.0163283424381701,4.91128673431629
0.15451983424998,28.050139672377,1.04,0.215530457854783,4.74699861247518,0.24290404777772,0.0862593324676215,6.84240540686637,0.0514353475472449,0.180159791688702,12.0995910689866,0.527138733514511,0.191964700300698,2.15691712397049,0.0365651927787776,0.167049989539576,6.13333836012256,0.232820314570366,0.0651168947659172,2.89311263070037,0.0207230857065633,0.156831579344374,1.62668261683323,0.0186166450734198,0.188947486148663,5.05738459676651,0.224133596225612,0.182193037347181,1.47076025583445,0.0637913906919702,2.45812835388619
0.135825547824554,35.8154532620603,1.04,0.156072503352398,12.4529951356256,0.127220789403378,0.171128281408515,92.6278716978486,0.618713471077209,0.194257598740465,19.2895159816518,0.886469208320702,0.137465193351938,1.92784124639408,0.00997033634102121,0.168530110208988,5.62584220609726,0.2215894899214,0.191109180625414,23.3260907272937,0.653254709625523,0.142722039825863,1.01158236655188,0.00425316721349912,0.145029180500439,6.36723659478765,0.130249527779093,0.161656354580127,13.0025492407616,0.0982545523316064,3.78997525201343
0.135264839424848,36.226806466008,1.04,0.228446854406676,6.44098426295101,0.345364581789621,0.141397793090629,20.6100250498449,0.254187215988781,0.160837420907515,14.1754836193795,0.4876089848031,0.0919463806710131,1.00867425853989,0.00111963446242996,0.119200060562718,2.87650223749675,0.0729012478496665,0.195367677536639,23.6642924260888,0.700735613153481,0.0901159069143533,1.00577451078852,0.00259586120343811,0.190456771569171,15.8142923261533,0.419067334806581,0.185641283926483,1.21624552488348,0.0550872071826713,3.37866768123977
0.155867355528138,27.7950429029008,1.04,0.228183565072212,6.92165665438525,0.364902082041939,0.188955824943944,6.04568285725226,0.279582868555483,0.148450272012468,12.6335493553273,0.378732847787253,0.177327423668463,2.66904925964653,0.0268710558612216,0.138207528754374,2.2456281019818,0.073261885122298,0.170951563517418,13.1910713679069,0.363504467760838,0.188470438479431,1.01158236655188,0.0270239612289819,0.159260833749019,3.58004488871148,0.124246717168422,0.191761181528504,5.3417298504113,0.155192006428421,2.83331789195486
0.154610586673631,28.050139672377,1.04,0.214735271010381,3.20905081491668,0.169965566756184,0.19388490956928,59.7990347074476,0.982162004048475,0.159802941470967,15.4987821679022,0.508477038603672,0.170333723285334,1.84105289600553,0.021831166277516,0.134930802998223,32.7626366009394,0.218555553456045,0.181734795899189,6.1865405227709,0.267780427090008,0.164627801883666,1.00577451078852,0.0116748122815628,0.0679220073247821,1.00288309926358,0.0110129800279965,0.160018338360725,3.78132852701561,0.0756144379922646,3.30707398653372
0.122527314548552,57.2023696800687,1.04,0.239539926641926,11.858192730432,0.590960080698965,0.113013593592617,14.3396692667093,0.118241383454256,0.180375152176845,12.4888983567305,0.543420668961067,0.153630998237365,1.01158236655188,0.00585562676285466,0.190673887670342,57.1069771602846,0.866042433286871,0.198143513911425,13.1531495321769,0.551445584870494,0.199587216564658,2.98619923379083,0.0526933244192797,0.103982839216455,1.00288309926358,0.0159806062258773,0.198651067307622,5.99369202303595,0.181192604487981,3.96583231316765
0.117737200420192,81.6871071808705,1.04,0.234558730123984,6.53437118513655,0.369098976789831,0.111925064379803,88.7129450016296,0.130957978484734,0.161631021788386,8.46704626823108,0.328783601310763,0.19010362682911,1.01158236655188,0.00634026539060361,0.173270878171469,11.0984240743995,0.367002575484857,0.127966013824581,3.86942926293753,0.0972416403078646,0.124957816227313,1.01158236655188,0.00248666831389478,0.184038690021777,3.48847535295163,0.155975156334644,0.172376405102486,11.1625120439526,0.12217830091276,2.62006516332995
0.122632887907399,56.9416674522411,1.04,0.189439081034012,4.23064516672908,0.16829912263808,0.160715438073693,8.81528401319323,0.276172877716962,0.151776107733348,18.3153703115779,0.485171169989718,0.176457248537264,2.46943812909056,0.0262392835593085,0.195102109935356,25.2842870786632,0.762204275361354,0.180616735805888,252.988497160128,0.71835528083272,0.169052882745567,1.017423759841,0.00960382012130694,0.180883561168218,5.82359678794962,0.22583195384803,0.183087466330005,2.04210241714683,0.0830223319730068,3.79490011604049
0.123949952644273,52.9283975488621,1.04,0.164928281435517,16.5121814020749,0.160572724292472,0.194744468585869,14.505756572389,0.595194170031157,0.192669190667728,33.5259694810802,1.25312812546404,0.181303034882959,1.01158236655188,0.00660164299345008,0.19940154076924,205.034978483135,1.22826517578142,0.139680708300257,23.9383809351586,0.218191759076504,0.14486873195991,1.00288309926358,0.00461330553763433,0.187820620832218,6.62911211113257,0.267272773828039,0.189713591160048,4.58580257506987,0.140164146519465,4.91400382352418
0.128573006740457,43.6885346568656,1.04,0.149792872416709,4.48139116082693,0.0877072255853317,0.15835423215099,9.74983462452457,0.2796349306154,0.194054307856759,45.3590725519368,1.48808229477962,0.18904892894861,2.10780755947618,0.0337477794439398,0.178384657421895,74.2108860452115,0.690550279243249,0.14298160141638,10.5683211343905,0.198956346213989,0.168989927135929,2.04799000112185,0.0255573157240831,0.188397916973256,10.8145512259435,0.35152209075001,0.127689279359482,12.169460288151,0.0407763071751926,4.23653456953082
0.138770718268213,33.8276988438502,1.04,0.18266386062304,40.0775094490775,0.266513385643945,0.186353383533492,40.1930568870561,0.776051259082198,0.134019923943435,6.36723659478765,0.194925473746559,0.193061239400078,1.00867425853989,0.0102668508514655,0.186911209222572,7.45964533309522,0.333324948519159,0.155437553264425,9.2308418493486,0.237585084251864,0.195038793079965,1.01158236655188,0.0227941934060738,0.176695391187933,4.58580257506987,0.182021476892009,0.133947289220716,2.54156531687388,0.0390024824955609,3.10248515488883
0.133847856750537,37.575153941676,1.04,0.166009780462094,1.31077872056062,0.0526633509448327,0.163614221901733,8.49145760309168,0.283117241047756,0.124192741937663,21.2120013170279,0.294251943481388,0.0809660764449511,1.00867425853989,0.00118749238721903,0.180594480119657,12.9651693704974,0.449489962924897,0.171406171225849,4.23064516672908,0.175342240360283,0.182216896259019,1.00577451078852,0.0161493240890884,0.198304215612567,7.14436264200497,0.318808522293325,0.159703397934576,1.00288309926358,0.013463460265109,2.6444735377939
0.14649803007128,30.2460303120804,1.04,0.245143653754237,28.864569943014,0.951072749356567,0.191884735478121,14.5895202202118,0.579107800087125,0.197262494167267,29.9653362072615,1.25378023597376,0.188099316421007,1.01449885892793,0.00586129738105805,0.19355002242628,20.4327857832706,0.680806724783001,0.184045541467888,11.1625120439526,0.416381262015764,0.164080531109181,1.01449885892793,0.0163443463779725,0.19033487928024,7.41681684421187,0.296160778234487,0.153220698289985,1.4920846013006,0.045310603929629,5.28482579813936
0.156280958725529,27.7316320270443,1.04,0.164155656300472,5.05738459676651,0.122586211796729,0.1802911728768,30.3124057150643,0.643376045208972,0.129991061630043,5.38806539618403,0.162428882961658,0.190187990865564,1.01449885892793,0.0229794469216538,0.174105064360614,6.88191695070772,0.275156980278485,0.171836050204668,42.6980067851428,0.501188580717284,0.191737007594095,1.01158236655188,0.0213702686725671,0.195014985478937,8.32204495553973,0.338103843514231,0.162992731719407,1.00288309926358,0.0125398551988035,3.13973011527038
0.148091248447095,29.6983980810424,1.04,0.243058055546203,13.8129064745256,0.673810259680411,0.19164563018202,36.3404329881246,0.836682810940751,0.174502412533306,47.6342662567927,1.05817673157077,0.159311550524936,1.01449885892793,0.0142097492763106,0.182529918605486,13.0025492407616,0.459605435281956,0.196704874708512,35.2076192684563,0.821963872547258,0.165846509019962,8.39423252506469,0.0262188520960682,0.186184787817635,4.02857346483847,0.180696989863137,0.159212606099308,4.58580257506987,0.0785803468624484,5.18994504811911
0.117662522049021,82.0611041461807,1.04,0.213129493046362,24.6375716039181,0.492765553914954,0.185123947933673,10.7524610237587,0.436999338224104,0.179514314323436,25.4302914671788,0.900500270748559,0.159639987795761,1.00288309926358,0.00970025459655427,0.10822938403842,32.2015642784471,0.107406724606618,0.167955413675318,4.70617602490094,0.187070650736918,0.192672057771715,1.00867425853989,0.00101547948736217,0.112136111309732,2.66904925964653,0.0481882700110583,0.139554450852861,8.68929909148323,0.0538412030256118,3.27748774535174
0.140309364636026,32.9131476009994,1.04,0.23976286758859,10.8769999686707,0.564629169801902,0.188039176589274,10.4172824260824,0.440041141509706,0.194965611635701,26.705865146348,1.13079682072801,0.185053688789316,2.69220128298041,0.0324756608286615,0.171254753027074,4.25507507288674,0.176568754008346,0.194063526336436,9.0989179220007,0.410354973197054,0.118356174030565,1.00867425853989,0.00194179797112106,0.167498233062168,7.31081832073186,0.209097070540288,0.115597463311382,3.18145405986858,0.0263834180820677,4.03228880666716
0.136400391598671,35.4087709489502,1.04,0.21605692750221,6.51558610363938,0.305574558187164,0.127646028990693,5.46618619625777,0.124443376310493,0.185457695588665,19.2895159816518,0.81225106161591,0.158386935402689,1.00867425853989,0.0039726958258786,0.197523972208895,230.059652845059,1.19053806777971,0.111364527898591,5.79016143825715,0.0832420003612255,0.1661175873671,1.00288309926358,0.00923094900580487,0.128070128891879,9.418754960271,0.0986376958492353,0.137496408360887,1.47925317679908,0.0347702461596289,3.70266065109505
0.130965700467716,40.6093504828478,1.04,0.148252829517125,1.08394875824941,0.0381627341855835,0.190307773967197,34.5051938106528,0.813742598052825,0.163477667000287,28.5340777947752,0.723449145865304,0.190277593158729,1.54453302690677,0.0328229429950506,0.18832599422305,25.3571841881197,0.684060609501391,0.192781005125856,21.5815941337228,0.649738453364592,0.18189896504836,6.55321042588835,0.0387176552237229,0.199786720246761,16.8968968064112,0.510926824768617,0.131939586890905,1.65502554408647,0.03277260465666,4.56439356861375
0.141817463642449,32.1699376318556,1.04,0.247225424127939,12.3104114379469,0.662694033900442,0.175991445303804,8.29812065000463,0.328143634745643,0.174798357714366,73.7848148359129,1.20016001969948,0.159628290585617,1.00288309926358,0.0079360937206801,0.169542509936737,33.3334849128322,0.500091078864971,0.110422250220194,2.31121826109334,0.0533425852265226,0.194311407525459,1.7230944249062,0.0412180554975798,0.155581300006506,8.01633751167032,0.174108722621503,0.197042602741928,5.82359678794962,0.175899286319333,4.18359351059615
0.120583459857587,64.2690577200705,1.04,0.209195783687967,210.416973737407,0.546188241419496,0.19601058789743,26.4000896312366,0.826175739328342,0.179422336892671,14.8010516157109,0.623104361382887,0.175943690419281,1.01449885892793,0.00387556695992645,0.174708540387777,26.0227888862634,0.526971423861425,0.198348431600748,32.9518247994517,0.835429030767253,0.169794141015213,1.01449885892793,0.00102567770296112,0.192632634128567,16.9456122371505,0.448709930466116,0.19825695087257,3.88058521159597,0.149326638294463,5.00080661018287
0.122913924766641,56.1666681018671,1.04,0.180498084466761,6.27623830106248,0.177567635910851,0.193541925093665,15.2333597657718,0.600540572237425,0.118608356197806,19.5691919526579,0.25147029063214,0.140405862433794,5.46618619625777,0.0112362264035115,0.159163315567461,146.822190068835,0.446568502601983,0.161760978030741,9.89119610131619,0.275686716472709,0.18198697625771,2.72338334507132,0.0351290611645222,0.150669726799067,3.56975293664868,0.110255520098171,0.197078176534653,3.55949057200184,0.140230696125085,3.0886852216464
0.13893979341257,33.7505252262597,1.04,0.150332468623197,1.42081696649143,0.0489817098739836,0.196298308927055,57.4367420159962,1.02621386219713,0.108120963190248,2.89311263070037,0.0711358103107387,0.189002516272634,1.01158236655188,0.00282203018904828,0.191388872075285,33.7195655535441,0.793564062435547,0.145135882601368,162.387515846255,0.282216657952312,0.189525536775471,1.01158236655188,0.0151360065860141,0.147529004059918,11.1625120439526,0.158748131610152,0.161560463562527,4.41734470314007,0.0807926923121681,3.51961096346709
0.157324233299697,27.5422660634698,1.04,0.227944579961668,20.9691291766305,0.632535852178667,0.191150471110901,16.5121814020749,0.614609743897328,0.168731037857851,19.9101608535235,0.670775921613913,0.174314718361364,1.017423759841,0.0158284138738537,0.192696128889696,19.4009034997931,0.655183298209737,0.183457090591425,7.63344674676951,0.32026585153054,0.12634866308655,1.01158236655188,0.002448447758272,0.135930601791892,4.74699861247518,0.0978746383785018,0.173755810809231,1.80952418124502,0.0680693887177573,4.11759155615857
0.136214971057864,35.5708867752697,1.04,0.199514488885526,6.57210398204128,0.246686891553394,0.1804532952889,66.7123211508998,0.755597163930779,0.188190339057562,18.2102152272867,0.803244586585209,0.151619549057925,1.00288309926358,0.0130250473133914,0.144130643307288,11.0984240743995,0.220780890204943,0.156301740259146,3.70588742997801,0.136789159855874,0.191822580263639,9.02067029565308,0.0499793206383601,0.199815483937869,14.5475781084805,0.481415406788608,0.149482151796115,1.15482354244809,0.0368785221049042,3.78439698897546
0.121598201582317,59.8759500339751,1.04,0.243960675520662,26.4762037102107,0.91645201632266,0.192423092683069,14.5895202202118,0.580052236575066,0.133686853123898,11.6216105181022,0.286927514107346,0.194394687302578,1.01449885892793,0.0182107753508306,0.179276475994882,24.7086041684656,0.566657253087605,0.155604119073883,4.3416960341386,0.154298226352263,0.189297824644219,1.00577451078852,0.0118649571510974,0.184703806093544,5.13071090257931,0.216406589620752,0.0730149859668656,1.00577451078852,0.00294324797691867,3.79381281654454
0.133653577066812,37.575153941676,1.04,0.192103903619249,5.16033824803901,0.195169360483278,0.181997220223852,17.2408685151293,0.536965082580062,0.178526876007865,24.7798415269477,0.874863737593549,0.168172650565487,1.00867425853989,0.0108476242181666,0.17271161246837,5.05738459676651,0.210192208997772,0.123294770297827,2.38558227120577,0.0657214026898283,0.188171323190395,1.00288309926358,0.00609020005744353,0.191036685391249,4.21848286189654,0.195386781281942,0.181816069419751,3.19062650772569,0.105282068097906,3.24051846599995
0.114810429956175,113.75798591979,1.04,0.24885183547114,20.788801735641,0.903039541947553,0.145061277858696,6.0805937181354,0.176132463890474,0.195495548230342,16.4173790695188,0.782632931800694,0.198604121752544,1.69358579278262,0.0394338459919405,0.125640731820648,4.82970917626452,0.110152393270399,0.166083933926994,7.92455244054436,0.264031836370829,0.187327594720677,2.65372529430481,0.0399951838057247,0.174669548038909,5.46618619625777,0.200495824685796,0.167742801241305,1.93339940407185,0.0648938736852006,3.62080789544861
0.14220613652853,31.9502646161512,1.04,0.248166153563182,7.4811522310616,0.455345962563187,0.137905298072457,26.705865146348,0.242818300786912,0.143650284526119,77.4858328855303,0.586805908733665,0.148216914292094,1.50936647207927,0.0127524896241688,0.182937093071952,6.84240540686637,0.298797363156812,0.160795656304047,3.4784466459882,0.134605818860264,0.193800405250383,1.00867425853989,0.00465093581267511,0.171072351375083,7.92455244054436,0.228524924558509,0.194495329792366,10.0346071582177,0.197608383158027,3.20191008725422
0.122102574120604,58.2571693781222,1.04,0.202542776743429,6.2943333190863,0.252080840552012,0.077559799877194,13.9728926204603,0.0435151092333786,0.178494914161063,38.6052759973495,1.07349966069306,0.119225781333344,1.00577451078852,0.00531854753835796,0.182728655682168,7.3318961356485,0.315692875545395,0.1998325681705,7.14436264200497,0.349309336888521,0.172352789801752,1.01158236655188,0.0139910605776989,0.195470712747821,9.04667778353943,0.359239803133486,0.198193906697978,4.26734287669584,0.154941303099037,3.60758853726095
0.132147153621098,39.1521238458776,1.04,0.193281597679303,2.11388457789867,0.100074410079491,0.192513402257363,46.5497099496079,0.922462549685361,0.188045137452932,26.6290908341743,1.04048859947062,0.18024102714017,1.56692699337341,0.0265800746467846,0.191719108591525,12.4888983567305,0.511181841253533,0.183491858898943,6.34893199363231,0.277303354982864,0.140709461374673,1.00288309926358,0.00359078451460371,0.185859522004483,3.86942926293753,0.173557727802831,0.189335348621512,3.31230280598519,0.120953478052649,4.21619282048874
0.122337646091964,57.9916598558987,1.04,0.215164403941762,6.72522667244931,0.3106827052005,0.128362158784527,3.81412874828321,0.102897703684594,0.183695967123453,25.0668507346102,0.943624962391473,0.154417604992302,1.01449885892793,0.00515046656852579,0.187775661348154,7.06256146630704,0.319322238887217,0.175955050119596,105.136965683063,0.618228521812031,0.189410328411824,1.31834782642385,0.0349483129542638,0.147644960327165,2.39246014169509,0.0803708428498062,0.136890535919215,3.75961856902805,0.0452253036050178,3.50045105795343
0.122990939121115,55.9106861279436,1.04,0.240976945530873,5.31106107095859,0.317776237532009,0.19041921645437,34.1101179217553,0.804397453530611,0.188445215821336,20.9088468955437,0.891924742475619,0.184295626086649,3.98244730043134,0.0335073936695302,0.119450621284346,20.1988354669711,0.140632088582881,0.15980429097243,6.15102138343189,0.207392692824322,0.181682839362829,1.19198027101602,0.0293965395384104,0.178035505316532,14.8010516157109,0.327727550341951,0.131094417920772,1.00867425853989,0.0188202763229351,3.81157497481827
0.154226015501423,28.1142788446691,1.04,0.191591368214648,93.97087014239,0.346433717225531,0.199601798958965,24.8512842698056,0.850138826058793,0.199663922661521,70.260571482953,1.93097997301809,0.198433250112292,1.39247031798524,0.0367857877097645,0.152055939151926,4.13432012050498,0.145675847095406,0.193456760851509,13.932723196473,0.535550377330984,0.199898234951977,6.25819530279368,0.0596095106110842,0.172655157043628,7.54604567969013,0.230348998218286,0.191338570109018,1.45811221351425,0.0681302474970925,5.24365328476503
0.14956467665084,29.2273597614989,1.04,0.248915454053262,7.4811522310616,0.456575522022181,0.182238858587209,37.1871245324062,0.696340579488671,0.118770189676408,19.0686558202897,0.251343230635427,0.198468204504288,1.00867425853989,0.0121670322987548,0.132651556136451,6.06311316104581,0.138994262589636,0.191461119299093,19.6256118755653,0.610523844404493,0.160232957814592,1.01449885892793,0.0046146995374451,0.185406976617442,4.74699861247518,0.204853388535693,0.184897396496968,1.63607591315362,0.0713518962448911,3.48676445575719
0.125447712460159,49.4232328828234,1.04,0.240983537047992,9.6938573407282,0.529447742747954,0.123270185249104,5.79016143825715,0.117795651692355,0.16645828047267,20.1988354669711,0.652406241246507,0.192065576634671,1.00867425853989,0.0065778548324301,0.141936742840065,11.9610537599916,0.21565163907645,0.0863414561829465,3.74881037659201,0.0400143162793194,0.193249718479296,1.68386231169735,0.0403433379522124,0.186386603446347,4.94223601165526,0.214631481219273,0.178308103247179,3.08228092099346,0.0981199536945234,2.95498821874102
0.114953107799805,110.682473515373,1.04,0.241328831193211,42.8211093770612,1.00269712633462,0.189277531832248,80.4407977772957,0.94367767091254,0.194011689722539,19.3451295709733,0.887607439776871,0.154898500118953,1.00867425853989,0.00869227607643198,0.120669357329895,2.96905439714284,0.0759821105636506,0.169766696109669,6.62911211113257,0.248202529778435,0.166197208257774,3.46844676966084,0.0250054054127461,0.175179301550072,13.2291025360534,0.299070446007561,0.109907501929512,1.00577451078852,0.0116845714840963,4.54261957634695
0.132927697545112,38.4432385901807,1.04,0.24254199907535,24.5667432445612,0.871482413280859,0.187850845046343,18.5809222819382,0.61212642724282,0.0690201482195524,3.90299369276608,0.0449470718394846,0.167171187833831,1.32978351631576,0.0193790734055097,0.14669222299324,11.0984240743995,0.230608938633269,0.157110349511467,8.99473757437633,0.244823005586939,0.17653280337803,1.55793070570556,0.0284996888715014,0.16711635110706,3.82512526006857,0.143473474923032,0.114734569317213,3.21830282695794,0.0257461880525524,3.26108628183597
0.114115571834131,129.575032238322,1.04,0.212676975156028,6.94161247758823,0.306735409450755,0.166614397862882,5.82359678794962,0.22685673605025,0.162955289557956,14.8865204479472,0.518163834675259,0.185847468053994,1.87313095952011,0.0310913739239625,0.196155392555437,28.7815897627645,0.822597732540264,0.180048418666265,14.053579239644,0.436083360611353,0.186273624913093,1.00577451078852,0.0016170193608478,0.191583999596025,5.14550325140415,0.232223794473119,0.196105872931522,2.08367368705817,0.0961054069343974,3.71147466802021
0.124362179500868,51.8515170052203,1.04,0.220523619840903,4.11058351166975,0.222943457300727,0.169484503312607,8.86618796583124,0.315098148957547,0.197746572724588,36.235961115318,1.41380562222403,0.186239464149282,1.017423759841,0.00555145706060517,0.132039894571207,3.79223047250718,0.106144533392844,0.153575595098386,7.69966123740149,0.212475376480992,0.194875494824177,1.0232988843187,0.0347303428198469,0.141530882436763,1.57597523020146,0.0528274233178509,0.19982742337907,5.65832869261085,0.180655375540809,3.58423173709525
0.122476819681942,57.4642655092542,1.04,0.205354462437024,5.01389279437678,0.228378594163911,0.165846572665722,14.053579239644,0.373318022515133,0.189817263383361,26.6290908341743,1.06152443277353,0.174846285898687,1.00867425853989,0.0149564762050427,0.194504293974078,14.5475781084805,0.58282848014283,0.182453317585576,14.7585013912184,0.467649282558028,0.110093082905964,1.01449885892793,0.00260941917720911,0.189045195576987,16.5121814020749,0.413245664697463,0.183516728455997,8.03944940844679,0.149986815992757,4.3344971882259
0.153366645531079,28.3075776637043,1.04,0.186389422103203,5.13071090257931,0.178716861780437,0.184403695498916,67.2910010723591,0.815492823113424,0.165352990486457,12.4171951294921,0.469449598331922,0.199538487679878,1.00577451078852,0.00815084769841632,0.170810848661703,16.9944681193122,0.426265817077232,0.197338989318788,36.235961115318,0.845811612844992,0.158133352665967,1.017423759841,0.0072304440456423,0.190935870511222,15.3654978668113,0.422594291813231,0.183639466567662,4.63891702142887,0.127303138561082,4.34101543526638
0.114926460561902,111.953701043007,1.04,0.238984668753091,58.9444080505326,1.00842396492729,0.174895965625685,8.27426512232383,0.322676696488602,0.187707584028309,13.2672433518329,0.608099616979659,0.148870820975311,1.00288309926358,0.00898504509324975,0.191895603507633,11.6887196334189,0.488411567394613,0.108243051101873,2.46943812909056,0.053728624875343,0.196406561188377,2.23917234584048,0.0469472270862304,0.194770612762013,6.64822449937834,0.292021719695068,0.181691742043554,8.29812065000463,0.142989674937107,4.01228413747716
0.14979527525485,29.1606812358378,1.04,0.139625399766248,17.5918424880948,0.0865272454709321,0.198335771208842,7.76645008964431,0.377594494980604,0.163877583159342,13.1910713679069,0.482779340114696,0.181505901442698,1.017423759841,0.0130088557604954,0.127849406854776,21.5815941337228,0.175162212269417,0.182093114592419,22.9266227583863,0.544742587449334,0.131067635283981,1.55793070570556,0.00977985775454009,0.155203980152665,12.6335493553273,0.193509773987873,0.18567044286806,3.56975293664868,0.117154655493364,3.04025902328126
0.135827631821425,35.8154532620603,1.04,0.22960621881659,36.235961115318,0.763772872569082,0.180226754615942,86.1953566475303,0.770780630395292,0.174124108886123,51.1890764754063,1.07691789681735,0.15566887932582,1.01158236655188,0.00760384425969994,0.124049807646449,7.14436264200497,0.124585450872479,0.197682711761912,13.0025492407616,0.54548399223857,0.19741538772311,1.01449885892793,0.028327073378809,0.152754088401343,5.20510035615579,0.138298409744848,0.195403581634336,1.89482624889294,0.0884491279682051,4.58421929824433
0.137693412480296,34.4514745147866,1.04,0.215731063381745,20.0251322921732,0.495597549969036,0.179565651098831,16.3231210310229,0.505760230511588,0.10176550692319,6.64822449937834,0.119921889964039,0.188092053406649,1.11240149892777,0.0283964287484225,0.17312840093925,6.61005466738882,0.264388005355905,0.149561494426085,3.71657187129828,0.127626220024134,0.192454431964655,1.00288309926358,0.0185663528940299,0.160328343894886,6.55321042588835,0.175036600895727,0.155297504005209,1.20578622343754,0.0408818679963517,2.81617514635923
0.140007176802059,33.1394408876654,1.04,0.241266928228325,13.7336016436691,0.656245717021954,0.149980160176379,13.4209094274668,0.274838383296871,0.171194943353852,28.7815897627645,0.829292749307286,0.147893198019367,1.01158236655188,0.00351483606332227,0.197803460767952,13.3823268507784,0.573215462717151,0.1276899392969,5.49775074742009,0.114320705466958,0.152933548190433,1.01158236655188,0.00992858569221305,0.179522048168985,9.28414544519475,0.283686982666067,0.176604684771458,1.90576794350953,0.0731969074139258,3.85824032964575
0.133868998164304,37.575153941676,1.04,0.230160649808043,8.03944940844679,0.413847837673441,0.171064116418465,5.01389279437678,0.207404861405017,0.19659623412933,40.6585876047624,1.47101458450986,0.198851270042551,1.3804955427344,0.0372026185411935,0.167696662086307,31.8328643748612,0.472464341295156,0.174098693051118,4.63891702142887,0.195058490469762,0.159866719856303,1.00288309926358,0.00573474817673594,0.175338938492645,14.5475781084805,0.305643603810488,0.182651393932513,1.74807732789242,0.0735753815185223,4.22194646740018
0.135603453944631,36.0617012578568,1.04,0.202711675829977,40.7758103487437,0.434759322690365,0.193849882650458,7.90177085082341,0.372847347494244,0.178111548478393,15.0589415844573,0.621863752980996,0.180168672749847,1.93897358646993,0.0276312806733419,0.144977650202852,5.04284557241036,0.153691011717362,0.124864768691593,6.84240540686637,0.118040188180983,0.162355336133363,1.00867425853989,0.016597578227533,0.132098010393837,3.06458444505318,0.0752394987415853,0.143935836846564,3.50861959151272,0.0522775414213566,2.91294752212777
0.135985259842328,35.8154532620603,1.04,0.239487076522211,9.02067029565308,0.495299098571145,0.185540243748715,46.4158883361278,0.788869942145004,0.165806224636019,10.4774371358388,0.411363105842149,0.160357452646333,1.20578622343754,0.0164418333813782,0.171567894101178,97.274050262012,0.602130627410885,0.15948514843441,4.57261925984919,0.167865585869554,0.140375320932271,1.01158236655188,0.00257459610496348,0.196172370437413,7.18561784115829,0.31163490526943,0.175495105080292,1.28462743961633,0.0536805789748213,3.88986027356933
0.143662140743243,31.3002049143139,1.04,0.12298317900807,5.79016143825715,0.0506842904056478,0.175503908304564,29.4521686931553,0.572574700460507,0.0967576949192031,38.8282025800898,0.159111745026791,0.165546215087417,1.15482354244809,0.0183259964463516,0.18253945913632,18.3681753422353,0.547135466488516,0.173996643620838,3.90299369276608,0.164811549858847,0.161421132288923,1.00288309926358,0.0153513601805266,0.177948789082099,8.68929909148323,0.268766319297893,0.186764333106488,4.92802801770652,0.137898862517778,2.97466029068286
0.128373824507068,43.9889137703121,1.04,0.175990034848313,1.78366310156055,0.0758405919457979,0.146588452978416,5.35713058780925,0.167087627573221,0.169246403754983,8.91738586389294,0.36540764663387,0.190199370765579,1.12528574084121,0.0298123091555965,0.160032303701041,6.0805937181354,0.213463512032989,0.160021289009627,3.78132852701561,0.144366316122861,0.118491496442287,1.01449885892793,0.00349914296326714,0.194775018331212,16.7998856852757,0.470788162269889,0.187734747672686,1.65979714701382,0.0740880407829042,2.5843533494804
0.150014548166443,29.1606812358378,1.04,0.238189675961336,30.3997993896586,0.866214498000907,0.199453334739141,37.9441463047634,0.980699781063386,0.19495746076232,19.5129342263596,0.899574751401774,0.162707134693329,1.00577451078852,0.0158927135832123,0.195218868120524,27.2495189410318,0.792658640214119,0.171022543498791,4.44285270778494,0.182537253683329,0.179372850147663,1.00577451078852,0.00714617830375922,0.148696293221131,2.66137624774655,0.0880364910936865,0.0914466250406414,1.00577451078852,0.00143232462252248,4.87419263196669
0.144909024506977,30.8037607665866,1.04,0.209471098170427,24.9229329891828,0.467804294602927,0.0975373170016923,7.16496054867685,0.0701713407473127,0.173680981173505,17.5412692675873,0.658746276281048,0.145383401730066,1.00867425853989,0.0094797623690131,0.154165590365239,4.85759838400825,0.168912516604539,0.196724066672195,73.9975437812294,0.960850911850237,0.176796382382574,1.01158236655188,0.00130070130128927,0.184589723998552,5.02834834499989,0.213673394439856,0.197738952267969,1.94456383978917,0.0922998805425592,3.68323907873878
0.154831385572184,27.9861468254964,1.04,0.233724005211292,9.97699489356779,0.495365857735446,0.19963196515308,9.6938573407282,0.467349289567697,0.189077895447143,25.2115995346114,1.01159190370308,0.183101952820485,1.00867425853989,0.01159941138946,0.199091036414653,22.4692148500539,0.781059887864043,0.0999809880399209,4.32921447906216,0.0581707200691799,0.153024935338252,1.01449885892793,0.0103909070023841,0.185489200056102,3.32185250376586,0.150425645437037,0.199700616622036,14.257340102472,0.233953469876747,4.25990709264507
0.140792426447624,32.6883995622381,1.04,0.222500822916353,5.22010717715947,0.278902056923377,0.180880751821231,44.7108167276501,0.709154987995837,0.179139170739427,19.682194462711,0.764521197185716,0.181289887624804,3.20905081491668,0.0305666160712949,0.198548204904186,8.1325652583707,0.393906346259849,0.194569054411353,7.52435222533039,0.353235752595539,0.197622835426791,1.11240149892777,0.0379232020414018,0.168937465993565,10.2980071327174,0.246024864537537,0.176317736162426,2.85176528809274,0.0914922163675431,3.94572723997809
0.152176675429128,28.5673783641001,1.04,0.189075506257053,58.4375060149326,0.325641590474623,0.160511450018885,30.3124057150643,0.421282204831002,0.193994917335137,33.4295886586368,1.28797707041797,0.148989439658803,1.00577451078852,0.0106149284195229,0.162429698255215,6.01097243209366,0.21812805616364,0.13682839284091,6.01097243209366,0.141116555940363,0.144563255679604,1.01158236655188,0.00789862577449223,0.155708490464539,4.45566189315493,0.13533839662962,0.195103327890129,2.0538945595859,0.0942629801959399,3.68226040884717
0.136159675442578,35.5708867752697,1.04,0.10642982028328,5.43480286846039,0.0329553402056653,0.180328022721586,7.76645008964431,0.326764624212042,0.130377441206593,16.1362253542068,0.307222560551091,0.159654493934161,1.00288309926358,0.00143646713983053,0.0906030748816282,20.8487379146156,0.0633709376955699,0.148237401805247,4.23064516672908,0.138845664336077,0.194046237347774,1.01449885892793,0.0237636511801084,0.153453315589191,1.70827639380871,0.0627705873020421,0.165259764483267,3.58004488871148,0.0827419512689149,2.07987178389134
0.142448014948053,31.8773741273602,1.04,0.156352437721109,32.5745345994639,0.13897535600127,0.170197507931279,11.4225861207707,0.369791407678563,0.129866782181174,25.7248344244728,0.35044682462274,0.179146305350024,1.00288309926358,0.0200544246454123,0.148484134929761,23.5962620603196,0.289820110550914,0.196712756317338,23.9383809351586,0.723010188806404,0.180094106666151,2.2008256876077,0.0327953082046341,0.153179376769373,15.1023580078497,0.194473525074611,0.130407913309926,1.00288309926358,0.0253197210450944,3.18468686662964
0.153056169423881,28.3723054911643,1.04,0.191252896402679,202.104691078515,0.35255710763017,0.193126490975997,72.5212224721817,1.01102368990767,0.189205555316754,18.7420980057214,0.825387458367232,0.179571968830133,1.01449885892793,0.0143061714801892,0.189801748063042,142.655517033306,0.949299330991986,0.1635667597324,22.8607130534172,0.372388963659477,0.119207031773179,1.00867425853989,0.0060122299476989,0.137348880155226,3.23688695135292,0.0842485125786834,0.139902311900441,10.9713498785374,0.0558642881484043,4.71108775271151
0.127313063148387,45.730492159725,1.04,0.21572049018933,3.55949057200184,0.188933229424546,0.0986131539825368,14.6737675621227,0.080809933482115,0.194061719449675,16.7998856852757,0.788104656988448,0.191773363713408,1.00288309926358,0.026095523039646,0.172421819787228,6.8227347852315,0.268805395504692,0.154879267873234,8.56511470172144,0.228905497121789,0.190565079036924,4.50726900243269,0.0462334144885598,0.154875605636697,3.84721348715026,0.122186771477166,0.0887254060871639,1.00577451078852,0.00264412051226873,2.79271854203923
0.137697689015808,34.4514745147866,1.04,0.247186513421947,30.9294781934387,1.01806292624429,0.176196883863882,9.89119610131619,0.369425203420336,0.179719992550222,35.9243440670047,1.06612424590127,0.137261665847691,1.00288309926358,0.00675052201429185,0.15375983316993,16.1362253542068,0.299721923145,0.185604261489588,12.2045460501459,0.446446323343267,0.183328591662723,1.00867425853989,0.0250453728194734,0.162841931703582,8.56511470172144,0.204234218838111,0.159786807701864,10.5379392096157,0.0903357069084322,4.56614644263447
0.136488315282077,35.4087709489502,1.04,0.234668842600496,23.4607874898523,0.73949064624217,0.184257990688315,9.63820144251651,0.39963882939522,0.161863324660422,11.9955386652786,0.439765407748679,0.155685844771064,3.20905081491668,0.0164694427599374,0.199141401125499,8.10918567113405,0.394969636691257,0.196615829098932,19.4009034997931,0.660199934609146,0.16825503829748,1.017423759841,0.0139753431738047,0.139956383271853,5.70741049859425,0.11355649806146,0.190619398196402,3.23688695135292,0.120296269929245,3.93836200861092
0.13562680075585,36.0617012578568,1.04,0.240907310973487,5.84038679556032,0.348296189564549,0.131305736796583,2.6460963359074,0.0809766196756913,0.186609044982002,39.8474101492761,1.25176657973533,0.187036830797946,1.01158236655188,0.0131709336989289,0.19286196682966,10.4473164853735,0.457987601740793,0.196234377345651,17.4405585739443,0.631155190932934,0.13552205530372,2.44116367657533,0.0113766907316244,0.181922991404018,5.60966897361054,0.222536741081389,0.1673699431015,1.67902152597229,0.0596270814835553,4.11689362864479
0.115738762562238,99.6438600672692,1.04,0.115113562631872,2.23273514877728,0.033928361426846,0.161312584584619,6.38559396992509,0.228774185862284,0.189220207919924,49.166910368017,1.42720826989502,0.189298647081907,2.00136053357019,0.0342677918773159,0.193135324694626,41.9667875574435,0.867241125478015,0.195617765892554,20.5507751252155,0.675930487321948,0.183112592510482,1.00288309926358,0.00394300373876262,0.163174299733602,5.94214829246472,0.174865093009553,0.1983895445723,7.45964533309522,0.197089360355974,4.68324767896572
0.132447185929436,38.8847728421275,1.04,0.235680797061018,8.32204495553973,0.446358570895924,0.198628411788799,53.7567009439374,1.07132566455657,0.135091241146835,17.3904202660819,0.349405943765076,0.183005339508892,4.48139116082693,0.0328503254993854,0.194095749267985,24.99478827893,0.753770119395685,0.179255635619593,46.6839173840833,0.611221766480515,0.191519941257506,1.00577451078852,0.030403876859306,0.172173658988216,6.80312071291408,0.218753673186534,0.186985838989772,4.87160332233193,0.136181926323558,4.69027186696255
0.114214869064281,127.519877435905,1.04,0.202258181671869,4.43008034640065,0.202728854869202,0.14628787246788,3.48847535295163,0.11996349347538,0.151648592594018,17.7955976561148,0.477023836820547,0.183799810554887,1.00288309926358,0.00841199421124064,0.170452605331855,6.90175820040029,0.265391878760997,0.0642573018733579,1.017423759841,0.0129675167322887,0.154364563987668,1.01158236655188,0.00162125012415033,0.176495199794719,9.5553161597167,0.273495853475772,0.182292167735339,8.41843393067599,0.144768613377716,2.54637329184729
0.14731270265489,29.9709634242785,1.04,0.24788506919915,39.7328563803063,1.11635422127597,0.198208715554172,12.9278969602916,0.576034046535752,0.143221281247667,35.4109260457599,0.512060507572724,0.186617464208102,4.19426304469508,0.0354258887822196,0.176664532374048,4.49431145638251,0.19293081939664,0.171062439153485,32.0166835936232,0.47704320859974,0.197656555550056,1.35685404373703,0.0410069693280464,0.127531699085207,4.71974439753259,0.0824115907402857,0.187282400000754,5.48194575365476,0.142673521307561,4.21594077353894
0.148772147705407,29.495602018995,1.04,0.239522717800158,202.104691078515,1.13685277972669,0.189566451875755,22.8607130534172,0.697253501167364,0.167144457572072,22.2759871780403,0.687677433197926,0.187826408934701,1.00577451078852,0.019360424249345,0.159121961183775,48.7440915159157,0.411583741148541,0.193872156758569,21.3344902474791,0.665856270246961,0.184875548712799,3.55949057200184,0.0390571247345051,0.171118018061953,8.25047817477399,0.234536834642489,0.159511960541187,1.26626799854054,0.0446786556233002,4.97685676473712
0.125902670444126,48.5283797398005,1.04,0.241232431793678,5.48194575365476,0.327546818081714,0.161833764221112,9.50045567592029,0.292377565422906,0.166742068814012,11.9610537599916,0.463949404120459,0.196031877337539,4.88564863828298,0.0443562706919241,0.164655616095977,5.11596107896008,0.197630981700908,0.182133214983518,5.32637338722108,0.235597466028273,0.174048011710161,1.17494491051044,0.0251823370701286,0.193137715959109,6.22226476776323,0.273225561669393,0.196442694457663,10.0057595601981,0.205049431489807,3.10491583627551
0.135820057444839,35.8154532620603,1.04,0.222253345242367,4.54636621906863,0.24729002519533,0.155407513984874,12.2397329678754,0.294500082597566,0.150539121488717,52.6842036818354,0.65124549828363,0.194100844005516,1.00867425853989,0.0171555427361986,0.149641625831703,4.65229147967714,0.154684831789844,0.185620292106583,9.02067029565308,0.37050925339077,0.193057300878715,1.56242237457588,0.0397424607364906,0.162629873970554,13.8527304550101,0.235074323087156,0.185084655521678,1.28833114804146,0.0580834959135648,3.10828551373055
0.144273162907333,31.0864708846003,1.04,0.201636599085172,9.0989179220007,0.296359626462859,0.188134787726918,35.6154068202425,0.776155031222942,0.198207002701054,36.0279175169288,1.42451960058829,0.0980719367045621,1.00867425853989,0.00259472037247653,0.191279529429531,53.7567009439374,0.872193543706559,0.193613465025362,48.8846255702689,0.842630174750237,0.184040567574303,1.51371812544339,0.0325793963212236,0.0939691672822959,1.00288309926358,0.00465286265629003,0.112118307894693,7.3530347199978,0.0261030532538121,5.31778800933469
0.146336429025312,30.315190586218,1.04,0.243689176641996,82.5523008734509,1.14266151004962,0.199377388068909,25.2842870786632,0.85085026141537,0.184286655695268,30.7519010092932,1.06309372641421,0.197426644319877,1.00867425853989,0.021755876539418,0.112620108148279,3.6424227310724,0.0749616950353767,0.194357187439318,20.0251322921732,0.646543008843282,0.197200113960629,1.8199732981517,0.0443088690890295,0.168483556627132,6.862132740856,0.204981962349681,0.193438651356958,4.43008034640065,0.147579718316058,5.23673662805204
0.11060576855647,377.346054958864,1.04,0.24335333336523,93.162752342285,1.17319996612472,0.160489939471984,8.58980877761041,0.271740580968772,0.103449953650071,16.2761951447872,0.167522842418887,0.178302890493473,4.74699861247518,0.0292356333803134,0.0980629570748262,2.77882351455518,0.0494226210180005,0.164105757279518,6.862132740856,0.23600584413968,0.155047600550904,1.01158236655188,0.00698916916238732,0.187294082078461,10.5076446271293,0.34072615561978,0.16922347509404,5.3417298504113,0.0995482222622786,3.41439103509482
0.156967206287048,27.6052439369847,1.04,0.246456793459559,8.96887940476934,0.523665935747564,0.170941680535439,6.51558610363938,0.259192733697274,0.0744417409811659,3.6424227310724,0.0493652200426152,0.19743464005097,1.00867425853989,0.0177282139967101,0.1838549232298,31.2877147471334,0.660625763364338,0.196553650200685,10.5379392096157,0.466413396314185,0.178290764166081,1.00288309926358,0.017475329072337,0.143643580756464,1.98987000774274,0.0663027016601374,0.143115792148766,1.15815301335288,0.0335372659126714,3.13430655980783
0.136180426182876,35.5708867752697,1.04,0.223032847813505,13.7336016436691,0.502303092624304,0.117419622830019,1.87853138201008,0.0509561387386873,0.137411702394723,17.5918424880948,0.368351960865832,0.190598356120608,1.33361741419236,0.0314522090355939,0.172870425177215,15.2772790540943,0.42871485220446,0.198857652062538,21.8315600677534,0.722005491795483,0.1687857389233,2.08367368705817,0.0254942459497024,0.195502321056878,6.51558610363938,0.288999877361008,0.102424087207818,1.91126246166401,0.017148008141579,3.47542587671665
0.118486039895719,75.7565453123505,1.04,0.248122072598873,23.3933421622917,0.932066074166779,0.198593313041969,16.3701822092467,0.672070511720002,0.142087893401781,71.6908725083659,0.562186047344026,0.152813393003318,1.00577451078852,0.00321342031320184,0.193086318180757,14.4224738415937,0.56763912918937,0.123606150676793,2.33126636583218,0.0648374787222511,0.19916522614681,1.00288309926358,0.0172103017925383,0.184909752800952,6.96162583541039,0.265915357035787,0.187745813157784,12.8907317012169,0.176447653283126,4.30158597356708
0.113589223977734,139.718746449899,1.04,0.248891626364293,27.6446058720117,1.00376279044898,0.191621187190342,55.967638704318,0.928037229722129,0.130619252730915,24.0766133741283,0.352098785785672,0.1922426488712,1.47500060364494,0.0332639345295078,0.184293847764701,8.44270511134198,0.358019867737884,0.172730219518044,32.2015642784471,0.496501604422542,0.178962145825987,4.92802801770652,0.0349512159000017,0.19608936713938,9.44591016576076,0.37093643926959,0.129474611714227,3.31230280598519,0.0371611108791758,4.65473297869548
0.14824328143012,29.6306449410155,1.04,0.240878504059881,20.9088468955437,0.793081986958054,0.0982783134764261,5.5454396587911,0.0669010705885599,0.0806378641679831,3.49853297367273,0.0551257333112277,0.14571655894825,2.0657547958787,0.0123265743569347,0.0723089034249173,3.33142973427318,0.0284514837160406,0.18258593163402,24.3554775355552,0.567828767336041,0.142033822852868,1.00867425853989,0.00184081496369364,0.120147901670439,1.79913505645155,0.0454331019641663,0.19372222833,7.50272113554967,0.179705678258738,2.79069521145346
0.154096732667097,28.1142788446691,1.04,0.223608695974771,9.39167782086193,0.422815953328008,0.199878554823245,22.4046201063247,0.818107913411508,0.111426781232089,15.4542261000141,0.200277767866118,0.12163260365056,1.00288309926358,0.00472189881155893,0.162563410032065,18.8503244528549,0.376103565734265,0.128325895371396,4.11058351166975,0.100893836769018,0.154000051986342,1.59882507273807,0.0172564705485443,0.153978972243412,9.66598933399762,0.176622684135656,0.171089715228005,1.54898606893921,0.0592846714976491,3.21608476210233
0.112946448106234,162.450626442276,1.04,0.0651282874890687,1.00288309926358,0.00119603190371399,0.183098230405218,7.41681684421187,0.323104401425871,0.160542507692542,36.6556592993152,0.745088060906998,0.198989432656218,1.00577451078852,0.0332857359060993,0.191677268913417,9.66598933399762,0.428456759345838,0.180751597039078,13.2672433518329,0.430962173391555,0.133261465086775,2.52697328239242,0.0106989568220284,0.064944262550637,1.00288309926358,0.0103943128042281,0.125117521597307,1.60805750536954,0.0280776894667013,3.05126412197303
0.129845590562339,41.9288471215546,1.04,0.244855332438395,13.7731969804542,0.685840171929874,0.154851056910906,6.42246765119551,0.210830347074077,0.139591785211425,6.44098426295101,0.210053863698665,0.153079129647624,9.86276078296599,0.0159892387101985,0.0994450167147218,2.16937226517279,0.0439656574907529,0.182535615940667,4.760684680679,0.212125649501702,0.156907393866288,1.00288309926358,0.00214973061896938,0.193513553802609,8.41843393067599,0.331976695471254,0.149465300732801,1.04112859832463,0.0341885794605232,2.78711993395602
0.141494306771114,32.3172247554147,1.04,0.213663202115092,4.99947880072813,0.247825446652476,0.189436407558103,29.4521686931553,0.750996689081381,0.1760058027177,30.9294781934387,0.93950610394927,0.191216617685684,1.3804955427344,0.0324999043602582,0.190650160136058,29.9653362072615,0.749214565884489,0.186432900907011,9.12515100556096,0.375669351484062,0.182534709576256,1.01449885892793,0.020560198804951,0.126890858998791,2.4062754285944,0.0600396295544361,0.190302541145202,8.1325652583707,0.172810067996995,4.38912195776832
0.136846215094078,35.1669814998765,1.04,0.133315560409186,1.50502732889567,0.0404299807915762,0.177004783557222,15.2772790540943,0.471723125769025,0.0949757112007834,25.5771389596111,0.144406066563797,0.174700740557537,1.00288309926358,0.0173661858187757,0.167914619384921,16.9456122371505,0.404679981607264,0.199315172426576,8.84069935203988,0.421243065399266,0.184264982738962,1.00577451078852,0.0232526621812213,0.167856689838927,3.55949057200184,0.13656353440038,0.156443900614935,5.6910027726913,0.0761730571401397,2.77583765967144
0.12237031614449,57.7273604045926,1.04,0.199610885675065,11.5882005855279,0.312043066931637,0.125802697428149,4.32921447906216,0.106643656926687,0.166293699611508,42.4528622739386,0.87046362954368,0.133947751873317,1.12205075712963,0.00856673028419343,0.127439094257932,7.83381828565906,0.138483858842192,0.17499921129353,123.530142735827,0.603551244305085,0.15008013478366,1.02624915657849,0.0144191675751047,0.190455998311443,13.0025492407616,0.390715593399509,0.195538027954675,13.2672433518329,0.211336528929762,3.69622347673785
0.150424824216207,29.0277801933518,1.04,0.187817272694461,33.4295886586368,0.301373251032543,0.186539630034965,7.10334430368878,0.319704444800475,0.184527032564576,21.7062172818814,0.872766378794644,0.199474357902143,1.00577451078852,0.0204234263898649,0.18711483745894,10.3574730860055,0.428514490901715,0.196788021516118,10.0057595601981,0.450669731164056,0.150296537540312,1.01158236655188,0.00271050782127155,0.123387895164703,5.17521601544173,0.0768422436909394,0.184412699843141,3.36032741709575,0.111653321335418,3.62465779593093
0.110992714726673,285.578555543834,1.04,0.220617744233838,199.216282305225,0.723655917572855,0.164564435597307,8.370100693918,0.282777017565096,0.159699251827177,8.08587329578959,0.310114943856388,0.139955615429761,2.23917234584048,0.0107515503060655,0.178229818142113,5.59354223610883,0.241322333201487,0.0960410942424069,1.28833114804146,0.0274416643426442,0.174837906373555,1.00867425853989,0.0225990981195292,0.196694545368458,12.0648070327153,0.424231617316252,0.193046296559509,8.1325652583707,0.179361817941251,3.26225596022157
0.118341453887827,77.3298985026183,1.04,0.232310624367508,9.83440721077889,0.479881519747224,0.191705415757703,42.6980067851428,0.885659396123311,0.177461104495931,51.4846683497677,1.16189917462457,0.182930691189064,1.00577451078852,0.0194746471001568,0.151768109120167,15.3654978668113,0.281741443013552,0.196910801404631,11.6551167748285,0.502387649529252,0.192483397783284,3.37001557459736,0.0460080320203541,0.167595763127097,2.48369792620856,0.100456347313777,0.102852597499058,1.00577451078852,0.00171567944255106,4.51922388891475
0.128993517144348,42.9956025366909,1.04,0.166304623543586,2.13836836392825,0.0804135993246799,0.185819778961361,30.3124057150643,0.717457879406206,0.187694928615664,19.2340622708831,0.82877479373201,0.121865823563025,1.01158236655188,0.00213944253836947,0.0863402743909297,1.61734325078285,0.0286341312529046,0.199041126679674,10.9083594392703,0.49265271863797,0.0873573358548251,1.02035709353375,0.00188223014782992,0.193374959424728,4.7881753057283,0.22218600986936,0.126739444622536,1.00288309926358,0.00965910981083793,3.42379991472017
0.148641338151376,29.5630463712104,1.04,0.175885919885954,3.83615347588896,0.130995516603268,0.187658445463218,17.7444386780296,0.602253289026846,0.168300559769709,67.6795736840215,1.02218018710511,0.197304884757813,1.00577451078852,0.00738843774695839,0.125862346529211,5.87411217212038,0.120317430916582,0.165206981017062,4.27964604980107,0.168619162099393,0.199524744794348,2.2008256876077,0.0489748253272334,0.174445507835923,3.4784466459882,0.143707368730277,0.169867594596673,1.48779514022745,0.0566869699620122,3.34112318751768
0.155058409575532,27.9222999702044,1.04,0.238915126047502,41.3670130706622,0.947643198743333,0.190493330633639,13.8926692519835,0.548868967706457,0.10860759876989,3.20905081491668,0.0795497300516589,0.146134335706845,1.01449885892793,0.00641440272296687,0.167315734336503,178.571831624811,0.557533537485423,0.169069080203312,7.85640396138943,0.273471522702543,0.191141733172506,1.41265954868704,0.0367108306515801,0.156323586754994,9.86276078296599,0.188481604402044,0.150623266693135,1.01158236655188,0.0340641116995069,3.71273790616551
0.132267635453934,39.0628032258884,1.04,0.229405077098506,23.3933421622917,0.673147438736815,0.171723763260323,19.2895159816518,0.468635242632704,0.186902474289307,43.3170791620244,1.29633916110371,0.193879408222705,2.39935784176774,0.0384991438736701,0.0687801560603223,2.0538945595859,0.0220721587623683,0.199514508924783,61.3687089327262,0.983635125036519,0.177911527920417,1.017423759841,0.0119907194683553,0.152153631367998,4.7881753057283,0.131784325079684,0.18773143344214,9.91971340151178,0.170856764071175,4.836960078765
0.135119381007813,36.4758827075144,1.04,0.2090948330558,8.49145760309168,0.326145310435072,0.199286005332834,85.2084412476855,1.17652311826837,0.163276847289836,71.27926959708,0.920483891717669,0.14802522360062,1.017423759841,0.00940875181980658,0.153491876318788,17.2408685151293,0.305017268870174,0.145361732235324,4.62558101221893,0.141272216360605,0.186244095349412,1.00577451078852,0.0143896579872857,0.0546677164055911,1.00288309926358,0.00370406070496966,0.123060960747311,1.00867425853989,0.0105046488071817,3.94744892497113
0.120433697544519,64.5633077355281,1.04,0.0786443853998513,4.15819379664401,0.0143460947782527,0.166289969933201,4.3416960341386,0.174537660326981,0.157040118830759,17.6934267723322,0.523705929172369,0.188503650050255,1.29204553462562,0.0299159010411848,0.196286421391771,221.608491047149,1.13209726616683,0.199525823903221,65.7588922489258,1.00259617033129,0.177857536164785,2.10780755947618,0.0310708752245538,0.155623408719469,5.6910027726913,0.152482117253469,0.161499311365005,7.74412301428478,0.0913071800469388,4.19205919434187
0.135368764666277,36.226806466008,1.04,0.17779205423229,259.629231834642,0.251065071629176,0.132451161318238,23.8009421380058,0.208124765666173,0.17513105255345,16.0898367576997,0.633286970513717,0.162924787551564,1.01449885892793,0.0146241530042247,0.197772656459042,33.3334849128322,0.880529061978666,0.150330900842117,6.98169689372975,0.193017177656557,0.12806339432932,1.00577451078852,0.00509092712777711,0.0665550962222286,1.00288309926358,0.00697620296771173,0.158995088739161,9.47314366240347,0.0889294400135753,3.32164377055758
0.144561323822125,30.9447929740479,1.04,0.201101906387578,10.1216499350543,0.306247513237275,0.186072041772589,50.6029742786953,0.802324905737937,0.159407809480096,28.2886943462597,0.673960041519901,0.124419609203596,1.01158236655188,0.00240433358947738,0.1681433957079,57.7684111024247,0.523326858845467,0.138441119010166,3.74881037659201,0.11148838635557,0.180502023060254,1.01158236655188,0.0209443700248892,0.168026341429755,14.4640552653053,0.265367912122677,0.182896865225591,5.29579277470977,0.130508270875993,3.87657259230919
0.130642899306201,40.7952766879486,1.04,0.22687948632725,11.0347040567755,0.477804576774447,0.14003244719289,3.94819959636536,0.124210815610218,0.147267762494395,22.9927224875773,0.491358105708677,0.193150261687681,1.35685404373703,0.0331891409154258,0.187862833725393,22.4692148500539,0.639627137622539,0.164137938471372,3.21830282695794,0.12753540277254,0.192892505819457,1.45392041663176,0.0384807867995111,0.18792309224782,11.4885459675579,0.356024750565663,0.132211219396549,2.45526020256225,0.0373129299296157,3.36554364669864
0.1118893354658,208.372620627396,1.04,0.22804621572361,351.266237656067,0.884609012510203,0.158080756076415,33.8167824081596,0.40738342134766,0.163944396900258,69.6563542571799,0.932456995050973,0.193886900204805,1.00288309926358,0.0110885287221734,0.192801621187344,6.38559396992509,0.30133253986008,0.146120186710465,14.2163529457634,0.228109002067218,0.180669701371984,2.13222095925085,0.0331173022760642,0.160101716152057,3.6952337044061,0.127734134887907,0.184869303201543,2.31788173275986,0.0924133496911155,4.05824428641339
0.112073844443252,199.06836834438,1.04,0.189327266591371,42.087781971745,0.312547139756654,0.194008727049131,80.6727165821289,1.03867960096524,0.160212305061056,15.4097981223956,0.510787043116033,0.193075367712571,1.00867425853989,0.0193372277784582,0.0932149037502316,1.4455729400936,0.029475574215643,0.0998663766855088,2.49085867387056,0.0460026744337302,0.132500972790542,1.00288309926358,0.00573675200055611,0.132838056704403,3.43861929685961,0.0806085203436727,0.199559875284661,1.4920846013006,0.073202257782614,3.1563767903926
0.125556226551067,48.9737624989775,1.04,0.232205929124197,25.4302914671788,0.729291252909616,0.109793120593811,3.26496454563336,0.0691302871457313,0.180395542823239,14.505756572389,0.619196253895992,0.195207297273642,1.00867425853989,0.00814366809858028,0.188663964339972,8.78994173863968,0.386134288151377,0.198519883963545,32.5745345994639,0.842984635045278,0.161356413319792,10.9083594392703,0.0235492203272284,0.187573499502282,10.1508316565282,0.334493175244431,0.187696601987945,2.13836836392825,0.0900631406334708,4.14298592145171
0.144474787378652,31.0155510319859,1.04,0.223629634710805,10.5987906532703,0.448396151143757,0.197908752983319,34.307087165692,0.924511202766809,0.16927327624131,57.4367420159962,1.01091159164149,0.174388909866547,1.47925317679908,0.0231132283107052,0.162204393823563,4.55947384416678,0.175449766989661,0.134147929162691,2.18189932872234,0.0687472714875351,0.192234504925298,1.23033252636976,0.0357471590597303,0.15473596397448,2.54156531687388,0.0914358790234077,0.121808809825346,1.9841495077581,0.0276929931560331,3.84600524357913
0.116029353898524,96.0682380646005,1.04,0.244229804291191,7.14436264200497,0.427180238244288,0.167997134419847,4.74699861247518,0.192283488644824,0.181582289657562,30.7519010092932,1.0147427109446,0.175540209654834,1.00288309926358,0.00967106794709521,0.0864853344919933,4.39198314906283,0.0448283296663642,0.12448010820886,5.14550325140415,0.105051532023301,0.19141359915666,1.02035709353375,0.032791960929869,0.104915730928044,1.79396288338358,0.0346189251256707,0.163452587047138,1.84105289600553,0.0595274851802268,2.96069573870624
0.146213554925511,30.315190586218,1.04,0.243523269734277,26.2485172849919,0.908899820079749,0.14421025513853,15.9974592566334,0.253879640950718,0.15961030223997,42.3308183228056,0.764240517317652,0.174176830988037,1.01449885892793,0.013312156499911,0.173790886702298,198.072510456684,0.661169050527367,0.167394049671713,3.80316384938978,0.15403633420409,0.169631581001246,1.00867425853989,0.00227610667939484,0.130605942566609,1.33361741419236,0.0407782335259092,0.0932979919499897,1.00867425853989,0.00669880295087564,3.84529066273567
0.150553511937401,28.9615569832397,1.04,0.158284140913427,20.4327857832706,0.140548601848051,0.13951217454864,10.3873347090322,0.203884816421459,0.19415315498786,31.1977684837926,1.23145728852756,0.191956510232994,3.66345594042931,0.0391209897377098,0.198325679782661,42.3308183228056,0.96552876877077,0.175449117672842,4.84363370723389,0.204973978422439,0.186219303059382,4.54636621906863,0.0415514252091245,0.178106106521947,16.751589190816,0.33676282100302,0.158944624526408,1.8570226648111,0.0558938715961895,4.25972256153632
0.146235109667263,30.315190586218,1.04,0.186098111983187,36.9736199650277,0.290799533687548,0.11810482385163,6.33068001474387,0.109896607924259,0.183083680821379,25.4302914671788,0.945215644227664,0.170791277745613,1.01158236655188,0.0186173623099177,0.191705484925125,128.610764357393,0.983255378817061,0.179628527178027,24.2156440378081,0.534881429255673,0.172916057400075,1.46231609576324,0.0259593134131142,0.0848113055098634,6.09812467340626,0.0292119828221876,0.193747009728074,5.37257572706184,0.161877123433857,4.13971437589128
0.131577828124675,39.783113123507,1.04,0.16882628722684,9.04667778353943,0.15938374294887,0.194816095797715,7.90177085082341,0.375537366529911,0.160688886285704,13.7731969804542,0.47743253978939,0.1216527627579,1.00288309926358,0.00189918060302223,0.121788720076572,120.370518157282,0.165535044034693,0.148008850051247,5.46618619625777,0.162104610084648,0.139567815973331,1.00288309926358,0.00641208526148721,0.15622041555622,8.6145740489714,0.178657310359054,0.185323101080157,4.30435891208667,0.126593382797789,2.69355526240886
0.127104702263977,46.2557231076727,1.04,0.167606560793074,5.6910027726913,0.135900183837048,0.158106238787399,26.0978151697375,0.388274712756112,0.193091838752886,33.8167824081596,1.26496185360187,0.193106174756492,8.27426512232383,0.0439384495304431,0.10910203853463,161.455191103366,0.115836624128629,0.183190493034905,4.63891702142887,0.207312679584948,0.196534196227643,4.24284253669373,0.0524312379182295,0.134975082005738,4.69264665877481,0.0954768429032753,0.187183728005984,2.07171057200942,0.0877983992517683,3.43193098351232
0.13569041126549,35.9794310462357,1.04,0.190896657791935,2.56361151152847,0.117814781057234,0.161047767490129,18.7961333346796,0.381417025682906,0.185089566987291,58.9444080505326,1.39673551244538,0.18824843961157,1.017423759841,0.0203668700708015,0.178033898316873,4.94223601165526,0.213985086020843,0.167520561116024,8.370100693918,0.277616376909229,0.177569228853442,1.00867425853989,0.00700652882903637,0.191227729895502,6.8227347852315,0.284195109121485,0.127115444090318,1.54009278652809,0.0289342238163357,3.76807151395325
0.117739425809179,81.6871071808705,1.04,0.184826568149869,21.151020824465,0.261747412755804,0.13459497416695,4.71974439753259,0.129678168609659,0.182877821796676,30.7519010092932,1.04500803203562,0.186930977545666,1.00867425853989,0.013457351404282,0.158527296454262,84.9634830921517,0.428911525947137,0.18834537284021,7.2688443008963,0.324265542775308,0.178664324480403,1.76324060258228,0.0307092913203896,0.116549351403237,4.8997344482741,0.0650273784781799,0.188280897283151,2.46943812909056,0.099722605753716,3.4385273090801
0.137305387293961,34.6883445186206,1.04,0.239141168890329,15.2772790540943,0.6782148964423,0.105352259655486,2.63090415150101,0.0563366535392594,0.189042032007235,12.2750213329814,0.568428850965012,0.16741622418746,1.00867425853989,0.0136971344096761,0.161712307609094,7.83381828565906,0.256419176636914,0.183365395724172,52.3817248465878,0.669148245978276,0.180119874077695,3.39924796097488,0.0351286283779753,0.126667271358115,1.80952418124502,0.0500013121601411,0.193627788665868,1.42081696649143,0.0673524336574651,3.43472733216702
0.140935655989245,32.6138251119006,1.04,0.201608861879262,4.97077500682395,0.216263104339388,0.155489381012764,12.4171951294921,0.295008759949673,0.187750730696177,15.1023580078497,0.68343106358753,0.15512394740337,1.01449885892793,0.00519155769164404,0.195003931508247,71.6908725083659,0.988278614843453,0.193696129892423,31.7413509094294,0.760435134200542,0.188227465688772,1.00288309926358,0.00552635981258397,0.150832066988433,10.845730650619,0.171522684652944,0.162483861236531,8.84069935203988,0.0953690701346124,4.26102634921237
0.122250089206465,57.9916598558987,1.04,0.20102919653347,4.81582467568853,0.210825509382576,0.1867102682261,23.1921673069706,0.660311497595243,0.151755030079453,42.6980067851428,0.639536513136337,0.161887839574319,1.00288309926358,0.0107892261374841,0.194738055580807,81.1385620543712,1.0146874622539,0.18806692724763,31.6501005279053,0.675739718915877,0.183323442065752,1.00867425853989,0.00769324298657865,0.163326376675171,3.55949057200184,0.130027744685826,0.177561019987785,3.50861959151272,0.102089384685684,4.49170029977951
0.113528483492181,144.588408764049,1.04,0.23015171291216,17.2905756504487,0.623786582894728,0.153754335219486,42.9445668859717,0.380900496158727,0.145608144342557,44.0718255463572,0.55947769731339,0.189165305034313,4.0401882420282,0.037876244886047,0.197194961488818,9.72180569368846,0.452987648290152,0.167938895144852,9.0989179220007,0.29188740024947,0.144977446093673,3.83615347588896,0.0148165209273606,0.178243220593157,7.52435222533039,0.252694220448819,0.165745315144067,3.27437776251048,0.0806415665868799,3.73506837775557
0.135597420379137,36.0617012578568,1.04,0.243805956112623,15.5882800527396,0.723905918067381,0.1726089215264,17.6934267723322,0.466623827906825,0.156991703717957,71.8975644100998,0.805845655434164,0.196518914942131,1.01449885892793,0.0043252623277366,0.178651004519025,12.9278969602916,0.434513627766386,0.181971819653564,50.0235828063934,0.645171838687735,0.141986664269247,1.00577451078852,0.00984432646269022,0.123659318034308,1.85168407581574,0.0487977956395888,0.183771817763969,1.28093437865255,0.0572096775989598,4.23623792989147
0.110491485932389,358.035143385096,1.04,0.176522361023734,8.39423252506469,0.182685573910587,0.161790167281555,7.63344674676951,0.256981765484722,0.150602780817351,62.9795857825214,0.669853698724162,0.144918933395514,1.01449885892793,0.00962416950230449,0.198513307474108,25.2842870786632,0.806161263596558,0.172967718443554,13.0025492407616,0.375560917804088,0.169364671374021,1.90576794350953,0.025289147419418,0.167984131797913,12.2045460501459,0.25445130786875,0.199168445474253,3.46844676966084,0.141052829891628,3.76166067420222
0.142541570179284,31.8046499290028,1.04,0.219016525960884,3.60071789654471,0.194625305780126,0.143699899310983,8.76467231833321,0.207100433742715,0.162338832670422,53.14120008554,0.853512245627325,0.0857572767535803,1.01158236655188,0.00194979651113034,0.199122537538398,28.6988481348414,0.868162683559326,0.197458590628736,32.2015642784471,0.816913075728285,0.198858639572573,1.72806227717372,0.0456214477477671,0.192296201371099,6.88191695070772,0.288169611033788,0.0740408989205278,1.57144459943409,0.00750525021063661,4.3235598499411
0.140530470147413,32.8380604164296,1.04,0.247404594313453,20.9691291766305,0.890390873402892,0.182576434780308,6.06311316104581,0.268938681478296,0.17353649296133,49.5933968601569,1.06349785698713,0.175750619333313,1.00867425853989,0.00408702257906102,0.192778815714073,21.273157622404,0.68597150866758,0.0774001264882683,1.73804099143649,0.023862603714538,0.091999717272886,1.00288309926358,0.00159290259694619,0.185675970127192,10.6293480187976,0.333441559821546,0.182362752514958,7.67752616736229,0.143710114275413,4.4554931235234
0.129077578830596,42.9956025366909,1.04,0.202346017066608,5.25025074237118,0.22632956148277,0.186088725754809,13.2672433518329,0.503196161975561,0.188101643213778,20.8487379146156,0.888169260001645,0.131351038311843,1.01158236655188,0.00754415720436703,0.17910688431336,9.50045567592029,0.365775256461475,0.192370785835053,23.5962620603196,0.673381446866419,0.197344201214758,1.86774606222357,0.0454739713813342,0.190071960719152,10.4473164853735,0.356938849052185,0.159720338699906,1.00288309926358,0.001688322646592,4.10849698707235
0.14401816963687,31.157552901849,1.04,0.135937639346079,1.60805750536954,0.0438314226124387,0.193766888155313,28.6988481348414,0.819489259530101,0.187621158543609,37.4018619842125,1.23282959789403,0.199871312786885,1.01449885892793,0.00934741079888137,0.195927138180396,14.5895202202118,0.593231629410621,0.190822207658884,24.99478827893,0.661992303028752,0.180492141028021,1.01158236655188,0.0238319117821306,0.157478338946405,3.94819959636536,0.129362732539588,0.155599385416739,1.42902148939294,0.0459991869358716,4.59991545453241
0.11971367168685,68.0455813324799,1.04,0.206058682971888,19.682194462711,0.411881014889826,0.186071196477631,11.4225861207707,0.456908918952056,0.189796692740083,13.6547521301788,0.631681689196134,0.147189589655296,1.00867425853989,0.00235131388745056,0.171233368341114,5.23515726431772,0.214448104305962,0.151630279110563,4.37935702804035,0.148552882598166,0.189697992357763,1.01449885892793,0.0066282095848779,0.188129847857453,9.39167782086193,0.328178409687748,0.199089979439117,4.49431145638251,0.161098783607629,3.40172932670985
0.156495139618075,27.668365815083,1.04,0.163095428802745,2.50524216415549,0.0857648296805522,0.173831299254632,49.5933968601569,0.614053578345834,0.167052697863679,16.751589190816,0.589387101785049,0.168972044372945,1.00577451078852,0.00354173468334213,0.0952012972729439,72.7303083552848,0.0761263021823738,0.178365995454426,9.83440721077889,0.355132350984233,0.182087237174648,4.84363370723389,0.0376651036724765,0.186968201664146,4.57261925984919,0.202645047187851,0.111876853763718,1.00288309926358,0.0111213176277061,3.01543736614942
0.110957608800169,309.344776636453,1.04,0.225029110633536,160.528219169909,0.786075200994857,0.180928897120681,38.0535430450317,0.68603155864064,0.174008635629971,24.4961185033437,0.812467044335856,0.106667971939958,1.0232988843187,0.00301282916325644,0.107624818657273,1.43314150019665,0.0350980023207748,0.193137209491504,15.7234968241093,0.572480022007617,0.187568649054596,2.31121826109334,0.038955809409532,0.187263203702772,8.78994173863968,0.311092702963224,0.184132548367631,5.75691805285236,0.136552039418886,4.42176520925464
0.118263177042029,77.6839463856421,1.04,0.224680159337021,93.4313498049558,0.763123133412322,0.193093403903236,11.858192730432,0.512799666465667,0.199888088438776,15.9056121278034,0.780030607250691,0.181655961288889,2.97761447568876,0.0304008093629335,0.175724745745104,97.274050262012,0.663634348604974,0.162376112828682,5.95928009583079,0.209912807786663,0.178851774113364,3.20905081491668,0.0334741957499006,0.137634449814917,3.73803325566538,0.0908355104345637,0.197009541349145,2.46943812909056,0.110423383840763,4.23463446290848
0.150866937206509,28.895484853008,1.04,0.219117295977525,3.68461060628057,0.198816548960557,0.166321904000538,6.862132740856,0.254339949391519,0.069435789219313,1.5850757161707,0.0230236851658048,0.197500877793655,2.90981894079874,0.0437158473365917,0.160108617826093,9.04667778353943,0.269981800274215,0.176893791238062,5.40359972355987,0.227958503088091,0.16969028755784,1.01158236655188,0.0204499785816811,0.162846478089389,7.52435222533039,0.193418165600605,0.119108576921508,1.00288309926358,0.00229839096803766,2.2740028693671
0.125613048691434,48.9737624989775,1.04,0.233000624558175,49.879774465365,0.850968737779803,0.128531232589687,3.37001557459736,0.0946920123827882,0.182218660292808,76.8194808477565,1.40880286152668,0.171803817178055,1.18513668643434,0.0210948208159904,0.150772007549782,12.7431360287119,0.260754826281692,0.181633897366411,8.68929909148323,0.344655446411435,0.17578125398974,1.00867425853989,0.00223023740437851,0.15097975728855,1.83576021707557,0.0661956360667548,0.167185108180533,3.90299369276608,0.0873094606139018,4.17670403928342
0.115906998084155,99.1897289455312,1.04,0.216016525258885,8.86618796583124,0.368317411123469,0.160112781250015,43.1925507507629,0.436533471492285,0.197774499373263,19.682194462711,0.929694221739985,0.191370823818761,1.90028922105573,0.0353495538582519,0.176739047518455,47.0888657531278,0.625933683959217,0.181552107410269,16.5597876601153,0.484739665442882,0.173903805251663,1.00577451078852,0.00220090565783048,0.15471731765789,6.84240540686637,0.160033553469892,0.126921783714809,1.00867425853989,0.011678156536884,4.0944806232807
0.132665027881466,38.6192474496644,1.04,0.23009361958854,9.17784428848941,0.451212125636635,0.116586137137593,1.65026765861521,0.0443386723804996,0.168584493372018,12.9651693704974,0.503302800503652,0.199755989825219,1.01158236655188,0.00897653083813528,0.185995910957611,10.1800975118018,0.415124045812508,0.15124521581763,2.85998721049474,0.103303352752015,0.18410132445224,1.00288309926358,0.00874799862742577,0.187508816232723,10.8145512259435,0.345295487724345,0.168671904256721,2.0538945595859,0.0684768666119462,2.98877788088716
0.156669619121543,27.668365815083,1.04,0.135662090730679,8.78994173863968,0.0733510350395185,0.19867840523927,33.9142795486171,0.949677590710862,0.185211107737646,19.5129342263596,0.819093363497837,0.195392254579877,1.58051892322707,0.0362304566198678,0.133741160305339,2.21353437928443,0.0696747758865893,0.19677232410972,78.1579650331584,0.964449363444041,0.198854020921465,4.11058351166975,0.0554565257903806,0.147880369653065,12.7065019223768,0.165232139056008,0.1719217476419,3.78132852701561,0.094945249037507,4.26811049908261
0.135138268136364,36.4758827075144,1.04,0.223086629274695,218.441340861964,0.767861011131702,0.179359904894147,5.02834834499989,0.21938080762844,0.19556781176325,18.8503244528549,0.881437860584436,0.189617800107116,1.30701047960937,0.0308260477825164,0.141326353243047,3.50861959151272,0.113416677306004,0.134402200728836,3.45847564108692,0.100242259899557,0.199333644794062,43.0683803351352,0.0626067056172918,0.158340819277692,11.9955386652786,0.206074352093202,0.193376518445337,2.15071639511557,0.0960078051152057,3.51785352715836
0.117666894347686,82.0611041461807,1.04,0.225711653399726,4.82970917626452,0.266485036355185,0.110267584631852,6.1865405227709,0.0919909689510632,0.172630203490981,15.7234968241093,0.607647990950122,0.139001035761203,1.00577451078852,0.00861081872673601,0.108836160460181,4.0518365057735,0.0730075225732105,0.191307208668234,11.8241026687353,0.47285770043353,0.176613075546133,15.189566737098,0.0356315651280296,0.184333246804533,12.9278969602916,0.354836221919792,0.190077991384867,1.30701047960937,0.0608202532325718,3.01188807827024
0.143779625639772,31.3002049143139,1.04,0.232280579819937,5.70741049859425,0.322679024045089,0.127975063811204,5.3417298504113,0.124178254050216,0.173693180964251,28.3702534600969,0.868999683117433,0.194390963484869,8.78994173863968,0.0447070993073361,0.191224474787606,41.2480907306527,0.819631948068102,0.154001747455689,2.79486986091936,0.103153153462098,0.141389528900999,1.00577451078852,0.00132180017863313,0.139326039413368,2.0598161414781,0.065066277760163,0.162801810247363,2.01872085226992,0.0623413645756933,3.45207860456476
0.113026345347778,156.979373938301,1.04,0.21659856425389,6.33068001474387,0.303776544814535,0.158610458871945,3.82512526006857,0.145644880079608,0.141981200140439,9.97699489356779,0.298732276768814,0.178548073734616,1.01158236655188,0.00974316213080439,0.183695686036317,21.2120013170279,0.582255290158476,0.171652913785698,8.27426512232383,0.293911516795207,0.194890976117932,1.00867425853989,0.028560831004122,0.175672411678229,12.2750213329814,0.292742056819136,0.141939238168921,3.98244730043134,0.0515267174721771,3.04689327604288
0.121203055828219,62.2465168810954,1.04,0.223213824353099,4.41734470314007,0.241411716931045,0.189621668633577,6.96162583541039,0.321588850987203,0.125933423808613,3.78132852701561,0.110900816966889,0.123052506216968,1.00867425853989,0.00624757192903414,0.0661514972713264,2.82724106811333,0.0227826786370712,0.188867404272378,125.682502275981,0.844544559812928,0.19703484180447,1.00577451078852,0.0321089435815282,0.191391773329489,9.6938573407282,0.351377158433889,0.191756462912193,1.73804099143649,0.08004042996066,3.05100272724025
0.142136732470481,32.0233217756139,1.04,0.180816422321901,11.0984240743995,0.212713591612978,0.197734868236839,9.2308418493486,0.440485312528755,0.142110715034519,19.5691919526579,0.416734246395092,0.135393773218599,1.01158236655188,0.00115470703267816,0.167616742835842,8.01633751167032,0.282177046684555,0.174983549632856,47.2246276273033,0.555040169512563,0.137520693591173,1.01158236655188,0.00411913203033204,0.193763221304866,6.44098426295101,0.281307227372921,0.119266427187508,1.00577451078852,0.00541498363788757,3.23914641680776
0.127032304566001,46.2557231076727,1.04,0.245335079131613,48.6039614703936,1.09361834079283,0.128837706750321,5.89104782059798,0.132183989146829,0.130474538524068,5.20510035615579,0.158062916114299,0.166865154524604,1.017423759841,0.00526804848178655,0.14283537626723,11.8923810771604,0.217249646121512,0.188125618102051,15.0156499750721,0.517674774027508,0.181041599647263,12.4888983567305,0.0391114955419795,0.154075918562714,1.80952418124502,0.0669825661230081,0.125558250162356,1.92229906736858,0.0299877577178628,3.30013953406761
0.124081159323256,52.6871741304354,1.04,0.136584151066392,1.02035709353375,0.0322109067279648,0.156639750184632,3.54925770971272,0.1333735264295,0.160926021758429,31.3779203344798,0.714273613552763,0.157566727588118,2.27818714703702,0.0168375987262206,0.1612890092235,8.44270511134198,0.264969959046974,0.164418741294006,7.22711126890421,0.243886367597385,0.142827621399399,1.01449885892793,0.010588669547488,0.183350301810897,13.2291025360534,0.350561418823762,0.146145086488102,7.58962040187813,0.0629110400044269,2.86961310045648
0.140354797091096,32.9131476009994,1.04,0.205580865147529,10.9398093223365,0.344773786226564,0.191354247247288,22.1480927773524,0.701140503935316,0.117812156185337,8.25047817477399,0.181350859477875,0.169946326620429,2.44116367657533,0.0227748488376738,0.181696260009073,10.9398093223365,0.413327960577767,0.185291136824284,19.7958495069776,0.553169695181278,0.156393206054749,1.00867425853989,0.00988282043757121,0.0503923467923383,1.00288309926358,0.00594351506560078,0.185328730132407,7.4811522310616,0.151032898621471,3.42339688836112
0.154038556199497,28.178564676959,1.04,0.243301398811082,104.533336801941,1.19342464927642,0.152816726541235,13.3823268507784,0.290829733504056,0.168698756604545,9.72180569368846,0.395589816869945,0.18897536088928,1.96143148928283,0.0336258725718494,0.182619920781191,75.5039187012513,0.765121654496653,0.162949813707253,25.2115995346114,0.374253757054354,0.159614993106818,1.017423759841,0.0120410539530238,0.17232388604486,3.51873529007318,0.14224161079396,0.155517110889392,1.27358007675926,0.0426414911033714,4.28976963962363
0.123446705520882,54.3991086563875,1.04,0.236360761517315,17.0926028588123,0.673453736915464,0.189978254216759,27.2495189410318,0.749128519324748,0.186923746785318,24.7798415269477,0.975050544635611,0.19608758667827,1.00288309926358,0.00429048569210482,0.151967419384835,12.8167214051892,0.270417709093144,0.175795038924615,205.034978483135,0.63011020818439,0.186437096841059,1.01158236655188,0.00631514686983661,0.14056271469136,16.3231210310229,0.145001421806898,0.108172774019845,1.54009278652809,0.0187676412685119,4.51253541379071
0.11221869574353,199.523556109014,1.04,0.199508911629529,10.1508316565282,0.301345568147732,0.191985263533382,14.716073490575,0.577106204213136,0.119496210536192,4.69264665877481,0.127311597969652,0.11186580034844,1.01449885892793,0.00227718458470882,0.141031189614081,55.4863358814509,0.267435595414342,0.170200555107189,19.3451295709733,0.40937676004571,0.144257809047244,1.00288309926358,0.0119307418203452,0.155852143804968,7.54604567969013,0.17161946238738,0.191867952869895,5.49775074742009,0.156785479378734,3.06518859396174
0.110254909339155,455.068989179893,1.04,0.222775310658771,158.690210978165,0.748180548209976,0.177698240580452,9.25745528268664,0.360904341379648,0.194751203093223,39.0524164547872,1.40852827661674,0.196831783420783,8.81528401319323,0.0473075363592499,0.185913027223322,23.8009421380058,0.630806972597295,0.156103751691828,4.73335188912938,0.16590018369443,0.19104416418869,10.0346071582177,0.0490195903159232,0.180290985993602,5.46618619625777,0.215393161947927,0.125107812413693,1.28833114804146,0.025780960219377,4.69182157134057
0.148234027060973,29.6306449410155,1.04,0.225984520126282,10.1800975118018,0.453748620546144,0.192460126227825,62.6179974805149,0.96406714279971,0.178356399893026,39.9622941881329,1.07511058626458,0.144863006370074,1.01158236655188,0.010971023026695,0.179123460812721,10.4774371358388,0.387896333544871,0.193471979722481,14.9294397640879,0.559248726981838,0.177782021561542,1.78366310156055,0.0298956862081071,0.150984442549706,2.26510726072284,0.0798260505726972,0.116228600913065,1.66458250694606,0.0232424544642073,4.62400662440885
0.155172765886864,27.9222999702044,1.04,0.179465822682067,7.12382395041967,0.182119886301174,0.142068847433227,5.19013667692469,0.153235721528412,0.191957497247281,55.3268231583471,1.54904615023146,0.141958544996469,1.01158236655188,0.00921909792982255,0.195431928397193,7.78884153617836,0.369549374384344,0.18660699976689,18.0017127911777,0.547518737896109,0.193889464678829,1.06538573309788,0.0349231732340447,0.181397667007701,3.52888015319671,0.154601089767556,0.166657074461129,2.66137624774655,0.075003202348222,4.11521643362114
0.139406518603676,33.4435873623523,1.04,0.209526341532892,3.83615347588896,0.193898644354035,0.179738426234105,9.5553161597167,0.379085884629452,0.189751506670297,14.8437245167243,0.682807115287035,0.176020657692097,1.28093437865255,0.0234611311371155,0.194872588539636,28.0454211126682,0.786127701069641,0.1514847617206,8.78994173863968,0.218817848571635,0.199289844968138,1.00577451078852,0.034922322627974,0.174844093317567,5.14550325140415,0.192614250711073,0.196347054960446,12.2045460501459,0.213050123919386,3.76478502230735
0.110503694136951,386.063738936741,1.04,0.191881290492624,3.73803325566538,0.159139708449072,0.190399456601705,8.68929909148323,0.393538619999698,0.199799892717334,31.1080807989498,1.32873025623412,0.159435052295449,1.45811221351425,0.0164126335927385,0.126904766020861,10.690727303607,0.149268407417664,0.188764515523298,63.5258869923343,0.785012062214922,0.110419218031781,1.01449885892793,0.00536172868394338,0.180868435844343,11.7901106095195,0.317726776580614,0.173286238648471,3.95958264771409,0.0994127257224724,4.29460291889524
0.130409847905797,41.2638249329961,1.04,0.236748158021033,11.756216271046,0.563978363586862,0.190273749295166,78.8359274288079,0.964912141335405,0.11238424944683,3.1450272019994,0.0809204401717683,0.135767261057679,1.00577451078852,0.00617142114422268,0.170875082187301,42.5752580898973,0.536605493069074,0.175791522993081,8.370100693918,0.311764469441614,0.165542638231848,1.00867425853989,0.0166830463592974,0.109148833909078,1.35295334494457,0.0314345933075788,0.197229915436001,14.053579239644,0.22204294901608,3.7745129174319
0.144274130740374,31.0864708846003,1.04,0.181473192579747,4.53329627591397,0.155673168091753,0.192123160821043,6.61005466738882,0.310632063895075,0.148189971853145,8.370100693918,0.286068330713402,0.193122667308242,1.74807732789242,0.0353526831831482,0.127391611556463,5.67464221589759,0.121677932226949,0.19843984037107,8.10918567113405,0.388448533413528,0.186697921703911,2.2008256876077,0.0380657118622494,0.187344983062579,11.0665182039154,0.347824325505473,0.188752995206192,11.3897483457029,0.178624920377593,2.90236766926917
0.152093013138858,28.6327002492754,1.04,0.237520566240004,96.1602865751648,1.03684655123865,0.146117047009887,12.0648070327153,0.243640435572268,0.122095103945599,34.208460777616,0.306464190314562,0.156847814687525,1.00288309926358,0.00448061148089226,0.173087024443464,54.0671195934932,0.588972196370423,0.161384800037186,8.63941072106801,0.256034428512573,0.168944447394187,1.38846722913941,0.0235281682259524,0.149212503156251,12.7065019223768,0.17006797617851,0.160827304253211,3.32185250376586,0.073211317698934,3.74324587559276
0.147510601972355,29.9025884608853,1.04,0.246803210555268,8.10918567113405,0.484097238284869,0.19830836008712,80.2095456951702,1.14188150670662,0.0231280334663661,1.04112859832463,0.00446449473387425,0.120757998634371,6.72522667244931,0.00667160029146705,0.149411005320023,11.9266679922861,0.25161095577172,0.183720152811813,131.228905716863,0.739757757665299,0.180137065879829,1.19198027101602,0.0283567308243867,0.118817025120396,1.41673238639154,0.0374575734814253,0.173326505136907,2.39935784176774,0.0793535924969452,3.81365145025661
0.157045224601921,27.6052439369847,1.04,0.247888767968499,27.4068715821386,0.995195684085539,0.0956994497052264,7.41681684421187,0.067207046804234,0.15388604173062,41.9667875574435,0.668410929909373,0.185931900501074,1.00867425853989,0.0185582617639395,0.135737477387915,5.38806539618403,0.13796606303692,0.180664341821033,4.48139116082693,0.197379619712354,0.165803619191991,1.61269369477906,0.0227209881070312,0.163185482104222,7.12382395041967,0.191200798856714,0.191320927863258,5.28056837192541,0.153365875135591,3.4920052674117
0.149721996931461,29.2273597614989,1.04,0.22351247281097,7.97031285410644,0.383022377249097,0.11055891913833,12.0648070327153,0.108721447415031,0.189302199276638,15.7688292262238,0.718587183605285,0.145800935030975,1.00288309926358,0.00651043533813464,0.13477186062785,4.15819379664401,0.11765810353454,0.148957520168047,7.08292353206951,0.18861255735915,0.156650647189625,1.09650345009091,0.0170125321240952,0.192905866122748,4.13432012050498,0.194559532352252,0.179840999965854,1.55793070570556,0.0654374640909455,2.84012163306853
0.128736550330753,43.4894223057643,1.04,0.246459114988289,7.3530347199978,0.443683523610279,0.187598301415066,15.2772790540943,0.554890183748866,0.19886579157107,19.4568382303861,0.9290208664123,0.169616592048669,1.00288309926358,0.00607999337108118,0.148404366451979,9.50045567592029,0.226487451598832,0.176602237324043,9.36467852310833,0.339397411155914,0.188899786388579,1.73304445225245,0.0377203262981787,0.194842511567705,7.06256146630704,0.304744964369027,0.118566865217333,2.14453349218355,0.0261577050438478,3.90818242560833
0.149125212987318,29.3611745608237,1.04,0.208672943553021,4.07523387938939,0.201929300967735,0.161705425373119,16.751589190816,0.3691778046031,0.174649845472301,39.0524164547872,0.997796812998023,0.197178802853045,10.0925521055113,0.0482162829086129,0.19140342537151,16.1827476936424,0.58663749327228,0.121062053345193,2.25859550568368,0.0612792153624023,0.160978364098102,1.01449885892793,0.00748016298128972,0.0371241637061936,1.00288309926358,0.00176983818935399,0.198683185025708,3.84721348715026,0.148292419205668,3.46257933048846
0.121701160176279,59.6030628502018,1.04,0.210003675288261,4.32921447906216,0.214354937367737,0.139094586719067,3.37973166401872,0.108315335950596,0.192780109634779,48.1859837890086,1.50001847169624,0.157360596458771,1.32596064017055,0.0154248716124069,0.161690348987749,4.97077500682395,0.187153827214386,0.181351042756683,13.5373258656811,0.440604342329884,0.197769966573845,1.07153781450759,0.0371542281782338,0.181750087421977,4.07523387938939,0.175409237691323,0.187259076900074,5.05738459676651,0.138956328819887,3.85739158086069
0.13702932197952,34.9268431145398,1.04,0.140660247819706,1.54453302690677,0.0459740745493429,0.166356027427837,12.4888983567305,0.36106959057588,0.131283723348957,48.8846255702689,0.410472252988846,0.184793616797852,1.00288309926358,0.0232568694387204,0.161231447255664,4.84363370723389,0.182451539215899,0.173288957232458,15.0156499750721,0.402149522183964,0.189350878200749,1.39648494813358,0.0356242380132166,0.141825682099707,12.169460288151,0.142343543418348,0.178180374525833,2.29794873135268,0.0838099860447975,2.72715161642901
0.130651213191691,40.7952766879486,1.04,0.218914087633861,283.049873900611,0.694552910905428,0.193949500810138,10.5987906532703,0.478128102477412,0.0861449278318549,2.82724106811333,0.052416849253772,0.190931293292517,1.00867425853989,0.0114198346214728,0.184286772722127,16.9944681193122,0.539569330305853,0.184692773176417,50.167805761144,0.698376280249535,0.146183921653606,1.00288309926358,0.0102052558791216,0.196811700269455,13.9728926204603,0.452208436611474,0.178267372689404,2.00713065465068,0.0768954509937513,4.05377245129782
0.138105664463473,34.2944604573588,1.04,0.225651400440448,35.8210683711633,0.685862524168036,0.170983815184228,85.7004783109429,0.615104600597397,0.118042677275691,16.9456122371505,0.24166185445096,0.186738440164213,1.00288309926358,0.00343697606264049,0.195096381922494,16.4173790695188,0.626149877760771,0.125485288926316,7.2688443008963,0.120850674013227,0.189016143721964,5.45047194460812,0.0450252789852934,0.173810283961603,4.20635552139048,0.165720243213232,0.140210979161218,1.00577451078852,0.00387787515787079,3.54768990440943
0.12366484769896,53.9043860973304,1.04,0.234330217099314,36.5502812104738,0.82527191357054,0.194204811513571,9.418754960271,0.435619555181559,0.190760410004435,19.1787679790464,0.857071802280464,0.199432147019595,5.14550325140415,0.0491948391599285,0.141830202477123,5.74036800209287,0.158116868851684,0.16351236798937,13.4984086137474,0.321997059391227,0.175812084634673,1.00867425853989,0.0111049031846921,0.178288161499763,9.61049343596866,0.279951460750305,0.105876182242162,3.48847535295163,0.0204304694385656,3.99875887180897
0.111660153454954,237.344998833014,1.04,0.188372936897082,4.87160332233193,0.179637108210441,0.193711045425245,29.4521686931553,0.825281629484182,0.0864131807372902,11.0984240743995,0.0995628066598746,0.192981016494208,1.00577451078852,0.00714725758129413,0.197945303831483,22.9266227583863,0.770121654551926,0.193361208041621,17.5412692675873,0.602955455829415,0.176275837914274,1.37256962462899,0.0271686936821679,0.150469023526712,8.76467231833321,0.16116116911531,0.097312753923422,1.00288309926358,0.00719430308161853,3.72023007819623
0.151846688023378,28.6327002492754,1.04,0.225930347803972,8.20310923201435,0.397500185611473,0.155303676715938,17.2905756504487,0.331052857928537,0.1913125290905,43.8187934508356,1.40922974531453,0.0928978570119765,1.02035709353375,0.00251341096155909,0.162273930177732,5.20510035615579,0.195859032546628,0.163733726832902,10.5683211343905,0.29200210909441,0.112368987402229,1.00288309926358,0.00232018185862933,0.193924510404997,15.7234968241093,0.449090685104298,0.198607534299687,2.85998721049474,0.12409727553771,4.24366548395777
0.122591293213769,57.2023696800687,1.04,0.220663342021612,45.620999005745,0.656797367946483,0.160978310286464,18.9046718094031,0.377566510834124,0.194635062093457,16.6075311717231,0.785282734660333,0.189177088885453,1.01449885892793,0.00414128061998082,0.109700631148979,1.51808232505612,0.0380394790542996,0.172554681872135,4.53329627591397,0.188769657278856,0.190268663037062,1.00288309926358,0.0291853232141918,0.158896553170172,2.80292774815717,0.103234725059556,0.1563415458392,2.63090415150101,0.0624953500625455,3.28551242873037
0.130671656560792,40.7952766879486,1.04,0.181418177660769,16.5121814020749,0.233862680081015,0.181201094048333,21.273157622404,0.582818795813149,0.157216191038429,47.3607809164382,0.746761193578833,0.113555229390647,1.00867425853989,0.00416587455474199,0.165213124019411,13.6154972999402,0.356319011524062,0.12071119236148,7.06256146630704,0.108022214422631,0.191442909176039,1.00577451078852,0.0261628512861162,0.125420027731786,1.70827639380871,0.0471722631083974,0.183744854407042,5.17521601544173,0.132283468985,3.27756835335395
0.140684087901273,32.7631445337771,1.04,0.171079353210775,7.2688443008963,0.156444804465919,0.0896481964329456,2.62334079957365,0.0415523089202759,0.17536192613018,28.9477893633602,0.902147592373558,0.155216450421438,1.017423759841,0.00993589392484091,0.131200547802173,2.42714808378022,0.0743023780672253,0.114193179030889,1.70827639380871,0.0444441977073248,0.15693509049242,1.00288309926358,0.00449061597866373,0.145515579355798,9.89119610131619,0.149001243279079,0.181827540702092,3.56975293664868,0.111314234625393,2.53363326934228
0.122534003503542,57.2023696800687,1.04,0.234634132797863,35.513019260565,0.823316560741819,0.173515857571084,15.4987821679022,0.448447631202608,0.112318401348385,8.03944940844679,0.161561758533399,0.179378901976298,2.07171057200942,0.0277355327228946,0.180231379251549,51.0419175604762,0.679912225877229,0.163737454341613,5.773515819051,0.209454392656295,0.179931715343695,33.8167824081596,0.0385099322709083,0.11081860934541,2.48369792620856,0.0454579624434378,0.163695545199691,3.18145405986858,0.0770669306817483,3.55146292713034
0.147424249034688,29.9025884608853,1.04,0.242834711895528,6.01097243209366,0.361626635471127,0.171232208614948,10.5987906532703,0.360346975398997,0.173432152342592,29.4521686931553,0.877596769850933,0.186012165824497,1.01158236655188,0.0212560193798125,0.179955126141809,45.2286737958236,0.660063886162516,0.193586267867936,55.967638704318,0.856978833837545,0.171374502214379,2.17562678075294,0.0267588512551041,0.194673843559995,6.96162583541039,0.30023961502531,0.186739150064393,3.81412874828321,0.123518608638118,4.62838619501946
0.149923618756416,29.1606812358378,1.04,0.192482403140377,3.42873391662958,0.151217616668981,0.15102785382209,17.4908414355252,0.300910363055238,0.148339434012073,37.1871245324062,0.582931188818861,0.171458534262152,1.00867425853989,0.00679354239071519,0.186542161108555,38.1632551869613,0.736030436524928,0.182157837028848,7.4811522310616,0.312130736633727,0.147852522147464,1.64552345116496,0.015063497949767,0.142855345921153,16.7998856852757,0.154587449719898,0.0945957100519013,1.00288309926358,0.00329446245080638,3.30295929421292
0.13848534760511,34.0602800981416,1.04,0.227238001141993,4.45566189315493,0.24979267721303,0.132654874435665,13.7731969804542,0.188488841339383,0.169431191288514,47.3607809164382,0.967776379356053,0.152746467911827,1.00288309926358,0.00140120609653247,0.17268771206787,81.6070975563188,0.603020997283103,0.144985301381815,2.99480874260266,0.10167099695255,0.170128070932431,15.1458996051004,0.0296068680329637,0.175201599777754,2.67674439360146,0.113963843401842,0.159124183255471,2.51246502599404,0.0642622577237867,3.35998406739924
0.115610477785861,102.881531609986,1.04,0.247009296838719,59.4557070854439,1.18054763885926,0.19750162733467,39.277925054923,0.955701620753393,0.195755518750555,45.8844379566866,1.53536163367093,0.141879168868988,1.00867425853989,0.00127104797457147,0.17309641582995,8.66431899975565,0.318646361613872,0.198752174345985,43.1925507507629,0.900045158580124,0.168709253536747,1.00577451078852,0.0147777934183323,0.150565215228801,7.58962040187813,0.152989330582245,0.193202835463508,2.29794873135268,0.100866362239748,6.20020694769248
0.143225467227019,31.5154084654675,1.04,0.23144445289412,154.186734883883,0.912971281916474,0.114519826490642,46.6839173840833,0.139072732491715,0.173536725653111,64.2616671010127,1.13721990959662,0.160488928552109,1.00577451078852,0.0143637200855442,0.184240782174261,9.5553161597167,0.390331513650612,0.165005206480757,18.6344929252859,0.370166457160585,0.1948976593319,3.56975293664868,0.0492497109053544,0.168720346312877,2.96905439714284,0.119386149620063,0.142872905618117,2.0657547958787,0.0440348998821726,4.21679637530914
0.143624732067455,31.3717756536837,1.04,0.238201014121818,38.0535430450317,0.898584713494753,0.164718029319508,15.1023580078497,0.377697873559982,0.198408488306781,67.0975521691126,1.88059707124964,0.190914856424211,1.00577451078852,0.0234987522611056,0.109482488495121,2.96905439714284,0.0635672574817743,0.140040528040246,72.1048522251035,0.242430765699463,0.180656210593896,5.65832869261085,0.037503128310821,0.135632289927398,7.31081832073186,0.111722186722086,0.134240276067861,3.01210229799636,0.0409801541029842,4.71658190288261
0.118527929224222,75.4112816415286,1.04,0.245678387409525,15.0156499750721,0.725514254055907,0.147203615937752,9.12515100556096,0.225366500613602,0.158475987205298,8.27426512232383,0.313179619460191,0.186298047746603,1.4249133228412,0.0293056271955078,0.178693581509133,57.9349631659321,0.664161077239653,0.192508115469706,18.6344929252859,0.609712501064781,0.190651217935926,1.01158236655188,0.0153568095984658,0.163007699907851,4.62558101221893,0.153798465394641,0.188206604893481,5.19013667692469,0.142523117176038,3.91891797179879
0.1505427990012,28.9615569832397,1.04,0.238510074130718,111.048162785556,1.07835594268085,0.117340511027259,8.08587329578959,0.116849959408345,0.154334791012694,10.1800975118018,0.356510336889981,0.152557725192208,1.08394875824941,0.0134973400418396,0.170160364909105,109.146421745556,0.581595918074148,0.161446469867137,11.4885459675579,0.290513333916967,0.167044471197657,1.00577451078852,0.00875577114969389,0.119877436805599,4.82970917626452,0.069475707332373,0.178807577476028,2.25859550568368,0.0834963406306255,3.63905065012482
0.127682207318006,45.1080814839962,1.04,0.244204953023726,11.6887196334189,0.615229219858754,0.123167507555902,2.23917234584048,0.0637267607603848,0.173189451192549,15.6332226114801,0.609107776744217,0.171615205817149,1.62668261683323,0.0222383896769345,0.180771725608116,5.23515726431772,0.23058442291973,0.186106693109337,13.3823268507784,0.471705022965719,0.182356058708521,1.00867425853989,0.0160140537202708,0.170620829753217,6.7058929175172,0.209299196279091,0.17653666699449,1.69358579278262,0.067069418239259,3.34497426116436
0.129934773532074,41.7377546210871,1.04,0.205261886176688,19.682194462711,0.402989356146212,0.171939277955532,16.6554123326141,0.445503435183757,0.177668009765893,38.7165788401476,1.05776935334925,0.101226372050028,1.01158236655188,0.00152897495353685,0.185972125690784,6.1687553886527,0.279179494086321,0.188975699342618,8.20310923201435,0.358849315695054,0.173166743044469,3.6952337044061,0.0298521217360361,0.139826631612755,16.5597876601153,0.142823219205087,0.183521241501693,5.59354223610883,0.135331868826256,3.89382713918151
0.115047787621529,110.1780334443,1.04,0.227057367158184,66.3293018815899,0.793173856939006,0.116316155184776,13.0776326016306,0.127798611435525,0.187948802584913,37.4018619842125,1.2337055359035,0.192387897355995,1.92784124639408,0.0357397608287131,0.173557196700996,6.51558610363938,0.262833131046511,0.192694361805694,242.99447500264,0.958380291734953,0.190464804077476,1.00867425853989,0.0190441411685901,0.19246290171897,17.3904202660819,0.451527493206657,0.177702551444782,5.87411217212038,0.12293048322181,5.04513330548527
0.121141753734641,62.5315068779026,1.04,0.173284399615524,2.25210247070889,0.0900595706601328,0.189376175642824,69.2564322420242,0.917185672046302,0.177634618802127,24.0766133741283,0.848093336744038,0.0868676214998953,1.00288309926358,0.00137761996686829,0.17879427761287,4.80198009042612,0.208901680834893,0.189647564330034,22.9927224875773,0.63187285326905,0.195948883018094,3.70588742997801,0.0508426631310801,0.192181897477607,16.3701822092467,0.441703540067244,0.197297203031872,1.80952418124502,0.0864260864824397,4.31646302320205
0.15514327868541,27.9222999702044,1.04,0.246862424790844,93.4313498049558,1.26959286098047,0.17430473362223,21.151020824465,0.513780057726272,0.196572367401697,42.8211093770612,1.50335625496076,0.195389644574222,1.01449885892793,0.0153272998743981,0.145229667671505,6.92165665438525,0.184084302686274,0.197198882701148,19.2340622708831,0.666045436900583,0.122288516599974,1.01449885892793,0.00722748277002781,0.169329642836174,17.3904202660819,0.282979355392694,0.191776053699392,5.57746185992785,0.156268292915095,5.63866134420657
0.134484285285486,36.8948211782569,1.04,0.202149514995508,5.84038679556032,0.239732667172301,0.162956974717611,11.6551167748285,0.329824905616612,0.149553550153977,7.54604567969013,0.265648272118255,0.129889408293087,1.01158236655188,0.00509909862702148,0.19630693764586,45.0986499114755,0.9458673819297,0.194896544137138,23.3260907272937,0.703584299668508,0.164063955743546,1.01158236655188,0.0190838377771504,0.1558236574852,9.72180569368846,0.185947609371541,0.195758695052255,3.40904833026788,0.133668289367829,3.86845636164892
0.115173250334185,108.430529232706,1.04,0.233587872874527,9.80613514975012,0.486794084504787,0.139056365643826,13.4209094274668,0.215899828347239,0.101980248599409,6.33068001474387,0.117786905566199,0.115090333026147,1.01158236655188,0.00381803908260483,0.092352619606281,2.69220128298041,0.0433609505908048,0.19689043981902,12.66997313217,0.529326408413125,0.125655666581119,1.00288309926358,0.00613663931753468,0.149017897774969,2.09570588324384,0.0733643980976985,0.159193246928275,3.02078648791353,0.0687187547449579,2.58520600866495
0.145054372801741,30.8037607665866,1.04,0.229163763016217,8.86618796583124,0.434272629029908,0.159033660001192,8.49145760309168,0.264079090068265,0.163465220718507,13.932723196473,0.498292138511186,0.162789637643013,1.00867425853989,0.0140334717120957,0.164834851575127,9.50045567592029,0.298286458812559,0.159782541668567,5.70741049859425,0.19717826441815,0.177762369343524,1.01449885892793,0.0238002929616422,0.17819654181066,4.69264665877481,0.188975561066373,0.17032867344656,2.35826794741131,0.0754332880603381,3.03435119464052
0.147528209451627,29.9025884608853,1.04,0.194138462686464,2.29794873135268,0.109095769650045,0.19797975292477,25.5771389596111,0.830646141276115,0.172439381735524,19.0686558202897,0.68660354795558,0.199915769904101,1.32214875407135,0.0377523297147193,0.152866606515266,52.2311372931222,0.358109478373725,0.149609505756494,3.48847535295163,0.121510638905562,0.190455149950663,1.00577451078852,0.0120655050615524,0.175285675863409,6.2943333190863,0.219736282959217,0.171010462389178,5.37257572706184,0.10351581253023,3.51903550642675
0.127144869835068,45.9398650446285,1.04,0.174469256226138,1.81474121907939,0.0760187121326794,0.173219402538373,39.6186319317599,0.584485560895938,0.174200203588423,50.0235828063934,1.07188775774021,0.156868510060256,1.00577451078852,0.0125421127774152,0.19469694072544,106.661331716613,1.0321772322005,0.187410375114108,23.6642924260888,0.615869769809303,0.180215057919408,1.00288309926358,0.00630907519472446,0.175507450479659,10.9398093223365,0.284243401593949,0.169513671093719,6.51558610363938,0.105960926018431,4.82949454836315
0.141777063556462,32.1699376318556,1.04,0.244541355602961,17.8469041306121,0.785002777157177,0.0967539171146395,2.82724106811333,0.0498670941543781,0.105834430454475,12.0995910689866,0.165485478936863,0.120777643293213,1.00288309926358,0.00251468120192336,0.168785536152464,75.9399168943669,0.545306930353423,0.139706396059992,11.6216105181022,0.189522301982955,0.195008727506805,1.01158236655188,0.0310556464478089,0.165083023748208,3.09116744284691,0.119232328347281,0.0545297090125266,1.00288309926358,0.00361106953982144,2.93159830812163
0.153998419634542,28.178564676959,1.04,0.22059268864339,7.41681684421187,0.353054726151616,0.138214125662158,9.52784643268317,0.191994663487514,0.157794299419811,13.1531495321769,0.445885882375787,0.196426615015084,1.01158236655188,0.0309164725325105,0.189202269534541,16.8483214233231,0.582520168705124,0.180361279722691,210.416973737407,0.701730233940453,0.175666723357017,1.00577451078852,0.00270434480027407,0.16726438720052,3.21830282695794,0.125966455346248,0.188733365491903,3.92553157195246,0.129688390468221,3.60446133780775
0.138083253796635,34.2162219821665,1.04,0.237042146820175,19.852922906113,0.734916599317522,0.170275643554799,8.22675961020021,0.304521949191451,0.198913981884068,67.0975521691126,1.88225174743145,0.166530873541093,1.00577451078852,0.0106354790589629,0.160027888373377,8.44270511134198,0.260730886856626,0.162542085137743,6.1687553886527,0.215944680111083,0.191731568069921,1.01158236655188,0.0300665745976532,0.12236638152739,6.49685502569923,0.080163701699227,0.153270095807142,4.09876636139165,0.0667158367181149,4.62594745498209
0.130425471178094,41.2638249329961,1.04,0.228025208938763,8.89175006582625,0.428381872008805,0.177908924084691,24.5667432445612,0.57500995676422,0.146401344074822,11.0984240743995,0.340791704705857,0.157814368289962,1.01158236655188,0.0107465315156281,0.16184515665842,190.796385273991,0.481158306549148,0.198067584598669,18.3153703115779,0.666210105869189,0.190780839008703,3.02078648791353,0.043691014731382,0.151343430708559,8.25047817477399,0.161190826520974,0.187928901143474,7.63344674676951,0.159728937898921,3.90690925656412
0.111583781976222,229.875775382483,1.04,0.21414737584089,7.3318961356485,0.320816785473464,0.174414638128767,23.3260907272937,0.52803951778061,0.0992709300012774,2.98619923379083,0.0664810529443108,0.134639463883134,1.08707389011608,0.00868905362931537,0.178447120938194,49.166910368017,0.647141934523705,0.194526482240066,56.1289989622505,0.876702821188862,0.085670012221925,1.0232988843187,0.00251139556513613,0.198204431879891,4.0518365057735,0.197098480817441,0.0816848809970461,1.00288309926358,0.00160289624716736,3.68908393817001
0.14206250011699,32.0965459868557,1.04,0.249412456583529,29.7076444189603,1.05342706105222,0.0402580393158118,2.00136053357019,0.00917257646917592,0.199873081171565,36.9736199650277,1.46854359516968,0.114739946899945,1.01158236655188,0.0039658831287264,0.180987745099973,10.2094477434412,0.392525007220093,0.160252200102815,9.5553161597167,0.265432235311562,0.13170334494979,1.01158236655188,0.00354758279772425,0.161347852115882,5.37257572706184,0.163191766871367,0.127591016003797,1.21624552488348,0.0263688883906638,4.42617459641121
0.124274740232743,52.0889144437628,1.04,0.247722691636076,20.9691291766305,0.890588091068276,0.183560363894574,11.1946946742062,0.439578227144201,0.195244899860549,57.7684111024247,1.68187365523095,0.16356094934275,1.00867425853989,0.00662838851817903,0.144160442956637,5.32637338722108,0.157627677200271,0.176316182498329,20.4916955329151,0.471356452184324,0.166929075421631,1.00288309926358,0.0153181102017627,0.164578013730429,5.64206206761865,0.174896913924617,0.148660177513325,2.87650223749675,0.0546624767320664,4.93252999220465
0.145282371186325,30.6633713193971,1.04,0.189438779770807,6.20437693319619,0.205125245617442,0.163822519996526,38.0535430450317,0.470106425089298,0.14862717561786,25.5036095217804,0.521684973331503,0.165398134989193,8.46704626823108,0.0220057954338795,0.167958353713539,4.12243473196511,0.167813634975531,0.144543336186622,128.610764357393,0.279706916653157,0.184523177174836,1.01449885892793,0.0264537738831556,0.138473227491641,7.04225793763313,0.116836323328307,0.187954433314925,1.69358579278262,0.0757582360053256,2.9254913243176
0.126386112530245,47.3243516806276,1.04,0.245583090139932,15.6782947440786,0.744285352266653,0.168317958042221,7.08292353206951,0.2671054688313,0.172680538509705,22.2759871780403,0.752047772955212,0.173929999804183,1.43314150019665,0.0229126753686899,0.153989354973327,3.78132852701561,0.137755028469482,0.121351368337006,3.91424641100743,0.0867688003225028,0.168634513398233,1.00288309926358,0.0166366684619271,0.178909740769668,6.31248050684326,0.230678675663126,0.177950758074893,1.04112859832463,0.0450544469689421,3.34324488930783
0.128240932613821,44.3926343126682,1.04,0.152606602103287,2.42017049201696,0.0718122189877205,0.15502286397557,23.8695626167564,0.352977418761552,0.111681667435006,3.03823005207779,0.0774936670196276,0.183028907734684,1.00867425853989,0.0211595634343513,0.189508958433318,12.1344753910871,0.487848767429072,0.195535107015459,26.705865146348,0.73440312615842,0.16903955182023,1.01449885892793,0.0171468383565456,0.168660093256591,10.8145512259435,0.245934114327521,0.193656745315912,8.89175006582625,0.187671478154633,3.23644719262944
0.110193470455398,472.006477815311,1.04,0.158902044588159,10.1216499350543,0.131220651710095,0.0905628697252976,2.21353437928443,0.0386816406472979,0.0883391781457902,2.3787241732935,0.0463252596565909,0.182080706281693,3.22758151346831,0.0313017616946839,0.1457496107923,4.09876636139165,0.134757256247027,0.153669552934093,5.56142771178757,0.17872781578242,0.184227757435789,1.00577451078852,0.0238343097375442,0.0891723505550594,1.47925317679908,0.0229206695692839,0.179463199890494,6.98169689372975,0.131755146190346,1.77952451123529
0.119120104812793,71.3888269097306,1.04,0.23901863784626,11.0347040567755,0.564129207194038,0.190072999853109,17.7444386780296,0.623564546147423,0.198557438084597,37.1871245324062,1.45327125698106,0.135330582360541,1.00867425853989,0.00561277492436266,0.190120448273337,78.8359274288079,0.896772643025177,0.138283293634227,13.1153367145537,0.189842457407364,0.158690897876529,1.01158236655188,0.00478253063137199,0.184565073998578,5.5136013085513,0.227401279265165,0.183886844717619,3.49853297367273,0.112609515842918,5.11798621141888
0.113544534113647,142.946616097213,1.04,0.234987896089775,13.932723196473,0.602881181531075,0.119268995708552,16.1362253542068,0.141434532806609,0.193658590319046,60.4916490468777,1.66331553611608,0.180468532217848,1.01449885892793,0.0136719271739795,0.197469208356254,8.78994173863968,0.418769687468795,0.172932475851936,4.97077500682395,0.20527947856602,0.194658583574342,1.00288309926358,0.0294563196759659,0.178297584575532,6.53437118513655,0.233386907063489,0.189703719347855,2.46943812909056,0.101333512926248,4.44952908332826
0.148898035502999,29.495602018995,1.04,0.248402263321962,44.3263187784442,1.14350977937568,0.135381403799529,12.8907317012169,0.196898870857828,0.195305713361152,16.751589190816,0.794303754680601,0.13902584306512,1.00867425853989,0.00533036488208341,0.139370915555251,65.9484816627422,0.257590950232327,0.151128384894836,7.28980110054726,0.200005690484863,0.120465005161554,1.00867425853989,0.00475153865067863,0.162909558056124,4.39198314906283,0.148591276568432,0.156669989008145,7.31081832073186,0.0805281665833732,3.87151039231587
0.149939545356897,29.1606812358378,1.04,0.166527903747554,5.23515726431772,0.129124385325208,0.190236034665355,27.015182265558,0.742675441870493,0.172305685333217,63.8927179121216,1.09238936629267,0.155612453432664,1.00867425853989,0.00474148021589227,0.0977834511170396,7.83381828565906,0.0684911716203375,0.171860470572759,22.0844211988575,0.441280348013761,0.170446618998382,1.00867425853989,0.0101577314664355,0.130106041732992,1.5850757161707,0.0472985602459234,0.0698666805772612,1.00577451078852,0.00324468149293501,3.57940316654366
0.148625772088634,29.5630463712104,1.04,0.178139082413234,2.22631645743836,0.0934692500425217,0.181153927521807,8.29812065000463,0.345982051839587,0.152876665317745,12.9278969602916,0.410088950120401,0.189133331172194,1.01449885892793,0.012882153673468,0.198328607975062,30.1383713644719,0.860754077042194,0.125539009080026,3.62151028088471,0.08968948041823,0.161851099869912,1.017423759841,0.00214388362689794,0.179391214460055,8.56511470172144,0.272968801813734,0.176085388642929,13.2291025360534,0.137810475854254,3.26578912443129
0.125971315129281,48.3072095893017,1.04,0.23480406640536,27.0930697176532,0.774774272217169,0.114950353358318,5.60966897361054,0.0981070410765632,0.180223203546394,46.4158883361278,1.18709586616844,0.129023215332807,1.01449885892793,0.00227199834227793,0.109550053360086,5.75691805285236,0.0847319811635222,0.159195884949123,4.14623977579979,0.154685910924568,0.199466972213555,1.00867425853989,0.0209783932777284,0.188066221875226,9.97699489356779,0.33904458948057,0.191593994043649,8.39423252506469,0.17782332240445,3.87951337505529
0.155733474891731,27.7950429029008,1.04,0.216445657798489,3.4784466459882,0.185455789771458,0.0761214908888532,5.67464221589759,0.0374188179368289,0.065155920955248,2.85998721049474,0.034696012224374,0.198827585719634,4.17018228211692,0.0469680654518981,0.183259064375137,107.277248727328,0.804364333403481,0.162412053798312,89.482464022409,0.438269820418713,0.19172659665069,1.01158236655188,0.0257954960654996,0.189026841871174,12.4888983567305,0.374949877401024,0.185332790418046,1.35295334494457,0.0608701543792345,3.04878836705251
0.112547602852789,173.574956852969,1.04,0.247537634094932,17.7955976561148,0.817810029293836,0.189813951362742,27.4068715821386,0.73983111453079,0.187727792439522,42.6980067851428,1.30100056174312,0.188857049022559,1.00577451078852,0.0144087751585275,0.179030707642018,8.25047817477399,0.331362826573087,0.14355374218371,5.65832869261085,0.153990972863686,0.144313289407027,1.00288309926358,0.00947965461787887,0.179137470534417,3.74881037659201,0.159965219040164,0.159867872553414,6.15102138343189,0.0840773334393175,4.65192648726041
0.11419538786487,125.211012627487,1.04,0.216797613981765,15.2333597657718,0.471920250821606,0.184593491553945,37.7262954049369,0.731587185043544,0.198922656178533,19.2895159816518,0.925373199263599,0.177481095672752,1.00867425853989,0.00808499702395167,0.197196799365729,7.99329205722658,0.383820978159261,0.195290788334866,8.99473757437633,0.41064339810295,0.146437653270584,1.01158236655188,0.00712728124296443,0.155564499104008,2.47655776434198,0.0902702820814267,0.126873259509415,1.00577451078852,0.0236842619971002,4.0925118337364
0.134250073171282,37.1484903334101,1.04,0.222525094597512,9.66598933399762,0.420432004085443,0.185695291784007,16.5121814020749,0.565235289509273,0.171282213061324,15.9974592566334,0.60360889186664,0.17430425605133,1.45392041663176,0.0232041993596419,0.167282746979475,4.32921447906216,0.174758333967365,0.175872477871465,14.0940971036004,0.408867233906516,0.143653135689,1.00288309926358,0.0112504811358942,0.173802338490618,3.40904833026788,0.140400461848159,0.166828975376833,3.19982540066046,0.0813928079204024,3.46914970359933
0.152203149047347,28.5673783641001,1.04,0.244320283547061,8.49145760309168,0.491869289801776,0.198322935023808,16.751589190816,0.67967035858114,0.159408972095988,56.4531164723065,0.803954619455295,0.120511679697803,1.00867425853989,0.00467908774346614,0.16833624293654,4.57261925984919,0.185503694992113,0.197506502004972,33.6226281790017,0.818055123269448,0.175971649784725,1.21274904899342,0.0264240270635486,0.156746148329948,12.66997313217,0.200138338033123,0.138069370840882,1.50936647207927,0.0352057637751699,4.28550030271508
0.12016615097537,66.8135534222751,1.04,0.242248691966879,10.5987906532703,0.569179992515719,0.180442536701958,7.12382395041967,0.304794782322016,0.186164448604376,37.2943387037601,1.20806107034164,0.186070242825551,1.01158236655188,0.00654741853062742,0.113439362857267,1.53125056362849,0.0398923876596414,0.191836303932427,66.7123211508998,0.84920134447664,0.174069730625635,1.01158236655188,0.00872983076653751,0.178152781553614,15.3654978668113,0.327288780657685,0.188111555604424,1.5896456468007,0.071755263867726,4.42545087113823
0.120564563941338,64.2690577200705,1.04,0.225032759356396,6.13333836012256,0.32434892034427,0.19779828734649,34.0120577830084,0.93476283236405,0.173133167449032,73.5726974460868,1.15605471990018,0.170694250881819,1.00867425853989,0.00137274237527787,0.175390319376806,42.9445668859717,0.600766175150806,0.179529729527518,10.9713498785374,0.383614295193522,0.163416061007485,11.7901106095195,0.0250323002180479,0.198327605272353,15.8598865007128,0.488706451919735,0.167195705871288,1.61269369477906,0.0576886895324874,5.01234712699838
0.112489179092099,177.584993795008,1.04,0.180823303195664,21.8945026225075,0.241540203564374,0.146122776447765,20.6694457978884,0.280958405012715,0.156104218502872,6.88191695070772,0.257826747010963,0.174138330712996,1.01158236655188,0.0124274382214338,0.180724025348688,26.4000896312366,0.593250959033751,0.16970278249529,6.24020417473294,0.237294010551634,0.135293558088996,1.00867425853989,0.00129352800479262,0.15482683103112,10.6599934842429,0.184829389242592,0.144248390122282,1.00288309926358,0.018468156938796,2.86788883758105
0.137380344410505,34.6883445186206,1.04,0.21825442933837,34.4059979034348,0.592067634087602,0.127875406405892,4.61228334151361,0.114775159562565,0.158435493383216,35.6154068202425,0.713496309653104,0.154409674317098,1.01449885892793,0.0014526266349241,0.187594755203624,30.2252632807581,0.713808504027532,0.139294076389511,4.49431145638251,0.126705139981663,0.191256736340146,2.13222095925085,0.0414827100152733,0.18582698282308,4.7881753057283,0.20716572051346,0.199523593171758,1.88394737445416,0.0910223830258935,3.64197618750202
0.117050862889377,86.2898259119413,1.04,0.155035241351519,2.04799000112185,0.0673479824386606,0.190142477626291,43.9451273819645,0.857484566166414,0.107226492258102,47.2246276273033,0.215959304063276,0.189722074858676,2.74700667630971,0.0362943134899775,0.151211908376856,4.54636621906863,0.155480636511936,0.18612344853648,18.5275056440599,0.545536717628934,0.176949467718731,1.50936647207927,0.0281215183599656,0.19173970386361,9.72180569368846,0.35247719553274,0.057307432900685,1.00577451078852,0.00364307100959183,3.3023453052015
0.123084961937265,55.6558708027315,1.04,0.237044890094742,5.90803229623124,0.343717515272508,0.179539584344976,11.6216105181022,0.426157372470159,0.149223732133131,6.34893199363231,0.226003637212961,0.182050455590683,1.84105289600553,0.0284289708558247,0.180944858678144,8.41843393067599,0.34388285151932,0.179284406673348,36.8673277993992,0.576217872530067,0.194375248340445,3.99392909131044,0.05005407472213,0.194243373643002,7.10334430368878,0.302699470602193,0.19980915850794,1.6741946565908,0.0820656684180969,3.41922743360326
0.146653680099363,30.1770278183633,1.04,0.197462143818493,62.0795038144005,0.390645086772781,0.0688720506560531,1.32214875407135,0.0180216809210392,0.17157045556378,75.9399168943669,1.12928170638129,0.129733144462868,1.00288309926358,0.0026639315879633,0.180798550023217,86.1953566475303,0.73048192088317,0.182992557495708,10.2684023095805,0.389362477294017,0.151080979307137,1.13504676028852,0.0153248522754218,0.170902645987122,9.44591016576076,0.244730458780311,0.164761144724218,1.17833239331668,0.0449084272650521,4.00542054216105
0.129193175102328,42.7996482531394,1.04,0.248302825912959,23.8695626167564,0.949945164591785,0.178565361592318,37.1871245324062,0.647946201410617,0.191064257754989,51.4846683497677,1.49642754549503,0.160790864553594,1.017423759841,0.0083133387432274,0.17677514576711,30.4874450288918,0.56811618228773,0.191907526310227,8.27426512232383,0.37201327309007,0.156401406423078,1.5896456468007,0.0182475560308112,0.160939792241029,13.3823268507784,0.224054375514071,0.168737754194764,8.17952684419346,0.108886417998807,5.43395005516215
0.115629790440441,102.881531609986,1.04,0.24769246757605,14.5475781084805,0.740645058532327,0.0602817062841118,2.72338334507132,0.0197817037939579,0.160722543553695,12.8536732852339,0.456263148169327,0.181009234078864,2.26510726072284,0.028722259839999,0.145706057314776,8.22675961020021,0.20237347384964,0.129813516785239,7.99329205722658,0.137793491039587,0.187023562586074,2.04210241714683,0.0376781329521552,0.189636918392446,4.59902389909696,0.208619589746812,0.157068127444231,1.59422875299434,0.0496841191728731,2.92156097709668
0.142689683870528,31.7320916417084,1.04,0.21414583725886,4.11058351166975,0.213185570932651,0.18919809641898,32.3875125587801,0.779412889033618,0.191324455051043,54.8510311331187,1.53680966487356,0.178655166700314,1.01449885892793,0.00578027408848101,0.137521154625197,4.92802801770652,0.13542454693165,0.166431218552864,4.07523387938939,0.162789642040401,0.171648665184559,1.017423759841,0.00469863628105566,0.158724428171259,2.0538945595859,0.0784050287218693,0.136085431005454,1.00288309926358,0.0159690057173558,3.97247525862064
0.13581709582532,35.8154532620603,1.04,0.219019005909118,6.20437693319619,0.306151983737585,0.099237203281275,74.8546104572422,0.0907270088482845,0.197381065668627,26.6290908341743,1.1602031699462,0.131348041432066,1.01158236655188,0.00474941847538302,0.187835355131641,30.1383713644719,0.712117566726698,0.180027608446447,12.1344753910871,0.409343620337138,0.197799338441662,1.83576021707557,0.045596936929767,0.168777494210223,5.57746185992785,0.18590353507616,0.0920100637204393,1.12205075712963,0.0117177343803588,3.96651097445757
0.116471866033126,93.2577359230811,1.04,0.183482456479948,13.0400368809022,0.233154555738352,0.185433676781017,39.277925054923,0.760245725110448,0.154117592218175,50.8951816995986,0.70211194539967,0.136323437366803,1.00577451078852,0.00147852714533459,0.194327480250627,6.57210398204128,0.312860356164686,0.100911835046728,19.1236326478425,0.0777335048519803,0.18631420946367,1.33361741419236,0.0327938082301134,0.199605327307608,15.1023580078497,0.491523554849522,0.193911951670609,14.4640552653053,0.20574789570221,3.85764987319232
0.127432696244444,45.5220735006315,1.04,0.246287765167227,19.1787679790464,0.82957614893231,0.16225233618271,10.0925521055113,0.303613402425159,0.171135644577429,9.72180569368846,0.402901029540129,0.16495470867117,1.24458268867087,0.0183104343805536,0.154465235819465,3.54925770971272,0.130904213468307,0.19675505611251,28.2886943462597,0.777155407442707,0.174905133443048,1.00867425853989,0.00369846223481123,0.0985732106954057,4.94223601165526,0.0414520254514466,0.199783734189884,7.4382002633935,0.200377082081652,3.74798820595708
0.14047016596228,32.8380604164296,1.04,0.238287301774911,14.5895202202118,0.646022667259498,0.148560414711446,4.65229147967714,0.155512620504536,0.154933629835851,6.57210398204128,0.244396181452096,0.183439320954896,1.2267955530143,0.026932083827593,0.197632359997319,58.7749540238697,1.02104153488911,0.138795355496657,4.66570449781614,0.129184825300631,0.197325631747781,1.15150364314254,0.0380042207983099,0.174255942707781,3.9368492691367,0.158412414020732,0.126072266217469,1.00288309926358,0.0100577512020125,3.46956429925452
0.151648010376592,28.698171498828,1.04,0.232208450281752,20.4916955329151,0.677724679893176,0.192244312368016,77.4858328855303,1.00849015653079,0.158339785345145,40.541701854003,0.734107951330944,0.19848066389719,1.05926897298544,0.0338240760838384,0.117209574723958,13.0400368809022,0.123253321489869,0.132341603653847,5.29579277470977,0.122663558050879,0.174131542126855,1.01449885892793,0.0108657400463343,0.16900635045272,12.2397329678754,0.259583530677327,0.172490274755535,1.32596064017055,0.0534425885608861,4.06395560266404
0.121642554795472,59.8759500339751,1.04,0.237259839762887,39.0524164547872,0.898983451087069,0.168335527679497,5.05738459676651,0.204020627135614,0.199386359722326,19.7958495069776,0.946997788941676,0.176412034013121,1.00288309926358,0.00864030259337321,0.185310191874512,65.5698478688224,0.789648593354409,0.178297223002685,14.9724828208773,0.436405832629662,0.105217274873023,1.07772542117776,0.00474091896139977,0.172901434941116,12.2045460501459,0.276231386496309,0.194795980859424,2.7391095515787,0.11592727789012,4.72159617908963
0.123563670730563,54.1511824096624,1.04,0.20005100437522,4.98510624458552,0.213267692940176,0.16153837564832,8.15601225127809,0.266803016526417,0.133565489724124,5.5136013085513,0.171627425931606,0.195005037178898,1.00288309926358,0.00641352346532423,0.190659136179773,35.1064040208769,0.777207470290594,0.138003868950376,19.2895159816518,0.201454787361351,0.199525237433798,1.05926897298544,0.038030659080542,0.129768803275625,1.96708649096514,0.0556259245679708,0.174891789376083,7.58962040187813,0.12337878118431,2.89380928134829
0.147777873683495,29.8343694863254,1.04,0.187210362761509,1.85168407581574,0.0847277291938631,0.187806442074567,17.2408685151293,0.593876175386946,0.0522245630236725,1.60343464412786,0.0168729420295103,0.171357635732744,2.02454102487246,0.0228280195824623,0.196578723365874,15.9514695864158,0.627540724095676,0.168431449869431,11.5882005855279,0.332002990007983,0.110304092878889,1.00867425853989,0.00418026978025468,0.194461909407869,5.6910027726913,0.258728101938378,0.176068270044927,5.70741049859425,0.117416834388488,3.09817378640356
0.126247537648191,47.8678886713823,1.04,0.244345253764445,11.8241026687353,0.622714802493102,0.187369113298519,47.2246276273033,0.815034162656261,0.17203433920895,15.5882800527396,0.599690162016416,0.160126610685496,1.017423759841,0.0130911424910179,0.139828503908128,45.7525288743821,0.256835998310063,0.184657547252219,59.7990347074476,0.706262226782891,0.16905565354489,1.09650345009091,0.0220098130466693,0.158751717538501,10.3873347090322,0.201145881442454,0.128068492700732,1.31834782642385,0.0277306702815835,4.30451485952046
0.142211975738444,31.9502646161512,1.04,0.147907975211434,6.09812467340626,0.0926411999643762,0.153051621655711,29.9653362072615,0.351426064524332,0.196243127636008,55.8067423266136,1.6848214763894,0.142605404947444,1.01449885892793,0.00609885973476999,0.190903808686819,95.8838439353261,0.932668864563089,0.18499636540377,214.700451752867,0.78183356778302,0.145358504172966,1.017423759841,0.0129057162986655,0.107124797145911,2.31121826109334,0.0410978834637398,0.199221214569822,4.27964604980107,0.158168421641818,5.10166205436321
0.132142200187577,39.1521238458776,1.04,0.217345033854108,4.31676880609627,0.227347327729403,0.129710950237565,4.55947384416678,0.117387940112047,0.167881012969917,11.0347040567755,0.438928962034691,0.133974218517526,1.07153781450759,0.00862413053792958,0.195412254477117,12.4171951294921,0.532169149560072,0.198693558647531,8.17952684419346,0.392263499388548,0.187991785110264,7.94739971184986,0.0460605852357044,0.199200921304295,5.32637338722108,0.25609888344565,0.134719748170557,1.00577451078852,0.00466560589619591,3.06354608394024
0.131794679398582,39.511453397773,1.04,0.226439529035217,16.8483214233231,0.569481868083493,0.196922275621846,14.9294397640879,0.624797075104603,0.169289089975466,12.345903576098,0.488328481480131,0.169876108100504,1.00867425853989,0.00828262692934455,0.164582326556545,13.5373258656811,0.348629740710619,0.111838476340685,16.6554123326141,0.10274221941217,0.16901231642157,1.01449885892793,0.0165118021561542,0.109929268544868,1.11240149892777,0.0274236491431929,0.194010167161845,14.2163529457634,0.207031026034948,3.43322848905466
0.147671476736156,29.8343694863254,1.04,0.223577015604323,21.8945026225075,0.589725401197745,0.177832316703493,6.76406156642458,0.285184783225098,0.194657217545402,22.3402110602687,0.99570144719776,0.151105230936579,1.01449885892793,0.0120771985918746,0.181837082333563,43.4419666010566,0.686050955392149,0.194876829414174,65.3813469555632,0.902184563370408,0.191442100252068,2.66904925964653,0.0432753317009892,0.17063476362141,8.46704626823108,0.232960647283232,0.070370046255286,1.00288309926358,0.00525233617868505,4.79241266413794
0.149610803504377,29.2273597614989,1.04,0.138149962880044,1.65979714701382,0.0461337483313471,0.199678998687262,29.3674992776149,0.904909575574629,0.143094165511805,48.3249087633854,0.541168192194007,0.160734441860307,1.01449885892793,0.00675827066738859,0.13926681636229,2.36506706799381,0.0780163562368559,0.19838228317792,55.967638704318,0.946247826558562,0.195671957343599,1.26262771749805,0.0381071493051403,0.16650467627197,2.27818714703702,0.091640623174706,0.15291690330594,1.03217524340486,0.0354214331270606,3.7284031751697
0.136557405066451,35.3279903152696,1.04,0.178663552822781,37.5096952649555,0.241758396815655,0.195461832369207,35.3091263296414,0.897784570732164,0.182279070543784,23.4607874898523,0.888421175529799,0.165226937172533,1.01449885892793,0.00397902196188623,0.197516086292752,107.277248727328,1.0980454828898,0.188874577536736,251.535999815493,0.864681129571198,0.136474647196692,6.45955425993623,0.0120923505361968,0.196918710313527,6.04568285725226,0.278506416126189,0.0906653257402636,1.00288309926358,0.0101114972093143,5.3353800413722
0.137142953733784,34.9268431145398,1.04,0.100012378785392,1.00288309926358,0.0081196251229273,0.186907071502878,6.33068001474387,0.288529352461053,0.145670942643013,11.1304219326752,0.337991720867168,0.189288802142694,1.70336542221432,0.0325999331006011,0.162118366038111,5.60966897361054,0.207449683105729,0.13937311701537,83.5084518818681,0.23745246615143,0.140385979356967,3.38947576589033,0.0132820255023995,0.152202979174966,11.9266679922861,0.178194391374084,0.185933133057962,15.4542261000141,0.176667122511921,2.52028632019731
0.124477029465743,51.3799630438154,1.04,0.232922832548765,296.393016667894,0.976214602586129,0.131666526837069,20.6100250498449,0.200491113694524,0.19805072836309,25.5036095217804,1.13464230410916,0.188886306384469,1.00867425853989,0.0171819459719254,0.187007066025667,10.0925521055113,0.421101848601502,0.170528947679403,129.726367378442,0.540751546375925,0.169608064185939,1.00867425853989,0.00380203852505889,0.193912537253253,5.13071090257931,0.236960586851066,0.195352156441251,10.3574730860055,0.199039905063196,4.77018589177849
0.137027980256408,34.9268431145398,1.04,0.200530624024617,25.5036095217804,0.387018845923823,0.178352515782188,15.7234968241093,0.486102933476086,0.192769453771978,62.0795038144005,1.64338276029614,0.193878698889552,3.55949057200184,0.0414972578700773,0.185903863361707,292.157072489078,0.893266005156135,0.10979934198453,10.0346071582177,0.0909617466272771,0.188842151966147,1.04413027541975,0.0318307817755249,0.162456969302402,12.7065019223768,0.227902872377885,0.142511062817207,1.71814085427452,0.0404627895611573,4.88242599306411
0.14166322511357,32.243497093466,1.04,0.246844533613592,6.862132740856,0.418903504289593,0.173687177572805,7.54604567969013,0.297127766096408,0.191000087745643,33.3334849128322,1.22391681889087,0.161557079283084,1.017423759841,0.00617710176854393,0.183504645721172,9.15145972170511,0.375682685956222,0.181444101584176,12.1344753910871,0.416672155129515,0.198171752610637,1.00577451078852,0.0206490115951524,0.198126478339629,6.72522667244931,0.304737595906837,0.175643345623024,1.04714060664789,0.0446594433030737,4.14852608293622
0.142608789662975,31.8046499290028,1.04,0.242451025651118,114.291650280088,1.15041423214874,0.184764787430113,11.1625120439526,0.444727027694693,0.166554758028241,15.7688292262238,0.562385181395323,0.14534376515708,1.00867425853989,0.00198471725086516,0.150601440469069,18.5809222819382,0.289513757172825,0.139896678339861,13.6154972999402,0.199208619361676,0.153629853916998,1.20231981606127,0.0163245436275412,0.178087430631294,10.9398093223365,0.294237616110842,0.127475769813949,1.30325307163827,0.0270844546790537,4.02588014944156
0.118370476595501,75.7565453123505,1.04,0.236567006521999,9.94831291991456,0.5110408551663,0.146757029149411,5.28056837192541,0.166046508327532,0.122157160600917,11.1625120439526,0.226495207231775,0.141882279545746,1.00867425853989,0.00971547766480256,0.195678573185677,18.7961333346796,0.678984822166348,0.172016049042881,9.58286508470002,0.319044049845745,0.169052164902375,1.017423759841,0.0106372319547693,0.158953844767352,7.4811522310616,0.180767815506907,0.174631178748521,7.4811522310616,0.121770054093898,3.26450202195808
0.126855326861428,46.6802479258487,1.04,0.219148515746003,10.1508316565282,0.411220247323229,0.0942183998596202,4.39198314906283,0.0567592588144225,0.194411664364114,42.2091252249533,1.4533134998808,0.183239708372532,1.01449885892793,0.0163450301145525,0.176719211842684,7.58962040187813,0.305447596178442,0.188820699095056,8.89175006582625,0.379987912341681,0.130410194186004,1.86774606222357,0.00972984527503134,0.193319269969625,5.16033824803901,0.236264514010432,0.190335895811377,4.88564863828298,0.146920442143512,4.0559883460821
0.148592593663899,29.5630463712104,1.04,0.208912407637226,16.8968968064112,0.422819290850049,0.172252280967571,7.54604567969013,0.29259970499454,0.0700881272863714,2.84356700216288,0.0388132802968714,0.199799851695182,1.01449885892793,0.0320795346549305,0.160222530603371,236.098524694983,0.463601699183766,0.158723934974276,14.505756572389,0.300316644783484,0.158459591648922,1.00577451078852,0.0103508295475211,0.189308327193193,8.25047817477399,0.309209048374734,0.191875688634346,8.20310923201435,0.177464283205469,3.08725431589137
0.148275341832544,29.6306449410155,1.04,0.244275168454565,36.13178957939,0.992940596285748,0.182708293985589,7.76645008964431,0.334933321119395,0.186391378342942,56.94280539997,1.42799678585835,0.123759787168948,1.00288309926358,0.00286017507127359,0.189741699565972,20.1407676346358,0.635671623074449,0.173465021459766,25.5036095217804,0.470035086588669,0.195375901648091,24.425696794902,0.0572647919358147,0.184133305973979,12.0648070327153,0.342240712954262,0.176882627818554,1.26991877487462,0.0537988151621341,5.3577419080501
0.15236106811281,28.5022055025463,1.04,0.190293665409282,6.22226476776323,0.209370168673955,0.156947374577922,17.2408685151293,0.340541299802627,0.196116708623144,17.0434648578319,0.810889396577097,0.168488897580185,1.017423759841,0.0141123386358469,0.182603290409854,9.07276025359497,0.370588515415322,0.18431066356928,6.94161247758823,0.301585128364861,0.19339314330831,1.79396288338358,0.0412283786463701,0.162313550668032,15.5434666953568,0.235821784201845,0.144247079769833,1.00288309926358,0.00257037412332727,3.36670738444125
0.129874305777264,41.9288471215546,1.04,0.231361142399471,170.532811440152,0.915574391445682,0.181579842822341,42.2091252249533,0.712631005199271,0.135041413717464,10.8145512259435,0.281076695880624,0.144588602549749,1.00288309926358,0.00922691253273335,0.171616672540704,7.22711126890421,0.277569079527086,0.165737107832991,18.2627170853981,0.368601487818144,0.130190421423952,1.01158236655188,0.00369219856476383,0.126570337008247,4.54636621906863,0.0794245911096468,0.135762825044129,6.11570617216135,0.0474996791006037,3.73529604117855
0.110142937171133,477.427639890595,1.04,0.139180079992136,1.07153781450759,0.0344523546328763,0.1947060246986,10.6599934842429,0.482826404830845,0.0940721590068135,13.5763553199153,0.126861046191512,0.182555605872487,5.35713058780925,0.0330570775794317,0.19953486146196,33.1421054672574,0.911111028455571,0.194293836981908,22.2759871780403,0.683797659408119,0.168680881673438,1.61269369477906,0.0242961285597252,0.105085722478789,1.42081696649143,0.0304695748139166,0.126967247259733,1.00867425853989,0.00765860409977898,3.37452987857178
0.114661066260348,118.803263663012,1.04,0.209803195982929,3.92553157195246,0.197499648939689,0.180710174951211,29.7076444189603,0.642943756888208,0.174976279540911,19.4009034997931,0.720142840884881,0.118676187051428,1.11240149892777,0.00578882124909093,0.19819713087856,22.2119479273284,0.770292203161815,0.179852186541614,10.5683211343905,0.379089420767812,0.192852920439969,1.01158236655188,0.0336724013343628,0.126822140561735,9.39167782086193,0.0946683975173204,0.199232395347946,2.78683513858361,0.123742601917987,4.00784009266117
0.138598605012393,33.982575875828,1.04,0.248889714483089,17.3904202660819,0.831064718156623,0.16209852156621,3.86942926293753,0.151299855101218,0.194747428862672,22.4692148500539,1.00272295885205,0.15313832992244,1.017423759841,0.0093382425353925,0.152055700651889,5.40359972355987,0.177522102193853,0.174487496430094,13.5763553199153,0.392986616887184,0.173942989309418,1.00867425853989,0.013695087411962,0.126155257815349,8.08587329578959,0.0910952745191859,0.175976512661693,11.0029813692926,0.134350799854264,3.84407565551173
0.123015429988311,55.6558708027315,1.04,0.178948679450625,6.42246765119551,0.1755318522969,0.19778371447183,30.9294781934387,0.900844789110283,0.12190884338034,8.32204495553973,0.195970557265296,0.182965589062713,1.00577451078852,0.00489135607417524,0.196503279694113,16.5597876601153,0.64377347231173,0.191745875048877,20.6694457978884,0.631982903862811,0.093596102104663,1.00577451078852,0.00253724119381332,0.0915860211605476,10.2388825947119,0.03771381790454,0.153562234179371,1.95579274466099,0.0521157073576423,3.68536169737719
0.134893191626406,36.4758827075144,1.04,0.194333896065112,9.74983462452457,0.267946187293214,0.171039939780531,11.6551167748285,0.378098817759961,0.19566541364016,17.9499612710559,0.84795451978171,0.179780605655114,1.60805750536954,0.0267484452147501,0.122896893331769,2.1944987299355,0.0622365301455676,0.143863531748592,14.2163529457634,0.218934978097138,0.161882313095414,1.017423759841,0.00348760010344067,0.119571867841719,16.464712003024,0.0845714484168519,0.0774794870589983,1.00288309926358,0.00147851798986038,2.93145704480249
0.112991927751747,158.782337813999,1.04,0.238606754889615,99.254267201602,1.0615952123051,0.134191024872464,36.13178957939,0.23034335814586,0.14110141091932,6.90175820040029,0.225973404801539,0.199521641087681,1.00577451078852,0.0240988503788004,0.127880785298959,4.760684680679,0.113611368179318,0.190015383824556,36.5502812104738,0.729115415314773,0.132223806596019,1.01158236655188,0.00471850955862988,0.183380065203205,6.01097243209366,0.237903967057553,0.150640197505893,4.08698318318596,0.0626131645150934,3.72997325025667
0.15564612114083,27.8585987734397,1.04,0.226358948630238,17.1913042784243,0.581154185722518,0.181139549390263,7.00182581890258,0.303299694058403,0.175395997108286,15.1458996051004,0.609781378999061,0.134738904176267,1.00577451078852,0.00199739012516316,0.191306421628289,11.6887196334189,0.487979212982539,0.163107984643482,4.81582467568853,0.182069887461199,0.1983085750396,1.00867425853989,0.0308723403140289,0.176176481725103,4.85759838400825,0.189293170218103,0.136129925235665,1.27725193454067,0.031518638726469,3.45796589860748
0.157204328711192,27.5422660634698,1.04,0.245482169018398,33.7195655535441,1.00214313712071,0.149691154693371,31.1977684837926,0.327855069644024,0.165253959651017,7.94739971184986,0.317442247337859,0.17106728715632,3.49853297367273,0.0239390142434018,0.188115417737739,13.9728926204603,0.521490893291579,0.18595783818391,5.07196553857306,0.230225695051701,0.187450229929763,1.01158236655188,0.0121267514590398,0.183810327447931,4.99947880072813,0.210173610383196,0.179431178477811,3.36032741709575,0.104255881474636,3.78965230000615
0.148910449313951,29.4283115325412,1.04,0.216877560468917,48.0474581976622,0.596272313850373,0.183785396377369,21.9576266468948,0.613178184096345,0.196343303992426,24.1460286404166,1.07587863404497,0.103902412441489,1.01158236655188,0.0019933063552118,0.198735125129887,45.3590725519368,0.989012175673763,0.196787027845577,6.76406156642458,0.325679345508665,0.199661029390885,1.01449885892793,0.00152724075942381,0.160401692595352,6.01097243209366,0.169139794634459,0.0788102093665876,1.00577451078852,0.00742349158971895,4.82010448651293
0.12096107899109,63.1054072475028,1.04,0.188822343145774,2.62334079957365,0.11854227800743,0.171329041162525,7.24794774808137,0.281990662823535,0.114857184056717,3.19062650772569,0.0841694541243507,0.18283843787603,1.28093437865255,0.0265625877528239,0.133917923800147,3.91424641100743,0.11179857256994,0.197278469435757,27.3280820090234,0.765627464727099,0.182331067854374,1.54009278652809,0.0319600801564226,0.179452781713649,4.00544398533237,0.169731069298592,0.148315722045275,6.53437118513655,0.0655600453465194,2.69594221480671
0.117838065046061,80.0251022749359,1.04,0.182192704506468,3.59036651349369,0.138606548321754,0.127079369396968,34.9048456133114,0.190690854128572,0.186474197634632,33.6226281790017,1.15297650440243,0.198161138557916,1.27725193454067,0.0358039941362978,0.187969885904244,25.2842870786632,0.670139482194564,0.192136162569561,17.9499612710559,0.596678351360977,0.144695967560977,1.017423759841,0.00874265454835798,0.18843962587902,3.45847564108692,0.15928849495598,0.179856741430255,2.35148837301477,0.0863475161529867,4.07927440020192
0.13438313991118,37.1484903334101,1.04,0.203401182110741,17.8983585267682,0.377116861498474,0.0666274955720595,3.08228092099346,0.0246622442663943,0.169323690797394,22.7294615325802,0.724425624238033,0.0952213648023254,1.01158236655188,0.00187987647747307,0.103027684013844,8.34603823722249,0.0801850857317636,0.195573622113593,38.7165788401476,0.831644825242022,0.199259703808655,25.9479782891666,0.0621887381494477,0.194861207218092,8.56511470172144,0.343188606305187,0.197082856096601,4.84363370723389,0.162447042281074,3.64773890418987
0.15405421989331,28.1142788446691,1.04,0.13749828867006,6.1687553886527,0.0727191243522719,0.174929059416149,7.78884153617836,0.308339038349003,0.194369297360685,67.4850077079961,1.74919558316316,0.198362632590093,1.00577451078852,0.00808784829807614,0.198050626991821,19.1787679790464,0.707355664277766,0.189604999194843,198.072510456684,0.884494190495166,0.16286256783179,1.05926897298544,0.0193202928710694,0.166786372791873,8.73947554283164,0.222250949976842,0.187881666486899,1.78366310156055,0.0789574720377811,5.09072016382113
0.127835841973709,44.8000601130621,1.04,0.174367307523713,2.01872085226992,0.0834624689256106,0.198012957987541,41.2480907306527,0.982180906224366,0.151727472387489,46.6839173840833,0.65130529875919,0.177789513873383,2.69220128298041,0.0276656802372302,0.173714777735564,13.4984086137474,0.408239351454249,0.192074981062231,7.4811522310616,0.34354335794946,0.168943279663658,1.01158236655188,0.0166219289098885,0.161894609752736,8.10918567113405,0.19631557925237,0.156543077704263,1.1988633739507,0.0412833258017879,3.79061789751415
0.133534473585196,37.7471883548195,1.04,0.240188056752144,10.7524610237587,0.558886985135887,0.194554959817562,38.9401481423545,0.912293479668765,0.199785397600196,58.7749540238697,1.81125575747125,0.177578793815929,4.41734470314007,0.0288235299894081,0.178249033223031,9.58286508470002,0.363713680341637,0.177569737616162,6.94161247758823,0.280524089944338,0.177502492464084,1.00577451078852,0.0217612219630021,0.15829160096145,9.418754960271,0.191872266071982,0.0618176808589337,1.92784124639408,0.00515020870900978,5.21428121929528
0.14045042027868,32.9131476009994,1.04,0.199656432859291,53.6021605942022,0.41139625849757,0.193459638344689,11.3570049730287,0.499706470023099,0.168372544693427,11.6551167748285,0.460240094214795,0.160549132666248,1.00867425853989,0.00684747813771119,0.19550355780809,9.15145972170511,0.425490751627094,0.157959303185947,12.2750213329814,0.278978421025178,0.199529512373709,1.01158236655188,0.0207580225590638,0.146063000238826,4.98510624458552,0.121254607737477,0.196671930911344,12.0301229939707,0.214654141848546,3.47932624567053
0.125883492877948,48.5283797398005,1.04,0.208955654251051,5.04284557241036,0.23698392219968,0.177692559699217,48.4642342722534,0.669441321723908,0.174166015081881,24.3554775355552,0.807933868398276,0.157775175565645,1.01158236655188,0.00493772466180806,0.193863547807113,11.3570049730287,0.49234699826072,0.179456099282419,41.2480907306527,0.590127715382754,0.19815649410848,5.92506573979369,0.0557329384146083,0.163189661303014,5.72386552959968,0.172637645092864,0.189907579541304,1.90028922105573,0.0845295134845585,4.15467164761918
0.149910382682275,29.1606812358378,1.04,0.235425698237511,4.98510624458552,0.290672853929953,0.127281536138173,45.7525288743821,0.19488513151026,0.0587526982361469,5.45047194460812,0.0376274350085164,0.160475631818774,1.00577451078852,0.00494213206475901,0.180234267823814,6.55321042588835,0.280623576146262,0.193766271245264,12.4888983567305,0.504778016905523,0.193930149419299,1.01158236655188,0.0300088000631108,0.155428914085231,3.95958264771409,0.124888292874328,0.17872999022566,2.66904925964653,0.0921100636966266,2.60053630219934
0.155917860228172,27.7950429029008,1.04,0.195154793134249,3.24621921773864,0.14925004278586,0.123059498963408,2.97761447568876,0.0803482912449113,0.174453693432578,21.6438160118766,0.761362319871831,0.184060912776339,1.01158236655188,0.00557549370166382,0.145235115029901,9.04667778353943,0.209012792669935,0.199008404503399,13.8527304550101,0.577223126427207,0.15618802802251,1.2232687477884,0.0173450719740847,0.188557179171092,6.78356302734552,0.273997129707188,0.15512728114839,3.00344307348301,0.0632664156910417,3.17738068407372
0.115517234312948,104.539606241328,1.04,0.174232035093795,2.76286929599819,0.105819114300329,0.196992312387041,28.2886943462597,0.854247049051169,0.184318193034374,26.0978151697375,0.972862249678136,0.155481767864086,1.28462743961633,0.0148395965348794,0.174868089892876,23.0590127888488,0.512139624068995,0.165784026599096,21.0295852575175,0.387872541281567,0.139094567883923,1.00577451078852,0.00930420164509372,0.179625178908473,13.4596032415536,0.326339674913393,0.142915889011589,3.98244730043134,0.053057458090624,4.27648150956419
0.126069794316189,48.3072095893017,1.04,0.247691488357109,10.2094477434412,0.583489343122625,0.182892380247863,17.8469041306121,0.557079234189405,0.192463000635382,35.1064040208769,1.2944406718805,0.192233226241663,1.87313095952011,0.035539346834404,0.124819566069952,2.00713065465068,0.0583759766998289,0.100286991196747,52.6842036818354,0.0802501427559016,0.166327611726899,2.16313573014221,0.0241817794038544,0.140046065948204,13.7336016436691,0.138868630439278,0.199161956776013,4.73335188912938,0.167067265181979,3.97929239050778
0.126175227585197,47.8678886713823,1.04,0.127596081473501,3.02078648791353,0.0488470130090233,0.157885709233471,23.4607874898523,0.37564036230334,0.16065425568067,29.9653362072615,0.702954050965212,0.195443928301725,1.01449885892793,0.00153287097160702,0.189743871325004,6.42246765119551,0.297373023687314,0.153420853951746,7.20633469066447,0.205883627559039,0.135728908092166,3.18145405986858,0.0115379529339161,0.177635534144484,17.6425615162172,0.341082389125156,0.182020685631345,4.74699861247518,0.123438572236097,3.1482898627907
0.122412249186564,57.7273604045926,1.04,0.158224155017435,5.65832869261085,0.113399141355534,0.173915489755441,5.52949756842363,0.231397548906394,0.184103536395053,46.5497099496079,1.27797444015881,0.127008771907036,1.00867425853989,0.00468398442743768,0.158407530522974,17.1418825295271,0.337954743733865,0.16413909795798,19.4009034997931,0.365679954813175,0.125633605862478,1.00288309926358,0.00562012972195486,0.190957472188828,13.3438551917019,0.401490863582549,0.19285073119028,6.47817779606607,0.168237890137658,3.94643869683738
0.131913158679802,39.511453397773,1.04,0.100602764503059,1.00577451078852,0.00359528063999573,0.199149421139613,40.4251521276738,1.00304993401191,0.128041011838592,5.87411217212038,0.169895476715307,0.18686044257858,1.00577451078852,0.0159059831363456,0.144653877226053,34.6046757095179,0.27993753819576,0.101952775148175,8.41843393067599,0.0722200372136782,0.157125398436755,1.00867425853989,0.00175314615965145,0.150971764391595,9.02067029565308,0.16292811710815,0.152349379926404,2.1944987299355,0.0540566858170203,2.80334219899782
0.141980736948315,32.0965459868557,1.04,0.216052868108999,10.3574730860055,0.396646130976857,0.137065081560028,5.99369202303595,0.154514309211407,0.128968961353125,5.07196553857306,0.151842876539393,0.146065872234634,1.01158236655188,0.0054737583409347,0.198656403847759,25.2842870786632,0.821622627121632,0.167263073598766,9.25745528268664,0.29314278179231,0.163209198430179,5.20510035615579,0.0240989169546925,0.149310803005534,9.17784428848941,0.158547523891231,0.19716842728364,2.63090415150101,0.115688462196468,3.16157738702493
0.11079097681204,312.183874724913,1.04,0.216250685032727,5.11596107896008,0.25890911459949,0.192570991113154,10.3873347090322,0.461923675444936,0.141152217278191,23.3933421622917,0.43456886088577,0.197744352963465,1.017423759841,0.0116156727314255,0.157674161554557,22.0844211988575,0.354026790089455,0.154626244283883,6.33068001474387,0.195194594029627,0.171252401788777,1.00577451078852,0.016616960601829,0.141376752863581,16.2294041616006,0.148498168191053,0.0937445137969478,11.5882005855279,0.0156765186913586,2.93703035526494
0.140884276943058,32.6138251119006,1.04,0.24840237998342,9.74983462452457,0.568402640173696,0.183879451113171,34.4059979034348,0.711192555654154,0.186293360803981,46.4158883361278,1.32109553082068,0.18525438561823,6.90175820040029,0.0353118264574945,0.198173203497706,15.8142923261533,0.640625442774068,0.164316584485932,9.36467852310833,0.280019206481329,0.171663250356862,1.017423759841,0.00249732567077472,0.199394587996314,14.5895202202118,0.482724346085945,0.188986652153827,3.59036651349369,0.124109331316519,5.20597820543466
0.142044506835723,32.0965459868557,1.04,0.181514288101099,7.39549489831676,0.192324352611498,0.170498705055458,21.5815941337228,0.481618358909765,0.19634216885617,25.65088039011,1.12380586320248,0.147202007585302,1.00867425853989,0.00892858863383317,0.171615454496597,4.43008034640065,0.184492457892401,0.147025762210765,4.82970917626452,0.148650169783935,0.19724899719925,2.012917411563,0.0460026728908341,0.196495309561184,6.33068001474387,0.286436503875652,0.158429095749115,1.40859841962076,0.0471871564445302,3.55944612424493
0.156185131879807,27.7316320270443,1.04,0.230916395718732,231.388134792415,0.925595665367737,0.161706865664135,24.7798415269477,0.413767940221206,0.162083889422963,11.2593385593765,0.420339148000662,0.122985237657308,1.00577451078852,0.00275373190962854,0.175473379678052,6.42246765119551,0.264887347667594,0.166734849504989,14.9294397640879,0.35638161067468,0.195793410816408,1.00288309926358,0.0123999347707661,0.13748822807973,3.07341994620988,0.0823159032786158,0.0815825843987737,1.00867425853989,0.00731172124965635,3.52575300314055
0.112112685457905,196.807959020143,1.04,0.131092045745985,1.73804099143649,0.0424642669754826,0.114718479168434,3.75961856902805,0.0812827195460217,0.164282080194725,18.053613516069,0.591088133985698,0.197416167983593,1.04413027541975,0.0326713540507034,0.147340278046625,7.69966123740149,0.201761106686513,0.191726906574422,38.6052759973495,0.766858806327898,0.15683607394331,1.1988633739507,0.0175938374989639,0.162119418229214,8.46704626823108,0.198829187172857,0.163573984935039,6.0805937181354,0.0917804218379358,3.06432983408207
0.156311361843704,27.7316320270443,1.04,0.240193921736475,17.0434648578319,0.716979519604886,0.182144876605411,82.3149786192126,0.79781848374447,0.175375047741113,25.65088039011,0.843041130376893,0.153626311681973,1.01158236655188,0.00577339143387375,0.197061147424055,20.0828667363378,0.717530692687238,0.197155968642736,11.4885459675579,0.500684027823676,0.172243156534264,1.00867425853989,0.00529901082456508,0.195904723499014,4.53329627591397,0.216274853461477,0.191350171418936,4.92802801770652,0.148404639624715,4.99180574958179
0.150501458685665,29.0277801933518,1.04,0.19005887031353,9.0989179220007,0.241193613353525,0.183969640251757,16.464712003024,0.546758281641072,0.0786561136820606,26.8600784527522,0.0897412822168522,0.0856687320087069,1.00577451078852,0.00105606841321154,0.178325645057288,86.4438664168045,0.696983558395853,0.183009827566737,13.6941201359897,0.45352476860158,0.160303631006027,1.017423759841,0.0116953916613518,0.154384709085676,3.55949057200184,0.115591122616257,0.19673285252291,4.760684680679,0.159416825067868,3.35596091196757
0.13185608724835,39.511453397773,1.04,0.245439307422325,11.5216685859765,0.625076181411234,0.166033402137423,19.5129342263596,0.422246156164627,0.187989189441279,19.9675638236179,0.857565992806873,0.160547068201999,1.00867425853989,0.00931939026951522,0.190727447238471,14.8437245167243,0.558798506710546,0.147558298248509,34.9048456133114,0.279870427181679,0.0792274039192218,1.00867425853989,0.00208856763147233,0.189212254727102,3.45847564108692,0.160097062173981,0.155017224278169,2.3787241732935,0.0580010985158001,4.01306338286573
0.125801039530074,48.5283797398005,1.04,0.244391583218131,65.0059692846113,1.1535328601967,0.184492300564502,17.0434648578319,0.557471863874147,0.195819764663327,47.0888657531278,1.55012971621421,0.188631040752794,6.44098426295101,0.0380460667145908,0.167868432102318,52.0809826503965,0.516586461361601,0.171072125922347,5.99369202303595,0.23409242859034,0.172006330641905,1.00288309926358,0.0111993785412042,0.197854317162152,7.4811522310616,0.327042111119208,0.180266251665763,3.23688695135292,0.103499343574844,5.53160023018684
0.12573919505206,48.5283797398005,1.04,0.241421587880684,5.72386552959968,0.342349111738815,0.121268180377643,6.34893199363231,0.116970030454671,0.194132002521009,58.9444080505326,1.65226677904288,0.144066214198873,1.00577451078852,0.00641910862542783,0.18591502313972,19.2895159816518,0.58621356699349,0.13931487668098,6.2943333190863,0.150658939404932,0.176794455930413,1.64079288241399,0.0287619488088968,0.16587134638472,6.15102138343189,0.187133376099964,0.173083644294627,8.81528401319323,0.119563298280238,4.23033615944932
0.126529916867993,47.1086689391147,1.04,0.238139581938028,43.9451273819645,0.927143565000819,0.177974620394752,4.85759838400825,0.210659897126461,0.163638164311719,20.788801735641,0.628051936419019,0.169141340830333,1.01158236655188,0.00867443569397776,0.189914039812285,36.5502812104738,0.77755228799213,0.195022795209166,334.488426314646,1.01895979777106,0.0953539671357947,1.06232295058138,0.00357735389633073,0.192865720389883,10.0346071582177,0.365138124694944,0.172548510282679,2.42017049201696,0.0788891851551366,5.05864658374988
0.1215570210878,60.150086606815,1.04,0.183957926516838,1.93339940407185,0.0867248998874714,0.175593251952029,26.2485172849919,0.561808235495032,0.194623510666111,24.1460286404166,1.05986336712821,0.180491434195168,1.01449885892793,0.00580123965762271,0.160457045130383,4.97077500682395,0.184563474827914,0.134347037319041,5.95928009583079,0.134639085531986,0.145973187611695,1.21624552488348,0.0136118123624497,0.0529535050309269,2.86823283751515,0.00961269549209537,0.198189482705937,2.84356700216288,0.123135213705599,3.21976002408838
0.12270144633385,56.6821533858826,1.04,0.215994802750201,8.89175006582625,0.369485422633586,0.19090222352372,17.3904202660819,0.629151419153648,0.0858170341141816,16.3231210310229,0.105527577880519,0.151713527292109,1.01158236655188,0.00400788285770546,0.195523325896852,12.5610156350281,0.538642483021418,0.0967291710603627,6.57210398204128,0.059837756027342,0.17706893729671,2.9350594625955,0.0317742947942931,0.175770301124251,9.2308418493486,0.263762101984956,0.151269289294342,5.28056837192541,0.067458159730329,3.1096470980838
0.134567375658988,36.8948211782569,1.04,0.240818945278208,12.2397329678754,0.612609817104743,0.197401644105713,8.99473757437633,0.429551589239498,0.183816467730302,13.932723196473,0.617176756282296,0.158463444228492,2.69220128298041,0.0173193243725423,0.119177147042385,3.34103457688672,0.0802488808346431,0.196734209375039,6.7058929175172,0.32300139252039,0.199944585603984,1.1988633739507,0.040365737822978,0.190961015805096,14.6737675621227,0.418416761425028,0.191945367189497,2.70774742833384,0.111043581346176,3.68973384094829
0.126213567044419,47.8678886713823,1.04,0.194378766176986,4.65229147967714,0.190376123606678,0.111325589116857,2.90981894079874,0.0661251925924099,0.150666726524194,21.8315600677534,0.515275388431761,0.175826602571039,5.35713058780925,0.0278831955159783,0.174148151801169,4.65229147967714,0.196739169821438,0.196266230677078,9.2308418493486,0.423635829644837,0.198425407494708,1.01158236655188,0.0036339619690697,0.13930452017068,10.7215497316231,0.131496120929635,0.149912470194495,3.45847564108692,0.0596363226675838,2.65480130517939
0.154922943781726,27.9861468254964,1.04,0.178513174793104,6.2943333190863,0.172148236107412,0.16125357335417,21.6438160118766,0.39634159374525,0.139545136477722,11.6216105181022,0.317307509737526,0.191906950576883,1.00577451078852,0.00327751404200244,0.181347960486214,15.3654978668113,0.492608052250702,0.170720819117775,25.7990016756576,0.451715444311728,0.169903416435682,7.4811522310616,0.0292607227778642,0.139069269476491,6.45955425993623,0.115147174932969,0.199051530035596,1.54009278652809,0.0751814763764926,3.09298772428195
0.153752225786785,28.178564676959,1.04,0.223934393325023,17.6934267723322,0.560124114281637,0.195393605020827,14.3810119566121,0.597491060742336,0.191501787417603,48.8846255702689,1.47208874569854,0.160460609335688,3.04698957090351,0.0183207041400801,0.179081804020089,18.053613516069,0.510114123145312,0.192027029530356,32.9518247994517,0.743803309864691,0.177816493758377,1.16149208345279,0.0266804397433567,0.17297499514095,5.85722521042959,0.202769849537142,0.195008249885594,3.45847564108692,0.13366172818903,5.30505407534213
0.133823696183228,37.575153941676,1.04,0.223091925617066,28.2886943462597,0.624265694856864,0.143861628926998,2.80292774815717,0.0958253293812144,0.193677959803976,14.716073490575,0.696502807826929,0.189253046324783,1.017423759841,0.00768682547866329,0.111452053946701,1.56692699337341,0.0400304693142616,0.161024067010736,11.0347040567755,0.283198105366365,0.168995755980333,1.01449885892793,0.00267949361457894,0.152562080298883,14.053579239644,0.188339189797962,0.194496256321261,1.7683242002651,0.0830422805124262,3.06157019614926
0.121972706602147,58.5238945114623,1.04,0.246663543093288,52.5327465589178,1.14319270039182,0.195719205569679,58.9444080505326,1.03133139245971,0.112872393620561,6.34893199363231,0.143297837133319,0.18750672566387,1.60343464412786,0.0308420761472125,0.143525312651368,9.80613514975012,0.209201480410563,0.0976222785640184,1.97275779657863,0.0385983842667389,0.199346331950401,1.00577451078852,0.00300852889073626,0.179161015823743,13.6547521301788,0.325269241428759,0.15358946180763,4.27964604980107,0.0683582638966556,4.03309990502551
0.133655545344622,37.575153941676,1.04,0.228025469497511,51.7819671225966,0.781510000330754,0.172643440030474,11.1304219326752,0.375980190737592,0.190657627137802,16.0898367576997,0.739613571174118,0.0969776619123907,1.00867425853989,0.00136147193538805,0.186480575767772,79.7490340377456,0.844339740843583,0.136163196378384,14.7585013912184,0.183946128590135,0.182450585762353,15.189566737098,0.0407432727332487,0.197286133557434,15.2333597657718,0.468458082367691,0.107632130666118,2.16313573014221,0.0201665127346179,4.49611897144713
0.115950604824276,97.6165072818245,1.04,0.184222637582526,16.5121814020749,0.252366509162946,0.16084784520889,18.2102152272867,0.375962570889932,0.153939623197606,47.0888657531278,0.686977480405517,0.132251829500399,1.00867425853989,0.00105603808162879,0.160836744019488,14.716073490575,0.334818866759006,0.165277635988606,3.72728711692345,0.148838613756435,0.185876797844175,2.66137624774655,0.0385558394166935,0.154626828711522,6.04568285725226,0.153481752181408,0.142325224859281,2.51970871206025,0.0460631408494564,3.07812081150302
0.118653471896572,75.0675915245416,1.04,0.227107239648915,79.5197706455576,0.791105668881839,0.197148392341123,22.6641186288517,0.784283714774195,0.191908800802663,65.1933879467838,1.62976021682647,0.167470905418253,1.01158236655188,0.0105821751223532,0.197501922444094,7.50272113554967,0.362391874230148,0.196648657326138,6.47817779606607,0.311611967192409,0.154280722063882,1.00867425853989,0.0104681094237974,0.147242664062201,3.71657187129828,0.106922582933572,0.175540019499349,1.58051892322707,0.0632166019978028,5.11034291138259
0.145805873208317,30.4539859196963,1.04,0.222150768340628,14.3396692667093,0.504465756091522,0.176766968431992,58.269509235766,0.676820600736826,0.141156550368031,8.39423252506469,0.263346424481862,0.194905061278126,9.07276025359497,0.0458456824466796,0.153046082815683,27.8042399468639,0.332428907280981,0.151833689643541,7.6115020308696,0.206892444049136,0.18253045932215,1.01449885892793,0.0228946774830955,0.174093314104583,5.40359972355987,0.195786482177256,0.116292822650884,1.00288309926358,0.0019198080000673,3.29040078274743
0.134871271267271,36.6428842076339,1.04,0.140486798430597,7.24794774808137,0.0811646262381848,0.123808571615688,9.28414544519475,0.139505691673303,0.100543366050457,8.20310923201435,0.127677435102229,0.143695493489355,1.01449885892793,0.008956173503631,0.194023728640469,77.26307576868,0.99498296343356,0.170057462660435,86.1953566475303,0.517916250476343,0.169360931560615,2.36506706799381,0.02587250105891,0.174014498686225,2.68446171339143,0.113373805113706,0.110887394471523,1.00288309926358,0.0173163766179042,3.06676582321777
0.122512423404567,57.4642655092542,1.04,0.211403075089662,6.15102138343189,0.280301732390821,0.195694374476843,18.5809222819382,0.690955451469438,0.199112788903343,15.1458996051004,0.74031644763233,0.188421325982021,4.25507507288674,0.037203782720225,0.189365546829916,10.3873347090322,0.442069813223595,0.146250602958852,3.53905426496764,0.118185808132338,0.116658760883936,1.00577451078852,0.00161789491380531,0.196533079576416,11.2593385593765,0.408095045714396,0.126292328165402,1.73304445225245,0.0295308503072364,3.78827682650418
0.125896174434003,48.5283797398005,1.04,0.212760027763408,4.63891702142887,0.232770362369719,0.163894499990476,49.7363795461226,0.487804958104212,0.18683136117785,18.3153703115779,0.791395118898984,0.195501052940747,1.017423759841,0.0308583800493644,0.175575908298919,9.74983462452457,0.355747597245713,0.188808709231356,138.208621011607,0.859025769864865,0.185667360198883,20.7290378618468,0.044751210029727,0.187226488603608,11.4225861207707,0.353614926692329,0.187142795165585,10.2980071327174,0.170059489358083,4.366027812613
0.114296161028485,124.640358122733,1.04,0.216720339534424,11.5216685859765,0.418590852746188,0.149073704883283,5.31106107095859,0.171613244999108,0.187106737790512,14.4640552653053,0.654022379748584,0.170979976449927,1.017423759841,0.0178259066320943,0.159876401352368,57.2716222440805,0.43136921154927,0.0966685699022846,2.3787241732935,0.0422171629756045,0.178001741759146,1.18855355314224,0.0272987010825678,0.152221756272701,1.91126246166401,0.0695388521139095,0.176844233076608,3.84721348715026,0.105130577043699,2.97760688889102
0.13992409504522,33.1394408876654,1.04,0.240620145562118,7.63344674676951,0.438949224304706,0.191147776413483,13.5373258656811,0.547434899488164,0.186879157794145,26.5525372336299,1.02383811005853,0.152955853967971,1.01158236655188,0.00236398076312416,0.167472322712804,13.5373258656811,0.365778142662078,0.172064150107381,42.3308183228056,0.507211960447168,0.191740378716307,5.74036800209287,0.0487131843116086,0.169089532868921,2.46233896144414,0.100806674802991,0.179223402957449,10.9713498785374,0.143715458061155,4.21881163489952
0.147303878973876,29.9709634242785,1.04,0.217303736756209,4.66570449781614,0.243412649357635,0.149206370180224,10.783461436218,0.250515673519956,0.16330197937527,14.3810119566121,0.509293434909049,0.116823807593815,1.00288309926358,0.0024835631261835,0.195467841693198,35.2076192684563,0.858803936882672,0.148744738013312,8.96887940476934,0.208275938081816,0.155213922519587,1.017423759841,0.0106686697335528,0.177136809706604,4.15819379664401,0.169954129834743,0.16422585985816,4.36676720472819,0.0853100626321782,3.37871805807779
0.133053100440676,38.1807282225453,1.04,0.190427045214712,4.70617602490094,0.181314663094777,0.127307624355201,11.4885459675579,0.160237390643631,0.191622158203006,19.0138370407198,0.858765970845358,0.166122998324158,1.017423759841,0.0109443834745289,0.152732485115681,5.49775074742009,0.181192999144009,0.158858920412004,28.9477893633602,0.354003200790865,0.163222962265737,1.01158236655188,0.00716514630651776,0.187511713424676,8.34603823722249,0.30312540151692,0.15271847657126,1.00577451078852,0.0117954406068356,3.10854459642344
0.148853815435825,29.495602018995,1.04,0.245905722760956,11.0347040567755,0.606127547038107,0.17134545853704,10.5076446271293,0.357495234084723,0.166726667223911,68.8588063220333,0.985375777916902,0.150652318593952,1.03217524340486,0.0127506270378992,0.185244237732915,61.1922854994662,0.791899693481425,0.190621074538301,8.78994173863968,0.384292258498251,0.184161797977387,1.00288309926358,0.0147534516701815,0.115850419513674,2.78683513858361,0.0528123953253921,0.190309484797254,5.84038679556032,0.154809706773232,4.40031669182611
0.115481016963612,104.539606241328,1.04,0.228258755930423,230.059652845059,0.861489843157794,0.168546204042317,44.4541159554714,0.533179117915762,0.180141613957013,32.1089908705141,1.01078960979658,0.185851682542046,1.30325307163827,0.0285284992171534,0.162773159888435,92.0960619942828,0.480671093052209,0.118484381270053,7.22711126890421,0.104209633785484,0.197558853761467,4.00544398533237,0.0530985422814384,0.0907534909978809,3.66345594042931,0.0320821387453714,0.168115442734958,7.83381828565906,0.106830842984722,4.25087932093651
0.122219708048244,57.9916598558987,1.04,0.241953276858222,25.7990016756576,0.87193930671009,0.162125531029843,3.65292419736599,0.14282451282159,0.17018529559315,47.9093308411956,0.978172024154936,0.122679851421171,1.01158236655188,0.0049939186848148,0.190862236176376,337.389865403101,1.00779306392838,0.155805543074144,8.6145740489714,0.233574638485479,0.181246073997263,1.00577451078852,0.0136024462652206,0.157548198966406,9.86276078296599,0.191410898358345,0.187153590329707,1.51371812544339,0.0683106954872424,4.5526215048961
0.113145017102369,156.263933778434,1.04,0.249945549446741,41.8461409792029,1.1710127945469,0.198199029870232,12.7431360287119,0.567448596966436,0.0831837932033899,3.30278056177977,0.0556809659804558,0.192222910519592,1.18513668643434,0.0313931149700175,0.168177530153152,4.20635552139048,0.170927688298757,0.187494396314035,252.261203071324,0.838649721296254,0.186518761562093,1.01449885892793,0.0291821667376892,0.19277957223291,6.55321042588835,0.282778911844167,0.15976552733491,1.00288309926358,0.0173228513312725,4.20439681197195
0.110971301801234,296.207676960698,1.04,0.218494370737572,141.428727684403,0.679922855303513,0.170022629823936,7.00182581890258,0.270630570686969,0.18576397515543,37.8350640594363,1.20584491117793,0.178442951175841,1.00867425853989,0.00496601848694519,0.199121023965779,19.1787679790464,0.718817967898797,0.126183696874977,1.65979714701382,0.0487927548773144,0.176967238867116,1.017423759841,0.0120059585384371,0.152578571904258,3.33142973427318,0.108273763135204,0.160727017629199,1.00288309926358,0.0287249826045865,4.1179797827097
0.138736012459474,33.8276988438502,1.04,0.22939244035406,19.4568382303861,0.643055260697847,0.197612030984181,7.37423424898408,0.357908757876761,0.157429590005305,18.1578643020893,0.53211267552853,0.162224219087274,1.18855355314224,0.0170296874556773,0.143751037898411,5.10125365829453,0.15193052000523,0.185662225964571,22.2119479273284,0.577706257620105,0.173120582434671,1.00867425853989,0.0173216811293236,0.18922571214049,10.783461436218,0.356404686816329,0.18161092981189,3.43861929685961,0.108779435130928,3.80224896226073
0.140326948915073,32.9131476009994,1.04,0.222067673181944,10.9713498785374,0.447112175244222,0.186193898825033,16.9456122371505,0.57322343516653,0.187483876478699,21.5195511317025,0.898471147989305,0.199770152459792,2.89311263070037,0.0451552048365506,0.155931001051547,7.69966123740149,0.231847987524017,0.132561023643995,10.4473164853735,0.158672549868481,0.137617671618858,1.01449885892793,0.00356361663946942,0.196179212713091,4.49431145638251,0.214955333051073,0.167397071287653,2.12609122719942,0.0681136782796499,3.6811151285993
0.144199486168817,31.0864708846003,1.04,0.231945383483968,8.46704626823108,0.438809173314068,0.187011454310457,44.9689998212073,0.812213422214113,0.122655773017324,4.7881753057283,0.134698037056017,0.120823311339098,1.00288309926358,0.00322998563558696,0.190980347620945,77.26307576868,0.918174629167154,0.19666857161347,25.3571841881197,0.738230714878553,0.189562018165318,1.01158236655188,0.0191196876062483,0.149769153762637,1.96143148928283,0.0696352449398915,0.128018576086259,1.00288309926358,0.016523922186478,4.19063481699811
0.134841402401298,36.7266714647001,1.04,0.164099059874008,7.4382002633935,0.13776850145985,0.195387881738238,70.8700298451568,1.0500340582485,0.149929115287208,10.845730650619,0.35202775711075,0.19491915680661,2.6460963359074,0.0402569937846986,0.181284167665605,15.9056121278034,0.502701963177215,0.172399035941835,13.7731969804542,0.380242835493077,0.197170052631495,1.00867425853989,0.0178433670604752,0.142101487621055,1.60805750536954,0.0541414953335584,0.188554429923302,2.02454102487246,0.0876359701422211,3.66265294181035
0.13328756214285,38.0067179330526,1.04,0.142836020784221,1.35685404373703,0.0433199876648919,0.156051220092223,12.5249050903856,0.30142566752299,0.180528568862205,19.3451295709733,0.769876227840093,0.199956120741029,2.62334079957365,0.0451350096632766,0.0837875770448407,3.50861959151272,0.0390761329066743,0.176999726452296,33.8167824081596,0.544933043410069,0.199036850042855,9.50045567592029,0.060431616194623,0.144253688550077,8.84069935203988,0.140351233925364,0.195434498618829,5.65832869261085,0.167673493341465,3.15222241246945
0.117736582563004,80.391489902462,1.04,0.24650966812354,58.4375060149326,1.16288530367998,0.165687358201029,93.7007216607734,0.540918661089004,0.113398359388364,11.8923810771604,0.194927904727337,0.194194774596122,2.29134256329585,0.0384773466287047,0.196423383806232,33.4295886586368,0.866762050288974,0.128229353780371,14.8010516157109,0.152392834138119,0.18655570517599,1.27358007675926,0.0325358680418258,0.15466243993851,3.77045792255574,0.120790474061872,0.188582417634123,2.04799000112185,0.0881274181756971,4.23781786083151
0.125002841651119,50.4496814993611,1.04,0.154109347007397,3.33142973427318,0.0855741686654348,0.170478215279361,23.7325189301555,0.49285693583157,0.0542865438849035,1.66458250694606,0.0183359191331883,0.0943997392892399,1.00867425853989,0.00184832162494765,0.173778068704559,25.4302914671788,0.515775719685347,0.198439679888928,11.7224193723862,0.512963586122036,0.140862894231583,1.00867425853989,0.00643831830353394,0.185041309008603,4.3416960341386,0.190440079685774,0.197059252050808,7.50272113554967,0.190259986593733,3.05449303564556
0.139522612655917,33.3672900465381,1.04,0.195756620804899,12.1344753910871,0.2959034997627,0.186794117441515,5.87411217212038,0.267972945074188,0.138390563438574,20.9088468955437,0.399473925160585,0.155713817321165,1.01158236655188,0.0140663385529092,0.151567688323737,2.82724106811333,0.102647446633876,0.169242710665539,16.0898367576997,0.384089867804026,0.194975889601862,1.01158236655188,0.0115168651666277,0.18804720756105,3.70588742997801,0.169812530036232,0.18844184920627,2.56361151152847,0.102678394646872,2.78816181283802
0.142457055752286,31.8773741273602,1.04,0.2267364996704,6.22226476776323,0.330938841892799,0.14190011154882,10.783461436218,0.214690899595571,0.18613757361312,34.8045007827355,1.15898282662198,0.13593225529087,1.17494491051044,0.00911172664638416,0.146319224400954,3.51873529007318,0.119998495810361,0.184080166288569,5.04284557241036,0.226538947776022,0.194422066977417,1.16484078042324,0.0363715104254992,0.178695596970118,6.61005466738882,0.236028735937851,0.16075705634926,3.37973166401872,0.0733098305996621,3.44597181530613
0.140437551396792,32.9131476009994,1.04,0.203987332008532,63.5258869923343,0.467285136180535,0.19281574611303,12.8907317012169,0.541064017322703,0.117024714668959,38.4942931291769,0.275268706056387,0.125830994382146,1.01449885892793,0.00120530446192334,0.163109269171003,12.169460288151,0.326255893074069,0.154365717233842,6.2943333190863,0.194045805903575,0.104797369492884,1.00577451078852,0.0020745543933453,0.116282785454857,2.73123512958793,0.0528208816436925,0.199161674964269,12.8167214051892,0.226521726149098,3.12654202518533
0.130968045683973,40.6093504828478,1.04,0.17594477519469,4.46850800867783,0.141479555735269,0.17283270428556,8.78994173863968,0.329320197229277,0.137684479998567,8.56511470172144,0.255352450524731,0.196212320350297,1.06538573309788,0.0327388930498268,0.11093614519713,2.81100886708374,0.0630207978678538,0.193687839401264,40.7758103487437,0.805182231579967,0.125145081115622,1.00288309926358,0.00182597966495267,0.165055610129861,2.81100886708374,0.110133079552958,0.198659357579154,6.42246765119551,0.187063587750752,2.96611677295559
0.146619664672443,30.1770278183633,1.04,0.228271553561747,11.1625120439526,0.492802069656387,0.199715471135326,26.9375187251589,0.87530077139214,0.150519600219578,24.1460286404166,0.531655222578145,0.174401215505428,1.23387969717049,0.0222402772387944,0.192232211595447,11.3243557313592,0.483445878288573,0.182190547095521,11.0347040567755,0.403791569288181,0.191245824069869,4.31676880609627,0.0463396199047399,0.127529289741461,6.09812467340626,0.0885922870669408,0.184123169277604,6.11570617216135,0.139546281173691,4.12371397658759
0.129556736934793,42.4104148257264,1.04,0.175216359446284,2.02454102487246,0.0844866951201125,0.142648971598503,9.17784428848941,0.205724271517962,0.171147924733844,16.7034315396448,0.620812999943912,0.182979267491096,1.00577451078852,0.0064665021257729,0.160144676013606,18.1056638759021,0.355899807044214,0.193386051681615,6.7058929175172,0.315797974249093,0.195098795100101,1.79396288338358,0.0428988045440343,0.172078844530707,3.07341994620988,0.126743485724041,0.145974203231256,1.28093437865255,0.0373451273597158,2.83617566762886
0.136838940796938,35.1669814998765,1.04,0.227452416538122,55.8067423266136,0.773522387850763,0.103821055842169,30.8405617924466,0.0999602342041558,0.183190053555875,15.1458996051004,0.658091692273367,0.193799151101314,3.71657187129828,0.0412036823374261,0.167506559615416,5.17521601544173,0.205072641307228,0.163248923485279,3.65292419736599,0.143604253880859,0.171055483590698,4.46850800867783,0.0291734578879975,0.182424534091579,4.87160332233193,0.203060208992192,0.186666741213261,1.29204553462562,0.0588663284796204,3.25255488721361
0.115752877277015,99.6438600672692,1.04,0.203276916694128,4.62558101221893,0.210871764016359,0.193078032019232,6.53437118513655,0.308961427338294,0.177569101833116,18.053613516069,0.707962512390518,0.190719452852028,1.00288309926358,0.00277020983044104,0.0858226650507881,3.19062650772569,0.0400787334026563,0.199449915352922,94.2417974888951,1.05666812684999,0.172396311486487,1.01449885892793,0.01151797702624,0.175648985669925,4.70617602490094,0.183160876555153,0.191310989963888,3.59036651349369,0.12831720681242,3.69030883422207
0.156756511800943,27.6052439369847,1.04,0.137386753833953,1.92784124639408,0.0497634465443293,0.185122737648043,6.98169689372975,0.311847622238019,0.0826519144251437,2.34472828861258,0.0420969583780213,0.14288852197717,1.00577451078852,0.00461517350892235,0.103657520542017,15.9514695864158,0.0898908898127777,0.190334416352166,24.7086041684656,0.654547442439493,0.127135272530712,1.00577451078852,0.00186004757849952,0.19455435960605,7.50272113554967,0.314160520437257,0.130550882179608,11.0984240743995,0.0439799535835045,2.55276205452082
0.145739016757057,30.5236217030721,1.04,0.239190136435305,6.98169689372975,0.404508241615714,0.190408937233249,13.932723196473,0.550277107182598,0.165281422080704,35.8210683711633,0.814713824074454,0.170831008851686,1.01449885892793,0.0179135905818443,0.156580877897947,3.43861929685961,0.12920270772354,0.198361492564967,23.5962620603196,0.739048807836338,0.179960926712222,1.21274904899342,0.0283273695098316,0.131070060489259,5.20510035615579,0.0907914931959839,0.195186239850046,7.76645008964431,0.185622513584475,4.00040565530478
0.120933057067823,63.3943295954686,1.04,0.244169710160952,15.9974592566334,0.744292870544583,0.161255440395046,11.858192730432,0.321446370122056,0.180091033152987,71.4847748067636,1.31930866927361,0.164330084224419,3.33142973427318,0.0204595253120046,0.140017027782588,2.77083492243083,0.0916447918797299,0.182310946961743,36.3404329881246,0.6251195416842,0.17140538480023,1.01158236655188,0.0211206292146549,0.134967871768729,2.25859550568368,0.0657147491815995,0.186696540283091,3.83615347588896,0.124355845105197,4.37346299231764
0.13970933628041,33.2911667934025,1.04,0.24928994653072,24.4961185033437,0.975656025568607,0.109780423475571,2.29794873135268,0.0548094236799717,0.0738317786166859,2.29794873135268,0.0357552516610155,0.14367377841943,1.01158236655188,0.00385711597935128,0.198172428282711,10.9713498785374,0.504721345404893,0.189069576230932,195.804629465659,0.880563189530363,0.0910651725108848,1.00577451078852,0.00146933052452924,0.18959136723378,6.34893199363231,0.265619776404975,0.192078495780192,1.86237664548846,0.0846842999890448,3.84713575874275
0.110870709331776,324.543640928348,1.04,0.220929492313246,11.0347040567755,0.441221319194306,0.192820263729908,8.370100693918,0.389033015343652,0.162199262586068,71.6908725083659,0.894300447800374,0.0914937287628844,1.00867425853989,0.00257199734651344,0.103096897833188,1.88937898174206,0.0423768286940776,0.187838237263283,5.94214829246472,0.271420762762889,0.198339153305158,1.00867425853989,0.00314935027196785,0.163364861439892,10.9083594392703,0.220944525110397,0.19532136477296,7.83381828565906,0.187224087017293,3.49224233354147
0.129863030850257,41.9288471215546,1.04,0.232722605617297,4.66570449781614,0.268515909235885,0.192107435569122,25.5036095217804,0.753726757436328,0.189112020945042,73.3611898536447,1.59475304229592,0.173363362839991,1.01449885892793,0.014348057105598,0.127344122722136,3.72728711692345,0.0981997983730416,0.196044597571181,371.015751566286,1.05098868900176,0.196584277690865,1.52684850782001,0.0419447685548107,0.111078280516215,3.00344307348301,0.0496293171880772,0.104330451551337,1.26626799854054,0.01627073067398,4.9283770698654
0.15197384627483,28.6327002492754,1.04,0.163822989854863,1.34518555643637,0.0530747355243229,0.163542731662497,12.5972302899552,0.343196246668225,0.106962682518418,4.17018228211692,0.0979879743469526,0.199431354032479,2.26510726072284,0.0429519009624436,0.173125187252958,9.80613514975012,0.343144287707505,0.101682845111139,6.1865405227709,0.0672112532347895,0.186130592137498,1.00288309926358,0.0221944749657726,0.146955403403146,6.09812467340626,0.132136363650327,0.131754184231931,1.00577451078852,0.0239344445745859,2.16583168163492
0.146131759513719,30.315190586218,1.04,0.208937331913648,4.23064516672908,0.208412548323036,0.137331635019999,9.28414544519475,0.187091600423317,0.185635981242255,49.879774465365,1.34564670413698,0.169094471731144,1.01158236655188,0.00237364711127123,0.119264870864432,18.5809222819382,0.137970666485092,0.16384642950162,4.15819379664401,0.162331225323777,0.164562856666916,1.00288309926358,0.00785725545176501,0.199485581723661,9.28414544519475,0.382644495512943,0.174539748119693,1.75817161928149,0.0674050856439571,3.54173322841214
0.146843051256089,30.1081827451107,1.04,0.210162797228534,3.18145405986858,0.164432227826927,0.173025113960852,6.80312071291408,0.273643710448032,0.107643502387274,34.208460777616,0.213014217148518,0.196211178444066,1.56692699337341,0.0366239323538369,0.166503692622185,51.3366596640957,0.492795105125707,0.199741454730872,9.39167782086193,0.443363904214089,0.19661091583666,6.31248050684326,0.0540711567914252,0.135895397675048,2.60078095318014,0.0725464869525438,0.18586551311205,4.58580257506987,0.132560545888608,2.92305128674969
0.131182451821252,40.148233755735,1.04,0.221655808175942,83.749215037991,0.702514154763104,0.146006434645394,69.8571804408421,0.325846555686282,0.156287297490386,14.4640552653053,0.462941230609062,0.173069667858161,1.00577451078852,0.00622015877870363,0.173281792317575,5.40359972355987,0.224032966580627,0.176673397367953,23.1254942116391,0.494159879667025,0.155230430046252,1.017423759841,0.00872466898679821,0.178683019575519,2.72338334507132,0.118396643555682,0.174540545842275,13.4984086137474,0.132765056930638,3.51560131555792
0.147438446496944,29.9025884608853,1.04,0.233974986825651,10.4774371358388,0.513190083600687,0.199410409305484,7.39549489831676,0.362343522833952,0.166956448638564,9.33775684323017,0.375007126898081,0.180821870551851,4.63891702142887,0.0314741665598079,0.198735217486875,10.5987906532703,0.491674764558591,0.149674406009064,20.9088468955437,0.269412361127276,0.147558801194738,9.33775684323017,0.0163885180972706,0.152626690496854,3.11798102843626,0.103484354797981,0.163279177910337,1.97275779657863,0.0616616969103324,3.26463659538398
0.113322427348766,152.039248690941,1.04,0.247913661084206,8.22675961020021,0.493687665693244,0.159554521036688,8.54049161663095,0.266202082220205,0.111414405395991,25.2842870786632,0.223300777224298,0.141989512668745,2.13222095925085,0.0111818467893963,0.145782144746703,5.62584220609726,0.166452229202235,0.0728538966415406,1.62668261683323,0.0207800738785503,0.157038584994466,1.00577451078852,0.00966984084089043,0.186190131703777,4.14623977579979,0.185447747616137,0.156116615885565,10.4473164853735,0.0834833483511662,2.50020561181612
0.13242553090276,38.8847728421275,1.04,0.207910802239935,28.2886943462597,0.459070189297612,0.187397302144051,44.5822815844455,0.821581150366907,0.173409107522318,19.5691919526579,0.707058663904243,0.146560077624877,1.00867425853989,0.0108734695793607,0.184892146610663,76.5986393670066,0.800565825561417,0.199022854173061,28.1262788456248,0.803689994794402,0.195166135447486,2.70774742833384,0.0474746844725565,0.167640156687085,11.7224193723862,0.248835305735686,0.188680845539616,2.9350594625955,0.111124792458544,5.05027407617073
0.123026731351882,55.6558708027315,1.04,0.249312854883685,12.9651693704974,0.702485762386856,0.128137562025762,3.21830282695794,0.0912337911469571,0.184886560298356,23.4607874898523,0.916508665747495,0.199414463533578,1.00288309926358,0.00493511491439597,0.16139499969873,32.0166835936232,0.409410956553538,0.149845070004478,14.9724828208773,0.254196265520569,0.19969084720702,2.89311263070037,0.0522777805635699,0.130627929680751,8.73947554283164,0.103677184706739,0.199191449816905,2.3787241732935,0.109774301736157,3.68449982327628
0.110837716139435,322.327488657669,1.04,0.230690129486672,22.598963573615,0.68140480325367,0.177378188063856,72.7303083552848,0.698802115158952,0.0977839170911846,6.1865405227709,0.107016712826579,0.171536296219176,1.01158236655188,0.0125790475419692,0.105864536215572,1.53566531100084,0.0368571990950928,0.142958219370408,82.5523008734509,0.263477210481179,0.129467984663536,1.00288309926358,0.00404715227491786,0.160074367775833,2.49804006667886,0.0947492124142545,0.150601430124661,3.19062650772569,0.0595739855987914,2.99850743864541
0.110697373326976,350.750564638961,1.04,0.1933225034895,2.39935784176774,0.113140039114048,0.15814154581052,10.5379392096157,0.291032253587348,0.157710168654014,22.0209326641103,0.585283359024188,0.169929962512332,1.01158236655188,0.0102941623264407,0.0828345868937713,4.24284253669373,0.040381405023265,0.187068839489829,74.2108860452115,0.76260485315769,0.177517911035833,1.00577451078852,0.0130006981546246,0.145630316131472,12.5610156350281,0.156745992668929,0.157871008240502,1.3686237465133,0.0460260999942817,3.05850886305082
0.144284125068029,31.0864708846003,1.04,0.20332243733813,19.6256118755653,0.385317985849711,0.190782328199393,16.8483214233231,0.618336362862334,0.118372873728482,4.74699861247518,0.126987908302346,0.199985249058409,1.16149208345279,0.0357894493049551,0.192236854708043,17.2905756504487,0.620160111950405,0.195241474085657,50.3124445249891,0.860876803116618,0.174632472322796,1.00288309926358,0.0217474746215296,0.173793716347201,4.37935702804035,0.16992476533535,0.164589319583586,4.11058351166975,0.0845854195503703,3.96372628089362
0.119901587648168,67.7354607072957,1.04,0.215810514107388,158.234006630177,0.631975021872338,0.18973100402461,17.0926028588123,0.609142985064753,0.193050859238666,28.6163443734521,1.15443578876339,0.188768427137976,1.00288309926358,0.00674771716357255,0.152546605664878,6.96162583541039,0.208713070641757,0.174847828095253,40.6585876047624,0.534300139826041,0.173324547139926,3.39924796097488,0.0300980908678065,0.165720843315562,2.57841511385935,0.102522300551289,0.190338120608592,1.26991877487462,0.0591489390284741,4.37708405377942
0.15459844907148,28.050139672377,1.04,0.220735106249588,7.65545473146367,0.360418673913837,0.122093541729581,3.71657187129828,0.0921028416259397,0.165801737656549,10.2980071327174,0.405636111064801,0.197747940558449,1.017423759841,0.014931169025874,0.19638945170934,12.4529951356256,0.5406845409229,0.19499832809667,8.41843393067599,0.388170515376513,0.176963747883513,1.017423759841,0.00201678763635262,0.192547592158262,4.81582467568853,0.221837201766631,0.150360468056204,1.035151107089,0.0346461531092221,3.10044399444207
0.136598967298313,35.1669814998765,1.04,0.211174258408071,23.3933421622917,0.470499903507022,0.135836197709406,11.0984240743995,0.192952395620623,0.189770219296695,24.0766133741283,0.997638515990362,0.140054416362555,1.00577451078852,0.00286740896272238,0.195560003381021,69.0573330958311,0.997679870312092,0.142617402724627,13.7336016436691,0.212201808176195,0.198193667842665,1.00577451078852,0.0295318890798217,0.120633100057156,3.4784466459882,0.0640121875842363,0.164309831987247,4.82970917626452,0.0877596278593427,4.09514360709242
0.121811961397698,59.0610138992319,1.04,0.175856059836022,9.0989179220007,0.183722527609953,0.196714608004719,16.7034315396448,0.666118567800859,0.186451125924565,63.5258869923343,1.47470605644304,0.198285570724358,1.00288309926358,0.0276772634460039,0.193208757072208,6.25819530279368,0.296189664580084,0.17842213714846,6.42246765119551,0.267513449236222,0.177126984918044,4.54636621906863,0.0336675630142022,0.175533084077516,7.76645008964431,0.245448160625623,0.16435400505257,2.11388457789867,0.064744098046728,4.29978735080272
0.139812068429739,33.2152172058436,1.04,0.243133698437562,6.09812467340626,0.367153565493389,0.0868008103992328,3.40904833026788,0.0435660427768534,0.110508190388255,10.0346071582177,0.17211970628439,0.181353357542779,1.01449885892793,0.0202605344448999,0.190610502367606,36.9736199650277,0.801904408137963,0.171439833790249,5.62584220609726,0.224070038425615,0.162037503536129,1.58051892322707,0.0205445131187264,0.1144821708293,4.45566189315493,0.0601485379763211,0.194380533146441,3.48847535295163,0.132897765376267,2.88266511203442
0.136047978951483,35.6522228135964,1.04,0.152603899112786,1.62200621191813,0.0556423160857092,0.0791307011436675,1.36076598863131,0.0224897407356421,0.139833388359428,12.7798757548119,0.332851858257369,0.172811101055159,1.1028352210931,0.0211717803039448,0.120614453682018,15.7688292262238,0.138717904791563,0.175671471586217,10.2980071327174,0.351727003312684,0.116655105505787,1.00577451078852,0.00140285685895791,0.116596740554184,2.04799000112185,0.0460776198805869,0.0808458687095434,1.00288309926358,0.00843358961773026,2.01851466984419
0.114314050743702,124.640358122733,1.04,0.23338620617155,8.54049161663095,0.445360061479959,0.146558022213702,14.716073490575,0.263586533381258,0.170564373450324,9.39167782086193,0.388146152140623,0.152466949806311,1.43314150019665,0.0139120075324989,0.173079218843909,8.68929909148323,0.319656427010383,0.188568888202314,17.4405585739443,0.558114637030625,0.118868297648315,1.01449885892793,0.00572107673148928,0.163159859454448,2.43414579263315,0.0952172775046748,0.195121797515986,14.4224738415937,0.21398430985328,3.34369848266479
0.117241549663558,85.8965563676913,1.04,0.244664597848536,15.6782947440786,0.742371474655925,0.15549158983868,14.4224738415937,0.31342135367904,0.178272907896886,33.3334849128322,1.00129914439199,0.166484685265492,1.00288309926358,0.0138335770215647,0.192731665011915,12.8907317012169,0.529903959484089,0.184950912077552,7.52435222533039,0.322136479703013,0.143927861119889,1.01158236655188,0.00612505609379779,0.165617604872153,10.8145512259435,0.233731028966168,0.124144097266849,1.00577451078852,0.00870906980753347,4.21153114380312
0.153356050760021,28.3075776637043,1.04,0.240314847278511,7.37423424898408,0.42626372730844,0.116578425733605,5.01389279437678,0.0971646524631432,0.133375838748547,12.345903576098,0.292675070533316,0.197234352990936,4.40464567244553,0.0451903350597239,0.155966523223447,4.55947384416678,0.164767452395497,0.159908894367614,8.06262793911584,0.243519481403842,0.186537307250928,1.01449885892793,0.00544190222907076,0.182435455511525,4.20635552139048,0.181029491210756,0.188591015082716,2.44116367657533,0.0996357766672966,2.59568788927109
0.114195093041404,125.211012627487,1.04,0.241661859752734,5.80685504843578,0.346929341726444,0.139854501344746,25.2842870786632,0.25159597626262,0.199253962415885,72.1048522251035,1.94321088463137,0.191039434706544,1.01158236655188,0.0133764647062551,0.18459527261594,102.743164577046,0.819758790226033,0.197939158861074,10.7524610237587,0.482826286389597,0.19335229144273,1.20578622343754,0.0363681763328104,0.199931118891409,7.90177085082341,0.347843931372393,0.186958681587573,4.31676880609627,0.131317431947759,5.41322728359528
0.155037584655282,27.9222999702044,1.04,0.247886499416512,25.8733827583896,0.961803230573227,0.0912852258425598,15.2333597657718,0.0662501013758224,0.133098147664605,12.9651693704974,0.297769649090005,0.172744129703047,1.36076598863131,0.0218476160853266,0.143406263377874,4.97077500682395,0.14900445840526,0.163482581560159,8.51593931825384,0.263169409712675,0.146232454858336,1.00577451078852,0.00887208945550753,0.171540338439473,9.39167782086193,0.24740957362937,0.198970577726871,4.760684680679,0.165524112248315,3.22165024057551
0.151166881873843,28.8295634579869,1.04,0.175464424221801,3.16318819550752,0.116474553148947,0.0965518692912232,3.99392909131044,0.0580615759520162,0.188802633890885,25.1391209535034,1.00759722530499,0.171468511874286,1.00867425853989,0.0160280918909677,0.179364728048976,15.8598865007128,0.484515714784458,0.174518780552173,17.9499612710559,0.436315576694751,0.184085186271573,1.00288309926358,0.0185450474088481,0.143202632471679,11.0984240743995,0.145160173775818,0.189896604349263,6.06311316104581,0.157705453599092,3.48040341255989
0.119247923236638,70.7395945232231,1.04,0.2224099604899,12.0648070327153,0.466635214642267,0.167480013082595,22.6641186288517,0.456096618063198,0.170281596496246,10.4473164853735,0.42632686304681,0.141845239606428,1.00867425853989,0.00673965734463717,0.178697774446844,22.2759871780403,0.539983653632136,0.158440760019948,19.738940183072,0.32706730975976,0.156178337497048,1.00288309926358,0.0106423862970684,0.185182457892605,13.0025492407616,0.356518077008343,0.194952632592665,5.89104782059798,0.168234326989704,3.79824410678392
0.111061915974426,289.519027758169,1.04,0.211550652591547,9.04667778353943,0.349315358152663,0.172727080120156,9.02067029565308,0.331327941983301,0.194200126485594,40.308937459768,1.40829663180575,0.158909309719575,1.00288309926358,0.00642004747925954,0.197358638282186,50.6029742786953,0.988737974172506,0.194941099714563,39.0524164547872,0.821751415632769,0.185123573178107,1.00288309926358,0.0145471472422833,0.137963806187124,3.84721348715026,0.0926216627932391,0.198765972759632,5.6910027726913,0.17849726087397,5.23151544013574
0.152177557014345,28.5673783641001,1.04,0.247567704436316,6.42246765119551,0.394328690201169,0.168745322699979,17.9499612710559,0.435726362053058,0.176069413229926,44.7108167276501,1.08577248158566,0.148474135437964,1.33361741419236,0.0126190733265193,0.178402340829785,200.944335843297,0.746030152514422,0.150834293264082,9.28414544519475,0.219131807948594,0.189379633825443,2.11997911696849,0.0396945256702354,0.186705356004791,5.04284557241036,0.218216749627941,0.196923247682495,1.48779514022745,0.0719125529300015,4.2634323958576
0.132874461757544,38.4432385901807,1.04,0.243602729613009,33.5259694810802,0.973234939504877,0.185646231676354,6.94161247758823,0.311295198146436,0.142813005879934,10.5076446271293,0.313730035560993,0.15444428287776,1.01449885892793,0.00557244254198965,0.18260349668553,36.13178957939,0.675964361340794,0.197587133747262,11.7224193723862,0.511600338508279,0.186300925960335,2.25859550568368,0.0374091845991941,0.196902043800008,10.5987906532703,0.395861027384932,0.187106470301008,4.02857346483847,0.12667463192778,4.39134215951527
0.14674518451481,30.1770278183633,1.04,0.190920293581546,2.23917234584048,0.104434585735328,0.131752007345748,13.4984086137474,0.185344022096034,0.187624287554667,23.7325189301555,0.955693183954133,0.137658468054914,1.017423759841,0.00682182313255704,0.147926254752833,8.94309557251015,0.218375094806902,0.175559039732514,12.8907317012169,0.39122635326572,0.184478520165448,1.01158236655188,0.0152891657604743,0.137785721628641,11.4555185704036,0.128199884925813,0.194053755950483,3.54925770971272,0.133313146861124,3.17869726053809
0.111431492752974,242.274309027511,1.04,0.205462352455187,4.17018228211692,0.199908356480342,0.171175747329899,15.4987821679022,0.426817012218182,0.181932338111645,44.7108167276501,1.20536959854967,0.189063655527495,1.01158236655188,0.0184664485418999,0.181876564722058,43.3170791620244,0.684262441176384,0.167434638281174,8.78994173863968,0.285426379951523,0.177604483504403,2.52697328239242,0.0319514195854567,0.195938967441699,8.06262793911584,0.335369521858124,0.189816630544852,3.46844676966084,0.123627666236064,4.35119884459765
0.131416491541666,39.965256476262,1.04,0.212026379669143,15.189566737098,0.43272048100877,0.16949874190809,23.1254942116391,0.481268929632155,0.155307289872526,62.9795857825214,0.757085963915672,0.167497645708706,1.01158236655188,0.0173154466752532,0.177952691602997,13.5373258656811,0.436383841812749,0.156562508732696,20.4916955329151,0.312381146739076,0.173557291272607,1.26262771749805,0.0251264972421579,0.159182413873401,5.89104782059798,0.163150166193814,0.167329451581928,1.74807732789242,0.0609380514724108,3.72637052469206
0.137267842944131,34.7676625445411,1.04,0.236348294130569,5.41917883794353,0.316091776282895,0.190385103416654,17.8469041306121,0.627888378156002,0.199800885577678,52.6842036818354,1.74429465337542,0.197323449512638,1.20578622343754,0.034442423987224,0.113302048757556,3.1450272019994,0.0703242440558745,0.103113277758618,8.01633751167032,0.0733379711583504,0.186593030556085,1.01449885892793,0.00633828174008834,0.144596225139902,5.07196553857306,0.118557926942027,0.196814295233517,7.54604567969013,0.191674525929016,4.2229501816269
0.136101347015563,35.5708867752697,1.04,0.225465094127681,194.680445134914,0.806399488263277,0.172048643271569,9.52784643268317,0.342387690468301,0.136311874986483,11.3570049730287,0.294234830790366,0.198732591180179,4.8997344482741,0.0471064635724985,0.169444101112649,6.22226476776323,0.242532735448181,0.193600634380661,9.418754960271,0.417340746511434,0.169699865631843,1.01158236655188,0.0169134450721892,0.172376292658854,2.46233896144414,0.102976005082578,0.167145434141667,2.90981894079874,0.0785602976460515,3.38845170285488
0.156745065598298,27.6052439369847,1.04,0.163250976837949,1.93339940407185,0.0717779757175791,0.188251105403727,11.1625120439526,0.46400163045395,0.174518017721443,43.9451273819645,1.02987959817311,0.194388899211578,1.95579274466099,0.0376916290483683,0.170518355312698,4.91386086905364,0.201428866444132,0.166054422071112,20.0251322921732,0.382878948786393,0.165901690990951,86.9430374560293,0.0270759290768593,0.194042007916319,13.8527304550101,0.432738922023106,0.185361886892194,2.28475538672293,0.0911693776398418,3.77864287736334
0.115595189466528,102.881531609986,1.04,0.247110145983482,78.1579650331584,1.24666183444517,0.140895787237241,68.4634633145046,0.288043767090855,0.193123895978545,13.3054941313703,0.629220831531395,0.170898317770503,1.017423759841,0.00342545137807089,0.173653602131419,10.690727303607,0.362121501462051,0.100785458715199,1.60343464412786,0.0352479414448039,0.180627621288167,1.01449885892793,0.0137609169978904,0.176732719301883,9.31091255809072,0.270721142619284,0.170697382071353,1.94456383978917,0.0680748513850861,3.95727823835461
0.120097917938071,67.1194531790898,1.04,0.171436123462583,7.56780167843215,0.159887020578721,0.155258704918205,10.4172824260824,0.275379683780417,0.183940946912039,11.9610537599916,0.536569002594751,0.170684292338005,1.00867425853989,0.00328036813689484,0.192574281903343,8.25047817477399,0.37972688159954,0.198983596684493,26.4000896312366,0.783447386549968,0.145558121327988,1.00288309926358,0.0108657526704166,0.187517295820531,3.28381811862624,0.150587111921931,0.191059330438955,8.73947554283164,0.177678967187013,3.51742217501965
0.136317003265518,35.4087709489502,1.04,0.218443647568262,4.08698318318596,0.218777600764623,0.169236499852321,17.2905756504487,0.433333479195104,0.191924008915562,20.0828667363378,0.896246551895349,0.132345397313767,1.01158236655188,0.00785864775744726,0.174115458265332,4.99947880072813,0.210632034163905,0.198363445471923,185.916240759802,1.095646523563,0.194153303271703,1.53125056362849,0.0397412595158213,0.150542628057466,5.28056837192541,0.134677440751927,0.127092895044748,1.71320152422168,0.02993401311535,4.10684755072253
0.133694825455267,37.575153941676,1.04,0.219382004551091,28.2886943462597,0.584064236953599,0.19187293110507,23.0590127888488,0.718167751238891,0.198375278593784,29.0312487135558,1.24803666187912,0.173223791011438,1.41265954868704,0.0221762388636842,0.152838077461647,4.49431145638251,0.156931341513333,0.188425803309537,33.0468281812645,0.690429078459328,0.158482812834492,1.00577451078852,0.00182457761833019,0.133034762875375,1.2232687477884,0.0382637964595293,0.191079603218763,6.25819530279368,0.16258798864171,4.66248167162752
0.148040011326278,29.6983980810424,1.04,0.232025354796882,64.8190894156514,0.874548092938079,0.191907735553193,36.6556592993152,0.844247984563517,0.19279549034624,37.4018619842125,1.34387372034537,0.148843667291022,2.78683513858361,0.0135501482763244,0.196758697185757,11.8241026687353,0.524298264139106,0.179112745889371,11.2269700901773,0.387693575749564,0.17702148054354,1.78880557933512,0.0294572058424701,0.192372204072593,4.15819379664401,0.194750740075894,0.131180773064226,5.3417298504113,0.0419679330834173,5.29438766501374
0.119053359370327,71.3888269097306,1.04,0.122256222710078,71.6908725083659,0.0577254403367986,0.129797386240882,7.4382002633935,0.148640839712191,0.198486979548108,55.009172100585,1.75618820348723,0.185266226260845,1.017423759841,0.0176893698606893,0.182788181778252,59.4557070854439,0.745128809600283,0.171389773781691,5.3417298504113,0.214928919846115,0.181568069101101,1.01449885892793,0.0235200840350236,0.121910795088864,4.74699861247518,0.0725229580513399,0.140349643196387,1.98987000774274,0.0411981361594259,4.1175427610891
0.127340179929474,45.5220735006315,1.04,0.210438313125529,93.162752342285,0.554690047013054,0.159320306604831,5.10125365829453,0.188248497165942,0.181032165909867,23.8009421380058,0.877609259684285,0.192110769402928,2.1944987299355,0.0363141434502433,0.193629677512759,25.9479782891666,0.7541652287236,0.147054045354315,4.63891702142887,0.144983664085075,0.192640004859057,1.00867425853989,0.00897754307399528,0.167789977809764,4.00544398533237,0.149672307848956,0.171243718332121,1.21975208146059,0.049473985549354,3.8041346765945
0.154231901828074,28.1142788446691,1.04,0.245149569253908,8.29812065000463,0.486476556366724,0.180243654768723,15.7234968241093,0.502772611845738,0.198794971196352,17.7444386780296,0.85657231295082,0.179714923111314,1.03813555048354,0.0238280938338353,0.199956893312004,44.5822815844455,1.01279605424306,0.178924397845145,31.018650949241,0.55132746034571,0.14868747364414,1.00288309926358,0.011260411791741,0.188106339823814,5.95928009583079,0.249721912328773,0.199951495526675,1.86774606222357,0.0907621062694994,4.8255175199759
0.13316886793075,38.1807282225453,1.04,0.159896968850126,1.5850757161707,0.0591991597925657,0.142894639951032,12.8167214051892,0.234337877652855,0.194322013547115,16.5121814020749,0.777961908120581,0.157968785643508,1.00577451078852,0.014961040950161,0.175058043500577,41.9667875574435,0.588114490827041,0.124948301734046,4.0518365057735,0.0944771304259642,0.194415714481493,1.64552345116496,0.0410163273154818,0.151973840581053,7.76645008964431,0.158934649257051,0.0856157469061176,1.00867425853989,0.00251150174052515,3.01151408608223
0.112845612866475,168.112570265825,1.04,0.184778181556849,6.98169689372975,0.201584959452658,0.190749915724402,12.1344753910871,0.505739561356438,0.194123394105662,56.94280539997,1.62536916405709,0.128448032895971,1.00867425853989,0.00393776114726896,0.183685681946964,18.3681753422353,0.556232372165346,0.192453002449776,7.08292353206951,0.328807698462531,0.1923535799632,3.81412874828321,0.0472211978664545,0.180915447250728,4.97077500682395,0.203111327960047,0.181738251678763,14.257340102472,0.156238360855105,4.66824240332294
0.132949568755763,38.4432385901807,1.04,0.205658186875281,10.5076446271293,0.337569190136991,0.159967136411751,86.6930926644114,0.469412132368018,0.199838611002716,21.7687984609418,1.02780501249086,0.168443724222859,1.01449885892793,0.0156522524100813,0.177886907935706,10.6293480187976,0.386785985217958,0.145502209729708,5.67464221589759,0.160587436897156,0.157981069123576,1.01158236655188,0.0153596159693626,0.0681409945224144,1.00288309926358,0.00996459226151244,0.184458167577103,11.2593385593765,0.160617249361356,3.6237534671133
0.134709995590671,36.7266714647001,1.04,0.242967753562269,6.62911211113257,0.395508829192435,0.17153607963383,15.4987821679022,0.434232254471042,0.180512785421473,19.738940183072,0.779432641598807,0.178894082075331,4.48139116082693,0.0295319083243987,0.185706761924808,8.94309557251015,0.379605769214803,0.173338263494781,19.738940183072,0.439134994643312,0.191915602692068,82.3149786192126,0.0538774575664128,0.13336608021446,4.15819379664401,0.0886020929955557,0.1538386067946,4.80198009042612,0.0700964935633778,3.71002244157014
0.115589336816081,102.881531609986,1.04,0.211898563605349,3.49853297367273,0.181424730583483,0.197970067123163,17.3404260963733,0.69374564565973,0.17033001039708,15.0589415844573,0.570179386477682,0.18383861377783,1.00288309926358,0.00952996733805487,0.131995089066923,4.61228334151361,0.119273775096111,0.179346171126335,14.716073490575,0.442701169322673,0.197188013787392,1.46653209822205,0.0419116902558996,0.169437404040836,10.4473164853735,0.249399226397727,0.151768692683479,4.11058351166975,0.0648684032446789,3.41303399437604
0.121558252151266,60.150086606815,1.04,0.206217011504489,95.3333405319193,0.498758319113281,0.157554267964528,7.58962040187813,0.241601982980722,0.161012246831768,38.6052759973495,0.758589031424774,0.17784998195901,1.017423759841,0.0135421282355867,0.197236820597802,55.1677690041581,1.00576761555557,0.161964942621033,8.63941072106801,0.259812966986426,0.163314321778799,1.01449885892793,0.0155506636994938,0.161117749723684,7.58962040187813,0.189321966982852,0.195512184993168,6.36723659478765,0.175054956069769,4.19799963104847
0.124161186196866,52.3273987848124,1.04,0.23836869233958,178.05847137711,1.08501275827295,0.173072848010795,16.4173790695188,0.453776317934659,0.19640917889929,58.269509235766,1.72758527866039,0.161954222503574,1.00577451078852,0.00134156683637441,0.124086566380856,2.67674439360146,0.0741374994747066,0.199160524372351,25.7990016756576,0.78038034006112,0.166223064096799,1.00577451078852,0.00701983131641334,0.0991414300026241,4.77441020717598,0.0418002189286438,0.194412691521024,9.02067029565308,0.189899802954527,5.40095361443978
0.12374415052575,53.6587145696673,1.04,0.241601273402454,66.5205358429982,1.08996338264383,0.170631610044126,12.66997313217,0.390411254896895,0.178813241101746,53.4480645187486,1.20419231677886,0.129923627074509,1.01158236655188,0.00183913067271033,0.157057324803879,9.07276025359497,0.25602473035598,0.111920064118138,7.69966123740149,0.0903773012975821,0.197197520142672,1.01158236655188,0.0209208719090971,0.144417968058388,12.7065019223768,0.151373816653973,0.181176056077776,8.54049161663095,0.14436798154451,4.38947078675344
0.11901172153623,72.8714689455414,1.04,0.229822006108053,24.0073976636039,0.690627335151694,0.187235940285826,33.8167824081596,0.75360720692159,0.139816265101014,33.5259694810802,0.46779060610886,0.189101729991012,1.01449885892793,0.0233046648831729,0.101377347404471,3.61109912366059,0.0597233819760458,0.126912079408925,4.44285270778494,0.102861756624477,0.185220155338337,1.00577451078852,0.0188541160888604,0.138659100009625,14.4224738415937,0.134915998296834,0.146199022205043,1.00577451078852,0.016091812860033,3.30777687891157
0.118644432030045,75.0675915245416,1.04,0.237385183030893,6.1865405227709,0.359462891929113,0.197915280128266,10.2094477434412,0.480317565045211,0.0726507552585447,6.8227347852315,0.0603858792001828,0.144340365193222,1.01449885892793,0.00174440182287731,0.181583062239067,6.59105201019205,0.286322365639547,0.092939706917095,1.85168407581574,0.0341664320911793,0.167953705007818,1.00867425853989,0.0136514336852326,0.118078151398658,9.31091255809072,0.0765828887382709,0.150798541426832,1.7230944249062,0.0471465096295736,2.39978036778119
0.126695589929309,46.893969180851,1.04,0.24698915361977,9.418754960271,0.546008773046493,0.182859322120568,87.9500435849786,0.80728242466384,0.0816368547579634,4.54636621906863,0.0651129273969925,0.199462420887767,1.54453302690677,0.0391188544358453,0.163573304506754,22.598963573615,0.404231027163559,0.17846248339373,14.6737675621227,0.433875488125231,0.198325625467318,1.00867425853989,0.0350450568991761,0.16311752311659,2.04799000112185,0.0807163929990225,0.18307801091902,1.33361741419236,0.0590400369637643,3.51043098169392
0.131045136455902,40.4242716443185,1.04,0.240034913068749,10.9713498785374,0.563125553684151,0.120687749175535,4.45566189315493,0.0994789762517674,0.176230699008575,50.6029742786953,1.12267048894012,0.180520182134965,1.017423759841,0.00383818361034907,0.141372947029129,3.88058521159597,0.122482996474246,0.19206230426698,5.82359678794962,0.273973052336047,0.178483488571159,1.43727338940046,0.0288719753156828,0.197496717726068,14.6315832552147,0.466582474749459,0.186697329245505,8.71435120329488,0.161032076858518,3.88205577822034
0.149508171381305,29.2941907536181,1.04,0.210344394779853,5.31106107095859,0.251446457463055,0.198671174155722,10.9713498785374,0.511853673401488,0.195236577930428,26.1730577614343,1.12080357991553,0.17667946527252,1.00867425853989,0.0179546033397988,0.182798313236383,11.2269700901773,0.426297394922596,0.133431525979824,93.97087014239,0.203755583669134,0.152751710638854,1.00288309926358,0.00962903906895801,0.166194224721181,4.85759838400825,0.165244352373638,0.10523133632065,1.00867425853989,0.00773973417874664,3.75472441833294
0.136467497608506,35.4087709489502,1.04,0.203683305908764,12.0648070327153,0.344863032171742,0.19125680935066,7.45964533309522,0.347403110697161,0.179044678019368,17.7955976561148,0.71402926013472,0.169747450253396,2.01872085226992,0.0220243984004984,0.0929828663661501,2.44820179377353,0.0418947081148736,0.193755786542029,112.983039304716,0.941311508333528,0.188071058106838,1.12528574084121,0.0320008573406421,0.195064357565603,6.25819530279368,0.279844326699907,0.166922223703939,3.70588742997801,0.0856754583717781,3.84904666026485
0.143744657113808,31.3002049143139,1.04,0.18050255388729,7.85640396138943,0.193826697856377,0.198008600259348,33.4295886586368,0.919257867645512,0.171141028093943,63.5258869923343,1.06861523611982,0.174801935887424,1.00577451078852,0.0154990605941762,0.190710397999152,325.932960987591,1.00344400019286,0.180555959999161,34.6046757095179,0.586079624596014,0.180271414807967,1.00577451078852,0.0171497610298946,0.198031463576773,9.04667778353943,0.371088796628517,0.184657325528864,2.48369792620856,0.0959077866761957,5.31086883133937
0.132333533990003,38.8847728421275,1.04,0.219566549826361,30.8405617924466,0.587387598517852,0.195793020500401,15.7688292262238,0.633948697489129,0.179817459455133,69.0573330958311,1.301670177329,0.100015165410138,1.00867425853989,0.00233940363978822,0.182149829759347,38.0535430450317,0.669056885774933,0.199882790178139,21.0295852575175,0.73181136909573,0.174020065953612,1.00867425853989,0.00884104217907342,0.198984771300535,11.4225861207707,0.428497055716208,0.0514971094655551,1.01158236655188,0.00108035299463464,5.40463258273635
0.154000451625512,28.178564676959,1.04,0.227027797991971,4.52026390637434,0.253121620965625,0.183477584739848,23.6642924260888,0.626300761054146,0.153435531091997,50.167805761144,0.694379393709902,0.104519347116352,1.02624915657849,0.00151932455118199,0.163010892382851,4.73335188912938,0.182491538997243,0.120316109765184,5.22010717715947,0.0970435796771488,0.19726273919912,1.01158236655188,0.0271048942138309,0.198778337438357,17.1418825295271,0.508680444080408,0.170339193286521,4.52026390637434,0.097244390337955,3.52788594758744
0.146993153047797,30.0394947331876,1.04,0.245928693298469,66.138617681658,1.16598239971352,0.145456552525601,38.3836293157633,0.308110179186349,0.150467475369531,16.8968968064112,0.457503895018936,0.195070969426714,1.00577451078852,0.00127481889414059,0.110847846785213,1.70827639380871,0.043169336125894,0.199711349909091,134.673553810649,1.09171869843621,0.127120362847548,1.00577451078852,0.00342488860733105,0.198415838939536,4.88564863828298,0.235284000335193,0.185109192990511,3.30278056177977,0.112908362710853,4.45937657902843
0.118429913108332,75.7565453123505,1.04,0.21175276422286,19.5691919526579,0.45445697204382,0.12499977371529,4.91386086905364,0.112830923322936,0.164481114457277,18.5275056440599,0.601056536343304,0.147485990256638,2.46233896144414,0.0129799110084168,0.130456684099118,12.2397329678754,0.168935745418644,0.175636832706265,14.2163529457634,0.406136573528601,0.195043849661457,1.01158236655188,0.0175618599136113,0.129406510812232,3.36032741709575,0.0747434096671475,0.195848505940883,12.5972302899552,0.21016632206915,3.09886825331563
0.154559032905967,28.050139672377,1.04,0.172831272236991,2.09570588324384,0.08464612477978,0.198366947519722,25.65088039011,0.847217688240885,0.185413855254416,12.3814980416064,0.560964641935315,0.196651806716562,1.017423759841,0.0240705085279714,0.191442191344617,7.58962040187813,0.349943232607504,0.197974321457899,9.86276078296599,0.452594593595256,0.199197589579247,1.00288309926358,0.024072854099524,0.130166683478659,3.31230280598519,0.0754165469976009,0.152625991563341,1.00288309926358,0.00350271759056846,3.4624289083744
0.114180318528105,125.211012627487,1.04,0.145779435242547,3.09116744284691,0.0714547668147495,0.154572312124332,3.73803325566538,0.137908405765513,0.188984438427018,26.2485172849919,1.04035737675157,0.134342114733407,1.01158236655188,0.0037738103055461,0.19538435387742,17.0926028588123,0.643779973919217,0.197125027850389,15.2333597657718,0.592462688946845,0.126285118387511,1.00867425853989,0.00430896940769878,0.149033539411121,13.5373258656811,0.171808974820612,0.160130072785621,1.1817296425721,0.0429184658139146,3.74877343254567
0.125758705351466,48.5283797398005,1.04,0.2291566581694,17.6425615162172,0.609405873853078,0.129595434271617,10.3574730860055,0.164820884723218,0.193323402745392,46.4158883361278,1.49713201110668,0.166710057576777,4.27964604980107,0.0217018881978355,0.19943787433682,26.4000896312366,0.843856698243576,0.191037835362552,9.28414544519475,0.400882350946498,0.187044816392948,1.12528574084121,0.0314334794540333,0.169041831836198,14.1754836193795,0.269297611235655,0.112575899038256,1.00867425853989,0.00693949657134589,4.88547029433192
0.154653807818964,28.050139672377,1.04,0.23721603306769,130.475473686424,1.05109026177351,0.197443280973419,21.5195511317025,0.769010728757966,0.141547628344772,12.2397329678754,0.337250376122466,0.122212623346396,1.00867425853989,0.00167001901571948,0.176985848081319,10.6293480187976,0.381691729039565,0.117943928771215,1.56692699337341,0.0427310373035481,0.187311135679833,1.00577451078852,0.0171261612627536,0.19731889978248,5.67464221589759,0.265192877773323,0.1694621587044,1.64079288241399,0.0604139480179267,3.96617713906678
0.150006622580286,29.1606812358378,1.04,0.225591987562882,10.327697309498,0.452884974133043,0.197854712545655,51.6331037591724,1.0532734071212,0.189689595971879,26.0978151697375,1.04874212113787,0.16980426333376,1.00867425853989,0.00963446370599406,0.106714228798934,5.70741049859425,0.0797210134116027,0.182275114196365,5.35713058780925,0.237261227773104,0.172225754169145,1.00867425853989,0.0201478962980782,0.172335301322513,4.0401882420282,0.157756478506914,0.173414296805454,1.32214875407135,0.0537416047556654,4.15316318684347
0.119940004320588,67.7354607072957,1.04,0.154648316611795,2.49804006667886,0.0755914299375024,0.177518033519461,75.0704237295268,0.703795314997578,0.129633950665362,4.41734470314007,0.134398684212252,0.193785943075549,1.51371812544339,0.0347814377818783,0.167492054431638,4.46850800867783,0.180364874445681,0.185952174586698,55.6463084955692,0.716639522193597,0.167297487587504,1.01449885892793,0.0160676467353096,0.120998261219973,1.295770630155,0.0358033064368343,0.190976003985152,1.71814085427452,0.0784025338109629,3.0158447505516
0.117131111671932,85.8965563676913,1.04,0.211443826616506,20.4327857832706,0.463957235761868,0.18201286480735,40.1930568870561,0.707143816991979,0.186119878372298,30.9294781934387,1.09087603674362,0.18660473031663,1.29950646550457,0.0289906622217261,0.168214439136423,39.7328563803063,0.498330381333623,0.199853303980132,13.7731969804542,0.582014828996441,0.17064276889293,1.12853005133194,0.0230240967710776,0.195404687983941,14.4224738415937,0.442892225981022,0.199549946859028,10.4172824260824,0.221587051351374,5.09881633615273
0.122329745731019,57.9916598558987,1.04,0.245798200361435,8.84069935203988,0.514794883281192,0.189814224531966,16.751589190816,0.604337020856816,0.189394415790243,29.8791915321589,1.13405128701394,0.153012057753106,1.01158236655188,0.00632784819916018,0.177560848139287,38.6052759973495,0.607650847830974,0.164876718050236,3.37973166401872,0.134613214992026,0.191548669801742,1.00867425853989,0.030258446440593,0.188771613504307,3.78132852701561,0.173647966284577,0.13300384840477,1.00288309926358,0.0197494668216095,4.26543098172089
0.125899518876509,48.5283797398005,1.04,0.22887640501956,14.2163529457634,0.555427408704598,0.148694634918554,4.55947384416678,0.153486821931434,0.194439362218991,43.4419666010566,1.47387518261668,0.165677271135784,1.00288309926358,0.0125075105296208,0.187313531236974,10.9398093223365,0.443928409009654,0.1923531352649,7.45964533309522,0.343264359226218,0.168907696266584,1.01158236655188,0.0169122436434531,0.195225804542024,6.47817779606607,0.287029207312825,0.176294882446255,1.3804955427344,0.0573748139316487,4.38380595690613
0.111405232204268,255.925428998611,1.04,0.238339435962582,10.5076446271293,0.543580145303277,0.19914464251267,12.9651693704974,0.586001430774542,0.137820574676608,60.3177469949361,0.493197309067966,0.198634193377993,1.01158236655188,0.0304225585439131,0.198348315024996,8.91738586389294,0.427063234903083,0.140993370327017,34.4059979034348,0.234721214286386,0.174949716514885,13.1153367145537,0.0333525157579914,0.126242715479017,3.21830282695794,0.0687667949270409,0.195742071304612,5.10125365829453,0.162356297090683,3.61946150065488
0.147893540473383,29.7663061447301,1.04,0.180839789537239,7.39549489831676,0.189004183304316,0.181120528124977,71.0743551760129,0.764194247530511,0.138428334965778,11.8923810771604,0.313900783345629,0.144240636741778,1.01158236655188,0.00909681199921616,0.166679385106615,16.8968968064112,0.397126958831404,0.187805325547095,30.3124057150643,0.660342028025879,0.187422888128032,1.00867425853989,0.0248402427742378,0.167091723947605,15.189566737098,0.264004999846295,0.190126665086773,2.81911328467833,0.111221200327376,3.77373145598486
0.130287303465422,41.2638249329961,1.04,0.23319212118213,28.4520477169552,0.774510507124751,0.0792692991727416,2.35826794741131,0.0311871893914167,0.180593990179518,23.4607874898523,0.872885686784017,0.191498300935316,1.68386231169735,0.034206868414521,0.19945601011625,14.0940971036004,0.607626294856517,0.195574801286137,7.4382002633935,0.35229301505689,0.192693054414514,1.00867425853989,0.0168580370705689,0.118493538031784,2.22631645743836,0.0499289999053026,0.136102947045964,1.00288309926358,0.0164943771447502,3.79599097574873
0.144940769945179,30.8037607665866,1.04,0.176535750008798,7.20633469066447,0.174870344392046,0.16605832384895,19.5691919526579,0.423143613840945,0.167021122044175,22.3402110602687,0.68953256377495,0.175394976148514,1.28093437865255,0.0230198393421568,0.184713019176948,20.7290378618468,0.589396040136203,0.196985298579371,7.56780167843215,0.360519448970638,0.19403795058634,1.28093437865255,0.0372575507548282,0.129469399178646,7.50272113554967,0.0964940683748467,0.0840246882558127,1.00288309926358,0.00849947269000751,3.44273294227662
0.134555938435306,36.8948211782569,1.04,0.223765089615651,4.07523387938939,0.22492736671621,0.132167557289463,8.06262793911584,0.159618555829443,0.16870747758243,10.3574730860055,0.418351797922226,0.175802704899164,2.26510726072284,0.0258883258225203,0.163046929559353,12.9651693704974,0.333348008047181,0.195621532174575,22.9266227583863,0.704492700958275,0.192453444149964,3.10901742259474,0.0456563835312776,0.175364079290226,4.94223601165526,0.188734398629985,0.121352024523936,1.18855355314224,0.0231100806476306,3.16412761810475
0.144960438461252,30.8037607665866,1.04,0.203397642260047,8.34603823722249,0.297104600130889,0.0715308197688528,1.65026765861521,0.0218386710608714,0.143949397894954,8.71435120329488,0.279866716605255,0.123366249357849,1.00288309926358,0.00213595550176616,0.172933323668348,36.235961115318,0.546650475304071,0.0790889222196073,1.8463608342542,0.0255490097588801,0.119026107627022,1.00288309926358,0.00456488991813664,0.102126049846609,1.00288309926358,0.00753932809614145,0.198210259248305,3.59036651349369,0.141924037203971,2.36717368357998
0.140966754210312,32.6138251119006,1.04,0.172268819441279,2.81911328467833,0.104369455877349,0.136742053882692,5.70741049859425,0.149654460883989,0.163066527595478,18.1578643020893,0.585781339654709,0.186797103028517,1.9841495077581,0.0320756590083069,0.176831959114257,7.85640396138943,0.311815743026232,0.142491775937575,9.2308418493486,0.186416913137598,0.163810929301029,1.00577451078852,0.00628175742679508,0.15461146523156,6.22226476776323,0.153798458607373,0.0776202349029676,1.00867425853989,0.00182424002075132,2.5720180276431
0.155878530363108,27.7950429029008,1.04,0.208483577819202,7.74412301428478,0.306342479215456,0.179373194776437,6.66739199053658,0.285950864968197,0.162594108570862,38.3836293157633,0.790748804196546,0.181463703951595,1.017423759841,0.0196723851092614,0.169262954573056,16.2294041616006,0.407011072742043,0.175046714842852,66.9046593948815,0.569638623607373,0.114069369630654,1.01158236655188,0.00222587663503074,0.14278625853213,2.62334079957365,0.0805966549622293,0.185282652188877,4.43008034640065,0.128190625837087,3.63037738727322
0.128373878555939,43.9889137703121,1.04,0.182336285602558,76.158859212841,0.273583732699001,0.199914664755195,62.4379825789225,1.12721637652317,0.112045485866844,21.2120013170279,0.219018745863162,0.147167491530447,1.00867425853989,0.00388199846118969,0.149121227608232,46.8185117519142,0.32147101123001,0.176353107692972,299.825949230359,0.637390092062405,0.18110759576833,2.10174801133249,0.0333041709266508,0.151331096504954,12.345903576098,0.17880727095928,0.174669564209536,5.5454396587911,0.112253457883607,3.94692685660848
0.149518517723786,29.2941907536181,1.04,0.231120739547645,21.5195511317025,0.679859831891968,0.189903660868495,10.9713498785374,0.46723904700668,0.186693158845662,16.5597876601153,0.733335022731761,0.176409217000545,1.00288309926358,0.01196060612723,0.141302714036851,5.89104782059798,0.159013598927066,0.190879404336068,17.3904202660819,0.576984555449527,0.167005583573576,1.00577451078852,0.0105322578490351,0.0891360156634386,2.50524216415549,0.0278347096637088,0.198095364971958,1.50502732889567,0.0731276765942968,3.77988730624127
0.154434347673838,28.050139672377,1.04,0.217768770307096,12.5249050903856,0.44699675512299,0.161484095818206,5.72386552959968,0.21201652964655,0.185201074463991,51.9312596738742,1.35088176894143,0.176838201585443,1.01449885892793,0.016994292512953,0.194564177929737,6.66739199053658,0.317639898760003,0.199625288335328,167.130519815916,1.11722454101435,0.131967647153381,1.11560866287013,0.00963090937578316,0.168575134681522,5.94214829246472,0.19115966952105,0.184175674429126,3.37973166401872,0.112257284192558,4.81480164908767
0.130080432633477,41.7377546210871,1.04,0.20223063333218,17.5412692675873,0.370839622589705,0.199951853560441,27.6446058720117,0.899760138981031,0.149849153989608,8.86618796583124,0.304975009539223,0.179626958566285,1.017423759841,0.0113371445378487,0.122894753464289,1.69358579278262,0.0482532266893996,0.197864698015292,35.8210683711633,0.85298906633424,0.178385785374693,1.16819913201946,0.0273207407596729,0.181066730631081,5.87411217212038,0.228056692845543,0.149107114610947,3.21830282695794,0.0573917607318466,3.84092340300851
0.128884678429522,43.2912174176546,1.04,0.21735157889443,16.2761951447872,0.483293433463684,0.153971666065033,22.4046201063247,0.338713498571599,0.149457844969237,32.7626366009394,0.574575853346121,0.185062041543851,1.01158236655188,0.00286193691327877,0.186847413219143,8.96887940476934,0.385270803673339,0.161688766192265,5.82359678794962,0.204649872011413,0.193898510165749,1.31077872056062,0.0374223812043033,0.152264269670916,2.75492656923522,0.0942683251648516,0.193250302788593,10.5683211343905,0.195122274604261,3.35617837895285
0.148060841499662,29.6983980810424,1.04,0.240186844607176,6.66739199053658,0.390067963132018,0.133426079622664,3.95958264771409,0.113227022386877,0.181573223939359,27.9647958304035,0.97287218112475,0.0944482030926845,1.01158236655188,0.00106264215377794,0.195776139963424,16.7998856852757,0.64211840168014,0.190011827980192,120.024475679838,0.862305910240021,0.154308674721064,1.00867425853989,0.0151320895021956,0.114219963855666,1.017423759841,0.026697230490642,0.17130928711756,1.50936647207927,0.0583068386837374,4.12179027939416
0.123840481505951,53.4141627004192,1.04,0.187266044014101,10.5379392096157,0.239645692606122,0.163895177946587,3.77045792255574,0.149013673864071,0.190204547877823,39.3911672117236,1.3243327591345,0.15391156541215,1.33361741419236,0.0144030474778049,0.100025394011976,62.6179974805149,0.08680824525719,0.182897596358913,5.74036800209287,0.253589120460375,0.116302224900872,1.00867425853989,0.00313169291124142,0.135036832983644,15.7688292262238,0.125601491990338,0.190962723951641,3.23688695135292,0.12200022709459,3.35852595079623
0.138077056274231,34.2162219821665,1.04,0.199834155673955,5.37257572706184,0.221475578327054,0.13491631684214,3.18145405986858,0.0985531080391761,0.197022319145926,60.3177469949361,1.75649786055886,0.0825261103977156,1.035151107089,0.00172758237696054,0.192332587428821,7.99329205722658,0.36875680001859,0.190967935007318,10.0925521055113,0.424253647086913,0.192708210977643,1.00867425853989,0.0281269107283226,0.10256520773779,2.75492656923522,0.039655716409374,0.188488268955732,4.55947384416678,0.136851669159774,4.11589887270502
0.128519442307929,43.6885346568656,1.04,0.200218117012997,5.75691805285236,0.231913520897026,0.126865551253813,3.13598584352336,0.0878989066824931,0.184975127369943,35.6154068202425,1.14871891037266,0.199735608358563,1.01158236655188,0.0195504577990142,0.150103081254447,53.6021605942022,0.335298231352139,0.136710265015893,3.6424227310724,0.107188160590046,0.176852410674773,1.01449885892793,0.0159318219464325,0.191676506689073,6.51558610363938,0.277140586958357,0.191815525282749,1.41265954868704,0.0662730617857021,3.32991365838387
0.144267150977499,31.0864708846003,1.04,0.198732794467498,2.63090415150101,0.127971738211881,0.118658352947855,8.15601225127809,0.120555382769417,0.132928370616907,6.51558610363938,0.19555626027106,0.189545290028933,1.40454896553258,0.0311721924523786,0.193398972304248,6.33068001474387,0.300150526077162,0.121721114625421,1.54453302690677,0.0436078760280124,0.154842613187738,1.01449885892793,0.0161244294853808,0.192884595611536,6.90175820040029,0.292852165523648,0.0945504909115434,3.32185250376586,0.0148997329105934,2.18289030372953
0.122705314421548,56.6821533858826,1.04,0.206424307834468,8.56511470172144,0.311569348602427,0.10000221549792,3.27437776251048,0.0572593938878046,0.143482839041769,22.9266227583863,0.456553324932504,0.0824668983224051,1.04413027541975,0.00176521903019054,0.198326812038072,27.015182265558,0.831877168291519,0.117541157877069,14.1754836193795,0.117136169712737,0.147532609626299,1.00577451078852,0.00477445070675738,0.169038261330064,5.11596107896008,0.178069322499202,0.102153314747885,2.41321295951054,0.0177831610766821,3.01678755873982
0.147416697051011,29.9025884608853,1.04,0.121025616632156,3.99392909131044,0.0455493225947694,0.163242832105363,16.0898367576997,0.377945511314126,0.181561572918775,18.3681753422353,0.752165638055109,0.19383953334438,1.8570226648111,0.0366589228077541,0.140992669175592,3.0557743442915,0.100859332980056,0.178061002718069,21.4576864915806,0.492766359829135,0.178656897323476,1.01158236655188,0.016911828539957,0.175986872189864,3.53905426496764,0.148267979512941,0.194864123960961,6.1687553886527,0.17282665530828,3.18395155094213
0.135802485557106,35.8154532620603,1.04,0.242582070029074,329.708036013088,1.22157108364033,0.192038991015441,20.0828667363378,0.677619338644915,0.0729195901891215,3.83615347588896,0.0489849790322183,0.163393730446371,1.00288309926358,0.00753789117782286,0.178157885387838,11.4555185704036,0.403668992243043,0.139894968891,5.773515819051,0.147486413558279,0.183549983574818,1.01449885892793,0.00931877264144048,0.196449736001775,13.6154972999402,0.440992066302554,0.125558606965972,1.00867425853989,0.00478126856737757,4.00196080580798
0.137129174310356,34.9268431145398,1.04,0.191579392927077,2.07171057200942,0.0971990521741558,0.195823472966463,38.1632551869613,0.930605338470654,0.101710676982162,32.2015642784471,0.178986518843346,0.158479675817183,1.01158236655188,0.0082736601622527,0.169560933301642,8.58980877761041,0.302213889842634,0.194472822126777,77.7092322332602,0.925085452829442,0.115681709988013,1.01449885892793,0.00412555967148087,0.197821980984655,8.03944940844679,0.344532936329737,0.175668941432499,4.58580257506987,0.109384694321601,3.9404071026453
0.141904427550832,32.0965459868557,1.04,0.212384876090841,51.3366596640957,0.553883593405521,0.19760991653824,51.1890764754063,1.0448042846649,0.197266708843657,15.4542261000141,0.746889105125062,0.179532046288417,1.01449885892793,0.0110772299185023,0.190384125579539,111.048162785556,0.953988354316398,0.173467066986281,12.0648070327153,0.369274378830987,0.144604597304782,1.01449885892793,0.00600044285022749,0.142550072354908,2.27818714703702,0.0728919950900403,0.126051023529601,1.00288309926358,0.00443214089441773,4.80324152509606
0.118803896005722,73.2051043157228,1.04,0.19483764398844,115.283045603569,0.383361979740973,0.167614962368791,17.4908414355252,0.424565170122718,0.185977676433595,22.8607130534172,0.91471698767699,0.190581497497422,6.94161247758823,0.0400889371418839,0.19807443267875,7.02201277776474,0.341140226347056,0.192201618958071,35.513019260565,0.751747806535826,0.193640910027388,5.6910027726913,0.0500348488231291,0.175118577645586,10.2094477434412,0.274141812751912,0.142662040190071,1.00577451078852,0.0091041296774351,4.22890189881792
0.14528809165619,30.6633713193971,1.04,0.244878622895577,6.38559396992509,0.386432206705003,0.13850875336152,8.25047817477399,0.183907824712853,0.162820570428596,49.879774465365,0.845942284038156,0.196898914394982,2.79486986091936,0.0421208224830697,0.194935494276965,34.5051938106528,0.841763007185083,0.140845455907582,64.2616671010127,0.244980850834928,0.154250781797717,1.00867425853989,0.00891976699756492,0.135507548901299,6.22226476776323,0.105320801220401,0.177874482980472,4.84363370723389,0.11537179918682,3.81475936336388
0.124588383567751,51.1457966813703,1.04,0.243851517528089,7.4382002633935,0.441202504770648,0.147271996749447,4.81582467568853,0.157068964412364,0.159781725974976,7.06256146630704,0.27128524948842,0.197652918295124,1.01449885892793,0.00556543638179699,0.164741029027023,4.37935702804035,0.173010674738578,0.158315840527564,3.75961856902805,0.141200066942785,0.196212653620876,2.90981894079874,0.0484438678208179,0.191490979813117,9.25745528268664,0.340247616761646,0.115350812552028,11.5548867001919,0.0291822848594259,2.64720666617648
0.124493859144981,51.3799630438154,1.04,0.201492393350199,5.97646129188652,0.242012259271439,0.160287568589819,9.39167782086193,0.284012419805634,0.138777622975465,68.2666438040264,0.514272393237802,0.152370026689437,1.01158236655188,0.00870427956460983,0.169937550571405,12.66997313217,0.374340429486286,0.182941564635121,21.8945026225075,0.549529892414176,0.128119536846441,4.25507507288674,0.00962115676132573,0.167444074647297,8.08587329578959,0.21850727523541,0.175214188769151,1.50070065992818,0.0607038995721208,3.3017040053488
0.154972718873279,27.9861468254964,1.04,0.180736630293012,2.73123512958793,0.113093438934826,0.158884574364166,8.51593931825384,0.264618425196631,0.139893132442754,7.72186012504483,0.243585281338394,0.155548565261674,1.14489244934213,0.0145524936570134,0.189192399520034,5.90803229623124,0.273483016812592,0.122997371334502,8.71435120329488,0.121266552478395,0.171524463343926,1.01449885892793,0.0185878709516364,0.146614641776595,7.20633469066447,0.139188092907451,0.181525863205226,2.88479547897935,0.0989830714741491,2.32735824375109
0.150518340981215,29.0277801933518,1.04,0.208099710417686,10.7215497316231,0.351678858136202,0.161944556216469,4.36676720472819,0.169324236736909,0.152202350886962,35.1064040208769,0.622466117536516,0.14979298580127,1.01449885892793,0.011641197598143,0.18057653285108,56.1289989622505,0.697488130824024,0.199955931049442,8.73947554283164,0.417996281900913,0.159536986093552,1.01449885892793,0.0160764365518958,0.195774444292859,5.67464221589759,0.261661937443522,0.147885862004732,1.00288309926358,0.00591792558858178,3.59425112231671
0.14267635335689,31.7320916417084,1.04,0.221401390590337,4.26734287669584,0.23174838995671,0.171146394008002,59.7990347074476,0.590962165963486,0.191058916978697,33.6226281790017,1.23434744752163,0.136290308410896,1.00577451078852,0.00652827728183474,0.131323689996709,2.01872085226992,0.0622069174731465,0.160605457564282,10.0057595601981,0.271089731719299,0.195616689019205,1.15815301335288,0.0368452818584079,0.137817007065496,8.6145740489714,0.121139017507163,0.0816945579662668,1.31455782572457,0.0091227732343332,3.60399000251601
0.147082731135192,30.0394947331876,1.04,0.186234175932437,19.9101608535235,0.268457032317804,0.179041576994489,32.7626366009394,0.631766528189404,0.175085091753435,10.8145512259435,0.45777317890361,0.171361756209361,1.00577451078852,0.0169205977832796,0.189603581745462,350.256413647817,0.982574775836293,0.185671516396692,11.3243557313592,0.429380531971717,0.190605130123647,1.01158236655188,0.0139200630475118,0.19218223899022,14.0940971036004,0.416339754126848,0.162277370217853,8.41843393067599,0.0928378390180231,4.34997030119449
0.144751941356284,30.8741963416722,1.04,0.138262004029677,51.6331037591724,0.0890881858259696,0.164407495930054,5.97646129188652,0.224657832387643,0.180283299561982,36.5502812104738,1.08426182598199,0.182759827991478,1.017423759841,0.025071100065054,0.19771219890359,75.5039187012513,1.07821533891506,0.174543013437183,4.15819379664401,0.176306161072158,0.19348825011294,3.51873529007318,0.0477646817269484,0.198692711936224,12.4888983567305,0.440641093011731,0.189612045275975,8.56511470172144,0.171045049118783,4.37705126810534
0.143314844078217,31.4435100459991,1.04,0.234988182407777,70.8700298451568,0.939382172594373,0.194442371687379,90.2586580501261,1.07509205143021,0.136658010917867,9.20430492459876,0.263597672558763,0.13685622006426,1.00867425853989,0.00765688592700956,0.137803597741212,5.02834834499989,0.138401284192146,0.199353016584779,8.370100693918,0.400604342163902,0.194829238972006,1.00867425853989,0.0111648383476244,0.121650987824561,5.97646129188652,0.0770748375662382,0.165673010993957,2.18189932872234,0.0670508450587122,4.02002492983898
0.11366348796472,140.67937819276,1.04,0.221603474188098,21.4576864915806,0.565347715577195,0.146338039588192,6.92165665438525,0.194513992007198,0.184727416505805,41.7258412370602,1.22594145323049,0.119438502117465,1.01449885892793,0.00267716828552669,0.175017887658207,4.45566189315493,0.189328297077723,0.188081101021283,34.7044444245723,0.695794913009063,0.184291914890159,2.41321295951054,0.036876722661726,0.165425621215873,4.97077500682395,0.165265150341477,0.161599962831512,5.97646129188652,0.087581377719173,4.20332678990957
0.151970990255889,28.6327002492754,1.04,0.155002898944496,1.02624915657849,0.0382189908665411,0.184728017450529,9.77794436555052,0.407188567648179,0.14979514397724,6.96162583541039,0.247823177417082,0.109731981531084,1.01158236655188,0.00352246014053114,0.152719891160926,113.308780622132,0.376503590787829,0.148605483209408,35.3091263296414,0.28579354462279,0.17281904427559,1.00288309926358,0.0231577623526572,0.146275168667252,3.06458444505318,0.0940608713468934,0.169080935943115,3.27437776251048,0.0860094082834521,2.60227837346596
0.110901929140913,305.13446788257,1.04,0.148857871332345,23.1921673069706,0.112744313464541,0.19935148518349,11.4885459675579,0.534626483271578,0.168283815406732,19.0138370407198,0.645916255477051,0.190096914309405,1.01158236655188,0.00149628532534667,0.175760753602947,21.5815941337228,0.505218498352707,0.194384492440341,65.5698478688224,0.885007810399658,0.137017411572749,1.01158236655188,0.00888070788762961,0.148541784017642,5.20510035615579,0.128859200104268,0.19231283128371,2.23273514877728,0.0977611139729221,3.9605106682557
0.150269672917624,29.0941548288019,1.04,0.236466144889322,100.983649716517,0.99570960836801,0.144126380593804,29.7932945067072,0.286708722383959,0.14120303052188,15.7688292262238,0.379181808398891,0.192673277383652,2.60078095318014,0.0381476413571856,0.185770072547532,47.6342662567927,0.756421237909265,0.127597017723138,8.10918567113405,0.131135734327579,0.175832194080974,1.36468921205103,0.0270449894356594,0.15108513581103,9.31091255809072,0.165476741683832,0.1971727618408,3.82512526006857,0.144894267803226,3.96472075166761
0.12518111264728,49.9908762698007,1.04,0.236305091252729,10.2980071327174,0.521955139047521,0.196620520248487,9.25745528268664,0.436698669846678,0.191777468480168,75.0704237295268,1.69438600294167,0.159744908713963,1.00577451078852,0.0118463838143341,0.0988695096454787,2.76286929599819,0.0500546573297941,0.168547122435645,10.845730650619,0.323672756847383,0.19228396685146,11.858192730432,0.0510900419468354,0.132010241953503,4.71974439753259,0.0900129637402945,0.15590393416355,3.27437776251048,0.0668481912121105,4.28656480672662
0.111696823134226,234.6499606766,1.04,0.228254947565446,7.97031285410644,0.403767008041129,0.154199927372205,18.053613516069,0.324244703212519,0.195433382166701,54.3793307588897,1.64040961130787,0.160678009855995,1.01158236655188,0.0121470468449895,0.168680331224377,31.1977684837926,0.479816477437252,0.154493555691414,18.8503244528549,0.294728587528941,0.189612815030891,7.92455244054436,0.0475338875061542,0.130156588800409,1.83576021707557,0.0531032598079675,0.199927382022815,5.05738459676651,0.173165089360232,4.46891567104705
0.11532474552224,107.936352493288,1.04,0.244191460728666,7.54604567969013,0.44618608224455,0.186636226506341,10.783461436218,0.44459266417652,0.146541994755652,10.5683211343905,0.331808277282469,0.141290657883295,1.00867425853989,0.00313266409019855,0.196160075659344,8.96887940476934,0.420827258683597,0.141669380368338,5.6910027726913,0.150822365464005,0.193553716126502,1.00288309926358,0.023499489653761,0.193372107077077,4.15819379664401,0.19629781412265,0.168657310934598,11.0984240743995,0.111865883580552,3.1690324992983
0.149720260491681,29.2273597614989,1.04,0.228311194863475,28.9477893633602,0.70014685788123,0.177413829320034,51.1890764754063,0.677923920347256,0.153325854480334,19.1787679790464,0.510357402212136,0.176899093802317,1.017423759841,0.00872676672411025,0.148366060399172,5.67464221589759,0.17446055655169,0.18343683536941,10.2684023095805,0.390703855673569,0.164997627722828,1.017423759841,0.00956618708257538,0.0884415229606329,3.85830538552188,0.0303176138605729,0.185768906459318,4.94223601165526,0.135810466558895,3.67801362689203
0.153040818605922,28.3723054911643,1.04,0.222268536857148,12.5249050903856,0.475378133036223,0.173288825659398,19.738940183072,0.487990035922732,0.19611899690091,17.7955976561148,0.842498557847978,0.159175131919432,1.01158236655188,0.00371672920077894,0.164896064609598,9.0989179220007,0.292056115067757,0.0716057694125287,1.7230944249062,0.0207434081398051,0.158644337896623,1.01449885892793,0.0174075453432135,0.0547773524552207,1.11560866287013,0.00842221596647898,0.136984337830729,1.43727338940046,0.0338010280203102,3.22201376854528
0.153235421453886,28.3075776637043,1.04,0.224682852506799,5.41917883794353,0.291778404669607,0.188320119081609,24.0073976636039,0.696552033568488,0.17069675427959,29.1988899724563,0.828295813170541,0.188724228296326,1.00288309926358,0.00543786761625328,0.194432804903463,7.20633469066447,0.342160779267833,0.140555523200493,23.4607874898523,0.224062524970426,0.185468501940265,3.37001557459736,0.0395842122955852,0.102655967401836,1.00288309926358,0.0207863251364138,0.153605972466235,3.94819959636536,0.0664083363892168,3.55506629708436
0.127844598342483,44.8000601130621,1.04,0.208148994853315,353.294628335053,0.537184744757506,0.151050923060071,11.0984240743995,0.262057051894693,0.150842856055728,7.87905475386486,0.279304487182085,0.170809238667868,1.01449885892793,0.00734990409559475,0.165338467441054,25.65088039011,0.43144820158613,0.198723400785672,33.0468281812645,0.837556230315385,0.171280982073311,1.00577451078852,0.0115743625123123,0.192717863532193,12.7798757548119,0.404957094615744,0.117082717152642,2.35148837301477,0.0259293478905175,3.83736142484997
0.12868401256333,43.4894223057643,1.04,0.211517734653817,3.73803325566538,0.192192442486758,0.19756447130291,48.0474581976622,1.02718096257645,0.0954465229287854,6.51558610363938,0.103591817289531,0.185175173306714,1.01449885892793,0.00159824000056147,0.190791881435501,84.9634830921517,0.938425502252269,0.162963778104541,21.5815941337228,0.365861094966458,0.198138951190262,1.00577451078852,0.00653142953144766,0.167713335441151,11.0665182039154,0.243124177769847,0.159732761909242,1.46653209822205,0.0493332848140523,3.96783895168737
0.15644107269755,27.668365815083,1.04,0.237027108979771,12.9651693704974,0.603038449053421,0.179786999869702,7.50272113554967,0.316335603695705,0.185937093736785,16.1827476936424,0.712940640505989,0.1897715438278,1.00288309926358,0.0185751322753357,0.193351008110276,62.9795857825214,0.942706670994905,0.178755920365024,5.92506573979369,0.250653690570046,0.113547347614688,1.00577451078852,0.00158081579318584,0.188382682154834,9.44591016576076,0.330148300648305,0.144568859684423,1.09020803204812,0.0331372151739863,4.24911651871088
0.137749784657971,34.5302509160962,1.04,0.200085587675963,3.73803325566538,0.174447925744404,0.192473798754593,65.3813469555632,0.983428404114166,0.155531742985333,7.24794774808137,0.270217114727261,0.16036264165979,1.00288309926358,0.0134084478305977,0.184025754835542,21.7687984609418,0.597371441283987,0.137373072436868,21.5815941337228,0.204137576570825,0.142219360877458,1.01449885892793,0.0119743467580073,0.142704525690564,4.3416960341386,0.107352847440651,0.189085135361007,4.61228334151361,0.138388566634841,3.54072667110474
0.144989882000025,30.8037607665866,1.04,0.110736786394733,1.00288309926358,0.00202851819041037,0.175540586617819,6.64822449937834,0.275094731834181,0.19842102716877,34.7044444245723,1.39066105836953,0.174317675134332,1.017423759841,0.0102396356795111,0.190013269899457,6.72522667244931,0.310989208098266,0.147022161413228,10.1216499350543,0.210367553763454,0.152218058676462,1.00867425853989,0.00411048590032873,0.161576897598113,7.6115020308696,0.189734223525118,0.159134256100317,1.20926262481036,0.0431115012391364,3.47633691659994
0.131253736658604,40.148233755735,1.04,0.232169054086724,12.4888983567305,0.547019159448705,0.111466700741084,2.84356700216288,0.0655077660931546,0.175294634354892,12.6335493553273,0.526251290241952,0.194870918744173,3.4784466459882,0.0423747110902863,0.197616413282318,10.1508316565282,0.472309141802884,0.166600666456179,6.90175820040029,0.24444949458817,0.15111757506318,1.017423759841,0.00877605510032471,0.113005161511955,1.33361741419236,0.032997129340634,0.149468625128472,12.2750213329814,0.0713016075069254,3.05098635521304
0.146969160619082,30.0394947331876,1.04,0.239288743666613,10.5683211343905,0.548797978129559,0.191018924011646,65.5698478688224,0.947075354115594,0.0822234356208038,7.16496054867685,0.0791440966330657,0.183116487488429,1.01158236655188,0.0176937880472537,0.192110972846093,11.5216685859765,0.487111280028417,0.198421151265557,33.3334849128322,0.84517935574323,0.157993429768142,1.01449885892793,0.00815302243564808,0.174927308581652,12.6335493553273,0.290998157629813,0.19771579881903,2.95200799512719,0.126295867775409,4.39044890053799
0.112608584597906,174.768365880429,1.04,0.222548352262965,25.5771389596111,0.610185535547801,0.0767822536348302,1.31455782572457,0.0209486592621604,0.168663905476498,54.2230004661768,0.97401651599246,0.143049254766719,1.01158236655188,0.00536955249966304,0.168605979200717,5.49775074742009,0.21757945848225,0.170856181470845,30.3997993896586,0.462286003318728,0.126106262593433,1.00288309926358,0.00526961750126982,0.182783218590585,9.80613514975012,0.306023148249774,0.198975316095846,11.9266679922861,0.221062655346216,3.86274114620032
0.111625197830295,227.265549808162,1.04,0.230810269628364,7.06256146630704,0.379302698897542,0.1365920574904,22.2119479273284,0.230228333219004,0.195695077003258,48.6039614703936,1.57391759692754,0.183324973655367,1.62668261683323,0.0284869116178926,0.143439074488141,35.4109260457599,0.273854881793135,0.150729946049344,22.6641186288517,0.279812123229991,0.15495725827981,1.00867425853989,0.012513632207668,0.0946139340976177,1.75817161928149,0.0278745073528434,0.165886950331919,1.16149208345279,0.0450965417858106,3.89108722703143
0.113101757113445,153.434631360798,1.04,0.222718233080345,7.74412301428478,0.371513513285841,0.189527420756514,7.87905475386486,0.360109145095282,0.156194032652706,22.4692148500539,0.579566877879714,0.195070587823705,1.00577451078852,0.0271054832270051,0.163332617177772,10.0057595601981,0.298363636340539,0.190827899497422,8.370100693918,0.371181711383321,0.190968261587059,6.34893199363231,0.0476244907910862,0.161045644864235,3.71657187129828,0.130232764468568,0.196701762444275,9.50045567592029,0.203448269749266,3.42914589222062
0.12259614188188,57.2023696800687,1.04,0.238088416363576,219.702732741429,1.09467994158186,0.1468866128228,2.83539228475476,0.0993311152310017,0.169421478429299,12.3104114379469,0.487301122941819,0.182822569744131,1.60343464412786,0.0281335261576667,0.130260964294498,8.41843393067599,0.15066510850227,0.1516133093284,18.5275056440599,0.277804416704138,0.188870628257037,1.14489244934213,0.0326184858072203,0.193367738991208,4.58580257506987,0.214283279289547,0.176569046338932,2.11388457789867,0.0781996031586002,3.50301659937412
0.149839843090274,29.1606812358378,1.04,0.22102683628286,26.4762037102107,0.587670960215853,0.187060782675143,34.4059979034348,0.751305138896203,0.196484069503303,21.8945026225075,0.997987502249922,0.199748413734124,1.01158236655188,0.00442495144252722,0.144981188494104,5.84038679556032,0.167751417551255,0.163621630875984,13.9728926204603,0.328303264777646,0.198391903629198,3.55949057200184,0.0532395184582183,0.18191483750988,10.9083594392703,0.314306834770992,0.0995411375214387,1.00867425853989,0.00383123649957388,4.24882082486219
0.135702620481694,35.9794310462357,1.04,0.224776190135082,19.738940183072,0.583980216961065,0.188139816287586,7.94739971184986,0.357300281673728,0.156683149193251,33.7195655535441,0.677253486174618,0.191827358620703,2.82724106811333,0.037817892967019,0.175906851945869,21.7062172818814,0.508092453349786,0.123003616494942,9.77794436555052,0.125407257916193,0.14507284686927,1.00867425853989,0.00887312628466548,0.156247361601079,5.48194575365476,0.150669209228076,0.185065524021907,2.17562678075294,0.0882685650425019,3.57766248959765
0.151665514236682,28.698171498828,1.04,0.212042601535574,5.56142771178757,0.264968281205998,0.0904529904822405,2.77083492243083,0.0432331716290503,0.124682172983257,30.2252632807581,0.323598083381036,0.157574577438626,1.00577451078852,0.00307664027686371,0.18181367341031,4.94223601165526,0.219028095480077,0.19561385338608,90.7798576447935,0.96808824267514,0.152226575557259,1.00867425853989,0.00508197817330491,0.164114548987287,4.06351835261943,0.143324282360977,0.19519548023978,9.80613514975012,0.197188580878952,3.2075873560614
0.157203097234554,27.5422660634698,1.04,0.185885047330373,3.60071789654471,0.145235271638222,0.176713393328112,12.7431360287119,0.431526902072056,0.054698304206276,11.3570049730287,0.0376381694970704,0.152628327913582,4.80198009042612,0.0156355657894311,0.196776882194622,63.7090384303399,1.00844590211872,0.177978759387979,58.6059871454894,0.601098716035254,0.15368202547881,1.01158236655188,0.0118754030289695,0.169923952036676,9.418754960271,0.239937386257128,0.178926735944345,4.37935702804035,0.114049726842478,3.64544304327933
0.117299573036487,84.1489060589359,1.04,0.189049975181824,5.64206206761865,0.195004288088295,0.113012833119387,1.70827639380871,0.0443618006167056,0.123728413381016,19.4568382303861,0.28505312946302,0.14376150196403,1.01449885892793,0.01023628490035,0.169720938343097,14.505756572389,0.393137570820856,0.19232707311617,20.9088468955437,0.640863696449961,0.181131631881528,1.00288309926358,0.0227056135694818,0.150450193343795,2.31788173275986,0.0810734931315131,0.168365692831979,2.70774742833384,0.0775852987762739,2.79002117581646
0.128276783566646,44.1903129974993,1.04,0.242676055502189,9.12515100556096,0.512396504493221,0.150081952679362,4.24284253669373,0.147662276351657,0.178584087947504,27.1711817270042,0.913080591106055,0.188060067865392,1.01158236655188,0.00506087916642663,0.138908090520951,2.23273514877728,0.0733349517196339,0.193807720462524,12.7065019223768,0.513876695209123,0.184273063091591,1.00577451078852,0.0218054795059907,0.179259976490082,17.1913042784243,0.35132630523,0.199500451193762,3.98244730043134,0.153793122322125,3.73233680510423
0.151906611791129,28.6327002492754,1.04,0.227585498348042,5.75691805285236,0.314258710544484,0.193438587645992,12.2750213329814,0.526834934359088,0.198526032894635,51.4846683497677,1.7007504615602,0.14908533963921,1.01158236655188,0.00464164153092455,0.11749205290035,2.37188579111585,0.0619274149804359,0.188859183528621,9.89119610131619,0.408244826342753,0.197811674626809,4.14623977579979,0.0534890384106919,0.176704830635262,9.63820144251651,0.275885703183919,0.195275591632831,2.73123512958793,0.115869403151657,4.50190213406415
0.119688845580475,68.3571218166443,1.04,0.24925131716521,18.3153703115779,0.843870757701319,0.199990162684811,36.4452060637106,0.981042617033587,0.184178217936966,20.3154738602905,0.829673540781158,0.153653370865257,1.01158236655188,0.00804531194230956,0.183499021050775,16.3701822092467,0.527133274278626,0.0943632959778193,1.26262771749805,0.0263299124993917,0.166256685042009,1.00577451078852,0.017282679068147,0.131811440982267,2.90981894079874,0.0726028208256376,0.139227904456164,1.06232295058138,0.029959055907286,4.37593997003746
0.122138767616301,58.2571693781222,1.04,0.212015138742642,6.1687553886527,0.281895775338321,0.168892758528812,9.74983462452457,0.332235059493487,0.19958208451245,35.6154068202425,1.43177207853634,0.192138611871537,1.01158236655188,0.0292167692141788,0.189879359511921,85.9475612968492,0.909090226374791,0.117540798354431,2.87650223749675,0.0686848336965663,0.199681459179896,1.01449885892793,0.0119762596946383,0.173336929954469,6.20437693319619,0.210015471136036,0.167488272064634,3.02078648791353,0.080374218542043,4.3952606920264
0.111841845277121,210.765854198472,1.04,0.243376014330939,7.3530347199978,0.435345758919063,0.186098967824227,11.8923810771604,0.470803615150043,0.15887173314799,12.9651693704974,0.448972257899198,0.156713520500691,1.09966477838038,0.0147061110147195,0.180676990153949,10.2094477434412,0.391778148692469,0.170464092991808,15.7688292262238,0.389103908224334,0.13194469232845,1.10601480450688,0.00955140152323858,0.157846005291948,1.96708649096514,0.0746373406149955,0.151403624011299,1.035151107089,0.0350401771062152,3.30993871914428
0.129551437464617,42.4104148257264,1.04,0.150751379377367,2.30457394564778,0.0679398093805646,0.1446203181283,3.34103457688672,0.113797822222216,0.166760653786099,14.4224738415937,0.531478308501532,0.17480495209633,1.00577451078852,0.0198024205353009,0.124513250651004,2.28475538672293,0.0655046916092397,0.185056357376578,7.67752616736229,0.329246808578501,0.179597042759312,1.01158236655188,0.00808700258192428,0.0861499462814973,1.00288309926358,0.0088872748826997,0.15635213598432,8.03944940844679,0.0803292967264201,2.2650734350184
0.123461046263093,54.3991086563875,1.04,0.235307152124863,5.38806539618403,0.31299115528904,0.188421173383125,6.90175820040029,0.316522252536606,0.1733090295114,17.5412692675873,0.657949973499088,0.198232438751161,1.00288309926358,0.0177209514113355,0.169476362738067,15.4987821679022,0.401353147085483,0.188373821570395,12.8536732852339,0.480426128733758,0.193551985283431,1.00288309926358,0.00955916239702181,0.179278683119888,5.6910027726913,0.21717999218874,0.122412584571346,1.00867425853989,0.00552031651239413,3.45922307965347
0.128531868922076,43.6885346568656,1.04,0.24822875422754,9.97699489356779,0.576078125743197,0.194929145424723,19.5691919526579,0.706046618919521,0.176903700449245,55.8067423266136,1.1689503071503,0.196286799882989,1.00867425853989,0.0106160638840368,0.107705231651194,6.40400427119728,0.083766786703202,0.18422580904701,6.33068001474387,0.278557226831407,0.185371046676507,1.00867425853989,0.00419423521716292,0.131731687060552,15.3213249660846,0.11576951020971,0.174582924252237,1.97844545312916,0.0725918642517444,4.05657073891028
0.112279795073848,188.020091897699,1.04,0.233726768822224,112.658234431989,0.966089522954078,0.18010674563165,10.7524610237587,0.407518075136065,0.169988810029372,13.0400368809022,0.511900517103602,0.187717804206648,1.21274904899342,0.0292102206363849,0.196673575286136,9.58286508470002,0.445316197239111,0.114939239933246,18.4211326150377,0.112551914307942,0.193526662783366,6.01097243209366,0.0501701266382587,0.196793439909091,5.62584220609726,0.261883237940585,0.129283867676099,2.07171057200942,0.0330019765044588,3.85764178846049
0.144939575407515,30.8037607665866,1.04,0.238849593479071,81.6070975563188,1.05665965814053,0.178728445827618,42.6980067851428,0.669098258070867,0.0956322421362537,2.31121826109334,0.0490816715484225,0.104108330312565,1.00577451078852,0.00151093889808034,0.0724218026513005,7.81129753947542,0.0333068268045732,0.127505643567348,5.05738459676651,0.110706847683454,0.198280632674702,2.53425879720196,0.0494340668149342,0.192462049451699,4.24284253669373,0.198680713481765,0.166823226598331,1.74305193613896,0.0606804325100864,3.26915941395271
0.141294472584247,32.3911210023069,1.04,0.242909220945238,13.3823268507784,0.662540235700297,0.146032528404621,27.485888313414,0.296397239413939,0.154736711179075,9.66598933399762,0.344877484834403,0.172314249145094,1.00867425853989,0.00203748347806634,0.18110873514855,69.2564322420242,0.727033013241492,0.0929003981223016,5.05738459676651,0.0510647082104119,0.169726826518473,1.01158236655188,0.00600168768331606,0.142335458868585,9.63820144251651,0.137521115076104,0.18358712070436,2.63848930932274,0.0982192300526083,3.36569219769064
0.134004186796057,37.3185713061613,1.04,0.206406371796002,3.53905426496764,0.176218727711099,0.13673960736707,20.6694457978884,0.22523062030119,0.178470066487852,45.7525288743821,1.1293545614256,0.196286000924789,1.59882507273807,0.0373706965781862,0.183277153973818,13.7336016436691,0.480454128284774,0.143137231368044,5.64206206761865,0.153398922222661,0.199157994671404,6.92165665438525,0.0579566475909054,0.152629620163396,4.54636621906863,0.129517660289788,0.169615160437473,10.2684023095805,0.114636110991293,3.5441380753955
0.150301968049009,29.0277801933518,1.04,0.163618549394902,4.17018228211692,0.112000216340744,0.195836954856997,7.20633469066447,0.346525222652915,0.11178607564582,3.70588742997801,0.0943831426311777,0.167511921451967,1.01158236655188,0.0115117726047065,0.190768720137044,11.1946946742062,0.470208928899859,0.197677883465838,15.5434666953568,0.604869799545417,0.19966318435165,1.01449885892793,0.0168357127704289,0.103868986027532,1.00577451078852,0.0232066697722406,0.164046920229307,11.5882005855279,0.101881966783661,2.82142343200115
0.136017453022376,35.8154532620603,1.04,0.212555766574218,9.6938573407282,0.363042920052174,0.194666692395293,7.63344674676951,0.363457067010464,0.144401251189466,33.1421054672574,0.517875816799531,0.192561511654838,1.34131840233837,0.0328635312891121,0.145248166716981,5.5454396587911,0.163581034784463,0.175231275063877,19.2340622708831,0.450716579414735,0.110215527701732,1.02035709353375,0.00513383932786693,0.143940328345431,9.44591016576076,0.143063141336217,0.171766241454359,1.17833239331668,0.0480796180497958,3.12781354806436
0.120763466879878,63.9761487615482,1.04,0.187712411253249,4.07523387938939,0.160773872268498,0.161700834200358,7.12382395041967,0.246400606027336,0.118917805730408,15.7234968241093,0.240960054471304,0.131216960976678,1.00577451078852,0.00496597629122105,0.18669376260252,27.2495189410318,0.669911385133574,0.158836795345383,4.44285270778494,0.162607221414974,0.182362350707083,1.00867425853989,0.00894665025286412,0.176375533841893,8.27426512232383,0.254966497697023,0.1136197667135,1.00577451078852,0.0164345805976937,2.80596684415449
0.147910678959592,29.7663061447301,1.04,0.208264467739357,3.27437776251048,0.167075728271266,0.16560816235514,7.65545473146367,0.272104007512435,0.189607607809636,27.6446058720117,1.08775670853219,0.168072061018601,3.20905081491668,0.0221745652994229,0.141840802090299,5.29579277470977,0.151358465501979,0.193493588583011,9.5553161597167,0.420829680623627,0.138565239263463,1.00867425853989,0.0017032874338205,0.180366584036443,11.1946946742062,0.311801545517591,0.0946265731295454,1.95579274466099,0.013908421788362,3.48871241048069
0.123010499822069,55.6558708027315,1.04,0.205498761768717,4.24284253669373,0.203255341487552,0.163752625025178,19.1236326478425,0.400594374955136,0.18358287079829,26.705865146348,0.982731002528334,0.191210307463114,1.77853540743712,0.0346102844071428,0.103227483594454,6.90175820040029,0.0770926981156051,0.182117132453098,50.6029742786953,0.651908639021851,0.197776552258774,12.8907317012169,0.059423319291882,0.181783138447669,8.25047817477399,0.279793404313029,0.088149459788161,1.53125056362849,0.0112150549757414,3.74062411909627
0.110658838745379,331.283940010498,1.04,0.185647614357687,4.54636621906863,0.166239135571339,0.189753074593852,35.0054797479944,0.809259017789218,0.148386402196333,14.5475781084805,0.411841970670047,0.133905718548688,1.01449885892793,0.00535356700461332,0.163106466789204,7.65545473146367,0.25706341011995,0.154348618041133,60.4916490468777,0.344404064944488,0.177397456530535,1.00288309926358,0.0185977681315985,0.143129818484948,14.1754836193795,0.150444630700535,0.191743385955804,3.58004488871148,0.129921320202662,3.33312488513445
0.150656560072512,28.9615569832397,1.04,0.238918681094581,10.1216499350543,0.531314213284313,0.18377133389247,26.8600784527522,0.661597022147459,0.189948963729031,13.6154972999402,0.631969824689718,0.188435414630463,1.35295334494457,0.0300831736373131,0.138462815391013,2.77882351455518,0.0903911656978558,0.0908156987194276,1.1715671660767,0.0234145504803252,0.187975640561318,2.012917411563,0.0378199017949217,0.0401778999732301,1.00288309926358,0.00143008975386006,0.122479221362456,2.73123512958793,0.0305016655334745,3.07852160701924
0.132920275538569,38.4432385901807,1.04,0.16509281629427,5.45047194460812,0.128067967288234,0.105746500148911,2.68446171339143,0.0572242288707979,0.182871412326409,48.0474581976622,1.24979388908688,0.189776535700014,1.00288309926358,0.00998929813375268,0.155850871482519,82.7903073513056,0.397175737978865,0.176123046074305,4.77441020717598,0.203281064546365,0.163792665522297,1.00577451078852,0.0172269433358739,0.169044186826042,13.8129064745256,0.267279816467722,0.146978251965666,1.00288309926358,0.0134155697813917,3.38345451548988
0.133034235583494,38.268031898545,1.04,0.246039261811979,7.41681684421187,0.445927798186243,0.163334893592514,20.1407676346358,0.40810765257893,0.117985317758744,68.070390112422,0.29971675535594,0.155841353794278,1.09966477838038,0.0144928972796476,0.167132832440202,7.3318961356485,0.265052083107889,0.159397902808703,14.7585013912184,0.305307860409448,0.194680165922877,2.11388457789867,0.0445039180718126,0.178226492816655,3.33142973427318,0.143391851291146,0.147963278242326,2.90145376159538,0.0543635718334001,3.02086438811446
0.143943612825662,31.157552901849,1.04,0.209213011025651,4.98510624458552,0.236961475579969,0.151801883399443,15.8142923261533,0.299390973605256,0.199342298332495,20.9088468955437,0.99007887327304,0.141794295086566,1.00577451078852,0.00528132188942041,0.135304287037773,13.1910713679069,0.18994252033013,0.199474617589944,22.0844211988575,0.742345017605618,0.0886217518517211,1.01449885892793,0.00179491750573493,0.134865339417496,2.69996316651677,0.0732136127406927,0.119876442261244,1.46653209822205,0.0244167493505858,3.60342546188045
0.137814356808302,34.4514745147866,1.04,0.192574781468339,9.94831291991456,0.263466706478695,0.129164155899147,82.7903073513056,0.212296810596547,0.179552058931823,15.7688292262238,0.655929393883784,0.175885382004048,1.01158236655188,0.00634860541361688,0.146432892768692,11.8923810771604,0.236723187371212,0.198508309675027,61.1922854994662,0.961161919597916,0.195060722849478,3.42873391662958,0.0496682574520071,0.190012260158518,6.64822449937834,0.275603252351677,0.197862236574723,4.09876636139165,0.153317758236824,3.85451589138228
0.137163268113695,34.9268431145398,1.04,0.226233989503446,231.388134792415,0.832765656589296,0.163861807945982,47.6342662567927,0.487520974071072,0.162966219855784,7.74412301428478,0.304919202667955,0.183219790704328,1.01449885892793,0.0175223426717933,0.185053918808552,19.682194462711,0.588059989851134,0.154956100107456,5.75691805285236,0.186338091338773,0.170442263503103,2.39246014169509,0.0265581986895809,0.186538869180766,14.4640552653053,0.383234104360149,0.177881712570999,2.10780755947618,0.0792294180992062,3.94614797833896
0.116238092874868,94.1136348416669,1.04,0.233188490482425,10.1508316565282,0.497120151447591,0.183336529132901,34.4059979034348,0.697568565862224,0.148030098935579,6.34893199363231,0.223780527666687,0.198368060630731,5.59354223610883,0.048444255759081,0.174483609826451,11.7901106095195,0.386686172956257,0.166045357847233,9.44591016576076,0.291040552886149,0.183638684576546,14.8865204479472,0.0424036678061406,0.145636417417763,1.98987000774274,0.0678502307699896,0.137021382558768,2.78683513858361,0.0423964968799608,3.33729062203408
0.117803617732189,80.0251022749359,1.04,0.241978223932935,68.8588063220333,1.09164345522073,0.153925029271481,8.63941072106801,0.24436090412823,0.182962336172998,24.99478827893,0.928163763939882,0.145474680358957,1.01449885892793,0.0102986506442052,0.16218258472131,12.3104114379469,0.320827503240184,0.197848127420317,160.528219169909,1.06339329983476,0.183090020298073,1.17833239331668,0.0295647073615475,0.181987188387382,6.62911211113257,0.247941818485289,0.168153143741253,9.94831291991456,0.10981570572182,5.08600980857665
0.134548245073382,36.8948211782569,1.04,0.247348300293215,161.455191103366,1.31893120124305,0.142592777978803,60.3177469949361,0.295695104670601,0.196644081570468,67.6795736840215,1.82273262491286,0.174083871021228,1.01158236655188,0.00515281663212724,0.174153333291424,14.0131778568844,0.418074578363795,0.119922285394186,3.37001557459736,0.0784376961647703,0.182461643250944,1.01158236655188,0.0110172128410275,0.146545176084627,2.08367368705817,0.0712426112752317,0.172495239735491,1.50502732889567,0.0588208041170476,5.12010465022051
0.14197910603115,32.0965459868557,1.04,0.209738372344657,7.56780167843215,0.309537533883176,0.196326874572128,13.9728926204603,0.594638595661002,0.0836782440168511,3.98244730043134,0.0632458726024043,0.175069507303123,1.01449885892793,0.0112157207877724,0.192231251980681,7.20633469066447,0.337455662505647,0.168708205791825,287.981666926481,0.537397630693073,0.16722095690974,1.01158236655188,0.0101757503663524,0.080561618516623,2.2071708865269,0.0216585025435381,0.171530375604003,1.51808232505612,0.058715352367779,2.98404062141074
0.150650808112591,28.9615569832397,1.04,0.14366213097779,31.2877147471334,0.100635163186173,0.175140323071714,7.14436264200497,0.290853856738347,0.174798967349979,34.4059979034348,0.95197347976583,0.193596466651844,7.45964533309522,0.043922067687458,0.15033561817783,7.41681684421187,0.207374469806106,0.182691195004848,6.01097243209366,0.263723139909034,0.185272411236822,1.00577451078852,0.0169196027000337,0.137236007464497,2.55624161321588,0.0735005483156187,0.135509648752168,7.28980110054726,0.0482992556765695,3.03720158378517
0.138588404853443,33.982575875828,1.04,0.0877093969594632,1.00288309926358,0.0106681144450206,0.188744904262043,64.2616671010127,0.895597283327555,0.156190199958574,74.8546104572422,0.794605623172977,0.190171798868445,1.01449885892793,0.00695007033953889,0.160285373241881,5.22010717715947,0.191661436565451,0.192266175838237,20.3154738602905,0.632589155840523,0.124926045512038,1.01158236655188,0.00277259080778413,0.194988921392006,4.61228334151361,0.218602442069036,0.123524807642994,1.00577451078852,0.00106607845674495,3.79451279502463
0.113653300448335,142.29513082684,1.04,0.243425183722413,13.6547521301788,0.677255738887994,0.19828512063404,25.5036095217804,0.842106156964782,0.181884346551903,37.2943387037601,1.12736081092849,0.196125580324617,1.00288309926358,0.00405240552740663,0.160589342635289,5.5136013085513,0.200687892648612,0.102149222004583,1.33746236557711,0.0307626082044138,0.153326841988966,1.01158236655188,0.015609653245491,0.12168696172507,2.37188579111585,0.0548759644737133,0.185095105220659,4.00544398533237,0.123610243570268,4.11632147445117
0.131279573523539,40.148233755735,1.04,0.232716093349978,6.34893199363231,0.35368381646489,0.154731557950006,9.47314366240347,0.259122278791091,0.166233849823043,34.6046757095179,0.813087076251894,0.170177892630741,1.12528574084121,0.0201416829737066,0.165502577035621,7.78884153617836,0.269572141218731,0.141244449059276,11.0665182039154,0.194018193791453,0.194337189724677,2.07768351923393,0.0437651913496587,0.167626388907573,2.31788173275986,0.0941503532400305,0.162618407180524,7.31081832073186,0.0928288852824782,3.18036961936393
0.15272881032724,28.4371813246353,1.04,0.214169550571226,3.83615347588896,0.200603618893315,0.184556540534076,11.4885459675579,0.452292676350583,0.196245035901709,75.0704237295268,1.86752540545354,0.193056157805535,3.41887695499837,0.0400783450505851,0.160861185730573,56.7791056024212,0.442216483264233,0.182026330594233,4.87160332233193,0.216072322169884,0.195791769076939,2.12609122719942,0.0456442867863712,0.188264209895476,10.2388825947119,0.342955709853427,0.128115262756375,3.1450272019994,0.0355651091825509,4.68295395700449
0.126043702362428,48.3072095893017,1.04,0.248777324116582,9.12515100556096,0.542319145085389,0.159012482347019,5.05738459676651,0.187223784775601,0.165424672496919,14.9724828208773,0.536585733333274,0.139709959639932,1.01158236655188,0.00580996686744364,0.0978952798337904,1.92784124639408,0.0395250734271197,0.147621344837183,2.7391095515787,0.0962140305277918,0.197843260914927,17.5918424880948,0.0592404079637477,0.115146942329775,4.46850800867783,0.0609904625721905,0.189889520292699,2.29134256329585,0.0966671996984191,2.66457580425098
0.110700358371146,359.674374614132,1.04,0.194505490220567,127.138203086498,0.379542349035182,0.193028733743097,25.9479782891666,0.76708954321129,0.195511741806686,17.5918424880948,0.830180198602277,0.163403619212449,1.00288309926358,0.0145543855112425,0.19412747210635,161.920682445937,1.0565175226342,0.197649362104333,67.4850077079961,0.964134027137349,0.183134385747261,1.00288309926358,0.0102625594857856,0.0551005264519353,2.62334079957365,0.010233489941377,0.188356466302485,1.24100474879353,0.0571174214044447,5.12963149696315
0.146381087769637,30.2460303120804,1.04,0.198453017897668,9.52784643268317,0.288139994361583,0.188050656333196,9.04667778353943,0.398611480905695,0.156074990063139,9.91971340151178,0.356544915752276,0.16436774945692,1.01158236655188,0.00468944723147461,0.148513398849769,20.6100250498449,0.28140473317764,0.199310231087269,9.02067029565308,0.427388930651684,0.145508404957327,1.00288309926358,0.00681192768154561,0.172550440428484,12.4171951294921,0.276400669355599,0.158127121844653,12.5972302899552,0.0886745546179379,3.16866665373544
0.120205701423476,65.4541656632636,1.04,0.204036042152736,3.85830538552188,0.185866481337653,0.179193176500531,35.1064040208769,0.649634715909631,0.193396132948332,21.0902156392867,0.941283827091093,0.175708545276685,1.00577451078852,0.00766403025767642,0.155473617041647,224.821561296073,0.414548866229225,0.194731084306012,28.4520477169552,0.738356264944937,0.182513786882538,1.01449885892793,0.0224435200988484,0.100589766623583,7.83381828565906,0.0472140001285842,0.181480321789263,1.61269369477906,0.0682265645339898,4.11523827053164
0.149147632139511,29.3611745608237,1.04,0.242869357866909,217.187191083922,1.22089685660143,0.178487508654823,36.9736199650277,0.644509945765637,0.161908605777439,50.4575002967478,0.826892786792176,0.155496871969971,1.00577451078852,0.00381963977080664,0.170221360238582,25.2842870786632,0.479119077732022,0.191405499124345,40.4251521276738,0.768639267406821,0.193797200615667,1.00867425853989,0.0168249153054097,0.175202484313852,2.53425879720196,0.107731660544713,0.196083052631571,5.29579277470977,0.165493992451922,5.27392814237094
0.127179609357813,45.9398650446285,1.04,0.240686795226529,90.2586580501261,1.08332838246607,0.164490409497619,5.43480286846039,0.209741058232567,0.193133862994531,75.9399168943669,1.74496310057358,0.182942116229222,1.00577451078852,0.0164732970865546,0.156329801490848,18.8503244528549,0.331656505807103,0.192633052739268,19.5691919526579,0.620011600458963,0.11623658517726,1.00577451078852,0.00509085238546356,0.194057833598827,15.3213249660846,0.445406522878297,0.191797237321321,2.12609122719942,0.0934944849455398,5.59016580483414
0.137772966357009,34.4514745147866,1.04,0.236495190023103,22.6641186288517,0.767529420851005,0.155214836192673,7.22711126890421,0.227855530148343,0.128967660348411,6.13333836012256,0.178042353013229,0.188451441066707,1.15150364314254,0.0288345257903061,0.195945576458998,6.96162583541039,0.334311556711088,0.145135978318511,5.10125365829453,0.149121240439099,0.199161441429712,1.09335121002246,0.0379990227393507,0.159766788991483,6.68661474347447,0.175914076845747,0.16418261359779,1.035151107089,0.0402557964358036,2.97986352297397
0.150932411166504,28.895484853008,1.04,0.245504297717118,50.4575002967478,1.10140718566034,0.15689717520581,12.5972302899552,0.303745854348834,0.142204936554558,38.2732836398865,0.511387914748865,0.161215227850094,1.6741946565908,0.0174912100805849,0.103491523659511,8.73947554283164,0.081763009770455,0.110189741206289,2.60078095318014,0.0569423164963889,0.186484813497973,1.01158236655188,0.0223220133654931,0.162987627904767,6.59105201019205,0.184113185212271,0.153618043997049,1.00288309926358,0.00717932425771671,3.32635201394095
0.11096775011058,296.207676960698,1.04,0.143800732746176,1.00288309926358,0.0341310305026008,0.150077316968384,4.99947880072813,0.166791126185836,0.153783658389494,8.370100693918,0.303011194697412,0.117796718075463,1.01158236655188,0.00521056269160498,0.195132451376404,8.08587329578959,0.381675458824651,0.106414185981736,7.3318961356485,0.0779897853122598,0.146832250939413,1.00577451078852,0.00399081841872142,0.154671486273498,1.92784124639408,0.0714608319024561,0.177885931721648,5.3417298504113,0.118254446877739,2.20251525541328
0.134973541186063,36.4758827075144,1.04,0.191457383788889,2.29134256329585,0.107186543529628,0.173872390192621,85.7004783109429,0.656027243604505,0.123920929740869,17.5918424880948,0.278405922552578,0.104050642621321,1.00288309926358,0.00279493417178617,0.161598144735574,5.75691805285236,0.209421013933855,0.164753859281788,4.0401882420282,0.159516820138872,0.143433583506441,1.61734325078285,0.0134940533200565,0.162552625586384,2.09570588324384,0.0820825230016197,0.169977581205107,1.38846722913941,0.0538853177179087,2.60281437197081
0.11035590062626,444.793101455425,1.04,0.155483170275664,1.72806227717372,0.0602586569543094,0.177817022834243,10.1508316565282,0.384875249905493,0.142301105526723,14.5475781084805,0.370777689220358,0.152209523187213,2.61579919085284,0.0146675767272029,0.145166498981968,2.83539228475476,0.0979354350220707,0.187011976885494,6.13333836012256,0.277408487574941,0.121020945507329,1.01449885892793,0.00409369671291734,0.107726373507975,1.60343464412786,0.0343064980359913,0.163083561492545,1.70336542221432,0.0566680316082667,2.34099132176155
0.130984930846202,40.4242716443185,1.04,0.226475486050949,6.1687553886527,0.328392235170425,0.194336086535493,21.151020824465,0.728306957945553,0.193339005298497,56.7791056024212,1.62020026380721,0.173220060630349,1.01158236655188,0.0029921271989027,0.166828937414002,9.31091255809072,0.304257781985262,0.153147133348871,3.52888015319671,0.127097998878921,0.163184521905453,1.00867425853989,0.0179689576801888,0.166964253135173,9.66598933399762,0.230755169832389,0.196092221760771,5.99369202303595,0.174419900473665,4.57439139297252
0.129850948177521,41.9288471215546,1.04,0.218658037969005,5.75691805285236,0.289248200641345,0.161603266739551,33.1421054672574,0.440416674652401,0.0762734286956399,1.96708649096514,0.0322820047658032,0.149882084135227,1.017423759841,0.00846186240521005,0.17735943421735,4.65229147967714,0.200545091788121,0.117181870940271,9.91971340151178,0.109323509035874,0.163161433078921,1.51808232505612,0.0212124978966018,0.192038093080219,5.67464221589759,0.251834131145272,0.116315738489414,1.00577451078852,0.0158886684295039,2.40921264076013
0.118602810612817,75.4112816415286,1.04,0.229538099207187,12.4529951356256,0.53327924291391,0.19252743681514,11.5548867001919,0.498038223970053,0.103116470696787,7.41681684421187,0.129667095619854,0.110057432952778,2.23917234584048,0.00479124877953225,0.14951872261318,9.86276078296599,0.232289752761644,0.181318652238366,4.65229147967714,0.205607896717456,0.119825389862724,1.32596064017055,0.00724210640875037,0.173344170725185,9.6938573407282,0.259746309731043,0.190469527145796,1.30701047960937,0.0609297997232764,2.97159167662552
0.121098234979013,62.5315068779026,1.04,0.201920990600721,7.24794774808137,0.269751293676715,0.197647230881508,42.6980067851428,0.996398962447704,0.131068251384646,5.79016143825715,0.174414378134624,0.182350782577752,1.01449885892793,0.0131519364798289,0.0921771977703598,2.61579919085284,0.0423571065091891,0.110819221520561,2.65372529430481,0.0583248154267548,0.169343328358581,1.08707389011608,0.0222091967097273,0.15288785226631,2.90145376159538,0.09911187880086,0.130359559949035,11.1946946742062,0.0436939676653169,2.75941353585072
0.13771525276179,34.4514745147866,1.04,0.24389774449247,11.2918003500854,0.601911255946259,0.12447244386895,5.75691805285236,0.11987212269112,0.161936936184897,13.1910713679069,0.471497810989704,0.159692543685619,1.00288309926358,0.0121547666108264,0.111540753190161,3.98244730043134,0.0771763283782388,0.149091767712836,3.26496454563336,0.11449663777803,0.157093758982006,1.8199732981517,0.0188256948602033,0.195342368826773,6.7058929175172,0.294848055891619,0.150270530342204,2.80292774815717,0.0565164553334554,2.80729912847946
0.13848901270571,34.0602800981416,1.04,0.238938490455906,51.0419175604762,0.984031269489323,0.13619025984942,3.66345594042931,0.111624163671591,0.140011774080483,20.0251322921732,0.40377655558777,0.182258266968585,1.62200621191813,0.0279048373091992,0.188115644406157,55.4863358814509,0.81248803160798,0.117021778258534,4.32921447906216,0.0839848683751387,0.1767752156533,1.01158236655188,0.00553760592611202,0.192677831764,15.5434666953568,0.435584584789308,0.183129702830937,2.11388457789867,0.0843152338704691,3.98924715062689
0.120410288629992,64.8589049478277,1.04,0.237262329574444,6.62911211113257,0.38078933983054,0.159478216667411,17.4908414355252,0.361714286047831,0.196167003157242,15.5434666953568,0.745482320245108,0.198770691354116,1.01449885892793,0.0144422288778486,0.180996472598486,263.393559440579,0.783118108034519,0.198803728847143,30.2252632807581,0.814134990632745,0.173059059757561,1.00867425853989,0.0230906263845283,0.194208670643192,17.2408685151293,0.465172617997605,0.198393414279473,12.4529951356256,0.220807562584004,4.84875208063473
0.152587028478894,28.5022055025463,1.04,0.241985258879677,26.5525372336299,0.876454675163035,0.189428549112289,31.7413509094294,0.778819717406536,0.171382780339888,47.3607809164382,1.00070421570967,0.178368071937665,1.00577451078852,0.0147423625976298,0.177519417065577,17.8983585267682,0.489032946736465,0.19303462782414,157.77911378342,0.934960889614875,0.190988431352941,1.00577451078852,0.0323343716473795,0.121047466996726,3.78132852701561,0.0666426964295292,0.181321850913936,2.33798763817471,0.0881363014120181,5.32182817671714
0.147295774956859,29.9709634242785,1.04,0.247201618393294,125.3211888487,1.30174177176441,0.18407845046786,18.4211326150377,0.576013671664965,0.196746413668035,56.6158764108344,1.70966752481622,0.191250430760045,1.017423759841,0.026888148809237,0.119929148138106,4.66570449781614,0.0976335205687279,0.185719262109676,12.8536732852339,0.458717820582505,0.198070587830957,1.00288309926358,0.0336439465369509,0.163170900673251,2.31788173275986,0.0911192094396745,0.152599577468783,1.00288309926358,0.010730471582933,5.34615608576562
0.136544584740561,35.3279903152696,1.04,0.194072224660307,20.6100250498449,0.322482912537165,0.1829621855745,41.9667875574435,0.735977949943966,0.175758167227753,24.7086041684656,0.83356876553522,0.193640419065726,1.17494491051044,0.0323062757844365,0.18928569803738,65.0059692846113,0.861198505140423,0.160538247755179,25.3571841881197,0.359214022025804,0.153050372902201,1.01449885892793,0.0072866443487023,0.193244003174641,11.4555185704036,0.387442752027269,0.138626820066225,1.30701047960937,0.0332075964149191,4.6126854237579
0.155586942901793,27.8585987734397,1.04,0.144166988696785,1.20926262481036,0.0401681477139007,0.111826045010584,11.4225861207707,0.110533815178053,0.186373438109888,12.5610156350281,0.571839191499463,0.199756690363168,1.30701047960937,0.0373390807891566,0.186592436969334,151.110563018577,0.890121023233135,0.191705402742174,24.0073976636039,0.660404935988955,0.199288470765299,1.00577451078852,0.0217502411758123,0.138138459650645,12.7798757548119,0.131103020987062,0.159485950018155,1.32214875407135,0.0458899707249588,3.5491494272905
0.141914077860298,32.0965459868557,1.04,0.220173760615511,5.31106107095859,0.277014800862029,0.186203767355871,16.7998856852757,0.568438639177804,0.0737907339338786,1.87853138201008,0.0296173305387029,0.154443636530256,1.01449885892793,0.00549823788592402,0.159503332664675,35.2076192684563,0.404178016684905,0.121604300147869,1.66458250694606,0.0470222373084642,0.195493668219065,158.690210978165,0.0579859608298448,0.1644338186164,11.5548867001919,0.229433125358622,0.176852789793314,1.63607591315362,0.0659544755814196,2.72514282422772
0.144334591415181,31.0864708846003,1.04,0.242662685414979,18.2627170853981,0.770982579221933,0.196112192608747,13.0400368809022,0.56527758711754,0.120882863784889,9.89119610131619,0.209433878921477,0.184421253627692,3.13598584352336,0.0328937603965501,0.189158197241744,10.8145512259435,0.451508196647585,0.195683702050809,13.7336016436691,0.55213706301555,0.153033942856708,1.01449885892793,0.00929576838582396,0.171931907214129,3.73803325566538,0.148540508259401,0.187468449994359,2.31121826109334,0.0948665018794823,3.87493584384534
0.129044206821946,43.0939158567354,1.04,0.233343751076219,82.5523008734509,0.916863724413108,0.194300432608842,33.0468281812645,0.858061510862412,0.162155330952057,52.8360974706726,0.849129289931622,0.186790680539748,1.00577451078852,0.00233818036056396,0.182785166822645,8.34603823722249,0.34930223345815,0.169068622057116,35.3091263296414,0.459473479410963,0.198447193645934,1.01158236655188,0.00513442612738537,0.189458790970088,10.783461436218,0.356448460482411,0.163245794230342,6.2943333190863,0.0915278238010498,4.92827912884767
0.123540751177656,54.1511824096624,1.04,0.242925468869465,58.6059871454894,1.07974673606842,0.125770143706788,6.01097243209366,0.125667107612426,0.116873138209398,13.7336016436691,0.220614154361285,0.19341522080726,1.017423759841,0.00850011738105165,0.133367389396904,38.1632551869613,0.212694082171284,0.198029996833559,49.5933968601569,0.92322544777094,0.155474505091777,1.00288309926358,0.0136358684301162,0.17197919246518,6.2943333190863,0.207032739440081,0.182263445426187,14.9724828208773,0.159632756853307,3.99074901008891
0.140027828243956,33.0638374435755,1.04,0.213498918392931,14.7585013912184,0.438398674005433,0.186501115396847,6.47817779606607,0.29488370642405,0.160797758342821,28.1262788456248,0.691102850485048,0.0964451524603569,1.02035709353375,0.00158013977069166,0.154942161152946,98.4007139681323,0.392661544141593,0.194855639356118,7.85640396138943,0.365955618569447,0.149343321353502,1.00288309926358,0.0019228901664968,0.173822597759468,6.33068001474387,0.214800349933285,0.169143651969618,1.83048275359669,0.0642803897711279,3.50558616326717
0.150892243406017,28.895484853008,1.04,0.108059145240334,1.23387969717049,0.0233127642382944,0.198898852858566,43.9451273819645,1.02330284699522,0.182349764856626,25.9479782891666,0.937825849049876,0.114240347276143,1.00577451078852,0.00317054687026539,0.195401573076861,8.15601225127809,0.385985124537376,0.165789742909373,4.3416960341386,0.171325074632495,0.175824364329292,1.01158236655188,0.00957865243782092,0.188255597106363,11.0029813692926,0.351837128031193,0.172006180314274,3.00344307348301,0.0866061809137334,4.03294416770627
0.110971336698395,303.743804593464,1.04,0.227688951113899,15.2333597657718,0.560385276791767,0.178056258224382,11.858192730432,0.423027651934388,0.163850660097722,22.2759871780403,0.656918329910192,0.185713080582089,1.00867425853989,0.0262332730314651,0.182829695933585,24.5667432445612,0.605603672231301,0.154195011340978,2.80292774815717,0.103636842574616,0.19445014146162,17.4908414355252,0.0552938440489727,0.175423770035787,15.9056121278034,0.31530583760928,0.176372391677996,13.0400368809022,0.138671753061423,3.92507648119341
0.116032607648863,96.0682380646005,1.04,0.242743643417957,6.61005466738882,0.393556975854012,0.189205382885966,18.4211326150377,0.627463254813325,0.183617508659393,75.5039187012513,1.43774683431601,0.101429927485072,1.00577451078852,0.00349628300810356,0.178045925011909,11.9610537599916,0.411229636344374,0.189596537940216,10.2388825947119,0.424059092360684,0.190349371891168,1.00288309926358,0.00436323992851513,0.193083236255595,14.7585013912184,0.428892262837193,0.189010813733157,3.60071789654471,0.124400262103741,4.89520784156596
0.147002371491743,30.0394947331876,1.04,0.248422669551288,189.700955062392,1.38277444934296,0.160219155440664,43.1925507507629,0.445285309051771,0.181100398520524,26.9375187251589,0.948106364003087,0.147752911358065,1.00867425853989,0.00782033586263206,0.179957258234549,5.80685504843578,0.252457457452621,0.162406776647359,13.932723196473,0.317158120405227,0.19457881365395,1.4920846013006,0.0402575433252468,0.175851740345773,9.6938573407282,0.27284594480318,0.198697927042649,15.4542261000141,0.230735370968153,4.93744089521488
0.110898602691282,305.13446788257,1.04,0.183077514380251,4.94223601165526,0.16823357134348,0.138345474291974,64.0769269600819,0.264687921445863,0.187684860970281,41.9667875574435,1.29980793186658,0.185035577588943,1.01158236655188,0.0159412433559384,0.166867954258875,31.8328643748612,0.464678356014098,0.177184862945195,11.3897483457029,0.380982289259304,0.158626889196873,1.00867425853989,0.00451002159648976,0.133068438891317,9.12515100556096,0.110252299041635,0.190489010520944,8.68929909148323,0.173148027885394,3.92224166180878
0.150897669775786,28.895484853008,1.04,0.216874567474474,6.76406156642458,0.317986173424324,0.134129798805118,63.3432620800787,0.236173061437834,0.199691410398053,30.0517292460135,1.29638388024422,0.151526222202501,1.00577451078852,0.00366806601229698,0.169534873267605,4.0518365057735,0.166338156822558,0.194311563969584,8.73947554283164,0.396957868533074,0.19849048303731,1.01449885892793,0.0183838302193624,0.137246098003839,4.44285270778494,0.0975484802591813,0.175807258836615,1.2232687477884,0.0515924073486991,3.62503192430155
0.13923471957078,33.5967057749668,1.04,0.201894961647078,41.6058873339274,0.422805280263147,0.140054538065913,16.8483214233231,0.234697626646335,0.116206382904148,5.64206206761865,0.140371659787668,0.132632277131958,1.00288309926358,0.00516008840180024,0.135011251846093,31.8328643748612,0.219983991810448,0.192588525108655,178.571831624811,0.954179445440326,0.166574544955336,1.017423759841,0.0179303089390579,0.149568272688006,3.24621921773864,0.102239615425706,0.174841028028337,6.98169689372975,0.120721629030609,3.2580896457451
0.118676193534172,75.0675915245416,1.04,0.238980856814236,62.7985313829376,1.01082843015889,0.137112405317805,2.74700667630971,0.0886415205869509,0.176271787833921,65.5698478688224,1.19931341490546,0.182015373196754,1.00577451078852,0.0218608993244054,0.189729794608986,13.5763553199153,0.521626894076623,0.12999822912604,12.0648070327153,0.154880292326816,0.135639624172929,1.00288309926358,0.00146638426876673,0.119040184259394,2.67674439360146,0.0552375181646343,0.180184180717555,7.97031285410644,0.138078284983426,4.23193363879597
0.128506018617589,43.6885346568656,1.04,0.23646265584448,33.1421054672574,0.852474463108844,0.115795964485269,12.2045460501459,0.124863835321004,0.103442019310041,3.6424227310724,0.0835295765148989,0.190229424158927,1.017423759841,0.0227869974745861,0.11873223673393,45.3590725519368,0.146356663429012,0.13608513607815,23.1921673069706,0.199702647988651,0.139065764063741,1.00577451078852,0.008572760114723,0.158056026410714,9.44591016576076,0.192502341564812,0.189609609134053,1.74305193613896,0.0785893138989661,2.7493785994155
0.133024720721875,38.268031898545,1.04,0.118716253888755,1.77342245446464,0.0338727825323911,0.164263099654228,6.38559396992509,0.237401920223233,0.190526116062828,14.7585013912184,0.683698842672657,0.0828045470801216,1.00288309926358,0.00132934345590099,0.160484423576804,3.92553157195246,0.150993169051449,0.168541272541634,112.983039304716,0.508384492049393,0.192724484337321,3.13598584352336,0.0459742196180148,0.180819125358041,5.60966897361054,0.219404379730444,0.193729624132665,7.00182581890258,0.174809426647878,3.09586857598136
0.147357519635493,29.9709634242785,1.04,0.232931008170423,20.0828667363378,0.679342402872734,0.157711896085182,6.57210398204128,0.222482113492872,0.130182662380525,77.7092322332602,0.413437574528544,0.136285257877138,1.00577451078852,0.00701780391984697,0.185883834485323,12.6335493553273,0.473182897183836,0.153111566458156,72.7303083552848,0.339838244848358,0.168116950931266,1.01449885892793,0.0107567324589124,0.119623964494634,2.96905439714284,0.0585781188048221,0.150827584155018,1.00577451078852,0.0134669689510359,3.25810285706096
0.147912899281387,29.7663061447301,1.04,0.2387834003503,12.4888983567305,0.602530621861653,0.194506226995313,24.0766133741283,0.765166504718955,0.189258253642134,14.1347317845805,0.65188737331436,0.170927510514584,1.017423759841,0.0141273247295082,0.191520255402736,11.1625120439526,0.474721172432526,0.171156809110866,4.74699861247518,0.194509951772977,0.142552034264355,1.00577451078852,0.0104976668363671,0.138482978403385,13.4596032415536,0.132860616262439,0.1537431472304,3.03823005207779,0.0620875939355204,3.94838882586431
0.112700177107596,170.821931057849,1.04,0.225006411212178,9.63820144251651,0.435104016952762,0.150709772801228,3.08228092099346,0.11123595712639,0.132831649467256,26.0978151697375,0.379101123118636,0.157884475829727,1.01449885892793,0.0127879947518802,0.13923685324513,17.1913042784243,0.221777566885234,0.132170716952098,2.33798763817471,0.0718846091939944,0.17446577650894,1.83048275359669,0.0279938726832377,0.187243864126088,5.48194575365476,0.234276638630711,0.188488538263331,10.1800975118018,0.174777663570581,2.70893944291343
0.151256056316126,28.8295634579869,1.04,0.189828092159553,2.46233896144414,0.113136122531999,0.178285964689078,32.5745345994639,0.629238718190474,0.163288744820689,18.5275056440599,0.591143502873888,0.191162411329049,1.01449885892793,0.00719627747900378,0.178267445541514,21.3959997006003,0.52780750504776,0.192562971650725,53.14120008554,0.837506482137706,0.174617868600642,1.00288309926358,0.00777557663115587,0.113749235772945,3.18145405986858,0.0532396783227816,0.19976976739993,8.71435120329488,0.211458424509185,4.01850228772395
0.126882503268292,46.6802479258487,1.04,0.230548136393981,15.6332226114801,0.599298811405721,0.173383228725337,10.7215497316231,0.371778086604114,0.184652982993482,19.6256118755653,0.815692646223247,0.104341197157171,1.00288309926358,0.00107581212406322,0.184808130122455,7.50272113554967,0.328146147322485,0.186501788643942,32.9518247994517,0.663257521828912,0.187924439030561,2.39935784176774,0.0394928339572303,0.156402992248408,9.50045567592029,0.184588593058556,0.152469950811874,2.71555413295041,0.0581053126861432,4.10143576521047
0.137506819827233,34.6883445186206,1.04,0.203465004987801,15.2772790540943,0.368633532376023,0.138719460127847,21.2120013170279,0.240106292166303,0.15212363958047,8.41843393067599,0.298726781981438,0.177629117335495,1.05015961695978,0.0228212491552334,0.133737246011217,95.8838439353261,0.227491038046416,0.141443037898328,2.84356700216288,0.0939857936458729,0.187907853039159,3.75961856902805,0.0423997236776637,0.154394361079941,17.4908414355252,0.203446536104414,0.164612795421162,2.16313573014221,0.0664033833807147,2.60401433053408
0.110213490112144,437.738357476225,1.04,0.207944136695506,12.8167214051892,0.381338009548829,0.149067308789342,61.7230832045355,0.345707342440959,0.139500037031963,16.7998856852757,0.374655805686095,0.170738572911268,1.01158236655188,0.0105968496532373,0.17840193452194,7.97031285410644,0.321410266053138,0.168305923020664,58.269509235766,0.481866766933408,0.135830728903322,1.00867425853989,0.00759036582228728,0.199124885662065,4.98510624458552,0.241152640243122,0.112410438395827,1.00288309926358,0.0102696568940803,3.21458770327516
0.139582618456782,33.3672900465381,1.04,0.20226642375803,4.14623977579979,0.192878121847067,0.18440534467142,8.66431899975565,0.37045617468009,0.147236105131012,17.4405585739443,0.44143425522998,0.174754659593509,2.96905439714284,0.0259506925871461,0.190569996287831,119.335372285126,0.946785426154973,0.166249545050705,3.58004488871148,0.143661548576818,0.17615542871743,4.99947880072813,0.0331373578877342,0.180965519181407,5.52949756842363,0.218413776712244,0.173833759118396,1.68386231169735,0.064969202717706,3.47768655639376
0.115828162581205,100.788305198048,1.04,0.234462350326613,31.7413509094294,0.798054080200707,0.150068246839804,5.19013667692469,0.170981480385783,0.138279396363288,26.8600784527522,0.426135752762538,0.18485318199907,1.20926262481036,0.0275463635584815,0.177062912057265,19.9101608535235,0.508337497035887,0.192947178075698,7.37423424898408,0.341934980085352,0.190689514962792,1.1715671660767,0.0340057874755686,0.144372931507962,9.97699489356779,0.145960358273983,0.109453421293813,1.00577451078852,0.0154067841396563,3.50836308391796
0.133378661954393,38.0067179330526,1.04,0.213963441805791,6.7058929175172,0.304557055887112,0.197792258313894,7.4811522310616,0.362859214358913,0.127450577035268,28.0454211126682,0.337957438604639,0.16408599352223,1.00288309926358,0.00454558191868564,0.180031150523607,17.2905756504487,0.505145840090063,0.198330602397101,103.634385349794,1.02659697779497,0.130637233100114,1.00867425853989,0.00648092040454615,0.183307721119409,7.54604567969013,0.270626304153635,0.190701553936712,3.25557838997471,0.12095444030046,3.97972377351302
0.133944738242801,37.4039035826726,1.04,0.151856361987163,13.1153367145537,0.115919457202714,0.176389366113705,33.1421054672574,0.606520383480674,0.172469937443175,11.0347040567755,0.456576491092239,0.197565350505392,1.01449885892793,0.0112263271957028,0.169950392882329,5.74036800209287,0.229272773267391,0.195402731015415,17.3904202660819,0.618577191713784,0.18509141849897,1.00288309926358,0.0113226353576752,0.189409670650882,9.63820144251651,0.338512242442264,0.146217264216134,1.45392041663176,0.0400005055488735,3.46792800730132
0.137410344945138,34.6883445186206,1.04,0.232388944596098,10.3873347090322,0.499486549190601,0.190234752269608,6.96162583541039,0.323192236675038,0.145605454297484,68.070390112422,0.599910079044871,0.177590340639975,1.01158236655188,0.0218590437947978,0.149242329136545,3.59036651349369,0.125730840044142,0.13967533524811,3.75961856902805,0.11418119117214,0.178396335825281,1.00577451078852,0.0227557071281672,0.156251698532226,2.65372529430481,0.0960660718339838,0.190052538139327,2.27818714703702,0.0971437927116107,2.94032551159535
0.131582351208524,39.783113123507,1.04,0.227071176258906,7.18561784115829,0.36978176839837,0.173192212353761,29.9653362072615,0.552758853087294,0.152856664681298,41.4862782755825,0.651538414457544,0.197417020799936,1.00867425853989,0.0164060699305793,0.151747897018944,5.04284557241036,0.168769766372501,0.171010750209741,3.79223047250718,0.157538283486718,0.187297014036839,1.00577451078852,0.0170993593606594,0.193176814644515,4.0518365057735,0.191244114570204,0.165738483561707,5.43480286846039,0.0930504438799285,3.2581870735438
0.137582253815416,34.5302509160962,1.04,0.21665719116624,9.07276025359497,0.37758256742391,0.193543188103248,23.9383809351586,0.758881691973659,0.198362372533397,19.4568382303861,0.927676658059803,0.197589824607818,1.01449885892793,0.0158415454659643,0.194201877272566,9.74983462452457,0.443242142830851,0.140294417122937,3.43861929685961,0.107828440040746,0.172415762159082,1.01449885892793,0.0108565554286584,0.128833131648985,2.69996316651677,0.0664916272407193,0.199204016839424,6.06311316104581,0.183321381793571,3.93172261025788
0.134246736108947,37.1484903334101,1.04,0.220201018394803,7.92455244054436,0.36279163167209,0.158797644779339,13.8129064745256,0.328924408467422,0.181146355657216,11.9955386652786,0.527828962801011,0.113596599919255,1.01158236655188,0.00499491101796762,0.1822551861922,6.1865405227709,0.271897830146311,0.177271984079887,16.4173790695188,0.448522774732042,0.187388472889884,1.33746236557711,0.03350873863737,0.058949868775801,1.00288309926358,0.00245346712912874,0.140922002944523,1.05622377499757,0.0307206132908625,3.0516433378942
0.119182891887024,71.0634693009207,1.04,0.22000368415304,16.4173790695188,0.508459484839222,0.192164219088441,15.1023580078497,0.593336091266909,0.181956171601482,25.0668507346102,0.915668415175628,0.169800605157491,1.00867425853989,0.013593179443348,0.199407292755791,19.4568382303861,0.729892291480721,0.165897050720643,14.5475781084805,0.347341139098592,0.135750058009177,1.00577451078852,0.00167285425594914,0.130225119796589,2.16313573014221,0.0594357569889674,0.199341851332505,10.2684023095805,0.218536275325355,4.42793548787469
0.130142338948745,41.4527475896384,1.04,0.196471525615441,7.81129753947542,0.25723227594606,0.192164925288045,10.9713498785374,0.479717543673192,0.157710038179022,16.1362253542068,0.504007493626627,0.159977976618172,1.53125056362849,0.0168138561580674,0.169928651504592,6.20437693319619,0.243911221540035,0.167392105315831,4.26734287669584,0.171132028324765,0.110562434052777,1.00288309926358,0.00353894165968625,0.166296631349785,5.35713058780925,0.175166595394138,0.158049111085941,1.23033252636976,0.0430230382569911,2.93454299457956
0.138546878462021,33.982575875828,1.04,0.243717718384428,22.1480927773524,0.841421497058797,0.188935818021155,23.5284272689873,0.694767633895134,0.184024986905895,22.7294615325802,0.893493558032841,0.167811550296687,1.1028352210931,0.0187661231016382,0.194756011345327,7.99329205722658,0.376610700241705,0.148990667993391,3.38947576589033,0.118010348566605,0.186336745421801,1.00867425853989,0.00808382607789024,0.14990018742631,17.4908414355252,0.183480714479093,0.197113858665112,1.45392041663176,0.0702702033990749,4.24490460485278
0.124526782800811,51.3799630438154,1.04,0.215683526238365,3.70588742997801,0.196515045191449,0.0935861938666929,2.51246502599404,0.0438967336979485,0.166487082909306,20.6100250498449,0.658956801136141,0.159836533535127,1.00867425853989,0.00306486663046588,0.121428175340415,2.10780755947618,0.0588877729531725,0.14328209485186,6.62911211113257,0.165910229885741,0.168350791008911,1.27358007675926,0.0229105732225247,0.172272170879977,2.87650223749675,0.119579531194188,0.195500713340983,7.2688443008963,0.184728061495188,2.49444961540682
0.153568540510199,28.242997504598,1.04,0.225951599984886,218.441340861964,0.815302739550376,0.186529649354283,25.5036095217804,0.688468008333673,0.179445575734139,14.9294397640879,0.628500895424371,0.194633598529823,1.41265954868704,0.0344637908173764,0.18836816209885,5.87411217212038,0.270801681957189,0.188850705301441,11.7224193723862,0.454740277271225,0.184187451409421,1.59422875299434,0.0336287831249602,0.167079280587423,10.783461436218,0.237100219852907,0.186561421823975,5.49775074742009,0.142995056430524,4.3460014527626
0.142306246266595,31.9502646161512,1.04,0.229394159294764,55.6463084955692,0.809509540705846,0.159466333638737,26.8600784527522,0.397121240708634,0.146626587596392,12.4888983567305,0.36829201549128,0.185395679587655,1.70336542221432,0.0302491411769125,0.19859776376347,10.8145512259435,0.498312321044996,0.190442103035788,57.1069771602846,0.807621478811537,0.17059881780114,1.01158236655188,0.0124282037697445,0.175262980004013,6.84240540686637,0.227516197402423,0.192321247012104,3.86942926293753,0.136771873482553,4.32782201259393
0.12508375484662,50.2197549345416,1.04,0.216977310133791,6.34893199363231,0.305384383949715,0.157530161176077,4.54636621906863,0.168514501200541,0.168972366257993,66.7123211508998,1.02443329256501,0.182378435804239,1.017423759841,0.0136478973791167,0.187117025317594,66.9046593948815,0.835583840336894,0.198078560488263,53.7567009439374,0.931491771300461,0.194827120374236,1.00867425853989,0.0155052165543046,0.180347496505831,8.1325652583707,0.270963524041797,0.172809304690102,4.74699861247518,0.103826489743542,4.70935091707138
0.153702041140032,28.242997504598,1.04,0.226432697523396,28.2886943462597,0.669753810360462,0.178266123758766,60.840958726914,0.700157212707543,0.184603867947931,30.7519010092932,1.06455204497143,0.19539199030226,1.01449885892793,0.0185414282633,0.191172594837598,71.4847748067636,0.913906492739514,0.184884735844097,7.12382395041967,0.309008993024217,0.18006119788498,1.00577451078852,0.0266291243420446,0.143085121653162,2.15071639511557,0.0703823005101064,0.0693733465063403,1.00288309926358,0.00234380918173351,4.81527521610035
0.136097078984884,35.5708867752697,1.04,0.238221971577704,63.5258869923343,0.995260060450462,0.174288837702389,4.97077500682395,0.210127959998947,0.19528437651379,19.4568382303861,0.903168729787816,0.190006403702385,1.01158236655188,0.0228684917635975,0.194386466581647,14.1347317845805,0.573082462109993,0.136360485887743,16.9456122371505,0.191341127561023,0.150212417305643,1.00867425853989,0.0124131366727075,0.192768979616434,6.74461616851603,0.288685810257873,0.161562764135976,1.83048275359669,0.0574971896665569,4.29444496826898
0.113036971572694,156.979373938301,1.04,0.229244947732572,13.0025492407616,0.536781821009319,0.140744965731545,5.29579277470977,0.152826245694641,0.164100204915434,24.5667432445612,0.688368137983384,0.19552859308025,1.017423759841,0.0176276182269806,0.165488377671835,3.81412874828321,0.152524511658212,0.156097043745627,3.54925770971272,0.131602688009325,0.193747303477294,1.00867425853989,0.0226982441280115,0.179830075676326,4.92802801770652,0.198846593966291,0.103359173099102,3.63195145450856,0.0191946434494708,2.96047050412564
0.113553640144944,142.946616097213,1.04,0.242067785062132,57.9349631659321,1.07054600867822,0.195352666938991,41.011270705513,0.939218359631769,0.149654136978555,18.6882180181159,0.475713879291884,0.18393844176081,1.00577451078852,0.00196475951942713,0.131614684937631,3.35066711121492,0.0969900450979119,0.191855457095007,7.6115020308696,0.346999816891116,0.149424650698856,1.00577451078852,0.0141302538424801,0.190443713382305,3.6952337044061,0.172065377132838,0.0992007086086457,6.24020417473294,0.017810451092294,4.17543895117794
0.114505633740811,119.347193563487,1.04,0.249559246257784,6.80312071291408,0.420968126350242,0.191127912310181,9.52784643268317,0.426418619754383,0.157831983029204,29.0312487135558,0.660283004048366,0.156172695232784,1.00577451078852,0.00610869843860853,0.170356648537923,8.96887940476934,0.31408512153261,0.196204315203787,17.4908414355252,0.632918220871049,0.0920670852036334,1.00577451078852,0.00108683907260392,0.198406604626144,5.35713058780925,0.255280136624314,0.164075834364089,1.00288309926358,0.0248548126085202,3.7820035793007
0.123697398150517,53.6587145696673,1.04,0.237378729857654,11.1946946742062,0.554298738588653,0.187464506186222,7.58962040187813,0.342658209012925,0.12954141408072,11.0984240743995,0.259458359126426,0.154563034934615,2.37188579111585,0.0156272271019268,0.150688992242156,3.97099851752979,0.139168210027998,0.16162720570424,18.8503244528549,0.344785864456081,0.154204989985845,1.00577451078852,0.00915784617136877,0.178625331192125,12.8907317012169,0.318482066018623,0.186924839332491,5.90803229623124,0.145300949934259,3.16893747043826
0.153729573682128,28.242997504598,1.04,0.154497114976269,1.05015961695978,0.0389315507614032,0.195798561292625,73.5726974460868,1.06126396416251,0.198805517210378,42.8211093770612,1.55739345815208,0.188133714411857,1.01449885892793,0.0150927330477098,0.143295033762258,16.2761951447872,0.239120290814593,0.182430025838443,19.0686558202897,0.514583708714509,0.191423966209817,1.00288309926358,0.0210951626898495,0.185862641171782,6.78356302734552,0.265794113147067,0.166969064167878,1.69358579278262,0.0594587352605946,4.81273371675032
0.147340880423651,29.9709634242785,1.04,0.249251441509251,98.6844129941092,1.32201900215703,0.178101791364755,40.8933710575319,0.656109112137545,0.172702760847397,31.9246416826979,0.895870298268518,0.196234738471532,1.78366310156055,0.0382262261729587,0.164769853066901,4.45566189315493,0.175905058663001,0.172740142555899,7.81129753947542,0.287078363065465,0.185267360671669,1.00577451078852,0.0111656597937596,0.175445110428214,5.80685504843578,0.209233073748965,0.193424936392973,2.67674439360146,0.112637700013423,4.74824449402066
0.134878520222339,36.6428842076339,1.04,0.129584776545826,1.47500060364494,0.0376746147512687,0.136659899357828,19.852922906113,0.223806370575222,0.198790629114825,64.4469398661078,1.84195137226075,0.159503628824159,2.43414579263315,0.017631557270532,0.149054361366502,4.24284253669373,0.143894424878798,0.163001986122218,14.0940971036004,0.325836831051032,0.155593133440385,1.75311720834914,0.0179739453592638,0.174988307075685,7.99329205722658,0.245708448060678,0.145306899440041,1.00577451078852,0.0131960706648037,3.90767363487235
0.140017080309715,33.1394408876654,1.04,0.185901594804686,3.20905081491668,0.13402578173065,0.184181985324081,27.5651328577691,0.66666978154992,0.160963341290596,7.6115020308696,0.29497684415769,0.198762588264991,2.92662172166501,0.0447890059172733,0.191227289199876,10.7215497316231,0.459601675990964,0.199330377467804,7.04225793763313,0.343543671643556,0.192112990370381,3.12697047724319,0.0448931810794871,0.164318693349646,5.22010717715947,0.167527899052396,0.171799531056282,1.48779514022745,0.0580039711173558,3.25403181223929
0.149566723372944,29.2273597614989,1.04,0.159763731121583,4.21848286189654,0.105040621450665,0.139144429962933,2.81911328467833,0.0926324316559201,0.186820156536962,22.5339958268413,0.922528976206508,0.14287217345149,1.00288309926358,0.0082386602069946,0.132781812899631,3.99392909131044,0.110885010251285,0.181972477708173,4.81582467568853,0.213732725308838,0.194983377735131,1.01158236655188,0.00965661423652716,0.110018968289619,1.4963864293158,0.0342235935556121,0.116550457099239,2.34472828861258,0.0255822127138554,2.56252084558621
0.115186953256266,108.430529232706,1.04,0.213637686173359,4.82970917626452,0.241465178442434,0.0758492392315376,3.51873529007318,0.0331374193135995,0.0861331476016015,24.4961185033437,0.112257888651805,0.136242784924682,1.00288309926358,0.00140587276579993,0.19686441560115,8.06262793911584,0.385761767329415,0.176443761353956,22.2759871780403,0.485101670182891,0.171649167048764,1.017423759841,0.0119437659853344,0.196905588075003,13.1531495321769,0.440882093254934,0.18544862928513,2.53425879720196,0.0980935311425854,2.8500491870688
0.113080990584656,159.874040665516,1.04,0.212545738204862,8.71435120329488,0.347977677280376,0.197111813457481,18.1578643020893,0.696996467170947,0.176682399477608,42.9445668859717,1.07952801783575,0.15416174451893,1.00577451078852,0.00841278045128864,0.167710300395307,5.16033824803901,0.205053230065437,0.199417745311129,14.0940971036004,0.5879451743421,0.172060564805889,1.00288309926358,0.00996929584686232,0.171383489919023,7.92455244054436,0.231429836265739,0.191852971284951,1.71320152422168,0.0788206731662474,4.28613315242475
0.137504195836018,34.6883445186206,1.04,0.233623338020055,11.7224193723862,0.540781164423303,0.182791967001393,8.66431899975565,0.364797285360046,0.192012143160934,13.8527304550101,0.650025878687025,0.189912528299124,1.00867425853989,0.0100080938307631,0.154538368662435,7.69966123740149,0.227974251241549,0.157907896452586,4.0401882420282,0.149785864964699,0.146457885769245,1.01449885892793,0.00373970132977629,0.181304232084621,7.14436264200497,0.257887418780444,0.189050628838738,6.06311316104581,0.154657206471241,3.39965686508885
0.157379320567094,27.5422660634698,1.04,0.212435282866506,50.0235828063934,0.554865196078293,0.183700924884089,18.3681753422353,0.574270828151175,0.0488902306605676,1.96708649096514,0.0182037468854025,0.134317411334378,1.00867425853989,0.00382865017955345,0.181185241690228,62.4379825789225,0.720288894373029,0.185576021838207,105.136965683063,0.769880677336749,0.158120528251895,1.017423759841,0.00397373984310995,0.179625727803595,6.06311316104581,0.227075868606358,0.197489364887791,6.44098426295101,0.184012250635564,4.09639985208923
0.123170569119991,55.4022168091801,1.04,0.140740231023336,2.2456281019818,0.0569394392278267,0.157002400295782,19.6256118755653,0.350529175832968,0.170885332589152,25.2842870786632,0.779598360518349,0.180403056980539,1.21624552488348,0.0253100525278676,0.151908938879525,31.1977684837926,0.328816308780289,0.194399587006544,21.0902156392867,0.669716144747123,0.132694228391018,1.01158236655188,0.00503907958391919,0.141741904236402,1.48351801054375,0.0499750291325566,0.192301622603433,3.37001557459736,0.127470253891725,3.43339384424262
0.136201131454712,35.5708867752697,1.04,0.215134035267626,4.07523387938939,0.213402454912126,0.191831391039388,88.7129450016296,0.997041083553778,0.185515328492283,25.9479782891666,0.984258531178865,0.148990324536035,1.00577451078852,0.010950897478152,0.186690888298586,10.5076446271293,0.430031557607484,0.191757536857619,238.833104350358,0.928396705542652,0.175440282163356,2.77083492243083,0.0303433141847801,0.16820767615698,16.0435815196353,0.272582472917664,0.0970953777167499,1.00867425853989,0.00208031795699701,4.9090873353325
0.136049155558722,35.6522228135964,1.04,0.236646702918897,57.6023378446047,0.937445496195429,0.197108637801191,16.8483214233231,0.672058814540598,0.186884977374505,55.4863358814509,1.41689820363948,0.189407435226654,1.18855355314224,0.0297317371820805,0.19364942728024,63.1611621799113,0.944159553230097,0.150007662215219,11.9955386652786,0.238365005968417,0.18417384139813,62.4379825789225,0.0441073926074164,0.10691590580958,9.07276025359497,0.0569988035121101,0.106498882033596,1.00577451078852,0.00375489310989383,5.38351989998552
0.127187411677211,45.9398650446285,1.04,0.230698273209435,5.57746185992785,0.313171674861007,0.138824918337994,15.7688292262238,0.224448601959148,0.181111186849075,21.8945026225075,0.841695598271839,0.0778344446422005,1.00288309926358,0.00118943918133085,0.079422956065149,5.20510035615579,0.0385750183895154,0.137683104516961,13.4209094274668,0.188778335960795,0.196168620982285,1.01449885892793,0.0125316233636539,0.193296273860006,11.3897483457029,0.391649783412198,0.170458259009752,2.14453349218355,0.0719247506620892,3.12396482606158
0.131724374446256,39.511453397773,1.04,0.230637796915439,12.7065019223768,0.545342143185854,0.0632516751759664,2.55624161321588,0.0211139864365091,0.185636104068261,26.7828608064846,1.00335831646151,0.153145389704106,1.017423759841,0.00402135930649475,0.197900737732128,142.245409398223,1.14071197186603,0.199189034010053,7.85640396138943,0.378714130176351,0.0884556304872962,1.017423759841,0.00272390544415677,0.196184717795355,7.31081832073186,0.317414343956064,0.174084862043956,2.21353437928443,0.0769092871232252,4.53030944395619
0.133842869994093,37.575153941676,1.04,0.225885134773376,7.12382395041967,0.364844680252987,0.182273798183635,8.78994173863968,0.366173144901405,0.183841691746098,14.716073490575,0.646612515299991,0.152053855747453,1.00288309926358,0.0090329191271834,0.16812621143952,7.3318961356485,0.267815081701543,0.177517192209889,8.71435120329488,0.326875810796442,0.130631995142558,1.17494491051044,0.00943260277348389,0.155059043802731,2.60078095318014,0.0932994663376874,0.133072748302705,1.00288309926358,0.0113416990400383,3.13542792023076
0.142465590532934,31.8773741273602,1.04,0.203096154371748,24.2854601433005,0.402448107649143,0.194451049251921,8.71435120329488,0.40836520347765,0.187695220335522,23.1921673069706,0.943549506846129,0.158393584025801,1.00867425853989,0.0024767504799275,0.115815853690751,4.39198314906283,0.0871618483536951,0.0620508745406776,3.21830282695794,0.0193686266643646,0.162141150005166,1.00288309926358,0.0136255468771263,0.0954917707164452,3.38947576589033,0.0357063813451516,0.197722284357022,12.7431360287119,0.221282766072705,3.17398473776589
0.146969496383535,30.0394947331876,1.04,0.185017673798916,11.5882005855279,0.233883546477129,0.154824442085912,11.5216685859765,0.284521173771095,0.181467909500499,51.3366596640957,1.24309404723838,0.189889785660604,1.00577451078852,0.0247116622686864,0.194794937113577,14.6315832552147,0.585808039241207,0.0943345398265668,2.73123512958793,0.0428863818875155,0.172405896107557,1.01449885892793,0.00267869220351093,0.178772573596322,17.1418825295271,0.344142678917266,0.119588395384983,4.46850800867783,0.0305896459439469,3.83231586794874
0.146271423109344,30.315190586218,1.04,0.23389890640953,5.89104782059798,0.33519098405009,0.130605352048618,5.45047194460812,0.131698428510552,0.180634609007749,26.8600784527522,0.944296044104571,0.143397497203863,1.00288309926358,0.00235919229329711,0.186316907235399,6.8227347852315,0.305991616807704,0.194546593659104,27.2495189410318,0.734410924622386,0.152794973725111,5.5454396587911,0.0188108454228078,0.189372501662913,8.86618796583124,0.323548908173533,0.197015922473449,1.7683242002651,0.0845532103554011,3.92086015434034
0.128227243393897,44.3926343126682,1.04,0.238501929222472,11.3897483457029,0.566196762171766,0.186945552275076,6.34893199363231,0.289463328536105,0.168479772430289,46.8185117519142,0.941119474230217,0.179118692304515,1.00288309926358,0.0131293441010073,0.171634227535554,4.17018228211692,0.173611919245808,0.17429114405035,10.3873347090322,0.34453055836218,0.145206762819493,1.01449885892793,0.0126859738256505,0.1860809707099,5.87411217212038,0.241714328636253,0.139025345057949,1.26991877487462,0.0329696592379145,3.6554213483469
0.133004957129478,38.4432385901807,1.04,0.241152258455204,10.5987906532703,0.559591285868182,0.132986327531198,7.10334430368878,0.154609237550345,0.184606307685129,33.6226281790017,1.11777913280976,0.177059047652956,1.03813555048354,0.0225832287338663,0.199032048258961,9.91971340151178,0.469118449333477,0.145349556837498,27.1711817270042,0.254072231032833,0.182330064753627,1.96143148928283,0.0337456326568004,0.191659897230398,9.80613514975012,0.350790769816492,0.156063862052982,1.04714060664789,0.0372628251608961,4.03955279296265
0.153121739036941,28.3723054911643,1.04,0.114169910692405,1.6741946565908,0.0301109935392558,0.194368020166155,8.71435120329488,0.408126460543723,0.170137020092387,35.1064040208769,0.880489529957496,0.187643102669265,4.40464567244553,0.0368454824196857,0.156066846424616,18.3681753422353,0.328353390409735,0.157904548928145,5.28056837192541,0.183178199150182,0.149582266797496,1.01158236655188,0.00854512491123396,0.184378169237903,7.39549489831676,0.272904705502911,0.135383744379733,1.00577451078852,0.0206646443670712,3.20921853080129
0.156498485299712,27.668365815083,1.04,0.205075756205207,3.58004488871148,0.176446326762631,0.197611258419358,42.3308183228056,0.986950288297739,0.197416066862196,44.3263187784442,1.56108277567073,0.188077627998121,1.01158236655188,0.0254200268790832,0.15919197250232,7.92455244054436,0.249311056652106,0.181011593775101,14.716073490575,0.457881129342872,0.178581845882673,1.13504676028852,0.0270290918074822,0.145639921002654,1.88394737445416,0.0647630754043504,0.192920923149949,3.53905426496764,0.130604482184493,4.71948825300149
0.133035184822716,38.268031898545,1.04,0.206287194935501,2.77882351455518,0.141216611584558,0.15622894436605,7.39549489831676,0.234054216136478,0.148661850301397,56.4531164723065,0.631892996078191,0.193095589931324,1.00867425853989,0.00784102198736453,0.163611866704249,4.08698318318596,0.160867633286584,0.172775612788392,35.3091263296414,0.500257361033148,0.157742034187566,1.00577451078852,0.00728054459428235,0.12310577894115,7.14436264200497,0.0830463633349518,0.194085018433138,5.67464221589759,0.16492857541836,2.97138532345392
0.148400203353296,29.6306449410155,1.04,0.238385590280876,203.857799421055,1.08384507797973,0.164907243487882,4.82970917626452,0.190522924776302,0.163092113726154,62.4379825789225,0.891001499654396,0.165658233139699,1.00288309926358,0.00932109443076969,0.194354908311303,130.851647428524,1.05593446896094,0.157620435824656,5.89104782059798,0.196603005467116,0.136892061745893,1.00867425853989,0.00374151859673126,0.156253437236022,4.63891702142887,0.138342827605443,0.111334064510117,1.00288309926358,0.00698429517542259,4.61629671264685
0.137626842474679,34.5302509160962,1.04,0.227181087011689,17.6425615162172,0.596150387685452,0.193408299344321,52.3817248465878,0.946223565053752,0.150121363000859,39.6186319317599,0.607580012893247,0.144568232051572,3.10901742259474,0.0123367613305356,0.185004292199422,305.050044563849,0.873074931289274,0.197116391018075,8.1325652583707,0.385394525776142,0.19887683949852,8.27426512232383,0.0589048443750624,0.141742063749788,5.49775074742009,0.115465380209479,0.11075827544067,2.46233896144414,0.0221597441132125,4.65729015272616
0.140723693139134,32.6883995622381,1.04,0.218552529199599,13.4984086137474,0.463811428268174,0.142254232277614,6.72522667244931,0.178715076329551,0.181777830259102,37.7262954049369,1.12247038882369,0.0868656557061545,1.01449885892793,0.00231082986256578,0.154067269563813,112.011423259938,0.38857638107817,0.19732197147961,17.4908414355252,0.644311342268117,0.185931938511197,5.65832869261085,0.0423535927535692,0.176951303384771,7.63344674676951,0.248918771829588,0.185641056818248,2.95200799512719,0.10660569486679,4.23807350608022
0.110985718781243,290.844564204715,1.04,0.237403034269264,91.0415849855167,1.01459547462796,0.191573018908996,15.4097981223956,0.588710852760116,0.12937195804254,12.8167214051892,0.276557478947806,0.132203780676267,1.00577451078852,0.0063106000231815,0.192627046221002,63.8927179121216,0.936968898697836,0.19459402777082,12.4171951294921,0.508733919358064,0.177476859233606,1.00577451078852,0.0198258706455511,0.178438661136485,6.53437118513655,0.233570104924903,0.140494436186313,2.13836836392825,0.0425628127210513,4.66783601270647
0.118302531864371,76.1033897413798,1.04,0.215400616168816,6.27623830106248,0.297056841454579,0.176285969798832,30.8405617924466,0.587033361985636,0.177724387760984,59.2847831707431,1.21583499307841,0.17976137382121,6.66739199053658,0.0313651368824116,0.189308692101623,22.4692148500539,0.663874326753506,0.142257325208261,2.81911328467833,0.0939859330077462,0.140350885417487,1.01158236655188,0.0100561887987175,0.188178664122719,13.1531495321769,0.381486826917688,0.15321003287575,1.42902148939294,0.0442031516304207,4.36489676050912
0.120345358846313,65.155855524987,1.04,0.183857508085318,7.56780167843215,0.204216106693157,0.182513252811443,64.4469398661078,0.771529299433939,0.130039016601892,11.1625120439526,0.264002606980581,0.193085193935378,1.00867425853989,0.0056217634922783,0.196440902359385,49.7363795461226,0.952602968532502,0.175150836712219,6.74461616851603,0.267792392404309,0.19453587653107,2.85998721049474,0.0468561267293423,0.164551246635754,10.5683211343905,0.224982855803506,0.174537823091264,5.19013667692469,0.111206653576924,3.88881077364654
0.133055859265676,38.1807282225453,1.04,0.162207491029529,1.68871705388817,0.0640523545609068,0.199016038619666,54.3793307588897,1.08247061086383,0.157598080809662,48.0474581976622,0.756726317506854,0.102868341909515,1.00577451078852,0.00316082867845317,0.125174176468234,1.79396288338358,0.0522453159192439,0.17392072296001,5.13071090257931,0.21310737600756,0.187168994373012,1.00288309926358,0.00901491855408431,0.195810610575909,7.78884153617836,0.327286162638849,0.165255294302745,1.51371812544339,0.0540799683936397,3.60214385312342
0.124222679588354,52.0889144437628,1.04,0.228087358394659,20.3740453880163,0.630268165225058,0.15671380227751,15.4542261000141,0.325566788465248,0.186460384922092,26.9375187251589,1.02556379893155,0.194974751687862,1.00288309926358,0.00112141531105876,0.181376426457001,6.55321042588835,0.284120127642308,0.191555783884528,26.4762037102107,0.688091967407542,0.151420655292558,1.00577451078852,0.00261290629895284,0.135791829876103,1.42902148939294,0.0457350140812493,0.175360948280195,4.84363370723389,0.109501409913631,4.1525815932766
0.145224046077488,30.7334858813595,1.04,0.158116838670169,11.1304219326752,0.131335832914592,0.126207310313214,3.1450272019994,0.0873265344453462,0.169348507969356,54.2230004661768,0.99099776268998,0.197210797835766,1.00288309926358,0.00585962300236756,0.175187613392129,6.02830266228601,0.250269404070508,0.1531939168244,14.8865204479472,0.27241245775681,0.161053211477339,1.01449885892793,0.0120771062020694,0.131976396383079,5.85722521042959,0.0967524290579931,0.13603790013021,1.28462743961633,0.0316908384067851,2.91872198854645
0.134626973983377,36.8948211782569,1.04,0.24829257219139,15.2333597657718,0.764357341549128,0.189825737442628,25.5771389596111,0.729583702835853,0.183837561871016,20.257070714631,0.824371991341664,0.170053283603948,2.36506706799381,0.0225436208641489,0.18380099520569,12.5249050903856,0.461300981532718,0.0558141218381093,1.90028922105573,0.0138861744800292,0.172483436570844,1.017423759841,0.00745910475567672,0.0879526907185756,5.72386552959968,0.0319875959366166,0.105543677204817,3.51873529007318,0.020419828399094,3.91591034169493
0.148010825222983,29.6983980810424,1.04,0.248706374859782,6.1687553886527,0.380470844804485,0.155257458684764,21.8315600677534,0.346536210669886,0.157600067069078,25.2115995346114,0.617141733355751,0.179902078470745,1.4963864293158,0.0259476213865987,0.161937450892238,6.74461616851603,0.233408995681216,0.160427307550385,3.46844676966084,0.133568706880727,0.167188352382298,1.00867425853989,0.0184265148279416,0.192845644926602,4.48139116082693,0.208831449236386,0.12354652465684,1.00577451078852,0.0144807220566539,3.01881279889964
0.137999378690621,34.2944604573588,1.04,0.1557673494657,1.74807732789242,0.0610569334274439,0.199630393315998,7.56780167843215,0.37146166298031,0.0923372468567466,21.273157622404,0.131941190983142,0.185303814576025,1.017423759841,0.00216801897768043,0.195169047723205,12.0648070327153,0.52065212735312,0.184280039653464,4.70617602490094,0.211976212767276,0.181568627402666,2.39935784176774,0.0347231854793934,0.185695379860603,11.5548867001919,0.345524073973239,0.158156410039231,1.09650345009091,0.0395708695345166,2.75907427547612
0.121592535687611,59.8759500339751,1.04,0.233667984132642,4.91386086905364,0.28381411874298,0.138384117984294,5.57746185992785,0.151314211931862,0.154913095778843,8.86618796583124,0.321900291645824,0.148957586608583,1.00577451078852,0.0120421359163105,0.191242971610925,45.7525288743821,0.851099387205439,0.181796629505517,11.4885459675579,0.410430137254302,0.191750660907894,2.75492656923522,0.0435758063695099,0.159754230299355,8.34603823722249,0.189747705727178,0.197280160100816,7.90177085082341,0.196338171088955,3.50026196588236
0.146938102425396,30.1081827451107,1.04,0.218691973611794,47.6342662567927,0.618880478352632,0.133635837767517,54.5361117673544,0.233840884138895,0.145641060855984,32.1089908705141,0.524271811978139,0.147044856625627,1.00288309926358,0.00526030556536454,0.189916010913102,7.14436264200497,0.329431754998824,0.164587851772342,11.6887196334189,0.310035939883594,0.16791313232379,1.00577451078852,0.00548229986258852,0.139627502559216,2.04799000112185,0.0649110416495315,0.148738399465456,1.00288309926358,0.0158304117339065,3.14794492816347
0.144107442454222,31.157552901849,1.04,0.153505688585713,3.08228092099346,0.0821001247709018,0.178236488909105,9.91971340151178,0.380391362156041,0.196743075101873,56.6158764108344,1.70932736433408,0.183002262715713,1.00577451078852,0.021943100451394,0.193654996613077,26.5525372336299,0.758069999684599,0.180896549968795,14.8010516157109,0.453181230825059,0.140366846018755,1.01158236655188,0.003015321650842,0.189702733689134,16.7034315396448,0.425881324376046,0.160799765453632,1.00288309926358,0.0220169900506689,4.89592681829963
0.127111194492962,46.1501965241778,1.04,0.249622069961535,43.9451273819645,1.16327145485144,0.161730227042179,11.9266679922861,0.328091034052081,0.133485710490476,7.76645008964431,0.225188416659058,0.181982756697641,1.00577451078852,0.00423677445391036,0.197784614561358,119.335372285126,1.12584700884833,0.183429332975204,17.8469041306121,0.514861568757816,0.158790969507882,1.01449885892793,0.00353585435536865,0.182335778804762,4.09876636139165,0.177281091034028,0.17572576821782,1.0808326105459,0.045984745910837,4.62829794892287
0.129282967025115,42.6045870395527,1.04,0.147037154624789,2.28475538672293,0.063671630313462,0.15950342056595,3.88058521159597,0.14882075745577,0.160610091105544,8.71435120329488,0.334458360773499,0.194429702821494,1.017423759841,0.00392103769130405,0.155723844522743,11.5882005855279,0.279009902052085,0.199059983139281,13.6154972999402,0.573956117331611,0.190767244797854,3.53905426496764,0.0453560135727875,0.154815241664288,3.49853297367273,0.115019200213733,0.136117310598514,1.00288309926358,0.0224955314613398,2.62670855086559
0.146186528138717,30.315190586218,1.04,0.144851256414987,1.8570226648111,0.0547902548598663,0.0765558722316063,1.32214875407135,0.0209675537149135,0.14332787622565,27.2495189410318,0.475918060841421,0.147980250731381,1.01449885892793,0.00974406743955184,0.140933695115494,28.5340777947752,0.252697143273391,0.133806443141171,2.02454102487246,0.0638778743245449,0.180985445487054,1.46653209822205,0.0304952244226779,0.19488441582243,7.02201277776474,0.303243249562428,0.181432176554311,5.20510035615579,0.126089879301586,2.37782330774038
0.122421431337411,57.7273604045926,1.04,0.208176224727782,28.2073696994518,0.456795817874595,0.168364830631785,70.4631396848539,0.569240380491657,0.180382811876183,25.4302914671788,0.902369292086469,0.196159955470214,1.00577451078852,0.0049769342929056,0.17638756048728,5.65832869261085,0.239690284180213,0.132624583623309,80.6727165821289,0.199759112568906,0.100869713592348,1.01158236655188,0.00203823403093902,0.196131690488991,3.98244730043134,0.191499200954817,0.156503791972923,1.16149208345279,0.0405121395872364,3.64688139606774
0.149983537306583,29.1606812358378,1.04,0.245695015171498,137.415115942094,1.26116319827962,0.180290197394681,7.94739971184986,0.332688634461966,0.149054363354202,11.858192730432,0.369542502738271,0.143626779566395,1.01158236655188,0.0104264790756501,0.182890805923371,179.086671941064,0.807773514220155,0.188380905661425,11.2269700901773,0.44012284101112,0.149623466932651,2.27163778979815,0.0161457885643476,0.192908057424878,10.3574730860055,0.3719138752832,0.185490746316054,4.32921447906216,0.127310450140748,4.77708728377508
0.140208875187428,33.0638374435755,1.04,0.243262033020865,49.0255647982507,1.04678334465036,0.177587502341387,35.8210683711633,0.626105823947845,0.105319554510384,5.07196553857306,0.109549750145476,0.177424253288486,1.00577451078852,0.00405748235489116,0.149070524540396,80.2095456951702,0.335745652319392,0.195416548998994,9.80613514975012,0.438842528716841,0.073996335469017,1.00288309926358,0.0011299877482699,0.197774887557248,4.12243473196511,0.200392407516236,0.183076975150199,4.14623977579979,0.119563311025738,3.92217028842505
0.135000419020381,36.4758827075144,1.04,0.219628023779366,14.505756572389,0.489115278629587,0.175131426540846,10.5076446271293,0.378767017098478,0.190398661217038,28.0454211126682,1.10736944459738,0.102549556732212,1.00288309926358,0.0022054344385505,0.194191292620192,18.7961333346796,0.666860526588812,0.199177019707857,14.3396692667093,0.589854307451214,0.196255923774025,1.01449885892793,0.00924781789922201,0.198010201411905,11.2269700901773,0.413843184738462,0.195957357427427,1.98987000774274,0.0926851166873561,4.78994812812906
0.154140803797415,28.1142788446691,1.04,0.223666109331274,65.9484816627422,0.715496890571311,0.158467828946907,12.5972302899552,0.313138516093481,0.184364813569126,31.2877147471334,1.06862041651238,0.199499107112454,2.25210247070889,0.0426981129928496,0.18681380293534,55.009172100585,0.793014674458664,0.197022750468178,32.5745345994639,0.809744788917039,0.180625652972887,1.01449885892793,0.0150949229332802,0.158170718717242,3.66345594042931,0.124305688935385,0.195954124896353,2.6460963359074,0.114620014169623,5.03673402558401
0.110584579931404,341.267821922648,1.04,0.211368398056351,23.3933421622917,0.470323959532094,0.166328000563356,4.02857346483847,0.16196188553829,0.149536675320548,5.84038679556032,0.208853788735012,0.191202542137118,1.01449885892793,0.0115189867722221,0.19439932952166,55.6463084955692,0.933871585822518,0.156488826391106,8.54049161663095,0.234776250626622,0.151989949425047,7.67752616736229,0.0185944460078835,0.165942676223148,3.22758151346831,0.124764060623649,0.17319544655793,5.40359972355987,0.109704118198016,3.31436908185631
0.127408143508624,45.5220735006315,1.04,0.217301946516053,58.269509235766,0.624128917451596,0.159581342285726,3.81412874828321,0.146394365947557,0.184709794973805,25.65088039011,0.970273108049012,0.10974453969496,1.01158236655188,0.00430507753516373,0.0972142548749186,3.21830282695794,0.0519912075157639,0.198422490837709,157.325528667577,1.06485122811087,0.198676816480625,12.4171951294921,0.0598959450822247,0.174595320108893,14.6315832552147,0.301744013543059,0.198292407112674,2.15691712397049,0.101278321326851,4.3648621845621
0.137869047824524,34.4514745147866,1.04,0.23591212747562,5.17521601544173,0.301670714516472,0.14936551751165,11.5548867001919,0.257910815223605,0.197909882933527,30.8405617924466,1.29203346275949,0.184163237550816,1.01449885892793,0.0252495654773558,0.171103310394404,12.4529951356256,0.379250780292731,0.164186321306419,12.345903576098,0.312873530764399,0.150955322514385,1.01158236655188,0.0070597858803627,0.187237238887734,4.52026390637434,0.201378304704081,0.199163718910628,6.24020417473294,0.185217391018113,4.00264435063661
0.125984442574573,48.3072095893017,1.04,0.239706439642878,8.03944940844679,0.454008949261649,0.170671721661012,44.0718255463572,0.568295503685991,0.163137265116992,14.1754836193795,0.501496754169547,0.144358691240122,1.01449885892793,0.00479815252873468,0.087630156648598,1.05318733137807,0.0202954871269631,0.193950981959452,14.5895202202118,0.555036449422249,0.185238942586117,1.00577451078852,0.0219342585636759,0.127744263933571,7.92455244054436,0.0939593227231031,0.129528583927349,1.00577451078852,0.0202758241596371,3.28010070164155
0.150001426366705,29.1606812358378,1.04,0.248491871584231,62.0795038144005,1.22626609053083,0.0899755270843932,1.04413027541975,0.0205915011128022,0.189661789032086,14.9724828208773,0.689647489665431,0.0893643813904358,1.02035709353375,0.00105748031486947,0.129207741157548,10.1216499350543,0.15476630364097,0.184047867805101,94.7859977652238,0.741491399139383,0.111537105683322,1.01449885892793,0.00389899717444199,0.179248354636672,12.2750213329814,0.313452693371622,0.176692597764536,1.34518555643637,0.0562305964363978,4.24740255138675
0.142618368021221,31.8046499290028,1.04,0.195036145602725,3.53905426496764,0.159070282674519,0.171836567148923,34.8045007827355,0.549475182769737,0.187626810207507,16.3701822092467,0.730763403839271,0.187132338244369,6.66739199053658,0.0370314702505285,0.182337086298503,14.4640552653053,0.484741561201265,0.190327845506813,40.4251521276738,0.754686299483973,0.182560091790874,1.65502554408647,0.0322569308833072,0.19205544264507,8.32204495553973,0.326718375690062,0.175604856456848,11.3897483457029,0.133326720462001,4.24807022725466
0.134466285045299,36.8948211782569,1.04,0.107420953743874,1.00577451078852,0.013480396272603,0.142473608305235,2.60078095318014,0.087938165954671,0.173397964575746,12.4529951356256,0.511865948484113,0.182923285863069,1.00577451078852,0.0118296122567294,0.149377813567266,25.5036095217804,0.300317391657853,0.134439842740341,2.30457394564778,0.0725943321601892,0.199720493355233,1.01449885892793,0.0158649109374341,0.198430776946927,14.298445429222,0.464352070313491,0.194020144771138,3.03823005207779,0.122878872650063,2.64112170068715
0.153495974380565,28.242997504598,1.04,0.201931736835772,29.8791915321589,0.40662809251417,0.198073655527479,31.5591124739724,0.901570906705356,0.124008001693328,5.29579277470977,0.148559950992083,0.184177941064798,1.0808326105459,0.0261134335117611,0.194255384372549,7.18561784115829,0.340472868233456,0.194782457732354,8.6145740489714,0.394855742411957,0.134077160587083,1.00288309926358,0.00582257575691665,0.174226751540061,4.40464567244553,0.172515877268296,0.190958443916146,2.60078095318014,0.10733130137799,3.54387074877199
0.126966495266185,46.4675007145378,1.04,0.225101486119233,19.4568382303861,0.58899307474097,0.182941723985785,24.5667432445612,0.627547156334008,0.175825199994523,10.7524610237587,0.458004722906073,0.156564146033618,1.017423759841,0.0108717499038902,0.198751280061436,172.507984971374,1.19592192069617,0.146184017271136,6.98169689372975,0.180339786467051,0.166949092878598,1.00288309926358,0.0125317433127465,0.143149542091961,1.86237664548846,0.0624485737993786,0.139201339342584,1.00288309926358,0.0191675133610502,4.19582624152134
0.122747586893659,56.6821533858826,1.04,0.215863188842952,7.4382002633935,0.331573911329892,0.19930096980868,11.1946946742062,0.524054310733411,0.182342095989277,14.5895202202118,0.633087901567081,0.103628327868276,1.01158236655188,0.00162842390815124,0.147019698884365,4.44285270778494,0.145619160073233,0.191358978657874,34.1101179217553,0.738583344403807,0.189510124535178,1.00867425853989,0.0148117388202308,0.176122090805972,4.82970917626452,0.188095708631394,0.150796660825916,4.26734287669584,0.064149479042039,3.68160397850924
0.150104369622072,29.0941548288019,1.04,0.242021410119935,10.5987906532703,0.568263990157811,0.129009634406328,4.12243473196511,0.108898868145198,0.115840648365463,47.4973267490208,0.273919664491342,0.195345909878836,1.01158236655188,0.0272898924220068,0.173775699250625,6.90175820040029,0.275121241250649,0.179277163501977,20.9088468955437,0.50679023485887,0.18943726588072,1.32214875407135,0.0350443568315803,0.128253065564444,1.92229906736858,0.0534792640384721,0.170130784114979,3.10007958542497,0.0853466175472391,2.97415412974317
0.115121907743646,110.1780334443,1.04,0.228304607646696,40.8933710575319,0.753540049035021,0.19873316982544,18.9591758547749,0.731546494071761,0.159356439736939,9.02067029565308,0.341061320178985,0.168981693929849,1.00867425853989,0.00783323417943794,0.16191684463727,18.3153703115779,0.365766026677866,0.195472849442596,14.8865204479472,0.575776233177778,0.135853271087388,1.20578622343754,0.0107745268725855,0.136822471952023,11.4555185704036,0.124772961934899,0.181992535803992,2.2008256876077,0.0856571350149602,4.03672798114329
0.15363809967689,28.242997504598,1.04,0.197229426871609,3.80316384938978,0.171531234472314,0.179346817880748,7.24794774808137,0.306908614078402,0.173757277533895,11.858192730432,0.491712196266766,0.188874419646123,1.00577451078852,0.0105102751652775,0.191276511644603,56.4531164723065,0.874272861509957,0.170527918806562,5.25025074237118,0.210078855771287,0.134767576255695,1.00867425853989,0.00993477355760108,0.17882051843932,4.39198314906283,0.181044911140703,0.181092471662956,1.4920846013006,0.0639505060611153,3.35994422802342
0.144327731812398,31.0864708846003,1.04,0.187550041835516,6.2943333190863,0.201221402260031,0.163546137129609,3.83615347588896,0.151555072725117,0.193556720842732,13.4984086137474,0.641027518422845,0.138924937470808,1.00288309926358,0.0023680566064046,0.18928293587688,30.0517292460135,0.737332547881143,0.160169719610472,22.8607130534172,0.350082513593203,0.163346069617569,1.01449885892793,0.0180594941219772,0.0914485045197361,2.27818714703702,0.0285793036157212,0.19626915701537,6.49685502569923,0.178614524631666,3.34884043385811
0.124987088259341,50.4496814993611,1.04,0.224309150197707,6.11570617216135,0.319872397384842,0.154631561967465,21.7062172818814,0.345305395359174,0.120574407387303,4.95648496866088,0.1352635491638,0.187831238785323,1.00577451078852,0.00695330077493139,0.0960670343285979,1.37652687910296,0.0294275110608034,0.154255474595626,17.0434648578319,0.286055568519049,0.187187623646795,1.00288309926358,0.0116502982371221,0.170872183117238,10.0057595601981,0.251195906063149,0.184716682909037,6.92165665438525,0.145756126806332,2.5714800533692
0.120877924950464,63.3943295954686,1.04,0.20195954395687,12.169460288151,0.334311621568341,0.140253951680532,36.0279175169288,0.26714269493963,0.157922747591508,76.8194808477565,0.822378304720937,0.117324255663955,1.00867425853989,0.00437579508478655,0.186487048134918,19.0138370407198,0.587612530949443,0.13295609997084,30.5753433592029,0.190881562283103,0.163164119526977,1.00867425853989,0.00555601967328732,0.187928507664112,14.9294397640879,0.39576843995018,0.193014921432907,1.99560700049668,0.0906927715333541,3.73871974070306
0.118252209069341,77.6839463856421,1.04,0.228432672175062,26.2485172849919,0.684813035633914,0.159712099783684,4.98510624458552,0.186171297435776,0.194341287233472,25.3571841881197,1.09169977228711,0.172306855148129,1.00867425853989,0.00286726222922982,0.13781628338782,153.301493754303,0.256785690703673,0.156507936223122,174.004363833212,0.385578477533146,0.123055471536355,1.00867425853989,0.00384971728997985,0.188218769123413,5.82359678794962,0.246423633813277,0.0767342945127774,1.00288309926358,0.00585977928140227,3.90404866620751
0.152413374400412,28.5022055025463,1.04,0.232652670191802,4.97077500682395,0.285389709438987,0.190259487943511,21.0295852575175,0.67476625293326,0.152251665285345,8.17952684419346,0.292419195441077,0.154155386564924,1.00577451078852,0.0131415865661605,0.191120191943987,13.0400368809022,0.521187738580835,0.108934516215097,8.44270511134198,0.0853773925042066,0.164561697283883,1.00288309926358,0.0177286172614544,0.189248769091821,3.45847564108692,0.16034143723554,0.199998989226253,1.60805750536954,0.0788436921295226,3.16919562209104
0.129055009023417,43.0939158567354,1.04,0.148821041321008,3.66345594042931,0.0805804472517651,0.19408343021411,90.5188827206817,1.05362720470828,0.191738504996985,23.0590127888488,0.991153354286361,0.184793001689452,1.00288309926358,0.0178837425473422,0.180213408876307,9.72180569368846,0.376401648196472,0.123556307512208,8.99473757437633,0.123305702343784,0.135868390995972,1.01158236655188,0.00387404637614551,0.191795990635078,8.91738586389294,0.336736059523765,0.185470067596615,1.74305193613896,0.0758260463106108,4.09938825154453
0.156755410732715,27.6052439369847,1.04,0.241491493860048,8.58980877761041,0.483892901879331,0.17450862723652,25.9479782891666,0.546037834241197,0.178832699491459,16.3701822092467,0.670582354752791,0.195375217591768,1.01449885892793,0.0232402231870903,0.184600607978568,15.3654978668113,0.518392954555725,0.184163174358045,245.808926082201,0.772610369783873,0.199615346289652,1.64079288241399,0.0451300264395376,0.171890642932522,3.1450272019994,0.129137433476634,0.177799284736661,2.9350594625955,0.0946812761253333,4.32370537444151
0.120266636791919,65.4541656632636,1.04,0.241706744067385,12.4171951294921,0.622308744619342,0.150764982927167,11.2269700901773,0.261446424480066,0.157596210618033,13.2291025360534,0.444479523526119,0.105856784039691,1.0808326105459,0.00406406342375767,0.172207485864199,249.372875024693,0.632811028266284,0.152227037424427,5.87411217212038,0.18104762535796,0.149698290786899,1.01449885892793,0.00348699164771912,0.192970281301596,7.37423424898408,0.306700389162918,0.185752141193974,3.72728711692345,0.120666861007265,3.61701165149143
0.142352370872499,31.9502646161512,1.04,0.23984769725237,75.721603993656,1.03837312721725,0.158933257895392,11.756216271046,0.309019520626457,0.112297324762157,40.1930568870561,0.242834130561171,0.162147521437408,1.01158236655188,0.0105142406592406,0.163159795615342,11.7224193723862,0.318919734894478,0.199589995170019,23.0590127888488,0.748842994907908,0.185082182740544,1.46231609576324,0.0333438991866594,0.0993400135125788,4.67915618701786,0.0418507636651343,0.136060849812193,1.00288309926358,0.006438835963885,3.79013724768218
0.155042756908526,27.9222999702044,1.04,0.222428117052891,47.0888657531278,0.671327089508985,0.159683146330477,48.0474581976622,0.439074841439263,0.067488116913179,2.39246014169509,0.0325948650563071,0.189865638099721,1.93897358646993,0.0338871949790205,0.166705774883943,10.8145512259435,0.329906230029041,0.195347471872393,24.7798415269477,0.720934062800478,0.193259183991287,11.5882005855279,0.0520806194362378,0.19611630436669,9.36467852310833,0.367888855054119,0.193982587357686,3.59036651349369,0.134613122288381,3.82230688059183
0.135544543458545,36.0617012578568,1.04,0.215573671059341,190.247881746232,0.631887011675332,0.153291041919178,5.75691805285236,0.192173805987674,0.176868326179052,33.6226281790017,0.977104817724323,0.183055513559796,1.00867425853989,0.0118232636423777,0.16221091880844,4.31676880609627,0.166931114159837,0.173148529899592,5.02834834499989,0.208020219645175,0.158359155819908,1.76324060258228,0.0191972383000475,0.174335889978504,5.19013667692469,0.191944023062545,0.195822186990694,1.65979714701382,0.0790503840307044,3.51813187822802
0.121589773447536,59.8759500339751,1.04,0.244278471085414,17.7444386780296,0.780132427166285,0.171153436184147,4.97077500682395,0.205804628966163,0.158081531671634,8.25047817477399,0.311222406402151,0.145435356084162,1.01158236655188,0.0106293718052883,0.187699360675236,27.5651328577691,0.690271243121504,0.187245828779366,10.0925521055113,0.405782432978577,0.159488762031095,1.01449885892793,0.0171258425115964,0.192561087854386,3.66345594042931,0.172671936790321,0.112061763903991,1.00867425853989,0.0166908262207103,3.6503311159626
0.138932596533529,33.7505252262597,1.04,0.197568938821446,83.9906723381921,0.399292498163827,0.17270975062984,13.2291025360534,0.409655007610508,0.146778143449177,32.2015642784471,0.541613325879427,0.198430394039794,2.31121826109334,0.0419364102097824,0.171471058096251,6.72522667244931,0.263508096335103,0.196252142797469,22.3402110602687,0.698204489316711,0.197569950227252,3.81412874828321,0.053170129275125,0.0508610729382409,1.00288309926358,0.005872890775524,0.193315968926992,12.0995910689866,0.199217003635103,3.65246985120111
0.142415744014153,31.8773741273602,1.04,0.18933210056415,5.04284557241036,0.186766328009504,0.167894164700554,24.2156440378081,0.469775943674047,0.177149605036152,11.858192730432,0.505954952086984,0.16141793093333,1.01158236655188,0.0116495633891797,0.117479155025453,108.207799318237,0.145895357787111,0.154427523786988,53.14120008554,0.343339693467191,0.14976907731093,2.66137624774655,0.016376042862761,0.168377456070208,7.67752616736229,0.216868715334034,0.120320626939228,1.00288309926358,0.0160926407611532,2.95271923737196
0.118933068480583,73.2051043157228,1.04,0.195535954344002,15.9514695864158,0.31335453746068,0.188774665933558,46.0167273459691,0.84438357691401,0.195037769089303,16.5597876601153,0.783262083440344,0.0921886553655073,1.00867425853989,0.00197812995279507,0.122302953239837,4.54636621906863,0.100379300718236,0.157068955783644,4.09876636139165,0.149579722200607,0.162712316933768,2.13222095925085,0.0220230498306954,0.192679848229422,11.6216105181022,0.386665973724279,0.131607457995671,1.00288309926358,0.00255928688502333,3.64418566112667
0.1419920302419,32.0965459868557,1.04,0.238924080420264,11.9266679922861,0.584505510954443,0.16136877325465,10.2388825947119,0.303694295186684,0.169219952113131,17.5412692675873,0.622609339036643,0.196334765196674,1.00867425853989,0.00226204385521426,0.186057914471911,10.690727303607,0.432077955655699,0.178248120455165,9.86276078296599,0.356186283987706,0.115283822490832,1.01449885892793,0.00594059674966319,0.179213091996656,3.98244730043134,0.168455351483638,0.194775558042391,12.169460288151,0.203925571557022,3.71965694846671
0.124627419643408,51.1457966813703,1.04,0.242682237563601,8.58980877761041,0.491073671700652,0.166965496072971,12.4171951294921,0.364368712329146,0.184232051546107,33.7195655535441,1.12059800580428,0.118404377467087,1.00288309926358,0.00367201148020282,0.1818480145383,7.54604567969013,0.319912698973303,0.122154017510655,2.41321295951054,0.0652520053778012,0.161896824137091,1.017423759841,0.00708595194529367,0.18330208004236,3.80316384938978,0.168026294825387,0.183777908748832,3.03823005207779,0.106389310035813,3.68637866247188
0.119960970063219,67.4267534700241,1.04,0.249662703350388,21.8315600677534,0.929132336277968,0.182621281859631,36.4452060637106,0.696005336431787,0.17983529251616,20.6100250498449,0.79513865012865,0.130694525670997,1.00288309926358,0.00773146743174763,0.138059035187189,11.756216271046,0.198217031125733,0.198238017788962,100.115224376496,1.0187631311557,0.198430652888399,1.01158236655188,0.0317529146532964,0.195371042466391,7.83381828565906,0.325507070858967,0.0977542657497068,1.00288309926358,0.011585029385727,5.05383296744958
0.111495210151872,250.146391013699,1.04,0.240984104650574,9.58286508470002,0.523331410053226,0.108742630204246,2.84356700216288,0.0622870242508913,0.0741108769129769,2.46943812909056,0.0381333938982932,0.199778293409939,1.01158236655188,0.0250137751378508,0.173603609673273,8.94309557251015,0.326658623215132,0.167210905062884,20.788801735641,0.396558325533693,0.143722983734531,1.00288309926358,0.00665852554492129,0.148658043808643,4.66570449781614,0.12263480642425,0.184997848795161,2.07768351923393,0.0858678481431674,2.62714373220143
0.145368843262346,30.5934167149422,1.04,0.181488814724393,2.54889290196729,0.107934080017739,0.173294548584306,10.6293480187976,0.368322100966878,0.18769113423831,19.0686558202897,0.822732298580769,0.129762942193259,1.00577451078852,0.00190028387031678,0.176409139562552,7.92455244054436,0.31386781400176,0.139917781309668,3.27437776251048,0.103435400098033,0.121780693864639,1.01158236655188,0.00164711922190658,0.182261968285956,4.97077500682395,0.205961646007587,0.119718358577764,1.96143148928283,0.0264895197387383,2.99229026250373
0.139446279441203,33.3672900465381,1.04,0.233824267700867,6.80312071291408,0.377930366045171,0.175542375478055,7.18561784115829,0.29281933233743,0.149475174055085,7.4382002633935,0.262819721571395,0.198826199811352,1.28833114804146,0.0361072227038999,0.176252916621157,14.4640552653053,0.439837512582397,0.189740349310274,89.740450848535,0.83747632237196,0.180169618995418,1.00288309926358,0.00276594126672343,0.196637162011571,9.28414544519475,0.369875044783336,0.146610303951599,2.39935784176774,0.0498521248647369,3.70948358852705
0.147922957066651,29.7663061447301,1.04,0.227181320692891,13.9728926204603,0.544601381111812,0.128323248947269,21.273157622404,0.186558934697495,0.105614369726167,4.84363370723389,0.106904883301824,0.186350769900413,2.49085867387056,0.0327822123076012,0.157623291112224,6.862132740856,0.222582880956734,0.102212264499616,3.91424641100743,0.0589896065044962,0.190378387182419,1.13178371549186,0.0334197084041948,0.193104802714826,15.9514695864158,0.447078003294905,0.15184381458825,2.55624161321588,0.0562975879420268,2.72921519852109
0.12005120917447,67.1194531790898,1.04,0.247799914729898,17.7444386780296,0.815192282361549,0.156224941684795,19.4568382303861,0.347499286038921,0.162547848476119,37.6178394397509,0.788580805459305,0.175544333862092,1.00288309926358,0.0200416893650814,0.174255096029245,73.5726974460868,0.616211723437934,0.162478805737765,5.31106107095859,0.194203466871082,0.19289482634912,1.01449885892793,0.0216816152776478,0.10487106716044,9.63820144251651,0.0541562189487234,0.167455421814017,3.63195145450856,0.0867526633187855,3.98431975107903
0.11063592187591,337.392746373721,1.04,0.227237684222629,93.7007216607734,0.82219548219815,0.143077704748409,10.5683211343905,0.219238953962085,0.191692244822485,32.2015642784471,1.21662323646354,0.184201490415374,1.01449885892793,0.0086051563043651,0.0942667570124737,8.58980877761041,0.0635801622391301,0.139654257042593,14.8010516157109,0.200043302481608,0.198279615614167,1.00867425853989,0.0020176246307028,0.180304365932086,13.2672433518329,0.327292109507656,0.163849508336423,3.37001557459736,0.077885639841904,3.97748166762914
0.146213305450221,30.315190586218,1.04,0.217799051467169,6.66739199053658,0.317677599340995,0.156030854072982,4.95648496866088,0.178164447879746,0.149093840480789,35.3091263296414,0.580861729768837,0.142036024109658,1.01449885892793,0.00216000108616431,0.195026527054339,22.1480927773524,0.72777423579324,0.186087952288399,25.3571841881197,0.6120492027521,0.0742180579575327,1.017423759841,0.00107182770117467,0.147614307882559,1.6984685687346,0.0598098109287159,0.164986940326181,1.13504676028852,0.0437155493534943,3.56328440460447
0.111342418837802,263.638236511578,1.04,0.220182452194857,6.1687553886527,0.309198024128594,0.138811872736971,6.38559396992509,0.164127927939344,0.139419951135396,15.0156499750721,0.359125873236851,0.110797083117056,1.02920793476607,0.00404544540329244,0.180961683321368,58.269509235766,0.705187426561819,0.163528364483734,8.10918567113405,0.256620723127026,0.164854971703822,1.84105289600553,0.0225939344286624,0.15872953080107,7.28980110054726,0.178679581789245,0.156933693011137,10.2094477434412,0.0843850333208381,3.12396396993567
0.128772040796324,43.4894223057643,1.04,0.217588394308681,7.90177085082341,0.353936869496658,0.171136010350413,79.7490340377456,0.612870795453391,0.113304205065747,3.33142973427318,0.0867011757545203,0.123985446631213,1.01158236655188,0.0024184955321792,0.183687042775021,38.3836293157633,0.7001776217463,0.13511468345015,10.9083594392703,0.16937533446283,0.160883639619289,2.37188579111585,0.0214512761167444,0.180370825260335,3.95958264771409,0.169421566254678,0.178748047023317,14.8865204479472,0.148325429340638,3.30467856415794
0.122978782522408,55.9106861279436,1.04,0.0651101715005977,1.00288309926358,0.00110499893311903,0.179682186972351,5.95928009583079,0.25976163699857,0.154190995887415,7.92455244054436,0.290073547311101,0.144680417539776,1.00577451078852,0.00951309052988235,0.173857037189251,6.53437118513655,0.264223547715812,0.146921495416185,258.882846889423,0.299199502953497,0.139228069976042,1.01158236655188,0.00978381188682627,0.114709557309064,1.68386231169735,0.0396708056093524,0.140050446673485,1.42081696649143,0.0355555457461591,2.24888648768432
0.134193702485524,37.1484903334101,1.04,0.162904449437637,2.00713065465068,0.0735971230510679,0.0847405070726583,3.16318819550752,0.0401950003442219,0.192362574125345,44.0718255463572,1.44242516867859,0.199358872148759,1.73304445225245,0.0402906041836225,0.160350910611039,111.689411599606,0.458876038524813,0.199400219623861,8.1325652583707,0.390877062491992,0.193557898784806,2.27163778979815,0.0438939542687327,0.199579405206576,6.20437693319619,0.29094497861148,0.121184655157757,1.00867425853989,0.0153123899424172,3.83641232009694
0.155807290806877,27.7950429029008,1.04,0.143096155016064,4.54636621906863,0.0770391250577403,0.199797227674418,11.0347040567755,0.521984994599421,0.162624730247692,21.2120013170279,0.631223264712662,0.180107007056321,1.00577451078852,0.00346115193997547,0.181342552206022,23.0590127888488,0.579320570284673,0.197165173706398,11.7224193723862,0.506067474605835,0.167155625384165,1.00867425853989,0.00701367973412397,0.137432861098011,1.59882507273807,0.0515103267219823,0.199111284273952,2.85176528809274,0.125233978549693,3.54285456620611
0.137284456279114,34.7676625445411,1.04,0.237997050036418,13.6154972999402,0.624948606391011,0.156668474631968,9.83440721077889,0.274161844533441,0.199980585994861,71.0743551760129,1.95337995511511,0.172162767997374,1.00288309926358,0.0123492107385421,0.190675727499016,55.4863358814509,0.860809748016323,0.17631507174832,10.5683211343905,0.361955962751896,0.14799456594187,1.2267955530143,0.0143149831962122,0.159030732716354,5.22010717715947,0.153592393800375,0.190586408549388,4.06351835261943,0.13465457506232,5.43016727960523
0.148708607256349,29.495602018995,1.04,0.19762139497638,38.4942931291769,0.383531643238266,0.194961395133589,37.0802185815206,0.904955777786207,0.198048228763046,21.2120013170279,0.993809848938227,0.1997551578552,1.01158236655188,0.0161175731407239,0.168641792173667,67.6795736840215,0.54504334850385,0.174844918258142,17.4908414355252,0.439098137491946,0.178859322242006,1.017423759841,0.00169074928086373,0.178275753055715,3.49853297367273,0.149461624146057,0.150701070771332,1.00288309926358,0.0251977670175016,4.49890646954364
0.116550279797173,91.7786000082829,1.04,0.243959050026735,95.3333405319193,1.19547800680579,0.152521066545632,20.8487379146156,0.328459192094801,0.147262489912886,8.56511470172144,0.288245692040339,0.125735261126921,1.01158236655188,0.00525424294723323,0.183568916954953,12.7798757548119,0.464329918235916,0.0866485182129586,1.52245910708953,0.0267427913876768,0.199284209692201,1.18855355314224,0.0399403706784851,0.176258468919208,6.94161247758823,0.234639649041657,0.0947694021717896,1.0684573459204,0.0123424119078873,3.63543227513979
0.136105108887736,35.5708867752697,1.04,0.237433433896268,45.0986499114755,0.926607351945032,0.190881189148545,39.7328563803063,0.843690070612887,0.149645116649457,50.4575002967478,0.638614717040784,0.195189544350105,2.29134256329585,0.0392413711616928,0.193720329840854,53.7567009439374,0.925915040635191,0.18163518310236,18.5809222819382,0.50861676121992,0.177999032714513,5.46618619625777,0.0346248759300308,0.160848132937347,7.6115020308696,0.186713325413811,0.189821173772754,4.13432012050498,0.134770372008971,5.27879388596832
0.110733452900752,329.774099392229,1.04,0.0900513455679581,1.00288309926358,0.00320596289510971,0.185840429044887,6.45955425993623,0.291711961374208,0.194582781894782,23.8695626167564,1.04594086007211,0.19339975613321,1.017423759841,0.029359791322114,0.199651069954079,7.4382002633935,0.364177304666639,0.188346287932586,7.3318961356485,0.32667083095257,0.131052604648988,4.94223601165526,0.0104664618168369,0.155327199179935,1.88937898174206,0.0704201976580651,0.134104560894356,13.0776326016306,0.0487780275049682,3.23073139826262
0.141100797816742,32.539420793742,1.04,0.103537211787777,2.39246014169509,0.0263979872179624,0.170980783557514,11.8241026687353,0.379152124939644,0.187475456217982,26.705865146348,1.03209811283826,0.173822818180766,1.97844545312916,0.0239596141529693,0.190008161137309,11.6551167748285,0.479478084283223,0.191450976914399,5.84038679556032,0.273355446915324,0.155728131461723,1.01158236655188,0.00534557653797887,0.10330146142465,2.23273514877728,0.0372535252460457,0.0963675238102938,3.60071789654471,0.0158579873585402,3.31289845948995
0.131060594396671,40.4242716443185,1.04,0.209531921125338,21.0295852575175,0.446534310905089,0.173285826920888,28.6163443734521,0.54855879532682,0.187090274096829,35.513019260565,1.18556223348383,0.199774588163285,1.01158236655188,0.0159347564735342,0.199407391194824,91.8313032315627,1.14338222025615,0.19665292638829,78.6092890454508,0.970926020985878,0.197909156787603,1.65026765861521,0.0436075591646887,0.125393044282306,1.93897358646993,0.0516672999296675,0.0905136246520463,1.00867425853989,0.00966223247221162,5.45583542899787
0.150597654407846,28.9615569832397,1.04,0.217510828733756,12.345903576098,0.440318668765371,0.181880263643923,6.22226476776323,0.274614615953859,0.194756775258422,23.1921673069706,1.02669998744475,0.178901086091111,4.41734470314007,0.0298409140409968,0.104671281432112,1.37652687910296,0.0327152347984264,0.186157309952346,14.7585013912184,0.499569958082151,0.135479573353375,1.43727338940046,0.0108042863553514,0.13513959685117,3.90299369276608,0.0892622053204983,0.172712658529551,2.81100886708374,0.0858720931632339,3.52969796392464
0.152384129842999,28.5022055025463,1.04,0.222856982997861,8.27426512232383,0.387413485355239,0.184491521297522,85.2084412476855,0.85082674908763,0.148250068037602,5.6910027726913,0.20152838537143,0.192367258332776,1.017423759841,0.0060710634940868,0.149255429220376,3.27437776251048,0.116037170272821,0.119049404777762,4.41734470314007,0.0887337632473837,0.171622062321472,1.017423759841,0.00337682288861978,0.145666226534766,3.41887695499837,0.0994596156361136,0.13432699659037,4.39198314906283,0.0440154135108267,2.83746246886415
0.120216704260033,65.4541656632636,1.04,0.228328172588786,326.872658067389,0.876526348994094,0.117146441034564,4.11058351166975,0.0892719850181531,0.153318144077967,19.2340622708831,0.512028288715846,0.198701400694209,1.01449885892793,0.0183240149896068,0.128562953804587,3.24621921773864,0.0909715718968223,0.19623834136653,24.5667432445612,0.727895795086978,0.158131122359119,1.017423759841,0.00713984896842703,0.180929427697855,15.2333597657718,0.349117627640179,0.17728354483242,3.18145405986858,0.0982674789425516,3.80954296025266
0.118265597290206,77.6839463856421,1.04,0.22497278032277,250.091841777032,0.802853647446691,0.197253911966646,20.3154738602905,0.748520391352763,0.158632948140028,19.9675638236179,0.573575422992258,0.189540905036772,2.63848930932274,0.0357513453940113,0.171213168220576,5.08658851868221,0.208947912932977,0.05557507090215,1.00288309926358,0.00232915212423441,0.178391876919743,1.00577451078852,0.0063621565341497,0.178690019829003,7.12382395041967,0.245693888972626,0.188304747203716,1.669381663546,0.0748446670637275,3.73887858481344
0.146207823856554,30.315190586218,1.04,0.249495634491948,7.67752616736229,0.470499336322889,0.149676152003543,23.7325189301555,0.311179129204869,0.197643866645969,20.0251322921732,0.942327507727564,0.0905042393652947,1.00577451078852,0.00150932655622787,0.170348709412182,8.370100693918,0.301057098878702,0.198981391766959,8.63941072106801,0.410681479141721,0.193221091658439,1.16149208345279,0.0356432616453072,0.159535538330052,2.77083492243083,0.102824465912877,0.157968400280922,1.295770630155,0.0443235936403102,3.66004519903047
0.15170898010508,28.698171498828,1.04,0.210244811533163,9.418754960271,0.345221508189719,0.199929985756203,16.6554123326141,0.696539801672161,0.197277857278555,14.6737675621227,0.709650719513731,0.157005761292387,1.00867425853989,0.00273461430985449,0.187035142599211,11.9955386652786,0.467788444420152,0.16936795050265,5.60966897361054,0.218167516561563,0.179423827188618,2.50524216415549,0.0327796702637649,0.0435296377837208,1.00288309926358,0.00202359944365551,0.136896437059771,3.13598584352336,0.0435596325390626,3.55846550691366
0.128000638518584,44.5958819375144,1.04,0.20733570100722,4.81582467568853,0.226995492451284,0.176433522878066,51.7819671225966,0.659233470639808,0.173414906793174,9.61049343596866,0.404363567546424,0.157261752816988,1.017423759841,0.00478135462565974,0.0820903998004066,2.41321295951054,0.0326435765065266,0.177884019432363,14.4640552653053,0.427453356043422,0.169432960326215,1.00288309926358,0.021287413817131,0.14238463405419,3.23688695135292,0.0919051745462653,0.172851100711703,13.1531495321769,0.128187558290178,3.0368509644667
0.148724288878998,29.495602018995,1.04,0.24704189349849,11.1946946742062,0.617481013892215,0.195512103356078,16.3231210310229,0.648529324594386,0.151347023449455,8.29812065000463,0.293246318426483,0.142535195666918,5.41917883794353,0.0120407970584707,0.17026126560265,26.3241943658462,0.479967941706651,0.125352124004473,1.80952418124502,0.0528924752672332,0.198839967793384,8.17952684419346,0.0582558352669036,0.176861291929763,3.78132852701561,0.157816821301797,0.186860816022472,1.78880557933512,0.0783645450969901,3.43859507261113
0.137538559280295,34.6883445186206,1.04,0.199180912106161,3.42873391662958,0.161541836780091,0.19217230760047,7.65545473146367,0.358096231968879,0.182854588111461,62.6179974805149,1.35091619917561,0.178416131781412,1.00867425853989,0.00109926436841674,0.113502682893475,1.91677282105974,0.0493749444032389,0.179205930677421,37.7262954049369,0.577148670897024,0.194041114563115,1.66458250694606,0.0406268328825636,0.191664277509291,5.07196553857306,0.230480170007877,0.16985146332645,1.20231981606127,0.0480968268968224,3.85738097738052
0.112987867384691,158.782337813999,1.04,0.208617859544346,3.04698957090351,0.156539805713683,0.131814391407943,5.01389279437678,0.128478686206209,0.16641803111691,23.8695626167564,0.708706862568473,0.111626367468113,1.00288309926358,0.00412735916339655,0.172397777920204,4.41734470314007,0.184680013409472,0.158005801751269,29.0312487135558,0.349794669304434,0.165444125693631,1.30701047960937,0.0215696423935913,0.175665496796346,4.70617602490094,0.183168260021614,0.136216715835613,1.00577451078852,0.0135575547666495,2.79062285354752
0.140091752527088,33.0638374435755,1.04,0.228204892467731,12.2045460501459,0.512697884445256,0.188508435343856,13.9728926204603,0.534809045074986,0.147091292451731,18.4742425689144,0.450463169831705,0.128494366379442,1.01158236655188,0.0049057254189419,0.136243995353312,21.8315600677534,0.215652266375654,0.183528254254851,23.3260907272937,0.564305065122008,0.108785110428447,1.00288309926358,0.00145688965803127,0.149035531243087,5.84038679556032,0.135681576494864,0.194583581995101,9.39167782086193,0.193405471756944,3.65337709417839
0.15143038604277,28.7637924542932,1.04,0.234852243005246,41.8461409792029,0.867148768581543,0.196707190234359,13.8129064745256,0.589364142178162,0.185623866693128,37.0802185815206,1.18090077797416,0.186298061741026,1.017423759841,0.0109542677636001,0.189428639810793,43.3170791620244,0.81081324518861,0.185654737491688,4.91386086905364,0.223125506433331,0.18751862392829,1.01158236655188,0.00708254705699717,0.168109225165486,3.55949057200184,0.137793675146673,0.139385435117156,1.00577451078852,0.0246545420619247,4.891837472385
0.130485149995542,41.0757632993805,1.04,0.152475290382592,1.70827639380871,0.0578656445131526,0.191644328203798,25.3571841881197,0.749454128120986,0.151220589135305,10.0635379267258,0.340531590057547,0.155258296212208,1.03217524340486,0.014175448586101,0.184719466290803,6.02830266228601,0.270957790498463,0.144461596531754,14.505756572389,0.22298697223572,0.183926270934901,6.27623830106248,0.0401285023695335,0.116119582856512,1.95579274466099,0.0445543192939122,0.191992100911425,1.60805750536954,0.0749283979198217,2.85558279359524
0.145135389693383,30.7334858813595,1.04,0.211681461157666,7.58962040187813,0.316361941742956,0.171910789693403,51.1890764754063,0.587723700344981,0.146895224300042,21.4576864915806,0.477695705761812,0.188200684082357,1.017423759841,0.00774010424206938,0.184671589224722,12.7798757548119,0.471732657968024,0.160839352016842,28.864569943014,0.370211993601592,0.168734706808224,1.00577451078852,0.0119723851594447,0.162071814195069,3.98244730043134,0.137977449249342,0.189378297411965,3.81412874828321,0.130042415428555,3.55145835349878
0.146694199145767,30.1770278183633,1.04,0.225316848072948,19.5129342263596,0.590820267819985,0.117320142111858,5.64206206761865,0.103141857180734,0.168682912199962,39.3911672117236,0.894860026277989,0.148430238157421,9.5553161597167,0.0141217416097369,0.180909065028923,7.52435222533039,0.315643235999709,0.106784851391662,3.61109912366059,0.0629369108110279,0.134201720359683,1.00867425853989,0.00693235231414766,0.190236086137004,9.74983462452457,0.343032389523488,0.163729186182867,1.23743709481674,0.0461601798399861,3.4176489613768
0.133422538206606,38.0067179330526,1.04,0.229355540136873,4.760684680679,0.269179570259577,0.148191378307833,4.07523387938939,0.139956356995731,0.196375461269156,21.4576864915806,0.983684662274186,0.188812437389142,1.00577451078852,0.00591112561400727,0.162867788877634,14.5895202202118,0.348161683355818,0.14030064693041,11.7901106095195,0.191887399728615,0.10948221580158,1.00288309926358,0.00437654923391714,0.176978362160067,14.1754836193795,0.314217121751219,0.174645798637141,3.06458444505318,0.0914714123410463,3.38884588155412
0.119972054499101,67.4267534700241,1.04,0.240196529401272,163.796107142356,1.12260262710757,0.127582437128038,3.53905426496764,0.0969422241016927,0.160631350914248,7.4811522310616,0.289461015827964,0.17252320943457,1.01449885892793,0.00810258204117141,0.148555658424142,7.4382002633935,0.202391518555948,0.182893646545417,7.37423424898408,0.310345168850575,0.198503296152024,1.01449885892793,0.0260454435964461,0.187782534489057,8.78994173863968,0.31526072013737,0.163514366226165,1.28462743961633,0.0471930043965681,3.45834430461531
0.149041321556,29.4283115325412,1.04,0.233255888613193,52.2311372931222,0.864089290990129,0.184577127976954,9.77794436555052,0.406844901212587,0.174949251257611,17.4405585739443,0.670459065113834,0.14852189696799,1.01158236655188,0.00775334789535229,0.187253300907544,6.36723659478765,0.289999505476718,0.182017951998854,11.3243557313592,0.404318937893992,0.16222102814222,1.00288309926358,0.00348714753068032,0.0848350565244148,1.00288309926358,0.00748095821377073,0.191645637060026,1.59882507273807,0.0740833497035945,3.76851650403066
0.112997192013658,158.782337813999,1.04,0.202082439145046,4.760684680679,0.211610938714297,0.197146283494157,11.1625120439526,0.510238397057644,0.196324217945976,15.189566737098,0.729539066320564,0.109873958181732,1.37652687910296,0.00465108724827818,0.0650125655681473,1.06232295058138,0.0139694420707884,0.192911723520552,238.833104350358,0.965499810982107,0.151587025346964,1.01158236655188,0.0053760445088473,0.106659288126896,1.669381663546,0.0346295538500477,0.155176094873322,4.13432012050498,0.0691838939763522,3.58469823472893
0.116650623382899,91.3603151431124,1.04,0.194872027509768,6.1865405227709,0.222883342661528,0.185406855187283,5.90803229623124,0.2673240794877,0.198045858673154,41.4862782755825,1.5302832564167,0.199813444193971,1.01449885892793,0.0195795535913759,0.190897360634457,11.858192730432,0.489767179727984,0.167829829942983,92.8949270465273,0.49810143865741,0.198009212587702,1.01158236655188,0.0361559733131372,0.19961076351599,5.11596107896008,0.247062305260361,0.143984632253954,1.96143148928283,0.0440983851339805,4.39525551425018
0.139331033373863,33.5200591388552,1.04,0.237118616744766,108.207799318237,1.02805657650754,0.161722451476659,6.68661474347447,0.236445377710469,0.19013642509288,56.2908244378238,1.5201033786168,0.135669116475131,1.00288309926358,0.00221461931205333,0.192995537943703,11.1946946742062,0.484054938894797,0.189656208334301,20.4916955329151,0.605542657897826,0.127570361181798,1.00577451078852,0.00524867523474896,0.196961323576151,10.8769999686707,0.400010143122123,0.197802616873335,7.78884153617836,0.197585909880646,5.519262277177
0.125591669689825,48.9737624989775,1.04,0.212471660932703,15.4097981223956,0.438942608144069,0.189703454962686,8.25047817477399,0.374490512185175,0.158322958302502,27.7243080148432,0.649742562667504,0.170565654789471,1.295770630155,0.0205887264071075,0.0924678459648209,1.27725193454067,0.0261744156434808,0.182823078239946,5.94214829246472,0.260851692781861,0.179561836525497,1.01158236655188,0.00293409360017348,0.112364084265387,2.2456281019818,0.0447358756046694,0.159921806445319,2.07768351923393,0.0598209841687444,2.91828147120278
0.150365477798492,29.0277801933518,1.04,0.159625560554562,15.2772790540943,0.142638251348169,0.171957721877899,8.22675961020021,0.309289613800772,0.174099414308748,66.5205358429982,1.15356769731491,0.16990693109047,1.01158236655188,0.0130487225634505,0.164434973662455,3.84721348715026,0.152721333285602,0.179464827821759,5.59354223610883,0.240971321666545,0.186462855628675,1.01158236655188,0.022938802574149,0.127788989057037,9.17784428848941,0.0977714909901441,0.19798307951559,12.3814980416064,0.219843754981216,3.39279098852496
0.147079856121985,30.0394947331876,1.04,0.238925996741804,12.7798757548119,0.607355167838663,0.189021430867457,74.6394176073048,0.920918890802407,0.195004112449481,41.6058873339274,1.45686377544439,0.170593815963991,1.00577451078852,0.00856429396255254,0.19080525897236,82.7903073513056,0.937415723283348,0.144398603992883,15.9514695864158,0.225710722371312,0.15696464319162,1.80952418124502,0.0187343539214725,0.137330121734534,14.716073490575,0.132127679636025,0.159761093252471,2.7391095515787,0.0671099068712227,5.41480051413139
0.124127985665195,52.3273987848124,1.04,0.219122771848199,14.8437245167243,0.479957249248472,0.197749941438746,39.9622941881329,0.971772987097494,0.110375715164793,25.2842870786632,0.219135013258409,0.145951057091291,1.00867425853989,0.00222597324149771,0.181935027217587,16.7998856852757,0.515670281169502,0.15294736471232,7.76645008964431,0.211327088614369,0.184782046581189,2.39246014169509,0.0372824277651197,0.153110788161729,3.08228092099346,0.103487778622368,0.188618110148967,3.18145405986858,0.115951684877064,3.6968104838943
0.151853050573375,28.6327002492754,1.04,0.22726784019029,25.5771389596111,0.668662514470814,0.195613921757165,53.4480645187486,1.00335872321959,0.166633682573133,11.9955386652786,0.462787584357186,0.195832356986193,1.36076598863131,0.0352877035824895,0.136370137026567,51.7819671225966,0.238285075190771,0.0794132235573033,2.27163778979815,0.0283338007752908,0.158425769113152,1.00288309926358,0.0166108130584441,0.163760821200685,3.82512526006857,0.137917130490232,0.177162629940519,7.12382395041967,0.127348368596585,3.7585917137414
0.149710639592769,29.2273597614989,1.04,0.132963243980804,2.08367368705817,0.0478378790140159,0.190265978915398,8.56511470172144,0.387220748675148,0.138071695187134,12.7431360287119,0.3231582721264,0.187076624126699,1.01158236655188,0.0166121681453873,0.175104085616349,12.3814980416064,0.401227056629476,0.107696533250214,159.60656931349,0.101078907774342,0.163025778575604,1.08394875824941,0.0194049705248947,0.175428182699631,4.45566189315493,0.175651685051245,0.195604493246983,1.56692699337341,0.0749440146833089,2.58713570262422
0.137050402831905,34.9268431145398,1.04,0.211184967401311,3.92553157195246,0.199956405189369,0.17967850035838,47.4973267490208,0.694218204610467,0.189771709359709,33.8167824081596,1.22097920154555,0.193398158163329,2.79486986091936,0.0388950000036782,0.163517260036889,99.5404271062777,0.491413226110248,0.185271876606889,28.4520477169552,0.623310337779919,0.16940595350902,1.00288309926358,0.0143694027785333,0.169016184366847,4.95648496866088,0.174134856566715,0.177413137780715,1.02035709353375,0.0440121785870229,4.5412888131715
0.120252090821874,66.5090478165863,1.04,0.200268336739321,11.5216685859765,0.316852063865362,0.176403060390738,13.0025492407616,0.434047636369526,0.168557558122728,11.5882005855279,0.460256246981282,0.199513511968104,1.00577451078852,0.0257353538360026,0.190027402129834,61.9010369802681,0.877530501723572,0.171923221539935,7.81129753947542,0.282997211915607,0.0994261613197688,1.01158236655188,0.00166193468448529,0.161099979423529,10.1508316565282,0.209560245994037,0.103073121494146,2.44820179377353,0.0181157520276124,3.66675694739749
0.130993036555417,40.4242716443185,1.04,0.206633286387258,6.78356302734552,0.27883990680248,0.194056752113579,40.308937459768,0.906154894886795,0.198628048450455,16.4173790695188,0.798314806953979,0.190038184060861,2.71555413295041,0.0366907170545232,0.14666831717034,27.3280820090234,0.287932017720628,0.164396313900387,3.30278056177977,0.131320989721175,0.198418222083423,1.01158236655188,0.0293876747418496,0.141094872368549,4.3416960341386,0.104429910341995,0.198359570114499,1.48779514022745,0.072489890330199,3.68556080855362
0.143339205401075,31.4435100459991,1.04,0.232158059035582,214.700451752867,0.967094510248026,0.159842567427833,13.4209094274668,0.32874757340046,0.190105317179679,23.4607874898523,0.981728821448206,0.0912701124317368,1.0232988843187,0.00232857641446372,0.172608821133646,6.40400427119728,0.257022109682493,0.184353337894937,39.6186319317599,0.66187539179625,0.0846176382735177,1.63607591315362,0.00265324190571851,0.161931712189541,4.81582467568853,0.154598267136253,0.168142455554048,1.03813555048354,0.0418638165837562,4.43791230861563
0.133816504676122,37.575153941676,1.04,0.177579128598883,7.31081832073186,0.177301475333608,0.181330819783742,6.34893199363231,0.277763306872161,0.191585850930583,69.8571804408421,1.6772085301993,0.157824643518963,1.01449885892793,0.00990642454891545,0.147637193900877,5.90803229623124,0.176735902948308,0.183260602661043,12.2045460501459,0.432334628570585,0.0987582100655477,1.00867425853989,0.00382776569255527,0.195714422063743,8.1325652583707,0.334657821886393,0.184811058503406,4.32921447906216,0.127154930712821,4.25689078676465
0.130307308753227,41.2638249329961,1.04,0.202777033548572,40.541701854003,0.432098625698468,0.131719677012754,3.1450272019994,0.093824091968815,0.177537132186672,25.7990016756576,0.874676275937215,0.187838344541224,1.59882507273807,0.0313883824643676,0.180911474605687,333.526835341291,0.804632203790579,0.11304024211793,2.41321295951054,0.0571210189353275,0.119482919861089,1.00288309926358,0.0047667303264059,0.192881549771825,11.5548867001919,0.390740785395241,0.176657101054747,3.11798102843626,0.0961635702646787,3.8254116847811
0.125507553072587,49.1979844011424,1.04,0.238263199030186,15.5882800527396,0.666135075646212,0.143201931910925,4.39198314906283,0.1397642582551,0.0920653460194282,6.02830266228601,0.093704408567533,0.199137564612642,1.37256962462899,0.0377020759230004,0.182652492062438,18.3153703115779,0.545174430914706,0.153455407464572,88.9687132280334,0.347834826657324,0.183865445251355,1.92784124639408,0.0344205762701473,0.166406038555079,4.39198314906283,0.155207991240474,0.130210317639591,1.00288309926358,0.0115616905757359,3.07150533405023
0.135371193396201,36.226806466008,1.04,0.1664072420246,4.65229147967714,0.123689302963546,0.169703060815698,4.3542135747773,0.179098906705434,0.134753596273414,29.4521686931553,0.40605245881847,0.192504925047649,2.47655776434198,0.0381163146990527,0.127259163947217,4.91386086905364,0.113710973832159,0.193388764623865,7.12382395041967,0.332997549141321,0.18535945587508,1.00867425853989,0.0236527284564826,0.195348383353506,4.25507507288674,0.203000237867897,0.174480823514077,2.30457394564778,0.0793677904333494,2.53968626291771
0.114976072716283,111.953701043007,1.04,0.167041998300881,1.32978351631576,0.0537690483015258,0.109021152234254,3.1450272019994,0.0666819883479545,0.177780270571102,16.3231210310229,0.66090348461471,0.17895911451528,1.1715671660767,0.0239847061150683,0.198648286318184,16.464712003024,0.661131196647286,0.142825959238137,21.8315600677534,0.232261779923496,0.129573435218039,1.93339940407185,0.00966375815707847,0.123140830054831,2.07768351923393,0.0518573390211267,0.185705720362724,1.62668261683323,0.0715244099239929,2.87177771105224
0.15320876997866,28.3075776637043,1.04,0.235721461624182,38.4942931291769,0.865298015846711,0.197817653590037,8.370100693918,0.403897273033979,0.175385092517909,66.3293018815899,1.19299273137919,0.178966277427674,4.46850800867783,0.0294209038261283,0.183852658813778,128.241032730368,0.820652163248782,0.163800254119428,6.0805937181354,0.217483144457283,0.199921157572298,3.32185250376586,0.0544556296583798,0.153009759557964,4.71974439753259,0.133015814835362,0.194142930165998,3.60071789654471,0.135058128123761,4.89227380440958
0.142720876586237,31.7320916417084,1.04,0.16625191431547,2.79486986091936,0.0951860724894781,0.179596978296845,9.12515100556096,0.364887879345577,0.195658064796058,16.751589190816,0.794924024214426,0.161275437552685,2.29794873135268,0.0182103366758746,0.125399151660346,1.80952418124502,0.0529356442553757,0.195203462527808,26.705865146348,0.734592321088436,0.198536675935228,1.01449885892793,0.0241148986102733,0.0736222430106806,1.54898606893921,0.0160864999432939,0.194514890883201,1.92229906736858,0.0888537931035796,3.22979146972631
0.15046787530655,29.0277801933518,1.04,0.231324117371137,51.1890764754063,0.82951942289458,0.190069241254693,45.4898472606078,0.868764655171143,0.176854138720112,18.6344929252859,0.716639791769912,0.163533908204699,1.00867425853989,0.00134518409299733,0.109974370129995,11.9266679922861,0.102330037186397,0.188880233955431,26.2485172849919,0.644825291888647,0.180229291668848,1.00288309926358,0.0076600344745585,0.192583882052401,11.0347040567755,0.378686227138415,0.185417829640764,1.90576794350953,0.0807711447060292,4.67054178932268
0.120818367780148,63.6845747480371,1.04,0.205225391120032,3.9368492691367,0.190763522084708,0.162561264269735,10.5683211343905,0.3144496334406,0.168926437914435,22.1480927773524,0.70468262916726,0.170054192987756,1.32214875407135,0.0206152578127573,0.175214479109337,26.4762037102107,0.535326661131181,0.193464473225326,15.1023580078497,0.558727261326801,0.183420879649355,1.79396288338358,0.0334781441732877,0.161354864723622,7.72186012504483,0.189622318337869,0.146557940694922,1.02624915657849,0.0326492454109641,3.62031467288543
0.124019638338579,52.9283975488621,1.04,0.174959871633607,7.72186012504483,0.171535611545754,0.152568898725901,18.7420980057214,0.316101444157474,0.192711852381185,49.0255647982507,1.5025481589732,0.19319220910806,2.44116367657533,0.03835871558,0.123608670130356,2.54889290196729,0.0711332383921456,0.183729032894521,11.1946946742062,0.411689215703585,0.192394881264231,1.11882507338448,0.0348440485972357,0.171600293469205,7.16496054867685,0.221254078411662,0.194922873843427,1.56242237457588,0.0744913242551685,3.88195583561623
0.144620356982261,30.9447929740479,1.04,0.13538845943994,1.00288309926358,0.0015558410181136,0.154077595992942,13.3438551917019,0.293927216117958,0.136790948238057,30.1383713644719,0.425398601389065,0.177426404701651,1.00577451078852,0.00865665456255167,0.199700805386215,45.2286737958236,1.00610154885395,0.136964311484625,7.41681684421187,0.155046923736371,0.176943921558971,8.15601225127809,0.0351174613371618,0.181750216819584,3.07341994620988,0.136056744211157,0.194127298949222,3.09116744284691,0.123465549591363,3.22532654081769
0.113319858161232,152.039248690941,1.04,0.223979817222023,8.63941072106801,0.405284393297904,0.131540632203653,3.62151028088471,0.104235152622992,0.194232462775037,34.8045007827355,1.30662615240798,0.196302451786832,1.00288309926358,0.0319440729676945,0.118487747411291,2.03037797761035,0.0551967648214455,0.184943600788504,39.8474101492761,0.663933740847013,0.170842688100354,2.60827926283097,0.0276248744579922,0.102145566238961,1.00288309926358,0.022002648100186,0.189305111920158,1.92229906736858,0.0845781340531172,3.74142593357632
0.1551605071021,27.9222999702044,1.04,0.235281908247776,5.28056837192541,0.306363794892123,0.156392816340405,3.39924796097488,0.12761956527266,0.177451849861608,16.5597876601153,0.664501998490595,0.127072319759333,1.01158236655188,0.00361584416492406,0.116757244661864,1.76324060258228,0.0475163867246579,0.18568293001943,46.2824514344805,0.702604052435888,0.187717492575592,1.58051892322707,0.0359392571598478,0.175094799887975,12.0995910689866,0.288486504852232,0.177825841455575,1.72806227717372,0.0689578286591776,3.28560523265211
0.130952788077141,40.6093504828478,1.04,0.175961472592845,10.783461436218,0.193590716876416,0.196260422345195,7.2688443008963,0.350249731890656,0.175142101496731,21.8315600677534,0.770674831014913,0.161291262650436,1.00867425853989,0.0145196666470152,0.166889511242828,17.0926028588123,0.395160142705617,0.19922807783791,224.175241821466,1.13636727151731,0.159535940171151,1.01449885892793,0.0159143191990037,0.157941881929947,10.5987906532703,0.198714080938196,0.152169287750323,8.96887940476934,0.0744905058553325,4.18968126664446
0.113659451283578,140.67937819276,1.04,0.236446866499185,124.601675131387,1.01030563309402,0.183703313755804,18.053613516069,0.564211633761236,0.168466699541771,9.63820144251651,0.390867502618902,0.166843165678566,1.01449885892793,0.00482539725857082,0.196591887010769,100.403866506169,1.09075573400922,0.192916893472471,17.4405585739443,0.598817994057366,0.177430620320545,1.6984685687346,0.0297267085696231,0.16533131144851,2.68446171339143,0.10613080081221,0.168864982183599,1.54009278652809,0.0575189917117276,4.89316039589287
0.134783014715029,36.7266714647001,1.04,0.238702819480446,56.94280539997,0.97526593658347,0.186386687374818,10.327697309498,0.429452962937482,0.188085882579592,36.0279175169288,1.22490147337908,0.181635419577098,1.32978351631576,0.0265485306150689,0.119870836677812,11.0029813692926,0.128075654293596,0.16575030744112,19.6256118755653,0.375567831218117,0.131567058519695,1.00577451078852,0.00458052608081099,0.0746412715042419,6.04568285725226,0.0215791953606263,0.106954767655818,1.00577451078852,0.0135001023421398,4.23947221281039
0.14794945857176,29.7663061447301,1.04,0.22089551419152,7.94739971184986,0.369571480832001,0.163066849249549,32.4808889723873,0.45444021735069,0.182791072100024,32.8570945343963,1.07181931442264,0.164123141828551,1.00288309926358,0.0141779327436052,0.194665776141518,44.9689998212073,0.905365718598923,0.199360585766663,6.2943333190863,0.307933434996202,0.188264743256847,1.00577451078852,0.00341716706295026,0.180326755411378,3.06458444505318,0.134657001651081,0.191218673504259,4.0401882420282,0.136203010800336,4.43758527845843
0.133560113050212,37.8335007028403,1.04,0.227145042639665,6.94161247758823,0.361015367606304,0.171035655381821,49.4508252223751,0.583677579421757,0.189125403574919,27.8042399468639,1.08106163497744,0.174070223069432,1.00867425853989,0.0161660389289239,0.0814818538575344,31.8328643748612,0.0490418538773599,0.18214818103821,21.151020824465,0.531140776564517,0.196875946892931,1.00288309926358,0.0178281784601787,0.172991678769019,13.3438551917019,0.286549378930437,0.173459181441435,2.29794873135268,0.0778347791126127,4.04431558787953
0.156490827196681,27.668365815083,1.04,0.178642053076722,14.4224738415937,0.216455272594323,0.171518230000866,80.9053040318974,0.619368028842421,0.195434061672448,31.018650949241,1.24596899909838,0.19679160834585,1.81474121907939,0.0388458657791441,0.175955518825331,13.3823268507784,0.423109155758784,0.194038141788138,302.426717030951,0.98956354960901,0.129532546368858,1.00577451078852,0.00129551021513163,0.188325597452336,3.97099851752979,0.181136499169189,0.198617301647744,4.17018228211692,0.156355400206443,4.91209828127282
0.12728474722747,45.730492159725,1.04,0.160236428851078,5.22010717715947,0.11510995755733,0.15471359347265,8.03944940844679,0.240871680405875,0.115349156587661,3.19062650772569,0.0844670387732466,0.135153222358778,1.00288309926358,0.00726807588660595,0.179152336553925,36.3404329881246,0.618877973658355,0.106097476672582,62.7985313829376,0.0949948831038897,0.194904245328449,4.0518365057735,0.050610627365202,0.115756383050637,2.14453349218355,0.0466340314669714,0.154820096798837,1.05926897298544,0.0369914179401334,2.33582568615761
0.110467838829826,413.443918209274,1.04,0.243227871018287,8.89175006582625,0.504158223002296,0.184702591356666,29.6222405590191,0.688765061673412,0.187050308709907,45.4898472606078,1.31829912371148,0.0965310828229916,1.01158236655188,0.00127586683807617,0.169416648461278,15.7234968241093,0.406858921055813,0.17214086479765,5.99369202303595,0.236980839024052,0.165750117699545,1.01449885892793,0.0111658811693394,0.129635423780261,4.88564863828298,0.0863706499240365,0.153835860334284,1.90576794350953,0.052074955108509,4.34594952150701
0.116455398340365,92.1987999525351,1.04,0.219347498399867,53.14120008554,0.649109168680487,0.189945201993366,7.28980110054726,0.33627196247761,0.180091475778312,16.7034315396448,0.688192930774438,0.158652581359672,1.017423759841,0.0118694336471596,0.174114040991875,29.3674992776149,0.539865372157263,0.174349232285857,25.9479782891666,0.486737148007473,0.178628597030724,1.01158236655188,0.0132392042999553,0.17279240522416,12.8167214051892,0.280206312044789,0.120652995921177,6.09812467340626,0.0323898374135511,4.07788136950273
0.126086344074805,48.0870474311516,1.04,0.216405942331954,9.39167782086193,0.378479543682282,0.185364252780446,9.61049343596866,0.403641860069171,0.184178684281965,17.2905756504487,0.737520992033587,0.137620868209395,1.017423759841,0.00896106718207595,0.188847100918199,5.65832869261085,0.261012064818504,0.193606266669494,13.7336016436691,0.535389910713412,0.149562598823697,1.00867425853989,0.0123729426320223,0.184885523407458,10.690727303607,0.329524676790305,0.188875768983222,2.51970871206025,0.102107240374071,3.80901029829543
0.136167472013952,35.5708867752697,1.04,0.243767311224399,6.57210398204128,0.394668328158362,0.158143400142709,23.0590127888488,0.375616782217011,0.196336530724946,24.3554775355552,1.08488326747505,0.190484297154238,1.14489244934213,0.0297540718007055,0.191850931383945,8.63941072106801,0.392750132593407,0.180580347457254,8.54049161663095,0.33731938868475,0.166114894452582,1.00288309926358,0.00547784641602473,0.115070782267032,1.60343464412786,0.0387254988858993,0.122928535627326,1.00577451078852,0.0153839994753038,3.71457931570651
0.119177110760645,71.0634693009207,1.04,0.23914600193289,9.72180569368846,0.516407425142491,0.188700790958392,8.06262793911584,0.363696207589451,0.187692892841687,23.5284272689873,0.957682027471952,0.136238155161441,1.00288309926358,0.00772721492549377,0.198806065004183,61.3687089327262,1.06057764015479,0.117351642844937,5.95928009583079,0.0958306853963192,0.185693013153403,1.55793070570556,0.0341083853487746,0.135687793485595,8.06262793911584,0.114249868317013,0.198664115412626,10.1508316565282,0.216322232259901,4.40660168660619
0.13074334215729,40.7952766879486,1.04,0.247269039410092,6.09812467340626,0.374479986258486,0.139281954488484,12.7065019223768,0.216785183450301,0.184156606564229,15.2333597657718,0.66782337047326,0.108268067863346,1.00577451078852,0.00278822905141441,0.156486948602157,3.68461060628057,0.137694990899736,0.129812026840991,3.30278056177977,0.0905829816210871,0.180434795800595,1.00867425853989,0.0173515068226893,0.179567870217806,5.94214829246472,0.22475947580068,0.142095415096282,1.46231609576324,0.0372798086567615,2.80954553303441
0.134969562929998,36.4758827075144,1.04,0.226709187492571,5.14550325140415,0.283742784580564,0.1988781371748,81.842378919186,1.16115717751654,0.113585008802445,4.23064516672908,0.108460855346591,0.186722044824623,1.00288309926358,0.0191382352560241,0.16194595832832,15.4542261000141,0.351776423479123,0.183199955696501,25.8733827583896,0.579864321589678,0.165100865961904,7.56780167843215,0.0257030853322638,0.170519683433458,13.6941201359897,0.274188851182844,0.133064714679625,1.00288309926358,0.0211652015938964,3.86519693587752
0.144433947863505,31.0155510319859,1.04,0.211749042485794,9.36467852310833,0.355742450259882,0.18237889551309,10.3574730860055,0.412341005823889,0.176127222689444,28.5340777947752,0.903598883390699,0.158582636552245,1.01449885892793,0.00490272557121918,0.18028867651106,17.4405585739443,0.509480826635362,0.183236883094357,7.85640396138943,0.327013837249159,0.17936474325868,1.00577451078852,0.0242193722688648,0.17585269927388,6.7058929175172,0.229065890410539,0.051560042366382,1.00867425853989,0.00206616612676468,3.80843115773638
0.137896653651379,34.4514745147866,1.04,0.246367082155962,6.8227347852315,0.414554532204521,0.176466768020005,76.8194808477565,0.693169724112283,0.186289370665601,40.7758103487437,1.259968223214,0.146512269996205,4.29198469417562,0.013114255956848,0.172975024500671,7.41681684421187,0.286871556856614,0.1772915570905,6.57210398204128,0.269123038608615,0.190528436197921,1.00867425853989,0.0183478085577115,0.119778200356768,1.7683242002651,0.0445564020200312,0.191981479781087,1.54898606893921,0.0723962118787627,4.11210175340939
0.133177767546315,38.0067179330526,1.04,0.236674747471133,18.2627170853981,0.704995473668491,0.158848742456432,17.1913042784243,0.35590046835454,0.187302650677823,26.0227888862634,1.01490443666745,0.199717292335599,1.01158236655188,0.00247493792797907,0.0733665222444951,5.94214829246472,0.0331599231207561,0.153015292476048,2.87650223749675,0.105545403289678,0.145314339594419,1.017423759841,0.00576867074718993,0.196999666150552,5.773515819051,0.267357227811278,0.168805397125046,1.56242237457588,0.0577977392795047,3.58790428086687
0.155962382772859,27.7950429029008,1.04,0.197031356025638,20.1407676346358,0.342242821567736,0.189558418303811,23.8009421380058,0.702934083075698,0.112383428564164,3.81412874828321,0.0975582787905135,0.185277585211228,1.017423759841,0.0146934572180456,0.134801359283238,11.756216271046,0.182413897649209,0.191708724377968,22.9927224875773,0.655801935424672,0.183009635764028,1.59882507273807,0.0324436482187364,0.191596879426205,14.1347317845805,0.418179372456104,0.181120825013141,2.15071639511557,0.0835463172053465,3.56981381160606
0.157023660719902,27.6052439369847,1.04,0.23564350826218,7.81129753947542,0.426503623189462,0.198013117362235,22.2119479273284,0.782349692150036,0.167776998054758,25.3571841881197,0.745168249375238,0.121319282943553,1.00577451078852,0.00405229243688068,0.193683616344949,11.3570049730287,0.491554863699689,0.153498422157158,51.7819671225966,0.331115399300983,0.13529655874804,1.00867425853989,0.00648251801281877,0.178138786998901,10.1216499350543,0.285851892008768,0.189086663716546,4.58580257506987,0.139807006441161,4.25288553661504
0.111739816394031,231.985524516016,1.04,0.249132198960933,16.5121814020749,0.804216276282091,0.198552422224188,19.852922906113,0.753841870652642,0.181944963164335,11.2593385593765,0.498997223690213,0.194361797304657,1.01449885892793,0.0134845347820339,0.184623903718278,147.670016389381,0.845058718751871,0.134438996417493,7.97031285410644,0.150386093238032,0.17657464948484,1.00577451078852,0.0090661334860183,0.193540149904012,4.57261925984919,0.213924176892755,0.184979393464623,2.11388457789867,0.0866898033340578,4.41566483110971
0.135692021318679,35.9794310462357,1.04,0.120748145435431,2.49804006667886,0.0401353516120108,0.199951041969923,12.1344753910871,0.558554911339297,0.122992772948004,14.3396692667093,0.252925004940478,0.147168136091134,1.00867425853989,0.0036579090281631,0.182824481053635,32.1089908705141,0.651776688786878,0.177666148210202,25.5771389596111,0.514797283500484,0.18311197610668,1.00288309926358,0.0218005638117912,0.167365935965936,3.55949057200184,0.136286694918566,0.106526825241583,1.00577451078852,0.010325140773401,3.23025954871107
0.146584900898773,30.1770278183633,1.04,0.249081354287109,35.7180895734179,1.08639492755385,0.0922835715024916,4.80198009042612,0.0556357883272409,0.134075625580016,23.1921673069706,0.376311548658435,0.195767500888303,2.82724106811333,0.0418275720496513,0.143804315505122,25.0668507346102,0.264792617543901,0.193039350582356,14.298445429222,0.542093142705609,0.176051359769507,1.017423759841,0.0056110653118859,0.136870118828915,9.28414544519475,0.121079402070407,0.126220703762446,1.00867425853989,0.0098873097830741,3.54363337400405
0.122145544358311,58.2571693781222,1.04,0.243338625550876,53.6021605942022,1.07858470870552,0.157288712807896,14.8010516157109,0.326438068499188,0.163756596677837,9.31091255809072,0.365399404008294,0.173986373249245,2.91820823764409,0.0250874949048096,0.185979853826868,148.522738492161,0.881146125804002,0.182163805768174,14.4640552653053,0.457099024369817,0.171536829171625,1.01449885892793,0.0187371737880521,0.193795710749281,4.760684680679,0.222447768685263,0.163904272347099,6.47817779606607,0.0938816081880635,4.50882137695301
0.128450368461377,43.9889137703121,1.04,0.189023049430561,19.2895159816518,0.288117879859621,0.150032980463529,15.2333597657718,0.284599564091827,0.198998584596103,45.8844379566866,1.61871311581361,0.175892705292094,1.01158236655188,0.0119796478580137,0.158223296273357,3.9368492691367,0.148470891744482,0.180573170791345,17.1418825295271,0.485166359042013,0.176653345274718,1.00867425853989,0.00249012043795338,0.170689964214461,3.54925770971272,0.140771217608335,0.190072011490234,6.78356302734552,0.163040463988753,4.18334926044461
0.110872693606396,310.761083464903,1.04,0.246667473707848,103.336456089342,1.27394944336018,0.19590021112091,13.3438551917019,0.572500336846134,0.167446059976963,12.3814980416064,0.479139968518778,0.198338539649044,1.00577451078852,0.0125441270668788,0.15056044978645,5.41917883794353,0.174146161927369,0.188149822908608,37.6178394397509,0.70694097436716,0.189202446555831,1.00288309926358,0.0138873226729941,0.190104610231667,11.9955386652786,0.378750882471302,0.0939328976434972,1.00577451078852,0.00908275395480084,4.6609419711856
0.153734647295363,28.242997504598,1.04,0.239199131749265,35.7180895734179,0.913714545040074,0.193528522082578,37.8350640594363,0.887554318221681,0.172594264659784,13.7731969804542,0.549860944392407,0.153438214161074,1.00288309926358,0.013328519318547,0.179661410573185,6.47817779606607,0.276752397738481,0.183762091167631,21.0902156392867,0.548860719300992,0.107998476959932,1.01449885892793,0.00355002672882918,0.199077844147984,5.67464221589759,0.268802395626223,0.189806385236341,3.48847535295163,0.124380998380473,4.62680486474771
0.114179580547709,125.211012627487,1.04,0.235179093911226,6.36723659478765,0.362864306610417,0.143913547745698,3.41887695499837,0.11529801510233,0.199562664939673,28.6163443734521,1.26021828219525,0.163730709355992,1.13504676028852,0.0174609176521016,0.161967972299189,9.86276078296599,0.289239056109471,0.173251271033884,75.9399168943669,0.557922243380548,0.184987790574002,9.25745528268664,0.0427954703823307,0.19086612872811,5.64206206761865,0.24727388840737,0.190389516564147,3.23688695135292,0.120254683593506,4.05332686343333
0.144539559262545,30.9447929740479,1.04,0.243873722434964,19.682194462711,0.814660444953388,0.184226713145186,7.3318961356485,0.322838586117998,0.169663091140806,77.4858328855303,1.06999092675743,0.194340311631338,1.01449885892793,0.0280768446768197,0.170661104131104,79.5197706455576,0.572653362834825,0.180055184242937,50.8951816995986,0.619666731607146,0.198225804674527,1.00577451078852,0.0281037697442271,0.112813284000593,1.52245910708953,0.0361432749632837,0.118160799825526,1.00867425853989,0.00799344371287673,4.54012738536799
0.149967789903898,29.1606812358378,1.04,0.239798790087024,18.4742425689144,0.746510422440864,0.168677456991159,22.5339958268413,0.469199281386377,0.18086452434268,30.5753433592029,1.00609184621922,0.186868753007185,1.32214875407135,0.029485031747255,0.182925865471924,22.3402110602687,0.592343389165501,0.193565702396748,8.49145760309168,0.386853243551794,0.199164293667399,1.00288309926358,0.0285750654918831,0.176990575365184,12.4888983567305,0.303049869907515,0.19083450020834,4.01699207793678,0.135243274634307,4.73735142454472
0.146749845838773,30.1770278183633,1.04,0.243682961741113,26.0978151697375,0.903786953078646,0.193912905589025,16.9944681193122,0.646207556598423,0.138124255406791,16.4173790695188,0.361109875477545,0.173212293729338,1.00867425853989,0.00354982462659031,0.186266697235177,5.41917883794353,0.246932683145682,0.193406038367421,6.862132740856,0.322181875163518,0.195259683863536,4.98510624458552,0.0519502685714738,0.184075210064793,6.49685502569923,0.252811575687976,0.176574350701311,1.96143148928283,0.0739776169732935,3.90250822932315
0.148648655919601,29.495602018995,1.04,0.18635121302349,3.11798102843626,0.13257572850257,0.197188189362412,32.3875125587801,0.907730749813096,0.122483456024795,5.72386552959968,0.155085043184987,0.195137552152391,2.44820179377353,0.0399980713968039,0.119899991045798,2.66137624774655,0.0698190615517292,0.180415967970838,15.5882800527396,0.462506962353408,0.194875426914953,1.00867425853989,0.00644979428769008,0.111820214592712,1.00288309926358,0.0256364826738107,0.0567837927182123,1.29204553462562,0.00417391845685682,2.84397581222095
0.150989894475407,28.895484853008,1.04,0.224405920459139,8.1325652583707,0.392303898206819,0.170115111675487,8.22675961020021,0.304184291480982,0.194899070185615,46.8185117519142,1.53740808741946,0.171877761611386,3.15409462760941,0.0240392545938915,0.193264099305871,9.20430492459876,0.418592982761098,0.157376354549894,3.32185250376586,0.125280455084819,0.187517574605447,1.01158236655188,0.0225615449779375,0.192605076896436,7.85640396138943,0.315741135552111,0.199044874124044,2.76286929599819,0.122598389870259,4.30271003994738
0.112227091931595,186.736193213379,1.04,0.243294673042941,83.2683808742902,1.15510924906591,0.0977707793038939,6.20437693319619,0.0683275128995997,0.19612924754065,31.018650949241,1.26272743853778,0.19330647189206,1.01449885892793,0.0115669384080252,0.193434505720013,13.1910713679069,0.538291334934509,0.164166174028763,56.4531164723065,0.434713695800751,0.124477263402586,4.08698318318596,0.00867472555312477,0.16415570085288,5.10125365829453,0.16518687279779,0.185934527158323,2.46943812909056,0.0969176390620582,4.78151540705955
0.128564645603104,43.6885346568656,1.04,0.248577732690804,10.3873347090322,0.595421623790793,0.12525903196485,9.6938573407282,0.147366550961875,0.157499462935627,8.17952684419346,0.30795078139645,0.185254661229603,1.017423759841,0.0148815424534899,0.191962760324793,54.2230004661768,0.898092785470496,0.163857467219664,33.6226281790017,0.406803459808828,0.157079676120195,1.0808326105459,0.0170491445937396,0.128670421006632,6.11570617216135,0.0909748031428347,0.171496880927018,11.5882005855279,0.122118686908325,3.64065937852683
0.139500596572631,33.3672900465381,1.04,0.217096102053176,29.8791915321589,0.55962674895981,0.148963112812,6.15102138343189,0.188228371653372,0.134668016409446,9.97699489356779,0.268098891779014,0.123909398096011,1.00867425853989,0.0048956609049525,0.178724635377845,369.949151440208,0.752302416246414,0.174019504276812,29.6222405590191,0.493053909387766,0.145664549861585,1.40454896553258,0.0138513694204475,0.196548944462695,5.95928009583079,0.274086075116296,0.159328537418916,1.27358007675926,0.0448566035222811,3.63900004699035
0.121798742629178,59.3314193613515,1.04,0.236265113157508,15.0156499750721,0.639170670923158,0.142585598430746,45.4898472606078,0.28758134912286,0.198387532511101,30.4874450288918,1.29446727205192,0.192100092066267,1.01158236655188,0.00422439840104238,0.178172259333539,30.0517292460135,0.580681100393504,0.139805342412884,6.96162583541039,0.159000831491355,0.186488801592922,1.01158236655188,0.0131547124393568,0.175410679450468,4.07523387938939,0.164828975200049,0.196035502789598,8.39423252506469,0.192138670520923,4.37524798054417
0.118989025795496,72.8714689455414,1.04,0.237035836345611,30.4874450288918,0.847609677549988,0.080384746729584,35.3091263296414,0.0497010967704481,0.184607851103992,19.5691919526579,0.813637532788403,0.178566569411559,1.01158236655188,0.00980836354854312,0.101267732703107,8.99473757437633,0.077571362182271,0.132106838666185,16.1827476936424,0.170276061998343,0.15851594049829,1.00577451078852,0.0149139759739359,0.119424466344703,4.21848286189654,0.0661578966893133,0.190160174278431,4.59902389909696,0.142846422916762,3.23252239041801
0.116440232492473,92.1987999525351,1.04,0.248259976852277,11.2269700901773,0.62850933333731,0.199282743717517,18.9046718094031,0.739530543161009,0.17898054869712,61.7230832045355,1.26240365349095,0.191208715057319,2.56361151152847,0.0369783864938346,0.172745822921978,36.9736199650277,0.546574366418357,0.115299803229662,3.25557838997471,0.0711726694275377,0.193919883897654,1.01158236655188,0.0124943241711045,0.142491368242039,5.14550325140415,0.113960842716299,0.197566255987427,8.86618796583124,0.20243691738313,4.65406103659953
0.112562855408214,173.574956852969,1.04,0.2118415012739,3.41887695499837,0.177838244174128,0.123857961191054,3.86942926293753,0.0969573116909283,0.121128429979601,9.83440721077889,0.210617627421769,0.126600022319074,9.80613514975012,0.00782193006561191,0.195470456275953,18.6882180181159,0.674773072579904,0.171306449479407,176.527228557274,0.555238914899751,0.184064007961128,1.93897358646993,0.0345927973786334,0.194542010969075,11.2269700901773,0.392752788890125,0.194061486965284,2.15071639511557,0.0969800711051065,3.28757275820596
0.111546794985992,247.305993820643,1.04,0.173988197788062,14.0940971036004,0.194453424270458,0.112767962955842,18.9591758547749,0.122601687002967,0.0790167882614678,5.11596107896008,0.0643974067204599,0.186302470393993,1.5896456468007,0.0300378897181044,0.158492076566978,18.7420980057214,0.345432795910436,0.194050389416849,40.0775094490775,0.808110834678084,0.194237266246826,1.00288309926358,0.0339513733016481,0.183342091583871,4.15819379664401,0.181306739828049,0.193760742857726,3.24621921773864,0.126427408657959,2.94671956008817
0.131542948527021,39.965256476262,1.04,0.245238242822568,23.8009421380058,0.903833615397226,0.159289984458399,53.6021605942022,0.442333921659808,0.193925082552456,18.8503244528549,0.870208118317903,0.138497774308024,1.00867425853989,0.00139657460403938,0.151971246279952,4.73335188912938,0.161645796838509,0.137233811128935,5.57746185992785,0.138270322123057,0.187941257353547,1.42902148939294,0.0351250383169268,0.138518070625563,15.6782947440786,0.136833830613172,0.149606435658849,3.70588742997801,0.0598853449795331,3.78953256285017
0.15726883761075,27.5422660634698,1.04,0.241498984399367,5.90803229623124,0.353353361677754,0.186474403748201,17.5412692675873,0.584750097520273,0.183514258405892,14.9724828208773,0.653425390411242,0.142278016049877,1.00288309926358,0.00546792834296908,0.156882630522335,10.0925521055113,0.271115925227999,0.172942971579206,34.7044444245723,0.502037518036434,0.160988693959602,1.01449885892793,0.014688167711019,0.191939609592972,10.6293480187976,0.369937615775198,0.197086525318275,10.1800975118018,0.208310024021369,4.00308602872426
0.114747330252575,115.591349280681,1.04,0.140659530342783,2.04210241714683,0.0539166961351968,0.129716787883521,9.17784428848941,0.15820166713787,0.169260316700119,57.2716222440805,1.00775429052154,0.127167110956207,1.01449885892793,0.00119442516207875,0.191231563666042,12.3814980416064,0.505600100412936,0.189526969719955,8.34603823722249,0.36609571245709,0.185998347747393,1.92229906736858,0.0363357993649981,0.162347039802893,4.24284253669373,0.144800595715998,0.165337536706964,1.88394737445416,0.062010499625051,3.37590978653276
0.120341175013931,65.155855524987,1.04,0.248742300533416,117.291709703905,1.33419946312687,0.135562589933116,10.1216499350543,0.185955343559116,0.193572522281839,44.7108167276501,1.46696958112029,0.105104109758838,1.00867425853989,0.00379364132876079,0.194206771404517,9.2308418493486,0.424802722180618,0.187601837071403,34.7044444245723,0.681914780023647,0.165031264094234,1.017423759841,0.0061087355457188,0.179467260712378,9.33775684323017,0.285273762797723,0.0990873447279765,12.4171951294921,0.0182557222044807,5.44727375188723
0.119232583796259,70.7395945232231,1.04,0.248877695926625,128.9815619574,1.36939196439771,0.174532439697126,21.151020824465,0.513733904935345,0.147101610197838,5.6910027726913,0.199728634458335,0.18905103201772,1.01158236655188,0.00496530840489487,0.199732973485724,23.8695626167564,0.803624244827263,0.156217004580392,4.760684680679,0.167018489250242,0.177901208655868,1.017423759841,0.00989815941147022,0.156792064293085,13.2672433518329,0.201986302138911,0.162937087716583,1.00288309926358,0.0307242220746896,4.34107122989886
0.155577754542577,27.8585987734397,1.04,0.120323291296321,12.345903576098,0.0514295861520382,0.193721101289745,35.6154068202425,0.870527838974816,0.13231945597587,5.17521601544173,0.160176909950502,0.196229050282273,1.02624915657849,0.0321023602659974,0.192862416181704,10.2388825947119,0.45269835933609,0.136744712445201,2.2456281019818,0.0723838726071745,0.192736811439422,1.01158236655188,0.00516006903367756,0.199747229020126,9.31091255809072,0.384534015899229,0.14346349626462,6.66739199053658,0.0577364820225837,3.12674949424211
0.135592105058113,36.0617012578568,1.04,0.24078287239706,97.5545010046874,1.09656938131724,0.175594242285923,38.4942931291769,0.610920780059654,0.113785978057559,18.6344929252859,0.222720937344479,0.199710358464626,1.01158236655188,0.00503041729392591,0.161446160920201,31.5591124739724,0.411436665361637,0.156642174676891,6.90175820040029,0.212538980291411,0.153504114525364,1.00577451078852,0.0068407283101136,0.182611116671757,3.20905081491668,0.142976146744641,0.197076218579242,1.70827639380871,0.0820186595161986,3.8310526962393
0.133535312224817,37.7471883548195,1.04,0.193902577163458,3.32185250376586,0.149853003972255,0.189251963732353,24.0073976636039,0.709025320865311,0.14287864572247,10.2980071327174,0.309911654579642,0.133368837347031,1.01158236655188,0.00474740486989785,0.145761978323478,2.69220128298041,0.09347375817626,0.19519934057599,61.9010369802681,0.896177643907305,0.158178334968455,3.55949057200184,0.0206022973299334,0.197957079144515,10.783461436218,0.408812646109597,0.17874479320184,2.77083492243083,0.0931246084762514,3.72572833828645
0.145614426539798,30.5236217030721,1.04,0.228184315300436,11.5216685859765,0.499675948767787,0.187804932455701,22.598963573615,0.666520192742611,0.10228895647281,7.10334430368878,0.124701289407013,0.123893057833718,1.00867425853989,0.0017877602930396,0.187194211929853,7.2688443008963,0.326959390244607,0.0851304875401833,3.86942926293753,0.0389038637479144,0.199353946299652,1.36468921205103,0.0420058849142692,0.160439039146249,4.85759838400825,0.151719195278556,0.170971754293851,1.38447564841702,0.0543772459761469,2.94665077137194
0.114544975838956,120.717938478964,1.04,0.23541115752903,22.3402110602687,0.738193232670008,0.15765278284227,13.6547521301788,0.319901595403799,0.192427113916221,16.464712003024,0.764574657019373,0.187750740157991,1.00288309926358,0.0195045389532527,0.181935212215205,13.8926692519835,0.471092066559843,0.170607359621486,7.3318961356485,0.269361102476128,0.173866543169169,158.690210978165,0.0336782912988137,0.194192745607899,16.1362253542068,0.452282245192426,0.145050377040846,1.97275779657863,0.0449829928600922,4.15357072243374
0.151221031954811,28.8295634579869,1.04,0.167275432016569,3.23688695135292,0.104961345081005,0.152392119286051,11.5548867001919,0.273046439578549,0.144683417335183,11.8241026687353,0.344833423892537,0.135493554724547,1.01449885892793,0.00207980736489504,0.0834258142001892,13.6547521301788,0.0496455160887473,0.189974249071034,5.5136013085513,0.256276810435915,0.195683461354585,1.31834782642385,0.0390560353675328,0.182652639580764,14.5895202202118,0.353035061161489,0.17765904232073,6.02830266228601,0.123728062322933,2.5866625012936
0.13883198898748,33.8276988438502,1.04,0.207498722588776,111.689411599606,0.511265458157947,0.189366790569871,7.81129753947542,0.356246991015219,0.198560455701483,19.5129342263596,0.931771359124703,0.118284183410846,1.51371812544339,0.00591344966131528,0.0641129414049601,1.30325307163827,0.0156842595983111,0.195613810670221,10.1216499350543,0.450261171726034,0.149345242295375,1.00288309926358,0.0053974284699228,0.185411356866133,3.58004488871148,0.161532802838618,0.181044789857741,3.15409462760941,0.103901794633641,3.58197471522571
0.150439740807571,29.0277801933518,1.04,0.249662413186225,103.039383319176,1.33201991618594,0.11006911950867,1.8199732981517,0.045563481739951,0.183449703296064,15.189566737098,0.660455147717164,0.0907416346126496,1.02035709353375,0.00190010229101732,0.198258265827836,18.5809222819382,0.705091906112522,0.159725636840412,404.484352373936,0.425213921924375,0.106965642824667,1.01449885892793,0.00117001323198813,0.170738500697769,2.87650223749675,0.118192047583298,0.085915507067327,2.27818714703702,0.0112137270476386,4.3408202638339
0.135052447216339,36.4758827075144,1.04,0.228214783121276,8.78994173863968,0.42908156485281,0.183138575599309,54.0671195934932,0.77613332351506,0.186254788626605,31.3779203344798,1.10811135229088,0.184237320998339,1.01449885892793,0.019375638276314,0.144811082967444,22.0209326641103,0.26177723887213,0.189823101012109,49.7363795461226,0.775322659438655,0.170397425547863,1.00577451078852,0.0107034224518566,0.178881321861964,4.12243473196511,0.171860738461939,0.199482308601871,2.08367368705817,0.0994153530279008,4.69178129118755
0.142111292237517,32.0233217756139,1.04,0.232441338012419,44.0718255463572,0.822062037889563,0.183190709924699,19.0138370407198,0.575412911225409,0.176301849237988,63.3432620800787,1.20551420682049,0.190882503063525,1.00577451078852,0.0150203537139681,0.181979833342915,55.1677690041581,0.711148087715641,0.150731948312105,3.66345594042931,0.127774366163969,0.175420193759754,1.90576794350953,0.0290275949663327,0.199000772615364,10.1508316565282,0.402220646220693,0.193271725857062,6.15102138343189,0.165915721383959,5.09409592610002
0.156981670331408,27.6052439369847,1.04,0.232787396424037,5.56142771178757,0.316456645854869,0.199998663414799,12.2750213329814,0.564525777830539,0.156890149054576,6.92165665438525,0.261384916086052,0.192292215798456,1.017423759841,0.0254563098382722,0.174507582411509,6.8227347852315,0.274854394561956,0.196462580084752,78.383302204588,0.969392319513441,0.192628340006217,9.77794436555052,0.0508158808279217,0.176670108439836,3.63195145450856,0.151954005133702,0.153499439441935,2.18189932872234,0.0545446493678135,3.70938489901457
0.150675402340481,28.9615569832397,1.04,0.247189091732452,40.8933710575319,1.08729803208669,0.160111548884876,4.3416960341386,0.165849920296534,0.173074786779562,11.1625120439526,0.463608434547083,0.18877223984116,1.00288309926358,0.0256314699635731,0.176394441320928,6.42246765119551,0.267521482664281,0.127814398855587,4.50726900243269,0.104623174349137,0.160254642064288,1.03813555048354,0.0180497826762313,0.139197759047475,1.70336542221432,0.0553643499177224,0.129484837606311,2.50524216415549,0.0352127109198973,3.26315935742115
0.146562625602265,30.1770278183633,1.04,0.18214137996657,6.92165665438525,0.189933075843369,0.110831910972796,2.0538945595859,0.0510501812809769,0.188518691524527,35.8210683711633,1.21750369088562,0.157761785049732,1.01158236655188,0.00413844338122456,0.174340812161039,7.92455244054436,0.306210450362559,0.17768221841636,13.8527304550101,0.421835494938112,0.171612401482803,1.00867425853989,0.0229012553929331,0.187464365200177,7.45964533309522,0.288302237707281,0.196638806602237,6.40400427119728,0.179427939492411,3.72130276928449
0.115052745306202,108.926968515227,1.04,0.210088806075976,5.3417298504113,0.249838183649789,0.189049576128559,21.0902156392867,0.664633564680977,0.161687045170751,61.3687089327262,0.864621185860918,0.189237941925793,1.017423759841,0.0138408088538821,0.165320502642782,66.7123211508998,0.496537816233617,0.193429491044878,25.4302914671788,0.699468620950023,0.182354967008754,1.16819913201946,0.0293287981006736,0.192103728219681,4.58580257506987,0.21259801621659,0.194492252644995,2.70774742833384,0.114559671066481,4.38542666561295
0.116675837547692,91.3603151431124,1.04,0.238783762408664,10.4473164853735,0.540182296522526,0.165414532776264,17.7955976561148,0.404884506385406,0.148964589866753,24.0073976636039,0.514064074244976,0.15185491189808,1.017423759841,0.0024300616311107,0.131049355804796,2.07171057200942,0.0637800678717483,0.0557651433094545,2.86823283751515,0.0153335944684207,0.198591298688423,5.41917883794353,0.0565019307698708,0.168741592052344,4.8997344482741,0.171982908580589,0.101546036145466,1.00577451078852,0.010188266140579,2.81934770661523
0.119002839013049,72.8714689455414,1.04,0.23360625813142,11.0665182039154,0.526026969784005,0.103964650913916,14.5895202202118,0.0937433646655764,0.156081664098899,7.08292353206951,0.265289556854124,0.143758551039465,1.01449885892793,0.00107784595390308,0.115367789387717,2.75492656923522,0.0667566199789384,0.197397242179397,202.104691078515,1.07727331288724,0.108998672763738,2.0598161414781,0.00553877313077838,0.191518242683275,12.5610156350281,0.397256996977981,0.160652634764057,7.52435222533039,0.0892538225577712,3.56221726279032
0.125722200840453,48.750562497649,1.04,0.2474563381498,12.4171951294921,0.668476678634528,0.105426143453208,9.52784643268317,0.0912901412917126,0.14574011068468,7.24794774808137,0.247115062336049,0.141232966740524,1.00577451078852,0.00932122446575707,0.112131774651975,7.97031285410644,0.0982333000296928,0.194367107700024,26.4000896312366,0.726315042807851,0.16971179826462,1.01158236655188,0.00917636147436442,0.184665239917863,8.1325652583707,0.289426842744186,0.192509403912305,3.97099851752979,0.138431541496607,3.31778619528075
0.137037415215494,34.9268431145398,1.04,0.191980095863738,6.88191695070772,0.225076101016554,0.18339402327419,13.0400368809022,0.478733009658624,0.0746072801242746,3.88058521159597,0.0512357212649292,0.161908648681516,1.00577451078852,0.00266226050517389,0.165328055760028,37.9441463047634,0.464518405275635,0.146250179536792,4.50726900243269,0.140242228840623,0.135978619874366,1.01449885892793,0.00970864920135841,0.148769781543849,11.1304219326752,0.162956119440335,0.171279111098064,2.18818996107018,0.0736308702280544,2.64876336543129
0.134667651940933,36.7266714647001,1.04,0.217740249154894,5.01389279437678,0.258476981397251,0.18809430278261,54.0671195934932,0.849989806974878,0.151704405632462,6.88191695070772,0.249354156979434,0.127344811323868,1.00288309926358,0.00470823890940901,0.190497664612164,14.0131778568844,0.54057421742671,0.19487543960785,9.74983462452457,0.43480242608578,0.175180848383318,1.57144459943409,0.027703058050217,0.178790440560421,10.327697309498,0.291994470597133,0.169784278804814,4.82970917626452,0.0986360935586414,3.79623944997945
0.114970202429396,111.953701043007,1.04,0.149414402128274,1.96143148928283,0.0606727339739571,0.1849784631638,6.01097243209366,0.271495436614736,0.1952327413263,15.7234968241093,0.74928859980877,0.138678308309574,1.01449885892793,0.00239874353747939,0.139367912118123,77.26307576868,0.26285556964518,0.194434806869356,270.307418224102,1.01178617897773,0.185249429534979,1.00577451078852,0.0280757411987551,0.190220637554963,13.5763553199153,0.401156145039784,0.186525763906243,11.0984240743995,0.167890116525173,3.99561926532156
0.144354570533213,31.0155510319859,1.04,0.178289723950624,1.65979714701382,0.0719447605835899,0.151218099024575,11.5216685859765,0.264981429976677,0.181291984192136,61.0163692502148,1.31924443097718,0.145959848716743,1.00867425853989,0.00961406289772232,0.158533604356301,16.5597876601153,0.331803226302733,0.194981853737205,9.66598933399762,0.431731280603481,0.188552393748603,1.01158236655188,0.0116783891568768,0.198783431481027,9.61049343596866,0.385277925759674,0.182347376984587,4.53329627591397,0.122205203540224,3.98848070979816
0.138383684592327,34.0602800981416,1.04,0.190708353324615,20.6100250498449,0.298169115764307,0.149277144235915,13.4209094274668,0.270973904833356,0.191702764861686,69.456105410819,1.66827630336182,0.143760422980567,3.38947576589033,0.0120587270377217,0.195217581271165,91.8313032315627,1.0339529213689,0.122170490755294,3.62151028088471,0.0847181028777314,0.190556557099244,8.76467231833321,0.0492908966854566,0.185923140397517,7.31081832073186,0.277482211067085,0.193331433021358,1.99560700049668,0.0908046707519291,4.82572685374831
0.115441711298841,103.352565313302,1.04,0.15522842889478,2.0657547958787,0.0680423454352841,0.177087616759641,13.5373258656811,0.447178300534077,0.199238133861664,47.0888657531278,1.63604580572093,0.190958582035005,1.00867425853989,0.0139409222286103,0.190051468501212,38.4942931291769,0.801440705299321,0.175188015226217,4.52026390637434,0.192125526681784,0.19277997363952,1.01158236655188,0.0182770349081691,0.0773459874136655,1.47076025583445,0.0173755042925798,0.107877454482958,4.48139116082693,0.0221316698898357,4.25655781499059
0.144316387038553,31.0864708846003,1.04,0.245341445332731,52.8360974706726,1.12115767954977,0.147146452874843,89.482464022409,0.340554588795789,0.127555314211997,12.169460288151,0.261119976757808,0.199704149502138,1.01158236655188,0.0139571302972364,0.0840502926653234,1.26991877487462,0.022963506187812,0.168682251667361,26.7828608064846,0.436532630916053,0.177859968428177,1.017423759841,0.0147869238151904,0.19400538068945,7.78884153617836,0.321644122551956,0.197975329838036,4.06351835261943,0.152038034877059,3.72475459374867
0.116313477041265,95.1945633711486,1.04,0.245980801372427,13.1153367145537,0.674680323236956,0.198155651166548,58.9444080505326,1.0713842238672,0.132979293969108,53.4480645187486,0.42730053017175,0.188096079309931,2.32456441587663,0.0340714101176246,0.167962770890893,14.716073490575,0.386286263453421,0.128646592650597,2.35148837301477,0.0693972382831687,0.14607377945395,1.08707389011608,0.013538048874601,0.154226846760255,2.76286929599819,0.0969086889778802,0.172371374646842,1.08707389011608,0.0450720631716804,3.85863879015428
0.133005122200354,38.4432385901807,1.04,0.181079452977941,10.7215497316231,0.214298109337735,0.143384614758579,28.5340777947752,0.281262650760104,0.0824130101462027,3.40904833026788,0.0562206703222008,0.192700013404017,1.59422875299434,0.0344503841103021,0.17427940608089,11.4885459675579,0.380911140872826,0.190970769580022,398.703605050255,0.925444045488902,0.0764948266477141,1.00288309926358,0.00166763408778589,0.192618450010577,6.25819530279368,0.272453122574108,0.154556638585428,1.00288309926358,0.00738910904241665,3.21409686659638
0.11430358702279,124.640358122733,1.04,0.141920679181852,6.92165665438525,0.0822912320068268,0.173166586154887,40.8933710575319,0.59102837499215,0.148854817156652,45.620999005745,0.611536122707039,0.154400582593984,1.01449885892793,0.00426934509983575,0.17851177820664,8.44270511134198,0.335160140479615,0.15160157050299,5.3417298504113,0.169813707566325,0.190441338992018,1.09020803204812,0.0333190256428251,0.125381265462717,5.3417298504113,0.0811147635682041,0.177995628153262,2.3787241732935,0.0848717453266291,3.03340445738945
0.13452867407568,36.8948211782569,1.04,0.243551939878602,26.705865146348,0.90314392825614,0.128933657281592,38.9401481423545,0.199989284577705,0.170773820102573,9.66598933399762,0.399027918460209,0.173807112126931,1.00288309926358,0.00904008912415026,0.182843136632789,73.1502903055345,0.758131981314027,0.148776213322751,6.25819530279368,0.177472719994828,0.124383684392725,1.56692699337341,0.00829570596364097,0.130260596383712,14.4224738415937,0.110526372718229,0.195236067778606,8.78994173863968,0.192923773565823,3.79855177397475
0.127729280649681,45.1080814839962,1.04,0.237099400821459,31.7413509094294,0.859805627406853,0.17890768290507,5.92506573979369,0.256123580343974,0.117673850401718,17.1418825295271,0.238484932166811,0.108417643258386,1.02920793476607,0.001751985973613,0.0930904599574426,2.86823283751515,0.0451088977114898,0.181109234865259,7.87905475386486,0.319543312570357,0.190893075885304,1.38447564841702,0.0366797842727496,0.126267862101387,1.47076025583445,0.0425200764149188,0.116889910652069,2.70774742833384,0.0263768345160053,2.86639503137677
0.149753048249091,29.2273597614989,1.04,0.248579809654386,11.5216685859765,0.63843234465826,0.195321724755516,19.4009034997931,0.71082704569719,0.176030972682095,72.5212224721817,1.22344867637101,0.194539401844814,1.11882507338448,0.0319626140717826,0.126394962824657,6.84240540686637,0.130002931783946,0.199471216833614,14.9724828208773,0.609536688958166,0.199368048223314,1.00577451078852,0.0079468743172579,0.159399079157691,11.0347040567755,0.206452299516107,0.113030561615186,1.32596064017055,0.020162861018356,4.61877233639208
0.135177112051262,36.4758827075144,1.04,0.221809896299851,5.16033824803901,0.274695645337041,0.104241483176493,1.59422875299434,0.0376032239351835,0.187471064172657,15.7688292262238,0.707495443165622,0.171666073836695,1.01449885892793,0.0190227392472063,0.180186784422193,59.7990347074476,0.694421781666205,0.153853580018368,3.75961856902805,0.135170003244758,0.155200293076471,1.7230944249062,0.0180666212569274,0.19977572678018,9.6938573407282,0.395180024696251,0.161263273422404,13.3438551917019,0.0969213942276808,3.41857687677688
0.155843958032694,27.7950429029008,1.04,0.219000313547414,6.06311316104581,0.302659189129565,0.183675725258607,5.43480286846039,0.243465697984982,0.195801094754681,22.4046201063247,1.01255571689389,0.196597184592456,1.017423759841,0.0259281760754944,0.199600710639459,8.370100693918,0.407010582256237,0.198358650946182,14.5895202202118,0.591635643790151,0.171230507163968,1.00577451078852,0.00875152698167771,0.15000661555195,4.06351835261943,0.117145012411197,0.150420116509003,1.80432214140788,0.0476620113142249,3.79681355683742
0.147972253565259,29.7663061447301,1.04,0.230723031132293,51.4846683497677,0.812574389392973,0.180145375133703,17.9499612710559,0.532944772220456,0.188664974608138,47.7716005747586,1.38403465304972,0.160515541468385,1.00577451078852,0.0076365460906138,0.168527142463754,8.6145740489714,0.298673636899696,0.176475059237123,8.49145760309168,0.316766174947737,0.149078967430402,1.01449885892793,0.00706136597397715,0.167808432054425,6.47817779606607,0.198211881423253,0.192080002852117,3.27437776251048,0.12373549378762,4.72163891378605
0.116604399630584,90.322924271161,1.04,0.197603626786683,3.83615347588896,0.173416196254377,0.191669652795816,16.8968968064112,0.621744990673678,0.146554261541171,8.68929909148323,0.28801227147707,0.154507054528396,1.95579274466099,0.0152300461072609,0.0834694526308372,2.91820823764409,0.0363936732561254,0.119431282150185,8.49145760309168,0.110337878307631,0.179683304503627,4.58580257506987,0.0356235952505769,0.0647205589870313,2.23917234584048,0.0137667063390585,0.115680242246808,1.00288309926358,0.00351147395040323,2.33803683161618
0.144758539467141,30.8741963416722,1.04,0.184563215946736,36.8673277993992,0.279834345062179,0.131098584116924,17.1913042784243,0.191028948390468,0.172206474381851,77.7092322332602,1.15153204209328,0.1994994132981,1.00577451078852,0.0303602363775322,0.166224096630716,4.99947880072813,0.196434911998102,0.158346310413083,3.16318819550752,0.120565221160294,0.184170270638894,1.4963864293158,0.0328352765520367,0.178299216683323,4.01699207793678,0.167919585943311,0.117540525631314,1.00867425853989,0.004589571392947,3.21510013897015
0.126849012281088,46.6802479258487,1.04,0.215569024317189,5.08658851868221,0.256864866794344,0.166531230125962,78.8359274288079,0.553605767608179,0.142651257131107,55.967638704318,0.544846150343358,0.1020797674158,1.00867425853989,0.00135668542645604,0.197658165686305,12.0301229939707,0.534116441357771,0.156123666097868,7.02201277776474,0.211483202803066,0.196956586371591,6.53437118513655,0.0557920730694133,0.139119490109925,1.78366310156055,0.0576990541285024,0.134054739334111,3.1450272019994,0.040892565226864,3.29665680675795
0.141243224550541,32.4651862196273,1.04,0.192963640606064,3.90299369276608,0.166836792635177,0.197100683918682,81.842378919186,1.11572415852416,0.0851453607891382,3.92553157195246,0.0646959945865324,0.138370622892918,1.00288309926358,0.00318286467819611,0.159768222084044,3.6424227310724,0.139832325383189,0.196614180508196,7.00182581890258,0.33657527287807,0.190296618889737,1.00288309926358,0.0303077323644501,0.187747330398918,7.16496054867685,0.279978882229999,0.194336755054949,4.43008034640065,0.150301513803047,3.32743553708282
0.11347714496126,141.970502478276,1.04,0.24992065107159,12.7798757548119,0.693795744969047,0.0724803326828307,4.0401882420282,0.031235542997826,0.182233964558063,25.5771389596111,0.936674999797848,0.194711056721148,3.13598584352336,0.0412260170566427,0.182745539870287,12.0995910689866,0.443502768225479,0.183054843968388,25.65088039011,0.574774372299753,0.0892412961106142,1.0232988843187,0.00117977235867188,0.143664845869183,3.53905426496764,0.0983881984232031,0.186283576135575,1.75311720834914,0.0765957439111966,3.93737316003967
0.131523216807295,39.965256476262,1.04,0.199741006597896,4.26734287669584,0.191497951220976,0.193747520271108,44.7108167276501,0.922446060065305,0.0995916128636809,7.37423424898408,0.120174490052752,0.125988288362591,1.00288309926358,0.00651145041575141,0.188008025712486,37.4018619842125,0.750022498320347,0.171741995129329,172.507984971374,0.566181873102073,0.186229016142117,2.60827926283097,0.0386086846399228,0.190695395971123,6.74461616851603,0.280566067566103,0.0793197400096962,1.00577451078852,0.00169838561373137,3.91770746099696
0.113910249945173,130.764243287366,1.04,0.248502957031838,7.74412301428478,0.470505798735309,0.15379629401778,12.5249050903856,0.288583900650681,0.104578509728197,10.0635379267258,0.150689950805944,0.148267511311608,1.00288309926358,0.0033530629409191,0.122792938219552,1.75817161928149,0.0501759021854781,0.159268755590503,4.63891702142887,0.16934964477836,0.117576429350895,1.01158236655188,0.00289975094807059,0.190887480457258,6.862132740856,0.283161731670915,0.190699678318253,2.96051892720402,0.115685926895701,2.57440566961138
0.119386569116133,70.4171958185721,1.04,0.203611843670012,4.00544398533237,0.1904513031555,0.146870856008442,5.35713058780925,0.167296768420753,0.188612842833659,20.257070714631,0.870673291039069,0.19332165863872,2.46943812909056,0.0387836056166118,0.109100442998622,6.94161247758823,0.0883020672138257,0.174138093874221,11.8923810771604,0.36928927563167,0.192555674525302,16.5121814020749,0.0522372230851806,0.131246303973659,1.27358007675926,0.0392314800385548,0.179756135923311,14.3810119566121,0.152536849566393,3.00880186376756
0.118594706454747,75.4112816415286,1.04,0.229773556387488,5.773515819051,0.31967534119806,0.160358729760521,92.3615840827968,0.475721600502382,0.190060709610642,27.884402330579,1.09947799129672,0.150520750211865,1.017423759841,0.00498560448886443,0.169664490083152,7.31081832073186,0.27371664874188,0.154915479460569,5.37257572706184,0.17789240592287,0.191883310126122,1.27725193454067,0.0357605210045609,0.176116481871678,7.74412301428478,0.245250484616659,0.15503580240678,4.7881753057283,0.0720714008801955,3.74455199865219
0.122221062304938,57.9916598558987,1.04,0.215996031045603,7.28980110054726,0.329461662675766,0.141377251609897,2.71555413295041,0.0911593202947488,0.189691686928502,44.7108167276501,1.38729080043585,0.187738174110756,1.00288309926358,0.0128945761072003,0.180459171391084,17.4908414355252,0.511060934781448,0.190366533570409,19.6256118755653,0.60009413344897,0.150683223838961,6.24020417473294,0.0176649050367372,0.180776875617568,3.85830538552188,0.166002703914627,0.181206975044718,1.8463608342542,0.0755645057532519,4.2311935424486
0.111489109007562,235.186508958782,1.04,0.205997888616989,4.27964604980107,0.205277712878752,0.187842354787347,20.6100250498449,0.648714795478264,0.185525588820988,15.8598865007128,0.697339783355436,0.172366447513733,1.00867425853989,0.00148002010711908,0.183656469275025,5.19013667692469,0.232914584423258,0.187676179118691,8.73947554283164,0.371730818707075,0.188337374572063,2.45526020256225,0.0403413251694041,0.171888041018709,16.3231210310229,0.296378983271919,0.177695185766636,1.1817296425721,0.0507407421088333,3.58491876550006
0.13961509894481,33.2911667934025,1.04,0.217274431230984,8.25047817477399,0.359553528491259,0.144187082127196,52.2311372931222,0.305353601023826,0.127528907976543,59.4557070854439,0.376554674641533,0.165339655247338,1.61734325078285,0.0193831731849895,0.194948486170792,209.208894717806,1.11668307847453,0.193074054158206,9.15145972170511,0.408137573611423,0.180481742362094,9.31091255809072,0.0381400724330924,0.191426984535606,11.5882005855279,0.378641299094809,0.194384467521736,5.67464221589759,0.165081138622147,4.20752813957761
0.147325352259446,29.9709634242785,1.04,0.22805065687606,44.4541159554714,0.753241531518546,0.185139112710131,20.6694457978884,0.617404489489288,0.160764382786003,12.5249050903856,0.447586700179394,0.198736658131189,1.68871705388817,0.0393207766798293,0.19223891910934,95.8838439353261,0.97093222452372,0.172026189014229,16.3701822092467,0.404260721270852,0.164753264668885,1.90028922105573,0.0228684812779766,0.124889131463302,4.53329627591397,0.0762949471034926,0.169499905246511,9.39167782086193,0.111953775837409,4.48386364788051
0.116538105302826,91.7786000082829,1.04,0.179271218552329,6.40400427119728,0.175378886000475,0.148703527997113,4.0518365057735,0.140206825700978,0.079874047106681,3.17230798106454,0.0510959033982997,0.141781110029122,1.00577451078852,0.00114302255894224,0.186744245152111,37.9441463047634,0.747376743188894,0.154418359286094,6.44098426295101,0.196459840023448,0.109253677451125,1.00867425853989,0.00447096089713034,0.159090827512347,7.37423424898408,0.18080442836507,0.176700899598266,5.19013667692469,0.115035966909567,2.6519725770428
0.137835835566939,34.4514745147866,1.04,0.235335991218478,7.92455244054436,0.432793760709414,0.0981950070584781,28.6163443734521,0.0847025818965291,0.193418370394041,56.4531164723065,1.61217726603924,0.171382452154042,5.23515726431772,0.0249468871352248,0.162065264323161,4.81582467568853,0.183130757684642,0.163485104796471,32.0166835936232,0.396242714484897,0.18425427651715,1.00577451078852,0.00306429751202471,0.189905072598956,17.5918424880948,0.431552351172881,0.12797775204986,6.42246765119551,0.0390890719986129,4.24769968863347
0.131809484380861,39.511453397773,1.04,0.224920482988108,9.5553161597167,0.431157554748505,0.18193813064738,11.7224193723862,0.442823944603631,0.144921930443888,31.2877147471334,0.511903842509029,0.181261842351121,4.88564863828298,0.0313686885757406,0.156357021778566,5.60966897361054,0.192878833849962,0.169126192679837,7.65545473146367,0.269160687187706,0.194059251270354,14.7585013912184,0.0540008412772087,0.192995133162063,11.9955386652786,0.399461286046883,0.190325980152407,3.98244730043134,0.133982841995307,3.50673852079397
0.120259933244861,66.5090478165863,1.04,0.200170797956017,6.01097243209366,0.239099775994565,0.199243444836521,57.2716222440805,1.08554851691542,0.197577510893123,28.1262788456248,1.21525373818785,0.178116688397868,2.26510726072284,0.0272902089233235,0.144323022964948,28.4520477169552,0.273291611186153,0.123246273045938,1.83048275359669,0.0523280387066197,0.163319400203073,1.01449885892793,0.0155199934125665,0.147364677151562,4.71974439753259,0.120860351902091,0.122180173637461,5.99369202303595,0.0332797859333274,4.10247202116192
0.146281166731943,30.315190586218,1.04,0.220055929426616,20.4916955329151,0.541108961359871,0.190879889007045,19.4568382303861,0.665610621840176,0.174477445994333,51.0419175604762,1.09352121914795,0.196633550316692,1.017423759841,0.0192626182903466,0.189802238256273,70.6662919109886,0.889171305850673,0.173185662903084,5.6910027726913,0.230250849639509,0.176722903785623,1.00867425853989,0.0209196566511156,0.182455715202993,6.2943333190863,0.241076839845624,0.189136053752285,4.3542135747773,0.137375906290042,4.87829797891531
0.127548250254566,45.5220735006315,1.04,0.206211209129748,6.02830266228601,0.260720148406969,0.180987034368644,12.4529951356256,0.45391506485566,0.197424745430911,35.8210683711633,1.39457189576469,0.197447464447621,1.01158236655188,0.0212474512842833,0.170290064905056,12.8536732852339,0.379721160119178,0.153407297749976,5.45047194460812,0.176202672671717,0.143643176055618,1.00288309926358,0.00877352472344475,0.163519247710621,8.96887940476934,0.210719062698405,0.170460588344445,2.09570588324384,0.0710197911123944,4.01689077163674
0.137572577447135,34.6883445186206,1.04,0.240745506524281,85.2084412476855,1.09029725046978,0.161715554119413,82.7903073513056,0.490348274136721,0.159924799975815,59.114350629975,0.823759199900664,0.144837381973259,1.01158236655188,0.00639811381375624,0.128453568772361,5.5136013085513,0.123485005729756,0.142632528171216,3.28381811862624,0.10716392582209,0.180271903418096,1.00577451078852,0.00115584883911647,0.183252533344856,6.09812467340626,0.23903093187646,0.158428237768749,6.62911211113257,0.0828774480612824,4.00451599864963
0.143015125588613,31.5874712871515,1.04,0.198077784162118,2.57841511385935,0.124859957375928,0.175499807875369,15.9974592566334,0.471534966605139,0.188979436930424,14.1754836193795,0.650674982155617,0.196119818563559,1.00288309926358,0.00483653513170071,0.191233080753928,13.2672433518329,0.525359878070081,0.190623525785831,234.068156985336,0.899439042753599,0.154858474594449,2.79486986091936,0.0187388356804632,0.179104509498361,8.63941072106801,0.271958987826886,0.183718610146022,1.45811221351425,0.0643486343613498,4.07175181996076
0.128577303394341,43.6885346568656,1.04,0.206938235905498,7.94739971184986,0.303767868957873,0.198172401431249,15.3654978668113,0.644335743959349,0.198396239744206,51.7819671225966,1.68307667206059,0.183756558885258,1.77342245446464,0.0296888589978899,0.104423056511893,3.30278056177977,0.060843582852327,0.166313688182673,6.98169689372975,0.244565847938216,0.175035639142704,1.01449885892793,0.0222247413914209,0.139437766556673,4.07523387938939,0.0975817127554138,0.16135701251668,9.04667778353943,0.0924425463461935,4.21852757525927
0.127286498047568,45.730492159725,1.04,0.249047468666203,37.4018619842125,1.1070695199008,0.137551306340378,33.5259694810802,0.246656579599315,0.144353142367888,13.6941201359897,0.37451056394649,0.156492566257613,1.97844545312916,0.0160827123890239,0.175555527713157,12.9651693704974,0.415189534678023,0.199374760122176,12.2750213329814,0.534690100254194,0.18276145608434,3.25557838997471,0.0371530136721033,0.158707072121447,2.94352153037066,0.107274573430447,0.18740580889841,4.66570449781614,0.135143513441641,4.01377011131204
0.136685024131877,35.1669814998765,1.04,0.198190486593976,2.85998721049474,0.137570932156664,0.195818572150515,29.1149486853426,0.847226555773604,0.0809104789316597,33.3334849128322,0.0979729281828654,0.185219678010475,1.55345194953386,0.0294506856794347,0.182003706817313,21.8315600677534,0.578376846523442,0.142948083379848,2.87650223749675,0.0962662546986129,0.121158274414368,1.00288309926358,0.00600554748603874,0.199984240769935,6.98169689372975,0.318671964190291,0.165438819686405,5.80685504843578,0.0939992408390145,3.24554095552997
0.140941027367224,32.6138251119006,1.04,0.214698098855529,75.2868592128977,0.595658083092,0.196303426564465,22.5339958268413,0.766392422125666,0.175984823892668,32.0166835936232,0.943339287623119,0.173696446108767,1.43727338940046,0.0225244268093598,0.107345901484803,1.71814085427452,0.0415041563616811,0.162277016596076,6.47817779606607,0.220490086588788,0.193501236428292,1.00288309926358,0.00941861738194475,0.118961005731721,1.52245910708953,0.0396574186642089,0.189530903799718,8.370100693918,0.170741635177692,3.84972613382446
0.129276288475913,42.6045870395527,1.04,0.239946548527166,11.2593385593765,0.576854780359169,0.155478763070564,9.20430492459876,0.258487968071188,0.119190836087018,9.74983462452457,0.201273534744951,0.138861693107156,1.00288309926358,0.00493414454459124,0.19113566494689,188.069590808229,0.99514414063727,0.117206681026724,1.4963864293158,0.0405099382720722,0.185794259231736,50.6029742786953,0.0452933104252827,0.187722275364166,3.40904833026788,0.156297466346455,0.183678753792066,1.4963864293158,0.0656307105588013,3.38442599395978
0.155061424923722,27.9222999702044,1.04,0.246413345085939,159.147730608573,1.31009126245254,0.171694401443759,4.50726900243269,0.187964032244513,0.168049191195989,14.2163529457634,0.535700387057008,0.135987974735312,1.01449885892793,0.00450865749625776,0.0889536846981524,16.464712003024,0.059394470809295,0.190246434674329,17.1913042784243,0.569117457394626,0.185539512901394,1.93897358646993,0.0359503916487343,0.176879531293022,6.61005466738882,0.229124775010895,0.15593992717327,2.69220128298041,0.0620191413210979,4.03387057543497
0.111512333683056,245.617260255597,1.04,0.223521100424707,7.14436264200497,0.355608104607169,0.197424960763252,11.7224193723862,0.533547905624455,0.0692888018462845,2.60827926283097,0.0360224281754273,0.170467164870842,1.00288309926358,0.0158861468402713,0.169271432526038,4.21848286189654,0.173052225988643,0.183404754682164,10.9083594392703,0.405085644098063,0.195775940632014,1.4455729400936,0.0405222031004752,0.150545792032856,8.03944940844679,0.157271981599518,0.151698289545885,3.19982540066046,0.0606089106637013,2.81760555069772
0.130037016464624,41.7377546210871,1.04,0.168234945940665,1.58051892322707,0.0638593493205163,0.18886005385155,6.96162583541039,0.320727051079009,0.0969702381311525,3.81412874828321,0.0786836997607158,0.132802750259245,1.00867425853989,0.00173314074274123,0.160629099918629,9.04667778353943,0.274140493362947,0.181280490288012,5.48194575365476,0.239638775115395,0.112916938838571,1.01158236655188,0.00367580339178963,0.179097796434,9.91971340151178,0.28930784178358,0.14673159920345,1.00867425853989,0.0323688848447476,2.34413503940144
0.116972930011008,88.0819400101547,1.04,0.204431082359846,3.10901742259474,0.154881041114547,0.15786089498682,7.87905475386486,0.248614287217124,0.165394951621343,59.114350629975,0.938918419267758,0.172638280308276,1.4249133228412,0.0219783424404754,0.137204164637653,13.8926692519835,0.201838259741371,0.119754110674974,49.166910368017,0.138035028179723,0.172314181109429,1.01158236655188,0.0171684208362655,0.0598278643123336,1.27725193454067,0.0102693670897425,0.190811235192531,2.66137624774655,0.108551042804575,2.88025420869158
0.120779323260234,63.9761487615482,1.04,0.168659257494341,9.66598933399762,0.160840431829191,0.199953093669311,17.6425615162172,0.720033194092303,0.120333514086399,14.053579239644,0.239549967051483,0.178304663562256,1.00577451078852,0.0172774594421598,0.165668018389913,6.57210398204128,0.241268587424187,0.184564711879354,5.92506573979369,0.263988546262618,0.192734123220847,2.07171057200942,0.0419138149716494,0.0936132222719765,9.58286508470002,0.0394911544326033,0.160342390101027,4.77441020717598,0.0801233543511466,2.84448650985734
0.128899727167199,43.2912174176546,1.04,0.247674717615932,88.4579120605105,1.27705167101665,0.130505028771117,5.59354223610883,0.132502359505039,0.198590903478858,31.9246416826979,1.32694619804008,0.125267658982474,1.01158236655188,0.00388861701300627,0.186029611101585,183.787546033967,0.883528358833475,0.177086794595458,12.6335493553273,0.400982765928175,0.166720033758261,5.01389279437678,0.026025686947251,0.19942860222579,13.2291025360534,0.459974009029125,0.192744891849591,3.40904833026788,0.127419542250208,5.67831920856301
0.151312944971088,28.7637924542932,1.04,0.218009505207504,48.1859837890086,0.611022895647337,0.153140930666291,7.83381828565906,0.230741435396711,0.0877236342059454,7.00182581890258,0.0897696525171852,0.171584958478307,1.01158236655188,0.0174789040672226,0.185875130069836,98.4007139681323,0.83645292671212,0.130738055667243,2.16937226517279,0.0661410487378252,0.159707515239406,1.19198027101602,0.0186157699230843,0.144175055755989,3.18145405986858,0.0935066697148853,0.131394814385016,7.3318961356485,0.043479719732323,3.04720902244869
0.145645763978571,30.5236217030721,1.04,0.224659418422565,10.7215497316231,0.461927283337742,0.122012813930353,16.1827476936424,0.151838192003308,0.158105400553086,15.6782947440786,0.500787985396221,0.19375442690107,9.83440721077889,0.0439178898649139,0.142666810140783,5.31106107095859,0.153460843104587,0.187291815068118,5.5136013085513,0.252250101881405,0.170736901218732,1.017423759841,0.021130964642666,0.191621003952011,14.1754836193795,0.411391183032381,0.148711591509631,9.44591016576076,0.0691585867818251,3.10586303004505
0.12298331087642,55.9106861279436,1.04,0.179676208635185,20.9088468955437,0.232555474157121,0.165950214742831,19.9101608535235,0.42341701057303,0.195912372389973,34.8045007827355,1.349380392324,0.196094882612616,6.02830266228601,0.0453436958674531,0.162615151559286,18.7420980057214,0.373802665495835,0.184292291981334,121.065599013,0.751303422653089,0.174232272371962,1.29204553462562,0.0256792074515436,0.190307951997302,3.88058521159597,0.17995211498538,0.168826775083768,11.3897483457029,0.114631691018321,4.53606567452577
0.130962804883326,40.6093504828478,1.04,0.238453091720824,23.6642924260888,0.800746316041643,0.135666772171573,17.2408685151293,0.212109764280544,0.185174145425991,20.6694457978884,0.847104198898348,0.134632309556329,1.00288309926358,0.00263905522396949,0.190708365898897,15.7234968241093,0.576191184416163,0.178294594601492,14.1347317845805,0.424346048268937,0.198009268056122,1.00288309926358,0.0201725894158346,0.158371293461644,2.46233896144414,0.0924579415084472,0.177897795358787,6.1865405227709,0.124461545781724,4.14022864383561
0.11765441625811,82.0611041461807,1.04,0.193575472122586,2.83539228475476,0.131725037681726,0.195896387188997,7.83381828565906,0.375578061790411,0.191187066201942,52.0809826503965,1.51183966730052,0.19023772488565,1.017423759841,0.0249937850857395,0.187023527378245,228.081217397262,0.921960720368252,0.174925508354612,7.56780167843215,0.288244994303058,0.130169632377002,1.01158236655188,0.00165106005371764,0.179686057468966,4.12243473196511,0.173796780015791,0.136916019035906,1.00288309926358,0.00327344050577345,4.47306354710499
0.119463265509961,70.4171958185721,1.04,0.249151042018445,184.317423772592,1.38224450127328,0.162226401720431,38.3836293157633,0.450054965646823,0.147137243034874,14.6315832552147,0.403602310173634,0.19004228746898,1.01158236655188,0.0239332573714276,0.133822399936142,3.68461060628057,0.107098457397144,0.177842740137265,5.25025074237118,0.224837129564249,0.190596190891591,1.01158236655188,0.0144272191255212,0.166920371928822,9.0989179220007,0.224358727284598,0.180971696627713,2.95200799512719,0.0998680213268001,3.97042458916348
0.133717707324646,37.575153941676,1.04,0.196335821266675,24.2854601433005,0.349380332774772,0.191884816181166,39.277925054923,0.86816340189294,0.18714821220363,38.1632551869613,1.23871457872798,0.19392272182954,2.33798763817471,0.0383919726404793,0.188696157119144,35.1064040208769,0.748422016408345,0.191161825412635,28.9477893633602,0.695964476730158,0.149717469769077,1.01449885892793,0.013088443737768,0.15078761435738,4.40464567244553,0.123388206687853,0.192545787395677,7.83381828565906,0.176608703470342,5.29212213307064
0.152548085872379,28.5022055025463,1.04,0.211700907271055,25.1391209535034,0.480172623489229,0.198070961916588,9.91971340151178,0.46924232927061,0.15088563977463,17.5918424880948,0.470800241188547,0.174941218835831,1.01158236655188,0.00989692790776234,0.133699432166414,2.65372529430481,0.0824496191440449,0.137087787925419,6.45955425993623,0.14695687193452,0.147779545020857,1.01449885892793,0.00951454214061806,0.130457807809646,15.9974592566334,0.112413639125704,0.133079642755355,1.21624552488348,0.0290946698943221,2.85054146409536
0.126553261035432,47.1086689391147,1.04,0.227316958963981,22.7949928263862,0.641498763914045,0.161484587899482,8.44270511134198,0.273535774517703,0.166638837622938,23.3933421622917,0.704110660757748,0.120083546127434,1.00867425853989,0.00271722793025064,0.18521492625215,39.5047358569031,0.717481637513298,0.102626379456235,1.29204553462562,0.0299595319327965,0.177434685563027,1.00288309926358,0.00351685263221305,0.125839843238657,4.00544398533237,0.0751144596790257,0.179307903522262,3.90299369276608,0.110285799074403,3.59822070795148
0.140905191022517,32.6138251119006,1.04,0.244866343301163,87.9500435849786,1.20902861091924,0.195027563055668,17.0434648578319,0.658680228519463,0.176075951708552,15.5434666953568,0.62347732153501,0.154750595994898,1.00288309926358,0.00998442778643163,0.164553434636692,4.17018228211692,0.165102464331536,0.183333668440265,13.6941201359897,0.460101303460148,0.168894128476945,1.01158236655188,0.0104311319807311,0.180642328228952,3.30278056177977,0.144459988504957,0.193144152180724,2.23273514877728,0.0987964491889073,4.42006192622642
0.129526716008843,42.4104148257264,1.04,0.152162215255609,2.21991621862324,0.0676862977408021,0.166944923343396,6.94161247758823,0.260202153300063,0.144747803822061,9.44591016576076,0.299131313081539,0.147113488655647,1.00577451078852,0.00851536722767286,0.140593231709939,5.32637338722108,0.148474676921582,0.196172909185542,12.7065019223768,0.529265198932718,0.126650879801945,1.00577451078852,0.00812817855296365,0.0951809415094456,2.56361151152847,0.0325462360163729,0.13233822703116,1.00288309926358,0.0228300133212076,2.41677943509492
0.120417691238006,64.8589049478277,1.04,0.209202745020712,13.3054941313703,0.387257337243737,0.193276765056936,8.15601225127809,0.381803975559657,0.169511704897614,10.1800975118018,0.415249267429059,0.186949611193478,1.00867425853989,0.00999442083696184,0.155142212452608,23.8695626167564,0.340151792355836,0.181886052849595,21.5195511317025,0.530487530745561,0.158849222392275,1.75817161928149,0.0194697246655052,0.167079184743331,15.3213249660846,0.261328696191356,0.179191031224456,1.36076598863131,0.0582376566052675,3.44398040163294
0.138844864568954,33.8276988438502,1.04,0.198888825852995,8.29812065000463,0.274198719827998,0.162022113176248,9.94831291991456,0.302733489322324,0.194239569891155,23.3260907272937,1.02156071415619,0.16062641966657,2.52697328239242,0.0180846874800173,0.151920232731387,16.8483214233231,0.294191203964639,0.186040509023993,15.2772790540943,0.501355453490729,0.175573000502375,1.00288309926358,0.00107768404710567,0.136141488487687,10.7524610237587,0.121577843186479,0.192820399494598,3.84721348715026,0.136020143521846,3.71079993899733
0.114424964298017,122.66347086177,1.04,0.222005050385949,14.8010516157109,0.509992429900949,0.194811536347312,48.3249087633854,0.972881124171812,0.196493875097072,17.6934267723322,0.841741061909219,0.146686171979289,1.01449885892793,0.00105786278139008,0.179400688634101,8.86618796583124,0.350614428010832,0.0892666594228031,13.8129064745256,0.0538939517101709,0.153025496704922,1.01449885892793,0.0124798851761357,0.180855230551613,5.16033824803901,0.207324362809998,0.189796032072889,11.2593385593765,0.183944864422461,4.17392997089297
0.11040452734139,428.832138089237,1.04,0.241645994294566,5.87411217212038,0.351564114783051,0.185791799732377,19.2340622708831,0.603246597031146,0.178179591481262,11.7901106095195,0.508049217040211,0.174091590682018,1.01158236655188,0.00140721569984914,0.188348177362823,5.75691805285236,0.265070516340112,0.153767791625509,10.5379392096157,0.245949292086081,0.196673281307204,4.26734287669584,0.0526994422273883,0.167226206951361,3.01210229799636,0.119295357080446,0.187072365370459,8.03944940844679,0.161630797755561,3.34891255004385
0.143976595504931,31.157552901849,1.04,0.187532945707145,3.25557838997471,0.13839460907745,0.189868590920991,11.9610537599916,0.495795366771245,0.113460308568071,5.57746185992785,0.133180345992019,0.137629592891622,1.017423759841,0.00673207896867425,0.141386165802669,6.45955425993623,0.167547347454318,0.0919897481825204,2.37188579111585,0.0383325391552124,0.19420550238363,1.95017021036364,0.0429134814894475,0.190744709792691,6.01097243209366,0.259039177122895,0.139337495170811,1.00577451078852,0.0155890896509739,2.33752403568224
0.125660504143016,48.750562497649,1.04,0.201469165478583,55.8067423266136,0.432747378110396,0.188780926337443,24.3554775355552,0.706339330139284,0.139945220534183,5.65832869261085,0.187362407380051,0.116007048045085,1.00288309926358,0.00487649966694241,0.189270435978521,65.9484816627422,0.873820760464672,0.192297562872036,58.9444080505326,0.845565572984659,0.183717106269265,2.88479547897935,0.0367819694529274,0.171936681127158,4.85759838400825,0.179446920791289,0.198144732883096,2.33798763817471,0.107574729432691,4.41451556842291
0.116475019571158,93.2577359230811,1.04,0.245845072713784,9.17784428848941,0.530233543174942,0.179137135337624,9.83440721077889,0.382073547256898,0.165540081579765,10.2684023095805,0.404001163759539,0.179398681190163,1.01158236655188,0.0212823746998661,0.191056398755353,44.3263187784442,0.843519359628302,0.158240865038148,18.5809222819382,0.319267857772803,0.165789778626627,1.017423759841,0.00475780891678269,0.184794835927934,4.52026390637434,0.196941740918604,0.176883189620801,3.30278056177977,0.0989655369949182,3.84104293312265
0.146821440027107,30.1081827451107,1.04,0.219016172335559,68.070390112422,0.658846680687375,0.191612516018223,68.4634633145046,0.962291414252741,0.151979291788754,19.1236326478425,0.50138700361826,0.148304403257491,1.00577451078852,0.00873130453822177,0.144495822480508,14.8865204479472,0.239901804468672,0.10469664696,23.0590127888488,0.0873986270659747,0.182935904624535,1.0808326105459,0.0286298196875392,0.175758072849624,12.1344753910871,0.294873041290507,0.154009361920562,2.89311263070037,0.0619542827578636,3.88401397836715
0.144214211101696,31.0864708846003,1.04,0.240692562978636,5.5454396587911,0.331206943207858,0.15523403972942,6.51558610363938,0.214556531505895,0.174592236606989,19.5691919526579,0.718769763756559,0.0950910775163166,1.00288309926358,0.00137511865334967,0.176958948734954,8.10918567113405,0.319730847859452,0.187725367497944,52.6842036818354,0.737678128718961,0.143644304889387,1.00288309926358,0.00481139388595823,0.141190935685859,8.03944940844679,0.128668761475619,0.185101263718353,1.295770630155,0.0583053242474181,3.55510281331107
0.13751089695593,34.6883445186206,1.04,0.191502754170366,5.74036800209287,0.205047078125395,0.130033828717924,8.22675961020021,0.15483925318263,0.126017146740045,4.39198314906283,0.128952424402283,0.198252401341075,1.00288309926358,0.00873142525664322,0.181906492089735,7.28980110054726,0.312331747916472,0.147718830032716,5.6910027726913,0.165415969519316,0.106166380869161,1.00867425853989,0.00146304670092723,0.158198208978063,10.5076446271293,0.197166879309441,0.18111587189243,2.16313573014221,0.083993880209552,2.29794170462266
0.148572951978525,29.5630463712104,1.04,0.238084837723356,8.06262793911584,0.448508606963577,0.184405544446159,51.0419175604762,0.779283531778213,0.197892569166626,59.7990347074476,1.77461044564184,0.196925832996054,1.68386231169735,0.0384921786269666,0.143508292019072,7.56780167843215,0.187320009227951,0.197169621831751,19.2895159816518,0.667979781832156,0.196163218325571,1.01158236655188,0.0240163250377846,0.170159494150528,11.3897483457029,0.258728216870127,0.093502626377215,1.00288309926358,0.00123571349217153,5.22017480947079
0.134948628830715,36.4758827075144,1.04,0.226580302798295,244.397649220092,0.847172399857355,0.137432119255381,18.9046718094031,0.226639994422988,0.191265838023583,25.3571841881197,1.04731772625988,0.167246584291065,1.00288309926358,0.01648829711485,0.128937172840437,3.6740180475533,0.099679266880206,0.164141928011825,4.45566189315493,0.172485534006509,0.194744083439554,3.41887695499837,0.0484057765723667,0.181192544496431,12.4529951356256,0.330008996437528,0.169099315850477,4.0401882420282,0.091846729607549,3.92004472115923
0.115197415801043,109.675892380264,1.04,0.162022511010233,7.45964533309522,0.13148099502018,0.170973564961758,4.31676880609627,0.179194539627282,0.186095258869947,29.6222405590191,1.07091382920066,0.195566284049995,1.017423759841,0.0165027111899745,0.194638731222811,9.52784643268317,0.436117895348165,0.190612454275518,6.62911211113257,0.30529268402779,0.195796497484457,1.00288309926358,0.0102969071178227,0.161318409781986,5.49775074742009,0.164971142802261,0.182701892088828,1.71814085427452,0.0727789684073562,3.42754967274149
0.127445400258841,45.5220735006315,1.04,0.239374243010241,15.0156499750721,0.666902794117979,0.182617957075926,17.3404260963733,0.5490040431238,0.157099802819284,11.5216685859765,0.403475866936185,0.119156167718978,1.00288309926358,0.00155292491758658,0.147043265591206,19.6256118755653,0.270072959628084,0.189403327456324,71.6908725083659,0.799552512024735,0.180516561314663,1.01158236655188,0.0183604595208734,0.162187975080473,3.10007958542497,0.11572488764628,0.151252533856496,1.77342245446464,0.0481222873735642,3.91276873528909
