years,Q,target,years2,Q2,target2,years3,Q3,target3,years4,Q4,target4,years5,Q5,target5,years6,Q6,target6,years7,Q7,target7,years8,Q8,target8,years9,Q9,target9,years10,Q10,target10,Sum
0.0949240850530424,19.6116512059019,0.364147068102368,0.0592193367284486,1.00577451078852,0.0011618525458254,0.0911391298500683,1.86774606222357,0.0349835511107343,0.0685500241910424,2.36429929483371,0.0330621746173265,0.095938704509829,1.00867425853989,0.00123057819703957,0.0790391645295734,7.72186012504483,0.0407612034841469,0.0687845972296417,5.38806539618403,0.0261391141812518,0.0931181483707179,1.00867425853989,0.00217589385557418,0.0780442530693453,1.00288309926358,0.0132826468878672,0.0989717463216623,1.00288309926358,0.0105694247802941,0.527513507762428
0.0607556578618232,12.3845521943562,0.133098950514546,0.0968399681679349,1.00577451078852,0.0103977699024061,0.0972383264726197,5.29579277470977,0.0645880778083765,0.0862561663929737,2.46071840828763,0.0464852788301742,0.0981013436520292,1.00867425853989,0.00104447190255332,0.0957069417325502,4.46850800867783,0.0567131954201081,0.0994803835128573,4.06351835261943,0.0561435864802626,0.0991348911214727,1.01158236655188,0.00179894180021073,0.0834241867626579,4.13432012050498,0.0265803312933462,0.0543040909145036,1.01158236655188,0.00162971410240031,0.398480318054384
0.0885475630282514,23.6783611765105,0.351516864646024,0.0973533503584554,1.00577451078852,0.0051915688617547,0.0821312819204499,1.1481932879197,0.0204919922023179,0.0681309867887099,3.95271571283336,0.0440881632588818,0.0985478044359259,1.00577451078852,0.00259016389765609,0.0622633339108053,1.60343464412786,0.0167043639353942,0.0858934639242501,4.39198314906283,0.0409770366548487,0.0879271925301546,1.37256962462899,0.00291568715054405,0.0825274785509402,4.17018228211692,0.0259929131103931,0.0786390539289739,1.00867425853989,0.00435687796155589,0.514825631679371
0.0675357599840773,8.96942540237507,0.125706262332314,0.0961450253418651,2.56361151152847,0.0221517136290926,0.069389055800608,1.1715671660767,0.0166786562301593,0.0937568277125859,3.07453145119498,0.063152472955169,0.0911533683817175,1.00288309926358,0.00183202770696165,0.0889602010072918,5.85722521042959,0.0513456686114854,0.062619803117308,5.6910027726913,0.0215362216361165,0.0903790874440955,1.02035709353375,0.00165346607145107,0.0676751988957397,1.3804955427344,0.0131908938332894,0.0762075938912316,1.01158236655188,0.00509140596838796,0.322338788974427
0.0884082815374014,24.2946863802066,0.355539081667035,0.092416197267016,1.00288309926358,0.00637807869913047,0.0758703810112112,5.32637338722108,0.0367939976646109,0.0337516687026895,1.1,0.00508973653727246,0.0888192079050893,1.01449885892793,0.00172921461776734,0.0724142679732051,5.92506573979369,0.0319926263122577,0.0798486203035933,3.42873391662958,0.0328679761931987,0.0993916436726487,1.01158236655188,0.00344838570261832,0.0784569397073679,1.11240149892777,0.015722386779886,0.0626613400286878,1.03813555048354,0.00495853448185898,0.494520018655636
0.0574044801165721,5.86152081000249,0.0685631778040225,0.0812986596603599,1.00577451078852,0.0104033895251497,0.0884698841486329,2.32456441587663,0.038000185212978,0.0944494762515268,7.70986273161707,0.10860314196389,0.0951317429356111,1.00577451078852,0.00162266964789403,0.0923848940992531,1.30325307163827,0.0265905297113764,0.0483855879417903,2.27163778979815,0.0113759058239805,0.0824622277732909,1.02920793476607,0.00110152302437674,0.08784059853104,4.30435891208667,0.030280634273594,0.0976845242124543,1.00288309926358,0.0122870679997498,0.308828224987012
0.0883803990608049,22.6857015086642,0.345549771993204,0.0963543183753613,1.00288309926358,0.00865517299598553,0.0849857225683346,1.2232687477884,0.0227017813434855,0.0977641181647859,3.22744084539362,0.0698033035657974,0.079429267645873,1.00288309926358,0.00181084248703955,0.0761390453898218,1.18855355314224,0.0189686756194236,0.0572946728722597,1.00288309926358,0.00451698333864018,0.0911802718078177,1.01158236655188,0.00196872705501967,0.0979791495163509,2.2456281019818,0.03330119936155,0.0746227674977748,1.00577451078852,0.00476244952828828,0.512038907288434
0.0829382232735018,40.8492745502271,0.368712709139618,0.0940593922981796,1.3686237465133,0.017826742262336,0.0902694806481812,5.80685504843578,0.0552922854291031,0.0967577447356549,4.95282021809367,0.0926712632952701,0.0825433428488273,1.0232988843187,0.00115548699343638,0.0747225776249154,8.81528401319323,0.0364092792804068,0.0659370413459812,6.7058929175172,0.0243543554741233,0.0824201367726246,1.01449885892793,0.00135590161365901,0.0586226023291589,2.42714808378022,0.0114728276018136,0.0972909949138961,1.00288309926358,0.00593620680741014,0.615187057897177
0.0970768681756012,32.2305352027769,0.484400924041147,0.0710861639371996,1.13178371549186,0.0093473079093226,0.0868409329758274,3.17230798106454,0.0423945935738182,0.0320961695509202,2.06739873972354,0.0105810496846943,0.0917108733627664,1.50502732889567,0.00275971781661566,0.0821491517967262,6.59105201019205,0.0433972883086569,0.0848711833270963,7.16496054867685,0.043962077087894,0.0996280472991981,1.00867425853989,0.00241458610129859,0.0893321236064624,1.95017021036364,0.0258495007438931,0.079673808666504,1.00867425853989,0.00119104296000411,0.666298088227345
0.0793699808421692,8.28029274537113,0.141951653294763,0.07819661175205,1.00577451078852,0.00865514916445928,0.0984574317432517,2.55624161321588,0.0487408210079497,0.0842531516298756,2.30432003757216,0.0424398581019969,0.0980543836489703,1.00867425853989,0.00158322599494339,0.0995664260623732,6.15102138343189,0.0680614742000788,0.0293059103761715,1.05622377499757,0.00429513570170007,0.0758391706829902,1.00577451078852,0.00191277006139252,0.078271054940596,4.8997344482741,0.0234427103634471,0.0824629184898954,1.40859841962076,0.00942665530310558,0.350509453193836
0.0813624149121854,10.3753480645871,0.181617380052066,0.095519984395452,3.4784466459882,0.0228538626357293,0.0584770014053554,1.25537852068667,0.0136852412373922,0.08229562902162,4.57228857827938,0.0661187024908545,0.0794495869905456,1.00577451078852,0.00159864343711177,0.0670329819553909,5.29579277470977,0.0267929943305454,0.0652039224584293,8.6145740489714,0.0242829467063783,0.0978068497409357,1.00288309926358,0.00278255990682851,0.0959829091337866,3.38947576589033,0.0360102319885863,0.0665466762372017,1.00577451078852,0.00300146949723952,0.378744032282732
0.0603568611366549,23.4764137693127,0.167444051490062,0.0788965109334102,1.47076025583445,0.0123821594898377,0.0782540800648722,1.70827639380871,0.025853220521714,0.0894698738131341,2.37783861946827,0.0470333735464501,0.0796657468782295,1.00577451078852,0.00181763052441849,0.0769689773396821,1.83576021707557,0.0254620419457806,0.0587898595405869,3.30278056177977,0.017501850882796,0.0755595785422739,1.00867425853989,0.00122724893750266,0.0745054711094275,2.33126636583218,0.0185741086765112,0.0958696410080379,1.00577451078852,0.00191924739913616,0.319214933414209
0.0543150408074229,11.630573971469,0.108217900009828,0.050102758063981,1.00288309926358,0.00156064530497238,0.0956019120931816,5.57746185992785,0.0630662205559011,0.0930629483391997,5.52040719177953,0.0915827517641769,0.0857093854768984,1.00867425853989,0.00149057010266033,0.0838100823691774,4.14623977579979,0.0410614178403313,0.0909060973256315,1.04413027541975,0.0210196168531097,0.0804946628468149,1.00577451078852,0.00204936685595088,0.0840054432780594,1.00288309926358,0.00343717441213559,0.0589843017530815,1.00577451078852,0.00418849320779255,0.337674156906859
0.0677877549156695,7.88798980067452,0.112563980578567,0.0779218013784125,2.15071639511557,0.0129345065514955,0.0939894313791062,1.50502732889567,0.0311425129915789,0.0672977970519612,3.73332968686678,0.0420311450290913,0.0901897392070279,1.01449885892793,0.00107616879985772,0.0734114077590147,1.29204553462562,0.0191807980916304,0.0907129980099255,5.01389279437678,0.0481229651686117,0.0990106385562626,1.00577451078852,0.00204894398003798,0.0819534102878605,1.33361741419236,0.0186015880005993,0.0755281189200514,1.00288309926358,0.00461759383206748,0.292320203023537
0.0489559304647212,10.8913578086212,0.0895425744065424,0.0963769562664473,1.00288309926358,0.00410129908788623,0.0747264399134568,1.00867425853989,0.0161223961826,0.0852024883703324,2.30432003757216,0.042971567468261,0.0977362720817107,1.00577451078852,0.0031738349056706,0.0983625133124982,2.68446171339143,0.0488211320669533,0.0861832179772276,2.07171057200942,0.0316710118397459,0.0938728749524591,1.035151107089,0.0011895844754036,0.0777726171852511,6.57210398204128,0.02382684254572,0.0820863771758526,1.00867425853989,0.00435474520866169,0.265774988187445
0.0953277685590796,26.4673311839266,0.429922648465473,0.09633622826849,22.5339958268413,0.0264550165043134,0.0966485636969702,2.00713065465068,0.0405088105325674,0.0902292658428279,4.40569196686568,0.0766536172222191,0.0974867547562547,1.00577451078852,0.00205467654768081,0.0995751850176831,4.80198009042612,0.0638742629698446,0.0999711644531,13.1910713679069,0.0722007287232619,0.099903432845824,1.00577451078852,0.00315325517402077,0.0561936375267601,2.52697328239242,0.0106418053781354,0.0774979607760306,1.00288309926358,0.00133481907237189,0.726799640589888
0.0537727994854006,11.0479534333989,0.104183642834435,0.0925474297446829,1.00577451078852,0.0079108765389752,0.0900351498206576,5.46618619625777,0.0541751357546211,0.0833386498063334,2.87912034358476,0.0507407073047609,0.0816238130298923,1.03813555048354,0.00146522519187387,0.08537493895527,3.01210229799636,0.0386200567085596,0.0611855893659475,8.01633751167032,0.0210858227607247,0.07952671706056,1.00288309926358,0.00174594500911355,0.0807437692458899,1.00288309926358,0.00329553224300532,0.0801780328523318,1.00867425853989,0.00507877021782005,0.288301714563889
0.0553789292440466,8.76687728828928,0.0943246175425471,0.0688671188629104,2.53425879720196,0.0100628725336133,0.0972371055105776,3.66345594042931,0.0568967362023513,0.095566150811012,7.6878815611784,0.111438853784221,0.0864967869207085,1.00577451078852,0.00181634548203875,0.0978132924938124,3.03823005207779,0.051459834707852,0.0960270785567222,1.73304445225245,0.0346367538360316,0.0918268885143053,1.00577451078852,0.00104035092483729,0.0929873742721917,1.00288309926358,0.00131346629075273,0.0965015716651427,1.00288309926358,0.00886263221278675,0.371852463517032
0.0671820926348401,12.59853592522,0.157919226361686,0.0773336433541339,1.00577451078852,0.00119667629677371,0.0954132649597515,7.06256146630704,0.0662322361133322,0.0798987891599653,6.22371231188418,0.071125824859895,0.088961345878633,1.0232988843187,0.00156756400068103,0.0895220969631315,1.52245910708953,0.0290036710302723,0.0839160264273048,8.1325652583707,0.0435430138293993,0.0842981474388901,1.017423759841,0.00190992822226157,0.0999627978616838,1.45392041663176,0.0282443014584134,0.0914308387268383,1.3686237465133,0.0120617059785674,0.412804148151282
0.0973718245091278,22.4280939258186,0.41283822471568,0.0996521244964197,1.00577451078852,0.0178005493922783,0.0968857635033073,6.0805937181354,0.066434738969845,0.0358910178505675,1.1,0.00368811726519866,0.0996338123314396,1.00288309926358,0.00109735627887664,0.0676822280281783,3.86942926293753,0.0257879146777685,0.0963036258282479,1.6984685687346,0.0342926100932486,0.0834514837931137,1.26991877487462,0.00252616401457376,0.0605132850699088,1.19198027101602,0.0102380172957928,0.099098842943063,1.00867425853989,0.00398477155623883,0.578688464259501
0.0818026148291986,17.4451908953138,0.26195400601991,0.0797419418240352,1.00577451078852,0.00295960808799017,0.0706813796068305,1.57144459943409,0.020862306156122,0.0915555899335096,2.73489404418948,0.0552557410748947,0.0949445797308929,1.0232988843187,0.00209998244505096,0.0914128605555096,2.87650223749675,0.0436453051792775,0.0560860043624834,1.61734325078285,0.0133055056844837,0.0940529524421952,1.00288309926358,0.00138397907853956,0.0519980030673404,1.11240149892777,0.00768369080463454,0.0859657972405755,1.00867425853989,0.00770059329941765,0.416850717830321
0.0901620425214959,20.704914205238,0.340761602211576,0.083557289858809,1.09650345009091,0.0129030035912578,0.0983950841849541,4.84363370723389,0.0644542466797584,0.0727894827766485,1.90311641163684,0.0295479851546298,0.0822685339106304,1.00577451078852,0.00184598752588955,0.0899622863647265,3.39924796097488,0.0451516214841244,0.0955795367810803,9.2308418493486,0.061312843123848,0.095787233941676,1.01158236655188,0.00301181805106065,0.0475112500549283,1.00288309926358,0.0027760781904999,0.0575123274504998,1.00867425853989,0.00146979393978575,0.56323497995243
0.0785923859014191,38.2529758583301,0.322666122660146,0.0881825234827159,1.00577451078852,0.00788783051965241,0.0778318645188665,3.89177332396176,0.0359880111469494,0.0642435873046872,1.59436488847441,0.0213524407797259,0.094415119511365,1.00867425853989,0.00173137524055265,0.0844356595983211,1.3490638599235,0.0242730290902857,0.076433792305759,17.2408685151293,0.0369051671385048,0.0742450461321208,1.00867425853989,0.00105871455904051,0.0781269873725016,1.00288309926358,0.00343919134831192,0.0865856071071681,1.00867425853989,0.00421856535471997,0.459520447837889
0.0774988345479398,9.3886686365594,0.156160064225494,0.0820061632201877,4.32921447906216,0.0160213661907143,0.0843141196133543,1.59882507273807,0.0278783398680045,0.0994689519970923,3.33993359973916,0.0737229563679692,0.0849701678380025,1.01449885892793,0.00120984329650138,0.0870867531020134,5.23515726431772,0.0476883427381415,0.062501825398092,2.67674439360146,0.0187348541740601,0.0777142418500045,1.00288309926358,0.00191016103778779,0.0693956686256035,1.09020803204812,0.0125298078058316,0.0679776594536553,1.00288309926358,0.00416221125352821,0.360017946958033
0.0737357168737474,16.3831182565332,0.21179710440138,0.048827244471719,1.00288309926358,0.0037433387910036,0.0915494114154478,1.70827639380871,0.033186523970403,0.0198095352032467,1.1,0.00112181886953082,0.0846501438180674,1.03217524340486,0.00145354458513213,0.093028507625504,10.6293480187976,0.0638374012735869,0.0649167004038345,2.74700667630971,0.0203728118153279,0.098811009336513,1.00867425853989,0.00214640435670493,0.0866653036287715,3.07341994620988,0.0275419246268132,0.0998962733602775,1.00867425853989,0.00289383658628076,0.368094709276163
0.0766840314581234,7.55730435850465,0.123805931622275,0.088236298687608,1.00577451078852,0.00601901295937078,0.0942656009395165,2.42714808378022,0.0439197978139066,0.0378786521452596,1.65465412107951,0.0116030455207495,0.0909328341800331,1.017423759841,0.0010421274137479,0.0911639877970056,1.295770630155,0.0260052766191044,0.0813968424872461,21.151020824465,0.043683735671205,0.0931655762559994,1.01158236655188,0.00297168466320439,0.0534321236923295,1.00288309926358,0.00433864321865208,0.0845573666907746,1.00288309926358,0.0023817342459968,0.265770989748212
0.0783759896895104,25.9436107071029,0.287372995772824,0.0867728005949704,1.00577451078852,0.00333645172679399,0.0816255654089322,4.17018228211692,0.040533224492284,0.0131561552456571,1.1,0.00121312697057939,0.0817653367993095,1.035151107089,0.001452234014993,0.0607872552408176,2.00136053357019,0.0174872367929734,0.0791828926960524,1.27358007675926,0.0205688157192299,0.0931790608076239,1.01158236655188,0.00322085540032134,0.0827377686616627,2.07768351923393,0.0224153734706903,0.0664729013687305,1.00288309926358,0.00405222273760263,0.401652537098292
0.0799750422396003,13.415264467696,0.215339270890865,0.0659849618336559,1.00577451078852,0.00225593479487797,0.0950931989147467,1.15150364314254,0.0242744997448517,0.0765736242116428,3.20906391729309,0.0480258521158308,0.0979789143025297,1.00288309926358,0.00202731478528116,0.0773661341064702,2.2008256876077,0.0281704915302927,0.0943020824179339,2.08367368705817,0.0374307652141388,0.0998424755430623,1.00288309926358,0.00230375039409805,0.0894070161229131,1.00288309926358,0.00780855275416227,0.0795135302925743,1.00288309926358,0.00316899820558766,0.370805430429986
0.0715140065249966,6.91716438467479,0.104302244380466,0.0912444498923753,1.00288309926358,0.00625846156952619,0.0982086450278272,7.10334430368878,0.0716601749113436,0.0404641501674696,1.1,0.00443874385455924,0.0814418928887926,1.02624915657849,0.00163341568361343,0.096771784052707,1.23387969717049,0.0267114212885921,0.0696736783055756,2.87650223749675,0.0236785635828813,0.0788768938294081,1.00867425853989,0.00151577992042805,0.0990926693797602,1.00288309926358,0.0165718813455558,0.0853147112660769,1.00867425853989,0.0094239039808083,0.266194590517774
0.0455300370614721,13.764451032765,0.088170823537941,0.0541777683221272,1.00867425853989,0.00392462264895106,0.0783473557177878,2.2456281019818,0.029858145840816,0.0834893677076604,7.09721158965675,0.0815849753183169,0.093891751746164,1.035151107089,0.00107353840238322,0.0769932378439661,1.27358007675926,0.0202875440764204,0.0971322304251511,2.87650223749675,0.0468148390296083,0.0899567579990542,1.0232988843187,0.00141382477842398,0.0617154472373158,1.441417191251,0.0112226102099005,0.0986658335371893,1.00867425853989,0.0018647692065923,0.286215693049354
0.0518244792761189,12.9264638237135,0.105619772374192,0.0802226861489024,1.00288309926358,0.00949487021517426,0.0844087114206801,1.09020803204812,0.0201206710042693,0.0627528886224775,4.84097532841822,0.0412303970160198,0.0770300376703829,1.00577451078852,0.00161870946498559,0.0935458725744757,1.86237664548846,0.035883562026057,0.0980360313969021,2.71555413295041,0.0463446641744881,0.0819353400858411,1.00867425853989,0.00170819518087374,0.0903648320227399,10.0346071582177,0.0360392856365448,0.0650323318321049,1.00288309926358,0.00344514075750875,0.301505267850113
0.0736755241606789,19.0596333781215,0.226540111615963,0.0947845531697937,1.16484078042324,0.0171097441603953,0.0908416812454858,4.3542135747773,0.0518568678415783,0.0378904167401309,1.1,0.00247924014746681,0.0954903404986388,1.01158236655188,0.00283504634127122,0.0834202971227683,3.16318819550752,0.037504535399316,0.0780000464231868,1.61734325078285,0.0233138643802714,0.0983890682434998,1.00288309926358,0.00150840251773409,0.0951045890098685,1.1715671660767,0.0226104672212991,0.0556881682241134,1.01158236655188,0.00321367968609322,0.388971959311388
0.0845389615318145,25.3577505002821,0.33135765627054,0.0960521086206822,4.3542135747773,0.0239257669842547,0.0477401270770656,2.07768351923393,0.0121727123801967,0.074066513785322,2.23945932144497,0.0351168287239295,0.0952188443486889,1.01158236655188,0.00163497483688104,0.0811514251110868,2.38558227120577,0.0319414879799097,0.0865327197010844,3.09116744284691,0.0377103176527079,0.0956150019278897,1.00288309926358,0.00149697417427464,0.0676193696763458,1.00288309926358,0.00425486474517821,0.0969975355608311,1.16819913201946,0.0134342541347504,0.493045837882623
0.0746522204505932,35.8216927504737,0.28530744524772,0.0839074636178163,1.00577451078852,0.00814879988658638,0.0800196949230593,2.66904925964653,0.0335728376799464,0.0736772320316042,2.02649023080632,0.0318804562316885,0.0923237173756807,1.00288309926358,0.0012758993250927,0.0937257095257532,9.47314366240347,0.0634129548777355,0.0784963692476147,8.86618796583124,0.0373997766719466,0.0898628374999752,1.00577451078852,0.00217399376984936,0.076266529439444,3.06458444505318,0.0205277706319726,0.0900556944965696,1.00577451078852,0.00842958677937379,0.492129521101912
0.0987489927533934,23.9503292451569,0.439723024495815,0.0684203927460807,1.00577451078852,0.00751121204674449,0.084315370375832,2.94352153037066,0.0386940305714447,0.0193108176938164,1.1,0.00321192672729953,0.0923772524313409,1.00577451078852,0.00157323776251397,0.0934482881086993,3.24621921773864,0.0482493960246607,0.0944243689247061,8.25047817477399,0.0588860087362055,0.0827013344026458,1.03217524340486,0.00202595816282377,0.0586060907722441,2.3787241732935,0.0114066719770848,0.0928624753033295,1.00577451078852,0.00610313241363704,0.617384598918229
0.0979939234164477,11.7306218016376,0.257313460628346,0.0758550147092803,1.00288309926358,0.00883071540144936,0.0757723740728647,2.39935784176774,0.0290242083443742,0.060152739021152,4.38060612071494,0.036852068047146,0.0988531986687101,2.55624161321588,0.00347219954591857,0.0983816590962939,1.46653209822205,0.0321566402676404,0.0818740640486284,2.33126636583218,0.0303750347942093,0.0983939960986677,1.00288309926358,0.00281819169450253,0.09005792869013,1.78880557933512,0.0254694417000874,0.095114922732382,1.00577451078852,0.00111768974296461,0.427429650166638
0.079418562366575,17.6455651880953,0.249835413442171,0.0945101405799898,1.02920793476607,0.0161820926300383,0.0814275557446473,5.94214829246472,0.0438007387257725,0.0792880744227158,2.82214994983042,0.0464180942715585,0.0887660733302827,1.01158236655188,0.00137751324164945,0.0860632643901528,1.3804955427344,0.0253542074347536,0.0859211311629754,9.97699489356779,0.0474717429913458,0.0931255096349628,1.00867425853989,0.00238431052488656,0.0787996264268304,1.00288309926358,0.0114402242025386,0.0657683641087177,1.00288309926358,0.00502994240414647,0.449294279868861
0.0902465984947573,15.3418398258396,0.286294291939679,0.0628340234078275,1.34131840233837,0.00757868323150717,0.077403758375458,5.85722521042959,0.0388586326034267,0.0595084146364827,6.81911928654524,0.0406994822113414,0.0881703621046423,1.00288309926358,0.00116697454196464,0.0922222458250503,6.61005466738882,0.0573446548820441,0.0906334614678337,1.05015961695978,0.0210619800871048,0.0946418854105458,1.53566531100084,0.00357380190482037,0.0972927117937955,1.00288309926358,0.014255787281726,0.0737406136099292,1.00577451078852,0.00438927410444148,0.475223562788056
0.0797011386026897,8.47159891112452,0.146261944930879,0.0981773540520477,1.00288309926358,0.0164251094299002,0.0783269572378597,1.2517695448338,0.0207920775529295,0.0896179236777907,6.51461715374576,0.0912157296264823,0.096704032038822,1.00577451078852,0.00113538887069351,0.0901884347548272,3.0557743442915,0.043500038713155,0.0827695871182653,1.04413027541975,0.0187290730379683,0.0752407091567038,1.00867425853989,0.00127035105949848,0.0889841674202755,3.13598584352336,0.0294485705055163,0.0901898223822665,1.00867425853989,0.00490307764741849,0.373681361374441
0.0615008480542993,34.4180799495182,0.190096086062642,0.0711221986779173,1.4455729400936,0.00984915239625127,0.0841290651693568,1.66458250694606,0.0286052018495198,0.0919292678684774,6.31319666590519,0.0953666722767944,0.0822965784619379,1.03217524340486,0.00142647768497028,0.0909357161847393,2.03623175886238,0.03618903246192,0.0741310835430896,6.59105201019205,0.0317284687339294,0.0910730636131746,1.00577451078852,0.00124911266983147,0.0753118782323063,1.50502732889567,0.0166546145234683,0.0532048060488685,1.01158236655188,0.00215328065547919,0.413318099314806
0.0984690442016637,15.2109927308327,0.325180689382178,0.0921958144875315,1.25537852068667,0.0166288701219804,0.0945362080503107,4.25507507288674,0.0564639408374493,0.0666832762797241,4.41828870957735,0.044474538999698,0.0859032467241931,1.02035709353375,0.00114235049940559,0.0885925361300485,1.441417191251,0.0273874673471608,0.0959663262806824,1.16484078042324,0.0249610120133332,0.0945356079479643,1.01449885892793,0.00340607163089671,0.0370414602189898,1.00288309926358,0.00410280711189841,0.0646663263284384,1.25537852068667,0.00541874263186132,0.509166490575862
0.0717320086275982,15.429695940481,0.196180129627451,0.0801146550908148,3.27437776251048,0.0145873837870474,0.0887374790061026,2.34472828861258,0.0384047574037612,0.0961780134028802,3.57681860996835,0.0741593457926979,0.0905553958062764,1.00867425853989,0.00252239822145139,0.0998939831639979,30.1383713644719,0.0846789261687305,0.0911146036733609,4.3542135747773,0.0469224830302857,0.0962035959780701,1.00577451078852,0.00342392397543423,0.0693159898096341,5.22010717715947,0.0179356686078185,0.0932928049519134,1.00867425853989,0.00452778589960911,0.483342802514287
0.075155936858317,11.6971772636284,0.178929357808625,0.0913348504500685,1.00577451078852,0.0130972771481626,0.0804203651281129,1.2267955530143,0.0211908129790359,0.0897332388676478,5.38036150303456,0.0842154773886274,0.0906832900285248,1.00288309926358,0.00120052405578495,0.0773648730430086,1.59422875299434,0.0238015112534491,0.0776853032358221,23.3260907272937,0.0390078764340299,0.0918290798632381,1.00577451078852,0.00293898996806947,0.090535608777865,1.51371812544339,0.0237769142797903,0.0807920234117476,1.13831921276723,0.00866610334399096,0.396824844659566
0.0915884348353799,40.7328114045861,0.459371601034608,0.090183025389771,1.52684850782001,0.0167800021728124,0.0849747144896865,1.3804955427344,0.0251896374342211,0.0751913785129269,3.51606702777443,0.0493011868846115,0.0891998240331468,1.0232988843187,0.00179027500493865,0.0938489638219211,1.12528574084121,0.0234787200079026,0.0586557267163937,1.20231981606127,0.012530065219653,0.0966254352722674,1.01158236655188,0.00114843803486322,0.0554004706832447,1.00288309926358,0.00327803094497761,0.0981290969993578,1.31834782642385,0.014202894205926,0.607070850944514
0.0799812848045962,8.47159891112452,0.146629835572714,0.0728871249101315,1.00288309926358,0.00329245741188334,0.0748041461017034,1.06232295058138,0.016974712184345,0.0660774696010911,4.33086212872399,0.0432656280881136,0.0998930645532094,4.36676720472819,0.00364288709523981,0.0900985380060375,7.00182581890258,0.0548927956358387,0.092336780271522,1.11560866287013,0.022823430324052,0.0750635176151509,1.00867425853989,0.00137719184319416,0.0555062542509873,3.11798102843626,0.0106610821960907,0.0600608520737998,1.01449885892793,0.00124514484205969,0.304805165193531
0.079508847012717,19.3336722306986,0.262402397025565,0.0531929927031454,1.00867425853989,0.00440504234967905,0.0962908135556816,6.8227347852315,0.0672252776564366,0.0906073788827875,4.19695949988935,0.0750833660419063,0.0974825941143079,1.51371812544339,0.00327090359759058,0.0838207939512416,8.44270511134198,0.0472285181121422,0.0604949158240226,1.00288309926358,0.00710379316495454,0.0923498558671906,1.00867425853989,0.00263629377343238,0.0922604558311185,5.11596107896008,0.0352538137539966,0.0825863630135681,1.00577451078852,0.00599326144622049,0.510602666921924
0.0481594232298465,6.55192356275547,0.0628209555381611,0.0914250014260626,2.02454102487246,0.0185993152306128,0.0942574276870421,1.5896456468007,0.0326728767908056,0.0912790769234071,4.48181473572415,0.0790554290485882,0.0994826700428389,1.00867425853989,0.0017704887732638,0.0825027077711866,14.257340102472,0.0483017337706445,0.0907416541923179,3.55949057200184,0.0439478963700869,0.0746866223691616,1.00577451078852,0.00143306177007314,0.0683809034019777,1.01449885892793,0.0118510644397419,0.0873798059155959,1.00288309926358,0.00959688705123405,0.310049708783212
0.0511009948842055,7.77618405325504,0.0776627688693432,0.0648879983580303,1.00288309926358,0.00576121457384723,0.0912259730190378,1.41265954868704,0.0282730441275259,0.0739458573179978,1.82854599488715,0.0289027855038791,0.0877739848994154,1.017423759841,0.00149106950076589,0.0905611818461396,2.30457394564778,0.0385587331957876,0.0693992577621289,4.37935702804035,0.0257750600736869,0.0984946873499128,1.00867425853989,0.00215219294205546,0.0758214751916295,2.38558227120577,0.0193585651367999,0.0826289416499894,1.00577451078852,0.00548967689520074,0.233425110818892
0.0610230282218202,36.1298359806739,0.188273464991245,0.0873498075081591,1.84105289600553,0.0164383630534516,0.0533363392731462,1.10601480450688,0.0110801744562346,0.0457315161549392,5.09626710418737,0.0238946264490467,0.0962299517640673,1.00867425853989,0.00208277008848969,0.0929915167877872,37.2943387037601,0.0694691922430319,0.0987357461440168,2.23917234584048,0.0425422837091814,0.0780900216986458,1.00577451078852,0.00163040582518323,0.0917869585793109,1.14160110005127,0.0209138979791607,0.0672609129576354,1.00288309926358,0.00420956431948685,0.380534743114512
0.0979906569657011,10.4945186167053,0.230166546207622,0.0897860739768491,1.37256962462899,0.0162242510303383,0.0885365791656389,2.1944987299355,0.036897141065936,0.0634646267336074,7.53575813894876,0.0471001535660513,0.0969812476045545,1.00867425853989,0.00149885881638056,0.0855040222399989,7.2688443008963,0.0486420737705971,0.0793148514706155,17.7955976561148,0.0403791764754677,0.0987476613385566,1.00577451078852,0.00269935160913343,0.065336714858141,1.01449885892793,0.0109386883380626,0.0874564145907869,1.00577451078852,0.00745555081980529,0.442001791699394
0.0747858129697033,16.9058163200043,0.22033275789519,0.0540911249661002,1.01158236655188,0.00416344794703845,0.0866389421260976,2.43414579263315,0.0375773615351487,0.0769347976839737,3.57681860996835,0.0517071319596989,0.0983228642359722,1.00577451078852,0.00155692894223532,0.0900708375978939,2.44116367657533,0.0392299713681426,0.0973079378010937,5.07196553857306,0.057102051109286,0.0972851475976824,1.00288309926358,0.00110264064528034,0.0884985546204324,1.00288309926358,0.0139711899693719,0.0602103154715714,1.00577451078852,0.00422418661731288,0.430967667988705
0.0954407300699627,18.1566278288002,0.350259168673016,0.0523979537087745,1.00867425853989,0.00391224947491165,0.0862654563141584,2.09570588324384,0.0343983717297305,0.0994842843189454,2.56839221845836,0.0573027593942835,0.0969493566286506,1.00577451078852,0.00121019245780178,0.0830303541684958,1.89482624889294,0.0296206521116859,0.0666027072840257,1.88394737445416,0.0189812296853903,0.0874895143180255,1.01449885892793,0.00158262388693224,0.073923928186792,1.00288309926358,0.00137462509538641,0.0901531926743879,1.00867425853989,0.0064015023290245,0.505043374838163
0.0924138553518054,40.7328114045861,0.472277576023014,0.0836333698473662,2.11997911696849,0.0151887985387039,0.0693799555504146,2.91820823764409,0.0262437249305192,0.045250045333671,2.12727612240018,0.0171651140534699,0.0866313373545416,1.01449885892793,0.00227477675995078,0.0950423903714336,1.11882507338448,0.0236581717623727,0.0935264027064742,1.7683242002651,0.0334981791032832,0.0880666705411442,1.00867425853989,0.00104968712364375,0.0569848977558542,1.00288309926358,0.0010473593154083,0.0538151958044488,1.01158236655188,0.00103521334959079,0.593438600959957
0.0959286140976515,32.1386444762772,0.473409103064806,0.0835792382871358,1.00577451078852,0.00371890402396831,0.0739234710820111,1.05926897298544,0.0166923295812316,0.0993992058186306,3.41709873272244,0.0749924779881447,0.0763674051605289,1.00577451078852,0.00154124847772656,0.0645303378301407,1.47925317679908,0.0170258567548042,0.073858629565371,1.36468921205103,0.0193229655360251,0.0935487640503988,1.017423759841,0.00208608129642204,0.0836947830723728,1.23033252636976,0.0185831949798109,0.0586593382714941,1.00288309926358,0.00219824674169331,0.629570408444633
0.0660492283431553,6.25935283404939,0.0853629109278817,0.0975677099287476,1.15815301335288,0.0181529978483733,0.085581137040316,3.61109912366059,0.0429680194736327,0.0976418889371445,7.57891218295399,0.116023220742127,0.0993540791006663,2.21353437928443,0.0035179203152457,0.0911808519241988,32.5745345994639,0.0656042702884439,0.0963876630010734,33.3334849128322,0.0701556761071516,0.0756345806301296,1.00288309926358,0.0010793917774421,0.0689559451460661,3.16318819550752,0.0166727211461208,0.0603524765025012,1.00577451078852,0.00360383804750205,0.423140966673921
0.0815820518321009,15.2544839606464,0.241899988314464,0.0684092343441121,1.00577451078852,0.0075325904716668,0.0955880161791751,6.8227347852315,0.0660088599828633,0.0805980736266675,3.56662093690583,0.0557737357567037,0.0898520665763468,1.00867425853989,0.00129553506988714,0.090790113913608,1.29950646550457,0.0259632534730475,0.0769056518795239,2.57100265798945,0.0278243599666371,0.0877752406036123,1.017423759841,0.00255116033047697,0.0918921562278232,1.00288309926358,0.012759603426514,0.0888184273393008,1.00867425853989,0.00964166461360579,0.451250751405866
0.0732584480340337,8.76687728828928,0.136895739836083,0.0842782415861841,1.00577451078852,0.00717852855977487,0.0866775746116364,1.36076598863131,0.0255585138086274,0.0414648005928031,1.14485939027731,0.00919030471239256,0.0981610018065329,1.01158236655188,0.00168820629482413,0.0699350843191467,1.44974067037263,0.01905340730063,0.0495933779063354,1.00577451078852,0.0088232760103361,0.0944475572177869,2.97761447568876,0.00367491036871491,0.0602849236209323,1.92229906736858,0.0115621797815438,0.0965902641634789,1.00577451078852,0.00866408653051082,0.232289153203438
0.0633855872124904,8.94385316128989,0.115068426188569,0.0691173901876337,1.00577451078852,0.00662177472342173,0.0930828719944953,2.21991621862324,0.040597766154594,0.0626939460199789,2.04392238427935,0.026103160793333,0.0865532325093296,1.00867425853989,0.00200027604292453,0.0890171951045621,1.11560866287013,0.0219387101144558,0.0973531621743885,3.99392909131044,0.053126185722901,0.0954366166893028,1.02035709353375,0.00193147122477417,0.0923636783054758,1.60343464412786,0.0254614242513816,0.0798813081398637,1.00577451078852,0.00387940125480434,0.296728596471159
0.0958739640230843,10.4050132320787,0.222808155150604,0.0956467418299954,16.7998856852757,0.0259313653725669,0.0834403781870662,6.42246765119551,0.0470167404281424,0.0493419411746919,1.96944971323423,0.0184388108211677,0.0936455680428314,1.035151107089,0.00266910971565774,0.098716558679544,6.01097243209366,0.0666976038357616,0.0592354549660428,1.47925317679908,0.0140126202968126,0.0819279115803874,1.00867425853989,0.00234956457324513,0.0981030588717704,1.19541686845759,0.0241748698522854,0.083062055061233,1.27358007675926,0.00944355031409272,0.433542390360336
0.0646192203735265,39.6994719371337,0.215255773321147,0.0928298835852907,1.00288309926358,0.0077273100399602,0.0586772580245095,3.97099851752979,0.0203622502788141,0.0615783412554497,4.54625413722128,0.0389797960244078,0.0790669051049839,1.00288309926358,0.00144719672441086,0.0848457802136029,7.52435222533039,0.0481289520394685,0.0917807538705066,1.23743709481674,0.024921446790034,0.0921668726296322,1.01158236655188,0.00204508985997377,0.0770593324738493,1.00288309926358,0.0116936739118635,0.0884261047040673,1.00577451078852,0.00842527204575779,0.378986761035837
0.0513737430065866,5.34972592480631,0.0547337465983463,0.0764072285965297,1.00288309926358,0.0017749632048153,0.074029707543129,5.99369202303595,0.0353038996338319,0.0532750906151737,1.30181848059981,0.0138976487292063,0.089492156981307,1.01449885892793,0.00140780649059409,0.0953713736182807,2.77083492243083,0.0466186064016087,0.0485656897532986,1.00288309926358,0.00458985735871611,0.0854729729126297,1.01158236655188,0.00182215960453998,0.0807644891848133,6.09812467340626,0.0260277796026159,0.0995633578150145,1.32214875407135,0.014787199905754,0.200963667530029
0.0739746085673351,40.7328114045861,0.287810109887811,0.0948463285849241,6.78356302734552,0.0243231786789832,0.0763174103918897,1.8199732981517,0.0257256840297738,0.0910627355043265,6.0140906175269,0.0910175073496421,0.0854493582045427,1.00577451078852,0.00113599400567551,0.0865057764803311,1.10920355497526,0.0210863243890317,0.070231364352687,11.8241026687353,0.0293670260030278,0.0877579072090918,2.44116367657533,0.00295151146050923,0.095216914845425,1.45811221351425,0.0258180849531107,0.0840886107150442,1.00577451078852,0.00524518455054295,0.514480605308108
0.083204900555593,13.8038063144168,0.233494290045738,0.0475969693884996,1.00288309926358,0.00170783832689454,0.0982740333995263,1.43727338940046,0.0316991050392017,0.0826656669318725,3.39764189966745,0.0564608407027413,0.0986906640822751,1.01158236655188,0.00102044820752221,0.0947583305926324,38.9401481423545,0.0737579445898995,0.0588232552361271,1.00288309926358,0.00121676729760124,0.0733884129611135,1.02624915657849,0.00129457931964891,0.0840084200464806,1.00288309926358,0.00898375259023004,0.087790401281815,1.00577451078852,0.00418585890034693,0.413821425019824
0.0482807523007355,9.57819653499228,0.0822481126749983,0.0699704966425983,1.00288309926358,0.00220970021174098,0.0886501756951311,1.29204553462562,0.0252018097802967,0.0911310529400726,2.60532048683325,0.0525583796358981,0.0792805897874372,1.00577451078852,0.00139709495116144,0.0952703909517039,1.41673238639154,0.0298474856515959,0.0794006548761012,1.54898606893921,0.0234293195629265,0.0915573018903229,1.00577451078852,0.002089887452754,0.0803500648033429,1.3490638599235,0.0179623337236551,0.0690563578871796,1.00577451078852,0.00399368143831502,0.240937805083342
0.0651513587347454,11.6971772636284,0.143779220715789,0.0699875122062328,1.52245910708953,0.00966545652117617,0.0787387219078867,1.54898606893921,0.0245120223239669,0.097705855893383,3.27384489569646,0.0706405766786821,0.0979537782717111,1.14160110005127,0.00326042554100289,0.0966339111896963,5.19013667692469,0.0609673670929504,0.046306103853463,1.25537852068667,0.00886059998188876,0.0975342409549467,1.00288309926358,0.00309847785290139,0.0716065828883716,1.59422875299434,0.0153468301946781,0.0798231544706142,1.00288309926358,0.00651305757296003,0.346644034475996
0.0799939150430387,28.344528388905,0.30796565129595,0.0984397059749755,28.4520477169552,0.0285173500637862,0.0664520812418805,5.17521601544173,0.0274623209664403,0.0858137672229008,6.42227783049206,0.0831130786285473,0.0765019615870984,1.00288309926358,0.00146927471107327,0.0951595619244956,5.10125365829453,0.0582693501918225,0.0940912410747763,27.1711817270042,0.0649970225256969,0.075471041118778,1.00288309926358,0.00119682030798602,0.0883448497381409,3.32185250376586,0.0295048887662409,0.0903779775283844,1.00288309926358,0.00122401627999584,0.603719773737539
0.0926113844607904,19.6116512059019,0.348155842556321,0.0757223913040838,3.13598584352336,0.0127165295405758,0.0893989138856978,1.50936647207927,0.0291538233584226,0.0996700652422102,3.70148895917212,0.080202223680819,0.0836970553556722,1.035151107089,0.00107603583387304,0.0773656880842084,2.1944987299355,0.0280342559975473,0.0960855604917632,15.189566737098,0.066354533414506,0.0735448884234222,1.02624915657849,0.00170077294251604,0.0870674969593991,1.00288309926358,0.0111140312287625,0.0760550247429807,1.00577451078852,0.00640312288318168,0.584911171436525
0.0940714636058145,9.55088865963059,0.199245275186138,0.0835984503433578,1.00577451078852,0.00369144767644607,0.0974571537485396,5.89104782059798,0.067013902974765,0.0974912849564086,2.87091184011475,0.0626109510484646,0.0986151037558072,1.00867425853989,0.00140412627729897,0.0363288734925792,1.07462716439149,0.00616556071190128,0.0682243840559299,9.66598933399762,0.027338082076628,0.0976061224648484,1.00577451078852,0.00170463980180624,0.0916162170107092,1.28833114804146,0.0224455266344646,0.0764741806518141,1.00288309926358,0.00283530875526623,0.394454821143179
0.0963279771480449,27.2338957015877,0.444611781644094,0.0634920625597898,1.65979714701382,0.0080171647682604,0.0807567224336217,2.85176528809274,0.0350338346953668,0.0963884803673188,3.29259279658316,0.0695143439955148,0.091690693907687,1.02035709353375,0.00263453720619353,0.0729803533371796,2.15071639511557,0.0250426481945992,0.0496788342564582,1.00288309926358,0.00823348783601709,0.0738791104750485,1.00577451078852,0.00178320574579209,0.068513831717468,1.57597523020146,0.014073964500542,0.099276565889944,1.39247031798524,0.0147677003161142,0.623712668902494
0.0687594346263136,7.26118409383141,0.105293950019135,0.0726354381971447,1.00288309926358,0.00870367639598858,0.0713295554345844,4.98510624458552,0.0317881819526271,0.077371198868785,1.86014012020565,0.0308988320112522,0.088334399185478,1.01158236655188,0.00211366422148629,0.0819084338569927,30.2252632807581,0.0492531637247722,0.0926956506749556,3.38947576589033,0.0452445902930633,0.084525231960277,1.00577451078852,0.00241631101252805,0.0888621965054066,1.21274904899342,0.0205307819866739,0.0970300344427667,1.00577451078852,0.0117572436546459,0.308000395272173
0.0896035930444704,16.0131536761013,0.291203869363952,0.0574428467584587,1.05318733137807,0.00606370835630506,0.0980902675667381,4.29198469417562,0.0614212472667411,0.0745289971426619,2.84642647991256,0.0424968142140591,0.0839896686697328,1.00288309926358,0.0016172501485373,0.0737903408007204,1.4963864293158,0.0212487273863716,0.0785815563264063,2.90145376159538,0.0303323880805111,0.0834581512379189,1.02920793476607,0.00138675388366778,0.0511889373294286,1.00288309926358,0.00421590012845924,0.0928800984719792,1.00577451078852,0.00746886287908454,0.467455521707689
0.0871471851592301,24.1563533398129,0.344557334746904,0.0887834438743766,2.2071708865269,0.0176648339922885,0.0780492424390362,3.74881037659201,0.0357506224992414,0.0990802817261596,6.36750366996198,0.110931846692892,0.0865694483496032,1.0232988843187,0.00121854067362662,0.0465802180403124,1.06232295058138,0.00870154251383874,0.0563773812061066,5.48194575365476,0.017227942352186,0.0967085992258893,1.00288309926358,0.00301075466286323,0.0796728591707496,1.18513668643434,0.0167086451290176,0.0797663255244189,1.00288309926358,0.00304159442042642,0.558813657683285
0.0925327966761315,40.2702697862705,0.470990649883384,0.0949260362093549,14.298445429222,0.0251780189685449,0.0754971864051231,1.16149208345279,0.0185724830320849,0.0907458790476278,3.03095250452391,0.0597230374826467,0.097783540401493,1.00867425853989,0.00106348535662883,0.0950486373184895,29.3674992776149,0.0733198131833552,0.08377280933646,1.34131840233837,0.0233182998958885,0.0858874751880574,1.0232988843187,0.00183587723634583,0.066595614567244,1.48351801054375,0.013063809974361,0.093278644300406,1.00867425853989,0.0103350858987567,0.697400560911997
0.0518332440664409,7.01661917236442,0.0729527388956848,0.0704627348872794,1.00577451078852,0.00489723164997225,0.0430634786863229,2.54156531687388,0.0107734947722831,0.0305598708311933,1.1,0.00599151380475218,0.0925842958576773,1.00288309926358,0.00107676294047026,0.0802718151253701,1.23387969717049,0.0209986410503086,0.0992690770129303,4.98510624458552,0.0594167123762765,0.0933157530190767,1.81474121907939,0.00348608888412411,0.0890771492144726,12.4171951294921,0.0353854516798242,0.0932045650968371,1.00577451078852,0.00918769208357852,0.224166328137275
0.074103154315153,50.1720214418779,0.29792804396842,0.0793143755747748,1.00288309926358,0.00404909049329982,0.0827600115600082,2.76286929599819,0.0363593999011034,0.0826675025204479,7.36558518686128,0.080746701250069,0.0957101239466591,1.02624915657849,0.00304169611897792,0.0947366276903029,2.54156531687388,0.0439602428322319,0.0940292243460032,2.71555413295041,0.0425953704217195,0.0990058938159696,1.00577451078852,0.00162171895262312,0.0948945611276788,2.49804006667886,0.0319973198730483,0.0862660167338136,1.00867425853989,0.00352083126431038,0.545820415075803
0.0901691957912873,10.1991247557003,0.203211756205966,0.0806265365284667,1.00577451078852,0.0111142041566479,0.0846108463559412,1.79396288338358,0.0302481544448582,0.0352064108845441,1.2086802484851,0.00821209129629579,0.0771829245949893,1.00288309926358,0.00140468261708314,0.0851725053299931,5.3417298504113,0.0455359267266217,0.078158858179184,1.1028352210931,0.0181647655215121,0.0755539829848428,1.00867425853989,0.00144304518430923,0.086009526184081,7.81129753947542,0.0313156750889879,0.0806875722015459,1.00577451078852,0.00411282444251063,0.354763125684793
0.05535378158463,11.2709771098404,0.109783710833029,0.0925681907844444,1.00577451078852,0.00205201531748448,0.0901752152742889,3.97099851752979,0.0497687459912698,0.0949063006863551,7.21983918174495,0.106955057050639,0.092422397245962,1.035151107089,0.0026983859301637,0.0884078718318548,9.36467852310833,0.055024800396241,0.0535174665155917,2.31788173275986,0.0135891867638217,0.0945441881528104,1.02920793476607,0.00180605493964812,0.0530163864832503,1.02920793476607,0.00774665611201427,0.075151860583032,1.47925317679908,0.00770468631244434,0.357129299646755
0.0873237748462882,25.7958887529382,0.355706716591086,0.0715026918965188,1.35295334494457,0.00987605633162451,0.0794030431006119,1.86774606222357,0.0279127644773594,0.0837713525719114,4.96698130844082,0.0713481228708622,0.092683563277797,1.00867425853989,0.00249207322139186,0.0868898512449305,2.00136053357019,0.0330340898671137,0.0475433478973121,1.23743709481674,0.00917656382904649,0.0842734876403063,1.00288309926358,0.00160955286006208,0.0961661484808518,1.00288309926358,0.0187397717491633,0.0997575774130844,1.00288309926358,0.0102677751632472,0.540163486960957
0.0998201795538373,27.7836630028175,0.4825259741162,0.0950656701798461,1.00577451078852,0.0113265920023768,0.0962491790962656,7.87905475386486,0.0695165559865901,0.0979474208037914,7.75401379770222,0.117886269021552,0.0860261267107738,1.00288309926358,0.00177055985774698,0.0990797337047543,1.92784124639408,0.04030550678622,0.0738949246630584,1.47500060364494,0.0202613068618371,0.0965695191080274,1.00867425853989,0.00257919471974048,0.074761948925058,4.17018228211692,0.0206427370220153,0.0752883357998547,1.00288309926358,0.00456899962834498,0.771383696002624
0.0641353304888721,32.4151056081438,0.202933688608836,0.0695808638523221,1.00577451078852,0.00167556183913246,0.0914746887391077,6.98169689372975,0.0596358392926687,0.0974585665117735,4.38060612071494,0.0873148465216649,0.0961483117809116,1.00577451078852,0.00108772269081852,0.0804240414920354,5.10125365829453,0.0396600698899639,0.0990087297437176,2.68446171339143,0.0470789462396877,0.0910756500381547,1.00577451078852,0.00155443329668099,0.0784549873993719,1.18855355314224,0.0162653708735151,0.0880663068892094,1.00577451078852,0.00340432994604245,0.460610809199011
0.0729500327398045,13.8432741205849,0.189561970754242,0.0474542730972817,1.00288309926358,0.00121935359749117,0.0627831292177171,1.73804099143649,0.0181066663238444,0.0732893490496582,4.81341099500101,0.0544607014507113,0.0992583446683213,1.01158236655188,0.00106618267307131,0.0992337019704064,1.39648494813358,0.0310508986619636,0.0953093759485991,2.76286929599819,0.0442247752906405,0.0868591601761942,1.00288309926358,0.00227747176181006,0.0562462489317752,1.32214875407135,0.00926946374191282,0.0718121442433421,1.05015961695978,0.00661131553966929,0.357848799795356
0.0814767059065024,10.5245245163215,0.184318586181561,0.0849625137167694,1.00577451078852,0.00684776744566822,0.099614036737407,4.19426304469508,0.0628335493355704,0.0630044628848604,3.75470885942281,0.0377948348879914,0.0893440020856135,1.00577451078852,0.00175923288071777,0.0797531458672814,8.54049161663095,0.0419951861563492,0.0489073700137314,1.00288309926358,0.00776668481886757,0.0904403895770546,1.01158236655188,0.00286975827937872,0.0940336483067867,1.04112859832463,0.0204547043597871,0.0974224238229349,1.00577451078852,0.00320007160882505,0.369840375954716
0.0732022884393232,17.4451908953138,0.214830149916297,0.0586665403411969,1.00288309926358,0.00419130634566371,0.0819202004914759,3.6740180475533,0.0393294298808529,0.0837987248029736,4.0556011405327,0.064192486197719,0.087329037405611,1.017423759841,0.00126069182470973,0.097339880420632,5.01389279437678,0.061169466483951,0.0900148928863022,1.6741946565908,0.0302864121832639,0.0857454698755789,1.00288309926358,0.00230840813077885,0.0668312396635619,2.60078095318014,0.015104622123451,0.0934910875332149,1.00288309926358,0.00579818211021551,0.438471155196903
0.0407096987836679,10.9537279279222,0.0685288948441216,0.0945846523310429,1.00288309926358,0.0149906451239668,0.0892376850694909,3.21830282695794,0.0449996346042467,0.0864066690509114,2.31751588681121,0.0439214039446315,0.0896156762614236,1.00867425853989,0.0020087625442489,0.0923812798094542,7.45964533309522,0.059316987929582,0.0544962555884173,1.86774606222357,0.0132771732857067,0.0885660131828239,1.01158236655188,0.00260293745509119,0.0897790705556575,1.15482354244809,0.0202850260164527,0.0911057191325548,1.00577451078852,0.0107941973341551,0.280725663082203
0.0436027159792106,13.0376590803266,0.0810860075883075,0.0590244499474087,1.00577451078852,0.00119925876237949,0.0873643456781663,2.25859550568368,0.0366244573277134,0.0690342158154964,4.78600361187276,0.0487210827618884,0.0943401633278103,1.03217524340486,0.00164927060625359,0.0816536899319551,2.2008256876077,0.0309851619844446,0.0901039610859048,1.74305193613896,0.0312130765056907,0.0885714976887529,1.01158236655188,0.00187079346172578,0.0815122686903485,1.00288309926358,0.0128634162022647,0.0881579118427431,1.00867425853989,0.0102375114989654,0.256450036699634
0.0813178623819037,39.6994719371337,0.35122959557833,0.0994334161708767,1.21274904899342,0.0193102532773163,0.082940063472848,2.21353437928443,0.033036908123898,0.0669791030164842,2.52476856627454,0.0334902332867842,0.0938820427006017,1.02035709353375,0.00153224920703125,0.0973802814485278,3.59036651349369,0.0545149214231172,0.0754090954298951,8.6145740489714,0.0337639773969435,0.0949122240111704,1.035151107089,0.00180080561470409,0.086636057999044,1.00288309926358,0.0101443605100323,0.0594074419151255,1.00288309926358,0.00197875796053613,0.540802062378693
0.0687635147962339,8.04722368011515,0.116615813160579,0.0898993858830719,1.66458250694606,0.0171594096687155,0.0863362904752529,1.45811221351425,0.0269671969836724,0.0849653740479594,5.79496028477088,0.0780259659958411,0.0816871638675274,1.017423759841,0.00103441092074261,0.0767489712106493,3.16318819550752,0.0316212143551183,0.0913921673192714,2.23917234584048,0.0367172451910372,0.0916461232250488,1.42081696649143,0.00325963617947552,0.0622799773113719,1.00288309926358,0.00180249505852291,0.0739125660179472,1.00577451078852,0.00191513082681837,0.315118518340523
0.0467773043313955,7.45018580439511,0.0670935432442993,0.0827662686298611,2.16313573014221,0.0150189761436825,0.0937995846504671,1.30701047960937,0.0272467644175717,0.064844762655602,3.0051021935558,0.0354395671144067,0.0800220924280912,1.00577451078852,0.00186377042288197,0.0806202439820356,3.78132852701561,0.0370842153560094,0.0928157579609736,4.06351835261943,0.0479591351604305,0.0863807410269379,1.01449885892793,0.00228660884732949,0.0848530112643385,2.18818996107018,0.0239814406788053,0.0602641106437636,1.00288309926358,0.00319216556969269,0.26116618695511
0.0775929362190268,7.3866448483668,0.122374488844565,0.0954373520664817,1.00288309926358,0.00820611506758691,0.0491786826782052,2.84356700216288,0.0138529971603297,0.092380486759465,3.14556478799882,0.0632117828134939,0.0853306367972174,1.0232988843187,0.00179734955450897,0.0478978677473232,2.53425879720196,0.0123467816407814,0.0952187268026626,1.9841495077581,0.0371054741977538,0.0811517999975886,1.00867425853989,0.00204656644467972,0.0965823504038042,2.48369792620856,0.0333149849786542,0.0873635711249807,1.00288309926358,0.00619670714867561,0.300453247851029
0.0694796165203256,30.2683228212936,0.235223163636341,0.0875782430831865,1.62668261683323,0.0161053723686891,0.063116017118963,1.50502732889567,0.0169655007880433,0.0683089041635941,4.8826180778385,0.0481402390117632,0.0920075495284543,1.01158236655188,0.00247335065290447,0.0695210549556819,2.43414579263315,0.0239407373178829,0.0959658317002296,1.35685404373703,0.0285975794942317,0.0887047397253219,1.00577451078852,0.00284117473551791,0.0916095413272565,2.9350594625955,0.0309912243998503,0.0868252566332344,1.00577451078852,0.00868853732701613,0.41396687973224
0.0743400756981538,21.7968004380749,0.243515246734092,0.0990884938268354,3.75961856902805,0.0255523414941504,0.0896959699095047,2.92662172166501,0.0437046443041961,0.0738438956778084,4.9105787304373,0.0557534233495217,0.0993896264923425,1.00577451078852,0.00144911149711505,0.089898878492302,1.20231981606127,0.0238172228312694,0.0944261159589444,6.31248050684326,0.0557774638384571,0.0946548439556572,1.20578622343754,0.00356623510956728,0.0899450937955749,1.12528574084121,0.0200967472207933,0.0670999385361362,1.00577451078852,0.00198844895209029,0.475220885331253
0.0798122986068529,19.667724786681,0.265776557472542,0.084302543420754,1.08394875824941,0.0130649224078986,0.0894552161931587,7.54604567969013,0.0576009521552665,0.0714528796223979,3.47614031324007,0.0450369392849955,0.0802449552559377,1.00867425853989,0.00104988566062463,0.0627249808104087,3.85830538552188,0.0221459808400618,0.0554717817797286,2.69996316651677,0.0150113908821267,0.0776302173343521,1.00867425853989,0.00169676422172748,0.0877390239101955,2.25210247070889,0.0261406746238037,0.0974397962112442,1.00577451078852,0.00889811076322811,0.456422178312275
0.0970514389515848,23.9503292451569,0.423542705359086,0.0810966726950078,1.75817161928149,0.0137344279569326,0.092119386757217,1.86237664548846,0.0356527347943963,0.0765878045826642,5.47332488271493,0.0624252690930898,0.0986875333571028,1.01158236655188,0.00221602207585278,0.0866148220789651,2.27163778979815,0.0352989517777592,0.0724583717572928,12.3814980416064,0.0319083413705243,0.0985005179551507,1.25537852068667,0.00395402079792077,0.0682835780234806,3.95958264771409,0.0167432234554327,0.0903482578343599,1.00288309926358,0.00706836293209722,0.632544059613092
0.0800926915043178,8.16292642738106,0.141473077002977,0.089111251413746,4.53329627591397,0.019750336607825,0.079685992679542,1.5850757161707,0.0253627222371375,0.0688370608812726,1.84954855156553,0.026889998825782,0.0858635338112496,1.00577451078852,0.00152800680226784,0.0967898040061802,1.36468921205103,0.0294237705746409,0.0653897700759137,1.18513668643434,0.014662095524058,0.0993523434698944,1.00867425853989,0.0033408698384717,0.0698493934494473,1.00288309926358,0.00565763509788098,0.0887852126782688,1.1988633739507,0.0109397414277861,0.279028253938827
0.0938502369110102,14.7406956275529,0.295122542045711,0.0990955185137948,1.00288309926358,0.0100017789656532,0.0645031928221194,2.91820823764409,0.0228232429192254,0.0943063873930103,5.48897419860979,0.0935138283268125,0.0972163597954651,1.00577451078852,0.00155651617195087,0.0898855421641199,2.63090415150101,0.0404223628484088,0.0954339704281225,1.05318733137807,0.0224245236537916,0.0816132782144178,1.10601480450688,0.00237902422582211,0.0780160213237185,1.99560700049668,0.0196487794045186,0.0629626779109498,1.00288309926358,0.00174253145017787,0.509635130012072
0.0538852728350377,11.4004347971132,0.105864883860409,0.0531571046689197,1.00577451078852,0.00321065385091645,0.082254541136049,4.26734287669584,0.0416851466273778,0.0656949823534687,4.82717348686961,0.0445187497596249,0.0994466805068643,1.00867425853989,0.00171476435407766,0.0685672602010358,1.03813555048354,0.014755374839478,0.0631191976443156,1.16484078042324,0.0137308821103083,0.0945681421860351,1.00288309926358,0.00317236899003051,0.093745428663237,1.5896456468007,0.0261577331486186,0.0769554242100365,1.00288309926358,0.00754859267701654,0.262359150217858
0.0507551421063072,16.8576170662859,0.112516736896174,0.0821212844969757,4.3542135747773,0.0160752712772915,0.089050993057548,3.92553157195246,0.0483926924066076,0.0732097963366655,6.27724955896459,0.0596663258956715,0.0877923606089987,1.00577451078852,0.00230730825954841,0.0881343002029758,1.14160110005127,0.0221528846391208,0.0985384839529666,11.2918003500854,0.0689675052622899,0.0730529346521733,1.00288309926358,0.00152369242338507,0.0808337578445877,8.89175006582625,0.0267683912722878,0.0901074123896029,1.00577451078852,0.00175264707615919,0.360123455408536
0.0996881763153006,10.6454084991609,0.238333755095216,0.0860660366548633,1.295770630155,0.0144354396853277,0.0929404397568812,6.22226476776323,0.0603481355257406,0.0923567378314781,2.76630685378413,0.0565454538617809,0.0830677399708375,1.03217524340486,0.00120688576910653,0.0872041541161177,2.51246502599404,0.0375196863102289,0.096094421428642,1.32214875407135,0.0280798843600524,0.0858961356250127,1.01158236655188,0.00253590121536182,0.0755553371891497,1.46231609576324,0.0165080744410518,0.0815539586634453,1.00867425853989,0.00117844942767655,0.456691665691543
0.0682578815466058,13.415264467696,0.167476522030376,0.0764776262795862,1.42081696649143,0.0114937123868817,0.0710637093423233,1.32214875407135,0.0188619196253383,0.0733347515480102,4.7587522853644,0.0546008738214135,0.0948858339161642,1.00577451078852,0.00137395688592482,0.0861596035199962,4.21848286189654,0.0438454133511584,0.081484302702671,1.29204553462562,0.0216929539514066,0.090914292101659,1.0232988843187,0.00102118667584838,0.074183645226704,1.09335121002246,0.0141327123330666,0.0944580609245492,1.52245910708953,0.0133058763748687,0.347805127436283
0.0926943864218494,11.4657201812567,0.235765613076837,0.0663363806654425,1.00288309926358,0.00563132128752694,0.0931443516119239,1.7230944249062,0.0342135607825283,0.0661734894405646,2.36429929483371,0.0314356405764768,0.0860582985590246,1.017423759841,0.00176988476265411,0.0966512495794106,1.91677282105974,0.0384986963938417,0.0818697775683482,3.59036651349369,0.0351429373043477,0.0808763859146155,1.00577451078852,0.00133513647831368,0.0601789416965709,1.79913505645155,0.0113375604086832,0.0612269912547914,1.00288309926358,0.00148211570890296,0.396612466780112
0.0757878621388749,24.8559857741412,0.264594411837375,0.090167690469279,8.15601225127809,0.02125971174625,0.0732284890328431,7.83381828565906,0.03583094423412,0.0940883917571405,3.18169453421804,0.0653143693449972,0.08995301912054,1.01449885892793,0.00209798242290654,0.0941587980307269,19.2895159816518,0.0701197962665008,0.082828233477261,1.47076025583445,0.0243584572757488,0.0800801872790857,1.00288309926358,0.00116020730153331,0.0866585450465229,1.25537852068667,0.0200484979565617,0.0723837329858294,1.00577451078852,0.00401548087177723,0.508799859257771
0.063146661396914,6.27724955896459,0.0819829096822444,0.0792126176802307,1.41673238639154,0.0124216888912717,0.0911834956798245,3.22758151346831,0.0471594727647359,0.0894987967627137,6.15303891946655,0.0893298921534036,0.0998597172882877,1.3804955427344,0.00351702657716104,0.0857932410828148,2.45526020256225,0.0359335984728129,0.0776253138967712,5.40359972355987,0.0341828564868735,0.0932516964994838,1.00288309926358,0.00126535727839253,0.0809382430463687,2.11997911696849,0.0214862892812894,0.0529461725730362,1.00288309926358,0.00144869569457848,0.328727787282764
0.0580354577154487,8.66732497484296,0.0998897781253065,0.0622081329182598,1.00577451078852,0.00352115432710898,0.0674232588136137,8.370100693918,0.0302233187238707,0.0942045503307786,2.36429929483371,0.0495217920726829,0.0865160970422693,1.02035709353375,0.00168216354495695,0.0849779001364436,39.6186319317599,0.0548206378477289,0.0937090275191157,2.67674439360146,0.0422698589177239,0.0823505300699461,1.035151107089,0.0024137006398269,0.0920603711218582,2.11997911696849,0.0282966087749093,0.0963686673017597,1.16819913201946,0.0131923535289764,0.325831366503091
0.0659973894796809,38.0351648369497,0.222734455099795,0.0860370107118637,3.62151028088471,0.0175909403130679,0.0984147395175104,2.51970871206025,0.0483333630788351,0.0822486954244312,2.11516349130204,0.037906095893299,0.096552479508806,1.04112859832463,0.00218349732636838,0.0864312833408248,10.5076446271293,0.0524703412130722,0.0983575681950231,2.63090415150101,0.0459580540575205,0.0853378038208962,1.02920793476607,0.00264541675251042,0.0998257503984543,1.50502732889567,0.0286733870321213,0.053351558729908,1.00577451078852,0.00155435373868937,0.460049904505279
0.0991983412357076,25.0698004534085,0.451876604464995,0.0867698339806735,1.00577451078852,0.00624896561696815,0.099190956394505,1.42081696649143,0.0316731262471329,0.038934808544247,1.1,0.00674785261925567,0.0804264196499559,1.00867425853989,0.00164563660625255,0.0990924385684127,3.68461060628057,0.0571764965746662,0.0934702278751616,2.47655776434198,0.0404254038967369,0.0848056381591857,1.035151107089,0.0014818497982461,0.0999212873614793,2.46943812909056,0.0361215008312601,0.0795005659215392,1.00288309926358,0.00544942411757041,0.638846860773084
0.0621684122117293,18.5761147913694,0.164849286856842,0.0755795513510444,1.00288309926358,0.00738980897298621,0.0994605170986501,3.78132852701561,0.0601813385723616,0.0353907346656429,1.1,0.00617970668545677,0.0965303493684653,1.01158236655188,0.00126358169002995,0.0491718874331068,1.017423759841,0.00916472463721273,0.0944489504747118,1.56242237457588,0.0313139552321422,0.097870322780627,1.00577451078852,0.00171143813377982,0.082078612018969,2.66904925964653,0.0235315207502822,0.0826888933564636,1.00867425853989,0.00425534373656351,0.309840705267657
0.024256576287567,4.82717348686961,0.021740701889637,0.0764057488417831,1.77342245446464,0.0119779713849093,0.074559839146788,5.40359972355987,0.0355394256575069,0.0710457104952734,2.75841998672107,0.0387186341925957,0.0811871490499957,1.05926897298544,0.00112767177419691,0.095624861440522,2.99480874260266,0.0487581321185409,0.0832357535133325,1.24817094410403,0.0219234163746703,0.0974233206094232,1.01158236655188,0.0021973958750017,0.0905208463774298,1.01449885892793,0.0189916291924742,0.0541459067706103,1.00288309926358,0.00222833183098829,0.203203310290521
0.0915208094064974,11.9333067416398,0.240136231224686,0.0940964607065092,1.00288309926358,0.00613346526164377,0.0991095911721208,1.84105289600553,0.039499950776875,0.0513593940254135,2.76630685378413,0.0236499863779506,0.0994872563218641,1.00867425853989,0.00104050529430835,0.068810350312531,2.90981894079874,0.0248203071236288,0.0577574840814222,1.00288309926358,0.00788586137171443,0.081284148121035,1.00577451078852,0.00180820303816247,0.0858435063350369,1.40051115285914,0.0207461134565843,0.0843185586227194,1.00288309926358,0.00155521287747344,0.367275836803027
0.088267947570182,11.2709771098404,0.217796115776996,0.0985958481016874,6.27623830106248,0.0265860188088514,0.0645769276878205,4.20635552139048,0.0249596733095052,0.0818920035450583,5.86152081000249,0.0728260885335105,0.0832903949744827,1.00867425853989,0.00191555593434313,0.0465324597662087,3.11798102843626,0.0121771503510056,0.0979680394929836,1.12205075712963,0.024642191204213,0.0999774754953164,1.01158236655188,0.00117033118671961,0.0505102013884931,1.00288309926358,0.00498936597208275,0.0803544808329077,1.00288309926358,0.00440067789357852,0.391463168970806
0.0956629278388883,45.4007404100416,0.528479619906341,0.087304493501548,2.23273514877728,0.0169864631642941,0.0899187088399445,1.55793070570556,0.0300754498346336,0.0525251184880555,2.85456497490604,0.0248059640273442,0.0957306077198064,1.01158236655188,0.00272625810948588,0.0946245453374013,1.97275779657863,0.0379512385963434,0.0474596480247363,1.00288309926358,0.00482733838920548,0.0856136245789059,1.95579274466099,0.00274793982664476,0.0821467638590939,1.00867425853989,0.0160729454887031,0.0919009051849466,1.00867425853989,0.00138612553794169,0.666059342880937
0.0656983700459649,7.66596306005962,0.10546788681282,0.090863752405087,1.00288309926358,0.0115565584447916,0.061158896148757,5.84038679556032,0.023442849644826,0.079037229374033,2.61276961221489,0.0435185572448356,0.0935019078014107,1.14489244934213,0.00289265107733073,0.0980732443141148,2.18189932872234,0.0430041887952095,0.0565345225768586,2.51970871206025,0.0153142099322777,0.08508816426416,1.01449885892793,0.00123173488731903,0.0840196810438393,1.00288309926358,0.00463943301381271,0.0991336365841833,1.00867425853989,0.00930473183294197,0.260372801686165
0.0996253151995562,41.2006657449125,0.564307030572892,0.0989576135906483,3.97099851752979,0.0256968906502519,0.0971599150099239,2.15071639511557,0.0428889587644834,0.097635960761595,5.55202018817461,0.100371152369162,0.0831611651428969,1.02624915657849,0.00120864945896126,0.0844625040220504,1.52684850782001,0.026557413639442,0.0999975494614332,1.88394737445416,0.0390814039442494,0.0915767835980784,1.00577451078852,0.00268161640600818,0.0916695275272854,1.25899790157518,0.0221571314670598,0.0755534290572014,1.00577451078852,0.00422039552165797,0.829170642794168
0.0390315739513245,9.36190111388404,0.0601371717891639,0.0999542458087934,4.71974439753259,0.026876096608807,0.0503578469326358,2.15691712397049,0.0134810646520597,0.0838071500389471,3.48607928434492,0.0586022286536544,0.0930809929044951,1.00288309926358,0.00146665625018716,0.0771658665139828,4.53329627591397,0.0350540332094063,0.0901320246338316,7.39549489831676,0.0514683637206815,0.0899467399656313,1.0232988843187,0.00215675815312882,0.0780226428177936,4.73335188912938,0.0231869631205539,0.0706651157250164,1.00577451078852,0.00500201804249377,0.277431354200136
0.0707344252392504,14.203601369527,0.183520412789691,0.0787561370642761,1.66458250694606,0.012741358872761,0.0755015019434715,1.08707389011608,0.0175405239038906,0.0828599646300659,2.17021918370868,0.0392586403038382,0.088772661110124,1.01158236655188,0.00235025070448035,0.0908658969629278,8.17952684419346,0.0577578642130346,0.0459532321437569,1.00288309926358,0.00333109455879843,0.0855580343300027,1.02920793476607,0.00157755628971204,0.0872514718116128,1.09335121002246,0.018694930363978,0.0817870700836,1.25899790157518,0.00907815128102636,0.345850783281211
0.0624560130997023,8.86757305293207,0.111964646202479,0.0836383635016904,1.97275779657863,0.0149885685073205,0.0833239398261722,1.96143148928283,0.0311997330179456,0.0966723575908462,2.45370278782627,0.0529344923319443,0.0942329252846027,1.02624915657849,0.00129510421250237,0.0868859817564256,1.61269369477906,0.0288075565983325,0.0954686784068144,2.28475538672293,0.0404962273688431,0.087226914325863,1.01158236655188,0.00123268187152427,0.0924906194243296,1.00288309926358,0.00464674315134754,0.0716609948014042,1.00288309926358,0.00501915517256457,0.292584908434804
0.0706499279311092,23.209827249928,0.225998224266655,0.0497549851357982,1.00288309926358,0.00134828025276273,0.0507921730411323,1.03217524340486,0.0099014914866154,0.0884797048488447,3.30200696911832,0.0614440308589362,0.0970769352472473,1.01158236655188,0.00240948093988596,0.0749130747770788,1.28093437865255,0.0195572802921321,0.0686297443409978,1.12853005133194,0.0152693969354326,0.0921688217467415,1.01158236655188,0.00189542748607448,0.0600017908802341,1.00288309926358,0.00686111862598662,0.0734555895869517,1.00288309926358,0.00499544837181751,0.349680179516299
0.0682088958458782,15.9674994443117,0.182589595287763,0.0785283298021102,1.00577451078852,0.00656108834085568,0.0994511951606493,7.56780167843215,0.0750225459950195,0.0953837230619676,5.94579758517769,0.0993402113473238,0.0996107189809227,1.00288309926358,0.00204680534935939,0.0875804641720192,1.73304445225245,0.030773071262956,0.0929030888118563,2.39935784176774,0.0392538146575806,0.091933057922751,1.01158236655188,0.00245736232199175,0.0951979797684485,6.33068001474387,0.0397894671435032,0.0911471171139394,1.00867425853989,0.00360091276318133,0.481434874469534
0.0575878036676198,25.7223434970713,0.157382204506335,0.0799516482894049,1.14160110005127,0.0119425312979603,0.075077107731995,8.76467231833321,0.0385014348820407,0.0803066972397054,3.93020909662063,0.0585356246508121,0.0882587960916719,1.02035709353375,0.002378871987084,0.0881486336993198,1.92229906736858,0.0331674928416183,0.0834326361337457,35.4109260457599,0.0474874565993448,0.0977141476461899,1.01158236655188,0.00217240702284842,0.0950408745924139,1.67902152597229,0.0276397816238554,0.0943216315191274,1.00577451078852,0.00505507136515461,0.384262876777054
0.0983777286073165,30.8793457293841,0.48978150315792,0.0756738503400905,1.00577451078852,0.00936115914263786,0.0721247739444912,1.06232295058138,0.016188513355,0.0986518436589528,3.0051021935558,0.0662560935113441,0.093165280083881,1.00867425853989,0.00240837296295453,0.0537000550593618,3.4784466459882,0.0160800150853377,0.0453837794772702,2.85998721049474,0.0106074489901719,0.091069433796736,1.00577451078852,0.00108183604695288,0.0745193720589095,1.02035709353375,0.0137273074633128,0.0986927547809244,1.00867425853989,0.0117846072718208,0.637276856987453
0.0919419461440292,32.3226886629966,0.431372056472967,0.0736528136783879,1.00288309926358,0.00578505399575876,0.0646841436305884,3.26496454563336,0.0237440916161064,0.0450112415508465,3.58704544019047,0.0212119262709138,0.0925987628781311,1.017423759841,0.00148752662568302,0.0655184016785492,1.295770630155,0.0161718662645105,0.0988841768513211,5.02834834499989,0.0593853060217636,0.0750689016815532,1.00867425853989,0.00117423609576426,0.077458746565432,1.83576021707557,0.0187628280025716,0.0781200071600316,1.00867425853989,0.00145615314191546,0.580551044507954
0.0528327728530759,9.63304674477083,0.0939568087837684,0.080323934661935,2.50524216415549,0.0142200127946513,0.0611727242732656,7.10334430368878,0.0240138019111735,0.0710571155772084,6.40396762335729,0.0567732066101333,0.0856500065947136,1.017423759841,0.00107572482931753,0.0819187463643491,1.19198027101602,0.021006401870495,0.0786685504880878,1.31077872056062,0.0208187465427483,0.099821191105634,1.00288309926358,0.00287397308673214,0.0732934861685748,1.00288309926358,0.00626698657521696,0.0574540114463141,1.00577451078852,0.00396507989018185,0.244970742894418
0.0800353071142927,8.0702322805811,0.139509546145046,0.0647079316536651,1.00288309926358,0.00208211958449673,0.0858100770002346,2.35148837301477,0.0362985623548942,0.0373109746241781,1.1,0.00748727160569787,0.0846450651584513,1.03217524340486,0.00202775796932058,0.057903235524555,6.02830266228601,0.0201371923846607,0.0818931784521597,5.19013667692469,0.0381002067042699,0.0957361466011823,1.00867425853989,0.00145344155921042,0.0812817224717895,6.38559396992509,0.0264296065691046,0.0958029200658051,1.00288309926358,0.00893679640841108,0.282462501285112
0.0424713558992383,7.30276577043746,0.0584525298516919,0.0901428111265994,1.00577451078852,0.00298808364267808,0.0556711052460484,1.31455782572457,0.0130138792840487,0.0880385785601543,2.90388694099229,0.0551649113012024,0.0991060058071228,1.00577451078852,0.00138349073934945,0.0430078358332923,2.14453349218355,0.00990883788060054,0.0918057743691206,5.40359972355987,0.0505639217958057,0.0885455685842977,1.0232988843187,0.00223046162851588,0.098095804552517,1.90028922105573,0.0310340394140874,0.057255722971335,1.00288309926358,0.00403280960132383,0.228772965139304
0.068522021321221,21.9216213343848,0.20861396425524,0.0819064250931591,1.00577451078852,0.0100944424155577,0.0782438645867582,1.54009278652809,0.0241542214532934,0.0791960991186344,2.53922682937203,0.0426572057815174,0.0776946625158989,1.00288309926358,0.00160208689335253,0.0950478654865443,4.21848286189654,0.0550421815067767,0.0869813176892073,1.12528574084121,0.0213481435498974,0.0984706021497738,1.00577451078852,0.0036168551210566,0.0803525836120955,1.00288309926358,0.00629481116416848,0.0978345441411259,1.00577451078852,0.0110950693632659,0.384518981504126
0.0803862910874998,13.2251141621628,0.215414712901602,0.0818515777702557,1.00288309926358,0.00867231762336607,0.0985005527903008,3.62151028088471,0.0578994122518708,0.066319580111836,6.04853072645486,0.0487352216799966,0.0831399227059131,1.01158236655188,0.00207238226223827,0.0939611032540612,1.82522046182733,0.0356339133129882,0.0711692415353641,3.4784466459882,0.0258309455276752,0.0909549041131452,1.01158236655188,0.00170096594021772,0.0929126264107424,1.00288309926358,0.00309482268705828,0.096925072177648,1.00288309926358,0.0109372116378715,0.409991905824885
0.0472678917363878,8.9950707595437,0.0770453735587395,0.0948707325613632,2.23917234584048,0.0208325659172774,0.0514476173632462,4.73335188912938,0.0163710300577751,0.0390934100210513,2.12727612240018,0.0140221631689334,0.0980170502710732,1.00577451078852,0.00274396080127437,0.0899180445877864,29.1988899724563,0.0633087764181329,0.0833778813861968,1.4920846013006,0.0248612440767783,0.0976220519643991,1.00577451078852,0.0013563701127019,0.0438387630070984,1.00577451078852,0.00119848669907629,0.0765042688537217,1.53566531100084,0.00807673964602807,0.229816710456717
0.09997742955913,17.3954538600703,0.368025809035408,0.0774218316793167,2.15691712397049,0.0128046556798665,0.0834841359212719,2.18189932872234,0.0330978069171176,0.036684626094823,1.44686836056378,0.0101231769845899,0.098370978444887,1.17494491051044,0.00332386527520904,0.0966528153071985,2.60827926283097,0.046619420133864,0.099127311118867,1.47076025583445,0.0321327382451361,0.0903473891045792,1.00577451078852,0.00269628799874059,0.0985683360141105,1.00577451078852,0.0214728174328488,0.0868531830860868,1.00867425853989,0.00387435216471228,0.534170929867493
0.0911239022134685,38.8029760290526,0.450309179229829,0.0973538672577953,2.96905439714284,0.0234281309921816,0.0476686760812577,2.23917234584048,0.0124135721721702,0.0994114170063537,4.9246190440357,0.0973592146860792,0.09311948910046,1.00577451078852,0.00125692871680845,0.093288520498716,1.58051892322707,0.0316994329781441,0.0822082530765761,2.91820823764409,0.0332338435883331,0.0889557116692057,1.65026765861521,0.00303784849333301,0.0840799461303983,1.55793070570556,0.020886504800878,0.0666662783202434,1.01158236655188,0.00556969211316396,0.679194347770921
0.0842983692018115,12.0016436540992,0.215536662077087,0.0880237262576724,3.08228092099346,0.0183994695809401,0.0969443621562045,3.19062650772569,0.0530160682444245,0.087654743794068,4.95282021809367,0.07741998779425,0.0843994390124049,1.02920793476607,0.00144969233252847,0.0992604223618101,14.8010516157109,0.0786945917350202,0.0821589327543136,1.53566531100084,0.0246969892743527,0.0999483522864067,1.68386231169735,0.00422002970424883,0.0995256009639619,1.53125056362849,0.0287479099864668,0.0986623040297811,1.00867425853989,0.00499542588586088,0.507176826615179
0.0966968891240396,19.4443878517207,0.373686696887504,0.0803738769929202,1.00577451078852,0.00795524229932479,0.0831431731188808,1.03217524340486,0.0187223000562159,0.0826153985862619,2.65791377090027,0.0469408954078701,0.0899084508638682,1.01158236655188,0.00203578258056442,0.0778966035592974,2.52697328239242,0.0301135157939565,0.0510463082692428,1.28093437865255,0.0103985669267635,0.0917786333451968,1.00288309926358,0.00164513215412473,0.0891871054994583,2.04210241714683,0.0262154874462105,0.0950640567005744,1.00577451078852,0.0107249401627246,0.528438559715259
0.0436486372213282,11.0164552140568,0.0761431872198781,0.0967980400494311,1.00288309926358,0.00747509044516878,0.099909637071983,4.67915618701786,0.0659102990666855,0.0317623141398811,1.1,0.00414535299805103,0.0828257324682347,1.02920793476607,0.00124877753663468,0.0759120370196624,11.0665182039154,0.0384486492097132,0.0991159103964726,20.5507751252155,0.0732919239882352,0.0847167490793667,1.017423759841,0.00194439767515667,0.0961182119829396,1.26262771749805,0.0241420371032039,0.0942856969078073,1.00288309926358,0.0070701905957525,0.29981990583848
0.0925680785314745,22.4922202721046,0.374314603809138,0.0782289347760509,1.00577451078852,0.00794771493296956,0.0812471850065577,2.00713065465068,0.030224204156793,0.0959791012967528,3.37829585309602,0.0705622621263764,0.0893946949403993,1.00867425853989,0.0019258142890671,0.0974808107151115,3.54925770971272,0.0543330125688719,0.0937430262456295,2.22631645743836,0.0384857349711847,0.0981690192341661,1.00577451078852,0.00252980518602681,0.0861929462179833,2.46943812909056,0.0256428549981106,0.0932148920286281,1.00577451078852,0.00891102596100819,0.614877032999546
0.0949728700423774,14.0824620538428,0.290225565871512,0.0705965422697788,2.38558227120577,0.010495287637406,0.089181204333119,2.88479547897935,0.0429655900789163,0.0634736164811678,4.77235849719631,0.0418315575025891,0.0967416886948952,1.00867425853989,0.00183187787456192,0.0851016014082961,2.27818714703702,0.0341953822684496,0.0890001047733839,5.46618619625777,0.0469224337075454,0.0987642998962288,1.00867425853989,0.00113135246566682,0.0924844004821255,1.58051892322707,0.0252933601048925,0.0940041987949542,1.00577451078852,0.00374525966666248,0.498637667178202
0.0344605724749248,8.61797354889383,0.0487876874446503,0.0648871452361195,1.00288309926358,0.00243140217837225,0.0763997231312926,7.14436264200497,0.0390763945477346,0.0625615634838534,4.06719690448821,0.038470285342361,0.0893495896918412,1.00577451078852,0.00202134730774247,0.0654593726948984,2.23273514877728,0.0208520767746489,0.0964883610599883,2.95200799512719,0.0468184003341587,0.0886366824133937,1.01449885892793,0.00271348369478193,0.0670480824084029,1.00867425853989,0.0114387130832565,0.0910448197568718,1.00288309926358,0.00410391088797745,0.216713701595684
0.0850836178521288,25.3577505002821,0.33440871443797,0.0690015857444123,1.00288309926358,0.00614508642352782,0.0916722758956769,1.16484078042324,0.0236861080946917,0.095872879684578,7.91054312005742,0.113754039491857,0.0940656530571063,1.00288309926358,0.00261234349151026,0.0904420829912996,1.80952418124502,0.0332912394189745,0.0921555665603949,2.49085867387056,0.0395201724182593,0.0887305658806742,1.02035709353375,0.0017511949796865,0.0654921690027053,1.00288309926358,0.00269536280802015,0.0772913448257201,1.00577451078852,0.00583306241047389,0.563697323974971
0.0834593127916189,13.2629273732738,0.229194116036605,0.0750630272222822,1.00577451078852,0.00138855710329849,0.0850230725936121,1.05622377499757,0.0196280622682953,0.0862013495421413,3.37829585309602,0.0599956382803577,0.0996723503151088,1.00577451078852,0.00164954018066619,0.0868146498265181,1.8463608342542,0.0314869631005622,0.0913253015339325,2.27818714703702,0.037160069257168,0.0899454710043745,1.0232988843187,0.00298994298168819,0.0993247947408707,14.9724828208773,0.0482912443189894,0.0801454758915783,1.00577451078852,0.00779708669208336,0.439581220219714
0.0705977624774039,18.7894788001833,0.208817408924296,0.0462149499426546,1.00288309926358,0.00181769745916668,0.0865761867835699,2.82724106811333,0.0402257996549647,0.0229174833264448,1.1,0.00315108756923918,0.099908848565652,1.00288309926358,0.0026942266542924,0.0775040824018856,4.65229147967714,0.0355193070005571,0.0811883894607746,4.61228334151361,0.0366677806204845,0.0961844522821207,1.00288309926358,0.0021893373423529,0.0438580813417525,1.00288309926358,0.00434067360704915,0.0979230588867199,1.00867425853989,0.00362295786223749,0.33904627669464
0.0779273801599897,15.3857051733181,0.224588745949097,0.0658604752479621,2.49804006667886,0.00907733669004377,0.0516145496626091,1.55793070570556,0.012571878289534,0.0823102325886178,2.02649023080632,0.0362194536354325,0.0907552801328678,1.00867425853989,0.00161188021809357,0.0940027129175863,1.13178371549186,0.0236530426646378,0.0773461964252338,3.02949571521225,0.0296030922906237,0.0828380810969379,1.00288309926358,0.00217933625268287,0.0886181477440861,2.67674439360146,0.0279247328278828,0.0573775313885961,1.00288309926358,0.00408784197937654,0.371517340797405
0.0654280818508179,7.21983918174495,0.0990629497761607,0.0782301188194677,1.00577451078852,0.00117585150382937,0.04053688861415,1.47925317679908,0.00846191433008736,0.0967636048755019,7.77618405325504,0.115009584203573,0.0996143187524844,1.00288309926358,0.00300871112960615,0.0700856738576441,8.39423252506469,0.0310979528358653,0.072824230179082,1.43314150019665,0.0194325014504208,0.0972687413319782,1.00288309926358,0.00323836416121025,0.086615314142487,1.00288309926358,0.0129126818943713,0.0806423701993494,1.00577451078852,0.00166173148151026,0.295062242766635
0.0731445756188923,47.2522399854351,0.288687235011558,0.088400000972385,2.07768351923393,0.0173713809698764,0.0622658748984642,1.65502554408647,0.0174474169895006,0.0991683689790651,2.68844239023807,0.0599204176867067,0.0944681165118284,1.01158236655188,0.00152775930159809,0.0975516258623909,1.87313095952011,0.0385263870704635,0.0650882568404832,1.7683242002651,0.0177552215493053,0.0828272278587884,1.01449885892793,0.00172046278474327,0.0804055443469106,1.00288309926358,0.0107434307151235,0.0880163100809835,1.00288309926358,0.00409601321627597,0.457795725295151
0.0796817238604105,9.74369127370705,0.167358135993573,0.0716982137872784,5.40359972355987,0.0117694619629391,0.0952255900964473,2.73123512958793,0.0474037667764671,0.0998114204773524,4.52036793530198,0.0928160533598263,0.0870596758086155,1.01449885892793,0.00227828850659374,0.0760932841920871,1.32978351631576,0.0205576133316997,0.0888793465220303,1.37652687910296,0.0259455289442423,0.0983597079784563,1.00288309926358,0.00383436603166516,0.0871086537920461,1.00288309926358,0.0172247949442116,0.0900958871343168,1.00577451078852,0.00989427612246979,0.399082285973688
0.0966637424364192,19.499983193564,0.375241847173503,0.0849181047656666,3.61109912366059,0.0170823485715075,0.0865242550890517,1.19198027101602,0.0226439757901397,0.0753631204169801,5.28897708863523,0.0596561420384394,0.0806260905658288,1.00867425853989,0.0010587331998244,0.0878712816845785,3.54925770971272,0.0436473215874555,0.0807494059944463,2.13836836392825,0.0285726996654942,0.084212340420039,1.01158236655188,0.00112710615153144,0.0831666467626222,1.3490638599235,0.0191704846355993,0.0817669772350692,1.00577451078852,0.00290777197155015,0.571108430785045
0.0826754852626288,28.6700917412485,0.331916883120887,0.0602487279882368,1.00577451078852,0.00463557981287204,0.0836113270493556,1.16149208345279,0.0212099400003743,0.0846054031257168,3.97535121475189,0.0645953321462555,0.0953602769657253,1.40859841962076,0.00308929950108104,0.099430014980236,32.7626366009394,0.0843307118867126,0.0858067890048833,3.68461060628057,0.0393830747940036,0.0925103639089269,1.00288309926358,0.00304915040148667,0.0799808639033423,1.02624915657849,0.0155315210398843,0.0974940799918446,1.00867425853989,0.00425205828637707,0.571993550989934
0.0951482555931601,21.9216213343848,0.389603467981837,0.0768290829131745,3.6424227310724,0.0134669328395705,0.0900364880741521,6.0805937181354,0.055700218068414,0.0975306482138484,2.78214830271322,0.0608371502957545,0.0898626682741535,1.00867425853989,0.00139111977685821,0.0847121470950362,2.07171057200942,0.0322119478517715,0.0921341004061117,1.06232295058138,0.0217096084892597,0.0983110190641664,3.41887695499837,0.00409142926797759,0.0399723229135025,1.00288309926358,0.00310963076416653,0.060032945513247,1.00577451078852,0.00296926389264031,0.58509076922825
0.0583843606247977,14.3667429823903,0.133993380063181,0.0942157785506392,1.00577451078852,0.00280195871106056,0.0985790457644444,4.50726900243269,0.0634397699793232,0.0685166881499271,1.54948759419741,0.0221513947116885,0.0838423213416104,1.03217524340486,0.00170780114494044,0.0394933994831599,1.14489244934213,0.00713897918989668,0.078641662173072,9.6938573407282,0.0379307331604649,0.0851271759188208,1.02920793476607,0.00131908596180712,0.0762901137498662,1.00288309926358,0.00357408218046595,0.0753611327811085,1.00577451078852,0.00282501445331099,0.276882199556139
0.0523529202522826,30.2683228212936,0.136333259281268,0.0766583258480753,1.00288309926358,0.00688741642731735,0.0916577613155684,1.50502732889567,0.0300693600891042,0.0892034802033749,2.85456497490604,0.0553716240225358,0.0954667119150267,1.01158236655188,0.00168978303409097,0.0666322912550171,1.23387969717049,0.016024951462904,0.0933947804928223,4.3542135747773,0.049923714983702,0.0999280426012252,1.00867425853989,0.00266923965349282,0.0933943758255962,1.07462716439149,0.0207724757687015,0.0870784721918437,1.00288309926358,0.00111064549848673,0.320852470221603
0.081809722542364,13.6860767606747,0.226741831570532,0.0904950437818819,1.00577451078852,0.00332244020534055,0.0833763281730042,1.81474121907939,0.0297465789214541,0.0863252739455043,4.66458880516092,0.0730949926835133,0.0873227376254076,1.017423759841,0.00121540715373355,0.0891159163046665,7.18561784115829,0.0538459252430496,0.0896172959642985,1.10920355497526,0.0219342285772625,0.0955340224841909,1.01158236655188,0.00294561005256838,0.0924325369257813,1.00288309926358,0.00864789390500608,0.0954181321441258,1.00288309926358,0.00657180246364258,0.428066710776103
0.081014518239656,13.187408758242,0.218100751424629,0.0564902387516143,1.00577451078852,0.00400331688365787,0.089510696975977,1.6984685687346,0.031829287733443,0.0856232553485173,4.28168300485197,0.0687763111093161,0.089980866529724,1.00288309926358,0.00216456173062719,0.0686810324966842,4.0518365057735,0.0268089018893618,0.0840487829642936,1.30325307163827,0.0228905830377354,0.0899630145847924,1.01158236655188,0.00281454371176935,0.0608609945091121,2.16313573014221,0.0121005423026587,0.0814654842501042,1.00577451078852,0.00706216132625609,0.396550961149455
0.0665426087719359,21.7346567654668,0.197436931534134,0.0732432076255428,1.00577451078852,0.00480475254384237,0.0722685950480271,1.93339940407185,0.0242241404585319,0.067332020137155,7.51427334864795,0.0528491018771803,0.0950560866156464,1.00288309926358,0.00257477752113365,0.0364770896206293,1.24100474879353,0.00659112255257618,0.0720274302330002,1.26626799854054,0.0177320561611948,0.090534341250191,1.00288309926358,0.0013586404308993,0.081972680566961,1.00288309926358,0.014867532093647,0.0846315480288705,1.00577451078852,0.00336941732115042,0.32580847249429
0.081090851761884,14.3667429823903,0.230258614995107,0.0776751754480705,4.69264665877481,0.0141192597297296,0.0848893867522749,4.23064516672908,0.0445165749927842,0.0881796771206256,3.19991472963955,0.059663844211405,0.0991813290660677,1.00867425853989,0.00223377500772651,0.0897474322507623,4.31676880609627,0.0483527418974826,0.0830720611738727,4.31676880609627,0.0378678062088114,0.0755323892409429,1.00577451078852,0.00144647897715027,0.0759822210990963,1.00288309926358,0.00890403324217288,0.0541559953781157,1.00288309926358,0.00178584482846452,0.449148974090834
0.0835369777469605,26.3918716150519,0.326847885781937,0.0955804973840322,1.72806227717372,0.0199271185249651,0.0794824441199114,5.89104782059798,0.0413043893359567,0.0630385831605095,7.79841769794335,0.0468809334784032,0.0760271866174736,1.02624915657849,0.0011583496394467,0.0856922844395991,8.1325652583707,0.0499314166852305,0.0946543648431065,3.31230280598519,0.0470696764274767,0.0923514459557006,1.00867425853989,0.0018154772738167,0.0966356684222225,2.95200799512719,0.0353411514164545,0.0826622361648705,1.00867425853989,0.0055832381205135,0.575859636684201
0.0991431740369192,35.924114038768,0.528638511981182,0.0997302944445983,1.91126246166401,0.0227694418863344,0.0907264658256694,3.59036651349369,0.0485286977237713,0.0507622267358354,1.79748848976398,0.0179316141395869,0.0828595282825424,1.04413027541975,0.00189271334921645,0.0807144424155945,2.2071708865269,0.0305503575013443,0.0599295427772642,3.74881037659201,0.0185583812010954,0.0927857895761682,1.017423759841,0.00211505989040247,0.0902690616735636,1.56692699337341,0.0241396798209669,0.0763607367853426,1.00867425853989,0.00103127016613504,0.696155727660035
0.0999048985854727,13.1123201433946,0.293419505596342,0.0831801532249685,1.00288309926358,0.00121237318235403,0.0764912381980209,1.36076598863131,0.0214395412425263,0.0561035185800774,2.11516349130204,0.0230541500963464,0.0981091811936644,1.01158236655188,0.00183545387399578,0.0969895037798217,1.46653209822205,0.0315311729223018,0.0949773680885567,24.8512842698056,0.0664483363066091,0.0825185190425505,1.02035709353375,0.00217361926348196,0.089166724877989,2.54889290196729,0.0280734529743983,0.0970801077411456,1.00867425853989,0.012748538044253,0.481936143502609
0.0602406526580094,6.81911928654524,0.0849283140619136,0.0987493817706373,1.00577451078852,0.00485182889873956,0.0766067329331741,1.72806227717372,0.0251035532699009,0.0734741030687441,7.36558518686128,0.0631738706449382,0.0911761184081629,1.08394875824941,0.0026855080025926,0.0842061697926068,3.56975293664868,0.0398099043897588,0.0685768844048017,2.57841511385935,0.0222983450589751,0.0864600393812451,1.00577451078852,0.00199631521568691,0.0783746008156346,7.72186012504483,0.0246159533001062,0.0791476491579153,1.00867425853989,0.00529326560187759,0.274756858444489
0.0543172643139624,27.311762783483,0.143458739576056,0.0821882296500224,1.00288309926358,0.010065294957443,0.0992485717873469,4.69264665877481,0.0654613899049317,0.0770229036105964,1.83901729092319,0.0304162140184779,0.0938467564036743,1.00577451078852,0.00100105088895086,0.0954122015243842,1.46231609576324,0.030739466479577,0.0972104676159919,2.5933041997516,0.0447156237889954,0.094488040071657,1.02624915657849,0.00257097564654422,0.0914361666586767,1.00288309926358,0.00837153489043543,0.0891295764480231,1.36076598863131,0.0113223887051743,0.348122678856586
0.0261853699558156,7.62231335159879,0.0322092222260496,0.0945458525696081,1.00288309926358,0.0106960246251427,0.0612031906106288,3.29328569222577,0.0213009765479085,0.0725796142038973,2.00347841211432,0.0309520217848164,0.0902163131938414,1.00288309926358,0.00110348078530982,0.0985931713257722,1.13504676028852,0.0250077920125235,0.0777775493833906,5.29579277470977,0.0340568140596393,0.0737559716901882,1.00867425853989,0.00164019644443624,0.0890292953788806,1.7683242002651,0.0247025818141281,0.0936102614225377,1.00577451078852,0.00606776128792972,0.187736871587884
0.0966141932411961,22.8808470979844,0.411517073035962,0.0805362832074897,1.00288309926358,0.00300798792890056,0.0691853119071748,3.19982540066046,0.0269024810464994,0.0484175441734268,2.38463732930195,0.0201622416734804,0.0999031592404297,1.00288309926358,0.00161732414987224,0.0911523840466651,1.26991877487462,0.025537086819525,0.0933336374807982,3.02078648791353,0.0438418206997864,0.094868946086796,1.00577451078852,0.00214597045611531,0.0889487622207173,1.00288309926358,0.0136388963299022,0.0924599533689939,1.00288309926358,0.00995065153367744,0.558321533673721
0.0742671542845432,15.8313162393943,0.210482737402696,0.0896823505838028,1.00288309926358,0.00454238892612155,0.0922719178764943,8.81528401319323,0.0634868539763903,0.0290900775486925,1.59436488847441,0.0081511769702713,0.0960277983668994,1.02624915657849,0.00155014552962741,0.0970528540758863,10.6599934842429,0.0714034322766376,0.0982628314203016,17.6934267723322,0.0714751579335693,0.0988651469820452,1.01158236655188,0.00106608611499811,0.0712501454070456,1.55345194953386,0.0151521176297244,0.072170234683418,1.00577451078852,0.00202239629967083,0.449332493059707
0.0617649252898039,12.8896098855347,0.13964739808078,0.0909104409015526,1.00577451078852,0.0126760166918918,0.0665580664468723,2.71555413295041,0.0237784354556046,0.0505136687114319,3.20906391729309,0.0245884790791836,0.0958351837418966,1.00288309926358,0.00202879396056109,0.0985471156724295,8.81528401319323,0.0713712490127137,0.052786934620823,3.68461060628057,0.014477867774563,0.0946325190472852,1.00577451078852,0.0019463109971526,0.0876478700159822,1.70336542221432,0.023512420888833,0.0782014463519094,1.01158236655188,0.0029196395751155,0.316946611516399
0.069566902469211,19.0596333781215,0.203433171036345,0.0663343863472446,1.00288309926358,0.00364521211926333,0.080526588835073,1.83576021707557,0.0282957465090056,0.0684527396290051,1.86545862787213,0.0269763490619522,0.0762515590269661,1.00867425853989,0.00111907161104543,0.0649852283521455,2.21353437928443,0.020509005222009,0.0622105128052426,2.18818996107018,0.0176767823937145,0.0956670095462337,1.52684850782001,0.00370321734030622,0.0389196439529841,1.00577451078852,0.00103243390731297,0.0624896575206293,1.00288309926358,0.00237927782245809,0.308770267023412
0.0684054165901447,35.924114038768,0.236417751684705,0.094569490914496,1.00288309926358,0.00973203011377129,0.0503906431926567,1.64079288241399,0.0123093598091832,0.0542876216808409,4.89657844641362,0.0317287127545117,0.0765089827974771,1.00288309926358,0.00110844208116432,0.0825510503317418,1.86237664548846,0.0290014063482114,0.0717487054299049,8.06262793911584,0.0299728008824458,0.0885171178476245,1.00867425853989,0.00115853593144789,0.0939002353277307,1.35685404373703,0.0242005125278729,0.0859553035854134,1.04112859832463,0.00980944137343712,0.385438993506751
0.0652590730323647,47.7949760452604,0.2250001390765,0.0985914475286006,1.00288309926358,0.00872660384500558,0.0848042230973197,1.52245910708953,0.0271918270149479,0.0872467251647633,6.68418643746238,0.0874539181503374,0.0980859413558148,1.00867425853989,0.00226110404800276,0.0830207779337611,1.1817296425721,0.0211907641067802,0.0904454556356029,1.24817094410403,0.0246203170145772,0.0952221563279983,1.00867425853989,0.00235154712186366,0.079560197856476,1.18513668643434,0.016633774681076,0.0777412638879466,1.00288309926358,0.00557148859455612,0.421001483653647
0.0729590518984972,13.074936320368,0.183106023833662,0.0708980210590185,1.38846722913941,0.00970780013970783,0.0959280511542816,2.88479547897935,0.0496837432060344,0.0931450006723858,2.49609854576165,0.0517259463032709,0.0934436114127144,1.03813555048354,0.00175185589799566,0.099420205308943,10.845730650619,0.0762351527941127,0.0502166021290148,1.8570226648111,0.0114872613657044,0.0951687252728782,1.02035709353375,0.0022587956295553,0.0577620877517628,1.56242237457588,0.0102086756416779,0.09665807432742,1.00577451078852,0.00847621275992897,0.40464146757165
0.0698782827745718,31.2340238237202,0.240634896500002,0.0989472036081958,1.7683242002651,0.021736650825749,0.0952949260543908,2.85998721049474,0.0487559764223221,0.0377469088245479,3.91900389115593,0.0165352157583307,0.0929653766246382,1.01158236655188,0.00229389828839844,0.0731549276270216,2.9350594625955,0.0280820817920937,0.0675493980132722,1.15815301335288,0.0151829911581257,0.0831257417512681,1.00867425853989,0.00190514590988357,0.0449598271758759,1.00288309926358,0.0016420153052699,0.0685996170478179,1.00288309926358,0.00156372966548914,0.378332601625664
0.0360013152098344,7.30276577043746,0.0472654773914805,0.0790148248494935,1.00288309926358,0.0105802170850189,0.077067839521251,7.52435222533039,0.0400168077991869,0.0702526347649256,2.69612917754405,0.0376276477425498,0.0871503753354867,1.00577451078852,0.00194982808906731,0.0804643971014839,5.04284557241036,0.0395532149870535,0.0562775970304416,1.60343464412786,0.0133229354402855,0.0744106853048553,1.00867425853989,0.00107504956600222,0.0684915425193395,1.035151107089,0.0119940216782572,0.0921751085288031,1.00577451078852,0.00323469945172556,0.206619899230627
0.0766264786172026,7.49284981246461,0.12275569776499,0.0470434162066781,1.00288309926358,0.00112937329322279,0.0931350993801494,1.60805750536954,0.0324501252206842,0.0900350093069014,7.53575813894876,0.0977429331991883,0.0977490516532461,1.00577451078852,0.00297718459416753,0.0798793372863899,2.57100265798945,0.0318990498817146,0.0618790062532962,2.35148837301477,0.0177604423895363,0.0971089047632568,1.00867425853989,0.00324246060071475,0.0961684921808961,1.45811221351425,0.026249046503343,0.0643563131200133,1.00288309926358,0.00352284582691337,0.339729159274475
0.082168594688317,28.8342730190739,0.328546984524054,0.0996540500167183,1.00577451078852,0.0175866615194394,0.0801709868746283,1.56242237457588,0.0254096159744038,0.0435998055586897,2.46775408779227,0.0176046705483473,0.0961938054055936,1.00867425853989,0.00288495521727521,0.0892387034725936,2.74700667630971,0.0406610597052413,0.0441840555526193,1.68386231169735,0.0090573064795131,0.0831475415855869,1.035151107089,0.00145788818297893,0.0956362077107018,1.00288309926358,0.0141097985815886,0.0564984099693908,1.00577451078852,0.00314226109106226,0.460461201823904
0.0556176894923299,6.70329784548246,0.076105222584784,0.0858892004209459,3.22758151346831,0.0173586971767467,0.0789378868077852,1.26991877487462,0.0212791120020393,0.0867846788509214,3.89668922880161,0.0667019976114484,0.0950588415137491,1.00288309926358,0.00166349026473637,0.0967625165095966,5.04284557241036,0.0603834014220659,0.0978493403511329,3.4784466459882,0.0515883154289686,0.0767125057130485,1.00577451078852,0.00108522411357183,0.0920090034175847,2.57841511385935,0.030173814820619,0.0989465129605634,1.00288309926358,0.0103815107720817,0.336720786197062
0.078940135348903,8.00140308786807,0.136113911344177,0.0756561740954182,1.00577451078852,0.00408380942553475,0.0794680365334805,3.12697047724319,0.0351944875949249,0.0834643155286582,3.78700739217119,0.0611877575306803,0.0859475531351582,1.0232988843187,0.00210405181270835,0.0929962293376127,19.1236326478425,0.0676137662982997,0.0730789782661213,3.49853297367273,0.0274090184833948,0.0993298601218494,1.05318733137807,0.00400408431494351,0.0811857520365915,1.07772542117776,0.0164353097543606,0.0796892626995542,1.00867425853989,0.00182645038133385,0.355972646940358
0.0767054247443676,31.5927757268638,0.292867049357513,0.0661344771400698,1.00288309926358,0.00229541909232481,0.072367615553622,4.74699861247518,0.0323032011066976,0.0683996686307795,4.40569196686568,0.0465044673382288,0.0895543756779152,1.017423759841,0.00210180336687429,0.0732127856240481,1.26626799854054,0.0187564975491601,0.0910228381119825,2.72338334507132,0.0400920390024196,0.0903961348043307,1.00867425853989,0.0019987589982664,0.0842271180691758,11.3570049730287,0.0304100225527821,0.0982032862518169,1.00577451078852,0.00243876514104066,0.469768023505307
0.0798989900621471,20.3532451847145,0.270459542784294,0.0790229501141738,1.00288309926358,0.00695193338822299,0.0948154579347208,2.71555413295041,0.0470310442893021,0.0707452362805213,3.19079162673747,0.042243187133124,0.0780357360071727,1.00288309926358,0.0012573482184313,0.0916575594426766,4.77441020717598,0.0523431460261899,0.0747495173352484,4.29198469417562,0.0301395248800748,0.0883943810098207,1.01449885892793,0.00179762156360903,0.0972408766016242,1.00288309926358,0.00269682014549576,0.0983213545228128,1.00867425853989,0.00351570034356426,0.458435868772308
0.0674265584678786,50.8933933022195,0.243777576817995,0.0941030445806443,1.00288309926358,0.00377198950040257,0.0863415293098116,2.13836836392825,0.0347982824642339,0.0933000098676708,3.16357808391141,0.064277392030991,0.0953122442874733,1.00288309926358,0.00128303406570199,0.0862885662298166,3.37001557459736,0.0410852545414129,0.0950464903872883,1.56692699337341,0.0316633627808498,0.0862655417588431,1.02035709353375,0.00128267227998721,0.0716849378994328,2.63090415150101,0.0175690427738355,0.092818319398254,1.00288309926358,0.00787219432693919,0.447380801582349
0.0741483056371917,15.2980995404683,0.206032182901976,0.0795245560468862,1.26991877487462,0.0121794903169157,0.0638357208655209,5.87411217212038,0.0256961839439389,0.08140116077912,3.7120722465239,0.0580263489613291,0.0888481703597568,1.00288309926358,0.00233768202864335,0.0726075612618585,4.37935702804035,0.03074868917483,0.0445084244723892,2.1944987299355,0.0097590121174475,0.0790463470011358,1.00867425853989,0.0011168166789746,0.0997157285402902,1.07462716439149,0.0230254503777332,0.0967423651812751,1.00867425853989,0.00162769622434696,0.370549552726135
0.0643782989629357,40.9660706869833,0.214453598825087,0.0915727890938693,16.3701822092467,0.022839551109461,0.0793758581282457,1.3686237465133,0.0226728553498955,0.0601931009481321,2.02649023080632,0.0246042486521162,0.0911435428392964,1.00288309926358,0.00129688707865285,0.0937070100245738,3.19062650772569,0.047816370795814,0.0548419030909611,1.03813555048354,0.0104339606357932,0.0965656783079506,1.00867425853989,0.00136249510328676,0.0946629696203037,5.41917883794353,0.0381183325962471,0.0943975161923942,1.00867425853989,0.0105851793603543,0.394183479506708
0.0953798857103208,10.7369817976251,0.228677522400391,0.0905002980010654,1.51808232505612,0.0169958992281148,0.0971922655265451,1.295770630155,0.0281769968870749,0.0986885574339623,7.15826280015886,0.116312639954599,0.0948126505546046,1.00288309926358,0.00273563231052881,0.0646119840366525,2.01872085226992,0.01958455220024,0.0931945563639019,2.32456441587663,0.038843408047408,0.0898767588321409,1.00577451078852,0.00236294471338597,0.0787868632020959,1.00288309926358,0.00965878289757227,0.0841606427030715,1.00867425853989,0.00737007090956892,0.470718449548884
0.0518642024704721,18.2085412106233,0.119402199377771,0.0925744449174505,1.2517695448338,0.0167236332211126,0.0794986076119298,3.09116744284691,0.0350528245889944,0.0792312911802888,2.42583975507183,0.0410924390655123,0.0999897417343574,1.00577451078852,0.00231383100649063,0.0971092585141675,3.50861959151272,0.0536493320352179,0.078535596629269,3.77045792255574,0.0325932596338689,0.0952295185410968,1.03813555048354,0.00203984185444537,0.0678453801642038,1.00288309926358,0.0106193401515096,0.0968927213650566,1.00288309926358,0.0079387120572996,0.321425412992222
0.0709788506376419,42.0323785143101,0.264393934128164,0.0942424594020793,5.01389279437678,0.0231801536685511,0.0560628095478534,2.97761447568876,0.0177262076921239,0.0448970420050291,1.55391788499073,0.0136886028187463,0.0882353387644135,1.48779514022745,0.0024970279692831,0.0869328394676319,1.36076598863131,0.0254278367479953,0.0898825831039149,2.81100886708374,0.0393829544704419,0.0794188476957218,1.00867425853989,0.00212969416885779,0.0881021293422422,4.17018228211692,0.030554468736419,0.0802031152037013,1.20231981606127,0.00861854785638792,0.42759942825697
0.0940178346270347,13.6081487487738,0.278063555105889,0.0849836787102366,1.00577451078852,0.00465878403061687,0.08831741349766,5.48194575365476,0.0521260471319597,0.0265408033606243,1.47186775375971,0.00694120410623315,0.096713218663195,1.00867425853989,0.00149114309512767,0.0961543101437602,28.6988481348414,0.0756052760040329,0.0831107635176599,4.50726900243269,0.0385066673882714,0.0950920688685946,1.00288309926358,0.00221954218315581,0.0984046233866486,4.24284253669373,0.0404135866196221,0.057998505381806,1.00577451078852,0.00258103517242588,0.502606840837334
0.0874525399126476,27.4681654958958,0.365298360375688,0.0774839988424572,1.65502554408647,0.0122186487067916,0.0794569002918874,1.55345194953386,0.0249582219644018,0.0775386610372846,2.54648697994468,0.0415256685122885,0.0844097058873634,1.017423759841,0.00113993951230898,0.0972568009045512,8.99473757437633,0.0694290205003472,0.0882210362708707,1.74305193613896,0.0300718223948496,0.0890347086979529,1.01158236655188,0.00240409572014492,0.0987872095267941,2.85176528809274,0.0368564699844214,0.0543783682018218,1.00867425853989,0.00238168431492062,0.586283931986163
0.0550951837100694,23.543537468897,0.142469744532419,0.0851698459430317,3.6740180475533,0.0173079931253656,0.0772514327102697,1.36468921205103,0.0218485167346137,0.095332297816896,7.03668107117278,0.106904048700061,0.094362834094161,1.00577451078852,0.00125764876119608,0.0965185105871145,3.59036651349369,0.0534935391942681,0.0750458142990625,1.04112859832463,0.0164158077412386,0.0784787114602234,1.00577451078852,0.00153513906088627,0.0653515596612401,4.62558101221893,0.0155919297926162,0.0878533592733957,1.00867425853989,0.00200335535469373,0.378827722997358
0.0942877524500038,13.5306644560734,0.278173365799816,0.0981216219190503,1.00288309926358,0.0108670255585075,0.0860899898758353,2.54889290196729,0.0378048709233816,0.0937553958303586,7.6878815611784,0.10714000536264,0.0953522061994779,1.017423759841,0.00216491068684765,0.0969075177070885,1.32596064017055,0.0286950331632289,0.081195888487847,1.8199732981517,0.0266654327081426,0.0859058378028189,1.36076598863131,0.00273994746168459,0.0875706026012538,3.56975293664868,0.0290899831872679,0.0997949653207693,1.00288309926358,0.0113528170522644,0.534693391903781
0.0349594954991132,7.3866448483668,0.0458402049050881,0.0657524399660002,1.00288309926358,0.00434556270611146,0.0612034549644548,6.04568285725226,0.0236905038847664,0.076709796320417,1.88150556488879,0.0310168766925735,0.0807265239328643,1.00577451078852,0.00170011671164446,0.0651248359109361,1.56692699337341,0.0177762014285211,0.0677159709327293,10.8769999686707,0.0268983370420348,0.0859982771745575,1.017423759841,0.00212148050973008,0.086695992651676,2.69220128298041,0.0267233530248937,0.092494850188827,1.00577451078852,0.00255079919782913,0.182663436103193
0.058628868613262,9.74369127370705,0.109520411132353,0.0975460496571806,1.07772542117776,0.0176899835265885,0.0885613060622344,1.17833239331668,0.0229794779813878,0.07402902256674,6.04853072645486,0.060401053319907,0.0808820994822027,1.00288309926358,0.00146111349361738,0.0821136486943529,1.38846722913941,0.0237810852772833,0.0428387664716897,1.28462743961633,0.00794732429519315,0.0832046447486902,1.03813555048354,0.00200853411769738,0.0726525313142233,3.03823005207779,0.0185075377200786,0.0900541463302332,1.00577451078852,0.00140355401581616,0.265700074879922
0.093891403503261,9.46943128228642,0.19662338146428,0.0958757010741589,1.00288309926358,0.0109764344523982,0.0705084992133921,2.42017049201696,0.0255299010933305,0.0688245042484402,4.22099368087112,0.0461594148929693,0.0929201683738868,1.00867425853989,0.00266821002391906,0.0944850266953083,2.89311263070037,0.0468010682010842,0.0790960774479457,5.90803229623124,0.0360758020906943,0.0758170932199954,1.00288309926358,0.0018604570315214,0.0870047208609389,1.12528574084121,0.0189367708552172,0.0906641543161701,1.00288309926358,0.00583226262261077,0.391463702728025
0.0439678577418711,16.8095552308392,0.0889538573239911,0.0506206522320169,1.00288309926358,0.00310638055531109,0.0931432087386695,1.16149208345279,0.0239961367846716,0.0933622102313501,2.68077751831343,0.0556490490683884,0.0953946493909768,1.00577451078852,0.00268661597873768,0.0955243516685382,5.46618619625777,0.0599863813317083,0.0821077923481225,4.39198314906283,0.0370206431516056,0.0941784162258693,1.03813555048354,0.0024882100371595,0.0929943802250361,7.99329205722658,0.0381767159320595,0.0590987338608689,1.00288309926358,0.00405381228553895,0.316117802449172
0.0810165509543584,15.3418398258396,0.239489996772409,0.0743540511966559,1.8463608342542,0.0114367294772661,0.0788920677833989,3.9368492691367,0.0372086235966042,0.0777027156735378,4.38060612071494,0.058431564068346,0.0808765586984501,1.00288309926358,0.00136761296719605,0.0851921624223043,1.56692699337341,0.0273742103800419,0.0824571599041882,1.8570226648111,0.0276619711728445,0.0916161974226186,1.00867425853989,0.00174577039137502,0.0572543043123597,1.47076025583445,0.00983317983068458,0.0956048810664444,1.43727338940046,0.0136124314633496,0.428162090120117
0.0814204019929994,13.2251141621628,0.219486601313328,0.0870564062805659,1.00288309926358,0.0133737571223215,0.0926860274039903,2.85176528809274,0.0459979086496508,0.062533800222339,2.56839221845836,0.030566587976837,0.0886049059880806,1.01449885892793,0.0011524050488761,0.0937476512726397,2.25859550568368,0.0407101692981956,0.0648520707718317,2.77882351455518,0.0203376585163262,0.0911603052643897,1.0232988843187,0.00303317100342269,0.0613943796736712,1.00288309926358,0.00236671771138316,0.0944995089348342,1.17494491051044,0.0125421475668733,0.389567124207214
0.0973700684879308,46.1851870064512,0.552655590648019,0.055340270719854,1.00867425853989,0.00483178365642613,0.0973671842490994,1.35295334494457,0.0295370401839624,0.0858221900036853,5.71282150388027,0.0792886613346925,0.0947906656028265,1.02920793476607,0.00109656760001956,0.0832537579730054,8.94309557251015,0.0467947107726154,0.0594304398669684,1.00288309926358,0.00785032427301164,0.0899371472081796,1.00867425853989,0.00159996260014962,0.0743516587630851,3.04698957090351,0.0195562660390046,0.0792829949864479,1.04413027541975,0.00817710552413191,0.751388012632033
0.0649450103475376,41.7930477148148,0.21892673582809,0.088934385104654,3.31230280598519,0.0188997415752031,0.0567850928948909,1.02920793476607,0.0115114695741303,0.091361411948064,2.85456497490604,0.0572238146195804,0.0878332876448566,1.00867425853989,0.00178590593531425,0.0496045378388911,3.04698957090351,0.0136172204797764,0.0765766648205396,1.58051892322707,0.0223820729409732,0.0795518007420719,1.00577451078852,0.00194047916218729,0.0875427489966125,1.00288309926358,0.00443618715525872,0.0521814156290154,1.00577451078852,0.00107763772538259,0.351801264995896
0.0465040652759788,7.79841769794335,0.0688188477871472,0.0707601174764604,3.0557743442915,0.0108610219931566,0.0952348987066508,2.77882351455518,0.0479476435676994,0.0206617305052144,1.1,0.00173821384661989,0.0770829442905962,1.00867425853989,0.00163732750760974,0.0995525195477745,5.49775074742009,0.066158519117375,0.0942176362160164,1.295770630155,0.0268231449076369,0.0918216528993573,1.00577451078852,0.00162083768795538,0.0911907908786545,2.81100886708374,0.0302845939019801,0.0606389208415287,1.00577451078852,0.00360495816957402,0.259495108486754
0.097951822894277,16.2433903324148,0.339271517694598,0.0977321500466401,1.23033252636976,0.0186976716014103,0.0765717960366629,1.08394875824941,0.0177946095670989,0.0680737403481019,3.32091614208055,0.0405744547491091,0.0973448518801684,1.01158236655188,0.00191217109359402,0.0831711028903498,1.1715671660767,0.0210872734078955,0.0848582675574802,2.44116367657533,0.0330604092010955,0.0945386287534149,1.02920793476607,0.00238931068608266,0.0860810760247244,1.07153781450759,0.0180613516908315,0.0787166402015351,1.01158236655188,0.00499328487125763,0.497842054562973
0.0769583691242901,26.4673311839266,0.27834616480174,0.0762369542992148,8.49145760309168,0.0138097280175308,0.0886317974824835,7.56780167843215,0.0563607322020914,0.093007931907401,4.54625413722128,0.0823178736747514,0.0849238871099676,1.01158236655188,0.00152192408356283,0.0579622176073393,4.19426304469508,0.0191896286072143,0.07289737354012,3.90299369276608,0.0280104105516575,0.0978178232427228,1.00288309926358,0.00254312042915909,0.0916954131375189,6.22226476776323,0.0358414024670887,0.0955687170326315,1.00867425853989,0.0050600149950587,0.523000999829855
0.0719371163343028,9.25559200477995,0.140060353805786,0.0815213941600425,3.22758151346831,0.0152830962821839,0.0852556711552875,1.25899790157518,0.0234185398360194,0.0919165578511375,6.27724955896459,0.0947541412680928,0.099338794514363,1.00288309926358,0.00303699383757285,0.0961499322391591,1.12528574084121,0.0241406224191965,0.0483160577766296,3.18145405986858,0.0120183824356605,0.083244748260684,1.00288309926358,0.00156988367928343,0.0989191818787662,5.5136013085513,0.0429512111173859,0.0856417261842606,1.00867425853989,0.00616445192681751,0.363397676607999
0.0941476447018302,11.6638280775231,0.244216694258316,0.0590415308420204,1.00577451078852,0.00185596899816556,0.0983772123169755,6.68661474347447,0.0704304148721722,0.0923695834857831,6.57065680511724,0.0979290967275016,0.0906404865400804,1.01449885892793,0.00235574395627959,0.0907680539495632,1.01158236655188,0.0202249857405324,0.0707074361391702,1.50502732889567,0.0190157706568832,0.0998044710043116,1.00288309926358,0.00375969086269855,0.0558287983060295,1.30325307163827,0.00913776275475046,0.0799309099733799,1.00867425853989,0.00276578477330467,0.471691913600604
0.0795589229154256,12.4199620729325,0.202622729956044,0.0904269426340241,1.77853540743712,0.0176014028231629,0.0296725793128624,1.04413027541975,0.00477909217926632,0.0669483817771087,1.93047936387307,0.0270943954551135,0.07840833920688,1.00577451078852,0.00121997472813187,0.0972365677325744,2.22631645743836,0.0429963310212521,0.075500650857364,3.94819959636536,0.0300530299384593,0.0948714032692546,1.00577451078852,0.00103889769529084,0.0947645987019985,1.10601480450688,0.0216366331769352,0.0849284180562247,1.00577451078852,0.00446024887141898,0.353502735845075
0.0856475527814134,17.4451908953138,0.28337485670058,0.0930470113170183,6.72522667244931,0.0228555138143877,0.0965705132804198,4.74699861247518,0.0613868495259574,0.0603339463637653,3.56662093690583,0.0342178886742593,0.0925610860410443,1.02920793476607,0.0027228918644851,0.0899482307257884,1.51808232505612,0.0291539456600918,0.0770454755245478,1.16149208345279,0.0185329107705912,0.0853408391952688,1.02920793476607,0.00145932205057056,0.0414570935422116,1.00288309926358,0.00334555436421675,0.0878315568915086,1.00867425853989,0.00103673629509245,0.458086469720232
0.0674377946830573,7.57891218295399,0.107668415762683,0.0986298613273549,1.00288309926358,0.00396396692376585,0.0991780836963051,1.27358007675926,0.0283641128769743,0.0804353309945251,2.15786203641709,0.0376130220554822,0.0992578553163486,1.01158236655188,0.00289664674861752,0.0992905055618348,1.13504676028852,0.0251256690887769,0.0722748570733341,1.0684573459204,0.0158411295383858,0.0738851888231152,1.00577451078852,0.0011928993035052,0.0739611907633659,1.00288309926358,0.0129537135518236,0.0828047462778561,1.00288309926358,0.00533273368964546,0.24095230953966
0.0897612294442569,17.2470919536917,0.305972373190032,0.0809302085558693,1.00288309926358,0.00910986265839175,0.0778199724597739,3.01210229799636,0.0333221880771443,0.0335334309939448,1.1,0.00182396163210933,0.0962415889322126,1.01158236655188,0.0012956263061188,0.065337258900098,3.42873391662958,0.023381967896281,0.0887724484502812,1.07462716439149,0.0210254171135295,0.083546918109861,1.04714060664789,0.00112271088591095,0.0737958485086074,2.88479547897935,0.018928769218891,0.0778521415693773,1.00867425853989,0.00470880330595401,0.420691680284363
0.0882807833037226,19.8936269546997,0.321356230267926,0.0603856635285259,1.00288309926358,0.0039859950788273,0.099277176631291,2.28475538672293,0.0462660808825553,0.0932823092766424,2.93724079166727,0.0602669038286702,0.0786361316352935,1.00867425853989,0.00140769063205089,0.0885895694085816,1.52684850782001,0.0285741834077998,0.0819462556954358,1.017423759841,0.018053897213205,0.085311018117019,1.01449885892793,0.0023110126032227,0.0690560743653213,1.00288309926358,0.00259220634082333,0.080206575246325,1.00867425853989,0.00273496008040709,0.487549160335488
0.0979776147547136,19.836909316532,0.387695739963465,0.0945468742486112,1.01158236655188,0.0161448907789341,0.0838507796921925,1.39247031798524,0.0248599137377304,0.0987183867644564,4.7587522853644,0.0940993579157517,0.0974942835873962,1.00577451078852,0.0024280917408123,0.0913760191268201,13.5373258656811,0.0624625581882626,0.0602872972423861,2.10780755947618,0.0163929252082343,0.0976499546168253,1.00867425853989,0.00216350103380457,0.0954795233748704,6.25819530279368,0.0396651870341346,0.0983199212532672,1.00867425853989,0.00435520946248244,0.650267375063612
0.0461855741367282,5.82814552858132,0.0536031390114127,0.0637773919136047,1.00577451078852,0.0069627980929379,0.0800750946734605,1.15482354244809,0.0199702549373995,0.09538153410688,4.9246190440357,0.0902961109043711,0.0844495100265515,1.03217524340486,0.00197409089049202,0.0990536217262048,21.9576266468948,0.080577992858345,0.0766343032287911,1.34518555643637,0.020285598109195,0.0787530712545721,1.08707389011608,0.00216946796688069,0.0807025001969037,1.00288309926358,0.0123985403161546,0.0955010651887013,1.00577451078852,0.0111567681840372,0.299394761271226
0.0502206184482239,12.2789271392136,0.0984675889593937,0.086417693195901,1.81474121907939,0.0159618276793036,0.0635583396663503,1.20231981606127,0.0149819237209626,0.0820925788157252,4.62480557828032,0.0660386678763196,0.0932961690782079,1.02920793476607,0.00259484281797001,0.0536855842236145,1.70827639380871,0.0133709245967353,0.0866090067718663,9.39167782086193,0.0478335668074961,0.0775628371700989,1.00577451078852,0.00127519968584778,0.0374367403117389,1.00288309926358,0.0019260559563465,0.0971287200149972,1.00867425853989,0.00297525816641534,0.265425856266791
0.0875715398263951,13.2629273732738,0.245418668910943,0.0701617846925238,1.00288309926358,0.00496227994203538,0.0853947080779598,1.30325307163827,0.0241454448916261,0.0320650865078737,1.1,0.00521081209758338,0.0934818514391338,1.01158236655188,0.00124122722421207,0.0824748719449599,4.17018228211692,0.0396912809660372,0.0724095957929398,1.36076598863131,0.0186830304897405,0.0915764245437458,1.00577451078852,0.00180875919152771,0.0674211552856742,2.41321295951054,0.0151716017129844,0.0901093919231613,1.00577451078852,0.00446551819422137,0.360798623620911
0.0992065045177229,13.5693512957692,0.299053173694141,0.0700238379886749,1.57597523020146,0.00976303918042937,0.0813158856140143,1.11240149892777,0.0196316416738817,0.0982373657719866,5.31926478442073,0.099633459428456,0.0880850827941148,1.0232988843187,0.00173969323886726,0.063176295777045,1.27725193454067,0.0151196251637022,0.0912977027145096,24.2854601433005,0.0592087624917548,0.0846524216674184,1.02624915657849,0.00108906224841068,0.0545181869972683,1.00288309926358,0.00238548959314472,0.09983332834898,1.00577451078852,0.00956916632257761,0.517193113035365
0.0604210843967334,6.36750366996198,0.0792990613811408,0.0805980783721759,1.00288309926358,0.00411363782552509,0.0876595696690809,1.26626799854054,0.0243317094131335,0.0136954018660911,1.1,0.00145113922389267,0.0997813889009949,1.01158236655188,0.00137899492801606,0.0920384687038859,5.37257572706184,0.0544517080414681,0.0692938134746374,1.20926262481036,0.0162184002120997,0.0838220305884031,1.02624915657849,0.00234632926938065,0.0924393794839998,1.00288309926358,0.015332962435574,0.0710961165251422,1.00577451078852,0.00248462831529206,0.201408571045523
0.098144767962419,48.7598073452207,0.570541914262267,0.0922340513163716,2.62334079957365,0.0199831016041451,0.073898629348557,3.10007958542497,0.0303027086510673,0.0792646726857752,4.07882582302107,0.0582547488861635,0.0912396375254883,1.00867425853989,0.00163646935530625,0.0741401147359879,1.02624915657849,0.0161706465240172,0.0754123696345844,2.00713065465068,0.0243539492247396,0.0965288694708123,1.00867425853989,0.00100082638523083,0.0909448447638928,1.2517695448338,0.0217937067142687,0.0906671888194781,1.00288309926358,0.00751160397034122,0.751549675577547
0.0729375552649853,31.0561784540931,0.26092758788271,0.0602456431260048,1.00577451078852,0.00266846050267377,0.085879316773222,1.82522046182733,0.0313287727296012,0.0916469809674284,3.04830946521005,0.0606794664652057,0.0790010481017042,1.00867425853989,0.0013500037457641,0.0929456652548475,2.23917234584048,0.039875905410322,0.0869546687578115,3.19982540066046,0.0387024346769629,0.083950436121258,1.00867425853989,0.00143941601779021,0.0942308203942086,1.50502732889567,0.0256263837066395,0.0999488968423486,1.00867425853989,0.00989880402658351,0.472497235164253
0.078821939495325,36.4406299022018,0.320136612232032,0.0638981292471585,1.00288309926358,0.0016166234285411,0.0571951067135653,2.43414579263315,0.0174255769827033,0.0900983333685572,2.11516349130204,0.0418898433366323,0.0943593937189389,1.00577451078852,0.00245201072366639,0.0948055681398941,2.75492656923522,0.0458874186369732,0.0697703931579601,2.42714808378022,0.0225543278238325,0.0914258255492232,1.01158236655188,0.00301358820800662,0.0945042764610159,2.97761447568876,0.0334182280462437,0.0983270305085918,1.00867425853989,0.00382664911232669,0.492220878530958
0.0791798052079809,47.5228332298145,0.343371350771632,0.0909685891458173,1.00577451078852,0.0119648858382988,0.0750132816412393,1.47076025583445,0.0220038200035457,0.0601074669309615,1.94153438844839,0.0237551307780508,0.0913620705822387,1.00288309926358,0.00145419850983103,0.0550473030734499,2.17562678075294,0.0150992654613597,0.0522733872431089,1.85168407581574,0.0123255199406849,0.0999100127775701,1.00577451078852,0.0010318081112243,0.088428029700728,6.1687553886527,0.0327154362864843,0.0891038762172658,1.00577451078852,0.00528373884511586,0.469005154546227
0.0921438405718788,20.0075491954614,0.35051085531201,0.0894237676660268,1.52684850782001,0.0165084422342965,0.0987056191118789,1.85168407581574,0.0394928763743701,0.098298705020994,5.55202018817461,0.102162039105937,0.094622455612332,1.00577451078852,0.00219870476370821,0.0925767129830802,1.73304445225245,0.0335774943911765,0.0986833830235796,39.6186319317599,0.0751020077403168,0.0973054035646909,1.00577451078852,0.00314707414388654,0.0889609747732312,1.00288309926358,0.0177418706952147,0.0577965985637124,1.00288309926358,0.00205577555706648,0.642497140317983
0.0484062388546806,5.30409931780933,0.0509168685778406,0.0697851913976246,1.00577451078852,0.00714932915161066,0.0892952388053906,1.5896456468007,0.0303076761594023,0.035162822437804,1.1,0.0040742503832431,0.0994558647569979,1.00867425853989,0.00291873878268326,0.0806127383568461,2.72338334507132,0.0332370248356004,0.0986426429207956,2.80292774815717,0.047678458489893,0.0856919615335221,1.01158236655188,0.00100137082540218,0.099196733711216,1.73304445225245,0.0303926957034289,0.0712632656061599,1.00288309926358,0.00143548345441211,0.209111896363516
0.0923764797483124,34.8134037078059,0.449518511293482,0.0745002766575227,2.90145376159538,0.0121449418557568,0.0663927280809307,3.58004488871148,0.0254957609315199,0.0958428694208254,2.3241421220487,0.0495183688310754,0.0812219512535263,1.01158236655188,0.00181841716921305,0.0935408447710792,1.92784124639408,0.0367075498609856,0.0967921719057386,1.8199732981517,0.0362035057423771,0.0949305485156825,1.00867425853989,0.00158003472034992,0.0954217849222191,1.75311720834914,0.0282981066575248,0.085025876046364,1.00867425853989,0.00650618152214846,0.647791378584433
0.0686244912088997,11.2709771098404,0.152228875687956,0.0707298820415457,1.00577451078852,0.00263846338432107,0.0794599428118364,3.88058521159597,0.0375353837621756,0.0577076070543251,2.63524502323706,0.0275938228779201,0.0836797860940395,1.00867425853989,0.00191827781165663,0.0525580024143927,1.50936647207927,0.0123323704286106,0.0934685494672752,2.16937226517279,0.0376259360730154,0.0943969425638711,1.00867425853989,0.00127174453849974,0.0606701682823189,1.00288309926358,0.00145635579242544,0.0588765531841108,1.00577451078852,0.0025473337812648,0.277148564137845
0.0704379339288756,8.00140308786807,0.119652629905743,0.0605728138839379,1.00577451078852,0.00132857149012701,0.0863239227724545,2.73123512958793,0.0393196942355589,0.0801630174412048,5.25886184986271,0.0670387633309577,0.095357596678432,1.00577451078852,0.00252705238524661,0.0856313570926155,2.57100265798945,0.0363944264790832,0.0505124265464107,2.23273514877728,0.0121795731409127,0.0970633498554445,1.00577451078852,0.0011949082268499,0.0766489733236228,3.49853297367273,0.0213434329725287,0.0969424377314181,1.00288309926358,0.00456468681855029,0.305543738985558
0.0382993050055555,6.93694192261966,0.0494067431310981,0.0563830497290415,1.18513668643434,0.00598939524437361,0.0549134395088186,1.17833239331668,0.0119751052842671,0.0413370246584913,2.98799125346698,0.0175478950077961,0.0823349585389454,1.035151107089,0.00178931381991025,0.0924694144424271,30.9294781934387,0.0685309067595576,0.0790351566937806,1.02035709353375,0.0172622641174966,0.086903953063988,1.00577451078852,0.00169353850958109,0.097638677332128,2.11997911696849,0.032177234082241,0.0876652781650386,1.00288309926358,0.00700441729022979,0.213376813246551
0.0731397621852624,48.3439459350739,0.287441566870465,0.0955823678438463,1.97844545312916,0.020613941020578,0.0646084979972238,3.60071789654471,0.0241286789055184,0.0948816255945419,2.41892357524226,0.0510644456407053,0.0921760393158434,1.00867425853989,0.00205772051252094,0.0857484737044584,8.39423252506469,0.0498865348471106,0.0599192207636484,2.39246014169509,0.0168799331498288,0.0756752119864867,1.00577451078852,0.00125990223506506,0.0876178592676104,1.00288309926358,0.00673982542349639,0.0777378088726811,1.00288309926358,0.00555385468163054,0.465626403286919
0.0887628918376564,27.0788269126679,0.375278871224994,0.0873388370285907,1.00288309926358,0.00929872923304211,0.0722410598850347,1.09650345009091,0.0167064029769715,0.0942827144166866,4.7587522853644,0.0863969632851653,0.0919956618623348,1.01158236655188,0.00156176880364138,0.0866305821496822,2.96051892720402,0.0395397992612512,0.0893207553601712,3.55949057200184,0.0424448089509828,0.0949838397740219,1.01158236655188,0.00281235875456621,0.0934559521241428,1.00288309926358,0.01761937478503,0.0997652471603966,1.00288309926358,0.00708673496418134,0.598745812239826
0.0894490836838129,13.3388784509161,0.255365473409869,0.0976799468114842,1.15482354244809,0.0182595183623763,0.0690522127233087,1.46653209822205,0.0192959741067161,0.0718369302086995,1.64523258207355,0.024936495287423,0.0911373151906964,1.00288309926358,0.00256703065177863,0.090195978517929,1.93339940407185,0.0345766433126181,0.0586156540943039,1.29204553462562,0.0129885075685499,0.091323450224498,1.00577451078852,0.00251597274071199,0.056571644019632,1.00288309926358,0.00794949598912592,0.0871393096454851,1.00577451078852,0.00394551110975011,0.382400622538919
0.0898850154838756,27.863101977913,0.390591428662777,0.0997165193117454,12.4529951356256,0.0288269664563417,0.0971033782170275,4.65229147967714,0.0618661292834041,0.0875422717086741,4.33086212872399,0.0719475718870624,0.075837102996275,1.00288309926358,0.00150959120623471,0.0996660358898898,1.91126246166401,0.0404559972697352,0.0539989577380244,1.00288309926358,0.00374611874332643,0.0999517955035681,1.14489244934213,0.00412891718065473,0.0583802632519785,1.00288309926358,0.00536423306460655,0.0982228109676989,1.00577451078852,0.00459663294701863,0.613033586701161
0.0536173554126778,8.25668525293528,0.0865668555539139,0.0843966555957003,1.52684850782001,0.0144600693661105,0.0745159411380885,6.98169689372975,0.0366680797078857,0.0399867863420751,1.1,0.00203724964376277,0.0808889708109182,1.00288309926358,0.00102313275841102,0.05863247456093,3.66345594042931,0.0191837967117692,0.0895708108115643,1.017423759841,0.0201337526914956,0.0788329628289881,1.30325307163827,0.00219370260647665,0.0846044261873427,1.41265954868704,0.0202459718418764,0.0966246549081086,1.00577451078852,0.0100621589924677,0.212574769874169
0.0792372366670556,11.7977980246669,0.194601547145804,0.0897611535156346,1.52684850782001,0.0166348382314732,0.0361673238207361,1.16819913201946,0.00657016108664934,0.0947882642939621,3.19079162673747,0.0662789655307521,0.090121934113169,1.01158236655188,0.00200988450620685,0.084876088391607,9.12515100556096,0.0492515211754677,0.0965053449649417,14.053579239644,0.0667036192857783,0.0968024982270348,1.00867425853989,0.00310037662453543,0.0998989727484655,11.3243557313592,0.0481608624063461,0.0896676587284548,1.00288309926358,0.00772888279447108,0.461040658787484
0.0797551206322689,10.1410513187878,0.173506326060979,0.0938000464738499,1.00577451078852,0.00853512393045787,0.0813915232980653,1.0232988843187,0.0180702777740051,0.0963025047261614,4.9246190440357,0.0920462680660953,0.0903235641826947,1.00867425853989,0.00170522708845003,0.0529974185771883,1.32596064017055,0.0117890124004197,0.0843373276824664,6.0805937181354,0.0420109282184477,0.083988151279998,1.0232988843187,0.00228154841494818,0.0789595631609764,1.28093437865255,0.0170100552713529,0.0704025587347859,1.00288309926358,0.00473886607806615,0.371693633303222
0.0763737920511027,13.7252079548169,0.20357202184752,0.0908079116356269,1.00288309926358,0.0111690452891493,0.0975105377512009,1.79396288338358,0.0378606805230246,0.0905294275503756,3.80869395384642,0.0704468791715144,0.0961031722852984,1.00288309926358,0.00233006272110124,0.083053910283874,15.6782947440786,0.0495974644534871,0.0374229018572719,1.16149208345279,0.00624178848367814,0.0888839594948562,1.00288309926358,0.00246809362636834,0.0965101951135317,8.27426512232383,0.0424066987714327,0.0843092539942378,1.00288309926358,0.00604119871865588,0.432133933605932
0.0759631396027545,13.764451032765,0.201732968625341,0.0634025674347498,1.00577451078852,0.00650183751887793,0.0802730573346793,1.05015961695978,0.018285045323536,0.0548326824828522,3.25520374465991,0.0281673470894939,0.0996367646699181,1.00288309926358,0.00101285070063052,0.0818269295365106,2.96051892720402,0.0352330342159234,0.0996473093579431,1.23033252636976,0.0275821058895289,0.0967507838853604,1.00577451078852,0.00166284405861375,0.0766330284837687,1.00288309926358,0.0111045567720852,0.0962092840890244,1.00577451078852,0.00133284862607636,0.332615438820107
0.0919502179119497,19.836909316532,0.34685628181866,0.0658049548720126,1.00577451078852,0.00546352095567451,0.0935358132527069,3.13598584352336,0.0490801029207319,0.0359872169502008,1.1,0.00695949740921844,0.0938595514306059,1.00577451078852,0.00164505948604323,0.0598227665194491,1.669381663546,0.0158926834193729,0.0571086220381347,2.35826794741131,0.0153411798700168,0.0934980328535706,1.01449885892793,0.00103294008871298,0.0751453177125927,1.28462743961633,0.0155894225766614,0.091438489068857,1.00577451078852,0.00866010253679096,0.466520791081883
0.0734401125946895,48.0686773054992,0.289939987326261,0.0748148150816181,1.00577451078852,0.00921395384462473,0.0827646314271366,1.02624915657849,0.0185010695439055,0.0908948961978639,4.73165612689532,0.0805633207790438,0.0949309380914297,1.00867425853989,0.00276319296949774,0.0460814470616549,1.50936647207927,0.00999790434043992,0.0758063438674629,1.10601480450688,0.017420783065012,0.0975726028114522,1.00577451078852,0.00280072223872883,0.0999125976547799,6.92165665438525,0.045431482708773,0.0760972407699459,1.017423759841,0.00417159968124232,0.480804016497529
0.0774270483411302,10.2868590587476,0.16875076773894,0.0605850441005597,1.00577451078852,0.0049306723658212,0.0728861632371426,2.27818714703702,0.0263082179214812,0.039684055214094,1.16464058864455,0.00896223079516202,0.0919498976621067,1.00867425853989,0.00268806725146742,0.0910003346198472,1.61734325078285,0.0311366849450946,0.0578299261014662,1.09020803204812,0.0115911809828085,0.0801684302101947,1.00867425853989,0.00133261740653114,0.0761219598713102,12.9651693704974,0.0235890927585034,0.0954435750952845,1.00577451078852,0.00884388551955765,0.288133417685367
0.0899582437145174,46.449669697604,0.456010464921653,0.0877339778550279,1.00288309926358,0.0072162255106146,0.0961559273317416,1.77853540743712,0.0368627667547844,0.0515830423760927,2.63524502323706,0.0232742581347229,0.0923262260523149,1.00288309926358,0.00139283569319575,0.0939749483682661,10.2684023095805,0.064690078182924,0.0920033416824298,3.88058521159597,0.0466706673362943,0.0843053600657531,1.017423759841,0.0015647178367111,0.092754434465363,1.11240149892777,0.0209219967279308,0.0865060809204476,1.44974067037263,0.010658653993891,0.669262665092722
0.0940436563401977,10.2868590587476,0.21540781602404,0.0639626993310533,1.00577451078852,0.00185039925808315,0.0664310743122952,3.26496454563336,0.0249346178428906,0.0783765806017068,3.20906391729309,0.0499572321631802,0.0936609040985745,1.00867425853989,0.00282457210545764,0.0737685292163288,7.97031285410644,0.0347880696759823,0.0905753996825841,2.012917411563,0.0341854738836485,0.0982978447734417,1.01158236655188,0.00345293070586332,0.0780551178848221,1.00288309926358,0.00489480513997334,0.099899559018812,1.00867425853989,0.0115305284629129,0.383826445262032
0.0525879963828223,9.36190111388404,0.091593418173302,0.087748140064025,1.70827639380871,0.0162847608366742,0.0714920714683793,2.39246014169509,0.0259096421902545,0.0920951235925002,5.94579758517769,0.0931175446944387,0.0942335621269636,1.02624915657849,0.00197310248521528,0.0965410670829712,1.50070065992818,0.0319196098031582,0.0856297182435967,4.80198009042612,0.0416247744445259,0.0987757099741046,1.00867425853989,0.00245887840557736,0.0880013648605359,1.13504676028852,0.0194504808957961,0.0924690391065584,1.00288309926358,0.00974058806453477,0.334072799993477
0.0789378768042948,31.7736939581587,0.310004585979093,0.0917246982868092,1.00577451078852,0.0113984031455643,0.0567458295568628,3.56975293664868,0.0188067515145202,0.0674900212982402,4.89657844641362,0.0469840328048557,0.0923842022220394,1.28462743961633,0.00281549809498565,0.0805793528101332,19.2340622708831,0.0460862112179513,0.0968743858238838,2.27163778979815,0.0413901059079032,0.0995984747770674,1.00577451078852,0.00151284155113346,0.0862974295987235,1.56242237457588,0.0220427675892262,0.0530029012668804,1.00577451078852,0.00189789453612712,0.50293909234136
0.042869178456456,19.6116512059019,0.0883306019491414,0.0863838303812454,1.00577451078852,0.00498083961395,0.0554523470058187,1.46653209822205,0.0136765291416725,0.0865368497587067,6.70329784548246,0.0855753974845797,0.0981203629493605,1.17494491051044,0.00329788234667198,0.079798341761931,1.15482354244809,0.019728443742039,0.0757814728039008,1.70336542221432,0.0228241471599322,0.096425783562205,1.00288309926358,0.00193779427261042,0.0978545481437046,2.4062754285944,0.0341320049140796,0.0771898731229659,1.01158236655188,0.00227417871406861,0.276757819338745
0.0809446131976298,37.4960477563908,0.340628663350705,0.0988271447305292,11.4885459675579,0.027971543366389,0.0906642397837476,2.42714808378022,0.0408496305960901,0.0633740295097302,6.87777830801342,0.0460752279934954,0.0972056629499814,1.00577451078852,0.00185624376501853,0.0988645476802512,1.50070065992818,0.0330338443710677,0.0779498264228595,10.1800975118018,0.037164498201489,0.0777053649323103,1.00288309926358,0.00147665992908035,0.0882313652987266,13.5373258656811,0.0347924437324922,0.0678085493389891,1.00288309926358,0.00491923607187757,0.568767991377705
0.096813118799369,25.0698004534085,0.431094587084065,0.0695436573774443,1.00577451078852,0.00225802161475862,0.0960426669283252,3.26496454563336,0.0528413654429747,0.0909802086818181,3.09213796975541,0.0609736694541358,0.0987810420462574,1.00288309926358,0.00210006145658916,0.095063363748091,4.00544398533237,0.0541913125068111,0.0944964406302693,1.26626799854054,0.0264331419812615,0.0821683171158037,1.0232988843187,0.00183268960931239,0.0552016025238021,1.90028922105573,0.00978217286526032,0.0915651229539276,1.00867425853989,0.00467815677693549,0.646185178792104
0.0493355994921294,10.2282860659776,0.0877200343409784,0.0944702077898658,1.0808326105459,0.0164876916931512,0.0599288167448721,3.36032741709575,0.0205232486075524,0.0800104738704364,2.22670792338511,0.0385385323784116,0.0897224218126976,1.01449885892793,0.00249648856915661,0.0962113801561623,1.42081696649143,0.0303540279597186,0.0910487871931161,7.20633469066447,0.0525063880885472,0.0827979089556102,1.03813555048354,0.00237795537736804,0.094865012460271,12.0301229939707,0.0420102788044261,0.0818372205905863,1.00867425853989,0.00669691938344138,0.299711565202751
0.0699230816993922,8.61797354889383,0.126779295692323,0.0855727678647702,1.00288309926358,0.0123163731720752,0.0567017293552434,1.87313095952011,0.0157427344433392,0.0963317672619759,3.08332214331348,0.0656274771164898,0.0987848294978279,1.00288309926358,0.00188659534182564,0.0701450191045058,1.46231609576324,0.0192716272036628,0.0849857074773034,3.89177332396176,0.0388156164043587,0.0866556368814608,1.017423759841,0.00151371479984205,0.0895957656762518,3.80316384938978,0.0312175769102383,0.0877215017313868,1.00288309926358,0.00997522075607352,0.323146231840228
0.0689669564046649,7.07697711557827,0.102795876557537,0.0806563073740605,1.00577451078852,0.0111028042028597,0.0929534490212133,1.36076598863131,0.0280471053488898,0.0782974803959745,6.51461715374576,0.0690585273287518,0.0945811631663952,1.00288309926358,0.00234543972882838,0.0943567451187935,1.43727338940046,0.0298354910810717,0.0689926394170174,13.8129064745256,0.0285238624462264,0.0817257995052791,1.00867425853989,0.0017661592285352,0.0870471796522448,1.52684850782001,0.0222114680433097,0.0955459804642914,1.00867425853989,0.00371292646947378,0.299399660435483
0.059326316840122,9.49650625493224,0.10977652945619,0.0959210446672405,1.441417191251,0.018970569046623,0.0943343468054454,1.34518555643637,0.0282358028231828,0.0917274145245892,5.48897419860979,0.0885664105863191,0.0995213102055767,1.01158236655188,0.00271114400302326,0.0904554549426715,29.9653362072615,0.0640159016659794,0.0957885592436171,2.66137624774655,0.0439628850651542,0.0917091300211196,1.21624552488348,0.00325327609397068,0.0575682263364147,1.00288309926358,0.00241653214088967,0.0931985029125447,1.00577451078852,0.00416828828685104,0.366077339168183
0.0859493127399467,11.3032030575075,0.210349410297003,0.0735355678823995,1.00577451078852,0.00598330399995571,0.0770375106860381,3.37973166401872,0.0337790678602431,0.0772926898631128,4.24516549526477,0.0569834112796214,0.0958394504826924,1.00288309926358,0.00266949493109369,0.0536753320552465,5.2653877364201,0.0170135773183481,0.0775343848974318,2.04799000112185,0.0259440873253146,0.095354031995921,1.43314150019665,0.00364770379407961,0.0930875152398408,1.01449885892793,0.0198534925813358,0.0852371097178942,1.00577451078852,0.00314832953599306,0.379371878922988
0.0736287845689541,50.1720214418779,0.294370865239138,0.0597078860056957,1.00577451078852,0.00535932374035574,0.0517757709274698,1.07153781450759,0.0104122712371619,0.0461911589493106,4.18499377685345,0.0231474299403872,0.0880161402640965,1.00577451078852,0.00186740784839511,0.0748328385622596,1.77853540743712,0.0238732902059365,0.0666853016477443,3.55949057200184,0.0226852744300848,0.0854696276826462,1.01158236655188,0.00193230848362592,0.0784670694266316,2.51246502599404,0.0210110074325505,0.0778487101474599,1.00867425853989,0.00766088251665423,0.41232006107429
0.0976220552294974,39.2486644096668,0.526866619494737,0.0870739216955435,1.00577451078852,0.00574321662309256,0.0954089455634089,3.16318819550752,0.0514182753134507,0.0667377717395387,3.66991979386952,0.0411096315183533,0.0997510116378574,1.00867425853989,0.00202944159866284,0.0927598870254898,3.58004488871148,0.0490177675172503,0.0978057419910395,2.84356700216288,0.0470903697286724,0.0902292448067877,1.01158236655188,0.00132811881023219,0.0935515490009011,1.07153781450759,0.0207578248526495,0.0671176247684576,1.00577451078852,0.00466763734724164,0.750028902804342
0.085703534939132,21.9842995755893,0.319261035700263,0.0647771887571491,1.00577451078852,0.00347491743928191,0.0886275267228546,1.09020803204812,0.0212942701455113,0.0735505527915851,4.55925277491523,0.0538854068874239,0.0917054884329604,1.00867425853989,0.00141253200216734,0.0754271616533746,1.28833114804146,0.0198680783427065,0.076859877806424,6.45955425993623,0.0341292907617044,0.0890088127075349,1.0232988843187,0.00101605318758064,0.0956533641834556,1.00288309926358,0.00150188893948816,0.0993610318825578,1.00288309926358,0.0115552153256558,0.467398688731783
0.0928562971926973,16.6186742527891,0.315398921819457,0.0867757266288927,1.00577451078852,0.00431305032855263,0.0981102784777302,2.90981894079874,0.0521895619930733,0.0746921477586639,1.94708561838936,0.0311889118780869,0.091914537931662,1.00577451078852,0.00197915629630831,0.0973549395357768,2.60827926283097,0.0471151925295351,0.0862402142977243,1.38447564841702,0.02487753979263,0.0777486535812775,1.00577451078852,0.00150134133445798,0.0882428270500342,3.00344307348301,0.028567208879312,0.0869151392590723,1.00867425853989,0.00809831051371814,0.515229195365131
0.0839287921621904,9.41551269286413,0.172669488524294,0.0913919930396149,3.4784466459882,0.0206019905399211,0.0969409118864729,1.83576021707557,0.0381923431909073,0.0891827642045811,5.76196399650408,0.0858439255293511,0.0785391319832852,1.00288309926358,0.00124594794910197,0.052417025094792,1.12853005133194,0.0106885025805303,0.0395695027152196,1.88937898174206,0.00782605442891241,0.0957385960429701,1.00867425853989,0.00265165700575264,0.0844235347349232,1.00288309926358,0.0141767375651359,0.0951274905494964,1.00867425853989,0.00915187469151679,0.363048522005424
0.0854118771224003,19.499983193564,0.299958536195695,0.094209523796494,1.00577451078852,0.00821762699587904,0.0480352603154685,3.04698957090351,0.0134308050780726,0.0678243448558166,2.11516349130204,0.0298076154974045,0.0928949651003457,2.25859550568368,0.00289700967161351,0.0943595884581288,1.36076598863131,0.0284548487686145,0.064982242450199,3.85830538552188,0.0219749586503612,0.0737404895324439,1.017423759841,0.00136828884055951,0.0781306273483658,1.00288309926358,0.00103170238524409,0.0991295545501431,1.00867425853989,0.00231042521226451,0.409451817295708
0.0770415928939193,13.5693512957692,0.204908937616726,0.0786167243909843,4.52026390637434,0.0144855073254199,0.0982465673865,4.85759838400825,0.0645988748261249,0.0795365724559365,6.27724955896459,0.0706502928535201,0.0940565763642708,1.00288309926358,0.00200524837409735,0.0806716232500573,6.42246765119551,0.0416775315528314,0.0991206118527805,1.78880557933512,0.037256894811829,0.0905708926313349,1.017423759841,0.00269741881596393,0.0713486015740354,1.77342245446464,0.0158258752097081,0.0657475533808074,1.00288309926358,0.00332999288892341,0.457436574275144
0.0984070729891375,44.8851921034589,0.563728750276731,0.0618450311346901,1.00577451078852,0.00416601295457666,0.0958081178946372,1.94456383978917,0.0390651205891643,0.0984381728837907,2.74271364594045,0.0605651194026091,0.0970790007612319,1.01158236655188,0.00234311565845384,0.069776177412528,1.15150364314254,0.0163455525213639,0.0699881409984738,1.78880557933512,0.0202460962697986,0.0955308269122273,1.01158236655188,0.00341482323017666,0.0485847039779231,1.00288309926358,0.00638384760031538,0.0809121358637463,1.00577451078852,0.00173007717034111,0.717988515673531
0.0657925939574168,8.23314506653754,0.112936637586571,0.0772896553877545,1.00288309926358,0.00428037495368785,0.0907410346105315,3.39924796097488,0.0478112384572444,0.0781617580385572,4.77235849719631,0.0612952239679586,0.0945543605501206,1.00288309926358,0.00253254275518279,0.0758051961023561,1.18855355314224,0.0188247302908977,0.0910219408348662,41.6058873339274,0.059887340750493,0.0791815176386395,1.00577451078852,0.00132028908133254,0.0960134734928538,1.12528574084121,0.0223848596044503,0.0981031277617096,1.00288309926358,0.00133419226653756,0.332607429714356
0.0768117832700322,14.7828421851443,0.214071422612977,0.068098105538319,1.00288309926358,0.00412887694691121,0.0964109386393485,1.77342245446464,0.0369213546262448,0.0884485994143511,3.36866417747168,0.0622740377993712,0.0824380572612673,1.02920793476607,0.00172208010922391,0.0712066808037109,1.0232988843187,0.0153250442096694,0.0908184538027892,5.02834834499989,0.0482509466416762,0.0921030171033953,1.00867425853989,0.00228368210800023,0.0723041022068877,1.00288309926358,0.00579328770569719,0.0554144640852228,1.24458268867087,0.00394559153542242,0.394716324295194
0.0877915471500651,8.568903128128,0.16449930767217,0.0488360064611702,1.00288309926358,0.00130056699357729,0.0845199065333917,3.55949057200184,0.0416015500271285,0.0863545526026188,4.55925277491523,0.0722631686201907,0.0967553871152174,1.00867425853989,0.00270602446851757,0.0764117104560627,1.04112859832463,0.0170051675946318,0.0799619640571343,7.14436264200497,0.0379975422052946,0.0849629128777538,1.03217524340486,0.0016926994229795,0.0955099598325551,10.3873347090322,0.0418781084656789,0.0532267301656174,1.00577451078852,0.00260756343445695,0.383551698904626
0.0273788665803545,5.03839642076399,0.0258462249353659,0.0724963518716099,1.00577451078852,0.00586700354434484,0.0760526425583406,1.68871705388817,0.0245127645259873,0.0999363683687583,2.44670716921897,0.0546273228625068,0.0967199110217443,1.00867425853989,0.00197187307225828,0.0986060250959074,3.82512526006857,0.0577715082930254,0.093194593948286,12.5610156350281,0.0597979347847393,0.095687646378523,1.00577451078852,0.00253356498524586,0.0948108821154151,6.34893199363231,0.039126766677222,0.0754991745115871,1.00288309926358,0.00603543315874415,0.27809039683944
0.0817070412019069,12.9264638237135,0.217298070544836,0.0915798939859002,10.7215497316231,0.0224949854709481,0.0628520530330431,4.77441020717598,0.0241575315600118,0.0901440617217953,3.76544431297133,0.0694237118547492,0.0977297723927778,1.00577451078852,0.00137861440922476,0.0954039105404959,3.07341994620988,0.048846423130528,0.0712470759207982,1.68871705388817,0.020373141675056,0.0905880924867622,1.00577451078852,0.00176422735354318,0.0957064649789998,6.40400427119728,0.039991379589663,0.077841383400519,1.00867425853989,0.00359560023018747,0.449323685818748
0.0801586763218101,49.7441155759049,0.356658724369764,0.0624223271562658,1.00577451078852,0.00270014167814376,0.0914723674744563,1.78880557933512,0.0342484542543463,0.0958233958023666,4.10218350327178,0.0812359388242715,0.0878684309894171,1.0232988843187,0.00217200110046738,0.0923568005339834,14.2163529457634,0.0645255069386758,0.0714277039317007,1.04112859832463,0.0153060440110272,0.0920007017154917,1.00288309926358,0.00115711468778591,0.0975229218346377,1.55345194953386,0.0279153035556132,0.0806796555207247,1.00577451078852,0.00554445546474593,0.591463684884841
0.0940764183300832,20.2952171540013,0.366769470256201,0.0747489477336398,1.00288309926358,0.00620614481654793,0.0730224557641362,6.33068001474387,0.0345361646574402,0.078838810448127,3.21823926427955,0.050501974505056,0.0928253113376282,1.64079288241399,0.00287276045138688,0.0872505572125236,2.63090415150101,0.0382938256888943,0.0411379134177485,2.10174801133249,0.00851924338132086,0.0959831300693451,1.00867425853989,0.00256975027642594,0.0787808327038939,1.65026765861521,0.0188043721607281,0.0781314187588441,1.00867425853989,0.00779666681218783,0.536870373006189
0.0946641115198764,15.562424351202,0.311294063441033,0.0981788701578388,1.36076598863131,0.0196288774383641,0.0705867201395848,1.0808326105459,0.0160011352845479,0.0965899879976603,4.35566311243889,0.0856502902514185,0.0884137835207109,1.00288309926358,0.00145956660119605,0.0908886007280917,4.06351835261943,0.0488064655716179,0.0564387240915373,2.62334079957365,0.0153854918009012,0.0928357862323784,1.02035709353375,0.0030317110685035,0.0555536677257184,3.53905426496764,0.010789730629627,0.0690043246712522,1.00288309926358,0.00530731812616194,0.517354650213371
0.0490201294492769,6.36750366996198,0.0624935952539716,0.0615934344937035,1.00288309926358,0.00552389087326709,0.0717039667262644,2.12609122719942,0.0249331968265459,0.0307475943209522,2.10913306367623,0.0100791948820498,0.0877679725732807,1.017423759841,0.00165254429449529,0.075096140787372,3.20905081491668,0.03047976635418,0.0700514706346392,1.18513668643434,0.0163180498844495,0.0877069529153395,1.01449885892793,0.00229099405775962,0.0545425607787627,1.00288309926358,0.00770382350022208,0.0600198510422336,1.00577451078852,0.00248689478304999,0.163961950709991
0.083718187566428,27.7836630028175,0.337109989829196,0.0612422364956439,1.00288309926358,0.00495545768500142,0.096453716858751,4.0401882420282,0.0581626891864368,0.0908112177371154,2.2716582022244,0.0456256980023218,0.0961899258998391,1.00867425853989,0.00302041245609862,0.0793911579140339,1.33746236557711,0.0220396633372454,0.0741594986689768,6.72522667244931,0.0317536470561881,0.0967113530478124,1.00288309926358,0.00306829829758587,0.0799299240999373,1.00288309926358,0.00563052825321612,0.0864644554717452,1.00577451078852,0.00889123668564841,0.520257620788939
0.0510993227933091,14.5317584288789,0.108237998532343,0.0853350800978693,1.00577451078852,0.00184639917358168,0.0884666794614913,3.63195145450856,0.0462169105824263,0.098681959940932,3.23666873564385,0.0709029116079408,0.0861642894584481,1.01158236655188,0.00193372020242564,0.0952484849664323,28.3702534600969,0.0733829577335646,0.0924426249058416,1.42902148939294,0.028360442408224,0.0893727349507417,1.74807732789242,0.00309746149480091,0.0906518263436704,10.0925521055113,0.036488991613368,0.0798084005556064,1.00288309926358,0.00204034898465197,0.372508142333327
0.0768514816538752,23.4094814424587,0.265432900655856,0.0771955499645381,3.43861929685961,0.0134185057584456,0.0954617341099647,3.08228092099346,0.0508385517078543,0.0928803134226023,4.41828870957735,0.0806666887375623,0.0967345038320227,2.86823283751515,0.00327573782511349,0.0749724305859522,3.12697047724319,0.030145276663946,0.0866791746328027,5.3417298504113,0.043834494255895,0.098673738191877,1.00288309926358,0.00331207978286315,0.065318352087237,4.57261925984919,0.0155491935366031,0.0703930355393678,1.00288309926358,0.00297817341520839,0.509451602339347
0.0840192603105325,17.8992726094967,0.278345701610725,0.0658234032469994,1.00577451078852,0.00494894773714864,0.0998113784542464,2.90981894079874,0.0536761058349127,0.0972799151928519,2.46775408779227,0.0537117737819727,0.094433471394954,1.0232988843187,0.00202644411375248,0.0787351078255047,16.0435815196353,0.0431436387115998,0.0866591816758952,2.33798763817471,0.0339465532208989,0.0787067581556915,1.00867425853989,0.00131973674740934,0.0812081628975775,1.16484078042324,0.017095870603073,0.0985991276145973,1.00577451078852,0.0112451464789567,0.499459918840449
0.0794630984543511,25.7223434970713,0.293532360184451,0.0618448110689219,1.00577451078852,0.00172868106246242,0.0915868277518359,2.75492656923522,0.0441352716804386,0.0608423438869312,4.67792578502157,0.0385451445720939,0.0938094104163681,1.00288309926358,0.00166023962442694,0.0716254490007091,3.43861929685961,0.0281410327130391,0.0984391511777161,4.06351835261943,0.0550754646588015,0.0897166777628803,1.0232988843187,0.00187954906386177,0.0974930970710925,12.4171951294921,0.0451291249031962,0.0772042523991177,1.00288309926358,0.00189653219363937,0.511723400656411
0.0923286793713165,11.3032030575075,0.231161425382942,0.0829565294507145,1.00577451078852,0.00119790409468392,0.066916852605293,7.16496054867685,0.029236137647502,0.0772064141968904,2.77421627095644,0.0440564837643489,0.0845655798782707,1.01449885892793,0.00167294812371283,0.0926452017044855,1.6741946565908,0.0327922989893337,0.0639939117446733,1.08394875824941,0.0134263488451781,0.0966950396459246,1.00288309926358,0.00115994047046977,0.0902999175537298,2.10780755947618,0.0271444608246073,0.0986159783585196,1.00577451078852,0.00915577299477486,0.391003721137553
0.0474489182324915,18.5761147913694,0.103534443281677,0.0576423912233131,1.0232988843187,0.00606858126416297,0.0949209361310647,4.81582467568853,0.0594787637042518,0.0178655813206886,1.1,0.00232335772399085,0.078742922454228,1.00577451078852,0.00122215255765713,0.0956455453023439,2.48369792620856,0.0442890993704016,0.0971879861593645,1.29204553462562,0.0279635012285485,0.085214297384721,1.00867425853989,0.00230764557117309,0.0883184445491475,3.28381811862624,0.0291751309882532,0.0956228712370464,1.39648494813358,0.0135139403752011,0.289876616065317
0.0531845226578308,9.49650625493224,0.0939449980024837,0.0872883130664624,1.95017021036364,0.0165887244725434,0.0649245433204522,1.36076598863131,0.0168084378287939,0.0771571036631648,1.80778193283313,0.0298225959123444,0.0819468713773092,1.04714060664789,0.00151882898528666,0.0846522842806198,2.17562678075294,0.0328807870860118,0.0841860747567296,3.94819959636536,0.0384439978995436,0.0996045808063837,1.00577451078852,0.00186540036341267,0.0981869123124587,1.72806227717372,0.0297292397937045,0.0834460261583226,1.53125056362849,0.00984103495420363,0.271444045298328
0.0835882246660752,43.4974210223758,0.380811731977172,0.057217361085668,1.00288309926358,0.00429990441608086,0.0942451371272151,2.012917411563,0.0389110686875198,0.0828929236265025,3.95271571283336,0.0620398994727332,0.0825477454313936,1.01158236655188,0.0014046714631414,0.0889339289910393,4.52026390637434,0.0480179456479659,0.0580147763730167,1.00288309926358,0.00641713774834419,0.090034700654415,1.01449885892793,0.0028125137307245,0.0895546895652048,1.91126246166401,0.0257645150795739,0.0865936253546573,1.00867425853989,0.00311123125135622,0.573590619474612
0.0748415851968247,7.3866448483668,0.11787551593882,0.0739367816750353,1.00288309926358,0.00446211050805589,0.0778633843382067,1.72806227717372,0.0258558297725655,0.0965275113689238,3.64902340709828,0.0755388929115661,0.0891078770012294,1.00577451078852,0.00187520574213621,0.0968138063927511,4.21848286189654,0.0570927208347066,0.0965804761122476,2.56361151152847,0.0437312753713205,0.0795877128840311,1.00577451078852,0.00106137931965837,0.0975250086832057,10.2980071327174,0.0444486161636892,0.0817917985296182,1.00577451078852,0.00567404892205169,0.37761559548457
0.0601752003087637,6.38570961945854,0.0793341093808757,0.0865321603637159,1.28093437865255,0.0146300142258918,0.0620208318964588,1.1715671660767,0.0142503925141998,0.0581007005784356,2.55376788872047,0.0273125211209143,0.0948677760688851,1.00577451078852,0.00295444097896049,0.0753141899406905,1.99560700049668,0.0255896499422974,0.0575684343148285,1.00288309926358,0.00444771519456137,0.0917269676940162,1.01449885892793,0.00204423738502022,0.0927003955782616,1.09020803204812,0.0206692156707382,0.082911917871939,1.00577451078852,0.00817740493730016,0.199409701350759
0.089204103505418,19.1141286310009,0.321432834111986,0.0920482681607068,1.00288309926358,0.00270461329580807,0.0478213462171258,1.64079288241399,0.0113365071447045,0.0971836195110965,4.58536165357771,0.0895256593690721,0.0983510649725884,1.00867425853989,0.00117623890337004,0.0897478194969229,1.06232295058138,0.021043538708856,0.0600150342863345,1.29950646550457,0.0134955532654958,0.0917985480701675,1.00577451078852,0.00166914802796953,0.085286168102215,1.98987000774274,0.0236612591479803,0.0760704929560544,1.00577451078852,0.00310167075091489,0.489147022726157
0.0735891233499395,12.0703719026488,0.176703569216844,0.0626246757336988,1.00577451078852,0.00194081784066635,0.0703008848196424,6.94161247758823,0.0323778769599374,0.0652164428996116,5.14010590930432,0.0449081844387046,0.0997762863278276,1.01158236655188,0.00273046892391547,0.0900239772290945,19.2895159816518,0.0616580930837205,0.0992176781266699,4.08698318318596,0.0559623912481424,0.0925465707710875,1.00577451078852,0.00218797676841481,0.056159333677921,2.22631645743836,0.0103667366265972,0.0623735037747678,1.00577451078852,0.0031455645525672,0.39198167965951
0.085747599936671,8.79194352043078,0.164786718457919,0.0844958956103437,1.00288309926358,0.00372972525461721,0.040775324603127,1.92229906736858,0.00926139240427096,0.0987032867108105,3.49604667292942,0.0755777128968874,0.0885134512631481,1.0232988843187,0.00116361219669023,0.0572362783590702,2.84356700216288,0.0174367907494888,0.0818867790671929,1.08394875824941,0.0190931370131725,0.0763537480554177,1.00577451078852,0.00171639335558433,0.0778218100486502,1.79396288338358,0.0188935052092126,0.0913865591988294,1.00288309926358,0.0071085730266556,0.318767560564499
0.055034943689841,14.6567626550599,0.122397845724917,0.0843916581138489,1.90576794350953,0.0152632168292709,0.0855452910428138,1.09335121002246,0.0204849968335947,0.080009083239466,5.02403172267303,0.0656781614660644,0.099939042899051,1.00288309926358,0.00144241277234071,0.0932336207187939,1.40051115285914,0.0286757748201157,0.0740117338638061,1.37652687910296,0.0195232529190145,0.0880811135453683,1.00867425853989,0.00215308571063314,0.0430901227609086,1.00288309926358,0.00384970400735515,0.0672527644791984,1.00288309926358,0.00455196920826019,0.284020420291566
0.0815775261095097,8.04722368011515,0.141891797189484,0.0917292174856255,1.00577451078852,0.0133830559250719,0.0838220607363944,1.33746236557711,0.0240966515207899,0.0879221954105132,3.53620203057629,0.0639334822695957,0.0853025473345528,1.00867425853989,0.00113471193821713,0.0924976884936953,19.4568382303861,0.066041757982229,0.0921638850169908,1.07772542117776,0.0220294872265625,0.0964395042131345,1.00288309926358,0.00340279100077166,0.0813148494814021,4.29198469417562,0.0253055668214038,0.0847202742721972,1.00867425853989,0.00474273737068121,0.365962039244807
0.0960772318276443,11.0164552140568,0.236598667230543,0.0824556905703012,2.83539228475476,0.0154898579036486,0.0926122768152759,3.70588742997801,0.051526850069071,0.0902962541532067,2.75055560547588,0.0545470396293539,0.0988162052706787,1.00288309926358,0.00326393990883936,0.0509544274376832,3.37001557459736,0.0144647369422081,0.0449984048535626,2.49804006667886,0.0102191493430609,0.0913524146663342,1.02035709353375,0.00163424576325479,0.0566586126060006,1.8570226648111,0.0102281766066195,0.068783447170301,1.00288309926358,0.00388164821451601,0.401854311611115
0.0973315282616871,40.2702697862705,0.530696875563719,0.0977352533202482,1.25899790157518,0.0189500395357384,0.0826384413144849,6.98169689372975,0.0466402544686176,0.0976152897221742,3.1545585784443,0.0682565391028682,0.0866439134001313,1.01449885892793,0.00206502550324749,0.0987091258898389,2.09570588324384,0.0423739686261249,0.0687055948379533,7.72186012504483,0.0271340537344269,0.0892522760611775,1.0232988843187,0.00111784508096003,0.0835674453341816,1.00288309926358,0.00613027069420858,0.0527763097078522,1.00577451078852,0.00322530560238337,0.746590177912294
0.0872040121361227,11.3679316373199,0.215621045494454,0.0995694383016777,1.11882507338448,0.0186870498421089,0.0881086152963772,1.0808326105459,0.0209551300551242,0.0510708435894353,2.20142253180807,0.0207638380590952,0.0955960359983457,1.00288309926358,0.00114192123721714,0.091805559523688,5.97646129188652,0.0559399898373616,0.055604347275066,1.26262771749805,0.0117941660294557,0.0894120356742773,1.60805750536954,0.00307277688527641,0.0823988097543284,1.4963864293158,0.0197962283318484,0.0973925246384891,1.00577451078852,0.0125168090552819,0.380288954827223
0.0949310714584401,25.2133644123388,0.417521927922003,0.082203541278786,1.00288309926358,0.00592315373631396,0.0687985949519036,6.04568285725226,0.0303370773323121,0.0931115400156836,2.38463732930195,0.049293584958626,0.0959124954930975,1.00577451078852,0.00282052635448735,0.0604263309676638,1.70336542221432,0.0162908486432807,0.0890292042639618,10.783461436218,0.0523035724568951,0.0977329848796511,1.01158236655188,0.00165421294530302,0.0920836286991953,7.12382395041967,0.0366749073545846,0.0943887762749408,1.40859841962076,0.013143998017467,0.625963809721273
0.0968972396690126,20.5283266572726,0.389802135507462,0.0755977481246237,1.00288309926358,0.00754869679904339,0.0719053973885587,4.21848286189654,0.0312072907300343,0.0826999475264519,2.46071840828763,0.044007227792882,0.0978173837483629,1.00867425853989,0.00286721420085299,0.0977869304295795,1.1481932879197,0.0250779518861802,0.0999206901860265,1.0684573459204,0.0239425311722978,0.095803978871187,1.01158236655188,0.00290645221903711,0.0914372064545349,1.20578622343754,0.021488947152036,0.0991444821200951,1.00867425853989,0.0100174821899018,0.558865929649728
0.0757124568047864,16.7616304218783,0.223471350604124,0.0489131012380958,1.00288309926358,0.00308856046118371,0.0906337258707092,3.66345594042931,0.0487531408433804,0.0880623799699629,4.30620236088767,0.0723857140291337,0.0950821158402128,1.00288309926358,0.00258078053247337,0.0958381942512884,1.15482354244809,0.0247351686718923,0.0552966544008883,1.00288309926358,0.00256924372389749,0.0962855050569894,1.00867425853989,0.00128945601601714,0.0831347144266765,1.00288309926358,0.00442137590579989,0.0555600320856434,1.01158236655188,0.00122251056714132,0.384517301355043
0.0951368509600127,33.5449371641478,0.473641278404372,0.0774243756161208,1.3490638599235,0.0116095281068283,0.0903205715731305,1.6984685687346,0.032312669386575,0.066953022431597,3.20906391729309,0.038758562348982,0.0930981775249465,1.03217524340486,0.0013278179196078,0.0995826448218862,4.00544398533237,0.0600823434877301,0.0859553880520687,12.8907317012169,0.0481841939709148,0.0962054585885816,1.00577451078852,0.0024495522237926,0.080717687180207,5.94214829246472,0.0259254403625733,0.0729548983845955,1.00288309926358,0.00502102683539377,0.699312413046769
0.0861246448407965,9.82750787400195,0.185770876179066,0.0951692490824934,3.33142973427318,0.0225017049247596,0.0763063916624952,1.1028352210931,0.0179874927603518,0.0862207840228433,6.20596822410324,0.0827420460723371,0.0973430879665171,2.6460963359074,0.00331647626328882,0.0942818943932894,1.4963864293158,0.0308307970302789,0.0886102868987562,3.62151028088471,0.0416557708977985,0.0895114644991085,1.01158236655188,0.00260535853561004,0.0945360703457215,11.2918003500854,0.0412761038535779,0.056767149753867,1.00577451078852,0.00166814994226845,0.430354776459337
0.0661139683091533,27.5467024013616,0.207640596265459,0.0787305991297385,1.00288309926358,0.00294263549175473,0.0904888092485363,6.64822449937834,0.0577149140975769,0.0851883863537191,2.18888771381329,0.0408716031375966,0.0898385612427128,1.00867425853989,0.00146338759293263,0.0948194237669962,1.18513668643434,0.0250541601190177,0.0549200537459256,2.85176528809274,0.0148938241109167,0.0957484511563982,1.00867425853989,0.00231143506519713,0.0825562472422326,1.09650345009091,0.0170800086020396,0.0872996809049321,1.24817094410403,0.010613643209631,0.380586207692122
0.0946581586418068,16.4769373246547,0.324815469747353,0.0566061040210646,1.01158236655188,0.00134766308378549,0.0493587225963248,1.95017021036364,0.0126248458065128,0.094405950079898,2.3241421220487,0.0487574316176288,0.0896160191542906,1.00867425853989,0.00156752449912556,0.0716948550602072,3.06458444505318,0.0273543361858256,0.0969005709296623,1.8199732981517,0.0362099050936577,0.0845961489679747,1.035151107089,0.00192664920301225,0.0868191016259969,1.39247031798524,0.0211390680403731,0.0958972174200611,1.00867425853989,0.00493231575296776,0.480675209030242
0.0715027271789765,8.61797354889383,0.130393568459519,0.0941481177560247,1.00288309926358,0.00381595769337712,0.0850308633658475,5.48194575365476,0.0476709140206929,0.089828520214252,2.68844239023807,0.0530209028382353,0.0922216385333916,1.0232988843187,0.00199277835726314,0.0807203385591969,1.79396288338358,0.0273465478245362,0.0686657573821525,2.17562678075294,0.0210720130807718,0.090764116186436,1.01449885892793,0.00206474668321849,0.0888661472711826,2.10780755947618,0.0262019286451581,0.0928461351827743,1.00577451078852,0.00512103157919864,0.318700389181971
0.0536103731991674,16.9058163200043,0.123564495099834,0.073456972760151,1.78880557933512,0.0109699802174015,0.0931506417757073,3.31230280598519,0.0498753065846776,0.0733080295123721,2.33745148383553,0.0358728880136599,0.0843045468800758,1.0232988843187,0.00122620656953469,0.0984091307147257,1.4920846013006,0.0326192327045402,0.0890528340700537,5.72386552959968,0.0476461758827566,0.0995894661539514,1.00577451078852,0.00194849229657084,0.0863190611872409,1.64552345116496,0.0225987823946811,0.0897248910118216,1.00577451078852,0.00668903494444907,0.333010594708106
0.0909982906281224,28.2637168451449,0.400999948791796,0.0995932952699732,1.00288309926358,0.00993285337298394,0.0883965881442673,2.15071639511557,0.0364574876216196,0.0898133803920824,3.44649309576242,0.0648456526375559,0.0922437127161572,1.01158236655188,0.0010440589471356,0.0969540725508743,1.2267955530143,0.0266221482116972,0.0959552670364125,2.33126636583218,0.0411482771763439,0.0891548263381048,1.017423759841,0.00208516205044435,0.0967494444016832,1.41265954868704,0.026176930559019,0.0573246061771374,1.00577451078852,0.00162587448023995,0.610938393848836
0.067142298453226,9.99731028324292,0.135579261036875,0.0967483116974543,1.75817161928149,0.0206411201242083,0.0661528449614797,3.11798102843626,0.0244724059181041,0.0657372612725606,3.55645233787452,0.039504541777137,0.0857640494517822,1.01158236655188,0.00215406698839671,0.0797617083446187,10.9398093223365,0.0432376478039206,0.0461617424024483,1.00288309926358,0.00356980526390727,0.0933472310384899,1.02035709353375,0.00197964211145687,0.082298361354473,2.25859550568368,0.0226484923086387,0.0735077466846823,1.00577451078852,0.00223670581396807,0.296023689146613
0.0992115142537573,31.50270328173,0.504477385827656,0.0622172649828441,2.27818714703702,0.00795868290704533,0.099741053297488,3.91424641100743,0.0617754206615004,0.0171287578668555,1.1,0.00144888173831703,0.0981467515844438,1.01158236655188,0.00117439574168156,0.0724218716111866,1.13178371549186,0.0170233457963871,0.083630591939768,4.81582467568853,0.0394920560756437,0.0908435427551503,1.00577451078852,0.0027146087356828,0.0497748687126665,1.00288309926358,0.00133783700867422,0.0734577564205409,1.00577451078852,0.00576317157827845,0.643165786070867
0.0664916009902967,16.8576170662859,0.178815332901868,0.0530627025612577,1.00867425853989,0.0037300092794841,0.0574713178482526,1.59422875299434,0.0150582702043811,0.0943371703724417,3.02231112063516,0.062880511924464,0.0949316028864315,1.00867425853989,0.00229171736950237,0.0353502824736107,1.02035709353375,0.00580696650348761,0.090549250947178,1.59882507273807,0.0296581854294903,0.0994109317377005,1.01158236655188,0.00180272368303246,0.0850711584023257,1.33361741419236,0.0198653838011265,0.0596111117818379,1.01449885892793,0.00244956750098633,0.322358668597823
0.0736124628183992,14.4490151370219,0.197725020744563,0.089230407434128,1.00288309926358,0.0035367479587772,0.0998256677040904,1.33361741419236,0.0299298566729341,0.0922770370584776,2.80608073301086,0.0571142423834844,0.085422747572708,1.50936647207927,0.00227031525321116,0.0716730728936601,1.9841495077581,0.0233919302019397,0.0852450454510029,3.11798102843626,0.0367626039367892,0.0816951431514806,1.00577451078852,0.00220380877022526,0.0967282488461597,1.00288309926358,0.00934082503697267,0.0866468595677077,1.37256962462899,0.0106066896091381,0.372882040568035
0.0770270664141982,20.8234823389629,0.254783775916862,0.0972032496532563,1.15482354244809,0.0180682826133502,0.0909435140205831,2.92662172166501,0.044930210173439,0.0756483006447709,7.15826280015886,0.0664669396430952,0.0984992658308971,4.29198469417562,0.00345429942704024,0.0786460073882928,1.29950646550457,0.0212618692417715,0.0881552379351831,35.8210683711633,0.055140025921623,0.0963216075961938,1.01158236655188,0.00285500581436985,0.0939814073003237,2.80292774815717,0.0324197600573207,0.0942501650641936,1.00288309926358,0.00320884630202409,0.502589015110896
0.0709833010196971,12.9264638237135,0.17442819216614,0.0860038656835103,1.00577451078852,0.0069948119500148,0.0812948973773665,1.669381663546,0.0270720970738835,0.0832620632796741,7.51427334864795,0.0823947137861397,0.0886413641699409,1.017423759841,0.00219043995026712,0.0637933089612505,1.60805750536954,0.0174119812438635,0.0676902098441971,2.57100265798945,0.0216602584381548,0.0959327574952599,1.00577451078852,0.00269724011893316,0.0733048540425355,1.00288309926358,0.00703955622290288,0.0920149188498607,1.3490638599235,0.0122235778838484,0.354112868834148
0.0715470851179567,10.1121387187552,0.14946860625598,0.0653792587417765,1.75817161928149,0.00860248184259573,0.0906816949733831,1.06538573309788,0.021208723586355,0.0665650558562622,3.40735642831775,0.0394999042260167,0.0807850247715284,1.00867425853989,0.00181686958041514,0.0983235957449483,1.93339940407185,0.039935997080707,0.0916884135931675,1.70827639380871,0.0317373778930438,0.085614959421643,1.02035709353375,0.00106812601012832,0.0978695205006266,1.4963864293158,0.0276358268079545,0.0670842883249327,1.00577451078852,0.0013699317250242,0.32234384500822
0.0794890108764346,14.4078203355768,0.223751655580822,0.0889463574403387,1.00577451078852,0.00535183249609269,0.054802647570921,1.09966477838038,0.0114466992487238,0.0945266811785274,2.5610696150512,0.0540365404475231,0.0967423160933779,1.00867425853989,0.00282069220870685,0.0923898488696466,3.30278056177977,0.0474058261768331,0.098739521256268,4.3416960341386,0.0566462738999695,0.0871707640316147,1.00867425853989,0.00233247358221192,0.0928519881688719,1.58051892322707,0.0255008422692057,0.0868722326554665,1.00867425853989,0.00886848478006853,0.438161320690157
0.0736269628041539,15.1243819041304,0.202542813791743,0.0806367184554721,1.00577451078852,0.0103095609799122,0.0858830300727111,1.27358007675926,0.0238778788882483,0.0876699605179789,7.30276577043746,0.0912968169669666,0.0933361633952457,1.017423759841,0.00193058787348879,0.0976065197054249,2.77882351455518,0.049003473884382,0.0565361821008873,1.00288309926358,0.00447314295586091,0.098288925687668,1.01158236655188,0.00126730259023548,0.0981475949607589,2.62334079957365,0.0352137747301355,0.0981554134938788,1.00288309926358,0.00657102802126177,0.426486380682234
0.050320590460391,28.7520651910268,0.126078861277505,0.083257923413884,1.00577451078852,0.00545840380713552,0.0967441273044197,5.2653877364201,0.0636565564458855,0.0552577159280696,5.82814552858132,0.0342253250214364,0.0970146318979458,1.00867425853989,0.00154349838009618,0.0722083730124811,1.27358007675926,0.0184617978683375,0.091517791122725,2.22631645743836,0.0368153800116328,0.0893748978779462,1.017423759841,0.00132066350756588,0.0834541243015434,5.17521601544173,0.0275880508491438,0.0999182531795594,1.00867425853989,0.0115237458475788,0.326672283016317
0.0790806464502856,13.8432741205849,0.216323925431672,0.0908599723462108,1.00288309926358,0.0028161423750111,0.0887248397249965,1.21975208146059,0.0238551615025023,0.0998408054712467,6.78029147502497,0.115891254021587,0.099614934616332,1.00288309926358,0.00219444367757265,0.0874354837925432,3.71657187129828,0.0439037888456636,0.082490288948687,15.7688292262238,0.0441033039267277,0.089893627385454,1.02035709353375,0.00258605507993891,0.0782005657995108,1.36468921205103,0.0172425603824884,0.0907294264157547,1.00577451078852,0.002721126949129,0.471637762192293
0.095426207475597,10.2575307541953,0.218246651802995,0.0761460332887013,1.00288309926358,0.00448464434863602,0.0925432587470965,1.2517695448338,0.0257294559178176,0.0517454894978364,2.02071261469223,0.0199900190571482,0.0856078593914747,1.00288309926358,0.0012692396486673,0.0973530835350486,6.34893199363231,0.065017826932541,0.0984884477545117,31.3779203344798,0.0738780172480328,0.0905830982473291,1.00577451078852,0.00282198504254073,0.0969274728538675,2.10174801133249,0.0316105614308674,0.0817280397646639,1.00288309926358,0.00136537309565504,0.444413774524901
0.070553896012078,11.0795417123657,0.156307479471248,0.0958692507824092,1.97275779657863,0.0207534110770056,0.0407679019673181,1.03217524340486,0.00730318839525769,0.0181547382545976,1.1,0.00310619925903898,0.0986636434567055,4.44285270778494,0.00350246299415648,0.0899391559926566,2.09570588324384,0.0360093888111847,0.0636819364069076,2.46943812909056,0.0190980462229413,0.0765917056222821,1.00867425853989,0.00194089836530707,0.0984989445373048,1.00288309926358,0.00458887300341075,0.077437628025556,1.01158236655188,0.00258109511975589,0.255191042719307
0.0540930276472736,17.4950701385557,0.126859215403908,0.0588531801793196,1.01158236655188,0.00519997302385466,0.0993503003210103,5.11596107896008,0.067397373731797,0.0841118170660014,2.1640317897917,0.0397780603843593,0.0798023877962602,1.00288309926358,0.00176451819545757,0.0851495607665219,1.86237664548846,0.0306985585268976,0.0989023371503794,1.77342245446464,0.0368642150576304,0.0999563094699748,1.00867425853989,0.00262541628254844,0.0836037816344544,16.1827476936424,0.0301949588787021,0.0981928504063402,1.00577451078852,0.00102293921824404,0.342405228703399
0.0931600877498896,31.3233280612649,0.439424403306576,0.0923523320562211,1.1028352210931,0.0159563308346879,0.0991514968414497,1.6741946565908,0.0366720872540789,0.0664524888059324,2.60532048683325,0.0337343493121756,0.0975644365779725,1.00867425853989,0.00232431909469409,0.0993169691832959,2.03037797761035,0.0419916625484531,0.0821114739938126,30.3997993896586,0.0453071489045156,0.094423536378892,1.00867425853989,0.00124164346086078,0.0954791570948942,3.99392909131044,0.0370430606612263,0.0921921345317882,1.00577451078852,0.00972726118786022,0.663422266565129
0.0702383403603361,31.2340238237202,0.242055875963288,0.0802401351486422,1.46653209822205,0.0127986668787403,0.0950577929937786,2.42017049201696,0.0441919045389184,0.0971634319738343,2.47480988369298,0.0537795324329403,0.0825423297387591,1.0232988843187,0.00130302003806783,0.0861562034014624,21.5815941337228,0.0556925754088743,0.0662335016748396,2.78683513858361,0.0212823742161618,0.0921005778206195,1.00867425853989,0.00135732431062207,0.0637100556043328,1.00288309926358,0.00801431155523139,0.0708423162402051,1.00288309926358,0.00614087804217787,0.446616463385022
0.0794131540208289,12.3492432709593,0.201127066182861,0.0634633328299709,1.48779514022745,0.00787283316793585,0.081921256736316,1.07153781450759,0.0190755313537783,0.0210877641238168,1.39017525657422,0.00510608520906382,0.09279697637793,1.01449885892793,0.00217961408025218,0.0807343583474046,21.3344902474791,0.0470168088674895,0.0458273130715335,2.68446171339143,0.0106438735851999,0.0739366849917397,1.02035709353375,0.001737606392815,0.0984342583324273,4.07523387938939,0.0401428085379193,0.0823724192627767,1.00867425853989,0.00252186302870764,0.337424090406023
0.0980944719514373,13.6860767606747,0.29709928682379,0.0925602436780161,1.00577451078852,0.0090950556406557,0.0659207805925041,2.32456441587663,0.0222334947430629,0.0379569123145248,1.1,0.00361615885387627,0.0970291804884365,1.01158236655188,0.00247936324490686,0.0997597328626238,2.60827926283097,0.0493456357085027,0.0984482421078819,7.74412301428478,0.0642237127566024,0.0994175139215775,1.01158236655188,0.00178462588058844,0.0670321446431544,1.65026765861521,0.0136389589462126,0.0810240219870442,1.00867425853989,0.00238074197663487,0.465897034574833
0.0898139449461757,9.88378578253307,0.196485669495867,0.066160049888111,1.38846722913941,0.00843368140495458,0.0788772434665191,1.13178371549186,0.0192072011536952,0.0727392052842409,5.61579031974782,0.0570830774911956,0.0957042968227714,1.00867425853989,0.00155225123493806,0.0973290680731928,24.4961185033437,0.0780638116539319,0.0526225732820678,1.00288309926358,0.00476573605246095,0.0878842289460013,1.01158236655188,0.00173598918690993,0.0663340876969193,1.13178371549186,0.0118111552905262,0.057123714273701,1.00288309926358,0.00351841350889632,0.382656986473376
0.0895447673454961,24.8559857741412,0.368279577271291,0.0822668784362413,1.00577451078852,0.00950508475863461,0.0943796362916981,3.03823005207779,0.0490865403984455,0.0548221253322042,1.30554063652464,0.0143714092819435,0.0937182084988377,1.01158236655188,0.00112915973131995,0.0996819461260154,3.49853297367273,0.0566217418699261,0.0974274468264302,1.10920355497526,0.0242011573565924,0.0987419900490957,1.00577451078852,0.00337427973201139,0.0902419692136259,5.52949756842363,0.0339801966959299,0.0526606620568952,1.00577451078852,0.00213993596991638,0.562689083066011
0.0837226471466742,11.2709771098404,0.202839977698233,0.0982880344838932,1.00577451078852,0.006875081258407,0.0997050785589568,2.90981894079874,0.0537202395418964,0.098932587080068,4.07882582302107,0.0851039865155873,0.0997310170092818,2.73123512958793,0.00355432647547621,0.0962385223291656,3.00344307348301,0.0493754312521698,0.073936853295853,2.21353437928443,0.0243615660801095,0.0907594352237992,1.01449885892793,0.0022189004872665,0.0968618228853976,1.03813555048354,0.0214565095832934,0.0528418343582303,1.00288309926358,0.00278454422036113,0.4522905631128
0.0920252532099335,11.8992843396184,0.241334994017415,0.064668934936167,1.00288309926358,0.00658941098044741,0.0812847081709397,1.00867425853989,0.0177953214000479,0.078034223631234,4.26947573123761,0.058008611013031,0.0966752183393618,1.00577451078852,0.00132580465180859,0.0533585245987415,1.97275779657863,0.0139328313241752,0.0812697172769142,2.54889290196729,0.0309252217181567,0.0889971007730657,1.31455782572457,0.00299702404710216,0.0793111726734183,1.50070065992818,0.0183393391354491,0.0922502736373134,1.00867425853989,0.00839851020859896,0.399647068496232
0.0832681407111787,22.1734116070083,0.303935007387898,0.0871206695003974,5.28056837192541,0.0188530930109429,0.0993336745988275,2.01872085226992,0.0426296843498761,0.0951765984447499,3.05702518349621,0.0641327701350924,0.0948733578931093,1.00577451078852,0.00116648787285898,0.0992263466095729,3.51873529007318,0.0563968879876316,0.0984428845713704,2.94352153037066,0.0485575573465296,0.0806449407854104,1.05926897298544,0.00231384103477969,0.0773359306479989,1.00288309926358,0.0130956601229766,0.0958952902520718,1.00867425853989,0.00160936994521392,0.5526903591938
0.0998660583456654,15.429695940481,0.33618258389344,0.0722462630681175,1.00577451078852,0.00246746258717251,0.0960310886691095,4.20635552139048,0.0585085130100576,0.0881239020981982,7.97859072257112,0.0949998336633513,0.0787867396733125,1.00867425853989,0.00147360237801657,0.0805698853593174,7.92455244054436,0.0426009184083832,0.0827421493469262,1.58051892322707,0.0254627461093069,0.0951201016431511,1.03217524340486,0.00130046662193285,0.098489549039829,1.00288309926358,0.0164588710370103,0.0932123150427651,1.00577451078852,0.00780403839710084,0.587259036105772
0.0908110667448916,17.6455651880953,0.316579578801583,0.0918509100174455,14.716073490575,0.022931366439461,0.0999424733373265,2.67674439360146,0.0516890765143616,0.0919675807460435,7.28194525201041,0.100416429682222,0.0833352639161386,1.01158236655188,0.00181364835540949,0.0959783810934904,2.04799000112185,0.0398504105589315,0.068511982322258,8.34603823722249,0.0271417642693291,0.0915150070827281,1.00288309926358,0.00295739687322355,0.0789795093934325,1.00577451078852,0.0150099067980087,0.097822749195212,1.00577451078852,0.00612254306089904,0.584512121353429
0.0494929833923522,16.7138422487345,0.10780393895472,0.0909984516789575,15.3654978668113,0.0224282633848361,0.0740155156586555,1.51808232505612,0.0219939331424346,0.0892797446266508,4.99542507295732,0.0802868382548778,0.0840189853093988,1.017423759841,0.00163524788606477,0.0897317878149532,5.20510035615579,0.0511557710544681,0.092747524253235,24.7798415269477,0.0621399225639708,0.0941114653416509,1.00577451078852,0.00302630226611517,0.0367892561052662,1.00288309926358,0.00155271241319877,0.0788251334761517,1.00577451078852,0.00333617636798713,0.355359106288673
0.0703469823107534,13.2251141621628,0.174035553633689,0.0476762872872442,1.09020803204812,0.00433022306805647,0.0949961930538383,2.7391095515787,0.0475258491985968,0.0821180701199459,7.95584339636854,0.0811785363794598,0.0996123898052473,1.00288309926358,0.00191557212468169,0.085248598812636,1.20578622343754,0.0223442082834086,0.093180965968752,1.54009278652809,0.0303407757890775,0.0899824193168566,1.01158236655188,0.00273366178885296,0.0848545827825153,2.71555413295041,0.0254502115257967,0.0796239464570724,1.2232687477884,0.00848646245778059,0.3983410542494
0.0534850802664114,10.4050132320787,0.100122371271971,0.0824601178636259,1.28833114804146,0.0131402089347932,0.0938518591824613,5.72386552959968,0.0606315444401589,0.0529811326592715,7.53575813894876,0.0334720057665273,0.0902321114624567,1.017423759841,0.00241698323431341,0.0919691708514687,25.2115995346114,0.0661635556948966,0.0983969716784414,2.44116367657533,0.0444203549742551,0.0856427677905556,1.00867425853989,0.002038353187274,0.0639805243725983,1.00288309926358,0.00260280262414898,0.0684152053775819,1.00288309926358,0.00198831870885068,0.326996498837189
0.0792752844776201,12.6345576255084,0.204578422702724,0.095571128485501,1.24100474879353,0.0179649901568805,0.0739398332488409,8.27426512232383,0.0370597681207881,0.0877429989460583,3.65945668508362,0.0650491394303477,0.093374183811604,1.00577451078852,0.00207356902713006,0.0892937103703207,2.03037797761035,0.0350143961860504,0.0982162840058348,2.28475538672293,0.0425072281452831,0.0885279624161925,1.00867425853989,0.00106567724095816,0.0935224683733081,1.00288309926358,0.00974967353312349,0.060645315279429,1.00577451078852,0.0041155721142659,0.419178436657551
0.0361436380803735,7.79841769794335,0.0494236347192608,0.077963131423047,2.02454102487246,0.0128773147849422,0.0891075290534207,1.59422875299434,0.0302011864620983,0.0863554994834038,2.68077751831343,0.0503080726200935,0.0864803583347036,1.017423759841,0.00130705774670791,0.0995608925805931,2.78683513858361,0.0510673617719048,0.0785416744189538,3.50861959151272,0.0318679413326356,0.0876386445928931,1.0232988843187,0.00106411134141804,0.0942793594858093,3.19982540066046,0.0338346590118532,0.0797712873999329,1.15482354244809,0.00846107066785606,0.27041241045877
0.0759563912127314,32.6939448974803,0.287403439637431,0.086943334507296,2.10780755947618,0.0167602249017142,0.0838169937085131,4.02857346483847,0.0427392604919751,0.0420042269024704,2.11516349130204,0.0154348217249218,0.0812842293141568,1.05318733137807,0.00170827716453385,0.0961788672478459,3.9368492691367,0.0552490547276608,0.0979242048964728,2.60827926283097,0.0454564991649188,0.0854047726280448,1.02035709353375,0.00181295823650434,0.0767316595796625,1.79396288338358,0.018333096724938,0.0741866821326979,1.00577451078852,0.00647706646460445,0.491374699239202
0.0542226489240988,42.5151595953122,0.153407588940374,0.0896878085936323,1.00288309926358,0.00644905993967406,0.0499750440151171,3.11798102843626,0.0145090711530087,0.0898428879703994,5.2738979736265,0.0836861701512514,0.095696510937784,1.00867425853989,0.0021924338698386,0.0851291325930918,2.79486986091936,0.037410395563504,0.0901737221355967,3.10007958542497,0.0411942480915309,0.0999459616111543,1.00867425853989,0.00173529198924246,0.0596137704269362,1.00288309926358,0.00308209973146541,0.0931317420012776,1.017423759841,0.0116727362256204,0.35533909565551
0.093227998022845,17.6455651880953,0.330551348178241,0.0648821641454159,1.00288309926358,0.00370539913727981,0.0832147326513558,1.02035709353375,0.0184799638688025,0.0376262992607774,1.81813432202117,0.0122332092854981,0.0775273435120986,1.00288309926358,0.0016623590222175,0.0932935865419229,4.99947880072813,0.0551447519356961,0.096339891831952,30.3997993896586,0.0695712647877731,0.0996843580603451,3.53905426496764,0.00428892491405699,0.0973634743899827,1.00288309926358,0.0148739535163154,0.0917822392311904,1.00577451078852,0.00525127757849085,0.515762452224371
0.0619636253986158,17.2964047929685,0.159911212242173,0.0766328922661836,1.48779514022745,0.0116433393242748,0.0960709864115434,3.75961856902805,0.055879615144126,0.0656640395538069,3.83050470512799,0.0408075159785038,0.0865545711765445,1.00867425853989,0.00212563465287753,0.0889851039576548,17.0926028588123,0.0594155135390041,0.0862927343358614,2.13836836392825,0.0323561394886057,0.0889219831534313,1.017423759841,0.00284883473675623,0.0811008129141322,1.00288309926358,0.0127210760589972,0.0778381562610797,1.00867425853989,0.00108541833710475,0.378794299502423
0.0756105940439441,28.4255709888153,0.273914534598151,0.0845179794225538,1.20231981606127,0.0136188214128829,0.0932830531922238,2.69996316651677,0.0454452778787969,0.0983876898507353,4.36811681278352,0.0885096225896317,0.0963942671686293,1.03217524340486,0.00284120732392179,0.0539381815535814,2.08367368705817,0.014377851706186,0.0665588129581859,1.26262771749805,0.0156256587806105,0.0975799360558626,1.00577451078852,0.00247135774966887,0.0749300320871542,1.00288309926358,0.0012010068265939,0.0734432911378462,1.00288309926358,0.00400370535522591,0.46200904422167
0.0435845083062051,7.57891218295399,0.0620554412379713,0.0570726818597794,1.01158236655188,0.0054236627695906,0.0541365149743228,1.74305193613896,0.0141667765438148,0.023534958316844,1.11581576790353,0.00488042495088445,0.0875220194397198,1.00288309926358,0.00180076921616705,0.0948098445041834,1.65502554408647,0.0336716960289475,0.0970973374119539,2.63848930932274,0.0447929279803387,0.0913564818173842,1.00867425853989,0.00313154856762265,0.0681864479126119,1.00288309926358,0.00836263771964603,0.0883924181959278,1.00577451078852,0.00408589165542886,0.182371776670412
0.0928373761508884,18.1566278288002,0.334607781779309,0.0848658259437461,1.00288309926358,0.00234491274008742,0.0941540004825768,1.96708649096514,0.0382985911306976,0.0697178437694356,2.25228374127422,0.0326021211205165,0.0922841941871554,2.63090415150101,0.00285264197313827,0.0931612245247659,10.7215497316231,0.0635103065469961,0.0931885594189075,1.23033252636976,0.0253389328580746,0.0836331691574126,1.01449885892793,0.00245355467032598,0.0932192527189373,7.56780167843215,0.0383134871465778,0.0802226908010614,1.00867425853989,0.00748597679849938,0.547808306764223
0.084970314665489,15.3857051733181,0.259666229362718,0.0829265311669456,1.00577451078852,0.00185048269809941,0.0954968408264606,1.68871705388817,0.0349869086666536,0.0976114287821514,2.49609854576165,0.0544919436802457,0.0945741026461026,1.00288309926358,0.00210631867062538,0.0969355351385758,7.31081832073186,0.0664775090437192,0.0969747992225398,4.95648496866088,0.056436718097321,0.0910197050960717,1.00288309926358,0.00303461369901276,0.0941137629221338,2.57841511385935,0.0318432994445716,0.0661891168486329,1.00577451078852,0.0040882055883389,0.514982228951306
0.0860294141561558,10.1991247557003,0.19198158927882,0.0712509582074005,1.00577451078852,0.00735972225012092,0.0866059931233109,1.67902152597229,0.030009630436272,0.0495672837091893,3.47614031324007,0.024559154356834,0.0978161474298947,1.00867425853989,0.0017593468933431,0.0905818301675946,1.01158236655188,0.0201566749875877,0.0973270887870452,2.44116367657533,0.0435207969896772,0.0793441502364602,1.00288309926358,0.00147421671312388,0.0755646530441728,8.32204495553973,0.0227784760085228,0.0840320562270373,1.00288309926358,0.00225467067609195,0.345854278590394
0.0452853999712085,7.62231335159879,0.0655228520740559,0.0982409364487337,6.862132740856,0.0266464587324769,0.0996617919997637,6.90175820040029,0.0739232703640428,0.0588115476634592,3.1545585784443,0.0311491596145593,0.0931352918940198,1.02035709353375,0.00222453558242692,0.0993190293884081,4.45566189315493,0.0615507370340111,0.098367518516114,1.46653209822205,0.0316559722123116,0.0808702598927031,1.00288309926358,0.00158943579371261,0.0896292083525012,4.3416960341386,0.0320532088788921,0.0911900604172244,1.00867425853989,0.00340166788516006,0.329717298171649
0.0750603979195303,13.4920879143229,0.195919556789943,0.0641781789647959,1.00577451078852,0.00685381502373608,0.071219168425036,1.4249133228412,0.0198814177626776,0.0875330963453445,2.09712373847947,0.040155481179312,0.0999601015335216,1.00577451078852,0.00294787347488012,0.0715240625859913,1.57144459943409,0.0207072864728971,0.0994588878190971,2.77882351455518,0.0484913796991037,0.0935754669247124,1.00577451078852,0.00128375351005899,0.0454369341888827,1.00288309926358,0.00360920072343931,0.0628010083877059,1.00288309926358,0.00160872476477156,0.341458489400819
0.0659693867338606,12.3492432709593,0.151306326336986,0.0871451838209988,1.00577451078852,0.00468496528283423,0.0707614666916399,3.00344307348301,0.0275791087954426,0.0948263715275939,2.90388694099229,0.0611602984195428,0.0811545350746913,1.04413027541975,0.00118039232239023,0.0695456127132109,7.28980110054726,0.030146753523187,0.0871882716000018,4.95648496866088,0.0438641735060633,0.0867031970944174,1.02035709353375,0.00154078761679263,0.0950594888655666,1.00288309926358,0.00865591111357754,0.0966699926889681,1.00867425853989,0.00257150511585469,0.332690222032671
0.0762726867725196,19.667724786681,0.244027990539743,0.0989449425332303,1.54453302690677,0.0209424103185155,0.073773950911598,2.03037797761035,0.0256134616432435,0.0901185545607814,2.33078730300029,0.0464522373512257,0.0867029984779579,1.00577451078852,0.00132276254044646,0.0965241121380293,21.151020824465,0.0752898870313016,0.0870827355611788,2.23917234584048,0.0336378302314249,0.0735958042855365,1.00867425853989,0.00158354668930662,0.079262302105578,1.33361741419236,0.0174307339060397,0.0884802786976751,1.00867425853989,0.00278530069821429,0.469086160949461
0.077994632395175,20.704914205238,0.261324067959183,0.0849100295458475,1.00288309926358,0.0128432204116642,0.0914928797210931,4.02857346483847,0.0515234009931834,0.0971554871587491,3.73332968686678,0.0776134424110748,0.0925961190741442,1.017423759841,0.00126004012533626,0.0993179869645957,4.58580257506987,0.0621811512654879,0.0917512307740097,2.4062754285944,0.0383360265909967,0.0957577619841165,1.00867425853989,0.00356356553025165,0.0958447141610273,1.58051892322707,0.0271914551788656,0.0989289773900908,1.00288309926358,0.00634811015730472,0.542184480623348
0.082041853113556,13.0376590803266,0.219726893212494,0.0942508159751862,1.00577451078852,0.0154802087498465,0.0934025461028051,3.43861929685961,0.0507099817455296,0.0667790020858195,1.5672849047986,0.0218024873087074,0.0843638620890348,1.01449885892793,0.00181404293460148,0.0984979927739837,3.4784466459882,0.0552045660356847,0.0908823354395634,1.54898606893921,0.0293208617204018,0.0894756944238883,1.0232988843187,0.00254262009835407,0.0604707454015333,1.00288309926358,0.00692160725809757,0.0998581868209645,1.25537852068667,0.0146458099509392,0.418169079014656
0.0977710067046555,10.1121387187552,0.22041655347931,0.0494175859869518,1.00288309926358,0.00164565414562443,0.0796196565445929,4.12243473196511,0.0382554797008354,0.0948868419921467,2.37105929306653,0.0500755915686346,0.0983073439545133,1.00577451078852,0.00258557304422306,0.0680141441975142,1.68386231169735,0.019787096406636,0.093573479377005,1.24100474879353,0.0256788195588304,0.097105535900498,1.00867425853989,0.0028110166498175,0.089225869864074,7.6115020308696,0.0342991634584958,0.0935156757280031,1.00288309926358,0.0032067305674901,0.398761678579897
0.0633864753450787,6.13549632475213,0.0799730986220285,0.0946302988978816,1.00577451078852,0.0097325209979593,0.0801435160361966,1.64079288241399,0.0262098896617655,0.0903936806816841,3.36866417747168,0.0644065959290899,0.09173711501635,1.0232988843187,0.00126479534855949,0.0926209708408057,1.71320152422168,0.0333449125270046,0.0996756079915359,1.28093437865255,0.0286806809544427,0.0928211294144927,1.00577451078852,0.00127065691208364,0.0580428912629339,2.72338334507132,0.0114463127192763,0.0858226000414778,1.00288309926358,0.00914945103288435,0.265478914705094
0.0833310166379681,20.5283266572726,0.293715415759289,0.0875851568589832,1.61269369477906,0.0159686493082827,0.0647083758076116,6.20437693319619,0.0265389814613314,0.0749439160846314,3.20906391729309,0.0464882523099899,0.0851603430173527,1.669381663546,0.00226751774243443,0.0950472780072994,16.464712003024,0.070461078833202,0.0881575211390406,3.41887695499837,0.0406890041159038,0.099663610774381,1.00867425853989,0.00281097123950916,0.0767099264682052,1.39648494813358,0.016770884129752,0.0887820855506231,1.00867425853989,0.00630079928512805,0.522011554184822
0.0860003532689893,14.8251092480606,0.258485400081697,0.0992069009496814,2.04210241714683,0.0228696906132544,0.0971620286022198,5.5136013085513,0.0653721836827073,0.0936569160441062,3.89668922880161,0.0754578404144591,0.0841462032563074,1.02624915657849,0.00151068039012503,0.0650135544744092,1.08394875824941,0.0141875791857961,0.098478536507635,1.40454896553258,0.0306189643281713,0.0836780917940332,1.017423759841,0.00183725239618926,0.0735670346363118,1.00288309926358,0.0039139049221494,0.0835440989657581,1.00867425853989,0.00578823145508288,0.480041727469632
0.0775175238993078,36.7540973166764,0.310827728548926,0.085697769704088,1.00577451078852,0.0013094420714937,0.0436828873719,1.017423759841,0.00797275400033425,0.0948937826989112,4.61162004655289,0.085901842980244,0.0959625091403183,1.00867425853989,0.00104604111983418,0.0868488887295826,11.9955386652786,0.0537573594917113,0.0984121659118012,22.0844211988575,0.0726231592968237,0.0936990155439579,1.01158236655188,0.00297878367264607,0.0945724708936649,10.1800975118018,0.0406896233197626,0.0670353273573333,1.00288309926358,0.00242458617000553,0.579531320671781
0.0723820499055877,7.75401379770222,0.119710696363304,0.0960710191750593,3.43861929685961,0.0232716231318958,0.0496647136855259,1.1988633739507,0.0104442480276123,0.0473798191709542,2.68077751831343,0.020639535218707,0.0800173323478765,1.00577451078852,0.00151656617032829,0.099490108758134,2.00136053357019,0.0416567154566215,0.0734092095173765,1.50502732889567,0.020221310315172,0.0852894750814572,1.02624915657849,0.00220268488639337,0.0819533385106972,1.00288309926358,0.00393059320728828,0.0652222039185907,1.00288309926358,0.00213551254640576,0.245729485323728
0.0794903329476611,11.1429894799024,0.186724434056229,0.0615674230543436,1.11240149892777,0.00699855831542379,0.0645081338986363,1.03813555048354,0.0137445015276551,0.0625495545797962,5.30409931780933,0.0420584369647014,0.0960090950646368,1.01158236655188,0.00123020240838948,0.0998324334151578,8.94309557251015,0.0743093362865008,0.0985366954021936,1.60343464412786,0.034025533801328,0.0905912417325506,1.00577451078852,0.00246046169282946,0.0896941571230741,1.63607591315362,0.0242780781917983,0.0715326740581037,1.00577451078852,0.0042138076739651,0.39004335091882
0.05608159472875,13.415264467696,0.121699517934387,0.0629525516152185,1.00288309926358,0.00473066167084136,0.0990094093078879,3.58004488871148,0.0582897768465762,0.0563038189067306,2.78214830271322,0.0273383211339508,0.0827393970570921,1.01158236655188,0.00129830459146349,0.0567914513510223,1.72806227717372,0.0147920811754783,0.0995457968482669,1.53566531100084,0.033384310808489,0.0823575419909944,1.035151107089,0.00194257546637589,0.08483458874638,2.32456441587663,0.0244405833867052,0.096944310789022,1.00288309926358,0.00258117619122551,0.290497309205493
0.0998514402995027,17.2470919536917,0.365998015926629,0.0569430708848249,1.00577451078852,0.00360380148532466,0.0708504364459317,8.76467231833321,0.0337939439322586,0.0627861427125061,1.97508075859731,0.0254686158774218,0.0836096428896176,1.00577451078852,0.00211330715799561,0.0927714816460158,9.72180569368846,0.0621153648079519,0.0853485116752531,1.01449885892793,0.0189472260462753,0.0883304295882124,1.1481932879197,0.00294393720604817,0.0963508322284151,1.5850757161707,0.0275590391707549,0.0730148133165507,1.00577451078852,0.0010922901400196,0.543635541750679
0.096006896171599,13.0004881193975,0.276007884414749,0.080355035162545,1.00577451078852,0.0107024505492314,0.0622964824652648,1.40859841962076,0.0160897433211249,0.077096701755061,1.78215811545008,0.0293375870843647,0.0876510525388233,1.0232988843187,0.00216137179454056,0.0542626768048905,1.07153781450759,0.01087914519095,0.0997700305433184,6.862132740856,0.0657244693137827,0.0947420040788006,1.01158236655188,0.00296034497875316,0.0932149332181435,2.79486986091936,0.0317460402147095,0.0809516457535144,1.00577451078852,0.00623305396116339,0.451842090823369
0.0952310279951268,17.0512425254688,0.335572291667793,0.0859599560327443,3.68461060628057,0.0177220477228014,0.0954144520849097,8.54049161663095,0.0685831283624454,0.0187723781772445,1.1,0.00184263846765866,0.0919610615585344,1.00867425853989,0.00206845686202062,0.0749291047651107,1.47925317679908,0.0215746706235278,0.0997753902699466,7.58962040187813,0.0669734004409831,0.0815160672043641,1.00867425853989,0.00134594885837121,0.0952972445511773,2.90981894079874,0.0339191999123408,0.0955565570404008,1.00867425853989,0.00798806602095994,0.557589848938902
0.0757734075244471,16.9541533849002,0.224945469989005,0.0818637246569394,1.00288309926358,0.00679136522476194,0.0735732787498299,1.0684573459204,0.0166873226396227,0.0731048174331052,2.0149514708253,0.0314233118565053,0.0915119135018545,1.01158236655188,0.00260599336981825,0.0879333865780343,12.169460288151,0.0560401092652714,0.0940791226910337,48.6039614703936,0.0659329684472483,0.0989436683770845,1.00288309926358,0.00293012336258603,0.0825412963515852,3.16318819550752,0.0246926536775438,0.0650125385372024,1.00288309926358,0.00436273099226201,0.436412048824625
0.0739633470296022,8.13965355167307,0.128924220221195,0.0988738817670418,33.2376574471234,0.0287877535163269,0.0707297192616552,4.53329627591397,0.0304992842096713,0.084436848323613,2.2651816010371,0.0418777461483507,0.0980397828621141,1.00577451078852,0.00164116673838336,0.0887376398841295,1.17494491051044,0.0229627291769039,0.075511551672157,1.95017021036364,0.0240850794645815,0.0949556791477234,1.00867425853989,0.00284844357267408,0.0943772963535304,2.42017049201696,0.031259274884416,0.0551715639504018,1.01158236655188,0.00236399947368404,0.315249697406187
0.0504334606137026,26.4673311839266,0.124144062850363,0.0732012969401101,1.43314150019665,0.0105231133237668,0.0801555867940311,1.53566531100084,0.0250244859029846,0.0765711628104451,2.46071840828763,0.0397089616286903,0.0863128050474146,1.02035709353375,0.00186590775801393,0.0711067409406472,6.78356302734552,0.0315210809480208,0.0450540485030022,1.6984685687346,0.00935901384943375,0.0837859772445354,1.01158236655188,0.00242624015238657,0.0574155311009614,1.60343464412786,0.0101168505338333,0.0767940809022514,1.00577451078852,0.00636334138561274,0.261053058333106
0.0910532202496996,11.1429894799024,0.224064849879485,0.0976334412407486,2.83539228475476,0.0233855198048946,0.0815489424953245,1.441417191251,0.0245990710721406,0.0991506854899731,4.10218350327178,0.0857417871285677,0.0995380628345708,1.01158236655188,0.00254648309602586,0.0846807212658256,2.25210247070889,0.0334848916068216,0.0744779831786414,1.02035709353375,0.0159592755852659,0.0745081734148659,1.02624915657849,0.00149143019575153,0.0745707674184919,3.52888015319671,0.0201125366606366,0.0859462889201699,1.00867425853989,0.00962848010376403,0.441014325133353
0.0748785086780863,10.4050132320787,0.162738953019206,0.0975075000119611,3.22758151346831,0.0239843130612691,0.0789160225849935,1.13178371549186,0.0192387568206993,0.0713066512604522,2.15170987329088,0.0322864469651786,0.0907482521031912,1.02035709353375,0.00167161214022091,0.0880140203479792,8.32204495553973,0.0530726999611475,0.0526316665800883,1.00288309926358,0.0019543336137283,0.081240594678816,1.00288309926358,0.00132094783233655,0.093966780701313,2.14453349218355,0.0296790939156739,0.0939758736845676,1.00577451078852,0.00929886735692826,0.335246024686388
0.0700902577769689,7.79841769794335,0.11588023735226,0.0874088989168745,1.00288309926358,0.0032965570068528,0.0819734565122137,2.69996316651677,0.035388439422084,0.0386632266529607,1.1,0.00741176680941117,0.0969758244362193,1.00867425853989,0.00212318853885097,0.0829087082462952,1.27725193454067,0.0225782778521131,0.0992988924037846,4.12243473196511,0.0564600657814255,0.0834898237021791,1.00577451078852,0.00116490565612105,0.0807685475775382,5.41917883794353,0.025690033748965,0.0704128966081426,1.00288309926358,0.00465620010896881,0.274649672277052
0.0686506659277491,15.8313162393943,0.183604849312848,0.0986712975473347,1.00288309926358,0.0112483516813248,0.0699923307394882,1.83048275359669,0.0222798617043705,0.092556836908285,3.19991472963955,0.0642261898165536,0.0789743200470516,1.00867425853989,0.00119829845144229,0.0825658860709921,13.1153367145537,0.0479848912581735,0.0873261298811105,6.20437693319619,0.0457598938158076,0.0947971207104039,1.01449885892793,0.00335032591748259,0.0704584235965396,1.00288309926358,0.0093084865141793,0.0987323118340262,1.00867425853989,0.00428584949250138,0.393246997964684
0.0408085546821516,4.65128984963839,0.0364043863867156,0.0992957772245775,1.20231981606127,0.0192561975326819,0.0937048638965737,2.30457394564778,0.0419002169724096,0.0472343873323399,2.39145547798865,0.019427818540691,0.0948526305552496,1.00577451078852,0.0016297541446938,0.0842158427484974,2.0657547958787,0.031794713467555,0.0903503549790653,2.25859550568368,0.0361658426455833,0.0885425664058979,1.0232988843187,0.0015394586109623,0.0935638307775005,10.1508316565282,0.0397981612336785,0.0580843302514858,1.00288309926358,0.00258520925241086,0.230501758787382
0.0976147953016848,14.0022770388297,0.300140104276102,0.0692970832965638,1.00577451078852,0.0072723981587512,0.0780941587881774,1.5850757161707,0.0245670282976878,0.082336970625009,6.477523166041,0.0766491727134682,0.0994446458671952,1.14489244934213,0.0034363074689506,0.0916632949198206,9.52784643268317,0.0603275158951826,0.0795441322061461,3.99392909131044,0.033757682776268,0.0774357179399364,1.28462743961633,0.00209536133808311,0.075840635960366,9.91971340151178,0.023274126052217,0.0983149605325773,1.00867425853989,0.0129526863634197,0.54447238334013
0.0631830316907152,11.3355211455182,0.134566240832974,0.0995843598866098,1.441417191251,0.0206620154989996,0.0870252786177686,1.64552345116496,0.0298848528478179,0.0405250352016049,1.1,0.00387917017762441,0.0947217600633175,1.01158236655188,0.00171066508340196,0.0891385437667949,8.56511470172144,0.0551198607736501,0.0748763090900166,3.90299369276608,0.0295558797313976,0.0982848191253433,1.01158236655188,0.00139543376661395,0.0824009633055,1.34518555643637,0.0187958997087264,0.0929348368260581,1.00867425853989,0.00434380310790756,0.299913821529113
0.0518382537241763,12.1394937283022,0.102842292162915,0.0901032609905392,1.00577451078852,0.00927090104564721,0.0686188648770368,1.13831921276723,0.0160717738478857,0.0236722085224358,1.45515395303507,0.00601169227037088,0.081514833261654,1.05622377499757,0.00107047610004176,0.0927976495933671,3.63195145450856,0.0493395023246808,0.0442332593761772,1.00577451078852,0.00710900884126779,0.0850884765740092,1.01449885892793,0.00140641405568694,0.0903240886605193,14.9724828208773,0.036950147975427,0.0583718300553808,1.00288309926358,0.00247047173871702,0.23254268036264
0.0232300184944205,4.39313113804226,0.0189109173047005,0.0863737007931594,1.00577451078852,0.00583971464024464,0.0688594838112382,1.1817296425721,0.016610366934802,0.0521494899053494,1.80262786405593,0.0185998054276869,0.0893331505818299,1.00577451078852,0.00137550484226944,0.0924672266343914,2.9350594625955,0.0450725019285719,0.0846150026339061,1.04112859832463,0.0192202403952186,0.0887622390120243,1.00867425853989,0.00239703734775668,0.0785503083642639,1.10601480450688,0.015708305523227,0.0865831984141581,1.00867425853989,0.00152641295994454,0.145260807304422
0.072168154920966,11.5643499159773,0.16677450863481,0.0642840688395907,1.00288309926358,0.00609953496761052,0.0909798060727678,7.10334430368878,0.0589498903229605,0.042166271037863,1.71722312765254,0.0136669168163722,0.0878283318137877,1.00867425853989,0.00217682256606102,0.0792380313511492,1.16484078042324,0.0196847277582063,0.0465510207501791,2.26510726072284,0.0106035639413173,0.0845444581193831,1.03217524340486,0.00245304847568749,0.0940831234786583,2.86823283751515,0.0328423572461822,0.0968919927480326,1.00288309926358,0.00958625965031299,0.322837630379521
0.0826249114699601,7.95584339636854,0.142144483370827,0.0503585092345524,1.00288309926358,0.00270341107372075,0.0934104490417516,1.58051892322707,0.0321536080630001,0.0725679495061067,2.25228374127422,0.0344072734536964,0.083278451726293,1.00867425853989,0.00108874520265556,0.0830126191931928,3.01210229799636,0.0364736189115332,0.0977600616977406,32.6684502161789,0.0730666032703988,0.0953904193333451,1.00577451078852,0.00250469678261591,0.0753117540461887,1.40859841962076,0.0161890995658736,0.0730548489125733,1.00577451078852,0.00290594863086778,0.343637488325189
0.0810246112121094,8.544472794322,0.150467547080878,0.0562433351534449,1.00867425853989,0.0017731368782662,0.0699909980374701,2.46233896144414,0.0253040696209872,0.0671354355041175,1.56281650402188,0.0219008281683317,0.0934016939699977,1.00867425853989,0.00129401318212325,0.0720679289554308,1.73304445225245,0.0221030605873984,0.0645885197694196,1.57144459943409,0.0166911721903797,0.0732983036769182,1.00867425853989,0.00142021050856819,0.0802667038683802,1.75817161928149,0.0199664140664233,0.0537798307826504,1.00288309926358,0.00194590842670337,0.262866360710059
0.0370761494985008,5.52040719177953,0.0396093522659029,0.0885011953529438,1.46653209822205,0.0160245473882285,0.0970474733367271,2.98619923379083,0.0517747679609244,0.0939874013654498,7.19925509080609,0.104659472610712,0.0861183293650722,1.00867425853989,0.00101975534588973,0.0981746483479969,4.55947384416678,0.0606266441905973,0.0944793871348361,1.05926897298544,0.0222929399432838,0.0959466411886501,1.00577451078852,0.00234333961984148,0.0925789063810944,3.81412874828321,0.0337247372873796,0.096213708500598,1.00577451078852,0.00191420076193067,0.33398975737469
0.0975038197356383,9.855606658283,0.213654306195433,0.0766814772604229,1.00288309926358,0.0068896715888734,0.0934021456999305,1.41673238639154,0.0292821910019886,0.0893759227502088,4.79968774062468,0.0790947397504444,0.0965120001983949,1.01158236655188,0.00101490614097511,0.0815357842858131,12.8536732852339,0.0464676661809157,0.0921204506061869,3.45847564108692,0.0450097647051559,0.0796008323385147,1.00867425853989,0.00118634941996331,0.0907073816563776,12.7431360287119,0.0372060186054244,0.0970263186826316,1.00577451078852,0.0114681150444449,0.471273728633619
0.089654423851245,26.9246410796631,0.382667726204097,0.0846150317900921,1.00577451078852,0.00134851128807831,0.0663893413417816,3.12697047724319,0.0246926522960842,0.0813096089069934,2.61276961221489,0.0452953873176252,0.0944670979438391,1.01158236655188,0.0021444020494127,0.0829577534942177,1.1715671660767,0.0210671398999244,0.0970139562648321,3.56975293664868,0.0510226735102153,0.0879386213635669,1.01449885892793,0.00113037873087437,0.0884764055317927,2.73123512958793,0.0279819243300935,0.0852889576121968,1.00577451078852,0.00800506091621227,0.565355856542617
0.0741430296620321,10.4050132320787,0.160640959130808,0.0889816540876894,1.19198027101602,0.0151697238739775,0.0696830833896239,2.2456281019818,0.0241021967784967,0.0601532771783018,2.75055560547588,0.0300926395645864,0.0944859294848166,1.02624915657849,0.00230119671142894,0.0482871725423003,1.40051115285914,0.0104553843652358,0.0943474918541404,3.10007958542497,0.0454439335812853,0.0864405536804954,1.017423759841,0.00237515757094178,0.0799523374343019,1.00288309926358,0.00507157283686038,0.0645293523355664,1.00288309926358,0.00258614080558083,0.298238905219202
0.0659698892689787,26.6950068826325,0.205334864994342,0.0933664841378155,1.00577451078852,0.0103898337205338,0.0876042996469308,2.52697328239242,0.039030619004084,0.0922084447120022,6.79967766631192,0.0982374564799576,0.087749735600893,1.00288309926358,0.00160565422573599,0.0789491329798288,18.7420980057214,0.0439320976190104,0.0848131608580877,1.09650345009091,0.0201602479206238,0.0752985631224829,1.00288309926358,0.00175079146534977,0.0886921334120821,5.773515819051,0.0326740670044828,0.0760625108734321,1.00577451078852,0.00294410088890094,0.456059733323021
0.0347448828155388,5.61579031974782,0.0373195829100849,0.0686142338288448,1.00577451078852,0.00255712939852313,0.0909663196887436,2.72338334507132,0.0434957542581042,0.056551704370569,1.44686836056378,0.0167064962340391,0.0784045825712568,1.00577451078852,0.00102398921165098,0.0919489677334004,2.15691712397049,0.0380851368375019,0.0914603356253726,3.31230280598519,0.0434304803926053,0.0892258978141696,1.00867425853989,0.00198339908059044,0.0959224189455474,2.60827926283097,0.0334048239014002,0.0954064668582537,1.00288309926358,0.011064188083506,0.229070980308006
0.0561327270736118,14.6149755559616,0.126785693190212,0.0724915504560198,1.00577451078852,0.00881675295557981,0.0967284544804802,1.52245910708953,0.03274935896189,0.0926569827721289,6.89744323339303,0.0998989599005951,0.0951315091435831,1.00577451078852,0.00287059861496881,0.0765889951117506,2.49804006667886,0.0290350756831,0.0871952350522099,1.41265954868704,0.0256716772206285,0.0858501388627306,1.00867425853989,0.00252720130128736,0.0970457364075683,1.47500060364494,0.0269243678495187,0.0793681634491795,1.017423759841,0.00540344267766508,0.360683128355445
0.0966789298002474,14.2849392823464,0.301788640975708,0.0816561159848612,8.89175006582625,0.0164065909484711,0.0794399597210822,6.68661474347447,0.0422912462084154,0.0513197958948591,1.74191331167575,0.0177357185982015,0.0914975842271658,1.0232988843187,0.00245373545535871,0.0936377662781963,1.95579274466099,0.0371149997733789,0.058846979313068,1.02624915657849,0.0114608092455946,0.0851780674647748,1.03217524340486,0.00173553889272671,0.0921133008577934,3.71657187129828,0.033329379775608,0.0819418172129633,1.02624915657849,0.0087308350399526,0.473047494913416
0.0774328697584712,12.1394937283022,0.191302597931271,0.0722072199572329,1.00577451078852,0.00354893169810329,0.0801220307840075,3.51873529007318,0.0370751770424444,0.0408079579061559,3.24592301025325,0.0176848592745183,0.0926771109366467,1.00867425853989,0.00213242688964643,0.0440620174410651,1.32214875407135,0.0088946601019656,0.0858444216620795,9.72180569368846,0.0468482168891553,0.0975831017887945,1.00577451078852,0.00357585070817561,0.0945106592496349,1.00288309926358,0.0116210605947709,0.0978864342943199,1.07153781450759,0.0133209682218271,0.336004749351878
0.0531528428217281,6.34934962645816,0.0685217005430724,0.0958431722678134,1.5850757161707,0.0195616313479085,0.0671797945340131,2.11388457789867,0.0220563927475901,0.0886343276031213,2.97097774243445,0.056869047708836,0.0814272516306497,1.05015961695978,0.00138760695339105,0.0864551535895751,1.77853540743712,0.0305926659592003,0.0898356106206061,41.3670130706622,0.0579887598344233,0.0908371523865822,1.00577451078852,0.00294874968462493,0.0978793942582456,1.00288309926358,0.00757566009394044,0.0926165420309614,1.00867425853989,0.00748178451337175,0.274983999386359
0.0997984729951479,11.5643499159773,0.259381484241432,0.080429558293927,2.18818996107018,0.0139594891999325,0.0811060542763231,1.7683242002651,0.0280182054275611,0.0477011221288475,5.96279779376228,0.0264979416048078,0.0910043740373567,1.00867425853989,0.00246927977151995,0.0864603351096167,1.46231609576324,0.0267676064105485,0.0940359397821851,21.5815941337228,0.0638783066835693,0.0843894863567851,1.0232988843187,0.00141404825507815,0.0718454964327496,1.28833114804146,0.0143180505717362,0.0967061404755569,1.00867425853989,0.0114479725990691,0.448152384765255
0.0503464121172488,7.42894498472466,0.073631326822486,0.0806369131983835,3.19982540066046,0.0148844485223922,0.076769917580702,1.7230944249062,0.0251659452967431,0.0538948548583028,1.64054194891227,0.0179329920065031,0.0898892894896223,1.01158236655188,0.00125335452668949,0.0356988371624236,1.00577451078852,0.00584261345158285,0.0987961745083488,3.92553157195246,0.0547427774431805,0.0788786806589682,1.00867425853989,0.00171555891366501,0.0790878575918271,1.24100474879353,0.0167798346716652,0.0652976316633066,1.00577451078852,0.0015072281897562,0.213456079844664
0.0875787808343914,27.7836630028175,0.369777974977372,0.0614646672605963,1.00288309926358,0.00597261211558808,0.0993739814291279,3.70588742997801,0.0598509671656862,0.053670481320711,2.27815332129253,0.0226999041945636,0.0945683343498259,1.00288309926358,0.00226274804866181,0.0812667248279856,7.74412301428478,0.0434227650808016,0.0926873220142111,8.89175006582625,0.0561528738362219,0.0916423435987733,1.0232988843187,0.00180153767105068,0.0906641512601271,1.17494491051044,0.020828269313103,0.0800477528617781,1.00288309926358,0.00811789096735838,0.590887543370407
0.0832248202497301,13.9623559080866,0.235956989463468,0.0729220203371088,1.00288309926358,0.0059032366986113,0.0743615166868098,2.89311263070037,0.0300898425069728,0.0749482055410444,4.31851464318349,0.0543197931561713,0.0833995988442383,1.04112859832463,0.00191745302216934,0.0996417426844286,7.56780167843215,0.0717355904898852,0.0963861617113411,2.79486986091936,0.0452885982965904,0.0872895098631697,1.00288309926358,0.00254029437299468,0.0880840442030582,1.0684573459204,0.0187215491987119,0.0766110210651694,1.00867425853989,0.00293680989034769,0.469410157095923
0.0663349034670873,33.5449371641478,0.219060208922838,0.05190961675286,1.017423759841,0.00482597144210355,0.0947388245497568,7.24794774808137,0.0653520530946627,0.0840338577107142,2.98799125346698,0.0527589654405692,0.0921554678207403,1.00577451078852,0.00237440044286243,0.0512886441011112,1.75311720834914,0.0125334430274904,0.0956526246805241,2.75492656923522,0.0445384151695585,0.0954833282472256,1.00867425853989,0.00196330139466961,0.0989875909141088,1.00288309926358,0.00538619332541827,0.0973651392717441,1.00288309926358,0.0011223885187662,0.409915340778939
0.0909047664931591,9.04658165894228,0.181152833679233,0.0913298073727186,1.00577451078852,0.0103491093485186,0.078736374710287,4.11058351166975,0.0376263947846348,0.0926706996358519,2.56839221845836,0.0528960475620623,0.0888267529535837,1.01449885892793,0.00140493603744878,0.0936870000275071,6.42246765119551,0.0595447921961359,0.0835672132906267,3.60071789654471,0.0366496130292917,0.0980810498506761,1.00288309926358,0.00366089177975372,0.0909376801367939,2.89311263070037,0.0302926498571666,0.083205999998871,1.00577451078852,0.00736482825016733,0.420942096524413
0.0865530007785614,36.336736003613,0.394824976298543,0.0917673308963537,1.78880557933512,0.0183256669119648,0.0757997346996707,1.65026765861521,0.0240441835875179,0.0762811782847529,3.24592301025325,0.0480508331061002,0.0964579810733018,1.00867425853989,0.002447644838999,0.0943059069807487,3.75961856902805,0.0516546557963506,0.0906977715246398,18.9046718094031,0.0573334502396587,0.0829776632469428,1.01158236655188,0.00196542063093763,0.0569652371148264,1.00288309926358,0.00381476007468937,0.063555191932937,1.00577451078852,0.00155675767071357,0.604018349155475
0.0736078682619212,38.8029760290526,0.281616029674449,0.0772477249717642,1.00288309926358,0.00710876744620891,0.0989270428490289,1.27358007675926,0.0282633568566225,0.0893236810770199,3.93020909662063,0.0701080549176207,0.0864325642944575,1.01449885892793,0.0021568850378705,0.0898618766958207,3.15409462760941,0.0438909761041766,0.0897523136363069,1.24817094410403,0.0243260829989614,0.0894663854785113,1.00867425853989,0.00221721249039318,0.0940055182928007,3.00344307348301,0.0330762381970379,0.0817628316992128,1.00577451078852,0.00628996033747759,0.499053564060818
0.0517112803796082,5.58381421859605,0.057965117479085,0.0626539253741844,1.24458268867087,0.00739953815786629,0.0959046434329258,2.36506706799381,0.0444330337428856,0.0656390187481303,3.95271571283336,0.0413229193334718,0.0811126050615506,1.04112859832463,0.00164083055202395,0.0932822391557824,6.53437118513655,0.0587663879218684,0.0967492044959757,2.01872085226992,0.0386423966591843,0.0954787552397877,1.00867425853989,0.00159074113635689,0.0759427646529608,1.45392041663176,0.0166363446176657,0.080576620981708,1.00288309926358,0.00615067849451906,0.274547988094927
0.0887891249868837,10.0833085498645,0.197793676810845,0.0933272234215737,1.00288309926358,0.0152802206452866,0.0776500283616374,1.14160110005127,0.0189795120039737,0.0941712819758409,2.39829312110786,0.0502772388464779,0.0857307880476072,1.0232988843187,0.00138597922725526,0.0992961089615297,1.87313095952011,0.0396948921264321,0.0713258761021402,1.58051892322707,0.0197482882849478,0.090628185330246,1.00867425853989,0.00128342936866324,0.0841681373315998,3.03823005207779,0.0257942228264675,0.0918985151068588,1.00867425853989,0.00858625854503724,0.378823718685386
0.0930638125340292,42.6367188261426,0.48433297034459,0.0689394608604702,2.9350594625955,0.0102641402265963,0.0769722592729458,4.06351835261943,0.0356085457629362,0.0702182372945567,3.85244035719635,0.0459173538283313,0.0867174456410775,1.00577451078852,0.0018142876774487,0.0625322401611819,1.52245910708953,0.0163430912247732,0.0913002671735631,1.17494491051044,0.0236359874881784,0.0976357130295394,1.00867425853989,0.00260454553477279,0.0825615441546316,1.28833114804146,0.0185908253277885,0.0998133577323832,1.00577451078852,0.00269533135306422,0.64180707876848
0.0731245213715513,20.9427294613663,0.231162649680233,0.0901111130165518,1.00577451078852,0.00977247355183836,0.0952528572605698,2.73123512958793,0.0474099577744881,0.0476100505988945,2.2716582022244,0.0191446162321088,0.0768393199173271,1.00288309926358,0.00158709152536936,0.09082530758127,2.2008256876077,0.0376976300375624,0.091261524562759,1.83576021707557,0.0328630917357587,0.0884737110638503,1.00577451078852,0.0010909878562666,0.0468389613077715,1.00288309926358,0.00246223975640269,0.0678895249773128,1.00577451078852,0.00312711723437079,0.386317855384399
0.0713835328671352,12.0703719026488,0.169022644579927,0.0584673017022119,1.00288309926358,0.00511189539216241,0.0705404872536558,4.15819379664401,0.0298239766991862,0.0720649951320759,6.76096055465395,0.0590158820276621,0.0814005250917244,1.0232988843187,0.0013051883453716,0.0854490716300663,2.96051892720402,0.0385561316967172,0.050032232040165,2.99480874260266,0.0127342327251071,0.0741070180861159,1.02624915657849,0.00187007674300058,0.0975569791636497,1.68386231169735,0.0290920198260372,0.0928328278323097,1.00288309926358,0.00635475688567204,0.352886804920843
0.0930432439595787,46.5824784692165,0.49465621170975,0.0978361766091968,1.00577451078852,0.00935647525969192,0.0748369221862327,3.53905426496764,0.0324052206555602,0.0849844756803884,3.65945668508362,0.0617906164409748,0.0835285491869893,1.01158236655188,0.00115788816397997,0.0913359067987664,5.17521601544173,0.0530924708195885,0.0927308526173631,7.65545473146367,0.0554711645490497,0.0960833743489098,1.02624915657849,0.00255174311631566,0.0916900776104459,10.5379392096157,0.037775376631759,0.0932850310662745,1.00867425853989,0.00286349015608625,0.751120657502756
0.0918151241788611,24.7851202245534,0.387520629694296,0.0975712261503538,1.25899790157518,0.0188019572564657,0.0638962422252489,4.36676720472819,0.0245806408823538,0.0660722440921488,1.90855779700105,0.0264056139107211,0.0949262746991708,1.00867425853989,0.00267479645433186,0.0658109281033675,1.16484078042324,0.0151451272923723,0.0654550273792877,5.07196553857306,0.023248592052532,0.0956330290041223,1.00288309926358,0.00327909511715567,0.091355304568305,1.00288309926358,0.0171303341217408,0.0997915198716815,1.00288309926358,0.00522942095797739,0.524016207739947
0.0801650468431416,10.9224983497956,0.186007578100343,0.0924189133636711,1.00288309926358,0.00251236477015177,0.0799654410400107,2.77882351455518,0.0340424622661062,0.064052448508526,2.97097774243445,0.0346342510192313,0.0947356188136959,1.01158236655188,0.00185764313651204,0.097307827108884,2.35826794741131,0.0446254930376653,0.0984711008940777,7.76645008964431,0.0644607365142781,0.08433482519972,1.03217524340486,0.00176438415092875,0.0724437441524926,1.19198027101602,0.0140722352294426,0.080163667115921,1.017423759841,0.00140601735298905,0.385383165577648
0.0993383880888675,10.6150579537939,0.236575446281296,0.0653759417993551,1.00577451078852,0.00436183253722615,0.0962035458842336,1.77342245446464,0.0367385982762491,0.0780078202130166,5.69653398910422,0.0657153729102575,0.0980448812682998,1.00577451078852,0.00126236943075531,0.0724797718575333,1.01158236655188,0.0155079223917893,0.0674691182707301,1.04714060664789,0.0141623295976048,0.0926688733986067,1.01158236655188,0.00235887076321098,0.0984897527592156,5.87411217212038,0.0427302600334311,0.062962067812006,1.00288309926358,0.00256360629365884,0.421976608515479
0.0960568007490792,13.074936320368,0.277678997670826,0.0728428533964673,1.15815301335288,0.00987561590060387,0.0400230703746027,1.07772542117776,0.00728474414450062,0.0937959088738823,4.09048799092675,0.0781112357035224,0.0817901954498818,1.01158236655188,0.00127438639373283,0.092338901924334,29.7932945067072,0.067999052022955,0.0763949421783687,1.669381663546,0.0229201555522443,0.0851426642412681,1.017423759841,0.00183477647379422,0.0875943450344434,1.00288309926358,0.0162342421468885,0.0826880675486442,1.00867425853989,0.00442838825323504,0.487641594262303
0.090204699941432,15.6515436584962,0.289978028980128,0.0844428090552683,1.54453302690677,0.014628512448748,0.0840906142733189,3.66345594042931,0.0417799424725245,0.0654176266328018,7.88798980067452,0.050768595818497,0.0920609144922519,1.01449885892793,0.00181328659607128,0.0894791025520354,1.28093437865255,0.0251653603181884,0.063570417997593,3.10007958542497,0.0200518793831669,0.0921396819939813,2.37188579111585,0.00338088686236025,0.0897154449209406,2.08367368705817,0.0267989790289299,0.0974773291538937,1.00867425853989,0.00133629208762747,0.475701763996242
0.0865879399323263,12.2439193576685,0.227470695098125,0.0656065528425351,1.00577451078852,0.00373624709505982,0.0527396125262522,3.90299369276608,0.0166548605404755,0.0835460996498721,5.55202018817461,0.0742729709908643,0.0999051929082441,1.00288309926358,0.00264721533671132,0.069040224318985,2.4062754285944,0.0234740847508838,0.0585145196719892,2.62334079957365,0.016463700307594,0.0853345245464248,1.00288309926358,0.00186201231541243,0.0765379585126531,1.24458268867087,0.0158125936754044,0.0970380572396141,1.00577451078852,0.0104237645526109,0.392818144663141
0.0960973601723289,11.8315302572874,0.253665714897384,0.0810002187691308,1.00577451078852,0.0025069990433021,0.0464290907980945,1.25899790157518,0.00973029633468732,0.0826048224004487,3.34948312897234,0.0557366598871449,0.0863355136491345,1.92229906736858,0.00235421527532085,0.0894538805669317,1.59882507273807,0.030090081264487,0.0990123507311457,23.259032627454,0.0744969144315461,0.0925289377327422,1.017423759841,0.00221902850409882,0.0684428473967396,1.38447564841702,0.0135043510941732,0.086105072547617,1.0684573459204,0.00987057045583298,0.454174831187977
0.0457208464980277,5.38036150303456,0.0487801332447448,0.0872517484205882,1.13831921276723,0.0143316604337312,0.0894360086960034,1.1817296425721,0.0233265720458839,0.0647203856715382,1.77201057344381,0.0240095687227819,0.0850736883274561,1.02035709353375,0.00169495394769989,0.0702557775291902,15.6782947440786,0.0329876287502972,0.0958823620007426,1.56242237457588,0.0320804473339451,0.0816376685735781,1.00288309926358,0.00126473030618286,0.0971221365076303,7.2688443008963,0.0424419130732298,0.051918909658745,1.00288309926358,0.00266917049786819,0.223586778356365
0.0645017855748561,7.01661917236442,0.0946047910507923,0.0695598577100651,1.00577451078852,0.00410556358723274,0.0965122057883761,8.58980877761041,0.0708182422749406,0.0582286064378882,2.31090854327273,0.0258023008721808,0.0917368659395992,1.0232988843187,0.00269902511170988,0.0989703768902889,12.66997313217,0.0769422227856167,0.0594217137948396,1.47500060364494,0.0141200101557012,0.0846958229783484,1.00288309926358,0.0025140542755753,0.0646726447150567,1.00288309926358,0.00527026710829109,0.0918595736238676,1.00867425853989,0.00221892990402255,0.299095407126063
0.0917912763813906,33.4492990176817,0.435290410104459,0.0973335611811981,1.00577451078852,0.0042104631273123,0.0677803970318907,1.87853138201008,0.021326679398389,0.0932686343577299,6.36750366996198,0.0980865607716837,0.076914534444413,1.00867425853989,0.00142678797755624,0.0959955064192567,1.69358579278262,0.0349285372051708,0.0558218715540956,1.65979714701382,0.0133158322013523,0.0860010300518654,1.017423759841,0.00148889306568845,0.0741915902211675,1.19198027101602,0.0146879762570247,0.097330596239264,1.00288309926358,0.00259275210391774,0.627354892212554
0.093461990332895,11.4657201812567,0.238195185808646,0.0520669024097014,1.00577451078852,0.00147509152256418,0.058825936049317,7.24794774808137,0.0223140677477981,0.0806948113423373,4.99542507295732,0.0662910642681436,0.0919310685033906,1.02035709353375,0.00120624187193129,0.0964439018289357,14.4224738415937,0.0721203532388796,0.0865724328458572,1.07153781450759,0.0202935729625585,0.0819294683594321,1.00867425853989,0.0010610671731525,0.0577561833741414,1.00288309926358,0.00511171906991332,0.093929134318624,1.00577451078852,0.00608442506077304,0.43415278872436
0.0861594704109557,21.5492867752298,0.319410630805507,0.0691024602974026,1.00577451078852,0.0036451016438637,0.0964284808447594,4.61228334151361,0.060743619280379,0.0945862544584451,6.31319666590519,0.100804744695813,0.0904223921524226,1.01449885892793,0.00236466759638176,0.0775077480972408,12.7798757548119,0.0411220517177334,0.0759691285851835,2.67674439360146,0.0275182088797248,0.0960810194661165,1.01158236655188,0.00232372805766998,0.0714048665115292,2.72338334507132,0.0174930351022035,0.0805735651740173,1.00288309926358,0.00240785516556922,0.577833642944845
0.0847160142033249,26.0921786013301,0.336457730271775,0.0778362466719755,1.00288309926358,0.00329048590308302,0.0877271966080642,6.25819530279368,0.0525386478100863,0.0796505826040435,1.87079234220152,0.0321165610662891,0.0997734089362701,1.01158236655188,0.00222423907007642,0.0656073960191185,1.77342245446464,0.0190694230875606,0.0947266651816528,6.62911211113257,0.0565628153170192,0.07362208445596,1.02035709353375,0.00145269337251353,0.0974770837915764,1.65026765861521,0.0286753401179478,0.0654757366743611,1.00577451078852,0.00263631436581046,0.535024250382161
0.0989796445943311,14.6149755559616,0.317860166280412,0.0908538692505068,3.02078648791353,0.0197267819154105,0.0687546252980175,1.97275779657863,0.022342634512394,0.0807721202800456,2.35755856966429,0.0410611530469576,0.098005327147396,1.00577451078852,0.00250288433514699,0.0807129475911859,5.28056837192541,0.0402348362325747,0.0881501024576684,2.73123512958793,0.0374936638601089,0.0746283620755398,1.0232988843187,0.0013271099750181,0.0729314796468621,1.38447564841702,0.0152046196272738,0.0944488460814927,1.00867425853989,0.00678291414456914,0.504536763929866
0.0966837397056384,11.9674264204222,0.258522644654371,0.0755599630562007,1.00288309926358,0.00611269436776086,0.0904024124266812,1.2232687477884,0.0244544593442588,0.0861384388145782,6.08316805906607,0.0823251963921018,0.0862436311330139,1.53125056362849,0.00232629875373348,0.0932116146489844,1.71320152422168,0.0336965836273631,0.0943752927851822,1.85168407581574,0.0350324701455245,0.0733093800632107,1.02035709353375,0.00154723041024695,0.0765835230031163,1.11560866287013,0.0150568167012481,0.0969815841048848,1.00577451078852,0.00488675343600214,0.463961147832611
0.089505485469374,29.754221128626,0.395003711292158,0.0959279383338733,1.00288309926358,0.0142787234596529,0.0954523741797549,1.19198027101602,0.025351031017351,0.0750215717078715,1.88150556488879,0.0301909027410368,0.0874239817169603,1.75311720834914,0.00243534124347562,0.0970949736042273,1.3804955427344,0.0299293821875114,0.0930326437588715,2.15691712397049,0.0373704589640362,0.0983993112036912,1.00288309926358,0.00281159253433264,0.0827524019285009,1.00288309926358,0.00674905137445738,0.0918498193323394,1.00867425853989,0.00235093990218878,0.546471134716201
0.0886464686169282,45.142230283228,0.441370766833883,0.0818533232047233,1.00288309926358,0.00522084518312525,0.0953928286134999,4.97077500682395,0.06079603854438,0.0829210301106485,3.37829585309602,0.0564494159134896,0.086295030758257,1.00577451078852,0.00221576775490029,0.0774202080946365,7.94739971184986,0.0389116982025749,0.0824499117560673,1.60805750536954,0.0255855768119635,0.0877172408226692,1.01449885892793,0.00141266340627657,0.0889589534091215,1.00288309926358,0.00886487856226288,0.0923608810242877,1.07462716439149,0.011653390479137,0.652481041691993
0.081723300140798,14.7406956275529,0.23675833405393,0.0816359487000514,1.00577451078852,0.00511422567416815,0.0744764959520516,1.00577451078852,0.0160521362017536,0.0854452361143046,3.54631272998303,0.0611197996024699,0.0955740424486608,1.00288309926358,0.00217930532631917,0.0992305936397998,2.48369792620856,0.0477112452364413,0.0885344921221859,3.78132852701561,0.0424383969462772,0.0826707657403878,1.017423759841,0.00228298421636508,0.0934318797352869,9.02067029565308,0.0392136094158722,0.0674064356036192,1.35295334494457,0.00596004039820114,0.458830077071798
0.0891027884420841,22.7505644058635,0.350300212883757,0.0928711097198834,7.2688443008963,0.0229582071640029,0.0625169121647487,4.3542135747773,0.0234470389805479,0.0912758214167398,3.10097900238478,0.0613478652338205,0.0918708389939089,1.00288309926358,0.00235481715089967,0.0489376507605257,1.42902148939294,0.0107643344260634,0.0776625945162426,5.28056837192541,0.0340063837537442,0.0973356439507373,1.00577451078852,0.00361879233555938,0.0620472069079155,1.00288309926358,0.00733301339490155,0.0804409338204344,1.00867425853989,0.00648420178927846,0.522614867112575
0.0903537742470716,23.4094814424587,0.365538526836895,0.0925568923420601,1.00577451078852,0.0132115016253868,0.0932107978423723,5.16033824803901,0.0580586428315981,0.0680716813275478,2.35755856966429,0.0326312597181197,0.0991289603695393,1.00577451078852,0.00284461168922378,0.096924916430029,2.66137624774655,0.047353362665376,0.0858844734718265,1.65979714701382,0.0278990680269629,0.0768278323033807,1.00288309926358,0.0017647440821052,0.0860835509357345,1.31834782642385,0.0202646655518235,0.0886350289505506,1.00288309926358,0.0102293949726164,0.579795778000107
0.0412459373634169,8.23314506653754,0.0607150907723008,0.0976772335422338,1.00288309926358,0.0151746258444584,0.0688431179685222,3.73803325566538,0.0276577224149754,0.0808680379031436,2.71932165925039,0.0464355285446726,0.0891593885677746,1.00867425853989,0.00122444590406881,0.0892898118234099,2.69220128298041,0.0403991905142289,0.0969077798685438,1.93339940407185,0.0377708742323367,0.0831131032705213,1.02035709353375,0.00164424240985499,0.0714968255007788,1.27358007675926,0.0141165983079849,0.0822291974278306,1.00288309926358,0.00652789532169278,0.251666214266574
0.0745443610314297,7.13785426629355,0.112718111405929,0.0456776682005554,1.01158236655188,0.00397921861127968,0.0800202229597499,2.82724106811333,0.0344162167838613,0.0774894915789935,3.23666873564385,0.0493400125568376,0.0992244049110968,1.01158236655188,0.00137565595979804,0.0679484215507695,1.87313095952011,0.020780734995152,0.0797878539491293,2.6460963359074,0.0302441103348092,0.0956418013739532,1.00288309926358,0.00209748461226251,0.0953770956384442,14.4224738415937,0.0430828719084421,0.0921980835338291,1.10920355497526,0.0116896435613152,0.309724060729687
0.0826249706486491,39.6994719371337,0.361612837387172,0.0724458853839004,1.00577451078852,0.00456246223354092,0.0991986968833727,6.47817779606607,0.0717742870165397,0.0972304418363547,3.51606702777443,0.074248833083932,0.0893794286496504,1.00867425853989,0.00247464708943863,0.0940389829605152,2.91820823764409,0.0464509096876171,0.0720637036792506,2.6460963359074,0.0246190985803003,0.0793480346214582,1.00288309926358,0.00192077503849527,0.0964297955510908,8.63941072106801,0.0426672826087082,0.0893710094678981,1.00577451078852,0.00692155391464257,0.637252686640387
0.0863426039983618,19.0596333781215,0.301526978057676,0.0914249783319694,3.08228092099346,0.0202287509095314,0.069548657490638,2.56361151152847,0.0253817429518404,0.0308299067565303,1.87079234220152,0.00956813044367357,0.0813127470524334,1.017423759841,0.00130991634129869,0.0958571794122314,1.93897358646993,0.0383151822588852,0.0783165914047438,5.45047194460812,0.0348711067369494,0.0938532664881404,1.00577451078852,0.00295809245209143,0.0962966882788664,7.72186012504483,0.0417587089079532,0.0642462965081636,1.00577451078852,0.00177972454024025,0.477698333600139
0.0974877893150011,12.8528610196152,0.278533952448319,0.0990267228675448,1.11560866287013,0.01843903673339,0.0608281289878864,1.29204553462562,0.0147389966429339,0.0919870067048638,2.83021903343389,0.0572089352991956,0.0799987673732,1.00577451078852,0.00120869940707583,0.0776038049552989,28.0454211126682,0.0430308568089013,0.0816861948020871,4.82970917626452,0.0375708157280035,0.0989575813671031,1.00288309926358,0.0033808443494789,0.085471936080293,3.27437776251048,0.027079015527648,0.0837740966471898,1.00577451078852,0.00566519636910594,0.486856349314052
0.0391930550941946,5.19914482109263,0.039781953755476,0.0572266147547795,1.01158236655188,0.00183983181593017,0.051857291680116,3.28381811862624,0.015596402479235,0.0774692082250509,6.85816944823335,0.0690373147327692,0.0812779308615244,1.00288309926358,0.00120893299943223,0.0988797421188636,1.71814085427452,0.0369746509956503,0.0592555521854526,1.26991877487462,0.0130870502639898,0.09351725711437,1.00288309926358,0.00269733873858401,0.0793005893657535,2.45526020256225,0.0215137705529571,0.0993484340988954,1.31077872056062,0.0146789917189672,0.216416238052991
0.0561255666836746,11.2388430398205,0.111972504992408,0.0824068789712858,1.09020803204812,0.0125181853952614,0.09412551119661,1.75311720834914,0.0353604332350413,0.0967277130934725,3.66991979386952,0.0762433519652942,0.0899819028262921,1.00288309926358,0.00177542659529339,0.090881835037138,1.05622377499757,0.0211941502000912,0.0936559472580005,2.0657547958787,0.0369982402207018,0.0881129579467068,1.01158236655188,0.00114405963741748,0.0790743640719369,1.47500060364494,0.0181049812135529,0.0615805080102232,1.00577451078852,0.00107865721246546,0.316389990667527
0.0608868232779376,5.92884584496348,0.0736230963869746,0.0835220061144578,1.00288309926358,0.0090564904880358,0.0818604646504249,1.37652687910296,0.0238398141813338,0.0423067854434937,5.31926478442073,0.0211068198033593,0.0924499060519502,1.00867425853989,0.00124250116618818,0.0865592901394208,1.74305193613896,0.0302779125299757,0.0946779284057727,4.69264665877481,0.0526415130800248,0.094230119057323,1.02624915657849,0.0010133975692619,0.0648356705657467,5.62584220609726,0.0156144798874917,0.0809201604367975,1.00577451078852,0.00104032015503049,0.229456345247676
0.0872050943711734,23.1436549734047,0.339159821777613,0.0838896831091919,1.3686237465133,0.013924256482838,0.083355055478899,2.35826794741131,0.0344049041636436,0.0929371633097695,4.7587522853644,0.0840878068939474,0.0839242109660846,1.57597523020146,0.00218053678628462,0.094379115974526,5.16033824803901,0.0573237886229725,0.0475227628943768,1.00288309926358,0.0072650782059321,0.0987331939857909,1.00577451078852,0.00297550092135859,0.0574168584581278,1.10920355497526,0.00909256236432989,0.0884122956866753,1.00577451078852,0.00257440986773563,0.552988666086655
0.0743793010870592,11.0164552140568,0.168102752727699,0.0674107858010292,1.00288309926358,0.0026620554839324,0.049593254641193,1.92784124639408,0.0127245134062257,0.0604749182656416,1.9920706805728,0.0244052479758132,0.097583748224956,1.01158236655188,0.00223391868443205,0.093793008493349,18.9046718094031,0.0692274176417613,0.0813083030167121,7.45964533309522,0.0397197969959398,0.087746519954826,1.00288309926358,0.00152669068908777,0.0882932148826676,1.32214875407135,0.0212299452447831,0.0885242309856156,1.00288309926358,0.0103767162443611,0.352209055094035
0.0288277846321656,5.63184697243997,0.0301608906012585,0.090635916487576,1.35295334494457,0.016393631392056,0.0527735780893571,4.59902389909696,0.0170628300444981,0.0918894945352677,3.18169453421804,0.0631495526824609,0.0789124163566725,1.00288309926358,0.00173349861634861,0.0705248108580259,1.42081696649143,0.0191811967357562,0.0885328266809332,1.1028352210931,0.0214695159512441,0.0942306794858673,1.02624915657849,0.00247556508552539,0.0883982660166807,2.46943812909056,0.0271959215347005,0.0652393681648063,1.00288309926358,0.00449496757999518,0.203317570223843
0.0814435391644462,13.6081487487738,0.223471583553828,0.0981691695861917,1.00288309926358,0.00730305570275193,0.084063381413186,1.28093437865255,0.0233368232367171,0.09451759265858,6.74168474761895,0.103582046463215,0.0975959562596367,1.01158236655188,0.00130443828490894,0.095000506682728,1.92784124639408,0.0376508445077071,0.099260977017875,1.18855355314224,0.0265205620811306,0.0834654790799839,1.02920793476607,0.00138949676777522,0.0541680691028023,1.33361741419236,0.00869797818514037,0.0795481090152384,1.00288309926358,0.00640887745819977,0.439665706241374
0.0817648540709144,17.0512425254688,0.258747393708834,0.090505059751383,1.25899790157518,0.015943590851222,0.0664050026612294,1.58051892322707,0.0189029438449413,0.0503273993985357,1.39813619203565,0.0141850975738693,0.0978418607745015,1.01158236655188,0.00102824216149517,0.0943083286611767,12.3814980416064,0.0671899474474855,0.0817085894912985,1.00577451078852,0.0177986749319659,0.0993441026624713,1.00867425853989,0.0014618463240326,0.0844936570949832,1.00288309926358,0.0125575912458958,0.0998050647834444,1.00577451078852,0.00521756513530645,0.413032893225048
0.0930995691950984,12.9264638237135,0.263119001959618,0.0730038402576658,1.00577451078852,0.0011341470568882,0.09713397406796,1.40859841962076,0.0305985175234126,0.0676498257345046,3.02231112063516,0.0380300171065199,0.0890654580934523,1.47076025583445,0.00256407372350932,0.0858045916663335,1.31455782572457,0.0242897653497046,0.0685607140766304,1.59882507273807,0.0186099063691907,0.0909916451750917,1.01449885892793,0.00112136954202559,0.0796251475058918,11.1304219326752,0.0261713721580967,0.0582574570459715,1.01158236655188,0.00159288053049324,0.407231051319459
0.079247301995523,18.2085412106233,0.253401498296375,0.0911596297642807,4.52026390637434,0.0209333935827072,0.0862554914030552,2.69996316651677,0.0390958188956202,0.0664627026818588,4.13747106169001,0.0430307746761269,0.0937759991161693,1.01449885892793,0.00179001710622631,0.0687904604469202,2.38558227120577,0.02326441364806,0.0922884934371747,4.760684680679,0.0496606906246604,0.0853421516791584,1.02920793476607,0.00212162623981432,0.0692913427211162,2.81911328467833,0.016476652031716,0.0979292030314427,1.00867425853989,0.00205814049648414,0.45183302559779
0.0857163965831519,15.5180551692839,0.26509629419522,0.0936252342093157,1.3686237465133,0.0176660536819569,0.0682854981077708,1.16484078042324,0.0162373156360419,0.07714711951132,2.37783861946827,0.03901192849586,0.0887356346930561,1.0232988843187,0.00207927124788417,0.0981299609727877,5.35713058780925,0.0633587401633741,0.0719532115837252,10.0346071582177,0.0309647691929869,0.094311898210125,1.00288309926358,0.00340559659762264,0.0834674294700512,3.13598584352336,0.0255161929014641,0.092483838700457,1.00577451078852,0.00894028682788456,0.472276448940295
0.0796738964357774,46.3172395698592,0.345852562340252,0.0520081132789392,1.00867425853989,0.00146697977296498,0.0579955885365892,1.81474121907939,0.0161644919519125,0.0742354367938429,2.17021918370868,0.0342460460131533,0.0960046964570891,1.01158236655188,0.00180135060801261,0.0766252233296265,2.78683513858361,0.0303280572172358,0.0757777324521711,1.75817161928149,0.0231021326279555,0.0853216235681122,1.00288309926358,0.00182811038282461,0.0736950158346707,1.90028922105573,0.0171626783815299,0.098583466954858,1.00577451078852,0.00740973796556769,0.479362147261409
0.0515103929263915,34.7141491053454,0.135040169990645,0.0870626004532014,1.23033252636976,0.0146502024403518,0.0972549107169547,1.28462743961633,0.0279615108673423,0.0502528765653685,1.35490828359203,0.0136721576978408,0.0989315356142727,1.00867425853989,0.00156263065476555,0.0667115013236821,1.51808232505612,0.0181468144535777,0.0799140610489184,2.9350594625955,0.0314161783137212,0.0876341036447149,1.65502554408647,0.00293865400059259,0.0632261807235004,1.00288309926358,0.0083214984230499,0.0963434924330241,1.00867425853989,0.00443057275946552,0.258140389601352
0.0829466294586009,10.829342822459,0.193245336239214,0.0767173589468698,1.00288309926358,0.0101749948909319,0.0910782158043352,5.10125365829453,0.0549540852154557,0.0394045125955412,1.16132014518531,0.0088761112214837,0.0930152352928456,1.00577451078852,0.00281852680224721,0.0326691033201241,1.1481932879197,0.00547422141211788,0.0889168492587571,1.20231981606127,0.0232896498366171,0.0959462580141377,1.00577451078852,0.0032569035349032,0.0626814085785901,3.19062650772569,0.0136795882099656,0.0616830101207145,1.00288309926358,0.00107605637469677,0.316845473737633
0.0862801958481346,25.6490079220847,0.34722791253301,0.0794336632448868,8.89175006582625,0.0153519428716466,0.0787760778509741,2.65372529430481,0.0325715306385114,0.0796276491295584,3.01369437372618,0.0489122726346501,0.0987760795711754,1.00288309926358,0.00267858176468728,0.0978561383851941,7.65545473146367,0.0684815478161691,0.0911662834110606,1.5896456468007,0.0299559746444834,0.0979498745311785,1.00867425853989,0.0029809958447941,0.0675516401046466,2.49804006667886,0.0153363648214758,0.0844561038749893,1.00867425853989,0.0060557843037432,0.569552907873171
0.0790105107069955,9.855606658283,0.167318791543089,0.0788308800629806,1.00577451078852,0.00195702413110432,0.0970210215172213,3.04698957090351,0.0521340961218475,0.0766013172292716,2.53922682937203,0.0408167034258006,0.078033516059882,1.00288309926358,0.00125298974599531,0.0923349511429088,10.1216499350543,0.062051340998235,0.0873474007943224,1.54898606893921,0.027423022419303,0.0856038198775501,1.03217524340486,0.00114958914330629,0.0769521513882648,1.21274904899342,0.0158153365568531,0.0859815861590862,1.00867425853989,0.00290805636745925,0.372826950452993
0.0762054250565756,8.94385316128989,0.146122327161902,0.0925351073457026,1.00577451078852,0.00982768873797323,0.07882805739176,1.29204553462562,0.021474743047676,0.0821604996859894,3.04830946521005,0.0517498535415966,0.0813117691483152,1.017423759841,0.00144092768428431,0.0994339299336176,8.27426512232383,0.0722780684419711,0.0927492083467236,3.83615347588896,0.0469349645673346,0.0947147035629115,1.01158236655188,0.00264592677510283,0.0816910878443651,1.017423759841,0.0160003946239415,0.0913401058489654,1.00288309926358,0.00195364171629001,0.370428536298072
0.0783965020996962,24.2946863802066,0.280492180524564,0.0782375076743875,1.017423759841,0.0109425400424392,0.0904193487275804,4.0518365057735,0.0504385385842463,0.0874646545606299,3.62824600357589,0.0642502476145417,0.0946147035144815,1.01449885892793,0.00296344153587331,0.0706005053316824,1.07153781450759,0.0157265660682034,0.0557686969857123,1.00288309926358,0.00199797715736084,0.099133988078723,1.01158236655188,0.00204897872925302,0.0882211950436834,9.0989179220007,0.0337123336588804,0.0712997668443351,1.00577451078852,0.00488687890640335,0.467459682821765
0.0941995483821417,24.5737335188131,0.405207436140428,0.0898327659005212,4.3542135747773,0.0201208943435352,0.0815160417146406,1.4249133228412,0.0243602053867322,0.0674577226262906,5.74553637423926,0.0496930537135879,0.080442045731722,1.00867425853989,0.00126556778209857,0.0986479902268111,2.16937226517279,0.0434152925312558,0.0863913186352923,16.8483214233231,0.049922422417586,0.0853404991642829,1.02920793476607,0.00151449159569556,0.0832211643986242,1.07462716439149,0.0170829515768432,0.0829215628363201,1.08707389011608,0.00912271324083432,0.621705028728597
0.0740667218603409,11.1748494856797,0.169334309684288,0.0799293615135426,1.00288309926358,0.00279853895645272,0.0974822447915035,8.370100693918,0.0725336583279939,0.0892191715748346,7.88798980067452,0.0972633719014244,0.0853827403933155,1.01449885892793,0.00140674509178082,0.0789011252549654,4.66570449781614,0.037280083637033,0.0827163848370701,1.28833114804146,0.0221435188820569,0.0751802624637592,1.11240149892777,0.00193612136484406,0.0900098772066846,1.35295334494457,0.0222419584428324,0.0653840028122781,1.00288309926358,0.00162549870927354,0.42856380499798
0.0404949357182276,6.34934962645816,0.0495893648960992,0.0870194702225563,2.33126636583218,0.0170602021464601,0.0910952550755263,2.03623175886238,0.0370929774077636,0.0943639362591579,2.5610696150512,0.0538129774588273,0.0907591004082377,1.00867425853989,0.001254465701854,0.0863115784909865,1.96143148928283,0.0323297321602678,0.096855309072347,2.2071708865269,0.0406497605636141,0.0919292778967747,1.01158236655188,0.00182915061220715,0.0851547810162797,2.00713065465068,0.0236528660649731,0.0721095157972414,1.19541686845759,0.00676740965672094,0.264038906668787
0.0999004407232302,27.0016239415688,0.475813792615957,0.0899074859780105,1.31077872056062,0.0160364904143471,0.0357834617143075,1.26262771749805,0.00667365558021732,0.0842896436599865,5.30409931780933,0.0740870493280513,0.0925292728115387,1.78366310156055,0.00283177401509631,0.0720353414705065,3.4784466459882,0.0286332456925588,0.0828212390261115,1.13504676028852,0.020167803593045,0.0792401099110321,1.00867425853989,0.0016120402132947,0.047502692368186,1.00288309926358,0.00302734516247712,0.092049865473489,1.00288309926358,0.0016431141332288,0.630526310748274
0.0694699679090732,12.0016436540992,0.161501491208783,0.085865436009576,1.21975208146059,0.0141644109649338,0.0874548799020924,1.54453302690677,0.0287572972210054,0.094136338257499,3.76544431297133,0.0743305263378636,0.0803247893713909,1.00288309926358,0.00186492419174474,0.0746679884531736,3.20905081491668,0.0300321281324433,0.079783161419612,2.44820179377353,0.0293458361404365,0.0803229644652788,1.00577451078852,0.00149920176639522,0.0926887192624842,1.1988633739507,0.0219388466372407,0.0851603757005522,1.00288309926358,0.0049526198015366,0.368387282402383
0.0849803247910989,12.5626169244427,0.225717529975698,0.0908918700248971,1.00577451078852,0.00620558894814088,0.0863731514491858,1.23033252636976,0.0232919959924936,0.0208991569334482,1.43862994594777,0.00516020257973972,0.0885494433231238,1.01158236655188,0.00242480936234685,0.0700808154660985,1.2267955530143,0.0171950246924735,0.0961038359766748,49.7363795461226,0.0706015092945044,0.0992432552808856,1.00288309926358,0.00288963890942862,0.0897199084831465,1.38447564841702,0.0224924307110741,0.096101406965347,1.10920355497526,0.0128998095195686,0.388878539985468
0.0967135270754146,20.8830207840829,0.390704015313624,0.0587218539976934,1.00577451078852,0.00511921070218547,0.0768026675999376,1.20578622343754,0.0196048612317145,0.0843933831985848,1.96383472223842,0.036026545829125,0.0961664502732604,1.00577451078852,0.00112070824422613,0.0610506198496598,1.00288309926358,0.0122603097879635,0.0473760548393555,1.93339940407185,0.0105253129022724,0.0978096376227799,2.44116367657533,0.00400374243562853,0.0902379436916051,1.92229906736858,0.0261531839827731,0.0706285484193293,1.00288309926358,0.00580932240100197,0.511327212830515
0.0985154537775202,11.5974146743887,0.256154425507372,0.0933552174324766,1.00577451078852,0.00730743184402136,0.0782439606484451,2.31788173275986,0.030317770816713,0.087688301087881,2.5610696150512,0.049306442359163,0.0812708149484838,1.01449885892793,0.00191799731942425,0.0964626406713943,11.756216271046,0.0709602841322371,0.0731412280699393,1.84105289600553,0.0221865785333994,0.0968704363039364,1.01158236655188,0.0031476252537196,0.0943471577303701,2.66137624774655,0.0322642394895325,0.0932929847023653,1.32978351631576,0.012613580193866,0.486176375449448
0.0951257718495392,10.3162712187099,0.218837135917388,0.0873532096486111,1.00288309926358,0.00173438956522642,0.0988165603164227,3.85830538552188,0.0602246662998383,0.0381537948933588,1.1,0.00231106479976527,0.0821040584663304,1.40859841962076,0.00205088486491224,0.0986952302031173,8.56511470172144,0.071798026469434,0.0875506966805342,8.46704626823108,0.0486484055119324,0.0999795262986584,1.01158236655188,0.00179967448116253,0.0596691495530784,2.31121826109334,0.0117180843010267,0.0823798048540141,1.00867425853989,0.00459321800861802,0.423715550219304
0.0893894880068586,13.8432741205849,0.261740395504568,0.0954735718153179,1.00288309926358,0.00199294064098849,0.0752439824546634,2.7391095515787,0.0300925033548263,0.0809633517238609,6.38570961945854,0.0736593550136366,0.0949093377327918,1.00867425853989,0.00135440175036915,0.0683128222654949,3.79223047250718,0.0261257792890668,0.0456310221208175,1.07772542117776,0.00812302808598024,0.0851646281611023,1.00577451078852,0.00224368308373966,0.0948021882547665,3.66345594042931,0.0355849597596322,0.0828273107030879,1.00288309926358,0.00778509632575175,0.448702142808559
0.0677094446224935,14.9526369191729,0.174552552755585,0.0874744615952087,1.00577451078852,0.00693679499636343,0.0674417933956935,4.99947880072813,0.0281752703687869,0.0435380562887268,2.11516349130204,0.0162354127473998,0.0940821332092017,1.017423759841,0.00258163003580226,0.0969239702728656,13.3823268507784,0.0726586252752737,0.0593546637514739,1.00288309926358,0.00386159386096151,0.096614541261038,1.01158236655188,0.00274424315785023,0.0871043106257923,1.00288309926358,0.00906006038232519,0.0803388331427732,1.00288309926358,0.00261897445145679,0.319425158031805
0.0793515697320822,9.88378578253307,0.168446340425282,0.0740561583707127,1.00577451078852,0.00515124689437212,0.0746397430390331,4.24284253669373,0.0337940557076407,0.0915772601386987,5.06724914889675,0.0848061733475114,0.0945825844554936,1.017423759841,0.00145150761284412,0.0937889251953875,1.19198027101602,0.0248776450684231,0.0849411901684089,19.738940183072,0.0483309069268725,0.0876572054623558,1.01158236655188,0.001677737737426,0.065648052835474,1.20578622343754,0.0118935695404812,0.0905135724280531,1.00867425853989,0.0102300136599682,0.390659196920821
0.091826834342189,17.5450919963968,0.321644570969712,0.0982506546743549,2.08367368705817,0.0224238890351535,0.0815495624774712,2.91820823764409,0.0362065632683429,0.0356821714759051,2.49609854576165,0.0132287602586002,0.0845914815139093,1.00288309926358,0.00150785528148472,0.0572041919164476,1.0232988843187,0.0113807126523309,0.0790056228413677,3.25557838997471,0.0317663862443393,0.097802553773515,1.00288309926358,0.00278388281191206,0.0742055245624684,1.00288309926358,0.0046853085971465,0.0610576644137328,1.00288309926358,0.00323795079357704,0.448865879912599
0.060880639569965,19.8936269546997,0.162249002274695,0.0486064318400207,1.00288309926358,0.0037528301702621,0.0832874875723983,1.37256962462899,0.0243683544392048,0.0795579411920836,6.74168474761895,0.0721043154200761,0.0975866079738492,2.75492656923522,0.00337682116967402,0.0586487956228663,4.21848286189654,0.0196605598882008,0.081586889738211,2.74700667630971,0.0319554907231848,0.0874884276303872,1.01449885892793,0.00174784317651987,0.0875905813902926,1.00288309926358,0.0138925282634135,0.0617577812993459,1.00577451078852,0.00125861828841182,0.334366363813643
0.056539254355203,7.93316092383089,0.089976967971485,0.0974880245541558,3.56975293664868,0.0243808754760082,0.0790646122161408,2.2008256876077,0.0301401875740249,0.0583603136363424,4.54625413722128,0.0353277680650343,0.0940290765701981,1.01449885892793,0.00191801985920584,0.0967441241307131,1.25899790157518,0.0272258783362597,0.0515709317649433,2.0598161414781,0.0124118578144002,0.0940553720719931,1.00288309926358,0.00159401082592354,0.0801169435565452,11.756216271046,0.0266665589727714,0.0907313361815167,1.00577451078852,0.00129473291466041,0.250936857809773
0.0929585763612259,17.3458586273837,0.325968150204141,0.0852142013353775,1.07153781450759,0.0133415957625092,0.0867080790315676,1.56242237457588,0.0285746547880742,0.0666626802020698,2.23307452073596,0.0304206286216492,0.0978689198140379,1.01158236655188,0.00258249414261631,0.0651514366336671,1.55345194953386,0.0176880176401262,0.0827198126800029,4.25507507288674,0.0373950313831501,0.0998394349746295,1.00288309926358,0.00102814718384955,0.0919254692741315,1.00288309926358,0.00989002027959503,0.0647381184979579,1.00577451078852,0.0026980276487451,0.469586767654456
0.0910045947132604,18.1048624543974,0.321874531312129,0.0819266531539884,1.00577451078852,0.0118870921735147,0.0640045641785456,1.2232687477884,0.0153140830922554,0.0299334143792676,1.2833662777058,0.00722039821294434,0.0862536730552288,1.02920793476607,0.001891773051501,0.0582265743564002,3.49853297367273,0.0187578639867599,0.0542495859145555,1.00867425853989,0.0101062125537656,0.0816520912104946,1.00577451078852,0.0010034116231188,0.0795113334194489,1.73804099143649,0.019417418546416,0.0527612252325603,1.00577451078852,0.00300753050523493,0.41048031505764
0.0621631558801551,34.3199524331307,0.19385022148372,0.0688111141581968,3.52888015319671,0.0103948995315763,0.0949676621466007,4.39198314906283,0.0578353394569666,0.0989458154925982,2.53922682937203,0.056284948667863,0.0777159308269335,1.00577451078852,0.00107229098044558,0.0774635501069127,4.08698318318596,0.0346026590915129,0.0969619163584959,5.41917883794353,0.0573818393545689,0.091630505825756,1.00867425853989,0.00265282947606728,0.0670690045734457,1.00288309926358,0.00258804938515429,0.0770787408515192,1.017423759841,0.00599460601561614,0.422657683443491
0.0963471004246875,16.1970796854127,0.329618928476941,0.0773640918979374,1.00577451078852,0.0105232545741066,0.0388198465848428,1.24817094410403,0.0074653099871499,0.0722585346499136,6.83861649420725,0.0596703415087336,0.08395299920618,1.02624915657849,0.00152705232415003,0.055697619452126,2.84356700216288,0.0165614658279531,0.091548449118928,1.05926897298544,0.0214936413351557,0.0996493333830469,3.6740180475533,0.00426661137522248,0.0790922226174098,3.60071789654471,0.0230685187041683,0.0914461439794318,1.00577451078852,0.0106905591928924,0.484885683306473
0.0721689864823732,15.3418398258396,0.197386027018152,0.0897907414970392,1.2267955530143,0.0156505989845093,0.0642661619174377,1.15482354244809,0.0148116179854021,0.0745683583552644,3.91900389115593,0.0515292363513738,0.097967134696919,1.00288309926358,0.00237658076775329,0.089508658307439,2.07768351923393,0.0355817986820173,0.0994089246902034,4.99947880072813,0.0602185433795291,0.0824085847624266,1.02624915657849,0.00197804398162087,0.0896513175780275,3.68461060628057,0.031176997055046,0.0654440695471778,1.06538573309788,0.00541868762682606,0.41612813183223
0.0725168268727024,16.1970796854127,0.204308168740126,0.0834388527966587,9.31091255809072,0.017461427702729,0.0878285580315828,1.85168407581574,0.0328101772783047,0.0929947352441483,2.40515031439804,0.0497009055809118,0.0905503448896506,2.012917411563,0.00268387186651772,0.0757351882081566,1.28833114804146,0.0200075233886427,0.0834235188593058,1.53566531100084,0.0253163534656673,0.085288921945943,1.02624915657849,0.00183398959062239,0.099207813023746,8.66431899975565,0.0461057990214784,0.0966602306665315,1.00577451078852,0.00314787729346736,0.403376093928467
0.0604701858462469,30.7035198836307,0.179594506976215,0.0873634108127745,4.81582467568853,0.0187978004941837,0.0847846128867092,4.3416960341386,0.0444449941677954,0.06441526545549,1.7319949220849,0.0233636211348821,0.0932981654146533,1.00288309926358,0.00245901045850913,0.0789623938337086,3.27437776251048,0.0339984109992234,0.0715981448611693,1.19541686845759,0.0169026252855934,0.08934328590404,1.00288309926358,0.00210835499928468,0.0786021831200044,1.48779514022745,0.0180015620108755,0.0759688915455413,1.00288309926358,0.00735907096507454,0.347029957491637
0.0352948774458017,12.2439193576685,0.0577997211238032,0.0909240790830728,2.98619923379083,0.0197135758600911,0.0824533038136053,1.19541686845759,0.0213985673459437,0.0979005424141712,2.43973149543952,0.053412258834191,0.0897887663464512,1.00577451078852,0.0012101989798081,0.0579483378958585,4.31676880609627,0.019214111324081,0.0964512125909132,2.27818714703702,0.0410948353994766,0.0991267603671745,1.01158236655188,0.00392196316890586,0.0932864655477747,1.02920793476607,0.0200673498740773,0.0878015766462108,1.47076025583445,0.011027424574562,0.24886000648494
0.095098189637749,16.5712936542063,0.32815765051907,0.0782054839347339,1.00577451078852,0.00410077859704063,0.0990430408591015,2.83539228475476,0.0524668822131585,0.028973629095569,1.1,0.00574830715929659,0.0821062090413401,1.03217524340486,0.0018495734351509,0.072409573877561,1.53566531100084,0.0209355065354707,0.0817378015160121,1.15482354244809,0.020069740557405,0.0971248076196678,1.01158236655188,0.00254865877502277,0.0848241040141226,7.4382002633935,0.0297872636620198,0.063118198655573,1.35295334494457,0.00519346079987738,0.470857822253512
0.0855766965237848,10.3753480645871,0.193998399304869,0.0727884611612108,1.15482354244809,0.00985424476362499,0.0873144538339663,2.31788173275986,0.0371963747454056,0.0875388751935927,2.77421627095644,0.0526718170540143,0.0998911248493753,1.00288309926358,0.00334022585633718,0.0987787284328425,1.57144459943409,0.0342971868816165,0.0934189598938964,1.65502554408647,0.0320045224707958,0.0792469606422417,1.00867425853989,0.00187259518097869,0.0960872281459207,2.61579919085284,0.033506561436554,0.0565028929567688,1.00577451078852,0.00204078233372036,0.400782710027916
0.0911583850874979,39.6994719371337,0.452129614765653,0.0950305592578875,1.00288309926358,0.0120387914428796,0.0967804624029655,7.37423424898408,0.0693963097904167,0.0898849505053442,5.38036150303456,0.0842328431975978,0.0975932848031311,1.01158236655188,0.00308062067058902,0.0984622510757376,2.90981894079874,0.0508157358056018,0.0947779628465034,1.16484078042324,0.0245709130098538,0.0831230094212635,1.02035709353375,0.00112278386231108,0.0972731769887906,1.68871705388817,0.0289028412117635,0.0961479776752134,1.00288309926358,0.0101255092523107,0.736415963008977
0.096306739986172,41.0832007669419,0.521671547989841,0.0743024472174053,1.00577451078852,0.00403280721748536,0.0774908979238788,6.04568285725226,0.0393512079563651,0.0725787597531934,1.67844468975189,0.0257485619414787,0.0999792150878558,1.00577451078852,0.00333915551215366,0.0795441498230723,3.37973166401872,0.0348054407678355,0.0965394345395391,9.86276078296599,0.064060977299907,0.0840499213443207,1.01449885892793,0.00223757845951286,0.0862170428360052,1.87313095952011,0.0235415453207224,0.0645247532485914,1.00288309926358,0.00245160436431497,0.721240426829617
0.0902020215880829,17.5952568766003,0.312054059251829,0.0963442523176378,1.00288309926358,0.00524329839201064,0.0859200416838523,1.05318733137807,0.0198289050366905,0.0769971334159944,7.93316092383089,0.0706378701444976,0.0950776725098378,1.00288309926358,0.00201952764489539,0.0695618983995616,1.54898606893921,0.0196825898230534,0.0871124596621687,9.63820144251651,0.0487137227089947,0.079690978206884,1.00288309926358,0.00104020733041289,0.088447754133432,1.00288309926358,0.0102423368163507,0.0603188109588201,1.00577451078852,0.00230290528242219,0.491765422431157
0.0925931276492326,36.0268281697364,0.457052715609761,0.0797800880763088,1.1481932879197,0.0119206957358492,0.0562578456984609,6.2943333190863,0.0199767174646145,0.0487676964180269,2.41892357524226,0.0204891465664419,0.0972501563876368,1.00867425853989,0.00298629937132135,0.0458169697934379,1.78880557933512,0.0104684275683325,0.0678977632824702,1.57144459943409,0.0181097055391188,0.082572778203769,1.01158236655188,0.00223315477915603,0.0814977963246979,2.03623175886238,0.0216293064059256,0.0864342203720925,1.00288309926358,0.00251073435329979,0.567376903393821
0.089269019829615,19.8936269546997,0.329603520555889,0.0953202123400016,2.37188579111585,0.021310716690954,0.0895358061453801,2.09570588324384,0.0366085581119243,0.0667843627362427,3.48607928434492,0.0401443531195003,0.0878742599762554,1.01158236655188,0.0021257346936561,0.065129597645082,7.31081832073186,0.0262924225184697,0.0950962146826478,2.58584894057531,0.042554499317123,0.0974040230853326,1.01158236655188,0.00188357424950795,0.0950911718701062,1.00288309926358,0.0202018117684913,0.0833647435554213,1.27725193454067,0.00954110300275098,0.530266294028267
0.0650157455842298,14.3667429823903,0.160083046367669,0.0794986058884624,1.12205075712963,0.011728822113517,0.0878806180609947,1.92229906736858,0.0336947591675316,0.0814912734645188,2.48188585350649,0.0434610105116452,0.0919375477589402,1.00867425853989,0.00128972461266596,0.0926636613094393,4.3416960341386,0.0521828222502494,0.0986731549637016,2.47655776434198,0.0448053880593198,0.0943413143483272,1.00577451078852,0.00117649684760869,0.0852103919943161,1.1028352210931,0.018100904978142,0.0982696576128431,1.0684573459204,0.0134213461710101,0.379944321079359
0.0769088556341957,12.3140350149142,0.192048953207013,0.0992082879881871,1.41673238639154,0.0204940330212851,0.0922128039500616,1.38447564841702,0.0282070860511291,0.0651298490647564,2.48898205491401,0.0318856568521325,0.0970627557848329,1.01158236655188,0.00313079516388358,0.0821109534545956,2.23917234584048,0.031608888385372,0.0975825735386441,2.90145376159538,0.0472780077625963,0.0905625478402252,1.017423759841,0.0014429920092725,0.0998130497772878,8.56511470172144,0.0463663403329038,0.0893535959745081,1.05926897298544,0.010733048471228,0.413195801256816
0.0954068194889186,19.667724786681,0.367927453805358,0.0765119675369732,1.00577451078852,0.00955050588999299,0.0659911845331541,7.4811522310616,0.0285379690904239,0.0497119240669922,2.95406110570076,0.0231493350312461,0.0859650005170496,1.02624915657849,0.00227407306258087,0.0980902860196284,5.94214829246472,0.0653833375035244,0.0985270504405885,1.71320152422168,0.035799943069128,0.0855206214388516,1.09020803204812,0.00269325147087561,0.0961608821697129,1.00288309926358,0.00110004523193971,0.0873461130440125,1.00288309926358,0.00676476217621177,0.543180676331282
0.0371416480152796,8.18626584483316,0.0525337198783153,0.0971899896648617,1.00288309926358,0.00602917613652261,0.0828632989457229,1.88394737445416,0.0301008948566562,0.0593931949863596,1.71232724616098,0.0209301911722858,0.0956039513509606,1.00288309926358,0.00109382112101338,0.0904753093146628,13.4209094274668,0.0606365452935869,0.0566276747441923,4.02857346483847,0.0167293666573866,0.0800673596976196,1.00288309926358,0.00213401768788878,0.0519557313820343,1.00288309926358,0.00474122778741703,0.0986878546802109,1.16819913201946,0.0139481225365068,0.208877083127579
0.0435141189032489,9.99731028324292,0.0726037836814419,0.084204947783703,1.00288309926358,0.0010262333667387,0.0660167331500293,1.37652687910296,0.0173479679356526,0.086924150460339,4.29392518147046,0.0704994086167283,0.0861831094560619,1.01158236655188,0.00189642030083775,0.0920070015972649,8.10918567113405,0.0592047441307021,0.0940364934751038,2.57100265798945,0.0415004039994152,0.0863827166367892,1.01449885892793,0.00183372435338898,0.0890411414152871,8.34603823722249,0.0343077873282284,0.0680265612137706,1.00288309926358,0.00431796325621073,0.304538436969345
0.099427164031917,33.0694653561776,0.517177553628299,0.0963648351098096,15.9056121278034,0.0264752076968948,0.0611931685756026,5.37257572706184,0.0232471588377563,0.0938059853193611,2.83831118813966,0.0589849999057718,0.0831037241063035,1.035151107089,0.00203135484153624,0.0965272964422974,15.3213249660846,0.0727152631910365,0.0475648320002579,1.29950646550457,0.00936509484115041,0.0986968934101711,1.00288309926358,0.00340250489921146,0.09731806938223,1.00288309926358,0.0114475224604161,0.0946724714134595,1.00577451078852,0.0114048070514071,0.73625146735348
0.0476277845058505,5.48897419860979,0.0520826335227949,0.0920700831250647,2.11997911696849,0.0192154540021118,0.0786950408305332,1.39648494813358,0.0228348274665975,0.0628482110041505,1.84954855156553,0.024114349896734,0.0964966967384029,1.00867425853989,0.00131620704024253,0.0953290885145354,10.6599934842429,0.0676895380829772,0.0906974482896956,4.58580257506987,0.0471558836727244,0.0980074051235617,1.01158236655188,0.00160859494288027,0.0743291629572694,6.1687553886527,0.0213070077716998,0.0674800016162658,1.00577451078852,0.00215888596790911,0.259483382366671
0.0894207145519609,19.3889510147338,0.324405048817584,0.0692227275065274,1.00288309926358,0.00706254575538484,0.0358627855961985,1.03217524340486,0.00614207538013262,0.0857763679894169,5.02403172267303,0.0749039774692016,0.0873826455557852,1.02035709353375,0.00170744702659669,0.0937354349805268,2.55624161321588,0.0434095693843144,0.0990846453362115,2.44116367657533,0.0448162345183298,0.0795539297626205,1.00577451078852,0.00188587573419666,0.0853187975828671,2.35148837301477,0.0249152398314291,0.0814445125409947,1.00288309926358,0.00522995166437271,0.534477965581542
0.0708109644916167,8.544472794322,0.128052871608088,0.0900671773041138,1.00288309926358,0.00849063484802151,0.0570031372916699,5.89104782059798,0.0203520573298269,0.0975137277810005,4.18499377685345,0.0847898273723823,0.0997306413838058,1.00867425853989,0.00322345075100951,0.0930257513482469,2.37188579111585,0.0410192964997836,0.0974072810610838,5.60966897361054,0.0586810241501646,0.0868520215162303,1.00288309926358,0.0012295062471697,0.0871638376036867,2.50524216415549,0.0264549259187338,0.087365186643798,1.00288309926358,0.00558975018810558,0.377883344913286
0.0747090906330384,8.47159891112452,0.135440329837941,0.0493995802796302,1.00288309926358,0.00362312799741507,0.0735274402063932,1.63607591315362,0.0227390966358852,0.0923282109223877,6.0140906175269,0.0935351547168339,0.0872435268801815,1.01158236655188,0.00127666841527129,0.0886017142267892,1.04112859832463,0.0202896519195246,0.0547331447510544,1.63607591315362,0.0127597866635838,0.0999220599141749,1.00867425853989,0.00274692822679308,0.0973766939300431,1.27358007675926,0.0248361250347632,0.0958888605668066,1.00867425853989,0.00992519770668732,0.327172067154698
0.084850183671029,12.8896098855347,0.229310873769332,0.0986721681206083,1.00288309926358,0.00968006909039763,0.0952977367725253,2.012917411563,0.0396206294136118,0.0897477683703805,3.46622967859534,0.0649415506580718,0.0999771261555918,1.00577451078852,0.00252972661212271,0.0875185324761414,3.03823005207779,0.0410182308292896,0.0811720947855441,1.05622377499757,0.0184176921462706,0.0850520728992003,1.01158236655188,0.00127484223123019,0.0804613398866583,1.64552345116496,0.0195106017519032,0.0541951689869761,1.00577451078852,0.00259253966937418,0.428896756171604
0.0714751805091731,7.84307588021287,0.11913355737642,0.084502353832383,1.00288309926358,0.00493979021505363,0.0429432329861985,1.17494491051044,0.00836998411178716,0.0961903934329224,5.08173741413741,0.0931548233504473,0.0891519949503,2.39246014169509,0.00257896814452624,0.093296441620612,3.50861959151272,0.0493397978045308,0.0887813496044714,1.90028922105573,0.031981562718728,0.0974258010606094,1.01158236655188,0.00158359178534399,0.0560064828585894,1.00288309926358,0.00470847477121293,0.0904509999838258,1.00577451078852,0.0047745794864989,0.320565129764549
0.0822633372969567,9.49650625493224,0.169765321853971,0.0853305643920542,3.56975293664868,0.0173413696759767,0.0953749637888523,2.65372529430481,0.0470096427959363,0.0999052123397899,3.66991979386952,0.0800394699809203,0.0909156228929823,1.00288309926358,0.00261513082766982,0.0749363430390211,4.43008034640065,0.0327052970000953,0.0737310539831365,1.37256962462899,0.0193579406178726,0.0867398408303763,1.035151107089,0.00154450225597925,0.0996214890388767,1.17833239331668,0.0245929603186729,0.0614264098397892,1.00577451078852,0.0024736730988028,0.397445308425897
0.0839052002415861,14.4078203355768,0.24398121451013,0.0589975929323896,1.00288309926358,0.00188184459900672,0.0910729130366454,1.11240149892777,0.0224008717022076,0.0630976808163363,1.47607611411244,0.0191842114294311,0.098585567653193,1.00577451078852,0.00107631240173052,0.0951220898561726,1.60343464412786,0.0329868106514887,0.0978850506915332,3.11798102843626,0.0493079903457642,0.0758521970301194,1.00577451078852,0.00192549079836361,0.0573349166791481,1.00288309926358,0.00344380570110454,0.0993762455384933,1.00288309926358,0.00962800781957888,0.385816559958806
0.0710337063979589,20.1796569425861,0.217251506786137,0.0851524719161197,2.1944987299355,0.0159842913979314,0.0524558202104262,1.8463608342542,0.0137383724072114,0.0162185421682787,1.1,0.00120624055694399,0.081524249795123,1.04413027541975,0.00174559354781977,0.0569734230541192,2.85176528809274,0.0173026262278343,0.0884060296292181,17.3404260963733,0.053389222376511,0.0890079001775642,1.0232988843187,0.00248209458995528,0.0611904102109767,2.66904925964653,0.0126291212670282,0.0939648259000352,1.00577451078852,0.00908112386392643,0.344810193021299
0.0948089821357282,18.6824922069355,0.352918728156615,0.0883427828626977,1.12853005133194,0.0145990766844202,0.0356512282639274,1.26626799854054,0.00663796328273397,0.0850657536102372,4.67792578502157,0.0709235181829168,0.0997226406211687,1.00867425853989,0.00120856109046299,0.0869866096031505,11.9266679922861,0.0538993973289482,0.0866707492186752,1.83048275359669,0.0300005019649783,0.0744083520265926,1.00867425853989,0.00167329203005834,0.0726084676403279,3.24621921773864,0.0187676602192044,0.086561180257036,1.00867425853989,0.00298692023060538,0.553615619170944
0.0822806143254619,12.1742029363666,0.209969469114566,0.0878322322051241,7.22711126890421,0.0197100118668651,0.057285892599137,3.00344307348301,0.0184042473812822,0.0548175165972135,1.54948759419741,0.0173393136595434,0.0865171929459253,1.02035709353375,0.00161368951972437,0.0652481397163308,1.1028352210931,0.0144199259830898,0.0872763091846425,33.1421054672574,0.0531420512640545,0.0891379176668626,1.017423759841,0.00264291117090793,0.0562083626384177,1.00288309926358,0.0075301538996339,0.0896643879332894,1.00288309926358,0.00585079416161994,0.350622568021287
0.0436597999555426,12.8896098855347,0.0810013583775606,0.0908692751651681,1.00288309926358,0.0144286769444713,0.0951750295928778,2.6460963359074,0.0468331956904957,0.0714386543439356,5.77843858858263,0.0556026108696376,0.0857562980321572,1.01158236655188,0.00149259060330136,0.0955060624822141,1.46653209822205,0.0308541523013442,0.0821951833781476,2.2008256876077,0.0298022037401547,0.0999737510755713,1.01158236655188,0.00310157246015584,0.0860901511890891,1.65979714701382,0.0224530078412238,0.0897055975897175,1.00577451078852,0.00544575863561723,0.291015127463962
0.0782674349856901,9.88378578253307,0.165645323230341,0.0941238314122429,1.1988633739507,0.0171621943837361,0.0461668399175627,3.23688695135292,0.0127123247995968,0.0781565460829254,2.45370278782627,0.0407308157374764,0.0999930127118781,1.00577451078852,0.00284384081316262,0.0644963837849912,1.12528574084121,0.0143869115658944,0.0977693207901998,1.28093437865255,0.0279824992762422,0.0992541403922303,1.00288309926358,0.00114061623740388,0.0985404417274602,1.3804955427344,0.0266653332833469,0.0963624253920772,1.55345194953386,0.0140284873750226,0.323298346702223
0.0547264319157957,6.83861649420725,0.0761663636146829,0.090904576326787,1.6741946565908,0.0175402468378514,0.0927021802097633,2.89311263070037,0.0463217856726764,0.0706171290299957,2.79808046880329,0.0387556164773208,0.0946797812758832,1.00867425853989,0.00130462900966935,0.0829511314014853,2.23273514877728,0.0323081180746148,0.0914964581054932,8.68929909148323,0.0544876055207711,0.0857437235747967,1.01449885892793,0.00250872205066078,0.0897666303471043,10.2094477434412,0.0357811350916542,0.0716788848658399,1.00288309926358,0.00116857846113051,0.306342800811032
0.0944316819607978,44.2489815380287,0.506446726928315,0.0612199922899338,1.52684850782001,0.0073279269087089,0.0613667082497798,1.92784124639408,0.0182091411460842,0.0582249467409053,2.46775408779227,0.0268338988861032,0.0989332350013706,1.01158236655188,0.00173835195837132,0.077253570677116,1.1988633739507,0.019460668617473,0.0439068832220308,1.11240149892777,0.00777976091889166,0.0816705079574501,1.00577451078852,0.00125758930695784,0.0773593059249839,1.47076025583445,0.0173879205895107,0.0948337522166204,1.37652687910296,0.0132307374619031,0.619672722722319
0.0842033311631325,8.8170814218763,0.162230958771921,0.0889987532581046,1.00577451078852,0.0138587719205193,0.0932240855818979,1.84105289600553,0.0360021891755132,0.0651147163025845,2.04976636170469,0.0275403947861893,0.0994332765308287,1.00577451078852,0.00148320598314996,0.0985366134243529,2.29794873135268,0.0448282102199996,0.0927457859916934,6.51558610363938,0.0539736867924472,0.0942696788457825,1.01449885892793,0.00136352140858442,0.0971164650146988,1.12528574084121,0.0228229444486535,0.0662487028703579,1.30701047960937,0.00572464197311827,0.369828525480096
0.0609037108515467,17.1979197075697,0.154866716936308,0.0742818166227885,1.00577451078852,0.00556593490354931,0.099205600800751,2.0598161414781,0.0431011388697977,0.0994627433757701,2.52476856627454,0.0562448639835236,0.0991879019220644,1.00867425853989,0.0024138949626382,0.0869702330696972,1.71320152422168,0.0300749731864396,0.0885711737285888,1.53125056362849,0.0278655064249801,0.089492023359231,1.01158236655188,0.00237097150755873,0.0815853833197853,1.00288309926358,0.00664544347288412,0.0554150336936555,1.00288309926358,0.00213818649430928,0.331287630741989
0.0925993581791279,9.30859479724011,0.19031830641146,0.0704047574540406,1.00288309926358,0.00404793734246899,0.0431400849820948,1.05318733137807,0.0079817884496086,0.087992032065827,3.26451101451762,0.060339079913339,0.0911673798886848,1.017423759841,0.00202080832557969,0.0874342603294128,9.31091255809072,0.0535693139377475,0.0900634299582909,7.52435222533039,0.0512490965040702,0.0853137791485788,1.01449885892793,0.00108966115517201,0.0589891137555481,3.02949571521225,0.0119955703125715,0.0513586729110946,1.00288309926358,0.00136284620561782,0.383974408557635
0.0838445604883753,17.5450919963968,0.274897367800895,0.0942377997991985,1.19541686845759,0.0171238541321925,0.0626747751479507,4.17018228211692,0.0234090378405931,0.0792654379764939,3.42686889229787,0.0528313178827675,0.0871210478682332,1.017423759841,0.00206910435610908,0.0813440148051553,2.72338334507132,0.033761512616641,0.098818869370776,3.97099851752979,0.0548180021315205,0.0996903677659793,1.01158236655188,0.00110722697542671,0.0686211155791156,2.33126636583218,0.0155506344945942,0.0670986320336305,1.00577451078852,0.00424006072699477,0.479808118957734
0.0804367257199511,14.7406956275529,0.230962047343896,0.0855328253553636,1.00288309926358,0.00157880390717996,0.0627215544950293,2.07768351923393,0.0194670461538628,0.0547492222291208,5.30409931780933,0.0330148369714544,0.0841243245994434,1.01158236655188,0.00168017958214293,0.0994786278639611,2.78683513858361,0.0510341544161045,0.0961329860732549,5.70741049859425,0.0568695496361859,0.0916871195716409,1.01158236655188,0.0031217274734758,0.0822164591432432,2.0538945595859,0.0219852367517119,0.0993404109840623,1.00288309926358,0.00821071906915456,0.427924301305169
0.0940544512844036,49.460874432487,0.518118780000407,0.0973130169608231,1.00577451078852,0.00807111049943385,0.0989570834799162,3.65292419736599,0.0589257340176209,0.0965800519322636,4.74518486546326,0.0902362171745138,0.0815612279336098,1.05926897298544,0.00103608918643918,0.0934885867292265,14.505756572389,0.0670723516981489,0.0903035560919821,1.3490638599235,0.0262021392043637,0.0838793721476603,1.02920793476607,0.00128413072374013,0.0647395802193789,3.28381811862624,0.0146187668739222,0.0887002037593008,1.00288309926358,0.00938956426693865,0.794954883645528
0.0832361930077526,13.187408758242,0.227022503273012,0.0784309011776414,1.00288309926358,0.00394544346409766,0.0310469303431553,1.07772542117776,0.00515171659387345,0.0921722546511333,5.69653398910422,0.0910308540529418,0.0986899566799172,1.06538573309788,0.00334208775816537,0.0753422393713748,2.78683513858361,0.029241580374157,0.093426896675175,2.08968112513086,0.0368676879875346,0.0933100621367144,1.00577451078852,0.00300494953736364,0.0732777139384653,1.00288309926358,0.00468684511190122,0.0793196796080423,1.00577451078852,0.00460223807897756,0.408895906232024
0.0649893725551437,17.4950701385557,0.174737316702082,0.0546079797176543,1.00867425853989,0.00420120309412399,0.0613403223505417,1.50070065992818,0.0162375746991562,0.0490063912087638,1.58076690958751,0.0154617618294836,0.0957555217030997,1.01158236655188,0.00165595262943152,0.0626969191016783,1.00288309926358,0.0127048927601894,0.0901873505294805,2.69220128298041,0.03888860238222,0.0882842867960498,1.00867425853989,0.00279336570206538,0.0826344405330307,3.9368492691367,0.0257905595004564,0.0913919929641487,1.00288309926358,0.00746192169353765,0.299933150992746
0.0950646951547219,32.3226886629966,0.463938968939421,0.0888715903530251,1.00288309926358,0.00230532441636882,0.0744792098963097,1.1715671660767,0.0183671467129476,0.0529618721918692,2.23307452073596,0.0220824166377893,0.08708932459618,1.00288309926358,0.00210492365252231,0.0786925697717945,15.8142923261533,0.0430249875071004,0.0747840849743001,2.13222095925085,0.0246005953238811,0.0891445780983983,1.13504676028852,0.00299770752626831,0.0742220783222649,4.09876636139165,0.0202618783755929,0.0828031529893272,1.00288309926358,0.00545580347089739,0.605139752562789
0.0810267529676322,10.3457674738415,0.180432338104213,0.088616095834215,2.83539228475476,0.0183584583034446,0.0898637301872892,4.07523387938939,0.0499106622382844,0.084745470558488,7.53575813894876,0.0853229774829501,0.08648508457203,1.017423759841,0.00179648887022129,0.0950407375338918,2.99480874260266,0.0478620426321098,0.071607427455294,3.53905426496764,0.0262220597670938,0.0783434999249966,1.00867425853989,0.00150546284955391,0.0798233614711686,2.28475538672293,0.021372489190661,0.0986068241954811,1.00577451078852,0.00260056228300377,0.435383541721536
0.0721332190231014,37.2825466554623,0.266890930630266,0.0988784863145197,2.65372529430481,0.0241283850756717,0.0516744051292341,2.78683513858361,0.0150164519864684,0.0674501847442427,1.78725365717671,0.0253757869463095,0.094039191453289,1.02920793476607,0.002166564896785,0.099740660393064,6.25819530279368,0.0692418728051721,0.0919438430242825,1.32978351631576,0.0265807619774502,0.0878766202683047,1.0232988843187,0.00198564759038503,0.0527758443363844,1.00288309926358,0.00724279204176928,0.0633952817856742,1.00577451078852,0.00100434757777361,0.439633541528051
0.0686151936159479,9.22920388965391,0.131166117704617,0.0930442086592036,17.6934267723322,0.0238341838977316,0.0953306472966642,3.62151028088471,0.0541317969085865,0.0981280497156221,7.3866448483668,0.116082590593003,0.0805359888145354,1.00288309926358,0.00128726251640076,0.0601496160949232,1.295770630155,0.0141581084586832,0.0961667229890547,1.18513668643434,0.0254380000238968,0.0895797724122271,1.00288309926358,0.00240397790031346,0.0991125423714033,1.59422875299434,0.0290913383497653,0.0919055517265747,1.00867425853989,0.010572800615866,0.408166176968864
0.0747115320423248,34.6151774822854,0.282235061969442,0.06078348276398,1.00577451078852,0.00377196741454746,0.0907959562581336,7.31081832073186,0.0588574057210646,0.0316703029036817,1.1,0.00131299900496387,0.0784209760999917,1.00577451078852,0.00124233945472545,0.078358106614477,22.598963573615,0.0436763224294806,0.0905393934746327,1.46231609576324,0.0278968851719073,0.0883562881549373,1.01158236655188,0.00121879024016179,0.0610308360672643,1.76324060258228,0.0116470222211985,0.08624587313063,1.05622377499757,0.00993674203672346,0.441795535664215
0.0680797235937354,8.16292642738106,0.117026780677306,0.0748651085062526,1.16484078042324,0.0104278560021373,0.0903082241634097,1.3804955427344,0.0273745268281736,0.0956233521073642,2.43973149543952,0.0519617531122437,0.0959405769242904,1.00867425853989,0.00128628500539479,0.0976843115664696,1.1988633739507,0.0262091792310988,0.0530635008116081,1.00288309926358,0.0060543027148011,0.0787855422461202,1.00288309926358,0.00151616992750778,0.0964057072826974,12.66997313217,0.0440141612822507,0.0617214206295893,1.00577451078852,0.00400916938716809,0.289880184168082
0.0999582030394295,26.1667812887399,0.470865339360492,0.0930416698352951,1.77853540743712,0.0188817898414995,0.0898467502279402,2.56361151152847,0.0411331390453236,0.0870672536513527,5.86152081000249,0.0823660504033957,0.0948196263024978,1.00288309926358,0.00192572177272069,0.0592929418004911,1.80432214140788,0.0161304441718606,0.0984629213164519,3.51873529007318,0.0521240088734717,0.0866456221028809,1.017423759841,0.00135960001977985,0.0896203618779814,2.44116367657533,0.0281202419524478,0.0535294414411732,1.00867425853989,0.00353518093716227,0.716441516378154
0.0765154714872604,32.3226886629966,0.29275378704616,0.0955753802956817,1.38846722913941,0.018599700264603,0.0608094639890347,1.12853005133194,0.0134942918636003,0.0316304348705842,1.62191276762578,0.00914131161533956,0.0846041479672818,1.02920793476607,0.00186471867378842,0.0891907492339678,1.3804955427344,0.026667093002179,0.0707495800649559,1.73804099143649,0.0203912632294879,0.082579297915349,1.01158236655188,0.00132913143274166,0.0777059284700764,2.96905439714284,0.0213070306550171,0.0854741362595827,1.00288309926358,0.00250378758157766,0.408052115364495
0.0838153348667951,19.9505067597871,0.293373352039881,0.08494788213733,1.00577451078852,0.00178837954401759,0.0948833088300431,2.97761447568876,0.0492886407589093,0.0958848822007634,4.38060612071494,0.0848315856390342,0.0993996484537688,1.31834782642385,0.00344364256934242,0.0718024665514471,12.4529951356256,0.0339751988589333,0.0662372433293586,1.64079288241399,0.0177229743772009,0.0924976937787621,1.00288309926358,0.00173423938837662,0.0805570843634826,1.28462743961633,0.0176259251335867,0.0806377710157495,1.00577451078852,0.00470573894616324,0.508489677255445
0.0903073029394562,21.1228817604323,0.345895613933837,0.0753973389644465,1.00577451078852,0.00205386619150306,0.0615995755776686,7.78884153617836,0.0246512233812072,0.0342395596751255,1.1,0.00697699593817527,0.0973421101528528,1.01158236655188,0.00294465633956352,0.0761083396451669,3.29328569222577,0.0314910459966453,0.0897197372117981,1.63137250428789,0.029679426101355,0.0988436675712214,1.01158236655188,0.00378132375329254,0.0968354436698225,1.13178371549186,0.022758567769751,0.0949880633121006,1.00288309926358,0.00362564464329918,0.473858364048629
0.0885295556453729,23.0776713570612,0.349755154719894,0.0846172663749397,1.00577451078852,0.00290494121608171,0.0931001626857449,3.0557743442915,0.0480996107388615,0.0503981562753361,1.54066486948291,0.0156172092385209,0.0862149926281331,1.01449885892793,0.00112854892303776,0.0999386219120299,1.28462743961633,0.0289124138659005,0.0850464762539408,1.26626799854054,0.0228025921562144,0.0911165613671244,1.00867425853989,0.00167279201321414,0.0949355234073022,1.96143148928283,0.0295048830866806,0.0792688028287596,1.00288309926358,0.00644549032173714,0.506843636280143
0.0800348099604389,14.0423123119632,0.222418145241924,0.0714977123775341,1.00577451078852,0.00680081622438767,0.0353730631154363,1.54453302690677,0.00700623893804264,0.061156399863536,7.55730435850465,0.0439454285945747,0.0861136121601075,1.02035709353375,0.00112085951125543,0.0845108956590954,3.60071789654471,0.0404525343939312,0.0921442238459906,9.12515100556096,0.0560731886015516,0.0864671209283361,1.00577451078852,0.00269398554906763,0.0508432737268149,1.65979714701382,0.00819484586948562,0.0688506570847764,1.00577451078852,0.00334193371314552,0.392047976637366
0.0421255933066327,5.71282150388027,0.0473466723939258,0.0956912777990194,2.73123512958793,0.0221246263270755,0.0821195276654941,1.10601480450688,0.0197725435747617,0.0797339852287295,2.71156874912082,0.0453949885121967,0.0873165325843653,1.00288309926358,0.00212234065977526,0.0865542152141255,1.27358007675926,0.0239216150416154,0.0927325223826303,3.94819959636536,0.0474543981713281,0.0936141502136229,1.00867425853989,0.00250452827150813,0.0924841975666218,3.28381811862624,0.0325598347240936,0.0922544844146195,1.00867425853989,0.00364067382274295,0.246842221499023
0.0956662180489518,9.77155040978826,0.207933060155646,0.0978268573838973,1.00577451078852,0.0130437101933089,0.075744564189448,7.87905475386486,0.0388082135301372,0.0471327546997652,3.13659663926028,0.0218093167684449,0.0962629960329658,1.01158236655188,0.0028716496028629,0.0901072752764197,29.5370822190252,0.0637175735024546,0.0928930151912594,5.6910027726913,0.0524321511713366,0.0890897447265287,1.01449885892793,0.001587562195989,0.0821485240006466,2.26510726072284,0.0227176216602863,0.0944136549495435,1.00867425853989,0.00929005707307335,0.43421091585354
0.0876752650874971,15.9674994443117,0.279838779382055,0.0832232073162582,1.00577451078852,0.00888214423816103,0.0689770207190637,4.3542135747773,0.0287692012091453,0.0783582976895226,7.73190675055959,0.0731558630383647,0.0826094616237147,1.00288309926358,0.00182883307403537,0.0847309799442441,1.76324060258228,0.0294597023325056,0.099381159359357,1.1988633739507,0.026771847265114,0.0872676443111601,1.01449885892793,0.00187134644139223,0.065217528056538,1.00288309926358,0.00825314137430259,0.0785418493729846,1.00577451078852,0.00675153242891618,0.465582390783992
0.0811095613887952,10.8913578086212,0.188509226559349,0.0913965126843192,1.29204553462562,0.0165328207242942,0.0536961259806569,3.66345594042931,0.0170454338245742,0.0883293334300852,2.85456497490604,0.0546451042983759,0.0840608306816447,1.02035709353375,0.00125311943786289,0.0733762497544854,2.84356700216288,0.0279598521507767,0.0975732349856613,6.02830266228601,0.0603594622579311,0.0986594986149185,1.00288309926358,0.00189919707614191,0.0639577550660259,3.51873529007318,0.0144120519646847,0.0759714001887095,1.295770630155,0.00774514150609577,0.390361409800086
0.0965849357043723,50.1720214418779,0.554487088887223,0.0712316498558216,1.00577451078852,0.00274626609137515,0.0873743408815232,2.90981894079874,0.0412414198607183,0.0874152300570175,2.81410387155249,0.0531835996059334,0.0850522904213545,1.03217524340486,0.00177656937773431,0.0998189764245863,1.88937898174206,0.0402594876644515,0.0992337130842779,6.44098426295101,0.0632618328870909,0.0995437710729312,1.8463608342542,0.00417280596692554,0.0851874428083068,3.44853317762211,0.0272026405639579,0.0921942722902755,1.00577451078852,0.00886881239986436,0.797200523305274
0.0973064415882939,16.1970796854127,0.33511854556104,0.098355589639878,12.8907317012169,0.0276044239487864,0.0963262532269551,5.40359972355987,0.0634993893629524,0.0581777983708211,4.00954774401774,0.0337658212868781,0.0900024599304199,1.017423759841,0.00251219114119313,0.0964128911902882,1.36076598863131,0.0292922128242547,0.0823651552755473,4.77441020717598,0.0380269190963414,0.0936316498202058,1.00867425853989,0.00268356838837464,0.0550406053846896,1.00288309926358,0.00372550980937957,0.0894380506843703,1.00577451078852,0.00814237140211442,0.544370952821315
0.0997569601306917,30.8793457293841,0.503885041711444,0.0988234092965665,4.14623977579979,0.0258743698231464,0.0696860562930595,2.33126636583218,0.0244642155218071,0.0755292055846663,2.21402913131141,0.0356422268481463,0.0996542987848382,1.00288309926358,0.00142351902217852,0.0653653328240574,3.19982540066046,0.0230487555618923,0.063414446347985,1.16484078042324,0.0138944629394388,0.0883547394983313,1.01158236655188,0.00207299623959883,0.0486460100234173,1.00288309926358,0.00439549760966844,0.0987197277519393,1.00867425853989,0.00600403853872031,0.640705123816041
0.0872770863381818,26.1667812887399,0.357936304006241,0.0830211953783505,7.50272113554967,0.0169983265056876,0.0948454153983575,7.41681684421187,0.0661023593025509,0.0631413294813372,5.55202018817461,0.0434784255069718,0.0923446065263405,1.00288309926358,0.00145208826891691,0.0781972872039314,2.57100265798945,0.0306755133529491,0.0947300630437173,7.50272113554967,0.0578891761993005,0.0955868296272036,2.09570588324384,0.00372051530657687,0.0739491024048339,5.29579277470977,0.0207350139013725,0.0888462290855091,1.00867425853989,0.00164388303274726,0.600631605383314
0.0944515633432688,17.9504501619638,0.341587248191011,0.0764940917728957,1.00577451078852,0.0102721055595777,0.0693606169954718,5.90803229623124,0.03071980922585,0.0630067837111496,2.48898205491401,0.0303470744205379,0.0895078861911099,1.00288309926358,0.00166473279648609,0.0784576383709938,2.5933041997516,0.0309761846817575,0.0688460608110163,2.83539228475476,0.0230416014165617,0.0839823056255729,1.0232988843187,0.00253487984055954,0.0686323744380744,1.5896456468007,0.0142000404897144,0.0982782219403229,1.51808232505612,0.0146518636083994,0.499995540230455
0.0428305441233055,4.9246190440357,0.0410474253636026,0.0676174823499,2.82724106811333,0.00972353278257476,0.0783963664375153,1.81474121907939,0.0268262604864618,0.0883861485570156,6.93694192261966,0.091079398480818,0.0819783159227455,1.01158236655188,0.00101810304232784,0.0920991322726279,1.65979714701382,0.0323502841694665,0.0784881170729215,11.0347040567755,0.0382047398011616,0.0976201582324607,1.00577451078852,0.00156145154196642,0.0881970885873235,8.10918567113405,0.0334591353948533,0.0806704853870774,1.00577451078852,0.00496678898087619,0.280237120044109
0.0702967560407855,15.8765810965279,0.19204864246015,0.0938454523279475,1.00577451078852,0.0105253742059762,0.0829858045572456,7.92455244054436,0.0481732814409031,0.0855200379787698,3.32091614208055,0.0585519705569637,0.0879331499809028,1.01449885892793,0.00138341159439207,0.049963927977263,2.0538945595859,0.0125884114931352,0.0712820027967544,1.16819913201946,0.0165747133393157,0.0973578211998292,1.00867425853989,0.00288833732822744,0.0423122808666944,1.00288309926358,0.00143207389908518,0.0945910278148076,1.50070065992818,0.0133938955970519,0.357560111915201
0.0817289755831244,8.66732497484296,0.154047245321592,0.0815130481749267,2.97761447568876,0.0151702564726497,0.0942241041405841,1.92229906736858,0.0377789190686691,0.0979894562502627,4.70471425294448,0.0923401872970689,0.0948376615746901,1.017423759841,0.00218214723880816,0.0807127393102977,2.76286929599819,0.0334827997115653,0.0860400278481382,2.90981894079874,0.0365524970666777,0.0976783766263634,1.00867425853989,0.00323680232132719,0.0921273993067814,1.31834782642385,0.0229101934850916,0.0723020997195245,1.00288309926358,0.00513133515727859,0.402832383140728
0.0700783851374061,9.63304674477083,0.139680861241301,0.093322882645019,3.04698957090351,0.0212312073100296,0.0940169484045616,3.45847564108692,0.0514983971871129,0.0596252675983459,2.97947235406527,0.0309611564311343,0.0997453572626266,1.00867425853989,0.0030202992850998,0.0988309994568536,5.97646129188652,0.0662633584399071,0.0572733725189881,1.00288309926358,0.00692562402934161,0.0888147318096106,1.01158236655188,0.00293760337128434,0.0887151755539961,1.017423759841,0.0184143972456049,0.0801997260266137,1.00867425853989,0.00711372687267468,0.34804663141349
0.0920678944235022,39.4734246208958,0.461471717861419,0.0664304784768379,1.00577451078852,0.00127406406311983,0.0779691942245613,2.50524216415549,0.0312183225101213,0.0874647647830526,4.02101183222486,0.0686389040730354,0.0907727178534046,1.00867425853989,0.0011504237313485,0.0647649841286591,1.92784124639408,0.0193118079188109,0.0912103639082941,1.47076025583445,0.028379603032483,0.0862894395955938,1.00867425853989,0.00250406334236711,0.0923312077384936,1.07153781450759,0.0203455362204112,0.0777123683386609,1.00288309926358,0.00154373929401186,0.635838182047128
0.0824942184108429,24.998325308414,0.313138995871207,0.0930122200981049,1.00577451078852,0.00300630350402794,0.0777612944684948,1.42902148939294,0.0227385896106906,0.0663434914859671,2.98799125346698,0.0366485622512182,0.0995436716866131,1.01158236655188,0.00172782189138591,0.0967893089484967,1.92784124639408,0.0388226373866302,0.0740280440211952,2.23917234584048,0.0246704886524853,0.0869245685988624,1.02035709353375,0.00156151089951108,0.0597863026750213,1.42902148939294,0.0105580854960621,0.0859451611062655,1.00867425853989,0.00536010892403654,0.458233104487255
0.0754640204571195,11.9674264204222,0.182545734893394,0.0790519235074242,1.00288309926358,0.00311952489509892,0.0985421305577166,1.86237664548846,0.0396970890263401,0.0858676947202615,6.60828412909486,0.0842472496744684,0.0889534309185619,1.00867425853989,0.00189859397700934,0.0905467847987931,3.00344307348301,0.0434400255632777,0.0797829170376338,9.31091255809072,0.039177452997634,0.0905078073899997,1.01449885892793,0.00245889421477684,0.0812429070188507,1.09020803204812,0.016550501237869,0.0927718941256622,1.00288309926358,0.00273278990754315,0.415867856387411
0.0995593908155874,21.8591217917059,0.422550107509112,0.0716759710848018,1.00288309926358,0.00247095513985646,0.0479709237178478,1.32596064017055,0.0104368764022831,0.0597657247607293,1.87079234220152,0.0228666376024127,0.0856698448568717,1.00577451078852,0.00211429311522642,0.0790740392953688,30.3124057150643,0.045193246263265,0.0867444442834698,1.16819913201946,0.0219490092712766,0.0864551822737934,1.00577451078852,0.00207415642579024,0.0945240333111146,1.00288309926358,0.0156393983774317,0.0862681137632951,1.00867425853989,0.0070051103574193,0.552299790464074
0.0915772510046415,39.9268137290769,0.458771909304042,0.0889722582412712,1.00577451078852,0.00790303384611011,0.0998479467465977,3.26496454563336,0.057073795010833,0.099246126040054,6.57065680511724,0.112891971725216,0.0880640748940432,1.00867425853989,0.00176845021149134,0.0915785708126644,3.70588742997801,0.0485942695048219,0.0947045416766055,1.23743709481674,0.0259632756632245,0.0896533042744395,1.00577451078852,0.00213670133582154,0.0477618153690749,1.00288309926358,0.00230365306692489,0.0855591073601828,1.00577451078852,0.0071483387625859,0.724555398431071
0.0594373472812175,12.2439193576685,0.12775626435221,0.0710711774937383,5.17521601544173,0.0114919716572983,0.0978503416485717,3.49853297367273,0.0566317971918216,0.0753902663527239,2.74271364594045,0.0423389579011231,0.0779076162532673,1.00577451078852,0.00140732730896346,0.0733430491854137,1.88394737445416,0.0237946454083198,0.0804481797246573,1.24100474879353,0.020715467620469,0.0983820262746203,1.00288309926358,0.00318587032127257,0.0975658349980434,2.22631645743836,0.0326475011611733,0.0621984304102856,1.00577451078852,0.00459252675338668,0.324562329676038
0.0857505603391148,10.1700465856493,0.191078449764421,0.0951408050575656,1.00577451078852,0.0153905215552455,0.0865153207612546,5.80685504843578,0.0500723091732251,0.0577941125065942,5.59977944530514,0.0367605168454735,0.0984140137078449,1.01158236655188,0.00222273695198249,0.05215307737265,2.22631645743836,0.0138111395800235,0.0677430126139546,2.49085867387056,0.0215492259870808,0.0934302804861831,1.01158236655188,0.00213148456903889,0.0842672292172028,1.65502554408647,0.0214625156047946,0.085368087119686,1.13831921276723,0.00988512956701467,0.3643640295983
0.0772081226442123,31.9556482303097,0.295883583735088,0.091759453352036,1.00577451078852,0.00938003670605499,0.0556090551951347,2.62334079957365,0.0168796808869085,0.074351564057061,4.86869751091118,0.0564639389021893,0.0975402784628363,1.00867425853989,0.00246806779842597,0.0957555761419215,7.00182581890258,0.0641253649822908,0.0874307996388364,1.9841495077581,0.0318945266615291,0.0832139847369601,1.02624915657849,0.0013660802516769,0.0936784701553515,6.84240540686637,0.0383804632940928,0.0977713914999661,1.00577451078852,0.00282202800903167,0.519663771227288
0.0647832932199379,14.7406956275529,0.161021652806109,0.0997796712188233,1.62668261683323,0.0216358247265141,0.0803831695235946,5.05738459676651,0.04113532341407,0.0894157271912966,5.55202018817461,0.085087962800017,0.0842310799047891,1.00577451078852,0.00209720007448528,0.0667592561302917,7.31081832073186,0.0277116271138303,0.0925682090591328,1.01158236655188,0.0207990204312184,0.0983946443436813,1.00288309926358,0.00383324758303829,0.0819500783039277,1.40859841962076,0.0190638686013752,0.0772899612334206,1.00577451078852,0.0014957217302659,0.383881449280923
0.0803224031718392,9.04658165894228,0.15760099441986,0.0991460093635284,1.10601480450688,0.0184429037464368,0.0516451122463182,2.87650223749675,0.0150796346919981,0.0894216888364758,3.40735642831775,0.0639092311398504,0.0856967563159917,1.02035709353375,0.00145762657641769,0.0646613426788619,3.98244730043134,0.0236026655548403,0.0837702089735219,1.51371812544339,0.0252132716526921,0.0787933616008562,1.00288309926358,0.00141238784039757,0.080243389929108,1.46231609576324,0.0186529263419174,0.0959635650079703,1.00867425853989,0.00423807060696926,0.32960971257138
0.0856318440815569,13.3388784509161,0.238815895941836,0.0726911820560476,1.46231609576324,0.0103416224290536,0.0897459285284049,1.62668261683323,0.0310932340866058,0.0712127281834317,5.89508721729799,0.0556020786247548,0.097056499351576,1.01158236655188,0.00279041620243955,0.0945920936440268,5.38806539618403,0.0580806821555403,0.0972970806756408,2.76286929599819,0.0459746961286785,0.0858988763829838,1.01158236655188,0.00200923604531156,0.082563523775112,1.07772542117776,0.0168740018582996,0.0564940436969613,1.00577451078852,0.00336487728200418,0.464946740754524
0.0948784464162966,15.2109927308327,0.307958340495918,0.0772895424140527,1.00288309926358,0.00500245579642042,0.0545230678079076,4.12243473196511,0.0178008958928362,0.0927627002448557,6.20596822410324,0.0961142574089836,0.0936548722552457,1.00867425853989,0.00248350509775148,0.0625302329148881,2.18818996107018,0.0190025436975638,0.0904562988881327,1.32978351631576,0.0259040935835085,0.0751594321448758,1.01449885892793,0.00182152876141335,0.0788873803561622,1.00288309926358,0.0124578767976258,0.0946631731277437,1.00288309926358,0.00853823207763635,0.497083729609658
0.0677536471936239,17.4950701385557,0.187852157290458,0.0987445960053953,15.4097981223956,0.0283476218794175,0.0875360314818552,1.01449885892793,0.0193702088149137,0.0942915380665378,3.7440040131422,0.074382670721619,0.0777425536725241,1.00867425853989,0.00128237595455549,0.0872180699350064,1.56242237457588,0.0284161907304057,0.0879151298879393,1.47500060364494,0.026819477759036,0.0977102746856512,1.01158236655188,0.00348108945451916,0.0945797164494645,1.55793070570556,0.0262482894526879,0.0778647822244355,1.00867425853989,0.00484946323871802,0.40104954529633
0.0934374637302669,34.7141491053454,0.460348245215683,0.0761103212649769,4.3416960341386,0.0132787728795781,0.0927833203616324,1.38846722913941,0.0285264905517799,0.0665436258074459,5.38036150303456,0.0473936243479599,0.0993530389685229,1.00288309926358,0.0025593956028274,0.0939876447236221,3.70588742997801,0.051304096484728,0.0960901513389417,2.46943812909056,0.0425617481586282,0.0998535592033254,1.00288309926358,0.0037375067104016,0.0903487689566451,3.33142973427318,0.0310892184890999,0.0942821110679612,1.00288309926358,0.0102979294166732,0.691097027857359
0.0948444329315879,50.7482939157167,0.53031453201942,0.0904126880566167,2.66904925964653,0.0191424974493662,0.0876727998159838,3.78132852701561,0.0461364267657256,0.062157805748882,1.77201057344381,0.022838223734189,0.0829195705281022,1.0232988843187,0.00149674959079153,0.0932600261047494,5.72386552959968,0.0571674957665694,0.0952704449695265,3.59036651349369,0.0489596980147455,0.0893505894380262,1.00288309926358,0.00164066719282169,0.0832500360763837,8.6145740489714,0.0290244305279618,0.0832675457766849,1.00867425853989,0.00840301890835272,0.765123739969944
0.0923050228879909,15.6962945103464,0.301476050366423,0.0634774757887327,1.00288309926358,0.00238847488211217,0.0868563436162179,1.00867425853989,0.019089311724227,0.0894058720641656,2.61276961221489,0.0514272671698552,0.0959728793904127,1.00867425853989,0.00275996402596961,0.0921517849129352,1.80432214140788,0.034298803957301,0.0550703571145005,1.78366310156055,0.0132871854814094,0.0998779869111542,1.00577451078852,0.00256043543516677,0.0716007680807282,1.17833239331668,0.0137508559943841,0.0954487969132117,1.39648494813358,0.0133785428399035,0.454416891876752
0.0603109790820269,7.40776472360028,0.0921531999416197,0.0888565902364312,1.00288309926358,0.00214723038383894,0.0962829360968722,5.95928009583079,0.0652278761882348,0.034066961827916,3.28320546428345,0.0135455659046635,0.0885381233732882,1.01158236655188,0.00231908126859357,0.0887048017574724,2.45526020256225,0.038151324442364,0.0984780658215893,1.02035709353375,0.0223860646742235,0.0879838026792192,1.017423759841,0.00210762108609426,0.0894063056473869,5.05738459676651,0.0324527065086849,0.0920668976326682,1.00288309926358,0.00250605396095781,0.272996724359275
0.0614248516138932,5.9119424349341,0.0742198950359677,0.0875968688005191,5.79016143825715,0.0192797728528477,0.0959835777966845,5.5454396587911,0.0632667373274158,0.0983763845586985,4.50748016006003,0.0904349146274792,0.0912196492402293,1.02035709353375,0.00198963641079086,0.0710583139900427,1.53125056362849,0.0202472918458277,0.0987108539432534,3.29328569222577,0.0513646833053778,0.0873642591715437,1.02035709353375,0.00255342563845455,0.0957166973526027,4.44285270778494,0.0380396174411606,0.091854799981709,1.45811221351425,0.0122827234502058,0.373678697935528
0.0461264169885186,9.855606658283,0.0780731193552604,0.0958819891923473,1.00288309926358,0.0120417491606674,0.0918091918879108,1.07462716439149,0.0217154665706821,0.0611956446038442,6.60828412909486,0.0427494652084232,0.0888254185792055,1.01449885892793,0.00158091212474319,0.0888071497379232,1.42081696649143,0.0271636189356579,0.096275024375055,2.2071708865269,0.0402362985926392,0.0890880911027166,1.01449885892793,0.00105428204861788,0.0548918654399713,1.00288309926358,0.00768771844838013,0.0883275978396843,1.00288309926358,0.00212260838133726,0.234425238826409
0.0903457464221444,16.2433903324148,0.297325663397584,0.0768135101017254,4.8997344482741,0.0136929874860046,0.0662948833091573,1.55793070570556,0.018773359351151,0.0739462451367515,3.04830946521005,0.0439346337288624,0.0903496119524507,1.01158236655188,0.00154786866050598,0.0577719137256027,1.26626799854054,0.0131271471317206,0.0979032946853861,4.39198314906283,0.0557131322015703,0.0991443689781046,1.01158236655188,0.0025231984878834,0.0767760989223345,1.25537852068667,0.0159760108308116,0.0942942052544383,1.00288309926358,0.00537914353169271,0.467993144807787
0.0507324295784849,12.6706823189462,0.10140153537972,0.0994008487457358,2.2071708865269,0.023402152536778,0.0977281702410459,8.49145760309168,0.0734716200461612,0.0646061959437347,3.13659663926028,0.0360928394712261,0.0929241249418241,1.00867425853989,0.00109868265640377,0.0873636524665464,1.28093437865255,0.0243433042496376,0.0950760522501887,7.87905475386486,0.0591942281164481,0.0891654139085473,1.00577451078852,0.00274398486012827,0.0759893277394636,1.21975208146059,0.0155708692616167,0.0969953004128003,1.00577451078852,0.0119347309379283,0.349253947516048
0.0787868244221451,11.5313794267009,0.189483115209449,0.0637340706652963,1.75817161928149,0.00813946681517246,0.0796066511158578,1.31077872056062,0.0220633560671605,0.0869449702957746,2.18888771381329,0.0418138180123632,0.0950477689610737,1.02920793476607,0.00259912619997606,0.0881712529504561,5.45047194460812,0.0494087615855596,0.0518125637533349,3.68461060628057,0.0139997272927064,0.082017764832903,1.00288309926358,0.00204339999169264,0.0722310934616962,1.31455782572457,0.0146414490812534,0.0951228144279312,1.00577451078852,0.00687727690781367,0.351069497163147
0.0814371833214788,8.64261403586111,0.152988239258017,0.0943015249020101,1.02920793476607,0.0161720445532778,0.0912746623895298,2.91820823764409,0.045145843994992,0.0877790438050425,3.62824600357589,0.0647496964337596,0.0964453122786332,1.02035709353375,0.00240932662379774,0.0941528243570887,17.7444386780296,0.0696855754121442,0.0962460436610567,1.09335121002246,0.0235627361523596,0.0913826722033316,1.8199732981517,0.00328261202298037,0.0997132258929906,6.92165665438525,0.0455525406784689,0.0725049236077049,1.00288309926358,0.00146624019030426,0.425014855320101
0.0826832233139454,34.12453590081,0.350605153241993,0.0874171216744333,1.00288309926358,0.00461678019159722,0.0631065300477942,1.10920355497526,0.0140430534809913,0.0830489423019915,6.89744323339303,0.0798866859453582,0.0970818842157588,1.01158236655188,0.00288992290881097,0.0904182635748647,1.28093437865255,0.0254470546558558,0.0800859857196591,1.14160110005127,0.0193099558759099,0.0734395131620525,1.00867425853989,0.0012736053568185,0.0406108242962099,1.02624915657849,0.00502289074011349,0.0739169970899676,1.00577451078852,0.00186020241665654,0.504955304814105
0.094170018625874,20.3532451847145,0.367843912818876,0.0540657450591891,1.00288309926358,0.00279543978594304,0.0974923274888105,1.41673238639154,0.0308899754857844,0.0516438752335849,1.78215811545008,0.018212201408386,0.0974953838892807,1.00577451078852,0.00251392636789503,0.0926429756384581,17.3904202660819,0.0659572232663602,0.0902686786074618,2.79486986091936,0.0398048195761095,0.0989327151636927,1.00288309926358,0.00263361581795883,0.0915472903816689,6.96162583541039,0.0361253874580909,0.0886720261992823,1.00288309926358,0.00901400276970524,0.575790504755109
0.0393572372556736,13.0004881193975,0.069437593979897,0.0990766127855994,1.00288309926358,0.0170158829273301,0.0742003416086564,5.48194575365476,0.0352218555920422,0.0588419022180725,2.02071261469223,0.023790601635933,0.095579843429179,1.00288309926358,0.00147942467556306,0.0786486411907229,3.45847564108692,0.0342609699905059,0.0970471811161777,1.669381663546,0.0341829831494656,0.0936229350135972,1.00867425853989,0.00123713462293779,0.0983398834763501,1.46231609576324,0.0273987518035285,0.0809900448937226,1.00867425853989,0.00586645467845375,0.249891653055657
0.060002090900583,15.1676254964996,0.143280423699829,0.0896969104740672,1.00288309926358,0.00922415694285182,0.0748330929410653,2.0598161414781,0.0264539177210088,0.0489960529544212,2.17021918370868,0.0194311567999714,0.0826601881061757,1.04413027541975,0.00134650823242461,0.0432094719229151,1.50070065992818,0.00904522833715574,0.0995302968700313,1.89482624889294,0.0389548167107741,0.0962943407746133,1.00867425853989,0.00171842575624999,0.0820565665296278,1.45392041663176,0.0192963410102065,0.0792700054171374,1.00288309926358,0.00138201003256382,0.270132985243036
0.063593151327803,10.1700465856493,0.127008151262829,0.0859672647286972,2.74700667630971,0.0169910838345835,0.0908627144505738,2.4062754285944,0.0408228137027424,0.0872634874251579,5.89508721729799,0.0830116923984606,0.0803324780186655,1.00288309926358,0.00138550398859939,0.092642763214456,1.2232687477884,0.0251717490835716,0.0837924336522035,1.63607591315362,0.0264826224796242,0.0837288877984981,1.69358579278262,0.00259833542218707,0.0729252064586856,1.00288309926358,0.00488549690409973,0.084287409389026,1.00288309926358,0.0057092021375968,0.334066651214294
0.0981091055299933,14.4078203355768,0.310486523666056,0.0740587386983742,1.00577451078852,0.0057164745796936,0.0989501805392879,3.36032741709575,0.0568216370415808,0.0994855703661376,6.477523166041,0.112990474209276,0.0975692117706101,1.01158236655188,0.00101665344192133,0.0687113498391847,1.90576794350953,0.0213446217269619,0.094283563177582,35.6154068202425,0.0656545398225103,0.0993524625933887,1.00867425853989,0.00248868141579706,0.0437426916950427,1.00288309926358,0.00360953292315046,0.0706644388193651,1.00577451078852,0.00300368490733213,0.58313282373428
0.0979156540183945,10.7676809473209,0.236102533541406,0.0880954110018886,1.00288309926358,0.0125895614526981,0.0862820767381463,1.295770630155,0.0243932269081861,0.0999398805549521,4.19695949988935,0.0883625251751836,0.0903046535050396,1.00867425853989,0.00153409318568062,0.043264473647396,2.15071639511557,0.0100138042927112,0.0817797480076308,3.02078648791353,0.0333456037728296,0.0882700088626264,1.02035709353375,0.00109181534899544,0.098983623918914,1.81474121907939,0.0311541836873256,0.0943686316020954,1.00577451078852,0.00514465980815131,0.443732007173168
0.0863221587612341,10.1991247557003,0.193127579563676,0.0643882155068195,1.00577451078852,0.0023009408321306,0.0817568050195558,6.47817779606607,0.0449301337710976,0.0345495498825754,1.1,0.00533844506178751,0.0955386040777263,1.26262771749805,0.00307171366851985,0.0777817010643706,3.25557838997471,0.0327650198757938,0.0830132569274642,1.52245910708953,0.0250208353469756,0.0968510854202407,1.01158236655188,0.00288815933493271,0.0929621135731872,1.00288309926358,0.00175034620199171,0.0844611238337682,1.00867425853989,0.00432067637428797,0.315513850031193
0.0809866127056442,10.829342822459,0.187287926598517,0.0564789169403999,2.11388457789867,0.00648459933923752,0.0688273275711671,1.05926897298544,0.0152272554681055,0.0977475841444707,5.58381421859605,0.101062013492988,0.0985310647134126,1.00288309926358,0.00317940359160269,0.0913405795167329,4.80198009042612,0.0522223156321606,0.0718084077102716,1.91677282105974,0.0219396313662248,0.0745311628276327,1.00577451078852,0.00142025800400269,0.0838337956559202,1.17833239331668,0.0182146475005747,0.072737815514474,1.00288309926358,0.00490898350984122,0.411947034503255
0.0949202169715487,37.1762524137943,0.484679882272095,0.0951418337855282,1.00577451078852,0.0077199512798531,0.0612788117308787,1.20231981606127,0.0142036652131859,0.0756655042400391,1.96944971323423,0.0319962540402445,0.0988882244555852,1.00867425853989,0.00124196812823524,0.0519505008435174,1.90576794350953,0.013173795592861,0.0535565777017673,1.00288309926358,0.00569114017575126,0.0792423703933386,1.00867425853989,0.00151476676452066,0.0966206043952075,2.81100886708374,0.0346775144226538,0.0608016413799979,1.441417191251,0.00483669452690186,0.599735632416302
0.0879104232910664,9.36190111388404,0.18089024899815,0.0886182810817795,2.13222095925085,0.0174298885138542,0.0761694943284388,1.36076598863131,0.0212763690846168,0.0870592024519655,2.39145547798865,0.0457096973395049,0.0774384336949966,1.00867425853989,0.00140832681692432,0.0557380464874472,1.04714060664789,0.0111416530326498,0.0844930348625736,1.10601480450688,0.0202429377228468,0.0949693002331046,1.01158236655188,0.00306573924444249,0.0885227742167506,1.95579274466099,0.0253016972934064,0.0743564677658706,1.00288309926358,0.00567116349959508,0.332137721545991
0.0926200635444249,20.704914205238,0.359533357855118,0.0604299978856556,1.00577451078852,0.0053024182604808,0.092319398284017,2.12609122719942,0.0389763141498973,0.0520331502551435,1.69288290661716,0.0176369035717589,0.0789440572292141,1.00577451078852,0.00171828216382171,0.0856436729178825,1.09335121002246,0.0205172287876698,0.0783645462208681,2.48369792620856,0.0284805798255712,0.0935109649285798,1.00288309926358,0.00294373442190973,0.0957183759076771,5.6910027726913,0.0396050183976904,0.0997743336076746,1.00288309926358,0.00627327766678874,0.520987115100707
0.099458441104068,28.4255709888153,0.485231581942621,0.0818327542775641,5.45047194460812,0.0162047283515182,0.0755947832634048,2.70774742833384,0.030168789694733,0.0900850283944044,5.30409931780933,0.0842675993446082,0.0859149928605957,1.00867425853989,0.00113005273888234,0.094010688823177,4.87160332233193,0.0557677645613483,0.0697427054249179,2.3787241732935,0.0224074561580091,0.0926477200783703,1.01158236655188,0.00176283892800013,0.0605831467005366,1.39247031798524,0.010785057619007,0.0587183647630034,1.00577451078852,0.00275696584487912,0.710482835183606
0.0841792711908885,14.9526369191729,0.251441696460208,0.0816077464054034,1.00577451078852,0.00154632990505323,0.0680810565028726,1.88937898174206,0.0216189139749591,0.0937338692127304,6.6651295169386,0.1013471763632,0.0832854194533703,1.00867425853989,0.00139201347852412,0.0940934324463343,12.2397329678754,0.0666324780255778,0.0794486865121368,2.7391095515787,0.0304142756021934,0.0893915974494539,1.00577451078852,0.00265236712432596,0.0712495095545326,1.07772542117776,0.0130690054038969,0.0897833964493769,1.00867425853989,0.00969276459457178,0.49980702093251
0.0379259919873653,5.03839642076399,0.0370214017416856,0.0802983039319348,1.00288309926358,0.00864009974064276,0.0858262481248087,5.59354223610883,0.0489141051132358,0.0993166811979672,4.19695949988935,0.0874533664736099,0.0822370258192486,1.04112859832463,0.00172798100357685,0.0353194434773331,1.51808232505612,0.0066994982318197,0.0830973294933361,1.0808326105459,0.0193785106065546,0.0936493302634089,1.00867425853989,0.00128498858423464,0.0871986819088713,1.18855355314224,0.0196607953329149,0.0943910067963226,1.00867425853989,0.00397355653140842,0.234754303359683
0.0698890520805926,11.2068005855004,0.155733224228564,0.0737834155281302,1.00577451078852,0.00732461970889526,0.0881242913023865,1.04112859832463,0.0200656971680523,0.0969961743616532,5.58381421859605,0.0999572530254195,0.0762177301163911,1.00577451078852,0.00156398347270158,0.0703529311604277,2.39935784176774,0.0244045662120655,0.0842428234497314,1.42081696649143,0.0244083695653981,0.077527680243005,1.00288309926358,0.00114911386315232,0.0775294064573657,1.669381663546,0.0183261678425861,0.0519451217494186,1.01158236655188,0.00273757606577169,0.355670571152606
0.0890242534483773,20.0647547267154,0.32779116905698,0.0993635597173597,1.26262771749805,0.0196067679331723,0.0990587695730459,4.13432012050498,0.0618673018749606,0.0742241341002679,4.63802881004487,0.0549684575017574,0.0999731359892913,1.00577451078852,0.00263917849214605,0.0496295023455501,1.53566531100084,0.011336729427185,0.0847371129402823,2.92662172166501,0.0355828209558743,0.0953471648486117,1.00288309926358,0.00194738602855136,0.0901289022322993,3.35066711121492,0.0309902188604633,0.0999096013984978,1.00867425853989,0.00574861656005588,0.552478646691146
0.0945749176872675,12.4199620729325,0.259941516360818,0.0866625356807518,1.00288309926358,0.00342626777577196,0.0974207704398976,3.75961856902805,0.0575318535774668,0.0683288566220706,3.49604667292942,0.04173175389196,0.086434516099171,1.01449885892793,0.00184379168251382,0.0842021702415139,1.15482354244809,0.0211596155641926,0.0977114884995541,34.208460777616,0.0724514697083978,0.0856473047729783,1.035151107089,0.00184955242196412,0.0666948712149494,1.05318733137807,0.0115331584628006,0.0676497669922757,1.00577451078852,0.00566895524665172,0.477137934692537
0.0942687674162869,31.2340238237202,0.450471837746029,0.0799509186311059,1.00288309926358,0.00900451674166863,0.0969019339527476,1.47925317679908,0.031937125931954,0.0868816404209977,3.81958376143281,0.065970152370599,0.0918336027328054,1.01449885892793,0.00227576830344786,0.0965516591524915,4.09876636139165,0.0565089108368004,0.0960811662720945,3.86942926293753,0.0514457896383646,0.0838481694167662,1.00288309926358,0.00239208503260714,0.0987144843166791,6.90175820040029,0.0442331174444108,0.0851915677764669,1.00288309926358,0.00731970649365398,0.721559010539535
0.0863533491701647,15.2109927308327,0.264439674357091,0.0991346753410188,1.00288309926358,0.0155028442849476,0.0894333177522606,2.77083492243083,0.042466583233493,0.0906320437851338,3.91900389115593,0.0716080080410427,0.0863010106262667,1.03217524340486,0.00166153726693147,0.064708225228565,2.08367368705817,0.019824474875464,0.0803463840780799,16.2761951447872,0.0415081026995029,0.0908236100838685,1.00577451078852,0.00168125210429683,0.078507445179142,1.02920793476607,0.0151023585832516,0.0800569915043127,1.00288309926358,0.00297747890367416,0.476772314349695
0.0807669316018773,48.4821708162483,0.362466093635601,0.0750559211799803,1.00288309926358,0.00555205011251671,0.0985753058675456,3.06458444505318,0.0539309583778641,0.0361264888735385,1.1,0.00300591568519285,0.0996646997093895,1.00577451078852,0.00256134862184004,0.0589615285477742,1.4249133228412,0.014428918774457,0.0866826299869242,11.3897483457029,0.0488725592617567,0.0742117416816784,1.00577451078852,0.00152669136303484,0.0495777977869473,1.441417191251,0.00761996839413081,0.0828630324305465,1.00288309926358,0.00131257221579603,0.50127707644219
0.0979730266568747,38.9139213945391,0.532440576212052,0.09860791193771,1.00288309926358,0.0172465911555355,0.068844791301812,1.24458268867087,0.0172554364870214,0.0941868490502998,4.0556011405327,0.0783887277876097,0.0951111564576917,1.00577451078852,0.00118382909772301,0.090373221179591,2.27818714703702,0.0379923358788246,0.0986528272518222,1.5896456468007,0.0339133191979667,0.0913166020188036,1.78366310156055,0.00326539422781271,0.0818399672062283,15.6332226114801,0.0286995184211538,0.0796638498420042,1.00867425853989,0.003851789407616,0.754237517873315
0.0823798104677923,28.4255709888153,0.326255484290182,0.0897332002902944,1.55345194953386,0.0167807061716026,0.0918963906437247,1.86237664548846,0.035496230408772,0.0994896792424628,2.51039262798921,0.056027719215792,0.0953090646728759,1.00288309926358,0.00102630312224337,0.086899037422988,18.7961333346796,0.0563729221780339,0.0704800701439579,4.91386086905364,0.0271666684503948,0.080333963974233,1.00577451078852,0.00104402075789196,0.0877284119442759,1.10601480450688,0.0190149347678387,0.0899116488896207,1.3490638599235,0.0115138177282972,0.550698807091048
0.0409310518176398,7.49284981246461,0.0567379389967829,0.0842182137669552,1.00288309926358,0.00256547244701606,0.080051125426381,1.46653209822205,0.0242407172644752,0.0514884129978315,5.82814552858132,0.0302520541503844,0.0965294471817298,1.01158236655188,0.00296882499193084,0.0540013772659686,2.12609122719942,0.0145159520404565,0.0467742883595992,1.17494491051044,0.00875790504909773,0.0923039417419953,1.00577451078852,0.00241791632061183,0.0875745065528116,1.00288309926358,0.00689092249037656,0.0966632634832843,1.00867425853989,0.00329428078798744,0.152641984539119
0.0961355225948139,16.1970796854127,0.329149704279453,0.0507698751071001,1.19541686845759,0.00494355687347108,0.0952023721951082,7.65545473146367,0.067268438697477,0.0807726709928366,2.91218972678271,0.0487996997074438,0.0809317988645089,1.00577451078852,0.00157485834215971,0.0851299064136111,3.4784466459882,0.0403596972496906,0.0919520235842437,1.63137250428789,0.0308070206863316,0.0788637509253769,1.00867425853989,0.00106396076997761,0.0983577745361971,3.63195145450856,0.0386504088521985,0.0971161876334462,1.04413027541975,0.0129936005850667,0.57561094604327
0.0853944998761513,14.4078203355768,0.250746393076388,0.093328168855657,1.00288309926358,0.0142691113704544,0.0675642390220232,3.31230280598519,0.0258874508947654,0.0174912389706288,1.19154820318739,0.00372412600975117,0.0990999959813128,1.00288309926358,0.00133687966706757,0.0557394398704756,3.20905081491668,0.0169504665011234,0.0751591939071884,1.31077872056062,0.0193687107724459,0.0891154381522034,1.00288309926358,0.00251921146151139,0.0939493893385511,3.20905081491668,0.0336117851276143,0.0903413546416652,1.00288309926358,0.0104124802701212,0.378826615151243
0.0896545935364915,44.6296174895226,0.451709011972971,0.076675926470605,1.03217524340486,0.0106254208045038,0.0697098576859944,2.04210241714683,0.0232827577910006,0.081185613683633,7.86550078183426,0.0789913920509697,0.0813737941423135,1.05926897298544,0.00159079348278444,0.0872885326812841,2.36506706799381,0.0364372634638221,0.0747208245266889,3.58004488871148,0.0289479458658475,0.0912690853636794,1.00288309926358,0.00220225330517685,0.0810539983666544,3.53905426496764,0.0242313744231589,0.0841387789727548,1.00867425853989,0.0015899790463882,0.659608192206623
0.0988617664527983,26.4673311839266,0.463567278020105,0.0952224399110825,1.40051115285914,0.018607518648766,0.052300331838814,1.28833114804146,0.0117202386391147,0.0946490372756536,6.51461715374576,0.102553548342444,0.0763430944389135,1.00288309926358,0.0015393616744627,0.0908022594456039,1.36468921205103,0.0270494917827383,0.047854935498176,1.00288309926358,0.00773714238038274,0.0965136865121848,1.00577451078852,0.00142588773261172,0.0773682003397005,1.00288309926358,0.00733885337469684,0.0723290242475616,1.00288309926358,0.00589604923250548,0.647435369827827
0.0816418373799197,10.8913578086212,0.190155064642806,0.0812691266407076,1.00577451078852,0.00516211162627796,0.0826725477941621,3.74881037659201,0.0404526814117473,0.0910709703958975,6.58944360951555,0.0948306619891676,0.0990846198733144,1.00288309926358,0.00159024498419995,0.0795131129747817,2.21353437928443,0.0297273581824577,0.0932833056439307,9.17784428848941,0.0576081877658433,0.0756940664630139,1.00577451078852,0.00154776056651971,0.0853581997800154,1.00288309926358,0.0102306751262881,0.0998975583004713,1.00867425853989,0.012678992255829,0.443983738551137
0.0831417341776251,14.0022770388297,0.236267090923765,0.0764538860355658,1.00577451078852,0.00264172018027182,0.099597094224027,4.17018228211692,0.0631619065764212,0.0934463177599676,3.7120722465239,0.0728560617161855,0.0995172971991565,1.01158236655188,0.00233668994762908,0.0988162917157187,2.87650223749675,0.0511015202030553,0.0881183673885518,12.7431360287119,0.0514204742812818,0.0973548121228125,1.00867425853989,0.0031363047181021,0.0604494664266462,1.00288309926358,0.00820514504072257,0.0928140509653984,1.00288309926358,0.00284495345426706,0.493971867041701
0.074147214285253,16.1970796854127,0.21229388810189,0.0796878738087985,1.24100474879353,0.0120957398125071,0.0964809957904416,1.37256962462899,0.0295932801144501,0.0872736056337522,4.14930090790556,0.069760135902012,0.0890574654853082,1.00288309926358,0.00140951863637784,0.0859314910595297,2.2008256876077,0.0342242700534215,0.0976423766780258,12.66997313217,0.0680512441645606,0.0800962959006414,1.00288309926358,0.00176659997064786,0.0484888155791873,1.59882507273807,0.00747285831379827,0.0546180184398378,1.00867425853989,0.00239723617337793,0.439064771243043
0.0439265342140792,5.58381421859605,0.0484692496459781,0.0877543876952904,1.00288309926358,0.00543818289665495,0.0893446518939094,4.98510624458552,0.0519219873059056,0.0803115494973129,2.53198737781993,0.0434147377932563,0.0946588449824702,1.00867425853989,0.00123520698366142,0.081718888233506,1.06538573309788,0.018921898763883,0.0812552016472655,2.49085867387056,0.0306366622343713,0.0916282348888738,1.00867425853989,0.00318931997556993,0.0940844958327411,1.98987000774274,0.0289422336663048,0.0790879697281493,1.36468921205103,0.00858070777604744,0.240750187041633
0.075014621183669,16.1048541162772,0.215579988696064,0.0900913808516212,1.00577451078852,0.0125436353176028,0.0923639505272916,2.76286929599819,0.0450566101522428,0.0357444000041765,1.5058734809878,0.0101091081509528,0.0980086764188817,1.00577451078852,0.00250652550230539,0.0884097863890743,2.39246014169509,0.0376045347457776,0.0982313724259843,1.31834782642385,0.0288382881801988,0.0961705486436112,2.66137624774655,0.00382290678976597,0.0831887155627672,1.00288309926358,0.00121866825779242,0.0914085472392447,1.00288309926358,0.00274813129020806,0.360028397082911
0.0734126928359835,8.4958208841182,0.132939978932749,0.0551273130881738,1.00577451078852,0.00503539875260897,0.0860257023946908,1.76324060258228,0.0308150346718216,0.0700924428491263,5.42664412805562,0.0524656919644294,0.0861727972637271,1.01158236655188,0.00133654491706652,0.0938265310945974,4.11058351166975,0.052595067892243,0.0861309143189463,1.93897358646993,0.0306878436372994,0.0986680065308698,1.00288309926358,0.003184104408937,0.0763310562803284,1.00288309926358,0.00188337615808404,0.087585214509696,1.38846722913941,0.0108656565089975,0.321808697844236
0.0934824091599189,43.2497483253448,0.49126003053188,0.0580562360800165,1.00577451078852,0.00188497545747739,0.0603558537889933,1.0684573459204,0.0128610827748076,0.0848954769563314,6.27724955896459,0.080402529566032,0.0929777136716012,1.01158236655188,0.00103170672002976,0.0917508141357782,2.21353437928443,0.0386507958163124,0.0962233297775373,3.52888015319671,0.049927164122824,0.0826225734741677,1.01449885892793,0.00177679921167377,0.0798912521419816,1.50070065992818,0.0186102564955695,0.0877994113936015,1.00577451078852,0.00160952683121465,0.698014867527821
0.0779099889838833,8.28029274537113,0.139233218829465,0.0732488323085429,1.00577451078852,0.00572075287873833,0.0901681600362389,6.02830266228601,0.0557364765595096,0.0865333736881063,4.10218350327178,0.0681663447020377,0.0951549418131682,1.00867425853989,0.00193148201059279,0.0854595519973938,18.1056638759021,0.0535494000277726,0.0815377159524541,1.12528574084121,0.0195878991558683,0.0840003987826942,1.01158236655188,0.00132137367185262,0.0965797973734836,1.52684850782001,0.0270604773959923,0.074134034707575,1.00288309926358,0.00633085542187943,0.378638280653709
0.0986046496432462,11.4004347971132,0.252738396959123,0.0920997007332994,1.00577451078852,0.00519507122439623,0.0818611468935377,1.59422875299434,0.0266059516266257,0.0673452179089488,3.69093584525548,0.041948878898361,0.0931659410454754,1.00867425853989,0.00205662873364807,0.0639311404594992,1.8199732981517,0.0184277847541737,0.0550119884394245,1.8570226648111,0.0134260129935209,0.0986725095412656,1.00288309926358,0.00206349221687936,0.0948963899612846,3.02078648791353,0.0338697976246316,0.0989925719920574,1.00577451078852,0.00408739733544504,0.400419412366805
0.0968572342026115,13.074936320368,0.28033418993599,0.093596062205787,2.16937226517279,0.0201218549526692,0.0682486560885243,3.28381811862624,0.0263590666442485,0.0376441175012107,1.22956416135763,0.00899786068493737,0.081224409207269,1.01158236655188,0.00165764773502168,0.0829892591866793,3.79223047250718,0.039279656101217,0.0665242605296777,1.83048275359669,0.0187324708386293,0.0929990209497388,1.00288309926358,0.00195315674868089,0.0517868796776726,1.00288309926358,0.00538947856273989,0.0942271808788778,1.00288309926358,0.00283146324581934,0.405656845449953
0.0700886495782619,35.0127650896174,0.248046110752944,0.0858149113508872,6.11570617216135,0.0183647234205057,0.0579900078547842,1.04714060664789,0.011992444973151,0.0957672799892052,4.84097532841822,0.090022450182045,0.0878346882215259,1.00867425853989,0.00148970069101409,0.081608699150346,1.28462743961633,0.02220002300353,0.0607992134301281,1.29950646550457,0.0137675779693732,0.0848201760563348,1.0232988843187,0.00167540724713289,0.0659952193671217,1.38846722913941,0.0125974906283231,0.098116726805517,1.00288309926358,0.00306163055059347,0.423217559418613
0.0733467101875436,17.3954538600703,0.215390410981794,0.0971691346191694,3.04698957090351,0.0235375339637007,0.0748732889080248,6.44098426295101,0.0369164188451559,0.0288817481417465,1.1,0.0040030267468858,0.097570435194608,1.01158236655188,0.00319285968778518,0.0697952808809544,2.47655776434198,0.0242072806281791,0.094467294190377,14.298445429222,0.0626079203923047,0.0898079682705491,1.01449885892793,0.00248796844598685,0.0807950809390261,1.00288309926358,0.00503955043828916,0.0881066370728814,1.00577451078852,0.00816863153380895,0.38555160166389
0.0868254818638225,10.9224983497956,0.207223601747499,0.0949626274457498,1.00288309926358,0.0110008010816921,0.0846153816526787,2.95200799512719,0.0391467379200161,0.0447027237601688,1.19154820318739,0.0104398362770881,0.0920025467050453,1.01158236655188,0.00188477076650445,0.0927134009386807,1.68386231169735,0.0330464996239404,0.0387862070690332,1.44974067037263,0.00709391309476969,0.0776192313552466,1.00867425853989,0.00146066838494122,0.0735938524710892,1.08707389011608,0.0138879753919412,0.0532339278230181,1.00577451078852,0.00171178464395093,0.326896588932343
0.0980498701854083,31.3233280612649,0.491873000369386,0.0809940848511215,1.00577451078852,0.010758176024182,0.0915423099709841,3.78132852701561,0.0504304270312947,0.0237491346660069,1.1,0.00301852373297533,0.0921013033104372,1.00288309926358,0.00245680631574831,0.0877042098475716,1.78366310156055,0.0313118607331721,0.0510798871781336,3.37001557459736,0.0134503669609934,0.0943494485769234,1.00577451078852,0.00265500639976026,0.0477680115551102,1.53125056362849,0.0072062907938002,0.0609619699280521,1.00577451078852,0.00377047234165213,0.616930930702965
0.0633125748511163,8.84229119754254,0.113804854422482,0.0845921528639597,1.00577451078852,0.00927096648725586,0.0924066716982006,1.78880557933512,0.0348559728065181,0.0721453317599652,5.53619112528679,0.0558387302537954,0.094618030821681,1.00577451078852,0.00118920483037695,0.0871310066984813,1.441417191251,0.0266890437313252,0.0858166928391532,2.63090415150101,0.0350483757798789,0.0906548806985107,1.00867425853989,0.00186216834474556,0.0661643940064277,1.16484078042324,0.0118994043249494,0.0886639173897021,1.00288309926358,0.00781939615664785,0.298278117137975
0.0841937630084507,16.1970796854127,0.264444777816051,0.097853188170462,1.56692699337341,0.020449815613446,0.0656327224816002,4.27964604980107,0.0259149693168596,0.0596399915628406,4.24516549526477,0.0359962856775673,0.0918633225103779,1.00288309926358,0.00243807688635634,0.0789752030372478,1.82522046182733,0.0266482559945652,0.0879787402048444,5.97646129188652,0.0466447772259022,0.0987034027785305,1.00577451078852,0.00239363136039192,0.0929143042672331,1.00288309926358,0.0185204697975282,0.0784890040534555,1.00288309926358,0.0073860437348589,0.450837103423527
0.0881117937560356,11.0795417123657,0.213483739061995,0.0776101245284807,1.00577451078852,0.00508568958184226,0.0490943176703932,1.71320152422168,0.012025775845561,0.0889675088799464,5.63184697243997,0.0844074263873557,0.0961287488203329,1.00288309926358,0.00295134832725201,0.049663126126816,1.60805750536954,0.011547513998271,0.0946988622674845,7.28980110054726,0.0575166674761289,0.0880127986727301,1.50502732889567,0.00295832575904511,0.0777021765942628,1.00288309926358,0.00559853639913121,0.0659271807529785,1.00288309926358,0.00256581332193376,0.398140836158516
0.0740665838007996,8.0702322805811,0.12786356142475,0.0930104283998018,1.78366310156055,0.0189328312048173,0.0839105589072004,1.55345194953386,0.0271318955437114,0.0958905313399675,5.08173741413741,0.0924263882541037,0.0772313898135278,1.02920793476607,0.00109431481451757,0.0737975839847934,1.1988633739507,0.018276191551709,0.0510535331116085,1.00288309926358,0.00371490295048892,0.095257517504237,1.01158236655188,0.00107230967056408,0.0682784297095253,1.68871705388817,0.0143143283267213,0.0862856696159025,1.10920355497526,0.0100516897879015,0.314878413529285
0.0268231320873158,4.81341099500101,0.0242088660327619,0.0838675225769203,2.3787241732935,0.0156964134949625,0.0657290957526378,1.06538573309788,0.0143643346027179,0.0987594521588231,3.19079162673747,0.070007092157878,0.0775891378458231,1.00867425853989,0.00142659424576307,0.0995990052455839,3.17230798106454,0.0541997173016254,0.0867672289982333,2.3787241732935,0.0343433027839452,0.0976523498396374,1.00867425853989,0.00188416858436445,0.0584349471593239,2.42017049201696,0.0113889171444376,0.0873844431288266,1.00288309926358,0.00888540430238501,0.236404810650841
0.0876946414490582,15.562424351202,0.275719633539057,0.0956715855572308,4.36676720472819,0.0238279897215974,0.0926542476358166,1.83048275359669,0.0355205870889669,0.0750762884300174,7.77618405325504,0.0669233376230927,0.0943442426730803,1.00577451078852,0.00121522659582061,0.0902390682539031,1.45811221351425,0.0283439613423325,0.088556006388623,6.31248050684326,0.0475358055532532,0.0875486017264006,1.017423759841,0.00109182013121865,0.0719592652959008,1.00288309926358,0.00462907562951158,0.0855082611958969,1.00288309926358,0.00922723911736776,0.494034676342218
0.0760881373168891,21.9216213343848,0.254403389854421,0.0849261984935982,1.00577451078852,0.00485293429293507,0.0801985651342377,6.862132740856,0.0434469899456376,0.0614321906775005,4.70471425294448,0.0392181957351333,0.0818647118170203,1.02920793476607,0.00177737812494685,0.0899674268252708,2.35826794741131,0.0385764807481693,0.094799658546293,28.5340777947752,0.0661319672313547,0.0996199108533275,1.00577451078852,0.00223176339208483,0.0899084406700557,1.41673238639154,0.0227367617052348,0.0729963752219764,1.37256962462899,0.00709755477852855,0.480473415808446
0.0483523443763136,8.37539963258341,0.076029912979315,0.0995836429311584,1.00288309926358,0.0172757787873848,0.0964394438112696,6.51558610363938,0.0669784995992539,0.0782662278928198,2.59789259924796,0.0427370292659133,0.0758825293027836,1.00577451078852,0.001193007001139,0.0934363872690019,3.30278056177977,0.0483044367370937,0.0805121201951597,1.58051892322707,0.0242517078365241,0.0927938168261899,1.00577451078852,0.00138703484228844,0.076919712958079,4.26734287669584,0.0220928733019156,0.0829921289494154,1.48779514022745,0.00971107807722979,0.309961358428058
0.0742716315293916,27.0788269126679,0.261139352091391,0.0939072878171882,5.67464221589759,0.0232619852428031,0.0978538178576653,6.7058929175172,0.0699935180277491,0.0677398329063883,5.68029291077598,0.04974428940056,0.0780463335677531,1.00577451078852,0.00137340153294241,0.0954238666175918,1.81474121907939,0.036298172288002,0.09555735109709,1.23387969717049,0.0262467954699447,0.0938633340808703,1.02035709353375,0.0026247164621917,0.0715269413654815,3.40904833026788,0.0183125710038407,0.0971627107608739,1.05015961695978,0.0130687630313359,0.502063564550761
0.0951767361528047,15.7411733137127,0.316614359771697,0.0621634116657807,1.00288309926358,0.00627085901251158,0.0719316599470294,1.81474121907939,0.0232137582782081,0.0820878576214788,3.45634729962219,0.0563714867409601,0.0980509578370818,1.00577451078852,0.00205810217168201,0.0939194446069315,7.20633469066447,0.0611844078257467,0.0628584471026537,4.19426304469508,0.0207493202263596,0.0868437782906476,1.00288309926358,0.00202222627481079,0.0785391323755844,2.39935784176774,0.0209119619166532,0.0874235242050403,1.00577451078852,0.00116265189047346,0.510559134109103
0.0979825738508312,16.4299608245213,0.341725162127148,0.0791252110244171,1.00577451078852,0.00623423896653361,0.0884389088193821,2.07768351923393,0.0357895927726446,0.0794527654254128,3.10984531327104,0.050030294992682,0.0905167088579583,1.02035709353375,0.00144398335568745,0.0923096907266023,5.57746185992785,0.0553172243318288,0.071052204373696,8.49145760309168,0.029427329423468,0.0845093362256598,1.017423759841,0.00180439877846771,0.0916747793065376,1.04413027541975,0.0196876493865611,0.0935387723128026,1.47076025583445,0.0129357258517702,0.554395599986791
0.0940232168455509,12.4554731953392,0.258223433453607,0.0957275330836057,2.4062754285944,0.0217959845550019,0.0456422353997565,1.41265954868704,0.00997519973381418,0.0860693397859825,5.1695410839094,0.0761974671295347,0.0962761845707279,1.01158236655188,0.00249548876835148,0.0656951175458062,1.8199732981517,0.0193156207411059,0.0566429179440071,2.60078095318014,0.0155185374815372,0.0860939431598088,1.0232988843187,0.00217577461502288,0.0884653090015433,1.00288309926358,0.0178472486987425,0.0855517698602558,1.00577451078852,0.00214154302439926,0.425686298201117
0.0886825369658595,30.7913073057259,0.392438569040088,0.0730802955583967,1.26991877487462,0.0101837422503325,0.0956905269322886,2.012917411563,0.0399672096249161,0.0802662141108584,2.62024003611594,0.0446417439761792,0.0794958781319064,1.00867425853989,0.00172642388378013,0.0887790483615239,1.47500060364494,0.0279035348482669,0.0940762929908586,7.00182581890258,0.0561745325404718,0.0952276240848159,1.0232988843187,0.00222577558635588,0.0974204861291814,1.79913505645155,0.0299628226993995,0.0776974805133402,1.00288309926358,0.00301631825848891,0.608240672708279
0.0736915243535669,15.5180551692839,0.205223528205011,0.0835918969576479,1.91126246166401,0.0149570365438097,0.0987691998395484,1.24817094410403,0.0275850861811103,0.0708902825946585,7.07697711557827,0.058030064104979,0.0880655036245772,1.00867425853989,0.00199652828837095,0.0784454537130748,1.14160110005127,0.0190982804027536,0.0960852740061614,12.7798757548119,0.0651014118616882,0.089463868446943,1.00867425853989,0.00295942230010694,0.0511427108120123,1.33746236557711,0.00786667458065278,0.0933367472379819,1.00867425853989,0.0112901243312422,0.414108156799725
0.0692464790182982,17.3458586273837,0.19417383430724,0.0983058133818994,1.53566531100084,0.0206302575906022,0.0876151947813445,3.30278056177977,0.0439404387486069,0.071363798732052,3.86345524438244,0.0473504003463493,0.099162734145287,1.00867425853989,0.00188621042480078,0.0728721569798144,3.03823005207779,0.0282815824189399,0.0847728392463957,15.0156499750721,0.0472902711633867,0.0959967383271409,1.00867425853989,0.0025619863532852,0.0685357674518086,4.3542135747773,0.0170898119592172,0.097798389893224,1.00577451078852,0.0126006638949152,0.415805457207343
0.0741107106892992,45.660730913107,0.293467347818613,0.0770583786796651,1.00577451078852,0.0033047505491653,0.0501926891130761,4.3416960341386,0.0153895689451651,0.0997093282895229,2.5610696150512,0.0573150259550072,0.0982411157340474,1.00288309926358,0.00150965138585395,0.085835818143611,1.64079288241399,0.0286890671860406,0.0932084228253229,2.31788173275986,0.03898663972348,0.0929099770242011,1.87853138201008,0.00346100585078,0.0673489760212281,1.00288309926358,0.00930441555569793,0.0727683981765717,1.00288309926358,0.00331162784040252,0.454739100810206
0.0694432876300379,9.94038597042831,0.141413267583381,0.0745722641899257,1.00577451078852,0.00369816761415204,0.0437002006484676,2.83539228475476,0.011273808458535,0.0658377249959454,7.30276577043746,0.0503304997491394,0.0941821177820967,1.0232988843187,0.0024951416937284,0.0899234354888909,1.3686237465133,0.0268063861410726,0.0782389862771266,5.99369202303595,0.0352414201330386,0.083920712121253,1.03217524340486,0.00179541566271879,0.0950695950054748,1.43314150019665,0.0254735053322521,0.0884626374003796,1.00867425853989,0.00355745692988716,0.302085069297905
0.0404141910448887,13.2251141621628,0.0724468222724332,0.0825254432915277,1.00288309926358,0.0083748404215387,0.0866329422553071,4.06351835261943,0.0460250202996271,0.030001108800687,1.1,0.00194491250700937,0.0868856969634655,1.00288309926358,0.00105498662433752,0.0710954243150983,1.33746236557711,0.0186335278671572,0.0504147292275156,2.46943812909056,0.0124389605734404,0.0940424206922256,1.00288309926358,0.00227273107093962,0.082646513313633,1.78880557933512,0.0213416901836205,0.0656464172802915,1.00577451078852,0.00252795968831277,0.187061451508416
0.081489050046526,9.94038597042831,0.175475964936863,0.0578118582512724,1.00867425853989,0.00240625734024063,0.0852798030090532,2.97761447568876,0.0398574528504594,0.0878596172651854,5.36502184689064,0.0809729281741733,0.0982407372801632,1.00288309926358,0.00292764691864387,0.0790283409661451,1.13504676028852,0.0192061972457868,0.0984219549748017,3.10007958542497,0.0495601069680484,0.0965388152489801,1.00867425853989,0.00184659441998785,0.0738548852619884,2.16937226517279,0.0178910715828833,0.0879831899335102,1.00288309926358,0.00807439647411954,0.398218616911206
0.0893892268357078,42.3939469353955,0.441827855252198,0.0960306254751873,7.56780167843215,0.0251233221576791,0.0816464294835543,1.50936647207927,0.025524912763353,0.0846937169864914,6.20596822410324,0.079979098806495,0.084610910161458,1.017423759841,0.00155712394804945,0.0977007932723207,4.62558101221893,0.0604024306386181,0.087758874733056,5.41917883794353,0.045506407728675,0.0971758713303717,1.01158236655188,0.00293563932376169,0.0486423742857534,1.23387969717049,0.00708877486098112,0.095422266436968,1.00288309926358,0.00954764096238145,0.699493206442192
0.0972312285893169,27.7836630028175,0.459019304142446,0.0716377403213924,1.00288309926358,0.00261691115540413,0.0978180234309182,1.79396288338358,0.0380031675398471,0.0982204288802141,5.50466825898689,0.101237496593466,0.0964765055207127,1.00867425853989,0.00268876715832294,0.0900003955506408,1.43314150019665,0.0278234906608732,0.0941492961690079,18.3153703115779,0.0632429641287767,0.0964253156499827,1.00288309926358,0.00338401795544931,0.0997563281848918,2.60078095318014,0.0362966007410814,0.09615164198469,1.00288309926358,0.011336819936722,0.745649540012389
0.0181092944651869,4.69130089793945,0.0154222324171537,0.064734488973466,1.00577451078852,0.00653140876418149,0.0979722552698482,5.07196553857306,0.0649163394826123,0.0490427331334802,4.16116457798582,0.0254979359929833,0.0848762394298637,1.00867425853989,0.00212225196086941,0.0763223937836161,3.90299369276608,0.0331928708317451,0.086925859130343,1.44974067037263,0.025980067008526,0.0828578086162771,1.02920793476607,0.00128197098703678,0.0847178768071653,5.17521601544173,0.028603288969309,0.0831492476815488,1.00288309926358,0.00308028763999082,0.206628654054408
0.0895840623328721,8.8170814218763,0.172897212407229,0.0963205212820539,1.00288309926358,0.0119389604928605,0.087041629488119,1.27358007675926,0.0242617984328531,0.0851347385532088,5.86152081000249,0.0789529623626849,0.0958364614298962,1.00288309926358,0.00278134507357857,0.096275971717887,4.43008034640065,0.0572568850502092,0.0951495753847812,22.2759871780403,0.0659969486664442,0.0910509664165773,1.017423759841,0.00272458487309206,0.0696346620566017,1.00288309926358,0.00761701613433931,0.0890496658087887,1.00577451078852,0.00409281762456016,0.428520531117851
0.0686544037948048,17.8992726094967,0.194356320404491,0.0525337754537603,1.00867425853989,0.00503139238183421,0.0814542424673688,1.42081696649143,0.0242607053901943,0.0942052282274603,7.13785426629355,0.105440261466868,0.0930558707056013,3.22758151346831,0.00293008563382223,0.099710904918229,4.85759838400825,0.0640299115498906,0.0891051335826665,2.49085867387056,0.0368279250150345,0.0843710659032729,1.00867425853989,0.00150888746627132,0.0899024829568248,1.00288309926358,0.0118574930456122,0.0695718644945872,1.00288309926358,0.00372383057493076,0.449966812928949
0.0623178947917208,9.33520990663721,0.116134823108514,0.0737729337156174,2.77083492243083,0.011868301201646,0.0986492384773741,2.60827926283097,0.0495908011646523,0.0570164254157981,5.64794953427064,0.0361598278099598,0.0986346150968019,1.00867425853989,0.00178960823025353,0.078285803874451,19.1787679790464,0.0433485281110141,0.0992609010000187,1.61734325078285,0.0347221523792958,0.0846151519940692,1.01158236655188,0.00105336657253872,0.0934584834386311,1.00288309926358,0.0180587512246138,0.0717084347486185,1.00577451078852,0.00230383519841382,0.315029995000902
0.0669813792804527,11.3355211455182,0.147336992930029,0.0962253532918238,6.68661474347447,0.0252404571705901,0.0324047520451695,1.45392041663176,0.00608439347867777,0.0974692083109801,2.75841998672107,0.0602143432799066,0.0892037442154707,1.01158236655188,0.00182808328289752,0.0932627342393977,3.15409462760941,0.0471519382945306,0.0854307576836764,1.52245910708953,0.0262334643463729,0.0905835191997649,1.00577451078852,0.00140391716240536,0.0846716531675665,2.2008256876077,0.023921184345497,0.0855867026902441,1.00577451078852,0.00281626689874524,0.342231041189652
0.0597522994957714,16.1970796854127,0.146388937530995,0.0762159526143505,2.68446171339143,0.0127495680855182,0.0889948797835749,2.90145376159538,0.0429243548844185,0.0168108285858669,1.1,0.00209572911162609,0.0974294422519341,1.00288309926358,0.00144073549550045,0.099164886103664,12.345903576098,0.0767288023488682,0.0970100291900724,4.25507507288674,0.0539700871100577,0.0993869425145363,1.00867425853989,0.00247402107174032,0.0748835938510167,1.77342245446464,0.0173326111155901,0.0654055381756631,1.00288309926358,0.00139004375479877,0.357494890509113
0.0594372035610581,6.57065680511724,0.0806254969954494,0.0846083703441443,1.00577451078852,0.00562713572940549,0.0855002687881741,2.66137624774655,0.0381181812602017,0.0381556972495265,2.48898205491401,0.0145660961234409,0.0951573063842171,1.00867425853989,0.00147643280108889,0.0875785096522493,6.76406156642458,0.0508132504953704,0.079405919363439,2.81100886708374,0.0304970293492254,0.0971098206048283,1.00867425853989,0.00294443893358406,0.0791844640933952,4.0518365057735,0.0235600869890681,0.0780031635586496,1.00288309926358,0.00399422553559411,0.252222374212428
0.0795203847979065,12.4910858510523,0.203243220064796,0.0941602704444765,16.1362253542068,0.0246826731868043,0.0979604931732416,2.16937226517279,0.0438012066668386,0.0709373915470103,2.55376788872047,0.0367582539152679,0.0790827465341316,1.00288309926358,0.00171512355582132,0.0793633654101313,2.85998721049474,0.0326615724581819,0.0915639433610361,1.40051115285914,0.0275311812105988,0.0783567406573459,1.00867425853989,0.00175445328208572,0.0785027966389986,9.36467852310833,0.0250568670042014,0.0825537444727324,1.00288309926358,0.00250729570260231,0.399711847047198
0.0415848421287418,5.50466825898689,0.0449461002267617,0.0459159992345839,1.00288309926358,0.00188606979568181,0.0725606411507595,2.15071639511557,0.0255326604426636,0.030910087595609,1.1,0.00533881328625339,0.0891134955526232,1.00577451078852,0.00140141700928692,0.0774614445841419,2.26510726072284,0.0284394605020426,0.0802632439247671,3.27437776251048,0.0326554712481125,0.0965459946736202,1.00867425853989,0.00244819255699234,0.074245939220171,1.32214875407135,0.015404253657242,0.0849288638054764,1.00577451078852,0.00864974183239977,0.166702180557437
0.0981075790506239,45.7912839530528,0.557916034449625,0.0543640886777976,1.01158236655188,0.0030155088386009,0.0828973947323306,2.00713065465068,0.0311988187409561,0.0730446047161182,2.1394581173242,0.0331560854782826,0.099226976088241,3.25557838997471,0.0035145455552313,0.0623033098016301,3.90299369276608,0.0218527951692334,0.0528430192290048,1.13178371549186,0.0103532612409518,0.0890353524248926,1.01158236655188,0.00179714765981742,0.0875864972170954,1.00288309926358,0.0166230996841942,0.0945923798188766,1.00288309926358,0.00363759791920984,0.683064894736103
0.0761033753985727,8.52011211251241,0.139341583394445,0.0945346368390668,1.00288309926358,0.00667985988097947,0.0958068414590184,1.669381663546,0.0348979466183725,0.0916058755207398,2.65791377090027,0.0538279739309886,0.0899916925783772,1.00288309926358,0.00194288486356331,0.0660360724102324,1.05015961695978,0.014140597059179,0.0632980277626115,1.42081696649143,0.0153769147894589,0.0786096588784021,1.00288309926358,0.00180743017252663,0.0637622716278707,1.25899790157518,0.0114308212883205,0.0669010825276549,1.00577451078852,0.00532544819943736,0.284771460197271
0.0739385769635232,13.0004881193975,0.186839191089715,0.0837557987448042,1.73304445225245,0.0147489827022003,0.0759398595590537,1.01158236655188,0.0164786397965234,0.0848463160072198,4.43092146886216,0.0689695586781668,0.0877239389047921,1.01449885892793,0.00122009928150274,0.0881639480074365,1.74305193613896,0.0311210811432444,0.0725142855118368,3.51873529007318,0.0269929285570701,0.0884838253875183,1.06538573309788,0.00293054311474991,0.0964699120749664,1.04413027541975,0.0214242498743705,0.0766190409238442,1.00867425853989,0.00460913934398036,0.375334413581523
0.098656708764695,25.6490079220847,0.455095755061645,0.0794330474253434,1.00577451078852,0.00390686358403647,0.0864267961491242,1.21975208146059,0.0231150889630721,0.0824714165118953,5.30409931780933,0.0710297850554165,0.0881908192488478,1.00288309926358,0.00154143320175194,0.0800041084170577,9.33775684323017,0.0430024040825631,0.0968670771123439,1.00867425853989,0.0217351959086229,0.0751470256124576,1.00288309926358,0.00120150217158909,0.0359003348123028,1.00288309926358,0.0026415197591347,0.086522518946649,1.00577451078852,0.00853780613795256,0.631807353925784
0.0657696459812705,16.3831182565332,0.173693251548124,0.0991343081339158,1.00288309926358,0.0124213596690711,0.0851008334937293,2.15691712397049,0.034013592922814,0.0612334845607469,5.84480934671973,0.0416205371598879,0.0969667473613997,2.33798763817471,0.00327486958743528,0.085517527076821,1.48779514022745,0.026621050568605,0.0997394335882263,10.7215497316231,0.0705350263194604,0.0831621194421804,1.0232988843187,0.00104691757206776,0.0884104082472445,1.64552345116496,0.0236079223699998,0.0755179736003932,1.00288309926358,0.0047817599784572,0.391616287695922
0.0743829827398352,17.6960173409803,0.222847541910129,0.0540985305525628,1.01158236655188,0.00193817672566712,0.0882184498467352,8.58980877761041,0.0564505896597044,0.0757213913560742,2.71932165925039,0.0421320685340561,0.0953445363061053,1.00288309926358,0.00131535372799556,0.0952146784606524,3.52888015319671,0.051523198445056,0.0535785129215669,1.91126246166401,0.0129761492007825,0.0898901092584887,1.00577451078852,0.0018494661220544,0.0923899562544683,10.5683211343905,0.038309399556749,0.0904584564669628,1.00867425853989,0.00599943609264357,0.435341379974838
0.0503407027421103,5.34972592480631,0.0536276142518193,0.0655840581315381,1.00577451078852,0.00320390473246146,0.0991469088858996,1.64552345116496,0.0361394911269501,0.0990766608035691,3.10097900238478,0.068485459824407,0.0858737386145617,1.00577451078852,0.00201450919760645,0.0824815020766275,1.17494491051044,0.0209396506769216,0.0884071989051808,26.7828608064846,0.054737898979385,0.0878625193452947,1.0232988843187,0.00190184878580508,0.0577695608127487,3.6952337044061,0.0117540516576284,0.0785611409462682,1.00577451078852,0.00739079241571373,0.260195221648698
0.0470683906374739,6.53324372972246,0.0609218380302819,0.0660631645337063,1.00288309926358,0.00781830542537211,0.0934602678644891,1.86774606222357,0.0364977317100825,0.0921185853729102,7.62231335159879,0.102588299879423,0.0967108115920956,1.00867425853989,0.00307115228768101,0.0777747081429126,1.75311720834914,0.0253252192214761,0.0954215656404997,2.70774742833384,0.0440480351307451,0.0737600724075282,1.00867425853989,0.0012669527757838,0.0781129193757185,1.00288309926358,0.00309371209102548,0.098618194993127,1.00577451078852,0.0104571489202303,0.295088395472101
0.0790947025647755,8.71695901517113,0.149353729165116,0.0874907427969671,2.73123512958793,0.0177121297103757,0.093847530989164,3.44853317762211,0.0513234132887167,0.0965750044183054,5.56789450947679,0.0987706595674039,0.0826648722585283,1.04413027541975,0.00171838243209585,0.09524096445059,3.19062650772569,0.0495764207001122,0.0651967883249415,3.72728711692345,0.0219921464320178,0.0969877994866577,1.00288309926358,0.00361776594504579,0.0897059705048085,8.01633751167032,0.0349889246533688,0.094259736756952,1.00288309926358,0.00556654647920057,0.434620118373453
0.0569424689713877,9.04658165894228,0.100252359632776,0.0959362580277482,10.1800975118018,0.0255410280802902,0.0978153124023235,5.52949756842363,0.066076554481917,0.0397343343363897,1.15800916846189,0.00892478577184021,0.0831215655322253,1.0232988843187,0.00119554070326815,0.095310116249344,5.70741049859425,0.0601440418242588,0.0992238648991948,2.95200799512719,0.0496139933305372,0.0933318825700702,1.00577451078852,0.00229915633797213,0.0587928394055968,1.41265954868704,0.0102177721048267,0.0874863484422668,1.00867425853989,0.00285212308775094,0.327117355355437
0.0879068272839019,17.7466137465261,0.299855470117816,0.0933254190054852,3.91424641100743,0.0220684876508801,0.07918215688579,1.15150364314254,0.019636828010111,0.0957368836689886,3.58704544019047,0.0737999506993563,0.0884935214468509,1.00867425853989,0.00135319360365685,0.0736982742257281,1.8463608342542,0.0237397158616254,0.091620974876615,2.98619923379083,0.0421096704103365,0.0783293176936552,1.00867425853989,0.00142280330900386,0.0604931928940869,1.00288309926358,0.00516902842826237,0.0794151420704402,1.00867425853989,0.00335969272479092,0.492514840815839
0.0874441702294175,11.2709771098404,0.215025934274876,0.0828439557236082,1.41673238639154,0.0137289898014348,0.0837466433583819,2.31788173275986,0.0344937134670598,0.0456648818674736,3.19079162673747,0.0209180145042101,0.0789195709331442,1.00577451078852,0.00114944090785275,0.0979138376158912,6.59105201019205,0.0666024309354868,0.094822430846231,8.29812065000463,0.0589352999091856,0.0982059938204147,1.00867425853989,0.00353283010885941,0.0889191173246174,1.00288309926358,0.00293158596773321,0.0789998768621981,1.00288309926358,0.00743744295742413,0.424755682834123
0.0513369761548531,9.36190111388404,0.0885839940841535,0.0645123757764719,1.00288309926358,0.00105231557233253,0.0860159967112762,1.82522046182733,0.0315122168630006,0.0940572706375653,6.03128608936729,0.0972981455188053,0.0919199497927896,1.00577451078852,0.00182008474558739,0.0817454808358256,3.34103457688672,0.036618949741079,0.031434026031057,1.02920793476607,0.00468521505743166,0.0943159090414331,4.43008034640065,0.00367816812009864,0.0645350186893211,4.3542135747773,0.0150796125207542,0.092149242763345,1.00577451078852,0.00278142403480959,0.283110126258052
0.0991675186386574,23.8820457636572,0.44187952967541,0.082201331442694,1.00288309926358,0.00214522740946067,0.0868222767653341,7.2688443008963,0.0527363412458484,0.0445993321250403,1.40614271634866,0.0124254717365563,0.0816282658237288,1.03813555048354,0.001874034134271,0.0718365952099407,2.18189932872234,0.0243720499628626,0.0673186833843744,3.50861959151272,0.0230993079205792,0.0865115878997543,1.00867425853989,0.00193894303190626,0.0653851970631631,3.21830282695794,0.0148858727641379,0.0606172504812886,1.00577451078852,0.00294299882912786,0.57829977671016
0.0904064210412053,43.0034858674363,0.45529806638294,0.0873440068872725,1.00288309926358,0.00605704146273509,0.0888116754986683,3.83615347588896,0.0476383464977785,0.0973528936461594,4.41828870957735,0.0874558811834992,0.0773624057202586,1.00577451078852,0.00172438156654175,0.0807714956793729,1.83048275359669,0.0276767576686823,0.0981263883231911,15.9974592566334,0.0701609316108943,0.0993615265862007,1.00867425853989,0.00244904564655664,0.0850780105417429,4.27964604980107,0.0281717427543034,0.098423546221163,1.08707389011608,0.0135153053802496,0.740147500154181
0.0584378776841781,29.5004540809269,0.166388138039296,0.0685556689516954,1.00288309926358,0.00105339945839867,0.0691329447088857,3.56975293664868,0.0275769794803564,0.0384627971356496,1.1,0.0032510156855066,0.0873147655617445,1.00288309926358,0.00110558274154184,0.0694883389166039,2.15071639511557,0.0228334905295702,0.0998775311883077,1.3490638599235,0.0301377421937424,0.0808333092022086,1.00288309926358,0.00180486803009333,0.0837136023078619,1.92784124639408,0.022524257014212,0.0787445015966057,1.00288309926358,0.00464740510324094,0.281322878275958
0.0701109249510629,11.3355211455182,0.157400187972636,0.0743178580379121,1.00577451078852,0.0047514578943431,0.0965969323693299,1.62668261683323,0.0345027306031454,0.0614602930826477,4.5332925592365,0.0386517955242774,0.076929086546866,1.00867425853989,0.0015690190343913,0.0925748840693459,1.09966477838038,0.0225981946806396,0.0889505566479776,2.04799000112185,0.0334835848882472,0.0979236947985707,1.00867425853989,0.00291363000787406,0.0999673721064571,1.99560700049668,0.0330780514564062,0.0729601579528579,1.00288309926358,0.0040493908504968,0.332998042912457
0.0933223821861136,46.9831874889221,0.50347487627657,0.0928436483945247,1.87313095952011,0.0191293267719164,0.0821128447684312,8.51593931825384,0.0472193330134194,0.0529016832285304,3.63861987486454,0.0277332271908867,0.0762599345903709,1.00867425853989,0.00139547870747613,0.091684202130196,8.99473757437633,0.0595558991688251,0.0763012049723288,3.35066711121492,0.0296559513543122,0.0995973108988221,1.00577451078852,0.00154163886011759,0.0865191076818558,1.86237664548846,0.0237893247287279,0.091483482667479,1.00577451078852,0.00817213393851614,0.721667190010767
0.0543507256217952,15.7411733137127,0.123045108716403,0.0554095171547444,1.00577451078852,0.00181302484265652,0.0453534182955908,1.56242237457588,0.0102637963170656,0.0935538107940252,4.84097532841822,0.0859487831501469,0.0916398443789349,1.017423759841,0.00164405263343093,0.074938621019571,4.02857346483847,0.0320457489225604,0.0761615607411358,1.20231981606127,0.0186798561221559,0.0975506921446345,1.00288309926358,0.00154265829918813,0.0730959838023741,1.19198027101602,0.0143327328347577,0.0966135042480273,1.00577451078852,0.0107963617653858,0.300112123603751
0.0977778747286221,16.1509010721782,0.337224694000349,0.0445005937917864,1.00288309926358,0.00189293256112172,0.0871312809773704,1.11560866287013,0.021367257892635,0.0665188102749349,3.33041129664955,0.039112217764155,0.0809069943773983,1.00288309926358,0.0015912026303738,0.0554398785957117,2.012917411563,0.0149290342382522,0.0589952229249404,5.37257572706184,0.018888692013852,0.092559328105865,1.00577451078852,0.00291530850115356,0.0929811642649183,3.6424227310724,0.0338802845788063,0.0829368776893961,1.21624552488348,0.00929355146622178,0.48109517564692
0.0824194205615005,27.7836630028175,0.326372478492196,0.0755815092929194,1.00288309926358,0.009249076856134,0.0998652231693652,3.07341994620988,0.0552370205578251,0.0968229933184962,7.82071491300921,0.115539202029661,0.0915960211956454,1.00288309926358,0.00242595637738756,0.0709566132114804,1.09966477838038,0.0161764078180195,0.0886879877762915,23.7325189301555,0.0545632521985555,0.087124810446332,1.00577451078852,0.00218291046260642,0.068431444201013,1.00288309926358,0.00320326670436156,0.0778583845900462,1.21624552488348,0.0081108871577051,0.593060458654452
0.084044158027438,14.6567626550599,0.246875719326023,0.0963227206511783,1.00288309926358,0.0150388141098997,0.0545848909969559,5.97646129188652,0.0187812087920463,0.0828052432708729,3.55645233787452,0.0582364095885485,0.0994176959045813,1.00577451078852,0.00171243813052598,0.0822148691076946,3.71657187129828,0.0382023584856697,0.0995371414503973,3.52888015319671,0.0538717960643019,0.0885520919330927,1.0232988843187,0.00239043329428166,0.0937025370549012,1.09650345009091,0.0210894103702142,0.0891445418179968,1.00867425853989,0.0101926351220635,0.466391223283574
0.0789570737052357,11.6638280775231,0.191363611732695,0.0775220763675737,1.00288309926358,0.00570967869320636,0.0781480660379996,2.66137624774655,0.0321694059514855,0.0881466587299052,2.25872346493531,0.0438104042347678,0.0897532972336308,1.00288309926358,0.00172834521767438,0.0714996752777889,4.23064516672908,0.0294603193479026,0.0762424015810686,1.11560866287013,0.0176775983277021,0.0963450369296387,1.05622377499757,0.00367409830235861,0.0985325470631619,3.10901742259474,0.0375189389488955,0.0770096801685962,1.01449885892793,0.00227543876913625,0.365387839525824
0.076453704265511,12.3845521943562,0.190826515587827,0.0982897402833717,1.00577451078852,0.0132367878708085,0.088548479790824,5.5136013085513,0.0523709355573837,0.0975119399875813,2.77421627095644,0.0606323322178057,0.0958554672021268,1.00288309926358,0.00237207188688956,0.0978576038504265,1.2517695448338,0.0274585820942253,0.0729802091754566,1.28093437865255,0.0182889180556465,0.0759737217132233,1.00288309926358,0.00133048642174325,0.0705300786661985,1.05926897298544,0.0127641512070116,0.081005718345406,1.00867425853989,0.00763667272657949,0.386917453625921
0.0557598616311923,5.9119424349341,0.0670826368705542,0.0978968437067992,2.69996316651677,0.0235986835332687,0.0836936478173609,7.45964533309522,0.0488401946922204,0.097946774882181,2.35755856966429,0.0514190034287261,0.0975764480887835,1.01158236655188,0.00242096091708797,0.0754477417646292,2.69220128298041,0.0290173755382708,0.0938747134425506,4.59902389909696,0.0511655891301472,0.0950797544883169,1.00288309926358,0.00348425005741516,0.0681560370416154,1.00288309926358,0.00420743672662327,0.0905171625665821,1.00867425853989,0.0104172991267268,0.291653430021041
0.0958265212884439,14.4903277225333,0.3008393630544,0.0995491235638268,1.00288309926358,0.00596989331433936,0.0633472933074902,7.58962040187813,0.0260870599827485,0.0548204605891486,4.49462912845335,0.0316629381165268,0.0969875669258701,1.00867425853989,0.00265923261657513,0.0891378655410322,1.59422875299434,0.0297561881360449,0.0977459614089952,5.07196553857306,0.0576385918220527,0.0909048826101688,1.0232988843187,0.00191925976371454,0.0395969243421246,1.00288309926358,0.00172136431686594,0.0911270081878803,1.56242237457588,0.0122777451131075,0.470531636236375
0.0603907665904679,6.29519745414789,0.0783119301606572,0.0698792239666144,1.06232295058138,0.00886497092107085,0.0559974278930388,1.23387969717049,0.0126641456606227,0.0854980851910594,6.17063167192095,0.0815370764199422,0.0784206699353846,1.00577451078852,0.00123840660795397,0.0921272747706017,3.01210229799636,0.0451612984144681,0.0581762453395781,6.49685502569923,0.0186790646873248,0.0827113708163747,1.47500060364494,0.00248347181134149,0.0817064327173116,14.3396692667093,0.028342318141348,0.0897389035953123,1.00577451078852,0.00308139442618237,0.280364077250912
0.093846027928101,16.9541533849002,0.326425654281864,0.0967830954552566,1.00288309926358,0.00769311983801598,0.0874249512768337,3.23688695135292,0.0433437260278069,0.0708744867671722,2.56839221845836,0.0368098600065937,0.0959877320761799,1.01158236655188,0.00161223344918302,0.0923561375655806,2.2456281019818,0.0392907629687715,0.0880858133082778,2.50524216415549,0.0361275541202782,0.098951332217943,1.00288309926358,0.00117585972804704,0.064530298862287,1.88937898174206,0.0132017864556637,0.0986587287133032,1.00867425853989,0.00771815259728267,0.513398709473507
0.0793961222929237,30.9676358722681,0.311549304611265,0.0895409928462041,2.99480874260266,0.0189734205542239,0.0480456860232296,1.2517695448338,0.0102036759175615,0.0930671429729955,7.24048212666168,0.103278434037575,0.0926205938236437,1.00577451078852,0.00269036930101716,0.096628413417001,1.46653209822205,0.0313969195848177,0.0976307869931595,1.21274904899342,0.0265022495158182,0.0834199289213397,1.02624915657849,0.00145731297968395,0.0560712567103883,3.24621921773864,0.0108923860396063,0.0956014040863215,1.54453302690677,0.0138460924988432,0.530790165040412
0.0732518848093129,12.6706823189462,0.181330928553157,0.0955523432267605,1.50936647207927,0.0191596777451141,0.0650099165557321,4.13432012050498,0.0251656714791817,0.0982678808385177,2.95406110570076,0.0649872723618569,0.096880894066597,1.00288309926358,0.00139750622119574,0.0960309396989743,1.55793070570556,0.0326978570240667,0.0884759602250501,1.26262771749805,0.0241017786613145,0.0931166588138096,1.00867425853989,0.00305985007373282,0.0980763529986993,2.03037797761035,0.0319243488423698,0.0983147825460666,1.00867425853989,0.00272851679331005,0.386553407755299
0.0864575404340662,15.3857051733181,0.267848108041349,0.0623963201651663,1.00577451078852,0.00412261082013709,0.0954568650052234,1.69358579278262,0.0350742622321711,0.0846427462105831,6.72246389678934,0.0823192875135158,0.0955670032008826,1.00288309926358,0.00167878090413595,0.0977254723235364,11.756216271046,0.0734588674516197,0.0945852628326751,2.0657547958787,0.037696173696628,0.086396254666305,1.00288309926358,0.00156452108530297,0.0806653539400319,1.05015961695978,0.0159965471624336,0.094783151020234,1.00867425853989,0.00821142526540277,0.527970584172696
0.051163438328082,5.34972592480631,0.0545321331096814,0.0791420373163698,1.00577451078852,0.00471325732562113,0.0867936269095953,6.36723659478765,0.0516761599790808,0.0552245400806595,1.30181848059981,0.0144112886218856,0.0932325118546738,1.01158236655188,0.00233736347066765,0.0675970872747572,2.42714808378022,0.0226327294589446,0.0886736484788828,10.0346071582177,0.0512833044089175,0.0932585173934036,1.00288309926358,0.00136661908559945,0.0866917271516124,5.74036800209287,0.030870842727126,0.0803085190390547,1.00288309926358,0.00370552380846621,0.23752922199599
0.0695771265196305,9.55088865963059,0.137505294966178,0.0927030238707086,2.14453349218355,0.0195645073624355,0.0816473138713375,1.1817296425721,0.020878807079532,0.0759705754020278,3.13659663926028,0.0468175693689339,0.0929115893842362,1.00867425853989,0.00179188589786474,0.0837914224849457,3.19982540066046,0.0379516678169046,0.0928714846683143,1.07153781450759,0.0221527022558871,0.0991184505638085,1.01158236655188,0.00129529993876547,0.0971777932235193,5.6910027726913,0.0409296112853739,0.0883823124021462,1.3686237465133,0.0110973822314798,0.339984728203355
0.0553347568506617,32.3226886629966,0.153079519777955,0.0731924405474142,1.00288309926358,0.004355847766812,0.0965990722931142,1.16819913201946,0.02507152700643,0.0935930409848255,3.48607928434492,0.0695768904571729,0.0770387368327636,1.00577451078852,0.00114140749865174,0.0892401496432043,2.0538945595859,0.0352754923615552,0.040010542013291,1.09335121002246,0.00674814261820098,0.0773664488467453,1.00288309926358,0.00116605586145062,0.0913739606174395,1.00288309926358,0.0122603697799236,0.0808769750357827,1.30325307163827,0.00894479420250204,0.317620047330654
0.0990208087315089,14.203601369527,0.310144949683979,0.0970121443930685,31.1977684837926,0.027318156175227,0.0668765950480834,1.36468921205103,0.0175931289851824,0.0854691166935024,2.3508370626099,0.0440653573208234,0.0914809662510942,1.00867425853989,0.00210562766419349,0.0878940150234393,1.37652687910296,0.0261118698493191,0.0990238120920875,1.50936647207927,0.0327370607801531,0.0768451671351904,1.00288309926358,0.00141513113055277,0.0939789295963019,1.00288309926358,0.00711824137274177,0.0811956932430672,1.00577451078852,0.00801652383896717,0.476626046801139
0.096901416678095,13.8432741205849,0.294961388789057,0.0843579125944047,7.69966123740149,0.0178316970178022,0.0801767821779455,4.25507507288674,0.0394092646530924,0.0973328250655878,6.13549632475213,0.105069672034225,0.084362160803661,1.01449885892793,0.00151994428771901,0.0905911925130654,3.06458444505318,0.04403465580999,0.0827022754758649,1.017423759841,0.0182686437535295,0.080102150942804,1.00288309926358,0.00138187001664326,0.0889786565114181,2.03623175886238,0.0259453079879107,0.0711150501785478,1.00577451078852,0.00532413833019188,0.553746582680161
0.0868689001350216,14.7406956275529,0.261318550261738,0.0591807325652856,1.01158236655188,0.00581015498993469,0.0683239132131006,2.82724106811333,0.0252360304768446,0.0688390064406798,2.55376788872047,0.0351675147179552,0.095371832496334,1.00577451078852,0.00215471086615307,0.0737428039558437,1.42902148939294,0.0205660145649797,0.0879299486826083,1.7230944249062,0.0296734810996543,0.0922749660131508,3.42873391662958,0.00342956320307995,0.0646181715099961,1.16149208345279,0.0113948435871002,0.0959027127773909,1.00867425853989,0.00963458140061093,0.404385445168051
0.0913198938278667,9.442433501623,0.190735120643634,0.0987488286599829,2.32456441587663,0.0233959353018004,0.0962614168485315,2.6460963359074,0.0476952082776878,0.0771340658677578,2.4327757096243,0.0397125215369402,0.0994454497732499,1.00867425853989,0.0012304140518557,0.080010609380253,2.10174801133249,0.029288661935441,0.082853406053601,4.92802801770652,0.0387597616524208,0.0786639644483312,1.00577451078852,0.00161466477455109,0.0630103766210407,1.00288309926358,0.00761484005099098,0.0625019780114987,1.00288309926358,0.00125228812717205,0.381299416352494
0.0805299914110679,9.30859479724011,0.162404289574553,0.0781375547400193,1.00288309926358,0.00235263092431041,0.0748627994564232,1.78880557933512,0.0246883123052211,0.0762054506885441,7.75401379770222,0.0691580729352701,0.0862288207700661,1.01449885892793,0.00169574821066394,0.0783140667884339,4.92802801770652,0.0368191623989705,0.0803140442199753,1.40454896553258,0.0224774874692057,0.0957218081201859,1.00867425853989,0.00348908698868948,0.0943661609691751,1.31834782642385,0.0240031826431235,0.0906524349995721,1.00288309926358,0.00700414564873564,0.354092119098743
0.0972130821978619,20.8830207840829,0.394531443755253,0.0897695298667402,1.98987000774274,0.0178927868826569,0.0827307676296037,1.24458268867087,0.0222280550042323,0.0567971499880959,3.58704544019047,0.0309633708728838,0.0800505411825021,1.00867425853989,0.00162476372184965,0.0985290404872611,10.0635379267258,0.0731440047073191,0.092427434764904,38.8282025800898,0.0626817531400813,0.0947281923322808,1.01158236655188,0.00268797900608625,0.077250766591025,1.16149208345279,0.0156066727636579,0.0788647251922453,1.00867425853989,0.00106932950693078,0.622430159360951
0.0838092488146049,26.5430065065991,0.331581524667595,0.0829828707083835,4.55947384416678,0.0165429688095345,0.0862865578401987,5.90803229623124,0.0500550711919129,0.0998983462316717,5.92884584496348,0.108764099619349,0.0894032661062872,1.00867425853989,0.00215652620522737,0.0954054179473597,22.7949928263862,0.0727252793874328,0.0976036788121616,4.3416960341386,0.0550614704907812,0.0992382701401465,1.00288309926358,0.00378884988304504,0.0909599486977131,1.06538573309788,0.0196923771523743,0.0831432580786737,1.00288309926358,0.00800818869921149,0.668376356106464
0.0731187316260646,22.1734116070083,0.237642431372887,0.0671667741516704,1.47925317679908,0.00883356101243929,0.0661399654122589,8.89175006582625,0.0289262850046921,0.0288738059196567,2.44670716921897,0.00980199773352293,0.0936548323733418,1.00867425853989,0.00163562901091135,0.0792292026250034,28.2073696994518,0.0452904109912354,0.0802536025236682,2.44116367657533,0.0297331590611185,0.0739818748328121,1.0232988843187,0.0014203133559845,0.0375404710895647,1.00288309926358,0.00182909523805895,0.0776964458214199,1.01158236655188,0.00696220569471575,0.372075088475566
0.0656588634025686,9.63304674477083,0.127682196941556,0.0917595510615668,1.21274904899342,0.0163041176535442,0.0764644005836515,6.40400427119728,0.0384311592600273,0.0527817513400093,1.65938510372578,0.0176452400477805,0.0861393240106006,1.035151107089,0.00150863303162158,0.0903801385262676,4.8997344482741,0.0509176799629129,0.0988570633539661,1.63137250428789,0.0346323576262938,0.0773704831587019,1.00288309926358,0.00121791977964573,0.0684365643121127,1.00288309926358,0.00910192767588954,0.0991423865449176,1.00867425853989,0.00815436398275476,0.305595595962026
0.024884031466194,7.30276577043746,0.0296253906283908,0.0787146111358385,1.21274904899342,0.0117392430442468,0.0892636988402142,4.29198469417562,0.0498502522334996,0.0949416061091571,6.57065680511724,0.10351417640559,0.088041680860083,1.02035709353375,0.00232238670711874,0.0811248182406965,3.77045792255574,0.0375780729585234,0.088422703031191,1.4455729400936,0.0267035322510354,0.0780599068057519,1.00288309926358,0.00158059238217648,0.0855229808614488,2.0657547958787,0.0239733388575933,0.0961846476160776,1.00288309926358,0.00744606752655425,0.294333052994729
0.074661043306152,12.6706823189462,0.187021905300362,0.0753334890934474,1.00288309926358,0.00592875508162639,0.0744241006215023,1.41673238639154,0.0211517714445585,0.0123149798354047,1.1,0.0010444106527612,0.0928251914732436,1.00288309926358,0.00240695726859952,0.081156462871896,3.0557743442915,0.0349958945300382,0.0845743023437139,1.07462716439149,0.0197346717333339,0.0910623519438815,1.00577451078852,0.00215877212599281,0.0361336571288068,1.00577451078852,0.00240159085792675,0.0862149078846928,1.00577451078852,0.00248660276728041,0.27933133176248
0.0964766710876426,15.1243819041304,0.314406439783845,0.0914152148683431,1.28093437865255,0.016492268017291,0.0867691467147439,4.94223601165526,0.0486219233535401,0.0250940928611914,1.1,0.00400036373589817,0.0949572935923389,1.01158236655188,0.00183164300816833,0.0810537047970256,4.21848286189654,0.0386771801170186,0.0794243462418035,1.3490638599235,0.0215101354139511,0.0904430664172629,1.01158236655188,0.00110678365466909,0.0815820919743765,1.32214875407135,0.018417060530206,0.0762743279868662,1.01449885892793,0.00443476367090449,0.469498561285492
0.0796127703119698,18.5761147913694,0.258279359940698,0.089241123414629,1.00288309926358,0.0037017530560145,0.0940303010156032,3.48847535295163,0.0519045378639521,0.0877628492493123,2.54648697994468,0.0490365834614281,0.0829881021947405,1.01449885892793,0.00118791584169034,0.0915522076033798,5.6910027726913,0.0544118462393865,0.0909256298310981,44.8397224504315,0.0598148177414344,0.0925503983065431,1.00577451078852,0.00211071772480801,0.0736716690802893,1.26991877487462,0.0149074050084599,0.0789906705184405,1.00288309926358,0.00111994783477258,0.496474884712644
0.0684008044081998,44.5023764136696,0.246068217312359,0.0860350104112779,1.00577451078852,0.00554451690921018,0.0847768290768916,3.84721348715026,0.0432247945209474,0.033093383375017,1.1,0.00318042259430388,0.0988467449762385,1.00577451078852,0.00154199534137225,0.0959280524293717,1.47500060364494,0.0312133485353746,0.0838609039398266,2.83539228475476,0.0344092100078737,0.0989634248232251,1.00288309926358,0.00380217071200387,0.0709437842150853,1.15815301335288,0.0133852946401696,0.0612343916446494,1.00288309926358,0.00305061150118829,0.385420582074803
0.0676972821003708,7.75401379770222,0.11049384757835,0.0861605527657067,15.6782947440786,0.0193203642993398,0.0632563075344418,2.92662172166501,0.0220823307890048,0.0449089930499487,2.22035947749381,0.0173804580746113,0.089384898197883,1.00867425853989,0.00210552932112428,0.0848713756899874,5.22010717715947,0.0450017012478539,0.0677481721619904,1.04112859832463,0.0142125558855755,0.0998491122431089,1.00288309926358,0.00158597669865864,0.0988142347123479,6.62911211113257,0.0440596508438806,0.0995507247537034,1.00867425853989,0.0053453584488322,0.281587773187231
0.0515746708792407,11.630573971469,0.099923476993474,0.0725776127831605,1.15150364314254,0.00975083050740421,0.0586411539888657,2.55624161321588,0.0185071326983963,0.0878991179417476,2.39145547798865,0.0462641901274377,0.0987764835368116,1.00288309926358,0.0018165217063207,0.0725082078417738,1.98987000774274,0.0238608542175027,0.0969687215487342,1.32214875407135,0.0284236419857831,0.0903354413070425,1.017423759841,0.00137834549216887,0.0839867380258224,1.00288309926358,0.0161902291212613,0.0930836428599781,1.0684573459204,0.0117903978597487,0.257905620709498
0.082764882000721,8.44744599608106,0.151901599032984,0.0877389012835785,1.00288309926358,0.00575318920309088,0.0607672173012116,3.91424641100743,0.0217648275666792,0.0518738422248274,2.50323538406092,0.0228737273176528,0.0940436485864787,1.00288309926358,0.00219952707938721,0.0963243148144801,2.50524216415549,0.0452109985654665,0.0629904466991986,2.14453349218355,0.0179580462017481,0.0874364971719486,1.01158236655188,0.0012284257032802,0.0976620641100225,1.43727338940046,0.0267890706774481,0.0973929635205974,1.00577451078852,0.00580582396307099,0.301485235310808
0.0942906546033918,18.6292275691961,0.349520999233666,0.0776601419555172,1.00577451078852,0.00453558162930935,0.089284404872353,3.10007958542497,0.0442879724044015,0.0597100372934875,2.71932165925039,0.0295537483145986,0.082912642694994,1.035151107089,0.00139157219234821,0.0581811886038891,1.8570226648111,0.0157922405023468,0.0650908552654151,1.91126246166401,0.0182853723258566,0.0914100775416122,1.01158236655188,0.00217108269831806,0.0990675353784715,2.43414579263315,0.0352278655841403,0.0780160608562456,1.00577451078852,0.00494567236214719,0.505712107247133
0.0988344656243594,10.2282860659776,0.225755586501667,0.0872467653124291,8.34603823722249,0.0194545377265918,0.0801723111734042,1.09335121002246,0.0189920752845749,0.0925717756478613,2.88735231678598,0.0588547312214598,0.0988583379721245,1.00577451078852,0.00178660190969611,0.083347590229649,3.19062650772569,0.0375183972308811,0.0839205157178952,1.59422875299434,0.026153703213475,0.0834328625915565,1.26991877487462,0.0025273776069244,0.0698434552441015,1.00288309926358,0.00457681310693086,0.0562467987365821,1.00577451078852,0.00212272459533327,0.397742548397534
0.0558678690028884,13.7252079548169,0.122334703276288,0.0918470334739086,1.64552345116496,0.0178723498658391,0.0956337344102387,1.96708649096514,0.0392963004257031,0.0964298424062337,3.81958376143281,0.0779982190864329,0.0980489466987272,1.00577451078852,0.00141992702943751,0.0955974486025177,9.418754960271,0.0672028149268741,0.0684236814713018,5.07196553857306,0.0256069364343047,0.0930704957941349,1.00577451078852,0.00117052688797137,0.0995191021949902,3.82512526006857,0.0405372999506319,0.0884136934470599,1.00577451078852,0.00464448714631481,0.398083565029797
0.0867243243258343,16.8095552308392,0.283549828651107,0.0579699580969495,1.00867425853989,0.00147610944883213,0.0951357387484996,1.94456383978917,0.0387259916293271,0.0888399204931789,5.58381421859605,0.08422264097889,0.0960940738718665,2.03623175886238,0.00318757400626413,0.0803495057713425,4.91386086905364,0.0392806783384539,0.0605544753172939,4.24284253669373,0.019234163391183,0.0989489851801226,1.00288309926358,0.0023451223363265,0.0994213177339585,13.3438551917019,0.0479531046548355,0.0649437536072114,1.00577451078852,0.00390855995514311,0.523883773390362
0.0863514776603264,32.6939448974803,0.379534776126019,0.0770101942785543,2.18818996107018,0.0126890048965614,0.0984437616864456,2.04210241714683,0.0422604570596067,0.0332663529848774,1.52316984280935,0.00933662916613049,0.0856950234956538,1.02035709353375,0.00166743851049745,0.080933135523733,1.32596064017055,0.0224932896882883,0.0995185457979176,3.33142973427318,0.0525384506110757,0.0856600757192765,1.0232988843187,0.00126701923222742,0.0738581155764234,10.690727303607,0.0218028686423634,0.0820172054438005,1.1817296425721,0.00899972880209448,0.552589662734864
0.0629114833397094,47.5228332298145,0.209400656363872,0.0857959815868264,2.0598161414781,0.016176338116519,0.0862452215479408,3.46844676966084,0.0432592281860812,0.0813625421645278,2.43973149543952,0.0427871596122362,0.0809752000955865,1.00867425853989,0.00110943793141469,0.0987272120261199,5.64206206761865,0.0653005568757643,0.0992247899603845,18.4211326150377,0.0731024656239105,0.0996011553706652,1.01158236655188,0.0040406777217822,0.0992496079187277,1.06232295058138,0.0226678844240641,0.0780263538832371,1.00577451078852,0.0077755185036126,0.485619923359257
0.0978648767155388,24.0188079626047,0.432303977142095,0.0969824788218332,1.16484078042324,0.018077241308041,0.0910770848061358,8.27426512232383,0.0609399428183436,0.0924700961871306,4.13747106169001,0.0770179881835408,0.0974580203562318,1.00577451078852,0.00277358091332095,0.0622480162017268,1.7230944249062,0.0172354199498075,0.0945174857782019,3.26496454563336,0.0464114961859438,0.0998404557455183,1.00288309926358,0.00184540261876778,0.0665609788057941,1.00288309926358,0.00782019973800208,0.0603492317819979,1.00577451078852,0.00105387996653114,0.665479128824394
0.065705091280798,16.8095552308392,0.174884026804942,0.0999795810425281,2.26510726072284,0.0239414273440569,0.0746853789433324,1.08707389011608,0.0172894871824602,0.0806052140429342,5.25886184986271,0.067560660455498,0.093082164015205,1.00288309926358,0.00255020448237636,0.0853478736545436,12.2045460501459,0.0518106245358817,0.0901060375265443,1.37256962462899,0.0264708343308096,0.0982798160872131,1.01158236655188,0.00160980118909483,0.0758579923526362,1.4963864293158,0.0167973618331201,0.0577887658023003,1.00867425853989,0.00195577101527472,0.384870199173514
0.0929553880880285,10.2575307541953,0.211634419791648,0.0881853890265893,1.06538573309788,0.0143122128490885,0.0789170688709537,1.20926262481036,0.0203809772753747,0.0742594864703012,3.99811634044919,0.0516426838731356,0.0875499952044664,1.017423759841,0.00196230669071185,0.0777664790188707,5.28056837192541,0.036876828102437,0.0941731326556008,8.1325652583707,0.058163644293711,0.0916453240191445,1.0232988843187,0.00142423849381432,0.0853356045539884,2.68446171339143,0.0258136519061877,0.0650858396572959,1.00577451078852,0.00267126319791343,0.424882226474022
0.0761759331506547,28.4255709888153,0.277824138199879,0.0976537159353017,1.00288309926358,0.00189038340218177,0.0432088794809773,2.46233896144414,0.0107666784231021,0.0721247345001956,1.75188849961561,0.0268102523488777,0.0916529432756924,1.00577451078852,0.00167033856109318,0.0881885905949554,1.28833114804146,0.0247818735125799,0.0900168200319108,2.45526020256225,0.0372491141545079,0.0989467879120509,1.8463608342542,0.00411897720314142,0.0993126821748706,16.3701822092467,0.0485908046552887,0.0790722808711943,1.00577451078852,0.00678462184244597,0.440487182303098
0.0823207409288085,17.8482409665669,0.268102354803307,0.093387933003821,1.00577451078852,0.00130114671792038,0.0501636024196198,4.55947384416678,0.01548964620872,0.0935073814334648,4.23306233473648,0.0795849765721164,0.0978172585642284,1.00867425853989,0.0019296956979549,0.0976197152436238,3.50861959151272,0.0545702845362564,0.096425106423578,1.05015961695978,0.0225921238508254,0.0984086060494604,1.00288309926358,0.00167683228576591,0.0987300051601221,1.26991877487462,0.0254340233778796,0.0939097450784348,1.00288309926358,0.0109030663222308,0.481584150372977
0.0915330904192451,36.7540973166764,0.445870522413753,0.0778737326696045,1.00288309926358,0.0105995563900923,0.0680905435118712,2.96051892720402,0.0254177787847877,0.0790626925281257,3.48607928434492,0.0531949827039647,0.0978819651432763,1.01158236655188,0.00188126376602997,0.0727157965676152,2.69996316651677,0.0270899236371287,0.0873707563922649,1.7683242002651,0.0298591912639307,0.0943042507922031,1.00288309926358,0.00296566089897298,0.0893346684649917,4.85759838400825,0.0322418671069008,0.0890314788257617,1.00288309926358,0.00709969907368946,0.63622044603925
0.0436519504444751,8.66732497484296,0.0675148932027856,0.0598135077940827,1.00288309926358,0.00182980367970376,0.0578249646537064,1.39247031798524,0.0142042462294261,0.0982673431423964,3.10097900238478,0.0678403690450702,0.0923918934656471,1.00577451078852,0.00105113225452964,0.0953374522975579,3.63195145450856,0.0525315982703034,0.0902166073756323,1.64552345116496,0.0300940889973018,0.0828491573526668,1.04112859832463,0.0018662887859624,0.0978232732555509,5.79016143825715,0.0418686451774356,0.0610426022255236,1.00288309926358,0.00280227874054388,0.281603344383062
0.0332037885957716,9.57819653499228,0.0486719590904011,0.0986911255463274,2.52697328239242,0.0237820647780387,0.0715100269527743,1.1028352210931,0.016545656095696,0.0504451696608107,3.76544431297133,0.0259042950894773,0.0792396977418452,1.00288309926358,0.00127076101724625,0.0951172576312011,1.68871705388817,0.0343634291642925,0.081983393873121,1.017423759841,0.0180475606997047,0.0976603424023844,1.00867425853989,0.00359819516161109,0.069893426772505,1.7230944249062,0.0149788495223391,0.0954312703853571,1.44974067037263,0.0135986289921808,0.200761399610988
0.0302296412471553,8.8170814218763,0.0413709850745878,0.0670850382684356,2.39935784176774,0.00943622019648958,0.0677408496658206,1.31834782642385,0.0175646985499967,0.0334925999248851,1.91401474035978,0.0107980168775394,0.0943791278793005,1.00577451078852,0.00174691485152862,0.0981707201899314,8.32204495553973,0.0700332451923183,0.0996023536500611,3.31230280598519,0.0523364295848642,0.0859989669225227,1.017423759841,0.00236444556783747,0.0871082482942843,1.00288309926358,0.00592198222449192,0.0901584540324757,1.00867425853989,0.00935990130902162,0.220932839428676
0.0470582917692521,4.98118288813968,0.0459169950316161,0.0918268261372068,4.53329627591397,0.0212681238383819,0.0845957956707027,1.6984685687346,0.0292318001279899,0.0830809853553959,1.99776640374531,0.0361278078760871,0.078794531209822,1.00867425853989,0.00118532848597806,0.085182674467804,1.76324060258228,0.0297161287120452,0.0801126290112106,2.49085867387056,0.0299037577457565,0.087644939643529,1.25899790157518,0.00290338032246389,0.0848816873931768,1.00288309926358,0.00800639714220865,0.0671110977241328,1.00577451078852,0.00438405620212577,0.208643775484653
0.0729829618853499,50.6036082141855,0.28848566019621,0.0961425242479809,27.4068715821386,0.0265954889133661,0.0562778573982125,1.69358579278262,0.0149650427832733,0.0883355489300011,2.64277970877332,0.0511265105126814,0.0975798310678046,1.01158236655188,0.0015267397409319,0.0605896431149348,1.77853540743712,0.0166282456432108,0.0582779251085916,1.00288309926358,0.00688712763037966,0.0922499032204694,1.00288309926358,0.00321036903720971,0.0799979576907975,2.33798763817471,0.021497819709343,0.0917617055010041,1.00288309926358,0.00372439277884897,0.434647396945455
0.0387520977854204,16.5712936542063,0.0726099564236938,0.0748236125413471,2.51970871206025,0.0121128194179375,0.0870812484779684,1.12205075712963,0.0214918078153413,0.0833450292280847,4.78600361187276,0.0693575108023665,0.0994138575992063,1.00577451078852,0.00332081731361548,0.0917502160001375,12.7431360287119,0.0628440307369209,0.0492872295923082,1.00288309926358,0.00318461528744295,0.0919900096148764,1.00288309926358,0.00252495051898655,0.0996205045662802,1.00288309926358,0.00728780027220204,0.0641808821543776,1.00288309926358,0.00111049166260656,0.255844800251114
0.0514461250794485,37.8185940234217,0.136702022998159,0.0796587328018372,1.00288309926358,0.00678242156397452,0.0593819011624469,3.81412874828321,0.0207859762596645,0.0426551261752043,2.47480988369298,0.0170118572248965,0.0782871421405456,1.00867425853989,0.0013928773639183,0.0795130812731671,2.44116367657533,0.0310261430264823,0.0897980184496615,1.61269369477906,0.0295127567028595,0.0923719284644023,1.00867425853989,0.00129901460690087,0.0659410556943678,2.85176528809274,0.0148736082338609,0.0815736557868426,1.00867425853989,0.00825311028941379,0.26763978827013
0.0415619812627281,4.70471425294448,0.0375734804799786,0.0532840066652756,1.00577451078852,0.00233149185090331,0.0877290815728267,7.65545473146367,0.0545191783767895,0.0943106686827112,2.47480988369298,0.051991172158088,0.095221723931164,1.01158236655188,0.00147742897303045,0.09550646891295,2.87650223749675,0.0477687558323721,0.0740289169203763,10.6599934842429,0.0332140659039412,0.0996000620449188,1.00577451078852,0.00236978848203608,0.0949769060288076,15.2772790540943,0.0425221546499229,0.0776034889021756,1.00867425853989,0.00163236890583974,0.275399885612902
0.0793261310028639,17.3458586273837,0.247693582540545,0.0943803315067066,5.82359678794962,0.0236612941239842,0.0851951528578849,1.57597523020146,0.0279681366037877,0.0980198885247338,4.77235849719631,0.0932193277786349,0.0833128837722784,1.0232988843187,0.00134103302073572,0.0677247863805553,1.74305193613896,0.0199619982285107,0.0516296465976174,1.00288309926358,0.00824501403716593,0.0844730848519823,1.00288309926358,0.00148985501955803,0.0977385389935902,1.48779514022745,0.0274535683063884,0.0934098346767341,1.4455729400936,0.0128575528931193,0.46389136255243
0.0622794335319607,28.5883520015159,0.187645748169337,0.0912761873764001,1.00288309926358,0.00746938905672155,0.0576143712708429,1.00867425853989,0.0115712894338422,0.0677638024092708,3.25520374465991,0.0398088730796324,0.0907172375170975,1.00577451078852,0.00228843278397698,0.0902441938554715,1.23033252636976,0.0245097620630425,0.068329895564408,2.15691712397049,0.0209140169077947,0.093023773743758,1.00288309926358,0.00184988115201755,0.0655112115007644,1.00288309926358,0.00110593839849649,0.0954097559565938,1.00288309926358,0.0100097736185157,0.307173104663377
0.0852884687506696,33.930232062954,0.371786052797542,0.0885897406155614,11.8241026687353,0.0206492136382398,0.0732858554781359,6.92165665438525,0.0353179481136389,0.0972204222467937,5.50466825898689,0.0992995231146086,0.0758375221486481,1.00288309926358,0.00152739756634206,0.0568402144419782,2.69996316651677,0.0169807164650444,0.0684675649378112,1.035151107089,0.0143551582057513,0.0778916619947731,1.00288309926358,0.00177994841735771,0.0844118692383391,2.74700667630971,0.0253241618354955,0.0955311291577851,1.2232687477884,0.0130146775836955,0.600034797737716
0.0412635181724546,5.76196399650408,0.0466138725082423,0.0722292906980087,1.00577451078852,0.00375450109284841,0.086346406629952,1.4963864293158,0.0274154474080758,0.0827759725687092,2.12121116111042,0.0383282543441037,0.0949824693178885,1.01158236655188,0.00252278207065027,0.0966390470350589,7.81129753947542,0.0665756519435905,0.097042214677803,8.03944940844679,0.0629366861776575,0.0805747047552066,1.00867425853989,0.00226053010484771,0.0613916759097925,1.00288309926358,0.00552522542476788,0.0815005831061932,1.17494491051044,0.00889936331289527,0.264832314387679
0.075940261993,7.73190675055959,0.125818657365311,0.0493076735418606,1.00288309926358,0.00192724514099401,0.0615134840467589,1.18513668643434,0.0141522857063288,0.0974532418944735,2.94563894269851,0.0640338872877721,0.094530194624442,1.01449885892793,0.00155753137335351,0.0762580202281969,4.61228334151361,0.0343772151325364,0.0907896652627605,2.66904925964653,0.0395381788656057,0.0816872876243844,1.00577451078852,0.00107092498404471,0.0738857498853635,1.00288309926358,0.00208199229188275,0.0719433836283651,1.00577451078852,0.00651213682906055,0.29107005497689
0.0992588276868092,12.59853592522,0.280206841030143,0.0955996622101245,4.62558101221893,0.023729379206875,0.0769314953583206,5.99369202303595,0.0385177864456183,0.0682835721845509,2.07923784264396,0.0296411697903532,0.0950495241076539,1.02920793476607,0.00173503599082631,0.0465487535205624,2.04210241714683,0.0111377163211985,0.0748915690984094,1.55793070570556,0.0213214972370565,0.0973176161853735,1.00577451078852,0.0032830550972495,0.0836268905899915,5.92506573979369,0.0282973137829678,0.0848967886639274,1.00288309926358,0.00719929624178285,0.445069091144071
0.0422023465197617,19.667724786681,0.0863025613397433,0.0776173745969335,1.23033252636976,0.0114726140100235,0.085552035640674,1.79396288338358,0.0307933579176275,0.0707031962953868,3.30200696911832,0.0429823994870702,0.0811404537041266,1.0684573459204,0.00138835806852973,0.0739521201920812,1.31455782572457,0.0195764784418124,0.0999444795580661,2.81100886708374,0.0491372758087008,0.0980066274574974,1.01158236655188,0.00338337216072123,0.0973481369697208,1.00288309926358,0.00477874398656179,0.0939148585772299,1.00288309926358,0.00494288592812298,0.254758047148913
0.0935408792213976,27.863101977913,0.423740879158743,0.0719561347923563,1.00577451078852,0.00263699402196299,0.0954455753026254,2.02454102487246,0.0398888572057073,0.0918079582872929,5.31926478442073,0.0875759955333553,0.0952109511023913,1.01158236655188,0.00225671810024038,0.0987884790675297,1.21274904899342,0.0268665454262651,0.0785809186772289,3.90299369276608,0.0328846925028052,0.098978386749176,1.53566531100084,0.00410921233066307,0.0978845931187686,1.00288309926358,0.0130891623758532,0.0809415655796942,1.00577451078852,0.00195615028718751,0.635005206942783
0.0798211836960339,8.20967199428533,0.141584751327008,0.0873861137276832,2.52697328239242,0.0174934519263445,0.0867598836549537,1.16484078042324,0.022177896431036,0.0552603555172903,2.37783861946827,0.0243962311931336,0.0901088542495071,1.0232988843187,0.00164285523735339,0.095516247451035,4.37935702804035,0.0561078265508897,0.0596356171004509,1.07772542117776,0.012073090656079,0.0920110248276498,1.00288309926358,0.00149448939617029,0.0883303533480017,1.02624915657849,0.0183627189484379,0.0813970083506732,1.00288309926358,0.00262405755842766,0.29795736922488
0.0485704327499421,7.26118409383141,0.0690883580892614,0.0915446562017959,1.19198027101602,0.0161474978009954,0.0782296782057483,2.30457394564778,0.0303264033122392,0.0648217394210128,2.64277970877332,0.0328300374543775,0.0891332330987688,1.00577451078852,0.00214391112289491,0.080585338374374,5.01389279437678,0.039656110090654,0.0773828002452341,11.1946946742062,0.0368851148343514,0.0953332691978747,1.02920793476607,0.00184664886509335,0.0536386551904992,1.00288309926358,0.00160479334993216,0.0642122229540651,1.00577451078852,0.0021274366787148,0.232656311598514
0.0949176577885077,12.0016436540992,0.253161585254085,0.062255579265742,1.00577451078852,0.00148651015939498,0.0944347341386076,1.41673238639154,0.0297221855120317,0.0766316073009339,1.91948728619639,0.0316146929581688,0.0941467328433359,1.00867425853989,0.00289981056824334,0.0945140678500219,2.63848930932274,0.0447287149173664,0.0998632710095696,14.3810119566121,0.0728437466035829,0.0741881918218919,1.02624915657849,0.00131027456441637,0.0978910456997588,15.1023580078497,0.0462659480055492,0.0845565074520464,1.00288309926358,0.00493134517119288,0.488964813714032
0.0590254123035218,7.95584339636854,0.0954896257175757,0.0824788437602979,1.00288309926358,0.00511513262777174,0.072003267638693,1.28462743961633,0.0188066853034029,0.0607140791224169,2.68077751831343,0.030089448743569,0.0943525606306891,1.00577451078852,0.00229426142459141,0.0908345350917347,2.51246502599404,0.04063355441983,0.0884595523345466,1.51808232505612,0.0276856425677522,0.0848917801936479,1.00288309926358,0.00252149053798905,0.0785001677412651,1.03217524340486,0.0151316493509709,0.097837394082603,1.00577451078852,0.0107633008651904,0.248530791558643
0.0518162298906637,9.02078944184909,0.08780472529488,0.0670584293101083,1.00577451078852,0.0048077690517128,0.0676025722054174,5.2653877364201,0.0284558247051763,0.0399337502519429,1.1,0.00696860123874311,0.0949843956016983,1.01158236655188,0.00135793592311705,0.0759582328486188,1.1817296425721,0.0187856597302348,0.072981204171336,3.54925770971272,0.0273748618315316,0.0970618318705789,1.00577451078852,0.00184482618717069,0.0769463088707676,1.51808232505612,0.0174446030944999,0.0945916715109001,1.00288309926358,0.0061036981358149,0.200948505192881
0.0813883585397095,14.4078203355768,0.232444444589383,0.0959463011632395,1.00577451078852,0.00891192630619046,0.0776098127478037,7.52435222533039,0.0408962665507581,0.0663310645131964,5.38036150303456,0.0471046283184857,0.0967294899674692,1.00867425853989,0.00136257416533032,0.0969146761654391,1.1028352210931,0.0237450892423345,0.0990404680590048,1.40051115285914,0.030745751673939,0.0996027880456529,1.00577451078852,0.00297522341868345,0.0474854811037341,1.00288309926358,0.00348182285907133,0.0905263014427349,1.00867425853989,0.00192491408692791,0.393592641211104
0.0661034802795647,22.6857015086642,0.197368729810264,0.0973999596786138,21.273157622404,0.0273786615490184,0.0633773901163758,2.57100265798945,0.0212439189938064,0.0170467914130595,1.14813276919005,0.00351192637063861,0.0904132823363627,1.08707389011608,0.00260935225476781,0.0845608351278228,2.27818714703702,0.0336557806877992,0.0895552393380795,5.25025074237118,0.0472754273527138,0.0935980695516713,1.00577451078852,0.00213829331195309,0.0754187627606962,6.2943333190863,0.0221062066350771,0.0986070141293302,1.00577451078852,0.0120863590473317,0.36937465601337
0.0740426498222307,9.855606658283,0.153353552515329,0.0947107844086137,1.00577451078852,0.00578131718702554,0.0898113536340048,4.29198469417562,0.0507282101756094,0.0959745308820227,4.67792578502157,0.0885735671526393,0.0967245655483368,1.00867425853989,0.00124495346509075,0.0806024961048496,1.05622377499757,0.0184186449715348,0.0972944500639338,18.7420980057214,0.0692978287414813,0.0748152767607746,1.00288309926358,0.00115966731400733,0.0851145374807207,1.16149208345279,0.0185870214585942,0.0814112372180704,1.00288309926358,0.00523572229454088,0.412380485275853
0.0544536593626073,48.620790909634,0.156488964232127,0.0978136413103569,1.00577451078852,0.0155743700106781,0.0788067549612552,1.05926897298544,0.018021072194815,0.0781819267778135,2.53198737781993,0.0418360781231898,0.0986787989748367,1.01158236655188,0.00125756001912548,0.0977866296922055,4.0401882420282,0.0578310808191364,0.0986381710870262,2.02454102487246,0.0399586202300317,0.0732053816609459,1.00288309926358,0.00166700536622034,0.0866569510857744,1.00288309926358,0.00320124833354804,0.0996028986672852,1.14489244934213,0.0142104776823739,0.350046477011246
0.0913572182525826,10.8913578086212,0.22009150050512,0.09973372994902,1.32978351631576,0.0201109024621295,0.0854278157195204,1.55345194953386,0.0278196947391504,0.0631148903875436,2.65033593746234,0.0316300121698438,0.0858147132860806,1.00288309926358,0.00214181190579989,0.09715229681332,1.5850757161707,0.0336692577326043,0.0957547641191034,1.28833114804146,0.0273395560503681,0.0952577295168629,1.01158236655188,0.00177985332803546,0.0910316092463015,1.26991877487462,0.0219994629221311,0.0993649588532835,1.00288309926358,0.0118991222950232,0.398481174110206
0.054384224601829,23.610853088384,0.139339414021058,0.0860815506049851,1.97844545312916,0.0161360555905487,0.0553996201576794,1.65502554408647,0.0143929818479005,0.0961673266959985,5.56789450947679,0.0979597127575537,0.0904799319071951,1.00577451078852,0.00232222393348973,0.0855656731860797,1.77853540743712,0.0300586154531002,0.0558107776281997,1.00288309926358,0.00195527985918571,0.0825610893236359,1.0232988843187,0.00190590183521008,0.0678458026087006,7.99329205722658,0.017601771820605,0.0924793959736019,1.00577451078852,0.00911568174239196,0.330787638861044
0.066461331787126,22.2368097662882,0.198351927947104,0.0558120031152845,1.00288309926358,0.00278491742684635,0.0961503357866121,2.44116367657533,0.0454893145929833,0.0871868778459926,7.47148735576046,0.090495105754899,0.093038649009696,1.01449885892793,0.00106190500581706,0.0999657658435644,1.78366310156055,0.0386104043021643,0.0853402126525424,4.8997344482741,0.0417533550489921,0.0825501525110679,1.035151107089,0.0020790609113304,0.052678334694986,1.36076598863131,0.00834355683403927,0.0974699131778102,1.00867425853989,0.00232037446051653,0.431289922284692
0.0765411728712106,7.95584339636854,0.130788205116278,0.0676836211955737,1.00288309926358,0.00202107324557496,0.0961668221041441,3.34103457688672,0.0533106690175879,0.098251869025643,7.77618405325504,0.119205430454865,0.0940590730359063,1.00288309926358,0.00158347773890783,0.0713516016357055,2.11997911696849,0.0239172860304847,0.0933457669094885,3.97099851752979,0.0481379325995782,0.0973495076965307,1.00867425853989,0.00178548673263257,0.0773883382651708,1.00288309926358,0.00962597226958165,0.0623587265679639,1.00577451078852,0.0033678670012909,0.393743400206782
0.0723662932612072,19.667724786681,0.221524498119028,0.0868033905807818,7.94739971184986,0.0192100426304493,0.0585253617377125,5.79016143825715,0.021488154914627,0.0778343093911007,5.44215997446137,0.0644121449663274,0.095560827477936,1.02920793476607,0.00197694854743547,0.0933333627772003,4.45566189315493,0.0535504425935857,0.0999305124116413,1.89482624889294,0.0392704378380889,0.0854784186961699,1.01158236655188,0.00213227050151142,0.0564437052493246,1.47925317679908,0.00964610515983466,0.0730220270001561,1.00577451078852,0.00232939661510529,0.435540441885993
0.0922201050592077,10.3162712187099,0.211374362471792,0.0846014994676181,1.00577451078852,0.00506691271221638,0.0642392968327028,1.15150364314254,0.0147900932364043,0.0580633355199466,3.93020909662063,0.0333976838864549,0.0919484402337587,1.00867425853989,0.00210998432392388,0.0877704042964738,9.83440721077889,0.054463777119964,0.0829937631921047,8.44270511134198,0.0425155309762688,0.0889987863620896,1.00867425853989,0.00124224384392944,0.0964288166285483,15.8598865007128,0.0444192641410172,0.0727691245370709,1.00288309926358,0.00206570805109107,0.411445560763062
0.0579788677043293,10.5847939392166,0.113786112355282,0.0783805124064268,9.15145972170511,0.0149505253802139,0.0906417312062373,1.669381663546,0.0321273332410507,0.0818995894331514,3.5261201572349,0.056785380607549,0.0914655163304616,1.00867425853989,0.00117154904605725,0.0616575635337252,3.19062650772569,0.0206067952955756,0.0772585694384912,4.99947880072813,0.0332165989934994,0.0962283591580528,1.00577451078852,0.00161419205826174,0.0593673513000524,1.00288309926358,0.00337662247312296,0.0697745885614519,1.00288309926358,0.00554166796787682,0.283176777418489
0.0908504467259599,50.0289787194642,0.475049380673279,0.0933162562605475,1.00288309926358,0.00297698432874031,0.0798298236654705,2.17562678075294,0.0305399572875562,0.0529780002216744,4.49462912845335,0.0297665402169802,0.0917665023588425,1.01158236655188,0.00167836583102451,0.0775437717392772,1.83576021707557,0.0258518540962742,0.0963778009149526,1.09335121002246,0.0235443589909485,0.0957313622198144,1.00867425853989,0.00267281133676561,0.0692279735185684,1.09650345009091,0.0125238374095111,0.0744088331095425,1.00577451078852,0.00312900327630134,0.607733093447381
0.0918236632045486,10.4945186167053,0.213892647356236,0.0849436816962004,1.00577451078852,0.0122764511795739,0.0909268120611673,6.34893199363231,0.0578974779533466,0.0937622237158235,2.31090854327273,0.0480520355922857,0.0893062252419144,1.00288309926358,0.00116204656480923,0.0645986255382657,7.50272113554967,0.0257267449909896,0.0892457118494068,10.6599934842429,0.0520827467407981,0.0990860679199268,1.00867425853989,0.00274272407496478,0.0920847091428676,10.690727303607,0.0380139624509124,0.0936842458378605,1.00867425853989,0.00438965940884805,0.456236496312764
0.0993034177788337,44.75722237272,0.573011052624749,0.0570083303515444,1.00867425853989,0.00447933960654688,0.0956183811326115,1.53125056362849,0.0323113871809205,0.0520790924991036,4.79968774062468,0.0294765964911756,0.0844467540284761,1.03217524340486,0.00103897240743729,0.0739492413637943,3.1450272019994,0.0292430421820458,0.0720494912075343,1.12205075712963,0.0163948105218578,0.077760702953674,1.00577451078852,0.00133561770617482,0.0538466773494793,1.00288309926358,0.00457509515924846,0.0847437395690741,1.00867425853989,0.00816652266609119,0.700032436546247
0.019855069573353,4.54625413722128,0.0165531500452136,0.0950417781694549,1.00288309926358,0.00206526941416803,0.0810370646160924,2.012917411563,0.0300578245885867,0.0787085418017907,4.26947573123761,0.0588802433089333,0.0904195723126918,1.01449885892793,0.00162072853978883,0.075344497856476,2.2008256876077,0.0266850609845199,0.0942235752591505,2.96051892720402,0.0444297144208663,0.0996629598361943,1.00867425853989,0.00210776878088195,0.0960572926421927,1.4920846013006,0.0265390138227382,0.0711487883205198,1.16149208345279,0.00654059185563376,0.215479365761331
0.0997363598744097,17.7466137465261,0.372177912312193,0.0769659910568503,1.20926262481036,0.0112013878788658,0.088065641540983,3.62151028088471,0.0456770261314417,0.0694998903947201,3.81958376143281,0.0450322434981361,0.0974537594279523,1.00288309926358,0.00101962456772844,0.0922939107585486,13.4209094274668,0.0640640988957449,0.0979038532408016,1.09966477838038,0.0241390608720107,0.0896339048796197,1.00577451078852,0.00143435697619001,0.096629545289675,1.63137250428789,0.0279921077940946,0.0958841531407893,1.00577451078852,0.00845791169612501,0.60119573062253
0.0853038971062711,17.2470919536917,0.280657421309069,0.0829918194054813,7.12382395041967,0.0169188208360024,0.086517090352867,1.51371812544339,0.027875450029221,0.0937848642182793,3.0051021935558,0.0618893122045846,0.0997627349480044,1.00867425853989,0.00320999998862103,0.0635910191046733,2.61579919085284,0.0207429687621479,0.056318850837932,1.03217524340486,0.0108117375281774,0.0978654217879782,2.43414579263315,0.00404224263327833,0.0853339132616092,1.02920793476607,0.0173763535259378,0.0719383285525417,1.00577451078852,0.00615405755337479,0.449678364370414
0.0767506537738682,10.0258945661192,0.16337146023385,0.0893709280659783,1.08707389011608,0.0147551795051589,0.0990384528478139,2.13222095925085,0.0439742956364597,0.0725534203596809,2.86272673946268,0.0409789650539851,0.0863146760223967,1.02035709353375,0.00183621653741844,0.0646263938629733,4.44285270778494,0.0240767958073984,0.0985719835375966,1.11560866287013,0.0246809217884851,0.0777529203005461,1.00577451078852,0.00144287645398336,0.0625620803334631,1.00288309926358,0.00950497164046478,0.0671030494534986,1.00577451078852,0.00351765418480779,0.328139336842012
0.099056785126396,37.3891448133423,0.53581395010627,0.0679784863390072,1.00577451078852,0.00660263883023267,0.0872187336567517,3.50861959151272,0.044200956884831,0.0526104226665051,3.08332214331348,0.0257620294093094,0.0958327831175824,1.00288309926358,0.00155750629892777,0.0997397491008912,6.8227347852315,0.0706632645521666,0.0979259889247985,2.83539228475476,0.04733784257809,0.097836744959775,1.00288309926358,0.00214355925891765,0.0983182960008406,5.32637338722108,0.0416929078661321,0.0977197978237062,1.00288309926358,0.011814707908714,0.787589363693591
0.0794841754072267,22.3641504066718,0.27858529641028,0.0992176229065771,1.00577451078852,0.0106605424645734,0.0872450332682715,1.58051892322707,0.0290878609140607,0.0981033541337353,6.79967766631192,0.111980592481825,0.0801850166748851,1.00577451078852,0.001580953967079,0.088006197240223,6.45955425993623,0.050926044783758,0.0868745422740704,18.4742425689144,0.0509553486526334,0.099264460148074,1.00288309926358,0.00122071975703679,0.0662666731009172,5.41917883794353,0.0162521549863482,0.0936983611867273,1.00867425853989,0.00822586540365169,0.559475379821246
0.0765978150464809,45.0135277249103,0.31436656236964,0.0734897072407673,1.86774606222357,0.0111769211098768,0.0860886573893228,1.3490638599235,0.0251570257380208,0.0636385653825987,7.60058178843731,0.0474586892248589,0.0924983756819653,1.01158236655188,0.00228522697029986,0.0866172820865972,1.11240149892777,0.0211538622487121,0.0893982932405001,24.0766133741283,0.0556975900712351,0.098499475186478,1.00867425853989,0.00103096702592685,0.098968306782205,2.04799000112185,0.0327718322617098,0.0962477085274591,1.00577451078852,0.00590200920437919,0.517000686224659
0.0423629251393851,6.4406403901222,0.0530725244719344,0.0934173616046958,1.00577451078852,0.00320521631597304,0.093953866451181,2.87650223749675,0.0476877919926544,0.0960315486224766,2.4327757096243,0.0520626065685831,0.0939047917999644,1.07462716439149,0.00290966792327801,0.0997441249725373,13.1910713679069,0.0783472641425972,0.0881800228202985,2.88479547897935,0.0384552386807252,0.0874213338932029,1.0232988843187,0.0014592373655245,0.0789211640969954,4.48139116082693,0.0236944347025746,0.0977838043661388,1.00577451078852,0.0119085239256991,0.312802506089544
0.0638032745311747,50.3154731516617,0.216824538553605,0.0842165508399755,1.00288309926358,0.00998176841760024,0.0574692773382004,6.61005466738882,0.0210156201849149,0.084238947632379,3.54631272998303,0.0595996586153634,0.0919110301456643,1.00577451078852,0.00157396944960666,0.0907126894410179,14.9294397640879,0.0617104420243834,0.0887988404861447,3.82512526006857,0.0429179102556075,0.0760047311674481,1.03813555048354,0.00104926925455786,0.0882140630952777,2.21991621862324,0.0262616705435294,0.0546828454716861,1.00577451078852,0.00189451978843397,0.442829367087602
0.0655393485536404,10.4945186167053,0.135433401381152,0.0787459388085626,1.00288309926358,0.00319882429635389,0.078090199456902,3.51873529007318,0.0351397292497648,0.0301555232531074,1.1,0.00374178351766502,0.0887427701986944,1.00288309926358,0.00248221428301213,0.0990403278055468,2.48369792620856,0.0473149549135931,0.0956797178434005,2.11997911696849,0.0389391024547593,0.0943948755882576,1.33361741419236,0.00352159660312184,0.0959694114904239,2.37188579111585,0.0323755021282447,0.0812892373125788,1.00867425853989,0.00692494044080534,0.309072049268472
0.0973773873658266,12.59853592522,0.27333688769747,0.0824959140017986,1.00288309926358,0.00853564678136688,0.0990125011133892,1.3804955427344,0.0307343402633505,0.090593396084901,3.127654059123,0.0611125380519224,0.0925053405043781,1.02624915657849,0.00233101197612334,0.0836860075469601,7.6115020308696,0.046372694933898,0.058104715855932,1.00288309926358,0.0104664303851742,0.088548383103349,1.0232988843187,0.00145797845297973,0.0845787722013514,1.54898606893921,0.0211162797905582,0.0565635818113701,1.00867425853989,0.00101495565327603,0.456478763986119
0.0805027622520564,19.3336722306986,0.268882582677349,0.0758995288670575,1.00577451078852,0.00826634818269763,0.0918807315307955,3.82512526006857,0.0510175201404367,0.0643551493526557,5.00970797899177,0.0434539882427274,0.0794251218053981,1.00288309926358,0.00152320274490618,0.0903552287568336,1.43314150019665,0.028020464613718,0.0711904231965899,4.99947880072813,0.0276675730213837,0.0973711196397147,1.46231609576324,0.00389852175316563,0.0747121987362818,1.017423759841,0.0137804016561804,0.0676730346361777,1.00577451078852,0.00234344026796738,0.448854043300532
0.0518788867407488,7.45018580439511,0.0766395270684916,0.0721960224385084,1.00577451078852,0.00458279465901869,0.099370556179026,1.46653209822205,0.0326906745286283,0.0878266522231172,5.38036150303456,0.0806368881612596,0.097795430995238,1.00867425853989,0.00239336429836636,0.0665242966307571,1.13504676028852,0.0151506355649146,0.0575936149492529,1.62668261683323,0.0139203882334457,0.0775500838729379,1.00288309926358,0.00112100481956699,0.0979984209808281,1.27358007675926,0.0251074624225223,0.0803581370243544,1.00288309926358,0.00750221877508489,0.259744958531299
0.0835601550807247,10.0258945661192,0.182322149691994,0.0937698273143311,1.00577451078852,0.00971294238195998,0.0758414365385637,4.3416960341386,0.0349332575646756,0.0858772452809658,3.34948312897234,0.0591708208476425,0.0929240960709585,2.58584894057531,0.00289368066779068,0.0976213378087293,1.54898606893921,0.0333150975300106,0.0998225050009448,19.5129342263596,0.0745237721626216,0.085863260244126,1.035151107089,0.00128016316744071,0.0511819160691234,1.92784124639408,0.00850363190884658,0.0560571610478637,1.00288309926358,0.00166891506348123,0.408324430986463
0.0592333242799727,14.6149755559616,0.138424345253964,0.0642495609536895,1.33746236557711,0.00790030352749949,0.0780817975263769,2.17562678075294,0.0293654631310953,0.0740007465152305,3.66991979386952,0.0491659081515699,0.085307118177297,1.035151107089,0.00136216141151021,0.0851770981659046,4.55947384416678,0.0438490245392562,0.0989885411651383,4.41734470314007,0.0571190402974649,0.0954286498431846,1.00577451078852,0.00117954934421522,0.0853245630673555,4.70617602490094,0.0287023258671786,0.0933047167372869,1.00867425853989,0.00870647549138287,0.365774597015137
0.0597879588320542,34.8134037078059,0.180031870965506,0.0703919816455013,1.00288309926358,0.00714871208910331,0.0558152871798255,1.62200621191813,0.0144463035742424,0.0479629881945107,3.10984531327104,0.0223237699707234,0.0947299882534265,1.01158236655188,0.00150404458375971,0.0691807777405857,1.28093437865255,0.0174435197682161,0.09414700028346,20.9691291766305,0.0643842573360476,0.0974320696255552,1.01158236655188,0.00309579640744231,0.058417858735005,1.01449885892793,0.00905900328878516,0.0831366258298649,1.00288309926358,0.00291563842509595,0.322352916408922
0.0282628933780528,7.91054312005742,0.0361141986425301,0.0963680677294416,1.00288309926358,0.00933850445702823,0.0990567053860071,3.4784466459882,0.0579638875710615,0.0800322339883338,5.11083833748834,0.0658985797947605,0.0942358499509426,1.02624915657849,0.00131552494107136,0.0903468979732112,1.52684850782001,0.0293933506812333,0.0602343770301932,3.60071789654471,0.0186554028235602,0.0992849656492521,1.00577451078852,0.00192805014871872,0.0918930168335609,1.00288309926358,0.00313038571179519,0.0615570595773697,1.00577451078852,0.00389097936195716,0.227628864133716
0.0924458524064119,13.8432741205849,0.274906161032496,0.0920977078826869,3.33142973427318,0.0207188551366185,0.0980072202370318,1.92784124639408,0.0402648075365464,0.0932566198104667,3.72268579358263,0.0727241342822281,0.0868821945438508,1.00288309926358,0.00109896489814918,0.0806480743082354,1.37652687910296,0.0230415583616929,0.0623823665450541,1.2232687477884,0.0138773301607033,0.0841668897156855,1.035151107089,0.00190383854021112,0.0962968500479989,4.88564863828298,0.0394129252371651,0.0826059263785808,1.00577451078852,0.00455340483993579,0.492501980025746
0.0779716557322733,11.0479534333989,0.180548429420425,0.0914934895162504,18.7961333346796,0.0230189065778263,0.0921735927715071,2.2071708865269,0.0397903697924408,0.0804759899096125,7.45018580439511,0.0766520812370684,0.078284130478122,1.00867425853989,0.00164350408800651,0.0871706419551202,3.51873529007318,0.0425805720103876,0.0952687606221964,6.49685502569923,0.0577327246265882,0.0994304213000913,1.01158236655188,0.00108196224649994,0.0993807582855796,4.44285270778494,0.0416604479085994,0.0946382952556077,1.00288309926358,0.0074508246628436,0.472159822570686
0.0538922631568671,6.87777830801342,0.0752033459471345,0.0968731974072754,1.00577451078852,0.00778292826914597,0.0661459972766864,5.01389279437678,0.0271416010588588,0.0166643786860028,1.1,0.0022899392955046,0.0927966850107929,1.01449885892793,0.00189483835500914,0.089460611656962,1.5896456468007,0.0298834986616105,0.0720942539890039,3.01210229799636,0.0257422743098695,0.0874457354019236,1.01158236655188,0.00123174194108294,0.0863831500504602,3.75961856902805,0.0285216773881338,0.0891789758930207,1.10920355497526,0.0108210412602764,0.210512886486626
0.0890682585645142,30.7913073057259,0.395320641494522,0.066544061729721,2.54889290196729,0.00937303483688898,0.0741636301437055,1.31834782642385,0.0200514999495254,0.0798350689498815,1.89228013759219,0.0326170127002977,0.0978093135961006,1.00867425853989,0.00217873182891578,0.0805954778024888,12.5972302899552,0.0449366006919186,0.0821874540604272,4.46850800867783,0.0372980370339187,0.096553703107152,1.00867425853989,0.00340098589771764,0.0836226626812029,1.00288309926358,0.0161921526327378,0.0766006774274709,1.00867425853989,0.00443111212712585,0.565799809193568
0.0857855027320074,13.074936320368,0.235958003680677,0.0992074372811919,1.29950646550457,0.0198392790308476,0.0800086009182172,5.46618619625777,0.041457843192992,0.0768431704790024,5.69653398910422,0.0637756224726438,0.0820698785756142,1.017423759841,0.00150425475493975,0.0603037593837018,3.99392909131044,0.020532918031049,0.0957216534245192,1.37256962462899,0.0288789827422518,0.0848975030727047,1.00288309926358,0.00152087122890887,0.0499621529345923,1.00288309926358,0.00209904334501517,0.0838034200918957,1.00577451078852,0.00822931039358907,0.423796128872914
0.0846153664893404,13.5306644560734,0.236495346451342,0.0896537351837126,1.00288309926358,0.0101301022478876,0.0992264488251312,2.92662172166501,0.0534948938114693,0.0418966840685286,3.64902340709828,0.0190635281749741,0.0951995127840784,1.0232988843187,0.00274302133388809,0.09109535308316,36.235961115318,0.0659126799709531,0.0700877668957028,1.30325307163827,0.017296825615306,0.0879048415042346,1.01158236655188,0.0024410902109634,0.0745513956844876,1.00288309926358,0.00960678578930806,0.0800441617981325,1.00288309926358,0.00363751213355625,0.420821785739648
0.0947257714481694,12.0016436540992,0.252512320726285,0.0855814947218302,1.00288309926358,0.00782971290495417,0.0711422155082738,3.6740180475533,0.0294366006447973,0.0940713099109627,2.59789259924796,0.054426246428578,0.091973664317798,1.0232988843187,0.00157363297304602,0.0593668284235315,1.68386231169735,0.0157611354656947,0.07880307187556,6.74461616851603,0.0364342461623629,0.08797688512662,1.00288309926358,0.00136171976030895,0.0756250555873043,1.00288309926358,0.0128251283333427,0.0832265198027514,1.00867425853989,0.00589621704479157,0.418056960444161
0.0704128495709759,19.8936269546997,0.212135953050375,0.0954451121166237,3.12697047724319,0.0226080236709738,0.0987889225663561,2.51246502599404,0.0486433454564495,0.090776690513676,2.33078730300029,0.0467710210670191,0.0991325227912337,1.00577451078852,0.00166953278120982,0.0853769841327388,1.52684850782001,0.0270000242017655,0.0456269241162305,1.53566531100084,0.00928654602191013,0.094279997435529,1.02920793476607,0.00305497176559072,0.0768298011736455,1.295770630155,0.0162117217742272,0.0954233202882803,1.00288309926358,0.00440621400166794,0.391787353791189
0.0608913533816288,9.855606658283,0.116905805746101,0.0990878891636185,1.00288309926358,0.00871232725884646,0.0989838112058364,5.02834834499989,0.0662775066452359,0.0705236557445363,2.3508370626099,0.0342010295836223,0.0992565024399024,1.01158236655188,0.00316962974111847,0.0890592248676017,2.77882351455518,0.0408301730656748,0.0920848055277587,28.4520477169552,0.0612313926374741,0.0942721409132859,1.01449885892793,0.00321015847665008,0.0455885707956266,1.64079288241399,0.00677099082181475,0.0737031066758916,1.00577451078852,0.00154739100149815,0.342856404978036
0.0755904787110353,30.9676358722681,0.2809608252859,0.0699244444040323,1.11882507338448,0.00900746776335186,0.0893506474565867,3.11798102843626,0.0445977242554329,0.0903320203035347,5.36502184689064,0.0854307724517401,0.0817242830736824,1.03217524340486,0.00156442685962652,0.0777898281555965,1.1988633739507,0.0196792142841116,0.0915661303593066,6.80312071291408,0.0526961501887964,0.079809912565349,1.00867425853989,0.00219570309227316,0.0929060199981304,1.00288309926358,0.0122521634330985,0.0811221410573779,1.00288309926358,0.00704135035509532,0.515425797969427
0.068869068491107,10.0833085498645,0.141387891128482,0.0976010236048783,1.50936647207927,0.0200634301863701,0.0914797780666396,2.83539228475476,0.0448054477042171,0.0695486606734578,3.49604667292942,0.0431398013979973,0.0982638361457929,1.00288309926358,0.00106688832432636,0.092608629611429,7.76645008964431,0.0596494940150473,0.0500845866303708,1.00288309926358,0.0066861313235342,0.0827657276883499,1.0232988843187,0.00100270138672756,0.0965505669363018,4.30435891208667,0.0383601937216873,0.0764865375003072,1.00288309926358,0.00297090436623058,0.35913288355462
0.0999486666703877,13.8432741205849,0.308111177599151,0.0778451100930796,1.00288309926358,0.00302812913206526,0.0951751589888261,1.92229906736858,0.038427854891862,0.0554000481389117,2.81410387155249,0.0268202078705112,0.0998949810889185,1.00288309926358,0.00227273008230609,0.0553189851979038,1.9841495077581,0.0148537037421606,0.0652168761778732,1.96143148928283,0.0185074945990185,0.0887052030766773,1.00577451078852,0.00271567942109321,0.0847063167879134,2.04799000112185,0.0233929875394079,0.0830941309413273,1.00288309926358,0.00608215393318326,0.444212118810759
0.0920393941568181,31.50270328173,0.430520120288685,0.0858110231645896,2.63090415150101,0.0168373137486342,0.0475686903712124,1.32596064017055,0.0103363309297869,0.0309778365770595,1.1,0.00203200319001971,0.0994439893843248,1.00867425853989,0.00286068280330669,0.031904779002752,1.25899790157518,0.00546031517760841,0.0529801265006529,4.30435891208667,0.014900346914885,0.0929380403416172,1.01158236655188,0.0015510824230318,0.0885201852144321,1.00288309926358,0.00769769500201453,0.0668817750061727,1.00288309926358,0.00210533627843548,0.494301226756408
0.0463892817162186,4.99542507295732,0.0452828541941957,0.0816495612348556,5.6910027726913,0.0160632926143821,0.0684983464216053,2.01872085226992,0.0224748958591737,0.0708165826814296,1.65465412107951,0.0247210590765931,0.0871328452839927,1.00577451078852,0.00132552617354598,0.0868205730629314,7.92455244054436,0.0512147646635342,0.038296364001726,1.4920846013006,0.0070165550717899,0.0869337820753546,1.02035709353375,0.00152620036067956,0.0944970599680794,2.43414579263315,0.0314414613316351,0.0831150550249018,1.00288309926358,0.00473396390231879,0.205800573247848
0.0780712771920542,29.9246107489204,0.299064079727297,0.0964125978297629,1.00577451078852,0.00262130084057984,0.0995948306638962,1.69358579278262,0.0372904113383711,0.0934335875009514,3.51606702777443,0.0699344454067113,0.0935345752159852,1.01449885892793,0.00268445725230286,0.0864726487350461,1.05622377499757,0.020082827647754,0.0328609194025516,1.20231981606127,0.00525849993876829,0.0940261187373136,1.00288309926358,0.0027355058894596,0.0817995830727905,1.32596064017055,0.0184551883029011,0.0973381472798933,1.00288309926358,0.00872622893417465,0.46685294527832
0.0554319219198871,6.08316805906607,0.0688394886851207,0.0907994102978802,1.42081696649143,0.0167921468286917,0.0910570922697261,3.48847535295163,0.0483445562984188,0.0615399406467672,4.09048799092675,0.0373669172539353,0.0884157370925697,1.017423759841,0.00200920953634931,0.0872804064054727,28.6163443734521,0.0581708129719765,0.0896078433927693,2.00136053357019,0.0333917961564101,0.0878528080953301,1.00867425853989,0.00111454480127187,0.058791918610926,1.00288309926358,0.0039592720777465,0.0976892725075723,1.11560866287013,0.0134760683596064,0.283464812969527
0.0746156001366944,25.4302533128258,0.257521951710017,0.0674691163142307,1.00288309926358,0.00238780344544273,0.0839223639284498,1.56242237457588,0.0271875690968328,0.0606959174747702,1.39813619203565,0.0173271515861481,0.0996963078599382,1.00577451078852,0.00308240202173199,0.0851305932455584,1.05622377499757,0.0196847387338922,0.0838422657496094,3.59036651349369,0.0368707531045121,0.0919763726163805,1.01449885892793,0.00123476077835997,0.0950617472870272,1.00288309926358,0.0144528578879125,0.0640682566000862,1.00577451078852,0.00145157731090154,0.381201565675751
0.0855551640156496,18.1048624543974,0.289082027049624,0.0950753808267976,4.27964604980107,0.0232561911643882,0.0797157231412874,4.63891702142887,0.0395185869454361,0.0765619158934845,1.98072790423026,0.0325897806337165,0.0905770033424678,1.01158236655188,0.0011304410528187,0.0817863606933829,28.4520477169552,0.0487783854057253,0.0836016266076778,4.14623977579979,0.0379802173593003,0.0935279320419055,1.00288309926358,0.00137817591187477,0.0881234619597297,2.76286929599819,0.0278206388559365,0.0631448975276969,1.00288309926358,0.00368039076337404,0.505214835142194
0.0891888252265679,16.7138422487345,0.296284745134002,0.0989163047438057,3.78132852701561,0.0254247418518661,0.0861608813492877,5.74036800209287,0.0496225411084458,0.0213462798107835,1.1,0.00229289919179376,0.086813942735598,1.01158236655188,0.00160150816914273,0.0995544128749709,11.9266679922861,0.0776235238557139,0.0640622148766498,2.97761447568876,0.0201448167345766,0.0850082694252738,1.035151107089,0.00216971406652534,0.0718560915830531,2.62334079957365,0.0176334783228762,0.0945957439865495,1.00288309926358,0.00677782792193369,0.499575796356876
0.0479736084712589,8.42336194210045,0.0754409263419598,0.0881663678380983,1.00288309926358,0.00527014903460045,0.0741086093435974,2.86823283751515,0.0298177816293152,0.086333227505505,2.0149514708253,0.0378973221577417,0.0908360056610614,1.01158236655188,0.00122274031664425,0.0949528749786386,1.86774606222357,0.0367604760258296,0.0786481507806008,13.1153367145537,0.0389624222486355,0.0925098454044624,1.00288309926358,0.00274191456367898,0.091844682490277,2.34472828861258,0.029210233364141,0.0834402358311617,1.00288309926358,0.00186451401207208,0.259188479694619
0.0756246661659077,21.3045837548672,0.248215790226181,0.0776041589709648,1.00577451078852,0.009514154912312,0.0973601946356621,6.76406156642458,0.0692799272260548,0.0893748377104235,2.18888771381329,0.0430853121433075,0.0977213631132076,1.00288309926358,0.00302679267156972,0.0808644199208556,6.84240540686637,0.0421846937901196,0.097381863112684,6.98169689372975,0.061867904078586,0.0860731242215924,1.00867425853989,0.00161010410676274,0.0896406971365743,9.91971340151178,0.0352829949956344,0.0995123789232547,1.00867425853989,0.010637395696554,0.524705069847082
0.0564351565066482,14.203601369527,0.126062638735815,0.0885182517066592,1.00288309926358,0.0124326320971294,0.0999595780419346,5.89104782059798,0.0708645394865492,0.0793823129337979,5.56789450947679,0.0671318991945111,0.0968735686946783,1.00288309926358,0.00250306894007204,0.0645611457092436,1.60343464412786,0.0177109513802906,0.0645927791996929,1.04112859832463,0.0132344579839245,0.0975496885983222,1.00288309926358,0.00177437297825343,0.0500802845725558,1.00288309926358,0.00348550357020517,0.0829581501275753,1.17833239331668,0.0092597423992751,0.324459806766025
0.0998554688275514,18.1566278288002,0.379150415919426,0.0641126029520631,1.00288309926358,0.00661109500027034,0.044491658820609,1.07462716439149,0.00843035546138525,0.0835543578277019,2.77421627095644,0.0494401926287444,0.0876002822961524,1.02035709353375,0.00221685955010737,0.0710439610783647,1.01158236655188,0.0151269837069915,0.0536605361282252,1.70827639380871,0.0125512045477607,0.0905553042613062,1.00288309926358,0.00236823199243356,0.0815479370409534,1.00288309926358,0.0129521631878444,0.075504016609594,1.00288309926358,0.00590114931511091,0.494748651310075
0.0776776705878819,9.20289100824815,0.153618394229914,0.0913383146063783,13.5763553199153,0.0226613284141366,0.076108904732556,2.99480874260266,0.0318890840869906,0.0905694367566779,4.65128984963839,0.0794786051243417,0.0998932259720823,1.00288309926358,0.00179154209309731,0.0920108972597026,3.51873529007318,0.0480547430683244,0.0966094314505953,21.3344902474791,0.0690482161612462,0.0764164081974099,1.00867425853989,0.00160929973733037,0.0853112976461886,1.00288309926358,0.00577661165961311,0.0698694656410905,1.00577451078852,0.00535379260964278,0.419281617184637
0.0942967139369736,11.6638280775231,0.244829688299199,0.0932595080488308,1.52245910708953,0.018128393979178,0.0724302246872442,8.58980877761041,0.0356133543073317,0.0776525015661122,3.24592301025325,0.0495982574610651,0.0900057776221052,1.017423759841,0.00252856844417283,0.0976075870262928,3.54925770971272,0.0547097597157857,0.0874317685724489,1.3686237465133,0.0252575938152147,0.0970381963839815,1.00577451078852,0.00215837870226707,0.0744987576611436,1.56242237457588,0.0164659822050495,0.0994154607808781,1.00577451078852,0.0113973290888518,0.460687306018115
0.0662831305737385,10.9850467975752,0.142139597635714,0.0805625061641844,7.41681684421187,0.0158761932299211,0.0607429282383363,2.88479547897935,0.0202990829525138,0.0402361056605354,1.1,0.00306897195981033,0.0963844907892097,1.00288309926358,0.0012687663651866,0.0960370744536861,22.2119479273284,0.0747236396925757,0.0963060300327704,3.6952337044061,0.0504504543227191,0.0760432555941952,1.017423759841,0.00170096945710248,0.0914333440836275,2.60827926283097,0.029976354660901,0.0572601170555736,1.00288309926358,0.00350894945695609,0.3430129797334
0.0791231273368551,28.102784292947,0.300556492676495,0.0897752323799466,4.55947384416678,0.0201145000552757,0.095217523569287,1.41265954868704,0.0299230178043846,0.0820943875407689,3.26451101451762,0.0541779656269357,0.0993848740130463,1.00577451078852,0.00191817279444916,0.0968348852667064,3.81412874828321,0.0554358517989776,0.0719794264825389,1.19198027101602,0.0170705949651749,0.0783076268354004,1.00577451078852,0.00143551336253449,0.0754860222539906,1.83576021707557,0.0178208815446139,0.0624778933987687,1.00288309926358,0.00332463532483042,0.501777625953671
0.0744358857892233,32.8811690507501,0.276961564151345,0.0981810884702156,1.00288309926358,0.0105191481640534,0.0826580669731481,5.19013667692469,0.0440108736201775,0.0796805251578785,3.24592301025325,0.0515782523191921,0.0975530848275459,1.00867425853989,0.00159672818974564,0.0952150308632147,1.295770630155,0.0275135862414224,0.091919688511373,2.22631645743836,0.0371307114763829,0.0959376682046502,1.00577451078852,0.0020727968743085,0.0857534509647414,1.82522046182733,0.0230982553763818,0.0985425910074978,1.00288309926358,0.00515387339338921,0.479635789806398
0.0577566112878132,10.434763218138,0.112167894910971,0.0662113633187971,1.00577451078852,0.00214115999593266,0.0999771937917878,3.19982540066046,0.0567543510534138,0.0948425362371251,5.59977944530514,0.0958757438885516,0.0950456918595238,1.02920793476607,0.0028418213058826,0.0876314296592577,1.1817296425721,0.0227399500879307,0.084010266021401,6.61005466738882,0.0422223662489115,0.0831291504823435,1.00867425853989,0.00140709830013942,0.0901757783374071,5.25025074237118,0.0334001207149133,0.0752970886775983,1.00288309926358,0.00716030307628754,0.376710809582934
0.0665712671211946,10.1121387187552,0.135204502010815,0.0755418180838184,1.00288309926358,0.00493303842064035,0.0768239584985813,3.37973166401872,0.0337818176858762,0.0667359489193246,5.84480934671973,0.0489323947820448,0.0796343079806042,1.00577451078852,0.00109193455842229,0.07517264899037,2.79486986091936,0.0291217456931922,0.0818920706743378,3.22758151346831,0.0339966849639599,0.0930213813707907,1.00288309926358,0.00154270215276921,0.072904323808304,1.8463608342542,0.0167046009651974,0.0938925385636354,1.00288309926358,0.00836169392045572,0.313671115153373
0.0970890126329583,16.3831182565332,0.337302347953587,0.0973629075858508,1.00577451078852,0.00873546723906736,0.0781971049781734,1.34131840233837,0.0219499688940198,0.0641248976920759,4.35566311243889,0.0413236711166586,0.0897760624227741,1.017423759841,0.00100526101152609,0.0913804399581581,7.22711126890421,0.0572964028087639,0.0896957918701039,48.3249087633854,0.0582065850973071,0.0789651684717614,1.00288309926358,0.00190616810658117,0.0889654460903873,2.10780755947618,0.0264229552077613,0.0951762986791406,1.00867425853989,0.00818321057449745,0.56233203800977
0.095312181322471,10.5847939392166,0.22516886815388,0.0835813793141832,1.00577451078852,0.0107599670414369,0.0901827565896387,7.4382002633935,0.0582608197664842,0.0931959911147524,4.40569196686568,0.0810465021472241,0.082926569046191,1.0232988843187,0.00132663224683018,0.0923596201017436,4.15819379664401,0.0514055092538846,0.0999791252339462,1.26626799854054,0.0284668209635332,0.0962640480701803,1.00867425853989,0.00334327376156632,0.0873701247152747,1.25899790157518,0.0203309106252982,0.0959498710754003,1.39648494813358,0.013635620736255,0.493744924696393
0.0979836198288682,25.8696442892044,0.447653806554355,0.0956382596273426,2.71555413295041,0.0222551521229991,0.0736294907435058,1.57144459943409,0.0222900873181357,0.0258445811373061,1.1,0.00102652665709315,0.0941553103131589,1.00867425853989,0.002071805491937,0.067715734776806,1.80952418124502,0.0203408636360696,0.0813394272672917,1.07462716439149,0.0187903416102532,0.0753695373609822,1.017423759841,0.00103022705812268,0.0460710271859724,1.00288309926358,0.00172945894868899,0.07527549671857,1.00288309926358,0.00682652598707102,0.544014795384725
0.0672451569594694,12.0359587215993,0.153337551076084,0.0968504775259203,2.45526020256225,0.0223522231890948,0.0896477047689729,4.17018228211692,0.0496640316966378,0.0645282337299588,3.11873697468972,0.0358339720598112,0.0788065613636774,1.00867425853989,0.00169829877506336,0.0715178363793588,1.36468921205103,0.0190441086800981,0.093212823556328,1.46653209822205,0.02921668174664,0.0976237052429567,1.00577451078852,0.00146214050806027,0.099003963913566,1.00288309926358,0.00962384488455454,0.0768425057702631,1.00867425853989,0.00680864162343586,0.32904149423948
0.0371670212100637,5.76196399650408,0.041283384818332,0.0617080231156598,1.68871705388817,0.00758446772638004,0.0968534271689513,6.53437118513655,0.0677847086233298,0.0626463975616536,6.18827472552621,0.0438697161636873,0.0944108503548006,1.00867425853989,0.00135722552482968,0.0869511038889457,1.40051115285914,0.0261089706837275,0.0741935591482924,3.6740180475533,0.0286201526622651,0.0867655306975264,1.01158236655188,0.0014788332743443,0.0901846393725787,1.20578622343754,0.020993525289132,0.0984909819527187,1.00288309926358,0.0121692190920763,0.251250203858104
0.0979233830133768,11.1748494856797,0.245798762081443,0.0924332522905199,1.00288309926358,0.0145221046108175,0.0732494747964421,2.07768351923393,0.0255876156179159,0.0874043140895191,2.23945932144497,0.0430315062554301,0.0947006282369619,1.01158236655188,0.00126028965754239,0.0822850121476733,2.33126636583218,0.0323781107307105,0.0803908176354667,10.0057595601981,0.0399103818693315,0.0746379458906951,1.035151107089,0.00114626122059751,0.0676623780813143,1.01449885892793,0.0116145211754645,0.0656366313208041,1.00577451078852,0.00440112753207482,0.419650680751328
0.071189410855935,9.22920388965391,0.137874298815936,0.0973221005509766,1.00577451078852,0.00282102389166675,0.0978909245472952,8.10918567113405,0.0724547705517115,0.0928410022465898,2.69612917754405,0.0555000156197858,0.0869846781532175,1.00867425853989,0.00137643684818208,0.0752618640900456,4.8997344482741,0.0336639079981329,0.083621582233935,4.15819379664401,0.038077714731474,0.0801623554877396,1.00867425853989,0.00115875556012823,0.0984811031148324,1.25537852068667,0.0251279295205165,0.0844373109092108,1.00867425853989,0.00554328103365992,0.373598134571194
0.0931709329370657,44.75722237272,0.493805763024408,0.0577413144310978,1.00577451078852,0.00104920151771516,0.0825887099446456,1.39648494813358,0.0243837165827622,0.0799679746255854,2.06150449158392,0.0357822509874329,0.099911631460302,1.00288309926358,0.00198471634034292,0.0731063470561762,6.42246765119551,0.0331660323005854,0.0456355803575702,1.00288309926358,0.00148276153485016,0.0841132015478259,1.441417191251,0.00261635098465537,0.0620088307740563,1.92229906736858,0.0122191090610905,0.0647686382439649,1.4249133228412,0.00552018966100737,0.61201009199485
0.0841638853611039,29.1654615453982,0.345813968803863,0.0905653701996046,3.63195145450856,0.0200352177755852,0.0791811544213189,3.44853317762211,0.0360419820282864,0.0967083017446314,3.27384489569646,0.0696637613120776,0.0860574154265915,1.017423759841,0.0020382024995767,0.0944512271890399,3.07341994620988,0.047978438457292,0.0996935341717373,1.21975208146059,0.0273212440946282,0.088402443666244,1.01449885892793,0.0015871557954331,0.0359844903336199,1.00288309926358,0.00151287626691227,0.0783212476781632,1.33746236557711,0.00831958435897856,0.560312431392633
0.0697381582791498,43.6217887324565,0.255824787508758,0.0898088603511166,2.25859550568368,0.018319764540584,0.0837193265913338,4.91386086905364,0.0450147736213274,0.0366966247023861,1.18138575704549,0.00838387429835904,0.0857453884112752,1.01158236655188,0.00163858229586288,0.0913732320695208,1.11560866287013,0.0225997170833144,0.0943542057469237,3.32185250376586,0.0467649343898185,0.092503398557009,1.05015961695978,0.00330132379431719,0.0928932009599235,1.00288309926358,0.00588545213968299,0.0861198125601146,1.00288309926358,0.00492907079243182,0.412662280464456
0.0918040900002315,20.7641136406666,0.354185635730618,0.0732079826522773,1.00577451078852,0.00718670177638852,0.0962289957441565,2.21353437928443,0.0429739043824389,0.0520928777337647,4.46903687741333,0.0288779093060168,0.0860707549303117,1.00577451078852,0.00140090758001528,0.094606124374172,10.5987906532703,0.0662718839264869,0.0613392977444056,2.69996316651677,0.0181481507268342,0.0962655819781373,1.00867425853989,0.00199744668885677,0.0726852173588036,1.09020803204812,0.0136262302960558,0.0957649459973998,1.00288309926358,0.0113493955674401,0.546018165981151
0.0865604724800684,10.3162712187099,0.195877820140436,0.0739384577077337,1.00288309926358,0.00478091564424268,0.05967004118325,1.58051892322707,0.0159155263236053,0.0951543144036975,2.85456497490604,0.0603296565296914,0.0980258533092494,1.00577451078852,0.00281724828987194,0.06412878405123,1.28833114804146,0.0156075779053075,0.0756552288886667,1.32978351631576,0.0197588562326389,0.0858771073501953,1.0232988843187,0.00100699403647116,0.0684505581814637,6.20437693319619,0.0176071463697087,0.0654650555475122,1.00577451078852,0.00269487942935105,0.336396620901325
0.0765239679990815,18.3651736384921,0.238936396838566,0.0578483645050697,1.36468921205103,0.00642741065195848,0.098021645089377,3.82512526006857,0.0586678249671621,0.0935821122800571,5.11083833748834,0.0887293750458838,0.0938784009021205,1.00577451078852,0.00182744491170553,0.0863995391055905,5.23515726431772,0.046961948980139,0.0973400227348983,5.97646129188652,0.0592280593676421,0.0981851362547665,1.00577451078852,0.00161562524728798,0.0721062854453663,4.71974439753259,0.0193172441432967,0.0957745488930985,1.00288309926358,0.0104654051924014,0.532176735346043
0.0735092962627588,17.8992726094967,0.219554560913659,0.0885874561848855,1.00577451078852,0.0124977960493697,0.0882119673695656,5.6910027726913,0.0520829716376829,0.080006819767489,3.44649309576242,0.0539363760453078,0.0885778327454369,1.46231609576324,0.00252219471324288,0.0911929889419133,10.9713498785374,0.0607121293955535,0.0851012685221474,1.2267955530143,0.0222538941636001,0.0932737807626795,1.28833114804146,0.00340522088238157,0.0742081850211915,10.5076446271293,0.0220994196353406,0.0674014188198967,1.00288309926358,0.00339979524338009,0.452464358679518
0.0933764295123814,12.6345576255084,0.258903666761437,0.0489486893075525,1.00288309926358,0.00398454761529712,0.0988678552023241,4.94223601165526,0.0657521268402545,0.0200060735697371,1.1,0.00389503023127882,0.0968728117615767,1.00288309926358,0.00300843500019495,0.0710768831267737,4.49431145638251,0.0294245139895328,0.0784443158538277,1.27358007675926,0.0203473919929242,0.0875853610191335,1.02035709353375,0.00281887724899123,0.0734454186899408,1.13504676028852,0.0141387876380316,0.0717445678298674,1.00577451078852,0.00335470253653541,0.405628079854478
0.0912207090792811,29.4163469402755,0.410560286893379,0.098473259986926,2.6460963359074,0.0238427921512454,0.0846597190167959,1.54009278652809,0.027275754970392,0.0268545062401626,1.43043844055808,0.00691640062052984,0.0997695583006807,1.00867425853989,0.00231097375330814,0.0799904589369811,1.33746236557711,0.0222855590693832,0.0890123495094018,10.5379392096157,0.0516894379246143,0.0820668605287629,1.00577451078852,0.00167402525847966,0.0942694056289497,13.3054941313703,0.0412876891572189,0.0982113877413891,1.00577451078852,0.00223548872484163,0.590078408523392
0.0886683688861727,28.9167158955235,0.382997213856073,0.0856572865835724,1.00577451078852,0.0098913131773298,0.0836045314191463,5.02834834499989,0.0448526988802753,0.0612560673700497,2.33078730300029,0.0279430010598341,0.0939038986191112,1.54898606893921,0.00296570654793062,0.0880757674590049,5.52949756842363,0.0496409699714984,0.0493643930145492,1.43314150019665,0.0103125703614124,0.0869291086825269,1.02035709353375,0.00108961837117956,0.0888094633987913,1.75311720834914,0.0244882310008807,0.0817700383017327,1.00577451078852,0.00162072734813383,0.555802050574548
0.0973908326107616,39.4734246208958,0.52501956193525,0.0671015527093397,1.00577451078852,0.00640452748791437,0.0787517551630041,2.98619923379083,0.0340284944312477,0.0897082195301039,3.14556478799882,0.0605475728777623,0.0800221995616142,1.00577451078852,0.00147204050109252,0.0696938508373157,1.30325307163827,0.0177760103045731,0.0921542904381416,1.33361741419236,0.0266691162419716,0.0776397243961054,1.00867425853989,0.00195084670839872,0.06758261114352,1.00288309926358,0.00244145898677834,0.0855417468608686,1.00577451078852,0.00798973439733984,0.684299363872329
0.0938546310281387,31.2340238237202,0.446670087001093,0.0609172882159553,1.00288309926358,0.00238146601597548,0.0786290908403852,4.00544398533237,0.0369838395444377,0.0472043288385889,1.29071556410828,0.0121142435069967,0.086742702826369,1.02035709353375,0.00186127799214447,0.0836742885923752,3.84721348715026,0.0401822960862029,0.0933354625574519,9.80613514975012,0.057959919574666,0.0740453087039705,1.00577451078852,0.00162386537431425,0.0906999608593677,2.70774742833384,0.0297446516085633,0.0916060043070694,1.41265954868704,0.0121747317693057,0.6416963784737
0.0688156413223891,45.0135277249103,0.249759215025014,0.0921837468135252,1.00577451078852,0.0129295269382957,0.0429721665812682,1.72806227717372,0.00973476326015992,0.0266862314105399,1.1,0.00366784778525615,0.0942392158353166,1.02624915657849,0.00261058427061148,0.0907998523162752,3.66345594042931,0.0472049646198334,0.0718420899370758,1.06538573309788,0.0156927411657167,0.0978734693020988,1.00577451078852,0.00217423231211908,0.0913709603173168,1.90028922105573,0.0267843610925345,0.0785129597353462,1.00288309926358,0.00677594988499163,0.377334186354533
0.0674885652809567,6.78029147502497,0.095996125617317,0.0952060124003838,2.45526020256225,0.0215900051328139,0.0811888482793878,1.05015961695978,0.0185566017249153,0.0667370877245149,5.06724914889675,0.0469093978924965,0.0964497013383601,1.00867425853989,0.00296716467904979,0.0953498253077716,18.7961333346796,0.0721477955604177,0.0993952951090027,3.98244730043134,0.0561025061884386,0.0916300306727706,1.00867425853989,0.00274815267254415,0.0730614929665542,1.30325307163827,0.0148214687353096,0.0782743764680122,1.00577451078852,0.00222019598668569,0.334059414189988
0.0851162133862272,44.5023764136696,0.397850856660105,0.0908469953360809,1.00288309926358,0.00986048968888319,0.0763860331797305,3.90299369276608,0.0348003612450189,0.0996466137759453,6.87777830801342,0.116619357314224,0.0900332647703956,1.00577451078852,0.00221818942409862,0.0954146464157443,8.86618796583124,0.0664477644996356,0.0824565264705721,1.55345194953386,0.0250327667343176,0.0942218937454773,1.01158236655188,0.0015789639942588,0.0783674996464942,2.76286929599819,0.0213521979266311,0.0913496981636247,1.00288309926358,0.0100934604684999,0.685854407955673
0.0917375766080676,25.9436107071029,0.394018625659217,0.0955355801618715,1.00577451078852,0.00323609104364675,0.0710596061226795,3.1450272019994,0.0280851938739983,0.0907189072827631,6.38570961945854,0.0931485608583068,0.090036657728898,1.00577451078852,0.0025063079027848,0.0945647836245788,23.1921673069706,0.0714862294335013,0.0930760496581884,12.345903576098,0.0596319045667071,0.089854558576003,1.017423759841,0.00238958458625771,0.0853367200754936,2.5933041997516,0.0256270350490379,0.0774584201465264,1.00288309926358,0.00603404565331523,0.686163578626773
0.0478935429051602,7.57891218295399,0.0701299391338115,0.0678204339022081,3.04698957090351,0.0098887820116944,0.0863325024248431,2.46943812909056,0.037598149253318,0.0383655780618485,2.57573575863364,0.0148402493665245,0.0816567862091664,1.00288309926358,0.00191214784382135,0.0760186772282383,1.6741946565908,0.023784096484761,0.0660811947094903,4.20635552139048,0.0229543385014559,0.0799830688256891,1.00867425853989,0.001335292065742,0.06140602983673,3.73803325566538,0.013287556988904,0.0781340769027051,1.00867425853989,0.00504749334680874,0.200778044996841
0.0734893197064552,11.2709771098404,0.167873095588758,0.0530969269645955,1.15482354244809,0.00531364520022011,0.0849383980378773,8.27426512232383,0.0512554385168165,0.0722208756301371,4.67792578502157,0.0527151272978614,0.0827265880969626,1.0232988843187,0.00101829475692886,0.0810057949839408,3.18145405986858,0.0353942344750596,0.0992521242836851,4.13432012050498,0.056604628222608,0.0994679766045622,1.34518555643637,0.00409129799104664,0.0687764394687548,3.79223047250718,0.0170637426344021,0.0826606502971793,1.23387969717049,0.00926688829928861,0.40059639298299
0.0571568040392665,6.06582466936276,0.0709558026062073,0.0855414349811897,1.00288309926358,0.0100775928580758,0.0831335972095048,4.65229147967714,0.0434683754637313,0.0946959844746298,2.90388694099229,0.0609224961537239,0.0858151440468318,1.00288309926358,0.00203960866407614,0.046491210217028,1.36076598863131,0.00974908743016382,0.0861950333282951,2.04210241714683,0.03138410800303,0.0933361814000409,1.00577451078852,0.00320769573912755,0.0952689653382455,1.51808232505612,0.0263968325874383,0.0918272508259842,1.00577451078852,0.00290032724087926,0.261101926746453
0.0576207155922644,5.69653398910422,0.0665179772513206,0.0562814255189866,1.00288309926358,0.00287665114495141,0.0906854009303214,6.38559396992509,0.0571133198775066,0.0755632598283847,4.89657844641362,0.058091071287732,0.0797808057217193,1.00288309926358,0.0013808171831901,0.0603584255861209,1.35295334494457,0.0145694746729791,0.0766615533917945,1.2517695448338,0.0193648703923946,0.0808968920799749,1.00577451078852,0.00123727905959156,0.0687341161132464,1.00288309926358,0.00207630521112272,0.0744114707549558,1.00577451078852,0.00631753680018349,0.229545302880972
0.0974582011222388,40.3854104341511,0.532383072049416,0.0910515061229975,1.57597523020146,0.017462046430026,0.0900723259447578,2.4062754285944,0.0401294372325933,0.0972526914931762,4.2089594352886,0.0847760376112478,0.0967752569459229,1.01158236655188,0.00298001192574,0.0844187064545056,2.66904925964653,0.0361213370574235,0.0805744818588258,7.90177085082341,0.0391699430415664,0.0893311438474978,1.01449885892793,0.00200503466910895,0.0936236748750996,4.88564863828298,0.0363511310390889,0.0978741928915004,1.00867425853989,0.0111956878032501,0.802573738859461
0.0783544606698337,21.5492867752298,0.267083921641912,0.0755887134930307,2.68446171339143,0.0125109877052118,0.0973674392203373,6.13333836012256,0.067631020560187,0.0886644588983861,3.59730151093826,0.0655762507797369,0.0893072443323611,1.00288309926358,0.00140580269181524,0.0976307723936685,6.55321042588835,0.0662988387498504,0.0956553208145682,1.18855355314224,0.0253832264983026,0.0974117309884015,1.01158236655188,0.00344806723799166,0.0742488293031509,1.00288309926358,0.00718268030242678,0.0973533801941693,1.00288309926358,0.0120652604241145,0.528586056591549
0.099699311211394,25.0698004534085,0.456701228422791,0.0920786518823349,1.00288309926358,0.0118711256608745,0.0927659030028822,1.26991877487462,0.0261978019632866,0.0941378204206317,2.76630685378413,0.0578326607756587,0.0982485297937623,1.00288309926358,0.00264003586728781,0.080633478217956,14.7585013912184,0.0456400409241446,0.0770799886292419,1.21975208146059,0.0192326262499732,0.0939221552293213,1.03813555048354,0.00142788305351726,0.0914676155519179,1.44974067037263,0.0238385496865007,0.0730050545906757,1.00288309926358,0.00265730135250915,0.648039253956544
0.0915632735931116,15.7861804344338,0.298297611911863,0.0898030686555618,4.30435891208667,0.020144243935438,0.0996928087711268,1.52684850782001,0.034103379855557,0.091441633842358,3.89668922880161,0.0726958390332217,0.0816642823081012,1.04112859832463,0.00171654233229181,0.0948052824908305,8.84069935203988,0.0650664074724514,0.0827681409412555,1.31834782642385,0.0225588976799647,0.0769887314543698,1.035151107089,0.0010861063362748,0.0434239245605056,1.00288309926358,0.00291061295200352,0.0859119937178395,1.00577451078852,0.00954690029172851,0.528126541800795
0.089432805259117,34.0272452918993,0.412138892705682,0.0812971237999747,1.00577451078852,0.00281878724997771,0.0484002774695177,3.24621921773864,0.0137784893903385,0.0788297688869859,2.82214994983042,0.0460096196628139,0.0842941311108997,1.035151107089,0.00120274605470425,0.0708213286785569,3.95958264771409,0.028345021331201,0.0746150548992242,2.44116367657533,0.0257589627672241,0.0869658383756628,1.0232988843187,0.00134482464758652,0.082415248219738,14.716073490575,0.0291449902034184,0.0910833949842098,1.00577451078852,0.00939812444193786,0.569940458454884
0.0978389752825986,16.1048541162772,0.335770415643286,0.0962842236300902,1.00288309926358,0.00386826458965535,0.0655455574623277,3.09116744284691,0.0239703822258624,0.0999056826420582,5.48897419860979,0.104777920836256,0.0913009882207307,1.01158236655188,0.00235407212259865,0.0490589048814349,1.40859841962076,0.0107397113154364,0.0979223516039328,8.73947554283164,0.0647004231702188,0.0994068347091491,1.01158236655188,0.00211170097775579,0.0840365984203629,6.01097243209366,0.0285253243408263,0.0760452430207871,1.00577451078852,0.00218892239776273,0.579007137619658
0.088167362696028,39.9268137290769,0.421029721575694,0.0936970454432988,1.06232295058138,0.0161668726887206,0.0595768630498012,2.34472828861258,0.0185417852019771,0.0918063546199501,7.34458556741164,0.100331204883643,0.0830056987608926,1.04112859832463,0.00169843043541107,0.0805976701913047,15.8598865007128,0.0459313137717927,0.0895688860258849,3.0557743442915,0.0405274603376514,0.0844576406021413,1.01449885892793,0.00193032890183814,0.097626331185687,1.00288309926358,0.0211250813474253,0.0766940459390255,1.01158236655188,0.00370314282348967,0.670985341967643
0.0790836355739642,33.3539335399351,0.315027706867536,0.0576397872458099,1.00867425853989,0.00156854498093631,0.0847572999209328,7.81129753947542,0.0505443146563074,0.0975757735032031,7.91054312005742,0.11819852585555,0.0877174740855203,1.01449885892793,0.00180380006323297,0.0626828049781402,1.46653209822205,0.0161691940472602,0.0728188300699576,15.9974592566334,0.0326734607463632,0.0912693498223157,1.00288309926358,0.00280034013819124,0.0598779487822088,4.37935702804035,0.012829380105549,0.0936987349057656,1.00867425853989,0.0103742639163985,0.561989531377325
0.044970744685852,8.47159891112452,0.0693918362499041,0.0724509062532994,1.00577451078852,0.00440922243905972,0.0735335487023284,1.2232687477884,0.018723866152851,0.0879295873417359,3.40735642831775,0.0622489605715859,0.0994228831086224,1.00577451078852,0.00198390548335035,0.0800803968481235,1.28093437865255,0.0216014896616301,0.0963654556866068,2.49804006667886,0.0431467105446082,0.0856016776485213,1.63137250428789,0.0027589965231085,0.0944409415294359,2.69220128298041,0.0326259616049412,0.0928590635254764,1.04714060664789,0.01167391746422,0.268564866695259
0.0632793889200651,7.17872968604972,0.0948366456158738,0.0901619086058693,1.00577451078852,0.00539073268071001,0.0983991938019149,1.26991877487462,0.0280284534644341,0.0935599228445611,6.70329784548246,0.101123501482837,0.0927330336279352,1.01158236655188,0.00222575517662214,0.0847136828053665,1.95579274466099,0.0311960093376306,0.0881262941880888,4.70617602490094,0.044357330823528,0.0848009574165322,1.035151107089,0.00123929128400276,0.05751661475607,1.46653209822205,0.00991630027222064,0.0603199332135498,1.00577451078852,0.00442328844945571,0.322737308587315
0.0683563443804188,11.9333067416398,0.156699693232858,0.0825241158475175,1.00288309926358,0.00680597255158605,0.0783052287552548,1.27358007675926,0.0210524009437047,0.0190766412351519,1.22256306876735,0.00417143579551749,0.093201654088842,1.03813555048354,0.00206846923858407,0.0989884331895449,2.60827926283097,0.0484778764257736,0.0970668149559322,1.70336542221432,0.0347822972892237,0.0804799329247862,1.00288309926358,0.00113537868133385,0.0587541172693164,4.45566189315493,0.0124256673650119,0.0838178509462725,1.00867425853989,0.00138360904247789,0.289002800566071
0.0550298690149977,6.4406403901222,0.0723307045333703,0.0790872549127721,1.00577451078852,0.00998287443423541,0.0892446499088525,6.1865405227709,0.0546552805870542,0.0961745305389506,2.52476856627454,0.0542938167461463,0.0804143806440551,1.00867425853989,0.00157607998329946,0.0547642499109583,1.66458250694606,0.01370426218604,0.0947227711451364,1.34131840233837,0.0278245095195826,0.0963189974775308,1.01158236655188,0.00258699084734139,0.0587969470913509,1.00288309926358,0.00872406157261809,0.0939646931927066,1.40859841962076,0.0128934125395068,0.258571992949195
0.0957503952352848,10.8603060505506,0.232059381446041,0.061277094985806,1.1028352210931,0.00690462960165353,0.0579670814944011,1.59422875299434,0.0152612402836857,0.0717030551168173,5.22891808613936,0.0540447466297197,0.0954925618099021,1.01158236655188,0.00252396580543739,0.0889504995024199,7.00182581890258,0.0531245354067479,0.0739832058710005,2.56361151152847,0.0257772495179516,0.0956265896410888,1.00288309926358,0.00336798245687794,0.0962198587129162,1.00288309926358,0.0119248010665897,0.0917654822396096,1.19541686845759,0.0117721936242801,0.416760725838985
0.0775130589312132,42.5151595953122,0.319056891527835,0.0452006930921288,1.00288309926358,0.00340388429303484,0.076566515334125,7.72186012504483,0.0397981958674838,0.0992303951233716,3.44649309576242,0.0752357992814482,0.084779258093373,1.01449885892793,0.00177495343236448,0.0294672646792731,1.13831921276723,0.00473747189772295,0.0629577771055852,1.6741946565908,0.0163521921816749,0.0909931057570257,1.01449885892793,0.00257462694162013,0.0598064463667357,1.00288309926358,0.0065482508737286,0.0843315796492345,1.00577451078852,0.00596006869123386,0.475442334988147
0.0671645908819454,15.7411733137127,0.176899167059847,0.0929202773303668,1.00577451078852,0.0143109770959209,0.0813213324863275,2.18818996107018,0.031621539534356,0.0965873375324296,3.99811634044919,0.0809409568389688,0.0775396610845156,1.00577451078852,0.00139092389760646,0.0714232270128851,17.2408685151293,0.0342759579718002,0.0849069682623321,14.505756572389,0.0471143861015123,0.0797966639553894,1.00867425853989,0.0021626717347396,0.0811621626884329,16.9456122371505,0.0279413967026979,0.0891733902461345,1.00867425853989,0.00149186884294791,0.418149845780397
0.0600009452808566,17.5952568766003,0.151644684606792,0.0689158668775511,3.95958264771409,0.0104966984830059,0.0354501205646391,1.00288309926358,0.00595772512504532,0.0992833061017355,5.69653398910422,0.105485941078029,0.0825315708919224,1.035151107089,0.00111526403648233,0.0770132062913403,21.7062172818814,0.0418649570007975,0.0618497820151643,1.92229906736858,0.0166912860620938,0.07613743170494,1.00288309926358,0.00180857044461635,0.0869975770450714,2.50524216415549,0.026470582136934,0.0952254254198475,1.10601480450688,0.0126344199721927,0.374170128945989
0.0560933075931635,26.9246410796631,0.151821112360932,0.0877568420854112,1.00288309926358,0.010456733989484,0.0341637562233997,1.1715671660767,0.0060742551037096,0.0760824139460579,6.08316805906607,0.0638689751241278,0.0937104422853478,1.01158236655188,0.00196132646856928,0.0709648622620839,1.9841495077581,0.0229546529403525,0.0860093072066459,1.52684850782001,0.0265637304818424,0.0931933221064331,1.00288309926358,0.00335452669225944,0.0971852895994442,6.53437118513655,0.0421011813066633,0.0859501441883518,1.00867425853989,0.00663774671435719,0.335794241182298
0.0987093960621317,20.8830207840829,0.405998476280547,0.0856147543650449,2.81911328467833,0.0169561360866249,0.0616055392197302,1.8199732981517,0.0178711479837757,0.0843343774117894,7.62231335159879,0.0849176492748593,0.0803812488931689,1.00577451078852,0.00120684445527462,0.0973155071581857,4.94223601165526,0.0608944651518937,0.0929214324415369,1.09335121002246,0.0226210472716378,0.0982264902087489,1.00867425853989,0.00144031657761201,0.0809421632064921,1.18513668643434,0.0171770244481615,0.0929464598376105,1.00867425853989,0.00755530158138888,0.636638409111775
0.0472947530091044,5.64794953427064,0.0533345598638182,0.0667899621930349,1.00288309926358,0.00713084870179331,0.0936697915030034,1.37256962462899,0.0285181553459379,0.0910152364836213,2.64277970877332,0.0531843431227764,0.0973292724074691,1.01158236655188,0.0016616803434478,0.097120755017494,7.31081832073186,0.0664004286454413,0.0944928628491344,1.65502554408647,0.0325789665633014,0.0908226777239992,1.00577451078852,0.0017524691140759,0.0824678237443635,1.20578622343754,0.0179353234878401,0.0980335028141024,1.035151107089,0.0132524205396155,0.275749195728048
0.0664945437291145,7.32364581883523,0.102500186764504,0.0963200667276912,1.00288309926358,0.00862878359082389,0.0893012875726475,2.88479547897935,0.0429927990289861,0.0804323620401254,6.33124734096071,0.0724620303253463,0.0979951319997227,1.00288309926358,0.00316386131863152,0.0724029158636064,1.38447564841702,0.0196249397305269,0.0492686096368797,1.00288309926358,0.00429767539110497,0.0772583970960748,1.00867425853989,0.00193929404672008,0.0902899259870031,6.8227347852315,0.0348149078298826,0.0775596802142144,1.00577451078852,0.00114660270405004,0.291571080730576
0.0768241440598458,10.6758458227262,0.172335366633529,0.0764747665052878,1.00577451078852,0.00567932730600239,0.0535592238679472,2.82724106811333,0.0160956737942095,0.0691963134386754,6.55192356275547,0.0543190522355267,0.0876777557496424,1.01158236655188,0.00227663722995491,0.0915084898302815,1.18513668643434,0.024077012805583,0.0989000500627654,2.07171057200942,0.0407758550598777,0.0957036955941751,1.02035709353375,0.00119096235410346,0.05367048489761,1.00288309926358,0.00775935806576039,0.0918005020687335,1.05318733137807,0.0114392908672018,0.335948536351749
0.0878143267264359,33.7370345839219,0.395239723411976,0.0912135632897945,3.06458444505318,0.0199427980977091,0.0873473384702411,1.73804099143649,0.0312102999952067,0.0420042535810839,1.32053598872863,0.0108977308086687,0.0950699593461951,1.00288309926358,0.00235850192351117,0.0889231980869702,1.33361741419236,0.0258064508984834,0.0895574955661353,7.87905475386486,0.0510370581293143,0.0993732288592435,1.85168407581574,0.00414420872171247,0.0832800224686369,4.09876636139165,0.0266753758551966,0.0790083824207074,1.00288309926358,0.00626563926642907,0.573577787108208
0.0761421498050701,10.3162712187099,0.165535162279585,0.0811878083777331,1.00288309926358,0.00532305055543242,0.0944674248281307,2.45526020256225,0.0441483891791866,0.0742581557476901,4.5332925592365,0.0547442305830842,0.0992129924653365,1.01158236655188,0.00161183873454458,0.0886132682746643,5.25025074237118,0.049857021323838,0.0784693239572394,2.49804006667886,0.0286476663611584,0.0767683106647087,1.00867425853989,0.00132350667928236,0.084351488327187,1.80432214140788,0.0222490330480822,0.0811142450037151,1.00288309926358,0.0034554749849155,0.376895373729109
0.0859454190703622,17.0512425254688,0.281920444831546,0.0579157923896873,2.3787241732935,0.00693606221437925,0.0634677461121562,1.60805750536954,0.0177150641234585,0.0972163445763664,5.34972592480631,0.0976983144186059,0.0779444172341932,1.00867425853989,0.00165341152388299,0.0929248124443802,4.0518365057735,0.0513687463935006,0.0917277024326406,11.2918003500854,0.0563822969067301,0.0930079201723713,1.00288309926358,0.0021175927012734,0.0962285704064194,1.26262771749805,0.0241985323602564,0.0805742864940591,1.00288309926358,0.00777190461382876,0.547762370087462
0.0648190197257403,25.5029634252175,0.196791380526164,0.0705102259530321,1.0684573459204,0.00902736050311954,0.0768135951337177,1.04112859832463,0.0171946061969413,0.087844181081896,4.67792578502157,0.0753188435620941,0.0828198096949434,1.02920793476607,0.00187242863556138,0.0845958952493969,5.67464221589759,0.045406757105886,0.0473626763562165,1.00288309926358,0.00204815810997367,0.0917389908483088,1.01449885892793,0.00266867709754979,0.0694303779707362,6.40400427119728,0.0182231945823958,0.072746326114511,1.00288309926358,0.00162632260291551,0.370177728922601
0.0585140240193433,22.1101941987733,0.156403898936477,0.058278214802638,2.34472828861258,0.0069858775180839,0.0672048693909934,7.72186012504483,0.0297805428875516,0.0999235525802337,2.75841998672107,0.0621254609736933,0.0973190949832652,1.01158236655188,0.00243507276787145,0.0894950077291923,22.9927224875773,0.0617092050527329,0.088267446082889,1.79913505645155,0.0306220501410904,0.0998676021156368,1.00577451078852,0.00179357556028192,0.0873735545540349,2.02454102487246,0.0249302945415993,0.0585885837549632,1.00577451078852,0.00134792030125039,0.378133898680632
0.0825543961237364,21.6109004384566,0.295012524951121,0.0516346062370586,1.00288309926358,0.0018735161293092,0.0988463285119048,4.67915618701786,0.0646588686461816,0.0595347450484493,2.1394581173242,0.0252333227418171,0.0937799356349822,1.01449885892793,0.00250970668260452,0.0989960118622022,2.82724106811333,0.050602021902144,0.0969180156445843,1.33746236557711,0.0286534520171251,0.0843443071530203,1.02035709353375,0.00161563165086946,0.0776837194945679,1.00288309926358,0.0100739309873628,0.0855347067547159,1.00577451078852,0.00448031494665679,0.484713290655192
0.0890139654491101,11.0479534333989,0.216440093862339,0.0972182762609028,4.32921447906216,0.0249327663458887,0.0493835356882427,1.17494491051044,0.0102474169096504,0.0664831811374426,6.45905545193381,0.0499775192608139,0.0873110865033706,1.00288309926358,0.00113514070520929,0.0854708949773421,11.1625120439526,0.0517281531115775,0.091529168004099,3.35066711121492,0.0438742217319782,0.0957055327945019,1.02035709353375,0.00170516411126207,0.0977937536547873,1.57597523020146,0.0281766988107856,0.0874067721710044,1.00288309926358,0.00408946638736115,0.432306641236866
0.0394112586636937,9.55088865963059,0.0615859879907654,0.0756116099814695,1.00577451078852,0.00735788683514586,0.073582238048129,1.89482624889294,0.024686821817546,0.0879950667132142,4.95282021809367,0.0780683635529361,0.09769673523008,1.00288309926358,0.00306689778403061,0.0906967830334158,7.4382002633935,0.0561762075818668,0.0783756611773788,1.62668261683323,0.0236194294274813,0.0949965996277097,1.01158236655188,0.00281748613636311,0.0965316045197893,6.74461616851603,0.0411927939689534,0.0997868169332238,1.07772542117776,0.0139214172339717,0.31249329232906
0.066102988575966,16.5712936542063,0.176043693275868,0.0858943285340652,1.00288309926358,0.0118408547726573,0.0964349573048073,4.92802801770652,0.0619446900815239,0.0907088363853498,5.30409931780933,0.0857056648007782,0.0892168546714186,1.01158236655188,0.0016990860712944,0.0707363425095364,4.39198314906283,0.0290741670371668,0.0628968555632676,2.04799000112185,0.0176409338070859,0.0826376119241115,1.00288309926358,0.00191073519800792,0.0693847832634819,1.96143148928283,0.0153666592959079,0.0682649808233122,1.00577451078852,0.00209829512762566,0.403324779467916
0.094566955918894,11.0164552140568,0.232009321969948,0.079314116495665,1.00288309926358,0.00849729372041124,0.0805982429922886,2.82724106811333,0.0349508589688651,0.0907692141470136,2.35755856966429,0.0473399121311946,0.0866789397106564,1.017423759841,0.00222108049347625,0.0830582604751247,11.5882005855279,0.0479585986312496,0.0526687873568705,1.00288309926358,0.00739042066210101,0.0939309796221662,1.01158236655188,0.00156857497675345,0.0945013510596067,1.00288309926358,0.00595982412383464,0.0887712601061209,1.00577451078852,0.00430229035582879,0.392198176033663
0.075785848438124,15.0382642362532,0.212116653878919,0.0976943190730333,1.00288309926358,0.00963142166216956,0.0773440428958475,2.04799000112185,0.0279745746777982,0.0815384434672492,3.31144805863047,0.0540683064389684,0.0935730555755289,1.00288309926358,0.00155929319916461,0.0971606729821069,2.68446171339143,0.0474715135740586,0.0807674276462278,1.25899790157518,0.0210442303263708,0.0825514250390942,1.035151107089,0.00124322687704636,0.0825900359223854,3.53905426496764,0.0253384274502912,0.0911853016177705,1.00867425853989,0.00130359548160879,0.401751243566396
0.076698387937158,8.94385316128989,0.147214937114596,0.093722334682424,4.31676880609627,0.0224940084283398,0.0740518701312054,4.08698318318596,0.032894102889745,0.0710272955680323,3.42686889229787,0.0442079961593405,0.0962579383471792,1.01158236655188,0.00117089311525525,0.0757487406041059,1.0808326105459,0.0173946399717342,0.0577575164242647,1.00288309926358,0.00148313029951805,0.0842308730581517,1.02624915657849,0.00167205672831227,0.0972567387257226,9.12515100556096,0.0439292594679865,0.0811423809176181,1.00288309926358,0.00132719943511466,0.313788223609942
0.0578757191684553,9.68821105809713,0.107222829185853,0.0685036523280442,1.0808326105459,0.00855205635115549,0.063804354542572,1.05015961695978,0.0136710997468873,0.081532116920311,2.65791377090027,0.0460990969182331,0.0898473223528436,1.00867425853989,0.00146684326807279,0.0868353516090881,2.44116367657533,0.0365722077916809,0.0455231990395741,1.40454896553258,0.00900080562107747,0.0832134355555237,1.02624915657849,0.0018930710632493,0.0918735446202009,1.00288309926358,0.0104374971309595,0.0883937291800744,1.00577451078852,0.00996159078453636,0.244877097861705
0.0906172524154792,40.0409723683155,0.44816151247314,0.0818096475063247,1.00288309926358,0.00572573057394979,0.0957458061107796,4.57261925984919,0.0596895380965009,0.0982990847417688,5.71282150388027,0.103783215688137,0.0958357071324143,1.00288309926358,0.00290685448417323,0.0704083799335075,1.71320152422168,0.0211417913880808,0.08916374319821,7.12382395041967,0.0494999727783784,0.099817795610888,1.00288309926358,0.00335591794692965,0.0688551150957866,1.7230944249062,0.0145924593240805,0.0825896492738866,1.00577451078852,0.00302836257529748,0.711885355328668
0.0891515099668466,16.0589384423485,0.289515125875304,0.0740262363598795,1.00577451078852,0.00319791056734953,0.0699646588112422,1.035151107089,0.0152201199267372,0.0899641668376692,4.06719690448821,0.0726257557262055,0.0917522136194521,1.01158236655188,0.00102866811452784,0.0916031284617476,1.25537852068667,0.0254095188865273,0.07132912138618,3.40904833026788,0.0258886367823277,0.076172874583268,1.02624915657849,0.00113277010528768,0.0967997909774616,3.46844676966084,0.0367403701296896,0.0664634976275433,1.00288309926358,0.00486027379937982,0.475619149913336
0.0884413997853009,20.7641136406666,0.330043018893264,0.0805066105458031,1.89482624889294,0.0136723834763257,0.0849491289540303,3.11798102843626,0.0402559574226159,0.0714919150478488,1.89228013759219,0.0287879350309927,0.094813646745236,1.00288309926358,0.00121016134545943,0.0879049167009094,5.87411217212038,0.0497624035851043,0.0769791116114631,2.25859550568368,0.0266410248827483,0.0913965611325154,1.0232988843187,0.00317317040290296,0.0706971650976739,1.10601480450688,0.0130326493398439,0.0856618013938165,1.00867425853989,0.00842965751890538,0.515008361898162
0.0963289211060739,40.3854104341511,0.517535620802618,0.0661530379618626,1.89482624889294,0.0088769724061729,0.0938708970566469,2.86823283751515,0.047544983802494,0.0396766735435212,1.1,0.00453522742612394,0.0944039625633221,1.77853540743712,0.00301133098637115,0.0755285460689721,1.86774606222357,0.024867150395678,0.0872133476612486,35.6154068202425,0.0530674595083993,0.0929336655086785,1.01158236655188,0.00272670579909882,0.0831528614498737,1.91126246166401,0.0221267630389477,0.0785524287667079,1.00577451078852,0.00252139258832082,0.686813606754225
0.091521898580286,15.2109927308327,0.290535831179109,0.0842873914066324,1.00577451078852,0.00787605604188632,0.0932246626018098,8.15601225127809,0.0644279663181643,0.0724392682119404,4.45629544935958,0.051675382476106,0.0945588143263606,1.00288309926358,0.00234203704784012,0.0616599831724211,1.37256962462899,0.0151613769930522,0.0591007731949024,1.47076025583445,0.0139173948732873,0.0968069818906096,1.05318733137807,0.00372698110061175,0.0597824476171127,1.00288309926358,0.00296959923437376,0.0933323672313163,1.00867425853989,0.00374364997553491,0.456376275239966
0.0758530704152763,7.19925509080609,0.115993004081984,0.0892755214713764,1.00288309926358,0.00552447823444529,0.0606090683204065,2.18818996107018,0.0186060736657651,0.050715440234541,2.22670792338511,0.0206915862291255,0.0941977190222061,1.01158236655188,0.00198074056452239,0.0457375094474721,1.70336542221432,0.0103057877881782,0.0997511346478681,2.9350594625955,0.0498311089440826,0.0802753895989037,1.00288309926358,0.00197147461160883,0.0837080982523012,8.15601225127809,0.0291445259984753,0.0880013725203067,1.00288309926358,0.00751693895552511,0.261565719073712
0.0824455659599529,42.8808809670361,0.367257583675037,0.0948969943714338,10.1800975118018,0.0248390504527916,0.0872929655565462,3.01210229799636,0.0417774385889048,0.0887408574251144,3.77621046129998,0.0677727804821782,0.0926638658528761,1.035151107089,0.00199789506171124,0.084087224327027,1.63137250428789,0.027631399102221,0.0847748078955148,4.41734470314007,0.0399248708495268,0.0988489237918561,1.01158236655188,0.0037851454841366,0.0558306466657336,3.24621921773864,0.0107951662986404,0.0990978044604011,1.00867425853989,0.00522505218543998,0.591006382180588
0.0773237257420133,13.3388784509161,0.203450851700538,0.0489260410491178,1.00288309926358,0.00193772954555628,0.0889695021027897,1.43314150019665,0.0277076241980184,0.0334613313326204,2.68844239023807,0.0124159340697275,0.0956811856616699,1.00867425853989,0.00174307874684031,0.0793118316788122,3.34103457688672,0.0343964949173018,0.0992934098460653,6.84240540686637,0.0642441982968687,0.0762064050420196,1.00577451078852,0.00182086276070488,0.0429830952772717,1.00288309926358,0.00518619309460689,0.0891401329282837,1.00867425853989,0.00159024363315711,0.35449321096332
0.0753030222667909,15.5180551692839,0.213154652036976,0.0943705684029163,1.76324060258228,0.0193996504430269,0.0968919625691541,1.56692699337341,0.0336200331488268,0.0977436421775711,3.10984531327104,0.0676616438268872,0.0963489443255844,1.00288309926358,0.00229618442142843,0.0879727841978644,12.2045460501459,0.0561652361528866,0.0775735625807476,5.89104782059798,0.0345683658580101,0.0823374132844166,1.04714060664789,0.00212233289647335,0.042829419896062,1.00288309926358,0.00533297123603981,0.0925042668348491,1.00577451078852,0.00751716309077747,0.441838233111333
0.0866775881575711,11.3679316373199,0.214316439241752,0.0909983291255987,2.11997911696849,0.0187337178522291,0.0999953402191212,3.88058521159597,0.0617966884015872,0.0524637097943804,1.55836084285967,0.0165700174528526,0.0946815872931808,1.00867425853989,0.00230546790806938,0.0707641754916551,3.88058521159597,0.0282267997703044,0.083916222138163,1.10920355497526,0.0201044675553751,0.0984261856376889,1.00577451078852,0.00121131703437383,0.0950067957226734,2.9350594625955,0.0338738460561767,0.0808638516135793,1.00288309926358,0.00709942942299357,0.404238190695714
0.0786533174879621,17.4950701385557,0.244750850192949,0.0502631914333275,1.00288309926358,0.00435303489699754,0.0874733308260735,3.1450272019994,0.0427440117128124,0.0900737948512795,2.18888771381329,0.0434464642101209,0.0896563589199082,1.01158236655188,0.00129033802976948,0.099943024611762,5.79016143825715,0.0675020120040296,0.0989806919359397,14.3810119566121,0.0709780017855233,0.0992566250523995,1.00288309926358,0.00264176977440433,0.0867269859045589,1.25537852068667,0.0200550510464815,0.0864096623188441,1.00288309926358,0.00435688594800135,0.502118419601089
0.0745279449349257,8.89292719413504,0.141440073925255,0.0579505093927254,2.39246014169509,0.00691859624939816,0.0852649908820687,1.15482354244809,0.0215480806137399,0.0863299606760784,3.77621046129998,0.0645548839911246,0.0799924244972416,1.00577451078852,0.0011663374992049,0.098069568744825,1.66458250694606,0.0355452839745736,0.0695837346630333,2.22631645743836,0.0217534535403883,0.0733424659795147,1.0232988843187,0.00130208506452414,0.0805409002637806,6.34893199363231,0.0257997809709314,0.0821294385272305,1.20926262481036,0.00911415468250329,0.329142730511643
0.0676362442218476,13.1498108541483,0.163156595419102,0.0893513028205366,1.00577451078852,0.0120656414819058,0.0934153005483181,1.46653209822205,0.0301441448604245,0.0887199626551989,6.70329784548246,0.0908826918120807,0.0949021830174807,1.00867425853989,0.00168056286925575,0.0869907731150329,1.77853540743712,0.0308503010802541,0.0983209052381118,48.8846255702689,0.0756240767491904,0.0906066616294086,1.00577451078852,0.00109427623455421,0.0876001778860638,1.30701047960937,0.0207734427683963,0.0701066363015663,1.48779514022745,0.00660106716540024,0.432872800440564
0.0983702320708214,33.0694653561776,0.503262388338933,0.0643760871041861,1.00577451078852,0.00172978413463806,0.0727462653874454,1.50936647207927,0.0213347082448651,0.0806974491391513,4.95282021809367,0.0660993803759667,0.077194431951722,1.00577451078852,0.00107579326644887,0.0914573571755082,2.16313573014221,0.0378513982294708,0.0851775711645489,3.08228092099346,0.0363315804648132,0.0954423939285145,1.035151107089,0.00273075293685386,0.0944368617872244,2.95200799512719,0.0334473644421913,0.0832930364794845,1.00867425853989,0.00160211283857828,0.705465263272759
0.0995965597709318,43.8715919447992,0.572317306087626,0.0620717017496293,1.00577451078852,0.00319106496989297,0.0763387206516758,5.62584220609726,0.0376941308253669,0.0871734091496684,6.33124734096071,0.0853719371143669,0.0819567283228231,1.035151107089,0.00108809980677422,0.0665937754684693,7.37423424898408,0.0275778252476289,0.0963366096075859,2.43414579263315,0.0426016809236273,0.0905603232295295,1.017423759841,0.00144306388449041,0.0883586279116885,3.63195145450856,0.0300687479869855,0.0961231435549865,1.00288309926358,0.00482352663179845,0.806177383478557
0.0998894522809825,22.9462679549317,0.437098769813889,0.0949248043334957,2.08968112513086,0.0205041099680002,0.0760977109117595,2.012917411563,0.0269375276168221,0.0932227602070629,6.29519745414789,0.0976359172991314,0.0794580087674395,1.00577451078852,0.00150534998697531,0.0798048056146582,2.17562678075294,0.0295741434471426,0.0734047521614724,6.1687553886527,0.030584779857601,0.0834649150475454,1.02920793476607,0.00196109758481634,0.0967236382263344,5.82359678794962,0.0405738508982375,0.0795923838839714,1.00577451078852,0.00227893484712171,0.688654481319737
0.0585093749199113,36.4406299022018,0.173686500840556,0.0936490490907369,2.90981894079874,0.0211598981030187,0.0975980162538161,2.26510726072284,0.0447373833076626,0.0829273436668797,4.1256749429058,0.0635873014567729,0.0957172230692128,1.03813555048354,0.00168586887811635,0.0640849887897914,1.31455782572457,0.0157446769814147,0.087865930626115,4.18220533158347,0.0429544840458186,0.0833523550175999,1.035151107089,0.00215281004272702,0.0879959239721934,11.756216271046,0.0339495478009549,0.0699971615725257,1.00288309926358,0.00500727203369728,0.404665743490739
0.0882966815412078,17.4451908953138,0.299793915067905,0.0932484026199626,1.00288309926358,0.00105970970439762,0.090576879509729,1.31077872056062,0.0262182428744457,0.0904398492155892,4.54625413722128,0.0784285898459984,0.0918487124324784,1.00288309926358,0.00120998376388172,0.0815300864059863,2.53425879720196,0.0329407623527401,0.0472510117375425,1.13504676028852,0.00875753966864525,0.0814711977144,1.00577451078852,0.00209180828402777,0.0885613506901028,2.13836836392825,0.0261418214846872,0.0536515701437351,1.00867425853989,0.00198311403796464,0.478625487084693
0.0867010972625661,9.25559200477995,0.176212885897421,0.0885321070335501,1.00288309926358,0.00114333868925174,0.0899240006551874,2.70774742833384,0.0424453013691605,0.0779431463067352,2.57573575863364,0.0422767122818801,0.0943613007257568,1.00577451078852,0.00275278473623411,0.0833562142410438,2.95200799512719,0.0365555489040501,0.0769152008936952,11.8923810771604,0.0364342831233055,0.0932827635323144,1.00288309926358,0.00206777712554108,0.0663896295961267,2.56361151152847,0.0148341155807001,0.0820660460005143,1.00577451078852,0.00121624026583592,0.35593898797338
0.073682703037199,12.6706823189462,0.182839002834181,0.068531074629305,1.00288309926358,0.001891771323943,0.0744364608232413,1.2517695448338,0.0193248907825024,0.076537225175041,1.7319949220849,0.0281755695383959,0.096542111612429,1.01158236655188,0.00277287035784601,0.0992049137808601,39.8474101492761,0.084624461034529,0.0871794068677325,7.50272113554967,0.0472532250876161,0.0844421383398678,1.02624915657849,0.00132104526454615,0.0899193277813324,1.00288309926358,0.00150214500951312,0.0647382875101973,1.00577451078852,0.00122149690352839,0.370926478136601
0.0569638264292262,39.6994719371337,0.167399330963829,0.085585278051983,2.56361151152847,0.0166170374948767,0.0674246755142254,3.39924796097488,0.0258641852913391,0.0523739144847658,3.19991472963955,0.0259644899022751,0.0784002759655711,1.00577451078852,0.00117327529029129,0.0827686273633132,11.1304219326752,0.0473254521903941,0.0988865399441578,7.4382002633935,0.0644399658593463,0.0923740753188198,1.00867425853989,0.00133920045348975,0.067143091669042,1.24458268867087,0.0125091985851745,0.0884747617311837,1.00867425853989,0.00734889422804354,0.369981030259059
0.0764739111530517,13.415264467696,0.200534066737672,0.0978217977732499,1.00577451078852,0.0097291388675402,0.0980040498644953,8.6145740489714,0.0733783473419971,0.0831752647429206,2.02649023080632,0.0367212245246889,0.0875928425864409,1.02035709353375,0.00142612472357996,0.0826065232956804,1.59422875299434,0.0264205013105437,0.0848865675927327,6.11570617216135,0.0429040800218263,0.0753658470250962,1.00577451078852,0.00171083138638046,0.0787355103517731,2.25859550568368,0.0206717262179162,0.0687956312715232,1.10601480450688,0.00603769372002871,0.419533734852173
0.0908274850798222,12.3140350149142,0.244269414873721,0.090510440027613,1.00577451078852,0.00144872816428651,0.0723309214330476,3.74881037659201,0.0305915433042406,0.0806082475947299,5.05280219036138,0.0666078941918053,0.0974134008738591,1.00288309926358,0.00264101854580448,0.0907075037119323,1.82522046182733,0.033690822454245,0.0996732673571273,1.29950646550457,0.0290854984261588,0.0899859947462135,1.01158236655188,0.00103687622145084,0.0801318019840226,1.4963864293158,0.018711199219867,0.0748481134300436,1.00577451078852,0.00519378707391488,0.433276782475494
0.0991857252366159,48.4821708162483,0.583945641717572,0.0905060696900498,1.00577451078852,0.00670153734646287,0.0700345508580856,1.00867425853989,0.0149100881080143,0.094782102412798,3.0051021935558,0.0628727002668517,0.0865786665542242,1.0232988843187,0.00195520518010193,0.0665496858058915,3.65292419736599,0.0245367276211266,0.0975041978291635,3.26496454563336,0.0495683767329,0.0996609414331476,1.00867425853989,0.00307886388346558,0.0909143225380196,1.1988633739507,0.021199248992411,0.0728399137742443,1.00577451078852,0.00147471889323888,0.770243108742145
0.0883835375715783,21.0026088575404,0.331898072931149,0.0843058730699932,1.00577451078852,0.0115134263677942,0.0923806091730677,4.40464567244553,0.0543909488636244,0.0749418194385755,5.55202018817461,0.0601793050800629,0.0983881400701105,1.01158236655188,0.0023211933320012,0.0916712953618573,23.0590127888488,0.0658386552455075,0.0959289206378477,3.94819959636536,0.0515630655178146,0.0895784891805589,1.00288309926358,0.00279509180161897,0.0708603581910771,1.11882507338448,0.0131952015040406,0.0661864244533864,1.00577451078852,0.00178308278763567,0.595478043431249
0.0829990990405241,24.714456715881,0.31676566726484,0.0821188058240498,4.61228334151361,0.0161097263696826,0.0951973052851997,5.23515726431772,0.0610093788963961,0.0854390124038382,5.31926478442073,0.0761584612218335,0.0812968354323931,1.04112859832463,0.00135173694280253,0.0872462245001774,3.45847564108692,0.0425341820059049,0.096510393402811,2.32456441587663,0.0417732191919078,0.0953506614615545,1.00288309926358,0.00258857419440533,0.0939576198491996,1.20231981606127,0.0225747180236496,0.0915345832706472,1.00867425853989,0.0028844310305951,0.583750095142017
0.0705059454503231,26.8478776994092,0.234838999736643,0.0855691504951813,1.00288309926358,0.00474887142130899,0.038079965030892,1.81474121907939,0.00820462162898533,0.0934880899452852,7.28194525201041,0.104078882164926,0.0784507100397666,1.00867425853989,0.00175419244368483,0.087721152664023,2.76286929599819,0.0394811214844403,0.0668952727460516,1.5896456468007,0.0177651363275016,0.0843349033138549,1.03217524340486,0.00245730134523077,0.0886235635876408,4.88564863828298,0.0316301088455861,0.0847042704424027,1.00867425853989,0.00906596581545765,0.454025201213765
0.0882928642900006,14.0824620538428,0.259682478491562,0.0692158561376228,1.00288309926358,0.00596523515441986,0.0887846213087619,3.48847535295163,0.0458375447968806,0.0993896031434246,7.32364581883523,0.119227085268836,0.0930230412825771,2.70774742833384,0.00293817515745549,0.0973464538046165,2.12609122719942,0.0418943641018803,0.0739919086638227,4.61228334151361,0.0296578484341017,0.0999219530338278,1.00867425853989,0.0010286517364629,0.0591443748398162,1.00288309926358,0.00583141533621102,0.0599030164720133,1.00577451078852,0.00265084513820905,0.514713643616019
0.0881448479032293,16.7138422487345,0.290664549722784,0.0803252819802276,2.01872085226992,0.0137884408498525,0.0624945400061409,3.23688695135292,0.0220729518606921,0.0587355140951611,5.92884584496348,0.0385793004003149,0.0997628799833104,1.00867425853989,0.00255609252800921,0.0891681197177129,26.4762037102107,0.0616325593247903,0.0575724106256936,1.78366310156055,0.0143524878766395,0.0790291149029215,1.00577451078852,0.0012319921962795,0.0793487858018776,1.4249133228412,0.0179792918435659,0.0748369186544774,1.00577451078852,0.00273922675691794,0.465596893359846
0.0992914353545943,42.0323785143101,0.559068277158197,0.0709355856427845,1.00288309926358,0.00771430739258098,0.0699930666405235,1.41673238639154,0.0193024779242573,0.0590715718036667,2.74271364594045,0.0291705176163842,0.0980676227475867,1.00867425853989,0.00141985066578147,0.0922261119000811,11.6216105181022,0.0626292736462996,0.0800410107959922,6.1687553886527,0.0372692216549513,0.0990096005836013,1.00577451078852,0.00327463977272905,0.0832539916503933,6.09812467340626,0.0280547649338323,0.0753143556864518,1.00577451078852,0.00128807932318052,0.749191410088194
0.0905186145839359,27.1562506222958,0.390175119526876,0.072695753165612,1.00577451078852,0.00847648510865554,0.0828301908014001,1.48779514022745,0.0257887329376635,0.096837401300449,4.70471425294448,0.0900643868542747,0.0974947110784385,1.00577451078852,0.00313197890400206,0.0512514978534625,1.15815301335288,0.0104822318835578,0.068924283317038,1.19541686845759,0.015959324735747,0.0865578189943816,1.01158236655188,0.00112688865499876,0.0783973289326035,1.98987000774274,0.01972337906168,0.0692399494769223,1.00577451078852,0.00164296575434784,0.566571493421803
0.088739909271213,9.36190111388404,0.18305196749567,0.0951351658674143,1.00577451078852,0.0128046754716357,0.0951461932286666,3.17230798106454,0.0511401375799763,0.0403069631668304,1.2366053461924,0.00973041191564463,0.076562460626673,1.02920793476607,0.00121123703790981,0.0992157407076063,4.760684680679,0.0627556294100419,0.0607703599190756,1.00288309926358,0.00813508143350065,0.0862585285149283,1.02035709353375,0.00131503818780686,0.0991046489438036,1.00288309926358,0.00592158673099223,0.059217655225191,1.00867425853989,0.00294649836082294,0.339012263624001
0.0168068176575006,5.59977944530514,0.0161254299153483,0.0897770664318579,1.00577451078852,0.00296308207533281,0.0923127371069593,2.42714808378022,0.0419799641530681,0.0302990684813096,1.1,0.00117198082534276,0.0941917666840421,1.03813555048354,0.00163041253368161,0.0832185496339577,1.59882507273807,0.0267732621457383,0.0940356021874171,8.20310923201435,0.0580748985429712,0.0801673737490565,1.00867425853989,0.00132778091343256,0.0594290629728032,1.00288309926358,0.00109977943817686,0.0843571732959324,1.00577451078852,0.00178112486075716,0.15292771540385
0.0614692163205088,7.13785426629355,0.0911461201617278,0.0615047437160719,1.00577451078852,0.00429581175875008,0.0594371085646645,8.25047817477399,0.022950650221603,0.0653381170336784,2.76630685378413,0.0342081547885202,0.086910422506505,1.017423759841,0.00102544106567731,0.088829536457277,16.9944681193122,0.0592597467392647,0.077826008357668,2.65372529430481,0.0287435623396157,0.0887499090867598,1.00867425853989,0.00127441370554248,0.099585472155715,1.09020803204812,0.0232106488086124,0.0821313858926673,1.00867425853989,0.00637962236925659,0.27249417195857
0.0799228864762389,35.112873494103,0.32830508840949,0.081282095378486,1.00577451078852,0.00440093972047851,0.0868925237422724,8.17952684419346,0.0539470205941146,0.0609092586960394,2.23307452073596,0.0268720033728793,0.0835819419592653,1.00288309926358,0.00197430817880444,0.0963804079553024,6.80312071291408,0.0641453512847541,0.07208515686795,3.39924796097488,0.0263299661876166,0.0967889381539973,1.00577451078852,0.00284945916500144,0.0909836669806666,1.1817296425721,0.0211076325283,0.0950793898675672,1.00577451078852,0.0109607978563304,0.540892567297769
0.0834372260633379,19.7803533829387,0.290230946750541,0.0933133952825214,1.00288309926358,0.011706258028406,0.0826323180175066,1.53566531100084,0.0262548171575019,0.0919672738559838,6.74168474761895,0.0973943463933416,0.0994015749042474,1.00577451078852,0.00303100116403095,0.0952545722669432,1.65026765861521,0.0338185577477598,0.0843785532129538,3.77045792255574,0.037985193561981,0.0866389127546773,1.02920793476607,0.0010320874322985,0.0736503359774559,1.16819913201946,0.0144067383374782,0.0715284968251086,1.00577451078852,0.00641295715639103,0.52227290372973
0.0859724971973574,14.7828421851443,0.258222421661613,0.0909173653967963,1.00577451078852,0.0044898925585975,0.0765147946581717,5.99369202303595,0.0383256266020754,0.0480917840032613,2.00920675224241,0.0180485972583104,0.0864443194413883,1.00288309926358,0.00226918501816692,0.0705342494324691,3.66345594042931,0.0277193668123578,0.0736618362058949,2.76286929599819,0.0260636029490223,0.092375980544083,1.00867425853989,0.00229624549870207,0.0920931310565622,1.69358579278262,0.0259365368003362,0.0837398473129272,1.00577451078852,0.00486908715825093,0.408240562317432
0.0649252599984684,6.83861649420725,0.0927182387994447,0.0959832788749801,1.00577451078852,0.0117411368260698,0.0655154737454971,1.30325307163827,0.0165537692027712,0.0695741048258258,3.72268579358263,0.0445504412370175,0.0911240305873732,1.00288309926358,0.00260954049451425,0.0782765073163755,20.4916955329151,0.0433805185690331,0.0577564733518445,1.00288309926358,0.00477588604607367,0.0855208759439968,1.01449885892793,0.00208306035968621,0.0949835282030493,2.49085867387056,0.0322150050813654,0.0818105087096638,1.00867425853989,0.00607171250237833,0.256699309118354
0.0315343983326837,4.85481663215535,0.0291876065079467,0.0712174568003247,1.00577451078852,0.00600590261115856,0.07716931318921,1.18855355314224,0.0195106063030556,0.0530134752736047,2.75841998672107,0.0247759057387393,0.0896342208200429,1.00867425853989,0.00239338107293615,0.0876909013834106,13.4209094274668,0.0558808623326801,0.0676396303043911,2.46233896144414,0.0212914253493068,0.0994505110600238,1.08394875824941,0.00405665010322525,0.0507057823634726,1.00288309926358,0.00642062704716866,0.0953472809748015,1.03217524340486,0.012378415044633,0.18190138211085
0.085594219609198,9.04658165894228,0.169337875319735,0.0925681373602691,1.00577451078852,0.003989041839035,0.0628224860400901,3.90299369276608,0.023335270242062,0.0951161244077319,3.01369437372618,0.0633718421287676,0.0791774449330564,1.00867425853989,0.00130401352650301,0.0926185180405554,5.08658851868221,0.054620375429719,0.0703885655572202,1.31077872056062,0.0174601468325049,0.0971773700562125,1.01158236655188,0.0031155112357778,0.0749524334438485,4.92802801770652,0.0212768892595652,0.0865753376440443,1.00867425853989,0.00850788198194677,0.366318847795616
0.0959469167761081,17.0026286550031,0.33945363170895,0.0897056320986117,1.00577451078852,0.0129448144225059,0.0664461791101224,1.0232988843187,0.0141077425928379,0.0934252055447729,3.26451101451762,0.0658800642183544,0.0984053659394856,1.01158236655188,0.00196791876938837,0.0734209025247672,1.92229906736858,0.0240284921854032,0.0994333452433838,3.73803325566538,0.0545597898021569,0.0836314279601412,1.01449885892793,0.00209812736557913,0.0676786106779511,1.45811221351425,0.0134371128673967,0.0812293293677914,1.00577451078852,0.00814926494838223,0.536626958880955
0.0987381267825732,44.8851921034589,0.563492172639248,0.0686123796895239,1.00577451078852,0.00613544965077879,0.082881909027044,1.99560700049668,0.0311812018654511,0.094976302216431,3.31144805863047,0.0684502767156876,0.0987909042120309,1.00288309926358,0.00207311491806702,0.0959496186935251,1.99560700049668,0.0392088601039459,0.0967006131798558,8.25047817477399,0.0625183819506804,0.0948771084515617,1.00577451078852,0.00219514876552408,0.0967679648316124,1.00288309926358,0.0185948314053368,0.0853541275520019,1.00867425853989,0.00597963061074615,0.799829068625466
0.0303855921052814,5.64794953427064,0.0321543551616623,0.0670420772374564,1.00577451078852,0.00616788637833101,0.0576389650663461,1.017423759841,0.011624727697869,0.0864599702212584,5.79496028477088,0.081267825922016,0.0923057384193327,1.01449885892793,0.00252050952688816,0.07032532858338,1.5896456468007,0.0202887075200415,0.0932354399466885,1.60343464412786,0.0311490780024404,0.0940877692291901,1.00577451078852,0.00132472180351528,0.066289378149519,1.00288309926358,0.00705702910896826,0.0986607819245897,1.00867425853989,0.00942895292571199,0.202983794047444
0.0969008072643472,43.7465120343619,0.534101756780092,0.0897693374051295,1.00577451078852,0.00826497084874199,0.0489096330811753,1.77853540743712,0.0121194501123824,0.0706389259552367,3.35905996219402,0.0433704101173891,0.0929987948470669,1.02624915657849,0.00250788634101004,0.083110761361865,25.9479782891666,0.0509300104893621,0.0813075910419269,1.56692699337341,0.024594935582538,0.0923861283375845,1.0232988843187,0.00308890744933415,0.0696743667771308,1.21274904899342,0.0132380447336537,0.0791123898669446,1.00867425853989,0.00485721622162991,0.697073588676133
0.0914245735535833,10.7063701726058,0.216783359276683,0.095533156136341,3.07341994620988,0.0224447047368993,0.0930348282725292,4.55947384416678,0.0557953283566823,0.0887890615316593,5.00970797899177,0.0798624403907594,0.087540421840995,1.017423759841,0.00214079462089607,0.0980092745212066,2.18818996107018,0.0431380482912295,0.0960709802462928,2.68446171339143,0.0444338580591528,0.08519012427758,1.02035709353375,0.00158576985339398,0.0840352464288457,1.04413027541975,0.0171078932156429,0.0999656020108073,1.00867425853989,0.0110849843139885,0.494377181115328
0.0725937725226036,15.8765810965279,0.202385215857997,0.0905410713006557,1.00577451078852,0.0124309846462954,0.0921067769576902,2.69996316651677,0.0442114494951752,0.0973660136826799,4.52036793530198,0.0886799133223539,0.0860107623072411,1.01449885892793,0.00178896578253438,0.0655835511009796,1.30325307163827,0.016225116002261,0.0770535276924236,3.85830538552188,0.0313921313275752,0.0992910350193797,1.00577451078852,0.00233707171325909,0.076268509833515,1.73804099143649,0.0178768290847716,0.0828938680740599,1.00577451078852,0.00788895552708561,0.425216632759308
0.0965403641282249,30.0101711160967,0.465138012130653,0.0636806567774834,1.00288309926358,0.00519773761537122,0.0728071053583804,1.30325307163827,0.0192813340366378,0.0705465880047089,2.03228436626499,0.0303003900845863,0.0897232616873846,1.01449885892793,0.00186270535043447,0.0980096200892593,1.11240149892777,0.0243157583137503,0.0662764490575593,2.49804006667886,0.020653262245374,0.0834791967112178,1.017423759841,0.002410899228756,0.0844059750150951,1.93897358646993,0.0228358584835058,0.0932589556912558,1.00577451078852,0.00889684741349177,0.600892804902561
0.0830117328867718,8.0702322805811,0.145138595511834,0.0759568927488897,1.00577451078852,0.00382814258114161,0.0905428952288117,4.41734470314007,0.0517314998781025,0.0845692137823671,4.28168300485197,0.0671909506768936,0.0865402434897244,1.00867425853989,0.0018733819155628,0.0478054495636407,1.017423759841,0.00882012052133539,0.0979554378135413,1.8463608342542,0.0373024412764733,0.0821046975410517,1.03217524340486,0.00113277842722845,0.08531788067839,1.00288309926358,0.00699116967292436,0.0952184904180573,1.28833114804146,0.0131716642635294,0.337180744725025
0.0712393984202265,19.5557374934602,0.215724615650987,0.0770710313090496,1.16149208345279,0.0110949910288436,0.0982600984815342,1.7683242002651,0.0378262156117247,0.090807679558719,2.63524502323706,0.0529031499386183,0.0964686049537166,1.00867425853989,0.00177667714696661,0.0914559074833648,4.18220533158347,0.0502846463707213,0.085348294658634,2.08968112513086,0.0311988519372491,0.0770675383222463,1.00577451078852,0.00123361875409437,0.0882824642124271,1.41673238639154,0.0219494749042703,0.0913578211490147,1.03217524340486,0.0112231992215287,0.435215440565004
0.0861585235887647,31.50270328173,0.371750149512625,0.0625892482392704,1.00577451078852,0.00678072896637138,0.0739289478398107,2.09570588324384,0.0262025482205105,0.0658087944836032,2.91218972678271,0.0356301911975442,0.097041570637349,2.27818714703702,0.00327464816284044,0.0902400053764259,3.71657187129828,0.0470328467539782,0.0990668406053702,5.6910027726913,0.0617453887753314,0.0822833849274728,1.00577451078852,0.00230819607354688,0.0906909193974987,1.8199732981517,0.0259677247668714,0.0680315399673702,1.00577451078852,0.00397894119643088,0.58467136362605
0.0718647288568566,8.8170814218763,0.133903535184834,0.071735023759496,1.00577451078852,0.00799712416881285,0.0528751376339463,1.70827639380871,0.0135402617900292,0.0844309175937705,4.49462912845335,0.0686186378560245,0.0794952745824311,1.00867425853989,0.00109471750227782,0.0920050712837845,4.91386086905364,0.0533416446144693,0.0975631975897403,1.14489244934213,0.0250389928399037,0.0841306123802548,1.75817161928149,0.00262915714923332,0.0965747798183111,1.57597523020146,0.0276067801394565,0.0780238816945325,1.00577451078852,0.00483145066715077,0.338602301912192
0.0880286271985828,36.2331383112695,0.40625599111519,0.0972535208133207,1.00288309926358,0.0110273824410435,0.0826075841814201,2.78683513858361,0.0364191848494537,0.0843784262314514,2.27815332129253,0.0419881816354272,0.0981502075533444,1.4920846013006,0.00335021588097501,0.0917920974994158,1.6741946565908,0.0322768105113605,0.0703207155704945,1.23387969717049,0.0168387814011943,0.0990569954362801,1.00867425853989,0.00287683070128402,0.0602302670316287,1.00288309926358,0.00189702363384534,0.0607233923354618,1.00288309926358,0.00246029652915165,0.555390698698925
0.0980484421540828,16.2433903324148,0.339511512650116,0.0915945618805158,1.00288309926358,0.00714232765773497,0.0946686388609678,4.18220533158347,0.0564961093875654,0.0825051972820686,1.99776640374531,0.0358118956572838,0.0953757644195186,1.00577451078852,0.00227167060954419,0.0963715060417768,10.4172824260824,0.0694537923781063,0.0700798707771931,5.07196553857306,0.0268142675646437,0.090318764669972,1.017423759841,0.00110325318589903,0.0904458253203648,1.04413027541975,0.0192979508870559,0.0763224665736048,1.00577451078852,0.00627014685010062,0.56417292682805
0.0887094426633852,25.4302533128258,0.365146299364238,0.0712037751065469,2.00713065465068,0.0105415466381952,0.0991876887213872,2.90981894079874,0.0531778013005448,0.0822814198493556,2.75055560547588,0.0480135606300095,0.0904748679725833,1.00577451078852,0.00138462330387792,0.0987393315120147,2.04210241714683,0.0416661411136262,0.095072044287471,1.38846722913941,0.0288661677602845,0.0920629792565996,1.57597523020146,0.00334983345931085,0.0992452337702787,1.18513668643434,0.0245172380693007,0.0937530369837262,1.27725193454067,0.012593838194806,0.589257049834194
0.0682119619247731,17.1488876537651,0.188478205512107,0.0997192439369538,1.00577451078852,0.0175268776019866,0.0756409863094532,5.22010717715947,0.0361015799338866,0.0828114570496325,6.76096055465395,0.0788521702567407,0.0785660717870567,1.00577451078852,0.00147617467268088,0.0747205581166509,3.90299369276608,0.0318321437439795,0.082192683675065,1.27725193454067,0.021824786373997,0.093587668455688,1.00577451078852,0.00217122111380103,0.0898751568804805,3.24621921773864,0.0303625032155952,0.0718946029415032,1.00288309926358,0.0049359499958999,0.413561612420674
0.0780269809407318,8.11644702799564,0.136369146052385,0.0627817672665125,1.00577451078852,0.00231254528197185,0.0952618334797682,6.59105201019205,0.0652633508833594,0.0834005728519206,5.53619112528679,0.0740245660168715,0.0938182368811213,1.00288309926358,0.00147670430435898,0.0843171362531561,1.42902148939294,0.025244931066953,0.0891928298161451,1.37256962462899,0.026028773544026,0.0796148309855042,1.00867425853989,0.00194676314635892,0.0933033563445284,1.54453302690677,0.0254896289615784,0.0809260451149041,1.00577451078852,0.00383123844099051,0.361987647698854
0.0742466362269502,18.1566278288002,0.225065781560217,0.093897538308334,2.04210241714683,0.0199233239794917,0.0817319293061462,2.45526020256225,0.033809957979309,0.0929899826408377,4.45629544935958,0.081358144324177,0.0813493566841648,1.03217524340486,0.00190548843644092,0.0738512192502774,1.34518555643637,0.0198167782225145,0.0973054776698031,1.24458268867087,0.0270810572087654,0.0927914957489841,1.017423759841,0.00293696740352371,0.0883687365186276,1.20578622343754,0.0202585501733147,0.0737431440610423,1.00577451078852,0.00288251469638413,0.435038563984138
0.0649567139059587,11.1112203084553,0.138892806134345,0.0958185975546515,2.34472828861258,0.0216992089831477,0.0785570537657924,1.00288309926358,0.0170125483121024,0.0760589791959544,2.15786203641709,0.0351448356919402,0.0877275955862192,1.01449885892793,0.001021582432092,0.0747015274523795,1.34131840233837,0.0201531714820401,0.0757246933689576,3.65292419736599,0.0298731249646262,0.0748747319626422,1.017423759841,0.00187392879575868,0.0881523559832193,1.65979714701382,0.0236319951963633,0.0684119368858981,1.00288309926358,0.00124477428924283,0.290547976281658
0.0838753823034944,8.11644702799564,0.147591322075973,0.0973409578544644,1.00577451078852,0.0139713771705941,0.0926846770950886,1.41673238639154,0.0289958235949493,0.0912715271291699,2.95406110570076,0.0588553224381417,0.0902414805637613,1.017423759841,0.00207496585909291,0.0912273309778065,4.15819379664401,0.0500146497494158,0.0964893013672576,10.0635379267258,0.0637842748493628,0.0984013839818686,1.00288309926358,0.00250065448708633,0.0830983284287795,1.01158236655188,0.016401424189817,0.0928373766031725,1.00577451078852,0.0026881625380209,0.386877976952454
0.0913623130200249,12.0016436540992,0.240605021988721,0.0676350302170386,1.15482354244809,0.00846996224097332,0.0966978212467303,2.69996316651677,0.0485241652116185,0.076742895209087,3.73332968686678,0.0526550581122665,0.0991721901089301,1.00867425853989,0.00140976553860209,0.0610153400576704,1.14160110005127,0.0134404804565226,0.0850984975197216,2.6460963359074,0.034420535404451,0.0803069432641244,1.00577451078852,0.00183339616170276,0.0638933041102386,5.5454396587911,0.014981070735806,0.067118958584152,1.00577451078852,0.00207384389197826,0.418413299742642
0.0918808801625687,21.9216213343848,0.365925063835386,0.0808797675660948,1.1817296425721,0.012353210013594,0.0943397845788825,1.21975208146059,0.0256657246219414,0.0953600489947582,4.03250869852238,0.0797776880125091,0.0985438156297096,1.00288309926358,0.00298708546722923,0.0808157054872353,17.0926028588123,0.0465695361617362,0.0509088546047992,1.23743709481674,0.0101717320352401,0.08248589511476,1.00577451078852,0.00198256456817942,0.0773490529091933,2.92662172166501,0.0210627354332212,0.0747714664962929,1.00288309926358,0.00190127927906474,0.568396619428101
0.0577253294683584,34.12453590081,0.167672265057159,0.0859584124653319,1.00288309926358,0.00809888078533674,0.0901441362370936,2.54889290196729,0.0412378856023344,0.0857477186166241,4.28168300485197,0.068898936850583,0.0844852241378731,1.00867425853989,0.00182087974708705,0.0732205155695395,2.6460963359074,0.0272736778289399,0.0777896893749159,1.63137250428789,0.0233186867864188,0.0855080832411146,1.02624915657849,0.00171373662077524,0.0919612708656623,8.76467231833321,0.0376653980737834,0.064864738097509,1.00288309926358,0.00218260602277762,0.379882953375195
0.0863844336428543,19.7803533829387,0.308171796373972,0.0731397528347539,1.00288309926358,0.00639913090979139,0.0898098725207058,2.53425879720196,0.0409199718216896,0.0683815503796987,3.65945668508362,0.0427630541135709,0.0890801193634384,1.00288309926358,0.00160827710357701,0.0998595713872718,9.50045567592029,0.0751870571743417,0.0722457804214506,2.44820179377353,0.0242190162007142,0.0992507367763583,1.00288309926358,0.00251549948621843,0.0573774060319248,1.00288309926358,0.00407270229416065,0.0948298009604771,1.00867425853989,0.0090478658279823,0.514904371306018
0.0779322099068301,28.4255709888153,0.292777179960073,0.0758150834793172,1.00288309926358,0.00135829803318922,0.0383104397226923,1.00867425853989,0.00662772288093954,0.0590968064426718,6.04853072645486,0.0390556048200461,0.0982707360366539,1.00288309926358,0.00160780119198554,0.0834015760831755,13.3438551917019,0.0490837999637874,0.091968889522638,6.62911211113257,0.0528860285429657,0.0794424883211949,1.00867425853989,0.00213276027380393,0.0985342259302646,5.08658851868221,0.0416827369484332,0.0806425423633079,1.00577451078852,0.00346678249936364,0.490678715114587
0.0912446181331181,13.8038063144168,0.269576780459344,0.0913470918601636,7.92455244054436,0.0219390470915494,0.0795828724659099,1.15150364314254,0.0197807601953371,0.0985895195954386,5.82814552858132,0.105504374890698,0.0831553308067871,1.03813555048354,0.00194295194607679,0.0981032648169278,6.38559396992509,0.066583029147407,0.0775807706594464,2.17562678075294,0.026534110720186,0.0923573161716943,1.00867425853989,0.00278418509536692,0.0535567302864163,1.89482624889294,0.00920980492771999,0.0760640855871709,1.00577451078852,0.00511808579538475,0.52897313026907
0.0698731078150303,7.3866448483668,0.109323776748557,0.0758678553841327,1.00288309926358,0.0042399830504184,0.0876237637754522,2.89311263070037,0.041634444392339,0.0549938195013317,3.97535121475189,0.0306181288337596,0.0909374982219553,1.017423759841,0.00152912383847564,0.0996838466318956,3.11798102843626,0.0540862067752925,0.0964771970977118,5.07196553857306,0.0560992293623638,0.0930650054145115,1.00577451078852,0.00220933463728309,0.0759257410194521,5.99369202303595,0.0223495260858388,0.0989180099669088,1.00288309926358,0.00833950689897792,0.330429260623306
0.0950023314477304,31.1449741966316,0.457468959954115,0.0958445054104678,1.00288309926358,0.0113983179075355,0.0800658082547161,3.56975293664868,0.0373312603613363,0.0797787310993661,3.3879550675816,0.0531145305136901,0.0923090310168109,1.01449885892793,0.00230132806717327,0.0931012325531487,1.7683242002651,0.034346784272063,0.0842558842450932,6.44098426295101,0.0423137407804621,0.0999626535868782,1.00867425853989,0.00385377298491193,0.0864448110142741,1.60343464412786,0.0223114299436522,0.0729487642852193,1.00288309926358,0.00571139790173962,0.670151522686679
0.0740539192792995,22.5565299682687,0.243927532105439,0.0681598061103514,1.00577451078852,0.00349152877035753,0.0800332481494367,2.68446171339143,0.033768150065154,0.0928829550699731,3.51606702777443,0.0693234368856159,0.0962642869036547,1.01158236655188,0.00234908458931835,0.0912330089731401,6.862132740856,0.0562485159832644,0.0936061104102884,3.07341994620988,0.0446217529348385,0.0993068464956342,1.00577451078852,0.00223400797305239,0.0911441099348204,1.5896456468007,0.024758373991255,0.0995146234138219,1.07462716439149,0.0138906994763474,0.494613082774642
0.091532873355296,9.94038597042831,0.201656303605325,0.0784655430506272,1.00288309926358,0.00614640600938618,0.089492273974115,1.25537852068667,0.0248136011107626,0.0774875455787565,2.90388694099229,0.0458348126587069,0.0808826833417447,1.43727338940046,0.0019647395930488,0.0732753006418095,4.30435891208667,0.0310840412319894,0.084987016167683,2.33126636583218,0.0326738588998053,0.0906349276326123,1.00867425853989,0.00135555144675202,0.0903490289595976,1.29950646550457,0.0219087508537672,0.0761137888087124,1.00867425853989,0.00232497589996738,0.369763041309511
0.0972262111755792,30.1820264518266,0.472661880610957,0.0910877460637922,1.56242237457588,0.0173091305213587,0.0883073012209472,7.78884153617836,0.0557413372664897,0.0732287132303115,1.80262786405593,0.0281189823246463,0.0981284783448719,1.01158236655188,0.00203972715927687,0.0879164043710751,2.42017049201696,0.0374530324125537,0.0959230610082216,13.5373258656811,0.0648554648847614,0.0921467324654838,1.01158236655188,0.00273387257869993,0.0892491048228715,7.87905475386486,0.0342413455061641,0.0828163042166971,1.00288309926358,0.008315195233272,0.72346996849818
0.0849369775607145,12.1048834777738,0.218634441023747,0.0806238532896049,1.04413027541975,0.0117814579191356,0.0711500623510987,1.28093437865255,0.018482333074189,0.0912660082246827,2.2651816010371,0.0457167138211896,0.0871135783083452,1.43314150019665,0.00239850757288131,0.0974236045760361,4.27964604980107,0.058556585049074,0.0641995062187041,1.90576794350953,0.0178044995182748,0.0973746939788669,1.00867425853989,0.00222209712174117,0.0849404781796219,2.91820823764409,0.0261174541426742,0.0838411869993303,1.00867425853989,0.00358306102511024,0.405297150268017
0.0995121557623802,13.453621356053,0.298258794014957,0.0818353165723604,1.00288309926358,0.00273333504023363,0.0973170936220754,2.39935784176774,0.0461182976393023,0.0398040164053733,1.1,0.00385653451967683,0.0972917299925405,1.80432214140788,0.0032688296841718,0.0761815772013398,4.92802801770652,0.0348556638338399,0.0966591896148044,1.08394875824941,0.0234567950954424,0.0918831010057448,1.00867425853989,0.00150700703822563,0.0984254902983769,1.00288309926358,0.00832016317255816,0.052414223036471,1.00577451078852,0.00116584648951479,0.423541266527923
0.0610952162867356,19.5557374934602,0.162840989221776,0.0936956839309093,1.00288309926358,0.0107278461068155,0.0818120737187347,1.75817161928149,0.0282590989238462,0.072451547686552,3.81958376143281,0.0483710527477089,0.0952869819760207,1.30325307163827,0.00306424217216352,0.0940195350643511,1.1481932879197,0.0240218890447492,0.0992092327144161,9.97699489356779,0.068554291950567,0.096305788335429,1.01158236655188,0.00116524445304732,0.0968245507757925,3.58004488871148,0.0371294597375444,0.0929257745366927,1.00867425853989,0.00611196615311727,0.390246080511335
0.0723049579487554,7.66596306005962,0.11789669629879,0.0688100086989537,4.63891702142887,0.0106011673439198,0.0779976628971883,6.34893199363231,0.040375624117895,0.0873668637451041,4.66458880516092,0.0743854312913029,0.095510040559782,1.02624915657849,0.00285979638715855,0.0683151718221917,1.18855355314224,0.0162265628041032,0.09782234627046,2.23273514877728,0.0416787371787523,0.0861886417317466,1.00288309926358,0.0024213909356314,0.0981927610609575,1.78366310156055,0.030263754354318,0.0988964589154339,1.00288309926358,0.00165631932022706,0.338365480032098
0.042965141739954,12.5626169244427,0.0783159902136437,0.0969918339748506,2.43414579263315,0.0223851657886418,0.0690126540310892,1.26991877487462,0.0175537768651855,0.0603020101994485,2.07330984068171,0.0251046150363885,0.0872765437673683,1.01449885892793,0.00122555092555906,0.0959524207280503,35.7180895734179,0.0760641548493453,0.0823311480483558,5.23515726431772,0.0386692571602367,0.0936598904360042,1.0232988843187,0.00123120123335232,0.0939440899327711,10.5379392096157,0.0404990875765147,0.097724174850422,1.00288309926358,0.0124922181268006,0.313541017775668
0.0821254373955806,9.88378578253307,0.176073400600382,0.0812273632267286,1.56242237457588,0.0133399220931931,0.0640146367612438,2.14453349218355,0.0204483690021195,0.0933578467317031,2.66551327085933,0.0553933574455036,0.0851995525914052,1.00288309926358,0.00137420681095253,0.0920567459963731,5.64206206761865,0.0555165041329327,0.0934240486417416,10.783461436218,0.0592531025211745,0.0882710949014725,1.02035709353375,0.00213277875314328,0.0704784042378467,1.00288309926358,0.00266919929853699,0.0900179275525844,1.00288309926358,0.00762215973135857,0.393823000389297
0.0850556862078265,10.829342822459,0.199953492897837,0.0835633471635537,1.40859841962076,0.0138331712778855,0.0964603648071717,1.48351801054375,0.031833636722708,0.0443053702318947,1.15470763148418,0.00993541507828006,0.0970117219567674,1.8199732981517,0.00327748697369562,0.0862008747605501,27.4068715821386,0.056082122278492,0.0491835910191491,3.24621921773864,0.0124346083435508,0.0854171090530756,1.00867425853989,0.00179424426773387,0.0899449032824682,4.80198009042612,0.0327357390906142,0.0944898516416706,1.02920793476607,0.0121226764298863,0.374002593360683
0.0779652079683993,19.1141286310009,0.250926478444507,0.0789639597432976,1.93897358646993,0.0131547209363183,0.0988855304175562,4.3416960341386,0.0627493152883191,0.0823886912556507,2.99653451008313,0.0512992155080243,0.0831828356184787,1.01449885892793,0.00144483296323255,0.0665103092225913,10.9713498785374,0.0283249273300529,0.0892340977220515,1.72806227717372,0.0304775480362423,0.0941819701673855,1.03813555048354,0.00286526113026589,0.094965921840327,2.2456281019818,0.030831112894662,0.0850153281835692,1.00867425853989,0.00548616812915412,0.477559580660779
0.099815339557756,31.0561784540931,0.50693884190483,0.0681851579696543,1.00577451078852,0.00669444772449925,0.0793794226050706,1.85168407581574,0.0277627115551376,0.0709999266725888,2.10913306367623,0.0315549848900943,0.0964003163862467,1.00577451078852,0.00238784683694838,0.0783805479702021,22.598963573615,0.0436406164452956,0.083845971393989,1.3804955427344,0.0238128894017037,0.080832813765282,1.00288309926358,0.00179621326117516,0.0934067755994264,1.295770630155,0.0232625968680927,0.0997633716180976,1.00288309926358,0.00995022473853453,0.677801373626311
0.0870736280405841,16.8095552308392,0.285788130774124,0.0990056126099555,5.89104782059798,0.0268417882596676,0.0830755420844545,4.36676720472819,0.0426202799585235,0.0597263028767323,1.43862994594777,0.0176255781820559,0.0774044962027406,1.00867425853989,0.00124273354758232,0.0824787147916029,21.6438160118766,0.049147696530895,0.0884857615038405,10.3873347090322,0.0514339840487712,0.0918650526543003,1.00867425853989,0.00319764626299115,0.0622847506994504,1.00288309926358,0.0024431791782425,0.0835727406274151,1.30701047960937,0.00965167382912456,0.489992690571978
0.0917586637876504,40.5008802918647,0.460895662433009,0.0762289287729715,1.18513668643434,0.0109115390259937,0.0515387663923687,2.7391095515787,0.0149298391242043,0.0899095313754624,5.69653398910422,0.0869124252192351,0.0919057688143841,1.00577451078852,0.00148875891013122,0.0405074675336036,2.12609122719942,0.00897186677442513,0.0657585572576462,8.20310923201435,0.0246908586464486,0.094441194174296,1.03813555048354,0.00112904246210081,0.0960494250038729,2.55624161321588,0.0333505914281149,0.05322816622058,1.00577451078852,0.00264570875533827,0.645926292779001
0.0573117427621751,31.3233280612649,0.163003298462951,0.0491182670282227,1.18513668643434,0.00462338530809278,0.0808054710529842,1.37256962462899,0.0233768167523468,0.0773590083148765,2.29775031600197,0.0379957318593524,0.0891599013803055,1.00867425853989,0.00229610773591583,0.0636315300479171,1.43314150019665,0.0163194697610817,0.0725727641204928,8.68929909148323,0.03116576241182,0.0838403209321803,1.01449885892793,0.00197364950568185,0.0926001854284802,1.67902152597229,0.0261472560002692,0.0977621223523936,1.00288309926358,0.00772875164905104,0.314630229446563
0.0892804576580685,14.325782742612,0.267863415230241,0.0849018896292465,1.00288309926358,0.00704975556633679,0.068882591612782,1.40051115285914,0.0186916706867869,0.095764750147804,3.62824600357589,0.0744208835693215,0.0891199755486355,1.00577451078852,0.00151031520202284,0.0876111484428588,2.81100886708374,0.0396248687186448,0.0862980967704286,5.14550325140415,0.0431534741178446,0.0985201853703356,1.00867425853989,0.00189838622015757,0.0822577191533738,3.9368492691367,0.0256309700772299,0.0712132179002882,1.00288309926358,0.00269634637113809,0.482540085759724
0.0874067897947086,20.8830207840829,0.323658315776793,0.072968936407193,2.87650223749675,0.0115855850238306,0.094992470632137,2.95200799512719,0.0492518435115717,0.0546475159448719,1.34335257613312,0.0148257319750266,0.081884842851613,1.00577451078852,0.00172495436504304,0.0892916666695817,3.21830282695794,0.0436711220587779,0.0695380258455039,6.80312071291408,0.0273826300067356,0.0975862214713704,1.00577451078852,0.00364850435855173,0.074250488895994,1.00288309926358,0.00689716304317692,0.0845997078200897,1.00288309926358,0.00564953581417825,0.488295385933685
0.0823971380727414,33.3539335399351,0.345725013602398,0.0955490543286702,1.00577451078852,0.00221603389384966,0.0924582133795125,1.92229906736858,0.0366708233042782,0.0389140854990858,1.15470763148418,0.00868265904354715,0.0936145459588318,1.00577451078852,0.00133711677579586,0.0847277312617255,1.62200621191813,0.0278170709314544,0.0947187551427878,1.52245910708953,0.0308870841316376,0.0837763715418897,1.0232988843187,0.00154271397108757,0.094508969829867,1.00288309926358,0.0129928359806693,0.0769806640053521,1.00288309926358,0.00299398526982014,0.470865336904538
0.0603806497325418,21.6109004384566,0.1645939078429,0.0702179004852762,2.63848930932274,0.0105873600047474,0.098911334421642,8.08587329578959,0.0743009103241902,0.0748107497216416,2.48188585350649,0.0387654603043695,0.0842245002875611,1.00577451078852,0.00114414617547496,0.0931992670571612,2.01872085226992,0.0374511871108616,0.0954725751222155,4.98510624458552,0.0541307560893827,0.0900721400356791,1.00288309926358,0.00212122703959686,0.0779522715645471,2.11997911696849,0.0199125166270678,0.0793246959925725,1.00577451078852,0.00564690441075264,0.408654375929344
0.0964862409263643,13.453621356053,0.285846968609638,0.0908582224871154,1.00288309926358,0.00247719643959728,0.0760899823091727,2.25859550568368,0.0285255631585539,0.0906605103188338,3.42686889229787,0.0654863218068319,0.0981558676806159,1.01158236655188,0.00243623089515841,0.0697933017375201,2.35148837301477,0.0238742551270733,0.0641855439734859,2.31121826109334,0.0190043850237292,0.0898767038566589,1.00577451078852,0.00165340004058029,0.064423422938443,1.00288309926358,0.010472821266139,0.0753181149775908,1.00577451078852,0.00663780082166503,0.446414943188966
0.0926232931243292,32.0470157344315,0.438248486599721,0.0995414965437182,1.00288309926358,0.0116141008840272,0.0724124357062901,3.23688695135292,0.0295134618795379,0.0624921027497402,1.61267765666827,0.0209452628261873,0.0986454836461703,1.00867425853989,0.00321325114899956,0.0990259700231858,7.58962040187813,0.0704882422755205,0.0990898444418087,6.06311316104581,0.0622898771515274,0.0909041560214584,1.0232988843187,0.0011257977220859,0.0779213230069113,11.756216271046,0.024870435666829,0.0665028846886785,1.00288309926358,0.00287459276595156,0.665183508920387
0.077279023150278,35.5161776044522,0.305862147462745,0.0818252256811669,1.00288309926358,0.0019841170914642,0.0919294563247632,3.02078648791353,0.0465941656292783,0.0927656183448549,3.86345524438244,0.0739204767055669,0.0959816156727072,1.01158236655188,0.00284768447262504,0.0814651009475571,6.96162583541039,0.0430583898263183,0.0928401380314144,1.03217524340486,0.0212880175045892,0.0956469828611702,1.00288309926358,0.00169200450407841,0.0600386033059176,1.00288309926358,0.0080961484385504,0.0989455567081317,1.00288309926358,0.00141756380829549,0.506760715443511
0.0780091138618447,7.45018580439511,0.124065877566752,0.0872101693957382,5.46618619625777,0.0190198998706981,0.0934649424317285,1.8463608342542,0.0362009081375809,0.0817341556680693,4.13747106169001,0.0621586955258848,0.0878299804849152,1.00867425853989,0.00109156687657497,0.0935399743584203,1.27725193454067,0.0265666169645165,0.0961420586239507,1.10601480450688,0.0237904071006124,0.0839491605301702,1.00867425853989,0.00123905353307597,0.0890821963401549,1.64079288241399,0.0239289037530254,0.0842846862834201,1.00288309926358,0.00449592491690883,0.32255785424563
0.0709668698998462,7.66596306005962,0.115468718976899,0.0753282782333112,1.00288309926358,0.00994294080841764,0.0981584070251958,1.66458250694606,0.0360048130966216,0.0720713270346349,5.39574501828239,0.0550759888813219,0.0937188196927952,1.01158236655188,0.00110650088088534,0.0600563913263295,1.19198027101602,0.013436192228438,0.0982020440438989,2.29134256329585,0.0426233558657577,0.0834688312451122,1.02920793476607,0.00231879463427361,0.0897867342225454,1.38447564841702,0.022509373865887,0.0704121285345392,1.00288309926358,0.00442543587306248,0.302912115111564
0.039441800523389,14.2442122686495,0.0714929004994625,0.0697616403230288,1.00577451078852,0.00100441523769137,0.0973002049199777,3.25557838997471,0.0541675875224821,0.0565226079095009,1.98072790423026,0.0222181851416079,0.0955422432626338,1.83048275359669,0.00312211058800965,0.070618684791319,1.4455729400936,0.0193858713698713,0.0818234132283242,1.44974067037263,0.0236445778983047,0.09022540470148,1.01158236655188,0.00223958538569215,0.04874425252041,1.2267955530143,0.00711475670902903,0.092225478228381,1.00867425853989,0.00669485029596869,0.211084840648119
0.070009061440497,26.6188981999523,0.23139340577999,0.0806698817116255,1.00577451078852,0.00663019596787418,0.0671391152001682,3.81412874828321,0.0264768016969826,0.0669939800972666,2.68844239023807,0.0348941403928004,0.0936395164468252,1.035151107089,0.00214645696751709,0.0926098660136628,2.31788173275986,0.0402372612789811,0.091677380660315,2.00136053357019,0.0348288670410754,0.0955134697779624,1.01158236655188,0.00192612710252979,0.0944004198476037,4.23064516672908,0.0361895331253353,0.0944239734294622,1.00867425853989,0.00196421232304851,0.416687001676134
0.0903155839355733,35.5161776044522,0.426558076231678,0.097326009200091,4.27964604980107,0.0249195462078712,0.070613102802129,7.90177085082341,0.0332374662230711,0.0342160508067413,3.10984531327104,0.0133905507333941,0.0779221563772805,1.00867425853989,0.00101457432835069,0.0805862769588682,2.51246502599404,0.0320849928003767,0.0965748296003119,18.1578643020893,0.0680744864662874,0.0831155616149199,1.02035709353375,0.00122490877137229,0.0832084852485148,1.8199732981517,0.0217151774153531,0.0861419369962511,1.00288309926358,0.00302912448668958,0.625248903664444
0.0730849045958766,20.1796569425861,0.228321965656072,0.0928967699891999,2.90145376159538,0.0207733956273565,0.0632818073031099,7.3530347199978,0.025937755597354,0.084976544140031,2.12121116111042,0.0393917130574132,0.0963440321319798,1.00288309926358,0.00100059656872517,0.0466991296151019,1.29950646550457,0.00964884874580522,0.077392649763927,1.77853540743712,0.0241744194802104,0.0943328164276657,1.03217524340486,0.00235820261509895,0.0776512006288168,2.52697328239242,0.0206742692620074,0.084270972202023,1.00288309926358,0.00248734783617075,0.374768514446214
0.0874924133015763,30.7035198836307,0.380847192512117,0.0782423908460166,1.00577451078852,0.00978789292515005,0.0994784039856363,4.49431145638251,0.0644182907565274,0.0659358636758328,2.48188585350649,0.0323840438246112,0.0834427895045001,1.04413027541975,0.00186549334261747,0.0974276319419395,2.60078095318014,0.0469839673399799,0.0650153983651194,5.99369202303595,0.0234942795799817,0.0946551019950606,1.00867425853989,0.00117517006207857,0.0550028659305726,2.012917411563,0.00981590971262355,0.0708233178444072,1.00288309926358,0.00589498854802664,0.576667228603714
0.0986104195568621,27.2338957015877,0.466285883705736,0.0965075482099485,2.49085867387056,0.0222221251463935,0.0629844512694243,2.12609122719942,0.0197492684078593,0.0961051166485006,6.06582466936276,0.101806870610334,0.0869639113788192,1.00867425853989,0.00131579847583887,0.0920498049970068,2.92662172166501,0.0445551693571761,0.0625585407586594,4.92802801770652,0.0210068435853869,0.0977156366840106,1.01158236655188,0.00234639387158233,0.0980155523780622,1.92229906736858,0.0311767549261363,0.0778342646209098,1.00867425853989,0.00591976688437804,0.716384874970821
0.0997535240268349,31.3233280612649,0.507329249749475,0.0983141116439191,2.11997911696849,0.022576611483536,0.0896055960010232,1.38447564841702,0.0271803754301729,0.0476948389693735,2.42583975507183,0.0198388421515272,0.0835888269505827,1.00288309926358,0.00188567135290255,0.0601330806189379,1.34518555643637,0.0144539065380524,0.0812344839118846,8.56511470172144,0.0403014599878311,0.0854266457398826,1.00867425853989,0.00195426340301328,0.0695856036255223,1.00288309926358,0.00513734234277451,0.0773250277679619,1.06538573309788,0.00773099095677434,0.648388713396059
0.075012423321821,8.52011211251241,0.13709744878138,0.0601752747798161,1.00288309926358,0.0016496280490706,0.094886760314405,2.04210241714683,0.0398624847899085,0.0978368652368584,5.2738979736265,0.0985936687071717,0.0776695680884778,1.00288309926358,0.00156521681851198,0.0707021344113736,2.23273514877728,0.0240047322756035,0.0366184402820841,1.4920846013006,0.006542396671738,0.0989990437670702,1.00577451078852,0.00146831332425652,0.0791992993258662,1.00288309926358,0.00119199695347902,0.0856071812598557,1.00867425853989,0.0076565085936322,0.319632394964752
0.0760284472105574,22.4280939258186,0.257009468458074,0.0813168426113462,1.00577451078852,0.00119392740950777,0.081156442050841,1.82522046182733,0.0285611233903084,0.0338759874985711,2.53198737781993,0.0123708402840439,0.0968835622593878,1.00288309926358,0.00220803976034587,0.0939273164360462,15.8142923261533,0.0681649222639486,0.0668869575908545,1.94456383978917,0.0193055893808749,0.0957716469525647,1.01158236655188,0.00250676166327795,0.0729739395825235,1.91677282105974,0.0168274296413466,0.0944713761780221,1.47076025583445,0.0132795230099019,0.42142762526163
0.0879694184983575,14.163106253931,0.259795013033969,0.0645561888533738,1.00577451078852,0.0021619344500845,0.0707952246646192,1.18855355314224,0.0173578115040858,0.079591665473982,3.21823926427955,0.0510398214278256,0.0915094365236574,1.01158236655188,0.00262855257162156,0.0989634484799805,1.77853540743712,0.0378938508630151,0.0536803133299763,1.87313095952011,0.0129182203408135,0.0740962661236722,1.00867425853989,0.00125457943044053,0.093224127302391,3.12697047724319,0.0328634981709354,0.0829695937928295,1.00867425853989,0.0069094039120136,0.424822685704805
0.0895882996436794,18.2606030230492,0.315939416876512,0.0882467642383769,1.00577451078852,0.00665192550277148,0.0687983257497928,1.09020803204812,0.0155888995929177,0.0911918483993069,5.64794953427064,0.0891115567463009,0.0817830277773298,1.01158236655188,0.00179818182603051,0.0761841202083811,14.3396692667093,0.0394472652544815,0.0870874359475312,1.03813555048354,0.019843484992336,0.0922527888416236,1.00288309926358,0.00227366640752742,0.0809362143523258,1.3804955427344,0.0184564352117622,0.0698155453608268,1.00577451078852,0.00190261650831677,0.511013448918957
0.0379843981216616,10.1410513187878,0.0599966685301262,0.0805136356289931,4.3542135747773,0.0152257702510883,0.0584030996600351,5.97646129188652,0.0214308835417187,0.0676809315712522,7.26118409383141,0.0532870890785089,0.0926118516915126,1.03217524340486,0.00158746508047499,0.0984891105017973,2.18818996107018,0.0435155320153775,0.0698887694513119,8.41843393067599,0.0282989767947046,0.09669130568381,1.00288309926358,0.00115185448972163,0.0706873975782724,2.68446171339143,0.0170733848963745,0.0590830473906052,1.00288309926358,0.00190411769191511,0.24347174237001
0.0995133530283468,10.4050132320787,0.231945916476841,0.0598982759967752,1.00577451078852,0.00635917432386703,0.0492847628373989,2.3787241732935,0.0133114045224986,0.0736685300262426,5.30409931780933,0.0573085838559937,0.0879338634735407,1.01449885892793,0.00203433450828217,0.0899036011111841,1.11882507338448,0.0222420848652442,0.082474625005261,1.31455782572457,0.0223964379734212,0.0924138470734051,1.01158236655188,0.0010153611001483,0.0714025012122603,1.00288309926358,0.00691084778261563,0.0881865813818129,1.04413027541975,0.0104129565491527,0.373937101958065
0.0978610993334791,24.2254211208022,0.433393263004731,0.0819703714752706,1.00577451078852,0.00626963320934736,0.0716047811891168,1.02035709353375,0.0154973713800456,0.0368079952042885,1.40213373930392,0.0099055614461742,0.0798249026429085,1.00577451078852,0.00148412658173564,0.0798190287661954,9.47314366240347,0.0428534596811049,0.057241187014008,1.55793070570556,0.0135527264435473,0.0831646380355508,1.3686237465133,0.00252789812420648,0.0702881736010534,1.59422875299434,0.0148228821475749,0.0811292086069192,1.00288309926358,0.00284921477452377,0.543156136792991
0.0669404394676327,8.20967199428533,0.115042218168487,0.0977116541846761,1.00288309926358,0.0127825736460051,0.093252411590057,5.25025074237118,0.0585156195678358,0.0778911942275268,1.87079234220152,0.0313219263948195,0.0838132153093423,1.017423759841,0.00103970689444555,0.0977603538295752,3.35066711121492,0.0534458639729777,0.0996828103794862,1.05622377499757,0.023562756814845,0.0870925767248081,1.017423759841,0.0019067771518958,0.0675972798065741,1.00288309926358,0.00225873113919748,0.0561775186631461,1.00288309926358,0.00269360328017284,0.302569777030682
0.052276282428485,14.6149755559616,0.112539888308296,0.0839777330519367,1.21975208146059,0.0134792068230617,0.0934647612288973,5.87411217212038,0.0603944704653244,0.0861195151850691,2.69612917754405,0.0502487252462703,0.0853487957842335,1.01158236655188,0.00186639955032694,0.0747223678307659,2.38558227120577,0.0271627159486288,0.0802020047820205,3.61109912366059,0.0337265284882813,0.0889037813349244,1.017423759841,0.00143061720500161,0.0440365248877463,1.50502732889567,0.00625733323041328,0.0614451179469566,1.00577451078852,0.00423994721882465,0.311345832484429
0.0955339357585327,34.8134037078059,0.483331518698264,0.0958519339209646,1.79396288338358,0.0202751229311632,0.0885497715455768,7.92455244054436,0.0565972035762317,0.0976115513468484,7.07697711557827,0.112805369353929,0.0957206262711146,1.4920846013006,0.00311124719157147,0.0710132057452035,1.07153781450759,0.0158608784070585,0.0492439607800332,1.00288309926358,0.00176816768545954,0.092000409734743,1.00288309926358,0.00211045529640901,0.0951223475369582,7.69966123740149,0.0402953826012529,0.0807025474573175,1.017423759841,0.00725591462119417,0.743411260362533
0.0324645542502866,8.09330666717609,0.0437073157513537,0.0969944720798787,1.18855355314224,0.0181657779443732,0.0498614493386785,2.36506706799381,0.013608181934157,0.0867575690304135,5.99694417076133,0.0824012748722734,0.0986777074352771,1.01158236655188,0.00228692153109548,0.08373673847903,1.67902152597229,0.0280052244394783,0.0928345217609911,6.45955425993623,0.0540834483876504,0.0886559072592402,1.00288309926358,0.00124616553397312,0.0929205410260056,1.00288309926358,0.00957624374465962,0.092232324297882,1.00867425853989,0.00206975456818592,0.2551503087072
0.0880861480424585,13.3388784509161,0.249249110278461,0.0825352894286828,1.80432214140788,0.0143578299105068,0.0973976864714642,2.61579919085284,0.0484048700197863,0.0647381534627182,4.62480557828032,0.0427697348322029,0.090650201902879,1.01449885892793,0.00113709889313636,0.0693698127278338,9.31091255809072,0.0308027441788027,0.0616231399062781,1.28462743961633,0.0139990336250197,0.0846165307325963,1.01158236655188,0.00129849140584632,0.0815441843742286,6.51558610363938,0.0268424781867661,0.0748844351416312,1.00577451078852,0.00172727187003968,0.430588663200568
0.0623822785011773,6.31319666590519,0.0813318591222535,0.0989506068974851,5.16033824803901,0.0265047406228316,0.0746759129996093,2.08968112513086,0.0265689656587803,0.0625610566813498,5.33447361209377,0.0420336539081208,0.0865002300450962,1.00577451078852,0.00205316892354694,0.0962983158465951,3.34103457688672,0.0517851138291784,0.0584134584015438,1.74305193613896,0.0146345930090986,0.0865174453970856,1.035151107089,0.00194691368726767,0.0556327947444319,1.05015961695978,0.00845345194001385,0.0753510265358389,1.00577451078852,0.00412589960530377,0.259438360306395
0.0995181874726764,19.0596333781215,0.388461814908297,0.0489614795306892,1.00288309926358,0.0035778976836116,0.0897144043264055,2.43414579263315,0.0399726251979202,0.0560488620025278,3.90783063224328,0.0313935186921131,0.081087597475041,1.00288309926358,0.00144413073884972,0.0958540760304835,1.7683242002651,0.0358892266902621,0.0888417816939794,2.00713065465068,0.0328869363593521,0.0889410582880243,1.00577451078852,0.00107955131156948,0.0808092698479772,4.01699207793678,0.0245373066729481,0.0620467358079576,1.00577451078852,0.00237169243057825,0.561614700685502
0.0745542846211446,9.46943128228642,0.149729384130747,0.0498784159924001,1.00288309926358,0.00338790413126592,0.061241127626712,1.00867425853989,0.0125398791073116,0.0620683651801893,1.87079234220152,0.0239953680849654,0.0911162862900041,1.01449885892793,0.00245115945071626,0.084907226569192,3.55949057200184,0.0406327835735139,0.0997241951473769,1.93339940407185,0.039661059387803,0.094885369421183,1.00577451078852,0.00168800037577086,0.0996148039952756,1.00288309926358,0.0135201526864041,0.0989873752196058,1.00577451078852,0.00992237914357963,0.297528070072078
0.0846480995812457,8.13965355167307,0.14923537843586,0.0813721164005509,1.24817094410403,0.0127441198092731,0.0873920557120018,1.2517695448338,0.0240011219977738,0.0811647348372074,3.19991472963955,0.0526612878618421,0.0903358284370932,1.0232988843187,0.00164588853192671,0.0963833876960917,9.50045567592029,0.0688706738237811,0.0821455729648888,3.51873529007318,0.0352882810325719,0.0928889534297904,1.0232988843187,0.00323128574167088,0.0975768285474669,1.66458250694606,0.0289531329075078,0.0670475552588759,1.00288309926358,0.00518547224682756,0.381816642389035
0.0889306470945712,20.2373545638513,0.328175724259638,0.077690138833858,1.96143148928283,0.0127454257994493,0.0717896850231507,6.06311316104581,0.0333131287574458,0.0603034541500606,6.76096055465395,0.0417344426122689,0.091489499369081,1.00867425853989,0.00145513241182942,0.0905228081757425,2.04210241714683,0.0359617765804181,0.0900333872130188,7.74412301428478,0.0516061065839102,0.09960413910561,1.00577451078852,0.00247211766956667,0.0966406587802055,2.97761447568876,0.0353041734365965,0.0658046087900883,1.00577451078852,0.00452343766989813,0.547291465781021
0.0975785867789339,14.8674971608504,0.315133915160384,0.0790270842476151,1.00288309926358,0.00730358652033657,0.0709723758500326,1.05926897298544,0.0158328965363712,0.0217722391322332,1.11263452623604,0.00447057869228469,0.0967840671182967,1.01158236655188,0.00193767055413576,0.0818073587346006,5.10125365829453,0.04115648726144,0.093167589291782,5.11596107896008,0.0516448350341571,0.097572570643925,1.00577451078852,0.00129094177378377,0.0990574638266917,3.49853297367273,0.0391820286463317,0.0701680233173113,1.00288309926358,0.00342489939882616,0.481377839578051
0.070080956272259,46.5824784692165,0.261090966512513,0.0580018787023293,1.00288309926358,0.00430248739016104,0.0758739883738988,1.47076025583445,0.0223838301762382,0.0870529008165273,4.77235849719631,0.0752414711248585,0.0990617262785938,1.00288309926358,0.00169426863459579,0.089323824941545,2.54889290196729,0.0395325993515742,0.0973471727925735,2.63090415150101,0.0450471712108883,0.0940872721815276,1.00577451078852,0.00215108090512139,0.087966204262107,3.1450272019994,0.0288144752409766,0.0540040557973893,1.13504676028852,0.00371586737004862,0.483974217916976
0.098760024170488,22.8156127588853,0.42595531194942,0.0622005787496691,1.00288309926358,0.00574194074099048,0.0928102150826646,5.13071090257931,0.0572206047274966,0.0619939950802476,2.81410387155249,0.0318554544380791,0.0845268636206126,1.01158236655188,0.00149529935980279,0.0996420614431984,1.1817296425721,0.0264322013892868,0.0475249953656611,1.00288309926358,0.00550957611046754,0.0962292642019906,1.00577451078852,0.0016667793664866,0.0939544815784001,1.00288309926358,0.0195320975448861,0.0849146470353303,1.00288309926358,0.00737414175776349,0.582783407384679
0.0887703596086693,29.8392943182548,0.389122056954472,0.0918956449110706,2.1944987299355,0.0192927536453358,0.0926130580022516,1.16484078042324,0.0239191175359857,0.0664938523827902,3.42686889229787,0.0395150534989144,0.0939336334779948,1.0232988843187,0.00132377854552232,0.0902315145221266,1.83048275359669,0.0333190685936303,0.096095675353609,9.17784428848941,0.0620860105447256,0.0742621551975929,1.02035709353375,0.00168608098165854,0.0657735987053755,1.00288309926358,0.00959739400907312,0.0716730702684118,1.00288309926358,0.00555203159077269,0.58541334590009
0.0994277052617762,18.1048624543974,0.374993846728329,0.0758755116243982,1.00288309926358,0.00859001088136229,0.0858251382524774,4.52026390637434,0.0461701666142434,0.0321368872929115,1.1,0.00389730847949244,0.0956597513117711,1.00577451078852,0.00235658758177507,0.0726389400498858,8.08587329578959,0.033704334091532,0.0763194189440513,1.03217524340486,0.0166348207524107,0.0935999586492787,1.02035709353375,0.00164888937274677,0.0525991305898026,1.00288309926358,0.00586987009908317,0.0817911763523409,1.00577451078852,0.00678036682262056,0.500646201423595
0.0806238883981024,39.2486644096668,0.341976887752664,0.0882644999783528,5.79016143825715,0.0197072576985522,0.0888160155275444,2.36506706799381,0.0385632992233669,0.0992520655009965,3.94144633997889,0.0837261960710223,0.0979940275161202,1.00288309926358,0.00133302222466204,0.0917519047480537,1.02035709353375,0.0205932842783904,0.0996158582152883,1.15482354244809,0.0258793738439513,0.0803496560255058,1.00867425853989,0.00174280911104949,0.0534743092569097,1.00288309926358,0.00145129151591201,0.0865143884440016,1.00577451078852,0.0043808156198699,0.539354237339441
0.099857955223793,14.7406956275529,0.324514668696866,0.0972485070306171,1.00288309926358,0.0160976976318026,0.0671664213919314,1.1481932879197,0.0157087259404103,0.014954345535164,1.1983716869891,0.00314337639519319,0.0996247263495832,1.00288309926358,0.00281496302252266,0.0971578402567465,1.69358579278262,0.0355771707113856,0.08436680204654,3.74881037659201,0.0377575671468204,0.0971199450041517,1.00867425853989,0.00161363399905582,0.0901702732489499,2.96051892720402,0.0298973589245431,0.0907218942888987,1.00288309926358,0.0104182471854935,0.477543409654093
0.0921568265315751,30.5286951837017,0.424328324841117,0.0937539066535821,1.70336542221432,0.0189581122433943,0.0902506007766828,7.45964533309522,0.0584145376752476,0.0496149674311448,2.57573575863364,0.0217083989111008,0.0995255541272337,1.01158236655188,0.00262088894919991,0.0949686212687233,8.96887940476934,0.0651264963379059,0.0551706985931002,5.43480286846039,0.0164882017035899,0.0972702840116545,1.00288309926358,0.00275913630696988,0.0962367886213491,2.10780755947618,0.0311242428383873,0.084682185055995,1.00577451078852,0.00890801983025005,0.650436359637163
0.0839344839782357,44.6296174895226,0.386716884192899,0.0973470508260495,2.16313573014221,0.0221518967856552,0.0873015742728341,2.10780755947618,0.0352282166927602,0.088209998914287,5.00970797899177,0.0785914752255652,0.0910124087149845,1.00867425853989,0.00255001280096243,0.0715904161026506,2.35826794741131,0.0249609115407659,0.0893502489415266,1.14489244934213,0.0224648737650351,0.0942879640095747,1.00288309926358,0.00282179338416349,0.0992566838169655,5.85722521042959,0.0438533706648315,0.0694519388826058,1.00577451078852,0.00377066769653545,0.623110102749173
0.085861453070663,16.1048541162772,0.272039297310595,0.0747699050961027,1.00288309926358,0.00243499030826198,0.0658785419747726,4.92802801770652,0.0267490501293967,0.0475780712729727,1.39017525657422,0.0132321639554742,0.0966371411727111,1.00288309926358,0.00134008976924965,0.0881290097329905,1.55345194953386,0.0286647416365111,0.0826178612982024,6.2943333190863,0.0404436011589289,0.094282514808305,1.88394737445416,0.00356789106763519,0.0766175929831942,1.00288309926358,0.00190351743022707,0.0800423741499252,1.00288309926358,0.00224515553942443,0.392620498305704
0.0900778023986939,16.2898333906952,0.296251821615423,0.083504146230186,1.00288309926358,0.00242021097316723,0.0969415101541702,2.60078095318014,0.0480149932986141,0.0851565868046571,3.39764189966745,0.0589234444237632,0.0940646349387008,1.00288309926358,0.00108618400720496,0.0864315291252289,6.22226476776323,0.0486456933025027,0.0763679103497264,3.60071789654471,0.0303676708906626,0.0815209602966537,1.00867425853989,0.0017307541502418,0.0563556426621018,1.24817094410403,0.00917646435900759,0.0929397866834699,1.00867425853989,0.008182189999932,0.504799427020519
0.0663687202017825,12.0703719026488,0.150536306367117,0.0825969268326918,1.00577451078852,0.00214573974172089,0.0799295923913683,3.37001557459736,0.0366127335911724,0.0833733635909575,5.25886184986271,0.0721330666172926,0.0881650842293212,1.01449885892793,0.00114786973081681,0.0806101359159924,2.67674439360146,0.0328578718869348,0.0974168075227334,3.19982540066046,0.0493085040170434,0.0983020601735858,4.87160332233193,0.0041253587608122,0.0886894114344077,1.01158236655188,0.0183036493531925,0.0888421594280034,1.00867425853989,0.00223103772516397,0.369402137791267
0.0660212604080674,15.429695940481,0.170312849785708,0.086312094397349,1.00288309926358,0.00957644458834182,0.0804830948954764,1.23743709481674,0.0213427052399145,0.0979608259489118,4.9246190440357,0.0946354147245512,0.0911681368123631,1.017423759841,0.00197485191815242,0.0980423684526231,2.02454102487246,0.0410262115397928,0.0878221208659553,1.24817094410403,0.0236277613292454,0.0942111694145424,1.01158236655188,0.00135513345653062,0.0660146100042105,1.00288309926358,0.00585357355269106,0.0822929297170903,1.00288309926358,0.00637909788265563,0.376084044017583
0.0783852444987801,15.429695940481,0.227053452512558,0.0950550467445915,4.69264665877481,0.0236786965223507,0.0579374654886586,2.012917411563,0.0167671917193086,0.0341434353644639,1.69288290661716,0.0103252188494888,0.080012324385478,1.00577451078852,0.00107637849796807,0.0936625691032495,7.99329205722658,0.0621678432893219,0.0741129479756568,1.17833239331668,0.0176694283913842,0.0933676384066597,1.00867425853989,0.00288643086373769,0.0829023983475424,3.19062650772569,0.0250746212414597,0.0549443837635536,1.00577451078852,0.00350358261178928,0.390202844499367
0.0942240325743842,48.0686773054992,0.513250678568037,0.0822396340490766,1.00577451078852,0.00117052600621807,0.0962883143050509,1.83048275359669,0.0377454150909993,0.0792498049407554,2.06739873972354,0.0354419502089474,0.0786438681021695,1.00867425853989,0.00149947997188047,0.0968474781215238,3.72728711692345,0.0546339456980112,0.0910054917882057,1.69358579278262,0.0310939666034227,0.0834358619393738,1.01449885892793,0.00127273407086593,0.07007380250359,1.03217524340486,0.0124472103523606,0.0659493349898616,1.00288309926358,0.0030247344291034,0.691580640999846
0.07339421251939,8.47159891112452,0.132663693367599,0.091633356667712,1.00288309926358,0.0119683387606229,0.096288648820653,1.42902148939294,0.0306971180938705,0.0983345592384064,2.73489404418948,0.0603504315996702,0.0891630400224972,1.00867425853989,0.00235866767879645,0.0804754104548717,1.94456383978917,0.0284537846160182,0.0871042376366067,2.28475538672293,0.033885215397393,0.0965595422607788,1.00867425853989,0.00122208872479003,0.0899676139975727,1.00288309926358,0.0176515524754407,0.0740981178248945,1.00288309926358,0.00686588851687066,0.326116779231072
0.0833707167657674,19.836909316532,0.288817232630189,0.0883865303117164,2.58584894057531,0.0181114513375685,0.06329553008197,6.59105201019205,0.0256186002359925,0.0781107667677414,3.28320546428345,0.0503908349598262,0.0977839729706204,1.00867425853989,0.0032179364235392,0.0993773593778303,7.76645008964431,0.0719804281729502,0.0764592186456072,2.2008256876077,0.0260843765826072,0.0922693709459732,1.00288309926358,0.00145861608029974,0.0749116862975524,7.74412301428478,0.0222295326767916,0.0989326770674689,1.00288309926358,0.00367436910850663,0.511583378208271
0.0907515778992873,15.429695940481,0.289186824417027,0.0852998446249993,1.55793070570556,0.0149880309188581,0.0947590716942315,2.41321295951054,0.0440376944103681,0.0794814917231189,2.42583975507183,0.0412572110329062,0.0893408211365904,1.00577451078852,0.00245179144912147,0.0689872102495664,2.54889290196729,0.0239685531950998,0.0511764580562598,1.00288309926358,0.009042559524974,0.0779756331962249,1.00867425853989,0.00131181210978402,0.0862026130555336,2.012917411563,0.0241395057630658,0.0553018049474268,1.01158236655188,0.00262374399794417,0.453007726819149
0.0685516896816179,9.77155040978826,0.137370049233398,0.0658718152395209,1.20578622343754,0.00813554055760348,0.0765172233969729,1.75311720834914,0.0253459803616826,0.0643231345710165,1.51449697039213,0.0202041880551993,0.0994313370355484,1.00577451078852,0.00195649916101052,0.078390399291154,3.24621921773864,0.0334385776724444,0.09863407995593,1.18855355314224,0.0263193999014225,0.0801897376166365,1.00867425853989,0.00204648484958227,0.0383082261171896,1.00288309926358,0.00160292646405909,0.0844246163147953,1.42902148939294,0.0100726311848238,0.266492277441226
0.0712366226379961,8.9950707595437,0.134882872998024,0.0792556702218239,1.4249133228412,0.0123846097532713,0.059549751052161,1.5850757161707,0.0158842566857359,0.031172880939815,1.1,0.00318106161588363,0.0860297006544921,1.00288309926358,0.00202478936155874,0.0633057920610586,2.2008256876077,0.019490618255395,0.098731460174552,2.32456441587663,0.0433738009877203,0.099693974562993,1.01158236655188,0.00318913306865154,0.0942819246830002,5.19013667692469,0.0375103759491496,0.0801654787685199,1.00867425853989,0.00613574796925159,0.278057266644642
0.0875873200695682,25.6490079220847,0.356180428214632,0.0972788662817339,1.00288309926358,0.00869719560498064,0.0484767234568779,2.2456281019818,0.0127873999661922,0.0847191176298326,5.24386859477385,0.0743080412323404,0.0902460176148332,1.00577451078852,0.00146660070386782,0.0863063899150909,6.7058929175172,0.0488643961771835,0.0974392763124938,1.669381663546,0.0344435515744832,0.0931923076371468,1.01158236655188,0.00251431886397047,0.0945102779351013,1.00288309926358,0.0036714530311908,0.0586282730118295,1.28833114804146,0.00442920148770582,0.547362586856547
0.0584894463363124,12.3140350149142,0.125353865250777,0.0994085010817328,8.370100693918,0.0280936166537835,0.093619307588871,2.48369792620856,0.0436468987800045,0.0898556206067126,2.81410387155249,0.0552959431423815,0.0908823050325986,1.01449885892793,0.0024657723796552,0.0925311781525426,17.5412692675873,0.0658384675316331,0.0903624830265805,39.5047358569031,0.0588620835854356,0.0941922757276674,1.01158236655188,0.00132740388384043,0.0944194169531955,1.28833114804146,0.0236981395434244,0.0935265568740091,1.00288309926358,0.00284738613988518,0.40742957689082
0.0832424297443404,31.4128876372471,0.347276399150551,0.0670451884101744,1.00577451078852,0.00709353057319883,0.0807998422499278,1.55793070570556,0.0255732779595927,0.0993018050553533,5.34972592480631,0.102185745335499,0.0949750836136807,1.01158236655188,0.00103883342530166,0.0861805073450223,1.65979714701382,0.0290313285838317,0.075380283454388,3.12697047724319,0.0283960972415606,0.0876209941327642,1.00867425853989,0.0027445575984721,0.0700820588300329,5.60966897361054,0.0184327031200453,0.0981446038781124,1.00288309926358,0.0106356313570163,0.572408104345069
0.0547201998294232,8.96942540237507,0.094232428309116,0.0819606106176542,1.00577451078852,0.00927069176986562,0.0897050059909943,3.0557743442915,0.0443720355277632,0.0849491120448639,4.29392518147046,0.0679209777042862,0.0808430290322008,1.25899790157518,0.00195878907920499,0.0727438766180869,1.33361741419236,0.0192437396943872,0.096000108155829,2.94352153037066,0.046257554739419,0.0979553237995405,1.00867425853989,0.00303165291174703,0.0667581387310894,1.00288309926358,0.011294138913767,0.0892928556470434,1.2267955530143,0.0110594033795023,0.308641412029059
0.0533831558827086,7.05680033090866,0.0759311477137963,0.0958678213053384,1.97844545312916,0.020800557454096,0.0742302146351434,4.94223601165526,0.0345581685256727,0.0925054716543521,2.44670716921897,0.0503307410470024,0.0846656564842349,1.02035709353375,0.00100933042733198,0.0741119931711076,2.72338334507132,0.0281343555444382,0.0665918535649508,4.32921447906216,0.0234885167010848,0.0760056410872827,1.03813555048354,0.00123476035453604,0.0961138903008264,2.26510726072284,0.0320507338287875,0.0903909096988548,1.00577451078852,0.00205483769568007,0.269593149292426
0.0625996649446087,7.70986273161707,0.0999745814937059,0.0499904348799109,1.00288309926358,0.00402362877271873,0.0977986317079433,3.95958264771409,0.0592021314908045,0.0998020400322131,4.06719690448821,0.0861735254356298,0.0870839339218209,1.00288309926358,0.00185963169105471,0.0685747055130156,1.33361741419236,0.0176407081195526,0.0614854499555668,4.20635552139048,0.0198190793809103,0.0838938461034244,1.017423759841,0.00133157022009654,0.0635708458726492,1.20578622343754,0.011228381219722,0.07927970904879,1.00288309926358,0.0063354139919457,0.307588651816141
0.0978365206528566,13.415264467696,0.290534507696171,0.0511194531387751,1.00288309926358,0.00342087640181674,0.0957974321469278,1.28093437865255,0.0273907332353836,0.0549550798088534,3.56662093690583,0.0293994032796504,0.0848311213187816,1.02035709353375,0.00219711828111774,0.0821455416902726,4.06351835261943,0.0393970865164351,0.077828697443137,1.16819913201946,0.0188774672773947,0.0984979804500304,1.00867425853989,0.00173060461612587,0.0866850413890892,1.00288309926358,0.0128508608995731,0.0806510466214973,1.00577451078852,0.00763274016710833,0.433431398370777
0.0813794587849112,30.5286951837017,0.326859386403031,0.0639835424461437,1.00577451078852,0.00138842565300195,0.0470857489464737,1.04413027541975,0.00895889857832696,0.095679561196205,7.30276577043746,0.109346374459427,0.0933025408671411,1.78880557933512,0.00292632651221157,0.0712780562376658,1.77342245446464,0.0219475380843827,0.0806362124518872,2.56361151152847,0.0306181865573447,0.0859777278910929,1.00288309926358,0.00151802523010699,0.0681081521926742,2.96905439714284,0.0160773511006679,0.0514826739453083,1.00288309926358,0.00277781001975323,0.522418322598254
0.0947819791612647,11.4004347971132,0.240832449758196,0.0949234959416799,1.24458268867087,0.0176955777080165,0.083588714383936,8.15601225127809,0.0492219602147807,0.0873569087159264,2.09712373847947,0.0401080774619267,0.0981406772698594,1.01158236655188,0.00314772699086036,0.0917992262096246,14.8865204479472,0.0633594829257374,0.0913773508184029,1.43727338940046,0.027968452154475,0.0883569338861993,1.01158236655188,0.00249627632969871,0.0776761014988746,10.5987906532703,0.024640956694812,0.0961144808364152,1.00288309926358,0.00641808698425756,0.475889047222761
0.0678167489637688,42.6367188261426,0.241217054034334,0.0868351248830415,1.44974067037263,0.0153256605314482,0.0659762015105157,2.56361151152847,0.0229836141658955,0.0890596475812214,3.99811634044919,0.0705278071790325,0.0991756389739432,1.00867425853989,0.00140296686901483,0.0476918701372908,1.01449885892793,0.00876403068492483,0.0587122635929868,1.66458250694606,0.0144720088604136,0.0795399394176998,1.00288309926358,0.00172193938220248,0.063859999901839,2.28475538672293,0.0134498130529786,0.0880009208468577,1.00288309926358,0.00960332733739237,0.399468222097637
0.0851653857100139,47.3873434638723,0.403813583041442,0.0825493768704253,1.00577451078852,0.00820850063482398,0.0980098448228223,5.52949756842363,0.0667731987693867,0.0741747458381735,3.45634729962219,0.0477694375175023,0.0984053606034269,1.01158236655188,0.00227031348787328,0.0999973674274381,3.56975293664868,0.057850868412889,0.0832258245237411,1.21274904899342,0.0213556607108954,0.0866114059609437,1.01449885892793,0.00193557736994032,0.0682688896031375,1.12528574084121,0.0123755189830474,0.0884019035293785,1.00577451078852,0.00290865701286491,0.625261315940665
0.0861898839630557,17.0512425254688,0.283571383343088,0.0842290512608149,1.00577451078852,0.00845760803036919,0.0667064508344047,1.35295334494457,0.0173891038867848,0.0898016104416142,3.7120722465239,0.068170681745696,0.0893955411761587,1.00867425853989,0.00234322320920784,0.0979489385300288,8.66431899975565,0.0705268373415954,0.0458221650041676,1.00288309926358,0.00785970706886214,0.0965081610555766,1.00577451078852,0.00365946198435677,0.0503289744948739,1.21975208146059,0.00747473815829413,0.0780295997880759,1.00577451078852,0.00136196878497085,0.470814713553225
0.0635587500124194,23.9503292451569,0.186423825505924,0.0798063150833096,1.68871705388817,0.0130568614693024,0.0752858539565427,2.03623175886238,0.0266280412383652,0.0736637505634311,2.02071261469223,0.0317694958474959,0.0827488402783321,1.28833114804146,0.00209096846726501,0.0930786354272383,1.7683242002651,0.0343622694340207,0.0909509973536399,1.66458250694606,0.0307843924495548,0.0931819853869917,1.01158236655188,0.00212283559805629,0.0966701332481245,1.76324060258228,0.0292728683618884,0.0609242731257682,1.00288309926358,0.00337396224590156,0.359885520617774
0.0973576578465467,11.4657201812567,0.250019991863617,0.0757582557977791,7.28980110054726,0.0135629182098204,0.0896271643306733,2.6460963359074,0.0416395230854556,0.0288486645911913,1.13509514250066,0.00619158956224981,0.0944957205772862,1.77342245446464,0.00303584231611569,0.0502818166000694,2.00136053357019,0.0126268919056194,0.0921507366724649,1.96143148928283,0.0348471691996166,0.0865532428076434,1.01158236655188,0.00216921662648887,0.0934666309849686,8.01633751167032,0.0389516727768226,0.0857788542550505,1.00288309926358,0.0040978847198775,0.407142700265683
0.0687757350378694,12.2789271392136,0.161022639867008,0.0910762394164204,3.04698957090351,0.0198635816304699,0.0699967944326553,1.00288309926358,0.0148217351473463,0.0690715066891409,2.79808046880329,0.0375514325153726,0.0872344590274124,1.01158236655188,0.00188312716664892,0.0923267782687906,7.69966123740149,0.0592775842050675,0.0687253198883062,1.3490638599235,0.0171363971879679,0.0916418264778309,1.0232988843187,0.00251235630805171,0.0469695255480256,1.00288309926358,0.00414709260484629,0.082513265970153,1.00288309926358,0.00426088888081897,0.322476835513598
0.0922802816648703,12.9264638237135,0.259994431657408,0.081466913474697,1.25537852068667,0.0127163389143873,0.0318652787397405,1.16484078042324,0.00550890415678888,0.0535898836445094,2.63524502323706,0.0245967190205451,0.0907995314543467,1.09966477838038,0.00264711753741767,0.0964934664704614,1.23743709481674,0.0266908267742344,0.0995547288554491,1.87313095952011,0.0387396244948965,0.0993327204313584,1.00577451078852,0.00396301646157263,0.0523189537691163,1.00288309926358,0.00477810531007022,0.0852862002932822,1.00577451078852,0.00204278563435717,0.381677869961678
0.0641355490500621,8.20967199428533,0.108876418038232,0.09417338137248,1.11560866287013,0.0166285113764845,0.0925072562061437,2.44116367657533,0.0422946514609131,0.0950772879098277,3.14556478799882,0.0656943713433368,0.0978803278086071,1.01158236655188,0.00127848098372936,0.0890548830704969,4.81582467568853,0.0492924617750383,0.0734267553216866,4.08698318318596,0.0285233863806506,0.0922421264709778,1.00288309926358,0.00165876108723378,0.0981603547000113,2.57841511385935,0.0349319172304388,0.098148947149839,1.00288309926358,0.0111584878938549,0.360337447569912
0.099871708274325,28.344528388905,0.488185781273757,0.0885277738793149,1.00288309926358,0.00398800837279151,0.07126740251127,6.15102138343189,0.032848659626442,0.0712505125956761,5.30409931780933,0.053728258044631,0.0853409993742086,1.01158236655188,0.00108448835432477,0.079413356278833,5.25025074237118,0.0385706672910627,0.0680853290847254,1.02035709353375,0.0140919175943591,0.0856529570727145,1.035151107089,0.00143650181729284,0.0878433163056071,1.06538573309788,0.0186595628265938,0.0800872517404298,1.00288309926358,0.00634190358059981,0.658935748781855
0.0906528368161759,13.5693512957692,0.262845175251058,0.0628739284446126,2.13836836392825,0.00811818472338147,0.087336293891427,6.45955425993623,0.0527641156644749,0.0512033383565758,2.27815332129253,0.0212769949701971,0.092015605857045,1.01158236655188,0.00262828919854104,0.086503719440189,2.41321295951054,0.0360721884158251,0.0944962184712015,1.47076025583445,0.0299242589887564,0.0882435597605189,1.00577451078852,0.00242556483134229,0.0835505175884221,1.00288309926358,0.00334055245572799,0.0603600866528802,1.00577451078852,0.00187213957327638,0.421267464072581
0.0938206813136293,25.3577505002821,0.408836682374576,0.089751058873504,21.5195511317025,0.0218176739170502,0.0986319116377542,2.16937226517279,0.0441759595019198,0.0706545404574062,3.90783063224328,0.0467536068669373,0.0973419123785124,1.01158236655188,0.00183774226167459,0.0583862399630679,3.68461060628057,0.0190881249502075,0.0978288916311023,1.3804955427344,0.0298399270412291,0.0930128876744639,1.00288309926358,0.00244546082935086,0.0850209002437828,1.4963864293158,0.0209647366782922,0.0575756649259184,1.00577451078852,0.00412033744171042,0.599880251862948
0.0620215511136852,20.4697994612923,0.170063787861455,0.077303538201529,1.38447564841702,0.0117288784329353,0.0668306572441131,3.28381811862624,0.0252023860138,0.0922234651149793,2.93724079166727,0.059442215758315,0.0946855602116535,1.00867425853989,0.00208509157984449,0.0882416580060564,4.63891702142887,0.0475849607754033,0.0996101672300377,1.95017021036364,0.0397868106704393,0.0945774496703908,1.00288309926358,0.00157007463372933,0.0514917508266461,1.00288309926358,0.00184733190273195,0.0954855654901137,1.00577451078852,0.00451053220136347,0.363822069830017
0.0955157425292412,15.473812485928,0.314415966079368,0.0842788644829457,1.00577451078852,0.00234163632405122,0.0579601907162643,1.69358579278262,0.0156821844907509,0.0808921149349509,3.64902340709828,0.0566758675989402,0.0982773006027796,1.00577451078852,0.00307295076538576,0.070075508513256,3.84721348715026,0.0276590292695308,0.098589723905979,3.85830538552188,0.0542706148388469,0.0955267902049051,1.01158236655188,0.00357804944509761,0.0965325596876211,3.45847564108692,0.036668529361783,0.0807914070805741,1.08394875824941,0.00855925708687031,0.522924085260625
0.0919694210181956,32.1386444762772,0.432273716971122,0.083961112538714,2.21991621862324,0.0155488547831396,0.0918488264743443,1.15815301335288,0.0235680698114173,0.0686118077119272,6.42227783049206,0.052973936087115,0.0978460470489295,1.01158236655188,0.0017059172241861,0.0938519963614825,2.03037797761035,0.038083559592487,0.0808821045833293,7.3318961356485,0.0392700930521755,0.0965799875134569,1.01158236655188,0.00192234879273533,0.0920619074842105,14.4640552653053,0.0388589330476376,0.0796256383956006,1.00577451078852,0.00248868116055423,0.64669411052257
0.0709896488545048,17.4950701385557,0.204296444744366,0.0609111786962673,1.00288309926358,0.00428535213121675,0.0694782527629345,1.31455782572457,0.0181441908441893,0.0757880482077742,2.62024003611594,0.0412601746412831,0.0797696007939109,1.00288309926358,0.00123664832283959,0.0817198005059158,1.24100474879353,0.0216620445315799,0.0448418118141227,1.00577451078852,0.00751121358736189,0.0895126166238732,1.01158236655188,0.00173602632651174,0.0632414279183964,1.31834782642385,0.0114129991031464,0.0626757152700717,1.00288309926358,0.00344028680388136,0.314985381036376
0.0921375369147346,11.0795417123657,0.226633988118935,0.0802174131308365,2.85176528809274,0.0145057603534611,0.0922793854714106,1.92784124639408,0.036562706460991,0.0543421188354007,1.39415004195706,0.0153676529850243,0.0886721376926392,1.00577451078852,0.00243266151647447,0.0883029664721704,5.82359678794962,0.0502218992485491,0.099252758817862,12.8536732852339,0.0710740329893389,0.0954722132067454,1.00867425853989,0.00272537790439649,0.0698277757932963,6.55321042588835,0.0186388628555841,0.0883678598046266,1.59422875299434,0.0114008953038618,0.449563837736616
0.0985303458390669,17.5952568766003,0.36277572918851,0.0631961357451859,1.00577451078852,0.00325332269024929,0.0828506973794605,4.8997344482741,0.0438376171851561,0.0352673825403062,1.71722312765254,0.0108587719619261,0.0970028923693951,1.00867425853989,0.0013946862161281,0.0835447603565131,10.4774371358388,0.0485113650646714,0.083035625881988,1.2267955530143,0.021542567894661,0.0938478157009897,1.00577451078852,0.00243017603623704,0.0978073359051324,1.90028922105573,0.031012214645916,0.0910677724017407,1.41265954868704,0.0119710144152212,0.537587465298676
0.0923978784151271,24.503672683284,0.389305798576606,0.0933958542235366,1.00577451078852,0.0107742460625608,0.0796327159295811,1.36076598863131,0.0226829513544025,0.0831566558645121,5.44215997446137,0.0731858168986405,0.0951573168516498,1.00867425853989,0.00214265400633432,0.0652308695828258,1.09650345009091,0.0143283528856671,0.0780997010627137,2.43414579263315,0.0280739111703207,0.0956861938404071,1.00577451078852,0.00290479478243498,0.0996458470861307,1.00288309926358,0.00955637780481833,0.0992389857113294,1.10601480450688,0.0138757568040839,0.566830660345869
0.0715983480315438,12.6345576255084,0.174387202435999,0.0914870479138073,6.51558610363938,0.0217485354906087,0.0646245168365105,2.21991621862324,0.0209981796449919,0.0645843890676732,2.41892357524226,0.0308573054705421,0.0798465310532791,1.00577451078852,0.00126127160197304,0.0870889707991898,4.31676880609627,0.0456294391280604,0.0833537152712622,3.20905081491668,0.0351764196977237,0.0997006544215696,1.01158236655188,0.00137086462890558,0.0915977744512421,1.0684573459204,0.0199559903822046,0.0980670521649058,1.50070065992818,0.0146531819546192,0.366038390435628
0.0544774449725029,5.66409813650311,0.0621937303146249,0.0706595429834054,1.00288309926358,0.00547169187071638,0.0766435201608924,2.74700667630971,0.0313300190796807,0.0608454263995702,2.64277970877332,0.0298873585365223,0.0949417435696288,1.0232988843187,0.00111713601073585,0.0980614065490117,1.65979714701382,0.0354408725583969,0.0772515030986518,16.3701822092467,0.0377060865134326,0.078779086194118,1.00288309926358,0.00191111568599975,0.098407076742323,2.51970871206025,0.0351156110782276,0.095666626280056,1.50070065992818,0.0137536497754315,0.253927271423768
0.0827005873862088,10.434763218138,0.186762887365468,0.0832249884973033,8.66431899975565,0.0173534915785008,0.0565921297235887,1.3804955427344,0.0137097576686441,0.0918864584704045,4.06719690448821,0.0753404066039714,0.0837119770956587,1.0232988843187,0.00106479762840991,0.0899496630720498,2.39935784176774,0.0387766023574455,0.0971346756650034,1.90576794350953,0.03749341882422,0.0863723454987218,1.02624915657849,0.00141382167665964,0.0918617481358416,1.00288309926358,0.0121165453699142,0.0911524556960748,1.00867425853989,0.0061042184927542,0.390135947565988
0.0901383042187592,10.4050132320787,0.207174140951447,0.0874964466873401,1.00577451078852,0.00838397191027274,0.0961306589133944,5.3417298504113,0.0627891491038324,0.0611509399909841,1.48877352807868,0.0187825382127848,0.080545383110792,1.00577451078852,0.00131493213868091,0.0894934840273763,1.1028352210931,0.0217987013916549,0.0924437268550476,4.77441020717598,0.0497748825780432,0.0758795108880854,1.04112859832463,0.00132359103388634,0.0561584996357257,2.95200799512719,0.0108334971067593,0.0775471682746865,1.00577451078852,0.00156998578310068,0.383745390210462
0.0408885771731656,18.053244665439,0.0804980714320264,0.0785601328829886,1.50936647207927,0.0124002145433872,0.0986304073795115,2.0538945595859,0.0426289587183994,0.0996884571048661,2.67313449928839,0.0598796327761339,0.0931715351352655,2.85998721049474,0.00292309116952436,0.0699422933291831,2.49085867387056,0.0243516284003921,0.095418453134806,3.88058521159597,0.0506440077504413,0.0903763021332971,1.02035709353375,0.00284840925825915,0.096733853917549,7.28980110054726,0.0422557690908583,0.0745657765494228,1.00288309926358,0.00138000985003422,0.319809792989456
0.0873047773747628,8.568903128128,0.163228597560754,0.0884111947642311,2.47655776434198,0.0178979806766442,0.0879059719736858,3.02949571521225,0.0427923567933796,0.0519974523884421,1.61267765666827,0.0169024542503218,0.0941414593346331,1.035151107089,0.00189043588943992,0.0945020274083742,3.4784466459882,0.0505994330220351,0.0478096957885846,1.00288309926358,0.00642851810681635,0.0925017071447393,1.00288309926358,0.00269955255923471,0.0598232790581254,1.23743709481674,0.0101212778074356,0.0592509509505132,1.00288309926358,0.00126743595600501,0.313828042622066
0.079279382174888,15.3418398258396,0.230755284093932,0.0865201584006211,4.59902389909696,0.0184664875647562,0.0922539200423166,4.37935702804035,0.0541429891991208,0.085376161307289,4.69130089793945,0.071790078039064,0.0949169110784151,1.00867425853989,0.00115387947979159,0.094798259431115,10.2980071327174,0.0665835262557122,0.0975285326100625,1.23387969717049,0.026942593811566,0.0985583830181221,1.05926897298544,0.00392512012134348,0.0906704891257248,3.31230280598519,0.0311773049255636,0.0982472826763973,1.00577451078852,0.00189810742251818,0.506835370913368
0.0498024958278134,6.13549632475213,0.0614129426618617,0.0963629538664242,1.00288309926358,0.00215915345979956,0.0723184917608928,3.68461060628057,0.0305531471186959,0.0814740560198034,7.15826280015886,0.0772290504496768,0.0957643743801848,3.02078648791353,0.00318768721918829,0.0910427519920209,1.98987000774274,0.0357174615590215,0.0542405487376083,2.98619923379083,0.0146795591806906,0.0954036615793489,1.00577451078852,0.00256461752307851,0.0409484515118833,1.00288309926358,0.00397840498562741,0.0890355320073593,1.00577451078852,0.00480486467840952,0.23628688883605
0.0674044992469745,17.1979197075697,0.184502468868855,0.0799268221057903,1.00288309926358,0.00602416227345215,0.0511257132299931,2.16937226517279,0.0138134680103746,0.091929527660894,2.77421627095644,0.0561938408748604,0.0954965157386035,1.01158236655188,0.00224957868244439,0.0881726412994383,4.40464567244553,0.0468616329726804,0.0555874985759957,1.64552345116496,0.0131187555475998,0.0964737405646166,1.06232295058138,0.00373534151588602,0.0630673082949774,1.73304445225245,0.0123440549999197,0.0940640026289071,1.00867425853989,0.00649845617704081,0.345341759923113
0.09335683879785,9.30859479724011,0.192197544270491,0.087805045487537,1.23387969717049,0.0149492884907741,0.0916033780869852,1.16484078042324,0.0236534208995909,0.0984103544281162,6.34934962645816,0.109447314839735,0.0845579370177732,1.02624915657849,0.00112710662954625,0.0892443355886907,3.74881037659201,0.0458901834996646,0.0959068846274138,3.56975293664868,0.0495833340625262,0.0956527265020694,1.017423759841,0.00192371318206083,0.0804508303794543,1.24817094410403,0.0174327936914908,0.0825901130564776,1.00577451078852,0.00630288507621212,0.462507584642092
0.0761451117154666,23.209827249928,0.260964990276,0.0910866885445336,11.0984240743995,0.0221222602861534,0.0761663641451282,1.80432214140788,0.0255384509562039,0.0375694936348058,1.1,0.00516925668490197,0.092929775932238,2.66904925964653,0.00290608180435194,0.095233034815705,5.41917883794353,0.0595078404120885,0.0895226819083108,20.6100250498449,0.0559732653535796,0.0961552521650052,1.00288309926358,0.00285571915284191,0.0595992639885039,1.00288309926358,0.00457649069219445,0.0836999884731004,1.00288309926358,0.00159459246764473,0.44120894808596
0.056300947621379,13.6470571313524,0.123537843422443,0.0584031274459791,1.00577451078852,0.00413834046779081,0.0973715496456467,1.20926262481036,0.0262707942604001,0.0880626687447267,3.06576582174083,0.0576112276598968,0.0981386405076341,1.01158236655188,0.00320864361041482,0.0954232614979205,1.86237664548846,0.0369699967338479,0.0781463681583751,8.96887940476934,0.0369305577283396,0.076639421818455,1.01158236655188,0.00188966973345731,0.0998007708873257,1.4249133228412,0.0278157205652236,0.0559078543294308,1.00288309926358,0.00336153442259928,0.321734328604413
0.0929086557606023,32.1386444762772,0.440334055331316,0.0976441443941604,1.05622377499757,0.0174788528835058,0.0786010515143793,1.09650345009091,0.0185881621446089,0.0792479894540612,2.97097774243445,0.0482431561568706,0.0870009139669776,1.0232988843187,0.0023393368992631,0.075800856590364,1.10920355497526,0.017803868222256,0.0901839195535681,2.0598161414781,0.0343155244517818,0.0944755984815036,1.01158236655188,0.0031002691704611,0.0741146713675055,3.40904833026788,0.0197131310391121,0.0604487640366893,1.00288309926358,0.0035395116242005,0.605455867923376
0.088267507009184,37.9267248465054,0.414407193311508,0.0788176408842802,1.00577451078852,0.00135585002731927,0.0643976274466708,1.33361741419236,0.0163407162379142,0.0914189009982697,3.55645233787452,0.0680519942473687,0.0909840636988917,1.02035709353375,0.00229580923083658,0.0835695437532344,1.18855355314224,0.0215030702425802,0.0978555602622823,1.97275779657863,0.0388595123650033,0.0907545095399394,1.01449885892793,0.00298275347319973,0.0887540115933092,1.46231609576324,0.0226082912408469,0.0932986717061835,1.441417191251,0.0128314851793472,0.601236675555924
0.0610600449463331,7.88798980067452,0.098869851646495,0.0713904454944559,4.11058351166975,0.0114462794247399,0.0777853330274719,5.95928009583079,0.039400455737118,0.0886004366086532,5.00970797899177,0.0792047667016891,0.0874342888028187,1.0232988843187,0.00150691857700966,0.0890454249584592,7.4811522310616,0.0537457976562618,0.0701261155834878,2.90981894079874,0.0240924347281523,0.0833041780010508,1.03217524340486,0.00216746695326521,0.0914476371873219,14.053579239644,0.0383191264870104,0.0886326490859751,1.00288309926358,0.00223968093359875,0.35099277884534
0.0879607087234314,40.5008802918647,0.419544399533443,0.0871313223393868,1.00577451078852,0.00483362833708723,0.0803324872116691,2.95200799512719,0.0352664647101994,0.0840055078109149,2.74271364594045,0.0493433527133444,0.0947967119191193,1.00288309926358,0.00295150046490459,0.0784313977851098,7.20633469066447,0.0394995646554062,0.0847419182547016,8.78994173863968,0.045026018346025,0.0925414994028603,1.00577451078852,0.00111020422938211,0.0814543787597959,1.29950646550457,0.0181757988822022,0.074654516744035,1.00577451078852,0.00163421336289931,0.617385145234893
0.0922267244473517,28.6700917412485,0.414571536102459,0.0909818499943324,1.46231609576324,0.0169667203833407,0.0577514451028074,3.71657187129828,0.0195065007614966,0.0982213327955462,6.70329784548246,0.112113818533752,0.0787988377150009,1.00867425853989,0.00128903844712097,0.0699254140554424,1.62200621191813,0.0203507692403872,0.0924535274137445,11.5882005855279,0.0578978294340473,0.0971859611280623,1.37256962462899,0.00382949373117697,0.0529609064946632,1.00288309926358,0.00117010877131058,0.0867397696225507,1.00288309926358,0.00601458800331493,0.653710403408406
0.0544486706903072,9.57819653499228,0.097686667056847,0.0711565743101154,1.00288309926358,0.00201410670805969,0.0461221961921724,2.66904925964653,0.0122322069440794,0.0878539093300176,5.61579031974782,0.0826225920742098,0.0938746318236418,1.00577451078852,0.00259834439294966,0.0642593149052376,1.09335121002246,0.0140097084971531,0.0782291580662076,5.05738459676651,0.0342342671387366,0.0826249790435608,1.01449885892793,0.00177516185304882,0.078839199611548,1.00288309926358,0.00742036510132394,0.0888079750053664,1.00867425853989,0.00906445415422561,0.263657873920634
0.0741862912851013,8.8170814218763,0.13945282843369,0.0928526203819415,4.80198009042612,0.022157056854346,0.0973322200787051,1.20926262481036,0.0262559839046975,0.0577224307668813,1.6736593673562,0.0198095609167851,0.0956570780212416,1.00577451078852,0.00211426819065387,0.0972222492040379,4.760684680679,0.0597886886628503,0.0811330250786445,1.51371812544339,0.023993458979193,0.0790300377790269,1.00577451078852,0.0021022305803707,0.0541954290958871,1.00288309926358,0.00435292719038573,0.0947945959788636,1.00867425853989,0.00822846723620243,0.308255470949175
0.0959297198254521,33.8334954231509,0.482269050154846,0.0922728097355364,1.30701047960937,0.0168531282491342,0.0922462444187985,6.34893199363231,0.0599080184090083,0.0736558543914102,3.06576582174083,0.0439108229851112,0.0853395122747839,1.01158236655188,0.00215386234545034,0.0788612746442391,1.14489244934213,0.0193023564095037,0.0783315405979281,1.23033252636976,0.0197761152916739,0.0919358476990741,1.01158236655188,0.00184467639090457,0.0786952593173117,2.31121826109334,0.020811466599327,0.0993832285991497,1.2517695448338,0.0144573020650801,0.681286798900039
0.0983799156660535,13.5306644560734,0.295389375503568,0.0735469865553986,1.95579274466099,0.0111791014842441,0.098868490830222,4.18220533158347,0.0621631692492394,0.0862455815822137,4.79968774062468,0.0737792930917143,0.0950884339333342,1.00288309926358,0.00162930530931773,0.0639321508903371,1.43314150019665,0.0164337786463076,0.0793984961056895,1.94456383978917,0.0263315164842192,0.0889740070563475,1.00867425853989,0.00206342733932727,0.069276651140028,1.00288309926358,0.00916297852675128,0.0969938666202498,1.00577451078852,0.00112852555302588,0.499260471187715
0.0737921376363764,18.053244665439,0.221718497788736,0.0812188523947027,1.00288309926358,0.011381864829726,0.0968776154788887,4.29198469417562,0.0596366975839796,0.0736363190706927,3.64902340709828,0.0484589029369506,0.0964871845866135,1.72806227717372,0.00320322676127718,0.0494635118187837,1.69358579278262,0.0116521848945899,0.0718860643469484,6.98169689372975,0.0297799452615167,0.0733046623421347,1.02035709353375,0.00141499604429099,0.0742629494112051,1.00288309926358,0.010106091619525,0.0954947944572891,1.00577451078852,0.0110839848970524,0.408436392617644
0.086033223598812,15.0812616012162,0.261464571721236,0.063476691650647,1.00288309926358,0.00592422778334135,0.0725855247348193,1.3804955427344,0.0200203921809557,0.071041209794419,3.48607928434492,0.0445947965751957,0.0941364683645042,1.035151107089,0.00281479454415723,0.080140649106254,3.63195145450856,0.0362472791716259,0.0924983457485474,5.67464221589759,0.0518246351354647,0.0906551121454139,1.00867425853989,0.00100832011912764,0.0479766917128627,1.37652687910296,0.00712470545056548,0.0889738493367783,1.00288309926358,0.0097003030720459,0.440724025753716
0.0875882853183805,40.6166803006873,0.417295496957265,0.095583239341639,1.86774606222357,0.0204952953029502,0.0960082721147877,1.83048275359669,0.0374584896253174,0.0794391711702223,5.56789450947679,0.0676491728530888,0.0825873686338627,1.02624915657849,0.00173740965042786,0.0815463846431524,3.22758151346831,0.0361955718442509,0.0505857460086081,1.13178371549186,0.00968627188453632,0.0786171721763179,1.00288309926358,0.00194700240876804,0.0909665710147736,4.21848286189654,0.033195849955161,0.0804796491963536,1.00867425853989,0.00650410595060668,0.632164666432372
0.0351259518952921,4.50748016006003,0.0300312557458769,0.0493694691481646,1.09966477838038,0.00460968524974644,0.0336939051923682,1.36076598863131,0.00629038568106488,0.0401074159434372,1.1,0.0019558962285073,0.0971940512096326,1.00577451078852,0.00156627104351255,0.0889686519534706,5.37257572706184,0.0504455374777215,0.0898142763702584,15.1458996051004,0.055021704298945,0.0895888988035276,1.00288309926358,0.00197868441357828,0.08990579886637,1.51808232505612,0.0236306486911099,0.0880825922239492,1.00577451078852,0.00801298245367583,0.183543051283739
0.0717372358751533,12.2789271392136,0.172015184702233,0.0851461120822635,1.07153781450759,0.0133356193171319,0.0469409824912129,1.5850757161707,0.0108847093017331,0.0968718524492098,2.62773181943307,0.0569748751494948,0.0868849214143513,1.00288309926358,0.00109437116502435,0.0937734164960506,10.327697309498,0.0644415079874533,0.0745802303669024,4.39198314906283,0.0301298231775476,0.0881747764360178,1.01449885892793,0.00213310036719554,0.0920310704428224,10.845730650619,0.0381222710511817,0.09641118279201,1.32978351631576,0.0136680986446791,0.402799560863674
0.0261765466020499,7.11750391808951,0.031152191533445,0.0815355519403606,2.44820179377353,0.0146919412852105,0.0887670383257624,2.21991621862324,0.0373544269221858,0.0819567079998397,2.93724079166727,0.0501652034158424,0.0948418805230613,1.017423759841,0.00289555755137584,0.0451795061703616,1.08394875824941,0.00842702761525702,0.0998057871857986,2.96051892720402,0.0502591194250718,0.0918343739346873,1.02035709353375,0.00293005852517213,0.0734392717305325,2.30457394564778,0.017875140829209,0.0973689156552393,1.50070065992818,0.0143809600546781,0.230131627157448
0.0717641730596835,18.9511085347577,0.215567986188287,0.0775788806765592,3.94819959636536,0.0137896592650163,0.0917168039633152,3.37973166401872,0.0487995843321302,0.0591691652193625,2.96250734932898,0.0305201722701376,0.0875398527521668,1.017423759841,0.00144016734768044,0.0922009904871665,1.76324060258228,0.0338271049365131,0.0977961708869232,3.03823005207779,0.048420806531768,0.0932709648992434,1.07462716439149,0.00336463499750722,0.0584369135979263,2.02454102487246,0.0110528135681695,0.095078235905604,1.00577451078852,0.00554498073048337,0.412327910167693
0.0667925506378525,6.89744323339303,0.096544120477814,0.0970254193982995,2.21353437928443,0.0219714903662397,0.063276607799342,4.69264665877481,0.0243361969101529,0.0967476193131991,6.22371231188418,0.104817713340798,0.096436936313759,1.00577451078852,0.00228918419803574,0.0704459720798327,1.97844545312916,0.0226769072720862,0.0745896781027188,14.9724828208773,0.0345449007833107,0.0931502955848707,1.0232988843187,0.00286585555416078,0.0682598698678155,2.15691712397049,0.0152126183270099,0.097029821957578,1.00577451078852,0.0111813053266539,0.336440292556262
0.0751563777022925,18.5231534404957,0.232607045402065,0.0959208926412649,1.00288309926358,0.00423051843339387,0.0995339130303682,5.22010717715947,0.0680887475721977,0.0823781253165613,4.61162004655289,0.0663480156381017,0.0928568153292114,1.03217524340486,0.00253595979018794,0.0858261187782886,2.11388457789867,0.0333291453032785,0.0409269873104827,1.40454896553258,0.00763101152944045,0.0857917902694983,1.017423759841,0.00200994553740783,0.045230640829583,1.02624915657849,0.00597445183369055,0.076707803020798,1.00288309926358,0.00173028270006068,0.424485123739824
