years,Q,target,years2,Q2,target2,years3,Q3,target3,years4,Q4,target4,years5,Q5,target5,years6,Q6,target6,years7,Q7,target7,years8,Q8,target8,years9,Q9,target9,years10,Q10,target10,Sum
0.0817842126172843,20.5283266572726,0.284302785802492,0.0922038270525117,1.00288309926358,0.0152679749029915,0.0922038270525117,2.89311263070037,0.0459538935299734,0.0790391645295734,16.464712003024,0.086068295870338,0.0949240850530424,1.00867425853989,0.00261324599035125,0.0790391645295734,10.9083594392703,0.0423591714728715,0.0687845972296417,7.52435222533039,0.0271185601883136,0.098181098215164,1.00577451078852,0.00109627309060532,0.0508284387670324,1.00288309926358,0.00517120748913979,0.0935165737232887,1.00288309926358,0.00466920921311073,0.514620617550187
0.0943860016026309,143.063085308626,0.619372392031724,0.0592193367284486,1.00577451078852,0.00116296877027937,0.0968399681679349,1.4249133228412,0.0308136148628057,0.0957069417325502,9.47314366240347,0.120197262069026,0.0800712350342131,1.00867425853989,0.00138370708141182,0.0957069417325502,5.01389279437678,0.0589522600114599,0.0994803835128573,4.46850800867783,0.0582920379015715,0.0963247464591201,1.01158236655188,0.00154876525627533,0.0685500241910424,1.59422875299434,0.0141481858934919,0.0865806470426602,1.00867425853989,0.00320384860512631,0.909075042483172
0.0846969065295927,36.8591845336176,0.377653922010346,0.0968399681679349,1.00577451078852,0.0104625821086296,0.0961450253418651,7.28980110054726,0.0681019880647076,0.0622633339108053,3.25557838997471,0.034599171067451,0.0970768681756012,1.01158236655188,0.00314746220179214,0.0622633339108053,1.74807732789242,0.01733550858528,0.0858934639242501,5.05738459676651,0.0425345835375051,0.0858934639242501,1.54898606893921,0.00276002797740178,0.0862561663929737,1.23387969717049,0.0196527866127101,0.0817842126172843,1.00577451078852,0.00756031030512886,0.583808342470952
0.0827707543888529,9.57819653499228,0.172777325186811,0.0973533503584554,1.00577451078852,0.00522047623321508,0.082025242199992,2.17562678075294,0.0321019568751289,0.0889602010072918,12.2750213329814,0.108713546320081,0.0999447171941751,1.00577451078852,0.00148169333989172,0.0889602010072918,6.96162583541039,0.0533690169953985,0.062619803117308,8.91738586389294,0.0223363341673938,0.0761401116977091,1.00288309926358,0.00108561365762928,0.0937568277125859,1.63137250428789,0.0264877368085063,0.0943860016026309,5.35713058780925,0.0153193606951719,0.438893060279227
0.0826265561051695,30.441656480749,0.336234479538412,0.0961450253418651,2.66904925964653,0.0222975875161898,0.0812986596603599,2.07768351923393,0.0308314426315094,0.0724142679732051,11.9266679922861,0.0673081012118043,0.0813624149121854,1.00867425853989,0.00180237537281894,0.0724142679732051,7.72186012504483,0.0332381928543579,0.0798486203035933,4.0401882420282,0.0341095856552714,0.0818296059194446,1.00288309926358,0.00116789499888161,0.0977641181647859,1.67902152597229,0.0292151362521926,0.0788915820977974,1.00867425853989,0.00139223270051555,0.557597028731954
0.0460258271282586,5.00970797899177,0.0451249140463954,0.092416197267016,1.00288309926358,0.00641516889705551,0.0963543183753613,1.17833239331668,0.0252853764010575,0.0923848940992531,2.73123512958793,0.0557504240869873,0.0758608333667925,1.01449885892793,0.0012948388526023,0.0923848940992531,1.36076598863131,0.0276189907163253,0.0483855879417903,2.71555413295041,0.0117801618950447,0.0752224622238219,1.00867425853989,0.00100499305258258,0.0967577447356549,4.14623977579979,0.0385929214185645,0.0846969065295927,1.1817296425721,0.00972199897022663,0.222589788336842
0.0947131562936566,34.3199524331307,0.471703564581468,0.0812986596603599,1.00577451078852,0.0104682404873921,0.0864216375281899,1.8199732981517,0.0316854402433274,0.0761390453898218,2.46233896144414,0.0394436204150789,0.0937360351373976,1.02624915657849,0.00111990405280828,0.0761390453898218,1.24458268867087,0.019690820975287,0.0572946728722597,1.00288309926358,0.00465400866352227,0.0909060973256315,1.0232988843187,0.00188138313158496,0.0835416763385183,1.00288309926358,0.0108856904017707,0.0826265561051695,1.00577451078852,0.00876286828426595,0.600295541236506
0.0482127974618119,14.6149755559616,0.0987908424679913,0.0963543183753613,1.00288309926358,0.00870796729250957,0.0940593922981796,3.95958264771409,0.0543813892460315,0.0613512921014985,18.4211326150377,0.0498519789959884,0.0953277685590796,1.00288309926358,0.00290544769209787,0.0747225776249154,14.0940971036004,0.0378323472420308,0.0659370413459812,9.80613514975012,0.0252642654276606,0.0907129980099255,1.01158236655188,0.00307463444054018,0.0842531516298756,1.13831921276723,0.0179938241628357,0.0678481029246428,1.00577451078852,0.00165166972247415,0.30045436669016
0.0583426508211981,6.04853072645486,0.0721109815491554,0.0940593922981796,1.37652687910296,0.017942788760697,0.0710861639371996,2.87650223749675,0.0274811147468165,0.0747225776249154,18.053613516069,0.0767574414864496,0.0936831330710832,1.0232988843187,0.00106504947044656,0.0821491517967262,8.39423252506469,0.0451011982406833,0.0848711833270963,9.74983462452457,0.0456359242471626,0.0861832179772276,1.00288309926358,0.00235032117060699,0.08229562902162,7.69966123740149,0.0277041401811235,0.0628732491565288,1.00577451078852,0.00110579256513315,0.317254752418275
0.0599203638327802,14.9526369191729,0.142355730465264,0.0710861639371996,1.1817296425721,0.00940487555007655,0.07819661175205,1.64552345116496,0.025285300797595,0.0821491517967262,13.2672433518329,0.0917081463814054,0.0887412466715414,1.0232988843187,0.00167476977353519,0.0995664260623732,6.98169689372975,0.0707566161892072,0.0587898595405869,4.09876636139165,0.0181447801379699,0.0999711644531,1.29950646550457,0.00413468143340075,0.0894698738131341,1.12853005133194,0.0198775515047627,0.0947131562936566,1.00577451078852,0.011899862620968,0.395242314854185
0.0786176935114172,12.7432418640226,0.20245755494873,0.07819661175205,1.00577451078852,0.00870794329662797,0.0768819221312425,1.68386231169735,0.024910916424875,0.0728901856554642,1.86774606222357,0.0290561960896489,0.0845974218836087,1.02920793476607,0.00129118898592761,0.0670329819553909,7.58962040187813,0.0278295922114421,0.0909060973256315,1.08394875824941,0.0217996019253088,0.0773613764127389,1.00288309926358,0.00115758666051829,0.0930629483391997,7.6115020308696,0.0381465402192591,0.0578752024886018,1.00577451078852,0.00206137184531849,0.357418492607656
0.0963958599989343,17.7973548171796,0.35214428264655,0.095519984395452,3.41887695499837,0.0230045789297688,0.095519984395452,9.17784428848941,0.0703294952581757,0.0995664260623732,12.7798757548119,0.144476676480074,0.0776737925563708,1.00288309926358,0.00100049649766766,0.0769689773396821,1.97275779657863,0.0264451500145236,0.0907129980099255,5.82359678794962,0.0499589248505056,0.0960270785567222,1.00867425853989,0.00248089085070321,0.0852024883703324,1.11882507338448,0.0182118696844633,0.0786176935114172,1.00867425853989,0.00566505851692403,0.693717423729356
0.0766355090199764,34.0272452918993,0.296055790224006,0.0788965109334102,1.47925317679908,0.0124606571414917,0.0788965109334102,3.95958264771409,0.0371089197608644,0.0670329819553909,10.7524610237587,0.0561835930712615,0.078099263290939,1.00867425853989,0.00143336277227356,0.0838100823691774,4.7881753057283,0.042671451181432,0.0861832179772276,2.22631645743836,0.0328659863270087,0.0963036258282479,1.03813555048354,0.00246573958722224,0.0902292658428279,3.95958264771409,0.0320243405079352,0.0766355090199764,1.23743709481674,0.00783246913972795,0.521102309713223
0.0639372616419705,24.0188079626047,0.187958387390298,0.050102758063981,1.00288309926358,0.00156451182431702,0.0779218013784125,5.32637338722108,0.0388611931978478,0.0581952601325144,1.59882507273807,0.0191356891262393,0.0774988345479398,1.00288309926358,0.00168928369099172,0.0734114077590147,1.37256962462899,0.0199114684641073,0.0999711644531,16.9456122371505,0.0749747830891033,0.0955795367810803,1.26262771749805,0.00365533166480318,0.0833386498063334,1.72806227717372,0.0213978698863221,0.0639372616419705,1.37652687910296,0.00532930806505347,0.374477826399083
0.0439445670889632,6.34934962645816,0.0547574534567311,0.0779218013784125,2.22631645743836,0.01301681349323,0.0901812927282219,1.7683242002651,0.0332271900874603,0.0769689773396821,3.77045792255574,0.0533360471889633,0.0905604105007955,1.0232988843187,0.00104535900123798,0.0983625133124982,2.88479547897935,0.0507430215353651,0.0960270785567222,1.8463608342542,0.0359472767127601,0.0973510800170641,1.00867425853989,0.00150120170902656,0.0358910178505675,1.00577451078852,0.00210235397093861,0.0882613351686601,1.1715671660767,0.0107172798819286,0.256393997037642
0.0882613351686601,39.9268137290769,0.420634488755909,0.0963769562664473,1.00288309926358,0.00412268735745786,0.09633622826849,35.7180895734179,0.0817538454619597,0.0838100823691774,8.51593931825384,0.0867105984527182,0.0766840314581234,1.00288309926358,0.00154555356268259,0.0995751850176831,5.5136013085513,0.0664011246022024,0.0839160264273048,10.9713498785374,0.0452005338487265,0.0846150171857111,1.01158236655188,0.00137997457339103,0.0915555899335096,1.37256962462899,0.0232494131466795,0.0561565286327234,1.00867425853989,0.00171453034812414,0.732712750109851
0.0796161931997992,8.02428067821897,0.137929642603084,0.09633622826849,27.2495189410318,0.0266305683422742,0.0925474297446829,1.11882507338448,0.0229241600546799,0.0734114077590147,2.66904925964653,0.039897452181857,0.0979939234164477,1.00288309926358,0.00213864794446082,0.08537493895527,3.35066711121492,0.040131973881244,0.0963036258282479,1.79913505645155,0.0355897247722064,0.0805663711725321,1.00867425853989,0.00147173514657319,0.0990686562049572,1.00288309926358,0.0203610243896519,0.0796161931997992,1.00577451078852,0.00417081578602225,0.331245745102054
0.0966198970993198,20.5870211940554,0.387464900999834,0.0925474297446829,1.00577451078852,0.00795853775648537,0.0940609615806265,1.31834782642385,0.0276048995353871,0.0983625133124982,5.64206206761865,0.103312351112512,0.0902465984947573,1.00577451078852,0.00226739250559513,0.0978132924938124,3.33142973427318,0.0534877713273165,0.0560860043624834,1.8199732981517,0.0137849409708921,0.0791828926960524,1.00577451078852,0.00186153617257389,0.0673169694596165,1.00288309926358,0.00513443794325931,0.0966198970993198,1.00577451078852,0.00994918722884481,0.6128259555527
0.0859152486776964,159.457935123655,0.483465769222064,0.0688671188629104,2.7391095515787,0.0101253751028107,0.0814856086615516,1.1988633739507,0.0210773682635257,0.0995751850176831,10.3873347090322,0.135518222193166,0.0797011386026897,1.00867425853989,0.00164531224617875,0.0895220969631315,1.59882507273807,0.0301291140740421,0.0955795367810803,12.5610156350281,0.0636626941546472,0.0943020824179339,1.00288309926358,0.00260389992306403,0.0807531755273353,1.00288309926358,0.00628357295827287,0.0694544468391552,1.00577451078852,0.00110552145184378,0.755616849589615
0.0740938705847287,58.3686401787467,0.305511032087161,0.0773336433541339,1.00577451078852,0.00119803268502733,0.0688671188629104,5.23515726431772,0.0297511818307733,0.08537493895527,6.25819530279368,0.0814873553693769,0.0959181183215178,1.00577451078852,0.00106990666304193,0.0676822280281783,4.65229147967714,0.0267841192865677,0.062501825398092,3.10901742259474,0.019425822518504,0.0971322304251511,1.01158236655188,0.00301704291312171,0.0642435873046872,1.00288309926358,0.00934621100882878,0.0859152486776964,7.2688443008963,0.0121722345007438,0.489762938863146
0.0720414296213852,27.311762783483,0.24529124071994,0.0996521244964197,1.01158236655188,0.0179164152501561,0.0720293052826007,2.50524216415549,0.0269062032866486,0.0978132924938124,6.47817779606607,0.10895780238914,0.0799812848045962,1.00288309926358,0.00164694656504005,0.0914128605555096,3.17230798106454,0.0453591826923927,0.0649167004038345,3.27437776251048,0.0211275966912498,0.0865327197010844,1.0232988843187,0.00261620749146337,0.0994689519970923,1.75311720834914,0.0308225232836714,0.0625698825734492,1.00577451078852,0.00144868933604397,0.502092807705746
0.0947786997673259,30.3548659291099,0.449525718360522,0.0797419418240352,1.00577451078852,0.00297312262652804,0.0922003625351503,1.46231609576324,0.0295862232000244,0.0895220969631315,3.19062650772569,0.0609132914477457,0.0953249711906821,1.00288309926358,0.00113247373096877,0.0899622863647265,3.83615347588896,0.0469260365319498,0.0791828926960524,1.34131840233837,0.0213312371108882,0.0885346686735826,1.00867425853989,0.00144065191036181,0.0765736242116428,2.73123512958793,0.0202845511197693,0.0740938705847287,3.37001557459736,0.00805141975984499,0.642164725798603
0.0898390450951029,335.951179933802,0.564602569678488,0.083557289858809,1.11240149892777,0.0129850932711975,0.0996521244964197,2.96051892720402,0.0542982946237793,0.0676822280281783,7.81129753947542,0.0540332453507812,0.087887487319633,1.01158236655188,0.00155422849369537,0.0844356595983211,1.42081696649143,0.0252083517724013,0.0943020824179339,2.22631645743836,0.0388501456770273,0.0944243689247061,1.43727338940046,0.00354848791708749,0.0698462578353008,1.00288309926358,0.00502762105640743,0.0720414296213852,1.08707389011608,0.00665693817449797,0.766764976015363
0.0927959528028076,23.0776713570612,0.382471987810932,0.0881825234827159,1.00577451078852,0.00793533279909829,0.0965708272769548,1.51808232505612,0.0325304471720178,0.0914128605555096,6.0805937181354,0.0922387734923077,0.078076575080978,1.00577451078852,0.00104861918951878,0.0870867531020134,6.11570617216135,0.0495647063942843,0.0696736783055756,3.33142973427318,0.0245621439822143,0.0818740640486284,1.00577451078852,0.00229326451886194,0.0404641501674696,1.00288309926358,0.0024101739504411,0.0947786997673259,1.00867425853989,0.011386300593342,0.606441749903018
0.0815949170298635,9.96880749546136,0.176020256232885,0.0820061632201877,4.760684680679,0.0161249618196157,0.083557289858809,3.08228092099346,0.0387612527722661,0.0899622863647265,7.18561784115829,0.0954615069577603,0.0979906569657011,1.00288309926358,0.00201805038306925,0.093028507625504,16.1362253542068,0.0663627814666152,0.0971322304251511,3.15409462760941,0.0485998327580346,0.0911869644563198,1.01158236655188,0.00183904210175421,0.0378904167401309,1.00288309926358,0.00160661276635614,0.0880348126987379,1.00288309926358,0.00323868921921805,0.450032986477575
0.0817733511350451,11.6638280775231,0.201238575847916,0.048827244471719,1.00288309926358,0.00376225836887259,0.0881825234827159,1.17494491051044,0.0228510485451042,0.0844356595983211,2.81911328467833,0.0507921780773253,0.0954407300699627,1.00867425853989,0.00255155033028196,0.0911639877970056,1.3490638599235,0.0270102168141984,0.0980360313969021,2.94352153037066,0.0481113394020656,0.0906334614678337,1.00867425853989,0.00188324821422448,0.074066513785322,1.25899790157518,0.0149907667372081,0.0927959528028076,1.00288309926358,0.00983356866987799,0.383024751007075
0.0440004394475473,16.8095552308392,0.0888862336993689,0.088236298687608,1.00577451078852,0.00605362684184921,0.0820061632201877,10.3574730860055,0.0486539892946797,0.0870867531020134,11.0665182039154,0.100888771106426,0.0959286140976515,1.09335121002246,0.00309863209224616,0.0607872552408176,2.23917234584048,0.0181498444182229,0.0780000464231868,1.72806227717372,0.0241832357197625,0.0827695871182653,1.0232988843187,0.00178053970907419,0.0736772320316042,1.04714060664789,0.0136635820513143,0.0815949170298635,1.00867425853989,0.0050528623370875,0.310411317270031
0.0924847063844648,9.28205556873432,0.189634859624264,0.0867728005949704,1.00577451078852,0.00335256518697878,0.048827244471719,1.09335121002246,0.00970300581973555,0.093028507625504,23.9383809351586,0.135439357334743,0.0958739640230843,1.00577451078852,0.00198536143715485,0.0773661341064702,2.39935784176774,0.0292624498187441,0.0865327197010844,3.42873391662958,0.0391405897690471,0.0959663262806824,1.00577451078852,0.00205490689253506,0.0676399735711223,1.00288309926358,0.00674308465206997,0.0817733511350451,1.00577451078852,0.00563683118716391,0.422953011722436
0.0494830065473466,23.543537468897,0.117549627012789,0.0659849618336559,1.00577451078852,0.00226459641415299,0.0802226861489024,1.8199732981517,0.0279492434412425,0.0911639877970056,2.70774742833384,0.0544982868564762,0.0873189117343693,1.00288309926358,0.00104275795911132,0.0313389572596865,1.04714060664789,0.00498732042421296,0.0784963692476147,14.505756572389,0.0388179497890354,0.0911146036733609,1.00867425853989,0.00302178204509959,0.0792880744227158,1.79396288338358,0.0196252352979164,0.0924847063844648,1.00577451078852,0.00536812934964336,0.27512492858968
0.0935618252688637,58.8707354161872,0.528750365382599,0.0912444498923753,1.00288309926358,0.00629472682172982,0.0947845531697937,3.40904833026788,0.0521067745778059,0.0607872552408176,3.97099851752979,0.0362741118147539,0.083204900555593,1.02920793476607,0.0020328335656289,0.096771784052707,1.28093437865255,0.0277447408202849,0.0944243689247061,10.8769999686707,0.0611413077778759,0.092336780271522,1.02035709353375,0.00196079777660437,0.0961780134028802,2.10174801133249,0.0310014796191904,0.0935618252688637,1.65979714701382,0.0132208687455996,0.760528006902073
0.0767623301055534,7.84307588021287,0.129180237476404,0.0541777683221272,1.00867425853989,0.00394479246032313,0.0960521086206822,12.4529951356256,0.0737300193983254,0.0773661341064702,4.59902389909696,0.0591307206499169,0.0926113844607904,1.03217524340486,0.00254220650591381,0.0769932378439661,1.33746236557711,0.0210626936019503,0.0818740640486284,2.5933041997516,0.0315195166693084,0.0801558952590804,1.00577451078852,0.00114271134593413,0.0897332388676478,8.86618796583124,0.0351253386265968,0.0767623301055534,1.01449885892793,0.00396820989757779,0.361346446632251
0.0450704940343608,6.38570961945854,0.0566412944756419,0.0802226861489024,1.00288309926358,0.00955345552700305,0.0839074636178163,1.30701047960937,0.023678951364343,0.0313389572596865,1.669381663546,0.0092011931452562,0.0940714636058145,1.00288309926358,0.00188068560479184,0.0935458725744757,1.97275779657863,0.0372855018710758,0.0911869644563198,1.02920793476607,0.0208004035812204,0.0824858511633408,1.00577451078852,0.00125348989899574,0.0751913785129269,3.95958264771409,0.0208075455459583,0.0771251764142272,1.00867425853989,0.00674351043647805,0.187846031450764
0.0771251764142272,19.499983193564,0.249029808234499,0.0947845531697937,1.1817296425721,0.0172208458442601,0.0684203927460807,1.87853138201008,0.0216562589069135,0.096771784052707,2.58584894057531,0.0560090691871769,0.0880233584443594,1.02035709353375,0.00116891044804169,0.0834202971227683,3.49853297367273,0.0389716207463334,0.0859211311629754,15.3213249660846,0.049282330380619,0.0768255232722536,1.00288309926358,0.00119202860287532,0.0906073788827875,3.50861959151272,0.0313804055701263,0.0924548193666165,10.7215497316231,0.0149257528167039,0.480837030737549
0.0924548193666165,206.767683167563,0.602374688676652,0.0960521086206822,4.49431145638251,0.0240838757220772,0.0758550147092803,1.86237664548846,0.0258422695494256,0.0769932378439661,2.63090415150101,0.0422653129767388,0.0791515060461463,1.00867425853989,0.00129530747839675,0.0811514251110868,2.62334079957365,0.0331849993171638,0.0906334614678337,1.09020803204812,0.021843615674914,0.0909182335757144,1.0232988843187,0.00161025530948954,0.0912790769234071,4.02857346483847,0.0330092851896731,0.0875114820324941,1.00867425853989,0.00597073640133707,0.791480346295868
0.0875114820324941,11.3032030575075,0.215658058001875,0.0839074636178163,1.00577451078852,0.00819810195476974,0.0945101405799898,2.99480874260266,0.0491638800677076,0.0935458725744757,3.92553157195246,0.0756326799848264,0.0974489861878769,1.00288309926358,0.0010885170172987,0.0937257095257532,12.345903576098,0.0659212769413797,0.0827695871182653,1.09020803204812,0.0194198161433436,0.0987357461440168,1.00577451078852,0.00282893950356006,0.0739458573179978,1.00288309926358,0.0124424868284815,0.0986872715817338,1.00867425853989,0.00440368848205207,0.454757444925294
0.0723763433260165,25.5029634252175,0.244026945957362,0.0684203927460807,1.00577451078852,0.00755611695741169,0.0888348530343685,1.93339940407185,0.0344410283690448,0.0638834825310852,1.71320152422168,0.0228378369449489,0.0896035930444704,1.02035709353375,0.00228920283201582,0.0934482881086993,3.60071789654471,0.0501483079216329,0.0741310835430896,9.77794436555052,0.0329256818014851,0.0973079378010937,1.00577451078852,0.00346994744494129,0.0769347976839737,3.68461060628057,0.0217941852070026,0.0723763433260165,1.00577451078852,0.00662766149112133,0.426116914926966
0.097528751730756,61.6224342605923,0.596656716459024,0.0758550147092803,1.00288309926358,0.00888472033525246,0.0628340234078275,2.95200799512719,0.0218703054240917,0.0834202971227683,6.57210398204128,0.0791007199441631,0.0850872527262288,1.00867425853989,0.00154953132918632,0.0983816590962939,1.53566531100084,0.0334087983871437,0.0959663262806824,1.20926262481036,0.0258945579359306,0.0935264027064742,1.00288309926358,0.0024307639890926,0.0811275265171832,1.00288309926358,0.0112896135633547,0.097528751730756,1.70827639380871,0.0147933444044198,0.795879071771659
0.085837372199171,23.209827249928,0.328653404149396,0.0945101405799898,1.04413027541975,0.016286796717142,0.0914392871811904,1.17494491051044,0.0238294644701514,0.0811514251110868,4.98510624458552,0.0671986917773483,0.0823884504252505,1.02624915657849,0.00120412347998611,0.0860632643901528,1.4455729400936,0.0263329817288217,0.0911146036733609,4.98510624458552,0.0487116706808163,0.073858629565371,1.01449885892793,0.00180668640476786,0.0866723735251082,1.00288309926358,0.0027949248193196,0.0981177108444469,1.00288309926358,0.00347887023331327,0.520297614461063
0.0670532641579758,7.47148735576046,0.105359776345078,0.0628340234078275,1.42081696649143,0.00762405346068998,0.0981773540520477,2.69996316651677,0.0499348299155454,0.0937257095257532,20.0828667363378,0.134531262799883,0.0998201795538373,1.01158236655188,0.00313913291673323,0.0922222458250503,8.17952684419346,0.0596090972768307,0.0586557267163937,1.29204553462562,0.0129792885398992,0.0788243701704275,1.00577451078852,0.00141440548509859,0.0994842843189454,1.1481932879197,0.0240888626759751,0.0619210717291523,1.00577451078852,0.00143931681585951,0.400120026231593
0.0896489053297359,194.734752666573,0.54747534583743,0.0981773540520477,1.00288309926358,0.016531489494934,0.0740094202390315,15.4987821679022,0.0390718854739765,0.0934482881086993,6.98169689372975,0.102089133338813,0.0814767059065024,1.04112859832463,0.00181437522175148,0.0901884347548272,3.35066711121492,0.0452080780940619,0.092336780271522,1.15815301335288,0.0236736938431709,0.0972461781304424,1.00288309926358,0.00154596838302066,0.0993992058186306,1.80952418124502,0.0313431338304325,0.085837372199171,1.00288309926358,0.00858731686193297,0.817340420379524
0.0811599700571145,12.1742029363666,0.206047831121857,0.0711221986779173,1.45392041663176,0.0099101810334668,0.093596872553024,1.94456383978917,0.0376497699008372,0.0983816590962939,3.08228092099346,0.067659005773557,0.0983798074235632,1.00867425853989,0.00188332054108531,0.0909357161847393,2.18189932872234,0.0376032488965598,0.0604949158240226,1.00288309926358,0.00734160328826446,0.0855132309032324,1.01449885892793,0.00132834882260156,0.0805980736266675,3.16318819550752,0.0234618344951861,0.0758288405025772,1.00577451078852,0.00190681314825391,0.394791957021669
0.0994563937998959,13.3008486998171,0.294890505410289,0.0921958144875315,1.26626799854054,0.0167366554331664,0.0711221986779173,3.54925770971272,0.029073173119142,0.0860632643901528,2.88479547897935,0.0531053374195082,0.0899456230458531,1.01449885892793,0.00121595879258114,0.0885925361300485,1.51371812544339,0.028447956578607,0.0907416541923179,4.0401882420282,0.0456211910338565,0.0973531621743885,1.00867425853989,0.00329490609870954,0.0414648005928031,1.00288309926358,0.00435871319298115,0.0670532641579758,1.00288309926358,0.00341661060359236,0.480161007682433
0.0800974013791259,159.913856826124,0.40595665739867,0.0801146550908148,3.22758151346831,0.0146810898821305,0.0921958144875315,3.61109912366059,0.0505812431455928,0.0922222458250503,13.8527304550101,0.121548256898936,0.0775929362190268,1.00867425853989,0.00153919451555156,0.0773648730430086,1.70336542221432,0.0247178840461409,0.0693992577621289,5.85722521042959,0.0267403221544799,0.0917807538705066,1.017423759841,0.00205316499504176,0.0626939460199789,1.34518555643637,0.0112944054345769,0.0896489053297359,9.07276025359497,0.0136544743732083,0.672766692844329
0.089257205719371,173.718067925394,0.537565906249271,0.0913348504500685,1.00577451078852,0.0131807066457362,0.0749104748723566,1.15482354244809,0.0182836837203211,0.0901884347548272,6.40400427119728,0.0919279788071047,0.092431171267119,1.00867425853989,0.00170559653352945,0.0938489638219211,1.16819913201946,0.0243821201027829,0.0987357461440168,2.39246014169509,0.0441608142433053,0.0872148347282464,1.01158236655188,0.00170537825996088,0.0493419411746919,2.16937226517279,0.00815137788296627,0.0966381591451422,1.00577451078852,0.00374569740176895,0.744809259846747
0.0639267076980447,52.8178734817829,0.21999470789628,0.090183025389771,1.53566531100084,0.0168888297740042,0.0801146550908148,7.52435222533039,0.0441048037382194,0.0909357161847393,4.26734287669584,0.0762862278440606,0.0824800103543779,1.03217524340486,0.00144983876169506,0.0900985380060375,8.66431899975565,0.0570586999521726,0.0973079378010937,5.79016143825715,0.0592878453083491,0.0923096851771962,1.00577451078852,0.00123224606242577,0.0792201638903128,1.00288309926358,0.00637520573712852,0.0811599700571145,1.00288309926358,0.00574819686556434,0.4884266019399
0.0933896232615706,256.873770053303,0.625478001575562,0.0728871249101315,1.00288309926358,0.00330826746299978,0.0913348504500685,2.23273514877728,0.0393775688838263,0.0885925361300485,3.02078648791353,0.0574554561446349,0.0970514389515848,1.01158236655188,0.00287710540727968,0.0838207939512416,11.1304219326752,0.0490864018187767,0.0666027072840257,2.07768351923393,0.0196817970757302,0.0794006548761012,1.00577451078852,0.00198747264049767,0.0532750906151737,1.00288309926358,0.00628911981500223,0.0994563937998959,1.00577451078852,0.00780548518349828,0.813346676007808
0.090294562770158,70.0708090628971,0.502998775728974,0.0531929927031454,1.00867425853989,0.00442852540036649,0.090183025389771,4.24284253669373,0.0510606965482324,0.0998939831639979,64.0769269600819,0.180029381046575,0.0938502369110102,1.00577451078852,0.00230661115923812,0.0825027077711866,26.3241943658462,0.0502027490758477,0.0935264027064742,1.86774606222357,0.034764341925489,0.0960855604917632,4.99947880072813,0.00387729699058669,0.0910627355043265,15.8598865007128,0.0379147425097692,0.0935589641983163,1.00288309926358,0.00255709384625989,0.870140214231339
0.0620639112783154,45.2713008275569,0.202194820995291,0.0914250014260626,1.99560700049668,0.0187206898184102,0.0531929927031454,1.24817094410403,0.0118022033162232,0.0773648730430086,3.31230280598519,0.0497833751403581,0.0996881763153006,1.00577451078852,0.00205433242455487,0.0905611818461396,2.48369792620856,0.0400681858301337,0.073858629565371,1.45392041663176,0.0200368473101559,0.0837923300304473,1.01158236655188,0.00146803637144033,0.0913878914573497,1.00288309926358,0.00108366200268517,0.0995106255605153,1.00867425853989,0.00575406393349354,0.352966217142746
0.0620232470946945,9.63304674477083,0.118073665092044,0.0648879983580303,1.00288309926358,0.00579405053642549,0.0914250014260626,5.70741049859425,0.0568323103867717,0.0938489638219211,2.35148837301477,0.0490927697568602,0.0926943864218494,1.00867425853989,0.00204292370016271,0.0855040222399989,9.5553161597167,0.0505567670427015,0.0769056518795239,2.90981894079874,0.0288694649004022,0.0957030684440726,1.00577451078852,0.00163293971426872,0.0826656669318725,2.53425879720196,0.0237436052629729,0.089257205719371,7.94739971184986,0.0134250061084889,0.350063502501098
0.0942401044499748,21.6109004384566,0.379569925133301,0.0873498075081591,1.92784124639408,0.0165448345227858,0.0648879983580303,1.28093437865255,0.0161045427859981,0.0900985380060375,14.6737675621227,0.116302553310719,0.0830544511490711,1.04413027541975,0.00113518336441683,0.0900708375978939,2.65372529430481,0.0407664004775005,0.0495933779063354,1.0684573459204,0.00912807897177777,0.08377280933646,1.0232988843187,0.00198258489152029,0.0911310529400726,1.27725193454067,0.0221432682876624,0.0933896232615706,11.9266679922861,0.0154607454439878,0.61913811718967
0.0853887074655858,45.922210269902,0.406371431546919,0.0897860739768491,1.39247031798524,0.0163292458650303,0.0873498075081591,5.23515726431772,0.0499768758937086,0.0760534641128184,1.91126246166401,0.0312119812760058,0.0991983412357076,1.00867425853989,0.00300297603419257,0.0830303541684958,2.03623175886238,0.0307708910854416,0.0973531621743885,4.52026390637434,0.0551570760757413,0.0992690770129303,1.00288309926358,0.00357185266176075,0.097705855893383,1.7230944249062,0.0295584885875604,0.090294562770158,2.17562678075294,0.0126245512102828,0.638575370236643
0.093060323218967,68.0984949826794,0.538619808995892,0.0540911249661002,1.01158236655188,0.00418526482943182,0.0897860739768491,3.99392909131044,0.0492976239583145,0.0838207939512416,17.4908414355252,0.0999049855590749,0.0915208094064974,1.01158236655188,0.00206233975173437,0.0950423903714336,1.15815301335288,0.0245687838662978,0.0592354549660428,1.60343464412786,0.0145196055031819,0.0940292243460032,1.00288309926358,0.00283127669778739,0.0996700652422102,2.10174801133249,0.0334795673581846,0.0939895555832317,1.00577451078852,0.00402059741138527,0.773489853931285
0.072489087339111,67.9043430662396,0.297407487491246,0.0523979537087745,1.00867425853989,0.00393233395404897,0.0540911249661002,1.0684573459204,0.0110357659009496,0.0825027077711866,31.1977684837926,0.102201108894641,0.088267947570182,1.00867425853989,0.00196309593335991,0.0645303378301407,1.60805750536954,0.0176699219198909,0.0917807538705066,1.29204553462562,0.025853451210425,0.078158858179184,1.00867425853989,0.00175569552101202,0.0974912849564086,1.38447564841702,0.0262656673207149,0.0620232470946945,1.00288309926358,0.00371102018777178,0.49179554833406
0.0694101563023527,19.7803533829387,0.206552719140015,0.0836333698473662,2.17562678075294,0.0152866523217294,0.0741425024511023,13.0025492407616,0.0388333624243763,0.0905611818461396,4.87160332233193,0.0813561549460705,0.0915430952521152,1.01158236655188,0.00114537435667353,0.090790113913608,1.35685404373703,0.0269665047946594,0.0485656897532986,1.00288309926358,0.00472972193113362,0.0814195703592328,1.00288309926358,0.0017282230815339,0.0963884803673188,1.7683242002651,0.0290966385460599,0.0686026459243915,1.00288309926358,0.00186501126721697,0.407560362809469
0.0723483933620347,16.7616304218783,0.206839043941449,0.0835792382871358,1.00577451078852,0.00373765508620258,0.0523979537087745,1.02035709353375,0.010238860403168,0.0929915167877872,75.0704237295268,0.147488460945494,0.0996253151995562,1.50936647207927,0.00350243740960679,0.0699350843191467,1.54453302690677,0.0197789579486459,0.0588232552361271,1.00288309926358,0.00122521277672856,0.0738470182836797,1.00288309926358,0.00144173805908767,0.077371198868785,1.00288309926358,0.0132610336315051,0.0942401044499748,1.00288309926358,0.00976636695974914,0.417279767161637
0.0499798619345534,9.1766531460679,0.0841783904473326,0.0975677099287476,1.17494491051044,0.0182712943852586,0.0836333698473662,5.60966897361054,0.0460127401917502,0.0855040222399989,15.5434666953568,0.102929259485556,0.0938918008811694,1.035151107089,0.00150566534024047,0.0890171951045621,1.16149208345279,0.022780218558772,0.0794006548761012,1.65026765861521,0.0243031891562873,0.0738949246630584,1.017423759841,0.00184799779560556,0.0745289971426619,2.08968112513086,0.0180171809550091,0.0853887074655858,1.48779514022745,0.0103869969271537,0.330232933242966
0.0928968644807725,22.4922202721046,0.377297511619055,0.0684092343441121,1.00577451078852,0.00757764281974726,0.0975677099287476,3.39924796097488,0.0554164069672532,0.0900708375978939,5.11596107896008,0.0827922555275863,0.083165126161932,1.02624915657849,0.00151728924745378,0.098716558679544,7.04225793763313,0.0693379330679316,0.046306103853463,1.37652687910296,0.00916685712404027,0.0990087297437176,1.00577451078852,0.00302867049029275,0.0990802817261596,9.2308418493486,0.0460812951143959,0.093060323218967,2.0657547958787,0.0134494108422076,0.665665272819964
0.0834865086499303,17.2964047929685,0.270169200574532,0.0842782415861841,1.00577451078852,0.00722113910156643,0.0684092343441121,1.89482624889294,0.0217240801170119,0.0830303541684958,3.95958264771409,0.062233310073465,0.0917276363470616,1.00867425853989,0.00162339638005253,0.0848457802136029,10.4473164853735,0.0500230233980287,0.0960855604917632,25.0668507346102,0.0689008139371491,0.0905489110341796,1.00288309926358,0.00182636482163111,0.0907458790476278,1.669381663546,0.0250813800769173,0.0694101563023527,1.00577451078852,0.00575988832161226,0.514562596801966
0.0722085192273418,11.1748494856797,0.163082326042128,0.0691173901876337,1.00577451078852,0.00666054558358326,0.0508417937854228,3.6424227310724,0.015402758120331,0.0950423903714336,2.34472828861258,0.0494767031795443,0.0983777286073165,1.00867425853989,0.00317136490801874,0.0953713736182807,3.00344307348301,0.0484519782900894,0.0496788342564582,1.00288309926358,0.00851531203742036,0.0896078098032777,1.017423759841,0.00118865610716413,0.089904455916805,1.00288309926358,0.0132632252744134,0.0723483933620347,1.00577451078852,0.00576651861132204,0.314979388154015
0.0979168087733414,96.7504107799844,0.649632440748586,0.0956467418299954,30.8405617924466,0.0261033058234122,0.0842782415861841,1.11882507338448,0.0206008492241134,0.0645303378301407,3.01210229799636,0.0352869984943211,0.0800353071142927,1.00867425853989,0.00161531536275788,0.0865057764803311,1.15482354244809,0.0218935761966287,0.0926956506749556,3.80316384938978,0.0469684054992865,0.0901039610859048,1.00577451078852,0.00233016012148431,0.0837713525719114,11.9610537599916,0.0298486419840174,0.0900652790846847,1.00577451078852,0.00208709765527882,0.836366791109886
0.0558542898617005,13.3770169365778,0.121088358566942,0.0928298835852907,1.00288309926358,0.0077737052816151,0.0823027952442196,1.3804955427344,0.0240687681370496,0.0911808519241988,73.7848148359129,0.139219538087569,0.0853746661886757,1.02624915657849,0.00131652009234548,0.0952703909517039,1.47925317679908,0.0310068408669082,0.0785815563264063,3.30278056177977,0.0314752083953362,0.0873757395645502,1.02035709353375,0.00108995360197124,0.0974585665117735,3.07341994620988,0.0363963404223298,0.0928968644807725,1.00577451078852,0.00971374574124331,0.40314897919331
0.0493936037598283,18.2085412106233,0.110138724931244,0.0764072285965297,1.00288309926358,0.00178030777864161,0.0475119521137708,1.42902148939294,0.0106212340102181,0.090790113913608,2.71555413295041,0.0544083791799244,0.09997742955913,1.00577451078852,0.00263047692461306,0.0966339111896963,6.24020417473294,0.0633774031226907,0.08377280933646,1.42081696649143,0.0241878440476763,0.0913921673192714,1.0232988843187,0.00257248650905995,0.0837987248029736,3.99392909131044,0.0269142296340226,0.0873578980631809,1.00288309926358,0.00140882859640279,0.298039914734494
0.0655710593102901,14.4078203355768,0.162792007008525,0.0948463285849241,8.54049161663095,0.0244840281871141,0.0691173901876337,1.40051115285914,0.0188345956743034,0.0699350843191467,2.96051892720402,0.039624902144374,0.0842983692018115,1.035151107089,0.00195305852719053,0.0951595619244956,5.92506573979369,0.060570955282274,0.0992690770129303,5.6910027726913,0.0616926881831444,0.0928157579609736,1.00577451078852,0.00306742166485532,0.0864066690509114,1.11560866287013,0.0186013824579665,0.0539458984390829,1.00577451078852,0.0022426141761686,0.393863653305916
0.0717358384644466,16.1509010721782,0.200401889152166,0.0475969693884996,1.00288309926358,0.00171271997052829,0.0985657351941238,1.54453302690677,0.0339753425995226,0.0890171951045621,2.33126636583218,0.0457979495356561,0.0966968891240396,1.00577451078852,0.00265562487548856,0.0773656880842084,2.37188579111585,0.0291207390991036,0.0940292243460032,2.96905439714284,0.044215969269319,0.0765807723745669,1.00867425853989,0.00160821488834239,0.0669791030164842,2.01872085226992,0.0143237259192863,0.0834865086499303,1.00577451078852,0.00723302547255384,0.381045200781967
0.080410826541893,18.2606030230492,0.26033277816832,0.0699704966425983,1.00288309926358,0.00221804297182195,0.0956467418299954,44.5822815844455,0.0800926073888331,0.098716558679544,12.8907317012169,0.141558703241996,0.096368202146552,1.00288309926358,0.00187735050643312,0.0363288734925792,1.16149208345279,0.00637316007857343,0.078158858179184,1.15482354244809,0.0188335226197528,0.0952187268026626,1.00867425853989,0.00258957866922578,0.0884988565558215,1.00288309926358,0.00488073994468149,0.0762655420889133,1.01449885892793,0.00244705986375503,0.521203543453393
0.0613126061542147,22.9462679549317,0.171315323397991,0.0699875122062328,1.60805750536954,0.00972521829028774,0.0928298835852907,1.09020803204812,0.0223418111612531,0.0848457802136029,15.5882800527396,0.101831445852764,0.0925680785314745,1.00288309926358,0.00265841429171305,0.0729803533371796,2.38558227120577,0.0260089011953278,0.0535174665155917,2.66137624774655,0.0140796745598147,0.084868963947817,1.02624915657849,0.00162952781690406,0.064844762655602,4.11058351166975,0.0151231165981768,0.0979168087733414,2.66904925964653,0.0160200785115132,0.380733511675745
0.0645166660507441,7.11750391808951,0.0960971960253643,0.0757223913040838,3.35066711121492,0.0127973331925797,0.0948463285849241,19.852922906113,0.0749907737402225,0.0953713736182807,5.82359678794962,0.0986000917102976,0.0949728700423774,1.01158236655188,0.00228485681266126,0.0737903408007204,1.60343464412786,0.0220625060283771,0.0814195703592328,1.035151107089,0.0181852054639269,0.0959658317002296,1.00577451078852,0.0022150103179928,0.092380486759465,1.75311720834914,0.0265120588344412,0.0532377679615592,1.00577451078852,0.00193492265642473,0.355679954782288
0.0885104173679184,27.7044505118647,0.375136275101691,0.0835984503433578,1.00577451078852,0.00371000938455949,0.0984747219822871,1.61269369477906,0.0351785096071756,0.0865057764803311,2.31121826109334,0.0439742874044295,0.0834593127916189,1.02035709353375,0.00201373045538131,0.0465802180403124,1.13504676028852,0.00901106077089609,0.0475433478973121,1.35685404373703,0.00949513125095739,0.0850924977972488,1.01449885892793,0.00133928333069628,0.0714528796223979,4.77441020717598,0.0190588456899813,0.0558542898617005,1.00577451078852,0.00378083003667304,0.502697963032441
0.0308711173971923,8.4958208841182,0.0418867315804381,0.0634920625597898,1.76324060258228,0.00806555900804151,0.0699875122062328,3.6740180475533,0.0284904137913175,0.0947583305926324,74.2108860452115,0.156664160411014,0.0908162193385621,1.01158236655188,0.00126853896246066,0.0802718151253701,1.28833114804146,0.0218023689412193,0.0738949246630584,1.5850757161707,0.0210117473889217,0.0932501747314278,1.00288309926358,0.00126840416182464,0.0943063873930103,7.00182581890258,0.0389384438852811,0.0655710593102901,1.00288309926358,0.00474654194754539,0.324142910078064
0.0875916921013097,15.0812616012162,0.269775167857399,0.0726354381971447,1.00288309926358,0.00875680519871954,0.0999172355285225,1.27358007675926,0.0285743107104207,0.0952703909517039,2.96905439714284,0.0627186158739817,0.0796817238604105,1.00867425853989,0.0017390300498813,0.0947366276903029,2.70774742833384,0.045686777414142,0.0990087297437176,2.89311263070037,0.0488742298594158,0.0944261159589444,1.00867425853989,0.00341163120016064,0.0479253097304948,1.00288309926358,0.00158441419329144,0.0717358384644466,1.00577451078852,0.00561745642409284,0.476738438781505
0.0738945612328742,37.2825466554623,0.281685507236928,0.0574428467584587,1.09335121002246,0.00609863048290026,0.0624687744472907,1.3804955427344,0.0159520700798986,0.0966339111896963,11.3570049730287,0.129298976877353,0.0966637424364192,1.00577451078852,0.00266253348135007,0.0851725053299931,6.62911211113257,0.0473257866659895,0.0905489110341796,1.0232988843187,0.0205012347287577,0.0892533474903422,1.0232988843187,0.00175543813173459,0.0823548136632965,1.00288309926358,0.00468152427184712,0.080410826541893,1.00577451078852,0.00700524803261699,0.516966949989376
0.0863465102023341,23.8139569614789,0.336186079801879,0.0887834438743766,2.2456281019818,0.0177797638818905,0.0841938640019952,33.7195655535441,0.0561156457355437,0.0951595619244956,10.8145512259435,0.123526623932859,0.0951482555931601,1.02035709353375,0.0027263336031714,0.0884078718318548,12.8167214051892,0.0571960098684304,0.0953093759485991,3.04698957090351,0.0459088574448213,0.0954339704281225,1.00577451078852,0.0019432355219007,0.0538170706691656,1.00288309926358,0.00514474970971963,0.0584228167968382,1.00577451078852,0.00102020255891599,0.647547502059132
0.0820035419377459,115.486295464133,0.418116097548032,0.0949260362093549,21.4576864915806,0.0253447639269487,0.0984397059749755,54.8510311331187,0.0882964208920115,0.0331096748449153,1.45392041663176,0.00897655299587343,0.0904345565087394,1.00288309926358,0.00141638441080027,0.0868898512449305,2.14453349218355,0.0343215119185107,0.0489073700137314,1.00288309926358,0.00803032188973254,0.0985384839529666,1.41673238639154,0.00399233562128783,0.0923567378314781,1.39648494813358,0.0237783037685286,0.0613126061542147,1.52684850782001,0.00494391240468829,0.617216605376414
0.0990336197396679,59.0390584657472,0.613286375411589,0.0704627348872794,1.00577451078852,0.00492410910962723,0.0757223913040838,6.98169689372975,0.0381696799218265,0.0773656880842084,4.52026390637434,0.0588392474652016,0.081809722542364,1.1028352210931,0.00200283641704372,0.0990797337047543,2.03623175886238,0.0418851607232549,0.0900148928863022,1.77342245446464,0.0314274412293651,0.081484302702671,1.00577451078852,0.0019110274531853,0.0661734894405646,1.71814085427452,0.0134811702532107,0.0784647568030733,1.00288309926358,0.00129363511874894,0.807220683103053
0.0888177280846018,413.802760522569,0.555343048236632,0.0793143755747748,1.00288309926358,0.00407011870359844,0.0891688352033714,2.60078095318014,0.0407942675233211,0.0363288734925792,1.92229906736858,0.0120516133434294,0.081014518239656,1.26991877487462,0.00196444924798153,0.0804240414920354,6.45955425993623,0.0412137842827048,0.0544962555884173,2.11388457789867,0.0137555047124226,0.0837511480989311,1.00867425853989,0.00141809561219446,0.0940883917571405,1.71814085427452,0.0273742960003014,0.0645166660507441,1.00288309926358,0.00320212135686161,0.701187299019447
0.0984142202139577,24.2946863802066,0.438880224702765,0.0806265365284667,1.00577451078852,0.0111839572887628,0.0634920625597898,3.56975293664868,0.0232613502993089,0.0729803533371796,4.43008034640065,0.0524387626858446,0.0993469009570921,1.00288309926358,0.00187120135319958,0.0992337019704064,1.45392041663176,0.0322586179935319,0.0901039610859048,1.86237664548846,0.0323902093565618,0.082828233477261,1.01449885892793,0.00202837883330894,0.0942045503307786,1.06538573309788,0.0208980122113187,0.0885104173679184,1.00867425853989,0.00966369899653334,0.624874413721136
0.084197404454661,33.6408487589469,0.362385163707588,0.0925681907844444,1.00577451078852,0.0020592705955361,0.0726354381971447,2.10780755947618,0.0254392492562396,0.0819084338569927,59.6271237907573,0.104236674162929,0.0907203579464727,1.00577451078852,0.00161095161341442,0.0797531458672814,11.8923810771604,0.0436427468292994,0.0754090954298951,12.4888983567305,0.0350404959968244,0.0975875920237492,1.00577451078852,0.00167714171831532,0.0822486954244312,1.01158236655188,0.0161346006688487,0.0738945612328742,1.62668261683323,0.00749970320768566,0.599725997756681
0.0859915258351278,64.6871773739437,0.439818881166321,0.0715026918965188,1.40454896553258,0.00993727051322192,0.0574428467584587,2.23273514877728,0.0170641782337954,0.0737903408007204,3.10007958542497,0.0443217453538211,0.0895264979687382,1.00288309926358,0.00172112574266169,0.097339880420632,5.70741049859425,0.0635876247114384,0.0913921673192714,2.41321295951054,0.0381088261725062,0.098170770055586,1.00577451078852,0.00129307033638536,0.038934808544247,1.00288309926358,0.00335710258671997,0.0820035419377459,7.04225793763313,0.0106589626728458,0.629868787489717
0.081117758266075,33.7370345839219,0.333440121131271,0.0950656701798461,1.00577451078852,0.0113978098782552,0.0887834438743766,6.0805937181354,0.0538677492169152,0.0465802180403124,2.04799000112185,0.0174772954492295,0.0991431740369192,1.00577451078852,0.00334398343970271,0.0923812798094542,9.94831291991456,0.0616606966643406,0.0928157579609736,4.63891702142887,0.0497887118549928,0.0944489504747118,1.01158236655188,0.00233460140567483,0.0710457104952734,2.18189932872234,0.0164678096520897,0.0990336197396679,1.58051892322707,0.01517842965054,0.564957208343012
0.0811601667755876,117.481699737071,0.40972786766136,0.0695808638523221,1.00577451078852,0.00168022088629889,0.0949260362093549,36.9736199650277,0.0777026808657288,0.0950486373184895,64.0769269600819,0.155726787070772,0.0999048985854727,1.00288309926358,0.00229904558329193,0.0816536899319551,2.38558227120577,0.0321902394164436,0.0952187268026626,2.10174801133249,0.0385121809846793,0.0832357535133325,1.00288309926358,0.00192117378584587,0.0515118715052628,1.00288309926358,0.00237040024576726,0.0874594570774836,1.00577451078852,0.00234975309932009,0.724480349599508
0.0962870583340207,13.7252079548169,0.289465250680167,0.0474542730972817,1.00288309926358,0.00122086638092215,0.0961924545857425,1.43727338940046,0.030803560463817,0.0802718151253701,2.56361151152847,0.0437866906631898,0.0894086827472274,1.00867425853989,0.00146194588525197,0.0973802814485278,3.92553157195246,0.0566656393053702,0.0959658317002296,1.41265954868704,0.0296728098641369,0.0979680394929836,1.01158236655188,0.00204087049587379,0.079037229374033,1.54009278652809,0.0184361814583864,0.0627334680768612,1.00577451078852,0.00139761834467157,0.474951433541787
0.0643932325480801,7.26118409383141,0.0979236276581725,0.0849625137167694,1.00577451078852,0.006888096876328,0.0806265365284667,2.47655776434198,0.0330864407728142,0.0947366276903029,5.29579277470977,0.0929125762722693,0.0931543907538187,1.035151107089,0.00120144854295249,0.0767489712106493,3.60071789654471,0.0328518541755368,0.0944261159589444,7.74412301428478,0.0579116507412541,0.0807334091644407,1.00867425853989,0.00102315653596626,0.097635960761595,5.97646129188652,0.0417505229883621,0.084197404454661,1.05318733137807,0.00936842746489758,0.374917802028553
0.0683906585052645,6.78029147502497,0.0972865151697779,0.0586665403411969,1.00288309926358,0.00421331535494415,0.0715026918965188,3.40904833026788,0.0291585235348088,0.0851725053299931,11.2918003500854,0.0962837203016376,0.0966141932411961,1.00288309926358,0.0028236826900646,0.0806202439820356,4.37935702804035,0.0385344084081422,0.0554717817797286,3.22758151346831,0.0155572892281836,0.0744826691982749,1.00288309926358,0.00129375252693476,0.0838071500389471,2.5933041997516,0.0246217542714146,0.0859915258351278,2.2456281019818,0.0111615238976418,0.32093448538355
0.0931256649632698,11.2388430398205,0.232569361992425,0.0945846523310429,1.00288309926358,0.0150871323317183,0.0483155957684069,2.43414579263315,0.0129538315485267,0.0302241809175429,2.3787241732935,0.0103306676804761,0.0832091322845852,1.02920793476607,0.00155229713578527,0.0478978677473232,3.04698957090351,0.0128027988698435,0.0653897700759137,1.26262771749805,0.0151943849600603,0.0999975494614332,1.01158236655188,0.00267657090092215,0.0828599646300659,1.04413027541975,0.0166892575363639,0.081117758266075,1.09335121002246,0.00869816063162969,0.328554463587751
0.0963847503840102,24.503672683284,0.423164785868674,0.0590244499474087,1.00577451078852,0.00120063296074073,0.0679998503288203,1.78880557933512,0.0210041265093971,0.0884078718318548,19.6256118755653,0.116584974843022,0.0830382335077957,1.00577451078852,0.00141749158487256,0.0695210549556819,2.74700667630971,0.0248627054843226,0.0954339704281225,1.09020803204812,0.0232592453545887,0.0878147088513328,1.02035709353375,0.00150075368381481,0.0966723575908462,1.09966477838038,0.0222975060991503,0.0962870583340207,1.00867425853989,0.00767985509336996,0.642972077481953
0.0702607702253116,28.8342730190739,0.238638981564134,0.0994334161708767,1.23033252636976,0.0194365308861254,0.0950656701798461,1.63137250428789,0.0337602229040918,0.0868898512449305,4.19426304469508,0.069536291559664,0.078940135348903,1.00577451078852,0.00160023058111328,0.089898878492302,1.24817094410403,0.0247342270585308,0.0631191976443156,1.23387969717049,0.0142268905042164,0.0758084418346761,1.00288309926358,0.00154409934544706,0.0649509601954768,1.00288309926358,0.00831514913820447,0.0798596356077501,1.00577451078852,0.00272787397462483,0.414520497516152
0.0964196682563204,31.6831057068923,0.475355048643216,0.0762706066871082,1.02035709353375,0.0104169631838238,0.0849625137167694,1.05318733137807,0.0195515381034992,0.0990797337047543,4.0518365057735,0.0850933419421492,0.0859378243948812,1.0232988843187,0.00146944788811844,0.0627249808104087,4.85759838400825,0.0229958193135394,0.0985384839529666,16.2294041616006,0.0716155898828986,0.0954686784068144,1.00867425853989,0.00273885988026465,0.0884797048488447,2.04210241714683,0.0257871319824881,0.0643932325480801,1.00577451078852,0.00324441518121771,0.718268156001215
0.0878968527126779,327.428527030847,0.534614674454585,0.0898993858830719,1.70827639380871,0.0172708538733273,0.0945846523310429,2.57841511385935,0.0453841155656877,0.0804240414920354,10.9713498785374,0.0837124426723815,0.0912689866051947,1.0232988843187,0.00137630477054403,0.0866148220789651,2.46233896144414,0.0366773966482601,0.096094421428642,1.3804955427344,0.0291349447896649,0.0929030888118563,1.01158236655188,0.00268416145050907,0.0953837230619676,8.44270511134198,0.0413277505357092,0.0683906585052645,1.00288309926358,0.0032296618648629,0.795412306625532
0.0915320583455914,20.4114391290183,0.3495963561074,0.0827662686298611,2.26510726072284,0.0151156587377768,0.0994334161708767,3.56975293664868,0.0590877000521758,0.0992337019704064,2.9350594625955,0.0652932938276053,0.0953798857103208,1.00577451078852,0.00201143553774197,0.0967898040061802,1.42081696649143,0.0305660970516359,0.081484302702671,1.36076598863131,0.0224991729365264,0.0786685504880878,1.00577451078852,0.0018725396205184,0.0803066972397054,4.29198469417562,0.0245944410332742,0.0931256649632698,1.00288309926358,0.00636234357007037,0.576999038474725
0.0924069353202436,61.2715584125027,0.519830465510476,0.0954373520664817,1.00288309926358,0.00825581241288061,0.0779439940508061,28.3702534600969,0.0459998974570106,0.0797531458672814,16.7998856852757,0.0887083770011727,0.0989134193553067,1.00867425853989,0.00144675430910428,0.0898855421641199,2.82724106811333,0.0420067131283685,0.0818697775683482,4.20635552139048,0.0364731816149067,0.0918057743691206,1.00577451078852,0.00318209993360755,0.0986518436589528,1.47925317679908,0.0277604820449882,0.0906892511023441,1.00288309926358,0.00209779493923987,0.775761578351755
0.0666691382658377,9.60558248895832,0.130215862766228,0.0875782430831865,1.68386231169735,0.0162095473505422,0.0762706066871082,2.69220128298041,0.0306698840038283,0.097339880420632,10.6293480187976,0.129731364463299,0.0942877524500038,1.02920793476607,0.00223131607077347,0.0685672602010358,1.08707389011608,0.0153081913223885,0.082828233477261,1.56242237457588,0.025268527039739,0.0869813176892073,1.0232988843187,0.00189584683940457,0.0880385785601543,1.59882507273807,0.0232121653067116,0.0702607702253116,1.33361741419236,0.00650289491590945,0.381245600078824
0.0965360572664949,22.4922202721046,0.406272086307343,0.0990884938268354,3.73803325566538,0.0257216679872135,0.0898993858830719,4.70617602490094,0.0522643341214422,0.0923812798094542,15.8142923261533,0.125768023820973,0.093891403503261,1.035151107089,0.00186903809361678,0.0881343002029758,1.18855355314224,0.0230030005702438,0.0776253138967712,7.2688443008963,0.0354756950512971,0.0756960246475456,1.00577451078852,0.00142631622720637,0.0791960991186344,1.46231609576324,0.01808295497595,0.084869508735695,1.00288309926358,0.003710229995367,0.693593347150653
0.0931772298983966,374.450763025516,0.631675501923388,0.084302543420754,1.09020803204812,0.0131481287693324,0.0827662686298611,5.89104782059798,0.0454739932834065,0.0816536899319551,4.54636621906863,0.0651526515270033,0.0991383727286815,1.00577451078852,0.00154970826409327,0.0872041541161177,2.77083492243083,0.0389873805591033,0.0937090275191157,2.92662172166501,0.0438777754989339,0.0833778813861968,1.01158236655188,0.00205051451195167,0.0759211370895014,1.00288309926358,0.00906058713804551,0.0915320583455914,1.00867425853989,0.00907228301982206,0.86004852449508
0.0995901722363551,57.7058348295407,0.618116625876769,0.0810966726950078,1.83576021707557,0.0138222515980149,0.0811366496170222,1.16484078042324,0.0204508635837363,0.0973802814485278,7.6115020308696,0.115494099025818,0.0982350150022198,1.00288309926358,0.00160022708654056,0.0861596035199962,4.84363370723389,0.0455673330366659,0.0983575681950231,2.85176528809274,0.047709666553268,0.099127311118867,1.01158236655188,0.00237064912533781,0.0994114170063537,3.94819959636536,0.0405153754342913,0.0924069353202436,1.78880557933512,0.013014314789958,0.9186614061104
0.0654997137276191,14.8251092480606,0.164385842319369,0.089111251413746,4.8997344482741,0.0198796492740859,0.0875782430831865,4.71974439753259,0.0489204916523931,0.0767489712106493,6.45955425993623,0.0665134727928654,0.097951822894277,1.00288309926358,0.00250273874555146,0.0966512495794106,2.02454102487246,0.0400057362016321,0.0934702278751616,2.69996316651677,0.0419614585940123,0.0822082530765761,1.0808326105459,0.00241912636057726,0.087654743794068,7.50272113554967,0.0323386168433563,0.0520867870623918,1.00577451078852,0.00117492778803989,0.420102060571883
0.0600411184634004,11.1112203084553,0.123242305823271,0.0990955185137948,1.00288309926358,0.0100638601998991,0.0990884938268354,10.783461436218,0.0788901868090289,0.0806202439820356,8.03944940844679,0.0782014536576561,0.0999537872409265,1.00577451078852,0.00124335336374249,0.0941587980307269,43.3170791620244,0.0728976604190552,0.0944489504747118,1.64552345116496,0.0324950184230049,0.0821589327543136,1.035151107089,0.00204328303428644,0.0826153985862619,1.50070065992818,0.0198396276966728,0.0666691382658377,1.00288309926358,0.00399219138876517,0.422908940815382
0.0948205569598423,22.3641504066718,0.392131715863747,0.0531571046689197,1.00577451078852,0.00322589973954346,0.089585292081426,2.00713065465068,0.035752751388356,0.0478978677473232,4.65229147967714,0.0252762113118372,0.0860536488360729,1.017423759841,0.0013661909112628,0.0857932410828148,2.70774742833384,0.0373375492388598,0.0832357535133325,1.31834782642385,0.0227386144152419,0.0888050606451279,1.01158236655188,0.00126508493035447,0.0959791012967528,1.87853138201008,0.0295263730400602,0.0965360572664949,1.00288309926358,0.0103846964358363,0.559005087275099
0.0796648452599998,9.96880749546136,0.170652763258216,0.0821212844969757,4.7881753057283,0.0161792386654107,0.0629223449777648,8.49145760309168,0.0260327732545011,0.0695210549556819,4.99947880072813,0.0500812465075272,0.0874159908620562,1.00867425853989,0.00155593156620459,0.0864312833408248,14.8865204479472,0.0545388892050869,0.0577574840814222,1.00288309926358,0.00815414168489811,0.0991159103964726,2.26510726072284,0.00418272236779373,0.0862013495421413,2.29794873135268,0.0251931693116089,0.0995901722363551,1.52684850782001,0.015290281504779,0.371861157326026
0.0943855664788661,24.6439946720961,0.406591553256441,0.0860660366548633,1.32596064017055,0.0145280978900541,0.084302543420754,3.07341994620988,0.0392749262595405,0.089898878492302,2.51246502599404,0.0498169897453871,0.0903685692285125,1.01158236655188,0.00118362445067708,0.0990924385684127,4.07523387938939,0.0594341808341682,0.0979680394929836,1.16484078042324,0.0255633155368447,0.0890001047733839,1.24458268867087,0.00302177987361791,0.0823102325886178,1.00288309926358,0.0154429356084799,0.0600411184634004,1.00577451078852,0.00383070798736941,0.61868811144258
0.0908971716751421,124.38541448795,0.551287600533121,0.0764776262795862,1.441417191251,0.0115660828171361,0.0810966726950078,4.80198009042612,0.0413988748978552,0.0627249808104087,7.56780167843215,0.0462414010880754,0.0941476447018302,1.00867425853989,0.00208046681706407,0.0491718874331068,1.07772542117776,0.00949285777866099,0.0474596480247363,1.00288309926358,0.00497645546930439,0.0964883610599883,1.00577451078852,0.00301719970302335,0.0707454981474736,1.00288309926358,0.00608090235930565,0.0948205569598423,1.00867425853989,0.0100572544811916,0.686199095944738
0.0527411678466026,44.2489815380287,0.146014534480994,0.0663363806654425,1.00288309926358,0.00566326143433747,0.0936647980080997,57.7684111024247,0.076241434658262,0.0866148220789651,4.760684680679,0.0743819181060805,0.0986939220026046,1.01158236655188,0.00191259317892324,0.095624861440522,3.25557838997471,0.0506774896741324,0.0565345225768586,2.96905439714284,0.0158719064231456,0.0921555665603949,1.01158236655188,0.00269588811036233,0.0991683689790651,1.23387969717049,0.0251623225471537,0.0796648452599998,1.00867425853989,0.00492856980895481,0.403549918422346
0.0842550064651544,8.69210656727557,0.159544745691682,0.090167690469279,9.20430492459876,0.0213994338962241,0.089111251413746,12.2045460501459,0.0604838264799966,0.0967898040061802,2.85998721049474,0.0618120859812058,0.0856475527814134,1.07153781450759,0.00225442319479173,0.068810350312531,3.33142973427318,0.0257776244311979,0.0999975494614332,1.98987000774274,0.0405650950070124,0.0913253015339325,1.00577451078852,0.0025919822698935,0.0998114204773524,3.08228092099346,0.0386522975122649,0.0943855664788661,1.00867425853989,0.0103920941827817,0.423473608647051
0.0996478561610749,31.3233280612649,0.507210272490595,0.0792126176802307,1.47500060364494,0.0125004591594874,0.0990955185137948,1.32596064017055,0.0295573677531068,0.0898855421641199,5.48194575365476,0.0853433531390307,0.0897612294442569,1.00288309926358,0.00235481049258544,0.0946245453374013,2.08968112513086,0.039436276554116,0.0901320246338316,10.4473164853735,0.0534346636059029,0.0767518348459995,1.00867425853989,0.00167274979332969,0.0846054031257168,3.66345594042931,0.0270794303255233,0.0908971716751421,4.7881753057283,0.0137427529748291,0.772332136288506
0.0789493138340061,21.0026088575404,0.267678637214178,0.0622081329182598,1.00577451078852,0.00353854159833042,0.0821212844969757,10.4172824260824,0.0488249985348557,0.0685672602010358,2.13222095925085,0.0304293480608217,0.0882807833037226,1.00867425853989,0.00242315180090643,0.0980732443141148,2.31121826109334,0.0446923004016364,0.0459532321437569,1.00288309926358,0.00342191642472564,0.084460119239565,1.01449885892793,0.00155960314567779,0.0975306482138484,1.32596064017055,0.025538259953217,0.0886506687444524,1.00288309926358,0.00102540181302745,0.429132158947377
0.0857865501199039,21.3045837548672,0.315421996884973,0.0860370107118637,3.72728711692345,0.0177053605910891,0.0617195097217169,1.54009278652809,0.0166184967292685,0.0881343002029758,2.3787241732935,0.0462561716274333,0.0776958725633907,1.00288309926358,0.00147365512283133,0.0844625040220504,1.61269369477906,0.0275845437384266,0.0954686784068144,2.46233896144414,0.0420350414221747,0.0888793465220303,1.00288309926358,0.00209825120936339,0.0714230889788546,1.00288309926358,0.00224455428322577,0.0604276055858689,1.00288309926358,0.00131856739220621,0.472756639000992
0.0878079382714768,12.0703719026488,0.2288206163799,0.0867698339806735,1.00577451078852,0.00628516537984379,0.0860660366548633,3.58004488871148,0.043622774174143,0.0872041541161177,5.2653877364201,0.0791331350136103,0.0979776147547136,1.00288309926358,0.00271785870457893,0.0771658665139828,5.52949756842363,0.0364226350168766,0.0686297443409978,1.18513668643434,0.0158253474653845,0.0807494059944463,1.00867425853989,0.00221391495929903,0.0892034802033749,1.52245910708953,0.0232969348932752,0.0829158684941661,1.00577451078852,0.00193305386355537,0.440271435850467
0.0717166742901334,13.5693512957692,0.182977921458223,0.0755795513510444,1.00288309926358,0.00743387662107577,0.0764776262795862,3.72728711692345,0.0342903979170042,0.0861596035199962,8.84069935203988,0.0926669009049605,0.0928253383116375,1.00288309926358,0.0011000577882925,0.0908658969629278,11.4555185704036,0.0600389131293977,0.0929030888118563,2.5933041997516,0.0407442230208629,0.0852377097646598,1.0232988843187,0.00149267201024156,0.0863252739455043,5.97646129188652,0.030565005402987,0.0857865501199039,1.00288309926358,0.00828092334313198,0.459590891596177
0.0819840466909034,21.3045837548672,0.290056990440421,0.0764057488417831,1.7683242002651,0.0120536815323914,0.0663363806654425,1.17494491051044,0.0156924675328441,0.0966512495794106,4.00544398533237,0.0812277074147205,0.0875715398263951,1.00577451078852,0.00208580647407683,0.0868859817564256,1.6984685687346,0.0299251179746248,0.0988841768513211,5.74036800209287,0.0616600582044298,0.0858067890048833,1.00867425853989,0.00268985225391782,0.0856232553485173,4.3542135747773,0.0287939830431481,0.0878079382714768,1.00867425853989,0.00627553561862899,0.530461200489203
0.0425037227646064,9.22920388965391,0.0673827160417948,0.0940964607065092,1.00288309926358,0.00616886847034476,0.090167690469279,19.0138370407198,0.0652721889881033,0.0941587980307269,43.6928227058688,0.148880415180102,0.0852105059465,1.02920793476607,0.00164256056147833,0.0749130747770788,1.35295334494457,0.0203030811549364,0.0786685504880878,1.38846722913941,0.0215909054989592,0.0921341004061117,1.0232988843187,0.00191176068543624,0.0881796771206256,1.93897358646993,0.0250571058614837,0.0717166742901334,1.00577451078852,0.0052139777414,0.363423580184039
0.0632795743126885,22.1101941987733,0.180715165864732,0.0985958481016874,6.15102138343189,0.0267624741109814,0.0984072900595246,1.31834782642385,0.0291348386954553,0.0857932410828148,5.14550325140415,0.0757397319572003,0.0992065045177229,1.00867425853989,0.00232407261302189,0.0875804641720192,1.8463608342542,0.0319696249543751,0.0818931784521597,6.42246765119551,0.0395456693031376,0.0933947804928223,1.00867425853989,0.00315391420512662,0.0507622267358354,1.45811221351425,0.00794338462194822,0.0819840466909034,1.00288309926358,0.00769355773464882,0.404982434060627
0.094982226546682,30.8793457293841,0.453917598696635,0.087304493501548,2.31788173275986,0.0170967146343927,0.0792126176802307,3.88058521159597,0.0372343233792069,0.0556839623717685,1.46653209822205,0.0166887527205256,0.0830161059636946,1.02920793476607,0.001598686808156,0.0881486336993198,2.0538945595859,0.0344602762418724,0.0918057743691206,6.57210398204128,0.0524949836839539,0.0896172959642985,1.017423759841,0.00192164980359636,0.0561035185800774,1.88394737445416,0.0100440548294261,0.0750484492753185,1.00288309926358,0.00153022451601457,0.62698726531378
0.076983667410556,25.8696442892044,0.275804087899216,0.090863752405087,1.00288309926358,0.011629362296135,0.0860370107118637,9.25745528268664,0.0536333278897327,0.0624197369218259,1.71320152422168,0.0222343994069093,0.0921438405718788,1.00577451078852,0.00255266842401546,0.0537000550593618,4.3416960341386,0.0166860677010605,0.0869813176892073,1.17494491051044,0.0221409283635297,0.0840487829642936,1.01449885892793,0.00196375424023277,0.0770229036105964,1.00288309926358,0.0130631196983338,0.0632795743126885,1.25537852068667,0.00516158016685472,0.42486929608602
0.0922010203566841,19.6116512059019,0.345251215800161,0.0989576135906483,4.09876636139165,0.0258672140340468,0.0725646735499899,1.79913505645155,0.0234659512171355,0.0864312833408248,21.5195511317025,0.111119760751372,0.0897393608837104,1.00288309926358,0.00163222441755022,0.0655184016785492,1.3804955427344,0.0167816102987816,0.0711692415353641,4.02857346483847,0.0267983849638184,0.0946543648431065,1.00867425853989,0.00302826237778112,0.0752946777818129,1.00288309926358,0.00845475080441855,0.094982226546682,1.00288309926358,0.0114880013152261,0.573887375980291
0.0572818139711968,14.9953894587395,0.132314441714786,0.0999542458087934,4.94223601165526,0.0270545524474884,0.0953139809163852,2.77083492243083,0.0478347416707526,0.0990924385684127,7.81129753947542,0.121188485579369,0.0896093581285066,1.00867425853989,0.00104945326110136,0.0819187463643491,1.24817094410403,0.0218104416619807,0.0833778813861968,1.5850757161707,0.0257909029369126,0.0884138347785884,1.00288309926358,0.00117642914712236,0.0725796142038973,1.04112859832463,0.0132828459083953,0.076983667410556,1.00288309926358,0.00736350992677357,0.398865804254682
0.0756744660432622,47.1175216931795,0.309041862667518,0.0787561370642761,1.75311720834914,0.0128223337615386,0.0755795513510444,1.3804955427344,0.0212711181211976,0.0491718874331068,1.98987000774274,0.0184682642947459,0.0894490836838129,1.01158236655188,0.0021299941982365,0.0430078358332923,2.51246502599404,0.0102668762824214,0.099127311118867,1.54453302690677,0.0333457020728686,0.0933336374807982,1.00577451078852,0.00288615288535423,0.0995755034967457,1.01158236655188,0.0219727378942983,0.0922010203566841,1.00867425853989,0.00897166463495845,0.441176706813138
0.0942178958199362,10.5546162087257,0.22149554917044,0.0836383635016904,2.02454102487246,0.0150850413935779,0.0764057488417831,4.39198314906283,0.0358266678417811,0.095624861440522,6.2943333190863,0.103177563988841,0.0792372366670556,1.1988633739507,0.00186005628873954,0.0950478654865443,4.81582467568853,0.0572140895105951,0.0822082530765761,3.27437776251048,0.0344897076242422,0.0908989840208191,1.00867425853989,0.00182224706143806,0.0735729786436508,1.00288309926358,0.00186471145473774,0.0572818139711968,1.01158236655188,0.00404078720141612,0.476876421535809
0.0830844737078274,92.6943770911275,0.423107173784308,0.0497549851357982,1.00288309926358,0.00135068218554041,0.0985958481016874,17.4405585739443,0.0821694389798044,0.0541592264605035,1.29204553462562,0.0140222926570319,0.0919502179119497,1.00867425853989,0.0025364333320859,0.0939611032540612,1.92784124639408,0.0370258199945976,0.0821589327543136,1.63607591315362,0.0256202485967301,0.0829691067921086,1.0232988843187,0.00156751882108753,0.0836071838731022,1.00288309926358,0.0119633232927166,0.0756744660432622,1.9841495077581,0.00813318155465532,0.607496113198558
0.0870097653726201,19.3336722306986,0.309926712513048,0.0785283298021102,1.00577451078852,0.00659944067424089,0.087304493501548,6.0805937181354,0.0517156762453469,0.068810350312531,5.89104782059798,0.0519630684323501,0.0859538707152369,1.01158236655188,0.00115837996942063,0.0966528153071985,2.81911328467833,0.0484528247255323,0.0510463082692428,1.40454896553258,0.010764744858975,0.0982628314203016,2.6460963359074,0.00410273747265974,0.0684527396290051,1.00288309926358,0.0116524860018762,0.0942178958199362,1.00288309926358,0.00610591245815121,0.502441983351601
0.0942851386480835,35.924114038768,0.472340547535096,0.0799516482894049,1.18513668643434,0.0120179970310497,0.0807003090338528,2.09570588324384,0.0305772555103643,0.0465324597662087,5.37257572706184,0.0249132885760285,0.0774270483411302,1.0232988843187,0.00174521668272674,0.093288520498716,1.65979714701382,0.0329332163366038,0.0991159103964726,38.3836293157633,0.0761084924553093,0.0909470879278764,1.01158236655188,0.00135648162544536,0.0766569435962377,1.00288309926358,0.00942725725533625,0.0830844737078274,4.39198314906283,0.0107745386943585,0.672194291702318
0.0690077050796349,7.73190675055959,0.112815787005485,0.0756738503400905,1.00577451078852,0.00941882230913882,0.0868689954346099,1.39247031798524,0.02614178127461,0.0946245453374013,4.14623977579979,0.0800564324578977,0.0841512633526111,1.02624915657849,0.00157342891258022,0.0992604223618101,23.3260907272937,0.0818170694170423,0.0937430262456295,2.39935784176774,0.0399462181518802,0.099264081690723,1.00288309926358,0.00139473685013093,0.0931450006723858,1.16819913201946,0.0218019006689044,0.0747903664247654,1.00288309926358,0.00313071401503916,0.378096891062709
0.0931573767615233,24.3641496826557,0.393795034909411,0.0736528136783879,1.00288309926358,0.0058180543681433,0.090863752405087,1.83048275359669,0.0344897716179597,0.0980732443141148,4.58580257506987,0.0908671178715476,0.0940436563401977,1.00288309926358,0.00195248614096823,0.0778966035592974,2.78683513858361,0.0312835625279926,0.0890001047733839,6.7058929175172,0.0487116194364108,0.0904454556356029,1.01158236655188,0.00203990746336905,0.0884579172124643,1.00288309926358,0.00970758718410084,0.0942851386480835,1.00288309926358,0.0119146129377467,0.63057975445765
0.0436967859566858,7.3866448483668,0.0610629998402323,0.080323934661935,2.62334079957365,0.0143111852966834,0.0989576135906483,11.0984240743995,0.0793487565456268,0.0844625040220504,3.18145405986858,0.0556795729165366,0.0988143785265585,1.00288309926358,0.00165223059050956,0.0759120370196624,19.1787679790464,0.0399536776649499,0.0964883610599883,3.29328569222577,0.0486035328147103,0.0984586694071273,1.00577451078852,0.00157888324706382,0.0702526347649256,2.11388457789867,0.0160204135280372,0.0690077050796349,1.00577451078852,0.00358926596041162,0.321800518404762
0.090158445042901,37.4960477563908,0.435529441265708,0.0647079316536651,1.00288309926358,0.00208958247818291,0.0999542458087934,13.4984086137474,0.0830896857934567,0.0771658665139828,9.31091255809072,0.0738579197506211,0.097291685541897,1.00867425853989,0.00103574946127062,0.0974808107151115,3.84721348715026,0.0564764196933893,0.0921555665603949,2.71555413295041,0.0410209583566331,0.0978493403511329,1.00577451078852,0.00322719986109355,0.0867846788509214,3.18145405986858,0.0279433401969637,0.0931573767615233,1.00288309926358,0.0100957711835426,0.734366068040861
0.0644992300469349,9.855606658283,0.126630671290886,0.0901428111265994,1.00577451078852,0.00300179456435172,0.0787561370642761,4.39198314906283,0.0382484488377244,0.0617388126489303,1.54009278652809,0.0197064549991405,0.096813118799369,1.01158236655188,0.00291065391691268,0.0851016014082961,2.46943812909056,0.0355294756456686,0.0913253015339325,2.47655776434198,0.0385689031243304,0.0910228381119825,1.00288309926358,0.00272106509374289,0.0834643155286582,3.24621921773864,0.0256820383823294,0.090158445042901,1.10601480450688,0.0110621953410817,0.304061701196168
0.0739829786202607,54.9718531182709,0.301624573632467,0.0819064250931591,1.00577451078852,0.0101571627080788,0.0836383635016904,5.28056837192541,0.0453775276783962,0.0908658969629278,17.3404260963733,0.122432309959329,0.0817664779223108,1.035151107089,0.0013699223852957,0.0654593726948984,2.50524216415549,0.0216499143755213,0.0811883894607746,5.56142771178757,0.038057434410893,0.0964927729743746,1.00577451078852,0.00116427656191173,0.0447986256571769,1.00288309926358,0.00147845614155109,0.0971285902406829,1.00867425853989,0.00457161453967887,0.547883192393123
0.0923832543285193,19.1141286310009,0.341736570715907,0.0818515777702557,1.00288309926358,0.00872523015869963,0.0785283298021102,1.1028352210931,0.0186420733571973,0.0868859817564256,3.36032741709575,0.0604937085614443,0.0956534165507891,1.00577451078852,0.0016223580882547,0.0904420829912996,1.91677282105974,0.0345889960859309,0.0773461964252338,3.39924796097488,0.0307174984837649,0.0892099046307156,1.00867425853989,0.00147279612735421,0.079215761202536,1.00288309926358,0.00991039638869216,0.0644992300469349,1.00288309926358,0.00390917078409685,0.511818798751342
0.0642608580686208,62.8663987579918,0.226400019001831,0.0948707325613632,2.27818714703702,0.0209693422339483,0.0799516482894049,3.1450272019994,0.0357142372211155,0.0749130747770788,2.6460963359074,0.0407029282845851,0.0859493127399467,1.0232988843187,0.00193001465909904,0.0868146498265181,1.97275779657863,0.0327122074804902,0.0767518348459995,1.04112859832463,0.0168761013175149,0.084416865610521,1.01158236655188,0.00141809534098596,0.0632638121759366,1.00288309926358,0.00222812924089611,0.0739829786202607,3.02949571521225,0.00796142285643098,0.386912497636897
0.0798053895552128,9.71591156529397,0.167090206000213,0.0774218316793167,2.29794873135268,0.0128860670983483,0.0756738503400905,2.15071639511557,0.0275250565904374,0.0875804641720192,3.63195145450856,0.0646988876902487,0.0976220552294974,2.26510726072284,0.00333611197742153,0.0775040824018856,5.46618619625777,0.0369066077547166,0.072824230179082,1.53566531100084,0.02015065085758,0.0898825831039149,1.00577451078852,0.00268984695655582,0.0587809493813206,1.00288309926358,0.00665926490088871,0.0798053895552128,1.00288309926358,0.00484607333428695,0.346788773160697
0.0872062148443499,471.880061391145,0.525660119430018,0.0973538672577953,2.98619923379083,0.0235828077576449,0.0736528136783879,1.02920793476607,0.0161801712968898,0.0881486336993198,4.02857346483847,0.0698217045429421,0.0810549718789946,1.05015961695978,0.00158091703920181,0.0390848199908476,1.04112859832463,0.00672657372384621,0.0650882568404832,1.94456383978917,0.0184080223888886,0.0882210362708707,1.017423759841,0.00227991529764338,0.048360760918387,1.00288309926358,0.00361224859516398,0.0798592520167435,1.00577451078852,0.00543262337860869,0.673285103450847
0.0798592520167435,11.4657201812567,0.19241999283042,0.0880237262576724,3.20905081491668,0.0185194659228776,0.080323934661935,6.1687553886527,0.0429393509347558,0.0537000550593618,6.57210398204128,0.0332633892487721,0.0948916709460519,1.02035709353375,0.00153019018348564,0.0940027129175863,1.1715671660767,0.0245634486346114,0.0888793465220303,1.44974067037263,0.0269174326693427,0.0750458142990625,1.04112859832463,0.00167869595120518,0.0707452362805213,3.4784466459882,0.0179131725386257,0.0539474550221609,1.00577451078852,0.00153608326998675,0.361281222184083
0.0870804655570091,8.568903128128,0.163051334856633,0.0803738769929202,1.00577451078852,0.00800320948759599,0.0819064250931591,1.91677282105974,0.0298513345597004,0.0655184016785492,2.65372529430481,0.033459903000903,0.0928562971926973,1.03217524340486,0.00239668702998593,0.0700856738576441,13.0776326016306,0.0323075632335242,0.0807494059944463,2.36506706799381,0.0296469606914226,0.0933800683363294,1.00867425853989,0.00167049577627208,0.0933000098676708,1.7230944249062,0.0269490481606081,0.0870804655570091,1.00288309926358,0.00475254708141493,0.33208908387806
0.0972217809343924,315.498290749907,0.705745244444319,0.0967980400494311,1.00288309926358,0.00751974624134236,0.0818515777702557,1.4920846013006,0.0253397662534372,0.06268078644023,1.61734325078285,0.0210867234893491,0.0839287921621904,1.01158236655188,0.00176262522364465,0.0975516258623909,1.9841495077581,0.0400345397423261,0.0858067890048833,4.37935702804035,0.0408785192664973,0.0835142154731552,1.03217524340486,0.0011910469635112,0.0866421046535399,1.00288309926358,0.00876655276721509,0.0810993658653935,1.82522046182733,0.00945347707825719,0.861778241469899
0.0810993658653935,48.620790909634,0.36605797661971,0.0782289347760509,1.00577451078852,0.00799563020836935,0.0948707325613632,6.31248050684326,0.0639171056686041,0.0819187463643491,2.48369792620856,0.0438032947820284,0.0799554310586571,1.00288309926358,0.00126349019622533,0.0760932841920871,1.40051115285914,0.0213436167043685,0.0921341004061117,1.1028352210931,0.0225164763524776,0.0987711755364606,1.00867425853989,0.00129524733367123,0.08140116077912,3.34103457688672,0.0243855952043098,0.0974958251429666,1.00867425853989,0.00338665660751736,0.555965089677282
0.0451711210044531,19.9505067597871,0.0970646435201964,0.0705965422697788,2.39935784176774,0.010560772379733,0.0774218316793167,5.29579277470977,0.0384492525016453,0.057903235524555,11.0029813692926,0.0419436385534703,0.0877915471500651,1.00577451078852,0.00172632997949189,0.0878712816845785,3.97099851752979,0.0453612801382516,0.078641662173072,16.6554123326141,0.0393695928939895,0.0988316834579624,1.01158236655188,0.00128941816786142,0.0601931009481321,1.42081696649143,0.0106797254976745,0.0774524322459853,1.00288309926358,0.00525771806329898,0.291702371695613
0.0774524322459853,11.5313794267009,0.184866819158107,0.0648871452361195,1.00288309926358,0.00244127391753343,0.0973538672577953,8.41843393067599,0.0721513121131279,0.0430078358332923,3.75961856902805,0.0200602796263439,0.0865372333529779,1.00867425853989,0.00125836330843729,0.0847121470950362,2.23917234584048,0.0334663287347032,0.0933947804928223,4.98510624458552,0.0518298337493008,0.0824571599041882,1.02920793476607,0.00217381925033692,0.0792312911802888,1.33361741419236,0.0174412691293866,0.0773362817969945,1.39648494813358,0.00814285346124023,0.393832152448517
0.0773362817969945,36.8591845336176,0.309459537739592,0.0690015857444123,1.00288309926358,0.00618056977817284,0.0880237262576724,8.81528401319323,0.0561983172912583,0.0950478654865443,9.02067029565308,0.116622161379747,0.0955774202030113,1.00288309926358,0.00186407213060413,0.0394933994831599,1.2517695448338,0.00738569939374595,0.0896172959642985,1.15815301335288,0.0227498478724805,0.0896187728298937,1.017423759841,0.00100845580645292,0.0448970420050291,1.24458268867087,0.00620339342483042,0.0598948465000136,1.00577451078852,0.00186664121766564,0.52953869603455
0.0757486717781119,206.767683167563,0.356935693348644,0.0750630272222822,1.00577451078852,0.00139123680745917,0.0794740525389197,2.13836836392825,0.0299853929851925,0.055896470628037,1.45811221351425,0.0166349484135187,0.0817070412019069,1.05622377499757,0.00196088341522506,0.0666322912550171,1.30701047960937,0.0166287911198056,0.0840487829642936,1.37256962462899,0.0237434628963485,0.0765766648205396,1.00867425853989,0.00194136658792077,0.0775386610372846,1.50936647207927,0.0176189296084006,0.0954811730168938,1.00577451078852,0.0081204890417494,0.474961194224264
0.0954811730168938,15.0382642362532,0.308493744652083,0.0462149499426546,1.00288309926358,0.00182333675198852,0.0803738769929202,1.3686237465133,0.0230649066047545,0.0939611032540612,3.83615347588896,0.0750985615797974,0.0932804265193929,1.01449885892793,0.00145131228266541,0.0891159163046665,9.72180569368846,0.0559697567539996,0.0720274302330002,1.34518555643637,0.0183839544531895,0.0942176362160164,1.01158236655188,0.00213688910697259,0.0933622102313501,1.30325307163827,0.0234107024751038,0.0834571859768901,1.00577451078852,0.00437743472399262,0.514210599384547
0.0834571859768901,8.11644702799564,0.146852348695324,0.0658604752479621,2.6460963359074,0.00913304246031993,0.0643180094875798,6.24020417473294,0.0262307159965477,0.0899180445877864,65.1933879467838,0.134308375078984,0.0882012987867378,1.017423759841,0.00150134760151638,0.0686810324966842,4.97077500682395,0.0278461390811329,0.0830720611738727,5.10125365829453,0.0393042142429209,0.0770454755245478,1.00577451078852,0.00177190347418577,0.0777027156735378,10.5683211343905,0.0245517674498763,0.0974580059326321,1.13504676028852,0.0134411506615521,0.42494100474236
0.0485975476873148,13.764451032765,0.0978206173052582,0.0782301188194677,1.00577451078852,0.0011770642728213,0.0725276975156146,1.8463608342542,0.0237233946673762,0.0413462792939943,1.41265954868704,0.0114305313403436,0.0940764183300832,1.00288309926358,0.00262489576018656,0.0364770896206293,1.38846722913941,0.00681582487738421,0.0946543648431065,3.74881037659201,0.0488645988856901,0.0887724484502812,1.0232988843187,0.00188163849369955,0.062533800222339,2.52697328239242,0.0131247856577281,0.0931170453583805,1.00288309926358,0.00792308929121391,0.215386440551702
0.0980815059035123,20.4697994612923,0.396125011944784,0.088400000972385,2.15691712397049,0.0174842870455307,0.0782289347760509,1.43314150019665,0.0230410266839034,0.0966528153071985,5.56142771178757,0.0986018326741061,0.0946641115198764,1.00867425853989,0.00237845159067878,0.0897474322507623,4.82970917626452,0.0502558071746864,0.0599295427772642,4.69264665877481,0.019242473975164,0.0895911766547919,1.00288309926358,0.00106377313877452,0.091361411948064,1.48351801054375,0.0240564886843321,0.06496701161249,2.22631645743836,0.00578923922249424,0.638038392134454
0.0949226950010808,14.0824620538428,0.290155716983762,0.0849181047656666,3.71657187129828,0.0171932613202765,0.0792062437652982,1.39247031798524,0.022951379439987,0.0456167329977844,1.46653209822205,0.0132449515913389,0.0923286793713165,1.00288309926358,0.00202247003830385,0.0856922844395991,11.756216271046,0.0518979275212799,0.0685768844048017,2.94352153037066,0.0231281507106235,0.0943175086476033,1.00288309926358,0.00157226996815565,0.0908688371014604,1.00288309926358,0.0104054208285189,0.0989413695596123,1.00288309926358,0.00842695929206327,0.440998507694309
0.064895925444181,57.377259952899,0.229186364353014,0.0602487279882368,1.00577451078852,0.00466065277709875,0.0705965422697788,5.22010717715947,0.0311229814703915,0.093288520498716,3.31230280598519,0.0666808199650602,0.0903051644371096,1.00867425853989,0.00129648688084482,0.0807144424155945,2.42017049201696,0.0317379605214929,0.0972104676159919,2.81100886708374,0.0464188299106446,0.0995912875897929,1.00577451078852,0.00134403441922108,0.0680737403481019,5.38806539618403,0.0172288520315674,0.0886920255458582,1.00288309926358,0.00409365717699539,0.433770639506331
0.0974580059326321,42.0323785143101,0.538263098401104,0.0768290829131745,4.27964604980107,0.0135529116867399,0.0486608013326668,1.18855355314224,0.0101051280026183,0.0992604223618101,33.1421054672574,0.167226017778235,0.0853404672416446,1.01158236655188,0.00103904403481784,0.0969895037798217,1.53566531100084,0.032758194056295,0.0777775493833906,6.84240540686637,0.0353447418801447,0.0880272500309196,1.00577451078852,0.00180947234898233,0.093007931907401,3.9368492691367,0.0343471616414107,0.0970758786803569,1.00867425853989,0.00240645937114826,0.836852229201496
0.0931170453583805,15.2980995404683,0.299969163246277,0.0942157785506392,1.00577451078852,0.00281438601251615,0.0795449917776641,1.68386231169735,0.026338577253998,0.0778966035592974,5.17521601544173,0.063287782017803,0.0936208349243329,1.00577451078852,0.00162326453002853,0.0842061697926068,4.11058351166975,0.0413696404999855,0.0933336374807982,3.29328569222577,0.0455109825452326,0.0982251313901761,1.00867425853989,0.00119425149466464,0.0669483817771087,1.0684573459204,0.0117008949429373,0.0908349181602536,1.00867425853989,0.00446918388347309,0.498278126426916
0.0782605166606231,154.969602038126,0.382588172596569,0.0766583258480753,1.00288309926358,0.00692801929922988,0.0690015857444123,1.24817094410403,0.017322343136709,0.0759120370196624,23.1254942116391,0.0811206324699538,0.0962845796904126,1.01158236655188,0.00123048338199431,0.0954122015243842,1.52684850782001,0.0319346696241463,0.0908989840208191,1.01449885892793,0.0204040604469158,0.0747230625950036,1.04112859832463,0.00123723210859271,0.0804353309945251,1.06232295058138,0.0160144157672902,0.0751071961133707,1.00577451078852,0.00619773084346247,0.564977759674864
0.06496701161249,31.0561784540931,0.20782021893788,0.0904950437818819,1.00577451078852,0.0033384570343429,0.0989141261457246,2.5933041997516,0.0497186621344529,0.0974808107151115,7.52435222533039,0.115104908687539,0.089204103505418,1.01158236655188,0.00242349210613021,0.0985931713257722,1.17494491051044,0.0259726441737833,0.0982628314203016,37.6178394397509,0.0742209433076045,0.0754053658130278,1.00867425853989,0.00100003731488781,0.0932823092766424,1.52245910708953,0.0253044109818412,0.0860042897097317,5.17521601544173,0.0120265967794339,0.516930371457896
0.0989413695596123,14.8251092480606,0.321728465517593,0.0564902387516143,1.00577451078852,0.00402402941388999,0.0984551681254556,2.39935784176774,0.0469953270707162,0.0851016014082961,4.80198009042612,0.0720208533166592,0.0905962616009013,1.01158236655188,0.00133871468826552,0.0911523840466651,1.32214875407135,0.0265232108761017,0.0622105128052426,2.53425879720196,0.0183265271623008,0.0869546687578115,1.00867425853989,0.00265988640980395,0.0987183867644564,3.68461060628057,0.0391785602209133,0.070472302529857,1.31077872056062,0.00654137524431027,0.539336949920554
0.0818998128094631,10.0545605771008,0.178343125454077,0.0732432076255428,1.00577451078852,0.00483099221655852,0.0658604752479621,4.82970917626452,0.0266246543270354,0.0654593726948984,4.53329627591397,0.0434731193405609,0.0809044884778659,1.00288309926358,0.00111127114296199,0.0970528540758863,15.7688292262238,0.0742328846376372,0.0717487054299049,12.5610156350281,0.0311016113064372,0.0967921719057386,1.02035709353375,0.00254986862943712,0.09538153410688,4.37935702804035,0.0376189093456581,0.0874224717135203,1.00577451078852,0.00901825460095851,0.408904691001322
0.0459845295829738,7.28194525201041,0.0646732494253366,0.0776751754480705,6.04568285725226,0.0142097373830381,0.088400000972385,5.79016143825715,0.0529367948009871,0.0904420829912996,3.79223047250718,0.0700864578585624,0.085747599936671,1.01158236655188,0.00172760677431807,0.0985471156724295,11.1304219326752,0.0741994079564871,0.0904454556356029,1.30325307163827,0.0255405891060542,0.0916361350586018,1.00867425853989,0.00135044266477073,0.0820925788157252,7.74412301428478,0.0276713192635663,0.0787185139071249,1.00288309926358,0.00302401420026542,0.335419619433386
0.0827668709062402,25.7223434970713,0.317842881124288,0.0955804973840322,1.77342245446464,0.0200576503768614,0.0716982137872784,9.72180569368846,0.0351651896755309,0.0868146498265181,3.86942926293753,0.0662262449314628,0.0815775261095097,1.035151107089,0.0016258982843426,0.0649852283521455,2.52697328239242,0.021293055077267,0.0502166021290148,2.08968112513086,0.0118958559643682,0.0790351566937806,1.00577451078852,0.00171596201764043,0.0982373657719866,4.98510624458552,0.0414480068916694,0.0544001269119195,1.00288309926358,0.00214269845023771,0.519413442793668
0.0991623447313628,10.1991247557003,0.22576978051883,0.0997302944445983,2.00713065465068,0.0229195759683091,0.0849181047656666,9.33775684323017,0.0520198644337478,0.0775040824018856,9.2308418493486,0.0748533636773148,0.0960772318276443,1.01449885892793,0.00204662446327291,0.0825510503317418,1.98987000774274,0.0301267583763902,0.0675493980132722,1.2267955530143,0.0157355752292215,0.0893207553601712,1.01449885892793,0.00282464808238743,0.0792646726857752,5.14550325140415,0.0244792583667629,0.0750302502278312,1.88937898174206,0.00791285354260491,0.458688302658841
0.0754020421196968,8.89292719413504,0.143464154089667,0.0831801532249685,1.00288309926358,0.00121383782499095,0.0602487279882368,1.03813555048354,0.0125335635442837,0.0390848199908476,1.80432214140788,0.0127785209547291,0.0973315282616871,3.17230798106454,0.00335312752232897,0.0830207779337611,1.23387969717049,0.0220022132552796,0.0562775970304416,1.79396288338358,0.0138030498080888,0.0835857055854926,1.01158236655188,0.0014217867072395,0.0916469809674284,1.65502554408647,0.0254735963319499,0.069816981875101,2.15071639511557,0.00678678219785753,0.242830632236415
0.0967812121953255,11.5313794267009,0.250162028811334,0.0987493817706373,1.00577451078852,0.00487839323597225,0.0768290829131745,8.370100693918,0.0405502696979476,0.0940027129175863,2.36506706799381,0.0494657295780075,0.0872040121361227,1.0232988843187,0.00195343339242194,0.099420205308943,15.5434666953568,0.079258787776382,0.0618790062532962,2.69220128298041,0.0184134466384792,0.091091943409132,1.00577451078852,0.00177593451641185,0.0601074669309615,1.26991877487462,0.0103315158148645,0.0897304016438637,1.00577451078852,0.00283315336625964,0.459622692828081
0.0512616545356797,5.81152921974877,0.0601229607019038,0.0821882296500224,1.00288309926358,0.0101278142330116,0.0766583258480753,1.21274904899342,0.0196773210797654,0.0700856738576441,15.5434666953568,0.065393965287135,0.0949310714584401,1.00867425853989,0.00285035868146987,0.0731549276270216,3.32185250376586,0.0291704869704994,0.0441840555526193,1.91677282105974,0.00937122751118244,0.0981662580531641,1.00577451078852,0.001519425198081,0.098298705020994,5.6910027726913,0.0424849370451236,0.0968436108321249,3.20905081491668,0.0159498992208552,0.256668395929027
0.0751071961133707,17.4950701385557,0.225460667150642,0.0945458525696081,1.00288309926358,0.0107628937604885,0.0958111362897623,2.43414579263315,0.045323859753225,0.0975516258623909,3.94819959636536,0.0812869510609207,0.0968972396690126,1.00288309926358,0.00272721616458323,0.0804643971014839,6.38559396992509,0.0411026349747128,0.0978493403511329,3.88058521159597,0.0535592887573699,0.0931857018029651,1.01158236655188,0.00126779129138656,0.0958428694208254,1.02624915657849,0.0208966083945923,0.0744280679142361,1.00577451078852,0.0020176647387661,0.484405576046687
0.0860042897097317,126.173824348065,0.477176497793432,0.0805362832074897,1.00288309926358,0.00302183612151366,0.0776751754480705,10.690727303607,0.0426197205219008,0.0760932841920871,2.7391095515787,0.0428431207214852,0.0951834243938135,1.00867425853989,0.00132316742792214,0.0798793372863899,2.85998721049474,0.033140855668923,0.0730789782661213,4.09876636139165,0.0284379412814492,0.0895708108115643,1.01449885892793,0.0018423820990152,0.0948816255945419,1.09335121002246,0.0215306298089615,0.092736836072215,3.00344307348301,0.0140578405263776,0.66599399197098
0.0538581780496461,9.66058952631025,0.0964979955362851,0.0896823505838028,1.00288309926358,0.00456681919457756,0.0833085795610586,1.94456383978917,0.0309285213437097,0.0878712816845785,7.4382002633935,0.0922430875570857,0.0951368509600127,2.57100265798945,0.0030996635089049,0.0892387034725936,2.97761447568876,0.0422550030030878,0.0910228381119825,3.00344307348301,0.0416151054570593,0.0965053449649417,4.12243473196511,0.00389266583608816,0.0541441354842077,1.00288309926358,0.00488894657132665,0.0541420293700326,1.00288309926358,0.00329108243750086,0.323278890445626
0.070472302529857,29.5004540809269,0.240300729824125,0.0909104409015526,1.00577451078852,0.0127565409449394,0.0955804973840322,5.04284557241036,0.0610446518723031,0.0847121470950362,4.31676880609627,0.0677773352384236,0.0861246448407965,1.00867425853989,0.00182082688065525,0.0967625165095966,5.92506573979369,0.0627699683822907,0.0747495173352484,5.49775074742009,0.0312748310442336,0.0967301239522392,1.00288309926358,0.00185511213152002,0.0942827144166866,4.25507507288674,0.0360199311623199,0.0753533535472398,1.80432214140788,0.0079654772046943,0.523585404685505
0.0874224717135203,24.1563533398129,0.347263173549773,0.0663343863472446,1.00288309926358,0.00366345496146514,0.0880074907299387,1.12528574084121,0.0217922012741493,0.0394933994831599,2.10174801133249,0.014134222616682,0.0946581586418068,1.00867425853989,0.00243851914022989,0.0929962293376127,57.2716222440805,0.0702909152984678,0.0950464903872883,1.65502554408647,0.032858039252831,0.0901464155388585,1.02035709353375,0.00164373092669526,0.0875422717086741,4.21848286189654,0.0300944664545264,0.0838622813036798,1.00867425853989,0.00516810657521149,0.529346830050031
0.0750302502278312,44.2489815380287,0.299527139018637,0.094569490914496,1.00288309926358,0.00979225101110765,0.0997302944445983,5.64206206761865,0.0700616777083713,0.0666322912550171,2.51970871206025,0.0331455817350547,0.0827970961637682,1.00288309926358,0.00103445202656557,0.0732127856240481,1.33746236557711,0.0194701156539727,0.0445084244723892,2.6460963359074,0.0101002723298156,0.0889187318468231,1.017423759841,0.00171209882696517,0.0399867863420751,1.00288309926358,0.00142535951777835,0.0851743899919307,3.82512526006857,0.0113900562917536,0.457659004120022
0.069816981875101,37.9267248465054,0.250898471449378,0.0985914475286006,1.00288309926358,0.00877989076807459,0.0932122805715641,1.82522046182733,0.0357246216429673,0.0891159163046665,15.0589415844573,0.114062795141749,0.0992115142537573,1.01158236655188,0.00323664995607244,0.0916575594426766,5.57746185992785,0.0544065821549021,0.0548419030909611,1.10601480450688,0.0108015175436812,0.0862611822551263,1.02035709353375,0.00106140713114388,0.0947882642939621,1.71320152422168,0.0277698614949639,0.0789810086969491,1.00288309926358,0.00323155053043759,0.50997334781337
0.0968436108321249,110.32935043938,0.646601793168775,0.0708980210590185,1.40859841962076,0.00976785393377478,0.0919512989670726,2.21353437928443,0.0396825381565104,0.0686810324966842,8.10918567113405,0.0562176269736937,0.0950570675403559,1.00288309926358,0.00182195006955151,0.0862885662298166,3.70588742997801,0.0426962458586801,0.0931945563639019,2.49085867387056,0.0403178265427615,0.0996473093579431,1.00867425853989,0.00217030310344809,0.0963025047261614,4.39198314906283,0.0383366208539954,0.0818104640679853,1.1028352210931,0.00889560598174843,0.886508364642939
0.063950012784452,15.9219753748201,0.163655640394721,0.0989472036081958,1.77853540743712,0.0218796622107542,0.0771262735908449,2.04799000112185,0.0278803648215606,0.0364770896206293,2.2071708865269,0.0129620943500743,0.0895758643974163,1.00577451078852,0.00146245932094533,0.0726075612618585,5.62584220609726,0.0319442629714543,0.078535596629269,4.49431145638251,0.0338241658533703,0.0993404083044284,1.00867425853989,0.00105137994730172,0.0905294275503756,2.70774742833384,0.0294790563325202,0.0950736004840314,1.00577451078852,0.0045778755366317,0.328716961739334
0.092736836072215,101.852602486978,0.564894454016194,0.0790148248494935,1.00288309926358,0.0106462875476742,0.0821882296500224,1.88937898174206,0.0297588667615433,0.0897474322507623,8.96887940476934,0.102310239757025,0.08384791158414,1.03217524340486,0.00108903849611648,0.0937070100245738,3.44853317762211,0.049697879787608,0.0898825831039149,3.0557743442915,0.0408783942550045,0.0758063438674629,1.00288309926358,0.00172294096870637,0.0359872169502008,1.00288309926358,0.00344389473588118,0.0713024910004067,1.00577451078852,0.00502204594990565,0.809464042275659
0.0860379868244312,10.9850467975752,0.205696900003205,0.0470434162066781,1.00288309926358,0.00113026552283122,0.0945458525696081,1.52684850782001,0.0317598022590734,0.0856922844395991,16.8483214233231,0.105687782742633,0.095426207475597,1.00867425853989,0.00196509739640696,0.0646119840366525,2.21991621862324,0.0203314490971763,0.0831107635176599,5.49775074742009,0.0399679661176846,0.0920033416824298,1.00288309926358,0.00301069561389659,0.0908948961978639,4.87160332233193,0.0336276475127507,0.0856377307900455,1.00867425853989,0.00648817774281493,0.449665784008473
0.0541420293700326,10.1121387187552,0.0999389231390034,0.0996540500167183,1.00577451078852,0.017701052288539,0.071545475237172,1.74305193613896,0.0224889700151671,0.0807144424155945,4.61228334151361,0.0642223960726162,0.0931600877498896,2.84356700216288,0.00294765832587445,0.0971092585141675,3.83615347588896,0.0557652626371061,0.0882210362708707,1.85168407581574,0.0312044907998437,0.0905753996825841,1.00577451078852,0.00246102281124115,0.039684055214094,1.00288309926358,0.00426518372104123,0.0918137471564721,1.21624552488348,0.011860368470945,0.312855328281377
0.0753533535472398,42.0323785143101,0.301799658057469,0.0858892004209459,3.28381811862624,0.0174715157779656,0.0909104409015526,2.13222095925085,0.0380411564018638,0.0969895037798217,3.08228092099346,0.0663208309566976,0.0980944719514373,1.00867425853989,0.00231539265816044,0.0869328394676319,1.4249133228412,0.0264095701397588,0.0750458142990625,1.09020803204812,0.0170164236272609,0.0968743858238838,1.01158236655188,0.00277821375360769,0.0783765806017068,2.56361151152847,0.0210765792400268,0.0824844380583653,1.70827639380871,0.00972114345341838,0.502950484066229
0.0838622813036798,9.91204547645997,0.180997004616675,0.0756561740954182,1.00577451078852,0.00410507707674534,0.094569490914496,1.36076598863131,0.0287016127747227,0.0842061697926068,7.4811522310616,0.0840330105738338,0.0898139449461757,1.00577451078852,0.00186842632141653,0.0961543101437602,88.2036122908699,0.0786035967890649,0.081195888487847,1.97275779657863,0.0276653846318365,0.0932957804483256,1.017423759841,0.00130068790299516,0.0920951235925002,12.3814980416064,0.0387759342948623,0.0885042344201477,1.00867425853989,0.0103264842076384,0.456377219189791
0.0851743899919307,90.3428389832424,0.449687905783551,0.0661344771400698,1.00288309926358,0.00230435301709946,0.0419010157870596,1.45811221351425,0.00886267090553462,0.0954122015243842,3.07341994620988,0.0646269909314828,0.0895447673454961,2.47655776434198,0.00263160426564091,0.0972568009045512,11.9266679922861,0.0721791229790846,0.0428387664716897,1.42081696649143,0.00821799926773314,0.0772325510205755,1.00577451078852,0.00166776347628301,0.0749360484030921,1.00288309926358,0.00762709849113373,0.0750843817447245,1.00577451078852,0.00536059481408558,0.623166103931629
0.0818104640679853,34.6151774822854,0.341966671725784,0.0790229501141738,1.00288309926358,0.00699298120469349,0.0708980210590185,3.34103457688672,0.0286247452707973,0.0911523840466651,2.65372529430481,0.0534966041883454,0.0837226471466742,1.01158236655188,0.00189665472563439,0.0965185105871145,3.92553157195246,0.0556032086181512,0.0790960774479457,7.45964533309522,0.0374423917825395,0.099302657215746,1.00577451078852,0.00157239686356203,0.0909802086818181,1.72806227717372,0.0255942442803515,0.0677800867375844,1.00288309926358,0.00546512060902979,0.558655019268889
0.0403269233839971,9.799489200637,0.0643573199677215,0.0941030445806443,1.00288309926358,0.00379110666937087,0.0989472036081958,5.11596107896008,0.0667852371023761,0.0970528540758863,24.0766133741283,0.151626728629686,0.0908110667448916,1.01158236655188,0.00240193198529385,0.0969075177070885,1.3804955427344,0.0298080723210891,0.0821077923481225,5.29579277470977,0.038424044832837,0.0989483127224047,1.00288309926358,0.00172720007067137,0.0894139629614192,1.00288309926358,0.00218040981697166,0.0828127149046164,1.00288309926358,0.00267755991204765,0.363779611308065
0.0713024910004067,12.8528610196152,0.174689470350674,0.0795245560468862,1.29950646550457,0.0122565902501358,0.0790148248494935,2.38558227120577,0.0313924128214393,0.0985471156724295,17.8469041306121,0.151557873183229,0.093227998022845,1.01158236655188,0.00246400022955309,0.0651248359109361,1.70827639380871,0.0184504222897146,0.0824571599041882,2.00713065465068,0.0287007492704878,0.0910487871931161,2.42714808378022,0.00326761890415812,0.0800104738704364,1.12853005133194,0.016393952773668,0.0931531589089061,1.00288309926358,0.00929974380796326,0.448472833881023
0.0856377307900455,13.3008486998171,0.238003429899215,0.0915727890938693,17.8469041306121,0.0229901687033194,0.0996540500167183,2.92662172166501,0.0536197537858079,0.0649852283521455,4.50726900243269,0.0427391246475606,0.0910610278243325,1.01158236655188,0.00107503226376511,0.0821136486943529,1.46231609576324,0.0246966371678597,0.0648520707718317,3.26496454563336,0.0210910737831961,0.0849857074773034,1.1988633739507,0.00266486934559449,0.0963317672619759,1.59422875299434,0.0275026964981908,0.0967715361569397,1.84105289600553,0.0146083222658018,0.448991108360311
0.0918137471564721,42.8808809670361,0.469998035086063,0.0905002980010654,1.57144459943409,0.0171062157745156,0.0858892004209459,8.27426512232383,0.0528965565607136,0.0825510503317418,3.86942926293753,0.0609084462059843,0.0928373761508884,1.00288309926358,0.0024820205464353,0.0944850266953083,3.16318819550752,0.0486417730696857,0.0594304398669684,1.00288309926358,0.0081172200239082,0.0957885592436171,1.01158236655188,0.00289148286195939,0.0917274145245892,8.34603823722249,0.0369095868622889,0.0684606269136446,1.50502732889567,0.00623463709551496,0.706185974087069
0.0824844380583653,48.3439459350739,0.377616977066615,0.0925744449174505,1.26991877487462,0.0168320720709134,0.0846679047127826,2.33126636583218,0.0350315494354736,0.0830207779337611,2.45526020256225,0.044197734081882,0.0836801804220391,1.00867425853989,0.00157443778963674,0.0955243516685382,6.44098426295101,0.062356992401777,0.0765766648205396,1.70336542221432,0.0232151407178943,0.0775343848974318,1.10601480450688,0.00209818774068593,0.0772926898631128,8.86618796583124,0.0239579031129876,0.0880863604990014,1.00577451078852,0.00857085653949981,0.595451850957365
0.0885042344201477,33.8334954231509,0.403758228631537,0.0942424594020793,5.5136013085513,0.0233331202455756,0.0790229501141738,1.1715671660767,0.0198819955764316,0.099420205308943,24.8512842698056,0.161964097585513,0.084970314665489,1.01449885892793,0.00214909989371318,0.0851921624223043,1.65502554408647,0.0284341668255755,0.0942176362160164,1.35295334494457,0.0278292414624799,0.0978057419910395,1.00288309926358,0.00302917342052207,0.0918818535964407,1.00288309926358,0.00957374228314229,0.0810149174591481,3.11798102843626,0.00998930554459255,0.689942171469083
0.0701258244144452,9.36190111388404,0.136616867124241,0.0849836787102366,1.00577451078852,0.00468401702393147,0.0906302416413311,1.74807732789242,0.0331633224689338,0.0731549276270216,5.99369202303595,0.0589415697915953,0.0860294141561558,1.00288309926358,0.00184841737741392,0.0937476512726397,2.44820179377353,0.0423060862676267,0.0848582675574802,2.63848930932274,0.0343095160530862,0.0862402142977243,1.00577451078852,0.00205123194671449,0.0891827642045811,15.189566737098,0.0357931392086751,0.0571320783727037,1.00288309926358,0.00357491481305735,0.353289082075275
0.0750843817447245,12.7796773071451,0.189309485546824,0.0774839988424572,1.66458250694606,0.0122960186978729,0.0795245560468862,3.48847535295163,0.0364659692812498,0.0804643971014839,10.3574730860055,0.0834838287548071,0.0785807800272951,1.00577451078852,0.00143517560590465,0.0832537579730054,12.8907317012169,0.0486351601417276,0.07289737354012,4.91386086905364,0.0290627642095143,0.0913480612154053,1.02035709353375,0.00177364041730978,0.0678243448558166,1.27358007675926,0.0128135431619608,0.0971002624312123,1.00867425853989,0.00949166800394972,0.424767253821121
0.0677800867375844,19.0596333781215,0.193823364848046,0.0851698459430317,4.23064516672908,0.0174204620434716,0.0915727890938693,30.5753433592029,0.0702840931748419,0.0798793372863899,5.37257572706184,0.0671078963190348,0.0849273263706174,1.01158236655188,0.00132842366945648,0.0496045378388911,3.86942926293753,0.0141242955345192,0.0707074361391702,1.61734325078285,0.0197176837993592,0.0991206118527805,1.01158236655188,0.00259624510924805,0.0995881569530801,1.00288309926358,0.0134534955188245,0.0852480211202925,1.00577451078852,0.00655607366179659,0.406412033678598
0.0824489587492534,19.9505067597871,0.283842048391044,0.0981216219190503,1.00288309926358,0.0109350740106351,0.0551154621882894,5.23515726431772,0.0188132224044675,0.0892387034725936,5.72386552959968,0.0858540402677148,0.082041853113556,1.04112859832463,0.00197167322677537,0.0995525195477745,6.34893199363231,0.0687771830062529,0.075500650857364,4.74699861247518,0.0311849661698279,0.0812755829398634,1.00577451078852,0.0010281749542834,0.0984381728837907,1.27725193454067,0.0254267044272884,0.0709345191431853,1.25899790157518,0.00663907294419127,0.534472159802481
0.0931531589089061,20.4114391290183,0.359419104109252,0.0657524399660002,1.00288309926358,0.0043686355523605,0.099780431456097,1.85168407581574,0.0401344371986428,0.0967625165095966,10.690727303607,0.12804959405903,0.0977710067046555,1.00577451078852,0.00197473697630792,0.0831711028903498,1.2232687477884,0.0218945633557305,0.0770454755245478,1.21975208146059,0.0192160111902246,0.0908184538027892,1.00577451078852,0.00308026894954912,0.0541563822649715,1.00288309926358,0.00360765853761886,0.0816973284369036,1.00288309926358,0.0035950929580652,0.585340102886782
0.0967715361569397,63.9526218479422,0.588666654271777,0.0975460496571806,1.09335121002246,0.0178050868612546,0.0905002980010654,4.37935702804035,0.0517456113443643,0.0929962293376127,40.0775094490775,0.143518814420712,0.0951027877855639,1.00577451078852,0.00182781195012961,0.0579622176073393,5.46618619625777,0.0199206538703884,0.0722748570733341,1.12205075712963,0.0164193553645566,0.0995692120841204,1.00577451078852,0.00115409243911299,0.0884485994143511,2.13836836392825,0.0261275045765489,0.0811540676419318,1.00288309926358,0.00768354817899947,0.874869133277844
0.0684606269136446,29.754221128626,0.227054439934808,0.0958757010741589,1.00288309926358,0.0110452374486216,0.0934620602498312,1.28093437865255,0.0266105676125269,0.0732127856240481,2.60078095318014,0.0389896696973756,0.0860003532689893,1.01449885892793,0.00214385417298397,0.0961499322391591,1.16819913201946,0.0250706237930176,0.0887724484502812,1.11882507338448,0.0218056281699008,0.0788914725989381,1.00867425853989,0.00168607650608539,0.0863545526026188,5.59354223610883,0.0302238876358429,0.0928215828269278,1.00288309926358,0.0111093392485136,0.395739324219676
0.0880863604990014,20.645883550101,0.327942575700187,0.0506206522320169,1.00288309926358,0.00312090731776151,0.0925744449174505,3.60071789654471,0.0508818709083572,0.0916575594426766,9.91971340151178,0.110847629204969,0.0794903329476611,1.00577451078852,0.00182506296998936,0.0907680539495632,1.04714060664789,0.020997621101263,0.0819462556954358,1.05926897298544,0.0187183347669662,0.0864555547911918,1.00577451078852,0.00150557758325181,0.0999363683687583,1.0684573459204,0.0229917088713473,0.0951867012169989,15.8598865007128,0.0163802619396067,0.575211550363699
0.0810149174591481,73.5557254265437,0.389197384691064,0.0743540511966559,1.99560700049668,0.0115087069219369,0.0942424594020793,13.9728926204603,0.0713646254312656,0.0862885662298166,7.06256146630704,0.0867615965956942,0.0787481744688802,1.00577451078852,0.00133906448792497,0.0972365677325744,2.39246014169509,0.0446841268306168,0.0602872972423861,2.33798763817471,0.0169926495669967,0.0973678054091783,1.00867425853989,0.0010506051671922,0.0901440617217953,2.66904925964653,0.0290594717521997,0.0951269809941465,1.00577451078852,0.00186567940005639,0.653823910844948
0.0876185400240451,9.66058952631025,0.186171886072032,0.0870564062805659,1.00288309926358,0.0134590933783375,0.0774839988424572,4.21848286189654,0.0365901958974079,0.0676007221439916,1.88394737445416,0.0267826874747291,0.096006896171599,1.01158236655188,0.00222169612759207,0.0899482307257884,1.60343464412786,0.0302854281097881,0.0766343032287911,1.4249133228412,0.0210369850485143,0.0866791746328027,2.38558227120577,0.00288583033152577,0.0958233958023666,2.74700667630971,0.0339034774338189,0.0814366738471922,1.00288309926358,0.00689572563283258,0.360233005506578
0.0571320783727037,10.7063701726058,0.112196041927002,0.055340270719854,1.00867425853989,0.00485820975060838,0.0851698459430317,9.91971340151178,0.0527357023287461,0.0726075612618585,9.20430492459876,0.0646467227026504,0.0952310279951268,1.01158236655188,0.00248630528902838,0.0992905055618348,1.17494491051044,0.0260952586266237,0.0866090067718663,14.0940971036004,0.0496582512285674,0.0866591816758952,1.017423759841,0.00245050409634867,0.078838810448127,2.49085867387056,0.0212999693768633,0.0652020741829485,1.00288309926358,0.00461581570341549,0.341042781029854
0.0971002624312123,18.6824922069355,0.367707227209672,0.088934385104654,3.48847535295163,0.0190231880688252,0.0981216219190503,1.47076025583445,0.0323022879787134,0.0937070100245738,6.64822449937834,0.101162684563148,0.0948165647221622,1.00288309926358,0.00179953178437163,0.065337258900098,4.02857346483847,0.0242814796084247,0.0724095957929398,1.44974067037263,0.0193719797296005,0.0984391511777161,1.00577451078852,0.00338072500251087,0.0965899879976603,3.13598584352336,0.0357137324728506,0.0924640604862706,1.00288309926358,0.00955345753532183,0.614296293953439
0.0852480211202925,13.6470571313524,0.240935471540155,0.0707601174764604,3.16318819550752,0.0109290290413853,0.0975460496571806,3.19062650772569,0.0539475339464187,0.0646119840366525,4.11058351166975,0.0407612759839649,0.0910532202496996,1.01158236655188,0.0019909441828536,0.0885895694085816,1.60343464412786,0.0296823657196972,0.0912977027145096,61.7230832045355,0.06147663635507,0.0848209854251506,1.0232988843187,0.0015395889700583,0.0935242431370894,1.00288309926358,0.00381255099120957,0.0915539614937082,1.00867425853989,0.00687886932266979,0.451954266053482
0.0709345191431853,29.5848017004904,0.244519742226807,0.0977321500466401,1.24817094410403,0.0188197245090062,0.0854022864770718,2.08968112513086,0.0336854545763821,0.0478626808661763,1.40859841962076,0.0135151629009503,0.0990673537618098,1.00288309926358,0.00196822892974021,0.0913760191268201,22.0209326641103,0.0649326846402731,0.0880272500309196,1.03813555048354,0.0201025923063677,0.0965804761122476,1.01158236655188,0.0028812860195945,0.0908112177371154,1.03217524340486,0.0193002862396076,0.0953709490726861,2.90145376159538,0.0151258652232418,0.43485102757197
0.0811540676419318,22.1734116070083,0.289624734210424,0.04591179721311,1.02035709353375,0.00402064947180629,0.0958757010741589,1.54453302690677,0.0326493782627805,0.0971092585141675,7.4382002633935,0.113642187924048,0.0918769591855198,1.017423759841,0.00166179201014742,0.0990536217262048,39.8474101492761,0.0837761627840941,0.0692938134746374,1.27725193454067,0.016811324895688,0.0982991602449405,1.01158236655188,0.00129893763822366,0.0676443822412014,1.00288309926358,0.00592915396269857,0.0932228857846681,1.00577451078852,0.00462499648998891,0.5540393176499
0.0591992983587734,9.57819653499228,0.110227770077545,0.0815213941600425,3.38947576589033,0.0153816003944748,0.0743540511966559,4.71974439753259,0.0341096245485684,0.0869328394676319,2.83539228475476,0.0532628658556402,0.0976147953016848,1.01158236655188,0.00232890119779417,0.0536855842236145,1.87853138201008,0.0138681012353748,0.0754123696345844,2.18189932872234,0.0252638433503788,0.0818867790671929,1.00577451078852,0.00179656798019032,0.098681959940932,1.68386231169735,0.0296660679535085,0.0975024211107541,1.00867425853989,0.00813347970758195,0.294038822301057
0.0928215828269278,31.9556482303097,0.43756532062017,0.0590415308420204,1.00577451078852,0.00186187223263566,0.0870564062805659,2.78683513858361,0.0402546777673648,0.0961543101437602,66.138617681658,0.160616488850236,0.0912143039107497,1.02035709353375,0.00162682051815249,0.0824748719449599,4.85759838400825,0.041246249704625,0.0869546687578115,3.6740180475533,0.0401713607033381,0.0889275843233184,1.00577451078852,0.00115558061247911,0.0928803134226023,3.58004488871148,0.0336700370621264,0.068164983023353,1.18855355314224,0.00602177676302034,0.764190184834148
0.0951867012169989,350.651416845509,0.665186730688043,0.0904269426340241,1.82522046182733,0.0177158952564261,0.055340270719854,1.36468921205103,0.0131560033238346,0.0972568009045512,18.4211326150377,0.147402514309254,0.0826249114699601,1.02920793476607,0.00162702081844703,0.063176295777045,1.36076598863131,0.0156870805485319,0.0697703931579601,2.74700667630971,0.0233941068299559,0.0740117338638061,1.00288309926358,0.00181550425188908,0.0972799151928519,1.10920355497526,0.0226162568114308,0.0963555060155603,1.54898606893921,0.0141318951612356,0.922733007999048
0.0814366738471922,16.9058163200043,0.255603123697184,0.0930470113170183,7.69966123740149,0.0230062414958662,0.088934385104654,8.76467231833321,0.0577853870661616,0.0965185105871145,7.6115020308696,0.113308872271425,0.0875123437652298,1.00288309926358,0.00140440509515315,0.0489192853776425,1.04413027541975,0.0092355887830264,0.0522733872431089,2.10174801133249,0.012766773964348,0.0921638850169908,1.01158236655188,0.00192584365841619,0.0755817077953794,1.00288309926358,0.010221292132075,0.0865800185243455,1.00867425853989,0.00803308015364546,0.493290608317301
0.0652020741829485,13.6860767606747,0.157146678141909,0.0986298613273549,1.00288309926358,0.00398440807496423,0.0707601174764604,6.38559396992509,0.0322832421851864,0.0969075177070885,2.77882351455518,0.0602529669331493,0.0975038197356383,1.00577451078852,0.00194469634187988,0.0920384687038859,6.31248050684326,0.0565998854332056,0.0986426429207956,3.04698957090351,0.0494970997297589,0.0789703721928918,1.00288309926358,0.00144455174280083,0.0772064141968904,1.82522046182733,0.018656776535296,0.0932549053429167,1.00577451078852,0.00473259179544997,0.3865428969136
0.0662394446310495,88.3027114570839,0.249037862658181,0.0809302085558693,1.00288309926358,0.009165792745691,0.0830035796590257,1.19198027101602,0.0215172512510344,0.0651248359109361,3.19982540066046,0.0368923458458903,0.0989441978880435,1.01158236655188,0.00189347245835679,0.0741401147359879,1.07153781450759,0.0167803415379848,0.0967921719057386,1.93339940407185,0.0375750709011711,0.0808560132526466,1.00288309926358,0.00114795898568901,0.0828929236265025,3.79223047250718,0.0260314881871376,0.0928021411204789,1.00288309926358,0.00378721550860255,0.403828800079739
0.070534918217779,15.8765810965279,0.193384958581158,0.0603856635285259,1.00288309926358,0.00400658814833646,0.0977321500466401,3.6424227310724,0.0571443374941292,0.0821136486943529,2.89311263070037,0.0497396741748024,0.0906810244832678,1.00288309926358,0.00158080394221754,0.0929456652548475,2.4062754285944,0.0414382940438337,0.0934685494672752,2.31788173275986,0.0390529205953407,0.0839344950180497,1.02035709353375,0.0017627698248906,0.0924703516739642,1.00288309926358,0.0129006358849875,0.0801491382632357,1.00577451078852,0.00217414689707648,0.403185129586773
0.0924640604862706,21.9842995755893,0.370375568424792,0.0945468742486112,1.04112859832463,0.0162493383015474,0.04591179721311,1.5896456468007,0.0105171147741842,0.0944850266953083,6.11570617216135,0.0989904650637853,0.0869375238578542,1.00577451078852,0.00161734860438325,0.0948055681398941,2.98619923379083,0.0476914047287664,0.0505124265464107,2.6460963359074,0.0126151409256236,0.0838565436686814,1.00288309926358,0.00126784264210171,0.0965275113689238,2.13836836392825,0.0315672098662557,0.0977812544343667,1.00577451078852,0.00664125884468976,0.597532692176129
0.0945606411200249,14.4903277225333,0.295092909248489,0.0637773919136047,1.00577451078852,0.00700392083840644,0.0762369542992148,13.6547521301788,0.0416377578487184,0.0955243516685382,11.5882005855279,0.127200177553655,0.0840397768310305,1.03217524340486,0.0010724699870371,0.0550473030734499,2.46233896144414,0.0156659026075609,0.0790351566937806,1.06232295058138,0.017895858823373,0.08142952140718,1.00288309926358,0.00138744544562557,0.0581007005784356,3.34103457688672,0.0117903447958035,0.0913493140558559,1.00288309926358,0.0106167017727085,0.529363488921377
0.0915539614937082,12.8162169263892,0.254875194772276,0.086417693195901,1.82522046182733,0.0160650126977816,0.0815213941600425,8.20310923201435,0.0463118916538248,0.0851921624223043,3.26496454563336,0.0574270931298768,0.0968053348989292,1.01158236655188,0.00158354097393873,0.0925767129830802,1.82522046182733,0.0348867553950772,0.0599192207636484,2.75492656923522,0.017498631843978,0.0999206901860265,1.00867425853989,0.00201006728148168,0.0971836195110965,3.48847535295163,0.037302959472359,0.0790702918598839,1.00577451078852,0.00108228342790849,0.469043430648502
0.0953709490726861,99.8372011920941,0.611016414389159,0.0701617846925238,1.00288309926358,0.00498960601060115,0.0904269426340241,4.92802801770652,0.0536665193010685,0.0937476512726397,4.77441020717598,0.0859591092550049,0.0966789298002474,1.00577451078852,0.00233622466383366,0.0951285327228214,1.0684573459204,0.0225490199175513,0.0893207553601712,4.07523387938939,0.0440595417672549,0.0883937003215351,1.01449885892793,0.00104631042916647,0.0687462797626796,1.00288309926358,0.0057341486337329,0.0561836967748324,1.00288309926358,0.00378349991054481,0.835140394277918
0.049242746016692,6.81911928654524,0.0668998872555878,0.0700238379886749,1.69358579278262,0.00982347393339785,0.0373295241745314,1.91126246166401,0.00804771179145621,0.0832537579730054,18.3153703115779,0.0989768634733261,0.0889851610007429,1.01158236655188,0.00139138539165653,0.0806127383568461,3.03823005207779,0.0345326026658728,0.0586156540943039,1.40454896553258,0.0134555922790128,0.0921803542152889,1.01158236655188,0.00180125609357734,0.0987032867108105,1.90028922105573,0.0315831293224211,0.0628779617539156,1.00577451078852,0.00273637675486289,0.269248278961171
0.0975024211107541,14.5317584288789,0.309054738210103,0.0805980783721759,1.00288309926358,0.00413511118983905,0.0930470113170183,16.8968968064112,0.0703347334801264,0.0496045378388911,5.60966897361054,0.0279942896789542,0.0997984729951479,1.01158236655188,0.00214783494084549,0.0935408447710792,2.04799000112185,0.0381426050563444,0.0539989577380244,1.00288309926358,0.00385311038267681,0.098533959622448,1.01158236655188,0.0011302520865015,0.0929798397087368,1.00288309926358,0.00438145171621637,0.094317383665316,1.00577451078852,0.00781932651861896,0.468993453260226
0.068164983023353,25.8696442892044,0.217862203229873,0.0922340513163716,2.69996316651677,0.0201140195462426,0.0820334883115996,1.11882507338448,0.0199846705978725,0.0995525195477745,11.4225861207707,0.140405342319679,0.0969649674339566,1.00577451078852,0.0014133636613409,0.0758715453067805,1.0232988843187,0.0166170714273387,0.0895708108115643,1.05622377499757,0.0208792235755799,0.0809599273027298,1.00867425853989,0.00159852115369927,0.0879221954105132,2.38558227120577,0.0268080162584561,0.0861517319505261,1.00577451078852,0.00214462170686604,0.467827053476948
0.0963555060155603,57.0505559693807,0.568092455845539,0.0602456431260048,1.00577451078852,0.00267996712683014,0.0809302085558693,1.65026765861521,0.0267278401576566,0.0571316843998534,1.63607591315362,0.0191513900747256,0.0869360395543025,1.00577451078852,0.00136132048325521,0.0525580024143927,1.65026765861521,0.0127878084836611,0.0965053449649417,25.7990016756576,0.0692635005566527,0.0969005709296623,1.01158236655188,0.00255015036711038,0.0902962541532067,1.40859841962076,0.0229587859992645,0.0626765578588962,1.00288309926358,0.00124887308261519,0.72682209217731
0.0865800185243455,19.2235870203035,0.304719047975863,0.0638981292471585,1.00288309926358,0.00162087600391035,0.0945468742486112,3.01210229799636,0.0490458604021358,0.0831711028903498,2.44116367657533,0.0439763178112185,0.0832248202497301,1.017423759841,0.00204377387138946,0.0856313570926155,2.80292774815717,0.0378168975196137,0.0843373276824664,7.52435222533039,0.043608756590595,0.094842637939621,1.00288309926358,0.00122086030451061,0.0976152897221742,1.62200621191813,0.0285808328421846,0.0998682411286139,1.00577451078852,0.0126597058127047,0.525292929134126
0.0742071148950706,13.6860767606747,0.19371669165727,0.0909685891458173,1.00577451078852,0.0120405057406319,0.0637773919136047,2.0598161414781,0.0199164629155271,0.0579622176073393,8.03944940844679,0.0399163448925034,0.0794295000399936,1.00288309926358,0.00147252614580364,0.0857484737044584,11.6216105181022,0.0518512419213444,0.0374229018572719,1.27358007675926,0.00644601400901625,0.0890528340700537,1.77342245446464,0.00305364332782526,0.0931115400156836,1.08707389011608,0.020804428117487,0.0923130617656383,6.45955425993623,0.0145623727449651,0.363780231472374
0.0980737611460934,23.1436549734047,0.424763112864443,0.0894237676660268,1.58051892322707,0.0166153970083262,0.0895615062151438,1.26262771749805,0.0249539653579453,0.0961499322391591,2.35826794741131,0.0505088966651839,0.0909047664931591,1.00288309926358,0.00180031167015098,0.0866305821496822,3.26496454563336,0.0410886800826254,0.0996473093579431,1.28093437865255,0.0286177723527573,0.0774239740595632,1.02920793476607,0.00115173376473112,0.0826999475264519,1.29950646550457,0.0186365774478373,0.0907213814702027,1.00288309926358,0.00651162093721708,0.614648068151218
0.0292603869518869,4.9246190440357,0.0272277800395413,0.0697851913976246,1.00577451078852,0.00719173831817349,0.0943421199707406,1.78880557933512,0.0358520733231512,0.0907680539495632,2.11388457789867,0.0421314706741887,0.092477781222899,1.01158236655188,0.00146429041436348,0.090195978517929,2.0657547958787,0.0359260592377115,0.0571086220381347,2.7391095515787,0.0158999271376797,0.0959552670364125,1.00577451078852,0.00276756700815332,0.0880623799699629,4.08698318318596,0.0302741415514431,0.088142925330862,1.00867425853989,0.00211412529642729,0.200849173000833
0.0977812544343667,11.1429894799024,0.244614138935485,0.0745002766575227,2.91820823764409,0.0122218035237276,0.086417693195901,5.01389279437678,0.0484651084998598,0.0972365677325744,4.67915618701786,0.0908503063220642,0.0918151241788611,1.00577451078852,0.00271708079401757,0.0665374731336818,1.02624915657849,0.0140259190588456,0.0758063438674629,1.15815301335288,0.0180605538337787,0.0856789613151062,1.01158236655188,0.00171686618986219,0.066953022431597,5.16033824803901,0.0164841835515153,0.0993696645671368,1.00288309926358,0.0114915956154687,0.460647556324625
0.0913493140558559,30.0101711160967,0.416291087726463,0.0707298820415457,1.00577451078852,0.00264976313179914,0.0633866117696641,6.2943333190863,0.0256306722763308,0.0899482307257884,3.18145405986858,0.0612348009985415,0.0847887634768061,1.00288309926358,0.00154001981572951,0.0996660358898898,2.01872085226992,0.0420416992876679,0.0578299261014662,1.16149208345279,0.0120038243977232,0.090549250947178,1.00288309926358,0.00226170452735029,0.0851883863537191,1.035151107089,0.0173507078413001,0.0874545413483695,1.00577451078852,0.00596341230912143,0.586967692312027
0.0561836967748324,13.187408758242,0.121203655354812,0.0605728138839379,1.00577451078852,0.00133083750040375,0.0940151447656395,1.76324060258228,0.0353854478980032,0.065337258900098,6.78356302734552,0.0488857705582372,0.0801650468431416,1.00288309926358,0.00182187840621872,0.05863247456093,4.52026390637434,0.0199145875961665,0.0920033416824298,4.50726900243269,0.0484500439857603,0.0852450454510029,1.0232988843187,0.00257448347202228,0.043765484447763,1.00288309926358,0.0043605161015275,0.0667918359474463,1.55793070570556,0.00595083717624855,0.2898780580494
0.041126393951224,12.3140350149142,0.0727088306938218,0.0563830497290415,1.25537852068667,0.0060238048667486,0.0700238379886749,3.82512526006857,0.0287999863655001,0.0885895694085816,3.19062650772569,0.0599944113098317,0.0993383880888675,1.00288309926358,0.00204652130643494,0.084876088391607,11.9610537599916,0.0511907076056875,0.0905753996825841,2.14453349218355,0.0354784144245698,0.0916884135931675,1.01158236655188,0.00235324300074569,0.094405950079898,1.035151107089,0.0205845601927755,0.080124083057248,1.77342245446464,0.00912516879468135,0.288305648560797
0.094317383665316,14.6149755559616,0.295488234574998,0.0955823678438463,2.012917411563,0.0207492095793406,0.0940353093591337,1.34131840233837,0.028096337401939,0.0913760191268201,28.3702534600969,0.132497908180562,0.090204699941432,1.00288309926358,0.00228375715378317,0.0529974185771883,1.441417191251,0.0122226133715949,0.0856297182435967,5.65832869261085,0.0432075578644425,0.0735683630680655,1.00577451078852,0.00114806171198308,0.089828520214252,1.37652687910296,0.0223329416681166,0.0524895729283906,1.00288309926358,0.00121287256271083,0.559239494069471
0.0952419692501344,12.4554731953392,0.26292842743151,0.0873388370285907,1.00288309926358,0.0093559618484424,0.0829855029014439,1.41673238639154,0.024902848025565,0.0683480512056899,1.79396288338358,0.025925551609487,0.0865879399323263,1.01158236655188,0.00200607432329902,0.083053910283874,32.8570945343963,0.0515505540414523,0.0968743858238838,2.44820179377353,0.0429637463978215,0.098739521256268,1.00577451078852,0.0034498814093623,0.0978663123196358,1.00288309926358,0.020081384228051,0.0998173787848091,1.00577451078852,0.00315574958765187,0.446320178902642
0.0998682411286139,30.441656480749,0.504516904649201,0.0976799468114842,1.1715671660767,0.0183785495234961,0.0894553845024747,2.83539228475476,0.0429034476638124,0.0990536217262048,44.1988889941343,0.171255516635466,0.0960973601723289,1.00288309926358,0.00212244318421025,0.0818269295365106,3.26496454563336,0.0366088299172726,0.0757814728039008,1.84105289600553,0.0236744386077218,0.091517791122725,1.00288309926358,0.00257680699012253,0.0733080295123721,1.38447564841702,0.0153008145803916,0.0663792967442052,1.00577451078852,0.0013238440259216,0.818661595777616
0.0873178478215819,16.7138422487345,0.286248716424696,0.0997165193117454,13.4596032415536,0.0290188765698337,0.0922340513163716,7.20633469066447,0.0612222533648741,0.0536855842236145,3.32185250376586,0.0274673445863959,0.093461990332895,1.01158236655188,0.00205371684380101,0.0598227665194491,1.84105289600553,0.0164912073393004,0.0772325510205755,1.02035709353375,0.0167584301187732,0.0877309598663191,1.00288309926358,0.00156275302197818,0.0898133803920824,2.16937226517279,0.0271820827622918,0.0965749484939759,6.11570617216135,0.0166174023784992,0.484622783410443
0.0527842453088995,12.6345576255084,0.107666906040524,0.0843966555957003,1.52245910708953,0.0145528974307044,0.0909685891458173,1.93339940407185,0.0357851550732239,0.0824748719449599,8.63941072106801,0.0837792181424674,0.0897680535832218,1.017423759841,0.00159445669037482,0.0460814470616549,1.669381663546,0.0103595222453749,0.0779498264228595,16.1827476936424,0.0385735046249236,0.0952330936037719,1.01158236655188,0.00112379750244483,0.0943371703724417,1.57597523020146,0.0263762099320491,0.0688111558159311,1.00577451078852,0.00125998456226136,0.321071652244348
0.0923130617656383,167.867046233813,0.586682353735086,0.0897611535156346,1.53566531100084,0.0167426647020351,0.0894237676660268,4.27964604980107,0.0501991960536304,0.063176295777045,2.57841511385935,0.0312086543100485,0.0989796445943311,1.01158236655188,0.00240762087224069,0.0910003346198472,1.70827639380871,0.0323478519523443,0.0944964406302693,1.32214875407135,0.027424043616895,0.0810627158466653,1.00288309926358,0.00141575005274294,0.0922770370584776,1.42902148939294,0.0240115548597818,0.0648648628543965,1.75311720834914,0.00567683892124684,0.778116529076052
0.0907213814702027,12.0359587215993,0.239015809188201,0.0938000464738499,1.00577451078852,0.00858709030239206,0.0697851913976246,1.5850757161707,0.0205082166189028,0.0489192853776425,1.92229906736858,0.0179391087469066,0.0873390948452434,1.017423759841,0.00150489103300082,0.0939749483682661,13.1153367145537,0.0672497267150982,0.0910487871931161,9.94831291991456,0.0545131304816075,0.086273836394164,1.02035709353375,0.00152644250640418,0.0665650558562622,7.3318961356485,0.0167881960187362,0.0913957749211504,1.00288309926358,0.00120962934201207,0.428842240953261
0.0993696645671368,24.998325308414,0.454072816243425,0.0908079116356269,1.00288309926358,0.0112391766359711,0.0745002766575227,6.25819530279368,0.0363563672665389,0.0920384687038859,11.1625120439526,0.115358855266025,0.0966837397056384,1.00577451078852,0.00214401962842284,0.0737685292163288,12.2397329678754,0.0361459826416837,0.0849857074773034,4.37935702804035,0.0402889521084246,0.0780930335756463,1.00577451078852,0.00115952390336446,0.0945266811785274,1.20578622343754,0.0227494384356229,0.089115901833397,1.00867425853989,0.00745136773328381,0.726966499862762
0.0874545413483695,11.3032030575075,0.215341771784965,0.0634025674347498,1.00577451078852,0.00653978122590467,0.0906578971164546,2.07768351923393,0.0371877751984653,0.0741401147359879,2.11388457789867,0.0334572933906279,0.085743572598143,1.0232988843187,0.00104489788584959,0.0965410670829712,1.57144459943409,0.0331622418756256,0.0957885592436171,2.88479547897935,0.0456367637040563,0.093236200431494,1.01449885892793,0.00161524943189429,0.0998408054712467,11.4555185704036,0.0481150688760793,0.0831717905728983,1.00577451078852,0.00513058670179543,0.427231430075263
0.0667918359474463,28.7520651910268,0.214798722750845,0.0658049548720126,1.00577451078852,0.00549430385881709,0.0563830497290415,2.35148837301477,0.0168284262924956,0.0929456652548475,4.760684680679,0.0841742184310671,0.0844875521012284,1.035151107089,0.00135359960927331,0.079798341761931,1.20926262481036,0.0204811235141777,0.0775343848974318,2.23273514877728,0.0269159348834437,0.0984482421078819,1.00577451078852,0.00378348553564782,0.0517454894978364,2.01872085226992,0.00878750361335153,0.083005328179996,1.00867425853989,0.00861102445553288,0.391228342944652
0.0587344070830286,7.24048212666168,0.0873501128435288,0.0748148150816181,1.00577451078852,0.00927060180217387,0.069177748788632,1.17494491051044,0.0166490312102863,0.0948055681398941,5.79016143825715,0.0970357301807582,0.0891027884420841,1.27358007675926,0.00255173266524821,0.0988645476802512,1.57144459943409,0.0343212565561934,0.0666853016477443,4.20635552139048,0.0235301552520362,0.0974274468264302,1.01158236655188,0.00202145355115387,0.0454517388508538,1.00288309926358,0.0047595784571585,0.0921448447324734,1.00577451078852,0.00871013464573985,0.286199787164277
0.080124083057248,46.8492362776105,0.351880194317804,0.0605850441005597,1.00577451078852,0.00495778045110273,0.0955823678438463,5.70741049859425,0.0632235370307992,0.0550473030734499,4.20635552139048,0.031165095136006,0.0903537742470716,1.16149208345279,0.00261942741220864,0.095063363748091,4.52026390637434,0.0563290248297799,0.0978057419910395,3.09116744284691,0.0488860984193999,0.0812697172769142,1.00577451078852,0.00231748703408508,0.0841118170660014,1.0232988843187,0.0169022634181238,0.0849506793583168,1.00577451078852,0.00244360482820017,0.580724512877509
0.070517123148119,10.8603060505506,0.154699197514114,0.0877339778550279,1.00288309926358,0.00725909603137746,0.0873388370285907,1.45392041663176,0.0273270030841336,0.0925767129830802,3.63195145450856,0.0706988946194201,0.0878527239900479,1.0232988843187,0.00125361879945781,0.0962113801561623,1.48779514022745,0.0315337406673195,0.076859877806424,8.32204495553973,0.0354200423498227,0.0754808745393278,1.00288309926358,0.00139974063481548,0.0664524888059324,2.22631645743836,0.0144238340036485,0.097289277389149,1.00288309926358,0.00551520808439952,0.349530375788509
0.0999756457517138,33.8334954231509,0.525467553973816,0.0639626993310533,1.00577451078852,0.00185626408055269,0.0976799468114842,3.41887695499837,0.0557543341151248,0.0806127383568461,5.65832869261085,0.0699704668468519,0.0863426039983618,1.34518555643637,0.00233506225143819,0.0701450191045058,1.55793070570556,0.0200059479187036,0.0862402142977243,1.45392041663176,0.0258078335507844,0.0984428845713704,1.00577451078852,0.00309376778447708,0.0971634319738343,1.11240149892777,0.0226440435523318,0.078662825338463,3.79223047250718,0.00936303691290783,0.736298310986988
0.0687329980449642,7.95584339636854,0.115534735378958,0.087748140064025,1.75311720834914,0.0163901729803754,0.0997165193117454,31.6501005279053,0.0892786522063254,0.0935408447710792,4.06351835261943,0.077395585399981,0.0974877893150011,1.00577451078852,0.00223291794234554,0.0943567451187935,1.50502732889567,0.0309943642450864,0.064982242450199,5.05738459676651,0.0227921648315441,0.0827421493469262,1.04714060664789,0.00207699622481234,0.0379569123145248,1.00288309926358,0.00207284497537111,0.0654694975782952,1.00577451078852,0.00168786809591321,0.360456302280713
0.0965749484939759,200.374790595307,0.675427488188819,0.0917246982868092,1.00577451078852,0.0114701162707061,0.0843966555957003,4.12243473196511,0.0437009097131781,0.0758715453067805,2.03037797761035,0.0331214764585034,0.091941780114416,1.00867425853989,0.00178440888073994,0.0748328385622596,1.90028922105573,0.0247925477319434,0.0991206118527805,1.89482624889294,0.0386695011031989,0.0978871407169158,1.00577451078852,0.00104505498610648,0.098932587080068,2.57100265798945,0.0354897020332829,0.0701328522489059,1.59882507273807,0.00666105916843191,0.87216226453491
0.0648648628543965,28.5068453055109,0.202966284140995,0.0863838303812454,1.00577451078852,0.0050082936802531,0.0897611535156346,4.27964604980107,0.0506001764584667,0.0525580024143927,2.94352153037066,0.0252453788129848,0.0814435391644462,1.23033252636976,0.00198830865415148,0.0927598870254898,3.98244730043134,0.0509475595924116,0.0699881409984738,1.93897358646993,0.0209959441764142,0.0786270216241635,1.00288309926358,0.00166090644588782,0.078034223631234,7.83381828565906,0.0243783211549236,0.0939279914142986,1.00577451078852,0.0114649442442698,0.395256117360758
0.089115901833397,15.2980995404683,0.279598170828401,0.0988271447305292,13.6941201359897,0.0281575540102952,0.0938000464738499,1.19541686845759,0.0249045310897284,0.0692613818264336,1.96143148928283,0.0286642933685657,0.0930995691950984,1.03217524340486,0.00216443850453179,0.0754271616533746,1.36076598863131,0.020626369907307,0.0908184538027892,6.02830266228601,0.0500918926147285,0.093180965968752,1.01158236655188,0.00229175623279185,0.0951765984447499,1.5896456468007,0.0268897410301892,0.0958073229565274,1.00288309926358,0.00518232354890523,0.468571071135444
0.0831717905728983,9.91204547645997,0.179376732988149,0.0695436573774443,1.00577451078852,0.00226669762589489,0.0908079116356269,1.74305193613896,0.033260419537991,0.0856313570926155,5.38806539618403,0.0767256642164782,0.0907656005545263,1.00867425853989,0.00101244806340727,0.0973549395357768,2.81911328467833,0.0489685217801311,0.0799619640571343,9.50045567592029,0.0394390048886177,0.0983969716784414,1.00288309926358,0.00291162342029513,0.0835882586514795,1.00288309926358,0.0124358881433706,0.0862714379717141,1.95017021036364,0.0110234086325584,0.407420409296893
0.083005328179996,27.6254638593379,0.329677201347872,0.0944702077898658,1.09650345009091,0.0165945033600005,0.0634025674347498,1.74807732789242,0.0184541052323024,0.0857484737044584,16.8483214233231,0.105591758951856,0.0857163965831519,1.00867425853989,0.0021732224354816,0.052417025094792,1.21274904899342,0.0110778750246651,0.093194593948286,20.3154738602905,0.0620887634127161,0.0982162840058348,1.00867425853989,0.00282739614821441,0.0892797446266508,6.7058929175172,0.0335142664440171,0.0866687515587967,1.12853005133194,0.0102100466631098,0.592209139020235
0.0921448447324734,18.5231534404957,0.333957211237816,0.0855727678647702,1.00288309926358,0.0123944171249861,0.0969447474650799,2.78683513858361,0.0498993109304426,0.0866305821496822,6.20437693319619,0.0834551260790363,0.0920831100852275,1.00288309926358,0.00174216406252628,0.0943595884581288,1.42081696649143,0.0295582351257456,0.0712470759207982,1.82522046182733,0.0211279394026556,0.0979242048964728,1.00867425853989,0.00295724067752045,0.0848420513410822,1.00288309926358,0.0010294983467797,0.0609138592492537,1.00288309926358,0.00371599679289955,0.539837139780408
0.0496132626636485,10.5546162087257,0.0903129950121574,0.0806563073740605,1.00577451078852,0.0111724787146035,0.0658049548720126,1.13831921276723,0.0151601354455881,0.090195978517929,4.0518365057735,0.0728365536593838,0.0916488690385394,1.00577451078852,0.00167833279140173,0.0806716232500573,8.22675961020021,0.0433123259651201,0.0714277039317007,1.09020803204812,0.0158634223491192,0.0916550635187142,1.01158236655188,0.00108696457104083,0.0877429989460583,2.63090415150101,0.027265529447067,0.0837355143117647,1.00288309926358,0.0045717679178693,0.283260505873351
0.0923384973886981,338.841079149215,0.609949503702778,0.0959210446672405,1.44974067037263,0.0190945040055653,0.0748148150816181,2.16313573014221,0.0270580604726026,0.0665374731336818,2.00713065465068,0.0277919471551255,0.0762054250565756,1.00577451078852,0.00164469200764244,0.069776177412528,1.20578622343754,0.0169622768543738,0.0788914725989381,1.017423759841,0.0171905960138145,0.0901737221355967,1.00867425853989,0.0027695909224713,0.0534678717004582,1.00288309926358,0.00390314568796653,0.0841757231162537,2.26510726072284,0.010605828456173,0.736970145278513
0.078662825338463,71.6897104985443,0.362152376183115,0.0735355678823995,1.00577451078852,0.00601767161374851,0.0605850441005597,1.13504676028852,0.0134697192295017,0.0996660358898898,4.01699207793678,0.0854153133075896,0.0843514783374585,1.02624915657849,0.00133225205812647,0.0758051961023561,1.24458268867087,0.0195410906099172,0.0401192121152801,1.017423759841,0.00655574416733982,0.0862927343358614,1.00867425853989,0.00238048458268017,0.0863554994834038,1.43727338940046,0.0212204533097526,0.0860783331066051,1.00288309926358,0.00226926626961025,0.520354371331381
0.0701328522489059,33.6408487589469,0.245469203195411,0.0597078860056957,1.00577451078852,0.00538938804201337,0.0725322960197611,2.2456281019818,0.026094988457224,0.05863247456093,7.04225793763313,0.0399038676693879,0.0941995483821417,1.01158236655188,0.0027956527338392,0.0712066808037109,1.0684573459204,0.0159007552062755,0.0564387240915373,3.03823005207779,0.0159459655074298,0.0970973374119539,1.00867425853989,0.00292802630978374,0.0898428879703994,8.51593931825384,0.0349082781796728,0.091361797826355,1.00288309926358,0.00836226109150859,0.397698386392546
0.0474994826995431,7.77618405325504,0.0706829337254623,0.0870739216955435,1.00577451078852,0.00577592846187251,0.0508791134668059,2.37188579111585,0.0141046237730926,0.084876088391607,18.1056638759021,0.104233159961698,0.082347099639858,1.0232988843187,0.00135263757952286,0.0764117104560627,1.08394875824941,0.017648401280468,0.0700514706346392,1.2517695448338,0.0169148570228047,0.0915367860448241,1.017423759841,0.0016803125832642,0.0983876898507353,2.96905439714284,0.0368862990115464,0.0981150730451228,1.00288309926358,0.0121429903409131,0.281422143740645
0.0939279914142986,32.6939448974803,0.45292189390059,0.0647771887571491,1.00577451078852,0.00349198583541489,0.0877339778550279,1.07462716439149,0.0207204395509153,0.0529974185771883,2.61579919085284,0.0240828752302123,0.0944002588272122,1.00867425853989,0.00136649596241869,0.0986060250959074,4.26734287669584,0.0600531055530287,0.0741594986689768,9.89119610131619,0.0329518410973383,0.0931885594189075,1.01158236655188,0.00207154522582952,0.0697178437694356,1.39247031798524,0.013959525299842,0.0602926504473386,1.00288309926358,0.00419801509924009,0.61581772275483
0.0862714379717141,56.5639846323139,0.433854462176964,0.0867757266288927,1.00577451078852,0.00433589895150816,0.087748140064025,4.77441020717598,0.0494895861025525,0.083053910283874,37.1871245324062,0.104973298653442,0.0884580670274695,1.00577451078852,0.00108310956464334,0.0954039105404959,3.34103457688672,0.0507693290246627,0.0924426249058416,1.50502732889567,0.029426433670882,0.0969747992225398,1.00288309926358,0.0034406555110379,0.0976114287821514,1.12205075712963,0.0229361920302184,0.0887917796713139,1.00867425853989,0.0102112971854133,0.710520262871324
0.0866687515587967,37.7107714862486,0.398729948077312,0.0913919930396149,3.84721348715026,0.0207371766815758,0.0917246982868092,1.75817161928149,0.0339880375652385,0.0818269295365106,6.15102138343189,0.0742408888071175,0.0999004407232302,1.00288309926358,0.00310931469474301,0.0923568005339834,24.4961185033437,0.0670785414964949,0.0866791746328027,6.66739199053658,0.0455033706554753,0.0973270887870452,1.00577451078852,0.00287201950383124,0.0875330963453445,1.00288309926358,0.0170570376600876,0.0623715082894161,1.77853540743712,0.00521643362738691,0.668532768769263
0.0609138592492537,10.0545605771008,0.118288576587227,0.094209523796494,1.00577451078852,0.00826740373378166,0.0603433515162704,6.09812467340626,0.0230196430269243,0.0598227665194491,3.35066711121492,0.0328625969137884,0.0849803247910989,1.01449885892793,0.00199828605553478,0.0872505572125236,2.90981894079874,0.0397926319222541,0.0866591816758952,2.56361151152847,0.0352301851645703,0.0829974639745085,1.03813555048354,0.00168149684485331,0.0909627719857801,1.00288309926358,0.0020536967178367,0.0650443166819336,1.00288309926358,0.00406330105421795,0.267257818020988
0.0837355143117647,8.52011211251241,0.155244502821954,0.0786167243909843,4.95648496866088,0.0145785108242159,0.0988271447305292,28.4520477169552,0.0865648961968204,0.0460814470616549,2.82724106811333,0.0202508355274187,0.0958342354782154,1.00288309926358,0.00151967437034953,0.0908886007280917,4.53329627591397,0.050727765606411,0.0984391511777161,4.59902389909696,0.0571823009442093,0.098367518516114,1.00288309926358,0.00234965903636021,0.0948263715275939,1.46231609576324,0.0256707778392747,0.0780568799755851,1.00577451078852,0.00355062746498548,0.417639550631999
0.0800242828060951,20.8830207840829,0.274117394989044,0.0618450311346901,1.00577451078852,0.00418784752667719,0.0944702077898658,3.1450272019994,0.0501333667506865,0.0910003346198472,3.38947576589033,0.0654768318565263,0.0967135270754146,1.00867425853989,0.00273122267904767,0.075096140787372,3.73803325566538,0.0316645323778705,0.0639939117446733,1.1481932879197,0.0139104923066786,0.0871882716000018,1.84105289600553,0.00288713698942279,0.0901185545607814,1.08394875824941,0.0196392368297463,0.0992648101287119,1.35295334494457,0.0146639761140828,0.479412038419783
0.0302803680514943,6.11800374477568,0.0339447291997758,0.0772896553877545,1.00288309926358,0.00430299822923052,0.0855727678647702,2.48369792620856,0.0369002183389971,0.0939749483682661,21.0295852575175,0.1372636424481,0.0985154537775202,1.00288309926358,0.00213349904219552,0.0793911579140339,1.41265954868704,0.0228852290032813,0.0971879861593645,1.3490638599235,0.02901402725044,0.0870827355611788,1.02920793476607,0.00243691226603286,0.0971554871587491,2.23273514877728,0.032417949492945,0.0832054004712173,1.00577451078852,0.00211620203320056,0.303415407304199
0.0680874209226327,8.18626584483316,0.117155325445882,0.068098105538319,1.00288309926358,0.00415045540861405,0.0880198349205257,2.44820179377353,0.038833753710126,0.0737685292163288,16.3231210310229,0.0732888961152813,0.0951257718495392,1.00577451078852,0.00196772056540262,0.0952484849664323,82.7903073513056,0.0762919654911783,0.0841860747567296,4.61228334151361,0.0399028549605648,0.082547932968237,1.035151107089,0.00126933617371217,0.0670208932031228,1.00288309926358,0.00847556826157741,0.0831297791828043,1.00288309926358,0.0052161510357001,0.366552027168039
0.0841757231162537,63.2264075704337,0.415821530537525,0.0488360064611702,1.00288309926358,0.00130263986939507,0.0482372570534163,3.66345594042931,0.0140032281917836,0.0965410670829712,3.1450272019994,0.0671518838578208,0.0893894880068586,1.00867425853989,0.00215831417769224,0.0749724305859522,3.58004488871148,0.0313165998395655,0.0580147763730167,1.00288309926358,0.00662819506321475,0.0917512307740097,1.00288309926358,0.0026437549369283,0.0667790020858195,1.00288309926358,0.00953076790474722,0.0976983601284737,1.00288309926358,0.00954692303166915,0.560103837410342
0.0533009827063832,29.1654615453982,0.139677429611451,0.0724963518716099,1.00577451078852,0.00590056908602997,0.0806563073740605,2.49085867387056,0.0330502754021755,0.0805793528101332,34.0120577830084,0.0974610429131109,0.0793515697320822,1.00867425853989,0.00174386429360881,0.0716254490007091,4.00544398533237,0.029231807077393,0.0965804761122476,2.77882351455518,0.0453961302559174,0.0908823354395634,1.00867425853989,0.00224685352249561,0.0948868419921467,1.06538573309788,0.0211251165424317,0.0812783859658859,1.00867425853989,0.0053659422043775,0.381199030908991
0.0466523673475849,14.6567626550599,0.0936978323822526,0.0915798939859002,12.9651693704974,0.0226432267500581,0.0959210446672405,4.13432012050498,0.0580100811134248,0.079798341761931,2.39935784176774,0.0410691290462065,0.091826834342189,1.01449885892793,0.00242443272679533,0.0926452017044855,1.76324060258228,0.0340700036768483,0.0575684343148285,1.00288309926358,0.00458204176058324,0.0879695206495926,1.00288309926358,0.00132731724496773,0.0903936806816841,2.04799000112185,0.0270020326162991,0.0908854102887059,1.65026765861521,0.0123088560261872,0.297134953343623
0.0979483630539902,33.2588399535169,0.501737387289466,0.0624223271562658,1.00577451078852,0.00271186679316544,0.0965402715793297,2.66137624774655,0.0480561872050788,0.0988645476802512,3.16318819550752,0.0695357663258068,0.0949722045022271,1.01158236655188,0.00159791020472538,0.0956455453023439,2.66137624774655,0.0460288504089284,0.0600150342863345,1.40051115285914,0.0139823930031125,0.0917273970245265,1.01449885892793,0.00161224632319142,0.0749439160846314,2.97761447568876,0.0196540059893068,0.0707502802663026,1.57597523020146,0.00679402101342235,0.711710634556204
0.091361797826355,17.5450919963968,0.318934515292522,0.0747489477336398,1.00288309926358,0.00624204926355861,0.0786173035602694,2.46233896144414,0.0313053029628908,0.095063363748091,8.49145760309168,0.114801744252161,0.0777551950955855,1.00867425853989,0.00150892223358185,0.0846522842806198,2.33798763817471,0.0341620480327309,0.0992176781266699,4.58580257506987,0.0581037831149532,0.093573479377005,1.00577451078852,0.00208650906888877,0.0819352590496736,1.00288309926358,0.0117112315648502,0.0885876028367885,1.72806227717372,0.0115612901277993,0.590417395913937
0.0981150730451228,30.1820264518266,0.482202878967923,0.0981788701578388,1.3804955427344,0.0197573524551804,0.0735355678823995,1.07772542117776,0.0168091023446871,0.0962113801561623,2.98619923379083,0.0638023529634641,0.0977630702668793,1.00577451078852,0.00194842818038478,0.0889339289910393,5.16033824803901,0.0499075557567494,0.0818867790671929,1.13504676028852,0.0197980644292701,0.0891342277871228,1.00288309926358,0.00131904708624815,0.0936569160441062,2.60078095318014,0.0315339715313076,0.0649128584313363,1.00577451078852,0.00525757563578329,0.692336329350998
0.0602926504473386,13.882854772999,0.139104227469977,0.0615934344937035,1.00288309926358,0.00555509012066893,0.0680615907946644,1.47500060364494,0.0189314643183274,0.0701450191045058,2.99480874260266,0.0400917792418789,0.0929585763612259,1.03813555048354,0.00244363981250955,0.0968138063927511,4.71974439753259,0.0593470382204986,0.0740117338638061,1.46653209822205,0.0202449380976774,0.0996756079915359,1.00867425853989,0.00221866894072157,0.0948937826989112,3.72728711692345,0.0358168902305538,0.0855790162616962,1.68386231169735,0.0106871030010435,0.334440839453857
0.0887917796713139,31.5927757268638,0.398783951079579,0.0612422364956439,1.00288309926358,0.00498273670351867,0.0597078860056957,1.3686237465133,0.0148295787625079,0.0943567451187935,3.01210229799636,0.062692953731371,0.0910045947132604,1.00867425853989,0.00242545430354186,0.0753141899406905,2.15071639511557,0.0265778864648011,0.0921638850169908,1.11882507338448,0.0228488178977273,0.0974317186809848,1.01158236655188,0.00100397198675388,0.0692537458063957,1.00288309926358,0.0095053577067212,0.0994803012436293,1.9841495077581,0.0159490238588905,0.559599732495412
0.0623715082894161,25.6490079220847,0.183083977316764,0.0853350800978693,1.00577451078852,0.00185223640926155,0.0901835938923125,2.5933041997516,0.0416884028804219,0.0904554549426715,59.6271237907573,0.135821255337379,0.0954192316213497,1.00867425853989,0.00149694496210682,0.0897478194969229,1.1028352210931,0.0218490709973916,0.0687055948379533,13.0025492407616,0.0281522636201838,0.098478536507635,1.00867425853989,0.00230400375418832,0.0627861427125061,1.23387969717049,0.0110341886959511,0.0569598462630406,1.00867425853989,0.00355738657099107,0.430839730544639
0.0991764606992178,25.9436107071029,0.461383130577103,0.0771955499645381,3.6424227310724,0.0135041506257453,0.0919175704025034,1.10601480450688,0.022420920571092,0.0536753320552465,9.2308418493486,0.0352607268867732,0.0823068956747115,1.02035709353375,0.00109572667633139,0.0900239772290945,47.2246276273033,0.0640958887868487,0.055604347275066,1.3686237465133,0.0122147179526813,0.0984121659118012,5.37257572706184,0.00415327935086016,0.0713950133760873,1.00288309926358,0.00235577196202957,0.0647858216261692,2.21353437928443,0.00573393902763544,0.6222182524171
0.0845243841038186,30.6159827474815,0.355005671995996,0.0658234032469994,1.00577451078852,0.0049761818594738,0.0918188369020794,1.16149208345279,0.02363623498841,0.0748328385622596,3.65292419736599,0.0499369447668381,0.09561388832984,1.03217524340486,0.00164978587435195,0.0572362783590702,3.49853297367273,0.0180973709923761,0.0890292042639618,16.4173790695188,0.0543024129422287,0.0909206009865671,1.01158236655188,0.00148696333970229,0.0731048174331052,1.04714060664789,0.0134761144419955,0.0582709360097473,1.00577451078852,0.00214958570707936,0.524717266908452
0.0650443166819336,10.434763218138,0.133286687983826,0.0618448110689219,1.00577451078852,0.00173370644910009,0.0913919930396149,10.0635379267258,0.0631856251611291,0.0927598870254898,7.45964533309522,0.103733048707119,0.0963471004246875,1.00288309926358,0.00245985804453613,0.0932336207187939,1.46653209822205,0.0297880400020117,0.029156017455844,1.04413027541975,0.0042516294505851,0.0985366954021936,1.01158236655188,0.00245398129333119,0.084436848323613,1.10601480450688,0.0177633110255422,0.0947583654464285,3.31230280598519,0.0149913209496497,0.37364720906683
0.0991992667880083,35.0127650896174,0.524492608772264,0.0829565294507145,1.00577451078852,0.00119926895050933,0.0960774724907222,1.83048275359669,0.0376979901448984,0.0754271616533746,2.66137624774655,0.0413678744684384,0.095098189637749,1.03217524340486,0.00245336645748121,0.0924976884936953,38.8282025800898,0.0686557293432169,0.0839344950180497,1.04112859832463,0.019000467844026,0.0995457968482669,1.00288309926358,0.00242575082650361,0.0765711628104451,1.43314150019665,0.0168739271216814,0.0699951523105095,1.00288309926358,0.00217452891201119,0.716341512841031
0.0992648101287119,50.6036082141855,0.591070029954526,0.0576423912233131,1.0684573459204,0.00610353699701927,0.094209523796494,1.14489244934213,0.0238972994352025,0.0792899190048969,1.80952418124502,0.0307696665148632,0.0855766965237848,1.02624915657849,0.00185737686235435,0.0509544274376832,4.08698318318596,0.0150058729422496,0.0999206901860265,1.10601480450688,0.0248363960231665,0.0835190962712399,1.02035709353375,0.00148608123140885,0.0991506854899731,2.56361151152847,0.035751253881295,0.0857991076570595,1.00288309926358,0.00838237357839253,0.739159887420478
0.0831297791828043,10.1410513187878,0.183071773776323,0.0872883130664624,1.9841495077581,0.0166962329171817,0.0786167243909843,10.5076446271293,0.0437816094461597,0.0973549395357768,5.48194575365476,0.0996625277523151,0.0999405649793286,1.00288309926358,0.00118875292752254,0.0987091258898389,2.21991621862324,0.0440367522352126,0.0552966544008883,1.00288309926358,0.00263038308976363,0.0853485116752531,1.017423759841,0.0017901441077516,0.0713066512604522,1.21975208146059,0.0138300723689136,0.0915016501547257,2.49085867387056,0.0132489760916883,0.419937224712832
0.0976983601284737,18.5231534404957,0.370093380082696,0.057217361085668,1.00288309926358,0.00432266237757107,0.0724963518716099,1.07153781450759,0.0164401491751629,0.052417025094792,2.23273514877728,0.0217283565848225,0.0838192144120058,1.017423759841,0.00153268964771832,0.091805559523688,7.4382002633935,0.0581479799726693,0.0859553880520687,20.7290378618468,0.0500225391905609,0.0764725319778451,1.035151107089,0.00155683338944031,0.0386632266529607,1.00288309926358,0.00362936319579214,0.0773055198124657,1.00577451078852,0.00502967311438281,0.532503626730816
0.0812783859658859,10.9224983497956,0.189540409161107,0.0739367816750353,1.00288309926358,0.00448598713224938,0.0915798939859002,24.4961185033437,0.0691909883905939,0.0943595884581288,2.85176528809274,0.0597390972472721,0.0902020215880829,1.00288309926358,0.00238182779911372,0.0604263309676638,1.86237664548846,0.0169053744752801,0.0886102868987562,3.99392909131044,0.0432397619717387,0.0830127076969657,1.02624915657849,0.00136694184379719,0.092556836908285,1.80432214140788,0.0269280509499817,0.0739017333852988,1.00288309926358,0.00298881413128155,0.416767253102415
0.0926740948930716,17.4950701385557,0.325960157221775,0.0865321603637159,1.29950646550457,0.0147240143240014,0.0747489477336398,1.1028352210931,0.0175160456249107,0.0806716232500573,13.3054941313703,0.0880287613600766,0.0838763034423511,1.00867425853989,0.00134432229033293,0.0977869304295795,1.18855355314224,0.0260456237113932,0.0549200537459256,3.38947576589033,0.01543514193342,0.0744779831786414,1.00288309926358,0.0016585966783643,0.0939867115746529,1.00288309926358,0.00981939948626711,0.0804100308502151,1.00577451078852,0.00299908825512667,0.503531150885668
0.0930474125635557,11.7977980246669,0.242832546889366,0.0920482681607068,1.00288309926358,0.00271636924957226,0.0981788701578388,3.98244730043134,0.0600985077354998,0.069776177412528,2.36506706799381,0.0338315012572916,0.0981263355623092,1.01158236655188,0.0010541529947119,0.0958381942512884,1.1988633739507,0.025689064339557,0.0969005709296623,1.92229906736858,0.0375817195778261,0.0918470576823867,1.00867425853989,0.00138795446048355,0.0405250352016049,1.00577451078852,0.00218070171989976,0.0534164918375171,1.00288309926358,0.00110941524974329,0.408481933473951
0.0908854102887059,55.9216720570698,0.489365682024732,0.0626246757336988,1.00577451078852,0.00194730623956749,0.0615934344937035,1.34518555643637,0.0153516538048473,0.0758051961023561,2.45526020256225,0.0391356522772162,0.0865747208462755,1.0232988843187,0.00163673212840051,0.0995826448218862,4.52026390637434,0.0624568111929107,0.0686657573821525,2.39935784176774,0.0218540395644383,0.0761746434182652,1.03813555048354,0.00122364579605156,0.0604665659354268,1.00288309926358,0.00288862710690407,0.0787800400942729,1.01449885892793,0.00266063709578749,0.638520787230856
0.0707502802663026,33.7370345839219,0.251211075048909,0.0844958956103437,1.00288309926358,0.00374855094602836,0.0612422364956439,1.11882507338448,0.0135483485179355,0.0712066808037109,2.10780755947618,0.0316481442310893,0.089269019829615,1.01449885892793,0.00245978959632591,0.0942818943932894,1.57144459943409,0.0320296706697937,0.0890528340700537,7.2688443008963,0.0494635593587082,0.0992988924037846,1.00577451078852,0.00344168341557185,0.0521494899053494,1.37256962462899,0.00821739920059765,0.0539691587192998,1.00577451078852,0.00309580710232232,0.398864028087282
0.0718286920296903,8.20967199428533,0.125302323918898,0.0843916581138489,1.95579274466099,0.0153615838418866,0.0973967708298262,2.14453349218355,0.0428516185872872,0.0764117104560627,2.15071639511557,0.0352427344518717,0.0928802298771736,1.00577451078852,0.00154916217624612,0.0948194237669962,1.23033252636976,0.0260208757739191,0.0959552670364125,2.49804006667886,0.04271249576763,0.0812699471488301,1.00577451078852,0.00121189300915831,0.0725679495061067,1.31834782642385,0.0146997894499192,0.0973338410624321,1.00288309926358,0.00849810651115612,0.313450583487972
0.0885876028367885,54.1926724549798,0.457082528982616,0.0917292174856255,1.00577451078852,0.013468456310762,0.0861735598923856,1.83576021707557,0.0315898789453521,0.0986060250959074,8.10918567113405,0.122461501194298,0.0954068194889186,1.035151107089,0.00263003999094501,0.0716948550602072,3.49853297367273,0.0284134939048777,0.0461617424024483,1.00288309926358,0.00366992754691664,0.0845550761602851,1.02035709353375,0.00144379227797422,0.0893759227502088,5.75691805285236,0.0330254058808545,0.0845305438693722,7.99329205722658,0.0116516672801208,0.705436692314717
0.0707680283952481,10.1410513187878,0.147535904181069,0.0824556905703012,3.03823005207779,0.0155897879581565,0.0771955499645381,7.83381828565906,0.0403966389578275,0.0954039105404959,6.40400427119728,0.103366460834818,0.099427164031917,1.00577451078852,0.0032930692323955,0.0807203385591969,1.91677282105974,0.0284053925361606,0.083630591939768,5.89104782059798,0.0409917465720974,0.0903503549790653,1.00577451078852,0.00254821047491594,0.0813096089069934,1.47500060364494,0.0191648311016816,0.0826200704033622,1.00577451078852,0.00707616226469094,0.408368204113813
0.0649128584313363,20.5283266572726,0.184860668517346,0.0977352533202482,1.29950646550457,0.019073832911847,0.0961610753457211,1.73304445225245,0.0360600971073529,0.0923568005339834,29.7932945067072,0.136911545578018,0.0894207145519609,1.0232988843187,0.00243669588464706,0.0984091307147257,1.55793070570556,0.0338899820094508,0.0796838497685895,1.035151107089,0.0176859199717323,0.0753726131821697,1.02920793476607,0.00146718958784171,0.0713855824685697,1.00288309926358,0.00610346600725106,0.0526634968067056,1.00577451078852,0.00226980631450051,0.440759203889987
0.0855790162616962,51.7727434801041,0.419331319542271,0.0995694383016777,1.13504676028852,0.0188090294961924,0.0872713478133289,1.04413027541975,0.0199458143023794,0.0872505572125236,5.5136013085513,0.0807893906582727,0.0931859723084283,1.00867425853989,0.00114146076191306,0.0969540725508743,1.27358007675926,0.0276518799365172,0.090549250947178,1.68386231169735,0.0307747381085614,0.0920376019639025,1.017423759841,0.00159828912214968,0.0601532771783018,4.3416960341386,0.0129304269811077,0.0844358796817111,2.89311263070037,0.0109040641458051,0.623876413055169
0.0994803012436293,72.3063954530777,0.646563991224714,0.082203541278786,1.00288309926358,0.00595710652070234,0.0989595340479771,2.012917411563,0.0421601427443142,0.0908886007280917,8.51593931825384,0.103280972440459,0.084850183671029,1.03217524340486,0.00201424914040099,0.0797617083446187,19.1787679790464,0.0449351419236999,0.0852450454510029,3.56975293664868,0.0381559521421186,0.0846150026339061,1.01158236655188,0.0018021638303869,0.056551704370569,1.00288309926358,0.00744098332958915,0.0954803893310381,9.39167782086193,0.0162706133426856,0.908581316639071
0.0848677605751015,316.400362620668,0.484772550592339,0.0755977481246237,1.00288309926358,0.00759386022524369,0.0576423912233131,2.2008256876077,0.0170796371138963,0.075096140787372,6.64822449937834,0.0640713677317563,0.0822633372969567,1.00577451078852,0.00174972374199235,0.0724218716111866,1.19198027101602,0.0176673100482514,0.0676902098441971,2.9350594625955,0.0224652035721089,0.0941146454814919,1.00577451078852,0.0015451539799926,0.0513197958948591,1.28462743961633,0.00786305098817001,0.0953759603023711,1.00288309926358,0.00726638159718026,0.632074239590931
0.0897285583389352,241.235156269643,0.560309353369667,0.0489131012380958,1.00288309926358,0.00310296432643326,0.0846984188829876,2.27818714703702,0.0349129940571965,0.0793911579140339,2.77882351455518,0.0460139369272036,0.0856679647732916,1.00577451078852,0.00111801544008086,0.0353502824736107,1.1028352210931,0.00600015428258759,0.0916884135931675,1.81474121907939,0.0329349380706948,0.0944793871348361,1.01158236655188,0.00193744242087964,0.0886343276031213,1.66458250694606,0.0239110044385815,0.0682638617296826,1.00577451078852,0.00103094740041393,0.711271750733739
0.0569598462630406,10.7369817976251,0.111439096054531,0.0774243756161208,1.3686237465133,0.0116826972661857,0.0872883130664624,5.43480286846039,0.0504538845335861,0.0952484849664323,51.3366596640957,0.155861883567083,0.0839052002415861,1.0232988843187,0.00207942072088724,0.0716730728936601,2.18818996107018,0.0242918422904338,0.098739521256268,4.92802801770652,0.0588143105454229,0.0921204506061869,1.00867425853989,0.00293757275779842,0.0956502038423606,1.00288309926358,0.00765779710077365,0.0961268218897504,1.60343464412786,0.014023858539921,0.439242363376623
0.0731893881009972,87.0510933765456,0.311088337601024,0.0951692490824934,3.27437776251048,0.0226499925449304,0.0506986708386684,2.82724106811333,0.0145916647688888,0.0749724305859522,6.47817779606607,0.0633557337609246,0.0820835224317782,1.05622377499757,0.00151410268007873,0.0786460073882928,1.37256962462899,0.0220761760434502,0.0565361821008873,1.00288309926358,0.00460846021388147,0.0970139562648321,1.00577451078852,0.00320229692467052,0.0538948548583028,1.017423759841,0.00794394966317103,0.0675517188362957,1.83048275359669,0.0061948722102423,0.457225586411262
0.0647858216261692,30.7035198836307,0.205432115550961,0.0787305991297385,1.00288309926358,0.00295603297790476,0.057217361085668,1.01158236655188,0.0114686622854979,0.0253785179974731,1.19198027101602,0.00562580617831076,0.0973237323130652,1.01158236655188,0.00154289702489582,0.0637933089612505,1.75311720834914,0.0180715644144207,0.091517791122725,2.39935784176774,0.0382107844276704,0.0943474918541404,1.00577451078852,0.00295668746546178,0.078884565696226,1.00288309926358,0.00636413367475505,0.0997336613044324,1.00288309926358,0.0105847127838575,0.303213396783736
0.0947583654464285,112.235651584573,0.605206206373143,0.0566061040210646,1.01158236655188,0.00135006076022539,0.0865321603637159,3.68461060628057,0.0442400451304155,0.0787351078255047,30.7519010092932,0.0911654681654794,0.0948089821357282,1.00288309926358,0.0025633651679879,0.0983235957449483,2.04210241714683,0.0415008007458891,0.082490288948687,30.7519010092932,0.0457826534303665,0.0848131608580877,1.0232988843187,0.00184354857728461,0.0422232000846804,1.00288309926358,0.00134989834170703,0.0555842677713864,1.00577451078852,0.00213739465677392,0.837139441349272
0.0857991076570595,21.8591217917059,0.319803060117175,0.0941481177560247,1.00288309926358,0.00383537809126248,0.0675348532548457,12.8536732852339,0.0313610765079268,0.0716254490007091,7.06256146630704,0.0590676941023651,0.0822806143254619,1.04413027541975,0.00192832680686788,0.0923898488696466,3.66345594042931,0.0492708357394954,0.0984884477545117,100.983649716517,0.0767174205174367,0.0871952350522099,1.0232988843187,0.00208619462049261,0.053670481320711,2.90145376159538,0.00989878424113195,0.0644094820826113,1.00577451078852,0.00508830433183481,0.559057075075989
0.0915016501547257,80.8230477145972,0.529964163065645,0.073456972760151,1.8463608342542,0.0110387387016595,0.0454070355730819,2.11997911696849,0.0112845624891596,0.0926452017044855,3.50861959151272,0.0690189848353357,0.0864692425523121,1.017423759841,0.00153387789926769,0.0976065197054249,3.01210229799636,0.0509326915109411,0.0636819364069076,2.90145376159538,0.019803164906952,0.0882754802425011,1.02035709353375,0.00125216060227882,0.0502516526740553,1.00288309926358,0.00450085845338334,0.0890810908551834,1.65979714701382,0.0116669980102961,0.710996200474919
0.0590638582229752,25.6490079220847,0.164636737632232,0.0995932952699732,1.00288309926358,0.00999445925831487,0.0843916581138489,5.20510035615579,0.0462488258032043,0.0956455453023439,5.25025074237118,0.0936161582274549,0.0973023384441748,1.01158236655188,0.00169245334893514,0.0722083730124811,1.3490638599235,0.0191635722507529,0.0989023371503794,1.87313095952011,0.0382615221377978,0.0987961745083488,1.00867425853989,0.00336607812379717,0.0749482055410444,13.4596032415536,0.0228655958489173,0.0932226397577406,5.19013667692469,0.0148544195737801,0.414699822205187
0.0971494569909372,12.1742029363666,0.264521369548688,0.0967483116974543,1.82522046182733,0.0207765761250649,0.0917292174856255,2.29794873135268,0.0402841774174695,0.0846522842806198,4.49431145638251,0.0692083033400488,0.0782674349856901,1.00867425853989,0.00173142104359923,0.0874354837925432,4.20635552139048,0.045628054591234,0.0662335016748396,3.25557838997471,0.0220725965882201,0.0926873220142111,2.44820179377353,0.00342815899097133,0.0840338577107142,1.83048275359669,0.0222255253235276,0.078571942863566,2.0598161414781,0.00885652967704501,0.498732712645868
0.0773055198124657,10.7984678719436,0.175018844548487,0.0622172649828441,2.29134256329585,0.00800667382364564,0.0824556905703012,7.37423424898408,0.0469678250736438,0.0889339289910393,9.39167782086193,0.101593949908769,0.0983854775819531,1.01158236655188,0.00171651029030244,0.0973530835350486,7.37423424898408,0.0675906474002791,0.0984482421078819,9.39167782086193,0.066686974292574,0.0956526246805241,1.017423759841,0.00291682113538706,0.0926706996358519,1.23033252636976,0.0222817405128457,0.0805895365234242,1.00288309926358,0.00266975347765462,0.495449740463588
0.0612877932322899,53.4245360347261,0.201079945626235,0.0530627025612577,1.00867425853989,0.00374883692968744,0.0977352533202482,3.72728711692345,0.0579449530099288,0.0835095527251118,1.99560700049668,0.0362132416560494,0.0842033311631325,1.02920793476607,0.00171625305724888,0.0899391559926566,2.25210247070889,0.0374163855246365,0.0526225732820678,1.00288309926358,0.00491245304151787,0.0770880269471086,1.00867425853989,0.00142789073738903,0.0762811782847529,2.74700667630971,0.0202947954250226,0.0795763929528544,1.00577451078852,0.00795063453311767,0.372705389540833
0.0539691587192998,8.84229119754254,0.0915060832455394,0.089230407434128,1.00288309926358,0.00355424277228601,0.0628317250374495,5.65832869261085,0.0247754169672913,0.0968138063927511,8.94309557251015,0.121009249067162,0.0925993581791279,1.017423759841,0.00184102840293972,0.0851495607665219,2.00136053357019,0.0318921176166311,0.0974274468264302,1.1481932879197,0.0251050985523038,0.0835672132906267,1.40859841962076,0.00256950893726362,0.0893236810770199,2.95200799512719,0.0293401099157974,0.0922278251260284,4.92802801770652,0.0144321785883758,0.34602503406559
0.0973338410624321,15.473812485928,0.32480091246501,0.0972032496532563,1.1715671660767,0.0181859949072353,0.0995694383016777,3.29328569222577,0.0571106408784144,0.0303942110823544,2.62334079957365,0.0107598029532369,0.0832361930077526,1.00577451078852,0.00200408327413938,0.0993169691832959,2.15691712397049,0.0436390816106841,0.073936853295853,2.44820179377353,0.0252717569663476,0.0897523136363069,1.01158236655188,0.00202695352423999,0.0941712819758409,1.09020803204812,0.0212078088714968,0.0846823099695769,1.50070065992818,0.0102327046149516,0.515239740065756
0.0845305438693722,142.248489423373,0.460985408242089,0.0860038656835103,1.00577451078852,0.00703615548070455,0.0993123075861934,1.31077872056062,0.0292622234995357,0.0753141899406905,4.13432012050498,0.053609061933284,0.0895953653451434,1.02035709353375,0.00131090878695032,0.0997597328626238,2.79486986091936,0.0512886045194827,0.0812697172769142,2.84356700216288,0.0320911394474355,0.0869843504596272,1.0232988843187,0.001011604256661,0.0849844756803884,2.81911328467833,0.0259292611959628,0.086399275555733,1.00288309926358,0.0055766916412706,0.668101059003376
0.0826200704033622,17.1488876537651,0.263395163721011,0.0653792587417765,1.84105289600553,0.00865491275185501,0.0755977481246237,1.4249133228412,0.0217751760521376,0.0897478194969229,2.21991621862324,0.0438827483014532,0.0950646951547219,1.42081696649143,0.00305656193046377,0.0973290680731928,72.5212224721817,0.0811609388362412,0.0984428845713704,3.18145405986858,0.0504104491911996,0.0967492044959757,1.00577451078852,0.00265724317759266,0.0660722440921488,1.0684573459204,0.0114184366289343,0.0927843222280026,2.38558227120577,0.0137050271570771,0.500116657747965
0.0526634968067056,5.31926478442073,0.0558357698943518,0.0889463574403387,1.00577451078852,0.00538184513399678,0.082809124047914,25.65088039011,0.0532418674129812,0.0900239772290945,37.5096952649555,0.130776771254768,0.0999582030394295,1.00577451078852,0.00308733166617407,0.0996819461260154,3.85830538552188,0.058857131023091,0.0827421493469262,1.69358579278262,0.0264158401135656,0.0821781587083229,1.01158236655188,0.00160582927151137,0.064052448508526,4.52026390637434,0.0147928693255335,0.0954732248981379,1.92229906736858,0.0142177037293995,0.364212958825373
0.0693362701000214,9.82750787400195,0.139879739355689,0.0806367184554721,1.00577451078852,0.0103737648487392,0.0774243756161208,3.51873529007318,0.0346578133044207,0.0572362783590702,5.59354223610883,0.0361661835184099,0.0903073029394562,1.00867425853989,0.00253216565722528,0.0962385223291656,3.26496454563336,0.0513195975199875,0.068511982322258,12.9278969602916,0.0281602745655367,0.0886568146292946,1.00288309926358,0.00135585866412751,0.0937959088738823,2.87650223749675,0.0326220865742176,0.0817231412774502,1.00288309926358,0.00366339833813266,0.340730882346486
0.0844358796817111,72.5131337059517,0.428700647190355,0.083257923413884,1.00577451078852,0.00548915141959852,0.0951692490824934,9.44591016576076,0.0692123052785478,0.0542329542903844,1.35295334494457,0.0148038738651487,0.0956662180489518,1.035151107089,0.00191928025554954,0.0533585245987415,2.23917234584048,0.0144525905026882,0.093180965968752,1.62668261683323,0.0314839228977428,0.0913002671735631,1.017423759841,0.00199657139720681,0.0826048224004487,2.48369792620856,0.0234466302730476,0.0855859714753722,1.00577451078852,0.00376008825094353,0.595265061330829
0.0671813374664426,38.1439148787253,0.231285808438598,0.0908599723462108,1.00288309926358,0.00282866749483876,0.0869366514781608,1.06232295058138,0.0202635624600717,0.0932336207187939,2.9350594625955,0.0602117640950467,0.0876752650874971,1.01158236655188,0.00223871451074399,0.0992263466095729,3.91424641100743,0.0586232404599478,0.0983969716784414,2.63848930932274,0.0461120571161092,0.091261524562759,1.00288309926358,0.00240280364914574,0.0647203856715382,1.00288309926358,0.0104358567535442,0.0912042333996663,1.00867425853989,0.0105904214005452,0.444992896378591
0.0954803893310381,233.776590138525,0.660451626474636,0.0761460332887013,1.00288309926358,0.00450867637862661,0.073456972760151,4.20635552139048,0.0326289027586531,0.0924976884936953,35.9243440670047,0.140155534217298,0.0811095613887952,1.04112859832463,0.00183299173935631,0.0805698853593174,10.4473164853735,0.0442728229307059,0.0982162840058348,2.42714808378022,0.0441243928782162,0.0769056285451931,1.00867425853989,0.00129667097162475,0.0582286064378882,2.22631645743836,0.0111710275845582,0.0575563054454547,1.01158236655188,0.00121088741356319,0.941653533347238
0.0953759603023711,12.8896098855347,0.271609663386611,0.0958692507824092,2.00713065465068,0.0208896414982264,0.0780967630804931,1.39648494813358,0.0224874252770445,0.0509544274376832,5.97646129188652,0.0298075341198542,0.0973064415882939,1.01158236655188,0.00248428956550572,0.0959783810934904,2.17562678075294,0.0414117745766663,0.0785416744189538,4.13432012050498,0.0330705883975435,0.0992548781835033,1.00288309926358,0.00147429548136411,0.0945862544584451,15.9514695864158,0.0419283322786191,0.0968946466941373,1.00288309926358,0.0113912625720829,0.476554807153518
0.0961268218897504,55.9216720570698,0.563426963763069,0.0588531801793196,1.01158236655188,0.00522893835505365,0.0995932952699732,1.31077872056062,0.0293387072522249,0.0355064081554435,2.97761447568876,0.0139969458108286,0.0997569601306917,1.00867425853989,0.00323401852419725,0.0897317878149532,6.22226476776323,0.0531714876216689,0.0979242048964728,2.82724106811333,0.0471885705609546,0.0901014034708425,1.00577451078852,0.00131483992282266,0.0972697809698068,1.00288309926358,0.0151963553501952,0.0865220592002071,1.00577451078852,0.00692855013672636,0.739025377297741
0.051819781324772,14.1227265917572,0.109703367651528,0.0923523320562211,1.11882507338448,0.0160594779438926,0.0966188263929971,1.5896456468007,0.033871664863294,0.0987091258898389,4.40464567244553,0.0895187744837896,0.0779115248710136,1.00577451078852,0.00123581453157061,0.085248598812636,1.25899790157518,0.0232020133444439,0.0901737221355967,3.40904833026788,0.0427602577574347,0.0927308526173631,1.54453302690677,0.00339814607560102,0.0852950750294104,1.00288309926358,0.00890997984513398,0.0592844896691448,1.26262771749805,0.00451279183894687,0.333172288335635
0.0675517188362957,31.5927757268638,0.225337218911581,0.0802401351486422,1.47500060364494,0.0128800369951454,0.0581560394730541,5.32637338722108,0.0209362097777648,0.0542909558763899,1.51371812544339,0.0167478037284116,0.0944515633432688,1.01158236655188,0.00251302615598711,0.0919691708514687,52.6842036818354,0.0687824219994197,0.0862927343358614,2.31788173275986,0.033577807260889,0.0984711008940777,1.00577451078852,0.00379392073744679,0.0807721202800456,1.23033252636976,0.0174284392327019,0.08905226870482,1.00577451078852,0.00292610014324051,0.404922984942588
0.0997336613044324,21.0626594607242,0.414909663794516,0.0634633328299709,1.5896456468007,0.00792023201736989,0.0967483116974543,5.23515726431772,0.0633097603940402,0.091805559523688,12.9278969602916,0.118543004261968,0.0817289755831244,1.02035709353375,0.00167989769582764,0.0892937103703207,2.18818996107018,0.0363814050162226,0.0665588129581859,1.34131840233837,0.0161954896421927,0.0763949421783687,1.00867425853989,0.00196505619898842,0.0829210301106485,2.54156531687388,0.0237389201393134,0.0986585304346115,1.00867425853989,0.0105690908323666,0.695212519992806
0.0887417116932419,194.179555001232,0.537500898608451,0.0925602436780161,1.00577451078852,0.00915088361059125,0.0622172649828441,4.14623977579979,0.0230758216361438,0.0604263309676638,3.41887695499837,0.033714463409383,0.0901920051418569,1.01449885892793,0.00143534639957281,0.0995608925805931,3.02078648791353,0.0530795252473714,0.0970973374119539,2.85998721049474,0.0464991459535987,0.0990123507311457,5.85722521042959,0.00423577324575248,0.0811531971341843,1.00288309926358,0.0134450263652138,0.0906463657325829,1.20926262481036,0.0115005066104195,0.733637391086498
0.0956267902647942,11.630573971469,0.247870388554471,0.066160049888111,1.42902148939294,0.00848494817326461,0.0911087283387829,67.2910010723591,0.0711947870925665,0.0977869304295795,2.4062754285944,0.05251429422457,0.0857505603391148,1.01158236655188,0.00184440526681657,0.0961788672478459,4.44285270778494,0.0574292767852737,0.0931885594189075,1.28462743961633,0.0262872029694282,0.0958823620007426,1.00288309926358,0.00236834696703992,0.0752884255324995,1.00288309926358,0.00128114501139266,0.0782632892140469,1.01449885892793,0.00378370792200846,0.473058502966832
0.0644094820826113,19.0052934936946,0.177550796006051,0.0822668784362413,1.00577451078852,0.00956374051559072,0.0972032496532563,3.43861929685961,0.0551476551871798,0.0498297566490425,1.65502554408647,0.0163830810446136,0.0977111630068804,1.00288309926358,0.00165356127795303,0.0851291325930918,3.10007958542497,0.0388736975128646,0.0969747992225398,5.773515819051,0.0585965902309829,0.0981080571138834,1.00288309926358,0.00140419442455341,0.0854452361143046,2.6460963359074,0.0256541699210128,0.0945646149381783,1.5896456468007,0.0134318299654379,0.39825931608624
0.0890810908551834,54.3476199994081,0.461647455975358,0.0982880344838932,1.00577451078852,0.00691559906018911,0.0860038656835103,1.06232295058138,0.0200180241172883,0.0958381942512884,2.42017049201696,0.0517809164256797,0.0973473521540147,1.01158236655188,0.001162516319862,0.0932935865419229,5.74036800209287,0.057320782155334,0.0973270887870452,2.63848930932274,0.0451774514178465,0.0947266651816528,1.01158236655188,0.00344620706395708,0.0912758214167398,1.7230944249062,0.0257476959950457,0.0576702947075375,1.00288309926358,0.00183092109003702,0.675047569620597
0.0700811700938446,8.76687728828928,0.129169085578356,0.064668934936167,1.00288309926358,0.00662795864238153,0.0653792587417765,3.79223047250718,0.0251182182592692,0.0995826448218862,8.49145760309168,0.127405486658146,0.0875845657866779,1.00577451078852,0.00151196034143335,0.0889851039576548,38.1632551869613,0.0617631819318245,0.098367518516114,1.53125056362849,0.032850360740064,0.0943752927851822,1.00577451078852,0.0024983126466666,0.0680716813275478,1.59422875299434,0.013971474573481,0.0725188370162866,1.00288309926358,0.00269478776737397,0.403610827138996
0.0932226397577406,151.903151805249,0.599294208409609,0.0871206695003974,5.13071090257931,0.0189762177903287,0.0438949970229464,1.7230944249062,0.0100757358673263,0.0942818943932894,3.1450272019994,0.0648223908094619,0.0803224031718392,1.00288309926358,0.00169568488506051,0.0539381815535814,2.35148837301477,0.0149154958645906,0.0994588878190971,3.06458444505318,0.0503416931938739,0.0831457195603186,1.04714060664789,0.00170434968875546,0.0808680379031436,1.60805750536954,0.0196323848149582,0.0832468796011276,1.00867425853989,0.0068002544535345,0.788258415777499
0.078571942863566,49.0390337791194,0.340279186612056,0.0722462630681175,1.00577451078852,0.00247758301880818,0.0806367184554721,2.10174801133249,0.0305337796604111,0.0948194237669962,2.48369792620856,0.0524633922168109,0.0946131200169163,1.00577451078852,0.00150334113564761,0.0948098445041834,1.74807732789242,0.0349847429142717,0.0871882716000018,5.85722521042959,0.0455342062400657,0.0843719713922461,1.00867425853989,0.00122836195429147,0.0774894915789935,2.65372529430481,0.0208234673342325,0.0904340758728645,1.00577451078852,0.00275705947423596,0.532585120560831
0.0795763929528544,27.5467024013616,0.301158686821227,0.0918509100174455,16.0435815196353,0.0230826172424917,0.0958692507824092,5.57746185992785,0.0636659937615351,0.0716948550602072,6.2943333190863,0.0573845726907143,0.0856318440815569,1.017423759841,0.00205647428898368,0.0931612245247659,14.9294397640879,0.0660225410890739,0.0870827355611788,2.44820179377353,0.0349094340066753,0.0930326437588715,1.00288309926358,0.00260124488166341,0.0972304418363547,1.96708649096514,0.0310381769285368,0.0791406038216099,1.00867425853989,0.00769419528075536,0.589613936991657
0.0922278251260284,146.368385151623,0.581060002727065,0.0909984516789575,16.0898367576997,0.022576044511628,0.0588531801793196,1.34131840233837,0.0143240523515389,0.0807203385591969,3.72728711692345,0.0573679096482394,0.0988796240125617,1.00867425853989,0.00151270113123246,0.0969355351385758,9.36467852310833,0.069108992858715,0.0917512307740097,2.60078095318014,0.039790676977659,0.0824499117560673,1.04112859832463,0.00208240396613709,0.0919870067048638,1.441417191251,0.0240503869126113,0.0517977362904231,1.00288309926358,0.00152581731892477,0.813398988403751
0.0846823099695769,47.6587103877338,0.399708417170815,0.0476762872872442,1.10920355497526,0.00435319012369824,0.0923523320562211,3.22758151346831,0.0484476702341822,0.0984091307147257,3.13598584352336,0.0686487129967114,0.0948784464162966,1.00577451078852,0.00236363296170223,0.0905818301675946,1.04714060664789,0.0209265649989091,0.0908823354395634,1.64079288241399,0.0304242719173006,0.0885344921221859,1.00867425853989,0.0028243657876348,0.0967277130934725,2.15691712397049,0.031856097276524,0.0958441645820252,1.00577451078852,0.00690359440410678,0.616456517871584
0.086399275555733,10.4945186167053,0.198641488195652,0.0824601178636259,1.31834782642385,0.0132239345136539,0.0802401351486422,3.94819959636536,0.0384302535463487,0.0969540725508743,2.57100265798945,0.0558180712330638,0.0923050228879909,1.01449885892793,0.00233483601005852,0.0993190293884081,4.99947880072813,0.0639842181914063,0.093573479377005,1.295770630155,0.0266403320091745,0.0858844734718265,1.0232988843187,0.00218425767027798,0.0929371633097695,4.43008034640065,0.035072982995165,0.093237062376959,1.52684850782001,0.0128810913505534,0.449211465715354
0.0927843222280026,83.1638987870644,0.54965843533076,0.095571128485501,1.25899790157518,0.0180819900889969,0.0634633328299709,3.29328569222577,0.0228034707396586,0.0797617083446187,21.0295852575175,0.0913665987294283,0.0869068063861631,1.017423759841,0.00149318943349025,0.0715240625859913,1.67902152597229,0.0214993050781908,0.0996756079915359,1.33746236557711,0.0297591490435768,0.073140964105693,1.00867425853989,0.00119179000033589,0.0604749182656416,1.34518555643637,0.0105981184976444,0.0810633753318614,1.11240149892777,0.00868813742202337,0.755140184364105
0.096858927509114,10.2575307541953,0.222051360079063,0.077963131423047,2.09570588324384,0.0129592273007004,0.0871491487681545,1.79913505645155,0.0317660409717047,0.0724218716111866,2.33126636583218,0.0352816263492443,0.0919117453789181,1.00577451078852,0.00127882565346274,0.0695456127132109,10.6293480187976,0.0313181360524877,0.0881575211390406,3.9368492691367,0.0422353289515884,0.0792070402750763,1.00577451078852,0.00147819642662457,0.0918894945352677,1.79396288338358,0.0264865392512949,0.0973361441933736,3.0557743442915,0.0160688219403443,0.420924102976515
0.0954732248981379,67.3252022246303,0.571798043733284,0.086943334507296,2.18818996107018,0.016868916107933,0.0967250980856219,2.09570588324384,0.0417590304029883,0.0325041791857493,1.05318733137807,0.00645356420590154,0.0903457464221444,1.01158236655188,0.00231639831435888,0.0965241121380293,52.8360974706726,0.0782755326093917,0.098478536507635,1.47076025583445,0.0317729499513468,0.0968274114648184,1.00867425853989,0.00172144847749342,0.0773692953994853,1.00288309926358,0.00235621990700292,0.0891023212234811,1.00577451078852,0.0069899882559231,0.760312091965624
0.0912042333996663,30.1820264518266,0.41515618673863,0.0896878085936323,1.00288309926358,0.00648663966339595,0.0925602436780161,1.29950646550457,0.026680866170356,0.0353502824736107,1.82522046182733,0.0112844082403222,0.0787868244221451,1.07772542117776,0.00183731814619757,0.0993179869645957,5.10125365829453,0.06463996821942,0.0984121659118012,46.1493981386924,0.0754136719966999,0.0936559472580005,1.0232988843187,0.00258485758893739,0.0904611409457902,1.00288309926358,0.0012490960474575,0.0852706758412658,7.22711126890421,0.0119057694262947,0.617238782237711
0.0504822932316297,6.62717851743746,0.0672679469308463,0.0648821641454159,1.00288309926358,0.0037240570623645,0.066160049888111,3.21830282695794,0.0245827134226145,0.0716730728936601,4.07523387938939,0.0489070847110058,0.0814371833214788,1.03813555048354,0.00167519316304772,0.0984979927739837,3.83615347588896,0.0573830001316815,0.0734092095173765,1.60343464412786,0.0209701925352436,0.0770190976571263,1.00288309926358,0.00163165312802211,0.0676498257345046,3.41887695499837,0.0161854187798165,0.0846580005858713,1.00577451078852,0.00256122589999422,0.244888485764637
0.0968946466941373,27.0788269126679,0.449739998224586,0.0766328922661836,1.53566531100084,0.0117167416644423,0.0822668784362413,1.6984685687346,0.0279816481998064,0.0786460073882928,2.69996316651677,0.0443498620893692,0.0777813649985181,1.00867425853989,0.0011607013299702,0.0680141441975142,1.82522046182733,0.0205421333780611,0.0985366954021936,1.67902152597229,0.0353122429104706,0.0946779284057727,1.00867425853989,0.00327356791352317,0.07714711951132,1.32978351631576,0.0165880849630081,0.0900277021732402,1.00288309926358,0.00406740441639565,0.614732385089633
0.0377770237021473,5.50466825898689,0.0403693598300968,0.0845179794225538,1.21975208146059,0.0137058477674545,0.064668934936167,1.67902152597229,0.0187319244896952,0.0637933089612505,3.26496454563336,0.0361131040796607,0.094170018625874,1.00867425853989,0.00262966886813194,0.0926209708408057,1.81474121907939,0.0346448262692247,0.0995457968482669,1.61269369477906,0.034646037203625,0.0885328266809332,1.00867425853989,0.00190119037759373,0.0742354367938429,1.16819913201946,0.0146336726507721,0.0961800616543847,1.00288309926358,0.0117068517621629,0.209082483298418
0.0865220592002071,14.4903277225333,0.257020628809468,0.0570726818597794,1.01158236655188,0.00545417078869123,0.096057653695829,1.48779514022745,0.0317474760436412,0.0983235957449483,4.06351835261943,0.08430278335234,0.0947928661721128,1.02920793476607,0.00165276149529271,0.0950472780072994,24.99478827893,0.0732526588335908,0.0853485116752531,1.05622377499757,0.0196464686195068,0.099260977017875,1.00288309926358,0.00212356760331211,0.0502528765653685,1.00288309926358,0.00619664954331622,0.0922125697584678,1.00867425853989,0.00417039573204162,0.485567560821201
0.0592844896691448,18.8970780596111,0.152697658743348,0.0848658259437461,1.00288309926358,0.00235418800036389,0.0871206695003974,12.7798757548119,0.057637398517474,0.0923898488696466,7.04225793763313,0.100284332600553,0.0981091055299933,1.01158236655188,0.00237486417274687,0.0650135544744092,1.1481932879197,0.0147175764580385,0.0997700305433184,8.6145740489714,0.0682462018844495,0.0817085894912985,1.00867425853989,0.00173957802622551,0.0394045125955412,1.00288309926358,0.00422986745889416,0.0993836305653309,1.00288309926358,0.00305624671915888,0.407337912581252
0.0986585304346115,21.6726902673049,0.414235039855831,0.0829265311669456,1.00577451078852,0.00185634809601734,0.0918509100174455,30.9294781934387,0.070575369394152,0.0976065197054249,5.92506573979369,0.103702467766822,0.0863221587612341,1.02035709353375,0.00185350832924698,0.0868488887295826,16.5121814020749,0.0558776316225838,0.0997753902699466,9.80613514975012,0.0695437926659565,0.0922884934371747,1.017423759841,0.00314233430152726,0.0796276491295584,2.08367368705817,0.0206480580216044,0.0862597079521683,1.00867425853989,0.00951564142081135,0.750950191474553
0.0440972529143601,6.18827472552621,0.0537977883083165,0.0712509582074005,1.00577451078852,0.00740358240357003,0.0909984516789575,32.7626366009394,0.0689793183243075,0.0722083730124811,2.62334079957365,0.0383591656521168,0.0809866127056442,1.00867425853989,0.00182756623151695,0.099490108758134,2.11388457789867,0.0432906732882115,0.075511551672157,2.13222095925085,0.0249844981450197,0.0908410040204893,1.00577451078852,0.00156948409822488,0.0766013172292716,1.54009278652809,0.0173281943460426,0.0705549150631747,2.23273514877728,0.00698650968034121,0.264526780477668
0.0906463657325829,42.1525573787623,0.454457631835432,0.0982409364487337,7.69966123740149,0.0268233308616664,0.0476762872872442,1.75817161928149,0.0115648455952136,0.0874354837925432,7.78884153617836,0.0927917941024245,0.0756921098090324,1.00288309926358,0.00134056305610534,0.0998324334151578,11.756216271046,0.0772555743878495,0.0450540485030022,1.91677282105974,0.0096846897136974,0.0758219832374958,1.00288309926358,0.00154406036736315,0.0821604996859894,1.98987000774274,0.0218117046456295,0.0811820830936054,1.00577451078852,0.00237630582659798,0.699650500391979
0.0945646149381783,55.2866532650874,0.537860590127568,0.0641781789647959,1.00577451078852,0.00689418616183081,0.0824601178636259,3.54925770971272,0.0395137662758958,0.0973530835350486,13.1910713679069,0.137964854311938,0.0926200635444249,1.00577451078852,0.00259275002546322,0.0567914513510223,1.93339940407185,0.0153463728539254,0.0744779831786414,1.0684573459204,0.0165421045041723,0.0757777324521711,1.13178371549186,0.001973067916997,0.0874646545606299,2.52697328239242,0.0269379166688204,0.0548063804078167,1.00577451078852,0.00351583590579968,0.789141444752411
0.096048847652949,19.3889510147338,0.368725687648055,0.0871451838209988,1.00577451078852,0.00471037883650895,0.095571128485501,3.66345594042931,0.054819968773552,0.0899391559926566,4.39198314906283,0.0759018838631728,0.099458441104068,1.00867425853989,0.00315115231978183,0.0927714816460158,13.3054941313703,0.0645715378616994,0.0526316665800883,1.00288309926358,0.0019915154428346,0.0889168492587571,1.017423759841,0.00198132354475496,0.0894718765251697,1.00288309926358,0.00181582423501905,0.0748017455012321,1.00288309926358,0.00631261124704049,0.583981883772419
0.0711798028813894,8.44744599608106,0.127477303776508,0.0989449425332303,1.5850757161707,0.0210799441827811,0.077963131423047,5.07196553857306,0.0386797572487821,0.0851495607665219,3.91424641100743,0.0645394691887526,0.0841792711908885,1.00288309926358,0.00211256319579401,0.0542626768048905,1.13831921276723,0.0112761793948416,0.0992988924037846,4.62558101221893,0.0586208475651174,0.083737667092826,1.00867425853989,0.0012895125055723,0.0943639362591579,1.20231981606127,0.0226577588234519,0.0862639238834535,1.00867425853989,0.00455363978167542,0.352286975663276
0.0832468796011276,15.429695940481,0.251480262155428,0.0849100295458475,1.00867425853989,0.0129248977938136,0.0848016618139102,1.76324060258228,0.0300371839780049,0.0993169691832959,4.26734287669584,0.0887008383128844,0.0982378337283743,1.00288309926358,0.00157176972657357,0.0749291047651107,1.57597523020146,0.0224015486391306,0.0873261298811105,7.31081832073186,0.0475037857826572,0.07954672177781,1.00288309926358,0.0012854008454964,0.0842896436599865,14.505756572389,0.0309718319933521,0.0893962404165975,1.00577451078852,0.0054189468247401,0.492296466052081
0.0791406038216099,25.4302533128258,0.290084522459435,0.0942508159751862,1.00577451078852,0.0155800722584661,0.0938965019542345,1.54453302690677,0.0317516287435166,0.0602296395801773,1.91677282105974,0.0235155768590618,0.0945749176872675,1.00288309926358,0.00215032282977652,0.0879333865780343,21.151020824465,0.0582521231128119,0.0903503549790653,2.45526020256225,0.0375359404109956,0.0911662834110606,1.01158236655188,0.00227481498759479,0.094136338257499,2.4062754285944,0.0310716780276281,0.0858321472598825,1.00288309926358,0.00157349677452819,0.493790176463815
0.0958441645820252,12.0016436540992,0.255942931529304,0.0494175859869518,1.00288309926358,0.00165010693283563,0.086943334507296,5.92506573979369,0.0509979548606107,0.0861562034014624,46.2824514344805,0.118013666063904,0.0942687674162869,1.93897358646993,0.00299673549289179,0.0887376398841295,1.2232687477884,0.0238453920516258,0.0795441322061461,4.55947384416678,0.0350339561311876,0.0873474007943224,1.00577451078852,0.00216329929871997,0.0843933831985848,1.00288309926358,0.0153638271971538,0.0829661269592308,1.00867425853989,0.00222103953757405,0.508228909095807
0.093237062376959,52.5171304752045,0.514077296870268,0.0946302988978816,1.00577451078852,0.00979274528070384,0.0771533148463948,1.31834782642385,0.0211940678320929,0.0807343583474046,47.7716005747586,0.0994520378843452,0.0863533491701647,1.0232988843187,0.00217030546488184,0.0711067409406472,9.91971340151178,0.0327476964943951,0.0748763090900166,4.59902389909696,0.0306684464741794,0.0927492083467236,1.00288309926358,0.00302233155692551,0.087688301087881,1.29204553462562,0.020809700732161,0.0782197137738394,2.96051892720402,0.00907515303529669,0.74300978162525
0.0810633753318614,33.1640174832526,0.333007275263914,0.0875851568589832,1.669381663546,0.0160718813724778,0.0792637236345102,28.7815897627645,0.0477579211358602,0.0997597328626238,5.48194575365476,0.104434516113936,0.0979730266568747,2.03037797761035,0.00336087374507558,0.0846807212658256,2.44116367657533,0.0347904309858191,0.0442332593761772,1.00577451078852,0.00734702217274576,0.0827163848370701,1.02035709353375,0.00193086401311913,0.0381537948933588,1.00288309926358,0.00153764674141634,0.0961858244494641,3.0557743442915,0.015544746706455,0.565783178250819
0.0915985103613817,30.3548659291099,0.418020550525291,0.0992069009496814,2.07768351923393,0.0230205160657596,0.0766328922661836,3.86942926293753,0.0347650764770098,0.0973290680731928,54.2230004661768,0.165876476469996,0.0872732559392919,1.01449885892793,0.00104640867038729,0.0880140203479792,11.0665182039154,0.0551654562243615,0.0846150026339061,1.08394875824941,0.0199301198911363,0.096855309072347,1.01158236655188,0.00274561932870977,0.0915772601386987,6.06311316104581,0.0353675736080551,0.0779894499575755,2.54156531687388,0.00889091272442029,0.764828709985127
0.0973361441933736,111.915662620741,0.651737394407047,0.085697769704088,1.00577451078852,0.00131157615474538,0.0845179794225538,3.35066711121492,0.041032123102939,0.0996819461260154,7.41681684421187,0.12000159903613,0.0961355225948139,1.00577451078852,0.00245777356108118,0.0829087082462952,1.34131840233837,0.0234454899643729,0.0465510207501791,2.72338334507132,0.0109777287701998,0.0828212390261115,1.01449885892793,0.00184388122312237,0.0666626802020698,1.47500060364494,0.0130649300566091,0.0961859066828653,1.00288309926358,0.00695368478583309,0.87282618106208
0.0891023212234811,13.764451032765,0.259673794515562,0.0960710191750593,3.63195145450856,0.0234252205328055,0.0570726818597794,1.63607591315362,0.0150336887862874,0.0650596036893304,1.54453302690677,0.0209017204594383,0.0853944998761513,1.01449885892793,0.00210947437725587,0.0825658860709921,24.7086041684656,0.0498731729399441,0.0645885197694196,1.72806227717372,0.0173025165614335,0.0910976953786319,1.02035709353375,0.00128139816271008,0.0989458154925982,1.13831921276723,0.0236714747478295,0.0884679954463988,1.00867425853989,0.00853516772784346,0.42180762881111
0.0852706758412658,148.049562608282,0.471958646174625,0.0615674230543436,1.15815301335288,0.00703992768311637,0.0712509582074005,1.58051892322707,0.0211756705865905,0.0962385223291656,6.31248050684326,0.104498263080883,0.0988617664527983,1.00577451078852,0.00305491072923456,0.0842158427484974,2.21353437928443,0.0330323260655419,0.0944793871348361,1.09650345009091,0.0231225350060091,0.079783161419612,1.21624552488348,0.00224795304566337,0.0745683583552644,7.3530347199978,0.0217212330583785,0.0817686199891091,1.00577451078852,0.00380641969445305,0.691657885124495
0.0961800616543847,30.1820264518266,0.463368514645357,0.0629525516152185,1.00288309926358,0.00475639037201957,0.0779698361510047,1.43314150019665,0.0228683258295981,0.0533585245987415,3.83615347588896,0.0286695327384837,0.0816418373799197,1.01449885892793,0.0018403032170526,0.0916632949198206,12.8536732852339,0.0627118368649654,0.0921204506061869,3.95958264771409,0.0467244308624996,0.0869995861499587,1.01158236655188,0.00154451594369147,0.0929947352441483,1.1028352210931,0.0209714638012479,0.0808839850602274,2.44820179377353,0.00967353649237132,0.663128850767287
0.0862597079521683,30.0101711160967,0.368742503814926,0.0569430708848249,1.00577451078852,0.00362175873694759,0.0982409364487337,17.8469041306121,0.082361179427168,0.0992263466095729,7.39549489831676,0.119520528673302,0.0779099889838833,1.00577451078852,0.00161408780518398,0.0891385437667949,10.783461436218,0.0572948906392578,0.0970139562648321,3.98244730043134,0.0529716088417822,0.0840610241785889,1.00288309926358,0.00130588021556782,0.0979005424141712,1.0808326105459,0.022493430513517,0.0724505824200833,2.10780755947618,0.00736244287151442,0.717288311539167
0.024062832702495,6.60828412909486,0.0270133274783172,0.080355035162545,1.00577451078852,0.0107693640012951,0.0641781789647959,1.91126246166401,0.0195707235235765,0.0805698853593174,15.9056121278034,0.0900043289824746,0.0986046496432462,1.00867425853989,0.00211832366328585,0.0927976495933671,4.00544398533237,0.0512822246403299,0.0943474918541404,3.46844676966084,0.0471755154091276,0.0856388738911577,1.00867425853989,0.00103792432213407,0.0875388751935927,1.4920846013006,0.0221897871616462,0.0832279307175983,1.00867425853989,0.00304945922042037,0.274210978402607
0.030521428523627,6.85816944823335,0.0369304862453401,0.0859599560327443,3.83615347588896,0.0178373721898552,0.0989449425332303,4.65229147967714,0.064265577562187,0.0959783810934904,4.31676880609627,0.0841196727088251,0.0959611559779504,1.00867425853989,0.0018857119543514,0.0924672266343914,3.23688695135292,0.0468437372306658,0.0848131608580877,1.14160110005127,0.0209067510863624,0.0973539018701437,1.00867425853989,0.00126637663600823,0.0934159558581507,1.00288309926358,0.00384764796631712,0.0748161235714523,1.00288309926358,0.0044230066652477,0.28232634024516
0.0705549150631747,41.4366042277854,0.259523574463897,0.0818637246569394,1.00288309926358,0.00683130567458788,0.0586790490486739,6.04568285725226,0.0217111184252203,0.0897317878149532,11.1304219326752,0.108307264312751,0.0949818127690415,1.01158236655188,0.00117347187107765,0.0792380313511492,1.21975208146059,0.0204356506231933,0.0914603356253726,3.71657187129828,0.0450836159923172,0.081586889738211,1.00288309926358,0.00236284563054021,0.0898849505053442,8.370100693918,0.0351324600675863,0.0954092382535757,1.00288309926358,0.00362557328012155,0.504186880341292
0.0319640171875358,4.65128984963839,0.0282508394928518,0.0988738817670418,30.6634951091254,0.0289793931957498,0.0849100295458475,2.82724106811333,0.0385715957887279,0.085248598812636,2.51246502599404,0.0466655047198222,0.0980498701854083,1.00577451078852,0.00318065618361091,0.0830126191931928,3.35066711121492,0.0378992726266539,0.0871952350522099,1.4920846013006,0.0266329113980556,0.0752395478031104,1.00867425853989,0.00100752057778378,0.0670668866692954,1.00288309926358,0.00483425227932856,0.0878046524099725,1.00867425853989,0.00188384453752343,0.217905790800108
0.0548063804078167,11.5974146743887,0.109644757272802,0.0732012969401101,1.52684850782001,0.010588789967379,0.0942508159751862,2.75492656923522,0.0469372139650302,0.0919691708514687,44.7108167276501,0.140416117976079,0.0841937630084507,1.03813555048354,0.00217032813650836,0.0720679289554308,1.86237664548846,0.0229511741334641,0.058846979313068,1.0808326105459,0.0118683732421762,0.0828230046881323,1.01449885892793,0.0016044999068476,0.0955702263620634,1.00288309926358,0.014465093988041,0.0772773330081453,1.00577451078852,0.00633291862784165,0.366979267216169
0.0748017455012321,18.7359091387849,0.230421703573313,0.0976334412407486,2.88479547897935,0.0235399027001007,0.0946302988978816,1.36076598863131,0.0287031700624916,0.0892937103703207,4.25507507288674,0.0737731171356397,0.0881117937560356,1.01158236655188,0.00194393861376289,0.0981746483479969,5.11596107896008,0.0630229868649239,0.0858444216620795,12.9651693704974,0.0486345110536678,0.0983921350738542,1.00288309926358,0.00173303355793503,0.0814912734645188,1.34131840233837,0.0184125824619184,0.0950778898309216,1.47076025583445,0.0135202094734435,0.503705155497197
0.0893962404165975,9.71591156529397,0.191829379638218,0.0975075000119611,3.40904833026788,0.0241428255651399,0.0875851568589832,4.43008034640065,0.0484867495297246,0.0995608925805931,5.94214829246472,0.108118114429253,0.0951767361528047,1.00867425853989,0.00240208649641483,0.0815357842858131,27.9647958304035,0.0482949719139549,0.0940359397821851,59.9714412603752,0.066328110840072,0.0969619163584959,1.00288309926358,0.00348226539496089,0.0651298490647564,2.08968112513086,0.0136657147427232,0.099402060926964,1.00577451078852,0.0059881198973271,0.512738338447788
0.0782197137738394,61.7986249601431,0.349720295881807,0.0874088989168745,1.00288309926358,0.003312395331038,0.0992069009496814,6.02830266228601,0.0703797081523931,0.0961788672478459,8.34603823722249,0.117064762478802,0.0979825738508312,1.00288309926358,0.00251363882540958,0.0829577534942177,1.2267955530143,0.021873620699685,0.0987961745083488,4.3542135747773,0.0568366518890187,0.091548449118928,1.00577451078852,0.00190225252111919,0.0593931949863596,1.00288309926358,0.00917305318661805,0.078768634114162,1.00288309926358,0.00252024566450959,0.6352966246304
0.0961858244494641,105.10217666729,0.629105542127918,0.0986712975473347,1.00288309926358,0.0113190299687822,0.0844488176451989,35.9243440670047,0.0564806975240521,0.0851291325930918,5.85722521042959,0.078899309657142,0.0854975292752407,1.00867425853989,0.001584452524134,0.0482871725423003,1.54009278652809,0.0108353879922075,0.0926873220142111,11.9955386652786,0.0583016871025682,0.073940405917702,1.02035709353375,0.00129193727944324,0.086924150460339,4.24284253669373,0.029500597819297,0.082430428165766,1.00867425853989,0.00453051803131016,0.881849160026854
0.0779894499575755,55.2866532650874,0.34176399642329,0.0992957772245775,1.21975208146059,0.0193821023432522,0.0419055619960395,2.012917411563,0.00979125709062214,0.0932935865419229,10.3873347090322,0.116841608751312,0.081489050046526,1.02920793476607,0.0017750927257045,0.0919489677334004,2.30457394564778,0.0395755560484653,0.0963861617113411,3.01210229799636,0.0470141281003537,0.0994089246902034,1.01158236655188,0.00360715405268316,0.0938059853193611,1.43314150019665,0.0247787226504341,0.0698948341630194,1.87313095952011,0.00671756619177961,0.611247184377897
0.0961859066828653,12.0359587215993,0.258106052483183,0.0692970832965638,1.00577451078852,0.00731565607708742,0.0730742257694113,2.04799000112185,0.0253207459196423,0.0889851039576548,38.0535430450317,0.125978817382503,0.0912490139694024,1.00867425853989,0.00135200085751174,0.0765889951117506,2.77083492243083,0.0301617808523972,0.0956526246805241,2.99480874260266,0.0462347170592816,0.0834235188593058,1.01449885892793,0.00207055114608587,0.0628482110041505,1.06232295058138,0.0104788258400052,0.0924248062619421,1.00288309926358,0.00143812869819382,0.508457276315891
0.0884679954463988,20.2952171540013,0.326401377297374,0.0995843598866098,1.44974067037263,0.0207976156058892,0.0960710191750593,10.0925521055113,0.0716548044184282,0.0465696565272664,1.31455782572457,0.0121655203753442,0.0972312285893169,1.00577451078852,0.00303470679185818,0.0936377662781963,2.07768351923393,0.0385664300243185,0.0835672132906267,4.0401882420282,0.0380385589914719,0.0896870454077037,1.00867425853989,0.00132814248261949,0.0857763679894169,9.25745528268664,0.0313068411806474,0.0870368063109571,1.00288309926358,0.00463318895917486,0.547927186127126
0.0892499875475538,289.599732364216,0.556077525034143,0.0901032609905392,1.00577451078852,0.00932794174251374,0.0615674230543436,2.51246502599404,0.0200299091385858,0.0539381815535814,3.97099851752979,0.0296216449033057,0.0794807547418435,1.00577451078852,0.00156102937442029,0.0440620174410651,1.4455729400936,0.00921193958596895,0.0906977715246398,38.8282025800898,0.0595282599892558,0.0964512125909132,1.00288309926358,0.00276521418187306,0.0975137277810005,2.78683513858361,0.0353608703846408,0.078249175503487,1.00288309926358,0.0051589110877711,0.728643245422478
0.0980639238709387,10.3162712187099,0.226013222469558,0.0863737007931594,1.00577451078852,0.00587309198259115,0.080355035162545,2.31788173275986,0.0317801879492858,0.0948098445041834,3.48847535295163,0.0709004371304906,0.0903399147421572,1.0232988843187,0.00124833944016152,0.0864551535895751,1.89482624889294,0.0317819693192627,0.0897523136363069,1.30701047960937,0.0252348914274924,0.0817378015160121,1.00867425853989,0.00183956390246238,0.0923282109223877,12.0301229939707,0.0389471894973235,0.0811249345972005,1.00288309926358,0.0032132398446519,0.43683213296328
0.0808839850602274,60.9226804384381,0.375561101039276,0.0642840688395907,1.00288309926358,0.0061347041742837,0.0859599560327443,9.94831291991456,0.0540492548447493,0.0931612245247659,22.4692148500539,0.134739544740027,0.0895840623328721,1.00577451078852,0.00176363686513462,0.0864603351096167,1.54898606893921,0.0278031839731474,0.0967492044959757,2.13836836392825,0.0401089835420097,0.0934189598938964,1.01158236655188,0.00236500430098699,0.0897477683703805,2.18818996107018,0.0272214090093606,0.096223389695583,8.1325652583707,0.0164970888772288,0.686243911366204
0.0923349718290619,27.942768084714,0.413470978114851,0.0503585092345524,1.00288309926358,0.00271515873629813,0.0818637246569394,1.08707389011608,0.0193726069199344,0.0969355351385758,16.0435815196353,0.14108781485713,0.0941211736049501,1.00577451078852,0.00165310999649958,0.0356988371624236,1.0808326105459,0.00603723385034623,0.0713258761021402,1.70336542221432,0.0204787410752704,0.0965394345395391,1.46653209822205,0.00377632094865825,0.0961903934329224,4.59902389909696,0.038791221676486,0.0970178011943045,1.00577451078852,0.0104392552085733,0.657822441384047
0.0724505824200833,41.5550796559879,0.275758007803388,0.0562433351534449,1.00867425853989,0.001778468856737,0.0988738817670418,52.9884291843805,0.0891542525345542,0.0905818301675946,2.11388457789867,0.0419853211909381,0.097965374590011,1.00288309926358,0.00130676555077796,0.0812667248279856,10.783461436218,0.0451276989020158,0.0913002671735631,1.2232687477884,0.0245179090786269,0.0950962146826478,1.00288309926358,0.00282947730759801,0.0999052123397899,2.04799000112185,0.0334128246644446,0.0777294406412377,1.00288309926358,0.00595114898704114,0.521821874876122
0.0748161235714523,9.36190111388404,0.148820343700362,0.0885011953529438,1.53125056362849,0.0161281649564232,0.0732012969401101,3.66345594042931,0.031211256061605,0.0993190293884081,9.44591016576076,0.130547085143688,0.090910736340682,1.00288309926358,0.00110040411417112,0.0996417426844286,9.63820144251651,0.074578391998935,0.091261524562759,1.95579274466099,0.0341045108942947,0.0986731549637016,1.00288309926358,0.00292857487689733,0.0850657536102372,6.15102138343189,0.0296745183808936,0.0673671713435239,1.16819913201946,0.00583575755012794,0.474929007677398
0.0759343820270564,16.4299608245213,0.222666524355459,0.0766814772604229,1.00288309926358,0.00693029001362425,0.0437924496427793,2.94352153037066,0.0114048942442223,0.0715240625859913,3.20905081491668,0.0431633433994607,0.0761033753985727,1.00867425853989,0.00161456920436163,0.0512886441011112,1.97275779657863,0.0129969620144108,0.050032232040165,3.82512526006857,0.0131914106234879,0.0954961901076048,1.03813555048354,0.0016602905336211,0.0781565460829254,1.39648494813358,0.0172929731763769,0.0935175282091938,1.00288309926358,0.0115263137915937,0.342447571356618
0.0772773330081453,16.7138422487345,0.23129866476657,0.0846150317900921,1.00577451078852,0.00135091481420299,0.0976334412407486,8.1325652583707,0.0720161317948379,0.0695456127132109,13.6547521301788,0.0633588934715939,0.098656708764695,1.01158236655188,0.00301727680170123,0.0936870000275071,8.1325652583707,0.0618976561851059,0.0927308526173631,10.5076446271293,0.0575934177132984,0.0975825735386441,1.00577451078852,0.00303743436772989,0.0706171290299957,2.2456281019818,0.016482975496582,0.0982542399731746,1.00867425853989,0.0124758182854776,0.5225291836971
0.0950778898309216,52.9688902046567,0.54167720240066,0.0889816540876894,1.21975208146059,0.0152674461075912,0.0975075000119611,9.04667778353943,0.0739157517805778,0.0965241121380293,46.1493981386924,0.159941720480681,0.0974099508242079,1.00288309926358,0.00110454550953734,0.0943059069807487,4.19426304469508,0.053690422104951,0.0654550273792877,7.16496054867685,0.024115420314319,0.0985270504405885,1.00867425853989,0.0025321013896668,0.0582249467409053,2.95200799512719,0.0115940694591751,0.0983072617541466,1.00867425853989,0.0108862303090085,0.894724909856168
0.0866505736150139,19.499983193564,0.307580636925977,0.0933664841378155,1.00577451078852,0.0104545911944685,0.0986712975473347,1.51808232505612,0.0335120122304097,0.0993179869645957,9.63820144251651,0.131895843724034,0.0843665186944834,1.01449885892793,0.00139671686708735,0.0898618766958207,3.51873529007318,0.045614726916874,0.0984711008940777,9.66598933399762,0.0669332327421071,0.0809496250009001,1.00867425853989,0.00156890018509626,0.0651147163025845,1.25537852068667,0.0118837921476138,0.0958910932317933,1.00867425853989,0.0062538159787838,0.617094268912452
0.0412778897538084,4.78600361187276,0.0381524122426739,0.0686142338288448,1.00577451078852,0.00256786822196123,0.0898873179300644,1.70336542221432,0.0321831538346423,0.0522783826834908,1.76324060258228,0.0183332958577955,0.0790947025647755,1.00577451078852,0.0016590472008487,0.0932822391557824,7.65545473146367,0.0610879685239293,0.0674691182707301,1.09650345009091,0.0146751476338751,0.0761308185162341,1.035151107089,0.00134947054396052,0.0994627433757701,1.11882507338448,0.0236550366587895,0.0566035387258032,1.01158236655188,0.0018189357713906,0.195482336489867
0.082430428165766,8.568903128128,0.153463152972221,0.0724915504560198,1.00577451078852,0.00887066159665277,0.0992957772245775,3.59036651349369,0.0589162128623013,0.0984979927739837,7.37423424898408,0.116969579816299,0.0874441702294175,1.01158236655188,0.00195078966795567,0.0992961089615297,1.97844545312916,0.0412500059943974,0.0763949421783687,1.79913505645155,0.0237741875867473,0.0940364934751038,1.00288309926358,0.00278306973451971,0.087992032065827,2.02454102487246,0.0253340092417726,0.0613737925268465,1.00288309926358,0.00176077276826611,0.435072442241133
0.0698948341630194,36.336736003613,0.247909422695287,0.0816561159848612,8.84069935203988,0.0165128432998399,0.0692970832965638,1.669381663546,0.020898642434659,0.0680141441975142,3.42873391662958,0.041194615243512,0.0973126909023775,1.01158236655188,0.00132721571479577,0.0625322401611819,1.63137250428789,0.016959716640426,0.063570417997593,3.65292419736599,0.0207941603980954,0.0949345963657372,1.00867425853989,0.00157078465312287,0.0792654379764939,2.89311263070037,0.022255195904866,0.0594385381043061,1.00577451078852,0.00168076502684049,0.391103362011444
0.0976356335529624,23.8139569614789,0.427768108604904,0.0722072199572329,1.00577451078852,0.00356651053740056,0.0995843598866098,4.30435891208667,0.0633760491692401,0.0758475553826075,1.83576021707557,0.0298315729854786,0.0811329253861967,1.00577451078852,0.00123600748345317,0.09082530758127,2.35148837301477,0.0391724756891903,0.0585145196719892,3.04698957090351,0.01706618213776,0.0906974482896956,1.01158236655188,0.00303205773572125,0.0965800519322636,3.90299369276608,0.03759434788333,0.0675784626940791,1.31077872056062,0.00595941652253747,0.628602728749016
0.0655436599657198,8.4958208841182,0.11553750454144,0.0958431722678134,1.62668261683323,0.0196896425985837,0.0965794390224556,2.86823283751515,0.0502708200136179,0.0469489744482548,1.1988633739507,0.011024520809496,0.0991675186386574,1.00867425853989,0.00295856498909226,0.0854490716300663,3.26496454563336,0.0400654797790912,0.0990123507311457,59.7990347074476,0.0773604305782297,0.0822567771705101,1.02920793476607,0.00162332118526653,0.0921722546511333,8.96887940476934,0.0379202157796938,0.0780697784129291,1.00577451078852,0.00179914416359249,0.358249644438104
0.0480032233340556,14.1227265917572,0.0968624178421651,0.080429558293927,2.2456281019818,0.0140488649875183,0.0901032609905392,1.3804955427344,0.027238720558605,0.0926209708408057,3.61109912366059,0.0702012903946553,0.0977778747286221,1.00577451078852,0.00249364592777117,0.0913359067987664,5.94214829246472,0.0551860216563096,0.0958823620007426,1.65026765861521,0.0332913738534495,0.0990846453362115,1.00867425853989,0.00292905240281997,0.0490063912087638,1.09020803204812,0.0069305376241916,0.0514917143609446,1.01158236655188,0.00271819309061814,0.311900118338104
0.078249175503487,10.9850467975752,0.180599903399277,0.0806369131983835,3.42873391662958,0.014980203339788,0.098070749664398,2.15691712397049,0.0435999295588563,0.0612553299128107,1.669381663546,0.0212288016183095,0.090482953943159,1.00577451078852,0.00157376084953649,0.0658109281033675,1.23033252636976,0.0157136075854464,0.0594217137948396,1.61269369477906,0.0146311793825467,0.0974072810610838,1.01158236655188,0.00353946327102673,0.0529618721918692,2.85998721049474,0.00964556245314386,0.0897145979904578,1.00577451078852,0.00563276842638094,0.311145179884312
0.096223389695583,231.78276227645,0.670231826932841,0.0614646672605963,1.00288309926358,0.00600690599224731,0.0642840688395907,1.45392041663176,0.017177835069661,0.0950472780072994,35.4109260457599,0.149610582373636,0.084044158027438,1.03217524340486,0.00209227928067871,0.097307827108884,2.55624161321588,0.0463787634434344,0.0558218715540956,1.86774606222357,0.0137956698195868,0.0887813496044714,1.0232988843187,0.0023639934755388,0.0460686500256155,1.00288309926358,0.00225519872115261,0.0790570324811784,1.00577451078852,0.00115101059821681,0.911064065706993
0.0970178011943045,22.4280939258186,0.408628171856266,0.0729220203371088,1.00288309926358,0.00593705212411897,0.0885011953529438,4.26734287669584,0.0486640813695525,0.0650135544744092,2.21353437928443,0.0292145606693747,0.0789570737052357,1.17833239331668,0.00184567207148698,0.0724797718575333,1.05622377499757,0.0160909831025705,0.0865724328458572,1.11560866287013,0.0210452706104504,0.0737310539831365,1.00577451078852,0.00180822621681283,0.0611781102884853,1.00288309926358,0.00687508679199941,0.0801481948552022,1.00577451078852,0.00182619597115265,0.541935300783785
0.0777294406412377,14.325782742612,0.214812188099598,0.05190961675286,1.017423759841,0.00485235745204909,0.0811040821281494,1.15815301335288,0.0203481826624142,0.0868488887295826,25.1391209535034,0.113873310496451,0.0958265212884439,1.00288309926358,0.00233200758779258,0.0894791025520354,1.34131840233837,0.0261365450118272,0.0759691285851835,2.98619923379083,0.0285513858490648,0.0978850506915332,1.00577451078852,0.00312680632820962,0.0956233521073642,1.09966477838038,0.0218986012762815,0.093653920873945,1.00867425853989,0.00837712645221459,0.444308511215903
0.0673671713435239,24.5737335188131,0.209829083030665,0.0913298073727186,1.00577451078852,0.0104135859647152,0.0766814772604229,1.21274904899342,0.0196844753853915,0.0713113870819257,1.7230944249062,0.0260227927945299,0.093846027928101,1.00577451078852,0.0024456722304575,0.069040224318985,2.69220128298041,0.024377298558839,0.0947266651816528,7.78884153617836,0.0587276003293706,0.0891078001091288,1.00288309926358,0.00121906152584814,0.046195717191348,1.00288309926358,0.00340613555027608,0.0894225951910263,1.00577451078852,0.0053779881882848,0.361503693558378
0.0853764879754228,22.8808470979844,0.32358040757707,0.0917673308963537,1.87313095952011,0.0184451542699783,0.0889816540876894,3.46844676966084,0.0459522274622736,0.099490108758134,4.20635552139048,0.0879842257405259,0.0872407795649879,1.01158236655188,0.00112625230587584,0.0894538805669317,1.68871705388817,0.031259186185282,0.0881501024576684,3.01210229799636,0.0389154949195937,0.0780539987582548,1.00288309926358,0.00151539546236305,0.0958848822007634,3.22758151346831,0.0353779947830661,0.0933085656231608,1.00867425853989,0.0101997054261827,0.594356044132211
0.0865627885253892,334.993367790803,0.509999737916092,0.0772477249717642,1.00288309926358,0.00715089687687242,0.0933664841378155,1.50070065992818,0.0307884380099693,0.0998324334151578,19.2340622708831,0.157843851865918,0.0934117981022092,1.00867425853989,0.00152361854133595,0.0989703768902889,20.6100250498449,0.0799942742923673,0.0943752927851822,1.96708649096514,0.0363584105408047,0.0871785411930222,1.00867425853989,0.00159239301312131,0.0503981562753361,1.00288309926358,0.00699428412470439,0.0596875115035673,1.00288309926358,0.00123291349112959,0.833478818672315
0.0935175282091938,33.4492990176817,0.455572098374409,0.0626539253741844,1.26991877487462,0.00744367290378261,0.0622983904820642,1.35295334494457,0.0157082938146269,0.0567914513510223,3.45847564108692,0.0305078805290966,0.0864575404340662,1.00288309926358,0.00218544710433728,0.0959955064192567,1.78366310156055,0.0362920954380027,0.0930326437588715,2.32456441587663,0.0387874898327649,0.0768502875817642,1.00288309926358,0.00157709947882266,0.0797339852287295,1.64552345116496,0.0192056759613042,0.0700438675814095,1.00577451078852,0.0044213518397384,0.611701105276885
0.0982542399731746,31.8645412191112,0.496575839925931,0.0933272234215737,1.00288309926358,0.0153787049255989,0.0724915504560198,2.22631645743836,0.0257979748935635,0.0927714816460158,19.4568382303861,0.131755094920086,0.0919452442914985,1.00867425853989,0.00149864705323464,0.0964439018289357,21.0295852575175,0.0749786180262577,0.0824499117560673,1.71320152422168,0.026543456428014,0.0866707492186752,1.00577451078852,0.00227677534625034,0.0883293334300852,1.54898606893921,0.0229990007542919,0.0901093865593526,1.00577451078852,0.00137435250017755,0.799178464773406
0.0983072617541466,23.2761887260476,0.427930504405784,0.0689394608604702,3.23688695135292,0.0103280308488487,0.0816561159848612,15.2772790540943,0.0498760816296326,0.0646439920254691,1.75817161928149,0.0237423580854569,0.0889007555918112,1.00577451078852,0.00143551124891967,0.0656073960191185,1.94456383978917,0.0197956173960441,0.0885344921221859,4.37935702804035,0.0440528799441841,0.0806717349759002,1.00288309926358,0.00144567599489674,0.0874152300570175,1.52684850782001,0.0223996610148702,0.0765899843799599,1.00867425853989,0.00182503010523864,0.602831350673876
0.0958910932317933,10.6454084991609,0.227882667687144,0.0901111130165518,1.00577451078852,0.00983297336943725,0.0958431722678134,4.58580257506987,0.0598851753106063,0.0542626768048905,2.13222095925085,0.0221362326189355,0.0928682535645772,1.00577451078852,0.00129701919809639,0.0807129475911859,6.57210398204128,0.0418116499818743,0.0776625945162426,6.8227347852315,0.0352923467571368,0.0821951833781476,1.05015961695978,0.00226804507375486,0.0755292055846663,1.19541686845759,0.0152062241192398,0.0918304765803905,1.00577451078852,0.00231690157146552,0.417929235687691
0.0675784626940791,26.7713331750551,0.215169216308462,0.0584673017022119,1.00288309926358,0.0051402532914187,0.0922769039119396,2.49804006667886,0.0428103883460358,0.0749291047651107,3.06458444505318,0.04501909436003,0.096901416678095,1.00288309926358,0.00230589525136508,0.0932116146489844,1.81474121907939,0.0350106307234982,0.0858844734718265,1.7683242002651,0.0289470836643771,0.0732622989291258,1.017423759841,0.00144366073396741,0.0630067837111496,2.2456281019818,0.0130347666531281,0.0886390036816608,1.00288309926358,0.00516103623712247,0.394042025569405
0.0514917143609446,7.36558518686128,0.0751990647512749,0.0978361766091968,1.00577451078852,0.00941410612355187,0.080429558293927,5.46618619625777,0.0421128622894412,0.0879333865780343,26.705865146348,0.118757207766124,0.0868689001350216,1.00288309926358,0.0021564401706953,0.0970949736042273,1.441417191251,0.031092028752967,0.0969077798685438,2.0657547958787,0.0392035056959342,0.097281512144565,1.00288309926358,0.00156887563783559,0.0855200379787698,2.22631645743836,0.0246011442284019,0.0674696423837061,2.012917411563,0.00624125825499402,0.35034649367122
0.0897145979904578,10.1410513187878,0.201063128133657,0.0975712261503538,1.27725193454067,0.0189247293754758,0.0806369131983835,7.81129753947542,0.0450472160020719,0.0887376398841295,2.45526020256225,0.0479888177425485,0.0980135426208329,1.00577451078852,0.00174706023659599,0.0774202080946365,12.0301229939707,0.0404353361918037,0.0797878539491293,2.97761447568876,0.0313834912569447,0.0927457859916934,1.15150364314254,0.00333221815878436,0.0979894562502627,3.56975293664868,0.0384571524377896,0.0993669326224621,1.00288309926358,0.00269970446397888,0.43107885399965
0.093653920873945,16.5712936542063,0.319576466344239,0.0924189133636711,1.00288309926358,0.00252279487201489,0.0846605623959251,1.14489244934213,0.0212254013252378,0.0720740516906974,1.8199732981517,0.0279578023844062,0.095608600472169,1.017423759841,0.00140776455630379,0.0992305936397998,2.67674439360146,0.0495885293239578,0.0720637036792506,3.01210229799636,0.025539323200312,0.0885711737285888,1.01158236655188,0.00218278008806081,0.0874647647830526,3.28381811862624,0.0287376346114633,0.0588114413972397,1.00288309926358,0.0012041690905275,0.479942665796523
0.0894225951910263,9.63304674477083,0.190060607237103,0.0653759417993551,1.00577451078852,0.00438501758920702,0.0614646672605963,1.5896456468007,0.016775183263245,0.0711067409406472,13.8926692519835,0.0662992393805173,0.0805299914110679,1.00288309926358,0.00171702306270098,0.078255705862929,1.0232988843187,0.017279946064404,0.0783165914047438,6.92165665438525,0.0361907602461812,0.0965258683411042,1.00867425853989,0.001011456384953,0.0663434914859671,3.63195145450856,0.0156189062004996,0.0823960084310321,1.00867425853989,0.00287534795249131,0.352213487381302
0.0491148084162871,7.28194525201041,0.070260031642268,0.0728428533964673,1.19198027101602,0.00993682704474597,0.0729220203371088,1.07153781450759,0.0165550957335255,0.0666795720170481,25.7248344244728,0.0608979854419994,0.0972130821978619,1.00577451078852,0.00274822566249203,0.0489376507605257,1.56692699337341,0.0111567544857397,0.0816861948020871,6.13333836012256,0.0389956527044192,0.098818869370776,1.01158236655188,0.00336938996397214,0.0597657247607293,1.17494491051044,0.00996715894956083,0.0763679232834556,1.00867425853989,0.00400689334785568,0.227894014976578
0.0933085656231608,24.7851202245534,0.398283368404425,0.0844428090552683,1.62668261683323,0.0147225021897738,0.0816632148953419,1.12853005133194,0.0199876749275384,0.0846807212658256,4.65229147967714,0.0705007728231052,0.0985084906690519,1.00288309926358,0.00107875070200735,0.096924916430029,2.90145376159538,0.0492162637654029,0.0592555521854526,1.37256962462899,0.0135579743002492,0.096077679803551,1.01158236655188,0.0016673411026439,0.099246126040054,10.7524610237587,0.0468851110940383,0.0962021522295255,1.00577451078852,0.00798410719088581,0.62388386650007
0.0295273514757686,6.95677600844822,0.0357178946300908,0.0656065528425351,1.00577451078852,0.00375511776468092,0.05190961675286,1.70336542221432,0.0131375645749492,0.0880140203479792,17.4405585739443,0.112408495188744,0.0796455403034219,1.00577451078852,0.00154677449789192,0.0892898118234099,2.9350594625955,0.0419826095183469,0.0936559472580005,2.2071708865269,0.0384007690604694,0.0903035560919821,1.00288309926358,0.0021095487260103,0.0803307307814567,1.00288309926358,0.00862099321143437,0.0607344272115823,1.00288309926358,0.00161824998891562,0.259298017161533
0.0759042754231121,22.6857015086642,0.256449330955579,0.0810002187691308,1.00577451078852,0.00251739214015246,0.0913298073727186,1.54898606893921,0.0306592434504727,0.0829087082462952,2.65372529430481,0.0471662918585398,0.0964766710876426,1.00867425853989,0.00239227802381438,0.0679484215507695,2.04799000112185,0.0215757054323094,0.0946779284057727,5.56142771178757,0.0546535200831426,0.0856486864451373,1.035151107089,0.0016852324172541,0.0753902663527239,1.86237664548846,0.017952446601469,0.0528349499039586,1.00288309926358,0.00269862961935168,0.437750070582085
0.0700438675814095,10.4945186167053,0.148748881123899,0.0872517484205882,1.1817296425721,0.0144236029194811,0.0917673308963537,5.20510035615579,0.055964184686233,0.0825658860709921,28.3702534600969,0.101523230706021,0.0884703018640466,1.02035709353375,0.00128826436372677,0.0940389829605152,3.19062650772569,0.0482775419918476,0.0475227628943768,1.00288309926358,0.00750917216200738,0.093426896675175,1.01158236655188,0.00257910989971094,0.0894157271912966,11.2269700901773,0.0354831309633683,0.079626081159641,1.00577451078852,0.00389867825462092,0.419695797070916
0.0784448334400901,8.30396773628634,0.140586147313219,0.0695598577100651,1.00577451078852,0.00412698126714469,0.0772477249717642,1.2517695448338,0.0203795381052145,0.0842158427484974,4.31676880609627,0.066884670657535,0.0856844609463238,1.02035709353375,0.00118349402158138,0.0958571794122314,2.04799000112185,0.0398148467941123,0.0813083030167121,9.86276078296599,0.0412283605152621,0.0901873505294805,1.0232988843187,0.00266808262436007,0.0894216888364758,2.13836836392825,0.0267980712573504,0.0556730732487799,1.00288309926358,0.00204710974730666,0.345717302303086
0.0740240263990895,7.57891218295399,0.119674328355184,0.0973335611811981,1.00577451078852,0.00423260425232824,0.0720674056066698,1.41673238639154,0.0201650311009535,0.0916632949198206,21.2120013170279,0.127930028097258,0.082764882000721,1.03813555048354,0.00167036586815822,0.0988797421188636,1.80952418124502,0.0384204407519767,0.0885328266809332,1.1481932879197,0.0222670295597341,0.0977209223437112,1.01158236655188,0.0010554855120219,0.0773427532831481,1.00288309926358,0.00176121597371627,0.0990923475606376,1.00867425853989,0.00188867619142944,0.33906520566276
0.0886390036816608,9.25559200477995,0.180691676608697,0.0520669024097014,1.00577451078852,0.00147836801582325,0.0626539253741844,2.78683513858361,0.0213019831215069,0.0891385437667949,17.7444386780296,0.116788354610292,0.0948579393871498,1.00577451078852,0.00182697508995996,0.090881835037138,1.09335121002246,0.022005735432719,0.099260977017875,1.23387969717049,0.0275148696946811,0.0961667229890547,1.00288309926358,0.00207590675429883,0.0927627002448557,15.1458996051004,0.0400048383324235,0.0872124664051183,1.00867425853989,0.00373575484639761,0.417424462506799
0.0674696423837061,33.5449371641478,0.227340370453094,0.0691024602974026,1.00577451078852,0.0036633437241662,0.0933272234215737,2.80292774815717,0.0463027689436678,0.0927976495933671,7.56780167843215,0.104421393862497,0.0840361304005747,1.00577451078852,0.00105501217747869,0.0865592901394208,1.8570226648111,0.0314545662250338,0.0817085894912985,1.04714060664789,0.018453168760484,0.0840989982618828,1.017423759841,0.00146917612191357,0.0942915380665378,2.38558227120577,0.0310930616068488,0.0530609872756077,1.00288309926358,0.00197452000117442,0.467227381876358
0.0934210159143479,10.3457674738415,0.215042949009889,0.0778362466719755,1.00288309926358,0.00330628235758704,0.0689394608604702,6.06311316104581,0.0303896862360987,0.0924672266343914,6.20437693319619,0.0952922322585285,0.0942906546033918,1.02920793476607,0.00254827108340699,0.094379115974526,5.99369202303595,0.0595873924210589,0.0685607140766304,1.73304445225245,0.019296006617341,0.0905393934746327,1.00288309926358,0.002184161567958,0.0894058720641656,1.30701047960937,0.0216794171251171,0.0803057714112664,1.00288309926358,0.0042751479499459,0.453601546626931
0.0920085414097207,371.257156839999,0.607078446229211,0.0908538692505068,3.18145405986858,0.0198559321355168,0.0901111130165518,1.47500060364494,0.0288299160954872,0.0792380313511492,2.42017049201696,0.0409755995772499,0.0988344656243594,1.00577451078852,0.00199845511799822,0.093793008493349,45.8844379566866,0.0719694178779551,0.0922884934371747,5.75691805285236,0.0515565616879589,0.0984629213164519,1.00577451078852,0.00325078428676713,0.0983763845586985,3.21830282695794,0.0376758305363108,0.0875531930772668,1.00867425853989,0.00779571134447842,0.870986654888934
0.0763679232834556,7.97859072257112,0.130850757424159,0.0755599630562007,1.00288309926358,0.00614795432891783,0.0584673017022119,1.32214875407135,0.0140446336578945,0.0830126191931928,6.25819530279368,0.0768950948343677,0.0813401382843904,1.04413027541975,0.00153163848515089,0.0705248108580259,1.52684850782001,0.0199118831293918,0.0757777324521711,1.90576794350953,0.0239632546783953,0.0975788687348041,1.00577451078852,0.00159675640786247,0.0739462451367515,2.52697328239242,0.0186068077812478,0.0659873414982757,1.00577451078852,0.00455001168588158,0.298098792413269
0.0962021522295255,14.4903277225333,0.302604182042164,0.0959279383338733,1.00288309926358,0.014370300862823,0.0978361766091968,1.25537852068667,0.0275101973755744,0.0720679289554308,3.53905426496764,0.0461495740699659,0.0851058527766742,1.035151107089,0.00107814070615539,0.095000506682728,2.04799000112185,0.0391238098898135,0.0799140610489184,3.29328569222577,0.032601224222048,0.0897197372117981,1.0232988843187,0.0022626396686181,0.0467326951028427,1.00288309926358,0.00423719484744047,0.0641909553653048,1.00288309926358,0.00288030310490563,0.472817566789508
0.0371250541118648,13.6860767606747,0.0644579630842741,0.0818533232047233,1.00288309926358,0.00524995446025025,0.0975712261503538,3.6952337044061,0.0574751747446497,0.055916859443849,1.77853540743712,0.0200963118943621,0.0867243243258343,1.03217524340486,0.0022552004908858,0.0943083286611767,17.3904202660819,0.0698500635387556,0.0889168492587571,1.25899790157518,0.0241580777523294,0.0850464762539408,1.01158236655188,0.0019598803559684,0.0646061959437347,5.56142771178757,0.0153910131613095,0.0999611287738992,1.00867425853989,0.00880565231354682,0.269699291796332
0.0874870158353731,334.038286413928,0.525384267922957,0.0816359487000514,1.00577451078852,0.00514259964433483,0.0728428533964673,2.98619923379083,0.029157126305364,0.0981746483479969,9.66598933399762,0.128570007074446,0.0978648767155388,1.01158236655188,0.00291602651615211,0.0858045916663335,1.37652687910296,0.0252257606474469,0.0911662834110606,1.68386231169735,0.031084129500762,0.0921442238459906,2.85998721049474,0.00342465077089948,0.0869449702957746,1.01449885892793,0.017737095117675,0.0752765510718383,1.00288309926358,0.00335317564434188,0.771994839144379
0.0528349499039586,6.97666680384205,0.0743542288133437,0.0928711097198834,9.12515100556096,0.0231096430754788,0.0844428090552683,4.39198314906283,0.0442352808718901,0.0815357842858131,27.485888313414,0.0982771581412027,0.099247632722316,1.01158236655188,0.00109259026750384,0.0687904604469202,2.66904925964653,0.0241592009577929,0.0873474007943224,1.64079288241399,0.0284524908252499,0.0927325223826303,1.01449885892793,0.00304520012728315,0.0877790438050425,2.54889290196729,0.0271427326551888,0.0773303113129528,1.00867425853989,0.00193641600055688,0.325804941735491
0.056815999840727,14.7828421851443,0.129391321047944,0.0925568923420601,1.00577451078852,0.0132957188779757,0.0862039862992477,2.80292774815717,0.0395267438329592,0.0829577534942177,2.44116367657533,0.0439332425754885,0.0929553880880285,1.03813555048354,0.00193572319042667,0.0981299609727877,6.11570617216135,0.06586488338507,0.0927492083467236,4.32921447906216,0.0487246385115165,0.0928930151912594,1.0232988843187,0.00326435055156924,0.0516438752335849,1.37256962462899,0.00805844898091797,0.0794582031208364,1.34518555643637,0.00858484016338044,0.362579911117248
0.0476735296827214,7.15826280015886,0.0667548481521253,0.0976772335422338,1.00288309926358,0.0152723818847651,0.0872517484205882,3.28381811862624,0.0432935434449405,0.0536235652106122,11.0347040567755,0.0359319706609315,0.0907757687063171,1.00867425853989,0.00163669120118925,0.0766252233296265,3.15409462760941,0.0315067261834132,0.0557686969857123,1.00288309926358,0.002036859384271,0.099381159359357,1.00867425853989,0.00213463067829528,0.055395256531067,1.00288309926358,0.00501545341276583,0.0847009084180278,1.00867425853989,0.00636802995744968,0.209951134960147
0.0803057714112664,8.20967199428533,0.142435160073083,0.0456776682005554,1.04413027541975,0.00399976494652988,0.072837978956161,1.62668261683323,0.0223457518476827,0.0721066541046623,1.92784124639408,0.0296147823033406,0.0968003189074126,1.01158236655188,0.00188029503390892,0.0667115013236821,1.62200621191813,0.0188359299280714,0.0863913186352923,29.5370822190252,0.051828490823466,0.0872611737691978,1.01449885892793,0.00130272823662034,0.0588419022180725,1.4455729400936,0.0103460618473406,0.0935270319401786,1.00288309926358,0.00618168251081058,0.288770647550854
0.0889423041940935,20.3532451847145,0.330817891585526,0.0724458853839004,1.00577451078852,0.00458703093859982,0.0760367919936953,1.1817296425721,0.0190267458412809,0.0482871725423003,2.67674439360146,0.0212296048476085,0.0970332842657249,1.01158236655188,0.0012818519372997,0.0326691033201241,1.26262771749805,0.00565403645704933,0.0827163848370701,1.3490638599235,0.0229672923449942,0.0975732349856613,1.00577451078852,0.00361335814356346,0.0800078260409633,1.00288309926358,0.0118606458528956,0.0870289207566548,2.51246502599404,0.0116181393543607,0.432656597303178
0.0875531930772668,17.3954538600703,0.294468428451498,0.0914249783319694,3.24621921773864,0.0203613629847696,0.0967862557269604,66.9046593948815,0.0842068778595095,0.0789491329798288,37.0802185815206,0.0928523601541476,0.075940261993,1.00867425853989,0.0015544949035878,0.0682629254941592,1.04413027541975,0.0147115937317218,0.096855309072347,2.34472828861258,0.042194556429729,0.0992337130842779,1.00288309926358,0.0037411378374966,0.0994855703661376,9.58286508470002,0.0469255053900224,0.089373125312637,1.00577451078852,0.00247433971059676,0.603490657453079
0.0659873414982757,12.706910300011,0.154304973921031,0.0990267228675448,1.13178371549186,0.018559305952241,0.0908538692505068,8.27426512232383,0.0604091012488886,0.0919489677334004,4.50726900243269,0.0803429050542298,0.0992588276868092,1.01158236655188,0.00224034958928416,0.0978561383851941,9.61049343596866,0.0711935721964879,0.0828212390261115,1.19198027101602,0.0209146011356311,0.0947300630437173,1.04112859832463,0.00350460139370946,0.0746111629828103,1.00288309926358,0.00929506512738659,0.0623556163102244,1.00577451078852,0.00239971418679369,0.423164189805683
0.0641909553653048,6.20596822410324,0.0821996815693885,0.0572266147547795,1.01158236655188,0.00184562375948831,0.0755599630562007,1.06538573309788,0.0172195821322069,0.0765889951117506,5.14550325140415,0.0609804810714079,0.095407259294493,1.035151107089,0.00161124072602797,0.0923349511429088,14.3810119566121,0.0645049409910718,0.079783161419612,2.72338334507132,0.0304502193666872,0.0860400278481382,1.02035709353375,0.00256523331241607,0.0522862300006051,1.00288309926358,0.00259853696032134,0.0943624842689411,1.00577451078852,0.00900879932416071,0.272984339213177
0.0999611287738992,15.5180551692839,0.33808208035596,0.0824068789712858,1.13178371549186,0.012597621156608,0.0959279383338733,2.2456281019818,0.0431256054582093,0.0237458679702074,1.78880557933512,0.00674028108593003,0.0945764236290466,1.00288309926358,0.00133619240798815,0.0994339299336176,10.1800975118018,0.0751426716654073,0.0473760548393555,2.23917234584048,0.010896428989374,0.0867444442834698,1.0232988843187,0.00192230053804711,0.0999398805549521,2.63848930932274,0.0368259767104955,0.0865041188473406,1.00577451078852,0.00609326246007197,0.532762420828091
0.075431883228426,20.4114391290183,0.24355797861021,0.0835220061144578,1.00288309926358,0.00911205249140156,0.0928711097198834,18.4742425689144,0.0706605192789058,0.0936377662781963,4.12243473196511,0.0782673163000188,0.0935408792213976,1.12528574084121,0.0028779857753613,0.0706005053316824,1.12528574084121,0.016318413877091,0.0731412280699393,1.9841495077581,0.0230120296450903,0.0949525606849799,1.00867425853989,0.00133438826546533,0.0977475841444707,6.09812467340626,0.0420338341046875,0.0616721848105886,1.00288309926358,0.00280430730250932,0.489978825650741
0.0794582031208364,37.4960477563908,0.32854644951358,0.0838896831091919,1.38846722913941,0.0140133892861679,0.054840513650982,3.72728711692345,0.0177531807335622,0.0440620174410651,2.49085867387056,0.0178904666484134,0.0798211836960339,1.00577451078852,0.0016245342625729,0.0986479902268111,2.31121826109334,0.0451199260372401,0.0875506966805342,12.2397329678754,0.0505048368955142,0.0947045416766055,1.03813555048354,0.00209903252595235,0.0870592024519655,1.16484078042324,0.0193347330266205,0.0690140632522321,1.00577451078852,0.00221670695403688,0.49910325588366
0.0847009084180278,13.187408758242,0.232814924978134,0.0674107858010292,1.00288309926358,0.00267351793554572,0.0925568923420601,2.17562678075294,0.0397399361908823,0.0864551535895751,3.72728711692345,0.0643129141680289,0.0949176577885077,1.00867425853989,0.00212020363666297,0.0789011252549654,5.75691805285236,0.0387381484640532,0.0456310221208175,1.16819913201946,0.0084005486607587,0.0804481797246573,1.00288309926358,0.0018679926653687,0.0581650003639503,1.00288309926358,0.00286737916486135,0.0868004415544642,1.00577451078852,0.00746414595043449,0.40099971181473
0.0935270319401786,10.7984678719436,0.224767630215451,0.090635916487576,1.38447564841702,0.0164997943671737,0.0976772335422338,2.37188579111585,0.0459677785410406,0.0748892610186929,1.92229906736858,0.0308642547220678,0.0913572182525826,1.01449885892793,0.001973292959673,0.0330553008988061,1.017423759841,0.00529657865818234,0.0593546637514739,1.00288309926358,0.0039730845308691,0.0956115609515232,1.00288309926358,0.00171174799376414,0.0520331502551435,1.16484078042324,0.00782252852354481,0.0740870972406132,1.00288309926358,0.00628153490388474,0.345158225415651
0.0870289207566548,68.2932020177604,0.459537526308424,0.0981691695861917,1.00288309926358,0.00734652505242608,0.0456776682005554,1.59882507273807,0.0104513142150941,0.0864603351096167,3.07341994620988,0.0561292761265873,0.0765411728712106,1.00577451078852,0.00157657164242807,0.0863115784909865,2.10780755947618,0.0335888466915316,0.0790056228413677,3.75961856902805,0.0329650766174954,0.0874307996388364,1.01158236655188,0.00236016162834524,0.0900850283944044,7.54604567969013,0.0351467130085452,0.0896480969857387,1.00288309926358,0.00631906520173803,0.645421076492615
0.0943624842689411,18.3128136904702,0.346854853495879,0.090505059751383,1.27725193454067,0.0160466500984718,0.0914249783319694,8.44270511134198,0.0620015546095479,0.068245023650458,1.83576021707557,0.0264351474966999,0.0837001172234167,1.035151107089,0.00120015411538397,0.0720353414705065,4.08698318318596,0.0297438016660186,0.081586889738211,3.00344307348301,0.0331615488033089,0.0925682090591328,1.00577451078852,0.00187167115924455,0.047108031753269,1.00288309926358,0.00210648958041102,0.0946652778380167,1.00288309926358,0.00817055010069849,0.527592421125664
0.0865041188473406,11.8653589370175,0.220949267130482,0.0730038402576658,1.00577451078852,0.00113507220900467,0.0990267228675448,3.28381811862624,0.0563238406714442,0.0356988371624236,1.80432214140788,0.0113606741694621,0.0922201050592077,1.0232988843187,0.00193456791074698,0.0746679884531736,3.70588742997801,0.0311989039675533,0.0515709317649433,2.39935784176774,0.0128564756513249,0.0837702089735219,1.0232988843187,0.00206601286886528,0.0993166811979672,2.66137624774655,0.0364531452429593,0.0857753382639241,1.08394875824941,0.00984692560113698,0.38412488542298
0.0616721848105886,6.20596822410324,0.0789178516670224,0.0911596297642807,4.49431145638251,0.0210708652625879,0.0363548400371681,1.12853005133194,0.00651210682850169,0.0812667248279856,16.3701822092467,0.0917626534234644,0.0835063571056663,1.0232988843187,0.00133871526679345,0.0700808154660985,1.28833114804146,0.0178458885690031,0.0827198126800029,5.07196553857306,0.0388130196188572,0.0972970806756408,1.00577451078852,0.00298005480358727,0.0969961743616532,6.20437693319619,0.0415807894759704,0.0883632830502483,1.00288309926358,0.00131284559148059,0.302134790507268
0.0720167864895215,10.5847939392166,0.156348587521316,0.0936252342093157,1.37652687910296,0.0177809919832118,0.0824068789712858,3.03823005207779,0.03754045021945,0.0996417426844286,16.0898367576997,0.152337374452355,0.0814299475137949,1.05015961695978,0.00138213089788265,0.0610506198496598,1.05318733137807,0.0127128517888982,0.0542495859145555,1.07772542117776,0.0104610000558604,0.0904562988881327,1.01158236655188,0.00209642697724797,0.0683288566220706,7.08292353206951,0.0177034419321651,0.0958537372524442,1.00577451078852,0.00768178714590213,0.416045042974289
0.0868004415544642,16.3831182565332,0.280149989926585,0.0520081132789392,1.00867425853989,0.00147020032312336,0.0835220061144578,1.53125056362849,0.0265585215482515,0.0512886441011112,3.39924796097488,0.0256755695978222,0.093360636560214,1.00577451078852,0.00123704770099276,0.0964626406713943,16.5597876601153,0.0737719267569369,0.0969619163584959,6.13333836012256,0.0595785343943573,0.0734090413545962,1.00577451078852,0.00163199279362643,0.0868816404209977,3.02949571521225,0.0276432221486154,0.0843815775398147,1.00577451078852,0.00491769745710438,0.502634702647415
0.0756382047295509,25.5029634252175,0.265846362730553,0.0870626004532014,1.25899790157518,0.0147443417675267,0.0838896831091919,3.77045792255574,0.042001089531762,0.0936870000275071,13.7731969804542,0.126255406471638,0.0918236632045486,1.01449885892793,0.00194575514960759,0.0986952302031173,11.3570049730287,0.0746433372258888,0.091548449118928,1.09966477838038,0.0222920948936682,0.0952704449695265,1.01158236655188,0.00311147241909074,0.0776784204136689,1.00288309926358,0.0109867637648202,0.0867706512268814,1.00288309926358,0.00570547981440285,0.567532103768958
0.0740870972406132,19.0052934936946,0.22907969165938,0.0767173589468698,1.00288309926358,0.0102382707177659,0.090635916487576,3.90299369276608,0.0498349685541088,0.0943059069807487,7.83381828565906,0.109374618193138,0.0993034177788337,2.76286929599819,0.00354110419204417,0.0683128222654949,4.55947384416678,0.0271355623810624,0.0994089246902034,5.95928009583079,0.0625257593553549,0.082524834831123,1.00867425853989,0.00152508718434,0.0906320437851338,2.80292774815717,0.0299552167428814,0.0994825865744621,1.295770630155,0.0146544197081888,0.537864698688264
0.0896480969857387,11.7641619641806,0.23070041346053,0.0794336632448868,9.36467852310833,0.0154509217880028,0.090505059751383,3.61109912366059,0.0484072537349112,0.0898618766958207,6.66739199053658,0.0927643814994795,0.0997363598744097,1.00867425853989,0.00264892224484599,0.0969239702728656,19.2340622708831,0.0755385227449655,0.0834235188593058,1.62668261683323,0.0262637438604336,0.0933484496660627,1.02035709353375,0.00166473490695061,0.0361264888735385,1.00577451078852,0.00182259399527236,0.0855582170998878,1.00577451078852,0.00783953667902378,0.503101024914415
0.0946652778380167,15.473812485928,0.310655599320667,0.0788308800629806,1.00577451078852,0.00196362429752573,0.0911596297642807,12.3104114379469,0.0642369727451401,0.0932822391557824,13.8527304550101,0.124590026168536,0.0853038971062711,1.13504676028852,0.00224235124892059,0.0937889251953875,1.23743709481674,0.0258372667378396,0.0715981448611693,1.26262771749805,0.0175222080889282,0.0984780658215893,1.00867425853989,0.00194154232786516,0.0941868490502998,2.85998721049474,0.0327358816473559,0.0854913859647134,1.00288309926358,0.00114628304739773,0.582871755630176
0.062784848100415,34.9129420987608,0.19875160044845,0.0925351073457026,1.00577451078852,0.00988856934995925,0.0540088765641538,1.53566531100084,0.013399483563503,0.0992961089615297,3.95958264771409,0.0837869441475675,0.099056785126396,1.19541686845759,0.00337585963477927,0.0572041919164476,1.0808326105459,0.0117979044137721,0.0964512125909132,2.45526020256225,0.042656971843612,0.0987108539432534,1.00577451078852,0.00321735423902897,0.0994896792424628,1.11560866287013,0.0235659890565601,0.0994201872675983,1.00577451078852,0.0092700738562622,0.399710750553494
0.044453052239876,23.8820457636572,0.0978885794458082,0.0782375076743875,1.03813555048354,0.0110111092841112,0.0936252342093157,3.99392909131044,0.0538716185772426,0.0625322401611819,3.06458444505318,0.0338262353626943,0.0916457343032895,1.017423759841,0.00111557607887691,0.0586487956228663,5.5136013085513,0.020410511467632,0.0817378015160121,1.21274904899342,0.020812717462239,0.096275024375055,1.00867425853989,0.00272741626271489,0.0913553126997874,1.00288309926358,0.00415034159239799,0.0969080257248826,1.00288309926358,0.0010844386119737,0.246898544145691
0.0857753382639241,34.9129420987608,0.383048798306083,0.0898327659005212,4.65229147967714,0.0202527625803872,0.0870626004532014,3.51873529007318,0.0443040905004265,0.09082530758127,4.59902389909696,0.079513842042539,0.0864667988832355,1.02920793476607,0.00134394092793595,0.0967441241307131,1.30701047960937,0.0282798734467004,0.0934189598938964,1.75311720834914,0.0332124908787489,0.0979032946853861,1.00577451078852,0.00340879893718602,0.0807726709928366,1.86774606222357,0.02060189366154,0.0925907894814855,1.00867425853989,0.00925692126661296,0.62322341254816
0.0958537372524442,13.764451032765,0.289548685127505,0.0799293615135426,1.00288309926358,0.00281094267339377,0.0767173589468698,2.47655776434198,0.0301068803436459,0.0854490716300663,6.20437693319619,0.0813505890910853,0.0936301890323019,1.02035709353375,0.00111221250157818,0.0651514366336671,1.68386231169735,0.0183586944719989,0.0947779628465034,1.20926262481036,0.025489260269978,0.0950760522501887,1.13831921276723,0.00356205757551635,0.0934463177599676,2.33798763817471,0.03046702362815,0.0977768885025066,1.00577451078852,0.00812562900300185,0.490931974685853
0.0843815775398147,9.22920388965391,0.170183247728586,0.0870194702225563,2.42017049201696,0.0171709621612633,0.0872561969720818,1.24458268867087,0.0238486827744145,0.0913359067987664,11.0665182039154,0.112450794543091,0.0824371980169055,1.02920793476607,0.00129524596062037,0.0920258164407336,1.035151107089,0.020992390718965,0.0965394345395391,14.7585013912184,0.0665178984934099,0.0962460436610567,1.02035709353375,0.00199334643579869,0.0904471335762604,1.00288309926358,0.00358783301092553,0.0553942920737012,1.00288309926358,0.00278232206559165,0.420822723892666
0.0854512323098095,30.6159827474815,0.361116232614086,0.0899074859780105,1.32978351631576,0.0161401903482391,0.0794336632448868,15.4542261000141,0.0465303015238445,0.0658109281033675,2.37188579111585,0.0312632156018841,0.0835601550807247,1.02624915657849,0.00180550624429115,0.0582265743564002,4.39198314906283,0.0194715370075044,0.0871124596621687,14.505756572389,0.050572698918436,0.0893751388708136,1.017423759841,0.00181059594945364,0.0872736056337522,3.75961856902805,0.0291974338825057,0.0700506900840445,1.00577451078852,0.0037192193125574,0.561626931402802
0.0867706512268814,10.7676809473209,0.204203122711363,0.085865436009576,1.23743709481674,0.0142552000060713,0.0580861944946926,1.19198027101602,0.0131149050728446,0.097307827108884,4.98510624458552,0.094335865718882,0.0849335979583025,1.01158236655188,0.00146272211025693,0.0774635501069127,4.91386086905364,0.0359531205680039,0.0678977632824702,1.69358579278262,0.0187763174432403,0.0736253652473374,1.02035709353375,0.00114939042602619,0.0792072613960973,1.00288309926358,0.00726970748080791,0.0960853165689308,1.59882507273807,0.0139741013423133,0.40449445287981
0.0419396298219681,5.22891808613936,0.042965423997318,0.0908918700248971,1.00577451078852,0.00624148956157633,0.0925351073457026,1.42081696649143,0.0290050815135702,0.0724797718575333,2.08367368705817,0.0320394084268779,0.0924458524064119,1.00867425853989,0.00221680182722449,0.055697619452126,3.41887695499837,0.0171868675278945,0.0950962146826478,2.80292774815717,0.044173505784024,0.0800859857196591,1.00288309926358,0.00180611364180954,0.0803115494973129,1.4249133228412,0.0183936067589152,0.0940085988105219,1.00867425853989,0.00581648134677045,0.199844780385981
0.0994825865744621,49.0390337791194,0.590657342705585,0.0587218539976934,1.00577451078852,0.00514761905185571,0.0782375076743875,2.76286929599819,0.0325418511691176,0.092338901924334,64.0769269600819,0.144343125486464,0.0821399448272305,1.04714060664789,0.00107994194727291,0.089508658307439,2.21353437928443,0.0369716109221929,0.0986731549637016,2.63848930932274,0.0465120914902024,0.0918045817432874,1.00577451078852,0.00155430990472037,0.0759480836420094,1.00288309926358,0.00649283516557905,0.0845755447502176,1.00288309926358,0.0010891210090511,0.866389848852041
0.0855582170998878,19.0596333781215,0.296360997367899,0.0933552174324766,1.00577451078852,0.00735093137398013,0.0898327659005212,11.5882005855279,0.0616593889519047,0.0894791025520354,2.67674439360146,0.0527013028084173,0.0857855027320074,1.02624915657849,0.00204377837695206,0.0757351882081566,1.36076598863131,0.0207714191276661,0.0975825735386441,3.15409462760941,0.0490810470260741,0.0902686786074618,1.01449885892793,0.00270841997874041,0.0865333736881063,3.65292419736599,0.0285438455584827,0.0777684470193146,1.00577451078852,0.00617652699867148,0.527397657568788
0.0994201872675983,16.9541533849002,0.358137826306742,0.0873532096486111,1.00288309926358,0.00173945432084867,0.0870194702225563,6.34893199363231,0.0519496068094598,0.0125871334905534,1.03813555048354,0.00233360355102404,0.0846153664893404,1.017423759841,0.00204616547062942,0.0789623938337086,3.73803325566538,0.0353245882734238,0.0985270504405885,1.80952418124502,0.0371557850068862,0.0970471811161777,1.00577451078852,0.00246091315424271,0.0957672799892052,4.27964604980107,0.037506685452805,0.0752575261444334,1.00288309926358,0.00672470558380435,0.535379333929866
0.0925907894814855,20.4697994612923,0.357569840172727,0.0954735718153179,1.00288309926358,0.00199978850747807,0.0899074859780105,3.81412874828321,0.0487019695903425,0.069040224318985,4.81582467568853,0.049082852717612,0.0947257714481694,1.01158236655188,0.00211731934132328,0.0579483378958585,5.59354223610883,0.0199461205262308,0.0566276747441923,5.23515726431772,0.0173421991245575,0.086460372476511,1.00577451078852,0.00131199591168321,0.0447027237601688,1.00288309926358,0.00487112613715881,0.0955931527071328,3.13598584352336,0.0152995920372922,0.518242804066405
0.0977768885025066,14.4078203355768,0.30871571057656,0.0874744615952087,1.00577451078852,0.00697773841013145,0.085865436009576,3.42873391662958,0.0427629589232382,0.0894538805669317,3.35066711121492,0.0632376443129095,0.0999486666703877,1.00577451078852,0.00236431192586201,0.072409573877561,1.65026765861521,0.0217366971054541,0.0940364934751038,2.78683513858361,0.0430783418175742,0.0995302968700313,1.00288309926358,0.00267099777466915,0.0657327174565219,1.00288309926358,0.00267073348203954,0.076543305791006,1.00577451078852,0.00177803009552837,0.495993164423967
0.0553942920737012,6.89744323339303,0.0779684333353266,0.0740561583707127,1.00577451078852,0.00517987618329883,0.0587218539976934,1.30701047960937,0.0140678408483125,0.0702557775291902,30.2252632807581,0.0694368889338509,0.0855551640156496,1.52245910708953,0.00227977675121711,0.0987787284328425,1.64552345116496,0.0356353716971897,0.0475648320002579,1.43314150019665,0.00969100762716926,0.0837924336522035,1.01158236655188,0.00212189727540163,0.0889675088799464,12.169460288151,0.0352040538462434,0.0990746536819874,3.33142973427318,0.0168550193575217,0.268440165855532
0.0700506900840445,7.97859072257112,0.118427739028317,0.0982506546743549,2.11997911696849,0.0225716399940166,0.0505349338916733,1.09020803204812,0.0101533993401145,0.0989703768902889,28.6988481348414,0.163476859624074,0.0891888252265679,1.0232988843187,0.00231177413489412,0.0984622510757376,3.15409462760941,0.0528177866535811,0.0906974482896956,5.41917883794353,0.0489541648547786,0.0926213179126328,1.00867425853989,0.0012736744250947,0.0958905313399675,4.65229147967714,0.0384925020739518,0.0684076710602238,1.00288309926358,0.00320528372708866,0.461684823855911
0.0960853165689308,56.8879022311707,0.561278231151293,0.0486064318400207,1.00288309926358,0.00377181520591908,0.0874744615952087,1.035151107089,0.0198339703332909,0.0959955064192567,3.55949057200184,0.0735894235713464,0.0776776705878819,1.00288309926358,0.0016779925660197,0.0795441498230723,3.92553157195246,0.0361640518625239,0.0990846453362115,2.61579919085284,0.0465233605385245,0.0817797480076308,1.3490638599235,0.00242404671155704,0.0987594521588231,1.61734325078285,0.0292987067000374,0.0892488244032725,1.54453302690677,0.0115605810660204,0.786122179706532
0.0979749470756632,11.7977980246669,0.259407316131429,0.0974880245541558,3.86942926293753,0.0245421228930841,0.0982506546743549,6.20437693319619,0.0689654410770386,0.0964439018289357,31.018650949241,0.153160566622189,0.0878275273381254,1.00867425853989,0.00147682781829952,0.0695618983995616,1.669381663546,0.0204334267662967,0.0974072810610838,6.57210398204128,0.0609283367793918,0.0779361939771428,1.00577451078852,0.00159414499352022,0.0782662278928198,1.54898606893921,0.0181156893124082,0.0852554884120517,1.00577451078852,0.00397352944070718,0.612597401834364
0.0940085988105219,9.99731028324292,0.208996652572825,0.0852142013353775,1.08707389011608,0.0134267102160437,0.0486064318400207,1.11240149892777,0.00973311640221079,0.0775077480972408,26.705865146348,0.0868403234150088,0.0923489316740887,1.00288309926358,0.00122682394102007,0.0458169697934379,2.012917411563,0.0108489553902277,0.0547331447510544,1.79396288338358,0.0132179601699572,0.0830132569274642,1.02624915657849,0.00205754067306815,0.0820878576214788,2.76286929599819,0.0237069626299063,0.0824227685808571,1.00867425853989,0.00540041740027272,0.37545546281054
0.0777684470193146,15.473812485928,0.224544992735925,0.0819266531539884,1.00577451078852,0.0119621755678148,0.0897611600193176,49.879774465365,0.0674044379738136,0.0656073960191185,3.62151028088471,0.0396591675986817,0.0942967139369736,1.00288309926358,0.00208318998424736,0.0926636613094393,4.95648496866088,0.0542398151066424,0.0811720947855441,1.09966477838038,0.0190963035285928,0.0844930348625736,1.02920793476607,0.00184718907636949,0.0794527654254128,2.31121826109334,0.0211065411398562,0.0835353424147461,1.00867425853989,0.00874091521988529,0.450684727931829
0.0752575261444334,21.7346567654668,0.248217732753115,0.0688111141581968,4.24284253669373,0.0104596919421389,0.0833428244303235,1.23743709481674,0.0223841706104421,0.0232704433076519,1.30325307163827,0.00547383869482617,0.0890978109255203,1.017423759841,0.00131135372713639,0.0821109534545956,2.44116367657533,0.0328390328358479,0.0887813496044714,2.04799000112185,0.0331886365908862,0.0785071683449973,1.00867425853989,0.00156314771065905,0.0860693397859825,10.5379392096157,0.031837280637994,0.0914276573321893,1.00577451078852,0.00292191491499071,0.390196800418036
0.0955931527071328,109.076505017221,0.618518695241724,0.0773640918979374,1.00577451078852,0.010588932191859,0.0700913587766053,2.33798763817471,0.0249164503420654,0.0807129475911859,10.845730650619,0.0849421437127188,0.0761733789480857,1.00288309926358,0.00149753651910373,0.0980902860196284,6.96162583541039,0.0679708475213965,0.0737310539831365,1.45811221351425,0.02007318505753,0.0830973294933361,1.04413027541975,0.00180913183060026,0.0802662141108584,1.53125056362849,0.0188967824036769,0.0758745434660053,2.09570588324384,0.00822165365291665,0.857435358473591
0.0990746536819874,114.501338871824,0.685688824768953,0.0897907414970392,1.26626799854054,0.0157516375981956,0.0776736557177575,1.84105289600553,0.0266873119705885,0.0932116146489844,3.60071789654471,0.0709536836471952,0.086599644332084,1.01158236655188,0.00107107787250021,0.0904753093146628,22.0209326641103,0.0630332858845821,0.0978850506915332,3.45847564108692,0.051190119839755,0.0749069399945727,1.00867425853989,0.00142817286190551,0.071363798732052,9.5553161597167,0.020007559133629,0.0938971650474138,1.00288309926358,0.00181892714511294,0.937630600722417
0.0684076710602238,6.72246389678934,0.0962337609519292,0.0834388527966587,11.6216105181022,0.017574954790334,0.0974880245541558,10.3574730860055,0.0751738118549224,0.0970949736042273,2.90145376159538,0.062893831866898,0.0867940863148278,1.0232988843187,0.00131210953871692,0.0920070015972649,10.4774371358388,0.0615439418853638,0.0884060296292181,42.3308183228056,0.0554303609106607,0.0842428234497314,1.02624915657849,0.00203057627047662,0.0997093282895229,1.14160110005127,0.0240938929966752,0.0902594223222978,1.09966477838038,0.0111034749227605,0.407390715988737
0.0442766876030648,8.86757305293207,0.0697251096918209,0.0873634108127745,4.73335188912938,0.0189205439458677,0.0852142013353775,3.06458444505318,0.0401526486258913,0.0774202080946365,15.8142923261533,0.0821113164854144,0.095312181322471,1.00288309926358,0.00199584867805922,0.0965272964422974,22.4046201063247,0.0755974368890214,0.0866707492186752,1.96143148928283,0.0311303916519255,0.0847371129402823,1.00577451078852,0.00252254237714823,0.0878596172651854,12.0995910689866,0.0337956209655433,0.0550022395176728,1.00867425853989,0.00203530040337146,0.357986759714063
0.0892488244032725,50.1720214418779,0.457051908605238,0.0909240790830728,3.10901742259474,0.0198426350039538,0.0948852855689931,2.28475538672293,0.0428294413767564,0.0992305936397998,5.29579277470977,0.100937770541322,0.0979836198288682,1.00288309926358,0.00298421665983496,0.0953290885145354,14.5475781084805,0.0703697322848936,0.0821951833781476,2.38558227120577,0.0309243675222387,0.0960811662720945,1.01158236655188,0.00322092502433839,0.0982204288802141,5.37257572706184,0.0421057969223625,0.0966832224423628,1.00867425853989,0.00376318694371488,0.774029980884653
0.0984226248881416,24.2946863802066,0.438541033972228,0.0782054839347339,1.00577451078852,0.00412216327702022,0.0810658418610735,1.11882507338448,0.019682753393909,0.078255705862929,2.04210241714683,0.0344848890642855,0.097572226040379,1.01158236655188,0.00191772343112563,0.0937354349805268,2.76286929599819,0.0451139728820291,0.0977693207901998,1.33746236557711,0.0290337654818101,0.0986528272518222,1.00288309926358,0.00244904093611827,0.0974692083109801,1.30701047960937,0.0252828567399953,0.0594584899017624,1.00577451078852,0.00365428045232496,0.604282479630846
0.0824227685808571,10.7676809473209,0.191029198346973,0.0727884611612108,1.18855355314224,0.00991530852061551,0.0819266531539884,2.74700667630971,0.0355383613780466,0.0489376507605257,2.7391095515787,0.0218905972945327,0.0865604724800684,1.035151107089,0.00186572600900451,0.0930257513482469,2.55624161321588,0.0426276370210515,0.0914964581054932,12.1344753910871,0.0565715382033985,0.0751591939071884,1.01449885892793,0.00180870038335833,0.0709373915470103,1.77853540743712,0.0156638890005468,0.0947918608578193,1.00867425853989,0.00737328034739834,0.384284236504926
0.0825119735217028,19.667724786681,0.283749929522015,0.0950305592578875,1.00288309926358,0.0121149210390374,0.0688111141581968,7.10334430368878,0.0308045088587939,0.096924916430029,5.67464221589759,0.100172087972022,0.0924781357116601,1.01158236655188,0.00150415017878131,0.0886017142267892,1.07772542117776,0.0210648861574252,0.0439068832220308,1.20578622343754,0.00804390744819912,0.0862973228053222,1.00867425853989,0.00167594810343991,0.0730446047161182,1.1715671660767,0.0141866972381528,0.0980936409064094,1.00288309926358,0.0103890628913984,0.483706099409265
0.0835353424147461,27.863101977913,0.335286450557057,0.0743024472174053,1.00577451078852,0.00405372312933008,0.0773640918979374,2.60827926283097,0.0312117041661312,0.0892898118234099,5.64206206761865,0.0852937763956907,0.0997120097047052,1.00577451078852,0.00127528843221409,0.0875185324761414,3.40904833026788,0.0426265285221924,0.0927457859916934,8.27426512232383,0.0560375966674776,0.0932833056439307,1.7683242002651,0.00349223060423648,0.0919417698934107,1.00288309926358,0.00370633057985475,0.0915446832656356,1.65979714701382,0.0125850004435811,0.575568629497765
0.0758745434660053,48.620790909634,0.312862473391317,0.0963442523176378,1.00288309926358,0.00527256251885209,0.0897907414970392,3.54925770971272,0.0474777622956848,0.0679484215507695,3.84721348715026,0.0433204850369091,0.0841120844013854,1.0232988843187,0.00153530448463125,0.093296441620612,3.90299369276608,0.0512825319952566,0.0885711737285888,1.62200621191813,0.0289122144675118,0.0950744269031618,1.00288309926358,0.00106895115207639,0.0916058755207398,1.30701047960937,0.0226639086372457,0.069435170509393,1.00577451078852,0.00238619615480254,0.516782390134287
0.0701413791773832,62.6871637866222,0.273076133055251,0.0797800880763088,1.20231981606127,0.011996010878855,0.0834388527966587,20.1988354669711,0.0532224602983125,0.0940389829605152,6.0805937181354,0.0982413079605046,0.0933764295123814,1.00577451078852,0.00214571228255791,0.0749363430390211,5.28056837192541,0.0339795051537634,0.0900634299582909,10.1508316565282,0.0532068535107223,0.0976423766780258,1.71320152422168,0.00395199633399819,0.0742651833572165,1.00288309926358,0.00922671134483131,0.0645591478524908,1.00577451078852,0.00131828336615409,0.54036497418495
0.0902594223222978,38.3623486647966,0.437312073480105,0.0953202123400016,2.44116367657533,0.0214507905991675,0.0873634108127745,11.1625120439526,0.0574619877746517,0.0958571794122314,4.08698318318596,0.0808350826106173,0.0973908326107616,2.51246502599404,0.0033279066015187,0.0951220898561726,1.68386231169735,0.0342723325925651,0.098818869370776,4.40464567244553,0.056914807409372,0.0766862176033879,1.03813555048354,0.00121496907742532,0.0889058498162277,1.00288309926358,0.00588514942917755,0.090821333679842,1.00867425853989,0.00417110296457263,0.702846202539173
0.0808067146920813,9.52365864026758,0.166833954084595,0.0794986058884624,1.15482354244809,0.0118028139901619,0.0909240790830728,7.83381828565906,0.0603672061768408,0.0776038049552989,58.6059871454894,0.090924173550959,0.0999111929756756,1.00288309926358,0.00152959078664211,0.0569734230541192,3.43861929685961,0.0179578145159506,0.0961329860732549,6.53437118513655,0.059046285336297,0.0812552016472655,1.00288309926358,0.002304782921747,0.0848463160072198,5.46618619625777,0.0288732307856684,0.083007888569132,1.00867425853989,0.00758524260334553,0.447225094752207
0.0594584899017624,10.2575307541953,0.115623396069676,0.0992082879881871,1.46653209822205,0.0206284746283284,0.0909941950473558,1.47076025583445,0.0291628621299833,0.0988797421188636,3.63195145450856,0.0779670429103157,0.0938546310281387,1.95579274466099,0.0029798465801501,0.0869866096031505,18.053613516069,0.0560253778362582,0.0903035560919821,1.42081696649143,0.0271840407318065,0.0987284430665523,1.00577451078852,0.00134010662913658,0.0757213913560742,1.81474121907939,0.0178676045753104,0.0999205105839624,1.00867425853989,0.0132198979817168,0.361998650072682
0.0947918608578193,13.2629273732738,0.276226017236811,0.0765119675369732,1.00577451078852,0.00960947489613087,0.0350440318136691,1.37256962462899,0.0066812612597663,0.090881835037138,2.2071708865269,0.0442049785604789,0.0917375766080676,1.31455782572457,0.00274594751732751,0.0652481397163308,1.16484078042324,0.0149592610698806,0.093426896675175,2.23273514877728,0.0382651303766593,0.0984530465460711,1.00577451078852,0.00193377649327983,0.0990766608035691,1.54009278652809,0.0286747095750509,0.0979040303253741,1.00867425853989,0.00604767638971009,0.429348233375095
0.0980936409064094,21.3654977638714,0.406460648885527,0.0971899896648617,1.00288309926358,0.00606386010987794,0.0727884611612108,2.97761447568876,0.0290893282156379,0.0865592901394208,3.65292419736599,0.0636395055310354,0.0974582011222388,3.68461060628057,0.00336061828835308,0.0955060624822141,1.53125056362849,0.0320539645687741,0.0901873505294805,2.94352153037066,0.040364781695813,0.0982313724259843,1.00867425853989,0.00222560775234901,0.0979222384715703,1.00288309926358,0.0029581123381849,0.0738544022369429,1.00288309926358,0.00397159497480849,0.590188022360361
0.0915446832656356,56.8879022311707,0.501290801278671,0.084204947783703,1.00288309926358,0.00102641428650931,0.0950305592578875,1.76324060258228,0.0360196142325837,0.094379115974526,10.9398093223365,0.121503613956951,0.099699311211394,1.00577451078852,0.0030244089629934,0.0644963837849912,1.18513668643434,0.014924919832136,0.0747840849743001,2.37188579111585,0.0255200990377986,0.0962233297775373,1.00577451078852,0.00315406605683602,0.0965750044183054,6.33068001474387,0.041094186444448,0.0951784018638501,1.17833239331668,0.0128131837162331,0.76037130780516
0.0845046405409522,23.3427399427226,0.319828106581687,0.0963648351098096,22.4046201063247,0.0266508987844596,0.0797800880763088,3.16318819550752,0.0356449657826939,0.093793008493349,40.6585876047624,0.14697118904443,0.0974169048007232,1.00288309926358,0.00179362661668503,0.0829511314014853,2.43414579263315,0.0335663639546821,0.071607427455294,4.20635552139048,0.0272047374203572,0.0815377159524541,1.00867425853989,0.00181835036543368,0.0957368836689886,2.09570588324384,0.030854097429652,0.096157821069196,1.00288309926358,0.00232658462603496,0.626658920606115
0.0746150770718413,82.9267947169638,0.323638221165615,0.0920700831250647,2.15691712397049,0.019341077822816,0.0953202123400016,6.61005466738882,0.0654339977781988,0.0705248108580259,2.92662172166501,0.0398983050729536,0.0978389752825986,1.01158236655188,0.00248718543577093,0.077253570677116,1.25899790157518,0.0202025867415795,0.0919438430242825,1.40051115285914,0.0275774150415067,0.0836933216917779,1.00577451078852,0.00128372979038674,0.0940572706375653,11.5548867001919,0.0404903319438462,0.0949010475053212,1.11240149892777,0.01247331428762,0.552826165080293
0.083007888569132,19.499983193564,0.285379471083022,0.0692227275065274,1.00288309926358,0.0071043564157668,0.0988012039582255,1.40051115285914,0.0310506733753942,0.095000506682728,4.06351835261943,0.0794137453415482,0.0906406460325626,1.01449885892793,0.00118540130684722,0.0985366134243529,2.45526020256225,0.0465896276520091,0.0961667229890547,1.23033252636976,0.0263901298949577,0.0951338918652328,1.00577451078852,0.00113013513209758,0.0445993321250403,1.00288309926358,0.00568540353566341,0.0852897148925528,1.00577451078852,0.00780723471409045,0.491736178451397
0.0999205105839624,34.3199524331307,0.528708443567992,0.0900671773041138,1.00288309926358,0.00854229439869752,0.0794986058884624,3.09116744284691,0.0350362632566745,0.0943083286611767,26.9375187251589,0.14261206250585,0.0888843370340039,1.00577451078852,0.00129975377424464,0.0869702330696972,1.81474121907939,0.031243470926793,0.0905393934746327,1.53566531100084,0.0289448157630206,0.079201483087644,1.00577451078852,0.00128819346458769,0.0973528936461594,3.10901742259474,0.0364541764853341,0.0859640020932432,1.00867425853989,0.00436259587071916,0.818492070013913
0.0979040303253741,10.0258945661192,0.218980661969045,0.0493995802796302,1.00288309926358,0.00364121853532828,0.0712809599998558,1.37652687910296,0.0194568939963832,0.0858045916663335,2.7391095515787,0.0508279849680441,0.0957503952352848,1.01158236655188,0.00202645912191639,0.0874342603294128,13.0025492407616,0.0556820286822906,0.0530635008116081,1.00288309926358,0.00625122359979335,0.0835525644156554,1.035151107089,0.00142871933330566,0.0384627971356496,1.00577451078852,0.00192310559203968,0.0844015878748721,1.00867425853989,0.0086330413004957,0.368851337098642
0.0543298615815908,35.7195634699457,0.149777684221997,0.0986721681206083,1.00288309926358,0.00973993163584865,0.0992082879881871,4.26734287669584,0.0628431392399389,0.0687904604469202,4.87160332233193,0.0486342656063696,0.0832061839926004,1.02920793476607,0.00140875433425811,0.0813440148051553,3.03823005207779,0.0350781691520616,0.0984629213164519,3.84721348715026,0.0541158533750355,0.0984125218913284,1.00288309926358,0.00190074813411657,0.0935538107940252,4.59902389909696,0.0358361396447661,0.0891318625235692,1.00867425853989,0.00526356930149301,0.404598254645885
0.0738544022369429,8.18626584483316,0.129326419861842,0.084502353832383,1.00288309926358,0.004966961182054,0.0765119675369732,2.16313573014221,0.028125742823426,0.0981299609727877,11.1304219326752,0.134415271507928,0.0987093960621317,1.01158236655188,0.0027991668537271,0.0994786278639611,3.03823005207779,0.0530449833169881,0.0707495800649559,1.88394737445416,0.0211467669916757,0.0992681278394865,1.00288309926358,0.0011194503111301,0.0961347107255421,1.00288309926358,0.00956463122550394,0.0906583755837476,1.72806227717372,0.0123622554491056,0.396871649523381
0.0951784018638501,43.0034858674363,0.511144749309954,0.0853305643920542,4.11058351166975,0.0174540687771903,0.0963648351098096,45.2286737958236,0.0818179002798041,0.0766252233296265,5.74036800209287,0.063746789081793,0.083041002510298,1.00577451078852,0.00158487027817438,0.0934885867292265,26.1730577614343,0.0697277417191147,0.0662372433293586,1.79913505645155,0.0183745188334555,0.0771843793048352,1.00288309926358,0.00159707047504412,0.0665188102749349,6.80312071291408,0.0166292119906787,0.0849463197452373,1.00577451078852,0.00772524583025331,0.789802166575462
0.0949010475053212,39.4734246208958,0.496467706387163,0.0589975929323896,1.00288309926358,0.00188792628589643,0.0920700831250647,5.97646129188652,0.0587869575239408,0.0667115013236821,3.08228092099346,0.0376852649656922,0.0938388521387637,1.03217524340486,0.00178913090023008,0.0753422393713748,3.08228092099346,0.0303765847863571,0.0897197372117981,1.72806227717372,0.0307968063390701,0.0858166928391532,1.03217524340486,0.00249901290771155,0.0828052432708729,2.83539228475476,0.0244717377136232,0.0932972442765325,1.00867425853989,0.00315053066013958,0.687911658469824
0.0852897148925528,19.1141286310009,0.294966057764912,0.0851524719161197,2.2071708865269,0.0160876313386067,0.0692227275065274,1.57144459943409,0.0202329037757036,0.0481814007388867,7.54604567969013,0.0281068480270516,0.0859454190703622,1.0232988843187,0.00224796210967737,0.0626969191016783,1.05015961695978,0.0131753021618991,0.0706334116080731,1.00867425853989,0.0147180350632233,0.0879787402048444,2.85176528809274,0.00300955577656894,0.0857620255315086,1.00288309926358,0.00269858146330485,0.098648382850491,2.50524216415549,0.0162704173716634,0.411513294852611
0.0844015878748721,25.2854543965652,0.330627984652691,0.0883427828626977,1.15482354244809,0.0146928634201748,0.0900671773041138,1.24458268867087,0.0247633933109648,0.0326691033201241,1.96143148928283,0.0105725068037037,0.0854915831830397,1.00867425853989,0.00156746383027113,0.0950407375338918,3.22758151346831,0.0497453871350551,0.0850464762539408,1.32596064017055,0.0236520437986644,0.0745397592962984,1.00577451078852,0.00133982881913484,0.0881466587299052,1.05318733137807,0.0185558632492157,0.0807379752803683,1.00867425853989,0.0055757185746905,0.481093053594566
0.0891318625235692,9.41551269286413,0.185119501120341,0.0878322322051241,7.18561784115829,0.0198390464314642,0.0986721681206083,1.28833114804146,0.0285367709074684,0.0682629254941592,2.04210241714683,0.0292022552891096,0.094566955918894,1.00288309926358,0.00202623673749922,0.099740660393064,7.78884153617836,0.0719844539817392,0.0921442238459906,12.7798757548119,0.0582188972483653,0.0946988622674845,1.0232988843187,0.00348820133433866,0.0975119399875813,1.32214875407135,0.0254542673296548,0.0999287933421184,1.00867425853989,0.0108979037209658,0.434767534100946
0.0906583755837476,57.8708271984527,0.491671701796571,0.0908692751651681,1.00288309926358,0.0145212885096056,0.0853305643920542,9.74983462452457,0.0528415865582709,0.0659937247043957,1.91677282105974,0.0264188336493858,0.0884901895236873,1.00867425853989,0.00100696400010047,0.0601496160949232,1.39247031798524,0.0146869213281811,0.0927325223826303,4.41734470314007,0.0492643097883929,0.0867672289982333,1.01158236655188,0.00246797138230616,0.0630094521275294,1.00288309926358,0.00575966142798721,0.0748162428512973,1.00288309926358,0.00506020318732038,0.663699441628121
0.0849463197452373,18.7894788001833,0.291425420490827,0.0941238314122429,1.2267955530143,0.0172736577932791,0.0851524719161197,5.85722521042959,0.0485363727106788,0.0542702155805048,1.40051115285914,0.0154161713014038,0.076698387937158,1.00577451078852,0.00164954582247402,0.0976843115664696,1.24458268867087,0.0272223140938144,0.0928930151912594,6.64822449937834,0.0544360012169731,0.0757211916905162,1.00867425853989,0.00160108248939038,0.097946774882181,1.02624915657849,0.0216760282968221,0.0904964424580028,1.00867425853989,0.00381705318998418,0.483053647405647
0.098648382850491,96.7504107799844,0.660443163591944,0.090904576326787,1.669381663546,0.0176543175056986,0.0883427828626977,3.23688695135292,0.044141898447126,0.0389110978718907,1.46231609576324,0.0109412344487141,0.0891515099668466,1.02035709353375,0.0022817007511756,0.0592929418004911,1.99560700049668,0.0167385234884602,0.099381159359357,1.24458268867087,0.027775945210508,0.0805121201951597,1.00577451078852,0.00202367908527035,0.0708744867671722,1.8463608342542,0.0156850518346368,0.0858340920921238,1.00288309926358,0.00505658669373868,0.802742101057272
0.0807379752803683,11.6971772636284,0.198599466940545,0.0612199922899338,1.61734325078285,0.00737156778394137,0.0642655163171698,1.19198027101602,0.0151833785531885,0.0978561383851941,15.7234968241093,0.145375415540504,0.0884413997853009,1.05015961695978,0.00246174202550079,0.0891907492339678,1.4455729400936,0.0276986310188151,0.0975732349856613,7.67752616736229,0.0626721685796686,0.0790657835614366,1.00867425853989,0.00167444655642923,0.0835413493083767,1.00288309926358,0.00872505336172461,0.0885007532311958,1.00867425853989,0.00776355993509321,0.477525430295411
0.0999287933421184,21.9216213343848,0.428434613201486,0.0889987532581046,1.00577451078852,0.013947453106178,0.0878322322051241,18.0017127911777,0.060355899715572,0.0923349511429088,20.9691291766305,0.131618117265727,0.0879292528586129,1.01449885892793,0.00139278087527298,0.0761083396451669,3.81412874828321,0.0327164544645956,0.0992337130842779,7.41681684421187,0.0656876185839905,0.0900444074428734,1.01449885892793,0.00132484532230605,0.0982678808385177,1.4455729400936,0.0272401587500724,0.0835489486425405,1.00867425853989,0.00730760091341059,0.770025542198611
0.0474636808592663,8.47159891112452,0.0746914805834434,0.0742818166227885,1.00577451078852,0.00559742410978068,0.0350906075758941,1.46653209822205,0.0068403403302254,0.0994339299336176,16.751589190816,0.153497995129986,0.091521898580286,1.01158236655188,0.00228623513650686,0.0999386219120299,1.33361741419236,0.0300341893640573,0.0823651552755473,5.60966897361054,0.0394695263338612,0.0940762929908586,1.03217524340486,0.00342911253652207,0.0552245400806595,1.00288309926358,0.00649975533401695,0.0930252719980334,1.46653209822205,0.012798717456738,0.335144776315138
0.0748162428512973,11.630573971469,0.176337266134003,0.0704047574540406,1.00288309926358,0.00406895760000326,0.0908692751651681,2.74700667630971,0.043601319961771,0.0706005053316824,2.2008256876077,0.0325071921790168,0.0758530704152763,1.00288309926358,0.00151084538207372,0.0845108956590954,4.09876636139165,0.0420380972419142,0.0482082575263999,1.07462716439149,0.0087693128716865,0.0960852740061614,2.65372529430481,0.00382212709365095,0.0759705754020278,2.60827926283097,0.0197890536571763,0.0846560967042698,1.00577451078852,0.00617415458259842,0.338618326703894
0.0657061523712755,12.9264638237135,0.154641721652088,0.0942377997991985,1.2232687477884,0.0172350531262076,0.0941238314122429,3.50861959151272,0.0522731683897834,0.0255738245767044,1.67902152597229,0.00715259071983189,0.0866775881575711,1.02920793476607,0.0019476378043778,0.0865542152141255,1.32978351631576,0.0248428147004983,0.063414446347985,1.24458268867087,0.0143968446124039,0.0875844883254656,1.02035709353375,0.00123208485042637,0.0935930409848255,2.0538945595859,0.0291222878513449,0.0587018309470721,1.00577451078852,0.00280275944293224,0.305646963149894
0.042615617080903,22.4922202721046,0.0901752232898015,0.0855328253553636,1.00288309926358,0.00158279565826396,0.0909738804264894,1.27358007675926,0.0256639736823905,0.0986479902268111,4.58580257506987,0.0917466660538688,0.0983702320708214,1.00867425853989,0.00323125244636043,0.0847309799442441,1.88937898174206,0.0306034728754196,0.0947300630437173,9.17784428848941,0.0601056376096628,0.0984219549748017,1.00577451078852,0.00313790600807382,0.0854691166935024,1.15482354244809,0.0186604154391276,0.0899967665576038,1.47500060364494,0.0118213891191005,0.33672873218207
0.0858340920921238,9.36190111388404,0.176181090182123,0.0973130169608231,1.00577451078852,0.0081198767787403,0.090904576326787,4.69264665877481,0.0534725072097355,0.0789011252549654,9.58286508470002,0.0786205099090185,0.0995965597709318,2.78683513858361,0.00353802228964804,0.0733762497544854,3.23688695135292,0.0290433450268126,0.0688460608110163,3.35066711121492,0.0239003651081161,0.0985554980246635,1.01158236655188,0.00169814201200085,0.0973328250655878,8.96887940476934,0.0436773108846234,0.0954262775421551,1.32978351631576,0.0132990628954754,0.431550232296294
0.0885007532311958,16.7138422487345,0.293079990493131,0.0784309011776414,1.00288309926358,0.00396575686729833,0.0612199922899338,3.15409462760941,0.0210748026069386,0.0330553008988061,1.669381663546,0.00983728110376141,0.0883991048937826,1.00288309926358,0.00145611752352633,0.0998189764245863,1.99560700049668,0.0418372921332356,0.0784881170729215,20.3740453880163,0.03965427511809,0.087758874733056,2.04799000112185,0.00295943795065205,0.0688390064406798,1.92784124639408,0.0150115522540858,0.0668793062802301,1.00288309926358,0.00534748949360434,0.434223995544324
0.0835489486425405,17.6455651880953,0.273389693076334,0.0546079797176543,1.00867425853989,0.00422328035684209,0.0887529453728943,35.513019260565,0.064931068685723,0.0863115784909865,4.09876636139165,0.0680293323996274,0.0887513829399342,1.0232988843187,0.00158197655951884,0.0964128911902882,1.42081696649143,0.0304292521103359,0.0712820027967544,1.23387969717049,0.0171815203525358,0.086925859130343,1.02035709353375,0.00209977178128446,0.0771340658677578,1.37652687910296,0.0168753869832158,0.0630395541316249,1.00577451078852,0.00133035196673599,0.480071634272153
0.064802387061848,6.79967766631192,0.0921232962654533,0.0888715903530251,1.00288309926358,0.00231432665372309,0.0665824007758998,8.54049161663095,0.0292566764155126,0.0720353414705065,7.24794774808137,0.0601207738812429,0.0879870337215196,1.017423759841,0.00165898315062853,0.0653653328240574,3.85830538552188,0.0239348757617792,0.0860400278481382,3.26496454563336,0.0379376592900548,0.0891051335826665,1.00288309926358,0.00257735929611645,0.0540205117222527,1.00288309926358,0.00195330351021724,0.0965792219753701,1.00288309926358,0.00729291099747352,0.259170165222202
0.0930252719980334,52.6672873144766,0.510520033187623,0.088616095834215,2.91820823764409,0.0184781718089856,0.0889987532581046,2.75492656923522,0.0417933454030267,0.0746679884531736,6.49685502569923,0.0631136547514448,0.0820448801621639,1.04112859832463,0.0013599063529195,0.0781972872039314,2.87650223749675,0.0318681462772993,0.0572733725189881,1.00288309926358,0.00715649249801725,0.0992609010000187,1.00288309926358,0.00248465060475081,0.0998983462316717,6.62911211113257,0.0451923366506237,0.0800273923674369,1.01158236655188,0.0012702083541373,0.723236945888828
0.0846560967042698,12.5268003303755,0.224442541471987,0.0988784863145197,2.90145376159538,0.0242878911796419,0.0942377997991985,3.52888015319671,0.0521515372469556,0.0700808154660985,2.51970871206025,0.0356489298976087,0.0980604655848808,1.00867425853989,0.00173838146158873,0.0784576383709938,2.92662172166501,0.0321809013238139,0.0912103639082941,1.55345194953386,0.0294463408129694,0.0854307576836764,1.00867425853989,0.00211092784589876,0.0527817513400093,1.08394875824941,0.00782594717925788,0.0980079246833099,2.67674439360146,0.0160406476219046,0.425874046041626
0.0587018309470721,6.51461715374576,0.0788510083456214,0.0930442086592036,20.6694457978884,0.0239916610280608,0.0546079797176543,1.06538573309788,0.0111555408503244,0.0610506198496598,2.03037797761035,0.0250912065203475,0.0882966815412078,1.0232988843187,0.00232736328546861,0.0920991322726279,1.76324060258228,0.033610224668003,0.0740280440211952,2.51246502599404,0.0255927154831016,0.0885654523738073,1.01158236655188,0.00136595383765137,0.0966826218181769,1.00288309926358,0.0150380527274808,0.0625221564851536,1.00577451078852,0.00132545545951021,0.21834918220557
0.0899967665576038,49.6022928326398,0.468314736819258,0.06078348276398,1.00577451078852,0.00379108443119952,0.088616095834215,7.6115020308696,0.0560682125488586,0.0964626406713943,25.5771389596111,0.150678622079609,0.0867010972625661,1.017423759841,0.00177836642633228,0.049963927977263,2.35148837301477,0.0130541396146088,0.0797829170376338,15.3654978668113,0.0406648862313081,0.0970100291900724,1.00288309926358,0.00333205967926098,0.0877628492493123,1.27725193454067,0.0206990359068714,0.0822672923743501,1.00288309926358,0.0040647354335809,0.762445879170888
0.0954262775421551,48.4821708162483,0.532127129508519,0.0748651085062526,1.1817296425721,0.0104928756987038,0.0988784863145197,8.08587329578959,0.0743728078262689,0.0344454270145323,2.71555413295041,0.0129522888891397,0.0918458457269341,1.00288309926358,0.00141005142146049,0.0807127393102977,3.08228092099346,0.0347882550191224,0.0867444442834698,1.21975208146059,0.02276520443769,0.0915639433610361,1.00577451078852,0.00216806109485623,0.0878991179417476,1.15150364314254,0.0195621216657055,0.0939742605503852,1.00577451078852,0.0075314228677971,0.718170218429263
0.0668793062802301,18.7359091387849,0.188743540701461,0.0930416698352951,1.82522046182733,0.0190051125300616,0.0930442086592036,34.1101179217553,0.0734394799514243,0.0986952302031173,18.8503244528549,0.152470954975976,0.0805711554671084,1.00577451078852,0.00123370743406,0.0988309994568536,7.00182581890258,0.0688862357294542,0.0947045416766055,1.29204553462562,0.0269358708189346,0.0968670771123439,1.01158236655188,0.00191288719649651,0.0429892619510863,1.00288309926358,0.00126451203348336,0.0820859807614268,1.00867425853989,0.00455574765108544,0.538448049022437
0.0521232608611324,13.6081487487738,0.108966257727394,0.0955753802956817,1.39648494813358,0.0187210775078072,0.0748651085062526,3.02949571521225,0.0309090604205737,0.0683128222654949,7.65545473146367,0.0547560998974124,0.0908274850798222,1.01158236655188,0.00208070102333718,0.0647649841286591,2.11997911696849,0.0200477434616473,0.0804481797246573,1.31077872056062,0.0214836027225652,0.0997394335882263,1.04714060664789,0.00406134726263598,0.0597100372934875,4.12243473196511,0.0127094362836337,0.0896164330713506,2.83539228475476,0.0126896802064016,0.286425006513408
0.0842135868648562,15.0382642362532,0.252890361785422,0.08494788213733,1.00577451078852,0.00179381664432116,0.0930416698352951,5.13071090257931,0.0577284367385501,0.0969239702728656,29.5370822190252,0.154312188827713,0.0883835375715783,1.2232687477884,0.0024699829249913,0.0967893089484967,2.04799000112185,0.040342696099568,0.0677430126139546,2.85998721049474,0.0223498451813826,0.0804907472577348,1.00577451078852,0.0012487162769999,0.0925717756478613,1.48351801054375,0.024725301542918,0.0872245636428435,1.00867425853989,0.00685861891327662,0.564719964935143
0.0965792219753701,12.7432418640226,0.272755318494248,0.0753973389644465,1.00577451078852,0.00206113423420308,0.0955753802956817,4.09876636139165,0.0568335318739129,0.0937889251953875,2.49085867387056,0.0520857418130565,0.0882928642900006,1.0232988843187,0.00214917207890826,0.0905467847987931,3.26496454563336,0.0451456530681848,0.0874307996388364,2.13222095925085,0.0330982095184718,0.0954215656404997,1.00577451078852,0.0028952316765354,0.0964298424062337,2.36506706799381,0.0325757402640162,0.0830071262712154,5.48194575365476,0.0109204420728865,0.510520175094423
0.0980079246833099,93.4917471366253,0.650520704566048,0.0846172663749397,1.00577451078852,0.00291807874170986,0.0983793952785718,2.32456441587663,0.0460678237817062,0.0572041919164476,2.0538945595859,0.0232093261237812,0.0992914353545943,1.73804099143649,0.00347916475044735,0.0915785708126644,4.27964604980107,0.0505070415652994,0.0925682090591328,1.05015961695978,0.0215704108376295,0.0992238648991948,1.00288309926358,0.00314027840766911,0.0888399204931789,14.053579239644,0.0351282763005868,0.0833802809602312,1.00288309926358,0.00881297581292704,0.845354080887804
0.0939742605503852,13.882854772999,0.283055300380288,0.0714977123775341,1.00577451078852,0.00684082185352138,0.0714977123775341,1.36076598863131,0.0194025894015057,0.0514347769838583,1.79913505645155,0.0182671483699612,0.0815375172376201,1.03217524340486,0.00156707065684687,0.0733430491854137,2.0598161414781,0.0247107422687014,0.0837702089735219,1.59422875299434,0.0261566458729269,0.091620974876615,1.00867425853989,0.00280989328170183,0.0813625421645278,1.30701047960937,0.0181362469670347,0.0799302831866629,1.00867425853989,0.00501231372709658,0.405958772779584
0.0820859807614268,8.66732497484296,0.154552677893243,0.0956912777990194,2.81100886708374,0.0222703134051933,0.0956912777990194,7.58962040187813,0.0680160559341706,0.0586487956228663,8.08587329578959,0.0409238929050158,0.088739909271213,1.0232988843187,0.00180874838982634,0.05215307737265,2.56361151152847,0.0143260080737833,0.0972970806756408,2.97761447568876,0.0477269570168088,0.094822430846231,1.02920793476607,0.00355065800898882,0.0924700961871306,3.0557743442915,0.0321737632214857,0.0993980287743337,1.00577451078852,0.0134848982138278,0.398833973062343
0.0896164330713506,79.9052612422669,0.505811329583712,0.0978268573838973,1.00577451078852,0.0131267702636076,0.0978268573838973,1.86774606222357,0.0392076323373937,0.054896120683537,1.62200621191813,0.0181457017908877,0.0827437124202213,1.01158236655188,0.00124209320923438,0.0957555761419215,8.51593931825384,0.0666623181848888,0.0904562988881327,1.39247031798524,0.026874382943905,0.0932470330814727,1.00288309926358,0.00108796644468933,0.0742594864703012,8.34603823722249,0.021767756075706,0.0738917107267411,1.21274904899342,0.00715125082424175,0.701077201658266
0.0872245636428435,13.9623559080866,0.254000693852672,0.0832232073162582,1.00577451078852,0.00893650385359662,0.0832232073162582,1.4920846013006,0.0260054231003729,0.0967441241307131,2.63848930932274,0.0571097397028724,0.0859724971973574,1.01158236655188,0.00214268591659691,0.0667592561302917,11.858192730432,0.0287851440427549,0.0879151298879393,1.55793070570556,0.0278254314379595,0.0981263883231911,2.42017049201696,0.0040448773787134,0.0935073814334648,3.19982540066046,0.0332264441741116,0.0947394737624751,2.54889290196729,0.0146181790172847,0.456695122476935
0.0830071262712154,104.802525565939,0.429407917449231,0.0913965126843192,1.33746236557711,0.0166399436258411,0.0913965126843192,3.80316384938978,0.0502765347115541,0.0651514366336671,3.1450272019994,0.036703678402634,0.0986933589514964,1.01158236655188,0.00174549970676954,0.0646613426788619,4.99947880072813,0.0245110469128363,0.0960901513389417,2.66904925964653,0.0441810370479255,0.0828746245007672,1.017423759841,0.00146784675264979,0.0790626925281257,3.12697047724319,0.0224043290416258,0.0816594264951687,1.81474121907939,0.00961538155024095,0.636953215201308
0.0652493768454619,86.062584304422,0.240362242595484,0.0712316498558216,1.00577451078852,0.00275830930579843,0.098355589639878,33.7195655535441,0.0854002414927017,0.0582265743564002,6.72522667244931,0.0389925931631625,0.0931297010616358,1.00577451078852,0.00102249516428126,0.0945920936440268,6.27623830106248,0.0603747048426424,0.0734090413545962,1.04112859832463,0.015914284215373,0.0998775311883077,1.00577451078852,0.00228281748099723,0.0982673431423964,1.55345194953386,0.0284101681462137,0.0789730905508188,1.01158236655188,0.00248630795934437,0.478004164365999
0.0996159057923837,13.7252079548169,0.303854486240558,0.098355589639878,13.5373258656811,0.0277879027346401,0.0988234092965665,12.4888983567305,0.0799117939217059,0.0774635501069127,8.54049161663095,0.0728922138955535,0.085594219609198,1.01449885892793,0.00174782485179602,0.0625302329148881,2.44116367657533,0.0197260501818631,0.0952704449695265,4.00544398533237,0.0508282576776577,0.0889505566479776,1.00577451078852,0.00243012146456049,0.0848426792937644,1.00288309926358,0.00821225066002581,0.0856219344220384,1.00867425853989,0.00484837270124345,0.572239274329604
0.0539175441956336,18.4176832939376,0.128310841680707,0.0988234092965665,4.27964604980107,0.0260459172012371,0.0830211953783505,15.1023580078497,0.0517533116732158,0.055697619452126,5.56142771178757,0.0342934434380556,0.0959469167761081,1.00867425853989,0.00250354776957849,0.0872180699350064,1.65026765861521,0.0295180234547955,0.0550703571145005,1.9841495077581,0.0137659069936721,0.0920033680886963,1.00288309926358,0.00142210777713202,0.0759629383709235,1.00288309926358,0.00130101649643902,0.0864413095883864,1.00288309926358,0.00777392263742658,0.296688039122259
0.0854476984171654,16.3831182565332,0.273103213997742,0.0830211953783505,8.49145760309168,0.0171086597919337,0.0764940917728957,2.60078095318014,0.0304149555683154,0.089508658307439,4.3542135747773,0.0749870633740558,0.0987381267825732,4.85759838400825,0.00349881748145749,0.0939876447236221,4.20635552139048,0.0533257741212301,0.0984780658215893,1.05318733137807,0.0232192879732192,0.0761615607411358,1.00288309926358,0.00177837288641699,0.0883355489300011,1.35685404373703,0.0215560816220072,0.069237815809335,1.00577451078852,0.0019595333510392,0.500951760167417
0.0833802809602312,28.7520651910268,0.338398340971654,0.0764940917728957,1.00577451078852,0.010336051115161,0.0628663060111685,1.37652687910296,0.016075352816498,0.0757351882081566,2.66137624774655,0.0416662143421315,0.0914245735535833,1.00577451078852,0.00195859685982513,0.0932600261047494,6.74461616851603,0.0594248182914669,0.0987108539432534,3.62151028088471,0.053326943693899,0.0995371414503973,1.00288309926358,0.00332773232023355,0.0833450292280847,9.44591016576076,0.0290323237576091,0.0908060990102925,1.00867425853989,0.0031347135407627,0.556681087709241
0.0799302831866629,10.1410513187878,0.17426919056121,0.0676174823499,2.81911328467833,0.00978369507762699,0.0914797546519927,47.0888657531278,0.0713512988701293,0.0789623938337086,6.90175820040029,0.0715994372442013,0.0763216173265776,1.00288309926358,0.00125096925649979,0.0921517849129352,1.91126246166401,0.0356370537617315,0.096275024375055,2.35826794741131,0.041764985550794,0.0762424015810686,1.00867425853989,0.00173424751079104,0.0425213170072919,1.00288309926358,0.00316637047132686,0.0603526103858284,1.00577451078852,0.00364445976625418,0.414201708070565
0.0993980287743337,36.9645722156489,0.540152308340163,0.0938454523279475,1.00577451078852,0.0105910664418795,0.0676174823499,5.48194575365476,0.0286746557240303,0.0467015319031107,1.54009278652809,0.0142487297215987,0.0965403641282249,1.01158236655188,0.00306188856474068,0.0887048017574724,2.63090415150101,0.0396444036752723,0.0979032946853861,5.04284557241036,0.0578448126769562,0.0938747134425506,1.00867425853989,0.00320858892404155,0.0943106686827112,1.13831921276723,0.0219106655572663,0.0983299923624903,1.00867425853989,0.00579518141290214,0.725132301038851
0.0738917107267411,30.1820264518266,0.266637814923959,0.0815130481749267,3.19062650772569,0.0152679823793576,0.0938454523279475,1.51371812544339,0.0312184285155107,0.0579483378958585,7.99329205722658,0.0399687251732703,0.0830117328867718,1.02920793476607,0.00164032187421868,0.0710583139900427,1.64079288241399,0.0210208236694188,0.0486055512154506,1.0232988843187,0.00867002584370313,0.0880858133082778,1.0232988843187,0.00254652478529536,0.0980198885247338,3.80316384938978,0.0388176739125831,0.076139515028319,1.00867425853989,0.00512926148721679,0.430917582564533
0.0947394737624751,86.8029067373029,0.589092311752016,0.093322882645019,3.06458444505318,0.021370732877685,0.0815130481749267,7.65545473146367,0.0459539170856473,0.072409573877561,3.18145405986858,0.0436516156373545,0.0980484421540828,1.00577451078852,0.00250380490010344,0.0888071497379232,1.48779514022745,0.028215111895247,0.0950760522501887,10.0057595601981,0.0614615357054006,0.0976307869931595,1.00867425853989,0.00212276137478732,0.0677638024092708,4.760684680679,0.0169148992124879,0.0924285128225748,1.00288309926358,0.00749566548640379,0.818782355927133
0.0832682568955648,31.4128876372471,0.347273406572146,0.0664304784768379,1.00577451078852,0.00127595416010686,0.093322882645019,8.54049161663095,0.0651817611214733,0.0987787284328425,3.30278056177977,0.0722386622408107,0.0938894159782606,1.035151107089,0.00155244860720035,0.0577719137256027,1.35295334494457,0.0136145265672744,0.0962460436610567,1.13504676028852,0.0244418037946594,0.0864715002164335,1.03217524340486,0.00164688402930953,0.0972204222467937,5.95928009583079,0.0413110649411168,0.0957612433571867,1.00288309926358,0.00453876645650074,0.573075278490598
0.0816594264951687,49.7441155759049,0.373049717225489,0.0930122200981049,1.00577451078852,0.00302014007991779,0.0921864111310814,1.37256962462899,0.0279513738138956,0.0984622510757376,6.11570617216135,0.107579765730661,0.0821458544753505,1.035151107089,0.00143530096470624,0.0873636524665464,1.33746236557711,0.0252814512289374,0.0893751388708136,1.02035709353375,0.0201291079517083,0.0884759602250501,1.00577451078852,0.00201707830729683,0.0827759725687092,1.00867425853989,0.0163077211091786,0.0752750647534348,1.00288309926358,0.00501083941111381,0.581782495822905
0.0856219344220384,8.91835382783087,0.167189502684982,0.0790519235074242,1.00288309926358,0.00313414230816857,0.0766006823274537,1.3804955427344,0.0217531396871774,0.0795441498230723,7.12382395041967,0.0733260612172367,0.0780269809407318,1.00288309926358,0.00160136443680367,0.0881712529504561,6.59105201019205,0.051354267370322,0.0800859857196591,1.19541686845759,0.0200233307801662,0.0945852628326751,1.00288309926358,0.00261558479002038,0.0974532418944735,1.441417191251,0.0268491907533049,0.0817751283346297,1.00577451078852,0.00265660782164755,0.370503191849829
0.0956740070965702,14.4903277225333,0.300398381883798,0.0716759710848018,1.00288309926358,0.00248109965806236,0.0979530083511102,2.67674439360146,0.0497682592957811,0.0695618983995616,3.17230798106454,0.0409710255079511,0.0827404165099764,1.01158236655188,0.00153217561973163,0.0941528243570887,40.7758103487437,0.072445988608377,0.0902686786074618,3.10901742259474,0.0413166956634904,0.0894674944623766,1.00867425853989,0.00126459235925187,0.0682835721845509,1.20926262481036,0.0127452864350356,0.0970703506713057,2.11997911696849,0.0150813246024337,0.538004829633913
0.0864413095883864,17.9504501619638,0.293527497135796,0.0889722582412712,1.00577451078852,0.00795064097608328,0.0889722582412712,1.16484078042324,0.0228992797876597,0.0458169697934379,3.31230280598519,0.0212575105185364,0.0869497343162401,1.02035709353375,0.00158241557740046,0.0904182635748647,1.33361741419236,0.0264295603985261,0.0970471811161777,1.75817161928149,0.0354758266487954,0.0928714846683143,1.00867425853989,0.00193126832009685,0.0707031962953868,4.11058351166975,0.0182163117224288,0.0997787854750398,3.49853297367273,0.0172811661590437,0.446551477244367
0.0603526103858284,9.855606658283,0.115199296051088,0.0710711774937383,6.04568285725226,0.011564330082521,0.081158040812123,2.60827926283097,0.0342754936082146,0.065129597645082,13.9728926204603,0.055112629738097,0.0860227777838592,1.00288309926358,0.00140772614236155,0.0926429756384581,29.1149486853426,0.0685677972510602,0.0995302968700313,2.00136053357019,0.0404335758034017,0.0990238120920875,1.00577451078852,0.00239725501356778,0.0459133319488229,1.00288309926358,0.00355174877467201,0.0819686923653948,1.00288309926358,0.00243411628731001,0.334943968752294
0.076139515028319,11.4657201812567,0.179319504447965,0.0951408050575656,1.00577451078852,0.0154897665314886,0.0710711774937383,9.80613514975012,0.0342848756024634,0.0926636613094393,9.02067029565308,0.11050461970798,0.0838753823034944,1.00867425853989,0.0016512178765345,0.0786486411907229,4.0518365057735,0.0355976992809045,0.0837924336522035,1.74305193613896,0.0274754519268822,0.0827022754758649,1.03217524340486,0.00176026886135669,0.0918079582872929,7.06256146630704,0.036503433462418,0.0772443788365894,1.00288309926358,0.00684580996570662,0.4494326476637
0.0447035541354592,9.3886686365594,0.0728958951093657,0.091759453352036,1.00577451078852,0.00943783006264847,0.0951408050575656,2.63848930932274,0.0466526890718134,0.0821109534545956,4.65229147967714,0.0664871016282782,0.0913623130200249,1.00288309926358,0.00206442230970282,0.0432094719229151,1.6741946565908,0.00936855902682867,0.0817797480076308,3.44853317762211,0.0346058221016412,0.0923382925698042,1.02035709353375,0.00123096496794617,0.0552603555172903,3.23688695135292,0.0105944208590329,0.0925799492595352,2.21991621862324,0.0133991253794237,0.266736830516681
0.0924285128225748,14.2849392823464,0.281511140837437,0.0997796712188233,1.669381663546,0.0217781407591108,0.091759453352036,1.36076598863131,0.027584944033002,0.0980902860196284,12.7431360287119,0.138746856833781,0.0918808801625687,1.017423759841,0.00262114456571947,0.092642763214456,1.27358007675926,0.0261431905361029,0.0830132569274642,1.62200621191813,0.0259567120488058,0.0803140442199753,1.00577451078852,0.00194556730546243,0.0648217394210128,2.51970871206025,0.0140529901493582,0.0978619632680837,2.87650223749675,0.0162127186884191,0.556553405757199
0.0752750647534348,11.2709771098404,0.17420552317268,0.0991460093635284,1.12205075712963,0.0185631996343432,0.0558957733347884,1.54009278652809,0.0141612579060257,0.0904753093146628,28.1262788456248,0.128591190285334,0.0911774288127236,1.00577451078852,0.00128827136826665,0.0687113498391847,2.08367368705817,0.0221622542786365,0.0718084077102716,2.10780755947618,0.022755461159714,0.0982615656993597,1.01158236655188,0.0017948607111025,0.0470892707575624,1.00288309926358,0.00112392862668859,0.0855756077006156,3.26496454563336,0.0114842927327478,0.396130239875539
0.0475519627416041,23.543537468897,0.109243656931751,0.0726911820560476,1.47076025583445,0.010406047411323,0.0865552659403336,1.09966477838038,0.0208939447353338,0.0920070015972649,17.1913042784243,0.12552788046876,0.084891035224621,1.00867425853989,0.00161481198840694,0.043264473647396,2.53425879720196,0.0103760612028202,0.0535565777017673,1.00288309926358,0.0058739118709104,0.0976036788121616,1.00577451078852,0.00338010889563309,0.0766316073009339,1.00288309926358,0.013554596776123,0.0966670596127821,3.49853297367273,0.0159420414252663,0.316813061706328
0.0970703506713057,76.1195171573592,0.609092956295042,0.0772895424140527,1.00288309926358,0.00503005893984401,0.0997796712188233,4.760684680679,0.0664653749944586,0.0965272964422974,30.1383713644719,0.154433364510374,0.0912446181331181,1.00867425853989,0.00219312656561321,0.0777817010643706,3.65292419736599,0.0340416282395964,0.0844930348625736,1.15482354244809,0.0209926625691915,0.0802536025236682,1.00288309926358,0.00226500531450898,0.0870966040176965,1.00288309926358,0.00645798113040336,0.09190642031771,1.00867425853989,0.00368413751881948,0.904656296077852
0.0997787854750398,120.195972554956,0.704091700611218,0.0987445960053953,16.8968968064112,0.0285362261682411,0.0991460093635284,3.25557838997471,0.0563361084369719,0.0953290885145354,22.0844211988575,0.143680926631429,0.0950023314477304,1.48351801054375,0.00302781953662421,0.0913405795167329,5.79016143825715,0.0542808956930275,0.0783645462208681,2.74700667630971,0.0295512517668273,0.0767109810198284,1.00577451078852,0.0016325635833582,0.0713634856999736,1.00288309926358,0.00872176411965546,0.0822397384948611,1.57144459943409,0.00953751439786974,1.03939677094522
0.0772443788365894,20.1796569425861,0.253447547681074,0.0761103212649769,4.8997344482741,0.013363454071851,0.0726911820560476,3.59036651349369,0.0306354918438943,0.0937354349805268,5.40359972355987,0.0917344214959917,0.091532873355296,1.01158236655188,0.00189139636710145,0.0519505008435174,2.15691712397049,0.0136630497892643,0.0697427054249179,2.65372529430481,0.023241512891438,0.0988570633539661,1.01158236655188,0.00248069730328748,0.0607140791224169,3.6424227310724,0.0129291184763544,0.0557786990951493,1.00288309926358,0.0030669629387252,0.446453652858982
0.0925799492595352,69.0776131565211,0.536448263591873,0.0904126880566167,2.74700667630971,0.0192676181214308,0.0987445960053953,43.1925507507629,0.0877579728588418,0.0930257513482469,4.94223601165526,0.0866204806910263,0.0826114482117984,1.00288309926358,0.00104115397118493,0.0557380464874472,1.10601480450688,0.0115492371970826,0.0794486865121368,3.06458444505318,0.0315602863399412,0.088422703031191,1.00288309926358,0.00213162304325987,0.0959745308820227,3.78132852701561,0.0369125216558722,0.0682814204368088,1.7683242002651,0.00632565748680684,0.81961481495732
0.0978619632680837,110.961159151409,0.657951483025026,0.0634774757887327,1.00288309926358,0.00239805057095432,0.0761103212649769,8.81528401319323,0.0399533484455581,0.0886017142267892,2.16937226517279,0.042269822664704,0.0972262111755792,1.00577451078852,0.0030953126282233,0.0856436729178825,1.13504676028852,0.0213016091408386,0.0830973294933361,1.12853005133194,0.0200945564743424,0.0845743023437139,1.00867425853989,0.00182481217111691,0.0486081503474544,1.00288309926358,0.00126001455455939,0.0877160139518143,1.00288309926358,0.00821037059806571,0.798359380273389
0.0855756077006156,86.8029067373029,0.45375744594492,0.0888565902364312,1.00288309926358,0.00215514231752058,0.0983436588024744,2.42714808378022,0.0472354647792644,0.0875185324761414,6.42246765119551,0.0866182007104185,0.0886955257173702,1.02035709353375,0.00166251844632207,0.094010688823177,5.52949756842363,0.0579688331134592,0.0842428234497314,1.50070065992818,0.0253203839640499,0.0973576170850867,1.00867425853989,0.00101765286559332,0.0563658281184678,1.00288309926358,0.0013626048574817,0.0947565293604698,1.00867425853989,0.00101046748634477,0.678108714485375
0.0966670596127821,117.146754050587,0.646262459314572,0.0875968688005191,6.49685502569923,0.0194058402518328,0.0904126880566167,7.56780167843215,0.0585555091497136,0.093296441620612,7.31081832073186,0.104422026035698,0.0946870881724629,1.0232988843187,0.00181568834775612,0.0940934324463343,17.8469041306121,0.0692701899084024,0.0847371129402823,3.34103457688672,0.0369302035905187,0.0794243462418035,1.00867425853989,0.00190297868900382,0.0587290285571081,1.00288309926358,0.00447380412811704,0.0712679292747011,1.00288309926358,0.00119445400374126,0.944233153419356
0.0822397384948611,45.530550085835,0.369687074276721,0.0958819891923473,1.00288309926358,0.0121178991548789,0.0875968688005191,13.4984086137474,0.0589910035331719,0.0749363430390211,8.94309557251015,0.068832845827627,0.0849369775607145,1.01158236655188,0.00196682011279497,0.0703529311604277,2.70774742833384,0.0253451752560493,0.0960811662720945,4.45566189315493,0.0534112100138853,0.0835605943202462,1.035151107089,0.00116951093655041,0.0955746654863272,1.00288309926358,0.0190311867300135,0.0555446688850213,1.00288309926358,0.00223112185326676,0.612783847694959
0.0821633627018987,196.409888348655,0.440180613663289,0.0768135101017254,5.14550325140415,0.0137805253307356,0.0958819891923473,1.73304445225245,0.0360289973372897,0.0951220898561726,3.36032741709575,0.0694351386278896,0.0995121557623802,1.01158236655188,0.00232054365755226,0.0496295023455501,1.6984685687346,0.0117521535412799,0.0866826299869242,17.2408685151293,0.0507377239083187,0.0838609039398266,1.00288309926358,0.00247087301203496,0.0781819267778135,1.47925317679908,0.0177462236337115,0.0974694911326814,1.00867425853989,0.00537456284020933,0.649827355552311
0.0557786990951493,8.13965355167307,0.0902604665717641,0.0994008487457358,2.2456281019818,0.02355665014048,0.0768135101017254,9.97699489356779,0.0412674085762904,0.0569734230541192,5.64206206761865,0.0358791412203074,0.0847985601983011,1.00288309926358,0.00148827782946411,0.0842021702415139,1.20578622343754,0.0219698128800112,0.0986528272518222,1.6741946565908,0.0351956563095757,0.0969687215487342,1.00288309926358,0.0022073525497637,0.0631148903875436,2.83539228475476,0.0135608789402385,0.0906821120651301,1.00288309926358,0.00528927888406248,0.270674923901958
0.0682814204368088,32.0470157344315,0.23098509705596,0.0637340706652963,1.82522046182733,0.00818870451734607,0.0943704610336657,1.96143148928283,0.0384395325901683,0.0869866096031505,23.3260907272937,0.114177197595031,0.086367558212962,1.0232988843187,0.0015625038868051,0.0965516591524915,4.71974439753259,0.0587397654094377,0.0704800701439579,6.68661474347447,0.0281861490393712,0.0839205157178952,1.03217524340486,0.00210741628433351,0.0944915248600173,1.00288309926358,0.00582827666357481,0.0862870264903592,1.00867425853989,0.00511263355761473,0.493327276599642
0.0877160139518143,19.3336722306986,0.312375221916469,0.0943015249020101,1.04413027541975,0.0162766793433004,0.0994008487457358,6.44098426295101,0.0720688977028821,0.0652481397163308,2.25210247070889,0.0297116619732772,0.0821254373955806,1.00867425853989,0.00177774677628984,0.064708225228565,2.33126636583218,0.0205810140548562,0.0467742883595992,1.27358007675926,0.00906016108997167,0.0995185457979176,1.00288309926358,0.00326903048794216,0.0961673266959985,6.40400427119728,0.0407616301056187,0.0645697078057868,1.00577451078852,0.00499368871746138,0.510875732168069
0.0906821120651301,9.30859479724011,0.186229752926274,0.0874171216744333,1.00288309926358,0.00464172350326341,0.0637340706652963,3.73803325566538,0.0236493429998575,0.0955060624822141,3.07341994620988,0.0648723589425921,0.0850556862078265,1.03217524340486,0.00188383179399189,0.0589615285477742,1.54453302690677,0.0149686152736669,0.0559464689359465,1.05318733137807,0.0108110957587604,0.0992247899603845,1.93897358646993,0.00417438127876697,0.0818995894331514,2.9350594625955,0.023876693896205,0.0841680106366577,1.00867425853989,0.00842222728529197,0.34353002365867
0.0724259544351563,16.9058163200043,0.20820340852452,0.0540657450591891,1.00288309926358,0.00280782212929437,0.0783848634147629,2.54156531687388,0.0317396786569185,0.0644963837849912,2.29134256329585,0.0296410282910979,0.099815339557756,1.01158236655188,0.00324758473841194,0.090373221179591,2.43414579263315,0.0394790255004322,0.0919520235842437,1.71814085427452,0.0319683331806043,0.0901060375265443,1.00577451078852,0.00212137829066811,0.09957974211211,1.00288309926358,0.0190483454949763,0.0648998895509311,1.50070065992818,0.00556178793729596,0.37381839274422
0.0862870264903592,9.41551269286413,0.178601437990849,0.0990766127855994,1.00288309926358,0.0171263372923462,0.0943015249020101,3.03823005207779,0.0491320034103986,0.0829511314014853,4.70617602490094,0.0679830894976984,0.0870736280405841,1.01449885892793,0.00226514393320525,0.086899037422988,41.9667875574435,0.0585983114854253,0.0751591939071884,1.38846722913941,0.0200843748285152,0.0864477875808008,1.00577451078852,0.0016203755673895,0.0937622237158235,1.035151107089,0.0202952885454079,0.081228582257494,2.0598161414781,0.00959421238013283,0.425300574931368
0.0645697078057868,17.6960173409803,0.173464881485902,0.0896969104740672,1.00288309926358,0.00928087526659563,0.0990766127855994,2.80292774815717,0.0518090079073921,0.077253570677116,2.48369792620856,0.0404962295480215,0.0892804576580685,1.01449885892793,0.00218551510505454,0.0540013772659686,2.41321295951054,0.0150591463304985,0.0747208245266889,4.37935702804035,0.0300368268736078,0.0749203372730965,1.03217524340486,0.00141754030902344,0.0787085418017907,6.88191695070772,0.024735763642655,0.0869860229794777,1.1028352210931,0.0102535865460343,0.358739373014785
0.0879022761530212,16.1509010721782,0.28270688618998,0.0859672647286972,2.79486986091936,0.0171013671713737,0.087549105243162,1.65502554408647,0.0302932137089843,0.0985366134243529,4.82970917626452,0.0947695750569732,0.0874067897947086,2.012917411563,0.00243337859479474,0.0851299064136111,3.89177332396176,0.0419415290540517,0.047854935498176,1.00288309926358,0.0079996284471509,0.0941731326556008,1.19198027101602,0.00351668511890494,0.0937848642182793,1.55793070570556,0.0259697347528044,0.0771435307693255,2.80292774815717,0.00872072822137485,0.515452726316393
0.0841680106366577,23.9503292451569,0.32152411684529,0.0740587386983742,1.00577451078852,0.00574900199058804,0.0896969104740672,1.3804955427344,0.0270904289221506,0.0869702330696972,3.56975293664868,0.0632053208835174,0.0964862409263643,1.00867425853989,0.00226540531464148,0.0557394398704756,3.95958264771409,0.0175915017978589,0.0932833056439307,12.2750213329814,0.0598137015749021,0.0987734976852522,1.00867425853989,0.00170897629400814,0.0536455574948995,1.00288309926358,0.002300010249348,0.0933410729097362,1.00867425853989,0.00366763342580817,0.504916097298113
0.0648998895509311,26.0177886095861,0.197997881314513,0.0880954110018886,1.00288309926358,0.0126694894627167,0.0859672647286972,7.37423424898408,0.0517303349235063,0.0874342603294128,20.8487379146156,0.113470990812439,0.0780091138618447,1.00288309926358,0.00154670834758786,0.0872885326812841,2.54889290196729,0.0378614560852996,0.0881183673885518,19.2340622708831,0.0533849083441889,0.096425106423578,1.00288309926358,0.00195061428382205,0.0725534203596809,2.23273514877728,0.0173947352490292,0.0986643471512476,2.18189932872234,0.0158435583401111,0.503850677163214
0.081228582257494,52.3674017399325,0.372135540214675,0.0643882155068195,1.00577451078852,0.00230991283786943,0.0978701063301478,1.441417191251,0.0315341275603539,0.0813440148051553,5.65832869261085,0.0710925979150358,0.0986104195568621,1.00867425853989,0.00306698787402498,0.0908022594456039,1.4249133228412,0.0280963980718791,0.0976423766780258,21.151020824465,0.0706636303008421,0.0730575986317179,1.00288309926358,0.00118685005400282,0.0981033541337353,14.8437245167243,0.0465113690177567,0.0812042369831463,4.73335188912938,0.0102920774732349,0.636889491319675
0.0869860229794777,37.9267248465054,0.400610189948855,0.0564789169403999,2.15691712397049,0.00652242416226674,0.0970932594875796,1.71320152422168,0.0363431773572996,0.0994786278639611,5.94214829246472,0.108047067958805,0.0997535240268349,1.00867425853989,0.00324931908778523,0.0795131129747817,2.41321295951054,0.0308818855798614,0.0812552016472655,2.75492656923522,0.0317913373863598,0.074185257240388,1.02624915657849,0.00146278991538183,0.0960315486224766,1.09335121002246,0.021939959668461,0.0775445060878246,1.00577451078852,0.00432372014561665,0.645171871210692
0.0923346592896937,27.1562506222958,0.40793624392254,0.0951418337855282,1.00577451078852,0.00776629577143829,0.0906372847586486,1.05926897298544,0.0211136583310838,0.0934885867292265,34.9048456133114,0.142360468763179,0.0879694184983575,1.00288309926358,0.00214967200281034,0.0988162917157187,3.1450272019994,0.0531150564759913,0.0984530465460711,1.04714060664789,0.023036023440232,0.0873707563922649,1.02035709353375,0.00227055400499643,0.084238947632379,2.71555413295041,0.0250307843733591,0.0807516054072207,1.00867425853989,0.00501539705168082,0.689794154137311
0.0771435307693255,58.8707354161872,0.334414687995685,0.0886182810817795,2.10174801133249,0.0175431980898118,0.0740587386983742,1.00867425853989,0.0159626090114418,0.0364743151970269,1.05622377499757,0.00727165343919703,0.0895882996436794,1.02035709353375,0.00239908812739299,0.0859314910595297,2.39935784176774,0.0355595244054503,0.0982313724259843,1.37256962462899,0.0299228968105962,0.0902166073756323,1.01158236655188,0.00228089560650459,0.090593396084901,1.78366310156055,0.0256511920750741,0.0864395133416017,1.00288309926358,0.00157471815268264,0.472580463713836
0.0311963798671241,5.86152081000249,0.0340798439954381,0.0604299978856556,1.00577451078852,0.00533209011055308,0.0880954110018886,2.31121826109334,0.0377668846085594,0.0753422393713748,5.74036800209287,0.0614222937083028,0.0907310321182596,1.00577451078852,0.00141670626767959,0.081718888233506,1.10920355497526,0.0196421641988381,0.0861309143189463,2.09570588324384,0.0318445128699215,0.0943293906224568,1.017423759841,0.00123689064117123,0.0878266522231172,10.6599934842429,0.0336578163215922,0.0822503386304581,1.00288309926358,0.00517329965271975,0.231572502374776
0.0762048616455488,135.509053633421,0.353353931006266,0.0818327542775641,5.80685504843578,0.0163095885470459,0.0564789169403999,3.39924796097488,0.0183994185934432,0.0626969191016783,2.03037797761035,0.0260423828557244,0.0995133530283468,1.01158236655188,0.00202595506468259,0.0884097863890743,2.61579919085284,0.0390756389790595,0.0962233297775373,3.97099851752979,0.0518334172704665,0.0996023536500611,1.00577451078852,0.00326013631548948,0.0858772452809658,2.21353437928443,0.0248549248518063,0.0949900351042961,1.00288309926358,0.00442817955574179,0.539583573039726
0.0986643471512476,76.5554208756709,0.6420095305534,0.0816077464054034,1.00577451078852,0.00155009769750187,0.0886182810817795,5.87411217212038,0.0531224049405029,0.0786925697717945,29.0312487135558,0.0909116162976971,0.0978610993334791,1.01158236655188,0.0029208655640327,0.0938265310945974,4.63891702142887,0.0546686285403946,0.0815377159524541,1.1817296425721,0.020312103019084,0.0801126290112106,1.08394875824941,0.00227251608776772,0.0446660073068689,1.00288309926358,0.00233488301142884,0.074581954012106,1.00288309926358,0.00320409812784342,0.873306743839653
0.0485690415714156,28.5068453055109,0.117967752692726,0.0802983039319348,1.00288309926358,0.00869279008368168,0.0604299978856556,1.30325307163827,0.0146490510332494,0.0794706841366954,1.93897358646993,0.033324450471954,0.0907937884353297,1.0232988843187,0.00170265989217886,0.0917508141357782,2.39935784176774,0.0401639483668498,0.0550119884394245,2.07171057200942,0.0139101433698919,0.0897980184496615,1.01449885892793,0.00225530188600901,0.0740007465152305,5.35713058780925,0.0207520698974505,0.0945906323340851,1.00288309926358,0.00414756683835459,0.257565734532346
0.0812042369831463,90.0852674270771,0.402272395911203,0.0737834155281302,1.00577451078852,0.00736823777585315,0.0818327542775641,12.4171951294921,0.0492356899427474,0.0950407375338918,6.24020417473294,0.101260398539147,0.0955339357585327,2.14453349218355,0.00314271147121215,0.0854595519973938,37.5096952649555,0.0556613144496926,0.0665242605296777,2.04210241714683,0.0194233463258486,0.0803731130885566,1.00867425853989,0.00127529129628325,0.0932566198104667,2.42017049201696,0.0304129222938885,0.0935951573495991,1.26262771749805,0.0124626715218787,0.682514979527754
0.0763745732962518,169.311062133088,0.363029786881058,0.0993635597173597,1.295770630155,0.0197350904706424,0.0802983039319348,1.54453302690677,0.0252375577979012,0.099740660393064,13.7336016436691,0.147002115576077,0.0880861480424585,1.0232988843187,0.00210282284215524,0.0639311404594992,2.00713065465068,0.0191281921792823,0.0607992134301281,1.38846722913941,0.014265016072076,0.0781147923950204,1.00577451078852,0.00108906762398057,0.0909682941520379,1.00288309926358,0.0113056649350959,0.0838416191095167,1.00867425853989,0.00609840476771874,0.608993719145987
0.079495626876374,156.302672311703,0.398677061103091,0.0866625356807518,1.00288309926358,0.00344300065698418,0.0737834155281302,1.42902148939294,0.0210643108006332,0.0601496160949232,2.60078095318014,0.0291515086409179,0.0995181874726764,1.01158236655188,0.00272126191898327,0.0829892591866793,4.36676720472819,0.0408180819965377,0.094467294190377,24.99478827893,0.0650082289790179,0.0962400388633063,1.00577451078852,0.00179159850078631,0.0940713099109627,1.23033252636976,0.0229092506362572,0.0791124485464598,1.00867425853989,0.00132845638032864,0.586912759613537
0.0660871190638257,10.3457674738415,0.136075122178647,0.0799509186311059,1.00288309926358,0.00905972030540428,0.0993635597173597,3.77045792255574,0.0600283672362706,0.078358106614477,44.1988889941343,0.0923051342758391,0.0846480995812457,1.03217524340486,0.00165852143909486,0.081608699150346,1.3490638599235,0.0230520333842865,0.0387862070690332,1.65502554408647,0.00733133828028019,0.0948911644651759,1.00577451078852,0.00115259606767622,0.0762822125044668,1.00288309926358,0.00956936195447955,0.0590003142930005,1.00577451078852,0.00123753082213325,0.341469725944112
0.0775445060878246,8.64261403586111,0.144532719137524,0.0991346753410188,1.00288309926358,0.0156028639007058,0.0799509186311059,1.6741946565908,0.026393639318397,0.0976843115664696,2.51246502599404,0.0549345323975046,0.0889306470945712,1.00867425853989,0.00245344674833873,0.0697952808809544,2.7391095515787,0.025139960937113,0.0858166928391532,2.91820823764409,0.0363749358751988,0.097042214677803,1.00577451078852,0.00372682293691245,0.090776690513676,1.07462716439149,0.0197699649417692,0.0528387335178837,1.00288309926358,0.00102846273289201,0.329957348926356
0.0807516054072207,10.0258945661192,0.174402341952473,0.0750559211799803,1.00288309926358,0.00558344356156855,0.0991346753410188,2.35148837301477,0.0470090232487992,0.0592929418004911,3.60071789654471,0.0333712812660374,0.0975785867789339,1.01158236655188,0.00239550976334187,0.0927134009386807,1.78880557933512,0.0343344204126094,0.0879787402048444,7.58962040187813,0.0484231451697685,0.0861600633203578,1.01449885892793,0.00119253788991816,0.0705236557445363,1.4920846013006,0.0146152121317711,0.0848867212110155,1.00288309926358,0.00742959763776607,0.368756513034053
0.0822503386304581,10.1700465856493,0.181221264332534,0.09860791193771,1.00288309926358,0.0173586366117806,0.0404082766277506,1.3804955427344,0.00823329314805652,0.0891907492339678,2.89311263070037,0.0559142297091537,0.0863128419976106,1.02035709353375,0.00113842616412113,0.0974767585518528,1.10920355497526,0.0240377478852457,0.0946988622674845,8.58980877761041,0.0597186155596144,0.0809359623048498,1.00867425853989,0.00115019568287174,0.0589781702365934,1.00288309926358,0.0057342079793367,0.0996995940976395,2.90145376159538,0.0170183610539724,0.371524978126687
0.0824535892589912,10.6758458227262,0.189511913413313,0.0897332002902944,1.60805750536954,0.0168895386279585,0.0883821272159192,1.03217524340486,0.019981732592196,0.0718024665514471,22.6641186288517,0.0715497753364886,0.0994277052617762,1.00577451078852,0.00266143176317877,0.0877042098475716,1.89482624889294,0.0325300679021176,0.0510535331116085,1.00288309926358,0.00382067839011836,0.0907896652627605,1.00288309926358,0.0026966808617455,0.0979154122339372,1.00288309926358,0.00433017396873049,0.092534486105254,4.73335188912938,0.0144934338193846,0.358465426675231
0.0935951573495991,44.1228256726414,0.49600810538616,0.0842182137669552,1.00288309926358,0.00257626880871962,0.09860791193771,2.92662172166501,0.0525409098727333,0.064263782538075,1.80952418124502,0.0242455737966674,0.0991759320555644,1.00867425853989,0.00184358373338931,0.0871310066984813,1.51808232505612,0.0277214639285652,0.0867672289982333,2.60827926283097,0.0356423925028002,0.0748915690984094,1.00867425853989,0.00189467370952755,0.0903320203035347,8.66431899975565,0.0356237117281085,0.0518325713152936,1.01158236655188,0.00201636258187365,0.680113046048545
0.0516857077371558,25.8696442892044,0.129763289657994,0.0507698751071001,1.27725193454067,0.00497075381742605,0.0897332002902944,4.52026390637434,0.0510629299237048,0.0761083396451669,6.72522667244931,0.0662349802055887,0.085861453070663,1.00577451078852,0.00220406606033972,0.0789752030372478,1.96143148928283,0.027679036968342,0.088556006388623,7.69966123740149,0.0493488888864969,0.0999444795580661,1.00867425853989,0.00311929045443501,0.0695486606734578,5.97646129188652,0.0182808597329602,0.0782388219850365,1.00288309926358,0.00600169482955977,0.358665790536847
0.0838416191095167,12.59853592522,0.221171334382491,0.093328168855657,1.00288309926358,0.0143606224833541,0.0956077381655915,2.10174801133249,0.0411231138525178,0.0999386219120299,2.69996316651677,0.0607180485783451,0.0900778023986939,1.00867425853989,0.00231162787532327,0.049663126126816,1.79913505645155,0.0119714093599037,0.0805121201951597,1.68386231169735,0.0251576185314536,0.0916009591002978,1.00867425853989,0.00144261190442108,0.0708165826814296,1.00288309926358,0.0107276275877121,0.0966695208920569,1.00867425853989,0.00325636170545238,0.392240376260974
0.0848867212110155,17.3458586273837,0.278658043239842,0.076675926470605,1.06232295058138,0.0106918030169486,0.0847797836274136,2.7391095515787,0.0380867509345326,0.0845108956590954,7.54604567969013,0.0854079045543917,0.0936842051606446,1.0232988843187,0.00154054616554403,0.0737975839847934,1.26262771749805,0.0189705065786098,0.09555735109709,1.28833114804146,0.0272304368518906,0.0998632710095696,1.3804955427344,0.004162990921898,0.0934335875009514,2.10174801133249,0.02926891542729,0.0895504448235056,1.15815301335288,0.0110625214183487,0.505080419109296
0.0996995940976395,106.613332696677,0.692742630989983,0.0952224399110825,1.44974067037263,0.018728949811861,0.0507698751071001,2.07171057200942,0.0135105942192876,0.0865542152141255,2.66137624774655,0.0500403347817067,0.09513415362209,1.00577451078852,0.00118199099685411,0.0995990052455839,3.42873391662958,0.056337767405946,0.0628584471026537,5.40359972355987,0.0215187742611528,0.0884595523345466,1.017423759841,0.00217486140655428,0.0606959174747702,1.00288309926358,0.00769550417986578,0.0993655145078988,3.33142973427318,0.0170004229031399,0.880931830956351
0.0730338645497251,143.063085308626,0.321443752044498,0.0812691266407076,1.00577451078852,0.00519081584439022,0.093328168855657,2.42714808378022,0.0430951119338554,0.0504821981681815,8.99473757437633,0.0313136487276927,0.0953353147196847,1.00288309926358,0.00169201676429802,0.0902390682539031,1.53125056362849,0.029442891230795,0.071052204373696,13.3438551917019,0.030534887712694,0.0936050983590483,1.02035709353375,0.00123435822123072,0.0894380526486956,1.00288309926358,0.00558325896805221,0.0681286052739253,1.87853138201008,0.00633172217771262,0.475862463625219
0.0996266641016152,31.9556482303097,0.512615636466662,0.0764538860355658,1.00577451078852,0.00265304238841163,0.076675926470605,2.81911328467833,0.0315358177246327,0.0901072752764197,67.6795736840215,0.135182988226292,0.0887048072504882,1.02035709353375,0.0013144199995776,0.0899674268252708,2.55624161321588,0.0400866466411217,0.0566429179440071,3.10901742259474,0.0160841947860127,0.0990404680590048,1.00577451078852,0.00230958569057991,0.0704821221045842,1.00288309926358,0.00720930444502595,0.0862069168237145,1.00577451078852,0.00673462490292735,0.755726261271244
0.0870071564420067,17.3954538600703,0.29156520941789,0.0796878738087985,1.25899790157518,0.0121722621560416,0.0952224399110825,4.17018228211692,0.0568583350236716,0.0847309799442441,3.70588742997801,0.0618889612551243,0.0907515778992873,1.02035709353375,0.00228024230346195,0.0934363872690019,3.60071789654471,0.0502055606721542,0.0940762929908586,8.84069935203988,0.0583241896524382,0.0895552393380795,1.23743709481674,0.00303732076267143,0.0835543578277019,1.60343464412786,0.0208645495822078,0.0989381161241934,1.00288309926358,0.0123975541179124,0.569594184943574
0.092534486105254,149.750049956473,0.583705270524264,0.0877543876952904,1.00288309926358,0.00546879105456292,0.0559089734889143,4.67915618701786,0.0191348866180903,0.0733762497544854,5.80685504843578,0.0586800619301486,0.0766972074997309,1.00577451078852,0.00110454815508422,0.0954238666175918,1.90576794350953,0.037716774956787,0.0960852740061614,18.5809222819382,0.0675988694666891,0.0972944500639338,4.43008034640065,0.00400687843420288,0.0905694367566779,4.53329627591397,0.0331828229417469,0.0993534152823056,1.95017021036364,0.0158787623434887,0.826477666425065
0.0698850628270499,11.5974146743887,0.159185521478713,0.0900913808516212,1.00577451078852,0.0126232465956553,0.0978794701616667,1.89482624889294,0.0396732669569746,0.0998189764245863,3.98244730043134,0.0849948849558596,0.0911452185882777,1.00288309926358,0.00177329004871294,0.0939194446069315,8.76467231833321,0.0636031665326916,0.0847728392463957,31.5591124739724,0.0490937882217004,0.0957547641191034,1.00867425853989,0.00215962461052919,0.0776525015661122,2.6460963359074,0.0209293694462183,0.0653966209520005,1.00288309926358,0.00205334813543919,0.436089506982494
0.0782388219850365,14.2849392823464,0.216994977835179,0.0551273130881738,1.00577451078852,0.00506322908883386,0.0796878738087985,3.36032741709575,0.0362002780258846,0.0964128911902882,2.85998721049474,0.0615306208178499,0.0978365206528566,1.01158236655188,0.00228622925706095,0.0923096907266023,6.62911211113257,0.0575001860662049,0.0932084228253229,2.51970871206025,0.0404666386737454,0.099324700326228,1.00577451078852,0.00141878980080721,0.0402361056605354,1.00577451078852,0.00184845236671213,0.0858376869509331,1.00288309926358,0.00264392312708086,0.425953325059359
0.0895504448235056,39.9268137290769,0.435543522702993,0.0580562360800165,1.00577451078852,0.00189107873649448,0.0911648233882065,1.96708649096514,0.0363619552830841,0.0653653328240574,6.42246765119551,0.0481728694645686,0.0851931416777491,1.00288309926358,0.00122149006554541,0.0656951175458062,1.97844545312916,0.0200517095179352,0.0782389862771266,7.56780167843215,0.0365755014369232,0.0916040014614359,1.00867425853989,0.0016851373500007,0.0820943875407689,2.33126636583218,0.0228074346436509,0.0519120139567299,1.00288309926358,0.00140482266217596,0.605715521863372
0.0634573042294436,12.3492432709593,0.142464822919434,0.0732488323085429,1.00577451078852,0.00575330979514342,0.0900913808516212,2.14453349218355,0.0376211879041194,0.0781972872039314,5.37257572706184,0.0644901645021724,0.0967166839165262,1.00867425853989,0.00166023171890589,0.0887790483615239,1.54898606893921,0.028984764381176,0.0504147292275156,2.99480874260266,0.012884634362016,0.0933457669094885,1.02035709353375,0.00307529339626715,0.0796805251578785,2.50524216415549,0.0217413337241729,0.0998783492410909,13.6154972999402,0.0186933528446283,0.337369095548035
0.0510552817858875,9.96880749546136,0.091264556092969,0.0797494759675907,1.02035709353375,0.0114159880447389,0.0551273130881738,1.52245910708953,0.0138019546634492,0.0784576383709938,5.41917883794353,0.065133444768299,0.0986704113882772,1.01158236655188,0.00167482818731815,0.0784454537130748,1.19541686845759,0.0198256344614931,0.0984219549748017,3.40904833026788,0.0514520591875827,0.0999305124116413,1.00867425853989,0.00268489330222236,0.0948425362371251,7.50272113554967,0.0399070277458934,0.0866023084751056,1.00867425853989,0.00367766019382607,0.300838046647792
0.0993655145078988,114.501338871824,0.69196798347079,0.0920997007332994,1.00577451078852,0.00522400275008172,0.0732488323085429,1.0232988843187,0.0159761815463423,0.0920991322726279,3.49853297367273,0.0680733030103244,0.0819352623538331,1.00867425853989,0.00154578055422785,0.0728721569798144,3.54925770971272,0.0293780053530344,0.087758874733056,6.7058929175172,0.0472404236142078,0.0833626559185328,1.0232988843187,0.001387466893775,0.0931959911147524,3.52888015319671,0.033825792477181,0.0778291112525693,1.00867425853989,0.00368574132343855,0.898304680993403
0.0681286052739253,33.2588399535169,0.231246996836416,0.093596062205787,2.30457394564778,0.0202537298144118,0.0797494759675907,2.76286929599819,0.0338174965793144,0.0657430287452109,24.1460286404166,0.0587384458410066,0.0847621912936775,1.02624915657849,0.00165154598563898,0.085835818143611,1.74305193613896,0.0298018665764961,0.0941492961690079,42.3308183228056,0.0656680146792485,0.0881050582191342,1.0232988843187,0.00146815259240179,0.0645282337299588,4.97077500682395,0.0152848557690654,0.0946545948906408,2.39935784176774,0.014463336074089,0.472394440748089
0.0862069168237145,13.9225485943088,0.248646092176695,0.0858149113508872,6.61005466738882,0.0184844801337505,0.0718416203263255,2.01872085226992,0.0244677185434175,0.049963927977263,3.89177332396176,0.0257931735255021,0.0859055915545879,1.02035709353375,0.00131237613361271,0.0899234354888909,1.43314150019665,0.0278435222271204,0.086925859130343,1.52245910708953,0.0269533163724946,0.0908242484160789,1.00577451078852,0.00125287883823941,0.0874043140895191,1.04112859832463,0.0182364496240756,0.0986453297645934,1.00577451078852,0.00805149440833946,0.401041501983247
0.0989381161241934,30.5286951837017,0.493196052131076,0.0971691346191694,3.25557838997471,0.0236929652324159,0.093596062205787,6.31248050684326,0.0616624364015713,0.0807127393102977,5.74036800209287,0.0704962972552403,0.0970256412444781,1.00867425853989,0.00148922229035717,0.0710954243150983,1.42081696649143,0.0193422039280123,0.0951495753847812,64.4469398661078,0.0685292973157862,0.0967702223930142,1.00577451078852,0.00123906409337253,0.0928410022465898,1.31834782642385,0.0233495862373576,0.0823245123698038,1.00577451078852,0.00512878332707543,0.768125908212265
0.0860628237072578,169.311062133088,0.487743737287164,0.0949626274457498,1.00288309926358,0.0110697721236349,0.0858149113508872,14.257340102472,0.0560880880926387,0.0988309994568536,12.4171951294921,0.140629643943536,0.0822169723291744,1.01449885892793,0.00114416415981943,0.0790283409661451,1.18855355314224,0.0199378883880525,0.0891051335826665,2.71555413295041,0.0382238181974384,0.0942235752591505,1.01158236655188,0.00291203547904853,0.0799679746255854,1.00288309926358,0.0152636457830817,0.0757877265414806,1.00577451078852,0.00381055786015737,0.776823351314572
0.09229379841811,11.4657201812567,0.234339963787656,0.0809940848511215,1.00577451078852,0.0108254737898661,0.0814489840092314,1.47925317679908,0.0250119904158159,0.0647649841286591,3.92553157195246,0.0401777450745245,0.0906528368161759,1.01449885892793,0.00216322205566455,0.0977007932723207,5.25025074237118,0.0627897623664112,0.0992609010000187,1.70336542221432,0.0360360024719956,0.0979038532408016,1.00577451078852,0.00201871969293658,0.0613345191345442,1.00288309926358,0.00407564278396924,0.0847598091076121,1.00867425853989,0.00118174202960783,0.418620264468448
0.0993534152823056,71.8946855274423,0.643529792822165,0.0845921528639597,1.00577451078852,0.00932800763544383,0.0988167001050971,1.2232687477884,0.0269953498273445,0.0967893089484967,4.0518365057735,0.0819207726593388,0.0938206813136293,1.00288309926358,0.002811775311851,0.0900003955506408,1.50070065992818,0.0289015032879059,0.0854307576836764,1.61734325078285,0.027216586333894,0.0985719835375966,1.01158236655188,0.00204257564757097,0.0967083017446314,1.74305193613896,0.0291579122019276,0.0931308250266561,1.00288309926358,0.00577224432765182,0.857676520055093
0.0926584099441501,15.8765810965279,0.305479366124587,0.097853188170462,1.60805750536954,0.0205839522728491,0.0777586708074288,1.63137250428789,0.0248400777715796,0.0905467847987931,6.20437693319619,0.0917995818788801,0.0935421701578863,1.02920793476607,0.00105072822176709,0.0763223937836161,4.55947384416678,0.0344866741512242,0.0970100291900724,4.77441020717598,0.0560338567377223,0.0979259889247985,1.00867425853989,0.00304006865376266,0.0366966247023861,1.00288309926358,0.00402800895596572,0.0908478212881967,1.00867425853989,0.00698691020061329,0.548329224968951
0.06752419298268,17.0512425254688,0.184713298496136,0.0776101245284807,1.00577451078852,0.00511386675137221,0.0971691346191694,8.54049161663095,0.0724983836089816,0.0790740392953688,64.8190894156514,0.0955505623362998,0.0831650247287972,1.02624915657849,0.00147239783927035,0.096275971717887,5.01389279437678,0.0595178000522271,0.079405919363439,3.1450272019994,0.0316462642589355,0.0952538216534267,1.01158236655188,0.00159595502104613,0.0951543144036975,1.41673238639154,0.0253301448625961,0.0803991632505616,1.00577451078852,0.00521302846089046,0.482651701687755
0.0998783492410909,423.363173653855,0.765076075357413,0.0930104283998018,1.83048275359669,0.0190565059027816,0.0949626274457498,1.57144459943409,0.0327266792936441,0.0915785708126644,7.97031285410644,0.102826983219536,0.0886336320389989,1.00288309926358,0.00171930079253406,0.099710904918229,5.52949756842363,0.066563028562534,0.0915639433610361,1.47076025583445,0.0285648635954273,0.0881800228202985,1.01449885892793,0.00264900336529426,0.0935821122800571,5.57746185992785,0.0369764159852028,0.0620537329115192,1.00577451078852,0.00305067433045749,1.05920953040482
0.0946545948906408,80.8230477145972,0.582405518730213,0.0838675225769203,2.51970871206025,0.0157977680707898,0.088430693404751,1.37652687910296,0.0265174190356572,0.0733430491854137,3.88058521159597,0.0497686858026699,0.0921375369147346,1.00577451078852,0.00200235733286225,0.0932627342393977,3.45847564108692,0.04900674432528,0.0802632439247671,3.74881037659201,0.0338888012967403,0.0887988404861447,1.01158236655188,0.00284547682813649,0.080006819767489,2.85998721049474,0.022708362613538,0.0827050254769873,1.00867425853989,0.0044028922703624,0.789344026306249
0.0986453297645934,14.0022770388297,0.305514255734436,0.0956715855572308,4.98510624458552,0.0239854241334705,0.0809940848511215,2.25210247070889,0.0319569722146465,0.05215307737265,4.20635552139048,0.0284091756972135,0.0935323260183863,1.01449885892793,0.00106213908168754,0.099164886103664,17.0926028588123,0.0797722766749457,0.0528430192290048,1.21624552488348,0.0107176740165733,0.0956797178434005,1.00577451078852,0.002670305939242,0.0924868897768229,1.00288309926358,0.0115126235779008,0.0916222824379021,5.01389279437678,0.0141462784543777,0.509747125524494
0.0823245123698038,10.0545605771008,0.179298855409459,0.0849261984935982,1.00577451078852,0.00487950625357601,0.0845921528639597,1.54009278652809,0.0272389281664669,0.0957555761419215,15.189566737098,0.13605544990301,0.0985303458390669,1.00288309926358,0.00260715394886582,0.0875785096522493,8.51593931825384,0.0528152014609053,0.0632980277626115,1.53125056362849,0.0159370543267106,0.0918775350161677,1.00867425853989,0.00108594922821637,0.0612560673700497,1.98987000774274,0.0120488945522681,0.0621745572832799,1.00288309926358,0.00395268525441686,0.435919678503895
0.0967780994925391,11.7977980246669,0.255578280956637,0.0995836429311584,1.00288309926358,0.0173880255376426,0.097853188170462,4.58580257506987,0.062702863325415,0.0667592561302917,14.0940971036004,0.0581489894515754,0.0923978784151271,1.00577451078852,0.00272501123541294,0.0793633654101313,3.17230798106454,0.0339340233607566,0.0725142855118368,4.25507507288674,0.0280056400592937,0.0960802625827201,1.01158236655188,0.00167879657978077,0.0866247209318082,1.00288309926358,0.00175820794117254,0.0903475058829537,1.00288309926358,0.00700368374101483,0.468923522188701
0.0757877265414806,7.55730435850465,0.122372135525232,0.0939072878171882,6.01097243209366,0.0234155161755121,0.0930104283998018,5.29579277470977,0.0578903610635583,0.0646613426788619,7.97031285410644,0.0493579487639019,0.0827005873862088,1.00867425853989,0.00182523379512439,0.0774614445841419,2.46943812909056,0.0295422284182003,0.0968670771123439,1.04112859832463,0.0225430606842835,0.0998225050009448,1.78366310156055,0.00423695568352321,0.0897082195301039,1.81474121907939,0.0254195088776034,0.0927912730323769,1.00288309926358,0.00728449285102014,0.343887441837959
0.0931308250266561,9.99731028324292,0.207086305322618,0.0621634116657807,1.00288309926358,0.006307209764322,0.0823662336313641,2.66904925964653,0.035503315528384,0.0945920936440268,11.4225861207707,0.123122972460435,0.0901383042187592,1.01158236655188,0.00191590882983606,0.0623033098016301,4.98510624458552,0.0226908507670513,0.0997394335882263,15.0156499750721,0.0732441831890497,0.0935711784762252,1.00577451078852,0.00118068465610073,0.0684411867756277,1.00288309926358,0.0081204319369814,0.0928790692779036,1.00577451078852,0.00594797056550628,0.485119833020284
0.0682450795028772,44.5023764136696,0.244597309553645,0.0791252110244171,1.00577451078852,0.00627033716630281,0.0516965391171377,3.44853317762211,0.0156511086798172,0.0625302329148881,4.37935702804035,0.0395160804876956,0.0873047773747628,1.00288309926358,0.00172068497180161,0.0660360724102324,1.1028352210931,0.0146687061608481,0.0535785129215669,2.1944987299355,0.0134427524163974,0.0989885411651383,1.00577451078852,0.00347069541049878,0.0472043288385889,1.00288309926358,0.00555777380791126,0.0997398063356041,1.00288309926358,0.0132746268521227,0.35817007550704
0.0869462255212034,10.1700465856493,0.194438826984055,0.0957275330836057,2.50524216415549,0.0219394051381399,0.0838675225769203,6.27623830106248,0.0476231048805706,0.0872180699350064,3.27437776251048,0.0596563891513408,0.0952407134677082,1.01158236655188,0.00161151719743219,0.0881639480074365,1.84105289600553,0.0323316210473464,0.0954215656404997,2.98619923379083,0.0457252313046702,0.0818525734594937,1.00577451078852,0.00159056720797151,0.0895045258379882,1.00288309926358,0.00666534898762693,0.0963292173508157,1.00867425853989,0.0106542678708283,0.422236279769982
0.0908478212881967,13.3008486998171,0.259540870674529,0.0730802955583967,1.31834782642385,0.010247078403783,0.0956715855572308,12.9651693704974,0.0734198294616193,0.0362870648310249,1.31834782642385,0.0092112781881916,0.0852006924341225,1.00288309926358,0.00140125421702077,0.0800041084170577,14.716073490575,0.0446904439629498,0.0651967883249415,4.80198009042612,0.0228100222670315,0.0883272727235891,1.0232988843187,0.00136964669509622,0.0962127462713946,1.00288309926358,0.00264639219008081,0.0921173663155696,1.00288309926358,0.00363440741697431,0.428971223477276
0.072717267671495,13.8432741205849,0.188301726615856,0.0835918969576479,1.96143148928283,0.0150532919682497,0.0995836429311584,2.81911328467833,0.0526335051185999,0.0939876447236221,7.85640396138943,0.108624603590257,0.09335683879785,1.00577451078852,0.00184937673673418,0.0979439654290241,1.11882507338448,0.0244518178817705,0.0992238648991948,3.26496454563336,0.05150804501874,0.0952687606221964,1.01158236655188,0.00349771346083291,0.0996466137759453,14.298445429222,0.048413652411211,0.0867092811104807,1.00288309926358,0.00724907220967441,0.501582805011926
0.0803991632505616,10.6454084991609,0.182936927389292,0.0983058133818994,1.57597523020146,0.020765638677434,0.0684775884479176,1.61269369477906,0.0201006027823742,0.0932600261047494,12.1344753910871,0.121169228531313,0.0922267244473517,1.79396288338358,0.00283725184902946,0.085517527076821,1.57144459943409,0.0276507381801092,0.091620974876615,3.33142973427318,0.0437113458808691,0.0918988614331693,1.01158236655188,0.00173248684205361,0.0929112686080121,1.00288309926358,0.00461192604649855,0.0559357021064516,1.00288309926358,0.00276511554929991,0.428281261728273
0.0598245030599364,48.8992212562289,0.189283182245734,0.0770583786796651,1.00577451078852,0.00332064538053885,0.0939072878171882,15.9974592566334,0.0716242290461339,0.0921517849129352,3.78132852701561,0.0722421219417432,0.0851127635915548,1.0232988843187,0.00121637088121492,0.0952146784606524,3.85830538552188,0.0535536815976942,0.094822430846231,10.2980071327174,0.0611925193861668,0.0957216534245192,1.00867425853989,0.00222739937008095,0.0946959844746298,1.45811221351425,0.0255732589269052,0.0867748990247294,1.00577451078852,0.00400739988057362,0.484240808656786
0.0620537329115192,6.93694192261966,0.0895570534884716,0.0745722641899257,1.00577451078852,0.00371677566666343,0.0442762776360574,2.10780755947618,0.0108187523932437,0.0887048017574724,5.14550325140415,0.0804845121048214,0.0959297198254521,1.35685404373703,0.00313799155669791,0.0824815020766275,1.23033252636976,0.0217410077963251,0.031434026031057,1.12205075712963,0.00482879486486407,0.0897172660779215,1.0232988843187,0.00124586989057338,0.0972526914931762,2.86823283751515,0.0353552154237722,0.0893582056999093,1.00288309926358,0.0101397192713635,0.261025692456796
0.0827050254769873,8.25668525293528,0.147951716479896,0.0825254432915277,1.00288309926358,0.0084257013899631,0.0621634116657807,1.71814085427452,0.0177213458327953,0.0710583139900427,3.15409462760941,0.0421791941382365,0.0983799156660535,1.00867425853989,0.00230779654126043,0.0777747081429126,1.87313095952011,0.0263028285046087,0.0673186833843744,4.14623977579979,0.0239603199174849,0.0746236046310651,1.01158236655188,0.00102212272820701,0.0886644588983861,2.44820179377353,0.0274816893953879,0.0959509337070881,1.00867425853989,0.00869125841741259,0.306043973345252
0.0916222824379021,133.207458191346,0.568713589119215,0.0578118582512724,1.00867425853989,0.00241595566672504,0.0791252110244171,1.02920793476607,0.0176051718938308,0.0888071497379232,2.97761447568876,0.0569765369663603,0.0882401563185877,1.00577451078852,0.00109870910956706,0.09524096445059,3.4784466459882,0.0515286645580363,0.0981263883231911,26.3241943658462,0.0728555133619681,0.0915661303593066,1.46231609576324,0.0032759733654548,0.0729114238378637,1.00288309926358,0.0086344300827296,0.0972851893956711,1.00288309926358,0.00635354098238242,0.789458085106269
0.0813652175438696,19.3336722306986,0.273242806025366,0.0960306254751873,7.41681684421187,0.0252896898966975,0.0628625568237822,1.00577451078852,0.0129396211839916,0.0577719137256027,2.51970871206025,0.0269457875985985,0.086033223598812,1.00288309926358,0.00215708885701203,0.095310116249344,6.59105201019205,0.0625209891316167,0.0998775311883077,1.40859841962076,0.0312729789025895,0.0947373131814073,1.01158236655188,0.00133543462077503,0.0941378204206317,1.36076598863131,0.0243061667718668,0.0539079468992223,1.00288309926358,0.00157478786607155,0.461585350854585
0.0587172828186347,22.1734116070083,0.156707036017295,0.0716377403213924,1.00288309926358,0.00262806226682071,0.0957275330836057,7.00182581890258,0.0669734682434544,0.0873636524665464,2.67674439360146,0.0509425303686099,0.0907683917591151,1.00867425853989,0.00120160163133599,0.0407893793698512,1.01158236655188,0.00703850999436239,0.0889505566479776,2.21991621862324,0.0347491791046724,0.0896078433927693,1.017423759841,0.00242608037623676,0.081497124040854,1.00288309926358,0.00631896781806632,0.0915629239931414,1.41265954868704,0.0121847642075959,0.34117020002845
0.0621745572832799,10.8913578086212,0.128509815735432,0.064734488973466,1.00577451078852,0.00656955641083102,0.0730802955583967,3.23688695135292,0.0301346305872616,0.0881712529504561,11.4225861207707,0.104569572659412,0.0854981015677083,1.00867425853989,0.00130840663678485,0.0736982742257281,2.00713065465068,0.0246536051515725,0.0763012049723288,3.95958264771409,0.0307724169914931,0.0838422657496094,1.39247031798524,0.00257924484447138,0.091441633842358,2.77083492243083,0.0304013188640439,0.0945639968401266,1.64552345116496,0.0135983116369964,0.373096879518299
0.0903475058829537,13.415264467696,0.260265225240473,0.0963205212820539,1.00288309926358,0.0120144015997078,0.0911346057363393,2.03623175886238,0.0370880223708395,0.0941528243570887,39.1650084479089,0.147951408387684,0.0857530826032641,1.01158236655188,0.00110847552481142,0.0979138376158912,7.83381828565906,0.0692389352520431,0.0761615607411358,1.26991877487462,0.0193686816853568,0.0894381224981802,1.02035709353375,0.00144832675010721,0.0624952873514304,1.00288309926358,0.00202368240522883,0.0825961237340753,1.00577451078852,0.00196533375912189,0.552472492975374
0.0927912730323769,13.5306644560734,0.272391786247965,0.0525337754537603,1.00867425853989,0.00505919508791582,0.0835918969576479,5.2653877364201,0.0452774952424307,0.0904182635748647,2.67674439360146,0.0533039821833321,0.0956900868016344,1.00867425853989,0.00241906004423328,0.0817454808358256,3.75961856902805,0.0380504441751176,0.0995371414503973,3.97099851752979,0.0559317361707033,0.097381863112684,1.00867425853989,0.00367976876397931,0.0788297688869859,1.8199732981517,0.0194577263827338,0.0921776266766527,1.60805750536954,0.0126688222098932,0.508240016508304
0.0928790692779036,10.4050132320787,0.214674930007618,0.0737729337156174,3.10007958542497,0.0119432550030367,0.0983058133818994,4.62558101221893,0.0632752999426002,0.0926429756384581,36.4452060637106,0.139974673891385,0.0908269446586631,1.01158236655188,0.00262384754756978,0.0718365952099407,2.37188579111585,0.025311352207233,0.0762424015810686,1.1715671660767,0.0183273748859243,0.0941226599419621,1.02035709353375,0.00152764553695924,0.0999056826420582,5.37257572706184,0.0435576683765486,0.0782771131146926,1.00577451078852,0.0020550175110101,0.523271064909885
0.0997398063356041,35.112873494103,0.531071874675467,0.0962253532918238,7.78884153617836,0.0254076327372838,0.0875790851758439,2.4062754285944,0.0380284333159123,0.0786486411907229,7.16496054867685,0.0721611769300422,0.0796934351651061,1.00867425853989,0.00185702583162441,0.0807714956793729,1.96708649096514,0.0287488732251069,0.0729802091754566,1.3686237465133,0.0189625122656068,0.0874317685724489,1.01158236655188,0.00206796419524127,0.0879295873417359,2.2456281019818,0.0261172208058268,0.0542858330319473,1.00288309926358,0.0035817025350445,0.748004416517156
0.0963292173508157,23.8820457636572,0.41791335553912,0.0762159526143505,2.89311263070037,0.0128305995895563,0.0912787848360625,59.9714412603752,0.0710970656418494,0.0653410261758969,1.80432214140788,0.0246786854862367,0.0897763675949412,1.04714060664789,0.00255581663357221,0.0694883389166039,2.35148837301477,0.0237109594161014,0.0938747134425506,5.38806539618403,0.0531200926027504,0.0963060300327704,1.01158236655188,0.00317710441758465,0.0967428980951003,1.00288309926358,0.0163362564175748,0.0899675098708144,1.00288309926358,0.00246953616789179,0.627889471912238
0.0867092811104807,15.562424351202,0.270862168607727,0.0846083703441443,1.00577451078852,0.00565904701029795,0.0825254432915277,1.39648494813358,0.0243960454752262,0.0371711783764112,1.1817296425721,0.0085053594752748,0.0882113822683244,1.017423759841,0.00162849575013458,0.0925748840693459,1.14160110005127,0.0234662072328166,0.0977459614089952,5.79016143825715,0.0598452902047301,0.080254871828846,1.00288309926358,0.00140656820097181,0.0875711510514915,1.00288309926358,0.00663581396878991,0.0728008210144449,2.1944987299355,0.00745973395265993,0.409864729878629
0.0845149354788291,18.9511085347577,0.289449226933506,0.0941602704444765,24.8512842698056,0.0248460019674029,0.0960306254751873,20.1988354669711,0.0775291599484991,0.0432094719229151,2.77882351455518,0.0182126043619999,0.0836293913913169,1.00577451078852,0.00189803378293227,0.091684202130196,11.1304219326752,0.0619092095373122,0.0880858133082778,2.73123512958793,0.0374961601249643,0.091919688511373,1.01158236655188,0.00259068976499919,0.0923930801162288,1.00288309926358,0.0140744208737488,0.0932976094060152,1.00867425853989,0.00187588448050116,0.529881391775866
0.0559357021064516,6.76096055465395,0.0772253809837336,0.0459159992345839,1.00288309926358,0.00189218062185892,0.064734488973466,1.64079288241399,0.0185479174587827,0.092642763214456,2.56361151152847,0.0527149714435752,0.0964523244376121,1.00867425853989,0.00244097969068693,0.074938621019571,4.66570449781614,0.0332934504159021,0.0976307869931595,1.26262771749805,0.0274958436527981,0.0843279452513123,1.03217524340486,0.0010039426287472,0.0961745305389506,1.15482354244809,0.0228549433379155,0.0988202835384911,2.57841511385935,0.0162963003647413,0.253765910598742
0.0893582056999093,29.8392943182548,0.395692904847152,0.0543640886777976,1.01158236655188,0.00302940889955677,0.0963205212820539,1.70336542221432,0.0357029091497644,0.0687113498391847,3.91424641100743,0.0445269093685591,0.0833127205660303,1.0232988843187,0.00168708103162723,0.0554398785957117,2.25859550568368,0.0154888299404987,0.0728187697116655,1.017423759841,0.0154535026981143,0.0975285868545074,1.00288309926358,0.00168755745151771,0.0992303951233716,1.8570226648111,0.0314429160078544,0.0793487077548445,1.97844545312916,0.00901959580384377,0.553731615198489
0.0959509337070881,16.6186742527891,0.333142053444689,0.0945346368390668,1.00288309926358,0.0067190313284345,0.0811211623222342,1.62668261683323,0.0265283676685439,0.0442572145413903,1.39648494813358,0.0122396356787454,0.097810079709509,1.00867425853989,0.00263220868680409,0.0709566132114804,1.15482354244809,0.0167863343733536,0.0884759602250501,1.32214875407135,0.0250018479598073,0.0999791252339462,1.01158236655188,0.00220925354631659,0.0965873375324296,2.56361151152847,0.0337825100314427,0.059517246639616,1.00288309926358,0.00151336571088688,0.460554608429024
0.0972851893956711,10.6758458227262,0.232189227898414,0.0837557987448042,1.79396288338358,0.0148438032725603,0.0525337754537603,1.85168407581574,0.013789244797543,0.043264473647396,3.77045792255574,0.0202848531558006,0.0842991054049277,1.0232988843187,0.00128514842025445,0.0822148691076946,4.15819379664401,0.0396974887321386,0.0945852628326751,2.2071708865269,0.0391258947497434,0.0813394272672917,1.00867425853989,0.00178323711764621,0.0992833061017355,5.85722521042959,0.0438480161731749,0.0998929060411038,1.00867425853989,0.00911728362929503,0.41596419794657
0.0915629239931414,48.620790909634,0.484006856562661,0.0794330474253434,1.00577451078852,0.00392691091909879,0.0737729337156174,6.27623830106248,0.0354787486397045,0.0777817010643706,6.64822449937834,0.068960621720079,0.0876776990880268,1.01158236655188,0.00196655849001939,0.0714996752777889,5.14550325140415,0.0306041146881257,0.0886736484788828,16.3701822092467,0.0532423941910831,0.0879414274176128,1.01449885892793,0.00150837287085938,0.0910152364836213,1.32214875407135,0.0223999659192562,0.0978681874151754,1.00867425853989,0.00279478627502993,0.704889330275917
0.0945639968401266,57.2136747667249,0.545049994156327,0.0991343081339158,1.00288309926358,0.0125001276667888,0.0962253532918238,18.1056638759021,0.0779007606791133,0.0913405795167329,10.2684023095805,0.110589115004977,0.0901122503467053,1.01158236655188,0.00225386220207969,0.0978576038504265,1.29950646550457,0.0285219293651516,0.0928714846683143,1.11240149892777,0.02297683351261,0.0996935341717373,1.01158236655188,0.00215881840884142,0.0894270679175932,1.00288309926358,0.00373378410996487,0.0932984175781992,1.00867425853989,0.00854252594390001,0.814227751049754
0.0576868582799304,51.7727434801041,0.17764535908484,0.0540985305525628,1.01158236655188,0.00194464690998207,0.0762159526143505,6.47817779606607,0.0382744918575061,0.0519505008435174,3.6740180475533,0.0270455910438278,0.0941180629649529,1.00577451078852,0.00106503727263357,0.0754477417646292,2.99480874260266,0.0301433693542297,0.040010542013291,1.19198027101602,0.00697209622670232,0.0943542057469237,1.00577451078852,0.00301484581274656,0.0420042535810839,1.00288309926358,0.00505890137363892,0.093959498604575,1.00577451078852,0.0113366214680469,0.302500960404154
0.0921776266766527,55.7622368184033,0.504910590404885,0.0655840581315381,1.00577451078852,0.00321910407544395,0.0470177292684734,3.16318819550752,0.0130162949840881,0.0557380464874472,2.09570588324384,0.0226978628712721,0.0789370230063218,1.00577451078852,0.00149460114953797,0.0891378655410322,1.68386231169735,0.0309118741840656,0.081009476279396,1.00577451078852,0.0175967138685264,0.0756552288886667,1.00288309926358,0.00182587691725514,0.0994291968824823,1.00867425853989,0.0218864076398199,0.0826770522916285,1.00867425853989,0.00536925424980586,0.6229285803447
0.056764439843231,34.2221046827699,0.162433049562272,0.0660631645337063,1.02920793476607,0.00786532822140916,0.0941602704444765,30.2252632807581,0.076131239075379,0.0856436729178825,2.27818714703702,0.042756718801043,0.0779375168237894,1.00867425853989,0.00114165132847816,0.0921272747706017,3.27437776251048,0.0469361023696595,0.0990238120920875,1.5850757161707,0.0339735696417175,0.0973400227348983,1.00577451078852,0.00356354702930269,0.0973104274696862,1.00288309926358,0.0199673542352598,0.097771904156161,1.00577451078852,0.00736613229290866,0.40213469255743
0.0735810328308314,12.0703719026488,0.176650833415458,0.0874907427969671,2.77882351455518,0.0178273857773439,0.0837557987448042,4.87160332233193,0.0446174623656009,0.094010688823177,10.1216499350543,0.118174531744729,0.0803546816329282,1.00288309926358,0.0017617493832777,0.0923561375655806,2.41321295951054,0.0408296352393841,0.0827022754758649,1.05926897298544,0.0189414480556151,0.0851012685221474,1.01449885892793,0.00193572339239746,0.0972163445763664,5.2653877364201,0.0406544348204031,0.0793521589834246,1.37652687910296,0.00862987855163811,0.470023082745847
0.0967460020820856,12.5268003303755,0.269397912776072,0.0959362580277482,10.3873347090322,0.0257102765498094,0.0991343081339158,1.70827639380871,0.0372332789501565,0.0940934324463343,26.6290908341743,0.141419367879782,0.0930814995040596,1.00288309926358,0.00155568014407855,0.096628413417001,1.53566531100084,0.0326185451946094,0.0879299486826083,1.83048275359669,0.0307906297139265,0.0833656028892023,1.0232988843187,0.00134916670236659,0.087844181081896,5.56142771178757,0.0314769711414302,0.0944090630777237,1.00867425853989,0.010815018233198,0.582366847285429
0.0542858330319473,12.5626169244427,0.11248916534019,0.0933254190054852,4.3416960341386,0.0222137875657137,0.0660631645337063,2.42017049201696,0.0226304861770426,0.0353194434773331,2.57100265798945,0.013193961938054,0.0875243014179398,1.00288309926358,0.00123505414693999,0.0960309396989743,1.63607591315362,0.0339717661716061,0.082853406053601,5.85722521042959,0.0402309211973203,0.0784443158538277,1.00288309926358,0.00185178777735082,0.0999235525802337,1.28093437865255,0.0260665755925734,0.0894228901731449,2.33126636583218,0.0124805399267452,0.286364045833536
0.0549758131089844,5.48897419860979,0.0605212898341279,0.0828439557236082,1.50502732889567,0.0138167759379964,0.0872698255408746,1.3490638599235,0.0256108479039018,0.0703529311604277,4.8997344482741,0.0510735991061922,0.0863230145519079,1.02035709353375,0.0010728846115052,0.0977254723235364,17.2905756504487,0.0763709259544034,0.0803140442199753,1.48351801054375,0.0233142726952787,0.0921542904381416,1.01158236655188,0.00213010784493875,0.0595347450484493,1.64552345116496,0.0109376987378208,0.0889198785476823,4.00544398533237,0.0128012664510778,0.277649669077243
0.0319795883411267,7.62231335159879,0.0415742796302228,0.0645123757764719,1.00288309926358,0.0010526763693831,0.0874907427969671,7.18561784115829,0.0540177908053299,0.0496295023455501,2.96051892720402,0.0231152248974052,0.0958951128662218,1.00577451078852,0.00137454597066253,0.0675970872747572,2.69996316651677,0.0235021299336539,0.0976036788121616,4.92802801770652,0.0571677615488636,0.0933354625574519,1.85168407581574,0.00350771593971581,0.0704906323541732,1.00288309926358,0.00425026346587259,0.0694439881742226,1.00577451078852,0.0048951011699753,0.214457489731085
0.0728008210144449,43.7465120343619,0.279959460637214,0.082201331442694,1.00288309926358,0.00215312552952592,0.0959362580277482,27.0930697176532,0.0788542959788516,0.0842021702415139,2.39935784176774,0.0441310924009321,0.08793231877825,1.01449885892793,0.00199276382749692,0.0837914224849457,3.53905426496764,0.0394367230246761,0.0802536025236682,2.67674439360146,0.0308526327907725,0.0993952951090027,1.01158236655188,0.00342594150621827,0.0879950667132142,6.68661474347447,0.0326045053897755,0.0656000562973075,1.01158236655188,0.00542405016006624,0.518834591245529
0.0988202835384911,89.0623037782329,0.661560904019277,0.0873440068872725,1.00288309926358,0.00609191761075395,0.0933254190054852,10.9398093223365,0.0678379608234816,0.0965516591524915,8.68929909148323,0.119760199308048,0.081376046937308,1.05926897298544,0.0011145272004275,0.0892401496432043,2.2008256876077,0.0366529944186389,0.0988570633539661,1.71814085427452,0.0359427092221234,0.0824565264705721,1.02920793476607,0.00205806596401736,0.0907088363853498,7.56780167843215,0.0357364406914116,0.0949990788882221,1.00288309926358,0.00842718280089541,0.975182902059075
0.0793487077548445,49.0390337791194,0.347321092534706,0.0685556689516954,1.00288309926358,0.00105376773052556,0.0828439557236082,3.99392909131044,0.0413816228183448,0.064708225228565,4.18220533158347,0.0412745857264655,0.0838210958590947,1.017423759841,0.00145261090597573,0.0878940150234393,1.44974067037263,0.0271210939330979,0.088422703031191,1.52684850782001,0.0277049685725043,0.0899370149097483,1.00867425853989,0.00172397434647772,0.0907692141470136,1.09335121002246,0.0200032580840529,0.0709271234436547,1.56242237457588,0.00677670401710921,0.51581367866926
0.0447928300009391,15.0812616012162,0.0887730836053167,0.0743178580379121,1.00577451078852,0.00477733001775236,0.0841333280841928,2.55624161321588,0.0363754102201447,0.0669968246136247,1.74305193613896,0.024601666141537,0.0832544291852021,1.03217524340486,0.0014717369451608,0.0905911925130654,3.36032741709575,0.0457641809843867,0.0845743023437139,1.11882507338448,0.0204645940086586,0.0908340651019332,1.00577451078852,0.00148442916620761,0.0815384434672492,2.49085867387056,0.0227624651615265,0.0913385227175044,2.43414579263315,0.0131315571421106,0.259606453392802
0.0984685630654482,10.1991247557003,0.224224569231741,0.0928436483945247,1.9841495077581,0.0192543566117227,0.0994008924937827,1.64552345116496,0.0362948227829479,0.0589615285477742,2.85176528809274,0.0297309018697012,0.08133671540105,1.04413027541975,0.00138764104315461,0.0737428039558437,1.51371812544339,0.0213523555758654,0.0794243462418035,1.42902148939294,0.0223092315989103,0.0749052343536342,1.00867425853989,0.00160714799594363,0.0710272955680323,4.87160332233193,0.0187189093493766,0.0897116771301278,2.54889290196729,0.0126677717675506,0.387547707826914
0.0879359786801126,23.4094814424587,0.346626609540542,0.0554095171547444,1.00577451078852,0.00181863191053691,0.0928436483945247,5.56142771178757,0.0585137263109072,0.090373221179591,4.74699861247518,0.0801443592679344,0.0981458721420054,1.01158236655188,0.00211872249713519,0.080010609380253,2.27163778979815,0.0304255585144067,0.0838609039398266,3.15409462760941,0.035710867540648,0.0841792630581898,1.035151107089,0.00170598270885705,0.081532116920311,1.50936647207927,0.0194944195765528,0.0744759654894191,1.31834782642385,0.00738587913992015,0.58394475700744
0.0998929060411038,16.3364092388438,0.351539678516484,0.0445005937917864,1.00288309926358,0.00189909071671567,0.0817134209099248,1.98987000774274,0.0303774886653053,0.086899037422988,42.8211093770612,0.11946925430525,0.0872217718686261,1.0232988843187,0.00208556785811267,0.0783140667884339,5.92506573979369,0.0382587032046029,0.0677481721619904,1.09335121002246,0.0147273307902083,0.0992521242836851,1.00288309926358,0.00344804791785248,0.0982990847417688,6.53437118513655,0.043149755677152,0.0601103219372993,1.017423759841,0.00245252848008994,0.607407446131773
0.0836162604943757,186.570955625928,0.456766204249977,0.0755815092929194,1.00288309926358,0.00930596704134871,0.0733417061816377,2.41321295951054,0.0273257022208686,0.0540013772659686,4.08698318318596,0.0299171077934117,0.0815983656316784,1.01158236655188,0.00144277189794169,0.0985290404872611,13.6154972999402,0.0760434091518213,0.0969687215487342,1.37652687910296,0.0294920955696447,0.0861950333282951,1.00288309926358,0.00233768994974379,0.0899641668376692,3.15409462760941,0.0303725788188137,0.0929557901081895,1.00867425853989,0.00675775864166992,0.669761285335241
0.0932984175781992,17.2964047929685,0.326719137130431,0.0963227206511783,1.00288309926358,0.0151356335175542,0.0755815092929194,2.10174801133249,0.0271694851987699,0.0476130471898306,1.48779514022745,0.0141272543546301,0.0888698542834026,1.017423759841,0.00221501290187496,0.0954054179473597,40.6585876047624,0.0756078556275897,0.0629904466991986,2.42017049201696,0.0186187493005175,0.0766615533917945,1.00288309926358,0.00180853130688594,0.0396766735435212,1.00288309926358,0.00244974032264578,0.062860067519259,1.00577451078852,0.00413481043920641,0.487986210100105
0.0821827193890063,11.2388430398205,0.196994491813944,0.0775220763675737,1.00288309926358,0.00574215923591813,0.0963227206511783,2.44116367657533,0.0455369275210612,0.0851299064136111,7.22711126890421,0.0852092813498108,0.0913011563262915,1.01158236655188,0.00179364335686152,0.0903801385262676,5.56142771178757,0.0529238278574035,0.0650908552654151,2.14453349218355,0.0189588283905003,0.0956553208145682,1.03217524340486,0.00207349529648371,0.0887408574251144,2.77083492243083,0.0283824511557168,0.0823269578882916,3.08228092099346,0.0103657809432168,0.447980886920917
0.093959498604575,31.50270328173,0.447380357251413,0.0982897402833717,1.00577451078852,0.0133211795112969,0.0982897402833717,1.88937898174206,0.0398201546246339,0.0557394398704756,5.95928009583079,0.0351257025615052,0.0909207821864994,1.00288309926358,0.0020999597729581,0.0811248182406965,4.53329627591397,0.0390481137157218,0.0839205157178952,1.68871705388817,0.0271337176243896,0.0770799886292419,1.00867425853989,0.00180270912970661,0.0977436421775711,1.5850757161707,0.0283368757878328,0.0991280958595384,1.5896456468007,0.0152660289729843,0.649334798952442
0.0826770522916285,10.6150579537939,0.18968343771508,0.0978968437067992,2.95200799512719,0.0237545365231533,0.0978968437067992,8.22675961020021,0.0726923753469214,0.0872885326812841,4.95648496866088,0.0768173130845367,0.0809913352315567,1.00867425853989,0.0012731480539861,0.081156462871896,3.37001557459736,0.0363621597948388,0.0684236814713018,7.18561784115829,0.0265656482434335,0.0827681409412555,1.0232988843187,0.00194915146928676,0.0524637097943804,1.00288309926358,0.00738501556049755,0.0622127800227959,1.00577451078852,0.00290707282785324,0.439389858619587
0.097771904156161,12.6345576255084,0.275917333096,0.0995491235638268,1.00288309926358,0.00600416844064515,0.0698792239666144,2.66904925964653,0.0259509422323627,0.0908022594456039,2.85176528809274,0.056732364216024,0.0907675992572654,1.00867425853989,0.00124808929906233,0.0810537047970256,5.14550325140415,0.0401913930295229,0.0605544753172939,5.5136013085513,0.0199445853414888,0.0841913932061488,1.0232988843187,0.00106601010146998,0.0863299606760784,2.96051892720402,0.027062843182915,0.0622054701832455,1.20231981606127,0.004960988019351,0.459078716958842
0.0610429579885466,31.5927757268638,0.183878774356725,0.0698792239666144,1.09335121002246,0.00891921209983686,0.0895409928462041,8.20310923201435,0.0580191272754689,0.0795131129747817,4.59902389909696,0.0624616055676695,0.0993987470744152,1.00577451078852,0.00293142215381795,0.0915522076033798,6.84240540686637,0.0565584216201656,0.0995185457979176,3.73803325566538,0.0545464421933254,0.0979223516039328,1.00867425853989,0.00380447317593561,0.0932227602070629,16.1827476936424,0.0406288467579631,0.0589936402465,1.00577451078852,0.00260168855602383,0.474350013756932
0.0793521589834246,39.0251839747185,0.33049140337521,0.0967830954552566,1.00288309926358,0.00773927928517471,0.0955523432267605,4.45566189315493,0.0586100121569137,0.0988162917157187,6.13333836012256,0.1081911957063,0.0840871589849767,1.035151107089,0.00192985612833029,0.0959280524293717,1.54009278652809,0.0324275965852597,0.0992247899603845,32.3875125587801,0.0759116525962706,0.0895688860258849,1.01449885892793,0.00274023494213816,0.0829273436668797,4.52026390637434,0.0266660530343741,0.0955728880992354,1.00867425853989,0.00931445984196785,0.654021743651939
0.0944090630777237,26.8478776994092,0.424855256662684,0.0895409928462041,3.08228092099346,0.0190973751787358,0.0358313277157398,1.01158236655188,0.00606636638759241,0.0570721256636293,1.52684850782001,0.0178892562464298,0.0911690298579955,1.017423759841,0.00233908961768453,0.0474362702468988,1.02035709353375,0.0087480536644132,0.0945174857782019,3.63195145450856,0.0481807752581234,0.0881262941880888,1.12853005133194,0.00290884872067221,0.0904398492155892,4.27964604980107,0.0327522284410481,0.0947161470148564,1.00577451078852,0.0092910816091129,0.572128331786496
0.0644686778222159,38.6923469738653,0.213285663117562,0.0955523432267605,1.54898606893921,0.019284916901977,0.0872480510313255,1.2517695448338,0.0239213379866734,0.0859314910595297,4.61228334151361,0.0720826581521194,0.0918478904185171,1.00288309926358,0.00179985667431812,0.0848713756899874,6.27623830106248,0.0467700911325194,0.0901060375265443,1.4455729400936,0.0274632044995425,0.0970668149559322,1.00577451078852,0.00248729854299309,0.0779431463067352,1.54453302690677,0.017926920666855,0.0962153683220086,1.00577451078852,0.00992476117410046,0.43494670884866
0.0894228901731449,77.4347313061845,0.496779740970617,0.0623963201651663,1.00577451078852,0.00414414606717251,0.096557104479328,1.90576794350953,0.0390446945055013,0.0497760544450636,8.15601225127809,0.0300331370798911,0.0777388285952294,1.00577451078852,0.00142993888412228,0.0725082078417738,2.15691712397049,0.0247796119520123,0.0941731326556008,10.9713498785374,0.0603907992661932,0.0947227711451364,1.01158236655188,0.00218097515936863,0.0831752647429206,1.00288309926358,0.015648703838696,0.0954001982494381,1.00288309926358,0.0101058541607237,0.684537601884298
0.084794517952661,14.0423123119632,0.243771176007036,0.0791420373163698,1.00577451078852,0.00473886599683231,0.0927030238707086,6.1687553886527,0.0598942992187608,0.081718888233506,2.21353437928443,0.0393435422726102,0.0917292042971596,1.00867425853989,0.00126166626584861,0.0963243148144801,2.68446171339143,0.0469877999262536,0.0900168200319108,2.63848930932274,0.0386614173033848,0.0783067346952059,1.00577451078852,0.00127030757028163,0.0519911118233038,1.00288309926358,0.00536248433088193,0.0970349063066713,1.00577451078852,0.00631605118780498,0.447607610079695
0.065283749173731,93.2251978996342,0.242404696814855,0.0927030238707086,2.25210247070889,0.0196925384476936,0.0902253974968835,1.97275779657863,0.0357798637687022,0.0884097863890743,5.01389279437678,0.0793146665364746,0.0998200286560147,1.01158236655188,0.00334124630307858,0.0581811886038891,2.0657547958787,0.0163867277092969,0.096425106423578,1.08707389011608,0.023433375429429,0.0860093072066459,1.017423759841,0.00212546813420059,0.094782102412798,1.55345194953386,0.0263730064959862,0.0889962386345459,1.00288309926358,0.00884292394518292,0.4576945135849
0.0889198785476823,105.10217666729,0.510630109870565,0.0731924405474142,1.00288309926358,0.00437899154451415,0.0899094721063999,2.39246014169509,0.0397697389633749,0.0938265310945974,8.46704626823108,0.11138661097513,0.0956841595757054,1.00867425853989,0.00122569730466351,0.083347590229649,3.52888015319671,0.0389860396727841,0.0873707563922649,1.88937898174206,0.0309835753391488,0.0887681220287776,1.00867425853989,0.00126587914139948,0.0854390124038382,12.8536732852339,0.0318212849380292,0.0984947712210828,1.40859841962076,0.0145066471316122,0.784954574881221
0.0694439881742226,13.0376590803266,0.169207441586084,0.0843579125944047,8.32204495553973,0.0179477776868905,0.0970121443930685,77.9332756634849,0.0844920816593407,0.0917508141357782,4.65229147967714,0.0815531210727252,0.0939306943483836,1.0232988843187,0.00281913512996788,0.0955974486025177,13.1153367145537,0.0698634481508856,0.0902166073756323,1.74305193613896,0.0312276249322616,0.0980801626895574,1.00288309926358,0.00149834406536396,0.0590715718036667,4.46850800867783,0.0125522794931054,0.0815635892091473,1.15150364314254,0.00888170965365673,0.480042963430282
0.0656000562973075,22.1101941987733,0.192049763895598,0.0591807325652856,1.01158236655188,0.0058433284726239,0.0843579125944047,16.3231210310229,0.0543971077806138,0.0854595519973938,34.9048456133114,0.113428385402209,0.0895273163554574,1.00288309926358,0.00153615063791157,0.0803495057713425,6.15102138343189,0.0408191453165951,0.081983393873121,1.05926897298544,0.0187117513763166,0.0929214324415369,1.01158236655188,0.00195188766559548,0.096837401300449,3.6952337044061,0.0375238830125093,0.0806846450442612,1.00577451078852,0.0027024891314658,0.468963892691439
0.0949990788882221,16.1509010721782,0.321738117602914,0.0987488286599829,2.39246014169509,0.0235503900280197,0.0591807325652856,1.69358579278262,0.0162598020370342,0.0639311404594992,3.6952337044061,0.0382863952778421,0.0890574958758269,1.00288309926358,0.00125311468020199,0.080933135523733,1.39648494813358,0.0233570862005835,0.0996023536500611,3.62151028088471,0.0543365502180407,0.0925280148117414,1.017423759841,0.0018048922146779,0.0653381170336784,2.89311263070037,0.014618134064536,0.0995328967164187,1.00867425853989,0.00811529262132249,0.503319774945173
0.0709271234436547,33.1640174832526,0.250463251688571,0.0781375547400193,1.00288309926358,0.00236195941344358,0.0987488286599829,7.00182581890258,0.0720491740608839,0.0829892591866793,7.74412301428478,0.082898555015606,0.0780314241139299,1.00288309926358,0.00104051155940151,0.0987272120261199,6.66739199053658,0.0678847400126154,0.0801126290112106,2.79486986091936,0.0310298781774094,0.0878697828847945,1.0232988843187,0.00102776789549537,0.0609092586960394,1.7683242002651,0.011609695500811,0.0940870606180336,1.56242237457588,0.0132480445513519,0.533613577875589
0.0913385227175044,78.9978966982431,0.52489350116489,0.0897695298667402,2.10780755947618,0.018009288861158,0.0897695298667402,5.60966897361054,0.0545909101104979,0.081608699150346,2.66904925964653,0.046357023210862,0.0919980774450011,1.01158236655188,0.00153773015617557,0.0622480162017268,1.88394737445416,0.0178879072763955,0.0582779251085916,1.00288309926358,0.00711649623935549,0.0843967416121289,1.0232988843187,0.00122234796322418,0.0719700574398241,1.00288309926358,0.00262045103247054,0.0598701668624977,1.00577451078852,0.00374480094821005,0.677980456963239
0.0683508637989964,10.1410513187878,0.140392798577129,0.0829828707083835,4.74699861247518,0.0166501616978761,0.0829828707083835,11.0029813692926,0.0503087286371438,0.0697952808809544,5.05738459676651,0.0506515105638346,0.0985243857290874,1.00288309926358,0.0022561246146941,0.0853478736545436,21.7062172818814,0.0538526590916972,0.0492872295923082,1.00288309926358,0.0032697301687719,0.0951319614606571,1.00577451078852,0.00167706639721609,0.0723120344791026,1.00288309926358,0.00920861348413023,0.0552547802859889,1.00867425853989,0.00320238167805759,0.331469774910551
0.0897116771301278,77.2139613539863,0.504865227727187,0.0671667741516704,1.53566531100084,0.00888758557114577,0.0671667741516704,3.41887695499837,0.0258512970049798,0.0927134009386807,3.54925770971272,0.0695628419850261,0.094305353338666,1.00288309926358,0.0024467968648443,0.0777664790188707,6.66739199053658,0.0383186864422512,0.0897980184496615,1.70827639380871,0.0306236433276462,0.088267446082889,1.02035709353375,0.00230413961010774,0.0951161244077319,1.56242237457588,0.026577696604066,0.0890003387848287,2.10780755947618,0.0121520603088238,0.721589975446078
0.0744759654894191,32.6007329687962,0.276770087997669,0.0917595510615668,1.24100474879353,0.0164096632925342,0.0917595510615668,3.56975293664868,0.0495509939353816,0.0877042098475716,3.73803325566538,0.0658516169350373,0.0844818478878746,1.00867425853989,0.00198407550384739,0.0881885905949554,1.3490638599235,0.0257376462069389,0.0516296465976174,1.00288309926358,0.00852728731134123,0.0805016399004445,1.00577451078852,0.00146864711770467,0.0934252055447729,1.83048275359669,0.0276062784357621,0.0916607515365941,1.98987000774274,0.0128855694232744,0.486791866159491
0.0929557901081895,12.1742029363666,0.249645107821835,0.0787146111358385,1.23033252636976,0.0118133067893795,0.0787146111358385,3.25557838997471,0.0350693227610588,0.0487029745786726,1.7683242002651,0.0168007495640574,0.0850895539478286,1.00867425853989,0.00170068396569286,0.0976197152436238,3.9368492691367,0.0567232274136,0.068329895564408,2.42714808378022,0.0216898876964101,0.091529168004099,1.00288309926358,0.00288757937235592,0.094976302216431,1.8463608342542,0.0286602815439122,0.0772441400030319,1.60343464412786,0.00826350482049028,0.433253651748792
0.062860067519259,11.7641619641806,0.136374774832768,0.0753334890934474,1.00288309926358,0.00596274649598243,0.0753334890934474,1.02920793476607,0.0166360506037803,0.0410277112594398,1.32978351631576,0.0106968981686138,0.0803134042624433,1.00288309926358,0.00136860449564932,0.0727157965676152,3.09116744284691,0.0281384548471315,0.0684675649378112,1.09020803204812,0.0148754890449365,0.0886898639299341,1.017423759841,0.00158659778341504,0.0706389259552367,4.53329627591397,0.0183754286867948,0.0798550598724435,1.00577451078852,0.00424680025921946,0.238261845218291
0.0823269578882916,73.3460146971022,0.405455232910984,0.0914152148683431,1.33361741419236,0.0165991112449964,0.0914152148683431,3.70588742997801,0.0501478847445092,0.0871310066984813,3.00344307348301,0.0559611928530716,0.0887295304046908,1.00867425853989,0.00200788381471999,0.0953374522975579,4.07523387938939,0.0546026081298664,0.097042214677803,10.5076446271293,0.0653498038209429,0.0807674276462278,1.00867425853989,0.00188246676371944,0.0887890615316593,6.53437118513655,0.0333402276560425,0.0616677487778852,1.60805750536954,0.00503964549960207,0.690386057438454
0.0991280958595384,60.7489870966869,0.617069295872449,0.089241123414629,1.00288309926358,0.00372038583571115,0.0327620043316906,1.3490638599235,0.00602847378022726,0.0357912002394496,1.68386231169735,0.0109413193806586,0.0882273834172,1.00577451078852,0.00123497189405391,0.0951172576312011,1.78366310156055,0.035704276199264,0.0907896652627605,2.91820823764409,0.0410396663538761,0.099251247688413,1.00288309926358,0.00123456543371061,0.0973660136826799,3.28381811862624,0.0369561325221081,0.0914718481237971,1.00577451078852,0.00400919376714027,0.757938281039199
0.0622127800227959,6.45905545193381,0.0833557148564555,0.0860350104112779,1.00577451078852,0.00557585840513577,0.0895565381277354,1.72806227717372,0.0323176805682353,0.0789752030372478,3.79223047250718,0.0558739283098853,0.0920995590226129,1.00288309926358,0.00157746310472215,0.0981707201899314,10.4774371358388,0.0728076309329079,0.0748915690984094,1.669381663546,0.0221132438826561,0.0847748078955148,2.28475538672293,0.00271370535298566,0.0978635592143221,1.00288309926358,0.00795981441204517,0.0728208751616872,1.00577451078852,0.00142764693083453,0.285722686755863
0.0622054701832455,20.9427294613663,0.172052722846833,0.0861605527657067,16.7998856852757,0.0194467116393353,0.0861605527657067,27.485888313414,0.0591197763979057,0.049663126126816,3.10901742259474,0.02356619425162,0.0877236376449073,1.01449885892793,0.00158605227501179,0.085182674467804,1.88937898174206,0.0308702048068556,0.0999444795580661,3.07341994620988,0.0510127540869618,0.082658263379869,1.02920793476607,0.0010063963211468,0.0705465880047089,1.10601480450688,0.0130156221523345,0.0861543603830941,1.00577451078852,0.00802896578885302,0.379705400566858
0.0589936402465,5.84480934671973,0.0701678912741017,0.0725776127831605,1.15815301335288,0.00981118106262769,0.0875201273254091,1.42902148939294,0.0269759015907027,0.0737975839847934,2.47655776434198,0.0379620646673679,0.0909107284328772,1.1988633739507,0.00266356537726988,0.0605896431149348,1.95579274466099,0.0172563311655148,0.0785809186772289,4.7881753057283,0.0341269532496678,0.0992934098460653,1.00577451078852,0.00378438743151149,0.0845692137823671,4.87160332233193,0.0281438520422891,0.0905814440711186,2.41321295951054,0.0128535738329611,0.243745701694014
0.0957102990591859,29.8392943182548,0.457080472606456,0.0877389012835785,1.00288309926358,0.00578596981828461,0.0725776127831605,2.92662172166501,0.0287612554027996,0.0995990052455839,6.72522667244931,0.114819726141775,0.0878769759951753,1.01158236655188,0.00104040779920794,0.0961155407650324,1.09020803204812,0.0233042527960729,0.0596356171004509,1.1481932879197,0.0125045097725496,0.078663415840374,1.00577451078852,0.00153746461046915,0.090807679558719,1.30701047960937,0.0222846530840721,0.0650855416923879,1.00577451078852,0.00355626668950013,0.670674978721187
0.0955728880992354,18.8970780596111,0.360054606583304,0.0776601419555172,1.00577451078852,0.0045599649508908,0.0964825545857942,1.30701047960937,0.0282422776443766,0.0902390682539031,3.0557743442915,0.0595018558269761,0.0858292383731061,1.00288309926358,0.00109443033663745,0.0917502160001375,22.9266227583863,0.0653294882369863,0.0773828002452341,22.6641186288517,0.0382832361915339,0.0906217614279176,1.02035709353375,0.00121846968896015,0.0658087944836032,3.38947576589033,0.0152012884910937,0.0528475328590177,1.00288309926358,0.00252459297621814,0.576010210926977
0.0947161470148564,19.278551048999,0.359045032616998,0.0872467653124291,8.29812065000463,0.0195818104005683,0.0591681681327193,5.2653877364201,0.0217188995051646,0.0899674268252708,4.94223601165526,0.0813941254777616,0.0976063592780546,1.01158236655188,0.00102725325135716,0.0795130812731671,2.70774742833384,0.0322328674507145,0.0998632710095696,20.3740453880163,0.0756428536141121,0.083916222138163,1.03217524340486,0.00184109279237301,0.0844309175937705,5.70741049859425,0.0287293237594454,0.0859858067472641,1.00867425853989,0.00647681180337611,0.627690070671871
0.0909066093384738,10.434763218138,0.209961269766269,0.0918470334739086,1.64079288241399,0.0179887108993966,0.0984646460353584,1.80432214140788,0.0386414701335401,0.0934363872690019,6.88191695070772,0.102206891837044,0.0943441797677684,1.00577451078852,0.00271571598362046,0.09550646891295,3.1450272019994,0.0496483512204343,0.0884595523345466,1.60343464412786,0.0287253429275347,0.0989806919359397,1.36468921205103,0.00408084968899901,0.0843784262314514,1.1028352210931,0.0178085988555365,0.0832098435119382,1.00577451078852,0.00456244968521418,0.476339650997589
0.0802725956912501,18.5761147913694,0.262031656931102,0.0579699580969495,1.00867425853989,0.00147939296227235,0.0872467653124291,17.5412692675873,0.0595454300291877,0.0954238666175918,3.79223047250718,0.0765197303088459,0.0829833584429652,1.01449885892793,0.00147015626245488,0.0677247863805553,1.88937898174206,0.0207240643511695,0.072981204171336,4.15819379664401,0.028402453850942,0.0843389883657781,1.03217524340486,0.00120947457924207,0.0822814198493556,1.60805750536954,0.0202795105776846,0.0746284796795829,1.00577451078852,0.0014137999962348,0.473075669849136
0.082762873836646,12.8162169263892,0.219684283409643,0.0770101942785543,2.33126636583218,0.0127696187234342,0.0918470334739086,4.70617602490094,0.054526075436455,0.0939194446069315,15.4542261000141,0.129763331163832,0.0947901649072096,1.02920793476607,0.0020681956169295,0.0902441938554715,1.28093437865255,0.0254545988362617,0.0990404680590048,1.45811221351425,0.0319046770638327,0.0851775711645489,1.03217524340486,0.00255550724384048,0.0583373354106102,1.00288309926358,0.00632231855834033,0.0946532837472679,4.44285270778494,0.0153799128502074,0.500428518902776
0.0962153683220086,20.704914205238,0.386410077518417,0.0857959815868264,2.11388457789867,0.0162810025173226,0.0770101942785543,5.41917883794353,0.0380823603615051,0.0923096907266023,11.6887196334189,0.117210609977081,0.0804002544654028,1.00867425853989,0.00152746511965573,0.0940827352162008,1.05318733137807,0.021947339040894,0.0895552393380795,6.36723659478765,0.0490783660807416,0.0918010923707172,1.00577451078852,0.00176187463155828,0.0929899826408377,3.72728711692345,0.0339535919581499,0.0989111511570988,1.00288309926358,0.00779189572783867,0.674044582933164
0.0664210259953725,6.45905545193381,0.0890726833882528,0.0969824788218332,1.1817296425721,0.0181950153860275,0.0857959815868264,5.67464221589759,0.0491456243696466,0.0656951175458062,3.68461060628057,0.0401859025312077,0.0973004162362789,3.10007958542497,0.00332741564827859,0.0568402144419782,3.16318819550752,0.0176229674813701,0.0972944500639338,36.0279175169288,0.0719587831080325,0.0963366096075859,1.01158236655188,0.00283155452378047,0.0760589791959544,1.12853005133194,0.0150022519476192,0.0965369919257283,1.90028922105573,0.0145754290249528,0.321917627409168
0.0954001982494381,22.1101941987733,0.394230461801086,0.0999795810425281,2.33126636583218,0.0240996440843608,0.0969824788218332,3.44853317762211,0.0551760758737852,0.0887790483615239,3.09116744284691,0.0585595721931005,0.0865961359049085,1.01158236655188,0.00124908373405946,0.0966390470350589,9.80613514975012,0.0692110800358861,0.0986381710870262,2.13222095925085,0.0414764885506823,0.087865930626115,1.0232988843187,0.00284708702487435,0.0912715271291699,1.57597523020146,0.0247255439914396,0.0774599635940467,1.00288309926358,0.00366913726010144,0.675244174549376
0.0970349063066713,10.6150579537939,0.23057025520521,0.0881853890265893,1.09650345009091,0.014404021213565,0.0999795810425281,6.8227347852315,0.0737797005397669,0.0784454537130748,2.36506706799381,0.039720907244662,0.0835540538416904,1.02624915657849,0.00109027888665953,0.0762580202281969,5.67464221589759,0.035718616213513,0.0957547641191034,1.34518555643637,0.028365772519863,0.0914861565972682,1.01449885892793,0.00162369133631814,0.076742895209087,4.57261925984919,0.0221829145872152,0.0985898322176285,1.00577451078852,0.00286795128516025,0.450324109031933
0.0889962386345459,21.5492867752298,0.339691631822704,0.0976537159353017,1.00288309926358,0.00189652397736923,0.0881853890265893,3.08228092099346,0.0432318476591773,0.0728721569798144,6.2943333190863,0.0593683973738549,0.0921176940272566,1.017423759841,0.00201926127806596,0.0465487535205624,2.32456441587663,0.0115451422726415,0.0558107776281997,1.00288309926358,0.00199249855499814,0.0803294788688295,1.00577451078852,0.00106270602994773,0.0953600489947582,2.72338334507132,0.0333054720589113,0.098652340456746,1.00577451078852,0.0074895585404553,0.501603039568125
0.0984947712210828,52.0692237026929,0.584275878923812,0.093387933003821,1.00577451078852,0.00130322359183707,0.0922721651327724,2.31121826109334,0.0409385287249506,0.085835818143611,3.44853317762211,0.0602402028448385,0.0940534195344163,1.00288309926358,0.00282487196967796,0.0739521201920812,1.39648494813358,0.0203230508614597,0.0853402126525424,6.20437693319619,0.043341148102849,0.0751890580807708,1.00577451078852,0.00127611254361781,0.0857477186166241,4.36676720472819,0.0288442699017517,0.0609440555538441,1.00577451078852,0.00259004455187777,0.785957332016672
0.0835951592795051,9.77155040978826,0.178395526788538,0.0778737326696045,1.00288309926358,0.0106657602272653,0.0895253774432291,1.48351801054375,0.0287500474120814,0.0426629570918695,1.36076598863131,0.0114587896948737,0.0903101394689931,1.00867425853989,0.00168090712937299,0.0987884790675297,1.25899790157518,0.0279060992613633,0.0933457669094885,4.44285270778494,0.0499744754281332,0.0996732673571273,1.00867425853989,0.0022364914242166,0.0985895195954386,6.92165665438525,0.0438555755854289,0.0765048220754697,1.00288309926358,0.00244937467634743,0.357373047627621
0.0815635892091473,35.112873494103,0.341366567724953,0.0598135077940827,1.00288309926358,0.00183552646370172,0.0932295188064878,1.36468921205103,0.0282335658856621,0.0899234354888909,2.86823283751515,0.0562122445807818,0.0905069099959495,1.02035709353375,0.00248003117978641,0.095516247451035,4.95648496866088,0.0583225618969066,0.0999305124116413,2.012917411563,0.0407614938577547,0.0962931537848871,1.00867425853989,0.00116898098510655,0.0797787310993661,2.7391095515787,0.022371336882925,0.081011932617078,1.00867425853989,0.00204073863531274,0.554793048092891
0.0995328967164187,14.0022770388297,0.308269340574429,0.0986911255463274,2.63090415150101,0.0239391824661632,0.0778737326696045,2.55624161321588,0.0314537650996032,0.0710954243150983,2.74700667630971,0.0387265785337525,0.0979493804580416,1.00288309926358,0.00220957601447579,0.080585338374374,6.04568285725226,0.0412096653425243,0.0829937631921047,12.169460288151,0.0441330191961234,0.0959289206378477,1.00577451078852,0.00322608820916093,0.0928829550699731,2.11997911696849,0.029018350588387,0.0932994488765467,1.00867425853989,0.00885663331101211,0.531042199335631
0.0940870606180336,54.3476199994081,0.529923935094692,0.0670850382684356,2.43414579263315,0.00949440102543089,0.0667515512532738,1.99560700049668,0.0213196272021517,0.0790283409661451,2.35826794741131,0.0399517931617897,0.0912847321523687,1.01158236655188,0.00200172227425787,0.0945140678500219,2.85176528809274,0.046486133720192,0.0772585694384912,6.31248050684326,0.0344717911620773,0.096510393402811,1.00577451078852,0.00279508068909828,0.0774875455787565,2.03037797761035,0.0193860408213857,0.0853512753680094,1.00867425853989,0.00278769006282607,0.708618215213902
0.0598701668624977,10.6150579537939,0.119532465528847,0.0918268261372068,4.50726900243269,0.0214079040027845,0.0986911255463274,7.6115020308696,0.0732741365372264,0.0639636030180745,1.50070065992818,0.0198584549438306,0.0891176036319299,1.00577451078852,0.00210913511652235,0.0908345350917347,2.75492656923522,0.0422263923043149,0.0963778009149526,1.13178371549186,0.0244227106399465,0.0740117792035051,1.00288309926358,0.00142953892650859,0.0732287132303115,1.00288309926358,0.0121210616591827,0.0750913361632442,1.00577451078852,0.00404233906768463,0.320424138726848
0.0552547802859889,9.04658165894228,0.0961084378289673,0.0961425242479809,34.1101179217553,0.0267720095265617,0.0670850382684356,4.82970917626452,0.0277631813130014,0.0562316437856832,1.61734325078285,0.0186287711993565,0.0850853026610074,1.00867425853989,0.00122070877076155,0.0759582328486188,1.23743709481674,0.0195004498375964,0.0892457118494068,13.8527304550101,0.0540729836268032,0.0833044596597945,1.03217524340486,0.00145968521836679,0.0912660082246827,1.02624915657849,0.0193376103737315,0.0887222860449483,1.00577451078852,0.00685292102600989,0.271716758721156
0.0890003387848287,67.133255001128,0.482594559705072,0.0748236125413471,2.68446171339143,0.0121894595518543,0.0918268261372068,11.4885459675579,0.0652988756252114,0.0497713758073981,1.8199732981517,0.0176595982689104,0.0995135132403159,1.01158236655188,0.00239617210581803,0.0969146761654391,1.14160110005127,0.0246591944837522,0.0720494912075343,1.1817296425721,0.0169946083343977,0.0938477785247075,1.00577451078852,0.00180156096910098,0.0534418996231294,1.00288309926358,0.00534504358156842,0.08715207358184,1.00577451078852,0.00131959753114879,0.630258670156834
0.0916607515365941,64.3188509925868,0.51427067956375,0.0796587328018372,1.00288309926358,0.00682230033338124,0.0961425242479809,65.7588922489258,0.0821994820699889,0.0977007932723207,10.0057595601981,0.12809030668546,0.0939753755075638,1.01158236655188,0.00115129269631706,0.0845608351278228,2.46943812909056,0.0349681879494838,0.0942235752591505,3.27437776251048,0.0461217812164844,0.0778065368494652,1.00867425853989,0.00136567340992262,0.072451547686552,7.92455244054436,0.0204261123872958,0.0933051028237961,1.00867425853989,0.00188907317152403,0.837304889483608
0.0669543086858129,6.38570961945854,0.0887355576574604,0.0532840066652756,1.00577451078852,0.00234067455332333,0.0748236125413471,6.09812467340626,0.0362544616017327,0.0900003955506408,2.99480874260266,0.0583883192626246,0.0866428387653445,1.27358007675926,0.00235945563898846,0.0806024961048496,1.09650345009091,0.0191186850767737,0.0979038532408016,1.14160110005127,0.025040582724167,0.0940356021874171,1.46653209822205,0.00351277800078795,0.085365373366603,1.00288309926358,0.00639934108036309,0.0927195620546971,2.4062754285944,0.0136770931390318,0.255826948735253
0.0711248437658332,11.5643499159773,0.163258314296994,0.0943803315067066,6.84240540686637,0.0238175789110462,0.0796587328018372,1.12205075712963,0.0193442339270916,0.0763223937836161,8.08587329578959,0.0698760002428588,0.0905214562894043,1.02035709353375,0.0012393299321764,0.0977866296922055,4.52026390637434,0.0601150722468558,0.056318850837932,1.09650345009091,0.0111940130162882,0.091150940533963,1.0232988843187,0.00159334539766653,0.0811246040431023,1.00288309926358,0.00658886304660576,0.088060013214063,1.00577451078852,0.0096958403372417,0.366722591354825
0.0772441400030319,39.6994719371337,0.314669789175362,0.0912761873764001,1.00288309926358,0.0075140055329748,0.0943803315067066,15.4097981223956,0.0728910020485017,0.096275971717887,9.39167782086193,0.121360475107422,0.084313619664194,1.0232988843187,0.00179307029250337,0.09715229681332,1.65979714701382,0.0349822066249312,0.0985719835375966,1.15482354244809,0.0256035551049196,0.0843785532129538,1.32596064017055,0.0026283091711054,0.0873668637451041,5.28056837192541,0.0310941936723998,0.0774452848658525,1.01158236655188,0.00351987631674817,0.616056483046868
0.0798550598724435,8.18626584483316,0.141210983261265,0.0885897406155614,15.7688292262238,0.0207847254564345,0.0912761873764001,1.07153781450759,0.0215235790764959,0.099710904918229,10.2094477434412,0.135851229202485,0.0809572257320793,1.00867425853989,0.00118397010422101,0.0855656731860797,1.90576794350953,0.0312264557904588,0.0979259889247985,3.08228092099346,0.0491432130681454,0.0758855741797643,1.00867425853989,0.00132913054069078,0.0603020101994485,1.47076025583445,0.0108849177628215,0.0741760916731869,1.00577451078852,0.00304818864093398,0.416186392903952
0.0616677487778852,24.0874824742187,0.175449495597341,0.0722292906980087,1.00577451078852,0.00377349765210944,0.0885897406155614,22.7949928263862,0.0633354363695883,0.078285803874451,45.7525288743821,0.0916038249183636,0.0956834518141304,1.00867425853989,0.00207771799032541,0.0999657658435644,1.87313095952011,0.0401219335530787,0.0868745422740704,33.8167824081596,0.0529016609378009,0.0898563005402482,1.017423759841,0.00106409796561975,0.0933578467317031,1.29950646550457,0.0233058474230301,0.0892044001106012,1.7683242002651,0.0118866129224427,0.4655201253297
0.0861543603830941,19.3336722306986,0.304541371775608,0.0493076735418606,1.00288309926358,0.00193363993506983,0.0827452495031994,1.87853138201008,0.0300048901478088,0.0932627342393977,6.57210398204128,0.0997411445781328,0.080431837118814,1.00867425853989,0.00166026584722049,0.0713516016357055,2.33126636583218,0.0248383117101968,0.0881800228202985,3.26496454563336,0.0399145336942599,0.0994333452433838,1.01158236655188,0.00335802191466639,0.0823886912556507,1.92784124639408,0.0216269051831226,0.0914064493718003,1.00288309926358,0.00619925547257992,0.533818340258666
0.0983696177044515,11.0479534333989,0.243608440398055,0.0955996622101245,4.77441020717598,0.0238861335462327,0.0918518325856551,1.5896456468007,0.031592150377544,0.099164886103664,27.2495189410318,0.163020250888241,0.0920813822219673,1.00288309926358,0.00225560276148412,0.0933333627772003,5.14550325140415,0.0556623989153138,0.0887988404861447,4.39198314906283,0.0445510755902416,0.0973154523834333,1.00577451078852,0.00104793031986401,0.0709999266725888,1.1817296425721,0.0135301114507277,0.0879848277532095,1.00288309926358,0.0097909502659856,0.58894504451369
0.0905814440711186,77.4347313061845,0.512888970551898,0.0776173745969335,1.28833114804146,0.0115448389342306,0.0608560443799461,7.2688443008963,0.0237835022764685,0.0875785096522493,14.1754836193795,0.107574448459362,0.0846673894078368,1.02035709353375,0.00118510712361619,0.0877704042964738,15.3213249660846,0.0566124395574094,0.0956797178434005,2.27818714703702,0.040417249303646,0.0967006131798558,1.03217524340486,0.00370840668588061,0.0723057870033203,1.00288309926358,0.00379657788933639,0.0804860650056605,1.00867425853989,0.00672748200190752,0.768239022783755
0.0650855416923879,8.23314506653754,0.111390734691821,0.0719561347923563,1.00577451078852,0.00264828363590756,0.0955996622101245,12.2750213329814,0.0731069961045688,0.0793633654101313,5.85722521042959,0.0687392980488289,0.0893632169895963,1.43727338940046,0.00258051294743664,0.0616575635337252,3.82512526006857,0.0213947752483528,0.058104715855932,1.00288309926358,0.0108352523482329,0.0813075910419269,1.00867425853989,0.00203879002110135,0.0899095313754624,12.0301229939707,0.0362313138714174,0.099740356806423,1.00288309926358,0.00153551081461503,0.330501467732282
0.0528475328590177,6.24150713351353,0.0668385681908727,0.0873861137276832,2.57100265798945,0.0176071998706642,0.0776173745969335,3.35066711121492,0.0342234651352471,0.0703762656271028,1.58051892322707,0.0232802823304278,0.0971573671884438,1.00288309926358,0.00218973412681483,0.0775437717392772,1.9841495077581,0.0268506283743751,0.0711904231965899,6.1865405227709,0.0287065693728661,0.0960709802462928,1.01158236655188,0.0029122179067601,0.0773590083148765,1.2517695448338,0.0161713589473647,0.0768746701134545,1.16819913201946,0.00778952386957828,0.226569548124971
0.0859858067472641,13.1498108541483,0.237512599106689,0.0915446562017959,1.21975208146059,0.0162519633030712,0.0873861137276832,6.94161247758823,0.0533240543870241,0.0774614445841419,4.63891702142887,0.059706174360162,0.0989637246920171,1.01158236655188,0.00114591673362946,0.0645986255382657,10.8145512259435,0.0267204912435825,0.0575936149492529,1.79396288338358,0.0144237799828008,0.0752272117336769,1.00867425853989,0.00123637503606185,0.095764750147804,2.16313573014221,0.0311087320855705,0.0768425827567806,3.0557743442915,0.00871567890453752,0.450145765143129
0.0832098435119382,8.544472794322,0.154842100931316,0.062255579265742,1.00577451078852,0.00148986540187357,0.0915446562017959,3.50861959151272,0.0490541309548818,0.0623033098016301,7.54604567969013,0.0456141362367759,0.0880427899071952,1.02035709353375,0.00116699765311766,0.0739492413637943,3.60071789654471,0.0303781053430264,0.0998225050009448,33.0468281812645,0.077388334714412,0.0979554378135413,1.00867425853989,0.00259825033671746,0.0389140854990858,1.00577451078852,0.00415053580945463,0.0904810640184666,1.8570226648111,0.0124539111759562,0.379136368557532
0.0946532837472679,151.903151805249,0.621987297944711,0.0824788437602979,1.00288309926358,0.00514351285279085,0.0959463011632395,1.21975208146059,0.0260999041437766,0.029154540418073,1.09335121002246,0.00600654431109037,0.0923490548783877,1.00288309926358,0.00272535116303912,0.075344497856476,2.41321295951054,0.0277173211186495,0.0989885411651383,4.97077500682395,0.0593054964129505,0.085348294658634,1.017423759841,0.00232953387100356,0.0748107497216416,1.53125056362849,0.0164870122928843,0.0594609675049981,1.00577451078852,0.00364780154355778,0.771449775654453
0.0989111511570988,13.3770169365778,0.294303653498285,0.0670584293101083,1.00577451078852,0.00483402952793151,0.0973999596786138,49.5933968601569,0.0846840297417135,0.0660360724102324,2.14453349218355,0.0291140433535626,0.0918831538453504,1.017423759841,0.00169522559198325,0.0922939107585486,21.0902156392867,0.0665985898679143,0.0602343770301932,4.70617602490094,0.0193432756608417,0.0990668406053702,1.00867425853989,0.00367437490842043,0.0906605103188338,2.11388457789867,0.0274448109594403,0.0999541630186829,1.00867425853989,0.00636928619065943,0.538061319300752
0.0975445267285331,16.5240481398719,0.341425326840841,0.0959463011632395,1.00577451078852,0.00896649131519867,0.0978136413103569,2.47655776434198,0.0472359324476684,0.0641221304690862,1.46231609576324,0.0193049380116031,0.0929853223706108,1.01158236655188,0.00118155712611916,0.0635910191046733,3.02949571521225,0.0215364214074352,0.0623823665450541,1.29950646550457,0.0143790443228086,0.0987263410594073,1.00577451078852,0.00122143673975295,0.0692871664788412,1.00288309926358,0.00378147701384312,0.0975242197552477,1.00867425853989,0.0111501880104437,0.470182813235714
0.0965369919257283,66.5606905958823,0.58724618079824,0.0973999596786138,34.307087165692,0.0275605833528047,0.09973372994902,3.90299369276608,0.0616276905695144,0.0881639480074365,3.65292419736599,0.0654434478360193,0.0967324695997889,1.00867425853989,0.00277551237503362,0.0646263938629733,5.56142771178757,0.0250042320455208,0.0952687606221964,8.08587329578959,0.0599430905211306,0.0975631975897403,1.00288309926358,0.00205834007438017,0.0624921027497402,1.00288309926358,0.0091792338312432,0.0618059016862995,1.04112859832463,0.00481005580281598,0.845648367206703
0.098652340456746,12.7796773071451,0.281247416300109,0.0947107844086137,1.00577451078852,0.00581429178831538,0.0860815506049851,5.56142771178757,0.0490178315286373,0.0800041084170577,18.7420980057214,0.0908632995147035,0.0989280863116068,1.00867425853989,0.0014489197355432,0.0997397491008912,8.22675961020021,0.0734629702197478,0.0720942539890039,3.52888015319671,0.0267062590232411,0.0837951413781242,1.01158236655188,0.00149392814628243,0.0927656183448549,2.57100265798945,0.0309035232204342,0.0931447191358101,1.00288309926358,0.00337717818096324,0.564335617657977
0.0728224307730313,76.5554208756709,0.30338571927652,0.0978136413103569,1.00577451078852,0.0156748829073035,0.0890985596174671,1.47500060364494,0.0283836114711806,0.051482175369465,1.86774606222357,0.0188085160330006,0.0871986716719208,1.00867425853989,0.00124122743838243,0.088006197240223,7.94739971184986,0.0529325288530816,0.0821874540604272,5.23515726431772,0.0387122462690064,0.0783029001088841,1.00577451078852,0.0012976380635825,0.0817341556680693,4.92802801770652,0.0260802045517914,0.0947501053252672,1.24100474879353,0.012832599077824,0.499349173941673
0.0824773622147871,15.8765810965279,0.251617568923496,0.09973372994902,1.33746236557711,0.0202427017894546,0.0868033905807818,16.9456122371505,0.0587697904138391,0.085517527076821,3.10007958542497,0.0558157228477247,0.0852709195036214,1.02035709353375,0.00182420368419081,0.0866172820865972,1.15815301335288,0.021963828343814,0.0957216534245192,1.43727338940046,0.0299651768750668,0.089831529188922,1.00288309926358,0.00151565543976228,0.0565226079095009,1.4963864293158,0.00970123894882742,0.0982799285011154,1.00867425853989,0.00278251564390496,0.454198402910081
0.0932994488765467,18.4176832939376,0.340283661978344,0.0860815506049851,2.07171057200942,0.0162404421808283,0.0783805124064268,17.0434648578319,0.0452568391372305,0.0952146784606524,7.41681684421187,0.109093367831621,0.0946483893025617,1.00867425853989,0.00255274765469139,0.0997441249725373,19.6256118755653,0.0814557830324888,0.0700877668957028,1.39247031798524,0.0179317668730452,0.095072044287471,1.00288309926358,0.00222683517801772,0.0669939800972666,2.3787241732935,0.01489944580814,0.0636332850315676,1.00288309926358,0.00338025715026539,0.633321146824672
0.0750913361632442,8.23314506653754,0.132381458062582,0.0558120031152845,1.00288309926358,0.00279722720220391,0.0849436816962004,2.52697328239242,0.036773569259338,0.0824815020766275,2.44820179377353,0.043660481944714,0.0996348197886749,1.00288309926358,0.00298157521511876,0.0907126894410179,26.9375187251589,0.0641503415856471,0.07880307187556,8.73947554283164,0.0378148012076497,0.0891928298161451,1.02035709353375,0.00210191613395127,0.0659358636758328,1.9841495077581,0.0138700952826977,0.0853500128337694,1.00867425853989,0.00701076664492027,0.343542232538823
0.0887222860449483,13.4920879143229,0.253754634251712,0.0676836211955737,1.00288309926358,0.0020281151300272,0.0570083303515444,1.09020803204812,0.0120379049587005,0.0777747081429126,3.6424227310724,0.0530433177197065,0.0932824737878631,1.01449885892793,0.00116374284352273,0.0557061015093861,1.00288309926358,0.0107987178421678,0.0456269241162305,1.71320152422168,0.00960939846432221,0.0973054776698031,1.00577451078852,0.00214824394724305,0.0961051166485006,8.63941072106801,0.0423392881158346,0.0959364710372086,1.00867425853989,0.00347840737853361,0.39040177065177
0.0797524869762853,22.8156127588853,0.282859468617933,0.0868033905807818,8.71435120329488,0.0193356291313489,0.0769659910568503,3.21830282695794,0.0333630236157122,0.09524096445059,6.7058929175172,0.104928275965961,0.0890413492882854,1.01449885892793,0.00101167644309699,0.0990403278055468,2.66137624774655,0.0491763124396713,0.0915661303593066,8.63941072106801,0.0547102859104378,0.0964893013672576,1.29204553462562,0.00376413885375766,0.0978368652368584,5.22010717715947,0.0410216053185713,0.0976828519042065,1.00288309926358,0.0101872727963177,0.600357689092808
0.0927195620546971,82.9267947169638,0.548452122707908,0.0846014994676181,1.00577451078852,0.00509496038609374,0.0829918194054813,13.7336016436691,0.0515010867900765,0.095310116249344,12.0995910689866,0.127537489009348,0.0981503014860533,1.01158236655188,0.00125797095922958,0.0836860075469601,9.77794436555052,0.0481961838555913,0.0500845866303708,1.00288309926358,0.006907668907568,0.0850984975197216,1.01449885892793,0.00247137162365051,0.079591665473982,2.39935784176774,0.0215205318124192,0.0842994626259424,1.00288309926358,0.00566386793212929,0.818603253984014
0.088060013214063,28.2637168451449,0.376524278250717,0.0933162562605475,1.00288309926358,0.00299061870342128,0.0893709280659783,3.1450272019994,0.04463712118878,0.0407893793698512,1.77853540743712,0.0134201171474954,0.0990999046087629,1.00288309926358,0.00124681946158535,0.0903552287568336,1.50070065992818,0.0291063934516215,0.0652168761778732,2.18189932872234,0.0191896047782011,0.0777896893749159,1.00867425853989,0.00198260192475272,0.0911918483993069,9.63820144251651,0.0371331425984831,0.0771287694327613,1.00867425853989,0.00694877718897764,0.533179474694035
0.0690557169423199,49.1792460536021,0.256502053492908,0.0849436816962004,1.00577451078852,0.0123542198083986,0.0939906200596191,1.60343464412786,0.0328603703118751,0.0736982742257281,3.82512526006857,0.0496511651413026,0.0811929447009337,1.05926897298544,0.00106000366916615,0.0665242966307571,1.20231981606127,0.015719337230644,0.038296364001726,1.70336542221432,0.00725096630835315,0.091968889522638,1.38846722913941,0.00328433294494356,0.0904575252763258,1.00288309926358,0.0116920813887891,0.0947895925961971,1.00867425853989,0.00782773986288371,0.398202270159264
0.0598451872812797,59.2078627841211,0.193623517785577,0.0570083303515444,1.00867425853989,0.00450333505210927,0.0679784863390072,1.45392041663176,0.0187738887028071,0.0979138376158912,14.298445429222,0.141355082734316,0.0886050785491893,1.01449885892793,0.00150870361252986,0.0976213378087293,1.61734325078285,0.0346138130335808,0.0896078433927693,2.15071639511557,0.034653814188478,0.0863374358946209,1.01158236655188,0.00156116230668126,0.0981616301109576,1.01449885892793,0.0215428362296055,0.0873511447415319,1.00288309926358,0.00541406271145208,0.457550216357137
0.0892044001106012,59.0390584657472,0.471131384863026,0.0950417781694549,1.00288309926358,0.00207261609978299,0.0992176229065771,1.42081696649143,0.0316472381634743,0.0817454808358256,6.88191695070772,0.0772060272238214,0.0999356108265081,1.00288309926358,0.00128313134762278,0.0851770981659046,5.45047194460812,0.0455710893552547,0.0838422657496094,4.14623977579979,0.0382683149137788,0.0775807706594464,1.35295334494457,0.00212416409534325,0.0861195151850691,1.43727338940046,0.0211961158993109,0.0530564133985256,1.00867425853989,0.00323078192079266,0.693730863882208
0.0914064493718003,11.1748494856797,0.225526507279569,0.0769659910568503,1.25537852068667,0.0112717422780304,0.0734897072407673,4.69264665877481,0.0332854049002988,0.0718365952099407,4.43008034640065,0.0510040312444224,0.0797754023605607,1.00288309926358,0.00130469644080894,0.0691807777405857,1.36468921205103,0.0181043704444801,0.0836016266076778,4.760684680679,0.0394210050486237,0.0836822319389132,1.017423759841,0.00137457687395861,0.0978812384065297,1.00288309926358,0.00369460754155389,0.0796578545945887,1.00867425853989,0.00359826794006292,0.388585209991809
0.0879848277532095,29.2488513551982,0.380631539419378,0.0829918194054813,6.92165665438525,0.0170286058072851,0.0842165508399755,1.74807732789242,0.0294938860144559,0.0807714956793729,3.80316384938978,0.0580743869743676,0.0975159232903754,1.00867425853989,0.00319950176286257,0.0903468979732112,1.60343464412786,0.0305344546093207,0.0640622148766498,3.42873391662958,0.0208907186852744,0.0964771970977118,1.00577451078852,0.00342579724075862,0.0620683651801893,1.12205075712963,0.0104300332987085,0.0822470428576593,1.00288309926358,0.00778595078400391,0.561494874596415
0.0804860650056605,16.6186742527891,0.248337630585168,0.0893709280659783,1.09335121002246,0.014850042812091,0.0997423205813817,2.13836836392825,0.0446353550639559,0.0694883389166039,4.39198314906283,0.0477123142535721,0.0991792980745328,1.00867425853989,0.00164436635361623,0.0806480743082354,1.44974067037263,0.0239273893123992,0.097381863112684,8.73947554283164,0.0642393808608686,0.0906825173597432,1.01158236655188,0.00118159815256939,0.0811647348372074,2.28475538672293,0.0221854693080495,0.0761224990549158,1.00867425853989,0.00222368276602274,0.470937229468313
0.0768746701134545,32.5077867915739,0.294201226323129,0.0679784863390072,1.00577451078852,0.00664127771871703,0.0927587985575018,2.50524216415549,0.0433240310340349,0.0925748840693459,2.29794873135268,0.0472089035129524,0.0959997708774723,1.01158236655188,0.00270964086288808,0.0871706419551202,3.90299369276608,0.044251658828772,0.0645927791996929,1.09335121002246,0.0137111251781034,0.089136063068977,1.017423759841,0.00139618253093709,0.0870529008165273,6.15102138343189,0.0314452419402781,0.090415127578591,1.00577451078852,0.00775690578494996,0.492646193714762
0.0875829917452999,10.1700465856493,0.195848625052176,0.0992176229065771,1.00577451078852,0.0107271668953636,0.0824959140017986,1.43727338940046,0.0249061897891639,0.091684202130196,19.0686558202897,0.126279169616517,0.096907076906889,1.00288309926358,0.0019236527667995,0.089460611656962,1.67902152597229,0.0310443012082946,0.0536605361282252,1.92229906736858,0.013001251478193,0.0936061104102884,1.02035709353375,0.00292049016167666,0.0619939950802476,3.85830538552188,0.0136533292149434,0.0880151744642377,1.00288309926358,0.00879139257308523,0.429095568756213
0.0768425827567806,59.7171771322352,0.334196636492039,0.0734897072407673,2.01872085226992,0.0112471067727035,0.0871789427902703,2.74700667630971,0.040249291421403,0.074938621019571,8.27426512232383,0.0674217559690713,0.0926019863663836,1.017423759841,0.00233751493758337,0.0805954778024888,22.598963573615,0.0467023742421848,0.0966094314505953,45.8844379566866,0.0716994453623337,0.084987016167683,1.02035709353375,0.00239447248922519,0.0992520655009965,2.39246014169509,0.0349246921703016,0.0752590186910092,1.00288309926358,0.0017904669392905,0.612963756796136
0.0904810640184666,63.4071843461906,0.49562979547565,0.0934173616046958,1.00577451078852,0.00322042470435906,0.0890256648435956,1.18855355314224,0.0233573482082982,0.0554398785957117,3.9368492691367,0.0308008888548894,0.0795316653728985,1.00867425853989,0.00102999516972467,0.0603037593837018,5.11596107896008,0.0213179289211857,0.0874317685724489,1.441417191251,0.0262026948729503,0.0959230610082216,2.29134256329585,0.003811299038433,0.088209998914287,7.3318961356485,0.0328190251345175,0.0944139753517656,1.00867425853989,0.00853832709298912,0.646727727472997
0.0594609675049981,10.2282860659776,0.115343608556992,0.0842165508399755,1.00288309926358,0.0100437116480664,0.0854403469030266,1.74807732789242,0.0302048621518905,0.0709566132114804,2.26510726072284,0.0334696195633751,0.0804187170699209,1.00867425853989,0.0015677142433707,0.0593668284235315,1.8463608342542,0.0163543725884295,0.0963060300327704,4.0518365057735,0.0523770954002276,0.0954356119915596,1.02035709353375,0.00160298027920572,0.0442111010835386,1.00288309926358,0.00290766979274317,0.0867651953129305,1.13178371549186,0.0102352144678343,0.274106848692135
0.0999541630186829,10.4050132320787,0.23286917460222,0.0787459388085626,1.00288309926358,0.00321398860184599,0.0758995288670575,1.64079288241399,0.0240518632002822,0.0822148691076946,7.58962040187813,0.080593698414967,0.0891180071083919,1.00577451078852,0.00115847344694114,0.0853769841327388,1.61269369477906,0.0280449424320965,0.0719794264825389,1.25899790157518,0.0176967220417402,0.0992092327144161,1.01449885892793,0.00397414350275873,0.0851565868046571,2.3787241732935,0.0247534797300811,0.0812619530730996,1.00867425853989,0.00353142010572421,0.419887906078657
0.0975242197552477,25.2854543965652,0.439329348160504,0.0824959140017986,1.00288309926358,0.00858761675916941,0.0937698273143311,1.37652687910296,0.0286410585910455,0.0714996752777889,8.54049161663095,0.0618902813471676,0.09781543018986,1.00867425853989,0.00287389938178215,0.0890592248676017,3.08228092099346,0.042430912881553,0.091919688511373,2.39935784176774,0.0385384015339043,0.09782234627046,1.00288309926358,0.00279092102644117,0.0833733635909575,15.6782947440786,0.0301705348817133,0.0758461695281576,1.00577451078852,0.00458148390420842,0.659834458467489
0.0618059016862995,19.499983193564,0.165534812043394,0.0758995288670575,1.00577451078852,0.00831646092878521,0.097999224193201,2.44820179377353,0.0471164135688608,0.0386462350674389,1.21274904899342,0.00912811532259695,0.0787039902056684,1.00288309926358,0.00101319207432974,0.0777898281555965,1.25537852068667,0.0204299155673974,0.084010266021401,8.10918567113405,0.0438284324664016,0.0879007150907318,1.01158236655188,0.00142396309486015,0.088940818542321,1.00288309926358,0.00625830861270187,0.0798200450888208,1.12853005133194,0.00841546633481588,0.311465080014144
0.027322850264075,4.07882582302107,0.0204434141737205,0.0721960224385084,1.00577451078852,0.00460750358770158,0.0642495609536895,3.02078648791353,0.0228906180872398,0.0978576038504265,2.62334079957365,0.0576076047169596,0.0868045387300086,1.01158236655188,0.00223508824805017,0.092608629611429,10.0346071582177,0.0620065658785362,0.0818920706743378,3.6952337044061,0.0352822700924258,0.0862682500993512,1.02035709353375,0.0014539476313259,0.0979608259489118,4.12243473196511,0.0393983885593117,0.097355733506972,1.75311720834914,0.0148532080019704,0.260778608977242
0.0947501053252672,44.75722237272,0.5119831892267,0.0937698273143311,1.00577451078852,0.00977303163976661,0.0703919816455013,1.54453302690677,0.0205062590412933,0.0754477417646292,5.57746185992785,0.0609426119672224,0.0819195041816588,1.02035709353375,0.00165062467989203,0.0553189851979038,2.2456281019818,0.0154104719776611,0.0999791252339462,1.31834782642385,0.0295369568452293,0.0892340977220515,1.00867425853989,0.002297777764193,0.0792498049407554,1.00577451078852,0.0151240938671986,0.0875367610713328,1.00867425853989,0.0082657301597472,0.675490747168904
0.0984340309970069,10.5245245163215,0.231992733287655,0.0642495609536895,1.39648494813358,0.00794789182768914,0.0963680677294416,1.27358007675926,0.0274531865533309,0.0891378655410322,3.32185250376586,0.062523286674044,0.0972549110309517,1.00867425853989,0.00121559214969823,0.0868205730629314,10.9713498785374,0.0532328521322814,0.0813394272672917,1.12205075712963,0.0194834718028605,0.083845971393989,1.01449885892793,0.00200435967625682,0.0983345592384064,1.28093437865255,0.0253386643870916,0.0789990963522725,1.00288309926358,0.00779953912073973,0.438991577611647
0.0636332850315676,7.84307588021287,0.103789875818723,0.0703919816455013,1.00288309926358,0.00719111700006265,0.0920977078826869,8.81528401319323,0.0635563680196173,0.0329289359051105,2.84356700216288,0.0123725080308246,0.0876777465897297,1.12853005133194,0.00241383839995072,0.0864726487350461,1.09650345009091,0.0208497497990822,0.093212823556328,1.54009278652809,0.0303160329835221,0.0845541551496043,1.02035709353375,0.00149336832850381,0.0781107667677414,2.66904925964653,0.0212543928238615,0.0822247385868362,1.13178371549186,0.00902022679320163,0.27225747799735
0.0890263205754868,233.776590138525,0.546242342785791,0.0963680677294416,1.00288309926358,0.00939601138431808,0.0363965178670418,1.64552345116496,0.00746191299386843,0.0921272747706017,6.36723659478765,0.0954822105557769,0.0821070447545856,1.02035709353375,0.00191225605447363,0.0851305932455584,1.09650345009091,0.0204356620399824,0.0741935591482924,4.31676880609627,0.0296962625062494,0.0758376848389749,1.03813555048354,0.00133932000140359,0.0794814917231189,1.32978351631576,0.0175088394824019,0.0935575211732749,1.13831921276723,0.0121862328995815,0.741661050703847
0.0853500128337694,15.2544839606464,0.26057109589516,0.0920977078826869,3.27437776251048,0.020854847241009,0.076364617436317,1.72806227717372,0.0250464716844385,0.0923561375655806,4.70617602490094,0.0829223179355513,0.0765784531357605,1.00867425853989,0.00160349108283505,0.0995544128749709,16.9456122371505,0.0807029562565345,0.0803908176354667,15.9056121278034,0.0414263707733315,0.0731336238771968,1.00867425853989,0.00147822555971999,0.0847191176298326,12.169460288151,0.0310624572448589,0.0777870878925577,1.00577451078852,0.00769902613501289,0.553367259808452
0.0976828519042065,20.704914205238,0.397746473271151,0.0968731974072754,1.00577451078852,0.00782970708479525,0.0914934895162504,37.4018619842125,0.0708530829365523,0.096628413417001,3.08228092099346,0.0660335986389125,0.091352762380074,1.01449885892793,0.00193643533516522,0.0949528749786386,1.97275779657863,0.0381976582774586,0.083621582233935,4.81582467568853,0.0395223010197132,0.0916360097652393,1.00867425853989,0.0012127873039099,0.0898556206067126,1.47500060364494,0.0232658993726741,0.0631720997678292,1.00288309926358,0.00348837562943716,0.650086318869769
0.0747425905680507,7.24048212666168,0.115089573593826,0.066544061729721,2.97761447568876,0.00943077990472959,0.066544061729721,5.32637338722108,0.0275627312066823,0.0960309396989743,3.26496454563336,0.068816928148417,0.0980385795481662,1.00577451078852,0.00134651491931835,0.0808644199208556,9.07276025359497,0.0438398706091078,0.0456355803575702,1.00288309926358,0.00150157042581835,0.081722911786996,1.00867425853989,0.00121120952287814,0.0726563843386215,1.00288309926358,0.00312582424263863,0.0995418588678743,1.00867425853989,0.0102395102473515,0.282164512820768
0.0842994626259424,11.1429894799024,0.202406140309271,0.0992074372811919,1.34518555643637,0.0199692050931293,0.0656471600495788,7.06256146630704,0.0278122184149628,0.0977254723235364,24.3554775355552,0.156024290883489,0.0861152203451092,1.00867425853989,0.00202822101210956,0.0645611457092436,1.74807732789242,0.0183825498991202,0.0996935341717373,1.26626799854054,0.0283467471113021,0.0947187551427878,1.01158236655188,0.00231580798969158,0.0993018050553533,4.85759838400825,0.0424946585913645,0.0969853908099788,1.00577451078852,0.00774112663818141,0.507520965942621
0.0771287694327613,21.183276247579,0.257894121065906,0.0896537351837126,1.00288309926358,0.0101930684702868,0.0992074372811919,3.91424641100743,0.0607659886495854,0.0675970872747572,4.85759838400825,0.0472827899771746,0.0843974788841506,1.02920793476607,0.0012283121176411,0.0710439610783647,1.05622377499757,0.0156947348252394,0.0943542057469237,3.75961856902805,0.0485479837816296,0.0954725751222155,1.00867425853989,0.00333913328757152,0.0849491120448639,4.84363370723389,0.0284432244703291,0.064912111352661,1.00577451078852,0.00210844024285568,0.475497796888219
0.0957324901957919,434.382914095119,0.678026480387468,0.0855814947218302,1.00288309926358,0.0078768143732642,0.0896537351837126,1.55345194953386,0.0299644623036434,0.0837914224849457,6.64822449937834,0.0800573507666634,0.0809789722284044,1.00867425853989,0.0013323266221891,0.0920108972597026,3.90299369276608,0.0499458320332452,0.0613392977444056,3.21830282695794,0.0188162604954122,0.0990898444418087,1.00867425853989,0.00369834653952828,0.0925054716543521,1.14160110005127,0.0212297492696951,0.0993832039973432,1.00288309926358,0.00804076065407967,0.898988383445188
0.0947895925961971,14.4490151370219,0.295851559441849,0.0954451121166237,3.37973166401872,0.0227570445238771,0.0855814947218302,1.21274904899342,0.0226666754226132,0.0892401496432043,4.32921447906216,0.0743317271565187,0.0913715682685854,1.00288309926358,0.00144776422459045,0.0976075870262928,3.90299369276608,0.0568683079785951,0.0756552288886667,1.40859841962076,0.0204897207611833,0.0928401380314144,1.02035709353375,0.00189319973169555,0.0840699145776242,1.00288309926358,0.00142278578010073,0.0942833032977955,1.00288309926358,0.00977474401324433,0.507503529034268
0.0853935715977918,15.6069203933666,0.264143721349772,0.0990878891636185,1.00288309926358,0.00876551572270057,0.0954451121166237,8.86618796583124,0.0695495923355032,0.0878940150234393,2.88479547897935,0.0547263409305764,0.0977814413603035,1.00577451078852,0.00113393292773032,0.0960370744536861,79.7490340377456,0.0776865282854215,0.0973400227348983,6.862132740856,0.0614966850572905,0.0908856758709537,1.00867425853989,0.00131659251192236,0.0998020400322131,2.50524216415549,0.0359283028677204,0.0693664805630898,1.00288309926358,0.00386708311746563,0.578614295106103
0.0953118771228288,23.543537468897,0.406743916561034,0.0699244444040323,1.15150364314254,0.00906269167896118,0.0699244444040323,2.80292774815717,0.0264030011802886,0.0905911925130654,6.47817779606607,0.0930717813428863,0.0936530512722859,1.00867425853989,0.0025867617032969,0.0968348852667064,4.25507507288674,0.0576235810674944,0.0851012685221474,1.28833114804146,0.0230819679621819,0.0832063149526471,1.03813555048354,0.00112931848905186,0.0684527188574601,1.00288309926358,0.00338442993269352,0.0985222628187293,1.00288309926358,0.00350041011943161,0.62658786003732
0.0873511447415319,9.96880749546136,0.191618462343713,0.0976010236048783,1.51808232505612,0.0201949021186899,0.0976010236048783,4.45566189315493,0.0614770888671053,0.0737428039558437,2.95200799512719,0.0428610949912685,0.0807796662593217,1.00867425853989,0.00180220263497509,0.0952150308632147,1.3490638599235,0.0285791440809122,0.0784443158538277,1.34518555643637,0.021101186486155,0.0792038628268758,1.00577451078852,0.00137873662305527,0.0890596475812214,3.08228092099346,0.0295122436162755,0.0897596893265966,1.00577451078852,0.00554299090927289,0.404068052671423
0.0530564133985256,10.1700465856493,0.0973348840655154,0.0778451100930796,1.00288309926358,0.00304211622952778,0.0911580685042162,44.9689998212073,0.0706763546618869,0.080010609380253,4.39198314906283,0.0615230237625866,0.0908984190668058,1.00288309926358,0.0023134640358126,0.0876314296592577,1.23033252636976,0.0236136596659327,0.0890123495094018,13.8527304550101,0.0536643510905084,0.0773788487904131,1.00288309926358,0.00102858595360184,0.0857841731718078,1.00288309926358,0.0134722087216887,0.0884252029593448,1.00577451078852,0.00603328758329232,0.332701935770353
0.0592279843769882,26.3918716150519,0.167195636275591,0.0858110231645896,2.67674439360146,0.0169465366020731,0.0858110231645896,7.14436264200497,0.0512425125818741,0.0783140667884339,10.1216499350543,0.0776343781821947,0.0954195067088537,1.76324060258228,0.00310238487002602,0.07517264899037,3.16318819550752,0.0302519340543843,0.0493643930145492,1.59882507273807,0.0106753977780908,0.0961420586239507,1.00288309926358,0.00200336987105294,0.0741747458381735,3.85830538552188,0.0201793995870094,0.0894936201507313,1.39648494813358,0.0114707231150004,0.390702272917297
0.0822470428576593,21.5492867752298,0.294046924918158,0.0816495612348556,5.92506573979369,0.016167177391033,0.0495122398893293,4.31676880609627,0.0150452664776717,0.0985290404872611,20.6100250498449,0.155350648369087,0.0838760607422643,1.00867425853989,0.00128206461647689,0.0913804399581581,8.96887940476934,0.0595589059949317,0.0921542904381416,1.39648494813358,0.0276692116799705,0.0982020440438989,1.00867425853989,0.00283250878421972,0.0505626410119097,1.00288309926358,0.00217377967561932,0.0530448560785956,1.00867425853989,0.00307813498562621,0.577204622892794
0.0749393107295002,7.19925509080609,0.114612178551597,0.0964125978297629,1.00577451078852,0.00263248222568729,0.0816495612348556,11.9955386652786,0.048786997259419,0.0761541409116664,1.79913505645155,0.0293252858030779,0.0812077124335231,1.035151107089,0.0011796814215995,0.0923596201017436,4.7881753057283,0.0534312625808728,0.0933354625574519,12.2045460501459,0.0601791372204322,0.0813255991105742,1.00867425853989,0.00126033012203715,0.0898016104416142,2.57100265798945,0.0285456241108401,0.0963532364541461,1.00867425853989,0.0109084272683258,0.350861406563889
0.090415127578591,15.7861804344338,0.292792635294208,0.0907994102978802,1.48351801054375,0.016901058186131,0.0857598923759285,1.54009278652809,0.0278548237003427,0.0954054179473597,43.5672141029724,0.154454793961292,0.0992178407064558,1.01158236655188,0.00163100321848272,0.067715734776806,1.9841495077581,0.021118156028063,0.0718420899370758,1.12205075712963,0.0162651856267186,0.0818234132283242,1.00288309926358,0.00199694959837991,0.0736637505634311,1.04413027541975,0.0136180789693933,0.0840836717653485,1.00577451078852,0.00450724713282223,0.551139931715834
0.0880151744642377,21.9216213343848,0.337466282625413,0.0674691163142307,1.00288309926358,0.00239737450368716,0.0907994102978802,4.06351835261943,0.0510992244220564,0.0792292026250034,60.3177469949361,0.0957584443193097,0.0913914500874149,1.00288309926358,0.00122343523648893,0.0715178363793588,1.44974067037263,0.0197692856246883,0.0993952951090027,4.59902389909696,0.0582493570788972,0.091677380660315,1.01158236655188,0.00248934882167852,0.0615926448196672,1.00288309926358,0.00685795430625293,0.0761318228404256,1.00867425853989,0.00473479150378798,0.58004549844226
0.0805495130169177,19.9505067597871,0.272514224968269,0.0950753808267976,4.25507507288674,0.0234096821379357,0.0950753808267976,12.2397329678754,0.0716058478318522,0.0903801385262676,10.1800975118018,0.107797873206705,0.0889590603103984,1.0232988843187,0.00206080169088812,0.0869511038889457,1.47500060364494,0.0271180782525771,0.0824565264705721,1.65502554408647,0.0259691082953949,0.077392649763927,1.00577451078852,0.00202027639010277,0.0690715066891409,2.44116367657533,0.0159891588802537,0.0907404136428761,1.00577451078852,0.0010836234498991,0.549568675103878
0.071827549671953,9.36190111388404,0.141160601736229,0.0989163047438057,3.75961856902805,0.0255931883473963,0.068447570586523,1.9841495077581,0.0222015197020049,0.0811248182406965,8.01633751167032,0.0792580520743823,0.0903326817580743,1.0232988843187,0.00217258095978008,0.0822850121476733,2.56361151152847,0.0336391695544034,0.0703346132595692,1.035151107089,0.0149016305608777,0.0870874359475312,1.017423759841,0.00182960278083142,0.0950772879098277,1.65979714701382,0.0275301287525616,0.0910220525924519,1.00288309926358,0.0105702615651282,0.358856736033595
0.0944139753517656,16.7138422487345,0.32653781245143,0.0881663678380983,1.00288309926358,0.00529959833828735,0.0989163047438057,10.4473164853735,0.0784853879438512,0.081156462871896,6.2943333190863,0.0737335332143843,0.0825795155209595,1.02624915657849,0.0015876596948293,0.0752618640900456,5.85722521042959,0.0349766418893108,0.0930760496581884,20.7290378618468,0.0619162644848905,0.082474625005261,1.017423759841,0.00194199902246621,0.0922234651149793,1.55345194953386,0.0249662195714771,0.0997312571267285,1.00288309926358,0.0134416776426006,0.622886794253527
0.0867651953129305,37.8185940234217,0.399816803555079,0.0776041589709648,1.00577451078852,0.00957287322205208,0.0776041589709648,2.01872085226992,0.0280104224804381,0.0810537047970256,8.89175006582625,0.0816095697539051,0.0971221441026546,1.16819913201946,0.00322030585745626,0.0731063470561762,8.99473757437633,0.0344587570029729,0.0660811947094903,5.16033824803901,0.0238097023391749,0.0996828103794862,1.01158236655188,0.00199334734548473,0.0808921149349509,3.19062650772569,0.0238317843599015,0.0854672087716981,1.00288309926358,0.00341889230715579,0.60974245822362
0.0619874643199313,51.6251370261205,0.205610663204319,0.0885182517066592,1.00288309926358,0.0125114778357303,0.0885182517066592,2.23917234584048,0.0372690397564105,0.0915522076033798,11.6887196334189,0.115273571741477,0.0966229444727602,1.00288309926358,0.00162037660079387,0.0944512271890399,3.39924796097488,0.0498664608066395,0.0992521242836851,4.73335188912938,0.0587710423092031,0.0928345217609911,1.00288309926358,0.00333705051992383,0.0757880482077742,1.67902152597229,0.0175100548108791,0.0647382997786073,1.00577451078852,0.00181518883878293,0.503584926424159
0.0758461695281576,9.66058952631025,0.155664081449894,0.0641126029520631,1.00288309926358,0.00664979220716876,0.0641126029520631,1.75311720834914,0.0188007151732714,0.0514307582421503,9.15145972170511,0.0324709372007912,0.0972559939434163,3.24621921773864,0.00334348802318128,0.0913732320695208,1.15815301335288,0.0234677908195233,0.0861950333282951,2.1944987299355,0.0325679044187325,0.0993018152970332,1.00577451078852,0.00180956375615909,0.0543421188354007,1.00288309926358,0.00689194508965701,0.0858309639174147,1.00288309926358,0.00151236474706085,0.283178582885439
0.0798200450888208,32.6939448974803,0.321232149542608,0.0913383146063783,18.5275056440599,0.0228107168859582,0.0913383146063783,30.9294781934387,0.0697186970379505,0.0599769831274633,1.4455729400936,0.0177684199640043,0.0946209644699115,1.00577451078852,0.00154291035415916,0.094606124374172,14.257340102472,0.0688951038478824,0.0766615533917945,1.32214875407135,0.0200803848232671,0.0997241951473769,1.01158236655188,0.00270209079642405,0.0645843890676732,1.92229906736858,0.0132440042601887,0.0975971682362865,4.3416960341386,0.0166105038338969,0.554604981346339
0.097355733506972,63.9526218479422,0.599241887459394,0.0932595080488308,1.51808232505612,0.0182465208342068,0.0932595080488308,4.44285270778494,0.0553383533132544,0.0959280524293717,3.10007958542497,0.0656408520674091,0.0928337681914038,1.00288309926358,0.0013730291006817,0.06412878405123,1.38447564841702,0.0161946436840078,0.0805744818588258,10.9083594392703,0.0406570836795495,0.093167589291782,1.01158236655188,0.00322968819176354,0.0608454263995702,3.13598584352336,0.0128462445090949,0.0745638269670598,1.00288309926358,0.00280952720735573,0.815577830046717
0.0875367610713328,19.7239586928926,0.314765889021485,0.0805625061641844,10.9083594392703,0.0159787876659895,0.0805625061641844,15.9056121278034,0.0481934405914738,0.0474362702468988,1.87853138201008,0.0169363376506681,0.0805801023726815,1.00577451078852,0.00155449692635706,0.0863995391055905,6.24020417473294,0.0488091195065276,0.0956553208145682,1.23743709481674,0.0263332223358988,0.0973471727925735,1.00867425853989,0.0029392196156482,0.0918864584704045,3.07341994620988,0.0314858138006202,0.0910458811212819,1.00288309926358,0.00876059461878757,0.515756921733456
0.0789990963522725,26.7713331750551,0.294633728510157,0.0897752323799466,4.48139116082693,0.020246324193588,0.0897752323799466,12.2750213329814,0.0616391036236333,0.0848713756899874,11.0347040567755,0.0951407556248411,0.0850979038054404,1.035151107089,0.001168162554083,0.0911929889419133,16.1827476936424,0.063111907645493,0.0770799886292419,1.28833114804146,0.0199429883116605,0.096095675353609,1.20578622343754,0.00368937111359246,0.0611509399909841,1.00288309926358,0.00829233499818402,0.0829745594150034,1.00867425853989,0.0019984422096654,0.569863118784898
0.0822247385868362,35.2132681282715,0.347348341404741,0.0981810884702156,1.00288309926358,0.0105847974617365,0.0851643674220732,2.30457394564778,0.0354418420048688,0.0725082078417738,4.09876636139165,0.0499103382194798,0.0989246746551469,1.00867425853989,0.00186529712154301,0.0710768831267737,5.56142771178757,0.030566870343722,0.0827681409412555,1.38846722913941,0.0233988547324309,0.0748328233361797,1.01449885892793,0.00112311824809286,0.0996884571048661,1.21624552488348,0.0251455973065154,0.0984967944266892,1.00288309926358,0.00673970003690571,0.532124756880036
0.0935575211732749,40.2702697862705,0.484070281082484,0.0662113633187971,1.00577451078852,0.00214903006487013,0.0981810884702156,1.41673238639154,0.0311986769342384,0.0963243148144801,5.2653877364201,0.0955885430301353,0.0961212561260728,1.00288309926358,0.0012431896412344,0.0799904589369811,1.40859841962076,0.0231410070698076,0.0746150548992242,2.75492656923522,0.0267235976802328,0.0763194189440513,1.00288309926358,0.00168833821234639,0.0519974523884421,1.035151107089,0.00752134258332523,0.0848763051052262,1.00288309926358,0.00595424865323991,0.679278254951914
0.0777870878925577,28.1831356987834,0.290293139796925,0.0755418180838184,1.00288309926358,0.00496016282354132,0.0833718200782304,1.21274904899342,0.021936014531848,0.0581811886038891,3.6952337044061,0.0326477013111675,0.0953114509048993,1.00288309926358,0.00106989354984436,0.0880757674590049,6.8227347852315,0.051595808008178,0.0979223516039328,11.1946946742062,0.0671822578391884,0.0996158582152883,1.00577451078852,0.0020953386666363,0.085376161307289,6.84240540686637,0.0300298807420699,0.0741795410323494,1.00577451078852,0.00612006528681311,0.507930262556212
0.0631720997678292,8.35152098607252,0.108458902880163,0.0973629075858508,1.00577451078852,0.00878881528899196,0.0866971584458773,34.0120577830084,0.0606140414206699,0.083347590229649,6.62911211113257,0.0791303770542492,0.0949841256757255,1.09335121002246,0.00300193116897664,0.0696938508373157,1.37652687910296,0.0184502234846624,0.0895688860258849,3.43861929685961,0.0420674912598976,0.08436680204654,1.45392041663176,0.00261828769646391,0.089925479966758,1.00288309926358,0.00445784773961102,0.0970211820448368,1.00577451078852,0.0107549850559699,0.338342903049655
0.0995418588678743,19.8936269546997,0.400002314033672,0.0835813793141832,1.00577451078852,0.010827277158964,0.0973629075858508,1.17833239331668,0.0255401029653171,0.0579918486358062,1.37652687910296,0.0161951757562375,0.0912099910110172,1.02035709353375,0.002239281026396,0.0836742885923752,4.48139116082693,0.041756998292977,0.0963654556866068,2.72338334507132,0.0447887901762163,0.0972474344141408,1.00288309926358,0.00124103356116538,0.091929527660894,1.40859841962076,0.0236341128965814,0.0645937282409639,1.00577451078852,0.004259876244346,0.570484962111873
0.0980537030676523,27.5467024013616,0.46343645932261,0.0956382596273426,2.82724106811333,0.0224017393790197,0.0835813793141832,2.03037797761035,0.0319626540624894,0.0955974486025177,20.9691291766305,0.142639592219435,0.0983792652489482,1.00867425853989,0.00120988608142198,0.0907998523162752,4.0401882420282,0.0490619017322144,0.0881262941880888,5.49775074742009,0.0460465774789902,0.0893502489415266,1.00288309926358,0.00194501197485025,0.0984103544281162,10.4172824260824,0.0454725123040259,0.0941697052360326,3.38947576589033,0.0147296273713789,0.818905961926436
0.0660866724248014,6.42227783049206,0.0881003205542265,0.0968504775259203,2.52697328239242,0.0224994799007437,0.0956382596273426,8.15601225127809,0.0684301377695143,0.0803495057713425,10.5683211343905,0.0829007420716331,0.0964640235872495,1.00867425853989,0.00304422045195288,0.0953498253077716,35.6154068202425,0.0750071632306945,0.0970668149559322,1.80432214140788,0.0360984906901025,0.0974168075227334,1.01158236655188,0.00312682894308801,0.0880626687447267,1.76324060258228,0.0242153605865795,0.0881288817992537,1.00867425853989,0.00643646437132902,0.409859208569864
0.0415635651826873,6.76096055465395,0.0538321260119548,0.0617080231156598,1.77853540743712,0.00762987784863094,0.0968504775259203,6.92165665438525,0.0687380873585076,0.0491212409977834,1.71320152422168,0.016556746937691,0.0974571803758587,1.00288309926358,0.00199045610326445,0.0954146464157443,11.858192730432,0.0690780529074224,0.0947227711451364,1.39648494813358,0.0288696202800858,0.0878221208659553,1.02035709353375,0.0019962092325473,0.0792479894540612,2.02454102487246,0.0203736640374394,0.0928296160636435,1.00288309926358,0.00456458969523913,0.273629430412783
0.091616110168946,11.6971772636284,0.236310513244485,0.0924332522905199,1.00288309926358,0.0146153605046852,0.0617080231156598,3.50861959151272,0.0218886562354125,0.080933135523733,2.75492656923522,0.0469844613898366,0.0787641951915299,1.00577451078852,0.00161720563305121,0.0945647836245788,68.4634633145046,0.0743190093398123,0.0739832058710005,2.91820823764409,0.0267425969017679,0.0910054917882057,1.01449885892793,0.00232491619202082,0.0914189009982697,2.27163778979815,0.0284969522627865,0.0907799728528161,1.15482354244809,0.0114163457607892,0.464716017464647
0.0969853908099788,13.6860767606747,0.292111222978448,0.0973221005509766,1.00577451078852,0.00283358267712652,0.0924332522905199,2.62334079957365,0.0438977111791453,0.0987272120261199,12.0995910689866,0.138569749344129,0.0905312154642955,1.00867425853989,0.00254003730711089,0.0760186772282383,1.80432214140788,0.024699769393132,0.0629577771055852,1.82522046182733,0.0169503295394025,0.0871042376366067,1.017423759841,0.00244780363892418,0.0886004366086532,6.45955425993623,0.0330705261768271,0.0881730566266254,1.14160110005127,0.0106555595039399,0.567776291738185
0.0993832039973432,13.8432741205849,0.305050725452714,0.0577413144310978,1.00577451078852,0.00104954083852698,0.0988709326074138,1.5850757161707,0.0349018303720604,0.066403173007924,1.5896456468007,0.0220226830040414,0.0938067872255154,1.00288309926358,0.00183006828469055,0.0810057949839408,3.63195145450856,0.0367765086738209,0.0849069682623321,26.6290908341743,0.0489110504950778,0.0799254696011526,1.00577451078852,0.00156723198334775,0.0840055078109149,1.55345194953386,0.0208248370790858,0.0964378572364116,2.1944987299355,0.0149729408241228,0.487907417007488
0.0967700312125238,20.1221238198718,0.383544969772881,0.0905653701996046,3.52888015319671,0.0201664951395547,0.0962630924007809,1.7230944249062,0.0359665658816375,0.0622480162017268,3.4784466459882,0.0357353547389498,0.0959846357491922,1.01158236655188,0.00114654064675703,0.046491210217028,1.4920846013006,0.010100705601116,0.0618497820151643,2.14453349218355,0.0173026348697078,0.098731460174552,1.00577451078852,0.00286554786166717,0.0982213327955462,14.298445429222,0.0465660028945135,0.0946271050323935,1.00288309926358,0.0093066175496392,0.562701434956424
0.0979944137523378,10.1121387187552,0.221165161219793,0.0898088603511166,2.37188579111585,0.018439211192588,0.0905653701996046,9.6938573407282,0.0613875874259943,0.0853478736545436,24.425696794902,0.109708310177241,0.0959330260626979,1.00867425853989,0.00238534748016792,0.0603584255861209,1.44974067037263,0.0151148199908057,0.0860093072066459,1.62200621191813,0.0275597199811349,0.0974392763124938,1.01158236655188,0.00247238493295452,0.0878539093300176,17.2408685151293,0.0344721217917768,0.0787470196353908,1.00288309926358,0.00549087353464512,0.498195537727101
0.0997173955316658,15.2109927308327,0.331956829471223,0.0732079826522773,1.00577451078852,0.0072293686851912,0.0898088603511166,6.22226476776323,0.0559454599218527,0.0777664790188707,11.0347040567755,0.077757752795994,0.0876743504035706,1.01158236655188,0.00223337731612792,0.0844187064545056,2.97761447568876,0.0375328328729701,0.0929214324415369,1.13831921276723,0.0234634257367665,0.0882293437057879,1.017423759841,0.0017736751156977,0.0577224307668813,1.00288309926358,0.00871350061125303,0.0915628921559386,1.00867425853989,0.00740191587780342,0.55400813840488
0.0942833032977955,21.4878487753682,0.379931682806585,0.0739384577077337,1.00288309926358,0.0048069909245478,0.0732079826522773,1.41673238639154,0.0206267780492326,0.0881885905949554,2.69220128298041,0.0518808404938176,0.0807413565999534,1.00577451078852,0.00160039579372304,0.0976307723936685,8.15601225127809,0.0689231419620193,0.0944928628491344,1.74305193613896,0.0338093159099235,0.0876466582442153,1.0232988843187,0.00161509324607838,0.0736558543914102,2.66904925964653,0.0185970433754069,0.0924878319526032,1.61734325078285,0.0128532948172275,0.594644577378562
0.0693664805630898,8.544472794322,0.12481314244698,0.0578483645050697,1.37256962462899,0.00646484107024785,0.0826312397157866,1.25537852068667,0.0223897220823531,0.0660996212343597,1.50502732889567,0.0206175054396273,0.0891407724519638,1.02035709353375,0.00211985128284553,0.0948052824908305,12.0995910689866,0.0676411803495949,0.0492686096368797,1.00288309926358,0.00442615625049867,0.096000108155829,1.00867425853989,0.00299250792943676,0.0862262403628203,1.00288309926358,0.00288855809691126,0.0797995319510265,1.00288309926358,0.00717021888186038,0.261523683830356
0.0897596893265966,9.94038597042831,0.197186143735639,0.0885874561848855,1.00577451078852,0.0125770911945377,0.0578483645050697,2.6460963359074,0.0182179924131097,0.0976197152436238,7.4382002633935,0.115612547293882,0.0879365736348321,1.47500060364494,0.00246700644663933,0.0708213286785569,4.7881753057283,0.029443993819689,0.0989000500627654,2.21353437928443,0.0423255636985743,0.088808048296833,1.01158236655188,0.00121956137052623,0.0836222132880143,1.00288309926358,0.0140748293079859,0.0820286670244157,1.00577451078852,0.00713489097880348,0.440259620259387
0.0884252029593448,11.2709771098404,0.218359290608098,0.0489486893075525,1.00288309926358,0.00400513070229916,0.0885874561848855,2.23917234584048,0.0374757667773106,0.0727157965676152,5.62584220609726,0.0568188673560318,0.0870797693719581,1.01449885892793,0.00164349573493119,0.0490589048814349,1.53125056362849,0.0111311417938345,0.0895574955661353,10.3873347090322,0.0529865539005863,0.0884334121167514,1.00288309926358,0.001148477725101,0.0862455815822137,6.51558610363938,0.0308456260745854,0.0901753489236905,1.00867425853989,0.00429487109010195,0.41870922176288
0.0894936201507313,46.0535109309268,0.453171450720408,0.098473259986926,2.85998721049474,0.0240003286488402,0.0489486893075525,1.25537852068667,0.0104682200209426,0.0953374522975579,7.74412301428478,0.111250818994384,0.0947435775580518,1.02624915657849,0.00267202411530678,0.0626828049781402,1.5850757161707,0.0167788306874574,0.0784693239572394,2.80292774815717,0.0297248481674373,0.0806362124518872,1.15482354244809,0.00230396951207011,0.0978739829610618,1.00577451078852,0.021242117904848,0.099347229160383,1.00288309926358,0.00279993828829466,0.674412547059989
0.0530448560785956,9.04658165894228,0.0907429242396122,0.0856572865835724,1.00577451078852,0.00995263257855276,0.098473259986926,8.06262793911584,0.0734667888936062,0.0482247428714932,1.21274904899342,0.0115142004108146,0.0849925942705781,1.00288309926358,0.00135672905422725,0.0800803968481235,1.34518555643637,0.0224294455109155,0.0917277024326406,15.5434666953568,0.058540048734265,0.0959127046327734,1.00288309926358,0.00155048371027195,0.0736363190706927,4.85759838400825,0.0204621383472537,0.0921505140466546,2.4062754285944,0.0134557598195692,0.303471151299088
0.0963532364541461,25.3577505002821,0.428889065833288,0.0671015527093397,1.00577451078852,0.00644180009127929,0.0856572865835724,1.65026765861521,0.0292069245625635,0.0951172576312011,3.55949057200184,0.0723803862734863,0.0989581967504281,3.55949057200184,0.00350323644535122,0.0847136828053665,2.09570588324384,0.032409560540325,0.0473626763562165,1.00288309926358,0.00208899543893369,0.0812550404186032,1.00288309926358,0.00138443790960279,0.071041209794419,4.91386086905364,0.0188775300241139,0.0908732333798166,1.00867425853989,0.00132773813628157,0.596509675255225
0.0840836717653485,8.35152098607252,0.152458214171597,0.0609172882159553,1.00288309926358,0.00239099336780979,0.0671015527093397,1.42081696649143,0.0181453975478663,0.0981707201899314,16.8483214233231,0.148695240896095,0.094215971160268,1.01158236655188,0.00264126632377983,0.0989884331895449,2.77882351455518,0.0503859707502137,0.088267446082889,1.91126246166401,0.0317761559907432,0.0925537029937463,1.00577451078852,0.00161181296944488,0.0791934163456976,1.00288309926358,0.00967963576223664,0.0912818817167846,5.23515726431772,0.0139701022819852,0.431754790061772
0.0705569661177327,14.2849392823464,0.182772694062762,0.0921837468135252,1.00577451078852,0.0130117995378701,0.0921837468135252,2.11997911696849,0.0388453958042483,0.085182674467804,3.70588742997801,0.0624375803413734,0.0985057386722421,1.00288309926358,0.00287765204377763,0.0547642499109583,1.83048275359669,0.0142148353708217,0.0969180156445843,1.39648494813358,0.0297308592385716,0.0913773508184029,1.00867425853989,0.00218731237407364,0.0968718524492098,1.21975208146059,0.0239544025823138,0.0823006950793647,1.00577451078852,0.00786332779852129,0.377895859154333
0.0653210608982144,7.73190675055959,0.10566139016268,0.0952060124003838,2.55624161321588,0.0217320051682126,0.0952060124003838,7.37423424898408,0.0663200162834095,0.0605896431149348,3.54925770971272,0.0344363175108883,0.0872455171270245,1.01158236655188,0.00165045986866764,0.0889504995024199,8.46704626823108,0.0552193748911799,0.091529168004099,3.82512526006857,0.0455446459553021,0.0832258245237411,1.01449885892793,0.00189617778973942,0.0819567079998397,1.83048275359669,0.0211618649301942,0.07435968441688,1.00288309926358,0.00440637258705889,0.358028625147333
0.0761318228404256,10.0833085498645,0.162284571644028,0.0908469953360809,1.00288309926358,0.00992159651432377,0.0908469953360809,1.46653209822205,0.0291091397026639,0.0917502160001375,26.705865146348,0.133314061032892,0.093082658381507,1.00288309926358,0.00204951776842813,0.0709648622620839,2.18189932872234,0.0238369912381917,0.0783756611773788,1.75311720834914,0.0245007058986818,0.0909509973536399,1.01158236655188,0.00231128688836352,0.0967476193131991,10.3574730860055,0.0435739866473189,0.0582551755817866,1.00288309926358,0.00195958493221631,0.432861442267108
0.0882993541469262,25.9436107071029,0.363960486598591,0.0955355801618715,1.00577451078852,0.00325151236118914,0.0678204339022081,5.97646129188652,0.0291988946577891,0.0795130812731671,5.10125365829453,0.0652403296429468,0.0944285632754716,1.00867425853989,0.00165775478623619,0.0973155071581857,5.74036800209287,0.0633015713163906,0.0628968555632676,2.35148837301477,0.0182892818774918,0.0921507366724649,1.01158236655188,0.00249015459203507,0.0823781253165613,7.08292353206951,0.0277981778415073,0.0894135279612253,1.00577451078852,0.00115651725286986,0.576344680927047
0.0933567311636521,15.2544839606464,0.29969659537668,0.0678204339022081,3.23688695135292,0.00995008395660264,0.0530969269645955,2.11997911696849,0.0146846675317328,0.09550646891295,6.0805937181354,0.101060813305666,0.092887953437256,1.00577451078852,0.00144801694794771,0.097120755017494,8.51593931825384,0.0690288146666529,0.0526687873568705,1.00288309926358,0.00763939809049456,0.0957686508464285,1.01158236655188,0.00136881615043041,0.0522973887742777,1.00288309926358,0.00733849707750444,0.0858960956416686,1.00577451078852,0.0055123931097172,0.517728096213429
0.0910220525924519,30.6159827474815,0.414285597197996,0.0530969269645955,1.16819913201946,0.00534339447746301,0.0855414349811897,1.70336542221432,0.0297978807911372,0.0677247863805553,3.54925770971272,0.0415688141768374,0.082411882212359,1.00288309926358,0.00117734625308994,0.0724029158636064,1.46653209822205,0.0203734597669784,0.0807674276462278,1.32596064017055,0.0218251743650606,0.0995547288554491,1.00288309926358,0.00266152372776233,0.0726233909995275,1.07153781450759,0.013459694967356,0.0889097047416245,4.36676720472819,0.0129673728767879,0.563460258600469
0.0997312571267285,36.5448208539483,0.538285855739122,0.0855414349811897,1.00288309926358,0.0101401969467522,0.0984243251355381,1.4963864293158,0.0329601955793575,0.0902441938554715,2.57100265798945,0.0512986635154929,0.0915360835375732,1.01158236655188,0.00195460718432906,0.0915084898302815,1.23387969717049,0.0250044577646727,0.0577575164242647,1.00288309926358,0.00150195355794084,0.0884675704296628,1.00577451078852,0.00112235128531642,0.0781080487108129,1.00288309926358,0.00837275953038204,0.0998201718728863,1.00577451078852,0.0134040617343837,0.684045102837749
0.0975971682362865,141.035284108921,0.675129578972195,0.0562814255189866,1.00288309926358,0.00288959356664073,0.0910515061229975,4.54636621906863,0.0532244231573239,0.0568402144419782,5.25025074237118,0.0351904217514543,0.0996730647462939,1.00577451078852,0.00262249440176856,0.0889231980869702,1.39247031798524,0.0268034004617794,0.0455231990395741,1.56692699337341,0.00931252532059997,0.094349878559475,1.00577451078852,0.00134860270319208,0.0766077574996654,7.72186012504483,0.0233349019482411,0.0585211835496811,1.00288309926358,0.0017688070899035,0.831624749373098
0.0457463858968104,6.93694192261966,0.0619161836586751,0.0910515061229975,1.63137250428789,0.0175755777847158,0.0755887134930307,6.42246765119551,0.0375176161682581,0.0966390470350589,16.0435815196353,0.141297789619266,0.09195549721813,1.00867425853989,0.00175383047435794,0.0886132682746643,6.53437118513655,0.0518205422753871,0.08916374319821,9.44591016576076,0.0513895821074061,0.0819205386872127,1.00867425853989,0.00129496165405,0.0639625456667276,1.00288309926358,0.00777209055556069,0.0986395697144559,1.00577451078852,0.00629352397126682,0.378631698268944
0.0910458811212819,19.3889510147338,0.336136292755463,0.0755887134930307,2.83539228475476,0.0125903738273167,0.0920786518823349,1.85168407581574,0.035487708993119,0.0762580202281969,9.5553161597167,0.0724098810755211,0.094476518256022,1.01158236655188,0.00267866461666844,0.0929248124443802,4.61228334151361,0.0533930222532867,0.07132912138618,4.11058351166975,0.0268583239296912,0.0978288916311023,1.00288309926358,0.00226970587882814,0.0726689447231845,1.00288309926358,0.0100270891615575,0.0822365137429847,1.00288309926358,0.00192641248472635,0.553777474976178
0.0984967944266892,11.2388430398205,0.248865258576989,0.0920786518823349,1.00288309926358,0.0119460989412943,0.0956272884859684,1.66458250694606,0.0347507595455723,0.0465487535205624,3.72728711692345,0.0226894403562285,0.0912877598219601,1.01158236655188,0.00195541908698976,0.0845958952493969,7.20633469066447,0.0471914258311816,0.0769791116114631,2.51970871206025,0.027640025852206,0.0996101672300377,1.00577451078852,0.00270762711912713,0.0968447919834985,5.41917883794353,0.0405282505621769,0.0585071552343131,1.00288309926358,0.00176600547571944,0.440040311347485
0.0848763051052262,11.8315302572874,0.214946045192986,0.0898030686555618,4.59902389909696,0.0202762732039582,0.0898030686555618,11.1946946742062,0.0617334635193204,0.0739521201920812,2.71555413295041,0.0407440023400478,0.095221720204801,1.01158236655188,0.00268562857139834,0.0989960118622022,3.02078648791353,0.0525954837752798,0.0591007731949024,1.5850757161707,0.0144206699982206,0.0793894440799977,1.00577451078852,0.0016779311288488,0.0894568533694967,1.00288309926358,0.00889404918009774,0.0969824647612604,1.00577451078852,0.00186674058348858,0.419840287493646
0.0741795410323494,17.7466137465261,0.222106729983605,0.0812971237999747,1.00577451078852,0.00283133061032239,0.072339297790042,1.60805750536954,0.0219876435394446,0.0987884790675297,2.54156531687388,0.0563409541625767,0.0770814750399356,1.00867425853989,0.00164242259559409,0.0854708949773421,17.1418825295271,0.0537668732129885,0.0997511346478681,3.17230798106454,0.0517336196821637,0.099252758817862,1.31834782642385,0.00408507755628388,0.0673481190769375,1.00288309926358,0.00523342754025495,0.0899818696816058,1.65026765861521,0.0120090018464187,0.431737080729653
0.0970211820448368,23.8820457636572,0.422262762472888,0.0962842236300902,1.00288309926358,0.00388804572475642,0.0936970454432988,3.13598584352336,0.0491155961159412,0.095516247451035,9.28414544519475,0.118902087537956,0.0856494009414078,1.017423759841,0.00200984320057392,0.0906967830334158,9.5553161597167,0.0583936911017054,0.0847748078955148,5.08658851868221,0.0414414242592487,0.083035625881988,1.00288309926358,0.00190440656055715,0.08197012766653,1.00288309926358,0.0124858895329152,0.091363866798155,1.00288309926358,0.00248739538372781,0.71289114189027
0.0645937282409639,11.6971772636284,0.141775661278182,0.0936970454432988,1.07772542117776,0.0162714718107118,0.0825241158475175,1.0808326105459,0.0194189474050316,0.080585338374374,10.2980071327174,0.0837039707613283,0.0928262060001949,3.12697047724319,0.00290252600052804,0.0707363425095364,5.43480286846039,0.0302024432537905,0.0992934098460653,7.99329205722658,0.0667082579707727,0.0833537152712622,1.1028352210931,0.00250465016591277,0.0944389792324688,17.4908414355252,0.042021522380138,0.0947424517851205,1.00577451078852,0.00525583214793442,0.41076528317433
0.0941697052360326,106.613332696677,0.593905137322674,0.0576397872458099,1.00867425853989,0.00157246598080484,0.0790872549127721,2.10174801133249,0.0294973947568847,0.0945140678500219,5.57746185992785,0.094556706856304,0.0838086703728484,1.017423759841,0.00102085240130941,0.0830582604751247,20.0828667363378,0.0498458236353423,0.0775735625807476,7.56780167843215,0.0358762242680624,0.0971346756650034,1.01158236655188,0.0026066583092741,0.0761552770856447,3.11798102843626,0.0205413601728721,0.0933238725410165,1.00867425853989,0.00309025991469011,0.832512883618218
0.0881288817992537,12.4554731953392,0.23577022117527,0.0724509062532994,1.00577451078852,0.00443273431794979,0.061277094985806,2.46233896144414,0.0197319283914526,0.0908345350917347,5.31106107095859,0.085795193262284,0.094556003904807,1.00288309926358,0.00283321465917448,0.0971606729821069,2.88479547897935,0.0493391630557584,0.083916222138163,1.15815301335288,0.02084879746013,0.095418453134806,1.00577451078852,0.00318562579576618,0.064453797063782,3.13598584352336,0.0143583683860514,0.0948119936387593,1.00867425853989,0.00734006837673947,0.443635314880576
0.0907799728528161,39.9268137290769,0.45082319961397,0.0901619086058693,1.00577451078852,0.00542101359574939,0.0844313416822008,1.08394875824941,0.0199935822094807,0.0680448604575073,1.78880557933512,0.0257075316834866,0.0960035922281654,1.01158236655188,0.00272015144358574,0.0757487406041059,1.12853005133194,0.018053526211733,0.0989806919359397,20.6100250498449,0.0737044174395047,0.0975285326100625,1.00288309926358,0.0021421479613144,0.0864444748978419,2.29794873135268,0.025404985355994,0.0893397316759066,2.26510726072284,0.012293421439016,0.636263976953835
0.0881730566266254,38.5820333271623,0.417969133885225,0.0825241158475175,1.00288309926358,0.00684601374159699,0.0746261071009593,1.13504676028852,0.017955850850783,0.0339794631330836,1.50936647207927,0.00953035335478462,0.0956039316036762,1.00288309926358,0.00198108549200331,0.0868353516090881,2.66904925964653,0.0380018237076586,0.0695837346630333,2.47655776434198,0.0225620296523515,0.07450821870738,1.02624915657849,0.00152007003945535,0.0984588275269638,5.94214829246472,0.0427123437774046,0.0575115096974462,1.00867425853989,0.00398354801151422,0.563062252512777
0.0964378572364116,75.0405858042455,0.604412472460723,0.0790872549127721,1.00577451078852,0.0100448252924025,0.0452006930921288,1.07462716439149,0.00862611568824846,0.0759582328486188,2.44116367657533,0.0390520615977836,0.0877578108040237,1.017423759841,0.00130459291054372,0.0704083799335075,1.8570226648111,0.0219512723658523,0.0851775711645489,3.43861929685961,0.0377081355478578,0.0959068846274138,1.00288309926358,0.003138928603532,0.0885170265815674,1.32596064017055,0.021324840299209,0.0877114200270964,1.00288309926358,0.00284910875030442,0.750412353516457
0.0356511492916971,8.9950707595437,0.05211120511397,0.061277094985806,1.10920355497526,0.00694535118511321,0.0929202773303668,2.48369792620856,0.0432279273387837,0.0845608351278228,4.73335188912938,0.0708663865779154,0.0905483238732646,1.00867425853989,0.00233270837283991,0.0916031284617476,1.30701047960937,0.026390516099461,0.0963366096075859,2.63090415150101,0.0442225256349374,0.0901839195535681,1.0232988843187,0.00246674841417585,0.0621805674408719,2.67674439360146,0.0130610407340049,0.0891440359910471,1.00867425853989,0.00646931796715508,0.268093727438356
0.0492298830798883,5.36502184689064,0.0525124184687757,0.0452006930921288,1.00288309926358,0.0034204628054006,0.0879132888651609,1.53566531100084,0.0287428677966971,0.0806024961048496,2.18818996107018,0.038266840896546,0.0992571376995295,1.01158236655188,0.00143465072305906,0.0879049167009094,7.12382395041967,0.0517221219324962,0.0388162499156743,1.03217524340486,0.00629050828872583,0.0978555602622823,1.00577451078852,0.00266680190801768,0.0861922510056519,1.00288309926358,0.001261846184504,0.0944234445925217,1.00867425853989,0.00552167577979482,0.191840194784017
0.0946271050323935,19.3336722306986,0.359715942227436,0.0929202773303668,1.00577451078852,0.0144027769379618,0.0820864874995677,1.3804955427344,0.0240055749007795,0.0977866296922055,8.56511470172144,0.122588955416828,0.0937016844635149,1.01158236655188,0.00127810965460552,0.0755285460689721,2.012917411563,0.0258263502933767,0.0734047521614724,8.66431899975565,0.0317374336182867,0.0860395404873186,1.02035709353375,0.0016063107964625,0.0625234617928423,1.00288309926358,0.00608833081108959,0.0859655940294238,1.00867425853989,0.00133697527004772,0.588586759926874
0.0787470196353908,12.0359587215993,0.194935488395569,0.0689158668775511,4.37935702804035,0.0105621929553025,0.0476984932764906,1.97844545312916,0.012014953021915,0.09715229681332,3.33142973427318,0.0708952204444608,0.0916378251269841,1.017423759841,0.00208016857492952,0.0616599831724211,1.47076025583445,0.0157305103473829,0.087865930626115,5.05738459676651,0.044589074333318,0.0944422368348709,1.03813555048354,0.0015218367915539,0.064931651910692,2.33126636583218,0.0138850495285389,0.0847408571975089,6.38559396992509,0.011647243141004,0.377861737533975
0.0915628921559386,14.2442122686495,0.277462624220226,0.0877568420854112,1.00288309926358,0.0105219528445839,0.0689158668775511,7.24794774808137,0.0311274572564326,0.0614776052423887,1.45392041663176,0.0183499693727428,0.0909673291471616,1.00577451078852,0.00241577893745442,0.0457375094474721,1.91126246166401,0.0106797792595707,0.0472510117375425,1.23387969717049,0.00905978147391714,0.097802706540705,1.00288309926358,0.00158267907802943,0.0820735778193956,1.99560700049668,0.0217047070278455,0.0961187592647514,4.23064516672908,0.0159993125240099,0.398904041994812
0.0924878319526032,56.7257122261899,0.512876921436695,0.0856147543650449,2.96051892720402,0.0170661784044637,0.0877568420854112,1.70827639380871,0.0310006733459493,0.0855656731860797,3.71657187129828,0.0631703238417392,0.0969884721767005,1.00867425853989,0.00274402362363912,0.084087224327027,1.73804099143649,0.0287016917375349,0.0769152008936952,23.8009421380058,0.0378148396086291,0.0811330250786445,1.00867425853989,0.00201230942778525,0.066034449051688,1.8570226648111,0.0137130318344604,0.0551967170319119,1.00577451078852,0.00365936229464383,0.71275935555554
0.0797995319510265,19.8936269546997,0.267456938306038,0.0667899621930349,1.00288309926358,0.0071731304169781,0.0856147543650449,7.72186012504483,0.0516194662058445,0.0999657658435644,3.75961856902805,0.081466704239855,0.0929453932776333,1.0232988843187,0.00174720570485624,0.0793118316788122,3.84721348715026,0.0357386708359641,0.0871794068677325,9.61049343596866,0.0490552987923285,0.0783315405979281,1.00867425853989,0.00182663676413993,0.0814305171097573,1.25537852068667,0.0178469330183443,0.062733231073627,1.00577451078852,0.00413579751601303,0.518066781800362
0.0825157126655098,143.472130900266,0.434172381282138,0.0963200667276912,1.00288309926358,0.00868139589145026,0.0667899621930349,1.81474121907939,0.0204495889849995,0.0713516016357055,4.36676720472819,0.0500310729493821,0.099924543782244,1.00288309926358,0.00165864323505097,0.0879727841978644,23.1254942116391,0.0583822787405912,0.0988865399441578,9.12515100556096,0.0669116528408793,0.0793984961056895,1.00577451078852,0.00211524468677277,0.0950616982457486,1.00288309926358,0.00127305814695188,0.0585633213221303,1.00577451078852,0.00169602661183083,0.645371343370047
0.0820286670244157,17.7466137465261,0.265931325509223,0.0764747665052878,1.00577451078852,0.00571159852880241,0.0963200667276912,1.17494491051044,0.025201658288131,0.0933333627772003,9.52784643268317,0.113430615950816,0.0845538930993727,1.02624915657849,0.00210027064708226,0.0707641754916551,4.65229147967714,0.0293210210376689,0.0848865675927327,7.65545473146367,0.0445367065161831,0.099430057338615,1.01158236655188,0.00107072738356877,0.0916393623005071,1.441417191251,0.0238699857096718,0.097006826564309,1.00577451078852,0.00483458511612306,0.51600849468727
0.0921505140466546,78.9978966982431,0.538893985504302,0.0912135632897945,3.19062650772569,0.0200734380845899,0.0912135632897945,8.49145760309168,0.0610943939651462,0.0877704042964738,22.2759871780403,0.115384676816944,0.0798363802500812,1.00577451078852,0.00113101132093748,0.099943024611762,6.7058929175172,0.0701746696968629,0.0996732673571273,1.35685404373703,0.0301797386245806,0.0924983457485474,1.00288309926358,0.00323760406635358,0.0828766284673418,1.08394875824941,0.017012413456537,0.0844568757947421,1.00867425853989,0.00328745556650306,0.860469387102757
0.0912818817167846,135.509053633421,0.561105534300257,0.0811878083777331,1.00288309926358,0.00535286469719402,0.0760761915918323,15.2333597657718,0.0420253970821462,0.0616575635337252,6.44098426295101,0.0429483445449075,0.0964129012662214,1.00577451078852,0.00209459178357599,0.098069568744825,1.74807732789242,0.0369336287205966,0.0975041978291635,3.60071789654471,0.051460651151065,0.0773707019378865,1.00288309926358,0.00152212271168818,0.0922398725228704,5.67464221589759,0.0360741598372294,0.0976832070611431,1.83576021707557,0.014971342533404,0.794488637362064
0.0930692871482741,13.2629273732738,0.26914817072928,0.0705102259530321,1.07462716439149,0.00908272161003761,0.0579157923896873,3.83615347588896,0.0198316456456169,0.0775437717392772,3.79223047250718,0.0541700424518396,0.0803717188293379,1.00577451078852,0.00179313632863179,0.0869907731150329,1.89482624889294,0.0320499585704771,0.0959289206378477,4.59902389909696,0.0535330550834437,0.0998057871857986,1.00288309926358,0.00316868071235056,0.0910475571939324,1.50936647207927,0.0241209557595551,0.0814124607463968,1.00288309926358,0.00799287589104082,0.474891242782273
0.0823006950793647,22.3641504066718,0.297388401578601,0.058278214802638,2.46943812909056,0.00702715943200173,0.0705102259530321,2.68446171339143,0.0264661091823103,0.0645986255382657,13.4209094274668,0.0539023740350959,0.0926560985533971,1.02035709353375,0.00242139358737787,0.0914573571755082,2.32456441587663,0.0393324236902297,0.096510393402811,2.52697328239242,0.0433617861734107,0.0977961708869232,1.00288309926358,0.00308774719665836,0.0951220485869373,1.00288309926358,0.00277687625996189,0.0694473529927024,1.00577451078852,0.00471166711732801,0.480475938252975
0.0912586296108807,11.1112203084553,0.224299337807412,0.0516346062370586,1.00288309926358,0.00187954037847685,0.0836591154379256,1.11240149892777,0.0203187153964998,0.0555240776373593,1.37652687910296,0.0155191204106112,0.0867595164086828,1.01158236655188,0.00233185117765175,0.0665937754684693,11.9610537599916,0.028645964796588,0.0668952727460516,1.7230944249062,0.0184183234571446,0.0872808825840174,1.00288309926358,0.00160034092779909,0.0941665130911855,2.80292774815717,0.0327067669210052,0.0974284658465516,1.00577451078852,0.00898886807621709,0.354708829349406
0.0869997020840473,17.4451908953138,0.292123005162029,0.0972182762609028,5.01389279437678,0.0250978199068949,0.058278214802638,3.80316384938978,0.0199896804021972,0.0739492413637943,6.42246765119551,0.0614254212169066,0.0762280444453226,1.00577451078852,0.00160547784604511,0.0798048056146582,2.37188579111585,0.0307225132783517,0.0532068576076582,1.04714060664789,0.0100303446650759,0.0939585504744367,1.01158236655188,0.00217383442925353,0.0998538259780249,1.95017021036364,0.0326231782670926,0.0901563469587128,1.60805750536954,0.011944929335658,0.487736204509504
0.07435968441688,9.3886686365594,0.148102011720476,0.0756116099814695,1.00577451078852,0.00740173433056066,0.0814605616618505,2.34472828861258,0.0327372294451207,0.075344497856476,4.53329627591397,0.0559526718463132,0.09200694708944,1.01158236655188,0.00139909900957719,0.0640849887897914,1.40051115285914,0.0163372526520626,0.0739919086638227,5.60966897361054,0.0307743879834823,0.0982246992198539,1.00867425853989,0.00302183337791587,0.08876032055291,3.59036651349369,0.0302534740607236,0.0891515800731317,1.00867425853989,0.00801323144775453,0.333992925873987
0.0934267598440748,17.7466137465261,0.33353763784562,0.0858943285340652,1.00288309926358,0.0119156192883308,0.071161355764383,14.716073490575,0.0356118455127341,0.0922939107585486,30.6634951091254,0.13592437234196,0.0970083864634473,1.00867425853989,0.00209442704476617,0.0815300864059863,2.77882351455518,0.0342244336529684,0.0575724106256936,1.97844545312916,0.014872714677028,0.0908203600453779,1.87313095952011,0.00321796569324008,0.0633947158954403,1.00867425853989,0.0103633956512929,0.0734320343401245,1.00288309926358,0.00223400613742991,0.58399641784537
0.0858960956416686,10.434763218138,0.195864797419631,0.079314116495665,1.00288309926358,0.00854899919434511,0.0686599161517489,8.29812065000463,0.0313550949513182,0.0583733049320649,14.9724828208773,0.0441753793358395,0.0908797964840916,1.01449885892793,0.00239236069609764,0.0833562142410438,3.30278056177977,0.0379844953139055,0.0800410107959922,7.90177085082341,0.0386823082129364,0.0784130375833099,1.00288309926358,0.00199275582622222,0.0681834129055424,1.00288309926358,0.0102302825453674,0.057698993383301,1.01158236655188,0.00193096225728363,0.373157435752947
0.050977299182937,5.39574501828239,0.0548120735662428,0.0976943190730333,1.00288309926358,0.00969094870811556,0.0972182762609028,13.1910713679069,0.0769246380628194,0.0635910191046733,5.29579277470977,0.0432396849402928,0.0906826787589663,1.00288309926358,0.00152660903497761,0.0827686273633132,15.8142923261533,0.0491872315928449,0.068924283317038,1.26262771749805,0.0165421555696073,0.0896964781103412,1.00867425853989,0.00203000983979326,0.0927303603653334,1.10601480450688,0.0208884447902423,0.0760591180845285,1.00577451078852,0.002562510271499,0.277404306376435
0.0889097047416245,119.853288352819,0.517803309148439,0.093722334682424,4.67915618701786,0.0226422429692249,0.0756116099814695,1.36468921205103,0.0211698478908076,0.0646263938629733,8.81528401319323,0.0503723409118098,0.0951386166643264,1.00577451078852,0.00175689986285767,0.0826065232956804,1.69358579278262,0.0274421290227877,0.0607703599190756,1.00288309926358,0.00841307161922146,0.090087939363645,1.017423759841,0.00107944877801671,0.0526243544934463,1.00288309926358,0.00705594303211572,0.0998620250868079,4.65229147967714,0.0177565100995466,0.675491743334827
0.0998201718728863,35.4149193615458,0.53666143690942,0.0685036523280442,1.1028352210931,0.00860413949840483,0.07890855544078,2.29794873135268,0.0307470646544869,0.0997397491008912,15.1458996051004,0.150043154656527,0.0982462323307007,1.00288309926358,0.00129634616758245,0.0907075037119323,1.93897358646993,0.0350046380138718,0.0940356021874171,11.0665182039154,0.0602985958888012,0.0844683234508397,1.01449885892793,0.00214708530672303,0.0716993053693613,1.00288309926358,0.00467849984330381,0.0941285813856366,1.62200621191813,0.0134399824861023,0.842920943425224
0.0986395697144559,10.4050132320787,0.229597431831802,0.0818096475063247,1.00288309926358,0.00575832181928738,0.0858943285340652,2.23917234584048,0.0353916772098093,0.088006197240223,13.5373258656811,0.107815769572815,0.0841794334295233,1.00288309926358,0.00161991986977537,0.0665496858058915,4.3416960341386,0.0254826481165383,0.077826008357668,2.98619923379083,0.0298244803528475,0.0830559045617358,1.02920793476607,0.00124742379977723,0.0886314482741434,6.24020417473294,0.032660452371923,0.0923739581957976,3.78132852701561,0.0142367163709127,0.483634841315488
0.0899818696816058,55.2866532650874,0.476416671915177,0.0740262363598795,1.00577451078852,0.00321306857126229,0.079314116495665,1.54453302690677,0.0247845180095805,0.0866172820865972,2.31788173275986,0.044118783298072,0.0836185638653453,1.017423759841,0.00136761385027334,0.0872462245001774,3.90299369276608,0.0442034044505867,0.07208515686795,4.00544398533237,0.0273168479871341,0.0951401654627614,1.00577451078852,0.00342570978001792,0.0950636246414333,1.00288309926358,0.00501541907277075,0.0602857111320853,1.00288309926358,0.00196377064362094,0.631825807578495
0.0564401264140699,19.1141286310009,0.140468084321803,0.0805066105458031,1.96143148928283,0.0137597792244383,0.0456469247088511,1.32978351631576,0.00972464614317177,0.0997441249725373,27.3280820090234,0.166482917373642,0.0955202450226169,1.69358579278262,0.00309597059649109,0.087721152664023,3.03823005207779,0.0410276440972901,0.0843785532129538,4.3542135747773,0.0394261751293309,0.0822268027178889,1.01449885892793,0.00156027352668346,0.0773217240118017,1.00288309926358,0.00826816756412915,0.0922359227227844,1.00867425853989,0.00767681964265052,0.43149047761963
0.0916500724726138,8.9950707595437,0.181470601076455,0.0661530379618626,1.92229906736858,0.00893129635380168,0.0976943190730333,1.295770630155,0.0283824411351586,0.0907126894410179,29.7932945067072,0.130888770761388,0.0971897690866215,1.00577451078852,0.0023036652267285,0.0973464538046165,2.26510726072284,0.0435378728246509,0.0736618362058949,3.15409462760941,0.0270401069600232,0.0877224452073806,1.09650345009091,0.00285426054552626,0.0419403342227297,1.32596064017055,0.00562409448816437,0.0837702655371711,1.03217524340486,0.00919888412298404,0.44023199349488
0.0948119936387593,13.2251141621628,0.274791779621207,0.0842873914066324,1.00577451078852,0.00792347711803726,0.093722334682424,11.6216105181022,0.0691878888071469,0.0557061015093861,1.90028922105573,0.021154181016277,0.0825271547349669,1.035151107089,0.00181395208722305,0.0922261119000811,17.2408685151293,0.0651061002467419,0.0577564733518445,1.00288309926358,0.00492299848942719,0.0934100826629257,1.01158236655188,0.00277199041687735,0.071342122804614,1.00288309926358,0.0101217625400107,0.080626120574056,1.00288309926358,0.005859317544742,0.46365344788769
0.0893397316759066,70.4720744328873,0.488699149293818,0.0892755214713764,1.00288309926358,0.00555568153261387,0.0685036523280442,2.65372529430481,0.0249582477347002,0.0990403278055468,5.22010717715947,0.100089915358869,0.0878566647464128,1.0232988843187,0.00198861907675605,0.0512514978534625,1.24458268867087,0.0108633144888072,0.0676396303043911,2.74700667630971,0.0220820003629162,0.0827239621238739,1.00867425853989,0.00174127823045391,0.0723192167587763,1.42081696649143,0.0150795680223633,0.0996173984163985,2.04210241714683,0.0161981376378166,0.687255911739114
0.0575115096974462,14.203601369527,0.129842604072653,0.0948969943714338,10.3873347090322,0.0250034576972936,0.0805066105458031,5.07196553857306,0.0412020441317919,0.0836860075469601,15.4542261000141,0.0980739690666139,0.0932083447219092,1.01158236655188,0.00101526351312633,0.0992157407076063,5.41917883794353,0.065237534138105,0.0703885655572202,1.38846722913941,0.0181014512545505,0.0945852066295047,1.56692699337341,0.00360336245170916,0.0707639245931362,1.00288309926358,0.011378501618215,0.079405000197047,1.00867425853989,0.00269648370144921,0.396154671645508
0.0934384804829323,11.2709771098404,0.234274052522726,0.0489260410491178,1.00288309926358,0.00194419664587046,0.0661530379618626,4.12243473196511,0.0259890159092382,0.0903552287568336,3.00344307348301,0.0588097410766306,0.0881124522826681,1.01158236655188,0.00106813540528288,0.0832185496339577,1.6984685687346,0.0278090670073873,0.0994333452433838,4.09876636139165,0.0566465348593838,0.0748575504602984,1.00577451078852,0.00186475304962562,0.0742341625619662,1.36468921205103,0.0156207162868383,0.0860933303604545,1.00288309926358,0.00813595161030902,0.432162164373292
0.0983652771115873,23.209827249928,0.426805285364469,0.0943705684029163,1.80952418124502,0.0195265445840133,0.0842873914066324,1.24458268867087,0.0228136950294325,0.0665242966307571,2.32456441587663,0.0312750004403018,0.0928100813718179,1.00288309926358,0.00208645748277147,0.088829536457277,41.9667875574435,0.0616011550006536,0.0967006131798558,11.1946946742062,0.064915202026681,0.0997158935060393,1.01158236655188,0.00213061012989551,0.0758231004305912,12.5610156350281,0.0233247441955063,0.0777933628320657,1.00577451078852,0.00299590159067115,0.657474595844396
0.0891440359910471,12.2789271392136,0.23718898260396,0.0909983291255987,2.2008256876077,0.0188560193546583,0.076087815974664,1.0808326105459,0.0176369485958336,0.0352594948016325,1.34518555643637,0.0090778541041986,0.0907586377822652,1.00867425853989,0.00164677177075247,0.0963804079553024,8.08587329578959,0.066683107719366,0.0932354399466885,1.68871705388817,0.0323237174051329,0.0986571875451359,1.00288309926358,0.00246465247126927,0.0379538629176998,1.00288309926358,0.00431920667771572,0.0519175343753886,1.00288309926358,0.00320706357920861,0.393404324282095
0.0944234445925217,9.3886686365594,0.196265663563206,0.0502631914333275,1.00288309926358,0.00437615927559752,0.0948969943714338,26.4000896312366,0.076627332470925,0.0976213378087293,3.25557838997471,0.070137501807706,0.0984708220367322,1.00577451078852,0.00330311972407542,0.0952545722669432,1.73304445225245,0.0351375068771024,0.0813075910419269,1.669381663546,0.0255142187870525,0.0801126090726838,1.26626799854054,0.0022902750507051,0.0776689464279831,1.34131840233837,0.0168810778516899,0.092447839220211,1.00288309926358,0.00949928815830573,0.440032143566366
0.0847408571975089,122.972955368921,0.460794354636654,0.0579505093927254,2.4062754285944,0.00695941415456643,0.0943705684029163,5.08658851868221,0.0593713048537406,0.0851770981659046,9.72180569368846,0.0926746269693306,0.0943475253155262,1.00577451078852,0.00220300083964693,0.0705342494324691,4.3416960341386,0.0287931947929963,0.0960709802462928,2.9350594625955,0.0461260862952236,0.0887808234597303,1.0232988843187,0.00204674141465263,0.0839130262931984,6.8227347852315,0.0287348590824289,0.0959681441458616,1.00867425853989,0.00523105613348655,0.732934639172727
0.0961187592647514,154.527776631657,0.648735674919533,0.0893513028205366,1.00577451078852,0.0121419562507465,0.0909983291255987,6.22226476776323,0.0572586911174165,0.0691807777405857,2.63848930932274,0.0361805801187602,0.0896762456211998,1.01158236655188,0.00177086260296062,0.0876909013834106,22.0209326641103,0.0580864761852937,0.0770535276924236,4.67915618701786,0.0325762403403379,0.0880844349643831,1.0232988843187,0.00227044712241035,0.0477614829827074,1.4249133228412,0.00709097669734453,0.0897739480344152,1.00577451078852,0.00282708690116576,0.858938992255969
0.0562863236274314,11.5974146743887,0.114124657473766,0.0643760871041861,1.00577451078852,0.00173481712867005,0.0502631914333275,1.4455729400936,0.0116372141559922,0.0903468979732112,3.19982540066046,0.0617470032305345,0.0967328821995337,1.00867425853989,0.0019660743575808,0.0926185180405554,6.02830266228601,0.0567753314162562,0.0662764490575593,2.84356700216288,0.0214189737614276,0.0794075683149904,1.00867425853989,0.00220599283707561,0.099224281726346,1.12528574084121,0.0236222215674429,0.0923561737965374,1.55793070570556,0.0126654955877883,0.307897781516534
0.0551967170319119,12.6345576255084,0.115842852165345,0.0620717017496293,1.00577451078852,0.00320617576278878,0.0579505093927254,3.82512526006857,0.0197762363774011,0.0806480743082354,2.85998721049474,0.0481574711993665,0.0970640621022328,4.02857346483847,0.00332494818690943,0.0734209025247672,2.08968112513086,0.024953987143209,0.0979554378135413,1.95579274466099,0.0387168221054269,0.0954014277948545,1.00577451078852,0.00125565306639584,0.0914529233901755,1.39648494813358,0.0233290738672189,0.0901003665110302,1.00577451078852,0.0079344719753784,0.28649769184944
0.0440543179060151,17.1488876537651,0.0895178698386337,0.0949248043334957,2.12609122719942,0.0206386210712278,0.0893513028205366,2.0598161414781,0.0361047936667356,0.0586446085356043,1.62668261683323,0.0196875263999023,0.0860486250829852,1.017423759841,0.00105082559279604,0.0998391971361125,1.16149208345279,0.0259274219861814,0.085348294658634,2.2456281019818,0.0323754305841549,0.091300876206381,1.017423759841,0.00247204518437599,0.0799679128216418,1.00288309926358,0.0132795226057926,0.0620325417336681,1.00577451078852,0.00303053501531605,0.244084591945116
0.062733231073627,11.7641619641806,0.136417401110507,0.0936490490907369,2.96051892720402,0.0212989318830395,0.0760682884128514,20.8487379146156,0.0427722118682952,0.0871706419551202,7.37423424898408,0.0899607982728151,0.0970117256005013,1.00867425853989,0.00121826031655889,0.0959496186935251,2.11997911696849,0.0407444407700619,0.0990668406053702,6.90175820040029,0.0641120922341105,0.094479820599646,1.01158236655188,0.00194441755083765,0.0924328885343715,1.28462743961633,0.0227877366843435,0.0988999822043066,1.00288309926358,0.0109816622439713,0.432237952934541
0.0506936546935185,7.15826280015886,0.0721162610918349,0.0932484026199626,1.00288309926358,0.00106012149546243,0.0949248043334957,5.95928009583079,0.0628751074846903,0.089460611656962,3.33142973427318,0.0627956649852424,0.0925669914646549,1.00288309926358,0.00137390808416379,0.07032532858338,1.70827639380871,0.0210639038033528,0.0975631975897403,1.18855355314224,0.0259755769765233,0.0881722777410928,1.01449885892793,0.00140147269468493,0.0841254603254607,1.04112859832463,0.01706217703624,0.089984773009351,1.00288309926358,0.00636365847760966,0.272087852129805
0.0554201501172286,49.7441155759049,0.16327339749043,0.0885321070335501,1.00288309926358,0.00114432723193623,0.0936490490907369,8.25047817477399,0.0649555388095765,0.0805954778024888,26.6290908341743,0.0950014742935847,0.0952471105974476,1.01158236655188,0.00240341460416791,0.0980092745212066,2.34472828861258,0.0448315395937139,0.0703207155704945,1.31077872056062,0.0174558767804616,0.095950462748926,1.00577451078852,0.00178980749789816,0.0814956567200255,5.90803229623124,0.0265394059108727,0.0782107605486649,1.00288309926358,0.00118936651738206,0.418584148730024
0.0769010729883519,20.3532451847145,0.252120388563787,0.068531074629305,1.00288309926358,0.00189792147100467,0.0808173681043196,2.012917411563,0.0300010770406656,0.0816236857549458,1.86237664548846,0.0327921708850598,0.0941019864306088,1.00577451078852,0.00259252978429346,0.0655835511009796,1.38447564841702,0.0168370000969145,0.0700798707771931,6.55321042588835,0.0278200182489804,0.0754872793016637,1.00288309926358,0.0012055841536905,0.0853026998064177,2.80292774815717,0.0259842644708216,0.0655956042954631,1.00288309926358,0.00505267370985444,0.396303628425072
0.0976832070611431,66.7510007447654,0.604343451302867,0.085585278051983,2.69220128298041,0.0167247412017379,0.0948644092197734,1.61269369477906,0.0334055935039702,0.0603037593837018,7.76645008964431,0.0427902856219842,0.0941224826715005,1.00577451078852,0.00167928983658876,0.0980096200892593,1.15150364314254,0.0252527982459814,0.095072044287471,1.45392041663176,0.0299518626080878,0.0984145440786635,1.00288309926358,0.00381270249028411,0.0835535691646105,3.11798102843626,0.0253455478442367,0.0938585972089583,1.57597523020146,0.0132402173753128,0.796546490031051
0.0814124607463968,24.4338115943938,0.302982852724835,0.0978217977732499,1.00577451078852,0.00978933982524737,0.0918456053370421,1.27725193454067,0.0260537963081703,0.0328829288650073,1.57144459943409,0.0093935760507515,0.0860877704229818,1.00577451078852,0.00186997329895973,0.0478054495636407,1.08707389011608,0.00913440432479331,0.082192683675065,1.34518555643637,0.0226361416872696,0.0934429362932164,1.01158236655188,0.00244581022916894,0.0927070953437566,1.79396288338358,0.0269636517231645,0.0809572430739192,1.00577451078852,0.0067490374143368,0.418018583586697
0.0315632150141859,5.41117251803595,0.0323460038574207,0.090510440027613,1.00577451078852,0.00145182284128159,0.0684371844511651,1.15815301335288,0.0162274085690055,0.0593668284235315,3.36032741709575,0.0325811527102925,0.0960877054828989,1.00288309926358,0.00258836301901836,0.0914559074833648,4.85759838400825,0.0522653531988591,0.0891928298161451,1.4455729400936,0.0270039205652218,0.0982181616999354,1.00867425853989,0.00310793562476035,0.0780761276427568,4.77441020717598,0.0233704827212509,0.0756618984148546,1.15815301335288,0.00753651199736824,0.198478955104479
0.0510078189133299,5.56789450947679,0.0568966736960891,0.0905060696900498,1.00577451078852,0.00674085829367986,0.078656813177711,2.09570588324384,0.0291726833940786,0.0853769841327388,3.18145405986858,0.0566265293205622,0.0853252949059974,1.0232988843187,0.00204196275788365,0.0902400053764259,4.17018228211692,0.0488828665998828,0.0973054776698031,1.29950646550457,0.0280972022948212,0.0995175013632963,1.00288309926358,0.00218804124404656,0.0440132686404677,1.14160110005127,0.00588682408751822,0.0998041888901789,1.09020803204812,0.0140814910331646,0.250615132721727
0.0680578791424191,62.6871637866222,0.254703068388666,0.0843058730699932,1.00577451078852,0.0115859327565376,0.066872723384101,7.28980110054726,0.0292632877365602,0.0890592248676017,5.87411217212038,0.0862158549041033,0.0947276094887405,1.01158236655188,0.00220416091574657,0.0920050712837845,5.6910027726913,0.0554452095280532,0.0757246933689576,4.29198469417562,0.0309980519113,0.0927819115064632,1.017423759841,0.00117179800257903,0.0977662836117954,1.11882507338448,0.0230239289713084,0.0924839559066141,1.00577451078852,0.00876763984555217,0.503378932960406
0.0960713218496438,25.6490079220847,0.430288537494255,0.0821188058240498,5.19013667692469,0.0162139313791287,0.085585278051983,6.8227347852315,0.0505437051561606,0.0777898281555965,2.48369792620856,0.0409638036102151,0.0896652409523951,1.01158236655188,0.00165046047587335,0.0917920974994158,1.76324060258228,0.0335337981678454,0.0964893013672576,13.4209094274668,0.0662304154279094,0.0808346037811733,1.00288309926358,0.00223704518538661,0.0829948339073109,1.16484078042324,0.0177801726531211,0.0993265910106875,1.00288309926358,0.00778853113448946,0.667230400684385
0.0694473529927024,12.0359587215993,0.161285959871204,0.0855691504951813,1.00288309926358,0.00477472570697319,0.0978217977732499,1.30701047960937,0.0286924405452999,0.092608629611429,16.464712003024,0.126479413909262,0.0989523445700882,1.01158236655188,0.00124657691069295,0.0963715060417768,14.4224738415937,0.0722048904169427,0.0697245381422816,1.0232988843187,0.0145981281771532,0.0901501776893048,1.00867425853989,0.00267078186000078,0.0458010208355787,1.48779514022745,0.00667136061305657,0.0919093548602366,1.08707389011608,0.0115722777582293,0.430196555768815
0.0974284658465516,16.9058163200043,0.345994135358425,0.0692158561376228,1.00288309926358,0.00599947815548482,0.0918666980738033,2.75492656923522,0.0444898653989677,0.0553189851979038,3.88058521159597,0.0306397207722348,0.085687869318931,1.02035709353375,0.00116389436307624,0.0987393315120147,2.16313573014221,0.0433004777541266,0.0850984975197216,2.89311263070037,0.0357226341864426,0.0801080113558642,1.00288309926358,0.00201147470397094,0.0800256761717282,1.21975208146059,0.0170945525750677,0.0879835448253357,1.00288309926358,0.00552641598285939,0.531942649250656
0.0901563469587128,52.8178734817829,0.47364974170188,0.0803252819802276,2.13222095925085,0.0138766369936446,0.0896007013214304,1.59882507273807,0.0305083084782505,0.031904779002752,2.08367368705817,0.0105427546944104,0.0963447866694584,1.00288309926358,0.00186219858941399,0.0747205581166509,4.62558101221893,0.0330712606320355,0.0509088546047992,1.33361741419236,0.0105290722444053,0.0942587590592705,2.65372529430481,0.00362801733591516,0.0994341923628106,3.34103457688672,0.0389949978778496,0.0783468559102417,1.00867425853989,0.00147649289360119,0.618139481441406
0.0967554566825761,12.5626169244427,0.27060656996133,0.0709355856427845,1.00288309926358,0.00776061296080567,0.0892523314928539,42.2091252249533,0.0660191904006751,0.0868205730629314,17.1418825295271,0.108433479953897,0.0856469834216748,1.017423759841,0.00154336877551327,0.0843171362531561,1.50502732889567,0.0262193136393837,0.0777896893749159,1.75817161928149,0.0241882460118637,0.0736923351992517,1.01449885892793,0.00164374323000778,0.0870697288224511,1.63607591315362,0.0228457581568303,0.0875155039758496,1.00867425853989,0.00815204337374158,0.537412326464048
0.0891515800731317,17.3954538600703,0.303861894363925,0.072695753165612,1.00577451078852,0.00852804707492213,0.0843058730699932,2.26510726072284,0.0343529388219679,0.0864726487350461,2.2008256876077,0.041827326291294,0.0838303840506593,1.00577451078852,0.00191618034539729,0.0738512192502774,1.41673238639154,0.0205730080801569,0.0722457804214506,2.7391095515787,0.0251236531955472,0.0814502193763987,1.00288309926358,0.00207068319786946,0.0994271401070224,8.66431899975565,0.0459416843253251,0.0837081661959007,1.00288309926358,0.00660476358861927,0.490800179285024
0.097940845400266,32.6939448974803,0.49699406136572,0.0951351658674143,1.00577451078852,0.0128860870266125,0.0821188058240498,11.1304219326752,0.0489343043451999,0.0872804064054727,60.6660524756973,0.123315805531061,0.0962771433160959,1.01158236655188,0.00306986518679793,0.0747015274523795,1.41673238639154,0.0209229206905381,0.091968889522638,8.1325652583707,0.0549075621225618,0.077689372403213,1.00288309926358,0.00119414119224924,0.0777029613964784,1.00288309926358,0.00288277474289496,0.0910259557686039,2.09570588324384,0.0127613742262276,0.777868896429863
0.0998620250868079,154.969602038126,0.72461912329327,0.0897770664318579,1.00577451078852,0.00297662057240407,0.0692158561376228,1.18513668643434,0.0167517804898837,0.0851305932455584,2.1944987299355,0.0409756230595093,0.0861228775494695,1.00867425853989,0.00177511749019352,0.0912273309778065,4.87160332233193,0.0519845056495105,0.0775807706594464,2.35826794741131,0.0275289462027906,0.093666541610662,1.01158236655188,0.00148314836622342,0.0815089511376505,1.00288309926358,0.00817662330910219,0.0989209429594333,1.00288309926358,0.00451623616388651,0.880787724596774
0.0941285813856366,58.2022285223133,0.53821265149481,0.0615047437160719,1.00577451078852,0.00431854149501732,0.0803252819802276,5.29579277470977,0.0415702261443596,0.0817863606933829,55.4863358814509,0.103220895489791,0.0775200436658362,1.00288309926358,0.00127330484752025,0.0610153400576704,1.21624552488348,0.0139404524843261,0.0964771970977118,6.04568285725226,0.0582459525842741,0.0918792752296994,1.00867425853989,0.00144466245148902,0.0937569162543502,1.29950646550457,0.0234965552970873,0.0829514498569151,1.00867425853989,0.00753049309454381,0.793253735383218
0.0923739581957976,126.173824348065,0.572619092442207,0.081282095378486,1.00577451078852,0.00442439447717147,0.0709355856427845,1.75311720834914,0.0223005613833603,0.0461292557925466,1.68871705388817,0.0151376733746751,0.0865712299842112,1.0232988843187,0.00170262747027417,0.0732205155695395,3.00344307348301,0.028329593959181,0.0842558842450932,8.15601225127809,0.0439233670446359,0.0918969904688817,1.0232988843187,0.00189707452729123,0.0460630699165481,1.00288309926358,0.00371605050835821,0.0660150197237529,1.00577451078852,0.00328398942943636,0.697334424616591
0.0776774435367562,19.667724786681,0.253660923485558,0.0933133952825214,1.00288309926358,0.0117800942906708,0.072695753165612,1.9841495077581,0.0247185044826314,0.0995544128749709,26.3241943658462,0.164934489573099,0.0861108923753169,1.02035709353375,0.00177509397262065,0.0998595713872718,12.5249050903856,0.0781685701104263,0.0936061104102884,3.46844676966084,0.0463213017504815,0.0798882741652549,1.00288309926358,0.00130594259017889,0.088954820805183,2.35148837301477,0.0273292482593221,0.085605099366795,1.00577451078852,0.00602394295327643,0.616018111468265
0.0922359227227844,14.8251092480606,0.289334166690997,0.0909173653967963,1.00577451078852,0.00451396078313956,0.0951351658674143,1.93339940407185,0.0384493152893271,0.0949528749786386,3.91424641100743,0.0775088198661365,0.0972304723387157,1.00577451078852,0.00263442829121525,0.0834015760831755,24.425696794902,0.0510162458252162,0.084987016167683,2.57100265798945,0.033907905350447,0.0797715188673099,1.00577451078852,0.0010214333690755,0.0962162783393899,1.00288309926358,0.0168441535167218,0.0995293701492948,1.00867425853989,0.00486286391130991,0.520093292893586
0.0837702655371711,32.4151056081438,0.355063543411546,0.0959832788749801,1.00577451078852,0.0118152136317668,0.0933133952825214,1.7683242002651,0.0349646806418396,0.0808644199208556,13.8926692519835,0.0891138247755513,0.0895881826190209,1.02035709353375,0.00154155777195202,0.0981032648169278,7.58962040187813,0.0692187537230712,0.0959230610082216,20.788801735641,0.0673433401400119,0.0770256817817773,1.00288309926358,0.00116716574200363,0.086208841752756,1.26991877487462,0.0200073036484719,0.0885041938288485,1.00867425853989,0.0027859168214359,0.65302130030765
0.0821587180279553,15.9219753748201,0.25073532743367,0.0712174568003247,1.00577451078852,0.00604042607744241,0.0959832788749801,1.6741946565908,0.0350753306206352,0.0645611457092436,3.24621921773864,0.0367527446788722,0.0807774252505006,1.00867425853989,0.00110021713512654,0.0996838466318956,3.41887695499837,0.0562196949908479,0.0641995062187041,2.10174801133249,0.0184592202787271,0.0914821877889307,1.01449885892793,0.00216959041870029,0.0931388398121339,1.4963864293158,0.0250035099157222,0.0763452348396101,1.00867425853989,0.00492275641753337,0.436478817967277
0.080626120574056,12.7432418640226,0.210846506261763,0.0925681373602691,1.00577451078852,0.00400965592068352,0.0712174568003247,1.13504676028852,0.016880794490572,0.0710439610783647,2.08367368705817,0.0312243977655491,0.0996338548076168,3.31230280598519,0.00357803923267398,0.0931012325531487,1.87313095952011,0.0356869623633752,0.0966591896148044,1.12528574084121,0.024331735164096,0.0968155621731921,2.44116367657533,0.00389856975670256,0.0631445404258021,4.67915618701786,0.0145103376378189,0.080491545631313,1.00867425853989,0.00459949501826012,0.349566493611494
0.0996173984163985,78.9978966982431,0.657321809722472,0.0897056320986117,1.00577451078852,0.0130271924530059,0.0897056320986117,2.30457394564778,0.0388938940300187,0.0920108972597026,7.4382002633935,0.101672677250198,0.096264874753789,1.01158236655188,0.001595101006583,0.0912330089731401,8.68929909148323,0.0584689055145068,0.0992092327144161,13.7336016436691,0.0711862773512385,0.0966423953518404,1.45811221351425,0.00379696694544854,0.051598420732492,1.35295334494457,0.00802569532404092,0.0958911617877876,1.45811221351425,0.0137880442102701,0.967776563807783
0.090979633192135,12.8162169263892,0.253101967471469,0.0686123796895239,1.00577451078852,0.0061708665449221,0.0928038511106364,1.18855355314224,0.0245320137245259,0.0976075870262928,7.56780167843215,0.115910951637792,0.0962347797267741,1.00867425853989,0.00283485489291706,0.0732753006418095,5.3417298504113,0.0322930925344571,0.09782234627046,2.37188579111585,0.0432636230428595,0.0847614983940446,1.02035709353375,0.00244155164845904,0.0937876208616076,4.27964604980107,0.0355651987681875,0.0951434205500183,1.3490638599235,0.0132199848390491,0.529334105104638
0.0860933303604545,20.1221238198718,0.309161485741278,0.0670420772374564,1.00577451078852,0.00620352697404364,0.0686123796895239,1.25899790157518,0.0172917713059189,0.0960370744536861,48.4642342722534,0.158730245677969,0.0951189845311589,1.00577451078852,0.00170460475071264,0.0879164043710751,2.6460963359074,0.038918047899583,0.0823311480483558,6.2943333190863,0.0401368905560901,0.0951003092109847,1.00288309926358,0.00275312199339061,0.0910526674548249,1.2232687477884,0.0215232342149403,0.0850137350180224,1.00867425853989,0.00868342573646108,0.605106354850387
0.0964524166047304,19.1687796965618,0.369537342288528,0.0897693374051295,1.00577451078852,0.00831507409597469,0.0670420772374564,1.33361741419236,0.0173946740278087,0.0968348852667064,8.22675961020021,0.117464411059278,0.0940483525270099,1.00288309926358,0.00154016041929987,0.0974236045760361,4.84363370723389,0.0608697338571928,0.0934240486417416,15.4542261000141,0.0615227039181033,0.0918635633768167,1.00867425853989,0.00175354768052225,0.0774023124982205,1.00288309926358,0.00109420759111945,0.0764716975772726,1.00288309926358,0.00527192226079579,0.644763777198623
0.0519175343753886,10.5847939392166,0.0963106227222491,0.095533156136341,3.09116744284691,0.0225925992523262,0.0897693374051295,1.21274904899342,0.0240474937270435,0.0952150308632147,2.71555413295041,0.0577252849846034,0.0879900530533715,1.017423759841,0.00125086267948214,0.0761815772013398,6.1865405227709,0.0362162933496207,0.0892340977220515,1.83048275359669,0.0316260239337582,0.0902728131787278,1.01449885892793,0.00169589630491838,0.0931960492954922,1.54453302690677,0.0254697778105662,0.0672198687422828,1.00288309926358,0.00291675084404102,0.299851605608609
0.0919833229951595,10.2868590587476,0.210204474519344,0.0905410713006557,1.00577451078852,0.0125098190231664,0.095533156136341,8.32204495553973,0.0690314770963702,0.0658810880144844,1.65979714701382,0.0229479068162931,0.0975856976990973,1.01158236655188,0.00297645352098517,0.0940195350643511,1.19198027101602,0.0249471186281079,0.083845971393989,1.45811221351425,0.0247017032744973,0.0736624966282078,1.0232988843187,0.00165164187240269,0.0821385445352422,11.9955386652786,0.0285155048463589,0.0793697579275484,1.017423759841,0.00161448526787252,0.399100584865398
0.092447839220211,21.8591217917059,0.368036298679907,0.0636806567774834,1.00288309926358,0.00522668752995999,0.0891350636060727,2.2071708865269,0.0374933930627847,0.0876314296592577,2.46943812909056,0.0475121863583388,0.0857551705946844,1.01158236655188,0.00127844225805544,0.0683151718221917,1.2517695448338,0.0168385050444573,0.0884857615038405,17.5918424880948,0.0533989444662558,0.0822998258997727,1.04413027541975,0.00132440667711933,0.0941714201589313,1.33746236557711,0.0240097128234573,0.0866217989696022,1.02920793476607,0.0099404437461285,0.565059020646464
0.0979814014130233,16.4769373246547,0.342778737323374,0.0759568927488897,1.00577451078852,0.00384764701273569,0.0905410713006557,2.08367368705817,0.0372638133606613,0.07517264899037,5.67464221589759,0.0611659098164041,0.0904110437261923,1.01449885892793,0.00178990685361988,0.0920567459963731,7.08292353206951,0.0577074747482042,0.0725727641204928,16.3701822092467,0.0323410518564364,0.0777119096005726,1.00288309926358,0.00160993056492961,0.0912216413423416,3.17230798106454,0.0313222558805567,0.0937104179507469,2.18818996107018,0.013825044712082,0.583651772129004
0.099160439793966,18.3651736384921,0.377850146743091,0.0770710313090496,1.20578622343754,0.0111646116566287,0.0636806567774834,1.11882507338448,0.0143169607108328,0.0913804399581581,15.3213249660846,0.121445022557757,0.0980178050977127,1.00577451078852,0.00272078233124917,0.0636315300479171,1.54009278652809,0.0169351458507705,0.0862980967704286,6.40400427119728,0.0447958172652931,0.0930235204980002,1.00288309926358,0.0028046467451445,0.0364720945774873,1.00288309926358,0.00341720378591033,0.089243777349272,2.60078095318014,0.0124166625663179,0.607867000212995
0.0923561737965374,54.6588454317786,0.504766932366501,0.0625892482392704,1.00577451078852,0.00682059606269118,0.0770710313090496,3.11798102843626,0.033025488781159,0.0923596201017436,8.89175006582625,0.108841574172023,0.0972851592905957,1.00867425853989,0.00188244141227213,0.0876111484428588,3.07341994620988,0.041177168407101,0.0695380258455039,9.28414544519475,0.0284105246823227,0.0867004733610219,1.02035709353375,0.00181776779161156,0.0908269200563023,1.52684850782001,0.024027937444874,0.0880063744253467,1.00288309926358,0.00740277584342915,0.758173206963985
0.0901003665110302,16.6661903218529,0.300460717149023,0.071735023759496,1.00577451078852,0.00804538019756329,0.0625892482392704,2.0538945595859,0.0193388643071092,0.067715734776806,3.71657187129828,0.042379389103175,0.0839725774394799,1.01449885892793,0.00148114462446015,0.0892916666695817,3.59036651349369,0.045386037129698,0.0947187551427878,1.60805750536954,0.0320515159809222,0.083135096058078,1.00867425853989,0.00137791972211701,0.0850693658880314,2.13222095925085,0.0239503903664005,0.0939200758937679,1.00288309926358,0.00226908335687467,0.476740441937343
0.0863292071240097,19.4443878517207,0.306383287207841,0.0972535208133207,1.00288309926358,0.0110965368027059,0.071735023759496,1.82522046182733,0.0231977732251994,0.0715178363793588,2.81100886708374,0.0396050079325976,0.0894115294445584,1.69358579278262,0.00260181701726198,0.0847277312617255,1.71814085427452,0.0288948255551771,0.0954725751222155,5.74036800209287,0.0562007855474106,0.0845466598569003,1.03217524340486,0.00112760042854153,0.0945436657350527,1.00288309926358,0.011214182830038,0.0825275535590519,2.85998721049474,0.0103556343043991,0.490677450851172
0.0581523661770133,53.5772873255519,0.180606490706904,0.0915945618805158,1.00288309926358,0.00718468853813314,0.0972535208133207,1.51808232505612,0.0328110063646899,0.0869511038889457,2.94352153037066,0.0547201382240505,0.0936920449677241,1.03813555048354,0.00240130180435033,0.0931992670571612,2.13836836392825,0.0389161284368301,0.0641855439734859,2.66904925964653,0.0197058545701083,0.098409962447993,1.00288309926358,0.00143672072081577,0.0927082510087454,2.03037797761035,0.028263042361739,0.0943350385807042,2.76286929599819,0.014622695991471,0.380668067719092
0.0934492905992945,22.6210235385445,0.383598110900382,0.0712037751065469,2.22631645743836,0.0106073504081138,0.0734841351681324,12.8536732852339,0.0382042226552147,0.0822850121476733,4.84363370723389,0.0681328373789434,0.0914777755308928,2.69996316651677,0.00278081794627135,0.0697933017375201,2.61579919085284,0.0247935514324167,0.0990898444418087,6.96162583541039,0.0646777944431453,0.092588423213391,1.02035709353375,0.00291648210281376,0.0858543779384993,1.6741946565908,0.0224702796707983,0.094264658820936,1.34131840233837,0.0129269553402095,0.631108402278309
0.0620325417336681,6.87777830801342,0.0886873501027545,0.0997192439369538,1.00577451078852,0.0176408560682072,0.0932709175011353,52.3817248465878,0.0749509073057821,0.0752618640900456,9.94831291991456,0.0708837747950597,0.0956900346176665,1.00867425853989,0.00260973443821768,0.0990259700231858,9.418754960271,0.073280913950896,0.0536688606805804,1.00577451078852,0.00989793234163093,0.0920708117868098,1.00577451078852,0.00225083352511059,0.0788219076200724,1.00288309926358,0.00437741886216492,0.0957466994634096,1.00288309926358,0.0077906883175586,0.352370409707382
0.0988999822043066,23.0776713570612,0.432051671206135,0.0627817672665125,1.00577451078852,0.00232159731839925,0.0712037751065469,4.70617602490094,0.0312697341625504,0.0731063470561762,12.9278969602916,0.0698185797447512,0.0982732230906738,1.00577451078852,0.00238166105845449,0.0814651009475571,9.44591016576076,0.0447486797247756,0.0928401380314144,1.0684573459204,0.0220784597450277,0.0779525614305865,1.00577451078852,0.00200579132794553,0.0987760316715666,3.55949057200184,0.0390850622574946,0.0820668358849334,1.00577451078852,0.00652157683569164,0.652282813381226
0.089984773009351,11.7977980246669,0.232626145429736,0.093897538308334,2.07768351923393,0.0200538296621089,0.0997192439369538,2.87650223749675,0.0534300944614749,0.0944512271890399,6.45955425993623,0.101509425068202,0.0983688637808126,1.00867425853989,0.00202779292824987,0.0935399743584203,1.33361741419236,0.0275941169370857,0.0961420586239507,1.1481932879197,0.0246783450395973,0.0975650139527836,1.00288309926358,0.00120000696168467,0.0682451629448729,1.23033252636976,0.0128249596272591,0.0973052100539159,1.00288309926358,0.00704160035589109,0.48298631647129
0.0655956042954631,17.1979197075697,0.17601211048701,0.0958185975546515,2.41321295951054,0.0218419621485487,0.0975160053741021,1.28093437865255,0.0280181269915847,0.0913732320695208,2.33126636583218,0.0472121606628831,0.084043013549796,1.03217524340486,0.00102862361192411,0.0600563913263295,1.25899790157518,0.0139359919161057,0.0982020440438989,2.43414579263315,0.0442450450553327,0.0968683621902517,1.01158236655188,0.00196276449237731,0.070559736480836,3.0557743442915,0.0173249293680885,0.0942480398668072,1.32214875407135,0.0128750464380607,0.364456761171916
0.0938585972089583,57.2136747667249,0.529585923526079,0.0973409578544644,1.00577451078852,0.0140608349441844,0.0993357828353277,1.6741946565908,0.0367722701611725,0.094606124374172,23.3260907272937,0.140647884050758,0.0991238638734274,1.00577451078852,0.00307148020339695,0.070618684791319,1.54009278652809,0.0201247834580221,0.0818234132283242,1.53125056362849,0.0245268341800569,0.082852751951308,1.02920793476607,0.00162778260026535,0.0756819290901356,1.4249133228412,0.0164014898492325,0.0908649259313732,1.00867425853989,0.00242456752131736,0.789243850494485
0.0809572430739192,16.4769373246547,0.249268487222477,0.0676350302170386,1.17833239331668,0.00852147922194555,0.093897538308334,5.94214829246472,0.0610326140039048,0.06412878405123,2.62334079957365,0.032252619395516,0.0986644920259406,1.01158236655188,0.0016429507522316,0.0926098660136628,2.49804006667886,0.0418141724887747,0.091677380660315,2.13222095925085,0.0361468748478706,0.0977279559342247,1.01158236655188,0.00312735497732233,0.0825173170281783,2.1944987299355,0.022726900041588,0.092777177577937,1.00288309926358,0.00861944983053302,0.465152902782164
0.0756618984148546,31.9556482303097,0.283275071171265,0.0808797675660948,1.2267955530143,0.0124315080136878,0.0958185975546515,6.8227347852315,0.0666664560844685,0.0863995391055905,11.2918003500854,0.0993346662577442,0.0913888007265115,1.00288309926358,0.001449330087459,0.0805862769588682,2.77083492243083,0.0333342714708411,0.0965748296003119,43.9451273819645,0.0706877781467921,0.0841109860355527,1.00577451078852,0.00121828104150184,0.0720040337184773,2.63090415150101,0.0176678676742702,0.0854865148184228,1.00288309926358,0.00472210977625507,0.590787339724285
0.0998041888901789,41.3184665784345,0.565915785957332,0.0859584124653319,1.00288309926358,0.00814783858385631,0.0973409578544644,2.08367368705817,0.0421505758515398,0.0911929889419133,22.9927224875773,0.128752900952662,0.0902285033631273,1.017423759841,0.0020336557760008,0.0911258365147559,1.017423759841,0.0204395138282561,0.077392649763927,1.91677282105974,0.0250773189404784,0.0947327423999412,1.01158236655188,0.00286703827160181,0.0630510501055105,2.42714808378022,0.0131875960204096,0.0776167685030635,1.17494491051044,0.00799597215544435,0.816568196337581
0.0924839559066141,18.5231534404957,0.33644053634703,0.0731397528347539,1.00288309926358,0.00643636629537616,0.0655108515606015,12.1344753910871,0.0291949383106252,0.0710768831267737,8.99473757437633,0.0618136765024283,0.0901012003054298,1.0232988843187,0.00129396860531808,0.0466991296151019,1.41673238639154,0.00999643841171228,0.0650153983651194,9.72180569368846,0.0243706800830979,0.0922926997921414,1.00577451078852,0.00219096359387096,0.0763732772109332,1.2517695448338,0.0158079562927416,0.0883821202167991,1.00577451078852,0.00699203496262995,0.49453755940483
0.0993265910106875,13.2629273732738,0.294158355696109,0.0758150834793172,1.00288309926358,0.00136076905410777,0.0676350302170386,2.80292774815717,0.0246978112472257,0.0799904589369811,2.78683513858361,0.0465400259049452,0.0854550727888435,1.00577451078852,0.00110560999555002,0.0974276319419395,2.77083492243083,0.0488320227649909,0.0625585407586594,6.7058929175172,0.0217863309978046,0.0989406783954081,1.00288309926358,0.00126715652477099,0.0913684459122062,2.21991621862324,0.0283775662704334,0.092590546666485,1.00867425853989,0.0108162745549533,0.478941923010891
0.0919093548602366,38.0351648369497,0.457557022743645,0.0913470918601636,8.6145740489714,0.0220834543128705,0.043039813946878,1.41265954868704,0.00910061171273384,0.0880757674590049,11.5882005855279,0.105066377835002,0.0962755923909956,1.01158236655188,0.00154810034377598,0.0920498049970068,3.18145405986858,0.0463056135157387,0.0812344839118846,12.4171951294921,0.0418326857016428,0.0928680214261337,1.00867425853989,0.00292245113898321,0.0784345449161068,1.00288309926358,0.00247732499817929,0.0978137911953837,1.38447564841702,0.0142994062396936,0.703193048542265
0.0679376102815923,20.3532451847145,0.200558936351047,0.0758678553841327,1.00288309926358,0.00426232776111094,0.0808797675660948,3.25557838997471,0.0370170800431259,0.0696938508373157,2.66137624774655,0.0368919369400442,0.0945897744574635,1.03217524340486,0.00121852075347103,0.0601330806189379,1.441417191251,0.0149946072736242,0.0668869575908545,2.16313573014221,0.020018794161948,0.0996343526600625,5.32637338722108,0.00429246796445139,0.0913913941481919,1.00288309926358,0.00696534150273039,0.0665640053786119,1.00577451078852,0.00151946022071492,0.327739472972268
0.0879835448253357,10.1410513187878,0.196470366187168,0.0958445054104678,1.00288309926358,0.0114700304448289,0.0859584124653319,1.2517695448338,0.0235205873189993,0.0498837104397532,1.6741946565908,0.0165810552330455,0.0988703737925524,1.00577451078852,0.00262299012889654,0.0707021344113736,2.51246502599404,0.0249292723434174,0.0536803133299763,2.10780755947618,0.0133825665878581,0.0837764614194778,1.0232988843187,0.0020862146688019,0.066544611704361,1.00288309926358,0.00772696596931111,0.0989262287564599,3.37973166401872,0.0169159079309009,0.315705956813228
0.0875155039758496,19.0596333781215,0.309856398206829,0.0681598061103514,1.00577451078852,0.00350871172739447,0.0731397528347539,1.18855355314224,0.0181282773689934,0.0836742885923752,8.06262793911584,0.0848297351253278,0.0994190704472709,1.00577451078852,0.00258713603547492,0.0939273164360462,25.5036095217804,0.0708642217402775,0.0870874359475312,1.07772542117776,0.0205776467452842,0.0996971195736825,1.01158236655188,0.00189008070542098,0.0584237565020416,2.61579919085284,0.0114807959653882,0.0907544336241401,1.00577451078852,0.00686964407104237,0.530592647691433
0.0837081661959007,14.3667429823903,0.243038114748754,0.0784655430506272,1.00288309926358,0.00618189846462333,0.0913470918601636,17.3404260963733,0.0674273218076741,0.0592780793940111,1.48351801054375,0.018050674060084,0.0933518633900905,1.00577451078852,0.00260244239689067,0.0989634484799805,1.87313095952011,0.0393765824579826,0.0698887694513119,12.8907317012169,0.0293625732931995,0.091543875228626,1.017423759841,0.00253736290209898,0.0726016184209932,3.78132852701561,0.0191408433512799,0.0604757657509331,1.00577451078852,0.00117257949025703,0.428890392972844
0.0910259557686039,69.0776131565211,0.508907389769493,0.0910877460637922,1.57144459943409,0.017421607283575,0.0958445054104678,1.61734325078285,0.0339877671549404,0.0907998523162752,7.63344674676951,0.0998545933355774,0.08134159347224,1.04413027541975,0.00108356544717021,0.0761841202083811,24.3554775355552,0.0409924272150635,0.082474625005261,1.38447564841702,0.0232300654269312,0.0971759618996443,1.40454896553258,0.00386674972897737,0.0894483942025714,3.50861959151272,0.0306568022322294,0.0556672154387462,1.00288309926358,0.00241427242381929,0.762415240017777
0.0829514498569151,19.3889510147338,0.283015148719685,0.0806238532896049,1.07462716439149,0.0118558128013365,0.0985147231794921,1.295770630155,0.0286763741941409,0.0953498253077716,38.3836293157633,0.153219278917679,0.091469019127878,1.00867425853989,0.00189940236348342,0.0984891105017973,2.34472828861258,0.0452241940585487,0.057241187014008,1.7230944249062,0.0140417937075816,0.0755759897352237,1.00867425853989,0.00113197771396051,0.0799148803835243,1.66458250694606,0.0194489466204775,0.0575842376889137,1.00577451078852,0.00112542748483314,0.559638356581726
0.0660150197237529,7.19925509080609,0.0996326161426987,0.0818353165723604,1.00288309926358,0.00274528907499387,0.0784655430506272,1.02035709353375,0.0173265294090872,0.0954146464157443,19.9675638236179,0.141024177002767,0.095912843931699,1.00577451078852,0.00163985759271824,0.0899036011111841,1.16149208345279,0.0230957856754313,0.0996828103794862,1.09335121002246,0.0244418252621766,0.0878496363459323,1.00867425853989,0.002408596177712,0.0935864981209908,1.59422875299434,0.0260118626252423,0.099542743253742,1.00867425853989,0.012438711571557,0.350765250534384
0.085605099366795,11.8653589370175,0.217955748764395,0.0936956839309093,1.00288309926358,0.0107949347006556,0.0910877460637922,4.50726900243269,0.0527393106194829,0.0945647836245788,48.6039614703936,0.151803871483023,0.0821028908314135,1.03217524340486,0.00107673142755797,0.0798190287661954,15.7688292262238,0.0445355136162793,0.0802020047820205,4.18220533158347,0.0350015880397728,0.0969713894750234,1.00288309926358,0.00254968502764625,0.0854808721960108,2.46233896144414,0.0251680294243477,0.0883197228721577,6.66739199053658,0.0129899704668419,0.554615383570002
0.0677758216697245,109.701139222652,0.265799066191141,0.0969918339748506,2.50524216415549,0.0225326496906324,0.0806238532896049,2.88479547897935,0.0352032458124302,0.0760186772282383,3.45847564108692,0.0497461165926919,0.0980522522480719,1.00577451078852,0.00289698201304591,0.0977603538295752,3.68461060628057,0.0555536173714189,0.0492439607800332,1.00288309926358,0.00179809629658134,0.0897036047507169,1.00867425853989,0.00147249224786594,0.0923441082546918,1.13504676028852,0.0211003267521127,0.0694488275919259,1.00577451078852,0.00465943682781792,0.460762029795738
0.0964503752201361,33.5449371641478,0.487407145529448,0.0812273632267286,1.57144459943409,0.0134250250041806,0.0772200236797751,1.63137250428789,0.0245802192398644,0.0810057949839408,6.61005466738882,0.0745857735222907,0.090195727603493,1.00288309926358,0.00224084023201667,0.0747223678307659,2.63848930932274,0.0282141726179591,0.0928345217609911,8.20310923201435,0.056151634688468,0.0908012172165938,1.017423759841,0.00197529745734928,0.0819886856208382,4.92802801770652,0.0262593284825194,0.0788078716000418,2.75492656923522,0.00917250782469424,0.72401194459879
0.0763452348396101,10.6758458227262,0.170401715684542,0.0835633471635537,1.441417191251,0.0139216759073882,0.0936956839309093,1.55345194953386,0.0318607531664492,0.046491210217028,2.57100265798945,0.01971849674775,0.0952370222906009,1.01158236655188,0.00212248400601419,0.0710132057452035,1.12205075712963,0.0164581241113611,0.0616231399062781,1.38447564841702,0.01450548948054,0.0920420842772898,1.00577451078852,0.00267865701470403,0.0799158212432476,1.08394875824941,0.016041378983372,0.0765496507975459,1.00577451078852,0.00371254595130472,0.291421321053425
0.0616287315656869,10.7984678719436,0.126107240939223,0.0789639597432976,2.02454102487246,0.0132385465979481,0.0688100086989537,8.27426512232383,0.0314588757117456,0.0603584255861209,2.72338334507132,0.0300316183901799,0.0866735162099737,1.00288309926358,0.0018163048966236,0.0603881812986343,1.02624915657849,0.0122937895240543,0.0584134584015438,1.96143148928283,0.015165810918544,0.0920595762025902,1.00577451078852,0.0019454122397559,0.0837953061173898,8.03944940844679,0.0293372057995757,0.0711341056744276,2.03037797761035,0.0070243310904459,0.268419136108096
0.080491545631313,8.94385316128989,0.156441879838831,0.0681851579696543,1.00577451078852,0.00673371977777166,0.0969918339748506,6.862132740856,0.0688425949156911,0.0844187064545056,5.59354223610883,0.0761413948864498,0.0995050337993465,1.01158236655188,0.00283087594557464,0.08373673847903,1.78880557933512,0.0290905407881098,0.0888417816939794,2.13836836392825,0.034129284529197,0.0892433691481316,1.0232988843187,0.00177753387586245,0.0634602189767022,1.00288309926358,0.00960229288527333,0.0582700792003363,1.00577451078852,0.0014277427521627,0.387017860194923
0.0958911617877876,53.7304753624608,0.553243473437923,0.0990056126099555,5.773515819051,0.0270200074890446,0.0812273632267286,4.09876636139165,0.0401473390542677,0.0976307723936685,14.2163529457634,0.140705553353699,0.0976093875134729,1.01158236655188,0.00151968101268294,0.0693698127278338,15.2333597657718,0.0320004903987545,0.0997241951473769,2.04799000112185,0.0411673344288862,0.0777440859097071,1.00577451078852,0.0013031727263918,0.065559812706871,2.1944987299355,0.0139976992192542,0.080579064047016,1.00288309926358,0.00428389370713915,0.855388644828043
0.0951434205500183,47.6587103877338,0.528712194446088,0.0762289287729715,1.20231981606127,0.0109798944675523,0.0844188391153869,23.9383809351586,0.0560140229282697,0.080633478217956,29.5370822190252,0.0965064705351085,0.0787062628731166,1.00288309926358,0.00105080138534478,0.0962983158465951,3.70588742997801,0.0538261231320059,0.0821455729648888,4.19426304469508,0.0366241880857889,0.0960725536527216,1.01158236655188,0.00289886959887908,0.0969218326646271,14.9294397640879,0.0448485703603331,0.0532044528371869,1.01158236655188,0.00112429974126128,0.832585434680632
0.0850137350180224,25.0698004534085,0.332803804149967,0.0491182670282227,1.23387969717049,0.00464837417228652,0.0835633471635537,3.83615347588896,0.041712129571223,0.0948052824908305,18.3153703115779,0.138068791400871,0.089578033436755,1.00577451078852,0.00216650134945955,0.0958540760304835,1.86237664548846,0.0372913941931805,0.0900333872130188,10.0925521055113,0.0535777730741925,0.090992448255996,1.01449885892793,0.00145158595766394,0.0811823515173155,8.99473757437633,0.027158732631982,0.095462297887114,1.05926897298544,0.0125831435827798,0.651462230083606
0.0764716975772726,11.8992843396184,0.185480218301405,0.0849018896292465,1.00288309926358,0.00709147801851842,0.0789639597432976,5.08658851868221,0.0395598043496995,0.0708213286785569,7.81129753947542,0.0595041236518603,0.0988731207722776,1.00577451078852,0.00119159357640972,0.084907226569192,4.01699207793678,0.0422255904783597,0.093167589291782,6.15102138343189,0.0536180104250983,0.0779729368112854,1.00867425853989,0.00195730641884545,0.0742510288265189,1.04112859832463,0.0137742193219275,0.0785903113668955,1.017423759841,0.00561458445594147,0.410016928998065
0.0916454707178119,21.9842995755893,0.363899135348389,0.072968936407193,3.06458444505318,0.0116585890584777,0.0681851579696543,1.48351801054375,0.019065144505308,0.0490589048814349,2.69996316651677,0.0218379166441369,0.0964169557629031,1.00577451078852,0.0023676416683074,0.0963833876960917,12.9278969602916,0.0715983368379756,0.0973471727925735,2.85176528809274,0.0467632947645593,0.0894208070469376,1.02035709353375,0.00248996817028797,0.0984572461008871,5.94214829246472,0.0427040397096064,0.0911905369970005,1.00867425853989,0.00300777774454249,0.585391844451591
0.096056401088948,12.59853592522,0.268731466917578,0.0955490543286702,1.00577451078852,0.0022244203344969,0.0990056126099555,17.0434648578319,0.0829808455134282,0.0805976701913047,33.9142795486171,0.0971296429396509,0.0946734116723418,1.00867425853989,0.0014085427367765,0.0905228081757425,2.17562678075294,0.0373668597999621,0.0475249953656611,1.00288309926358,0.00568527388100523,0.0967028502758529,1.00288309926358,0.00256912382700771,0.0907076477308234,1.40051115285914,0.0230044129333765,0.0776074130528051,1.00867425853989,0.00172675283316043,0.522827341716442
0.0866217989696022,34.4180799495182,0.387087319316052,0.0702179004852762,2.90981894079874,0.0106534797289181,0.0762289287729715,3.15409462760941,0.0324435031169456,0.0626828049781402,2.96905439714284,0.0334541858457931,0.0835141076471859,1.0232988843187,0.0010758471284127,0.0818073587346006,6.34893199363231,0.0427703413594175,0.096095675353609,12.345903576098,0.0644659849815331,0.0915512764165037,1.00577451078852,0.00232264815450272,0.0940275076370028,1.00288309926358,0.0035656249393565,0.0893534660070268,1.00288309926358,0.0055214203760247,0.583360354946956
0.0937104179507469,74.6133075004729,0.554841316337394,0.0908582224871154,1.00288309926358,0.00248738400124967,0.0491182670282227,1.92229906736858,0.0124948775291219,0.0800803968481235,2.66137624774655,0.0450764731531329,0.0924025783615178,1.00577451078852,0.0026348177023879,0.089323824941545,2.79486986091936,0.0410811908148763,0.0763194189440513,1.07772542117776,0.0172439696128942,0.0907978177432688,1.00288309926358,0.00240404102408248,0.0954519974185971,1.6984685687346,0.0280089189076299,0.0847574109253498,1.00867425853989,0.00556732725149513,0.711840316334264
0.0933549753671144,17.1979197075697,0.327148345288475,0.0995414965437182,1.00288309926358,0.0116873015797792,0.0849018896292465,1.08707389011608,0.0201923280035512,0.0847136828053665,4.07523387938939,0.0656037552022594,0.0865640126606271,1.06232295058138,0.00231456627771061,0.0996420614431984,1.2267955530143,0.0274542993174614,0.0996158582152883,1.1988633739507,0.0268487000976117,0.0943867582198672,1.035151107089,0.00304716843721529,0.0925938590590596,1.81474121907939,0.027062969647726,0.0791435456001428,1.00867425853989,0.00403464206420777,0.515394075915998
0.089243777349272,72.7204630642864,0.494021238199093,0.0818252256811669,1.00288309926358,0.00199090410588809,0.072968936407193,6.22226476776323,0.0345818559376696,0.046502068956757,6.27623830106248,0.0255904085140194,0.0833845287351681,1.00288309926358,0.00148380329447019,0.0902315145221266,1.93339940407185,0.0346179436907738,0.08436680204654,4.32921447906216,0.0391896801525407,0.0923083589741409,1.00577451078852,0.00258874922021417,0.0927572713033815,1.47076025583445,0.0246620948838378,0.0908611425822792,1.71814085427452,0.0124037260134771,0.671130404011984
0.0482019214343385,14.5317584288789,0.098545442484426,0.0872101693957382,6.27623830106248,0.0191441750422201,0.0702179004852762,5.75691805285236,0.0314150731185089,0.0989884331895449,5.48194575365476,0.102577962565781,0.0993495493602237,1.00288309926358,0.00240912035194943,0.0726389400498858,12.2397329678754,0.0350186926720428,0.0893502489415266,1.19198027101602,0.0233011675480884,0.087329549437103,1.017423759841,0.00261502686489312,0.0990099445474602,2.03037797761035,0.0325169749788209,0.0982491007939438,1.25899790157518,0.0141431382511861,0.361686773877917
0.0475452917829268,6.70329784548246,0.0631544094083474,0.0753282782333112,1.00288309926358,0.0100046162622688,0.0975344438959049,2.14453349218355,0.0430659418375223,0.0547642499109583,3.28381811862624,0.0281805136604401,0.0838080541400132,1.02920793476607,0.00191807885794501,0.0917519047480537,1.05318733137807,0.0213807212352051,0.0826178612982024,8.20310923201435,0.0419803648404456,0.0976756922675629,1.00867425853989,0.00106917137802521,0.0632757890952945,3.61109912366059,0.0141593742742751,0.0969605073390834,1.00288309926358,0.00114754685470944,0.226060738609184
0.0880063744253467,15.562424351202,0.277499761283281,0.0697616403230288,1.00577451078852,0.00100444568760648,0.0935185350062417,1.10920355497526,0.0229384118423056,0.0889504995024199,14.6737675621227,0.112519396082995,0.099907490944222,1.00288309926358,0.00285523314827007,0.0971578402567465,1.78366310156055,0.0369667969574696,0.0763679103497264,4.23064516672908,0.0315118658604286,0.0905524556940226,1.00288309926358,0.00279408059892919,0.0857148603888025,1.00288309926358,0.00693281166240351,0.0753993953302178,1.09966477838038,0.00735903939366001,0.502381842517349
0.0983970432607009,18.3128136904702,0.370949200229715,0.0806698817116255,1.00577451078852,0.00666902490558365,0.0995414965437182,1.55793070570556,0.0346723200458795,0.0294672646792731,1.8570226648111,0.00899624602231506,0.0847048754456698,1.0232988843187,0.00199288779202131,0.0949686212687233,11.5548867001919,0.067703684133992,0.0974168075227334,3.51873529007318,0.0511906535242009,0.0968765444898311,1.01158236655188,0.00193139996304904,0.0697509980181864,2.96051892720402,0.0169340336777217,0.0974191876203988,1.00577451078852,0.00871877146904339,0.569758221763522
0.0825275535590519,70.4720744328873,0.405017056832431,0.097326009200091,4.82970917626452,0.0250845085955116,0.0791895588327128,1.52684850782001,0.0245469209677057,0.0714232270128851,33.5259694810802,0.0721932434148445,0.0957124537638626,1.00867425853989,0.00178626394747714,0.0715904161026506,2.62334079957365,0.0259238796168723,0.0878221208659553,1.31077872056062,0.0245093624199952,0.0798098521552131,1.00867425853989,0.00136040268839823,0.0951029526994091,1.00288309926358,0.0178114044500615,0.0896639783753662,1.00288309926358,0.00702514687445328,0.60525818980775
0.0943350385807042,96.1995175404884,0.589287374380282,0.0928967699891999,3.0557743442915,0.0209097638730624,0.0872101693957382,14.1754836193795,0.0581665789001456,0.0770132062913403,45.3590725519368,0.0884297543397677,0.0820475348268038,1.04112859832463,0.00149039788803614,0.0881290097329905,1.63137250428789,0.0297765634044087,0.0741129479756568,1.24100474879353,0.0183188866403992,0.0830260824346771,1.01449885892793,0.00225773261656505,0.0640037902757868,1.00288309926358,0.00460226393617491,0.0847266084911833,1.00867425853989,0.00174130422086399,0.814980620199706
0.094264658820936,47.7949760452604,0.516057903797872,0.0782423908460166,1.00577451078852,0.00984849908325454,0.0753282782333112,2.55624161321588,0.0293707087715318,0.0709648622620839,4.08698318318596,0.0479715387967352,0.087191117862191,1.00867425853989,0.00127382831933358,0.0864315291252289,7.78884153617836,0.0505605320404283,0.0910054917882057,1.78880557933512,0.0322664588087509,0.082879852893525,1.00577451078852,0.00217679531971936,0.088548778944774,1.00288309926358,0.012156493485651,0.0763031535320374,1.00577451078852,0.00371473897876982,0.705397497402046
0.0957466994634096,14.1227265917572,0.29425151226105,0.0965075482099485,2.5933041997516,0.0223684846301617,0.0806698817116255,1.07772542117776,0.0188613113463595,0.0973155071581857,10.4774371358388,0.129143004639394,0.0974251694020244,1.00288309926358,0.00146102848450035,0.0806101359159924,2.91820823764409,0.0341382118918471,0.0871042376366067,2.48369792620856,0.035166457555733,0.0932733238250879,1.00288309926358,0.00160761325529607,0.0385671986494458,1.00288309926358,0.00369688418967172,0.0966726349964003,1.00867425853989,0.00550573410487186,0.546200242358885
0.0820668358849334,14.7828421851443,0.239445748267578,0.0949356962586635,1.00288309926358,0.0161336437382348,0.097326009200091,13.0400368809022,0.0768826983146257,0.097120755017494,14.8437245167243,0.140922902893911,0.0909701525149361,1.00577451078852,0.00192272026930161,0.0980423684526231,2.15071639511557,0.04263482997047,0.0764592186456072,2.46943812909056,0.0270616899559555,0.0864083181744558,1.00288309926358,0.00260724544183931,0.0807477872438133,1.00288309926358,0.00930164703588518,0.0894744864765129,1.28462743961633,0.0112152391823112,0.568128365070112
0.07240941415238,7.21983918174495,0.110770300547864,0.0983141116439191,2.15691712397049,0.0227254157006638,0.0928967699891999,8.22675961020021,0.0637293930247171,0.0265548815794606,1.90028922105573,0.00795831412178677,0.0967202493932809,1.36076598863131,0.00321343766361828,0.0936625691032495,10.845730650619,0.0646261254073325,0.0511764580562598,1.0232988843187,0.00935590599997299,0.0871835128533083,1.0232988843187,0.00245296594195339,0.0584497491737538,1.1817296425721,0.00957570785480238,0.0888156565852602,1.00867425853989,0.00148532781104429,0.295892894073755
0.0973052100539159,12.0359587215993,0.261902629894068,0.0601752747798161,1.00288309926358,0.00165410824251247,0.0782423908460166,2.10174801133249,0.0288788327280622,0.0724029158636064,2.84356700216288,0.0408476842934442,0.0923850791316659,1.00577451078852,0.0020538499993659,0.0968474781215238,4.15819379664401,0.056789447061761,0.09863407995593,1.23387969717049,0.027305870027452,0.0999049482472325,1.00577451078852,0.00159121774472877,0.0951261636895789,1.00288309926358,0.00611032626374073,0.0564770483151922,1.01158236655188,0.00154948747415666,0.428683453729292
0.0301201305035586,8.04722368011515,0.0394862879303442,0.0813168426113462,1.00577451078852,0.00119526483991817,0.0965075482099485,7.24794774808137,0.0683253625333861,0.0915084898302815,2.48369792620856,0.0503728051750654,0.0774877825350968,1.00288309926358,0.00107913061731509,0.0804754104548717,2.08968112513086,0.0295571282057873,0.098731460174552,2.46943812909056,0.0450247282989302,0.0951838714366208,1.00867425853989,0.00133870843755197,0.0875692367265818,1.00288309926358,0.0129793672725454,0.0961665251909034,1.00288309926358,0.00167210955366835,0.251030892864512
0.0942480398668072,47.1175216931795,0.513816251207874,0.0645561888533738,1.00577451078852,0.00216994779111956,0.0949356962586635,2.90145376159538,0.0486813432848495,0.0889231980869702,2.78683513858361,0.0540729032225236,0.0853831349671937,1.01449885892793,0.00107940205888462,0.0993773593778303,10.0057595601981,0.0748330694943217,0.0974392763124938,1.75817161928149,0.0357465470903722,0.094127185981191,1.035151107089,0.00297459461443983,0.0831406402682617,1.00288309926358,0.00671375955235208,0.0897547245813567,1.02920793476607,0.0108148826402794,0.750902700957016
0.092777177577937,17.8482409665669,0.330041045754303,0.0882467642383769,1.00577451078852,0.00669090429934232,0.0983141116439191,6.38559396992509,0.0694499398788039,0.0886132682746643,11.0029813692926,0.105528615361876,0.0900056958058834,1.017423759841,0.00212757932291769,0.0689872102495664,2.85998721049474,0.0248916392573142,0.075380283454388,3.65292419736599,0.0294634776535695,0.0792606863801859,1.00867425853989,0.00148143941707299,0.0727014550309618,4.48139116082693,0.0195545915073833,0.0765215807387983,3.24621921773864,0.00866786964105042,0.597897102093633
0.0854865148184228,8.66732497484296,0.161736919387998,0.0805136356289931,4.94223601165526,0.0153238790114407,0.0911783072691058,1.06538573309788,0.0213651694629338,0.0929248124443802,8.41843393067599,0.108762920770965,0.0895068548888421,1.01449885892793,0.00248024915221202,0.078390399291154,3.79223047250718,0.0347422557349304,0.096000108155829,3.28381811862624,0.0480208360929028,0.0920153334362718,1.00288309926358,0.00139571599936257,0.0753102182212346,2.21991621862324,0.0187925801539014,0.0965594218983715,1.00288309926358,0.00806429944200693,0.420684825208654
0.0776167685030635,33.5449371641478,0.303116562913882,0.0598982759967752,1.00577451078852,0.00639613414679026,0.0805136356289931,10.2094477434412,0.0461300297620733,0.0845958952493969,11.6551167748285,0.0960073644936804,0.089730938286831,1.01449885892793,0.00119696944540548,0.0633057920610586,2.47655776434198,0.0202337400292525,0.0665918535649508,5.64206206761865,0.0243646926764517,0.0941660052438434,2.94352153037066,0.00361708838250287,0.080068669911767,2.14453349218355,0.0210516564634226,0.0991411846320398,1.00867425853989,0.0113575056702028,0.533471743983664
0.0883821202167991,14.0022770388297,0.259762180229774,0.0819703714752706,1.00577451078852,0.00630597550734286,0.0598982759967752,2.08968112513086,0.0180015185446816,0.0894950077291923,57.4367420159962,0.130886124285398,0.0792753289385889,1.00577451078852,0.00136196264045364,0.0863063899150909,8.15601225127809,0.0507880243923421,0.0614854499555668,5.48194575365476,0.0205522902658808,0.0977260034307319,1.01158236655188,0.00359593859097157,0.097319557110592,1.54009278652809,0.0276263876376244,0.0770925949436017,1.00867425853989,0.00237137431075906,0.521251776405228
0.092590546666485,29.5848017004904,0.424909510110553,0.0977116541846761,1.00288309926358,0.0128638327745982,0.0789975457511171,17.5918424880948,0.0464744104830104,0.0989960118622022,5.90803229623124,0.107122529128701,0.0948334217109056,1.00288309926358,0.00291601596329097,0.0925311781525426,35.3091263296414,0.0684442688272307,0.077828697443137,1.2267955530143,0.0195739919765139,0.0860771703470196,1.00867425853989,0.00177822424071349,0.0773823677667425,1.00288309926358,0.00811418546149302,0.096147638529024,1.00288309926358,0.00673582563736191,0.698932794603466
0.0978137911953837,52.8178734817829,0.575326314149897,0.0839777330519367,1.23743709481674,0.0135652703183931,0.0923267872026952,1.74807732789242,0.034110000235348,0.0854708949773421,24.99478827893,0.109531864222169,0.0944210494907994,1.00867425853989,0.00244146234512206,0.0861805073450223,1.75817161928149,0.0301578831604868,0.0806362124518872,2.83539228475476,0.0317721418777607,0.0952509600862792,1.01158236655188,0.00174028091306908,0.0960866602617295,1.3490638599235,0.0251718277584664,0.0543813535562375,1.00867425853989,0.00266384228685399,0.826480887267566
0.0941124497632675,20.0647547267154,0.364446675699059,0.0958519339209646,1.86237664548846,0.0204080548134471,0.0977116541846761,1.8199732981517,0.0383791991528437,0.02442310895258,1.14160110005127,0.00518681792396559,0.0949948307077015,1.02624915657849,0.00146472619181959,0.0727438766180869,1.40859841962076,0.0199769396348235,0.0913773508184029,1.51808232505612,0.0290191710695844,0.0979223313701049,1.00867425853989,0.00230281896676754,0.0899733839696387,1.00288309926358,0.0173459824471917,0.0819006544230608,5.56142771178757,0.0105534402971389,0.509083826196641
0.0869701306839887,15.1676254964996,0.267304509827947,0.0969944720798787,1.20578622343754,0.0182841626198517,0.0839777330519367,3.44853317762211,0.0405892078524715,0.0703563425747682,1.80952418124502,0.0270285147633643,0.0796656932393567,1.00577451078852,0.00127578502865702,0.0474158024497654,1.017423759841,0.00870384452113887,0.0587122635929868,1.83048275359669,0.0149968923225076,0.099307115393017,1.00577451078852,0.00156049756635585,0.0571346074983195,2.01872085226992,0.0105206312047218,0.0990999438729324,1.00867425853989,0.0093941814251491,0.399658227132165
0.0597689100976195,5.81152921974877,0.0706298674335037,0.0825352894286828,1.86774606222357,0.0144499528754069,0.0958519339209646,5.23515726431772,0.0621486658505867,0.0906967830334158,15.5882800527396,0.119048387379644,0.0961323831514364,1.03217524340486,0.00170326820153581,0.0741119931711076,3.10007958542497,0.0292248615592265,0.0832258245237411,1.26991877487462,0.0221487384009303,0.0809226700823006,1.00867425853989,0.00223018408496461,0.044621251883438,1.67902152597229,0.00652907127800243,0.0939713503666396,1.16484078042324,0.0123323301685845,0.340445327232385
0.0989262287564599,119.170848187939,0.688318258691978,0.0989506068974851,5.40359972355987,0.0266806353857476,0.0952233735904166,1.16484078042324,0.0246244890225894,0.0707363425095364,9.15145972170511,0.06106411623791,0.0969522267393896,1.00577451078852,0.00116454514310037,0.0685747055130156,1.4249133228412,0.0183094836231753,0.0458221650041676,1.07462716439149,0.00812696838323339,0.0951793636373149,1.00867425853989,0.00324546947433451,0.0907865594592205,5.17521601544173,0.0341995443655482,0.08449574250071,1.05318733137807,0.00944300535120129,0.875176515678818
0.0907544336241401,13.0004881193975,0.254476808207584,0.0489614795306892,1.00288309926358,0.00359567628832616,0.0969944720798787,3.48847535295163,0.0554569507200806,0.0830582604751247,23.4607874898523,0.101466978159056,0.0979585996112693,1.00288309926358,0.00115831768877245,0.0821455416902726,4.85759838400825,0.0409402318374265,0.0909509973536399,1.77342245446464,0.0319448233242128,0.07666250183205,1.00288309926358,0.00136763481719064,0.0473671387841989,1.00288309926358,0.00456132359741187,0.0729796618316346,1.00288309926358,0.00405109373414464,0.499019838374206
0.0785279230640225,112.235651584573,0.376012451385893,0.0498784159924001,1.00288309926358,0.00340437243561947,0.0825352894286828,4.88564863828298,0.0433765638540216,0.0971606729821069,5.64206206761865,0.100424869466958,0.0970680865039916,1.01158236655188,0.00295398044109393,0.0712780562376658,1.91677282105974,0.0227894013170884,0.0921507366724649,2.08968112513086,0.0361658900775237,0.0848068726238837,1.035151107089,0.00133115226068723,0.0890428913479721,1.80432214140788,0.0248288719884677,0.0844160223267272,1.00867425853989,0.00149599029677469,0.612783543524128
0.0556672154387462,5.55202018817461,0.0620744460118608,0.0813721164005509,1.27725193454067,0.0128251137389923,0.0989506068974851,14.0131778568844,0.0819115909413967,0.0645321773169396,1.70827639380871,0.0230803318569241,0.0898329650093445,1.02035709353375,0.00147114400692203,0.0689012530658255,1.04413027541975,0.0149110245006006,0.0687253198883062,1.4455729400936,0.0177650879874992,0.0894284192498546,1.02035709353375,0.0022203869357059,0.0618997590740471,2.16313573014221,0.0125028106232729,0.0971331412755619,10.6293480187976,0.017293260306979,0.246055196910154
0.099542743253742,29.6693904865425,0.494973410324779,0.077690138833858,2.10780755947618,0.0128264287359972,0.0813721164005509,3.43861929685961,0.0382572076707975,0.0757487406041059,2.23273514877728,0.0360760027764053,0.0865937135891824,1.01158236655188,0.00198363775332072,0.0917992262096246,25.65088039011,0.065865655998403,0.0995547288554491,1.9841495077581,0.0402099994752172,0.0968876536528369,1.01158236655188,0.00302549925151461,0.0747896468969784,1.07153781450759,0.0141975639334247,0.0532870962904022,1.00867425853989,0.0025664020364027,0.709981807956262
0.0883197228721577,147.206573906801,0.518779171556914,0.0790270842476151,1.00288309926358,0.00734705953082165,0.077690138833858,5.19013667692469,0.038261350812046,0.0868353516090881,5.11596107896008,0.0771060237623433,0.081765413557366,1.035151107089,0.00172504256982281,0.0476918701372908,1.07772542117776,0.00907606028691945,0.0734267553216866,4.77441020717598,0.0295957261097669,0.0987671147165567,2.51246502599404,0.00412110053951046,0.0990550271854719,1.00288309926358,0.00434313939495083,0.0993224876671085,1.00288309926358,0.0123128407586275,0.702667515321723
0.081323437924023,8.91835382783087,0.157726481954688,0.0580018787023293,1.00288309926358,0.0043252631652656,0.0790270842476151,1.24817094410403,0.0209975848231367,0.0623387758492359,19.3451295709733,0.0518196524981662,0.0881666383336789,1.01449885892793,0.00149581636251625,0.0999973674274381,3.97099851752979,0.0601356550866931,0.0680853290847254,1.0684573459204,0.0146019923058276,0.0973317878579063,1.00577451078852,0.0031033515783735,0.0499169604173675,1.00288309926358,0.00472908394728681,0.0948714807738523,1.95017021036364,0.014006784541284,0.332941666263238
0.0694488275919259,11.7641619641806,0.159030428374483,0.0622005787496691,1.00288309926358,0.00577464378058352,0.0720212240020762,1.31455782572457,0.0191048766076246,0.0704083799335075,3.50861959151272,0.0440929579343099,0.0818036917163965,1.05015961695978,0.00162759807954968,0.0979489385300288,11.6216105181022,0.0733210601189172,0.0944962184712015,1.54453302690677,0.0310511781701365,0.0745395587279543,1.00577451078852,0.00140379055241207,0.0950296370891318,1.00288309926358,0.00840804217076763,0.086088196962454,6.78356302734552,0.0121657790384838,0.355980354827268
0.0788078716000418,61.7986249601431,0.353924499915567,0.0918956449110706,2.30457394564778,0.0194189105670278,0.0622005787496691,1.41265954868704,0.0160433982127974,0.0916031284617476,2.62334079957365,0.0532236751591187,0.0872231019213781,1.0232988843187,0.00129274390526584,0.0930786354272383,1.86774606222357,0.0357030698604471,0.0978288916311023,1.43727338940046,0.0309635605623159,0.0975725766563501,1.00577451078852,0.00225798992680136,0.055982924243877,1.00288309926358,0.00658611604286497,0.0861157976954984,1.00288309926358,0.00965928556293533,0.529073249715141
0.0726323698782529,75.6860954586023,0.301037947713496,0.0758755116243982,1.00288309926358,0.00864235578399238,0.0918956449110706,6.44098426295101,0.0590321839783067,0.0879049167009094,12.3104114379469,0.105326182611157,0.0907754939070862,1.00867425853989,0.00238557408555131,0.0502818166000694,2.27818714703702,0.0130941665212117,0.0996101672300377,2.0657547958787,0.0412979851121447,0.0973638558854845,1.94456383978917,0.00393119345315185,0.0925309717849978,2.03623175886238,0.0283318572702595,0.0793961131038733,1.00867425853989,0.00510286357522067,0.568182310104492
0.0968035593884034,14.0423123119632,0.298520511237778,0.0882644999783528,6.74461616851603,0.019836273268887,0.0758755116243982,1.7683242002651,0.025078655209839,0.0755285460689721,3.83615347588896,0.0520632886716043,0.0947151978594881,1.01158236655188,0.00287675369132444,0.0923267782687906,10.1800975118018,0.0616197093386045,0.098589723905979,4.31676880609627,0.0563460933390617,0.0976229833492023,1.00577451078852,0.00224908386761831,0.090448296455023,1.14160110005127,0.0203866764013397,0.0995226441140754,2.80292774815717,0.0168978055365926,0.55587485056265
0.0765496507975459,7.26118409383141,0.118139554209975,0.0972485070306171,1.00288309926358,0.0162018196844357,0.0882644999783528,14.1347317845805,0.0603471623540276,0.0616599831724211,2.75492656923522,0.0312979815099579,0.0970576186021679,1.01158236655188,0.00176011811389385,0.0964934664704614,1.28462743961633,0.0277233186304093,0.0808821045833293,10.5379392096157,0.0407611356386239,0.0947442583770759,1.01158236655188,0.00154139434755276,0.0816200011185842,9.15145972170511,0.0276491799355975,0.0913093875277252,4.26734287669584,0.0139460993537531,0.339367763778227
0.0711341056744276,39.2486644096668,0.261156867760597,0.0937539066535821,1.74807732789242,0.0190819612933487,0.0972485070306171,2.67674439360146,0.0488961442112359,0.0457375094474721,3.16318819550752,0.0209095459770715,0.0841548588345463,1.02624915657849,0.00108259708574619,0.0890548830704969,5.79016143825715,0.0512332935721439,0.0448418118141227,1.03217524340486,0.00776489723362274,0.0882449164053907,1.00577451078852,0.00108206262500776,0.0951156480301334,14.8865204479472,0.0424126313861302,0.0980957078748298,1.00288309926358,0.00868021273292212,0.462300213877826
0.080579064047016,8.18626584483316,0.142812839978691,0.0973470508260495,2.2008256876077,0.0222977719359011,0.0937539066535821,4.87160332233193,0.0579705629790439,0.072174207103675,1.79396288338358,0.0275203154265196,0.0826285367921842,1.02920793476607,0.00191331833107361,0.079413356278833,6.27623830106248,0.0400805995462591,0.099252758817862,18.1056638759021,0.0738041901187936,0.0882469545808394,1.00577451078852,0.00155424767788815,0.0403683101166733,1.00288309926358,0.00190650806515093,0.0952404852022015,1.59882507273807,0.0137455623191884,0.383605916378509
0.095462297887114,39.1367646765702,0.50121061393792,0.0747699050961027,1.00288309926358,0.00244488679314654,0.0973470508260495,6.44098426295101,0.0681025691131131,0.084087224327027,3.39924796097488,0.0579773432328842,0.0837696494356047,1.01449885892793,0.00127733927732772,0.086503719440189,2.60078095318014,0.0374817089904563,0.083035625881988,1.295770630155,0.0223429276827647,0.085165277105592,1.00577451078852,0.0022630073728019,0.0941694846391994,1.07772542117776,0.021060298234488,0.0723572886775866,1.00577451078852,0.00630943605058213,0.720470130685485
0.0785903113668955,12.5268003303755,0.200277865052668,0.083504146230186,1.00288309926358,0.00243000553160287,0.0647996984827458,1.15150364314254,0.0149536679551671,0.0793118316788122,6.8227347852315,0.072451129787608,0.0933097679101862,1.12853005133194,0.00286471461927673,0.0583862399630679,4.77441020717598,0.0198150708701922,0.0780997010627137,2.70774742833384,0.0291287388782553,0.0957229961168527,1.47925317679908,0.00368080865201658,0.0617962911736996,1.48351801054375,0.0113413584878595,0.0942731660816865,3.17230798106454,0.0146579561464826,0.371601315981129
0.0893534660070268,9.94038597042831,0.19625463411548,0.0825969268326918,1.00577451078852,0.00215364139511207,0.0673770375405998,1.38846722913941,0.0179605171867033,0.0879727841978644,26.7828608064846,0.119024914227807,0.0947972389992578,1.00288309926358,0.00294266115275827,0.0882416580060564,5.40359972355987,0.0494571696008924,0.0833537152712622,3.55949057200184,0.0365079685171155,0.0770744281329954,1.02920793476607,0.00148954531107771,0.0822595071728983,1.60343464412786,0.0202265849456799,0.0623681614378794,1.00577451078852,0.00245712181729951,0.448474758269926
0.0847574109253498,10.7984678719436,0.198237093039427,0.086312094397349,1.00288309926358,0.00963559248205452,0.086312094397349,1.54898606893921,0.028208031107843,0.0707641754916551,7.72186012504483,0.0592511909979326,0.0963943491928967,1.03217524340486,0.00204931035027356,0.070075508513256,4.67915618701786,0.0287304323371006,0.0971346756650034,2.01872085226992,0.0389152403368519,0.0757361010476191,1.00867425853989,0.00151175579194394,0.0960647475474929,2.03037797761035,0.0306760449922064,0.0805872531425297,1.00288309926358,0.0052389101966545,0.402453601632288
0.0791435456001428,7.75401379770222,0.132049067912436,0.0950550467445915,5.64206206761865,0.0238351013259531,0.0950550467445915,13.4209094274668,0.0729462096571126,0.099943024611762,12.0301229939707,0.143279718353775,0.0983788094368652,1.00867425853989,0.00195555671178206,0.0938519963614825,2.15071639511557,0.0395739154153529,0.0924437268550476,5.48194575365476,0.0516752026784864,0.0910517428309119,1.017423759841,0.00192374835723996,0.0758865560172159,1.15815301335288,0.0151557040583888,0.0978636975086803,1.00867425853989,0.00546890308672803,0.487863127557255
0.0956030617812515,20.8830207840829,0.384030939492511,0.0822396340490766,1.00577451078852,0.00117170204764026,0.0857701229995542,45.0986499114755,0.0592339987596939,0.098069568744825,3.49853297367273,0.0749089408912272,0.0964880136402029,1.00867425853989,0.0016472331751464,0.0817198005059158,1.29950646550457,0.0224924340281209,0.095418453134806,4.46850800867783,0.0525781898705884,0.094870029096054,1.00577451078852,0.00135845767414684,0.0589335708206172,1.00288309926358,0.00309215476579319,0.0726749243007537,2.78683513858361,0.00758077043922196,0.60809482114409
0.0908611425822792,57.5413128614008,0.493462581475855,0.091633356667712,1.00288309926358,0.0120439824762134,0.091633356667712,1.90028922105573,0.0357961091716312,0.0869907731150329,3.71657187129828,0.0648641193324586,0.0817496238821471,1.05926897298544,0.00122899264166697,0.0883029664721704,7.06256146630704,0.0522000843247319,0.0478096957885846,1.00288309926358,0.00664001881227673,0.0781411694823847,1.00867425853989,0.00138908153207847,0.0777646667328086,1.00288309926358,0.00373703182471619,0.0655722208495893,1.00288309926358,0.00384908475015806,0.675211086341787
0.0982491007939438,47.1175216931795,0.568577981461837,0.0883865303117164,2.77882351455518,0.0182294613467932,0.0883865303117164,7.3318961356485,0.0552846042433209,0.0914573571755082,4.54636621906863,0.0798428259992224,0.0873970463265494,1.00867425853989,0.00138761922618464,0.0835447603565131,18.9591758547749,0.0504208052682161,0.0975285326100625,1.28833114804146,0.0279533442198088,0.094549855653878,1.00288309926358,0.00110667738330644,0.0881889466988606,5.64206206761865,0.0321423571452205,0.0959473788445907,14.0131778568844,0.0166702747762152,0.851615951070125
0.0753993953302178,29.2488513551982,0.275611030798837,0.0852998446249993,1.61269369477906,0.0150845000976088,0.0852998446249993,4.31676880609627,0.0453758222253429,0.0665937754684693,14.0940971036004,0.0578627230475276,0.0875451031944799,1.35685404373703,0.00241556263090708,0.0652308695828258,1.15482354244809,0.0148640077297719,0.0542405487376083,3.62151028088471,0.0152125290188994,0.0886468530930839,1.00288309926358,0.00135539989431234,0.0853895159108854,8.08587329578959,0.0306024760764653,0.0862289701861852,1.00867425853989,0.00543371473471197,0.463817766254384
0.0974191876203988,16.1509010721782,0.334330186903382,0.0658718152395209,1.23033252636976,0.00818475118213868,0.0658718152395209,2.87650223749675,0.0236368872861904,0.0798048056146582,4.52026390637434,0.062133805720246,0.0924169233333411,1.035151107089,0.00192672678019921,0.0870889707991898,5.05738459676651,0.0474230572490463,0.0555874985759957,1.80432214140788,0.0135909148546492,0.0992225188692443,1.00288309926358,0.00271279284212884,0.0894233331344237,1.00288309926358,0.00806102306578424,0.0905797984952041,6.04568285725226,0.0139039367109556,0.515904082594721
0.0896639783753662,13.6860767606747,0.261192096868848,0.0792556702218239,1.45811221351425,0.0124631243032939,0.0760210695844944,1.47925317679908,0.0225302580395016,0.0640849887897914,2.67674439360146,0.0325459401139014,0.0823064438830447,1.02035709353375,0.00201477739901543,0.0980614065490117,1.73804099143649,0.036825021100933,0.0959068846274138,3.98244730043134,0.0514761912337934,0.088856607007058,1.01449885892793,0.0019156948956996,0.0963822719541108,3.34103457688672,0.0361883682999076,0.0934916391134444,1.00288309926358,0.00386984380195397,0.461021316056848
0.0763031535320374,7.28194525201041,0.118234258692127,0.0972788662817339,1.00288309926358,0.00875027971260119,0.0792556702218239,3.74881037659201,0.0371166930103779,0.0205505242122798,1.53566531100084,0.00524263890192028,0.0937717512987206,1.74807732789242,0.0029359032513428,0.0899496630720498,2.57100265798945,0.0402948109628275,0.0781463681583751,13.3054941313703,0.0383304495878853,0.0802693049325129,1.00288309926358,0.00134672891337331,0.0869779217711267,13.5373258656811,0.0333847283708202,0.0576821661758999,1.00288309926358,0.00375275579410751,0.289389247197383
0.0760473268498227,109.388376269211,0.349123168739017,0.0994085010817328,9.28414544519475,0.0282804691824302,0.0972788662817339,1.17494491051044,0.0254186895054558,0.0815300864059863,5.2653877364201,0.0693366192180373,0.0849196660252,1.0232988843187,0.00103208035868449,0.0894934840273763,1.14489244934213,0.022634583007868,0.0901839195535681,2.21353437928443,0.0356135318979552,0.0792164734147797,1.00577451078852,0.00161038328272232,0.0822959248541698,1.035151107089,0.0163851402291035,0.0700427340370279,1.00577451078852,0.00428102582194808,0.553715691243222
0.0894744864765129,42.0323785143101,0.442138541224949,0.0670451884101744,1.00577451078852,0.00713555492197951,0.0994085010817328,25.2115995346114,0.0869521631775199,0.0833562142410438,6.13333836012256,0.0770703824070102,0.0886198646043438,1.00288309926358,0.00201699877534128,0.0699422933291831,2.75492656923522,0.0252901099200296,0.0978555602622823,2.10174801133249,0.0403345583013022,0.09839619076704,1.00288309926358,0.00197313958516395,0.0999908038923028,13.6941201359897,0.0486619018557366,0.0999887465067134,1.60805750536954,0.0155518746950101,0.747125224864042
0.0285974630284901,7.51427334864795,0.0357962507826475,0.0819606106176542,1.00577451078852,0.0093277310234509,0.0670451884101744,1.7683242002651,0.0203312004391135,0.0514531127577552,9.12515100556096,0.0325687191452095,0.0942248905837577,3.43861929685961,0.003028176493373,0.0945020274083742,3.82512526006857,0.0525927908503439,0.0701261155834878,3.44853317762211,0.0249921399773011,0.0828266469544525,1.01449885892793,0.0010506399028375,0.0962007189261911,17.0926028588123,0.0443761659406411,0.0768274030147484,1.017423759841,0.00435367795635773,0.228417492511276
0.0897547245813567,35.6177253646565,0.424849401169607,0.0958678213053384,2.0538945595859,0.0209371130227449,0.0875779628029277,1.07772542117776,0.0207178687998903,0.0827686273633132,21.5815941337228,0.100112374071647,0.0997498208080162,1.00867425853989,0.00305827621790514,0.094798259431115,14.0131778568844,0.0692192708097242,0.0847419182547016,12.2045460501459,0.0467413177621039,0.0866146292717872,1.01449885892793,0.00263897908453039,0.0990754767824953,1.24458268867087,0.0252366786534194,0.0931488026506435,1.00288309926358,0.00983533480503129,0.723346614396604
0.0765215807387983,61.9753194236718,0.332132024163797,0.0499904348799109,1.00288309926358,0.00404448138494438,0.0687319651411309,14.505756572389,0.0329133854193028,0.0826065232956804,3.31230280598519,0.055386651740052,0.0821156907637288,1.02035709353375,0.00126112044497601,0.0910427519920209,2.11997911696849,0.037112725971559,0.0924535274137445,17.6934267723322,0.0601146279834258,0.0807062526481329,1.00577451078852,0.00148819956869003,0.0761476868339532,1.40051115285914,0.0165655818867385,0.0808401986576952,1.00288309926358,0.00377728288571908,0.544796081449205
0.0965594218983715,14.6149755559616,0.306067232886668,0.0511194531387751,1.00288309926358,0.00343757210113962,0.0819606106176542,1.65502554408647,0.0272380566492289,0.0907075037119323,3.84721348715026,0.0709413577330773,0.0966299429005725,1.00288309926358,0.00167579402040898,0.0685817185998496,1.04112859832463,0.0147763843833846,0.0782291580662076,6.09812467340626,0.0355291087155705,0.0802883085291512,1.00288309926358,0.00124151787224415,0.0974339493185811,1.4249133228412,0.0265093116415803,0.0838776777334812,1.00867425853989,0.00259467626214651,0.490011012265449
0.0573101620344121,27.5467024013616,0.158731456027214,0.0639835424461437,1.00577451078852,0.00139110445060886,0.0958678213053384,5.82359678794962,0.0638155615785114,0.0665496858058915,7.2688443008963,0.0513563557851526,0.0950654911888567,1.00288309926358,0.00231869291381637,0.0881726412994383,5.07196553857306,0.0487047718864761,0.0811330250786445,1.60343464412786,0.0248893080303304,0.081827177872286,1.00288309926358,0.00126659245538679,0.0939364731242183,1.00288309926358,0.00947871603339902,0.0878043218280586,1.00867425853989,0.00789512042507026,0.369847679585966
0.0771636588867924,12.3492432709593,0.193128066426705,0.0949234959416799,1.27358007675926,0.0178107196232442,0.0499904348799109,1.20926262481036,0.0105922016237974,0.0916712953618573,48.3249087633854,0.139720999993343,0.0885056588876368,1.00867425853989,0.00119944235188747,0.0892443355886907,4.25507507288674,0.047694280708871,0.0783315405979281,1.29204553462562,0.0205076522510898,0.0877496234141048,1.00288309926358,0.00206800739468893,0.0838521653362117,3.6424227310724,0.0265690623814721,0.0919466825410663,1.88394737445416,0.0128721705742133,0.472162603329312
0.0991411846320398,24.714456715881,0.448282228104288,0.0868351248830415,1.52684850782001,0.0154244581902858,0.0949234959416799,3.6424227310724,0.0539652810047421,0.0872462245001774,7.24794774808137,0.0898615477904113,0.087321968361299,1.48351801054375,0.00240495923113806,0.095233034815705,6.31248050684326,0.0618592193411795,0.0682423631440822,1.00577451078852,0.0139944610630011,0.0999468158811346,1.00867425853989,0.00164269375865208,0.0940673213664123,1.56692699337341,0.026171379643075,0.095822747582601,1.00577451078852,0.0116467786674476,0.725253006794221
0.096147638529024,11.5643499159773,0.24869794512183,0.0825493768704253,1.00577451078852,0.00825821443230553,0.0935991280639086,2.41321295951054,0.0431957410847137,0.087721152664023,5.79016143825715,0.0833295861546536,0.098950687542606,1.01158236655188,0.00186844823187022,0.0954232614979205,1.96708649096514,0.0384155994394636,0.0793984961056895,2.08367368705817,0.027318458684903,0.0786441744813223,1.00577451078852,0.00151297284523399,0.0938848666774454,2.16313573014221,0.0299177773856983,0.0977755896688962,1.00577451078852,0.00318450785346232,0.485699251234134
0.0543813535562375,6.57065680511724,0.0728519602088341,0.0842290512608149,1.00577451078852,0.00850903980988898,0.0705445552889676,1.40051115285914,0.0193989707151978,0.0973464538046165,4.49431145638251,0.0884926702416115,0.0789906697067858,1.00867425853989,0.00123788564710892,0.075800856590364,1.16149208345279,0.0184792009876894,0.0718860643469484,10.5987906532703,0.0309012418301472,0.077805017355887,1.25899790157518,0.00212039344941706,0.0975163672276736,1.36468921205103,0.0260395994933987,0.0914141169663231,1.00288309926358,0.00867002487507415,0.276700987258368
0.0847171873740355,180.802510295653,0.472528042587061,0.0798063150833096,1.6984685687346,0.0131400122380562,0.0957937751313625,1.90028922105573,0.0384177263091765,0.0891681197177129,69.6563542571799,0.130722142290627,0.0777244259670503,1.00577451078852,0.00101758536170991,0.0835695437532344,1.24100474879353,0.0223270707015019,0.0924983457485474,7.00182581890258,0.0538048157251581,0.0954367790596674,1.02035709353375,0.00273732173857315,0.0490446039401077,1.17833239331668,0.00709477997454949,0.0987182211483354,9.47314366240347,0.0179419944902637,0.759731491416677
0.0819006544230608,103.317036233619,0.413559181546838,0.0910762394164204,3.00344307348301,0.0199936752968869,0.0906274042045667,1.40859841962076,0.0280030896278932,0.0922261119000811,24.3554775355552,0.132854592552958,0.091930483264932,1.02035709353375,0.00111788238418604,0.0890454249584592,9.6938573407282,0.0558656051270808,0.0505857460086081,1.21975208146059,0.0100246980618559,0.0941624006351695,1.00867425853989,0.0020750876607502,0.0886316596547575,4.95648496866088,0.0317281940655387,0.097866412269426,1.00867425853989,0.00818869413010628,0.703410700454094
0.0990999438729324,17.3954538600703,0.36349733193521,0.081466913474697,1.28462743961633,0.0127971412517279,0.0927055511477428,2.03037797761035,0.0382166941509982,0.0512514978534625,2.27818714703702,0.0212870445735694,0.0787945812335163,1.00867425853989,0.00146445699721191,0.0784313977851098,9.91971340151178,0.0410468284831648,0.0898142763702584,25.2842870786632,0.057126446024878,0.0967192888117819,1.00288309926358,0.00218066413562252,0.0863194082376325,10.0346071582177,0.0319899623900143,0.0867288311565714,1.00288309926358,0.00944559001766145,0.579052159960059
0.0473153060682337,9.88378578253307,0.0813311046556156,0.09417338137248,1.13178371549186,0.0167362942135637,0.0694064717560858,2.08968112513086,0.0233096931779285,0.0992157407076063,10.0057595601981,0.133124928170421,0.0921358524217859,1.00577451078852,0.00185353252536697,0.0699254140554424,1.75311720834914,0.0211284597299536,0.0745802303669024,5.43480286846039,0.0312647513532962,0.0867492474277928,1.0232988843187,0.00216942159547321,0.0724508340457682,1.74305193613896,0.0162125305642151,0.0676342430020969,1.00288309926358,0.00357166229130547,0.330702378277139
0.0939713503666396,41.2006657449125,0.490379397783005,0.0885277738793149,1.00288309926358,0.00400861532708663,0.0868351248830415,4.13432012050498,0.0464469230652839,0.0832185496339577,3.34103457688672,0.0561413764583762,0.0994129651775428,1.00577451078852,0.00195241950073237,0.0642593149052376,1.1481932879197,0.0145325573020032,0.0998057871857986,3.27437776251048,0.0521783058961785,0.0784086965039394,1.00288309926358,0.00156681681580795,0.0804050806979082,1.00288309926358,0.0149778292356289,0.0902829679478579,4.85759838400825,0.013618898260944,0.695803139645046
0.0524284239092294,13.6081487487738,0.110181595488684,0.0628739284446126,2.25859550568368,0.00816727565250824,0.0825493768704253,1.35685404373703,0.0238683468415106,0.088829536457277,36.0279175169288,0.125645557444526,0.0944863262794885,1.02624915657849,0.00262332513055259,0.0972222492040379,5.46618619625777,0.0621513546374802,0.0977961708869232,3.28381811862624,0.0502683704226161,0.0965702572853571,1.00867425853989,0.00158723922672927,0.098883936832301,1.15815301335288,0.0239798811291171,0.0878139162891398,1.01449885892793,0.0102251325366557,0.41869807851038
0.08449574250071,33.6408487589469,0.365605761814447,0.077303538201529,1.42902148939294,0.0118028706979901,0.0842290512608149,1.36468921205103,0.0246586185791023,0.0963804079553024,13.8129064745256,0.136098210195514,0.0893794776344948,1.00867425853989,0.00214838336113903,0.0788612746442391,1.1988633739507,0.0200379121044483,0.0409269873104827,1.59422875299434,0.00788936262799007,0.0827034706930652,1.03217524340486,0.0021461700616799,0.0918784891054291,4.20635552139048,0.033954432476123,0.0850925688035033,2.67674439360146,0.0111562355652957,0.615497957483729
0.0729796618316346,8.544472794322,0.132759522709151,0.0842788644829457,1.00577451078852,0.00235088898835502,0.0798063150833096,4.3416960341386,0.0392493536267525,0.0952545722669432,3.45847564108692,0.0712146448267675,0.0902004334581776,1.00288309926358,0.002395128514772,0.0639321508903371,1.52684850782001,0.0170540487101072,0.0468374169366581,1.00288309926358,0.00723195998417837,0.0853755649536069,1.00577451078852,0.00177764305352123,0.0840927515816941,1.17494491051044,0.0182766857895655,0.0808732188006357,1.00288309926358,0.00246648024548249,0.294776356448653
0.0971331412755619,371.257156839999,0.70461397861982,0.083961112538714,2.39935784176774,0.0156491917126785,0.0757582557977791,11.9610537599916,0.0408547750104648,0.0705342494324691,7.45964533309522,0.0581655483810493,0.0949232051405582,1.00867425853989,0.00263830630909787,0.0494635118187837,1.88937898174206,0.0120802868879895,0.0565473141267561,1.00288309926358,0.00838729276540938,0.087298471901461,1.00288309926358,0.00166480785310345,0.0749379806350305,1.00288309926358,0.0119723875376624,0.0986363107607455,9.89119610131619,0.017994672532724,0.874021247609999
0.0532870962904022,6.34934962645816,0.0686440655943735,0.0609111786962673,1.00288309926358,0.00430800973212169,0.0910762394164204,7.99329205722658,0.0608430865518354,0.0782765073163755,46.2824514344805,0.0916722678604608,0.0899847159096067,1.00288309926358,0.00126546967962446,0.080140649106254,4.3542135747773,0.0376638364905801,0.0939585504744367,1.41265954868704,0.0287011074750095,0.0779297726184097,1.00577451078852,0.00150807276335083,0.0931902526441134,2.29134256329585,0.0298039809730559,0.0791367419314055,1.00867425853989,0.00154936710388158,0.325959264224294
0.0993224876671085,29.3324795929199,0.489537760135144,0.0802174131308365,3.02078648791353,0.0145989035283126,0.081466913474697,3.45847564108692,0.0381690751766768,0.0876909013834106,29.1149486853426,0.118416502153843,0.0814256836123399,1.05015961695978,0.00155154165189172,0.0815463846431524,3.71657187129828,0.0376100510909466,0.0982246992198539,3.00344307348301,0.0487128820747108,0.0955585122143412,1.11882507338448,0.00360539636863533,0.094508426934985,1.00288309926358,0.00741228584102824,0.0947589541794176,1.09650345009091,0.012425812453007,0.772040210474196
0.0948714807738523,66.7510007447654,0.562689634101257,0.0631961357451859,1.00577451078852,0.00326886284673377,0.09417338137248,3.24621921773864,0.0505801050564334,0.0926185180405554,10.783461436218,0.115719715753891,0.0900771818330608,1.00867425853989,0.00251247274472395,0.0889686519534706,6.2943333190863,0.0524327103787174,0.0908203600453779,8.84069935203988,0.0533413732918013,0.0840433259812661,1.01449885892793,0.00170632012361895,0.0639871849602417,1.00288309926358,0.0104638500144524,0.0619148375155168,1.00577451078852,0.00206263120812791,0.854777675519757
0.086088196962454,145.534969012033,0.483186994231731,0.0933958542235366,1.00577451078852,0.0108416546560957,0.0628739284446126,4.08698318318596,0.0235818273983136,0.0734209025247672,3.9368492691367,0.0502689962831913,0.0951371681528292,1.00577451078852,0.00229542844823595,0.0937734164960506,13.8527304550101,0.066991166700897,0.0784130375833099,1.73804099143649,0.0244278661055392,0.0997038337420833,1.01158236655188,0.00254765563717854,0.0851655899894556,1.8199732981517,0.0228210951887773,0.0843756607334775,1.00577451078852,0.0055011746522489,0.692463859302208
0.0861157976954984,32.0470157344315,0.374945683807207,0.0914870479138073,6.72522667244931,0.0218916288388198,0.0864862906771716,1.05015961695978,0.0198825213939245,0.0959496186935251,4.19426304469508,0.0827470884020591,0.0994372749131871,1.00867425853989,0.00337062664414672,0.0451795061703616,1.16149208345279,0.00872551335865978,0.0622949676131205,1.12528574084121,0.0132002888074692,0.0821312183876148,1.00867425853989,0.00163650247522326,0.0982831132327581,1.2517695448338,0.024989500509745,0.0615253769862144,1.00288309926358,0.00296698253335235,0.554356336770607
0.0793961131038733,10.5245245163215,0.178179527577965,0.0706595429834054,1.00288309926358,0.00550253112499719,0.089751058873504,37.2943387037601,0.06704227587478,0.07032532858338,3.24621921773864,0.0422678021409871,0.0985674336996069,1.00577451078852,0.00185284882011378,0.0922009904871665,1.87853138201008,0.0351463975698955,0.0627649530563625,1.68871705388817,0.0163307343001344,0.0911406722806512,1.00867425853989,0.00127675092419538,0.0678365516573015,1.33361741419236,0.013050209067216,0.082237332677483,1.00288309926358,0.00840679535845379,0.369055872758738
0.0761917430683433,9.46943128228642,0.15375876862659,0.0832249884973033,12.0301229939707,0.0174662742790422,0.0750132521540612,13.4209094274668,0.0400332672552876,0.083110761361865,51.1890764754063,0.107824254120266,0.0893723290180868,1.02035709353375,0.00222901332194959,0.0704459720798327,2.16937226517279,0.0235480832144632,0.0572612182722792,1.95579274466099,0.0146178036198862,0.0953798901088926,1.00288309926358,0.00264749202785952,0.0697417890335718,1.51371812544339,0.0143437781679911,0.0538890453343441,1.00867425853989,0.00341951749015884,0.379888252123494
0.0194719557489003,4.35566311243889,0.0155203855049765,0.0874964466873401,1.00577451078852,0.00843489585448152,0.0700471357697188,13.932723196473,0.0341274047101829,0.0980092745212066,4.62558101221893,0.0911535075734342,0.0997970390537788,1.01158236655188,0.00150032092265903,0.0858261187782886,2.28475538672293,0.0346284253745687,0.0896964781103412,1.31077872056062,0.0253070168682776,0.0921390943231305,1.0232988843187,0.00217181380110559,0.0990743541083362,3.18145405986858,0.0383331780455902,0.0880131962945029,1.12528574084121,0.0105122248788388,0.261689173534115
0.0995226441140754,100.408925880461,0.687536518423804,0.0785601328829886,1.54453302690677,0.0124788367126519,0.077303538201529,3.72728711692345,0.0350364419251742,0.0655835511009796,2.6460963359074,0.0335738297447901,0.09348198969172,1.01158236655188,0.00244510792110278,0.0477010774786822,1.52245910708953,0.0105889265510406,0.0628071060230803,2.47655776434198,0.0185844636159966,0.093090178673848,1.02035709353375,0.00123476670213337,0.0953277803071539,5.02834834499989,0.0380846647706352,0.0948248554826527,1.18513668643434,0.0127738230906869,0.852337379458016
0.0913093875277252,127.259189299189,0.560068983265429,0.0884111947642311,2.60078095318014,0.0180145184744142,0.083961112538714,5.92506573979369,0.0471549875878911,0.0420064057583725,4.61228334151361,0.0202522078520488,0.0910425848395281,1.01158236655188,0.00180142087181483,0.0966906824902799,16.5597876601153,0.0744379756907769,0.0991653768474032,12.9278969602916,0.0706501715076609,0.0911328638206374,1.00867425853989,0.00169203203391034,0.0802582434064484,1.1817296425721,0.0168372371476609,0.0661652848145607,1.00577451078852,0.00530212840613625,0.816211662837743
0.0980957078748298,15.7411733137127,0.332665052656358,0.0865201584006211,5.2653877364201,0.0185869460996856,0.0802174131308365,7.41681684421187,0.0438458604316698,0.0478054495636407,1.97844545312916,0.0177309907134953,0.0952189141941539,1.01158236655188,0.00172371984299616,0.0789726031266842,1.31077872056062,0.0215268679471878,0.0603263906849522,7.08292353206951,0.0203456840260322,0.0915676978740946,1.00577451078852,0.001078105822939,0.08773130151467,3.46844676966084,0.0291367201745712,0.0761147541509817,1.00867425853989,0.00656354946243965,0.493203497177375
0.0506233792611776,13.415264467696,0.103317824411529,0.0963629538664242,1.00288309926358,0.00216714762159128,0.0933958542235366,1.57597523020146,0.032007953026055,0.0914559074833648,9.02067029565308,0.106443510556744,0.0981565266460594,1.00577451078852,0.00327975158829509,0.075410940316119,7.31081832073186,0.0361857936921656,0.0570512544274078,1.12853005133194,0.0116013089096134,0.0907417171841735,1.61269369477906,0.00320487540680053,0.0976335269497543,3.0557743442915,0.0365408465441151,0.0806270014124606,1.00288309926358,0.00602644901190703,0.340775460768816
0.0952404852022015,56.8879022311707,0.551408920264393,0.0799268221057903,1.00288309926358,0.00605881166844147,0.0437876905281988,2.11997911696849,0.01060781325029,0.0543193844987953,1.57597523020146,0.0174442052545518,0.0884208566548593,1.017423759841,0.00193211673138508,0.0739472740748438,17.8983585267682,0.0375509050384689,0.0897551679837495,16.9456122371505,0.0551662989753756,0.0891463763873221,1.017423759841,0.00215991580538624,0.0575463913938494,1.00288309926358,0.00632515690195616,0.0962723251958738,1.00577451078852,0.00983529424116472,0.698489438131413
0.0570678595084586,8.9950707595437,0.100034521868329,0.087805045487537,1.26262771749805,0.0150454904803656,0.0914016910970897,1.1817296425721,0.0239397719355308,0.0902400053764259,7.92455244054436,0.0994863506202134,0.0916362045277629,1.017423759841,0.00111799238456654,0.0807211745440102,11.9266679922861,0.0448064944902612,0.0672318508936142,7.20633469066447,0.0256682643500122,0.0870807171828368,1.00288309926358,0.00102011764780209,0.0863948987869141,8.17952684419346,0.0317906989458357,0.0991052290387661,1.00867425853989,0.0100788069025252,0.352988509625442
0.0723572886775866,21.5492867752298,0.230284584754189,0.0910866885445336,12.2397329678754,0.0222679310467476,0.0914870479138073,15.9974592566334,0.0668229401771036,0.0920050712837845,10.2094477434412,0.1129838968702,0.090760703615233,1.00867425853989,0.00192373893640914,0.0790008200086857,1.13178371549186,0.0191443192115616,0.0844683234508397,1.76324060258228,0.0280698597456762,0.0953758263109701,1.00288309926358,0.00143884096413701,0.0833955755048461,6.34893199363231,0.0282079528194652,0.080150371250472,1.00577451078852,0.00172483335932217,0.512868897884812
0.0973821948387973,370.198685745876,0.717475390218037,0.0584031274459791,1.00577451078852,0.00415998419515488,0.0706595429834054,1.017423759841,0.0151860569691692,0.0917920974994158,3.50861959151272,0.0679161075952274,0.0958259501761117,1.00288309926358,0.00162475503101911,0.0999584902078165,3.71657187129828,0.0587474733263411,0.062629045524214,7.54604567969013,0.0221738737300148,0.0957727746646043,1.01158236655188,0.00119660732133418,0.054141049637392,1.08394875824941,0.00816572036475915,0.0763476459895113,1.98987000774274,0.00829637428433236,0.904942343035389
0.0942731660816865,103.612440027837,0.590810061521289,0.0976441443941604,1.07153781450759,0.0175925001447714,0.0832249884973033,20.4327857832706,0.052880042249037,0.0963715060417768,21.3344902474791,0.147455513243939,0.090041983958421,1.27725193454067,0.00262252709138004,0.0799139665792878,1.06538573309788,0.01838583454451,0.0722635307916097,1.77342245446464,0.0213645657664279,0.0900627583413937,1.00288309926358,0.00142437119877879,0.0944903353748895,1.00288309926358,0.00504088025360121,0.0932774737377973,10.8145512259435,0.015262963453353,0.872839259467087
0.0805872531425297,10.6758458227262,0.184054613520331,0.0788176408842802,1.00577451078852,0.00135830416543871,0.0874964466873401,1.27358007675926,0.0244250143360377,0.0987393315120147,4.29198469417562,0.0880043917442831,0.0944345778432943,1.0232988843187,0.00220385563538921,0.0828703845675653,1.96143148928283,0.0300476464087482,0.0951401654627614,6.92165665438525,0.0582438886139922,0.0925595067280001,1.00577451078852,0.00317581574233873,0.0951550202230199,2.16313573014221,0.0307823837095663,0.0766820989830418,1.44974067037263,0.00805149856680642,0.430347412442932
0.0872977321909634,17.6455651880953,0.295046165761607,0.0713904454944559,4.88564863828298,0.0115183227311174,0.0785601328829886,4.02857346483847,0.0371661978617801,0.0747205581166509,8.01633751167032,0.0669647519818002,0.0988932634056961,1.00867425853989,0.00149309090200938,0.0982907150531211,4.48139116082693,0.0601694659757057,0.0605596600322967,4.63891702142887,0.0195380527972231,0.0897184921796541,1.0232988843187,0.00222766732560453,0.0629368075094063,3.25557838997471,0.0137885455195216,0.056185405871227,1.00288309926358,0.00314623948449609,0.511058500340865
0.0726749243007537,47.6587103877338,0.285186343548524,0.0871313223393868,1.00577451078852,0.00486006715320508,0.088825381898051,1.1988633739507,0.0235049561283518,0.0843171362531561,2.97761447568876,0.0528715428264597,0.0981126454618489,1.01158236655188,0.00209851338423954,0.0950488349232568,1.7230944249062,0.0348465612263335,0.0651523241479329,2.80292774815717,0.0206255805614296,0.0881226092206057,1.01158236655188,0.00183298591162307,0.0695738351668943,1.00288309926358,0.00206620824602178,0.0774773581285404,1.00288309926358,0.00645048577651836,0.434343244762706
0.098807123928996,22.3641504066718,0.422746716824886,0.0909818499943324,1.47076025583445,0.0170768356963293,0.0884111947642311,6.66739199053658,0.0546073869741816,0.0738512192502774,2.77882351455518,0.041258118892141,0.0975975867874224,1.01158236655188,0.00306858252156325,0.0664305839996928,1.79913505645155,0.01953942830868,0.0516633206566011,1.00288309926358,0.00751798021820609,0.0895044558544941,1.01158236655188,0.00164910852799213,0.0953130449798482,1.36076598863131,0.0249417541203964,0.0675908816764358,1.00288309926358,0.00303796365102216,0.595443875735398
0.0655722208495893,9.28205556873432,0.124035894517999,0.0711565743101154,1.00288309926358,0.00202110054742562,0.0865201584006211,12.66997313217,0.0564109260675025,0.0611111235518367,1.441417191251,0.0180452664857867,0.0850182321996652,1.017423759841,0.00211666803395217,0.0856217905479607,1.31077872056062,0.0241241407680646,0.0877224452073806,5.07196553857306,0.044758360956372,0.0958134962480901,1.02624915657849,0.00301533753303271,0.0960143504408023,8.54049161663095,0.0419199481109184,0.0829799391130798,1.00867425853989,0.0062749947005183,0.322722637721572
0.0866850979578714,27.0016239415688,0.358248151395095,0.0928526203819415,5.20510035615579,0.0223029675912725,0.08875138155739,1.77853540743712,0.0325661072381396,0.0747015274523795,2.77882351455518,0.0419778255112205,0.0826157030543186,1.04112859832463,0.00192308223044503,0.0893905058557792,12.0648070327153,0.0581789734095978,0.0713186207952355,4.14623977579979,0.0268826141519734,0.0921767648271963,1.01158236655188,0.00129539279076417,0.0846356598846672,3.99392909131044,0.0275320576888802,0.0831987022859786,1.00577451078852,0.00868261599930295,0.579589788006691
0.0959473788445907,340.781476196303,0.677710748715886,0.0922728097355364,1.30325307163827,0.0169624601680938,0.087805045487537,3.55949057200184,0.0452529152121109,0.0912273309778065,8.96887940476934,0.105865858210925,0.0996402824702289,1.00288309926358,0.00288724172250984,0.095795728008431,18.5275056440599,0.0723695077530117,0.0934100826629257,2.81911328467833,0.0428168829941557,0.0921054218927569,1.00867425853989,0.00233135450704012,0.0698037280001,6.34893199363231,0.0184095780831536,0.0837040735878868,4.14623977579979,0.010989387773235,0.995595935140122
0.0837228841809606,317.305013692914,0.469605263559722,0.0519317518104429,1.017423759841,0.00500459760941171,0.0910866885445336,23.8009421380058,0.0680085498733144,0.0610153400576704,2.31788173275986,0.0276161579507162,0.077717456814264,1.00577451078852,0.0012979186752601,0.0917002138165671,33.7195655535441,0.0669280908702977,0.0827239621238739,1.03217524340486,0.0184932915741335,0.0981871675089408,1.00577451078852,0.00253192388740968,0.0836253329560561,1.00288309926358,0.00517872449064789,0.0995190322669334,1.00867425853989,0.0044870467871683,0.669151565278081
0.0967708406830254,17.4950701385557,0.350479800560264,0.0735469865553986,1.96708649096514,0.0112493021841355,0.0976441443941604,3.12697047724319,0.0532777401821564,0.0808157054872353,36.9736199650277,0.0984951069181353,0.0928547443170165,1.03217524340486,0.00223107505174361,0.0881713293872063,17.2905756504487,0.0582517502366499,0.0945852066295047,12.5972302899552,0.0624362820462338,0.091419709244545,1.01158236655188,0.00253546854510475,0.0857726880225889,1.00288309926358,0.00698285219357234,0.0839609565118947,1.05926897298544,0.00934810608798664,0.655287484005982
0.0934601715895917,17.3954538600703,0.329597984575041,0.0812188523947027,1.00288309926358,0.0114534638975172,0.0713904454944559,8.15601225127809,0.0341399209336576,0.0732205155695395,5.5136013085513,0.0572120057569518,0.0915168117176953,1.01158236655188,0.00228347502448329,0.093698132252467,8.34603823722249,0.0627043524312497,0.0748575504602984,1.57144459943409,0.0214071516135841,0.093387609537681,1.00867425853989,0.00245098801311683,0.064464414461972,1.00288309926358,0.00101485850677257,0.0747620118188392,2.27163778979815,0.00800622101342219,0.530270421765796
0.066760866148183,19.0596333781215,0.188784507389924,0.063476691650647,1.00288309926358,0.0059581879749506,0.0909818499943324,4.14623977579979,0.051653043974736,0.0998595713872718,20.4327857832706,0.159721718068036,0.0888356724962994,1.00288309926358,0.00108379587417674,0.0514157972282719,1.441417191251,0.0117014072890976,0.0664684019042508,1.0808326105459,0.0141531326183689,0.0781005328752413,1.00577451078852,0.00171033199330352,0.0844629990710514,3.17230798106454,0.0261390340579349,0.0704376889543961,1.00577451078852,0.005247009292832,0.46615216853336
0.0862289701861852,10.1700465856493,0.19246712234259,0.095583239341639,1.93897358646993,0.0206297456153844,0.0928526203819415,12.5972302899552,0.0681189389862012,0.0834015760831755,26.705865146348,0.103874323799592,0.0915071707484179,1.0232988843187,0.00241395508313387,0.0442697831058888,1.59882507273807,0.00958420220067231,0.0997158935060393,1.23387969717049,0.0276810650122834,0.0978970574314524,1.00577451078852,0.00156772885681643,0.0753322920416844,2.63848930932274,0.0194421547353444,0.0993654378305167,1.00288309926358,0.011238441390851,0.457017678022869
0.0713971023233073,13.074936320368,0.177660904012974,0.0493694691481646,1.13831921276723,0.00463457963077918,0.0922728097355364,3.78132852701561,0.0512926827213914,0.0350030604473691,1.60343464412786,0.0103065802284978,0.0896248351316323,1.00867425853989,0.00244420043005697,0.079276382902465,18.2102152272867,0.044207809569947,0.0986571875451359,1.6984685687346,0.0355640701184489,0.0963514771499119,1.01158236655188,0.00344916791481436,0.0893596941936869,1.39648494813358,0.0223283653155258,0.071228197574223,1.00288309926358,0.0032144631070337,0.355102823049469
0.0579014969546417,23.8139569614789,0.156401111010032,0.0851461120822635,1.11240149892777,0.0134206925538017,0.0519317518104429,1.90028922105573,0.0136172253447218,0.0981032648169278,13.6941201359897,0.14131357299859,0.0842008821499069,1.02920793476607,0.00100413203319052,0.0973672636401495,2.98619923379083,0.0504300456795097,0.0801126090726838,2.91820823764409,0.031448968748203,0.0907970328034359,2.48369792620856,0.00324137592899486,0.0488730586407818,1.00288309926358,0.00326311912861211,0.0924317660299426,1.00288309926358,0.00281345993460109,0.416953703360257
0.0629575266328483,17.3954538600703,0.164825876594818,0.0815355519403606,2.5933041997516,0.0147863684664878,0.0296444145193731,1.08394875824941,0.00485241249978854,0.0996838466318956,6.61005466738882,0.11457687265163,0.0882996429509379,1.0232988843187,0.001693283589836,0.0883805176917639,5.17521601544173,0.0491965256102884,0.0887808234597303,1.36076598863131,0.0257018622926875,0.095710837620615,1.035151107089,0.0016005069551396,0.0894748650073641,1.00288309926358,0.0171096998745362,0.0873614984038358,1.00288309926358,0.006304687728702,0.400648096263914
0.0905797984952041,170.280633726436,0.558248216623949,0.0775788806765592,4.23064516672908,0.0138778638116715,0.0735469865553986,4.54636621906863,0.0332923219500159,0.0931012325531487,3.71657187129828,0.0723447748610331,0.0989169181147977,1.00867425853989,0.00194796003567386,0.0957320941085905,1.87853138201008,0.0374472219197319,0.0880844349643831,1.84105289600553,0.0309810530362324,0.0941857003937628,1.03813555048354,0.00313630355548099,0.0832434319833958,5.05738459676651,0.0273351370691831,0.0650390602459703,1.00288309926358,0.00295600533568972,0.781566858198662
0.0808166636814635,14.2849392823464,0.228281560361345,0.0970254193982995,2.25210247070889,0.0221161213342827,0.0654665611445065,1.37652687910296,0.0170940504879765,0.0912330089731401,13.932723196473,0.119203089751429,0.0798092642676909,1.00577451078852,0.00109421523748901,0.0888734568529655,19.1787679790464,0.0598616845535016,0.0794075683149904,2.52697328239242,0.0294600079545867,0.0752352352786548,1.00867425853989,0.00147679224693797,0.0883403069821675,3.74881037659201,0.0300991722317681,0.0614341644881924,1.00577451078852,0.00461526818919906,0.513301962348516
0.0576821661758999,11.7977980246669,0.119875990438274,0.0959208926412649,1.00288309926358,0.00425279787086555,0.0702427753498967,10.9083594392703,0.0337432179953827,0.0456300192089538,1.50936647207927,0.0136145098617936,0.0944469699164781,1.01158236655188,0.00152364136844108,0.0987499397169671,3.45847564108692,0.0553752022847427,0.0463071928377173,1.00288309926358,0.00276169658769388,0.098659294551882,1.00288309926358,0.00293418431172883,0.0890361709726848,1.017423759841,0.018470346092232,0.0823082729637375,1.00577451078852,0.00803744105358228,0.260589027864737
0.0700427340370279,9.88378578253307,0.14268899219921,0.0986661820745999,1.00288309926358,0.00204692104948288,0.0876164913001715,1.03813555048354,0.0199339846675955,0.0732753006418095,8.76467231833321,0.0653642016901902,0.0808704235984641,1.00288309926358,0.00153645777596201,0.0908049600536927,4.73335188912938,0.051021020826045,0.0690557395668503,1.26626799854054,0.0166060995486982,0.0830145974792853,1.02624915657849,0.00149729337919766,0.0891514009294411,4.77441020717598,0.0321030994452523,0.0927752258309048,1.00288309926358,0.00165437210751726,0.334452442689151
0.0999887465067134,58.8707354161872,0.629413359734236,0.0585397852414076,1.00577451078852,0.00507955497539445,0.0812188523947027,2.54889290196729,0.0339355711839584,0.0243750752503475,1.7683242002651,0.00692576532959899,0.0945700029243001,1.00288309926358,0.00159145180746548,0.0634712031919521,2.23917234584048,0.0196137013451557,0.091300876206381,2.11388457789867,0.0357385294248021,0.0895041057166766,1.01158236655188,0.00131826808200001,0.0795914006944989,5.90803229623124,0.0249454855325996,0.0697757684997093,1.00288309926358,0.00377482050730671,0.762336507922517
0.0768274030147484,8.8170814218763,0.145826427947739,0.0641864181161009,1.00577451078852,0.00174888524829816,0.063476691650647,1.42081696649143,0.0166216881402553,0.0879164043710751,5.07196553857306,0.0789905303389151,0.0989795448990265,1.01158236655188,0.00156490068827074,0.0841056257881522,3.39924796097488,0.0391112668590469,0.094479820599646,1.10601480450688,0.0232871398427764,0.094980523531943,1.01158236655188,0.00331573397413503,0.0620220527908971,1.04112859832463,0.0101572161989647,0.0796738994672378,1.00867425853989,0.00308898562987358,0.323712774868275
0.0931488026506435,22.7505644058635,0.38254825722286,0.099719290565969,5.2653877364201,0.0270809701575289,0.0911622615712735,2.60078095318014,0.0425992904348631,0.0974236045760361,9.07276025359497,0.12414115713809,0.0851194380974777,1.0232988843187,0.00202568004389668,0.0907494776504262,3.20905081491668,0.0451030145356661,0.0984145440786635,9.72180569368846,0.0673764599477076,0.0920809842606726,1.02035709353375,0.00317962403309065,0.0852809442752587,1.11240149892777,0.0181784453743683,0.0589455186599918,1.00288309926358,0.00364380603363061,0.715876704921702
