years,Q,target,years2,Q2,target2,years3,Q3,target3,years4,Q4,target4,years5,Q5,target5,years6,Q6,target6,years7,Q7,target7,years8,Q8,target8,years9,Q9,target9,years10,Q10,target10,Sum
0.114992684029442,113.239529070391,1.04,0.190936876990939,6.42545597022062,0.2146,0.16089863024296,12.7512504643373,0.33,0.129661812111386,5.9277031020464,0.175,0.102743921814309,1.61734325078285,0.00384098863344921,0.164797500414704,5.11596107896008,0.197728273085696,0.198903031860477,31.7413509094294,0.838179903836714,0.185471646560405,1.01158236655188,0.0230263303330267,0.153648978701951,4.73335188912938,0.133806119475064,0.15386281835997,3.20905081491668,0.0635980964209646,3.01977971178491
0.137082003242107,34.9268431145398,1.04,0.18605408464807,7.90585736162312,0.2146,0.171957721877899,9.02563442555289,0.33,0.106369106036426,14.1440990055278,0.175,0.181323777694737,1.01449885892793,0.0166986359804085,0.183541412666414,25.8733827583896,0.62595684592213,0.109844309396993,2.43414579263315,0.0543942015957191,0.19817365903422,1.00577451078852,0.0159654290009974,0.0652579946503739,2.81100886708374,0.0145538415727509,0.19782924223462,4.8997344482741,0.164363751606449,2.65153270567845
0.142521265956832,31.8773741273602,1.04,0.176262611273692,19.1929428791772,0.2146,0.189021430867457,7.16849049713269,0.33,0.133504110025923,5.6282734253157,0.175,0.193384859222488,1.017423759841,0.0213312171520258,0.193328821687863,9.07276025359497,0.415474058799222,0.180801761020778,7.41681684421187,0.304934183133574,0.179689184604202,1.01449885892793,0.013240441161399,0.171154594697848,2.63090415150101,0.109155438071025,0.154904669405612,2.35826794741131,0.058306702343704,2.68204204066095
0.154550503535424,28.050139672377,1.04,0.176693757682061,17.8084168422602,0.2146,0.157193701727612,15.5989924644673,0.33,0.125745620368512,6.35186780125658,0.175,0.182209629118817,1.42081696649143,0.027161959267066,0.19186172016616,73.3611898536447,0.933863507986534,0.180394106909843,264.914528391194,0.716412289378013,0.198715692197814,2.012917411563,0.0468620920696942,0.154520206048888,6.76406156642458,0.160185807057517,0.149771587103711,9.97699489356779,0.0708461447460516,3.71493180050488
0.148702375123021,29.495602018995,1.04,0.183923665320645,8.87102875502857,0.2146,0.190438578493051,7.12732336743282,0.33,0.100050860444719,40.1145247025537,0.175,0.189722568419623,1.00288309926358,0.0127484839225289,0.162053289088872,40.8933710575319,0.43338481351402,0.170831237951925,31.2877147471334,0.466641725203415,0.135933735131741,1.01449885892793,0.00227380968490038,0.195733760090074,8.71435120329488,0.350256718096759,0.195111773337404,9.418754960271,0.193686375138585,3.21859192556021
0.130334051911462,41.2638249329961,1.04,0.1935802095182,5.89366155277994,0.2146,0.195613921757165,6.88523803959517,0.33,0.12230543937725,6.84569756904508,0.175,0.0954345263408821,1.00867425853989,0.00110199395734358,0.183989749785923,5.31106107095859,0.238191815730617,0.199939124956544,113.6354610841,1.08195651788952,0.162975814188059,1.00288309926358,0.00290168496988886,0.177478927613643,8.99473757437633,0.269685226793344,0.146425842495302,10.3873347090322,0.0652303883757784,3.41866762771649
0.116707811738676,89.9112737099501,1.04,0.191878989871069,6.20721013866976,0.2146,0.190265978915398,7.12732336743282,0.33,0.105573286462031,15.3317876813171,0.175,0.15657289836351,2.18189932872234,0.0162989148498028,0.160519392616315,40.4251521276738,0.415721903540223,0.123352184321371,33.9142795486171,0.148698539465026,0.181380573816504,1.00867425853989,0.0191457722695425,0.133496489979927,6.1865405227709,0.100589050457039,0.19428098926267,1.82522046182733,0.0852681019265016,2.54532228250813
0.150564363403245,28.9615569832397,1.04,0.171105968380043,337.881475615808,0.2146,0.17967850035838,7.95152127198837,0.33,0.129685579598348,5.9277031020464,0.175,0.157072132298485,2.25859550568368,0.016426991026764,0.192303561014652,7.22711126890421,0.338619526271224,0.123168284817714,47.3607809164382,0.149972598397369,0.199214766520529,1.00288309926358,0.0274974092721123,0.191519474837994,11.4225861207707,0.379548133376589,0.171791130742479,7.94739971184986,0.115573681116194,2.78723833946025
0.122253946989689,57.9916598558987,1.04,0.18911303899961,6.88523803959517,0.2146,0.176403060390738,8.32645674178507,0.33,0.11606320900791,8.23109717377527,0.175,0.169830924895674,1.00867425853989,0.0102560396728365,0.171334568115068,16.751589190816,0.427594326861041,0.191612721397525,13.3823268507784,0.511667080965207,0.103184441775436,1.00288309926358,0.00209508196887981,0.108099215823856,1.20231981606127,0.0284918409906051,0.129376316500759,2.65372529430481,0.0351679435600174,2.77487231401859
0.154368356653908,28.050139672377,1.04,0.199084677242788,5.13280987242209,0.2146,0.171392120224946,9.13019893034057,0.33,0.134825494219481,5.56381506816292,0.175,0.149242472487847,1.017423759841,0.00263211813730517,0.187458717073935,36.235961115318,0.743117357018199,0.19219654341519,12.8907317012169,0.506442353233865,0.121898770784198,1.01449885892793,0.00520662717193799,0.161901643941039,7.67752616736229,0.19131717025648,0.169920499123555,3.45847564108692,0.0881895732541729,3.29650519907196
0.152566698626432,28.5022055025463,1.04,0.190118519404525,6.61317789021976,0.2146,0.194056752113579,6.92500689429393,0.33,0.120885920654177,7.08639265188016,0.175,0.179739537192682,1.90576794350953,0.0272359550567282,0.153970624809883,26.4000896312366,0.338618475218739,0.190667910982281,266.444280193424,0.916658618334783,0.148403554700356,1.01449885892793,0.0052567278853744,0.182030062402568,3.78132852701561,0.165312396567671,0.148337139942331,5.01389279437678,0.0627574947045805,3.27543966776788
0.141638563084404,32.243497093466,1.04,0.177200049023369,16.3345266305675,0.2146,0.187622514337041,7.25153946893524,0.33,0.109362847862406,11.4295469118117,0.175,0.179289449437059,1.00867425853989,0.00243714716712683,0.151195168943734,36.7613412036469,0.333413718558859,0.119587942192863,2.44820179377353,0.0637107948695343,0.158822066009942,3.02078648791353,0.0206562818150091,0.127569722330551,5.2653877364201,0.0851981851766522,0.0836948449140859,1.00288309926358,0.00277679633565722,2.26779292392284
0.114407270480774,124.072304400107,1.04,0.196543083659718,5.43710454646936,0.2146,0.168275761711634,9.89686733905512,0.33,0.124178498457112,6.57519980375318,0.175,0.195221018839167,3.12697047724319,0.0420157529371811,0.190542189279287,138.607090185066,0.964830700382682,0.113255231253451,1.54009278652809,0.0399638181794945,0.199796136007851,1.24817094410403,0.0413338358555513,0.139747330248386,8.58980877761041,0.125703559185718,0.162182351815689,1.85168407581574,0.0582702932050103,3.03171795974564
0.114558698370393,120.717938478964,1.04,0.199103168370664,5.13280987242209,0.2146,0.168664316852234,9.78352248861393,0.33,0.111604940512212,9.95403124201917,0.175,0.16120582750755,1.00577451078852,0.00977783380894087,0.0946613781350709,1.21624552488348,0.0257263912089545,0.158973450253123,4.46850800867783,0.16367209036698,0.112918927144511,1.01158236655188,0.00450759895553783,0.199921462152443,6.33068001474387,0.295579009519095,0.0898133136665341,1.00867425853989,0.00538565155822207,2.26424857541773
0.11620480978986,94.1136348416669,1.04,0.195383617486937,5.59595143755845,0.2146,0.169512402825796,9.56071220046713,0.33,0.105531491136394,15.4203434629857,0.175,0.171493216832607,1.00867425853989,0.0164027449441274,0.144779317863034,6.80312071291408,0.1823567664763,0.156052773469444,17.2408685151293,0.298090202282854,0.187445121822412,1.01158236655188,0.00819252846231918,0.151293511026324,2.0657547958787,0.0741069324055414,0.158153624910478,3.46844676966084,0.0706304344327852,2.40937960900393
0.111590072598577,225.713662786702,1.04,0.177879982477722,14.8110310584131,0.2146,0.152516646613865,22.165260329156,0.33,0.130216761582186,5.89366155277994,0.175,0.17669617463267,1.01158236655188,0.0117087547298308,0.179271617981802,13.6941201359897,0.449028001324585,0.187971062882305,17.5918424880948,0.554085253705561,0.19110638276576,1.71320152422168,0.0386844974166229,0.0891904167826264,1.1715671660767,0.0202038454347802,0.192614429070857,3.82512526006857,0.135226364204002,2.96853671681538
0.151344990164603,28.7637924542932,1.04,0.181871594506076,10.3040154985797,0.2146,0.163710923746991,11.3639094334169,0.33,0.13446357682249,5.56381506816292,0.175,0.162566904922442,1.11882507338448,0.0169620287903689,0.184266796127664,6.94161247758823,0.305793485977561,0.19394581978643,24.8512842698056,0.69655255617678,0.145628430723366,1.00577451078852,0.00209981548645212,0.174572697937914,3.86942926293753,0.156888443779625,0.170372238618993,9.94831291991456,0.115388699897201,3.05328503010799
0.139026201619887,33.5967057749668,1.04,0.172896850068761,49.073317969944,0.2146,0.159842567427833,13.1995850943453,0.33,0.0996425730354082,47.4065028618884,0.175,0.188209696746215,1.017423759841,0.0147995328406161,0.187462030003545,8.44270511134198,0.370865940280001,0.195853844060127,21.6438160118766,0.689414447012683,0.134789255280317,1.01158236655188,0.00310957527106056,0.135390855987385,14.7585013912184,0.125666046900554,0.164268547780749,1.92229906736858,0.061661215250306,3.02511675755522
0.148797478100611,29.495602018995,1.04,0.178809271214423,13.7426040713143,0.2146,0.181330819783742,7.77043304452438,0.33,0.125420071675929,6.38855593116599,0.175,0.168270354324672,1.01158236655188,0.00495930748115804,0.0991842218010591,2.0538945595859,0.0422490039844198,0.153555653560061,62.9795857825214,0.339765031955029,0.152952288350009,3.18145405986858,0.0180487392033995,0.140553021990837,3.81412874828321,0.0966262915411569,0.1103038023955,1.00288309926358,0.00902005368634249,2.27026842785151
0.121634901212114,59.8759500339751,1.04,0.171699954256217,100.809567353382,0.2146,0.17548212392954,8.47157152646274,0.33,0.129924068695437,5.9277031020464,0.175,0.197295673654474,2.49085867387056,0.0422974081480514,0.160914062729942,9.58286508470002,0.280119065315754,0.171569074924511,120.370518157282,0.558329368000201,0.167128697486727,1.91677282105974,0.0241906598195734,0.171848974327406,14.9724828208773,0.287984560027417,0.171680726115133,1.41673238639154,0.0559455085555767,3.00846656986657
0.140579358145997,32.8380604164296,1.04,0.172738700993139,54.433709841861,0.2146,0.187185075078428,7.293424065782,0.33,0.135849142658124,5.50009492671021,0.175,0.167594748060365,1.01449885892793,0.00955744500249308,0.183534098685317,9.97699489356779,0.398410646443818,0.113875106602397,54.3793307588897,0.118623681656284,0.121721382005226,1.00867425853989,0.00257231810228247,0.101690038906029,2.44116367657533,0.0370990798016756,0.142267318671598,2.96905439714284,0.048891738601658,2.37475490960821
0.110902884084835,312.897711289068,1.04,0.185282404987175,8.18382771794484,0.2146,0.15356830441362,20.3307816931193,0.33,0.13294086127557,5.66078210355879,0.175,0.112682252608849,1.00288309926358,0.00424946470347068,0.199265596159108,20.3740453880163,0.741962161128411,0.161734135213771,396.414505213178,0.446966437330269,0.185571772095999,2.44116367657533,0.0379327363166604,0.163557511619066,13.0025492407616,0.232553725651839,0.196765159710924,5.87411217212038,0.174203738768624,3.39746826389927
0.116040046423677,96.0682380646005,1.04,0.181346196460345,10.7898773556513,0.2146,0.169703060815698,9.56071220046713,0.33,0.12824459764124,6.06584691482126,0.175,0.161504599909653,1.01449885892793,0.00953271726401878,0.19276063536246,9.86276078296599,0.439341760141422,0.18139470274112,6.862132740856,0.290333397330583,0.152494462101999,1.17494491051044,0.0157542031137962,0.132502710427216,1.29950646550457,0.0404664289621914,0.195072469801696,2.03037797761035,0.0938148598878097,2.64884336669982
0.128837701641674,43.2912174176546,1.04,0.175028821109204,24.5864229124585,0.2146,0.154939475605685,17.9112775331676,0.33,0.129893293728505,5.9277031020464,0.175,0.16082177387634,1.017423759841,0.012951239313461,0.165287611924152,131.607251678295,0.525963503214439,0.180226196432093,7.45964533309522,0.305577334049681,0.185600239482762,8.58980877761041,0.0426000937818305,0.189665243465278,5.31106107095859,0.234663176830296,0.156750786173212,1.06232295058138,0.0380278979382465,2.91938324512795
0.150463033693243,29.0277801933518,1.04,0.171108088427717,248.99928444161,0.2146,0.176237307910955,8.37455001705244,0.33,0.109969425377489,10.9148811093176,0.175,0.187104809241902,1.01449885892793,0.00238751702609851,0.175051994019067,7.81129753947542,0.304777077056394,0.163624683916338,8.94309557251015,0.270159563394609,0.137909600543604,1.20926262481036,0.0111813344801126,0.131640891538952,1.1715671660767,0.0361932250572394,0.179006466159425,6.49685502569923,0.12783366001931,2.51213237703376
0.138783303851398,33.8276988438502,1.04,0.193184877444604,5.96194127391598,0.2146,0.161831128279715,12.2474033807505,0.33,0.115584995708987,8.32645674178507,0.175,0.151507857304142,1.00577451078852,0.0126737634902941,0.175165519451617,5.25025074237118,0.222355778449491,0.118187162979938,2.60827926283097,0.0652533503420566,0.199667448368687,1.01449885892793,0.0254212831932821,0.179011182790275,8.10918567113405,0.265575838382195,0.184931892307029,2.16937226517279,0.0881177604899466,2.43899777434727
0.155719398907456,27.7950429029008,1.04,0.18264272257323,9.67147573126437,0.2146,0.1559883198474,16.8117454794054,0.33,0.143983454482431,5.13280987242209,0.175,0.190479607719349,2.23917234584048,0.0356235158730419,0.128190474982163,1.88394737445416,0.0563910552637561,0.191484466592552,8.08587329578959,0.364771727838786,0.178797600220226,1.017423759841,0.00875158508257313,0.104142335800978,2.76286929599819,0.0409941357553802,0.188344215762183,1.66458250694606,0.0749659682991169,2.34109798811265
0.111842855598731,210.765854198472,1.04,0.197132116678313,5.34396902219665,0.2146,0.169335772572388,9.61593448503166,0.33,0.142755919067488,5.16245677334822,0.175,0.189906449180565,1.00867425853989,0.0129806572996423,0.181516060883903,5.2653877364201,0.232916287842207,0.181241941088206,136.626166668673,0.698186787823428,0.19068216036435,2.74700667630971,0.0426470031168351,0.155243655789975,3.40904833026788,0.113884924189948,0.144563517620962,6.02830266228601,0.0588597507829652,2.91907541105503
0.131590570095207,39.783113123507,1.04,0.186374619879449,7.77043304452438,0.2146,0.179596978296845,7.95152127198837,0.33,0.116035504007497,8.23109717377527,0.175,0.135673841231883,1.00288309926358,0.00619018319338073,0.158247892981016,27.2495189410318,0.375653069145099,0.132348832479946,7.08292353206951,0.13851840999951,0.161863495736776,1.017423759841,0.0142656029455701,0.176744353442804,13.4209094274668,0.308600168590895,0.179289625029229,1.63607591315362,0.0676311112666443,2.6704585451411
0.141610828049749,32.3172247554147,1.04,0.179656748391978,12.6780227210752,0.2146,0.15481821108137,17.9112775331676,0.33,0.109532223153768,11.2337631385307,0.175,0.144361928372116,1.017423759841,0.00608993427229994,0.188989612247342,27.884402330579,0.711495268315366,0.183822091684324,7.97031285410644,0.332319351283335,0.175961539529952,1.01449885892793,0.00651115293464114,0.147880631823758,15.4097981223956,0.170265519535,0.195652470159268,1.87313095952011,0.0879166968913622,3.074197923232
0.121285788783357,60.9800499929407,1.04,0.179536208463166,12.8249011680643,0.2146,0.190069241254693,7.12732336743282,0.33,0.108172665483297,12.3181438842284,0.175,0.18379451445977,1.00288309926358,0.0062056476432584,0.191665562643662,151.110563018577,1.01210537837454,0.180827381993175,4.80198009042612,0.211439072800376,0.190742781847767,1.01449885892793,0.0103091032644364,0.180019618531048,6.88191695070772,0.247275385650233,0.185840366009595,1.35685404373703,0.0612243450004699,3.30815893273331
0.115971571017192,97.6165072818245,1.04,0.186754275665479,7.59346892677529,0.2146,0.162561264269735,11.8997481209338,0.33,0.105689502350722,15.3317876813171,0.175,0.183907532910609,1.00577451078852,0.0118158068398862,0.166026867637612,10.2684023095805,0.316286726032551,0.123533728924025,101.566780891269,0.15663872064079,0.178599323611059,1.01158236655188,0.0229907387567654,0.167356041803364,2.33798763817471,0.0946716216445597,0.133531608869883,4.63891702142887,0.0437305479061486,2.4057341618207
0.157328397211978,27.5422660634698,1.04,0.179929336145764,12.3181438842284,0.2146,0.152568898725901,22.165260329156,0.33,0.135666420832555,5.50009492671021,0.175,0.197578974967277,7.37423424898408,0.0476452744512937,0.149027253275147,195.241728182915,0.346361551670819,0.116600377850714,5.95928009583079,0.0936666780497644,0.16348059485003,1.24100474879353,0.0202178003950766,0.0928718363153683,1.05318733137807,0.0202562929369728,0.194136307191801,1.68871705388817,0.0792381163436267,2.36698571384755
0.117948663125517,79.6603844745739,1.04,0.186168608229476,7.81531474954562,0.2146,0.154077595992942,19.5274404763682,0.33,0.113385927452322,9.13019893034057,0.175,0.075999619250682,1.00288309926358,0.00158946594607249,0.158243212678762,3.53905426496764,0.134605765827143,0.180454603294893,68.070390112422,0.653027153982228,0.185487187007144,1.01158236655188,0.0269303003924179,0.105845438109072,1.09966477838038,0.0256312095925704,0.132745670278897,2.07768351923393,0.0357232968804087,2.63710719262084
0.127600541627375,45.3146047184233,1.04,0.19658350253662,5.43710454646936,0.2146,0.169917098457154,9.45121719994339,0.33,0.108302098599118,12.1071387841942,0.175,0.175026319998689,1.01158236655188,0.00415046305593662,0.188410296779979,24.8512842698056,0.67058263702824,0.197331019637369,16.8968968064112,0.631687398130299,0.188688424755597,65.7588922489258,0.0492113336153669,0.183660962310139,15.9514695864158,0.371369361215089,0.125693350438,2.15691712397049,0.0310522195902234,3.51765341263515
0.156248964910021,27.7316320270443,1.04,0.183580296741773,9.13019893034057,0.2146,0.160130090608956,13.1237826598188,0.33,0.114359479444766,8.76943242226474,0.175,0.138889716623164,1.00288309926358,0.00747881833874961,0.176429134183667,16.2761951447872,0.465902992217482,0.194316757580087,47.3607809164382,0.852731139568251,0.147730385997486,1.01449885892793,0.00606409801715442,0.13324857384862,14.5895202202118,0.11832713425471,0.169153025069611,4.46850800867783,0.0945853219180271,3.30468950431437
0.111921144985417,206.006562079274,1.04,0.179286695593524,13.1237826598188,0.2146,0.16229636952227,12.0376100385228,0.33,0.110883383846841,10.3040154985797,0.175,0.193041845415291,1.00867425853989,0.0035545069942171,0.18192738404918,7.45964533309522,0.318379185405692,0.137803271350081,17.1913042784243,0.198971739184466,0.181154245405591,1.00288309926358,0.00566626977412937,0.182661357000767,5.29579277470977,0.216319021899675,0.180090420278683,1.11560866287013,0.0488889457934619,2.55137966905164
0.120485452828859,64.5633077355281,1.04,0.180864289723339,11.2986488972231,0.2146,0.161543466909666,12.3892929819754,0.33,0.135537292382869,5.50009492671021,0.175,0.162626110086313,1.00288309926358,0.00904674877302415,0.196152191887656,18.8503244528549,0.681300515891115,0.186333516824779,14.4224738415937,0.494381446386208,0.18846406122348,7.99329205722658,0.0460694833516049,0.175719170865357,3.35066711121492,0.141250991543834,0.115684021044688,1.00288309926358,0.00518497266087614,3.13683415860666
0.112483179963681,177.584993795008,1.04,0.175917576274547,20.5663194979376,0.2146,0.156392816340405,16.0547224280766,0.33,0.128611901687174,6.03101203476082,0.175,0.181686895302282,1.27358007675926,0.0259462378651707,0.124540186982596,4.44285270778494,0.103558133211481,0.144812662415783,92.3615840827968,0.279175931319653,0.191985369287037,3.55949057200184,0.046403885675538,0.165577875375009,6.53437118513655,0.191118295719205,0.163237877473088,4.99947880072813,0.0862421061176212,2.49204458990867
0.125949864231854,48.3072095893017,1.04,0.199776186679551,5.0740258605321,0.2146,0.19419006049355,6.92500689429393,0.33,0.115228192563915,8.47157152646274,0.175,0.112332813856638,1.00288309926358,0.00199344440746048,0.186482286500828,14.0940971036004,0.510511475034465,0.155295892582014,3.98244730043134,0.143902658430753,0.182750279711281,3.42873391662958,0.0373203135611832,0.0482092055247505,1.00288309926358,0.00235041817410259,0.163327765705533,3.36032741709575,0.0776451984252127,2.53332350803318
0.147451828639217,29.9025884608853,1.04,0.187014479179611,7.50650397409388,0.2146,0.196260422345195,6.84569756904508,0.33,0.124486092694293,6.49989667874954,0.175,0.129935611221602,1.01158236655188,0.00272258611713781,0.192986822464513,6.76406156642458,0.31976619039645,0.105027171013015,1.75311720834914,0.0401946848675207,0.19287591890812,1.01449885892793,0.003780476464252,0.183878876422671,7.12382395041967,0.265489149718064,0.185332950431363,1.37652687910296,0.0618000054326055,2.45335309299603
0.136095476729804,35.5708867752697,1.04,0.179096913568301,13.3525059876274,0.2146,0.148816040033491,36.1642230827288,0.33,0.125625663465867,6.35186780125658,0.175,0.180061391146583,3.16318819550752,0.0297244947443658,0.19771658060071,6.74461616851603,0.327466605037425,0.194412231257042,36.0279175169288,0.79237027415677,0.0899083613358071,1.02035709353375,0.00104002434187619,0.163264904147996,3.9368492691367,0.139543494913788,0.173519097469439,5.6910027726913,0.111205474709533,3.16095036790376
0.132422270812632,38.8847728421275,1.04,0.180073606119628,12.177069125071,0.2146,0.169027816422501,9.72733778147489,0.33,0.114265428984723,8.76943242226474,0.175,0.180331390060219,1.01158236655188,0.0047834727506595,0.183524497251455,36.235961115318,0.690287065034927,0.182648258171069,9.2308418493486,0.364171055812335,0.183849695719625,1.33361741419236,0.0316503405937923,0.183272321321601,3.62151028088471,0.160797865429011,0.17921229564593,2.69996316651677,0.0932113611883469,3.10450116080907
0.117758326509851,81.6871071808705,1.04,0.185204313218662,8.23109717377527,0.2146,0.162644391523019,11.8314103761204,0.33,0.126960991912187,6.20721013866976,0.175,0.190052049900915,1.01158236655188,0.00800901805636961,0.147033224730531,12.4888983567305,0.241280776937942,0.173009095537409,6.15102138343189,0.244241057785921,0.195250754386197,1.65502554408647,0.0420952415093176,0.195995346507071,5.38806539618403,0.251578280277836,0.102498746698281,1.00867425853989,0.00160114218229986,2.54840551674969
0.110023138868412,485.122030182186,1.04,0.179038434928887,13.4296295187868,0.2146,0.183703313755804,7.54986123554579,0.33,0.100898169094678,32.7912429540095,0.175,0.199774247390109,9.02067029565308,0.0508657942498078,0.1817069065057,18.2627170853981,0.534531636982759,0.0914164561458525,10.1800975118018,0.05550056171869,0.146560647223786,1.017423759841,0.00911192401169446,0.151569701889237,3.86942926293753,0.116625349172024,0.112725269684265,1.65979714701382,0.0214557836617643,2.54769104979674
0.152680403326515,28.4371813246353,1.04,0.174330091372469,28.7229547842946,0.2146,0.186386687374818,7.33555058635551,0.33,0.136077198877081,5.4685090410485,0.175,0.194685476463539,5.45047194460812,0.0438472376903883,0.17927527582285,70.260571482953,0.696952509621622,0.156512493627325,33.5259694810802,0.341517851546248,0.138960107398224,1.00288309926358,0.00189997693405372,0.1386392227434,1.70827639380871,0.0554021307322688,0.192801668789567,3.62151028088471,0.131836905770863,3.03105661229544
0.150094880425551,29.0941548288019,1.04,0.189533935228582,6.76729654167483,0.2146,0.15094689552506,26.3457371864337,0.33,0.135671867304604,5.50009492671021,0.175,0.129738865731124,1.00577451078852,0.00125550820891154,0.142761708143611,3.03823005207779,0.102105276889614,0.153608846829049,6.34893199363231,0.193164674115873,0.109267287259095,1.00867425853989,0.00340699233371138,0.186802311309631,4.55947384416678,0.201681284430954,0.157527206073046,1.5896456468007,0.050155492849874,2.31136922882894
0.151252185782816,28.8295634579869,1.04,0.19267487568551,6.03101203476082,0.2146,0.164335470484898,11.1051073569377,0.33,0.12694923029834,6.20721013866976,0.175,0.183203023322443,1.01158236655188,0.0115458133285706,0.181897225232799,128.241032730368,0.777190488963924,0.165783807842055,4.08698318318596,0.162396613042403,0.153745601363808,1.01449885892793,0.0128084866959101,0.189902375784786,6.44098426295101,0.26934554355551,0.17556622104192,8.39423252506469,0.127760001352579,3.1206469469389
0.148662883877512,29.495602018995,1.04,0.181381798506642,10.7898773556513,0.2146,0.163066849249549,11.6287428351806,0.33,0.135295868877271,5.53186325116201,0.175,0.174189523676544,1.01449885892793,0.0102654622786018,0.178437267284459,65.7588922489258,0.672441967855264,0.184579706980462,45.0986499114755,0.672713325358324,0.197356173936953,1.01449885892793,0.0328315124424698,0.130103792303636,6.76406156642458,0.0962884730605638,0.199078199831697,15.8598865007128,0.236367198391086,3.48050793938631
0.135357525184606,36.226806466008,1.04,0.18055690715095,11.6287428351806,0.2146,0.171035655381821,9.23597484422661,0.33,0.136837539047354,5.43710454646936,0.175,0.192041009279698,1.00867425853989,0.0214296243111262,0.194865165405134,25.1391209535034,0.757506353381705,0.165742597488082,14.0131778568844,0.339832371146671,0.125414480258235,1.01158236655188,0.00793294834355766,0.166239997875903,2.16937226517279,0.0873243248818623,0.166409289287316,2.50524216415549,0.073471364827126,3.04709698689205
0.136389682703842,35.4087709489502,1.04,0.176814078554076,17.7061468586161,0.2146,0.171518230000866,9.13019893034057,0.33,0.143709717502839,5.13280987242209,0.175,0.121685480859784,1.00577451078852,0.00461488062023864,0.166809621126389,7.78884153617836,0.273494414756968,0.198456940360631,42.5752580898973,0.887871906076198,0.17480741558686,1.00577451078852,0.00193071750778109,0.158516803473724,8.10918567113405,0.184405233387021,0.174224180483832,1.35295334494457,0.0553871626559226,3.16730431500413
0.122776959523592,56.4238220658969,1.04,0.197290512767926,5.34396902219665,0.2146,0.178129695253126,8.13682972063414,0.33,0.114198009783808,8.82008430703416,0.175,0.196459380053719,1.01449885892793,0.0115080932497231,0.162639234404464,11.9955386652786,0.32170602660094,0.187395029174896,25.7248344244728,0.632493350947924,0.186380724106397,1.00867425853989,0.0213440006851916,0.194621961198263,3.84721348715026,0.183312094117203,0.187658160035134,2.6460963359074,0.103483651262936,3.03344721686392
0.145273033425738,30.6633713193971,1.04,0.17287834916585,49.073317969944,0.2146,0.157088995618016,15.6890916100885,0.33,0.117939751337869,7.68144139281058,0.175,0.115767821690385,1.00867425853989,0.00209860708435037,0.196972107632039,9.91971340151178,0.459428947660754,0.152804920283879,4.12243473196511,0.1437431789788,0.174192174607626,3.11798102843626,0.0300556581077544,0.17539468278052,14.716073490575,0.309209109784979,0.0929151955136764,1.00867425853989,0.0100577992448195,2.71419330086146
0.129483224356654,42.4104148257264,1.04,0.195952625210847,5.50009492671021,0.2146,0.15471359347265,18.0147323432395,0.33,0.126190719615054,6.27912240806387,0.175,0.171777267748477,4.57261925984919,0.0250523916971845,0.184863087568947,6.68661474347447,0.297697570383073,0.145334047693295,5.35713058780925,0.15420460589344,0.0932393902398004,1.01449885892793,0.00296086327912543,0.172698049136509,2.63090415150101,0.110357962660995,0.0809472955891557,1.00577451078852,0.00335409141844467,2.35322748533226
0.147252641195119,29.9709634242785,1.04,0.19022845541637,6.57519980375318,0.2146,0.184702591356666,7.46339570425412,0.33,0.132121754958076,5.72636385099737,0.175,0.150108966450005,1.00288309926358,0.011212235428803,0.0893713798201658,1.7683242002651,0.032218111037866,0.153890922822722,13.0025492407616,0.261592349281138,0.132681173346823,1.01158236655188,0.00825645693642713,0.119639967137978,1.32978351631576,0.0359307324422338,0.193730072712508,8.56511470172144,0.184641516675741,2.29345140180221
0.153521796693639,28.242997504598,1.04,0.17151219479181,125.472708992008,0.2146,0.194469775157751,6.92500689429393,0.33,0.142007108070701,5.19227491356753,0.175,0.137820126315974,1.00288309926358,0.00127499819019116,0.196779968629273,10.4172824260824,0.476155584647583,0.134078838980562,5.08658851868221,0.124625008010037,0.199497694212195,1.00867425853989,0.00156486265595654,0.182300902578164,5.90803229623124,0.232879756735149,0.197347434338536,2.92662172166501,0.12514335153865,2.72124356177757
0.123560318063413,54.1511824096624,1.04,0.188934253473335,6.92500689429393,0.2146,0.160855315101626,12.7512504643373,0.33,0.121350781995491,7.00523504030693,0.175,0.1455335957523,1.01449885892793,0.0109296974077183,0.199825275004659,7.85640396138943,0.384342863028566,0.160774648536158,8.41843393067599,0.252118814841632,0.190366190788528,1.00577451078852,0.0184479123224661,0.176486859289192,5.79016143825715,0.212176580230912,0.184969096774178,3.25557838997471,0.111432730578657,2.74904859840995
0.151064890668142,28.8295634579869,1.04,0.19001526978693,6.61317789021976,0.2146,0.189945201993366,7.12732336743282,0.33,0.106145866037939,14.4737241117876,0.175,0.185786489054945,1.00288309926358,0.0216067269336442,0.0975379280794782,2.0538945595859,0.0411355058072792,0.14478814970999,5.3417298504113,0.153327961968579,0.0971691118848234,1.01158236655188,0.00267124558416602,0.0969544232510159,3.04698957090351,0.0357719201389656,0.185810471300857,9.44591016576076,0.160363252128775,2.17447661256141
0.154449453489116,28.050139672377,1.04,0.192893812511581,6.03101203476082,0.2146,0.166972021152459,10.2448417098122,0.33,0.116560312854343,8.0436418748083,0.175,0.136689238353764,3.40904833026788,0.0100054577682895,0.177134207651562,26.4762037102107,0.554226827851388,0.175445456155634,5.29579277470977,0.221824105142381,0.183463397773668,1.01158236655188,0.020576166993609,0.157087147138249,7.08292353206951,0.170849725457503,0.1856540818711,5.72386552959968,0.140775600569662,2.87785788378283
0.138620932026226,33.982575875828,1.04,0.189781297396157,6.68979340981204,0.2146,0.185364252780446,7.42053499612018,0.33,0.113072145065204,9.28932145903777,0.175,0.198636389212518,6.25819530279368,0.048507930476334,0.157972425946578,5.23515726431772,0.187786470770815,0.197907318347848,20.5507751252155,0.700562183820714,0.110621518772131,1.00577451078852,0.00237403517521274,0.189221851269544,9.58286508470002,0.336158521127335,0.17100603532694,1.07462716439149,0.0440341908692986,3.07902333223971
0.14022390836223,32.9884064791838,1.04,0.189547123227922,6.76729654167483,0.2146,0.180183659463521,7.90585736162312,0.33,0.141454019049248,5.22226528215118,0.175,0.17857658499451,1.01449885892793,0.00657613339409695,0.191961848569901,9.2308418493486,0.41533428079589,0.180047701072157,6.84240540686637,0.285961792473971,0.143819982917906,1.00867425853989,0.00651793120876285,0.161540522033608,4.27964604980107,0.144040144664478,0.159229319092153,1.73804099143649,0.0541403601257172,2.67217064266292
0.120745591988459,63.9761487615482,1.04,0.187360792917531,7.42053499612018,0.2146,0.158143400142709,14.6414062627396,0.33,0.10516579463388,15.9625235417481,0.175,0.12190882651326,1.01449885892793,0.00203317320424874,0.137643551428701,8.15601225127809,0.172881354493604,0.190097571447043,25.2842870786632,0.657230679412452,0.182176526212904,1.00288309926358,0.021415295943917,0.191906313459576,4.13432012050498,0.192811282037829,0.199488218983178,4.30435891208667,0.159214161715434,2.96518594680748
0.111622945260946,227.265549808162,1.04,0.188888436235084,6.96500545227891,0.2146,0.188700790958392,7.20989540649827,0.33,0.119355221609666,7.37792042799738,0.175,0.196117670480458,1.00288309926358,0.0139850244306439,0.156330348435636,3.62151028088471,0.135475404859671,0.178920329426638,15.2772790540943,0.445620984964098,0.142659645245635,1.00867425853989,0.0022852422646171,0.174163444613177,2.7391095515787,0.115760793274012,0.189283273166567,4.88564863828298,0.144330819728051,2.61705826952109
0.129559646002094,42.4104148257264,1.04,0.179769969077769,12.5328264140034,0.2146,0.183163496540707,7.59346892677529,0.33,0.0989335917766839,65.4497442690774,0.175,0.171612379741918,1.01449885892793,0.0198731328853685,0.159100466004541,150.242983290666,0.447071279874232,0.179108362292466,15.9974592566334,0.459689434222759,0.13106053029705,1.00577451078852,0.0077751444394928,0.154516084509785,7.41681684421187,0.166056822569882,0.147830931133027,5.11596107896008,0.0619279222267465,2.92199373621848
0.132259890284254,39.0628032258884,1.04,0.18511231818601,8.27863965605879,0.2146,0.148584840117746,39.6551091473924,0.33,0.109963349432388,10.9148811093176,0.175,0.111372282557628,1.0232988843187,0.00464295527940474,0.189583081490786,10.9083594392703,0.456438316242755,0.181827908785129,22.8607130534172,0.543252722445746,0.198340064211793,1.01158236655188,0.0198186652125727,0.187404368647661,4.81582467568853,0.211353990890198,0.13442805691493,2.08367368705817,0.0372490710370338,3.03235572110771
0.131670815036702,39.783113123507,1.04,0.175527729422805,21.9114104965849,0.2146,0.163027009408634,11.6287428351806,0.33,0.108934535670608,11.6959099805258,0.175,0.186585088090422,2.0538945595859,0.0324926361444857,0.125387748730271,2.04799000112185,0.0597757452164085,0.1848332668065,60.4916490468777,0.713925051981082,0.194794508682665,1.55345194953386,0.0403077709909258,0.167572221998187,2.76286929599819,0.111046955633539,0.18625896257012,1.95017021036364,0.0829118231672505,2.80005998313369
0.120148951487755,66.8135534222751,1.04,0.172323019294853,65.4497442690774,0.2146,0.156439733254529,16.0547224280766,0.33,0.114407612979678,8.76943242226474,0.175,0.155807910777188,1.01449885892793,0.00943767404548791,0.168254195624291,6.96162583541039,0.258906709069298,0.150559408346308,8.370100693918,0.210735458546388,0.148216642361865,1.00867425853989,0.00468675208174396,0.178422482284166,5.46618619625777,0.209519343802895,0.113524094225187,1.00288309926358,0.00314740101601969,2.45603333856183
0.153392475048648,28.3075776637043,1.04,0.199053912095668,5.13280987242209,0.2146,0.179551835768034,7.95152127198837,0.33,0.141763507795304,5.19227491356753,0.175,0.177816775849426,1.017423759841,0.00869446208668097,0.188567599365535,19.6256118755653,0.61803569357081,0.189906201027843,16.0898367576997,0.549146744638626,0.144150320005002,2.51246502599404,0.0141265728170409,0.160970345012958,3.6952337044061,0.129273187686987,0.176539250052503,6.7058929175172,0.122569217579645,3.20144587837979
0.13868934131081,33.8276988438502,1.04,0.198057215598926,5.25242887388322,0.2146,0.18237889551309,7.68144139281058,0.33,0.110569709986222,10.5441483060703,0.175,0.169281978431812,1.017423759841,0.0035659246353869,0.132989181255694,3.51873529007318,0.102027855856239,0.168056701667614,5.67464221589759,0.218084961050399,0.194946258536902,1.01158236655188,0.0141990051370785,0.142333442834179,1.47076025583445,0.0497164166316147,0.163044929643187,1.00288309926358,0.0290907507894561,2.17628491410017
0.135752873128934,35.8154532620603,1.04,0.198382259715302,5.22226528215118,0.2146,0.176466768020005,8.32645674178507,0.33,0.134184271780386,5.59595143755845,0.175,0.182198909759774,1.01158236655188,0.0235451895492535,0.198803878582962,24.4961185033437,0.808545308334053,0.191483422478262,9.77794436555052,0.4199814341397,0.167331045249474,7.63344674676951,0.0275297195562039,0.171787233553537,2.39935784176774,0.0998733980147239,0.173323094597182,3.01210229799636,0.0897152148952479,3.22879026448918
0.14985907289554,29.1606812358378,1.04,0.194384191999112,5.75943909554708,0.2146,0.153472601861026,20.4482114607491,0.33,0.109453766245192,11.2337631385307,0.175,0.192201027863853,1.01449885892793,0.0166611111930061,0.143769011763511,3.21830282695794,0.108358778576834,0.126008425217693,3.20905081491668,0.0843057846050801,0.186195308985105,1.00577451078852,0.00998170247136529,0.16802302378027,11.3570049730287,0.249486827339583,0.114802864096991,1.00867425853989,0.00744728483991126,2.23584148902578
0.115882896735468,99.1897289455312,1.04,0.183916035153292,8.87102875502857,0.2146,0.158848742456432,14.1440990055278,0.33,0.128460361192068,6.06584691482126,0.175,0.197235846395914,1.00577451078852,0.00138581523626819,0.178676481308707,110.728920316933,0.713685688492659,0.188232911468883,133.131575108118,0.832621496456576,0.180907388307666,18.053613516069,0.0391849680938949,0.192784961963587,9.36467852310833,0.350405775081699,0.194595125334849,3.61109912366059,0.13583203374368,3.83271577710478
0.144943127806089,30.8037607665866,1.04,0.171339960003548,169.283374294433,0.2146,0.189558418303811,7.16849049713269,0.33,0.143915762764472,5.13280987242209,0.175,0.15625902288459,1.00867425853989,0.00849235756908375,0.160177371413714,9.07276025359497,0.271409288299986,0.177312622479611,6.34893199363231,0.261503591739747,0.193051487254655,1.43314150019665,0.0386645784931608,0.182286809468653,11.6551167748285,0.325280113823382,0.179624099872538,3.37001557459736,0.104595624340802,2.76954555426616
0.148023140807288,29.6983980810424,1.04,0.185111618761846,8.27863965605879,0.2146,0.195428365669224,6.88523803959517,0.33,0.113170824400161,9.18293458777804,0.175,0.195680198573612,4.54636621906863,0.0436495385094885,0.190367743251461,6.88191695070772,0.31881452315323,0.0994453894283127,3.94819959636536,0.0555524415449159,0.197092373225546,1.00867425853989,0.0291208824855138,0.178772975790658,5.29579277470977,0.207483579324828,0.185265139641869,2.95200799512719,0.106538777991299,2.52075974300927
0.153226392496261,28.3075776637043,1.04,0.194469483058003,5.75943909554708,0.2146,0.191334949650241,7.04569699279812,0.33,0.101158438451666,30.0773188333397,0.175,0.150393030017208,1.01158236655188,0.00985423983157123,0.173776290953394,366.767713469489,0.667199008950117,0.12398594257708,6.78356302734552,0.11566253049326,0.14839174185689,1.01449885892793,0.00929892896862426,0.144623790964116,4.92802801770652,0.116594775620974,0.121810097812005,1.00867425853989,0.0136760726137509,2.6918855564783
0.149691815237256,29.2273597614989,1.04,0.183656545480114,9.0777661226663,0.2146,0.151294252144185,25.450882821744,0.33,0.125411811033362,6.38855593116599,0.175,0.0992030061411248,1.00867425853989,0.00201942240459924,0.198075709189986,79.9789584190507,1.08384292313857,0.190360604237148,7.16496054867685,0.326263222743927,0.188482174989266,1.01158236655188,0.0160986692234973,0.174115717143746,10.5076446271293,0.272833544369878,0.182348619959045,11.7901106095195,0.155204034059515,3.61586181593999
0.129401635777053,42.6045870395527,1.04,0.191420228869316,6.27912240806387,0.2146,0.14939084522513,33.1711386953162,0.33,0.113841436537323,8.97380210978585,0.175,0.182458131582895,4.43008034640065,0.0318403246451609,0.178013394394122,16.6075311717231,0.484138793757688,0.196914577234041,142.245409398223,1.03287030716385,0.1270733506375,1.00288309926358,0.00473429700028373,0.136348719504389,1.61269369477906,0.0513606794958381,0.183801398144928,1.31077872056062,0.0584254251494978,3.42296982721232
0.113116524175545,151.692390369558,1.04,0.199300290991595,5.10333322739796,0.2146,0.157288712807896,15.1561988689989,0.33,0.126320185754822,6.27912240806387,0.175,0.175372620502676,1.0684573459204,0.0220125324808734,0.16686092499937,89.482464022409,0.533104681369047,0.191754889682689,9.52784643268317,0.412121880738978,0.192757873672502,1.01158236655188,0.0305807860482361,0.178474276642301,3.42873391662958,0.147346054974287,0.118145870426782,1.00867425853989,0.00923040388770045,2.91399633949912
0.154703644534181,27.9861468254964,1.04,0.178675410150415,13.9018159916578,0.2146,0.164083479555955,11.2337631385307,0.33,0.142455557876584,5.16245677334822,0.175,0.171646613182496,1.01449885892793,0.00512340893635124,0.198090539084678,8.27426512232383,0.39800949300243,0.160911305705639,14.7585013912184,0.315156664534991,0.161522975477209,1.00577451078852,0.013014894927938,0.186795904955723,6.94161247758823,0.273017989669439,0.141698991858973,4.48139116082693,0.0524785663110542,2.8164010173822
0.153362508478085,28.3075776637043,1.04,0.183618319687557,9.0777661226663,0.2146,0.150032980463529,29.7328553694936,0.33,0.13879470173408,5.34396902219665,0.175,0.195320807514263,1.01158236655188,0.00219783691752504,0.170583855160267,153.301493754303,0.593549219225314,0.131624859028377,2.55624161321588,0.0770662344582103,0.181159705636104,1.00288309926358,0.0113854024599537,0.148394600732649,12.7798757548119,0.168681054893872,0.100664142098632,1.00577451078852,0.008659876500304,2.62113962445518
0.116827590009453,89.5014992636448,1.04,0.171742402166704,116.421453349997,0.2146,0.154211055762673,18.8641750980704,0.33,0.116743308620927,7.99744893524145,0.175,0.18434462458843,1.017423759841,0.00244835736736348,0.196637612347885,8.20310923201435,0.392135420559644,0.165696868208854,3.63195145450856,0.14517515358564,0.172258227038632,1.32214875407135,0.0249290433259407,0.16311433943187,4.48139116082693,0.150375102251984,0.147186027597322,1.41265954868704,0.0398071015426544,2.51447017863323
0.124662935731981,50.9126975420615,1.04,0.193222919568603,5.96194127391598,0.2146,0.178054670881272,8.13682972063414,0.33,0.141811626196549,5.19227491356753,0.175,0.1444350271288,1.017423759841,0.00990791317922561,0.120217169494104,6.51558610363938,0.112191599461117,0.16374849289644,18.5275056440599,0.355623851368187,0.179818600218226,4.99947880072813,0.0360234957936721,0.145498806589709,8.34603823722249,0.142997452101282,0.101519957318695,1.00577451078852,0.0104636102533399,2.42680792215682
0.116808886563478,88.4852151339695,1.04,0.178647255679809,13.9821123150444,0.2146,0.145920420978056,90.3603675927636,0.33,0.119102284864138,7.46339570425412,0.175,0.190943594998503,4.99947880072813,0.0395225682826023,0.172069649514755,5.70741049859425,0.232497483589733,0.186719058095911,26.0227888862634,0.627551494478172,0.199530038062643,1.01158236655188,0.0351071384965511,0.182148496991677,3.27437776251048,0.145208035959881,0.156723416945472,5.75691805285236,0.0769580260070949,2.91644474681403
0.142398184918524,31.8773741273602,1.04,0.174950189317393,24.7284330905736,0.2146,0.19590021112091,6.88523803959517,0.33,0.131206967519129,5.7927053813632,0.175,0.151830618589422,1.017423759841,0.00863552107704036,0.190107293045702,20.6694457978884,0.652104723879267,0.196532643967271,21.0902156392867,0.683545002509629,0.116296134468018,1.00577451078852,0.00328709227787947,0.169727429949354,2.79486986091936,0.114235160903923,0.160616999145625,12.4888983567305,0.0954054994218477,3.31681300006959
0.145948201809466,30.4539859196963,1.04,0.172986547578471,44.2407938679069,0.2146,0.177208069338874,8.23109717377527,0.33,0.0995670158321123,49.3567634573345,0.175,0.184002838630364,3.72728711692345,0.0330450175502584,0.148445719518872,19.6256118755653,0.282812609532737,0.18621492551423,23.4607874898523,0.599549313705005,0.169907103070667,1.92784124639408,0.0255085298833207,0.137317222650549,2.14453349218355,0.0652839456320456,0.195702146871203,1.76324060258228,0.0836309258204046,2.84943034212377
0.121701199708281,59.6030628502018,1.04,0.192930415778756,6.03101203476082,0.2146,0.186356900284508,7.37792042799738,0.33,0.142347629547163,5.19227491356753,0.175,0.184554189142016,1.63607591315362,0.029152324931922,0.197035679325785,151.546229771534,1.12943165712141,0.188281117668836,12.2045460501459,0.461220956706159,0.12914372876921,1.00867425853989,0.00801672655459139,0.171834706209326,6.2943333190863,0.206961884155323,0.163454330419201,1.6984685687346,0.0565733680741913,3.6509569175436
0.115837496262637,100.788305198048,1.04,0.187668573620423,7.293424065782,0.2146,0.17213504167365,9.02563442555289,0.33,0.099146823242058,59.3453497036433,0.175,0.170499600833856,1.00288309926358,0.015538865240509,0.159256207960356,45.8844379566866,0.412188149975608,0.164608812972591,12.5610156350281,0.318655503142722,0.175861583385962,2.71555413295041,0.0310255246012657,0.15975851309789,14.505756572389,0.222508002853942,0.158526126202805,2.10780755947618,0.0590544297546619,2.81857047556871
0.14074419149885,32.6883995622381,1.04,0.171354931497297,155.272858335329,0.2146,0.193528522082578,6.96500545227891,0.33,0.130819285055674,5.82616381189231,0.175,0.151595399454306,8.71435120329488,0.0152664416398006,0.172278990361954,10.2684023095805,0.350525415763328,0.110821355283003,34.4059979034348,0.105539895370574,0.175873161787367,1.01158236655188,0.0173113229556303,0.183238561257256,8.94309557251015,0.296144582378707,0.198171010566609,3.61109912366059,0.142773636290938,2.68716129439898
0.133257603247546,38.0067179330526,1.04,0.19808403697776,5.25242887388322,0.2146,0.184226713145186,7.50650397409388,0.33,0.13602790276519,5.4685090410485,0.175,0.129001810507473,1.01449885892793,0.00265479362762127,0.180712366188517,14.1754836193795,0.466580629340983,0.195710305596299,7.63344674676951,0.359931448282143,0.189259139579137,1.00288309926358,0.0160003411603863,0.157440451945452,2.04210241714683,0.0772398189785408,0.148390572454092,3.03823005207779,0.0559767521197324,2.73798378350941
0.113467865438097,141.970502478276,1.04,0.192812924149305,6.03101203476082,0.2146,0.168677456991159,9.78352248861393,0.33,0.12164898408696,6.92500689429393,0.175,0.191868658204147,1.00577451078852,0.00265514510978346,0.197799406469146,84.4756773817437,1.09021803936801,0.14613007941858,2.97761447568876,0.102296962827945,0.171248231056869,1.55345194953386,0.0251001952228385,0.19963213973007,6.44098426295101,0.300218497284812,0.143218816284781,6.38559396992509,0.0574924243514812,3.33758126416487
0.149010686571453,29.4283115325412,1.04,0.189419423609678,6.76729654167483,0.2146,0.147334966660764,50.7987383839539,0.33,0.141971226441526,5.19227491356753,0.175,0.198434283188678,1.00577451078852,0.00224872968059075,0.199903407818564,83.0290000254614,1.14222508836773,0.116148479013347,1.72806227717372,0.0459686548685209,0.100249985284474,1.00867425853989,0.00338664456266249,0.129228109772843,1.16149208345279,0.0352287321344431,0.188012333207047,1.54898606893921,0.0702258611622823,3.05888371077623
0.151553423425074,28.698171498828,1.04,0.17349109224798,38.7520022852263,0.2146,0.193912905589025,6.96500545227891,0.33,0.142815980673843,5.16245677334822,0.175,0.142619767581903,1.017423759841,0.00849710727364024,0.154670918471122,8.99473757437633,0.246263171998428,0.199994826640804,13.6941201359897,0.579144950789969,0.197065418463323,1.00577451078852,0.0124886908922049,0.199833828874234,9.2308418493486,0.380751227738,0.197240260093063,6.61005466738882,0.185108652711798,3.17185380140404
0.128145279493804,44.3926343126682,1.04,0.190763596374435,6.42545597022062,0.2146,0.147739482111314,45.2718158067401,0.33,0.142328794172126,5.19227491356753,0.175,0.177504004402962,1.00867425853989,0.0153251486927881,0.181975601402478,6.01097243209366,0.264617220012162,0.0859012678590422,2.91820823764409,0.0363902537563034,0.160209355550465,2.08367368705817,0.0206038257336762,0.160835599974443,3.17230798106454,0.1164233560632,0.1911394979167,4.0518365057735,0.136492452972161,2.34945225723029
0.140116221375554,33.0638374435755,1.04,0.191698082479386,6.27912240806387,0.2146,0.169140788081831,9.67147573126437,0.33,0.11065034712236,10.483595485213,0.175,0.155694589906643,1.01158236655188,0.00277919764679879,0.166903682992564,3.74881037659201,0.151386003903186,0.174275496463925,4.09876636139165,0.173678777693072,0.15277490326141,1.00577451078852,0.0140514832093496,0.129642310054048,2.35148837301477,0.0623637090387347,0.145738644681701,1.65026765861521,0.0420661092311307,2.20592528072227
0.130979624715271,40.6093504828478,1.04,0.177912991138984,14.8110310584131,0.2146,0.153315153575946,20.5663194979376,0.33,0.13816021737947,5.37483556977805,0.175,0.173250190078512,1.01158236655188,0.00591871367376856,0.14437816220993,9.80613514975012,0.212037381399153,0.148928932762094,7.08292353206951,0.188625998474223,0.196834426794207,10.2094477434412,0.0563334279256545,0.179988453463463,4.77441020717598,0.195534490643627,0.190686073965802,3.73803325566538,0.129511810141041,2.54756182225747
0.129639469708359,42.1208145215961,1.04,0.194552767626658,5.72636385099737,0.2146,0.16695258461868,10.2448417098122,0.33,0.113591486716695,9.0777661226663,0.175,0.188051455914266,1.01158236655188,0.0132503887972375,0.161802452974447,25.9479782891666,0.402096270672357,0.190433876636608,19.3451295709733,0.600624542781528,0.19863272510311,1.66458250694606,0.0448481518415791,0.170114068929522,7.06256146630704,0.214504851749317,0.19542848207571,6.1865405227709,0.17333725555861,3.20826146140063
0.154221235117844,28.1142788446691,1.04,0.188651817934514,6.96500545227891,0.2146,0.155209456420344,17.8084168422602,0.33,0.137835771699943,5.37483556977805,0.175,0.187084312367937,1.01158236655188,0.0110424378685141,0.161686664181651,14.6737675621227,0.339375663458111,0.185017631936141,23.1921673069706,0.58176245889236,0.188532744614963,2.91820823764409,0.0416918675123709,0.162309834813643,5.2653877364201,0.163976223096603,0.193508485708368,6.57210398204128,0.170642398675092,3.06809104950305
0.141151064112503,32.4651862196273,1.04,0.195932404663131,5.50009492671021,0.2146,0.170115111675487,9.39694085202226,0.33,0.127641705832074,6.13612145164168,0.175,0.16133956816478,1.00867425853989,0.00164926265552099,0.189171546518434,67.6795736840215,0.875684545110268,0.197644373352789,42.4528622739386,0.88739510051223,0.143111750932366,1.00288309926358,0.0108095778421687,0.167933879371153,2.84356700216288,0.11423352124157,0.175948353733781,7.2688443008963,0.122664111085558,3.77203611844732
0.13420758084458,37.1484903334101,1.04,0.197913256051222,5.2827666892935,0.2146,0.146224449468103,78.2432215094763,0.33,0.108245091946833,12.3181438842284,0.175,0.157824417348193,3.79223047250718,0.0172975551487164,0.194413719766457,73.3611898536447,0.990157915137941,0.134949207820025,18.6344929252859,0.188969920519544,0.17022517520836,13.8129064745256,0.0297698310252141,0.182413447002047,5.773515819051,0.229761483987584,0.172245608737294,1.2267955530143,0.0500692976690169,3.26562600348802
0.130368439551034,41.2638249329961,1.04,0.176404629415663,19.0827218543819,0.2146,0.189698559718517,7.16849049713269,0.33,0.139033071974224,5.31327973469088,0.175,0.169031344349681,1.00867425853989,0.0160443312171505,0.15666744424883,79.7490340377456,0.403959974218056,0.154966939919296,20.788801735641,0.301884606603542,0.13049409648228,1.00288309926358,0.00218856611407187,0.173086440491183,5.32637338722108,0.192326434560512,0.157760421269418,1.24817094410403,0.0432436184217294,2.71924753113506
0.126421328299318,47.3243516806276,1.04,0.196453611494001,5.43710454646936,0.2146,0.161449277934015,12.4608530340153,0.33,0.120287275234473,7.16849049713269,0.175,0.183127049004515,1.67902152597229,0.0287990689227259,0.15856707365172,12.7431360287119,0.307750168994359,0.182701079223699,222.247410324489,0.753470449081777,0.159627925819744,1.017423759841,0.00727763019850107,0.115559336302716,5.08658851868221,0.0643733451434803,0.161241904617794,2.21991621862324,0.0634553733192909,2.98472603566013
0.150116257020171,29.0941548288019,1.04,0.181500182784077,10.483595485213,0.2146,0.19439058495606,6.92500689429393,0.33,0.132621375982029,5.69347855060436,0.175,0.198711433706056,1.01449885892793,0.00947380183235942,0.154038862304996,17.6934267723322,0.307418186181658,0.17251611512166,8.96887940476934,0.309921815712078,0.080872072043502,1.00288309926358,0.00135076590299913,0.109287875983991,3.43861929685961,0.0495100257527513,0.197175975173982,1.42902148939294,0.0692076276229107,2.50648222300476
0.132906636411208,38.4432385901807,1.04,0.186387984257122,7.77043304452438,0.2146,0.15276279421849,21.4123992568061,0.33,0.102728133783396,22.165260329156,0.175,0.158294905540313,1.00577451078852,0.00194123887970996,0.161587749440203,5.10125365829453,0.191062531543488,0.148691607589263,4.62558101221893,0.148009932036651,0.157947062033625,1.01158236655188,0.00400093322931135,0.189862401733391,15.8598865007128,0.420411113489128,0.189579675256768,7.52435222533039,0.167018621349371,2.69204437052766
0.140271596045679,32.9131476009994,1.04,0.180716893588403,11.4295469118117,0.2146,0.162040412509979,12.1071387841942,0.33,0.118054510809815,7.68144139281058,0.175,0.197229237087217,1.00577451078852,0.0239438127519392,0.156102070171185,14.7585013912184,0.306171894605906,0.164908860704193,18.6344929252859,0.363257069165635,0.167923013891614,1.00867425853989,0.0100258000556424,0.189530735250652,7.2688443008963,0.289042638807936,0.187936471249815,2.67674439360146,0.104626825170346,2.8566680405574
0.152906919222174,28.3723054911643,1.04,0.172314850374676,65.4497442690774,0.2146,0.148963112812,36.7944987940466,0.33,0.100786553706562,32.4156980061919,0.175,0.170156349157082,1.017423759841,0.0109623924956195,0.125872862165141,2.1944987299355,0.0641297719357967,0.128480910859175,1.77342245446464,0.0534162140643752,0.0918039867312132,1.00577451078852,0.00296032893970011,0.141859070039623,4.30435891208667,0.104886640338503,0.185675883171548,5.04284557241036,0.136052514620068,2.13200786239406
0.129787953595603,41.9288471215546,1.04,0.173780979918707,33.1711386953162,0.2146,0.164219273315171,11.1692500050717,0.33,0.13908358864615,5.31327973469088,0.175,0.15428124287365,1.00867425853989,0.0133005970565916,0.156817204863958,24.0766133741283,0.353261307694168,0.198157656806497,10.4473164853735,0.473651571539793,0.1060483168441,2.75492656923522,0.00509614898205042,0.146207563235476,7.06256146630704,0.13861401194707,0.181094619486729,1.23033252636976,0.0539881930161865,2.79751183023586
0.129780274345819,41.9288471215546,1.04,0.194573498639873,5.72636385099737,0.2146,0.193330827104868,6.96500545227891,0.33,0.107001768729202,13.4296295187868,0.175,0.194123426234871,1.00867425853989,0.0115003051311485,0.134558903238204,69.0573330958311,0.227916052954899,0.162335524703551,20.8487379146156,0.360763382619719,0.194156001082027,1.00288309926358,0.0339645547215544,0.143619581911436,1.70336542221432,0.0579492923445334,0.180085019512853,1.55345194953386,0.0652463692580972,2.51693995702995
0.153283717069956,28.3075776637043,1.04,0.174980448920786,24.5864229124585,0.2146,0.18189020801582,7.72580908567334,0.33,0.10740764691343,12.9734812430331,0.175,0.174228316841219,3.20905081491668,0.025666193576385,0.197707599640974,17.6425615162172,0.678295313803971,0.198133588614775,232.724288073108,1.09852284600321,0.18221765426261,1.63137250428789,0.0324993043603302,0.195980031833091,7.65545473146367,0.32574305116482,0.174701099059854,1.29950646550457,0.053853368477854,3.97418007738657
0.150744620756511,28.9615569832397,1.04,0.197437418368888,5.31327973469088,0.2146,0.159289984458399,13.5852155412096,0.33,0.127221656385378,6.17156343941625,0.175,0.164254117716212,1.00577451078852,0.0049035050774817,0.0423820843808078,1.19541686845759,0.00802672573339999,0.186790833185218,20.0251322921732,0.57010161274435,0.178776451038555,1.01449885892793,0.0226678887090502,0.154670280101258,4.49431145638251,0.133174412008509,0.136427149417278,4.36676720472819,0.0461039288073064,2.5445780730801
0.138719734966288,33.8276988438502,1.04,0.172680903020956,51.3872560074817,0.2146,0.180905085327479,7.81531474954562,0.33,0.126878727412326,6.20721013866976,0.175,0.147310617812642,1.035151107089,0.01168744935012,0.0864537832122708,2.55624161321588,0.0370632775956616,0.192586540015531,26.3241943658462,0.696606623254954,0.169511405807784,1.00577451078852,0.0118185322704172,0.15478283008655,4.80198009042612,0.137767909767384,0.147984613649007,1.00577451078852,0.0321556038815233,2.68669939612006
0.142316054359883,31.9502646161512,1.04,0.175390878071245,23.0771190657875,0.2146,0.186474403748201,7.33555058635551,0.33,0.103749449817667,19.1929428791772,0.175,0.189203427156347,1.017423759841,0.00805579030046823,0.196738688264851,16.2761951447872,0.640435036124414,0.183439529405278,25.65088039011,0.5858062539863,0.173034596910155,1.00577451078852,0.00535849523356666,0.196977598252011,4.63891702142887,0.222362338492678,0.142282375469158,6.04568285725226,0.0558930823138458,3.27751099645127
0.125715218412582,48.750562497649,1.04,0.189545493804927,6.76729654167483,0.2146,0.194909879999184,6.88523803959517,0.33,0.128150254488255,6.10088299973121,0.175,0.170567519180163,1.00577451078852,0.0155261275972473,0.0658882404158914,12.0301229939707,0.0281075368949297,0.181686747682746,24.4961185033437,0.549975596904277,0.183467512576454,1.01158236655188,0.017772756745053,0.166390997386396,8.370100693918,0.216022833159493,0.190327167859821,2.25210247070889,0.096118627772184,2.68312347907318
0.124047702941236,52.6871741304354,1.04,0.191205554406189,6.35186780125658,0.2146,0.154090879228735,18.9731338056957,0.33,0.121306862331977,7.00523504030693,0.175,0.199703847608607,4.21848286189654,0.0484910674936045,0.0906236088888812,1.09335121002246,0.0219161095147443,0.150920540230443,10.5683211343905,0.232989530502187,0.18296978894803,1.01449885892793,0.0282986747629722,0.136294581216685,1.86774606222357,0.0579273908605974,0.167555490283171,1.035151107089,0.041449338553925,2.19067211168803
0.154908231272409,27.9861468254964,1.04,0.187251217980796,7.46339570425412,0.2146,0.195459978402994,6.88523803959517,0.33,0.11613419218084,8.23109717377527,0.175,0.171533982644791,1.00867425853989,0.0138710102822065,0.150723132345937,12.7431360287119,0.260655365880651,0.126279364046798,2.23273514877728,0.0647095067009157,0.181146582459776,1.00288309926358,0.00253291710368967,0.19899849092392,6.57210398204128,0.301024276728672,0.103218212464911,1.00288309926358,0.0144154938573585,2.41680857055349
0.149541503147026,29.2273597614989,1.04,0.178715871907549,13.9018159916578,0.2146,0.146081066513392,78.6951511725437,0.33,0.140632806898867,5.25242887388322,0.175,0.158677997038796,1.017423759841,0.0131818227594821,0.14351343832059,6.13333836012256,0.168802707019807,0.167193585061304,4.94223601165526,0.193972294188004,0.199622514556339,1.01449885892793,0.0361024457249236,0.177172778276634,9.5553161597167,0.273642458012151,0.163398054125838,3.53905426496764,0.0792424222001948,2.52454414990456
0.110083919880366,495.197308703788,1.04,0.183511677816715,9.18293458777804,0.2146,0.174532439697126,8.61921539420481,0.33,0.0994983844172833,50.2169608166211,0.175,0.164724167168352,1.24100474879353,0.0182746402706252,0.191156843278387,18.053613516069,0.617198006786682,0.176523064879842,11.8241026687353,0.379718484880769,0.129269712543747,1.01449885892793,0.00315540532597845,0.191805114186206,5.67464221589759,0.251223276178392,0.128356183895407,2.46943812909056,0.0338231500695259,3.06299296351197
0.144220229184581,31.0864708846003,1.04,0.192933721204086,6.03101203476082,0.2146,0.167871567436141,9.95403124201917,0.33,0.142139131750522,5.19227491356753,0.175,0.190986838519591,1.65026765861521,0.0335709077261486,0.164762556851124,24.2854601433005,0.417071508680486,0.159359857099387,291.317176153044,0.419603713103412,0.175818422566851,1.00867425853989,0.0240484700326721,0.177488425437577,3.94819959636536,0.164525421069086,0.193835783009085,12.5610156350281,0.201564328041176,3.01998434865298
0.133408202053406,38.0067179330526,1.04,0.194333486496655,5.75943909554708,0.2146,0.193721101289745,6.96500545227891,0.33,0.106210866519268,14.4737241117876,0.175,0.186281805358534,9.2308418493486,0.0367103976854855,0.190669938921846,44.8397224504315,0.835751192876909,0.168835165058726,4.20635552139048,0.170891911496278,0.1152383336584,1.01158236655188,0.00510024146527917,0.170851775349076,12.2045460501459,0.267450869667071,0.155978370444488,5.04284557241036,0.0742921770606245,3.14979679025165
0.13355001626794,37.7471883548195,1.04,0.185831321052845,7.99744893524145,0.2146,0.169785211819017,9.50580704584117,0.33,0.106717478188314,13.9821123150444,0.175,0.192257222020423,1.01449885892793,0.00374971949008433,0.174682480429871,7.3318961356485,0.290056798148228,0.183394211968458,7.4811522310616,0.315409510700579,0.196771271205078,3.23688695135292,0.0500177876658094,0.178534782726484,4.25507507288674,0.17643165147539,0.186510551892024,2.08968112513086,0.087513924843943,2.68277939232403
0.122328679014423,57.9916598558987,1.04,0.198438669430488,5.19227491356753,0.2146,0.175594242285923,8.47157152646274,0.33,0.109889235891614,10.9779250183872,0.175,0.164451348635004,1.01449885892793,0.00493678224455209,0.0774639938569813,1.28462743961633,0.0205580941050887,0.186055647707069,66.7123211508998,0.743750945661658,0.194979887480398,1.01158236655188,0.00767536936771995,0.162530052079637,2.10174801133249,0.0824645549094856,0.184082123778987,9.20430492459876,0.153800408324922,2.77278615461343
0.139250484580207,33.5967057749668,1.04,0.19468171150968,5.69347855060436,0.2146,0.149311830536154,34.1402449927217,0.33,0.128699912755757,6.03101203476082,0.175,0.176297840121373,2.73123512958793,0.0264764283864217,0.199430621605263,37.9441463047634,0.961107454228335,0.178080958146852,8.32204495553973,0.318819652036621,0.179622265887445,2.34472828861258,0.0327741262300966,0.184133734351154,7.08292353206951,0.263671956134151,0.120811499210217,1.40859841962076,0.0245462428262488,3.38699585984187
0.143913029139196,31.2287974545362,1.04,0.172670194003896,51.3872560074817,0.2146,0.161757140860869,12.3181438842284,0.33,0.133112782153089,5.66078210355879,0.175,0.187825064489717,1.00577451078852,0.00656800400947869,0.185670370095524,12.8907317012169,0.483747729145165,0.166325208480175,13.1153367145537,0.333338851572892,0.132829175427503,1.07462716439149,0.00984844615518203,0.198574566675171,17.5918424880948,0.512336579199073,0.153009334874554,12.8167214051892,0.0790418410070653,3.18448145108886
0.132624990986016,38.6192474496644,1.04,0.196856320849868,5.40588040128206,0.2146,0.186882474180019,7.33555058635551,0.33,0.128934313734593,5.99637720407285,0.175,0.175213013971307,3.9368492691367,0.0270164525864906,0.183008297819375,17.7955976561148,0.538771372849749,0.140946797158556,171.024474463231,0.255023034447231,0.19989096593797,11.5216685859765,0.06131619062531,0.186677889416918,3.77045792255574,0.170993790379815,0.192944823580109,3.43861929685961,0.12862963211593,2.94135047300453
0.140289335301861,32.9131476009994,1.04,0.191299131441695,6.35186780125658,0.2146,0.189251963732353,7.16849049713269,0.33,0.109746391878463,11.0413330665098,0.175,0.109684023699898,1.00867425853989,0.00252323604516949,0.162106144692974,4.59902389909696,0.176379009522321,0.188714770224336,35.0054797479944,0.700421451217146,0.167735359167552,1.00288309926358,0.018690044947625,0.175971645237515,11.8241026687353,0.292123673701483,0.187573856601707,4.14623977579979,0.130389610258735,3.08012702569248
0.112475469019965,177.584993795008,1.04,0.182006703289292,10.1860077436388,0.2146,0.187804932455701,7.25153946893524,0.33,0.126089255122221,6.31539036354282,0.175,0.122224804226508,1.04714060664789,0.00630884205258486,0.151711022025117,191.898141059165,0.374695506595391,0.194110987189316,21.273157622404,0.664682652069295,0.196134596161017,1.01158236655188,0.029655642865104,0.171743440967473,3.16318819550752,0.12980587298289,0.197775971805634,4.57261925984919,0.161155791037681,3.12590430760295
0.113326313256924,150.312852185815,1.04,0.179822175203855,12.4608530340153,0.2146,0.191538085782493,7.04569699279812,0.33,0.109449908949163,11.2337631385307,0.175,0.125296130384345,1.01158236655188,0.00153343149759985,0.162397373705603,24.4961185033437,0.40081076726102,0.185926568015018,31.6501005279053,0.651416732442212,0.160719560023317,1.00577451078852,0.0105254188064276,0.179348573830614,2.82724106811333,0.123530382131492,0.184838674285203,3.66345594042931,0.118318174581319,3.06573490672007
0.136094641834928,35.5708867752697,1.04,0.172164260744872,74.7199750764715,0.2146,0.16806602086759,9.95403124201917,0.33,0.121776197060842,6.92500689429393,0.175,0.140781386664983,1.01158236655188,0.00800108692848932,0.197937532843065,7.24794774808137,0.351766422685864,0.180786744043951,6.74461616851603,0.284541833280557,0.197391299780927,1.01449885892793,0.00346043704125168,0.134196448916637,7.78884153617836,0.109242929453251,0.169784776295598,10.0346071582177,0.114333879072197,2.63094658846161
0.140828497207163,32.6883995622381,1.04,0.187339060603793,7.46339570425412,0.2146,0.15765278284227,14.8965789710218,0.33,0.119866654503865,7.25153946893524,0.175,0.185571146843749,1.14160110005127,0.027573074772727,0.188485688758062,10.2094477434412,0.428628120536466,0.164045892116674,5.2653877364201,0.196701917950244,0.176010773983831,4.98510624458552,0.0330962285010774,0.158633926954589,2.92662172166501,0.106350844607273,0.188172534183943,8.03944940844679,0.16463270479462,2.71658289116241
0.12809183566716,44.3926343126682,1.04,0.194831210153936,5.69347855060436,0.2146,0.152392119286051,22.2932859707273,0.33,0.103893990087921,18.7558421173328,0.175,0.169705569477729,1.00577451078852,0.00242877036448162,0.180810930792167,17.6425615162172,0.515952598238954,0.0388224594628123,1.3804955427344,0.00698779002970208,0.17690602292995,1.17833239331668,0.0265944063676639,0.172784935783208,4.67915618701786,0.176430595334288,0.166561356817595,12.4888983567305,0.109746210527641,2.59774037086273
0.147262155287078,29.9709634242785,1.04,0.172378290655302,63.2266905388835,0.2146,0.16204119767691,12.1071387841942,0.33,0.111692660104115,9.89686733905512,0.175,0.167584026445619,1.76324060258228,0.0203916597985015,0.128928148955294,4.95648496866088,0.117662975880614,0.179829295230717,9.6938573407282,0.359599358312217,0.115565543144348,1.00867425853989,0.00240152885963807,0.164462920943314,7.24794774808137,0.197468365122418,0.193440189548453,2.96051892720402,0.1194537272639,2.57657761523729
0.149504715822019,29.2941907536181,1.04,0.174394928000777,27.5880090752022,0.2146,0.187485092859282,7.293424065782,0.33,0.143414528145011,5.13280987242209,0.175,0.152910954200231,1.00867425853989,0.0123601300632552,0.188535591930603,8.78994173863968,0.386112638465982,0.150618538624632,6.62911211113257,0.189441882666302,0.163769282315758,2.45526020256225,0.0230908118127912,0.1577373793515,5.72386552959968,0.158122071243749,0.149152579036835,1.06232295058138,0.0346061391634507,2.56333367341553
0.125913084952192,48.3072095893017,1.04,0.198796698291609,5.16245677334822,0.2146,0.189366790569871,7.16849049713269,0.33,0.127830855034821,6.13612145164168,0.175,0.164406503490261,8.41843393067599,0.0212336275894013,0.197026389227046,7.08292353206951,0.341769873026281,0.195459718519058,30.2252632807581,0.769022606967068,0.194234009478621,1.95017021036364,0.0429280602468587,0.097785341267403,3.75961856902805,0.0384094836962466,0.180855885918959,4.09876636139165,0.115989108271116,3.08895275979697
0.151063913532179,28.8295634579869,1.04,0.184166307713669,8.76943242226474,0.2146,0.183138575599309,7.59346892677529,0.33,0.110780280982178,10.483595485213,0.175,0.195813772794488,1.20926262481036,0.0339049207787618,0.197777429839524,36.8673277993992,0.915557807108033,0.181048213791963,34.4059979034348,0.594488228491279,0.163746369924109,1.00288309926358,0.0144953943454861,0.160537387869231,4.81582467568853,0.150589895559662,0.199567149010513,5.37257572706184,0.177737376820799,3.64637362310402
0.138390857854387,34.0602800981416,1.04,0.178612588608011,13.9821123150444,0.2146,0.180178972959086,7.90585736162312,0.33,0.111259587143343,10.1860077436388,0.175,0.196560954494761,4.70617602490094,0.0448465146265856,0.10724578479211,18.9046718094031,0.0998958454193448,0.189542590817609,11.9955386652786,0.466525598581993,0.196537161287852,5.67464221589759,0.0540921070828134,0.186054793409592,4.98510624458552,0.214789894249085,0.160013086664465,15.4987821679022,0.095790923246049,2.73554088320587
0.130427691091289,41.2638249329961,1.04,0.177022489976518,17.4028473254854,0.2146,0.183874967111647,7.54986123554579,0.33,0.118668281847243,7.50650397409388,0.175,0.197304065330361,1.00577451078852,0.0197504617058156,0.199269661146405,19.5129342263596,0.732528968391829,0.185632952323793,21.3344902474791,0.575531740356103,0.109377460320358,4.06351835261943,0.00567303555205241,0.198613093223339,4.17018228211692,0.203065942301821,0.180290992445248,2.2008256876077,0.0834936262002838,3.3796437745079
0.12872096086275,43.4894223057643,1.04,0.183164765056462,9.28932145903777,0.2146,0.183190709924699,7.59346892677529,0.33,0.142171400108907,5.19227491356753,0.175,0.130750101375456,1.00577451078852,0.00116778008715661,0.0963920243484625,1.99560700049668,0.0395280574582357,0.167102271844433,3.59036651349369,0.145175060062711,0.184188546029957,4.3416960341386,0.0393837907063138,0.126939343093534,6.45955425993623,0.0888851249135764,0.108230878765822,1.78880557933512,0.0195660806026733,2.09330589383067
0.14372509558823,31.3002049143139,1.04,0.178355690307165,14.225794745742,0.2146,0.167058235555258,10.1860077436388,0.33,0.142445770899471,5.16245677334822,0.175,0.141348929133192,1.01158236655188,0.00455160293830211,0.148607478645883,4.01699207793678,0.137006629491688,0.178641008774931,42.4528622739386,0.583723036051254,0.196434373579907,26.3241943658462,0.0589073033972204,0.105360944839785,1.45811221351425,0.031202343703653,0.196595127754581,1.71814085427452,0.0822800572255853,2.6572709728077
0.13385900669719,37.575153941676,1.04,0.180726964568365,11.4295469118117,0.2146,0.158767450846601,14.225794745742,0.33,0.108582466432964,11.96848058178,0.175,0.178695618490388,1.017423759841,0.0205430675578193,0.128506118406814,1.93339940407185,0.0581324489339113,0.17513329879406,17.8983585267682,0.442363121812716,0.168601815828622,1.00288309926358,0.00697697893060528,0.161942325641362,4.65229147967714,0.150942690762558,0.0990496552168103,1.00577451078852,0.00232538688331711,2.44088369488093
0.144518993286097,30.9447929740479,1.04,0.176545991369039,18.0147323432395,0.2146,0.146176243478526,76.902945008668,0.33,0.109291661592831,11.4295469118117,0.175,0.112888074018148,1.01158236655188,0.00485346708489838,0.167632243282541,30.7519010092932,0.474112518782291,0.147318941298021,13.7731969804542,0.23503999025335,0.132664878044864,1.3804955427344,0.0101417388567572,0.149295800098092,2.55624161321588,0.0864623594309943,0.194901943518951,10.9083594392703,0.200759598382916,2.77096967279121
0.144961307137548,30.8037607665866,1.04,0.193644507979624,5.89366155277994,0.2146,0.145918773743181,90.3603675927636,0.33,0.123065277744549,6.72843338428345,0.175,0.163743212988495,1.01449885892793,0.00569391578556,0.1557151169077,10.0925521055113,0.263500786328869,0.160302431252121,44.8397224504315,0.390647932932711,0.190571825244403,1.55793070570556,0.0374443180938325,0.192897522224692,10.5379392096157,0.372313699690414,0.155068462647685,3.92553157195246,0.069171077445041,2.89837173027643
0.144479112870454,31.0155510319859,1.04,0.188810843453452,6.96500545227891,0.2146,0.160111548884876,13.1237826598188,0.33,0.113753190758361,8.97380210978585,0.175,0.177611022651954,1.01158236655188,0.0184681941333415,0.180219399020588,13.2672433518329,0.448140102584416,0.186024588710029,5.11596107896008,0.232212260313293,0.178810808567895,4.25507507288674,0.0349892406186884,0.179456907977523,7.2688443008963,0.251197788064205,0.137853884636515,1.87313095952011,0.0382414619896633,2.78284904770361
0.114328490838997,124.640358122733,1.04,0.190314647662589,6.57519980375318,0.2146,0.181810142667297,7.72580908567334,0.33,0.127094806057162,6.20721013866976,0.175,0.193121342800334,1.00867425853989,0.0166958089539984,0.199536466407316,11.9610537599916,0.545053751924611,0.162965115353286,36.9736199650277,0.405777198715003,0.148346155064213,1.01158236655188,0.00936324927700353,0.177129752520199,11.4885459675579,0.293731710285681,0.0801764431517611,1.40051115285914,0.00887499590225683,3.03909671505855
0.138846163790869,33.8276988438502,1.04,0.197030028354408,5.37483556977805,0.2146,0.189049576128559,7.16849049713269,0.33,0.119788359800282,7.293424065782,0.175,0.177515800460554,1.00867425853989,0.0202707039196693,0.179945073557805,68.2666438040264,0.706474314233065,0.131529608651839,20.3740453880163,0.173656953210676,0.197107034300623,1.00867425853989,0.0292135205140757,0.176839623577637,8.22675961020021,0.25728416586526,0.190645069291111,1.51808232505612,0.0703102559870736,3.01680991372982
0.130947911026447,40.6093504828478,1.04,0.181321699654071,10.8521992481272,0.2146,0.172422557455016,8.97380210978585,0.33,0.137669021771453,5.37483556977805,0.175,0.187471934231669,1.74305193613896,0.0314215753115144,0.186197682749644,8.17952684419346,0.357042564961108,0.114353150830267,12.5249050903856,0.105000377599359,0.163094651312051,2.82724106811333,0.0229837236669924,0.183728714989526,4.41734470314007,0.191223866823564,0.169688088611217,3.49853297367273,0.0891645721792419,2.55643668054178
0.119434364349379,70.4171958185721,1.04,0.193778247493538,5.85981549695445,0.2146,0.147322330792075,50.7987383839539,0.33,0.121141351434146,7.04569699279812,0.175,0.102017221913406,1.00577451078852,0.00258159835901336,0.184323828159062,36.5502812104738,0.694466444475966,0.150550736843361,170.042561855291,0.32561874374023,0.17141563869374,1.01158236655188,0.0196625416507725,0.176669609132625,3.23688695135292,0.137658066567068,0.157631921054913,1.00288309926358,0.0311444686299868,2.97073186342304
0.151786324367911,28.698171498828,1.04,0.194345052496088,5.75943909554708,0.2146,0.167100507022335,10.1860077436388,0.33,0.116535175386924,8.0436418748083,0.175,0.199807569194154,1.01449885892793,0.0329665406470264,0.127484102888169,10.3873347090322,0.150905745167879,0.187792787567146,9.47314366240347,0.393042290870488,0.188363640151276,1.00867425853989,0.0304268299573918,0.142450645544763,7.41681684421187,0.12972415971449,0.161162530078763,2.09570588324384,0.0612996045651455,2.55796517092242
0.132113478699871,39.3313782718103,1.04,0.171802137973938,115.752869486794,0.2146,0.165414532776264,10.7898773556513,0.33,0.110675716516961,10.483595485213,0.175,0.180483369169388,1.01449885892793,0.0125449097753505,0.168298877277166,3.98244730043134,0.162364992246861,0.168034120399125,61.5456410122568,0.487735303325722,0.144595940234842,1.05318733137807,0.0129918803013869,0.173923281144851,8.32204495553973,0.244415550860507,0.168182215896474,1.669381663546,0.0600713914477954,2.73972402795762
0.123451724568321,54.3991086563875,1.04,0.196932799752907,5.37483556977805,0.2146,0.171086408807521,9.23597484422661,0.33,0.118836541913166,7.50650397409388,0.175,0.199185784033023,1.53566531100084,0.0389002099925689,0.19603453516244,9.39167782086193,0.436169851356245,0.151540448329601,15.8142923261533,0.267181463517157,0.188668651322047,1.01449885892793,0.018725884459938,0.071052581678522,1.00288309926358,0.00135069162282151,0.163698908808807,3.04698957090351,0.0749659537018047,2.59689405465054
0.138567498159646,33.982575875828,1.04,0.180097920301937,11.6287428351806,0.2146,0.18449165502323,7.50650397409388,0.33,0.116249323905781,8.13682972063414,0.175,0.172681537818188,4.11058351166975,0.0251186510678064,0.127699595483778,9.5553161597167,0.14855085176264,0.141469142710372,21.8315600677534,0.226315330264584,0.175758359900541,1.00867425853989,0.0039696258545548,0.105020623029687,2.16313573014221,0.0381329087542384,0.153243409979796,3.45847564108692,0.064314570723072,2.2660019384269
0.147669316240773,29.8343694863254,1.04,0.194911584703898,5.69347855060436,0.2146,0.152660069039682,22.165260329156,0.33,0.10797584036121,12.5328264140034,0.175,0.159099524527861,1.00867425853989,0.00210817358159249,0.142001214295196,5.2653877364201,0.151952673775058,0.176297391172816,7.94739971184986,0.305022241632676,0.145978113421361,1.017423759841,0.00240579570535134,0.187122719025209,6.15102138343189,0.251855541707625,0.190502248731703,8.56511470172144,0.17439054257035,2.64733496897265
0.156621657153092,27.668365815083,1.04,0.179120335292188,13.3525059876274,0.2146,0.155305912761909,17.7061468586161,0.33,0.135992632399461,5.4685090410485,0.175,0.190205029149865,9.12515100556096,0.0404207453034159,0.194819438165159,23.5962620603196,0.737085825189886,0.161886539801475,8.76467231833321,0.259909166782294,0.193896576722431,1.99560700049668,0.0430047929632408,0.16700691904337,5.05738459676651,0.170997144112917,0.170594440168548,4.24284253669373,0.0963528642181369,3.10737053856989
0.153308099724015,28.3075776637043,1.04,0.198775988985546,5.16245677334822,0.2146,0.170361905290525,9.39694085202226,0.33,0.116796150832695,7.99744893524145,0.175,0.178598966356546,1.01449885892793,0.00837961843128692,0.169182604784929,23.5284272689873,0.455398873947747,0.150672417927448,31.018650949241,0.293790444021415,0.15083751206088,1.00867425853989,0.0025963808884398,0.177975861515123,3.9368492691367,0.164528798662015,0.179119827393341,1.41673238639154,0.0601613463156362,2.74445546226654
0.122270576530505,57.9916598558987,1.04,0.177281707331031,16.240720887691,0.2146,0.1812384788101,7.77043304452438,0.33,0.12589035259081,6.35186780125658,0.175,0.119829833449996,1.55793070570556,0.00612303620316345,0.191293146712113,10.1216499350543,0.440995160848873,0.174724194509719,7.22711126890421,0.280136630076798,0.18353510543811,1.01449885892793,0.00397501987648631,0.156849306585894,7.2688443008963,0.170040188739135,0.199648137625624,3.66345594042931,0.147287910792575,2.80815794653703
0.142668871997929,31.8046499290028,1.04,0.193165312631371,5.96194127391598,0.2146,0.158778920034577,14.225794745742,0.33,0.139133462909986,5.31327973469088,0.175,0.165889345054511,1.00867425853989,0.0143547385837819,0.172674635481195,36.9736199650277,0.546725357222387,0.146637576589452,2.37188579111585,0.0828065884793154,0.1995231472155,1.01158236655188,0.0213271469621924,0.172461380980949,4.15819379664401,0.161470859679225,0.180297398618898,3.90299369276608,0.112162382065111,2.69844707299201
0.154587269946389,28.050139672377,1.04,0.18521426193496,8.23109717377527,0.2146,0.188956303763198,7.20989540649827,0.33,0.12878750920301,6.03101203476082,0.175,0.173236890542527,1.01158236655188,0.00506428591950085,0.164118668169054,8.94309557251015,0.28623439510949,0.172459856266491,128.241032730368,0.573391508277527,0.198585260257238,6.27623830106248,0.0572711958698858,0.133482145318606,15.6332226114801,0.119872859396156,0.199892115556069,3.90299369276608,0.152915297310961,2.95434954188352
0.156893824425029,27.6052439369847,1.04,0.182388181045651,9.84003171633479,0.2146,0.18339402327419,7.59346892677529,0.33,0.137871147763789,5.37483556977805,0.175,0.18956284952192,1.27725193454067,0.0307127834176161,0.195212316765129,26.8600784527522,0.781528344075992,0.197134468388346,22.2759871780403,0.709663869801102,0.105257222549555,1.01158236655188,0.00210102965021601,0.191911261270781,6.36723659478765,0.274005315317396,0.188360948292132,6.27623830106248,0.154170806052541,3.71178214831486
0.140801009109063,32.6883995622381,1.04,0.186714798940767,7.63732849425456,0.2146,0.18809430278261,7.25153946893524,0.33,0.102572179055967,22.6818168300982,0.175,0.142620662927089,4.88564863828298,0.0120143719111936,0.177989080972435,5.70741049859425,0.245143152763618,0.19322791846767,13.932723196473,0.535453223543362,0.179725173475809,1.01449885892793,0.0197083175191495,0.183130118326012,10.4473164853735,0.316441872747943,0.176997072014228,1.94456383978917,0.0741295417130493,2.96249048019832
0.156931948997369,27.6052439369847,1.04,0.179920132092296,11.8314103761204,0.2146,0.193490221894847,6.96500545227891,0.33,0.134922460713792,5.53186325116201,0.175,0.125365139188092,1.01449885892793,0.00144883860409334,0.113532120666488,1.48779514022745,0.038751184436336,0.186211382208692,19.5691919526579,0.557048302199415,0.147095693061473,1.01449885892793,0.00437678397253788,0.160281032077249,6.04568285725226,0.167894286719024,0.110903930301171,1.2517695448338,0.0190235970099207,2.54814299294133
0.122025328340874,58.5238945114623,1.04,0.192568690853923,6.06584691482126,0.2146,0.154645994024607,18.1187847040838,0.33,0.140673269631325,5.25242887388322,0.175,0.198271694695032,1.00288309926358,0.0242787737306889,0.179790212227384,112.33436331185,0.733179110718116,0.155740886353537,10.0057595601981,0.247890737056539,0.194661254030953,1.00288309926358,0.0226505795998416,0.173121743006426,2.67674439360146,0.112621893444988,0.187720401658747,11.3570049730287,0.174869130858983,3.07509022540916
0.150181348244598,29.0941548288019,1.04,0.193897323529909,5.82616381189231,0.2146,0.1849784631638,7.46339570425412,0.33,0.104651238585925,17.1047431975172,0.175,0.11614659000343,1.00867425853989,0.00124926883781047,0.16207069754671,8.15601225127809,0.264928192333467,0.123939931045227,3.78132852701561,0.0893726760530366,0.172601173128964,5.82359678794962,0.030820811866842,0.199399871362835,4.94223601165526,0.239150182209241,0.193160910779177,4.85759838400825,0.15148508718604,2.53660621848644
0.119718328431783,68.0455813324799,1.04,0.172413772209445,66.9750361170022,0.2146,0.153793982698482,19.6402301778248,0.33,0.10443267776885,17.4028473254854,0.175,0.163814559707589,1.23033252636976,0.0178436480984235,0.132893836591828,7.2688443008963,0.151121105598016,0.177454927982584,91.8313032315627,0.630207554074012,0.155764510335731,1.01158236655188,0.00318815903094016,0.188732935865086,15.189566737098,0.402341971196921,0.139333560724115,1.00577451078852,0.0084343246860353,2.97273676268435
0.134302034674027,37.1484903334101,1.04,0.179425617576032,12.9734812430331,0.2146,0.159302106406087,13.5852155412096,0.33,0.120486608967327,7.16849049713269,0.175,0.193908475497933,1.54009278652809,0.0353883000127495,0.159741551395724,19.1787679790464,0.358672908278726,0.165347600680484,3.6740180475533,0.14644798252595,0.192749765316785,1.01158236655188,0.00779010001731831,0.147989498160912,6.59105201019205,0.138960771487548,0.168387960542324,4.55947384416678,0.0949983845566772,2.54185844687897
0.138659686435082,33.8276988438502,1.04,0.176221474205647,19.3038005361259,0.2146,0.169603647919394,9.56071220046713,0.33,0.104966796759801,16.3345266305675,0.175,0.149239640910445,1.017423759841,0.00359758052584933,0.116369734115777,29.3674992776149,0.132692679511039,0.0573290520018116,2.57100265798945,0.0158467182964568,0.178628713090075,1.07462716439149,0.0265300853392358,0.155216711204425,2.63090415150101,0.0946230900800002,0.113183834499789,11.0347040567755,0.0274151981230206,2.0603053518756
0.132628117180318,38.6192474496644,1.04,0.191881321414605,6.20721013866976,0.2146,0.15360638003613,19.7536713480067,0.33,0.140670939718026,5.25242887388322,0.175,0.181371805528344,7.90177085082341,0.0328020377847661,0.188487845635957,24.3554775355552,0.668941907112301,0.181194102752612,6.25819530279368,0.268571519081256,0.131088441221163,1.00867425853989,0.00123914837543235,0.180002307070206,3.04698957090351,0.133721680956916,0.173960031681748,4.41734470314007,0.103503980883209,2.96838027419388
0.142975750240786,31.6596988869718,1.04,0.194208801909608,5.7927053813632,0.2146,0.151218099024575,26.194439171848,0.33,0.132902748031132,5.69347855060436,0.175,0.187862999256207,1.00577451078852,0.0176304888155604,0.177963179787526,8.49145760309168,0.334012192313175,0.102886688558051,1.99560700049668,0.0426910754668648,0.0931761633175353,1.01158236655188,0.00275791108963914,0.0990905670776378,1.00288309926358,0.00958361990555824,0.153002040953438,14.8010516157109,0.0787408049221214,2.24501609251292
0.11998272061634,67.4267534700241,1.04,0.198532684916927,5.19227491356753,0.2146,0.149277144235915,34.1402449927217,0.33,0.117306521510312,7.86045568946845,0.175,0.187009819074424,1.01158236655188,0.00101982809341251,0.188055586604897,12.4171951294921,0.485519584568591,0.177982822824414,7.24794774808137,0.291485154498161,0.189638812055922,1.01449885892793,0.0238439317493787,0.132118024791097,8.1325652583707,0.105009115388198,0.199504410671948,2.23917234584048,0.104909261174239,2.77138687547198
0.145431567605506,30.5934167149422,1.04,0.192650189017242,6.06584691482126,0.2146,0.177087616759641,8.23109717377527,0.33,0.123205982990505,6.68979340981204,0.175,0.179345550075887,1.00867425853989,0.00295246764735514,0.18736530561635,12.4171951294921,0.479032476755936,0.12270680539612,24.7086041684656,0.143138460909192,0.176851051695678,1.30325307163827,0.0273009080322131,0.196631982705147,12.345903576098,0.427159405324664,0.172849653696024,1.2517695448338,0.0512840825164484,2.89046780118581
0.152253243049278,28.5673783641001,1.04,0.187556196912155,7.33555058635551,0.2146,0.147146452874843,53.1940346033281,0.33,0.106320495782487,14.3906045654914,0.175,0.199795558396463,1.01449885892793,0.0126476254692876,0.137008212128661,8.84069935203988,0.175750208478043,0.193096928343616,6.27623830106248,0.295874950367818,0.106261103919782,1.01158236655188,0.00271992678385632,0.197439664556565,10.1216499350543,0.388698081706556,0.192874271472674,5.2653877364201,0.155703999942841,2.7909947927484
0.114181757782548,125.211012627487,1.04,0.194843867585045,5.69347855060436,0.2146,0.17735106549227,8.23109717377527,0.33,0.113377949027174,9.13019893034057,0.175,0.191207610121782,1.01449885892793,0.0204112068030394,0.187407875313727,8.71435120329488,0.377697994968261,0.179197988359812,5.14550325140415,0.222982729589016,0.154566168638249,1.017423759841,0.0110239912584892,0.13974712250572,3.49853297367273,0.0911189069112582,0.178187279537849,4.69264665877481,0.115871641991328,2.59870647152139
0.148354245958564,29.6306449410155,1.04,0.19347142627052,5.89366155277994,0.2146,0.173166586154887,8.82008430703416,0.33,0.130171990932238,5.89366155277994,0.175,0.164412153691312,1.01158236655188,0.0024264907710298,0.16408050612527,12.2397329678754,0.333301550268453,0.176606211676626,5.94214829246472,0.246558563044922,0.17044080736851,1.00577451078852,0.0220070832943541,0.173760161047091,16.2294041616006,0.304722943212334,0.166875091765613,3.95958264771409,0.0870604638399111,2.755677094431
0.135633770403038,36.0617012578568,1.04,0.188357278578984,7.08639265188016,0.2146,0.17890768290507,7.99744893524145,0.33,0.101612351667784,26.9597187780626,0.175,0.157965116856648,1.017423759841,0.0114433268739718,0.159040387674594,3.62151028088471,0.138322164787813,0.133937159005079,2.48369792620856,0.0772882193318691,0.18899703739684,4.45566189315493,0.0439978680468788,0.165556521760613,4.24284253669373,0.150958567139548,0.181925699145365,5.75691805285236,0.131768893306646,2.31337903948673
0.127619994207662,45.3146047184233,1.04,0.190551409078025,6.49989667874954,0.2146,0.19402378803292,6.92500689429393,0.33,0.102914276190318,21.5360764034637,0.175,0.149864402390262,1.01449885892793,0.00324663417066845,0.17773914506078,30.7519010092932,0.583549016978436,0.199255430866769,8.44270511134198,0.404564698504666,0.164543138913901,1.05622377499757,0.0198914207887268,0.171913762264649,13.2291025360534,0.279133754581663,0.161752577317738,7.3530347199978,0.0901804619309858,3.14016598695515
0.135630946805666,36.0617012578568,1.04,0.188113035586638,7.20989540649827,0.2146,0.195321724755516,6.88523803959517,0.33,0.134948090294146,5.53186325116201,0.175,0.150407852572452,1.01158236655188,0.00304607700310031,0.183605219445673,173.504134191697,0.838220239713848,0.148924503720199,15.7234968241093,0.250297342896091,0.148947196797768,13.9728926204603,0.0171177054577018,0.172565521817538,5.46618619625777,0.194941334872036,0.149538619403219,2.69220128298041,0.0551437374154939,3.11836643735827
0.137021035243201,34.9268431145398,1.04,0.186800597131128,7.59346892677529,0.2146,0.183675725258607,7.54986123554579,0.33,0.132097124341823,5.72636385099737,0.175,0.133993740789368,1.017423759841,0.00433089122072457,0.116074135488232,3.20905081491668,0.0745848614799914,0.183118165774018,61.0163692502148,0.694363767741922,0.182300861225528,1.00577451078852,0.0149694453841633,0.119025369679198,13.3823268507784,0.0826233490250763,0.190380880756712,4.07523387938939,0.134906331369591,2.76537864622147
0.131860479669363,39.511453397773,1.04,0.199055319045302,5.13280987242209,0.2146,0.180145375133703,7.90585736162312,0.33,0.11239283042121,9.56071220046713,0.175,0.186158735204619,1.01449885892793,0.0151859603395407,0.180933688196725,14.9294397640879,0.484589275420146,0.180103621552122,19.738940183072,0.504815830779027,0.181338422224823,7.85640396138943,0.0390844715980356,0.115446287177719,2.2456281019818,0.0476372448440413,0.193246466951937,2.22631645743836,0.0986756773215502,2.94958846030234
0.11252537907468,175.568526893927,1.04,0.182002021056796,10.1860077436388,0.2146,0.160949593585442,12.7512504643373,0.33,0.102398341324017,23.3444739588916,0.175,0.101947954639227,1.00288309926358,0.00197159538611288,0.177672398406057,90.7798576447935,0.684975779919492,0.193401481183755,18.1578643020893,0.614195244238167,0.135368842814297,1.01158236655188,0.00692383943005122,0.181402780743826,11.3897483457029,0.31763967156516,0.199787957928603,5.65832869261085,0.180771164474014,3.566077295013
0.146063722420248,30.3845090015553,1.04,0.199951230280978,5.04488679969571,0.2146,0.176757834504813,8.27863965605879,0.33,0.119514964930419,7.33555058635551,0.175,0.185149128429792,1.01449885892793,0.0254131752528008,0.137912937425929,4.69264665877481,0.132434422713269,0.151935385487882,9.91971340151178,0.231270060110574,0.178756199661712,1.01449885892793,0.0122382374954279,0.170615604941085,5.29579277470977,0.185475865157115,0.184101304780512,7.90177085082341,0.150214324815986,2.49664608554517
0.131374403801067,39.965256476262,1.04,0.191872079171558,6.20721013866976,0.2146,0.190266700148439,7.12732336743282,0.33,0.136985946053338,5.43710454646936,0.175,0.195247997934631,1.90576794350953,0.0383053697012741,0.180277782801404,16.9944681193122,0.504088744335186,0.188381374663902,9.15145972170511,0.387121337351879,0.122623397848009,1.00867425853989,0.00302895056929328,0.197718272855173,14.0131778568844,0.454597470206736,0.100783902674525,1.79913505645155,0.0163283424381701,3.16307021460254
0.15451983424998,28.050139672377,1.04,0.180510336115744,11.6959099805258,0.2146,0.174523211572018,8.61921539420481,0.33,0.104452591902467,17.4028473254854,0.175,0.191964700300698,2.15691712397049,0.0365651927787776,0.167049989539576,6.13333836012256,0.232820314570366,0.0651168947659172,2.89311263070037,0.0207230857065633,0.156831579344374,1.62668261683323,0.0186166450734198,0.188947486148663,5.05738459676651,0.224133596225612,0.182193037347181,1.47076025583445,0.0637913906919702,2.35625022504671
0.135825547824554,35.8154532620603,1.04,0.194166087435435,5.7927053813632,0.2146,0.191669652795816,7.04569699279812,0.33,0.125344977544549,6.38855593116599,0.175,0.137465193351938,1.92784124639408,0.00997033634102121,0.168530110208988,5.62584220609726,0.2215894899214,0.191109180625414,23.3260907272937,0.653254709625523,0.142722039825863,1.01158236655188,0.00425316721349912,0.145029180500439,6.36723659478765,0.130249527779093,0.161656354580127,13.0025492407616,0.0982545523316064,2.87717178321214
0.135264839424848,36.226806466008,1.04,0.193936915524247,5.82616381189231,0.2146,0.150408510341114,28.0688171933232,0.33,0.1223886968638,6.84569756904508,0.175,0.0919463806710131,1.00867425853989,0.00111963446242996,0.119200060562718,2.87650223749675,0.0729012478496665,0.195367677536639,23.6642924260888,0.700735613153481,0.0901159069143533,1.00577451078852,0.00259586120343811,0.190456771569171,15.8142923261533,0.419067334806581,0.185641283926483,1.21624552488348,0.0550872071826713,3.01110689865827
0.155867355528138,27.7950429029008,1.04,0.179671588653975,12.6052155093052,0.2146,0.176235463443421,8.37455001705244,0.33,0.101568940584321,27.2720546771616,0.175,0.177327423668463,2.66904925964653,0.0268710558612216,0.138207528754374,2.2456281019818,0.073261885122298,0.170951563517418,13.1910713679069,0.363504467760838,0.188470438479431,1.01158236655188,0.0270239612289819,0.159260833749019,3.58004488871148,0.124246717168422,0.191761181528504,5.3417298504113,0.155192006428421,2.52970009357018
0.154610586673631,28.050139672377,1.04,0.178779598198887,13.8219807931287,0.2146,0.148708505542577,37.8694628107696,0.33,0.123013411693845,6.72843338428345,0.175,0.170333723285334,1.84105289600553,0.021831166277516,0.134930802998223,32.7626366009394,0.218555553456045,0.181734795899189,6.1865405227709,0.267780427090008,0.164627801883666,1.00577451078852,0.0116748122815628,0.0679220073247821,1.00288309926358,0.0110129800279965,0.160018338360725,3.78132852701561,0.0756144379922646,2.36606937712539
0.122527314548552,57.2023696800687,1.04,0.198502178408318,5.19227491356753,0.2146,0.166852976741745,10.2448417098122,0.33,0.12520146993403,6.42545597022062,0.175,0.153630998237365,1.01158236655188,0.00585562676285466,0.190673887670342,57.1069771602846,0.866042433286871,0.198143513911425,13.1531495321769,0.551445584870494,0.199587216564658,2.98619923379083,0.0526933244192797,0.103982839216455,1.00288309926358,0.0159806062258773,0.198651067307622,5.99369202303595,0.181192604487981,3.43281018005336
0.117737200420192,81.6871071808705,1.04,0.171505838007235,186.69623840631,0.2146,0.166531230125962,10.3635310727429,0.33,0.11315795130817,9.18293458777804,0.175,0.19010362682911,1.01158236655188,0.00634026539060361,0.173270878171469,11.0984240743995,0.367002575484857,0.127966013824581,3.86942926293753,0.0972416403078646,0.124957816227313,1.01158236655188,0.00248666831389478,0.184038690021777,3.48847535295163,0.155975156334644,0.172376405102486,11.1625120439526,0.12217830091276,2.51082460674462
0.122632887907399,56.9416674522411,1.04,0.189185051717269,6.84569756904508,0.2146,0.15079662728112,27.1154370165082,0.33,0.116914013316298,7.95152127198837,0.175,0.176457248537264,2.46943812909056,0.0262392835593085,0.195102109935356,25.2842870786632,0.762204275361354,0.180616735805888,252.988497160128,0.71835528083272,0.169052882745567,1.017423759841,0.00960382012130694,0.180883561168218,5.82359678794962,0.22583195384803,0.183087466330005,2.04210241714683,0.0830223319730068,3.58485694569573
0.123949952644273,52.9283975488621,1.04,0.196983771758152,5.37483556977805,0.2146,0.183320287365994,7.59346892677529,0.33,0.126875812503785,6.20721013866976,0.175,0.181303034882959,1.01158236655188,0.00660164299345008,0.19940154076924,205.034978483135,1.22826517578142,0.139680708300257,23.9383809351586,0.218191759076504,0.14486873195991,1.00288309926358,0.00461330553763433,0.187820620832218,6.62911211113257,0.267272773828039,0.189713591160048,4.58580257506987,0.140164146519465,3.62470880373651
0.128573006740457,43.6885346568656,1.04,0.181495944160079,10.483595485213,0.2146,0.158000462738756,14.7259744294318,0.33,0.104646449932362,17.1047431975172,0.175,0.18904892894861,2.10780755947618,0.0337477794439398,0.178384657421895,74.2108860452115,0.690550279243249,0.14298160141638,10.5683211343905,0.198956346213989,0.168989927135929,2.04799000112185,0.0255573157240831,0.188397916973256,10.8145512259435,0.35152209075001,0.127689279359482,12.169460288151,0.0407763071751926,3.10071011855046
0.138770718268213,33.8276988438502,1.04,0.175911313195895,20.5663194979376,0.2146,0.193747520271108,6.96500545227891,0.33,0.119449302561895,7.37792042799738,0.175,0.193061239400078,1.00867425853989,0.0102668508514655,0.186911209222572,7.45964533309522,0.333324948519159,0.155437553264425,9.2308418493486,0.237585084251864,0.195038793079965,1.01158236655188,0.0227941934060738,0.176695391187933,4.58580257506987,0.182021476892009,0.133947289220716,2.54156531687388,0.0390024824955609,2.58459503641613
0.133847856750537,37.575153941676,1.04,0.18179381815662,10.2448417098122,0.2146,0.186838404185298,7.33555058635551,0.33,0.129372094426314,5.96194127391598,0.175,0.0809660764449511,1.00867425853989,0.00118749238721903,0.180594480119657,12.9651693704974,0.449489962924897,0.171406171225849,4.23064516672908,0.175342240360283,0.182216896259019,1.00577451078852,0.0161493240890884,0.198304215612567,7.14436264200497,0.318808522293325,0.159703397934576,1.00288309926358,0.013463460265109,2.73404100231992
0.14649803007128,30.2460303120804,1.04,0.198002090310877,5.25242887388322,0.2146,0.179457346956996,7.95152127198837,0.33,0.110575986416144,10.5441483060703,0.175,0.188099316421007,1.01449885892793,0.00586129738105805,0.19355002242628,20.4327857832706,0.680806724783001,0.184045541467888,11.1625120439526,0.416381262015764,0.164080531109181,1.01449885892793,0.0163443463779725,0.19033487928024,7.41681684421187,0.296160778234487,0.153220698289985,1.4920846013006,0.045310603929629,3.22046501272191
0.156280958725529,27.7316320270443,1.04,0.183192322819315,9.28932145903777,0.2146,0.177532994434323,8.18382771794484,0.33,0.109868881983878,10.9779250183872,0.175,0.190187990865564,1.01449885892793,0.0229794469216538,0.174105064360614,6.88191695070772,0.275156980278485,0.171836050204668,42.6980067851428,0.501188580717284,0.191737007594095,1.01158236655188,0.0213702686725671,0.195014985478937,8.32204495553973,0.338103843514231,0.162992731719407,1.00288309926358,0.0125398551988035,2.93093897530302
0.148091248447095,29.6983980810424,1.04,0.181299795516794,10.8521992481272,0.2146,0.164811235973214,10.9148811093176,0.33,0.104835176322589,16.7151991692849,0.175,0.159311550524936,1.01449885892793,0.0142097492763106,0.182529918605486,13.0025492407616,0.459605435281956,0.196704874708512,35.2076192684563,0.821963872547258,0.165846509019962,8.39423252506469,0.0262188520960682,0.186184787817635,4.02857346483847,0.180696989863137,0.159212606099308,4.58580257506987,0.0785803468624484,3.34087524592718
0.117662522049021,82.0611041461807,1.04,0.189011421158583,6.88523803959517,0.2146,0.15379629401778,19.6402301778248,0.33,0.111984663026812,9.78352248861393,0.175,0.159639987795761,1.00288309926358,0.00970025459655427,0.10822938403842,32.2015642784471,0.107406724606618,0.167955413675318,4.70617602490094,0.187070650736918,0.192672057771715,1.00867425853989,0.00101547948736217,0.112136111309732,2.66904925964653,0.0481882700110583,0.139554450852861,8.68929909148323,0.0538412030256118,2.16682258246412
0.140309364636026,32.9131476009994,1.04,0.185107515538011,8.32645674178507,0.2146,0.1617254671038,12.3181438842284,0.33,0.132308997584286,5.72636385099737,0.175,0.185053688789316,2.69220128298041,0.0324756608286615,0.171254753027074,4.25507507288674,0.176568754008346,0.194063526336436,9.0989179220007,0.410354973197054,0.118356174030565,1.00867425853989,0.00194179797112106,0.167498233062168,7.31081832073186,0.209097070540288,0.115597463311382,3.18145405986858,0.0263834180820677,2.61642167462754
0.136400391598671,35.4087709489502,1.04,0.188753275209008,6.96500545227891,0.2146,0.146870856008442,61.786763646097,0.33,0.1378890031582,5.37483556977805,0.175,0.158386935402689,1.00867425853989,0.0039726958258786,0.197523972208895,230.059652845059,1.19053806777971,0.111364527898591,5.79016143825715,0.0832420003612255,0.1661175873671,1.00288309926358,0.00923094900580487,0.128070128891879,9.418754960271,0.0986376958492353,0.137496408360887,1.47925317679908,0.0347702461596289,3.17999165498148
0.130965700467716,40.6093504828478,1.04,0.175121886532984,24.4452282688584,0.2146,0.164554370767022,11.0413330665098,0.33,0.120639612210208,7.12732336743282,0.175,0.190277593158729,1.54453302690677,0.0328229429950506,0.18832599422305,25.3571841881197,0.684060609501391,0.192781005125856,21.5815941337228,0.649738453364592,0.18189896504836,6.55321042588835,0.0387176552237229,0.199786720246761,16.8968968064112,0.510926824768617,0.131939586890905,1.65502554408647,0.03277260465666,3.70863909051003
0.141817463642449,32.1699376318556,1.04,0.189033977184221,6.88523803959517,0.2146,0.164194326050046,11.1692500050717,0.33,0.12114577019582,7.04569699279812,0.175,0.159628290585617,1.00288309926358,0.0079360937206801,0.169542509936737,33.3334849128322,0.500091078864971,0.110422250220194,2.31121826109334,0.0533425852265226,0.194311407525459,1.7230944249062,0.0412180554975798,0.155581300006506,8.01633751167032,0.174108722621503,0.197042602741928,5.82359678794962,0.175899286319333,2.71219582225059
0.120583459857587,64.2690577200705,1.04,0.184328616297614,8.61921539420481,0.2146,0.157108083930832,15.6890916100885,0.33,0.141583932099325,5.22226528215118,0.175,0.175943690419281,1.01449885892793,0.00387556695992645,0.174708540387777,26.0227888862634,0.526971423861425,0.198348431600748,32.9518247994517,0.835429030767253,0.169794141015213,1.01449885892793,0.00102567770296112,0.192632634128567,16.9456122371505,0.448709930466116,0.19825695087257,3.88058521159597,0.149326638294463,3.72493826805214
0.122913924766641,56.1666681018671,1.04,0.189715791303734,6.72843338428345,0.2146,0.160358729760521,13.0484155426933,0.33,0.126884616410579,6.20721013866976,0.175,0.140405862433794,5.46618619625777,0.0112362264035115,0.159163315567461,146.822190068835,0.446568502601983,0.161760978030741,9.89119610131619,0.275686716472709,0.18198697625771,2.72338334507132,0.0351290611645222,0.150669726799067,3.56975293664868,0.110255520098171,0.197078176534653,3.55949057200184,0.140230696125085,2.77870672286598
0.13893979341257,33.7505252262597,1.04,0.186364005627834,7.77043304452438,0.2146,0.15788506783798,14.7259744294318,0.33,0.126218939929095,6.27912240806387,0.175,0.189002516272634,1.01158236655188,0.00282203018904828,0.191388872075285,33.7195655535441,0.793564062435547,0.145135882601368,162.387515846255,0.282216657952312,0.189525536775471,1.01158236655188,0.0151360065860141,0.147529004059918,11.1625120439526,0.158748131610152,0.161560463562527,4.41734470314007,0.0807926923121681,3.09287958108524
0.157324233299697,27.5422660634698,1.04,0.184102097156235,8.82008430703416,0.2146,0.150260042340572,28.8888574021513,0.33,0.142375567373388,5.16245677334822,0.175,0.174314718361364,1.017423759841,0.0158284138738537,0.192696128889696,19.4009034997931,0.655183298209737,0.183457090591425,7.63344674676951,0.32026585153054,0.12634866308655,1.01158236655188,0.002448447758272,0.135930601791892,4.74699861247518,0.0978746383785018,0.173755810809231,1.80952418124502,0.0680693887177573,2.91927003846866
0.136214971057864,35.5708867752697,1.04,0.171775673427107,94.6211003149089,0.2146,0.159662187229634,13.3525059876274,0.33,0.100566179789329,35.5447437536229,0.175,0.151619549057925,1.00288309926358,0.0130250473133914,0.144130643307288,11.0984240743995,0.220780890204943,0.156301740259146,3.70588742997801,0.136789159855874,0.191822580263639,9.02067029565308,0.0499793206383601,0.199815483937869,14.5475781084805,0.481415406788608,0.149482151796115,1.15482354244809,0.0368785221049042,2.69846834690608
0.121598201582317,59.8759500339751,1.04,0.179302621315628,13.1237826598188,0.2146,0.184227593393958,7.50650397409388,0.33,0.123099732906618,6.72843338428345,0.175,0.194394687302578,1.01449885892793,0.0182107753508306,0.179276475994882,24.7086041684656,0.566657253087605,0.155604119073883,4.3416960341386,0.154298226352263,0.189297824644219,1.00577451078852,0.0118649571510974,0.184703806093544,5.13071090257931,0.216406589620752,0.0730149859668656,1.00577451078852,0.00294324797691867,2.72998104953947
0.133653577066812,37.575153941676,1.04,0.199294964656434,5.10333322739796,0.2146,0.157812368511294,14.7259744294318,0.33,0.140983951463821,5.22226528215118,0.175,0.168172650565487,1.00867425853989,0.0108476242181666,0.17271161246837,5.05738459676651,0.210192208997772,0.123294770297827,2.38558227120577,0.0657214026898283,0.188171323190395,1.00288309926358,0.00609020005744353,0.191036685391249,4.21848286189654,0.195386781281942,0.181816069419751,3.19062650772569,0.105282068097906,2.35312028534306
0.114810429956175,113.75798591979,1.04,0.177161427699042,16.4288741915971,0.2146,0.187842354787347,7.25153946893524,0.33,0.108154353739136,12.3181438842284,0.175,0.198604121752544,1.69358579278262,0.0394338459919405,0.125640731820648,4.82970917626452,0.110152393270399,0.166083933926994,7.92455244054436,0.264031836370829,0.187327594720677,2.65372529430481,0.0399951838057247,0.174669548038909,5.46618619625777,0.200495824685796,0.167742801241305,1.93339940407185,0.0648938736852006,2.47860295780989
0.14220613652853,31.9502646161512,1.04,0.181000706419677,11.1692500050717,0.2146,0.185139112710131,7.46339570425412,0.33,0.127045915408208,6.20721013866976,0.175,0.148216914292094,1.50936647207927,0.0127524896241688,0.182937093071952,6.84240540686637,0.298797363156812,0.160795656304047,3.4784466459882,0.134605818860264,0.193800405250383,1.00867425853989,0.00465093581267511,0.171072351375083,7.92455244054436,0.228524924558509,0.194495329792366,10.0346071582177,0.197608383158027,2.63653991517046
0.122102574120604,58.2571693781222,1.04,0.176187908252162,19.3038005361259,0.2146,0.148703527997113,37.8694628107696,0.33,0.110659173075152,10.483595485213,0.175,0.119225781333344,1.00577451078852,0.00531854753835796,0.182728655682168,7.3318961356485,0.315692875545395,0.1998325681705,7.14436264200497,0.349309336888521,0.172352789801752,1.01158236655188,0.0139910605776989,0.195470712747821,9.04667778353943,0.359239803133486,0.198193906697978,4.26734287669584,0.154941303099037,2.9580929267825
0.132147153621098,39.1521238458776,1.04,0.187280446555228,7.46339570425412,0.2146,0.15919303336092,13.6636831932795,0.33,0.140549194073777,5.25242887388322,0.175,0.18024102714017,1.56692699337341,0.0265800746467846,0.191719108591525,12.4888983567305,0.511181841253533,0.183491858898943,6.34893199363231,0.277303354982864,0.140709461374673,1.00288309926358,0.00359078451460371,0.185859522004483,3.86942926293753,0.173557727802831,0.189335348621512,3.31230280598519,0.120953478052649,2.87276726125327
0.122337646091964,57.9916598558987,1.04,0.192697808286272,6.03101203476082,0.2146,0.15595878101669,16.8117454794054,0.33,0.131754031986798,5.75943909554708,0.175,0.154417604992302,1.01449885892793,0.00515046656852579,0.187775661348154,7.06256146630704,0.319322238887217,0.175955050119596,105.136965683063,0.618228521812031,0.189410328411824,1.31834782642385,0.0349483129542638,0.147644960327165,2.39246014169509,0.0803708428498062,0.136890535919215,3.75961856902805,0.0452253036050178,2.86284568667686
0.122990939121115,55.9106861279436,1.04,0.197602933991641,5.31327973469088,0.2146,0.1808143262237,7.81531474954562,0.33,0.119925493016585,7.25153946893524,0.175,0.184295626086649,3.98244730043134,0.0335073936695302,0.119450621284346,20.1988354669711,0.140632088582881,0.15980429097243,6.15102138343189,0.207392692824322,0.181682839362829,1.19198027101602,0.0293965395384104,0.178035505316532,14.8010516157109,0.327727550341951,0.131094417920772,1.00867425853989,0.0188202763229351,2.51707654128003
0.154226015501423,28.1142788446691,1.04,0.189578212357081,6.76729654167483,0.2146,0.160929859258781,12.7512504643373,0.33,0.128694150161651,6.03101203476082,0.175,0.198433250112292,1.39247031798524,0.0367857877097645,0.152055939151926,4.13432012050498,0.145675847095406,0.193456760851509,13.932723196473,0.535550377330984,0.199898234951977,6.25819530279368,0.0596095106110842,0.172655157043628,7.54604567969013,0.230348998218286,0.191338570109018,1.45811221351425,0.0681302474970925,2.83570076846262
0.14956467665084,29.2273597614989,1.04,0.192001802551898,6.17156343941625,0.2146,0.18193813064738,7.72580908567334,0.33,0.116166409036433,8.18382771794484,0.175,0.198468204504288,1.00867425853989,0.0121670322987548,0.132651556136451,6.06311316104581,0.138994262589636,0.191461119299093,19.6256118755653,0.610523844404493,0.160232957814592,1.01449885892793,0.0046146995374451,0.185406976617442,4.74699861247518,0.204853388535693,0.184897396496968,1.63607591315362,0.0713518962448911,2.80210512361091
0.125447712460159,49.4232328828234,1.04,0.188086461917453,7.20989540649827,0.2146,0.148095691448749,42.0060317048688,0.33,0.14385523704328,5.13280987242209,0.175,0.192065576634671,1.00867425853989,0.0065778548324301,0.141936742840065,11.9610537599916,0.21565163907645,0.0863414561829465,3.74881037659201,0.0400143162793194,0.193249718479296,1.68386231169735,0.0403433379522124,0.186386603446347,4.94223601165526,0.214631481219273,0.178308103247179,3.08228092099346,0.0981199536945234,2.37493858305421
0.114953107799805,110.682473515373,1.04,0.179850404878973,11.8997481209338,0.2146,0.190879889007045,7.08639265188016,0.33,0.111967026036181,9.78352248861393,0.175,0.154898500118953,1.00867425853989,0.00869227607643198,0.120669357329895,2.96905439714284,0.0759821105636506,0.169766696109669,6.62911211113257,0.248202529778435,0.166197208257774,3.46844676966084,0.0250054054127461,0.175179301550072,13.2291025360534,0.299070446007561,0.109907501929512,1.00577451078852,0.0116845714840963,2.42823733932292
0.132927697545112,38.4432385901807,1.04,0.184715317053812,8.52050297882047,0.2146,0.180987034368644,7.81531474954562,0.33,0.101261737723533,28.8888574021513,0.175,0.167171187833831,1.32978351631576,0.0193790734055097,0.14669222299324,11.0984240743995,0.230608938633269,0.157110349511467,8.99473757437633,0.244823005586939,0.17653280337803,1.55793070570556,0.0284996888715014,0.16711635110706,3.82512526006857,0.143473474923032,0.114734569317213,3.21830282695794,0.0257461880525524,2.4521303694728
0.114115571834131,129.575032238322,1.04,0.194415983464418,5.75943909554708,0.2146,0.164591018284738,11.0413330665098,0.33,0.10416948893166,18.0147323432395,0.175,0.185847468053994,1.87313095952011,0.0310913739239625,0.196155392555437,28.7815897627645,0.822597732540264,0.180048418666265,14.053579239644,0.436083360611353,0.186273624913093,1.00577451078852,0.0016170193608478,0.191583999596025,5.14550325140415,0.232223794473119,0.196105872931522,2.08367368705817,0.0961054069343974,3.37931868784394
0.124362179500868,51.8515170052203,1.04,0.182003889070398,10.1860077436388,0.2146,0.156328549866975,16.1474538514202,0.33,0.0997152793762835,46.3268654843505,0.175,0.186239464149282,1.017423759841,0.00555145706060517,0.132039894571207,3.79223047250718,0.106144533392844,0.153575595098386,7.69966123740149,0.212475376480992,0.194875494824177,1.0232988843187,0.0347303428198469,0.141530882436763,1.57597523020146,0.0528274233178509,0.19982742337907,5.65832869261085,0.180655375540809,2.35198450861295
0.122476819681942,57.4642655092542,1.04,0.188092464522716,7.20989540649827,0.2146,0.161715554119413,12.3181438842284,0.33,0.109065600486228,11.5619614165913,0.175,0.174846285898687,1.00867425853989,0.0149564762050427,0.194504293974078,14.5475781084805,0.58282848014283,0.182453317585576,14.7585013912184,0.467649282558028,0.110093082905964,1.01449885892793,0.00260941917720911,0.189045195576987,16.5121814020749,0.413245664697463,0.183516728455997,8.03944940844679,0.149986815992757,3.39087613877333
0.153366645531079,28.3075776637043,1.04,0.177623466047425,15.8708541341869,0.2146,0.175499807875369,8.47157152646274,0.33,0.12536022723424,6.38855593116599,0.175,0.199538487679878,1.00577451078852,0.00815084769841632,0.170810848661703,16.9944681193122,0.426265817077232,0.197338989318788,36.235961115318,0.845811612844992,0.158133352665967,1.017423759841,0.0072304440456423,0.190935870511222,15.3654978668113,0.422594291813231,0.183639466567662,4.63891702142887,0.127303138561082,3.5969561520406
0.114926460561902,111.953701043007,1.04,0.19705716409136,5.37483556977805,0.2146,0.179652159082663,7.95152127198837,0.33,0.11897142114599,7.46339570425412,0.175,0.148870820975311,1.00288309926358,0.00898504509324975,0.191895603507633,11.6887196334189,0.488411567394613,0.108243051101873,2.46943812909056,0.053728624875343,0.196406561188377,2.23917234584048,0.0469472270862304,0.194770612762013,6.64822449937834,0.292021719695068,0.181691742043554,8.29812065000463,0.142989674937107,2.79268385908161
0.14979527525485,29.1606812358378,1.04,0.19029714447438,6.57519980375318,0.2146,0.162753769188904,11.7634650805689,0.33,0.121557078113383,6.96500545227891,0.175,0.181505901442698,1.017423759841,0.0130088557604954,0.127849406854776,21.5815941337228,0.175162212269417,0.182093114592419,22.9266227583863,0.544742587449334,0.131067635283981,1.55793070570556,0.00977985775454009,0.155203980152665,12.6335493553273,0.193509773987873,0.18567044286806,3.56975293664868,0.117154655493364,2.81295794271502
0.135827631821425,35.8154532620603,1.04,0.183864356682854,8.92226745608123,0.2146,0.19569884396772,6.88523803959517,0.33,0.142821309802445,5.16245677334822,0.175,0.15566887932582,1.01158236655188,0.00760384425969994,0.124049807646449,7.14436264200497,0.124585450872479,0.197682711761912,13.0025492407616,0.54548399223857,0.19741538772311,1.01449885892793,0.028327073378809,0.152754088401343,5.20510035615579,0.138298409744848,0.195403581634336,1.89482624889294,0.0884491279682051,2.69234789846261
0.137693412480296,34.4514745147866,1.04,0.173084509670883,42.4926833568436,0.2146,0.148184697318188,43.7341218076915,0.33,0.14053044323613,5.25242887388322,0.175,0.188092053406649,1.11240149892777,0.0283964287484225,0.17312840093925,6.61005466738882,0.264388005355905,0.149561494426085,3.71657187129828,0.127626220024134,0.192454431964655,1.00288309926358,0.0185663528940299,0.160328343894886,6.55321042588835,0.175036600895727,0.155297504005209,1.20578622343754,0.0408818679963517,2.41449547591457
0.140007176802059,33.1394408876654,1.04,0.180764823759305,11.4295469118117,0.2146,0.195818572150515,6.88523803959517,0.33,0.140046903346968,5.2827666892935,0.175,0.147893198019367,1.01158236655188,0.00351483606332227,0.197803460767952,13.3823268507784,0.573215462717151,0.1276899392969,5.49775074742009,0.114320705466958,0.152933548190433,1.01158236655188,0.00992858569221305,0.179522048168985,9.28414544519475,0.283686982666067,0.176604684771458,1.90576794350953,0.0731969074139258,2.81746348001964
0.133868998164304,37.575153941676,1.04,0.175227779382321,23.3444739588916,0.2146,0.196303426564465,6.84569756904508,0.33,0.118854957152141,7.50650397409388,0.175,0.198851270042551,1.3804955427344,0.0372026185411935,0.167696662086307,31.8328643748612,0.472464341295156,0.174098693051118,4.63891702142887,0.195058490469762,0.159866719856303,1.00288309926358,0.00573474817673594,0.175338938492645,14.5475781084805,0.305643603810488,0.182651393932513,1.74807732789242,0.0735753815185223,2.84927918381186
0.135603453944631,36.0617012578568,1.04,0.189969023818024,6.65137533656814,0.2146,0.155478763070564,17.1047431975172,0.33,0.135275717364549,5.53186325116201,0.175,0.180168672749847,1.93897358646993,0.0276312806733419,0.144977650202852,5.04284557241036,0.153691011717362,0.124864768691593,6.84240540686637,0.118040188180983,0.162355336133363,1.00867425853989,0.016597578227533,0.132098010393837,3.06458444505318,0.0752394987415853,0.143935836846564,3.50861959151272,0.0522775414213566,2.20307709896216
0.135985259842328,35.8154532620603,1.04,0.187481992759869,7.37792042799738,0.2146,0.150744887713422,27.1154370165082,0.33,0.11720526139991,7.90585736162312,0.175,0.160357452646333,1.20578622343754,0.0164418333813782,0.171567894101178,97.274050262012,0.602130627410885,0.15948514843441,4.57261925984919,0.167865585869554,0.140375320932271,1.01158236655188,0.00257459610496348,0.196172370437413,7.18561784115829,0.31163490526943,0.175495105080292,1.28462743961633,0.0536805789748213,2.91392812701103
0.143662140743243,31.3002049143139,1.04,0.198567055496068,5.19227491356753,0.2146,0.146010794498339,81.9325984238547,0.33,0.129408853631575,5.96194127391598,0.175,0.165546215087417,1.15482354244809,0.0183259964463516,0.18253945913632,18.3681753422353,0.547135466488516,0.173996643620838,3.90299369276608,0.164811549858847,0.161421132288923,1.00288309926358,0.0153513601805266,0.177948789082099,8.68929909148323,0.268766319297893,0.186764333106488,4.92802801770652,0.137898862517778,2.91188955478991
0.128373824507068,43.9889137703121,1.04,0.184473203598358,8.61921539420481,0.2146,0.171694401443759,9.13019893034057,0.33,0.135894679503161,5.4685090410485,0.175,0.190199370765579,1.12528574084121,0.0298123091555965,0.160032303701041,6.0805937181354,0.213463512032989,0.160021289009627,3.78132852701561,0.144366316122861,0.118491496442287,1.01449885892793,0.00349914296326714,0.194775018331212,16.7998856852757,0.470788162269889,0.187734747672686,1.65979714701382,0.0740880407829042,2.69561748332751
0.150014548166443,29.1606812358378,1.04,0.190807262304948,6.42545597022062,0.2146,0.181510499343954,7.77043304452438,0.33,0.13643675893507,5.4685090410485,0.175,0.162707134693329,1.00577451078852,0.0158927135832123,0.195218868120524,27.2495189410318,0.792658640214119,0.171022543498791,4.44285270778494,0.182537253683329,0.179372850147663,1.00577451078852,0.00714617830375922,0.148696293221131,2.66137624774655,0.0880364910936865,0.0914466250406414,1.00577451078852,0.00143232462252248,2.84730360150063
0.144909024506977,30.8037607665866,1.04,0.176638294536639,17.9112775331676,0.2146,0.165848559182116,10.6050508775566,0.33,0.100530259234967,35.3406177836102,0.175,0.145383401730066,1.00867425853989,0.0094797623690131,0.154165590365239,4.85759838400825,0.168912516604539,0.196724066672195,73.9975437812294,0.960850911850237,0.176796382382574,1.01158236655188,0.00130070130128927,0.184589723998552,5.02834834499989,0.213673394439856,0.197738952267969,1.94456383978917,0.0922998805425592,3.20611716710749
0.154831385572184,27.9861468254964,1.04,0.193273591273586,5.96194127391598,0.2146,0.153993655110449,19.5274404763682,0.33,0.109369578729572,11.4295469118117,0.175,0.183101952820485,1.00867425853989,0.01159941138946,0.199091036414653,22.4692148500539,0.781059887864043,0.0999809880399209,4.32921447906216,0.0581707200691799,0.153024935338252,1.01449885892793,0.0103909070023841,0.185489200056102,3.32185250376586,0.150425645437037,0.199700616622036,14.257340102472,0.233953469876747,3.00520004163885
0.140792426447624,32.6883995622381,1.04,0.180922268212967,11.2337631385307,0.2146,0.18886005385155,7.20989540649827,0.33,0.142474636835301,5.16245677334822,0.175,0.181289887624804,3.20905081491668,0.0305666160712949,0.198548204904186,8.1325652583707,0.393906346259849,0.194569054411353,7.52435222533039,0.353235752595539,0.197622835426791,1.11240149892777,0.0379232020414018,0.168937465993565,10.2980071327174,0.246024864537537,0.176317736162426,2.85176528809274,0.0914922163675431,2.91274899787317
0.152176675429128,28.5673783641001,1.04,0.178356507826837,14.225794745742,0.2146,0.167586946897869,10.0693514841637,0.33,0.118549137383334,7.54986123554579,0.175,0.148989439658803,1.00577451078852,0.0106149284195229,0.162429698255215,6.01097243209366,0.21812805616364,0.13682839284091,6.01097243209366,0.141116555940363,0.144563255679604,1.01158236655188,0.00789862577449223,0.155708490464539,4.45566189315493,0.13533839662962,0.195103327890129,2.0538945595859,0.0942629801959399,2.36695954312358
0.136159675442578,35.5708867752697,1.04,0.178939507483644,13.5852155412096,0.2146,0.154168825977871,18.8641750980704,0.33,0.101032364774822,31.4955447653674,0.175,0.159654493934161,1.00288309926358,0.00143646713983053,0.0906030748816282,20.8487379146156,0.0633709376955699,0.148237401805247,4.23064516672908,0.138845664336077,0.194046237347774,1.01449885892793,0.0237636511801084,0.153453315589191,1.70827639380871,0.0627705873020421,0.165259764483267,3.58004488871148,0.0827419512689149,2.13252925892254
0.142448014948053,31.8773741273602,1.04,0.185715421517454,8.0436418748083,0.2146,0.15786089498682,14.7259744294318,0.33,0.109900707736158,10.9148811093176,0.175,0.179146305350024,1.00288309926358,0.0200544246454123,0.148484134929761,23.5962620603196,0.289820110550914,0.196712756317338,23.9383809351586,0.723010188806404,0.180094106666151,2.2008256876077,0.0327953082046341,0.153179376769373,15.1023580078497,0.194473525074611,0.130407913309926,1.00288309926358,0.0253197210450944,3.04507327832707
0.153056169423881,28.3723054911643,1.04,0.179546640290716,12.8249011680643,0.2146,0.16024939746034,13.1237826598188,0.33,0.138940152978216,5.31327973469088,0.175,0.179571968830133,1.01449885892793,0.0143061714801892,0.189801748063042,142.655517033306,0.949299330991986,0.1635667597324,22.8607130534172,0.372388963659477,0.119207031773179,1.00867425853989,0.0060122299476989,0.137348880155226,3.23688695135292,0.0842485125786834,0.139902311900441,10.9713498785374,0.0558642881484043,3.24171949680644
0.127313063148387,45.730492159725,1.04,0.184161786820023,8.76943242226474,0.2146,0.168869438257615,9.72733778147489,0.33,0.117133244910539,7.90585736162312,0.175,0.191773363713408,1.00288309926358,0.026095523039646,0.172421819787228,6.8227347852315,0.268805395504692,0.154879267873234,8.56511470172144,0.228905497121789,0.190565079036924,4.50726900243269,0.0462334144885598,0.154875605636697,3.84721348715026,0.122186771477166,0.0887254060871639,1.00577451078852,0.00264412051226873,2.45447072214412
0.137697689015808,34.4514745147866,1.04,0.197274821322993,5.34396902219665,0.2146,0.153140930666291,21.1671716400053,0.33,0.133043402280345,5.66078210355879,0.175,0.137261665847691,1.00288309926358,0.00675052201429185,0.15375983316993,16.1362253542068,0.299721923145,0.185604261489588,12.2045460501459,0.446446323343267,0.183328591662723,1.00867425853989,0.0250453728194734,0.162841931703582,8.56511470172144,0.204234218838111,0.159786807701864,10.5379392096157,0.0903357069084322,2.83213406706858
0.136488315282077,35.4087709489502,1.04,0.182700625661119,9.67147573126437,0.2146,0.183989900548816,7.54986123554579,0.33,0.11110634055611,10.1860077436388,0.175,0.155685844771064,3.20905081491668,0.0164694427599374,0.199141401125499,8.10918567113405,0.394969636691257,0.196615829098932,19.4009034997931,0.660199934609146,0.16825503829748,1.017423759841,0.0139753431738047,0.139956383271853,5.70741049859425,0.11355649806146,0.190619398196402,3.23688695135292,0.120296269929245,3.07906712522485
0.13562680075585,36.0617012578568,1.04,0.195327964240223,5.59595143755845,0.2146,0.152915393501677,21.2894323619287,0.33,0.122677245859044,6.76729654167483,0.175,0.187036830797946,1.01158236655188,0.0131709336989289,0.19286196682966,10.4473164853735,0.457987601740793,0.196234377345651,17.4405585739443,0.631155190932934,0.13552205530372,2.44116367657533,0.0113766907316244,0.181922991404018,5.60966897361054,0.222536741081389,0.1673699431015,1.67902152597229,0.0596270814835553,3.15545423966923
0.115738762562238,99.6438600672692,1.04,0.191213965641609,6.35186780125658,0.2146,0.154368860418713,18.7558421173328,0.33,0.143175440835731,5.13280987242209,0.175,0.189298647081907,2.00136053357019,0.0342677918773159,0.193135324694626,41.9667875574435,0.867241125478015,0.195617765892554,20.5507751252155,0.675930487321948,0.183112592510482,1.00288309926358,0.00394300373876262,0.163174299733602,5.94214829246472,0.174865093009553,0.1983895445723,7.45964533309522,0.197089360355974,3.71293686178157
0.132447185929436,38.8847728421275,1.04,0.199118916846204,5.13280987242209,0.2146,0.165950214742831,10.5441483060703,0.33,0.132800461782515,5.69347855060436,0.175,0.183005339508892,4.48139116082693,0.0328503254993854,0.194095749267985,24.99478827893,0.753770119395685,0.179255635619593,46.6839173840833,0.611221766480515,0.191519941257506,1.00577451078852,0.030403876859306,0.172173658988216,6.80312071291408,0.218753673186534,0.186985838989772,4.87160332233193,0.136181926323558,3.54278168774498
0.114214869064281,127.519877435905,1.04,0.188256774488477,7.12732336743282,0.2146,0.195896387188997,6.88523803959517,0.33,0.143687979313046,5.13280987242209,0.175,0.183799810554887,1.00288309926358,0.00841199421124064,0.170452605331855,6.90175820040029,0.265391878760997,0.0642573018733579,1.017423759841,0.0129675167322887,0.154364563987668,1.01158236655188,0.00162125012415033,0.176495199794719,9.5553161597167,0.273495853475772,0.182292167735339,8.41843393067599,0.144768613377716,2.46625710668216
0.14731270265489,29.9709634242785,1.04,0.187928443719167,7.20989540649827,0.2146,0.17788539444041,8.13682972063414,0.33,0.131161417508857,5.7927053813632,0.175,0.186617464208102,4.19426304469508,0.0354258887822196,0.176664532374048,4.49431145638251,0.19293081939664,0.171062439153485,32.0166835936232,0.47704320859974,0.197656555550056,1.35685404373703,0.0410069693280464,0.127531699085207,4.71974439753259,0.0824115907402857,0.187282400000754,5.48194575365476,0.142673521307561,2.73109199815449
0.148772147705407,29.495602018995,1.04,0.191955859534868,6.20721013866976,0.2146,0.174128705487589,8.66899963153375,0.33,0.134877470186603,5.53186325116201,0.175,0.187826408934701,1.00577451078852,0.019360424249345,0.159121961183775,48.7440915159157,0.411583741148541,0.193872156758569,21.3344902474791,0.665856270246961,0.184875548712799,3.55949057200184,0.0390571247345051,0.171118018061953,8.25047817477399,0.234536834642489,0.159511960541187,1.26626799854054,0.0446786556233002,3.17467305064514
0.125902670444126,48.5283797398005,1.04,0.189063227952548,6.88523803959517,0.2146,0.178026908788471,8.13682972063414,0.33,0.131827075869088,5.75943909554708,0.175,0.196031877337539,4.88564863828298,0.0443562706919241,0.164655616095977,5.11596107896008,0.197630981700908,0.182133214983518,5.32637338722108,0.235597466028273,0.174048011710161,1.17494491051044,0.0251823370701286,0.193137715959109,6.22226476776323,0.273225561669393,0.196442694457663,10.0057595601981,0.205049431489807,2.74064204865043
0.135820057444839,35.8154532620603,1.04,0.199620550701978,5.0740258605321,0.2146,0.153968485508922,19.6402301778248,0.33,0.0993718588885922,53.8103024049807,0.175,0.194100844005516,1.00867425853989,0.0171555427361986,0.149641625831703,4.65229147967714,0.154684831789844,0.185620292106583,9.02067029565308,0.37050925339077,0.193057300878715,1.56242237457588,0.0397424607364906,0.162629873970554,13.8527304550101,0.235074323087156,0.185084655521678,1.28833114804146,0.0580834959135648,2.63484990765402
0.144273162907333,31.0864708846003,1.04,0.194187754191831,5.7927053813632,0.2146,0.162226401720431,12.0376100385228,0.33,0.139353953400487,5.31327973469088,0.175,0.0980719367045621,1.00867425853989,0.00259472037247653,0.191279529429531,53.7567009439374,0.872193543706559,0.193613465025362,48.8846255702689,0.842630174750237,0.184040567574303,1.51371812544339,0.0325793963212236,0.0939691672822959,1.00288309926358,0.00465286265629003,0.112118307894693,7.3530347199978,0.0261030532538121,3.5403537510606
0.146336429025312,30.315190586218,1.04,0.196641498175532,5.43710454646936,0.2146,0.191884816181166,7.04569699279812,0.33,0.13468393833235,5.56381506816292,0.175,0.197426644319877,1.00867425853989,0.021755876539418,0.112620108148279,3.6424227310724,0.0749616950353767,0.194357187439318,20.0251322921732,0.646543008843282,0.197200113960629,1.8199732981517,0.0443088690890295,0.168483556627132,6.862132740856,0.204981962349681,0.193438651356958,4.43008034640065,0.147579718316058,2.89973113017285
0.11060576855647,377.346054958864,1.04,0.190154129404241,6.61317789021976,0.2146,0.188724650053651,7.20989540649827,0.33,0.136908672968493,5.43710454646936,0.175,0.178302890493473,4.74699861247518,0.0292356333803134,0.0980629570748262,2.77882351455518,0.0494226210180005,0.164105757279518,6.862132740856,0.23600584413968,0.155047600550904,1.01158236655188,0.00698916916238732,0.187294082078461,10.5076446271293,0.34072615561978,0.16922347509404,5.3417298504113,0.0995482222622786,2.52152764558244
0.156967206287048,27.6052439369847,1.04,0.193569708718513,5.89366155277994,0.2146,0.176930723667432,8.27863965605879,0.33,0.129643472048803,5.9277031020464,0.175,0.19743464005097,1.00867425853989,0.0177282139967101,0.1838549232298,31.2877147471334,0.660625763364338,0.196553650200685,10.5379392096157,0.466413396314185,0.178290764166081,1.00288309926358,0.017475329072337,0.143643580756464,1.98987000774274,0.0663027016601374,0.143115792148766,1.15815301335288,0.0335372659126714,3.02168267032038
0.136180426182876,35.5708867752697,1.04,0.196460924350446,5.43710454646936,0.2146,0.161484587899482,12.4608530340153,0.33,0.132717559098165,5.69347855060436,0.175,0.190598356120608,1.33361741419236,0.0314522090355939,0.172870425177215,15.2772790540943,0.42871485220446,0.198857652062538,21.8315600677534,0.722005491795483,0.1687857389233,2.08367368705817,0.0254942459497024,0.195502321056878,6.51558610363938,0.288999877361008,0.102424087207818,1.91126246166401,0.017148008141579,3.27341468448783
0.118486039895719,75.7565453123505,1.04,0.183934125391476,8.87102875502857,0.2146,0.182190480174815,7.68144139281058,0.33,0.129339466714818,5.96194127391598,0.175,0.152813393003318,1.00577451078852,0.00321342031320184,0.193086318180757,14.4224738415937,0.56763912918937,0.123606150676793,2.33126636583218,0.0648374787222511,0.19916522614681,1.00288309926358,0.0172103017925383,0.184909752800952,6.96162583541039,0.265915357035787,0.187745813157784,12.8907317012169,0.176447653283126,2.85486334033627
0.113589223977734,139.718746449899,1.04,0.194947097155897,5.66078210355879,0.2146,0.173819806694816,8.71907142059136,0.33,0.137114371484027,5.40588040128206,0.175,0.1922426488712,1.47500060364494,0.0332639345295078,0.184293847764701,8.44270511134198,0.358019867737884,0.172730219518044,32.2015642784471,0.496501604422542,0.178962145825987,4.92802801770652,0.0349512159000017,0.19608936713938,9.44591016576076,0.37093643926959,0.129474611714227,3.31230280598519,0.0371611108791758,3.0904341727387
0.14824328143012,29.6306449410155,1.04,0.194897492957146,5.69347855060436,0.2146,0.195027563055668,6.88523803959517,0.33,0.100036406340592,40.1145247025537,0.175,0.14571655894825,2.0657547958787,0.0123265743569347,0.0723089034249173,3.33142973427318,0.0284514837160406,0.18258593163402,24.3554775355552,0.567828767336041,0.142033822852868,1.00867425853989,0.00184081496369364,0.120147901670439,1.79913505645155,0.0454331019641663,0.19372222833,7.50272113554967,0.179705678258738,2.59518642059561
0.154096732667097,28.1142788446691,1.04,0.173474910228702,40.1145247025537,0.2146,0.166944923343396,10.2448417098122,0.33,0.135472196222748,5.50009492671021,0.175,0.12163260365056,1.00288309926358,0.00472189881155893,0.162563410032065,18.8503244528549,0.376103565734265,0.128325895371396,4.11058351166975,0.100893836769018,0.154000051986342,1.59882507273807,0.0172564705485443,0.153978972243412,9.66598933399762,0.176622684135656,0.171089715228005,1.54898606893921,0.0592846714976491,2.49448312749669
0.112946448106234,162.450626442276,1.04,0.188604311456387,7.00523504030693,0.2146,0.172787191853165,8.92226745608123,0.33,0.121902783385138,6.88523803959517,0.175,0.198989432656218,1.00577451078852,0.0332857359060993,0.191677268913417,9.66598933399762,0.428456759345838,0.180751597039078,13.2672433518329,0.430962173391555,0.133261465086775,2.52697328239242,0.0106989568220284,0.064944262550637,1.00288309926358,0.0103943128042281,0.125117521597307,1.60805750536954,0.0280776894667013,2.70147562773645
0.129845590562339,41.9288471215546,1.04,0.194412065240658,5.75943909554708,0.2146,0.155567805661944,17.0065142632699,0.33,0.104633223749312,17.0065142632699,0.175,0.153079129647624,9.86276078296599,0.0159892387101985,0.0994450167147218,2.16937226517279,0.0439656574907529,0.182535615940667,4.760684680679,0.212125649501702,0.156907393866288,1.00288309926358,0.00214973061896938,0.193513553802609,8.41843393067599,0.331976695471254,0.149465300732801,1.04112859832463,0.0341885794605232,2.3999955512534
0.141494306771114,32.3172247554147,1.04,0.178760440428942,13.8219807931287,0.2146,0.178401251609925,8.0901016229141,0.33,0.102800628560157,21.7855778853565,0.175,0.191216617685684,1.3804955427344,0.0324999043602582,0.190650160136058,29.9653362072615,0.749214565884489,0.186432900907011,9.12515100556096,0.375669351484062,0.182534709576256,1.01449885892793,0.020560198804951,0.126890858998791,2.4062754285944,0.0600396295544361,0.190302541145202,8.1325652583707,0.172810067996995,3.17039371808519
0.136846215094078,35.1669814998765,1.04,0.198558046053625,5.19227491356753,0.2146,0.172335944892093,8.97380210978585,0.33,0.139917880475625,5.2827666892935,0.175,0.174700740557537,1.00288309926358,0.0173661858187757,0.167914619384921,16.9456122371505,0.404679981607264,0.199315172426576,8.84069935203988,0.421243065399266,0.184264982738962,1.00577451078852,0.0232526621812213,0.167856689838927,3.55949057200184,0.13656353440038,0.156443900614935,5.6910027726913,0.0761730571401397,2.83887848654705
0.12237031614449,57.7273604045926,1.04,0.19949276937665,5.0740258605321,0.2146,0.193276765056936,6.96500545227891,0.33,0.136172410601632,5.4685090410485,0.175,0.133947751873317,1.12205075712963,0.00856673028419343,0.127439094257932,7.83381828565906,0.138483858842192,0.17499921129353,123.530142735827,0.603551244305085,0.15008013478366,1.02624915657849,0.0144191675751047,0.190455998311443,13.0025492407616,0.390715593399509,0.195538027954675,13.2672433518329,0.211336528929762,3.12667312333585
0.150424824216207,29.0277801933518,1.04,0.177433368848201,16.1474538514202,0.2146,0.162022113176248,12.177069125071,0.33,0.112573402799151,9.50580704584117,0.175,0.199474357902143,1.00577451078852,0.0204234263898649,0.18711483745894,10.3574730860055,0.428514490901715,0.196788021516118,10.0057595601981,0.450669731164056,0.150296537540312,1.01158236655188,0.00271050782127155,0.123387895164703,5.17521601544173,0.0768422436909394,0.184412699843141,3.36032741709575,0.111653321335418,2.85041372130326
0.110992714726673,285.578555543834,1.04,0.194361365932296,5.75943909554708,0.2146,0.194811536347312,6.92500689429393,0.33,0.111118121062753,10.1860077436388,0.175,0.139955615429761,2.23917234584048,0.0107515503060655,0.178229818142113,5.59354223610883,0.241322333201487,0.0960410942424069,1.28833114804146,0.0274416643426442,0.174837906373555,1.00867425853989,0.0225990981195292,0.196694545368458,12.0648070327153,0.424231617316252,0.193046296559509,8.1325652583707,0.179361817941251,2.66530808122723
0.118341453887827,77.3298985026183,1.04,0.199328552932699,5.10333322739796,0.2146,0.185791799732377,7.37792042799738,0.33,0.109180724289486,11.4955635096105,0.175,0.182930691189064,1.00577451078852,0.0194746471001568,0.151768109120167,15.3654978668113,0.281741443013552,0.196910801404631,11.6551167748285,0.502387649529252,0.192483397783284,3.37001557459736,0.0460080320203541,0.167595763127097,2.48369792620856,0.100456347313777,0.102852597499058,1.00577451078852,0.00171567944255106,2.71138379841964
0.128993517144348,42.9956025366909,1.04,0.192059102694905,6.17156343941625,0.2146,0.189868590920991,7.12732336743282,0.33,0.125377973246927,6.38855593116599,0.175,0.121865823563025,1.01158236655188,0.00213944253836947,0.0863402743909297,1.61734325078285,0.0286341312529046,0.199041126679674,10.9083594392703,0.49265271863797,0.0873573358548251,1.02035709353375,0.00188223014782992,0.193374959424728,4.7881753057283,0.22218600986936,0.126739444622536,1.00288309926358,0.00965910981083793,2.51675364225727
0.148641338151376,29.5630463712104,1.04,0.194024571176695,5.7927053813632,0.2146,0.188780926337443,7.20989540649827,0.33,0.110533118817797,10.6050508775566,0.175,0.197304884757813,1.00577451078852,0.00738843774695839,0.125862346529211,5.87411217212038,0.120317430916582,0.165206981017062,4.27964604980107,0.168619162099393,0.199524744794348,2.2008256876077,0.0489748253272334,0.174445507835923,3.4784466459882,0.143707368730277,0.169867594596673,1.48779514022745,0.0566869699620122,2.30529419478246
0.155058409575532,27.9222999702044,1.04,0.171694161312568,138.379110701763,0.2146,0.182177231938898,7.68144139281058,0.33,0.0997234985578168,45.7963024829641,0.175,0.146134335706845,1.01449885892793,0.00641440272296687,0.167315734336503,178.571831624811,0.557533537485423,0.169069080203312,7.85640396138943,0.273471522702543,0.191141733172506,1.41265954868704,0.0367108306515801,0.156323586754994,9.86276078296599,0.188481604402044,0.150623266693135,1.01158236655188,0.0340641116995069,2.85627600966406
0.132267635453934,39.0628032258884,1.04,0.178622139399909,13.9821123150444,0.2146,0.179137135337624,7.99744893524145,0.33,0.122672033994035,6.76729654167483,0.175,0.193879408222705,2.39935784176774,0.0384991438736701,0.0687801560603223,2.0538945595859,0.0220721587623683,0.199514508924783,61.3687089327262,0.983635125036519,0.177911527920417,1.017423759841,0.0119907194683553,0.152153631367998,4.7881753057283,0.131784325079684,0.18773143344214,9.91971340151178,0.170856764071175,3.11843823629177
0.135119381007813,36.4758827075144,1.04,0.198366731731321,5.22226528215118,0.2146,0.191612516018223,7.04569699279812,0.33,0.113731776635831,8.97380210978585,0.175,0.14802522360062,1.017423759841,0.00940875181980658,0.153491876318788,17.2408685151293,0.305017268870174,0.145361732235324,4.62558101221893,0.141272216360605,0.186244095349412,1.00577451078852,0.0143896579872857,0.0546677164055911,1.00288309926358,0.00370406070496966,0.123060960747311,1.00867425853989,0.0105046488071817,2.24389660455002
0.120433697544519,64.5633077355281,1.04,0.183573043698473,9.13019893034057,0.2146,0.157915107252695,14.7259744294318,0.33,0.125542329088873,6.38855593116599,0.175,0.188503650050255,1.29204553462562,0.0299159010411848,0.196286421391771,221.608491047149,1.13209726616683,0.199525823903221,65.7588922489258,1.00259617033129,0.177857536164785,2.10780755947618,0.0310708752245538,0.155623408719469,5.6910027726913,0.152482117253469,0.161499311365005,7.74412301428478,0.0913071800469388,4.19906951006427
0.135368764666277,36.226806466008,1.04,0.191509915641813,6.27912240806387,0.2146,0.18754820287904,7.293424065782,0.33,0.103995842207457,18.4345617053333,0.175,0.162924787551564,1.01449885892793,0.0146241530042247,0.197772656459042,33.3334849128322,0.880529061978666,0.150330900842117,6.98169689372975,0.193017177656557,0.12806339432932,1.00577451078852,0.00509092712777711,0.0665550962222286,1.00288309926358,0.00697620296771173,0.158995088739161,9.47314366240347,0.0889294400135753,2.94876696274851
0.144561323822125,30.9447929740479,1.04,0.187990845701445,7.20989540649827,0.2146,0.15523403972942,17.7061468586161,0.33,0.109628646933181,11.1692500050717,0.175,0.124419609203596,1.01158236655188,0.00240433358947738,0.1681433957079,57.7684111024247,0.523326858845467,0.138441119010166,3.74881037659201,0.11148838635557,0.180502023060254,1.01158236655188,0.0209443700248892,0.168026341429755,14.4640552653053,0.265367912122677,0.182896865225591,5.29579277470977,0.130508270875993,2.81364013181407
0.130642899306201,40.7952766879486,1.04,0.178322663164901,14.3079623572268,0.2146,0.184405544446159,7.50650397409388,0.33,0.142969902177579,5.16245677334822,0.175,0.193150261687681,1.35685404373703,0.0331891409154258,0.187862833725393,22.4692148500539,0.639627137622539,0.164137938471372,3.21830282695794,0.12753540277254,0.192892505819457,1.45392041663176,0.0384807867995111,0.18792309224782,11.4885459675579,0.356024750565663,0.132211219396549,2.45526020256225,0.0373129299296157,2.99177014860529
0.1118893354658,208.372620627396,1.04,0.183046027353101,9.39694085202226,0.2146,0.195410239585921,6.88523803959517,0.33,0.110986034609302,10.3040154985797,0.175,0.193886900204805,1.00288309926358,0.0110885287221734,0.192801621187344,6.38559396992509,0.30133253986008,0.146120186710465,14.2163529457634,0.228109002067218,0.180669701371984,2.13222095925085,0.0331173022760642,0.160101716152057,3.6952337044061,0.127734134887907,0.184869303201543,2.31788173275986,0.0924133496911155,2.55339485750456
0.112073844443252,199.06836834438,1.04,0.17739783300401,16.1474538514202,0.2146,0.181428436125401,7.77043304452438,0.33,0.142524717852851,5.16245677334822,0.175,0.193075367712571,1.00867425853989,0.0193372277784582,0.0932149037502316,1.4455729400936,0.029475574215643,0.0998663766855088,2.49085867387056,0.0460026744337302,0.132500972790542,1.00288309926358,0.00573675200055611,0.132838056704403,3.43861929685961,0.0806085203436727,0.199559875284661,1.4920846013006,0.073202257782614,2.01396300655467
0.125556226551067,48.9737624989775,1.04,0.199072995447919,5.13280987242209,0.2146,0.158097185897094,14.7259744294318,0.33,0.104993420179302,16.3345266305675,0.175,0.195207297273642,1.00867425853989,0.00814366809858028,0.188663964339972,8.78994173863968,0.386134288151377,0.198519883963545,32.5745345994639,0.842984635045278,0.161356413319792,10.9083594392703,0.0235492203272284,0.187573499502282,10.1508316565282,0.334493175244431,0.187696601987945,2.13836836392825,0.0900631406334708,3.44496812750037
0.144474787378652,31.0155510319859,1.04,0.191933164189897,6.20721013866976,0.2146,0.181614413708027,7.72580908567334,0.33,0.132730770305379,5.69347855060436,0.175,0.174388909866547,1.47925317679908,0.0231132283107052,0.162204393823563,4.55947384416678,0.175449766989661,0.134147929162691,2.18189932872234,0.0687472714875351,0.192234504925298,1.23033252636976,0.0357471590597303,0.15473596397448,2.54156531687388,0.0914358790234077,0.121808809825346,1.9841495077581,0.0276929931560331,2.18178629802707
0.116029353898524,96.0682380646005,1.04,0.18118291093121,10.9779250183872,0.2146,0.165042906430777,10.8521992481272,0.33,0.123179158389515,6.68979340981204,0.175,0.175540209654834,1.00288309926358,0.00967106794709521,0.0864853344919933,4.39198314906283,0.0448283296663642,0.12448010820886,5.14550325140415,0.105051532023301,0.19141359915666,1.02035709353375,0.032791960929869,0.104915730928044,1.79396288338358,0.0346189251256707,0.163452587047138,1.84105289600553,0.0595274851802268,2.04608930087253
0.146213554925511,30.315190586218,1.04,0.185842016032948,7.95152127198837,0.2146,0.15265490763893,22.165260329156,0.33,0.122238288026013,6.84569756904508,0.175,0.174176830988037,1.01449885892793,0.013312156499911,0.173790886702298,198.072510456684,0.661169050527367,0.167394049671713,3.80316384938978,0.15403633420409,0.169631581001246,1.00867425853989,0.00227610667939484,0.130605942566609,1.33361741419236,0.0407782335259092,0.0932979919499897,1.00867425853989,0.00669880295087564,2.63787068438755
0.150553511937401,28.9615569832397,1.04,0.187358728402016,7.42053499612018,0.2146,0.170973564961758,9.23597484422661,0.33,0.140503455829442,5.25242887388322,0.175,0.191956510232994,3.66345594042931,0.0391209897377098,0.198325679782661,42.3308183228056,0.96552876877077,0.175449117672842,4.84363370723389,0.204973978422439,0.186219303059382,4.54636621906863,0.0415514252091245,0.178106106521947,16.751589190816,0.33676282100302,0.158944624526408,1.8570226648111,0.0558938715961895,3.40343185473925
0.146235109667263,30.315190586218,1.04,0.176746330577271,17.8084168422602,0.2146,0.192145743243452,7.00523504030693,0.33,0.111846489228382,9.84003171633479,0.175,0.170791277745613,1.01158236655188,0.0186173623099177,0.191705484925125,128.610764357393,0.983255378817061,0.179628527178027,24.2156440378081,0.534881429255673,0.172916057400075,1.46231609576324,0.0259593134131142,0.0848113055098634,6.09812467340626,0.0292119828221876,0.193747009728074,5.37257572706184,0.161877123433857,3.51340259005181
0.131577828124675,39.783113123507,1.04,0.191769499538953,6.24306273180741,0.2146,0.177262649711586,8.23109717377527,0.33,0.135620445980502,5.50009492671021,0.175,0.1216527627579,1.00288309926358,0.00189918060302223,0.121788720076572,120.370518157282,0.165535044034693,0.148008850051247,5.46618619625777,0.162104610084648,0.139567815973331,1.00288309926358,0.00641208526148721,0.15622041555622,8.6145740489714,0.178657310359054,0.185323101080157,4.30435891208667,0.126593382797789,2.40080161314069
0.127104702263977,46.2557231076727,1.04,0.189043005064387,6.88523803959517,0.2146,0.182617957075926,7.63732849425456,0.33,0.108242654725201,12.3181438842284,0.175,0.193106174756492,8.27426512232383,0.0439384495304431,0.10910203853463,161.455191103366,0.115836624128629,0.183190493034905,4.63891702142887,0.207312679584948,0.196534196227643,4.24284253669373,0.0524312379182295,0.134975082005738,4.69264665877481,0.0954768429032753,0.187183728005984,2.07171057200942,0.0877983992517683,2.36239423331729
0.13569041126549,35.9794310462357,1.04,0.185562585107839,8.13682972063414,0.2146,0.162014451227295,12.177069125071,0.33,0.108642554167275,11.96848058178,0.175,0.18824843961157,1.017423759841,0.0203668700708015,0.178033898316873,4.94223601165526,0.213985086020843,0.167520561116024,8.370100693918,0.277616376909229,0.177569228853442,1.00867425853989,0.00700652882903637,0.191227729895502,6.8227347852315,0.284195109121485,0.127115444090318,1.54009278652809,0.0289342238163357,2.59170419476773
0.117739425809179,81.6871071808705,1.04,0.193530574181438,5.89366155277994,0.2146,0.165440575853166,10.7279133646656,0.33,0.141960911108079,5.19227491356753,0.175,0.186930977545666,1.00867425853989,0.013457351404282,0.158527296454262,84.9634830921517,0.428911525947137,0.18834537284021,7.2688443008963,0.324265542775308,0.178664324480403,1.76324060258228,0.0307092913203896,0.116549351403237,4.8997344482741,0.0650273784781799,0.188280897283151,2.46943812909056,0.099722605753716,2.72169369567901
0.137305387293961,34.6883445186206,1.04,0.18558064625742,8.13682972063414,0.2146,0.186799983256754,7.33555058635551,0.33,0.107145188142554,13.4296295187868,0.175,0.16741622418746,1.00867425853989,0.0136971344096761,0.161712307609094,7.83381828565906,0.256419176636914,0.183365395724172,52.3817248465878,0.669148245978276,0.180119874077695,3.39924796097488,0.0351286283779753,0.126667271358115,1.80952418124502,0.0500013121601411,0.193627788665868,1.42081696649143,0.0673524336574651,2.85134693122045
0.140935655989245,32.6138251119006,1.04,0.180117197020477,12.1071387841942,0.2146,0.195866258803457,6.88523803959517,0.33,0.112306280835319,9.67147573126437,0.175,0.15512394740337,1.01449885892793,0.00519155769164404,0.195003931508247,71.6908725083659,0.988278614843453,0.193696129892423,31.7413509094294,0.760435134200542,0.188227465688772,1.00288309926358,0.00552635981258397,0.150832066988433,10.845730650619,0.171522684652944,0.162483861236531,8.84069935203988,0.0953690701346124,3.78592342133578
0.122250089206465,57.9916598558987,1.04,0.198562395375528,5.19227491356753,0.2146,0.175560007451595,8.47157152646274,0.33,0.114937226072713,8.56971705725559,0.175,0.161887839574319,1.00288309926358,0.0107892261374841,0.194738055580807,81.1385620543712,1.0146874622539,0.18806692724763,31.6501005279053,0.675739718915877,0.183323442065752,1.00867425853989,0.00769324298657865,0.163326376675171,3.55949057200184,0.130027744685826,0.177561019987785,3.50861959151272,0.102089384685684,3.70062677966535
0.113528483492181,144.588408764049,1.04,0.192662014513617,6.06584691482126,0.2146,0.186866965632163,7.33555058635551,0.33,0.125685158412968,6.35186780125658,0.175,0.189165305034313,4.0401882420282,0.037876244886047,0.197194961488818,9.72180569368846,0.452987648290152,0.167938895144852,9.0989179220007,0.29188740024947,0.144977446093673,3.83615347588896,0.0148165209273606,0.178243220593157,7.52435222533039,0.252694220448819,0.165745315144067,3.27437776251048,0.0806415665868799,2.89050360138873
0.135597420379137,36.0617012578568,1.04,0.198560194703035,5.19227491356753,0.2146,0.191797076419266,7.04569699279812,0.33,0.133962913140723,5.59595143755845,0.175,0.196518914942131,1.01449885892793,0.0043252623277366,0.178651004519025,12.9278969602916,0.434513627766386,0.181971819653564,50.0235828063934,0.645171838687735,0.141986664269247,1.00577451078852,0.00984432646269022,0.123659318034308,1.85168407581574,0.0487977956395888,0.183771817763969,1.28093437865255,0.0572096775989598,2.9594625284831
0.110491485932389,358.035143385096,1.04,0.192339159691215,6.13612145164168,0.2146,0.188351237064372,7.20989540649827,0.33,0.127689584180689,6.13612145164168,0.175,0.144918933395514,1.01449885892793,0.00962416950230449,0.198513307474108,25.2842870786632,0.806161263596558,0.172967718443554,13.0025492407616,0.375560917804088,0.169364671374021,1.90576794350953,0.025289147419418,0.167984131797913,12.2045460501459,0.25445130786875,0.199168445474253,3.46844676966084,0.141052829891628,3.37173963608275
0.142541570179284,31.8046499290028,1.04,0.1873035937467,7.46339570425412,0.2146,0.189009412053908,7.20989540649827,0.33,0.122451151878715,6.80638417108163,0.175,0.0857572767535803,1.01158236655188,0.00194979651113034,0.199122537538398,28.6988481348414,0.868162683559326,0.197458590628736,32.2015642784471,0.816913075728285,0.198858639572573,1.72806227717372,0.0456214477477671,0.192296201371099,6.88191695070772,0.288169611033788,0.0740408989205278,1.57144459943409,0.00750525021063661,3.78792186479093
0.140530470147413,32.8380604164296,1.04,0.196829095856188,5.40588040128206,0.2146,0.176688196799573,8.32645674178507,0.33,0.143587368808609,5.13280987242209,0.175,0.175750619333313,1.00867425853989,0.00408702257906102,0.192778815714073,21.273157622404,0.68597150866758,0.0774001264882683,1.73804099143649,0.023862603714538,0.091999717272886,1.00288309926358,0.00159290259694619,0.185675970127192,10.6293480187976,0.333441559821546,0.182362752514958,7.67752616736229,0.143710114275413,2.95226571165508
0.129077578830596,42.9956025366909,1.04,0.184422049552812,8.61921539420481,0.2146,0.181969169969718,7.72580908567334,0.33,0.113742281905448,8.97380210978585,0.175,0.131351038311843,1.01158236655188,0.00754415720436703,0.17910688431336,9.50045567592029,0.365775256461475,0.192370785835053,23.5962620603196,0.673381446866419,0.197344201214758,1.86774606222357,0.0454739713813342,0.190071960719152,10.4473164853735,0.356938849052185,0.159720338699906,1.00288309926358,0.001688322646592,3.21040200361237
0.14401816963687,31.157552901849,1.04,0.189822728221875,6.68979340981204,0.2146,0.184339449676845,7.50650397409388,0.33,0.113739939835825,8.97380210978585,0.175,0.199871312786885,1.01449885892793,0.00934741079888137,0.195927138180396,14.5895202202118,0.593231629410621,0.190822207658884,24.99478827893,0.661992303028752,0.180492141028021,1.01158236655188,0.0238319117821306,0.157478338946405,3.94819959636536,0.129362732539588,0.155599385416739,1.42902148939294,0.0459991869358716,3.22336517449585
0.11971367168685,68.0455813324799,1.04,0.172224995593072,72.1820504265165,0.2146,0.17017707669362,9.39694085202226,0.33,0.131705783551249,5.75943909554708,0.175,0.147189589655296,1.00867425853989,0.00235131388745056,0.171233368341114,5.23515726431772,0.214448104305962,0.151630279110563,4.37935702804035,0.148552882598166,0.189697992357763,1.01449885892793,0.0066282095848779,0.188129847857453,9.39167782086193,0.328178409687748,0.199089979439117,4.49431145638251,0.161098783607629,2.62085770367183
0.156495139618075,27.668365815083,1.04,0.173851809343528,32.9806438387618,0.2146,0.192363742534504,7.00523504030693,0.33,0.131947017374012,5.75943909554708,0.175,0.168972044372945,1.00577451078852,0.00354173468334213,0.0952012972729439,72.7303083552848,0.0761263021823738,0.178365995454426,9.83440721077889,0.355132350984233,0.182087237174648,4.84363370723389,0.0376651036724765,0.186968201664146,4.57261925984919,0.202645047187851,0.111876853763718,1.00288309926358,0.0111213176277061,2.44583185633798
0.110957608800169,309.344776636453,1.04,0.188294088045722,7.08639265188016,0.2146,0.16933605330855,9.61593448503166,0.33,0.142136519372722,5.19227491356753,0.175,0.106667971939958,1.0232988843187,0.00301282916325644,0.107624818657273,1.43314150019665,0.0350980023207748,0.193137209491504,15.7234968241093,0.572480022007617,0.187568649054596,2.31121826109334,0.038955809409532,0.187263203702772,8.78994173863968,0.311092702963224,0.184132548367631,5.75691805285236,0.136552039418886,2.85679140528329
0.118263177042029,77.6839463856421,1.04,0.187739640844599,7.293424065782,0.2146,0.185426588917575,7.42053499612018,0.33,0.143025181065291,5.16245677334822,0.175,0.181655961288889,2.97761447568876,0.0304008093629335,0.175724745745104,97.274050262012,0.663634348604974,0.162376112828682,5.95928009583079,0.209912807786663,0.178851774113364,3.20905081491668,0.0334741957499006,0.137634449814917,3.73803325566538,0.0908355104345637,0.197009541349145,2.46943812909056,0.110423383840763,2.8982810557798
0.150866937206509,28.895484853008,1.04,0.187526327343788,7.33555058635551,0.2146,0.172687898661193,8.92226745608123,0.33,0.111847085767131,9.84003171633479,0.175,0.197500877793655,2.90981894079874,0.0437158473365917,0.160108617826093,9.04667778353943,0.269981800274215,0.176893791238062,5.40359972355987,0.227958503088091,0.16969028755784,1.01158236655188,0.0204499785816811,0.162846478089389,7.52435222533039,0.193418165600605,0.119108576921508,1.00288309926358,0.00229839096803766,2.51742268584922
0.125613048691434,48.9737624989775,1.04,0.189544253570965,6.76729654167483,0.2146,0.162642580843741,11.8314103761204,0.33,0.137605222408016,5.37483556977805,0.175,0.171803817178055,1.18513668643434,0.0210948208159904,0.150772007549782,12.7431360287119,0.260754826281692,0.181633897366411,8.68929909148323,0.344655446411435,0.17578125398974,1.00867425853989,0.00223023740437851,0.15097975728855,1.83576021707557,0.0661956360667548,0.167185108180533,3.90299369276608,0.0873094606139018,2.54184042759415
0.115906998084155,99.1897289455312,1.04,0.171294017284387,281.011674071587,0.2146,0.183637565765353,7.54986123554579,0.33,0.130360763240922,5.85981549695445,0.175,0.191370823818761,1.90028922105573,0.0353495538582519,0.176739047518455,47.0888657531278,0.625933683959217,0.181552107410269,16.5597876601153,0.484739665442882,0.173903805251663,1.00577451078852,0.00220090565783048,0.15471731765789,6.84240540686637,0.160033553469892,0.126921783714809,1.00867425853989,0.011678156536884,3.07953551892496
0.132665027881466,38.6192474496644,1.04,0.172100718038008,77.3471332892138,0.2146,0.157213309093566,15.5989924644673,0.33,0.139084973568867,5.31327973469088,0.175,0.199755989825219,1.01158236655188,0.00897653083813528,0.185995910957611,10.1800975118018,0.415124045812508,0.15124521581763,2.85998721049474,0.103303352752015,0.18410132445224,1.00288309926358,0.00874799862742577,0.187508816232723,10.8145512259435,0.345295487724345,0.168671904256721,2.0538945595859,0.0684768666119462,2.70952428236638
0.156669619121543,27.668365815083,1.04,0.172236542873563,74.2908740116972,0.2146,0.150107191302846,30.4257730029708,0.33,0.110062372487487,10.9148811093176,0.175,0.195392254579877,1.58051892322707,0.0362304566198678,0.133741160305339,2.21353437928443,0.0696747758865893,0.19677232410972,78.1579650331584,0.964449363444041,0.198854020921465,4.11058351166975,0.0554565257903806,0.147880369653065,12.7065019223768,0.165232139056008,0.1719217476419,3.78132852701561,0.094945249037507,3.14558850983439
0.135138268136364,36.4758827075144,1.04,0.198923562933838,5.13280987242209,0.2146,0.146532515061364,68.931734977,0.33,0.106897419452037,13.6636831932795,0.175,0.189617800107116,1.30701047960937,0.0308260477825164,0.141326353243047,3.50861959151272,0.113416677306004,0.134402200728836,3.45847564108692,0.100242259899557,0.199333644794062,43.0683803351352,0.0626067056172918,0.158340819277692,11.9955386652786,0.206074352093202,0.193376518445337,2.15071639511557,0.0960078051152057,2.36877384781378
0.117666894347686,82.0611041461807,1.04,0.196784299506415,5.40588040128206,0.2146,0.184395191938933,7.50650397409388,0.33,0.101687977324396,27.2720546771616,0.175,0.139001035761203,1.00577451078852,0.00861081872673601,0.108836160460181,4.0518365057735,0.0730075225732105,0.191307208668234,11.8241026687353,0.47285770043353,0.176613075546133,15.189566737098,0.0356315651280296,0.184333246804533,12.9278969602916,0.354836221919792,0.190077991384867,1.30701047960937,0.0608202532325718,2.76536408201387
0.143779625639772,31.3002049143139,1.04,0.199646248320889,5.0740258605321,0.2146,0.193968015645437,6.92500689429393,0.33,0.119112639703097,7.42053499612018,0.175,0.194390963484869,8.78994173863968,0.0447070993073361,0.191224474787606,41.2480907306527,0.819631948068102,0.154001747455689,2.79486986091936,0.103153153462098,0.141389528900999,1.00577451078852,0.00132180017863313,0.139326039413368,2.0598161414781,0.065066277760163,0.162801810247363,2.01872085226992,0.0623413645756933,2.85582164335203
0.113026345347778,156.979373938301,1.04,0.184739794586033,8.52050297882047,0.2146,0.169096447763802,9.67147573126437,0.33,0.136710230497123,5.43710454646936,0.175,0.178548073734616,1.01158236655188,0.00974316213080439,0.183695686036317,21.2120013170279,0.582255290158476,0.171652913785698,8.27426512232383,0.293911516795207,0.194890976117932,1.00867425853989,0.028560831004122,0.175672411678229,12.2750213329814,0.292742056819136,0.141939238168921,3.98244730043134,0.0515267174721771,3.01833957437992
0.121203055828219,62.2465168810954,1.04,0.17807322241348,14.5573237532004,0.2146,0.180513406549885,7.86045568946845,0.33,0.105249633741847,15.9625235417481,0.175,0.123052506216968,1.00867425853989,0.00624757192903414,0.0661514972713264,2.82724106811333,0.0227826786370712,0.188867404272378,125.682502275981,0.844544559812928,0.19703484180447,1.00577451078852,0.0321089435815282,0.191391773329489,9.6938573407282,0.351377158433889,0.191756462912193,1.73804099143649,0.08004042996066,3.09670134235511
0.142136732470481,32.0233217756139,1.04,0.174526038331406,28.3940023084533,0.2146,0.18633910320748,7.37792042799738,0.33,0.11307309174453,9.28932145903777,0.175,0.135393773218599,1.01158236655188,0.00115470703267816,0.167616742835842,8.01633751167032,0.282177046684555,0.174983549632856,47.2246276273033,0.555040169512563,0.137520693591173,1.01158236655188,0.00411913203033204,0.193763221304866,6.44098426295101,0.281307227372921,0.119266427187508,1.00577451078852,0.00541498363788757,2.88881326627094
0.127032304566001,46.2557231076727,1.04,0.176223906422051,19.3038005361259,0.2146,0.155420759182535,17.1047431975172,0.33,0.137659083360046,5.37483556977805,0.175,0.166865154524604,1.017423759841,0.00526804848178655,0.14283537626723,11.8923810771604,0.217249646121512,0.188125618102051,15.0156499750721,0.517674774027508,0.181041599647263,12.4888983567305,0.0391114955419795,0.154075918562714,1.80952418124502,0.0669825661230081,0.125558250162356,1.92229906736858,0.0299877577178628,2.63587428801366
0.124081159323256,52.6871741304354,1.04,0.174696265179067,27.1154370165082,0.2146,0.151700584991419,23.8885117732672,0.33,0.133531801660631,5.6282734253157,0.175,0.157566727588118,2.27818714703702,0.0168375987262206,0.1612890092235,8.44270511134198,0.264969959046974,0.164418741294006,7.22711126890421,0.243886367597385,0.142827621399399,1.01449885892793,0.010588669547488,0.183350301810897,13.2291025360534,0.350561418823762,0.146145086488102,7.58962040187813,0.0629110400044269,2.70935505374626
0.140354797091096,32.9131476009994,1.04,0.190706109265104,6.46256914239905,0.2146,0.17566599724888,8.42292107712042,0.33,0.136554194178217,5.43710454646936,0.175,0.169946326620429,2.44116367657533,0.0227748488376738,0.181696260009073,10.9398093223365,0.413327960577767,0.185291136824284,19.7958495069776,0.553169695181278,0.156393206054749,1.00867425853989,0.00988282043757121,0.0503923467923383,1.00288309926358,0.00594351506560078,0.185328730132407,7.4811522310616,0.151032898621471,2.91573173872136
0.154038556199497,28.178564676959,1.04,0.179701009407182,12.6052155093052,0.2146,0.150158840489964,29.7328553694936,0.33,0.112186103945666,9.67147573126437,0.175,0.18897536088928,1.96143148928283,0.0336258725718494,0.182619920781191,75.5039187012513,0.765121654496653,0.162949813707253,25.2115995346114,0.374253757054354,0.159614993106818,1.017423759841,0.0120410539530238,0.17232388604486,3.51873529007318,0.14224161079396,0.155517110889392,1.27358007675926,0.0426414911033714,3.12952543997321
0.123446705520882,54.3991086563875,1.04,0.182400289275177,9.84003171633479,0.2146,0.151796849291181,23.8885117732672,0.33,0.109732712510004,11.1051073569377,0.175,0.19608758667827,1.00288309926358,0.00429048569210482,0.151967419384835,12.8167214051892,0.270417709093144,0.175795038924615,205.034978483135,0.63011020818439,0.186437096841059,1.01158236655188,0.00631514686983661,0.14056271469136,16.3231210310229,0.145001421806898,0.108172774019845,1.54009278652809,0.0187676412685119,2.83450261291489
0.11221869574353,199.523556109014,1.04,0.177070259063234,16.6192073042701,0.2146,0.178638788290445,8.0436418748083,0.33,0.116156661682734,8.18382771794484,0.175,0.11186580034844,1.01449885892793,0.00227718458470882,0.141031189614081,55.4863358814509,0.267435595414342,0.170200555107189,19.3451295709733,0.40937676004571,0.144257809047244,1.00288309926358,0.0119307418203452,0.155852143804968,7.54604567969013,0.17161946238738,0.191867952869895,5.49775074742009,0.156785479378734,2.77902522363122
0.110254909339155,455.068989179893,1.04,0.197823267476829,5.2827666892935,0.2146,0.187409202745623,7.293424065782,0.33,0.12366823845813,6.61317789021976,0.175,0.196831783420783,8.81528401319323,0.0473075363592499,0.185913027223322,23.8009421380058,0.630806972597295,0.156103751691828,4.73335188912938,0.16590018369443,0.19104416418869,10.0346071582177,0.0490195903159232,0.180290985993602,5.46618619625777,0.215393161947927,0.125107812413693,1.28833114804146,0.025780960219377,2.8938084051342
0.148234027060973,29.6306449410155,1.04,0.184795038030442,8.47157152646274,0.2146,0.147300355974195,54.1211085216805,0.33,0.140803412336685,5.25242887388322,0.175,0.144863006370074,1.01158236655188,0.010971023026695,0.179123460812721,10.4774371358388,0.387896333544871,0.193471979722481,14.9294397640879,0.559248726981838,0.177782021561542,1.78366310156055,0.0298956862081071,0.150984442549706,2.26510726072284,0.0798260505726972,0.116228600913065,1.66458250694606,0.0232424544642073,2.85068027479842
0.155172765886864,27.9222999702044,1.04,0.184097478450382,8.82008430703416,0.2146,0.15812163991957,14.6414062627396,0.33,0.134960578066699,5.53186325116201,0.175,0.141958544996469,1.01158236655188,0.00921909792982255,0.195431928397193,7.78884153617836,0.369549374384344,0.18660699976689,18.0017127911777,0.547518737896109,0.193889464678829,1.06538573309788,0.0349231732340447,0.181397667007701,3.52888015319671,0.154601089767556,0.166657074461129,2.66137624774655,0.075003202348222,2.9504146755601
0.139406518603676,33.4435873623523,1.04,0.192241223133876,6.13612145164168,0.2146,0.152284569451272,22.944592035995,0.33,0.137364258260937,5.40588040128206,0.175,0.176020657692097,1.28093437865255,0.0234611311371155,0.194872588539636,28.0454211126682,0.786127701069641,0.1514847617206,8.78994173863968,0.218817848571635,0.199289844968138,1.00577451078852,0.034922322627974,0.174844093317567,5.14550325140415,0.192614250711073,0.196347054960446,12.2045460501459,0.213050123919386,3.22859337803682
0.110503694136951,386.063738936741,1.04,0.196146479845771,5.50009492671021,0.2146,0.173858795771526,8.71907142059136,0.33,0.113716568333757,8.97380210978585,0.175,0.159435052295449,1.45811221351425,0.0164126335927385,0.126904766020861,10.690727303607,0.149268407417664,0.188764515523298,63.5258869923343,0.785012062214922,0.110419218031781,1.01449885892793,0.00536172868394338,0.180868435844343,11.7901106095195,0.317726776580614,0.173286238648471,3.95958264771409,0.0994127257224724,3.13279433421235
0.130409847905797,41.2638249329961,1.04,0.183003376326067,9.39694085202226,0.2146,0.154546345165266,18.6481312700654,0.33,0.141499691385209,5.22226528215118,0.175,0.135767261057679,1.00577451078852,0.00617142114422268,0.170875082187301,42.5752580898973,0.536605493069074,0.175791522993081,8.370100693918,0.311764469441614,0.165542638231848,1.00867425853989,0.0166830463592974,0.109148833909078,1.35295334494457,0.0314345933075788,0.197229915436001,14.053579239644,0.22204294901608,2.88430197233787
0.144274130740374,31.0864708846003,1.04,0.176061491859185,19.4152985023894,0.2146,0.196111906520808,6.84569756904508,0.33,0.122377486219868,6.84569756904508,0.175,0.193122667308242,1.74807732789242,0.0353526831831482,0.127391611556463,5.67464221589759,0.121677932226949,0.19843984037107,8.10918567113405,0.388448533413528,0.186697921703911,2.2008256876077,0.0380657118622494,0.187344983062579,11.0665182039154,0.347824325505473,0.188752995206192,11.3897483457029,0.178624920377593,2.86959410656894
0.152093013138858,28.6327002492754,1.04,0.186568617698414,7.72580908567334,0.2146,0.183075951611424,7.59346892677529,0.33,0.102198673034988,24.7284330905736,0.175,0.156847814687525,1.00288309926358,0.00448061148089226,0.173087024443464,54.0671195934932,0.588972196370423,0.161384800037186,8.63941072106801,0.256034428512573,0.168944447394187,1.38846722913941,0.0235281682259524,0.149212503156251,12.7065019223768,0.17006797617851,0.160827304253211,3.32185250376586,0.073211317698934,2.87589469846728
0.147510601972355,29.9025884608853,1.04,0.175331446333003,23.2104115663104,0.2146,0.148577571661097,39.6551091473924,0.33,0.137295013186394,5.40588040128206,0.175,0.120757998634371,6.72522667244931,0.00667160029146705,0.149411005320023,11.9266679922861,0.25161095577172,0.183720152811813,131.228905716863,0.739757757665299,0.180137065879829,1.19198027101602,0.0283567308243867,0.118817025120396,1.41673238639154,0.0374575734814253,0.173326505136907,2.39935784176774,0.0793535924969452,2.90280821053124
0.157045224601921,27.6052439369847,1.04,0.171405324244659,210.698687809795,0.2146,0.196473113950228,6.84569756904508,0.33,0.121107873370843,7.04569699279812,0.175,0.185931900501074,1.00867425853989,0.0185582617639395,0.135737477387915,5.38806539618403,0.13796606303692,0.180664341821033,4.48139116082693,0.197379619712354,0.165803619191991,1.61269369477906,0.0227209881070312,0.163185482104222,7.12382395041967,0.191200798856714,0.191320927863258,5.28056837192541,0.153365875135591,2.48079160661255
0.149721996931461,29.2273597614989,1.04,0.186260326678703,7.77043304452438,0.2146,0.180698072728969,7.81531474954562,0.33,0.125331728413834,6.38855593116599,0.175,0.145800935030975,1.00288309926358,0.00651043533813464,0.13477186062785,4.15819379664401,0.11765810353454,0.148957520168047,7.08292353206951,0.18861255735915,0.156650647189625,1.09650345009091,0.0170125321240952,0.192905866122748,4.13432012050498,0.194559532352252,0.179840999965854,1.55793070570556,0.0654374640909455,2.34939062479912
0.128736550330753,43.4894223057643,1.04,0.182548648484591,9.72733778147489,0.2146,0.176106392906241,8.37455001705244,0.33,0.107803710896526,12.6780227210752,0.175,0.169616592048669,1.00288309926358,0.00607999337108118,0.148404366451979,9.50045567592029,0.226487451598832,0.176602237324043,9.36467852310833,0.339397411155914,0.188899786388579,1.73304445225245,0.0377203262981787,0.194842511567705,7.06256146630704,0.304744964369027,0.118566865217333,2.14453349218355,0.0261577050438478,2.70018785183688
0.149125212987318,29.3611745608237,1.04,0.173115135295095,45.2718158067401,0.2146,0.160219826416873,13.1237826598188,0.33,0.134125061749076,5.59595143755845,0.175,0.197178802853045,10.0925521055113,0.0482162829086129,0.19140342537151,16.1827476936424,0.58663749327228,0.121062053345193,2.25859550568368,0.0612792153624023,0.160978364098102,1.01449885892793,0.00748016298128972,0.0371241637061936,1.00288309926358,0.00176983818935399,0.198683185025708,3.84721348715026,0.148292419205668,2.61327541191961
0.121701160176279,59.6030628502018,1.04,0.171416263009191,204.717786815819,0.2146,0.191383540255064,7.04569699279812,0.33,0.133876649105755,5.6282734253157,0.175,0.157360596458771,1.32596064017055,0.0154248716124069,0.161690348987749,4.97077500682395,0.187153827214386,0.181351042756683,13.5373258656811,0.440604342329884,0.197769966573845,1.07153781450759,0.0371542281782338,0.181750087421977,4.07523387938939,0.175409237691323,0.187259076900074,5.05738459676651,0.138956328819887,2.75430283584612
0.13702932197952,34.9268431145398,1.04,0.183354977710951,9.23597484422661,0.2146,0.181009575393936,7.81531474954562,0.33,0.103153893594708,20.6851097223421,0.175,0.184793616797852,1.00288309926358,0.0232568694387204,0.161231447255664,4.84363370723389,0.182451539215899,0.173288957232458,15.0156499750721,0.402149522183964,0.189350878200749,1.39648494813358,0.0356242380132166,0.141825682099707,12.169460288151,0.142343543418348,0.178180374525833,2.29794873135268,0.0838099860447975,2.62923569831495
0.130651213191691,40.7952766879486,1.04,0.19924367900046,5.10333322739796,0.2146,0.170465490653907,9.39694085202226,0.33,0.139338259470238,5.31327973469088,0.175,0.190931293292517,1.00867425853989,0.0114198346214728,0.184286772722127,16.9944681193122,0.539569330305853,0.184692773176417,50.167805761144,0.698376280249535,0.146183921653606,1.00288309926358,0.0102052558791216,0.196811700269455,13.9728926204603,0.452208436611474,0.178267372689404,2.00713065465068,0.0768954509937513,3.54827458866121
0.138105664463473,34.2944604573588,1.04,0.176689964665503,17.8084168422602,0.2146,0.161618687731772,12.3892929819754,0.33,0.104772937477838,16.6192073042701,0.175,0.186738440164213,1.00288309926358,0.00343697606264049,0.195096381922494,16.4173790695188,0.626149877760771,0.125485288926316,7.2688443008963,0.120850674013227,0.189016143721964,5.45047194460812,0.0450252789852934,0.173810283961603,4.20635552139048,0.165720243213232,0.140210979161218,1.00577451078852,0.00387787515787079,2.72466092519303
0.12366484769896,53.9043860973304,1.04,0.186672555613626,7.63732849425456,0.2146,0.162525331645668,11.8997481209338,0.33,0.124954399893238,6.46256914239905,0.175,0.199432147019595,5.14550325140415,0.0491948391599285,0.141830202477123,5.74036800209287,0.158116868851684,0.16351236798937,13.4984086137474,0.321997059391227,0.175812084634673,1.00867425853989,0.0111049031846921,0.178288161499763,9.61049343596866,0.279951460750305,0.105876182242162,3.48847535295163,0.0204304694385656,2.6003956007764
0.111660153454954,237.344998833014,1.04,0.187979136959358,7.20989540649827,0.2146,0.171627731403678,9.13019893034057,0.33,0.140378368629755,5.25242887388322,0.175,0.192981016494208,1.00577451078852,0.00714725758129413,0.197945303831483,22.9266227583863,0.770121654551926,0.193361208041621,17.5412692675873,0.602955455829415,0.176275837914274,1.37256962462899,0.0271686936821679,0.150469023526712,8.76467231833321,0.16116116911531,0.097312753923422,1.00288309926358,0.00719430308161853,3.33534853384173
0.151846688023378,28.6327002492754,1.04,0.178597295246733,14.062872426727,0.2146,0.163912583760804,11.2986488972231,0.33,0.131566149732521,5.75943909554708,0.175,0.0928978570119765,1.02035709353375,0.00251341096155909,0.162273930177732,5.20510035615579,0.195859032546628,0.163733726832902,10.5683211343905,0.29200210909441,0.112368987402229,1.00288309926358,0.00232018185862933,0.193924510404997,15.7234968241093,0.449090685104298,0.198607534299687,2.85998721049474,0.12409727553771,2.82548269510323
0.122591293213769,57.2023696800687,1.04,0.184147156435309,8.76943242226474,0.2146,0.173071273221179,8.87102875502857,0.33,0.117671702792994,7.77043304452438,0.175,0.189177088885453,1.01449885892793,0.00414128061998082,0.109700631148979,1.51808232505612,0.0380394790542996,0.172554681872135,4.53329627591397,0.188769657278856,0.190268663037062,1.00288309926358,0.0291853232141918,0.158896553170172,2.80292774815717,0.103234725059556,0.1563415458392,2.63090415150101,0.0624953500625455,2.18546581528943
0.130671656560792,40.7952766879486,1.04,0.185818060439985,7.99744893524145,0.2146,0.151822728593659,23.8885117732672,0.33,0.115407460474656,8.37455001705244,0.175,0.113555229390647,1.00867425853989,0.00416587455474199,0.165213124019411,13.6154972999402,0.356319011524062,0.12071119236148,7.06256146630704,0.108022214422631,0.191442909176039,1.00577451078852,0.0261628512861162,0.125420027731786,1.70827639380871,0.0471722631083974,0.183744854407042,5.17521601544173,0.132283468985,2.43372568388095
0.140684087901273,32.7631445337771,1.04,0.198514007807674,5.19227491356753,0.2146,0.187186827936307,7.293424065782,0.33,0.118120526715303,7.63732849425456,0.175,0.155216450421438,1.017423759841,0.00993589392484091,0.131200547802173,2.42714808378022,0.0743023780672253,0.114193179030889,1.70827639380871,0.0444441977073248,0.15693509049242,1.00288309926358,0.00449061597866373,0.145515579355798,9.89119610131619,0.149001243279079,0.181827540702092,3.56975293664868,0.111314234625393,2.15308856358253
0.122534003503542,57.2023696800687,1.04,0.181819546426114,10.2448417098122,0.2146,0.177792191267615,8.13682972063414,0.33,0.117177917132218,7.90585736162312,0.175,0.179378901976298,2.07171057200942,0.0277355327228946,0.180231379251549,51.0419175604762,0.679912225877229,0.163737454341613,5.773515819051,0.209454392656295,0.179931715343695,33.8167824081596,0.0385099322709083,0.11081860934541,2.48369792620856,0.0454579624434378,0.163695545199691,3.18145405986858,0.0770669306817483,2.83773697665251
0.147424249034688,29.9025884608853,1.04,0.180631204893792,11.5619614165913,0.2146,0.184538484862017,7.50650397409388,0.33,0.127658659457407,6.13612145164168,0.175,0.186012165824497,1.01158236655188,0.0212560193798125,0.179955126141809,45.2286737958236,0.660063886162516,0.193586267867936,55.967638704318,0.856978833837545,0.171374502214379,2.17562678075294,0.0267588512551041,0.194673843559995,6.96162583541039,0.30023961502531,0.186739150064393,3.81412874828321,0.123518608638118,3.74841581429841
0.149923618756416,29.1606812358378,1.04,0.181709136575173,10.3040154985797,0.2146,0.165405165105749,10.7898773556513,0.33,0.121186762065182,7.00523504030693,0.175,0.171458534262152,1.00867425853989,0.00679354239071519,0.186542161108555,38.1632551869613,0.736030436524928,0.182157837028848,7.4811522310616,0.312130736633727,0.147852522147464,1.64552345116496,0.015063497949767,0.142855345921153,16.7998856852757,0.154587449719898,0.0945957100519013,1.00288309926358,0.00329446245080638,2.98750012566984
0.13848534760511,34.0602800981416,1.04,0.194316523896533,5.75943909554708,0.2146,0.173649244995184,8.71907142059136,0.33,0.143378375432859,5.13280987242209,0.175,0.152746467911827,1.00288309926358,0.00140120609653247,0.17268771206787,81.6070975563188,0.603020997283103,0.144985301381815,2.99480874260266,0.10167099695255,0.170128070932431,15.1458996051004,0.0296068680329637,0.175201599777754,2.67674439360146,0.113963843401842,0.159124183255471,2.51246502599404,0.0642622577237867,2.67352616949078
0.115610477785861,102.881531609986,1.04,0.179344783939621,13.0484155426933,0.2146,0.159218717241179,13.5852155412096,0.33,0.127609154575722,6.13612145164168,0.175,0.141879168868988,1.00867425853989,0.00127104797457147,0.17309641582995,8.66431899975565,0.318646361613872,0.198752174345985,43.1925507507629,0.900045158580124,0.168709253536747,1.00577451078852,0.0147777934183323,0.150565215228801,7.58962040187813,0.152989330582245,0.193202835463508,2.29794873135268,0.100866362239748,3.24819605440889
0.143225467227019,31.5154084654675,1.04,0.18382657072915,8.92226745608123,0.2146,0.150880951318565,26.3457371864337,0.33,0.132071316627437,5.72636385099737,0.175,0.160488928552109,1.00577451078852,0.0143637200855442,0.184240782174261,9.5553161597167,0.390331513650612,0.165005206480757,18.6344929252859,0.370166457160585,0.1948976593319,3.56975293664868,0.0492497109053544,0.168720346312877,2.96905439714284,0.119386149620063,0.142872905618117,2.0657547958787,0.0440348998821726,2.74713245130433
0.143624732067455,31.3717756536837,1.04,0.177789216498741,14.9826210048919,0.2146,0.194769906796991,6.92500689429393,0.33,0.13786925143736,5.37483556977805,0.175,0.190914856424211,1.00577451078852,0.0234987522611056,0.109482488495121,2.96905439714284,0.0635672574817743,0.140040528040246,72.1048522251035,0.242430765699463,0.180656210593896,5.65832869261085,0.037503128310821,0.135632289927398,7.31081832073186,0.111722186722086,0.134240276067861,3.01210229799636,0.0409801541029842,2.27930224457823
0.118527929224222,75.4112816415286,1.04,0.174203484110381,30.0773188333397,0.2146,0.148661428987863,38.7520022852263,0.33,0.105195652519497,15.9625235417481,0.175,0.186298047746603,1.4249133228412,0.0293056271955078,0.178693581509133,57.9349631659321,0.664161077239653,0.192508115469706,18.6344929252859,0.609712501064781,0.190651217935926,1.01158236655188,0.0153568095984658,0.163007699907851,4.62558101221893,0.153798465394641,0.188206604893481,5.19013667692469,0.142523117176038,3.37445759766909
0.1505427990012,28.9615569832397,1.04,0.177925766122114,14.8110310584131,0.2146,0.151957438744376,23.7513250862094,0.33,0.113310524893295,9.18293458777804,0.175,0.152557725192208,1.08394875824941,0.0134973400418396,0.170160364909105,109.146421745556,0.581595918074148,0.161446469867137,11.4885459675579,0.290513333916967,0.167044471197657,1.00577451078852,0.00875577114969389,0.119877436805599,4.82970917626452,0.069475707332373,0.178807577476028,2.25859550568368,0.0834963406306255,2.80693441114565
0.127682207318006,45.1080814839962,1.04,0.175245325597988,23.3444739588916,0.2146,0.196478534186448,6.84569756904508,0.33,0.109377938279726,11.3639094334169,0.175,0.171615205817149,1.62668261683323,0.0222383896769345,0.180771725608116,5.23515726431772,0.23058442291973,0.186106693109337,13.3823268507784,0.471705022965719,0.182356058708521,1.00867425853989,0.0160140537202708,0.170620829753217,6.7058929175172,0.209299196279091,0.17653666699449,1.69358579278262,0.067069418239259,2.776510503801
0.129934773532074,41.7377546210871,1.04,0.177735970085745,15.6890916100885,0.2146,0.151580499979825,24.5864229124585,0.33,0.118233543040246,7.63732849425456,0.175,0.101226372050028,1.01158236655188,0.00152897495353685,0.185972125690784,6.1687553886527,0.279179494086321,0.188975699342618,8.20310923201435,0.358849315695054,0.173166743044469,3.6952337044061,0.0298521217360361,0.139826631612755,16.5597876601153,0.142823219205087,0.183521241501693,5.59354223610883,0.135331868826256,2.70716499450229
0.115047787621529,110.1780334443,1.04,0.197826351212832,5.2827666892935,0.2146,0.169837321292531,9.50580704584117,0.33,0.10649666316002,14.225794745742,0.175,0.192387897355995,1.92784124639408,0.0357397608287131,0.173557196700996,6.51558610363938,0.262833131046511,0.192694361805694,242.99447500264,0.958380291734953,0.190464804077476,1.00867425853989,0.0190441411685901,0.19246290171897,17.3904202660819,0.451527493206657,0.177702551444782,5.87411217212038,0.12293048322181,3.61005530120723
0.121141753734641,62.5315068779026,1.04,0.19154606910732,6.27912240806387,0.2146,0.175044834397878,8.52050297882047,0.33,0.111744870233694,9.89686733905512,0.175,0.0868676214998953,1.00288309926358,0.00137761996686829,0.17879427761287,4.80198009042612,0.208901680834893,0.189647564330034,22.9927224875773,0.63187285326905,0.195948883018094,3.70588742997801,0.0508426631310801,0.192181897477607,16.3701822092467,0.441703540067244,0.197297203031872,1.80952418124502,0.0864260864824397,3.18072444375158
0.15514327868541,27.9222999702044,1.04,0.192492681638864,6.06584691482126,0.2146,0.173496118059191,8.76943242226474,0.33,0.114728743886152,8.66899963153375,0.175,0.195389644574222,1.01449885892793,0.0153272998743981,0.145229667671505,6.92165665438525,0.184084302686274,0.197198882701148,19.2340622708831,0.666045436900583,0.122288516599974,1.01449885892793,0.00722748277002781,0.169329642836174,17.3904202660819,0.282979355392694,0.191776053699392,5.57746185992785,0.156268292915095,3.07153217053907
0.134484285285486,36.8948211782569,1.04,0.176028679353568,20.4482114607491,0.2146,0.170337524446805,9.39694085202226,0.33,0.106979365593477,13.4296295187868,0.175,0.129889408293087,1.01158236655188,0.00509909862702148,0.19630693764586,45.0986499114755,0.9458673819297,0.194896544137138,23.3260907272937,0.703584299668508,0.164063955743546,1.01158236655188,0.0190838377771504,0.1558236574852,9.72180569368846,0.185947609371541,0.195758695052255,3.40904833026788,0.133668289367829,3.75285051674175
0.115173250334185,108.430529232706,1.04,0.195046668356702,5.66078210355879,0.2146,0.161809029344578,12.2474033807505,0.33,0.123079557068849,6.72843338428345,0.175,0.115090333026147,1.01158236655188,0.00381803908260483,0.092352619606281,2.69220128298041,0.0433609505908048,0.19689043981902,12.66997313217,0.529326408413125,0.125655666581119,1.00288309926358,0.00613663931753468,0.149017897774969,2.09570588324384,0.0733643980976985,0.159193246928275,3.02078648791353,0.0687187547449579,2.48432519024673
0.145054372801741,30.8037607665866,1.04,0.182848155975028,9.56071220046713,0.2146,0.189464734792426,7.16849049713269,0.33,0.111911025828407,9.78352248861393,0.175,0.162789637643013,1.00867425853989,0.0140334717120957,0.164834851575127,9.50045567592029,0.298286458812559,0.159782541668567,5.70741049859425,0.19717826441815,0.177762369343524,1.01449885892793,0.0238002929616422,0.17819654181066,4.69264665877481,0.188975561066373,0.17032867344656,2.35826794741131,0.0754332880603381,2.55730733703116
0.147528209451627,29.9025884608853,1.04,0.185668964258967,8.0901016229141,0.2146,0.151096571018006,25.597886085113,0.33,0.114047838447482,8.87102875502857,0.175,0.199915769904101,1.32214875407135,0.0377523297147193,0.152866606515266,52.2311372931222,0.358109478373725,0.149609505756494,3.48847535295163,0.121510638905562,0.190455149950663,1.00577451078852,0.0120655050615524,0.175285675863409,6.2943333190863,0.219736282959217,0.171010462389178,5.37257572706184,0.10351581253023,2.61229004754501
0.127144869835068,45.9398650446285,1.04,0.193867166497813,5.85981549695445,0.2146,0.194949484315358,6.88523803959517,0.33,0.112741812591861,9.39694085202226,0.175,0.156868510060256,1.00577451078852,0.0125421127774152,0.19469694072544,106.661331716613,1.0321772322005,0.187410375114108,23.6642924260888,0.615869769809303,0.180215057919408,1.00288309926358,0.00630907519472446,0.175507450479659,10.9398093223365,0.284243401593949,0.169513671093719,6.51558610363938,0.105960926018431,3.81670251759432
0.141777063556462,32.1699376318556,1.04,0.190179570620265,6.61317789021976,0.2146,0.177932999052375,8.13682972063414,0.33,0.107342002776495,13.1995850943453,0.175,0.120777643293213,1.00288309926358,0.00251468120192336,0.168785536152464,75.9399168943669,0.545306930353423,0.139706396059992,11.6216105181022,0.189522301982955,0.195008727506805,1.01158236655188,0.0310556464478089,0.165083023748208,3.09116744284691,0.119232328347281,0.0545297090125266,1.00288309926358,0.00361106953982144,2.65084295787321
0.153998419634542,28.178564676959,1.04,0.198375697684022,5.22226528215118,0.2146,0.150795980952639,27.1154370165082,0.33,0.105612474471863,15.3317876813171,0.175,0.196426615015084,1.01158236655188,0.0309164725325105,0.189202269534541,16.8483214233231,0.582520168705124,0.180361279722691,210.416973737407,0.701730233940453,0.175666723357017,1.00577451078852,0.00270434480027407,0.16726438720052,3.21830282695794,0.125966455346248,0.188733365491903,3.92553157195246,0.129688390468221,3.33312606579283
0.138083253796635,34.2162219821665,1.04,0.193508156907839,5.89366155277994,0.2146,0.183926668135939,7.54986123554579,0.33,0.101724214192553,26.650959936689,0.175,0.166530873541093,1.00577451078852,0.0106354790589629,0.160027888373377,8.44270511134198,0.260730886856626,0.162542085137743,6.1687553886527,0.215944680111083,0.191731568069921,1.01158236655188,0.0300665745976532,0.12236638152739,6.49685502569923,0.080163701699227,0.153270095807142,4.09876636139165,0.0667158367181149,2.42385715904167
0.130425471178094,41.2638249329961,1.04,0.17738960273831,16.1474538514202,0.2146,0.176373218304823,8.32645674178507,0.33,0.108291107548013,12.1071387841942,0.175,0.157814368289962,1.01158236655188,0.0107465315156281,0.16184515665842,190.796385273991,0.481158306549148,0.198067584598669,18.3153703115779,0.666210105869189,0.190780839008703,3.02078648791353,0.043691014731382,0.151343430708559,8.25047817477399,0.161190826520974,0.187928901143474,7.63344674676951,0.159728937898921,3.28232572308524
0.111583781976222,229.875775382483,1.04,0.181681002373023,10.3040154985797,0.2146,0.158819203897957,14.225794745742,0.33,0.105134975385396,16.1474538514202,0.175,0.134639463883134,1.08707389011608,0.00868905362931537,0.178447120938194,49.166910368017,0.647141934523705,0.194526482240066,56.1289989622505,0.876702821188862,0.085670012221925,1.0232988843187,0.00251139556513613,0.198204431879891,4.0518365057735,0.197098480817441,0.0816848809970461,1.00288309926358,0.00160289624716736,3.49334658197163
0.14206250011699,32.0965459868557,1.04,0.180740763196943,11.4295469118117,0.2146,0.186488248149853,7.33555058635551,0.33,0.111434239714253,10.0693514841637,0.175,0.114739946899945,1.01158236655188,0.0039658831287264,0.180987745099973,10.2094477434412,0.392525007220093,0.160252200102815,9.5553161597167,0.265432235311562,0.13170334494979,1.01158236655188,0.00354758279772425,0.161347852115882,5.37257572706184,0.163191766871367,0.127591016003797,1.21624552488348,0.0263688883906638,2.61463136372014
0.124274740232743,52.0889144437628,1.04,0.187415630694421,7.42053499612018,0.2146,0.18608178616939,7.37792042799738,0.33,0.140451346147171,5.25242887388322,0.175,0.16356094934275,1.00867425853989,0.00662838851817903,0.144160442956637,5.32637338722108,0.157627677200271,0.176316182498329,20.4916955329151,0.471356452184324,0.166929075421631,1.00288309926358,0.0153181102017627,0.164578013730429,5.64206206761865,0.174896913924617,0.148660177513325,2.87650223749675,0.0546624767320664,2.64009001876122
0.145282371186325,30.6633713193971,1.04,0.186864789035064,7.59346892677529,0.2146,0.150852336958384,27.1154370165082,0.33,0.111690819197756,9.89686733905512,0.175,0.165398134989193,8.46704626823108,0.0220057954338795,0.167958353713539,4.12243473196511,0.167813634975531,0.144543336186622,128.610764357393,0.279706916653157,0.184523177174836,1.01449885892793,0.0264537738831556,0.138473227491641,7.04225793763313,0.116836323328307,0.187954433314925,1.69358579278262,0.0757582360053256,2.44817468027936
0.126386112530245,47.3243516806276,1.04,0.191254045425822,6.35186780125658,0.2146,0.175467528230873,8.47157152646274,0.33,0.119707065269487,7.293424065782,0.175,0.173929999804183,1.43314150019665,0.0229126753686899,0.153989354973327,3.78132852701561,0.137755028469482,0.121351368337006,3.91424641100743,0.0867688003225028,0.168634513398233,1.00288309926358,0.0166366684619271,0.178909740769668,6.31248050684326,0.230678675663126,0.177950758074893,1.04112859832463,0.0450544469689421,2.29940629525467
0.128240932613821,44.3926343126682,1.04,0.197635011139823,5.31327973469088,0.2146,0.194294046700626,6.92500689429393,0.33,0.140863677788911,5.22226528215118,0.175,0.183028907734684,1.00867425853989,0.0211595634343513,0.189508958433318,12.1344753910871,0.487848767429072,0.195535107015459,26.705865146348,0.73440312615842,0.16903955182023,1.01449885892793,0.0171468383565456,0.168660093256591,10.8145512259435,0.245934114327521,0.193656745315912,8.89175006582625,0.187671478154633,3.45376388786054
0.110193470455398,472.006477815311,1.04,0.180750540633958,11.4295469118117,0.2146,0.166711261102664,10.3040154985797,0.33,0.1331594765242,5.66078210355879,0.175,0.182080706281693,3.22758151346831,0.0313017616946839,0.1457496107923,4.09876636139165,0.134757256247027,0.153669552934093,5.56142771178757,0.17872781578242,0.184227757435789,1.00577451078852,0.0238343097375442,0.0891723505550594,1.47925317679908,0.0229206695692839,0.179463199890494,6.98169689372975,0.131755146190346,2.28289695922131
0.119120104812793,71.3888269097306,1.04,0.171625168072111,151.736668752555,0.2146,0.170161312276349,9.39694085202226,0.33,0.114288861777786,8.76943242226474,0.175,0.135330582360541,1.00867425853989,0.00561277492436266,0.190120448273337,78.8359274288079,0.896772643025177,0.138283293634227,13.1153367145537,0.189842457407364,0.158690897876529,1.01158236655188,0.00478253063137199,0.184565073998578,5.5136013085513,0.227401279265165,0.183886844717619,3.49853297367273,0.112609515842918,3.19662120109636
0.113544534113647,142.946616097213,1.04,0.188133689279555,7.16849049713269,0.2146,0.182006957946466,7.72580908567334,0.33,0.111603550251781,9.95403124201917,0.175,0.180468532217848,1.01449885892793,0.0136719271739795,0.197469208356254,8.78994173863968,0.418769687468795,0.172932475851936,4.97077500682395,0.20527947856602,0.194658583574342,1.00288309926358,0.0294563196759659,0.178297584575532,6.53437118513655,0.233386907063489,0.189703719347855,2.46943812909056,0.101333512926248,2.7614978328745
0.148898035502999,29.495602018995,1.04,0.186896351263737,7.54986123554579,0.2146,0.174796512066577,8.56971705725559,0.33,0.121735571514804,6.92500689429393,0.175,0.13902584306512,1.00867425853989,0.00533036488208341,0.139370915555251,65.9484816627422,0.257590950232327,0.151128384894836,7.28980110054726,0.200005690484863,0.120465005161554,1.00867425853989,0.00475153865067863,0.162909558056124,4.39198314906283,0.148591276568432,0.156669989008145,7.31081832073186,0.0805281665833732,2.45639798740176
0.149939545356897,29.1606812358378,1.04,0.189445514107981,6.76729654167483,0.2146,0.175050296717386,8.52050297882047,0.33,0.128186027975879,6.10088299973121,0.175,0.155612453432664,1.00867425853989,0.00474148021589227,0.0977834511170396,7.83381828565906,0.0684911716203375,0.171860470572759,22.0844211988575,0.441280348013761,0.170446618998382,1.00867425853989,0.0101577314664355,0.130106041732992,1.5850757161707,0.0472985602459234,0.0698666805772612,1.00577451078852,0.00324468149293501,2.33481397305528
0.148625772088634,29.5630463712104,1.04,0.187984249395818,7.20989540649827,0.2146,0.161642080469395,12.3181438842284,0.33,0.103862355217087,18.6481312700654,0.175,0.189133331172194,1.01449885892793,0.012882153673468,0.198328607975062,30.1383713644719,0.860754077042194,0.125539009080026,3.62151028088471,0.08968948041823,0.161851099869912,1.017423759841,0.00214388362689794,0.179391214460055,8.56511470172144,0.272968801813734,0.176085388642929,13.2291025360534,0.137810475854254,3.13584887242878
0.125971315129281,48.3072095893017,1.04,0.196052139831441,5.50009492671021,0.2146,0.190171161063609,7.12732336743282,0.33,0.125220283407065,6.42545597022062,0.175,0.129023215332807,1.01449885892793,0.00227199834227793,0.109550053360086,5.75691805285236,0.0847319811635222,0.159195884949123,4.14623977579979,0.154685910924568,0.199466972213555,1.00867425853989,0.0209783932777284,0.188066221875226,9.97699489356779,0.33904458948057,0.191593994043649,8.39423252506469,0.17782332240445,2.53913619559312
0.155733474891731,27.7950429029008,1.04,0.178802808859522,13.7426040713143,0.2146,0.185509573158934,7.42053499612018,0.33,0.113328448251191,9.18293458777804,0.175,0.198827585719634,4.17018228211692,0.0469680654518981,0.183259064375137,107.277248727328,0.804364333403481,0.162412053798312,89.482464022409,0.438269820418713,0.19172659665069,1.01158236655188,0.0257954960654996,0.189026841871174,12.4888983567305,0.374949877401024,0.185332790418046,1.35295334494457,0.0608701543792345,3.51081774711985
0.112547602852789,173.574956852969,1.04,0.18831423500924,7.08639265188016,0.2146,0.164950647720121,10.8521992481272,0.33,0.103305655166686,20.0979414082682,0.175,0.188857049022559,1.00577451078852,0.0144087751585275,0.179030707642018,8.25047817477399,0.331362826573087,0.14355374218371,5.65832869261085,0.153990972863686,0.144313289407027,1.00288309926358,0.00947965461787887,0.179137470534417,3.74881037659201,0.159965219040164,0.159867872553414,6.15102138343189,0.0840773334393175,2.51288478169266
0.11419538786487,125.211012627487,1.04,0.195474069924299,5.59595143755845,0.2146,0.19319819790493,6.96500545227891,0.33,0.14039173579669,5.25242887388322,0.175,0.177481095672752,1.00867425853989,0.00808499702395167,0.197196799365729,7.99329205722658,0.383820978159261,0.195290788334866,8.99473757437633,0.41064339810295,0.146437653270584,1.01158236655188,0.00712728124296443,0.155564499104008,2.47655776434198,0.0902702820814267,0.126873259509415,1.00577451078852,0.0236842619971002,2.68323119860765
0.134250073171282,37.1484903334101,1.04,0.183818230190585,8.97380210978585,0.2146,0.176834999371461,8.27863965605879,0.33,0.106566014366919,13.9018159916578,0.175,0.17430425605133,1.45392041663176,0.0232041993596419,0.167282746979475,4.32921447906216,0.174758333967365,0.175872477871465,14.0940971036004,0.408867233906516,0.143653135689,1.00288309926358,0.0112504811358942,0.173802338490618,3.40904833026788,0.140400461848159,0.166828975376833,3.19982540066046,0.0813928079204024,2.59947351813798
0.152203149047347,28.5673783641001,1.04,0.198804963193193,5.16245677334822,0.2146,0.162598438277786,11.8314103761204,0.33,0.111177470808842,10.1860077436388,0.175,0.120511679697803,1.00867425853989,0.00467908774346614,0.16833624293654,4.57261925984919,0.185503694992113,0.197506502004972,33.6226281790017,0.818055123269448,0.175971649784725,1.21274904899342,0.0264240270635486,0.156746148329948,12.66997313217,0.200138338033123,0.138069370840882,1.50936647207927,0.0352057637751699,3.02960603487687
0.12016615097537,66.8135534222751,1.04,0.19714575714549,5.34396902219665,0.2146,0.146201699592701,82.8818105430497,0.33,0.110698953174872,10.483595485213,0.175,0.186070242825551,1.01158236655188,0.00654741853062742,0.113439362857267,1.53125056362849,0.0398923876596414,0.191836303932427,66.7123211508998,0.84920134447664,0.174069730625635,1.01158236655188,0.00872983076653751,0.178152781553614,15.3654978668113,0.327288780657685,0.188111555604424,1.5896456468007,0.071755263867726,3.06301502595886
0.120564563941338,64.2690577200705,1.04,0.174569058717138,27.2720546771616,0.2146,0.184163460350052,7.50650397409388,0.33,0.117294539305289,7.86045568946845,0.175,0.170694250881819,1.00867425853989,0.00137274237527787,0.175390319376806,42.9445668859717,0.600766175150806,0.179529729527518,10.9713498785374,0.383614295193522,0.163416061007485,11.7901106095195,0.0250323002180479,0.198327605272353,15.8598865007128,0.488706451919735,0.167195705871288,1.61269369477906,0.0576886895324874,3.31678065438988
0.112489179092099,177.584993795008,1.04,0.177779773199422,15.6890916100885,0.2146,0.167420229693966,10.1275116485301,0.33,0.106063321924687,14.7259744294318,0.175,0.174138330712996,1.01158236655188,0.0124274382214338,0.180724025348688,26.4000896312366,0.593250959033751,0.16970278249529,6.24020417473294,0.237294010551634,0.135293558088996,1.00867425853989,0.00129352800479262,0.15482683103112,10.6599934842429,0.184829389242592,0.144248390122282,1.00288309926358,0.018468156938796,2.807163481993
0.137380344410505,34.6883445186206,1.04,0.174320542738372,29.9045911320291,0.2146,0.154315756566645,18.8641750980704,0.33,0.134104920670688,5.59595143755845,0.175,0.154409674317098,1.01449885892793,0.0014526266349241,0.187594755203624,30.2252632807581,0.713808504027532,0.139294076389511,4.49431145638251,0.126705139981663,0.191256736340146,2.13222095925085,0.0414827100152733,0.18582698282308,4.7881753057283,0.20716572051346,0.199523593171758,1.88394737445416,0.0910223830258935,2.94123708419875
0.117050862889377,86.2898259119413,1.04,0.192532241417388,6.06584691482126,0.2146,0.175134097736094,8.52050297882047,0.33,0.122188984911738,6.84569756904508,0.175,0.189722074858676,2.74700667630971,0.0362943134899775,0.151211908376856,4.54636621906863,0.155480636511936,0.18612344853648,18.5275056440599,0.545536717628934,0.176949467718731,1.50936647207927,0.0281215183599656,0.19173970386361,9.72180569368846,0.35247719553274,0.057307432900685,1.00577451078852,0.00364307100959183,2.88115345253315
0.123084961937265,55.6558708027315,1.04,0.182894343351227,9.50580704584117,0.2146,0.163791247797239,11.2986488972231,0.33,0.132369740947257,5.72636385099737,0.175,0.182050455590683,1.84105289600553,0.0284289708558247,0.180944858678144,8.41843393067599,0.34388285151932,0.179284406673348,36.8673277993992,0.576217872530067,0.194375248340445,3.99392909131044,0.05005407472213,0.194243373643002,7.10334430368878,0.302699470602193,0.19980915850794,1.6741946565908,0.0820656684180969,3.14294890864763
0.146653680099363,30.1770278183633,1.04,0.197245485984359,5.34396902219665,0.2146,0.180314205809752,7.86045568946845,0.33,0.131905613791022,5.75943909554708,0.175,0.129733144462868,1.00288309926358,0.0026639315879633,0.180798550023217,86.1953566475303,0.73048192088317,0.182992557495708,10.2684023095805,0.389362477294017,0.151080979307137,1.13504676028852,0.0153248522754218,0.170902645987122,9.44591016576076,0.244730458780311,0.164761144724218,1.17833239331668,0.0449084272650521,3.18707206808594
0.129193175102328,42.7996482531394,1.04,0.184784429710308,8.47157152646274,0.2146,0.160279128391383,13.1237826598188,0.33,0.106179023397491,14.4737241117876,0.175,0.160790864553594,1.017423759841,0.0083133387432274,0.17677514576711,30.4874450288918,0.56811618228773,0.191907526310227,8.27426512232383,0.37201327309007,0.156401406423078,1.5896456468007,0.0182475560308112,0.160939792241029,13.3823268507784,0.224054375514071,0.168737754194764,8.17952684419346,0.108886417998807,3.05923114366472
0.115629790440441,102.881531609986,1.04,0.193506159464938,5.89366155277994,0.2146,0.176816534834861,8.27863965605879,0.33,0.113936529933543,8.92226745608123,0.175,0.181009234078864,2.26510726072284,0.028722259839999,0.145706057314776,8.22675961020021,0.20237347384964,0.129813516785239,7.99329205722658,0.137793491039587,0.187023562586074,2.04210241714683,0.0376781329521552,0.189636918392446,4.59902389909696,0.208619589746812,0.157068127444231,1.59422875299434,0.0496841191728731,2.42447106660107
0.142689683870528,31.7320916417084,1.04,0.172083338003831,75.1515546115323,0.2146,0.167112744977473,10.1860077436388,0.33,0.139755724544378,5.2827666892935,0.175,0.178655166700314,1.01449885892793,0.00578027408848101,0.137521154625197,4.92802801770652,0.13542454693165,0.166431218552864,4.07523387938939,0.162789642040401,0.171648665184559,1.017423759841,0.00469863628105566,0.158724428171259,2.0538945595859,0.0784050287218693,0.136085431005454,1.00288309926358,0.0159690057173558,2.16266713378081
0.13581709582532,35.8154532620603,1.04,0.18688773096804,7.59346892677529,0.2146,0.156810415589231,15.8708541341869,0.33,0.1407967410574,5.25242887388322,0.175,0.131348041432066,1.01158236655188,0.00474941847538302,0.187835355131641,30.1383713644719,0.712117566726698,0.180027608446447,12.1344753910871,0.409343620337138,0.197799338441662,1.83576021707557,0.045596936929767,0.168777494210223,5.57746185992785,0.18590353507616,0.0920100637204393,1.12205075712963,0.0117177343803588,3.1290288119255
0.116471866033126,93.2577359230811,1.04,0.17765608027771,15.8708541341869,0.2146,0.165703745186495,10.6663052198171,0.33,0.12115872992106,7.04569699279812,0.175,0.136323437366803,1.00577451078852,0.00147852714533459,0.194327480250627,6.57210398204128,0.312860356164686,0.100911835046728,19.1236326478425,0.0777335048519803,0.18631420946367,1.33361741419236,0.0327938082301134,0.199605327307608,15.1023580078497,0.491523554849522,0.193911951670609,14.4640552653053,0.20574789570221,2.88173764694385
0.127432696244444,45.5220735006315,1.04,0.182988315420633,9.45121719994339,0.2146,0.15745322438954,14.9826210048919,0.33,0.119903472975583,7.25153946893524,0.175,0.16495470867117,1.24458268867087,0.0183104343805536,0.154465235819465,3.54925770971272,0.130904213468307,0.19675505611251,28.2886943462597,0.777155407442707,0.174905133443048,1.00867425853989,0.00369846223481123,0.0985732106954057,4.94223601165526,0.0414520254514466,0.199783734189884,7.4382002633935,0.200377082081652,2.93149762505948
0.14047016596228,32.8380604164296,1.04,0.19312648427595,5.96194127391598,0.2146,0.166990774777102,10.1860077436388,0.33,0.131182780619163,5.7927053813632,0.175,0.183439320954896,1.2267955530143,0.026932083827593,0.197632359997319,58.7749540238697,1.02104153488911,0.138795355496657,4.66570449781614,0.129184825300631,0.197325631747781,1.15150364314254,0.0380042207983099,0.174255942707781,3.9368492691367,0.158412414020732,0.126072266217469,1.00288309926358,0.0100577512020125,3.14323283003839
0.151648010376592,28.698171498828,1.04,0.183165612485993,9.28932145903777,0.2146,0.150128031134878,30.4257730029708,0.33,0.127742201423911,6.13612145164168,0.175,0.19848066389719,1.05926897298544,0.0338240760838384,0.117209574723958,13.0400368809022,0.123253321489869,0.132341603653847,5.29579277470977,0.122663558050879,0.174131542126855,1.01449885892793,0.0108657400463343,0.16900635045272,12.2397329678754,0.259583530677327,0.172490274755535,1.32596064017055,0.0534425885608861,2.36323281490913
0.121642554795472,59.8759500339751,1.04,0.177851611982371,14.8965789710218,0.2146,0.147597345106231,47.4065028618884,0.33,0.115555591823462,8.37455001705244,0.175,0.176412034013121,1.00288309926358,0.00864030259337321,0.185310191874512,65.5698478688224,0.789648593354409,0.178297223002685,14.9724828208773,0.436405832629662,0.105217274873023,1.07772542117776,0.00474091896139977,0.172901434941116,12.2045460501459,0.276231386496309,0.194795980859424,2.7391095515787,0.11592727789012,3.39119431192527
0.123563670730563,54.1511824096624,1.04,0.176099071109682,19.4152985023894,0.2146,0.15025875577463,28.8888574021513,0.33,0.110312867732726,10.7279133646656,0.175,0.195005037178898,1.00288309926358,0.00641352346532423,0.190659136179773,35.1064040208769,0.777207470290594,0.138003868950376,19.2895159816518,0.201454787361351,0.199525237433798,1.05926897298544,0.038030659080542,0.129768803275625,1.96708649096514,0.0556259245679708,0.174891789376083,7.58962040187813,0.12337878118431,2.96171114595009
0.147777873683495,29.8343694863254,1.04,0.19650054383947,5.43710454646936,0.2146,0.1466620664086,64.7001746101695,0.33,0.133662898216098,5.6282734253157,0.175,0.171357635732744,2.02454102487246,0.0228280195824623,0.196578723365874,15.9514695864158,0.627540724095676,0.168431449869431,11.5882005855279,0.332002990007983,0.110304092878889,1.00867425853989,0.00418026978025468,0.194461909407869,5.6910027726913,0.258728101938378,0.176068270044927,5.70741049859425,0.117416834388488,3.12229693979324
0.126247537648191,47.8678886713823,1.04,0.193360014116921,5.9277031020464,0.2146,0.181544683675957,7.77043304452438,0.33,0.121707604220916,6.92500689429393,0.175,0.160126610685496,1.017423759841,0.0130911424910179,0.139828503908128,45.7525288743821,0.256835998310063,0.184657547252219,59.7990347074476,0.706262226782891,0.16905565354489,1.09650345009091,0.0220098130466693,0.158751717538501,10.3873347090322,0.201145881442454,0.128068492700732,1.31834782642385,0.0277306702815835,2.98667573235468
0.142211975738444,31.9502646161512,1.04,0.176510041807485,18.0147323432395,0.2146,0.180399511545223,7.86045568946845,0.33,0.141006243261124,5.22226528215118,0.175,0.142605404947444,1.01449885892793,0.00609885973476999,0.190903808686819,95.8838439353261,0.932668864563089,0.18499636540377,214.700451752867,0.78183356778302,0.145358504172966,1.017423759841,0.0129057162986655,0.107124797145911,2.31121826109334,0.0410978834637398,0.199221214569822,4.27964604980107,0.158168421641818,3.6923733134851
0.132142200187577,39.1521238458776,1.04,0.19742176002489,5.34396902219665,0.2146,0.181144500457561,7.77043304452438,0.33,0.120680568830772,7.12732336743282,0.175,0.133974218517526,1.07153781450759,0.00862413053792958,0.195412254477117,12.4171951294921,0.532169149560072,0.198693558647531,8.17952684419346,0.392263499388548,0.187991785110264,7.94739971184986,0.0460605852357044,0.199200921304295,5.32637338722108,0.25609888344565,0.134719748170557,1.00577451078852,0.00466560589619591,2.9994818540641
0.131794679398582,39.511453397773,1.04,0.197294677687741,5.34396902219665,0.2146,0.177310206831741,8.23109717377527,0.33,0.118175337270278,7.63732849425456,0.175,0.169876108100504,1.00867425853989,0.00828262692934455,0.164582326556545,13.5373258656811,0.348629740710619,0.111838476340685,16.6554123326141,0.10274221941217,0.16901231642157,1.01449885892793,0.0165118021561542,0.109929268544868,1.11240149892777,0.0274236491431929,0.194010167161845,14.2163529457634,0.207031026034948,2.47022106438643
0.147671476736156,29.8343694863254,1.04,0.196753641159891,5.43710454646936,0.2146,0.165607849472965,10.6663052198171,0.33,0.102532341766338,23.3444739588916,0.175,0.151105230936579,1.01449885892793,0.0120771985918746,0.181837082333563,43.4419666010566,0.686050955392149,0.194876829414174,65.3813469555632,0.902184563370408,0.191442100252068,2.66904925964653,0.0432753317009892,0.17063476362141,8.46704626823108,0.232960647283232,0.070370046255286,1.00288309926358,0.00525233617868505,3.64140103251734
0.149610803504377,29.2273597614989,1.04,0.174526933494427,28.3940023084533,0.2146,0.161788857129497,12.2474033807505,0.33,0.122465241088065,6.80638417108163,0.175,0.160734441860307,1.01449885892793,0.00675827066738859,0.13926681636229,2.36506706799381,0.0780163562368559,0.19838228317792,55.967638704318,0.946247826558562,0.195671957343599,1.26262771749805,0.0381071493051403,0.16650467627197,2.27818714703702,0.091640623174706,0.15291690330594,1.03217524340486,0.0354214331270606,2.95579165906971
0.136557405066451,35.3279903152696,1.04,0.184512173875483,8.61921539420481,0.2146,0.169609444711889,9.56071220046713,0.33,0.123306554180617,6.68979340981204,0.175,0.165226937172533,1.01449885892793,0.00397902196188623,0.197516086292752,107.277248727328,1.0980454828898,0.188874577536736,251.535999815493,0.864681129571198,0.136474647196692,6.45955425993623,0.0120923505361968,0.196918710313527,6.04568285725226,0.278506416126189,0.0906653257402636,1.00288309926358,0.0101114972093143,4.02701589829458
0.137142953733784,34.9268431145398,1.04,0.195968381596993,5.50009492671021,0.2146,0.194274959745044,6.92500689429393,0.33,0.1292101460892,5.96194127391598,0.175,0.189288802142694,1.70336542221432,0.0325999331006011,0.162118366038111,5.60966897361054,0.207449683105729,0.13937311701537,83.5084518818681,0.23745246615143,0.140385979356967,3.38947576589033,0.0132820255023995,0.152202979174966,11.9266679922861,0.178194391374084,0.185933133057962,15.4542261000141,0.176667122511921,2.60524562174617
0.124477029465743,51.3799630438154,1.04,0.195591776614217,5.56381506816292,0.2146,0.190793603848564,7.08639265188016,0.33,0.133106544749158,5.66078210355879,0.175,0.188886306384469,1.00867425853989,0.0171819459719254,0.187007066025667,10.0925521055113,0.421101848601502,0.170528947679403,129.726367378442,0.540751546375925,0.169608064185939,1.00867425853989,0.00380203852505889,0.193912537253253,5.13071090257931,0.236960586851066,0.195352156441251,10.3574730860055,0.199039905063196,3.17843787138867
0.137027980256408,34.9268431145398,1.04,0.179892319664288,12.3892929819754,0.2146,0.14916806414305,35.7500487469309,0.33,0.113272150386253,9.18293458777804,0.175,0.193878698889552,3.55949057200184,0.0414972578700773,0.185903863361707,292.157072489078,0.893266005156135,0.10979934198453,10.0346071582177,0.0909617466272771,0.188842151966147,1.04413027541975,0.0318307817755249,0.162456969302402,12.7065019223768,0.227902872377885,0.142511062817207,1.71814085427452,0.0404627895611573,3.08552145336806
0.14166322511357,32.243497093466,1.04,0.183125892260893,9.34297620172496,0.2146,0.175023197970678,8.52050297882047,0.33,0.11591178092341,8.23109717377527,0.175,0.161557079283084,1.017423759841,0.00617710176854393,0.183504645721172,9.15145972170511,0.375682685956222,0.181444101584176,12.1344753910871,0.416672155129515,0.198171752610637,1.00577451078852,0.0206490115951524,0.198126478339629,6.72522667244931,0.304737595906837,0.175643345623024,1.04714060664789,0.0446594433030737,2.92817799365934
0.142608789662975,31.8046499290028,1.04,0.192668736933739,6.06584691482126,0.2146,0.178438006810544,8.0901016229141,0.33,0.125806373649493,6.35186780125658,0.175,0.14534376515708,1.00867425853989,0.00198471725086516,0.150601440469069,18.5809222819382,0.289513757172825,0.139896678339861,13.6154972999402,0.199208619361676,0.153629853916998,1.20231981606127,0.0163245436275412,0.178087430631294,10.9398093223365,0.294237616110842,0.127475769813949,1.30325307163827,0.0270844546790537,2.5879537082028
0.118370476595501,75.7565453123505,1.04,0.190139186864019,6.61317789021976,0.2146,0.154349609861545,18.7558421173328,0.33,0.130741667894156,5.82616381189231,0.175,0.141882279545746,1.00867425853989,0.00971547766480256,0.195678573185677,18.7961333346796,0.678984822166348,0.172016049042881,9.58286508470002,0.319044049845745,0.169052164902375,1.017423759841,0.0106372319547693,0.158953844767352,7.4811522310616,0.180767815506907,0.174631178748521,7.4811522310616,0.121770054093898,3.08051945123247
0.126855326861428,46.6802479258487,1.04,0.193428930369818,5.89366155277994,0.2146,0.186587792444944,7.33555058635551,0.33,0.129339599180878,5.96194127391598,0.175,0.183239708372532,1.01449885892793,0.0163450301145525,0.176719211842684,7.58962040187813,0.305447596178442,0.188820699095056,8.89175006582625,0.379987912341681,0.130410194186004,1.86774606222357,0.00972984527503134,0.193319269969625,5.16033824803901,0.236264514010432,0.190335895811377,4.88564863828298,0.146920442143512,2.85429534006365
0.148592593663899,29.5630463712104,1.04,0.186774807181112,7.59346892677529,0.2146,0.187636031660942,7.25153946893524,0.33,0.123058220702233,6.72843338428345,0.175,0.199799851695182,1.01449885892793,0.0320795346549305,0.160222530603371,236.098524694983,0.463601699183766,0.158723934974276,14.505756572389,0.300316644783484,0.158459591648922,1.00577451078852,0.0103508295475211,0.189308327193193,8.25047817477399,0.309209048374734,0.191875688634346,8.20310923201435,0.177464283205469,3.0526220397499
0.148275341832544,29.6306449410155,1.04,0.185276586179632,8.18382771794484,0.2146,0.190415216543847,7.12732336743282,0.33,0.121568915354212,6.96500545227891,0.175,0.123759787168948,1.00288309926358,0.00286017507127359,0.189741699565972,20.1407676346358,0.635671623074449,0.173465021459766,25.5036095217804,0.470035086588669,0.195375901648091,24.425696794902,0.0572647919358147,0.184133305973979,12.0648070327153,0.342240712954262,0.176882627818554,1.26991877487462,0.0537988151621341,3.3214712047866
0.15236106811281,28.5022055025463,1.04,0.175936952256555,20.5663194979376,0.2146,0.162436063509509,11.96848058178,0.33,0.142237706459455,5.19227491356753,0.175,0.168488897580185,1.017423759841,0.0141123386358469,0.182603290409854,9.07276025359497,0.370588515415322,0.18431066356928,6.94161247758823,0.301585128364861,0.19339314330831,1.79396288338358,0.0412283786463701,0.162313550668032,15.5434666953568,0.235821784201845,0.144247079769833,1.00288309926358,0.00257037412332727,2.72550651938757
0.129874305777264,41.9288471215546,1.04,0.17365023522741,34.5357693007845,0.2146,0.169985784520951,9.45121719994339,0.33,0.138590387552659,5.34396902219665,0.175,0.144588602549749,1.00288309926358,0.00922691253273335,0.171616672540704,7.22711126890421,0.277569079527086,0.165737107832991,18.2627170853981,0.368601487818144,0.130190421423952,1.01158236655188,0.00369219856476383,0.126570337008247,4.54636621906863,0.0794245911096468,0.135762825044129,6.11570617216135,0.0474996791006037,2.54561394865298
0.110142937171133,477.427639890595,1.04,0.185848043421292,7.95152127198837,0.2146,0.177625373769038,8.18382771794484,0.33,0.115125963570085,8.47157152646274,0.175,0.182555605872487,5.35713058780925,0.0330570775794317,0.19953486146196,33.1421054672574,0.911111028455571,0.194293836981908,22.2759871780403,0.683797659408119,0.168680881673438,1.61269369477906,0.0242961285597252,0.105085722478789,1.42081696649143,0.0304695748139166,0.126967247259733,1.00867425853989,0.00765860409977898,3.44999007291654
0.114661066260348,118.803263663012,1.04,0.189702189696364,6.72843338428345,0.2146,0.171216712002326,9.18293458777804,0.33,0.133594632283545,5.6282734253157,0.175,0.118676187051428,1.11240149892777,0.00578882124909093,0.19819713087856,22.2119479273284,0.770292203161815,0.179852186541614,10.5683211343905,0.379089420767812,0.192852920439969,1.01158236655188,0.0336724013343628,0.126822140561735,9.39167782086193,0.0946683975173204,0.199232395347946,2.78683513858361,0.123742601917987,3.16685384594839
0.138598605012393,33.982575875828,1.04,0.175491733439715,22.0379699118545,0.2146,0.179745228959066,7.90585736162312,0.33,0.10839785953124,12.177069125071,0.175,0.15313832992244,1.017423759841,0.0093382425353925,0.152055700651889,5.40359972355987,0.177522102193853,0.174487496430094,13.5763553199153,0.392986616887184,0.173942989309418,1.00867425853989,0.013695087411962,0.126155257815349,8.08587329578959,0.0910952745191859,0.175976512661693,11.0029813692926,0.134350799854264,2.57858812340184
0.123015429988311,55.6558708027315,1.04,0.174748230674525,26.0440100298641,0.2146,0.189377474892939,7.16849049713269,0.33,0.113381617138315,9.13019893034057,0.175,0.182965589062713,1.00577451078852,0.00489135607417524,0.196503279694113,16.5597876601153,0.64377347231173,0.191745875048877,20.6694457978884,0.631982903862811,0.093596102104663,1.00577451078852,0.00253724119381332,0.0915860211605476,10.2388825947119,0.03771381790454,0.153562234179371,1.95579274466099,0.0521157073576423,3.13261449870471
0.134893191626406,36.4758827075144,1.04,0.172488602986424,64.7001746101695,0.2146,0.189314207290969,7.16849049713269,0.33,0.104750419138999,16.8117454794054,0.175,0.179780605655114,1.60805750536954,0.0267484452147501,0.122896893331769,2.1944987299355,0.0622365301455676,0.143863531748592,14.2163529457634,0.218934978097138,0.161882313095414,1.017423759841,0.00348760010344067,0.119571867841719,16.464712003024,0.0845714484168519,0.0774794870589983,1.00288309926358,0.00147851798986038,2.15705751996761
0.112991927751747,158.782337813999,1.04,0.1868289882396,7.59346892677529,0.2146,0.17052597065451,9.34297620172496,0.33,0.118736885237813,7.50650397409388,0.175,0.199521641087681,1.00577451078852,0.0240988503788004,0.127880785298959,4.760684680679,0.113611368179318,0.190015383824556,36.5502812104738,0.729115415314773,0.132223806596019,1.01158236655188,0.00471850955862988,0.183380065203205,6.01097243209366,0.237903967057553,0.150640197505893,4.08698318318596,0.0626131645150934,2.93166127500417
0.15564612114083,27.8585987734397,1.04,0.172527286939984,57.0004046759971,0.2146,0.181874625058,7.72580908567334,0.33,0.11888815090539,7.46339570425412,0.175,0.134738904176267,1.00577451078852,0.00199739012516316,0.191306421628289,11.6887196334189,0.487979212982539,0.163107984643482,4.81582467568853,0.182069887461199,0.1983085750396,1.00867425853989,0.0308723403140289,0.176176481725103,4.85759838400825,0.189293170218103,0.136129925235665,1.27725193454067,0.031518638726469,2.6833306398275
0.157204328711192,27.5422660634698,1.04,0.188227327395729,7.12732336743282,0.2146,0.173483034270357,8.76943242226474,0.33,0.121161956951148,7.00523504030693,0.175,0.17106728715632,3.49853297367273,0.0239390142434018,0.188115417737739,13.9728926204603,0.521490893291579,0.18595783818391,5.07196553857306,0.230225695051701,0.187450229929763,1.01158236655188,0.0121267514590398,0.183810327447931,4.99947880072813,0.210173610383196,0.179431178477811,3.36032741709575,0.104255881474636,2.86181184590355
0.148910449313951,29.4283115325412,1.04,0.190512798573563,6.49989667874954,0.2146,0.164466941614204,11.0413330665098,0.33,0.104185884272357,17.9112775331676,0.175,0.103902412441489,1.01158236655188,0.0019933063552118,0.198735125129887,45.3590725519368,0.989012175673763,0.196787027845577,6.76406156642458,0.325679345508665,0.199661029390885,1.01449885892793,0.00152724075942381,0.160401692595352,6.01097243209366,0.169139794634459,0.0788102093665876,1.00577451078852,0.00742349158971895,3.25437535452124
0.12096107899109,63.1054072475028,1.04,0.196910628340301,5.37483556977805,0.2146,0.147469555009289,51.6840667068035,0.33,0.115712029549733,8.32645674178507,0.175,0.18283843787603,1.28093437865255,0.0265625877528239,0.133917923800147,3.91424641100743,0.11179857256994,0.197278469435757,27.3280820090234,0.765627464727099,0.182331067854374,1.54009278652809,0.0319600801564226,0.179452781713649,4.00544398533237,0.169731069298592,0.148315722045275,6.53437118513655,0.0655600453465194,2.9308398198514
0.117838065046061,80.0251022749359,1.04,0.171244672863166,315.318443928511,0.2146,0.156033010256367,16.8117454794054,0.33,0.115642267571859,8.32645674178507,0.175,0.198161138557916,1.27725193454067,0.0358039941362978,0.187969885904244,25.2842870786632,0.670139482194564,0.192136162569561,17.9499612710559,0.596678351360977,0.144695967560977,1.017423759841,0.00874265454835798,0.18843962587902,3.45847564108692,0.15928849495598,0.179856741430255,2.35148837301477,0.0863475161529867,3.31660049334916
0.13438313991118,37.1484903334101,1.04,0.17249271425825,55.3823890133107,0.2146,0.177896403606354,8.13682972063414,0.33,0.114305133729289,8.76943242226474,0.175,0.0952213648023254,1.01158236655188,0.00187987647747307,0.103027684013844,8.34603823722249,0.0801850857317636,0.195573622113593,38.7165788401476,0.831644825242022,0.199259703808655,25.9479782891666,0.0621887381494477,0.194861207218092,8.56511470172144,0.343188606305187,0.197082856096601,4.84363370723389,0.162447042281074,3.24113417418697
0.15405421989331,28.1142788446691,1.04,0.173472327362094,40.1145247025537,0.2146,0.172663497700635,8.92226745608123,0.33,0.123287030434907,6.68979340981204,0.175,0.198362632590093,1.00577451078852,0.00808784829807614,0.198050626991821,19.1787679790464,0.707355664277766,0.189604999194843,198.072510456684,0.884494190495166,0.16286256783179,1.05926897298544,0.0193202928710694,0.166786372791873,8.73947554283164,0.222250949976842,0.187881666486899,1.78366310156055,0.0789574720377811,3.6800664179567
0.127835841973709,44.8000601130621,1.04,0.189940827841798,6.65137533656814,0.2146,0.172831036541523,8.92226745608123,0.33,0.137731330232509,5.37483556977805,0.175,0.177789513873383,2.69220128298041,0.0276656802372302,0.173714777735564,13.4984086137474,0.408239351454249,0.192074981062231,7.4811522310616,0.34354335794946,0.168943279663658,1.01158236655188,0.0166219289098885,0.161894609752736,8.10918567113405,0.19631557925237,0.156543077704263,1.1988633739507,0.0412833258017879,2.79326922360499
0.133534473585196,37.7471883548195,1.04,0.171754358554432,97.3854885086602,0.2146,0.187042334106197,7.293424065782,0.33,0.112181093517602,9.67147573126437,0.175,0.177578793815929,4.41734470314007,0.0288235299894081,0.178249033223031,9.58286508470002,0.363713680341637,0.177569737616162,6.94161247758823,0.280524089944338,0.177502492464084,1.00577451078852,0.0217612219630021,0.15829160096145,9.418754960271,0.191872266071982,0.0618176808589337,1.92784124639408,0.00515020870900978,2.65144499701938
0.14045042027868,32.9131476009994,1.04,0.198899325490585,5.13280987242209,0.2146,0.160284668592683,13.1237826598188,0.33,0.137572416335944,5.40588040128206,0.175,0.160549132666248,1.00867425853989,0.00684747813771119,0.19550355780809,9.15145972170511,0.425490751627094,0.157959303185947,12.2750213329814,0.278978421025178,0.199529512373709,1.01158236655188,0.0207580225590638,0.146063000238826,4.98510624458552,0.121254607737477,0.196671930911344,12.0301229939707,0.214654141848546,2.82758342293507
0.125883492877948,48.5283797398005,1.04,0.186253683095034,7.77043304452438,0.2146,0.149451415663263,33.1711386953162,0.33,0.102862269772044,21.9114104965849,0.175,0.157775175565645,1.01158236655188,0.00493772466180806,0.193863547807113,11.3570049730287,0.49234699826072,0.179456099282419,41.2480907306527,0.590127715382754,0.19815649410848,5.92506573979369,0.0557329384146083,0.163189661303014,5.72386552959968,0.172637645092864,0.189907579541304,1.90028922105573,0.0845295134845585,3.15991253529731
0.149910382682275,29.1606812358378,1.04,0.179663757636401,12.6780227210752,0.2146,0.165668236230391,10.6663052198171,0.33,0.133308968639104,5.66078210355879,0.175,0.160475631818774,1.00577451078852,0.00494213206475901,0.180234267823814,6.55321042588835,0.280623576146262,0.193766271245264,12.4888983567305,0.504778016905523,0.193930149419299,1.01158236655188,0.0300088000631108,0.155428914085231,3.95958264771409,0.124888292874328,0.17872999022566,2.66904925964653,0.0921100636966266,2.79695088175061
0.155917860228172,27.7950429029008,1.04,0.19091953909668,6.42545597022062,0.2146,0.168519915209893,9.78352248861393,0.33,0.10843940506361,12.177069125071,0.175,0.184060912776339,1.01158236655188,0.00557549370166382,0.145235115029901,9.04667778353943,0.209012792669935,0.199008404503399,13.8527304550101,0.577223126427207,0.15618802802251,1.2232687477884,0.0173450719740847,0.188557179171092,6.78356302734552,0.273997129707188,0.15512728114839,3.00344307348301,0.0632664156910417,2.90602003017112
0.115517234312948,104.539606241328,1.04,0.183478088839877,9.18293458777804,0.2146,0.168516044160566,9.78352248861393,0.33,0.120522195908157,7.12732336743282,0.175,0.155481767864086,1.28462743961633,0.0148395965348794,0.174868089892876,23.0590127888488,0.512139624068995,0.165784026599096,21.0295852575175,0.387872541281567,0.139094567883923,1.00577451078852,0.00930420164509372,0.179625178908473,13.4596032415536,0.326339674913393,0.142915889011589,3.98244730043134,0.053057458090624,3.06315309653455
0.126069794316189,48.3072095893017,1.04,0.189530445904883,6.76729654167483,0.2146,0.167863328393444,9.95403124201917,0.33,0.119609908788319,7.33555058635551,0.175,0.192233226241663,1.87313095952011,0.035539346834404,0.124819566069952,2.00713065465068,0.0583759766998289,0.100286991196747,52.6842036818354,0.0802501427559016,0.166327611726899,2.16313573014221,0.0241817794038544,0.140046065948204,13.7336016436691,0.138868630439278,0.199161956776013,4.73335188912938,0.167067265181979,2.26388314131525
0.126175227585197,47.8678886713823,1.04,0.199452505274246,5.10333322739796,0.2146,0.154674584392993,18.1187847040838,0.33,0.127403609092088,6.17156343941625,0.175,0.195443928301725,1.01449885892793,0.00153287097160702,0.189743871325004,6.42246765119551,0.297373023687314,0.153420853951746,7.20633469066447,0.205883627559039,0.135728908092166,3.18145405986858,0.0115379529339161,0.177635534144484,17.6425615162172,0.341082389125156,0.182020685631345,4.74699861247518,0.123438572236097,2.74044843651313
0.122412249186564,57.7273604045926,1.04,0.195111324418102,5.66078210355879,0.2146,0.174020352698219,8.71907142059136,0.33,0.12589515615063,6.35186780125658,0.175,0.127008771907036,1.00867425853989,0.00468398442743768,0.158407530522974,17.1418825295271,0.337954743733865,0.16413909795798,19.4009034997931,0.365679954813175,0.125633605862478,1.00288309926358,0.00562012972195486,0.190957472188828,13.3438551917019,0.401490863582549,0.19285073119028,6.47817779606607,0.168237890137658,3.04326756641664
0.131913158679802,39.511453397773,1.04,0.177180470605043,16.3345266305675,0.2146,0.182622919371869,7.63732849425456,0.33,0.1288053013855,6.03101203476082,0.175,0.18686044257858,1.00577451078852,0.0159059831363456,0.144653877226053,34.6046757095179,0.27993753819576,0.101952775148175,8.41843393067599,0.0722200372136782,0.157125398436755,1.00867425853989,0.00175314615965145,0.150971764391595,9.02067029565308,0.16292811710815,0.152349379926404,2.1944987299355,0.0540566858170203,2.3464015076306
0.141980736948315,32.0965459868557,1.04,0.19002870918902,6.61317789021976,0.2146,0.154953340964606,17.9112775331676,0.33,0.115287696159655,8.47157152646274,0.175,0.146065872234634,1.01158236655188,0.0054737583409347,0.198656403847759,25.2842870786632,0.821622627121632,0.167263073598766,9.25745528268664,0.29314278179231,0.163209198430179,5.20510035615579,0.0240989169546925,0.149310803005534,9.17784428848941,0.158547523891231,0.19716842728364,2.63090415150101,0.115688462196468,3.17817407029727
0.11079097681204,312.183874724913,1.04,0.190443676089003,6.53743981743082,0.2146,0.162647054148046,11.8314103761204,0.33,0.115447742989633,8.37455001705244,0.175,0.197744352963465,1.017423759841,0.0116156727314255,0.157674161554557,22.0844211988575,0.354026790089455,0.154626244283883,6.33068001474387,0.195194594029627,0.171252401788777,1.00577451078852,0.016616960601829,0.141376752863581,16.2294041616006,0.148498168191053,0.0937445137969478,11.5882005855279,0.0156765186913586,2.50122870433475
0.140884276943058,32.6138251119006,1.04,0.180082592679563,12.177069125071,0.2146,0.182069595625884,7.68144139281058,0.33,0.103780163046334,19.1929428791772,0.175,0.18525438561823,6.90175820040029,0.0353118264574945,0.198173203497706,15.8142923261533,0.640625442774068,0.164316584485932,9.36467852310833,0.280019206481329,0.171663250356862,1.017423759841,0.00249732567077472,0.199394587996314,14.5895202202118,0.482724346085945,0.188986652153827,3.59036651349369,0.124109331316519,3.32488747878613
0.142044506835723,32.0965459868557,1.04,0.199870424036508,5.04488679969571,0.2146,0.152781708729035,21.4123992568061,0.33,0.101488478753757,28.0688171933232,0.175,0.147202007585302,1.00867425853989,0.00892858863383317,0.171615454496597,4.43008034640065,0.184492457892401,0.147025762210765,4.82970917626452,0.148650169783935,0.19724899719925,2.012917411563,0.0460026728908341,0.196495309561184,6.33068001474387,0.286436503875652,0.158429095749115,1.40859841962076,0.0471871564445302,2.48129754952119
0.156185131879807,27.7316320270443,1.04,0.171614454340932,156.169708045722,0.2146,0.188306709910096,7.20989540649827,0.33,0.136195133292384,5.4685090410485,0.175,0.122985237657308,1.00577451078852,0.00275373190962854,0.175473379678052,6.42246765119551,0.264887347667594,0.166734849504989,14.9294397640879,0.35638161067468,0.195793410816408,1.00288309926358,0.0123999347707661,0.13748822807973,3.07341994620988,0.0823159032786158,0.0815825843987737,1.00867425853989,0.00731172124965635,2.48565024955094
0.112112685457905,196.807959020143,1.04,0.178617791234179,13.9821123150444,0.2146,0.17805738720433,8.13682972063414,0.33,0.107325140631837,13.1995850943453,0.175,0.197416167983593,1.04413027541975,0.0326713540507034,0.147340278046625,7.69966123740149,0.201761106686513,0.191726906574422,38.6052759973495,0.766858806327898,0.15683607394331,1.1988633739507,0.0175938374989639,0.162119418229214,8.46704626823108,0.198829187172857,0.163573984935039,6.0805937181354,0.0917804218379358,3.06909471357487
0.156311361843704,27.7316320270443,1.04,0.179115358916886,13.3525059876274,0.2146,0.163916588393415,11.2986488972231,0.33,0.140434485333078,5.25242887388322,0.175,0.153626311681973,1.01158236655188,0.00577339143387375,0.197061147424055,20.0828667363378,0.717530692687238,0.197155968642736,11.4885459675579,0.500684027823676,0.172243156534264,1.00867425853989,0.00529901082456508,0.195904723499014,4.53329627591397,0.216274853461477,0.191350171418936,4.92802801770652,0.148404639624715,3.35356661585555
0.150501458685665,29.0277801933518,1.04,0.181778831334696,10.2448417098122,0.2146,0.160413549352711,13.0484155426933,0.33,0.100598882730025,35.1376640660105,0.175,0.0856687320087069,1.00577451078852,0.00105606841321154,0.178325645057288,86.4438664168045,0.696983558395853,0.183009827566737,13.6941201359897,0.45352476860158,0.160303631006027,1.017423759841,0.0116953916613518,0.154384709085676,3.55949057200184,0.115591122616257,0.19673285252291,4.760684680679,0.159416825067868,3.19786773475612
0.13185608724835,39.511453397773,1.04,0.173382842661084,40.3462245646401,0.2146,0.193192486992166,6.96500545227891,0.33,0.128876984148379,5.99637720407285,0.175,0.160547068201999,1.00867425853989,0.00931939026951522,0.190727447238471,14.8437245167243,0.558798506710546,0.147558298248509,34.9048456133114,0.279870427181679,0.0792274039192218,1.00867425853989,0.00208856763147233,0.189212254727102,3.45847564108692,0.160097062173981,0.155017224278169,2.3787241732935,0.0580010985158001,2.82777505248299
0.125801039530074,48.5283797398005,1.04,0.199617839118571,5.0740258605321,0.2146,0.18989896959749,7.12732336743282,0.33,0.139652535224764,5.2827666892935,0.175,0.188631040752794,6.44098426295101,0.0380460667145908,0.167868432102318,52.0809826503965,0.516586461361601,0.171072125922347,5.99369202303595,0.23409242859034,0.172006330641905,1.00288309926358,0.0111993785412042,0.197854317162152,7.4811522310616,0.327042111119208,0.180266251665763,3.23688695135292,0.103499343574844,2.99006578990179
0.12573919505206,48.5283797398005,1.04,0.192427214735053,6.10088299973121,0.2146,0.168926549492787,9.72733778147489,0.33,0.128499573601356,6.06584691482126,0.175,0.144066214198873,1.00577451078852,0.00641910862542783,0.18591502313972,19.2895159816518,0.58621356699349,0.13931487668098,6.2943333190863,0.150658939404932,0.176794455930413,1.64079288241399,0.0287619488088968,0.16587134638472,6.15102138343189,0.187133376099964,0.173083644294627,8.81528401319323,0.119563298280238,2.83835023821295
0.126529916867993,47.1086689391147,1.04,0.176726161878965,17.8084168422602,0.2146,0.150845112712773,27.1154370165082,0.33,0.117371676931568,7.86045568946845,0.175,0.169141340830333,1.01158236655188,0.00867443569397776,0.189914039812285,36.5502812104738,0.77755228799213,0.195022795209166,334.488426314646,1.01895979777106,0.0953539671357947,1.06232295058138,0.00357735389633073,0.192865720389883,10.0346071582177,0.365138124694944,0.172548510282679,2.42017049201696,0.0788891851551366,4.01239118520358
0.1215570210878,60.150086606815,1.04,0.17369625745896,34.5357693007845,0.2146,0.154614458904132,18.6481312700654,0.33,0.133340994634953,5.66078210355879,0.175,0.180491434195168,1.01449885892793,0.00580123965762271,0.160457045130383,4.97077500682395,0.184563474827914,0.134347037319041,5.95928009583079,0.134639085531986,0.145973187611695,1.21624552488348,0.0136118123624497,0.0529535050309269,2.86823283751515,0.00961269549209537,0.198189482705937,2.84356700216288,0.123135213705599,2.23096352157767
0.12270144633385,56.6821533858826,1.04,0.183320390353326,9.23597484422661,0.2146,0.184827881561319,7.46339570425412,0.33,0.141327650082168,5.22226528215118,0.175,0.151713527292109,1.01158236655188,0.00400788285770546,0.195523325896852,12.5610156350281,0.538642483021418,0.0967291710603627,6.57210398204128,0.059837756027342,0.17706893729671,2.9350594625955,0.0317742947942931,0.175770301124251,9.2308418493486,0.263762101984956,0.151269289294342,5.28056837192541,0.067458159730329,2.72508267841604
0.134567375658988,36.8948211782569,1.04,0.197532109964469,5.31327973469088,0.2146,0.185908953796514,7.37792042799738,0.33,0.12760106072896,6.13612145164168,0.175,0.158463444228492,2.69220128298041,0.0173193243725423,0.119177147042385,3.34103457688672,0.0802488808346431,0.196734209375039,6.7058929175172,0.32300139252039,0.199944585603984,1.1988633739507,0.040365737822978,0.190961015805096,14.6737675621227,0.418416761425028,0.191945367189497,2.70774742833384,0.111043581346176,2.74999567832176
0.126213567044419,47.8678886713823,1.04,0.193221874446826,5.96194127391598,0.2146,0.180229345386927,7.86045568946845,0.33,0.14385148626592,5.13280987242209,0.175,0.175826602571039,5.35713058780925,0.0278831955159783,0.174148151801169,4.65229147967714,0.196739169821438,0.196266230677078,9.2308418493486,0.423635829644837,0.198425407494708,1.01158236655188,0.0036339619690697,0.13930452017068,10.7215497316231,0.131496120929635,0.149912470194495,3.45847564108692,0.0596363226675838,2.60262460054854
0.154922943781726,27.9861468254964,1.04,0.175912272659103,20.5663194979376,0.2146,0.184549653358046,7.50650397409388,0.33,0.129622787835142,5.9277031020464,0.175,0.191906950576883,1.00577451078852,0.00327751404200244,0.181347960486214,15.3654978668113,0.492608052250702,0.170720819117775,25.7990016756576,0.451715444311728,0.169903416435682,7.4811522310616,0.0292607227778642,0.139069269476491,6.45955425993623,0.115147174932969,0.199051530035596,1.54009278652809,0.0751814763764926,2.92679038469176
0.153752225786785,28.178564676959,1.04,0.180043212353008,12.177069125071,0.2146,0.189743118637032,7.12732336743282,0.33,0.115503937464807,8.37455001705244,0.175,0.160460609335688,3.04698957090351,0.0183207041400801,0.179081804020089,18.053613516069,0.510114123145312,0.192027029530356,32.9518247994517,0.743803309864691,0.177816493758377,1.16149208345279,0.0266804397433567,0.17297499514095,5.85722521042959,0.202769849537142,0.195008249885594,3.45847564108692,0.13366172818903,3.39495015461961
0.133823696183228,37.575153941676,1.04,0.18222142727118,10.0115253213603,0.2146,0.16069756756249,12.8249011680643,0.33,0.107030876402502,13.4296295187868,0.175,0.189253046324783,1.017423759841,0.00768682547866329,0.111452053946701,1.56692699337341,0.0400304693142616,0.161024067010736,11.0347040567755,0.283198105366365,0.168995755980333,1.01449885892793,0.00267949361457894,0.152562080298883,14.053579239644,0.188339189797962,0.194496256321261,1.7683242002651,0.0830422805124262,2.36457636408426
0.121972706602147,58.5238945114623,1.04,0.175757900091671,20.6851097223421,0.2146,0.185761435251363,7.37792042799738,0.33,0.115406400120656,8.37455001705244,0.175,0.18750672566387,1.60343464412786,0.0308420761472125,0.143525312651368,9.80613514975012,0.209201480410563,0.0976222785640184,1.97275779657863,0.0385983842667389,0.199346331950401,1.00577451078852,0.00300852889073626,0.179161015823743,13.6547521301788,0.325269241428759,0.15358946180763,4.27964604980107,0.0683582638966556,2.43487797504067
0.133655545344622,37.575153941676,1.04,0.191039549632945,6.38855593116599,0.2146,0.182659505391433,7.63732849425456,0.33,0.134474675903799,5.56381506816292,0.175,0.0969776619123907,1.00867425853989,0.00136147193538805,0.186480575767772,79.7490340377456,0.844339740843583,0.136163196378384,14.7585013912184,0.183946128590135,0.182450585762353,15.189566737098,0.0407432727332487,0.197286133557434,15.2333597657718,0.468458082367691,0.107632130666118,2.16313573014221,0.0201665127346179,3.31861520920466
0.115950604824276,97.6165072818245,1.04,0.194843745710913,5.69347855060436,0.2146,0.153202804654157,20.5663194979376,0.33,0.1062556847004,14.4737241117876,0.175,0.132251829500399,1.00867425853989,0.00105603808162879,0.160836744019488,14.716073490575,0.334818866759006,0.165277635988606,3.72728711692345,0.148838613756435,0.185876797844175,2.66137624774655,0.0385558394166935,0.154626828711522,6.04568285725226,0.153481752181408,0.142325224859281,2.51970871206025,0.0460631408494564,2.48241425104463
0.118653471896572,75.0675915245416,1.04,0.176533328997021,18.0147323432395,0.2146,0.155730581844891,17.0065142632699,0.33,0.110190079657455,10.7279133646656,0.175,0.167470905418253,1.01158236655188,0.0105821751223532,0.197501922444094,7.50272113554967,0.362391874230148,0.196648657326138,6.47817779606607,0.311611967192409,0.154280722063882,1.00867425853989,0.0104681094237974,0.147242664062201,3.71657187129828,0.106922582933572,0.175540019499349,1.58051892322707,0.0632166019978028,2.62479331090008
0.145805873208317,30.4539859196963,1.04,0.188583308804057,7.00523504030693,0.2146,0.179409925177311,7.95152127198837,0.33,0.109061057248316,11.5619614165913,0.175,0.194905061278126,9.07276025359497,0.0458456824466796,0.153046082815683,27.8042399468639,0.332428907280981,0.151833689643541,7.6115020308696,0.206892444049136,0.18253045932215,1.01449885892793,0.0228946774830955,0.174093314104583,5.40359972355987,0.195786482177256,0.116292822650884,1.00288309926358,0.0019198080000673,2.56536800143722
0.134871271267271,36.6428842076339,1.04,0.173015925418347,47.1342573099534,0.2146,0.18655863299354,7.33555058635551,0.33,0.124181607390291,6.53743981743082,0.175,0.143695493489355,1.01449885892793,0.008956173503631,0.194023728640469,77.26307576868,0.99498296343356,0.170057462660435,86.1953566475303,0.517916250476343,0.169360931560615,2.36506706799381,0.02587250105891,0.174014498686225,2.68446171339143,0.113373805113706,0.110887394471523,1.00288309926358,0.0173163766179042,3.43801807020405
0.122512423404567,57.4642655092542,1.04,0.187307249972091,7.46339570425412,0.2146,0.16901866816053,9.72733778147489,0.33,0.127933884869053,6.10088299973121,0.175,0.188421325982021,4.25507507288674,0.037203782720225,0.189365546829916,10.3873347090322,0.442069813223595,0.146250602958852,3.53905426496764,0.118185808132338,0.116658760883936,1.00577451078852,0.00161789491380531,0.196533079576416,11.2593385593765,0.408095045714396,0.126292328165402,1.73304445225245,0.0295308503072364,2.7963031950116
0.125896174434003,48.5283797398005,1.04,0.185771166221138,7.99744893524145,0.2146,0.168526855038945,9.78352248861393,0.33,0.130669031704885,5.85981549695445,0.175,0.195501052940747,1.017423759841,0.0308583800493644,0.175575908298919,9.74983462452457,0.355747597245713,0.188808709231356,138.208621011607,0.859025769864865,0.185667360198883,20.7290378618468,0.044751210029727,0.187226488603608,11.4225861207707,0.353614926692329,0.187142795165585,10.2980071327174,0.170059489358083,3.57365737324008
0.114296161028485,124.640358122733,1.04,0.183431545927308,9.23597484422661,0.2146,0.177887584558037,8.13682972063414,0.33,0.131673205702826,5.75943909554708,0.175,0.170979976449927,1.017423759841,0.0178259066320943,0.159876401352368,57.2716222440805,0.43136921154927,0.0966685699022846,2.3787241732935,0.0422171629756045,0.178001741759146,1.18855355314224,0.0272987010825678,0.152221756272701,1.91126246166401,0.0695388521139095,0.176844233076608,3.84721348715026,0.105130577043699,2.45298041139714
0.13992409504522,33.1394408876654,1.04,0.186233460833281,7.77043304452438,0.2146,0.160186639907632,13.1237826598188,0.33,0.140577699810297,5.25242887388322,0.175,0.152955853967971,1.01158236655188,0.00236398076312416,0.167472322712804,13.5373258656811,0.365778142662078,0.172064150107381,42.3308183228056,0.507211960447168,0.191740378716307,5.74036800209287,0.0487131843116086,0.169089532868921,2.46233896144414,0.100806674802991,0.179223402957449,10.9713498785374,0.143715458061155,2.92818940104812
0.147303878973876,29.9709634242785,1.04,0.1887319161158,6.96500545227891,0.2146,0.194468003324821,6.92500689429393,0.33,0.120493892661833,7.16849049713269,0.175,0.116823807593815,1.00288309926358,0.0024835631261835,0.195467841693198,35.2076192684563,0.858803936882672,0.148744738013312,8.96887940476934,0.208275938081816,0.155213922519587,1.017423759841,0.0106686697335528,0.177136809706604,4.15819379664401,0.169954129834743,0.16422585985816,4.36676720472819,0.0853100626321782,3.09509630029115
0.133053100440676,38.1807282225453,1.04,0.176154581487997,19.3038005361259,0.2146,0.159121007627372,13.6636831932795,0.33,0.135656286436709,5.50009492671021,0.175,0.166122998324158,1.017423759841,0.0109443834745289,0.152732485115681,5.49775074742009,0.181192999144009,0.158858920412004,28.9477893633602,0.354003200790865,0.163222962265737,1.01158236655188,0.00716514630651776,0.187511713424676,8.34603823722249,0.30312540151692,0.15271847657126,1.00577451078852,0.0117954406068356,2.62782657183968
0.148853815435825,29.495602018995,1.04,0.190893168218055,6.42545597022062,0.2146,0.175621922659404,8.47157152646274,0.33,0.10824309235804,12.3181438842284,0.175,0.150652318593952,1.03217524340486,0.0127506270378992,0.185244237732915,61.1922854994662,0.791899693481425,0.190621074538301,8.78994173863968,0.384292258498251,0.184161797977387,1.00288309926358,0.0147534516701815,0.115850419513674,2.78683513858361,0.0528123953253921,0.190309484797254,5.84038679556032,0.154809706773232,3.17091813278638
0.115481016963612,104.539606241328,1.04,0.176370649446727,19.0827218543819,0.2146,0.154758457836869,18.0147323432395,0.33,0.106127241615821,14.6414062627396,0.175,0.185851682542046,1.30325307163827,0.0285284992171534,0.162773159888435,92.0960619942828,0.480671093052209,0.118484381270053,7.22711126890421,0.104209633785484,0.197558853761467,4.00544398533237,0.0530985422814384,0.0907534909978809,3.66345594042931,0.0320821387453714,0.168115442734958,7.83381828565906,0.106830842984722,2.56502075006638
0.122219708048244,57.9916598558987,1.04,0.173323266318265,39.2009550942404,0.2146,0.156685267569326,15.9625235417481,0.33,0.11038788359399,10.6050508775566,0.175,0.122679851421171,1.01158236655188,0.0049939186848148,0.190862236176376,337.389865403101,1.00779306392838,0.155805543074144,8.6145740489714,0.233574638485479,0.181246073997263,1.00577451078852,0.0136024462652206,0.157548198966406,9.86276078296599,0.191410898358345,0.187153590329707,1.51371812544339,0.0683106954872424,3.27928566120948
0.113145017102369,156.263933778434,1.04,0.172922523433354,47.4065028618884,0.2146,0.177709528815721,8.18382771794484,0.33,0.132701233513859,5.69347855060436,0.175,0.192222910519592,1.18513668643434,0.0313931149700175,0.168177530153152,4.20635552139048,0.170927688298757,0.187494396314035,252.261203071324,0.838649721296254,0.186518761562093,1.01449885892793,0.0291821667376892,0.19277957223291,6.55321042588835,0.282778911844167,0.15976552733491,1.00288309926358,0.0173228513312725,3.12985445447816
0.110971301801234,296.207676960698,1.04,0.175028200673185,24.5864229124585,0.2146,0.172659037755692,8.92226745608123,0.33,0.140724829373475,5.25242887388322,0.175,0.178442951175841,1.00867425853989,0.00496601848694519,0.199121023965779,19.1787679790464,0.718817967898797,0.126183696874977,1.65979714701382,0.0487927548773144,0.176967238867116,1.017423759841,0.0120059585384371,0.152578571904258,3.33142973427318,0.108273763135204,0.160727017629199,1.00288309926358,0.0287249826045865,2.68118144554128
0.138736012459474,33.8276988438502,1.04,0.187655962531632,7.33555058635551,0.2146,0.175791585584449,8.42292107712042,0.33,0.140924153696439,5.22226528215118,0.175,0.162224219087274,1.18855355314224,0.0170296874556773,0.143751037898411,5.10125365829453,0.15193052000523,0.185662225964571,22.2119479273284,0.577706257620105,0.173120582434671,1.00867425853989,0.0173216811293236,0.18922571214049,10.783461436218,0.356404686816329,0.18161092981189,3.43861929685961,0.108779435130928,2.98877226815759
0.140326948915073,32.9131476009994,1.04,0.183238339450728,9.23597484422661,0.2146,0.191579159450536,7.04569699279812,0.33,0.128348116327618,6.06584691482126,0.175,0.199770152459792,2.89311263070037,0.0451552048365506,0.155931001051547,7.69966123740149,0.231847987524017,0.132561023643995,10.4473164853735,0.158672549868481,0.137617671618858,1.01449885892793,0.00356361663946942,0.196179212713091,4.49431145638251,0.214955333051073,0.167397071287653,2.12609122719942,0.0681136782796499,2.48190837019924
0.144199486168817,31.0864708846003,1.04,0.191818907471663,6.20721013866976,0.2146,0.173164650588285,8.82008430703416,0.33,0.107070169857577,13.4296295187868,0.175,0.120823311339098,1.00288309926358,0.00322998563558696,0.190980347620945,77.26307576868,0.918174629167154,0.19666857161347,25.3571841881197,0.738230714878553,0.189562018165318,1.01158236655188,0.0191196876062483,0.149769153762637,1.96143148928283,0.0696352449398915,0.128018576086259,1.00288309926358,0.016523922186478,3.52451418441391
0.134841402401298,36.7266714647001,1.04,0.179771889769159,12.5328264140034,0.2146,0.151588094137364,24.5864229124585,0.33,0.0989004250949816,64.3286151471491,0.175,0.19491915680661,2.6460963359074,0.0402569937846986,0.181284167665605,15.9056121278034,0.502701963177215,0.172399035941835,13.7731969804542,0.380242835493077,0.197170052631495,1.00867425853989,0.0178433670604752,0.142101487621055,1.60805750536954,0.0541414953335584,0.188554429923302,2.02454102487246,0.0876359701422211,2.84242262499125
0.13328756214285,38.0067179330526,1.04,0.184468504125634,8.61921539420481,0.2146,0.174262570108663,8.61921539420481,0.33,0.0992216044715191,57.3296366935823,0.175,0.199956120741029,2.62334079957365,0.0451350096632766,0.0837875770448407,3.50861959151272,0.0390761329066743,0.176999726452296,33.8167824081596,0.544933043410069,0.199036850042855,9.50045567592029,0.060431616194623,0.144253688550077,8.84069935203988,0.140351233925364,0.195434498618829,5.65832869261085,0.167673493341465,2.75720052944147
0.117736582563004,80.391489902462,1.04,0.172343448377935,61.4319352880526,0.2146,0.166254360033578,10.4233904064403,0.33,0.132683686887031,5.69347855060436,0.175,0.194194774596122,2.29134256329585,0.0384773466287047,0.196423383806232,33.4295886586368,0.866762050288974,0.128229353780371,14.8010516157109,0.152392834138119,0.18655570517599,1.27358007675926,0.0325358680418258,0.15466243993851,3.77045792255574,0.120790474061872,0.188582417634123,2.04799000112185,0.0881274181756971,3.05868599133519
0.125002841651119,50.4496814993611,1.04,0.188674107786085,6.96500545227891,0.2146,0.190419692018262,7.12732336743282,0.33,0.127845695878402,6.13612145164168,0.175,0.0943997392892399,1.00867425853989,0.00184832162494765,0.173778068704559,25.4302914671788,0.515775719685347,0.198439679888928,11.7224193723862,0.512963586122036,0.140862894231583,1.00867425853989,0.00643831830353394,0.185041309008603,4.3416960341386,0.190440079685774,0.197059252050808,7.50272113554967,0.190259986593733,3.17732601201537
0.139522612655917,33.3672900465381,1.04,0.184468055674963,8.61921539420481,0.2146,0.168637082041718,9.78352248861393,0.33,0.109201500695118,11.4295469118117,0.175,0.155713817321165,1.01158236655188,0.0140663385529092,0.151567688323737,2.82724106811333,0.102647446633876,0.169242710665539,16.0898367576997,0.384089867804026,0.194975889601862,1.01158236655188,0.0115168651666277,0.18804720756105,3.70588742997801,0.169812530036232,0.18844184920627,2.56361151152847,0.102678394646872,2.54441144284054
0.142457055752286,31.8773741273602,1.04,0.185799426861792,7.99744893524145,0.2146,0.162828673459865,11.7634650805689,0.33,0.119959556947351,7.25153946893524,0.175,0.13593225529087,1.17494491051044,0.00911172664638416,0.146319224400954,3.51873529007318,0.119998495810361,0.184080166288569,5.04284557241036,0.226538947776022,0.194422066977417,1.16484078042324,0.0363715104254992,0.178695596970118,6.61005466738882,0.236028735937851,0.16075705634926,3.37973166401872,0.0733098305996621,2.46095924719578
0.140437551396792,32.9131476009994,1.04,0.181719001201992,10.3040154985797,0.2146,0.188571935718949,7.20989540649827,0.33,0.136273338466239,5.4685090410485,0.175,0.125830994382146,1.01449885892793,0.00120530446192334,0.163109269171003,12.169460288151,0.326255893074069,0.154365717233842,6.2943333190863,0.194045805903575,0.104797369492884,1.00577451078852,0.0020745543933453,0.116282785454857,2.73123512958793,0.0528208816436925,0.199161674964269,12.8167214051892,0.226521726149098,2.5625241656257
0.130968045683973,40.6093504828478,1.04,0.172977258346489,44.2407938679069,0.2146,0.148072661623829,42.9849730046193,0.33,0.118683526394993,7.50650397409388,0.175,0.196212320350297,1.06538573309788,0.0327388930498268,0.11093614519713,2.81100886708374,0.0630207978678538,0.193687839401264,40.7758103487437,0.805182231579967,0.125145081115622,1.00288309926358,0.00182597966495267,0.165055610129861,2.81100886708374,0.110133079552958,0.198659357579154,6.42246765119551,0.187063587750752,2.95956456946631
0.146619664672443,30.1770278183633,1.04,0.172860355121112,50.7987383839539,0.2146,0.187383267626867,7.293424065782,0.33,0.10019822253069,38.3081911525882,0.175,0.174401215505428,1.23387969717049,0.0222402772387944,0.192232211595447,11.3243557313592,0.483445878288573,0.182190547095521,11.0347040567755,0.403791569288181,0.191245824069869,4.31676880609627,0.0463396199047399,0.127529289741461,6.09812467340626,0.0885922870669408,0.184123169277604,6.11570617216135,0.139546281173691,2.94355591296092
0.129556736934793,42.4104148257264,1.04,0.187355898626707,7.42053499612018,0.2146,0.158429738166181,14.4737241117876,0.33,0.133223687237236,5.66078210355879,0.175,0.182979267491096,1.00577451078852,0.0064665021257729,0.160144676013606,18.1056638759021,0.355899807044214,0.193386051681615,6.7058929175172,0.315797974249093,0.195098795100101,1.79396288338358,0.0428988045440343,0.172078844530707,3.07341994620988,0.126743485724041,0.145974203231256,1.28093437865255,0.0373451273597158,2.64475170104687
0.136838940796938,35.1669814998765,1.04,0.195686527435424,5.56381506816292,0.2146,0.15388552843869,19.6402301778248,0.33,0.125515375531901,6.38855593116599,0.175,0.193799151101314,3.71657187129828,0.0412036823374261,0.167506559615416,5.17521601544173,0.205072641307228,0.163248923485279,3.65292419736599,0.143604253880859,0.171055483590698,4.46850800867783,0.0291734578879975,0.182424534091579,4.87160332233193,0.203060208992192,0.186666741213261,1.29204553462562,0.0588663284796204,2.44058057288532
0.115752877277015,99.6438600672692,1.04,0.188937117757373,6.92500689429393,0.2146,0.177865746498867,8.13682972063414,0.33,0.115846990647821,8.27863965605879,0.175,0.190719452852028,1.00288309926358,0.00277020983044104,0.0858226650507881,3.19062650772569,0.0400787334026563,0.199449915352922,94.2417974888951,1.05666812684999,0.172396311486487,1.01449885892793,0.01151797702624,0.175648985669925,4.70617602490094,0.183160876555153,0.191310989963888,3.59036651349369,0.12831720681242,3.1821131304769
0.156756511800943,27.6052439369847,1.04,0.187530579608928,7.33555058635551,0.2146,0.174164068145556,8.66899963153375,0.33,0.101619626912025,27.1154370165082,0.175,0.14288852197717,1.00577451078852,0.00461517350892235,0.103657520542017,15.9514695864158,0.0898908898127777,0.190334416352166,24.7086041684656,0.654547442439493,0.127135272530712,1.00577451078852,0.00186004757849952,0.19455435960605,7.50272113554967,0.314160520437257,0.130550882179608,11.0984240743995,0.0439799535835045,2.86865402736045
0.145739016757057,30.5236217030721,1.04,0.191710910000854,6.24306273180741,0.2146,0.168115442827395,9.95403124201917,0.33,0.106503506258409,14.225794745742,0.175,0.170831008851686,1.01449885892793,0.0179135905818443,0.156580877897947,3.43861929685961,0.12920270772354,0.198361492564967,23.5962620603196,0.739048807836338,0.179960926712222,1.21274904899342,0.0283273695098316,0.131070060489259,5.20510035615579,0.0907914931959839,0.195186239850046,7.76645008964431,0.185622513584475,2.95050648243201
0.120933057067823,63.3943295954686,1.04,0.181362800801742,10.7898773556513,0.2146,0.173866547915722,8.71907142059136,0.33,0.125692287015065,6.35186780125658,0.175,0.164330084224419,3.33142973427318,0.0204595253120046,0.140017027782588,2.77083492243083,0.0916447918797299,0.182310946961743,36.3404329881246,0.6251195416842,0.17140538480023,1.01158236655188,0.0211206292146549,0.134967871768729,2.25859550568368,0.0657147491815995,0.186696540283091,3.83615347588896,0.124355845105197,2.70801508237739
0.13970933628041,33.2911667934025,1.04,0.199534360979855,5.0740258605321,0.2146,0.174828023078016,8.56971705725559,0.33,0.122657615009297,6.76729654167483,0.175,0.14367377841943,1.01158236655188,0.00385711597935128,0.198172428282711,10.9713498785374,0.504721345404893,0.189069576230932,195.804629465659,0.880563189530363,0.0910651725108848,1.00577451078852,0.00146933052452924,0.18959136723378,6.34893199363231,0.265619776404975,0.192078495780192,1.86237664548846,0.0846842999890448,3.50051505783316
0.110870709331776,324.543640928348,1.04,0.180300140830619,11.8997481209338,0.2146,0.159317095707836,13.5852155412096,0.33,0.123442145760845,6.65137533656814,0.175,0.0914937287628844,1.00867425853989,0.00257199734651344,0.103096897833188,1.88937898174206,0.0423768286940776,0.187838237263283,5.94214829246472,0.271420762762889,0.198339153305158,1.00867425853989,0.00314935027196785,0.163364861439892,10.9083594392703,0.220944525110397,0.19532136477296,7.83381828565906,0.187224087017293,2.48728755120314
0.129863030850257,41.9288471215546,1.04,0.192720169321926,6.03101203476082,0.2146,0.165941430328975,10.5441483060703,0.33,0.110271256441474,10.7279133646656,0.175,0.173363362839991,1.01449885892793,0.014348057105598,0.127344122722136,3.72728711692345,0.0981997983730416,0.196044597571181,371.015751566286,1.05098868900176,0.196584277690865,1.52684850782001,0.0419447685548107,0.111078280516215,3.00344307348301,0.0496293171880772,0.104330451551337,1.26626799854054,0.01627073067398,3.03098136089727
0.15197384627483,28.6327002492754,1.04,0.18507637360683,8.32645674178507,0.2146,0.177262416447927,8.23109717377527,0.33,0.129585852284548,5.9277031020464,0.175,0.199431354032479,2.26510726072284,0.0429519009624436,0.173125187252958,9.80613514975012,0.343144287707505,0.101682845111139,6.1865405227709,0.0672112532347895,0.186130592137498,1.00288309926358,0.0221944749657726,0.146955403403146,6.09812467340626,0.132136363650327,0.131754184231931,1.00577451078852,0.0239344445745859,2.39117272509542
0.146131759513719,30.315190586218,1.04,0.179676800268025,12.6052155093052,0.2146,0.153145145847588,21.1671716400053,0.33,0.109266188790178,11.4295469118117,0.175,0.169094471731144,1.01158236655188,0.00237364711127123,0.119264870864432,18.5809222819382,0.137970666485092,0.16384642950162,4.15819379664401,0.162331225323777,0.164562856666916,1.00288309926358,0.00785725545176501,0.199485581723661,9.28414544519475,0.382644495512943,0.174539748119693,1.75817161928149,0.0674050856439571,2.52018237552881
0.146843051256089,30.1081827451107,1.04,0.172342412337419,61.4319352880526,0.2146,0.184320098118698,7.50650397409388,0.33,0.102182363059592,24.7284330905736,0.175,0.196211178444066,1.56692699337341,0.0366239323538369,0.166503692622185,51.3366596640957,0.492795105125707,0.199741454730872,9.39167782086193,0.443363904214089,0.19661091583666,6.31248050684326,0.0540711567914252,0.135895397675048,2.60078095318014,0.0725464869525438,0.18586551311205,4.58580257506987,0.132560545888608,2.99156113132621
0.131182451821252,40.148233755735,1.04,0.194915806566094,5.69347855060436,0.2146,0.166585552014559,10.3635310727429,0.33,0.106249335337326,14.4737241117876,0.175,0.173069667858161,1.00577451078852,0.00622015877870363,0.173281792317575,5.40359972355987,0.224032966580627,0.176673397367953,23.1254942116391,0.494159879667025,0.155230430046252,1.017423759841,0.00872466898679821,0.178683019575519,2.72338334507132,0.118396643555682,0.174540545842275,13.4984086137474,0.132765056930638,2.74389937449947
0.147438446496944,29.9025884608853,1.04,0.173164680104933,43.7341218076915,0.2146,0.1700105995726,9.45121719994339,0.33,0.101998751850826,25.450882821744,0.175,0.180821870551851,4.63891702142887,0.0314741665598079,0.198735217486875,10.5987906532703,0.491674764558591,0.149674406009064,20.9088468955437,0.269412361127276,0.147558801194738,9.33775684323017,0.0163885180972706,0.152626690496854,3.11798102843626,0.103484354797981,0.163279177910337,1.97275779657863,0.0616616969103324,2.73369586205126
0.113322427348766,152.039248690941,1.04,0.180357283346792,11.8314103761204,0.2146,0.15657959743727,15.9625235417481,0.33,0.122133249841815,6.84569756904508,0.175,0.141989512668745,2.13222095925085,0.0111818467893963,0.145782144746703,5.62584220609726,0.166452229202235,0.0728538966415406,1.62668261683323,0.0207800738785503,0.157038584994466,1.00577451078852,0.00966984084089043,0.186190131703777,4.14623977579979,0.185447747616137,0.156116615885565,10.4473164853735,0.0834833483511662,2.23661508667838
0.13242553090276,38.8847728421275,1.04,0.177204768195924,16.3345266305675,0.2146,0.158694626892685,14.3079623572268,0.33,0.117152669284273,7.90585736162312,0.175,0.146560077624877,1.00867425853989,0.0108734695793607,0.184892146610663,76.5986393670066,0.800565825561417,0.199022854173061,28.1262788456248,0.803689994794402,0.195166135447486,2.70774742833384,0.0474746844725565,0.167640156687085,11.7224193723862,0.248835305735686,0.188680845539616,2.9350594625955,0.111124792458544,3.78216407260197
0.123026731351882,55.6558708027315,1.04,0.173610462832406,35.9565395735246,0.2146,0.194590348552179,6.92500689429393,0.33,0.139636732564442,5.2827666892935,0.175,0.199414463533578,1.00288309926358,0.00493511491439597,0.16139499969873,32.0166835936232,0.409410956553538,0.149845070004478,14.9724828208773,0.254196265520569,0.19969084720702,2.89311263070037,0.0522777805635699,0.130627929680751,8.73947554283164,0.103677184706739,0.199191449816905,2.3787241732935,0.109774301736157,2.69387160399497
0.110837716139435,322.327488657669,1.04,0.180582547718497,11.5619614165913,0.2146,0.183213146006171,7.59346892677529,0.33,0.105417676725353,15.6890916100885,0.175,0.171536296219176,1.01158236655188,0.0125790475419692,0.105864536215572,1.53566531100084,0.0368571990950928,0.142958219370408,82.5523008734509,0.263477210481179,0.129467984663536,1.00288309926358,0.00404715227491786,0.160074367775833,2.49804006667886,0.0947492124142545,0.150601430124661,3.19062650772569,0.0595739855987914,2.2308838074062
0.110697373326976,350.750564638961,1.04,0.19750106028874,5.31327973469088,0.2146,0.168844951115559,9.72733778147489,0.33,0.116648435007816,8.0436418748083,0.175,0.169929962512332,1.01158236655188,0.0102941623264407,0.0828345868937713,4.24284253669373,0.040381405023265,0.187068839489829,74.2108860452115,0.76260485315769,0.177517911035833,1.00577451078852,0.0130006981546246,0.145630316131472,12.5610156350281,0.156745992668929,0.157871008240502,1.3686237465133,0.0460260999942817,2.78865321132523
0.144284125068029,31.0864708846003,1.04,0.179452856660419,12.8989772752585,0.2146,0.167147447138694,10.1860077436388,0.33,0.10031787978834,37.2207733764093,0.175,0.199985249058409,1.16149208345279,0.0357894493049551,0.192236854708043,17.2905756504487,0.620160111950405,0.195241474085657,50.3124445249891,0.860876803116618,0.174632472322796,1.00288309926358,0.0217474746215296,0.173793716347201,4.37935702804035,0.16992476533535,0.164589319583586,4.11058351166975,0.0845854195503703,3.55268402387923
0.119901587648168,67.7354607072957,1.04,0.175531771265824,21.9114104965849,0.2146,0.148364324727437,40.8136468856362,0.33,0.143593641197106,5.13280987242209,0.175,0.188768427137976,1.00288309926358,0.00674771716357255,0.152546605664878,6.96162583541039,0.208713070641757,0.174847828095253,40.6585876047624,0.534300139826041,0.173324547139926,3.39924796097488,0.0300980908678065,0.165720843315562,2.57841511385935,0.102522300551289,0.190338120608592,1.26991877487462,0.0591489390284741,2.70113025807894
0.15459844907148,28.050139672377,1.04,0.186967121199706,7.54986123554579,0.2146,0.165041856922162,10.8521992481272,0.33,0.127993627026284,6.10088299973121,0.175,0.197747940558449,1.017423759841,0.014931169025874,0.19638945170934,12.4529951356256,0.5406845409229,0.19499832809667,8.41843393067599,0.388170515376513,0.176963747883513,1.017423759841,0.00201678763635262,0.192547592158262,4.81582467568853,0.221837201766631,0.150360468056204,1.035151107089,0.0346461531092221,2.96188636783749
0.136598967298313,35.1669814998765,1.04,0.174569504018205,27.2720546771616,0.2146,0.152672631909633,22.165260329156,0.33,0.12547372062514,6.38855593116599,0.175,0.140054416362555,1.00577451078852,0.00286740896272238,0.195560003381021,69.0573330958311,0.997679870312092,0.142617402724627,13.7336016436691,0.212201808176195,0.198193667842665,1.00577451078852,0.0295318890798217,0.120633100057156,3.4784466459882,0.0640121875842363,0.164309831987247,4.82970917626452,0.0877596278593427,3.15365279197441
0.121811961397698,59.0610138992319,1.04,0.182585052064421,9.72733778147489,0.2146,0.156717609260123,15.9625235417481,0.33,0.105407741851307,15.6890916100885,0.175,0.198285570724358,1.00288309926358,0.0276772634460039,0.193208757072208,6.25819530279368,0.296189664580084,0.17842213714846,6.42246765119551,0.267513449236222,0.177126984918044,4.54636621906863,0.0336675630142022,0.175533084077516,7.76645008964431,0.245448160625623,0.16435400505257,2.11388457789867,0.064744098046728,2.69484019894886
0.139812068429739,33.2152172058436,1.04,0.171294664564916,281.011674071587,0.2146,0.157360526055645,15.069160014048,0.33,0.138959686265569,5.31327973469088,0.175,0.181353357542779,1.01449885892793,0.0202605344448999,0.190610502367606,36.9736199650277,0.801904408137963,0.171439833790249,5.62584220609726,0.224070038425615,0.162037503536129,1.58051892322707,0.0205445131187264,0.1144821708293,4.45566189315493,0.0601485379763211,0.194380533146441,3.48847535295163,0.132897765376267,3.01942579747979
0.136047978951483,35.6522228135964,1.04,0.184617179759437,8.56971705725559,0.2146,0.169895944516062,9.45121719994339,0.33,0.109063148800818,11.5619614165913,0.175,0.172811101055159,1.1028352210931,0.0211717803039448,0.120614453682018,15.7688292262238,0.138717904791563,0.175671471586217,10.2980071327174,0.351727003312684,0.116655105505787,1.00577451078852,0.00140285685895791,0.116596740554184,2.04799000112185,0.0460776198805869,0.0808458687095434,1.00288309926358,0.00843358961773026,2.32713075476547
0.114314050743702,124.640358122733,1.04,0.1946731569428,5.69347855060436,0.2146,0.157617523868236,14.8965789710218,0.33,0.10872704592775,11.8314103761204,0.175,0.152466949806311,1.43314150019665,0.0139120075324989,0.173079218843909,8.68929909148323,0.319656427010383,0.188568888202314,17.4405585739443,0.558114637030625,0.118868297648315,1.01449885892793,0.00572107673148928,0.163159859454448,2.43414579263315,0.0952172775046748,0.195121797515986,14.4224738415937,0.21398430985328,2.96620573566295
0.117241549663558,85.8965563676913,1.04,0.174042220789318,31.4955447653674,0.2146,0.148085210663363,42.0060317048688,0.33,0.124654450638877,6.49989667874954,0.175,0.166484685265492,1.00288309926358,0.0138335770215647,0.192731665011915,12.8907317012169,0.529903959484089,0.184950912077552,7.52435222533039,0.322136479703013,0.143927861119889,1.01158236655188,0.00612505609379779,0.165617604872153,10.8145512259435,0.233731028966168,0.124144097266849,1.00577451078852,0.00870906980753347,2.87403917107617
0.153356050760021,28.3075776637043,1.04,0.172832125252349,47.6803208930514,0.2146,0.165488766594984,10.7279133646656,0.33,0.134157993378435,5.59595143755845,0.175,0.197234352990936,4.40464567244553,0.0451903350597239,0.155966523223447,4.55947384416678,0.164767452395497,0.159908894367614,8.06262793911584,0.243519481403842,0.186537307250928,1.01449885892793,0.00544190222907076,0.182435455511525,4.20635552139048,0.181029491210756,0.188591015082716,2.44116367657533,0.0996357766672966,2.49918443896619
0.114195093041404,125.211012627487,1.04,0.175572312226036,21.9114104965849,0.2146,0.192779083849407,7.00523504030693,0.33,0.0996596924081896,47.6803208930514,0.175,0.191039434706544,1.01158236655188,0.0133764647062551,0.18459527261594,102.743164577046,0.819758790226033,0.197939158861074,10.7524610237587,0.482826286389597,0.19335229144273,1.20578622343754,0.0363681763328104,0.199931118891409,7.90177085082341,0.347843931372393,0.186958681587573,4.31676880609627,0.131317431947759,3.59109108097485
0.155037584655282,27.9222999702044,1.04,0.199153455518455,5.13280987242209,0.2146,0.170624740979426,9.34297620172496,0.33,0.107815405498051,12.6780227210752,0.175,0.172744129703047,1.36076598863131,0.0218476160853266,0.143406263377874,4.97077500682395,0.14900445840526,0.163482581560159,8.51593931825384,0.263169409712675,0.146232454858336,1.00577451078852,0.00887208945550753,0.171540338439473,9.39167782086193,0.24740957362937,0.198970577726871,4.760684680679,0.165524112248315,2.61542725953645
0.151166881873843,28.8295634579869,1.04,0.179393588536018,12.9734812430331,0.2146,0.186241361960086,7.37792042799738,0.33,0.142246586509718,5.19227491356753,0.175,0.171468511874286,1.00867425853989,0.0160280918909677,0.179364728048976,15.8598865007128,0.484515714784458,0.174518780552173,17.9499612710559,0.436315576694751,0.184085186271573,1.00288309926358,0.0185450474088481,0.143202632471679,11.0984240743995,0.145160173775818,0.189896604349263,6.06311316104581,0.157705453599092,3.01787005815393
0.119247923236638,70.7395945232231,1.04,0.178820123297794,13.7426040713143,0.2146,0.172407177875636,8.97380210978585,0.33,0.102277412642332,23.7513250862094,0.175,0.141845239606428,1.00867425853989,0.00673965734463717,0.178697774446844,22.2759871780403,0.539983653632136,0.158440760019948,19.738940183072,0.32706730975976,0.156178337497048,1.00288309926358,0.0106423862970684,0.185182457892605,13.0025492407616,0.356518077008343,0.194952632592665,5.89104782059798,0.168234326989704,3.16878541103165
0.111061915974426,289.519027758169,1.04,0.191212204516617,6.35186780125658,0.2146,0.149537267691398,33.1711386953162,0.33,0.137718615419805,5.37483556977805,0.175,0.158909309719575,1.00288309926358,0.00642004747925954,0.197358638282186,50.6029742786953,0.988737974172506,0.194941099714563,39.0524164547872,0.821751415632769,0.185123573178107,1.00288309926358,0.0145471472422833,0.137963806187124,3.84721348715026,0.0926216627932391,0.198765972759632,5.6910027726913,0.17849726087397,3.86217550819403
0.152177557014345,28.5673783641001,1.04,0.186143484234559,7.81531474954562,0.2146,0.194512909051291,6.92500689429393,0.33,0.114795179511957,8.56971705725559,0.175,0.148474135437964,1.33361741419236,0.0126190733265193,0.178402340829785,200.944335843297,0.746030152514422,0.150834293264082,9.28414544519475,0.219131807948594,0.189379633825443,2.11997911696849,0.0396945256702354,0.186705356004791,5.04284557241036,0.218216749627941,0.196923247682495,1.48779514022745,0.0719125529300015,3.06720486201771
0.132874461757544,38.4432385901807,1.04,0.190339273970472,6.57519980375318,0.2146,0.184344712134344,7.50650397409388,0.33,0.125922945164982,6.31539036354282,0.175,0.15444428287776,1.01449885892793,0.00557244254198965,0.18260349668553,36.13178957939,0.675964361340794,0.197587133747262,11.7224193723862,0.511600338508279,0.186300925960335,2.25859550568368,0.0374091845991941,0.196902043800008,10.5987906532703,0.395861027384932,0.187106470301008,4.02857346483847,0.12667463192778,3.51268198630297
0.14674518451481,30.1770278183633,1.04,0.187163271947967,7.46339570425412,0.2146,0.164930287676628,10.8521992481272,0.33,0.137491876853132,5.40588040128206,0.175,0.137658468054914,1.017423759841,0.00682182313255704,0.147926254752833,8.94309557251015,0.218375094806902,0.175559039732514,12.8907317012169,0.39122635326572,0.184478520165448,1.01158236655188,0.0152891657604743,0.137785721628641,11.4555185704036,0.128199884925813,0.194053755950483,3.54925770971272,0.133313146861124,2.65282546875259
0.111431492752974,242.274309027511,1.04,0.183764902645049,8.97380210978585,0.2146,0.194024635443653,6.92500689429393,0.33,0.134987768096565,5.53186325116201,0.175,0.189063655527495,1.01158236655188,0.0184664485418999,0.181876564722058,43.3170791620244,0.684262441176384,0.167434638281174,8.78994173863968,0.285426379951523,0.177604483504403,2.52697328239242,0.0319514195854567,0.195938967441699,8.06262793911584,0.335369521858124,0.189816630544852,3.46844676966084,0.123627666236064,3.23870387734945
0.131416491541666,39.965256476262,1.04,0.176311324318773,19.1929428791772,0.2146,0.155744406892432,17.0065142632699,0.33,0.103614101616462,19.4152985023894,0.175,0.167497645708706,1.01158236655188,0.0173154466752532,0.177952691602997,13.5373258656811,0.436383841812749,0.156562508732696,20.4916955329151,0.312381146739076,0.173557291272607,1.26262771749805,0.0251264972421579,0.159182413873401,5.89104782059798,0.163150166193814,0.167329451581928,1.74807732789242,0.0609380514724108,2.77489515013546
0.137267842944131,34.7676625445411,1.04,0.186782087278554,7.59346892677529,0.2146,0.1853044971039,7.42053499612018,0.33,0.112974802836872,9.28932145903777,0.175,0.197323449512638,1.20578622343754,0.034442423987224,0.113302048757556,3.1450272019994,0.0703242440558745,0.103113277758618,8.01633751167032,0.0733379711583504,0.186593030556085,1.01449885892793,0.00633828174008834,0.144596225139902,5.07196553857306,0.118557926942027,0.196814295233517,7.54604567969013,0.191674525929016,2.25427537381258
0.136101347015563,35.5708867752697,1.04,0.186565080585416,7.72580908567334,0.2146,0.192422934705953,7.00523504030693,0.33,0.143654512812369,5.13280987242209,0.175,0.198732591180179,4.8997344482741,0.0471064635724985,0.169444101112649,6.22226476776323,0.242532735448181,0.193600634380661,9.418754960271,0.417340746511434,0.169699865631843,1.01158236655188,0.0169134450721892,0.172376292658854,2.46233896144414,0.102976005082578,0.167145434141667,2.90981894079874,0.0785602976460515,2.66502969333293
0.156745065598298,27.6052439369847,1.04,0.197643749808139,5.2827666892935,0.2146,0.177933807633999,8.13682972063414,0.33,0.10305731092089,21.4123992568061,0.175,0.194388899211578,1.95579274466099,0.0376916290483683,0.170518355312698,4.91386086905364,0.201428866444132,0.166054422071112,20.0251322921732,0.382878948786393,0.165901690990951,86.9430374560293,0.0270759290768593,0.194042007916319,13.8527304550101,0.432738922023106,0.185361886892194,2.28475538672293,0.0911693776398418,2.9325836730187
0.115595189466528,102.881531609986,1.04,0.17872725269877,13.9018159916578,0.2146,0.149478676173082,33.1711386953162,0.33,0.106100378618288,14.8110310584131,0.175,0.170898317770503,1.017423759841,0.00342545137807089,0.173653602131419,10.690727303607,0.362121501462051,0.100785458715199,1.60343464412786,0.0352479414448039,0.180627621288167,1.01449885892793,0.0137609169978904,0.176732719301883,9.31091255809072,0.270721142619284,0.170697382071353,1.94456383978917,0.0680748513850861,2.51295180528719
0.120097917938071,67.1194531790898,1.04,0.173235597370527,39.4273782154498,0.2146,0.16011072260535,13.1237826598188,0.33,0.135708991665151,5.50009492671021,0.175,0.170684292338005,1.00867425853989,0.00328036813689484,0.192574281903343,8.25047817477399,0.37972688159954,0.198983596684493,26.4000896312366,0.783447386549968,0.145558121327988,1.00288309926358,0.0108657526704166,0.187517295820531,3.28381811862624,0.150587111921931,0.191059330438955,8.73947554283164,0.177678967187013,3.26518646806576
0.136317003265518,35.4087709489502,1.04,0.195146119130455,5.6282734253157,0.2146,0.192569895422438,7.00523504030693,0.33,0.10020522028682,38.5294577056047,0.175,0.132345397313767,1.01158236655188,0.00785864775744726,0.174115458265332,4.99947880072813,0.210632034163905,0.198363445471923,185.916240759802,1.095646523563,0.194153303271703,1.53125056362849,0.0397412595158213,0.150542628057466,5.28056837192541,0.134677440751927,0.127092895044748,1.71320152422168,0.02993401311535,3.27808991886745
0.133694825455267,37.575153941676,1.04,0.178889723940242,13.6636831932795,0.2146,0.159622586957119,13.3525059876274,0.33,0.102568707780515,22.6818168300982,0.175,0.173223791011438,1.41265954868704,0.0221762388636842,0.152838077461647,4.49431145638251,0.156931341513333,0.188425803309537,33.0468281812645,0.690429078459328,0.158482812834492,1.00577451078852,0.00182457761833019,0.133034762875375,1.2232687477884,0.0382637964595293,0.191079603218763,6.25819530279368,0.16258798864171,2.83181302155591
0.148040011326278,29.6983980810424,1.04,0.192157923063836,6.13612145164168,0.2146,0.17188291244041,9.0777661226663,0.33,0.127726750330987,6.13612145164168,0.175,0.148843667291022,2.78683513858361,0.0135501482763244,0.196758697185757,11.8241026687353,0.524298264139106,0.179112745889371,11.2269700901773,0.387693575749564,0.17702148054354,1.78880557933512,0.0294572058424701,0.192372204072593,4.15819379664401,0.194750740075894,0.131180773064226,5.3417298504113,0.0419679330834173,2.95131786716678
0.119053359370327,71.3888269097306,1.04,0.192138162515539,6.13612145164168,0.2146,0.16448680747139,11.0413330665098,0.33,0.106272301084863,14.4737241117876,0.175,0.185266226260845,1.017423759841,0.0176893698606893,0.182788181778252,59.4557070854439,0.745128809600283,0.171389773781691,5.3417298504113,0.214928919846115,0.181568069101101,1.01449885892793,0.0235200840350236,0.121910795088864,4.74699861247518,0.0725229580513399,0.140349643196387,1.98987000774274,0.0411981361594259,2.87458827755288
0.127340179929474,45.5220735006315,1.04,0.199389688160706,5.10333322739796,0.2146,0.168675889920078,9.78352248861393,0.33,0.130558941060482,5.85981549695445,0.175,0.192110769402928,2.1944987299355,0.0363141434502433,0.193629677512759,25.9479782891666,0.7541652287236,0.147054045354315,4.63891702142887,0.144983664085075,0.192640004859057,1.00867425853989,0.00897754307399528,0.167789977809764,4.00544398533237,0.149672307848956,0.171243718332121,1.21975208146059,0.049473985549354,2.90318687273122
0.154231901828074,28.1142788446691,1.04,0.174717904357304,26.0440100298641,0.2146,0.176238895382087,8.37455001705244,0.33,0.132516935271365,5.69347855060436,0.175,0.179714923111314,1.03813555048354,0.0238280938338353,0.199956893312004,44.5822815844455,1.01279605424306,0.178924397845145,31.018650949241,0.55132746034571,0.14868747364414,1.00288309926358,0.011260411791741,0.188106339823814,5.95928009583079,0.249721912328773,0.199951495526675,1.86774606222357,0.0907621062694994,3.69929603881262
0.13316886793075,38.1807282225453,1.04,0.185776883394284,7.99744893524145,0.2146,0.166363124368488,10.4233904064403,0.33,0.107409324678523,12.9734812430331,0.175,0.157968785643508,1.00577451078852,0.014961040950161,0.175058043500577,41.9667875574435,0.588114490827041,0.124948301734046,4.0518365057735,0.0944771304259642,0.194415714481493,1.64552345116496,0.0410163273154818,0.151973840581053,7.76645008964431,0.158934649257051,0.0856157469061176,1.00867425853989,0.00251150174052515,2.65961514051622
0.112845612866475,168.112570265825,1.04,0.198236981774402,5.22226528215118,0.2146,0.185862772389256,7.37792042799738,0.33,0.118103443673453,7.68144139281058,0.175,0.128448032895971,1.00867425853989,0.00393776114726896,0.183685681946964,18.3681753422353,0.556232372165346,0.192453002449776,7.08292353206951,0.328807698462531,0.1923535799632,3.81412874828321,0.0472211978664545,0.180915447250728,4.97077500682395,0.203111327960047,0.181738251678763,14.257340102472,0.156238360855105,3.05514871845675
0.132949568755763,38.4432385901807,1.04,0.173776853710304,33.1711386953162,0.2146,0.182094194188911,7.68144139281058,0.33,0.109126310126619,11.5619614165913,0.175,0.168443724222859,1.01449885892793,0.0156522524100813,0.177886907935706,10.6293480187976,0.386785985217958,0.145502209729708,5.67464221589759,0.160587436897156,0.157981069123576,1.01158236655188,0.0153596159693626,0.0681409945224144,1.00288309926358,0.00996459226151244,0.184458167577103,11.2593385593765,0.160617249361356,2.50856713211743
0.134709995590671,36.7266714647001,1.04,0.17121132529208,299.390571343235,0.2146,0.160640208368638,12.8989772752585,0.33,0.121065590551622,7.04569699279812,0.175,0.178894082075331,4.48139116082693,0.0295319083243987,0.185706761924808,8.94309557251015,0.379605769214803,0.173338263494781,19.738940183072,0.439134994643312,0.191915602692068,82.3149786192126,0.0538774575664128,0.13336608021446,4.15819379664401,0.0886020929955557,0.1538386067946,4.80198009042612,0.0700964935633778,2.82044871630786
0.115589336816081,102.881531609986,1.04,0.179058813417199,13.4296295187868,0.2146,0.164983266352626,10.8521992481272,0.33,0.135895098563552,5.4685090410485,0.175,0.18383861377783,1.00288309926358,0.00952996733805487,0.131995089066923,4.61228334151361,0.119273775096111,0.179346171126335,14.716073490575,0.442701169322673,0.197188013787392,1.46653209822205,0.0419116902558996,0.169437404040836,10.4473164853735,0.249399226397727,0.151768692683479,4.11058351166975,0.0648684032446789,2.68728423165514
0.121558252151266,60.150086606815,1.04,0.19392164179826,5.82616381189231,0.2146,0.163479017755022,11.4295469118117,0.33,0.107505972216812,12.9734812430331,0.175,0.17784998195901,1.017423759841,0.0135421282355867,0.197236820597802,55.1677690041581,1.00576761555557,0.161964942621033,8.63941072106801,0.259812966986426,0.163314321778799,1.01449885892793,0.0155506636994938,0.161117749723684,7.58962040187813,0.189321966982852,0.195512184993168,6.36723659478765,0.175054956069769,3.4186502975297
0.124161186196866,52.3273987848124,1.04,0.190970168502772,6.42545597022062,0.2146,0.188527772987972,7.20989540649827,0.33,0.125391781610856,6.38855593116599,0.175,0.161954222503574,1.00577451078852,0.00134156683637441,0.124086566380856,2.67674439360146,0.0741374994747066,0.199160524372351,25.7990016756576,0.78038034006112,0.166223064096799,1.00577451078852,0.00701983131641334,0.0991414300026241,4.77441020717598,0.0418002189286438,0.194412691521024,9.02067029565308,0.189899802954527,2.85417925957179
0.12374415052575,53.6587145696673,1.04,0.197220390419982,5.34396902219665,0.2146,0.153562026783402,20.3307816931193,0.33,0.115587177765481,8.32645674178507,0.175,0.129923627074509,1.01158236655188,0.00183913067271033,0.157057324803879,9.07276025359497,0.25602473035598,0.111920064118138,7.69966123740149,0.0903773012975821,0.197197520142672,1.01158236655188,0.0209208719090971,0.144417968058388,12.7065019223768,0.151373816653973,0.181176056077776,8.54049161663095,0.14436798154451,2.42450383243385
0.11901172153623,72.8714689455414,1.04,0.17501277912681,24.5864229124585,0.2146,0.192032323796016,7.04569699279812,0.33,0.118760410598133,7.50650397409388,0.175,0.189101729991012,1.01449885892793,0.0233046648831729,0.101377347404471,3.61109912366059,0.0597233819760458,0.126912079408925,4.44285270778494,0.102861756624477,0.185220155338337,1.00577451078852,0.0188541160888604,0.138659100009625,14.4224738415937,0.134915998296834,0.146199022205043,1.00577451078852,0.016091812860033,2.11535173072942
0.118644432030045,75.0675915245416,1.04,0.195659482572384,5.56381506816292,0.2146,0.163444603538949,11.4295469118117,0.33,0.117925431130395,7.72580908567334,0.175,0.144340365193222,1.01449885892793,0.00174440182287731,0.181583062239067,6.59105201019205,0.286322365639547,0.092939706917095,1.85168407581574,0.0341664320911793,0.167953705007818,1.00867425853989,0.0136514336852326,0.118078151398658,9.31091255809072,0.0765828887382709,0.150798541426832,1.7230944249062,0.0471465096295736,2.21921403160668
0.126695589929309,46.893969180851,1.04,0.171437322203208,137.584428641392,0.2146,0.182120450021509,7.68144139281058,0.33,0.132652452907529,5.69347855060436,0.175,0.199462420887767,1.54453302690677,0.0391188544358453,0.163573304506754,22.598963573615,0.404231027163559,0.17846248339373,14.6737675621227,0.433875488125231,0.198325625467318,1.00867425853989,0.0350450568991761,0.16311752311659,2.04799000112185,0.0807163929990225,0.18307801091902,1.33361741419236,0.0590400369637643,2.8116268565866
0.131045136455902,40.4242716443185,1.04,0.176040827234906,19.5274404763682,0.2146,0.169651816711988,9.56071220046713,0.33,0.136980760795222,5.43710454646936,0.175,0.180520182134965,1.017423759841,0.00383818361034907,0.141372947029129,3.88058521159597,0.122482996474246,0.19206230426698,5.82359678794962,0.273973052336047,0.178483488571159,1.43727338940046,0.0288719753156828,0.197496717726068,14.6315832552147,0.466582474749459,0.186697329245505,8.71435120329488,0.161032076858518,2.8163807593443
0.149508171381305,29.2941907536181,1.04,0.189897654528044,6.65137533656814,0.2146,0.173212800346745,8.82008430703416,0.33,0.119170624774072,7.42053499612018,0.175,0.17667946527252,1.00867425853989,0.0179546033397988,0.182798313236383,11.2269700901773,0.426297394922596,0.133431525979824,93.97087014239,0.203755583669134,0.152751710638854,1.00288309926358,0.00962903906895801,0.166194224721181,4.85759838400825,0.165244352373638,0.10523133632065,1.00867425853989,0.00773973417874664,2.59022070755287
0.136467497608506,35.4087709489502,1.04,0.189953147173468,6.65137533656814,0.2146,0.166994109525347,10.1860077436388,0.33,0.132580228264718,5.69347855060436,0.175,0.169747450253396,2.01872085226992,0.0220243984004984,0.0929828663661501,2.44820179377353,0.0418947081148736,0.193755786542029,112.983039304716,0.941311508333528,0.188071058106838,1.12528574084121,0.0320008573406421,0.195064357565603,6.25819530279368,0.279844326699907,0.166922223703939,3.70588742997801,0.0856754583717781,3.16235125726123
0.143744657113808,31.3002049143139,1.04,0.190099134304171,6.61317789021976,0.2146,0.192775171208889,7.00523504030693,0.33,0.113399945878359,9.13019893034057,0.175,0.174801935887424,1.00577451078852,0.0154990605941762,0.190710397999152,325.932960987591,1.00344400019286,0.180555959999161,34.6046757095179,0.586079624596014,0.180271414807967,1.00577451078852,0.0171497610298946,0.198031463576773,9.04667778353943,0.371088796628517,0.184657325528864,2.48369792620856,0.0959077866761957,3.84876902971766
0.132333533990003,38.8847728421275,1.04,0.171790713639757,103.15891207572,0.2146,0.165170629118672,10.7898773556513,0.33,0.13994171172331,5.2827666892935,0.175,0.100015165410138,1.00867425853989,0.00233940363978822,0.182149829759347,38.0535430450317,0.669056885774933,0.199882790178139,21.0295852575175,0.73181136909573,0.174020065953612,1.00867425853989,0.00884104217907342,0.198984771300535,11.4225861207707,0.428497055716208,0.0514971094655551,1.01158236655188,0.00108035299463464,3.60122610940037
0.154000451625512,28.178564676959,1.04,0.195595879411326,5.56381506816292,0.2146,0.171434668108363,9.13019893034057,0.33,0.109196039352155,11.4295469118117,0.175,0.104519347116352,1.02624915657849,0.00151932455118199,0.163010892382851,4.73335188912938,0.182491538997243,0.120316109765184,5.22010717715947,0.0970435796771488,0.19726273919912,1.01158236655188,0.0271048942138309,0.198778337438357,17.1418825295271,0.508680444080408,0.170339193286521,4.52026390637434,0.097244390337955,2.67368417185777
0.146993153047797,30.0394947331876,1.04,0.198163474557645,5.25242887388322,0.2146,0.168813740190602,9.72733778147489,0.33,0.122619918389866,6.76729654167483,0.175,0.195070969426714,1.00577451078852,0.00127481889414059,0.110847846785213,1.70827639380871,0.043169336125894,0.199711349909091,134.673553810649,1.09171869843621,0.127120362847548,1.00577451078852,0.00342488860733105,0.198415838939536,4.88564863828298,0.235284000335193,0.185109192990511,3.30278056177977,0.112908362710853,3.24738010510962
0.118429913108332,75.7565453123505,1.04,0.184324755257508,8.61921539420481,0.2146,0.187961372487419,7.25153946893524,0.33,0.13643190001031,5.4685090410485,0.175,0.147485990256638,2.46233896144414,0.0129799110084168,0.130456684099118,12.2397329678754,0.168935745418644,0.175636832706265,14.2163529457634,0.406136573528601,0.195043849661457,1.01158236655188,0.0175618599136113,0.129406510812232,3.36032741709575,0.0747434096671475,0.195848505940883,12.5972302899552,0.21016632206915,2.65012382160557
0.154559032905967,28.050139672377,1.04,0.182444426719303,9.84003171633479,0.2146,0.173976854063623,8.71907142059136,0.33,0.117527692936798,7.81531474954562,0.175,0.196651806716562,1.017423759841,0.0240705085279714,0.191442191344617,7.58962040187813,0.349943232607504,0.197974321457899,9.86276078296599,0.452594593595256,0.199197589579247,1.00288309926358,0.024072854099524,0.130166683478659,3.31230280598519,0.0754165469976009,0.152625991563341,1.00288309926358,0.00350271759056846,2.68920045341842
0.114180318528105,125.211012627487,1.04,0.191951349595917,6.20721013866976,0.2146,0.187346842112606,7.293424065782,0.33,0.138150915711356,5.37483556977805,0.175,0.134342114733407,1.01158236655188,0.0037738103055461,0.19538435387742,17.0926028588123,0.643779973919217,0.197125027850389,15.2333597657718,0.592462688946845,0.126285118387511,1.00867425853989,0.00430896940769878,0.149033539411121,13.5373258656811,0.171808974820612,0.160130072785621,1.1817296425721,0.0429184658139146,3.21865288321383
0.125758705351466,48.5283797398005,1.04,0.195477163684234,5.59595143755845,0.2146,0.148675262889485,38.7520022852263,0.33,0.138060731083241,5.37483556977805,0.175,0.166710057576777,4.27964604980107,0.0217018881978355,0.19943787433682,26.4000896312366,0.843856698243576,0.191037835362552,9.28414544519475,0.400882350946498,0.187044816392948,1.12528574084121,0.0314334794540333,0.169041831836198,14.1754836193795,0.269297611235655,0.112575899038256,1.00867425853989,0.00693949657134589,3.33371152464894
0.154653807818964,28.050139672377,1.04,0.17706882725329,16.6192073042701,0.2146,0.159990849338761,13.1237826598188,0.33,0.132758872764631,5.69347855060436,0.175,0.122212623346396,1.00867425853989,0.00167001901571948,0.176985848081319,10.6293480187976,0.381691729039565,0.117943928771215,1.56692699337341,0.0427310373035481,0.187311135679833,1.00577451078852,0.0171261612627536,0.19731889978248,5.67464221589759,0.265192877773323,0.1694621587044,1.64079288241399,0.0604139480179267,2.52842577241284
0.150006622580286,29.1606812358378,1.04,0.173229221992517,40.8136468856362,0.2146,0.163116942451958,11.6287428351806,0.33,0.118747981180566,7.50650397409388,0.175,0.16980426333376,1.00867425853989,0.00963446370599406,0.106714228798934,5.70741049859425,0.0797210134116027,0.182275114196365,5.35713058780925,0.237261227773104,0.172225754169145,1.00867425853989,0.0201478962980782,0.172335301322513,4.0401882420282,0.157756478506914,0.173414296805454,1.32214875407135,0.0537416047556654,2.31786268445136
0.119940004320588,67.7354607072957,1.04,0.183379802293492,9.23597484422661,0.2146,0.162032456836305,12.177069125071,0.33,0.118833579562403,7.50650397409388,0.175,0.193785943075549,1.51371812544339,0.0347814377818783,0.167492054431638,4.46850800867783,0.180364874445681,0.185952174586698,55.6463084955692,0.716639522193597,0.167297487587504,1.01449885892793,0.0160676467353096,0.120998261219973,1.295770630155,0.0358033064368343,0.190976003985152,1.71814085427452,0.0784025338109629,2.82165932140426
0.117131111671932,85.8965563676913,1.04,0.183862957082892,8.92226745608123,0.2146,0.159398604117118,13.5071985123233,0.33,0.133123060757916,5.66078210355879,0.175,0.18660473031663,1.29950646550457,0.0289906622217261,0.168214439136423,39.7328563803063,0.498330381333623,0.199853303980132,13.7731969804542,0.582014828996441,0.17064276889293,1.12853005133194,0.0230240967710776,0.195404687983941,14.4224738415937,0.442892225981022,0.199549946859028,10.4172824260824,0.221587051351374,3.55643924665526
0.122329745731019,57.9916598558987,1.04,0.192882206102558,6.03101203476082,0.2146,0.172696058884793,8.92226745608123,0.33,0.133764186330764,5.6282734253157,0.175,0.153012057753106,1.01158236655188,0.00632784819916018,0.177560848139287,38.6052759973495,0.607650847830974,0.164876718050236,3.37973166401872,0.134613214992026,0.191548669801742,1.00867425853989,0.030258446440593,0.188771613504307,3.78132852701561,0.173647966284577,0.13300384840477,1.00288309926358,0.0197494668216095,2.73184779056894
0.125899518876509,48.5283797398005,1.04,0.191620872697835,6.27912240806387,0.2146,0.150037729182862,29.7328553694936,0.33,0.136521105287357,5.43710454646936,0.175,0.165677271135784,1.00288309926358,0.0125075105296208,0.187313531236974,10.9398093223365,0.443928409009654,0.1923531352649,7.45964533309522,0.343264359226218,0.168907696266584,1.01158236655188,0.0169122436434531,0.195225804542024,6.47817779606607,0.287029207312825,0.176294882446255,1.3804955427344,0.0573748139316487,2.92061654365342
0.111405232204268,255.925428998611,1.04,0.195738038098959,5.56381506816292,0.2146,0.156651893952048,15.9625235417481,0.33,0.121422682284047,7.00523504030693,0.175,0.198634193377993,1.01158236655188,0.0304225585439131,0.198348315024996,8.91738586389294,0.427063234903083,0.140993370327017,34.4059979034348,0.234721214286386,0.174949716514885,13.1153367145537,0.0333525157579914,0.126242715479017,3.21830282695794,0.0687667949270409,0.195742071304612,5.10125365829453,0.162356297090683,2.7162826155091
0.147893540473383,29.7663061447301,1.04,0.194466558059174,5.75943909554708,0.2146,0.165190524132793,10.7898773556513,0.33,0.124113817200796,6.57519980375318,0.175,0.144240636741778,1.01158236655188,0.00909681199921616,0.166679385106615,16.8968968064112,0.397126958831404,0.187805325547095,30.3124057150643,0.660342028025879,0.187422888128032,1.00867425853989,0.0248402427742378,0.167091723947605,15.189566737098,0.264004999846295,0.190126665086773,2.81911328467833,0.111221200327376,3.22623224180441
0.130287303465422,41.2638249329961,1.04,0.185466557457887,8.13682972063414,0.2146,0.176522266123682,8.32645674178507,0.33,0.131980045627784,5.75943909554708,0.175,0.191498300935316,1.68386231169735,0.034206868414521,0.19945601011625,14.0940971036004,0.607626294856517,0.195574801286137,7.4382002633935,0.35229301505689,0.192693054414514,1.00867425853989,0.0168580370705689,0.118493538031784,2.22631645743836,0.0499289999053026,0.136102947045964,1.00288309926358,0.0164943771447502,2.83700759244855
0.144940769945179,30.8037607665866,1.04,0.195198219349688,5.6282734253157,0.2146,0.175022215841018,8.52050297882047,0.33,0.13310496052544,5.66078210355879,0.175,0.175394976148514,1.28093437865255,0.0230198393421568,0.184713019176948,20.7290378618468,0.589396040136203,0.196985298579371,7.56780167843215,0.360519448970638,0.19403795058634,1.28093437865255,0.0372575507548282,0.129469399178646,7.50272113554967,0.0964940683748467,0.0840246882558127,1.00288309926358,0.00849947269000751,2.87478642026868
0.134555938435306,36.8948211782569,1.04,0.183323818156974,9.23597484422661,0.2146,0.166521065643002,10.3635310727429,0.33,0.126537146948146,6.24306273180741,0.175,0.175802704899164,2.26510726072284,0.0258883258225203,0.163046929559353,12.9651693704974,0.333348008047181,0.195621532174575,22.9266227583863,0.704492700958275,0.192453444149964,3.10901742259474,0.0456563835312776,0.175364079290226,4.94223601165526,0.188734398629985,0.121352024523936,1.18855355314224,0.0231100806476306,3.08082989763687
0.144960438461252,30.8037607665866,1.04,0.177284760357876,16.240720887691,0.2146,0.150159827732244,29.7328553694936,0.33,0.12786000739155,6.13612145164168,0.175,0.123366249357849,1.00288309926358,0.00213595550176616,0.172933323668348,36.235961115318,0.546650475304071,0.0790889222196073,1.8463608342542,0.0255490097588801,0.119026107627022,1.00288309926358,0.00456488991813664,0.102126049846609,1.00288309926358,0.00753932809614145,0.198210259248305,3.59036651349369,0.141924037203971,2.48796369578297
0.140966754210312,32.6138251119006,1.04,0.173388294611124,40.3462245646401,0.2146,0.186952268419982,7.293424065782,0.33,0.138665820497109,5.34396902219665,0.175,0.186797103028517,1.9841495077581,0.0320756590083069,0.176831959114257,7.85640396138943,0.311815743026232,0.142491775937575,9.2308418493486,0.186416913137598,0.163810929301029,1.00577451078852,0.00628175742679508,0.15461146523156,6.22226476776323,0.153798458607373,0.0776202349029676,1.00867425853989,0.00182424002075132,2.45181277122706
0.155878530363108,27.7950429029008,1.04,0.174442920605039,28.5580049101974,0.2146,0.186010266533149,7.37792042799738,0.33,0.128028439820647,6.10088299973121,0.175,0.181463703951595,1.017423759841,0.0196723851092614,0.169262954573056,16.2294041616006,0.407011072742043,0.175046714842852,66.9046593948815,0.569638623607373,0.114069369630654,1.01158236655188,0.00222587663503074,0.14278625853213,2.62334079957365,0.0805966549622293,0.185282652188877,4.43008034640065,0.128190625837087,2.96693523889302
0.128373878555939,43.9889137703121,1.04,0.180136961972027,12.1071387841942,0.2146,0.146499267666129,71.7675241279743,0.33,0.136532306399247,5.43710454646936,0.175,0.147167491530447,1.00867425853989,0.00388199846118969,0.149121227608232,46.8185117519142,0.32147101123001,0.176353107692972,299.825949230359,0.637390092062405,0.18110759576833,2.10174801133249,0.0333041709266508,0.151331096504954,12.345903576098,0.17880727095928,0.174669564209536,5.5454396587911,0.112253457883607,3.04670800152314
0.149518517723786,29.2941907536181,1.04,0.196894641028662,5.37483556977805,0.2146,0.165636842354574,10.6663052198171,0.33,0.134212683376635,5.59595143755845,0.175,0.176409217000545,1.00288309926358,0.01196060612723,0.141302714036851,5.89104782059798,0.159013598927066,0.190879404336068,17.3904202660819,0.576984555449527,0.167005583573576,1.00577451078852,0.0105322578490351,0.0891360156634386,2.50524216415549,0.0278347096637088,0.198095364971958,1.50502732889567,0.0731276765942968,2.61905340461086
0.154434347673838,28.050139672377,1.04,0.180905422187496,11.2337631385307,0.2146,0.166777500693131,10.3040154985797,0.33,0.107044407968271,13.4296295187868,0.175,0.176838201585443,1.01449885892793,0.016994292512953,0.194564177929737,6.66739199053658,0.317639898760003,0.199625288335328,167.130519815916,1.11722454101435,0.131967647153381,1.11560866287013,0.00963090937578316,0.168575134681522,5.94214829246472,0.19115966952105,0.184175674429126,3.37973166401872,0.112257284192558,3.5245065953767
0.130080432633477,41.7377546210871,1.04,0.177888561579304,14.8110310584131,0.2146,0.156215202669326,16.240720887691,0.33,0.119660672390786,7.293424065782,0.175,0.179626958566285,1.017423759841,0.0113371445378487,0.122894753464289,1.69358579278262,0.0482532266893996,0.197864698015292,35.8210683711633,0.85298906633424,0.178385785374693,1.16819913201946,0.0273207407596729,0.181066730631081,5.87411217212038,0.228056692845543,0.149107114610947,3.21830282695794,0.0573917607318466,2.98494863189855
0.128884678429522,43.2912174176546,1.04,0.190300326777759,6.57519980375318,0.2146,0.186245660281458,7.37792042799738,0.33,0.13463190080166,5.56381506816292,0.175,0.185062041543851,1.01158236655188,0.00286193691327877,0.186847413219143,8.96887940476934,0.385270803673339,0.161688766192265,5.82359678794962,0.204649872011413,0.193898510165749,1.31077872056062,0.0374223812043033,0.152264269670916,2.75492656923522,0.0942683251648516,0.193250302788593,10.5683211343905,0.195122274604261,2.67919559357145
0.148060841499662,29.6983980810424,1.04,0.171206653408103,220.633693803907,0.2146,0.148282276608082,42.7381193665299,0.33,0.142714417599102,5.16245677334822,0.175,0.0944482030926845,1.01158236655188,0.00106264215377794,0.195776139963424,16.7998856852757,0.64211840168014,0.190011827980192,120.024475679838,0.862305910240021,0.154308674721064,1.00867425853989,0.0151320895021956,0.114219963855666,1.017423759841,0.026697230490642,0.17130928711756,1.50936647207927,0.0583068386837374,3.36522311275051
0.123840481505951,53.4141627004192,1.04,0.181445856250182,10.7279133646656,0.2146,0.185631492357962,7.42053499612018,0.33,0.118151189103684,7.63732849425456,0.175,0.15391156541215,1.33361741419236,0.0144030474778049,0.100025394011976,62.6179974805149,0.08680824525719,0.182897596358913,5.74036800209287,0.253589120460375,0.116302224900872,1.00867425853989,0.00313169291124142,0.135036832983644,15.7688292262238,0.125601491990338,0.190962723951641,3.23688695135292,0.12200022709459,2.36513382519154
0.138077056274231,34.2162219821665,1.04,0.18438965380348,8.61921539420481,0.2146,0.171756560099416,9.13019893034057,0.33,0.103173387235006,20.6851097223421,0.175,0.0825261103977156,1.035151107089,0.00172758237696054,0.192332587428821,7.99329205722658,0.36875680001859,0.190967935007318,10.0925521055113,0.424253647086913,0.192708210977643,1.00867425853989,0.0281269107283226,0.10256520773779,2.75492656923522,0.039655716409374,0.188488268955732,4.55947384416678,0.136851669159774,2.75897232577993
0.128519442307929,43.6885346568656,1.04,0.179691403555454,12.6052155093052,0.2146,0.150509914744071,28.7229547842946,0.33,0.13221480240809,5.72636385099737,0.175,0.199735608358563,1.01158236655188,0.0195504577990142,0.150103081254447,53.6021605942022,0.335298231352139,0.136710265015893,3.6424227310724,0.107188160590046,0.176852410674773,1.01449885892793,0.0159318219464325,0.191676506689073,6.51558610363938,0.277140586958357,0.191815525282749,1.41265954868704,0.0662730617857021,2.58098232043169
0.144267150977499,31.0864708846003,1.04,0.184965243347978,8.37455001705244,0.2146,0.182091853136778,7.68144139281058,0.33,0.110902828005841,10.3040154985797,0.175,0.189545290028933,1.40454896553258,0.0311721924523786,0.193398972304248,6.33068001474387,0.300150526077162,0.121721114625421,1.54453302690677,0.0436078760280124,0.154842613187738,1.01449885892793,0.0161244294853808,0.192884595611536,6.90175820040029,0.292852165523648,0.0945504909115434,3.32185250376586,0.0148997329105934,2.45840692247718
0.122705314421548,56.6821533858826,1.04,0.182165771607135,10.0693514841637,0.2146,0.160226559751716,13.1237826598188,0.33,0.117534679866156,7.81531474954562,0.175,0.0824668983224051,1.04413027541975,0.00176521903019054,0.198326812038072,27.015182265558,0.831877168291519,0.117541157877069,14.1754836193795,0.117136169712737,0.147532609626299,1.00577451078852,0.00477445070675738,0.169038261330064,5.11596107896008,0.178069322499202,0.102153314747885,2.41321295951054,0.0177831610766821,2.91100549131709
0.147416697051011,29.9025884608853,1.04,0.191403666239785,6.27912240806387,0.2146,0.171807188624886,9.0777661226663,0.33,0.126466565874389,6.24306273180741,0.175,0.19383953334438,1.8570226648111,0.0366589228077541,0.140992669175592,3.0557743442915,0.100859332980056,0.178061002718069,21.4576864915806,0.492766359829135,0.178656897323476,1.01158236655188,0.016911828539957,0.175986872189864,3.53905426496764,0.148267979512941,0.194864123960961,6.1687553886527,0.17282665530828,2.72789107897812
0.135802485557106,35.8154532620603,1.04,0.18311300682801,9.34297620172496,0.2146,0.188615039784238,7.20989540649827,0.33,0.111117344218983,10.1860077436388,0.175,0.163393730446371,1.00288309926358,0.00753789117782286,0.178157885387838,11.4555185704036,0.403668992243043,0.139894968891,5.773515819051,0.147486413558279,0.183549983574818,1.01449885892793,0.00931877264144048,0.196449736001775,13.6154972999402,0.440992066302554,0.125558606965972,1.00867425853989,0.00478126856737757,2.77338540449052
0.137129174310356,34.9268431145398,1.04,0.192240220163902,6.13612145164168,0.2146,0.151318545829186,25.450882821744,0.33,0.100760490045124,33.3627338424092,0.175,0.158479675817183,1.01158236655188,0.0082736601622527,0.169560933301642,8.58980877761041,0.302213889842634,0.194472822126777,77.7092322332602,0.925085452829442,0.115681709988013,1.01449885892793,0.00412555967148087,0.197821980984655,8.03944940844679,0.344532936329737,0.175668941432499,4.58580257506987,0.109384694321601,3.45321619315715
0.141904427550832,32.0965459868557,1.04,0.190705724827537,6.46256914239905,0.2146,0.161675975380777,12.3181438842284,0.33,0.0993133702177375,52.5848246695256,0.175,0.179532046288417,1.01449885892793,0.0110772299185023,0.190384125579539,111.048162785556,0.953988354316398,0.173467066986281,12.0648070327153,0.369274378830987,0.144604597304782,1.01449885892793,0.00600044285022749,0.142550072354908,2.27818714703702,0.0728919950900403,0.126051023529601,1.00288309926358,0.00443214089441773,3.17726454190057
0.118803896005722,73.2051043157228,1.04,0.197313003166253,5.34396902219665,0.2146,0.151707349564659,23.8885117732672,0.33,0.10194358317984,25.304723767126,0.175,0.190581497497422,6.94161247758823,0.0400889371418839,0.19807443267875,7.02201277776474,0.341140226347056,0.192201618958071,35.513019260565,0.751747806535826,0.193640910027388,5.6910027726913,0.0500348488231291,0.175118577645586,10.2094477434412,0.274141812751912,0.142662040190071,1.00577451078852,0.0091041296774351,3.22585776127724
0.14528809165619,30.6633713193971,1.04,0.177015464492055,17.4028473254854,0.2146,0.146735531239546,65.8277793282779,0.33,0.139315670726266,5.31327973469088,0.175,0.196898914394982,2.79486986091936,0.0421208224830697,0.194935494276965,34.5051938106528,0.841763007185083,0.140845455907582,64.2616671010127,0.244980850834928,0.154250781797717,1.00867425853989,0.00891976699756492,0.135507548901299,6.22226476776323,0.105320801220401,0.177874482980472,4.84363370723389,0.11537179918682,3.11807704790787
0.124588383567751,51.1457966813703,1.04,0.175064802367128,24.5864229124585,0.2146,0.156070623494883,16.7151991692849,0.33,0.130166198689829,5.89366155277994,0.175,0.197652918295124,1.01449885892793,0.00556543638179699,0.164741029027023,4.37935702804035,0.173010674738578,0.158315840527564,3.75961856902805,0.141200066942785,0.196212653620876,2.90981894079874,0.0484438678208179,0.191490979813117,9.25745528268664,0.340247616761646,0.115350812552028,11.5548867001919,0.0291822848594259,2.49724994750505
0.124493859144981,51.3799630438154,1.04,0.194974954403206,5.66078210355879,0.2146,0.152553414702696,22.165260329156,0.33,0.109602917727174,11.2337631385307,0.175,0.152370026689437,1.01158236655188,0.00870427956460983,0.169937550571405,12.66997313217,0.374340429486286,0.182941564635121,21.8945026225075,0.549529892414176,0.128119536846441,4.25507507288674,0.00962115676132573,0.167444074647297,8.08587329578959,0.21850727523541,0.175214188769151,1.50070065992818,0.0607038995721208,2.98100693303393
0.154972718873279,27.9861468254964,1.04,0.190156843739289,6.61317789021976,0.2146,0.185954175040223,7.37792042799738,0.33,0.140240425879434,5.25242887388322,0.175,0.155548565261674,1.14489244934213,0.0145524936570134,0.189192399520034,5.90803229623124,0.273483016812592,0.122997371334502,8.71435120329488,0.121266552478395,0.171524463343926,1.01449885892793,0.0185878709516364,0.146614641776595,7.20633469066447,0.139188092907451,0.181525863205226,2.88479547897935,0.0989830714741491,2.42566109828124
0.150518340981215,29.0277801933518,1.04,0.172063734840737,87.291204305999,0.2146,0.169586609665855,9.56071220046713,0.33,0.110933106012592,10.3040154985797,0.175,0.14979298580127,1.01449885892793,0.011641197598143,0.18057653285108,56.1289989622505,0.697488130824024,0.199955931049442,8.73947554283164,0.417996281900913,0.159536986093552,1.01449885892793,0.0160764365518958,0.195774444292859,5.67464221589759,0.261661937443522,0.147885862004732,1.00288309926358,0.00591792558858178,3.17038190990708
0.14267635335689,31.7320916417084,1.04,0.189691988332536,6.72843338428345,0.2146,0.171931486314092,9.0777661226663,0.33,0.105836210960683,15.069160014048,0.175,0.136290308410896,1.00577451078852,0.00652827728183474,0.131323689996709,2.01872085226992,0.0622069174731465,0.160605457564282,10.0057595601981,0.271089731719299,0.195616689019205,1.15815301335288,0.0368452818584079,0.137817007065496,8.6145740489714,0.121139017507163,0.0816945579662668,1.31455782572457,0.0091227732343332,2.26653199907418
0.147082731135192,30.0394947331876,1.04,0.196138187067633,5.50009492671021,0.2146,0.172333422607293,8.97380210978585,0.33,0.125282097460811,6.38855593116599,0.175,0.171361756209361,1.00577451078852,0.0169205977832796,0.189603581745462,350.256413647817,0.982574775836293,0.185671516396692,11.3243557313592,0.429380531971717,0.190605130123647,1.01158236655188,0.0139200630475118,0.19218223899022,14.0940971036004,0.416339754126848,0.162277370217853,8.41843393067599,0.0928378390180231,3.71157356178367
0.144751941356284,30.8741963416722,1.04,0.191799474948402,6.24306273180741,0.2146,0.177963119557948,8.13682972063414,0.33,0.115155084592172,8.47157152646274,0.175,0.182759827991478,1.017423759841,0.025071100065054,0.19771219890359,75.5039187012513,1.07821533891506,0.174543013437183,4.15819379664401,0.176306161072158,0.19348825011294,3.51873529007318,0.0477646817269484,0.198692711936224,12.4888983567305,0.440641093011731,0.189612045275975,8.56511470172144,0.171045049118783,3.69864342390973
0.143314844078217,31.4435100459991,1.04,0.182583789333624,9.72733778147489,0.2146,0.151707912766159,23.8885117732672,0.33,0.123516409024311,6.65137533656814,0.175,0.13685622006426,1.00867425853989,0.00765688592700956,0.137803597741212,5.02834834499989,0.138401284192146,0.199353016584779,8.370100693918,0.400604342163902,0.194829238972006,1.00867425853989,0.0111648383476244,0.121650987824561,5.97646129188652,0.0770748375662382,0.165673010993957,2.18189932872234,0.0670508450587122,2.46155303325563
0.11366348796472,140.67937819276,1.04,0.172315090338376,65.4497442690774,0.2146,0.196395176039518,6.84569756904508,0.33,0.132083791700917,5.72636385099737,0.175,0.119438502117465,1.01449885892793,0.00267716828552669,0.175017887658207,4.45566189315493,0.189328297077723,0.188081101021283,34.7044444245723,0.695794913009063,0.184291914890159,2.41321295951054,0.036876722661726,0.165425621215873,4.97077500682395,0.165265150341477,0.161599962831512,5.97646129188652,0.087581377719173,2.93712362909469
0.151970990255889,28.6327002492754,1.04,0.192029293731147,6.17156343941625,0.2146,0.164552689724257,11.0413330665098,0.33,0.11550398356538,8.37455001705244,0.175,0.109731981531084,1.01158236655188,0.00352246014053114,0.152719891160926,113.308780622132,0.376503590787829,0.148605483209408,35.3091263296414,0.28579354462279,0.17281904427559,1.00288309926358,0.0231577623526572,0.146275168667252,3.06458444505318,0.0940608713468934,0.169080935943115,3.27437776251048,0.0860094082834521,2.62864763753415
0.110901929140913,305.13446788257,1.04,0.176966052070832,17.50336546337,0.2146,0.146854280711032,61.786763646097,0.33,0.120407383759893,7.16849049713269,0.175,0.190096914309405,1.01158236655188,0.00149628532534667,0.175760753602947,21.5815941337228,0.505218498352707,0.194384492440341,65.5698478688224,0.885007810399658,0.137017411572749,1.01158236655188,0.00888070788762961,0.148541784017642,5.20510035615579,0.128859200104268,0.19231283128371,2.23273514877728,0.0977611139729221,3.38682361604253
0.150269672917624,29.0941548288019,1.04,0.190513656594006,6.49989667874954,0.2146,0.179995995270917,7.90585736162312,0.33,0.12052701498301,7.12732336743282,0.175,0.192673277383652,2.60078095318014,0.0381476413571856,0.185770072547532,47.6342662567927,0.756421237909265,0.127597017723138,8.10918567113405,0.131135734327579,0.175832194080974,1.36468921205103,0.0270449894356594,0.15108513581103,9.31091255809072,0.165476741683832,0.1971727618408,3.82512526006857,0.144894267803226,3.02272061251675
0.12518111264728,49.9908762698007,1.04,0.17940440925044,12.9734812430331,0.2146,0.172363116927783,8.97380210978585,0.33,0.1138777408118,8.97380210978585,0.175,0.159744908713963,1.00577451078852,0.0118463838143341,0.0988695096454787,2.76286929599819,0.0500546573297941,0.168547122435645,10.845730650619,0.323672756847383,0.19228396685146,11.858192730432,0.0510900419468354,0.132010241953503,4.71974439753259,0.0900129637402945,0.15590393416355,3.27437776251048,0.0668481912121105,2.35312499489075
0.111696823134226,234.6499606766,1.04,0.187507996567535,7.33555058635551,0.2146,0.194115606967929,6.92500689429393,0.33,0.136568626135918,5.43710454646936,0.175,0.160678009855995,1.01158236655188,0.0121470468449895,0.168680331224377,31.1977684837926,0.479816477437252,0.154493555691414,18.8503244528549,0.294728587528941,0.189612815030891,7.92455244054436,0.0475338875061542,0.130156588800409,1.83576021707557,0.0531032598079675,0.199927382022815,5.05738459676651,0.173165089360232,2.82009434848554
0.11532474552224,107.936352493288,1.04,0.192904654851791,6.03101203476082,0.2146,0.172684237037638,8.92226745608123,0.33,0.103558492859038,19.7536713480067,0.175,0.141290657883295,1.00867425853989,0.00313266409019855,0.196160075659344,8.96887940476934,0.420827258683597,0.141669380368338,5.6910027726913,0.150822365464005,0.193553716126502,1.00288309926358,0.023499489653761,0.193372107077077,4.15819379664401,0.19629781412265,0.168657310934598,11.0984240743995,0.111865883580552,2.66604547559476
0.149720260491681,29.2273597614989,1.04,0.187144468017715,7.46339570425412,0.2146,0.181916298155961,7.72580908567334,0.33,0.138842753550451,5.31327973469088,0.175,0.176899093802317,1.017423759841,0.00872676672411025,0.148366060399172,5.67464221589759,0.17446055655169,0.18343683536941,10.2684023095805,0.390703855673569,0.164997627722828,1.017423759841,0.00956618708257538,0.0884415229606329,3.85830538552188,0.0303176138605729,0.185768906459318,4.94223601165526,0.135810466558895,2.50918544645141
0.153040818605922,28.3723054911643,1.04,0.176334294681451,19.1929428791772,0.2146,0.156415207444153,16.0547224280766,0.33,0.099429374612642,51.9825917726449,0.175,0.159175131919432,1.01158236655188,0.00371672920077894,0.164896064609598,9.0989179220007,0.292056115067757,0.0716057694125287,1.7230944249062,0.0207434081398051,0.158644337896623,1.01449885892793,0.0174075453432135,0.0547773524552207,1.11560866287013,0.00842221596647898,0.136984337830729,1.43727338940046,0.0338010280203102,2.13574704173834
0.153235421453886,28.3075776637043,1.04,0.198379341984219,5.22226528215118,0.2146,0.159692489015085,13.3525059876274,0.33,0.106760683219682,13.7426040713143,0.175,0.188724228296326,1.00288309926358,0.00543786761625328,0.194432804903463,7.20633469066447,0.342160779267833,0.140555523200493,23.4607874898523,0.224062524970426,0.185468501940265,3.37001557459736,0.0395842122955852,0.102655967401836,1.00288309926358,0.0207863251364138,0.153605972466235,3.94819959636536,0.0664083363892168,2.45804004567573
0.127844598342483,44.8000601130621,1.04,0.198913121764165,5.13280987242209,0.2146,0.177533657114671,8.18382771794484,0.33,0.108901254364513,11.7634650805689,0.175,0.170809238667868,1.01449885892793,0.00734990409559475,0.165338467441054,25.65088039011,0.43144820158613,0.198723400785672,33.0468281812645,0.837556230315385,0.171280982073311,1.00577451078852,0.0115743625123123,0.192717863532193,12.7798757548119,0.404957094615744,0.117082717152642,2.35148837301477,0.0259293478905175,3.47841514101568
0.12868401256333,43.4894223057643,1.04,0.197442344698118,5.31327973469088,0.2146,0.153805329368938,19.6402301778248,0.33,0.100929415229494,31.6774617501149,0.175,0.185175173306714,1.01449885892793,0.00159824000056147,0.190791881435501,84.9634830921517,0.938425502252269,0.162963778104541,21.5815941337228,0.365861094966458,0.198138951190262,1.00577451078852,0.00653142953144766,0.167713335441151,11.0665182039154,0.243124177769847,0.159732761909242,1.46653209822205,0.0493332848140523,3.36447372933464
0.15644107269755,27.668365815083,1.04,0.190534300174407,6.49989667874954,0.2146,0.16231694381118,11.96848058178,0.33,0.115792400610284,8.27863965605879,0.175,0.1897715438278,1.00288309926358,0.0185751322753357,0.193351008110276,62.9795857825214,0.942706670994905,0.178755920365024,5.92506573979369,0.250653690570046,0.113547347614688,1.00577451078852,0.00158081579318584,0.188382682154834,9.44591016576076,0.330148300648305,0.144568859684423,1.09020803204812,0.0331372151739863,3.33640182545576
0.137749784657971,34.5302509160962,1.04,0.197472499690993,5.31327973469088,0.2146,0.194165836290886,6.92500689429393,0.33,0.138032351902144,5.37483556977805,0.175,0.16036264165979,1.00288309926358,0.0134084478305977,0.184025754835542,21.7687984609418,0.597371441283987,0.137373072436868,21.5815941337228,0.204137576570825,0.142219360877458,1.01449885892793,0.0119743467580073,0.142704525690564,4.3416960341386,0.107352847440651,0.189085135361007,4.61228334151361,0.138388566634841,2.83223322651891
0.144989882000025,30.8037607665866,1.04,0.18841858768338,7.08639265188016,0.2146,0.190438818420135,7.12732336743282,0.33,0.125498117344207,6.38855593116599,0.175,0.174317675134332,1.017423759841,0.0102396356795111,0.190013269899457,6.72522667244931,0.310989208098266,0.147022161413228,10.1216499350543,0.210367553763454,0.152218058676462,1.00867425853989,0.00411048590032873,0.161576897598113,7.6115020308696,0.189734223525118,0.159134256100317,1.20926262481036,0.0431115012391364,2.52815260820581
0.131253736658604,40.148233755735,1.04,0.180650685193662,11.4955635096105,0.2146,0.178854249041952,7.99744893524145,0.33,0.140669199741444,5.25242887388322,0.175,0.194870918744173,3.4784466459882,0.0423747110902863,0.197616413282318,10.1508316565282,0.472309141802884,0.166600666456179,6.90175820040029,0.24444949458817,0.15111757506318,1.017423759841,0.00877605510032471,0.113005161511955,1.33361741419236,0.032997129340634,0.149468625128472,12.2750213329814,0.0713016075069254,2.63180813942922
0.146969160619082,30.0394947331876,1.04,0.171531950083839,171.244569637309,0.2146,0.150027621115464,29.7328553694936,0.33,0.132675380205836,5.69347855060436,0.175,0.183116487488429,1.01158236655188,0.0176937880472537,0.192110972846093,11.5216685859765,0.487111280028417,0.198421151265557,33.3334849128322,0.84517935574323,0.157993429768142,1.01449885892793,0.00815302243564808,0.174927308581652,12.6335493553273,0.290998157629813,0.19771579881903,2.95200799512719,0.126295867775409,3.53503147165977
0.112608584597906,174.768365880429,1.04,0.189772278108929,6.68979340981204,0.2146,0.194321963673724,6.92500689429393,0.33,0.132418754178539,5.72636385099737,0.175,0.143049254766719,1.01158236655188,0.00536955249966304,0.168605979200717,5.49775074742009,0.21757945848225,0.170856181470845,30.3997993896586,0.462286003318728,0.126106262593433,1.00288309926358,0.00526961750126982,0.182783218590585,9.80613514975012,0.306023148249774,0.198975316095846,11.9266679922861,0.221062655346216,2.9771904353979
0.111625197830295,227.265549808162,1.04,0.190366902367129,6.57519980375318,0.2146,0.152717496301589,22.0379699118545,0.33,0.106333634445217,14.3079623572268,0.175,0.183324973655367,1.62668261683323,0.0284869116178926,0.143439074488141,35.4109260457599,0.273854881793135,0.150729946049344,22.6641186288517,0.279812123229991,0.15495725827981,1.00867425853989,0.012513632207668,0.0946139340976177,1.75817161928149,0.0278745073528434,0.165886950331919,1.16149208345279,0.0450965417858106,2.42723859798734
0.113101757113445,153.434631360798,1.04,0.193486538571483,5.89366155277994,0.2146,0.188337808473654,7.20989540649827,0.33,0.134539707195799,5.56381506816292,0.175,0.195070587823705,1.00577451078852,0.0271054832270051,0.163332617177772,10.0057595601981,0.298363636340539,0.190827899497422,8.370100693918,0.371181711383321,0.190968261587059,6.34893199363231,0.0476244907910862,0.161045644864235,3.71657187129828,0.130232764468568,0.196701762444275,9.50045567592029,0.203448269749266,2.83755635595979
0.12259614188188,57.2023696800687,1.04,0.18299607806111,9.45121719994339,0.2146,0.155533316826368,17.0065142632699,0.33,0.125364327481354,6.38855593116599,0.175,0.182822569744131,1.60343464412786,0.0281335261576667,0.130260964294498,8.41843393067599,0.15066510850227,0.1516133093284,18.5275056440599,0.277804416704138,0.188870628257037,1.14489244934213,0.0326184858072203,0.193367738991208,4.58580257506987,0.214283279289547,0.176569046338932,2.11388457789867,0.0781996031586002,2.54130441961944
0.149839843090274,29.1606812358378,1.04,0.195327329350212,5.59595143755845,0.2146,0.15003794937159,29.7328553694936,0.33,0.123720363624688,6.61317789021976,0.175,0.199748413734124,1.01158236655188,0.00442495144252722,0.144981188494104,5.84038679556032,0.167751417551255,0.163621630875984,13.9728926204603,0.328303264777646,0.198391903629198,3.55949057200184,0.0532395184582183,0.18191483750988,10.9083594392703,0.314306834770992,0.0995411375214387,1.00867425853989,0.00383123649957388,2.63145722350021
0.135702620481694,35.9794310462357,1.04,0.193988182161453,5.7927053813632,0.2146,0.191222250677676,7.08639265188016,0.33,0.141009910388164,5.22226528215118,0.175,0.191827358620703,2.82724106811333,0.037817892967019,0.175906851945869,21.7062172818814,0.508092453349786,0.123003616494942,9.77794436555052,0.125407257916193,0.14507284686927,1.00867425853989,0.00887312628466548,0.156247361601079,5.48194575365476,0.150669209228076,0.185065524021907,2.17562678075294,0.0882685650425019,2.67872850478824
0.151665514236682,28.698171498828,1.04,0.199927727891969,5.04488679969571,0.2146,0.153766061853732,19.6402301778248,0.33,0.11273300805217,9.39694085202226,0.175,0.157574577438626,1.00577451078852,0.00307664027686371,0.18181367341031,4.94223601165526,0.219028095480077,0.19561385338608,90.7798576447935,0.96808824267514,0.152226575557259,1.00867425853989,0.00508197817330491,0.164114548987287,4.06351835261943,0.143324282360977,0.19519548023978,9.80613514975012,0.197188580878952,3.29538781984531
0.157203097234554,27.5422660634698,1.04,0.184509277850914,8.61921539420481,0.2146,0.192002031106233,7.04569699279812,0.33,0.141917466159212,5.19227491356753,0.175,0.152628327913582,4.80198009042612,0.0156355657894311,0.196776882194622,63.7090384303399,1.00844590211872,0.177978759387979,58.6059871454894,0.601098716035254,0.15368202547881,1.01158236655188,0.0118754030289695,0.169923952036676,9.418754960271,0.239937386257128,0.178926735944345,4.37935702804035,0.114049726842478,3.75064270007198
0.117299573036487,84.1489060589359,1.04,0.17406233581088,32.6029297586098,0.2146,0.167439799556013,10.1275116485301,0.33,0.115781110992623,8.27863965605879,0.175,0.14376150196403,1.01449885892793,0.01023628490035,0.169720938343097,14.505756572389,0.393137570820856,0.19232707311617,20.9088468955437,0.640863696449961,0.181131631881528,1.00288309926358,0.0227056135694818,0.150450193343795,2.31788173275986,0.0810734931315131,0.168365692831979,2.70774742833384,0.0775852987762739,2.98520195764844
0.128276783566646,44.1903129974993,1.04,0.185925988085201,7.95152127198837,0.2146,0.195892150226379,6.88523803959517,0.33,0.134154379061496,5.59595143755845,0.175,0.188060067865392,1.01158236655188,0.00506087916642663,0.138908090520951,2.23273514877728,0.0733349517196339,0.193807720462524,12.7065019223768,0.513876695209123,0.184273063091591,1.00577451078852,0.0218054795059907,0.179259976490082,17.1913042784243,0.35132630523,0.199500451193762,3.98244730043134,0.153793122322125,2.8787974331533
0.151906611791129,28.6327002492754,1.04,0.174181964625889,30.0773188333397,0.2146,0.158136253806498,14.6414062627396,0.33,0.114231108636553,8.76943242226474,0.175,0.14908533963921,1.01158236655188,0.00464164153092455,0.11749205290035,2.37188579111585,0.0619274149804359,0.188859183528621,9.89119610131619,0.408244826342753,0.197811674626809,4.14623977579979,0.0534890384106919,0.176704830635262,9.63820144251651,0.275885703183919,0.195275591632831,2.73123512958793,0.115869403151657,2.67965802760038
0.119688845580475,68.3571218166443,1.04,0.179607767637576,12.6780227210752,0.2146,0.176121294102706,8.37455001705244,0.33,0.125363648251139,6.38855593116599,0.175,0.153653370865257,1.01158236655188,0.00804531194230956,0.183499021050775,16.3701822092467,0.527133274278626,0.0943632959778193,1.26262771749805,0.0263299124993917,0.166256685042009,1.00577451078852,0.017282679068147,0.131811440982267,2.90981894079874,0.0726028208256376,0.139227904456164,1.06232295058138,0.029959055907286,2.4409530545214
0.122138767616301,58.2571693781222,1.04,0.174717938939078,26.0440100298641,0.2146,0.192228433519945,7.00523504030693,0.33,0.140711662275736,5.25242887388322,0.175,0.192138611871537,1.01158236655188,0.0292167692141788,0.189879359511921,85.9475612968492,0.909090226374791,0.117540798354431,2.87650223749675,0.0686848336965663,0.199681459179896,1.01449885892793,0.0119762596946383,0.173336929954469,6.20437693319619,0.210015471136036,0.167488272064634,3.02078648791353,0.080374218542043,3.06895777865825
0.111841845277121,210.765854198472,1.04,0.173092785385575,42.4926833568436,0.2146,0.160743421334565,12.8249011680643,0.33,0.128286348426024,6.06584691482126,0.175,0.156713520500691,1.09966477838038,0.0147061110147195,0.180676990153949,10.2094477434412,0.391778148692469,0.170464092991808,15.7688292262238,0.389103908224334,0.13194469232845,1.10601480450688,0.00955140152323858,0.157846005291948,1.96708649096514,0.0746373406149955,0.151403624011299,1.035151107089,0.0350401771062152,2.67441708717597
0.129551437464617,42.4104148257264,1.04,0.183731589379158,9.02563442555289,0.2146,0.1807594884571,7.81531474954562,0.33,0.120882838487788,7.08639265188016,0.175,0.17480495209633,1.00577451078852,0.0198024205353009,0.124513250651004,2.28475538672293,0.0655046916092397,0.185056357376578,7.67752616736229,0.329246808578501,0.179597042759312,1.01158236655188,0.00808700258192428,0.0861499462814973,1.00288309926358,0.0088872748826997,0.15635213598432,8.03944940844679,0.0803292967264201,2.27145749491409
0.123461046263093,54.3991086563875,1.04,0.199450581435215,5.10333322739796,0.2146,0.154028270649279,19.5274404763682,0.33,0.128499058092509,6.06584691482126,0.175,0.198232438751161,1.00288309926358,0.0177209514113355,0.169476362738067,15.4987821679022,0.401353147085483,0.188373821570395,12.8536732852339,0.480426128733758,0.193551985283431,1.00288309926358,0.00955916239702181,0.179278683119888,5.6910027726913,0.21717999218874,0.122412584571346,1.00867425853989,0.00552031651239413,2.89135969832873
0.128531868922076,43.6885346568656,1.04,0.193397954790303,5.89366155277994,0.2146,0.185132674228421,7.46339570425412,0.33,0.125277347956997,6.42545597022062,0.175,0.196286799882989,1.00867425853989,0.0106160638840368,0.107705231651194,6.40400427119728,0.083766786703202,0.18422580904701,6.33068001474387,0.278557226831407,0.185371046676507,1.00867425853989,0.00419423521716292,0.131731687060552,15.3213249660846,0.11576951020971,0.174582924252237,1.97844545312916,0.0725918642517444,2.32509568709726
0.112279795073848,188.020091897699,1.04,0.17467974972936,27.1154370165082,0.2146,0.165056912355496,10.8521992481272,0.33,0.119827801914814,7.293424065782,0.175,0.187717804206648,1.21274904899342,0.0292102206363849,0.196673575286136,9.58286508470002,0.445316197239111,0.114939239933246,18.4211326150377,0.112551914307942,0.193526662783366,6.01097243209366,0.0501701266382587,0.196793439909091,5.62584220609726,0.261883237940585,0.129283867676099,2.07171057200942,0.0330019765044588,2.69173367326674
0.144939575407515,30.8037607665866,1.04,0.177155132432234,16.4288741915971,0.2146,0.190120946780434,7.12732336743282,0.33,0.115831056853214,8.27863965605879,0.175,0.104108330312565,1.00577451078852,0.00151093889808034,0.0724218026513005,7.81129753947542,0.0333068268045732,0.127505643567348,5.05738459676651,0.110706847683454,0.198280632674702,2.53425879720196,0.0494340668149342,0.192462049451699,4.24284253669373,0.198680713481765,0.166823226598331,1.74305193613896,0.0606804325100864,2.21391982619289
0.141294472584247,32.3911210023069,1.04,0.17174759551615,116.421453349997,0.2146,0.154505603204959,18.7558421173328,0.33,0.113427536850849,9.0777661226663,0.175,0.172314249145094,1.00867425853989,0.00203748347806634,0.18110873514855,69.2564322420242,0.727033013241492,0.0929003981223016,5.05738459676651,0.0510647082104119,0.169726826518473,1.01158236655188,0.00600168768331606,0.142335458868585,9.63820144251651,0.137521115076104,0.18358712070436,2.63848930932274,0.0982192300526083,2.781477237742
0.134004186796057,37.3185713061613,1.04,0.199459819386468,5.0740258605321,0.2146,0.173099911664012,8.82008430703416,0.33,0.141313288780829,5.22226528215118,0.175,0.196286000924789,1.59882507273807,0.0373706965781862,0.183277153973818,13.7336016436691,0.480454128284774,0.143137231368044,5.64206206761865,0.153398922222661,0.199157994671404,6.92165665438525,0.0579566475909054,0.152629620163396,4.54636621906863,0.129517660289788,0.169615160437473,10.2684023095805,0.114636110991293,2.73293416595761
0.150301968049009,29.0277801933518,1.04,0.180393455486593,11.8314103761204,0.2146,0.163301623483008,11.4955635096105,0.33,0.128461450708591,6.06584691482126,0.175,0.167511921451967,1.01158236655188,0.0115117726047065,0.190768720137044,11.1946946742062,0.470208928899859,0.197677883465838,15.5434666953568,0.604869799545417,0.19966318435165,1.01449885892793,0.0168357127704289,0.103868986027532,1.00577451078852,0.0232066697722406,0.164046920229307,11.5882005855279,0.101881966783661,2.98811485037631
0.136017453022376,35.8154532620603,1.04,0.179577589618326,12.7512504643373,0.2146,0.188555074540721,7.20989540649827,0.33,0.114976841217219,8.56971705725559,0.175,0.192561511654838,1.34131840233837,0.0328635312891121,0.145248166716981,5.5454396587911,0.163581034784463,0.175231275063877,19.2340622708831,0.450716579414735,0.110215527701732,1.02035709353375,0.00513383932786693,0.143940328345431,9.44591016576076,0.143063141336217,0.171766241454359,1.17833239331668,0.0480796180497958,2.60303774420219
0.120763466879878,63.9761487615482,1.04,0.197974025367265,5.2827666892935,0.2146,0.17505193602759,8.52050297882047,0.33,0.141593055140068,5.22226528215118,0.175,0.131216960976678,1.00577451078852,0.00496597629122105,0.18669376260252,27.2495189410318,0.669911385133574,0.158836795345383,4.44285270778494,0.162607221414974,0.182362350707083,1.00867425853989,0.00894665025286412,0.176375533841893,8.27426512232383,0.254966497697023,0.1136197667135,1.00577451078852,0.0164345805976937,2.87743231138735
0.147910678959592,29.7663061447301,1.04,0.176079273548727,19.4152985023894,0.2146,0.168683782546818,9.78352248861393,0.33,0.139273838630204,5.31327973469088,0.175,0.168072061018601,3.20905081491668,0.0221745652994229,0.141840802090299,5.29579277470977,0.151358465501979,0.193493588583011,9.5553161597167,0.420829680623627,0.138565239263463,1.00867425853989,0.0017032874338205,0.180366584036443,11.1946946742062,0.311801545517591,0.0946265731295454,1.95579274466099,0.013908421788362,2.6813759661648
0.123010499822069,55.6558708027315,1.04,0.179638816264426,12.6780227210752,0.2146,0.171483785083268,9.13019893034057,0.33,0.120813287258798,7.08639265188016,0.175,0.191210307463114,1.77853540743712,0.0346102844071428,0.103227483594454,6.90175820040029,0.0770926981156051,0.182117132453098,50.6029742786953,0.651908639021851,0.197776552258774,12.8907317012169,0.059423319291882,0.181783138447669,8.25047817477399,0.279793404313029,0.088149459788161,1.53125056362849,0.0112150549757414,2.87364340012525
0.110658838745379,331.283940010498,1.04,0.175068241676983,24.5864229124585,0.2146,0.168842151897892,9.72733778147489,0.33,0.1172896432698,7.86045568946845,0.175,0.133905718548688,1.01449885892793,0.00535356700461332,0.163106466789204,7.65545473146367,0.25706341011995,0.154348618041133,60.4916490468777,0.344404064944488,0.177397456530535,1.00288309926358,0.0185977681315985,0.143129818484948,14.1754836193795,0.150444630700535,0.191743385955804,3.58004488871148,0.129921320202662,2.66538476110385
0.150656560072512,28.9615569832397,1.04,0.194978379818429,5.66078210355879,0.2146,0.188894824948913,7.20989540649827,0.33,0.139416955399075,5.31327973469088,0.175,0.188435414630463,1.35295334494457,0.0300831736373131,0.138462815391013,2.77882351455518,0.0903911656978558,0.0908156987194276,1.1715671660767,0.0234145504803252,0.187975640561318,2.012917411563,0.0378199017949217,0.0401778999732301,1.00288309926358,0.00143008975386006,0.122479221362456,2.73123512958793,0.0305016655334745,1.97324054689775
0.132920275538569,38.4432385901807,1.04,0.179621229054557,12.6780227210752,0.2146,0.153710560346054,19.7536713480067,0.33,0.114453300286835,8.76943242226474,0.175,0.189776535700014,1.00288309926358,0.00998929813375268,0.155850871482519,82.7903073513056,0.397175737978865,0.176123046074305,4.77441020717598,0.203281064546365,0.163792665522297,1.00577451078852,0.0172269433358739,0.169044186826042,13.8129064745256,0.267279816467722,0.146978251965666,1.00288309926358,0.0134155697813917,2.66796843024397
0.133034235583494,38.268031898545,1.04,0.171373632620477,229.710364156645,0.2146,0.164530605983857,11.0413330665098,0.33,0.101221974831763,30.0773188333397,0.175,0.155841353794278,1.09966477838038,0.0144928972796476,0.167132832440202,7.3318961356485,0.265052083107889,0.159397902808703,14.7585013912184,0.305307860409448,0.194680165922877,2.11388457789867,0.0445039180718126,0.178226492816655,3.33142973427318,0.143391851291146,0.147963278242326,2.90145376159538,0.0543635718334001,2.58671218199334
0.143943612825662,31.157552901849,1.04,0.182635788171974,9.67147573126437,0.2146,0.17526795565792,8.52050297882047,0.33,0.143646764127605,5.13280987242209,0.175,0.141794295086566,1.00577451078852,0.00528132188942041,0.135304287037773,13.1910713679069,0.18994252033013,0.199474617589944,22.0844211988575,0.742345017605618,0.0886217518517211,1.01449885892793,0.00179491750573493,0.134865339417496,2.69996316651677,0.0732136127406927,0.119876442261244,1.46653209822205,0.0244167493505858,2.79659413942218
0.137814356808302,34.4514745147866,1.04,0.174149670467173,31.3146724915124,0.2146,0.151561040147739,24.5864229124585,0.33,0.135820916873432,5.50009492671021,0.175,0.175885382004048,1.01158236655188,0.00634860541361688,0.146432892768692,11.8923810771604,0.236723187371212,0.198508309675027,61.1922854994662,0.961161919597916,0.195060722849478,3.42873391662958,0.0496682574520071,0.190012260158518,6.64822449937834,0.275603252351677,0.197862236574723,4.09876636139165,0.153317758236824,3.44242298042325
0.137163268113695,34.9268431145398,1.04,0.172915799683032,47.4065028618884,0.2146,0.171284070867535,9.18293458777804,0.33,0.135262327712629,5.53186325116201,0.175,0.183219790704328,1.01449885892793,0.0175223426717933,0.185053918808552,19.682194462711,0.588059989851134,0.154956100107456,5.75691805285236,0.186338091338773,0.170442263503103,2.39246014169509,0.0265581986895809,0.186538869180766,14.4640552653053,0.383234104360149,0.177881712570999,2.10780755947618,0.0792294180992062,3.04054214501064
0.116238092874868,94.1136348416669,1.04,0.177750180164698,15.6890916100885,0.2146,0.192669061833675,7.00523504030693,0.33,0.115517231612054,8.37455001705244,0.175,0.198368060630731,5.59354223610883,0.048444255759081,0.174483609826451,11.7901106095195,0.386686172956257,0.166045357847233,9.44591016576076,0.291040552886149,0.183638684576546,14.8865204479472,0.0424036678061406,0.145636417417763,1.98987000774274,0.0678502307699896,0.137021382558768,2.78683513858361,0.0423964968799608,2.63842137705758
0.117803617732189,80.0251022749359,1.04,0.177446662914752,16.1474538514202,0.2146,0.162243674798957,12.0376100385228,0.33,0.136228426621782,5.4685090410485,0.175,0.145474680358957,1.01449885892793,0.0102986506442052,0.16218258472131,12.3104114379469,0.320827503240184,0.197848127420317,160.528219169909,1.06339329983476,0.183090020298073,1.17833239331668,0.0295647073615475,0.181987188387382,6.62911211113257,0.247941818485289,0.168153143741253,9.94831291991456,0.10981570572182,3.54144168528781
0.134548245073382,36.8948211782569,1.04,0.185882717909441,7.95152127198837,0.2146,0.189456169970622,7.16849049713269,0.33,0.111419402755302,10.0693514841637,0.175,0.174083871021228,1.01158236655188,0.00515281663212724,0.174153333291424,14.0131778568844,0.418074578363795,0.119922285394186,3.37001557459736,0.0784376961647703,0.182461643250944,1.01158236655188,0.0110172128410275,0.146545176084627,2.08367368705817,0.0712426112752317,0.172495239735491,1.50502732889567,0.0588208041170476,2.402345719394
0.14197910603115,32.0965459868557,1.04,0.172376736887532,63.2266905388835,0.2146,0.159249713860954,13.5852155412096,0.33,0.141291406937545,5.22226528215118,0.175,0.175069507303123,1.01449885892793,0.0112157207877724,0.192231251980681,7.20633469066447,0.337455662505647,0.168708205791825,287.981666926481,0.537397630693073,0.16722095690974,1.01158236655188,0.0101757503663524,0.080561618516623,2.2071708865269,0.0216585025435381,0.171530375604003,1.51808232505612,0.058715352367779,2.73621861926416
0.150650808112591,28.9615569832397,1.04,0.181201300953338,10.9779250183872,0.2146,0.15184797857811,23.7513250862094,0.33,0.130910750884108,5.82616381189231,0.175,0.193596466651844,7.45964533309522,0.043922067687458,0.15033561817783,7.41681684421187,0.207374469806106,0.182691195004848,6.01097243209366,0.263723139909034,0.185272411236822,1.00577451078852,0.0169196027000337,0.137236007464497,2.55624161321588,0.0735005483156187,0.135509648752168,7.28980110054726,0.0482992556765695,2.41333908409482
0.138588404853443,33.982575875828,1.04,0.192543435860693,6.06584691482126,0.2146,0.191913683879153,7.04569699279812,0.33,0.119440774122269,7.37792042799738,0.175,0.190171798868445,1.01449885892793,0.00695007033953889,0.160285373241881,5.22010717715947,0.191661436565451,0.192266175838237,20.3154738602905,0.632589155840523,0.124926045512038,1.01158236655188,0.00277259080778413,0.194988921392006,4.61228334151361,0.218602442069036,0.123524807642994,1.00577451078852,0.00106607845674495,2.81324177407908
0.113653300448335,142.29513082684,1.04,0.176902808053826,17.604464189928,0.2146,0.168153099361668,9.89686733905512,0.33,0.139406057796126,5.31327973469088,0.175,0.196125580324617,1.00288309926358,0.00405240552740663,0.160589342635289,5.5136013085513,0.200687892648612,0.102149222004583,1.33746236557711,0.0307626082044138,0.153326841988966,1.01158236655188,0.015609653245491,0.12168696172507,2.37188579111585,0.0548759644737133,0.185095105220659,4.00544398533237,0.123610243570268,2.18919876766991
0.131279573523539,40.148233755735,1.04,0.196643830113334,5.43710454646936,0.2146,0.159020184881936,14.062872426727,0.33,0.132493955576531,5.69347855060436,0.175,0.170177892630741,1.12528574084121,0.0201416829737066,0.165502577035621,7.78884153617836,0.269572141218731,0.141244449059276,11.0665182039154,0.194018193791453,0.194337189724677,2.07768351923393,0.0437651913496587,0.167626388907573,2.31788173275986,0.0941503532400305,0.162618407180524,7.31081832073186,0.0928288852824782,2.47407644785606
0.15272881032724,28.4371813246353,1.04,0.18439599584635,8.56971705725559,0.2146,0.182810578373892,7.63732849425456,0.33,0.122637137671551,6.76729654167483,0.175,0.193056157805535,3.41887695499837,0.0400783450505851,0.160861185730573,56.7791056024212,0.442216483264233,0.182026330594233,4.87160332233193,0.216072322169884,0.195791769076939,2.12609122719942,0.0456442867863712,0.188264209895476,10.2388825947119,0.342955709853427,0.128115262756375,3.1450272019994,0.0355651091825509,2.88213225630705
0.126043702362428,48.3072095893017,1.04,0.182008348429182,10.1860077436388,0.2146,0.157461975147949,14.9826210048919,0.33,0.103259760795817,20.4482114607491,0.175,0.139709959639932,1.01158236655188,0.00580996686744364,0.0978952798337904,1.92784124639408,0.0395250734271197,0.147621344837183,2.7391095515787,0.0962140305277918,0.197843260914927,17.5918424880948,0.0592404079637477,0.115146942329775,4.46850800867783,0.0609904625721905,0.189889520292699,2.29134256329585,0.0966671996984191,2.11804714105671
0.110700358371146,359.674374614132,1.04,0.172176765355077,68.1422874756894,0.2146,0.178263545126497,8.0901016229141,0.33,0.140803409550925,5.25242887388322,0.175,0.163403619212449,1.00288309926358,0.0145543855112425,0.19412747210635,161.920682445937,1.0565175226342,0.197649362104333,67.4850077079961,0.964134027137349,0.183134385747261,1.00288309926358,0.0102625594857856,0.0551005264519353,2.62334079957365,0.010233489941377,0.188356466302485,1.24100474879353,0.0571174214044447,3.8724194061144
0.146381087769637,30.2460303120804,1.04,0.189324996661377,6.80638417108163,0.2146,0.182102170674105,7.68144139281058,0.33,0.129802183087897,5.9277031020464,0.175,0.16436774945692,1.01158236655188,0.00468944723147461,0.148513398849769,20.6100250498449,0.28140473317764,0.199310231087269,9.02067029565308,0.427388930651684,0.145508404957327,1.00288309926358,0.00681192768154561,0.172550440428484,12.4171951294921,0.276400669355599,0.158127121844653,12.5972302899552,0.0886745546179379,2.84497026271588
0.120205701423476,65.4541656632636,1.04,0.174652445246681,26.194439171848,0.2146,0.158924831514024,14.1440990055278,0.33,0.105824476903208,15.069160014048,0.175,0.175708545276685,1.00577451078852,0.00766403025767642,0.155473617041647,224.821561296073,0.414548866229225,0.194731084306012,28.4520477169552,0.738356264944937,0.182513786882538,1.01449885892793,0.0224435200988484,0.100589766623583,7.83381828565906,0.0472140001285842,0.181480321789263,1.61269369477906,0.0682265645339898,3.05805324619326
0.149147632139511,29.3611745608237,1.04,0.171442258440653,187.774588281112,0.2146,0.165297865781753,10.7898773556513,0.33,0.102289244233876,23.8885117732672,0.175,0.155496871969971,1.00577451078852,0.00381963977080664,0.170221360238582,25.2842870786632,0.479119077732022,0.191405499124345,40.4251521276738,0.768639267406821,0.193797200615667,1.00867425853989,0.0168249153054097,0.175202484313852,2.53425879720196,0.107731660544713,0.196083052631571,5.29579277470977,0.165493992451922,3.30122855321169
0.127179609357813,45.9398650446285,1.04,0.183657448876088,9.0777661226663,0.2146,0.194691614322912,6.92500689429393,0.33,0.10695176007588,13.5852155412096,0.175,0.182942116229222,1.00577451078852,0.0164732970865546,0.156329801490848,18.8503244528549,0.331656505807103,0.192633052739268,19.5691919526579,0.620011600458963,0.11623658517726,1.00577451078852,0.00509085238546356,0.194057833598827,15.3213249660846,0.445406522878297,0.191797237321321,2.12609122719942,0.0934944849455398,3.27173326356192
0.137772966357009,34.4514745147866,1.04,0.180315263541851,11.8997481209338,0.2146,0.173798080182068,8.71907142059136,0.33,0.109402272635575,11.2986488972231,0.175,0.188451441066707,1.15150364314254,0.0288345257903061,0.195945576458998,6.96162583541039,0.334311556711088,0.145135978318511,5.10125365829453,0.149121240439099,0.199161441429712,1.09335121002246,0.0379990227393507,0.159766788991483,6.68661474347447,0.175914076845747,0.16418261359779,1.035151107089,0.0402557964358036,2.52603621896139
0.150932411166504,28.895484853008,1.04,0.173147524633776,45.2718158067401,0.2146,0.1801707514063,7.90585736162312,0.33,0.134253196746205,5.59595143755845,0.175,0.161215227850094,1.6741946565908,0.0174912100805849,0.103491523659511,8.73947554283164,0.081763009770455,0.110189741206289,2.60078095318014,0.0569423164963889,0.186484813497973,1.01158236655188,0.0223220133654931,0.162987627904767,6.59105201019205,0.184113185212271,0.153618043997049,1.00288309926358,0.00717932425771671,2.12941105918291
0.11096775011058,296.207676960698,1.04,0.179241731761797,13.1995850943453,0.2146,0.148105307811311,42.0060317048688,0.33,0.123136002603105,6.68979340981204,0.175,0.117796718075463,1.01158236655188,0.00521056269160498,0.195132451376404,8.08587329578959,0.381675458824651,0.106414185981736,7.3318961356485,0.0779897853122598,0.146832250939413,1.00577451078852,0.00399081841872142,0.154671486273498,1.92784124639408,0.0714608319024561,0.177885931721648,5.3417298504113,0.118254446877739,2.41818190402743
0.134973541186063,36.4758827075144,1.04,0.176896962770124,17.604464189928,0.2146,0.146860788036335,61.786763646097,0.33,0.131200211405131,5.7927053813632,0.175,0.104050642621321,1.00288309926358,0.00279493417178617,0.161598144735574,5.75691805285236,0.209421013933855,0.164753859281788,4.0401882420282,0.159516820138872,0.143433583506441,1.61734325078285,0.0134940533200565,0.162552625586384,2.09570588324384,0.0820825230016197,0.169977581205107,1.38846722913941,0.0538853177179087,2.2807946622841
0.11035590062626,444.793101455425,1.04,0.180142802668559,12.1071387841942,0.2146,0.154422088695739,18.7558421173328,0.33,0.133539878313321,5.6282734253157,0.175,0.152209523187213,2.61579919085284,0.0146675767272029,0.145166498981968,2.83539228475476,0.0979354350220707,0.187011976885494,6.13333836012256,0.277408487574941,0.121020945507329,1.01449885892793,0.00409369671291734,0.107726373507975,1.60343464412786,0.0343064980359913,0.163083561492545,1.70336542221432,0.0566680316082667,2.24467972568139
0.130984930846202,40.4242716443185,1.04,0.199059316069383,5.13280987242209,0.2146,0.148975981912861,35.9565395735246,0.33,0.12119575915044,7.00523504030693,0.175,0.173220060630349,1.01158236655188,0.0029921271989027,0.166828937414002,9.31091255809072,0.304257781985262,0.153147133348871,3.52888015319671,0.127097998878921,0.163184521905453,1.00867425853989,0.0179689576801888,0.166964253135173,9.66598933399762,0.230755169832389,0.196092221760771,5.99369202303595,0.174419900473665,2.61709193604933
0.129850948177521,41.9288471215546,1.04,0.189344958288237,6.76729654167483,0.2146,0.167284784622719,10.1860077436388,0.33,0.142278688795011,5.19227491356753,0.175,0.149882084135227,1.017423759841,0.00846186240521005,0.17735943421735,4.65229147967714,0.200545091788121,0.117181870940271,9.91971340151178,0.109323509035874,0.163161433078921,1.51808232505612,0.0212124978966018,0.192038093080219,5.67464221589759,0.251834131145272,0.116315738489414,1.00577451078852,0.0158886684295039,2.36686576070058
0.118602810612817,75.4112816415286,1.04,0.190635097911733,6.49989667874954,0.2146,0.147979864308649,43.9867283153455,0.33,0.11616823189301,8.18382771794484,0.175,0.110057432952778,2.23917234584048,0.00479124877953225,0.14951872261318,9.86276078296599,0.232289752761644,0.181318652238366,4.65229147967714,0.205607896717456,0.119825389862724,1.32596064017055,0.00724210640875037,0.173344170725185,9.6938573407282,0.259746309731043,0.190469527145796,1.30701047960937,0.0609297997232764,2.5302071141217
0.121098234979013,62.5315068779026,1.04,0.176614092322459,17.9112775331676,0.2146,0.184606066670032,7.50650397409388,0.33,0.12403790761924,6.57519980375318,0.175,0.182350782577752,1.01449885892793,0.0131519364798289,0.0921771977703598,2.61579919085284,0.0423571065091891,0.110819221520561,2.65372529430481,0.0583248154267548,0.169343328358581,1.08707389011608,0.0222091967097273,0.15288785226631,2.90145376159538,0.09911187880086,0.130359559949035,11.1946946742062,0.0436939676653169,2.03844890159168
0.13771525276179,34.4514745147866,1.04,0.179129818103315,13.3525059876274,0.2146,0.173731105179979,8.71907142059136,0.33,0.114239450054054,8.76943242226474,0.175,0.159692543685619,1.00288309926358,0.0121547666108264,0.111540753190161,3.98244730043134,0.0771763283782388,0.149091767712836,3.26496454563336,0.11449663777803,0.157093758982006,1.8199732981517,0.0188256948602033,0.195342368826773,6.7058929175172,0.294848055891619,0.150270530342204,2.80292774815717,0.0565164553334554,2.33361793885237
0.13848901270571,34.0602800981416,1.04,0.18013775151025,12.1071387841942,0.2146,0.179844248350258,7.90585736162312,0.33,0.10492229969717,16.6192073042701,0.175,0.182258266968585,1.62200621191813,0.0279048373091992,0.188115644406157,55.4863358814509,0.81248803160798,0.117021778258534,4.32921447906216,0.0839848683751387,0.1767752156533,1.01158236655188,0.00553760592611202,0.192677831764,15.5434666953568,0.435584584789308,0.183129702830937,2.11388457789867,0.0843152338704691,3.20941516187821
0.120410288629992,64.8589049478277,1.04,0.18313411643715,9.34297620172496,0.2146,0.16604889198055,10.483595485213,0.33,0.116669842267755,8.0436418748083,0.175,0.198770691354116,1.01449885892793,0.0144422288778486,0.180996472598486,263.393559440579,0.783118108034519,0.198803728847143,30.2252632807581,0.814134990632745,0.173059059757561,1.00867425853989,0.0230906263845283,0.194208670643192,17.2408685151293,0.465172617997605,0.198393414279473,12.4529951356256,0.220807562584004,4.08036613451125
0.152587028478894,28.5022055025463,1.04,0.19494935038884,5.66078210355879,0.2146,0.146171771261169,76.902945008668,0.33,0.109208192676987,11.4295469118117,0.175,0.178368071937665,1.00577451078852,0.0147423625976298,0.177519417065577,17.8983585267682,0.489032946736465,0.19303462782414,157.77911378342,0.934960889614875,0.190988431352941,1.00577451078852,0.0323343716473795,0.121047466996726,3.78132852701561,0.0666426964295292,0.181321850913936,2.33798763817471,0.0881363014120181,3.3854495684379
0.147295774956859,29.9709634242785,1.04,0.191633823846671,6.27912240806387,0.2146,0.177729229343807,8.18382771794484,0.33,0.125191115005605,6.42545597022062,0.175,0.191250430760045,1.017423759841,0.026888148809237,0.119929148138106,4.66570449781614,0.0976335205687279,0.185719262109676,12.8536732852339,0.458717820582505,0.198070587830957,1.00288309926358,0.0336439465369509,0.163170900673251,2.31788173275986,0.0911192094396745,0.152599577468783,1.00288309926358,0.010730471582933,2.47833311752003
0.136544584740561,35.3279903152696,1.04,0.193318091118602,5.9277031020464,0.2146,0.177101528217797,8.23109717377527,0.33,0.109334056519504,11.4295469118117,0.175,0.193640419065726,1.17494491051044,0.0323062757844365,0.18928569803738,65.0059692846113,0.861198505140423,0.160538247755179,25.3571841881197,0.359214022025804,0.153050372902201,1.01449885892793,0.0072866443487023,0.193244003174641,11.4555185704036,0.387442752027269,0.138626820066225,1.30701047960937,0.0332075964149191,3.44025579574155
0.155586942901793,27.8585987734397,1.04,0.1781148714327,14.4737241117876,0.2146,0.176864616602009,8.27863965605879,0.33,0.124571491483521,6.49989667874954,0.175,0.199756690363168,1.30701047960937,0.0373390807891566,0.186592436969334,151.110563018577,0.890121023233135,0.191705402742174,24.0073976636039,0.660404935988955,0.199288470765299,1.00577451078852,0.0217502411758123,0.138138459650645,12.7798757548119,0.131103020987062,0.159485950018155,1.32214875407135,0.0458899707249588,3.54620827289908
0.141914077860298,32.0965459868557,1.04,0.189898398489009,6.65137533656814,0.2146,0.174571847537097,8.61921539420481,0.33,0.116259843157211,8.13682972063414,0.175,0.154443636530256,1.01449885892793,0.00549823788592402,0.159503332664675,35.2076192684563,0.404178016684905,0.121604300147869,1.66458250694606,0.0470222373084642,0.195493668219065,158.690210978165,0.0579859608298448,0.1644338186164,11.5548867001919,0.229433125358622,0.176852789793314,1.63607591315362,0.0659544755814196,2.56967205364918
0.144334591415181,31.0864708846003,1.04,0.1738885737251,34.1402449927217,0.2146,0.161611610104272,12.3892929819754,0.33,0.138093893436625,5.37483556977805,0.175,0.184421253627692,3.13598584352336,0.0328937603965501,0.189158197241744,10.8145512259435,0.451508196647585,0.195683702050809,13.7336016436691,0.55213706301555,0.153033942856708,1.01449885892793,0.00929576838582396,0.171931907214129,3.73803325566538,0.148540508259401,0.187468449994359,2.31121826109334,0.0948665018794823,3.04884179858439
0.129044206821946,43.0939158567354,1.04,0.181803151022778,10.2448417098122,0.2146,0.183308292363251,7.59346892677529,0.33,0.13577660657803,5.50009492671021,0.175,0.186790680539748,1.00577451078852,0.00233818036056396,0.182785166822645,8.34603823722249,0.34930223345815,0.169068622057116,35.3091263296414,0.459473479410963,0.198447193645934,1.01158236655188,0.00513442612738537,0.189458790970088,10.783461436218,0.356448460482411,0.163245794230342,6.2943333190863,0.0915278238010498,3.02382460364052
0.123540751177656,54.1511824096624,1.04,0.183870309103681,8.92226745608123,0.2146,0.167460810858959,10.1275116485301,0.33,0.102932993839541,21.1671716400053,0.175,0.19341522080726,1.017423759841,0.00850011738105165,0.133367389396904,38.1632551869613,0.212694082171284,0.198029996833559,49.5933968601569,0.92322544777094,0.155474505091777,1.00288309926358,0.0136358684301162,0.17197919246518,6.2943333190863,0.207032739440081,0.182263445426187,14.9724828208773,0.159632756853307,3.28432101204678
0.140027828243956,33.0638374435755,1.04,0.172452330432219,62.8635929842521,0.2146,0.170958355884474,9.23597484422661,0.33,0.105911530692953,14.9826210048919,0.175,0.0964451524603569,1.02035709353375,0.00158013977069166,0.154942161152946,98.4007139681323,0.392661544141593,0.194855639356118,7.85640396138943,0.365955618569447,0.149343321353502,1.00288309926358,0.0019228901664968,0.173822597759468,6.33068001474387,0.214800349933285,0.169143651969618,1.83048275359669,0.0642803897711279,2.80080093235264
0.150892243406017,28.895484853008,1.04,0.188285924065751,7.08639265188016,0.2146,0.167227118166368,10.1860077436388,0.33,0.13914301738346,5.31327973469088,0.175,0.114240347276143,1.00577451078852,0.00317054687026539,0.195401573076861,8.15601225127809,0.385985124537376,0.165789742909373,4.3416960341386,0.171325074632495,0.175824364329292,1.01158236655188,0.00957865243782092,0.188255597106363,11.0029813692926,0.351837128031193,0.172006180314274,3.00344307348301,0.0866061809137334,2.76810270742288
0.110971336698395,303.743804593464,1.04,0.181787934368988,10.2448417098122,0.2146,0.17050573646545,9.34297620172496,0.33,0.100946746803996,30.9560381127168,0.175,0.185713080582089,1.00867425853989,0.0262332730314651,0.182829695933585,24.5667432445612,0.605603672231301,0.154195011340978,2.80292774815717,0.103636842574616,0.19445014146162,17.4908414355252,0.0552938440489727,0.175423770035787,15.9056121278034,0.31530583760928,0.176372391677996,13.0400368809022,0.138671753061423,3.00434522255706
0.116032607648863,96.0682380646005,1.04,0.185455896312144,8.13682972063414,0.2146,0.179799246382485,7.90585736162312,0.33,0.115268535313162,8.47157152646274,0.175,0.101429927485072,1.00577451078852,0.00349628300810356,0.178045925011909,11.9610537599916,0.411229636344374,0.189596537940216,10.2388825947119,0.424059092360684,0.190349371891168,1.00288309926358,0.00436323992851513,0.193083236255595,14.7585013912184,0.428892262837193,0.189010813733157,3.60071789654471,0.124400262103741,3.15604077658261
0.147002371491743,30.0394947331876,1.04,0.188612929234363,6.96500545227891,0.2146,0.168588285889113,9.78352248861393,0.33,0.140313006556889,5.25242887388322,0.175,0.147752911358065,1.00867425853989,0.00782033586263206,0.179957258234549,5.80685504843578,0.252457457452621,0.162406776647359,13.932723196473,0.317158120405227,0.19457881365395,1.4920846013006,0.0402575433252468,0.175851740345773,9.6938573407282,0.27284594480318,0.198697927042649,15.4542261000141,0.230735370968153,2.88087477281706
0.110898602691282,305.13446788257,1.04,0.17128791588958,207.089499760343,0.2146,0.165611762197486,10.6663052198171,0.33,0.139556719255848,5.2827666892935,0.175,0.185035577588943,1.01158236655188,0.0159412433559384,0.166867954258875,31.8328643748612,0.464678356014098,0.177184862945195,11.3897483457029,0.380982289259304,0.158626889196873,1.00867425853989,0.00451002159648976,0.133068438891317,9.12515100556096,0.110252299041635,0.190489010520944,8.68929909148323,0.173148027885394,2.90911223715286
0.150897669775786,28.895484853008,1.04,0.181407421099595,10.5441483060703,0.2146,0.163654709341001,11.3639094334169,0.33,0.111589637363519,9.95403124201917,0.175,0.151526222202501,1.00577451078852,0.00366806601229698,0.169534873267605,4.0518365057735,0.166338156822558,0.194311563969584,8.73947554283164,0.396957868533074,0.19849048303731,1.01449885892793,0.0183838302193624,0.137246098003839,4.44285270778494,0.0975484802591813,0.175807258836615,1.2232687477884,0.0515924073486991,2.49408880919517
0.13923471957078,33.5967057749668,1.04,0.192309887268734,6.13612145164168,0.2146,0.193540147438868,6.96500545227891,0.33,0.100032019430551,40.1145247025537,0.175,0.132632277131958,1.00288309926358,0.00516008840180024,0.135011251846093,31.8328643748612,0.219983991810448,0.192588525108655,178.571831624811,0.954179445440326,0.166574544955336,1.017423759841,0.0179303089390579,0.149568272688006,3.24621921773864,0.102239615425706,0.174841028028337,6.98169689372975,0.120721629030609,3.17981507904795
0.118676193534172,75.0675915245416,1.04,0.178111172737748,14.4737241117876,0.2146,0.172910227695404,8.87102875502857,0.33,0.110157564281536,10.7279133646656,0.175,0.182015373196754,1.00577451078852,0.0218608993244054,0.189729794608986,13.5763553199153,0.521626894076623,0.12999822912604,12.0648070327153,0.154880292326816,0.135639624172929,1.00288309926358,0.00146638426876673,0.119040184259394,2.67674439360146,0.0552375181646343,0.180184180717555,7.97031285410644,0.138078284983426,2.65275027314467
0.128506018617589,43.6885346568656,1.04,0.174826620191233,25.89444477073,0.2146,0.178770069081266,8.0436418748083,0.33,0.102072293618929,24.4452282688584,0.175,0.190229424158927,1.017423759841,0.0227869974745861,0.11873223673393,45.3590725519368,0.146356663429012,0.13608513607815,23.1921673069706,0.199702647988651,0.139065764063741,1.00577451078852,0.008572760114723,0.158056026410714,9.44591016576076,0.192502341564812,0.189609609134053,1.74305193613896,0.0785893138989661,2.40811072447075
0.133024720721875,38.268031898545,1.04,0.173666674189284,34.5357693007845,0.2146,0.184131089341119,7.50650397409388,0.33,0.130411778931817,5.85981549695445,0.175,0.0828045470801216,1.00288309926358,0.00132934345590099,0.160484423576804,3.92553157195246,0.150993169051449,0.168541272541634,112.983039304716,0.508384492049393,0.192724484337321,3.13598584352336,0.0459742196180148,0.180819125358041,5.60966897361054,0.219404379730444,0.193729624132665,7.00182581890258,0.174809426647878,2.86049503055308
0.147357519635493,29.9709634242785,1.04,0.186160656022896,7.81531474954562,0.2146,0.174390376234147,8.61921539420481,0.33,0.105407484816125,15.6890916100885,0.175,0.136285257877138,1.00577451078852,0.00701780391984697,0.185883834485323,12.6335493553273,0.473182897183836,0.153111566458156,72.7303083552848,0.339838244848358,0.168116950931266,1.01449885892793,0.0107567324589124,0.119623964494634,2.96905439714284,0.0585781188048221,0.150827584155018,1.00577451078852,0.0134669689510359,2.66244076616681
0.147912899281387,29.7663061447301,1.04,0.179552378497956,12.7512504643373,0.2146,0.147252918211,51.9825917726449,0.33,0.101683517996699,27.2720546771616,0.175,0.170927510514584,1.017423759841,0.0141273247295082,0.191520255402736,11.1625120439526,0.474721172432526,0.171156809110866,4.74699861247518,0.194509951772977,0.142552034264355,1.00577451078852,0.0104976668363671,0.138482978403385,13.4596032415536,0.132860616262439,0.1537431472304,3.03823005207779,0.0620875939355204,2.64840432596934
0.112700177107596,170.821931057849,1.04,0.174308381715823,29.9045911320291,0.2146,0.148679689460651,38.7520022852263,0.33,0.115475742063333,8.37455001705244,0.175,0.157884475829727,1.01449885892793,0.0127879947518802,0.13923685324513,17.1913042784243,0.221777566885234,0.132170716952098,2.33798763817471,0.0718846091939944,0.17446577650894,1.83048275359669,0.0279938726832377,0.187243864126088,5.48194575365476,0.234276638630711,0.188488538263331,10.1800975118018,0.174777663570581,2.50309834571564
0.151256056316126,28.8295634579869,1.04,0.181573844555298,10.4233904064403,0.2146,0.174262375186842,8.66899963153375,0.33,0.118566772613515,7.54986123554579,0.175,0.191162411329049,1.01449885892793,0.00719627747900378,0.178267445541514,21.3959997006003,0.52780750504776,0.192562971650725,53.14120008554,0.837506482137706,0.174617868600642,1.00288309926358,0.00777557663115587,0.113749235772945,3.18145405986858,0.0532396783227816,0.19976976739993,8.71435120329488,0.211458424509185,3.40458394412759
0.126882503268292,46.6802479258487,1.04,0.175484086863653,22.0379699118545,0.2146,0.172198492647008,9.02563442555289,0.33,0.142705011154896,5.16245677334822,0.175,0.104341197157171,1.00288309926358,0.00107581212406322,0.184808130122455,7.50272113554967,0.328146147322485,0.186501788643942,32.9518247994517,0.663257521828912,0.187924439030561,2.39935784176774,0.0394928339572303,0.156402992248408,9.50045567592029,0.184588593058556,0.152469950811874,2.71555413295041,0.0581053126861432,3.03426622097739
0.137506819827233,34.6883445186206,1.04,0.180577466001026,11.6287428351806,0.2146,0.179920738607351,7.90585736162312,0.33,0.103790127138214,19.0827218543819,0.175,0.177629117335495,1.05015961695978,0.0228212491552334,0.133737246011217,95.8838439353261,0.227491038046416,0.141443037898328,2.84356700216288,0.0939857936458729,0.187907853039159,3.75961856902805,0.0423997236776637,0.154394361079941,17.4908414355252,0.203446536104414,0.164612795421162,2.16313573014221,0.0664033833807147,2.41614772401031
0.110213490112144,437.738357476225,1.04,0.190182964538629,6.57519980375318,0.2146,0.179072836860139,7.99744893524145,0.33,0.130003590689127,5.89366155277994,0.175,0.170738572911268,1.01158236655188,0.0105968496532373,0.17840193452194,7.97031285410644,0.321410266053138,0.168305923020664,58.269509235766,0.481866766933408,0.135830728903322,1.00867425853989,0.00759036582228728,0.199124885662065,4.98510624458552,0.241152640243122,0.112410438395827,1.00288309926358,0.0102696568940803,2.83248654559927
0.139582618456782,33.3672900465381,1.04,0.190319809099905,6.57519980375318,0.2146,0.155479874530418,17.1047431975172,0.33,0.129482736680872,5.96194127391598,0.175,0.174754659593509,2.96905439714284,0.0259506925871461,0.190569996287831,119.335372285126,0.946785426154973,0.166249545050705,3.58004488871148,0.143661548576818,0.17615542871743,4.99947880072813,0.0331373578877342,0.180965519181407,5.52949756842363,0.218413776712244,0.173833759118396,1.68386231169735,0.064969202717706,3.19251800463662
0.115828162581205,100.788305198048,1.04,0.188525654318555,7.04569699279812,0.2146,0.151767674288222,23.8885117732672,0.33,0.112547376697939,9.56071220046713,0.175,0.18485318199907,1.20926262481036,0.0275463635584815,0.177062912057265,19.9101608535235,0.508337497035887,0.192947178075698,7.37423424898408,0.341934980085352,0.190689514962792,1.1715671660767,0.0340057874755686,0.144372931507962,9.97699489356779,0.145960358273983,0.109453421293813,1.00577451078852,0.0154067841396563,2.83279177056893
0.133378661954393,38.0067179330526,1.04,0.194998297275522,5.66078210355879,0.2146,0.18745900024772,7.293424065782,0.33,0.133904204907291,5.59595143755845,0.175,0.16408599352223,1.00288309926358,0.00454558191868564,0.180031150523607,17.2905756504487,0.505145840090063,0.198330602397101,103.634385349794,1.02659697779497,0.130637233100114,1.00867425853989,0.00648092040454615,0.183307721119409,7.54604567969013,0.270626304153635,0.190701553936712,3.25557838997471,0.12095444030046,3.69395006466236
0.133944738242801,37.4039035826726,1.04,0.189033374147309,6.88523803959517,0.2146,0.157133812166417,15.5989924644673,0.33,0.120701357560399,7.12732336743282,0.175,0.197565350505392,1.01449885892793,0.0112263271957028,0.169950392882329,5.74036800209287,0.229272773267391,0.195402731015415,17.3904202660819,0.618577191713784,0.18509141849897,1.00288309926358,0.0113226353576752,0.189409670650882,9.63820144251651,0.338512242442264,0.146217264216134,1.45392041663176,0.0400005055488735,3.00851167552569
0.137410344945138,34.6883445186206,1.04,0.184816586090627,8.42292107712042,0.2146,0.153055804663927,21.2894323619287,0.33,0.117634698668431,7.77043304452438,0.175,0.177590340639975,1.01158236655188,0.0218590437947978,0.149242329136545,3.59036651349369,0.125730840044142,0.13967533524811,3.75961856902805,0.11418119117214,0.178396335825281,1.00577451078852,0.0227557071281672,0.156251698532226,2.65372529430481,0.0960660718339838,0.190052538139327,2.27818714703702,0.0971437927116107,2.23733664668484
0.131582351208524,39.783113123507,1.04,0.188378872812327,7.08639265188016,0.2146,0.194038828845982,6.92500689429393,0.33,0.122554795523309,6.76729654167483,0.175,0.197417020799936,1.00867425853989,0.0164060699305793,0.151747897018944,5.04284557241036,0.168769766372501,0.171010750209741,3.79223047250718,0.157538283486718,0.187297014036839,1.00577451078852,0.0170993593606594,0.193176814644515,4.0518365057735,0.191244114570204,0.165738483561707,5.43480286846039,0.0930504438799285,2.40370803760059
0.137582253815416,34.5302509160962,1.04,0.197864470066817,5.2827666892935,0.2146,0.156910250004259,15.779711164708,0.33,0.12938508274705,5.96194127391598,0.175,0.197589824607818,1.01449885892793,0.0158415454659643,0.194201877272566,9.74983462452457,0.443242142830851,0.140294417122937,3.43861929685961,0.107828440040746,0.172415762159082,1.01449885892793,0.0108565554286584,0.128833131648985,2.69996316651677,0.0664916272407193,0.199204016839424,6.06311316104581,0.183321381793571,2.58718169280051
0.134246736108947,37.1484903334101,1.04,0.176673276727331,17.8084168422602,0.2146,0.180367015320493,7.86045568946845,0.33,0.114001931483579,8.87102875502857,0.175,0.113596599919255,1.01158236655188,0.00499491101796762,0.1822551861922,6.1865405227709,0.271897830146311,0.177271984079887,16.4173790695188,0.448522774732042,0.187388472889884,1.33746236557711,0.03350873863737,0.058949868775801,1.00288309926358,0.00245346712912874,0.140922002944523,1.05622377499757,0.0307206132908625,2.55169833495368
0.119182891887024,71.0634693009207,1.04,0.194332737333948,5.75943909554708,0.2146,0.189893970409355,7.12732336743282,0.33,0.124772949986822,6.46256914239905,0.175,0.169800605157491,1.00867425853989,0.013593179443348,0.199407292755791,19.4568382303861,0.729892291480721,0.165897050720643,14.5475781084805,0.347341139098592,0.135750058009177,1.00577451078852,0.00167285425594914,0.130225119796589,2.16313573014221,0.0594357569889674,0.199341851332505,10.2684023095805,0.218536275325355,3.13007149659293
0.130142338948745,41.4527475896384,1.04,0.17974770673455,12.5328264140034,0.2146,0.189136604260835,7.16849049713269,0.33,0.103890529839881,18.7558421173328,0.175,0.159977976618172,1.53125056362849,0.0168138561580674,0.169928651504592,6.20437693319619,0.243911221540035,0.167392105315831,4.26734287669584,0.171132028324765,0.110562434052777,1.00288309926358,0.00353894165968625,0.166296631349785,5.35713058780925,0.175166595394138,0.158049111085941,1.23033252636976,0.0430230382569911,2.41318568133368
0.138546878462021,33.982575875828,1.04,0.193921593925821,5.82616381189231,0.2146,0.175332095403288,8.47157152646274,0.33,0.120520586195448,7.12732336743282,0.175,0.167811550296687,1.1028352210931,0.0187661231016382,0.194756011345327,7.99329205722658,0.376610700241705,0.148990667993391,3.38947576589033,0.118010348566605,0.186336745421801,1.00867425853989,0.00808382607789024,0.14990018742631,17.4908414355252,0.183480714479093,0.197113858665112,1.45392041663176,0.0702702033990749,2.53482191586601
0.124526782800811,51.3799630438154,1.04,0.182073478530594,10.1275116485301,0.2146,0.162358236863958,11.96848058178,0.33,0.123362511765836,6.68979340981204,0.175,0.159836533535127,1.00867425853989,0.00306486663046588,0.121428175340415,2.10780755947618,0.0588877729531725,0.14328209485186,6.62911211113257,0.165910229885741,0.168350791008911,1.27358007675926,0.0229105732225247,0.172272170879977,2.87650223749675,0.119579531194188,0.195500713340983,7.2688443008963,0.184728061495188,2.31468103538128
0.153568540510199,28.242997504598,1.04,0.176615640405826,17.9112775331676,0.2146,0.16553247803061,10.7279133646656,0.33,0.121878873637747,6.88523803959517,0.175,0.194633598529823,1.41265954868704,0.0344637908173764,0.18836816209885,5.87411217212038,0.270801681957189,0.188850705301441,11.7224193723862,0.454740277271225,0.184187451409421,1.59422875299434,0.0336287831249602,0.167079280587423,10.783461436218,0.237100219852907,0.186561421823975,5.49775074742009,0.142995056430524,2.93332980945418
0.142306246266595,31.9502646161512,1.04,0.184886560373762,8.42292107712042,0.2146,0.186815142739738,7.33555058635551,0.33,0.136462365364722,5.43710454646936,0.175,0.185395679587655,1.70336542221432,0.0302491411769125,0.19859776376347,10.8145512259435,0.498312321044996,0.190442103035788,57.1069771602846,0.807621478811537,0.17059881780114,1.01158236655188,0.0124282037697445,0.175262980004013,6.84240540686637,0.227516197402423,0.192321247012104,3.86942926293753,0.136771873482553,3.47249921568817
0.12508375484662,50.2197549345416,1.04,0.175961344135402,20.4482114607491,0.2146,0.177444772218372,8.18382771794484,0.33,0.118612578719309,7.50650397409388,0.175,0.182378435804239,1.017423759841,0.0136478973791167,0.187117025317594,66.9046593948815,0.835583840336894,0.198078560488263,53.7567009439374,0.931491771300461,0.194827120374236,1.00867425853989,0.0155052165543046,0.180347496505831,8.1325652583707,0.270963524041797,0.172809304690102,4.74699861247518,0.103826489743542,3.93061873935612
0.153702041140032,28.242997504598,1.04,0.18980962788592,6.68979340981204,0.2146,0.155636656136286,17.0065142632699,0.33,0.140173780884122,5.25242887388322,0.175,0.19539199030226,1.01449885892793,0.0185414282633,0.191172594837598,71.4847748067636,0.913906492739514,0.184884735844097,7.12382395041967,0.309008993024217,0.18006119788498,1.00577451078852,0.0266291243420446,0.143085121653162,2.15071639511557,0.0703823005101064,0.0693733465063403,1.00288309926358,0.00234380918173351,3.10041214806092
0.136097078984884,35.5708867752697,1.04,0.185063492938136,8.32645674178507,0.2146,0.18002133543518,7.90585736162312,0.33,0.134055615580423,5.59595143755845,0.175,0.190006403702385,1.01158236655188,0.0228684917635975,0.194386466581647,14.1347317845805,0.573082462109993,0.136360485887743,16.9456122371505,0.191341127561023,0.150212417305643,1.00867425853989,0.0124131366727075,0.192768979616434,6.74461616851603,0.288685810257873,0.161562764135976,1.83048275359669,0.0574971896665569,2.90548821803175
0.113036971572694,156.979373938301,1.04,0.171802821883244,115.752869486794,0.2146,0.177031697776579,8.23109717377527,0.33,0.13883215653895,5.34396902219665,0.175,0.19552859308025,1.017423759841,0.0176276182269806,0.165488377671835,3.81412874828321,0.152524511658212,0.156097043745627,3.54925770971272,0.131602688009325,0.193747303477294,1.00867425853989,0.0226982441280115,0.179830075676326,4.92802801770652,0.198846593966291,0.103359173099102,3.63195145450856,0.0191946434494708,2.30209429943829
0.113553640144944,142.946616097213,1.04,0.185628005272047,8.0901016229141,0.2146,0.158452782351548,14.4737241117876,0.33,0.142995924048701,5.16245677334822,0.175,0.18393844176081,1.00577451078852,0.00196475951942713,0.131614684937631,3.35066711121492,0.0969900450979119,0.191855457095007,7.6115020308696,0.346999816891116,0.149424650698856,1.00577451078852,0.0141302538424801,0.190443713382305,3.6952337044061,0.172065377132838,0.0992007086086457,6.24020417473294,0.017810451092294,2.40956070357607
0.114505633740811,119.347193563487,1.04,0.177822794094961,14.8965789710218,0.2146,0.151186350722913,26.194439171848,0.33,0.107011089085581,13.4296295187868,0.175,0.156172695232784,1.00577451078852,0.00610869843860853,0.170356648537923,8.96887940476934,0.31408512153261,0.196204315203787,17.4908414355252,0.632918220871049,0.0920670852036334,1.00577451078852,0.00108683907260392,0.198406604626144,5.35713058780925,0.255280136624314,0.164075834364089,1.00288309926358,0.0248548126085202,2.99393382914771
0.123697398150517,53.6587145696673,1.04,0.197880469486871,5.2827666892935,0.2146,0.179049110387728,7.99744893524145,0.33,0.124842876029669,6.46256914239905,0.175,0.154563034934615,2.37188579111585,0.0156272271019268,0.150688992242156,3.97099851752979,0.139168210027998,0.16162720570424,18.8503244528549,0.344785864456081,0.154204989985845,1.00577451078852,0.00915784617136877,0.178625331192125,12.8907317012169,0.318482066018623,0.186924839332491,5.90803229623124,0.145300949934259,2.73212216371026
0.153729573682128,28.242997504598,1.04,0.189895513285644,6.65137533656814,0.2146,0.169666390394044,9.56071220046713,0.33,0.139494708314688,5.2827666892935,0.175,0.188133714411857,1.01449885892793,0.0150927330477098,0.143295033762258,16.2761951447872,0.239120290814593,0.182430025838443,19.0686558202897,0.514583708714509,0.191423966209817,1.00288309926358,0.0210951626898495,0.185862641171782,6.78356302734552,0.265794113147067,0.166969064167878,1.69358579278262,0.0594587352605946,2.87474474367432
0.147340880423651,29.9709634242785,1.04,0.180359875292767,11.8314103761204,0.2146,0.163005398091083,11.6959099805258,0.33,0.124718904992411,6.46256914239905,0.175,0.196234738471532,1.78366310156055,0.0382262261729587,0.164769853066901,4.45566189315493,0.175905058663001,0.172740142555899,7.81129753947542,0.287078363065465,0.185267360671669,1.00577451078852,0.0111656597937596,0.175445110428214,5.80685504843578,0.209233073748965,0.193424936392973,2.67674439360146,0.112637700013423,2.59384608145757
0.134878520222339,36.6428842076339,1.04,0.194005865184448,5.7927053813632,0.2146,0.177826054483582,8.13682972063414,0.33,0.110311272830536,10.7279133646656,0.175,0.159503628824159,2.43414579263315,0.017631557270532,0.149054361366502,4.24284253669373,0.143894424878798,0.163001986122218,14.0940971036004,0.325836831051032,0.155593133440385,1.75311720834914,0.0179739453592638,0.174988307075685,7.99329205722658,0.245708448060678,0.145306899440041,1.00577451078852,0.0131960706648037,2.52384127728511
0.140017080309715,33.1394408876654,1.04,0.172871697714219,46.060820062271,0.2146,0.148435860001556,38.9758322732826,0.33,0.124163016072364,6.57519980375318,0.175,0.198762588264991,2.92662172166501,0.0447890059172733,0.191227289199876,10.7215497316231,0.459601675990964,0.199330377467804,7.04225793763313,0.343543671643556,0.192112990370381,3.12697047724319,0.0448931810794871,0.164318693349646,5.22010717715947,0.167527899052396,0.171799531056282,1.48779514022745,0.0580039711173558,2.87795940480103
0.149566723372944,29.2273597614989,1.04,0.196736649360494,5.43710454646936,0.2146,0.161738395967197,12.3181438842284,0.33,0.111733814908262,9.89686733905512,0.175,0.14287217345149,1.00288309926358,0.0082386602069946,0.132781812899631,3.99392909131044,0.110885010251285,0.181972477708173,4.81582467568853,0.213732725308838,0.194983377735131,1.01158236655188,0.00965661423652716,0.110018968289619,1.4963864293158,0.0342235935556121,0.116550457099239,2.34472828861258,0.0255822127138554,2.16191881627311
0.115186953256266,108.430529232706,1.04,0.172207964508075,70.133087988113,0.2146,0.168588021269006,9.78352248861393,0.33,0.114492576045818,8.71907142059136,0.175,0.136242784924682,1.00288309926358,0.00140587276579993,0.19686441560115,8.06262793911584,0.385761767329415,0.176443761353956,22.2759871780403,0.485101670182891,0.171649167048764,1.017423759841,0.0119437659853344,0.196905588075003,13.1531495321769,0.440882093254934,0.18544862928513,2.53425879720196,0.0980935311425854,3.18278870066096
0.113080990584656,159.874040665516,1.04,0.182273271197023,9.95403124201917,0.2146,0.188818725188583,7.20989540649827,0.33,0.131829751828591,5.75943909554708,0.175,0.15416174451893,1.00577451078852,0.00841278045128864,0.167710300395307,5.16033824803901,0.205053230065437,0.199417745311129,14.0940971036004,0.5879451743421,0.172060564805889,1.00288309926358,0.00996929584686232,0.171383489919023,7.92455244054436,0.231429836265739,0.191852971284951,1.71320152422168,0.0788206731662474,2.88123099013767
0.137504195836018,34.6883445186206,1.04,0.178841113803699,13.7426040713143,0.2146,0.191069391562896,7.08639265188016,0.33,0.123092001502625,6.72843338428345,0.175,0.189912528299124,1.00867425853989,0.0100080938307631,0.154538368662435,7.69966123740149,0.227974251241549,0.157907896452586,4.0401882420282,0.149785864964699,0.146457885769245,1.01449885892793,0.00373970132977629,0.181304232084621,7.14436264200497,0.257887418780444,0.189050628838738,6.06311316104581,0.154657206471241,2.56365253661847
0.157379320567094,27.5422660634698,1.04,0.172003920558494,93.0002770054118,0.2146,0.195739000892201,6.88523803959517,0.33,0.139440529995911,5.31327973469088,0.175,0.134317411334378,1.00867425853989,0.00382865017955345,0.181185241690228,62.4379825789225,0.720288894373029,0.185576021838207,105.136965683063,0.769880677336749,0.158120528251895,1.017423759841,0.00397373984310995,0.179625727803595,6.06311316104581,0.227075868606358,0.197489364887791,6.44098426295101,0.184012250635564,3.66866008097436
0.123170569119991,55.4022168091801,1.04,0.174465935257475,28.5580049101974,0.2146,0.191185786488471,7.08639265188016,0.33,0.136266160309297,5.4685090410485,0.175,0.180403056980539,1.21624552488348,0.0253100525278676,0.151908938879525,31.1977684837926,0.328816308780289,0.194399587006544,21.0902156392867,0.669716144747123,0.132694228391018,1.01158236655188,0.00503907958391919,0.141741904236402,1.48351801054375,0.0499750291325566,0.192301622603433,3.37001557459736,0.127470253891725,2.96592686866348
0.136201131454712,35.5708867752697,1.04,0.197096545231099,5.34396902219665,0.2146,0.174454140842521,8.61921539420481,0.33,0.133421612576059,5.6282734253157,0.175,0.148990324536035,1.00577451078852,0.010950897478152,0.186690888298586,10.5076446271293,0.430031557607484,0.191757536857619,238.833104350358,0.928396705542652,0.175440282163356,2.77083492243083,0.0303433141847801,0.16820767615698,16.0435815196353,0.272582472917664,0.0970953777167499,1.00867425853989,0.00208031795699701,3.43398526568773
0.136049155558722,35.6522228135964,1.04,0.174609211084381,26.194439171848,0.2146,0.153259285987421,20.5663194979376,0.33,0.118505779428926,7.59346892677529,0.175,0.189407435226654,1.18855355314224,0.0297317371820805,0.19364942728024,63.1611621799113,0.944159553230097,0.150007662215219,11.9955386652786,0.238365005968417,0.18417384139813,62.4379825789225,0.0441073926074164,0.10691590580958,9.07276025359497,0.0569988035121101,0.106498882033596,1.00577451078852,0.00375489310989383,3.07671738561001
0.127187411677211,45.9398650446285,1.04,0.199879718624831,5.04488679969571,0.2146,0.172036463485178,9.02563442555289,0.33,0.134008784821968,5.59595143755845,0.175,0.0778344446422005,1.00288309926358,0.00118943918133085,0.079422956065149,5.20510035615579,0.0385750183895154,0.137683104516961,13.4209094274668,0.188778335960795,0.196168620982285,1.01449885892793,0.0125316233636539,0.193296273860006,11.3897483457029,0.391649783412198,0.170458259009752,2.14453349218355,0.0719247506620892,2.46424895096958
0.131724374446256,39.511453397773,1.04,0.195924645127964,5.50009492671021,0.2146,0.188309116135434,7.20989540649827,0.33,0.138861532014361,5.31327973469088,0.175,0.153145389704106,1.017423759841,0.00402135930649475,0.197900737732128,142.245409398223,1.14071197186603,0.199189034010053,7.85640396138943,0.378714130176351,0.0884556304872962,1.017423759841,0.00272390544415677,0.196184717795355,7.31081832073186,0.317414343956064,0.174084862043956,2.21353437928443,0.0769092871232252,3.68009499787232
0.133842869994093,37.575153941676,1.04,0.172536076576181,62.5025806223304,0.2146,0.192125772253492,7.00523504030693,0.33,0.0995355329769864,51.0921498294339,0.175,0.152053855747453,1.00288309926358,0.0090329191271834,0.16812621143952,7.3318961356485,0.267815081701543,0.177517192209889,8.71435120329488,0.326875810796442,0.130631995142558,1.17494491051044,0.00943260277348389,0.155059043802731,2.60078095318014,0.0932994663376874,0.133072748302705,1.00288309926358,0.0113416990400383,2.47739757977638
0.142465590532934,31.8773741273602,1.04,0.181965531814962,10.2448417098122,0.2146,0.15346280223044,20.4482114607491,0.33,0.105233623282336,15.9625235417481,0.175,0.158393584025801,1.00867425853989,0.0024767504799275,0.115815853690751,4.39198314906283,0.0871618483536951,0.0620508745406776,3.21830282695794,0.0193686266643646,0.162141150005166,1.00288309926358,0.0136255468771263,0.0954917707164452,3.38947576589033,0.0357063813451516,0.197722284357022,12.7431360287119,0.221282766072705,2.13922191979297
0.146969496383535,30.0394947331876,1.04,0.176577331086044,17.9112775331676,0.2146,0.163320253269211,11.4955635096105,0.33,0.136876673425643,5.43710454646936,0.175,0.189889785660604,1.00577451078852,0.0247116622686864,0.194794937113577,14.6315832552147,0.585808039241207,0.0943345398265668,2.73123512958793,0.0428863818875155,0.172405896107557,1.01449885892793,0.00267869220351093,0.178772573596322,17.1418825295271,0.344142678917266,0.119588395384983,4.46850800867783,0.0305896459439469,2.79041710046213
0.146271423109344,30.315190586218,1.04,0.198321484648482,5.22226528215118,0.2146,0.151013079616926,26.9597187780626,0.33,0.141554907894307,5.22226528215118,0.175,0.143397497203863,1.00288309926358,0.00235919229329711,0.186316907235399,6.8227347852315,0.305991616807704,0.194546593659104,27.2495189410318,0.734410924622386,0.152794973725111,5.5454396587911,0.0188108454228078,0.189372501662913,8.86618796583124,0.323548908173533,0.197015922473449,1.7683242002651,0.0845532103554011,3.22927469767513
0.128227243393897,44.3926343126682,1.04,0.199769365601396,5.0740258605321,0.2146,0.175366369945821,8.47157152646274,0.33,0.0989112232228464,64.3286151471491,0.175,0.179118692304515,1.00288309926358,0.0131293441010073,0.171634227535554,4.17018228211692,0.173611919245808,0.17429114405035,10.3873347090322,0.34453055836218,0.145206762819493,1.01449885892793,0.0126859738256505,0.1860809707099,5.87411217212038,0.241714328636253,0.139025345057949,1.26991877487462,0.0329696592379145,2.57824178340881
0.133004957129478,38.4432385901807,1.04,0.180382507836301,11.8314103761204,0.2146,0.187084433448171,7.293424065782,0.33,0.121666254208737,6.92500689429393,0.175,0.177059047652956,1.03813555048354,0.0225832287338663,0.199032048258961,9.91971340151178,0.469118449333477,0.145349556837498,27.1711817270042,0.254072231032833,0.182330064753627,1.96143148928283,0.0337456326568004,0.191659897230398,9.80613514975012,0.350790769816492,0.156063862052982,1.04714060664789,0.0372628251608961,2.92717313673436
0.153121739036941,28.3723054911643,1.04,0.182417179097254,9.84003171633479,0.2146,0.173914200888985,8.71907142059136,0.33,0.137047539520264,5.40588040128206,0.175,0.187643102669265,4.40464567244553,0.0368454824196857,0.156066846424616,18.3681753422353,0.328353390409735,0.157904548928145,5.28056837192541,0.183178199150182,0.149582266797496,1.01158236655188,0.00854512491123396,0.184378169237903,7.39549489831676,0.272904705502911,0.135383744379733,1.00577451078852,0.0206646443670712,2.61009154676082
0.156498485299712,27.668365815083,1.04,0.173075362833708,43.9867283153455,0.2146,0.179903503370112,7.90585736162312,0.33,0.135742000292346,5.50009492671021,0.175,0.188077627998121,1.01158236655188,0.0254200268790832,0.15919197250232,7.92455244054436,0.249311056652106,0.181011593775101,14.716073490575,0.457881129342872,0.178581845882673,1.13504676028852,0.0270290918074822,0.145639921002654,1.88394737445416,0.0647630754043504,0.192920923149949,3.53905426496764,0.130604482184493,2.71460886227039
0.133035184822716,38.268031898545,1.04,0.174077988957382,30.2510442028234,0.2146,0.168785620078537,9.72733778147489,0.33,0.104681356700086,17.1047431975172,0.175,0.193095589931324,1.00867425853989,0.00784102198736453,0.163611866704249,4.08698318318596,0.160867633286584,0.172775612788392,35.3091263296414,0.500257361033148,0.157742034187566,1.00577451078852,0.00728054459428235,0.12310577894115,7.14436264200497,0.0830463633349518,0.194085018433138,5.67464221589759,0.16492857541836,2.68382149965469
0.148400203353296,29.6306449410155,1.04,0.194398069143079,5.75943909554708,0.2146,0.185018627768146,7.46339570425412,0.33,0.126696575872674,6.24306273180741,0.175,0.165658233139699,1.00288309926358,0.00932109443076969,0.194354908311303,130.851647428524,1.05593446896094,0.157620435824656,5.89104782059798,0.196603005467116,0.136892061745893,1.00867425853989,0.00374151859673126,0.156253437236022,4.63891702142887,0.138342827605443,0.111334064510117,1.00288309926358,0.00698429517542259,3.17052721023642
0.137626842474679,34.5302509160962,1.04,0.177132697181838,16.4288741915971,0.2146,0.183756367356607,7.54986123554579,0.33,0.113091419286805,9.28932145903777,0.175,0.144568232051572,3.10901742259474,0.0123367613305356,0.185004292199422,305.050044563849,0.873074931289274,0.197116391018075,8.1325652583707,0.385394525776142,0.19887683949852,8.27426512232383,0.0589048443750624,0.141742063749788,5.49775074742009,0.115465380209479,0.11075827544067,2.46233896144414,0.0221597441132125,3.22693618709371
0.140723693139134,32.6883995622381,1.04,0.183588458455727,9.13019893034057,0.2146,0.163852059320314,11.2986488972231,0.33,0.132155362647914,5.72636385099737,0.175,0.0868656557061545,1.01449885892793,0.00231082986256578,0.154067269563813,112.011423259938,0.38857638107817,0.19732197147961,17.4908414355252,0.644311342268117,0.185931938511197,5.65832869261085,0.0423535927535692,0.176951303384771,7.63344674676951,0.248918771829588,0.185641056818248,2.95200799512719,0.10660569486679,3.1926766126588
0.110985718781243,290.844564204715,1.04,0.184814806712088,8.42292107712042,0.2146,0.157958873676795,14.7259744294318,0.33,0.11655794462482,8.0436418748083,0.175,0.132203780676267,1.00577451078852,0.0063106000231815,0.192627046221002,63.8927179121216,0.936968898697836,0.19459402777082,12.4171951294921,0.508733919358064,0.177476859233606,1.00577451078852,0.0198258706455511,0.178438661136485,6.53437118513655,0.233570104924903,0.140494436186313,2.13836836392825,0.0425628127210513,3.50757220637059
0.118302531864371,76.1033897413798,1.04,0.17199598271789,90.3603675927636,0.2146,0.184091696509852,7.50650397409388,0.33,0.122034843696382,6.88523803959517,0.175,0.17976137382121,6.66739199053658,0.0313651368824116,0.189308692101623,22.4692148500539,0.663874326753506,0.142257325208261,2.81911328467833,0.0939859330077462,0.140350885417487,1.01158236655188,0.0100561887987175,0.188178664122719,13.1531495321769,0.381486826917688,0.15321003287575,1.42902148939294,0.0442031516304207,2.98457156399049
0.120345358846313,65.155855524987,1.04,0.1826202718513,9.67147573126437,0.2146,0.148825040693504,36.1642230827288,0.33,0.132284683032347,5.72636385099737,0.175,0.193085193935378,1.00867425853989,0.0056217634922783,0.196440902359385,49.7363795461226,0.952602968532502,0.175150836712219,6.74461616851603,0.267792392404309,0.19453587653107,2.85998721049474,0.0468561267293423,0.164551246635754,10.5683211343905,0.224982855803506,0.174537823091264,5.19013667692469,0.111206653576924,3.36866276053886
0.133055859265676,38.1807282225453,1.04,0.198344341493836,5.22226528215118,0.2146,0.1908504121592,7.08639265188016,0.33,0.137497025178141,5.40588040128206,0.175,0.102868341909515,1.00577451078852,0.00316082867845317,0.125174176468234,1.79396288338358,0.0522453159192439,0.17392072296001,5.13071090257931,0.21310737600756,0.187168994373012,1.00288309926358,0.00901491855408431,0.195810610575909,7.78884153617836,0.327286162638849,0.165255294302745,1.51371812544339,0.0540799683936397,2.41849457019183
0.124222679588354,52.0889144437628,1.04,0.176417910298696,19.0827218543819,0.2146,0.19239005405649,7.00523504030693,0.33,0.123485213267427,6.65137533656814,0.175,0.194974751687862,1.00288309926358,0.00112141531105876,0.181376426457001,6.55321042588835,0.284120127642308,0.191555783884528,26.4762037102107,0.688091967407542,0.151420655292558,1.00577451078852,0.00261290629895284,0.135791829876103,1.42902148939294,0.0457350140812493,0.175360948280195,4.84363370723389,0.109501409913631,2.89078284065474
0.145224046077488,30.7334858813595,1.04,0.192358639016749,6.13612145164168,0.2146,0.162603829102351,11.8314103761204,0.33,0.100236027404069,38.7520022852263,0.175,0.197210797835766,1.00288309926358,0.00585962300236756,0.175187613392129,6.02830266228601,0.250269404070508,0.1531939168244,14.8865204479472,0.27241245775681,0.161053211477339,1.01449885892793,0.0120771062020694,0.131976396383079,5.85722521042959,0.0967524290579931,0.13603790013021,1.28462743961633,0.0316908384067851,2.42866185849653
0.134626973983377,36.8948211782569,1.04,0.186433013458645,7.77043304452438,0.2146,0.167889281084312,9.95403124201917,0.33,0.105749196612174,14.9826210048919,0.175,0.170053283603948,2.36506706799381,0.0225436208641489,0.18380099520569,12.5249050903856,0.461300981532718,0.0558141218381093,1.90028922105573,0.0138861744800292,0.172483436570844,1.017423759841,0.00745910475567672,0.0879526907185756,5.72386552959968,0.0319875959366166,0.105543677204817,3.51873529007318,0.020419828399094,2.31719730596828
0.148010825222983,29.6983980810424,1.04,0.198518941908833,5.19227491356753,0.2146,0.165708349223418,10.6663052198171,0.33,0.113203371075591,9.18293458777804,0.175,0.179902078470745,1.4963864293158,0.0259476213865987,0.161937450892238,6.74461616851603,0.233408995681216,0.160427307550385,3.46844676966084,0.133568706880727,0.167188352382298,1.00867425853989,0.0184265148279416,0.192845644926602,4.48139116082693,0.208831449236386,0.12354652465684,1.00577451078852,0.0144807220566539,2.39426401006952
0.137999378690621,34.2944604573588,1.04,0.189981874785769,6.61317789021976,0.2146,0.179872536165299,7.90585736162312,0.33,0.142665535953632,5.16245677334822,0.175,0.185303814576025,1.017423759841,0.00216801897768043,0.195169047723205,12.0648070327153,0.52065212735312,0.184280039653464,4.70617602490094,0.211976212767276,0.181568627402666,2.39935784176774,0.0347231854793934,0.185695379860603,11.5548867001919,0.345524073973239,0.158156410039231,1.09650345009091,0.0395708695345166,2.91421448808523
0.121592535687611,59.8759500339751,1.04,0.174261643667528,28.8888574021513,0.2146,0.165196700668189,10.7898773556513,0.33,0.140484390615205,5.25242887388322,0.175,0.148957586608583,1.00577451078852,0.0120421359163105,0.191242971610925,45.7525288743821,0.851099387205439,0.181796629505517,11.4885459675579,0.410430137254302,0.191750660907894,2.75492656923522,0.0435758063695099,0.159754230299355,8.34603823722249,0.189747705727178,0.197280160100816,7.90177085082341,0.196338171088955,3.46283334356169
0.146938102425396,30.1081827451107,1.04,0.172757746529809,51.0921498294339,0.2146,0.161848268518976,12.2474033807505,0.33,0.135370810202078,5.50009492671021,0.175,0.147044856625627,1.00288309926358,0.00526030556536454,0.189916010913102,7.14436264200497,0.329431754998824,0.164587851772342,11.6887196334189,0.310035939883594,0.16791313232379,1.00577451078852,0.00548229986258852,0.139627502559216,2.04799000112185,0.0649110416495315,0.148738399465456,1.00288309926358,0.0158304117339065,2.49055175369381
0.144107442454222,31.157552901849,1.04,0.174014125142756,31.4955447653674,0.2146,0.173275277086824,8.82008430703416,0.33,0.139910919285529,5.2827666892935,0.175,0.183002262715713,1.00577451078852,0.021943100451394,0.193654996613077,26.5525372336299,0.758069999684599,0.180896549968795,14.8010516157109,0.453181230825059,0.140366846018755,1.01158236655188,0.003015321650842,0.189702733689134,16.7034315396448,0.425881324376046,0.160799765453632,1.00288309926358,0.0220169900506689,3.44370796703861
0.127111194492962,46.1501965241778,1.04,0.18441687141895,8.61921539420481,0.2146,0.177701667782106,8.18382771794484,0.33,0.134620293330068,5.56381506816292,0.175,0.181982756697641,1.00577451078852,0.00423677445391036,0.197784614561358,119.335372285126,1.12584700884833,0.183429332975204,17.8469041306121,0.514861568757816,0.158790969507882,1.01449885892793,0.00353585435536865,0.182335778804762,4.09876636139165,0.177281091034028,0.17572576821782,1.0808326105459,0.045984745910837,3.63134704336029
0.129282967025115,42.6045870395527,1.04,0.199660527287349,5.0740258605321,0.2146,0.187836196189141,7.25153946893524,0.33,0.139361464689751,5.31327973469088,0.175,0.194429702821494,1.017423759841,0.00392103769130405,0.155723844522743,11.5882005855279,0.279009902052085,0.199059983139281,13.6154972999402,0.573956117331611,0.190767244797854,3.53905426496764,0.0453560135727875,0.154815241664288,3.49853297367273,0.115019200213733,0.136117310598514,1.00288309926358,0.0224955314613398,2.79935780232286
0.146186528138717,30.315190586218,1.04,0.191449195019664,6.27912240806387,0.2146,0.177618122422842,8.18382771794484,0.33,0.133509306388104,5.6282734253157,0.175,0.147980250731381,1.01449885892793,0.00974406743955184,0.140933695115494,28.5340777947752,0.252697143273391,0.133806443141171,2.02454102487246,0.0638778743245449,0.180985445487054,1.46653209822205,0.0304952244226779,0.19488441582243,7.02201277776474,0.303243249562428,0.181432176554311,5.20510035615579,0.126089879301586,2.54574743832418
0.122421431337411,57.7273604045926,1.04,0.173369141782891,41.7647999202884,0.2146,0.16319090800989,11.5619614165913,0.33,0.136216574637792,5.4685090410485,0.175,0.196159955470214,1.00577451078852,0.0049769342929056,0.17638756048728,5.65832869261085,0.239690284180213,0.132624583623309,80.6727165821289,0.199759112568906,0.100869713592348,1.01158236655188,0.00203823403093902,0.196131690488991,3.98244730043134,0.191499200954817,0.156503791972923,1.16149208345279,0.0405121395872364,2.43807590561502
0.149983537306583,29.1606812358378,1.04,0.195797357322547,5.53186325116201,0.2146,0.183221327547768,7.59346892677529,0.33,0.116749174413862,7.99744893524145,0.175,0.143626779566395,1.01158236655188,0.0104264790756501,0.182890805923371,179.086671941064,0.807773514220155,0.188380905661425,11.2269700901773,0.44012284101112,0.149623466932651,2.27163778979815,0.0161457885643476,0.192908057424878,10.3574730860055,0.3719138752832,0.185490746316054,4.32921447906216,0.127310450140748,3.53329294829522
0.140208875187428,33.0638374435755,1.04,0.195798086855103,5.53186325116201,0.2146,0.179888025576961,7.90585736162312,0.33,0.141654125765169,5.19227491356753,0.175,0.177424253288486,1.00577451078852,0.00405748235489116,0.149070524540396,80.2095456951702,0.335745652319392,0.195416548998994,9.80613514975012,0.438842528716841,0.073996335469017,1.00288309926358,0.0011299877482699,0.197774887557248,4.12243473196511,0.200392407516236,0.183076975150199,4.14623977579979,0.119563311025738,2.85933136968137
0.135000419020381,36.4758827075144,1.04,0.181080975041693,11.1051073569377,0.2146,0.195443264767056,6.88523803959517,0.33,0.10850871774288,11.96848058178,0.175,0.102549556732212,1.00288309926358,0.0022054344385505,0.194191292620192,18.7961333346796,0.666860526588812,0.199177019707857,14.3396692667093,0.589854307451214,0.196255923774025,1.01449885892793,0.00924781789922201,0.198010201411905,11.2269700901773,0.413843184738462,0.195957357427427,1.98987000774274,0.0926851166873561,3.53429638780362
0.154140803797415,28.1142788446691,1.04,0.185185396802553,8.23109717377527,0.2146,0.154072456193993,19.5274404763682,0.33,0.131260095036315,5.7927053813632,0.175,0.199499107112454,2.25210247070889,0.0426981129928496,0.18681380293534,55.009172100585,0.793014674458664,0.197022750468178,32.5745345994639,0.809744788917039,0.180625652972887,1.01449885892793,0.0150949229332802,0.158170718717242,3.66345594042931,0.124305688935385,0.195954124896353,2.6460963359074,0.114620014169623,3.65907820240684
0.110584579931404,341.267821922648,1.04,0.172654854789433,58.3287865291526,0.2146,0.186907021864694,7.33555058635551,0.33,0.133512265249711,5.6282734253157,0.175,0.191202542137118,1.01449885892793,0.0115189867722221,0.19439932952166,55.6463084955692,0.933871585822518,0.156488826391106,8.54049161663095,0.234776250626622,0.151989949425047,7.67752616736229,0.0185944460078835,0.165942676223148,3.22758151346831,0.124764060623649,0.17319544655793,5.40359972355987,0.109704118198016,3.19282944805091
0.127408143508624,45.5220735006315,1.04,0.173132310280327,45.2718158067401,0.2146,0.150373283365454,28.7229547842946,0.33,0.143868553151558,5.13280987242209,0.175,0.10974453969496,1.01158236655188,0.00430507753516373,0.0972142548749186,3.21830282695794,0.0519912075157639,0.198422490837709,157.325528667577,1.06485122811087,0.198676816480625,12.4171951294921,0.0598959450822247,0.174595320108893,14.6315832552147,0.301744013543059,0.198292407112674,2.15691712397049,0.101278321326851,3.34366579311393
0.137869047824524,34.4514745147866,1.04,0.18196247135377,10.2448417098122,0.2146,0.188306060765885,7.20989540649827,0.33,0.141584898899698,5.22226528215118,0.175,0.184163237550816,1.01449885892793,0.0252495654773558,0.171103310394404,12.4529951356256,0.379250780292731,0.164186321306419,12.345903576098,0.312873530764399,0.150955322514385,1.01158236655188,0.0070597858803627,0.187237238887734,4.52026390637434,0.201378304704081,0.199163718910628,6.24020417473294,0.185217391018113,2.87062935813704
0.125984442574573,48.3072095893017,1.04,0.190714779629781,6.46256914239905,0.2146,0.194465991663835,6.92500689429393,0.33,0.106053086239932,14.7259744294318,0.175,0.144358691240122,1.01449885892793,0.00479815252873468,0.087630156648598,1.05318733137807,0.0202954871269631,0.193950981959452,14.5895202202118,0.555036449422249,0.185238942586117,1.00577451078852,0.0219342585636759,0.127744263933571,7.92455244054436,0.0939593227231031,0.129528583927349,1.00577451078852,0.0202758241596371,2.47589949452436
0.150001426366705,29.1606812358378,1.04,0.179395566905788,12.9734812430331,0.2146,0.169142039788435,9.67147573126437,0.33,0.137782859288311,5.37483556977805,0.175,0.0893643813904358,1.02035709353375,0.00105748031486947,0.129207741157548,10.1216499350543,0.15476630364097,0.184047867805101,94.7859977652238,0.741491399139383,0.111537105683322,1.01449885892793,0.00389899717444199,0.179248354636672,12.2750213329814,0.313452693371622,0.176692597764536,1.34518555643637,0.0562305964363978,3.03049747007768
0.142618368021221,31.8046499290028,1.04,0.183121817154656,9.34297620172496,0.2146,0.162442358449235,11.96848058178,0.33,0.114459462088618,8.71907142059136,0.175,0.187132338244369,6.66739199053658,0.0370314702505285,0.182337086298503,14.4640552653053,0.484741561201265,0.190327845506813,40.4251521276738,0.754686299483973,0.182560091790874,1.65502554408647,0.0322569308833072,0.19205544264507,8.32204495553973,0.326718375690062,0.175604856456848,11.3897483457029,0.133326720462001,3.52836135797114
0.134466285045299,36.8948211782569,1.04,0.1826722058321,9.67147573126437,0.2146,0.190580031842542,7.08639265188016,0.33,0.122873781613106,6.72843338428345,0.175,0.182923285863069,1.00577451078852,0.0118296122567294,0.149377813567266,25.5036095217804,0.300317391657853,0.134439842740341,2.30457394564778,0.0725943321601892,0.199720493355233,1.01449885892793,0.0158649109374341,0.198430776946927,14.298445429222,0.464352070313491,0.194020144771138,3.03823005207779,0.122878872650063,2.74743718997576
0.153495974380565,28.242997504598,1.04,0.192339846088195,6.13612145164168,0.2146,0.146819224339704,60.7283799832281,0.33,0.137422546179155,5.40588040128206,0.175,0.184177941064798,1.0808326105459,0.0261134335117611,0.194255384372549,7.18561784115829,0.340472868233456,0.194782457732354,8.6145740489714,0.394855742411957,0.134077160587083,1.00288309926358,0.00582257575691665,0.174226751540061,4.40464567244553,0.172515877268296,0.190958443916146,2.60078095318014,0.10733130137799,2.80671179856038
0.126966495266185,46.4675007145378,1.04,0.197338588747587,5.34396902219665,0.2146,0.156205513438706,16.240720887691,0.33,0.117132379680916,7.90585736162312,0.175,0.156564146033618,1.017423759841,0.0108717499038902,0.198751280061436,172.507984971374,1.19592192069617,0.146184017271136,6.98169689372975,0.180339786467051,0.166949092878598,1.00288309926358,0.0125317433127465,0.143149542091961,1.86237664548846,0.0624485737993786,0.139201339342584,1.00288309926358,0.0191675133610502,3.24088128754029
0.122747586893659,56.6821533858826,1.04,0.197446974082193,5.31327973469088,0.2146,0.160903588676662,12.7512504643373,0.33,0.125635579917967,6.35186780125658,0.175,0.103628327868276,1.01158236655188,0.00162842390815124,0.147019698884365,4.44285270778494,0.145619160073233,0.191358978657874,34.1101179217553,0.738583344403807,0.189510124535178,1.00867425853989,0.0148117388202308,0.176122090805972,4.82970917626452,0.188095708631394,0.150796660825916,4.26734287669584,0.064149479042039,2.91248785487885
0.150104369622072,29.0941548288019,1.04,0.181479920953147,10.483595485213,0.2146,0.183801660570442,7.54986123554579,0.33,0.101016334501219,31.4955447653674,0.175,0.195345909878836,1.01158236655188,0.0272898924220068,0.173775699250625,6.90175820040029,0.275121241250649,0.179277163501977,20.9088468955437,0.50679023485887,0.18943726588072,1.32214875407135,0.0350443568315803,0.128253065564444,1.92229906736858,0.0534792640384721,0.170130784114979,3.10007958542497,0.0853466175472391,2.74267160694882
0.115121907743646,110.1780334443,1.04,0.199703539595352,5.0740258605321,0.2146,0.16667468141909,10.3040154985797,0.33,0.139223195491327,5.31327973469088,0.175,0.168981693929849,1.00867425853989,0.00783323417943794,0.16191684463727,18.3153703115779,0.365766026677866,0.195472849442596,14.8865204479472,0.575776233177778,0.135853271087388,1.20578622343754,0.0107745268725855,0.136822471952023,11.4555185704036,0.124772961934899,0.181992535803992,2.2008256876077,0.0856571350149602,2.93018011785753
0.15363809967689,28.242997504598,1.04,0.17842347640657,14.1440990055278,0.2146,0.159114161506272,13.6636831932795,0.33,0.0995943020240759,47.1342573099534,0.175,0.188874419646123,1.00577451078852,0.0105102751652775,0.191276511644603,56.4531164723065,0.874272861509957,0.170527918806562,5.25025074237118,0.210078855771287,0.134767576255695,1.00867425853989,0.00993477355760108,0.17882051843932,4.39198314906283,0.181044911140703,0.181092471662956,1.4920846013006,0.0639505060611153,3.10939218320594
0.144327731812398,31.0864708846003,1.04,0.195995781280181,5.50009492671021,0.2146,0.153140759098843,21.1671716400053,0.33,0.131682393932577,5.75943909554708,0.175,0.138924937470808,1.00288309926358,0.0023680566064046,0.18928293587688,30.0517292460135,0.737332547881143,0.160169719610472,22.8607130534172,0.350082513593203,0.163346069617569,1.01449885892793,0.0180594941219772,0.0914485045197361,2.27818714703702,0.0285793036157212,0.19626915701537,6.49685502569923,0.178614524631666,3.07463644045012
0.124987088259341,50.4496814993611,1.04,0.171926013091134,93.5374428204358,0.2146,0.187969489763995,7.25153946893524,0.33,0.132907833528233,5.69347855060436,0.175,0.187831238785323,1.00577451078852,0.00695330077493139,0.0960670343285979,1.37652687910296,0.0294275110608034,0.154255474595626,17.0434648578319,0.286055568519049,0.187187623646795,1.00288309926358,0.0116502982371221,0.170872183117238,10.0057595601981,0.251195906063149,0.184716682909037,6.92165665438525,0.145756126806332,2.49063871146139
0.120877924950464,63.3943295954686,1.04,0.172495496944772,55.3823890133107,0.2146,0.180658520900886,7.81531474954562,0.33,0.129967349525349,5.89366155277994,0.175,0.117324255663955,1.00867425853989,0.00437579508478655,0.186487048134918,19.0138370407198,0.587612530949443,0.13295609997084,30.5753433592029,0.190881562283103,0.163164119526977,1.00867425853989,0.00555601967328732,0.187928507664112,14.9294397640879,0.39576843995018,0.193014921432907,1.99560700049668,0.0906927715333541,3.03448711947415
0.118252209069341,77.6839463856421,1.04,0.19933256511178,5.10333322739796,0.2146,0.148402947604462,39.8841554439296,0.33,0.133011476936681,5.66078210355879,0.175,0.172306855148129,1.00867425853989,0.00286726222922982,0.13781628338782,153.301493754303,0.256785690703673,0.156507936223122,174.004363833212,0.385578477533146,0.123055471536355,1.00867425853989,0.00384971728997985,0.188218769123413,5.82359678794962,0.246423633813277,0.0767342945127774,1.00288309926358,0.00585977928140227,2.66096456085071
0.152413374400412,28.5022055025463,1.04,0.172564503212374,58.6656912262587,0.2146,0.149972558115416,30.6015110295567,0.33,0.0999960192776603,42.4926833568436,0.175,0.154155386564924,1.00577451078852,0.0131415865661605,0.191120191943987,13.0400368809022,0.521187738580835,0.108934516215097,8.44270511134198,0.0853773925042066,0.164561697283883,1.00288309926358,0.0177286172614544,0.189248769091821,3.45847564108692,0.16034143723554,0.199998989226253,1.60805750536954,0.0788436921295226,2.63622046427772
0.129055009023417,43.0939158567354,1.04,0.185435935389981,8.13682972063414,0.2146,0.173451797690857,8.76943242226474,0.33,0.136065076479691,5.4685090410485,0.175,0.184793001689452,1.00288309926358,0.0178837425473422,0.180213408876307,9.72180569368846,0.376401648196472,0.123556307512208,8.99473757437633,0.123305702343784,0.135868390995972,1.01158236655188,0.00387404637614551,0.191795990635078,8.91738586389294,0.336736059523765,0.185470067596615,1.74305193613896,0.0758260463106108,2.69362724529812
0.156755410732715,27.6052439369847,1.04,0.181491907832185,10.483595485213,0.2146,0.193339234749197,6.96500545227891,0.33,0.139303527184522,5.31327973469088,0.175,0.195375217591768,1.01449885892793,0.0232402231870903,0.184600607978568,15.3654978668113,0.518392954555725,0.184163174358045,245.808926082201,0.772610369783873,0.199615346289652,1.64079288241399,0.0451300264395376,0.171890642932522,3.1450272019994,0.129137433476634,0.177799284736661,2.9350594625955,0.0946812761253333,3.34279228356819
0.120266636791919,65.4541656632636,1.04,0.197182382861269,5.34396902219665,0.2146,0.184497585574034,7.50650397409388,0.33,0.121312477497698,7.00523504030693,0.175,0.105856784039691,1.0808326105459,0.00406406342375767,0.172207485864199,249.372875024693,0.632811028266284,0.152227037424427,5.87411217212038,0.18104762535796,0.149698290786899,1.01449885892793,0.00348699164771912,0.192970281301596,7.37423424898408,0.306700389162918,0.185752141193974,3.72728711692345,0.120666861007265,3.0083769588659
0.142352370872499,31.9502646161512,1.04,0.183937955110627,8.87102875502857,0.2146,0.149974005905021,30.6015110295567,0.33,0.124246348089396,6.53743981743082,0.175,0.162147521437408,1.01158236655188,0.0105142406592406,0.163159795615342,11.7224193723862,0.318919734894478,0.199589995170019,23.0590127888488,0.748842994907908,0.185082182740544,1.46231609576324,0.0333438991866594,0.0993400135125788,4.67915618701786,0.0418507636651343,0.136060849812193,1.00288309926358,0.006438835963885,2.91951046927731
0.155042756908526,27.9222999702044,1.04,0.174490187005603,27.4295769550488,0.2146,0.152067287222026,23.0771190657875,0.33,0.118374823094394,7.59346892677529,0.175,0.189865638099721,1.93897358646993,0.0338871949790205,0.166705774883943,10.8145512259435,0.329906230029041,0.195347471872393,24.7798415269477,0.720934062800478,0.193259183991287,11.5882005855279,0.0520806194362378,0.19611630436669,9.36467852310833,0.367888855054119,0.193982587357686,3.59036651349369,0.134613122288381,3.39891008458728
0.135544543458545,36.0617012578568,1.04,0.194560942993854,5.72636385099737,0.2146,0.178646478541084,8.0436418748083,0.33,0.108107998304398,12.3181438842284,0.175,0.183055513559796,1.00867425853989,0.0118232636423777,0.16221091880844,4.31676880609627,0.166931114159837,0.173148529899592,5.02834834499989,0.208020219645175,0.158359155819908,1.76324060258228,0.0191972383000475,0.174335889978504,5.19013667692469,0.191944023062545,0.195822186990694,1.65979714701382,0.0790503840307044,2.43656624284069
0.121589773447536,59.8759500339751,1.04,0.187374574024741,7.42053499612018,0.2146,0.185881741113016,7.37792042799738,0.33,0.119171949279714,7.42053499612018,0.175,0.145435356084162,1.01158236655188,0.0106293718052883,0.187699360675236,27.5651328577691,0.690271243121504,0.187245828779366,10.0925521055113,0.405782432978577,0.159488762031095,1.01449885892793,0.0171258425115964,0.192561087854386,3.66345594042931,0.172671936790321,0.112061763903991,1.00867425853989,0.0166908262207103,3.072771653428
0.138932596533529,33.7505252262597,1.04,0.197098340262921,5.34396902219665,0.2146,0.189893001893352,7.12732336743282,0.33,0.134827818087961,5.56381506816292,0.175,0.198430394039794,2.31121826109334,0.0419364102097824,0.171471058096251,6.72522667244931,0.263508096335103,0.196252142797469,22.3402110602687,0.698204489316711,0.197569950227252,3.81412874828321,0.053170129275125,0.0508610729382409,1.00288309926358,0.005872890775524,0.193315968926992,12.0995910689866,0.199217003635103,3.02150901954735
0.142415744014153,31.8773741273602,1.04,0.191455110425884,6.27912240806387,0.2146,0.191445944139696,7.04569699279812,0.33,0.114609424507109,8.66899963153375,0.175,0.16141793093333,1.01158236655188,0.0116495633891797,0.117479155025453,108.207799318237,0.145895357787111,0.154427523786988,53.14120008554,0.343339693467191,0.14976907731093,2.66137624774655,0.016376042862761,0.168377456070208,7.67752616736229,0.216868715334034,0.120320626939228,1.00288309926358,0.0160926407611532,2.50982201360143
0.118933068480583,73.2051043157228,1.04,0.183230908214565,9.23597484422661,0.2146,0.181714799343712,7.72580908567334,0.33,0.104569951170433,17.1047431975172,0.175,0.0921886553655073,1.00867425853989,0.00197812995279507,0.122302953239837,4.54636621906863,0.100379300718236,0.157068955783644,4.09876636139165,0.149579722200607,0.162712316933768,2.13222095925085,0.0220230498306954,0.192679848229422,11.6216105181022,0.386665973724279,0.131607457995671,1.00288309926358,0.00255928688502333,2.42278546331164
0.1419920302419,32.0965459868557,1.04,0.196447596681257,5.43710454646936,0.2146,0.192271208370169,7.00523504030693,0.33,0.103864754783701,18.6481312700654,0.175,0.196334765196674,1.00867425853989,0.00226204385521426,0.186057914471911,10.690727303607,0.432077955655699,0.178248120455165,9.86276078296599,0.356186283987706,0.115283822490832,1.01449885892793,0.00594059674966319,0.179213091996656,3.98244730043134,0.168455351483638,0.194775558042391,12.169460288151,0.203925571557022,2.92844780328894
0.124627419643408,51.1457966813703,1.04,0.183424417952239,9.23597484422661,0.2146,0.148764049914082,37.007022321605,0.33,0.0989987452044859,65.0738801855264,0.175,0.118404377467087,1.00288309926358,0.00367201148020282,0.1818480145383,7.54604567969013,0.319912698973303,0.122154017510655,2.41321295951054,0.0652520053778012,0.161896824137091,1.017423759841,0.00708595194529367,0.18330208004236,3.80316384938978,0.168026294825387,0.183777908748832,3.03823005207779,0.106389310035813,2.4299382726378
0.119960970063219,67.4267534700241,1.04,0.177813586314534,15.5989924644673,0.2146,0.176243727225479,8.37455001705244,0.33,0.119449751192587,7.37792042799738,0.175,0.130694525670997,1.00288309926358,0.00773146743174763,0.138059035187189,11.756216271046,0.198217031125733,0.198238017788962,100.115224376496,1.0187631311557,0.198430652888399,1.01158236655188,0.0317529146532964,0.195371042466391,7.83381828565906,0.325507070858967,0.0977542657497068,1.00288309926358,0.011585029385727,3.35315664461117
0.111495210151872,250.146391013699,1.04,0.183323398820475,9.23597484422661,0.2146,0.164295849013934,11.1692500050717,0.33,0.106060829633327,14.7259744294318,0.175,0.199778293409939,1.01158236655188,0.0250137751378508,0.173603609673273,8.94309557251015,0.326658623215132,0.167210905062884,20.788801735641,0.396558325533693,0.143722983734531,1.00288309926358,0.00665852554492129,0.148658043808643,4.66570449781614,0.12263480642425,0.184997848795161,2.07768351923393,0.0858678481431674,2.72299190399901
0.145368843262346,30.5934167149422,1.04,0.18491910107577,8.37455001705244,0.2146,0.164961656958991,10.8521992481272,0.33,0.101510225061926,28.2309415390768,0.175,0.129762942193259,1.00577451078852,0.00190028387031678,0.176409139562552,7.92455244054436,0.31386781400176,0.139917781309668,3.27437776251048,0.103435400098033,0.121780693864639,1.01158236655188,0.00164711922190658,0.182261968285956,4.97077500682395,0.205961646007587,0.119718358577764,1.96143148928283,0.0264895197387383,2.41290178293834
0.139446279441203,33.3672900465381,1.04,0.173845757823813,32.9806438387618,0.2146,0.148755290680457,37.007022321605,0.33,0.118685652007112,7.50650397409388,0.175,0.198826199811352,1.28833114804146,0.0361072227038999,0.176252916621157,14.4640552653053,0.439837512582397,0.189740349310274,89.740450848535,0.83747632237196,0.180169618995418,1.00288309926358,0.00276594126672343,0.196637162011571,9.28414544519475,0.369875044783336,0.146610303951599,2.39935784176774,0.0498521248647369,3.49551416857305
0.147922957066651,29.7663061447301,1.04,0.179937740147784,12.3181438842284,0.2146,0.183252521174626,7.59346892677529,0.33,0.124628710004088,6.49989667874954,0.175,0.186350769900413,2.49085867387056,0.0327822123076012,0.157623291112224,6.862132740856,0.222582880956734,0.102212264499616,3.91424641100743,0.0589896065044962,0.190378387182419,1.13178371549186,0.0334197084041948,0.193104802714826,15.9514695864158,0.447078003294905,0.15184381458825,2.55624161321588,0.0562975879420268,2.61074999940996
0.12005120917447,67.1194531790898,1.04,0.177393518524672,16.1474538514202,0.2146,0.179055875106993,7.99744893524145,0.33,0.105867044911878,15.069160014048,0.175,0.175544333862092,1.00288309926358,0.0200416893650814,0.174255096029245,73.5726974460868,0.616211723437934,0.162478805737765,5.31106107095859,0.194203466871082,0.19289482634912,1.01449885892793,0.0216816152776478,0.10487106716044,9.63820144251651,0.0541562189487234,0.167455421814017,3.63195145450856,0.0867526633187855,2.75264737721925
0.11063592187591,337.392746373721,1.04,0.185642897120674,8.0901016229141,0.2146,0.192455224504594,7.00523504030693,0.33,0.14327677306306,5.13280987242209,0.175,0.184201490415374,1.01449885892793,0.0086051563043651,0.0942667570124737,8.58980877761041,0.0635801622391301,0.139654257042593,14.8010516157109,0.200043302481608,0.198279615614167,1.00867425853989,0.0020176246307028,0.180304365932086,13.2672433518329,0.327292109507656,0.163849508336423,3.37001557459736,0.077885639841904,2.43902399500537
0.146213305450221,30.315190586218,1.04,0.197943714493392,5.2827666892935,0.2146,0.17950299006238,7.95152127198837,0.33,0.125040959149599,6.42545597022062,0.175,0.142036024109658,1.01449885892793,0.00216000108616431,0.195026527054339,22.1480927773524,0.72777423579324,0.186087952288399,25.3571841881197,0.6120492027521,0.0742180579575327,1.017423759841,0.00107182770117467,0.147614307882559,1.6984685687346,0.0598098109287159,0.164986940326181,1.13504676028852,0.0437155493534943,3.20618062761489
0.111342418837802,263.638236511578,1.04,0.181757702928482,10.2448417098122,0.2146,0.14808651715954,42.0060317048688,0.33,0.102050956004243,25.0149189195332,0.175,0.110797083117056,1.02920793476607,0.00404544540329244,0.180961683321368,58.269509235766,0.705187426561819,0.163528364483734,8.10918567113405,0.256620723127026,0.164854971703822,1.84105289600553,0.0225939344286624,0.15872953080107,7.28980110054726,0.178679581789245,0.156933693011137,10.2094477434412,0.0843850333208381,3.01111214463088
0.128772040796324,43.4894223057643,1.04,0.186362168089998,7.77043304452438,0.2146,0.182388163368899,7.68144139281058,0.33,0.132208139768431,5.72636385099737,0.175,0.123985446631213,1.01158236655188,0.0024184955321792,0.183687042775021,38.3836293157633,0.7001776217463,0.13511468345015,10.9083594392703,0.16937533446283,0.160883639619289,2.37188579111585,0.0214512761167444,0.180370825260335,3.95958264771409,0.169421566254678,0.178748047023317,14.8865204479472,0.148325429340638,2.97076972345337
0.122978782522408,55.9106861279436,1.04,0.199897867246257,5.04488679969571,0.2146,0.190650242501067,7.08639265188016,0.33,0.122439517859307,6.80638417108163,0.175,0.144680417539776,1.00577451078852,0.00951309052988235,0.173857037189251,6.53437118513655,0.264223547715812,0.146921495416185,258.882846889423,0.299199502953497,0.139228069976042,1.01158236655188,0.00978381188682627,0.114709557309064,1.68386231169735,0.0396708056093524,0.140050446673485,1.42081696649143,0.0355555457461591,2.41754630444153
0.134193702485524,37.1484903334101,1.04,0.184398606028844,8.56971705725559,0.2146,0.170958804235352,9.23597484422661,0.33,0.143835940480443,5.13280987242209,0.175,0.199358872148759,1.73304445225245,0.0402906041836225,0.160350910611039,111.689411599606,0.458876038524813,0.199400219623861,8.1325652583707,0.390877062491992,0.193557898784806,2.27163778979815,0.0438939542687327,0.199579405206576,6.20437693319619,0.29094497861148,0.121184655157757,1.00867425853989,0.0153123899424172,2.99979502802306
0.155807290806877,27.7950429029008,1.04,0.181265654864485,10.9148811093176,0.2146,0.176205260651604,8.37455001705244,0.33,0.133152051214501,5.66078210355879,0.175,0.180107007056321,1.00577451078852,0.00346115193997547,0.181342552206022,23.0590127888488,0.579320570284673,0.197165173706398,11.7224193723862,0.506067474605835,0.167155625384165,1.00867425853989,0.00701367973412397,0.137432861098011,1.59882507273807,0.0515103267219823,0.199111284273952,2.85176528809274,0.125233978549693,3.03220718183628
0.137284456279114,34.7676625445411,1.04,0.194569445210761,5.72636385099737,0.2146,0.165769605514495,10.6050508775566,0.33,0.105071175449675,16.3345266305675,0.175,0.172162767997374,1.00288309926358,0.0123492107385421,0.190675727499016,55.4863358814509,0.860809748016323,0.17631507174832,10.5683211343905,0.361955962751896,0.14799456594187,1.2267955530143,0.0143149831962122,0.159030732716354,5.22010717715947,0.153592393800375,0.190586408549388,4.06351835261943,0.13465457506232,3.29727687356567
0.148708607256349,29.495602018995,1.04,0.183216254993681,9.23597484422661,0.2146,0.147152717571494,57.6607703419019,0.33,0.111076460728512,10.2448417098122,0.175,0.1997551578552,1.01158236655188,0.0161175731407239,0.168641792173667,67.6795736840215,0.54504334850385,0.174844918258142,17.4908414355252,0.439098137491946,0.178859322242006,1.017423759841,0.00169074928086373,0.178275753055715,3.49853297367273,0.149461624146057,0.150701070771332,1.00288309926358,0.0251977670175016,2.93620919958094
0.116550279797173,91.7786000082829,1.04,0.187179890253875,7.46339570425412,0.2146,0.187856481499559,7.25153946893524,0.33,0.105384817900633,15.6890916100885,0.175,0.125735261126921,1.01158236655188,0.00525424294723323,0.183568916954953,12.7798757548119,0.464329918235916,0.0866485182129586,1.52245910708953,0.0267427913876768,0.199284209692201,1.18855355314224,0.0399403706784851,0.176258468919208,6.94161247758823,0.234639649041657,0.0947694021717896,1.0684573459204,0.0123424119078873,2.54284938419886
0.136105108887736,35.5708867752697,1.04,0.197811724568848,5.2827666892935,0.2146,0.169364292278316,9.61593448503166,0.33,0.108173904575,12.3181438842284,0.175,0.195189544350105,2.29134256329585,0.0392413711616928,0.193720329840854,53.7567009439374,0.925915040635191,0.18163518310236,18.5809222819382,0.50861676121992,0.177999032714513,5.46618619625777,0.0346248759300308,0.160848132937347,7.6115020308696,0.186713325413811,0.189821173772754,4.13432012050498,0.134770372008971,3.58948174636962
0.110733452900752,329.774099392229,1.04,0.196810344392683,5.40588040128206,0.2146,0.19244792418581,7.00523504030693,0.33,0.140999854320817,5.22226528215118,0.175,0.19339975613321,1.017423759841,0.029359791322114,0.199651069954079,7.4382002633935,0.364177304666639,0.188346287932586,7.3318961356485,0.32667083095257,0.131052604648988,4.94223601165526,0.0104664618168369,0.155327199179935,1.88937898174206,0.0704201976580651,0.134104560894356,13.0776326016306,0.0487780275049682,2.60947261392119
0.141100797816742,32.539420793742,1.04,0.178685380123611,13.9018159916578,0.2146,0.179837198102596,7.90585736162312,0.33,0.129102381936767,5.99637720407285,0.175,0.173822818180766,1.97844545312916,0.0239596141529693,0.190008161137309,11.6551167748285,0.479478084283223,0.191450976914399,5.84038679556032,0.273355446915324,0.155728131461723,1.01158236655188,0.00534557653797887,0.10330146142465,2.23273514877728,0.0372535252460457,0.0963675238102938,3.60071789654471,0.0158579873585402,2.59485023449408
0.131060594396671,40.4242716443185,1.04,0.195271858084659,5.59595143755845,0.2146,0.188156028256891,7.25153946893524,0.33,0.120975627272958,7.04569699279812,0.175,0.199774588163285,1.01158236655188,0.0159347564735342,0.199407391194824,91.8313032315627,1.14338222025615,0.19665292638829,78.6092890454508,0.970926020985878,0.197909156787603,1.65026765861521,0.0436075591646887,0.125393044282306,1.93897358646993,0.0516672999296675,0.0905136246520463,1.00867425853989,0.00966223247221162,3.99478008928213
0.150597654407846,28.9615569832397,1.04,0.192185333453923,6.13612145164168,0.2146,0.17460413885696,8.61921539420481,0.33,0.106517933547101,14.1440990055278,0.175,0.178901086091111,4.41734470314007,0.0298409140409968,0.104671281432112,1.37652687910296,0.0327152347984264,0.186157309952346,14.7585013912184,0.499569958082151,0.135479573353375,1.43727338940046,0.0108042863553514,0.13513959685117,3.90299369276608,0.0892622053204983,0.172712658529551,2.81100886708374,0.0858720931632339,2.50766469176066
0.152384129842999,28.5022055025463,1.04,0.191247493842132,6.35186780125658,0.2146,0.1564653212552,15.9625235417481,0.33,0.128621235468262,6.03101203476082,0.175,0.192367258332776,1.017423759841,0.0060710634940868,0.149255429220376,3.27437776251048,0.116037170272821,0.119049404777762,4.41734470314007,0.0887337632473837,0.171622062321472,1.017423759841,0.00337682288861978,0.145666226534766,3.41887695499837,0.0994596156361136,0.13432699659037,4.39198314906283,0.0440154135108267,2.11729384904985
0.120216704260033,65.4541656632636,1.04,0.182310204801267,9.95403124201917,0.2146,0.173685417179008,8.71907142059136,0.33,0.122434972966419,6.80638417108163,0.175,0.198701400694209,1.01449885892793,0.0183240149896068,0.128562953804587,3.24621921773864,0.0909715718968223,0.19623834136653,24.5667432445612,0.727895795086978,0.158131122359119,1.017423759841,0.00713984896842703,0.180929427697855,15.2333597657718,0.349117627640179,0.17728354483242,3.18145405986858,0.0982674789425516,3.05131633752457
0.118265597290206,77.6839463856421,1.04,0.192364929580638,6.13612145164168,0.2146,0.179196717016738,7.99744893524145,0.33,0.125548666086814,6.38855593116599,0.175,0.189540905036772,2.63848930932274,0.0357513453940113,0.171213168220576,5.08658851868221,0.208947912932977,0.05557507090215,1.00288309926358,0.00232915212423441,0.178391876919743,1.00577451078852,0.0063621565341497,0.178690019829003,7.12382395041967,0.245693888972626,0.188304747203716,1.669381663546,0.0748446670637275,2.33352912302173
0.146207823856554,30.315190586218,1.04,0.179992595037679,12.2474033807505,0.2146,0.170698948391911,9.28932145903777,0.33,0.12757792557606,6.13612145164168,0.175,0.0905042393652947,1.00577451078852,0.00150932655622787,0.170348709412182,8.370100693918,0.301057098878702,0.198981391766959,8.63941072106801,0.410681479141721,0.193221091658439,1.16149208345279,0.0356432616453072,0.159535538330052,2.77083492243083,0.102824465912877,0.157968400280922,1.295770630155,0.0443235936403102,2.65563922577515
0.15170898010508,28.698171498828,1.04,0.172839329870663,50.7987383839539,0.2146,0.168058755097129,9.95403124201917,0.33,0.11433961083304,8.76943242226474,0.175,0.157005761292387,1.00867425853989,0.00273461430985449,0.187035142599211,11.9955386652786,0.467788444420152,0.16936795050265,5.60966897361054,0.218167516561563,0.179423827188618,2.50524216415549,0.0327796702637649,0.0435296377837208,1.00288309926358,0.00202359944365551,0.136896437059771,3.13598584352336,0.0435596325390626,2.52665347753805
0.128000638518584,44.5958819375144,1.04,0.177461408209928,16.1474538514202,0.2146,0.185064737967087,7.46339570425412,0.33,0.134257675992801,5.59595143755845,0.175,0.157261752816988,1.017423759841,0.00478135462565974,0.0820903998004066,2.41321295951054,0.0326435765065266,0.177884019432363,14.4640552653053,0.427453356043422,0.169432960326215,1.00288309926358,0.021287413817131,0.14238463405419,3.23688695135292,0.0919051745462653,0.172851100711703,13.1531495321769,0.128187558290178,2.46585843382918
0.148724288878998,29.495602018995,1.04,0.199244351935641,5.10333322739796,0.2146,0.176299521170378,8.37455001705244,0.33,0.121840029417198,6.88523803959517,0.175,0.142535195666918,5.41917883794353,0.0120407970584707,0.17026126560265,26.3241943658462,0.479967941706651,0.125352124004473,1.80952418124502,0.0528924752672332,0.198839967793384,8.17952684419346,0.0582558352669036,0.176861291929763,3.78132852701561,0.157816821301797,0.186860816022472,1.78880557933512,0.0783645450969901,2.59893841569805
0.137538559280295,34.6883445186206,1.04,0.179377641768934,12.9734812430331,0.2146,0.184505957510286,7.50650397409388,0.33,0.102346660741297,23.8885117732672,0.175,0.178416131781412,1.00867425853989,0.00109926436841674,0.113502682893475,1.91677282105974,0.0493749444032389,0.179205930677421,37.7262954049369,0.577148670897024,0.194041114563115,1.66458250694606,0.0406268328825636,0.191664277509291,5.07196553857306,0.230480170007877,0.16985146332645,1.20231981606127,0.0480968268968224,2.70642670945594
0.112987867384691,158.782337813999,1.04,0.175618584426249,21.9114104965849,0.2146,0.158145666835878,14.6414062627396,0.33,0.130506785976228,5.85981549695445,0.175,0.111626367468113,1.00288309926358,0.00412735916339655,0.172397777920204,4.41734470314007,0.184680013409472,0.158005801751269,29.0312487135558,0.349794669304434,0.165444125693631,1.30701047960937,0.0215696423935913,0.175665496796346,4.70617602490094,0.183168260021614,0.136216715835613,1.00577451078852,0.0135575547666495,2.51649749905916
0.140091752527088,33.0638374435755,1.04,0.182587354468113,9.72733778147489,0.2146,0.194297179482303,6.92500689429393,0.33,0.126383294521996,6.27912240806387,0.175,0.128494366379442,1.01158236655188,0.0049057254189419,0.136243995353312,21.8315600677534,0.215652266375654,0.183528254254851,23.3260907272937,0.564305065122008,0.108785110428447,1.00288309926358,0.00145688965803127,0.149035531243087,5.84038679556032,0.135681576494864,0.194583581995101,9.39167782086193,0.193405471756944,2.87500699482644
0.15143038604277,28.7637924542932,1.04,0.18215550272035,10.0693514841637,0.2146,0.186236153779948,7.37792042799738,0.33,0.136042286280554,5.4685090410485,0.175,0.186298061741026,1.017423759841,0.0109542677636001,0.189428639810793,43.3170791620244,0.81081324518861,0.185654737491688,4.91386086905364,0.223125506433331,0.18751862392829,1.01158236655188,0.00708254705699717,0.168109225165486,3.55949057200184,0.137793675146673,0.139385435117156,1.00577451078852,0.0246545420619247,2.97402378365114
0.130485149995542,41.0757632993805,1.04,0.193999884986465,5.7927053813632,0.2146,0.193118506380315,6.96500545227891,0.33,0.126640792663582,6.24306273180741,0.175,0.155258296212208,1.03217524340486,0.014175448586101,0.184719466290803,6.02830266228601,0.270957790498463,0.144461596531754,14.505756572389,0.22298697223572,0.183926270934901,6.27623830106248,0.0401285023695335,0.116119582856512,1.95579274466099,0.0445543192939122,0.191992100911425,1.60805750536954,0.0749283979198217,2.42733143090355
0.145135389693383,30.7334858813595,1.04,0.177991346253502,14.6414062627396,0.2146,0.151779266120748,23.8885117732672,0.33,0.0986582881203809,77.3471332892138,0.175,0.188200684082357,1.017423759841,0.00774010424206938,0.184671589224722,12.7798757548119,0.471732657968024,0.160839352016842,28.864569943014,0.370211993601592,0.168734706808224,1.00577451078852,0.0119723851594447,0.162071814195069,3.98244730043134,0.137977449249342,0.189378297411965,3.81412874828321,0.130042415428555,2.88927700564903
0.146694199145767,30.1770278183633,1.04,0.186098801870822,7.86045568946845,0.2146,0.163467120669222,11.4295469118117,0.33,0.12016510470799,7.20989540649827,0.175,0.148430238157421,9.5553161597167,0.0141217416097369,0.180909065028923,7.52435222533039,0.315643235999709,0.106784851391662,3.61109912366059,0.0629369108110279,0.134201720359683,1.00867425853989,0.00693235231414766,0.190236086137004,9.74983462452457,0.343032389523488,0.163729186182867,1.23743709481674,0.0461601798399861,2.5484268100981
0.133422538206606,38.0067179330526,1.04,0.189599335654973,6.76729654167483,0.2146,0.190967601976016,7.08639265188016,0.33,0.0998075870311226,45.2718158067401,0.175,0.188812437389142,1.00577451078852,0.00591112561400727,0.162867788877634,14.5895202202118,0.348161683355818,0.14030064693041,11.7901106095195,0.191887399728615,0.10948221580158,1.00288309926358,0.00437654923391714,0.176978362160067,14.1754836193795,0.314217121751219,0.174645798637141,3.06458444505318,0.0914714123410463,2.71562529202462
0.119972054499101,67.4267534700241,1.04,0.187065747288037,7.46339570425412,0.2146,0.180199766816149,7.90585736162312,0.33,0.129452141916884,5.96194127391598,0.175,0.17252320943457,1.01449885892793,0.00810258204117141,0.148555658424142,7.4382002633935,0.202391518555948,0.182893646545417,7.37423424898408,0.310345168850575,0.198503296152024,1.01449885892793,0.0260454435964461,0.187782534489057,8.78994173863968,0.31526072013737,0.163514366226165,1.28462743961633,0.0471930043965681,2.66893843757808
0.149041321556,29.4283115325412,1.04,0.189378200456194,6.76729654167483,0.2146,0.185147525629414,7.46339570425412,0.33,0.101093668126418,30.0773188333397,0.175,0.14852189696799,1.01158236655188,0.00775334789535229,0.187253300907544,6.36723659478765,0.289999505476718,0.182017951998854,11.3243557313592,0.404318937893992,0.16222102814222,1.00288309926358,0.00348714753068032,0.0848350565244148,1.00288309926358,0.00748095821377073,0.191645637060026,1.59882507273807,0.0740833497035945,2.54672324671411
0.112997192013658,158.782337813999,1.04,0.174939020547424,24.7284330905736,0.2146,0.164365168757381,11.1051073569377,0.33,0.105409506141146,15.6890916100885,0.175,0.109873958181732,1.37652687910296,0.00465108724827818,0.0650125655681473,1.06232295058138,0.0139694420707884,0.192911723520552,238.833104350358,0.965499810982107,0.151587025346964,1.01158236655188,0.0053760445088473,0.106659288126896,1.669381663546,0.0346295538500477,0.155176094873322,4.13432012050498,0.0691838939763522,2.85290983263642
0.116650623382899,91.3603151431124,1.04,0.171355450375483,155.272858335329,0.2146,0.186139327446546,7.37792042799738,0.33,0.102279698307928,23.7513250862094,0.175,0.199813444193971,1.01449885892793,0.0195795535913759,0.190897360634457,11.858192730432,0.489767179727984,0.167829829942983,92.8949270465273,0.49810143865741,0.198009212587702,1.01158236655188,0.0361559733131372,0.19961076351599,5.11596107896008,0.247062305260361,0.143984632253954,1.96143148928283,0.0440983851339805,3.09436483568425
0.139331033373863,33.5200591388552,1.04,0.194419307339498,5.75943909554708,0.2146,0.176860828852469,8.27863965605879,0.33,0.105390395086713,15.6890916100885,0.175,0.135669116475131,1.00288309926358,0.00221461931205333,0.192995537943703,11.1946946742062,0.484054938894797,0.189656208334301,20.4916955329151,0.605542657897826,0.127570361181798,1.00577451078852,0.00524867523474896,0.196961323576151,10.8769999686707,0.400010143122123,0.197802616873335,7.78884153617836,0.197585909880646,3.45425694434219
0.125591669689825,48.9737624989775,1.04,0.195867222288871,5.53186325116201,0.2146,0.183950231714471,7.54986123554579,0.33,0.110346618893599,10.6663052198171,0.175,0.170565654789471,1.295770630155,0.0205887264071075,0.0924678459648209,1.27725193454067,0.0261744156434808,0.182823078239946,5.94214829246472,0.260851692781861,0.179561836525497,1.01158236655188,0.00293409360017348,0.112364084265387,2.2456281019818,0.0447358756046694,0.159921806445319,2.07768351923393,0.0598209841687444,2.17470578820604
0.150365477798492,29.0277801933518,1.04,0.186620979217971,7.68144139281058,0.2146,0.166274616986176,10.4233904064403,0.33,0.125162386367466,6.42545597022062,0.175,0.16990693109047,1.01158236655188,0.0130487225634505,0.164434973662455,3.84721348715026,0.152721333285602,0.179464827821759,5.59354223610883,0.240971321666545,0.186462855628675,1.01158236655188,0.022938802574149,0.127788989057037,9.17784428848941,0.0977714909901441,0.19798307951559,12.3814980416064,0.219843754981216,2.50689542606111
0.147079856121985,30.0394947331876,1.04,0.174196096109064,30.0773188333397,0.2146,0.158866553415417,14.1440990055278,0.33,0.13597040624327,5.4685090410485,0.175,0.170593815963991,1.00577451078852,0.00856429396255254,0.19080525897236,82.7903073513056,0.937415723283348,0.144398603992883,15.9514695864158,0.225710722371312,0.15696464319162,1.80952418124502,0.0187343539214725,0.137330121734534,14.716073490575,0.132127679636025,0.159761093252471,2.7391095515787,0.0671099068712227,3.14926268004593
0.124127985665195,52.3273987848124,1.04,0.193344676034328,5.9277031020464,0.2146,0.193219561073673,6.96500545227891,0.33,0.100955289135804,31.1348389289956,0.175,0.145951057091291,1.00867425853989,0.00222597324149771,0.181935027217587,16.7998856852757,0.515670281169502,0.15294736471232,7.76645008964431,0.211327088614369,0.184782046581189,2.39246014169509,0.0372824277651197,0.153110788161729,3.08228092099346,0.103487778622368,0.188618110148967,3.18145405986858,0.115951684877064,2.74554523428992
0.151853050573375,28.6327002492754,1.04,0.191003126196797,6.42545597022062,0.2146,0.151711559677885,23.8885117732672,0.33,0.110025242421022,10.9148811093176,0.175,0.195832356986193,1.36076598863131,0.0352877035824895,0.136370137026567,51.7819671225966,0.238285075190771,0.0794132235573033,2.27163778979815,0.0283338007752908,0.158425769113152,1.00288309926358,0.0166108130584441,0.163760821200685,3.82512526006857,0.137917130490232,0.177162629940519,7.12382395041967,0.127348368596585,2.34338289169381
0.149710639592769,29.2273597614989,1.04,0.180485550586136,11.6959099805258,0.2146,0.179535553405744,7.95152127198837,0.33,0.124505327763238,6.49989667874954,0.175,0.187076624126699,1.01158236655188,0.0166121681453873,0.175104085616349,12.3814980416064,0.401227056629476,0.107696533250214,159.60656931349,0.101078907774342,0.163025778575604,1.08394875824941,0.0194049705248947,0.175428182699631,4.45566189315493,0.175651685051245,0.195604493246983,1.56692699337341,0.0749440146833089,2.54851880280865
0.137050402831905,34.9268431145398,1.04,0.179544638931087,12.8249011680643,0.2146,0.189411851616232,7.16849049713269,0.33,0.0991118368026168,62.5025806223304,0.175,0.193398158163329,2.79486986091936,0.0388950000036782,0.163517260036889,99.5404271062777,0.491413226110248,0.185271876606889,28.4520477169552,0.623310337779919,0.16940595350902,1.00288309926358,0.0143694027785333,0.169016184366847,4.95648496866088,0.174134856566715,0.177413137780715,1.02035709353375,0.0440121785870229,3.14573500182612
0.120252090821874,66.5090478165863,1.04,0.198685536464308,5.16245677334822,0.2146,0.159081370807255,13.6636831932795,0.33,0.128536946891208,6.03101203476082,0.175,0.199513511968104,1.00577451078852,0.0257353538360026,0.190027402129834,61.9010369802681,0.877530501723572,0.171923221539935,7.81129753947542,0.282997211915607,0.0994261613197688,1.01158236655188,0.00166193468448529,0.161099979423529,10.1508316565282,0.209560245994037,0.103073121494146,2.44820179377353,0.0181157520276124,3.17520100018132
0.130993036555417,40.4242716443185,1.04,0.173943745797006,31.6774617501149,0.2146,0.157390987931889,15.069160014048,0.33,0.11123166008094,10.1860077436388,0.175,0.190038184060861,2.71555413295041,0.0366907170545232,0.14666831717034,27.3280820090234,0.287932017720628,0.164396313900387,3.30278056177977,0.131320989721175,0.198418222083423,1.01158236655188,0.0293876747418496,0.141094872368549,4.3416960341386,0.104429910341995,0.198359570114499,1.48779514022745,0.072489890330199,2.42185119991037
0.143339205401075,31.4435100459991,1.04,0.184232487210923,8.71907142059136,0.2146,0.194006393912326,6.92500689429393,0.33,0.110964604603949,10.3040154985797,0.175,0.0912701124317368,1.0232988843187,0.00232857641446372,0.172608821133646,6.40400427119728,0.257022109682493,0.184353337894937,39.6186319317599,0.66187539179625,0.0846176382735177,1.63607591315362,0.00265324190571851,0.161931712189541,4.81582467568853,0.154598267136253,0.168142455554048,1.03813555048354,0.0418638165837562,2.87994140351893
0.133816504676122,37.575153941676,1.04,0.18268725533143,9.67147573126437,0.2146,0.151523325159794,24.5864229124585,0.33,0.135833838648065,5.50009492671021,0.175,0.157824643518963,1.01449885892793,0.00990642454891545,0.147637193900877,5.90803229623124,0.176735902948308,0.183260602661043,12.2045460501459,0.432334628570585,0.0987582100655477,1.00867425853989,0.00382776569255527,0.195714422063743,8.1325652583707,0.334657821886393,0.184811058503406,4.32921447906216,0.127154930712821,2.84421747435958
0.130307308753227,41.2638249329961,1.04,0.199558079837173,5.0740258605321,0.2146,0.190207402730827,7.12732336743282,0.33,0.132453163376363,5.69347855060436,0.175,0.187838344541224,1.59882507273807,0.0313883824643676,0.180911474605687,333.526835341291,0.804632203790579,0.11304024211793,2.41321295951054,0.0571210189353275,0.119482919861089,1.00288309926358,0.0047667303264059,0.192881549771825,11.5548867001919,0.390740785395241,0.176657101054747,3.11798102843626,0.0961635702646787,3.1444126911766
0.125507553072587,49.1979844011424,1.04,0.181605740343808,10.3635310727429,0.2146,0.190785123774657,7.08639265188016,0.33,0.136026766018857,5.4685090410485,0.175,0.199137564612642,1.37256962462899,0.0377020759230004,0.182652492062438,18.3153703115779,0.545174430914706,0.153455407464572,88.9687132280334,0.347834826657324,0.183865445251355,1.92784124639408,0.0344205762701473,0.166406038555079,4.39198314906283,0.155207991240474,0.130210317639591,1.00288309926358,0.0115616905757359,2.89150159158139
0.135371193396201,36.226806466008,1.04,0.199994442346814,5.04488679969571,0.2146,0.183213609967599,7.59346892677529,0.33,0.11240188860799,9.56071220046713,0.175,0.192504925047649,2.47655776434198,0.0381163146990527,0.127259163947217,4.91386086905364,0.113710973832159,0.193388764623865,7.12382395041967,0.332997549141321,0.18535945587508,1.00867425853989,0.0236527284564826,0.195348383353506,4.25507507288674,0.203000237867897,0.174480823514077,2.30457394564778,0.0793677904333494,2.55044559443026
0.114976072716283,111.953701043007,1.04,0.195669981341172,5.56381506816292,0.2146,0.155555689313161,17.0065142632699,0.33,0.139224147009439,5.31327973469088,0.175,0.17895911451528,1.1715671660767,0.0239847061150683,0.198648286318184,16.464712003024,0.661131196647286,0.142825959238137,21.8315600677534,0.232261779923496,0.129573435218039,1.93339940407185,0.00966375815707847,0.123140830054831,2.07768351923393,0.0518573390211267,0.185705720362724,1.62668261683323,0.0715244099239929,2.81002318978805
0.15320876997866,28.3075776637043,1.04,0.185388230346392,8.13682972063414,0.2146,0.190467252747713,7.08639265188016,0.33,0.120258575159911,7.16849049713269,0.175,0.178966277427674,4.46850800867783,0.0294209038261283,0.183852658813778,128.241032730368,0.820652163248782,0.163800254119428,6.0805937181354,0.217483144457283,0.199921157572298,3.32185250376586,0.0544556296583798,0.153009759557964,4.71974439753259,0.133015814835362,0.194142930165998,3.60071789654471,0.135058128123761,3.1496857841497
0.142720876586237,31.7320916417084,1.04,0.183800976345225,8.97380210978585,0.2146,0.179351565166226,7.95152127198837,0.33,0.117069003588427,7.90585736162312,0.175,0.161275437552685,2.29794873135268,0.0182103366758746,0.125399151660346,1.80952418124502,0.0529356442553757,0.195203462527808,26.705865146348,0.734592321088436,0.198536675935228,1.01449885892793,0.0241148986102733,0.0736222430106806,1.54898606893921,0.0160864999432939,0.194514890883201,1.92229906736858,0.0888537931035796,2.69439349367683
0.15046787530655,29.0277801933518,1.04,0.192597318104307,6.06584691482126,0.2146,0.153405003664855,20.4482114607491,0.33,0.127732401462727,6.13612145164168,0.175,0.163533908204699,1.00867425853989,0.00134518409299733,0.109974370129995,11.9266679922861,0.102330037186397,0.188880233955431,26.2485172849919,0.644825291888647,0.180229291668848,1.00288309926358,0.0076600344745585,0.192583882052401,11.0347040567755,0.378686227138415,0.185417829640764,1.90576794350953,0.0807711447060292,2.97521791948704
0.120818367780148,63.6845747480371,1.04,0.176893642037716,17.604464189928,0.2146,0.185358465089908,7.42053499612018,0.33,0.132125766413356,5.72636385099737,0.175,0.170054192987756,1.32214875407135,0.0206152578127573,0.175214479109337,26.4762037102107,0.535326661131181,0.193464473225326,15.1023580078497,0.558727261326801,0.183420879649355,1.79396288338358,0.0334781441732877,0.161354864723622,7.72186012504483,0.189622318337869,0.146557940694922,1.02624915657849,0.0326492454109641,3.13001888819286
0.124019638338579,52.9283975488621,1.04,0.17569732401292,20.8045860742482,0.2146,0.165256373652809,10.7898773556513,0.33,0.140931420184083,5.22226528215118,0.175,0.19319220910806,2.44116367657533,0.03835871558,0.123608670130356,2.54889290196729,0.0711332383921456,0.183729032894521,11.1946946742062,0.411689215703585,0.192394881264231,1.11882507338448,0.0348440485972357,0.171600293469205,7.16496054867685,0.221254078411662,0.194922873843427,1.56242237457588,0.0744913242551685,2.6113706209398
0.144620356982261,30.9447929740479,1.04,0.17150785215151,136.794310272563,0.2146,0.181255007059171,7.77043304452438,0.33,0.131194429032764,5.7927053813632,0.175,0.177426404701651,1.00577451078852,0.00865665456255167,0.199700805386215,45.2286737958236,1.00610154885395,0.136964311484625,7.41681684421187,0.155046923736371,0.176943921558971,8.15601225127809,0.0351174613371618,0.181750216819584,3.07341994620988,0.136056744211157,0.194127298949222,3.09116744284691,0.123465549591363,3.22404488229255
0.113319858161232,152.039248690941,1.04,0.186780920193562,7.59346892677529,0.2146,0.153883750794057,19.6402301778248,0.33,0.129472922295858,5.96194127391598,0.175,0.196302451786832,1.00288309926358,0.0319440729676945,0.118487747411291,2.03037797761035,0.0551967648214455,0.184943600788504,39.8474101492761,0.663933740847013,0.170842688100354,2.60827926283097,0.0276248744579922,0.102145566238961,1.00288309926358,0.022002648100186,0.189305111920158,1.92229906736858,0.0845781340531172,2.64488023524745
0.1551605071021,27.9222999702044,1.04,0.178492292756572,14.1440990055278,0.2146,0.160398176976134,13.0484155426933,0.33,0.13953779190119,5.2827666892935,0.175,0.127072319759333,1.01158236655188,0.00361584416492406,0.116757244661864,1.76324060258228,0.0475163867246579,0.18568293001943,46.2824514344805,0.702604052435888,0.187717492575592,1.58051892322707,0.0359392571598478,0.175094799887975,12.0995910689866,0.288486504852232,0.177825841455575,1.72806227717372,0.0689578286591776,2.90671987399673
0.130952788077141,40.6093504828478,1.04,0.176114786419192,19.4152985023894,0.2146,0.167208431349053,10.1860077436388,0.33,0.136768680367149,5.43710454646936,0.175,0.161291262650436,1.00867425853989,0.0145196666470152,0.166889511242828,17.0926028588123,0.395160142705617,0.19922807783791,224.175241821466,1.13636727151731,0.159535940171151,1.01449885892793,0.0159143191990037,0.157941881929947,10.5987906532703,0.198714080938196,0.152169287750323,8.96887940476934,0.0744905058553325,3.59476598686247
0.113659451283578,140.67937819276,1.04,0.175176833568341,23.3444739588916,0.2146,0.165789674086036,10.6050508775566,0.33,0.101298226295835,29.0557182667768,0.175,0.166843165678566,1.01449885892793,0.00482539725857082,0.196591887010769,100.403866506169,1.09075573400922,0.192916893472471,17.4405585739443,0.598817994057366,0.177430620320545,1.6984685687346,0.0297267085696231,0.16533131144851,2.68446171339143,0.10613080081221,0.168864982183599,1.54009278652809,0.0575189917117276,3.64737562641872
0.134783014715029,36.7266714647001,1.04,0.173833970590692,32.9806438387618,0.2146,0.175969766811603,8.37455001705244,0.33,0.102786292006098,21.7855778853565,0.175,0.181635419577098,1.32978351631576,0.0265485306150689,0.119870836677812,11.0029813692926,0.128075654293596,0.16575030744112,19.6256118755653,0.375567831218117,0.131567058519695,1.00577451078852,0.00458052608081099,0.0746412715042419,6.04568285725226,0.0215791953606263,0.106954767655818,1.00577451078852,0.0135001023421398,2.32945183991036
0.14794945857176,29.7663061447301,1.04,0.187020881207574,7.50650397409388,0.2146,0.184779201387324,7.46339570425412,0.33,0.117879890698898,7.72580908567334,0.175,0.164123141828551,1.00288309926358,0.0141779327436052,0.194665776141518,44.9689998212073,0.905365718598923,0.199360585766663,6.2943333190863,0.307933434996202,0.188264743256847,1.00577451078852,0.00341716706295026,0.180326755411378,3.06458444505318,0.134657001651081,0.191218673504259,4.0401882420282,0.136203010800336,3.2613542658531
0.133560113050212,37.8335007028403,1.04,0.17530626255236,23.2104115663104,0.2146,0.184256207004084,7.50650397409388,0.33,0.117600274996831,7.81531474954562,0.175,0.174070223069432,1.00867425853989,0.0161660389289239,0.0814818538575344,31.8328643748612,0.0490418538773599,0.18214818103821,21.151020824465,0.531140776564517,0.196875946892931,1.00288309926358,0.0178281784601787,0.172991678769019,13.3438551917019,0.286549378930437,0.173459181441435,2.29794873135268,0.0778347791126127,2.73816100587403
0.156490827196681,27.668365815083,1.04,0.172743382798289,54.433709841861,0.2146,0.168800205635175,9.72733778147489,0.33,0.103588493388626,19.7536713480067,0.175,0.19679160834585,1.81474121907939,0.0388458657791441,0.175955518825331,13.3823268507784,0.423109155758784,0.194038141788138,302.426717030951,0.98956354960901,0.129532546368858,1.00577451078852,0.00129551021513163,0.188325597452336,3.97099851752979,0.181136499169189,0.198617301647744,4.17018228211692,0.156355400206443,3.5499059807377
0.12728474722747,45.730492159725,1.04,0.195907413825691,5.53186325116201,0.2146,0.15156940166159,24.5864229124585,0.33,0.12844468940087,6.06584691482126,0.175,0.135153222358778,1.00288309926358,0.00726807588660595,0.179152336553925,36.3404329881246,0.618877973658355,0.106097476672582,62.7985313829376,0.0949948831038897,0.194904245328449,4.0518365057735,0.050610627365202,0.115756383050637,2.14453349218355,0.0466340314669714,0.154820096798837,1.05926897298544,0.0369914179401334,2.61497700942116
0.110467838829826,413.443918209274,1.04,0.178782622040994,13.8219807931287,0.2146,0.193297752916036,6.96500545227891,0.33,0.123381586426642,6.65137533656814,0.175,0.0965310828229916,1.01158236655188,0.00127586683807617,0.169416648461278,15.7234968241093,0.406858921055813,0.17214086479765,5.99369202303595,0.236980839024052,0.165750117699545,1.01449885892793,0.0111658811693394,0.129635423780261,4.88564863828298,0.0863706499240365,0.153835860334284,1.90576794350953,0.052074955108509,2.55432711311983
0.116455398340365,92.1987999525351,1.04,0.177819577391128,15.5989924644673,0.2146,0.159717621102185,13.2758253606487,0.33,0.137174180751217,5.40588040128206,0.175,0.158652581359672,1.017423759841,0.0118694336471596,0.174114040991875,29.3674992776149,0.539865372157263,0.174349232285857,25.9479782891666,0.486737148007473,0.178628597030724,1.01158236655188,0.0132392042999553,0.17279240522416,12.8167214051892,0.280206312044789,0.120652995921177,6.09812467340626,0.0323898374135511,3.12390730757019
0.126086344074805,48.0870474311516,1.04,0.188393168973234,7.08639265188016,0.2146,0.186515515883422,7.33555058635551,0.33,0.110451917356574,10.6050508775566,0.175,0.137620868209395,1.017423759841,0.00896106718207595,0.188847100918199,5.65832869261085,0.261012064818504,0.193606266669494,13.7336016436691,0.535389910713412,0.149562598823697,1.00867425853989,0.0123729426320223,0.184885523407458,10.690727303607,0.329524676790305,0.188875768983222,2.51970871206025,0.102107240374071,3.00896790251039
0.136167472013952,35.5708867752697,1.04,0.189018547687909,6.88523803959517,0.2146,0.191840545733079,7.04569699279812,0.33,0.109815807565858,11.0413330665098,0.175,0.190484297154238,1.14489244934213,0.0297540718007055,0.191850931383945,8.63941072106801,0.392750132593407,0.180580347457254,8.54049161663095,0.33731938868475,0.166114894452582,1.00288309926358,0.00547784641602473,0.115070782267032,1.60343464412786,0.0387254988858993,0.122928535627326,1.00577451078852,0.0153839994753038,2.57901093785609
0.119177110760645,71.0634693009207,1.04,0.197858823647524,5.2827666892935,0.2146,0.172883086380152,8.87102875502857,0.33,0.114947701556251,8.56971705725559,0.175,0.136238155161441,1.00288309926358,0.00772721492549377,0.198806065004183,61.3687089327262,1.06057764015479,0.117351642844937,5.95928009583079,0.0958306853963192,0.185693013153403,1.55793070570556,0.0341083853487746,0.135687793485595,8.06262793911584,0.114249868317013,0.198664115412626,10.1508316565282,0.216322232259901,3.28841602640229
0.13074334215729,40.7952766879486,1.04,0.181090254205377,11.0413330665098,0.2146,0.150565834999041,27.907623893509,0.33,0.119905092031713,7.25153946893524,0.175,0.108268067863346,1.00577451078852,0.00278822905141441,0.156486948602157,3.68461060628057,0.137694990899736,0.129812026840991,3.30278056177977,0.0905829816210871,0.180434795800595,1.00867425853989,0.0173515068226893,0.179567870217806,5.94214829246472,0.22475947580068,0.142095415096282,1.46231609576324,0.0372798086567615,2.27005699285237
0.134969562929998,36.4758827075144,1.04,0.178507727560344,14.1440990055278,0.2146,0.176851286017806,8.27863965605879,0.33,0.106203279560622,14.4737241117876,0.175,0.186722044824623,1.00288309926358,0.0191382352560241,0.16194595832832,15.4542261000141,0.351776423479123,0.183199955696501,25.8733827583896,0.579864321589678,0.165100865961904,7.56780167843215,0.0257030853322638,0.170519683433458,13.6941201359897,0.274188851182844,0.133064714679625,1.00288309926358,0.0211652015938964,3.03143611843383
0.144433947863505,31.0155510319859,1.04,0.175031131632147,24.5864229124585,0.2146,0.171371614965819,9.13019893034057,0.33,0.133223128818182,5.66078210355879,0.175,0.158582636552245,1.01449885892793,0.00490272557121918,0.18028867651106,17.4405585739443,0.509480826635362,0.183236883094357,7.85640396138943,0.327013837249159,0.17936474325868,1.00577451078852,0.0242193722688648,0.17585269927388,6.7058929175172,0.229065890410539,0.051560042366382,1.00867425853989,0.00206616612676468,2.85634881826191
0.137896653651379,34.4514745147866,1.04,0.183451377769671,9.23597484422661,0.2146,0.161845687472153,12.2474033807505,0.33,0.109425030790144,11.2337631385307,0.175,0.146512269996205,4.29198469417562,0.013114255956848,0.172975024500671,7.41681684421187,0.286871556856614,0.1772915570905,6.57210398204128,0.269123038608615,0.190528436197921,1.00867425853989,0.0183478085577115,0.119778200356768,1.7683242002651,0.0445564020200312,0.191981479781087,1.54898606893921,0.0723962118787627,2.46400927387858
0.133177767546315,38.0067179330526,1.04,0.183110423254776,9.34297620172496,0.2146,0.183540869591333,7.54986123554579,0.33,0.128967092864793,5.99637720407285,0.175,0.199717292335599,1.01158236655188,0.00247493792797907,0.0733665222444951,5.94214829246472,0.0331599231207561,0.153015292476048,2.87650223749675,0.105545403289678,0.145314339594419,1.017423759841,0.00576867074718993,0.196999666150552,5.773515819051,0.267357227811278,0.168805397125046,1.56242237457588,0.0577977392795047,2.23170390217639
0.155962382772859,27.7950429029008,1.04,0.177293597353903,16.240720887691,0.2146,0.157325413607524,15.069160014048,0.33,0.100171353386662,38.7520022852263,0.175,0.185277585211228,1.017423759841,0.0146934572180456,0.134801359283238,11.756216271046,0.182413897649209,0.191708724377968,22.9927224875773,0.655801935424672,0.183009635764028,1.59882507273807,0.0324436482187364,0.191596879426205,14.1347317845805,0.418179372456104,0.181120825013141,2.15071639511557,0.0835463172053465,3.14667862817211
0.157023660719902,27.6052439369847,1.04,0.193947714675738,5.82616381189231,0.2146,0.18595829221876,7.37792042799738,0.33,0.101191510158118,30.2510442028234,0.175,0.121319282943553,1.00577451078852,0.00405229243688068,0.193683616344949,11.3570049730287,0.491554863699689,0.153498422157158,51.7819671225966,0.331115399300983,0.13529655874804,1.00867425853989,0.00648251801281877,0.178138786998901,10.1216499350543,0.285851892008768,0.189086663716546,4.58580257506987,0.139807006441161,3.0184639719003
0.111739816394031,231.985524516016,1.04,0.18441914124883,8.61921539420481,0.2146,0.158123923910484,14.6414062627396,0.33,0.142524362482029,5.16245677334822,0.175,0.194361797304657,1.01449885892793,0.0134845347820339,0.184623903718278,147.670016389381,0.845058718751871,0.134438996417493,7.97031285410644,0.150386093238032,0.17657464948484,1.00577451078852,0.0090661334860183,0.193540149904012,4.57261925984919,0.213924176892755,0.184979393464623,2.11388457789867,0.0866898033340578,3.07820946048477
0.135692021318679,35.9794310462357,1.04,0.189936406833155,6.65137533656814,0.2146,0.151043096863025,26.3457371864337,0.33,0.129863977662582,5.9277031020464,0.175,0.147168136091134,1.00867425853989,0.0036579090281631,0.182824481053635,32.1089908705141,0.651776688786878,0.177666148210202,25.5771389596111,0.514797283500484,0.18311197610668,1.00288309926358,0.0218005638117912,0.167365935965936,3.55949057200184,0.136286694918566,0.106526825241583,1.00577451078852,0.010325140773401,3.09824428081928
0.146584900898773,30.1770278183633,1.04,0.19033799649561,6.57519980375318,0.2146,0.184277462284288,7.50650397409388,0.33,0.120953912351026,7.04569699279812,0.175,0.195767500888303,2.82724106811333,0.0418275720496513,0.143804315505122,25.0668507346102,0.264792617543901,0.193039350582356,14.298445429222,0.542093142705609,0.176051359769507,1.017423759841,0.0056110653118859,0.136870118828915,9.28414544519475,0.121079402070407,0.126220703762446,1.00867425853989,0.0098873097830741,2.74489110946453
0.122145544358311,58.2571693781222,1.04,0.176873674912303,17.604464189928,0.2146,0.165222686050571,10.7898773556513,0.33,0.104369499292151,17.604464189928,0.175,0.173986373249245,2.91820823764409,0.0250874949048096,0.185979853826868,148.522738492161,0.881146125804002,0.182163805768174,14.4640552653053,0.457099024369817,0.171536829171625,1.01449885892793,0.0187371737880521,0.193795710749281,4.760684680679,0.222447768685263,0.163904272347099,6.47817779606607,0.0938816081880635,3.45799919574001
0.128450368461377,43.9889137703121,1.04,0.17631152963294,19.1929428791772,0.2146,0.186677345472239,7.33555058635551,0.33,0.129391101753101,5.96194127391598,0.175,0.175892705292094,1.01158236655188,0.0119796478580137,0.158223296273357,3.9368492691367,0.148470891744482,0.180573170791345,17.1418825295271,0.485166359042013,0.176653345274718,1.00867425853989,0.00249012043795338,0.170689964214461,3.54925770971272,0.140771217608335,0.190072011490234,6.78356302734552,0.163040463988753,2.71151870067955
0.110872693606396,310.761083464903,1.04,0.176432019833819,18.9731338056957,0.2146,0.170079176597742,9.45121719994339,0.33,0.140161786845753,5.2827666892935,0.175,0.198338539649044,1.00577451078852,0.0125441270668788,0.15056044978645,5.41917883794353,0.174146161927369,0.188149822908608,37.6178394397509,0.70694097436716,0.189202446555831,1.00288309926358,0.0138873226729941,0.190104610231667,11.9955386652786,0.378750882471302,0.0939328976434972,1.00577451078852,0.00908275395480084,3.0549522224605
0.153734647295363,28.242997504598,1.04,0.194135859430747,5.7927053813632,0.2146,0.192487616736001,7.00523504030693,0.33,0.136013812672321,5.4685090410485,0.175,0.153438214161074,1.00288309926358,0.013328519318547,0.179661410573185,6.47817779606607,0.276752397738481,0.183762091167631,21.0902156392867,0.548860719300992,0.107998476959932,1.01449885892793,0.00355002672882918,0.199077844147984,5.67464221589759,0.268802395626223,0.189806385236341,3.48847535295163,0.124380998380473,2.99527505709354
0.114179580547709,125.211012627487,1.04,0.176711598568438,17.8084168422602,0.2146,0.174686872688988,8.56971705725559,0.33,0.12823902648097,6.06584691482126,0.175,0.163730709355992,1.13504676028852,0.0174609176521016,0.161967972299189,9.86276078296599,0.289239056109471,0.173251271033884,75.9399168943669,0.557922243380548,0.184987790574002,9.25745528268664,0.0427954703823307,0.19086612872811,5.64206206761865,0.24727388840737,0.190389516564147,3.23688695135292,0.120254683593506,3.03454625952533
0.144539559262545,30.9447929740479,1.04,0.186854990380551,7.59346892677529,0.2146,0.177847627312554,8.13682972063414,0.33,0.107559299682931,12.9734812430331,0.175,0.194340311631338,1.01449885892793,0.0280768446768197,0.170661104131104,79.5197706455576,0.572653362834825,0.180055184242937,50.8951816995986,0.619666731607146,0.198225804674527,1.00577451078852,0.0281037697442271,0.112813284000593,1.52245910708953,0.0361432749632837,0.118160799825526,1.00867425853989,0.00799344371287673,3.05223742753918
0.149967789903898,29.1606812358378,1.04,0.183535424361796,9.18293458777804,0.2146,0.189914680268825,7.12732336743282,0.33,0.104711323663647,17.1047431975172,0.175,0.186868753007185,1.32214875407135,0.029485031747255,0.182925865471924,22.3402110602687,0.592343389165501,0.193565702396748,8.49145760309168,0.386853243551794,0.199164293667399,1.00288309926358,0.0285750654918831,0.176990575365184,12.4888983567305,0.303049869907515,0.19083450020834,4.01699207793678,0.135243274634307,3.23514987449825
0.146749845838773,30.1770278183633,1.04,0.174610193834493,26.194439171848,0.2146,0.193398556874214,6.96500545227891,0.33,0.125030287018213,6.42545597022062,0.175,0.173212293729338,1.00867425853989,0.00354982462659031,0.186266697235177,5.41917883794353,0.246932683145682,0.193406038367421,6.862132740856,0.322181875163518,0.195259683863536,4.98510624458552,0.0519502685714738,0.184075210064793,6.49685502569923,0.252811575687976,0.176574350701311,1.96143148928283,0.0739776169732935,2.71100384416853
0.148648655919601,29.495602018995,1.04,0.178948335662119,13.5852155412096,0.2146,0.155904670563185,16.9088494370839,0.33,0.126518179625635,6.24306273180741,0.175,0.195137552152391,2.44820179377353,0.0399980713968039,0.119899991045798,2.66137624774655,0.0698190615517292,0.180415967970838,15.5882800527396,0.462506962353408,0.194875426914953,1.00867425853989,0.00644979428769008,0.111820214592712,1.00288309926358,0.0256364826738107,0.0567837927182123,1.29204553462562,0.00417391845685682,2.3681842907203
0.150989894475407,28.895484853008,1.04,0.186217080686385,7.81531474954562,0.2146,0.192706005611583,7.00523504030693,0.33,0.125289945654103,6.38855593116599,0.175,0.171877761611386,3.15409462760941,0.0240392545938915,0.193264099305871,9.20430492459876,0.418592982761098,0.157376354549894,3.32185250376586,0.125280455084819,0.187517574605447,1.01158236655188,0.0225615449779375,0.192605076896436,7.85640396138943,0.315741135552111,0.199044874124044,2.76286929599819,0.122598389870259,2.78841376284012
0.112227091931595,186.736193213379,1.04,0.185933689262732,7.95152127198837,0.2146,0.192158768597206,7.00523504030693,0.33,0.12720996911699,6.17156343941625,0.175,0.19330647189206,1.01449885892793,0.0115669384080252,0.193434505720013,13.1910713679069,0.538291334934509,0.164166174028763,56.4531164723065,0.434713695800751,0.124477263402586,4.08698318318596,0.00867472555312477,0.16415570085288,5.10125365829453,0.16518687279779,0.185934527158323,2.46943812909056,0.0969176390620582,3.01495120655626
0.128564645603104,43.6885346568656,1.04,0.193013663035035,5.99637720407285,0.2146,0.184905812230103,7.46339570425412,0.33,0.104375069163533,17.50336546337,0.175,0.185254661229603,1.017423759841,0.0148815424534899,0.191962760324793,54.2230004661768,0.898092785470496,0.163857467219664,33.6226281790017,0.406803459808828,0.157079676120195,1.0808326105459,0.0170491445937396,0.128670421006632,6.11570617216135,0.0909748031428347,0.171496880927018,11.5882005855279,0.122118686908325,3.30952042237771
0.139500596572631,33.3672900465381,1.04,0.186972512138169,7.54986123554579,0.2146,0.150842946344711,27.1154370165082,0.33,0.111991547082116,9.78352248861393,0.175,0.123909398096011,1.00867425853989,0.0048956609049525,0.178724635377845,369.949151440208,0.752302416246414,0.174019504276812,29.6222405590191,0.493053909387766,0.145664549861585,1.40454896553258,0.0138513694204475,0.196548944462695,5.95928009583079,0.274086075116296,0.159328537418916,1.27358007675926,0.0448566035222811,3.34264603459816
0.121798742629178,59.3314193613515,1.04,0.199668954017656,5.0740258605321,0.2146,0.166041643733588,10.483595485213,0.33,0.106711735316809,13.9821123150444,0.175,0.192100092066267,1.01158236655188,0.00422439840104238,0.178172259333539,30.0517292460135,0.580681100393504,0.139805342412884,6.96162583541039,0.159000831491355,0.186488801592922,1.01158236655188,0.0131547124393568,0.175410679450468,4.07523387938939,0.164828975200049,0.196035502789598,8.39423252506469,0.192138670520923,2.87362868844623
0.118989025795496,72.8714689455414,1.04,0.199912368216502,5.04488679969571,0.2146,0.183238081566345,7.59346892677529,0.33,0.105902953289723,14.9826210048919,0.175,0.178566569411559,1.01158236655188,0.00980836354854312,0.101267732703107,8.99473757437633,0.077571362182271,0.132106838666185,16.1827476936424,0.170276061998343,0.15851594049829,1.00577451078852,0.0149139759739359,0.119424466344703,4.21848286189654,0.0661578966893133,0.190160174278431,4.59902389909696,0.142846422916762,2.24117408330917
0.116440232492473,92.1987999525351,1.04,0.196391509556589,5.4685090410485,0.2146,0.190331744813323,7.12732336743282,0.33,0.134782067694567,5.56381506816292,0.175,0.191208715057319,2.56361151152847,0.0369783864938346,0.172745822921978,36.9736199650277,0.546574366418357,0.115299803229662,3.25557838997471,0.0711726694275377,0.193919883897654,1.01158236655188,0.0124943241711045,0.142491368242039,5.14550325140415,0.113960842716299,0.197566255987427,8.86618796583124,0.20243691738313,2.74321750661026
0.112562855408214,173.574956852969,1.04,0.189547540393542,6.76729654167483,0.2146,0.15429140562404,18.8641750980704,0.33,0.127007052779416,6.20721013866976,0.175,0.126600022319074,9.80613514975012,0.00782193006561191,0.195470456275953,18.6882180181159,0.674773072579904,0.171306449479407,176.527228557274,0.555238914899751,0.184064007961128,1.93897358646993,0.0345927973786334,0.194542010969075,11.2269700901773,0.392752788890125,0.194061486965284,2.15071639511557,0.0969800711051065,3.52175957491913
0.111546794985992,247.305993820643,1.04,0.198982930405911,5.13280987242209,0.2146,0.178685351681016,8.0436418748083,0.33,0.12849326567924,6.06584691482126,0.175,0.186302470393993,1.5896456468007,0.0300378897181044,0.158492076566978,18.7420980057214,0.345432795910436,0.194050389416849,40.0775094490775,0.808110834678084,0.194237266246826,1.00288309926358,0.0339513733016481,0.183342091583871,4.15819379664401,0.181306739828049,0.193760742857726,3.24621921773864,0.126427408657959,3.28486704209428
0.131542948527021,39.965256476262,1.04,0.19179126264121,6.24306273180741,0.2146,0.192627638847039,7.00523504030693,0.33,0.113461589050563,9.0777661226663,0.175,0.138497774308024,1.00867425853989,0.00139657460403938,0.151971246279952,4.73335188912938,0.161645796838509,0.137233811128935,5.57746185992785,0.138270322123057,0.187941257353547,1.42902148939294,0.0351250383169268,0.138518070625563,15.6782947440786,0.136833830613172,0.149606435658849,3.70588742997801,0.0598853449795331,2.29275690747524
0.15726883761075,27.5422660634698,1.04,0.177602179028867,15.9625235417481,0.2146,0.146636637642457,67.3618811998395,0.33,0.110831503466735,10.3635310727429,0.175,0.142278016049877,1.00288309926358,0.00546792834296908,0.156882630522335,10.0925521055113,0.271115925227999,0.172942971579206,34.7044444245723,0.502037518036434,0.160988693959602,1.01449885892793,0.014688167711019,0.191939609592972,10.6293480187976,0.369937615775198,0.197086525318275,10.1800975118018,0.208310024021369,3.13115717911499
0.114747330252575,115.591349280681,1.04,0.186075428541607,7.86045568946845,0.2146,0.150173558341968,29.5621058492378,0.33,0.11188688750672,9.78352248861393,0.175,0.127167110956207,1.01449885892793,0.00119442516207875,0.191231563666042,12.3814980416064,0.505600100412936,0.189526969719955,8.34603823722249,0.36609571245709,0.185998347747393,1.92229906736858,0.0363357993649981,0.162347039802893,4.24284253669373,0.144800595715998,0.165337536706964,1.88394737445416,0.062010499625051,2.87563713273815
0.120341175013931,65.155855524987,1.04,0.191124314684465,6.38855593116599,0.2146,0.147466411095487,51.6840667068035,0.33,0.14219346217989,5.19227491356753,0.175,0.105104109758838,1.00867425853989,0.00379364132876079,0.194206771404517,9.2308418493486,0.424802722180618,0.187601837071403,34.7044444245723,0.681914780023647,0.165031264094234,1.017423759841,0.0061087355457188,0.179467260712378,9.33775684323017,0.285273762797723,0.0990873447279765,12.4171951294921,0.0182557222044807,3.17974936408095
0.119232583796259,70.7395945232231,1.04,0.182478229168308,9.78352248861393,0.2146,0.192833370639332,7.00523504030693,0.33,0.133834076086382,5.6282734253157,0.175,0.18905103201772,1.01158236655188,0.00496530840489487,0.199732973485724,23.8695626167564,0.803624244827263,0.156217004580392,4.760684680679,0.167018489250242,0.177901208655868,1.017423759841,0.00989815941147022,0.156792064293085,13.2672433518329,0.201986302138911,0.162937087716583,1.00288309926358,0.0307242220746896,2.97781672610747
0.155577754542577,27.8585987734397,1.04,0.175028362039658,24.5864229124585,0.2146,0.159189752225199,13.6636831932795,0.33,0.133133573761953,5.66078210355879,0.175,0.196229050282273,1.02624915657849,0.0321023602659974,0.192862416181704,10.2388825947119,0.45269835933609,0.136744712445201,2.2456281019818,0.0723838726071745,0.192736811439422,1.01158236655188,0.00516006903367756,0.199747229020126,9.31091255809072,0.384534015899229,0.14346349626462,6.66739199053658,0.0577364820225837,2.76421515916475
0.135592105058113,36.0617012578568,1.04,0.18669605697743,7.63732849425456,0.2146,0.184383532506527,7.50650397409388,0.33,0.133429286162406,5.6282734253157,0.175,0.199710358464626,1.01158236655188,0.00503041729392591,0.161446160920201,31.5591124739724,0.411436665361637,0.156642174676891,6.90175820040029,0.212538980291411,0.153504114525364,1.00577451078852,0.0068407283101136,0.182611116671757,3.20905081491668,0.142976146744641,0.197076218579242,1.70827639380871,0.0820186595161986,2.62044159751793
0.133535312224817,37.7471883548195,1.04,0.194442001018093,5.75943909554708,0.2146,0.186690049306498,7.33555058635551,0.33,0.105939370168768,14.8110310584131,0.175,0.133368837347031,1.01158236655188,0.00474740486989785,0.145761978323478,2.69220128298041,0.09347375817626,0.19519934057599,61.9010369802681,0.896177643907305,0.158178334968455,3.55949057200184,0.0206022973299334,0.197957079144515,10.783461436218,0.408812646109597,0.17874479320184,2.77083492243083,0.0931246084762514,3.27653835886924
0.145614426539798,30.5236217030721,1.04,0.175469981793724,22.0379699118545,0.2146,0.152744112436547,21.4123992568061,0.33,0.133857977633054,5.6282734253157,0.175,0.123893057833718,1.00867425853989,0.0017877602930396,0.187194211929853,7.2688443008963,0.326959390244607,0.0851304875401833,3.86942926293753,0.0389038637479144,0.199353946299652,1.36468921205103,0.0420058849142692,0.160439039146249,4.85759838400825,0.151719195278556,0.170971754293851,1.38447564841702,0.0543772459761469,2.37535334045453
0.114544975838956,120.717938478964,1.04,0.192160590822465,6.13612145164168,0.2146,0.16900982285855,9.72733778147489,0.33,0.132780474840876,5.69347855060436,0.175,0.187750740157991,1.00288309926358,0.0195045389532527,0.181935212215205,13.8926692519835,0.471092066559843,0.170607359621486,7.3318961356485,0.269361102476128,0.173866543169169,158.690210978165,0.0336782912988137,0.194192745607899,16.1362253542068,0.452282245192426,0.145050377040846,1.97275779657863,0.0449829928600922,3.05050123734055
0.151221031954811,28.8295634579869,1.04,0.190989976451469,6.42545597022062,0.2146,0.149715086628782,32.229541486257,0.33,0.12805712466593,6.10088299973121,0.175,0.135493554724547,1.01449885892793,0.00207980736489504,0.0834258142001892,13.6547521301788,0.0496455160887473,0.189974249071034,5.5136013085513,0.256276810435915,0.195683461354585,1.31834782642385,0.0390560353675328,0.182652639580764,14.5895202202118,0.353035061161489,0.17765904232073,6.02830266228601,0.123728062322933,2.58342129274151
0.13883198898748,33.8276988438502,1.04,0.176510631134038,18.0147323432395,0.2146,0.190804882447133,7.08639265188016,0.33,0.10912304435035,11.5619614165913,0.175,0.118284183410846,1.51371812544339,0.00591344966131528,0.0641129414049601,1.30325307163827,0.0156842595983111,0.195613810670221,10.1216499350543,0.450261171726034,0.149345242295375,1.00288309926358,0.0053974284699228,0.185411356866133,3.58004488871148,0.161532802838618,0.181044789857741,3.15409462760941,0.103901794633641,2.50229090692784
0.150439740807571,29.0277801933518,1.04,0.181897429275454,10.3040154985797,0.2146,0.189655065329814,7.16849049713269,0.33,0.108073200574328,12.3181438842284,0.175,0.0907416346126496,1.02035709353375,0.00190010229101732,0.198258265827836,18.5809222819382,0.705091906112522,0.159725636840412,404.484352373936,0.425213921924375,0.106965642824667,1.01449885892793,0.00117001323198813,0.170738500697769,2.87650223749675,0.118192047583298,0.085915507067327,2.27818714703702,0.0112137270476386,3.02238171819084
0.135052447216339,36.4758827075144,1.04,0.197360983846931,5.34396902219665,0.2146,0.17026565878213,9.39694085202226,0.33,0.121790118823246,6.92500689429393,0.175,0.184237320998339,1.01449885892793,0.019375638276314,0.144811082967444,22.0209326641103,0.26177723887213,0.189823101012109,49.7363795461226,0.775322659438655,0.170397425547863,1.00577451078852,0.0107034224518566,0.178881321861964,4.12243473196511,0.171860738461939,0.199482308601871,2.08367368705817,0.0994153530279008,3.09805505052879
0.142111292237517,32.0233217756139,1.04,0.18058824900224,11.5619614165913,0.2146,0.194215647000221,6.92500689429393,0.33,0.141439363132639,5.22226528215118,0.175,0.190882503063525,1.00577451078852,0.0150203537139681,0.181979833342915,55.1677690041581,0.711148087715641,0.150731948312105,3.66345594042931,0.127774366163969,0.175420193759754,1.90576794350953,0.0290275949663327,0.199000772615364,10.1508316565282,0.402220646220693,0.193271725857062,6.15102138343189,0.165915721383959,3.21070677016456
0.156981670331408,27.6052439369847,1.04,0.180471119484233,11.6959099805258,0.2146,0.177886391986236,8.13682972063414,0.33,0.118000962876646,7.68144139281058,0.175,0.192292215798456,1.017423759841,0.0254563098382722,0.174507582411509,6.8227347852315,0.274854394561956,0.196462580084752,78.383302204588,0.969392319513441,0.192628340006217,9.77794436555052,0.0508158808279217,0.176670108439836,3.63195145450856,0.151954005133702,0.153499439441935,2.18189932872234,0.0545446493678135,3.28661755924311
0.150675402340481,28.9615569832397,1.04,0.191922441003691,6.20721013866976,0.2146,0.177462754373083,8.18382771794484,0.33,0.108471531014697,12.1071387841942,0.175,0.18877223984116,1.00288309926358,0.0256314699635731,0.176394441320928,6.42246765119551,0.267521482664281,0.127814398855587,4.50726900243269,0.104623174349137,0.160254642064288,1.03813555048354,0.0180497826762313,0.139197759047475,1.70336542221432,0.0553643499177224,0.129484837606311,2.50524216415549,0.0352127109198973,2.26600297049084
0.146562625602265,30.1770278183633,1.04,0.180883980238735,11.2986488972231,0.2146,0.186412354654975,7.33555058635551,0.33,0.108435770588682,12.177069125071,0.175,0.157761785049732,1.01158236655188,0.00413844338122456,0.174340812161039,7.92455244054436,0.306210450362559,0.17768221841636,13.8527304550101,0.421835494938112,0.171612401482803,1.00867425853989,0.0229012553929331,0.187464365200177,7.45964533309522,0.288302237707281,0.196638806602237,6.40400427119728,0.179427939492411,2.98241582127452
0.115052745306202,108.926968515227,1.04,0.17493313634319,25.7457384333485,0.2146,0.196135203266098,6.84569756904508,0.33,0.105203038071275,15.9625235417481,0.175,0.189237941925793,1.017423759841,0.0138408088538821,0.165320502642782,66.7123211508998,0.496537816233617,0.193429491044878,25.4302914671788,0.699468620950023,0.182354967008754,1.16819913201946,0.0293287981006736,0.192103728219681,4.58580257506987,0.21259801621659,0.194492252644995,2.70774742833384,0.114559671066481,3.32593373142127
0.116675837547692,91.3603151431124,1.04,0.194313334590245,5.7927053813632,0.2146,0.176195353318978,8.37455001705244,0.33,0.130680887412311,5.85981549695445,0.175,0.15185491189808,1.017423759841,0.0024300616311107,0.131049355804796,2.07171057200942,0.0637800678717483,0.0557651433094545,2.86823283751515,0.0153335944684207,0.198591298688423,5.41917883794353,0.0565019307698708,0.168741592052344,4.8997344482741,0.171982908580589,0.101546036145466,1.00577451078852,0.010188266140579,2.07981682946232
0.119002839013049,72.8714689455414,1.04,0.171384546684486,223.189796992262,0.2146,0.194137990005967,6.92500689429393,0.33,0.126083724664856,6.31539036354282,0.175,0.143758551039465,1.01449885892793,0.00107784595390308,0.115367789387717,2.75492656923522,0.0667566199789384,0.197397242179397,202.104691078515,1.07727331288724,0.108998672763738,2.0598161414781,0.00553877313077838,0.191518242683275,12.5610156350281,0.397256996977981,0.160652634764057,7.52435222533039,0.0892538225577712,3.39675737148661
0.125722200840453,48.750562497649,1.04,0.176666032212655,17.8084168422602,0.2146,0.18477491013007,7.46339570425412,0.33,0.123455988593124,6.65137533656814,0.175,0.141232966740524,1.00577451078852,0.00932122446575707,0.112131774651975,7.97031285410644,0.0982333000296928,0.194367107700024,26.4000896312366,0.726315042807851,0.16971179826462,1.01158236655188,0.00917636147436442,0.184665239917863,8.1325652583707,0.289426842744186,0.192509403912305,3.97099851752979,0.138431541496607,3.03050431301846
0.137037415215494,34.9268431145398,1.04,0.17181424065058,115.752869486794,0.2146,0.155525831014136,17.0065142632699,0.33,0.124630867528479,6.49989667874954,0.175,0.161908648681516,1.00577451078852,0.00266226050517389,0.165328055760028,37.9441463047634,0.464518405275635,0.146250179536792,4.50726900243269,0.140242228840623,0.135978619874366,1.01449885892793,0.00970864920135841,0.148769781543849,11.1304219326752,0.162956119440335,0.171279111098064,2.18818996107018,0.0736308702280544,2.61331853349118
0.134667651940933,36.7266714647001,1.04,0.180096997340082,11.6287428351806,0.2146,0.174082403280821,8.66899963153375,0.33,0.115988309381132,8.23109717377527,0.175,0.127344811323868,1.00288309926358,0.00470823890940901,0.190497664612164,14.0131778568844,0.54057421742671,0.19487543960785,9.74983462452457,0.43480242608578,0.175180848383318,1.57144459943409,0.027703058050217,0.178790440560421,10.327697309498,0.291994470597133,0.169784278804814,4.82970917626452,0.0986360935586414,3.15801850462789
0.114970202429396,111.953701043007,1.04,0.181940787303141,10.2448417098122,0.2146,0.166692693268406,10.3040154985797,0.33,0.126886905782882,6.20721013866976,0.175,0.138678308309574,1.01449885892793,0.00239874353747939,0.139367912118123,77.26307576868,0.26285556964518,0.194434806869356,270.307418224102,1.01178617897773,0.185249429534979,1.00577451078852,0.0280757411987551,0.190220637554963,13.5763553199153,0.401156145039784,0.186525763906243,11.0984240743995,0.167890116525173,3.6337624949241
0.144354570533213,31.0155510319859,1.04,0.196554581504528,5.43710454646936,0.2146,0.155910373308856,16.9088494370839,0.33,0.132161414920383,5.72636385099737,0.175,0.145959848716743,1.00867425853989,0.00961406289772232,0.158533604356301,16.5597876601153,0.331803226302733,0.194981853737205,9.66598933399762,0.431731280603481,0.188552393748603,1.01158236655188,0.0116783891568768,0.198783431481027,9.61049343596866,0.385277925759674,0.182347376984587,4.53329627591397,0.122205203540224,3.05191008826071
0.138383684592327,34.0602800981416,1.04,0.19549962695545,5.59595143755845,0.2146,0.171455302189835,9.13019893034057,0.33,0.107778533721453,12.7512504643373,0.175,0.143760422980567,3.38947576589033,0.0120587270377217,0.195217581271165,91.8313032315627,1.0339529213689,0.122170490755294,3.62151028088471,0.0847181028777314,0.190556557099244,8.76467231833321,0.0492908966854566,0.185923140397517,7.31081832073186,0.277482211067085,0.193331433021358,1.99560700049668,0.0908046707519291,3.30790752978882
0.115441711298841,103.352565313302,1.04,0.191592674179289,6.27912240806387,0.2146,0.160691983814961,12.8989772752585,0.33,0.105457822161553,15.6890916100885,0.175,0.190958582035005,1.00867425853989,0.0139409222286103,0.190051468501212,38.4942931291769,0.801440705299321,0.175188015226217,4.52026390637434,0.192125526681784,0.19277997363952,1.01158236655188,0.0182770349081691,0.0773459874136655,1.47076025583445,0.0173755042925798,0.107877454482958,4.48139116082693,0.0221316698898357,2.8248913633003
0.144316387038553,31.0864708846003,1.04,0.190598578912551,6.49989667874954,0.2146,0.163480347405764,11.4295469118117,0.33,0.13362526135127,5.6282734253157,0.175,0.199704149502138,1.01158236655188,0.0139571302972364,0.0840502926653234,1.26991877487462,0.022963506187812,0.168682251667361,26.7828608064846,0.436532630916053,0.177859968428177,1.017423759841,0.0147869238151904,0.19400538068945,7.78884153617836,0.321644122551956,0.197975329838036,4.06351835261943,0.152038034877059,2.72152234864531
0.116313477041265,95.1945633711486,1.04,0.177718720222481,15.779711164708,0.2146,0.17120552425293,9.18293458777804,0.33,0.121431133355011,7.00523504030693,0.175,0.188096079309931,2.32456441587663,0.0340714101176246,0.167962770890893,14.716073490575,0.386286263453421,0.128646592650597,2.35148837301477,0.0693972382831687,0.14607377945395,1.08707389011608,0.013538048874601,0.154226846760255,2.76286929599819,0.0969086889778802,0.172371374646842,1.08707389011608,0.0450720631716804,2.40487371287838
0.133005122200354,38.4432385901807,1.04,0.177501472658764,16.0547224280766,0.2146,0.190143029299947,7.12732336743282,0.33,0.106133954838957,14.5573237532004,0.175,0.192700013404017,1.59422875299434,0.0344503841103021,0.17427940608089,11.4885459675579,0.380911140872826,0.190970769580022,398.703605050255,0.925444045488902,0.0764948266477141,1.00288309926358,0.00166763408778589,0.192618450010577,6.25819530279368,0.272453122574108,0.154556638585428,1.00288309926358,0.00738910904241665,3.38191543617634
0.11430358702279,124.640358122733,1.04,0.175076252965055,24.5864229124585,0.2146,0.186445652787679,7.33555058635551,0.33,0.130390595989243,5.85981549695445,0.175,0.154400582593984,1.01449885892793,0.00426934509983575,0.17851177820664,8.44270511134198,0.335160140479615,0.15160157050299,5.3417298504113,0.169813707566325,0.190441338992018,1.09020803204812,0.0333190256428251,0.125381265462717,5.3417298504113,0.0811147635682041,0.177995628153262,2.3787241732935,0.0848717453266291,2.46814872768343
0.13452867407568,36.8948211782569,1.04,0.196368429890652,5.4685090410485,0.2146,0.183957320908477,7.54986123554579,0.33,0.110158098750209,10.7279133646656,0.175,0.173807112126931,1.00288309926358,0.00904008912415026,0.182843136632789,73.1502903055345,0.758131981314027,0.148776213322751,6.25819530279368,0.177472719994828,0.124383684392725,1.56692699337341,0.00829570596364097,0.130260596383712,14.4224738415937,0.110526372718229,0.195236067778606,8.78994173863968,0.192923773565823,3.0159906426807
0.127729280649681,45.1080814839962,1.04,0.185464806426563,8.13682972063414,0.2146,0.180945960557194,7.81531474954562,0.33,0.0994260702375198,52.2828411071172,0.175,0.108417643258386,1.02920793476607,0.001751985973613,0.0930904599574426,2.86823283751515,0.0451088977114898,0.181109234865259,7.87905475386486,0.319543312570357,0.190893075885304,1.38447564841702,0.0366797842727496,0.126267862101387,1.47076025583445,0.0425200764149188,0.116889910652069,2.70774742833384,0.0263768345160053,2.23158089145913
0.149753048249091,29.2273597614989,1.04,0.187742847467573,7.293424065782,0.2146,0.147567421119595,47.4065028618884,0.33,0.128923327556695,5.99637720407285,0.175,0.194539401844814,1.11882507338448,0.0319626140717826,0.126394962824657,6.84240540686637,0.130002931783946,0.199471216833614,14.9724828208773,0.609536688958166,0.199368048223314,1.00577451078852,0.0079468743172579,0.159399079157691,11.0347040567755,0.206452299516107,0.113030561615186,1.32596064017055,0.020162861018356,2.76566426966562
0.135177112051262,36.4758827075144,1.04,0.190987039996294,6.42545597022062,0.2146,0.150654939425224,27.907623893509,0.33,0.110193869482256,10.7279133646656,0.175,0.171666073836695,1.01449885892793,0.0190227392472063,0.180186784422193,59.7990347074476,0.694421781666205,0.153853580018368,3.75961856902805,0.135170003244758,0.155200293076471,1.7230944249062,0.0180666212569274,0.19977572678018,9.6938573407282,0.395180024696251,0.161263273422404,13.3438551917019,0.0969213942276808,3.11838256433903
0.155843958032694,27.7950429029008,1.04,0.183920171734166,8.87102875502857,0.2146,0.149471309554426,33.1711386953162,0.33,0.109552078928293,11.2337631385307,0.175,0.196597184592456,1.017423759841,0.0259281760754944,0.199600710639459,8.370100693918,0.407010582256237,0.198358650946182,14.5895202202118,0.591635643790151,0.171230507163968,1.00577451078852,0.00875152698167771,0.15000661555195,4.06351835261943,0.117145012411197,0.150420116509003,1.80432214140788,0.0476620113142249,2.95773295282898
0.147972253565259,29.7663061447301,1.04,0.196994448038532,5.37483556977805,0.2146,0.187838635837697,7.25153946893524,0.33,0.143722803918452,5.13280987242209,0.175,0.160515541468385,1.00577451078852,0.0076365460906138,0.168527142463754,8.6145740489714,0.298673636899696,0.176475059237123,8.49145760309168,0.316766174947737,0.149078967430402,1.01449885892793,0.00706136597397715,0.167808432054425,6.47817779606607,0.198211881423253,0.192080002852117,3.27437776251048,0.12373549378762,2.7116850991229
0.116604399630584,90.322924271161,1.04,0.193582885470088,5.89366155277994,0.2146,0.165834315150905,10.6050508775566,0.33,0.128079296173515,6.10088299973121,0.175,0.154507054528396,1.95579274466099,0.0152300461072609,0.0834694526308372,2.91820823764409,0.0363936732561254,0.119431282150185,8.49145760309168,0.110337878307631,0.179683304503627,4.58580257506987,0.0356235952505769,0.0647205589870313,2.23917234584048,0.0137667063390585,0.115680242246808,1.00288309926358,0.00351147395040323,1.97446337321106
0.144758539467141,30.8741963416722,1.04,0.192620206641702,6.06584691482126,0.2146,0.177830924378977,8.13682972063414,0.33,0.104132459079864,18.3286959037413,0.175,0.1994994132981,1.00577451078852,0.0303602363775322,0.166224096630716,4.99947880072813,0.196434911998102,0.158346310413083,3.16318819550752,0.120565221160294,0.184170270638894,1.4963864293158,0.0328352765520367,0.178299216683323,4.01699207793678,0.167919585943311,0.117540525631314,1.00867425853989,0.004589571392947,2.31230480342422
0.126849012281088,46.6802479258487,1.04,0.172073839094883,89.8414470509972,0.2146,0.159138139377462,13.6636831932795,0.33,0.116882617038032,7.95152127198837,0.175,0.1020797674158,1.00867425853989,0.00135668542645604,0.197658165686305,12.0301229939707,0.534116441357771,0.156123666097868,7.02201277776474,0.211483202803066,0.196956586371591,6.53437118513655,0.0557920730694133,0.139119490109925,1.78366310156055,0.0576990541285024,0.134054739334111,3.1450272019994,0.040892565226864,2.66094002201207
0.141243224550541,32.4651862196273,1.04,0.172047798951932,82.405837777828,0.2146,0.164046741841224,11.2337631385307,0.33,0.101467708694924,28.0688171933232,0.175,0.138370622892918,1.00288309926358,0.00318286467819611,0.159768222084044,3.6424227310724,0.139832325383189,0.196614180508196,7.00182581890258,0.33657527287807,0.190296618889737,1.00288309926358,0.0303077323644501,0.187747330398918,7.16496054867685,0.279978882229999,0.194336755054949,4.43008034640065,0.150301513803047,2.69977859133695
0.11347714496126,141.970502478276,1.04,0.174265472199154,28.8888574021513,0.2146,0.187492265899906,7.293424065782,0.33,0.125000573094516,6.42545597022062,0.175,0.194711056721148,3.13598584352336,0.0412260170566427,0.182745539870287,12.0995910689866,0.443502768225479,0.183054843968388,25.65088039011,0.574774372299753,0.0892412961106142,1.0232988843187,0.00117977235867188,0.143664845869183,3.53905426496764,0.0983881984232031,0.186283576135575,1.75311720834914,0.0765957439111966,2.99526687227495
0.131523216807295,39.965256476262,1.04,0.18351907921141,9.18293458777804,0.2146,0.18976432423243,7.12732336743282,0.33,0.10497480606214,16.3345266305675,0.175,0.125988288362591,1.00288309926358,0.00651145041575141,0.188008025712486,37.4018619842125,0.750022498320347,0.171741995129329,172.507984971374,0.566181873102073,0.186229016142117,2.60827926283097,0.0386086846399228,0.190695395971123,6.74461616851603,0.280566067566103,0.0793197400096962,1.00577451078852,0.00169838561373137,3.40318895965793
0.113910249945173,130.764243287366,1.04,0.191955597962134,6.20721013866976,0.2146,0.182961425850605,7.63732849425456,0.33,0.126659865012536,6.24306273180741,0.175,0.148267511311608,1.00288309926358,0.0033530629409191,0.122792938219552,1.75817161928149,0.0501759021854781,0.159268755590503,4.63891702142887,0.16934964477836,0.117576429350895,1.01158236655188,0.00289975094807059,0.190887480457258,6.862132740856,0.283161731670915,0.190699678318253,2.96051892720402,0.115685926895701,2.38422601941944
0.119386569116133,70.4171958185721,1.04,0.178529275534798,14.062872426727,0.2146,0.196123145053658,6.84569756904508,0.33,0.118790583381832,7.50650397409388,0.175,0.19332165863872,2.46943812909056,0.0387836056166118,0.109100442998622,6.94161247758823,0.0883020672138257,0.174138093874221,11.8923810771604,0.36928927563167,0.192555674525302,16.5121814020749,0.0522372230851806,0.131246303973659,1.27358007675926,0.0392314800385548,0.179756135923311,14.3810119566121,0.152536849566393,2.49998050115224
0.118594706454747,75.4112816415286,1.04,0.197692595638983,5.2827666892935,0.2146,0.160792523055383,12.8249011680643,0.33,0.119326428772222,7.37792042799738,0.175,0.150520750211865,1.017423759841,0.00498560448886443,0.169664490083152,7.31081832073186,0.27371664874188,0.154915479460569,5.37257572706184,0.17789240592287,0.191883310126122,1.27725193454067,0.0357605210045609,0.176116481871678,7.74412301428478,0.245250484616659,0.15503580240678,4.7881753057283,0.0720714008801955,2.56927706565503
0.122221062304938,57.9916598558987,1.04,0.178066654398772,14.5573237532004,0.2146,0.190003864744595,7.12732336743282,0.33,0.130596711521552,5.85981549695445,0.175,0.187738174110756,1.00288309926358,0.0128945761072003,0.180459171391084,17.4908414355252,0.511060934781448,0.190366533570409,19.6256118755653,0.60009413344897,0.150683223838961,6.24020417473294,0.0176649050367372,0.180776875617568,3.85830538552188,0.166002703914627,0.181206975044718,1.8463608342542,0.0755645057532519,3.14288175904223
0.111489109007562,235.186508958782,1.04,0.19120874028094,6.35186780125658,0.2146,0.182722839559133,7.63732849425456,0.33,0.13957288024457,5.2827666892935,0.175,0.172366447513733,1.00867425853989,0.00148002010711908,0.183656469275025,5.19013667692469,0.232914584423258,0.187676179118691,8.73947554283164,0.371730818707075,0.188337374572063,2.45526020256225,0.0403413251694041,0.171888041018709,16.3231210310229,0.296378983271919,0.177695185766636,1.1817296425721,0.0507407421088333,2.75318647378761
0.13961509894481,33.2911667934025,1.04,0.190806806916963,6.42545597022062,0.2146,0.180348246676045,7.86045568946845,0.33,0.111702732401944,9.89686733905512,0.175,0.165339655247338,1.61734325078285,0.0193831731849895,0.194948486170792,209.208894717806,1.11668307847453,0.193074054158206,9.15145972170511,0.408137573611423,0.180481742362094,9.31091255809072,0.0381400724330924,0.191426984535606,11.5882005855279,0.378641299094809,0.194384467521736,5.67464221589759,0.165081138622147,3.88566633542099
0.147325352259446,29.9709634242785,1.04,0.180391163958808,11.8314103761204,0.2146,0.176469447580119,8.32645674178507,0.33,0.134458531634533,5.56381506816292,0.175,0.198736658131189,1.68871705388817,0.0393207766798293,0.19223891910934,95.8838439353261,0.97093222452372,0.172026189014229,16.3701822092467,0.404260721270852,0.164753264668885,1.90028922105573,0.0228684812779766,0.124889131463302,4.53329627591397,0.0762949471034926,0.169499905246511,9.39167782086193,0.111953775837409,3.38523092669328
0.116538105302826,91.7786000082829,1.04,0.196155224436129,5.50009492671021,0.2146,0.146591540346803,70.133087988113,0.33,0.124534162170903,6.49989667874954,0.175,0.141781110029122,1.00577451078852,0.00114302255894224,0.186744245152111,37.9441463047634,0.747376743188894,0.154418359286094,6.44098426295101,0.196459840023448,0.109253677451125,1.00867425853989,0.00447096089713034,0.159090827512347,7.37423424898408,0.18080442836507,0.176700899598266,5.19013667692469,0.115035966909567,3.00489096194305
0.137835835566939,34.4514745147866,1.04,0.193637136325614,5.89366155277994,0.2146,0.171134860539104,9.23597484422661,0.33,0.115286570652883,8.47157152646274,0.175,0.171382452154042,5.23515726431772,0.0249468871352248,0.162065264323161,4.81582467568853,0.183130757684642,0.163485104796471,32.0166835936232,0.396242714484897,0.18425427651715,1.00577451078852,0.00306429751202471,0.189905072598956,17.5918424880948,0.431552351172881,0.12797775204986,6.42246765119551,0.0390890719986129,2.83762607998828
0.131809484380861,39.511453397773,1.04,0.185278601860414,8.18382771794484,0.2146,0.161399659882481,12.4608530340153,0.33,0.115449545041998,8.37455001705244,0.175,0.181261842351121,4.88564863828298,0.0313686885757406,0.156357021778566,5.60966897361054,0.192878833849962,0.169126192679837,7.65545473146367,0.269160687187706,0.194059251270354,14.7585013912184,0.0540008412772087,0.192995133162063,11.9955386652786,0.399461286046883,0.190325980152407,3.98244730043134,0.133982841995307,2.84045317893281
0.120259933244861,66.5090478165863,1.04,0.182927517793124,9.50580704584117,0.2146,0.185326893205486,7.42053499612018,0.33,0.106775861543923,13.6636831932795,0.175,0.178116688397868,2.26510726072284,0.0272902089233235,0.144323022964948,28.4520477169552,0.273291611186153,0.123246273045938,1.83048275359669,0.0523280387066197,0.163319400203073,1.01449885892793,0.0155199934125665,0.147364677151562,4.71974439753259,0.120860351902091,0.122180173637461,5.99369202303595,0.0332797859333274,2.28216999006408
0.146281166731943,30.315190586218,1.04,0.182464755117017,9.78352248861393,0.2146,0.166436920283828,10.4233904064403,0.33,0.134076423698554,5.59595143755845,0.175,0.196633550316692,1.017423759841,0.0192626182903466,0.189802238256273,70.6662919109886,0.889171305850673,0.173185662903084,5.6910027726913,0.230250849639509,0.176722903785623,1.00867425853989,0.0209196566511156,0.182455715202993,6.2943333190863,0.241076839845624,0.189136053752285,4.3542135747773,0.137375906290042,3.29765717656731
0.127548250254566,45.5220735006315,1.04,0.183698834732994,9.02563442555289,0.2146,0.188796931545873,7.20989540649827,0.33,0.138953296563615,5.31327973469088,0.175,0.197447464447621,1.01158236655188,0.0212474512842833,0.170290064905056,12.8536732852339,0.379721160119178,0.153407297749976,5.45047194460812,0.176202672671717,0.143643176055618,1.00288309926358,0.00877352472344475,0.163519247710621,8.96887940476934,0.210719062698405,0.170460588344445,2.09570588324384,0.0710197911123944,2.62728366260942
0.137572577447135,34.6883445186206,1.04,0.182670103444656,9.67147573126437,0.2146,0.14742900321583,49.6418461143244,0.33,0.117305377641352,7.86045568946845,0.175,0.144837381973259,1.01158236655188,0.00639811381375624,0.128453568772361,5.5136013085513,0.123485005729756,0.142632528171216,3.28381811862624,0.10716392582209,0.180271903418096,1.00577451078852,0.00115584883911647,0.183252533344856,6.09812467340626,0.23903093187646,0.158428237768749,6.62911211113257,0.0828774480612824,2.31971127414246
0.143015125588613,31.5874712871515,1.04,0.182731097599319,9.61593448503166,0.2146,0.17831522974075,8.0901016229141,0.33,0.116426956981194,8.13682972063414,0.175,0.196119818563559,1.00288309926358,0.00483653513170071,0.191233080753928,13.2672433518329,0.525359878070081,0.190623525785831,234.068156985336,0.899439042753599,0.154858474594449,2.79486986091936,0.0187388356804632,0.179104509498361,8.63941072106801,0.271958987826886,0.183718610146022,1.45811221351425,0.0643486343613498,3.54428191382408
0.128577303394341,43.6885346568656,1.04,0.188453331035582,7.04569699279812,0.2146,0.179769210721211,7.90585736162312,0.33,0.140995965884217,5.22226528215118,0.175,0.183756558885258,1.77342245446464,0.0296888589978899,0.104423056511893,3.30278056177977,0.060843582852327,0.166313688182673,6.98169689372975,0.244565847938216,0.175035639142704,1.01449885892793,0.0222247413914209,0.139437766556673,4.07523387938939,0.0975817127554138,0.16135701251668,9.04667778353943,0.0924425463461935,2.30694729028146
0.127286498047568,45.730492159725,1.04,0.188887287807754,6.96500545227891,0.2146,0.158972861439423,14.062872426727,0.33,0.127532122693387,6.13612145164168,0.175,0.156492566257613,1.97844545312916,0.0160827123890239,0.175555527713157,12.9651693704974,0.415189534678023,0.199374760122176,12.2750213329814,0.534690100254194,0.18276145608434,3.25557838997471,0.0371530136721033,0.158707072121447,2.94352153037066,0.107274573430447,0.18740580889841,4.66570449781614,0.135143513441641,3.00513344786543
0.136685024131877,35.1669814998765,1.04,0.172211445700154,72.1820504265165,0.2146,0.182468680421845,7.68144139281058,0.33,0.107921952023989,12.5328264140034,0.175,0.185219678010475,1.55345194953386,0.0294506856794347,0.182003706817313,21.8315600677534,0.578376846523442,0.142948083379848,2.87650223749675,0.0962662546986129,0.121158274414368,1.00288309926358,0.00600554748603874,0.199984240769935,6.98169689372975,0.318671964190291,0.165438819686405,5.80685504843578,0.0939992408390145,2.88237053941683
0.140941027367224,32.6138251119006,1.04,0.174279035566738,28.8888574021513,0.2146,0.178925109575172,7.99744893524145,0.33,0.123989606920337,6.57519980375318,0.175,0.173696446108767,1.43727338940046,0.0225244268093598,0.107345901484803,1.71814085427452,0.0415041563616811,0.162277016596076,6.47817779606607,0.220490086588788,0.193501236428292,1.00288309926358,0.00941861738194475,0.118961005731721,1.52245910708953,0.0396574186642089,0.189530903799718,8.370100693918,0.170741635177692,2.26393634098367
0.129276288475913,42.6045870395527,1.04,0.182573874515474,9.72733778147489,0.2146,0.195465009289603,6.88523803959517,0.33,0.140504297540773,5.25242887388322,0.175,0.138861693107156,1.00288309926358,0.00493414454459124,0.19113566494689,188.069590808229,0.99514414063727,0.117206681026724,1.4963864293158,0.0405099382720722,0.185794259231736,50.6029742786953,0.0452933104252827,0.187722275364166,3.40904833026788,0.156297466346455,0.183678753792066,1.4963864293158,0.0656307105588013,3.06740971078447
0.155061424923722,27.9222999702044,1.04,0.185921233158734,7.95152127198837,0.2146,0.189267291421669,7.16849049713269,0.33,0.11204604397655,9.78352248861393,0.175,0.135987974735312,1.01449885892793,0.00450865749625776,0.0889536846981524,16.464712003024,0.059394470809295,0.190246434674329,17.1913042784243,0.569117457394626,0.185539512901394,1.93897358646993,0.0359503916487343,0.176879531293022,6.61005466738882,0.229124775010895,0.15593992717327,2.69220128298041,0.0620191413210979,2.71971489368091
0.111512333683056,245.617260255597,1.04,0.198787476606669,5.16245677334822,0.2146,0.196441420382699,6.84569756904508,0.33,0.10244657943323,23.0771190657875,0.175,0.170467164870842,1.00288309926358,0.0158861468402713,0.169271432526038,4.21848286189654,0.173052225988643,0.183404754682164,10.9083594392703,0.405085644098063,0.195775940632014,1.4455729400936,0.0405222031004752,0.150545792032856,8.03944940844679,0.157271981599518,0.151698289545885,3.19982540066046,0.0606089106637013,2.61202711229067
0.130037016464624,41.7377546210871,1.04,0.176845146943675,17.7061468586161,0.2146,0.147755679708919,47.1342573099534,0.33,0.124983680064335,6.42545597022062,0.175,0.132802750259245,1.00867425853989,0.00173314074274123,0.160629099918629,9.04667778353943,0.274140493362947,0.181280490288012,5.48194575365476,0.239638775115395,0.112916938838571,1.01158236655188,0.00367580339178963,0.179097796434,9.91971340151178,0.28930784178358,0.14673159920345,1.00867425853989,0.0323688848447476,2.6004649392412
0.116972930011008,88.0819400101547,1.04,0.193234748289548,5.96194127391598,0.2146,0.146842658978057,64.3286151471491,0.33,0.109181608717002,11.4955635096105,0.175,0.172638280308276,1.4249133228412,0.0219783424404754,0.137204164637653,13.8926692519835,0.201838259741371,0.119754110674974,49.166910368017,0.138035028179723,0.172314181109429,1.01158236655188,0.0171684208362655,0.0598278643123336,1.27725193454067,0.0102693670897425,0.190811235192531,2.66137624774655,0.108551042804575,2.25744046109215
0.120779323260234,63.9761487615482,1.04,0.171290661306447,244.734021800108,0.2146,0.156239516877964,16.1474538514202,0.33,0.114069697893225,8.87102875502857,0.175,0.178304663562256,1.00577451078852,0.0172774594421598,0.165668018389913,6.57210398204128,0.241268587424187,0.184564711879354,5.92506573979369,0.263988546262618,0.192734123220847,2.07171057200942,0.0419138149716494,0.0936132222719765,9.58286508470002,0.0394911544326033,0.160342390101027,4.77441020717598,0.0801233543511466,2.44366291688436
0.128899727167199,43.2912174176546,1.04,0.17945125973635,12.8989772752585,0.2146,0.184774905678493,7.46339570425412,0.33,0.119092900810734,7.46339570425412,0.175,0.125267658982474,1.01158236655188,0.00388861701300627,0.186029611101585,183.787546033967,0.883528358833475,0.177086794595458,12.6335493553273,0.400982765928175,0.166720033758261,5.01389279437678,0.026025686947251,0.19942860222579,13.2291025360534,0.459974009029125,0.192744891849591,3.40904833026788,0.127419542250208,3.66141898000124
0.151312944971088,28.7637924542932,1.04,0.174391898483984,27.5880090752022,0.2146,0.148773417877056,37.007022321605,0.33,0.130027374978789,5.89366155277994,0.175,0.171584958478307,1.01158236655188,0.0174789040672226,0.185875130069836,98.4007139681323,0.83645292671212,0.130738055667243,2.16937226517279,0.0661410487378252,0.159707515239406,1.19198027101602,0.0186157699230843,0.144175055755989,3.18145405986858,0.0935066697148853,0.131394814385016,7.3318961356485,0.043479719732323,2.83527503888746
0.145645763978571,30.5236217030721,1.04,0.193358264975333,5.9277031020464,0.2146,0.19297315457169,7.00523504030693,0.33,0.101724514454619,26.650959936689,0.175,0.19375442690107,9.83440721077889,0.0439178898649139,0.142666810140783,5.31106107095859,0.153460843104587,0.187291815068118,5.5136013085513,0.252250101881405,0.170736901218732,1.017423759841,0.021130964642666,0.191621003952011,14.1754836193795,0.411391183032381,0.148711591509631,9.44591016576076,0.0691585867818251,2.71090956930778
0.12298331087642,55.9106861279436,1.04,0.194015971971122,5.7927053813632,0.2146,0.17482421411536,8.56971705725559,0.33,0.119782416708193,7.293424065782,0.175,0.196094882612616,6.02830266228601,0.0453436958674531,0.162615151559286,18.7420980057214,0.373802665495835,0.184292291981334,121.065599013,0.751303422653089,0.174232272371962,1.29204553462562,0.0256792074515436,0.190307951997302,3.88058521159597,0.17995211498538,0.168826775083768,11.3897483457029,0.114631691018321,3.25031279747162
0.130962804883326,40.6093504828478,1.04,0.172377537391302,63.2266905388835,0.2146,0.14862327966957,39.6551091473924,0.33,0.11517426293589,8.47157152646274,0.175,0.134632309556329,1.00288309926358,0.00263905522396949,0.190708365898897,15.7234968241093,0.576191184416163,0.178294594601492,14.1347317845805,0.424346048268937,0.198009268056122,1.00288309926358,0.0201725894158346,0.158371293461644,2.46233896144414,0.0924579415084472,0.177897795358787,6.1865405227709,0.124461545781724,2.99986836461508
0.11765441625811,82.0611041461807,1.04,0.179187259127025,13.2758253606487,0.2146,0.158805670332848,14.225794745742,0.33,0.135376895579061,5.50009492671021,0.175,0.19023772488565,1.017423759841,0.0249937850857395,0.187023527378245,228.081217397262,0.921960720368252,0.174925508354612,7.56780167843215,0.288244994303058,0.130169632377002,1.01158236655188,0.00165106005371764,0.179686057468966,4.12243473196511,0.173796780015791,0.136916019035906,1.00288309926358,0.00327344050577345,3.17352078033233
0.119463265509961,70.4171958185721,1.04,0.177094327861349,16.5237667002994,0.2146,0.17226160515588,9.02563442555289,0.33,0.126658493092498,6.24306273180741,0.175,0.19004228746898,1.01158236655188,0.0239332573714276,0.133822399936142,3.68461060628057,0.107098457397144,0.177842740137265,5.25025074237118,0.224837129564249,0.190596190891591,1.01158236655188,0.0144272191255212,0.166920371928822,9.0989179220007,0.224358727284598,0.180971696627713,2.95200799512719,0.0998680213268001,2.45412281206974
0.133717707324646,37.575153941676,1.04,0.191679120772922,6.27912240806387,0.2146,0.180947230346174,7.81531474954562,0.33,0.107275636094647,13.1995850943453,0.175,0.19392272182954,2.33798763817471,0.0383919726404793,0.188696157119144,35.1064040208769,0.748422016408345,0.191161825412635,28.9477893633602,0.695964476730158,0.149717469769077,1.01449885892793,0.013088443737768,0.15078761435738,4.40464567244553,0.123388206687853,0.192545787395677,7.83381828565906,0.176608703470342,3.55546381967495
0.152548085872379,28.5022055025463,1.04,0.18895127757167,6.92500689429393,0.2146,0.166779701199831,10.3040154985797,0.33,0.102696220246164,22.5515599377096,0.175,0.174941218835831,1.01158236655188,0.00989692790776234,0.133699432166414,2.65372529430481,0.0824496191440449,0.137087787925419,6.45955425993623,0.14695687193452,0.147779545020857,1.01449885892793,0.00951454214061806,0.130457807809646,15.9974592566334,0.112413639125704,0.133079642755355,1.21624552488348,0.0290946698943221,2.14992627014697
0.126553261035432,47.1086689391147,1.04,0.186900355570921,7.54986123554579,0.2146,0.185886488598522,7.37792042799738,0.33,0.102028525796189,25.597886085113,0.175,0.120083546127434,1.00867425853989,0.00271722793025064,0.18521492625215,39.5047358569031,0.717481637513298,0.102626379456235,1.29204553462562,0.0299595319327965,0.177434685563027,1.00288309926358,0.00351685263221305,0.125839843238657,4.00544398533237,0.0751144596790257,0.179307903522262,3.90299369276608,0.110285799074403,2.69867550876199
0.140905191022517,32.6138251119006,1.04,0.183039810426807,9.39694085202226,0.2146,0.175290389216475,8.47157152646274,0.33,0.109970606086077,10.9148811093176,0.175,0.154750595994898,1.00288309926358,0.00998442778643163,0.164553434636692,4.17018228211692,0.165102464331536,0.183333668440265,13.6941201359897,0.460101303460148,0.168894128476945,1.01158236655188,0.0104311319807311,0.180642328228952,3.30278056177977,0.144459988504957,0.193144152180724,2.23273514877728,0.0987964491889073,2.64847576525271
0.129526716008843,42.4104148257264,1.04,0.194703018019775,5.69347855060436,0.2146,0.192936256378399,7.00523504030693,0.33,0.118689211991736,7.50650397409388,0.175,0.147113488655647,1.00577451078852,0.00851536722767286,0.140593231709939,5.32637338722108,0.148474676921582,0.196172909185542,12.7065019223768,0.529265198932718,0.126650879801945,1.00577451078852,0.00812817855296365,0.0951809415094456,2.56361151152847,0.0325462360163729,0.13233822703116,1.00288309926358,0.0228300133212076,2.50935967097252
0.120417691238006,64.8589049478277,1.04,0.177078281644166,16.5237667002994,0.2146,0.168697369310446,9.78352248861393,0.33,0.111512136626596,10.0115253213603,0.175,0.186949611193478,1.00867425853989,0.00999442083696184,0.155142212452608,23.8695626167564,0.340151792355836,0.181886052849595,21.5195511317025,0.530487530745561,0.158849222392275,1.75817161928149,0.0194697246655052,0.167079184743331,15.3213249660846,0.261328696191356,0.179191031224456,1.36076598863131,0.0582376566052675,2.97926982140049
0.138844864568954,33.8276988438502,1.04,0.191789733700646,6.24306273180741,0.2146,0.163529298419707,11.4295469118117,0.33,0.112340336300195,9.61593448503166,0.175,0.16062641966657,2.52697328239242,0.0180846874800173,0.151920232731387,16.8483214233231,0.294191203964639,0.186040509023993,15.2772790540943,0.501355453490729,0.175573000502375,1.00288309926358,0.00107768404710567,0.136141488487687,10.7524610237587,0.121577843186479,0.192820399494598,3.84721348715026,0.136020143521846,2.83190701569082
0.114424964298017,122.66347086177,1.04,0.176827302995771,17.7061468586161,0.2146,0.19557600373517,6.88523803959517,0.33,0.103602262802457,19.6402301778248,0.175,0.146686171979289,1.01449885892793,0.00105786278139008,0.179400688634101,8.86618796583124,0.350614428010832,0.0892666594228031,13.8129064745256,0.0538939517101709,0.153025496704922,1.01449885892793,0.0124798851761357,0.180855230551613,5.16033824803901,0.207324362809998,0.189796032072889,11.2593385593765,0.183944864422461,2.56891535491099
0.11040452734139,428.832138089237,1.04,0.19484471473036,5.69347855060436,0.2146,0.178645109277622,8.0436418748083,0.33,0.114080625424845,8.87102875502857,0.175,0.174091590682018,1.01158236655188,0.00140721569984914,0.188348177362823,5.75691805285236,0.265070516340112,0.153767791625509,10.5379392096157,0.245949292086081,0.196673281307204,4.26734287669584,0.0526994422273883,0.167226206951361,3.01210229799636,0.119295357080446,0.187072365370459,8.03944940844679,0.161630797755561,2.60565262118944
0.143976595504931,31.157552901849,1.04,0.180125212585259,12.1071387841942,0.2146,0.151034642547518,26.3457371864337,0.33,0.10593907383855,14.8110310584131,0.175,0.137629592891622,1.017423759841,0.00673207896867425,0.141386165802669,6.45955425993623,0.167547347454318,0.0919897481825204,2.37188579111585,0.0383325391552124,0.19420550238363,1.95017021036364,0.0429134814894475,0.190744709792691,6.01097243209366,0.259039177122895,0.139337495170811,1.00577451078852,0.0155890896509739,2.28975371384152
0.125660504143016,48.750562497649,1.04,0.175253677336714,23.3444739588916,0.2146,0.15264024603335,22.165260329156,0.33,0.135472328253282,5.50009492671021,0.175,0.116007048045085,1.00288309926358,0.00487649966694241,0.189270435978521,65.9484816627422,0.873820760464672,0.192297562872036,58.9444080505326,0.845565572984659,0.183717106269265,2.88479547897935,0.0367819694529274,0.171936681127158,4.85759838400825,0.179446920791289,0.198144732883096,2.33798763817471,0.107574729432691,3.80766645279318
0.116475019571158,93.2577359230811,1.04,0.188060396524325,7.20989540649827,0.2146,0.180960902790838,7.81531474954562,0.33,0.125630647626382,6.35186780125658,0.175,0.179398681190163,1.01158236655188,0.0212823746998661,0.191056398755353,44.3263187784442,0.843519359628302,0.158240865038148,18.5809222819382,0.319267857772803,0.165789778626627,1.017423759841,0.00475780891678269,0.184794835927934,4.52026390637434,0.196941740918604,0.176883189620801,3.30278056177977,0.0989655369949182,3.24433467893128
0.146821440027107,30.1081827451107,1.04,0.196783239304068,5.40588040128206,0.2146,0.168456413398579,9.84003171633479,0.33,0.142971426031245,5.16245677334822,0.175,0.148304403257491,1.00577451078852,0.00873130453822177,0.144495822480508,14.8865204479472,0.239901804468672,0.10469664696,23.0590127888488,0.0873986270659747,0.182935904624535,1.0808326105459,0.0286298196875392,0.175758072849624,12.1344753910871,0.294873041290507,0.154009361920562,2.89311263070037,0.0619542827578636,2.48108887980878
0.144214211101696,31.0864708846003,1.04,0.18381776018595,8.97380210978585,0.2146,0.151510392908146,25.304723767126,0.33,0.118431165174048,7.59346892677529,0.175,0.0950910775163166,1.00288309926358,0.00137511865334967,0.176958948734954,8.10918567113405,0.319730847859452,0.187725367497944,52.6842036818354,0.737678128718961,0.143644304889387,1.00288309926358,0.00481139388595823,0.141190935685859,8.03944940844679,0.128668761475619,0.185101263718353,1.295770630155,0.0583053242474181,3.01016957484076
0.13751089695593,34.6883445186206,1.04,0.178032440077821,14.6414062627396,0.2146,0.163275812051963,11.5619614165913,0.33,0.141386584832631,5.22226528215118,0.175,0.198252401341075,1.00288309926358,0.00873142525664322,0.181906492089735,7.28980110054726,0.312331747916472,0.147718830032716,5.6910027726913,0.165415969519316,0.106166380869161,1.00867425853989,0.00146304670092723,0.158198208978063,10.5076446271293,0.197166879309441,0.18111587189243,2.16313573014221,0.083993880209552,2.52870294891235
0.148572951978525,29.5630463712104,1.04,0.181407709669179,10.5441483060703,0.2146,0.184257014551631,7.50650397409388,0.33,0.114187073529874,8.82008430703416,0.175,0.196925832996054,1.68386231169735,0.0384921786269666,0.143508292019072,7.56780167843215,0.187320009227951,0.197169621831751,19.2895159816518,0.667979781832156,0.196163218325571,1.01158236655188,0.0240163250377846,0.170159494150528,11.3897483457029,0.258728216870127,0.093502626377215,1.00288309926358,0.00123571349217153,2.93737222508716
0.134948628830715,36.4758827075144,1.04,0.193347922015872,5.9277031020464,0.2146,0.195241335102017,6.88523803959517,0.33,0.138105134725531,5.37483556977805,0.175,0.167246584291065,1.00288309926358,0.01648829711485,0.128937172840437,3.6740180475533,0.099679266880206,0.164141928011825,4.45566189315493,0.172485534006509,0.194744083439554,3.41887695499837,0.0484057765723667,0.181192544496431,12.4529951356256,0.330008996437528,0.169099315850477,4.0401882420282,0.091846729607549,2.51851460061901
0.115197415801043,109.675892380264,1.04,0.197990241383627,5.25242887388322,0.2146,0.165390083181881,10.7898773556513,0.33,0.111188792696355,10.1860077436388,0.175,0.195566284049995,1.017423759841,0.0165027111899745,0.194638731222811,9.52784643268317,0.436117895348165,0.190612454275518,6.62911211113257,0.30529268402779,0.195796497484457,1.00288309926358,0.0102969071178227,0.161318409781986,5.49775074742009,0.164971142802261,0.182701892088828,1.71814085427452,0.0727789684073562,2.76556030889337
0.127445400258841,45.5220735006315,1.04,0.198268132106007,5.22226528215118,0.2146,0.187012745567312,7.293424065782,0.33,0.106800036248457,13.6636831932795,0.175,0.119156167718978,1.00288309926358,0.00155292491758658,0.147043265591206,19.6256118755653,0.270072959628084,0.189403327456324,71.6908725083659,0.799552512024735,0.180516561314663,1.01158236655188,0.0183604595208734,0.162187975080473,3.10007958542497,0.11572488764628,0.151252533856496,1.77342245446464,0.0481222873735642,3.01298603111112
