Region_no,Region_name,Period_yr,Region_Q_Mt_yr,Number_of_Wells,Max_Capacity_Gt,Max_Q_Mt_yr,Optimum_Q_Mt_yr,Distance_km,AssignedCountry,RegionGroup,ScreeningCase
1,Adavale,10,0.2086665692234202,1,0.0020866656922342,0.2086665692234202,0.2086665692234202,2.0,Australia,South Pacific,Australia
1,Adavale,20,0.2064365407036738,1,0.0041287308140734,0.2064365407036738,0.2064365407036738,2.0,Australia,South Pacific,Australia
1,Adavale,30,0.2051564737601203,1,0.0061546942128036,0.2051564737601203,0.2051564737601203,2.0,Australia,South Pacific,Australia
1,Adavale,40,0.2042589068987762,1,0.008170356275951,0.2042589068987762,0.2042589068987762,2.0,Australia,South Pacific,Australia
1,Adavale,50,0.2035686900995162,1,0.0101784345049758,0.2035686900995162,0.2035686900995162,2.0,Australia,South Pacific,Australia
1,Adavale,60,0.2030085783727699,1,0.0121805147023661,0.2030085783727699,0.2030085783727699,2.0,Australia,South Pacific,Australia
1,Adavale,70,0.2025376754380633,1,0.0141776372806644,0.2025376754380633,0.2025376754380633,2.0,Australia,South Pacific,Australia
1,Adavale,80,0.2021317178264695,1,0.0161705374261175,0.2021317178264695,0.2021317178264695,2.0,Australia,South Pacific,Australia
1,Adavale,90,0.2017751349793109,1,0.0181597621481379,0.2017751349793109,0.2017751349793109,2.0,Australia,South Pacific,Australia
1,Adavale,100,0.2014573423408936,1,0.0201457342340893,0.2014573423408936,0.2014573423408936,2.0,Australia,South Pacific,Australia
1,Adavale,110,0.2011708197355802,1,0.0221287901709138,0.2011708197355802,0.2011708197355802,2.0,Australia,South Pacific,Australia
1,Adavale,120,0.2009100338498477,1,0.0241092040619817,0.2009100338498477,0.2009100338498477,2.0,Australia,South Pacific,Australia
1,Adavale,130,0.2006707958381424,1,0.0260872034589585,0.2006707958381424,0.2006707958381424,2.0,Australia,South Pacific,Australia
1,Adavale,140,0.2004498589910228,1,0.0280629802587431,0.2004498589910228,0.2004498589910228,2.0,Australia,South Pacific,Australia
1,Adavale,150,0.2002446563261861,1,0.0300366984489279,0.2002446563261861,0.2002446563261861,2.0,Australia,South Pacific,Australia
3,Al Daww,10,2099.1597709871003,1681,20.991597709871,6.077806046016759,1.248756556208864,4.8,Syria,Middle East,Middle East
3,Al Daww,20,1096.2851961834872,1024,21.925703923669747,5.977764251797178,1.0705910118979367,6.2,Syria,Middle East,Middle East
3,Al Daww,30,724.0478329851809,676,21.721434989555423,5.9209016580945235,1.0710766760135813,7.6,Syria,Middle East,Middle East
3,Al Daww,40,540.2784888192925,484,21.611139552771704,5.881271324119059,1.1162778694613482,9.0,Syria,Middle East,Middle East
3,Al Daww,50,426.771965379515,361,21.33859826897575,5.850929901131765,1.182193809915554,10.4,Syria,Middle East,Middle East
3,Al Daww,60,363.0874785146116,361,21.785248710876697,5.826392642459107,1.005782488960143,10.4,Syria,Middle East,Middle East
3,Al Daww,70,298.5126653154691,272,20.89588657208284,5.8058218886450925,1.0974730342480483,11.8,Syria,Middle East,Middle East
3,Al Daww,80,266.92998643796426,225,21.35439891503714,5.788130834485463,1.1863554952798412,13.2,Syria,Middle East,Middle East
3,Al Daww,90,241.2423928754908,225,21.711815358794173,5.772623902735075,1.0721884127799592,13.2,Syria,Middle East,Middle East
3,Al Daww,100,211.80174124413617,182,21.180174124413615,5.758829337342727,1.163745831011737,14.6,Syria,Middle East,Middle East
3,Al Daww,110,195.15859296133365,182,21.4674452257467,5.746412636675276,1.0722999613260091,14.6,Syria,Middle East,Middle East
3,Al Daww,120,169.13832465275033,110,20.29659895833004,5.735128117110994,1.5376211332068213,18.8,Syria,Middle East,Middle East
3,Al Daww,130,156.64573551483974,110,20.363945616929165,5.724790091191171,1.4240521410439977,18.8,Syria,Middle East,Middle East
3,Al Daww,140,146.64674867359335,110,20.53054481430307,5.715254847273824,1.3331522606690305,18.8,Syria,Middle East,Middle East
3,Al Daww,150,138.43927253277505,110,20.765890879916256,5.706408914475788,1.258538841207046,18.8,Syria,Middle East,Middle East
6,Anadarko,10,14350.933939860795,8010,143.50933939860795,19.998,1.7916272084720095,2.0,USA,North America,US
6,Anadarko,20,7037.03481910954,2970,140.7406963821908,19.998,2.369371992966175,3.3,USA,North America,US
6,Anadarko,30,4723.365889036718,1560,141.70097667110153,19.998,3.027798646818409,4.5,USA,North America,US
6,Anadarko,40,3553.765709250255,1560,142.1506283700102,19.998,2.2780549418270866,4.5,USA,North America,US
6,Anadarko,50,2853.8093983238473,961,142.69046991619237,19.998,2.969624764124711,5.8,USA,North America,US
6,Anadarko,60,2384.209362559392,961,143.05256175356354,19.998,2.480967078625798,5.8,USA,North America,US
6,Anadarko,70,2049.255474733739,961,143.44788323136177,19.998,2.1324198488384387,5.8,USA,North America,US
6,Anadarko,80,1793.5407981735846,961,143.48326385388677,19.998,1.8663275735417113,5.8,USA,North America,US
6,Anadarko,90,1597.8702763698736,961,143.80832487328863,19.998,1.662716208501429,5.8,USA,North America,US
6,Anadarko,100,1438.991646185318,961,143.8991646185318,19.998,1.4973898503489262,5.8,USA,North America,US
6,Anadarko,110,1308.7286172065133,961,143.96014789271646,19.998,1.361840392514582,5.8,USA,North America,US
6,Anadarko,120,1201.8185139015516,961,144.2182216681862,19.998,1.2505915857456311,5.8,USA,North America,US
6,Anadarko,130,1109.239016769791,961,144.20107218007283,19.998,1.154254960218305,5.8,USA,North America,US
6,Anadarko,140,1030.856759526344,961,144.31994633368816,19.998,1.072691737280275,5.8,USA,North America,US
6,Anadarko,150,962.6708943631224,961,144.40063415446838,19.998,1.001738703811782,5.8,USA,North America,US
7,Appalachian,10,0.0940153491943455,1,0.0009401534919434,0.0940153491943455,0.0940153491943455,2.0,USA,North America,US
7,Appalachian,20,0.0925850146395921,1,0.0018517002927918,0.0925850146395921,0.0925850146395921,2.0,USA,North America,US
7,Appalachian,30,0.0917707264477555,1,0.0027531217934326,0.0917707264477555,0.0917707264477555,2.0,USA,North America,US
7,Appalachian,40,0.091202647350656,1,0.0036481058940262,0.091202647350656,0.091202647350656,2.0,USA,North America,US
7,Appalachian,50,0.0907674066521727,1,0.0045383703326086,0.0907674066521727,0.0907674066521727,2.0,USA,North America,US
7,Appalachian,60,0.090415226214361,1,0.0054249135728616,0.090415226214361,0.090415226214361,2.0,USA,North America,US
7,Appalachian,70,0.0901198390188492,1,0.0063083887313194,0.0901198390188492,0.0901198390188492,2.0,USA,North America,US
7,Appalachian,80,0.0898657025416438,1,0.0071892562033315,0.0898657025416438,0.0898657025416438,2.0,USA,North America,US
7,Appalachian,90,0.0896428649489162,1,0.0080678578454024,0.0896428649489162,0.0896428649489162,2.0,USA,North America,US
7,Appalachian,100,0.0894445741674705,1,0.008944457416747,0.0894445741674705,0.0894445741674705,2.0,USA,North America,US
7,Appalachian,110,0.0892660410281489,1,0.0098192645130963,0.0892660410281489,0.0892660410281489,2.0,USA,North America,US
7,Appalachian,120,0.0891037469703941,1,0.0106924496364472,0.0891037469703941,0.0891037469703941,2.0,USA,North America,US
7,Appalachian,130,0.0889550319680806,1,0.0115641541558504,0.0889550319680806,0.0889550319680806,2.0,USA,North America,US
7,Appalachian,140,0.0888178368161549,1,0.0124344971542616,0.0888178368161549,0.0888178368161549,2.0,USA,North America,US
7,Appalachian,150,0.0886905352625608,1,0.0133035802893841,0.0886905352625608,0.0886905352625608,2.0,USA,North America,US
8,Aquitaine-Bay of Biscay,10,12197.100951176408,1600,121.97100951176408,19.998,7.623188094485255,13.7,France,Europe,EU
8,Aquitaine-Bay of Biscay,20,6169.258946309635,1600,123.3851789261927,19.998,3.8557868414435217,13.7,France,Europe,EU
8,Aquitaine-Bay of Biscay,30,4128.947221147068,1600,123.86841663441204,19.998,2.5805920132169176,13.7,France,Europe,EU
8,Aquitaine-Bay of Biscay,40,3076.4135728230317,650,123.05654291292127,19.998,4.73294395818928,21.5,France,Europe,EU
8,Aquitaine-Bay of Biscay,50,2467.8008580732744,650,123.39004290366373,19.998,3.7966167047281143,21.5,France,Europe,EU
8,Aquitaine-Bay of Biscay,60,2060.883650365108,650,123.6530190219065,19.998,3.170590231330936,21.5,France,Europe,EU
8,Aquitaine-Bay of Biscay,70,1768.971102352048,650,123.82797716464336,19.998,2.721494003618535,21.5,France,Europe,EU
8,Aquitaine-Bay of Biscay,80,1550.616299734314,650,124.04930397874512,19.998,2.38556353805279,21.5,France,Europe,EU
8,Aquitaine-Bay of Biscay,90,1371.9132771712584,462,123.47219494541324,19.998,2.969509257946447,25.4,France,Europe,EU
8,Aquitaine-Bay of Biscay,100,1247.497126124599,462,124.74971261245987,19.998,2.700210229706924,25.4,France,Europe,EU
8,Aquitaine-Bay of Biscay,110,1149.6943646148447,272,126.46638010763292,19.998,4.226817516966341,33.2,France,Europe,EU
8,Aquitaine-Bay of Biscay,120,1071.015049465121,272,128.52180593581448,19.998,3.937555328915885,33.2,France,Europe,EU
8,Aquitaine-Bay of Biscay,130,1006.6721138894014,272,130.86737480562218,19.998,3.701000418711035,33.2,France,Europe,EU
8,Aquitaine-Bay of Biscay,140,953.2539328711902,272,133.45555060196662,19.998,3.504610047320552,33.2,France,Europe,EU
8,Aquitaine-Bay of Biscay,150,908.0820391931314,272,136.21230587896972,19.998,3.3385369087982775,33.2,France,Europe,EU
9,Arabian,10,67005.30088686045,12656,670.0530088686046,19.998,5.2943505757633105,10.2,Saudi Arabia,Middle East,Middle East
9,Arabian,20,35054.21448670575,12656,701.084289734115,19.998,2.769770424044386,10.2,Saudi Arabia,Middle East,Middle East
9,Arabian,30,23601.33328438517,12656,708.0399985315552,19.998,1.8648335401694984,10.2,Saudi Arabia,Middle East,Middle East
9,Arabian,40,17834.649021232715,12656,713.3859608493086,19.998,1.4091852892882992,10.2,Saudi Arabia,Middle East,Middle East
9,Arabian,50,14305.500525893,12656,715.2750262946499,19.998,1.130333480238069,10.2,Saudi Arabia,Middle East,Middle East
9,Arabian,60,11610.681899029794,3906,696.6409139417876,19.998,2.9725248077393225,18.5,Saudi Arabia,Middle East,Middle East
9,Arabian,70,10050.178411916271,3906,703.5124888341389,19.998,2.5730103461127167,18.5,Saudi Arabia,Middle East,Middle East
9,Arabian,80,8811.287987449212,3906,704.903038995937,19.998,2.2558340981692813,18.5,Saudi Arabia,Middle East,Middle East
9,Arabian,90,7877.43243830853,3906,708.9689194477678,19.998,2.0167517763206684,18.5,Saudi Arabia,Middle East,Middle East
9,Arabian,100,7112.334473505679,3906,711.2334473505679,19.998,1.820874161163768,18.5,Saudi Arabia,Middle East,Middle East
9,Arabian,110,6474.140481741087,3906,712.1554529915196,19.998,1.6574860424324338,18.5,Saudi Arabia,Middle East,Middle East
9,Arabian,120,5945.833020273207,3906,713.4999624327849,19.998,1.522230675953202,18.5,Saudi Arabia,Middle East,Middle East
9,Arabian,130,5511.9242981790685,3906,716.5501587632789,19.998,1.4111429334815844,18.5,Saudi Arabia,Middle East,Middle East
9,Arabian,140,5117.585729135713,3906,716.4620020789998,19.998,1.3101857985498495,18.5,Saudi Arabia,Middle East,Middle East
9,Arabian,150,4779.674837185792,3906,716.9512255778687,19.998,1.2236750735242683,18.5,Saudi Arabia,Middle East,Middle East
10,Arkoma,10,0.5827539104928761,1,0.0058275391049287,0.5827539104928761,0.5827539104928761,2.0,USA,North America,US
10,Arkoma,20,0.5691784825640331,1,0.0113835696512806,0.5691784825640331,0.5691784825640331,2.0,USA,North America,US
10,Arkoma,30,0.5615379047276121,1,0.0168461371418283,0.5615379047276121,0.5615379047276121,2.0,USA,North America,US
10,Arkoma,40,0.5562448433955977,1,0.0222497937358239,0.5562448433955977,0.5562448433955977,2.0,USA,North America,US
10,Arkoma,50,0.5522100798739936,1,0.0276105039936996,0.5522100798739936,0.5522100798739936,2.0,USA,North America,US
10,Arkoma,60,0.5489582931066308,1,0.0329374975863978,0.5489582931066308,0.5489582931066308,2.0,USA,North America,US
10,Arkoma,70,0.5462398152450891,1,0.0382367870671562,0.5462398152450891,0.5462398152450891,2.0,USA,North America,US
10,Arkoma,80,0.5439074590452563,1,0.0435125967236205,0.5439074590452563,0.5439074590452563,2.0,USA,North America,US
10,Arkoma,90,0.5418672715732618,1,0.0487680544415935,0.5418672715732618,0.5418672715732618,2.0,USA,North America,US
10,Arkoma,100,0.5400556771919253,1,0.0540055677191925,0.5400556771919253,0.5400556771919253,2.0,USA,North America,US
10,Arkoma,110,0.5384276873849072,1,0.0592270456123397,0.5384276873849072,0.5384276873849072,2.0,USA,North America,US
10,Arkoma,120,0.536950318014115,1,0.0644340381616938,0.536950318014115,0.536950318014115,2.0,USA,North America,US
10,Arkoma,130,0.5355986797251586,1,0.0696278283642706,0.5355986797251586,0.5355986797251586,2.0,USA,North America,US
10,Arkoma,140,0.5343535376997668,1,0.0748094952779673,0.5343535376997668,0.5343535376997668,2.0,USA,North America,US
10,Arkoma,150,0.5331997249863158,1,0.0799799587479473,0.5331997249863158,0.5331997249863158,2.0,USA,North America,US
13,Balearic,10,8963.321284665964,7140,89.63321284665965,13.197512258313903,1.2553671267039166,5.0,Spain,Europe,EU
13,Balearic,20,4381.94213634854,2756,87.6388427269708,12.951134908815792,1.5899644906925037,8.0,Spain,Europe,EU
13,Balearic,30,2970.668323995295,2756,89.12004971985884,12.811537573829948,1.0778912641492362,8.0,Spain,Europe,EU
13,Balearic,40,2178.99991158385,1444,87.159996463354,12.714433716815956,1.5090027088530815,11.0,Spain,Europe,EU
13,Balearic,50,1747.4124344339116,1444,87.37062172169558,12.640194338105394,1.2101194144279166,11.0,Spain,Europe,EU
13,Balearic,60,1477.1570264122768,1444,88.6294215847366,12.580222728416972,1.0229619296483912,11.0,Spain,Europe,EU
13,Balearic,70,1256.000787184641,900,87.92005510292488,12.529991202637756,1.3955564302051566,14.0,Spain,Europe,EU
13,Balearic,80,1101.2163059368013,900,88.09730447494411,12.486824777438349,1.2235736732631126,14.0,Spain,Europe,EU
13,Balearic,90,985.5496968333828,900,88.69947271500443,12.44901286694511,1.0950552187037583,14.0,Spain,Europe,EU
13,Balearic,100,863.2151977002428,600,86.32151977002428,12.415396163338745,1.4386919961670714,17.0,Spain,Europe,EU
13,Balearic,110,786.1959803662661,600,86.48155784028927,12.385153180474608,1.310326633943777,17.0,Spain,Europe,EU
13,Balearic,120,722.1624527389819,441,86.65949432867782,12.357680901587404,1.637556582174562,20.0,Spain,Europe,EU
13,Balearic,130,673.1179443086728,441,87.50533276012746,12.332523802495365,1.5263445449176254,20.0,Spain,Europe,EU
13,Balearic,140,626.9623268871458,441,87.77472576420041,12.30932949882544,1.421683280923233,20.0,Spain,Europe,EU
13,Balearic,150,585.5974761648944,441,87.83962142473416,12.287819877248266,1.3278854334804862,20.0,Spain,Europe,EU
14,Baltic,10,0.2987206619623574,1,0.0029872066196235,0.2987206619623574,0.2987206619623574,2.0,Latvia,Europe,EU
14,Baltic,20,0.2955999540885123,1,0.0059119990817702,0.2955999540885123,0.2955999540885123,2.0,Latvia,Europe,EU
14,Baltic,30,0.2938127645562059,1,0.0088143829366861,0.2938127645562059,0.2938127645562059,2.0,Latvia,Europe,EU
14,Baltic,40,0.2925613592580948,1,0.0117024543703237,0.2925613592580948,0.2925613592580948,2.0,Latvia,Europe,EU
14,Baltic,50,0.2916000079964601,1,0.014580000399823,0.2916000079964601,0.2916000079964601,2.0,Latvia,Europe,EU
14,Baltic,60,0.2908204766681883,1,0.0174492286000913,0.2908204766681883,0.2908204766681883,2.0,Latvia,Europe,EU
14,Baltic,70,0.2901655165241543,1,0.0203115861566908,0.2901655165241543,0.2901655165241543,2.0,Latvia,Europe,EU
14,Baltic,80,0.2896011879500226,1,0.0231680950360018,0.2896011879500226,0.2896011879500226,2.0,Latvia,Europe,EU
14,Baltic,90,0.2891057246140386,1,0.0260195152152634,0.2891057246140386,0.2891057246140386,2.0,Latvia,Europe,EU
14,Baltic,100,0.288664338152646,1,0.0288664338152646,0.288664338152646,0.288664338152646,2.0,Latvia,Europe,EU
14,Baltic,110,0.2882665265786005,1,0.031709317923646,0.2882665265786005,0.2882665265786005,2.0,Latvia,Europe,EU
14,Baltic,120,0.2879045657928056,1,0.0345485478951366,0.2879045657928056,0.2879045657928056,2.0,Latvia,Europe,EU
14,Baltic,130,0.2875726106619572,1,0.0373844393860544,0.2875726106619572,0.2875726106619572,2.0,Latvia,Europe,EU
14,Baltic,140,0.2872661322506177,1,0.0402172585150864,0.2872661322506177,0.2872661322506177,2.0,Latvia,Europe,EU
14,Baltic,150,0.286981550906659,1,0.0430472326359988,0.286981550906659,0.286981550906659,2.0,Latvia,Europe,EU
15,Banggai-Sula,10,550.7630381304886,529,5.507630381304885,9.150572728937556,1.0411399586587686,10.7,Indonesia,Asia,Indonesia
15,Banggai-Sula,20,259.205500388224,156,5.184110007764479,9.02961801176536,1.661573720437333,19.3,Indonesia,Asia,Indonesia
15,Banggai-Sula,30,176.93823164717713,100,5.308146949415314,8.960461475801248,1.7693823164717717,24.5,Indonesia,Asia,Indonesia
15,Banggai-Sula,40,134.24996411767816,100,5.369998564707126,8.912087875423081,1.3424996411767816,24.5,Indonesia,Asia,Indonesia
15,Banggai-Sula,50,109.02678498040066,100,5.451339249020033,8.874955184607886,1.0902678498040066,24.5,Indonesia,Asia,Indonesia
15,Banggai-Sula,60,87.4974474249312,49,5.249846845495872,8.84486398725294,1.7856621923455347,34.9,Indonesia,Asia,Indonesia
15,Banggai-Sula,70,75.78805855334099,49,5.305164098733869,8.819594469613476,1.546695072517163,34.9,Indonesia,Asia,Indonesia
15,Banggai-Sula,80,66.49131614460738,49,5.3193052915685906,8.797831306582971,1.3569656356042323,34.9,Indonesia,Asia,Indonesia
15,Banggai-Sula,90,59.71607559747335,49,5.374446803772601,8.778731316889269,1.218695420356599,34.9,Indonesia,Asia,Indonesia
15,Banggai-Sula,100,54.00876493122355,49,5.400876493122355,8.76172184963714,1.10221969247395,34.9,Indonesia,Asia,Indonesia
15,Banggai-Sula,110,49.7176289713672,49,5.468939186850392,8.74639637330581,1.0146454892115755,34.9,Indonesia,Asia,Indonesia
15,Banggai-Sula,120,45.62410311199307,36,5.474892373439168,8.732455979339406,1.2673361975553632,40.1,Indonesia,Asia,Indonesia
15,Banggai-Sula,130,42.854466035441064,36,5.571080584607338,8.71967453431198,1.190401834317807,40.1,Indonesia,Asia,Indonesia
15,Banggai-Sula,140,40.57656013551961,36,5.680718418972745,8.707876869605926,1.1271266704311005,40.1,Indonesia,Asia,Indonesia
15,Banggai-Sula,150,38.66506304519443,36,5.799759456779165,8.696924565089871,1.0740295290331785,40.1,Indonesia,Asia,Indonesia
16,Barreirinhas-Para-Maranhao,10,17274.03656063741,7832,172.7403656063741,19.998,2.205571573115093,5.4,Brazil,South America,Brazil
16,Barreirinhas-Para-Maranhao,20,8723.985008917234,7832,174.47970017834467,19.998,1.113889812170229,5.4,Brazil,South America,Brazil
16,Barreirinhas-Para-Maranhao,30,5719.268112391891,2916,171.5780433717567,19.998,1.961340230587068,8.8,Brazil,South America,Brazil
16,Barreirinhas-Para-Maranhao,40,4300.732982802462,2916,172.0293193120985,19.998,1.474874136763533,8.8,Brazil,South America,Brazil
16,Barreirinhas-Para-Maranhao,50,3449.1600578758553,2916,172.45800289379275,19.998,1.1828395260205264,8.8,Brazil,South America,Brazil
16,Barreirinhas-Para-Maranhao,60,2870.5573809899174,1521,172.23344285939507,19.998,1.887282959230715,12.2,Brazil,South America,Brazil
16,Barreirinhas-Para-Maranhao,70,2462.938260367163,1521,172.40567822570142,19.998,1.6192887970855772,12.2,Brazil,South America,Brazil
16,Barreirinhas-Para-Maranhao,80,2158.757080386251,1521,172.70056643090007,19.998,1.419301170536654,12.2,Brazil,South America,Brazil
16,Barreirinhas-Para-Maranhao,90,1921.9099056113769,1521,172.9718915050239,19.998,1.2635831069108328,12.2,Brazil,South America,Brazil
16,Barreirinhas-Para-Maranhao,100,1730.509543006801,1521,173.05095430068013,19.998,1.1377446042122297,12.2,Brazil,South America,Brazil
16,Barreirinhas-Para-Maranhao,110,1576.4414221330649,1521,173.40855643463715,19.998,1.0364506391407395,12.2,Brazil,South America,Brazil
16,Barreirinhas-Para-Maranhao,120,1436.187825310044,930,172.34253903720528,19.998,1.5442879842043484,15.7,Brazil,South America,Brazil
16,Barreirinhas-Para-Maranhao,130,1327.853071233756,930,172.62089926038828,19.998,1.4277990013266193,15.7,Brazil,South America,Brazil
16,Barreirinhas-Para-Maranhao,140,1236.2377177830958,930,173.07328048963342,19.998,1.329287868583974,15.7,Brazil,South America,Brazil
16,Barreirinhas-Para-Maranhao,150,1152.4060711725422,930,172.8609106758813,19.998,1.239146313088755,15.7,Brazil,South America,Brazil
17,Bass,10,1694.8578005192649,1225,16.948578005192648,1.9575064512037408,1.3835573881789918,8.0,Australia,South Pacific,Australia
17,Bass,20,913.2953090664716,784,18.26590618132943,1.925867640285418,1.164917486054173,10.0,Australia,South Pacific,Australia
17,Bass,30,617.3492232619417,552,18.520476697858253,1.9078698171928392,1.1183862740252566,12.0,Australia,South Pacific,Australia
17,Bass,40,453.77360525366754,400,18.150944210146704,1.8953200289701309,1.1344340131341688,14.0,Australia,South Pacific,Australia
17,Bass,50,359.9003169137826,306,17.995015845689128,1.8857083448498533,1.1761448265156291,16.0,Australia,South Pacific,Australia
17,Bass,60,308.6528590428682,306,18.519171542572096,1.87793316741954,1.0086694739963014,16.0,Australia,South Pacific,Australia
17,Bass,70,257.7343169004264,240,18.04140218302985,1.8714133833699176,1.07389298708511,18.0,Australia,South Pacific,Australia
17,Bass,80,224.34775398160255,196,17.947820318528205,1.8658052269142456,1.144631397865319,20.1,Australia,South Pacific,Australia
17,Bass,90,203.14110435894793,196,18.28269939230531,1.8608886323930685,1.0364342059129996,20.1,Australia,South Pacific,Australia
17,Bass,100,173.1376891051714,156,17.31376891051714,1.8565143180790924,1.1098569814434065,22.1,Australia,South Pacific,Australia
17,Bass,110,160.05210712817893,156,17.605731784099685,1.8525764172738095,1.0259750456934549,22.1,Australia,South Pacific,Australia
17,Bass,120,145.15449407844383,132,17.41853928941326,1.8489971619197465,1.099655258170029,24.1,Australia,South Pacific,Australia
17,Bass,130,135.91070682568125,132,17.66839188733856,1.8457177672107656,1.0296265668612214,24.1,Australia,South Pacific,Australia
17,Bass,140,124.29971539217868,100,17.401960154905016,1.8426927315481845,1.2429971539217868,28.1,Australia,South Pacific,Australia
17,Bass,150,118.12247632423524,100,17.71837144863529,1.839886124129834,1.1812247632423525,28.1,Australia,South Pacific,Australia
18,Beaufort-Mackenzie,10,0.3953833493905506,1,0.0039538334939055,0.3953833493905506,0.3953833493905506,2.0,Canada,North America,Canada
18,Beaufort-Mackenzie,20,0.3905174723610279,1,0.0078103494472205,0.3905174723610279,0.3905174723610279,2.0,Canada,North America,Canada
18,Beaufort-Mackenzie,30,0.3877313212069406,1,0.0116319396362082,0.3877313212069406,0.3877313212069406,2.0,Canada,North America,Canada
18,Beaufort-Mackenzie,40,0.3857807092311071,1,0.0154312283692442,0.3857807092311071,0.3857807092311071,2.0,Canada,North America,Canada
18,Beaufort-Mackenzie,50,0.3842823939663621,1,0.0192141196983181,0.3842823939663621,0.3842823939663621,2.0,Canada,North America,Canada
18,Beaufort-Mackenzie,60,0.3830675803000796,1,0.0229840548180047,0.3830675803000796,0.3830675803000796,2.0,Canada,North America,Canada
18,Beaufort-Mackenzie,70,0.3820469908486319,1,0.0267432893594042,0.3820469908486319,0.3820469908486319,2.0,Canada,North America,Canada
18,Beaufort-Mackenzie,80,0.3811677004167054,1,0.0304934160333364,0.3811677004167054,0.3811677004167054,2.0,Canada,North America,Canada
18,Beaufort-Mackenzie,90,0.380395768232845,1,0.034235619140956,0.380395768232845,0.380395768232845,2.0,Canada,North America,Canada
18,Beaufort-Mackenzie,100,0.3797081354092536,1,0.0379708135409253,0.3797081354092536,0.3797081354092536,2.0,Canada,North America,Canada
18,Beaufort-Mackenzie,110,0.3790884272834179,1,0.0416997270011759,0.3790884272834179,0.3790884272834179,2.0,Canada,North America,Canada
18,Beaufort-Mackenzie,120,0.3785246009254959,1,0.0454229521110595,0.3785246009254959,0.3785246009254959,2.0,Canada,North America,Canada
18,Beaufort-Mackenzie,130,0.3780075433024847,1,0.049140980629323,0.3780075433024847,0.3780075433024847,2.0,Canada,North America,Canada
18,Beaufort-Mackenzie,140,0.377530193685237,1,0.0528542271159331,0.377530193685237,0.377530193685237,2.0,Canada,North America,Canada
18,Beaufort-Mackenzie,150,0.3770869714880049,1,0.0565630457232007,0.3770869714880049,0.3770869714880049,2.0,Canada,North America,Canada
19,Beibuwan,10,1479.5326567180286,1225,14.795326567180288,13.696147963913797,1.2077817605861458,8.1,China,Asia,China
19,Beibuwan,20,749.0700303992767,552,14.981400607985533,13.513943289964494,1.3570109246363709,12.1,China,Asia,China
19,Beibuwan,30,492.9678479918537,400,14.789035439755612,13.40979056141182,1.2324196199796342,14.1,China,Asia,China
19,Beibuwan,40,369.73292176705536,306,14.789316870682214,13.336948021213551,1.20827752211456,16.1,China,Asia,China
19,Beibuwan,50,293.7077931787002,196,14.685389658935009,13.281038060252545,1.4985091488709192,20.2,China,Asia,China
19,Beibuwan,60,246.2017068147723,196,14.772102408886338,13.235733919835024,1.256131157218226,20.2,China,Asia,China
19,Beibuwan,70,211.52046701283336,196,14.806432690898337,13.197691580927994,1.0791860561879254,20.2,China,Asia,China
19,Beibuwan,80,181.01656842237617,100,14.481325473790092,13.164929730402648,1.8101656842237617,28.2,China,Asia,China
19,Beibuwan,90,161.44380437119173,100,14.529942393407255,13.136178338038825,1.6144380437119177,28.2,China,Asia,China
19,Beibuwan,100,146.98954346115164,100,14.698954346115164,13.110574902186428,1.4698954346115165,28.2,China,Asia,China
19,Beibuwan,110,134.22478667262604,100,14.764726533988863,13.087507151465472,1.3422478667262605,28.2,China,Asia,China
19,Beibuwan,120,123.14098356774564,100,14.776918028129478,13.066524922605891,1.2314098356774563,28.2,China,Asia,China
19,Beibuwan,130,113.63972499378012,100,14.773164249191415,13.047287666111512,1.1363972499378012,28.2,China,Asia,China
19,Beibuwan,140,105.8662105464604,100,14.821269476504456,13.029531592774296,1.058662105464604,28.2,China,Asia,China
19,Beibuwan,150,95.52340501223875,49,14.328510751835816,13.013048260008858,1.94945724514773,40.4,China,Asia,China
21,Big Horn,10,0.5789698425178058,1,0.005789698425178,0.5789698425178058,0.5789698425178058,2.0,USA,North America,US
21,Big Horn,20,0.5670055120786097,1,0.0113401102415721,0.5670055120786097,0.5670055120786097,2.0,USA,North America,US
21,Big Horn,30,0.5602543940516598,1,0.0168076318215497,0.5602543940516598,0.5602543940516598,2.0,USA,North America,US
21,Big Horn,40,0.5555700365091565,1,0.0222228014603662,0.5555700365091565,0.5555700365091565,2.0,USA,North America,US
21,Big Horn,50,0.5519951025279574,1,0.0275997551263978,0.5519951025279574,0.5519951025279574,2.0,USA,North America,US
21,Big Horn,60,0.5491112585142648,1,0.0329466755108558,0.5491112585142648,0.5491112585142648,2.0,USA,North America,US
21,Big Horn,70,0.5466985459757258,1,0.0382688982183008,0.5466985459757258,0.5466985459757258,2.0,USA,North America,US
21,Big Horn,80,0.5446271855172276,1,0.0435701748413782,0.5446271855172276,0.5446271855172276,2.0,USA,North America,US
21,Big Horn,90,0.5428142786736116,1,0.048853285080625,0.5428142786736116,0.5428142786736116,2.0,USA,North America,US
21,Big Horn,100,0.5412036965555593,1,0.0541203696555559,0.5412036965555593,0.5412036965555593,2.0,USA,North America,US
21,Big Horn,110,0.5397556993383115,1,0.0593731269272142,0.5397556993383115,0.5397556993383115,2.0,USA,North America,US
21,Big Horn,120,0.5384411373539947,1,0.0646129364824793,0.5384411373539947,0.5384411373539947,2.0,USA,North America,US
21,Big Horn,130,0.5372380053351337,1,0.0698409406935673,0.5372380053351337,0.5372380053351337,2.0,USA,North America,US
21,Big Horn,140,0.5361292907296837,1,0.0750581007021557,0.5361292907296837,0.5361292907296837,2.0,USA,North America,US
21,Big Horn,150,0.5351015740955631,1,0.0802652361143344,0.5351015740955631,0.5351015740955631,2.0,USA,North America,US
22,Bintuni,10,3957.2827964133257,2025,39.57282796413325,15.422898838425148,1.9542137266238644,5.6,Indonesia,Asia,Indonesia
22,Bintuni,20,2037.8941015649405,2025,40.75788203129881,15.192244951108307,1.0063674575629336,5.6,Indonesia,Asia,Indonesia
22,Bintuni,30,1352.4608013196944,1156,40.57382403959083,15.060733812086225,1.1699487900689398,7.4,Indonesia,Asia,Indonesia
22,Bintuni,40,1011.5245122049506,756,40.460980488198025,14.968902103609537,1.337995386514485,9.2,Indonesia,Asia,Indonesia
22,Bintuni,50,818.5499139479873,756,40.927495697399365,14.89849773393424,1.0827379814126816,9.2,Indonesia,Asia,Indonesia
22,Bintuni,60,676.8343906025328,529,40.61006343615197,14.841499964275904,1.279460095656962,11.0,Indonesia,Asia,Indonesia
22,Bintuni,70,584.200335522781,529,40.89402348659467,14.79367376341702,1.1043484603455216,11.0,Indonesia,Asia,Indonesia
22,Bintuni,80,496.079066716734,240,39.68632533733872,14.75251196719528,2.066996111319725,16.3,Indonesia,Asia,Indonesia
22,Bintuni,90,446.6926933872468,240,40.20234240485222,14.716408583102192,1.8612195557801952,16.3,Indonesia,Asia,Indonesia
22,Bintuni,100,404.9969579003278,240,40.49969579003278,14.684273600143973,1.687487324584699,16.3,Indonesia,Asia,Indonesia
22,Bintuni,110,368.8182773923152,240,40.570010513154664,14.655333647371185,1.5367428224679798,16.3,Indonesia,Asia,Indonesia
22,Bintuni,120,338.3524820562798,240,40.60229784675358,14.62902038044351,1.4098020085678329,16.3,Indonesia,Asia,Indonesia
22,Bintuni,130,313.66943049412384,240,40.777025964236095,14.604904026349772,1.3069559603921828,16.3,Indonesia,Asia,Indonesia
22,Bintuni,140,293.83945407684575,240,41.1375235707584,14.58265181089276,1.224331058653524,16.3,Indonesia,Asia,Indonesia
22,Bintuni,150,274.58833902777724,240,41.18825085416659,14.562000872895007,1.144118079282405,16.3,Indonesia,Asia,Indonesia
23,Black Warrior,10,104.73871358044153,100,1.0473871358044151,1.0473871358044151,1.0473871358044151,6.8,USA,North America,US
23,Black Warrior,20,57.86390241351205,56,1.157278048270241,1.0332839716698587,1.033283971669858,9.2,USA,North America,US
23,Black Warrior,30,36.90833912390011,36,1.1072501737170035,1.0252316423305587,1.0252316423305587,11.6,USA,North America,US
23,Black Warrior,40,25.49009910678915,25,1.019603964271566,1.0196039642715662,1.019603964271566,13.0,USA,North America,US
23,Black Warrior,50,20.305733107461226,20,1.015286655373061,1.0152866553730613,1.015286655373061,14.9,USA,North America,US
23,Black Warrior,60,16.188635160635844,16,0.9713181096381508,1.0117896975397405,1.0117896975397402,15.9,USA,North America,US
23,Black Warrior,70,16.141667423499722,16,1.1299167196449804,1.008854213968733,1.0088542139687326,17.3,USA,North America,US
23,Black Warrior,80,12.07592255719943,12,0.9660738045759544,1.0063268797666194,1.0063268797666192,18.8,USA,North America,US
23,Black Warrior,90,12.049313328948385,12,1.0844381996053545,1.0041094440790326,1.004109444079032,19.7,USA,North America,US
23,Black Warrior,100,9.01921680852376,9,0.901921680852376,1.0021352009470843,1.0021352009470843,20.7,USA,North America,US
23,Black Warrior,110,9.003211276057321,9,0.9903532403663052,1.000356808450814,1.0003568084508134,21.6,USA,North America,US
23,Black Warrior,120,0.9987394664728988,1,0.1198487359767478,0.9987394664728988,0.9987394664728988,2.0,USA,North America,US
23,Black Warrior,130,0.9972568536195554,1,0.1296433909705422,0.9972568536195554,0.9972568536195554,2.0,USA,North America,US
23,Black Warrior,140,0.9958885848665336,1,0.1394244018813147,0.9958885848665336,0.9958885848665336,2.0,USA,North America,US
23,Black Warrior,150,0.9946185547753936,1,0.149192783216309,0.9946185547753936,0.9946185547753936,2.0,USA,North America,US
24,Bohai Bay,10,2024.6475341251,1521,20.246475341251,8.474778672953503,1.3311292137574622,12.1,China,Asia,China
24,Bohai Bay,20,1032.490810040291,930,20.64981620080582,8.357163659038115,1.1102051720863344,15.4,China,Asia,China
24,Bohai Bay,30,685.5320384593089,625,20.565961153779263,8.289954154086919,1.0968512615348942,18.8,China,Asia,China
24,Bohai Bay,40,502.87002521735633,441,20.11480100869425,8.242958961576091,1.1402948417627128,22.1,China,Asia,China
24,Bohai Bay,50,410.80109301679954,342,20.540054650839977,8.206893679498064,1.201172786598829,25.5,China,Asia,China
24,Bohai Bay,60,346.0369336418403,342,20.762216018510415,8.177673455921697,1.011803899537545,25.5,China,Asia,China
24,Bohai Bay,70,283.20916221615454,256,19.82464135513082,8.153139511197473,1.1062857899068537,28.8,China,Asia,China
24,Bohai Bay,80,251.3688906793825,210,20.1095112543506,8.132012913802065,1.196994717520869,32.2,China,Asia,China
24,Bohai Bay,90,225.2757789714509,210,20.27482010743058,8.113473935945228,1.0727418046259567,32.2,China,Asia,China
24,Bohai Bay,100,197.83247222628836,169,19.783247222628837,8.09696592797912,1.1706063445342507,35.6,China,Asia,China
24,Bohai Bay,110,181.2413100244886,144,19.936544102693745,8.082093763400746,1.258620208503393,38.9,China,Asia,China
24,Bohai Bay,120,168.20566142426102,144,20.18467937091132,8.068566949352434,1.1680948710018126,38.9,China,Asia,China
24,Bohai Bay,130,156.02080869271254,144,20.28270513005263,8.056165739680297,1.083477838143837,38.9,China,Asia,China
24,Bohai Bay,140,145.26451166608365,144,20.337031633251712,8.044719928047586,1.0087813310144698,38.9,China,Asia,China
24,Bohai Bay,150,133.87317275261591,121,20.080975912892388,8.03409502615025,1.1063898574596356,42.3,China,Asia,China
25,Bonaparte,10,4365.024330961005,3192,43.65024330961005,19.998,1.3674888254890367,10.5,Australia,South Pacific,Australia
25,Bonaparte,20,2212.9365220890195,1640,44.258730441780386,19.998,1.3493515378591583,14.8,Australia,South Pacific,Australia
25,Bonaparte,30,1431.476128489972,961,42.94428385469916,19.998,1.489569332455746,19.1,Australia,South Pacific,Australia
25,Bonaparte,40,1086.9590579351177,650,43.47836231740471,19.998,1.6722447045155655,23.3,Australia,South Pacific,Australia
25,Bonaparte,50,871.331600501618,650,43.5665800250809,19.998,1.340510154617874,23.3,Australia,South Pacific,Australia
25,Bonaparte,60,731.6422703470571,650,43.89853622082343,19.940178744133583,1.1256034928416263,23.3,Australia,South Pacific,Australia
25,Bonaparte,70,618.7232523649251,462,43.31062766554476,19.883726177070542,1.3392278189716993,27.6,Australia,South Pacific,Australia
25,Bonaparte,80,544.8039818137152,462,43.58431854509721,19.83510160837739,1.1792293978651844,27.6,Australia,South Pacific,Australia
25,Bonaparte,90,485.8673347871685,462,43.728060130845165,19.79242326315093,1.051660897807724,27.6,Australia,South Pacific,Australia
25,Bonaparte,100,436.091875869645,272,43.6091875869645,19.75441298942299,1.6032789554031066,36.1,Australia,South Pacific,Australia
25,Bonaparte,110,396.5365723950947,272,43.61902296346042,19.72016332839463,1.457855045570201,36.1,Australia,South Pacific,Australia
25,Bonaparte,120,363.9822689748476,272,43.67787227698171,19.68900700216951,1.338170106525175,36.1,Australia,South Pacific,Australia
25,Bonaparte,130,337.4908093968663,272,43.87380522159262,19.660439157342203,1.2407750345473028,36.1,Australia,South Pacific,Australia
25,Bonaparte,140,314.24845186459027,272,43.994783261042635,19.634068695513935,1.1553251906786406,36.1,Australia,South Pacific,Australia
25,Bonaparte,150,293.7086426597818,272,44.05629639896727,19.609586547466662,1.0798111862491977,36.1,Australia,South Pacific,Australia
26,Bose,10,0.6302399334807588,1,0.0063023993348075,0.6302399334807588,0.6302399334807588,2.0,China,Asia,China
26,Bose,20,0.624892067816051,1,0.012497841356321,0.624892067816051,0.624892067816051,2.0,China,Asia,China
26,Bose,30,0.6218124946932747,1,0.0186543748407982,0.6218124946932747,0.6218124946932747,2.0,China,Asia,China
26,Bose,40,0.6196488462973886,1,0.0247859538518955,0.6196488462973886,0.6196488462973886,2.0,China,Asia,China
26,Bose,50,0.6179826182116017,1,0.03089913091058,0.6179826182116017,0.6179826182116017,2.0,China,Asia,China
26,Bose,60,0.6166289281333078,1,0.0369977356879984,0.6166289281333078,0.6166289281333078,2.0,China,Asia,China
26,Bose,70,0.6154897677001342,1,0.0430842837390093,0.6154897677001342,0.6154897677001342,2.0,China,Asia,China
26,Bose,80,0.6145069293334682,1,0.0491605543466774,0.6145069293334682,0.6145069293334682,2.0,China,Asia,China
26,Bose,90,0.6136430272395872,1,0.0552278724515628,0.6136430272395872,0.6136430272395872,2.0,China,Asia,China
26,Bose,100,0.6128726283184226,1,0.0612872628318422,0.6128726283184226,0.6128726283184226,2.0,China,Asia,China
26,Bose,110,0.612177650841632,1,0.0673395415925795,0.612177650841632,0.612177650841632,2.0,China,Asia,China
26,Bose,120,0.6115447825439674,1,0.073385373905276,0.6115447825439674,0.6115447825439674,2.0,China,Asia,China
26,Bose,130,0.6109639403938719,1,0.0794253122512033,0.6109639403938719,0.6109639403938719,2.0,China,Asia,China
26,Bose,140,0.6104273054130529,1,0.0854598227578274,0.6104273054130529,0.6104273054130529,2.0,China,Asia,China
26,Bose,150,0.60992869285001,1,0.0914893039275015,0.60992869285001,0.60992869285001,2.0,China,Asia,China
27,Bowen-Surat,10,0.6483070004467316,1,0.0064830700044673,0.6483070004467316,0.6483070004467316,2.0,Australia,South Pacific,Australia
27,Bowen-Surat,20,0.640508398098885,1,0.0128101679619777,0.640508398098885,0.640508398098885,2.0,Australia,South Pacific,Australia
27,Bowen-Surat,30,0.6360410657698994,1,0.0190812319730969,0.6360410657698994,0.6360410657698994,2.0,Australia,South Pacific,Australia
27,Bowen-Surat,40,0.6329126050617389,1,0.0253165042024695,0.6329126050617389,0.6329126050617389,2.0,Australia,South Pacific,Australia
27,Bowen-Surat,50,0.6305090858191189,1,0.0315254542909559,0.6305090858191189,0.6305090858191189,2.0,Australia,South Pacific,Australia
27,Bowen-Surat,60,0.6285600466101784,1,0.0377136027966107,0.6285600466101784,0.6285600466101784,2.0,Australia,South Pacific,Australia
27,Bowen-Surat,70,0.6269224129332914,1,0.0438845689053304,0.6269224129332914,0.6269224129332914,2.0,Australia,South Pacific,Australia
27,Bowen-Surat,80,0.6255113558720494,1,0.0500409084697639,0.6255113558720494,0.6255113558720494,2.0,Australia,South Pacific,Australia
27,Bowen-Surat,90,0.6242724685189919,1,0.0561845221667092,0.6242724685189919,0.6242724685189919,2.0,Australia,South Pacific,Australia
27,Bowen-Surat,100,0.623168783845996,1,0.0623168783845996,0.623168783845996,0.623168783845996,2.0,Australia,South Pacific,Australia
27,Bowen-Surat,110,0.6221740483610819,1,0.068439145319719,0.6221740483610819,0.6221740483610819,2.0,Australia,South Pacific,Australia
27,Bowen-Surat,120,0.6212689521097161,1,0.0745522742531659,0.6212689521097161,0.6212689521097161,2.0,Australia,South Pacific,Australia
27,Bowen-Surat,130,0.6204388819681494,1,0.0806570546558594,0.6204388819681494,0.6204388819681494,2.0,Australia,South Pacific,Australia
27,Bowen-Surat,140,0.6196725150294676,1,0.0867541521041254,0.6196725150294676,0.6196725150294676,2.0,Australia,South Pacific,Australia
27,Bowen-Surat,150,0.6189609014772682,1,0.0928441352215902,0.6189609014772682,0.6189609014772682,2.0,Australia,South Pacific,Australia
28,Browse,10,24578.894487670514,2916,245.78894487670513,19.998,8.428976161752576,8.8,Australia,South Pacific,Australia
28,Browse,20,12411.466001553226,2916,248.22932003106453,19.998,4.256332647994934,8.8,Australia,South Pacific,Australia
28,Browse,30,8263.63406717189,1521,247.9090220151567,19.998,5.433027000113011,12.1,Australia,South Pacific,Australia
28,Browse,40,6215.448629903344,1521,248.61794519613375,19.998,4.086422504867419,12.1,Australia,South Pacific,Australia
28,Browse,50,4954.256915724277,930,247.71284578621385,19.998,5.327157973897072,15.5,Australia,South Pacific,Australia
28,Browse,60,4137.87774671899,930,248.2726648031394,19.998,4.449330910450527,15.5,Australia,South Pacific,Australia
28,Browse,70,3551.8152347085993,930,248.6270664296019,19.998,3.819156166353333,15.5,Australia,South Pacific,Australia
28,Browse,80,3088.841388132843,625,247.10731105062743,19.998,4.942146221012549,18.9,Australia,South Pacific,Australia
28,Browse,90,2750.087382937252,625,247.5078644643527,19.998,4.400139812699604,18.9,Australia,South Pacific,Australia
28,Browse,100,2479.4361938686034,342,247.94361938686035,19.998,7.249813432364337,25.7,Australia,South Pacific,Australia
28,Browse,110,2261.1901106476053,342,248.73091217123655,19.998,6.611666990197676,25.7,Australia,South Pacific,Australia
28,Browse,120,2084.1415389280537,342,250.09698467136647,19.998,6.093981107976766,25.7,Australia,South Pacific,Australia
28,Browse,130,1939.358961994522,342,252.1166650592879,19.998,5.670640239750065,25.7,Australia,South Pacific,Australia
28,Browse,140,1817.8989943079469,342,254.50585920311255,19.998,5.315494135403354,25.7,Australia,South Pacific,Australia
28,Browse,150,1716.4606298004549,342,257.4690944700682,19.998,5.0188907304106865,25.7,Australia,South Pacific,Australia
29,Caltanissetta,10,929.8745120674798,702,9.298745120674797,19.998,1.324607567047692,7.9,Italy,Europe,EU
29,Caltanissetta,20,451.57565136005786,156,9.031513027201155,19.998,2.8947157138465247,16.8,Italy,Europe,EU
29,Caltanissetta,30,306.23710785781344,156,9.187113235734405,19.998,1.963058383703932,16.8,Italy,Europe,EU
29,Caltanissetta,40,232.44906987648912,156,9.297962795059563,19.998,1.4900581402339046,16.8,Italy,Europe,EU
29,Caltanissetta,50,190.05783369230736,156,9.502891684615369,19.998,1.21831944674556,16.8,Italy,Europe,EU
29,Caltanissetta,60,163.9077515830617,156,9.8344650949837,19.998,1.0506907152760363,16.8,Italy,Europe,EU
29,Caltanissetta,70,146.22938367320825,132,10.236056857124575,19.998,1.1077983611606683,18.3,Italy,Europe,EU
29,Caltanissetta,80,133.78217084021054,132,10.702573667216845,19.998,1.0135012942440191,18.3,Italy,Europe,EU
29,Caltanissetta,90,122.30581989961551,110,11.007523790965395,19.998,1.1118710899965047,19.8,Italy,Europe,EU
29,Caltanissetta,100,115.23893125469272,110,11.523893125469272,19.998,1.047626647769934,19.8,Italy,Europe,EU
29,Caltanissetta,110,108.07608091114672,64,11.88836890022614,19.998,1.6886887642366677,25.7,Italy,Europe,EU
29,Caltanissetta,120,103.46180471662448,64,12.415416565994937,19.998,1.6165906986972574,25.7,Italy,Europe,EU
29,Caltanissetta,130,99.55294032170356,64,12.941882241821464,19.998,1.5555146925266183,25.7,Italy,Europe,EU
29,Caltanissetta,140,96.18910710634474,64,13.466474994888264,19.998,1.5029547985366365,25.7,Italy,Europe,EU
29,Caltanissetta,150,93.25614752937298,64,13.988422129405947,19.998,1.4571273051464528,25.7,Italy,Europe,EU
30,Campos,10,8895.513688694566,5700,88.95513688694567,19.998,1.5606164366130817,4.3,Brazil,South America,Brazil
30,Campos,20,4425.5286842086025,1332,88.51057368417204,19.998,3.3224689821385907,8.9,Brazil,South America,Brazil
30,Campos,30,2960.0638779785304,1332,88.80191633935591,19.998,2.2222701786625603,8.9,Brazil,South America,Brazil
30,Campos,40,2227.8869171944866,1332,89.11547668777946,19.998,1.6725877756715364,8.9,Brazil,South America,Brazil
30,Campos,50,1784.8026076754309,1332,89.24013038377154,19.998,1.3399418976542274,8.9,Brazil,South America,Brazil
30,Campos,60,1488.4036696918872,1332,89.30422018151323,19.998,1.1174201724413568,8.9,Brazil,South America,Brazil
30,Campos,70,1273.3176092777935,841,89.13223264944556,19.998,1.5140518540758543,11.2,Brazil,South America,Brazil
30,Campos,80,1115.5588649441747,841,89.24470919553397,19.998,1.326467140242776,11.2,Brazil,South America,Brazil
30,Campos,90,992.621201221215,841,89.33590810990934,19.998,1.1802868028789717,11.2,Brazil,South America,Brazil
30,Campos,100,893.3197347488177,841,89.33197347488178,19.998,1.0622113373945514,11.2,Brazil,South America,Brazil
30,Campos,110,807.0919674633724,576,88.78011642097097,19.998,1.401201332401688,13.5,Brazil,South America,Brazil
30,Campos,120,739.8899867285255,576,88.78679840742306,19.998,1.2845312269592457,13.5,Brazil,South America,Brazil
30,Campos,130,683.8689095144397,576,88.90295823687715,19.998,1.1872724123514578,13.5,Brazil,South America,Brazil
30,Campos,140,635.8063647927893,576,89.0128910709905,19.998,1.103830494431926,13.5,Brazil,South America,Brazil
30,Campos,150,595.0540027164924,576,89.25810040747386,19.998,1.0330798658272438,13.5,Brazil,South America,Brazil
31,Canning,10,710.3809026061858,650,7.1038090260618585,4.295370549795274,1.092893696317209,26.6,Australia,South Pacific,Australia
31,Canning,20,361.33666184707187,272,7.226733236941437,4.250472727642189,1.328443609731882,41.3,Australia,South Pacific,Australia
31,Canning,30,245.2835984150778,182,7.358507952452333,4.22468709695141,1.347712079203724,51.1,Australia,South Pacific,Australia
31,Canning,40,183.78211090211704,182,7.351284436084681,4.206600627793113,1.0097918181435002,51.1,Australia,South Pacific,Australia
31,Canning,50,138.77110206774003,121,6.938555103387001,4.19268907714182,1.1468686121300828,61.0,Australia,South Pacific,Australia
31,Canning,60,117.16623921526796,90,7.029974352916078,4.18139773517169,1.3018471023918663,70.8,Australia,South Pacific,Australia
31,Canning,70,103.46726127456266,81,7.242708289219386,4.171903306940649,1.277373595982255,75.7,Australia,South Pacific,Australia
31,Canning,80,91.07891864028656,72,7.286313491222926,4.163717253698162,1.2649849811150913,80.6,Australia,South Pacific,Australia
31,Canning,90,80.97402152929298,64,7.287661937636368,4.156526021170484,1.2652190863952029,85.5,Australia,South Pacific,Australia
31,Canning,100,72.10866591551896,72,7.210866591551896,4.150116435037723,1.0015092488266522,80.6,Australia,South Pacific,Australia
31,Canning,110,65.47288670069653,64,7.202017537076619,4.1443370215382975,1.0230138546983834,85.5,Australia,South Pacific,Australia
31,Canning,120,58.77094169683783,42,7.05251300362054,4.139076316126694,1.399308135638996,105.2,Australia,South Pacific,Australia
31,Canning,130,55.26633259998345,42,7.184623237997848,4.13424993021167,1.315865061904368,105.2,Australia,South Pacific,Australia
31,Canning,140,51.343549239356975,42,7.188096893509976,4.129792450300726,1.222465458079928,105.2,Australia,South Pacific,Australia
31,Canning,150,48.62157531903941,36,7.293236297855911,4.125652154017387,1.3505993144177613,115.0,Australia,South Pacific,Australia
34,Central North Sea,10,2669.306295430607,2601,26.693062954306072,9.086033375750349,1.0262615514919673,7.3,UK,Europe,UK
34,Central North Sea,20,1286.3404885843934,870,25.72680977168787,8.927891742510013,1.4785522857291875,12.7,UK,Europe,UK
34,Central North Sea,30,885.7168940660711,870,26.571506821982133,8.838010214448625,1.0180653954782426,12.7,UK,Europe,UK
34,Central North Sea,40,665.8660724971886,600,26.634642899887545,8.775370680256568,1.1097767874953144,15.4,UK,Europe,UK
34,Central North Sea,50,507.0275360630237,420,25.351376803151187,8.727415524058166,1.2072084191976755,18.0,UK,Europe,UK
34,Central North Sea,60,430.97124629525615,420,25.85827477771537,8.688635701137745,1.0261220149887051,18.0,UK,Europe,UK
34,Central North Sea,70,370.5393550325974,324,25.93775485228182,8.656126068734626,1.1436399846685106,20.7,UK,Europe,UK
34,Central North Sea,80,328.50146491699286,324,26.28011719335943,8.628168521829858,1.0138934102376322,20.7,UK,Europe,UK
34,Central North Sea,90,290.4194275736728,256,26.137748481630553,8.603663452015848,1.1344508889596594,23.4,UK,Europe,UK
34,Central North Sea,100,264.5075528192378,256,26.45075528192378,8.581865090099821,1.0332326282001476,23.4,UK,Europe,UK
34,Central North Sea,110,232.33001836831244,169,25.55630202051437,8.562244650875856,1.37473383649889,28.7,UK,Europe,UK
34,Central North Sea,120,215.35792951468028,144,25.842951541761636,8.544413759309359,1.4955411771852798,31.4,UK,Europe,UK
34,Central North Sea,130,199.82203440866556,144,25.97686447312652,8.528078885907433,1.3876530167268442,31.4,UK,Europe,UK
34,Central North Sea,140,186.694595102632,169,26.137243314368476,8.513012858426947,1.10470174616942,28.7,UK,Europe,UK
34,Central North Sea,150,175.53213626728612,169,26.329820440092917,8.499036310096917,1.038651693889267,28.7,UK,Europe,UK
35,Central Sumatra,10,445.0476849168756,324,4.450476849168756,8.509662633133411,1.3736039657928258,19.2,Indonesia,Asia,Indonesia
35,Central Sumatra,20,223.0788384022253,169,4.461576768044506,8.435376815025553,1.3199931266403864,26.6,Indonesia,Asia,Indonesia
35,Central Sumatra,30,148.65488105032142,121,4.4596464315096425,8.392586505843537,1.2285527359530697,31.5,Indonesia,Asia,Indonesia
35,Central Sumatra,40,110.79673731943204,90,4.431869492777282,8.362517483673237,1.2310748591048006,36.4,Indonesia,Asia,Indonesia
35,Central Sumatra,50,87.46640993610711,56,4.373320496805356,8.339358340903495,1.561900177430484,46.3,Indonesia,Asia,Indonesia
35,Central Sumatra,60,74.38217486427112,56,4.462930491856268,8.320541350354791,1.3282531225762702,46.3,Indonesia,Asia,Indonesia
35,Central Sumatra,70,63.50382580069774,56,4.445267806048841,8.304705160916525,1.133996889298174,46.3,Indonesia,Asia,Indonesia
35,Central Sumatra,80,56.12934940977781,56,4.4903479527822245,8.291041181233904,1.0023098108888897,46.3,Indonesia,Asia,Indonesia
35,Central Sumatra,90,47.23816299387447,36,4.251434669448702,8.279030023822997,1.3121711942742909,56.1,Indonesia,Asia,Indonesia
35,Central Sumatra,100,43.038166293917214,36,4.303816629391721,8.26831833116457,1.195504619275478,56.1,Indonesia,Asia,Indonesia
35,Central Sumatra,110,39.84101452572831,36,4.382511597830114,8.258654867601495,1.1066948479368977,56.1,Indonesia,Asia,Indonesia
35,Central Sumatra,120,37.180472119375466,36,4.461656654325056,8.249854656618107,1.032790892204874,56.1,Indonesia,Asia,Indonesia
35,Central Sumatra,130,34.46701738604187,16,4.4807122601854426,8.241777585789885,2.1541885866276167,85.6,Indonesia,Asia,Indonesia
35,Central Sumatra,140,32.71031865256214,16,4.579444611358699,8.234314998932323,2.0443949157851335,85.6,Indonesia,Asia,Indonesia
35,Central Sumatra,150,31.23176211887895,16,4.684764317831843,8.227380946421784,1.9519851324299349,85.6,Indonesia,Asia,Indonesia
39,Cook Inlet,10,838.2317316251755,756,8.382317316251754,1.819540787649511,1.1087721317793326,9.5,USA,North America,US
39,Cook Inlet,20,429.70087916668496,400,8.5940175833337,1.7980657702372718,1.0742521979167123,13.2,USA,North America,US
39,Cook Inlet,30,279.79953484676565,240,8.39398604540297,1.785757864282457,1.165831395194857,17.0,USA,North America,US
39,Cook Inlet,40,211.87694364467052,196,8.475077745786821,1.7771359951671315,1.081004814513625,18.9,USA,North America,US
39,Cook Inlet,50,163.39715421205372,156,8.169857710602686,1.77051053448532,1.0474176552054726,20.7,USA,North America,US
39,Cook Inlet,60,136.9353306628983,132,8.2161198397739,1.7651369297584865,1.0373888686583206,22.6,USA,North America,US
39,Cook Inlet,70,117.51837245078887,100,8.226286071555222,1.7606212315416043,1.1751837245078889,26.4,USA,North America,US
39,Cook Inlet,80,105.16477635656982,100,8.413182108525586,1.7567298289289968,1.0516477635656982,26.4,USA,North America,US
39,Cook Inlet,90,86.5509711507037,81,7.789587403563333,1.7533128698926457,1.0685305080333791,28.2,USA,North America,US
39,Cook Inlet,100,78.45273830869893,72,7.845273830869893,1.750268524789412,1.0896213653985962,30.1,USA,North America,US
39,Cook Inlet,110,72.2376957480206,72,7.946146532282266,1.7475244680923834,1.0033013298336195,30.1,USA,North America,US
39,Cook Inlet,120,65.98725460090523,64,7.918470552108628,1.7450274980743308,1.0310508531391442,32.0,USA,North America,US
39,Cook Inlet,130,59.870830672271595,49,7.783207987395307,1.7427373501194992,1.2218536871892165,37.6,USA,North America,US
39,Cook Inlet,140,57.65351935033637,49,8.07149270904709,1.7406228230338512,1.1766024357211504,37.6,USA,North America,US
39,Cook Inlet,150,55.114611580639725,49,8.267191737095958,1.7386592531601357,1.124787991441627,37.6,USA,North America,US
41,Crimea-Karkinit,10,0.7669802568850446,1,0.0076698025688504,0.7669802568850446,0.7669802568850446,2.0,Ukraine,Europe,EU
41,Crimea-Karkinit,20,0.7558787782136752,1,0.0151175755642735,0.7558787782136752,0.7558787782136752,2.0,Ukraine,Europe,EU
41,Crimea-Karkinit,30,0.7495603476782883,1,0.0224868104303486,0.7495603476782883,0.7495603476782883,2.0,Ukraine,Europe,EU
41,Crimea-Karkinit,40,0.7451529615104353,1,0.0298061184604174,0.7451529615104353,0.7451529615104353,2.0,Ukraine,Europe,EU
41,Crimea-Karkinit,50,0.7417764834685893,1,0.0370888241734294,0.7417764834685893,0.7417764834685893,2.0,Ukraine,Europe,EU
41,Crimea-Karkinit,60,0.7390445334553257,1,0.0443426720073195,0.7390445334553257,0.7390445334553257,2.0,Ukraine,Europe,EU
41,Crimea-Karkinit,70,0.7367532496069895,1,0.0515727274724892,0.7367532496069895,0.7367532496069895,2.0,Ukraine,Europe,EU
41,Crimea-Karkinit,80,0.7347820150076894,1,0.0587825612006151,0.7347820150076894,0.7347820150076894,2.0,Ukraine,Europe,EU
41,Crimea-Karkinit,90,0.7330536044419964,1,0.0659748243997796,0.7330536044419964,0.7330536044419964,2.0,Ukraine,Europe,EU
41,Crimea-Karkinit,100,0.731515625552675,1,0.0731515625552675,0.731515625552675,0.731515625552675,2.0,Ukraine,Europe,EU
41,Crimea-Karkinit,110,0.7301309188509675,1,0.0803144010736064,0.7301309188509675,0.7301309188509675,2.0,Ukraine,Europe,EU
41,Crimea-Karkinit,120,0.7288721847324644,1,0.0874646621678957,0.7288721847324644,0.7288721847324644,2.0,Ukraine,Europe,EU
41,Crimea-Karkinit,130,0.7277187854943677,1,0.0946034421142678,0.7277187854943677,0.7277187854943677,2.0,Ukraine,Europe,EU
41,Crimea-Karkinit,140,0.7266547453937382,1,0.1017316643551233,0.7266547453937382,0.7266547453937382,2.0,Ukraine,Europe,EU
41,Crimea-Karkinit,150,0.7256674479888466,1,0.108850117198327,0.7256674479888466,0.7256674479888466,2.0,Ukraine,Europe,EU
43,Denver,10,0.1662002793211824,1,0.0016620027932118,0.1662002793211824,0.1662002793211824,2.0,USA,North America,US
43,Denver,20,0.1640745538285735,1,0.0032814910765714,0.1640745538285735,0.1640745538285735,2.0,USA,North America,US
43,Denver,30,0.1628594678278161,1,0.0048857840348344,0.1628594678278161,0.1628594678278161,2.0,USA,North America,US
43,Denver,40,0.1620096627072459,1,0.0064803865082898,0.1620096627072459,0.1620096627072459,2.0,USA,North America,US
43,Denver,50,0.1613573974841143,1,0.0080678698742057,0.1613573974841143,0.1613573974841143,2.0,USA,North America,US
43,Denver,60,0.1608288610968093,1,0.0096497316658085,0.1608288610968093,0.1608288610968093,2.0,USA,North America,US
43,Denver,70,0.1603850412532762,1,0.0112269528877293,0.1603850412532762,0.1603850412532762,2.0,USA,North America,US
43,Denver,80,0.1600028236421155,1,0.0128002258913692,0.1600028236421155,0.1600028236421155,2.0,USA,North America,US
43,Denver,90,0.1596673920040938,1,0.0143700652803684,0.1596673920040938,0.1596673920040938,2.0,USA,North America,US
43,Denver,100,0.1593686843896228,1,0.0159368684389622,0.1593686843896228,0.1593686843896228,2.0,USA,North America,US
43,Denver,110,0.15909955806338,1,0.0175009513869718,0.15909955806338,0.15909955806338,2.0,USA,North America,US
43,Denver,120,0.1588547614505153,1,0.0190625713740618,0.1588547614505153,0.1588547614505153,2.0,USA,North America,US
43,Denver,130,0.158630321729753,1,0.0206219418248679,0.158630321729753,0.158630321729753,2.0,USA,North America,US
43,Denver,140,0.1584231615618101,1,0.0221792426186534,0.1584231615618101,0.1584231615618101,2.0,USA,North America,US
43,Denver,150,0.1582308492768827,1,0.0237346273915324,0.1582308492768827,0.1582308492768827,2.0,USA,North America,US
44,Diyarbakir,10,0.3428124049744445,1,0.0034281240497444,0.3428124049744445,0.3428124049744445,2.0,Turkey,Middle East,Middle East
44,Diyarbakir,20,0.3388998264477543,1,0.006777996528955,0.3388998264477543,0.3388998264477543,2.0,Turkey,Middle East,Middle East
44,Diyarbakir,30,0.3366587470775156,1,0.0100997624123254,0.3366587470775156,0.3366587470775156,2.0,Turkey,Middle East,Middle East
44,Diyarbakir,40,0.335089388155503,1,0.0134035755262201,0.335089388155503,0.335089388155503,2.0,Turkey,Middle East,Middle East
44,Diyarbakir,50,0.3338837160723773,1,0.0166941858036188,0.3338837160723773,0.3338837160723773,2.0,Turkey,Middle East,Middle East
44,Diyarbakir,60,0.3329060379026767,1,0.0199743622741606,0.3329060379026767,0.3329060379026767,2.0,Turkey,Middle East,Middle East
44,Diyarbakir,70,0.3320845749297279,1,0.0232459202450809,0.3320845749297279,0.3320845749297279,2.0,Turkey,Middle East,Middle East
44,Diyarbakir,80,0.3313767708564772,1,0.0265101416685181,0.3313767708564772,0.3313767708564772,2.0,Turkey,Middle East,Middle East
44,Diyarbakir,90,0.3307553319153271,1,0.0297679798723794,0.3307553319153271,0.3307553319153271,2.0,Turkey,Middle East,Middle East
44,Diyarbakir,100,0.3302017135853906,1,0.033020171358539,0.3302017135853906,0.3302017135853906,2.0,Turkey,Middle East,Middle East
44,Diyarbakir,110,0.3297027460024512,1,0.0362673020602696,0.3297027460024512,0.3297027460024512,2.0,Turkey,Middle East,Middle East
44,Diyarbakir,120,0.3292487426026976,1,0.0395098491123237,0.3292487426026976,0.3292487426026976,2.0,Turkey,Middle East,Middle East
44,Diyarbakir,130,0.3288323730025343,1,0.0427482084903294,0.3288323730025343,0.3288323730025343,2.0,Turkey,Middle East,Middle East
44,Diyarbakir,140,0.3284479573447696,1,0.0459827140282677,0.3284479573447696,0.3284479573447696,2.0,Turkey,Middle East,Middle East
44,Diyarbakir,150,0.3280910062118033,1,0.0492136509317704,0.3280910062118033,0.3280910062118033,2.0,Turkey,Middle East,Middle East
45,Dnieper-Donets,10,386.8317698201922,342,3.8683176982019223,1.1468059472832952,1.131087046257872,28.5,Ukraine,Europe,EU
45,Dnieper-Donets,20,183.8016645214238,169,3.676033290428476,1.136865935871702,1.0875838137362357,39.9,Ukraine,Europe,EU
45,Dnieper-Donets,30,121.69943225637893,121,3.650982967691367,1.1311443985057197,1.0057804318709,47.5,Ukraine,Europe,EU
45,Dnieper-Donets,40,91.2971744351164,81,3.651886977404656,1.1271256103100795,1.1271256103100789,58.8,Ukraine,Europe,EU
45,Dnieper-Donets,50,76.0380334059641,72,3.801901670298205,1.1240313265011628,1.056083797305057,62.6,Ukraine,Europe,EU
45,Dnieper-Donets,60,62.79932315629367,56,3.76795938937762,1.1215178205163174,1.1214164849338155,70.2,Ukraine,Europe,EU
45,Dnieper-Donets,70,51.3610928465442,49,3.595276499258094,1.119402909750848,1.0481855682968204,74.0,Ukraine,Europe,EU
45,Dnieper-Donets,80,46.93829322114499,42,3.755063457691599,1.117578410027262,1.1175784100272617,81.6,Ukraine,Europe,EU
45,Dnieper-Donets,90,39.37785571732618,36,3.544007014559356,1.1159748443733726,1.0938293254812828,85.4,Ukraine,Europe,EU
45,Dnieper-Donets,100,33.436348593987,30,3.3436348593987,1.1145449531329,1.1145449531329,92.9,Ukraine,Europe,EU
45,Dnieper-Donets,110,33.397654195642495,30,3.6737419615206743,1.1132551398547508,1.11325513985475,96.7,Ukraine,Europe,EU
45,Dnieper-Donets,120,31.13253358351732,30,3.7359040300220783,1.1120806718279186,1.0377511194505773,96.7,Ukraine,Europe,EU
45,Dnieper-Donets,130,27.775070430268695,25,3.61075915593493,1.1110028172107482,1.1110028172107478,104.3,Ukraine,Europe,EU
45,Dnieper-Donets,140,25.792334184296923,25,3.6109267858015697,1.1100070511530966,1.031693367371877,104.3,Ukraine,Europe,EU
45,Dnieper-Donets,150,22.181637705665167,20,3.3272456558497754,1.109081885283259,1.1090818852832585,111.9,Ukraine,Europe,EU
48,Drava,10,0.6763243768251922,1,0.0067632437682519,0.6763243768251922,0.6763243768251922,2.0,Croatia,Europe,EU
48,Drava,20,0.6654224128969651,1,0.0133084482579393,0.6654224128969651,0.6654224128969651,2.0,Croatia,Europe,EU
48,Drava,30,0.6592177455278705,1,0.0197765323658361,0.6592177455278705,0.6592177455278705,2.0,Croatia,Europe,EU
48,Drava,40,0.6548899818040775,1,0.0261955992721631,0.6548899818040775,0.6548899818040775,2.0,Croatia,Europe,EU
48,Drava,50,0.651574714766241,1,0.032578735738312,0.651574714766241,0.651574714766241,2.0,Croatia,Europe,EU
48,Drava,60,0.6488924565595617,1,0.0389335473935737,0.6488924565595617,0.6488924565595617,2.0,Croatia,Europe,EU
48,Drava,70,0.6466429797864489,1,0.0452650085850514,0.6466429797864489,0.6466429797864489,2.0,Croatia,Europe,EU
48,Drava,80,0.6447078180636694,1,0.0515766254450935,0.6447078180636694,0.6447078180636694,2.0,Croatia,Europe,EU
48,Drava,90,0.6430111236374827,1,0.0578710011273734,0.6430111236374827,0.6430111236374827,2.0,Croatia,Europe,EU
48,Drava,100,0.6415014392503484,1,0.0641501439250348,0.6415014392503484,0.6415014392503484,2.0,Croatia,Europe,EU
48,Drava,110,0.6401422691286729,1,0.070415649604154,0.6401422691286729,0.6401422691286729,2.0,Croatia,Europe,EU
48,Drava,120,0.6389068016708787,1,0.0766688162005054,0.6389068016708787,0.6389068016708787,2.0,Croatia,Europe,EU
48,Drava,130,0.6377747684071426,1,0.0829107198929285,0.6377747684071426,0.6377747684071426,2.0,Croatia,Europe,EU
48,Drava,140,0.6367304796723732,1,0.0891422671541322,0.6367304796723732,0.6367304796723732,2.0,Croatia,Europe,EU
48,Drava,150,0.6357615451503191,1,0.0953642317725478,0.6357615451503191,0.6357615451503191,2.0,Croatia,Europe,EU
50,East Java,10,5906.567228358571,2862,59.065672283585705,10.69940359462369,2.0637900867779773,8.3,Indonesia,Asia,Indonesia
50,East Java,20,3075.8451019533595,2862,61.5169020390672,10.595368544528228,1.074718763785241,8.3,Indonesia,Asia,Indonesia
50,East Java,30,1982.7801638550477,1482,59.48340491565142,10.535530921273295,1.3379083426822185,11.5,Indonesia,Asia,Indonesia
50,East Java,40,1514.8031484129376,1482,60.592125936517505,10.493521443259782,1.0221343781463816,11.5,Indonesia,Asia,Indonesia
50,East Java,50,1187.7553828429282,625,59.38776914214641,10.461187570155891,1.900408612548685,17.8,Indonesia,Asia,Indonesia
50,East Java,60,996.9094291425472,900,59.81456574855283,10.434929991982711,1.107677143491719,14.6,Indonesia,Asia,Indonesia
50,East Java,70,859.9046975057425,625,60.19332882540198,10.412841566459626,1.375847516009188,17.8,Indonesia,Asia,Indonesia
50,East Java,80,759.3467571625139,625,60.74774057300111,10.393790064749307,1.2149548114600222,17.8,Indonesia,Asia,Indonesia
50,East Java,90,681.9081106170979,625,61.37172995553882,10.377048507693654,1.0910529769873567,17.8,Indonesia,Asia,Indonesia
50,East Java,100,589.0098727410548,441,58.90098727410548,10.362122477513504,1.335623294197403,21.0,Indonesia,Asia,Indonesia
50,East Java,110,539.5154949276163,441,59.34670444203778,10.348660552677105,1.2233911449605812,21.0,Indonesia,Asia,Indonesia
50,East Java,120,499.42853278840687,441,59.93142393460882,10.336404063687343,1.1324910040553444,21.0,Indonesia,Asia,Indonesia
50,East Java,130,461.8731899311244,441,60.04351469104617,10.32515712686888,1.047331496442459,21.0,Indonesia,Asia,Indonesia
50,East Java,140,414.0023158271477,210,57.960324215800675,10.31476786996706,1.9714395991768936,30.5,Indonesia,Asia,Indonesia
50,East Java,150,389.45097738366087,210,58.41764660754913,10.305116183231975,1.8545284637317183,30.5,Indonesia,Asia,Indonesia
51,East Midlands,10,172.8892407937141,169,1.7288924079371408,1.803875320534984,1.023013259134403,12.5,UK,Europe,UK
51,East Midlands,20,88.52718607802478,81,1.7705437215604958,1.7823039062813295,1.092928223185491,18.3,UK,Europe,UK
51,East Midlands,30,57.66556436319314,56,1.729966930895794,1.76994908441196,1.029742220771306,21.8,UK,Europe,UK
51,East Midlands,40,43.56059592800862,42,1.7424238371203449,1.7612979133471964,1.037157045904967,25.2,UK,Europe,UK
51,East Midlands,50,33.74431209457736,30,1.687215604728868,1.754651911379159,1.1248104031525787,29.9,UK,Europe,UK
51,East Midlands,60,27.565778943744128,25,1.6539467366246476,1.7492628985376015,1.1026311577497652,32.2,UK,Europe,UK
51,East Midlands,70,23.515680746326808,20,1.6460976522428763,1.7447351142172307,1.1757840373163404,36.9,UK,Europe,UK
51,East Midlands,80,21.77455310509548,20,1.7419642484076383,1.7408339248838265,1.088727655254774,36.9,UK,Europe,UK
51,East Midlands,90,18.01510589605597,16,1.6213595306450377,1.7374088500545908,1.1259441185034982,40.3,UK,Europe,UK
51,East Midlands,100,16.830719389644358,16,1.6830719389644355,1.7343576490838133,1.0519199618527724,40.3,UK,Europe,UK
51,East Midlands,110,14.447211471251434,12,1.5891932618376576,1.7316077145130933,1.2039342892709528,47.3,UK,Europe,UK
51,East Midlands,120,13.712091625849595,12,1.6454509951019514,1.7291056437633907,1.142674302154133,47.3,UK,Europe,UK
51,East Midlands,130,13.10275195515382,12,1.703357754169997,1.7268110246589403,1.0918959962628183,47.3,UK,Europe,UK
51,East Midlands,140,12.35685650157329,12,1.7299599102202603,1.7246925447953037,1.0297380417977742,47.3,UK,Europe,UK
51,East Midlands,150,10.573796624172196,9,1.5860694936258295,1.7227254548765671,1.1748662915746886,54.3,UK,Europe,UK
52,Erlian,10,1021.4247947071711,900,10.214247947071712,1.134916438563524,1.1349164385635235,13.9,China,Asia,China
52,Erlian,20,495.4597016920687,441,9.909194033841374,1.123491387056846,1.123491387056845,19.8,China,Asia,China
52,Erlian,30,285.93460466851997,256,8.5780381400556,1.116932049486408,1.116932049486406,25.7,China,Asia,China
52,Erlian,40,233.58975397106,210,9.3435901588424,1.1123321617669537,1.1123321617669524,28.7,China,Asia,China
52,Erlian,50,187.3862840467958,169,9.36931420233979,1.1087945801585557,1.108794580158555,31.7,China,Asia,China
52,Erlian,60,159.2529999423707,144,9.555179996542243,1.1059236107109087,1.1059236107109076,34.6,China,Asia,China
52,Erlian,70,133.52467909425783,121,9.346727536598047,1.103509744580644,1.1035097445806432,37.6,China,Asia,China
52,Erlian,80,110.14286746320089,100,8.81142939705607,1.1014286746320103,1.1014286746320088,40.6,China,Asia,China
52,Erlian,90,103.98396417438714,100,9.358556775694842,1.099600625532027,1.0398396417438711,40.6,China,Asia,China
52,Erlian,100,98.00352601816098,90,9.8003526018161,1.0979713652540628,1.0889280668684551,43.5,China,Asia,China
52,Erlian,110,78.94817000811028,72,8.684298700892132,1.0965023612237546,1.096502361223754,46.5,China,Asia,China
52,Erlian,120,73.21471126131851,72,8.78576535135822,1.0951652603370985,1.0168709897405348,46.5,China,Asia,China
52,Erlian,130,68.79997662413554,64,8.94399696113762,1.09393859794961,1.0749996347521178,49.5,China,Asia,China
52,Erlian,140,61.197121252449534,56,8.567596975342935,1.0928057366508857,1.0928057366508843,52.4,China,Asia,China
52,Erlian,150,61.138197223802614,56,9.170729583570392,1.0917535218536183,1.091753521853618,55.4,China,Asia,China
53,Espirito Santo,10,1125.4397092987078,812,11.254397092987077,4.087887287283023,1.3860094942102312,10.5,Brazil,South America,Brazil
53,Espirito Santo,20,561.3517409278444,552,11.227034818556888,4.048339163359171,1.016941559651892,12.6,Brazil,South America,Brazil
53,Espirito Santo,30,375.0122337442043,306,11.250367012326128,4.025596206336691,1.2255301756346546,16.8,Brazil,South America,Brazil
53,Espirito Santo,40,278.55366946380667,240,11.142146778552268,4.009630974062489,1.1606402894325278,18.9,Brazil,South America,Brazil
53,Espirito Santo,50,224.38239164605295,196,11.219119582302648,3.9973437542226695,1.144808120643127,21.0,Brazil,South America,Brazil
53,Espirito Santo,60,180.40110646338425,156,10.824066387803054,3.98736616515918,1.1564173491242578,23.1,Brazil,South America,Brazil
53,Espirito Santo,70,156.31924564334565,132,10.942347195034197,3.978973201883989,1.1842367094192852,25.3,Brazil,South America,Brazil
53,Espirito Santo,80,136.6978594425495,100,10.93582875540396,3.971734468549484,1.3669785944254949,29.5,Brazil,South America,Brazil
53,Espirito Santo,90,124.48844697451425,100,11.203960227706284,3.965373630218859,1.2448844697451424,29.5,Brazil,South America,Brazil
53,Espirito Santo,100,112.0182366505912,100,11.201823665059118,3.959702759209181,1.120182366505912,29.5,Brazil,South America,Brazil
53,Espirito Santo,110,101.19445133337337,100,11.13138964667107,3.9545882851755176,1.0119445133337337,29.5,Brazil,South America,Brazil
53,Espirito Santo,120,88.23311943617497,72,10.587974332340996,3.9499318945219697,1.225459992169097,33.7,Brazil,South America,Brazil
53,Espirito Santo,130,81.0977976701079,72,10.542713697114026,3.945659138973932,1.1263583009737208,33.7,Brazil,South America,Brazil
53,Espirito Santo,140,76.15937953519469,64,10.662313134927258,3.9417122988440543,1.189990305237417,35.8,Brazil,South America,Brazil
53,Espirito Santo,150,71.52046689319053,49,10.72807003397858,3.938045726962974,1.4596013651671538,42.2,Brazil,South America,Brazil
55,Faroe-Shetland,10,8714.0985070995,8464,87.140985070995,17.618626556451705,1.029548500366198,5.8,UK,Europe,UK
55,Faroe-Shetland,20,4284.879867412368,3080,85.69759734824737,17.374853324608736,1.3911947621468728,9.6,UK,Europe,UK
55,Faroe-Shetland,30,2770.8566752665265,1560,83.12570025799579,17.235553740727113,1.7761901764529016,13.4,UK,Europe,UK
55,Faroe-Shetland,40,2111.266367768094,1560,84.45065471072375,17.13815116546626,1.353375876774419,13.4,UK,Europe,UK
55,Faroe-Shetland,50,1706.3459244778865,1560,85.31729622389433,17.06340223094604,1.0938114900499272,13.4,UK,Europe,UK
55,Faroe-Shetland,60,1424.364999401479,961,85.46189996408874,17.002840499775083,1.4821696143615808,17.1,UK,Europe,UK
55,Faroe-Shetland,70,1225.7071088953417,961,85.79949762267393,16.951991613420258,1.275449645052385,17.1,UK,Europe,UK
55,Faroe-Shetland,80,1080.2279766978331,961,86.41823813582666,16.90820482466233,1.1240665730466526,17.1,UK,Europe,UK
55,Faroe-Shetland,90,963.7488533298812,961,86.73739679968931,16.869781148524453,1.0028604092922802,17.1,UK,Europe,UK
55,Faroe-Shetland,100,839.5802658841404,462,83.95802658841404,16.83556686377744,1.8172733027795247,24.7,UK,Europe,UK
55,Faroe-Shetland,110,769.7316276282967,462,84.67047903911264,16.804743026199752,1.6660857740872224,24.7,UK,Europe,UK
55,Faroe-Shetland,120,711.4109363818167,462,85.369312365818,16.77670755752255,1.5398505116489538,24.7,UK,Europe,UK
55,Faroe-Shetland,130,656.655867224267,462,85.36526273915472,16.75100501037767,1.4213330459399718,24.7,UK,Europe,UK
55,Faroe-Shetland,140,610.7548280869729,462,85.5056759321762,16.727282614370125,1.3219801473744002,24.7,UK,Europe,UK
55,Faroe-Shetland,150,571.9448953138304,462,85.79173429707457,16.705261628743404,1.23797596388275,24.7,UK,Europe,UK
57,Fort Worth,10,5713.460426748626,4160,57.13460426748625,2.2646770357911556,1.3734279871991888,3.7,USA,North America,US
57,Fort Worth,20,2753.778230680402,1936,55.07556461360804,2.235958009664511,1.4224061108886374,5.4,USA,North America,US
57,Fort Worth,30,1767.9434716517444,1122,53.03830414955234,2.219541949258547,1.5757071939855118,7.1,USA,North America,US
57,Fort Worth,40,1435.2498017020414,1122,57.40999206808166,2.2080608909195356,1.2791887715704469,7.1,USA,North America,US
57,Fort Worth,50,1154.0709076194385,1122,57.70354538097192,2.1992486215099976,1.0285836966305155,7.1,USA,North America,US
57,Fort Worth,60,942.6786549398278,729,56.560719296389664,2.192107943091582,1.293112009519654,8.7,USA,North America,US
57,Fort Worth,70,823.2028146494036,729,57.62419702545826,2.186111795090559,1.1292219679690036,8.7,USA,North America,US
57,Fort Worth,80,680.9466316929714,506,54.47573053543772,2.18094790081484,1.3457443314090345,10.4,USA,North America,US
57,Fort Worth,90,630.5684782795905,506,56.75116304516315,2.1764160911996866,1.2461827633984002,10.4,USA,North America,US
57,Fort Worth,100,567.215751113898,506,56.72157511138981,2.1723804283757495,1.1209797452843837,10.4,USA,North America,US
57,Fort Worth,110,513.7139379542496,506,56.508533174967454,2.1687444133221674,1.0152449366684777,10.4,USA,North America,US
57,Fort Worth,120,475.8243328870625,380,57.0989199464475,2.1654370967569494,1.252169297071217,12.1,USA,North America,US
57,Fort Worth,130,443.1253203387287,380,57.606291644034734,2.1624048054643303,1.166119264049286,12.1,USA,North America,US
57,Fort Worth,140,408.5041368826651,380,57.19057916357311,2.1596059642634815,1.0750108865333292,12.1,USA,North America,US
57,Fort Worth,150,381.04394799217346,380,57.15659219882602,2.1570077210215293,1.0027472315583512,12.1,USA,North America,US
58,Foz do Amazonas,10,113535.3404945049,10712,1135.353404945049,19.998,10.59889287663414,7.7,Brazil,South America,Brazil
58,Foz do Amazonas,20,57976.76384190228,10712,1159.5352768380455,19.998,5.412319253351594,7.7,Brazil,South America,Brazil
58,Foz do Amazonas,30,38883.43167645717,10712,1166.502950293715,19.998,3.6298946673317,7.7,Brazil,South America,Brazil
58,Foz do Amazonas,40,29304.84047758465,10712,1172.193619103386,19.998,2.7357020610142504,7.7,Brazil,South America,Brazil
58,Foz do Amazonas,50,23495.90610880958,10712,1174.795305440479,19.998,2.1934191662443596,7.7,Brazil,South America,Brazil
58,Foz do Amazonas,60,19604.625332048403,10712,1176.2775199229045,19.998,1.8301554641568711,7.7,Brazil,South America,Brazil
58,Foz do Amazonas,70,16827.16490142316,10712,1177.901543099621,19.998,1.5708705098415945,7.7,Brazil,South America,Brazil
58,Foz do Amazonas,80,14541.89688973951,3540,1163.3517511791608,19.998,4.107880477327545,13.3,Brazil,South America,Brazil
58,Foz do Amazonas,90,12942.226639517412,3540,1164.800397556567,19.998,3.655996225852376,13.3,Brazil,South America,Brazil
58,Foz do Amazonas,100,11683.124275825436,3540,1168.3124275825437,19.998,3.300317592041083,13.3,Brazil,South America,Brazil
58,Foz do Amazonas,110,10621.133611181513,3540,1168.3246972299662,19.998,3.00032022914732,13.3,Brazil,South America,Brazil
58,Foz do Amazonas,120,9757.685073782954,3540,1170.9222088539543,19.998,2.756408212933038,13.3,Brazil,South America,Brazil
58,Foz do Amazonas,130,9009.591500449884,3540,1171.246895058485,19.998,2.5450823447598543,13.3,Brazil,South America,Brazil
58,Foz do Amazonas,140,8375.207124299386,3540,1172.528997401914,19.998,2.36587771872864,13.3,Brazil,South America,Brazil
58,Foz do Amazonas,150,7824.310135430687,3540,1173.646520314603,19.998,2.210257100404149,13.3,Brazil,South America,Brazil
60,Gaziantep,10,0.1943882325166125,1,0.0019438823251661,0.1943882325166125,0.1943882325166125,2.0,Turkey,Middle East,Middle East
60,Gaziantep,20,0.1915008161062871,1,0.0038300163221257,0.1915008161062871,0.1915008161062871,2.0,Turkey,Middle East,Middle East
60,Gaziantep,30,0.1898571634555781,1,0.0056957149036673,0.1898571634555781,0.1898571634555781,2.0,Turkey,Middle East,Middle East
60,Gaziantep,40,0.1887105400278267,1,0.007548421601113,0.1887105400278267,0.1887105400278267,2.0,Turkey,Middle East,Middle East
60,Gaziantep,50,0.1878320653780905,1,0.0093916032689045,0.1878320653780905,0.1878320653780905,2.0,Turkey,Middle East,Middle East
60,Gaziantep,60,0.1871212503317421,1,0.0112272750199045,0.1871212503317421,0.1871212503317421,2.0,Turkey,Middle East,Middle East
60,Gaziantep,70,0.1865250708600017,1,0.0130567549602001,0.1865250708600017,0.1865250708600017,2.0,Turkey,Middle East,Middle East
60,Gaziantep,80,0.1860121529881768,1,0.0148809722390541,0.1860121529881768,0.1860121529881768,2.0,Turkey,Middle East,Middle East
60,Gaziantep,90,0.1855624085561553,1,0.0167006167700539,0.1855624085561553,0.1855624085561553,2.0,Turkey,Middle East,Middle East
60,Gaziantep,100,0.1851622085230333,1,0.0185162208523033,0.1851622085230333,0.1851622085230333,2.0,Turkey,Middle East,Middle East
60,Gaziantep,110,0.1848018861289704,1,0.0203282074741867,0.1848018861289704,0.1848018861289704,2.0,Turkey,Middle East,Middle East
60,Gaziantep,120,0.1844743393929795,1,0.0221369207271575,0.1844743393929795,0.1844743393929795,2.0,Turkey,Middle East,Middle East
60,Gaziantep,130,0.1841741992956456,1,0.0239426459084339,0.1841741992956456,0.1841741992956456,2.0,Turkey,Middle East,Middle East
60,Gaziantep,140,0.1838973095649743,1,0.0257456233390964,0.1838973095649743,0.1838973095649743,2.0,Turkey,Middle East,Middle East
60,Gaziantep,150,0.1836403878268251,1,0.0275460581740237,0.1836403878268251,0.1836403878268251,2.0,Turkey,Middle East,Middle East
63,Gippsland,10,1572.6331020669695,812,15.726331020669695,19.998,1.9367402734814896,10.3,Australia,South Pacific,Australia
63,Gippsland,20,775.6196453208737,552,15.512392906417473,19.998,1.4051080531175248,12.4,Australia,South Pacific,Australia
63,Gippsland,30,512.7339230629362,400,15.382017691888088,19.998,1.2818348076573407,14.5,Australia,South Pacific,Australia
63,Gippsland,40,384.77681283301854,306,15.391072513320742,19.998,1.257440564813786,16.6,Australia,South Pacific,Australia
63,Gippsland,50,308.6372575088091,306,15.431862875440457,19.998,1.0086184885908795,16.6,Australia,South Pacific,Australia
63,Gippsland,60,257.2272005506889,196,15.433632033041334,19.998,1.312383676279025,20.7,Australia,South Pacific,Australia
63,Gippsland,70,222.112176877174,196,15.54785238140218,19.998,1.1332253922304796,20.7,Australia,South Pacific,Australia
63,Gippsland,80,196.92654956526297,196,15.754123965221035,19.998,1.004727293700321,20.7,Australia,South Pacific,Australia
63,Gippsland,90,177.33120529517353,100,15.959808476565618,19.998,1.7733120529517354,29.1,Australia,South Pacific,Australia
63,Gippsland,100,163.33499488611125,100,16.333499488611125,19.998,1.6333499488611125,29.1,Australia,South Pacific,Australia
63,Gippsland,110,152.1865769639751,100,16.740523466037263,19.998,1.521865769639751,29.1,Australia,South Pacific,Australia
63,Gippsland,120,143.2414883723503,100,17.188978604682035,19.998,1.432414883723503,29.1,Australia,South Pacific,Australia
63,Gippsland,130,135.84361773489033,100,17.659670305535744,19.998,1.358436177348903,29.1,Australia,South Pacific,Australia
63,Gippsland,140,129.6461920791249,100,18.150466891077485,19.998,1.296461920791249,29.1,Australia,South Pacific,Australia
63,Gippsland,150,124.3653706418585,100,18.654805596278777,19.998,1.243653706418585,29.1,Australia,South Pacific,Australia
64,Grand Banks,10,5167.959445763782,3481,51.679594457637826,8.568348972069336,1.4846192030346976,12.7,Canada,North America,Canada
64,Grand Banks,20,2574.3811815580775,1722,51.48762363116155,8.439306632365899,1.4949948789535874,18.1,Canada,North America,Canada
64,Grand Banks,30,1782.4827487917064,1722,53.474482463751194,8.365728868912127,1.035123547498087,18.1,Canada,North America,Canada
64,Grand Banks,40,1304.318425111676,1024,52.172737004467045,8.314350153470023,1.2737484620231212,23.5,Canada,North America,Canada
64,Grand Banks,50,1067.587366427288,1024,53.3793683213644,8.274959393627542,1.0425657875266483,23.5,Canada,North America,Canada
64,Grand Banks,60,865.3272076871363,676,51.919632461228176,8.243069318967377,1.2800698338567105,28.8,Canada,North America,Canada
64,Grand Banks,70,753.9538028716247,676,52.77676620101373,8.21631057378923,1.1153162764373146,28.8,Canada,North America,Canada
64,Grand Banks,80,652.5342248869596,484,52.20273799095677,8.19328047104821,1.3482112084441311,34.2,Canada,North America,Canada
64,Grand Banks,90,583.1403193827813,484,52.48262874445032,8.17308049644041,1.2048353706255812,34.2,Canada,North America,Canada
64,Grand Banks,100,531.9533467516669,484,53.19533467516669,8.155100810955734,1.0990771627100555,34.2,Canada,North America,Canada
64,Grand Banks,110,486.7769453843744,484,53.54546399228118,8.138908726876195,1.0057374904635834,34.2,Canada,North America,Canada
64,Grand Banks,120,436.1043945096183,361,52.3325273411542,8.124186263840334,1.2080454141540673,39.6,Canada,North America,Canada
64,Grand Banks,130,406.68169193035504,361,52.86861995094616,8.110692969138618,1.1265420829095707,39.6,Canada,North America,Canada
64,Grand Banks,140,381.141606793436,361,53.35982495108104,8.098242659034446,1.0557939246355568,39.6,Canada,North America,Canada
64,Grand Banks,150,337.8998136532924,272,50.68497204799386,8.086688264936472,1.2422787266665165,44.9,Canada,North America,Canada
65,Green River,10,0.7738352077147346,1,0.0077383520771473,0.7738352077147346,0.7738352077147346,2.0,USA,North America,US
65,Green River,20,0.7572254268166088,1,0.0151445085363321,0.7572254268166088,0.7572254268166088,2.0,USA,North America,US
65,Green River,30,0.7478671905253056,1,0.0224360157157591,0.7478671905253056,0.7478671905253056,2.0,USA,North America,US
65,Green River,40,0.7413797967206275,1,0.0296551918688251,0.7413797967206275,0.7413797967206275,2.0,USA,North America,US
65,Green River,50,0.7364321084668721,1,0.0368216054233436,0.7364321084668721,0.7364321084668721,2.0,USA,North America,US
65,Green River,60,0.7324429307021053,1,0.0439465758421263,0.7324429307021053,0.7324429307021053,2.0,USA,North America,US
65,Green River,70,0.7291068604237418,1,0.0510374802296619,0.7291068604237418,0.7291068604237418,2.0,USA,North America,US
65,Green River,80,0.7262437927489837,1,0.0580995034199186,0.7262437927489837,0.7262437927489837,2.0,USA,North America,US
65,Green River,90,0.7237387300172489,1,0.0651364857015524,0.7237387300172489,0.7237387300172489,2.0,USA,North America,US
65,Green River,100,0.7215138368301511,1,0.0721513836830151,0.7215138368301511,0.7215138368301511,2.0,USA,North America,US
65,Green River,110,0.7195140217724244,1,0.0791465423949666,0.7195140217724244,0.7195140217724244,2.0,USA,North America,US
65,Green River,120,0.7176988855527433,1,0.0861238662663292,0.7176988855527433,0.7176988855527433,2.0,USA,North America,US
65,Green River,130,0.7160379379293811,1,0.0930849319308195,0.7160379379293811,0.7160379379293811,2.0,USA,North America,US
65,Green River,140,0.7145076117268503,1,0.100031065641759,0.7145076117268503,0.7145076117268503,2.0,USA,North America,US
65,Green River,150,0.7130893210048239,1,0.1069633981507235,0.7130893210048239,0.7130893210048239,2.0,USA,North America,US
69,Hailar-Temtsag,10,0.0420739355251711,1,0.0004207393552517,0.0420739355251711,0.0420739355251711,2.0,China,Asia,China
69,Hailar-Temtsag,20,0.0415818279284173,1,0.0008316365585683,0.0415818279284173,0.0415818279284173,2.0,China,Asia,China
69,Hailar-Temtsag,30,0.0413005113960181,1,0.0012390153418805,0.0413005113960181,0.0413005113960181,2.0,China,Asia,China
69,Hailar-Temtsag,40,0.0411037502322732,1,0.0016441500092909,0.0411037502322732,0.0411037502322732,2.0,China,Asia,China
69,Hailar-Temtsag,50,0.0409527171536487,1,0.0020476358576824,0.0409527171536487,0.0409527171536487,2.0,China,Asia,China
69,Hailar-Temtsag,60,0.0408303267546681,1,0.00244981960528,0.0408303267546681,0.0408303267546681,2.0,China,Asia,China
69,Hailar-Temtsag,70,0.0407275484988434,1,0.002850928394919,0.0407275484988434,0.0407275484988434,2.0,China,Asia,China
69,Hailar-Temtsag,80,0.0406390317924156,1,0.0032511225433932,0.0406390317924156,0.0406390317924156,2.0,China,Asia,China
69,Hailar-Temtsag,90,0.040561346836585,1,0.0036505212152926,0.040561346836585,0.040561346836585,2.0,China,Asia,China
69,Hailar-Temtsag,100,0.0404921643542504,1,0.004049216435425,0.0404921643542504,0.0404921643542504,2.0,China,Asia,China
69,Hailar-Temtsag,110,0.0404298308145503,1,0.0044472813896005,0.0404298308145503,0.0404298308145503,2.0,China,Asia,China
69,Hailar-Temtsag,120,0.0403731304632955,1,0.0048447756555954,0.0403731304632955,0.0403731304632955,2.0,China,Asia,China
69,Hailar-Temtsag,130,0.0403211435639564,1,0.0052417486633143,0.0403211435639564,0.0403211435639564,2.0,China,Asia,China
69,Hailar-Temtsag,140,0.0402731576774964,1,0.0056382420748495,0.0402731576774964,0.0402731576774964,2.0,China,Asia,China
69,Hailar-Temtsag,150,0.0402286098347847,1,0.0060342914752177,0.0402286098347847,0.0402286098347847,2.0,China,Asia,China
70,Huabei,10,3009.622789478124,2809,30.09622789478124,6.75008242963725,1.0714214273685028,8.1,China,Asia,China
70,Huabei,20,1506.08124675897,1482,30.12162493517939,6.657506427992553,1.0162491543582792,11.2,China,Asia,China
70,Huabei,30,986.2845518872706,900,29.588536556618116,6.604621511576337,1.0958717243191896,14.3,China,Asia,China
70,Huabei,40,727.3181069953409,600,29.09272427981363,6.567649352072641,1.212196844992235,17.4,China,Asia,China
70,Huabei,50,584.7823774396694,441,29.23911887198347,6.539279679546949,1.3260371370514046,20.4,China,Asia,China
70,Huabei,60,493.39523594365824,441,29.603714156619496,6.516296763123783,1.118810058829157,20.4,China,Asia,China
70,Huabei,70,408.57386276195615,324,28.60017039333693,6.49700135881976,1.2610304406233217,23.5,China,Asia,China
70,Huabei,80,359.39365688293304,324,28.751492550634644,6.4803868816650985,1.1092396817374477,23.5,China,Asia,China
70,Huabei,90,320.91549932647473,256,28.882394939382724,6.465808218038853,1.253576169244042,26.6,China,Asia,China
70,Huabei,100,290.4824612432732,256,29.048246124327317,6.452827324333182,1.134697114231536,26.6,China,Asia,China
70,Huabei,110,267.44860704031595,210,29.419346774434754,6.441133283526078,1.273564795430076,29.6,China,Asia,China
70,Huabei,120,247.61734212875797,210,29.71408105545095,6.430497525270326,1.1791302006131332,29.6,China,Asia,China
70,Huabei,130,227.71379103435893,210,29.602792834466666,6.4207471538129965,1.0843513858778997,29.6,China,Asia,China
70,Huabei,140,211.96957018954433,210,29.675739826536205,6.411748257171289,1.0093789056644968,29.6,China,Asia,China
70,Huabei,150,193.81199819186543,144,29.071799728779816,6.403395029266648,1.3459166541101768,35.8,China,Asia,China
71,Illinois,10,13363.590374785816,8190,133.63590374785818,1.6316960164573675,1.6316960164573648,5.6,USA,North America,US
71,Illinois,20,8743.759574672265,8190,174.8751914934453,1.610231317492214,1.0676141116815954,5.6,USA,North America,US
71,Illinois,30,4833.889469634301,3025,145.01668408902904,1.5979799899617544,1.5979799899617526,9.3,USA,North America,US
71,Illinois,40,4413.00534105405,3025,176.52021364216202,1.5894193584844876,1.458844740844314,9.3,USA,North America,US
71,Illinois,50,3436.6258664922834,3025,171.83129332461417,1.582852912047754,1.1360746666090191,9.3,USA,North America,US
71,Illinois,60,2460.954190125604,1560,147.65725140753625,1.5775347372600053,1.5775347372600026,12.9,USA,North America,US
71,Illinois,70,2453.9904853701846,1560,171.77933397591292,1.5730708239552484,1.5730708239552469,12.9,USA,North America,US
71,Illinois,80,2163.3788004667517,1560,173.07030403734012,1.5692278379749718,1.386781282350482,12.9,USA,North America,US
71,Illinois,90,1892.86647912453,1560,170.35798312120772,1.565856272132614,1.21337594815675,12.9,USA,North America,US
71,Illinois,100,1707.378239704816,1560,170.7378239704816,1.5628546286335234,1.0944732305800102,12.9,USA,North America,US
71,Illinois,110,1570.905469068155,1560,172.79960159749706,1.5601508782662026,1.0069906853000994,12.9,USA,North America,US
71,Illinois,120,1443.4213207503765,930,173.21055849004517,1.5576920768957596,1.5520659362907274,16.6,USA,North America,US
71,Illinois,130,1297.1947828305797,930,168.63532176797537,1.5554381818367695,1.3948330998178275,16.6,USA,North America,US
71,Illinois,140,1188.8186301008204,930,166.43460821411486,1.5533581828586709,1.2782996022589468,16.6,USA,North America,US
71,Illinois,150,1104.6852164181566,930,165.7027824627235,1.551427581000908,1.1878335660410286,16.6,USA,North America,US
74,Ionian,10,3108.395574060574,1681,31.083955740605735,12.473778271264097,1.8491347852829112,4.7,Greece,Europe,EU
74,Ionian,20,1518.1294518819589,676,30.362589037639175,12.316611681853631,2.245753627044318,7.5,Greece,Europe,EU
74,Ionian,30,1033.6810767689026,992,31.010432303067077,12.226710776758594,1.0420172144847808,6.1,Greece,Europe,EU
74,Ionian,40,786.5594845180126,676,31.462379380720503,12.163809181259406,1.1635495333106696,7.5,Greece,Europe,EU
74,Ionian,50,616.9582106052557,361,30.847910530262784,12.115514413925665,1.7090255141419826,10.2,Greece,Europe,EU
74,Ionian,60,516.8801594766513,361,31.01280956859908,12.076371333846994,1.4318009957801976,10.2,Greece,Europe,EU
74,Ionian,70,444.9558761787365,361,31.14691133251155,12.043495847202164,1.2325647539577187,10.2,Greece,Europe,EU
74,Ionian,80,394.2422215503583,361,31.539377724028665,12.015178774620876,1.0920837162059789,10.2,Greece,Europe,EU
74,Ionian,90,343.10737724794063,225,30.879663952314655,11.990324325270931,1.524921676657514,13.0,Greece,Europe,EU
74,Ionian,100,311.49099013250213,225,31.14909901325021,11.968188209564238,1.3844044005888985,13.0,Greece,Europe,EU
74,Ionian,110,283.22833135200574,225,31.15511644872063,11.948241998953852,1.2587925837866922,13.0,Greece,Europe,EU
74,Ionian,120,261.5973845114818,225,31.391686141377814,11.93009712608749,1.1626550422732522,13.0,Greece,Europe,EU
74,Ionian,130,243.19609892910609,225,31.615492860783785,11.913459605882563,1.080871550796027,13.0,Greece,Europe,EU
74,Ionian,140,225.55856863828947,225,31.578199609360528,11.898101694499791,1.0024825272812865,13.0,Greece,Europe,EU
74,Ionian,150,207.42540918585365,182,31.113811377878047,11.883843414914477,1.1397000504717234,14.3,Greece,Europe,EU
76,Jianghan,10,0.7250717983481406,1,0.0072507179834814,0.7250717983481406,0.7250717983481406,2.0,China,Asia,China
76,Jianghan,20,0.7176040289879136,1,0.0143520805797582,0.7176040289879136,0.7176040289879136,2.0,China,Asia,China
76,Jianghan,30,0.7133148741032909,1,0.0213994462230987,0.7133148741032909,0.7133148741032909,2.0,China,Asia,China
76,Jianghan,40,0.7103062623109597,1,0.0284122504924383,0.7103062623109597,0.7103062623109597,2.0,China,Asia,China
76,Jianghan,50,0.7079920580279415,1,0.035399602901397,0.7079920580279415,0.7079920580279415,2.0,China,Asia,China
76,Jianghan,60,0.7061136808750454,1,0.0423668208525027,0.7061136808750454,0.7061136808750454,2.0,China,Asia,China
76,Jianghan,70,0.7045341964707756,1,0.0493173937529543,0.7045341964707756,0.7045341964707756,2.0,China,Asia,China
76,Jianghan,80,0.7031723470274076,1,0.0562537877621926,0.7031723470274076,0.7031723470274076,2.0,China,Asia,China
76,Jianghan,90,0.701975978701783,1,0.0631778380831604,0.701975978701783,0.701975978701783,2.0,China,Asia,China
76,Jianghan,100,0.7009096334201886,1,0.0700909633420188,0.7009096334201886,0.7009096334201886,2.0,China,Asia,China
76,Jianghan,110,0.699948115647249,1,0.0769942927211974,0.699948115647249,0.699948115647249,2.0,China,Asia,China
76,Jianghan,120,0.6990728845911665,1,0.0838887461509399,0.6990728845911665,0.6990728845911665,2.0,China,Asia,China
76,Jianghan,130,0.6982699030632477,1,0.0907750873982222,0.6982699030632477,0.6982699030632477,2.0,China,Asia,China
76,Jianghan,140,0.697528290078335,1,0.0976539606109668,0.697528290078335,0.697528290078335,2.0,China,Asia,China
76,Jianghan,150,0.6968394419712977,1,0.1045259162956946,0.6968394419712977,0.6968394419712977,2.0,China,Asia,China
77,Jiuquan,10,0.4883960244734584,1,0.0048839602447345,0.4883960244734584,0.4883960244734584,2.0,China,Asia,China
77,Jiuquan,20,0.4811987598462088,1,0.0096239751969241,0.4811987598462088,0.4811987598462088,2.0,China,Asia,China
77,Jiuquan,30,0.4770971365440139,1,0.0143129140963204,0.4770971365440139,0.4770971365440139,2.0,China,Asia,China
77,Jiuquan,40,0.4742338824167791,1,0.0189693552966711,0.4742338824167791,0.4742338824167791,2.0,China,Asia,China
77,Jiuquan,50,0.4720391682455878,1,0.0236019584122793,0.4720391682455878,0.4720391682455878,2.0,China,Asia,China
77,Jiuquan,60,0.4702626569498827,1,0.0282157594169929,0.4702626569498827,0.4702626569498827,2.0,China,Asia,China
77,Jiuquan,70,0.4687721950867511,1,0.0328140536560725,0.4687721950867511,0.4687721950867511,2.0,China,Asia,China
77,Jiuquan,80,0.4674895596723829,1,0.0373991647737906,0.4674895596723829,0.4674895596723829,2.0,China,Asia,China
77,Jiuquan,90,0.4663646507751154,1,0.0419728185697603,0.4663646507751154,0.4663646507751154,2.0,China,Asia,China
77,Jiuquan,100,0.4653634686853991,1,0.0465363468685399,0.4653634686853991,0.4653634686853991,2.0,China,Asia,China
77,Jiuquan,110,0.4644618927321417,1,0.0510908082005355,0.4644618927321417,0.4644618927321417,2.0,China,Asia,China
77,Jiuquan,120,0.4636421983616879,1,0.0556370638034025,0.4636421983616879,0.4636421983616879,2.0,China,Asia,China
77,Jiuquan,130,0.462890983588167,1,0.0601758278664617,0.462890983588167,0.462890983588167,2.0,China,Asia,China
77,Jiuquan,140,0.462197871952377,1,0.0647077020733327,0.462197871952377,0.462197871952377,2.0,China,Asia,China
77,Jiuquan,150,0.4615546675245329,1,0.0692332001286799,0.4615546675245329,0.4615546675245329,2.0,China,Asia,China
78,Junggar,10,0.3882194840195318,1,0.0038821948401953,0.3882194840195318,0.3882194840195318,2.0,China,Asia,China
78,Junggar,20,0.3820806066998892,1,0.0076416121339977,0.3820806066998892,0.3820806066998892,2.0,China,Asia,China
78,Junggar,30,0.3785850080944408,1,0.0113575502428332,0.3785850080944408,0.3785850080944408,2.0,China,Asia,China
78,Junggar,40,0.3761460683930842,1,0.0150458427357233,0.3761460683930842,0.3761460683930842,2.0,China,Asia,China
78,Junggar,50,0.3742773085634676,1,0.0187138654281733,0.3742773085634676,0.3742773085634676,2.0,China,Asia,China
78,Junggar,60,0.3727650990821725,1,0.0223659059449303,0.3727650990821725,0.3727650990821725,2.0,China,Asia,China
78,Junggar,70,0.3714967007484316,1,0.0260047690523902,0.3714967007484316,0.3714967007484316,2.0,China,Asia,China
78,Junggar,80,0.370405399511482,1,0.0296324319609185,0.370405399511482,0.370405399511482,2.0,China,Asia,China
78,Junggar,90,0.3694484760740663,1,0.0332503628466659,0.3694484760740663,0.3694484760740663,2.0,China,Asia,China
78,Junggar,100,0.3685969450606434,1,0.0368596945060643,0.3685969450606434,0.3685969450606434,2.0,China,Asia,China
78,Junggar,110,0.3678302466399571,1,0.0404613271303952,0.3678302466399571,0.3678302466399571,2.0,China,Asia,China
78,Junggar,120,0.3671332751583099,1,0.0440559930189971,0.3671332751583099,0.3671332751583099,2.0,China,Asia,China
78,Junggar,130,0.3664946104186159,1,0.04764429935442,0.3664946104186159,0.3664946104186159,2.0,China,Asia,China
78,Junggar,140,0.365905411470519,1,0.0512267576058726,0.365905411470519,0.365905411470519,2.0,China,Asia,China
78,Junggar,150,0.3653586960283558,1,0.0548038044042533,0.3653586960283558,0.3653586960283558,2.0,China,Asia,China
80,Kra-Gulf of Thailand,10,368.4852467748024,306,3.684852467748024,7.794133115984976,1.2042001528588313,16.4,Thailand,Asia,Thailand
80,Kra-Gulf of Thailand,20,178.84317500523775,156,3.5768635001047553,7.676637087713556,1.1464306090079344,22.6,Thailand,Asia,Thailand
80,Kra-Gulf of Thailand,30,122.3755770920143,100,3.671267312760429,7.60961963155484,1.223755770920143,28.8,Thailand,Asia,Thailand
80,Kra-Gulf of Thailand,40,87.86513062250499,49,3.5146052249002,7.562812180238304,1.7931659310715304,41.2,Thailand,Asia,Thailand
80,Kra-Gulf of Thailand,50,71.77898062674765,49,3.5889490313373824,7.526920758383283,1.4648771556479112,41.2,Thailand,Asia,Thailand
80,Kra-Gulf of Thailand,60,60.91485315283485,49,3.654891189170091,7.497860338777617,1.243160268425201,41.2,Thailand,Asia,Thailand
80,Kra-Gulf of Thailand,70,53.89186147727124,49,3.772430303408987,7.473473650320659,1.099833907699413,41.2,Thailand,Asia,Thailand
80,Kra-Gulf of Thailand,80,47.5726150629796,36,3.805809205038368,7.45248341808785,1.3214615295272112,47.3,Thailand,Asia,Thailand
80,Kra-Gulf of Thailand,90,43.96784978900782,36,3.957106481010704,7.434071385694553,1.2213291608057728,47.3,Thailand,Asia,Thailand
80,Kra-Gulf of Thailand,100,41.13093768255165,36,4.1130937682551645,7.417682142137069,1.1425260467375458,47.3,Thailand,Asia,Thailand
80,Kra-Gulf of Thailand,110,38.84241826038675,36,4.272666008642543,7.402921589384823,1.0789560627885209,47.3,Thailand,Asia,Thailand
80,Kra-Gulf of Thailand,120,36.966101552811935,36,4.435932186337433,7.389500088496878,1.026836154244776,47.3,Thailand,Asia,Thailand
80,Kra-Gulf of Thailand,130,34.34424143797294,30,4.464751386936482,7.377198605989594,1.1448080479324314,51.5,Thailand,Asia,Thailand
80,Kra-Gulf of Thailand,140,33.08444801765962,30,4.6318227224723465,7.365847534582138,1.1028149339219873,51.5,Thailand,Asia,Thailand
80,Kra-Gulf of Thailand,150,31.99246717085188,30,4.798870075627781,7.355312893431682,1.0664155723617292,51.5,Thailand,Asia,Thailand
83,Kutei,10,1627.0150004030756,1332,16.270150004030757,10.827068787447669,1.2214827330353422,9.2,Indonesia,Asia,Indonesia
83,Kutei,20,800.2869150245457,576,16.005738300490915,10.699116980222536,1.3893870052509474,14.0,Indonesia,Asia,Indonesia
83,Kutei,30,539.2368278288227,420,16.17710483486468,10.625774075777777,1.2838972091162444,16.4,Indonesia,Asia,Indonesia
83,Kutei,40,410.32366986490416,324,16.412946794596166,10.57439192241305,1.2664310798299512,18.8,Indonesia,Asia,Indonesia
83,Kutei,50,330.36205057889214,324,16.518102528944606,10.534904984850648,1.0196359585768275,18.8,Indonesia,Asia,Indonesia
83,Kutei,60,267.4807904754426,169,16.048847428526553,10.502877436387164,1.5827265708606069,25.9,Indonesia,Asia,Indonesia
83,Kutei,70,231.1032471220177,169,16.177227298541244,10.47596210612052,1.3674748350415251,25.9,Indonesia,Asia,Indonesia
83,Kutei,80,205.19108160511357,169,16.415286528409084,10.452767064498724,1.2141484118645771,25.9,Indonesia,Asia,Indonesia
83,Kutei,90,182.69667729740743,169,16.442700956766668,10.432399410435377,1.0810454277953103,25.9,Indonesia,Asia,Indonesia
83,Kutei,100,157.93289385692742,90,15.79328938569274,10.414252366877315,1.754809931743638,35.5,Indonesia,Asia,Indonesia
83,Kutei,110,144.96904455225064,90,15.94659490074757,10.397894952013218,1.610767161691674,35.5,Indonesia,Asia,Indonesia
83,Kutei,120,133.53681779766484,90,16.02441813571978,10.383010133127222,1.4837424199740537,35.5,Indonesia,Asia,Indonesia
83,Kutei,130,123.95364306540658,90,16.113973598502856,10.369357965165367,1.3772627007267395,35.5,Indonesia,Asia,Indonesia
83,Kutei,140,116.21144465972056,90,16.269602252360876,10.356752510007995,1.291238273996895,35.5,Indonesia,Asia,Indonesia
83,Kutei,150,109.13198197192123,90,16.369797295788185,10.345046786075992,1.2125775774657914,35.5,Indonesia,Asia,Indonesia
86,Laramie,10,334.3543970204349,225,3.343543970204349,17.10971884694141,1.486019542313044,2.0,USA,North America,US
86,Laramie,20,170.135917338127,81,3.40271834676254,16.75151669473134,2.100443423927494,3.4,USA,North America,US
86,Laramie,30,115.7116489420096,72,3.4713494682602883,16.549398864734155,1.6071062353056889,3.6,USA,North America,US
86,Laramie,40,89.47520195511349,72,3.5790080782045397,16.40915987937482,1.2427111382654652,3.6,USA,North America,US
86,Laramie,50,74.9909350034455,72,3.749546750172275,16.302136730092634,1.041540763936743,3.6,USA,North America,US
86,Laramie,60,65.75354891123764,64,3.9452129346742586,16.21580440352805,1.0273992017380882,3.8,USA,North America,US
86,Laramie,70,59.25796841225985,49,4.148057788858189,16.143577324544946,1.209346294127752,4.4,USA,North America,US
86,Laramie,80,54.953300139314976,49,4.396264011145198,16.08156991270963,1.1214959212105098,4.4,USA,North America,US
86,Laramie,90,51.64621585832407,49,4.648159427249166,16.02730021399838,1.0540044052719195,4.4,USA,North America,US
86,Laramie,100,49.009267272630055,49,4.9009267272630055,15.979087758351014,1.0001891280128583,4.4,USA,North America,US
86,Laramie,110,46.54938403124684,30,5.120432243437152,15.935742763702631,1.5516461343748946,5.6,USA,North America,US
86,Laramie,120,44.76884804215185,30,5.372261765058222,15.896392515349044,1.4922949347383951,5.6,USA,North America,US
86,Laramie,130,43.24780003614017,30,5.622214004698222,15.860378199579616,1.4415933345380056,5.6,USA,North America,US
86,Laramie,140,41.929380933054595,30,5.870113330627643,15.82719048221252,1.39764603110182,5.6,USA,North America,US
86,Laramie,150,40.77261707514314,30,6.115892561271471,15.79642760455708,1.3590872358381043,5.6,USA,North America,US
87,Levantine,10,7230.000895049476,6724,72.30000895049476,19.998,1.0752529588116413,4.8,Israel,Middle East,Middle East
87,Levantine,20,3552.2410212685963,2652,71.04482042537192,19.998,1.3394573986683995,7.6,Israel,Middle East,Middle East
87,Levantine,30,2333.125042118066,1406,69.993751263542,19.998,1.6594061465989094,10.4,Israel,Middle East,Middle East
87,Levantine,40,1761.884174706243,1406,70.4753669882497,19.998,1.2531181896914956,10.4,Israel,Middle East,Middle East
87,Levantine,50,1416.0739612324528,1406,70.80369806162264,19.998,1.0071649795394402,10.4,Israel,Middle East,Middle East
87,Levantine,60,1173.0438035831064,600,70.38262821498638,19.998,1.955073005971844,15.9,Israel,Middle East,Middle East
87,Levantine,70,1008.3778287082428,600,70.586448009577,19.998,1.680629714513738,15.9,Israel,Middle East,Middle East
87,Levantine,80,886.2887205546003,600,70.90309764436803,19.998,1.4771478675910006,15.9,Israel,Middle East,Middle East
87,Levantine,90,789.386859912488,600,71.04481739212392,19.998,1.3156447665208133,15.9,Israel,Middle East,Middle East
87,Levantine,100,712.1376025883449,600,71.21376025883448,19.998,1.186896004313908,15.9,Israel,Middle East,Middle East
87,Levantine,110,648.9647071180744,600,71.3861177829882,19.998,1.0816078451967908,15.9,Israel,Middle East,Middle East
87,Levantine,120,585.3705719160066,210,70.2444686299208,19.998,2.787478913885746,27.1,Israel,Middle East,Middle East
87,Levantine,130,540.4950519714952,210,70.26435675629438,19.998,2.573785961769025,27.1,Israel,Middle East,Middle East
87,Levantine,140,502.8975894978096,210,70.40566252969333,19.998,2.3947504261800456,27.1,Israel,Middle East,Middle East
87,Levantine,150,470.1942784616686,210,70.52914176925029,19.998,2.239020373626994,27.1,Israel,Middle East,Middle East
89,Los Angeles,10,9299.115153707256,1849,92.99115153707255,19.998,5.029267254573961,2.0,USA,North America,US
89,Los Angeles,20,4668.646796258638,729,93.37293592517275,19.998,6.4041794187361285,3.2,USA,North America,US
89,Los Angeles,30,3121.1890435457276,729,93.63567130637183,19.998,4.2814664520517525,3.2,USA,North America,US
89,Los Angeles,40,2342.664725552768,729,93.7065890221107,19.998,3.213531859468817,3.2,USA,North America,US
89,Los Angeles,50,1875.9210068019415,729,93.79605034009708,19.998,2.573279844721456,3.2,USA,North America,US
89,Los Angeles,60,1541.5846538001415,380,92.49507922800848,19.998,4.056801720526688,4.4,USA,North America,US
89,Los Angeles,70,1339.321480784961,380,93.75250365494728,19.998,3.5245302125920026,4.4,USA,North America,US
89,Los Angeles,80,1195.6558702744455,380,95.65246962195565,19.998,3.146462816511699,4.4,USA,North America,US
89,Los Angeles,90,1089.5611651343763,380,98.06050486209388,19.998,2.867266224037832,4.4,USA,North America,US
89,Los Angeles,100,1008.4130958536812,380,100.84130958536812,19.998,2.6537186732991613,4.4,USA,North America,US
89,Los Angeles,110,944.587885319684,100,103.90466738516524,19.998,9.44587885319684,8.6,USA,North America,US
89,Los Angeles,120,893.0593170035359,100,107.1671180404243,19.998,8.930593170035358,8.6,USA,North America,US
89,Los Angeles,130,850.3970864913523,100,110.5516212438758,19.998,8.503970864913523,8.6,USA,North America,US
89,Los Angeles,140,814.3866218767805,100,114.01412706274928,19.998,8.143866218767805,8.6,USA,North America,US
89,Los Angeles,150,783.5052867522675,100,117.52579301284013,19.998,7.835052867522674,8.6,USA,North America,US
91,Lublin,10,1651.118417309859,1369,16.51118417309859,1.7412375010711996,1.2060762726879906,9.8,Poland,Europe,EU
91,Lublin,20,905.330828893872,870,18.10661657787744,1.7144554362909712,1.0406101481538756,12.4,Poland,Europe,EU
91,Lublin,30,581.846375182171,576,17.45539125546513,1.699205215721834,1.0101499569134913,15.0,Poland,Europe,EU
91,Lublin,40,436.51551184130335,420,17.46062047365213,1.688564769336509,1.0393226472411985,17.6,Poland,Europe,EU
91,Lublin,50,348.76791699168297,324,17.438395849584147,1.6804117687381397,1.076444188245935,20.2,Poland,Europe,EU
91,Lublin,60,283.88113915367126,256,17.032868349220276,1.673814240216741,1.1089106998190283,22.8,Poland,Europe,EU
91,Lublin,70,224.4717908795564,196,15.713025361568947,1.6682803543712597,1.1452642391814103,25.4,Poland,Europe,EU
91,Lublin,80,208.4132804048016,196,16.673062432384125,1.6635190692480877,1.063333063289804,25.4,Poland,Europe,EU
91,Lublin,90,186.9464251255044,169,16.8251782612954,1.6593440208342312,1.1061918646479552,28.0,Poland,Europe,EU
91,Lublin,100,175.8435810929585,169,17.58435810929585,1.6556287596287298,1.0404945626802278,28.0,Poland,Europe,EU
91,Lublin,110,144.5263392135329,121,15.89789731348862,1.6522835926758137,1.194432555483743,33.2,Poland,Europe,EU
91,Lublin,120,137.28868278501136,121,16.47464193420136,1.6492426209240862,1.134617213099267,33.2,Poland,Europe,EU
91,Lublin,130,131.2776684522891,121,17.066096898797582,1.646456023165364,1.0849394086966042,33.2,Poland,Europe,EU
91,Lublin,140,125.91270739565752,121,17.627779035392052,1.6438852301897338,1.0406008875674175,33.2,Poland,Europe,EU
91,Lublin,150,108.73663728653516,100,16.310495592980274,1.6414997812453431,1.0873663728653515,35.8,Poland,Europe,EU
97,Mesopotamian,10,29024.17460644629,9409,290.24174606446286,11.84258733391947,3.08472468981255,6.5,Iraq,Middle East,Middle East
97,Mesopotamian,20,15666.750328286576,9409,313.3350065657315,11.675258345862373,1.6650813400240807,6.5,Iraq,Middle East,Middle East
97,Mesopotamian,30,10694.003260129324,9409,320.8200978038797,11.57970696834075,1.136571714329825,6.5,Iraq,Middle East,Middle East
97,Mesopotamian,40,7720.439091344874,3306,308.817563653795,11.512922578517564,2.335281031864753,11.0,Iraq,Middle East,Middle East
97,Mesopotamian,50,6233.600029840413,3306,311.68000149202066,11.461686315539009,1.885541448832551,11.0,Iraq,Middle East,Middle East
97,Mesopotamian,60,5265.223736469726,3306,315.91342418818357,11.42018447759301,1.5926266595492211,11.0,Iraq,Middle East,Middle East
97,Mesopotamian,70,4587.631274074866,3306,321.13418918524064,11.385345480254328,1.3876682619706189,11.0,Iraq,Middle East,Middle East
97,Mesopotamian,80,4030.2688897324942,3306,322.42151117859953,11.35535002729914,1.2190770991326358,11.0,Iraq,Middle East,Middle East
97,Mesopotamian,90,3589.967936318211,3306,323.09711426863896,11.329032265426353,1.085894717579616,11.0,Iraq,Middle East,Middle East
97,Mesopotamian,100,3067.375483687528,1640,306.7375483687528,11.305600630942092,1.8703509046875173,15.5,Iraq,Middle East,Middle East
97,Mesopotamian,110,2806.971748852753,1640,308.7668923738028,11.284493328065132,1.7115681395443616,15.5,Iraq,Middle East,Middle East
97,Mesopotamian,120,2591.236244307026,1640,310.9483493168431,11.265297382561014,1.580022100187211,15.5,Iraq,Middle East,Middle East
97,Mesopotamian,130,2417.1588840319873,1640,314.23065492415833,11.247700431542832,1.4738773683121873,15.5,Iraq,Middle East,Middle East
97,Mesopotamian,140,2256.771368417694,1640,315.9479915784772,11.231460556554271,1.3760801026937155,15.5,Iraq,Middle East,Middle East
97,Mesopotamian,150,2108.6218890376267,1640,316.293283355644,11.216386624155325,1.285745054291236,15.5,Iraq,Middle East,Middle East
100,Moesian,10,667.0646701926413,552,6.670646701926413,3.243008321881548,1.2084504894794226,12.9,Romania,Europe,EU
100,Moesian,20,338.39881095996265,306,6.767976219199253,3.2089117586656735,1.1058784671894204,17.3,Romania,Europe,EU
100,Moesian,30,223.7805692740172,196,6.713417078220515,3.1893269138206084,1.1417375983368223,21.7,Romania,Europe,EU
100,Moesian,40,165.8398312216831,156,6.633593248867324,3.1755886930835793,1.0630758411646353,23.9,Romania,Europe,EU
100,Moesian,50,133.2007754948903,132,6.660038774744516,3.1650210836278463,1.0090967840521994,26.1,Romania,Europe,EU
100,Moesian,60,112.49076283319266,100,6.74944576999156,3.1564434838484026,1.1249076283319266,30.4,Romania,Europe,EU
100,Moesian,70,90.0161326742028,81,6.301129287194196,3.1492306736141833,1.1113102799284296,32.6,Romania,Europe,EU
100,Moesian,80,79.74395098645039,72,6.379516078916031,3.1430116347219164,1.107554874811811,34.8,Romania,Europe,EU
100,Moesian,90,71.05949734295217,64,6.395354760865695,3.13754823149989,1.1103046459836277,37.0,Romania,Europe,EU
100,Moesian,100,64.94947044644796,64,6.494947044644796,3.132678559085747,1.0148354757257494,37.0,Romania,Europe,EU
100,Moesian,110,59.94750239331386,49,6.594225263264525,3.1282875708239124,1.2234184161900787,43.6,Romania,Europe,EU
100,Moesian,120,55.93986442914525,49,6.712783731497431,3.124290605673847,1.1416298863090868,43.6,Romania,Europe,EU
100,Moesian,130,52.71049258059312,49,6.852364035477105,3.1206235663262185,1.0757243383794517,43.6,Romania,Europe,EU
100,Moesian,140,49.11088187109625,49,6.875523461953475,3.11723676704292,1.0022628953284949,43.6,Romania,Europe,EU
100,Moesian,150,43.47921469598681,42,6.521882204398022,3.1140909206756526,1.0352193975234956,45.8,Romania,Europe,EU
101,Moray Firth,10,1465.8902821276452,784,14.65890282127645,19.998,1.8697580129179148,9.6,UK,Europe,UK
101,Moray Firth,20,727.3970635454201,400,14.547941270908405,19.998,1.8184926588635504,13.4,UK,Europe,UK
101,Moray Firth,30,490.736217431312,400,14.722086522939358,19.998,1.22684054357828,13.4,UK,Europe,UK
101,Moray Firth,40,366.9880911053547,306,14.67952364421419,19.998,1.199307487272401,15.3,UK,Europe,UK
101,Moray Firth,50,290.99134451189394,240,14.549567225594698,19.998,1.2124639354662248,17.2,UK,Europe,UK
101,Moray Firth,60,244.0222349937906,196,14.641334099627434,19.998,1.2450114030295438,19.1,UK,Europe,UK
101,Moray Firth,70,209.55181027318173,196,14.668626719122722,19.998,1.0691418891488864,19.1,UK,Europe,UK
101,Moray Firth,80,180.85571230824164,100,14.468456984659332,19.998,1.8085571230824165,26.7,UK,Europe,UK
101,Moray Firth,90,162.46474296473218,100,14.621826866825897,19.998,1.6246474296473217,26.7,UK,Europe,UK
101,Moray Firth,100,148.27218394072148,100,14.827218394072148,19.998,1.4827218394072148,26.7,UK,Europe,UK
101,Moray Firth,110,136.7758763063415,100,15.045346393697566,19.998,1.3677587630634152,26.7,UK,Europe,UK
101,Moray Firth,120,127.72495990083834,100,15.326995188100602,19.998,1.2772495990083834,26.7,UK,Europe,UK
101,Moray Firth,130,120.1381252010399,100,15.617956276135189,19.998,1.201381252010399,26.7,UK,Europe,UK
101,Moray Firth,140,113.8514723176138,100,15.939206124465937,19.998,1.138514723176138,26.7,UK,Europe,UK
101,Moray Firth,150,108.55238144537978,100,16.282857216806967,19.998,1.0855238144537978,26.7,UK,Europe,UK
102,More,10,3110.214344784499,2116,31.10214344784499,18.057505944357462,1.4698555504652642,5.8,Norway,Europe,EU
102,More,20,1543.9546949349794,1190,30.87909389869959,17.764387901895226,1.297440920113428,7.7,Norway,Europe,EU
102,More,30,1012.9876571067194,756,30.389629713201582,17.59755132470893,1.3399307633686766,9.5,Norway,Europe,EU
102,More,40,767.7406829916767,756,30.70962731966707,17.481177292341787,1.0155300039572444,9.5,Norway,Europe,EU
102,More,50,622.5386848284907,400,31.126934241424532,17.392026628413756,1.5563467120712269,13.3,Norway,Europe,EU
102,More,60,521.8198538986385,400,31.309191233918312,17.319896487723916,1.3045496347465964,13.3,Norway,Europe,EU
102,More,70,450.4474917753732,400,31.53132442427612,17.259403404272884,1.126118729438433,13.3,Norway,Europe,EU
102,More,80,390.5742576760804,306,31.24594061408643,17.207362115013805,1.2763864629937267,15.2,Norway,Europe,EU
102,More,90,349.12226925934397,306,31.42100423334096,17.161733219910978,1.1409224485599476,15.2,Norway,Europe,EU
102,More,100,315.00263771579705,306,31.500263771579707,17.12113310691959,1.0294203846921473,15.2,Norway,Europe,EU
102,More,110,282.65998532857213,240,31.092598386142935,17.084580441373667,1.1777499388690509,17.1,Norway,Europe,EU
102,More,120,259.8221158896226,240,31.178653906754707,17.051354276295534,1.082592149540094,17.1,Norway,Europe,EU
102,More,130,240.21645482994407,196,31.228139127892728,17.020909598704957,1.225594157295633,19.0,Norway,Europe,EU
102,More,140,223.7973369815669,196,31.331627177419367,16.992824513663866,1.1418231478651373,19.0,Norway,Europe,EU
102,More,150,209.39699699695348,196,31.409549549543023,16.96676584239347,1.0683520254946606,19.0,Norway,Europe,EU
107,Nanxiang,10,634.6191041761871,210,6.346191041761871,19.998,3.0219957341723194,10.7,China,Asia,China
107,Nanxiang,20,320.986144333548,210,6.41972288667096,19.998,1.5285054492073715,10.7,China,Asia,China
107,Nanxiang,30,215.50455181143005,210,6.465136554342901,19.998,1.0262121514830005,10.7,China,Asia,China
107,Nanxiang,40,162.5972144787549,144,6.503888579150196,19.998,1.129147322769131,12.9,China,Asia,China
107,Nanxiang,50,133.43894844172448,81,6.671947422086224,19.998,1.647394425206475,17.2,China,Asia,China
107,Nanxiang,60,116.61643114074052,81,6.9969858684444315,19.998,1.4397090264288954,17.2,China,Asia,China
107,Nanxiang,70,105.39345352435411,81,7.377541746704789,19.998,1.3011537472142485,17.2,China,Asia,China
107,Nanxiang,80,97.28840268108382,81,7.7830722144867055,19.998,1.2010913911244916,17.2,China,Asia,China
107,Nanxiang,90,91.1111275701914,81,8.200001481317225,19.998,1.1248287354344615,17.2,China,Asia,China
107,Nanxiang,100,86.21613590475887,81,8.621613590475887,19.998,1.0643967395649243,17.2,China,Asia,China
107,Nanxiang,110,82.2213643430993,81,9.044350077740924,19.998,1.0150785721370283,17.2,China,Asia,China
107,Nanxiang,120,78.53171613155811,42,9.423805935786971,19.998,1.869802765037098,23.8,China,Asia,China
107,Nanxiang,130,75.7352380505954,42,9.8455809465774,19.998,1.8032199535856048,23.8,China,Asia,China
107,Nanxiang,140,73.31882154811379,42,10.26463501673593,19.998,1.7456862273360427,23.8,China,Asia,China
107,Nanxiang,150,71.20442258837184,42,10.680663388255777,19.998,1.6953433949612344,23.8,China,Asia,China
112,North Adriatic,10,815.8933928542699,756,8.1589339285427,4.193714760297881,1.07922406462205,9.1,Croatia,Europe,EU
112,North Adriatic,20,395.164012754075,380,7.9032802550815,4.158179029206119,1.03990529672125,12.6,Croatia,Europe,EU
112,North Adriatic,30,273.5343124252825,240,8.206029372758476,4.137699826787498,1.1397263017720105,16.2,Croatia,Europe,EU
112,North Adriatic,40,199.36870098013625,156,7.97474803920545,4.123304679280263,1.278004493462412,19.7,Croatia,Europe,EU
112,North Adriatic,50,160.28574511555334,132,8.014287255777667,4.112215140422622,1.2142859478451011,21.5,Croatia,Europe,EU
112,North Adriatic,60,134.8058516038811,100,8.088351096232866,4.103203261682749,1.348058516038811,25.0,Croatia,Europe,EU
112,North Adriatic,70,117.03385638063789,100,8.192369946644652,4.095617887457152,1.1703385638063788,25.0,Croatia,Europe,EU
112,North Adriatic,80,101.7612491311444,100,8.140899930491551,4.089072195940945,1.017612491311444,25.0,Croatia,Europe,EU
112,North Adriatic,90,85.49348990173678,72,7.69441409115631,4.08331768519948,1.1874095819685664,28.5,Croatia,Europe,EU
112,North Adriatic,100,77.28900526639818,64,7.728900526639818,4.078185271699339,1.2076407072874715,30.3,Croatia,Europe,EU
112,North Adriatic,110,71.62743784039037,49,7.87901816244294,4.073554725931996,1.4617844457222524,35.6,Croatia,Europe,EU
112,North Adriatic,120,66.6612660431226,49,7.999351925174711,4.0693375190916194,1.360434000880053,35.6,Croatia,Europe,EU
112,North Adriatic,130,62.68015435435532,49,8.14842006606619,4.065466588766016,1.2791868235582715,35.6,Croatia,Europe,EU
112,North Adriatic,140,58.18622991693167,49,8.146072188370434,4.061889924766142,1.187474079937381,35.6,Croatia,Europe,EU
112,North Adriatic,150,53.93266829629122,49,8.089900244443683,4.058566383058731,1.1006666999243109,35.6,Croatia,Europe,EU
113,North Carnarvon,10,7656.684270535671,3481,76.56684270535672,17.2492535366323,2.199564570679595,13.0,Australia,South Pacific,Australia
113,North Carnarvon,20,3941.745557019427,3481,78.83491114038854,17.019006185456355,1.1323601140532684,13.0,Australia,South Pacific,Australia
113,North Carnarvon,30,2607.988636009541,1722,78.23965908028623,16.88732961221658,1.5145114030252853,18.5,Australia,South Pacific,Australia
113,North Carnarvon,40,1971.8162742328643,1722,78.87265096931458,16.795211482725925,1.1450733299842415,18.5,Australia,South Pacific,Australia
113,North Carnarvon,50,1564.0940587329758,1024,78.20470293664879,16.7244924035316,1.5274356042314217,24.0,Australia,South Pacific,Australia
113,North Carnarvon,60,1306.5012269879785,1024,78.39007361927871,16.66717940663417,1.2758801044804478,24.0,Australia,South Pacific,Australia
113,North Carnarvon,70,1128.8119145992014,1024,79.0168340219441,16.619046986337008,1.1023553853507826,24.0,Australia,South Pacific,Australia
113,North Carnarvon,80,974.2334120743394,676,77.93867296594716,16.57759117157078,1.441173686500502,29.5,Australia,South Pacific,Australia
113,North Carnarvon,90,868.0414775036334,676,78.123732975327,16.541206702645287,1.2840850258929488,29.5,Australia,South Pacific,Australia
113,North Carnarvon,100,785.7746534532556,676,78.57746534532556,16.508803299020318,1.1623885406113248,29.5,Australia,South Pacific,Australia
113,North Carnarvon,110,717.3271585796618,676,78.9059874437628,16.47960692073523,1.061134849969914,29.5,Australia,South Pacific,Australia
113,North Carnarvon,120,655.442083346793,484,78.65305000161517,16.45304841886778,1.3542191804685806,34.9,Australia,South Pacific,Australia
113,North Carnarvon,130,605.9909975609359,484,78.77882968292165,16.428697198589294,1.2520475156217683,34.9,Australia,South Pacific,Australia
113,North Carnarvon,140,565.1724309535492,484,79.1241403334969,16.406219698917962,1.167711634201548,34.9,Australia,South Pacific,Australia
113,North Carnarvon,150,529.2949300077679,484,79.39423950116519,16.385352328126984,1.0935845661317518,34.9,Australia,South Pacific,Australia
114,North Carpathian,10,0.7595140345009782,1,0.0075951403450097,0.7595140345009782,0.7595140345009782,2.0,Poland,Europe,EU
114,North Carpathian,20,0.7510409933461285,1,0.0150208198669225,0.7510409933461285,0.7510409933461285,2.0,Poland,Europe,EU
114,North Carpathian,30,0.7461820964826719,1,0.0223854628944801,0.7461820964826719,0.7461820964826719,2.0,Poland,Europe,EU
114,North Carpathian,40,0.7427771483068863,1,0.0297110859322754,0.7427771483068863,0.7427771483068863,2.0,Poland,Europe,EU
114,North Carpathian,50,0.7401599327701691,1,0.0370079966385084,0.7401599327701691,0.7401599327701691,2.0,Poland,Europe,EU
114,North Carpathian,60,0.7380367876183054,1,0.0442822072570983,0.7380367876183054,0.7380367876183054,2.0,Poland,Europe,EU
114,North Carpathian,70,0.7362522984918526,1,0.0515376608944296,0.7362522984918526,0.7362522984918526,2.0,Poland,Europe,EU
114,North Carpathian,80,0.7347142882769963,1,0.0587771430621597,0.7347142882769963,0.7347142882769963,2.0,Poland,Europe,EU
114,North Carpathian,90,0.7333636199400754,1,0.0660027257946068,0.7333636199400754,0.7333636199400754,2.0,Poland,Europe,EU
114,North Carpathian,100,0.7321601024568073,1,0.0732160102456807,0.7321601024568073,0.7321601024568073,2.0,Poland,Europe,EU
114,North Carpathian,110,0.7310751863876938,1,0.0804182705026463,0.7310751863876938,0.7310751863876938,2.0,Poland,Europe,EU
114,North Carpathian,120,0.7300878689190191,1,0.0876105442702823,0.7300878689190191,0.7300878689190191,2.0,Poland,Europe,EU
114,North Carpathian,130,0.7291822529932873,1,0.0947936928891273,0.7291822529932873,0.7291822529932873,2.0,Poland,Europe,EU
114,North Carpathian,140,0.7283460188500585,1,0.1019684426390081,0.7283460188500585,0.7283460188500585,2.0,Poland,Europe,EU
114,North Carpathian,150,0.7275694272870897,1,0.1091354140930634,0.7275694272870897,0.7275694272870897,2.0,Poland,Europe,EU
118,North Java,10,434.5944889365018,380,4.345944889365017,2.3565813237161244,1.1436697077276363,11.5,Indonesia,Asia,Indonesia
118,North Java,20,207.52291792245472,156,4.150458358449095,2.3339831542205496,1.3302751148875305,17.8,Indonesia,Asia,Indonesia
118,North Java,30,144.2170264258453,132,4.326510792775359,2.3209841815283236,1.092553230498828,19.4,Indonesia,Asia,Indonesia
118,North Java,40,99.4534333634918,81,3.978137334539672,2.3118576029004054,1.2278201649813802,24.1,Indonesia,Asia,Indonesia
118,North Java,50,83.70642245418995,81,4.185321122709497,2.3048327431568207,1.033412622891234,24.1,Indonesia,Asia,Indonesia
118,North Java,60,69.16312576638722,64,4.149787545983234,2.2991278190793034,1.0806738400998004,27.3,Indonesia,Asia,Indonesia
118,North Java,70,58.67927124554478,56,4.107548987188134,2.294328577051094,1.0478441293847285,28.8,Indonesia,Asia,Indonesia
118,North Java,80,50.363026002102266,36,4.029042080168181,2.2901890762928745,1.3989729445028407,36.7,Indonesia,Asia,Indonesia
118,North Java,90,45.65879932595729,42,4.109291939336156,2.286551399621837,1.0871142696656495,33.6,Indonesia,Asia,Indonesia
118,North Java,100,42.34893738347255,42,4.234893738347255,2.283308145342985,1.0083080329398226,33.6,Indonesia,Asia,Indonesia
118,North Java,110,38.49737027534956,36,4.234710730288452,2.2803829731433245,1.0693713965374878,36.7,Indonesia,Asia,Indonesia
118,North Java,120,36.2007188561278,36,4.3440862627353365,2.277719690514145,1.0055755237813278,36.7,Indonesia,Asia,Indonesia
118,North Java,130,32.00133816638244,30,4.1601739616297175,2.275275743653368,1.066711272212748,39.9,Indonesia,Asia,Indonesia
118,North Java,140,30.364432427718192,30,4.251020539880546,2.273018139326038,1.0121477475906064,39.9,Indonesia,Asia,Indonesia
118,North Java,150,28.31393970054602,25,4.2470909550819025,2.270920784138796,1.1325575880218408,44.6,Indonesia,Asia,Indonesia
119,North Slope,10,21603.75871707635,13806,216.03758717076352,3.4585321469646453,1.5648094101895085,12.5,USA,North America,US
119,North Slope,20,9461.54894234983,4096,189.23097884699655,3.41737726976792,2.3099484722533763,23.0,USA,North America,US
119,North Slope,30,6892.887101033914,4096,206.78661303101745,3.393792982843793,1.682833764900858,23.0,USA,North America,US
119,North Slope,40,5738.751425524427,4096,229.55005702097708,3.3772730088961116,1.4010623597471743,23.0,USA,North America,US
119,North Slope,50,4873.414615398943,4096,243.67073076994717,3.364578917880612,1.1897984900876326,23.0,USA,North America,US
119,North Slope,60,3301.838112811565,1892,198.11028676869392,3.354283746858183,1.7451575649109752,33.5,USA,North America,US
119,North Slope,70,2968.2425494712083,1892,207.77697846298457,3.3456325108943736,1.568838556802964,33.5,USA,North America,US
119,North Slope,80,2730.9055435356076,1892,218.4724434828486,3.3381775223757195,1.443396164659412,33.5,USA,North America,US
119,North Slope,90,2545.9511947972487,1892,229.1356075317524,3.3316316164511623,1.3456401663833235,33.5,USA,North America,US
119,North Slope,100,2342.113982516708,1892,234.2113982516708,3.325799659823256,1.237903796256188,33.5,USA,North America,US
119,North Slope,110,2184.5850637436965,1892,240.30435701180664,3.3205430603372177,1.154643268363476,33.5,USA,North America,US
119,North Slope,120,1994.9237954851108,1892,239.39085545821328,3.315759873509488,1.0543994690724687,33.5,USA,North America,US
119,North Slope,130,1624.0536110411854,1089,211.1269694353541,3.31137294623953,1.4913256299735402,44.0,USA,North America,US
119,North Slope,140,1553.002443014624,1089,217.42034202204735,3.3073224933416667,1.426081214889462,44.0,USA,North America,US
119,North Slope,150,1492.3885337383217,1089,223.85828006074823,3.3035612570715194,1.3704210594474946,44.0,USA,North America,US
120,North Sumatra,10,6638.09125143408,2809,66.3809125143408,19.998,2.363151032906401,8.2,Indonesia,Asia,Indonesia
120,North Sumatra,20,3373.058937365962,2809,67.46117874731922,19.998,1.2008041784855683,8.2,Indonesia,Asia,Indonesia
120,North Sumatra,30,2238.2543570210955,1482,67.14763071063285,19.998,1.5102930884082966,11.2,Indonesia,Asia,Indonesia
120,North Sumatra,40,1689.1754133000695,1482,67.56701653200277,19.998,1.1397944759109782,11.2,Indonesia,Asia,Indonesia
120,North Sumatra,50,1324.0791476057398,900,66.20395738028698,19.998,1.4711990528952663,14.3,Indonesia,Asia,Indonesia
120,North Sumatra,60,1108.2513645892818,900,66.4950818753569,19.998,1.231390405099202,14.3,Indonesia,Asia,Indonesia
120,North Sumatra,70,952.6663101971816,900,66.68664171380271,19.998,1.058518122441313,14.3,Indonesia,Asia,Indonesia
120,North Sumatra,80,823.8741435082131,441,65.90993148065705,19.998,1.8681953367533175,20.5,Indonesia,Asia,Indonesia
120,North Sumatra,90,736.251780769939,441,66.26266026929451,19.998,1.6695051718139209,20.5,Indonesia,Asia,Indonesia
120,North Sumatra,100,662.7017706311199,441,66.27017706311199,19.998,1.5027251034719271,20.5,Indonesia,Asia,Indonesia
120,North Sumatra,110,604.2471670760713,441,66.46718837836784,19.998,1.3701749820319076,20.5,Indonesia,Asia,Indonesia
120,North Sumatra,120,555.033393948872,441,66.60400727386464,19.998,1.2585791246006168,20.5,Indonesia,Asia,Indonesia
120,North Sumatra,130,512.9680395621587,441,66.68584514308063,19.998,1.1631928334742827,20.5,Indonesia,Asia,Indonesia
120,North Sumatra,140,476.69991301959857,441,66.7379878227438,19.998,1.0809521837179106,20.5,Indonesia,Asia,Indonesia
120,North Sumatra,150,445.8086606062284,441,66.87129909093426,19.998,1.0109039923043728,20.5,Indonesia,Asia,Indonesia
122,Northern Aegean,10,3184.4963577766816,2162,31.844963577766816,1.8538319610453589,1.4729400359744134,5.9,Greece,Europe,EU
122,Northern Aegean,20,1631.2995592721868,1225,32.62599118544374,1.82589678991136,1.3316731096099483,7.8,Greece,Europe,EU
122,Northern Aegean,30,1065.024721804581,784,31.950741654137435,1.8099858692863708,1.3584499002609451,9.7,Greece,Europe,EU
122,Northern Aegean,40,884.7593908793596,784,35.39037563517438,1.7988826371944306,1.128519631223673,9.7,Greece,Europe,EU
122,Northern Aegean,50,646.6767164468109,529,32.333835822340546,1.7903740231862788,1.2224512598238393,11.7,Greece,Europe,EU
122,Northern Aegean,60,579.9092798733011,529,34.79455679239806,1.7834880763275855,1.096236823957091,11.7,Greece,Europe,EU
122,Northern Aegean,70,477.9590553616094,400,33.45713387531266,1.7777118180136855,1.1948976384040233,13.6,Greece,Europe,EU
122,Northern Aegean,80,441.5981086438845,400,35.32784869151076,1.7727416661548163,1.1039952716097112,13.6,Greece,Europe,EU
122,Northern Aegean,90,367.6660167481566,306,33.089941507334096,1.7683832133450847,1.2015229305495314,15.5,Greece,Europe,EU
122,Northern Aegean,100,345.0816787996201,306,34.50816787996201,1.7645045446284549,1.1277179045739218,15.5,Greece,Europe,EU
122,Northern Aegean,110,324.02832449271637,306,35.6431156941988,1.7610120853243303,1.0589160931134525,15.5,Greece,Europe,EU
122,Northern Aegean,120,278.312248396657,240,33.39746980759884,1.7578370811322583,1.1596343683194044,17.5,Greece,Europe,EU
122,Northern Aegean,130,265.6120713591498,240,34.52956927668947,1.754927549967055,1.1067169639964576,17.5,Greece,Europe,EU
122,Northern Aegean,140,251.70127410507263,240,35.238178374710174,1.752243248183685,1.048755308771136,17.5,Greece,Europe,EU
122,Northern Aegean,150,224.9131554384639,196,33.73697331576958,1.749752391459709,1.1475160991758362,19.4,Greece,Europe,EU
123,Northern North Sea,10,2835.3570131930383,2652,28.353570131930383,19.998,1.0691391452462438,7.5,Norway,Europe,EU
123,Northern North Sea,20,1386.1159039733252,870,27.7223180794665,19.998,1.5932366712337072,13.0,Norway,Europe,EU
123,Northern North Sea,30,935.3050158699324,600,28.05915047609797,19.998,1.558841693116554,15.7,Norway,Europe,EU
123,Northern North Sea,40,705.4766599853134,600,28.219066399412537,19.998,1.1757944333088557,15.7,Norway,Europe,EU
123,Northern North Sea,50,553.4225114238519,210,27.671125571192594,19.998,2.635345292494533,26.7,Norway,Europe,EU
123,Northern North Sea,60,465.4615690015465,210,27.92769414009279,19.998,2.216483661912126,26.7,Norway,Europe,EU
123,Northern North Sea,70,401.1851892317089,210,28.08296324621962,19.998,1.9104056630081376,26.7,Norway,Europe,EU
123,Northern North Sea,80,352.2350958484935,210,28.17880766787948,19.998,1.6773099802309213,26.7,Norway,Europe,EU
123,Northern North Sea,90,314.966692844589,210,28.347002356013007,19.998,1.4998413944980429,26.7,Norway,Europe,EU
123,Northern North Sea,100,284.6623499557429,210,28.46623499557429,19.998,1.3555349997892518,26.7,Norway,Europe,EU
123,Northern North Sea,110,260.6374210017575,210,28.670116310193325,19.998,1.2411305761988451,26.7,Norway,Europe,EU
123,Northern North Sea,120,241.1771267903454,210,28.941255214841448,19.998,1.1484625085254545,26.7,Norway,Europe,EU
123,Northern North Sea,130,225.2269518598823,210,29.279503741784698,19.998,1.072509294570868,26.7,Norway,Europe,EU
123,Northern North Sea,140,211.98222410405677,210,29.67751137456795,19.998,1.0094391624002703,26.7,Norway,Europe,EU
123,Northern North Sea,150,199.32851002679945,144,29.899276504019916,19.998,1.3842257640749962,32.2,Norway,Europe,EU
124,Northwest German,10,4410.676189084203,3080,44.10676189084202,3.951152886181983,1.4320377237286372,9.5,Germany,Europe,EU
124,Northwest German,20,2160.5969201166895,1560,43.21193840233379,3.892468728815203,1.3849980257158263,13.3,Germany,Europe,EU
124,Northwest German,30,1448.2588371646193,961,43.447765114938576,3.858994491279859,1.507033129203558,17.0,Germany,Europe,EU
124,Northwest German,40,1106.999051320916,961,44.279962052836645,3.835613926743934,1.1519240908646369,17.0,Germany,Europe,EU
124,Northwest German,50,843.9397575972175,625,42.19698787986088,3.817685423576689,1.350303612155548,20.8,Germany,Europe,EU
124,Northwest German,60,714.2543844955425,625,42.85526306973255,3.803168778953341,1.142807015192868,20.8,Germany,Europe,EU
124,Northwest German,70,632.5058461660511,625,44.27540923162358,3.790986555292701,1.0120093538656818,20.8,Germany,Europe,EU
124,Northwest German,80,547.4823985575059,462,43.79859188460047,3.7805008131843594,1.1850268367045582,24.6,Germany,Europe,EU
124,Northwest German,90,496.54941332494,462,44.6894471992446,3.7713028653291594,1.0747822799241125,24.6,Germany,Europe,EU
124,Northwest German,100,427.61264122998074,342,42.76126412299807,3.763115301680655,1.250329360321581,28.3,Germany,Europe,EU
124,Northwest German,110,395.8802071299016,272,43.546822784289176,3.7557412804215335,1.4554419379775796,32.1,Germany,Europe,EU
124,Northwest German,120,366.2085914170417,342,43.945030970045,3.749036132716452,1.0707853550205897,28.3,Germany,Europe,EU
124,Northwest German,130,344.56646914738167,342,44.79364098915962,3.7428904545923865,1.007504295752578,28.3,Germany,Europe,EU
124,Northwest German,140,314.3650083290376,272,44.01110116606527,3.7372195289067225,1.15575370709205,32.1,Germany,Europe,EU
124,Northwest German,150,296.96562734400493,272,44.544844101600745,3.731956432958681,1.091785394647077,32.1,Germany,Europe,EU
125,Norwegian,10,587.6283370787721,506,5.876283370787721,1.802188272491818,1.161320824266348,10.4,Norway,Europe,EU
125,Norwegian,20,294.6644994181446,289,5.893289988362892,1.7768584224368575,1.0196003440074208,13.8,Norway,Europe,EU
125,Norwegian,30,189.96383857627137,182,5.698915157288141,1.762398394420069,1.043757354814678,17.1,Norway,Europe,EU
125,Norwegian,40,146.61130648648597,132,5.864452259459439,1.752293543151478,1.110691715806712,20.5,Norway,Europe,EU
125,Norwegian,50,114.70936735674904,110,5.735468367837452,1.7445421905128653,1.0428124305159003,22.2,Norway,Europe,EU
125,Norwegian,60,92.18806578709724,81,5.531283947225835,1.7382641379371748,1.1381242689765092,25.5,Norway,Europe,EU
125,Norwegian,70,80.04968391919202,72,5.603477874343442,1.7329944025136597,1.1118011655443336,27.2,Norway,Europe,EU
125,Norwegian,80,70.12688713323543,64,5.610150970658834,1.728457602218214,1.0957326114568036,28.9,Norway,Europe,EU
125,Norwegian,90,61.007371840795656,56,5.4906634656716085,1.7244772792074887,1.0894173542999224,30.6,Norway,Europe,EU
125,Norwegian,100,57.0510433290421,49,5.70510433290421,1.7209336345405364,1.1643070067151449,33.9,Norway,Europe,EU
125,Norwegian,110,53.657351217066186,49,5.90230863387728,1.71774164853026,1.0950479840217588,33.9,Norway,Europe,EU
125,Norwegian,120,49.559474320341266,49,5.947136918440952,1.7148388268051589,1.0114178432722707,33.9,Norway,Europe,EU
125,Norwegian,130,43.06208284731332,42,5.5980707701507315,1.71217790251142,1.0252876868407934,35.6,Norway,Europe,EU
125,Norwegian,140,40.532923764875186,36,5.674609327082526,1.7097222700471268,1.1259145490243108,39.0,Norway,Europe,EU
125,Norwegian,150,38.098428368432266,36,5.71476425526484,1.7074430094220314,1.0582896769008965,39.0,Norway,Europe,EU
126,Oman Salt,10,3031.3282609741445,2601,30.31328260974144,2.584971769567324,1.165447236053112,7.3,Oman,Middle East,Middle East
126,Oman Salt,20,1547.5770323914276,1406,30.95154064782855,2.54311576229054,1.1006949021276156,9.9,Oman,Middle East,Middle East
126,Oman Salt,30,996.7675666499468,870,29.9030269994984,2.519287545330915,1.1457098467240767,12.5,Oman,Middle East,Middle East
126,Oman Salt,40,702.4100815252675,576,28.096403261010703,2.5026646069032457,1.2194619470924783,15.1,Oman,Middle East,Middle East
126,Oman Salt,50,603.7882948748066,576,30.189414743740333,2.489929189222402,1.0482435674909838,15.1,Oman,Middle East,Middle East
126,Oman Salt,60,480.6032512239045,420,28.836195073434272,2.479624519127922,1.1442934552950108,17.8,Oman,Middle East,Middle East
126,Oman Salt,70,432.0074594673201,420,30.24052216271241,2.470981878188837,1.0285891892079049,17.8,Oman,Middle East,Middle East
126,Oman Salt,80,366.76698021564795,324,29.341358417251836,2.4635464058273193,1.131996852517432,20.4,Oman,Middle East,Middle East
126,Oman Salt,90,339.55713903948845,324,30.560142513553963,2.4570268570602067,1.048015861232989,20.4,Oman,Middle East,Middle East
126,Oman Salt,100,292.94107789060064,256,29.294107789060064,2.451225630455803,1.1443010855101587,23.0,Oman,Middle East,Middle East
126,Oman Salt,110,274.90699890847594,256,30.239769879932354,2.4460025705197004,1.073855464486234,23.0,Oman,Middle East,Middle East
126,Oman Salt,120,256.709265928093,256,30.805111911371156,2.4412547070396498,1.0027705700316132,23.0,Oman,Middle East,Middle East
126,Oman Salt,130,216.91747054406756,196,28.19927117072878,2.436904195347844,1.1067217884901406,25.7,Oman,Middle East,Middle East
126,Oman Salt,140,206.7305937862059,196,28.942283130068827,2.4328907741011694,1.0547479274806424,25.7,Oman,Middle East,Middle East
126,Oman Salt,150,193.36895474368052,169,29.005343211552077,2.4291668524749648,1.1441949984833166,28.3,Oman,Middle East,Middle East
127,Ordos,10,1339.65313931875,1156,13.396531393187498,2.1440575386823935,1.1588694976805796,7.3,China,Asia,China
127,Ordos,20,667.7360980853076,529,13.354721961706153,2.117206890216161,1.262261054981678,10.8,China,Asia,China
127,Ordos,30,433.3858663141658,380,13.001575989424976,2.101841605522465,1.1404891218793838,12.6,China,Asia,China
127,Ordos,40,324.74220738148637,240,12.989688295259455,2.0910881280050035,1.3530925307561932,16.1,China,Asia,China
127,Ordos,50,268.56716101502894,240,13.428358050751449,2.0828302767462312,1.1190298375626206,16.1,China,Asia,China
127,Ordos,60,209.1155875024932,156,12.546935250149591,2.0761363008765996,1.3404845352723922,19.7,China,Asia,China
127,Ordos,70,183.64457929946323,156,12.855120550962427,2.070513506443004,1.1772088416632258,19.7,China,Asia,China
127,Ordos,80,163.36724706888887,156,13.06937976551111,2.0656698720393507,1.0472259427492876,19.7,China,Asia,China
127,Ordos,90,144.4944232399605,132,13.004498091596444,2.0614181553196085,1.0946547215148523,21.4,China,Asia,China
127,Ordos,100,132.49512807254186,132,13.249512807254186,2.0576311640221165,1.0037509702465293,21.4,China,Asia,China
127,Ordos,110,120.03452770653502,100,13.203798047718852,2.054218586853208,1.2003452770653502,25.0,China,Asia,China
127,Ordos,120,110.8563372923506,100,13.302760475082072,2.051114010519081,1.108563372923506,25.0,China,Asia,China
127,Ordos,130,103.62110171498152,100,13.4707432229476,2.0482671841463853,1.0362110171498151,25.0,China,Asia,China
127,Ordos,140,88.34519999402282,81,12.368327999163196,2.0456391770676343,1.090681481407689,26.7,China,Asia,China
127,Ordos,150,83.41135929963905,81,12.511703894945857,2.043199222158665,1.0297698678967784,26.7,China,Asia,China
130,Palo Duro,10,1123.285704477822,1122,11.23285704477822,2.0017503871225695,1.001145904169182,7.1,USA,North America,US
130,Palo Duro,20,554.73041721784,506,11.0946083443568,1.9788610658691592,1.0963051723672728,10.5,USA,North America,US
130,Palo Duro,30,352.77040342266025,289,10.583112102679808,1.9657449022069204,1.2206588353725267,13.9,USA,North America,US
130,Palo Duro,40,264.2833675169649,225,10.571334700678596,1.9565577576774775,1.174592744519844,15.6,USA,North America,US
130,Palo Duro,50,211.2378924650284,182,10.56189462325142,1.9494983968015769,1.1606477607968593,17.3,USA,North America,US
130,Palo Duro,60,181.33460357290204,156,10.880076214374125,1.94377317035569,1.1624013049545003,19.0,USA,North America,US
130,Palo Duro,70,157.46723578333868,156,11.022706504833709,1.938962183423096,1.0094053575855044,19.0,USA,North America,US
130,Palo Duro,80,138.5511831754712,132,11.084094654037695,1.9348164543062456,1.0496301755717516,20.7,USA,North America,US
130,Palo Duro,90,120.596291664933,110,10.85366624984397,1.931176278967124,1.0963299242266635,22.3,USA,North America,US
130,Palo Duro,100,101.97155867193656,90,10.197155867193656,1.927933137399192,1.1330173185770729,24.0,USA,North America,US
130,Palo Duro,110,93.97871207453706,81,10.337658328199076,1.9250099548749957,1.1602310132658895,25.7,USA,North America,US
130,Palo Duro,120,88.08383488335235,81,10.570060186002282,1.922350037950964,1.087454751646325,25.7,USA,North America,US
130,Palo Duro,130,81.47036218770103,72,10.591147084401133,1.9199104805418417,1.1315328081625142,27.4,USA,North America,US
130,Palo Duro,140,75.93270716240009,72,10.630579002736011,1.9176580353767625,1.0546209328111125,27.4,USA,North America,US
130,Palo Duro,150,71.35794331330258,64,10.703691496995386,1.9155664220096629,1.1149678642703529,29.1,USA,North America,US
131,Pannonian,10,492.79411939479303,441,4.92794119394793,1.322792056062463,1.1174469827546327,20.5,Hungary,Europe,EU
131,Pannonian,20,259.4213879358466,256,5.188427758716933,1.3050355407530314,1.0133647966244008,26.7,Hungary,Europe,EU
131,Pannonian,30,171.14609762743805,169,5.1343829288231415,1.2948834959759867,1.0126988025292192,32.9,Hungary,Europe,EU
131,Pannonian,40,125.51974660748137,121,5.020789864299255,1.2877825201529145,1.03735327774778,39.0,Hungary,Europe,EU
131,Pannonian,50,96.49257707188632,90,4.824628853594316,1.2823317544960056,1.0721397452431811,45.2,Hungary,Europe,EU
131,Pannonian,60,84.37948095688044,81,5.062768857412827,1.277914693479734,1.0417219871219807,48.3,Hungary,Europe,EU
131,Pannonian,70,65.51028585371195,64,4.585720009759836,1.2742054555979168,1.0235982164642492,51.4,Hungary,Europe,EU
131,Pannonian,80,60.00869277120062,56,4.80069542169605,1.2710109454261909,1.0715837994857254,57.5,Hungary,Europe,EU
131,Pannonian,90,56.42542024150711,56,5.07828782173564,1.2682073814023918,1.0075967900269127,57.5,Hungary,Europe,EU
131,Pannonian,100,49.275696750856454,49,4.927569675085645,1.265710697322998,1.005626464303193,60.6,Hungary,Europe,EU
131,Pannonian,110,44.320172768682895,42,4.8752190045551185,1.263461214057975,1.055242208778164,66.8,Hungary,Europe,EU
131,Pannonian,120,42.3645534357371,42,5.083746412288452,1.261415051911234,1.0086798437080262,66.8,Hungary,Europe,EU
131,Pannonian,130,36.45429114537567,36,4.739057848898836,1.2595390147697652,1.0126191984826576,69.9,Hungary,Europe,EU
131,Pannonian,140,33.220655732498116,30,4.650891802549736,1.2578073882477478,1.1073551910832706,79.1,Hungary,Europe,EU
131,Pannonian,150,31.984812483382996,30,4.797721872507449,1.25619985267554,1.0661604161127665,79.1,Hungary,Europe,EU
133,Paradox,10,0.0571418744430075,1,0.00057141874443,0.0571418744430075,0.0571418744430075,2.0,USA,North America,US
133,Paradox,20,0.0562335941442222,1,0.0011246718828844,0.0562335941442222,0.0562335941442222,2.0,USA,North America,US
133,Paradox,30,0.0557170377014043,1,0.0016715111310421,0.0557170377014043,0.0557170377014043,2.0,USA,North America,US
133,Paradox,40,0.0553568936961932,1,0.0022142757478477,0.0553568936961932,0.0553568936961932,2.0,USA,North America,US
133,Paradox,50,0.0550810904258195,1,0.0027540545212909,0.0550810904258195,0.0550810904258195,2.0,USA,North America,US
133,Paradox,60,0.0548580003529604,1,0.0032914800211776,0.0548580003529604,0.0548580003529604,2.0,USA,North America,US
133,Paradox,70,0.0546709410350339,1,0.0038269658724523,0.0546709410350339,0.0546709410350339,2.0,USA,North America,US
133,Paradox,80,0.0545100445100106,1,0.0043608035608008,0.0545100445100106,0.0545100445100106,2.0,USA,North America,US
133,Paradox,90,0.0543689940907033,1,0.0048932094681633,0.0543689940907033,0.0543689940907033,2.0,USA,North America,US
133,Paradox,100,0.0542435050770633,1,0.0054243505077063,0.0542435050770633,0.0542435050770633,2.0,USA,North America,US
133,Paradox,110,0.0541305390121635,1,0.0059543592913379,0.0541305390121635,0.0541305390121635,2.0,USA,North America,US
133,Paradox,120,0.0540278639822112,1,0.0064833436778653,0.0540278639822112,0.0540278639822112,2.0,USA,North America,US
133,Paradox,130,0.0539337929459897,1,0.0070113930829786,0.0539337929459897,0.0539337929459897,2.0,USA,North America,US
133,Paradox,140,0.0538470201135928,1,0.0075385828159029,0.0538470201135928,0.0538470201135928,2.0,USA,North America,US
133,Paradox,150,0.0537665143846475,1,0.0080649771576971,0.0537665143846475,0.0537665143846475,2.0,USA,North America,US
134,Paris,10,0.9110183790891272,1,0.0091101837908912,0.9110183790891272,0.9110183790891272,2.0,France,Europe,EU
134,Paris,20,0.899755649915773,1,0.0179951129983154,0.899755649915773,0.899755649915773,2.0,France,Europe,EU
134,Paris,30,0.8933117389666321,1,0.0267993521689989,0.8933117389666321,0.8933117389666321,2.0,France,Europe,EU
134,Paris,40,0.8888024203690176,1,0.0355520968147607,0.8888024203690176,0.8888024203690176,2.0,France,Europe,EU
134,Paris,50,0.8853398701470516,1,0.0442669935073525,0.8853398701470516,0.8853398701470516,2.0,France,Europe,EU
134,Paris,60,0.882533222168198,1,0.0529519933300918,0.882533222168198,0.882533222168198,2.0,France,Europe,EU
134,Paris,70,0.8801758090577387,1,0.0616123066340417,0.8801758090577387,0.8801758090577387,2.0,France,Europe,EU
134,Paris,80,0.878145145807872,1,0.0702516116646297,0.878145145807872,0.878145145807872,2.0,France,Europe,EU
134,Paris,90,0.876362699717783,1,0.0788726429746004,0.876362699717783,0.876362699717783,2.0,France,Europe,EU
134,Paris,100,0.874775126408895,1,0.0874775126408895,0.874775126408895,0.874775126408895,2.0,France,Europe,EU
134,Paris,110,0.8733445507623919,1,0.0960679005838631,0.8733445507623919,0.8733445507623919,2.0,France,Europe,EU
134,Paris,120,0.8720431210060865,1,0.1046451745207303,0.8720431210060865,0.8720431210060865,2.0,France,Europe,EU
134,Paris,130,0.8708497640210007,1,0.11321046932273,0.8708497640210007,0.8708497640210007,2.0,France,Europe,EU
134,Paris,140,0.8697481543375495,1,0.1217647416072569,0.8697481543375495,0.8697481543375495,2.0,France,Europe,EU
134,Paris,150,0.868725390153231,1,0.1303088085229846,0.868725390153231,0.868725390153231,2.0,France,Europe,EU
135,Pattani,10,3959.5867360562006,3192,39.595867360562,7.24338075837683,1.240472035105326,10.3,Thailand,Asia,Thailand
135,Pattani,20,1947.8044306479187,1600,38.956088612958375,7.153522024677587,1.2173777691549492,14.4,Thailand,Asia,Thailand
135,Pattani,30,1288.3431211425636,961,38.65029363427691,7.102071179306934,1.340627597442834,18.5,Thailand,Asia,Thailand
135,Pattani,40,979.9749946697114,961,39.198999786788455,7.066050571594283,1.0197450516854436,18.5,Thailand,Asia,Thailand
135,Pattani,50,782.2883263155426,650,39.11441631577713,7.038382593053281,1.2035205020239117,22.7,Thailand,Asia,Thailand
135,Pattani,60,660.6695151775933,650,39.6401709106556,7.01595002236167,1.016414638734759,22.7,Thailand,Asia,Thailand
135,Pattani,70,554.7286568249847,462,38.83100597774893,6.9971041463486,1.2007113784090575,26.8,Thailand,Asia,Thailand
135,Pattani,80,488.9331860143999,462,39.11465488115199,6.980867586812328,1.058296939425108,26.8,Thailand,Asia,Thailand
135,Pattani,90,425.6074233026994,342,38.304668097242946,6.966613558358795,1.2444661500078928,31.0,Thailand,Asia,Thailand
135,Pattani,100,387.41012353920945,272,38.741012353920944,6.953916234343878,1.4243019247765054,35.1,Thailand,Asia,Thailand
135,Pattani,110,355.85149831870115,272,39.14366481505713,6.94247322686254,1.308277567348166,35.1,Thailand,Asia,Thailand
135,Pattani,120,325.7147362178831,272,39.085768346145976,6.932062142455165,1.1974806478598643,35.1,Thailand,Asia,Thailand
135,Pattani,130,301.45075968974743,272,39.188598759667165,6.922514694043516,1.108274851800542,35.1,Thailand,Asia,Thailand
135,Pattani,140,282.03144454976854,272,39.4844022369676,6.913700494265031,1.0368803108447373,35.1,Thailand,Asia,Thailand
135,Pattani,150,251.25254842380815,210,37.687882263571225,6.905516489326414,1.1964407067800389,39.2,Thailand,Asia,Thailand
136,Pearl River Mouth,10,2721.354925738181,1640,27.21354925738181,6.864093437953997,1.659362759596452,14.9,China,Asia,China
136,Pearl River Mouth,20,1413.4909378098016,992,28.269818756196035,6.781078986145437,1.4248900582760098,19.2,China,Asia,China
136,Pearl River Mouth,30,923.939184226111,650,27.718175526783337,6.733518172393521,1.4214448988094015,23.5,China,Asia,China
136,Pearl River Mouth,40,704.6371721933724,650,28.185486887734896,6.700208522793324,1.0840571879898038,23.5,China,Asia,China
136,Pearl River Mouth,50,558.9400430621622,462,27.947002153108112,6.674615932017009,1.2098269330349831,27.7,China,Asia,China
136,Pearl River Mouth,60,470.1979682702686,462,28.211878096216115,6.653861620956725,1.0177445200655164,27.7,China,Asia,China
136,Pearl River Mouth,70,394.4574819790566,272,27.61202373853396,6.636422618321349,1.450211330805355,36.3,China,Asia,China
136,Pearl River Mouth,80,351.54915204497564,272,28.123932163598052,6.621395910231206,1.2924601178124104,36.3,China,Asia,China
136,Pearl River Mouth,90,312.79025831575905,272,28.151123248418312,6.608202305445189,1.1499641849844082,36.3,China,Asia,China
136,Pearl River Mouth,100,283.41745416057216,272,28.341745416057215,6.596448256276832,1.0419759344138682,36.3,China,Asia,China
136,Pearl River Mouth,110,246.85093343391145,210,27.15360267773026,6.585854262046422,1.175480635399578,40.6,China,Asia,China
136,Pearl River Mouth,120,226.9790926830823,210,27.23749112196988,6.576214739129409,1.080852822300392,40.6,China,Asia,China
136,Pearl River Mouth,130,211.35553354335943,210,27.47621936063673,6.56737410507272,1.006454921635045,40.6,China,Asia,China
136,Pearl River Mouth,140,193.6458445728042,144,27.11041824019259,6.559211804994704,1.3447628095333626,49.2,China,Asia,China
136,Pearl River Mouth,150,182.3318405397883,144,27.349776080968244,6.55163254842066,1.2661933370818632,49.2,China,Asia,China
138,Permian,10,27150.020799475988,7396,271.5002079947599,19.998,3.6709060031741463,2.0,USA,North America,US
138,Permian,20,13762.877471101185,7396,275.25754942202366,19.998,1.8608541740266609,2.0,USA,North America,US
138,Permian,30,9207.312873222105,7396,276.2193861966631,19.998,1.2449043906465798,2.0,USA,North America,US
138,Permian,40,6821.693264919611,2862,272.86773059678444,19.998,2.3835406236616388,3.2,USA,North America,US
138,Permian,50,5489.571716290706,2862,274.4785858145353,19.998,1.918089348808772,3.2,USA,North America,US
138,Permian,60,4579.114519620103,2862,274.7468711772062,19.998,1.5999701326415456,3.2,USA,North America,US
138,Permian,70,3938.825055341528,2862,275.717753873907,19.998,1.376249145821638,3.2,USA,North America,US
138,Permian,80,3445.5466465482077,2862,275.64373172385666,19.998,1.2038947052928748,3.2,USA,North America,US
138,Permian,90,3068.1448069798325,2862,276.13303262818494,19.998,1.072028234444386,3.2,USA,North America,US
138,Permian,100,2721.6701423270915,930,272.1670142327091,19.998,2.9265270347603134,5.6,USA,North America,US
138,Permian,110,2479.753554043215,930,272.77289094475367,19.998,2.6664016710142096,5.6,USA,North America,US
138,Permian,120,2273.234530456636,930,272.78814365479633,19.998,2.4443382047920816,5.6,USA,North America,US
138,Permian,130,2099.253684737246,930,272.90297901584205,19.998,2.2572620265991894,5.6,USA,North America,US
138,Permian,140,1955.5262236976776,930,273.77367131767494,19.998,2.1027163695673954,5.6,USA,North America,US
138,Permian,150,1828.3412677517808,930,274.2511901627671,19.998,1.9659583524212696,5.6,USA,North America,US
139,Perth,10,1767.7847872638715,1369,17.677847872638715,4.56296240605439,1.2912964114418346,9.8,Australia,South Pacific,Australia
139,Perth,20,939.90243785969,870,18.7980487571938,4.494984354146875,1.0803476297237815,12.4,Australia,South Pacific,Australia
139,Perth,30,608.6352934755236,576,18.259058804265702,4.456213915379379,1.0566584956172285,15.1,Australia,South Pacific,Australia
139,Perth,40,455.1843847442348,420,18.207375389769393,4.4291363404477355,1.0837723446291303,17.7,Australia,South Pacific,Australia
139,Perth,50,365.5448282432519,324,18.277241412162596,4.408374139394256,1.1282247785285553,20.3,Australia,South Pacific,Australia
139,Perth,60,301.7551453327671,256,18.105308719966025,4.391563827888944,1.1787310364561214,22.9,Australia,South Pacific,Australia
139,Perth,70,267.39102317217385,256,18.71737162205217,4.3774573097430824,1.044496184266304,22.9,Australia,South Pacific,Australia
139,Perth,80,219.58334360223137,169,17.566667488178506,4.365315632323163,1.29930972545699,28.1,Australia,South Pacific,Australia
139,Perth,90,199.6382782904874,169,17.967445046143865,4.354665412641376,1.1812915875176768,28.1,Australia,South Pacific,Australia
139,Perth,100,184.3262221321771,169,18.432622213217705,4.345185336253681,1.0906877049241246,28.1,Australia,South Pacific,Australia
139,Perth,110,170.52795236038295,169,18.758074759642124,4.336647414282448,1.009041138227118,28.1,Australia,South Pacific,Australia
139,Perth,120,148.76250766303806,121,17.851500919564568,4.328884090406613,1.2294422120912236,33.3,Australia,South Pacific,Australia
139,Perth,130,139.7935377977249,121,18.173159913704236,4.321768655029316,1.1553184941960737,33.3,Australia,South Pacific,Australia
139,Perth,140,132.24506750675783,121,18.514309450946097,4.315202992303162,1.09293444220461,33.3,Australia,South Pacific,Australia
139,Perth,150,124.91093305070142,121,18.736639957605213,4.309109596556881,1.0323217607495985,33.3,Australia,South Pacific,Australia
141,Po,10,711.4146214364777,529,7.1141462143647765,3.625815102323098,1.344829152053833,11.6,Italy,Europe,EU
141,Po,20,375.15615866420177,306,7.5031231732840356,3.587284191338476,1.2260005185104632,15.5,Italy,Europe,EU
141,Po,30,246.76366781875635,196,7.40291003456269,3.565154354644106,1.2589983051977365,19.3,Italy,Europe,EU
141,Po,40,178.58113256648332,156,7.1432453026593326,3.54963180681711,1.1447508497851495,21.2,Italy,Europe,EU
141,Po,50,143.3408192417111,132,7.167040962085555,3.5376921880424255,1.0859152972856905,23.2,Italy,Europe,EU
141,Po,60,123.51733138640016,100,7.41103988318401,3.52800127790118,1.2351733138640018,27.0,Italy,Europe,EU
141,Po,70,105.33852454384454,100,7.373696718069118,3.519852529213823,1.0533852454384454,27.0,Italy,Europe,EU
141,Po,80,87.21220924399681,72,6.976976739519745,3.512826675210276,1.2112806839444,30.9,Italy,Europe,EU
141,Po,90,77.76046402626059,64,6.998441762363454,3.5066546189773327,1.2150072504103218,32.8,Italy,Europe,EU
141,Po,100,70.21432765132016,49,7.021432765132016,3.501153409572295,1.43294546227184,38.6,Italy,Europe,EU
141,Po,110,65.13275576775531,49,7.164603134453085,3.4961930478879704,1.3292399136276594,38.6,Italy,Europe,EU
141,Po,120,61.111237907268304,49,7.333348548872197,3.4916778712627243,1.247168120556496,38.6,Italy,Europe,EU
141,Po,130,56.639167363389795,49,7.3630917572406736,3.487535454138262,1.155901374763057,38.6,Italy,Europe,EU
141,Po,140,52.42418965905816,49,7.339386552268142,3.4837096558464307,1.0698814216134318,38.6,Italy,Europe,EU
141,Po,150,49.03798519599223,49,7.355697779398835,3.4801560858289218,1.000775208081474,38.6,Italy,Europe,EU
142,Polish,10,0.4580083821299195,1,0.0045800838212991,0.4580083821299195,0.4580083821299195,2.0,Poland,Europe,EU
142,Polish,20,0.4515455696135693,1,0.0090309113922713,0.4515455696135693,0.4515455696135693,2.0,Poland,Europe,EU
142,Polish,30,0.4478567082172148,1,0.0134357012465164,0.4478567082172148,0.4478567082172148,2.0,Poland,Europe,EU
142,Polish,40,0.4452791232092052,1,0.0178111649283682,0.4452791232092052,0.4452791232092052,2.0,Poland,Europe,EU
142,Polish,50,0.4433020096852704,1,0.0221651004842635,0.4433020096852704,0.4433020096852704,2.0,Poland,Europe,EU
142,Polish,60,0.4417007696835943,1,0.0265020461810156,0.4417007696835943,0.4417007696835943,2.0,Poland,Europe,EU
142,Polish,70,0.4403567620075418,1,0.0308249733405279,0.4403567620075418,0.4403567620075418,2.0,Poland,Europe,EU
142,Polish,80,0.4391997259063149,1,0.0351359780725051,0.4391997259063149,0.4391997259063149,2.0,Poland,Europe,EU
142,Polish,90,0.4381846419120038,1,0.0394366177720803,0.4381846419120038,0.4381846419120038,2.0,Poland,Europe,EU
142,Polish,100,0.4372809469471837,1,0.0437280946947183,0.4372809469471837,0.4372809469471837,2.0,Poland,Europe,EU
142,Polish,110,0.4364669514781968,1,0.0480113646626016,0.4364669514781968,0.4364669514781968,2.0,Poland,Europe,EU
142,Polish,120,0.4357267128845571,1,0.0522872055461468,0.4357267128845571,0.4357267128845571,2.0,Poland,Europe,EU
142,Polish,130,0.4350481734577958,1,0.0565562625495134,0.4350481734577958,0.4350481734577958,2.0,Poland,Europe,EU
142,Polish,140,0.4344219953694143,1,0.060819079351718,0.4344219953694143,0.4344219953694143,2.0,Poland,Europe,EU
142,Polish,150,0.4338408014873841,1,0.0650761202231076,0.4338408014873841,0.4338408014873841,2.0,Poland,Europe,EU
143,Potiguar,10,1229.3766148464535,812,12.293766148464536,5.927504518489433,1.5140106094168146,10.7,Brazil,South America,Brazil
143,Potiguar,20,605.5467804948606,552,12.110935609897211,5.875743501315837,1.0970050371283706,12.9,Brazil,South America,Brazil
143,Potiguar,30,406.6005259652262,400,12.198015778956783,5.845935937086016,1.0165013149130655,15.1,Brazil,South America,Brazil
143,Potiguar,40,306.01056242857777,306,12.240422497143111,5.8249933936008365,1.0000345177404502,17.3,Brazil,South America,Brazil
143,Potiguar,50,243.19779869775584,240,12.159889934887794,5.8088653639118055,1.0133241612406494,19.5,Brazil,South America,Brazil
143,Potiguar,60,203.3254889826078,196,12.199529338956468,5.795762420166499,1.0373749437888151,21.6,Brazil,South America,Brazil
143,Potiguar,70,171.0391271011933,100,11.97273889708353,5.784735950540153,1.710391271011933,30.4,Brazil,South America,Brazil
143,Potiguar,80,150.8099920665715,100,12.064799365325722,5.775222564126808,1.508099920665715,30.4,Brazil,South America,Brazil
143,Potiguar,90,132.66901283870013,132,11.940211155483013,5.766860400782096,1.0050682790810617,26.0,Brazil,South America,Brazil
143,Potiguar,100,119.54287895691868,100,11.954287895691868,5.759403289686426,1.1954287895691869,30.4,Brazil,South America,Brazil
143,Potiguar,110,109.88162116816432,100,12.086978328498075,5.752676214010527,1.0988162116816431,30.4,Brazil,South America,Brazil
143,Potiguar,120,102.3534755874934,100,12.282417070499209,5.746550320901978,1.023534755874934,30.4,Brazil,South America,Brazil
143,Potiguar,130,90.82828234905789,49,11.807676705377524,5.740928013669292,1.8536384152868952,43.5,Brazil,South America,Brazil
143,Potiguar,140,85.26401815136742,49,11.936962541191438,5.73573360978548,1.740082003089131,43.5,Brazil,South America,Brazil
143,Potiguar,150,80.68037749099842,49,12.102056623649764,5.730907244756055,1.646538316142825,43.5,Brazil,South America,Brazil
144,Powder River,10,228.53719830007935,210,2.2853719830007937,1.8205557905494705,1.0882723728575208,7.3,USA,North America,US
144,Powder River,20,118.84858029289168,110,2.3769716058578334,1.7984993559552176,1.080441639026288,10.3,USA,North America,US
144,Powder River,30,76.8139298408191,72,2.304417895224573,1.7858693961653391,1.066860136678043,12.5,USA,North America,US
144,Powder River,40,56.10614630381866,56,2.2442458521527464,1.7770267184240351,1.0018954697110476,14.0,USA,North America,US
144,Powder River,50,45.23352321343495,42,2.2616761606717475,1.7702342424879425,1.0769886479389277,16.3,USA,North America,US
144,Powder River,60,38.47685997152814,36,2.3086115982916886,1.764726870982986,1.0688016658757815,17.8,USA,North America,US
144,Powder River,70,32.284898389247225,30,2.259942887247306,1.760099928558609,1.076163279641574,19.3,USA,North America,US
144,Powder River,80,28.420848863235943,25,2.2736679090588754,1.7561135126570335,1.1368339545294377,21.5,USA,North America,US
144,Powder River,90,26.03123631980574,25,2.3428112687825164,1.7526137722899242,1.0412494527922296,21.5,USA,North America,US
144,Powder River,100,22.3901868411535,20,2.23901868411535,1.7494961819201855,1.119509342057675,23.8,USA,North America,US
144,Powder River,110,20.753419641012165,20,2.2828761605113383,1.7466865146461388,1.0376709820506085,23.8,USA,North America,US
144,Powder River,120,18.432028890731697,16,2.211843466887803,1.7441301788940131,1.1520018056707308,26.8,USA,North America,US
144,Powder River,130,17.633443570473037,16,2.2923476641614946,1.74178586415722,1.1020902231545648,26.8,USA,North America,US
144,Powder River,140,16.512929025699595,16,2.3118100635979433,1.739621562995459,1.0320580641062247,26.8,USA,North America,US
144,Powder River,150,14.100041771221498,12,2.1150062656832245,1.7376119774935863,1.1750034809351249,30.5,USA,North America,US
146,Qaidam,10,0.6462905332531501,1,0.0064629053325315,0.6462905332531501,0.6462905332531501,2.0,China,Asia,China
146,Qaidam,20,0.6373049757265576,1,0.0127460995145311,0.6373049757265576,0.6373049757265576,2.0,China,Asia,China
146,Qaidam,30,0.6321735329397133,1,0.0189652059881914,0.6321735329397133,0.6321735329397133,2.0,China,Asia,China
146,Qaidam,40,0.6285868175015317,1,0.0251434727000612,0.6285868175015317,0.6285868175015317,2.0,China,Asia,China
146,Qaidam,50,0.6258350335757787,1,0.0312917516787889,0.6258350335757787,0.6258350335757787,2.0,China,Asia,China
146,Qaidam,60,0.6236060010103309,1,0.0374163600606198,0.6236060010103309,0.6236060010103309,2.0,China,Asia,China
146,Qaidam,70,0.6217347799983535,1,0.0435214345998847,0.6217347799983535,0.6217347799983535,2.0,China,Asia,China
146,Qaidam,80,0.6201236748785819,1,0.0496098939902865,0.6201236748785819,0.6201236748785819,2.0,China,Asia,China
146,Qaidam,90,0.618710078572546,1,0.0556839070715291,0.618710078572546,0.618710078572546,2.0,China,Asia,China
146,Qaidam,100,0.6174514829304715,1,0.0617451482930471,0.6174514829304715,0.6174514829304715,2.0,China,Asia,China
146,Qaidam,110,0.6163177182562695,1,0.0677949490081896,0.6163177182562695,0.6163177182562695,2.0,China,Asia,China
146,Qaidam,120,0.6152866066204438,1,0.0738343927944532,0.6152866066204438,0.6152866066204438,2.0,China,Asia,China
146,Qaidam,130,0.6143413730202929,1,0.079864378492638,0.6143413730202929,0.6143413730202929,2.0,China,Asia,China
146,Qaidam,140,0.6134690254285445,1,0.0858856635599962,0.6134690254285445,0.6134690254285445,2.0,China,Asia,China
146,Qaidam,150,0.6126592990799048,1,0.0918988948619857,0.6126592990799048,0.6126592990799048,2.0,China,Asia,China
148,Reconcavo,10,157.58942311739702,144,1.57589423117397,1.6177290976048648,1.0943709938708126,13.4,Brazil,South America,Brazil
148,Reconcavo,20,82.59443326019272,81,1.6518886652038542,1.600937106613184,1.019684361236947,17.9,Brazil,South America,Brazil
148,Reconcavo,30,51.16061441533927,49,1.534818432460178,1.5912931790049427,1.0440941717416177,22.4,Brazil,South America,Brazil
148,Reconcavo,40,37.37979459966228,36,1.4951917839864914,1.5845287668721433,1.0383276277683968,25.8,Brazil,South America,Brazil
148,Reconcavo,50,31.539446061267732,30,1.5769723030633866,1.5793257872262858,1.0513148687089244,29.2,Brazil,South America,Brazil
148,Reconcavo,60,25.73930773746919,25,1.5443584642481514,1.5751027729649765,1.0295723094987677,31.5,Brazil,South America,Brazil
148,Reconcavo,70,22.040073843858934,20,1.5428051690701254,1.5715518092473046,1.1020036921929468,36.1,Brazil,South America,Brazil
148,Reconcavo,80,20.321784332323727,20,1.6257427465858982,1.568490181240258,1.0160892166161863,36.1,Brazil,South America,Brazil
148,Reconcavo,90,16.84574700138186,16,1.5161172301243673,1.5658006188500382,1.0528591875863662,39.5,Brazil,South America,Brazil
148,Reconcavo,100,14.47497797633172,12,1.4474977976331718,1.563403394366934,1.20624816469431,46.3,Brazil,South America,Brazil
148,Reconcavo,110,13.565580467518195,12,1.4922138514270016,1.5612418562493768,1.1304650389598496,46.3,Brazil,South America,Brazil
148,Reconcavo,120,12.8360551520314,12,1.5403266182437678,1.5592743164996603,1.0696712626692833,46.3,Brazil,South America,Brazil
148,Reconcavo,130,12.23520671193992,12,1.5905768725521896,1.5574692135896744,1.0196005593283266,46.3,Brazil,South America,Brazil
148,Reconcavo,140,10.374108859984055,9,1.452375240397768,1.5558020827207508,1.1526787622204508,53.1,Brazil,South America,Brazil
148,Reconcavo,150,9.916758648165372,9,1.4875137972248058,1.554253579601632,1.1018620720183747,53.1,Brazil,South America,Brazil
151,Sabatayn,10,1702.207713603584,1681,17.02207713603584,19.998,1.01261612944889,4.7,Yemen,Middle East,Middle East
151,Sabatayn,20,848.95202703452,676,16.9790405406904,19.998,1.2558461938380474,7.5,Yemen,Middle East,Middle East
151,Sabatayn,30,567.440180703837,484,17.023205421115108,19.998,1.1723970675699111,8.9,Yemen,Middle East,Middle East
151,Sabatayn,40,423.33175273306824,361,16.93327010932273,19.998,1.172664134994649,10.2,Yemen,Middle East,Middle East
151,Sabatayn,50,339.46008787207114,225,16.973004393603556,19.998,1.5087115016536496,13.0,Yemen,Middle East,Middle East
151,Sabatayn,60,282.8197043206986,225,16.969182259241915,19.998,1.2569764636475491,13.0,Yemen,Middle East,Middle East
151,Sabatayn,70,243.15777248935143,225,17.0210440742546,19.998,1.080701211063784,13.0,Yemen,Middle East,Middle East
151,Sabatayn,80,209.93908046608635,182,16.795126437286907,19.998,1.153511431132343,14.4,Yemen,Middle East,Middle East
151,Sabatayn,90,187.2605973977576,182,16.853453765798182,19.998,1.0289043813063603,14.4,Yemen,Middle East,Middle East
151,Sabatayn,100,167.72943901391884,110,16.772943901391884,19.998,1.5248130819447168,18.5,Yemen,Middle East,Middle East
151,Sabatayn,110,153.03407932311316,110,16.83374872554245,19.998,1.3912189029373925,18.5,Yemen,Middle East,Middle East
151,Sabatayn,120,140.60802999122234,110,16.87296359894668,19.998,1.2782548181020212,18.5,Yemen,Middle East,Middle East
151,Sabatayn,130,130.22958291850415,110,16.92984577940554,19.998,1.1839052992591286,18.5,Yemen,Middle East,Middle East
151,Sabatayn,140,121.63331574957807,110,17.02866420494093,19.998,1.1057574159052552,18.5,Yemen,Middle East,Middle East
151,Sabatayn,150,114.12788957198578,110,17.119183435797865,19.998,1.0375262688362343,18.5,Yemen,Middle East,Middle East
152,Sacramento,10,2865.2111257823517,1892,28.65211125782352,10.271759989599952,1.5143822017877124,5.2,USA,North America,US
152,Sacramento,20,1421.0998865369972,1089,28.421997730739943,10.175008613361545,1.3049585734958653,6.9,USA,North America,US
152,Sacramento,30,966.8773557134524,729,29.00632067140358,10.119342212109617,1.3263063864382063,8.5,USA,North America,US
152,Sacramento,40,739.3394320681314,729,29.573577282725253,10.080253217579576,1.0141830343870115,8.5,USA,North America,US
152,Sacramento,50,575.2685665339593,506,28.76342832669797,10.05016269420664,1.1368944002647416,10.1,USA,North America,US
152,Sacramento,60,483.5101927222806,380,29.01061156333683,10.025724005112842,1.2723952440060016,11.7,USA,North America,US
152,Sacramento,70,416.56461492322785,380,29.15952304462595,10.00516366122947,1.0962226708505995,11.7,USA,North America,US
152,Sacramento,80,357.64148789113375,289,28.611319031290694,9.987428670663444,1.2375137989312586,13.4,USA,North America,US
152,Sacramento,90,318.946965744009,289,28.705226916960807,9.971842871035834,1.1036227188374013,13.4,USA,North America,US
152,Sacramento,100,290.1778975993609,289,29.01778975993609,9.957946370003407,1.0040757702400032,13.4,USA,North America,US
152,Sacramento,110,258.73010174870683,156,28.460311192357754,9.945412264041265,1.658526293260941,18.2,USA,North America,US
152,Sacramento,120,236.7964993135654,156,28.415579917627845,9.933999916090004,1.5179262776510605,18.2,USA,North America,US
152,Sacramento,130,219.5407644486664,132,28.540299378326633,9.923527088079307,1.663187609459594,19.9,USA,North America,US
152,Sacramento,140,204.1212739976923,156,28.57697835967692,9.913852480444149,1.3084697051134122,18.2,USA,North America,US
152,Sacramento,150,191.47628189615136,156,28.721442284422704,9.904864339861351,1.2274120634368677,18.2,USA,North America,US
153,Salawati,10,0.7280935526990885,1,0.0072809355269908,0.7280935526990885,0.7280935526990885,2.0,Indonesia,Asia,Indonesia
153,Salawati,20,0.720721631081121,1,0.0144144326216224,0.720721631081121,0.720721631081121,2.0,Indonesia,Asia,Indonesia
153,Salawati,30,0.7164863473844292,1,0.0214945904215328,0.7164863473844292,0.7164863473844292,2.0,Indonesia,Asia,Indonesia
153,Salawati,40,0.7135150104711728,1,0.0285406004188469,0.7135150104711728,0.7135150104711728,2.0,Indonesia,Asia,Indonesia
153,Salawati,50,0.711229190291352,1,0.0355614595145676,0.711229190291352,0.711229190291352,2.0,Indonesia,Asia,Indonesia
153,Salawati,60,0.7093736680679206,1,0.0425624200840752,0.7093736680679206,0.7093736680679206,2.0,Indonesia,Asia,Indonesia
153,Salawati,70,0.7078132745290739,1,0.0495469292170351,0.7078132745290739,0.7078132745290739,2.0,Indonesia,Asia,Indonesia
153,Salawati,80,0.7064677921060101,1,0.0565174233684808,0.7064677921060101,0.7064677921060101,2.0,Indonesia,Asia,Indonesia
153,Salawati,90,0.7052857307172081,1,0.0634757157645487,0.7052857307172081,0.7052857307172081,2.0,Indonesia,Asia,Indonesia
153,Salawati,100,0.7042320812863353,1,0.0704232081286335,0.7042320812863353,0.7042320812863353,2.0,Indonesia,Asia,Indonesia
153,Salawati,110,0.7032819659002927,1,0.0773610162490321,0.7032819659002927,0.7032819659002927,2.0,Indonesia,Asia,Indonesia
153,Salawati,120,0.7024170765634077,1,0.0842900491876089,0.7024170765634077,0.7024170765634077,2.0,Indonesia,Asia,Indonesia
153,Salawati,130,0.701623551697547,1,0.0912110617206811,0.701623551697547,0.701623551697547,2.0,Indonesia,Asia,Indonesia
153,Salawati,140,0.7008906459914576,1,0.098124690438804,0.7008906459914576,0.7008906459914576,2.0,Indonesia,Asia,Indonesia
153,Salawati,150,0.7002098627304029,1,0.1050314794095604,0.7002098627304029,0.7002098627304029,2.0,Indonesia,Asia,Indonesia
154,San Joaquin,10,6940.489127003189,4032,69.4048912700319,18.829700475491,1.7213514699908703,3.6,USA,North America,US
154,San Joaquin,20,3409.3406877867624,1892,68.18681375573524,18.544212907664487,1.801977107709705,5.3,USA,North America,US
154,San Joaquin,30,2305.6227882145145,1122,69.16868364643543,18.38152360059255,2.054922271135931,6.9,USA,North America,US
154,San Joaquin,40,1737.1911870017373,1122,69.48764748006948,18.267957462830264,1.5482987406432596,6.9,USA,North America,US
154,San Joaquin,50,1405.072487001815,1122,70.25362435009076,18.18091029882776,1.252292769163828,6.9,USA,North America,US
154,San Joaquin,60,1176.1909467873752,1122,70.57145680724251,18.110451726678512,1.0482985265484628,6.9,USA,North America,US
154,San Joaquin,70,997.7107943196492,729,69.83975560237545,18.05133952893636,1.368601912646981,8.5,USA,North America,US
154,San Joaquin,80,873.1841698141419,729,69.85473358513136,18.00047081411179,1.1977834976874375,8.5,USA,North America,US
154,San Joaquin,90,778.002522431142,729,70.02022701880277,17.95585827474806,1.067218823636683,8.5,USA,North America,US
154,San Joaquin,100,687.8061728640268,506,68.78061728640269,17.91615326170879,1.3593007368854286,10.2,USA,North America,US
154,San Joaquin,110,624.7597627902817,506,68.72357390693098,17.880399001468742,1.2347030885183432,10.2,USA,North America,US
154,San Joaquin,120,573.4605532076072,380,68.81526638491286,17.8478924359303,1.5091067189673872,11.8,USA,North America,US
154,San Joaquin,130,534.0341888291263,380,69.42444454778642,17.818101969518235,1.4053531284977006,11.8,USA,North America,US
154,San Joaquin,140,496.4736934504174,380,69.50631708305843,17.790616018859183,1.3065097196063615,11.8,USA,North America,US
154,San Joaquin,150,463.49184904329974,380,69.52377735649496,17.76510949407961,1.21971539221921,11.8,USA,North America,US
156,San Juan,10,387.7605708329649,256,3.877605708329649,10.377556181613215,1.5146897298162691,4.6,USA,North America,US
156,San Juan,20,194.422526554915,144,3.8884505310983006,10.258882166062628,1.350156434409132,6.1,USA,North America,US
156,San Juan,30,129.87163894480543,81,3.896149168344163,10.190869167438484,1.60335356721982,8.2,USA,North America,US
156,San Juan,40,97.99454653319845,72,3.919781861327938,10.143225690332445,1.361035368516645,8.7,USA,North America,US
156,San Juan,50,78.94749086279708,72,3.9473745431398544,10.106614366686804,1.0964929286499594,8.7,USA,North America,US
156,San Juan,60,65.56775816193684,64,3.93406548971621,10.076920698830234,1.024496221280263,9.2,USA,North America,US
156,San Juan,70,56.00800307036129,36,3.9205602149252905,10.051967707412892,1.5557778630655914,12.3,USA,North America,US
156,San Juan,80,49.76364779792944,36,3.9810918238343542,10.030464466120913,1.3823235499424844,12.3,USA,North America,US
156,San Juan,90,44.99101200761446,36,4.0491910806853015,10.011582905309515,1.249750333544846,12.3,USA,North America,US
156,San Juan,100,41.36876835009185,36,4.136876835009185,9.99476032708716,1.149132454169218,12.3,USA,North America,US
156,San Juan,110,38.28624565175421,36,4.211487021692963,9.979597071937752,1.063506823659839,12.3,USA,North America,US
156,San Juan,120,35.2355664927789,16,4.228267979133468,9.965799156833429,2.2022229057986813,18.4,USA,North America,US
156,San Juan,130,33.409946963955,16,4.34329310531415,9.953144087707908,2.0881216852471876,18.4,USA,North America,US
156,San Juan,140,31.847093601160296,16,4.458593104162442,9.941459453657348,1.9904433500725185,18.4,USA,North America,US
156,San Juan,150,30.463678121245977,16,4.569551718186896,9.930608969115225,1.9039798825778735,18.4,USA,North America,US
157,Sanshui,10,0.579154475020265,1,0.0057915447502026,0.579154475020265,0.579154475020265,2.0,China,Asia,China
157,Sanshui,20,0.571553045043063,1,0.0114310609008612,0.571553045043063,0.571553045043063,2.0,China,Asia,China
157,Sanshui,30,0.5672136839012963,1,0.0170164105170388,0.5672136839012963,0.5672136839012963,2.0,China,Asia,China
157,Sanshui,40,0.5641812447415699,1,0.0225672497896627,0.5641812447415699,0.5641812447415699,2.0,China,Asia,China
157,Sanshui,50,0.5618550395916773,1,0.0280927519795838,0.5618550395916773,0.5618550395916773,2.0,China,Asia,China
157,Sanshui,60,0.5599709368909834,1,0.033598256213459,0.5599709368909834,0.5599709368909834,2.0,China,Asia,China
157,Sanshui,70,0.5583894062625436,1,0.039087258438378,0.5583894062625436,0.5583894062625436,2.0,China,Asia,China
157,Sanshui,80,0.5570278128728913,1,0.0445622250298313,0.5570278128728913,0.5570278128728913,2.0,China,Asia,China
157,Sanshui,90,0.5558332066617905,1,0.0500249885995611,0.5558332066617905,0.5558332066617905,2.0,China,Asia,China
157,Sanshui,100,0.5547696393805672,1,0.0554769639380567,0.5547696393805672,0.5547696393805672,2.0,China,Asia,China
157,Sanshui,110,0.5538115990342019,1,0.0609192758937622,0.5538115990342019,0.5538115990342019,2.0,China,Asia,China
157,Sanshui,120,0.5529403328020145,1,0.0663528399362417,0.5529403328020145,0.5529403328020145,2.0,China,Asia,China
157,Sanshui,130,0.5521416571777511,1,0.0717784154331076,0.5521416571777511,0.5521416571777511,2.0,China,Asia,China
157,Sanshui,140,0.5514045877702942,1,0.0771966422878411,0.5514045877702942,0.5514045877702942,2.0,China,Asia,China
157,Sanshui,150,0.5507204464060403,1,0.082608066960906,0.5507204464060403,0.5507204464060403,2.0,China,Asia,China
158,Santanghu,10,0.1119515330363948,1,0.0011195153303639,0.1119515330363948,0.1119515330363948,2.0,China,Asia,China
158,Santanghu,20,0.1103117782677505,1,0.002206235565355,0.1103117782677505,0.1103117782677505,2.0,China,Asia,China
158,Santanghu,30,0.1093779746097716,1,0.0032813392382931,0.1093779746097716,0.1093779746097716,2.0,China,Asia,China
158,Santanghu,40,0.1087263853486289,1,0.0043490554139451,0.1087263853486289,0.1087263853486289,2.0,China,Asia,China
158,Santanghu,50,0.1082270871092023,1,0.0054113543554601,0.1082270871092023,0.1082270871092023,2.0,China,Asia,China
158,Santanghu,60,0.1078230249651201,1,0.0064693814979072,0.1078230249651201,0.1078230249651201,2.0,China,Asia,China
158,Santanghu,70,0.107484088431516,1,0.0075238861902061,0.107484088431516,0.107484088431516,2.0,China,Asia,China
158,Santanghu,80,0.1071924589901545,1,0.0085753967192123,0.1071924589901545,0.1071924589901545,2.0,China,Asia,China
158,Santanghu,90,0.1069367265311094,1,0.0096243053877998,0.1069367265311094,0.1069367265311094,2.0,China,Asia,China
158,Santanghu,100,0.1067091490063845,1,0.0106709149006384,0.1067091490063845,0.1067091490063845,2.0,China,Asia,China
158,Santanghu,110,0.1065042347093872,1,0.0117154658180326,0.1065042347093872,0.1065042347093872,2.0,China,Asia,China
158,Santanghu,120,0.1063179486936367,1,0.0127581538432364,0.1063179486936367,0.1063179486936367,2.0,China,Asia,China
158,Santanghu,130,0.1061472403824434,1,0.0137991412497176,0.1061472403824434,0.1061472403824434,2.0,China,Asia,China
158,Santanghu,140,0.1059897481177051,1,0.0148385647364787,0.1059897481177051,0.1059897481177051,2.0,China,Asia,China
158,Santanghu,150,0.1058436067009206,1,0.015876541005138,0.1058436067009206,0.1058436067009206,2.0,China,Asia,China
159,Santos,10,23621.74395898806,9312,236.21743958988057,19.998,2.5366993083105736,6.4,Brazil,South America,Brazil
159,Santos,20,12032.407460420338,9312,240.64814920840675,19.998,1.29213997641971,6.4,Brazil,South America,Brazil
159,Santos,30,7826.660656852863,3249,234.7998197055859,19.998,2.4089444927217185,10.8,Brazil,South America,Brazil
159,Santos,40,5924.889717198528,3249,236.9955886879411,19.998,1.8236040988607352,10.8,Brazil,South America,Brazil
159,Santos,50,4761.856530208486,3249,238.09282651042432,19.998,1.46563759009187,10.8,Brazil,South America,Brazil
159,Santos,60,3983.4679366272658,3249,239.00807619763592,19.998,1.2260596911749049,10.8,Brazil,South America,Brazil
159,Santos,70,3424.64614067265,3249,239.7252298470855,19.998,1.054061600699492,10.8,Brazil,South America,Brazil
159,Santos,80,2960.717219162088,1640,236.85737753296704,19.998,1.8053153775378583,15.2,Brazil,South America,Brazil
159,Santos,90,2633.834889463455,1640,237.04514005171097,19.998,1.60599688381918,15.2,Brazil,South America,Brazil
159,Santos,100,2378.988278851634,1640,237.89882788516337,19.998,1.450602609055874,15.2,Brazil,South America,Brazil
159,Santos,110,2167.2160748004694,1640,238.39376822805164,19.998,1.3214732163417495,15.2,Brazil,South America,Brazil
159,Santos,120,1989.452517265824,1640,238.7343020718989,19.998,1.2130808032108684,15.2,Brazil,South America,Brazil
159,Santos,130,1840.5366346338271,1640,239.26976250239753,19.998,1.1222784357523337,15.2,Brazil,South America,Brazil
159,Santos,140,1710.6902986219775,1640,239.49664180707688,19.998,1.0431038406231572,15.2,Brazil,South America,Brazil
159,Santos,150,1588.3699409042808,992,238.25549113564213,19.998,1.601179375911573,19.5,Brazil,South America,Brazil
161,Sava,10,0.5236608568547234,1,0.0052366085685472,0.5236608568547234,0.5236608568547234,2.0,Croatia,Europe,EU
161,Sava,20,0.5170983906219804,1,0.0103419678124396,0.5170983906219804,0.5170983906219804,2.0,Croatia,Europe,EU
161,Sava,30,0.5133410539789918,1,0.0154002316193697,0.5133410539789918,0.5133410539789918,2.0,Croatia,Europe,EU
161,Sava,40,0.5107106288732621,1,0.0204284251549304,0.5107106288732621,0.5107106288732621,2.0,Croatia,Europe,EU
161,Sava,50,0.5086902039591467,1,0.0254345101979573,0.5086902039591467,0.5086902039591467,2.0,Croatia,Europe,EU
161,Sava,60,0.507052118569002,1,0.0304231271141401,0.507052118569002,0.507052118569002,2.0,Croatia,Europe,EU
161,Sava,70,0.5056759638879345,1,0.0353973174721554,0.5056759638879345,0.5056759638879345,2.0,Croatia,Europe,EU
161,Sava,80,0.5044903610171184,1,0.0403592288813694,0.5044903610171184,0.5044903610171184,2.0,Croatia,Europe,EU
161,Sava,90,0.5034495357400782,1,0.045310458216607,0.5034495357400782,0.5034495357400782,2.0,Croatia,Europe,EU
161,Sava,100,0.5025223902073065,1,0.0502522390207306,0.5025223902073065,0.5025223902073065,2.0,Croatia,Europe,EU
161,Sava,110,0.5016868414279335,1,0.0551855525570726,0.5016868414279335,0.5016868414279335,2.0,Croatia,Europe,EU
161,Sava,120,0.5009266484373615,1,0.0601111978124833,0.5009266484373615,0.5009266484373615,2.0,Croatia,Europe,EU
161,Sava,130,0.5002295216504331,1,0.0650298378145563,0.5002295216504331,0.5002295216504331,2.0,Croatia,Europe,EU
161,Sava,140,0.4995859392714633,1,0.0699420314980048,0.4995859392714633,0.4995859392714633,2.0,Croatia,Europe,EU
161,Sava,150,0.4989883756426606,1,0.074848256346399,0.4989883756426606,0.4989883756426606,2.0,Croatia,Europe,EU
162,Sayun-Masila,10,2083.767548749277,1024,20.83767548749277,19.998,2.034929246825466,6.2,Yemen,Middle East,Middle East
162,Sayun-Masila,20,1038.2553251480504,484,20.765106502961007,19.998,2.1451556304711783,9.0,Yemen,Middle East,Middle East
162,Sayun-Masila,30,700.1999245460469,484,21.005997736381406,19.998,1.4466940589794357,9.0,Yemen,Middle East,Middle East
162,Sayun-Masila,40,548.6626108210528,484,21.946504432842115,19.998,1.1336004355806877,9.0,Yemen,Middle East,Middle East
162,Sayun-Masila,50,463.5405419400139,361,23.177027097000696,19.998,1.2840458225485152,10.4,Yemen,Middle East,Middle East
162,Sayun-Masila,60,413.1157676541744,361,24.78694605925046,19.998,1.1443650073522835,10.4,Yemen,Middle East,Middle East
162,Sayun-Masila,70,378.03538312066274,225,26.46247681844639,19.998,1.6801572583140567,13.2,Yemen,Middle East,Middle East
162,Sayun-Masila,80,352.3705390349407,225,28.189643122795257,19.998,1.5660912845997363,13.2,Yemen,Middle East,Middle East
162,Sayun-Masila,90,332.4641084325013,225,29.921769758925116,19.998,1.4776182597000058,13.2,Yemen,Middle East,Middle East
162,Sayun-Masila,100,316.4729244868416,225,31.64729244868416,19.998,1.4065463310526292,13.2,Yemen,Middle East,Middle East
162,Sayun-Masila,110,303.27815350978517,225,33.360596886076365,19.998,1.347902904487934,13.2,Yemen,Middle East,Middle East
162,Sayun-Masila,120,292.1585276810959,225,35.05902332173151,19.998,1.298482345249315,13.2,Yemen,Middle East,Middle East
162,Sayun-Masila,130,282.6265743923131,225,36.7414546710007,19.998,1.2561181084102804,13.2,Yemen,Middle East,Middle East
162,Sayun-Masila,140,274.34003195764495,225,38.40760447407029,19.998,1.2192890309228666,13.2,Yemen,Middle East,Middle East
162,Sayun-Masila,150,267.0509265931469,225,40.05763898897204,19.998,1.186893007080653,13.2,Yemen,Middle East,Middle East
163,Scotian,10,3930.652223061921,3192,39.306522230619215,1.6113146684341086,1.2314073380519803,10.3,Canada,North America,Canada
163,Scotian,20,1931.347541654187,1600,38.62695083308373,1.5849527203553704,1.2070922135338666,14.4,Canada,North America,Canada
163,Scotian,30,1208.9964767229435,961,36.26989430168831,1.5699548249132325,1.2580608498677874,18.6,Canada,North America,Canada
163,Scotian,40,1053.203631517738,961,42.12814526070951,1.5594961577918145,1.095945506261954,18.6,Canada,North America,Canada
163,Scotian,50,769.2225443981674,650,38.46112721990837,1.551485660271553,1.1834192990741037,22.7,Canada,North America,Canada
163,Scotian,60,707.0731205797746,650,42.42438723478647,1.5450055079475162,1.087804800891961,22.7,Canada,North America,Canada
163,Scotian,70,543.287057624849,462,38.03009403373943,1.5395715055476196,1.1759460121749978,26.9,Canada,North America,Canada
163,Scotian,80,510.60881877654555,462,40.84870550212364,1.5348972087686688,1.1052138934557263,26.9,Canada,North America,Canada
163,Scotian,90,473.33717894500074,462,42.60034610505007,1.5307992408654547,1.0245393483658023,26.9,Canada,North America,Canada
163,Scotian,100,387.3384635615288,342,38.733846356152874,1.527153204605073,1.132568606905055,31.0,Canada,North America,Canada
163,Scotian,110,371.0567924167629,342,40.81624716584392,1.5238708786202435,1.084961381335564,31.0,Canada,North America,Canada
163,Scotian,120,348.7282673369246,342,41.84739208043095,1.520887455499102,1.0196732963067972,31.0,Canada,North America,Canada
163,Scotian,130,305.2033344856741,272,39.67643348313763,1.5181539464783604,1.1220710826679194,35.2,Canada,North America,Canada
163,Scotian,140,295.2281736897498,272,41.33194431656497,1.5156324318356782,1.085397697388786,35.2,Canada,North America,Canada
163,Scotian,150,282.67070830337633,272,42.40060624550645,1.5132929674333204,1.0392305452330013,35.2,Canada,North America,Canada
165,Sergipe-Alagoas,10,292.9850982935819,272,2.929850982935819,3.2551999432182637,1.0771510966675806,12.2,Brazil,South America,Brazil
165,Sergipe-Alagoas,20,144.66860715037947,144,2.893372143007589,3.223661464372009,1.0046431052109686,16.6,Brazil,South America,Brazil
165,Sergipe-Alagoas,30,95.04570068913296,90,2.851371020673989,3.2055268848693355,1.0560633409903664,20.9,Brazil,South America,Brazil
165,Sergipe-Alagoas,40,74.25458081098841,72,2.9701832324395365,3.192797642628672,1.0313136223748391,23.8,Brazil,South America,Brazil
165,Sergipe-Alagoas,50,58.05385828350915,56,2.9026929141754576,3.1830014593005655,1.036676040776949,26.7,Brazil,South America,Brazil
165,Sergipe-Alagoas,60,47.83981493922945,42,2.870388896353767,3.175047010596969,1.1390432128387964,31.1,Brazil,South America,Brazil
165,Sergipe-Alagoas,70,42.29771104019468,42,2.9608397728136273,3.168356113170743,1.0070883580998733,31.1,Brazil,South America,Brazil
165,Sergipe-Alagoas,80,37.60525310850186,36,3.008420248680149,3.162585545100557,1.0445903641250518,34.0,Brazil,South America,Brazil
165,Sergipe-Alagoas,90,32.58472203063279,30,2.932624982756951,3.1575149488042267,1.086157401021093,36.9,Brazil,South America,Brazil
165,Sergipe-Alagoas,100,29.41232966452563,25,2.9412329664525627,3.1529944696072896,1.176493186581025,41.3,Brazil,South America,Brazil
165,Sergipe-Alagoas,110,27.68052263242673,25,3.04485748956694,3.1489176004293364,1.1072209052970692,41.3,Brazil,South America,Brazil
165,Sergipe-Alagoas,120,25.69379758760082,25,3.0832557105120983,3.1452059492003013,1.0277519035040328,41.3,Brazil,South America,Brazil
165,Sergipe-Alagoas,130,22.628881532051786,20,2.941754599166732,3.141800154498911,1.1314440766025893,45.7,Brazil,South America,Brazil
165,Sergipe-Alagoas,140,21.434925523424447,20,3.0008895732794225,3.1386541943205297,1.0717462761712224,45.7,Brazil,South America,Brazil
165,Sergipe-Alagoas,150,20.330067719176895,20,3.0495101578765342,3.1357316731394707,1.0165033859588448,45.7,Brazil,South America,Brazil
166,Sichuan,10,0.1121377884095819,1,0.0011213778840958,0.1121377884095819,0.1121377884095819,2.0,China,Asia,China
166,Sichuan,20,0.1098046791198891,1,0.0021960935823977,0.1098046791198891,0.1098046791198891,2.0,China,Asia,China
166,Sichuan,30,0.1084889684481512,1,0.0032546690534445,0.1084889684481512,0.1084889684481512,2.0,China,Asia,China
166,Sichuan,40,0.107576372546809,1,0.0043030549018723,0.107576372546809,0.107576372546809,2.0,China,Asia,China
166,Sichuan,50,0.1068800900824884,1,0.0053440045041244,0.1068800900824884,0.1068800900824884,2.0,China,Asia,China
166,Sichuan,60,0.106318520737471,1,0.0063791112442482,0.106318520737471,0.106318520737471,2.0,China,Asia,China
166,Sichuan,70,0.1058487699500793,1,0.0074094138965055,0.1058487699500793,0.1058487699500793,2.0,China,Asia,China
166,Sichuan,80,0.1054455341434579,1,0.0084356427314766,0.1054455341434579,0.1054455341434579,2.0,China,Asia,China
166,Sichuan,90,0.1050926529217474,1,0.0094583387629572,0.1050926529217474,0.1050926529217474,2.0,China,Asia,China
166,Sichuan,100,0.104779185922635,1,0.0104779185922635,0.104779185922635,0.104779185922635,2.0,China,Asia,China
166,Sichuan,110,0.1044973881938347,1,0.0114947127013218,0.1044973881938347,0.1044973881938347,2.0,China,Asia,China
166,Sichuan,120,0.1042415793211817,1,0.0125089895185418,0.1042415793211817,0.1042415793211817,2.0,China,Asia,China
166,Sichuan,130,0.1040074715348121,1,0.0135209712995255,0.1040074715348121,0.1040074715348121,2.0,China,Asia,China
166,Sichuan,140,0.103791750192518,1,0.0145308450269525,0.103791750192518,0.103791750192518,2.0,China,Asia,China
166,Sichuan,150,0.1035918009227447,1,0.0155387701384117,0.1035918009227447,0.1035918009227447,2.0,China,Asia,China
167,Sinjar,10,555.6212123433287,484,5.556212123433287,2.249147857904211,1.1479777114531584,9.1,Syria,Middle East,Middle East
167,Sinjar,20,277.31561035888745,225,5.546312207177749,2.2235780320295806,1.2325138238172777,13.4,Syria,Middle East,Middle East
167,Sinjar,30,184.56988205598432,182,5.53709646167953,2.2089210195410853,1.014120231076837,14.8,Syria,Middle East,Middle East
167,Sinjar,40,137.0868049017188,110,5.483472196068752,2.1986525219109425,1.2462436809247164,19.1,Syria,Middle East,Middle East
167,Sinjar,50,110.80220945765174,110,5.540110472882587,2.1907611044767115,1.0072928132513794,19.1,Syria,Middle East,Middle East
167,Sinjar,60,89.28955991584581,72,5.357373594950749,2.1843603418201445,1.2401327766089696,23.4,Syria,Middle East,Middle East
167,Sinjar,70,76.73803447463828,72,5.37166241322468,2.178981191034859,1.0658060343699762,23.4,Syria,Middle East,Middle East
167,Sinjar,80,67.23455164766696,64,5.378764131813357,2.1743454976107075,1.0505398694947965,24.8,Syria,Middle East,Middle East
167,Sinjar,90,58.471472113607355,56,5.262432490224661,2.1702748292013534,1.0441334306001313,26.2,Syria,Middle East,Middle East
167,Sinjar,100,53.06636303713409,42,5.306636303713409,2.1666479304369632,1.2634848342174785,30.5,Syria,Middle East,Middle East
167,Sinjar,110,48.24700776265476,36,5.307170853892024,2.163378675672685,1.340194660073743,33.4,Syria,Middle East,Middle East
167,Sinjar,120,45.23708130236098,36,5.428449756283317,2.1604037101270848,1.2565855917322493,33.4,Syria,Middle East,Middle East
167,Sinjar,130,41.63389697096678,36,5.412406606225682,2.1576750837667427,1.1564971380824105,33.4,Syria,Middle East,Middle East
167,Sinjar,140,38.7979843587958,36,5.431717810231412,2.1551556390180844,1.077721787744328,33.4,Syria,Middle East,Middle East
167,Sinjar,150,36.49959975315031,36,5.474939962972546,2.1528160031986467,1.0138777709208415,33.4,Syria,Middle East,Middle East
169,Solimoes,10,2451.445843401634,1849,24.51445843401634,1.575262645966935,1.3258225221209488,24.9,Brazil,South America,Brazil
169,Solimoes,20,1231.21915304086,1056,24.6243830608172,1.5508472187676323,1.16592722825839,32.6,Brazil,South America,Brazil
169,Solimoes,30,822.2351038627656,702,24.66705311588297,1.5369497937948575,1.1712750767275864,40.2,Brazil,South America,Brazil
169,Solimoes,40,588.6753007708603,484,23.547012030834413,1.5272554211407527,1.2162712825844222,47.8,Brazil,South America,Brazil
169,Solimoes,50,506.53360489077926,484,25.326680244538963,1.5198285372473894,1.0465570348983042,47.8,Brazil,South America,Brazil
169,Solimoes,60,404.8012672305046,361,24.288076033830276,1.5138193554012107,1.1213331502230044,55.5,Brazil,South America,Brazil
169,Solimoes,70,367.1760212628835,361,25.702321488401846,1.5087794867047113,1.0171080921409517,55.5,Brazil,South America,Brazil
169,Solimoes,80,297.9305385697537,272,23.834443085580297,1.5044436274614936,1.0953328623888003,63.1,Brazil,South America,Brazil
169,Solimoes,90,276.7943355012203,272,24.911490195109828,1.500641911898236,1.0176262334603687,63.1,Brazil,South America,Brazil
169,Solimoes,100,246.477839199602,225,24.6477839199602,1.4972590946825604,1.0954570631093423,70.8,Brazil,South America,Brazil
169,Solimoes,110,232.11938236686663,225,25.533132060355328,1.4942134363711468,1.0316416994082962,70.8,Brazil,South America,Brazil
169,Solimoes,120,201.75236947389317,182,24.210284336867183,1.4914448855421405,1.108529502603809,78.4,Brazil,South America,Brazil
169,Solimoes,130,191.6542075519627,182,24.91504698175515,1.4889080446755678,1.0530450964393556,78.4,Brazil,South America,Brazil
169,Solimoes,140,183.21994385416107,182,25.65079213958255,1.4865677710997331,1.0067029882096763,78.4,Brazil,South America,Brazil
169,Solimoes,150,155.38668046631312,144,23.30800206994697,1.48439631162969,1.0790741699049522,86.1,Brazil,South America,Brazil
170,Songliao,10,725.9498164900363,702,7.259498164900363,2.4329192273667832,1.0341165477066043,8.3,China,Asia,China
170,Songliao,20,344.1713865143399,289,6.883427730286797,2.4042125476868015,1.1909044516067124,13.1,China,Asia,China
170,Songliao,30,235.9271755053365,225,7.077815265160094,2.387761490562112,1.048565224468162,14.7,China,Asia,China
170,Songliao,40,175.16889912601496,156,7.006755965040599,2.3762379234121367,1.122877558500096,17.9,China,Asia,China
170,Songliao,50,142.6537989129725,132,7.132689945648624,2.3673830111511256,1.0807105978255491,19.5,China,Asia,China
170,Songliao,60,116.7123541412313,110,7.002741248473878,2.3602014244602394,1.061021401283921,21.0,China,Asia,China
170,Songliao,70,94.84137956982904,90,6.638896569888032,2.3541665453041554,1.0537931063314336,22.6,China,Asia,China
170,Songliao,80,85.39435253512896,81,6.831548202810317,2.34896610001003,1.0542512658657897,24.2,China,Asia,China
170,Songliao,90,76.30753469006143,72,6.867678122105529,2.3443997825247536,1.0598268706952976,25.8,China,Asia,China
170,Songliao,100,68.4170038328958,64,6.84170038328958,2.3403314808500246,1.069015684888997,27.4,China,Asia,China
170,Songliao,110,64.27597152384236,64,7.070356867622659,2.336664521874059,1.0043120550600368,27.4,China,Asia,China
170,Songliao,120,57.12853269033913,56,6.855423922840695,2.3333277952764515,1.0201523694703416,29.0,China,Asia,China
170,Songliao,130,50.8235106632977,49,6.607056386228701,2.330267483497472,1.037214503332606,30.6,China,Asia,China
170,Songliao,140,47.34789397415482,42,6.628705156381675,2.327441883681667,1.1273308089084482,33.7,China,Asia,China
170,Songliao,150,45.118627729036525,42,6.7677941593554785,2.324818031314161,1.0742530411675364,33.7,China,Asia,China
171,South Adriatic,10,5298.898320866356,2652,52.988983208663555,19.998,1.9980762899194404,7.6,Italy,Europe,EU
171,South Adriatic,20,2689.510394180841,2652,53.79020788361682,19.998,1.0141441908675872,7.6,Italy,Europe,EU
171,South Adriatic,30,1772.0533760206908,1406,53.16160128062073,19.998,1.2603509075538342,10.4,Italy,Europe,EU
171,South Adriatic,40,1321.5450369268517,441,52.86180147707405,19.998,2.996700764006466,18.8,Italy,Europe,EU
171,South Adriatic,50,1066.1153998018704,441,53.30576999009352,19.998,2.4174952376459644,18.8,Italy,Europe,EU
171,South Adriatic,60,895.1656315189101,441,53.70993789113461,19.998,2.0298540397254197,18.8,Italy,Europe,EU
171,South Adriatic,70,770.7063442184997,441,53.94944409529498,19.998,1.74763343360204,18.8,Italy,Europe,EU
171,South Adriatic,80,676.284848281287,441,54.10278786250296,19.998,1.533525733064143,18.8,Italy,Europe,EU
171,South Adriatic,90,604.1354327764649,441,54.37218894988184,19.998,1.3699216162731631,18.8,Italy,Europe,EU
171,South Adriatic,100,545.0747912814677,441,54.50747912814677,19.998,1.2359972591416502,18.8,Italy,Europe,EU
171,South Adriatic,110,495.4752535499453,441,54.502277890493986,19.998,1.1235266520406924,18.8,Italy,Europe,EU
171,South Adriatic,120,455.4036314556455,441,54.648435774677466,19.998,1.0326612958177903,18.8,Italy,Europe,EU
171,South Adriatic,130,413.46695844231493,210,53.75070459750094,19.998,1.9688902782967377,27.3,Italy,Europe,EU
171,South Adriatic,140,383.88609193436105,210,53.74405287081055,19.998,1.828029009211243,27.3,Italy,Europe,EU
171,South Adriatic,150,358.5999251904081,210,53.78998877856122,19.998,1.7076186913828957,27.3,Italy,Europe,EU
172,South Caspian,10,11877.64708523847,8010,118.77647085238468,7.268790741971639,1.4828523202544903,5.5,Iran,Middle East,Middle East
172,South Caspian,20,5577.93995012982,2970,111.55879900259642,7.1759613518851735,1.8780942593029697,9.1,Iran,Middle East,Middle East
172,South Caspian,30,3951.603877627035,2970,118.54811632881103,7.122833084122327,1.3305063561033788,9.1,Iran,Middle East,Middle East
172,South Caspian,40,3015.7547368174814,2970,120.63018947269926,7.08564834525369,1.0154056352920813,9.1,Iran,Middle East,Middle East
172,South Caspian,50,2316.5444486937554,1521,115.82722243468776,7.057091916062979,1.523040400193133,12.6,Iran,Middle East,Middle East
172,South Caspian,60,1949.6572463644557,1521,116.97943478186734,7.033942675946755,1.2818259344933962,12.6,Iran,Middle East,Middle East
172,South Caspian,70,1692.7038495700317,1521,118.48926946990224,7.014497259191357,1.1128887899868716,12.6,Iran,Middle East,Middle East
172,South Caspian,80,1442.537548113973,930,115.40300384911782,6.99774603258281,1.5511156431333042,16.1,Iran,Middle East,Middle East
172,South Caspian,90,1302.6850289774338,930,117.24165260796904,6.983041603273187,1.400736590298316,16.1,Iran,Middle East,Middle East
172,South Caspian,100,1171.3061026072576,930,117.13061026072576,6.969944189703891,1.2594689275346855,16.1,Iran,Middle East,Middle East
172,South Caspian,110,1072.3889541422757,930,117.9627849556503,6.958141522692196,1.153106402303522,16.1,Iran,Middle East,Middle East
172,South Caspian,120,992.323505008232,930,119.07882060098784,6.94740396016079,1.0670145215142282,16.1,Iran,Middle East,Middle East
172,South Caspian,130,895.6423171402416,625,116.4335012282314,6.937557742684229,1.433027707424387,19.6,Iran,Middle East,Middle East
172,South Caspian,140,834.386179034709,625,116.81406506485924,6.928468251978834,1.3350178864555344,19.6,Iran,Middle East,Middle East
172,South Caspian,150,779.151863915819,625,116.87277958737286,6.9200290968153375,1.2466429822653105,19.6,Iran,Middle East,Middle East
174,South Sumatra,10,737.8139483940525,600,7.378139483940526,5.212150033406581,1.2296899139900876,15.9,Indonesia,Asia,Indonesia
174,South Sumatra,20,367.8134079091944,324,7.356268158183888,5.150345974561729,1.1352265676209703,21.4,Indonesia,Asia,Indonesia
174,South Sumatra,30,249.2649902864328,210,7.477949708592984,5.114919275869698,1.1869761442211086,26.9,Indonesia,Asia,Indonesia
174,South Sumatra,40,185.87598832933008,169,7.435039533173202,5.09010018989073,1.099857919108462,29.7,Indonesia,Asia,Indonesia
174,South Sumatra,50,152.02739223648223,144,7.601369611824111,5.0710268199498705,1.0557457794200156,32.5,Indonesia,Asia,Indonesia
174,South Sumatra,60,125.61694810801288,121,7.537016886480773,5.055556547146748,1.038156595933991,35.3,Indonesia,Asia,Indonesia
174,South Sumatra,70,104.96243691601263,90,7.347370584120886,5.042555624651766,1.1662492990668072,40.8,Indonesia,Asia,Indonesia
174,South Sumatra,80,93.70446186426518,90,7.496356949141214,5.031351711818738,1.0411606873807242,40.8,Indonesia,Asia,Indonesia
174,South Sumatra,90,78.26785528087356,56,7.044106975278621,5.021513512052059,1.3976402728727422,51.9,Indonesia,Asia,Indonesia
174,South Sumatra,100,71.87700139985444,56,7.187700139985443,5.012747934490381,1.2835178821402575,51.9,Indonesia,Asia,Indonesia
174,South Sumatra,110,66.81338181481038,56,7.349471999629142,5.004846802281738,1.1930961038358998,51.9,Indonesia,Asia,Indonesia
174,South Sumatra,120,62.16492911225459,56,7.459791493470551,4.997656979221515,1.1100880198616891,51.9,Indonesia,Asia,Indonesia
174,South Sumatra,130,57.97768157641155,56,7.537098604933502,4.991062564664136,1.0353157424359205,51.9,Indonesia,Asia,Indonesia
174,South Sumatra,140,52.26349653875836,42,7.316889515426171,4.98497374488559,1.2443689652085324,60.2,Indonesia,Asia,Indonesia
174,South Sumatra,150,49.5088199655011,42,7.426322994825164,4.979319523316415,1.178781427750026,60.2,Indonesia,Asia,Indonesia
176,Southern North Sea,10,643.4111892935491,576,6.434111892935491,5.299127717241236,1.117033314745745,6.3,UK,Europe,UK
176,Southern North Sea,20,329.63630206799905,324,6.592726041359982,5.225994455869094,1.017395994037034,8.5,UK,Europe,UK
176,Southern North Sea,30,209.94750700855548,169,6.2984252102566645,5.184216318271041,1.2422929408790264,11.7,UK,Europe,UK
176,Southern North Sea,40,163.46068718910533,144,6.538427487564213,5.155008997764624,1.1351436610354535,12.8,UK,Europe,UK
176,Southern North Sea,50,130.53131888971478,121,6.526565944485739,5.13259751548909,1.0787712304935106,13.9,UK,Europe,UK
176,Southern North Sea,60,106.10009301577878,90,6.366005580946727,5.114441494792413,1.178889922397542,16.1,UK,Europe,UK
176,Southern North Sea,70,92.98461375292864,90,6.508922962705005,5.099198557338716,1.0331623750325405,16.1,UK,Europe,UK
176,Southern North Sea,80,76.57024018812353,56,6.125619215049883,5.08607351465612,1.367325717645063,20.4,UK,Europe,UK
176,Southern North Sea,90,69.57506602312367,56,6.26175594208113,5.074556735450359,1.2424118932700656,20.4,UK,Europe,UK
176,Southern North Sea,100,63.99599162138114,56,6.399599162138114,5.064302170927071,1.1427855646675202,20.4,UK,Europe,UK
176,Southern North Sea,110,59.08430471365108,56,6.499273518501619,5.055064200635198,1.0550768698866264,20.4,UK,Europe,UK
176,Southern North Sea,120,52.453233474908345,49,6.294388016989002,5.046662256949554,1.07047415254915,21.5,UK,Europe,UK
176,Southern North Sea,130,49.32839214631093,42,6.412690979020421,5.03895975447789,1.1744855272931174,23.6,UK,Europe,UK
176,Southern North Sea,140,46.324233466831195,42,6.485392685356367,5.0318509045228605,1.102957939686457,23.6,UK,Europe,UK
176,Southern North Sea,150,43.71875449912506,42,6.557813174868759,5.025252121703878,1.0409227261696443,23.6,UK,Europe,UK
177,Subei,10,1233.1584036757858,1024,12.331584036757858,15.012458277489564,1.2042562535896346,6.4,China,Asia,China
177,Subei,20,616.1779696371179,484,12.323559392742355,14.867206745879177,1.2730949785890866,9.3,China,Asia,China
177,Subei,30,413.8091596611012,361,12.414274789833035,14.783734120589134,1.1462857608340753,10.8,China,Asia,China
177,Subei,40,309.5032529733649,225,12.380130118934597,14.725162020858036,1.375570013214955,13.7,China,Asia,China
177,Subei,50,250.6566302722652,225,12.53283151361326,14.680097137477285,1.1140294678767342,13.7,China,Asia,China
177,Subei,60,206.5669855311367,182,12.394019131868204,14.64351172085865,1.1349834369842675,15.2,China,Asia,China
177,Subei,70,174.83722478315875,110,12.238605734821112,14.612742677645882,1.589429316210534,19.5,China,Asia,China
177,Subei,80,154.05498825964247,110,12.324399060771396,14.586209427480176,1.400499893269477,19.5,China,Asia,China
177,Subei,90,137.10231489321976,110,12.339208340389778,14.562897350328155,1.2463846808474524,19.5,China,Asia,China
177,Subei,100,124.49914876051206,110,12.449914876051205,14.542116541668522,1.1318104432773823,19.5,China,Asia,China
177,Subei,110,113.2184200644733,110,12.454026207092063,14.523376717743904,1.0292583642224846,19.5,China,Asia,China
177,Subei,120,100.89016276432412,25,12.106819531718894,14.506317053234492,4.035606510572965,41.5,China,Asia,China
177,Subei,130,94.3679058221503,25,12.26782775687954,14.490664342640198,3.774716232886013,41.5,China,Asia,China
177,Subei,140,87.71692000322705,25,12.280368800451786,14.476206791504296,3.508676800129082,41.5,China,Asia,China
177,Subei,150,81.47787631868552,72,12.221681447802828,14.462776919422849,1.1316371710928543,23.9,China,Asia,China
178,Sunda,10,103.26034408007648,72,1.0326034408007647,13.543181255178675,1.4341714455566177,23.8,Indonesia,Asia,Indonesia
178,Sunda,20,59.07763962467531,36,1.181552792493506,13.397025536337049,1.6410455451298696,33.9,Indonesia,Asia,Indonesia
178,Sunda,30,46.8653974786712,36,1.405961924360136,13.313093733427168,1.3018165966297557,33.9,Indonesia,Asia,Indonesia
178,Sunda,40,40.88385823659826,36,1.6353543294639303,13.254226355316288,1.135662728794396,33.9,Indonesia,Asia,Indonesia
178,Sunda,50,37.20545449690468,36,1.8602727248452335,13.208949614648809,1.033484847136241,33.9,Indonesia,Asia,Indonesia
178,Sunda,60,34.08690192637991,16,2.0452141155827945,13.172202110153124,2.1304313703987443,51.3,Indonesia,Asia,Indonesia
178,Sunda,70,32.289719738521796,16,2.260280381696526,13.141303677430493,2.0181074836576123,51.3,Indonesia,Asia,Indonesia
178,Sunda,80,30.880791767137097,16,2.4704633413709676,13.114663968736712,1.9300494854460684,51.3,Indonesia,Asia,Indonesia
178,Sunda,90,29.737197746031033,16,2.676347797142793,13.091262292202154,1.8585748591269395,51.3,Indonesia,Asia,Indonesia
178,Sunda,100,28.784302456665948,16,2.8784302456665944,13.070404731714117,1.7990189035416218,51.3,Indonesia,Asia,Indonesia
178,Sunda,110,27.97387157195413,16,3.0771258729149547,13.051598226260282,1.7483669732471332,51.3,Indonesia,Asia,Indonesia
178,Sunda,120,27.27318377970565,16,3.272782053564678,13.03447995520505,1.7045739862316032,51.3,Indonesia,Asia,Indonesia
178,Sunda,130,26.65916307207535,16,3.465691199369796,13.018775235656593,1.6661976920047097,51.3,Indonesia,Asia,Indonesia
178,Sunda,140,26.11501017110007,16,3.6561014239540106,13.004271151558765,1.6321881356937546,51.3,Indonesia,Asia,Indonesia
178,Sunda,150,25.628166825078942,16,3.844225023761841,12.990799352871669,1.601760426567434,51.3,Indonesia,Asia,Indonesia
180,Tarakan-Muara,10,462.9193001823789,380,4.629193001823789,4.830535165612923,1.2182086846904707,12.5,Indonesia,Asia,Indonesia
180,Tarakan-Muara,20,240.4942576317343,240,4.809885152634687,4.787924415246171,1.002059406798893,16.0,Indonesia,Asia,Indonesia
180,Tarakan-Muara,30,156.36558029038963,100,4.690967408711689,4.763385908285604,1.5636558029038965,24.8,Indonesia,Asia,Indonesia
180,Tarakan-Muara,40,118.84148257269771,100,4.753659302907909,4.746145254290272,1.188414825726977,24.8,Indonesia,Asia,Indonesia
180,Tarakan-Muara,50,90.34828405785694,64,4.517414202892847,4.732868030411513,1.4116919384040147,30.1,Indonesia,Asia,Indonesia
180,Tarakan-Muara,60,77.35580358663579,49,4.641348215198147,4.722081147315266,1.5786898691150162,35.3,Indonesia,Asia,Indonesia
180,Tarakan-Muara,70,68.38141312053999,49,4.786698918437799,4.713003686127363,1.3955390432763262,35.3,Indonesia,Asia,Indonesia
180,Tarakan-Muara,80,59.00599344691817,49,4.720479475753454,4.705171848611723,1.2042039478962892,35.3,Indonesia,Asia,Indonesia
180,Tarakan-Muara,90,52.430656146097974,49,4.718759053148817,4.698287740949173,1.070013390736693,35.3,Indonesia,Asia,Indonesia
180,Tarakan-Muara,100,46.000989077421934,36,4.600098907742193,4.692148707581413,1.2778052521506094,40.6,Indonesia,Asia,Indonesia
180,Tarakan-Muara,110,41.543489043340145,30,4.5697837947674165,4.686610668817071,1.3847829681113382,44.1,Indonesia,Asia,Indonesia
180,Tarakan-Muara,120,38.57702729680879,25,4.629243275617054,4.681567548480304,1.5430810918723514,49.4,Indonesia,Asia,Indonesia
180,Tarakan-Muara,130,36.16690017725407,25,4.701697023043029,4.676939001423055,1.4466760070901628,49.4,Indonesia,Asia,Indonesia
180,Tarakan-Muara,140,34.0292027732018,25,4.764088388248252,4.672662722941853,1.3611681109280722,49.4,Indonesia,Asia,Indonesia
180,Tarakan-Muara,150,31.40266451768957,25,4.710399677653435,4.668689430267704,1.2561065807075826,49.4,Indonesia,Asia,Indonesia
183,Tarim,10,3538.735613815426,2652,35.38735613815426,5.342146823213605,1.3343648619213522,7.5,China,Asia,China
183,Tarim,20,1767.9674872159371,1406,35.35934974431874,5.252913435264176,1.2574448699971104,10.2,China,Asia,China
183,Tarim,30,1153.7411840113425,870,34.61223552034028,5.202166757436179,1.3261392919670605,12.9,China,Asia,China
183,Tarim,40,892.6962140818205,870,35.70784856327282,5.16678767470242,1.026087602392897,12.9,China,Asia,China
183,Tarim,50,714.5690399838263,600,35.72845199919132,5.13969501496154,1.190948399973044,15.7,China,Asia,China
183,Tarim,60,602.0391321089647,600,36.12234792653789,5.1177813067037246,1.0033985535149412,15.7,China,Asia,China
183,Tarim,70,493.082298932094,420,34.51576092524658,5.099407473305555,1.174005473647843,18.4,China,Asia,China
183,Tarim,80,434.5538172679227,420,34.764305381433815,5.083603980038987,1.0346519458760064,18.4,China,Asia,China
183,Tarim,90,388.32772548002447,324,34.9494952932022,5.069750213992588,1.198542362592668,21.1,China,Asia,China
183,Tarim,100,353.0526895225765,324,35.30526895225765,5.0574252091520515,1.089668794822767,21.1,China,Asia,China
183,Tarim,110,317.8842170988514,256,34.96726388087366,5.046330444638619,1.2417352230423884,23.9,China,Asia,China
183,Tarim,120,295.08323474192326,256,35.40998816903079,5.0362466429814665,1.1526688857106375,23.9,China,Asia,China
183,Tarim,130,273.3668640591537,256,35.53769232768998,5.027008060385272,1.0678393127310692,23.9,China,Asia,China
183,Tarim,140,255.152377421866,210,35.72133283906124,5.018486410650331,1.2150113210565048,26.6,China,Asia,China
183,Tarim,150,240.54471563070692,210,36.08170734460604,5.0105803953493355,1.14545102681289,26.6,China,Asia,China
184,Thrace,10,6076.097632379835,4096,60.76097632379835,2.6170727342647004,1.4834222735302331,3.7,Turkey,Middle East,Middle East
184,Thrace,20,3009.121470376854,1936,60.18242940753709,2.586628789181859,1.554298280153334,5.3,Turkey,Middle East,Middle East
184,Thrace,30,2132.520240042268,1936,63.97560720126805,2.5691807510417934,1.1015083884515848,5.3,Turkey,Middle East,Middle East
184,Thrace,40,1503.848409279696,1122,60.15393637118784,2.5569581901552705,1.340328350516663,7.0,Turkey,Middle East,Middle East
184,Thrace,50,1259.5439803220693,1122,62.97719901610346,2.547565795302688,1.122588217755855,7.0,Turkey,Middle East,Middle East
184,Thrace,60,991.74580535066,729,59.5047483210396,2.5399480584426843,1.360419486077723,8.6,Turkey,Middle East,Middle East
184,Thrace,70,872.6229686665662,729,61.08360780665963,2.5335465044226435,1.1970136744397342,8.6,Turkey,Middle East,Middle East
184,Thrace,80,791.1356054874082,729,63.290848438992654,2.5280299605731194,1.0852340267316984,8.6,Turkey,Middle East,Middle East
184,Thrace,90,731.3232188747425,729,65.81908969872683,2.523185993613059,1.0031868571669993,8.6,Turkey,Middle East,Middle East
184,Thrace,100,601.6164241108291,506,60.16164241108291,2.5188702481297516,1.1889652650411644,10.3,Turkey,Middle East,Middle East
184,Thrace,110,560.650529714893,506,61.67155826863823,2.5149801944361982,1.1080049994365473,10.3,Turkey,Middle East,Middle East
184,Thrace,120,528.0029147569622,506,63.36034977083547,2.5114404131243724,1.0434840212588186,10.3,Turkey,Middle East,Middle East
184,Thrace,130,463.7740575211452,380,60.29062747774888,2.5081938246562077,1.2204580461082768,11.9,Turkey,Middle East,Middle East
184,Thrace,140,438.14848624483704,380,61.340788074277185,2.5051961979338944,1.1530223322232551,11.9,Turkey,Middle East,Middle East
184,Thrace,150,416.8054739100052,380,62.52082108650079,2.5024125695556254,1.0968565102894874,11.9,Turkey,Middle East,Middle East
187,Transylvanian,10,0.562714435256653,1,0.0056271443525665,0.562714435256653,0.562714435256653,2.0,Romania,Europe,EU
187,Transylvanian,20,0.5566825229594771,1,0.0111336504591895,0.5566825229594771,0.5566825229594771,2.0,Romania,Europe,EU
187,Transylvanian,30,0.5532201492083949,1,0.0165966044762518,0.5532201492083949,0.5532201492083949,2.0,Romania,Europe,EU
187,Transylvanian,40,0.5507923889366644,1,0.0220316955574665,0.5507923889366644,0.5507923889366644,2.0,Romania,Europe,EU
187,Transylvanian,50,0.548925481604137,1,0.0274462740802068,0.548925481604137,0.548925481604137,2.0,Romania,Europe,EU
187,Transylvanian,60,0.5474104891740926,1,0.0328446293504455,0.5474104891740926,0.5474104891740926,2.0,Romania,Europe,EU
187,Transylvanian,70,0.5461367926297417,1,0.0382295754840819,0.5461367926297417,0.5461367926297417,2.0,Romania,Europe,EU
187,Transylvanian,80,0.5450387626585612,1,0.0436031010126848,0.5450387626585612,0.5450387626585612,2.0,Romania,Europe,EU
187,Transylvanian,90,0.5440742831486985,1,0.0489666854833828,0.5440742831486985,0.5440742831486985,2.0,Romania,Europe,EU
187,Transylvanian,100,0.5432147244581281,1,0.0543214724458128,0.5432147244581281,0.5432147244581281,2.0,Romania,Europe,EU
187,Transylvanian,110,0.5424397456684756,1,0.0596683720235323,0.5424397456684756,0.5424397456684756,2.0,Romania,Europe,EU
187,Transylvanian,120,0.5417343800401685,1,0.0650081256048202,0.5417343800401685,0.5417343800401685,2.0,Romania,Europe,EU
187,Transylvanian,130,0.5410872974228528,1,0.0703413486649708,0.5410872974228528,0.5410872974228528,2.0,Romania,Europe,EU
187,Transylvanian,140,0.5404897160033342,1,0.0756685602404668,0.5404897160033342,0.5404897160033342,2.0,Romania,Europe,EU
187,Transylvanian,150,0.5399346925264208,1,0.0809902038789631,0.5399346925264208,0.5399346925264208,2.0,Romania,Europe,EU
188,Trondelag-Halten,10,8825.60773790809,2809,88.2560773790809,19.998,3.1419037870801323,8.3,Norway,Europe,EU
188,Trondelag-Halten,20,4429.101031718675,1482,88.58202063437349,19.998,2.9885971873945176,11.4,Norway,Europe,EU
188,Trondelag-Halten,30,2970.1565240850714,625,89.10469572255215,19.998,4.752250438536114,17.7,Norway,Europe,EU
188,Trondelag-Halten,40,2237.0407015368028,625,89.48162806147212,19.998,3.5792651224588847,17.7,Norway,Europe,EU
188,Trondelag-Halten,50,1795.2874093312785,625,89.76437046656392,19.998,2.8724598549300455,17.7,Norway,Europe,EU
188,Trondelag-Halten,60,1499.8231599637322,625,89.98938959782393,19.998,2.3997170559419714,17.7,Norway,Europe,EU
188,Trondelag-Halten,70,1266.299363610124,441,88.64095545270867,19.998,2.871427128367628,20.9,Norway,Europe,EU
188,Trondelag-Halten,80,1128.109783188564,441,90.24878265508512,19.998,2.5580720707223676,20.9,Norway,Europe,EU
188,Trondelag-Halten,90,1025.6223433991288,441,92.3060109059216,19.998,2.325674248070587,20.9,Norway,Europe,EU
188,Trondelag-Halten,100,942.6384271909584,210,94.26384271909583,19.998,4.488754415195039,30.3,Norway,Europe,EU
188,Trondelag-Halten,110,881.6617538296347,210,96.9827929212598,19.998,4.198389303950641,30.3,Norway,Europe,EU
188,Trondelag-Halten,120,832.4623662965143,210,99.89548395558172,19.998,3.964106506173878,30.3,Norway,Europe,EU
188,Trondelag-Halten,130,791.8203743857699,210,102.93664867015008,19.998,3.770573211360809,30.3,Norway,Europe,EU
188,Trondelag-Halten,140,757.5801831632131,210,106.06122564284982,19.998,3.607524681729586,30.3,Norway,Europe,EU
188,Trondelag-Halten,150,728.2645713510283,210,109.23968570265424,19.998,3.467926530242992,30.3,Norway,Europe,EU
189,Tucano,10,0.49941318805052,1,0.0049941318805052,0.49941318805052,0.49941318805052,2.0,Brazil,South America,Brazil
189,Tucano,20,0.4934588098354824,1,0.0098691761967096,0.4934588098354824,0.4934588098354824,2.0,Brazil,South America,Brazil
189,Tucano,30,0.4900472640451053,1,0.0147014179213531,0.4900472640451053,0.4900472640451053,2.0,Brazil,South America,Brazil
189,Tucano,40,0.4876578850317635,1,0.0195063154012705,0.4876578850317635,0.4876578850317635,2.0,Brazil,South America,Brazil
189,Tucano,50,0.4858220261874741,1,0.0242911013093737,0.4858220261874741,0.4858220261874741,2.0,Brazil,South America,Brazil
189,Tucano,60,0.4843332082675741,1,0.0290599924960544,0.4843332082675741,0.4843332082675741,2.0,Brazil,South America,Brazil
189,Tucano,70,0.4830821950275701,1,0.0338157536519299,0.4830821950275701,0.4830821950275701,2.0,Brazil,South America,Brazil
189,Tucano,80,0.4820042162491004,1,0.038560337299928,0.4820042162491004,0.4820042162491004,2.0,Brazil,South America,Brazil
189,Tucano,90,0.4810577279574406,1,0.0432951955161696,0.4810577279574406,0.4810577279574406,2.0,Brazil,South America,Brazil
189,Tucano,100,0.4802145016414249,1,0.0480214501641424,0.4802145016414249,0.4802145016414249,2.0,Brazil,South America,Brazil
189,Tucano,110,0.4794544889998623,1,0.0527399937899848,0.4794544889998623,0.4794544889998623,2.0,Brazil,South America,Brazil
189,Tucano,120,0.4787629436002739,1,0.0574515532320328,0.4787629436002739,0.4787629436002739,2.0,Brazil,South America,Brazil
189,Tucano,130,0.4781287054861643,1,0.0621567317132013,0.4781287054861643,0.4781287054861643,2.0,Brazil,South America,Brazil
189,Tucano,140,0.4775431271713871,1,0.0668560378039942,0.4775431271713871,0.4775431271713871,2.0,Brazil,South America,Brazil
189,Tucano,150,0.4769993733566388,1,0.0715499060034958,0.4769993733566388,0.4769993733566388,2.0,Brazil,South America,Brazil
192,Turpan,10,445.5633632997344,400,4.455633632997344,1.159404688503629,1.113908408249336,14.5,China,Asia,China
192,Turpan,20,218.13817882266468,196,4.362763576453293,1.1403241221357356,1.1129498919523708,20.7,China,Asia,China
192,Turpan,30,141.95857163834373,132,4.258757149150312,1.1294711519123322,1.075443724532907,24.8,China,Asia,China
192,Turpan,40,108.30230822789493,100,4.332092329115796,1.121903931117555,1.083023082278949,29.0,China,Asia,China
192,Turpan,50,82.9193521506309,81,4.145967607531545,1.1161086092098724,1.0236957055633444,31.1,China,Asia,China
192,Turpan,60,68.00683530931899,64,4.080410118559139,1.1114207939355578,1.0626068017081092,35.2,China,Asia,China
192,Turpan,70,57.90643860970927,56,4.0534507026796485,1.1074900185272751,1.0340435466019513,37.3,China,Asia,China
192,Turpan,80,52.970937069325494,49,4.23767496554604,1.1041089656896892,1.081039532027051,41.5,China,Asia,China
192,Turpan,90,49.230920953517426,49,4.430782885816568,1.101144922330272,1.0047126725207638,41.5,China,Asia,China
192,Turpan,100,39.54628312203148,36,3.954628312203148,1.0985078645008746,1.0985078645008746,47.7,China,Asia,China
192,Turpan,110,37.743485166549696,36,4.151783368320467,1.0961339509043355,1.0484301435152694,47.7,China,Asia,China
192,Turpan,120,32.8192885677435,30,3.93831462812922,1.09397628559145,1.09397628559145,51.8,China,Asia,China
192,Turpan,130,31.33944947118112,30,4.074128431253546,1.0919994205741708,1.0446483157060371,51.8,China,Asia,China
192,Turpan,140,27.25439795627691,25,3.8156157138787674,1.0901759182510764,1.0901759182510764,56.0,China,Asia,China
192,Turpan,150,27.212102814143137,25,4.081815422121471,1.088484112565726,1.0884841125657254,58.1,China,Asia,China
194,Vienna,10,91.8033591198679,64,0.918033591198679,8.731414797315903,1.434427486247936,11.9,Austria,Europe,EU
194,Vienna,20,46.52814401642103,36,0.9305628803284206,8.648498366329884,1.2924484449005842,15.8,Austria,Europe,EU
194,Vienna,30,32.419962467122616,16,0.9725988740136784,8.600805869442246,2.0262476541951635,23.7,Austria,Europe,EU
194,Vienna,40,26.89524888851346,16,1.0758099555405385,8.567322158987082,1.6809530555320913,23.7,Austria,Europe,EU
194,Vienna,50,23.661689223234912,16,1.1830844611617457,8.541549905964642,1.478855576452182,23.7,Austria,Europe,EU
194,Vienna,60,21.55246444739826,16,1.2931478668438956,8.52062052897283,1.347029027962391,23.7,Austria,Europe,EU
194,Vienna,70,20.04553065534948,16,1.4031871458744636,8.503014054334777,1.2528456659593423,23.7,Austria,Europe,EU
194,Vienna,80,18.902787252039584,16,1.5122229801631668,8.48782809767625,1.181424203252474,23.7,Austria,Europe,EU
194,Vienna,90,17.99902902194071,16,1.619912611974664,8.474483252702028,1.1249393138712944,23.7,Austria,Europe,EU
194,Vienna,100,17.261633450615268,16,1.7261633450615268,8.462585462594058,1.0788520906634542,23.7,Austria,Europe,EU
194,Vienna,110,16.645335485903242,16,1.8309869034493569,8.451854638161866,1.0403334678689526,23.7,Austria,Europe,EU
194,Vienna,120,16.120322714924843,16,1.9344387257909812,8.442084613823484,1.007520169682803,23.7,Austria,Europe,EU
194,Vienna,130,15.424833349703912,4,2.0052283354615086,8.43311926476129,3.856208337425978,47.5,Austria,Europe,EU
194,Vienna,140,15.088855735647838,4,2.1124398029906972,8.424837543784367,3.77221393391196,47.5,Austria,Europe,EU
194,Vienna,150,14.789523647187384,4,2.218428547078108,8.417143718931257,3.6973809117968464,47.5,Austria,Europe,EU
197,Wessex,10,871.2593201138909,729,8.712593201138908,15.039962233251815,1.1951431002934032,8.8,UK,Europe,UK
197,Wessex,20,436.01379058720414,380,8.720275811744083,14.90477382498914,1.1474047120715898,12.2,UK,Europe,UK
197,Wessex,30,285.1970453460488,132,8.555911360381463,14.826967714386504,2.160583676864006,20.7,UK,Europe,UK
197,Wessex,40,214.43768357158268,156,8.577507342863308,14.77232120644796,1.3746005357152735,19.0,UK,Europe,UK
197,Wessex,50,173.42580387705655,156,8.671290193852828,14.730248339977452,1.1117038710067728,19.0,UK,Europe,UK
197,Wessex,60,145.09050251049774,132,8.705430150629866,14.696073895777737,1.0991704735643768,20.7,UK,Europe,UK
197,Wessex,70,122.29861089393938,49,8.560902762575758,14.66732001707113,2.495890018243661,34.4,UK,Europe,UK
197,Wessex,80,108.74582253909428,49,8.699665803127544,14.642515350904484,2.219302500797842,34.4,UK,Europe,UK
197,Wessex,90,97.15658735222704,49,8.744092861700434,14.620715009652567,1.9827874969842252,34.4,UK,Europe,UK
197,Wessex,100,86.90229415595329,49,8.690229415595327,14.601276279390772,1.7735162072643529,34.4,UK,Europe,UK
197,Wessex,110,79.34693484011385,49,8.728162832412524,14.583742272127544,1.6193252008186498,34.4,UK,Europe,UK
197,Wessex,120,72.98074324224872,49,8.757689189069847,14.5677766480342,1.4894029233111985,34.4,UK,Europe,UK
197,Wessex,130,67.46602105541596,49,8.770582737204075,14.553124678255662,1.3768575725595094,34.4,UK,Europe,UK
197,Wessex,140,63.06080047408777,49,8.828512066372289,14.539588847317178,1.286955111716077,34.4,UK,Europe,UK
197,Wessex,150,59.45121514091171,49,8.917682271136757,14.527012933882512,1.2132901049165654,34.4,UK,Europe,UK
198,West Barents,10,1873.56978771598,1296,18.7356978771598,10.12811900138149,1.4456557003981327,8.8,Norway,Europe,EU
198,West Barents,20,943.714704443164,576,18.874294088863277,10.0071272170445,1.638393584102715,13.3,Norway,Europe,EU
198,West Barents,30,649.0937463982214,576,19.47281239194664,9.937795732753072,1.12689886527469,13.3,Norway,Europe,EU
198,West Barents,40,484.447980270256,420,19.37791921081024,9.88923329826772,1.153447572072038,15.6,Norway,Europe,EU
198,West Barents,50,367.959123765175,306,18.397956188258743,9.851918547274996,1.202480796618219,17.9,Norway,Europe,EU
198,West Barents,60,310.1787152939469,306,18.610722917636817,9.821656177657044,1.0136559323331598,17.9,Norway,Europe,EU
198,West Barents,70,264.6279891447942,240,18.523959240135593,9.79622657199935,1.1026166214366424,20.1,Norway,Europe,EU
198,West Barents,80,231.89203960003252,196,18.5513631680026,9.774313577613896,1.183122651020574,22.4,Norway,Europe,EU
198,West Barents,90,208.0210721779511,196,18.7218964960156,9.755072975312263,1.061332000907914,22.4,Norway,Europe,EU
198,West Barents,100,184.93057961226617,90,18.493057961226615,9.73793111237315,2.0547842179140687,33.7,Norway,Europe,EU
198,West Barents,110,170.22865234775617,90,18.725151758253176,9.722480560853384,1.891429470530624,33.7,Norway,Europe,EU
198,West Barents,120,156.71150367093483,90,18.80538044051218,9.708421631634115,1.7412389296770536,33.7,Norway,Europe,EU
198,West Barents,130,144.6096330046332,90,18.799252290602315,9.695527517856146,1.60677370005148,33.7,Norway,Europe,EU
198,West Barents,140,134.97657806957722,90,18.896720929740813,9.68362247073441,1.4997397563286357,33.7,Norway,Europe,EU
198,West Barents,150,127.10548255528596,90,19.065822383292893,9.672567569232456,1.4122831395031774,33.7,Norway,Europe,EU
201,Yilan-Yitong,10,320.40546510552053,289,3.2040546510552055,1.9279981641716213,1.108669429430867,7.4,China,Asia,China
201,Yilan-Yitong,20,163.91532842928174,156,3.278306568585635,1.9017505459296729,1.050739284803088,10.2,China,Asia,China
201,Yilan-Yitong,30,109.56298510029568,100,3.28688955300887,1.8867761279264104,1.0956298510029567,12.9,China,Asia,China
201,Yilan-Yitong,40,77.38701011018732,72,3.0954804044074926,1.876315715074316,1.0748195848637128,14.7,China,Asia,China
201,Yilan-Yitong,50,61.58295023724405,49,3.0791475118622023,1.8682937121925136,1.256794902800899,18.3,China,Asia,China
201,Yilan-Yitong,60,53.73237330811571,49,3.223942398486942,1.8617977507286112,1.0965790471044023,18.3,China,Asia,China
201,Yilan-Yitong,70,44.25841559738547,42,3.098089091816983,1.856345982044175,1.0537717999377494,19.2,China,Asia,China
201,Yilan-Yitong,80,39.07643047606451,36,3.126114438085161,1.8516530955581665,1.0854564021129032,21.0,China,Asia,China
201,Yilan-Yitong,90,33.60324126092241,30,3.024291713483017,1.847536303112944,1.120108042030747,22.8,China,Asia,China
201,Yilan-Yitong,100,31.281157157280628,30,3.128115715728063,1.843871526277801,1.042705238576021,22.8,China,Asia,China
201,Yilan-Yitong,110,28.425796983700636,25,3.1268376682070698,1.8405707194736085,1.1370318793480254,25.6,China,Asia,China
201,Yilan-Yitong,120,26.755314218058817,25,3.2106377061670583,1.8375691713767004,1.0702125687223527,25.6,China,Asia,China
201,Yilan-Yitong,130,25.394526424317693,25,3.3012884351613003,1.834817943262551,1.0157810569727077,25.6,China,Asia,China
201,Yilan-Yitong,140,22.07467834051488,20,3.090454967672083,1.8322791381733443,1.103733917025744,28.3,China,Asia,China
201,Yilan-Yitong,150,21.065987080071174,20,3.159898062010676,1.829922818347259,1.053299354003559,28.3,China,Asia,China
202,Zagros,10,40882.15667005744,9409,408.8215667005744,19.998,4.345005491556748,6.5,Iran,Middle East,Middle East
202,Zagros,20,20753.140870564945,9409,415.06281741129885,19.998,2.205669132805287,6.5,Iran,Middle East,Middle East
202,Zagros,30,13890.186611412457,9409,416.7055983423737,19.998,1.4762659805943732,6.5,Iran,Middle East,Middle East
202,Zagros,40,10460.551608270913,9409,418.4220643308365,19.998,1.11176018793399,6.5,Iran,Middle East,Middle East
202,Zagros,50,8145.096744064026,3249,407.2548372032013,19.998,2.5069549843225687,10.9,Iran,Middle East,Middle East
202,Zagros,60,6824.444367071861,3249,409.4666620243117,19.998,2.1004753361255344,10.9,Iran,Middle East,Middle East
202,Zagros,70,5859.174004951889,3249,410.14218034663224,19.998,1.8033776561871004,10.9,Iran,Middle East,Middle East
202,Zagros,80,5135.061500594385,3249,410.8049200475507,19.998,1.5805052325621374,10.9,Iran,Middle East,Middle East
202,Zagros,90,4572.6968196456255,3249,411.5427137681063,19.998,1.4074166881026855,10.9,Iran,Middle East,Middle East
202,Zagros,100,4120.321424871538,3249,412.03214248715375,19.998,1.2681814173196484,10.9,Iran,Middle East,Middle East
202,Zagros,110,3749.628699317409,3249,412.45915692491496,19.998,1.1540870111780268,10.9,Iran,Middle East,Middle East
202,Zagros,120,3439.899786033689,3249,412.7879743240427,19.998,1.0587564746179403,10.9,Iran,Middle East,Middle East
202,Zagros,130,3152.996141805144,1640,409.8894984346687,19.998,1.922558623051917,15.4,Iran,Middle East,Middle East
202,Zagros,140,2933.1386501348393,1640,410.6394110188775,19.998,1.7884991769114873,15.4,Iran,Middle East,Middle East
202,Zagros,150,2741.219135383472,1640,411.1828703075208,19.998,1.6714750825508975,15.4,Iran,Middle East,Middle East
203,Zala,10,36.67740105150853,36,0.3667740105150853,1.1546310128395598,1.018816695875237,20.2,Hungary,Europe,EU
203,Zala,20,17.888349533238852,16,0.357766990664777,1.13798769012111,1.1180218458274285,30.6,Hungary,Europe,EU
203,Zala,30,12.394562267473388,12,0.3718368680242016,1.1284928205775384,1.0328801889561157,35.8,Hungary,Europe,EU
203,Zala,40,9.135766261997166,9,0.3654306504798866,1.1218603828944518,1.0150851402219072,41.0,Hungary,Europe,EU
203,Zala,50,6.700645142649948,6,0.3350322571324973,1.116774190441658,1.116774190441658,49.7,Hungary,Europe,EU
203,Zala,60,6.23517774577626,6,0.3741106647465756,1.1126556820636702,1.03919629096271,50.5,Hungary,Europe,EU
203,Zala,70,4.436797209974374,4,0.3105758046982061,1.1091993024935938,1.1091993024935936,58.3,Hungary,Europe,EU
203,Zala,80,4.421461058949792,4,0.3537168847159833,1.106224128078912,1.105365264737448,61.8,Hungary,Europe,EU
203,Zala,90,4.212528548344053,4,0.3791275693509647,1.1036142482901672,1.0531321370860132,61.8,Hungary,Europe,EU
203,Zala,100,4.04293953265207,4,0.4042939532652069,1.1012909824740171,1.0107348831630174,61.8,Hungary,Europe,EU
203,Zala,110,2.1983969991722807,2,0.2418236699089508,1.0991984995861404,1.0991984995861404,73.1,Hungary,Europe,EU
203,Zala,120,2.1945915310651776,2,0.2633509837278213,1.0972957655325888,1.0972957655325888,76.5,Hungary,Europe,EU
203,Zala,130,2.191103496093316,2,0.2848434544921311,1.095551748046658,1.095551748046658,79.1,Hungary,Europe,EU
203,Zala,140,2.1878848334057093,2,0.3063038766767993,1.0939424167028546,1.0939424167028546,82.6,Hungary,Europe,EU
203,Zala,150,2.1848975763153473,2,0.327734636447302,1.0924487881576737,1.0924487881576737,85.2,Hungary,Europe,EU
