country,scenario,model,allocation_order,checkpoint,basin,region_no,allocated_rate_mt_yr,max_feasible_rate_mt_yr,utilisation_ratio,delivered_cumulative_gt,share_of_country_annual,share_of_country_cumulative,wells_used,step_rank,assigned_period_yr
Australia,growth10,Gompertz,ascend,2050,Adavale,1,0.2002,0.2002,1.0,0.004205,0.0108,0.0188,1,1,150
Australia,growth10,Gompertz,ascend,2050,Bowen-Surat,27,0.619,0.619,1.0,0.012998,0.0333,0.0581,1,2,150
Australia,growth10,Gompertz,ascend,2050,Canning,31,17.7412,55.2663,0.321,0.206434,0.9559,0.9231,42,3,130
Australia,growth10,Gompertz,ascend,2050,Gippsland,0,0.0,0.0,0.0,0.0,0.0,0.0,0,0,0
Australia,growth10,Gompertz,ascend,2050,Bass,0,0.0,0.0,0.0,0.0,0.0,0.0,0,0,0
Australia,growth10,Gompertz,ascend,2050,Perth,0,0.0,0.0,0.0,0.0,0.0,0.0,0,0,0
Australia,growth10,Gompertz,ascend,2100,Adavale,1,0.2002,0.2002,1.0,0.014217,0.0011,0.0034,1,1,150
Australia,growth10,Gompertz,ascend,2100,Bowen-Surat,27,0.619,0.619,1.0,0.043946,0.0034,0.0104,1,2,150
Australia,growth10,Gompertz,ascend,2100,Canning,31,55.2663,55.2663,1.0,2.538677,0.3052,0.601,42,3,130
Australia,growth10,Gompertz,ascend,2100,Gippsland,63,124.9823,177.3312,0.7048,1.627126,0.6903,0.3852,100,4,90
Australia,growth10,Gompertz,ascend,2100,Bass,0,0.0,0.0,0.0,0.0,0.0,0.0,0,0,0
Australia,growth10,Gompertz,ascend,2100,Perth,0,0.0,0.0,0.0,0.0,0.0,0.0,0,0,0
Australia,growth10,Gompertz,ascend,2179,Adavale,1,0.2002,0.2002,1.0,0.030037,0.0002,0.0006,1,1,150
Australia,growth10,Gompertz,ascend,2179,Bowen-Surat,27,0.619,0.619,1.0,0.092844,0.0006,0.0019,1,2,150
Australia,growth10,Gompertz,ascend,2179,Canning,31,55.2663,55.2663,1.0,6.904717,0.0543,0.1422,42,3,130
Australia,growth10,Gompertz,ascend,2179,Gippsland,63,177.3312,177.3312,1.0,15.452989,0.1742,0.3183,100,4,90
Australia,growth10,Gompertz,ascend,2179,Bass,17,308.6529,308.6529,1.0,16.746163,0.3031,0.345,306,5,60
Australia,growth10,Gompertz,ascend,2179,Perth,139,476.1847,608.6353,0.7824,9.316596,0.4676,0.1919,240,6,30
Australia,growth10,Logistic,ascend,2050,Adavale,1,0.2002,0.2002,1.0,0.004205,0.0108,0.0201,1,1,150
Australia,growth10,Logistic,ascend,2050,Bowen-Surat,27,0.619,0.619,1.0,0.012998,0.0333,0.0622,1,2,150
Australia,growth10,Logistic,ascend,2050,Canning,31,17.7412,55.2663,0.321,0.19172,0.9559,0.9177,42,3,130
Australia,growth10,Logistic,ascend,2050,Gippsland,0,0.0,0.0,0.0,0.0,0.0,0.0,0,0,0
Australia,growth10,Logistic,ascend,2050,Bass,0,0.0,0.0,0.0,0.0,0.0,0.0,0,0,0
Australia,growth10,Logistic,ascend,2050,Perth,0,0.0,0.0,0.0,0.0,0.0,0.0,0,0,0
Australia,growth10,Logistic,ascend,2050,Bonaparte,0,0.0,0.0,0.0,0.0,0.0,0.0,0,0,0
Australia,growth10,Logistic,ascend,2050,North Carnarvon,0,0.0,0.0,0.0,0.0,0.0,0.0,0,0,0
Australia,growth10,Logistic,ascend,2050,Browse,0,0.0,0.0,0.0,0.0,0.0,0.0,0,0,0
Australia,growth10,Logistic,ascend,2100,Adavale,1,0.2002,0.2002,1.0,0.014217,0.0003,0.0015,1,1,150
Australia,growth10,Logistic,ascend,2100,Bowen-Surat,27,0.619,0.619,1.0,0.043946,0.001,0.0047,1,2,150
Australia,growth10,Logistic,ascend,2100,Canning,31,55.2663,55.2663,1.0,2.630991,0.0859,0.2794,42,3,130
Australia,growth10,Logistic,ascend,2100,Gippsland,63,152.1866,152.1866,1.0,3.633182,0.2365,0.3859,100,4,110
Australia,growth10,Logistic,ascend,2100,Bass,17,203.1411,203.1411,1.0,2.27968,0.3157,0.2421,196,5,90
Australia,growth10,Logistic,ascend,2100,Perth,139,199.6383,199.6383,1.0,0.78108,0.3102,0.083,169,6,90
Australia,growth10,Logistic,ascend,2100,Bonaparte,25,32.4278,544.804,0.0595,0.032428,0.0504,0.0034,462,7,80
Australia,growth10,Logistic,ascend,2100,North Carnarvon,0,0.0,0.0,0.0,0.0,0.0,0.0,0,0,0
Australia,growth10,Logistic,ascend,2100,Browse,0,0.0,0.0,0.0,0.0,0.0,0.0,0,0,0
Australia,growth10,Logistic,ascend,2179,Adavale,1,0.2002,0.2002,1.0,0.030037,0.0,0.0001,1,1,150
Australia,growth10,Logistic,ascend,2179,Bowen-Surat,27,0.619,0.619,1.0,0.092844,0.0001,0.0002,1,2,150
Australia,growth10,Logistic,ascend,2179,Canning,31,55.2663,55.2663,1.0,6.997032,0.0115,0.0166,42,3,130
Australia,growth10,Logistic,ascend,2179,Gippsland,63,152.1866,152.1866,1.0,15.655922,0.0318,0.0372,100,4,110
Australia,growth10,Logistic,ascend,2179,Bass,17,203.1411,203.1411,1.0,18.327827,0.0424,0.0436,196,5,90
Australia,growth10,Logistic,ascend,2179,Perth,139,199.6383,199.6383,1.0,16.552504,0.0417,0.0393,169,6,90
Australia,growth10,Logistic,ascend,2179,Bonaparte,25,544.804,544.804,1.0,40.914257,0.1137,0.0972,462,7,80
Australia,growth10,Logistic,ascend,2179,North Carnarvon,113,1128.8119,1128.8119,1.0,73.488599,0.2355,0.1746,1024,8,70
Australia,growth10,Logistic,ascend,2179,Browse,28,2508.1184,6215.4486,0.4035,248.784789,0.5233,0.5912,1521,9,40
Brazil,growth10,Gompertz,ascend,2050,Tucano,189,0.477,0.477,1.0,0.010017,0.0047,0.0081,1,1,150
Brazil,growth10,Gompertz,ascend,2050,Reconcavo,148,9.9168,9.9168,1.0,0.208252,0.0987,0.1682,9,2,150
Brazil,growth10,Gompertz,ascend,2050,Sergipe-Alagoas,165,20.3301,20.3301,1.0,0.423978,0.2023,0.3424,20,3,150
Brazil,growth10,Gompertz,ascend,2050,Espirito Santo,53,69.7923,76.1594,0.9164,0.59605,0.6943,0.4813,64,4,140
Brazil,growth10,Gompertz,ascend,2050,Potiguar,0,0.0,0.0,0.0,0.0,0.0,0.0,0,0,0
Brazil,growth10,Gompertz,ascend,2050,Solimoes,0,0.0,0.0,0.0,0.0,0.0,0.0,0,0,0
Brazil,growth10,Gompertz,ascend,2050,Campos,0,0.0,0.0,0.0,0.0,0.0,0.0,0,0,0
Brazil,growth10,Gompertz,ascend,2100,Tucano,189,0.477,0.477,1.0,0.033867,0.0007,0.0019,1,1,150
Brazil,growth10,Gompertz,ascend,2100,Reconcavo,148,9.9168,9.9168,1.0,0.70409,0.0155,0.0392,9,2,150
Brazil,growth10,Gompertz,ascend,2100,Sergipe-Alagoas,165,20.3301,20.3301,1.0,1.440482,0.0318,0.0801,20,3,150
Brazil,growth10,Gompertz,ascend,2100,Espirito Santo,53,76.1594,76.1594,1.0,4.403222,0.1191,0.245,64,4,140
Brazil,growth10,Gompertz,ascend,2100,Potiguar,143,90.8283,90.8283,1.0,3.86635,0.142,0.2151,49,5,130
Brazil,growth10,Gompertz,ascend,2100,Solimoes,169,232.1194,232.1194,1.0,5.881254,0.3629,0.3272,225,6,110
Brazil,growth10,Gompertz,ascend,2100,Campos,30,209.7863,992.6212,0.2113,1.645085,0.328,0.0915,420,7,90
Brazil,growth10,Gompertz,ascend,2179,Tucano,189,0.477,0.477,1.0,0.07155,0.0003,0.0007,1,1,150
Brazil,growth10,Gompertz,ascend,2179,Reconcavo,148,9.9168,9.9168,1.0,1.487514,0.0071,0.0139,9,2,150
Brazil,growth10,Gompertz,ascend,2179,Sergipe-Alagoas,165,20.3301,20.3301,1.0,3.046557,0.0146,0.0285,20,3,150
Brazil,growth10,Gompertz,ascend,2179,Espirito Santo,53,76.1594,76.1594,1.0,10.419813,0.0546,0.0976,64,4,140
Brazil,growth10,Gompertz,ascend,2179,Potiguar,143,90.8283,90.8283,1.0,11.041784,0.0651,0.1034,49,5,130
Brazil,growth10,Gompertz,ascend,2179,Solimoes,169,232.1194,232.1194,1.0,24.218685,0.1664,0.2268,225,6,110
Brazil,growth10,Gompertz,ascend,2179,Campos,30,964.8821,992.6212,0.9721,56.484149,0.6918,0.529,420,7,90
Brazil,growth10,Logistic,ascend,2050,Tucano,189,0.477,0.477,1.0,0.010017,0.0047,0.0089,1,1,150
Brazil,growth10,Logistic,ascend,2050,Reconcavo,148,9.9168,9.9168,1.0,0.208252,0.0987,0.1848,9,2,150
Brazil,growth10,Logistic,ascend,2050,Sergipe-Alagoas,165,20.3301,20.3301,1.0,0.410025,0.2023,0.3639,20,3,150
Brazil,growth10,Logistic,ascend,2050,Espirito Santo,53,69.7923,76.1594,0.9164,0.498311,0.6943,0.4423,64,4,140
Brazil,growth10,Logistic,ascend,2050,Potiguar,0,0.0,0.0,0.0,0.0,0.0,0.0,0,0,0
Brazil,growth10,Logistic,ascend,2050,Solimoes,0,0.0,0.0,0.0,0.0,0.0,0.0,0,0,0
Brazil,growth10,Logistic,ascend,2050,Campos,0,0.0,0.0,0.0,0.0,0.0,0.0,0,0,0
Brazil,growth10,Logistic,ascend,2050,Barreirinhas-Para-Maranhao,0,0.0,0.0,0.0,0.0,0.0,0.0,0,0,0
Brazil,growth10,Logistic,ascend,2100,Tucano,189,0.477,0.477,1.0,0.033867,0.0002,0.0007,1,1,150
Brazil,growth10,Logistic,ascend,2100,Reconcavo,148,9.9168,9.9168,1.0,0.70409,0.0036,0.0153,9,2,150
Brazil,growth10,Logistic,ascend,2100,Sergipe-Alagoas,165,20.3301,20.3301,1.0,1.426528,0.0073,0.0311,20,3,150
Brazil,growth10,Logistic,ascend,2100,Espirito Santo,53,76.1594,76.1594,1.0,4.30628,0.0275,0.0938,64,4,140
Brazil,growth10,Logistic,ascend,2100,Potiguar,143,90.8283,90.8283,1.0,4.079372,0.0328,0.0888,49,5,130
Brazil,growth10,Logistic,ascend,2100,Solimoes,169,201.7524,201.7524,1.0,7.165927,0.0728,0.156,182,6,120
Brazil,growth10,Logistic,ascend,2100,Campos,30,992.6212,992.6212,1.0,19.927118,0.3583,0.4338,841,7,90
Brazil,growth10,Logistic,ascend,2100,Barreirinhas-Para-Maranhao,16,1377.9046,4300.733,0.3204,8.289016,0.4974,0.1805,625,8,40
Brazil,growth10,Logistic,ascend,2179,Tucano,189,0.477,0.477,1.0,0.07155,0.0012,0.0002,1,1,150
Brazil,growth10,Logistic,ascend,2179,Reconcavo,148,9.9168,9.9168,1.0,1.487514,0.0257,0.0051,9,2,150
Brazil,growth10,Logistic,ascend,2179,Sergipe-Alagoas,165,20.3301,20.3301,1.0,3.032603,0.0527,0.0103,20,3,150
Brazil,growth10,Logistic,ascend,2179,Espirito Santo,53,76.1594,76.1594,1.0,10.322871,0.1976,0.0351,64,4,140
Brazil,growth10,Logistic,ascend,2179,Potiguar,143,90.8283,90.8283,1.0,11.254806,0.2356,0.0382,49,5,130
Brazil,growth10,Logistic,ascend,2179,Solimoes,169,187.7304,201.7524,0.9305,23.090342,0.4871,0.0784,182,6,120
Brazil,growth10,Logistic,ascend,2179,Campos,0,0.0,0.0,0.0,86.385957,0.0,0.2934,0,0,0
Brazil,growth10,Logistic,ascend,2179,Barreirinhas-Para-Maranhao,0,0.0,0.0,0.0,158.824671,0.0,0.5394,0,0,0
Canada,growth10,Gompertz,ascend,2050,Beaufort-Mackenzie,18,0.3771,0.3771,1.0,0.007919,0.0114,0.0197,1,1,150
Canada,growth10,Gompertz,ascend,2050,Scotian,163,32.8401,473.3372,0.0694,0.394242,0.9886,0.9803,462,2,90
Canada,growth10,Gompertz,ascend,2050,Grand Banks,0,0.0,0.0,0.0,0.0,0.0,0.0,0,0,0
Canada,growth10,Gompertz,ascend,2100,Beaufort-Mackenzie,18,0.3771,0.3771,1.0,0.026773,0.0013,0.0038,1,1,150
Canada,growth10,Gompertz,ascend,2100,Scotian,163,286.7147,473.3372,0.6057,7.028683,0.9987,0.9962,462,2,90
Canada,growth10,Gompertz,ascend,2100,Grand Banks,0,0.0,0.0,0.0,0.0,0.0,0.0,0,0,0
Canada,growth10,Gompertz,ascend,2179,Beaufort-Mackenzie,18,0.3771,0.3771,1.0,0.056563,0.0003,0.0009,1,1,150
Canada,growth10,Gompertz,ascend,2179,Scotian,163,473.3372,473.3372,1.0,42.729992,0.3946,0.6515,462,2,90
Canada,growth10,Gompertz,ascend,2179,Grand Banks,64,725.9658,753.9538,0.9629,22.797411,0.6051,0.3476,484,3,70
Canada,growth10,Logistic,ascend,2050,Beaufort-Mackenzie,18,0.3771,0.3771,1.0,0.007919,0.0114,0.0212,1,1,150
Canada,growth10,Logistic,ascend,2050,Scotian,163,32.8401,371.0568,0.0885,0.364791,0.9886,0.9788,342,2,110
Canada,growth10,Logistic,ascend,2050,Grand Banks,0,0.0,0.0,0.0,0.0,0.0,0.0,0,0,0
Canada,growth10,Logistic,ascend,2100,Beaufort-Mackenzie,18,0.3771,0.3771,1.0,0.026773,0.0004,0.0016,1,1,150
Canada,growth10,Logistic,ascend,2100,Scotian,163,371.0568,371.0568,1.0,11.287218,0.3887,0.6854,342,2,110
Canada,growth10,Logistic,ascend,2100,Grand Banks,64,583.1403,583.1403,1.0,5.154341,0.6109,0.313,484,3,90
Canada,growth10,Logistic,ascend,2179,Beaufort-Mackenzie,18,0.3771,0.3771,1.0,0.056563,0.0004,0.0006,1,1,150
Canada,growth10,Logistic,ascend,2179,Scotian,163,371.0568,371.0568,1.0,40.600704,0.3887,0.4419,342,2,110
Canada,growth10,Logistic,ascend,2179,Grand Banks,64,583.1403,583.1403,1.0,51.222427,0.6109,0.5575,484,3,90
China,growth10,Gompertz,ascend,2050,Hailar-Temtsag,69,0.0402,0.0402,1.0,0.000845,0.0019,0.0033,1,1,150
China,growth10,Gompertz,ascend,2050,Sichuan,166,0.1036,0.1036,1.0,0.002175,0.0048,0.0084,1,2,150
China,growth10,Gompertz,ascend,2050,Santanghu,158,0.1058,0.1058,1.0,0.002223,0.0049,0.0086,1,3,150
China,growth10,Gompertz,ascend,2050,Junggar,78,0.3654,0.3654,1.0,0.007673,0.017,0.0297,1,4,150
China,growth10,Gompertz,ascend,2050,Jiuquan,77,0.4616,0.4616,1.0,0.009693,0.0215,0.0376,1,5,150
China,growth10,Gompertz,ascend,2050,Sanshui,157,0.5507,0.5507,1.0,0.011565,0.0257,0.0448,1,6,150
China,growth10,Gompertz,ascend,2050,Bose,26,0.6099,0.6099,1.0,0.012809,0.0285,0.0496,1,7,150
China,growth10,Gompertz,ascend,2050,Qaidam,146,0.6127,0.6127,1.0,0.012866,0.0286,0.0499,1,8,150
China,growth10,Gompertz,ascend,2050,Jianghan,76,0.6968,0.6968,1.0,0.014634,0.0325,0.0567,1,9,150
China,growth10,Gompertz,ascend,2050,Yilan-Yitong,201,17.8901,22.0747,0.8104,0.183509,0.8345,0.7113,20,10,140
China,growth10,Gompertz,ascend,2050,Turpan,0,0.0,0.0,0.0,0.0,0.0,0.0,0,0,0
China,growth10,Gompertz,ascend,2050,Songliao,0,0.0,0.0,0.0,0.0,0.0,0.0,0,0,0
China,growth10,Gompertz,ascend,2050,Nanxiang,0,0.0,0.0,0.0,0.0,0.0,0.0,0,0,0
China,growth10,Gompertz,ascend,2050,Erlian,0,0.0,0.0,0.0,0.0,0.0,0.0,0,0,0
China,growth10,Gompertz,ascend,2050,Subei,0,0.0,0.0,0.0,0.0,0.0,0.0,0,0,0
China,growth10,Gompertz,ascend,2050,Ordos,0,0.0,0.0,0.0,0.0,0.0,0.0,0,0,0
China,growth10,Gompertz,ascend,2100,Hailar-Temtsag,69,0.0402,0.0402,1.0,0.002856,0.0002,0.0006,1,1,150
China,growth10,Gompertz,ascend,2100,Sichuan,166,0.1036,0.1036,1.0,0.007355,0.0005,0.0015,1,2,150
China,growth10,Gompertz,ascend,2100,Santanghu,158,0.1058,0.1058,1.0,0.007515,0.0005,0.0016,1,3,150
China,growth10,Gompertz,ascend,2100,Junggar,78,0.3654,0.3654,1.0,0.02594,0.0018,0.0054,1,4,150
China,growth10,Gompertz,ascend,2100,Jiuquan,77,0.4616,0.4616,1.0,0.03277,0.0023,0.0069,1,5,150
China,growth10,Gompertz,ascend,2100,Sanshui,157,0.5507,0.5507,1.0,0.039101,0.0027,0.0082,1,6,150
China,growth10,Gompertz,ascend,2100,Bose,26,0.6099,0.6099,1.0,0.043305,0.003,0.0091,1,7,150
China,growth10,Gompertz,ascend,2100,Qaidam,146,0.6127,0.6127,1.0,0.043499,0.0031,0.0091,1,8,150
China,growth10,Gompertz,ascend,2100,Jianghan,76,0.6968,0.6968,1.0,0.049476,0.0035,0.0104,1,9,150
China,growth10,Gompertz,ascend,2100,Yilan-Yitong,201,22.0747,22.0747,1.0,1.28267,0.11,0.2688,20,10,140
China,growth10,Gompertz,ascend,2100,Turpan,192,32.8193,32.8193,1.0,1.267909,0.1635,0.2657,30,11,120
China,growth10,Gompertz,ascend,2100,Songliao,170,64.276,64.276,1.0,1.422464,0.3202,0.298,64,12,110
China,growth10,Gompertz,ascend,2100,Nanxiang,107,78.0122,91.1111,0.8562,0.547733,0.3886,0.1148,81,13,90
China,growth10,Gompertz,ascend,2100,Erlian,0,0.0,0.0,0.0,0.0,0.0,0.0,0,0,0
China,growth10,Gompertz,ascend,2100,Subei,0,0.0,0.0,0.0,0.0,0.0,0.0,0,0,0
China,growth10,Gompertz,ascend,2100,Ordos,0,0.0,0.0,0.0,0.0,0.0,0.0,0,0,0
China,growth10,Gompertz,ascend,2179,Hailar-Temtsag,69,0.0402,0.0402,1.0,0.006034,0.0,0.0001,1,1,150
China,growth10,Gompertz,ascend,2179,Sichuan,166,0.1036,0.1036,1.0,0.015539,0.0001,0.0003,1,2,150
China,growth10,Gompertz,ascend,2179,Santanghu,158,0.1058,0.1058,1.0,0.015877,0.0001,0.0003,1,3,150
China,growth10,Gompertz,ascend,2179,Junggar,78,0.3654,0.3654,1.0,0.054804,0.0004,0.0011,1,4,150
China,growth10,Gompertz,ascend,2179,Jiuquan,77,0.4616,0.4616,1.0,0.069233,0.0005,0.0014,1,5,150
China,growth10,Gompertz,ascend,2179,Sanshui,157,0.5507,0.5507,1.0,0.082608,0.0006,0.0016,1,6,150
China,growth10,Gompertz,ascend,2179,Bose,26,0.6099,0.6099,1.0,0.091489,0.0006,0.0018,1,7,150
China,growth10,Gompertz,ascend,2179,Qaidam,146,0.6127,0.6127,1.0,0.091899,0.0006,0.0018,1,8,150
China,growth10,Gompertz,ascend,2179,Jianghan,76,0.6968,0.6968,1.0,0.104526,0.0007,0.0021,1,9,150
China,growth10,Gompertz,ascend,2179,Yilan-Yitong,201,22.0747,22.0747,1.0,3.02657,0.0223,0.0603,20,10,140
China,growth10,Gompertz,ascend,2179,Turpan,192,32.8193,32.8193,1.0,3.860633,0.0331,0.077,30,11,120
China,growth10,Gompertz,ascend,2179,Songliao,170,64.276,64.276,1.0,6.500266,0.0648,0.1296,64,12,110
China,growth10,Gompertz,ascend,2179,Nanxiang,107,91.1111,91.1111,1.0,7.73907,0.0918,0.1543,81,13,90
China,growth10,Gompertz,ascend,2179,Erlian,52,133.5247,133.5247,1.0,9.182661,0.1346,0.183,121,14,70
China,growth10,Gompertz,ascend,2179,Subei,177,250.6566,250.6566,1.0,12.034484,0.2527,0.2399,225,15,50
China,growth10,Gompertz,ascend,2179,Ordos,127,394.0451,433.3859,0.9092,7.29076,0.3972,0.1453,289,16,30
China,growth10,Logistic,ascend,2050,Hailar-Temtsag,69,0.0402,0.0402,1.0,0.000845,0.0019,0.0035,1,1,150
China,growth10,Logistic,ascend,2050,Sichuan,166,0.1036,0.1036,1.0,0.002175,0.0048,0.0091,1,2,150
China,growth10,Logistic,ascend,2050,Santanghu,158,0.1058,0.1058,1.0,0.002223,0.0049,0.0093,1,3,150
China,growth10,Logistic,ascend,2050,Junggar,78,0.3654,0.3654,1.0,0.007673,0.017,0.032,1,4,150
China,growth10,Logistic,ascend,2050,Jiuquan,77,0.4616,0.4616,1.0,0.009693,0.0215,0.0404,1,5,150
China,growth10,Logistic,ascend,2050,Sanshui,157,0.5507,0.5507,1.0,0.011565,0.0257,0.0482,1,6,150
China,growth10,Logistic,ascend,2050,Bose,26,0.6099,0.6099,1.0,0.012809,0.0285,0.0533,1,7,150
China,growth10,Logistic,ascend,2050,Qaidam,146,0.6127,0.6127,1.0,0.012866,0.0286,0.0536,1,8,150
China,growth10,Logistic,ascend,2050,Jianghan,76,0.6968,0.6968,1.0,0.014634,0.0325,0.0609,1,9,150
China,growth10,Logistic,ascend,2050,Yilan-Yitong,201,17.8901,22.0747,0.8104,0.165623,0.8345,0.6898,20,10,140
China,growth10,Logistic,ascend,2050,Turpan,0,0.0,0.0,0.0,0.0,0.0,0.0,0,0,0
China,growth10,Logistic,ascend,2050,Songliao,0,0.0,0.0,0.0,0.0,0.0,0.0,0,0,0
China,growth10,Logistic,ascend,2050,Nanxiang,0,0.0,0.0,0.0,0.0,0.0,0.0,0,0,0
China,growth10,Logistic,ascend,2050,Erlian,0,0.0,0.0,0.0,0.0,0.0,0.0,0,0,0
China,growth10,Logistic,ascend,2050,Subei,0,0.0,0.0,0.0,0.0,0.0,0.0,0,0,0
China,growth10,Logistic,ascend,2050,Ordos,0,0.0,0.0,0.0,0.0,0.0,0.0,0,0,0
China,growth10,Logistic,ascend,2050,Beibuwan,0,0.0,0.0,0.0,0.0,0.0,0.0,0,0,0
China,growth10,Logistic,ascend,2050,Bohai Bay,0,0.0,0.0,0.0,0.0,0.0,0.0,0,0,0
China,growth10,Logistic,ascend,2050,Pearl River Mouth,0,0.0,0.0,0.0,0.0,0.0,0.0,0,0,0
China,growth10,Logistic,ascend,2050,Huabei,0,0.0,0.0,0.0,0.0,0.0,0.0,0,0,0
China,growth10,Logistic,ascend,2050,Tarim,0,0.0,0.0,0.0,0.0,0.0,0.0,0,0,0
China,growth10,Logistic,ascend,2100,Hailar-Temtsag,69,0.0402,0.0402,1.0,0.002856,0.0001,0.0003,1,1,150
China,growth10,Logistic,ascend,2100,Sichuan,166,0.1036,0.1036,1.0,0.007355,0.0001,0.0007,1,2,150
China,growth10,Logistic,ascend,2100,Santanghu,158,0.1058,0.1058,1.0,0.007515,0.0001,0.0007,1,3,150
China,growth10,Logistic,ascend,2100,Junggar,78,0.3654,0.3654,1.0,0.02594,0.0005,0.0023,1,4,150
China,growth10,Logistic,ascend,2100,Jiuquan,77,0.4616,0.4616,1.0,0.03277,0.0006,0.003,1,5,150
China,growth10,Logistic,ascend,2100,Sanshui,157,0.5507,0.5507,1.0,0.039101,0.0007,0.0035,1,6,150
China,growth10,Logistic,ascend,2100,Bose,26,0.6099,0.6099,1.0,0.043305,0.0008,0.0039,1,7,150
China,growth10,Logistic,ascend,2100,Qaidam,146,0.6127,0.6127,1.0,0.043499,0.0008,0.0039,1,8,150
China,growth10,Logistic,ascend,2100,Jianghan,76,0.6968,0.6968,1.0,0.049476,0.0009,0.0045,1,9,150
China,growth10,Logistic,ascend,2100,Yilan-Yitong,201,22.0747,22.0747,1.0,1.265923,0.0292,0.1145,20,10,140
China,growth10,Logistic,ascend,2100,Turpan,192,31.3394,31.3394,1.0,1.308773,0.0414,0.1183,30,11,130
China,growth10,Logistic,ascend,2100,Songliao,170,64.276,64.276,1.0,1.996364,0.085,0.1805,64,12,110
China,growth10,Logistic,ascend,2100,Nanxiang,107,82.2214,82.2214,1.0,1.85087,0.1087,0.1673,81,13,110
China,growth10,Logistic,ascend,2100,Erlian,52,98.0035,98.0035,1.0,1.594591,0.1296,0.1442,90,14,100
China,growth10,Logistic,ascend,2100,Subei,177,137.1023,137.1023,1.0,1.488847,0.1813,0.1346,110,15,90
China,growth10,Logistic,ascend,2100,Ordos,127,144.4944,144.4944,1.0,0.898466,0.191,0.0812,132,16,90
China,growth10,Logistic,ascend,2100,Beibuwan,19,161.4438,161.4438,1.0,0.393033,0.2134,0.0355,100,17,90
China,growth10,Logistic,ascend,2100,Bohai Bay,24,11.8953,251.3689,0.0473,0.011895,0.0157,0.0011,210,18,80
China,growth10,Logistic,ascend,2100,Pearl River Mouth,0,0.0,0.0,0.0,0.0,0.0,0.0,0,0,0
China,growth10,Logistic,ascend,2100,Huabei,0,0.0,0.0,0.0,0.0,0.0,0.0,0,0,0
China,growth10,Logistic,ascend,2100,Tarim,0,0.0,0.0,0.0,0.0,0.0,0.0,0,0,0
China,growth10,Logistic,ascend,2179,Hailar-Temtsag,69,0.0402,0.0402,1.0,0.006034,0.0,0.0,1,1,150
China,growth10,Logistic,ascend,2179,Sichuan,166,0.1036,0.1036,1.0,0.015539,0.0,0.0001,1,2,150
China,growth10,Logistic,ascend,2179,Santanghu,158,0.1058,0.1058,1.0,0.015877,0.0,0.0001,1,3,150
China,growth10,Logistic,ascend,2179,Junggar,78,0.3654,0.3654,1.0,0.054804,0.0002,0.0003,1,4,150
China,growth10,Logistic,ascend,2179,Jiuquan,77,0.4616,0.4616,1.0,0.069233,0.0002,0.0004,1,5,150
China,growth10,Logistic,ascend,2179,Sanshui,157,0.5507,0.5507,1.0,0.082608,0.0002,0.0005,1,6,150
China,growth10,Logistic,ascend,2179,Bose,26,0.6099,0.6099,1.0,0.091489,0.0003,0.0005,1,7,150
China,growth10,Logistic,ascend,2179,Qaidam,146,0.6127,0.6127,1.0,0.091899,0.0003,0.0005,1,8,150
China,growth10,Logistic,ascend,2179,Jianghan,76,0.6968,0.6968,1.0,0.104526,0.0003,0.0006,1,9,150
China,growth10,Logistic,ascend,2179,Yilan-Yitong,201,22.0747,22.0747,1.0,3.009823,0.0098,0.0172,20,10,140
China,growth10,Logistic,ascend,2179,Turpan,192,31.3394,31.3394,1.0,3.78459,0.0139,0.0216,30,11,130
China,growth10,Logistic,ascend,2179,Songliao,170,64.276,64.276,1.0,7.074166,0.0286,0.0404,64,12,110
China,growth10,Logistic,ascend,2179,Nanxiang,107,82.2214,82.2214,1.0,8.346358,0.0366,0.0477,81,13,110
China,growth10,Logistic,ascend,2179,Erlian,52,98.0035,98.0035,1.0,9.336869,0.0436,0.0534,90,14,100
China,growth10,Logistic,ascend,2179,Subei,177,137.1023,137.1023,1.0,12.31993,0.061,0.0704,110,15,90
China,growth10,Logistic,ascend,2179,Ordos,127,144.4944,144.4944,1.0,12.313526,0.0642,0.0704,132,16,90
China,growth10,Logistic,ascend,2179,Beibuwan,19,161.4438,161.4438,1.0,13.147094,0.0718,0.0751,100,17,90
China,growth10,Logistic,ascend,2179,Bohai Bay,24,251.3689,251.3689,1.0,19.483301,0.1118,0.1113,210,18,80
China,growth10,Logistic,ascend,2179,Pearl River Mouth,136,351.5492,351.5492,1.0,25.678176,0.1563,0.1467,272,19,80
China,growth10,Logistic,ascend,2179,Huabei,70,408.5739,408.5739,1.0,28.089027,0.1817,0.1605,324,20,70
China,growth10,Logistic,ascend,2179,Tarim,183,493.0823,493.0823,1.0,31.895688,0.2192,0.1823,420,21,70
EU,growth10,Gompertz,ascend,2050,Baltic,14,0.287,0.287,1.0,0.006027,0.0023,0.0038,1,1,150
EU,growth10,Gompertz,ascend,2050,Polish,142,0.4338,0.4338,1.0,0.009111,0.0035,0.0057,1,2,150
EU,growth10,Gompertz,ascend,2050,Sava,161,0.499,0.499,1.0,0.010479,0.004,0.0066,1,3,150
EU,growth10,Gompertz,ascend,2050,Transylvanian,187,0.5399,0.5399,1.0,0.011339,0.0043,0.0071,1,4,150
EU,growth10,Gompertz,ascend,2050,Drava,48,0.6358,0.6358,1.0,0.013351,0.0051,0.0084,1,5,150
EU,growth10,Gompertz,ascend,2050,North Carpathian,114,0.7276,0.7276,1.0,0.015279,0.0058,0.0096,1,6,150
EU,growth10,Gompertz,ascend,2050,Crimea-Karkinit,41,0.7257,0.7257,1.0,0.015239,0.0058,0.0095,1,7,150
EU,growth10,Gompertz,ascend,2050,Paris,134,0.8687,0.8687,1.0,0.018243,0.0069,0.0114,1,8,150
EU,growth10,Gompertz,ascend,2050,Zala,203,2.1849,2.1849,1.0,0.045883,0.0174,0.0287,2,9,150
EU,growth10,Gompertz,ascend,2050,Vienna,194,14.7895,14.7895,1.0,0.31058,0.1178,0.1943,4,10,150
EU,growth10,Gompertz,ascend,2050,Dnieper-Donets,45,22.1816,22.1816,1.0,0.454784,0.1767,0.2846,20,11,150
EU,growth10,Gompertz,ascend,2050,Pannonian,131,31.9848,31.9848,1.0,0.441401,0.2548,0.2762,30,12,150
EU,growth10,Gompertz,ascend,2050,Norwegian,125,40.5329,40.5329,1.0,0.234106,0.3229,0.1465,36,13,140
EU,growth10,Gompertz,ascend,2050,Moesian,100,9.121,52.7105,0.173,0.012244,0.0727,0.0077,49,14,130
EU,growth10,Gompertz,ascend,2050,Po,0,0.0,0.0,0.0,0.0,0.0,0.0,0,0,0
EU,growth10,Gompertz,ascend,2050,North Adriatic,0,0.0,0.0,0.0,0.0,0.0,0.0,0,0,0
EU,growth10,Gompertz,ascend,2050,Caltanissetta,0,0.0,0.0,0.0,0.0,0.0,0.0,0,0,0
EU,growth10,Gompertz,ascend,2050,Lublin,0,0.0,0.0,0.0,0.0,0.0,0.0,0,0,0
EU,growth10,Gompertz,ascend,2100,Baltic,14,0.287,0.287,1.0,0.020376,0.0006,0.0012,1,1,150
EU,growth10,Gompertz,ascend,2100,Polish,142,0.4338,0.4338,1.0,0.030803,0.0009,0.0018,1,2,150
EU,growth10,Gompertz,ascend,2100,Sava,161,0.499,0.499,1.0,0.035428,0.001,0.002,1,3,150
EU,growth10,Gompertz,ascend,2100,Transylvanian,187,0.5399,0.5399,1.0,0.038335,0.0011,0.0022,1,4,150
EU,growth10,Gompertz,ascend,2100,Drava,48,0.6358,0.6358,1.0,0.045139,0.0013,0.0026,1,5,150
EU,growth10,Gompertz,ascend,2100,North Carpathian,114,0.7276,0.7276,1.0,0.051657,0.0015,0.003,1,6,150
EU,growth10,Gompertz,ascend,2100,Crimea-Karkinit,41,0.7257,0.7257,1.0,0.051522,0.0015,0.003,1,7,150
EU,growth10,Gompertz,ascend,2100,Paris,134,0.8687,0.8687,1.0,0.06168,0.0018,0.0036,1,8,150
EU,growth10,Gompertz,ascend,2100,Zala,203,2.1849,2.1849,1.0,0.155128,0.0044,0.0089,2,9,150
EU,growth10,Gompertz,ascend,2100,Vienna,194,14.7895,14.7895,1.0,1.050056,0.03,0.0605,4,10,150
EU,growth10,Gompertz,ascend,2100,Dnieper-Donets,45,22.1816,22.1816,1.0,1.563866,0.045,0.0901,20,11,150
EU,growth10,Gompertz,ascend,2100,Pannonian,131,31.9848,31.9848,1.0,2.040642,0.0649,0.1176,30,12,150
EU,growth10,Gompertz,ascend,2100,Norwegian,125,40.5329,40.5329,1.0,2.260752,0.0822,0.1303,36,13,140
EU,growth10,Gompertz,ascend,2100,Moesian,100,52.7105,52.7105,1.0,2.520711,0.1069,0.1453,49,14,130
EU,growth10,Gompertz,ascend,2100,Po,141,61.1112,61.1112,1.0,2.426485,0.1239,0.1399,49,15,120
EU,growth10,Gompertz,ascend,2100,North Adriatic,112,71.6274,71.6274,1.0,2.235637,0.1453,0.1289,49,16,110
EU,growth10,Gompertz,ascend,2100,Caltanissetta,29,115.2389,115.2389,1.0,2.260122,0.2337,0.1303,110,17,100
EU,growth10,Gompertz,ascend,2100,Lublin,91,76.0379,175.8436,0.4324,0.50082,0.1542,0.0289,169,18,100
EU,growth10,Gompertz,ascend,2179,Baltic,14,0.287,0.287,1.0,0.043047,0.0006,0.0007,1,1,150
EU,growth10,Gompertz,ascend,2179,Polish,142,0.4338,0.4338,1.0,0.065076,0.001,0.0011,1,2,150
EU,growth10,Gompertz,ascend,2179,Sava,161,0.499,0.499,1.0,0.074848,0.0011,0.0012,1,3,150
EU,growth10,Gompertz,ascend,2179,Transylvanian,187,0.5399,0.5399,1.0,0.08099,0.0012,0.0014,1,4,150
EU,growth10,Gompertz,ascend,2179,Drava,48,0.6358,0.6358,1.0,0.095364,0.0014,0.0016,1,5,150
EU,growth10,Gompertz,ascend,2179,North Carpathian,114,0.7276,0.7276,1.0,0.109135,0.0016,0.0018,1,6,150
EU,growth10,Gompertz,ascend,2179,Crimea-Karkinit,41,0.7257,0.7257,1.0,0.10885,0.0016,0.0018,1,7,150
EU,growth10,Gompertz,ascend,2179,Paris,134,0.8687,0.8687,1.0,0.130309,0.0019,0.0022,1,8,150
EU,growth10,Gompertz,ascend,2179,Zala,203,2.1849,2.1849,1.0,0.327735,0.0048,0.0055,2,9,150
EU,growth10,Gompertz,ascend,2179,Vienna,194,14.7895,14.7895,1.0,2.218429,0.0328,0.037,4,10,150
EU,growth10,Gompertz,ascend,2179,Dnieper-Donets,45,22.1816,22.1816,1.0,3.316215,0.0492,0.0553,20,11,150
EU,growth10,Gompertz,ascend,2179,Pannonian,131,31.9848,31.9848,1.0,4.567442,0.071,0.0762,30,12,150
EU,growth10,Gompertz,ascend,2179,Norwegian,125,40.5329,40.5329,1.0,5.462853,0.0899,0.0911,36,13,140
EU,growth10,Gompertz,ascend,2179,Moesian,100,52.7105,52.7105,1.0,6.68484,0.117,0.1115,49,14,130
EU,growth10,Gompertz,ascend,2179,Po,141,61.1112,61.1112,1.0,7.254272,0.1356,0.121,49,15,120
EU,growth10,Gompertz,ascend,2179,North Adriatic,112,71.6274,71.6274,1.0,7.894204,0.159,0.1317,49,16,110
EU,growth10,Gompertz,ascend,2179,Caltanissetta,29,115.2389,115.2389,1.0,11.363998,0.2557,0.1896,110,17,100
EU,growth10,Gompertz,ascend,2179,Lublin,91,33.5439,175.8436,0.1908,10.140699,0.0744,0.1692,169,18,100
EU,growth10,Logistic,ascend,2050,Baltic,14,0.287,0.287,1.0,0.006027,0.0023,0.0043,1,1,150
EU,growth10,Logistic,ascend,2050,Polish,142,0.4338,0.4338,1.0,0.009111,0.0035,0.0064,1,2,150
EU,growth10,Logistic,ascend,2050,Sava,161,0.499,0.499,1.0,0.010479,0.004,0.0074,1,3,150
EU,growth10,Logistic,ascend,2050,Transylvanian,187,0.5399,0.5399,1.0,0.011339,0.0043,0.008,1,4,150
EU,growth10,Logistic,ascend,2050,Drava,48,0.6358,0.6358,1.0,0.013351,0.0051,0.0094,1,5,150
EU,growth10,Logistic,ascend,2050,North Carpathian,114,0.7276,0.7276,1.0,0.015279,0.0058,0.0108,1,6,150
EU,growth10,Logistic,ascend,2050,Crimea-Karkinit,41,0.7257,0.7257,1.0,0.015239,0.0058,0.0108,1,7,150
EU,growth10,Logistic,ascend,2050,Paris,134,0.8687,0.8687,1.0,0.018243,0.0069,0.0129,1,8,150
EU,growth10,Logistic,ascend,2050,Zala,203,2.1849,2.1849,1.0,0.045883,0.0174,0.0324,2,9,150
EU,growth10,Logistic,ascend,2050,Vienna,194,14.7895,14.7895,1.0,0.31058,0.1178,0.2195,4,10,150
EU,growth10,Logistic,ascend,2050,Dnieper-Donets,45,22.1816,22.1816,1.0,0.418892,0.1767,0.2961,20,11,150
EU,growth10,Logistic,ascend,2050,Pannonian,131,36.4543,36.4543,1.0,0.385252,0.2904,0.2723,36,12,130
EU,growth10,Logistic,ascend,2050,Norwegian,125,45.1845,49.5595,0.9117,0.15511,0.36,0.1096,49,13,120
EU,growth10,Logistic,ascend,2050,Moesian,0,0.0,0.0,0.0,0.0,0.0,0.0,0,0,0
EU,growth10,Logistic,ascend,2050,Po,0,0.0,0.0,0.0,0.0,0.0,0.0,0,0,0
EU,growth10,Logistic,ascend,2050,North Adriatic,0,0.0,0.0,0.0,0.0,0.0,0.0,0,0,0
EU,growth10,Logistic,ascend,2050,Caltanissetta,0,0.0,0.0,0.0,0.0,0.0,0.0,0,0,0
EU,growth10,Logistic,ascend,2050,Lublin,0,0.0,0.0,0.0,0.0,0.0,0.0,0,0,0
EU,growth10,Logistic,ascend,2050,West Barents,0,0.0,0.0,0.0,0.0,0.0,0.0,0,0,0
EU,growth10,Logistic,ascend,2050,Northern North Sea,0,0.0,0.0,0.0,0.0,0.0,0.0,0,0,0
EU,growth10,Logistic,ascend,2100,Baltic,14,0.287,0.287,1.0,0.020376,0.0002,0.0005,1,1,150
EU,growth10,Logistic,ascend,2100,Polish,142,0.4338,0.4338,1.0,0.030803,0.0003,0.0008,1,2,150
EU,growth10,Logistic,ascend,2100,Sava,161,0.499,0.499,1.0,0.035428,0.0003,0.0009,1,3,150
EU,growth10,Logistic,ascend,2100,Transylvanian,187,0.5399,0.5399,1.0,0.038335,0.0003,0.001,1,4,150
EU,growth10,Logistic,ascend,2100,Drava,48,0.6358,0.6358,1.0,0.045139,0.0004,0.0011,1,5,150
EU,growth10,Logistic,ascend,2100,North Carpathian,114,0.7276,0.7276,1.0,0.051657,0.0004,0.0013,1,6,150
EU,growth10,Logistic,ascend,2100,Crimea-Karkinit,41,0.7257,0.7257,1.0,0.051522,0.0004,0.0013,1,7,150
EU,growth10,Logistic,ascend,2100,Paris,134,0.8687,0.8687,1.0,0.06168,0.0005,0.0015,1,8,150
EU,growth10,Logistic,ascend,2100,Zala,203,2.1849,2.1849,1.0,0.155128,0.0013,0.0038,2,9,150
EU,growth10,Logistic,ascend,2100,Vienna,194,14.7895,14.7895,1.0,1.050056,0.0088,0.026,4,10,150
EU,growth10,Logistic,ascend,2100,Dnieper-Donets,45,22.1816,22.1816,1.0,1.527974,0.0132,0.0379,20,11,150
EU,growth10,Logistic,ascend,2100,Pannonian,131,36.4543,36.4543,1.0,2.207967,0.0217,0.0547,36,12,130
EU,growth10,Logistic,ascend,2100,Norwegian,125,49.5595,49.5595,1.0,2.633084,0.0295,0.0653,49,13,120
EU,growth10,Logistic,ascend,2100,Moesian,100,59.9475,59.9475,1.0,2.826521,0.0356,0.0701,49,14,110
EU,growth10,Logistic,ascend,2100,Po,141,70.2143,70.2143,1.0,2.959161,0.0417,0.0733,49,15,100
EU,growth10,Logistic,ascend,2100,North Adriatic,112,85.4935,85.4935,1.0,3.227906,0.0508,0.08,72,16,90
EU,growth10,Logistic,ascend,2100,Caltanissetta,29,133.7822,133.7822,1.0,4.419431,0.0795,0.1095,132,17,80
EU,growth10,Logistic,ascend,2100,Lublin,91,224.4718,224.4718,1.0,6.103228,0.1334,0.1513,196,18,70
EU,growth10,Logistic,ascend,2100,West Barents,198,367.9591,367.9591,1.0,7.311376,0.2187,0.1812,306,19,50
EU,growth10,Logistic,ascend,2100,Northern North Sea,123,610.4771,705.4767,0.8653,5.589856,0.3629,0.1385,144,20,40
EU,growth10,Logistic,ascend,2179,Baltic,14,0.287,0.287,1.0,0.043047,0.0101,0.0005,1,1,150
EU,growth10,Logistic,ascend,2179,Polish,142,0.4338,0.4338,1.0,0.065076,0.0153,0.0007,1,2,150
EU,growth10,Logistic,ascend,2179,Sava,161,0.499,0.499,1.0,0.074848,0.0176,0.0008,1,3,150
EU,growth10,Logistic,ascend,2179,Transylvanian,187,0.5399,0.5399,1.0,0.08099,0.019,0.0009,1,4,150
EU,growth10,Logistic,ascend,2179,Drava,48,0.6358,0.6358,1.0,0.095364,0.0224,0.001,1,5,150
EU,growth10,Logistic,ascend,2179,North Carpathian,114,0.7276,0.7276,1.0,0.109135,0.0256,0.0012,1,6,150
EU,growth10,Logistic,ascend,2179,Crimea-Karkinit,41,0.7257,0.7257,1.0,0.10885,0.0256,0.0012,1,7,150
EU,growth10,Logistic,ascend,2179,Paris,134,0.8687,0.8687,1.0,0.130309,0.0306,0.0014,1,8,150
EU,growth10,Logistic,ascend,2179,Zala,203,2.1849,2.1849,1.0,0.327735,0.0769,0.0035,2,9,150
EU,growth10,Logistic,ascend,2179,Vienna,194,14.7895,14.7895,1.0,2.218429,0.5209,0.0238,4,10,150
EU,growth10,Logistic,ascend,2179,Dnieper-Donets,45,6.7028,22.1816,0.3022,3.222901,0.2361,0.0346,20,11,150
EU,growth10,Logistic,ascend,2179,Pannonian,0,0.0,0.0,0.0,4.682099,0.0,0.0502,0,0,0
EU,growth10,Logistic,ascend,2179,Norwegian,0,0.0,0.0,0.0,5.629249,0.0,0.0604,0,0,0
EU,growth10,Logistic,ascend,2179,Moesian,0,0.0,0.0,0.0,6.089918,0.0,0.0653,0,0,0
EU,growth10,Logistic,ascend,2179,Po,0,0.0,0.0,0.0,6.433664,0.0,0.069,0,0,0
EU,growth10,Logistic,ascend,2179,North Adriatic,0,0.0,0.0,0.0,7.079383,0.0,0.0759,0,0,0
EU,growth10,Logistic,ascend,2179,Caltanissetta,0,0.0,0.0,0.0,9.815927,0.0,0.1053,0,0,0
EU,growth10,Logistic,ascend,2179,Lublin,0,0.0,0.0,0.0,13.854165,0.0,0.1486,0,0,0
EU,growth10,Logistic,ascend,2179,West Barents,0,0.0,0.0,0.0,17.311162,0.0,0.1857,0,0,0
EU,growth10,Logistic,ascend,2179,Northern North Sea,0,0.0,0.0,0.0,15.858109,0.0,0.1701,0,0,0
Indonesia,growth10,Gompertz,ascend,2050,Salawati,153,0.7002,0.7002,1.0,0.014704,0.1323,0.2243,1,1,150
Indonesia,growth10,Gompertz,ascend,2050,Sunda,178,4.5912,27.9739,0.1641,0.050842,0.8677,0.7757,16,2,110
Indonesia,growth10,Gompertz,ascend,2050,North Java,0,0.0,0.0,0.0,0.0,0.0,0.0,0,0,0
Indonesia,growth10,Gompertz,ascend,2100,Salawati,153,0.7002,0.7002,1.0,0.049715,0.0211,0.0531,1,1,150
Indonesia,growth10,Gompertz,ascend,2100,Sunda,178,27.9739,27.9739,1.0,0.871402,0.842,0.9299,16,2,110
Indonesia,growth10,Gompertz,ascend,2100,North Java,118,4.5505,45.6588,0.0997,0.016014,0.137,0.0171,36,3,90
Indonesia,growth10,Gompertz,ascend,2179,Salawati,153,0.7002,0.7002,1.0,0.105031,0.0096,0.0189,1,1,150
Indonesia,growth10,Gompertz,ascend,2179,Sunda,178,27.9739,27.9739,1.0,3.081337,0.3825,0.5535,16,2,110
Indonesia,growth10,Gompertz,ascend,2179,North Java,118,44.4587,45.6588,0.9737,2.381126,0.6079,0.4277,36,3,90
Indonesia,growth10,Logistic,ascend,2050,Salawati,153,0.7002,0.7002,1.0,0.014704,0.1323,0.2464,1,1,150
Indonesia,growth10,Logistic,ascend,2050,Sunda,178,4.5912,27.2732,0.1683,0.044983,0.8677,0.7536,16,2,120
Indonesia,growth10,Logistic,ascend,2050,North Java,0,0.0,0.0,0.0,0.0,0.0,0.0,0,0,0
Indonesia,growth10,Logistic,ascend,2050,Central Sumatra,0,0.0,0.0,0.0,0.0,0.0,0.0,0,0,0
Indonesia,growth10,Logistic,ascend,2050,Tarakan-Muara,0,0.0,0.0,0.0,0.0,0.0,0.0,0,0,0
Indonesia,growth10,Logistic,ascend,2100,Salawati,153,0.7002,0.7002,1.0,0.049715,0.005,0.0211,1,1,150
Indonesia,growth10,Logistic,ascend,2100,Sunda,178,27.2732,27.2732,1.0,1.080407,0.1931,0.4586,16,2,120
Indonesia,growth10,Logistic,ascend,2100,North Java,118,45.6588,45.6588,1.0,0.833986,0.3232,0.354,42,3,90
Indonesia,growth10,Logistic,ascend,2100,Central Sumatra,35,67.6304,74.3822,0.9092,0.391837,0.4788,0.1663,56,4,60
Indonesia,growth10,Logistic,ascend,2100,Tarakan-Muara,0,0.0,0.0,0.0,0.0,0.0,0.0,0,0,0
Indonesia,growth10,Logistic,ascend,2179,Salawati,153,0.7002,0.7002,1.0,0.105031,0.0313,0.0067,1,1,150
Indonesia,growth10,Logistic,ascend,2179,Sunda,178,21.6435,27.2732,0.7936,3.222454,0.9687,0.2069,16,2,120
Indonesia,growth10,Logistic,ascend,2179,North Java,0,0.0,0.0,0.0,3.883158,0.0,0.2493,0,0,0
Indonesia,growth10,Logistic,ascend,2179,Central Sumatra,0,0.0,0.0,0.0,4.390571,0.0,0.2819,0,0,0
Indonesia,growth10,Logistic,ascend,2179,Tarakan-Muara,0,0.0,0.0,0.0,3.975037,0.0,0.2552,0,0,0
Middle East,growth10,Gompertz,ascend,2050,Gaziantep,60,0.1836,0.1836,1.0,0.003856,0.006,0.0101,1,1,150
Middle East,growth10,Gompertz,ascend,2050,Diyarbakir,44,0.3281,0.3281,1.0,0.00689,0.0108,0.0181,1,2,150
Middle East,growth10,Gompertz,ascend,2050,Sinjar,167,29.9678,38.798,0.7724,0.370375,0.9832,0.9718,36,3,140
Middle East,growth10,Gompertz,ascend,2050,Sabatayn,0,0.0,0.0,0.0,0.0,0.0,0.0,0,0,0
Middle East,growth10,Gompertz,ascend,2100,Gaziantep,60,0.1836,0.1836,1.0,0.013038,0.0012,0.0027,1,1,150
Middle East,growth10,Gompertz,ascend,2100,Diyarbakir,44,0.3281,0.3281,1.0,0.023294,0.0021,0.0048,1,2,150
Middle East,growth10,Gompertz,ascend,2100,Sinjar,167,38.798,38.798,1.0,2.291217,0.2476,0.4723,36,3,140
Middle East,growth10,Gompertz,ascend,2100,Sabatayn,151,117.4066,209.9391,0.5592,2.523348,0.7492,0.5202,182,4,80
Middle East,growth10,Gompertz,ascend,2179,Gaziantep,60,0.1836,0.1836,1.0,0.027546,0.0008,0.0012,1,1,150
Middle East,growth10,Gompertz,ascend,2179,Diyarbakir,44,0.3281,0.3281,1.0,0.049214,0.0014,0.0022,1,2,150
Middle East,growth10,Gompertz,ascend,2179,Sinjar,167,38.798,38.798,1.0,5.356257,0.1689,0.2406,36,3,140
Middle East,growth10,Gompertz,ascend,2179,Sabatayn,151,190.4668,209.9391,0.9072,16.831437,0.8289,0.756,182,4,80
Middle East,growth10,Logistic,ascend,2050,Gaziantep,60,0.1836,0.1836,1.0,0.003856,0.006,0.0113,1,1,150
Middle East,growth10,Logistic,ascend,2050,Diyarbakir,44,0.3281,0.3281,1.0,0.00689,0.0108,0.0201,1,2,150
Middle East,growth10,Logistic,ascend,2050,Sinjar,167,29.9678,38.798,0.7724,0.331869,0.9832,0.9686,36,3,140
Middle East,growth10,Logistic,ascend,2050,Sabatayn,0,0.0,0.0,0.0,0.0,0.0,0.0,0,0,0
Middle East,growth10,Logistic,ascend,2050,Al Daww,0,0.0,0.0,0.0,0.0,0.0,0.0,0,0,0
Middle East,growth10,Logistic,ascend,2050,Sayun-Masila,0,0.0,0.0,0.0,0.0,0.0,0.0,0,0,0
Middle East,growth10,Logistic,ascend,2100,Gaziantep,60,0.1836,0.1836,1.0,0.013038,0.0003,0.0011,1,1,150
Middle East,growth10,Logistic,ascend,2100,Diyarbakir,44,0.3281,0.3281,1.0,0.023294,0.0005,0.0019,1,2,150
Middle East,growth10,Logistic,ascend,2100,Sinjar,167,38.798,38.798,1.0,2.259454,0.0605,0.1856,36,3,140
Middle East,growth10,Logistic,ascend,2100,Sabatayn,151,187.2606,187.2606,1.0,5.742345,0.2922,0.4718,182,4,90
Middle East,growth10,Logistic,ascend,2100,Al Daww,3,414.2511,426.772,0.9707,4.132662,0.6464,0.3396,361,5,50
Middle East,growth10,Logistic,ascend,2100,Sayun-Masila,0,0.0,0.0,0.0,0.0,0.0,0.0,0,0,0
Middle East,growth10,Logistic,ascend,2179,Gaziantep,60,0.1836,0.1836,1.0,0.027546,0.0062,0.0006,1,1,150
Middle East,growth10,Logistic,ascend,2179,Diyarbakir,44,0.3281,0.3281,1.0,0.049214,0.0112,0.0011,1,2,150
Middle East,growth10,Logistic,ascend,2179,Sinjar,167,28.9029,38.798,0.745,5.2984,0.9826,0.1175,36,3,140
Middle East,growth10,Logistic,ascend,2179,Sabatayn,0,0.0,0.0,0.0,16.635821,0.0,0.3688,0,0,0
Middle East,growth10,Logistic,ascend,2179,Al Daww,0,0.0,0.0,0.0,20.002879,0.0,0.4434,0,0,0
Middle East,growth10,Logistic,ascend,2179,Sayun-Masila,0,0.0,0.0,0.0,3.096318,0.0,0.0686,0,0,0
Thailand,growth10,Gompertz,ascend,2050,Kra-Gulf of Thailand,80,1.4964,43.9678,0.034,0.017515,1.0,1.0,36,1,90
Thailand,growth10,Gompertz,ascend,2100,Kra-Gulf of Thailand,80,13.1294,43.9678,0.2986,0.326271,1.0,1.0,36,1,90
Thailand,growth10,Gompertz,ascend,2179,Kra-Gulf of Thailand,80,42.4575,43.9678,0.9656,2.646,1.0,1.0,36,1,90
Thailand,growth10,Logistic,ascend,2050,Kra-Gulf of Thailand,80,1.4964,41.1309,0.0364,0.016049,1.0,1.0,36,1,100
Thailand,growth10,Logistic,ascend,2050,Pattani,0,0.0,0.0,0.0,0.0,0.0,0.0,0,0,0
Thailand,growth10,Logistic,ascend,2100,Kra-Gulf of Thailand,80,41.1309,41.1309,1.0,0.832597,0.6497,0.9145,36,1,100
Thailand,growth10,Logistic,ascend,2100,Pattani,135,22.1792,488.9332,0.0454,0.077865,0.3503,0.0855,25,2,80
Thailand,growth10,Logistic,ascend,2179,Kra-Gulf of Thailand,80,17.6069,41.1309,0.4281,3.915304,1.0,0.381,36,1,100
Thailand,growth10,Logistic,ascend,2179,Pattani,0,0.0,0.0,0.0,6.35976,0.0,0.619,0,0,0
UK,growth10,Gompertz,ascend,2050,East Midlands,51,10.5738,10.5738,1.0,0.221344,0.3039,0.5132,9,1,150
UK,growth10,Gompertz,ascend,2050,Southern North Sea,176,24.2232,49.3284,0.4911,0.20993,0.6961,0.4868,42,2,130
UK,growth10,Gompertz,ascend,2050,Wessex,0,0.0,0.0,0.0,0.0,0.0,0.0,0,0,0
UK,growth10,Gompertz,ascend,2050,Moray Firth,0,0.0,0.0,0.0,0.0,0.0,0.0,0,0,0
UK,growth10,Gompertz,ascend,2050,Central North Sea,0,0.0,0.0,0.0,0.0,0.0,0.0,0,0,0
UK,growth10,Gompertz,ascend,2100,East Midlands,51,10.5738,10.5738,1.0,0.750033,0.0519,0.1262,9,1,150
UK,growth10,Gompertz,ascend,2100,Southern North Sea,176,49.3284,49.3284,1.0,2.540232,0.2422,0.4275,42,2,130
UK,growth10,Gompertz,ascend,2100,Wessex,197,79.3469,79.3469,1.0,2.127601,0.3895,0.3581,49,3,110
UK,growth10,Gompertz,ascend,2100,Moray Firth,101,64.4493,209.5518,0.3076,0.523692,0.3164,0.0881,196,4,70
UK,growth10,Gompertz,ascend,2100,Central North Sea,0,0.0,0.0,0.0,0.0,0.0,0.0,0,0,0
UK,growth10,Gompertz,ascend,2179,East Midlands,51,10.5738,10.5738,1.0,1.585363,0.0278,0.0498,9,1,150
UK,growth10,Gompertz,ascend,2179,Southern North Sea,176,49.3284,49.3284,1.0,6.437175,0.1299,0.2024,42,2,130
UK,growth10,Gompertz,ascend,2179,Wessex,197,79.3469,79.3469,1.0,8.396009,0.2089,0.264,49,3,110
UK,growth10,Gompertz,ascend,2179,Moray Firth,101,209.5518,209.5518,1.0,14.455007,0.5518,0.4544,196,4,70
UK,growth10,Gompertz,ascend,2179,Central North Sea,34,30.9645,665.8661,0.0465,0.935286,0.0815,0.0294,4,5,40
UK,growth10,Logistic,ascend,2050,East Midlands,51,10.5738,10.5738,1.0,0.216556,0.3039,0.5545,9,1,150
UK,growth10,Logistic,ascend,2050,Southern North Sea,176,24.2232,46.3242,0.5229,0.174014,0.6961,0.4455,42,2,140
UK,growth10,Logistic,ascend,2050,Wessex,0,0.0,0.0,0.0,0.0,0.0,0.0,0,0,0
UK,growth10,Logistic,ascend,2050,Moray Firth,0,0.0,0.0,0.0,0.0,0.0,0.0,0,0,0
UK,growth10,Logistic,ascend,2050,Central North Sea,0,0.0,0.0,0.0,0.0,0.0,0.0,0,0,0
UK,growth10,Logistic,ascend,2050,Faroe-Shetland,0,0.0,0.0,0.0,0.0,0.0,0.0,0,0,0
UK,growth10,Logistic,ascend,2100,East Midlands,51,10.5738,10.5738,1.0,0.745246,0.0121,0.0492,9,1,150
UK,growth10,Logistic,ascend,2100,Southern North Sea,176,46.3242,46.3242,1.0,2.419006,0.0532,0.1597,42,2,140
UK,growth10,Logistic,ascend,2100,Wessex,197,72.9807,72.9807,1.0,2.697654,0.0838,0.1781,49,3,120
UK,growth10,Logistic,ascend,2100,Moray Firth,101,162.4647,162.4647,1.0,4.076675,0.1865,0.2692,100,4,90
UK,growth10,Logistic,ascend,2100,Central North Sea,34,370.5394,370.5394,1.0,4.528835,0.4254,0.2991,324,5,70
UK,growth10,Logistic,ascend,2100,Faroe-Shetland,55,208.1104,1424.365,0.1461,0.676101,0.2389,0.0446,64,6,60
UK,growth10,Logistic,ascend,2179,East Midlands,51,10.5738,10.5738,1.0,1.580575,0.1391,0.0206,9,1,150
UK,growth10,Logistic,ascend,2179,Southern North Sea,176,46.3242,46.3242,1.0,6.07862,0.6095,0.0791,42,2,140
UK,growth10,Logistic,ascend,2179,Wessex,197,19.1012,72.9807,0.2617,8.211467,0.2513,0.1068,49,3,120
UK,growth10,Logistic,ascend,2179,Moray Firth,0,0.0,0.0,0.0,14.484683,0.0,0.1884,0,0,0
UK,growth10,Logistic,ascend,2179,Central North Sea,0,0.0,0.0,0.0,23.497419,0.0,0.3057,0,0,0
UK,growth10,Logistic,ascend,2179,Faroe-Shetland,0,0.0,0.0,0.0,23.013759,0.0,0.2994,0,0,0
US,growth10,Gompertz,ascend,2050,Paradox,133,0.0538,0.0538,1.0,0.001129,0.0001,0.0002,1,1,150
US,growth10,Gompertz,ascend,2050,Appalachian,7,0.0887,0.0887,1.0,0.001863,0.0002,0.0004,1,2,150
US,growth10,Gompertz,ascend,2050,Denver,43,0.1582,0.1582,1.0,0.003323,0.0004,0.0007,1,3,150
US,growth10,Gompertz,ascend,2050,Arkoma,10,0.5332,0.5332,1.0,0.011197,0.0013,0.0022,1,4,150
US,growth10,Gompertz,ascend,2050,Big Horn,21,0.5351,0.5351,1.0,0.011237,0.0013,0.0022,1,5,150
US,growth10,Gompertz,ascend,2050,Green River,65,0.7131,0.7131,1.0,0.014975,0.0018,0.003,1,6,150
US,growth10,Gompertz,ascend,2050,Black Warrior,23,0.9946,0.9946,1.0,0.020887,0.0025,0.0041,1,7,150
US,growth10,Gompertz,ascend,2050,Powder River,144,14.1,14.1,1.0,0.296101,0.0351,0.0584,12,8,150
US,growth10,Gompertz,ascend,2050,Laramie,86,40.7726,40.7726,1.0,0.856225,0.1016,0.1689,30,9,150
US,growth10,Gompertz,ascend,2050,San Juan,156,30.4637,30.4637,1.0,0.639737,0.0759,0.1262,16,10,150
US,growth10,Gompertz,ascend,2050,Cook Inlet,39,55.1146,55.1146,1.0,1.109582,0.1373,0.2188,49,11,150
US,growth10,Gompertz,ascend,2050,Palo Duro,130,71.3579,71.3579,1.0,1.041038,0.1778,0.2053,64,12,150
US,growth10,Gompertz,ascend,2050,Sacramento,152,186.4515,204.1213,0.9134,1.063043,0.4646,0.2097,156,13,140
US,growth10,Gompertz,ascend,2050,Fort Worth,0,0.0,0.0,0.0,0.0,0.0,0.0,0,0,0
US,growth10,Gompertz,ascend,2050,San Joaquin,0,0.0,0.0,0.0,0.0,0.0,0.0,0,0,0
US,growth10,Gompertz,ascend,2050,Los Angeles,0,0.0,0.0,0.0,0.0,0.0,0.0,0,0,0
US,growth10,Gompertz,ascend,2100,Paradox,133,0.0538,0.0538,1.0,0.003817,0.0,0.0001,1,1,150
US,growth10,Gompertz,ascend,2100,Appalachian,7,0.0887,0.0887,1.0,0.006297,0.0,0.0001,1,2,150
US,growth10,Gompertz,ascend,2100,Denver,43,0.1582,0.1582,1.0,0.011234,0.0001,0.0002,1,3,150
US,growth10,Gompertz,ascend,2100,Arkoma,10,0.5332,0.5332,1.0,0.037857,0.0003,0.0006,1,4,150
US,growth10,Gompertz,ascend,2100,Big Horn,21,0.5351,0.5351,1.0,0.037992,0.0003,0.0006,1,5,150
US,growth10,Gompertz,ascend,2100,Green River,65,0.7131,0.7131,1.0,0.050629,0.0004,0.0008,1,6,150
US,growth10,Gompertz,ascend,2100,Black Warrior,23,0.9946,0.9946,1.0,0.070618,0.0005,0.0012,1,7,150
US,growth10,Gompertz,ascend,2100,Powder River,144,14.1,14.1,1.0,1.001103,0.0074,0.0163,12,8,150
US,growth10,Gompertz,ascend,2100,Laramie,86,40.7726,40.7726,1.0,2.894856,0.0213,0.0473,30,9,150
US,growth10,Gompertz,ascend,2100,San Juan,156,30.4637,30.4637,1.0,2.162921,0.0159,0.0353,16,10,150
US,growth10,Gompertz,ascend,2100,Cook Inlet,39,55.1146,55.1146,1.0,3.865312,0.0288,0.0631,49,11,150
US,growth10,Gompertz,ascend,2100,Palo Duro,130,71.3579,71.3579,1.0,4.608935,0.0372,0.0753,64,12,150
US,growth10,Gompertz,ascend,2100,Sacramento,152,204.1213,204.1213,1.0,11.269106,0.1066,0.184,156,13,140
US,growth10,Gompertz,ascend,2100,Fort Worth,57,475.8243,475.8243,1.0,18.997036,0.2484,0.3102,380,14,120
US,growth10,Gompertz,ascend,2100,San Joaquin,154,687.8062,687.8062,1.0,14.347083,0.359,0.2342,506,15,100
US,growth10,Gompertz,ascend,2100,Los Angeles,89,333.0851,1195.6559,0.2786,1.883107,0.1739,0.0307,100,16,80
US,growth10,Gompertz,ascend,2179,Paradox,133,0.0538,0.0538,1.0,0.008065,0.0,0.0,1,1,150
US,growth10,Gompertz,ascend,2179,Appalachian,7,0.0887,0.0887,1.0,0.013304,0.0,0.0001,1,2,150
US,growth10,Gompertz,ascend,2179,Denver,43,0.1582,0.1582,1.0,0.023735,0.0001,0.0001,1,3,150
US,growth10,Gompertz,ascend,2179,Arkoma,10,0.5332,0.5332,1.0,0.07998,0.0002,0.0003,1,4,150
US,growth10,Gompertz,ascend,2179,Big Horn,21,0.5351,0.5351,1.0,0.080265,0.0002,0.0003,1,5,150
US,growth10,Gompertz,ascend,2179,Green River,65,0.7131,0.7131,1.0,0.106963,0.0003,0.0004,1,6,150
US,growth10,Gompertz,ascend,2179,Black Warrior,23,0.9946,0.9946,1.0,0.149193,0.0004,0.0006,1,7,150
US,growth10,Gompertz,ascend,2179,Powder River,144,14.1,14.1,1.0,2.115006,0.0055,0.0081,12,8,150
US,growth10,Gompertz,ascend,2179,Laramie,86,40.7726,40.7726,1.0,6.115893,0.016,0.0233,30,9,150
US,growth10,Gompertz,ascend,2179,San Juan,156,30.4637,30.4637,1.0,4.569552,0.012,0.0174,16,10,150
US,growth10,Gompertz,ascend,2179,Cook Inlet,39,55.1146,55.1146,1.0,8.219367,0.0217,0.0313,49,11,150
US,growth10,Gompertz,ascend,2179,Palo Duro,130,71.3579,71.3579,1.0,10.246212,0.0281,0.039,64,12,150
US,growth10,Gompertz,ascend,2179,Sacramento,152,204.1213,204.1213,1.0,27.394687,0.0802,0.1043,156,13,140
US,growth10,Gompertz,ascend,2179,Fort Worth,57,475.8243,475.8243,1.0,56.587158,0.1871,0.2155,380,14,120
US,growth10,Gompertz,ascend,2179,San Joaquin,154,687.8062,687.8062,1.0,68.68377,0.2704,0.2615,506,15,100
US,growth10,Gompertz,ascend,2179,Los Angeles,89,961.1368,1195.6559,0.8039,78.220431,0.3778,0.2979,100,16,80
US,growth10,Logistic,ascend,2050,Paradox,133,0.0538,0.0538,1.0,0.001129,0.0001,0.0002,1,1,150
US,growth10,Logistic,ascend,2050,Appalachian,7,0.0887,0.0887,1.0,0.001863,0.0002,0.0004,1,2,150
US,growth10,Logistic,ascend,2050,Denver,43,0.1582,0.1582,1.0,0.003323,0.0004,0.0007,1,3,150
US,growth10,Logistic,ascend,2050,Arkoma,10,0.5332,0.5332,1.0,0.011197,0.0013,0.0025,1,4,150
US,growth10,Logistic,ascend,2050,Big Horn,21,0.5351,0.5351,1.0,0.011237,0.0013,0.0025,1,5,150
US,growth10,Logistic,ascend,2050,Green River,65,0.7131,0.7131,1.0,0.014975,0.0018,0.0033,1,6,150
US,growth10,Logistic,ascend,2050,Black Warrior,23,0.9946,0.9946,1.0,0.020887,0.0025,0.0046,1,7,150
US,growth10,Logistic,ascend,2050,Powder River,144,14.1,14.1,1.0,0.296101,0.0351,0.0651,12,8,150
US,growth10,Logistic,ascend,2050,Laramie,86,40.7726,40.7726,1.0,0.856225,0.1016,0.1883,30,9,150
US,growth10,Logistic,ascend,2050,San Juan,156,30.4637,30.4637,1.0,0.639737,0.0759,0.1407,16,10,150
US,growth10,Logistic,ascend,2050,Cook Inlet,39,55.1146,55.1146,1.0,0.997707,0.1373,0.2194,49,11,150
US,growth10,Logistic,ascend,2050,Palo Duro,130,71.3579,71.3579,1.0,0.856565,0.1778,0.1884,64,12,150
US,growth10,Logistic,ascend,2050,Sacramento,152,186.4515,204.1213,0.9134,0.836048,0.4646,0.1839,156,13,140
US,growth10,Logistic,ascend,2050,Fort Worth,0,0.0,0.0,0.0,0.0,0.0,0.0,0,0,0
US,growth10,Logistic,ascend,2050,San Joaquin,0,0.0,0.0,0.0,0.0,0.0,0.0,0,0,0
US,growth10,Logistic,ascend,2050,Los Angeles,0,0.0,0.0,0.0,0.0,0.0,0.0,0,0,0
US,growth10,Logistic,ascend,2050,Anadarko,0,0.0,0.0,0.0,0.0,0.0,0.0,0,0,0
US,growth10,Logistic,ascend,2050,Illinois,0,0.0,0.0,0.0,0.0,0.0,0.0,0,0,0
US,growth10,Logistic,ascend,2100,Paradox,133,0.0538,0.0538,1.0,0.003817,0.0,0.0,1,1,150
US,growth10,Logistic,ascend,2100,Appalachian,7,0.0887,0.0887,1.0,0.006297,0.0,0.0,1,2,150
US,growth10,Logistic,ascend,2100,Denver,43,0.1582,0.1582,1.0,0.011234,0.0,0.0001,1,3,150
US,growth10,Logistic,ascend,2100,Arkoma,10,0.5332,0.5332,1.0,0.037857,0.0001,0.0003,1,4,150
US,growth10,Logistic,ascend,2100,Big Horn,21,0.5351,0.5351,1.0,0.037992,0.0001,0.0003,1,5,150
US,growth10,Logistic,ascend,2100,Green River,65,0.7131,0.7131,1.0,0.050629,0.0001,0.0003,1,6,150
US,growth10,Logistic,ascend,2100,Black Warrior,23,0.9946,0.9946,1.0,0.070618,0.0001,0.0005,1,7,150
US,growth10,Logistic,ascend,2100,Powder River,144,14.1,14.1,1.0,1.001103,0.0019,0.0067,12,8,150
US,growth10,Logistic,ascend,2100,Laramie,86,40.7726,40.7726,1.0,2.894856,0.0054,0.0194,30,9,150
US,growth10,Logistic,ascend,2100,San Juan,156,30.4637,30.4637,1.0,2.162921,0.0041,0.0145,16,10,150
US,growth10,Logistic,ascend,2100,Cook Inlet,39,55.1146,55.1146,1.0,3.753438,0.0074,0.0251,49,11,150
US,growth10,Logistic,ascend,2100,Palo Duro,130,71.3579,71.3579,1.0,4.424462,0.0095,0.0296,64,12,150
US,growth10,Logistic,ascend,2100,Sacramento,152,204.1213,204.1213,1.0,11.042112,0.0272,0.0739,156,13,140
US,growth10,Logistic,ascend,2100,Fort Worth,57,475.8243,475.8243,1.0,20.816092,0.0635,0.1392,380,14,120
US,growth10,Logistic,ascend,2100,San Joaquin,154,687.8062,687.8062,1.0,23.597855,0.0918,0.1579,506,15,100
US,growth10,Logistic,ascend,2100,Los Angeles,89,1195.6559,1195.6559,1.0,30.582397,0.1596,0.2046,380,16,80
US,growth10,Logistic,ascend,2100,Anadarko,6,2384.2094,2384.2094,1.0,36.609385,0.3183,0.2449,961,17,60
US,growth10,Logistic,ascend,2100,Illinois,71,2328.7212,4413.0053,0.5277,12.390391,0.3109,0.0829,2704,18,40
US,growth10,Logistic,ascend,2179,Paradox,133,0.0538,0.0538,1.0,0.008065,0.0002,0.0,1,1,150
US,growth10,Logistic,ascend,2179,Appalachian,7,0.0887,0.0887,1.0,0.013304,0.0003,0.0,1,2,150
US,growth10,Logistic,ascend,2179,Denver,43,0.1582,0.1582,1.0,0.023735,0.0005,0.0,1,3,150
US,growth10,Logistic,ascend,2179,Arkoma,10,0.5332,0.5332,1.0,0.07998,0.0018,0.0002,1,4,150
US,growth10,Logistic,ascend,2179,Big Horn,21,0.5351,0.5351,1.0,0.080265,0.0018,0.0002,1,5,150
US,growth10,Logistic,ascend,2179,Green River,65,0.7131,0.7131,1.0,0.106963,0.0024,0.0002,1,6,150
US,growth10,Logistic,ascend,2179,Black Warrior,23,0.9946,0.9946,1.0,0.149193,0.0033,0.0003,1,7,150
US,growth10,Logistic,ascend,2179,Powder River,144,14.1,14.1,1.0,2.115006,0.047,0.0042,12,8,150
US,growth10,Logistic,ascend,2179,Laramie,86,40.7726,40.7726,1.0,6.115893,0.136,0.0122,30,9,150
US,growth10,Logistic,ascend,2179,San Juan,156,30.4637,30.4637,1.0,4.569552,0.1016,0.0091,16,10,150
US,growth10,Logistic,ascend,2179,Cook Inlet,39,55.1146,55.1146,1.0,8.107492,0.1839,0.0162,49,11,150
US,growth10,Logistic,ascend,2179,Palo Duro,130,71.3579,71.3579,1.0,10.06174,0.2381,0.0201,64,12,150
US,growth10,Logistic,ascend,2179,Sacramento,152,84.8629,204.1213,0.4157,26.806865,0.2831,0.0535,156,13,140
US,growth10,Logistic,ascend,2179,Fort Worth,0,0.0,0.0,0.0,52.983833,0.0,0.1058,0,0,0
US,growth10,Logistic,ascend,2179,San Joaquin,0,0.0,0.0,0.0,63.59773,0.0,0.127,0,0,0
US,growth10,Logistic,ascend,2179,Los Angeles,0,0.0,0.0,0.0,89.684249,0.0,0.1791,0,0,0
US,growth10,Logistic,ascend,2179,Anadarko,0,0.0,0.0,0.0,130.107573,0.0,0.2599,0,0,0
US,growth10,Logistic,ascend,2179,Illinois,0,0.0,0.0,0.0,106.020423,0.0,0.2118,0,0,0
Australia,ipcc_high,Gompertz,ascend,2050,Adavale,1,0.2002,0.2002,1.0,0.004205,0.0008,0.0022,1,1,150
Australia,ipcc_high,Gompertz,ascend,2050,Bowen-Surat,27,0.619,0.619,1.0,0.012998,0.0026,0.0069,1,2,150
Australia,ipcc_high,Gompertz,ascend,2050,Canning,31,48.6216,48.6216,1.0,0.834449,0.2038,0.4458,36,3,150
Australia,ipcc_high,Gompertz,ascend,2050,Gippsland,63,129.6462,129.6462,1.0,0.914137,0.5433,0.4884,100,4,140
Australia,ipcc_high,Gompertz,ascend,2050,Bass,17,59.5463,135.9107,0.4381,0.105909,0.2495,0.0566,132,5,130
Australia,ipcc_high,Gompertz,ascend,2050,Perth,0,0.0,0.0,0.0,0.0,0.0,0.0,0,0,0
Australia,ipcc_high,Gompertz,ascend,2050,Bonaparte,0,0.0,0.0,0.0,0.0,0.0,0.0,0,0,0
Australia,ipcc_high,Gompertz,ascend,2050,North Carnarvon,0,0.0,0.0,0.0,0.0,0.0,0.0,0,0,0
Australia,ipcc_high,Gompertz,ascend,2050,Browse,0,0.0,0.0,0.0,0.0,0.0,0.0,0,0,0
Australia,ipcc_high,Gompertz,ascend,2100,Adavale,1,0.2002,0.2002,1.0,0.014217,0.0001,0.0002,1,1,150
Australia,ipcc_high,Gompertz,ascend,2100,Bowen-Surat,27,0.619,0.619,1.0,0.043946,0.0002,0.0005,1,2,150
Australia,ipcc_high,Gompertz,ascend,2100,Canning,31,48.6216,48.6216,1.0,3.265527,0.0135,0.0363,36,3,150
Australia,ipcc_high,Gompertz,ascend,2100,Gippsland,63,129.6462,129.6462,1.0,7.396447,0.036,0.0822,100,4,140
Australia,ipcc_high,Gompertz,ascend,2100,Bass,17,135.9107,135.9107,1.0,6.831826,0.0377,0.076,132,5,130
Australia,ipcc_high,Gompertz,ascend,2100,Perth,139,139.7935,139.7935,1.0,6.406935,0.0388,0.0712,121,6,130
Australia,ipcc_high,Gompertz,ascend,2100,Bonaparte,25,363.9823,363.9823,1.0,14.608216,0.101,0.1624,272,7,120
Australia,ipcc_high,Gompertz,ascend,2100,North Carnarvon,113,717.3272,717.3272,1.0,22.491702,0.1991,0.2501,676,8,110
Australia,ipcc_high,Gompertz,ascend,2100,Browse,28,2066.4478,3088.8414,0.669,28.875182,0.5736,0.3211,144,9,80
Australia,ipcc_high,Gompertz,ascend,2179,Adavale,1,0.2002,0.2002,1.0,0.030037,0.0001,0.0001,1,1,150
Australia,ipcc_high,Gompertz,ascend,2179,Bowen-Surat,27,0.619,0.619,1.0,0.092844,0.0003,0.0002,1,2,150
Australia,ipcc_high,Gompertz,ascend,2179,Canning,31,48.6216,48.6216,1.0,7.106632,0.0199,0.0185,36,3,150
Australia,ipcc_high,Gompertz,ascend,2179,Gippsland,63,129.6462,129.6462,1.0,17.638496,0.053,0.046,100,4,140
Australia,ipcc_high,Gompertz,ascend,2179,Bass,17,135.9107,135.9107,1.0,17.568772,0.0556,0.0458,132,5,130
Australia,ipcc_high,Gompertz,ascend,2179,Perth,139,139.7935,139.7935,1.0,17.450624,0.0571,0.0455,121,6,130
Australia,ipcc_high,Gompertz,ascend,2179,Bonaparte,25,363.9823,363.9823,1.0,43.362816,0.1488,0.113,272,7,120
Australia,ipcc_high,Gompertz,ascend,2179,North Carnarvon,113,717.3272,717.3272,1.0,79.160548,0.2932,0.2062,676,8,110
Australia,ipcc_high,Gompertz,ascend,2179,Browse,28,910.0423,3088.8414,0.2946,201.406228,0.372,0.5247,144,9,80
Australia,ipcc_high,Logistic,ascend,2050,Adavale,1,0.2002,0.2002,1.0,0.004205,0.0008,0.0027,1,1,150
Australia,ipcc_high,Logistic,ascend,2050,Bowen-Surat,27,0.6197,0.6197,1.0,0.013013,0.0026,0.0083,1,2,140
Australia,ipcc_high,Logistic,ascend,2050,Canning,31,72.1087,72.1087,1.0,0.963025,0.3022,0.6151,72,3,100
Australia,ipcc_high,Logistic,ascend,2050,Gippsland,63,165.7046,196.9265,0.8415,0.585396,0.6944,0.3739,196,4,80
Australia,ipcc_high,Logistic,ascend,2050,Bass,0,0.0,0.0,0.0,0.0,0.0,0.0,0,0,0
Australia,ipcc_high,Logistic,ascend,2050,Perth,0,0.0,0.0,0.0,0.0,0.0,0.0,0,0,0
Australia,ipcc_high,Logistic,ascend,2050,Bonaparte,0,0.0,0.0,0.0,0.0,0.0,0.0,0,0,0
Australia,ipcc_high,Logistic,ascend,2050,North Carnarvon,0,0.0,0.0,0.0,0.0,0.0,0.0,0,0,0
Australia,ipcc_high,Logistic,ascend,2050,Browse,0,0.0,0.0,0.0,0.0,0.0,0.0,0,0,0
Australia,ipcc_high,Logistic,ascend,2100,Adavale,1,0.2002,0.2002,1.0,0.014217,0.0,0.0,1,1,150
Australia,ipcc_high,Logistic,ascend,2100,Bowen-Surat,27,0.6197,0.6197,1.0,0.043997,0.0001,0.0001,1,2,140
Australia,ipcc_high,Logistic,ascend,2100,Canning,31,72.1087,72.1087,1.0,4.568458,0.0098,0.0131,72,3,100
Australia,ipcc_high,Logistic,ascend,2100,Gippsland,63,196.9265,196.9265,1.0,10.431723,0.0266,0.0299,196,4,80
Australia,ipcc_high,Logistic,ascend,2100,Bass,17,257.7343,257.7343,1.0,12.21503,0.0349,0.035,240,5,70
Australia,ipcc_high,Logistic,ascend,2100,Perth,139,301.7551,301.7551,1.0,13.256034,0.0408,0.038,256,6,60
Australia,ipcc_high,Logistic,ascend,2100,Bonaparte,25,731.6423,731.6423,1.0,29.533599,0.0989,0.0846,650,7,60
Australia,ipcc_high,Logistic,ascend,2100,North Carnarvon,113,1564.0941,1564.0941,1.0,56.203095,0.2115,0.161,1024,8,50
Australia,ipcc_high,Logistic,ascend,2100,Browse,28,4269.8032,8263.6341,0.5167,222.752143,0.5774,0.6382,1521,9,30
Australia,ipcc_high,Logistic,ascend,2179,Adavale,1,0.0309,0.2002,0.1542,0.028666,1.0,0.0001,1,1,150
Australia,ipcc_high,Logistic,ascend,2179,Bowen-Surat,0,0.0,0.0,0.0,0.082014,0.0,0.0002,0,0,0
Australia,ipcc_high,Logistic,ascend,2179,Canning,0,0.0,0.0,0.0,7.146522,0.0,0.018,0,0,0
Australia,ipcc_high,Logistic,ascend,2179,Gippsland,0,0.0,0.0,0.0,15.321118,0.0,0.0386,0,0,0
Australia,ipcc_high,Logistic,ascend,2179,Bass,0,0.0,0.0,0.0,17.166038,0.0,0.0432,0,0,0
Australia,ipcc_high,Logistic,ascend,2179,Perth,0,0.0,0.0,0.0,18.023503,0.0,0.0454,0,0,0
Australia,ipcc_high,Logistic,ascend,2179,Bonaparte,0,0.0,0.0,0.0,38.452786,0.0,0.0968,0,0,0
Australia,ipcc_high,Logistic,ascend,2179,North Carnarvon,0,0.0,0.0,0.0,68.39597,0.0,0.1723,0,0,0
Australia,ipcc_high,Logistic,ascend,2179,Browse,0,0.0,0.0,0.0,232.447335,0.0,0.5854,0,0,0
Brazil,ipcc_high,Logistic,ascend,2050,Tucano,189,0.4795,0.4795,1.0,0.010069,0.0002,0.0008,1,1,110
Brazil,ipcc_high,Logistic,ascend,2050,Reconcavo,148,16.8457,16.8457,1.0,0.353761,0.0086,0.0293,16,2,90
Brazil,ipcc_high,Logistic,ascend,2050,Sergipe-Alagoas,165,37.6053,37.6053,1.0,0.78971,0.0192,0.0655,36,3,80
Brazil,ipcc_high,Logistic,ascend,2050,Espirito Santo,53,156.3192,156.3192,1.0,2.542272,0.0798,0.2108,132,4,70
Brazil,ipcc_high,Logistic,ascend,2050,Potiguar,143,203.3255,203.3255,1.0,2.282184,0.1038,0.1892,196,5,60
Brazil,ipcc_high,Logistic,ascend,2050,Solimoes,169,506.5336,506.5336,1.0,3.498162,0.2586,0.29,484,6,50
Brazil,ipcc_high,Logistic,ascend,2050,Campos,30,1037.7739,2227.8869,0.4658,2.586632,0.5298,0.2144,1332,7,40
Brazil,ipcc_high,Logistic,ascend,2050,Barreirinhas-Para-Maranhao,0,0.0,0.0,0.0,0.0,0.0,0.0,0,0,0
Brazil,ipcc_high,Logistic,ascend,2100,Tucano,189,0.4795,0.4795,1.0,0.034041,0.0028,0.0001,1,1,110
Brazil,ipcc_high,Logistic,ascend,2100,Reconcavo,148,16.8457,16.8457,1.0,1.196048,0.097,0.004,16,2,90
Brazil,ipcc_high,Logistic,ascend,2100,Sergipe-Alagoas,165,37.6053,37.6053,1.0,2.669973,0.2166,0.0089,36,3,80
Brazil,ipcc_high,Logistic,ascend,2100,Espirito Santo,53,118.652,156.3192,0.759,10.316725,0.6835,0.0345,132,4,70
Brazil,ipcc_high,Logistic,ascend,2100,Potiguar,0,0.0,0.0,0.0,11.694952,0.0,0.0391,0,0,0
Brazil,ipcc_high,Logistic,ascend,2100,Solimoes,0,0.0,0.0,0.0,24.773197,0.0,0.0829,0,0,0
Brazil,ipcc_high,Logistic,ascend,2100,Campos,0,0.0,0.0,0.0,80.784079,0.0,0.2703,0,0,0
Brazil,ipcc_high,Logistic,ascend,2100,Barreirinhas-Para-Maranhao,0,0.0,0.0,0.0,167.345756,0.0,0.56,0,0,0
Brazil,ipcc_high,Logistic,ascend,2179,Tucano,189,0.0001,0.4795,0.0003,0.052249,1.0,0.0002,1,1,110
Brazil,ipcc_high,Logistic,ascend,2179,Reconcavo,0,0.0,0.0,0.0,1.48916,0.0,0.005,0,0,0
Brazil,ipcc_high,Logistic,ascend,2179,Sergipe-Alagoas,0,0.0,0.0,0.0,2.991303,0.0,0.01,0,0,0
Brazil,ipcc_high,Logistic,ascend,2179,Espirito Santo,0,0.0,0.0,0.0,10.57108,0.0,0.0353,0,0,0
Brazil,ipcc_high,Logistic,ascend,2179,Potiguar,0,0.0,0.0,0.0,11.694952,0.0,0.039,0,0,0
Brazil,ipcc_high,Logistic,ascend,2179,Solimoes,0,0.0,0.0,0.0,24.773197,0.0,0.0827,0,0,0
Brazil,ipcc_high,Logistic,ascend,2179,Campos,0,0.0,0.0,0.0,80.784079,0.0,0.2695,0,0,0
Brazil,ipcc_high,Logistic,ascend,2179,Barreirinhas-Para-Maranhao,0,0.0,0.0,0.0,167.345756,0.0,0.5584,0,0,0
Canada,ipcc_high,Gompertz,ascend,2050,Beaufort-Mackenzie,18,0.3771,0.3771,1.0,0.007919,0.0008,0.0022,1,1,150
Canada,ipcc_high,Gompertz,ascend,2050,Scotian,163,295.2282,295.2282,1.0,3.201729,0.6651,0.9016,272,2,140
Canada,ipcc_high,Gompertz,ascend,2050,Grand Banks,64,148.3072,406.6817,0.3647,0.341592,0.3341,0.0962,361,3,130
Canada,ipcc_high,Gompertz,ascend,2100,Beaufort-Mackenzie,18,0.3771,0.3771,1.0,0.026773,0.0005,0.0007,1,1,150
Canada,ipcc_high,Gompertz,ascend,2100,Scotian,163,295.2282,295.2282,1.0,17.963138,0.4204,0.4711,272,2,140
Canada,ipcc_high,Gompertz,ascend,2100,Grand Banks,64,406.6817,406.6817,1.0,20.144127,0.5791,0.5282,361,3,130
Canada,ipcc_high,Gompertz,ascend,2179,Beaufort-Mackenzie,18,0.3771,0.3771,1.0,0.056563,0.0005,0.0006,1,1,150
Canada,ipcc_high,Gompertz,ascend,2179,Scotian,163,295.2282,295.2282,1.0,41.286163,0.4204,0.441,272,2,140
Canada,ipcc_high,Gompertz,ascend,2179,Grand Banks,64,406.6817,406.6817,1.0,52.27198,0.5791,0.5584,361,3,130
Canada,ipcc_high,Logistic,ascend,2050,Beaufort-Mackenzie,18,0.3775,0.3775,1.0,0.007928,0.0009,0.0027,1,1,140
Canada,ipcc_high,Logistic,ascend,2050,Scotian,163,443.5349,510.6088,0.8686,2.880303,0.9991,0.9973,462,2,80
Canada,ipcc_high,Logistic,ascend,2050,Grand Banks,0,0.0,0.0,0.0,0.0,0.0,0.0,0,0,0
Canada,ipcc_high,Logistic,ascend,2100,Beaufort-Mackenzie,18,0.3775,0.3775,1.0,0.026805,0.0003,0.0004,1,1,140
Canada,ipcc_high,Logistic,ascend,2100,Scotian,163,510.6088,510.6088,1.0,28.410744,0.371,0.4165,462,2,80
Canada,ipcc_high,Logistic,ascend,2100,Grand Banks,64,865.3272,865.3272,1.0,39.783625,0.6287,0.5832,676,3,60
Canada,ipcc_high,Logistic,ascend,2179,Beaufort-Mackenzie,18,0.0081,0.3775,0.0214,0.049764,1.0,0.0006,1,1,140
Canada,ipcc_high,Logistic,ascend,2179,Scotian,0,0.0,0.0,0.0,36.741174,0.0,0.4471,0,0,0
Canada,ipcc_high,Logistic,ascend,2179,Grand Banks,0,0.0,0.0,0.0,45.392296,0.0,0.5523,0,0,0
EU,ipcc_high,Gompertz,ascend,2050,Baltic,14,0.287,0.287,1.0,0.006027,0.0007,0.0013,1,1,150
EU,ipcc_high,Gompertz,ascend,2050,Polish,142,0.4338,0.4338,1.0,0.009111,0.001,0.002,1,2,150
EU,ipcc_high,Gompertz,ascend,2050,Sava,161,0.499,0.499,1.0,0.010479,0.0012,0.0023,1,3,150
EU,ipcc_high,Gompertz,ascend,2050,Transylvanian,187,0.5399,0.5399,1.0,0.011339,0.0013,0.0025,1,4,150
EU,ipcc_high,Gompertz,ascend,2050,Drava,48,0.6358,0.6358,1.0,0.013351,0.0015,0.0029,1,5,150
EU,ipcc_high,Gompertz,ascend,2050,North Carpathian,114,0.7276,0.7276,1.0,0.015279,0.0017,0.0033,1,6,150
EU,ipcc_high,Gompertz,ascend,2050,Crimea-Karkinit,41,0.7257,0.7257,1.0,0.015239,0.0017,0.0033,1,7,150
EU,ipcc_high,Gompertz,ascend,2050,Paris,134,0.8687,0.8687,1.0,0.018243,0.002,0.004,1,8,150
EU,ipcc_high,Gompertz,ascend,2050,Zala,203,2.1849,2.1849,1.0,0.045883,0.0051,0.01,2,9,150
EU,ipcc_high,Gompertz,ascend,2050,Vienna,194,14.7895,14.7895,1.0,0.31058,0.0348,0.0678,4,10,150
EU,ipcc_high,Gompertz,ascend,2050,Dnieper-Donets,45,22.1816,22.1816,1.0,0.465814,0.0522,0.1016,20,11,150
EU,ipcc_high,Gompertz,ascend,2050,Pannonian,131,31.9848,31.9848,1.0,0.662483,0.0753,0.1445,30,12,150
EU,ipcc_high,Gompertz,ascend,2050,Norwegian,125,38.0984,38.0984,1.0,0.674742,0.0897,0.1472,36,13,150
EU,ipcc_high,Gompertz,ascend,2050,Moesian,100,43.4792,43.4792,1.0,0.633075,0.1024,0.1381,42,14,150
EU,ipcc_high,Gompertz,ascend,2050,Po,141,52.4242,52.4242,1.0,0.604959,0.1235,0.132,49,15,140
EU,ipcc_high,Gompertz,ascend,2050,North Adriatic,112,62.6802,62.6802,1.0,0.531096,0.1476,0.1159,49,16,130
EU,ipcc_high,Gompertz,ascend,2050,Caltanissetta,29,108.0761,108.0761,1.0,0.49321,0.2545,0.1076,64,17,110
EU,ipcc_high,Gompertz,ascend,2050,Lublin,91,44.0182,186.9464,0.2355,0.062963,0.1037,0.0137,169,18,90
EU,ipcc_high,Gompertz,ascend,2050,West Barents,0,0.0,0.0,0.0,0.0,0.0,0.0,0,0,0
EU,ipcc_high,Gompertz,ascend,2050,Northern North Sea,0,0.0,0.0,0.0,0.0,0.0,0.0,0,0,0
EU,ipcc_high,Gompertz,ascend,2100,Baltic,14,0.287,0.287,1.0,0.020376,0.0003,0.0004,1,1,150
EU,ipcc_high,Gompertz,ascend,2100,Polish,142,0.4338,0.4338,1.0,0.030803,0.0004,0.0006,1,2,150
EU,ipcc_high,Gompertz,ascend,2100,Sava,161,0.499,0.499,1.0,0.035428,0.0005,0.0007,1,3,150
EU,ipcc_high,Gompertz,ascend,2100,Transylvanian,187,0.5399,0.5399,1.0,0.038335,0.0006,0.0008,1,4,150
EU,ipcc_high,Gompertz,ascend,2100,Drava,48,0.6358,0.6358,1.0,0.045139,0.0007,0.0009,1,5,150
EU,ipcc_high,Gompertz,ascend,2100,North Carpathian,114,0.7276,0.7276,1.0,0.051657,0.0008,0.0011,1,6,150
EU,ipcc_high,Gompertz,ascend,2100,Crimea-Karkinit,41,0.7257,0.7257,1.0,0.051522,0.0008,0.0011,1,7,150
EU,ipcc_high,Gompertz,ascend,2100,Paris,134,0.8687,0.8687,1.0,0.06168,0.0009,0.0013,1,8,150
EU,ipcc_high,Gompertz,ascend,2100,Zala,203,2.1849,2.1849,1.0,0.155128,0.0023,0.0032,2,9,150
EU,ipcc_high,Gompertz,ascend,2100,Vienna,194,14.7895,14.7895,1.0,1.050056,0.0153,0.0217,4,10,150
EU,ipcc_high,Gompertz,ascend,2100,Dnieper-Donets,45,22.1816,22.1816,1.0,1.574896,0.023,0.0326,20,11,150
EU,ipcc_high,Gompertz,ascend,2100,Pannonian,131,31.9848,31.9848,1.0,2.261724,0.0332,0.0468,30,12,150
EU,ipcc_high,Gompertz,ascend,2100,Norwegian,125,38.0984,38.0984,1.0,2.579664,0.0395,0.0534,36,13,150
EU,ipcc_high,Gompertz,ascend,2100,Moesian,100,43.4792,43.4792,1.0,2.807036,0.0451,0.0581,42,14,150
EU,ipcc_high,Gompertz,ascend,2100,Po,141,52.4242,52.4242,1.0,3.226168,0.0544,0.0668,49,15,140
EU,ipcc_high,Gompertz,ascend,2100,North Adriatic,112,62.6802,62.6802,1.0,3.665103,0.065,0.0758,49,16,130
EU,ipcc_high,Gompertz,ascend,2100,Caltanissetta,29,108.0761,108.0761,1.0,5.897014,0.1121,0.122,64,17,110
EU,ipcc_high,Gompertz,ascend,2100,Lublin,91,186.9464,186.9464,1.0,9.081654,0.1938,0.1879,169,18,90
EU,ipcc_high,Gompertz,ascend,2100,West Barents,198,310.1787,310.1787,1.0,11.988146,0.3216,0.2481,306,19,60
EU,ipcc_high,Gompertz,ascend,2100,Northern North Sea,123,86.7034,705.4767,0.1229,3.705657,0.0899,0.0767,9,20,40
EU,ipcc_high,Gompertz,ascend,2179,Baltic,14,0.287,0.287,1.0,0.043047,0.0017,0.0005,1,1,150
EU,ipcc_high,Gompertz,ascend,2179,Polish,142,0.4338,0.4338,1.0,0.065076,0.0026,0.0007,1,2,150
EU,ipcc_high,Gompertz,ascend,2179,Sava,161,0.499,0.499,1.0,0.074848,0.003,0.0009,1,3,150
EU,ipcc_high,Gompertz,ascend,2179,Transylvanian,187,0.5399,0.5399,1.0,0.08099,0.0033,0.0009,1,4,150
EU,ipcc_high,Gompertz,ascend,2179,Drava,48,0.6358,0.6358,1.0,0.095364,0.0038,0.0011,1,5,150
EU,ipcc_high,Gompertz,ascend,2179,North Carpathian,114,0.7276,0.7276,1.0,0.109135,0.0044,0.0012,1,6,150
EU,ipcc_high,Gompertz,ascend,2179,Crimea-Karkinit,41,0.7257,0.7257,1.0,0.10885,0.0044,0.0012,1,7,150
EU,ipcc_high,Gompertz,ascend,2179,Paris,134,0.8687,0.8687,1.0,0.130309,0.0052,0.0015,1,8,150
EU,ipcc_high,Gompertz,ascend,2179,Zala,203,2.1849,2.1849,1.0,0.327735,0.0132,0.0037,2,9,150
EU,ipcc_high,Gompertz,ascend,2179,Vienna,194,14.7895,14.7895,1.0,2.218429,0.0893,0.0252,4,10,150
EU,ipcc_high,Gompertz,ascend,2179,Dnieper-Donets,45,22.1816,22.1816,1.0,3.327246,0.134,0.0378,20,11,150
EU,ipcc_high,Gompertz,ascend,2179,Pannonian,131,31.9848,31.9848,1.0,4.788524,0.1932,0.0544,30,12,150
EU,ipcc_high,Gompertz,ascend,2179,Norwegian,125,38.0984,38.0984,1.0,5.58944,0.2301,0.0635,36,13,150
EU,ipcc_high,Gompertz,ascend,2179,Moesian,100,43.4792,43.4792,1.0,6.241894,0.2626,0.0709,42,14,150
EU,ipcc_high,Gompertz,ascend,2179,Po,141,8.1209,52.4242,0.1549,7.149303,0.0491,0.0812,49,15,140
EU,ipcc_high,Gompertz,ascend,2179,North Adriatic,0,0.0,0.0,0.0,7.738565,0.0,0.0879,0,0,0
EU,ipcc_high,Gompertz,ascend,2179,Caltanissetta,0,0.0,0.0,0.0,11.695239,0.0,0.1329,0,0,0
EU,ipcc_high,Gompertz,ascend,2179,Lublin,0,0.0,0.0,0.0,16.325455,0.0,0.1855,0,0,0
EU,ipcc_high,Gompertz,ascend,2179,West Barents,0,0.0,0.0,0.0,17.880534,0.0,0.2032,0,0,0
EU,ipcc_high,Gompertz,ascend,2179,Northern North Sea,0,0.0,0.0,0.0,4.014036,0.0,0.0456,0,0,0
EU,ipcc_high,Logistic,ascend,2050,Baltic,14,0.287,0.287,1.0,0.006027,0.0007,0.0016,1,1,150
EU,ipcc_high,Logistic,ascend,2050,Polish,142,0.4344,0.4344,1.0,0.009123,0.001,0.0025,1,2,140
EU,ipcc_high,Logistic,ascend,2050,Sava,161,0.5002,0.5002,1.0,0.010505,0.0012,0.0028,1,3,130
EU,ipcc_high,Logistic,ascend,2050,Transylvanian,187,0.5411,0.5411,1.0,0.011363,0.0013,0.0031,1,4,130
EU,ipcc_high,Logistic,ascend,2050,Drava,48,0.6378,0.6378,1.0,0.013393,0.0015,0.0036,1,5,130
EU,ipcc_high,Logistic,ascend,2050,North Carpathian,114,0.7301,0.7301,1.0,0.015332,0.0017,0.0041,1,6,120
EU,ipcc_high,Logistic,ascend,2050,Crimea-Karkinit,41,0.7289,0.7289,1.0,0.015306,0.0017,0.0041,1,7,120
EU,ipcc_high,Logistic,ascend,2050,Paris,134,0.872,0.872,1.0,0.018313,0.0021,0.0049,1,8,120
EU,ipcc_high,Logistic,ascend,2050,Zala,203,2.1946,2.1946,1.0,0.046086,0.0052,0.0124,2,9,120
EU,ipcc_high,Logistic,ascend,2050,Vienna,194,16.6453,16.6453,1.0,0.349552,0.0392,0.0944,16,10,110
EU,ipcc_high,Logistic,ascend,2050,Dnieper-Donets,45,33.4363,33.4363,1.0,0.686859,0.0787,0.1854,30,11,100
EU,ipcc_high,Logistic,ascend,2050,Pannonian,131,56.4254,56.4254,1.0,0.864537,0.1329,0.2334,56,12,90
EU,ipcc_high,Logistic,ascend,2050,Norwegian,125,70.1269,70.1269,1.0,0.719209,0.1651,0.1941,64,13,80
EU,ipcc_high,Logistic,ascend,2050,Moesian,100,90.0161,90.0161,1.0,0.57071,0.212,0.154,81,14,70
EU,ipcc_high,Logistic,ascend,2050,Po,141,123.5173,123.5173,1.0,0.340871,0.2909,0.092,100,15,60
EU,ipcc_high,Logistic,ascend,2050,North Adriatic,112,27.541,134.8059,0.2043,0.027541,0.0649,0.0074,100,16,60
EU,ipcc_high,Logistic,ascend,2050,Caltanissetta,0,0.0,0.0,0.0,0.0,0.0,0.0,0,0,0
EU,ipcc_high,Logistic,ascend,2050,Lublin,0,0.0,0.0,0.0,0.0,0.0,0.0,0,0,0
EU,ipcc_high,Logistic,ascend,2050,West Barents,0,0.0,0.0,0.0,0.0,0.0,0.0,0,0,0
EU,ipcc_high,Logistic,ascend,2050,Northern North Sea,0,0.0,0.0,0.0,0.0,0.0,0.0,0,0,0
EU,ipcc_high,Logistic,ascend,2100,Baltic,14,0.287,0.287,1.0,0.020376,0.0004,0.0002,1,1,150
EU,ipcc_high,Logistic,ascend,2100,Polish,142,0.4344,0.4344,1.0,0.030844,0.0006,0.0004,1,2,140
EU,ipcc_high,Logistic,ascend,2100,Sava,161,0.5002,0.5002,1.0,0.035516,0.0007,0.0004,1,3,130
EU,ipcc_high,Logistic,ascend,2100,Transylvanian,187,0.5411,0.5411,1.0,0.038417,0.0008,0.0004,1,4,130
EU,ipcc_high,Logistic,ascend,2100,Drava,48,0.6378,0.6378,1.0,0.045282,0.0009,0.0005,1,5,130
EU,ipcc_high,Logistic,ascend,2100,North Carpathian,114,0.7301,0.7301,1.0,0.051836,0.001,0.0006,1,6,120
EU,ipcc_high,Logistic,ascend,2100,Crimea-Karkinit,41,0.7289,0.7289,1.0,0.05175,0.001,0.0006,1,7,120
EU,ipcc_high,Logistic,ascend,2100,Paris,134,0.872,0.872,1.0,0.061915,0.0012,0.0007,1,8,120
EU,ipcc_high,Logistic,ascend,2100,Zala,203,2.1946,2.1946,1.0,0.155816,0.0031,0.0018,2,9,120
EU,ipcc_high,Logistic,ascend,2100,Vienna,194,16.6453,16.6453,1.0,1.181819,0.0234,0.0135,16,10,110
EU,ipcc_high,Logistic,ascend,2100,Dnieper-Donets,45,33.4363,33.4363,1.0,2.358677,0.047,0.027,30,11,100
EU,ipcc_high,Logistic,ascend,2100,Pannonian,131,56.4254,56.4254,1.0,3.685808,0.0794,0.0422,56,12,90
EU,ipcc_high,Logistic,ascend,2100,Norwegian,125,70.1269,70.1269,1.0,4.225553,0.0987,0.0484,64,13,80
EU,ipcc_high,Logistic,ascend,2100,Moesian,100,90.0161,90.0161,1.0,5.071517,0.1267,0.0581,81,14,70
EU,ipcc_high,Logistic,ascend,2100,Po,141,123.5173,123.5173,1.0,6.516737,0.1738,0.0747,100,15,60
EU,ipcc_high,Logistic,ascend,2100,North Adriatic,112,134.8059,134.8059,1.0,6.697934,0.1897,0.0768,100,16,60
EU,ipcc_high,Logistic,ascend,2100,Caltanissetta,29,178.8045,190.0578,0.9408,8.870461,0.2516,0.1016,156,17,50
EU,ipcc_high,Logistic,ascend,2100,Lublin,0,0.0,0.0,0.0,17.107762,0.0,0.196,0,0,0
EU,ipcc_high,Logistic,ascend,2100,West Barents,0,0.0,0.0,0.0,18.449714,0.0,0.2114,0,0,0
EU,ipcc_high,Logistic,ascend,2100,Northern North Sea,0,0.0,0.0,0.0,12.610371,0.0,0.1445,0,0,0
EU,ipcc_high,Logistic,ascend,2179,Baltic,14,0.0987,0.287,0.3441,0.041919,1.0,0.0004,1,1,150
EU,ipcc_high,Logistic,ascend,2179,Polish,0,0.0,0.0,0.0,0.058872,0.0,0.0006,0,0,0
EU,ipcc_high,Logistic,ascend,2179,Sava,0,0.0,0.0,0.0,0.064841,0.0,0.0007,0,0,0
EU,ipcc_high,Logistic,ascend,2179,Transylvanian,0,0.0,0.0,0.0,0.068051,0.0,0.0007,0,0,0
EU,ipcc_high,Logistic,ascend,2179,Drava,0,0.0,0.0,0.0,0.078371,0.0,0.0008,0,0,0
EU,ipcc_high,Logistic,ascend,2179,North Carpathian,0,0.0,0.0,0.0,0.08786,0.0,0.0009,0,0,0
EU,ipcc_high,Logistic,ascend,2179,Crimea-Karkinit,0,0.0,0.0,0.0,0.086254,0.0,0.0009,0,0,0
EU,ipcc_high,Logistic,ascend,2179,Paris,0,0.0,0.0,0.0,0.101585,0.0,0.0011,0,0,0
EU,ipcc_high,Logistic,ascend,2179,Zala,0,0.0,0.0,0.0,0.249871,0.0,0.0027,0,0,0
EU,ipcc_high,Logistic,ascend,2179,Vienna,0,0.0,0.0,0.0,1.762244,0.0,0.0188,0,0,0
EU,ipcc_high,Logistic,ascend,2179,Dnieper-Donets,0,0.0,0.0,0.0,3.23126,0.0,0.0345,0,0,0
EU,ipcc_high,Logistic,ascend,2179,Pannonian,0,0.0,0.0,0.0,4.779384,0.0,0.0511,0,0,0
EU,ipcc_high,Logistic,ascend,2179,Norwegian,0,0.0,0.0,0.0,5.230321,0.0,0.0559,0,0,0
EU,ipcc_high,Logistic,ascend,2179,Moesian,0,0.0,0.0,0.0,6.006894,0.0,0.0642,0,0,0
EU,ipcc_high,Logistic,ascend,2179,Po,0,0.0,0.0,0.0,7.360471,0.0,0.0786,0,0,0
EU,ipcc_high,Logistic,ascend,2179,North Adriatic,0,0.0,0.0,0.0,7.204013,0.0,0.077,0,0,0
EU,ipcc_high,Logistic,ascend,2179,Caltanissetta,0,0.0,0.0,0.0,9.032778,0.0,0.0965,0,0,0
EU,ipcc_high,Logistic,ascend,2179,Lublin,0,0.0,0.0,0.0,17.107762,0.0,0.1828,0,0,0
EU,ipcc_high,Logistic,ascend,2179,West Barents,0,0.0,0.0,0.0,18.449714,0.0,0.1971,0,0,0
EU,ipcc_high,Logistic,ascend,2179,Northern North Sea,0,0.0,0.0,0.0,12.610371,0.0,0.1347,0,0,0
Middle East,ipcc_high,Gompertz,ascend,2050,Gaziantep,60,0.1836,0.1836,1.0,0.003856,0.0011,0.0023,1,1,150
Middle East,ipcc_high,Gompertz,ascend,2050,Diyarbakir,44,0.3281,0.3281,1.0,0.00689,0.0019,0.0041,1,2,150
Middle East,ipcc_high,Gompertz,ascend,2050,Sinjar,167,36.4996,36.4996,1.0,0.712071,0.2113,0.422,36,3,150
Middle East,ipcc_high,Gompertz,ascend,2050,Sabatayn,151,130.2296,130.2296,1.0,0.959167,0.7539,0.5684,110,4,130
Middle East,ipcc_high,Gompertz,ascend,2050,Al Daww,3,5.493,363.0875,0.0151,0.005493,0.0318,0.0033,361,5,60
Middle East,ipcc_high,Gompertz,ascend,2100,Gaziantep,60,0.1836,0.1836,1.0,0.013038,0.0004,0.0006,1,1,150
Middle East,ipcc_high,Gompertz,ascend,2100,Diyarbakir,44,0.3281,0.3281,1.0,0.023294,0.0007,0.001,1,2,150
Middle East,ipcc_high,Gompertz,ascend,2100,Sinjar,167,36.4996,36.4996,1.0,2.537051,0.0743,0.1112,36,3,150
Middle East,ipcc_high,Gompertz,ascend,2100,Sabatayn,151,130.2296,130.2296,1.0,7.470646,0.2651,0.3273,110,4,130
Middle East,ipcc_high,Gompertz,ascend,2100,Al Daww,3,324.0986,363.0875,0.8926,12.779485,0.6596,0.5599,361,5,60
Middle East,ipcc_high,Gompertz,ascend,2179,Gaziantep,60,0.1836,0.1836,1.0,0.027546,0.0023,0.0006,1,1,150
Middle East,ipcc_high,Gompertz,ascend,2179,Diyarbakir,44,0.3281,0.3281,1.0,0.049214,0.0041,0.0011,1,2,150
Middle East,ipcc_high,Gompertz,ascend,2179,Sinjar,167,36.4996,36.4996,1.0,5.420519,0.4545,0.1264,36,3,150
Middle East,ipcc_high,Gompertz,ascend,2179,Sabatayn,151,43.2928,130.2296,0.3324,16.459941,0.5391,0.3839,110,4,130
Middle East,ipcc_high,Gompertz,ascend,2179,Al Daww,0,0.0,0.0,0.0,20.92317,0.0,0.4879,0,0,0
Middle East,ipcc_high,Logistic,ascend,2050,Gaziantep,60,0.1839,0.1839,1.0,0.003862,0.0011,0.0029,1,1,140
Middle East,ipcc_high,Logistic,ascend,2050,Diyarbakir,44,0.3288,0.3288,1.0,0.006905,0.0019,0.0051,1,2,130
Middle East,ipcc_high,Logistic,ascend,2050,Sinjar,167,58.4715,58.4715,1.0,0.876363,0.3385,0.6511,56,3,90
Middle East,ipcc_high,Logistic,ascend,2050,Sabatayn,151,113.7498,282.8197,0.4022,0.458806,0.6585,0.3409,225,4,60
Middle East,ipcc_high,Logistic,ascend,2050,Al Daww,0,0.0,0.0,0.0,0.0,0.0,0.0,0,0,0
Middle East,ipcc_high,Logistic,ascend,2050,Sayun-Masila,0,0.0,0.0,0.0,0.0,0.0,0.0,0,0,0
Middle East,ipcc_high,Logistic,ascend,2100,Gaziantep,60,0.1839,0.1839,1.0,0.013057,0.0007,0.0003,1,1,140
Middle East,ipcc_high,Logistic,ascend,2100,Diyarbakir,44,0.3288,0.3288,1.0,0.023347,0.0013,0.0005,1,2,130
Middle East,ipcc_high,Logistic,ascend,2100,Sinjar,167,58.4715,58.4715,1.0,3.799936,0.2357,0.087,56,3,90
Middle East,ipcc_high,Logistic,ascend,2100,Sabatayn,151,189.067,282.8197,0.6685,13.970158,0.7622,0.32,225,4,60
Middle East,ipcc_high,Logistic,ascend,2100,Al Daww,0,0.0,0.0,0.0,20.774433,0.0,0.4758,0,0,0
Middle East,ipcc_high,Logistic,ascend,2100,Sayun-Masila,0,0.0,0.0,0.0,5.079926,0.0,0.1163,0,0,0
Middle East,ipcc_high,Logistic,ascend,2179,Gaziantep,60,0.0082,0.1839,0.0444,0.024483,1.0,0.0005,1,1,140
Middle East,ipcc_high,Logistic,ascend,2179,Diyarbakir,0,0.0,0.0,0.0,0.039893,0.0,0.0009,0,0,0
Middle East,ipcc_high,Logistic,ascend,2179,Sinjar,0,0.0,0.0,0.0,4.867839,0.0,0.107,0,0,0
Middle East,ipcc_high,Logistic,ascend,2179,Sabatayn,0,0.0,0.0,0.0,14.720163,0.0,0.3235,0,0,0
Middle East,ipcc_high,Logistic,ascend,2179,Al Daww,0,0.0,0.0,0.0,20.774433,0.0,0.4565,0,0,0
Middle East,ipcc_high,Logistic,ascend,2179,Sayun-Masila,0,0.0,0.0,0.0,5.079926,0.0,0.1116,0,0,0
Thailand,ipcc_high,Gompertz,ascend,2050,Kra-Gulf of Thailand,80,11.0282,34.3442,0.3211,0.093708,1.0,1.0,30,1,130
Thailand,ipcc_high,Gompertz,ascend,2050,Pattani,0,0.0,0.0,0.0,0.0,0.0,0.0,0,0,0
Thailand,ipcc_high,Gompertz,ascend,2100,Kra-Gulf of Thailand,80,34.3442,34.3442,1.0,1.626608,0.3669,0.5788,30,1,130
Thailand,ipcc_high,Gompertz,ascend,2100,Pattani,135,59.2546,325.7147,0.1819,1.183669,0.6331,0.4212,12,2,120
Thailand,ipcc_high,Gompertz,ascend,2179,Kra-Gulf of Thailand,80,34.3442,34.3442,1.0,4.339803,0.8585,0.4938,30,1,130
Thailand,ipcc_high,Gompertz,ascend,2179,Pattani,135,5.6609,325.7147,0.0174,4.448645,0.1415,0.5062,12,2,120
Thailand,ipcc_high,Logistic,ascend,2050,Kra-Gulf of Thailand,80,11.0282,60.9149,0.181,0.077393,1.0,1.0,49,1,60
Thailand,ipcc_high,Logistic,ascend,2050,Pattani,0,0.0,0.0,0.0,0.0,0.0,0.0,0,0,0
Thailand,ipcc_high,Logistic,ascend,2100,Kra-Gulf of Thailand,80,60.9149,60.9149,1.0,2.768432,0.5308,0.2853,49,1,60
Thailand,ipcc_high,Logistic,ascend,2100,Pattani,135,53.8404,782.2883,0.0688,6.936004,0.4692,0.7147,49,2,50
Thailand,ipcc_high,Logistic,ascend,2179,Kra-Gulf of Thailand,80,0.0012,60.9149,0.0,3.46678,1.0,0.3303,49,1,60
Thailand,ipcc_high,Logistic,ascend,2179,Pattani,0,0.0,0.0,0.0,7.029499,0.0,0.6697,0,0,0
UK,ipcc_high,Gompertz,ascend,2050,East Midlands,51,10.5738,10.5738,1.0,0.22205,0.0429,0.0969,9,1,150
UK,ipcc_high,Gompertz,ascend,2050,Southern North Sea,176,43.7188,43.7188,1.0,0.802521,0.1776,0.3502,42,2,150
UK,ipcc_high,Gompertz,ascend,2050,Wessex,197,63.0608,63.0608,1.0,0.71993,0.2561,0.3142,49,3,140
UK,ipcc_high,Gompertz,ascend,2050,Moray Firth,101,120.1381,120.1381,1.0,0.538412,0.4879,0.2349,100,4,130
UK,ipcc_high,Gompertz,ascend,2050,Central North Sea,34,8.7281,290.4194,0.0301,0.008728,0.0354,0.0038,256,5,90
UK,ipcc_high,Gompertz,ascend,2050,Faroe-Shetland,0,0.0,0.0,0.0,0.0,0.0,0.0,0,0,0
UK,ipcc_high,Gompertz,ascend,2100,East Midlands,51,10.5738,10.5738,1.0,0.75074,0.0124,0.0205,9,1,150
UK,ipcc_high,Gompertz,ascend,2100,Southern North Sea,176,43.7188,43.7188,1.0,2.988459,0.0514,0.0815,42,2,150
UK,ipcc_high,Gompertz,ascend,2100,Wessex,197,63.0608,63.0608,1.0,3.87297,0.0741,0.1056,49,3,140
UK,ipcc_high,Gompertz,ascend,2100,Moray Firth,101,120.1381,120.1381,1.0,6.545319,0.1411,0.1784,100,4,130
UK,ipcc_high,Gompertz,ascend,2100,Central North Sea,34,290.4194,290.4194,1.0,12.800297,0.3412,0.3489,256,5,90
UK,ipcc_high,Gompertz,ascend,2100,Faroe-Shetland,55,323.2755,1225.7071,0.2637,9.728136,0.3798,0.2652,25,6,70
UK,ipcc_high,Gompertz,ascend,2179,East Midlands,51,10.5738,10.5738,1.0,1.586069,0.0699,0.0218,9,1,150
UK,ipcc_high,Gompertz,ascend,2179,Southern North Sea,176,43.7188,43.7188,1.0,6.442241,0.289,0.0884,42,2,150
UK,ipcc_high,Gompertz,ascend,2179,Wessex,197,63.0608,63.0608,1.0,8.854773,0.4169,0.1215,49,3,140
UK,ipcc_high,Gompertz,ascend,2179,Moray Firth,101,33.9048,120.1381,0.2822,15.251363,0.2242,0.2093,100,4,130
UK,ipcc_high,Gompertz,ascend,2179,Central North Sea,0,0.0,0.0,0.0,25.817649,0.0,0.3543,0,0,0
UK,ipcc_high,Gompertz,ascend,2179,Faroe-Shetland,0,0.0,0.0,0.0,14.918725,0.0,0.2047,0,0,0
UK,ipcc_high,Logistic,ascend,2050,East Midlands,51,14.4472,14.4472,1.0,0.303391,0.0587,0.166,12,1,110
UK,ipcc_high,Logistic,ascend,2050,Southern North Sea,176,76.5702,76.5702,1.0,0.963018,0.311,0.527,56,2,80
UK,ipcc_high,Logistic,ascend,2050,Wessex,197,122.2986,122.2986,1.0,0.525764,0.4967,0.2877,49,3,70
UK,ipcc_high,Logistic,ascend,2050,Moray Firth,101,32.9035,290.9913,0.1131,0.03505,0.1336,0.0192,240,4,50
UK,ipcc_high,Logistic,ascend,2050,Central North Sea,0,0.0,0.0,0.0,0.0,0.0,0.0,0,0,0
UK,ipcc_high,Logistic,ascend,2050,Faroe-Shetland,0,0.0,0.0,0.0,0.0,0.0,0.0,0,0,0
UK,ipcc_high,Logistic,ascend,2100,East Midlands,51,14.4472,14.4472,1.0,1.025752,0.0364,0.0137,12,1,110
UK,ipcc_high,Logistic,ascend,2100,Southern North Sea,176,76.5702,76.5702,1.0,4.79153,0.1927,0.0638,56,2,80
UK,ipcc_high,Logistic,ascend,2100,Wessex,197,122.2986,122.2986,1.0,6.640694,0.3078,0.0884,49,3,70
UK,ipcc_high,Logistic,ascend,2100,Moray Firth,101,184.0523,290.9913,0.6325,13.758431,0.4632,0.1831,240,4,50
UK,ipcc_high,Logistic,ascend,2100,Central North Sea,0,0.0,0.0,0.0,23.063354,0.0,0.307,0,0,0
UK,ipcc_high,Logistic,ascend,2100,Faroe-Shetland,0,0.0,0.0,0.0,25.847423,0.0,0.344,0,0,0
UK,ipcc_high,Logistic,ascend,2179,East Midlands,51,0.007,14.4472,0.0005,1.47321,1.0,0.0189,12,1,110
UK,ipcc_high,Logistic,ascend,2179,Southern North Sea,0,0.0,0.0,0.0,5.958888,0.0,0.0765,0,0,0
UK,ipcc_high,Logistic,ascend,2179,Wessex,0,0.0,0.0,0.0,7.487311,0.0,0.0961,0,0,0
UK,ipcc_high,Logistic,ascend,2179,Moray Firth,0,0.0,0.0,0.0,14.063969,0.0,0.1806,0,0,0
UK,ipcc_high,Logistic,ascend,2179,Central North Sea,0,0.0,0.0,0.0,23.063354,0.0,0.2961,0,0,0
UK,ipcc_high,Logistic,ascend,2179,Faroe-Shetland,0,0.0,0.0,0.0,25.847423,0.0,0.3318,0,0,0
US,ipcc_high,Gompertz,ascend,2050,Paradox,133,0.0538,0.0538,1.0,0.001129,0.0,0.0,1,1,150
US,ipcc_high,Gompertz,ascend,2050,Appalachian,7,0.0887,0.0887,1.0,0.001863,0.0,0.0001,1,2,150
US,ipcc_high,Gompertz,ascend,2050,Denver,43,0.1582,0.1582,1.0,0.003323,0.0,0.0001,1,3,150
US,ipcc_high,Gompertz,ascend,2050,Arkoma,10,0.5332,0.5332,1.0,0.011197,0.0001,0.0003,1,4,150
US,ipcc_high,Gompertz,ascend,2050,Big Horn,21,0.5351,0.5351,1.0,0.011237,0.0001,0.0003,1,5,150
US,ipcc_high,Gompertz,ascend,2050,Green River,65,0.7131,0.7131,1.0,0.014975,0.0002,0.0004,1,6,150
US,ipcc_high,Gompertz,ascend,2050,Black Warrior,23,0.9946,0.9946,1.0,0.020887,0.0003,0.0006,1,7,150
US,ipcc_high,Gompertz,ascend,2050,Powder River,144,14.1,14.1,1.0,0.296101,0.0038,0.0083,12,8,150
US,ipcc_high,Gompertz,ascend,2050,Laramie,86,40.7726,40.7726,1.0,0.856225,0.0109,0.024,30,9,150
US,ipcc_high,Gompertz,ascend,2050,San Juan,156,30.4637,30.4637,1.0,0.639737,0.0082,0.0179,16,10,150
US,ipcc_high,Gompertz,ascend,2050,Cook Inlet,39,55.1146,55.1146,1.0,1.157407,0.0148,0.0324,49,11,150
US,ipcc_high,Gompertz,ascend,2050,Palo Duro,130,71.3579,71.3579,1.0,1.498517,0.0192,0.042,64,12,150
US,ipcc_high,Gompertz,ascend,2050,Sacramento,152,191.4763,191.4763,1.0,3.914996,0.0514,0.1097,156,13,150
US,ipcc_high,Gompertz,ascend,2050,Fort Worth,57,443.1253,443.1253,1.0,7.453514,0.119,0.2088,380,14,130
US,ipcc_high,Gompertz,ascend,2050,San Joaquin,154,624.7598,624.7598,1.0,7.881348,0.1678,0.2208,506,15,110
US,ipcc_high,Gompertz,ascend,2050,Los Angeles,89,1089.5612,1089.5612,1.0,8.578382,0.2926,0.2403,380,16,90
US,ipcc_high,Gompertz,ascend,2050,Anadarko,6,1160.0767,2049.2555,0.5661,3.357101,0.3115,0.094,961,17,70
US,ipcc_high,Gompertz,ascend,2050,Illinois,0,0.0,0.0,0.0,0.0,0.0,0.0,0,0,0
US,ipcc_high,Gompertz,ascend,2100,Paradox,133,0.0538,0.0538,1.0,0.003817,0.0,0.0,1,1,150
US,ipcc_high,Gompertz,ascend,2100,Appalachian,7,0.0887,0.0887,1.0,0.006297,0.0,0.0,1,2,150
US,ipcc_high,Gompertz,ascend,2100,Denver,43,0.1582,0.1582,1.0,0.011234,0.0,0.0,1,3,150
US,ipcc_high,Gompertz,ascend,2100,Arkoma,10,0.5332,0.5332,1.0,0.037857,0.0001,0.0001,1,4,150
US,ipcc_high,Gompertz,ascend,2100,Big Horn,21,0.5351,0.5351,1.0,0.037992,0.0001,0.0001,1,5,150
US,ipcc_high,Gompertz,ascend,2100,Green River,65,0.7131,0.7131,1.0,0.050629,0.0001,0.0001,1,6,150
US,ipcc_high,Gompertz,ascend,2100,Black Warrior,23,0.9946,0.9946,1.0,0.070618,0.0002,0.0002,1,7,150
US,ipcc_high,Gompertz,ascend,2100,Powder River,144,14.1,14.1,1.0,1.001103,0.0028,0.0028,12,8,150
US,ipcc_high,Gompertz,ascend,2100,Laramie,86,40.7726,40.7726,1.0,2.894856,0.008,0.0082,30,9,150
US,ipcc_high,Gompertz,ascend,2100,San Juan,156,30.4637,30.4637,1.0,2.162921,0.006,0.0061,16,10,150
US,ipcc_high,Gompertz,ascend,2100,Cook Inlet,39,55.1146,55.1146,1.0,3.913137,0.0108,0.0111,49,11,150
US,ipcc_high,Gompertz,ascend,2100,Palo Duro,130,71.3579,71.3579,1.0,5.066414,0.014,0.0144,64,12,150
US,ipcc_high,Gompertz,ascend,2100,Sacramento,152,191.4763,191.4763,1.0,13.48881,0.0375,0.0382,156,13,150
US,ipcc_high,Gompertz,ascend,2100,Fort Worth,57,443.1253,443.1253,1.0,29.609781,0.0868,0.084,380,14,130
US,ipcc_high,Gompertz,ascend,2100,San Joaquin,154,624.7598,624.7598,1.0,39.119336,0.1224,0.1109,506,15,110
US,ipcc_high,Gompertz,ascend,2100,Los Angeles,89,1089.5612,1089.5612,1.0,63.05644,0.2135,0.1788,380,16,90
US,ipcc_high,Gompertz,ascend,2100,Anadarko,6,2049.2555,2049.2555,1.0,104.635266,0.4016,0.2967,961,17,70
US,ipcc_high,Gompertz,ascend,2100,Illinois,71,489.7494,3436.6259,0.1425,87.536426,0.096,0.2482,2500,18,50
US,ipcc_high,Gompertz,ascend,2179,Paradox,133,0.0538,0.0538,1.0,0.008065,0.0002,0.0,1,1,150
US,ipcc_high,Gompertz,ascend,2179,Appalachian,7,0.0887,0.0887,1.0,0.013304,0.0003,0.0,1,2,150
US,ipcc_high,Gompertz,ascend,2179,Denver,43,0.1582,0.1582,1.0,0.023735,0.0005,0.0,1,3,150
US,ipcc_high,Gompertz,ascend,2179,Arkoma,10,0.5332,0.5332,1.0,0.07998,0.0017,0.0002,1,4,150
US,ipcc_high,Gompertz,ascend,2179,Big Horn,21,0.5351,0.5351,1.0,0.080265,0.0017,0.0002,1,5,150
US,ipcc_high,Gompertz,ascend,2179,Green River,65,0.7131,0.7131,1.0,0.106963,0.0023,0.0002,1,6,150
US,ipcc_high,Gompertz,ascend,2179,Black Warrior,23,0.9946,0.9946,1.0,0.149193,0.0032,0.0003,1,7,150
US,ipcc_high,Gompertz,ascend,2179,Powder River,144,14.1,14.1,1.0,2.115006,0.0453,0.0043,12,8,150
US,ipcc_high,Gompertz,ascend,2179,Laramie,86,40.7726,40.7726,1.0,6.115893,0.131,0.0123,30,9,150
US,ipcc_high,Gompertz,ascend,2179,San Juan,156,30.4637,30.4637,1.0,4.569552,0.0979,0.0092,16,10,150
US,ipcc_high,Gompertz,ascend,2179,Cook Inlet,39,55.1146,55.1146,1.0,8.267192,0.177,0.0166,49,11,150
US,ipcc_high,Gompertz,ascend,2179,Palo Duro,130,71.3579,71.3579,1.0,10.703691,0.2292,0.0215,64,12,150
US,ipcc_high,Gompertz,ascend,2179,Sacramento,152,96.4312,191.4763,0.5036,28.229118,0.3098,0.0568,156,13,150
US,ipcc_high,Gompertz,ascend,2179,Fort Worth,0,0.0,0.0,0.0,56.644904,0.0,0.114,0,0,0
US,ipcc_high,Gompertz,ascend,2179,San Joaquin,0,0.0,0.0,0.0,66.972798,0.0,0.1347,0,0,0
US,ipcc_high,Gompertz,ascend,2179,Los Angeles,0,0.0,0.0,0.0,95.122577,0.0,0.1914,0,0,0
US,ipcc_high,Gompertz,ascend,2179,Anadarko,0,0.0,0.0,0.0,129.636909,0.0,0.2608,0,0,0
US,ipcc_high,Gompertz,ascend,2179,Illinois,0,0.0,0.0,0.0,88.234837,0.0,0.1775,0,0,0
US,ipcc_high,Logistic,ascend,2050,Paradox,133,0.0538,0.0538,1.0,0.001131,0.0,0.0,1,1,140
US,ipcc_high,Logistic,ascend,2050,Appalachian,7,0.089,0.089,1.0,0.001868,0.0,0.0001,1,2,130
US,ipcc_high,Logistic,ascend,2050,Denver,43,0.1586,0.1586,1.0,0.003331,0.0,0.0001,1,3,130
US,ipcc_high,Logistic,ascend,2050,Arkoma,10,0.537,0.537,1.0,0.011276,0.0001,0.0004,1,4,120
US,ipcc_high,Logistic,ascend,2050,Big Horn,21,0.5384,0.5384,1.0,0.011307,0.0001,0.0004,1,5,120
US,ipcc_high,Logistic,ascend,2050,Green River,65,0.7177,0.7177,1.0,0.015072,0.0002,0.0006,1,6,120
US,ipcc_high,Logistic,ascend,2050,Black Warrior,23,9.0032,9.0032,1.0,0.189067,0.0024,0.0071,9,7,110
US,ipcc_high,Logistic,ascend,2050,Powder River,144,22.3902,22.3902,1.0,0.470194,0.006,0.0176,20,8,100
US,ipcc_high,Logistic,ascend,2050,Laramie,86,51.6462,51.6462,1.0,1.084571,0.0139,0.0405,49,9,90
US,ipcc_high,Logistic,ascend,2050,San Juan,156,44.991,44.991,1.0,0.944811,0.0121,0.0353,36,10,90
US,ipcc_high,Logistic,ascend,2050,Cook Inlet,39,105.1648,105.1648,1.0,2.176499,0.0282,0.0814,100,11,80
US,ipcc_high,Logistic,ascend,2050,Palo Duro,130,138.5512,138.5512,1.0,2.473736,0.0372,0.0925,132,12,80
US,ipcc_high,Logistic,ascend,2050,Sacramento,152,416.5646,416.5646,1.0,5.660353,0.1119,0.2116,380,13,70
US,ipcc_high,Logistic,ascend,2050,Fort Worth,57,942.6787,942.6787,1.0,7.843818,0.2531,0.2932,729,14,60
US,ipcc_high,Logistic,ascend,2050,San Joaquin,154,1405.0725,1405.0725,1.0,5.16674,0.3773,0.1931,1122,15,50
US,ipcc_high,Logistic,ascend,2050,Los Angeles,89,585.7279,2342.6647,0.25,0.698091,0.1573,0.0261,729,16,40
US,ipcc_high,Logistic,ascend,2050,Anadarko,0,0.0,0.0,0.0,0.0,0.0,0.0,0,0,0
US,ipcc_high,Logistic,ascend,2050,Illinois,0,0.0,0.0,0.0,0.0,0.0,0.0,0,0,0
US,ipcc_high,Logistic,ascend,2100,Paradox,133,0.0538,0.0538,1.0,0.003823,0.0001,0.0,1,1,140
US,ipcc_high,Logistic,ascend,2100,Appalachian,7,0.089,0.089,1.0,0.006316,0.0001,0.0,1,2,130
US,ipcc_high,Logistic,ascend,2100,Denver,43,0.1586,0.1586,1.0,0.011263,0.0002,0.0,1,3,130
US,ipcc_high,Logistic,ascend,2100,Arkoma,10,0.537,0.537,1.0,0.038123,0.0007,0.0001,1,4,120
US,ipcc_high,Logistic,ascend,2100,Big Horn,21,0.5384,0.5384,1.0,0.038229,0.0007,0.0001,1,5,120
US,ipcc_high,Logistic,ascend,2100,Green River,65,0.7177,0.7177,1.0,0.050957,0.001,0.0001,1,6,120
US,ipcc_high,Logistic,ascend,2100,Black Warrior,23,9.0032,9.0032,1.0,0.639228,0.0121,0.0013,9,7,110
US,ipcc_high,Logistic,ascend,2100,Powder River,144,22.3902,22.3902,1.0,1.589703,0.0301,0.0032,20,8,100
US,ipcc_high,Logistic,ascend,2100,Laramie,86,51.6462,51.6462,1.0,3.666881,0.0695,0.0073,49,9,90
US,ipcc_high,Logistic,ascend,2100,San Juan,156,44.991,44.991,1.0,3.194362,0.0605,0.0064,36,10,90
US,ipcc_high,Logistic,ascend,2100,Cook Inlet,39,105.1648,105.1648,1.0,7.434738,0.1415,0.0149,100,11,80
US,ipcc_high,Logistic,ascend,2100,Palo Duro,130,138.5512,138.5512,1.0,9.401295,0.1864,0.0188,132,12,80
US,ipcc_high,Logistic,ascend,2100,Sacramento,152,369.3073,416.5646,0.8866,26.441327,0.4969,0.0529,380,13,70
US,ipcc_high,Logistic,ascend,2100,Fort Worth,0,0.0,0.0,0.0,51.258389,0.0,0.1025,0,0,0
US,ipcc_high,Logistic,ascend,2100,San Joaquin,0,0.0,0.0,0.0,63.344674,0.0,0.1267,0,0,0
US,ipcc_high,Logistic,ascend,2100,Los Angeles,0,0.0,0.0,0.0,85.962223,0.0,0.1719,0,0,0
US,ipcc_high,Logistic,ascend,2100,Anadarko,0,0.0,0.0,0.0,127.882242,0.0,0.2557,0,0,0
US,ipcc_high,Logistic,ascend,2100,Illinois,0,0.0,0.0,0.0,119.152462,0.0,0.2382,0,0,0
US,ipcc_high,Logistic,ascend,2179,Paradox,133,0.0052,0.0538,0.0973,0.007541,1.0,0.0,1,1,140
US,ipcc_high,Logistic,ascend,2179,Appalachian,0,0.0,0.0,0.0,0.011588,0.0,0.0,0,0,0
US,ipcc_high,Logistic,ascend,2179,Denver,0,0.0,0.0,0.0,0.019787,0.0,0.0,0,0,0
US,ipcc_high,Logistic,ascend,2179,Arkoma,0,0.0,0.0,0.0,0.063671,0.0,0.0001,0,0,0
US,ipcc_high,Logistic,ascend,2179,Big Horn,0,0.0,0.0,0.0,0.061381,0.0,0.0001,0,0,0
US,ipcc_high,Logistic,ascend,2179,Green River,0,0.0,0.0,0.0,0.079631,0.0,0.0002,0,0,0
US,ipcc_high,Logistic,ascend,2179,Black Warrior,0,0.0,0.0,0.0,0.924259,0.0,0.0018,0,0,0
US,ipcc_high,Logistic,ascend,2179,Powder River,0,0.0,0.0,0.0,2.110001,0.0,0.0042,0,0,0
US,ipcc_high,Logistic,ascend,2179,Laramie,0,0.0,0.0,0.0,4.526455,0.0,0.009,0,0,0
US,ipcc_high,Logistic,ascend,2179,San Juan,0,0.0,0.0,0.0,3.757167,0.0,0.0074,0,0,0
US,ipcc_high,Logistic,ascend,2179,Cook Inlet,0,0.0,0.0,0.0,8.383437,0.0,0.0166,0,0,0
US,ipcc_high,Logistic,ascend,2179,Palo Duro,0,0.0,0.0,0.0,10.171248,0.0,0.0202,0,0,0
US,ipcc_high,Logistic,ascend,2179,Sacramento,0,0.0,0.0,0.0,27.027511,0.0,0.0535,0,0,0
US,ipcc_high,Logistic,ascend,2179,Fort Worth,0,0.0,0.0,0.0,51.258389,0.0,0.1016,0,0,0
US,ipcc_high,Logistic,ascend,2179,San Joaquin,0,0.0,0.0,0.0,63.344674,0.0,0.1255,0,0,0
US,ipcc_high,Logistic,ascend,2179,Los Angeles,0,0.0,0.0,0.0,85.962223,0.0,0.1703,0,0,0
US,ipcc_high,Logistic,ascend,2179,Anadarko,0,0.0,0.0,0.0,127.882242,0.0,0.2534,0,0,0
US,ipcc_high,Logistic,ascend,2179,Illinois,0,0.0,0.0,0.0,119.152462,0.0,0.2361,0,0,0
Australia,ipcc_low,Gompertz,ascend,2050,Adavale,1,0.2002,0.2002,1.0,0.004205,0.0321,0.0458,1,1,150
Australia,ipcc_low,Gompertz,ascend,2050,Bowen-Surat,27,0.619,0.619,1.0,0.012998,0.0993,0.1415,1,2,150
Australia,ipcc_low,Gompertz,ascend,2050,Canning,31,5.4109,103.4673,0.0523,0.074639,0.8685,0.8127,81,3,70
Australia,ipcc_low,Gompertz,ascend,2050,Gippsland,0,0.0,0.0,0.0,0.0,0.0,0.0,0,0,0
Australia,ipcc_low,Gompertz,ascend,2100,Adavale,1,0.2002,0.2002,1.0,0.014217,0.0066,0.0159,1,1,150
Australia,ipcc_low,Gompertz,ascend,2100,Bowen-Surat,27,0.619,0.619,1.0,0.043946,0.0204,0.0491,1,2,150
Australia,ipcc_low,Gompertz,ascend,2100,Canning,31,29.5535,103.4673,0.2856,0.837129,0.973,0.935,81,3,70
Australia,ipcc_low,Gompertz,ascend,2100,Gippsland,0,0.0,0.0,0.0,0.0,0.0,0.0,0,0,0
Australia,ipcc_low,Gompertz,ascend,2179,Adavale,1,0.2002,0.2002,1.0,0.030037,0.0012,0.0039,1,1,150
Australia,ipcc_low,Gompertz,ascend,2179,Bowen-Surat,27,0.619,0.619,1.0,0.092844,0.0038,0.0121,1,2,150
Australia,ipcc_low,Gompertz,ascend,2179,Canning,31,103.4673,103.4673,1.0,6.78739,0.6283,0.8842,81,3,70
Australia,ipcc_low,Gompertz,ascend,2179,Gippsland,63,60.39,512.7339,0.1178,0.766407,0.3667,0.0998,4,4,30
Australia,ipcc_low,Logistic,ascend,2050,Adavale,1,0.2002,0.2002,1.0,0.004205,0.0321,0.0477,1,1,150
Australia,ipcc_low,Logistic,ascend,2050,Bowen-Surat,27,0.619,0.619,1.0,0.012998,0.0993,0.1474,1,2,150
Australia,ipcc_low,Logistic,ascend,2050,Canning,31,5.4109,72.1087,0.075,0.07099,0.8685,0.8049,72,3,100
Australia,ipcc_low,Logistic,ascend,2050,Gippsland,0,0.0,0.0,0.0,0.0,0.0,0.0,0,0,0
Australia,ipcc_low,Logistic,ascend,2050,Bass,0,0.0,0.0,0.0,0.0,0.0,0.0,0,0,0
Australia,ipcc_low,Logistic,ascend,2100,Adavale,1,0.2002,0.2002,1.0,0.014217,0.0038,0.0118,1,1,150
Australia,ipcc_low,Logistic,ascend,2100,Bowen-Surat,27,0.619,0.619,1.0,0.043946,0.0117,0.0366,1,2,150
Australia,ipcc_low,Logistic,ascend,2100,Canning,31,51.8767,72.1087,0.7194,1.14233,0.9845,0.9516,72,3,100
Australia,ipcc_low,Logistic,ascend,2100,Gippsland,0,0.0,0.0,0.0,0.0,0.0,0.0,0,0,0
Australia,ipcc_low,Logistic,ascend,2100,Bass,0,0.0,0.0,0.0,0.0,0.0,0.0,0,0,0
Australia,ipcc_low,Logistic,ascend,2179,Adavale,1,0.2002,0.2002,1.0,0.030037,0.0001,0.0009,1,1,150
Australia,ipcc_low,Logistic,ascend,2179,Bowen-Surat,27,0.619,0.619,1.0,0.092844,0.0005,0.0027,1,2,150
Australia,ipcc_low,Logistic,ascend,2179,Canning,31,72.1087,72.1087,1.0,6.767325,0.0533,0.196,72,3,100
Australia,ipcc_low,Logistic,ascend,2179,Gippsland,63,308.6373,308.6373,1.0,14.531007,0.2281,0.4208,306,4,50
Australia,ipcc_low,Logistic,ascend,2179,Bass,17,971.4364,1694.8578,0.5732,13.107305,0.718,0.3796,702,5,10
Canada,ipcc_low,Logistic,ascend,2050,Beaufort-Mackenzie,18,0.3771,0.3771,1.0,0.007919,0.2112,0.2391,1,1,150
Canada,ipcc_low,Logistic,ascend,2050,Scotian,163,1.4082,282.6707,0.005,0.025201,0.7888,0.7609,6,2,150
Canada,ipcc_low,Logistic,ascend,2100,Beaufort-Mackenzie,18,0.3771,0.3771,1.0,0.026773,0.112,0.1688,1,1,150
Canada,ipcc_low,Logistic,ascend,2100,Scotian,163,2.99,282.6707,0.0106,0.131798,0.888,0.8312,6,2,150
Canada,ipcc_low,Logistic,ascend,2179,Beaufort-Mackenzie,18,0.3771,0.3771,1.0,0.056563,0.0412,0.0914,1,1,150
Canada,ipcc_low,Logistic,ascend,2179,Scotian,163,8.7863,282.6707,0.0311,0.56237,0.9588,0.9086,6,2,150
China,ipcc_low,Gompertz,ascend,2050,Hailar-Temtsag,69,0.0402,0.0402,1.0,0.000845,0.0005,0.001,1,1,150
China,ipcc_low,Gompertz,ascend,2050,Sichuan,166,0.1036,0.1036,1.0,0.002175,0.0012,0.0026,1,2,150
China,ipcc_low,Gompertz,ascend,2050,Santanghu,158,0.1058,0.1058,1.0,0.002223,0.0012,0.0027,1,3,150
China,ipcc_low,Gompertz,ascend,2050,Junggar,78,0.3654,0.3654,1.0,0.007673,0.0042,0.0093,1,4,150
China,ipcc_low,Gompertz,ascend,2050,Jiuquan,77,0.4616,0.4616,1.0,0.009693,0.0052,0.0118,1,5,150
China,ipcc_low,Gompertz,ascend,2050,Sanshui,157,0.5507,0.5507,1.0,0.011565,0.0063,0.0141,1,6,150
China,ipcc_low,Gompertz,ascend,2050,Bose,26,0.6099,0.6099,1.0,0.012809,0.0069,0.0156,1,7,150
China,ipcc_low,Gompertz,ascend,2050,Qaidam,146,0.6127,0.6127,1.0,0.012866,0.007,0.0157,1,8,150
China,ipcc_low,Gompertz,ascend,2050,Jianghan,76,0.6968,0.6968,1.0,0.014634,0.0079,0.0178,1,9,150
China,ipcc_low,Gompertz,ascend,2050,Yilan-Yitong,201,21.066,21.066,1.0,0.37682,0.2395,0.4589,20,10,150
China,ipcc_low,Gompertz,ascend,2050,Turpan,192,27.2544,27.2544,1.0,0.255373,0.3099,0.311,25,11,140
China,ipcc_low,Gompertz,ascend,2050,Songliao,170,36.0756,47.3479,0.7619,0.11439,0.4102,0.1393,42,12,140
China,ipcc_low,Gompertz,ascend,2050,Nanxiang,0,0.0,0.0,0.0,0.0,0.0,0.0,0,0,0
China,ipcc_low,Gompertz,ascend,2050,Erlian,0,0.0,0.0,0.0,0.0,0.0,0.0,0,0,0
China,ipcc_low,Gompertz,ascend,2050,Subei,0,0.0,0.0,0.0,0.0,0.0,0.0,0,0,0
China,ipcc_low,Gompertz,ascend,2050,Ordos,0,0.0,0.0,0.0,0.0,0.0,0.0,0,0,0
China,ipcc_low,Gompertz,ascend,2050,Beibuwan,0,0.0,0.0,0.0,0.0,0.0,0.0,0,0,0
China,ipcc_low,Gompertz,ascend,2050,Bohai Bay,0,0.0,0.0,0.0,0.0,0.0,0.0,0,0,0
China,ipcc_low,Gompertz,ascend,2050,Pearl River Mouth,0,0.0,0.0,0.0,0.0,0.0,0.0,0,0,0
China,ipcc_low,Gompertz,ascend,2050,Huabei,0,0.0,0.0,0.0,0.0,0.0,0.0,0,0,0
China,ipcc_low,Gompertz,ascend,2050,Tarim,0,0.0,0.0,0.0,0.0,0.0,0.0,0,0,0
China,ipcc_low,Gompertz,ascend,2100,Hailar-Temtsag,69,0.0402,0.0402,1.0,0.002856,0.0,0.0001,1,1,150
China,ipcc_low,Gompertz,ascend,2100,Sichuan,166,0.1036,0.1036,1.0,0.007355,0.0001,0.0003,1,2,150
China,ipcc_low,Gompertz,ascend,2100,Santanghu,158,0.1058,0.1058,1.0,0.007515,0.0001,0.0003,1,3,150
China,ipcc_low,Gompertz,ascend,2100,Junggar,78,0.3654,0.3654,1.0,0.02594,0.0003,0.0009,1,4,150
China,ipcc_low,Gompertz,ascend,2100,Jiuquan,77,0.4616,0.4616,1.0,0.03277,0.0004,0.0011,1,5,150
China,ipcc_low,Gompertz,ascend,2100,Sanshui,157,0.5507,0.5507,1.0,0.039101,0.0004,0.0013,1,6,150
China,ipcc_low,Gompertz,ascend,2100,Bose,26,0.6099,0.6099,1.0,0.043305,0.0005,0.0015,1,7,150
China,ipcc_low,Gompertz,ascend,2100,Qaidam,146,0.6127,0.6127,1.0,0.043499,0.0005,0.0015,1,8,150
China,ipcc_low,Gompertz,ascend,2100,Jianghan,76,0.6968,0.6968,1.0,0.049476,0.0005,0.0017,1,9,150
China,ipcc_low,Gompertz,ascend,2100,Yilan-Yitong,201,21.066,21.066,1.0,1.43012,0.0164,0.049,20,10,150
China,ipcc_low,Gompertz,ascend,2100,Turpan,192,27.2544,27.2544,1.0,1.618092,0.0213,0.0555,25,11,140
China,ipcc_low,Gompertz,ascend,2100,Songliao,170,47.3479,47.3479,1.0,2.478478,0.037,0.085,42,12,140
China,ipcc_low,Gompertz,ascend,2100,Nanxiang,107,75.7352,75.7352,1.0,3.428614,0.0591,0.1176,42,13,130
China,ipcc_low,Gompertz,ascend,2100,Erlian,52,73.2147,73.2147,1.0,2.879741,0.0572,0.0988,72,14,120
China,ipcc_low,Gompertz,ascend,2100,Subei,177,100.8902,100.8902,1.0,3.441902,0.0788,0.118,25,15,120
China,ipcc_low,Gompertz,ascend,2100,Ordos,127,120.0345,120.0345,1.0,3.445323,0.0937,0.1182,100,16,110
China,ipcc_low,Gompertz,ascend,2100,Beibuwan,19,134.2248,134.2248,1.0,3.157671,0.1048,0.1083,100,17,110
China,ipcc_low,Gompertz,ascend,2100,Bohai Bay,24,197.8325,197.8325,1.0,3.500197,0.1544,0.12,169,18,100
China,ipcc_low,Gompertz,ascend,2100,Pearl River Mouth,136,312.7903,312.7903,1.0,3.048387,0.2442,0.1045,272,19,90
China,ipcc_low,Gompertz,ascend,2100,Huabei,70,167.0176,359.3937,0.4647,0.478903,0.1304,0.0164,324,20,80
China,ipcc_low,Gompertz,ascend,2100,Tarim,0,0.0,0.0,0.0,0.0,0.0,0.0,0,0,0
China,ipcc_low,Gompertz,ascend,2179,Hailar-Temtsag,69,0.0402,0.0402,1.0,0.006034,0.0,0.0,1,1,150
China,ipcc_low,Gompertz,ascend,2179,Sichuan,166,0.1036,0.1036,1.0,0.015539,0.0001,0.0001,1,2,150
China,ipcc_low,Gompertz,ascend,2179,Santanghu,158,0.1058,0.1058,1.0,0.015877,0.0001,0.0001,1,3,150
China,ipcc_low,Gompertz,ascend,2179,Junggar,78,0.3654,0.3654,1.0,0.054804,0.0002,0.0003,1,4,150
China,ipcc_low,Gompertz,ascend,2179,Jiuquan,77,0.4616,0.4616,1.0,0.069233,0.0002,0.0004,1,5,150
China,ipcc_low,Gompertz,ascend,2179,Sanshui,157,0.5507,0.5507,1.0,0.082608,0.0003,0.0005,1,6,150
China,ipcc_low,Gompertz,ascend,2179,Bose,26,0.6099,0.6099,1.0,0.091489,0.0003,0.0005,1,7,150
China,ipcc_low,Gompertz,ascend,2179,Qaidam,146,0.6127,0.6127,1.0,0.091899,0.0003,0.0005,1,8,150
China,ipcc_low,Gompertz,ascend,2179,Jianghan,76,0.6968,0.6968,1.0,0.104526,0.0004,0.0006,1,9,150
China,ipcc_low,Gompertz,ascend,2179,Yilan-Yitong,201,21.066,21.066,1.0,3.094333,0.0107,0.0174,20,10,150
China,ipcc_low,Gompertz,ascend,2179,Turpan,192,27.2544,27.2544,1.0,3.77119,0.0139,0.0212,25,11,140
China,ipcc_low,Gompertz,ascend,2179,Songliao,170,47.3479,47.3479,1.0,6.218962,0.0241,0.0349,42,12,140
China,ipcc_low,Gompertz,ascend,2179,Nanxiang,107,75.7352,75.7352,1.0,9.411698,0.0385,0.0529,42,13,130
China,ipcc_low,Gompertz,ascend,2179,Erlian,52,73.2147,73.2147,1.0,8.663704,0.0372,0.0487,72,14,120
China,ipcc_low,Gompertz,ascend,2179,Subei,177,100.8902,100.8902,1.0,11.412225,0.0513,0.0641,25,15,120
China,ipcc_low,Gompertz,ascend,2179,Ordos,127,120.0345,120.0345,1.0,12.92805,0.061,0.0726,100,16,110
China,ipcc_low,Gompertz,ascend,2179,Beibuwan,19,134.2248,134.2248,1.0,13.761429,0.0683,0.0773,100,17,110
China,ipcc_low,Gompertz,ascend,2179,Bohai Bay,24,197.8325,197.8325,1.0,19.128962,0.1006,0.1074,169,18,100
China,ipcc_low,Gompertz,ascend,2179,Pearl River Mouth,136,312.7903,312.7903,1.0,27.758818,0.1591,0.1559,272,19,90
China,ipcc_low,Gompertz,ascend,2179,Huabei,70,359.3937,359.3937,1.0,28.44411,0.1828,0.1597,324,20,80
China,ipcc_low,Gompertz,ascend,2179,Tarim,183,493.0823,493.0823,1.0,32.941085,0.2508,0.185,420,21,70
China,ipcc_low,Logistic,ascend,2050,Hailar-Temtsag,69,0.0402,0.0402,1.0,0.000845,0.0005,0.0012,1,1,150
China,ipcc_low,Logistic,ascend,2050,Sichuan,166,0.1036,0.1036,1.0,0.002175,0.0012,0.003,1,2,150
China,ipcc_low,Logistic,ascend,2050,Santanghu,158,0.1058,0.1058,1.0,0.002223,0.0012,0.0031,1,3,150
China,ipcc_low,Logistic,ascend,2050,Junggar,78,0.3654,0.3654,1.0,0.007673,0.0042,0.0106,1,4,150
China,ipcc_low,Logistic,ascend,2050,Jiuquan,77,0.4616,0.4616,1.0,0.009693,0.0052,0.0134,1,5,150
China,ipcc_low,Logistic,ascend,2050,Sanshui,157,0.5507,0.5507,1.0,0.011565,0.0063,0.016,1,6,150
China,ipcc_low,Logistic,ascend,2050,Bose,26,0.6099,0.6099,1.0,0.012809,0.0069,0.0177,1,7,150
China,ipcc_low,Logistic,ascend,2050,Qaidam,146,0.6127,0.6127,1.0,0.012866,0.007,0.0178,1,8,150
China,ipcc_low,Logistic,ascend,2050,Jianghan,76,0.6968,0.6968,1.0,0.014634,0.0079,0.0202,1,9,150
China,ipcc_low,Logistic,ascend,2050,Yilan-Yitong,201,22.0747,22.0747,1.0,0.356453,0.251,0.4928,20,10,140
China,ipcc_low,Logistic,ascend,2050,Turpan,192,32.8193,32.8193,1.0,0.228863,0.3732,0.3164,30,11,120
China,ipcc_low,Logistic,ascend,2050,Songliao,170,29.502,64.276,0.459,0.063519,0.3355,0.0878,64,12,110
China,ipcc_low,Logistic,ascend,2050,Nanxiang,0,0.0,0.0,0.0,0.0,0.0,0.0,0,0,0
China,ipcc_low,Logistic,ascend,2050,Erlian,0,0.0,0.0,0.0,0.0,0.0,0.0,0,0,0
China,ipcc_low,Logistic,ascend,2050,Subei,0,0.0,0.0,0.0,0.0,0.0,0.0,0,0,0
China,ipcc_low,Logistic,ascend,2050,Ordos,0,0.0,0.0,0.0,0.0,0.0,0.0,0,0,0
China,ipcc_low,Logistic,ascend,2050,Beibuwan,0,0.0,0.0,0.0,0.0,0.0,0.0,0,0,0
China,ipcc_low,Logistic,ascend,2050,Bohai Bay,0,0.0,0.0,0.0,0.0,0.0,0.0,0,0,0
China,ipcc_low,Logistic,ascend,2050,Pearl River Mouth,0,0.0,0.0,0.0,0.0,0.0,0.0,0,0,0
China,ipcc_low,Logistic,ascend,2050,Huabei,0,0.0,0.0,0.0,0.0,0.0,0.0,0,0,0
China,ipcc_low,Logistic,ascend,2050,Tarim,0,0.0,0.0,0.0,0.0,0.0,0.0,0,0,0
China,ipcc_low,Logistic,ascend,2100,Hailar-Temtsag,69,0.0402,0.0402,1.0,0.002856,0.0,0.0,1,1,150
China,ipcc_low,Logistic,ascend,2100,Sichuan,166,0.1036,0.1036,1.0,0.007355,0.0,0.0001,1,2,150
China,ipcc_low,Logistic,ascend,2100,Santanghu,158,0.1058,0.1058,1.0,0.007515,0.0,0.0001,1,3,150
China,ipcc_low,Logistic,ascend,2100,Junggar,78,0.3654,0.3654,1.0,0.02594,0.0001,0.0003,1,4,150
China,ipcc_low,Logistic,ascend,2100,Jiuquan,77,0.4616,0.4616,1.0,0.03277,0.0002,0.0004,1,5,150
China,ipcc_low,Logistic,ascend,2100,Sanshui,157,0.5507,0.5507,1.0,0.039101,0.0002,0.0005,1,6,150
China,ipcc_low,Logistic,ascend,2100,Bose,26,0.6099,0.6099,1.0,0.043305,0.0002,0.0005,1,7,150
China,ipcc_low,Logistic,ascend,2100,Qaidam,146,0.6127,0.6127,1.0,0.043499,0.0002,0.0005,1,8,150
China,ipcc_low,Logistic,ascend,2100,Jianghan,76,0.6968,0.6968,1.0,0.049476,0.0003,0.0006,1,9,150
China,ipcc_low,Logistic,ascend,2100,Yilan-Yitong,201,22.0747,22.0747,1.0,1.460187,0.008,0.0181,20,10,140
China,ipcc_low,Logistic,ascend,2100,Turpan,192,32.8193,32.8193,1.0,1.869827,0.0119,0.0231,30,11,120
China,ipcc_low,Logistic,ascend,2100,Songliao,170,64.276,64.276,1.0,3.242156,0.0233,0.0401,64,12,110
China,ipcc_low,Logistic,ascend,2100,Nanxiang,107,86.2161,86.2161,1.0,3.89699,0.0313,0.0482,81,13,100
China,ipcc_low,Logistic,ascend,2100,Erlian,52,103.984,103.984,1.0,4.296254,0.0377,0.0531,100,14,90
China,ipcc_low,Logistic,ascend,2100,Subei,177,137.1023,137.1023,1.0,5.218322,0.0498,0.0645,110,15,90
China,ipcc_low,Logistic,ascend,2100,Ordos,127,163.3672,163.3672,1.0,5.740895,0.0593,0.071,156,16,80
China,ipcc_low,Logistic,ascend,2100,Beibuwan,19,181.0166,181.0166,1.0,5.928857,0.0657,0.0733,100,17,80
China,ipcc_low,Logistic,ascend,2100,Bohai Bay,24,283.2092,283.2092,1.0,8.558349,0.1028,0.1059,256,18,70
China,ipcc_low,Logistic,ascend,2100,Pearl River Mouth,136,470.198,470.198,1.0,12.819822,0.1706,0.1586,462,19,60
China,ipcc_low,Logistic,ascend,2100,Huabei,70,493.3952,493.3952,1.0,12.03717,0.179,0.1489,441,20,60
China,ipcc_low,Logistic,ascend,2100,Tarim,183,714.569,714.569,1.0,15.526492,0.2593,0.192,600,21,50
China,ipcc_low,Logistic,ascend,2179,Hailar-Temtsag,69,0.0402,0.0402,1.0,0.006034,0.0067,0.0,1,1,150
China,ipcc_low,Logistic,ascend,2179,Sichuan,166,0.1036,0.1036,1.0,0.015539,0.0172,0.0001,1,2,150
China,ipcc_low,Logistic,ascend,2179,Santanghu,158,0.1058,0.1058,1.0,0.015877,0.0176,0.0001,1,3,150
China,ipcc_low,Logistic,ascend,2179,Junggar,78,0.3654,0.3654,1.0,0.054804,0.0607,0.0003,1,4,150
China,ipcc_low,Logistic,ascend,2179,Jiuquan,77,0.4616,0.4616,1.0,0.069233,0.0767,0.0004,1,5,150
China,ipcc_low,Logistic,ascend,2179,Sanshui,157,0.5507,0.5507,1.0,0.082608,0.0915,0.0005,1,6,150
China,ipcc_low,Logistic,ascend,2179,Bose,26,0.6099,0.6099,1.0,0.091489,0.1014,0.0005,1,7,150
China,ipcc_low,Logistic,ascend,2179,Qaidam,146,0.6127,0.6127,1.0,0.091899,0.1018,0.0005,1,8,150
China,ipcc_low,Logistic,ascend,2179,Jianghan,76,0.6968,0.6968,1.0,0.104526,0.1158,0.0006,1,9,150
China,ipcc_low,Logistic,ascend,2179,Yilan-Yitong,201,2.4709,22.0747,0.1119,3.046164,0.4106,0.0173,20,10,140
China,ipcc_low,Logistic,ascend,2179,Turpan,0,0.0,0.0,0.0,3.914218,0.0,0.0222,0,0,0
China,ipcc_low,Logistic,ascend,2179,Songliao,0,0.0,0.0,0.0,6.824836,0.0,0.0387,0,0,0
China,ipcc_low,Logistic,ascend,2179,Nanxiang,0,0.0,0.0,0.0,8.255257,0.0,0.0468,0,0,0
China,ipcc_low,Logistic,ascend,2179,Erlian,0,0.0,0.0,0.0,9.141019,0.0,0.0518,0,0,0
China,ipcc_low,Logistic,ascend,2179,Subei,0,0.0,0.0,0.0,11.162554,0.0,0.0633,0,0,0
China,ipcc_low,Logistic,ascend,2179,Ordos,0,0.0,0.0,0.0,12.355482,0.0,0.0701,0,0,0
China,ipcc_low,Logistic,ascend,2179,Beibuwan,0,0.0,0.0,0.0,12.812853,0.0,0.0727,0,0,0
China,ipcc_low,Logistic,ascend,2179,Bohai Bay,0,0.0,0.0,0.0,18.631854,0.0,0.1057,0,0,0
China,ipcc_low,Logistic,ascend,2179,Pearl River Mouth,0,0.0,0.0,0.0,28.127226,0.0,0.1595,0,0,0
China,ipcc_low,Logistic,ascend,2179,Huabei,0,0.0,0.0,0.0,26.725594,0.0,0.1515,0,0,0
China,ipcc_low,Logistic,ascend,2179,Tarim,0,0.0,0.0,0.0,34.824834,0.0,0.1975,0,0,0
EU,ipcc_low,Gompertz,ascend,2050,Baltic,14,0.287,0.287,1.0,0.006027,0.0006,0.0012,1,1,150
EU,ipcc_low,Gompertz,ascend,2050,Polish,142,0.4338,0.4338,1.0,0.009111,0.001,0.0019,1,2,150
EU,ipcc_low,Gompertz,ascend,2050,Sava,161,0.499,0.499,1.0,0.010479,0.0011,0.0022,1,3,150
EU,ipcc_low,Gompertz,ascend,2050,Transylvanian,187,0.5399,0.5399,1.0,0.011339,0.0012,0.0023,1,4,150
EU,ipcc_low,Gompertz,ascend,2050,Drava,48,0.6358,0.6358,1.0,0.013351,0.0014,0.0028,1,5,150
EU,ipcc_low,Gompertz,ascend,2050,North Carpathian,114,0.7276,0.7276,1.0,0.015279,0.0016,0.0031,1,6,150
EU,ipcc_low,Gompertz,ascend,2050,Crimea-Karkinit,41,0.7257,0.7257,1.0,0.015239,0.0016,0.0031,1,7,150
EU,ipcc_low,Gompertz,ascend,2050,Paris,134,0.8687,0.8687,1.0,0.018243,0.0019,0.0038,1,8,150
EU,ipcc_low,Gompertz,ascend,2050,Zala,203,2.1849,2.1849,1.0,0.045883,0.0048,0.0095,2,9,150
EU,ipcc_low,Gompertz,ascend,2050,Vienna,194,14.7895,14.7895,1.0,0.31058,0.0327,0.064,4,10,150
EU,ipcc_low,Gompertz,ascend,2050,Dnieper-Donets,45,22.1816,22.1816,1.0,0.465814,0.049,0.096,20,11,150
EU,ipcc_low,Gompertz,ascend,2050,Pannonian,131,31.9848,31.9848,1.0,0.664452,0.0707,0.1369,30,12,150
EU,ipcc_low,Gompertz,ascend,2050,Norwegian,125,38.0984,38.0984,1.0,0.689085,0.0842,0.142,36,13,150
EU,ipcc_low,Gompertz,ascend,2050,Moesian,100,43.4792,43.4792,1.0,0.651735,0.0961,0.1343,42,14,150
EU,ipcc_low,Gompertz,ascend,2050,Po,141,52.4242,52.4242,1.0,0.633653,0.1158,0.1305,49,15,140
EU,ipcc_low,Gompertz,ascend,2050,North Adriatic,112,62.6802,62.6802,1.0,0.573815,0.1385,0.1182,49,16,130
EU,ipcc_low,Gompertz,ascend,2050,Caltanissetta,29,108.0761,108.0761,1.0,0.584084,0.2388,0.1203,64,17,110
EU,ipcc_low,Gompertz,ascend,2050,Lublin,91,71.9827,186.9464,0.385,0.135959,0.159,0.028,169,18,90
EU,ipcc_low,Gompertz,ascend,2050,West Barents,0,0.0,0.0,0.0,0.0,0.0,0.0,0,0,0
EU,ipcc_low,Gompertz,ascend,2050,Northern North Sea,0,0.0,0.0,0.0,0.0,0.0,0.0,0,0,0
EU,ipcc_low,Gompertz,ascend,2100,Baltic,14,0.287,0.287,1.0,0.020376,0.0003,0.0004,1,1,150
EU,ipcc_low,Gompertz,ascend,2100,Polish,142,0.4338,0.4338,1.0,0.030803,0.0004,0.0006,1,2,150
EU,ipcc_low,Gompertz,ascend,2100,Sava,161,0.499,0.499,1.0,0.035428,0.0005,0.0007,1,3,150
EU,ipcc_low,Gompertz,ascend,2100,Transylvanian,187,0.5399,0.5399,1.0,0.038335,0.0006,0.0008,1,4,150
EU,ipcc_low,Gompertz,ascend,2100,Drava,48,0.6358,0.6358,1.0,0.045139,0.0007,0.0009,1,5,150
EU,ipcc_low,Gompertz,ascend,2100,North Carpathian,114,0.7276,0.7276,1.0,0.051657,0.0007,0.001,1,6,150
EU,ipcc_low,Gompertz,ascend,2100,Crimea-Karkinit,41,0.7257,0.7257,1.0,0.051522,0.0007,0.001,1,7,150
EU,ipcc_low,Gompertz,ascend,2100,Paris,134,0.8687,0.8687,1.0,0.06168,0.0009,0.0012,1,8,150
EU,ipcc_low,Gompertz,ascend,2100,Zala,203,2.1849,2.1849,1.0,0.155128,0.0022,0.0031,2,9,150
EU,ipcc_low,Gompertz,ascend,2100,Vienna,194,14.7895,14.7895,1.0,1.050056,0.0152,0.0209,4,10,150
EU,ipcc_low,Gompertz,ascend,2100,Dnieper-Donets,45,22.1816,22.1816,1.0,1.574896,0.0228,0.0313,20,11,150
EU,ipcc_low,Gompertz,ascend,2100,Pannonian,131,31.9848,31.9848,1.0,2.263692,0.0329,0.045,30,12,150
EU,ipcc_low,Gompertz,ascend,2100,Norwegian,125,38.0984,38.0984,1.0,2.594007,0.0392,0.0516,36,13,150
EU,ipcc_low,Gompertz,ascend,2100,Moesian,100,43.4792,43.4792,1.0,2.825696,0.0448,0.0562,42,14,150
EU,ipcc_low,Gompertz,ascend,2100,Po,141,52.4242,52.4242,1.0,3.254862,0.054,0.0647,49,15,140
EU,ipcc_low,Gompertz,ascend,2100,North Adriatic,112,62.6802,62.6802,1.0,3.707823,0.0645,0.0737,49,16,130
EU,ipcc_low,Gompertz,ascend,2100,Caltanissetta,29,108.0761,108.0761,1.0,5.987888,0.1113,0.119,64,17,110
EU,ipcc_low,Gompertz,ascend,2100,Lublin,91,186.9464,186.9464,1.0,9.297051,0.1924,0.1848,169,18,90
EU,ipcc_low,Gompertz,ascend,2100,West Barents,198,310.1787,310.1787,1.0,12.538273,0.3193,0.2493,306,19,60
EU,ipcc_low,Gompertz,ascend,2100,Northern North Sea,123,93.7226,553.4225,0.1694,4.719434,0.0965,0.0938,12,20,50
EU,ipcc_low,Gompertz,ascend,2179,Baltic,14,0.287,0.287,1.0,0.043047,0.0019,0.0005,1,1,150
EU,ipcc_low,Gompertz,ascend,2179,Polish,142,0.4338,0.4338,1.0,0.065076,0.0029,0.0007,1,2,150
EU,ipcc_low,Gompertz,ascend,2179,Sava,161,0.499,0.499,1.0,0.074848,0.0033,0.0008,1,3,150
EU,ipcc_low,Gompertz,ascend,2179,Transylvanian,187,0.5399,0.5399,1.0,0.08099,0.0036,0.0009,1,4,150
EU,ipcc_low,Gompertz,ascend,2179,Drava,48,0.6358,0.6358,1.0,0.095364,0.0042,0.0011,1,5,150
EU,ipcc_low,Gompertz,ascend,2179,North Carpathian,114,0.7276,0.7276,1.0,0.109135,0.0048,0.0012,1,6,150
EU,ipcc_low,Gompertz,ascend,2179,Crimea-Karkinit,41,0.7257,0.7257,1.0,0.10885,0.0048,0.0012,1,7,150
EU,ipcc_low,Gompertz,ascend,2179,Paris,134,0.8687,0.8687,1.0,0.130309,0.0058,0.0015,1,8,150
EU,ipcc_low,Gompertz,ascend,2179,Zala,203,2.1849,2.1849,1.0,0.327735,0.0145,0.0037,2,9,150
EU,ipcc_low,Gompertz,ascend,2179,Vienna,194,14.7895,14.7895,1.0,2.218429,0.0982,0.025,4,10,150
EU,ipcc_low,Gompertz,ascend,2179,Dnieper-Donets,45,22.1816,22.1816,1.0,3.327246,0.1473,0.0375,20,11,150
EU,ipcc_low,Gompertz,ascend,2179,Pannonian,131,31.9848,31.9848,1.0,4.790493,0.2124,0.054,30,12,150
EU,ipcc_low,Gompertz,ascend,2179,Norwegian,125,38.0984,38.0984,1.0,5.603783,0.2531,0.0632,36,13,150
EU,ipcc_low,Gompertz,ascend,2179,Moesian,100,36.5961,43.4792,0.8417,6.251238,0.2431,0.0705,42,14,150
EU,ipcc_low,Gompertz,ascend,2179,Po,0,0.0,0.0,0.0,7.016191,0.0,0.0791,0,0,0
EU,ipcc_low,Gompertz,ascend,2179,North Adriatic,0,0.0,0.0,0.0,7.602876,0.0,0.0857,0,0,0
EU,ipcc_low,Gompertz,ascend,2179,Caltanissetta,0,0.0,0.0,0.0,11.517806,0.0,0.1299,0,0,0
EU,ipcc_low,Gompertz,ascend,2179,Lublin,0,0.0,0.0,0.0,16.177367,0.0,0.1824,0,0,0
EU,ipcc_low,Gompertz,ascend,2179,West Barents,0,0.0,0.0,0.0,18.105958,0.0,0.2042,0,0,0
EU,ipcc_low,Gompertz,ascend,2179,Northern North Sea,0,0.0,0.0,0.0,5.035802,0.0,0.0568,0,0,0
EU,ipcc_low,Logistic,ascend,2050,Baltic,14,0.287,0.287,1.0,0.006027,0.0006,0.0015,1,1,150
EU,ipcc_low,Logistic,ascend,2050,Polish,142,0.4344,0.4344,1.0,0.009123,0.001,0.0023,1,2,140
EU,ipcc_low,Logistic,ascend,2050,Sava,161,0.5002,0.5002,1.0,0.010505,0.0011,0.0027,1,3,130
EU,ipcc_low,Logistic,ascend,2050,Transylvanian,187,0.5411,0.5411,1.0,0.011363,0.0012,0.0029,1,4,130
EU,ipcc_low,Logistic,ascend,2050,Drava,48,0.6378,0.6378,1.0,0.013393,0.0014,0.0034,1,5,130
EU,ipcc_low,Logistic,ascend,2050,North Carpathian,114,0.7301,0.7301,1.0,0.015332,0.0016,0.0039,1,6,120
EU,ipcc_low,Logistic,ascend,2050,Crimea-Karkinit,41,0.7289,0.7289,1.0,0.015306,0.0016,0.0039,1,7,120
EU,ipcc_low,Logistic,ascend,2050,Paris,134,0.872,0.872,1.0,0.018313,0.0019,0.0047,1,8,120
EU,ipcc_low,Logistic,ascend,2050,Zala,203,2.1946,2.1946,1.0,0.046086,0.0048,0.0118,2,9,120
EU,ipcc_low,Logistic,ascend,2050,Vienna,194,16.6453,16.6453,1.0,0.349552,0.0368,0.0897,16,10,110
EU,ipcc_low,Logistic,ascend,2050,Dnieper-Donets,45,33.4363,33.4363,1.0,0.689026,0.0739,0.1767,30,11,100
EU,ipcc_low,Logistic,ascend,2050,Pannonian,131,56.4254,56.4254,1.0,0.879777,0.1247,0.2256,56,12,90
EU,ipcc_low,Logistic,ascend,2050,Norwegian,125,70.1269,70.1269,1.0,0.74767,0.1549,0.1918,64,13,80
EU,ipcc_low,Logistic,ascend,2050,Moesian,100,90.0161,90.0161,1.0,0.610878,0.1989,0.1567,81,14,70
EU,ipcc_low,Logistic,ascend,2050,Po,141,123.5173,123.5173,1.0,0.411661,0.2729,0.1056,100,15,60
EU,ipcc_low,Logistic,ascend,2050,North Adriatic,112,55.5056,134.8059,0.4117,0.065029,0.1226,0.0167,100,16,60
EU,ipcc_low,Logistic,ascend,2050,Caltanissetta,0,0.0,0.0,0.0,0.0,0.0,0.0,0,0,0
EU,ipcc_low,Logistic,ascend,2050,Lublin,0,0.0,0.0,0.0,0.0,0.0,0.0,0,0,0
EU,ipcc_low,Logistic,ascend,2050,West Barents,0,0.0,0.0,0.0,0.0,0.0,0.0,0,0,0
EU,ipcc_low,Logistic,ascend,2050,Northern North Sea,0,0.0,0.0,0.0,0.0,0.0,0.0,0,0,0
EU,ipcc_low,Logistic,ascend,2100,Baltic,14,0.287,0.287,1.0,0.020376,0.0005,0.0002,1,1,150
EU,ipcc_low,Logistic,ascend,2100,Polish,142,0.4344,0.4344,1.0,0.030844,0.0007,0.0003,1,2,140
EU,ipcc_low,Logistic,ascend,2100,Sava,161,0.5002,0.5002,1.0,0.035516,0.0008,0.0004,1,3,130
EU,ipcc_low,Logistic,ascend,2100,Transylvanian,187,0.5411,0.5411,1.0,0.038417,0.0009,0.0004,1,4,130
EU,ipcc_low,Logistic,ascend,2100,Drava,48,0.6378,0.6378,1.0,0.045282,0.001,0.0005,1,5,130
EU,ipcc_low,Logistic,ascend,2100,North Carpathian,114,0.7301,0.7301,1.0,0.051836,0.0012,0.0006,1,6,120
EU,ipcc_low,Logistic,ascend,2100,Crimea-Karkinit,41,0.7289,0.7289,1.0,0.05175,0.0012,0.0006,1,7,120
EU,ipcc_low,Logistic,ascend,2100,Paris,134,0.872,0.872,1.0,0.061915,0.0014,0.0007,1,8,120
EU,ipcc_low,Logistic,ascend,2100,Zala,203,2.1946,2.1946,1.0,0.155816,0.0035,0.0018,2,9,120
EU,ipcc_low,Logistic,ascend,2100,Vienna,194,16.6453,16.6453,1.0,1.181819,0.0265,0.0134,16,10,110
EU,ipcc_low,Logistic,ascend,2100,Dnieper-Donets,45,33.4363,33.4363,1.0,2.360843,0.0532,0.0268,30,11,100
EU,ipcc_low,Logistic,ascend,2100,Pannonian,131,56.4254,56.4254,1.0,3.701048,0.0898,0.042,56,12,90
EU,ipcc_low,Logistic,ascend,2100,Norwegian,125,70.1269,70.1269,1.0,4.254014,0.1116,0.0482,64,13,80
EU,ipcc_low,Logistic,ascend,2100,Moesian,100,90.0161,90.0161,1.0,5.111684,0.1433,0.058,81,14,70
EU,ipcc_low,Logistic,ascend,2100,Po,141,123.5173,123.5173,1.0,6.587527,0.1966,0.0747,100,15,60
EU,ipcc_low,Logistic,ascend,2100,North Adriatic,112,134.8059,134.8059,1.0,6.776637,0.2145,0.0768,100,16,60
EU,ipcc_low,Logistic,ascend,2100,Caltanissetta,29,96.4315,190.0578,0.5074,8.891433,0.1535,0.1008,156,17,50
EU,ipcc_low,Logistic,ascend,2100,Lublin,0,0.0,0.0,0.0,16.954181,0.0,0.1923,0,0,0
EU,ipcc_low,Logistic,ascend,2100,West Barents,0,0.0,0.0,0.0,18.426107,0.0,0.2089,0,0,0
EU,ipcc_low,Logistic,ascend,2100,Northern North Sea,0,0.0,0.0,0.0,13.44974,0.0,0.1525,0,0,0
EU,ipcc_low,Logistic,ascend,2179,Baltic,14,0.0709,0.287,0.2469,0.041353,1.0,0.0004,1,1,150
EU,ipcc_low,Logistic,ascend,2179,Polish,0,0.0,0.0,0.0,0.057761,0.0,0.0006,0,0,0
EU,ipcc_low,Logistic,ascend,2179,Sava,0,0.0,0.0,0.0,0.063597,0.0,0.0007,0,0,0
EU,ipcc_low,Logistic,ascend,2179,Transylvanian,0,0.0,0.0,0.0,0.06678,0.0,0.0007,0,0,0
EU,ipcc_low,Logistic,ascend,2179,Drava,0,0.0,0.0,0.0,0.076896,0.0,0.0008,0,0,0
EU,ipcc_low,Logistic,ascend,2179,North Carpathian,0,0.0,0.0,0.0,0.086215,0.0,0.0009,0,0,0
EU,ipcc_low,Logistic,ascend,2179,Crimea-Karkinit,0,0.0,0.0,0.0,0.084625,0.0,0.0009,0,0,0
EU,ipcc_low,Logistic,ascend,2179,Paris,0,0.0,0.0,0.0,0.099743,0.0,0.0011,0,0,0
EU,ipcc_low,Logistic,ascend,2179,Zala,0,0.0,0.0,0.0,0.245169,0.0,0.0026,0,0,0
EU,ipcc_low,Logistic,ascend,2179,Vienna,0,0.0,0.0,0.0,1.729518,0.0,0.0185,0,0,0
EU,ipcc_low,Logistic,ascend,2179,Dnieper-Donets,0,0.0,0.0,0.0,3.173835,0.0,0.0339,0,0,0
EU,ipcc_low,Logistic,ascend,2179,Pannonian,0,0.0,0.0,0.0,4.701344,0.0,0.0502,0,0,0
EU,ipcc_low,Logistic,ascend,2179,Norwegian,0,0.0,0.0,0.0,5.150789,0.0,0.055,0,0,0
EU,ipcc_low,Logistic,ascend,2179,Moesian,0,0.0,0.0,0.0,5.916261,0.0,0.0632,0,0,0
EU,ipcc_low,Logistic,ascend,2179,Po,0,0.0,0.0,0.0,7.26095,0.0,0.0776,0,0,0
EU,ipcc_low,Logistic,ascend,2179,North Adriatic,0,0.0,0.0,0.0,7.102407,0.0,0.0759,0,0,0
EU,ipcc_low,Logistic,ascend,2179,Caltanissetta,0,0.0,0.0,0.0,8.926269,0.0,0.0954,0,0,0
EU,ipcc_low,Logistic,ascend,2179,Lublin,0,0.0,0.0,0.0,16.954181,0.0,0.1811,0,0,0
EU,ipcc_low,Logistic,ascend,2179,West Barents,0,0.0,0.0,0.0,18.426107,0.0,0.1968,0,0,0
EU,ipcc_low,Logistic,ascend,2179,Northern North Sea,0,0.0,0.0,0.0,13.44974,0.0,0.1437,0,0,0
Indonesia,ipcc_low,Gompertz,ascend,2050,Salawati,153,0.7002,0.7002,1.0,0.014704,0.2052,0.322,1,1,150
Indonesia,ipcc_low,Gompertz,ascend,2050,Sunda,178,2.712,28.7843,0.0942,0.030962,0.7948,0.678,16,2,100
Indonesia,ipcc_low,Gompertz,ascend,2050,North Java,0,0.0,0.0,0.0,0.0,0.0,0.0,0,0,0
Indonesia,ipcc_low,Gompertz,ascend,2100,Salawati,153,0.7002,0.7002,1.0,0.049715,0.0377,0.0918,1,1,150
Indonesia,ipcc_low,Gompertz,ascend,2100,Sunda,178,17.8729,28.7843,0.6209,0.491699,0.9623,0.9082,16,2,100
Indonesia,ipcc_low,Gompertz,ascend,2100,North Java,0,0.0,0.0,0.0,0.0,0.0,0.0,0,0,0
Indonesia,ipcc_low,Gompertz,ascend,2179,Salawati,153,0.7002,0.7002,1.0,0.105031,0.0132,0.0302,1,1,150
Indonesia,ipcc_low,Gompertz,ascend,2179,Sunda,178,28.7843,28.7843,1.0,2.643629,0.5422,0.7594,16,2,100
Indonesia,ipcc_low,Gompertz,ascend,2179,North Java,118,23.5992,69.1631,0.3412,0.732585,0.4446,0.2104,12,3,60
Indonesia,ipcc_low,Logistic,ascend,2050,Salawati,153,0.7002,0.7002,1.0,0.014704,0.2052,0.3475,1,1,150
Indonesia,ipcc_low,Logistic,ascend,2050,Sunda,178,2.712,27.9739,0.0969,0.027612,0.7948,0.6525,16,2,110
Indonesia,ipcc_low,Logistic,ascend,2050,North Java,0,0.0,0.0,0.0,0.0,0.0,0.0,0,0,0
Indonesia,ipcc_low,Logistic,ascend,2050,Central Sumatra,0,0.0,0.0,0.0,0.0,0.0,0.0,0,0,0
Indonesia,ipcc_low,Logistic,ascend,2050,Tarakan-Muara,0,0.0,0.0,0.0,0.0,0.0,0.0,0,0,0
Indonesia,ipcc_low,Logistic,ascend,2100,Salawati,153,0.7002,0.7002,1.0,0.049715,0.0121,0.0468,1,1,150
Indonesia,ipcc_low,Logistic,ascend,2100,Sunda,178,27.9739,27.9739,1.0,0.823545,0.4816,0.776,16,2,110
Indonesia,ipcc_low,Logistic,ascend,2100,North Java,118,29.4097,45.6588,0.6441,0.187968,0.5063,0.1771,42,3,90
Indonesia,ipcc_low,Logistic,ascend,2100,Central Sumatra,0,0.0,0.0,0.0,0.0,0.0,0.0,0,0,0
Indonesia,ipcc_low,Logistic,ascend,2100,Tarakan-Muara,0,0.0,0.0,0.0,0.0,0.0,0.0,0,0,0
Indonesia,ipcc_low,Logistic,ascend,2179,Salawati,153,0.7002,0.7002,1.0,0.105031,0.0073,0.0075,1,1,150
Indonesia,ipcc_low,Logistic,ascend,2179,Sunda,178,27.9739,27.9739,1.0,3.033481,0.2898,0.2153,16,2,110
Indonesia,ipcc_low,Logistic,ascend,2179,North Java,118,45.6588,45.6588,1.0,3.761873,0.4731,0.267,42,3,90
Indonesia,ipcc_low,Logistic,ascend,2179,Central Sumatra,35,22.1801,63.5038,0.3493,4.064584,0.2298,0.2885,56,4,70
Indonesia,ipcc_low,Logistic,ascend,2179,Tarakan-Muara,0,0.0,0.0,0.0,3.124256,0.0,0.2217,0,0,0
Middle East,ipcc_low,Gompertz,ascend,2050,Gaziantep,60,0.1836,0.1836,1.0,0.003856,0.0011,0.0023,1,1,150
Middle East,ipcc_low,Gompertz,ascend,2050,Diyarbakir,44,0.3281,0.3281,1.0,0.00689,0.0019,0.0041,1,2,150
Middle East,ipcc_low,Gompertz,ascend,2050,Sinjar,167,36.4996,36.4996,1.0,0.712342,0.2105,0.4207,36,3,150
Middle East,ipcc_low,Gompertz,ascend,2050,Sabatayn,151,130.2296,130.2296,1.0,0.963994,0.7511,0.5693,110,4,130
Middle East,ipcc_low,Gompertz,ascend,2050,Al Daww,3,6.1484,363.0875,0.0169,0.006148,0.0355,0.0036,361,5,60
Middle East,ipcc_low,Gompertz,ascend,2100,Gaziantep,60,0.1836,0.1836,1.0,0.013038,0.0004,0.0006,1,1,150
Middle East,ipcc_low,Gompertz,ascend,2100,Diyarbakir,44,0.3281,0.3281,1.0,0.023294,0.0007,0.001,1,2,150
Middle East,ipcc_low,Gompertz,ascend,2100,Sinjar,167,36.4996,36.4996,1.0,2.537322,0.0742,0.1109,36,3,150
Middle East,ipcc_low,Gompertz,ascend,2100,Sabatayn,151,130.2296,130.2296,1.0,7.475474,0.2649,0.3268,110,4,130
Middle East,ipcc_low,Gompertz,ascend,2100,Al Daww,3,324.3622,363.0875,0.8933,12.828282,0.6598,0.5607,361,5,60
Middle East,ipcc_low,Gompertz,ascend,2179,Gaziantep,60,0.1836,0.1836,1.0,0.027546,0.0023,0.0006,1,1,150
Middle East,ipcc_low,Gompertz,ascend,2179,Diyarbakir,44,0.3281,0.3281,1.0,0.049214,0.0041,0.0011,1,2,150
Middle East,ipcc_low,Gompertz,ascend,2179,Sinjar,167,36.4996,36.4996,1.0,5.42079,0.4569,0.1264,36,3,150
Middle East,ipcc_low,Gompertz,ascend,2179,Sabatayn,151,42.874,130.2296,0.3292,16.45089,0.5367,0.3835,110,4,130
Middle East,ipcc_low,Gompertz,ascend,2179,Al Daww,0,0.0,0.0,0.0,20.950402,0.0,0.4884,0,0,0
Middle East,ipcc_low,Logistic,ascend,2050,Gaziantep,60,0.1839,0.1839,1.0,0.003862,0.0011,0.0029,1,1,140
Middle East,ipcc_low,Logistic,ascend,2050,Diyarbakir,44,0.3288,0.3288,1.0,0.006905,0.0019,0.0051,1,2,130
Middle East,ipcc_low,Logistic,ascend,2050,Sinjar,167,58.4715,58.4715,1.0,0.877104,0.3372,0.6497,56,3,90
Middle East,ipcc_low,Logistic,ascend,2050,Sabatayn,151,114.4051,282.8197,0.4045,0.462174,0.6598,0.3423,225,4,60
Middle East,ipcc_low,Logistic,ascend,2050,Al Daww,0,0.0,0.0,0.0,0.0,0.0,0.0,0,0,0
Middle East,ipcc_low,Logistic,ascend,2050,Sayun-Masila,0,0.0,0.0,0.0,0.0,0.0,0.0,0,0,0
Middle East,ipcc_low,Logistic,ascend,2100,Gaziantep,60,0.1839,0.1839,1.0,0.013057,0.0007,0.0003,1,1,140
Middle East,ipcc_low,Logistic,ascend,2100,Diyarbakir,44,0.3288,0.3288,1.0,0.023347,0.0013,0.0005,1,2,130
Middle East,ipcc_low,Logistic,ascend,2100,Sinjar,167,58.4715,58.4715,1.0,3.800677,0.2376,0.087,56,3,90
Middle East,ipcc_low,Logistic,ascend,2100,Sabatayn,151,187.0683,282.8197,0.6614,13.972171,0.7603,0.3199,225,4,60
Middle East,ipcc_low,Logistic,ascend,2100,Al Daww,0,0.0,0.0,0.0,20.768756,0.0,0.4755,0,0,0
Middle East,ipcc_low,Logistic,ascend,2100,Sayun-Masila,0,0.0,0.0,0.0,5.100688,0.0,0.1168,0,0,0
Middle East,ipcc_low,Logistic,ascend,2179,Gaziantep,60,0.008,0.1839,0.0435,0.02446,1.0,0.0005,1,1,140
Middle East,ipcc_low,Logistic,ascend,2179,Diyarbakir,0,0.0,0.0,0.0,0.039851,0.0,0.0009,0,0,0
Middle East,ipcc_low,Logistic,ascend,2179,Sinjar,0,0.0,0.0,0.0,4.863499,0.0,0.1069,0,0,0
Middle East,ipcc_low,Logistic,ascend,2179,Sabatayn,0,0.0,0.0,0.0,14.70949,0.0,0.3232,0,0,0
Middle East,ipcc_low,Logistic,ascend,2179,Al Daww,0,0.0,0.0,0.0,20.768756,0.0,0.4564,0,0,0
Middle East,ipcc_low,Logistic,ascend,2179,Sayun-Masila,0,0.0,0.0,0.0,5.100688,0.0,0.1121,0,0,0
Thailand,ipcc_low,Gompertz,ascend,2050,Kra-Gulf of Thailand,80,10.8712,34.3442,0.3165,0.092542,1.0,1.0,30,1,130
Thailand,ipcc_low,Gompertz,ascend,2050,Pattani,0,0.0,0.0,0.0,0.0,0.0,0.0,0,0,0
Thailand,ipcc_low,Gompertz,ascend,2100,Kra-Gulf of Thailand,80,34.3442,34.3442,1.0,1.620544,0.3699,0.5834,30,1,130
Thailand,ipcc_low,Gompertz,ascend,2100,Pattani,135,58.5155,325.7147,0.1797,1.157053,0.6301,0.4166,12,2,120
Thailand,ipcc_low,Gompertz,ascend,2179,Kra-Gulf of Thailand,80,34.3442,34.3442,1.0,4.333739,0.8497,0.4948,30,1,130
Thailand,ipcc_low,Gompertz,ascend,2179,Pattani,135,6.0762,325.7147,0.0187,4.42525,0.1503,0.5052,12,2,120
Thailand,ipcc_low,Logistic,ascend,2050,Kra-Gulf of Thailand,80,10.8712,60.9149,0.1785,0.076506,1.0,1.0,49,1,60
Thailand,ipcc_low,Logistic,ascend,2050,Pattani,0,0.0,0.0,0.0,0.0,0.0,0.0,0,0,0
Thailand,ipcc_low,Logistic,ascend,2100,Kra-Gulf of Thailand,80,60.9149,60.9149,1.0,2.760808,0.5162,0.2853,49,1,60
Thailand,ipcc_low,Logistic,ascend,2100,Pattani,135,57.0923,782.2883,0.073,6.915259,0.4838,0.7147,49,2,50
Thailand,ipcc_low,Logistic,ascend,2179,Kra-Gulf of Thailand,80,0.0013,60.9149,0.0,3.475974,1.0,0.3312,49,1,60
Thailand,ipcc_low,Logistic,ascend,2179,Pattani,0,0.0,0.0,0.0,7.020304,0.0,0.6688,0,0,0
UK,ipcc_low,Gompertz,ascend,2050,East Midlands,51,10.5738,10.5738,1.0,0.22205,0.0452,0.1014,9,1,150
UK,ipcc_low,Gompertz,ascend,2050,Southern North Sea,176,43.7188,43.7188,1.0,0.796594,0.1869,0.3639,42,2,150
UK,ipcc_low,Gompertz,ascend,2050,Wessex,197,63.0608,63.0608,1.0,0.695646,0.2695,0.3178,49,3,140
UK,ipcc_low,Gompertz,ascend,2050,Moray Firth,101,116.5965,120.1381,0.9705,0.474841,0.4984,0.2169,100,4,130
UK,ipcc_low,Gompertz,ascend,2050,Central North Sea,0,0.0,0.0,0.0,0.0,0.0,0.0,0,0,0
UK,ipcc_low,Gompertz,ascend,2050,Faroe-Shetland,0,0.0,0.0,0.0,0.0,0.0,0.0,0,0,0
UK,ipcc_low,Gompertz,ascend,2100,East Midlands,51,10.5738,10.5738,1.0,0.75074,0.0126,0.0212,9,1,150
UK,ipcc_low,Gompertz,ascend,2100,Southern North Sea,176,43.7188,43.7188,1.0,2.982532,0.0519,0.084,42,2,150
UK,ipcc_low,Gompertz,ascend,2100,Wessex,197,63.0608,63.0608,1.0,3.848686,0.0749,0.1084,49,3,140
UK,ipcc_low,Gompertz,ascend,2100,Moray Firth,101,120.1381,120.1381,1.0,6.481748,0.1427,0.1826,100,4,130
UK,ipcc_low,Gompertz,ascend,2100,Central North Sea,34,290.4194,290.4194,1.0,12.538836,0.3448,0.3533,256,5,90
UK,ipcc_low,Gompertz,ascend,2100,Faroe-Shetland,55,314.2689,1225.7071,0.2564,8.892427,0.3732,0.2505,20,6,70
UK,ipcc_low,Gompertz,ascend,2179,East Midlands,51,10.5738,10.5738,1.0,1.586069,0.0656,0.0219,9,1,150
UK,ipcc_low,Gompertz,ascend,2179,Southern North Sea,176,43.7188,43.7188,1.0,6.436314,0.2711,0.0889,42,2,150
UK,ipcc_low,Gompertz,ascend,2179,Wessex,197,63.0608,63.0608,1.0,8.830489,0.391,0.122,49,3,140
UK,ipcc_low,Gompertz,ascend,2179,Moray Firth,101,43.9232,120.1381,0.3656,15.362908,0.2723,0.2122,100,4,130
UK,ipcc_low,Gompertz,ascend,2179,Central North Sea,0,0.0,0.0,0.0,25.990897,0.0,0.3589,0,0,0
UK,ipcc_low,Gompertz,ascend,2179,Faroe-Shetland,0,0.0,0.0,0.0,14.202999,0.0,0.1961,0,0,0
UK,ipcc_low,Logistic,ascend,2050,East Midlands,51,14.4472,14.4472,1.0,0.303391,0.0618,0.173,12,1,110
UK,ipcc_low,Logistic,ascend,2050,Southern North Sea,176,76.5702,76.5702,1.0,0.947598,0.3273,0.5404,56,2,80
UK,ipcc_low,Logistic,ascend,2050,Wessex,197,122.2986,122.2986,1.0,0.481855,0.5228,0.2748,49,3,70
UK,ipcc_low,Logistic,ascend,2050,Moray Firth,101,20.6338,290.9913,0.0709,0.020634,0.0882,0.0118,240,4,50
UK,ipcc_low,Logistic,ascend,2050,Central North Sea,0,0.0,0.0,0.0,0.0,0.0,0.0,0,0,0
UK,ipcc_low,Logistic,ascend,2050,Faroe-Shetland,0,0.0,0.0,0.0,0.0,0.0,0.0,0,0,0
UK,ipcc_low,Logistic,ascend,2100,East Midlands,51,14.4472,14.4472,1.0,1.025752,0.0325,0.0137,12,1,110
UK,ipcc_low,Logistic,ascend,2100,Southern North Sea,176,76.5702,76.5702,1.0,4.77611,0.1725,0.0639,56,2,80
UK,ipcc_low,Logistic,ascend,2100,Wessex,197,122.2986,122.2986,1.0,6.596785,0.2755,0.0883,49,3,70
UK,ipcc_low,Logistic,ascend,2100,Moray Firth,101,230.6742,290.9913,0.7927,13.741047,0.5195,0.1839,240,4,50
UK,ipcc_low,Logistic,ascend,2100,Central North Sea,0,0.0,0.0,0.0,23.203666,0.0,0.3105,0,0,0
UK,ipcc_low,Logistic,ascend,2100,Faroe-Shetland,0,0.0,0.0,0.0,25.393892,0.0,0.3398,0,0,0
UK,ipcc_low,Logistic,ascend,2179,East Midlands,51,0.0093,14.4472,0.0006,1.492388,1.0,0.0192,12,1,110
UK,ipcc_low,Logistic,ascend,2179,Southern North Sea,0,0.0,0.0,0.0,6.028104,0.0,0.0774,0,0,0
UK,ipcc_low,Logistic,ascend,2179,Wessex,0,0.0,0.0,0.0,7.564314,0.0,0.0971,0,0,0
UK,ipcc_low,Logistic,ascend,2179,Moray Firth,0,0.0,0.0,0.0,14.211671,0.0,0.1824,0,0,0
UK,ipcc_low,Logistic,ascend,2179,Central North Sea,0,0.0,0.0,0.0,23.203666,0.0,0.2979,0,0,0
UK,ipcc_low,Logistic,ascend,2179,Faroe-Shetland,0,0.0,0.0,0.0,25.393892,0.0,0.326,0,0,0
Australia,maximum,Gompertz,ascend,2050,Adavale,1,0.2002,0.2002,1.0,0.004205,0.0012,0.0031,1,1,150
Australia,maximum,Gompertz,ascend,2050,Bowen-Surat,27,0.619,0.619,1.0,0.012998,0.0036,0.0097,1,2,150
Australia,maximum,Gompertz,ascend,2050,Canning,31,48.6216,48.6216,1.0,0.766392,0.2862,0.5725,36,3,150
Australia,maximum,Gompertz,ascend,2050,Gippsland,63,120.4362,129.6462,0.929,0.554991,0.709,0.4146,100,4,140
Australia,maximum,Gompertz,ascend,2050,Bass,0,0.0,0.0,0.0,0.0,0.0,0.0,0,0,0
Australia,maximum,Gompertz,ascend,2050,Perth,0,0.0,0.0,0.0,0.0,0.0,0.0,0,0,0
Australia,maximum,Gompertz,ascend,2050,Bonaparte,0,0.0,0.0,0.0,0.0,0.0,0.0,0,0,0
Australia,maximum,Gompertz,ascend,2050,North Carnarvon,0,0.0,0.0,0.0,0.0,0.0,0.0,0,0,0
Australia,maximum,Gompertz,ascend,2050,Browse,0,0.0,0.0,0.0,0.0,0.0,0.0,0,0,0
Australia,maximum,Gompertz,ascend,2100,Adavale,1,0.2002,0.2002,1.0,0.014217,0.0,0.0001,1,1,150
Australia,maximum,Gompertz,ascend,2100,Bowen-Surat,27,0.619,0.619,1.0,0.043946,0.0002,0.0004,1,2,150
Australia,maximum,Gompertz,ascend,2100,Canning,31,48.6216,48.6216,1.0,3.197471,0.0121,0.0308,36,3,150
Australia,maximum,Gompertz,ascend,2100,Gippsland,63,129.6462,129.6462,1.0,7.037301,0.0323,0.0679,100,4,140
Australia,maximum,Gompertz,ascend,2100,Bass,17,135.9107,135.9107,1.0,6.417374,0.0338,0.0619,132,5,130
Australia,maximum,Gompertz,ascend,2100,Perth,139,139.7935,139.7935,1.0,5.992132,0.0348,0.0578,121,6,130
Australia,maximum,Gompertz,ascend,2100,Bonaparte,25,363.9823,363.9823,1.0,13.698967,0.0906,0.1321,272,7,120
Australia,maximum,Gompertz,ascend,2100,North Carnarvon,113,717.3272,717.3272,1.0,21.777533,0.1786,0.21,676,8,110
Australia,maximum,Gompertz,ascend,2100,Browse,28,2479.4362,2479.4362,1.0,45.525213,0.6175,0.439,342,9,100
Australia,maximum,Gompertz,ascend,2179,Adavale,1,0.2002,0.2002,1.0,0.030037,0.0,0.0001,1,1,150
Australia,maximum,Gompertz,ascend,2179,Bowen-Surat,27,0.619,0.619,1.0,0.092844,0.0002,0.0002,1,2,150
Australia,maximum,Gompertz,ascend,2179,Canning,31,48.6216,48.6216,1.0,7.038575,0.0121,0.0167,36,3,150
Australia,maximum,Gompertz,ascend,2179,Gippsland,63,129.6462,129.6462,1.0,17.27935,0.0323,0.0411,100,4,140
Australia,maximum,Gompertz,ascend,2179,Bass,17,135.9107,135.9107,1.0,17.15432,0.0338,0.0408,132,5,130
Australia,maximum,Gompertz,ascend,2179,Perth,139,139.7935,139.7935,1.0,17.035821,0.0348,0.0405,121,6,130
Australia,maximum,Gompertz,ascend,2179,Bonaparte,25,363.9823,363.9823,1.0,42.453566,0.0906,0.1009,272,7,120
Australia,maximum,Gompertz,ascend,2179,North Carnarvon,113,717.3272,717.3272,1.0,78.446378,0.1786,0.1864,676,8,110
Australia,maximum,Gompertz,ascend,2179,Browse,28,2479.4362,2479.4362,1.0,241.400672,0.6175,0.5735,342,9,100
Australia,maximum,Logistic,ascend,2050,Adavale,1,0.2002,0.2002,1.0,0.004205,0.0012,0.0035,1,1,150
Australia,maximum,Logistic,ascend,2050,Bowen-Surat,27,0.619,0.619,1.0,0.012998,0.0036,0.0109,1,2,150
Australia,maximum,Logistic,ascend,2050,Canning,31,48.6216,48.6216,1.0,0.703786,0.2862,0.5918,36,3,150
Australia,maximum,Logistic,ascend,2050,Gippsland,63,120.4362,143.2415,0.8408,0.468167,0.709,0.3937,100,4,120
Australia,maximum,Logistic,ascend,2050,Bass,0,0.0,0.0,0.0,0.0,0.0,0.0,0,0,0
Australia,maximum,Logistic,ascend,2050,Perth,0,0.0,0.0,0.0,0.0,0.0,0.0,0,0,0
Australia,maximum,Logistic,ascend,2050,Bonaparte,0,0.0,0.0,0.0,0.0,0.0,0.0,0,0,0
Australia,maximum,Logistic,ascend,2050,North Carnarvon,0,0.0,0.0,0.0,0.0,0.0,0.0,0,0,0
Australia,maximum,Logistic,ascend,2050,Browse,0,0.0,0.0,0.0,0.0,0.0,0.0,0,0,0
Australia,maximum,Logistic,ascend,2100,Adavale,1,0.2002,0.2002,1.0,0.014217,0.0,0.0001,1,1,150
Australia,maximum,Logistic,ascend,2100,Bowen-Surat,27,0.619,0.619,1.0,0.043946,0.0001,0.0003,1,2,150
Australia,maximum,Logistic,ascend,2100,Canning,31,48.6216,48.6216,1.0,3.134865,0.0099,0.0186,36,3,150
Australia,maximum,Logistic,ascend,2100,Gippsland,63,143.2415,143.2415,1.0,7.630242,0.0291,0.0452,100,4,120
Australia,maximum,Logistic,ascend,2100,Bass,17,160.0521,160.0521,1.0,7.584771,0.0326,0.045,156,5,110
Australia,maximum,Logistic,ascend,2100,Perth,139,170.528,170.528,1.0,7.510109,0.0347,0.0445,169,6,110
Australia,maximum,Logistic,ascend,2100,Bonaparte,25,436.0919,436.0919,1.0,17.680891,0.0887,0.1048,272,7,100
Australia,maximum,Logistic,ascend,2100,North Carnarvon,113,868.0415,868.0415,1.0,31.443789,0.1766,0.1864,676,8,90
Australia,maximum,Logistic,ascend,2100,Browse,28,3088.8414,3088.8414,1.0,93.642544,0.6283,0.5551,625,9,80
Australia,maximum,Logistic,ascend,2179,Adavale,1,0.2002,0.2002,1.0,0.030037,0.0102,0.0001,1,1,150
Australia,maximum,Logistic,ascend,2179,Bowen-Surat,27,0.619,0.619,1.0,0.092844,0.0314,0.0002,1,2,150
Australia,maximum,Logistic,ascend,2179,Canning,31,18.8838,48.6216,0.3884,6.853244,0.9584,0.017,36,3,150
Australia,maximum,Logistic,ascend,2179,Gippsland,0,0.0,0.0,0.0,17.16292,0.0,0.0426,0,0,0
Australia,maximum,Logistic,ascend,2179,Bass,0,0.0,0.0,0.0,17.294028,0.0,0.043,0,0,0
Australia,maximum,Logistic,ascend,2179,Perth,0,0.0,0.0,0.0,17.291564,0.0,0.0429,0,0,0
Australia,maximum,Logistic,ascend,2179,Bonaparte,0,0.0,0.0,0.0,41.152853,0.0,0.1022,0,0,0
Australia,maximum,Logistic,ascend,2179,North Carnarvon,0,0.0,0.0,0.0,74.454143,0.0,0.1849,0,0,0
Australia,maximum,Logistic,ascend,2179,Browse,0,0.0,0.0,0.0,228.287339,0.0,0.567,0,0,0
Brazil,maximum,Gompertz,ascend,2050,Tucano,189,0.477,0.477,1.0,0.010017,0.0005,0.0013,1,1,150
Brazil,maximum,Gompertz,ascend,2050,Reconcavo,148,9.9168,9.9168,1.0,0.208252,0.0109,0.0279,9,2,150
Brazil,maximum,Gompertz,ascend,2050,Sergipe-Alagoas,165,20.3301,20.3301,1.0,0.426931,0.0223,0.0572,20,3,150
Brazil,maximum,Gompertz,ascend,2050,Espirito Santo,53,71.5205,71.5205,1.0,1.415636,0.0783,0.1898,49,4,150
Brazil,maximum,Gompertz,ascend,2050,Potiguar,143,80.6804,80.6804,1.0,1.238267,0.0884,0.166,49,5,150
Brazil,maximum,Gompertz,ascend,2050,Solimoes,169,183.2199,183.2199,1.0,1.97046,0.2007,0.2642,182,6,140
Brazil,maximum,Gompertz,ascend,2050,Campos,30,546.8933,635.8064,0.8602,2.190003,0.599,0.2936,576,7,140
Brazil,maximum,Gompertz,ascend,2050,Barreirinhas-Para-Maranhao,0,0.0,0.0,0.0,0.0,0.0,0.0,0,0,0
Brazil,maximum,Gompertz,ascend,2050,Santos,0,0.0,0.0,0.0,0.0,0.0,0.0,0,0,0
Brazil,maximum,Gompertz,ascend,2050,Foz do Amazonas,0,0.0,0.0,0.0,0.0,0.0,0.0,0,0,0
Brazil,maximum,Gompertz,ascend,2100,Tucano,189,0.477,0.477,1.0,0.033867,0.0,0.0001,1,1,150
Brazil,maximum,Gompertz,ascend,2100,Reconcavo,148,9.9168,9.9168,1.0,0.70409,0.0006,0.0019,9,2,150
Brazil,maximum,Gompertz,ascend,2100,Sergipe-Alagoas,165,20.3301,20.3301,1.0,1.443435,0.0013,0.004,20,3,150
Brazil,maximum,Gompertz,ascend,2100,Espirito Santo,53,71.5205,71.5205,1.0,4.991659,0.0045,0.0137,49,4,150
Brazil,maximum,Gompertz,ascend,2100,Potiguar,143,80.6804,80.6804,1.0,5.272285,0.0051,0.0144,49,5,150
Brazil,maximum,Gompertz,ascend,2100,Solimoes,169,183.2199,183.2199,1.0,11.131457,0.0116,0.0305,182,6,140
Brazil,maximum,Gompertz,ascend,2100,Campos,30,635.8064,635.8064,1.0,33.980321,0.0402,0.0931,576,7,140
Brazil,maximum,Gompertz,ascend,2100,Barreirinhas-Para-Maranhao,16,1327.8531,1327.8531,1.0,59.086536,0.084,0.1619,930,8,130
Brazil,maximum,Gompertz,ascend,2100,Santos,159,1989.4525,1989.4525,1.0,71.143409,0.1258,0.1949,1640,9,120
Brazil,maximum,Gompertz,ascend,2100,Foz do Amazonas,58,11497.756,11683.1243,0.9841,177.258425,0.7269,0.4856,3540,10,100
Brazil,maximum,Gompertz,ascend,2179,Tucano,189,0.477,0.477,1.0,0.07155,0.0,0.0,1,1,150
Brazil,maximum,Gompertz,ascend,2179,Reconcavo,148,9.9168,9.9168,1.0,1.487514,0.0006,0.0009,9,2,150
Brazil,maximum,Gompertz,ascend,2179,Sergipe-Alagoas,165,20.3301,20.3301,1.0,3.04951,0.0013,0.0019,20,3,150
Brazil,maximum,Gompertz,ascend,2179,Espirito Santo,53,71.5205,71.5205,1.0,10.641776,0.0045,0.0065,49,4,150
Brazil,maximum,Gompertz,ascend,2179,Potiguar,143,80.6804,80.6804,1.0,11.646035,0.005,0.0071,49,5,150
Brazil,maximum,Gompertz,ascend,2179,Solimoes,169,183.2199,183.2199,1.0,25.605832,0.0114,0.0157,182,6,140
Brazil,maximum,Gompertz,ascend,2179,Campos,30,635.8064,635.8064,1.0,84.209024,0.0397,0.0517,576,7,140
Brazil,maximum,Gompertz,ascend,2179,Barreirinhas-Para-Maranhao,16,1327.8531,1327.8531,1.0,163.986929,0.083,0.1007,930,8,130
Brazil,maximum,Gompertz,ascend,2179,Santos,159,1989.4525,1989.4525,1.0,228.310158,0.1243,0.1401,1640,9,120
Brazil,maximum,Gompertz,ascend,2179,Foz do Amazonas,58,11683.1243,11683.1243,1.0,1100.225243,0.7301,0.6753,3540,10,100
Brazil,maximum,Logistic,ascend,2050,Tucano,189,0.477,0.477,1.0,0.010017,0.0005,0.0016,1,1,150
Brazil,maximum,Logistic,ascend,2050,Reconcavo,148,10.3741,10.3741,1.0,0.217856,0.0114,0.0342,9,2,140
Brazil,maximum,Logistic,ascend,2050,Sergipe-Alagoas,165,22.6289,22.6289,1.0,0.475207,0.0248,0.0746,20,3,130
Brazil,maximum,Logistic,ascend,2050,Espirito Santo,53,88.2331,88.2331,1.0,1.547944,0.0966,0.2429,72,4,120
Brazil,maximum,Logistic,ascend,2050,Potiguar,143,109.8816,109.8816,1.0,1.294228,0.1203,0.2031,100,5,110
Brazil,maximum,Logistic,ascend,2050,Solimoes,169,246.4778,246.4778,1.0,1.74168,0.27,0.2733,225,6,100
Brazil,maximum,Logistic,ascend,2050,Campos,30,434.9654,992.6212,0.4382,1.086825,0.4764,0.1705,841,7,90
Brazil,maximum,Logistic,ascend,2050,Barreirinhas-Para-Maranhao,0,0.0,0.0,0.0,0.0,0.0,0.0,0,0,0
Brazil,maximum,Logistic,ascend,2050,Santos,0,0.0,0.0,0.0,0.0,0.0,0.0,0,0,0
Brazil,maximum,Logistic,ascend,2050,Foz do Amazonas,0,0.0,0.0,0.0,0.0,0.0,0.0,0,0,0
Brazil,maximum,Logistic,ascend,2100,Tucano,189,0.477,0.477,1.0,0.033867,0.0,0.0,1,1,150
Brazil,maximum,Logistic,ascend,2100,Reconcavo,148,10.3741,10.3741,1.0,0.736562,0.0003,0.0006,9,2,140
Brazil,maximum,Logistic,ascend,2100,Sergipe-Alagoas,165,22.6289,22.6289,1.0,1.606651,0.0006,0.0014,20,3,130
Brazil,maximum,Logistic,ascend,2100,Espirito Santo,53,88.2331,88.2331,1.0,5.9596,0.0024,0.0051,72,4,120
Brazil,maximum,Logistic,ascend,2100,Potiguar,143,109.8816,109.8816,1.0,6.788309,0.003,0.0058,100,5,110
Brazil,maximum,Logistic,ascend,2100,Solimoes,169,246.4778,246.4778,1.0,14.065572,0.0066,0.012,225,6,100
Brazil,maximum,Logistic,ascend,2100,Campos,30,992.6212,992.6212,1.0,50.004653,0.0267,0.0426,841,7,90
Brazil,maximum,Logistic,ascend,2100,Barreirinhas-Para-Maranhao,16,2462.9383,2462.9383,1.0,106.772125,0.0662,0.091,1521,8,70
Brazil,maximum,Logistic,ascend,2100,Santos,159,3983.4679,3983.4679,1.0,150.494782,0.107,0.1283,3249,9,60
Brazil,maximum,Logistic,ascend,2100,Foz do Amazonas,58,29304.8405,29304.8405,1.0,836.407702,0.7873,0.7131,10712,10,40
Brazil,maximum,Logistic,ascend,2179,Tucano,189,0.477,0.477,1.0,0.07155,0.4028,0.0,1,1,150
Brazil,maximum,Logistic,ascend,2179,Reconcavo,148,0.7073,10.3741,0.0682,1.453857,0.5972,0.0009,9,2,140
Brazil,maximum,Logistic,ascend,2179,Sergipe-Alagoas,0,0.0,0.0,0.0,2.940178,0.0,0.0017,0,0,0
Brazil,maximum,Logistic,ascend,2179,Espirito Santo,0,0.0,0.0,0.0,10.416709,0.0,0.0061,0,0,0
Brazil,maximum,Logistic,ascend,2179,Potiguar,0,0.0,0.0,0.0,11.694504,0.0,0.0068,0,0,0
Brazil,maximum,Logistic,ascend,2179,Solimoes,0,0.0,0.0,0.0,23.906524,0.0,0.014,0,0,0
Brazil,maximum,Logistic,ascend,2179,Campos,0,0.0,0.0,0.0,82.986697,0.0,0.0486,0,0,0
Brazil,maximum,Logistic,ascend,2179,Barreirinhas-Para-Maranhao,0,0.0,0.0,0.0,171.294828,0.0,0.1003,0,0,0
Brazil,maximum,Logistic,ascend,2179,Santos,0,0.0,0.0,0.0,232.784474,0.0,0.1363,0,0,0
Brazil,maximum,Logistic,ascend,2179,Foz do Amazonas,0,0.0,0.0,0.0,1170.443829,0.0,0.6853,0,0,0
Canada,maximum,Gompertz,ascend,2050,Beaufort-Mackenzie,18,0.3771,0.3771,1.0,0.007919,0.0012,0.0032,1,1,150
Canada,maximum,Gompertz,ascend,2050,Scotian,163,295.2282,295.2282,1.0,2.418347,0.9616,0.9921,272,2,140
Canada,maximum,Gompertz,ascend,2050,Grand Banks,64,11.427,406.6817,0.0281,0.011427,0.0372,0.0047,361,3,130
Canada,maximum,Gompertz,ascend,2100,Beaufort-Mackenzie,18,0.3771,0.3771,1.0,0.026773,0.0005,0.0007,1,1,150
Canada,maximum,Gompertz,ascend,2100,Scotian,163,295.2282,295.2282,1.0,17.179756,0.4204,0.4773,272,2,140
Canada,maximum,Gompertz,ascend,2100,Grand Banks,64,406.6817,406.6817,1.0,18.78447,0.5791,0.5219,361,3,130
Canada,maximum,Gompertz,ascend,2179,Beaufort-Mackenzie,18,0.3771,0.3771,1.0,0.056563,0.0005,0.0006,1,1,150
Canada,maximum,Gompertz,ascend,2179,Scotian,163,295.2282,295.2282,1.0,40.502782,0.4204,0.4428,272,2,140
Canada,maximum,Gompertz,ascend,2179,Grand Banks,64,406.6817,406.6817,1.0,50.912324,0.5791,0.5566,361,3,130
Canada,maximum,Logistic,ascend,2050,Beaufort-Mackenzie,18,0.3771,0.3771,1.0,0.007919,0.0012,0.0037,1,1,150
Canada,maximum,Logistic,ascend,2050,Scotian,163,306.6551,348.7283,0.8794,2.130845,0.9988,0.9963,342,2,120
Canada,maximum,Logistic,ascend,2050,Grand Banks,0,0.0,0.0,0.0,0.0,0.0,0.0,0,0,0
Canada,maximum,Logistic,ascend,2100,Beaufort-Mackenzie,18,0.3771,0.3771,1.0,0.026773,0.0004,0.0006,1,1,150
Canada,maximum,Logistic,ascend,2100,Scotian,163,348.7283,348.7283,1.0,19.567259,0.3958,0.444,342,2,120
Canada,maximum,Logistic,ascend,2100,Grand Banks,64,531.9533,531.9533,1.0,24.473867,0.6038,0.5554,484,3,100
Canada,maximum,Logistic,ascend,2179,Beaufort-Mackenzie,18,0.3771,0.3771,1.0,0.056563,0.0599,0.0006,1,1,150
Canada,maximum,Logistic,ascend,2179,Scotian,163,5.9233,348.7283,0.017,39.765379,0.9401,0.4436,342,2,120
Canada,maximum,Logistic,ascend,2179,Grand Banks,0,0.0,0.0,0.0,49.816897,0.0,0.5558,0,0,0
China,maximum,Gompertz,ascend,2050,Hailar-Temtsag,69,0.0402,0.0402,1.0,0.000845,0.0001,0.0002,1,1,150
China,maximum,Gompertz,ascend,2050,Sichuan,166,0.1036,0.1036,1.0,0.002175,0.0002,0.0006,1,2,150
China,maximum,Gompertz,ascend,2050,Santanghu,158,0.1058,0.1058,1.0,0.002223,0.0002,0.0006,1,3,150
China,maximum,Gompertz,ascend,2050,Junggar,78,0.3654,0.3654,1.0,0.007673,0.0007,0.0022,1,4,150
China,maximum,Gompertz,ascend,2050,Jiuquan,77,0.4616,0.4616,1.0,0.009693,0.0009,0.0027,1,5,150
China,maximum,Gompertz,ascend,2050,Sanshui,157,0.5507,0.5507,1.0,0.011565,0.0011,0.0033,1,6,150
China,maximum,Gompertz,ascend,2050,Bose,26,0.6099,0.6099,1.0,0.012809,0.0012,0.0036,1,7,150
China,maximum,Gompertz,ascend,2050,Qaidam,146,0.6127,0.6127,1.0,0.012866,0.0012,0.0036,1,8,150
China,maximum,Gompertz,ascend,2050,Jianghan,76,0.6968,0.6968,1.0,0.014634,0.0014,0.0041,1,9,150
China,maximum,Gompertz,ascend,2050,Yilan-Yitong,201,21.066,21.066,1.0,0.430421,0.041,0.1219,20,10,150
China,maximum,Gompertz,ascend,2050,Turpan,192,27.2121,27.2121,1.0,0.450457,0.053,0.1276,25,11,150
China,maximum,Gompertz,ascend,2050,Songliao,170,45.1186,45.1186,1.0,0.58837,0.0878,0.1666,42,12,150
China,maximum,Gompertz,ascend,2050,Nanxiang,107,73.3188,73.3188,1.0,0.703327,0.1427,0.1992,42,13,140
China,maximum,Gompertz,ascend,2050,Erlian,52,61.1971,61.1971,1.0,0.430778,0.1191,0.122,56,14,140
China,maximum,Gompertz,ascend,2050,Subei,177,87.7169,87.7169,1.0,0.435628,0.1707,0.1234,25,15,140
China,maximum,Gompertz,ascend,2050,Ordos,127,88.3452,88.3452,1.0,0.269696,0.172,0.0764,81,16,140
China,maximum,Gompertz,ascend,2050,Beibuwan,19,106.2044,113.6397,0.9346,0.147887,0.2067,0.0419,100,17,130
China,maximum,Gompertz,ascend,2050,Bohai Bay,0,0.0,0.0,0.0,0.0,0.0,0.0,0,0,0
China,maximum,Gompertz,ascend,2050,Pearl River Mouth,0,0.0,0.0,0.0,0.0,0.0,0.0,0,0,0
China,maximum,Gompertz,ascend,2050,Huabei,0,0.0,0.0,0.0,0.0,0.0,0.0,0,0,0
China,maximum,Gompertz,ascend,2050,Tarim,0,0.0,0.0,0.0,0.0,0.0,0.0,0,0,0
China,maximum,Gompertz,ascend,2100,Hailar-Temtsag,69,0.0402,0.0402,1.0,0.002856,0.0,0.0,1,1,150
China,maximum,Gompertz,ascend,2100,Sichuan,166,0.1036,0.1036,1.0,0.007355,0.0001,0.0001,1,2,150
China,maximum,Gompertz,ascend,2100,Santanghu,158,0.1058,0.1058,1.0,0.007515,0.0001,0.0001,1,3,150
China,maximum,Gompertz,ascend,2100,Junggar,78,0.3654,0.3654,1.0,0.02594,0.0003,0.0004,1,4,150
China,maximum,Gompertz,ascend,2100,Jiuquan,77,0.4616,0.4616,1.0,0.03277,0.0003,0.0005,1,5,150
China,maximum,Gompertz,ascend,2100,Sanshui,157,0.5507,0.5507,1.0,0.039101,0.0004,0.0006,1,6,150
China,maximum,Gompertz,ascend,2100,Bose,26,0.6099,0.6099,1.0,0.043305,0.0004,0.0006,1,7,150
China,maximum,Gompertz,ascend,2100,Qaidam,146,0.6127,0.6127,1.0,0.043499,0.0004,0.0006,1,8,150
China,maximum,Gompertz,ascend,2100,Jianghan,76,0.6968,0.6968,1.0,0.049476,0.0005,0.0007,1,9,150
China,maximum,Gompertz,ascend,2100,Yilan-Yitong,201,21.066,21.066,1.0,1.48372,0.0152,0.0214,20,10,150
China,maximum,Gompertz,ascend,2100,Turpan,192,27.2121,27.2121,1.0,1.811062,0.0196,0.0261,25,11,150
China,maximum,Gompertz,ascend,2100,Songliao,170,45.1186,45.1186,1.0,2.844301,0.0325,0.041,42,12,150
China,maximum,Gompertz,ascend,2100,Nanxiang,107,73.3188,73.3188,1.0,4.369269,0.0528,0.063,42,13,140
China,maximum,Gompertz,ascend,2100,Erlian,52,61.1971,61.1971,1.0,3.490634,0.044,0.0504,56,14,140
China,maximum,Gompertz,ascend,2100,Subei,177,87.7169,87.7169,1.0,4.821474,0.0631,0.0696,25,15,140
China,maximum,Gompertz,ascend,2100,Ordos,127,88.3452,88.3452,1.0,4.686956,0.0636,0.0676,81,16,140
China,maximum,Gompertz,ascend,2100,Beibuwan,19,113.6397,113.6397,1.0,5.829873,0.0818,0.0841,100,17,130
China,maximum,Gompertz,ascend,2100,Bohai Bay,24,156.0208,156.0208,1.0,7.697454,0.1123,0.111,144,18,130
China,maximum,Gompertz,ascend,2100,Pearl River Mouth,136,211.3555,211.3555,1.0,9.97174,0.1521,0.1438,210,19,130
China,maximum,Gompertz,ascend,2100,Huabei,70,227.7138,227.7138,1.0,10.273299,0.1639,0.1482,210,20,130
China,maximum,Gompertz,ascend,2100,Tarim,183,273.3669,273.3669,1.0,11.790509,0.1967,0.1701,256,21,130
China,maximum,Gompertz,ascend,2179,Hailar-Temtsag,69,0.0402,0.0402,1.0,0.006034,0.0,0.0,1,1,150
China,maximum,Gompertz,ascend,2179,Sichuan,166,0.1036,0.1036,1.0,0.015539,0.0001,0.0001,1,2,150
China,maximum,Gompertz,ascend,2179,Santanghu,158,0.1058,0.1058,1.0,0.015877,0.0001,0.0001,1,3,150
China,maximum,Gompertz,ascend,2179,Junggar,78,0.3654,0.3654,1.0,0.054804,0.0003,0.0003,1,4,150
China,maximum,Gompertz,ascend,2179,Jiuquan,77,0.4616,0.4616,1.0,0.069233,0.0003,0.0004,1,5,150
China,maximum,Gompertz,ascend,2179,Sanshui,157,0.5507,0.5507,1.0,0.082608,0.0004,0.0005,1,6,150
China,maximum,Gompertz,ascend,2179,Bose,26,0.6099,0.6099,1.0,0.091489,0.0004,0.0005,1,7,150
China,maximum,Gompertz,ascend,2179,Qaidam,146,0.6127,0.6127,1.0,0.091899,0.0004,0.0005,1,8,150
China,maximum,Gompertz,ascend,2179,Jianghan,76,0.6968,0.6968,1.0,0.104526,0.0005,0.0006,1,9,150
China,maximum,Gompertz,ascend,2179,Yilan-Yitong,201,21.066,21.066,1.0,3.147933,0.0152,0.0176,20,10,150
China,maximum,Gompertz,ascend,2179,Turpan,192,27.2121,27.2121,1.0,3.960818,0.0196,0.0221,25,11,150
China,maximum,Gompertz,ascend,2179,Songliao,170,45.1186,45.1186,1.0,6.408673,0.0325,0.0358,42,12,150
China,maximum,Gompertz,ascend,2179,Nanxiang,107,73.3188,73.3188,1.0,10.161455,0.0528,0.0567,42,13,140
China,maximum,Gompertz,ascend,2179,Erlian,52,61.1971,61.1971,1.0,8.325207,0.044,0.0465,56,14,140
China,maximum,Gompertz,ascend,2179,Subei,177,87.7169,87.7169,1.0,11.751111,0.0631,0.0656,25,15,140
China,maximum,Gompertz,ascend,2179,Ordos,127,88.3452,88.3452,1.0,11.666227,0.0636,0.0651,81,16,140
China,maximum,Gompertz,ascend,2179,Beibuwan,19,113.6397,113.6397,1.0,14.807411,0.0818,0.0827,100,17,130
China,maximum,Gompertz,ascend,2179,Bohai Bay,24,156.0208,156.0208,1.0,20.023098,0.1123,0.1118,144,18,130
China,maximum,Gompertz,ascend,2179,Pearl River Mouth,136,211.3555,211.3555,1.0,26.668828,0.1521,0.1489,210,19,130
China,maximum,Gompertz,ascend,2179,Huabei,70,227.7138,227.7138,1.0,28.262688,0.1639,0.1578,210,20,130
China,maximum,Gompertz,ascend,2179,Tarim,183,273.3669,273.3669,1.0,33.386492,0.1967,0.1864,256,21,130
China,maximum,Logistic,ascend,2050,Hailar-Temtsag,69,0.0402,0.0402,1.0,0.000845,0.0001,0.0003,1,1,150
China,maximum,Logistic,ascend,2050,Sichuan,166,0.1036,0.1036,1.0,0.002175,0.0002,0.0007,1,2,150
China,maximum,Logistic,ascend,2050,Santanghu,158,0.1058,0.1058,1.0,0.002223,0.0002,0.0007,1,3,150
China,maximum,Logistic,ascend,2050,Junggar,78,0.3659,0.3659,1.0,0.007684,0.0007,0.0026,1,4,140
China,maximum,Logistic,ascend,2050,Jiuquan,77,0.4622,0.4622,1.0,0.009706,0.0009,0.0032,1,5,140
China,maximum,Logistic,ascend,2050,Sanshui,157,0.5514,0.5514,1.0,0.011579,0.0011,0.0039,1,6,140
China,maximum,Logistic,ascend,2050,Bose,26,0.611,0.611,1.0,0.01283,0.0012,0.0043,1,7,130
China,maximum,Logistic,ascend,2050,Qaidam,146,0.6143,0.6143,1.0,0.012901,0.0012,0.0043,1,8,130
China,maximum,Logistic,ascend,2050,Jianghan,76,0.6983,0.6983,1.0,0.014664,0.0014,0.0049,1,9,130
China,maximum,Logistic,ascend,2050,Yilan-Yitong,201,26.7553,26.7553,1.0,0.50664,0.0521,0.1695,25,10,120
China,maximum,Logistic,ascend,2050,Turpan,192,37.7435,37.7435,1.0,0.505748,0.0735,0.1692,36,11,110
China,maximum,Logistic,ascend,2050,Songliao,170,68.417,68.417,1.0,0.640095,0.1332,0.2141,64,12,100
China,maximum,Logistic,ascend,2050,Nanxiang,107,86.2161,86.2161,1.0,0.537791,0.1678,0.1799,81,13,100
China,maximum,Logistic,ascend,2050,Erlian,52,103.984,103.984,1.0,0.408144,0.2024,0.1365,100,14,90
China,maximum,Logistic,ascend,2050,Subei,177,137.1023,137.1023,1.0,0.266548,0.2669,0.0892,110,15,90
China,maximum,Logistic,ascend,2050,Ordos,127,49.955,163.3672,0.3058,0.049955,0.0972,0.0167,156,16,80
China,maximum,Logistic,ascend,2050,Beibuwan,0,0.0,0.0,0.0,0.0,0.0,0.0,0,0,0
China,maximum,Logistic,ascend,2050,Bohai Bay,0,0.0,0.0,0.0,0.0,0.0,0.0,0,0,0
China,maximum,Logistic,ascend,2050,Pearl River Mouth,0,0.0,0.0,0.0,0.0,0.0,0.0,0,0,0
China,maximum,Logistic,ascend,2050,Huabei,0,0.0,0.0,0.0,0.0,0.0,0.0,0,0,0
China,maximum,Logistic,ascend,2050,Tarim,0,0.0,0.0,0.0,0.0,0.0,0.0,0,0,0
China,maximum,Logistic,ascend,2100,Hailar-Temtsag,69,0.0402,0.0402,1.0,0.002856,0.0,0.0,1,1,150
China,maximum,Logistic,ascend,2100,Sichuan,166,0.1036,0.1036,1.0,0.007355,0.0,0.0001,1,2,150
China,maximum,Logistic,ascend,2100,Santanghu,158,0.1058,0.1058,1.0,0.007515,0.0,0.0001,1,3,150
China,maximum,Logistic,ascend,2100,Junggar,78,0.3659,0.3659,1.0,0.025979,0.0002,0.0002,1,4,140
China,maximum,Logistic,ascend,2100,Jiuquan,77,0.4622,0.4622,1.0,0.032816,0.0002,0.0003,1,5,140
China,maximum,Logistic,ascend,2100,Sanshui,157,0.5514,0.5514,1.0,0.03915,0.0002,0.0003,1,6,140
China,maximum,Logistic,ascend,2100,Bose,26,0.611,0.611,1.0,0.043378,0.0003,0.0004,1,7,130
China,maximum,Logistic,ascend,2100,Qaidam,146,0.6143,0.6143,1.0,0.043618,0.0003,0.0004,1,8,130
China,maximum,Logistic,ascend,2100,Jianghan,76,0.6983,0.6983,1.0,0.049577,0.0003,0.0004,1,9,130
China,maximum,Logistic,ascend,2100,Yilan-Yitong,201,26.7553,26.7553,1.0,1.844405,0.0114,0.0164,25,10,120
China,maximum,Logistic,ascend,2100,Turpan,192,37.7435,37.7435,1.0,2.392922,0.016,0.0213,36,11,110
China,maximum,Logistic,ascend,2100,Songliao,170,68.417,68.417,1.0,4.060945,0.029,0.0362,64,12,100
China,maximum,Logistic,ascend,2100,Nanxiang,107,86.2161,86.2161,1.0,4.848597,0.0366,0.0432,81,13,100
China,maximum,Logistic,ascend,2100,Erlian,52,103.984,103.984,1.0,5.607342,0.0441,0.05,100,14,90
China,maximum,Logistic,ascend,2100,Subei,177,137.1023,137.1023,1.0,7.121664,0.0582,0.0635,110,15,90
China,maximum,Logistic,ascend,2100,Ordos,127,163.3672,163.3672,1.0,8.208737,0.0694,0.0732,156,16,80
China,maximum,Logistic,ascend,2100,Beibuwan,19,181.0166,181.0166,1.0,8.803991,0.0768,0.0785,100,17,80
China,maximum,Logistic,ascend,2100,Bohai Bay,24,251.3689,251.3689,1.0,11.898444,0.1067,0.1061,210,18,80
China,maximum,Logistic,ascend,2100,Pearl River Mouth,136,394.4575,394.4575,1.0,17.992649,0.1675,0.1604,272,19,70
China,maximum,Logistic,ascend,2100,Huabei,70,408.5739,408.5739,1.0,18.069743,0.1734,0.1611,324,20,70
China,maximum,Logistic,ascend,2100,Tarim,183,493.0823,493.0823,1.0,21.08177,0.2093,0.1879,420,21,70
China,maximum,Logistic,ascend,2179,Hailar-Temtsag,69,0.0402,0.0402,1.0,0.006034,0.7992,0.0,1,1,150
China,maximum,Logistic,ascend,2179,Sichuan,166,0.0101,0.1036,0.0975,0.015179,0.2008,0.0001,1,2,150
China,maximum,Logistic,ascend,2179,Santanghu,0,0.0,0.0,0.0,0.015048,0.0,0.0001,0,0,0
China,maximum,Logistic,ascend,2179,Junggar,0,0.0,0.0,0.0,0.050493,0.0,0.0003,0,0,0
China,maximum,Logistic,ascend,2179,Jiuquan,0,0.0,0.0,0.0,0.062052,0.0,0.0004,0,0,0
China,maximum,Logistic,ascend,2179,Sanshui,0,0.0,0.0,0.0,0.072625,0.0,0.0004,0,0,0
China,maximum,Logistic,ascend,2179,Bose,0,0.0,0.0,0.0,0.079238,0.0,0.0005,0,0,0
China,maximum,Logistic,ascend,2179,Qaidam,0,0.0,0.0,0.0,0.078813,0.0,0.0005,0,0,0
China,maximum,Logistic,ascend,2179,Jianghan,0,0.0,0.0,0.0,0.088674,0.0,0.0005,0,0,0
China,maximum,Logistic,ascend,2179,Yilan-Yitong,0,0.0,0.0,0.0,3.119525,0.0,0.0181,0,0,0
China,maximum,Logistic,ascend,2179,Turpan,0,0.0,0.0,0.0,3.952124,0.0,0.0229,0,0,0
China,maximum,Logistic,ascend,2179,Songliao,0,0.0,0.0,0.0,6.612592,0.0,0.0384,0,0,0
China,maximum,Logistic,ascend,2179,Nanxiang,0,0.0,0.0,0.0,7.793271,0.0,0.0452,0,0,0
China,maximum,Logistic,ascend,2179,Erlian,0,0.0,0.0,0.0,8.919518,0.0,0.0517,0,0,0
China,maximum,Logistic,ascend,2179,Subei,0,0.0,0.0,0.0,11.216211,0.0,0.0651,0,0,0
China,maximum,Logistic,ascend,2179,Ordos,0,0.0,0.0,0.0,12.807699,0.0,0.0743,0,0,0
China,maximum,Logistic,ascend,2179,Beibuwan,0,0.0,0.0,0.0,13.615323,0.0,0.079,0,0,0
China,maximum,Logistic,ascend,2179,Bohai Bay,0,0.0,0.0,0.0,18.252398,0.0,0.1059,0,0,0
China,maximum,Logistic,ascend,2179,Pearl River Mouth,0,0.0,0.0,0.0,27.276531,0.0,0.1582,0,0,0
China,maximum,Logistic,ascend,2179,Huabei,0,0.0,0.0,0.0,27.103707,0.0,0.1572,0,0,0
China,maximum,Logistic,ascend,2179,Tarim,0,0.0,0.0,0.0,31.28486,0.0,0.1814,0,0,0
EU,maximum,Gompertz,ascend,2050,Baltic,14,0.287,0.287,1.0,0.006027,0.0003,0.0006,1,1,150
EU,maximum,Gompertz,ascend,2050,Polish,142,0.4338,0.4338,1.0,0.009111,0.0004,0.0009,1,2,150
EU,maximum,Gompertz,ascend,2050,Sava,161,0.499,0.499,1.0,0.010479,0.0004,0.0011,1,3,150
EU,maximum,Gompertz,ascend,2050,Transylvanian,187,0.5399,0.5399,1.0,0.011339,0.0005,0.0012,1,4,150
EU,maximum,Gompertz,ascend,2050,Drava,48,0.6358,0.6358,1.0,0.013351,0.0006,0.0014,1,5,150
EU,maximum,Gompertz,ascend,2050,North Carpathian,114,0.7276,0.7276,1.0,0.015279,0.0006,0.0016,1,6,150
EU,maximum,Gompertz,ascend,2050,Crimea-Karkinit,41,0.7257,0.7257,1.0,0.015239,0.0006,0.0016,1,7,150
EU,maximum,Gompertz,ascend,2050,Paris,134,0.8687,0.8687,1.0,0.018243,0.0008,0.0019,1,8,150
EU,maximum,Gompertz,ascend,2050,Zala,203,2.1849,2.1849,1.0,0.045883,0.0019,0.0047,2,9,150
EU,maximum,Gompertz,ascend,2050,Vienna,194,14.7895,14.7895,1.0,0.31058,0.0129,0.0318,4,10,150
EU,maximum,Gompertz,ascend,2050,Dnieper-Donets,45,22.1816,22.1816,1.0,0.465814,0.0194,0.0478,20,11,150
EU,maximum,Gompertz,ascend,2050,Pannonian,131,31.9848,31.9848,1.0,0.671681,0.028,0.0689,30,12,150
EU,maximum,Gompertz,ascend,2050,Norwegian,125,38.0984,38.0984,1.0,0.753268,0.0333,0.0772,36,13,150
EU,maximum,Gompertz,ascend,2050,Moesian,100,43.4792,43.4792,1.0,0.764726,0.038,0.0784,42,14,150
EU,maximum,Gompertz,ascend,2050,Po,141,49.038,49.038,1.0,0.768555,0.0429,0.0788,49,15,150
EU,maximum,Gompertz,ascend,2050,North Adriatic,112,53.9327,53.9327,1.0,0.75666,0.0471,0.0776,49,16,150
EU,maximum,Gompertz,ascend,2050,Caltanissetta,29,93.2561,93.2561,1.0,1.124816,0.0815,0.1153,64,17,150
EU,maximum,Gompertz,ascend,2050,Lublin,91,125.9127,125.9127,1.0,1.232177,0.11,0.1263,121,18,140
EU,maximum,Gompertz,ascend,2050,West Barents,198,134.9766,134.9766,1.0,1.017527,0.118,0.1043,90,19,140
EU,maximum,Gompertz,ascend,2050,Northern North Sea,123,211.9822,211.9822,1.0,1.072186,0.1853,0.1099,210,20,140
EU,maximum,Gompertz,ascend,2050,Ionian,74,225.5586,225.5586,1.0,0.579745,0.1971,0.0594,225,21,140
EU,maximum,Gompertz,ascend,2050,More,102,92.0899,240.2165,0.3834,0.09209,0.0805,0.0094,196,22,130
EU,maximum,Gompertz,ascend,2050,Northern Aegean,0,0.0,0.0,0.0,0.0,0.0,0.0,0,0,0
EU,maximum,Gompertz,ascend,2050,Northwest German,0,0.0,0.0,0.0,0.0,0.0,0.0,0,0,0
EU,maximum,Gompertz,ascend,2050,South Adriatic,0,0.0,0.0,0.0,0.0,0.0,0.0,0,0,0
EU,maximum,Gompertz,ascend,2050,Balearic,0,0.0,0.0,0.0,0.0,0.0,0.0,0,0,0
EU,maximum,Gompertz,ascend,2050,Trondelag-Halten,0,0.0,0.0,0.0,0.0,0.0,0.0,0,0,0
EU,maximum,Gompertz,ascend,2050,Aquitaine-Bay of Biscay,0,0.0,0.0,0.0,0.0,0.0,0.0,0,0,0
EU,maximum,Gompertz,ascend,2100,Baltic,14,0.287,0.287,1.0,0.020376,0.0001,0.0001,1,1,150
EU,maximum,Gompertz,ascend,2100,Polish,142,0.4338,0.4338,1.0,0.030803,0.0001,0.0001,1,2,150
EU,maximum,Gompertz,ascend,2100,Sava,161,0.499,0.499,1.0,0.035428,0.0001,0.0002,1,3,150
EU,maximum,Gompertz,ascend,2100,Transylvanian,187,0.5399,0.5399,1.0,0.038335,0.0001,0.0002,1,4,150
EU,maximum,Gompertz,ascend,2100,Drava,48,0.6358,0.6358,1.0,0.045139,0.0001,0.0002,1,5,150
EU,maximum,Gompertz,ascend,2100,North Carpathian,114,0.7276,0.7276,1.0,0.051657,0.0001,0.0002,1,6,150
EU,maximum,Gompertz,ascend,2100,Crimea-Karkinit,41,0.7257,0.7257,1.0,0.051522,0.0001,0.0002,1,7,150
EU,maximum,Gompertz,ascend,2100,Paris,134,0.8687,0.8687,1.0,0.06168,0.0002,0.0003,1,8,150
EU,maximum,Gompertz,ascend,2100,Zala,203,2.1849,2.1849,1.0,0.155128,0.0004,0.0007,2,9,150
EU,maximum,Gompertz,ascend,2100,Vienna,194,14.7895,14.7895,1.0,1.050056,0.0029,0.0049,4,10,150
EU,maximum,Gompertz,ascend,2100,Dnieper-Donets,45,22.1816,22.1816,1.0,1.574896,0.0043,0.0073,20,11,150
EU,maximum,Gompertz,ascend,2100,Pannonian,131,31.9848,31.9848,1.0,2.270922,0.0062,0.0105,30,12,150
EU,maximum,Gompertz,ascend,2100,Norwegian,125,38.0984,38.0984,1.0,2.65819,0.0074,0.0123,36,13,150
EU,maximum,Gompertz,ascend,2100,Moesian,100,43.4792,43.4792,1.0,2.938687,0.0085,0.0136,42,14,150
EU,maximum,Gompertz,ascend,2100,Po,141,49.038,49.038,1.0,3.220454,0.0096,0.0149,49,15,150
EU,maximum,Gompertz,ascend,2100,North Adriatic,112,53.9327,53.9327,1.0,3.453294,0.0105,0.016,49,16,150
EU,maximum,Gompertz,ascend,2100,Caltanissetta,29,93.2561,93.2561,1.0,5.787624,0.0182,0.0268,64,17,150
EU,maximum,Gompertz,ascend,2100,Lublin,91,125.9127,125.9127,1.0,7.527812,0.0246,0.0348,121,18,140
EU,maximum,Gompertz,ascend,2100,West Barents,198,134.9766,134.9766,1.0,7.766356,0.0264,0.0359,90,19,140
EU,maximum,Gompertz,ascend,2100,Northern North Sea,123,211.9822,211.9822,1.0,11.671297,0.0414,0.054,210,20,140
EU,maximum,Gompertz,ascend,2100,Ionian,74,225.5586,225.5586,1.0,11.857673,0.0441,0.0549,225,21,140
EU,maximum,Gompertz,ascend,2100,More,102,240.2165,240.2165,1.0,12.065329,0.0469,0.0558,196,22,130
EU,maximum,Gompertz,ascend,2100,Northern Aegean,122,265.6121,265.6121,1.0,12.766156,0.0519,0.0591,240,23,130
EU,maximum,Gompertz,ascend,2100,Northwest German,124,344.5665,344.5665,1.0,15.776156,0.0673,0.073,342,24,130
EU,maximum,Gompertz,ascend,2100,South Adriatic,171,413.467,413.467,1.0,17.820348,0.0808,0.0824,210,25,130
EU,maximum,Gompertz,ascend,2100,Balearic,13,722.1625,722.1625,1.0,28.652638,0.1411,0.1325,441,26,120
EU,maximum,Gompertz,ascend,2100,Trondelag-Halten,188,832.4624,832.4624,1.0,29.417023,0.1627,0.1361,210,27,120
EU,maximum,Gompertz,ascend,2100,Aquitaine-Bay of Biscay,8,1247.4971,1247.4971,1.0,37.416257,0.2437,0.1731,462,28,100
EU,maximum,Gompertz,ascend,2179,Baltic,14,0.287,0.287,1.0,0.043047,0.0001,0.0001,1,1,150
EU,maximum,Gompertz,ascend,2179,Polish,142,0.4338,0.4338,1.0,0.065076,0.0001,0.0001,1,2,150
EU,maximum,Gompertz,ascend,2179,Sava,161,0.499,0.499,1.0,0.074848,0.0002,0.0001,1,3,150
EU,maximum,Gompertz,ascend,2179,Transylvanian,187,0.5399,0.5399,1.0,0.08099,0.0002,0.0001,1,4,150
EU,maximum,Gompertz,ascend,2179,Drava,48,0.6358,0.6358,1.0,0.095364,0.0002,0.0002,1,5,150
EU,maximum,Gompertz,ascend,2179,North Carpathian,114,0.7276,0.7276,1.0,0.109135,0.0002,0.0002,1,6,150
EU,maximum,Gompertz,ascend,2179,Crimea-Karkinit,41,0.7257,0.7257,1.0,0.10885,0.0002,0.0002,1,7,150
EU,maximum,Gompertz,ascend,2179,Paris,134,0.8687,0.8687,1.0,0.130309,0.0003,0.0002,1,8,150
EU,maximum,Gompertz,ascend,2179,Zala,203,2.1849,2.1849,1.0,0.327735,0.0007,0.0005,2,9,150
EU,maximum,Gompertz,ascend,2179,Vienna,194,14.7895,14.7895,1.0,2.218429,0.0045,0.0037,4,10,150
EU,maximum,Gompertz,ascend,2179,Dnieper-Donets,45,22.1816,22.1816,1.0,3.327246,0.0067,0.0055,20,11,150
EU,maximum,Gompertz,ascend,2179,Pannonian,131,31.9848,31.9848,1.0,4.797722,0.0097,0.008,30,12,150
EU,maximum,Gompertz,ascend,2179,Norwegian,125,38.0984,38.0984,1.0,5.667966,0.0115,0.0095,36,13,150
EU,maximum,Gompertz,ascend,2179,Moesian,100,43.4792,43.4792,1.0,6.373545,0.0131,0.0106,42,14,150
EU,maximum,Gompertz,ascend,2179,Po,141,49.038,49.038,1.0,7.094455,0.0148,0.0118,49,15,150
EU,maximum,Gompertz,ascend,2179,North Adriatic,112,53.9327,53.9327,1.0,7.713974,0.0163,0.0129,49,16,150
EU,maximum,Gompertz,ascend,2179,Caltanissetta,29,93.2561,93.2561,1.0,13.154859,0.0282,0.0219,64,17,150
EU,maximum,Gompertz,ascend,2179,Lublin,91,125.9127,125.9127,1.0,17.474916,0.038,0.0291,121,18,140
EU,maximum,Gompertz,ascend,2179,West Barents,198,134.9766,134.9766,1.0,18.429506,0.0408,0.0307,90,19,140
EU,maximum,Gompertz,ascend,2179,Northern North Sea,123,211.9822,211.9822,1.0,28.417893,0.064,0.0474,210,20,140
EU,maximum,Gompertz,ascend,2179,Ionian,74,225.5586,225.5586,1.0,29.6768,0.0681,0.0495,225,21,140
EU,maximum,Gompertz,ascend,2179,More,102,240.2165,240.2165,1.0,31.042429,0.0726,0.0518,196,22,130
EU,maximum,Gompertz,ascend,2179,Northern Aegean,122,265.6121,265.6121,1.0,33.74951,0.0802,0.0563,240,23,130
EU,maximum,Gompertz,ascend,2179,Northwest German,124,344.5665,344.5665,1.0,42.996907,0.1041,0.0717,342,24,130
EU,maximum,Gompertz,ascend,2179,South Adriatic,171,413.467,413.467,1.0,50.484238,0.1249,0.0842,210,25,130
EU,maximum,Gompertz,ascend,2179,Balearic,13,722.1625,722.1625,1.0,85.703472,0.2181,0.1429,441,26,120
EU,maximum,Gompertz,ascend,2179,Trondelag-Halten,188,272.7322,832.4624,0.3276,92.830128,0.0824,0.1548,210,27,120
EU,maximum,Gompertz,ascend,2179,Aquitaine-Bay of Biscay,0,0.0,0.0,0.0,117.40918,0.0,0.1958,0,0,0
EU,maximum,Logistic,ascend,2050,Baltic,14,0.287,0.287,1.0,0.006027,0.0003,0.0008,1,1,150
EU,maximum,Logistic,ascend,2050,Polish,142,0.4344,0.4344,1.0,0.009123,0.0004,0.0011,1,2,140
EU,maximum,Logistic,ascend,2050,Sava,161,0.4996,0.4996,1.0,0.010491,0.0004,0.0013,1,3,140
EU,maximum,Logistic,ascend,2050,Transylvanian,187,0.5411,0.5411,1.0,0.011363,0.0005,0.0014,1,4,130
EU,maximum,Logistic,ascend,2050,Drava,48,0.6378,0.6378,1.0,0.013393,0.0006,0.0017,1,5,130
EU,maximum,Logistic,ascend,2050,North Carpathian,114,0.7292,0.7292,1.0,0.015313,0.0006,0.0019,1,6,130
EU,maximum,Logistic,ascend,2050,Crimea-Karkinit,41,0.7277,0.7277,1.0,0.015282,0.0006,0.0019,1,7,130
EU,maximum,Logistic,ascend,2050,Paris,134,0.8708,0.8708,1.0,0.018288,0.0008,0.0023,1,8,130
EU,maximum,Logistic,ascend,2050,Zala,203,2.1911,2.1911,1.0,0.046013,0.0019,0.0057,2,9,130
EU,maximum,Logistic,ascend,2050,Vienna,194,16.1203,16.1203,1.0,0.338527,0.0141,0.0423,16,10,120
EU,maximum,Logistic,ascend,2050,Dnieper-Donets,45,33.3977,33.3977,1.0,0.701351,0.0292,0.0875,30,11,110
EU,maximum,Logistic,ascend,2050,Pannonian,131,44.3202,44.3202,1.0,0.833615,0.0387,0.104,42,12,110
EU,maximum,Logistic,ascend,2050,Norwegian,125,57.051,57.051,1.0,0.878633,0.0499,0.1097,49,13,100
EU,maximum,Logistic,ascend,2050,Moesian,100,71.0595,71.0595,1.0,0.903089,0.0621,0.1127,64,14,90
EU,maximum,Logistic,ascend,2050,Po,141,77.7605,77.7605,1.0,0.812667,0.068,0.1014,64,15,90
EU,maximum,Logistic,ascend,2050,North Adriatic,112,85.4935,85.4935,1.0,0.732092,0.0747,0.0914,72,16,90
EU,maximum,Logistic,ascend,2050,Caltanissetta,29,133.7822,133.7822,1.0,0.905368,0.1169,0.113,132,17,80
EU,maximum,Logistic,ascend,2050,Lublin,91,208.4133,208.4133,1.0,0.971204,0.1822,0.1212,196,18,80
EU,maximum,Logistic,ascend,2050,West Barents,198,264.628,264.628,1.0,0.644618,0.2313,0.0805,240,19,70
EU,maximum,Logistic,ascend,2050,Northern North Sea,123,145.238,401.1852,0.362,0.145238,0.1269,0.0181,210,20,70
EU,maximum,Logistic,ascend,2050,Ionian,0,0.0,0.0,0.0,0.0,0.0,0.0,0,0,0
EU,maximum,Logistic,ascend,2050,More,0,0.0,0.0,0.0,0.0,0.0,0.0,0,0,0
EU,maximum,Logistic,ascend,2050,Northern Aegean,0,0.0,0.0,0.0,0.0,0.0,0.0,0,0,0
EU,maximum,Logistic,ascend,2050,Northwest German,0,0.0,0.0,0.0,0.0,0.0,0.0,0,0,0
EU,maximum,Logistic,ascend,2050,South Adriatic,0,0.0,0.0,0.0,0.0,0.0,0.0,0,0,0
EU,maximum,Logistic,ascend,2050,Balearic,0,0.0,0.0,0.0,0.0,0.0,0.0,0,0,0
EU,maximum,Logistic,ascend,2050,Trondelag-Halten,0,0.0,0.0,0.0,0.0,0.0,0.0,0,0,0
EU,maximum,Logistic,ascend,2050,Aquitaine-Bay of Biscay,0,0.0,0.0,0.0,0.0,0.0,0.0,0,0,0
EU,maximum,Logistic,ascend,2100,Baltic,14,0.287,0.287,1.0,0.020376,0.0,0.0,1,1,150
EU,maximum,Logistic,ascend,2100,Polish,142,0.4344,0.4344,1.0,0.030844,0.0,0.0001,1,2,140
EU,maximum,Logistic,ascend,2100,Sava,161,0.4996,0.4996,1.0,0.035471,0.0001,0.0001,1,3,140
EU,maximum,Logistic,ascend,2100,Transylvanian,187,0.5411,0.5411,1.0,0.038417,0.0001,0.0001,1,4,130
EU,maximum,Logistic,ascend,2100,Drava,48,0.6378,0.6378,1.0,0.045282,0.0001,0.0001,1,5,130
EU,maximum,Logistic,ascend,2100,North Carpathian,114,0.7292,0.7292,1.0,0.051772,0.0001,0.0001,1,6,130
EU,maximum,Logistic,ascend,2100,Crimea-Karkinit,41,0.7277,0.7277,1.0,0.051668,0.0001,0.0001,1,7,130
EU,maximum,Logistic,ascend,2100,Paris,134,0.8708,0.8708,1.0,0.06183,0.0001,0.0001,1,8,130
EU,maximum,Logistic,ascend,2100,Zala,203,2.1911,2.1911,1.0,0.155568,0.0002,0.0003,2,9,130
EU,maximum,Logistic,ascend,2100,Vienna,194,16.1203,16.1203,1.0,1.144543,0.0018,0.0024,16,10,120
EU,maximum,Logistic,ascend,2100,Dnieper-Donets,45,33.3977,33.3977,1.0,2.371233,0.0038,0.0049,30,11,110
EU,maximum,Logistic,ascend,2100,Pannonian,131,44.3202,44.3202,1.0,3.049624,0.005,0.0063,42,12,110
EU,maximum,Logistic,ascend,2100,Norwegian,125,57.051,57.051,1.0,3.731186,0.0064,0.0077,49,13,100
EU,maximum,Logistic,ascend,2100,Moesian,100,71.0595,71.0595,1.0,4.456063,0.008,0.0092,64,14,90
EU,maximum,Logistic,ascend,2100,Po,141,77.7605,77.7605,1.0,4.70069,0.0088,0.0097,64,15,90
EU,maximum,Logistic,ascend,2100,North Adriatic,112,85.4935,85.4935,1.0,5.006767,0.0096,0.0104,72,16,90
EU,maximum,Logistic,ascend,2100,Caltanissetta,29,133.7822,133.7822,1.0,7.594476,0.0151,0.0157,132,17,80
EU,maximum,Logistic,ascend,2100,Lublin,91,208.4133,208.4133,1.0,11.391868,0.0235,0.0236,196,18,80
EU,maximum,Logistic,ascend,2100,West Barents,198,264.628,264.628,1.0,13.876017,0.0298,0.0287,240,19,70
EU,maximum,Logistic,ascend,2100,Northern North Sea,123,401.1852,401.1852,1.0,20.127315,0.0452,0.0416,210,20,70
EU,maximum,Logistic,ascend,2100,Ionian,74,516.8802,516.8802,1.0,24.788415,0.0582,0.0512,361,21,60
EU,maximum,Logistic,ascend,2100,More,102,521.8199,521.8199,1.0,24.040144,0.0588,0.0497,400,22,60
EU,maximum,Logistic,ascend,2100,Northern Aegean,122,579.9093,579.9093,1.0,25.790062,0.0653,0.0533,529,23,60
EU,maximum,Logistic,ascend,2100,Northwest German,124,843.9398,843.9398,1.0,36.129749,0.095,0.0747,625,24,50
EU,maximum,Logistic,ascend,2100,South Adriatic,171,1066.1154,1066.1154,1.0,43.800151,0.12,0.0906,441,25,50
EU,maximum,Logistic,ascend,2100,Balearic,13,1747.4124,1747.4124,1.0,68.211627,0.1968,0.141,1444,26,50
EU,maximum,Logistic,ascend,2100,Trondelag-Halten,188,2204.4033,2237.0407,0.9854,82.36386,0.2482,0.1703,625,27,40
EU,maximum,Logistic,ascend,2100,Aquitaine-Bay of Biscay,0,0.0,0.0,0.0,100.636474,0.0,0.2081,0,0,0
EU,maximum,Logistic,ascend,2179,Baltic,14,0.0868,0.287,0.3026,0.041981,1.0,0.0001,1,1,150
EU,maximum,Logistic,ascend,2179,Polish,0,0.0,0.0,0.0,0.059869,0.0,0.0001,0,0,0
EU,maximum,Logistic,ascend,2179,Sava,0,0.0,0.0,0.0,0.066575,0.0,0.0001,0,0,0
EU,maximum,Logistic,ascend,2179,Transylvanian,0,0.0,0.0,0.0,0.07049,0.0,0.0001,0,0,0
EU,maximum,Logistic,ascend,2179,Drava,0,0.0,0.0,0.0,0.081653,0.0,0.0002,0,0,0
EU,maximum,Logistic,ascend,2179,North Carpathian,0,0.0,0.0,0.0,0.091966,0.0,0.0002,0,0,0
EU,maximum,Logistic,ascend,2179,Crimea-Karkinit,0,0.0,0.0,0.0,0.090605,0.0,0.0002,0,0,0
EU,maximum,Logistic,ascend,2179,Paris,0,0.0,0.0,0.0,0.107283,0.0,0.0002,0,0,0
EU,maximum,Logistic,ascend,2179,Zala,0,0.0,0.0,0.0,0.26524,0.0,0.0005,0,0,0
EU,maximum,Logistic,ascend,2179,Vienna,0,0.0,0.0,0.0,1.854101,0.0,0.0034,0,0,0
EU,maximum,Logistic,ascend,2179,Dnieper-Donets,0,0.0,0.0,0.0,3.615878,0.0,0.0066,0,0,0
EU,maximum,Logistic,ascend,2179,Pannonian,0,0.0,0.0,0.0,4.490995,0.0,0.0083,0,0,0
EU,maximum,Logistic,ascend,2179,Norwegian,0,0.0,0.0,0.0,5.392644,0.0,0.0099,0,0,0
EU,maximum,Logistic,ascend,2179,Moesian,0,0.0,0.0,0.0,6.329279,0.0,0.0116,0,0,0
EU,maximum,Logistic,ascend,2179,Po,0,0.0,0.0,0.0,6.578335,0.0,0.0121,0,0,0
EU,maximum,Logistic,ascend,2179,North Adriatic,0,0.0,0.0,0.0,6.921065,0.0,0.0127,0,0,0
EU,maximum,Logistic,ascend,2179,Caltanissetta,0,0.0,0.0,0.0,10.336084,0.0,0.019,0,0,0
EU,maximum,Logistic,ascend,2179,Lublin,0,0.0,0.0,0.0,15.205713,0.0,0.028,0,0,0
EU,maximum,Logistic,ascend,2179,West Barents,0,0.0,0.0,0.0,18.145177,0.0,0.0334,0,0,0
EU,maximum,Logistic,ascend,2179,Northern North Sea,0,0.0,0.0,0.0,25.710986,0.0,0.0473,0,0,0
EU,maximum,Logistic,ascend,2179,Ionian,0,0.0,0.0,0.0,30.835078,0.0,0.0567,0,0,0
EU,maximum,Logistic,ascend,2179,More,0,0.0,0.0,0.0,29.117511,0.0,0.0535,0,0,0
EU,maximum,Logistic,ascend,2179,Northern Aegean,0,0.0,0.0,0.0,30.576754,0.0,0.0562,0,0,0
EU,maximum,Logistic,ascend,2179,Northwest German,0,0.0,0.0,0.0,41.629088,0.0,0.0765,0,0,0
EU,maximum,Logistic,ascend,2179,South Adriatic,0,0.0,0.0,0.0,48.873875,0.0,0.0899,0,0,0
EU,maximum,Logistic,ascend,2179,Balearic,0,0.0,0.0,0.0,73.071696,0.0,0.1344,0,0,0
EU,maximum,Logistic,ascend,2179,Trondelag-Halten,0,0.0,0.0,0.0,83.664409,0.0,0.1538,0,0,0
EU,maximum,Logistic,ascend,2179,Aquitaine-Bay of Biscay,0,0.0,0.0,0.0,100.636474,0.0,0.185,0,0,0
Indonesia,maximum,Gompertz,ascend,2050,Salawati,153,0.7002,0.7002,1.0,0.014704,0.0146,0.0374,1,1,150
Indonesia,maximum,Gompertz,ascend,2050,Sunda,178,25.6282,25.6282,1.0,0.313536,0.5356,0.7978,16,2,150
Indonesia,maximum,Gompertz,ascend,2050,North Java,118,21.5172,30.3644,0.7086,0.064769,0.4497,0.1648,30,3,140
Indonesia,maximum,Gompertz,ascend,2050,Central Sumatra,0,0.0,0.0,0.0,0.0,0.0,0.0,0,0,0
Indonesia,maximum,Gompertz,ascend,2050,Tarakan-Muara,0,0.0,0.0,0.0,0.0,0.0,0.0,0,0,0
Indonesia,maximum,Gompertz,ascend,2050,Banggai-Sula,0,0.0,0.0,0.0,0.0,0.0,0.0,0,0,0
Indonesia,maximum,Gompertz,ascend,2050,South Sumatra,0,0.0,0.0,0.0,0.0,0.0,0.0,0,0,0
Indonesia,maximum,Gompertz,ascend,2050,Kutei,0,0.0,0.0,0.0,0.0,0.0,0.0,0,0,0
Indonesia,maximum,Gompertz,ascend,2050,Bintuni,0,0.0,0.0,0.0,0.0,0.0,0.0,0,0,0
Indonesia,maximum,Gompertz,ascend,2050,East Java,0,0.0,0.0,0.0,0.0,0.0,0.0,0,0,0
Indonesia,maximum,Gompertz,ascend,2100,Salawati,153,0.7002,0.7002,1.0,0.049715,0.0009,0.0026,1,1,150
Indonesia,maximum,Gompertz,ascend,2100,Sunda,178,25.6282,25.6282,1.0,1.594944,0.0311,0.084,16,2,150
Indonesia,maximum,Gompertz,ascend,2100,North Java,118,30.3644,30.3644,1.0,1.579304,0.0369,0.0832,30,3,140
Indonesia,maximum,Gompertz,ascend,2100,Central Sumatra,35,34.467,34.467,1.0,1.590427,0.0418,0.0837,16,4,130
Indonesia,maximum,Gompertz,ascend,2100,Tarakan-Muara,180,36.1669,36.1669,1.0,1.5067,0.0439,0.0793,25,5,130
Indonesia,maximum,Gompertz,ascend,2100,Banggai-Sula,15,45.6241,45.6241,1.0,1.716406,0.0554,0.0904,36,6,120
Indonesia,maximum,Gompertz,ascend,2100,South Sumatra,174,62.1649,62.1649,1.0,2.06667,0.0755,0.1088,56,7,120
Indonesia,maximum,Gompertz,ascend,2100,Kutei,83,144.969,144.969,1.0,3.847678,0.176,0.2026,90,8,110
Indonesia,maximum,Gompertz,ascend,2100,Bintuni,22,443.654,446.6927,0.9932,5.04009,0.5386,0.2654,240,9,90
Indonesia,maximum,Gompertz,ascend,2100,East Java,0,0.0,0.0,0.0,0.0,0.0,0.0,0,0,0
Indonesia,maximum,Gompertz,ascend,2179,Salawati,153,0.7002,0.7002,1.0,0.105031,0.0008,0.001,1,1,150
Indonesia,maximum,Gompertz,ascend,2179,Sunda,178,25.6282,25.6282,1.0,3.619569,0.0283,0.0345,16,2,150
Indonesia,maximum,Gompertz,ascend,2179,North Java,118,30.3644,30.3644,1.0,3.978095,0.0335,0.0379,30,3,140
Indonesia,maximum,Gompertz,ascend,2179,Central Sumatra,35,34.467,34.467,1.0,4.313322,0.038,0.0411,16,4,130
Indonesia,maximum,Gompertz,ascend,2179,Tarakan-Muara,180,36.1669,36.1669,1.0,4.363885,0.0399,0.0416,25,5,130
Indonesia,maximum,Gompertz,ascend,2179,Banggai-Sula,15,45.6241,45.6241,1.0,5.32071,0.0504,0.0507,36,6,120
Indonesia,maximum,Gompertz,ascend,2179,South Sumatra,174,62.1649,62.1649,1.0,6.977699,0.0686,0.0665,56,7,120
Indonesia,maximum,Gompertz,ascend,2179,Kutei,83,144.969,144.969,1.0,15.300232,0.16,0.1459,90,8,110
Indonesia,maximum,Gompertz,ascend,2179,Bintuni,22,446.6927,446.6927,1.0,40.328813,0.4931,0.3845,240,9,90
Indonesia,maximum,Gompertz,ascend,2179,East Java,50,79.1584,759.3468,0.1042,20.583827,0.0874,0.1962,42,10,80
Indonesia,maximum,Logistic,ascend,2050,Salawati,153,0.7009,0.7009,1.0,0.014719,0.0146,0.0438,1,1,140
Indonesia,maximum,Logistic,ascend,2050,Sunda,178,27.9739,27.9739,1.0,0.280332,0.5847,0.8337,16,2,110
Indonesia,maximum,Logistic,ascend,2050,North Java,118,19.1708,45.6588,0.4199,0.041184,0.4007,0.1225,42,3,90
Indonesia,maximum,Logistic,ascend,2050,Central Sumatra,0,0.0,0.0,0.0,0.0,0.0,0.0,0,0,0
Indonesia,maximum,Logistic,ascend,2050,Tarakan-Muara,0,0.0,0.0,0.0,0.0,0.0,0.0,0,0,0
Indonesia,maximum,Logistic,ascend,2050,Banggai-Sula,0,0.0,0.0,0.0,0.0,0.0,0.0,0,0,0
Indonesia,maximum,Logistic,ascend,2050,South Sumatra,0,0.0,0.0,0.0,0.0,0.0,0.0,0,0,0
Indonesia,maximum,Logistic,ascend,2050,Kutei,0,0.0,0.0,0.0,0.0,0.0,0.0,0,0,0
Indonesia,maximum,Logistic,ascend,2050,Bintuni,0,0.0,0.0,0.0,0.0,0.0,0.0,0,0,0
Indonesia,maximum,Logistic,ascend,2050,East Java,0,0.0,0.0,0.0,0.0,0.0,0.0,0,0,0
Indonesia,maximum,Logistic,ascend,2050,North Sumatra,0,0.0,0.0,0.0,0.0,0.0,0.0,0,0,0
Indonesia,maximum,Logistic,ascend,2100,Salawati,153,0.7009,0.7009,1.0,0.049763,0.0002,0.0004,1,1,140
Indonesia,maximum,Logistic,ascend,2100,Sunda,178,27.9739,27.9739,1.0,1.679025,0.0065,0.0138,16,2,110
Indonesia,maximum,Logistic,ascend,2100,North Java,118,45.6588,45.6588,1.0,2.294447,0.0106,0.0188,42,3,90
Indonesia,maximum,Logistic,ascend,2100,Central Sumatra,35,56.1293,56.1293,1.0,2.545425,0.0131,0.0208,56,4,80
Indonesia,maximum,Logistic,ascend,2100,Tarakan-Muara,180,68.3814,68.3814,1.0,2.873087,0.0159,0.0235,49,5,70
Indonesia,maximum,Logistic,ascend,2100,Banggai-Sula,15,75.7881,75.7881,1.0,2.992461,0.0176,0.0245,49,6,70
Indonesia,maximum,Logistic,ascend,2100,South Sumatra,174,125.6169,125.6169,1.0,4.645094,0.0292,0.038,121,7,60
Indonesia,maximum,Logistic,ascend,2100,Kutei,83,267.4808,267.4808,1.0,9.027682,0.0622,0.0739,169,8,60
Indonesia,maximum,Logistic,ascend,2100,Bintuni,22,1011.5245,1011.5245,1.0,28.414973,0.2352,0.2327,756,9,40
Indonesia,maximum,Logistic,ascend,2100,East Java,50,1982.7802,1982.7802,1.0,41.994797,0.461,0.3439,1482,10,30
Indonesia,maximum,Logistic,ascend,2100,North Sumatra,120,638.5487,2238.2544,0.2853,25.585131,0.1485,0.2095,900,11,30
Indonesia,maximum,Logistic,ascend,2179,Salawati,153,0.0734,0.7009,0.1047,0.098283,1.0,0.0006,1,1,140
Indonesia,maximum,Logistic,ascend,2179,Sunda,0,0.0,0.0,0.0,2.905755,0.0,0.0183,0,0,0
Indonesia,maximum,Logistic,ascend,2179,North Java,0,0.0,0.0,0.0,3.8394,0.0,0.0241,0,0,0
Indonesia,maximum,Logistic,ascend,2179,Central Sumatra,0,0.0,0.0,0.0,4.171112,0.0,0.0262,0,0,0
Indonesia,maximum,Logistic,ascend,2179,Tarakan-Muara,0,0.0,0.0,0.0,4.626467,0.0,0.0291,0,0,0
Indonesia,maximum,Logistic,ascend,2179,Banggai-Sula,0,0.0,0.0,0.0,4.74074,0.0,0.0298,0,0,0
Indonesia,maximum,Logistic,ascend,2179,South Sumatra,0,0.0,0.0,0.0,7.237053,0.0,0.0455,0,0,0
Indonesia,maximum,Logistic,ascend,2179,Kutei,0,0.0,0.0,0.0,13.675501,0.0,0.086,0,0,0
Indonesia,maximum,Logistic,ascend,2179,Bintuni,0,0.0,0.0,0.0,40.264204,0.0,0.2533,0,0,0
Indonesia,maximum,Logistic,ascend,2179,East Java,0,0.0,0.0,0.0,51.524668,0.0,0.3241,0,0,0
Indonesia,maximum,Logistic,ascend,2179,North Sumatra,0,0.0,0.0,0.0,25.89991,0.0,0.1629,0,0,0
Middle East,maximum,Gompertz,ascend,2050,Gaziantep,60,0.1836,0.1836,1.0,0.003856,0.0007,0.0017,1,1,150
Middle East,maximum,Gompertz,ascend,2050,Diyarbakir,44,0.3281,0.3281,1.0,0.00689,0.0012,0.003,1,2,150
Middle East,maximum,Gompertz,ascend,2050,Sinjar,167,36.4996,36.4996,1.0,0.719729,0.1321,0.3126,36,3,150
Middle East,maximum,Gompertz,ascend,2050,Sabatayn,151,121.6333,121.6333,1.0,1.227479,0.4402,0.5331,110,4,140
Middle East,maximum,Gompertz,ascend,2050,Al Daww,3,117.664,146.6467,0.8024,0.344746,0.4258,0.1497,110,5,140
Middle East,maximum,Gompertz,ascend,2050,Sayun-Masila,0,0.0,0.0,0.0,0.0,0.0,0.0,0,0,0
Middle East,maximum,Gompertz,ascend,2050,Oman Salt,0,0.0,0.0,0.0,0.0,0.0,0.0,0,0,0
Middle East,maximum,Gompertz,ascend,2050,Thrace,0,0.0,0.0,0.0,0.0,0.0,0.0,0,0,0
Middle East,maximum,Gompertz,ascend,2050,Levantine,0,0.0,0.0,0.0,0.0,0.0,0.0,0,0,0
Middle East,maximum,Gompertz,ascend,2050,South Caspian,0,0.0,0.0,0.0,0.0,0.0,0.0,0,0,0
Middle East,maximum,Gompertz,ascend,2100,Gaziantep,60,0.1836,0.1836,1.0,0.013038,0.0001,0.0001,1,1,150
Middle East,maximum,Gompertz,ascend,2100,Diyarbakir,44,0.3281,0.3281,1.0,0.023294,0.0001,0.0003,1,2,150
Middle East,maximum,Gompertz,ascend,2100,Sinjar,167,36.4996,36.4996,1.0,2.544709,0.011,0.0292,36,3,150
Middle East,maximum,Gompertz,ascend,2100,Sabatayn,151,121.6333,121.6333,1.0,7.309145,0.0368,0.0839,110,4,140
Middle East,maximum,Gompertz,ascend,2100,Al Daww,3,146.6467,146.6467,1.0,7.6766,0.0443,0.0881,110,5,140
Middle East,maximum,Gompertz,ascend,2100,Sayun-Masila,162,282.6266,282.6266,1.0,12.838762,0.0855,0.1473,225,6,130
Middle East,maximum,Gompertz,ascend,2100,Oman Salt,126,256.7093,256.7093,1.0,10.097043,0.0776,0.1159,256,7,120
Middle East,maximum,Gompertz,ascend,2100,Thrace,184,528.0029,528.0029,1.0,17.216491,0.1596,0.1976,506,8,120
Middle East,maximum,Gompertz,ascend,2100,Levantine,87,648.9647,648.9647,1.0,15.646913,0.1962,0.1796,600,9,110
Middle East,maximum,Gompertz,ascend,2100,South Caspian,172,1285.6835,1949.6572,0.6594,13.774306,0.3887,0.1581,1521,10,60
Middle East,maximum,Gompertz,ascend,2179,Gaziantep,60,0.1836,0.1836,1.0,0.027546,0.0001,0.0001,1,1,150
Middle East,maximum,Gompertz,ascend,2179,Diyarbakir,44,0.3281,0.3281,1.0,0.049214,0.0002,0.0001,1,2,150
Middle East,maximum,Gompertz,ascend,2179,Sinjar,167,36.4996,36.4996,1.0,5.428178,0.0168,0.0155,36,3,150
Middle East,maximum,Gompertz,ascend,2179,Sabatayn,151,121.6333,121.6333,1.0,16.918176,0.0561,0.0485,110,4,140
Middle East,maximum,Gompertz,ascend,2179,Al Daww,3,146.6467,146.6467,1.0,19.261693,0.0676,0.0552,110,5,140
Middle East,maximum,Gompertz,ascend,2179,Sayun-Masila,162,282.6266,282.6266,1.0,35.166262,0.1303,0.1007,225,6,130
Middle East,maximum,Gompertz,ascend,2179,Oman Salt,126,256.7093,256.7093,1.0,30.377075,0.1183,0.087,256,7,120
Middle East,maximum,Gompertz,ascend,2179,Thrace,184,528.0029,528.0029,1.0,58.928722,0.2433,0.1688,506,8,120
Middle East,maximum,Gompertz,ascend,2179,Levantine,87,648.9647,648.9647,1.0,66.915124,0.2991,0.1916,600,9,110
Middle East,maximum,Gompertz,ascend,2179,South Caspian,172,148.1383,1949.6572,0.076,116.100626,0.0683,0.3325,1521,10,60
Middle East,maximum,Logistic,ascend,2050,Gaziantep,60,0.1836,0.1836,1.0,0.003856,0.0007,0.002,1,1,150
Middle East,maximum,Logistic,ascend,2050,Diyarbakir,44,0.3281,0.3281,1.0,0.00689,0.0012,0.0036,1,2,150
Middle East,maximum,Logistic,ascend,2050,Sinjar,167,48.247,48.247,1.0,0.829518,0.1746,0.429,36,3,110
Middle East,maximum,Logistic,ascend,2050,Sabatayn,151,187.2606,187.2606,1.0,1.050517,0.6777,0.5432,182,4,90
Middle East,maximum,Logistic,ascend,2050,Al Daww,3,40.2893,266.93,0.1509,0.043025,0.1458,0.0222,225,5,80
Middle East,maximum,Logistic,ascend,2050,Sayun-Masila,0,0.0,0.0,0.0,0.0,0.0,0.0,0,0,0
Middle East,maximum,Logistic,ascend,2050,Oman Salt,0,0.0,0.0,0.0,0.0,0.0,0.0,0,0,0
Middle East,maximum,Logistic,ascend,2050,Thrace,0,0.0,0.0,0.0,0.0,0.0,0.0,0,0,0
Middle East,maximum,Logistic,ascend,2050,Levantine,0,0.0,0.0,0.0,0.0,0.0,0.0,0,0,0
Middle East,maximum,Logistic,ascend,2050,South Caspian,0,0.0,0.0,0.0,0.0,0.0,0.0,0,0,0
Middle East,maximum,Logistic,ascend,2050,Mesopotamian,0,0.0,0.0,0.0,0.0,0.0,0.0,0,0,0
Middle East,maximum,Logistic,ascend,2100,Gaziantep,60,0.1836,0.1836,1.0,0.013038,0.0,0.0,1,1,150
Middle East,maximum,Logistic,ascend,2100,Diyarbakir,44,0.3281,0.3281,1.0,0.023294,0.0,0.0001,1,2,150
Middle East,maximum,Logistic,ascend,2100,Sinjar,167,48.247,48.247,1.0,3.241868,0.0062,0.0081,36,3,110
Middle East,maximum,Logistic,ascend,2100,Sabatayn,151,187.2606,187.2606,1.0,10.413547,0.0242,0.0261,182,4,90
Middle East,maximum,Logistic,ascend,2100,Al Daww,3,266.93,266.93,1.0,12.989652,0.0345,0.0325,225,5,80
Middle East,maximum,Logistic,ascend,2100,Sayun-Masila,162,378.0354,378.0354,1.0,16.741556,0.0489,0.0419,225,6,70
Middle East,maximum,Logistic,ascend,2100,Oman Salt,126,480.6033,480.6033,1.0,19.637871,0.0621,0.0492,420,7,60
Middle East,maximum,Logistic,ascend,2100,Thrace,184,1259.544,1259.544,1.0,46.38383,0.1629,0.1162,1122,8,50
Middle East,maximum,Logistic,ascend,2100,Levantine,87,1761.8842,1761.8842,1.0,57.434001,0.2278,0.1439,1406,9,40
Middle East,maximum,Logistic,ascend,2100,South Caspian,172,3350.2852,3951.6039,0.8478,109.38426,0.4332,0.2741,2970,10,30
Middle East,maximum,Logistic,ascend,2100,Mesopotamian,0,0.0,0.0,0.0,122.861142,0.0,0.3078,0,0,0
Middle East,maximum,Logistic,ascend,2179,Gaziantep,60,0.0915,0.1836,0.4983,0.027255,1.0,0.0001,1,1,150
Middle East,maximum,Logistic,ascend,2179,Diyarbakir,0,0.0,0.0,0.0,0.046162,0.0,0.0001,0,0,0
Middle East,maximum,Logistic,ascend,2179,Sinjar,0,0.0,0.0,0.0,5.28311,0.0,0.0116,0,0,0
Middle East,maximum,Logistic,ascend,2179,Sabatayn,0,0.0,0.0,0.0,15.864461,0.0,0.0348,0,0,0
Middle East,maximum,Logistic,ascend,2179,Al Daww,0,0.0,0.0,0.0,18.907203,0.0,0.0415,0,0,0
Middle East,maximum,Logistic,ascend,2179,Sayun-Masila,0,0.0,0.0,0.0,23.459371,0.0,0.0515,0,0,0
Middle East,maximum,Logistic,ascend,2179,Oman Salt,0,0.0,0.0,0.0,26.543638,0.0,0.0582,0,0,0
Middle East,maximum,Logistic,ascend,2179,Thrace,0,0.0,0.0,0.0,59.41717,0.0,0.1303,0,0,0
Middle East,maximum,Logistic,ascend,2179,Levantine,0,0.0,0.0,0.0,68.220834,0.0,0.1496,0,0,0
Middle East,maximum,Logistic,ascend,2179,South Caspian,0,0.0,0.0,0.0,115.276615,0.0,0.2529,0,0,0
Middle East,maximum,Logistic,ascend,2179,Mesopotamian,0,0.0,0.0,0.0,122.861142,0.0,0.2695,0,0,0
Thailand,maximum,Gompertz,ascend,2050,Kra-Gulf of Thailand,80,11.0684,34.3442,0.3223,0.088627,1.0,1.0,30,1,130
Thailand,maximum,Gompertz,ascend,2050,Pattani,0,0.0,0.0,0.0,0.0,0.0,0.0,0,0,0
Thailand,maximum,Gompertz,ascend,2100,Kra-Gulf of Thailand,80,34.3442,34.3442,1.0,1.662306,0.113,0.2771,30,1,130
Thailand,maximum,Gompertz,ascend,2100,Pattani,135,269.6116,425.6074,0.6335,4.336931,0.887,0.7229,342,2,90
Thailand,maximum,Gompertz,ascend,2179,Kra-Gulf of Thailand,80,34.3442,34.3442,1.0,4.375501,0.0747,0.1061,30,1,130
Thailand,maximum,Gompertz,ascend,2179,Pattani,135,425.6074,425.6074,1.0,36.870809,0.9253,0.8939,342,2,90
Thailand,maximum,Logistic,ascend,2050,Kra-Gulf of Thailand,80,11.0684,41.1309,0.2691,0.077372,1.0,1.0,36,1,100
Thailand,maximum,Logistic,ascend,2050,Pattani,0,0.0,0.0,0.0,0.0,0.0,0.0,0,0,0
Thailand,maximum,Logistic,ascend,2100,Kra-Gulf of Thailand,80,41.1309,41.1309,1.0,1.985889,0.0586,0.0985,36,1,100
Thailand,maximum,Logistic,ascend,2100,Pattani,135,660.6695,660.6695,1.0,18.184264,0.9414,0.9015,650,2,60
Thailand,maximum,Logistic,ascend,2179,Kra-Gulf of Thailand,80,0.1268,41.1309,0.0031,3.87383,1.0,0.1003,36,1,100
Thailand,maximum,Logistic,ascend,2179,Pattani,0,0.0,0.0,0.0,34.752215,0.0,0.8997,0,0,0
UK,maximum,Gompertz,ascend,2050,East Midlands,51,10.5738,10.5738,1.0,0.22205,0.0333,0.085,9,1,150
UK,maximum,Gompertz,ascend,2050,Southern North Sea,176,43.7188,43.7188,1.0,0.796067,0.1378,0.3049,42,2,150
UK,maximum,Gompertz,ascend,2050,Wessex,197,59.4512,59.4512,1.0,0.702134,0.1874,0.2689,49,3,150
UK,maximum,Gompertz,ascend,2050,Moray Firth,101,113.8515,113.8515,1.0,0.710801,0.3588,0.2722,100,4,140
UK,maximum,Gompertz,ascend,2050,Central North Sea,34,89.6872,199.822,0.4488,0.180266,0.2827,0.069,144,5,130
UK,maximum,Gompertz,ascend,2050,Faroe-Shetland,0,0.0,0.0,0.0,0.0,0.0,0.0,0,0,0
UK,maximum,Gompertz,ascend,2100,East Midlands,51,10.5738,10.5738,1.0,0.75074,0.0093,0.0142,9,1,150
UK,maximum,Gompertz,ascend,2100,Southern North Sea,176,43.7188,43.7188,1.0,2.982005,0.0384,0.0564,42,2,150
UK,maximum,Gompertz,ascend,2100,Wessex,197,59.4512,59.4512,1.0,3.674694,0.0522,0.0695,49,3,150
UK,maximum,Gompertz,ascend,2100,Moray Firth,101,113.8515,113.8515,1.0,6.403375,0.1,0.1211,100,4,140
UK,maximum,Gompertz,ascend,2100,Central North Sea,34,199.822,199.822,1.0,10.054142,0.1755,0.1902,144,5,130
UK,maximum,Gompertz,ascend,2100,Faroe-Shetland,55,711.4109,711.4109,1.0,28.991246,0.6247,0.5485,462,6,120
UK,maximum,Gompertz,ascend,2179,East Midlands,51,10.5738,10.5738,1.0,1.586069,0.0093,0.0111,9,1,150
UK,maximum,Gompertz,ascend,2179,Southern North Sea,176,43.7188,43.7188,1.0,6.435786,0.0384,0.0451,42,2,150
UK,maximum,Gompertz,ascend,2179,Wessex,197,59.4512,59.4512,1.0,8.37134,0.0522,0.0586,49,3,150
UK,maximum,Gompertz,ascend,2179,Moray Firth,101,113.8515,113.8515,1.0,15.397641,0.1,0.1078,100,4,140
UK,maximum,Gompertz,ascend,2179,Central North Sea,34,199.822,199.822,1.0,25.840083,0.1755,0.1809,144,5,130
UK,maximum,Gompertz,ascend,2179,Faroe-Shetland,55,711.4109,711.4109,1.0,85.19271,0.6247,0.5965,462,6,120
UK,maximum,Logistic,ascend,2050,East Midlands,51,13.1028,13.1028,1.0,0.275158,0.0413,0.1242,12,1,130
UK,maximum,Logistic,ascend,2050,Southern North Sea,176,59.0843,59.0843,1.0,0.873373,0.1862,0.3942,56,2,110
UK,maximum,Logistic,ascend,2050,Wessex,197,86.9023,86.9023,1.0,0.654081,0.2739,0.2952,49,3,100
UK,maximum,Logistic,ascend,2050,Moray Firth,101,158.1931,162.4647,0.9737,0.413144,0.4986,0.1865,100,4,90
UK,maximum,Logistic,ascend,2050,Central North Sea,0,0.0,0.0,0.0,0.0,0.0,0.0,0,0,0
UK,maximum,Logistic,ascend,2050,Faroe-Shetland,0,0.0,0.0,0.0,0.0,0.0,0.0,0,0,0
UK,maximum,Logistic,ascend,2100,East Midlands,51,13.1028,13.1028,1.0,0.930295,0.007,0.011,12,1,130
UK,maximum,Logistic,ascend,2100,Southern North Sea,176,59.0843,59.0843,1.0,3.827589,0.0315,0.0452,56,2,110
UK,maximum,Logistic,ascend,2100,Wessex,197,86.9023,86.9023,1.0,4.999196,0.0463,0.0591,49,3,100
UK,maximum,Logistic,ascend,2100,Moray Firth,101,162.4647,162.4647,1.0,8.536381,0.0866,0.1009,100,4,90
UK,maximum,Logistic,ascend,2100,Central North Sea,34,328.5015,328.5015,1.0,15.67925,0.1751,0.1854,324,5,80
UK,maximum,Logistic,ascend,2100,Faroe-Shetland,55,1225.7071,1225.7071,1.0,50.616569,0.6534,0.5984,961,6,70
UK,maximum,Logistic,ascend,2179,East Midlands,51,0.2289,13.1028,0.0175,1.686456,1.0,0.013,12,1,130
UK,maximum,Logistic,ascend,2179,Southern North Sea,0,0.0,0.0,0.0,6.408947,0.0,0.0494,0,0,0
UK,maximum,Logistic,ascend,2179,Wessex,0,0.0,0.0,0.0,8.162717,0.0,0.063,0,0,0
UK,maximum,Logistic,ascend,2179,Moray Firth,0,0.0,0.0,0.0,13.640334,0.0,0.1052,0,0,0
UK,maximum,Logistic,ascend,2179,Central North Sea,0,0.0,0.0,0.0,24.42614,0.0,0.1884,0,0,0
UK,maximum,Logistic,ascend,2179,Faroe-Shetland,0,0.0,0.0,0.0,75.34033,0.0,0.581,0,0,0
US,maximum,Gompertz,ascend,2050,Paradox,133,0.0538,0.0538,1.0,0.001129,0.0,0.0,1,1,150
US,maximum,Gompertz,ascend,2050,Appalachian,7,0.0887,0.0887,1.0,0.001863,0.0,0.0001,1,2,150
US,maximum,Gompertz,ascend,2050,Denver,43,0.1582,0.1582,1.0,0.003323,0.0,0.0001,1,3,150
US,maximum,Gompertz,ascend,2050,Arkoma,10,0.5332,0.5332,1.0,0.011197,0.0001,0.0004,1,4,150
US,maximum,Gompertz,ascend,2050,Big Horn,21,0.5351,0.5351,1.0,0.011237,0.0001,0.0004,1,5,150
US,maximum,Gompertz,ascend,2050,Green River,65,0.7131,0.7131,1.0,0.014975,0.0002,0.0005,1,6,150
US,maximum,Gompertz,ascend,2050,Black Warrior,23,0.9946,0.9946,1.0,0.020887,0.0003,0.0007,1,7,150
US,maximum,Gompertz,ascend,2050,Powder River,144,14.1,14.1,1.0,0.296101,0.0039,0.0098,12,8,150
US,maximum,Gompertz,ascend,2050,Laramie,86,40.7726,40.7726,1.0,0.856225,0.0114,0.0283,30,9,150
US,maximum,Gompertz,ascend,2050,San Juan,156,30.4637,30.4637,1.0,0.639737,0.0085,0.0212,16,10,150
US,maximum,Gompertz,ascend,2050,Cook Inlet,39,55.1146,55.1146,1.0,1.157407,0.0154,0.0383,49,11,150
US,maximum,Gompertz,ascend,2050,Palo Duro,130,71.3579,71.3579,1.0,1.498517,0.0199,0.0496,64,12,150
US,maximum,Gompertz,ascend,2050,Sacramento,152,191.4763,191.4763,1.0,3.73871,0.0535,0.1236,156,13,150
US,maximum,Gompertz,ascend,2050,Fort Worth,57,381.0439,381.0439,1.0,5.874552,0.1064,0.1943,380,14,150
US,maximum,Gompertz,ascend,2050,San Joaquin,154,496.4737,496.4737,1.0,5.67051,0.1386,0.1875,380,15,140
US,maximum,Gompertz,ascend,2050,Los Angeles,89,814.3866,814.3866,1.0,6.139222,0.2274,0.203,100,16,140
US,maximum,Gompertz,ascend,2050,Anadarko,6,1030.8568,1030.8568,1.0,3.733312,0.2878,0.1235,961,17,140
US,maximum,Gompertz,ascend,2050,Illinois,71,452.9298,1297.1948,0.3492,0.569033,0.1264,0.0188,930,18,130
US,maximum,Gompertz,ascend,2050,North Slope,0,0.0,0.0,0.0,0.0,0.0,0.0,0,0,0
US,maximum,Gompertz,ascend,2050,Permian,0,0.0,0.0,0.0,0.0,0.0,0.0,0,0,0
US,maximum,Gompertz,ascend,2100,Paradox,133,0.0538,0.0538,1.0,0.003817,0.0,0.0,1,1,150
US,maximum,Gompertz,ascend,2100,Appalachian,7,0.0887,0.0887,1.0,0.006297,0.0,0.0,1,2,150
US,maximum,Gompertz,ascend,2100,Denver,43,0.1582,0.1582,1.0,0.011234,0.0,0.0,1,3,150
US,maximum,Gompertz,ascend,2100,Arkoma,10,0.5332,0.5332,1.0,0.037857,0.0001,0.0001,1,4,150
US,maximum,Gompertz,ascend,2100,Big Horn,21,0.5351,0.5351,1.0,0.037992,0.0001,0.0001,1,5,150
US,maximum,Gompertz,ascend,2100,Green River,65,0.7131,0.7131,1.0,0.050629,0.0001,0.0001,1,6,150
US,maximum,Gompertz,ascend,2100,Black Warrior,23,0.9946,0.9946,1.0,0.070618,0.0001,0.0002,1,7,150
US,maximum,Gompertz,ascend,2100,Powder River,144,14.1,14.1,1.0,1.001103,0.0017,0.0024,12,8,150
US,maximum,Gompertz,ascend,2100,Laramie,86,40.7726,40.7726,1.0,2.894856,0.005,0.007,30,9,150
US,maximum,Gompertz,ascend,2100,San Juan,156,30.4637,30.4637,1.0,2.162921,0.0037,0.0052,16,10,150
US,maximum,Gompertz,ascend,2100,Cook Inlet,39,55.1146,55.1146,1.0,3.913137,0.0068,0.0094,49,11,150
US,maximum,Gompertz,ascend,2100,Palo Duro,130,71.3579,71.3579,1.0,5.066414,0.0088,0.0122,64,12,150
US,maximum,Gompertz,ascend,2100,Sacramento,152,191.4763,191.4763,1.0,13.312524,0.0235,0.032,156,13,150
US,maximum,Gompertz,ascend,2100,Fort Worth,57,381.0439,381.0439,1.0,24.926749,0.0468,0.0599,380,14,150
US,maximum,Gompertz,ascend,2100,San Joaquin,154,496.4737,496.4737,1.0,30.494195,0.0609,0.0733,380,15,140
US,maximum,Gompertz,ascend,2100,Los Angeles,89,814.3866,814.3866,1.0,46.858553,0.0999,0.1127,100,16,140
US,maximum,Gompertz,ascend,2100,Anadarko,6,1030.8568,1030.8568,1.0,55.27615,0.1265,0.1329,961,17,140
US,maximum,Gompertz,ascend,2100,Illinois,71,1297.1948,1297.1948,1.0,64.846225,0.1592,0.1559,930,18,130
US,maximum,Gompertz,ascend,2100,North Slope,119,1624.0536,1624.0536,1.0,75.343611,0.1993,0.1812,1089,19,130
US,maximum,Gompertz,ascend,2100,Permian,138,2099.2537,2099.2537,1.0,89.501248,0.2576,0.2152,930,20,130
US,maximum,Gompertz,ascend,2179,Paradox,133,0.0538,0.0538,1.0,0.008065,0.0,0.0,1,1,150
US,maximum,Gompertz,ascend,2179,Appalachian,7,0.0887,0.0887,1.0,0.013304,0.0,0.0,1,2,150
US,maximum,Gompertz,ascend,2179,Denver,43,0.1582,0.1582,1.0,0.023735,0.0,0.0,1,3,150
US,maximum,Gompertz,ascend,2179,Arkoma,10,0.5332,0.5332,1.0,0.07998,0.0001,0.0001,1,4,150
US,maximum,Gompertz,ascend,2179,Big Horn,21,0.5351,0.5351,1.0,0.080265,0.0001,0.0001,1,5,150
US,maximum,Gompertz,ascend,2179,Green River,65,0.7131,0.7131,1.0,0.106963,0.0001,0.0001,1,6,150
US,maximum,Gompertz,ascend,2179,Black Warrior,23,0.9946,0.9946,1.0,0.149193,0.0001,0.0001,1,7,150
US,maximum,Gompertz,ascend,2179,Powder River,144,14.1,14.1,1.0,2.115006,0.0017,0.002,12,8,150
US,maximum,Gompertz,ascend,2179,Laramie,86,40.7726,40.7726,1.0,6.115893,0.005,0.0058,30,9,150
US,maximum,Gompertz,ascend,2179,San Juan,156,30.4637,30.4637,1.0,4.569552,0.0037,0.0043,16,10,150
US,maximum,Gompertz,ascend,2179,Cook Inlet,39,55.1146,55.1146,1.0,8.267192,0.0068,0.0078,49,11,150
US,maximum,Gompertz,ascend,2179,Palo Duro,130,71.3579,71.3579,1.0,10.703691,0.0088,0.0101,64,12,150
US,maximum,Gompertz,ascend,2179,Sacramento,152,191.4763,191.4763,1.0,28.43915,0.0235,0.0268,156,13,150
US,maximum,Gompertz,ascend,2179,Fort Worth,57,381.0439,381.0439,1.0,55.029221,0.0468,0.0519,380,14,150
US,maximum,Gompertz,ascend,2179,San Joaquin,154,496.4737,496.4737,1.0,69.715616,0.0609,0.0658,380,15,140
US,maximum,Gompertz,ascend,2179,Los Angeles,89,814.3866,814.3866,1.0,111.195097,0.0999,0.1049,100,16,140
US,maximum,Gompertz,ascend,2179,Anadarko,6,1030.8568,1030.8568,1.0,136.713834,0.1265,0.129,961,17,140
US,maximum,Gompertz,ascend,2179,Illinois,71,1297.1948,1297.1948,1.0,167.324613,0.1592,0.1579,930,18,130
US,maximum,Gompertz,ascend,2179,North Slope,119,1624.0536,1624.0536,1.0,203.643847,0.1993,0.1922,1089,19,130
US,maximum,Gompertz,ascend,2179,Permian,138,2099.2537,2099.2537,1.0,255.342289,0.2576,0.241,930,20,130
US,maximum,Logistic,ascend,2050,Paradox,133,0.0538,0.0538,1.0,0.001129,0.0,0.0,1,1,150
US,maximum,Logistic,ascend,2050,Appalachian,7,0.0887,0.0887,1.0,0.001863,0.0,0.0001,1,2,150
US,maximum,Logistic,ascend,2050,Denver,43,0.1582,0.1582,1.0,0.003323,0.0,0.0001,1,3,150
US,maximum,Logistic,ascend,2050,Arkoma,10,0.5332,0.5332,1.0,0.011197,0.0001,0.0004,1,4,150
US,maximum,Logistic,ascend,2050,Big Horn,21,0.5351,0.5351,1.0,0.011237,0.0001,0.0004,1,5,150
US,maximum,Logistic,ascend,2050,Green River,65,0.7131,0.7131,1.0,0.014975,0.0002,0.0006,1,6,150
US,maximum,Logistic,ascend,2050,Black Warrior,23,0.9946,0.9946,1.0,0.020887,0.0003,0.0008,1,7,150
US,maximum,Logistic,ascend,2050,Powder River,144,16.5129,16.5129,1.0,0.346772,0.0046,0.0137,16,8,140
US,maximum,Logistic,ascend,2050,Laramie,86,43.2478,43.2478,1.0,0.908204,0.0121,0.0359,30,9,130
US,maximum,Logistic,ascend,2050,San Juan,156,35.2356,35.2356,1.0,0.739947,0.0098,0.0292,16,10,120
US,maximum,Logistic,ascend,2050,Cook Inlet,39,65.9873,65.9873,1.0,1.385732,0.0184,0.0547,64,11,120
US,maximum,Logistic,ascend,2050,Palo Duro,130,88.0838,88.0838,1.0,1.770532,0.0246,0.0699,81,12,120
US,maximum,Logistic,ascend,2050,Sacramento,152,258.7301,258.7301,1.0,4.161627,0.0722,0.1644,156,13,110
US,maximum,Logistic,ascend,2050,Fort Worth,57,567.2158,567.2158,1.0,6.271852,0.1583,0.2477,506,14,100
US,maximum,Logistic,ascend,2050,San Joaquin,154,778.0025,778.0025,1.0,5.2509,0.2172,0.2074,729,15,90
US,maximum,Logistic,ascend,2050,Los Angeles,89,1195.6559,1195.6559,1.0,3.841439,0.3338,0.1517,380,16,80
US,maximum,Logistic,ascend,2050,Anadarko,6,530.3043,1793.5408,0.2957,0.579791,0.148,0.0229,961,17,80
US,maximum,Logistic,ascend,2050,Illinois,0,0.0,0.0,0.0,0.0,0.0,0.0,0,0,0
US,maximum,Logistic,ascend,2050,North Slope,0,0.0,0.0,0.0,0.0,0.0,0.0,0,0,0
US,maximum,Logistic,ascend,2050,Permian,0,0.0,0.0,0.0,0.0,0.0,0.0,0,0,0
US,maximum,Logistic,ascend,2100,Paradox,133,0.0538,0.0538,1.0,0.003817,0.0,0.0,1,1,150
US,maximum,Logistic,ascend,2100,Appalachian,7,0.0887,0.0887,1.0,0.006297,0.0,0.0,1,2,150
US,maximum,Logistic,ascend,2100,Denver,43,0.1582,0.1582,1.0,0.011234,0.0,0.0,1,3,150
US,maximum,Logistic,ascend,2100,Arkoma,10,0.5332,0.5332,1.0,0.037857,0.0,0.0001,1,4,150
US,maximum,Logistic,ascend,2100,Big Horn,21,0.5351,0.5351,1.0,0.037992,0.0,0.0001,1,5,150
US,maximum,Logistic,ascend,2100,Green River,65,0.7131,0.7131,1.0,0.050629,0.0,0.0001,1,6,150
US,maximum,Logistic,ascend,2100,Black Warrior,23,0.9946,0.9946,1.0,0.070618,0.0001,0.0001,1,7,150
US,maximum,Logistic,ascend,2100,Powder River,144,16.5129,16.5129,1.0,1.172418,0.0011,0.0017,16,8,140
US,maximum,Logistic,ascend,2100,Laramie,86,43.2478,43.2478,1.0,3.070594,0.0029,0.0044,30,9,130
US,maximum,Logistic,ascend,2100,San Juan,156,35.2356,35.2356,1.0,2.501725,0.0024,0.0036,16,10,120
US,maximum,Logistic,ascend,2100,Cook Inlet,39,65.9873,65.9873,1.0,4.685095,0.0044,0.0067,64,11,120
US,maximum,Logistic,ascend,2100,Palo Duro,130,88.0838,88.0838,1.0,6.174724,0.0059,0.0088,81,12,120
US,maximum,Logistic,ascend,2100,Sacramento,152,258.7301,258.7301,1.0,17.098132,0.0174,0.0243,156,13,110
US,maximum,Logistic,ascend,2100,Fort Worth,57,567.2158,567.2158,1.0,34.632639,0.0382,0.0492,506,14,100
US,maximum,Logistic,ascend,2100,San Joaquin,154,778.0025,778.0025,1.0,44.151026,0.0524,0.0627,729,15,90
US,maximum,Logistic,ascend,2100,Los Angeles,89,1195.6559,1195.6559,1.0,63.624233,0.0805,0.0903,380,16,80
US,maximum,Logistic,ascend,2100,Anadarko,6,1793.5408,1793.5408,1.0,89.478593,0.1208,0.127,961,17,80
US,maximum,Logistic,ascend,2100,Illinois,71,2453.9905,2453.9905,1.0,115.065508,0.1653,0.1633,1560,18,70
US,maximum,Logistic,ascend,2100,North Slope,119,2968.2425,2968.2425,1.0,131.277452,0.1999,0.1863,1892,19,70
US,maximum,Logistic,ascend,2100,Permian,138,4579.1145,4579.1145,1.0,191.354743,0.3084,0.2716,2862,20,60
US,maximum,Logistic,ascend,2179,Paradox,133,0.0538,0.0538,1.0,0.008065,0.0506,0.0,1,1,150
US,maximum,Logistic,ascend,2179,Appalachian,7,0.0887,0.0887,1.0,0.013304,0.0835,0.0,1,2,150
US,maximum,Logistic,ascend,2179,Denver,43,0.1582,0.1582,1.0,0.023735,0.149,0.0,1,3,150
US,maximum,Logistic,ascend,2179,Arkoma,10,0.5332,0.5332,1.0,0.07998,0.5021,0.0001,1,4,150
US,maximum,Logistic,ascend,2179,Big Horn,21,0.2281,0.5351,0.4263,0.079818,0.2148,0.0001,1,5,150
US,maximum,Logistic,ascend,2179,Green River,0,0.0,0.0,0.0,0.104255,0.0,0.0001,0,0,0
US,maximum,Logistic,ascend,2179,Black Warrior,0,0.0,0.0,0.0,0.142669,0.0,0.0001,0,0,0
US,maximum,Logistic,ascend,2179,Powder River,0,0.0,0.0,0.0,2.212344,0.0,0.0022,0,0,0
US,maximum,Logistic,ascend,2179,Laramie,0,0.0,0.0,0.0,5.393041,0.0,0.0054,0,0,0
US,maximum,Logistic,ascend,2179,San Juan,0,0.0,0.0,0.0,4.221278,0.0,0.0042,0,0,0
US,maximum,Logistic,ascend,2179,Cook Inlet,0,0.0,0.0,0.0,7.684124,0.0,0.0077,0,0,0
US,maximum,Logistic,ascend,2179,Palo Duro,0,0.0,0.0,0.0,9.896935,0.0,0.0099,0,0,0
US,maximum,Logistic,ascend,2179,Sacramento,0,0.0,0.0,0.0,26.974355,0.0,0.0271,0,0,0
US,maximum,Logistic,ascend,2179,Fort Worth,0,0.0,0.0,0.0,53.42977,0.0,0.0537,0,0,0
US,maximum,Logistic,ascend,2179,San Joaquin,0,0.0,0.0,0.0,66.588789,0.0,0.0669,0,0,0
US,maximum,Logistic,ascend,2179,Los Angeles,0,0.0,0.0,0.0,93.857474,0.0,0.0943,0,0,0
US,maximum,Logistic,ascend,2179,Anadarko,0,0.0,0.0,0.0,128.931312,0.0,0.1295,0,0,0
US,maximum,Logistic,ascend,2179,Illinois,0,0.0,0.0,0.0,161.565597,0.0,0.1623,0,0,0
US,maximum,Logistic,ascend,2179,North Slope,0,0.0,0.0,0.0,179.756482,0.0,0.1805,0,0,0
US,maximum,Logistic,ascend,2179,Permian,0,0.0,0.0,0.0,254.786587,0.0,0.2559,0,0,0
Australia,minimum,Gompertz,ascend,2050,Adavale,1,0.2002,0.2002,1.0,0.004205,0.0104,0.0177,1,1,150
Australia,minimum,Gompertz,ascend,2050,Bowen-Surat,27,0.619,0.619,1.0,0.012998,0.0321,0.0547,1,2,150
Australia,minimum,Gompertz,ascend,2050,Canning,31,18.4627,55.2663,0.3341,0.220361,0.9575,0.9276,42,3,130
Australia,minimum,Gompertz,ascend,2050,Gippsland,0,0.0,0.0,0.0,0.0,0.0,0.0,0,0,0
Australia,minimum,Gompertz,ascend,2100,Adavale,1,0.2002,0.2002,1.0,0.014217,0.0017,0.0042,1,1,150
Australia,minimum,Gompertz,ascend,2100,Bowen-Surat,27,0.619,0.619,1.0,0.043946,0.0052,0.013,1,2,150
Australia,minimum,Gompertz,ascend,2100,Canning,31,55.2663,55.2663,1.0,2.515358,0.4649,0.7417,42,3,130
Australia,minimum,Gompertz,ascend,2100,Gippsland,63,62.7942,196.9265,0.3189,0.818038,0.5282,0.2412,36,4,80
Australia,minimum,Gompertz,ascend,2179,Adavale,1,0.2002,0.2002,1.0,0.030037,0.0008,0.0016,1,1,150
Australia,minimum,Gompertz,ascend,2179,Bowen-Surat,27,0.619,0.619,1.0,0.092844,0.0026,0.0048,1,2,150
Australia,minimum,Gompertz,ascend,2179,Canning,31,55.2663,55.2663,1.0,6.881398,0.2301,0.3583,42,3,130
Australia,minimum,Gompertz,ascend,2179,Gippsland,63,184.1187,196.9265,0.935,12.199103,0.7665,0.6353,36,4,80
Australia,minimum,Logistic,ascend,2050,Adavale,1,0.2002,0.2002,1.0,0.004205,0.0104,0.0195,1,1,150
Australia,minimum,Logistic,ascend,2050,Bowen-Surat,27,0.619,0.619,1.0,0.012998,0.0321,0.0603,1,2,150
Australia,minimum,Logistic,ascend,2050,Canning,31,18.4627,55.2663,0.3341,0.198389,0.9575,0.9202,42,3,130
Australia,minimum,Logistic,ascend,2050,Gippsland,0,0.0,0.0,0.0,0.0,0.0,0.0,0,0,0
Australia,minimum,Logistic,ascend,2050,Bass,0,0.0,0.0,0.0,0.0,0.0,0.0,0,0,0
Australia,minimum,Logistic,ascend,2050,Perth,0,0.0,0.0,0.0,0.0,0.0,0.0,0,0,0
Australia,minimum,Logistic,ascend,2100,Adavale,1,0.2002,0.2002,1.0,0.014217,0.0004,0.0016,1,1,150
Australia,minimum,Logistic,ascend,2100,Bowen-Surat,27,0.619,0.619,1.0,0.043946,0.0012,0.005,1,2,150
Australia,minimum,Logistic,ascend,2100,Canning,31,55.2663,55.2663,1.0,2.658845,0.1069,0.3045,42,3,130
Australia,minimum,Logistic,ascend,2100,Gippsland,63,177.3312,177.3312,1.0,4.052255,0.343,0.4641,100,4,90
Australia,minimum,Logistic,ascend,2100,Bass,17,283.6043,308.6529,0.9188,1.961453,0.5485,0.2247,306,5,60
Australia,minimum,Logistic,ascend,2100,Perth,0,0.0,0.0,0.0,0.0,0.0,0.0,0,0,0
Australia,minimum,Logistic,ascend,2179,Adavale,1,0.2002,0.2002,1.0,0.030037,0.0037,0.0006,1,1,150
Australia,minimum,Logistic,ascend,2179,Bowen-Surat,27,0.619,0.619,1.0,0.092844,0.0114,0.0019,1,2,150
Australia,minimum,Logistic,ascend,2179,Canning,31,53.5887,55.2663,0.9696,7.023208,0.9849,0.142,42,3,130
Australia,minimum,Logistic,ascend,2179,Gippsland,0,0.0,0.0,0.0,15.636207,0.0,0.3162,0,0,0
Australia,minimum,Logistic,ascend,2179,Bass,0,0.0,0.0,0.0,17.032522,0.0,0.3444,0,0,0
Australia,minimum,Logistic,ascend,2179,Perth,0,0.0,0.0,0.0,9.635779,0.0,0.1949,0,0,0
Brazil,minimum,Gompertz,ascend,2050,Tucano,189,0.477,0.477,1.0,0.010017,0.0057,0.0088,1,1,150
Brazil,minimum,Gompertz,ascend,2050,Reconcavo,148,9.9168,9.9168,1.0,0.208252,0.1185,0.1838,9,2,150
Brazil,minimum,Gompertz,ascend,2050,Sergipe-Alagoas,165,20.3301,20.3301,1.0,0.424946,0.243,0.3751,20,3,150
Brazil,minimum,Gompertz,ascend,2050,Espirito Santo,53,52.9267,76.1594,0.6949,0.48964,0.6327,0.4322,64,4,140
Brazil,minimum,Gompertz,ascend,2050,Potiguar,0,0.0,0.0,0.0,0.0,0.0,0.0,0,0,0
Brazil,minimum,Gompertz,ascend,2100,Tucano,189,0.477,0.477,1.0,0.033867,0.0022,0.0037,1,1,150
Brazil,minimum,Gompertz,ascend,2100,Reconcavo,148,9.9168,9.9168,1.0,0.70409,0.0467,0.0763,9,2,150
Brazil,minimum,Gompertz,ascend,2100,Sergipe-Alagoas,165,20.3301,20.3301,1.0,1.44145,0.0957,0.1562,20,3,150
Brazil,minimum,Gompertz,ascend,2100,Espirito Santo,53,76.1594,76.1594,1.0,4.230129,0.3585,0.4585,64,4,140
Brazil,minimum,Gompertz,ascend,2100,Potiguar,143,105.5707,109.8816,0.9608,2.816548,0.4969,0.3053,100,5,110
Brazil,minimum,Gompertz,ascend,2179,Tucano,189,0.477,0.477,1.0,0.07155,0.0042,0.0031,1,1,150
Brazil,minimum,Gompertz,ascend,2179,Reconcavo,148,9.9168,9.9168,1.0,1.487514,0.0876,0.0643,9,2,150
Brazil,minimum,Gompertz,ascend,2179,Sergipe-Alagoas,165,20.3301,20.3301,1.0,3.047525,0.1796,0.1317,20,3,150
Brazil,minimum,Gompertz,ascend,2179,Espirito Santo,53,76.1594,76.1594,1.0,10.24672,0.6727,0.4428,64,4,140
Brazil,minimum,Gompertz,ascend,2179,Potiguar,143,6.3376,109.8816,0.0577,8.28794,0.056,0.3581,100,5,110
Brazil,minimum,Logistic,ascend,2050,Tucano,189,0.477,0.477,1.0,0.010017,0.0057,0.0101,1,1,150
Brazil,minimum,Logistic,ascend,2050,Reconcavo,148,9.9168,9.9168,1.0,0.208252,0.1185,0.2106,9,2,150
Brazil,minimum,Logistic,ascend,2050,Sergipe-Alagoas,165,21.4349,21.4349,1.0,0.418968,0.2562,0.4237,20,3,140
Brazil,minimum,Logistic,ascend,2050,Espirito Santo,53,51.8219,124.4884,0.4163,0.35156,0.6195,0.3555,100,4,90
Brazil,minimum,Logistic,ascend,2050,Potiguar,0,0.0,0.0,0.0,0.0,0.0,0.0,0,0,0
Brazil,minimum,Logistic,ascend,2050,Solimoes,0,0.0,0.0,0.0,0.0,0.0,0.0,0,0,0
Brazil,minimum,Logistic,ascend,2100,Tucano,189,0.477,0.477,1.0,0.033867,0.0009,0.0019,1,1,150
Brazil,minimum,Logistic,ascend,2100,Reconcavo,148,9.9168,9.9168,1.0,0.70409,0.0196,0.0404,9,2,150
Brazil,minimum,Logistic,ascend,2100,Sergipe-Alagoas,165,21.4349,21.4349,1.0,1.490714,0.0425,0.0856,20,3,140
Brazil,minimum,Logistic,ascend,2100,Espirito Santo,53,124.4884,124.4884,1.0,6.205658,0.2467,0.3563,100,4,90
Brazil,minimum,Logistic,ascend,2100,Potiguar,143,243.1978,243.1978,1.0,7.219127,0.4819,0.4144,240,5,50
Brazil,minimum,Logistic,ascend,2100,Solimoes,169,105.2012,588.6753,0.1787,1.765413,0.2084,0.1014,81,6,40
Brazil,minimum,Logistic,ascend,2179,Tucano,189,0.477,0.477,1.0,0.07155,0.0764,0.0024,1,1,150
Brazil,minimum,Logistic,ascend,2179,Reconcavo,148,5.7686,9.9168,0.5817,1.468697,0.9236,0.0496,9,2,150
Brazil,minimum,Logistic,ascend,2179,Sergipe-Alagoas,0,0.0,0.0,0.0,2.806109,0.0,0.0948,0,0,0
Brazil,minimum,Logistic,ascend,2179,Espirito Santo,0,0.0,0.0,0.0,11.085148,0.0,0.3745,0,0,0
Brazil,minimum,Logistic,ascend,2179,Potiguar,0,0.0,0.0,0.0,11.845048,0.0,0.4002,0,0,0
Brazil,minimum,Logistic,ascend,2179,Solimoes,0,0.0,0.0,0.0,2.320446,0.0,0.0784,0,0,0
Canada,minimum,Gompertz,ascend,2050,Beaufort-Mackenzie,18,0.3771,0.3771,1.0,0.007919,0.0114,0.0191,1,1,150
Canada,minimum,Gompertz,ascend,2050,Scotian,163,32.5737,282.6707,0.1152,0.407069,0.9886,0.9809,196,2,150
Canada,minimum,Gompertz,ascend,2100,Beaufort-Mackenzie,18,0.3771,0.3771,1.0,0.026773,0.0024,0.0053,1,1,150
Canada,minimum,Gompertz,ascend,2100,Scotian,163,156.6613,282.6707,0.5542,5.004958,0.9976,0.9947,196,2,150
Canada,minimum,Gompertz,ascend,2179,Beaufort-Mackenzie,18,0.3771,0.3771,1.0,0.056563,0.0019,0.0027,1,1,150
Canada,minimum,Gompertz,ascend,2179,Scotian,163,203.1457,282.6707,0.7187,21.2818,0.9981,0.9973,196,2,150
Canada,minimum,Logistic,ascend,2050,Beaufort-Mackenzie,18,0.3771,0.3771,1.0,0.007919,0.0114,0.0213,1,1,150
Canada,minimum,Logistic,ascend,2050,Scotian,163,32.5737,1053.2036,0.0309,0.363791,0.9886,0.9787,930,2,40
Canada,minimum,Logistic,ascend,2100,Beaufort-Mackenzie,18,0.3771,0.3771,1.0,0.026773,0.0006,0.0022,1,1,150
Canada,minimum,Logistic,ascend,2100,Scotian,163,615.2967,1053.2036,0.5842,12.340109,0.9994,0.9978,930,2,40
Canada,minimum,Logistic,ascend,2179,Beaufort-Mackenzie,18,0.3771,0.3771,1.0,0.056563,0.0172,0.0014,1,1,150
Canada,minimum,Logistic,ascend,2179,Scotian,163,21.535,1053.2036,0.0204,39.944229,0.9828,0.9986,930,2,40
China,minimum,Gompertz,ascend,2050,Hailar-Temtsag,69,0.0402,0.0402,1.0,0.000845,0.0019,0.0032,1,1,150
China,minimum,Gompertz,ascend,2050,Sichuan,166,0.1036,0.1036,1.0,0.002175,0.0049,0.0083,1,2,150
China,minimum,Gompertz,ascend,2050,Santanghu,158,0.1058,0.1058,1.0,0.002223,0.005,0.0085,1,3,150
China,minimum,Gompertz,ascend,2050,Junggar,78,0.3654,0.3654,1.0,0.007673,0.0174,0.0293,1,4,150
China,minimum,Gompertz,ascend,2050,Jiuquan,77,0.4616,0.4616,1.0,0.009693,0.022,0.037,1,5,150
China,minimum,Gompertz,ascend,2050,Sanshui,157,0.5507,0.5507,1.0,0.011565,0.0262,0.0441,1,6,150
China,minimum,Gompertz,ascend,2050,Bose,26,0.6099,0.6099,1.0,0.012809,0.0291,0.0489,1,7,150
China,minimum,Gompertz,ascend,2050,Qaidam,146,0.6127,0.6127,1.0,0.012866,0.0292,0.0491,1,8,150
China,minimum,Gompertz,ascend,2050,Jianghan,76,0.6968,0.6968,1.0,0.014634,0.0332,0.0559,1,9,150
China,minimum,Gompertz,ascend,2050,Yilan-Yitong,201,17.4474,22.0747,0.7904,0.187528,0.8311,0.7157,20,10,140
China,minimum,Gompertz,ascend,2050,Turpan,0,0.0,0.0,0.0,0.0,0.0,0.0,0,0,0
China,minimum,Gompertz,ascend,2050,Songliao,0,0.0,0.0,0.0,0.0,0.0,0.0,0,0,0
China,minimum,Gompertz,ascend,2050,Nanxiang,0,0.0,0.0,0.0,0.0,0.0,0.0,0,0,0
China,minimum,Gompertz,ascend,2100,Hailar-Temtsag,69,0.0402,0.0402,1.0,0.002856,0.0003,0.0008,1,1,150
China,minimum,Gompertz,ascend,2100,Sichuan,166,0.1036,0.1036,1.0,0.007355,0.0009,0.0021,1,2,150
China,minimum,Gompertz,ascend,2100,Santanghu,158,0.1058,0.1058,1.0,0.007515,0.0009,0.0022,1,3,150
China,minimum,Gompertz,ascend,2100,Junggar,78,0.3654,0.3654,1.0,0.02594,0.0031,0.0075,1,4,150
China,minimum,Gompertz,ascend,2100,Jiuquan,77,0.4616,0.4616,1.0,0.03277,0.004,0.0094,1,5,150
China,minimum,Gompertz,ascend,2100,Sanshui,157,0.5507,0.5507,1.0,0.039101,0.0047,0.0113,1,6,150
China,minimum,Gompertz,ascend,2100,Bose,26,0.6099,0.6099,1.0,0.043305,0.0053,0.0125,1,7,150
China,minimum,Gompertz,ascend,2100,Qaidam,146,0.6127,0.6127,1.0,0.043499,0.0053,0.0125,1,8,150
China,minimum,Gompertz,ascend,2100,Jianghan,76,0.6968,0.6968,1.0,0.049476,0.006,0.0143,1,9,150
China,minimum,Gompertz,ascend,2100,Yilan-Yitong,201,22.0747,22.0747,1.0,1.284244,0.1901,0.3701,20,10,140
China,minimum,Gompertz,ascend,2100,Turpan,192,32.8193,32.8193,1.0,1.173964,0.2827,0.3383,30,11,120
China,minimum,Gompertz,ascend,2100,Songliao,170,57.6685,76.3075,0.7557,0.760344,0.4967,0.2191,72,12,90
China,minimum,Gompertz,ascend,2100,Nanxiang,0,0.0,0.0,0.0,0.0,0.0,0.0,0,0,0
China,minimum,Gompertz,ascend,2179,Hailar-Temtsag,69,0.0402,0.0402,1.0,0.006034,0.0002,0.0003,1,1,150
China,minimum,Gompertz,ascend,2179,Sichuan,166,0.1036,0.1036,1.0,0.015539,0.0005,0.0009,1,2,150
China,minimum,Gompertz,ascend,2179,Santanghu,158,0.1058,0.1058,1.0,0.015877,0.0005,0.0009,1,3,150
China,minimum,Gompertz,ascend,2179,Junggar,78,0.3654,0.3654,1.0,0.054804,0.0018,0.0031,1,4,150
China,minimum,Gompertz,ascend,2179,Jiuquan,77,0.4616,0.4616,1.0,0.069233,0.0023,0.004,1,5,150
China,minimum,Gompertz,ascend,2179,Sanshui,157,0.5507,0.5507,1.0,0.082608,0.0028,0.0047,1,6,150
China,minimum,Gompertz,ascend,2179,Bose,26,0.6099,0.6099,1.0,0.091489,0.0031,0.0052,1,7,150
China,minimum,Gompertz,ascend,2179,Qaidam,146,0.6127,0.6127,1.0,0.091899,0.0031,0.0052,1,8,150
China,minimum,Gompertz,ascend,2179,Jianghan,76,0.6968,0.6968,1.0,0.104526,0.0035,0.006,1,9,150
China,minimum,Gompertz,ascend,2179,Yilan-Yitong,201,22.0747,22.0747,1.0,3.028144,0.111,0.1729,20,10,140
China,minimum,Gompertz,ascend,2179,Turpan,192,32.8193,32.8193,1.0,3.766688,0.165,0.215,30,11,120
China,minimum,Gompertz,ascend,2179,Songliao,170,76.3075,76.3075,1.0,6.720994,0.3836,0.3836,72,12,90
China,minimum,Gompertz,ascend,2179,Nanxiang,107,64.166,97.2884,0.6595,3.470904,0.3226,0.1981,4,13,80
China,minimum,Logistic,ascend,2050,Hailar-Temtsag,69,0.0402,0.0402,1.0,0.000845,0.0019,0.0036,1,1,150
China,minimum,Logistic,ascend,2050,Sichuan,166,0.1036,0.1036,1.0,0.002175,0.0049,0.0092,1,2,150
China,minimum,Logistic,ascend,2050,Santanghu,158,0.1058,0.1058,1.0,0.002223,0.005,0.0094,1,3,150
China,minimum,Logistic,ascend,2050,Junggar,78,0.3654,0.3654,1.0,0.007673,0.0174,0.0324,1,4,150
China,minimum,Logistic,ascend,2050,Jiuquan,77,0.4616,0.4616,1.0,0.009693,0.022,0.0409,1,5,150
China,minimum,Logistic,ascend,2050,Sanshui,157,0.5507,0.5507,1.0,0.011565,0.0262,0.0488,1,6,150
China,minimum,Logistic,ascend,2050,Bose,26,0.6099,0.6099,1.0,0.012809,0.0291,0.0541,1,7,150
China,minimum,Logistic,ascend,2050,Qaidam,146,0.6127,0.6127,1.0,0.012866,0.0292,0.0543,1,8,150
China,minimum,Logistic,ascend,2050,Jianghan,76,0.6968,0.6968,1.0,0.014634,0.0332,0.0618,1,9,150
China,minimum,Logistic,ascend,2050,Yilan-Yitong,201,17.4474,22.0747,0.7904,0.162287,0.8311,0.6854,20,10,140
China,minimum,Logistic,ascend,2050,Turpan,0,0.0,0.0,0.0,0.0,0.0,0.0,0,0,0
China,minimum,Logistic,ascend,2050,Songliao,0,0.0,0.0,0.0,0.0,0.0,0.0,0,0,0
China,minimum,Logistic,ascend,2050,Nanxiang,0,0.0,0.0,0.0,0.0,0.0,0.0,0,0,0
China,minimum,Logistic,ascend,2050,Erlian,0,0.0,0.0,0.0,0.0,0.0,0.0,0,0,0
China,minimum,Logistic,ascend,2050,Subei,0,0.0,0.0,0.0,0.0,0.0,0.0,0,0,0
China,minimum,Logistic,ascend,2100,Hailar-Temtsag,69,0.0402,0.0402,1.0,0.002856,0.0001,0.0003,1,1,150
China,minimum,Logistic,ascend,2100,Sichuan,166,0.1036,0.1036,1.0,0.007355,0.0002,0.0008,1,2,150
China,minimum,Logistic,ascend,2100,Santanghu,158,0.1058,0.1058,1.0,0.007515,0.0002,0.0009,1,3,150
China,minimum,Logistic,ascend,2100,Junggar,78,0.3654,0.3654,1.0,0.02594,0.0008,0.003,1,4,150
China,minimum,Logistic,ascend,2100,Jiuquan,77,0.4616,0.4616,1.0,0.03277,0.001,0.0038,1,5,150
China,minimum,Logistic,ascend,2100,Sanshui,157,0.5507,0.5507,1.0,0.039101,0.0011,0.0045,1,6,150
China,minimum,Logistic,ascend,2100,Bose,26,0.6099,0.6099,1.0,0.043305,0.0013,0.005,1,7,150
China,minimum,Logistic,ascend,2100,Qaidam,146,0.6127,0.6127,1.0,0.043499,0.0013,0.005,1,8,150
China,minimum,Logistic,ascend,2100,Jianghan,76,0.6968,0.6968,1.0,0.049476,0.0014,0.0057,1,9,150
China,minimum,Logistic,ascend,2100,Yilan-Yitong,201,22.0747,22.0747,1.0,1.26151,0.0455,0.1446,20,10,140
China,minimum,Logistic,ascend,2100,Turpan,192,32.8193,32.8193,1.0,1.3463,0.0676,0.1543,30,11,120
China,minimum,Logistic,ascend,2100,Songliao,170,68.417,68.417,1.0,2.018375,0.141,0.2314,64,12,100
China,minimum,Logistic,ascend,2100,Nanxiang,107,97.2884,97.2884,1.0,1.90217,0.2005,0.2181,81,13,80
China,minimum,Logistic,ascend,2100,Erlian,52,159.253,159.253,1.0,1.631229,0.3282,0.187,144,14,60
China,minimum,Logistic,ascend,2100,Subei,177,101.7697,413.8092,0.2459,0.312078,0.2098,0.0358,42,15,30
China,minimum,Logistic,ascend,2179,Hailar-Temtsag,69,0.0402,0.0402,1.0,0.006034,0.0011,0.0002,1,1,150
China,minimum,Logistic,ascend,2179,Sichuan,166,0.1036,0.1036,1.0,0.015539,0.0029,0.0004,1,2,150
China,minimum,Logistic,ascend,2179,Santanghu,158,0.1058,0.1058,1.0,0.015877,0.003,0.0004,1,3,150
China,minimum,Logistic,ascend,2179,Junggar,78,0.3654,0.3654,1.0,0.054804,0.0103,0.0014,1,4,150
China,minimum,Logistic,ascend,2179,Jiuquan,77,0.4616,0.4616,1.0,0.069233,0.013,0.0017,1,5,150
China,minimum,Logistic,ascend,2179,Sanshui,157,0.5507,0.5507,1.0,0.082608,0.0155,0.0021,1,6,150
China,minimum,Logistic,ascend,2179,Bose,26,0.6099,0.6099,1.0,0.091489,0.0172,0.0023,1,7,150
China,minimum,Logistic,ascend,2179,Qaidam,146,0.6127,0.6127,1.0,0.091899,0.0173,0.0023,1,8,150
China,minimum,Logistic,ascend,2179,Jianghan,76,0.6968,0.6968,1.0,0.104526,0.0196,0.0026,1,9,150
China,minimum,Logistic,ascend,2179,Yilan-Yitong,201,22.0747,22.0747,1.0,3.005409,0.6218,0.0756,20,10,140
China,minimum,Logistic,ascend,2179,Turpan,192,9.8784,32.8193,0.301,3.83886,0.2783,0.0966,30,11,120
China,minimum,Logistic,ascend,2179,Songliao,0,0.0,0.0,0.0,6.460082,0.0,0.1625,0,0,0
China,minimum,Logistic,ascend,2179,Nanxiang,0,0.0,0.0,0.0,7.251536,0.0,0.1824,0,0,0
China,minimum,Logistic,ascend,2179,Erlian,0,0.0,0.0,0.0,8.905153,0.0,0.224,0,0,0
China,minimum,Logistic,ascend,2179,Subei,0,0.0,0.0,0.0,9.758196,0.0,0.2455,0,0,0
EU,minimum,Gompertz,ascend,2050,Baltic,14,0.287,0.287,1.0,0.006027,0.0064,0.0083,1,1,150
EU,minimum,Gompertz,ascend,2050,Polish,142,0.4338,0.4338,1.0,0.009111,0.0097,0.0125,1,2,150
EU,minimum,Gompertz,ascend,2050,Sava,161,0.499,0.499,1.0,0.010479,0.0111,0.0144,1,3,150
EU,minimum,Gompertz,ascend,2050,Transylvanian,187,0.5399,0.5399,1.0,0.011339,0.012,0.0156,1,4,150
EU,minimum,Gompertz,ascend,2050,Drava,48,0.6358,0.6358,1.0,0.013351,0.0142,0.0184,1,5,150
EU,minimum,Gompertz,ascend,2050,North Carpathian,114,0.7276,0.7276,1.0,0.015279,0.0162,0.021,1,6,150
EU,minimum,Gompertz,ascend,2050,Crimea-Karkinit,41,0.7257,0.7257,1.0,0.015239,0.0162,0.021,1,7,150
EU,minimum,Gompertz,ascend,2050,Paris,134,0.8687,0.8687,1.0,0.018243,0.0194,0.0251,1,8,150
EU,minimum,Gompertz,ascend,2050,Zala,203,2.1849,2.1849,1.0,0.045883,0.0487,0.0631,2,9,150
EU,minimum,Gompertz,ascend,2050,Vienna,194,14.7895,14.7895,1.0,0.31058,0.3296,0.427,4,10,150
EU,minimum,Gompertz,ascend,2050,Dnieper-Donets,45,23.1729,31.1325,0.7443,0.271775,0.5165,0.3737,30,11,120
EU,minimum,Gompertz,ascend,2050,Pannonian,0,0.0,0.0,0.0,0.0,0.0,0.0,0,0,0
EU,minimum,Gompertz,ascend,2100,Baltic,14,0.287,0.287,1.0,0.020376,0.0044,0.0055,1,1,150
EU,minimum,Gompertz,ascend,2100,Polish,142,0.4338,0.4338,1.0,0.030803,0.0067,0.0082,1,2,150
EU,minimum,Gompertz,ascend,2100,Sava,161,0.499,0.499,1.0,0.035428,0.0077,0.0095,1,3,150
EU,minimum,Gompertz,ascend,2100,Transylvanian,187,0.5399,0.5399,1.0,0.038335,0.0084,0.0103,1,4,150
EU,minimum,Gompertz,ascend,2100,Drava,48,0.6358,0.6358,1.0,0.045139,0.0098,0.0121,1,5,150
EU,minimum,Gompertz,ascend,2100,North Carpathian,114,0.7276,0.7276,1.0,0.051657,0.0113,0.0138,1,6,150
EU,minimum,Gompertz,ascend,2100,Crimea-Karkinit,41,0.7257,0.7257,1.0,0.051522,0.0112,0.0138,1,7,150
EU,minimum,Gompertz,ascend,2100,Paris,134,0.8687,0.8687,1.0,0.06168,0.0134,0.0165,1,8,150
EU,minimum,Gompertz,ascend,2100,Zala,203,2.1849,2.1849,1.0,0.155128,0.0338,0.0415,2,9,150
EU,minimum,Gompertz,ascend,2100,Vienna,194,14.7895,14.7895,1.0,1.050056,0.2289,0.281,4,10,150
EU,minimum,Gompertz,ascend,2100,Dnieper-Donets,45,31.1325,31.1325,1.0,1.798198,0.4819,0.4812,30,11,120
EU,minimum,Gompertz,ascend,2100,Pannonian,131,11.784,60.0087,0.1964,0.398542,0.1824,0.1067,12,12,80
EU,minimum,Gompertz,ascend,2179,Baltic,14,0.287,0.287,1.0,0.043047,0.0105,0.0058,1,1,150
EU,minimum,Gompertz,ascend,2179,Polish,142,0.4338,0.4338,1.0,0.065076,0.0158,0.0088,1,2,150
EU,minimum,Gompertz,ascend,2179,Sava,161,0.499,0.499,1.0,0.074848,0.0182,0.0101,1,3,150
EU,minimum,Gompertz,ascend,2179,Transylvanian,187,0.5399,0.5399,1.0,0.08099,0.0197,0.0109,1,4,150
EU,minimum,Gompertz,ascend,2179,Drava,48,0.6358,0.6358,1.0,0.095364,0.0232,0.0128,1,5,150
EU,minimum,Gompertz,ascend,2179,North Carpathian,114,0.7276,0.7276,1.0,0.109135,0.0265,0.0147,1,6,150
EU,minimum,Gompertz,ascend,2179,Crimea-Karkinit,41,0.7257,0.7257,1.0,0.10885,0.0264,0.0147,1,7,150
EU,minimum,Gompertz,ascend,2179,Paris,134,0.8687,0.8687,1.0,0.130309,0.0317,0.0175,1,8,150
EU,minimum,Gompertz,ascend,2179,Zala,203,2.1849,2.1849,1.0,0.327735,0.0796,0.0441,2,9,150
EU,minimum,Gompertz,ascend,2179,Vienna,194,14.7895,14.7895,1.0,2.218429,0.5389,0.2986,4,10,150
EU,minimum,Gompertz,ascend,2179,Dnieper-Donets,45,5.7538,31.1325,0.1848,3.588742,0.2096,0.483,30,11,120
EU,minimum,Gompertz,ascend,2179,Pannonian,0,0.0,0.0,0.0,0.586817,0.0,0.079,0,0,0
EU,minimum,Logistic,ascend,2050,Baltic,14,0.287,0.287,1.0,0.006027,0.0064,0.0094,1,1,150
EU,minimum,Logistic,ascend,2050,Polish,142,0.4338,0.4338,1.0,0.009111,0.0097,0.0141,1,2,150
EU,minimum,Logistic,ascend,2050,Sava,161,0.499,0.499,1.0,0.010479,0.0111,0.0163,1,3,150
EU,minimum,Logistic,ascend,2050,Transylvanian,187,0.5399,0.5399,1.0,0.011339,0.012,0.0176,1,4,150
EU,minimum,Logistic,ascend,2050,Drava,48,0.6358,0.6358,1.0,0.013351,0.0142,0.0207,1,5,150
EU,minimum,Logistic,ascend,2050,North Carpathian,114,0.7276,0.7276,1.0,0.015279,0.0162,0.0237,1,6,150
EU,minimum,Logistic,ascend,2050,Crimea-Karkinit,41,0.7257,0.7257,1.0,0.015239,0.0162,0.0236,1,7,150
EU,minimum,Logistic,ascend,2050,Paris,134,0.8687,0.8687,1.0,0.018243,0.0194,0.0283,1,8,150
EU,minimum,Logistic,ascend,2050,Zala,203,2.1849,2.1849,1.0,0.045883,0.0487,0.0712,2,9,150
EU,minimum,Logistic,ascend,2050,Vienna,194,15.0889,15.0889,1.0,0.311437,0.3363,0.4832,4,10,140
EU,minimum,Logistic,ascend,2050,Dnieper-Donets,45,22.8736,33.4363,0.6841,0.188134,0.5098,0.2919,30,11,100
EU,minimum,Logistic,ascend,2050,Pannonian,0,0.0,0.0,0.0,0.0,0.0,0.0,0,0,0
EU,minimum,Logistic,ascend,2100,Baltic,14,0.287,0.287,1.0,0.020376,0.0026,0.0039,1,1,150
EU,minimum,Logistic,ascend,2100,Polish,142,0.4338,0.4338,1.0,0.030803,0.0039,0.0059,1,2,150
EU,minimum,Logistic,ascend,2100,Sava,161,0.499,0.499,1.0,0.035428,0.0044,0.0068,1,3,150
EU,minimum,Logistic,ascend,2100,Transylvanian,187,0.5399,0.5399,1.0,0.038335,0.0048,0.0074,1,4,150
EU,minimum,Logistic,ascend,2100,Drava,48,0.6358,0.6358,1.0,0.045139,0.0057,0.0087,1,5,150
EU,minimum,Logistic,ascend,2100,North Carpathian,114,0.7276,0.7276,1.0,0.051657,0.0065,0.0099,1,6,150
EU,minimum,Logistic,ascend,2100,Crimea-Karkinit,41,0.7257,0.7257,1.0,0.051522,0.0065,0.0099,1,7,150
EU,minimum,Logistic,ascend,2100,Paris,134,0.8687,0.8687,1.0,0.06168,0.0077,0.0119,1,8,150
EU,minimum,Logistic,ascend,2100,Zala,203,2.1849,2.1849,1.0,0.155128,0.0195,0.0299,2,9,150
EU,minimum,Logistic,ascend,2100,Vienna,194,15.0889,15.0889,1.0,1.065879,0.1346,0.2053,4,10,140
EU,minimum,Logistic,ascend,2100,Dnieper-Donets,45,33.4363,33.4363,1.0,1.834309,0.2982,0.3533,30,11,100
EU,minimum,Logistic,ascend,2100,Pannonian,131,56.7049,65.5103,0.8656,1.801501,0.5057,0.347,56,12,70
EU,minimum,Logistic,ascend,2179,Baltic,14,0.287,0.287,1.0,0.043047,0.0448,0.0049,1,1,150
EU,minimum,Logistic,ascend,2179,Polish,142,0.4338,0.4338,1.0,0.065076,0.0677,0.0073,1,2,150
EU,minimum,Logistic,ascend,2179,Sava,161,0.499,0.499,1.0,0.074848,0.0778,0.0084,1,3,150
EU,minimum,Logistic,ascend,2179,Transylvanian,187,0.5399,0.5399,1.0,0.08099,0.0842,0.0091,1,4,150
EU,minimum,Logistic,ascend,2179,Drava,48,0.6358,0.6358,1.0,0.095364,0.0992,0.0107,1,5,150
EU,minimum,Logistic,ascend,2179,North Carpathian,114,0.7276,0.7276,1.0,0.109135,0.1135,0.0123,1,6,150
EU,minimum,Logistic,ascend,2179,Crimea-Karkinit,41,0.7257,0.7257,1.0,0.10885,0.1132,0.0123,1,7,150
EU,minimum,Logistic,ascend,2179,Paris,134,0.8687,0.8687,1.0,0.130309,0.1355,0.0147,1,8,150
EU,minimum,Logistic,ascend,2179,Zala,203,1.6932,2.1849,0.775,0.327066,0.2641,0.0369,2,9,150
EU,minimum,Logistic,ascend,2179,Vienna,0,0.0,0.0,0.0,2.005238,0.0,0.226,0,0,0
EU,minimum,Logistic,ascend,2179,Dnieper-Donets,0,0.0,0.0,0.0,3.147641,0.0,0.3548,0,0,0
EU,minimum,Logistic,ascend,2179,Pannonian,0,0.0,0.0,0.0,2.684036,0.0,0.3025,0,0,0
Indonesia,minimum,Gompertz,ascend,2050,Salawati,153,0.7002,0.7002,1.0,0.014704,0.1525,0.2367,1,1,150
Indonesia,minimum,Gompertz,ascend,2050,Sunda,178,3.8903,25.6282,0.1518,0.047423,0.8475,0.7633,1,2,150
Indonesia,minimum,Gompertz,ascend,2100,Salawati,153,0.7002,0.7002,1.0,0.049715,0.0611,0.0989,1,1,150
Indonesia,minimum,Gompertz,ascend,2100,Sunda,178,10.754,25.6282,0.4196,0.45275,0.9389,0.9011,1,2,150
Indonesia,minimum,Gompertz,ascend,2179,Salawati,153,0.7002,0.7002,1.0,0.105031,0.1191,0.0847,1,1,150
Indonesia,minimum,Gompertz,ascend,2179,Sunda,178,5.1798,25.6282,0.2021,1.134648,0.8809,0.9153,1,2,150
Indonesia,minimum,Logistic,ascend,2050,Salawati,153,0.7002,0.7002,1.0,0.014704,0.1525,0.2716,1,1,150
Indonesia,minimum,Logistic,ascend,2050,Sunda,178,3.8903,27.2732,0.1426,0.039437,0.8475,0.7284,16,2,120
Indonesia,minimum,Logistic,ascend,2100,Salawati,153,0.7002,0.7002,1.0,0.049715,0.0263,0.0527,1,1,150
Indonesia,minimum,Logistic,ascend,2100,Sunda,178,25.9647,27.2732,0.952,0.893426,0.9737,0.9473,16,2,120
Indonesia,minimum,Logistic,ascend,2179,Salawati,153,0.3054,0.7002,0.4362,0.102142,1.0,0.0651,1,1,150
Indonesia,minimum,Logistic,ascend,2179,Sunda,0,0.0,0.0,0.0,1.466512,0.0,0.9349,0,0,0
Middle East,minimum,Gompertz,ascend,2050,Gaziantep,60,0.1836,0.1836,1.0,0.003856,0.0092,0.0134,1,1,150
Middle East,minimum,Gompertz,ascend,2050,Diyarbakir,44,0.3281,0.3281,1.0,0.00689,0.0165,0.0239,1,2,150
Middle East,minimum,Gompertz,ascend,2050,Sinjar,167,19.3446,36.4996,0.53,0.277608,0.9742,0.9627,30,3,150
Middle East,minimum,Gompertz,ascend,2100,Gaziantep,60,0.1836,0.1836,1.0,0.013038,0.0052,0.0071,1,1,150
Middle East,minimum,Gompertz,ascend,2100,Diyarbakir,44,0.3281,0.3281,1.0,0.023294,0.0093,0.0126,1,2,150
Middle East,minimum,Gompertz,ascend,2100,Sinjar,167,34.7483,36.4996,0.952,1.805433,0.9855,0.9803,30,3,150
Middle East,minimum,Gompertz,ascend,2179,Gaziantep,60,0.1836,0.1836,1.0,0.027546,0.0138,0.0073,1,1,150
Middle East,minimum,Gompertz,ascend,2179,Diyarbakir,44,0.3281,0.3281,1.0,0.049214,0.0246,0.013,1,2,150
Middle East,minimum,Gompertz,ascend,2179,Sinjar,167,12.8045,36.4996,0.3508,3.71349,0.9616,0.9797,30,3,150
Middle East,minimum,Logistic,ascend,2050,Gaziantep,60,0.1836,0.1836,1.0,0.003856,0.0092,0.0154,1,1,150
Middle East,minimum,Logistic,ascend,2050,Diyarbakir,44,0.3281,0.3281,1.0,0.00689,0.0165,0.0275,1,2,150
Middle East,minimum,Logistic,ascend,2050,Sinjar,167,19.3446,76.738,0.2521,0.239573,0.9742,0.9571,56,3,70
Middle East,minimum,Logistic,ascend,2100,Gaziantep,60,0.1836,0.1836,1.0,0.013038,0.0028,0.0044,1,1,150
Middle East,minimum,Logistic,ascend,2100,Diyarbakir,44,0.3281,0.3281,1.0,0.023294,0.005,0.0079,1,2,150
Middle East,minimum,Logistic,ascend,2100,Sinjar,167,64.8164,76.738,0.8446,2.899538,0.9922,0.9876,56,3,70
Middle East,minimum,Logistic,ascend,2179,Gaziantep,60,0.1836,0.1836,1.0,0.027546,0.187,0.0062,1,1,150
Middle East,minimum,Logistic,ascend,2179,Diyarbakir,44,0.3281,0.3281,1.0,0.049214,0.3341,0.0111,1,2,150
Middle East,minimum,Logistic,ascend,2179,Sinjar,167,0.4702,76.738,0.0061,4.371706,0.4789,0.9827,56,3,70
Thailand,minimum,Gompertz,ascend,2050,Kra-Gulf of Thailand,80,1.5186,31.9925,0.0475,0.018623,1.0,1.0,1,1,150
Thailand,minimum,Gompertz,ascend,2100,Kra-Gulf of Thailand,80,6.1894,31.9925,0.1935,0.217133,1.0,1.0,1,1,150
Thailand,minimum,Gompertz,ascend,2179,Kra-Gulf of Thailand,80,4.9088,31.9925,0.1534,0.718532,1.0,1.0,1,1,150
Thailand,minimum,Logistic,ascend,2050,Kra-Gulf of Thailand,80,1.5186,31.9925,0.0475,0.016335,1.0,1.0,4,1,150
Thailand,minimum,Logistic,ascend,2100,Kra-Gulf of Thailand,80,20.924,31.9925,0.654,0.535174,1.0,1.0,4,1,150
Thailand,minimum,Logistic,ascend,2179,Kra-Gulf of Thailand,80,0.1515,31.9925,0.0047,1.044328,1.0,1.0,4,1,150
UK,minimum,Gompertz,ascend,2050,East Midlands,51,10.5738,10.5738,1.0,0.221324,0.3879,0.5858,9,1,150
UK,minimum,Gompertz,ascend,2050,Southern North Sea,176,16.6833,49.3284,0.3382,0.156478,0.6121,0.4142,42,2,130
UK,minimum,Gompertz,ascend,2100,East Midlands,51,10.5738,10.5738,1.0,0.750014,0.1792,0.2695,9,1,150
UK,minimum,Gompertz,ascend,2100,Southern North Sea,176,48.4448,49.3284,0.9821,2.033364,0.8208,0.7305,42,2,130
UK,minimum,Gompertz,ascend,2179,East Midlands,51,10.5738,10.5738,1.0,1.585343,0.4067,0.2514,9,1,150
UK,minimum,Gompertz,ascend,2179,Southern North Sea,176,15.4237,49.3284,0.3127,4.721605,0.5933,0.7486,42,2,130
UK,minimum,Logistic,ascend,2050,East Midlands,51,13.1028,13.1028,1.0,0.247444,0.4807,0.7541,12,1,130
UK,minimum,Logistic,ascend,2050,Southern North Sea,176,14.1543,130.5313,0.1084,0.080676,0.5193,0.2459,90,2,50
UK,minimum,Logistic,ascend,2100,East Midlands,51,13.1028,13.1028,1.0,0.902582,0.1063,0.1848,12,1,130
UK,minimum,Logistic,ascend,2100,Southern North Sea,176,110.1437,130.5313,0.8438,3.981245,0.8937,0.8152,90,2,50
UK,minimum,Logistic,ascend,2179,East Midlands,51,1.4281,13.1028,0.109,1.672398,1.0,0.218,12,1,130
UK,minimum,Logistic,ascend,2179,Southern North Sea,0,0.0,0.0,0.0,5.997478,0.0,0.782,0,0,0
US,minimum,Gompertz,ascend,2050,Paradox,133,0.0538,0.0538,1.0,0.001129,0.0002,0.0003,1,1,150
US,minimum,Gompertz,ascend,2050,Appalachian,7,0.0887,0.0887,1.0,0.001863,0.0004,0.0005,1,2,150
US,minimum,Gompertz,ascend,2050,Denver,43,0.1582,0.1582,1.0,0.003323,0.0007,0.001,1,3,150
US,minimum,Gompertz,ascend,2050,Arkoma,10,0.5332,0.5332,1.0,0.011197,0.0023,0.0032,1,4,150
US,minimum,Gompertz,ascend,2050,Big Horn,21,0.5351,0.5351,1.0,0.011237,0.0023,0.0032,1,5,150
US,minimum,Gompertz,ascend,2050,Green River,65,0.7131,0.7131,1.0,0.014975,0.0031,0.0043,1,6,150
US,minimum,Gompertz,ascend,2050,Black Warrior,23,0.9946,0.9946,1.0,0.020887,0.0043,0.006,1,7,150
US,minimum,Gompertz,ascend,2050,Powder River,144,14.1,14.1,1.0,0.296101,0.0604,0.0848,12,8,150
US,minimum,Gompertz,ascend,2050,Laramie,86,40.7726,40.7726,1.0,0.856225,0.1747,0.2452,30,9,150
US,minimum,Gompertz,ascend,2050,San Juan,156,30.4637,30.4637,1.0,0.639737,0.1305,0.1832,16,10,150
US,minimum,Gompertz,ascend,2050,Cook Inlet,39,55.1146,55.1146,1.0,0.996916,0.2361,0.2854,49,11,150
US,minimum,Gompertz,ascend,2050,Palo Duro,130,81.4704,81.4704,1.0,0.628845,0.349,0.1801,72,12,130
US,minimum,Gompertz,ascend,2050,Sacramento,152,8.4241,258.7301,0.0326,0.010073,0.0361,0.0029,20,13,110
US,minimum,Gompertz,ascend,2100,Paradox,133,0.0538,0.0538,1.0,0.003817,0.0001,0.0002,1,1,150
US,minimum,Gompertz,ascend,2100,Appalachian,7,0.0887,0.0887,1.0,0.006297,0.0002,0.0003,1,2,150
US,minimum,Gompertz,ascend,2100,Denver,43,0.1582,0.1582,1.0,0.011234,0.0004,0.0005,1,3,150
US,minimum,Gompertz,ascend,2100,Arkoma,10,0.5332,0.5332,1.0,0.037857,0.0014,0.0018,1,4,150
US,minimum,Gompertz,ascend,2100,Big Horn,21,0.5351,0.5351,1.0,0.037992,0.0014,0.0018,1,5,150
US,minimum,Gompertz,ascend,2100,Green River,65,0.7131,0.7131,1.0,0.050629,0.0019,0.0024,1,6,150
US,minimum,Gompertz,ascend,2100,Black Warrior,23,0.9946,0.9946,1.0,0.070618,0.0026,0.0034,1,7,150
US,minimum,Gompertz,ascend,2100,Powder River,144,14.1,14.1,1.0,1.001103,0.0367,0.048,12,8,150
US,minimum,Gompertz,ascend,2100,Laramie,86,40.7726,40.7726,1.0,2.894856,0.1062,0.1389,30,9,150
US,minimum,Gompertz,ascend,2100,San Juan,156,30.4637,30.4637,1.0,2.162921,0.0793,0.1038,16,10,150
US,minimum,Gompertz,ascend,2100,Cook Inlet,39,55.1146,55.1146,1.0,3.752647,0.1435,0.1801,49,11,150
US,minimum,Gompertz,ascend,2100,Palo Duro,130,81.4704,81.4704,1.0,4.702363,0.2121,0.2257,72,12,130
US,minimum,Gompertz,ascend,2100,Sacramento,152,159.0858,258.7301,0.6149,6.106402,0.4142,0.293,20,13,110
US,minimum,Gompertz,ascend,2179,Paradox,133,0.0538,0.0538,1.0,0.008065,0.0004,0.0002,1,1,150
US,minimum,Gompertz,ascend,2179,Appalachian,7,0.0887,0.0887,1.0,0.013304,0.0006,0.0003,1,2,150
US,minimum,Gompertz,ascend,2179,Denver,43,0.1582,0.1582,1.0,0.023735,0.0011,0.0006,1,3,150
US,minimum,Gompertz,ascend,2179,Arkoma,10,0.5332,0.5332,1.0,0.07998,0.0037,0.0019,1,4,150
US,minimum,Gompertz,ascend,2179,Big Horn,21,0.5351,0.5351,1.0,0.080265,0.0037,0.0019,1,5,150
US,minimum,Gompertz,ascend,2179,Green River,65,0.7131,0.7131,1.0,0.106963,0.0049,0.0026,1,6,150
US,minimum,Gompertz,ascend,2179,Black Warrior,23,0.9946,0.9946,1.0,0.149193,0.0069,0.0036,1,7,150
US,minimum,Gompertz,ascend,2179,Powder River,144,14.1,14.1,1.0,2.115006,0.0978,0.0505,12,8,150
US,minimum,Gompertz,ascend,2179,Laramie,86,40.7726,40.7726,1.0,6.115893,0.2827,0.1459,30,9,150
US,minimum,Gompertz,ascend,2179,San Juan,156,30.4637,30.4637,1.0,4.569552,0.2112,0.109,16,10,150
US,minimum,Gompertz,ascend,2179,Cook Inlet,39,55.1146,55.1146,1.0,8.106701,0.3822,0.1935,49,11,150
US,minimum,Gompertz,ascend,2179,Palo Duro,130,0.681,81.4704,0.0084,9.953564,0.0047,0.2375,72,12,130
US,minimum,Gompertz,ascend,2179,Sacramento,0,0.0,0.0,0.0,10.582649,0.0,0.2525,0,0,0
US,minimum,Logistic,ascend,2050,Paradox,133,0.0538,0.0538,1.0,0.001129,0.0002,0.0004,1,1,150
US,minimum,Logistic,ascend,2050,Appalachian,7,0.0887,0.0887,1.0,0.001863,0.0004,0.0006,1,2,150
US,minimum,Logistic,ascend,2050,Denver,43,0.1582,0.1582,1.0,0.003323,0.0007,0.0011,1,3,150
US,minimum,Logistic,ascend,2050,Arkoma,10,0.5332,0.5332,1.0,0.011197,0.0023,0.0037,1,4,150
US,minimum,Logistic,ascend,2050,Big Horn,21,0.5351,0.5351,1.0,0.011237,0.0023,0.0037,1,5,150
US,minimum,Logistic,ascend,2050,Green River,65,0.7131,0.7131,1.0,0.014975,0.0031,0.0049,1,6,150
US,minimum,Logistic,ascend,2050,Black Warrior,23,0.9946,0.9946,1.0,0.020887,0.0043,0.0069,1,7,150
US,minimum,Logistic,ascend,2050,Powder River,144,14.1,14.1,1.0,0.296101,0.0604,0.0973,12,8,150
US,minimum,Logistic,ascend,2050,Laramie,86,41.9294,41.9294,1.0,0.880517,0.1796,0.2893,30,9,140
US,minimum,Logistic,ascend,2050,San Juan,156,35.2356,35.2356,1.0,0.708286,0.151,0.2327,16,10,120
US,minimum,Logistic,ascend,2050,Cook Inlet,39,72.2377,72.2377,1.0,0.850702,0.3095,0.2795,72,11,110
US,minimum,Logistic,ascend,2050,Palo Duro,130,66.8427,138.5512,0.4824,0.243105,0.2864,0.0799,132,12,80
US,minimum,Logistic,ascend,2050,Sacramento,0,0.0,0.0,0.0,0.0,0.0,0.0,0,0,0
US,minimum,Logistic,ascend,2100,Paradox,133,0.0538,0.0538,1.0,0.003817,0.0001,0.0001,1,1,150
US,minimum,Logistic,ascend,2100,Appalachian,7,0.0887,0.0887,1.0,0.006297,0.0001,0.0002,1,2,150
US,minimum,Logistic,ascend,2100,Denver,43,0.1582,0.1582,1.0,0.011234,0.0002,0.0004,1,3,150
US,minimum,Logistic,ascend,2100,Arkoma,10,0.5332,0.5332,1.0,0.037857,0.0008,0.0012,1,4,150
US,minimum,Logistic,ascend,2100,Big Horn,21,0.5351,0.5351,1.0,0.037992,0.0008,0.0012,1,5,150
US,minimum,Logistic,ascend,2100,Green River,65,0.7131,0.7131,1.0,0.050629,0.001,0.0016,1,6,150
US,minimum,Logistic,ascend,2100,Black Warrior,23,0.9946,0.9946,1.0,0.070618,0.0014,0.0022,1,7,150
US,minimum,Logistic,ascend,2100,Powder River,144,14.1,14.1,1.0,1.001103,0.0203,0.0314,12,8,150
US,minimum,Logistic,ascend,2100,Laramie,86,41.9294,41.9294,1.0,2.976986,0.0605,0.0935,30,9,140
US,minimum,Logistic,ascend,2100,San Juan,156,35.2356,35.2356,1.0,2.470065,0.0509,0.0776,16,10,120
US,minimum,Logistic,ascend,2100,Cook Inlet,39,72.2377,72.2377,1.0,4.462587,0.1043,0.1402,72,11,110
US,minimum,Logistic,ascend,2100,Palo Duro,130,138.5512,138.5512,1.0,6.999693,0.2,0.2199,132,12,80
US,minimum,Logistic,ascend,2100,Sacramento,152,387.7916,483.5102,0.802,13.706815,0.5596,0.4305,289,13,60
US,minimum,Logistic,ascend,2179,Paradox,133,0.0538,0.0538,1.0,0.008065,0.0038,0.0002,1,1,150
US,minimum,Logistic,ascend,2179,Appalachian,7,0.0887,0.0887,1.0,0.013304,0.0062,0.0003,1,2,150
US,minimum,Logistic,ascend,2179,Denver,43,0.1582,0.1582,1.0,0.023735,0.0111,0.0005,1,3,150
US,minimum,Logistic,ascend,2179,Arkoma,10,0.5332,0.5332,1.0,0.07998,0.0376,0.0016,1,4,150
US,minimum,Logistic,ascend,2179,Big Horn,21,0.5351,0.5351,1.0,0.080265,0.0377,0.0016,1,5,150
US,minimum,Logistic,ascend,2179,Green River,65,0.7131,0.7131,1.0,0.106963,0.0502,0.0022,1,6,150
US,minimum,Logistic,ascend,2179,Black Warrior,23,0.9946,0.9946,1.0,0.149193,0.0701,0.003,1,7,150
US,minimum,Logistic,ascend,2179,Powder River,144,11.1215,14.1,0.7888,2.108527,0.7833,0.043,12,8,150
US,minimum,Logistic,ascend,2179,Laramie,0,0.0,0.0,0.0,5.606135,0.0,0.1143,0,0,0
US,minimum,Logistic,ascend,2179,San Juan,0,0.0,0.0,0.0,4.226099,0.0,0.0862,0,0,0
US,minimum,Logistic,ascend,2179,Cook Inlet,0,0.0,0.0,0.0,7.382302,0.0,0.1505,0,0,0
US,minimum,Logistic,ascend,2179,Palo Duro,0,0.0,0.0,0.0,11.039091,0.0,0.225,0,0,0
US,minimum,Logistic,ascend,2179,Sacramento,0,0.0,0.0,0.0,18.22968,0.0,0.3716,0,0,0
Australia,policy,Gompertz,ascend,2050,Adavale,1,0.2002,0.2002,1.0,0.004205,0.0012,0.003,1,1,150
Australia,policy,Gompertz,ascend,2050,Bowen-Surat,27,0.619,0.619,1.0,0.012998,0.0037,0.0094,1,2,150
Australia,policy,Gompertz,ascend,2050,Canning,31,48.6216,48.6216,1.0,0.785551,0.2884,0.5665,36,3,150
Australia,policy,Gompertz,ascend,2050,Gippsland,63,119.132,129.6462,0.9189,0.583853,0.7067,0.4211,100,4,140
Australia,policy,Gompertz,ascend,2050,Bass,0,0.0,0.0,0.0,0.0,0.0,0.0,0,0,0
Australia,policy,Gompertz,ascend,2050,Perth,0,0.0,0.0,0.0,0.0,0.0,0.0,0,0,0
Australia,policy,Gompertz,ascend,2050,Bonaparte,0,0.0,0.0,0.0,0.0,0.0,0.0,0,0,0
Australia,policy,Gompertz,ascend,2050,North Carnarvon,0,0.0,0.0,0.0,0.0,0.0,0.0,0,0,0
Australia,policy,Gompertz,ascend,2050,Browse,0,0.0,0.0,0.0,0.0,0.0,0.0,0,0,0
Australia,policy,Gompertz,ascend,2100,Adavale,1,0.2002,0.2002,1.0,0.014217,0.0001,0.0002,1,1,150
Australia,policy,Gompertz,ascend,2100,Bowen-Surat,27,0.619,0.619,1.0,0.043946,0.0002,0.0007,1,2,150
Australia,policy,Gompertz,ascend,2100,Canning,31,48.6216,48.6216,1.0,3.21663,0.0176,0.0497,36,3,150
Australia,policy,Gompertz,ascend,2100,Gippsland,63,129.6462,129.6462,1.0,7.066163,0.047,0.1091,100,4,140
Australia,policy,Gompertz,ascend,2100,Bass,17,135.9107,135.9107,1.0,6.348129,0.0493,0.098,132,5,130
Australia,policy,Gompertz,ascend,2100,Perth,139,148.7625,148.7625,1.0,6.167705,0.0539,0.0952,121,6,120
Australia,policy,Gompertz,ascend,2100,Bonaparte,25,363.9823,363.9823,1.0,12.648031,0.132,0.1953,272,7,120
Australia,policy,Gompertz,ascend,2100,North Carnarvon,113,717.3272,717.3272,1.0,17.543981,0.2601,0.2708,676,8,110
Australia,policy,Gompertz,ascend,2100,Browse,28,1212.4052,2479.4362,0.489,11.727133,0.4397,0.181,144,9,100
Australia,policy,Gompertz,ascend,2179,Adavale,1,0.2002,0.2002,1.0,0.030037,0.0001,0.0001,1,1,150
Australia,policy,Gompertz,ascend,2179,Bowen-Surat,27,0.619,0.619,1.0,0.092844,0.0002,0.0003,1,2,150
Australia,policy,Gompertz,ascend,2179,Canning,31,48.6216,48.6216,1.0,7.057734,0.0173,0.0207,36,3,150
Australia,policy,Gompertz,ascend,2179,Gippsland,63,129.6462,129.6462,1.0,17.308212,0.0463,0.0509,100,4,140
Australia,policy,Gompertz,ascend,2179,Bass,17,135.9107,135.9107,1.0,17.085074,0.0485,0.0502,132,5,130
Australia,policy,Gompertz,ascend,2179,Perth,139,148.7625,148.7625,1.0,17.919943,0.0531,0.0527,121,6,120
Australia,policy,Gompertz,ascend,2179,Bonaparte,25,363.9823,363.9823,1.0,41.40263,0.1299,0.1217,272,7,120
Australia,policy,Gompertz,ascend,2179,North Carnarvon,113,717.3272,717.3272,1.0,74.212826,0.256,0.2181,676,8,110
Australia,policy,Gompertz,ascend,2179,Browse,28,1257.3618,2479.4362,0.5071,165.12663,0.4487,0.4853,144,9,100
Australia,policy,Logistic,ascend,2050,Adavale,1,0.2002,0.2002,1.0,0.004205,0.0012,0.0036,1,1,150
Australia,policy,Logistic,ascend,2050,Bowen-Surat,27,0.619,0.619,1.0,0.012998,0.0037,0.011,1,2,150
Australia,policy,Logistic,ascend,2050,Canning,31,65.4729,65.4729,1.0,0.835278,0.3884,0.706,64,3,110
Australia,policy,Logistic,ascend,2050,Gippsland,63,102.2807,177.3312,0.5768,0.330554,0.6067,0.2794,100,4,90
Australia,policy,Logistic,ascend,2050,Bass,0,0.0,0.0,0.0,0.0,0.0,0.0,0,0,0
Australia,policy,Logistic,ascend,2050,Perth,0,0.0,0.0,0.0,0.0,0.0,0.0,0,0,0
Australia,policy,Logistic,ascend,2050,Bonaparte,0,0.0,0.0,0.0,0.0,0.0,0.0,0,0,0
Australia,policy,Logistic,ascend,2050,North Carnarvon,0,0.0,0.0,0.0,0.0,0.0,0.0,0,0,0
Australia,policy,Logistic,ascend,2050,Browse,0,0.0,0.0,0.0,0.0,0.0,0.0,0,0,0
Australia,policy,Logistic,ascend,2100,Adavale,1,0.2002,0.2002,1.0,0.014217,0.0,0.0,1,1,150
Australia,policy,Logistic,ascend,2100,Bowen-Surat,27,0.619,0.619,1.0,0.043946,0.0001,0.0001,1,2,150
Australia,policy,Logistic,ascend,2100,Canning,31,65.4729,65.4729,1.0,4.108922,0.0058,0.0133,64,3,110
Australia,policy,Logistic,ascend,2100,Gippsland,63,177.3312,177.3312,1.0,9.130434,0.0157,0.0295,100,4,90
Australia,policy,Logistic,ascend,2100,Bass,17,224.3478,224.3478,1.0,10.209108,0.0199,0.033,196,5,80
Australia,policy,Logistic,ascend,2100,Perth,139,267.391,267.391,1.0,11.169303,0.0237,0.0361,256,6,70
Australia,policy,Logistic,ascend,2100,Bonaparte,25,731.6423,731.6423,1.0,27.545796,0.0648,0.0891,650,7,60
Australia,policy,Logistic,ascend,2100,North Carnarvon,113,1564.0941,1564.0941,1.0,50.866288,0.1385,0.1646,1024,8,50
Australia,policy,Logistic,ascend,2100,Browse,28,8263.6341,8263.6341,1.0,195.912346,0.7316,0.634,1521,9,30
Australia,policy,Logistic,ascend,2179,Adavale,1,0.2002,0.2002,1.0,0.030037,0.9968,0.0001,1,1,150
Australia,policy,Logistic,ascend,2179,Bowen-Surat,27,0.0007,0.619,0.0011,0.088886,0.0032,0.0002,1,2,150
Australia,policy,Logistic,ascend,2179,Canning,0,0.0,0.0,0.0,7.076872,0.0,0.0171,0,0,0
Australia,policy,Logistic,ascend,2179,Gippsland,0,0.0,0.0,0.0,15.065309,0.0,0.0363,0,0,0
Australia,policy,Logistic,ascend,2179,Bass,0,0.0,0.0,0.0,16.374717,0.0,0.0395,0,0,0
Australia,policy,Logistic,ascend,2179,Perth,0,0.0,0.0,0.0,17.520083,0.0,0.0423,0,0,0
Australia,policy,Logistic,ascend,2179,Bonaparte,0,0.0,0.0,0.0,41.905875,0.0,0.1011,0,0,0
Australia,policy,Logistic,ascend,2179,North Carnarvon,0,0.0,0.0,0.0,73.547556,0.0,0.1774,0,0,0
Australia,policy,Logistic,ascend,2179,Browse,0,0.0,0.0,0.0,242.914201,0.0,0.586,0,0,0
Brazil,policy,Gompertz,ascend,2050,Tucano,189,0.477,0.477,1.0,0.010017,0.0006,0.0014,1,1,150
Brazil,policy,Gompertz,ascend,2050,Reconcavo,148,9.9168,9.9168,1.0,0.208252,0.0124,0.0288,9,2,150
Brazil,policy,Gompertz,ascend,2050,Sergipe-Alagoas,165,20.3301,20.3301,1.0,0.426931,0.0254,0.059,20,3,150
Brazil,policy,Gompertz,ascend,2050,Espirito Santo,53,71.5205,71.5205,1.0,1.435694,0.0892,0.1983,49,4,150
Brazil,policy,Gompertz,ascend,2050,Potiguar,143,80.6804,80.6804,1.0,1.281373,0.1007,0.177,49,5,150
Brazil,policy,Gompertz,ascend,2050,Solimoes,169,183.2199,183.2199,1.0,2.036918,0.2286,0.2813,182,6,140
Brazil,policy,Gompertz,ascend,2050,Campos,30,435.3668,683.8689,0.6366,1.842016,0.5432,0.2544,576,7,130
Brazil,policy,Gompertz,ascend,2050,Barreirinhas-Para-Maranhao,0,0.0,0.0,0.0,0.0,0.0,0.0,0,0,0
Brazil,policy,Gompertz,ascend,2100,Tucano,189,0.477,0.477,1.0,0.033867,0.0001,0.0003,1,1,150
Brazil,policy,Gompertz,ascend,2100,Reconcavo,148,9.9168,9.9168,1.0,0.70409,0.003,0.0053,9,2,150
Brazil,policy,Gompertz,ascend,2100,Sergipe-Alagoas,165,20.3301,20.3301,1.0,1.443435,0.0062,0.0109,20,3,150
Brazil,policy,Gompertz,ascend,2100,Espirito Santo,53,71.5205,71.5205,1.0,5.011718,0.0219,0.038,49,4,150
Brazil,policy,Gompertz,ascend,2100,Potiguar,143,80.6804,80.6804,1.0,5.315392,0.0247,0.0403,49,5,150
Brazil,policy,Gompertz,ascend,2100,Solimoes,169,183.2199,183.2199,1.0,11.197915,0.0561,0.0849,182,6,140
Brazil,policy,Gompertz,ascend,2100,Campos,30,683.8689,683.8689,1.0,35.704224,0.2094,0.2706,576,7,130
Brazil,policy,Gompertz,ascend,2100,Barreirinhas-Para-Maranhao,16,2215.4267,2462.9383,0.8995,72.514766,0.6784,0.5497,342,8,70
Brazil,policy,Gompertz,ascend,2179,Tucano,189,0.477,0.477,1.0,0.07155,0.0007,0.0003,1,1,150
Brazil,policy,Gompertz,ascend,2179,Reconcavo,148,9.9168,9.9168,1.0,1.487514,0.0154,0.0054,9,2,150
Brazil,policy,Gompertz,ascend,2179,Sergipe-Alagoas,165,20.3301,20.3301,1.0,3.04951,0.0315,0.011,20,3,150
Brazil,policy,Gompertz,ascend,2179,Espirito Santo,53,71.5205,71.5205,1.0,10.661835,0.1108,0.0384,49,4,150
Brazil,policy,Gompertz,ascend,2179,Potiguar,143,80.6804,80.6804,1.0,11.689141,0.1249,0.0421,49,5,150
Brazil,policy,Gompertz,ascend,2179,Solimoes,169,183.2199,183.2199,1.0,25.672291,0.2837,0.0924,182,6,140
Brazil,policy,Gompertz,ascend,2179,Campos,30,279.6199,683.8689,0.4089,85.629698,0.433,0.3084,576,7,130
Brazil,policy,Gompertz,ascend,2179,Barreirinhas-Para-Maranhao,0,0.0,0.0,0.0,139.433823,0.0,0.5021,0,0,0
Brazil,policy,Logistic,ascend,2050,Tucano,189,0.4775,0.4775,1.0,0.010028,0.0006,0.0017,1,1,140
Brazil,policy,Logistic,ascend,2050,Reconcavo,148,13.5656,13.5656,1.0,0.284877,0.0169,0.0492,12,2,110
Brazil,policy,Logistic,ascend,2050,Sergipe-Alagoas,165,29.4123,29.4123,1.0,0.617659,0.0367,0.1067,25,3,100
Brazil,policy,Logistic,ascend,2050,Espirito Santo,53,124.4884,124.4884,1.0,1.903424,0.1553,0.3287,100,4,90
Brazil,policy,Logistic,ascend,2050,Potiguar,143,150.81,150.81,1.0,1.368718,0.1882,0.2364,100,5,80
Brazil,policy,Logistic,ascend,2050,Solimoes,169,367.176,367.176,1.0,1.478165,0.4581,0.2553,361,6,70
Brazil,policy,Logistic,ascend,2050,Campos,30,115.5815,1784.8026,0.0648,0.127389,0.1442,0.022,1332,7,50
Brazil,policy,Logistic,ascend,2050,Barreirinhas-Para-Maranhao,0,0.0,0.0,0.0,0.0,0.0,0.0,0,0,0
Brazil,policy,Logistic,ascend,2100,Tucano,189,0.4775,0.4775,1.0,0.033906,0.0003,0.0001,1,1,140
Brazil,policy,Logistic,ascend,2100,Reconcavo,148,13.5656,13.5656,1.0,0.963156,0.0087,0.0033,12,2,110
Brazil,policy,Logistic,ascend,2100,Sergipe-Alagoas,165,29.4123,29.4123,1.0,2.088275,0.0188,0.0072,25,3,100
Brazil,policy,Logistic,ascend,2100,Espirito Santo,53,124.4884,124.4884,1.0,8.127846,0.0796,0.0281,100,4,90
Brazil,policy,Logistic,ascend,2100,Potiguar,143,150.81,150.81,1.0,8.909218,0.0964,0.0308,100,5,80
Brazil,policy,Logistic,ascend,2100,Solimoes,169,367.176,367.176,1.0,19.836966,0.2347,0.0686,361,6,70
Brazil,policy,Logistic,ascend,2100,Campos,30,878.2742,1784.8026,0.4921,79.757273,0.5615,0.2758,1332,7,50
Brazil,policy,Logistic,ascend,2100,Barreirinhas-Para-Maranhao,0,0.0,0.0,0.0,169.435616,0.0,0.586,0,0,0
Brazil,policy,Logistic,ascend,2179,Tucano,189,0.0198,0.4775,0.0414,0.06401,1.0,0.0002,1,1,140
Brazil,policy,Logistic,ascend,2179,Reconcavo,0,0.0,0.0,0.0,1.491496,0.0,0.005,0,0,0
Brazil,policy,Logistic,ascend,2179,Sergipe-Alagoas,0,0.0,0.0,0.0,2.916349,0.0,0.0097,0,0,0
Brazil,policy,Logistic,ascend,2179,Espirito Santo,0,0.0,0.0,0.0,10.52015,0.0,0.0351,0,0,0
Brazil,policy,Logistic,ascend,2179,Potiguar,0,0.0,0.0,0.0,10.868196,0.0,0.0363,0,0,0
Brazil,policy,Logistic,ascend,2179,Solimoes,0,0.0,0.0,0.0,22.757819,0.0,0.0759,0,0,0
Brazil,policy,Logistic,ascend,2179,Campos,0,0.0,0.0,0.0,81.642523,0.0,0.2724,0,0,0
Brazil,policy,Logistic,ascend,2179,Barreirinhas-Para-Maranhao,0,0.0,0.0,0.0,169.435616,0.0,0.5654,0,0,0
Canada,policy,Gompertz,ascend,2050,Beaufort-Mackenzie,18,0.3771,0.3771,1.0,0.007919,0.0063,0.0122,1,1,150
Canada,policy,Gompertz,ascend,2050,Scotian,163,59.6229,348.7283,0.171,0.643632,0.9937,0.9878,342,2,120
Canada,policy,Gompertz,ascend,2050,Grand Banks,0,0.0,0.0,0.0,0.0,0.0,0.0,0,0,0
Canada,policy,Gompertz,ascend,2100,Beaufort-Mackenzie,18,0.3771,0.3771,1.0,0.026773,0.0006,0.0017,1,1,150
Canada,policy,Gompertz,ascend,2100,Scotian,163,348.7283,348.7283,1.0,12.639975,0.5361,0.8238,342,2,120
Canada,policy,Gompertz,ascend,2100,Grand Banks,64,301.4389,652.5342,0.462,2.676487,0.4634,0.1744,484,3,80
Canada,policy,Gompertz,ascend,2179,Beaufort-Mackenzie,18,0.3771,0.3771,1.0,0.056563,0.0004,0.0006,1,1,150
Canada,policy,Gompertz,ascend,2179,Scotian,163,348.7283,348.7283,1.0,40.189508,0.3482,0.4386,342,2,120
Canada,policy,Gompertz,ascend,2179,Grand Banks,64,652.5342,652.5342,1.0,51.383335,0.6515,0.5608,484,3,80
Canada,policy,Logistic,ascend,2050,Beaufort-Mackenzie,18,0.3771,0.3771,1.0,0.007919,0.0063,0.0134,1,1,150
Canada,policy,Logistic,ascend,2050,Scotian,163,59.6229,348.7283,0.171,0.582918,0.9937,0.9866,342,2,120
Canada,policy,Logistic,ascend,2050,Grand Banks,0,0.0,0.0,0.0,0.0,0.0,0.0,0,0,0
Canada,policy,Logistic,ascend,2100,Beaufort-Mackenzie,18,0.3771,0.3771,1.0,0.026773,0.0004,0.0009,1,1,150
Canada,policy,Logistic,ascend,2100,Scotian,163,348.7283,348.7283,1.0,14.535379,0.3741,0.5052,342,2,120
Canada,policy,Logistic,ascend,2100,Grand Banks,64,583.1403,583.1403,1.0,14.207084,0.6255,0.4938,484,3,90
Canada,policy,Logistic,ascend,2179,Beaufort-Mackenzie,18,0.3771,0.3771,1.0,0.056563,0.002,0.0006,1,1,150
Canada,policy,Logistic,ascend,2179,Scotian,163,188.0344,348.7283,0.5392,41.392676,0.998,0.4422,342,2,120
Canada,policy,Logistic,ascend,2179,Grand Banks,0,0.0,0.0,0.0,52.163288,0.0,0.5572,0,0,0
China,policy,Gompertz,ascend,2050,Hailar-Temtsag,69,0.0402,0.0402,1.0,0.000845,0.0002,0.0005,1,1,150
China,policy,Gompertz,ascend,2050,Sichuan,166,0.1036,0.1036,1.0,0.002175,0.0005,0.0012,1,2,150
China,policy,Gompertz,ascend,2050,Santanghu,158,0.1058,0.1058,1.0,0.002223,0.0005,0.0013,1,3,150
China,policy,Gompertz,ascend,2050,Junggar,78,0.3654,0.3654,1.0,0.007673,0.0017,0.0044,1,4,150
China,policy,Gompertz,ascend,2050,Jiuquan,77,0.4616,0.4616,1.0,0.009693,0.0021,0.0055,1,5,150
China,policy,Gompertz,ascend,2050,Sanshui,157,0.5507,0.5507,1.0,0.011565,0.0025,0.0066,1,6,150
China,policy,Gompertz,ascend,2050,Bose,26,0.6099,0.6099,1.0,0.012809,0.0028,0.0073,1,7,150
China,policy,Gompertz,ascend,2050,Qaidam,146,0.6127,0.6127,1.0,0.012866,0.0028,0.0073,1,8,150
China,policy,Gompertz,ascend,2050,Jianghan,76,0.6968,0.6968,1.0,0.014634,0.0032,0.0083,1,9,150
China,policy,Gompertz,ascend,2050,Yilan-Yitong,201,21.066,21.066,1.0,0.417448,0.0975,0.2369,20,10,150
China,policy,Gompertz,ascend,2050,Turpan,192,27.2121,27.2121,1.0,0.393113,0.126,0.2231,25,11,150
China,policy,Gompertz,ascend,2050,Songliao,170,47.3479,47.3479,1.0,0.454666,0.2192,0.2581,42,12,140
China,policy,Gompertz,ascend,2050,Nanxiang,107,73.3188,73.3188,1.0,0.354207,0.3394,0.201,42,13,140
China,policy,Gompertz,ascend,2050,Erlian,52,43.5085,68.8,0.6324,0.067923,0.2014,0.0386,64,14,130
China,policy,Gompertz,ascend,2050,Subei,0,0.0,0.0,0.0,0.0,0.0,0.0,0,0,0
China,policy,Gompertz,ascend,2050,Ordos,0,0.0,0.0,0.0,0.0,0.0,0.0,0,0,0
China,policy,Gompertz,ascend,2050,Beibuwan,0,0.0,0.0,0.0,0.0,0.0,0.0,0,0,0
China,policy,Gompertz,ascend,2050,Bohai Bay,0,0.0,0.0,0.0,0.0,0.0,0.0,0,0,0
China,policy,Gompertz,ascend,2050,Pearl River Mouth,0,0.0,0.0,0.0,0.0,0.0,0.0,0,0,0
China,policy,Gompertz,ascend,2050,Huabei,0,0.0,0.0,0.0,0.0,0.0,0.0,0,0,0
China,policy,Gompertz,ascend,2050,Tarim,0,0.0,0.0,0.0,0.0,0.0,0.0,0,0,0
China,policy,Gompertz,ascend,2100,Hailar-Temtsag,69,0.0402,0.0402,1.0,0.002856,0.0,0.0,1,1,150
China,policy,Gompertz,ascend,2100,Sichuan,166,0.1036,0.1036,1.0,0.007355,0.0001,0.0001,1,2,150
China,policy,Gompertz,ascend,2100,Santanghu,158,0.1058,0.1058,1.0,0.007515,0.0001,0.0001,1,3,150
China,policy,Gompertz,ascend,2100,Junggar,78,0.3654,0.3654,1.0,0.02594,0.0002,0.0004,1,4,150
China,policy,Gompertz,ascend,2100,Jiuquan,77,0.4616,0.4616,1.0,0.03277,0.0003,0.0006,1,5,150
China,policy,Gompertz,ascend,2100,Sanshui,157,0.5507,0.5507,1.0,0.039101,0.0004,0.0007,1,6,150
China,policy,Gompertz,ascend,2100,Bose,26,0.6099,0.6099,1.0,0.043305,0.0004,0.0008,1,7,150
China,policy,Gompertz,ascend,2100,Qaidam,146,0.6127,0.6127,1.0,0.043499,0.0004,0.0008,1,8,150
China,policy,Gompertz,ascend,2100,Jianghan,76,0.6968,0.6968,1.0,0.049476,0.0005,0.0009,1,9,150
China,policy,Gompertz,ascend,2100,Yilan-Yitong,201,21.066,21.066,1.0,1.470747,0.0137,0.0255,20,10,150
China,policy,Gompertz,ascend,2100,Turpan,192,27.2121,27.2121,1.0,1.753718,0.0176,0.0304,25,11,150
China,policy,Gompertz,ascend,2100,Songliao,170,47.3479,47.3479,1.0,2.822061,0.0307,0.0489,42,12,140
China,policy,Gompertz,ascend,2100,Nanxiang,107,73.3188,73.3188,1.0,4.020148,0.0475,0.0697,42,13,140
China,policy,Gompertz,ascend,2100,Erlian,52,68.8,68.8,1.0,3.505689,0.0446,0.0608,64,14,130
China,policy,Gompertz,ascend,2100,Subei,177,94.3679,94.3679,1.0,4.489931,0.0612,0.0778,25,15,130
China,policy,Gompertz,ascend,2100,Ordos,127,103.6211,103.6211,1.0,4.59334,0.0672,0.0796,100,16,130
China,policy,Gompertz,ascend,2100,Beibuwan,19,123.141,123.141,1.0,5.075022,0.0798,0.088,100,17,120
China,policy,Gompertz,ascend,2100,Bohai Bay,24,168.2057,168.2057,1.0,6.352682,0.109,0.1101,144,18,120
China,policy,Gompertz,ascend,2100,Pearl River Mouth,136,226.9791,226.9791,1.0,7.669999,0.1471,0.133,210,19,120
China,policy,Gompertz,ascend,2100,Huabei,70,267.4486,267.4486,1.0,7.852033,0.1733,0.1361,210,20,110
China,policy,Gompertz,ascend,2100,Tarim,183,317.8842,317.8842,1.0,7.829003,0.206,0.1357,256,21,110
China,policy,Gompertz,ascend,2179,Hailar-Temtsag,69,0.0402,0.0402,1.0,0.006034,0.0,0.0,1,1,150
China,policy,Gompertz,ascend,2179,Sichuan,166,0.1036,0.1036,1.0,0.015539,0.0001,0.0001,1,2,150
China,policy,Gompertz,ascend,2179,Santanghu,158,0.1058,0.1058,1.0,0.015877,0.0001,0.0001,1,3,150
China,policy,Gompertz,ascend,2179,Junggar,78,0.3654,0.3654,1.0,0.054804,0.0002,0.0003,1,4,150
China,policy,Gompertz,ascend,2179,Jiuquan,77,0.4616,0.4616,1.0,0.069233,0.0003,0.0004,1,5,150
China,policy,Gompertz,ascend,2179,Sanshui,157,0.5507,0.5507,1.0,0.082608,0.0004,0.0005,1,6,150
China,policy,Gompertz,ascend,2179,Bose,26,0.6099,0.6099,1.0,0.091489,0.0004,0.0005,1,7,150
China,policy,Gompertz,ascend,2179,Qaidam,146,0.6127,0.6127,1.0,0.091899,0.0004,0.0005,1,8,150
China,policy,Gompertz,ascend,2179,Jianghan,76,0.6968,0.6968,1.0,0.104526,0.0005,0.0006,1,9,150
China,policy,Gompertz,ascend,2179,Yilan-Yitong,201,21.066,21.066,1.0,3.13496,0.0137,0.0175,20,10,150
China,policy,Gompertz,ascend,2179,Turpan,192,27.2121,27.2121,1.0,3.903474,0.0176,0.0217,25,11,150
China,policy,Gompertz,ascend,2179,Songliao,170,47.3479,47.3479,1.0,6.562545,0.0307,0.0365,42,12,140
China,policy,Gompertz,ascend,2179,Nanxiang,107,73.3188,73.3188,1.0,9.812335,0.0475,0.0546,42,13,140
China,policy,Gompertz,ascend,2179,Erlian,52,68.8,68.8,1.0,8.940887,0.0446,0.0498,64,14,130
China,policy,Gompertz,ascend,2179,Subei,177,94.3679,94.3679,1.0,11.944995,0.0612,0.0665,25,15,130
China,policy,Gompertz,ascend,2179,Ordos,127,103.6211,103.6211,1.0,12.779407,0.0672,0.0712,100,16,130
China,policy,Gompertz,ascend,2179,Beibuwan,19,123.141,123.141,1.0,14.80316,0.0798,0.0824,100,17,120
China,policy,Gompertz,ascend,2179,Bohai Bay,24,168.2057,168.2057,1.0,19.640929,0.109,0.1094,144,18,120
China,policy,Gompertz,ascend,2179,Pearl River Mouth,136,226.9791,226.9791,1.0,25.601347,0.1471,0.1426,210,19,120
China,policy,Gompertz,ascend,2179,Huabei,70,267.4486,267.4486,1.0,28.980473,0.1733,0.1614,210,20,110
China,policy,Gompertz,ascend,2179,Tarim,183,317.8842,317.8842,1.0,32.941856,0.206,0.1834,256,21,110
China,policy,Logistic,ascend,2050,Hailar-Temtsag,69,0.0402,0.0402,1.0,0.000845,0.0002,0.0006,1,1,150
China,policy,Logistic,ascend,2050,Sichuan,166,0.1036,0.1036,1.0,0.002175,0.0005,0.0015,1,2,150
China,policy,Logistic,ascend,2050,Santanghu,158,0.1058,0.1058,1.0,0.002223,0.0005,0.0015,1,3,150
China,policy,Logistic,ascend,2050,Junggar,78,0.3659,0.3659,1.0,0.007684,0.0017,0.0052,1,4,140
China,policy,Logistic,ascend,2050,Jiuquan,77,0.4622,0.4622,1.0,0.009706,0.0021,0.0066,1,5,140
China,policy,Logistic,ascend,2050,Sanshui,157,0.5521,0.5521,1.0,0.011595,0.0026,0.0078,1,6,130
China,policy,Logistic,ascend,2050,Bose,26,0.611,0.611,1.0,0.01283,0.0028,0.0087,1,7,130
China,policy,Logistic,ascend,2050,Qaidam,146,0.6143,0.6143,1.0,0.012901,0.0028,0.0087,1,8,130
China,policy,Logistic,ascend,2050,Jianghan,76,0.6983,0.6983,1.0,0.014664,0.0032,0.0099,1,9,130
China,policy,Logistic,ascend,2050,Yilan-Yitong,201,28.4258,28.4258,1.0,0.493307,0.1316,0.3335,25,10,110
China,policy,Logistic,ascend,2050,Turpan,192,39.5463,39.5463,1.0,0.401322,0.1831,0.2713,36,11,100
China,policy,Logistic,ascend,2050,Songliao,170,76.3075,76.3075,1.0,0.391842,0.3533,0.2649,72,12,90
China,policy,Logistic,ascend,2050,Nanxiang,107,68.1669,97.2884,0.7007,0.118292,0.3156,0.08,81,13,80
China,policy,Logistic,ascend,2050,Erlian,0,0.0,0.0,0.0,0.0,0.0,0.0,0,0,0
China,policy,Logistic,ascend,2050,Subei,0,0.0,0.0,0.0,0.0,0.0,0.0,0,0,0
China,policy,Logistic,ascend,2050,Ordos,0,0.0,0.0,0.0,0.0,0.0,0.0,0,0,0
China,policy,Logistic,ascend,2050,Beibuwan,0,0.0,0.0,0.0,0.0,0.0,0.0,0,0,0
China,policy,Logistic,ascend,2050,Bohai Bay,0,0.0,0.0,0.0,0.0,0.0,0.0,0,0,0
China,policy,Logistic,ascend,2050,Pearl River Mouth,0,0.0,0.0,0.0,0.0,0.0,0.0,0,0,0
China,policy,Logistic,ascend,2050,Huabei,0,0.0,0.0,0.0,0.0,0.0,0.0,0,0,0
China,policy,Logistic,ascend,2050,Tarim,0,0.0,0.0,0.0,0.0,0.0,0.0,0,0,0
China,policy,Logistic,ascend,2100,Hailar-Temtsag,69,0.0402,0.0402,1.0,0.002856,0.0,0.0,1,1,150
China,policy,Logistic,ascend,2100,Sichuan,166,0.1036,0.1036,1.0,0.007355,0.0,0.0001,1,2,150
China,policy,Logistic,ascend,2100,Santanghu,158,0.1058,0.1058,1.0,0.007515,0.0,0.0001,1,3,150
China,policy,Logistic,ascend,2100,Junggar,78,0.3659,0.3659,1.0,0.025979,0.0001,0.0002,1,4,140
China,policy,Logistic,ascend,2100,Jiuquan,77,0.4622,0.4622,1.0,0.032816,0.0001,0.0003,1,5,140
China,policy,Logistic,ascend,2100,Sanshui,157,0.5521,0.5521,1.0,0.039202,0.0002,0.0003,1,6,130
China,policy,Logistic,ascend,2100,Bose,26,0.611,0.611,1.0,0.043378,0.0002,0.0003,1,7,130
China,policy,Logistic,ascend,2100,Qaidam,146,0.6143,0.6143,1.0,0.043618,0.0002,0.0003,1,8,130
China,policy,Logistic,ascend,2100,Jianghan,76,0.6983,0.6983,1.0,0.049577,0.0002,0.0004,1,9,130
China,policy,Logistic,ascend,2100,Yilan-Yitong,201,28.4258,28.4258,1.0,1.914597,0.0084,0.0146,25,10,110
China,policy,Logistic,ascend,2100,Turpan,192,39.5463,39.5463,1.0,2.378636,0.0117,0.0182,36,11,100
China,policy,Logistic,ascend,2100,Songliao,170,76.3075,76.3075,1.0,4.207218,0.0225,0.0322,72,12,90
China,policy,Logistic,ascend,2100,Nanxiang,107,97.2884,97.2884,1.0,4.982712,0.0287,0.0381,81,13,80
China,policy,Logistic,ascend,2100,Erlian,52,133.5247,133.5247,1.0,6.421443,0.0394,0.0491,121,14,70
China,policy,Logistic,ascend,2100,Subei,177,174.8372,174.8372,1.0,7.93612,0.0516,0.0607,110,15,70
China,policy,Logistic,ascend,2100,Ordos,127,209.1156,209.1156,1.0,9.00247,0.0617,0.0689,156,16,60
China,policy,Logistic,ascend,2100,Beibuwan,19,246.2017,246.2017,1.0,10.104024,0.0726,0.0773,196,17,60
China,policy,Logistic,ascend,2100,Bohai Bay,24,346.0369,346.0369,1.0,13.516828,0.102,0.1034,342,18,60
China,policy,Logistic,ascend,2100,Pearl River Mouth,136,558.94,558.94,1.0,20.594252,0.1648,0.1575,462,19,50
China,policy,Logistic,ascend,2100,Huabei,70,584.7824,584.7824,1.0,20.280106,0.1724,0.1551,441,20,50
China,policy,Logistic,ascend,2100,Tarim,183,892.6962,892.6962,1.0,29.143207,0.2632,0.2229,870,21,40
China,policy,Logistic,ascend,2179,Hailar-Temtsag,69,0.0402,0.0402,1.0,0.006034,0.6992,0.0,1,1,150
China,policy,Logistic,ascend,2179,Sichuan,166,0.0173,0.1036,0.1671,0.015195,0.3008,0.0001,1,2,150
China,policy,Logistic,ascend,2179,Santanghu,0,0.0,0.0,0.0,0.01497,0.0,0.0001,0,0,0
China,policy,Logistic,ascend,2179,Junggar,0,0.0,0.0,0.0,0.049896,0.0,0.0003,0,0,0
China,policy,Logistic,ascend,2179,Jiuquan,0,0.0,0.0,0.0,0.060916,0.0,0.0004,0,0,0
China,policy,Logistic,ascend,2179,Sanshui,0,0.0,0.0,0.0,0.071053,0.0,0.0004,0,0,0
China,policy,Logistic,ascend,2179,Bose,0,0.0,0.0,0.0,0.077143,0.0,0.0004,0,0,0
China,policy,Logistic,ascend,2179,Qaidam,0,0.0,0.0,0.0,0.07646,0.0,0.0004,0,0,0
China,policy,Logistic,ascend,2179,Jianghan,0,0.0,0.0,0.0,0.085826,0.0,0.0005,0,0,0
China,policy,Logistic,ascend,2179,Yilan-Yitong,0,0.0,0.0,0.0,3.094248,0.0,0.018,0,0,0
China,policy,Logistic,ascend,2179,Turpan,0,0.0,0.0,0.0,3.710791,0.0,0.0216,0,0,0
China,policy,Logistic,ascend,2179,Songliao,0,0.0,0.0,0.0,6.396076,0.0,0.0372,0,0,0
China,policy,Logistic,ascend,2179,Nanxiang,0,0.0,0.0,0.0,7.386081,0.0,0.043,0,0,0
China,policy,Logistic,ascend,2179,Erlian,0,0.0,0.0,0.0,9.310106,0.0,0.0542,0,0,0
China,policy,Logistic,ascend,2179,Subei,0,0.0,0.0,0.0,11.244965,0.0,0.0655,0,0,0
China,policy,Logistic,ascend,2179,Ordos,0,0.0,0.0,0.0,12.478329,0.0,0.0727,0,0,0
China,policy,Logistic,ascend,2179,Beibuwan,0,0.0,0.0,0.0,13.687375,0.0,0.0797,0,0,0
China,policy,Logistic,ascend,2179,Bohai Bay,0,0.0,0.0,0.0,17.878365,0.0,0.1041,0,0,0
China,policy,Logistic,ascend,2179,Pearl River Mouth,0,0.0,0.0,0.0,26.37133,0.0,0.1536,0,0,0
China,policy,Logistic,ascend,2179,Huabei,0,0.0,0.0,0.0,25.094563,0.0,0.1461,0,0,0
China,policy,Logistic,ascend,2179,Tarim,0,0.0,0.0,0.0,34.598326,0.0,0.2015,0,0,0
EU,policy,Gompertz,ascend,2050,Baltic,14,0.287,0.287,1.0,0.006027,0.0009,0.0016,1,1,150
EU,policy,Gompertz,ascend,2050,Polish,142,0.4338,0.4338,1.0,0.009111,0.0013,0.0025,1,2,150
EU,policy,Gompertz,ascend,2050,Sava,161,0.499,0.499,1.0,0.010479,0.0015,0.0029,1,3,150
EU,policy,Gompertz,ascend,2050,Transylvanian,187,0.5399,0.5399,1.0,0.011339,0.0016,0.0031,1,4,150
EU,policy,Gompertz,ascend,2050,Drava,48,0.6358,0.6358,1.0,0.013351,0.0019,0.0036,1,5,150
EU,policy,Gompertz,ascend,2050,North Carpathian,114,0.7276,0.7276,1.0,0.015279,0.0022,0.0042,1,6,150
EU,policy,Gompertz,ascend,2050,Crimea-Karkinit,41,0.7257,0.7257,1.0,0.015239,0.0022,0.0042,1,7,150
EU,policy,Gompertz,ascend,2050,Paris,134,0.8687,0.8687,1.0,0.018243,0.0026,0.005,1,8,150
EU,policy,Gompertz,ascend,2050,Zala,203,2.1849,2.1849,1.0,0.045883,0.0066,0.0125,2,9,150
EU,policy,Gompertz,ascend,2050,Vienna,194,14.7895,14.7895,1.0,0.31058,0.0448,0.0847,4,10,150
EU,policy,Gompertz,ascend,2050,Dnieper-Donets,45,22.1816,22.1816,1.0,0.465814,0.0672,0.1271,20,11,150
EU,policy,Gompertz,ascend,2050,Pannonian,131,31.9848,31.9848,1.0,0.644887,0.0969,0.176,30,12,150
EU,policy,Gompertz,ascend,2050,Norwegian,125,38.0984,38.0984,1.0,0.62139,0.1154,0.1696,36,13,150
EU,policy,Gompertz,ascend,2050,Moesian,100,43.4792,43.4792,1.0,0.546385,0.1318,0.1491,42,14,150
EU,policy,Gompertz,ascend,2050,Po,141,52.4242,52.4242,1.0,0.474228,0.1589,0.1294,49,15,140
EU,policy,Gompertz,ascend,2050,North Adriatic,112,58.1862,58.1862,1.0,0.321405,0.1763,0.0877,49,16,140
EU,policy,Gompertz,ascend,2050,Caltanissetta,29,61.9536,103.4618,0.5988,0.135079,0.1877,0.0369,64,17,120
EU,policy,Gompertz,ascend,2050,Lublin,0,0.0,0.0,0.0,0.0,0.0,0.0,0,0,0
EU,policy,Gompertz,ascend,2050,West Barents,0,0.0,0.0,0.0,0.0,0.0,0.0,0,0,0
EU,policy,Gompertz,ascend,2100,Baltic,14,0.287,0.287,1.0,0.020376,0.0003,0.0005,1,1,150
EU,policy,Gompertz,ascend,2100,Polish,142,0.4338,0.4338,1.0,0.030803,0.0005,0.0008,1,2,150
EU,policy,Gompertz,ascend,2100,Sava,161,0.499,0.499,1.0,0.035428,0.0005,0.0009,1,3,150
EU,policy,Gompertz,ascend,2100,Transylvanian,187,0.5399,0.5399,1.0,0.038335,0.0006,0.0009,1,4,150
EU,policy,Gompertz,ascend,2100,Drava,48,0.6358,0.6358,1.0,0.045139,0.0007,0.0011,1,5,150
EU,policy,Gompertz,ascend,2100,North Carpathian,114,0.7276,0.7276,1.0,0.051657,0.0008,0.0013,1,6,150
EU,policy,Gompertz,ascend,2100,Crimea-Karkinit,41,0.7257,0.7257,1.0,0.051522,0.0008,0.0013,1,7,150
EU,policy,Gompertz,ascend,2100,Paris,134,0.8687,0.8687,1.0,0.06168,0.001,0.0015,1,8,150
EU,policy,Gompertz,ascend,2100,Zala,203,2.1849,2.1849,1.0,0.155128,0.0024,0.0038,2,9,150
EU,policy,Gompertz,ascend,2100,Vienna,194,14.7895,14.7895,1.0,1.050056,0.0163,0.0258,4,10,150
EU,policy,Gompertz,ascend,2100,Dnieper-Donets,45,22.1816,22.1816,1.0,1.574896,0.0244,0.0387,20,11,150
EU,policy,Gompertz,ascend,2100,Pannonian,131,31.9848,31.9848,1.0,2.244128,0.0352,0.0552,30,12,150
EU,policy,Gompertz,ascend,2100,Norwegian,125,38.0984,38.0984,1.0,2.526312,0.0419,0.0621,36,13,150
EU,policy,Gompertz,ascend,2100,Moesian,100,43.4792,43.4792,1.0,2.720346,0.0478,0.0669,42,14,150
EU,policy,Gompertz,ascend,2100,Po,141,52.4242,52.4242,1.0,3.095438,0.0576,0.0761,49,15,140
EU,policy,Gompertz,ascend,2100,North Adriatic,112,58.1862,58.1862,1.0,3.230717,0.064,0.0794,49,16,140
EU,policy,Gompertz,ascend,2100,Caltanissetta,29,103.4618,103.4618,1.0,5.283838,0.1137,0.1299,64,17,120
EU,policy,Gompertz,ascend,2100,Lublin,91,175.8436,175.8436,1.0,7.750547,0.1933,0.1905,169,18,100
EU,policy,Gompertz,ascend,2100,West Barents,198,362.3851,484.448,0.748,10.718243,0.3983,0.2634,420,19,40
EU,policy,Gompertz,ascend,2179,Baltic,14,0.287,0.287,1.0,0.043047,0.0012,0.0005,1,1,150
EU,policy,Gompertz,ascend,2179,Polish,142,0.4338,0.4338,1.0,0.065076,0.0019,0.0008,1,2,150
EU,policy,Gompertz,ascend,2179,Sava,161,0.499,0.499,1.0,0.074848,0.0022,0.0009,1,3,150
EU,policy,Gompertz,ascend,2179,Transylvanian,187,0.5399,0.5399,1.0,0.08099,0.0023,0.001,1,4,150
EU,policy,Gompertz,ascend,2179,Drava,48,0.6358,0.6358,1.0,0.095364,0.0028,0.0011,1,5,150
EU,policy,Gompertz,ascend,2179,North Carpathian,114,0.7276,0.7276,1.0,0.109135,0.0032,0.0013,1,6,150
EU,policy,Gompertz,ascend,2179,Crimea-Karkinit,41,0.7257,0.7257,1.0,0.10885,0.0031,0.0013,1,7,150
EU,policy,Gompertz,ascend,2179,Paris,134,0.8687,0.8687,1.0,0.130309,0.0038,0.0015,1,8,150
EU,policy,Gompertz,ascend,2179,Zala,203,2.1849,2.1849,1.0,0.327735,0.0095,0.0039,2,9,150
EU,policy,Gompertz,ascend,2179,Vienna,194,14.7895,14.7895,1.0,2.218429,0.0641,0.0262,4,10,150
EU,policy,Gompertz,ascend,2179,Dnieper-Donets,45,22.1816,22.1816,1.0,3.327246,0.0961,0.0393,20,11,150
EU,policy,Gompertz,ascend,2179,Pannonian,131,31.9848,31.9848,1.0,4.770928,0.1385,0.0564,30,12,150
EU,policy,Gompertz,ascend,2179,Norwegian,125,38.0984,38.0984,1.0,5.536087,0.165,0.0654,36,13,150
EU,policy,Gompertz,ascend,2179,Moesian,100,43.4792,43.4792,1.0,6.155204,0.1883,0.0727,42,14,150
EU,policy,Gompertz,ascend,2179,Po,141,52.4242,52.4242,1.0,7.236949,0.2271,0.0855,49,15,140
EU,policy,Gompertz,ascend,2179,North Adriatic,112,21.0201,58.1862,0.3613,7.688877,0.091,0.0909,49,16,140
EU,policy,Gompertz,ascend,2179,Caltanissetta,0,0.0,0.0,0.0,11.981066,0.0,0.1416,0,0,0
EU,policy,Gompertz,ascend,2179,Lublin,0,0.0,0.0,0.0,16.20537,0.0,0.1915,0,0,0
EU,policy,Gompertz,ascend,2179,West Barents,0,0.0,0.0,0.0,18.473462,0.0,0.2183,0,0,0
EU,policy,Logistic,ascend,2050,Baltic,14,0.287,0.287,1.0,0.006027,0.0009,0.002,1,1,150
EU,policy,Logistic,ascend,2050,Polish,142,0.4338,0.4338,1.0,0.009111,0.0013,0.003,1,2,150
EU,policy,Logistic,ascend,2050,Sava,161,0.4996,0.4996,1.0,0.010491,0.0015,0.0035,1,3,140
EU,policy,Logistic,ascend,2050,Transylvanian,187,0.5405,0.5405,1.0,0.01135,0.0016,0.0037,1,4,140
EU,policy,Logistic,ascend,2050,Drava,48,0.6367,0.6367,1.0,0.013371,0.0019,0.0044,1,5,140
EU,policy,Logistic,ascend,2050,North Carpathian,114,0.7292,0.7292,1.0,0.015313,0.0022,0.0051,1,6,130
EU,policy,Logistic,ascend,2050,Crimea-Karkinit,41,0.7277,0.7277,1.0,0.015282,0.0022,0.005,1,7,130
EU,policy,Logistic,ascend,2050,Paris,134,0.8708,0.8708,1.0,0.018288,0.0026,0.006,1,8,130
EU,policy,Logistic,ascend,2050,Zala,203,2.1911,2.1911,1.0,0.046013,0.0066,0.0152,2,9,130
EU,policy,Logistic,ascend,2050,Vienna,194,16.1203,16.1203,1.0,0.338527,0.0488,0.1117,16,10,120
EU,policy,Logistic,ascend,2050,Dnieper-Donets,45,33.3977,33.3977,1.0,0.675203,0.1012,0.2228,30,11,110
EU,policy,Logistic,ascend,2050,Pannonian,131,49.2757,49.2757,1.0,0.714998,0.1493,0.236,49,12,100
EU,policy,Logistic,ascend,2050,Norwegian,125,61.0074,61.0074,1.0,0.573689,0.1849,0.1893,56,13,90
EU,policy,Logistic,ascend,2050,Moesian,100,79.744,79.744,1.0,0.421672,0.2416,0.1392,72,14,80
EU,policy,Logistic,ascend,2050,Po,141,83.5385,105.3385,0.793,0.160686,0.2531,0.053,100,15,70
EU,policy,Logistic,ascend,2050,North Adriatic,0,0.0,0.0,0.0,0.0,0.0,0.0,0,0,0
EU,policy,Logistic,ascend,2050,Caltanissetta,0,0.0,0.0,0.0,0.0,0.0,0.0,0,0,0
EU,policy,Logistic,ascend,2050,Lublin,0,0.0,0.0,0.0,0.0,0.0,0.0,0,0,0
EU,policy,Logistic,ascend,2050,West Barents,0,0.0,0.0,0.0,0.0,0.0,0.0,0,0,0
EU,policy,Logistic,ascend,2050,Northern North Sea,0,0.0,0.0,0.0,0.0,0.0,0.0,0,0,0
EU,policy,Logistic,ascend,2100,Baltic,14,0.287,0.287,1.0,0.020376,0.0003,0.0002,1,1,150
EU,policy,Logistic,ascend,2100,Polish,142,0.4338,0.4338,1.0,0.030803,0.0004,0.0004,1,2,150
EU,policy,Logistic,ascend,2100,Sava,161,0.4996,0.4996,1.0,0.035471,0.0005,0.0004,1,3,140
EU,policy,Logistic,ascend,2100,Transylvanian,187,0.5405,0.5405,1.0,0.038375,0.0005,0.0005,1,4,140
EU,policy,Logistic,ascend,2100,Drava,48,0.6367,0.6367,1.0,0.045208,0.0006,0.0005,1,5,140
EU,policy,Logistic,ascend,2100,North Carpathian,114,0.7292,0.7292,1.0,0.051772,0.0007,0.0006,1,6,130
EU,policy,Logistic,ascend,2100,Crimea-Karkinit,41,0.7277,0.7277,1.0,0.051668,0.0007,0.0006,1,7,130
EU,policy,Logistic,ascend,2100,Paris,134,0.8708,0.8708,1.0,0.06183,0.0008,0.0008,1,8,130
EU,policy,Logistic,ascend,2100,Zala,203,2.1911,2.1911,1.0,0.155568,0.002,0.0019,2,9,130
EU,policy,Logistic,ascend,2100,Vienna,194,16.1203,16.1203,1.0,1.144543,0.0147,0.0139,16,10,120
EU,policy,Logistic,ascend,2100,Dnieper-Donets,45,33.3977,33.3977,1.0,2.345085,0.0305,0.0285,30,11,110
EU,policy,Logistic,ascend,2100,Pannonian,131,49.2757,49.2757,1.0,3.178782,0.045,0.0387,49,12,100
EU,policy,Logistic,ascend,2100,Norwegian,125,61.0074,61.0074,1.0,3.624057,0.0557,0.0441,56,13,90
EU,policy,Logistic,ascend,2100,Moesian,100,79.744,79.744,1.0,4.40887,0.0728,0.0536,72,14,80
EU,policy,Logistic,ascend,2100,Po,141,105.3385,105.3385,1.0,5.427612,0.0962,0.066,100,15,70
EU,policy,Logistic,ascend,2100,North Adriatic,112,134.8059,134.8059,1.0,6.48429,0.1231,0.0789,100,16,60
EU,policy,Logistic,ascend,2100,Caltanissetta,29,163.9078,163.9078,1.0,7.344803,0.1497,0.0893,156,17,60
EU,policy,Logistic,ascend,2100,Lublin,91,348.7679,348.7679,1.0,14.191818,0.3185,0.1726,324,18,50
EU,policy,Logistic,ascend,2100,West Barents,198,95.9023,484.448,0.198,16.203195,0.0876,0.1971,420,19,40
EU,policy,Logistic,ascend,2100,Northern North Sea,0,0.0,0.0,0.0,17.380134,0.0,0.2114,0,0,0
EU,policy,Logistic,ascend,2179,Baltic,14,0.287,0.287,1.0,0.043047,0.81,0.0005,1,1,150
EU,policy,Logistic,ascend,2179,Polish,142,0.0673,0.4338,0.1551,0.063506,0.19,0.0007,1,2,150
EU,policy,Logistic,ascend,2179,Sava,0,0.0,0.0,0.0,0.069953,0.0,0.0007,0,0,0
EU,policy,Logistic,ascend,2179,Transylvanian,0,0.0,0.0,0.0,0.073444,0.0,0.0008,0,0,0
EU,policy,Logistic,ascend,2179,Drava,0,0.0,0.0,0.0,0.084502,0.0,0.0009,0,0,0
EU,policy,Logistic,ascend,2179,North Carpathian,0,0.0,0.0,0.0,0.094782,0.0,0.001,0,0,0
EU,policy,Logistic,ascend,2179,Crimea-Karkinit,0,0.0,0.0,0.0,0.092969,0.0,0.001,0,0,0
EU,policy,Logistic,ascend,2179,Paris,0,0.0,0.0,0.0,0.10954,0.0,0.0012,0,0,0
EU,policy,Logistic,ascend,2179,Zala,0,0.0,0.0,0.0,0.269353,0.0,0.0029,0,0,0
EU,policy,Logistic,ascend,2179,Vienna,0,0.0,0.0,0.0,1.843717,0.0,0.0197,0,0,0
EU,policy,Logistic,ascend,2179,Dnieper-Donets,0,0.0,0.0,0.0,3.475025,0.0,0.0371,0,0,0
EU,policy,Logistic,ascend,2179,Pannonian,0,0.0,0.0,0.0,4.500581,0.0,0.0481,0,0,0
EU,policy,Logistic,ascend,2179,Norwegian,0,0.0,0.0,0.0,4.949587,0.0,0.0529,0,0,0
EU,policy,Logistic,ascend,2179,Moesian,0,0.0,0.0,0.0,5.810931,0.0,0.0621,0,0,0
EU,policy,Logistic,ascend,2179,Po,0,0.0,0.0,0.0,6.887782,0.0,0.0736,0,0,0
EU,policy,Logistic,ascend,2179,North Adriatic,0,0.0,0.0,0.0,7.885154,0.0,0.0842,0,0,0
EU,policy,Logistic,ascend,2179,Caltanissetta,0,0.0,0.0,0.0,8.518058,0.0,0.091,0,0,0
EU,policy,Logistic,ascend,2179,Lublin,0,0.0,0.0,0.0,15.241366,0.0,0.1628,0,0,0
EU,policy,Logistic,ascend,2179,West Barents,0,0.0,0.0,0.0,16.215234,0.0,0.1732,0,0,0
EU,policy,Logistic,ascend,2179,Northern North Sea,0,0.0,0.0,0.0,17.380134,0.0,0.1857,0,0,0
Indonesia,policy,Gompertz,ascend,2050,Salawati,153,0.7002,0.7002,1.0,0.014704,0.0161,0.0374,1,1,150
Indonesia,policy,Gompertz,ascend,2050,Sunda,178,25.6282,25.6282,1.0,0.324989,0.5892,0.8261,16,2,150
Indonesia,policy,Gompertz,ascend,2050,North Java,118,17.1654,36.2007,0.4742,0.053686,0.3947,0.1365,36,3,120
Indonesia,policy,Gompertz,ascend,2050,Central Sumatra,0,0.0,0.0,0.0,0.0,0.0,0.0,0,0,0
Indonesia,policy,Gompertz,ascend,2050,Tarakan-Muara,0,0.0,0.0,0.0,0.0,0.0,0.0,0,0,0
Indonesia,policy,Gompertz,ascend,2100,Salawati,153,0.7002,0.7002,1.0,0.049715,0.004,0.007,1,1,150
Indonesia,policy,Gompertz,ascend,2100,Sunda,178,25.6282,25.6282,1.0,1.606398,0.1476,0.227,16,2,150
Indonesia,policy,Gompertz,ascend,2100,North Java,118,36.2007,36.2007,1.0,1.825312,0.2086,0.2579,36,3,120
Indonesia,policy,Gompertz,ascend,2100,Central Sumatra,35,56.1293,56.1293,1.0,2.19996,0.3234,0.3108,56,4,80
Indonesia,policy,Gompertz,ascend,2100,Tarakan-Muara,180,54.9179,68.3814,0.8031,1.396622,0.3164,0.1973,36,5,70
Indonesia,policy,Gompertz,ascend,2179,Salawati,153,0.7002,0.7002,1.0,0.105031,0.0209,0.0071,1,1,150
Indonesia,policy,Gompertz,ascend,2179,Sunda,178,25.6282,25.6282,1.0,3.631023,0.7643,0.2462,16,2,150
Indonesia,policy,Gompertz,ascend,2179,North Java,118,7.2034,36.2007,0.199,4.305421,0.2148,0.2919,36,3,120
Indonesia,policy,Gompertz,ascend,2179,Central Sumatra,0,0.0,0.0,0.0,4.479518,0.0,0.3037,0,0,0
Indonesia,policy,Gompertz,ascend,2179,Tarakan-Muara,0,0.0,0.0,0.0,2.227823,0.0,0.1511,0,0,0
Indonesia,policy,Logistic,ascend,2050,Salawati,153,0.7024,0.7024,1.0,0.014751,0.0161,0.0469,1,1,120
Indonesia,policy,Logistic,ascend,2050,Sunda,178,30.8808,30.8808,1.0,0.279897,0.71,0.8908,16,2,80
Indonesia,policy,Logistic,ascend,2050,North Java,118,11.9106,83.7064,0.1423,0.019549,0.2738,0.0622,81,3,50
Indonesia,policy,Logistic,ascend,2050,Central Sumatra,0,0.0,0.0,0.0,0.0,0.0,0.0,0,0,0
Indonesia,policy,Logistic,ascend,2050,Tarakan-Muara,0,0.0,0.0,0.0,0.0,0.0,0.0,0,0,0
Indonesia,policy,Logistic,ascend,2050,Banggai-Sula,0,0.0,0.0,0.0,0.0,0.0,0.0,0,0,0
Indonesia,policy,Logistic,ascend,2100,Salawati,153,0.7024,0.7024,1.0,0.049872,0.0087,0.0033,1,1,120
Indonesia,policy,Logistic,ascend,2100,Sunda,178,30.8808,30.8808,1.0,1.823936,0.3821,0.1189,16,2,80
Indonesia,policy,Logistic,ascend,2100,North Java,118,49.2452,83.7064,0.5883,3.872984,0.6093,0.2525,81,3,50
Indonesia,policy,Logistic,ascend,2100,Central Sumatra,0,0.0,0.0,0.0,3.764041,0.0,0.2454,0,0,0
Indonesia,policy,Logistic,ascend,2100,Tarakan-Muara,0,0.0,0.0,0.0,3.652588,0.0,0.2381,0,0,0
Indonesia,policy,Logistic,ascend,2100,Banggai-Sula,0,0.0,0.0,0.0,2.176205,0.0,0.1419,0,0,0
Indonesia,policy,Logistic,ascend,2179,Salawati,153,0.001,0.7024,0.0014,0.077935,1.0,0.0049,1,1,120
Indonesia,policy,Logistic,ascend,2179,Sunda,0,0.0,0.0,0.0,2.219486,0.0,0.1397,0,0,0
Indonesia,policy,Logistic,ascend,2179,North Java,0,0.0,0.0,0.0,3.99328,0.0,0.2514,0,0,0
Indonesia,policy,Logistic,ascend,2179,Central Sumatra,0,0.0,0.0,0.0,3.764041,0.0,0.237,0,0,0
Indonesia,policy,Logistic,ascend,2179,Tarakan-Muara,0,0.0,0.0,0.0,3.652588,0.0,0.23,0,0,0
Indonesia,policy,Logistic,ascend,2179,Banggai-Sula,0,0.0,0.0,0.0,2.176205,0.0,0.137,0,0,0
Middle East,policy,Gompertz,ascend,2050,Gaziantep,60,0.1836,0.1836,1.0,0.003856,0.0011,0.0024,1,1,150
Middle East,policy,Gompertz,ascend,2050,Diyarbakir,44,0.3281,0.3281,1.0,0.00689,0.002,0.0042,1,2,150
Middle East,policy,Gompertz,ascend,2050,Sinjar,167,36.4996,36.4996,1.0,0.709579,0.2189,0.434,36,3,150
Middle East,policy,Gompertz,ascend,2050,Sabatayn,151,129.7318,130.2296,0.9962,0.914523,0.778,0.5594,110,4,130
Middle East,policy,Gompertz,ascend,2050,Al Daww,0,0.0,0.0,0.0,0.0,0.0,0.0,0,0,0
Middle East,policy,Gompertz,ascend,2100,Gaziantep,60,0.1836,0.1836,1.0,0.013038,0.0004,0.0006,1,1,150
Middle East,policy,Gompertz,ascend,2100,Diyarbakir,44,0.3281,0.3281,1.0,0.023294,0.0007,0.001,1,2,150
Middle East,policy,Gompertz,ascend,2100,Sinjar,167,36.4996,36.4996,1.0,2.534559,0.0747,0.1135,36,3,150
Middle East,policy,Gompertz,ascend,2100,Sabatayn,151,130.2296,130.2296,1.0,7.426002,0.2665,0.3327,110,4,130
Middle East,policy,Gompertz,ascend,2100,Al Daww,3,321.4204,363.0875,0.8852,12.325303,0.6578,0.5522,361,5,60
Middle East,policy,Gompertz,ascend,2179,Gaziantep,60,0.1836,0.1836,1.0,0.027546,0.0022,0.0006,1,1,150
Middle East,policy,Gompertz,ascend,2179,Diyarbakir,44,0.3281,0.3281,1.0,0.049214,0.0039,0.0012,1,2,150
Middle East,policy,Gompertz,ascend,2179,Sinjar,167,36.4996,36.4996,1.0,5.418027,0.4332,0.1269,36,3,150
Middle East,policy,Gompertz,ascend,2179,Sabatayn,151,47.2503,130.2296,0.3628,16.539568,0.5608,0.3873,110,4,130
Middle East,policy,Gompertz,ascend,2179,Al Daww,0,0.0,0.0,0.0,20.669229,0.0,0.484,0,0,0
Middle East,policy,Logistic,ascend,2050,Gaziantep,60,0.1839,0.1839,1.0,0.003862,0.0011,0.003,1,1,140
Middle East,policy,Logistic,ascend,2050,Diyarbakir,44,0.3288,0.3288,1.0,0.006905,0.002,0.0053,1,2,130
Middle East,policy,Logistic,ascend,2050,Sinjar,167,58.4715,58.4715,1.0,0.869528,0.3507,0.6646,56,3,90
Middle East,policy,Logistic,ascend,2050,Sabatayn,151,107.7589,282.8197,0.381,0.427961,0.6463,0.3271,225,4,60
Middle East,policy,Logistic,ascend,2050,Al Daww,0,0.0,0.0,0.0,0.0,0.0,0.0,0,0,0
Middle East,policy,Logistic,ascend,2050,Sayun-Masila,0,0.0,0.0,0.0,0.0,0.0,0.0,0,0,0
Middle East,policy,Logistic,ascend,2100,Gaziantep,60,0.1839,0.1839,1.0,0.013057,0.0007,0.0003,1,1,140
Middle East,policy,Logistic,ascend,2100,Diyarbakir,44,0.3288,0.3288,1.0,0.023347,0.0012,0.0005,1,2,130
Middle East,policy,Logistic,ascend,2100,Sinjar,167,58.4715,58.4715,1.0,3.793102,0.2187,0.0872,56,3,90
Middle East,policy,Logistic,ascend,2100,Sabatayn,151,208.3279,282.8197,0.7366,13.953979,0.7793,0.3209,225,4,60
Middle East,policy,Logistic,ascend,2100,Al Daww,0,0.0,0.0,0.0,20.831989,0.0,0.479,0,0,0
Middle East,policy,Logistic,ascend,2100,Sayun-Masila,0,0.0,0.0,0.0,4.871302,0.0,0.112,0,0,0
Middle East,policy,Logistic,ascend,2179,Gaziantep,60,0.0099,0.1839,0.0536,0.024706,1.0,0.0005,1,1,140
Middle East,policy,Logistic,ascend,2179,Diyarbakir,0,0.0,0.0,0.0,0.040275,0.0,0.0009,0,0,0
Middle East,policy,Logistic,ascend,2179,Sinjar,0,0.0,0.0,0.0,4.909873,0.0,0.1079,0,0,0
Middle East,policy,Logistic,ascend,2179,Sabatayn,0,0.0,0.0,0.0,14.828516,0.0,0.3259,0,0,0
Middle East,policy,Logistic,ascend,2179,Al Daww,0,0.0,0.0,0.0,20.831989,0.0,0.4578,0,0,0
Middle East,policy,Logistic,ascend,2179,Sayun-Masila,0,0.0,0.0,0.0,4.871302,0.0,0.107,0,0,0
Thailand,policy,Gompertz,ascend,2050,Kra-Gulf of Thailand,80,11.2461,34.3442,0.3275,0.095324,1.0,1.0,30,1,130
Thailand,policy,Gompertz,ascend,2050,Pattani,0,0.0,0.0,0.0,0.0,0.0,0.0,0,0,0
Thailand,policy,Gompertz,ascend,2100,Kra-Gulf of Thailand,80,34.3442,34.3442,1.0,1.634886,0.363,0.5726,30,1,130
Thailand,policy,Gompertz,ascend,2100,Pattani,135,60.2579,325.7147,0.185,1.220343,0.637,0.4274,12,2,120
Thailand,policy,Gompertz,ascend,2179,Kra-Gulf of Thailand,80,34.3442,34.3442,1.0,4.348081,0.8709,0.4925,30,1,130
Thailand,policy,Gompertz,ascend,2179,Pattani,135,5.0929,325.7147,0.0156,4.480024,0.1291,0.5075,12,2,120
Thailand,policy,Logistic,ascend,2050,Kra-Gulf of Thailand,80,11.2461,60.9149,0.1846,0.078622,1.0,1.0,49,1,60
Thailand,policy,Logistic,ascend,2050,Pattani,0,0.0,0.0,0.0,0.0,0.0,0.0,0,0,0
Thailand,policy,Logistic,ascend,2100,Kra-Gulf of Thailand,80,60.9149,60.9149,1.0,2.77809,0.5517,0.2852,49,1,60
Thailand,policy,Logistic,ascend,2100,Pattani,135,49.5008,782.2883,0.0633,6.963656,0.4483,0.7148,49,2,50
Thailand,policy,Logistic,ascend,2179,Kra-Gulf of Thailand,80,0.0011,60.9149,0.0,3.453085,1.0,0.329,49,1,60
Thailand,policy,Logistic,ascend,2179,Pattani,0,0.0,0.0,0.0,7.043197,0.0,0.671,0,0,0
UK,policy,Gompertz,ascend,2050,East Midlands,51,10.5738,10.5738,1.0,0.22205,0.0604,0.1312,9,1,150
UK,policy,Gompertz,ascend,2050,Southern North Sea,176,43.7188,43.7188,1.0,0.752776,0.2498,0.4447,42,2,150
UK,policy,Gompertz,ascend,2050,Wessex,197,63.0608,63.0608,1.0,0.554158,0.3603,0.3273,49,3,140
UK,policy,Gompertz,ascend,2050,Moray Firth,101,57.6466,120.1381,0.4798,0.163966,0.3294,0.0969,100,4,130
UK,policy,Gompertz,ascend,2050,Central North Sea,0,0.0,0.0,0.0,0.0,0.0,0.0,0,0,0
UK,policy,Gompertz,ascend,2050,Faroe-Shetland,0,0.0,0.0,0.0,0.0,0.0,0.0,0,0,0
UK,policy,Gompertz,ascend,2100,East Midlands,51,10.5738,10.5738,1.0,0.75074,0.0137,0.0259,9,1,150
UK,policy,Gompertz,ascend,2100,Southern North Sea,176,43.7188,43.7188,1.0,2.938714,0.0568,0.1014,42,2,150
UK,policy,Gompertz,ascend,2100,Wessex,197,63.0608,63.0608,1.0,3.707198,0.082,0.128,49,3,140
UK,policy,Gompertz,ascend,2100,Moray Firth,101,120.1381,120.1381,1.0,6.060694,0.1562,0.2092,100,4,130
UK,policy,Gompertz,ascend,2100,Central North Sea,34,264.5076,264.5076,1.0,10.092843,0.3438,0.3484,256,5,100
UK,policy,Gompertz,ascend,2100,Faroe-Shetland,55,267.3038,1080.228,0.2475,5.422776,0.3475,0.1872,16,6,80
UK,policy,Gompertz,ascend,2179,East Midlands,51,10.5738,10.5738,1.0,1.586069,0.0474,0.0229,9,1,150
UK,policy,Gompertz,ascend,2179,Southern North Sea,176,43.7188,43.7188,1.0,6.392495,0.196,0.0924,42,2,150
UK,policy,Gompertz,ascend,2179,Wessex,197,63.0608,63.0608,1.0,8.689001,0.2827,0.1256,49,3,140
UK,policy,Gompertz,ascend,2179,Moray Firth,101,105.6742,120.1381,0.8796,15.524258,0.4738,0.2244,100,4,130
UK,policy,Gompertz,ascend,2179,Central North Sea,0,0.0,0.0,0.0,25.060998,0.0,0.3623,0,0,0
UK,policy,Gompertz,ascend,2179,Faroe-Shetland,0,0.0,0.0,0.0,11.914633,0.0,0.1723,0,0,0
UK,policy,Logistic,ascend,2050,East Midlands,51,13.7121,13.7121,1.0,0.287954,0.0784,0.2072,12,1,120
UK,policy,Logistic,ascend,2050,Southern North Sea,176,69.5751,69.5751,1.0,0.811879,0.3976,0.5843,56,2,90
UK,policy,Logistic,ascend,2050,Wessex,197,91.7128,122.2986,0.7499,0.289666,0.5241,0.2085,49,3,70
UK,policy,Logistic,ascend,2050,Moray Firth,0,0.0,0.0,0.0,0.0,0.0,0.0,0,0,0
UK,policy,Logistic,ascend,2050,Central North Sea,0,0.0,0.0,0.0,0.0,0.0,0.0,0,0,0
UK,policy,Logistic,ascend,2050,Faroe-Shetland,0,0.0,0.0,0.0,0.0,0.0,0.0,0,0,0
UK,policy,Logistic,ascend,2100,East Midlands,51,13.7121,13.7121,1.0,0.973559,0.0173,0.0136,12,1,120
UK,policy,Logistic,ascend,2100,Southern North Sea,176,69.5751,69.5751,1.0,4.290633,0.0876,0.0601,56,2,90
UK,policy,Logistic,ascend,2100,Wessex,197,122.2986,122.2986,1.0,6.396682,0.1541,0.0896,49,3,70
UK,policy,Logistic,ascend,2100,Moray Firth,101,244.0222,244.0222,1.0,11.100496,0.3074,0.1554,196,4,60
UK,policy,Logistic,ascend,2100,Central North Sea,34,344.1967,665.8661,0.5169,24.397946,0.4336,0.3416,600,5,40
UK,policy,Logistic,ascend,2100,Faroe-Shetland,0,0.0,0.0,0.0,24.253121,0.0,0.3396,0,0,0
UK,policy,Logistic,ascend,2179,East Midlands,51,0.043,13.7121,0.0031,1.533636,1.0,0.0197,12,1,120
UK,policy,Logistic,ascend,2179,Southern North Sea,0,0.0,0.0,0.0,5.944179,0.0,0.0763,0,0,0
UK,policy,Logistic,ascend,2179,Wessex,0,0.0,0.0,0.0,8.159739,0.0,0.1048,0,0,0
UK,policy,Logistic,ascend,2179,Moray Firth,0,0.0,0.0,0.0,12.950831,0.0,0.1663,0,0,0
UK,policy,Logistic,ascend,2179,Central North Sea,0,0.0,0.0,0.0,25.051686,0.0,0.3216,0,0,0
UK,policy,Logistic,ascend,2179,Faroe-Shetland,0,0.0,0.0,0.0,24.253121,0.0,0.3114,0,0,0
US,policy,Gompertz,ascend,2050,Paradox,133,0.0538,0.0538,1.0,0.001129,0.0001,0.0001,1,1,150
US,policy,Gompertz,ascend,2050,Appalachian,7,0.0887,0.0887,1.0,0.001863,0.0001,0.0002,1,2,150
US,policy,Gompertz,ascend,2050,Denver,43,0.1582,0.1582,1.0,0.003323,0.0002,0.0003,1,3,150
US,policy,Gompertz,ascend,2050,Arkoma,10,0.5332,0.5332,1.0,0.011197,0.0005,0.001,1,4,150
US,policy,Gompertz,ascend,2050,Big Horn,21,0.5351,0.5351,1.0,0.011237,0.0005,0.001,1,5,150
US,policy,Gompertz,ascend,2050,Green River,65,0.7131,0.7131,1.0,0.014975,0.0007,0.0014,1,6,150
US,policy,Gompertz,ascend,2050,Black Warrior,23,0.9946,0.9946,1.0,0.020887,0.001,0.0019,1,7,150
US,policy,Gompertz,ascend,2050,Powder River,144,14.1,14.1,1.0,0.296101,0.0141,0.027,12,8,150
US,policy,Gompertz,ascend,2050,Laramie,86,40.7726,40.7726,1.0,0.856225,0.0408,0.0781,30,9,150
US,policy,Gompertz,ascend,2050,San Juan,156,30.4637,30.4637,1.0,0.639737,0.0305,0.0583,16,10,150
US,policy,Gompertz,ascend,2050,Cook Inlet,39,55.1146,55.1146,1.0,1.157407,0.0551,0.1056,49,11,150
US,policy,Gompertz,ascend,2050,Palo Duro,130,71.3579,71.3579,1.0,1.453581,0.0714,0.1326,64,12,150
US,policy,Gompertz,ascend,2050,Sacramento,152,191.4763,191.4763,1.0,2.965388,0.1915,0.2704,156,13,150
US,policy,Gompertz,ascend,2050,Fort Worth,57,408.5041,408.5041,1.0,3.152511,0.4085,0.2875,380,14,140
US,policy,Gompertz,ascend,2050,San Joaquin,154,185.134,534.0342,0.3467,0.379093,0.1851,0.0346,380,15,130
US,policy,Gompertz,ascend,2050,Los Angeles,0,0.0,0.0,0.0,0.0,0.0,0.0,0,0,0
US,policy,Gompertz,ascend,2050,Anadarko,0,0.0,0.0,0.0,0.0,0.0,0.0,0,0,0
US,policy,Gompertz,ascend,2100,Paradox,133,0.0538,0.0538,1.0,0.003817,0.0,0.0,1,1,150
US,policy,Gompertz,ascend,2100,Appalachian,7,0.0887,0.0887,1.0,0.006297,0.0,0.0,1,2,150
US,policy,Gompertz,ascend,2100,Denver,43,0.1582,0.1582,1.0,0.011234,0.0,0.0001,1,3,150
US,policy,Gompertz,ascend,2100,Arkoma,10,0.5332,0.5332,1.0,0.037857,0.0001,0.0003,1,4,150
US,policy,Gompertz,ascend,2100,Big Horn,21,0.5351,0.5351,1.0,0.037992,0.0001,0.0003,1,5,150
US,policy,Gompertz,ascend,2100,Green River,65,0.7131,0.7131,1.0,0.050629,0.0002,0.0003,1,6,150
US,policy,Gompertz,ascend,2100,Black Warrior,23,0.9946,0.9946,1.0,0.070618,0.0002,0.0005,1,7,150
US,policy,Gompertz,ascend,2100,Powder River,144,14.1,14.1,1.0,1.001103,0.0034,0.0066,12,8,150
US,policy,Gompertz,ascend,2100,Laramie,86,40.7726,40.7726,1.0,2.894856,0.0099,0.0191,30,9,150
US,policy,Gompertz,ascend,2100,San Juan,156,30.4637,30.4637,1.0,2.162921,0.0074,0.0143,16,10,150
US,policy,Gompertz,ascend,2100,Cook Inlet,39,55.1146,55.1146,1.0,3.913137,0.0133,0.0259,49,11,150
US,policy,Gompertz,ascend,2100,Palo Duro,130,71.3579,71.3579,1.0,5.021478,0.0173,0.0332,64,12,150
US,policy,Gompertz,ascend,2100,Sacramento,152,191.4763,191.4763,1.0,12.539202,0.0463,0.0829,156,13,150
US,policy,Gompertz,ascend,2100,Fort Worth,57,408.5041,408.5041,1.0,23.577718,0.0988,0.1559,380,14,140
US,policy,Gompertz,ascend,2100,San Joaquin,154,534.0342,534.0342,1.0,26.327388,0.1292,0.1741,380,15,130
US,policy,Gompertz,ascend,2100,Los Angeles,89,893.0593,893.0593,1.0,35.23631,0.216,0.233,100,16,120
US,policy,Gompertz,ascend,2100,Anadarko,6,1891.7943,2049.2555,0.9232,38.357429,0.4576,0.2536,462,17,70
US,policy,Gompertz,ascend,2179,Paradox,133,0.0538,0.0538,1.0,0.008065,0.0,0.0,1,1,150
US,policy,Gompertz,ascend,2179,Appalachian,7,0.0887,0.0887,1.0,0.013304,0.0,0.0,1,2,150
US,policy,Gompertz,ascend,2179,Denver,43,0.1582,0.1582,1.0,0.023735,0.0001,0.0001,1,3,150
US,policy,Gompertz,ascend,2179,Arkoma,10,0.5332,0.5332,1.0,0.07998,0.0003,0.0002,1,4,150
US,policy,Gompertz,ascend,2179,Big Horn,21,0.5351,0.5351,1.0,0.080265,0.0003,0.0002,1,5,150
US,policy,Gompertz,ascend,2179,Green River,65,0.7131,0.7131,1.0,0.106963,0.0004,0.0003,1,6,150
US,policy,Gompertz,ascend,2179,Black Warrior,23,0.9946,0.9946,1.0,0.149193,0.0005,0.0004,1,7,150
US,policy,Gompertz,ascend,2179,Powder River,144,14.1,14.1,1.0,2.115006,0.0074,0.0051,12,8,150
US,policy,Gompertz,ascend,2179,Laramie,86,40.7726,40.7726,1.0,6.115893,0.0215,0.0148,30,9,150
US,policy,Gompertz,ascend,2179,San Juan,156,30.4637,30.4637,1.0,4.569552,0.0161,0.0111,16,10,150
US,policy,Gompertz,ascend,2179,Cook Inlet,39,55.1146,55.1146,1.0,8.267192,0.0291,0.02,49,11,150
US,policy,Gompertz,ascend,2179,Palo Duro,130,71.3579,71.3579,1.0,10.658756,0.0376,0.0258,64,12,150
US,policy,Gompertz,ascend,2179,Sacramento,152,191.4763,191.4763,1.0,27.665828,0.101,0.067,156,13,150
US,policy,Gompertz,ascend,2179,Fort Worth,57,408.5041,408.5041,1.0,55.849545,0.2154,0.1353,380,14,140
US,policy,Gompertz,ascend,2179,San Joaquin,154,534.0342,534.0342,1.0,68.516089,0.2816,0.1659,380,15,130
US,policy,Gompertz,ascend,2179,Los Angeles,89,547.4377,893.0593,0.613,103.931616,0.2887,0.2517,100,16,120
US,policy,Gompertz,ascend,2179,Anadarko,0,0.0,0.0,0.0,124.733242,0.0,0.3021,0,0,0
US,policy,Logistic,ascend,2050,Paradox,133,0.0538,0.0538,1.0,0.001129,0.0001,0.0001,1,1,150
US,policy,Logistic,ascend,2050,Appalachian,7,0.0887,0.0887,1.0,0.001863,0.0001,0.0002,1,2,150
US,policy,Logistic,ascend,2050,Denver,43,0.1582,0.1582,1.0,0.003323,0.0002,0.0004,1,3,150
US,policy,Logistic,ascend,2050,Arkoma,10,0.5332,0.5332,1.0,0.011197,0.0005,0.0012,1,4,150
US,policy,Logistic,ascend,2050,Big Horn,21,0.5351,0.5351,1.0,0.011237,0.0005,0.0012,1,5,150
US,policy,Logistic,ascend,2050,Green River,65,0.7131,0.7131,1.0,0.014975,0.0007,0.0016,1,6,150
US,policy,Logistic,ascend,2050,Black Warrior,23,0.9946,0.9946,1.0,0.020887,0.001,0.0022,1,7,150
US,policy,Logistic,ascend,2050,Powder River,144,14.1,14.1,1.0,0.296101,0.0141,0.0318,12,8,150
US,policy,Logistic,ascend,2050,Laramie,86,41.9294,41.9294,1.0,0.880517,0.0419,0.0947,30,9,140
US,policy,Logistic,ascend,2050,San Juan,156,33.4099,33.4099,1.0,0.701609,0.0334,0.0754,16,10,130
US,policy,Logistic,ascend,2050,Cook Inlet,39,65.9873,65.9873,1.0,1.356823,0.066,0.1459,64,11,120
US,policy,Logistic,ascend,2050,Palo Duro,130,93.9787,93.9787,1.0,1.556084,0.094,0.1673,81,12,110
US,policy,Logistic,ascend,2050,Sacramento,152,290.1779,290.1779,1.0,2.925388,0.2902,0.3145,289,13,100
US,policy,Logistic,ascend,2050,Fort Worth,57,457.3401,630.5685,0.7253,1.520743,0.4573,0.1635,506,14,90
US,policy,Logistic,ascend,2050,San Joaquin,0,0.0,0.0,0.0,0.0,0.0,0.0,0,0,0
US,policy,Logistic,ascend,2050,Los Angeles,0,0.0,0.0,0.0,0.0,0.0,0.0,0,0,0
US,policy,Logistic,ascend,2050,Anadarko,0,0.0,0.0,0.0,0.0,0.0,0.0,0,0,0
US,policy,Logistic,ascend,2050,Illinois,0,0.0,0.0,0.0,0.0,0.0,0.0,0,0,0
US,policy,Logistic,ascend,2100,Paradox,133,0.0538,0.0538,1.0,0.003817,0.0,0.0,1,1,150
US,policy,Logistic,ascend,2100,Appalachian,7,0.0887,0.0887,1.0,0.006297,0.0,0.0,1,2,150
US,policy,Logistic,ascend,2100,Denver,43,0.1582,0.1582,1.0,0.011234,0.0,0.0,1,3,150
US,policy,Logistic,ascend,2100,Arkoma,10,0.5332,0.5332,1.0,0.037857,0.0001,0.0001,1,4,150
US,policy,Logistic,ascend,2100,Big Horn,21,0.5351,0.5351,1.0,0.037992,0.0001,0.0001,1,5,150
US,policy,Logistic,ascend,2100,Green River,65,0.7131,0.7131,1.0,0.050629,0.0001,0.0001,1,6,150
US,policy,Logistic,ascend,2100,Black Warrior,23,0.9946,0.9946,1.0,0.070618,0.0001,0.0002,1,7,150
US,policy,Logistic,ascend,2100,Powder River,144,14.1,14.1,1.0,1.001103,0.0015,0.0026,12,8,150
US,policy,Logistic,ascend,2100,Laramie,86,41.9294,41.9294,1.0,2.976986,0.0045,0.0077,30,9,140
US,policy,Logistic,ascend,2100,San Juan,156,33.4099,33.4099,1.0,2.372106,0.0036,0.0061,16,10,130
US,policy,Logistic,ascend,2100,Cook Inlet,39,65.9873,65.9873,1.0,4.656186,0.0071,0.012,64,11,120
US,policy,Logistic,ascend,2100,Palo Duro,130,93.9787,93.9787,1.0,6.25502,0.0101,0.0161,81,12,110
US,policy,Logistic,ascend,2100,Sacramento,152,290.1779,290.1779,1.0,17.434283,0.0313,0.0448,289,13,100
US,policy,Logistic,ascend,2100,Fort Worth,57,630.5685,630.5685,1.0,32.977759,0.0679,0.0848,506,14,90
US,policy,Logistic,ascend,2100,San Joaquin,154,997.7108,997.7108,1.0,45.191183,0.1075,0.1162,729,15,70
US,policy,Logistic,ascend,2100,Los Angeles,89,1541.5847,1541.5847,1.0,60.275701,0.1661,0.155,380,16,60
US,policy,Logistic,ascend,2100,Anadarko,6,3553.7657,3553.7657,1.0,112.481818,0.3828,0.2892,1560,17,40
US,policy,Logistic,ascend,2100,Illinois,71,2016.6844,8743.7596,0.2306,103.120751,0.2172,0.2651,5184,18,20
US,policy,Logistic,ascend,2179,Paradox,133,0.0538,0.0538,1.0,0.008065,0.01,0.0,1,1,150
US,policy,Logistic,ascend,2179,Appalachian,7,0.0887,0.0887,1.0,0.013304,0.0165,0.0,1,2,150
US,policy,Logistic,ascend,2179,Denver,43,0.1582,0.1582,1.0,0.023735,0.0294,0.0,1,3,150
US,policy,Logistic,ascend,2179,Arkoma,10,0.5332,0.5332,1.0,0.07998,0.099,0.0002,1,4,150
US,policy,Logistic,ascend,2179,Big Horn,21,0.5351,0.5351,1.0,0.080265,0.0993,0.0002,1,5,150
US,policy,Logistic,ascend,2179,Green River,65,0.7131,0.7131,1.0,0.106963,0.1324,0.0002,1,6,150
US,policy,Logistic,ascend,2179,Black Warrior,23,0.9946,0.9946,1.0,0.149193,0.1847,0.0003,1,7,150
US,policy,Logistic,ascend,2179,Powder River,144,2.3096,14.1,0.1638,2.028641,0.4288,0.004,12,8,150
US,policy,Logistic,ascend,2179,Laramie,0,0.0,0.0,0.0,5.47995,0.0,0.0109,0,0,0
US,policy,Logistic,ascend,2179,San Juan,0,0.0,0.0,0.0,4.123985,0.0,0.0082,0,0,0
US,policy,Logistic,ascend,2179,Cook Inlet,0,0.0,0.0,0.0,7.786969,0.0,0.0154,0,0,0
US,policy,Logistic,ascend,2179,Palo Duro,0,0.0,0.0,0.0,10.253169,0.0,0.0203,0,0,0
US,policy,Logistic,ascend,2179,Sacramento,0,0.0,0.0,0.0,27.900763,0.0,0.0553,0,0,0
US,policy,Logistic,ascend,2179,Fort Worth,0,0.0,0.0,0.0,50.813505,0.0,0.1007,0,0,0
US,policy,Logistic,ascend,2179,San Joaquin,0,0.0,0.0,0.0,66.422865,0.0,0.1316,0,0,0
US,policy,Logistic,ascend,2179,Los Angeles,0,0.0,0.0,0.0,83.532401,0.0,0.1655,0,0,0
US,policy,Logistic,ascend,2179,Anadarko,0,0.0,0.0,0.0,139.629864,0.0,0.2767,0,0,0
US,policy,Logistic,ascend,2179,Illinois,0,0.0,0.0,0.0,106.22763,0.0,0.2105,0,0,0
Australia,reference,Gompertz,ascend,2050,Adavale,1,0.2002,0.2002,1.0,0.004205,0.0012,0.0031,1,1,150
Australia,reference,Gompertz,ascend,2050,Bowen-Surat,27,0.619,0.619,1.0,0.012998,0.0038,0.0096,1,2,150
Australia,reference,Gompertz,ascend,2050,Canning,31,48.6216,48.6216,1.0,0.781573,0.2961,0.5765,36,3,150
Australia,reference,Gompertz,ascend,2050,Gippsland,63,114.7699,129.6462,0.8853,0.557047,0.6989,0.4109,100,4,140
Australia,reference,Gompertz,ascend,2050,Bass,0,0.0,0.0,0.0,0.0,0.0,0.0,0,0,0
Australia,reference,Gompertz,ascend,2050,Perth,0,0.0,0.0,0.0,0.0,0.0,0.0,0,0,0
Australia,reference,Gompertz,ascend,2050,Bonaparte,0,0.0,0.0,0.0,0.0,0.0,0.0,0,0,0
Australia,reference,Gompertz,ascend,2050,North Carnarvon,0,0.0,0.0,0.0,0.0,0.0,0.0,0,0,0
Australia,reference,Gompertz,ascend,2050,Browse,0,0.0,0.0,0.0,0.0,0.0,0.0,0,0,0
Australia,reference,Gompertz,ascend,2100,Adavale,1,0.2002,0.2002,1.0,0.014217,0.0001,0.0002,1,1,150
Australia,reference,Gompertz,ascend,2100,Bowen-Surat,27,0.619,0.619,1.0,0.043946,0.0002,0.0007,1,2,150
Australia,reference,Gompertz,ascend,2100,Canning,31,48.6216,48.6216,1.0,3.212652,0.018,0.0509,36,3,150
Australia,reference,Gompertz,ascend,2100,Gippsland,63,129.6462,129.6462,1.0,7.039357,0.0481,0.1115,100,4,140
Australia,reference,Gompertz,ascend,2100,Bass,17,135.9107,135.9107,1.0,6.308875,0.0504,0.1,132,5,130
Australia,reference,Gompertz,ascend,2100,Perth,139,148.7625,148.7625,1.0,6.112454,0.0552,0.0969,121,6,120
Australia,reference,Gompertz,ascend,2100,Bonaparte,25,363.9823,363.9823,1.0,12.490875,0.135,0.1979,272,7,120
Australia,reference,Gompertz,ascend,2100,North Carnarvon,113,717.3272,717.3272,1.0,17.131874,0.266,0.2715,676,8,110
Australia,reference,Gompertz,ascend,2100,Browse,28,1152.0176,2479.4362,0.4646,10.755699,0.4271,0.1704,121,9,100
Australia,reference,Gompertz,ascend,2179,Adavale,1,0.2002,0.2002,1.0,0.030037,0.0001,0.0001,1,1,150
Australia,reference,Gompertz,ascend,2179,Bowen-Surat,27,0.619,0.619,1.0,0.092844,0.0002,0.0003,1,2,150
Australia,reference,Gompertz,ascend,2179,Canning,31,48.6216,48.6216,1.0,7.053757,0.0172,0.021,36,3,150
Australia,reference,Gompertz,ascend,2179,Gippsland,63,129.6462,129.6462,1.0,17.281406,0.0459,0.0513,100,4,140
Australia,reference,Gompertz,ascend,2179,Bass,17,135.9107,135.9107,1.0,17.045821,0.0481,0.0506,132,5,130
Australia,reference,Gompertz,ascend,2179,Perth,139,148.7625,148.7625,1.0,17.864692,0.0527,0.0531,121,6,120
Australia,reference,Gompertz,ascend,2179,Bonaparte,25,363.9823,363.9823,1.0,41.245474,0.1289,0.1225,272,7,120
Australia,reference,Gompertz,ascend,2179,North Carnarvon,113,717.3272,717.3272,1.0,73.800719,0.2541,0.2192,676,8,110
Australia,reference,Gompertz,ascend,2179,Browse,28,1278.3974,2479.4362,0.5156,162.240421,0.4528,0.4819,121,9,100
Australia,reference,Logistic,ascend,2050,Adavale,1,0.2002,0.2002,1.0,0.004205,0.0012,0.0036,1,1,150
Australia,reference,Logistic,ascend,2050,Bowen-Surat,27,0.619,0.619,1.0,0.012998,0.0038,0.0112,1,2,150
Australia,reference,Logistic,ascend,2050,Canning,31,65.4729,65.4729,1.0,0.829401,0.3987,0.716,64,3,110
Australia,reference,Logistic,ascend,2050,Gippsland,63,97.9186,177.3312,0.5522,0.311812,0.5963,0.2692,100,4,90
Australia,reference,Logistic,ascend,2050,Bass,0,0.0,0.0,0.0,0.0,0.0,0.0,0,0,0
Australia,reference,Logistic,ascend,2050,Perth,0,0.0,0.0,0.0,0.0,0.0,0.0,0,0,0
Australia,reference,Logistic,ascend,2050,Bonaparte,0,0.0,0.0,0.0,0.0,0.0,0.0,0,0,0
Australia,reference,Logistic,ascend,2050,North Carnarvon,0,0.0,0.0,0.0,0.0,0.0,0.0,0,0,0
Australia,reference,Logistic,ascend,2050,Browse,0,0.0,0.0,0.0,0.0,0.0,0.0,0,0,0
Australia,reference,Logistic,ascend,2100,Adavale,1,0.2002,0.2002,1.0,0.014217,0.0,0.0,1,1,150
Australia,reference,Logistic,ascend,2100,Bowen-Surat,27,0.619,0.619,1.0,0.043946,0.0001,0.0001,1,2,150
Australia,reference,Logistic,ascend,2100,Canning,31,65.4729,65.4729,1.0,4.103045,0.0058,0.0134,64,3,110
Australia,reference,Logistic,ascend,2100,Gippsland,63,177.3312,177.3312,1.0,9.100206,0.0157,0.0298,100,4,90
Australia,reference,Logistic,ascend,2100,Bass,17,224.3478,224.3478,1.0,10.154361,0.0199,0.0333,196,5,80
Australia,reference,Logistic,ascend,2100,Perth,139,267.391,267.391,1.0,11.105221,0.0237,0.0364,256,6,70
Australia,reference,Logistic,ascend,2100,Bonaparte,25,731.6423,731.6423,1.0,27.334953,0.0648,0.0896,650,7,60
Australia,reference,Logistic,ascend,2100,North Carnarvon,113,1564.0941,1564.0941,1.0,50.404954,0.1385,0.1652,1024,8,50
Australia,reference,Logistic,ascend,2100,Browse,28,8263.6341,8263.6341,1.0,192.93026,0.7316,0.6322,1521,9,30
Australia,reference,Logistic,ascend,2179,Adavale,1,0.2002,0.2002,1.0,0.030037,0.8672,0.0001,1,1,150
Australia,reference,Logistic,ascend,2179,Bowen-Surat,27,0.0307,0.619,0.0495,0.089457,0.1328,0.0002,1,2,150
Australia,reference,Logistic,ascend,2179,Canning,0,0.0,0.0,0.0,7.119897,0.0,0.0171,0,0,0
Australia,reference,Logistic,ascend,2179,Gippsland,0,0.0,0.0,0.0,15.153315,0.0,0.0364,0,0,0
Australia,reference,Logistic,ascend,2179,Bass,0,0.0,0.0,0.0,16.4478,0.0,0.0395,0,0,0
Australia,reference,Logistic,ascend,2179,Perth,0,0.0,0.0,0.0,17.615729,0.0,0.0423,0,0,0
Australia,reference,Logistic,ascend,2179,Bonaparte,0,0.0,0.0,0.0,42.087844,0.0,0.1011,0,0,0
Australia,reference,Logistic,ascend,2179,North Carnarvon,0,0.0,0.0,0.0,73.941142,0.0,0.1777,0,0,0
Australia,reference,Logistic,ascend,2179,Browse,0,0.0,0.0,0.0,243.710949,0.0,0.5856,0,0,0
Brazil,reference,Gompertz,ascend,2050,Tucano,189,0.477,0.477,1.0,0.010017,0.0006,0.0014,1,1,150
Brazil,reference,Gompertz,ascend,2050,Reconcavo,148,9.9168,9.9168,1.0,0.208252,0.0128,0.0297,9,2,150
Brazil,reference,Gompertz,ascend,2050,Sergipe-Alagoas,165,20.3301,20.3301,1.0,0.426931,0.0263,0.061,20,3,150
Brazil,reference,Gompertz,ascend,2050,Espirito Santo,53,71.5205,71.5205,1.0,1.431712,0.0926,0.2044,49,4,150
Brazil,reference,Gompertz,ascend,2050,Potiguar,143,80.6804,80.6804,1.0,1.268191,0.1045,0.1811,49,5,150
Brazil,reference,Gompertz,ascend,2050,Solimoes,169,183.2199,183.2199,1.0,1.988626,0.2373,0.2839,182,6,140
Brazil,reference,Gompertz,ascend,2050,Campos,30,405.9695,683.8689,0.5936,1.669844,0.5258,0.2384,576,7,130
Brazil,reference,Gompertz,ascend,2050,Barreirinhas-Para-Maranhao,0,0.0,0.0,0.0,0.0,0.0,0.0,0,0,0
Brazil,reference,Gompertz,ascend,2100,Tucano,189,0.477,0.477,1.0,0.033867,0.0001,0.0003,1,1,150
Brazil,reference,Gompertz,ascend,2100,Reconcavo,148,9.9168,9.9168,1.0,0.70409,0.0031,0.0055,9,2,150
Brazil,reference,Gompertz,ascend,2100,Sergipe-Alagoas,165,20.3301,20.3301,1.0,1.443435,0.0063,0.0112,20,3,150
Brazil,reference,Gompertz,ascend,2100,Espirito Santo,53,71.5205,71.5205,1.0,5.007736,0.0221,0.0389,49,4,150
Brazil,reference,Gompertz,ascend,2100,Potiguar,143,80.6804,80.6804,1.0,5.30221,0.0249,0.0412,49,5,150
Brazil,reference,Gompertz,ascend,2100,Solimoes,169,183.2199,183.2199,1.0,11.149623,0.0566,0.0866,182,6,140
Brazil,reference,Gompertz,ascend,2100,Campos,30,683.8689,683.8689,1.0,35.42335,0.2114,0.2752,576,7,130
Brazil,reference,Gompertz,ascend,2100,Barreirinhas-Para-Maranhao,16,2184.4704,2462.9383,0.8869,69.631482,0.6754,0.5411,324,8,70
Brazil,reference,Gompertz,ascend,2179,Tucano,189,0.477,0.477,1.0,0.07155,0.0007,0.0003,1,1,150
Brazil,reference,Gompertz,ascend,2179,Reconcavo,148,9.9168,9.9168,1.0,1.487514,0.0147,0.0054,9,2,150
Brazil,reference,Gompertz,ascend,2179,Sergipe-Alagoas,165,20.3301,20.3301,1.0,3.04951,0.0301,0.011,20,3,150
Brazil,reference,Gompertz,ascend,2179,Espirito Santo,53,71.5205,71.5205,1.0,10.657852,0.106,0.0386,49,4,150
Brazil,reference,Gompertz,ascend,2179,Potiguar,143,80.6804,80.6804,1.0,11.67596,0.1196,0.0423,49,5,150
Brazil,reference,Gompertz,ascend,2179,Solimoes,169,183.2199,183.2199,1.0,25.623998,0.2716,0.0927,182,6,140
Brazil,reference,Gompertz,ascend,2179,Campos,30,308.4607,683.8689,0.4511,85.923707,0.4572,0.311,576,7,130
Brazil,reference,Gompertz,ascend,2179,Barreirinhas-Para-Maranhao,0,0.0,0.0,0.0,137.829715,0.0,0.4988,0,0,0
Brazil,reference,Logistic,ascend,2050,Tucano,189,0.4775,0.4775,1.0,0.010028,0.0006,0.0018,1,1,140
Brazil,reference,Logistic,ascend,2050,Reconcavo,148,12.8361,12.8361,1.0,0.269557,0.0166,0.048,12,2,120
Brazil,reference,Logistic,ascend,2050,Sergipe-Alagoas,165,29.4123,29.4123,1.0,0.617659,0.0381,0.1099,25,3,100
Brazil,reference,Logistic,ascend,2050,Espirito Santo,53,124.4884,124.4884,1.0,1.895515,0.1612,0.3374,100,4,90
Brazil,reference,Logistic,ascend,2050,Potiguar,143,150.81,150.81,1.0,1.344002,0.1953,0.2392,100,5,80
Brazil,reference,Logistic,ascend,2050,Solimoes,169,367.176,367.176,1.0,1.394615,0.4755,0.2482,361,6,70
Brazil,reference,Logistic,ascend,2050,Campos,30,86.9138,1784.8026,0.0487,0.086914,0.1126,0.0155,1332,7,50
Brazil,reference,Logistic,ascend,2050,Barreirinhas-Para-Maranhao,0,0.0,0.0,0.0,0.0,0.0,0.0,0,0,0
Brazil,reference,Logistic,ascend,2100,Tucano,189,0.4775,0.4775,1.0,0.033906,0.0003,0.0001,1,1,140
Brazil,reference,Logistic,ascend,2100,Reconcavo,148,12.8361,12.8361,1.0,0.91136,0.0076,0.0032,12,2,120
Brazil,reference,Logistic,ascend,2100,Sergipe-Alagoas,165,29.4123,29.4123,1.0,2.088275,0.0173,0.0072,25,3,100
Brazil,reference,Logistic,ascend,2100,Espirito Santo,53,124.4884,124.4884,1.0,8.119937,0.0733,0.0282,100,4,90
Brazil,reference,Logistic,ascend,2100,Potiguar,143,150.81,150.81,1.0,8.884502,0.0888,0.0308,100,5,80
Brazil,reference,Logistic,ascend,2100,Solimoes,169,367.176,367.176,1.0,19.753416,0.2163,0.0686,361,6,70
Brazil,reference,Logistic,ascend,2100,Campos,30,1012.3767,1784.8026,0.5672,79.808345,0.5964,0.277,1332,7,50
Brazil,reference,Logistic,ascend,2100,Barreirinhas-Para-Maranhao,0,0.0,0.0,0.0,168.481828,0.0,0.5848,0,0,0
Brazil,reference,Logistic,ascend,2179,Tucano,189,0.0242,0.4775,0.0507,0.064588,1.0,0.0002,1,1,140
Brazil,reference,Logistic,ascend,2179,Reconcavo,0,0.0,0.0,0.0,1.428814,0.0,0.0048,0,0,0
Brazil,reference,Logistic,ascend,2179,Sergipe-Alagoas,0,0.0,0.0,0.0,2.949223,0.0,0.0098,0,0,0
Brazil,reference,Logistic,ascend,2179,Espirito Santo,0,0.0,0.0,0.0,10.620504,0.0,0.0354,0,0,0
Brazil,reference,Logistic,ascend,2179,Potiguar,0,0.0,0.0,0.0,10.965205,0.0,0.0366,0,0,0
Brazil,reference,Logistic,ascend,2179,Solimoes,0,0.0,0.0,0.0,22.931389,0.0,0.0765,0,0,0
Brazil,reference,Logistic,ascend,2179,Campos,0,0.0,0.0,0.0,82.254354,0.0,0.2745,0,0,0
Brazil,reference,Logistic,ascend,2179,Barreirinhas-Para-Maranhao,0,0.0,0.0,0.0,168.481828,0.0,0.5622,0,0,0
Canada,reference,Gompertz,ascend,2050,Beaufort-Mackenzie,18,0.3771,0.3771,1.0,0.007919,0.0013,0.0032,1,1,150
Canada,reference,Gompertz,ascend,2050,Scotian,163,295.2282,295.2282,1.0,2.482544,0.9972,0.9966,272,2,140
Canada,reference,Gompertz,ascend,2050,Grand Banks,64,0.4573,406.6817,0.0011,0.000457,0.0015,0.0002,361,3,130
Canada,reference,Gompertz,ascend,2100,Beaufort-Mackenzie,18,0.3771,0.3771,1.0,0.026773,0.0005,0.0008,1,1,150
Canada,reference,Gompertz,ascend,2100,Scotian,163,295.2282,295.2282,1.0,17.243953,0.4204,0.4854,272,2,140
Canada,reference,Gompertz,ascend,2100,Grand Banks,64,406.6817,406.6817,1.0,18.255387,0.5791,0.5139,361,3,130
Canada,reference,Gompertz,ascend,2179,Beaufort-Mackenzie,18,0.3771,0.3771,1.0,0.056563,0.0005,0.0006,1,1,150
Canada,reference,Gompertz,ascend,2179,Scotian,163,295.2282,295.2282,1.0,40.566979,0.4204,0.4458,272,2,140
Canada,reference,Gompertz,ascend,2179,Grand Banks,64,406.6817,406.6817,1.0,50.383241,0.5791,0.5536,361,3,130
Canada,reference,Logistic,ascend,2050,Beaufort-Mackenzie,18,0.3771,0.3771,1.0,0.007919,0.0013,0.0038,1,1,150
Canada,reference,Logistic,ascend,2050,Scotian,163,295.6854,510.6088,0.5791,2.073981,0.9987,0.9962,462,2,80
Canada,reference,Logistic,ascend,2050,Grand Banks,0,0.0,0.0,0.0,0.0,0.0,0.0,0,0,0
Canada,reference,Logistic,ascend,2100,Beaufort-Mackenzie,18,0.3771,0.3771,1.0,0.026773,0.0003,0.0004,1,1,150
Canada,reference,Logistic,ascend,2100,Scotian,163,510.6088,510.6088,1.0,27.266042,0.371,0.4245,462,2,80
Canada,reference,Logistic,ascend,2100,Grand Banks,64,865.3272,865.3272,1.0,36.936665,0.6287,0.5751,676,3,60
Canada,reference,Logistic,ascend,2179,Beaufort-Mackenzie,18,0.0729,0.3771,0.1934,0.054256,1.0,0.0006,1,1,150
Canada,reference,Logistic,ascend,2179,Scotian,0,0.0,0.0,0.0,39.913794,0.0,0.4489,0,0,0
Canada,reference,Logistic,ascend,2179,Grand Banks,0,0.0,0.0,0.0,48.9497,0.0,0.5505,0,0,0
China,reference,Gompertz,ascend,2050,Hailar-Temtsag,69,0.0402,0.0402,1.0,0.000845,0.0001,0.0002,1,1,150
China,reference,Gompertz,ascend,2050,Sichuan,166,0.1036,0.1036,1.0,0.002175,0.0002,0.0006,1,2,150
China,reference,Gompertz,ascend,2050,Santanghu,158,0.1058,0.1058,1.0,0.002223,0.0002,0.0006,1,3,150
China,reference,Gompertz,ascend,2050,Junggar,78,0.3654,0.3654,1.0,0.007673,0.0007,0.0021,1,4,150
China,reference,Gompertz,ascend,2050,Jiuquan,77,0.4616,0.4616,1.0,0.009693,0.0009,0.0027,1,5,150
China,reference,Gompertz,ascend,2050,Sanshui,157,0.5507,0.5507,1.0,0.011565,0.0011,0.0032,1,6,150
China,reference,Gompertz,ascend,2050,Bose,26,0.6099,0.6099,1.0,0.012809,0.0012,0.0035,1,7,150
China,reference,Gompertz,ascend,2050,Qaidam,146,0.6127,0.6127,1.0,0.012866,0.0012,0.0035,1,8,150
China,reference,Gompertz,ascend,2050,Jianghan,76,0.6968,0.6968,1.0,0.014634,0.0014,0.004,1,9,150
China,reference,Gompertz,ascend,2050,Yilan-Yitong,201,21.066,21.066,1.0,0.434003,0.0427,0.1188,20,10,150
China,reference,Gompertz,ascend,2050,Turpan,192,27.2121,27.2121,1.0,0.467444,0.0551,0.1279,25,11,150
China,reference,Gompertz,ascend,2050,Songliao,170,45.1186,45.1186,1.0,0.615088,0.0914,0.1684,42,12,150
China,reference,Gompertz,ascend,2050,Nanxiang,107,73.3188,73.3188,1.0,0.750923,0.1486,0.2055,42,13,140
China,reference,Gompertz,ascend,2050,Erlian,52,61.1971,61.1971,1.0,0.461437,0.124,0.1263,56,14,140
China,reference,Gompertz,ascend,2050,Subei,177,87.7169,87.7169,1.0,0.457441,0.1777,0.1252,25,15,140
China,reference,Gompertz,ascend,2050,Ordos,127,88.3452,88.3452,1.0,0.274182,0.179,0.075,81,16,140
China,reference,Gompertz,ascend,2050,Beibuwan,19,86.006,113.6397,0.7568,0.11853,0.1743,0.0324,100,17,130
China,reference,Gompertz,ascend,2050,Bohai Bay,0,0.0,0.0,0.0,0.0,0.0,0.0,0,0,0
China,reference,Gompertz,ascend,2050,Pearl River Mouth,0,0.0,0.0,0.0,0.0,0.0,0.0,0,0,0
China,reference,Gompertz,ascend,2050,Huabei,0,0.0,0.0,0.0,0.0,0.0,0.0,0,0,0
China,reference,Gompertz,ascend,2050,Tarim,0,0.0,0.0,0.0,0.0,0.0,0.0,0,0,0
China,reference,Gompertz,ascend,2100,Hailar-Temtsag,69,0.0402,0.0402,1.0,0.002856,0.0,0.0,1,1,150
China,reference,Gompertz,ascend,2100,Sichuan,166,0.1036,0.1036,1.0,0.007355,0.0001,0.0001,1,2,150
China,reference,Gompertz,ascend,2100,Santanghu,158,0.1058,0.1058,1.0,0.007515,0.0001,0.0001,1,3,150
China,reference,Gompertz,ascend,2100,Junggar,78,0.3654,0.3654,1.0,0.02594,0.0003,0.0004,1,4,150
China,reference,Gompertz,ascend,2100,Jiuquan,77,0.4616,0.4616,1.0,0.03277,0.0003,0.0005,1,5,150
China,reference,Gompertz,ascend,2100,Sanshui,157,0.5507,0.5507,1.0,0.039101,0.0004,0.0006,1,6,150
China,reference,Gompertz,ascend,2100,Bose,26,0.6099,0.6099,1.0,0.043305,0.0004,0.0006,1,7,150
China,reference,Gompertz,ascend,2100,Qaidam,146,0.6127,0.6127,1.0,0.043499,0.0004,0.0006,1,8,150
China,reference,Gompertz,ascend,2100,Jianghan,76,0.6968,0.6968,1.0,0.049476,0.0005,0.0007,1,9,150
China,reference,Gompertz,ascend,2100,Yilan-Yitong,201,21.066,21.066,1.0,1.487302,0.0149,0.0216,20,10,150
China,reference,Gompertz,ascend,2100,Turpan,192,27.2121,27.2121,1.0,1.828049,0.0193,0.0266,25,11,150
China,reference,Gompertz,ascend,2100,Songliao,170,45.1186,45.1186,1.0,2.871019,0.032,0.0417,42,12,150
China,reference,Gompertz,ascend,2100,Nanxiang,107,73.3188,73.3188,1.0,4.416864,0.0519,0.0642,42,13,140
China,reference,Gompertz,ascend,2100,Erlian,52,61.1971,61.1971,1.0,3.521293,0.0434,0.0512,56,14,140
China,reference,Gompertz,ascend,2100,Subei,177,87.7169,87.7169,1.0,4.843287,0.0622,0.0704,25,15,140
China,reference,Gompertz,ascend,2100,Ordos,127,88.3452,88.3452,1.0,4.691442,0.0626,0.0682,81,16,140
China,reference,Gompertz,ascend,2100,Beibuwan,19,113.6397,113.6397,1.0,5.800516,0.0805,0.0843,100,17,130
China,reference,Gompertz,ascend,2100,Bohai Bay,24,156.0208,156.0208,1.0,7.610786,0.1105,0.1106,144,18,130
China,reference,Gompertz,ascend,2100,Pearl River Mouth,136,211.3555,211.3555,1.0,9.731006,0.1498,0.1414,210,19,130
China,reference,Gompertz,ascend,2100,Huabei,70,227.7138,227.7138,1.0,9.854501,0.1613,0.1432,210,20,130
China,reference,Gompertz,ascend,2100,Tarim,183,295.0832,295.0832,1.0,11.922002,0.2091,0.1732,256,21,120
China,reference,Gompertz,ascend,2179,Hailar-Temtsag,69,0.0402,0.0402,1.0,0.006034,0.0,0.0,1,1,150
China,reference,Gompertz,ascend,2179,Sichuan,166,0.1036,0.1036,1.0,0.015539,0.0001,0.0001,1,2,150
China,reference,Gompertz,ascend,2179,Santanghu,158,0.1058,0.1058,1.0,0.015877,0.0001,0.0001,1,3,150
China,reference,Gompertz,ascend,2179,Junggar,78,0.3654,0.3654,1.0,0.054804,0.0003,0.0003,1,4,150
China,reference,Gompertz,ascend,2179,Jiuquan,77,0.4616,0.4616,1.0,0.069233,0.0004,0.0004,1,5,150
China,reference,Gompertz,ascend,2179,Sanshui,157,0.5507,0.5507,1.0,0.082608,0.0005,0.0005,1,6,150
China,reference,Gompertz,ascend,2179,Bose,26,0.6099,0.6099,1.0,0.091489,0.0006,0.0005,1,7,150
China,reference,Gompertz,ascend,2179,Qaidam,146,0.6127,0.6127,1.0,0.091899,0.0006,0.0005,1,8,150
China,reference,Gompertz,ascend,2179,Jianghan,76,0.6968,0.6968,1.0,0.104526,0.0006,0.0006,1,9,150
China,reference,Gompertz,ascend,2179,Yilan-Yitong,201,21.066,21.066,1.0,3.151515,0.0193,0.0177,20,10,150
China,reference,Gompertz,ascend,2179,Turpan,192,27.2121,27.2121,1.0,3.977805,0.025,0.0223,25,11,150
China,reference,Gompertz,ascend,2179,Songliao,170,45.1186,45.1186,1.0,6.435391,0.0414,0.036,42,12,150
China,reference,Gompertz,ascend,2179,Nanxiang,107,73.3188,73.3188,1.0,10.209051,0.0673,0.0572,42,13,140
China,reference,Gompertz,ascend,2179,Erlian,52,61.1971,61.1971,1.0,8.355866,0.0561,0.0468,56,14,140
China,reference,Gompertz,ascend,2179,Subei,177,87.7169,87.7169,1.0,11.772923,0.0805,0.0659,25,15,140
China,reference,Gompertz,ascend,2179,Ordos,127,88.3452,88.3452,1.0,11.670713,0.0811,0.0654,81,16,140
China,reference,Gompertz,ascend,2179,Beibuwan,19,113.6397,113.6397,1.0,14.778055,0.1043,0.0828,100,17,130
China,reference,Gompertz,ascend,2179,Bohai Bay,24,156.0208,156.0208,1.0,19.93643,0.1431,0.1117,144,18,130
China,reference,Gompertz,ascend,2179,Pearl River Mouth,136,211.3555,211.3555,1.0,26.428093,0.1939,0.148,210,19,130
China,reference,Gompertz,ascend,2179,Huabei,70,201.4689,227.7138,0.8847,27.817646,0.1848,0.1558,210,20,130
China,reference,Gompertz,ascend,2179,Tarim,0,0.0,0.0,0.0,33.47187,0.0,0.1875,0,0,0
China,reference,Logistic,ascend,2050,Hailar-Temtsag,69,0.0403,0.0403,1.0,0.000846,0.0001,0.0003,1,1,140
China,reference,Logistic,ascend,2050,Sichuan,166,0.104,0.104,1.0,0.002184,0.0002,0.0008,1,2,130
China,reference,Logistic,ascend,2050,Santanghu,158,0.1063,0.1063,1.0,0.002233,0.0002,0.0008,1,3,120
China,reference,Logistic,ascend,2050,Junggar,78,0.3671,0.3671,1.0,0.00771,0.0007,0.0027,1,4,120
China,reference,Logistic,ascend,2050,Jiuquan,77,0.4645,0.4645,1.0,0.009754,0.0009,0.0034,1,5,110
China,reference,Logistic,ascend,2050,Sanshui,157,0.5538,0.5538,1.0,0.01163,0.0011,0.004,1,6,110
China,reference,Logistic,ascend,2050,Bose,26,0.6122,0.6122,1.0,0.012856,0.0012,0.0044,1,7,110
China,reference,Logistic,ascend,2050,Qaidam,146,0.6163,0.6163,1.0,0.012943,0.0012,0.0045,1,8,110
China,reference,Logistic,ascend,2050,Jianghan,76,0.6999,0.6999,1.0,0.014699,0.0014,0.0051,1,9,110
China,reference,Logistic,ascend,2050,Yilan-Yitong,201,31.2812,31.2812,1.0,0.575277,0.0634,0.1982,30,10,100
China,reference,Logistic,ascend,2050,Turpan,192,52.9709,52.9709,1.0,0.641805,0.1073,0.2212,49,11,80
China,reference,Logistic,ascend,2050,Songliao,170,94.8414,94.8414,1.0,0.732798,0.1922,0.2525,90,12,70
China,reference,Logistic,ascend,2050,Nanxiang,107,105.3935,105.3935,1.0,0.492439,0.2136,0.1697,81,13,70
China,reference,Logistic,ascend,2050,Erlian,52,159.253,159.253,1.0,0.33847,0.3227,0.1166,144,14,60
China,reference,Logistic,ascend,2050,Subei,177,46.2231,206.567,0.2238,0.046223,0.0937,0.0159,182,15,60
China,reference,Logistic,ascend,2050,Ordos,0,0.0,0.0,0.0,0.0,0.0,0.0,0,0,0
China,reference,Logistic,ascend,2050,Beibuwan,0,0.0,0.0,0.0,0.0,0.0,0.0,0,0,0
China,reference,Logistic,ascend,2050,Bohai Bay,0,0.0,0.0,0.0,0.0,0.0,0.0,0,0,0
China,reference,Logistic,ascend,2050,Pearl River Mouth,0,0.0,0.0,0.0,0.0,0.0,0.0,0,0,0
China,reference,Logistic,ascend,2050,Huabei,0,0.0,0.0,0.0,0.0,0.0,0.0,0,0,0
China,reference,Logistic,ascend,2050,Tarim,0,0.0,0.0,0.0,0.0,0.0,0.0,0,0,0
China,reference,Logistic,ascend,2100,Hailar-Temtsag,69,0.0403,0.0403,1.0,0.002859,0.0,0.0,1,1,140
China,reference,Logistic,ascend,2100,Sichuan,166,0.104,0.104,1.0,0.007385,0.0001,0.0,1,2,130
China,reference,Logistic,ascend,2100,Santanghu,158,0.1063,0.1063,1.0,0.007549,0.0001,0.0,1,3,120
China,reference,Logistic,ascend,2100,Junggar,78,0.3671,0.3671,1.0,0.026066,0.0003,0.0002,1,4,120
China,reference,Logistic,ascend,2100,Jiuquan,77,0.4645,0.4645,1.0,0.032977,0.0004,0.0002,1,5,110
China,reference,Logistic,ascend,2100,Sanshui,157,0.5538,0.5538,1.0,0.039321,0.0005,0.0002,1,6,110
China,reference,Logistic,ascend,2100,Bose,26,0.6122,0.6122,1.0,0.043465,0.0006,0.0003,1,7,110
China,reference,Logistic,ascend,2100,Qaidam,146,0.6163,0.6163,1.0,0.043759,0.0006,0.0003,1,8,110
China,reference,Logistic,ascend,2100,Jianghan,76,0.6999,0.6999,1.0,0.049696,0.0006,0.0003,1,9,110
China,reference,Logistic,ascend,2100,Yilan-Yitong,201,31.2812,31.2812,1.0,2.139334,0.0282,0.0133,30,10,100
China,reference,Logistic,ascend,2100,Turpan,192,52.9709,52.9709,1.0,3.290352,0.0478,0.0204,49,11,80
China,reference,Logistic,ascend,2100,Songliao,170,94.8414,94.8414,1.0,5.474867,0.0855,0.0339,90,12,70
China,reference,Logistic,ascend,2100,Nanxiang,107,105.3935,105.3935,1.0,5.762112,0.0951,0.0357,81,13,70
China,reference,Logistic,ascend,2100,Erlian,52,159.253,159.253,1.0,8.30112,0.1436,0.0515,144,14,60
China,reference,Logistic,ascend,2100,Subei,177,206.567,206.567,1.0,10.311887,0.1863,0.0639,182,15,60
China,reference,Logistic,ascend,2100,Ordos,127,268.5672,268.5672,1.0,12.869542,0.2422,0.0798,240,16,50
China,reference,Logistic,ascend,2100,Beibuwan,19,186.3272,293.7078,0.6344,13.486302,0.168,0.0836,196,17,50
China,reference,Logistic,ascend,2100,Bohai Bay,0,0.0,0.0,0.0,17.53909,0.0,0.1087,0,0,0
China,reference,Logistic,ascend,2100,Pearl River Mouth,0,0.0,0.0,0.0,27.440864,0.0,0.1701,0,0,0
China,reference,Logistic,ascend,2100,Huabei,0,0.0,0.0,0.0,25.689746,0.0,0.1593,0,0,0
China,reference,Logistic,ascend,2100,Tarim,0,0.0,0.0,0.0,28.731648,0.0,0.1781,0,0,0
China,reference,Logistic,ascend,2179,Hailar-Temtsag,69,0.0006,0.0403,0.0146,0.00531,1.0,0.0,1,1,140
China,reference,Logistic,ascend,2179,Sichuan,0,0.0,0.0,0.0,0.012717,0.0,0.0001,0,0,0
China,reference,Logistic,ascend,2179,Santanghu,0,0.0,0.0,0.0,0.01253,0.0,0.0001,0,0,0
China,reference,Logistic,ascend,2179,Junggar,0,0.0,0.0,0.0,0.041728,0.0,0.0003,0,0,0
China,reference,Logistic,ascend,2179,Jiuquan,0,0.0,0.0,0.0,0.051045,0.0,0.0003,0,0,0
China,reference,Logistic,ascend,2179,Sanshui,0,0.0,0.0,0.0,0.059398,0.0,0.0004,0,0,0
China,reference,Logistic,ascend,2179,Bose,0,0.0,0.0,0.0,0.064516,0.0,0.0004,0,0,0
China,reference,Logistic,ascend,2179,Qaidam,0,0.0,0.0,0.0,0.063937,0.0,0.0004,0,0,0
China,reference,Logistic,ascend,2179,Jianghan,0,0.0,0.0,0.0,0.071776,0.0,0.0004,0,0,0
China,reference,Logistic,ascend,2179,Yilan-Yitong,0,0.0,0.0,0.0,2.846249,0.0,0.0171,0,0,0
China,reference,Logistic,ascend,2179,Turpan,0,0.0,0.0,0.0,4.119398,0.0,0.0247,0,0,0
China,reference,Logistic,ascend,2179,Songliao,0,0.0,0.0,0.0,6.542533,0.0,0.0392,0,0,0
China,reference,Logistic,ascend,2179,Nanxiang,0,0.0,0.0,0.0,6.615033,0.0,0.0396,0,0,0
China,reference,Logistic,ascend,2179,Erlian,0,0.0,0.0,0.0,9.212458,0.0,0.0552,0,0,0
China,reference,Logistic,ascend,2179,Subei,0,0.0,0.0,0.0,11.024274,0.0,0.0661,0,0,0
China,reference,Logistic,ascend,2179,Ordos,0,0.0,0.0,0.0,13.260017,0.0,0.0795,0,0,0
China,reference,Logistic,ascend,2179,Beibuwan,0,0.0,0.0,0.0,13.491703,0.0,0.0808,0,0,0
China,reference,Logistic,ascend,2179,Bohai Bay,0,0.0,0.0,0.0,17.53909,0.0,0.1051,0,0,0
China,reference,Logistic,ascend,2179,Pearl River Mouth,0,0.0,0.0,0.0,27.440864,0.0,0.1644,0,0,0
China,reference,Logistic,ascend,2179,Huabei,0,0.0,0.0,0.0,25.689746,0.0,0.1539,0,0,0
China,reference,Logistic,ascend,2179,Tarim,0,0.0,0.0,0.0,28.731648,0.0,0.1722,0,0,0
EU,reference,Gompertz,ascend,2050,Baltic,14,0.287,0.287,1.0,0.006027,0.0007,0.0013,1,1,150
EU,reference,Gompertz,ascend,2050,Polish,142,0.4338,0.4338,1.0,0.009111,0.001,0.0019,1,2,150
EU,reference,Gompertz,ascend,2050,Sava,161,0.499,0.499,1.0,0.010479,0.0011,0.0022,1,3,150
EU,reference,Gompertz,ascend,2050,Transylvanian,187,0.5399,0.5399,1.0,0.011339,0.0012,0.0024,1,4,150
EU,reference,Gompertz,ascend,2050,Drava,48,0.6358,0.6358,1.0,0.013351,0.0014,0.0028,1,5,150
EU,reference,Gompertz,ascend,2050,North Carpathian,114,0.7276,0.7276,1.0,0.015279,0.0017,0.0032,1,6,150
EU,reference,Gompertz,ascend,2050,Crimea-Karkinit,41,0.7257,0.7257,1.0,0.015239,0.0017,0.0032,1,7,150
EU,reference,Gompertz,ascend,2050,Paris,134,0.8687,0.8687,1.0,0.018243,0.002,0.0039,1,8,150
EU,reference,Gompertz,ascend,2050,Zala,203,2.1849,2.1849,1.0,0.045883,0.005,0.0097,2,9,150
EU,reference,Gompertz,ascend,2050,Vienna,194,14.7895,14.7895,1.0,0.31058,0.0336,0.0657,4,10,150
EU,reference,Gompertz,ascend,2050,Dnieper-Donets,45,22.1816,22.1816,1.0,0.465814,0.0505,0.0985,20,11,150
EU,reference,Gompertz,ascend,2050,Pannonian,131,31.9848,31.9848,1.0,0.663542,0.0728,0.1403,30,12,150
EU,reference,Gompertz,ascend,2050,Norwegian,125,38.0984,38.0984,1.0,0.682469,0.0867,0.1443,36,13,150
EU,reference,Gompertz,ascend,2050,Moesian,100,43.4792,43.4792,1.0,0.643829,0.0989,0.1362,42,14,150
EU,reference,Gompertz,ascend,2050,Po,141,52.4242,52.4242,1.0,0.621373,0.1193,0.1314,49,15,140
EU,reference,Gompertz,ascend,2050,North Adriatic,112,62.6802,62.6802,1.0,0.554324,0.1426,0.1172,49,16,130
EU,reference,Gompertz,ascend,2050,Caltanissetta,29,108.0761,108.0761,1.0,0.541967,0.2459,0.1146,64,17,110
EU,reference,Gompertz,ascend,2050,Lublin,91,58.937,186.9464,0.3153,0.099247,0.1341,0.021,169,18,90
EU,reference,Gompertz,ascend,2050,West Barents,0,0.0,0.0,0.0,0.0,0.0,0.0,0,0,0
EU,reference,Gompertz,ascend,2050,Northern North Sea,0,0.0,0.0,0.0,0.0,0.0,0.0,0,0,0
EU,reference,Gompertz,ascend,2100,Baltic,14,0.287,0.287,1.0,0.020376,0.0003,0.0004,1,1,150
EU,reference,Gompertz,ascend,2100,Polish,142,0.4338,0.4338,1.0,0.030803,0.0004,0.0006,1,2,150
EU,reference,Gompertz,ascend,2100,Sava,161,0.499,0.499,1.0,0.035428,0.0005,0.0007,1,3,150
EU,reference,Gompertz,ascend,2100,Transylvanian,187,0.5399,0.5399,1.0,0.038335,0.0006,0.0008,1,4,150
EU,reference,Gompertz,ascend,2100,Drava,48,0.6358,0.6358,1.0,0.045139,0.0007,0.0009,1,5,150
EU,reference,Gompertz,ascend,2100,North Carpathian,114,0.7276,0.7276,1.0,0.051657,0.0008,0.001,1,6,150
EU,reference,Gompertz,ascend,2100,Crimea-Karkinit,41,0.7257,0.7257,1.0,0.051522,0.0007,0.001,1,7,150
EU,reference,Gompertz,ascend,2100,Paris,134,0.8687,0.8687,1.0,0.06168,0.0009,0.0012,1,8,150
EU,reference,Gompertz,ascend,2100,Zala,203,2.1849,2.1849,1.0,0.155128,0.0023,0.0031,2,9,150
EU,reference,Gompertz,ascend,2100,Vienna,194,14.7895,14.7895,1.0,1.050056,0.0153,0.0213,4,10,150
EU,reference,Gompertz,ascend,2100,Dnieper-Donets,45,22.1816,22.1816,1.0,1.574896,0.0229,0.0319,20,11,150
EU,reference,Gompertz,ascend,2100,Pannonian,131,31.9848,31.9848,1.0,2.262783,0.033,0.0458,30,12,150
EU,reference,Gompertz,ascend,2100,Norwegian,125,38.0984,38.0984,1.0,2.587391,0.0393,0.0524,36,13,150
EU,reference,Gompertz,ascend,2100,Moesian,100,43.4792,43.4792,1.0,2.81779,0.0449,0.057,42,14,150
EU,reference,Gompertz,ascend,2100,Po,141,52.4242,52.4242,1.0,3.242583,0.0541,0.0656,49,15,140
EU,reference,Gompertz,ascend,2100,North Adriatic,112,62.6802,62.6802,1.0,3.688331,0.0647,0.0747,49,16,130
EU,reference,Gompertz,ascend,2100,Caltanissetta,29,108.0761,108.0761,1.0,5.945771,0.1116,0.1204,64,17,110
EU,reference,Gompertz,ascend,2100,Lublin,91,186.9464,186.9464,1.0,9.200354,0.193,0.1863,169,18,90
EU,reference,Gompertz,ascend,2100,West Barents,198,310.1787,310.1787,1.0,12.289813,0.3202,0.2488,306,19,60
EU,reference,Gompertz,ascend,2100,Northern North Sea,123,90.8735,553.4225,0.1642,4.246219,0.0938,0.086,9,20,50
EU,reference,Gompertz,ascend,2179,Baltic,14,0.287,0.287,1.0,0.043047,0.0018,0.0005,1,1,150
EU,reference,Gompertz,ascend,2179,Polish,142,0.4338,0.4338,1.0,0.065076,0.0028,0.0007,1,2,150
EU,reference,Gompertz,ascend,2179,Sava,161,0.499,0.499,1.0,0.074848,0.0032,0.0008,1,3,150
EU,reference,Gompertz,ascend,2179,Transylvanian,187,0.5399,0.5399,1.0,0.08099,0.0034,0.0009,1,4,150
EU,reference,Gompertz,ascend,2179,Drava,48,0.6358,0.6358,1.0,0.095364,0.004,0.0011,1,5,150
EU,reference,Gompertz,ascend,2179,North Carpathian,114,0.7276,0.7276,1.0,0.109135,0.0046,0.0012,1,6,150
EU,reference,Gompertz,ascend,2179,Crimea-Karkinit,41,0.7257,0.7257,1.0,0.10885,0.0046,0.0012,1,7,150
EU,reference,Gompertz,ascend,2179,Paris,134,0.8687,0.8687,1.0,0.130309,0.0055,0.0015,1,8,150
EU,reference,Gompertz,ascend,2179,Zala,203,2.1849,2.1849,1.0,0.327735,0.0139,0.0037,2,9,150
EU,reference,Gompertz,ascend,2179,Vienna,194,14.7895,14.7895,1.0,2.218429,0.094,0.0251,4,10,150
EU,reference,Gompertz,ascend,2179,Dnieper-Donets,45,22.1816,22.1816,1.0,3.327246,0.141,0.0376,20,11,150
EU,reference,Gompertz,ascend,2179,Pannonian,131,31.9848,31.9848,1.0,4.789583,0.2033,0.0542,30,12,150
EU,reference,Gompertz,ascend,2179,Norwegian,125,38.0984,38.0984,1.0,5.597167,0.2421,0.0633,36,13,150
EU,reference,Gompertz,ascend,2179,Moesian,100,43.388,43.4792,0.9979,6.252557,0.2758,0.0707,42,14,150
EU,reference,Gompertz,ascend,2179,Po,0,0.0,0.0,0.0,7.079232,0.0,0.0801,0,0,0
EU,reference,Gompertz,ascend,2179,North Adriatic,0,0.0,0.0,0.0,7.664042,0.0,0.0867,0,0,0
EU,reference,Gompertz,ascend,2179,Caltanissetta,0,0.0,0.0,0.0,11.598365,0.0,0.1312,0,0,0
EU,reference,Gompertz,ascend,2179,Lublin,0,0.0,0.0,0.0,16.24724,0.0,0.1838,0,0,0
EU,reference,Gompertz,ascend,2179,West Barents,0,0.0,0.0,0.0,18.008763,0.0,0.2038,0,0,0
EU,reference,Gompertz,ascend,2179,Northern North Sea,0,0.0,0.0,0.0,4.561536,0.0,0.0516,0,0,0
EU,reference,Logistic,ascend,2050,Baltic,14,0.287,0.287,1.0,0.006027,0.0007,0.0016,1,1,150
EU,reference,Logistic,ascend,2050,Polish,142,0.4344,0.4344,1.0,0.009123,0.001,0.0024,1,2,140
EU,reference,Logistic,ascend,2050,Sava,161,0.5002,0.5002,1.0,0.010505,0.0011,0.0028,1,3,130
EU,reference,Logistic,ascend,2050,Transylvanian,187,0.5411,0.5411,1.0,0.011363,0.0012,0.003,1,4,130
EU,reference,Logistic,ascend,2050,Drava,48,0.6378,0.6378,1.0,0.013393,0.0015,0.0035,1,5,130
EU,reference,Logistic,ascend,2050,North Carpathian,114,0.7301,0.7301,1.0,0.015332,0.0017,0.004,1,6,120
EU,reference,Logistic,ascend,2050,Crimea-Karkinit,41,0.7289,0.7289,1.0,0.015306,0.0017,0.004,1,7,120
EU,reference,Logistic,ascend,2050,Paris,134,0.872,0.872,1.0,0.018313,0.002,0.0048,1,8,120
EU,reference,Logistic,ascend,2050,Zala,203,2.1946,2.1946,1.0,0.046086,0.005,0.0121,2,9,120
EU,reference,Logistic,ascend,2050,Vienna,194,16.6453,16.6453,1.0,0.349552,0.0379,0.0918,16,10,110
EU,reference,Logistic,ascend,2050,Dnieper-Donets,45,33.4363,33.4363,1.0,0.688029,0.0761,0.1806,30,11,100
EU,reference,Logistic,ascend,2050,Pannonian,131,56.4254,56.4254,1.0,0.872734,0.1284,0.2291,56,12,90
EU,reference,Logistic,ascend,2050,Norwegian,125,70.1269,70.1269,1.0,0.736624,0.1595,0.1934,64,13,80
EU,reference,Logistic,ascend,2050,Moesian,100,90.0161,90.0161,1.0,0.590038,0.2048,0.1549,81,14,70
EU,reference,Logistic,ascend,2050,Po,141,123.5173,123.5173,1.0,0.383755,0.281,0.1008,100,15,60
EU,reference,Logistic,ascend,2050,North Adriatic,112,42.4598,134.8059,0.315,0.04246,0.0966,0.0111,100,16,60
EU,reference,Logistic,ascend,2050,Caltanissetta,0,0.0,0.0,0.0,0.0,0.0,0.0,0,0,0
EU,reference,Logistic,ascend,2050,Lublin,0,0.0,0.0,0.0,0.0,0.0,0.0,0,0,0
EU,reference,Logistic,ascend,2050,West Barents,0,0.0,0.0,0.0,0.0,0.0,0.0,0,0,0
EU,reference,Logistic,ascend,2050,Northern North Sea,0,0.0,0.0,0.0,0.0,0.0,0.0,0,0,0
EU,reference,Logistic,ascend,2100,Baltic,14,0.287,0.287,1.0,0.020376,0.0004,0.0002,1,1,150
EU,reference,Logistic,ascend,2100,Polish,142,0.4344,0.4344,1.0,0.030844,0.0007,0.0004,1,2,140
EU,reference,Logistic,ascend,2100,Sava,161,0.5002,0.5002,1.0,0.035516,0.0008,0.0004,1,3,130
EU,reference,Logistic,ascend,2100,Transylvanian,187,0.5411,0.5411,1.0,0.038417,0.0008,0.0004,1,4,130
EU,reference,Logistic,ascend,2100,Drava,48,0.6378,0.6378,1.0,0.045282,0.001,0.0005,1,5,130
EU,reference,Logistic,ascend,2100,North Carpathian,114,0.7301,0.7301,1.0,0.051836,0.0011,0.0006,1,6,120
EU,reference,Logistic,ascend,2100,Crimea-Karkinit,41,0.7289,0.7289,1.0,0.05175,0.0011,0.0006,1,7,120
EU,reference,Logistic,ascend,2100,Paris,134,0.872,0.872,1.0,0.061915,0.0013,0.0007,1,8,120
EU,reference,Logistic,ascend,2100,Zala,203,2.1946,2.1946,1.0,0.155816,0.0033,0.0018,2,9,120
EU,reference,Logistic,ascend,2100,Vienna,194,16.6453,16.6453,1.0,1.181819,0.025,0.0135,16,10,110
EU,reference,Logistic,ascend,2100,Dnieper-Donets,45,33.4363,33.4363,1.0,2.359847,0.0503,0.0269,30,11,100
EU,reference,Logistic,ascend,2100,Pannonian,131,56.4254,56.4254,1.0,3.694005,0.0848,0.0421,56,12,90
EU,reference,Logistic,ascend,2100,Norwegian,125,70.1269,70.1269,1.0,4.242969,0.1054,0.0483,64,13,80
EU,reference,Logistic,ascend,2100,Moesian,100,90.0161,90.0161,1.0,5.090845,0.1353,0.058,81,14,70
EU,reference,Logistic,ascend,2100,Po,141,123.5173,123.5173,1.0,6.559621,0.1857,0.0747,100,15,60
EU,reference,Logistic,ascend,2100,North Adriatic,112,134.8059,134.8059,1.0,6.73919,0.2026,0.0768,100,16,60
EU,reference,Logistic,ascend,2100,Caltanissetta,29,133.358,190.0578,0.7017,8.897117,0.2005,0.1014,156,17,50
EU,reference,Logistic,ascend,2100,Lublin,0,0.0,0.0,0.0,17.032153,0.0,0.194,0,0,0
EU,reference,Logistic,ascend,2100,West Barents,0,0.0,0.0,0.0,18.406726,0.0,0.2097,0,0,0
EU,reference,Logistic,ascend,2100,Northern North Sea,0,0.0,0.0,0.0,13.084977,0.0,0.1491,0,0,0
EU,reference,Logistic,ascend,2179,Baltic,14,0.0825,0.287,0.2876,0.041619,1.0,0.0004,1,1,150
EU,reference,Logistic,ascend,2179,Polish,0,0.0,0.0,0.0,0.058267,0.0,0.0006,0,0,0
EU,reference,Logistic,ascend,2179,Sava,0,0.0,0.0,0.0,0.064158,0.0,0.0007,0,0,0
EU,reference,Logistic,ascend,2179,Transylvanian,0,0.0,0.0,0.0,0.06736,0.0,0.0007,0,0,0
EU,reference,Logistic,ascend,2179,Drava,0,0.0,0.0,0.0,0.077568,0.0,0.0008,0,0,0
EU,reference,Logistic,ascend,2179,North Carpathian,0,0.0,0.0,0.0,0.086961,0.0,0.0009,0,0,0
EU,reference,Logistic,ascend,2179,Crimea-Karkinit,0,0.0,0.0,0.0,0.085358,0.0,0.0009,0,0,0
EU,reference,Logistic,ascend,2179,Paris,0,0.0,0.0,0.0,0.100601,0.0,0.0011,0,0,0
EU,reference,Logistic,ascend,2179,Zala,0,0.0,0.0,0.0,0.247286,0.0,0.0026,0,0,0
EU,reference,Logistic,ascend,2179,Vienna,0,0.0,0.0,0.0,1.744517,0.0,0.0186,0,0,0
EU,reference,Logistic,ascend,2179,Dnieper-Donets,0,0.0,0.0,0.0,3.199856,0.0,0.0342,0,0,0
EU,reference,Logistic,ascend,2179,Pannonian,0,0.0,0.0,0.0,4.73666,0.0,0.0506,0,0,0
EU,reference,Logistic,ascend,2179,Norwegian,0,0.0,0.0,0.0,5.190713,0.0,0.0554,0,0,0
EU,reference,Logistic,ascend,2179,Moesian,0,0.0,0.0,0.0,5.952069,0.0,0.0636,0,0,0
EU,reference,Logistic,ascend,2179,Po,0,0.0,0.0,0.0,7.315649,0.0,0.0781,0,0,0
EU,reference,Logistic,ascend,2179,North Adriatic,0,0.0,0.0,0.0,7.143652,0.0,0.0763,0,0,0
EU,reference,Logistic,ascend,2179,Caltanissetta,0,0.0,0.0,0.0,8.977078,0.0,0.0959,0,0,0
EU,reference,Logistic,ascend,2179,Lublin,0,0.0,0.0,0.0,17.032153,0.0,0.1819,0,0,0
EU,reference,Logistic,ascend,2179,West Barents,0,0.0,0.0,0.0,18.406726,0.0,0.1966,0,0,0
EU,reference,Logistic,ascend,2179,Northern North Sea,0,0.0,0.0,0.0,13.084977,0.0,0.1398,0,0,0
Indonesia,reference,Gompertz,ascend,2050,Salawati,153,0.7002,0.7002,1.0,0.014704,0.0168,0.0389,1,1,150
Indonesia,reference,Gompertz,ascend,2050,Sunda,178,25.6282,25.6282,1.0,0.318591,0.6165,0.8432,16,2,150
Indonesia,reference,Gompertz,ascend,2050,North Java,118,15.2441,36.2007,0.4211,0.044521,0.3667,0.1178,36,3,120
Indonesia,reference,Gompertz,ascend,2050,Central Sumatra,0,0.0,0.0,0.0,0.0,0.0,0.0,0,0,0
Indonesia,reference,Gompertz,ascend,2050,Tarakan-Muara,0,0.0,0.0,0.0,0.0,0.0,0.0,0,0,0
Indonesia,reference,Gompertz,ascend,2100,Salawati,153,0.7002,0.7002,1.0,0.049715,0.0041,0.0072,1,1,150
Indonesia,reference,Gompertz,ascend,2100,Sunda,178,25.6282,25.6282,1.0,1.599999,0.1493,0.2329,16,2,150
Indonesia,reference,Gompertz,ascend,2100,North Java,118,36.2007,36.2007,1.0,1.804359,0.2109,0.2626,36,3,120
Indonesia,reference,Gompertz,ascend,2100,Central Sumatra,35,47.2382,47.2382,1.0,1.858317,0.2752,0.2705,36,4,90
Indonesia,reference,Gompertz,ascend,2100,Tarakan-Muara,180,61.8817,68.3814,0.9049,1.557772,0.3605,0.2267,49,5,70
Indonesia,reference,Gompertz,ascend,2179,Salawati,153,0.7002,0.7002,1.0,0.105031,0.0198,0.0072,1,1,150
Indonesia,reference,Gompertz,ascend,2179,Sunda,178,25.6282,25.6282,1.0,3.624625,0.7246,0.2472,16,2,150
Indonesia,reference,Gompertz,ascend,2179,North Java,118,9.0413,36.2007,0.2498,4.332959,0.2556,0.2955,36,3,120
Indonesia,reference,Gompertz,ascend,2179,Central Sumatra,0,0.0,0.0,0.0,3.932427,0.0,0.2682,0,0,0
Indonesia,reference,Gompertz,ascend,2179,Tarakan-Muara,0,0.0,0.0,0.0,2.666794,0.0,0.1819,0,0,0
Indonesia,reference,Logistic,ascend,2050,Salawati,153,0.7024,0.7024,1.0,0.014751,0.0169,0.0487,1,1,120
Indonesia,reference,Logistic,ascend,2050,Sunda,178,30.8808,30.8808,1.0,0.273545,0.7428,0.9029,16,2,80
Indonesia,reference,Logistic,ascend,2050,North Java,118,9.9893,83.7064,0.1193,0.014652,0.2403,0.0484,81,3,50
Indonesia,reference,Logistic,ascend,2050,Central Sumatra,0,0.0,0.0,0.0,0.0,0.0,0.0,0,0,0
Indonesia,reference,Logistic,ascend,2050,Tarakan-Muara,0,0.0,0.0,0.0,0.0,0.0,0.0,0,0,0
Indonesia,reference,Logistic,ascend,2050,Banggai-Sula,0,0.0,0.0,0.0,0.0,0.0,0.0,0,0,0
Indonesia,reference,Logistic,ascend,2100,Salawati,153,0.7024,0.7024,1.0,0.049872,0.0079,0.0033,1,1,120
Indonesia,reference,Logistic,ascend,2100,Sunda,178,30.8808,30.8808,1.0,1.817585,0.346,0.119,16,2,80
Indonesia,reference,Logistic,ascend,2100,North Java,118,57.6681,83.7064,0.6889,3.868905,0.6461,0.2533,81,3,50
Indonesia,reference,Logistic,ascend,2100,Central Sumatra,0,0.0,0.0,0.0,3.784382,0.0,0.2478,0,0,0
Indonesia,reference,Logistic,ascend,2100,Tarakan-Muara,0,0.0,0.0,0.0,3.661038,0.0,0.2397,0,0,0
Indonesia,reference,Logistic,ascend,2100,Banggai-Sula,0,0.0,0.0,0.0,2.090296,0.0,0.1369,0,0,0
Indonesia,reference,Logistic,ascend,2179,Salawati,153,0.0013,0.7024,0.0018,0.078816,1.0,0.005,1,1,120
Indonesia,reference,Logistic,ascend,2179,Sunda,0,0.0,0.0,0.0,2.241465,0.0,0.1411,0,0,0
Indonesia,reference,Logistic,ascend,2179,North Java,0,0.0,0.0,0.0,4.027521,0.0,0.2536,0,0,0
Indonesia,reference,Logistic,ascend,2179,Central Sumatra,0,0.0,0.0,0.0,3.784382,0.0,0.2383,0,0,0
Indonesia,reference,Logistic,ascend,2179,Tarakan-Muara,0,0.0,0.0,0.0,3.661038,0.0,0.2305,0,0,0
Indonesia,reference,Logistic,ascend,2179,Banggai-Sula,0,0.0,0.0,0.0,2.090296,0.0,0.1316,0,0,0
Middle East,reference,Gompertz,ascend,2050,Gaziantep,60,0.1836,0.1836,1.0,0.003856,0.0011,0.0023,1,1,150
Middle East,reference,Gompertz,ascend,2050,Diyarbakir,44,0.3281,0.3281,1.0,0.00689,0.0019,0.0041,1,2,150
Middle East,reference,Gompertz,ascend,2050,Sinjar,167,36.4996,36.4996,1.0,0.711241,0.2138,0.4259,36,3,150
Middle East,reference,Gompertz,ascend,2050,Sabatayn,151,130.2296,130.2296,1.0,0.944407,0.7628,0.5656,110,4,130
Middle East,reference,Gompertz,ascend,2050,Al Daww,3,3.4898,363.0875,0.0096,0.00349,0.0204,0.0021,361,5,60
Middle East,reference,Gompertz,ascend,2100,Gaziantep,60,0.1836,0.1836,1.0,0.013038,0.0004,0.0006,1,1,150
Middle East,reference,Gompertz,ascend,2100,Diyarbakir,44,0.3281,0.3281,1.0,0.023294,0.0007,0.001,1,2,150
Middle East,reference,Gompertz,ascend,2100,Sinjar,167,36.4996,36.4996,1.0,2.536221,0.0744,0.1119,36,3,150
Middle East,reference,Gompertz,ascend,2100,Sabatayn,151,130.2296,130.2296,1.0,7.455887,0.2655,0.3291,110,4,130
Middle East,reference,Gompertz,ascend,2100,Al Daww,3,323.2574,363.0875,0.8903,12.629184,0.659,0.5574,361,5,60
Middle East,reference,Gompertz,ascend,2179,Gaziantep,60,0.1836,0.1836,1.0,0.027546,0.0023,0.0006,1,1,150
Middle East,reference,Gompertz,ascend,2179,Diyarbakir,44,0.3281,0.3281,1.0,0.049214,0.004,0.0011,1,2,150
Middle East,reference,Gompertz,ascend,2179,Sinjar,167,36.4996,36.4996,1.0,5.41969,0.4473,0.1266,36,3,150
Middle East,reference,Gompertz,ascend,2179,Sabatayn,151,44.5899,130.2296,0.3424,16.486558,0.5464,0.385,110,4,130
Middle East,reference,Gompertz,ascend,2179,Al Daww,0,0.0,0.0,0.0,20.839918,0.0,0.4867,0,0,0
Middle East,reference,Logistic,ascend,2050,Gaziantep,60,0.1839,0.1839,1.0,0.003862,0.0011,0.0029,1,1,140
Middle East,reference,Logistic,ascend,2050,Diyarbakir,44,0.3288,0.3288,1.0,0.006905,0.0019,0.0052,1,2,130
Middle East,reference,Logistic,ascend,2050,Sinjar,167,58.4715,58.4715,1.0,0.87409,0.3425,0.6556,56,3,90
Middle East,reference,Logistic,ascend,2050,Sabatayn,151,111.7465,282.8197,0.3951,0.448504,0.6545,0.3364,225,4,60
Middle East,reference,Logistic,ascend,2050,Al Daww,0,0.0,0.0,0.0,0.0,0.0,0.0,0,0,0
Middle East,reference,Logistic,ascend,2050,Sayun-Masila,0,0.0,0.0,0.0,0.0,0.0,0.0,0,0,0
Middle East,reference,Logistic,ascend,2100,Gaziantep,60,0.1839,0.1839,1.0,0.013057,0.0007,0.0003,1,1,140
Middle East,reference,Logistic,ascend,2100,Diyarbakir,44,0.3288,0.3288,1.0,0.023347,0.0013,0.0005,1,2,130
Middle East,reference,Logistic,ascend,2100,Sinjar,167,58.4715,58.4715,1.0,3.797663,0.2299,0.0871,56,3,90
Middle East,reference,Logistic,ascend,2100,Sabatayn,151,195.3059,282.8197,0.6906,13.964413,0.768,0.3202,225,4,60
Middle East,reference,Logistic,ascend,2100,Al Daww,0,0.0,0.0,0.0,20.792919,0.0,0.4768,0,0,0
Middle East,reference,Logistic,ascend,2100,Sayun-Masila,0,0.0,0.0,0.0,5.013503,0.0,0.115,0,0,0
Middle East,reference,Logistic,ascend,2179,Gaziantep,60,0.0087,0.1839,0.0473,0.024558,1.0,0.0005,1,1,140
Middle East,reference,Logistic,ascend,2179,Diyarbakir,0,0.0,0.0,0.0,0.040024,0.0,0.0009,0,0,0
Middle East,reference,Logistic,ascend,2179,Sinjar,0,0.0,0.0,0.0,4.881573,0.0,0.1073,0,0,0
Middle East,reference,Logistic,ascend,2179,Sabatayn,0,0.0,0.0,0.0,14.754136,0.0,0.3242,0,0,0
Middle East,reference,Logistic,ascend,2179,Al Daww,0,0.0,0.0,0.0,20.792919,0.0,0.4569,0,0,0
Middle East,reference,Logistic,ascend,2179,Sayun-Masila,0,0.0,0.0,0.0,5.013503,0.0,0.1102,0,0,0
Thailand,reference,Gompertz,ascend,2050,Kra-Gulf of Thailand,80,10.9965,34.3442,0.3202,0.093473,1.0,1.0,30,1,130
Thailand,reference,Gompertz,ascend,2050,Pattani,0,0.0,0.0,0.0,0.0,0.0,0.0,0,0,0
Thailand,reference,Gompertz,ascend,2100,Kra-Gulf of Thailand,80,34.3442,34.3442,1.0,1.625386,0.3675,0.5797,30,1,130
Thailand,reference,Gompertz,ascend,2100,Pattani,135,59.1068,325.7147,0.1815,1.178327,0.6325,0.4203,12,2,120
Thailand,reference,Gompertz,ascend,2179,Kra-Gulf of Thailand,80,34.3442,34.3442,1.0,4.338581,0.8567,0.494,30,1,130
Thailand,reference,Gompertz,ascend,2179,Pattani,135,5.7441,325.7147,0.0176,4.443993,0.1433,0.506,12,2,120
Thailand,reference,Logistic,ascend,2050,Kra-Gulf of Thailand,80,10.9965,60.9149,0.1805,0.077215,1.0,1.0,49,1,60
Thailand,reference,Logistic,ascend,2050,Pattani,0,0.0,0.0,0.0,0.0,0.0,0.0,0,0,0
Thailand,reference,Logistic,ascend,2100,Kra-Gulf of Thailand,80,60.9149,60.9149,1.0,2.766894,0.5279,0.2853,49,1,60
Thailand,reference,Logistic,ascend,2100,Pattani,135,54.4869,782.2883,0.0697,6.93193,0.4721,0.7147,49,2,50
Thailand,reference,Logistic,ascend,2179,Kra-Gulf of Thailand,80,0.0012,60.9149,0.0,3.468767,1.0,0.3305,49,1,60
Thailand,reference,Logistic,ascend,2179,Pattani,0,0.0,0.0,0.0,7.027512,0.0,0.6695,0,0,0
UK,reference,Gompertz,ascend,2050,East Midlands,51,10.5738,10.5738,1.0,0.22205,0.0445,0.1,9,1,150
UK,reference,Gompertz,ascend,2050,Southern North Sea,176,43.7188,43.7188,1.0,0.798363,0.184,0.3597,42,2,150
UK,reference,Gompertz,ascend,2050,Wessex,197,63.0608,63.0608,1.0,0.702948,0.2654,0.3167,49,3,140
UK,reference,Gompertz,ascend,2050,Moray Firth,101,120.1381,120.1381,1.0,0.49608,0.5057,0.2235,100,4,130
UK,reference,Gompertz,ascend,2050,Central North Sea,34,0.0952,290.4194,0.0003,9.5e-05,0.0004,0.0,256,5,90
UK,reference,Gompertz,ascend,2050,Faroe-Shetland,0,0.0,0.0,0.0,0.0,0.0,0.0,0,0,0
UK,reference,Gompertz,ascend,2100,East Midlands,51,10.5738,10.5738,1.0,0.75074,0.0125,0.0209,9,1,150
UK,reference,Gompertz,ascend,2100,Southern North Sea,176,43.7188,43.7188,1.0,2.9843,0.0517,0.0832,42,2,150
UK,reference,Gompertz,ascend,2100,Wessex,197,63.0608,63.0608,1.0,3.855988,0.0746,0.1075,49,3,140
UK,reference,Gompertz,ascend,2100,Moray Firth,101,120.1381,120.1381,1.0,6.502987,0.1422,0.1814,100,4,130
UK,reference,Gompertz,ascend,2100,Central North Sea,34,290.4194,290.4194,1.0,12.616015,0.3437,0.3519,256,5,90
UK,reference,Gompertz,ascend,2100,Faroe-Shetland,55,317.1208,1225.7071,0.2587,9.143298,0.3753,0.255,25,6,70
UK,reference,Gompertz,ascend,2179,East Midlands,51,10.5738,10.5738,1.0,1.586069,0.0668,0.0219,9,1,150
UK,reference,Gompertz,ascend,2179,Southern North Sea,176,43.7188,43.7188,1.0,6.438082,0.2763,0.0887,42,2,150
UK,reference,Gompertz,ascend,2179,Wessex,197,63.0608,63.0608,1.0,8.837791,0.3986,0.1218,49,3,140
UK,reference,Gompertz,ascend,2179,Moray Firth,101,40.8676,120.1381,0.3402,15.333304,0.2583,0.2113,100,4,130
UK,reference,Gompertz,ascend,2179,Central North Sea,0,0.0,0.0,0.0,25.936085,0.0,0.3575,0,0,0
UK,reference,Gompertz,ascend,2179,Faroe-Shetland,0,0.0,0.0,0.0,14.420737,0.0,0.1988,0,0,0
UK,reference,Logistic,ascend,2050,East Midlands,51,14.4472,14.4472,1.0,0.303391,0.0608,0.1709,12,1,110
UK,reference,Logistic,ascend,2050,Southern North Sea,176,76.5702,76.5702,1.0,0.952204,0.3223,0.5363,56,2,80
UK,reference,Logistic,ascend,2050,Wessex,197,122.2986,122.2986,1.0,0.495533,0.5148,0.2791,49,3,70
UK,reference,Logistic,ascend,2050,Moray Firth,101,24.2706,290.9913,0.0834,0.024271,0.1022,0.0137,240,4,50
UK,reference,Logistic,ascend,2050,Central North Sea,0,0.0,0.0,0.0,0.0,0.0,0.0,0,0,0
UK,reference,Logistic,ascend,2050,Faroe-Shetland,0,0.0,0.0,0.0,0.0,0.0,0.0,0,0,0
UK,reference,Logistic,ascend,2100,East Midlands,51,14.4472,14.4472,1.0,1.025752,0.0336,0.0137,12,1,110
UK,reference,Logistic,ascend,2100,Southern North Sea,176,76.5702,76.5702,1.0,4.780716,0.1783,0.0639,56,2,80
UK,reference,Logistic,ascend,2100,Wessex,197,122.2986,122.2986,1.0,6.610463,0.2848,0.0883,49,3,70
UK,reference,Logistic,ascend,2100,Moray Firth,101,216.1566,290.9913,0.7428,13.744082,0.5033,0.1836,240,4,50
UK,reference,Logistic,ascend,2100,Central North Sea,0,0.0,0.0,0.0,23.169096,0.0,0.3095,0,0,0
UK,reference,Logistic,ascend,2100,Faroe-Shetland,0,0.0,0.0,0.0,25.529833,0.0,0.341,0,0,0
UK,reference,Logistic,ascend,2179,East Midlands,51,0.0085,14.4472,0.0006,1.486664,1.0,0.0191,12,1,110
UK,reference,Logistic,ascend,2179,Southern North Sea,0,0.0,0.0,0.0,6.005789,0.0,0.0771,0,0,0
UK,reference,Logistic,ascend,2179,Wessex,0,0.0,0.0,0.0,7.542017,0.0,0.0968,0,0,0
UK,reference,Logistic,ascend,2179,Moray Firth,0,0.0,0.0,0.0,14.160672,0.0,0.1818,0,0,0
UK,reference,Logistic,ascend,2179,Central North Sea,0,0.0,0.0,0.0,23.169096,0.0,0.2974,0,0,0
UK,reference,Logistic,ascend,2179,Faroe-Shetland,0,0.0,0.0,0.0,25.529833,0.0,0.3278,0,0,0
US,reference,Gompertz,ascend,2050,Paradox,133,0.0538,0.0538,1.0,0.001129,0.0,0.0001,1,1,150
US,reference,Gompertz,ascend,2050,Appalachian,7,0.0887,0.0887,1.0,0.001863,0.0,0.0001,1,2,150
US,reference,Gompertz,ascend,2050,Denver,43,0.1582,0.1582,1.0,0.003323,0.0001,0.0002,1,3,150
US,reference,Gompertz,ascend,2050,Arkoma,10,0.5332,0.5332,1.0,0.011197,0.0003,0.0005,1,4,150
US,reference,Gompertz,ascend,2050,Big Horn,21,0.5351,0.5351,1.0,0.011237,0.0003,0.0005,1,5,150
US,reference,Gompertz,ascend,2050,Green River,65,0.7131,0.7131,1.0,0.014975,0.0003,0.0007,1,6,150
US,reference,Gompertz,ascend,2050,Black Warrior,23,0.9946,0.9946,1.0,0.020887,0.0005,0.001,1,7,150
US,reference,Gompertz,ascend,2050,Powder River,144,14.1,14.1,1.0,0.296101,0.0068,0.0143,12,8,150
US,reference,Gompertz,ascend,2050,Laramie,86,40.7726,40.7726,1.0,0.856225,0.0197,0.0412,30,9,150
US,reference,Gompertz,ascend,2050,San Juan,156,30.4637,30.4637,1.0,0.639737,0.0147,0.0308,16,10,150
US,reference,Gompertz,ascend,2050,Cook Inlet,39,55.1146,55.1146,1.0,1.157407,0.0266,0.0557,49,11,150
US,reference,Gompertz,ascend,2050,Palo Duro,130,71.3579,71.3579,1.0,1.498517,0.0345,0.0722,64,12,150
US,reference,Gompertz,ascend,2050,Sacramento,152,191.4763,191.4763,1.0,3.65241,0.0925,0.1759,156,13,150
US,reference,Gompertz,ascend,2050,Fort Worth,57,381.0439,381.0439,1.0,5.396081,0.1841,0.2598,380,14,150
US,reference,Gompertz,ascend,2050,San Joaquin,154,496.4737,496.4737,1.0,4.473668,0.2398,0.2154,380,15,140
US,reference,Gompertz,ascend,2050,Los Angeles,89,786.309,944.5879,0.8324,2.731997,0.3798,0.1316,100,16,110
US,reference,Gompertz,ascend,2050,Anadarko,0,0.0,0.0,0.0,0.0,0.0,0.0,0,0,0
US,reference,Gompertz,ascend,2050,Illinois,0,0.0,0.0,0.0,0.0,0.0,0.0,0,0,0
US,reference,Gompertz,ascend,2100,Paradox,133,0.0538,0.0538,1.0,0.003817,0.0,0.0,1,1,150
US,reference,Gompertz,ascend,2100,Appalachian,7,0.0887,0.0887,1.0,0.006297,0.0,0.0,1,2,150
US,reference,Gompertz,ascend,2100,Denver,43,0.1582,0.1582,1.0,0.011234,0.0,0.0,1,3,150
US,reference,Gompertz,ascend,2100,Arkoma,10,0.5332,0.5332,1.0,0.037857,0.0001,0.0001,1,4,150
US,reference,Gompertz,ascend,2100,Big Horn,21,0.5351,0.5351,1.0,0.037992,0.0001,0.0001,1,5,150
US,reference,Gompertz,ascend,2100,Green River,65,0.7131,0.7131,1.0,0.050629,0.0001,0.0002,1,6,150
US,reference,Gompertz,ascend,2100,Black Warrior,23,0.9946,0.9946,1.0,0.070618,0.0002,0.0003,1,7,150
US,reference,Gompertz,ascend,2100,Powder River,144,14.1,14.1,1.0,1.001103,0.0026,0.0039,12,8,150
US,reference,Gompertz,ascend,2100,Laramie,86,40.7726,40.7726,1.0,2.894856,0.0076,0.0112,30,9,150
US,reference,Gompertz,ascend,2100,San Juan,156,30.4637,30.4637,1.0,2.162921,0.0056,0.0083,16,10,150
US,reference,Gompertz,ascend,2100,Cook Inlet,39,55.1146,55.1146,1.0,3.913137,0.0102,0.0151,49,11,150
US,reference,Gompertz,ascend,2100,Palo Duro,130,71.3579,71.3579,1.0,5.066414,0.0132,0.0196,64,12,150
US,reference,Gompertz,ascend,2100,Sacramento,152,191.4763,191.4763,1.0,13.226224,0.0355,0.051,156,13,150
US,reference,Gompertz,ascend,2100,Fort Worth,57,381.0439,381.0439,1.0,24.448278,0.0706,0.0944,380,14,150
US,reference,Gompertz,ascend,2100,San Joaquin,154,496.4737,496.4737,1.0,29.297353,0.092,0.1131,380,15,140
US,reference,Gompertz,ascend,2100,Los Angeles,89,944.5879,944.5879,1.0,49.944913,0.1751,0.1928,100,16,110
US,reference,Gompertz,ascend,2100,Anadarko,6,1793.5408,1793.5408,1.0,77.702664,0.3324,0.2999,961,17,80
US,reference,Gompertz,ascend,2100,Illinois,71,1373.4859,2460.9542,0.5581,49.235036,0.2546,0.19,1122,18,60
US,reference,Gompertz,ascend,2179,Paradox,133,0.0538,0.0538,1.0,0.008065,0.0001,0.0,1,1,150
US,reference,Gompertz,ascend,2179,Appalachian,7,0.0887,0.0887,1.0,0.013304,0.0001,0.0,1,2,150
US,reference,Gompertz,ascend,2179,Denver,43,0.1582,0.1582,1.0,0.023735,0.0002,0.0,1,3,150
US,reference,Gompertz,ascend,2179,Arkoma,10,0.5332,0.5332,1.0,0.07998,0.0006,0.0002,1,4,150
US,reference,Gompertz,ascend,2179,Big Horn,21,0.5351,0.5351,1.0,0.080265,0.0006,0.0002,1,5,150
US,reference,Gompertz,ascend,2179,Green River,65,0.7131,0.7131,1.0,0.106963,0.0008,0.0002,1,6,150
US,reference,Gompertz,ascend,2179,Black Warrior,23,0.9946,0.9946,1.0,0.149193,0.0012,0.0003,1,7,150
US,reference,Gompertz,ascend,2179,Powder River,144,14.1,14.1,1.0,2.115006,0.0164,0.0044,12,8,150
US,reference,Gompertz,ascend,2179,Laramie,86,40.7726,40.7726,1.0,6.115893,0.0473,0.0128,30,9,150
US,reference,Gompertz,ascend,2179,San Juan,156,30.4637,30.4637,1.0,4.569552,0.0354,0.0096,16,10,150
US,reference,Gompertz,ascend,2179,Cook Inlet,39,55.1146,55.1146,1.0,8.267192,0.064,0.0173,49,11,150
US,reference,Gompertz,ascend,2179,Palo Duro,130,71.3579,71.3579,1.0,10.703691,0.0828,0.0225,64,12,150
US,reference,Gompertz,ascend,2179,Sacramento,152,191.4763,191.4763,1.0,28.352851,0.2222,0.0595,156,13,150
US,reference,Gompertz,ascend,2179,Fort Worth,57,381.0439,381.0439,1.0,54.55075,0.4422,0.1145,380,14,150
US,reference,Gompertz,ascend,2179,San Joaquin,154,74.3132,496.4737,0.1497,65.203854,0.0862,0.1368,380,15,140
US,reference,Gompertz,ascend,2179,Los Angeles,0,0.0,0.0,0.0,100.68314,0.0,0.2113,0,0,0
US,reference,Gompertz,ascend,2179,Anadarko,0,0.0,0.0,0.0,133.080715,0.0,0.2792,0,0,0
US,reference,Gompertz,ascend,2179,Illinois,0,0.0,0.0,0.0,62.493684,0.0,0.1311,0,0,0
US,reference,Logistic,ascend,2050,Paradox,133,0.0538,0.0538,1.0,0.001129,0.0,0.0001,1,1,150
US,reference,Logistic,ascend,2050,Appalachian,7,0.0887,0.0887,1.0,0.001863,0.0,0.0001,1,2,150
US,reference,Logistic,ascend,2050,Denver,43,0.1582,0.1582,1.0,0.003323,0.0001,0.0002,1,3,150
US,reference,Logistic,ascend,2050,Arkoma,10,0.5344,0.5344,1.0,0.011221,0.0003,0.0007,1,4,140
US,reference,Logistic,ascend,2050,Big Horn,21,0.5361,0.5361,1.0,0.011259,0.0003,0.0007,1,5,140
US,reference,Logistic,ascend,2050,Green River,65,0.716,0.716,1.0,0.015037,0.0003,0.0009,1,6,130
US,reference,Logistic,ascend,2050,Black Warrior,23,0.9973,0.9973,1.0,0.020942,0.0005,0.0013,1,7,130
US,reference,Logistic,ascend,2050,Powder River,144,18.432,18.432,1.0,0.387073,0.0089,0.0233,16,8,120
US,reference,Logistic,ascend,2050,Laramie,86,46.5494,46.5494,1.0,0.977537,0.0225,0.0589,30,9,110
US,reference,Logistic,ascend,2050,San Juan,156,41.3688,41.3688,1.0,0.868744,0.02,0.0524,36,10,100
US,reference,Logistic,ascend,2050,Cook Inlet,39,78.4527,78.4527,1.0,1.631879,0.0379,0.0984,72,11,100
US,reference,Logistic,ascend,2050,Palo Duro,130,120.5963,120.5963,1.0,2.133033,0.0583,0.1286,110,12,90
US,reference,Logistic,ascend,2050,Sacramento,152,357.6415,357.6415,1.0,4.451242,0.1728,0.2683,289,13,80
US,reference,Logistic,ascend,2050,Fort Worth,57,823.2028,823.2028,1.0,5.006097,0.3976,0.3018,729,14,70
US,reference,Logistic,ascend,2050,San Joaquin,154,580.8605,1176.1909,0.4938,1.067973,0.2806,0.0644,1122,15,60
US,reference,Logistic,ascend,2050,Los Angeles,0,0.0,0.0,0.0,0.0,0.0,0.0,0,0,0
US,reference,Logistic,ascend,2050,Anadarko,0,0.0,0.0,0.0,0.0,0.0,0.0,0,0,0
US,reference,Logistic,ascend,2050,Illinois,0,0.0,0.0,0.0,0.0,0.0,0.0,0,0,0
US,reference,Logistic,ascend,2100,Paradox,133,0.0538,0.0538,1.0,0.003817,0.0,0.0,1,1,150
US,reference,Logistic,ascend,2100,Appalachian,7,0.0887,0.0887,1.0,0.006297,0.0,0.0,1,2,150
US,reference,Logistic,ascend,2100,Denver,43,0.1582,0.1582,1.0,0.011234,0.0001,0.0,1,3,150
US,reference,Logistic,ascend,2100,Arkoma,10,0.5344,0.5344,1.0,0.037939,0.0002,0.0001,1,4,140
US,reference,Logistic,ascend,2100,Big Horn,21,0.5361,0.5361,1.0,0.038065,0.0002,0.0001,1,5,140
US,reference,Logistic,ascend,2100,Green River,65,0.716,0.716,1.0,0.050839,0.0002,0.0001,1,6,130
US,reference,Logistic,ascend,2100,Black Warrior,23,0.9973,0.9973,1.0,0.070805,0.0003,0.0001,1,7,130
US,reference,Logistic,ascend,2100,Powder River,144,18.432,18.432,1.0,1.308674,0.0063,0.0027,16,8,120
US,reference,Logistic,ascend,2100,Laramie,86,46.5494,46.5494,1.0,3.305006,0.016,0.0069,30,9,110
US,reference,Logistic,ascend,2100,San Juan,156,41.3688,41.3688,1.0,2.937183,0.0142,0.0061,36,10,100
US,reference,Logistic,ascend,2100,Cook Inlet,39,78.4527,78.4527,1.0,5.554515,0.0269,0.0115,72,11,100
US,reference,Logistic,ascend,2100,Palo Duro,130,120.5963,120.5963,1.0,8.162848,0.0414,0.0169,110,12,90
US,reference,Logistic,ascend,2100,Sacramento,152,357.6415,357.6415,1.0,22.333317,0.1228,0.0463,289,13,80
US,reference,Logistic,ascend,2100,Fort Worth,57,823.2028,823.2028,1.0,46.166238,0.2827,0.0957,729,14,70
US,reference,Logistic,ascend,2100,San Joaquin,154,1176.1909,1176.1909,1.0,59.497291,0.4039,0.1234,1122,15,60
US,reference,Logistic,ascend,2100,Los Angeles,89,246.6493,1875.921,0.1315,81.693529,0.0847,0.1694,729,16,50
US,reference,Logistic,ascend,2100,Anadarko,0,0.0,0.0,0.0,117.130634,0.0,0.2429,0,0,0
US,reference,Logistic,ascend,2100,Illinois,0,0.0,0.0,0.0,133.858029,0.0,0.2776,0,0,0
US,reference,Logistic,ascend,2179,Paradox,133,0.0538,0.0538,1.0,0.008065,0.3946,0.0,1,1,150
US,reference,Logistic,ascend,2179,Appalachian,7,0.0825,0.0887,0.9303,0.013297,0.6054,0.0,1,2,150
US,reference,Logistic,ascend,2179,Denver,0,0.0,0.0,0.0,0.02308,0.0,0.0,0,0,0
US,reference,Logistic,ascend,2179,Arkoma,0,0.0,0.0,0.0,0.074067,0.0,0.0001,0,0,0
US,reference,Logistic,ascend,2179,Big Horn,0,0.0,0.0,0.0,0.071401,0.0,0.0001,0,0,0
US,reference,Logistic,ascend,2179,Green River,0,0.0,0.0,0.0,0.092796,0.0,0.0002,0,0,0
US,reference,Logistic,ascend,2179,Black Warrior,0,0.0,0.0,0.0,0.126099,0.0,0.0002,0,0,0
US,reference,Logistic,ascend,2179,Powder River,0,0.0,0.0,0.0,2.120955,0.0,0.0042,0,0,0
US,reference,Logistic,ascend,2179,Laramie,0,0.0,0.0,0.0,4.859689,0.0,0.0096,0,0,0
US,reference,Logistic,ascend,2179,San Juan,0,0.0,0.0,0.0,4.082838,0.0,0.0081,0,0,0
US,reference,Logistic,ascend,2179,Cook Inlet,0,0.0,0.0,0.0,7.411631,0.0,0.0147,0,0,0
US,reference,Logistic,ascend,2179,Palo Duro,0,0.0,0.0,0.0,10.526303,0.0,0.0209,0,0,0
US,reference,Logistic,ascend,2179,Sacramento,0,0.0,0.0,0.0,27.469323,0.0,0.0544,0,0,0
US,reference,Logistic,ascend,2179,Fort Worth,0,0.0,0.0,0.0,52.739717,0.0,0.1045,0,0,0
US,reference,Logistic,ascend,2179,San Joaquin,0,0.0,0.0,0.0,62.426426,0.0,0.1237,0,0,0
US,reference,Logistic,ascend,2179,Los Angeles,0,0.0,0.0,0.0,81.693529,0.0,0.1619,0,0,0
US,reference,Logistic,ascend,2179,Anadarko,0,0.0,0.0,0.0,117.130634,0.0,0.2321,0,0,0
US,reference,Logistic,ascend,2179,Illinois,0,0.0,0.0,0.0,133.858029,0.0,0.2652,0,0,0
Australia,us1gt,Gompertz,ascend,2050,Adavale,1,0.2002,0.2002,1.0,0.004205,0.0011,0.0029,1,1,150
Australia,us1gt,Gompertz,ascend,2050,Bowen-Surat,27,0.619,0.619,1.0,0.012998,0.0035,0.0091,1,2,150
Australia,us1gt,Gompertz,ascend,2050,Canning,31,48.6216,48.6216,1.0,0.791506,0.2775,0.5523,36,3,150
Australia,us1gt,Gompertz,ascend,2050,Gippsland,63,125.7421,129.6462,0.9699,0.624392,0.7178,0.4357,100,4,140
Australia,us1gt,Gompertz,ascend,2050,Bass,0,0.0,0.0,0.0,0.0,0.0,0.0,0,0,0
Australia,us1gt,Gompertz,ascend,2050,Perth,0,0.0,0.0,0.0,0.0,0.0,0.0,0,0,0
Australia,us1gt,Gompertz,ascend,2050,Bonaparte,0,0.0,0.0,0.0,0.0,0.0,0.0,0,0,0
Australia,us1gt,Gompertz,ascend,2050,North Carnarvon,0,0.0,0.0,0.0,0.0,0.0,0.0,0,0,0
Australia,us1gt,Gompertz,ascend,2050,Browse,0,0.0,0.0,0.0,0.0,0.0,0.0,0,0,0
Australia,us1gt,Gompertz,ascend,2100,Adavale,1,0.2002,0.2002,1.0,0.014217,0.0001,0.0002,1,1,150
Australia,us1gt,Gompertz,ascend,2100,Bowen-Surat,27,0.619,0.619,1.0,0.043946,0.0002,0.0007,1,2,150
Australia,us1gt,Gompertz,ascend,2100,Canning,31,48.6216,48.6216,1.0,3.222585,0.0171,0.0479,36,3,150
Australia,us1gt,Gompertz,ascend,2100,Gippsland,63,129.6462,129.6462,1.0,7.106702,0.0455,0.1056,100,4,140
Australia,us1gt,Gompertz,ascend,2100,Bass,17,135.9107,135.9107,1.0,6.40767,0.0477,0.0952,132,5,130
Australia,us1gt,Gompertz,ascend,2100,Perth,139,139.7935,139.7935,1.0,5.883577,0.0491,0.0875,121,6,130
Australia,us1gt,Gompertz,ascend,2100,Bonaparte,25,363.9823,363.9823,1.0,12.953142,0.1278,0.1925,272,7,120
Australia,us1gt,Gompertz,ascend,2100,North Carnarvon,113,717.3272,717.3272,1.0,18.233658,0.2519,0.271,676,8,110
Australia,us1gt,Gompertz,ascend,2100,Browse,28,1311.0037,2479.4362,0.5288,13.41236,0.4605,0.1994,210,9,100
Australia,us1gt,Gompertz,ascend,2179,Adavale,1,0.2002,0.2002,1.0,0.030037,0.0001,0.0001,1,1,150
Australia,us1gt,Gompertz,ascend,2179,Bowen-Surat,27,0.619,0.619,1.0,0.092844,0.0002,0.0003,1,2,150
Australia,us1gt,Gompertz,ascend,2179,Canning,31,48.6216,48.6216,1.0,7.063689,0.0176,0.0204,36,3,150
Australia,us1gt,Gompertz,ascend,2179,Gippsland,63,129.6462,129.6462,1.0,17.348751,0.0468,0.0502,100,4,140
Australia,us1gt,Gompertz,ascend,2179,Bass,17,135.9107,135.9107,1.0,17.144616,0.0491,0.0496,132,5,130
Australia,us1gt,Gompertz,ascend,2179,Perth,139,139.7935,139.7935,1.0,16.927266,0.0505,0.049,121,6,130
Australia,us1gt,Gompertz,ascend,2179,Bonaparte,25,363.9823,363.9823,1.0,41.707742,0.1314,0.1207,272,7,120
Australia,us1gt,Gompertz,ascend,2179,North Carnarvon,113,717.3272,717.3272,1.0,74.902503,0.259,0.2168,676,8,110
Australia,us1gt,Gompertz,ascend,2179,Browse,28,1233.7532,2479.4362,0.4976,170.202518,0.4454,0.4927,210,9,100
Australia,us1gt,Logistic,ascend,2050,Adavale,1,0.2002,0.2002,1.0,0.004205,0.0011,0.0034,1,1,150
Australia,us1gt,Logistic,ascend,2050,Bowen-Surat,27,0.619,0.619,1.0,0.012998,0.0035,0.0107,1,2,150
Australia,us1gt,Logistic,ascend,2050,Canning,31,65.4729,65.4729,1.0,0.84406,0.3737,0.6918,64,3,110
Australia,us1gt,Logistic,ascend,2050,Gippsland,63,108.8908,177.3312,0.6141,0.358872,0.6216,0.2941,100,4,90
Australia,us1gt,Logistic,ascend,2050,Bass,0,0.0,0.0,0.0,0.0,0.0,0.0,0,0,0
Australia,us1gt,Logistic,ascend,2050,Perth,0,0.0,0.0,0.0,0.0,0.0,0.0,0,0,0
Australia,us1gt,Logistic,ascend,2050,Bonaparte,0,0.0,0.0,0.0,0.0,0.0,0.0,0,0,0
Australia,us1gt,Logistic,ascend,2050,North Carnarvon,0,0.0,0.0,0.0,0.0,0.0,0.0,0,0,0
Australia,us1gt,Logistic,ascend,2050,Browse,0,0.0,0.0,0.0,0.0,0.0,0.0,0,0,0
Australia,us1gt,Logistic,ascend,2100,Adavale,1,0.2002,0.2002,1.0,0.014217,0.0,0.0,1,1,150
Australia,us1gt,Logistic,ascend,2100,Bowen-Surat,27,0.619,0.619,1.0,0.043946,0.0001,0.0001,1,2,150
Australia,us1gt,Logistic,ascend,2100,Canning,31,65.4729,65.4729,1.0,4.117704,0.0058,0.0131,64,3,110
Australia,us1gt,Logistic,ascend,2100,Gippsland,63,177.3312,177.3312,1.0,9.176191,0.0157,0.0292,100,4,90
Australia,us1gt,Logistic,ascend,2100,Bass,17,224.3478,224.3478,1.0,10.271713,0.0199,0.0326,196,5,80
Australia,us1gt,Logistic,ascend,2100,Perth,139,267.391,267.391,1.0,11.267588,0.0237,0.0358,256,6,70
Australia,us1gt,Logistic,ascend,2100,Bonaparte,25,731.6423,731.6423,1.0,27.809366,0.0648,0.0883,650,7,60
Australia,us1gt,Logistic,ascend,2100,North Carnarvon,113,1564.0941,1564.0941,1.0,51.593553,0.1385,0.1639,1024,8,50
Australia,us1gt,Logistic,ascend,2100,Browse,28,8263.6341,8263.6341,1.0,200.478766,0.7316,0.6369,1521,9,30
Australia,us1gt,Logistic,ascend,2179,Adavale,1,0.1637,0.2002,0.8175,0.02999,1.0,0.0001,1,1,150
Australia,us1gt,Logistic,ascend,2179,Bowen-Surat,0,0.0,0.0,0.0,0.088076,0.0,0.0002,0,0,0
Australia,us1gt,Logistic,ascend,2179,Canning,0,0.0,0.0,0.0,7.016089,0.0,0.017,0,0,0
Australia,us1gt,Logistic,ascend,2179,Gippsland,0,0.0,0.0,0.0,14.943171,0.0,0.0362,0,0,0
Australia,us1gt,Logistic,ascend,2179,Bass,0,0.0,0.0,0.0,16.237514,0.0,0.0394,0,0,0
Australia,us1gt,Logistic,ascend,2179,Perth,0,0.0,0.0,0.0,17.398451,0.0,0.0422,0,0,0
Australia,us1gt,Logistic,ascend,2179,Bonaparte,0,0.0,0.0,0.0,41.561355,0.0,0.1008,0,0,0
Australia,us1gt,Logistic,ascend,2179,North Carnarvon,0,0.0,0.0,0.0,73.132084,0.0,0.1773,0,0,0
Australia,us1gt,Logistic,ascend,2179,Browse,0,0.0,0.0,0.0,242.076682,0.0,0.5869,0,0,0
Brazil,us1gt,Gompertz,ascend,2050,Tucano,189,0.477,0.477,1.0,0.010017,0.0006,0.0014,1,1,150
Brazil,us1gt,Gompertz,ascend,2050,Reconcavo,148,9.9168,9.9168,1.0,0.208252,0.0128,0.0296,9,2,150
Brazil,us1gt,Gompertz,ascend,2050,Sergipe-Alagoas,165,20.3301,20.3301,1.0,0.426931,0.0262,0.0606,20,3,150
Brazil,us1gt,Gompertz,ascend,2050,Espirito Santo,53,71.5205,71.5205,1.0,1.432346,0.0921,0.2034,49,4,150
Brazil,us1gt,Gompertz,ascend,2050,Potiguar,143,80.6804,80.6804,1.0,1.27028,0.1039,0.1804,49,5,150
Brazil,us1gt,Gompertz,ascend,2050,Solimoes,169,183.2199,183.2199,1.0,1.996669,0.2359,0.2836,182,6,140
Brazil,us1gt,Gompertz,ascend,2050,Campos,30,410.6064,683.8689,0.6004,1.696585,0.5286,0.241,576,7,130
Brazil,us1gt,Gompertz,ascend,2050,Barreirinhas-Para-Maranhao,0,0.0,0.0,0.0,0.0,0.0,0.0,0,0,0
Brazil,us1gt,Gompertz,ascend,2100,Tucano,189,0.477,0.477,1.0,0.033867,0.0001,0.0003,1,1,150
Brazil,us1gt,Gompertz,ascend,2100,Reconcavo,148,9.9168,9.9168,1.0,0.70409,0.0031,0.0054,9,2,150
Brazil,us1gt,Gompertz,ascend,2100,Sergipe-Alagoas,165,20.3301,20.3301,1.0,1.443435,0.0063,0.0112,20,3,150
Brazil,us1gt,Gompertz,ascend,2100,Espirito Santo,53,71.5205,71.5205,1.0,5.008369,0.0221,0.0388,49,4,150
Brazil,us1gt,Gompertz,ascend,2100,Potiguar,143,80.6804,80.6804,1.0,5.304299,0.0249,0.0411,49,5,150
Brazil,us1gt,Gompertz,ascend,2100,Solimoes,169,183.2199,183.2199,1.0,11.157666,0.0566,0.0864,182,6,140
Brazil,us1gt,Gompertz,ascend,2100,Campos,30,683.8689,683.8689,1.0,35.471058,0.2111,0.2745,576,7,130
Brazil,us1gt,Gompertz,ascend,2100,Barreirinhas-Para-Maranhao,16,2189.5887,2462.9383,0.889,70.088867,0.6759,0.5424,324,8,70
Brazil,us1gt,Gompertz,ascend,2179,Tucano,189,0.477,0.477,1.0,0.07155,0.0007,0.0003,1,1,150
Brazil,us1gt,Gompertz,ascend,2179,Reconcavo,148,9.9168,9.9168,1.0,1.487514,0.0148,0.0054,9,2,150
Brazil,us1gt,Gompertz,ascend,2179,Sergipe-Alagoas,165,20.3301,20.3301,1.0,3.04951,0.0303,0.011,20,3,150
Brazil,us1gt,Gompertz,ascend,2179,Espirito Santo,53,71.5205,71.5205,1.0,10.658486,0.1068,0.0385,49,4,150
Brazil,us1gt,Gompertz,ascend,2179,Potiguar,143,80.6804,80.6804,1.0,11.678048,0.1204,0.0422,49,5,150
Brazil,us1gt,Gompertz,ascend,2179,Solimoes,169,183.2199,183.2199,1.0,25.632042,0.2735,0.0927,182,6,140
Brazil,us1gt,Gompertz,ascend,2179,Campos,30,303.8019,683.8689,0.4442,85.883364,0.4535,0.3106,576,7,130
Brazil,us1gt,Gompertz,ascend,2179,Barreirinhas-Para-Maranhao,0,0.0,0.0,0.0,138.083937,0.0,0.4993,0,0,0
Brazil,us1gt,Logistic,ascend,2050,Tucano,189,0.4775,0.4775,1.0,0.010028,0.0006,0.0018,1,1,140
Brazil,us1gt,Logistic,ascend,2050,Reconcavo,148,12.8361,12.8361,1.0,0.269557,0.0165,0.0477,12,2,120
Brazil,us1gt,Logistic,ascend,2050,Sergipe-Alagoas,165,29.4123,29.4123,1.0,0.617659,0.0379,0.1094,25,3,100
Brazil,us1gt,Logistic,ascend,2050,Espirito Santo,53,124.4884,124.4884,1.0,1.898259,0.1603,0.3362,100,4,90
Brazil,us1gt,Logistic,ascend,2050,Potiguar,143,150.81,150.81,1.0,1.348058,0.1942,0.2388,100,5,80
Brazil,us1gt,Logistic,ascend,2050,Solimoes,169,367.176,367.176,1.0,1.410372,0.4727,0.2498,361,6,70
Brazil,us1gt,Logistic,ascend,2050,Campos,30,91.5507,1784.8026,0.0513,0.091551,0.1179,0.0162,1332,7,50
Brazil,us1gt,Logistic,ascend,2050,Barreirinhas-Para-Maranhao,0,0.0,0.0,0.0,0.0,0.0,0.0,0,0,0
Brazil,us1gt,Logistic,ascend,2100,Tucano,189,0.4775,0.4775,1.0,0.033906,0.0003,0.0001,1,1,140
Brazil,us1gt,Logistic,ascend,2100,Reconcavo,148,12.8361,12.8361,1.0,0.91136,0.0077,0.0032,12,2,120
Brazil,us1gt,Logistic,ascend,2100,Sergipe-Alagoas,165,29.4123,29.4123,1.0,2.088275,0.0176,0.0072,25,3,100
Brazil,us1gt,Logistic,ascend,2100,Espirito Santo,53,124.4884,124.4884,1.0,8.122682,0.0743,0.0282,100,4,90
Brazil,us1gt,Logistic,ascend,2100,Potiguar,143,150.81,150.81,1.0,8.888558,0.09,0.0308,100,5,80
Brazil,us1gt,Logistic,ascend,2100,Solimoes,169,367.176,367.176,1.0,19.769173,0.2191,0.0686,361,6,70
Brazil,us1gt,Logistic,ascend,2100,Campos,30,990.3933,1784.8026,0.5549,79.812808,0.5911,0.2769,1332,7,50
Brazil,us1gt,Logistic,ascend,2100,Barreirinhas-Para-Maranhao,0,0.0,0.0,0.0,168.632876,0.0,0.585,0,0,0
Brazil,us1gt,Logistic,ascend,2179,Tucano,189,0.0234,0.4775,0.0491,0.064493,1.0,0.0002,1,1,140
Brazil,us1gt,Logistic,ascend,2179,Reconcavo,0,0.0,0.0,0.0,1.426665,0.0,0.0048,0,0,0
Brazil,us1gt,Logistic,ascend,2179,Sergipe-Alagoas,0,0.0,0.0,0.0,2.944991,0.0,0.0098,0,0,0
Brazil,us1gt,Logistic,ascend,2179,Espirito Santo,0,0.0,0.0,0.0,10.605739,0.0,0.0354,0,0,0
Brazil,us1gt,Logistic,ascend,2179,Potiguar,0,0.0,0.0,0.0,10.953053,0.0,0.0365,0,0,0
Brazil,us1gt,Logistic,ascend,2179,Solimoes,0,0.0,0.0,0.0,22.901406,0.0,0.0764,0,0,0
Brazil,us1gt,Logistic,ascend,2179,Campos,0,0.0,0.0,0.0,82.166725,0.0,0.2742,0,0,0
Brazil,us1gt,Logistic,ascend,2179,Barreirinhas-Para-Maranhao,0,0.0,0.0,0.0,168.632876,0.0,0.5627,0,0,0
Canada,us1gt,Gompertz,ascend,2050,Beaufort-Mackenzie,18,0.3771,0.3771,1.0,0.007919,0.0013,0.0032,1,1,150
Canada,us1gt,Gompertz,ascend,2050,Scotian,163,295.2282,295.2282,1.0,2.484705,0.996,0.9965,272,2,140
Canada,us1gt,Gompertz,ascend,2050,Grand Banks,64,0.8004,406.6817,0.002,0.0008,0.0027,0.0003,361,3,130
Canada,us1gt,Gompertz,ascend,2100,Beaufort-Mackenzie,18,0.3771,0.3771,1.0,0.026773,0.0005,0.0008,1,1,150
Canada,us1gt,Gompertz,ascend,2100,Scotian,163,295.2282,295.2282,1.0,17.246113,0.4204,0.4853,272,2,140
Canada,us1gt,Gompertz,ascend,2100,Grand Banks,64,406.6817,406.6817,1.0,18.261763,0.5791,0.5139,361,3,130
Canada,us1gt,Gompertz,ascend,2179,Beaufort-Mackenzie,18,0.3771,0.3771,1.0,0.056563,0.0005,0.0006,1,1,150
Canada,us1gt,Gompertz,ascend,2179,Scotian,163,295.2282,295.2282,1.0,40.569139,0.4204,0.4457,272,2,140
Canada,us1gt,Gompertz,ascend,2179,Grand Banks,64,406.6817,406.6817,1.0,50.389617,0.5791,0.5536,361,3,130
Canada,us1gt,Logistic,ascend,2050,Beaufort-Mackenzie,18,0.3771,0.3771,1.0,0.007919,0.0013,0.0038,1,1,150
Canada,us1gt,Logistic,ascend,2050,Scotian,163,296.0286,510.6088,0.5798,2.07592,0.9987,0.9962,462,2,80
Canada,us1gt,Logistic,ascend,2050,Grand Banks,0,0.0,0.0,0.0,0.0,0.0,0.0,0,0,0
Canada,us1gt,Logistic,ascend,2100,Beaufort-Mackenzie,18,0.3771,0.3771,1.0,0.026773,0.0003,0.0004,1,1,150
Canada,us1gt,Logistic,ascend,2100,Scotian,163,510.6088,510.6088,1.0,27.269469,0.371,0.4245,462,2,80
Canada,us1gt,Logistic,ascend,2100,Grand Banks,64,865.3272,865.3272,1.0,36.945274,0.6287,0.5751,676,3,60
Canada,us1gt,Logistic,ascend,2179,Beaufort-Mackenzie,18,0.0725,0.3771,0.1922,0.054243,1.0,0.0006,1,1,150
Canada,us1gt,Logistic,ascend,2179,Scotian,0,0.0,0.0,0.0,39.903982,0.0,0.4489,0,0,0
Canada,us1gt,Logistic,ascend,2179,Grand Banks,0,0.0,0.0,0.0,48.93855,0.0,0.5505,0,0,0
China,us1gt,Gompertz,ascend,2050,Hailar-Temtsag,69,0.0402,0.0402,1.0,0.000845,0.0001,0.0002,1,1,150
China,us1gt,Gompertz,ascend,2050,Sichuan,166,0.1036,0.1036,1.0,0.002175,0.0002,0.0006,1,2,150
China,us1gt,Gompertz,ascend,2050,Santanghu,158,0.1058,0.1058,1.0,0.002223,0.0002,0.0006,1,3,150
China,us1gt,Gompertz,ascend,2050,Junggar,78,0.3654,0.3654,1.0,0.007673,0.0007,0.002,1,4,150
China,us1gt,Gompertz,ascend,2050,Jiuquan,77,0.4616,0.4616,1.0,0.009693,0.0009,0.0025,1,5,150
China,us1gt,Gompertz,ascend,2050,Sanshui,157,0.5507,0.5507,1.0,0.011565,0.0011,0.003,1,6,150
China,us1gt,Gompertz,ascend,2050,Bose,26,0.6099,0.6099,1.0,0.012809,0.0012,0.0033,1,7,150
China,us1gt,Gompertz,ascend,2050,Qaidam,146,0.6127,0.6127,1.0,0.012866,0.0012,0.0034,1,8,150
China,us1gt,Gompertz,ascend,2050,Jianghan,76,0.6968,0.6968,1.0,0.014634,0.0013,0.0038,1,9,150
China,us1gt,Gompertz,ascend,2050,Yilan-Yitong,201,21.066,21.066,1.0,0.434758,0.0405,0.1134,20,10,150
China,us1gt,Gompertz,ascend,2050,Turpan,192,27.2121,27.2121,1.0,0.470325,0.0523,0.1227,25,11,150
China,us1gt,Gompertz,ascend,2050,Songliao,170,45.1186,45.1186,1.0,0.625465,0.0867,0.1632,42,12,150
China,us1gt,Gompertz,ascend,2050,Nanxiang,107,73.3188,73.3188,1.0,0.767707,0.1409,0.2003,42,13,140
China,us1gt,Gompertz,ascend,2050,Erlian,52,61.1971,61.1971,1.0,0.479295,0.1176,0.1251,56,14,140
China,us1gt,Gompertz,ascend,2050,Subei,177,87.7169,87.7169,1.0,0.497983,0.1686,0.1299,25,15,140
China,us1gt,Gompertz,ascend,2050,Ordos,127,88.3452,88.3452,1.0,0.309416,0.1698,0.0807,81,16,140
China,us1gt,Gompertz,ascend,2050,Beibuwan,19,105.8662,105.8662,1.0,0.166094,0.2034,0.0433,100,17,140
China,us1gt,Gompertz,ascend,2050,Bohai Bay,24,7.0235,156.0208,0.045,0.007024,0.0135,0.0018,144,18,130
China,us1gt,Gompertz,ascend,2050,Pearl River Mouth,0,0.0,0.0,0.0,0.0,0.0,0.0,0,0,0
China,us1gt,Gompertz,ascend,2050,Huabei,0,0.0,0.0,0.0,0.0,0.0,0.0,0,0,0
China,us1gt,Gompertz,ascend,2050,Tarim,0,0.0,0.0,0.0,0.0,0.0,0.0,0,0,0
China,us1gt,Gompertz,ascend,2100,Hailar-Temtsag,69,0.0402,0.0402,1.0,0.002856,0.0,0.0,1,1,150
China,us1gt,Gompertz,ascend,2100,Sichuan,166,0.1036,0.1036,1.0,0.007355,0.0001,0.0001,1,2,150
China,us1gt,Gompertz,ascend,2100,Santanghu,158,0.1058,0.1058,1.0,0.007515,0.0001,0.0001,1,3,150
China,us1gt,Gompertz,ascend,2100,Junggar,78,0.3654,0.3654,1.0,0.02594,0.0003,0.0004,1,4,150
China,us1gt,Gompertz,ascend,2100,Jiuquan,77,0.4616,0.4616,1.0,0.03277,0.0003,0.0005,1,5,150
China,us1gt,Gompertz,ascend,2100,Sanshui,157,0.5507,0.5507,1.0,0.039101,0.0004,0.0006,1,6,150
China,us1gt,Gompertz,ascend,2100,Bose,26,0.6099,0.6099,1.0,0.043305,0.0004,0.0006,1,7,150
China,us1gt,Gompertz,ascend,2100,Qaidam,146,0.6127,0.6127,1.0,0.043499,0.0004,0.0006,1,8,150
China,us1gt,Gompertz,ascend,2100,Jianghan,76,0.6968,0.6968,1.0,0.049476,0.0005,0.0007,1,9,150
China,us1gt,Gompertz,ascend,2100,Yilan-Yitong,201,21.066,21.066,1.0,1.488057,0.015,0.0215,20,10,150
China,us1gt,Gompertz,ascend,2100,Turpan,192,27.2121,27.2121,1.0,1.83093,0.0194,0.0264,25,11,150
China,us1gt,Gompertz,ascend,2100,Songliao,170,45.1186,45.1186,1.0,2.881397,0.0321,0.0416,42,12,150
China,us1gt,Gompertz,ascend,2100,Nanxiang,107,73.3188,73.3188,1.0,4.433648,0.0522,0.064,42,13,140
China,us1gt,Gompertz,ascend,2100,Erlian,52,61.1971,61.1971,1.0,3.539151,0.0436,0.0511,56,14,140
China,us1gt,Gompertz,ascend,2100,Subei,177,87.7169,87.7169,1.0,4.883829,0.0625,0.0705,25,15,140
China,us1gt,Gompertz,ascend,2100,Ordos,127,88.3452,88.3452,1.0,4.726676,0.0629,0.0683,81,16,140
China,us1gt,Gompertz,ascend,2100,Beibuwan,19,105.8662,105.8662,1.0,5.459405,0.0754,0.0788,100,17,140
China,us1gt,Gompertz,ascend,2100,Bohai Bay,24,156.0208,156.0208,1.0,7.697424,0.1112,0.1112,144,18,130
China,us1gt,Gompertz,ascend,2100,Pearl River Mouth,136,211.3555,211.3555,1.0,9.879267,0.1506,0.1427,210,19,130
China,us1gt,Gompertz,ascend,2100,Huabei,70,227.7138,227.7138,1.0,10.020665,0.1622,0.1447,210,20,130
China,us1gt,Gompertz,ascend,2100,Tarim,183,295.0832,295.0832,1.0,12.152444,0.2102,0.1755,256,21,120
China,us1gt,Gompertz,ascend,2179,Hailar-Temtsag,69,0.0402,0.0402,1.0,0.006034,0.0,0.0,1,1,150
China,us1gt,Gompertz,ascend,2179,Sichuan,166,0.1036,0.1036,1.0,0.015539,0.0001,0.0001,1,2,150
China,us1gt,Gompertz,ascend,2179,Santanghu,158,0.1058,0.1058,1.0,0.015877,0.0001,0.0001,1,3,150
China,us1gt,Gompertz,ascend,2179,Junggar,78,0.3654,0.3654,1.0,0.054804,0.0004,0.0003,1,4,150
China,us1gt,Gompertz,ascend,2179,Jiuquan,77,0.4616,0.4616,1.0,0.069233,0.0004,0.0004,1,5,150
China,us1gt,Gompertz,ascend,2179,Sanshui,157,0.5507,0.5507,1.0,0.082608,0.0005,0.0005,1,6,150
China,us1gt,Gompertz,ascend,2179,Bose,26,0.6099,0.6099,1.0,0.091489,0.0006,0.0005,1,7,150
China,us1gt,Gompertz,ascend,2179,Qaidam,146,0.6127,0.6127,1.0,0.091899,0.0006,0.0005,1,8,150
China,us1gt,Gompertz,ascend,2179,Jianghan,76,0.6968,0.6968,1.0,0.104526,0.0007,0.0006,1,9,150
China,us1gt,Gompertz,ascend,2179,Yilan-Yitong,201,21.066,21.066,1.0,3.15227,0.0203,0.0177,20,10,150
China,us1gt,Gompertz,ascend,2179,Turpan,192,27.2121,27.2121,1.0,3.980686,0.0262,0.0224,25,11,150
China,us1gt,Gompertz,ascend,2179,Songliao,170,45.1186,45.1186,1.0,6.445768,0.0435,0.0363,42,12,150
China,us1gt,Gompertz,ascend,2179,Nanxiang,107,73.3188,73.3188,1.0,10.225835,0.0707,0.0575,42,13,140
China,us1gt,Gompertz,ascend,2179,Erlian,52,61.1971,61.1971,1.0,8.373724,0.059,0.0471,56,14,140
China,us1gt,Gompertz,ascend,2179,Subei,177,87.7169,87.7169,1.0,11.813466,0.0846,0.0664,25,15,140
China,us1gt,Gompertz,ascend,2179,Ordos,127,88.3452,88.3452,1.0,11.705947,0.0852,0.0658,81,16,140
China,us1gt,Gompertz,ascend,2179,Beibuwan,19,105.8662,105.8662,1.0,13.822836,0.1021,0.0777,100,17,140
China,us1gt,Gompertz,ascend,2179,Bohai Bay,24,156.0208,156.0208,1.0,20.023068,0.1505,0.1126,144,18,130
China,us1gt,Gompertz,ascend,2179,Pearl River Mouth,136,211.3555,211.3555,1.0,26.576355,0.2038,0.1495,210,19,130
China,us1gt,Gompertz,ascend,2179,Huabei,70,156.1015,227.7138,0.6855,27.882929,0.1506,0.1568,210,20,130
China,us1gt,Gompertz,ascend,2179,Tarim,0,0.0,0.0,0.0,33.267275,0.0,0.1871,0,0,0
China,us1gt,Logistic,ascend,2050,Hailar-Temtsag,69,0.0403,0.0403,1.0,0.000847,0.0001,0.0003,1,1,130
China,us1gt,Logistic,ascend,2050,Sichuan,166,0.104,0.104,1.0,0.002184,0.0002,0.0007,1,2,130
China,us1gt,Logistic,ascend,2050,Santanghu,158,0.1063,0.1063,1.0,0.002233,0.0002,0.0007,1,3,120
China,us1gt,Logistic,ascend,2050,Junggar,78,0.3671,0.3671,1.0,0.00771,0.0007,0.0025,1,4,120
China,us1gt,Logistic,ascend,2050,Jiuquan,77,0.4645,0.4645,1.0,0.009754,0.0009,0.0032,1,5,110
China,us1gt,Logistic,ascend,2050,Sanshui,157,0.5538,0.5538,1.0,0.01163,0.0011,0.0038,1,6,110
China,us1gt,Logistic,ascend,2050,Bose,26,0.6122,0.6122,1.0,0.012856,0.0012,0.0042,1,7,110
China,us1gt,Logistic,ascend,2050,Qaidam,146,0.6163,0.6163,1.0,0.012943,0.0012,0.0043,1,8,110
China,us1gt,Logistic,ascend,2050,Jianghan,76,0.6999,0.6999,1.0,0.014699,0.0013,0.0048,1,9,110
China,us1gt,Logistic,ascend,2050,Yilan-Yitong,201,33.6032,33.6032,1.0,0.612399,0.0646,0.202,30,10,90
China,us1gt,Logistic,ascend,2050,Turpan,192,52.9709,52.9709,1.0,0.638633,0.1018,0.2106,49,11,80
China,us1gt,Logistic,ascend,2050,Songliao,170,94.8414,94.8414,1.0,0.743554,0.1822,0.2452,90,12,70
China,us1gt,Logistic,ascend,2050,Nanxiang,107,105.3935,105.3935,1.0,0.509118,0.2025,0.1679,81,13,70
China,us1gt,Logistic,ascend,2050,Erlian,52,159.253,159.253,1.0,0.382508,0.306,0.1262,144,14,60
China,us1gt,Logistic,ascend,2050,Subei,177,70.7847,206.567,0.3427,0.070785,0.136,0.0233,182,15,60
China,us1gt,Logistic,ascend,2050,Ordos,0,0.0,0.0,0.0,0.0,0.0,0.0,0,0,0
China,us1gt,Logistic,ascend,2050,Beibuwan,0,0.0,0.0,0.0,0.0,0.0,0.0,0,0,0
China,us1gt,Logistic,ascend,2050,Bohai Bay,0,0.0,0.0,0.0,0.0,0.0,0.0,0,0,0
China,us1gt,Logistic,ascend,2050,Pearl River Mouth,0,0.0,0.0,0.0,0.0,0.0,0.0,0,0,0
China,us1gt,Logistic,ascend,2050,Huabei,0,0.0,0.0,0.0,0.0,0.0,0.0,0,0,0
China,us1gt,Logistic,ascend,2050,Tarim,0,0.0,0.0,0.0,0.0,0.0,0.0,0,0,0
China,us1gt,Logistic,ascend,2100,Hailar-Temtsag,69,0.0403,0.0403,1.0,0.002863,0.0,0.0,1,1,130
China,us1gt,Logistic,ascend,2100,Sichuan,166,0.104,0.104,1.0,0.007385,0.0001,0.0,1,2,130
China,us1gt,Logistic,ascend,2100,Santanghu,158,0.1063,0.1063,1.0,0.007549,0.0001,0.0,1,3,120
China,us1gt,Logistic,ascend,2100,Junggar,78,0.3671,0.3671,1.0,0.026066,0.0004,0.0002,1,4,120
China,us1gt,Logistic,ascend,2100,Jiuquan,77,0.4645,0.4645,1.0,0.032977,0.0005,0.0002,1,5,110
China,us1gt,Logistic,ascend,2100,Sanshui,157,0.5538,0.5538,1.0,0.039321,0.0006,0.0002,1,6,110
China,us1gt,Logistic,ascend,2100,Bose,26,0.6122,0.6122,1.0,0.043465,0.0006,0.0003,1,7,110
China,us1gt,Logistic,ascend,2100,Qaidam,146,0.6163,0.6163,1.0,0.043759,0.0006,0.0003,1,8,110
China,us1gt,Logistic,ascend,2100,Jianghan,76,0.6999,0.6999,1.0,0.049696,0.0007,0.0003,1,9,110
China,us1gt,Logistic,ascend,2100,Yilan-Yitong,201,33.6032,33.6032,1.0,2.292561,0.0346,0.0143,30,10,90
China,us1gt,Logistic,ascend,2100,Turpan,192,52.9709,52.9709,1.0,3.28718,0.0545,0.0204,49,11,80
China,us1gt,Logistic,ascend,2100,Songliao,170,94.8414,94.8414,1.0,5.485623,0.0976,0.0341,90,12,70
China,us1gt,Logistic,ascend,2100,Nanxiang,107,105.3935,105.3935,1.0,5.77879,0.1085,0.0359,81,13,70
China,us1gt,Logistic,ascend,2100,Erlian,52,159.253,159.253,1.0,8.345158,0.1639,0.0519,144,14,60
China,us1gt,Logistic,ascend,2100,Subei,177,206.567,206.567,1.0,10.367552,0.2126,0.0645,182,15,60
China,us1gt,Logistic,ascend,2100,Ordos,127,268.5672,268.5672,1.0,12.957635,0.2764,0.0806,240,16,50
China,us1gt,Logistic,ascend,2100,Beibuwan,19,46.9039,293.7078,0.1597,13.359517,0.0483,0.0831,196,17,50
China,us1gt,Logistic,ascend,2100,Bohai Bay,0,0.0,0.0,0.0,17.403984,0.0,0.1083,0,0,0
China,us1gt,Logistic,ascend,2100,Pearl River Mouth,0,0.0,0.0,0.0,27.22069,0.0,0.1693,0,0,0
China,us1gt,Logistic,ascend,2100,Huabei,0,0.0,0.0,0.0,25.488584,0.0,0.1586,0,0,0
China,us1gt,Logistic,ascend,2100,Tarim,0,0.0,0.0,0.0,28.509472,0.0,0.1774,0,0,0
China,us1gt,Logistic,ascend,2179,Hailar-Temtsag,69,0.0004,0.0403,0.0108,0.005258,1.0,0.0,1,1,130
China,us1gt,Logistic,ascend,2179,Sichuan,0,0.0,0.0,0.0,0.012577,0.0,0.0001,0,0,0
China,us1gt,Logistic,ascend,2179,Santanghu,0,0.0,0.0,0.0,0.012393,0.0,0.0001,0,0,0
China,us1gt,Logistic,ascend,2179,Junggar,0,0.0,0.0,0.0,0.041278,0.0,0.0002,0,0,0
China,us1gt,Logistic,ascend,2179,Jiuquan,0,0.0,0.0,0.0,0.050486,0.0,0.0003,0,0,0
China,us1gt,Logistic,ascend,2179,Sanshui,0,0.0,0.0,0.0,0.058766,0.0,0.0004,0,0,0
China,us1gt,Logistic,ascend,2179,Bose,0,0.0,0.0,0.0,0.06381,0.0,0.0004,0,0,0
China,us1gt,Logistic,ascend,2179,Qaidam,0,0.0,0.0,0.0,0.063264,0.0,0.0004,0,0,0
China,us1gt,Logistic,ascend,2179,Jianghan,0,0.0,0.0,0.0,0.071017,0.0,0.0004,0,0,0
China,us1gt,Logistic,ascend,2179,Yilan-Yitong,0,0.0,0.0,0.0,3.008224,0.0,0.0182,0,0,0
China,us1gt,Logistic,ascend,2179,Turpan,0,0.0,0.0,0.0,4.0565,0.0,0.0245,0,0,0
China,us1gt,Logistic,ascend,2179,Songliao,0,0.0,0.0,0.0,6.461447,0.0,0.039,0,0,0
China,us1gt,Logistic,ascend,2179,Nanxiang,0,0.0,0.0,0.0,6.539141,0.0,0.0395,0,0,0
China,us1gt,Logistic,ascend,2179,Erlian,0,0.0,0.0,0.0,9.117462,0.0,0.0551,0,0,0
China,us1gt,Logistic,ascend,2179,Subei,0,0.0,0.0,0.0,10.914319,0.0,0.0659,0,0,0
China,us1gt,Logistic,ascend,2179,Ordos,0,0.0,0.0,0.0,13.132302,0.0,0.0793,0,0,0
China,us1gt,Logistic,ascend,2179,Beibuwan,0,0.0,0.0,0.0,13.359517,0.0,0.0807,0,0,0
China,us1gt,Logistic,ascend,2179,Bohai Bay,0,0.0,0.0,0.0,17.403984,0.0,0.1051,0,0,0
China,us1gt,Logistic,ascend,2179,Pearl River Mouth,0,0.0,0.0,0.0,27.22069,0.0,0.1644,0,0,0
China,us1gt,Logistic,ascend,2179,Huabei,0,0.0,0.0,0.0,25.488584,0.0,0.1539,0,0,0
China,us1gt,Logistic,ascend,2179,Tarim,0,0.0,0.0,0.0,28.509472,0.0,0.1722,0,0,0
EU,us1gt,Gompertz,ascend,2050,Baltic,14,0.287,0.287,1.0,0.006027,0.0007,0.0013,1,1,150
EU,us1gt,Gompertz,ascend,2050,Polish,142,0.4338,0.4338,1.0,0.009111,0.001,0.002,1,2,150
EU,us1gt,Gompertz,ascend,2050,Sava,161,0.499,0.499,1.0,0.010479,0.0012,0.0023,1,3,150
EU,us1gt,Gompertz,ascend,2050,Transylvanian,187,0.5399,0.5399,1.0,0.011339,0.0012,0.0024,1,4,150
EU,us1gt,Gompertz,ascend,2050,Drava,48,0.6358,0.6358,1.0,0.013351,0.0015,0.0029,1,5,150
EU,us1gt,Gompertz,ascend,2050,North Carpathian,114,0.7276,0.7276,1.0,0.015279,0.0017,0.0033,1,6,150
EU,us1gt,Gompertz,ascend,2050,Crimea-Karkinit,41,0.7257,0.7257,1.0,0.015239,0.0017,0.0033,1,7,150
EU,us1gt,Gompertz,ascend,2050,Paris,134,0.8687,0.8687,1.0,0.018243,0.002,0.0039,1,8,150
EU,us1gt,Gompertz,ascend,2050,Zala,203,2.1849,2.1849,1.0,0.045883,0.0051,0.0099,2,9,150
EU,us1gt,Gompertz,ascend,2050,Vienna,194,14.7895,14.7895,1.0,0.31058,0.0342,0.0667,4,10,150
EU,us1gt,Gompertz,ascend,2050,Dnieper-Donets,45,22.1816,22.1816,1.0,0.465814,0.0513,0.1001,20,11,150
EU,us1gt,Gompertz,ascend,2050,Pannonian,131,31.9848,31.9848,1.0,0.663007,0.074,0.1424,30,12,150
EU,us1gt,Gompertz,ascend,2050,Norwegian,125,38.0984,38.0984,1.0,0.678558,0.0882,0.1458,36,13,150
EU,us1gt,Gompertz,ascend,2050,Moesian,100,43.4792,43.4792,1.0,0.638377,0.1007,0.1371,42,14,150
EU,us1gt,Gompertz,ascend,2050,Po,141,52.4242,52.4242,1.0,0.613045,0.1214,0.1317,49,15,140
EU,us1gt,Gompertz,ascend,2050,North Adriatic,112,62.6802,62.6802,1.0,0.542533,0.1451,0.1166,49,16,130
EU,us1gt,Gompertz,ascend,2050,Caltanissetta,29,108.0761,108.0761,1.0,0.520101,0.2502,0.1117,64,17,110
EU,us1gt,Gompertz,ascend,2050,Lublin,91,51.3649,186.9464,0.2748,0.077944,0.1189,0.0167,169,18,90
EU,us1gt,Gompertz,ascend,2050,West Barents,0,0.0,0.0,0.0,0.0,0.0,0.0,0,0,0
EU,us1gt,Gompertz,ascend,2050,Northern North Sea,0,0.0,0.0,0.0,0.0,0.0,0.0,0,0,0
EU,us1gt,Gompertz,ascend,2100,Baltic,14,0.287,0.287,1.0,0.020376,0.0003,0.0004,1,1,150
EU,us1gt,Gompertz,ascend,2100,Polish,142,0.4338,0.4338,1.0,0.030803,0.0004,0.0006,1,2,150
EU,us1gt,Gompertz,ascend,2100,Sava,161,0.499,0.499,1.0,0.035428,0.0005,0.0007,1,3,150
EU,us1gt,Gompertz,ascend,2100,Transylvanian,187,0.5399,0.5399,1.0,0.038335,0.0006,0.0008,1,4,150
EU,us1gt,Gompertz,ascend,2100,Drava,48,0.6358,0.6358,1.0,0.045139,0.0007,0.0009,1,5,150
EU,us1gt,Gompertz,ascend,2100,North Carpathian,114,0.7276,0.7276,1.0,0.051657,0.0008,0.0011,1,6,150
EU,us1gt,Gompertz,ascend,2100,Crimea-Karkinit,41,0.7257,0.7257,1.0,0.051522,0.0008,0.0011,1,7,150
EU,us1gt,Gompertz,ascend,2100,Paris,134,0.8687,0.8687,1.0,0.06168,0.0009,0.0013,1,8,150
EU,us1gt,Gompertz,ascend,2100,Zala,203,2.1849,2.1849,1.0,0.155128,0.0023,0.0032,2,9,150
EU,us1gt,Gompertz,ascend,2100,Vienna,194,14.7895,14.7895,1.0,1.050056,0.0153,0.0215,4,10,150
EU,us1gt,Gompertz,ascend,2100,Dnieper-Donets,45,22.1816,22.1816,1.0,1.574896,0.0229,0.0322,20,11,150
EU,us1gt,Gompertz,ascend,2100,Pannonian,131,31.9848,31.9848,1.0,2.262248,0.0331,0.0463,30,12,150
EU,us1gt,Gompertz,ascend,2100,Norwegian,125,38.0984,38.0984,1.0,2.58348,0.0394,0.0529,36,13,150
EU,us1gt,Gompertz,ascend,2100,Moesian,100,43.4792,43.4792,1.0,2.812338,0.045,0.0576,42,14,150
EU,us1gt,Gompertz,ascend,2100,Po,141,52.4242,52.4242,1.0,3.234254,0.0542,0.0662,49,15,140
EU,us1gt,Gompertz,ascend,2100,North Adriatic,112,62.6802,62.6802,1.0,3.676541,0.0648,0.0752,49,16,130
EU,us1gt,Gompertz,ascend,2100,Caltanissetta,29,108.0761,108.0761,1.0,5.923905,0.1118,0.1212,64,17,110
EU,us1gt,Gompertz,ascend,2100,Lublin,91,186.9464,186.9464,1.0,9.139988,0.1934,0.1871,169,18,90
EU,us1gt,Gompertz,ascend,2100,West Barents,198,310.1787,310.1787,1.0,12.137922,0.3209,0.2484,306,19,60
EU,us1gt,Gompertz,ascend,2100,Northern North Sea,123,88.8829,553.4225,0.1606,3.972048,0.092,0.0813,9,20,50
EU,us1gt,Gompertz,ascend,2179,Baltic,14,0.287,0.287,1.0,0.043047,0.0018,0.0005,1,1,150
EU,us1gt,Gompertz,ascend,2179,Polish,142,0.4338,0.4338,1.0,0.065076,0.0027,0.0007,1,2,150
EU,us1gt,Gompertz,ascend,2179,Sava,161,0.499,0.499,1.0,0.074848,0.0031,0.0008,1,3,150
EU,us1gt,Gompertz,ascend,2179,Transylvanian,187,0.5399,0.5399,1.0,0.08099,0.0033,0.0009,1,4,150
EU,us1gt,Gompertz,ascend,2179,Drava,48,0.6358,0.6358,1.0,0.095364,0.0039,0.0011,1,5,150
EU,us1gt,Gompertz,ascend,2179,North Carpathian,114,0.7276,0.7276,1.0,0.109135,0.0045,0.0012,1,6,150
EU,us1gt,Gompertz,ascend,2179,Crimea-Karkinit,41,0.7257,0.7257,1.0,0.10885,0.0045,0.0012,1,7,150
EU,us1gt,Gompertz,ascend,2179,Paris,134,0.8687,0.8687,1.0,0.130309,0.0054,0.0015,1,8,150
EU,us1gt,Gompertz,ascend,2179,Zala,203,2.1849,2.1849,1.0,0.327735,0.0135,0.0037,2,9,150
EU,us1gt,Gompertz,ascend,2179,Vienna,194,14.7895,14.7895,1.0,2.218429,0.0916,0.0252,4,10,150
EU,us1gt,Gompertz,ascend,2179,Dnieper-Donets,45,22.1816,22.1816,1.0,3.327246,0.1374,0.0377,20,11,150
EU,us1gt,Gompertz,ascend,2179,Pannonian,131,31.9848,31.9848,1.0,4.789048,0.1981,0.0543,30,12,150
EU,us1gt,Gompertz,ascend,2179,Norwegian,125,38.0984,38.0984,1.0,5.593256,0.236,0.0634,36,13,150
EU,us1gt,Gompertz,ascend,2179,Moesian,100,43.4792,43.4792,1.0,6.247196,0.2693,0.0708,42,14,150
EU,us1gt,Gompertz,ascend,2179,Po,141,4.0157,52.4242,0.0766,7.116,0.0249,0.0807,49,15,140
EU,us1gt,Gompertz,ascend,2179,North Adriatic,0,0.0,0.0,0.0,7.70168,0.0,0.0873,0,0,0
EU,us1gt,Gompertz,ascend,2179,Caltanissetta,0,0.0,0.0,0.0,11.648657,0.0,0.1321,0,0,0
EU,us1gt,Gompertz,ascend,2179,Lublin,0,0.0,0.0,0.0,16.286848,0.0,0.1847,0,0,0
EU,us1gt,Gompertz,ascend,2179,West Barents,0,0.0,0.0,0.0,17.94463,0.0,0.2035,0,0,0
EU,us1gt,Gompertz,ascend,2179,Northern North Sea,0,0.0,0.0,0.0,4.28464,0.0,0.0486,0,0,0
EU,us1gt,Logistic,ascend,2050,Baltic,14,0.287,0.287,1.0,0.006027,0.0007,0.0016,1,1,150
EU,us1gt,Logistic,ascend,2050,Polish,142,0.4344,0.4344,1.0,0.009123,0.001,0.0024,1,2,140
EU,us1gt,Logistic,ascend,2050,Sava,161,0.5002,0.5002,1.0,0.010505,0.0012,0.0028,1,3,130
EU,us1gt,Logistic,ascend,2050,Transylvanian,187,0.5411,0.5411,1.0,0.011363,0.0013,0.003,1,4,130
EU,us1gt,Logistic,ascend,2050,Drava,48,0.6378,0.6378,1.0,0.013393,0.0015,0.0036,1,5,130
EU,us1gt,Logistic,ascend,2050,North Carpathian,114,0.7301,0.7301,1.0,0.015332,0.0017,0.0041,1,6,120
EU,us1gt,Logistic,ascend,2050,Crimea-Karkinit,41,0.7289,0.7289,1.0,0.015306,0.0017,0.0041,1,7,120
EU,us1gt,Logistic,ascend,2050,Paris,134,0.872,0.872,1.0,0.018313,0.002,0.0049,1,8,120
EU,us1gt,Logistic,ascend,2050,Zala,203,2.1946,2.1946,1.0,0.046086,0.0051,0.0123,2,9,120
EU,us1gt,Logistic,ascend,2050,Vienna,194,16.6453,16.6453,1.0,0.349552,0.0385,0.0931,16,10,110
EU,us1gt,Logistic,ascend,2050,Dnieper-Donets,45,33.4363,33.4363,1.0,0.687439,0.0774,0.183,30,11,100
EU,us1gt,Logistic,ascend,2050,Pannonian,131,56.4254,56.4254,1.0,0.868594,0.1306,0.2313,56,12,90
EU,us1gt,Logistic,ascend,2050,Norwegian,125,70.1269,70.1269,1.0,0.727835,0.1623,0.1938,64,13,80
EU,us1gt,Logistic,ascend,2050,Moesian,100,90.0161,90.0161,1.0,0.580217,0.2084,0.1545,81,14,70
EU,us1gt,Logistic,ascend,2050,Po,141,123.5173,123.5173,1.0,0.362,0.2859,0.0964,100,15,60
EU,us1gt,Logistic,ascend,2050,North Adriatic,112,34.8878,134.8059,0.2588,0.034888,0.0808,0.0093,100,16,60
EU,us1gt,Logistic,ascend,2050,Caltanissetta,0,0.0,0.0,0.0,0.0,0.0,0.0,0,0,0
EU,us1gt,Logistic,ascend,2050,Lublin,0,0.0,0.0,0.0,0.0,0.0,0.0,0,0,0
EU,us1gt,Logistic,ascend,2050,West Barents,0,0.0,0.0,0.0,0.0,0.0,0.0,0,0,0
EU,us1gt,Logistic,ascend,2050,Northern North Sea,0,0.0,0.0,0.0,0.0,0.0,0.0,0,0,0
EU,us1gt,Logistic,ascend,2100,Baltic,14,0.287,0.287,1.0,0.020376,0.0004,0.0002,1,1,150
EU,us1gt,Logistic,ascend,2100,Polish,142,0.4344,0.4344,1.0,0.030844,0.0006,0.0004,1,2,140
EU,us1gt,Logistic,ascend,2100,Sava,161,0.5002,0.5002,1.0,0.035516,0.0007,0.0004,1,3,130
EU,us1gt,Logistic,ascend,2100,Transylvanian,187,0.5411,0.5411,1.0,0.038417,0.0008,0.0004,1,4,130
EU,us1gt,Logistic,ascend,2100,Drava,48,0.6378,0.6378,1.0,0.045282,0.0009,0.0005,1,5,130
EU,us1gt,Logistic,ascend,2100,North Carpathian,114,0.7301,0.7301,1.0,0.051836,0.0011,0.0006,1,6,120
EU,us1gt,Logistic,ascend,2100,Crimea-Karkinit,41,0.7289,0.7289,1.0,0.05175,0.0011,0.0006,1,7,120
EU,us1gt,Logistic,ascend,2100,Paris,134,0.872,0.872,1.0,0.061915,0.0013,0.0007,1,8,120
EU,us1gt,Logistic,ascend,2100,Zala,203,2.1946,2.1946,1.0,0.155816,0.0032,0.0018,2,9,120
EU,us1gt,Logistic,ascend,2100,Vienna,194,16.6453,16.6453,1.0,1.181819,0.0242,0.0135,16,10,110
EU,us1gt,Logistic,ascend,2100,Dnieper-Donets,45,33.4363,33.4363,1.0,2.359257,0.0486,0.027,30,11,100
EU,us1gt,Logistic,ascend,2100,Pannonian,131,56.4254,56.4254,1.0,3.689865,0.082,0.0422,56,12,90
EU,us1gt,Logistic,ascend,2100,Norwegian,125,70.1269,70.1269,1.0,4.234179,0.1019,0.0484,64,13,80
EU,us1gt,Logistic,ascend,2100,Moesian,100,90.0161,90.0161,1.0,5.081023,0.1309,0.0581,81,14,70
EU,us1gt,Logistic,ascend,2100,Po,141,123.5173,123.5173,1.0,6.537867,0.1796,0.0747,100,15,60
EU,us1gt,Logistic,ascend,2100,North Adriatic,112,134.8059,134.8059,1.0,6.722986,0.196,0.0768,100,16,60
EU,us1gt,Logistic,ascend,2100,Caltanissetta,29,155.98,190.0578,0.8207,8.884344,0.2268,0.1015,156,17,50
EU,us1gt,Logistic,ascend,2100,Lublin,0,0.0,0.0,0.0,17.068556,0.0,0.195,0,0,0
EU,us1gt,Logistic,ascend,2100,West Barents,0,0.0,0.0,0.0,18.430544,0.0,0.2106,0,0,0
EU,us1gt,Logistic,ascend,2100,Northern North Sea,0,0.0,0.0,0.0,12.84541,0.0,0.1468,0,0,0
EU,us1gt,Logistic,ascend,2179,Baltic,14,0.0903,0.287,0.3148,0.041775,1.0,0.0004,1,1,150
EU,us1gt,Logistic,ascend,2179,Polish,0,0.0,0.0,0.0,0.058573,0.0,0.0006,0,0,0
EU,us1gt,Logistic,ascend,2179,Sava,0,0.0,0.0,0.0,0.064487,0.0,0.0007,0,0,0
EU,us1gt,Logistic,ascend,2179,Transylvanian,0,0.0,0.0,0.0,0.067723,0.0,0.0007,0,0,0
EU,us1gt,Logistic,ascend,2179,Drava,0,0.0,0.0,0.0,0.077942,0.0,0.0008,0,0,0
EU,us1gt,Logistic,ascend,2179,North Carpathian,0,0.0,0.0,0.0,0.087448,0.0,0.0009,0,0,0
EU,us1gt,Logistic,ascend,2179,Crimea-Karkinit,0,0.0,0.0,0.0,0.085772,0.0,0.0009,0,0,0
EU,us1gt,Logistic,ascend,2179,Paris,0,0.0,0.0,0.0,0.101066,0.0,0.0011,0,0,0
EU,us1gt,Logistic,ascend,2179,Zala,0,0.0,0.0,0.0,0.248635,0.0,0.0027,0,0,0
EU,us1gt,Logistic,ascend,2179,Vienna,0,0.0,0.0,0.0,1.753119,0.0,0.0187,0,0,0
EU,us1gt,Logistic,ascend,2179,Dnieper-Donets,0,0.0,0.0,0.0,3.216045,0.0,0.0344,0,0,0
EU,us1gt,Logistic,ascend,2179,Pannonian,0,0.0,0.0,0.0,4.757683,0.0,0.0508,0,0,0
EU,us1gt,Logistic,ascend,2179,Norwegian,0,0.0,0.0,0.0,5.209008,0.0,0.0556,0,0,0
EU,us1gt,Logistic,ascend,2179,Moesian,0,0.0,0.0,0.0,5.981556,0.0,0.0639,0,0,0
EU,us1gt,Logistic,ascend,2179,Po,0,0.0,0.0,0.0,7.3353,0.0,0.0784,0,0,0
EU,us1gt,Logistic,ascend,2179,North Adriatic,0,0.0,0.0,0.0,7.177152,0.0,0.0767,0,0,0
EU,us1gt,Logistic,ascend,2179,Caltanissetta,0,0.0,0.0,0.0,9.00524,0.0,0.0962,0,0,0
EU,us1gt,Logistic,ascend,2179,Lublin,0,0.0,0.0,0.0,17.068556,0.0,0.1823,0,0,0
EU,us1gt,Logistic,ascend,2179,West Barents,0,0.0,0.0,0.0,18.430544,0.0,0.1969,0,0,0
EU,us1gt,Logistic,ascend,2179,Northern North Sea,0,0.0,0.0,0.0,12.84541,0.0,0.1372,0,0,0
Indonesia,us1gt,Gompertz,ascend,2050,Salawati,153,0.7002,0.7002,1.0,0.014704,0.0175,0.0403,1,1,150
Indonesia,us1gt,Gompertz,ascend,2050,Sunda,178,25.6282,25.6282,1.0,0.312193,0.6419,0.8566,16,2,150
Indonesia,us1gt,Gompertz,ascend,2050,North Java,118,13.596,32.0013,0.4249,0.037543,0.3405,0.103,30,3,130
Indonesia,us1gt,Gompertz,ascend,2050,Central Sumatra,0,0.0,0.0,0.0,0.0,0.0,0.0,0,0,0
Indonesia,us1gt,Gompertz,ascend,2050,Tarakan-Muara,0,0.0,0.0,0.0,0.0,0.0,0.0,0,0,0
Indonesia,us1gt,Gompertz,ascend,2100,Salawati,153,0.7002,0.7002,1.0,0.049715,0.0041,0.0074,1,1,150
Indonesia,us1gt,Gompertz,ascend,2100,Sunda,178,25.6282,25.6282,1.0,1.593601,0.151,0.2384,16,2,150
Indonesia,us1gt,Gompertz,ascend,2100,North Java,118,32.0013,32.0013,1.0,1.597907,0.1885,0.239,30,3,130
Indonesia,us1gt,Gompertz,ascend,2100,Central Sumatra,35,47.2382,47.2382,1.0,1.868357,0.2782,0.2795,36,4,90
Indonesia,us1gt,Gompertz,ascend,2100,Tarakan-Muara,180,64.2011,68.3814,0.9389,1.576099,0.3782,0.2357,49,5,70
Indonesia,us1gt,Gompertz,ascend,2179,Salawati,153,0.7002,0.7002,1.0,0.105031,0.0189,0.0072,1,1,150
Indonesia,us1gt,Gompertz,ascend,2179,Sunda,178,25.6282,25.6282,1.0,3.618227,0.6917,0.2482,16,2,150
Indonesia,us1gt,Gompertz,ascend,2179,North Java,118,10.7233,32.0013,0.3351,3.917158,0.2894,0.2687,30,3,130
Indonesia,us1gt,Gompertz,ascend,2179,Central Sumatra,0,0.0,0.0,0.0,4.100348,0.0,0.2812,0,0,0
Indonesia,us1gt,Gompertz,ascend,2179,Tarakan-Muara,0,0.0,0.0,0.0,2.83903,0.0,0.1947,0,0,0
Indonesia,us1gt,Logistic,ascend,2050,Salawati,153,0.7024,0.7024,1.0,0.014751,0.0176,0.0503,1,1,120
Indonesia,us1gt,Logistic,ascend,2050,Sunda,178,30.8808,30.8808,1.0,0.266867,0.7735,0.9101,16,2,80
Indonesia,us1gt,Logistic,ascend,2050,North Java,118,8.3412,83.7064,0.0996,0.011613,0.2089,0.0396,81,3,50
Indonesia,us1gt,Logistic,ascend,2050,Central Sumatra,0,0.0,0.0,0.0,0.0,0.0,0.0,0,0,0
Indonesia,us1gt,Logistic,ascend,2050,Tarakan-Muara,0,0.0,0.0,0.0,0.0,0.0,0.0,0,0,0
Indonesia,us1gt,Logistic,ascend,2050,Banggai-Sula,0,0.0,0.0,0.0,0.0,0.0,0.0,0,0,0
Indonesia,us1gt,Logistic,ascend,2100,Salawati,153,0.7024,0.7024,1.0,0.049872,0.0072,0.0033,1,1,120
Indonesia,us1gt,Logistic,ascend,2100,Sunda,178,30.8808,30.8808,1.0,1.810907,0.3171,0.1191,16,2,80
Indonesia,us1gt,Logistic,ascend,2100,North Java,118,65.8116,83.7064,0.7862,3.85872,0.6757,0.2538,81,3,50
Indonesia,us1gt,Logistic,ascend,2100,Central Sumatra,0,0.0,0.0,0.0,3.8088,0.0,0.2505,0,0,0
Indonesia,us1gt,Logistic,ascend,2100,Tarakan-Muara,0,0.0,0.0,0.0,3.658402,0.0,0.2406,0,0,0
Indonesia,us1gt,Logistic,ascend,2100,Banggai-Sula,0,0.0,0.0,0.0,2.018404,0.0,0.1327,0,0,0
Indonesia,us1gt,Logistic,ascend,2179,Salawati,153,0.0016,0.7024,0.0023,0.079618,1.0,0.005,1,1,120
Indonesia,us1gt,Logistic,ascend,2179,Sunda,0,0.0,0.0,0.0,2.260706,0.0,0.1423,0,0,0
Indonesia,us1gt,Logistic,ascend,2179,North Java,0,0.0,0.0,0.0,4.057572,0.0,0.2555,0,0,0
Indonesia,us1gt,Logistic,ascend,2179,Central Sumatra,0,0.0,0.0,0.0,3.8088,0.0,0.2398,0,0,0
Indonesia,us1gt,Logistic,ascend,2179,Tarakan-Muara,0,0.0,0.0,0.0,3.658402,0.0,0.2303,0,0,0
Indonesia,us1gt,Logistic,ascend,2179,Banggai-Sula,0,0.0,0.0,0.0,2.018404,0.0,0.1271,0,0,0
Middle East,us1gt,Gompertz,ascend,2050,Gaziantep,60,0.1836,0.1836,1.0,0.003856,0.0011,0.0023,1,1,150
Middle East,us1gt,Gompertz,ascend,2050,Diyarbakir,44,0.3281,0.3281,1.0,0.00689,0.0019,0.0042,1,2,150
Middle East,us1gt,Gompertz,ascend,2050,Sinjar,167,36.4996,36.4996,1.0,0.710286,0.2167,0.4306,36,3,150
Middle East,us1gt,Gompertz,ascend,2050,Sabatayn,151,130.2296,130.2296,1.0,0.927488,0.7732,0.5622,110,4,130
Middle East,us1gt,Gompertz,ascend,2050,Al Daww,3,1.1937,363.0875,0.0033,0.001194,0.0071,0.0007,361,5,60
Middle East,us1gt,Gompertz,ascend,2100,Gaziantep,60,0.1836,0.1836,1.0,0.013038,0.0004,0.0006,1,1,150
Middle East,us1gt,Gompertz,ascend,2100,Diyarbakir,44,0.3281,0.3281,1.0,0.023294,0.0007,0.001,1,2,150
Middle East,us1gt,Gompertz,ascend,2100,Sinjar,167,36.4996,36.4996,1.0,2.535266,0.0746,0.1129,36,3,150
Middle East,us1gt,Gompertz,ascend,2100,Sabatayn,151,130.2296,130.2296,1.0,7.438967,0.2661,0.3311,110,4,130
Middle East,us1gt,Gompertz,ascend,2100,Al Daww,3,322.2266,363.0875,0.8875,12.454772,0.6583,0.5544,361,5,60
Middle East,us1gt,Gompertz,ascend,2179,Gaziantep,60,0.1836,0.1836,1.0,0.027546,0.0022,0.0006,1,1,150
Middle East,us1gt,Gompertz,ascend,2179,Diyarbakir,44,0.3281,0.3281,1.0,0.049214,0.0039,0.0012,1,2,150
Middle East,us1gt,Gompertz,ascend,2179,Sinjar,167,36.4996,36.4996,1.0,5.418734,0.4391,0.1267,36,3,150
Middle East,us1gt,Gompertz,ascend,2179,Sabatayn,151,46.1089,130.2296,0.3541,16.517486,0.5547,0.3863,110,4,130
Middle East,us1gt,Gompertz,ascend,2179,Al Daww,0,0.0,0.0,0.0,20.742054,0.0,0.4851,0,0,0
Middle East,us1gt,Logistic,ascend,2050,Gaziantep,60,0.1839,0.1839,1.0,0.003862,0.0011,0.0029,1,1,140
Middle East,us1gt,Logistic,ascend,2050,Diyarbakir,44,0.3288,0.3288,1.0,0.006905,0.002,0.0052,1,2,130
Middle East,us1gt,Logistic,ascend,2050,Sinjar,167,58.4715,58.4715,1.0,0.871469,0.3471,0.6607,56,3,90
Middle East,us1gt,Logistic,ascend,2050,Sabatayn,151,109.4504,282.8197,0.387,0.436681,0.6498,0.3311,225,4,60
Middle East,us1gt,Logistic,ascend,2050,Al Daww,0,0.0,0.0,0.0,0.0,0.0,0.0,0,0,0
Middle East,us1gt,Logistic,ascend,2050,Sayun-Masila,0,0.0,0.0,0.0,0.0,0.0,0.0,0,0,0
Middle East,us1gt,Logistic,ascend,2100,Gaziantep,60,0.1839,0.1839,1.0,0.013057,0.0007,0.0003,1,1,140
Middle East,us1gt,Logistic,ascend,2100,Diyarbakir,44,0.3288,0.3288,1.0,0.023347,0.0013,0.0005,1,2,130
Middle East,us1gt,Logistic,ascend,2100,Sinjar,167,58.4715,58.4715,1.0,3.795043,0.2234,0.0872,56,3,90
Middle East,us1gt,Logistic,ascend,2100,Sabatayn,151,202.7036,282.8197,0.7167,13.958603,0.7746,0.3206,225,4,60
Middle East,us1gt,Logistic,ascend,2100,Al Daww,0,0.0,0.0,0.0,20.816205,0.0,0.4781,0,0,0
Middle East,us1gt,Logistic,ascend,2100,Sayun-Masila,0,0.0,0.0,0.0,4.931763,0.0,0.1133,0,0,0
Middle East,us1gt,Logistic,ascend,2179,Gaziantep,60,0.0093,0.1839,0.0508,0.024643,1.0,0.0005,1,1,140
Middle East,us1gt,Logistic,ascend,2179,Diyarbakir,0,0.0,0.0,0.0,0.040163,0.0,0.0009,0,0,0
Middle East,us1gt,Logistic,ascend,2179,Sinjar,0,0.0,0.0,0.0,4.898247,0.0,0.1076,0,0,0
Middle East,us1gt,Logistic,ascend,2179,Sabatayn,0,0.0,0.0,0.0,14.795661,0.0,0.3251,0,0,0
Middle East,us1gt,Logistic,ascend,2179,Al Daww,0,0.0,0.0,0.0,20.816205,0.0,0.4574,0,0,0
Middle East,us1gt,Logistic,ascend,2179,Sayun-Masila,0,0.0,0.0,0.0,4.931763,0.0,0.1084,0,0,0
Thailand,us1gt,Gompertz,ascend,2050,Kra-Gulf of Thailand,80,10.7386,34.3442,0.3127,0.091556,1.0,1.0,30,1,130
Thailand,us1gt,Gompertz,ascend,2050,Pattani,0,0.0,0.0,0.0,0.0,0.0,0.0,0,0,0
Thailand,us1gt,Gompertz,ascend,2100,Kra-Gulf of Thailand,80,34.3442,34.3442,1.0,1.615418,0.3724,0.5875,30,1,130
Thailand,us1gt,Gompertz,ascend,2100,Pattani,135,57.8804,325.7147,0.1777,1.134378,0.6276,0.4125,12,2,120
Thailand,us1gt,Gompertz,ascend,2179,Kra-Gulf of Thailand,80,34.3442,34.3442,1.0,4.328613,0.8423,0.4956,30,1,130
Thailand,us1gt,Gompertz,ascend,2179,Pattani,135,6.4309,325.7147,0.0197,4.404889,0.1577,0.5044,12,2,120
Thailand,us1gt,Logistic,ascend,2050,Kra-Gulf of Thailand,80,10.7386,60.9149,0.1763,0.075754,1.0,1.0,49,1,60
Thailand,us1gt,Logistic,ascend,2050,Pattani,0,0.0,0.0,0.0,0.0,0.0,0.0,0,0,0
Thailand,us1gt,Logistic,ascend,2100,Kra-Gulf of Thailand,80,60.9149,60.9149,1.0,2.754385,0.5041,0.2854,49,1,60
Thailand,us1gt,Logistic,ascend,2100,Pattani,135,59.9238,782.2883,0.0766,6.896689,0.4959,0.7146,49,2,50
Thailand,us1gt,Logistic,ascend,2179,Kra-Gulf of Thailand,80,0.0014,60.9149,0.0,3.483548,1.0,0.3319,49,1,60
Thailand,us1gt,Logistic,ascend,2179,Pattani,0,0.0,0.0,0.0,7.012728,0.0,0.6681,0,0,0
UK,us1gt,Gompertz,ascend,2050,East Midlands,51,10.5738,10.5738,1.0,0.22205,0.0436,0.0981,9,1,150
UK,us1gt,Gompertz,ascend,2050,Southern North Sea,176,43.7188,43.7188,1.0,0.80086,0.1801,0.3539,42,2,150
UK,us1gt,Gompertz,ascend,2050,Wessex,197,63.0608,63.0608,1.0,0.713314,0.2598,0.3152,49,3,140
UK,us1gt,Gompertz,ascend,2050,Moray Firth,101,120.1381,120.1381,1.0,0.521243,0.4949,0.2304,100,4,130
UK,us1gt,Gompertz,ascend,2050,Central North Sea,34,5.2656,290.4194,0.0181,0.005266,0.0217,0.0023,256,5,90
UK,us1gt,Gompertz,ascend,2050,Faroe-Shetland,0,0.0,0.0,0.0,0.0,0.0,0.0,0,0,0
UK,us1gt,Gompertz,ascend,2100,East Midlands,51,10.5738,10.5738,1.0,0.75074,0.0125,0.0207,9,1,150
UK,us1gt,Gompertz,ascend,2100,Southern North Sea,176,43.7188,43.7188,1.0,2.986797,0.0515,0.0822,42,2,150
UK,us1gt,Gompertz,ascend,2100,Wessex,197,63.0608,63.0608,1.0,3.866354,0.0743,0.1064,49,3,140
UK,us1gt,Gompertz,ascend,2100,Moray Firth,101,120.1381,120.1381,1.0,6.52815,0.1415,0.1796,100,4,130
UK,us1gt,Gompertz,ascend,2100,Central North Sea,34,290.4194,290.4194,1.0,12.727028,0.3421,0.3501,256,5,90
UK,us1gt,Gompertz,ascend,2100,Faroe-Shetland,55,320.9083,1225.7071,0.2618,9.495924,0.3781,0.2612,25,6,70
UK,us1gt,Gompertz,ascend,2179,East Midlands,51,10.5738,10.5738,1.0,1.586069,0.0687,0.0218,9,1,150
UK,us1gt,Gompertz,ascend,2179,Southern North Sea,176,43.7188,43.7188,1.0,6.440579,0.2839,0.0885,42,2,150
UK,us1gt,Gompertz,ascend,2179,Wessex,197,63.0608,63.0608,1.0,8.848157,0.4095,0.1216,49,3,140
UK,us1gt,Gompertz,ascend,2179,Moray Firth,101,36.6495,120.1381,0.3051,15.284324,0.238,0.2101,100,4,130
UK,us1gt,Gompertz,ascend,2179,Central North Sea,0,0.0,0.0,0.0,25.865433,0.0,0.3556,0,0,0
UK,us1gt,Gompertz,ascend,2179,Faroe-Shetland,0,0.0,0.0,0.0,14.72155,0.0,0.2024,0,0,0
UK,us1gt,Logistic,ascend,2050,East Midlands,51,14.4472,14.4472,1.0,0.303391,0.0595,0.1679,12,1,110
UK,us1gt,Logistic,ascend,2050,Southern North Sea,176,76.5702,76.5702,1.0,0.958701,0.3154,0.5307,56,2,80
UK,us1gt,Logistic,ascend,2050,Wessex,197,122.2986,122.2986,1.0,0.51494,0.5038,0.2851,49,3,70
UK,us1gt,Logistic,ascend,2050,Moray Firth,101,29.441,290.9913,0.1012,0.029441,0.1213,0.0163,240,4,50
UK,us1gt,Logistic,ascend,2050,Central North Sea,0,0.0,0.0,0.0,0.0,0.0,0.0,0,0,0
UK,us1gt,Logistic,ascend,2050,Faroe-Shetland,0,0.0,0.0,0.0,0.0,0.0,0.0,0,0,0
UK,us1gt,Logistic,ascend,2100,East Midlands,51,14.4472,14.4472,1.0,1.025752,0.0352,0.0137,12,1,110
UK,us1gt,Logistic,ascend,2100,Southern North Sea,176,76.5702,76.5702,1.0,4.787213,0.1868,0.0638,56,2,80
UK,us1gt,Logistic,ascend,2100,Wessex,197,122.2986,122.2986,1.0,6.62987,0.2984,0.0884,49,3,70
UK,us1gt,Logistic,ascend,2100,Moray Firth,101,196.5459,290.9913,0.6754,13.750577,0.4795,0.1833,240,4,50
UK,us1gt,Logistic,ascend,2100,Central North Sea,0,0.0,0.0,0.0,23.113525,0.0,0.3081,0,0,0
UK,us1gt,Logistic,ascend,2100,Faroe-Shetland,0,0.0,0.0,0.0,25.716916,0.0,0.3428,0,0,0
UK,us1gt,Logistic,ascend,2179,East Midlands,51,0.0076,14.4472,0.0005,1.478468,1.0,0.019,12,1,110
UK,us1gt,Logistic,ascend,2179,Southern North Sea,0,0.0,0.0,0.0,5.97666,0.0,0.0767,0,0,0
UK,us1gt,Logistic,ascend,2179,Wessex,0,0.0,0.0,0.0,7.513662,0.0,0.0965,0,0,0
UK,us1gt,Logistic,ascend,2179,Moray Firth,0,0.0,0.0,0.0,14.094891,0.0,0.1809,0,0,0
UK,us1gt,Logistic,ascend,2179,Central North Sea,0,0.0,0.0,0.0,23.113525,0.0,0.2967,0,0,0
UK,us1gt,Logistic,ascend,2179,Faroe-Shetland,0,0.0,0.0,0.0,25.716916,0.0,0.3302,0,0,0
US,us1gt,Gompertz,ascend,2050,Paradox,133,0.0538,0.0538,1.0,0.001129,0.0001,0.0001,1,1,150
US,us1gt,Gompertz,ascend,2050,Appalachian,7,0.0887,0.0887,1.0,0.001863,0.0001,0.0002,1,2,150
US,us1gt,Gompertz,ascend,2050,Denver,43,0.1582,0.1582,1.0,0.003323,0.0002,0.0003,1,3,150
US,us1gt,Gompertz,ascend,2050,Arkoma,10,0.5332,0.5332,1.0,0.011197,0.0005,0.001,1,4,150
US,us1gt,Gompertz,ascend,2050,Big Horn,21,0.5351,0.5351,1.0,0.011237,0.0005,0.001,1,5,150
US,us1gt,Gompertz,ascend,2050,Green River,65,0.7131,0.7131,1.0,0.014975,0.0007,0.0014,1,6,150
US,us1gt,Gompertz,ascend,2050,Black Warrior,23,0.9946,0.9946,1.0,0.020887,0.001,0.0019,1,7,150
US,us1gt,Gompertz,ascend,2050,Powder River,144,14.1,14.1,1.0,0.296101,0.0141,0.027,12,8,150
US,us1gt,Gompertz,ascend,2050,Laramie,86,40.7726,40.7726,1.0,0.856225,0.0408,0.0781,30,9,150
US,us1gt,Gompertz,ascend,2050,San Juan,156,30.4637,30.4637,1.0,0.639737,0.0305,0.0583,16,10,150
US,us1gt,Gompertz,ascend,2050,Cook Inlet,39,55.1146,55.1146,1.0,1.157407,0.0551,0.1056,49,11,150
US,us1gt,Gompertz,ascend,2050,Palo Duro,130,71.3579,71.3579,1.0,1.453581,0.0714,0.1326,64,12,150
US,us1gt,Gompertz,ascend,2050,Sacramento,152,191.4763,191.4763,1.0,2.965388,0.1915,0.2704,156,13,150
US,us1gt,Gompertz,ascend,2050,Fort Worth,57,408.5041,408.5041,1.0,3.152511,0.4085,0.2875,380,14,140
US,us1gt,Gompertz,ascend,2050,San Joaquin,154,185.134,534.0342,0.3467,0.379093,0.1851,0.0346,380,15,130
US,us1gt,Gompertz,ascend,2050,Los Angeles,0,0.0,0.0,0.0,0.0,0.0,0.0,0,0,0
US,us1gt,Gompertz,ascend,2050,Anadarko,0,0.0,0.0,0.0,0.0,0.0,0.0,0,0,0
US,us1gt,Gompertz,ascend,2100,Paradox,133,0.0538,0.0538,1.0,0.003817,0.0,0.0,1,1,150
US,us1gt,Gompertz,ascend,2100,Appalachian,7,0.0887,0.0887,1.0,0.006297,0.0,0.0,1,2,150
US,us1gt,Gompertz,ascend,2100,Denver,43,0.1582,0.1582,1.0,0.011234,0.0,0.0001,1,3,150
US,us1gt,Gompertz,ascend,2100,Arkoma,10,0.5332,0.5332,1.0,0.037857,0.0001,0.0003,1,4,150
US,us1gt,Gompertz,ascend,2100,Big Horn,21,0.5351,0.5351,1.0,0.037992,0.0001,0.0003,1,5,150
US,us1gt,Gompertz,ascend,2100,Green River,65,0.7131,0.7131,1.0,0.050629,0.0002,0.0003,1,6,150
US,us1gt,Gompertz,ascend,2100,Black Warrior,23,0.9946,0.9946,1.0,0.070618,0.0002,0.0005,1,7,150
US,us1gt,Gompertz,ascend,2100,Powder River,144,14.1,14.1,1.0,1.001103,0.0034,0.0066,12,8,150
US,us1gt,Gompertz,ascend,2100,Laramie,86,40.7726,40.7726,1.0,2.894856,0.0099,0.0191,30,9,150
US,us1gt,Gompertz,ascend,2100,San Juan,156,30.4637,30.4637,1.0,2.162921,0.0074,0.0143,16,10,150
US,us1gt,Gompertz,ascend,2100,Cook Inlet,39,55.1146,55.1146,1.0,3.913137,0.0133,0.0259,49,11,150
US,us1gt,Gompertz,ascend,2100,Palo Duro,130,71.3579,71.3579,1.0,5.021478,0.0173,0.0332,64,12,150
US,us1gt,Gompertz,ascend,2100,Sacramento,152,191.4763,191.4763,1.0,12.539202,0.0463,0.0829,156,13,150
US,us1gt,Gompertz,ascend,2100,Fort Worth,57,408.5041,408.5041,1.0,23.577718,0.0988,0.1559,380,14,140
US,us1gt,Gompertz,ascend,2100,San Joaquin,154,534.0342,534.0342,1.0,26.327388,0.1292,0.1741,380,15,130
US,us1gt,Gompertz,ascend,2100,Los Angeles,89,893.0593,893.0593,1.0,35.23631,0.216,0.233,100,16,120
US,us1gt,Gompertz,ascend,2100,Anadarko,6,1891.7943,2049.2555,0.9232,38.357429,0.4576,0.2536,462,17,70
US,us1gt,Gompertz,ascend,2179,Paradox,133,0.0538,0.0538,1.0,0.008065,0.0,0.0,1,1,150
US,us1gt,Gompertz,ascend,2179,Appalachian,7,0.0887,0.0887,1.0,0.013304,0.0,0.0,1,2,150
US,us1gt,Gompertz,ascend,2179,Denver,43,0.1582,0.1582,1.0,0.023735,0.0001,0.0001,1,3,150
US,us1gt,Gompertz,ascend,2179,Arkoma,10,0.5332,0.5332,1.0,0.07998,0.0003,0.0002,1,4,150
US,us1gt,Gompertz,ascend,2179,Big Horn,21,0.5351,0.5351,1.0,0.080265,0.0003,0.0002,1,5,150
US,us1gt,Gompertz,ascend,2179,Green River,65,0.7131,0.7131,1.0,0.106963,0.0004,0.0003,1,6,150
US,us1gt,Gompertz,ascend,2179,Black Warrior,23,0.9946,0.9946,1.0,0.149193,0.0005,0.0004,1,7,150
US,us1gt,Gompertz,ascend,2179,Powder River,144,14.1,14.1,1.0,2.115006,0.0074,0.0051,12,8,150
US,us1gt,Gompertz,ascend,2179,Laramie,86,40.7726,40.7726,1.0,6.115893,0.0215,0.0148,30,9,150
US,us1gt,Gompertz,ascend,2179,San Juan,156,30.4637,30.4637,1.0,4.569552,0.0161,0.0111,16,10,150
US,us1gt,Gompertz,ascend,2179,Cook Inlet,39,55.1146,55.1146,1.0,8.267192,0.0291,0.02,49,11,150
US,us1gt,Gompertz,ascend,2179,Palo Duro,130,71.3579,71.3579,1.0,10.658756,0.0376,0.0258,64,12,150
US,us1gt,Gompertz,ascend,2179,Sacramento,152,191.4763,191.4763,1.0,27.665828,0.101,0.067,156,13,150
US,us1gt,Gompertz,ascend,2179,Fort Worth,57,408.5041,408.5041,1.0,55.849545,0.2154,0.1353,380,14,140
US,us1gt,Gompertz,ascend,2179,San Joaquin,154,534.0342,534.0342,1.0,68.516089,0.2816,0.1659,380,15,130
US,us1gt,Gompertz,ascend,2179,Los Angeles,89,547.4377,893.0593,0.613,103.931616,0.2887,0.2517,100,16,120
US,us1gt,Gompertz,ascend,2179,Anadarko,0,0.0,0.0,0.0,124.733242,0.0,0.3021,0,0,0
US,us1gt,Logistic,ascend,2050,Paradox,133,0.0538,0.0538,1.0,0.001129,0.0001,0.0001,1,1,150
US,us1gt,Logistic,ascend,2050,Appalachian,7,0.0887,0.0887,1.0,0.001863,0.0001,0.0002,1,2,150
US,us1gt,Logistic,ascend,2050,Denver,43,0.1582,0.1582,1.0,0.003323,0.0002,0.0004,1,3,150
US,us1gt,Logistic,ascend,2050,Arkoma,10,0.5332,0.5332,1.0,0.011197,0.0005,0.0012,1,4,150
US,us1gt,Logistic,ascend,2050,Big Horn,21,0.5351,0.5351,1.0,0.011237,0.0005,0.0012,1,5,150
US,us1gt,Logistic,ascend,2050,Green River,65,0.7131,0.7131,1.0,0.014975,0.0007,0.0016,1,6,150
US,us1gt,Logistic,ascend,2050,Black Warrior,23,0.9946,0.9946,1.0,0.020887,0.001,0.0022,1,7,150
US,us1gt,Logistic,ascend,2050,Powder River,144,14.1,14.1,1.0,0.296101,0.0141,0.0318,12,8,150
US,us1gt,Logistic,ascend,2050,Laramie,86,41.9294,41.9294,1.0,0.880517,0.0419,0.0947,30,9,140
US,us1gt,Logistic,ascend,2050,San Juan,156,33.4099,33.4099,1.0,0.701609,0.0334,0.0754,16,10,130
US,us1gt,Logistic,ascend,2050,Cook Inlet,39,65.9873,65.9873,1.0,1.356823,0.066,0.1459,64,11,120
US,us1gt,Logistic,ascend,2050,Palo Duro,130,93.9787,93.9787,1.0,1.556084,0.094,0.1673,81,12,110
US,us1gt,Logistic,ascend,2050,Sacramento,152,290.1779,290.1779,1.0,2.925388,0.2902,0.3145,289,13,100
US,us1gt,Logistic,ascend,2050,Fort Worth,57,457.3401,630.5685,0.7253,1.520743,0.4573,0.1635,506,14,90
US,us1gt,Logistic,ascend,2050,San Joaquin,0,0.0,0.0,0.0,0.0,0.0,0.0,0,0,0
US,us1gt,Logistic,ascend,2050,Los Angeles,0,0.0,0.0,0.0,0.0,0.0,0.0,0,0,0
US,us1gt,Logistic,ascend,2050,Anadarko,0,0.0,0.0,0.0,0.0,0.0,0.0,0,0,0
US,us1gt,Logistic,ascend,2050,Illinois,0,0.0,0.0,0.0,0.0,0.0,0.0,0,0,0
US,us1gt,Logistic,ascend,2100,Paradox,133,0.0538,0.0538,1.0,0.003817,0.0,0.0,1,1,150
US,us1gt,Logistic,ascend,2100,Appalachian,7,0.0887,0.0887,1.0,0.006297,0.0,0.0,1,2,150
US,us1gt,Logistic,ascend,2100,Denver,43,0.1582,0.1582,1.0,0.011234,0.0,0.0,1,3,150
US,us1gt,Logistic,ascend,2100,Arkoma,10,0.5332,0.5332,1.0,0.037857,0.0001,0.0001,1,4,150
US,us1gt,Logistic,ascend,2100,Big Horn,21,0.5351,0.5351,1.0,0.037992,0.0001,0.0001,1,5,150
US,us1gt,Logistic,ascend,2100,Green River,65,0.7131,0.7131,1.0,0.050629,0.0001,0.0001,1,6,150
US,us1gt,Logistic,ascend,2100,Black Warrior,23,0.9946,0.9946,1.0,0.070618,0.0001,0.0002,1,7,150
US,us1gt,Logistic,ascend,2100,Powder River,144,14.1,14.1,1.0,1.001103,0.0015,0.0026,12,8,150
US,us1gt,Logistic,ascend,2100,Laramie,86,41.9294,41.9294,1.0,2.976986,0.0045,0.0077,30,9,140
US,us1gt,Logistic,ascend,2100,San Juan,156,33.4099,33.4099,1.0,2.372106,0.0036,0.0061,16,10,130
US,us1gt,Logistic,ascend,2100,Cook Inlet,39,65.9873,65.9873,1.0,4.656186,0.0071,0.012,64,11,120
US,us1gt,Logistic,ascend,2100,Palo Duro,130,93.9787,93.9787,1.0,6.25502,0.0101,0.0161,81,12,110
US,us1gt,Logistic,ascend,2100,Sacramento,152,290.1779,290.1779,1.0,17.434283,0.0313,0.0448,289,13,100
US,us1gt,Logistic,ascend,2100,Fort Worth,57,630.5685,630.5685,1.0,32.977759,0.0679,0.0848,506,14,90
US,us1gt,Logistic,ascend,2100,San Joaquin,154,997.7108,997.7108,1.0,45.191183,0.1075,0.1162,729,15,70
US,us1gt,Logistic,ascend,2100,Los Angeles,89,1541.5847,1541.5847,1.0,60.275701,0.1661,0.155,380,16,60
US,us1gt,Logistic,ascend,2100,Anadarko,6,3553.7657,3553.7657,1.0,112.481818,0.3828,0.2892,1560,17,40
US,us1gt,Logistic,ascend,2100,Illinois,71,2016.6844,8743.7596,0.2306,103.120751,0.2172,0.2651,5184,18,20
US,us1gt,Logistic,ascend,2179,Paradox,133,0.0538,0.0538,1.0,0.008065,0.01,0.0,1,1,150
US,us1gt,Logistic,ascend,2179,Appalachian,7,0.0887,0.0887,1.0,0.013304,0.0165,0.0,1,2,150
US,us1gt,Logistic,ascend,2179,Denver,43,0.1582,0.1582,1.0,0.023735,0.0294,0.0,1,3,150
US,us1gt,Logistic,ascend,2179,Arkoma,10,0.5332,0.5332,1.0,0.07998,0.099,0.0002,1,4,150
US,us1gt,Logistic,ascend,2179,Big Horn,21,0.5351,0.5351,1.0,0.080265,0.0993,0.0002,1,5,150
US,us1gt,Logistic,ascend,2179,Green River,65,0.7131,0.7131,1.0,0.106963,0.1324,0.0002,1,6,150
US,us1gt,Logistic,ascend,2179,Black Warrior,23,0.9946,0.9946,1.0,0.149193,0.1847,0.0003,1,7,150
US,us1gt,Logistic,ascend,2179,Powder River,144,2.3096,14.1,0.1638,2.028641,0.4288,0.004,12,8,150
US,us1gt,Logistic,ascend,2179,Laramie,0,0.0,0.0,0.0,5.47995,0.0,0.0109,0,0,0
US,us1gt,Logistic,ascend,2179,San Juan,0,0.0,0.0,0.0,4.123985,0.0,0.0082,0,0,0
US,us1gt,Logistic,ascend,2179,Cook Inlet,0,0.0,0.0,0.0,7.786969,0.0,0.0154,0,0,0
US,us1gt,Logistic,ascend,2179,Palo Duro,0,0.0,0.0,0.0,10.253169,0.0,0.0203,0,0,0
US,us1gt,Logistic,ascend,2179,Sacramento,0,0.0,0.0,0.0,27.900763,0.0,0.0553,0,0,0
US,us1gt,Logistic,ascend,2179,Fort Worth,0,0.0,0.0,0.0,50.813505,0.0,0.1007,0,0,0
US,us1gt,Logistic,ascend,2179,San Joaquin,0,0.0,0.0,0.0,66.422865,0.0,0.1316,0,0,0
US,us1gt,Logistic,ascend,2179,Los Angeles,0,0.0,0.0,0.0,83.532401,0.0,0.1655,0,0,0
US,us1gt,Logistic,ascend,2179,Anadarko,0,0.0,0.0,0.0,139.629864,0.0,0.2767,0,0,0
US,us1gt,Logistic,ascend,2179,Illinois,0,0.0,0.0,0.0,106.22763,0.0,0.2105,0,0,0
