Basin Name,Polygon,Split Poly,Basin UBI,Longitude,Latitude,Basin Type,Salt,Volcanics,Region,Countries,Setting,Geo Period,Geo Age,Age Old,Age Young,Max Sed St,Mean Sed S,Med Sed St,Mean Sed L,Med Sed La,Max Sed La,Poly Area,Moho Mean,Moho Med k,Moho Max k,Moho Min k,Perm Salt,Tri Salt,Jur Salt,Cret Salt,Salt Fm(s),Salt Per.,Salt Ages,Evap Numb
Aaiun-Tarfaya,1.00000,No,"1",-15.444490000000000,24.769439999999999,Passive Margin,Mobile,Extrusive,Africa,"Western Sahara, Spain, Morocco, Mauritania",On-Offshore,Cambrian,Cambrian Lower,542.00,0.00,14.414999999999999,8.934220772686832,9.816000000000001,5.181034486869286,5.500000000000000,9.000000000000000,"332735",-26.393103533777698,-27.000000000000000,-12.119999885559082,-40.770000457763672,None,Mobile,None,None,Carnian-Rhaetian,Triassic,Carnian-Rhaetian,"1"
Algerian,17.00000,No,"17",6.704860000000000,37.282130000000002,Passive Margin,Mobile,Extrusive,Africa,"Algeria, Tunisia, Italy",On-Offshore,Pennsylvanian,Bashkirian,323.20,0.00,5.457701000000000,4.147592924346629,4.416892000000000,2.225000023841858,2.350000023841858,2.700000047683716,"69848",-23.000000000000000,-22.500000000000000,-21.059999465942383,-25.940000534057617,None,None,None,None,Messinian,Miocene,Messinian,"1"
Barbados,65.00000,No,"64",-60.303780000000003,14.099270000000001,Fold and Thrust Belt,Unknown,Unknown,Central America,"Barbados, Martinique, Antigua and Barbuda, St. Vincent and Grenadines",On-Offshore,Cretaceous,Barremian,129.40,0.00,18.128000000000000,8.392036588332354,8.321999999999999,6.945454543287104,6.000000000000000,17.500000000000000,"147920",-23.134545586325910,-23.860000610351562,-18.920000076293945,-29.579999923706055,Unknown,Unknown,Unknown,Unknown,,,,
Barreirinhas-Para-Maranhao,68.00000,No,"67",-43.931310000000003,-1.581140000000000,Passive Margin,Bedded,Extrusive,South America,Brazil,On-Offshore,Devonian,Lochkovian,419.20,0.00,6.006000000000000,3.403888368205129,3.497000000000000,2.688333332538605,2.674999952316284,4.349999904632569,"233029",-27.988888740539551,-28.500000000000000,-15.000000000000000,-40.970001220703125,None,None,None,Bedded,Codo,Cretaceous,Aptian-Albian,"1"
Bengal,77.00000,No,"76",89.602220000000003,18.873870000000000,Passive Margin,None,Extrusive,Asia,"India, Myanmar, Bangladesh",On-Offshore,Pennsylvanian,Bashkirian,323.20,0.00,16.172000000000001,7.603256275352830,8.000999999999999,6.025859861332140,5.829999923706056,15.609999656677246,"1945249",-20.776879061559203,-17.000000000000000,-12.010000228881836,-39.889999389648438,None,None,None,None,,,,"0"
Bight-Eucla,86.00000,No,"85",129.509850000000000,-32.541300000000000,Passive Margin,None,None,South Pacific,Australia,On-Offshore,Jurassic,Oxfordian,163.50,0.00,8.635999999999999,2.640076710794300,1.740000000000000,1.630151511254636,1.000000000000000,8.899999618530273,"805950",-32.052272970026188,-33.805000305175781,-15.500000000000000,-43.150001525878906,None,None,None,None,,,,"0"
Blake Plateau-Carolina Trough,91.00000,No,"90",-79.310879999999997,31.040289999999999,Passive Margin,Mobile,Unknown,North America,"USA, Bahamas",On-Offshore,Silurian,Pridolian,423.00,0.00,13.195000000000000,5.937334111456100,5.896000000000000,4.400000017757218,3.250000000000000,11.250000000000000,"628063",-30.358124931653339,-30.000000000000000,-17.049999237060547,-40.549999237060547,None,None,Mobile,None,Hettangian-Callovian,Jurassic,Hettangian-Callovian,"1"
Bove,103.00000,No,"102",-15.634560000000000,9.696240000000000,Passive Margin,Mobile,Extrusive,Africa,"Guinea, Guinea-Bissau, Sierra Leone",On-Offshore,Proterozoic,Neoproterozoic,1000.00,0.00,11.342000000000001,5.684156984732362,6.135000000000000,2.549999972184499,2.500000000000000,5.199999809265138,"146849",-26.666666666666668,-26.000000000000000,-21.000000000000000,-30.000000000000000,None,Mobile,Mobile,None,Carnian-Toarcian,"Tri., Jur.",Carnian-Toarcian,"1"
Burdwood,113.00000,No,"112",-57.502090000000003,-54.140970000000003,Strike-Slip,Unknown,Unknown,South America,"Falkland Islands, Argentina",On-Offshore,Cretaceous,Santonian,86.30,0.00,7.901999000000000,4.024674127360776,4.372000000000000,4.033750016242266,3.960000038146973,6.909999847412110,"215349",-23.116249978542328,-25.500000000000000,-13.399999618530273,-30.000000000000000,Unknown,Unknown,Unknown,Unknown,,,,
Cadiz,115.00000,No,"114",-7.667640000000000,36.304400000000001,Passive Margin,Mobile,Unknown,Europe,"Portugal, Spain, Morocco",On-Offshore,Triassic,Induan,252.17,0.00,6.213000000000000,4.332539835947704,5.339500000000000,3.975000023841858,3.500000000000000,6.150000095367432,"82352",-24.605000019073486,-26.390000343322750,-16.170000076293945,-29.469999313354492,None,Mobile,Mobile,None,Rhaetian-Hettangian,"Tri., Jur.",Rhaetian-Hettangian,"1"
Cagayan,116.00000,No,"115",121.526420000000002,19.520980000000002,Forearc,Unknown,Extrusive,Asia,"Philippines, Taiwan",On-Offshore,Oligocene,Chattian,28.10,0.00,5.639000000000000,0.900163504503302,0.357570000000000,0.183333338548740,0.150000002235174,0.300000011920929,"94934",-23.855000019073486,-25.500000000000000,-9.050000190734863,-30.559999465942383,Unknown,Unknown,Unknown,Unknown,,,,
Camamu-Almada,118.00000,No,"117",-38.693280000000001,-15.442720000000000,Passive Margin,Mobile,Extrusive,South America,Brazil,On-Offshore,Permian,Asselian,298.90,0.00,4.026000000000000,2.385796966587112,2.365000000000000,3.087499976158142,3.105000019073486,3.579999923706055,"44168",-24.000000000000000,-24.000000000000000,-22.000000000000000,-26.000000000000000,None,None,None,Mobile,Mariricu,Cretaceous,Aptian,"1"
Campos,121.00000,No,"120",-40.180199999999999,-22.002389999999998,Passive Margin,Mobile,Extrusive,South America,Brazil,On-Offshore,Cretaceous,Hauterivian,132.90,0.00,6.051000000000000,3.849245536057693,3.912000000000000,3.856666684150696,4.579999923706056,5.340000152587892,"114849",-21.323333528306748,-22.170000076293945,-15.000000000000000,-29.170000076293945,None,None,None,Mobile,Aptian,Cretaceous,Aptian,"1"
Colorado,155.00000,No,"154",-58.817459999999997,-40.890850000000000,Passive Margin,None,Extrusive,South America,Argentina,On-Offshore,Cambrian,Cambrian Upper,497.00,0.00,5.689000000000000,2.645177198453718,2.397000000000000,2.371749991178512,1.975000023841858,4.789999961853028,"481981",-28.676000022888186,-30.000000000000000,-13.600000381469727,-35.919998168945312,None,None,None,None,,,,"0"
Columbus,157.00000,No,"156",-60.118110000000001,10.351820000000000,Strike-Slip,None,None,Central America,"Trinidad and Tobago, Venezuela, Guyana, Barbados",On-Offshore,Triassic,Induan,252.17,0.00,17.495999999999999,11.384914274285713,11.734500000000001,8.214285714285714,8.000000000000000,15.500000000000000,"64812",-23.862857273646764,-23.500000000000000,-19.000000000000000,-28.229999542236328,None,None,None,None,,,,"0"
Congo,158.00000,No,"157",10.759029999999999,-4.598430000000000,Passive Margin,Mobile,Extrusive,Africa,"Gabon, Congo, Angola, Congo",On-Offshore,Jurassic,Oxfordian,163.50,0.00,5.999000000000000,5.385511177189410,5.771000000000000,4.921250015497208,5.700000047683716,6.070000171661378,"106653",-24.891250133514404,-24.500000000000000,-16.200000762939453,-35.930000305175781,None,None,None,Mobile,Aptian,Cretaceous,Aptian,"1"
Cyrenaica,169.00000,No,"168",22.376460000000002,31.806500000000000,Passive Margin,None,None,Africa,"Libya, Egypt",On-Offshore,Proterozoic,Neoproterozoic,1000.00,0.00,9.369260000000001,7.087276077358490,7.006137500000000,4.683333317438762,4.349999904632569,7.500000000000000,"154187",-29.907499790191650,-30.560000419616699,-22.799999237060547,-35.729999542236328,None,None,None,None,,,,"0"
Drummond,187.00000,No,"186",146.172879999999992,-22.848900000000000,Intracratonic,Unknown,Unknown,South Pacific,Australia,Onshore,Proterozoic,Neoproterozoic,1000.00,0.00,,,,2.262499995529652,2.500000000000000,3.299999952316284,"109135",-39.023749828338623,-38.950000762939453,-38.479999542236328,-39.750000000000000,Unknown,Unknown,Unknown,Unknown,,,,
Enderby,211.00000,No,"210",72.825000000000003,-67.363249999999994,Passive Margin,Unknown,Unknown,Antarctica,Antarctica,On-Offshore,Permian,Roadian,272.30,0.00,4.722000000000000,3.769090161687182,3.965375000000000,2.037096763600505,1.579999983310699,5.699999809265138,"1561715",-22.407016131185717,-22.000000000000000,-12.189999580383301,-34.540000915527344,Unknown,Unknown,Unknown,Unknown,,,,
Essaouria,215.00000,No,"214",-9.647990000000000,32.302210000000002,Passive Margin,Mobile,Extrusive,Africa,"Morocco, Spain",On-Offshore,Proterozoic,Neoproterozoic,1000.00,0.00,10.153000000000000,5.620141565546692,6.261000000000000,4.203333334128062,4.000000000000000,7.750000000000000,"187750",-26.680666605631512,-27.680000305175781,-16.430000305175781,-31.799999237060547,None,Mobile,Mobile,Bedded,"Carnian-Toarcian; Oxfordian-Berriasian","Tri., Jur., Cret.","Carnian-Toarcian; Oxfordian-Berriasian","2"
Falcon-Bonaire,220.00000,No,"219",-69.992459999999994,11.931410000000000,Strike-Slip,None,Extrusive,South America,"Venezuela, Colombia, Curacao, Aruba, Bonaire",On-Offshore,Triassic,Anisian,247.20,0.00,5.926322000000000,2.449368781370557,2.418000000000000,3.892105265667564,3.500000000000000,10.000000000000000,"225217",-25.736842004876387,-25.930000305175781,-16.510000228881836,-36.659999847412109,None,None,None,None,,,,"0"
Foz do Amazonas,231.00000,No,"230",-49.683160000000001,1.181930000000000,Passive Margin,None,Extrusive,South America,"Brazil, French Guiana",On-Offshore,Triassic,Carnian,237.00,0.00,10.234999999999999,4.927160609004494,4.954500000000000,4.236274527568443,4.500000000000000,9.750000000000000,"640142",-26.504705821766574,-29.000000000000000,-13.260000228881836,-44.150001525878906,None,None,None,None,,,,"0"
Gulf of Mexico,257.00000,No,"256",-92.085710000000006,27.492319999999999,Passive Margin,Mobile,None,North America,"USA, Mexico, Bahamas",On-Offshore,Triassic,Carnian,237.00,0.00,18.170999999999999,9.623588488886661,9.298500000000001,8.042125979746421,8.000000000000000,14.000000000000000,"1609749",-30.232992187259704,-31.000000000000000,-19.000000000000000,-41.340000152587891,None,None,Mobile,Bedded,"Louann; Ferry Lake","Jur., Cret.","Callovian-Oxfordian; Albian","2"
Gulf of Sirte,260.00000,No,"259",17.628969999999999,32.343660000000000,Passive Margin,Bedded,Unknown,Africa,"Libya, Malta, Italy",On-Offshore,Cambrian,Cambrian Lower,542.00,0.00,9.962789000000001,7.244257752467426,7.228417000000000,6.433333347241084,6.750000000000000,10.000000000000000,"273646",-27.596249977747600,-27.944999694824219,-18.399999618530273,-34.439998626708984,None,None,None,None,Messinian,Miocene,Messinian,"1"
Guyana,263.00000,No,"262",-56.572769999999998,7.416450000000000,Passive Margin,None,None,South America,"Guyana, Suriname, French Guiana, Venezuela",On-Offshore,Triassic,Induan,252.17,0.00,8.699000000000000,4.155976410121080,4.350000000000000,3.604838709437078,3.750000000000000,8.750000000000000,"373554",-26.809354966686620,-27.989999771118164,-14.079999923706055,-36.130001068115234,None,None,None,None,,,,"0"
Kwanza,337.00000,No,"334",12.437709999999999,-9.697360000000000,Passive Margin,Mobile,Extrusive,Africa,"Angola, Congo",On-Offshore,Jurassic,Oxfordian,163.50,0.00,5.980000000000000,3.549171328892521,3.780000000000000,3.510454559868032,3.580000042915344,5.980000019073486,"272256",-24.004999897696756,-24.000000000000000,-14.000000000000000,-35.669998168945312,None,None,None,Mobile,"Leome; Albian",Cretaceous,"Aptian; Albian","2"
Lamu,349.00000,No,"346",40.849290000000003,-2.971150000000000,Passive Margin,Mobile,Extrusive,Africa,"Kenya, Somalia, Tanzania",On-Offshore,Triassic,Rhaetian,208.50,0.00,8.584340000000003,3.746145390760346,4.342000000000000,4.980731698479958,5.000000000000000,9.199999809265137,"500077",-28.989512164418294,-31.159999847412109,-15.109999656677246,-40.970001220703125,None,None,Mobile,None,Toarcian,Jurassic,Toarcian,"1"
Liberia,357.00000,No,"354",-10.993399999999999,5.928810000000000,Passive Margin,None,Extrusive,Africa,"Liberia, Sierra Leone",On-Offshore,Devonian,Lochkovian,419.20,0.00,6.281000000000000,2.436626617665820,2.385000000000000,1.964285697255816,1.850000023841858,3.799999952316284,"71826",-23.285714285714285,-24.000000000000000,-16.000000000000000,-29.000000000000000,None,None,None,None,,,,"0"
Lower Magdalena,365.00000,No,"362",-75.298349999999999,9.330500000000001,Fold and Thrust Belt,None,None,South America,Colombia,On-Offshore,Triassic,Rhaetian,208.50,0.00,4.864000000000000,3.448586996563574,3.385000000000000,3.662500001490116,3.250000000000000,7.000000000000000,"107245",-24.242500305175781,-24.530000686645508,-18.370000839233398,-29.809999465942383,None,None,None,None,,,,"0"
Niger Delta,449.00000,No,"446",6.177150000000000,4.462550000000000,Passive Margin,None,Extrusive,Africa,"Nigeria, Equatorial Guinea, Sao Tome and Principe, Cameroon",On-Offshore,Cretaceous,Barremian,129.40,0.00,11.949999999999999,5.265874752479712,4.929000000000000,5.208333333333334,4.600000143051148,10.250000000000000,"276834",-25.870833317438763,-26.000000000000000,-12.609999656677246,-39.970001220703125,None,None,None,None,,,,"0"
Orange,488.00000,No,"485",15.583280000000000,-29.457419999999999,Passive Margin,None,Extrusive,Africa,"South Africa, Namibia",On-Offshore,Jurassic,Oxfordian,163.50,0.00,8.116000000000000,3.268543309793230,2.871000000000000,2.801052657397170,2.759999990463257,6.949999809265138,"487084",-26.032368333716143,-27.500000000000000,-14.369999885559082,-36.549999237060547,None,None,None,None,,,,"0"
Otway,494.00000,No,"491",141.884940000000000,-38.334499999999998,Passive Margin,None,Extrusive,South Pacific,Australia,On-Offshore,Jurassic,Oxfordian,163.50,0.00,8.643000000000002,5.121830010084038,5.465000000000000,3.313076948317198,2.500000000000000,7.000000000000000,"161905",-30.725384492140549,-30.200000762939453,-21.659999847412109,-38.369998931884766,None,None,None,None,,,,"0"
Parnaiba,511.00000,No,"508",-45.203600000000002,-6.579820000000000,Intracratonic,Bedded,Extrusive,South America,Brazil,Onshore,Proterozoic,Neoproterozoic,1000.00,0.00,,,,1.347169811011485,1.200000047683716,2.900000095367432,"620737",-38.677358591331625,-38.729999542236328,-31.819999694824219,-40.970001220703125,Bedded,None,None,None,Asselian-Capitanian,Permian,Asselian-Capitanian,"1"
Pelagian,517.00000,No,"514",12.431110000000000,35.365459999999999,Passive Margin,Mobile,Extrusive,Africa,"Tunisia, Libya, Italy, Malta, Algeria",On-Offshore,Cambrian,Cambrian Lower,542.00,0.00,10.228750000000000,7.856851101783532,7.880066000000000,6.591212131365230,8.000000000000000,10.000000000000000,"415259",-28.038484862356476,-28.250000000000000,-22.020000457763672,-32.790000915527344,None,Mobile,Bedded,Bedded,"Carnian-Callovian; Berriasian-Cenomanian; Selja; Lutetian-Priabonian; Messinian","Tri., Jur., Cret., Paleo., Eo., Mio.","Carnian-Callovian; Berriasian-Cenomanian; Danian-Thanetian; Lutetian-Priabonian; Messinian","5"
Pelotas,518.00000,No,"515",-50.316180000000003,-32.032280000000000,Passive Margin,Unknown,Unknown,South America,"Brazil, Uruguay",On-Offshore,Permian,Asselian,298.90,0.00,8.061999999999999,4.509595789661426,4.512000000000000,4.216799992322922,4.079999923706055,7.619999885559082,"333058",-27.358000030517577,-32.000000000000000,-16.520000457763672,-33.000000000000000,Unknown,Unknown,Unknown,Unknown,,,,
Reconcavo,550.00000,No,"547",-38.147700000000000,-12.476739999999999,Passive Margin,None,None,South America,Brazil,On-Offshore,Jurassic,Oxfordian,163.50,0.00,3.969000000000000,3.539907846666666,3.515500000000000,3.014999985694885,3.014999985694885,3.230000019073486,"26973",-29.799999237060547,-29.799999237060547,-20.000000000000000,-39.599998474121094,None,None,None,None,,,,"0"
Ross,563.00000,Yes,"559",171.182670000000002,-75.871369999999999,Passive Margin,Unknown,Extrusive,Antarctica,Antarctica,On-Offshore,Jurassic,Oxfordian,163.50,0.00,8.042000000000000,2.412783836521126,1.930931000000000,0.842758622626072,0.699999988079071,2.500000000000000,"2467184",-28.044088645521644,-27.979999542236328,-18.000000000000000,-35.869998931884766,Unknown,Unknown,Unknown,Unknown,,,,
Rovuma-Mandawa,564.00000,No,"560",39.000000000000000,-7.500000000000000,Passive Margin,Bedded,Extrusive,Africa,"Tanzania, Mozambique",On-Offshore,Pennsylvanian,Gzhelian,303.70,0.00,8.652404000000002,3.343882220308788,4.190500000000000,5.725000023841858,5.099999904632568,9.300000190734863,"215336",-28.711250066757206,-30.000000000000000,-18.000000000000000,-36.880001068115234,None,Bedded,Bedded,None,"Pindiro (Mbuo); Mandawa; Nondwa","Tri., Jur.","Carnian-Pliensbachian; Bajocian-Bathonian; Pliensbachian-Toarcian","3"
Salado,575.00000,No,"571",-56.278579999999998,-35.888700000000000,Passive Margin,None,Extrusive,South America,"Argentina, Uruguay",On-Offshore,Proterozoic,Neoproterozoic,1000.00,0.00,6.431000000000000,2.943285470161292,2.162000000000000,2.640689678747079,2.500000000000000,5.500000000000000,"358686",-31.019310490838414,-32.000000000000000,-15.810000419616699,-35.990001678466797,None,None,None,None,,,,"0"
San Jorge,580.00000,No,"576",-63.357930000000003,-46.601970000000001,Passive Margin,None,Extrusive,South America,"Argentina, Falkland Islands",On-Offshore,Triassic,Carnian,237.00,0.00,4.106000000000000,1.563191589315929,1.345000000000000,1.727222215798166,1.235000014305115,5.000000000000000,"435421",-28.061388810475670,-29.000000000000000,-15.210000038146973,-33.459999084472656,None,None,None,None,,,,"0"
Santos,590.00000,No,"586",-45.196559999999998,-25.685749999999999,Passive Margin,Mobile,Extrusive,South America,Brazil,On-Offshore,Cretaceous,Hauterivian,132.90,0.00,7.888000000000000,4.315163943320278,4.161000000000000,3.551081117947359,4.039999961853028,6.510000228881836,"424151",-26.001081208924990,-24.670000076293945,-14.239999771118164,-35.950000762939453,None,None,None,Mobile,Aptian,Cretaceous,Aptian,"1"
Scott,600.00000,No,"596",124.970230000000001,-64.542109999999994,Passive Margin,Unknown,Unknown,Antarctica,Antarctica,On-Offshore,Jurassic,Oxfordian,163.50,0.00,8.335692000000000,2.966790198398165,2.829000000000000,1.034347827764957,0.400000005960464,5.099999904632568,"2776872",-22.403521749247677,-23.000000000000000,-10.920000076293945,-33.990001678466797,Unknown,Unknown,Unknown,Unknown,,,,
Senegal-Mauritania,602.00000,No,"598",-16.092020000000002,16.085870000000000,Passive Margin,Mobile,Extrusive,Africa,"Senegal, Mauritania, Guinea-Bissau, Western Sahara, Gambia",On-Offshore,Proterozoic,Neoproterozoic,1000.00,0.00,10.186000000000000,7.259252636461706,7.199000000000000,4.068510641839276,3.500000000000000,9.500000000000000,"573205",-31.468297755464594,-35.970001220703125,-14.149999618530273,-41.979999542236328,None,Mobile,Mobile,None,Carnian-Toarcian,"Tri., Jur.",Carnian-Toarcian,"1"
Sergipe-Alagoas,605.00000,No,"601",-36.167450000000002,-10.335350000000000,Passive Margin,Bedded,Extrusive,South America,Brazil,On-Offshore,Cambrian,Cambrian Lower,542.00,0.00,4.000000000000000,2.549366764057971,2.317000000000000,4.936666647593182,5.000000000000000,5.309999942779542,"43662",-23.569999694824219,-26.209999084472656,-17.500000000000000,-27.000000000000000,None,None,None,Bedded,Paripueira,Cretaceous,Aptian,"1"
Abu Gharadig,2.00000,No,"2",27.345500000000001,29.646850000000001,Strike-Slip,None,None,Africa,"Egypt, Libya",Onshore,Cambrian,Cambrian Lower,542.00,0.00,,,,4.057142836706979,4.000000000000000,5.000000000000000,"77768",-31.257142748151505,-30.700000762939453,-29.389999389648438,-33.590000152587891,None,None,None,None,,,,"0"
Acapulco,3.00000,No,"3",-101.417270000000002,17.555280000000000,Forearc,None,Extrusive,Central America,Mexico,On-Offshore,Cretaceous,Cenomanian,100.50,0.00,1.432503000000000,0.344272865108514,0.330000000000000,1.441428552780833,1.529999971389771,2.299999952316284,"99151",-20.459999901907786,-22.000000000000000,-10.399999618530273,-28.000000000000000,None,None,None,None,,,,"0"
Acoma,4.00000,No,"4",-107.356359999999995,34.571689999999997,Rift,None,Extrusive,North America,USA,Onshore,Proterozoic,Neoproterozoic,1000.00,0.00,,,,1.292430218489906,0.699999988079071,2.000000000000000,"13418",-37.595450182978638,-36.950000762939453,-32.689998626708984,-38.860000610351562,None,None,None,None,,,,"0"
Adana,5.00000,No,"5",34.768490000000000,36.311439999999997,Foreland,Bedded,Extrusive,Middle East,"Turkey, Cyprus, Syria",On-Offshore,Cambrian,Cambrian Upper,497.00,0.00,3.076690000000000,2.194763478036175,2.220974000000000,1.883333331594865,2.500000000000000,3.000000000000000,"63293",-32.811665534973145,-32.634998321533203,-29.809999465942383,-35.759998321533203,None,None,None,None,Messinian,Miocene,Messinian,"1"
Adavale,6.00000,No,"6",144.804210000000012,-26.186319999999998,Intracratonic,Bedded,Unknown,South Pacific,Australia,Onshore,Cambrian,Cambrian Lower,542.00,0.00,,,,1.919999998807907,1.600000023841858,4.500000000000000,"250685",-38.750999832153319,-38.389999389648438,-34.799999237060547,-43.150001525878906,Unknown,Unknown,Unknown,Unknown,Boree,Devonian,Givetian,"1"
Afar,7.00000,No,"7",42.774459999999998,11.315670000000001,Rift,Bedded,Extrusive,Africa,"Ethiopia, Somalia, Djibouti, Eritrea",On-Offshore,Triassic,Rhaetian,208.50,0.00,1.477000000000000,1.084648797732998,1.079000000000000,0.877777779267894,0.599999994039536,3.000000000000000,"203036",-20.927221934000652,-21.654999732971191,-9.779999732971191,-28.969999313354492,None,None,Bedded,None,"Hamanlei (Middle); Taleh; Rupelian","Jur., Eo., Oligo.","Aalenian-Callovian; Lutetian-Bartonian; Rupelian","3"
Afghan-Tajik,8.00000,No,"8",68.593019999999996,37.490369999999999,Fold and Thrust Belt,Bedded,Extrusive,Asia,"Tajikistan, Afghanistan, Uzbekistan",Onshore,Permian,Wuchiapingian,259.80,0.00,,,,5.224999994039536,3.500000000000000,9.000000000000000,"91952",-41.366250038146973,-40.885000228881829,-38.409999847412109,-43.799999237060547,Bedded,None,Bedded,None,"Wuchiapingian-Changhsingian; Gaurdak; Akjar","Perm., Jur., Paleo.","Wuchiapingian-Changhsingian; Kimmeridgian-Tithonian; Danian-Thanetian","3"
Agusan-Davao,9.00000,No,"9",126.021540000000002,5.966020000000000,Forearc,Unknown,Unknown,Asia,"Philippines, Indonesia",On-Offshore,Eocene,Ypresian,56.00,0.00,4.274000000000000,1.695065505250000,1.380500000000000,0.599999989072482,0.300000011920929,1.299999952316284,"46166",-21.870000203450520,-19.000000000000000,-16.000000000000000,-30.610000610351562,Unknown,Unknown,Unknown,Unknown,,,,
Al Daww,11.00000,No,"11",38.213819999999998,34.935470000000002,Strike-Slip,Bedded,Unknown,Middle East,Syria,Onshore,Proterozoic,Neoproterozoic,1000.00,0.00,,,,2.500000000000000,2.000000000000000,3.500000000000000,"60722",-34.201999664306641,-34.779998779296875,-32.340000152587891,-34.939998626708984,None,Bedded,None,None,Mulussa C2,Triassic,Ladinian,"1"
Alamein,12.00000,No,"12",29.239820000000002,30.541589999999999,Strike-Slip,Unknown,Unknown,Africa,Egypt,Onshore,Cambrian,Cambrian Middle,509.00,0.00,5.486389000000000,5.451915500000000,5.451915500000000,5.500000000000000,5.500000000000000,6.000000000000000,"28590",-29.789999961853027,-29.789999961853027,-28.760000228881836,-30.819999694824219,Unknown,Unknown,Unknown,Unknown,,,,
Alboran,14.00000,No,"14",-1.952840000000000,36.135030000000000,Passive Margin,Unknown,Unknown,Europe,"Spain, Algeria, Morocco, Gibraltar",On-Offshore,Cretaceous,Cenomanian,100.50,0.00,5.594051000000000,3.334399140573155,3.560101500000000,3.046153857157781,3.000000000000000,5.800000190734864,"144197",-22.328461720393253,-22.250000000000000,-18.250000000000000,-25.680000305175781,Unknown,Unknown,Unknown,Unknown,,,,
Albuquerque,15.00000,No,"15",-106.718680000000006,34.566800000000001,Rift,None,Extrusive,North America,USA,Onshore,Mississippian,Tournaisian,358.90,0.00,,,,0.656120458822379,0.849999994039536,1.399999976158142,"5214",-36.816222290475494,-36.625000000000000,-33.169998168945312,-37.790000915527344,None,None,None,None,,,,"0"
Altiplano,19.00000,No,"19",-67.935100000000006,-18.700070000000000,Fold and Thrust Belt,Bedded,Extrusive,South America,"Bolivia, Peru",Onshore,Ordovician,Tremadocian,485.40,0.00,,,,3.936363669958982,3.500000000000000,8.000000000000000,"125655",-60.699091477827594,-58.919998168945312,-56.400001525878906,-69.510002136230469,Bedded,None,None,None,Wuchiapingian-Changhsingian,Permian,Wuchiapingian-Changhsingian,"1"
Alto Tapajos,20.00000,No,"20",-57.827849999999998,-7.915740000000000,Rift,Unknown,Unknown,South America,Brazil,Onshore,Proterozoic,Mesoproterozoic,1600.00,0.00,,,,0.377777783407105,0.400000005960464,0.500000000000000,"116861",-39.228889041476776,-38.799999237060547,-38.630001068115234,-40.880001068115234,Unknown,Unknown,Unknown,Unknown,,,,
Amadeus,21.00000,No,"21",131.841080000000005,-23.844729999999998,Foreland,Bedded,None,South Pacific,Australia,Onshore,Proterozoic,Neoproterozoic,1000.00,0.00,,,,2.404347826281319,1.799999952316284,7.000000000000000,"260228",-44.056956415591031,-43.580001831054688,-38.630001068115234,-48.169998168945312,None,None,None,None,"Neoproterozoic; Waucoban-Furongian","Protero., Cam.","Neoproterozoic; Waucoban-Furongian","2"
Amazonas,23.00000,No,"23",-52.348329999999997,-1.818490000000000,Rift,Bedded,Intrusive,South America,Brazil,Onshore,Proterozoic,Neoproterozoic,1000.00,0.00,2.187000000000000,1.829966725000000,1.857971500000000,1.784848489544608,1.500000000000000,4.500000000000000,"401419",-38.857575676657937,-38.939998626708984,-31.969999313354492,-42.770000457763672,None,None,None,None,Nova Olinda,Pennsylvanian,Kasimovian-Gzhelian,"1"
Amundsen,26.00000,No,"26",-114.778809999999993,-73.114159999999998,Passive Margin,Unknown,Extrusive,Antarctica,Antarctica,On-Offshore,Cretaceous,Cenomanian,100.50,0.00,4.824000000000000,2.183749854656378,2.646000000000000,0.816129038951570,0.600000023841858,3.400000095367432,"1530963",-25.713064509053385,-27.000000000000000,-12.409999847412109,-32.840000152587891,Unknown,Unknown,Unknown,Unknown,,,,
Anadarko,28.00000,No,"28",-98.974879999999999,37.120840000000001,Foreland,Bedded,Extrusive,North America,USA,Onshore,Cambrian,Cambrian Lower,542.00,0.00,,,,2.558064522281770,2.099999904632568,8.500000000000000,"382243",-43.051612977058667,-43.419998168945312,-38.729999542236328,-46.979999542236328,Bedded,None,None,None,Kungurian-Capitanian,Permian,Kungurian-Capitanian,"1"
Ancud,31.00000,No,"30",-73.059449999999998,-42.125399999999999,Forearc,Unknown,Extrusive,South America,Chile,On-Offshore,Oligocene,Chattian,28.10,0.00,0.877173900000000,0.798753888554218,0.799000000000000,1.100000002554485,1.000000000000000,2.000000000000000,"70952",-32.332856859479634,-30.000000000000000,-29.889999389648438,-36.459999084472656,Unknown,Unknown,Unknown,Unknown,,,,
Andaman-Nicobar,32.00000,No,"31",92.808369999999996,10.114409999999999,Forearc,None,Extrusive,Asia,"India, Myanmar",On-Offshore,Cretaceous,Cenomanian,100.50,0.00,7.225000000000000,2.796091699065744,2.435000000000000,0.375000005587935,0.300000011920929,0.800000011920929,"130755",-23.250000000000000,-24.000000000000000,-21.000000000000000,-24.000000000000000,None,None,None,None,,,,"0"
Angola,35.00000,No,"34",20.000000000000000,-12.000000000000000,Intracratonic,Unknown,Unknown,Africa,"Angola, Zambia, Congo",Onshore,Proterozoic,Neoproterozoic,1000.00,0.00,,,,0.977777777777778,0.699999988079071,2.200000047683716,"535507",-39.551111178927954,-37.959999084472656,-35.090000152587891,-44.959999084472656,Unknown,Unknown,Unknown,Unknown,,,,
Antalya,37.00000,No,"36",31.436669999999999,36.266460000000002,Foreland,Unknown,Unknown,Middle East,"Turkey, Cyprus",On-Offshore,Triassic,Induan,252.17,0.00,3.810500000000000,3.046540975124380,3.106947000000000,2.820000004768372,3.000000000000000,3.500000000000000,"49419",-34.665999984741212,-35.700000762939453,-31.760000228881836,-36.869998931884766,Unknown,Unknown,Unknown,Unknown,,,,
Antofagasta,39.00000,No,"38",-71.239339999999999,-27.843170000000001,Forearc,Unknown,Unknown,South America,Chile,On-Offshore,Devonian,Emsian,407.60,0.00,0.224717000000000,0.166660649753266,0.164000000000000,0.088333335394661,0.070000002160668,0.200000002980232,"79541",-29.273333231608078,-32.350000381469727,-11.000000000000000,-39.419998168945312,Unknown,Unknown,Unknown,Unknown,,,,
Arabian,42.00000,No,"41",50.171270000000000,23.563970000000001,Foreland,Bedded,Extrusive,Middle East,"Saudi Arabia, UAE, Iran, Qatar, Iraq",On-Offshore,Proterozoic,Neoproterozoic,1000.00,0.00,8.717438000000000,6.048257527555910,6.030613500000000,4.437614656369621,4.500000000000000,9.500000000000000,"1339093",-39.020000107791446,-39.180000305175781,-31.860000610351562,-44.060001373291016,Bedded,Bedded,Bedded,None,"Hormuz; Khuff; Dashtak; Adaiyah; Alan; Hith-Gotnia; Rus; Fars","Protero., Cam., Perm., Tri., Jur., Eo., Mio., Plio.","Neoproterozoic-Waucoban; Wordian-Changhsingian; Carnian-Rhaetian; Pliensbachian; Toarcian; Kimmeridgian-Tithonian; Ypresian-Lutetian; Aquitanian-Piacenzian","8"
Araks,43.00000,No,"42",44.797519999999999,39.603250000000003,Strike-Slip,Unknown,Extrusive,Asia,"Armenia, Azerbaijan, Iran, Turkey",Onshore,Paleocene,Danian,66.00,0.00,,,,0.009999999776483,0.009999999776483,0.009999999776483,"24947",-47.305000305175781,-47.305000305175781,-45.000000000000000,-49.610000610351562,Unknown,Unknown,Unknown,Unknown,,,,
Araripe,44.00000,No,"43",-39.576689999999999,-7.352650000000000,Rift,Bedded,Unknown,South America,Brazil,Onshore,Triassic,Induan,252.17,0.00,,,,0.250000007450581,0.250000007450581,0.300000011920929,"17410",-36.945001602172844,-36.945001602172844,-36.060001373291016,-37.830001831054688,None,None,None,Bedded,Santana (Ipubi),Cretaceous,Aptian-Albian,"1"
Arauco-Valdivia,45.00000,No,"44",-72.854680000000002,-35.165129999999998,Forearc,Unknown,Unknown,South America,Chile,On-Offshore,Cretaceous,Santonian,86.30,0.00,0.611000000000000,0.415146751775149,0.433500000000000,0.731428569981030,0.639999985694885,1.500000000000000,"93694",-25.779999869210378,-27.000000000000000,-10.569999694824219,-34.830001831054688,Unknown,Unknown,Unknown,Unknown,,,,
Arckaringa,46.00000,No,"45",134.919139999999999,-29.225570000000001,Intracratonic,None,None,South Pacific,Australia,Onshore,Cambrian,Cambrian Lower,542.00,0.00,,,,1.069230765677415,0.899999976158142,3.000000000000000,"172894",-39.350769042968750,-39.869998931884766,-32.779998779296875,-41.819999694824219,None,None,None,None,,,,"0"
Ardmore,47.00000,No,"46",-97.128919999999994,34.242109999999997,Fold and Thrust Belt,None,Extrusive,North America,USA,Onshore,Cambrian,Cambrian Lower,542.00,0.00,,,,2.799423656303690,2.649999976158142,3.500000000000000,"7436",-42.407627417087021,-41.915000915527344,-37.310001373291016,-48.069999694824219,None,None,None,None,,,,"0"
Arkoma,48.00000,No,"47",-93.756770000000003,35.375380000000000,Foreland,None,None,North America,USA,Onshore,Cambrian,Cambrian Upper,497.00,0.00,,,,1.885714284011296,2.000000000000000,3.000000000000000,"83519",-40.000000000000000,-40.450000762939453,-34.360000610351562,-44.189998626708984,None,None,None,None,,,,"0"
Arrowie-Stansbury,49.00000,No,"48",137.861009999999993,-33.900840000000002,Passive Margin,Mobile,Unknown,South Pacific,Australia,On-Offshore,Proterozoic,Neoproterozoic,1000.00,0.00,3.755000000000000,1.985305293532338,1.948000000000000,0.281250006053597,0.250000007450581,0.800000011920929,"110015",-37.423749446868896,-38.714998245239258,-29.729999542236328,-41.029998779296875,None,None,None,None,Callanna,Proterozoic,Neoproterozoic,"1"
Asem Asem,50.00000,No,"49",115.158420000000007,-4.503970000000000,Rift,None,Intrusive,Asia,Indonesia,On-Offshore,Eocene,Ypresian,56.00,0.00,2.699000000000000,2.004653763092270,1.975000000000000,1.299999992052714,1.399999976158142,1.399999976158142,"40700",-29.000000000000000,-29.000000000000000,-29.000000000000000,-29.000000000000000,None,None,None,None,,,,"0"
Assam,51.00000,No,"50",94.648610000000005,26.990130000000001,Foreland,None,Extrusive,Asia,India,Onshore,Cretaceous,Berriasian,145.00,0.00,,,,2.299999991059303,1.299999952316284,5.500000000000000,"50213",-40.787999725341798,-40.439998626708984,-35.299999237060547,-44.909999847412109,None,None,None,None,,,,"0"
Atacama,52.00000,No,"51",-69.339320000000001,-23.311319999999998,Forearc,Unknown,Extrusive,South America,Chile,Onshore,Mississippian,Tournaisian,358.90,0.00,,,,0.368181819604202,0.500000000000000,0.500000000000000,"105855",-48.728181665593929,-50.569999694824219,-33.340000152587891,-61.599998474121094,Unknown,Unknown,Unknown,Unknown,,,,
Austral-Magallanes,54.00000,No,"53",-69.002629999999996,-51.104819999999997,Foreland,None,Extrusive,South America,"Argentina, Chile",On-Offshore,Devonian,Eifelian,393.30,0.00,4.104000000000000,1.242609313660103,1.002000000000000,1.755652172895877,1.040000021457672,7.500000000000000,"532082",-31.392608725506328,-31.055000305175781,-29.000000000000000,-36.110000610351562,None,None,None,None,,,,"0"
Azraq,56.00000,No,"55",37.810659999999999,30.879180000000002,Rift,Unknown,Unknown,Middle East,"Saudi Arabia, Jordan",Onshore,Proterozoic,Neoproterozoic,1000.00,0.00,,,,2.340000009536743,2.299999952316284,3.000000000000000,"54919",-34.877999877929689,-34.799999237060547,-33.349998474121094,-35.810001373291016,Unknown,Unknown,Unknown,Unknown,,,,
Baluchistan,62.00000,No,"61",63.793630000000000,28.567950000000000,Fold and Thrust Belt,Bedded,Extrusive,Asia,"Pakistan, Iran, Afghanistan",Onshore,Cretaceous,Santonian,86.30,0.00,,,,0.144285718511258,0.100000001490116,0.300000011920929,"101163",-40.512856619698653,-40.709999084472656,-39.099998474121094,-41.639999389648438,None,None,None,None,Pleistocene,Pleistocene,Pleistocene,"1"
Banggai-Sula,63.00000,No,"62",123.678349999999995,-1.814790000000000,Strike-Slip,None,Intrusive,Asia,Indonesia,On-Offshore,Triassic,Carnian,237.00,0.00,2.786000000000000,2.212637265151516,2.315500000000000,1.250000000000000,0.949999988079071,2.200000047683716,"60708",-26.250000000000000,-26.000000000000000,-23.000000000000000,-30.000000000000000,None,None,None,None,,,,"0"
Barito,67.00000,No,"66",114.388260000000002,-2.703130000000000,Rift,None,Extrusive,Asia,Indonesia,On-Offshore,Paleocene,Danian,66.00,0.00,2.234000000000000,1.896185013888889,1.888500000000000,2.257142850330898,2.000000000000000,4.000000000000000,"80114",-31.507143020629883,-32.810001373291016,-29.000000000000000,-32.990001678466797,None,None,None,None,,,,"0"
Bass,69.00000,No,"68",145.832799999999992,-39.815010000000001,Passive Margin,None,Extrusive,South Pacific,Australia,On-Offshore,Devonian,Lochkovian,419.20,0.00,4.054000000000001,1.762661590026018,1.735000000000000,2.957142880984715,3.000000000000000,4.800000190734864,"104901",-31.539999825613840,-31.579999923706055,-27.559999465942383,-35.930000305175781,None,None,None,None,,,,"0"
Bechar,72.00000,No,"71",-1.915650000000000,31.125840000000000,Foreland,Unknown,Unknown,Africa,"Algeria, Morocco",Onshore,Cambrian,Cambrian Lower,542.00,0.00,,,,5.574999988079072,5.500000000000000,7.500000000000000,"55739",-34.217499732971191,-34.354999542236328,-33.400001525878906,-34.759998321533203,Unknown,Unknown,Unknown,Unknown,,,,
Beetaloo,73.00000,No,"72",132.591530000000006,-15.287850000000001,Intracratonic,Unknown,Unknown,South Pacific,Australia,Onshore,Proterozoic,Paleoproterozoic,2500.00,0.00,,,,0.546666677792867,0.600000023841858,0.699999988079071,"183570",-44.983332824707034,-44.139999389648438,-41.939998626708984,-50.209999084472656,Unknown,Unknown,Unknown,Unknown,,,,
Beibuwan,74.00000,No,"73",108.872839999999997,20.486440000000002,Rift,None,Extrusive,Asia,"China, Vietnam",On-Offshore,Permian,Asselian,298.90,0.00,6.598000000000000,2.191184000000000,1.937500000000000,1.283333306511243,0.999999970197678,2.299999952316284,"87460",-30.998333613077801,-31.315000534057617,-28.979999542236328,-32.450000762939453,None,None,None,None,,,,"0"
Bellingshausen,76.00000,No,"75",-77.753219999999999,-70.183570000000003,Passive Margin,Unknown,Unknown,Antarctica,Antarctica,On-Offshore,Paleocene,Danian,66.00,0.00,4.918000000000000,2.618267373206952,3.209500000000000,1.151428572881918,0.800000011920929,3.299999952316284,"1893639",-27.179480509324502,-27.000000000000000,-12.149999618530273,-33.400001525878906,Unknown,Unknown,Unknown,Unknown,,,,
Bengkulu,78.00000,No,"77",101.582480000000004,-3.771080000000000,Forearc,None,Extrusive,Asia,Indonesia,On-Offshore,Eocene,Ypresian,56.00,0.00,2.388742000000000,0.909229348152976,0.816000000000000,1.738888886239794,1.649999976158142,4.099999904632569,"229660",-24.459444469875759,-24.000000000000000,-10.350000381469727,-30.920000076293945,None,None,None,None,,,,"0"
Benue,79.00000,No,"78",9.554470000000000,8.538190000000000,Rift,None,Extrusive,Africa,"Nigeria, Cameroon",Onshore,Jurassic,Oxfordian,163.50,0.00,,,,2.049999992052714,2.000000000000000,4.000000000000000,"163530",-39.334999720255531,-38.844999313354499,-37.790000915527344,-41.630001068115234,None,None,None,None,,,,"0"
Bicol,83.00000,No,"82",122.910899999999998,14.768129999999999,Forearc,Unknown,Unknown,Asia,Philippines,On-Offshore,Oligocene,Rupelian,33.90,0.00,3.001000000000000,1.581352354068717,1.248000000000000,0.133333335320155,0.100000001490116,0.200000002980232,"50204",-22.666666666666668,-27.000000000000000,-13.000000000000000,-28.000000000000000,Unknown,Unknown,Unknown,Unknown,,,,
Bida,84.00000,No,"83",5.054020000000000,10.041200000000000,Rift,Unknown,Unknown,Africa,"Nigeria, Benin, Niger",Onshore,Cretaceous,Santonian,86.30,0.00,,,,0.800000011920929,0.800000011920929,1.000000000000000,"29915",-37.829999923706055,-37.829999923706055,-37.819999694824219,-37.840000152587891,Unknown,Unknown,Unknown,Unknown,,,,
Biliton,87.00000,No,"86",110.338290000000001,-4.119080000000001,Backarc - Marginal Sea,Unknown,Unknown,Asia,Indonesia,On-Offshore,Triassic,Carnian,237.00,0.00,1.810000000000000,1.278507703764974,1.244000000000000,1.007692304941324,1.000000000000000,2.000000000000000,"156471",-29.230769230769226,-29.000000000000000,-29.000000000000000,-30.000000000000000,Unknown,Unknown,Unknown,Unknown,,,,
Bintuni,88.00000,No,"87",132.921420000000012,-2.879610000000000,Foreland,Bedded,Extrusive,Asia,Indonesia,On-Offshore,Pennsylvanian,Bashkirian,323.20,0.00,6.400616000000000,1.260780648703170,1.110000000000000,4.480000019073487,4.300000190734864,6.500000000000000,"64856",-30.745999908447267,-31.860000610351562,-26.000000000000000,-32.950000762939453,None,None,None,None,Selandian-Ypresian,"Paleo., Eo.",Selandian-Ypresian,"1"
Black Mesa-Kaiparowits,89.00000,No,"88",-111.252809999999997,36.182330000000000,Foreland,Bedded,Extrusive,North America,USA,Onshore,Proterozoic,Mesoproterozoic,1600.00,0.00,,,,1.623076923191547,1.500000000000000,3.000000000000000,"153384",-40.227691943828873,-39.709999084472656,-36.470001220703125,-46.189998626708984,Bedded,None,None,None,Supai,Permian,Asselian-Kungurian,"1"
Black Warrior,90.00000,No,"89",-87.724329999999995,33.734760000000001,Foreland,Bedded,None,North America,USA,Onshore,Cambrian,Cambrian Lower,542.00,0.00,,,,3.366666674613953,3.000000000000000,6.000000000000000,"65588",-42.048333485921226,-41.305000305175781,-36.240001678466797,-48.319999694824219,None,None,None,None,Rome,Cambrian,Waucoban-Furongian,"1"
Blue Nile-Khartoum,92.00000,No,"91",32.297580000000004,15.197350000000000,Rift,Bedded,Extrusive,Africa,"Sudan, Ethiopia",Onshore,Ordovician,Tremadocian,485.40,0.00,,,,0.295882355531349,0.300000011920929,0.500000000000000,"178681",-34.572941050809973,-34.569999694824219,-33.939998626708984,-35.450000762939453,None,None,Bedded,Bedded,Abu Gin,"Jur., Cret.",Tithonian-Barremian,"1"
Bokaro,94.00000,No,"93",85.805729999999997,23.823020000000000,Rift,Unknown,Unknown,Asia,India,Onshore,Pennsylvanian,Bashkirian,323.20,0.00,,,,0.009999999776483,0.009999999776483,0.009999999776483,"685",-53.360000610351562,-53.360000610351562,-53.360000610351562,-53.360000610351562,Unknown,Unknown,Unknown,Unknown,,,,
Bolsones,95.00000,No,"94",-66.003069999999994,-29.477480000000000,Foreland,Bedded,Extrusive,South America,Argentina,Onshore,Devonian,Lochkovian,419.20,0.00,,,,0.944444445272287,1.000000000000000,2.000000000000000,"221764",-41.170555538601349,-40.494998931884766,-35.720001220703125,-52.229999542236328,None,None,None,None,Danian-Thanetian,Paleocene,Danian-Thanetian,"1"
Bonaparte,96.00000,No,"95",127.763099999999994,-11.861170000000000,Passive Margin,Mobile,Extrusive,South Pacific,"Australia, Indonesia, East Timor",On-Offshore,Cambrian,Cambrian Lower,542.00,0.00,3.701849000000000,1.256906643532339,1.244000000000000,4.812903208117332,5.699999809265138,7.500000000000000,"370084",-29.422580595939390,-29.639999389648438,-24.180000305175781,-35.340000152587891,None,None,None,None,Silurian-Devonian,"Sil., Dev.",Rhuddanian-Emsian,"1"
Bone-Sengkang,97.00000,No,"96",121.402280000000005,-5.434060000000000,Strike-Slip,None,Extrusive,Asia,Indonesia,On-Offshore,Cretaceous,Cenomanian,100.50,0.00,2.606921000000000,1.926119302573801,1.861500000000000,1.633333338631524,1.500000000000000,3.000000000000000,"105287",-29.666666666666668,-32.000000000000000,-23.000000000000000,-34.000000000000000,None,None,None,None,,,,"0"
Bongor,98.00000,No,"97",16.180859999999999,11.175860000000000,Rift,Unknown,Unknown,Africa,"Chad, Cameroon, Nigeria",Onshore,Cretaceous,Barremian,129.40,0.00,,,,1.123076920325939,0.899999976158142,2.500000000000000,"139292",-38.893076089712288,-38.669998168945312,-38.599998474121094,-41.610000610351562,Unknown,Unknown,Unknown,Unknown,,,,
Borderland,99.00000,No,"98",-118.396150000000006,32.270569999999999,Strike-Slip,None,Extrusive,North America,"USA, Mexico",On-Offshore,Miocene,Langhian,15.97,0.00,1.663438000000000,0.295028962552977,0.268000000000000,1.121428574834551,1.000000000000000,2.299999952316284,"87736",-22.761428288051061,-23.000000000000000,-18.000000000000000,-27.549999237060547,None,None,None,None,,,,"0"
Bose,100.00000,No,"99",107.003510000000006,23.722100000000001,Strike-Slip,None,Extrusive,Asia,China,Onshore,Triassic,Anisian,247.20,0.00,,,,0.103287113186765,0.009999999776483,3.000000000000000,"2570",-31.600371736391015,-31.709999084472656,-30.920000076293945,-40.209999084472656,None,None,None,None,,,,"0"
Bougainville,102.00000,No,"101",154.363820000000004,-5.720940000000000,Forearc,Unknown,Unknown,Asia,"Papua New Guinea, Solomon Islands",On-Offshore,Oligocene,Chattian,28.10,0.00,0.983870000000000,0.718323311524163,0.719000000000000,0.500000000000000,0.500000000000000,0.699999988079071,"27303",-29.500000000000000,-29.500000000000000,-29.000000000000000,-30.000000000000000,Unknown,Unknown,Unknown,Unknown,,,,
Bowen-Surat,104.00000,No,"103",148.824710000000010,-27.544429999999998,Foreland,None,Extrusive,South Pacific,Australia,Onshore,Cambrian,Cambrian Upper,497.00,0.00,,,,1.327906977125379,0.899999976158142,5.000000000000000,"534859",-38.471860308979835,-38.209999084472656,-35.169998168945312,-42.270000457763672,None,None,None,None,,,,"0"
Bransfield,107.00000,No,"106",-57.579560000000001,-62.506790000000002,Strike-Slip,Unknown,Extrusive,Antarctica,Antarctica,On-Offshore,Triassic,Norian,227.00,0.00,3.853000000000000,1.313221951893183,0.861666800000000,0.881176471710205,0.850000023841858,1.440000057220459,"215973",-26.118235307581283,-26.000000000000000,-23.000000000000000,-28.000000000000000,Unknown,Unknown,Unknown,Unknown,,,,
Bremer,108.00000,No,"107",119.713160000000002,-34.512439999999998,Passive Margin,Unknown,Unknown,South Pacific,Australia,On-Offshore,Jurassic,Oxfordian,163.50,0.00,3.629000000000000,1.642164665451056,1.495500000000000,0.738461538576163,0.899999976158142,1.799999952316284,"144646",-28.654615695659931,-29.790000915527344,-16.420000076293945,-37.490001678466797,Unknown,Unknown,Unknown,Unknown,,,,
Browse,111.00000,No,"110",122.478359999999995,-13.985139999999999,Passive Margin,None,Extrusive,South Pacific,"Australia, Indonesia",On-Offshore,Mississippian,Tournaisian,358.90,0.00,2.008256000000000,1.092807207205560,1.126000000000000,4.277777784400516,4.250000000000000,7.699999809265138,"235415",-27.611666573418510,-26.635000228881836,-21.209999084472656,-36.000000000000000,None,None,None,None,,,,"0"
Buton,114.00000,No,"113",123.455780000000004,-5.173700000000000,Strike-Slip,None,None,Asia,Indonesia,On-Offshore,Triassic,Carnian,237.00,0.00,2.086000000000000,1.784213246647231,1.803000000000000,0.633333345254262,0.600000023841858,0.699999988079071,"39787",-24.643333435058594,-23.000000000000000,-20.000000000000000,-30.930000305175781,None,None,None,None,,,,"0"
Caltanissetta,117.00000,No,"116",14.000000000000000,38.000000000000000,Fold and Thrust Belt,Unknown,Extrusive,Europe,Italy,On-Offshore,Triassic,Rhaetian,208.50,0.00,5.046219000000000,3.208032975609757,3.099339500000000,2.360000038146973,2.700000047683716,2.700000047683716,"44279",-25.230000305175778,-21.200000762939453,-20.819999694824219,-31.690000534057617,Unknown,Unknown,Unknown,Unknown,,,,
Cambay,119.00000,No,"118",72.362039999999993,23.327510000000000,Rift,None,Extrusive,Asia,India,On-Offshore,Cambrian,Cambrian Lower,542.00,0.00,2.614000000000000,2.296673815789474,2.372000000000000,1.459999991953373,1.700000047683716,2.599999904632568,"69977",-36.300000762939455,-36.330001831054688,-33.819999694824219,-38.049999237060547,None,None,None,None,,,,"0"
Campeche,120.00000,No,"119",-89.656170000000003,21.511070000000000,Passive Margin,Mobile,None,Central America,"Mexico, Guatemala, Cuba",On-Offshore,Triassic,Rhaetian,208.50,0.00,8.289811000000000,3.284115811200538,3.154500000000000,4.431034490979952,3.500000000000000,11.000000000000000,"343934",-27.242068981302197,-27.030000686645508,-23.229999542236328,-32.810001373291016,None,None,Mobile,Bedded,"Bathonian-Oxfordian; Coban","Jur., Cret.","Bathonian-Oxfordian; Hauterivian-Cenomanian","2"
Canning,123.00000,No,"122",124.901129999999995,-20.695810000000002,Intracratonic,Bedded,Intrusive,South Pacific,Australia,Onshore,Proterozoic,Neoproterozoic,1000.00,0.00,3.860845000000000,1.366466705882353,1.235000000000000,3.617499986290932,2.800000071525574,11.000000000000000,"512753",-36.916000032424925,-36.380001068115234,-31.989999771118164,-45.830001831054688,None,None,None,None,Carribuddy,"Ord., Sil.",Caradocian-Ludfordian,"1"
Canterbury,125.00000,No,"124",175.371610000000004,-45.145209999999999,Passive Margin,None,Extrusive,South Pacific,New Zealand,On-Offshore,Cretaceous,Barremian,129.40,0.00,1.483000000000000,0.586306333218551,0.444029600000000,1.252432431320886,0.790000021457672,5.199999809265138,"449331",-21.098918914794918,-21.000000000000000,-12.000000000000000,-28.239999771118164,None,None,None,None,,,,"0"
Cap Sainte Marie,126.00000,No,"125",45.200049999999997,-25.389730000000000,Passive Margin,Unknown,Unknown,Africa,Madagascar,On-Offshore,Permian,Asselian,298.90,0.00,1.304000000000000,0.888328083300589,0.846000000000000,1.441666682561239,1.325000047683716,2.000000000000000,"67070",-26.286666552225746,-28.000000000000000,-17.000000000000000,-31.750000000000000,Unknown,Unknown,Unknown,Unknown,,,,
Cape Vogel,127.00000,No,"126",149.650370000000009,-8.791040000000002,Forearc,None,Extrusive,Asia,Papua New Guinea,On-Offshore,Paleocene,Thanetian,59.20,0.00,0.658536400000000,0.269738362181617,0.277000000000000,0.662499994039536,0.500000000000000,1.299999952316284,"92736",-23.606250047683716,-24.000000000000000,-21.000000000000000,-25.000000000000000,None,None,None,None,,,,"0"
Cariaco,128.00000,No,"127",-65.532079999999993,10.520640000000000,Strike-Slip,None,None,South America,Venezuela,On-Offshore,Cretaceous,Aptian,125.00,0.00,4.093074000000000,2.740110197183099,2.913000000000000,1.500000000000000,1.500000000000000,2.000000000000000,"28841",-29.576666514078777,-30.239999771118164,-27.860000610351562,-30.629999160766602,None,None,None,None,,,,"0"
Carpentaria,129.00000,No,"128",139.740029999999990,-14.403029999999999,Intracratonic,None,None,South Pacific,"Australia, Indonesia, Papua New Guinea",On-Offshore,Proterozoic,Neoproterozoic,1000.00,0.00,2.855032000000000,0.956685916530474,0.960000000000000,0.917391304088675,0.800000011920929,1.799999952316284,"857335",-37.386087002961531,-37.180000305175781,-32.000000000000000,-46.319999694824219,None,None,None,None,,,,"0"
Cauca,130.00000,No,"129",-75.952160000000006,4.681120000000000,Forearc,Unknown,Unknown,South America,Colombia,Onshore,Paleocene,Danian,66.00,0.00,,,,0.009999999776483,0.009999999776483,0.009999999776483,"19866",-36.324998855590827,-36.324998855590827,-32.459999084472656,-40.189998626708984,Unknown,Unknown,Unknown,Unknown,,,,
Cauvery,131.00000,No,"130",79.335160000000002,9.212999999999999,Passive Margin,None,None,Asia,"India, Sri Lanka",On-Offshore,Jurassic,Oxfordian,163.50,0.00,8.023000000000000,3.597205261477573,1.831500000000000,1.795000012431826,1.250000000000000,3.880000114440918,"163186",-27.120714460100448,-28.500000000000000,-10.760000228881836,-35.970001220703125,None,None,None,None,,,,"0"
Central California Coastal,133.00000,No,"132",-122.580950000000001,37.467689999999997,Strike-Slip,None,Extrusive,North America,USA,On-Offshore,Cretaceous,Berriasian,145.00,0.00,1.691134000000000,0.480457918849840,0.458999900000000,2.000000000000000,2.000000000000000,2.000000000000000,"29315",-21.699999809265137,-21.699999809265137,-20.850000381469727,-22.549999237060547,None,None,None,None,,,,"0"
Central Luzon,135.00000,No,"134",121.000000000000000,15.000000000000000,Backarc - Marginal Sea,None,Extrusive,Asia,Philippines,On-Offshore,Eocene,Bartonian,41.20,0.00,2.235000000000000,1.776259071052632,1.735000000000000,2.703033143442346,1.299999952316284,5.000000000000000,"20881",-31.124645664199139,-30.549999237060547,-30.000000000000000,-31.840000152587891,None,None,None,None,,,,"0"
Central Myanmar,136.00000,No,"135",95.000000000000000,21.000000000000000,Strike-Slip,None,Extrusive,Asia,Myanmar,Onshore,Cretaceous,Cenomanian,100.50,0.00,,,,5.528571435383388,5.500000000000000,8.000000000000000,"88135",-35.054285321916851,-34.840000152587891,-34.709999084472656,-35.759998321533203,None,None,None,None,,,,"0"
Central Sumatra,139.00000,No,"138",101.871700000000004,0.887580000000000,Backarc - Marginal Sea,None,Extrusive,Asia,"Indonesia, Malaysia",On-Offshore,Eocene,Lutetian,47.80,0.00,2.211788000000000,0.970059710936639,0.998000000000000,0.983333344260852,1.000000000000000,1.700000047683716,"121308",-31.323333104451496,-30.969999313354492,-29.979999542236328,-33.000000000000000,None,None,None,None,,,,"0"
Cesar-Rancheria,140.00000,No,"139",-73.287419999999997,10.172180000000001,Fold and Thrust Belt,None,Intrusive,South America,"Colombia, Venezuela",Onshore,Proterozoic,Neoproterozoic,1000.00,0.00,,,,0.703770154931813,1.250000000000000,3.500000000000000,"14408",-34.202055408180179,-32.809999465942383,-30.639999389648438,-49.139999389648438,None,None,None,None,,,,"0"
Chaco,141.00000,No,"140",-60.877490000000002,-30.124500000000001,Intracratonic,Bedded,Extrusive,South America,Argentina,Onshore,Cambrian,Cambrian Upper,497.00,0.00,,,,2.433333335099397,2.500000000000000,3.500000000000000,"363310",-40.407036534062136,-40.919998168945312,-37.950000762939453,-40.959999084472656,None,Bedded,None,Bedded,"Kolla; Albian-Turonian","Tri., Cret.","Anisian-Carnian; Albian-Turonian","2"
Chad,142.00000,No,"141",17.322109999999999,15.953600000000000,Intracratonic,Unknown,Extrusive,Africa,"Chad, Niger",Onshore,Permian,Asselian,298.90,0.00,,,,0.814186044600467,0.699999988079071,3.000000000000000,"518163",-39.987441927887673,-38.720001220703125,-37.529998779296875,-41.779998779296875,Unknown,Unknown,Unknown,Unknown,,,,
Chama,143.00000,No,"142",-106.488320000000002,36.848080000000003,Rift,None,Extrusive,North America,USA,Onshore,Cambrian,Cambrian Upper,497.00,0.00,,,,0.374891850135375,0.500000000000000,0.500000000000000,"6850",-44.321679171424634,-47.130001068115234,-42.090000152587891,-48.049999237060547,None,None,None,None,,,,"0"
Chandrapura,144.00000,No,"143",86.422960000000003,23.766999999999999,Rift,None,None,Asia,India,Onshore,Pennsylvanian,Bashkirian,323.20,0.00,,,,0.009999999776483,0.009999999776483,0.009999999776483,"1161",-45.790000915527344,-45.790000915527344,-45.790000915527344,-45.790000915527344,None,None,None,None,,,,"0"
Chiang Mai,146.00000,No,"145",98.938050000000004,18.577150000000000,Strike-Slip,Unknown,Unknown,Asia,Thailand,Onshore,Oligocene,Rupelian,33.90,0.00,,,,0.013664318682740,0.009999999776483,0.100000001490116,"5093",-34.679674056533919,-35.060001373291016,-33.200000762939453,-36.520000457763672,Unknown,Unknown,Unknown,Unknown,,,,
Chiloe-Osorno,147.00000,No,"146",-74.773340000000005,-42.586419999999997,Forearc,Unknown,Unknown,South America,Chile,On-Offshore,Cretaceous,Santonian,86.30,0.00,0.756000000000000,0.610109126511953,0.617000000000000,0.908000004291534,0.865000009536743,1.500000000000000,"123224",-24.118999958038334,-25.000000000000000,-14.180000305175781,-30.000000000000000,Unknown,Unknown,Unknown,Unknown,,,,
Chindwin,148.00000,No,"147",95.061719999999994,24.586099999999998,Strike-Slip,None,Extrusive,Asia,"Myanmar, India",Onshore,Triassic,Carnian,237.00,0.00,,,,3.700000000000000,2.500000000000000,7.500000000000000,"53334",-36.993999481201165,-35.669998168945312,-35.459999084472656,-42.509998321533203,None,None,None,None,,,,"0"
Chiriqui,149.00000,No,"148",-82.063749999999999,7.915270000000000,Forearc,Unknown,Unknown,Central America,"Panama, Costa Rica",On-Offshore,Cretaceous,Aptian,125.00,0.00,0.773000000000000,0.391317532418636,0.360500000000000,0.055000000633299,0.055000000633299,0.100000001490116,"20415",-21.414999961853027,-21.414999961853027,-18.260000228881836,-24.569999694824219,Unknown,Unknown,Unknown,Unknown,,,,
Choco,150.00000,No,"149",-77.048259999999999,7.221220000000000,Forearc,Unknown,Unknown,South America,"Colombia, Panama",On-Offshore,Cretaceous,Maastrichtian,72.10,0.00,3.569544000000000,1.318376775510204,1.293000000000000,1.433333317438761,1.500000000000000,1.500000000000000,"41034",-27.143333435058594,-26.159999847412109,-25.870000839233398,-29.399999618530273,Unknown,Unknown,Unknown,Unknown,,,,
Chuxiong,152.00000,No,"151",101.943209999999993,25.289190000000001,Strike-Slip,Unknown,Unknown,Asia,China,Onshore,Proterozoic,Neoproterozoic,1000.00,0.00,,,,0.386666667337219,0.100000001490116,2.000000000000000,"63844",-43.151666641235352,-44.289999008178711,-35.860000610351562,-47.950000762939453,Unknown,Unknown,Unknown,Unknown,,,,
Cibao,153.00000,No,"152",-71.220529999999997,19.629480000000001,Strike-Slip,Unknown,Unknown,Central America,"Dominican Republic, Haiti",On-Offshore,Cretaceous,Cenomanian,100.50,0.00,2.068000000000000,1.865456140350877,1.906000000000000,1.461246699831635,1.099999994039536,5.000000000000000,"14417",-19.243218519313150,-19.245000839233398,-17.920000076293945,-20.370000839233398,Unknown,Unknown,Unknown,Unknown,,,,
Clarence,154.00000,No,"153",153.047370000000001,-29.273599999999998,Passive Margin,None,Unknown,South Pacific,Australia,On-Offshore,Triassic,Induan,252.17,0.00,1.156000000000000,1.144094827586207,1.144000000000000,1.099999994039536,1.000000000000000,1.500000000000000,"41933",-31.545000076293945,-31.590000152587891,-27.909999847412109,-35.090000152587891,None,None,None,None,,,,"0"
Cooper,160.00000,No,"159",140.373250000000013,-28.292870000000001,Intracratonic,None,None,South Pacific,Australia,Onshore,Proterozoic,Paleoproterozoic,2500.00,0.00,,,,2.194000007659197,2.500000000000000,3.700000047683716,"324212",-35.852000274658202,-35.529998779296875,-32.490001678466797,-40.330001831054688,None,None,None,None,,,,"0"
Cotabato,161.00000,No,"160",124.217820000000003,7.175650000000000,Backarc - Marginal Sea,Unknown,Unknown,Asia,Philippines,On-Offshore,Oligocene,Chattian,28.10,0.00,1.362000000000000,1.196309090909091,1.188000000000000,0.888197149694105,1.000000000000000,1.299999952316284,"10231",-30.797454026242931,-30.790000915527344,-30.500000000000000,-31.000000000000000,Unknown,Unknown,Unknown,Unknown,,,,
Cote d'Ivoire,162.00000,No,"161",-4.957690000000000,4.624900000000000,Passive Margin,None,None,Africa,"Cote d'Ivoire, Ghana, Liberia",On-Offshore,Cambrian,Cambrian Lower,542.00,0.00,4.106000000000000,2.082873063396779,2.052000000000000,2.409999942779541,2.599999904632568,2.849999904632568,"66218",-21.000000000000000,-20.000000000000000,-17.000000000000000,-25.000000000000000,None,None,None,None,,,,"0"
Culpeper,165.00000,No,"164",-77.645269999999996,38.806710000000002,Rift,None,Extrusive,North America,USA,Onshore,Triassic,Carnian,237.00,0.00,,,,0.062299442681182,0.009999999776483,0.100000001490116,"5675",-30.922861083959543,-30.510000228881836,-29.969999313354492,-36.020000457763672,None,None,None,None,,,,"0"
Cuyama-Salinas-San Francisco,167.00000,No,"166",-120.242289999999997,35.238810000000001,Strike-Slip,None,None,North America,USA,Onshore,Cretaceous,Berriasian,145.00,0.00,0.523000000000000,0.503399980000000,0.500499950000000,1.500000000000000,1.500000000000000,2.500000000000000,"24355",-22.684999465942383,-22.684999465942383,-20.709999084472656,-24.659999847412109,None,None,None,None,,,,"0"
Cuyo,168.00000,No,"167",-67.713419999999999,-33.444310000000002,Foreland,None,Extrusive,South America,Argentina,Onshore,Devonian,Lochkovian,419.20,0.00,,,,1.279999999205271,1.000000000000000,3.000000000000000,"199376",-44.487999979654951,-44.500000000000000,-35.540000915527344,-58.020000457763672,None,None,None,None,,,,"0"
Dalhart,170.00000,No,"169",-103.133949999999999,36.043349999999997,Strike-Slip,None,Intrusive,North America,USA,Onshore,Proterozoic,Neoproterozoic,1000.00,0.00,,,,1.537156109757173,1.149999976158142,2.400000095367432,"14101",-42.718163367606699,-42.704999923706055,-41.330001831054688,-44.889999389648438,None,None,None,None,,,,"0"
Daltonganj,171.00000,No,"170",84.000000000000000,24.100000000000001,Rift,Unknown,Unknown,Asia,India,Onshore,Pennsylvanian,Bashkirian,323.20,0.00,,,,0.065880009811707,0.055000000633299,0.100000001490116,"1409",-43.948517495007437,-43.590000152587891,-39.360000610351562,-44.680000305175781,Unknown,Unknown,Unknown,Unknown,,,,
Dan River-Danville,172.00000,No,"171",-79.655019999999993,36.586399999999998,Rift,None,Extrusive,North America,USA,Onshore,Triassic,Carnian,237.00,0.00,,,,0.009999999776483,0.009999999776483,0.009999999776483,"6005",-42.852473330791533,-39.539999008178711,-37.880001068115234,-49.529998779296875,None,None,None,None,,,,"0"
Danjo,173.00000,No,"172",128.969560000000001,31.748480000000001,Backarc - Marginal Sea,Unknown,Unknown,Asia,"Japan, South Korea",On-Offshore,Jurassic,Hettangian,201.30,0.00,4.636000000000000,2.163052498437500,2.133000000000000,1.566666682561239,1.500000000000000,2.200000047683716,"38381",-30.000000000000000,-30.000000000000000,-30.000000000000000,-30.000000000000000,Unknown,Unknown,Unknown,Unknown,,,,
Deep River,176.00000,No,"175",-79.401489999999995,35.461370000000002,Rift,None,Extrusive,North America,USA,Onshore,Triassic,Carnian,237.00,0.00,,,,0.297354097447813,0.100000001490116,0.500000000000000,"6948",-36.003912302418968,-36.209999084472656,-33.889999389648438,-39.709999084472656,None,None,None,None,,,,"0"
Dharoor,178.00000,No,"177",49.299999999999997,10.500000000000000,Rift,Unknown,Unknown,Africa,Somalia,Onshore,Cambrian,Cambrian Lower,542.00,0.00,,,,2.307065610237478,2.500000000000000,4.500000000000000,"11790",-29.888779747300852,-29.959999084472656,-28.930000305175781,-30.170000076293945,Unknown,Unknown,Unknown,Unknown,,,,
Diego Ramirez,179.00000,No,"178",-70.808869999999999,-55.002540000000003,Strike-Slip,Unknown,Extrusive,South America,"Chile, Argentina",On-Offshore,Cretaceous,Santonian,86.30,0.00,1.634000000000000,0.699252589319693,0.682000000000000,0.783571429550648,0.715000003576279,1.899999976158142,"181072",-25.140714304787771,-25.000000000000000,-14.130000114440918,-29.940000534057617,Unknown,Unknown,Unknown,Unknown,,,,
Diyarbakir,180.00000,No,"179",40.791240000000002,38.064880000000002,Fold and Thrust Belt,Bedded,Extrusive,Middle East,Turkey,Onshore,Proterozoic,Neoproterozoic,1000.00,0.00,,,,0.100000001490116,0.100000001490116,0.100000001490116,"34414",-38.920000076293945,-38.920000076293945,-37.540000915527344,-40.299999237060547,None,None,Bedded,None,"Sinemurian-Pliensbachian; Bartonian-Rupelian","Jur., Eo., Oligo.","Sinemurian-Pliensbachian; Bartonian-Rupelian","2"
Djaz Murian,181.00000,No,"180",59.224919999999997,27.372370000000000,Fold and Thrust Belt,Unknown,Unknown,Middle East,Iran,Onshore,Cretaceous,Santonian,86.30,0.00,,,,0.200000005463759,0.200000002980232,0.300000011920929,"28738",-41.373332977294922,-41.209999084472656,-40.860000610351562,-42.049999237060547,Unknown,Unknown,Unknown,Unknown,,,,
Doba,183.00000,No,"182",16.223220000000001,8.678210000000000,Rift,None,None,Africa,"Chad, Cameroon, Central African Republic, Nigeria",Onshore,Cretaceous,Berriasian,145.00,0.00,,,,1.066666670971447,1.000000000000000,2.500000000000000,"115328",-41.716666327582466,-41.610000610351562,-38.669998168945312,-42.650001525878906,None,None,None,None,,,,"0"
Doseo,184.00000,No,"183",20.674360000000000,10.223000000000001,Rift,None,Extrusive,Africa,"Chad, Central African Republic, Sudan",Onshore,Jurassic,Tithonian,152.10,0.00,,,,1.609999996423721,1.500000000000000,3.000000000000000,"150172",-39.167000579833982,-38.570001602172844,-38.509998321533203,-41.619998931884766,None,None,None,None,,,,"0"
Douala,185.00000,No,"184",8.539429999999999,1.880830000000000,Passive Margin,Bedded,Extrusive,Africa,"Sao Tome and Principe, Equatorial Guinea, Cameroon, Gabon",On-Offshore,Cretaceous,Berriasian,145.00,0.00,7.014000000000000,4.838651252042802,4.826000000000000,3.087500005960464,3.175000071525574,4.250000000000000,"103162",-21.227499961853027,-20.500000000000000,-13.819999694824219,-28.000000000000000,None,None,None,Bedded,Aptian,Cretaceous,Aptian,"1"
East China Sea,193.00000,No,"192",124.307159999999996,28.333490000000001,Backarc - Marginal Sea,None,Extrusive,Asia,"China, South Korea, Japan, Taiwan",On-Offshore,Triassic,Carnian,237.00,0.00,10.682000000000000,2.281353211668389,2.174867000000000,1.981632655676530,2.000000000000000,4.800000190734864,"588233",-29.484897963854731,-30.000000000000000,-22.379999160766602,-34.409999847412109,None,None,None,None,,,,"0"
East Coast,194.00000,No,"193",177.355439999999987,-40.923189999999998,Forearc,None,Extrusive,South Pacific,New Zealand,On-Offshore,Jurassic,Oxfordian,163.50,0.00,0.890999900000000,0.513166645381817,0.505000000000000,1.147916677097480,0.949999988079071,3.900000095367432,"279293",-21.260833263397217,-21.000000000000000,-10.229999542236328,-34.569999694824219,None,None,None,None,,,,"0"
East Java,196.00000,No,"195",116.240690000000001,-6.737130000000000,Backarc - Marginal Sea,None,Extrusive,Asia,Indonesia,On-Offshore,Jurassic,Hettangian,201.30,0.00,4.681764000000000,1.571813428376535,1.559000000000000,2.957142846924918,2.600000023841858,5.199999809265138,"201143",-29.257857186453684,-29.000000000000000,-25.000000000000000,-31.739999771118164,None,None,None,None,,,,"0"
East Mindoro,199.00000,No,"198",122.000000000000000,13.000000000000000,Backarc - Marginal Sea,Unknown,Unknown,Asia,Philippines,On-Offshore,Jurassic,Oxfordian,163.50,0.00,6.565000000000000,2.140415156545961,1.988000000000000,0.500000000000000,0.500000000000000,0.500000000000000,"35036",-31.000000000000000,-31.000000000000000,-31.000000000000000,-31.000000000000000,Unknown,Unknown,Unknown,Unknown,,,,
East Niger,200.00000,No,"199",11.477869999999999,16.450920000000000,Rift,Unknown,Unknown,Africa,"Niger, Nigeria, Chad, Algeria, Cameroon",Onshore,Permian,Asselian,298.90,0.00,,,,1.535714288552602,1.000000000000000,6.500000000000000,"540800",-40.189524060203915,-40.620000839233398,-37.560001373291016,-42.630001068115234,Unknown,Unknown,Unknown,Unknown,,,,
East Palawan,201.00000,No,"200",119.356139999999996,9.057100000000000,Backarc - Marginal Sea,None,None,Asia,"Philippines, Malaysia",On-Offshore,Paleocene,Thanetian,59.20,0.00,5.794000000000000,2.491761421435229,2.201000000000000,1.711111121707492,1.500000000000000,3.500000000000000,"92779",-23.222222222222221,-23.000000000000000,-23.000000000000000,-24.000000000000000,None,None,None,None,,,,"0"
Edmund-Collier,208.00000,No,"207",117.819609999999997,-24.286439999999999,Rift,Unknown,Unknown,South Pacific,Australia,Onshore,Proterozoic,Mesoproterozoic,1600.00,0.00,,,,0.241666673372189,0.250000007450581,0.400000005960464,"150496",-37.377499898274742,-38.000000000000000,-33.259998321533203,-40.119998931884766,Unknown,Unknown,Unknown,Unknown,,,,
Enriquillo-Hatia,212.00000,No,"211",-72.218549999999993,18.794899999999998,Strike-Slip,Unknown,Unknown,Central America,"Haiti, Dominican Republic",On-Offshore,Miocene,Langhian,15.97,0.00,1.526000000000000,1.160907946938775,1.116500000000000,0.849999994039536,0.849999994039536,1.000000000000000,"32711",-20.619999885559086,-20.619999885559086,-20.440000534057617,-20.799999237060547,Unknown,Unknown,Unknown,Unknown,,,,
Espirito Santo,214.00000,No,"213",-38.877360000000003,-18.520930000000000,Passive Margin,Mobile,Extrusive,South America,Brazil,On-Offshore,Jurassic,Hettangian,201.30,0.00,5.844000000000000,2.310535337962963,1.995000000000000,2.702857111181532,2.519999980926514,6.489999771118164,"94667",-27.301428658621653,-27.000000000000000,-20.000000000000000,-31.940000534057617,None,None,None,Mobile,"Mariricu; Itaunas",Cretaceous,"Aptian; Albian","2"
Estancia,216.00000,No,"215",-105.947590000000005,34.737340000000003,Rift,None,Extrusive,North America,USA,Onshore,Mississippian,Tournaisian,358.90,0.00,,,,0.519459787421291,0.400000005960464,0.699999988079071,"4347",-40.113316042242872,-39.055000305175781,-36.299999237060547,-41.889999389648438,None,None,None,None,,,,"0"
Etosha,217.00000,No,"216",16.285480000000000,-17.683499999999999,Intracratonic,None,Extrusive,Africa,"Angola, Namibia",Onshore,Proterozoic,Mesoproterozoic,1600.00,0.00,,,,2.785714277199336,2.200000047683716,5.500000000000000,"259714",-40.038095565069291,-39.810001373291016,-36.790000915527344,-44.939998626708984,None,None,None,None,,,,"0"
Euphrates,218.00000,No,"217",40.549500000000002,35.117899999999999,Rift,Bedded,Extrusive,Middle East,"Syria, Iraq",Onshore,Cambrian,Cambrian Lower,542.00,0.00,,,,5.000000000000000,5.000000000000000,6.000000000000000,"43704",-34.079999923706055,-34.079999923706055,-33.919998168945312,-34.240001678466797,None,Bedded,Bedded,None,"Mulussa; Adaiyah; Fars","Tri., Jur., Mio., Plio.","Induan-Callovian; Pliensbachian; Aquitanian-Piacenzian","3"
Eyasi-Wembere,219.00000,No,"218",36.007129999999997,-2.864830000000000,Rift,Unknown,Extrusive,Africa,"Tanzania, Kenya",Onshore,Oligocene,Chattian,28.10,0.00,,,,0.211841718542046,0.200000002980232,0.300000011920929,"12430",-34.730654525275284,-33.799999237060547,-29.399999618530273,-38.080001831054688,Unknown,Unknown,Unknown,Unknown,,,,
Falkland Plateau,221.00000,No,"220",-48.692219999999999,-51.152909999999999,Passive Margin,Unknown,Unknown,South America,"Falkland Islands, UK",Offshore,Jurassic,Hettangian,201.30,0.00,5.890000000000000,2.974254593400030,3.018000000000000,3.413555549912982,3.200000047683716,6.829999923706056,"577933",-16.501333321465385,-15.250000000000000,-10.729999542236328,-23.000000000000000,Unknown,Unknown,Unknown,Unknown,,,,
Fang,222.00000,No,"221",99.219130000000007,19.870999999999999,Strike-Slip,Unknown,Unknown,Asia,"Thailand, Myanmar",Onshore,Oligocene,Rupelian,33.90,0.00,,,,0.009999999776483,0.009999999776483,0.009999999776483,"1816",-36.274266946378653,-36.210000991821289,-36.090000152587891,-36.330001831054688,Unknown,Unknown,Unknown,Unknown,,,,
Fiji,225.00000,No,"224",178.572399999999988,-17.334589999999999,Backarc - Marginal Sea,Unknown,Extrusive,South Pacific,Fiji,On-Offshore,Oligocene,Rupelian,33.90,0.00,0.300000000000000,0.106526619312268,0.086999990000000,0.045000000546376,0.050000000745058,0.050000000745058,"63567",-19.963333129882812,-20.000000000000000,-18.139999389648438,-21.000000000000000,Unknown,Unknown,Unknown,Unknown,,,,
Florida-Bahama,226.00000,No,"225",-76.445700000000002,23.603149999999999,Passive Margin,Unknown,Unknown,Central America,"Bahamas, USA, Turks and Caicos, Cuba, Dominican Republic",On-Offshore,Jurassic,Hettangian,201.30,0.00,9.005897000000003,4.617521884022290,5.182500000000000,6.092187486588956,6.000000000000000,10.000000000000000,"415089",-21.853749871253967,-21.519999504089355,-10.600000381469727,-32.000000000000000,Unknown,Unknown,Unknown,Unknown,,,,
Formigas,228.00000,No,"227",-75.581249999999997,18.801549999999999,Strike-Slip,Unknown,Unknown,Central America,"Jamaica, Haiti, Cuba",On-Offshore,Cretaceous,Valanghian,139.80,0.00,2.083000000000000,1.063600895739910,1.001000000000000,1.266666650772095,1.299999952316284,1.399999976158142,"38803",-22.946666717529297,-21.739999771118164,-17.250000000000000,-29.850000381469727,Unknown,Unknown,Unknown,Unknown,,,,
Fort Worth,229.00000,No,"228",-99.091260000000005,32.654000000000003,Foreland,None,None,North America,USA,Onshore,Cambrian,Cambrian Middle,509.00,0.00,,,,2.445454554124312,2.200000047683716,4.500000000000000,"137404",-40.627272519198328,-41.430000305175781,-33.279998779296875,-44.340000152587891,None,None,None,None,,,,"0"
Gabon,233.00000,No,"232",8.972049999999999,-1.102920000000000,Passive Margin,Mobile,Extrusive,Africa,"Gabon, Equatorial Guinea, Sao Tome and Principe",On-Offshore,Proterozoic,Paleoproterozoic,2500.00,0.00,5.982000000000000,4.423686695020746,4.405000000000000,3.954545476219871,4.280000209808350,6.010000228881836,"130185",-25.434545343572442,-24.000000000000000,-15.000000000000000,-35.860000610351562,Bedded,None,None,Mobile,"Agoula; Ezanga","Perm., Cret.","Asselian-Changhsingian; Aptian","2"
Galilee,235.00000,No,"234",142.834360000000004,-22.995400000000000,Intracratonic,Unknown,Unknown,South Pacific,Australia,Onshore,Proterozoic,Neoproterozoic,1000.00,0.00,,,,1.538888891537984,1.500000000000000,2.500000000000000,"199431",-38.201111263699005,-38.199998855590827,-35.740001678466797,-41.529998779296875,Unknown,Unknown,Unknown,Unknown,,,,
Ganges,236.00000,No,"235",81.857029999999995,27.879539999999999,Foreland,None,Extrusive,Asia,"India, Nepal, Bangladesh, Pakistan, Bhutan",Onshore,Proterozoic,Paleoproterozoic,2500.00,0.00,,,,2.841860461546931,2.200000047683716,8.000000000000000,"487730",-44.309302485266400,-44.790000915527344,-34.830001831054688,-53.259998321533203,None,None,None,None,,,,"0"
Gao,237.00000,No,"236",0.087080000000000,17.399239999999999,Rift,Unknown,Unknown,Africa,Mali,Onshore,Cambrian,Cambrian Lower,542.00,0.00,,,,0.977777772479587,0.699999988079071,2.000000000000000,"106644",-45.951110839843750,-46.169998168945312,-45.119998931884766,-46.220001220703125,Unknown,Unknown,Unknown,Unknown,,,,
Gaziantep,238.00000,No,"237",38.322090000000003,37.611910000000002,Strike-Slip,Unknown,Extrusive,Middle East,"Turkey, Syria",Onshore,Cambrian,Cambrian Middle,509.00,0.00,,,,0.100000001490116,0.100000001490116,0.100000001490116,"32934",-36.155000686645501,-36.155000686645501,-36.130001068115234,-36.180000305175781,Unknown,Unknown,Unknown,Unknown,,,,
Georgina,240.00000,No,"239",136.466939999999994,-19.925120000000000,Intracratonic,None,Extrusive,South Pacific,Australia,Onshore,Proterozoic,Paleoproterozoic,2500.00,0.00,,,,0.518181825903329,0.500000000000000,1.000000000000000,"269470",-42.025909250432797,-42.284999847412109,-36.549999237060547,-45.790000915527344,None,None,None,None,,,,"0"
Ghadames,241.00000,No,"240",12.964350000000000,30.241379999999999,Intracratonic,Bedded,Extrusive,Africa,"Libya, Tunisia",Onshore,Proterozoic,Neoproterozoic,1000.00,0.00,,,,2.394444425900777,2.899999976158142,4.000000000000000,"248684",-35.955000135633682,-36.125000000000000,-33.470001220703125,-37.790000915527344,None,Bedded,Bedded,Bedded,"Bashkirian; Bou Sceba; Abreghs; Mizdah; Lutetian-Bartonian","Penn., Tri., Jur., Cret., Eo.","Bashkirian; Carnian-Rhaetian; Toarcian-Aalenian; Santonian-Campanian; Lutetian-Bartonian","5"
Gindi,242.00000,No,"241",30.609610000000000,29.537669999999999,Strike-Slip,None,Extrusive,Africa,Egypt,Onshore,Cambrian,Cambrian Lower,542.00,0.00,,,,3.566666682561239,3.700000047683716,4.000000000000000,"35080",-32.430000305175781,-32.259998321533203,-32.220001220703125,-32.810001373291016,None,None,None,None,,,,"0"
Gippsland,243.00000,No,"242",148.078020000000009,-38.626820000000002,Passive Margin,None,Extrusive,South Pacific,Australia,On-Offshore,Devonian,Frasnian,382.70,0.00,2.427000000000000,1.553737147764450,1.553000000000000,2.188888865212599,1.899999976158142,4.199999809265137,"111144",-30.422222137451172,-29.209999084472656,-24.450000762939453,-37.729999542236328,None,None,None,None,,,,"0"
Godavari-Pranhita,244.00000,No,"243",80.242549999999994,18.543970000000002,Rift,Unknown,Unknown,Asia,India,Onshore,Pennsylvanian,Bashkirian,323.20,0.00,,,,0.100000001490116,0.100000001490116,0.100000001490116,"25834",-40.700000762939453,-40.700000762939453,-39.930000305175781,-41.470001220703125,Unknown,Unknown,Unknown,Unknown,,,,
Gonghe,245.00000,No,"244",100.226420000000005,36.125599999999999,Fold and Thrust Belt,Unknown,Unknown,Asia,China,Onshore,Mississippian,Tournaisian,358.90,0.00,,,,0.185643587775242,0.150000002235174,0.300000011920929,"11450",-49.618422742836955,-49.184999465942383,-45.830001831054688,-53.400001525878906,Unknown,Unknown,Unknown,Unknown,,,,
Gorontalo,246.00000,No,"245",120.788380000000004,-0.069350000000000,Forearc,None,Extrusive,Asia,Indonesia,On-Offshore,Oligocene,Rupelian,33.90,0.00,3.862000000000000,2.528851600707214,2.758000000000000,1.216666651268800,0.900000005960464,2.500000000000000,"65609",-30.000000000000000,-30.000000000000000,-30.000000000000000,-30.000000000000000,None,None,None,None,,,,"0"
Great South,250.00000,No,"249",170.508790000000005,-48.757129999999997,Passive Margin,None,Extrusive,South Pacific,New Zealand,On-Offshore,Cretaceous,Barremian,129.40,0.00,1.672000000000000,0.471678119017497,0.414000000000000,1.280804596027766,1.000000000000000,5.300000190734864,"1062750",-19.746091952269104,-20.000000000000000,-9.670000076293945,-29.600000381469727,None,None,None,None,,,,"0"
Grenada,252.00000,No,"251",-62.000000000000000,14.000000000000000,Backarc - Marginal Sea,None,None,Central America,"St. Vincent and Grenadines, Grenada, Martinique, Dominica, Venezuela",On-Offshore,Paleocene,Danian,66.00,0.00,5.118000000000000,1.945998246495816,1.771500000000000,2.369230756392846,2.250000000000000,4.250000000000000,"164387",-24.896922771747295,-23.229999542236328,-18.229999542236328,-33.509998321533203,None,None,None,None,,,,"0"
Guadalquivir-Beltic,253.00000,No,"252",-2.933180000000000,38.131399999999999,Fold and Thrust Belt,Bedded,None,Europe,Spain,Onshore,Devonian,Lochkovian,419.20,0.00,,,,0.866666687031587,0.300000011920929,2.200000047683716,"34817",-30.663333892822266,-31.040000915527344,-28.540000915527344,-32.409999847412109,Bedded,Bedded,None,None,"Wuchiapingian-Changhsingian; Carnian-Rhaetian","Perm., Tri.","Wuchiapingian-Changhsingian; Carnian-Rhaetian","2"
Guerrero,254.00000,No,"253",-99.500000000000000,18.000000000000000,Forearc,Unknown,Unknown,Central America,Mexico,Onshore,Cretaceous,Cenomanian,100.50,0.00,,,,0.100000001490116,0.100000001490116,0.100000001490116,"37319",-35.770000457763672,-35.770000457763672,-34.310001373291016,-37.229999542236328,Unknown,Unknown,Unknown,Unknown,,,,
Gulf of California,256.00000,No,"255",-110.128380000000007,26.350349999999999,Strike-Slip,Unknown,Extrusive,Central America,"Mexico, USA",On-Offshore,Pliocene,Zanclean,5.33,0.00,4.340994000000000,0.434550653507171,0.440999900000000,1.820689658923396,1.500000000000000,4.500000000000000,"387095",-16.639655211876178,-15.449999809265137,-8.000000000000000,-27.549999237060547,Unknown,Unknown,Unknown,Unknown,,,,
Gulf of Oman,258.00000,No,"257",56.845889999999997,25.850449999999999,Foreland,Mobile,Unknown,Middle East,"Oman, Iran, UAE",On-Offshore,Cretaceous,Campanian,83.60,0.00,1.811000000000000,1.464885986494253,1.454500000000000,2.750000000000000,2.750000000000000,3.500000000000000,"35327",-41.575000762939453,-41.575000762939453,-41.500000000000000,-41.650001525878906,None,None,None,None,Waucoban,Cambrian,Waucoban,"1"
Gulf of Penas,259.00000,No,"258",-75.861279999999994,-49.463039999999999,Forearc,Unknown,Unknown,South America,Chile,On-Offshore,Cretaceous,Santonian,86.30,0.00,1.971000000000000,1.649167617103763,1.671000000000000,1.241999974846840,1.149999976158142,2.539999961853027,"76369",-22.812000083923341,-26.000000000000000,-15.039999961853027,-29.000000000000000,Unknown,Unknown,Unknown,Unknown,,,,
Gulf of Suez,261.00000,No,"260",33.163640000000001,28.598549999999999,Rift,Mobile,Intrusive,Africa,Egypt,On-Offshore,Proterozoic,Neoproterozoic,1000.00,0.00,3.315432000000000,1.432256780303030,1.193865500000000,1.500000000000000,1.500000000000000,2.000000000000000,"26596",-31.355000495910645,-31.355000495910645,-30.420000076293945,-32.290000915527344,None,None,None,None,Aquitanian-Piacenzian,"Mio., Plio.",Aquitanian-Piacenzian,"1"
Halmahera,265.00000,No,"264",129.210800000000006,-0.150280000000000,Backarc - Marginal Sea,None,Extrusive,Asia,Indonesia,On-Offshore,Cretaceous,Aptian,125.00,0.00,3.364000000000000,1.573751329140723,1.492000000000000,1.200000002980232,1.250000000000000,2.000000000000000,"70103",-26.250000000000000,-26.000000000000000,-25.000000000000000,-28.000000000000000,None,None,None,None,,,,"0"
Hamersley,266.00000,No,"265",119.082930000000005,-22.381620000000002,Rift,Unknown,Unknown,South Pacific,Australia,Onshore,Proterozoic,Mesoproterozoic,1600.00,0.00,,,,0.200000005463759,0.200000002980232,0.300000011920929,"37917",-34.016667048136391,-33.240001678466797,-31.690000534057617,-37.119998931884766,Unknown,Unknown,Unknown,Unknown,,,,
Haouz,267.00000,No,"266",-8.147090000000000,31.451989999999999,Fold and Thrust Belt,Unknown,Unknown,Africa,Morocco,Onshore,Cambrian,Cambrian Lower,542.00,0.00,,,,0.329246680586007,0.300000004470348,0.400000005960464,"5889",-33.512717005617070,-33.889999389648438,-32.599998474121094,-35.180000305175781,Unknown,Unknown,Unknown,Unknown,,,,
Hardeman-Hollis,268.00000,No,"267",-100.103989999999996,34.487029999999997,Strike-Slip,None,Extrusive,North America,USA,Onshore,Proterozoic,Neoproterozoic,1000.00,0.00,,,,3.000000000000000,3.000000000000000,3.000000000000000,"24337",-46.340000152587891,-46.340000152587891,-45.279998779296875,-47.400001525878906,None,None,None,None,,,,"0"
Helmand,271.00000,No,"270",63.373370000000001,30.883320000000001,Fold and Thrust Belt,Unknown,Unknown,Asia,"Afghanistan, Iran, Pakistan",Onshore,Jurassic,Hettangian,201.30,0.00,,,,0.360000006854534,0.350000008940697,0.500000000000000,"165697",-41.547000122070315,-41.650001525878906,-38.720001220703125,-44.099998474121094,Unknown,Unknown,Unknown,Unknown,,,,
Hengyang,272.00000,No,"271",112.692200000000000,26.949660000000002,Rift,Unknown,Unknown,Asia,China,Onshore,Permian,Wuchiapingian,259.80,0.00,,,,0.154516501481914,0.100000001490116,0.200000002980232,"6892",-34.090099348566916,-33.479999542236328,-32.290000915527344,-34.799999237060547,Unknown,Unknown,Unknown,Unknown,,,,
Hodna,274.00000,No,"273",4.700000000000000,35.500000000000000,Fold and Thrust Belt,Mobile,None,Africa,Algeria,Onshore,Devonian,Famennian,372.20,0.00,,,,1.100000000000000,1.000000000000000,2.000000000000000,"34706",-31.883999252319335,-31.969999313354492,-31.229999542236328,-32.919998168945312,None,None,None,Mobile,"Cenomanian; Serravallian-Messinian","Cret., Mio.","Cenomanian; Serravallian-Messinian","2"
Huabei,278.00000,No,"276",115.653660000000002,34.048380000000002,Rift,Bedded,Extrusive,Asia,China,Onshore,Proterozoic,Paleoproterozoic,2500.00,0.00,,,,1.599999998745165,1.299999952316284,4.500000000000000,"226793",-35.529473555715462,-35.599998474121094,-33.159999847412109,-38.419998168945312,None,None,None,None,Shahejie,Eocene,Lutetian-Priabonian,"1"
Hukawng,280.00000,No,"278",96.655590000000004,26.477170000000001,Strike-Slip,Unknown,Unknown,Asia,Myanmar,Onshore,Cretaceous,Berriasian,145.00,0.00,,,,1.093561253004996,0.200000002980232,1.299999952316284,"9364",-40.454658904262040,-44.029998779296875,-39.520000457763672,-44.549999237060547,Unknown,Unknown,Unknown,Unknown,,,,
Hutar-Auranga,281.00000,No,"279",84.400000000000006,23.699999999999999,Rift,Unknown,Unknown,Asia,India,Onshore,Pennsylvanian,Bashkirian,323.20,0.00,,,,0.012328765987070,0.055000000633299,0.100000001490116,"1944",-43.188311451704770,-41.325000762939453,-39.360000610351562,-43.290000915527344,Unknown,Unknown,Unknown,Unknown,,,,
Illizi-Berkine,284.00000,No,"282",7.611490000000000,30.238170000000000,Foreland,Bedded,Extrusive,Africa,"Algeria, Tunisia, Libya",Onshore,Cambrian,Cambrian Lower,542.00,0.00,,,,3.445945955611564,3.799999952316284,7.000000000000000,"470120",-35.664054045806061,-35.479999542236328,-31.299999237060547,-38.720001220703125,None,None,Bedded,Bedded,"Bashkirian; Kasimovian-Gzhelian; Abreghs; Santonian-Campanian","Penn., Jur., Cret.","Bashkirian; Kasimovian-Gzhelian; Toarcian-Aalenian; Santonian-Campanian","4"
Ilocos,285.00000,No,"283",120.256259999999997,16.856369999999998,Backarc - Marginal Sea,Unknown,Unknown,Asia,Philippines,On-Offshore,Paleocene,Danian,66.00,0.00,4.085000000000000,1.566289408379888,1.198000000000000,0.300000000745058,0.300000000745058,0.500000000000000,"34965",-22.000000000000000,-21.000000000000000,-16.000000000000000,-30.000000000000000,Unknown,Unknown,Unknown,Unknown,,,,
Iloilo,286.00000,No,"284",122.336979999999997,9.904520000000000,Backarc - Marginal Sea,Unknown,Unknown,Asia,Philippines,On-Offshore,Oligocene,Chattian,28.10,0.00,2.719000000000000,1.325821041481482,1.126000000000000,1.149999976158142,1.149999976158142,1.299999952316284,"15888",-30.000000000000000,-30.000000000000000,-30.000000000000000,-30.000000000000000,Unknown,Unknown,Unknown,Unknown,,,,
Indus,288.00000,No,"286",70.593890000000002,29.537510000000001,Foreland,Bedded,Extrusive,Asia,"Pakistan, India",Onshore,Proterozoic,Neoproterozoic,1000.00,0.00,,,,3.012500002980232,2.850000023841858,6.500000000000000,"496918",-40.731000137329104,-39.854999542236328,-32.990001678466797,-50.919998168945312,None,None,None,None,Salt Range,Proterozoic,Neoproterozoic,"1"
Iquique,292.00000,No,"290",-70.525949999999995,-20.866379999999999,Forearc,Unknown,Extrusive,South America,Chile,On-Offshore,Devonian,Emsian,407.60,0.00,0.224000000000000,0.175337800000000,0.175000000000000,0.142500001937151,0.144999999552965,0.180000007152557,"35417",-26.500000000000000,-27.000000000000000,-22.000000000000000,-30.000000000000000,Unknown,Unknown,Unknown,Unknown,,,,
Irrawaddy,294.00000,No,"292",95.317610000000002,16.898679999999999,Strike-Slip,None,Extrusive,Asia,"Myanmar, India",On-Offshore,Cretaceous,Santonian,86.30,0.00,8.526630000000001,5.406937254482440,5.331000000000000,4.909523810659136,5.500000000000000,10.199999809265137,"261525",-29.121904827299574,-30.000000000000000,-22.000000000000000,-34.979999542236328,None,None,None,None,,,,"0"
Jatoba,296.00000,No,"294",-37.984319999999997,-8.840040000000000,Rift,Unknown,Unknown,South America,Brazil,Onshore,Cretaceous,Aptian,125.00,0.00,,,,0.801072556891982,0.650000005960464,1.000000000000000,"10409",-35.178974634006352,-35.299999237060547,-34.569999694824219,-36.569999694824219,Unknown,Unknown,Unknown,Unknown,,,,
Ji'an,297.00000,No,"295",114.944370000000006,26.926410000000001,Rift,Unknown,Unknown,Asia,China,Onshore,Cretaceous,Berriasian,145.00,0.00,,,,0.009999999776483,0.009999999776483,0.009999999776483,"5096",-32.833318296965523,-32.985000610351562,-30.770000457763672,-33.689998626708984,Unknown,Unknown,Unknown,Unknown,,,,
Jianghan,298.00000,No,"296",113.071799999999996,30.115749999999998,Foreland,Bedded,Extrusive,Asia,China,Onshore,Jurassic,Aalenian,174.10,0.00,,,,2.571428579943521,3.500000000000000,4.500000000000000,"82709",-32.809999465942383,-31.969999313354492,-31.350000381469727,-36.250000000000000,None,None,None,Bedded,"Campanian; Danian; Lutetian-Rupelian","Cret., Paleo., Eo., Oligo.","Campanian; Danian; Lutetian-Rupelian","3"
Jinhua-Quzhou,299.00000,No,"297",119.627750000000006,29.299299999999999,Rift,Unknown,Unknown,Asia,China,Onshore,Cretaceous,Berriasian,145.00,0.00,,,,0.029266074565824,0.009999999776483,0.100000001490116,"7020",-31.450642848511503,-31.540000915527344,-30.170000076293945,-33.060001373291016,Unknown,Unknown,Unknown,Unknown,,,,
Jiuquan,300.00000,No,"298",99.289060000000006,39.343679999999999,Foreland,None,Intrusive,Asia,China,Onshore,Proterozoic,Neoproterozoic,1000.00,0.00,,,,0.233333341777325,0.300000011920929,0.300000011920929,"44687",-50.386666615804039,-50.430000305175781,-47.409999847412109,-53.319999694824219,None,None,None,None,,,,"0"
Jiza-Qamar,301.00000,No,"299",52.844889999999999,16.415749999999999,Rift,Bedded,None,Middle East,"Yemen, Oman",On-Offshore,Jurassic,Hettangian,201.30,0.00,0.965479600000000,0.642664406530613,0.724000000000000,1.007999992370606,0.949999988079071,1.230000019073486,"40697",-23.446000099182129,-23.899999618530273,-10.029999732971191,-31.340000152587891,None,None,None,None,Rus,Eocene,Ypresian-Lutetian,"1"
Joban,302.00000,No,"300",141.688719999999989,37.094920000000002,Forearc,Unknown,Unknown,Asia,Japan,On-Offshore,Cretaceous,Cenomanian,100.50,0.00,5.914000000000000,3.184057753516295,2.989000000000000,1.700000002980232,1.750000000000000,2.500000000000000,"51521",-21.492499828338623,-21.500000000000000,-18.000000000000000,-24.969999313354492,Unknown,Unknown,Unknown,Unknown,,,,
Jornada del Muerto,303.00000,No,"301",-106.817560000000000,33.339810000000000,Rift,Bedded,Extrusive,North America,USA,Onshore,Cambrian,Cambrian Upper,497.00,0.00,,,,1.113712093141962,1.100000023841858,1.399999976158142,"6534",-31.608700846905698,-31.414999008178711,-29.239999771118164,-33.169998168945312,None,None,None,Bedded,Berriasian-Hauterivian,Cretaceous,Berriasian-Hauterivian,"1"
Kalahari,305.00000,No,"303",22.356570000000001,-23.655400000000000,Intracratonic,None,Extrusive,Africa,"Botswana, Namibia, South Africa, Zimbabwe",Onshore,Proterozoic,Neoproterozoic,1000.00,0.00,,,,2.915434775833526,1.050000011920929,13.000000000000000,"549200",-41.872608599455461,-41.295000076293945,-36.630001068115234,-49.020000457763672,None,None,None,None,,,,"0"
Kanto,307.00000,No,"305",139.886889999999994,34.983539999999998,Forearc,Unknown,Extrusive,Asia,Japan,On-Offshore,Cretaceous,Cenomanian,100.50,0.00,2.928000000000000,1.647150192676770,1.557000000000000,1.134999990463257,1.030000001192093,1.799999952316284,"47453",-24.797500133514404,-24.949999809265137,-22.000000000000000,-27.290000915527344,Unknown,Unknown,Unknown,Unknown,,,,
Karoo,308.00000,No,"306",25.743449999999999,-30.272880000000001,Foreland,None,Extrusive,Africa,"South Africa, Lesotho",Onshore,Ordovician,Tremadocian,485.40,0.00,2.891000000000000,2.840169064516129,2.846000000000000,1.376271183460446,0.699999988079071,5.199999809265138,"779326",-38.113898358102574,-37.389999389648438,-19.000000000000000,-48.689998626708984,None,None,None,None,,,,"0"
Kashmir,309.00000,No,"307",74.806640000000002,34.027479999999997,Fold and Thrust Belt,Unknown,Unknown,Asia,India,Onshore,Paleocene,Danian,66.00,0.00,,,,0.024846792382048,0.009999999776483,0.100000001490116,"7166",-56.725175800755672,-56.425001144409173,-53.259998321533203,-58.650001525878906,Unknown,Unknown,Unknown,Unknown,,,,
Kavir,311.00000,No,"309",52.897620000000003,34.848579999999998,Strike-Slip,Mobile,Extrusive,Middle East,Iran,Onshore,Proterozoic,Neoproterozoic,1000.00,0.00,,,,0.710000002384186,0.650000005960464,1.000000000000000,"125975",-41.915999984741219,-42.024999618530273,-39.549999237060547,-43.700000762939453,None,None,None,None,Rupelian-Piacenzian,"Oligo., Mio., Plio.",Rupelian-Piacenzian,"1"
Kerala-Konkan,312.00000,No,"310",74.931240000000003,11.391180000000000,Passive Margin,None,Extrusive,Asia,India,On-Offshore,Cretaceous,Berriasian,145.00,0.00,2.224000000000000,1.428822849076215,1.473000000000000,0.865555562285913,0.529999971389771,1.990000009536743,"129669",-32.525555716620552,-35.000000000000000,-20.969999313354492,-39.639999389648438,None,None,None,None,,,,"0"
Kerr,313.00000,No,"311",-99.467219999999998,30.001989999999999,Foreland,None,None,North America,USA,Onshore,Cambrian,Cambrian Middle,509.00,0.00,,,,1.471596301695039,1.750000000000000,2.500000000000000,"16178",-44.449485971858145,-44.940000534057617,-39.560001373291016,-45.490001678466797,None,None,None,None,,,,"0"
Keta-Togo-Benin,314.00000,No,"312",0.884000000000000,5.564940000000000,Passive Margin,None,Extrusive,Africa,"Ghana, Benin, Nigeria, Togo",On-Offshore,Ordovician,Caradocian,458.40,0.00,4.309000000000000,2.284061791485322,2.617500000000000,2.214285731315613,2.349999904632568,3.500000000000000,"103514",-24.425714220319470,-25.000000000000000,-15.000000000000000,-30.000000000000000,None,None,None,None,,,,"0"
Ketungau,315.00000,No,"313",112.421869999999998,0.849520000000000,Strike-Slip,Unknown,Unknown,Asia,"Indonesia, Malaysia",Onshore,Cretaceous,Cenomanian,100.50,0.00,,,,1.123181495347754,0.699999988079071,1.299999952316284,"7874",-30.862890781940138,-30.920000076293945,-30.709999084472656,-31.510000228881836,Unknown,Unknown,Unknown,Unknown,,,,
Khorat,318.00000,No,"315",103.814970000000002,16.087689999999998,Foreland,Bedded,Extrusive,Asia,"Thailand, Laos, Cambodia",Onshore,Silurian,Rhuddanian,443.80,0.00,,,,2.914285727909633,2.600000023841858,7.000000000000000,"191853",-34.787857328142437,-34.805000305175781,-33.740001678466797,-36.630001068115234,None,None,None,Bedded,Aptian-Campanian,Cretaceous,Aptian-Campanian,"1"
Kidodi,319.00000,No,"316",36.266289999999998,-8.648860000000003,Rift,Unknown,Unknown,Africa,Tanzania,Onshore,Pennsylvanian,Bashkirian,323.20,0.00,,,,0.587763127180469,0.500000000000000,3.500000000000000,"15708",-38.603876997284118,-38.560001373291016,-37.950000762939453,-39.000000000000000,Unknown,Unknown,Unknown,Unknown,,,,
Kitakama,320.00000,No,"317",142.591839999999991,38.949689999999997,Forearc,Unknown,Unknown,Asia,Japan,On-Offshore,Cretaceous,Cenomanian,100.50,0.00,3.314000000000000,2.184003520422535,2.257000000000000,0.900000005960464,0.900000005960464,1.000000000000000,"24817",-21.960000038146973,-21.960000038146973,-21.920000076293945,-22.000000000000000,Unknown,Unknown,Unknown,Unknown,,,,
Korea,323.00000,No,"320",122.942660000000004,38.779870000000003,Intracratonic,Unknown,Unknown,Asia,"China, North Korea, South Korea",On-Offshore,Jurassic,Aalenian,174.10,0.00,1.202000000000000,0.958999544770438,0.976000100000000,0.683333333581686,0.450000017881393,1.399999976158142,"83040",-32.916666348775230,-33.045000076293945,-30.590000152587891,-34.500000000000000,Unknown,Unknown,Unknown,Unknown,,,,
Korea Plateau,324.00000,No,"321",130.344259999999991,38.262990000000002,Backarc - Marginal Sea,Unknown,Extrusive,Asia,"South Korea, North Korea, Japan",On-Offshore,Miocene,Aquitanian,22.03,0.00,7.895000000000000,3.063810719505783,2.402500000000000,1.221428575260299,0.900000005960464,3.500000000000000,"164322",-21.018571308680944,-19.500000000000000,-16.000000000000000,-30.899999618530273,Unknown,Unknown,Unknown,Unknown,,,,
Kra-Gulf of Thailand,326.00000,No,"323",100.157269999999997,12.607210000000000,Strike-Slip,None,None,Asia,Thailand,On-Offshore,Eocene,Ypresian,56.00,0.00,3.051000000000000,1.841984580215827,1.736500000000000,0.933333342274030,0.949999988079071,1.700000047683716,"84882",-30.991666475931805,-30.000000000000000,-29.979999542236328,-33.979999542236328,None,None,None,None,,,,"0"
Krishna-Godavari,327.00000,No,"324",81.541529999999995,15.614830000000000,Passive Margin,None,Extrusive,Asia,India,On-Offshore,Proterozoic,Neoproterozoic,1000.00,0.00,8.331000000000000,8.022596698885078,8.002000000000002,3.255454518578269,3.500000000000000,5.750000000000000,"132959",-24.684545343572442,-25.000000000000000,-14.539999961853027,-36.299999237060547,None,None,None,None,,,,"0"
Kufra,329.00000,No,"326",22.555940000000000,21.707419999999999,Intracratonic,None,Extrusive,Africa,"Libya, Chad, Egypt, Sudan",Onshore,Proterozoic,Neoproterozoic,1000.00,0.00,,,,1.571153851655813,1.500000000000000,3.500000000000000,"658502",-37.267115519596977,-38.340000152587891,-30.479999542236328,-41.630001068115234,None,None,None,None,,,,"0"
Kumukulig,330.00000,No,"327",89.472430000000003,37.336599999999997,Fold and Thrust Belt,Unknown,Unknown,Asia,China,Onshore,Cretaceous,Berriasian,145.00,0.00,,,,0.200000002980232,0.200000002980232,0.200000002980232,"21841",-47.229999542236328,-47.229999542236328,-45.520000457763672,-48.939998626708984,Unknown,Unknown,Unknown,Unknown,,,,
Kutch-Saurashtra,334.00000,No,"331",67.772409999999994,22.656559999999999,Passive Margin,None,Extrusive,Asia,"India, Pakistan",On-Offshore,Triassic,Carnian,237.00,0.00,4.369606000000000,1.933100024022140,2.015500000000000,3.305999994277954,3.500000000000000,7.000000000000000,"316929",-24.406800193786623,-25.579999923706055,-12.680000305175781,-38.220001220703125,None,None,None,None,,,,"0"
Kutei,335.00000,No,"332",117.423220000000001,-0.223920000000000,Fold and Thrust Belt,None,Extrusive,Asia,Indonesia,On-Offshore,Paleocene,Danian,66.00,0.00,7.655322000000000,3.897498158054711,3.902500000000000,5.555555502573650,5.599999904632568,8.699999809265138,"114142",-31.052222357855904,-31.000000000000000,-29.000000000000000,-33.639999389648438,None,None,None,None,,,,"0"
Lake Albert,339.00000,No,"336",30.862729999999999,1.672290000000000,Rift,None,Extrusive,Africa,"Uganda, Congo, South Sudan",Onshore,Oligocene,Chattian,28.10,0.00,,,,0.084603236289345,0.009999999776483,0.200000002980232,"23518",-36.070603334537665,-35.049999237060547,-30.729999542236328,-39.169998168945312,None,None,None,None,,,,"0"
Lake Edward,340.00000,No,"337",29.724930000000001,-0.507320000000000,Rift,Unknown,Extrusive,Africa,"Uganda, Congo",Onshore,Oligocene,Chattian,28.10,0.00,,,,0.161112480530229,0.100000001490116,0.200000002980232,"12704",-32.745534646184964,-32.229999542236328,-30.729999542236328,-33.729999542236328,Unknown,Unknown,Unknown,Unknown,,,,
Lake Malawi,341.00000,No,"338",34.585000000000001,-12.584330000000000,Rift,Unknown,Unknown,Africa,"Malawi, Mozambique, Tanzania",Onshore,Cambrian,Cambrian Lower,542.00,0.00,,,,0.674999997019768,0.699999988079071,0.699999988079071,"53082",-33.087499618530273,-32.414999008178711,-32.330001831054688,-35.189998626708984,Unknown,Unknown,Unknown,Unknown,,,,
Lake Mweru,342.00000,No,"339",28.561789999999998,-9.663150000000000,Rift,Unknown,Unknown,Africa,"Congo, Zambia",Onshore,Oligocene,Chattian,28.10,0.00,,,,0.250000007450581,0.250000007450581,0.300000011920929,"19887",-41.940000534057617,-41.940000534057617,-41.900001525878906,-41.979999542236328,Unknown,Unknown,Unknown,Unknown,,,,
Lake Rivu,343.00000,No,"340",28.991710000000001,-2.166310000000000,Rift,Unknown,Extrusive,Africa,"Congo, Rwanda",Onshore,Oligocene,Chattian,28.10,0.00,,,,0.061215987080777,0.009999999776483,0.200000002980232,"6136",-30.566590668782471,-32.254999160766602,-28.479999542236328,-32.630001068115234,Unknown,Unknown,Unknown,Unknown,,,,
Lake Rukwa,344.00000,No,"341",32.056240000000003,-7.875020000000000,Rift,None,None,Africa,Tanzania,Onshore,Pennsylvanian,Gzhelian,303.70,0.00,,,,0.650000005960464,0.650000005960464,0.800000011920929,"22040",-34.829999923706055,-34.829999923706055,-34.750000000000000,-34.909999847412109,None,None,None,None,,,,"0"
Lake Turkana,346.00000,No,"343",36.316839999999999,3.359570000000000,Rift,None,Extrusive,Africa,"Kenya, Ethiopia, South Sudan",Onshore,Cretaceous,Cenomanian,100.50,0.00,,,,0.262222221949034,0.200000002980232,0.699999988079071,"125148",-30.728888405693901,-30.090000152587891,-25.149999618530273,-39.419998168945312,None,None,None,None,,,,"0"
Lake Upemba,347.00000,No,"344",26.450640000000000,-8.722210000000000,Rift,Unknown,Unknown,Africa,Congo,Onshore,Oligocene,Chattian,28.10,0.00,,,,0.200000002980232,0.200000002980232,0.200000002980232,"15973",-42.220001220703125,-42.220001220703125,-42.150001525878906,-42.290000915527344,Unknown,Unknown,Unknown,Unknown,,,,
Lake Victoria,348.00000,No,"345",33.000000000000000,-1.000000000000000,Rift,Unknown,Unknown,Africa,"Tanzania, Uganda, Kenya",Onshore,Oligocene,Chattian,28.10,0.00,,,,0.100000001490116,0.100000001490116,0.100000001490116,"78184",-33.809999084472658,-34.099998474121094,-31.139999389648438,-35.549999237060547,Unknown,Unknown,Unknown,Unknown,,,,
Lanping-Simao,350.00000,No,"347",101.524969999999996,22.917629999999999,Strike-Slip,None,None,Asia,"China, Laos",Onshore,Proterozoic,Neoproterozoic,1000.00,0.00,,,,0.150000002235174,0.150000002235174,0.200000002980232,"38834",-39.445000648498535,-38.850000381469727,-33.240001678466797,-46.840000152587891,None,None,None,None,,,,"0"
Las Vegas,353.00000,No,"350",-105.182710000000000,35.646290000000000,Rift,None,Extrusive,North America,USA,Onshore,Mississippian,Tournaisian,358.90,0.00,,,,0.313673140348681,0.650000005960464,1.000000000000000,"2968",-41.203167850014694,-42.264999389648438,-41.159999847412109,-43.369998931884766,None,None,None,None,,,,"0"
Laura,354.00000,No,"351",144.141140000000007,-12.861829999999999,Passive Margin,Unknown,Unknown,South Pacific,Australia,On-Offshore,Permian,Asselian,298.90,0.00,1.150329000000000,0.737398038786566,0.736000000000000,1.462499999441206,0.800000011920929,4.099999904632569,"101125",-32.404999732971191,-33.500000000000000,-26.000000000000000,-36.509998321533203,Unknown,Unknown,Unknown,Unknown,,,,
Levantine,355.00000,No,"352",34.314079999999997,33.464100000000002,Passive Margin,Bedded,Extrusive,Middle East,"Israel, Cyprus, Lebanon, Syria, Egypt",On-Offshore,Triassic,Induan,252.17,0.00,10.032690000000001,6.109917479289934,6.234735500000002,6.300000007335958,5.500000000000000,10.000000000000000,"154551",-27.179999718299278,-27.719999313354492,-22.819999694824219,-34.659999847412109,None,Bedded,None,None,"Mohilla; Mavqi'im","Tri., Mio.","Carnian; Messinian","2"
Leyte Gulf,356.00000,No,"353",125.749070000000003,10.291980000000001,Forearc,Unknown,Extrusive,Asia,Philippines,On-Offshore,Cretaceous,Cenomanian,100.50,0.00,2.337000000000000,1.444897698984772,1.368000000000000,1.077786406326978,0.300000011920929,1.700000047683716,"17980",-26.331457347096531,-28.000000000000000,-13.039999961853027,-30.000000000000000,Unknown,Unknown,Unknown,Unknown,,,,
Limon-Bocas del Toro,359.00000,No,"356",-82.633529999999993,9.704040000000001,Backarc - Marginal Sea,Unknown,Unknown,Central America,"Panama, Costa Rica, Nicaragua",On-Offshore,Cretaceous,Berriasian,145.00,0.00,2.956051000000000,1.739255239726028,1.646500000000000,3.000000000000000,3.000000000000000,3.500000000000000,"27181",-30.349999109903973,-28.229999542236328,-27.629999160766602,-35.189998626708984,Unknown,Unknown,Unknown,Unknown,,,,
Linares,360.00000,No,"357",-72.035809999999998,-37.162979999999997,Forearc,Unknown,Unknown,South America,Chile,Onshore,Permian,Asselian,298.90,0.00,,,,0.433333337306976,0.400000005960464,0.500000000000000,"61454",-40.026667277018227,-40.060001373291016,-38.430000305175781,-41.590000152587891,Unknown,Unknown,Unknown,Unknown,,,,
Llanos,362.00000,No,"359",-70.714470000000006,4.749960000000000,Foreland,None,Extrusive,South America,"Colombia, Venezuela",Onshore,Cambrian,Cambrian Lower,542.00,0.00,,,,1.366666664058964,0.949999988079071,5.000000000000000,"434927",-40.974444495307075,-40.805000305175781,-32.709999084472656,-47.709999084472656,None,None,None,None,,,,"0"
Los Angeles,364.00000,No,"361",-118.329089999999994,33.615859999999998,Strike-Slip,None,Extrusive,North America,USA,On-Offshore,Miocene,Langhian,15.97,0.00,0.365010000000000,0.315136452727273,0.315000000000000,1.915579685457303,2.000000000000000,2.299999952316284,"14444",-27.144984961188101,-29.370000839233398,-24.680000305175781,-31.010000228881836,None,None,None,None,,,,"0"
Lower Zambezi,366.00000,No,"363",31.340280000000000,-15.984040000000000,Rift,Unknown,Unknown,Africa,"Mozambique, Zimbabwe, Zambia",Onshore,Pennsylvanian,Bashkirian,323.20,0.00,,,,0.222619326081567,0.200000002980232,0.300000011920929,"42960",-43.243767341501879,-42.834999084472656,-41.939998626708984,-44.689998626708984,Unknown,Unknown,Unknown,Unknown,,,,
Loyalty,367.00000,No,"364",165.769080000000002,-20.244859999999999,Passive Margin,Unknown,Unknown,South Pacific,New Caledonia,On-Offshore,Oligocene,Rupelian,33.90,0.00,5.471000000000000,0.971889015005441,0.597000000000000,0.915384618135599,0.850000023841858,1.600000023841858,"161408",-16.672307674701397,-17.000000000000000,-10.000000000000000,-23.000000000000000,Unknown,Unknown,Unknown,Unknown,,,,
Luangwa,368.00000,No,"365",32.155200000000001,-12.340500000000000,Rift,None,Extrusive,Africa,"Zambia, Malawi",Onshore,Pennsylvanian,Bashkirian,323.20,0.00,,,,1.775000024586916,2.250000000000000,2.400000095367432,"39437",-39.244998931884766,-38.244998931884766,-38.169998168945312,-42.319999694824219,None,None,None,None,,,,"0"
Lukusashi,370.00000,No,"367",29.927720000000001,-14.498030000000000,Rift,Unknown,Unknown,Africa,Zambia,Onshore,Permian,Asselian,298.90,0.00,,,,0.087700339021792,0.100000001490116,0.200000002980232,"8199",-41.410690400438853,-42.060001373291016,-37.880001068115234,-42.319999694824219,Unknown,Unknown,Unknown,Unknown,,,,
Lullemmeden,371.00000,No,"368",5.465930000000000,16.151779999999999,Intracratonic,Unknown,Extrusive,Africa,"Niger, Mali, Nigeria, Algeria, Benin",Onshore,Cambrian,Cambrian Lower,542.00,0.00,,,,1.219230769918515,1.100000023841858,2.200000047683716,"640628",-41.652884630056526,-41.585000991821289,-37.549999237060547,-46.169998168945312,Unknown,Unknown,Unknown,Unknown,,,,
Lunpola,372.00000,No,"369",88.664990000000003,31.931529999999999,Fold and Thrust Belt,None,Extrusive,Asia,China,Onshore,Paleocene,Danian,66.00,0.00,,,,0.111029427044297,0.100000001490116,0.200000002980232,"25647",-68.498674554846204,-68.635002136230469,-66.339996337890625,-69.239997863769531,None,None,None,None,,,,"0"
Lut,374.00000,No,"371",58.653480000000002,30.454550000000001,Strike-Slip,Mobile,Unknown,Middle East,Iran,Onshore,Permian,Asselian,298.90,0.00,,,,1.200000005108970,0.500000000000000,5.000000000000000,"86990",-39.151428767613005,-39.169998168945312,-37.569999694824219,-40.930000305175781,None,None,Bedded,None,"Waucoban; Oxfordian-Tithonian; Rupelian-Piacenzian","Cam., Jur., Oligo., Mio., Plio.","Waucoban; Oxfordian-Tithonian; Rupelian-Piacenzian","3"
Madre de Dios,376.00000,No,"373",-67.516790000000000,-13.475170000000000,Foreland,Bedded,Extrusive,South America,"Bolivia, Peru, Brazil",Onshore,Ordovician,Tremadocian,485.40,0.00,,,,1.993333323796590,1.600000023841858,7.500000000000000,"370309",-41.296000162760414,-40.830001831054688,-39.979999542236328,-51.540000915527344,None,Bedded,None,None,Anisian-Ladinian,Triassic,Anisian-Ladinian,"1"
Majunga,378.00000,No,"375",47.066220000000001,-14.888740000000000,Passive Margin,Mobile,Extrusive,Africa,Madagascar,On-Offshore,Permian,Asselian,298.90,0.00,4.558578000000002,1.989559007554834,2.109000000000000,2.607142827340535,2.600000023841858,5.199999809265138,"187411",-28.293571472167969,-28.989999771118164,-18.000000000000000,-39.619998931884766,None,None,Mobile,None,Toarcian-Aalenian,Jurassic,Toarcian-Aalenian,"1"
Makran,379.00000,No,"376",62.251880000000000,25.358470000000001,Fold and Thrust Belt,Unknown,Unknown,Asia,"Pakistan, Iran",On-Offshore,Miocene,Aquitanian,23.03,0.00,2.436000000000000,1.916297720031177,1.960000000000000,1.008095236317742,0.400000005960464,3.000000000000000,"240128",-27.568571363176620,-31.590000152587891,-11.000000000000000,-39.189998626708984,Unknown,Unknown,Unknown,Unknown,,,,
Malay-Penyu,380.00000,No,"377",104.849220000000003,4.720790000000000,Backarc - Marginal Sea,None,Extrusive,Asia,"Malaysia, Indonesia, Vietnam",On-Offshore,Cretaceous,Cenomanian,100.50,0.00,12.598000000000001,3.133539683669141,2.339500000000000,2.227272716435519,2.500000000000000,5.000000000000000,"167262",-29.727272727272727,-30.000000000000000,-29.000000000000000,-30.000000000000000,None,None,None,None,,,,"0"
Malvinas,381.00000,No,"378",-63.426310000000001,-51.339970000000001,Passive Margin,None,None,South America,"Falkland Islands, Argentina",On-Offshore,Triassic,Carnian,237.00,0.00,6.835000000000000,1.513190463293098,0.843000100000000,1.573636354370551,0.914999991655350,5.989999771118164,"278525",-29.500000000000000,-29.000000000000000,-29.000000000000000,-31.000000000000000,None,None,None,None,,,,"0"
Manabi-Progreso-Talara,382.00000,No,"379",-80.324320000000000,-1.832420000000000,Forearc,None,Extrusive,South America,"Ecuador, Peru",On-Offshore,Pennsylvanian,Moscovian,315.20,0.00,5.192901000000000,0.460384008216433,0.359000000000000,2.084999996423721,1.589999973773956,5.000000000000000,"110581",-33.479999923706053,-31.965000152587891,-19.000000000000000,-45.509998321533203,None,None,None,None,,,,"0"
Maracaibo,383.00000,No,"380",-71.942989999999995,9.506580000000000,Strike-Slip,None,Extrusive,South America,"Venezuela, Colombia",On-Offshore,Ordovician,Tremadocian,485.40,0.00,7.137423000000000,2.574754657894737,2.494500000000000,7.000000000000000,7.500000000000000,8.000000000000000,"66775",-47.074999809265137,-46.744998931884766,-44.840000152587891,-49.970001220703125,None,None,None,None,,,,"0"
Marfa,384.00000,No,"381",-103.970240000000004,29.806390000000000,Foreland,Bedded,Extrusive,North America,"USA, Mexico",Onshore,Cambrian,Cambrian Middle,509.00,0.00,,,,0.105000001378357,0.105000001378357,0.200000002980232,"24328",-37.250000000000000,-37.250000000000000,-34.909999847412109,-39.590000152587891,Bedded,None,None,None,Artinskian-Capitanian,Permian,Artinskian-Capitanian,"1"
Marie Byrd,385.00000,No,"382",-107.939580000000007,-78.556659999999994,Foreland,Unknown,Unknown,Antarctica,Antarctica,Onshore,Jurassic,Hettangian,201.30,0.00,0.007642408000000,0.004805605098000,0.005630232000000,2.005990787379203,1.700000047683716,5.300000190734864,"2697976",-30.663594487625332,-30.569999694824219,-27.360000610351562,-34.009998321533203,Unknown,Unknown,Unknown,Unknown,,,,
Ross,562.00000,Yes,"559",171.182670000000002,-75.871369999999999,Passive Margin,Unknown,Extrusive,Antarctica,Antarctica,On-Offshore,Jurassic,Oxfordian,163.50,0.00,7.884001000000000,1.834996767583677,1.559335500000000,1.662068960208703,1.500000000000000,4.300000190734864,"5882902",-28.921422317110260,-29.909999847412109,-13.420000076293945,-32.919998168945312,Unknown,Unknown,Unknown,Unknown,,,,
Marietta-Sherman,386.00000,No,"383",-97.418390000000002,33.921889999999998,Fold and Thrust Belt,None,Extrusive,North America,USA,Onshore,Cambrian,Cambrian Lower,542.00,0.00,,,,3.339727233623695,3.399999976158142,4.500000000000000,"11700",-42.399621534413761,-42.040000915527344,-39.630001068115234,-48.069999694824219,None,None,None,None,,,,"0"
Masirah,387.00000,No,"384",57.191699999999997,18.474769999999999,Passive Margin,None,Unknown,Middle East,Oman,On-Offshore,Proterozoic,Neoproterozoic,1000.00,0.00,1.652000000000000,0.569445346074499,0.562000000000000,1.248333324988683,1.250000000000000,2.000000000000000,"64911",-17.739999771118164,-17.585000038146973,-16.549999237060547,-19.219999313354492,None,None,None,None,,,,"0"
Matruh-Shushan,388.00000,No,"385",26.083220000000001,31.279440000000001,Passive Margin,None,None,Africa,"Egypt, Libya",On-Offshore,Cambrian,Cambrian Middle,509.00,0.00,9.043582000000001,7.388060154970760,7.380690000000000,5.866666687859430,5.500000000000000,9.000000000000000,"100421",-26.536666658189560,-27.299999237060547,-21.129999160766602,-29.870000839233398,None,None,None,None,,,,"0"
Maturin,389.00000,No,"386",-64.615679999999998,8.994180000000000,Foreland,None,Extrusive,South America,Venezuela,Onshore,Jurassic,Aalenian,174.10,0.00,7.798341000000002,5.469733166666666,4.902220000000000,3.491666669646899,1.850000023841858,8.000000000000000,"153263",-41.769167264302574,-42.194999694824219,-35.799999237060547,-46.990001678466797,None,None,None,None,,,,"0"
Maverick,390.00000,No,"387",-100.400390000000002,28.597190000000001,Passive Margin,Bedded,Extrusive,North America,"USA, Mexico",Onshore,Triassic,Carnian,237.00,0.00,,,,3.050000011920929,3.050000011920929,4.500000000000000,"26565",-37.090000152587891,-37.090000152587891,-32.720001220703125,-41.459999084472656,None,None,Bedded,Bedded,"Bathonian-Callovian; Albian","Jur., Cret.","Bathonian-Callovian; Albian","2"
McArthur,391.00000,No,"388",134.589720000000000,-13.565519999999999,Rift,Unknown,Unknown,South Pacific,Australia,Onshore,Proterozoic,Paleoproterozoic,2500.00,0.00,1.048000000000000,1.047000000000000,1.047000000000000,0.975000023841858,0.800000011920929,1.700000047683716,"51482",-40.297500610351562,-40.295000076293945,-39.860000610351562,-40.740001678466797,Unknown,Unknown,Unknown,Unknown,,,,
Meervlakte,394.00000,No,"391",138.389630000000011,-3.091590000000000,Strike-Slip,Unknown,Unknown,Asia,Indonesia,Onshore,Jurassic,Oxfordian,163.50,0.00,,,,1.432517897951065,1.100000023841858,3.400000095367432,"21743",-34.246168380145932,-34.594999313354492,-33.549999237060547,-34.930000305175781,Unknown,Unknown,Unknown,Unknown,,,,
Mekong-Cuu Long,395.00000,No,"392",106.487589999999997,9.675090000000001,Backarc - Marginal Sea,None,Extrusive,Asia,"Vietnam, Cambodia",On-Offshore,Cretaceous,Cenomanian,100.50,0.00,5.139000000000000,1.618506263011798,1.359000000000000,1.253333336114884,0.899999976158142,3.000000000000000,"189783",-29.621333312988281,-30.000000000000000,-28.000000000000000,-31.350000381469727,None,None,None,None,,,,"0"
Melawi,396.00000,No,"393",111.561989999999994,0.009720000000000,Strike-Slip,Unknown,Unknown,Asia,Indonesia,Onshore,Cretaceous,Berriasian,145.00,0.00,,,,0.977298421424606,0.949999988079071,1.299999952316284,"14805",-31.074651931509663,-30.894999504089355,-30.790000915527344,-31.709999084472656,Unknown,Unknown,Unknown,Unknown,,,,
Melut,397.00000,No,"394",32.783189999999998,9.258020000000000,Rift,None,Extrusive,Africa,"South Sudan, Sudan, Ethiopia",Onshore,Cretaceous,Berriasian,145.00,0.00,,,,1.474090912379324,0.800000011920929,5.000000000000000,"268429",-37.450909007679336,-37.505001068115234,-35.490001678466797,-39.569999694824219,None,None,None,None,,,,"0"
Mentelle,398.00000,No,"395",112.528099999999995,-33.921340000000001,Passive Margin,None,Extrusive,South Pacific,Australia,Offshore,Permian,Asselian,298.90,0.00,3.532000000000000,1.400003533165573,1.397000000000000,1.079166670640310,1.085000038146973,1.470000028610229,"171306",-13.877499977747599,-11.614999771118164,-10.529999732971191,-26.729999542236328,None,None,None,None,,,,"0"
Mesopotamian,399.00000,No,"396",44.264530000000001,31.073149999999998,Foreland,Mobile,None,Middle East,"Iraq, Saudi Arabia",Onshore,Proterozoic,Neoproterozoic,1000.00,0.00,,,,6.538709686648462,6.500000000000000,9.000000000000000,"401979",-35.958064417685229,-35.700000762939453,-33.779998779296875,-38.840000152587891,Bedded,Bedded,Bedded,None,"Hormuz; Khuff; Dashtak; Adaiyah; Alan; Hith-Gotnia; Rus; Fars","Protero., Cam., Perm., Tri., Jur., Eo., Mio., Plio.","Neoproterozoic-Waucoban; Wordian-Changhsingian; Carnian-Rhaetian; Pliensbachian; Toarcian; Kimmeridgian-Tithonian; Ypresian-Lutetian; Aquitanian-Piacenzian","8"
Meulaboh,400.00000,No,"397",95.109309999999994,4.061930000000001,Forearc,None,Extrusive,Asia,"Indonesia, India",On-Offshore,Paleocene,Thanetian,59.20,0.00,5.746000000000000,2.946393381782946,3.122500000000000,1.616666679581006,1.450000047683716,3.000000000000000,"140687",-22.929166634877522,-22.000000000000000,-10.149999618530273,-29.000000000000000,None,None,None,None,,,,"0"
Middle Magdalena,405.00000,No,"402",-74.110600000000005,6.745030000000000,Fold and Thrust Belt,None,Extrusive,South America,Colombia,Onshore,Triassic,Induan,252.17,0.00,,,,1.533333301544189,1.299999952316284,2.000000000000000,"37711",-36.379999796549477,-36.549999237060547,-33.439998626708984,-39.150001525878906,None,None,None,None,,,,"0"
Middle Zambezi,406.00000,No,"403",27.800000000000001,-17.500000000000000,Rift,Unknown,Unknown,Africa,"Zimbabwe, Zambia",Onshore,Pennsylvanian,Gzhelian,303.70,0.00,,,,0.366666674613953,0.300000011920929,0.500000000000000,"28774",-42.239999135335289,-42.279998779296875,-42.090000152587891,-42.349998474121094,Unknown,Unknown,Unknown,Unknown,,,,
Minhe,409.00000,No,"406",104.413349999999994,35.909610000000001,Foreland,None,None,Asia,China,Onshore,Triassic,Induan,252.17,0.00,,,,0.983333339293798,0.700000017881393,2.500000000000000,"56388",-52.111666997273765,-52.934999465942383,-49.770000457763672,-53.150001525878906,None,None,None,None,,,,"0"
Missour-Guercif,410.00000,No,"407",-3.689000000000000,33.610849999999999,Fold and Thrust Belt,Mobile,Extrusive,Africa,Morocco,Onshore,Pennsylvanian,Bashkirian,323.20,0.00,,,,0.600000001490116,0.600000001490116,1.000000000000000,"30356",-32.275000572204590,-32.275000572204590,-29.670000076293945,-34.880001068115234,None,Mobile,None,None,"Carnian-Rhaetian; Messinian","Tri., Mio.","Carnian-Rhaetian; Messinian","2"
Miyazaki,411.00000,No,"408",131.848189999999988,31.247370000000000,Forearc,Unknown,Unknown,Asia,Japan,On-Offshore,Eocene,Lutetian,47.80,0.00,3.533000000000000,1.184079961241611,0.903447550000000,1.080000007152557,1.200000047683716,1.299999952316284,"53121",-22.680000305175781,-19.850000381469727,-16.239999771118164,-34.330001831054688,Unknown,Unknown,Unknown,Unknown,,,,
Mkata,412.00000,No,"409",37.515259999999998,-6.678570000000000,Rift,Unknown,Unknown,Africa,Tanzania,Onshore,Pennsylvanian,Bashkirian,323.20,0.00,,,,0.592987612636692,0.250000007450581,4.500000000000000,"9629",-37.636313642374994,-37.690000534057617,-36.049999237060547,-38.900001525878906,Unknown,Unknown,Unknown,Unknown,,,,
Mollendo,415.00000,No,"412",-72.451160000000002,-17.012339999999998,Forearc,None,Extrusive,South America,"Peru, Chile",On-Offshore,Devonian,Frasnian,382.70,0.00,0.332000000000000,0.216205637533157,0.212000000000000,0.225454547188499,0.189999997615814,0.400000005960464,"111733",-32.929091020063922,-34.000000000000000,-16.000000000000000,-45.590000152587891,None,None,None,None,,,,"0"
Money Shoal-Arafura,417.00000,No,"414",133.939729999999997,-10.117210000000000,Passive Margin,None,Intrusive,South Pacific,"Australia, Indonesia",On-Offshore,Proterozoic,Mesoproterozoic,1600.00,0.00,3.993177000000000,1.078046509768253,1.074000000000000,2.538709676073443,2.500000000000000,6.300000190734864,"411527",-34.965161477365804,-34.819999694824219,-32.000000000000000,-40.500000000000000,None,None,None,None,,,,"0"
Morondava,421.00000,No,"418",44.321959999999997,-20.568449999999999,Passive Margin,None,Extrusive,Africa,Madagascar,On-Offshore,Ordovician,Llandeilian,467.30,0.00,6.212886000000000,1.382904399462365,1.302500000000000,4.125000023841859,3.899999976158142,6.300000190734864,"237186",-29.610999870300294,-30.845000267028809,-20.000000000000000,-35.189998626708984,None,None,None,None,,,,"0"
Mosquitia,423.00000,No,"420",-82.398759999999996,15.022489999999999,Passive Margin,None,Extrusive,Central America,"Nicaragua, Honduras, Jamaica, Colombia",On-Offshore,Jurassic,Hettangian,201.30,0.00,4.631042000000002,1.902167103523490,1.955000000000000,2.808695648027503,2.750000000000000,5.000000000000000,"294307",-26.586087102475375,-26.379999160766602,-16.959999084472656,-36.360000610351562,None,None,None,None,,,,"0"
Mozambique,424.00000,No,"421",34.337840000000000,-22.635750000000002,Passive Margin,Bedded,Extrusive,Africa,"Mozambique, South Africa, Zimbabwe, Swaziland, Malawi",On-Offshore,Pennsylvanian,Bashkirian,323.20,0.00,7.267996000000000,2.085377689993606,2.070000000000000,4.054081644330706,4.500000000000000,7.500000000000000,"634734",-34.091020155926138,-32.000000000000000,-20.000000000000000,-43.529998779296875,None,None,None,None,Temane,Miocene,Burdigalian,"1"
Muertos,425.00000,No,"422",-65.752150000000000,17.875670000000000,Strike-Slip,Unknown,Unknown,Central America,"Dominican Republic, Puerto Rico, US Virgin Islands, British Virgin Islands, Anguilla",On-Offshore,Cretaceous,Valanghian,139.80,0.00,2.062000000000000,1.194394363921568,1.027000000000000,1.541666666666667,1.500000000000000,1.799999952316284,"77691",-24.233333587646484,-23.035000801086422,-21.629999160766602,-30.690000534057617,Unknown,Unknown,Unknown,Unknown,,,,
Muglad,426.00000,No,"423",28.335049999999999,9.785539999999999,Rift,None,Extrusive,Africa,"Sudan, South Sudan",Onshore,Jurassic,Oxfordian,163.50,0.00,,,,2.250333336802820,1.800000011920929,6.000000000000000,"370293",-38.540000025431318,-38.564998626708984,-35.549999237060547,-40.610000610351562,None,None,None,None,,,,"0"
Mukalla,427.00000,No,"424",48.066260000000000,13.969480000000001,Passive Margin,Bedded,Extrusive,Middle East,"Yemen, Djibouti",On-Offshore,Ordovician,Tremadocian,485.40,0.00,1.160000000000000,0.863084145394737,0.906500050000000,1.031666676203410,1.055000007152557,1.190000057220459,"87237",-16.943333148956299,-13.969999790191650,-13.090000152587891,-28.229999542236328,None,None,None,None,"Rus; Ghaydah","Eo., Oligo.","Ypresian-Lutetian; Rupelian-Chattian","2"
Mumbai,428.00000,No,"425",71.755060000000000,18.107500000000002,Passive Margin,None,None,Asia,India,On-Offshore,Cretaceous,Berriasian,145.00,0.00,2.242000000000000,1.409818659406659,1.456000000000000,1.659999996423721,1.649999976158142,2.700000047683716,"248637",-23.978888829549152,-21.755000114440914,-10.189999580383301,-38.950000762939453,None,None,None,None,,,,"0"
Murray-Darling,430.00000,No,"427",143.088449999999995,-34.163739999999997,Foreland,Unknown,Unknown,South Pacific,Australia,Onshore,Cambrian,Cambrian Lower,542.00,0.00,,,,1.467500003054738,1.349999964237213,3.500000000000000,"450198",-36.505750179290771,-36.575000762939453,-33.090000152587891,-41.349998474121094,Unknown,Unknown,Unknown,Unknown,,,,
Murzuq,431.00000,No,"428",13.727150000000000,24.076940000000000,Intracratonic,Bedded,Extrusive,Africa,"Libya, Niger, Algeria, Chad",Onshore,Cambrian,Cambrian Lower,542.00,0.00,,,,1.364102560740251,1.000000000000000,3.000000000000000,"460990",-39.551282149094803,-41.130001068115234,-31.590000152587891,-42.529998779296875,None,None,None,None,Visean-Bashkirian,"Miss., Penn.",Visean-Bashkirian,"1"
Nam Con Son,432.00000,No,"429",108.866240000000005,7.828980000000000,Backarc - Marginal Sea,None,Extrusive,Asia,"Vietnam, Indonesia, Malaysia",Offshore,Paleocene,Danian,66.00,0.00,8.539000000000000,3.360301835220617,3.018000000000000,2.011764719205744,1.799999952316284,4.300000190734864,"220775",-25.176470588235293,-26.000000000000000,-17.000000000000000,-30.000000000000000,None,None,None,None,,,,"0"
Namibe,433.00000,No,"430",11.729270000000000,-16.373310000000000,Passive Margin,Bedded,Extrusive,Africa,"Angola, Namibia",On-Offshore,Triassic,Carnian,237.00,0.00,3.051000000000000,2.114352895037594,2.182000000000000,1.091428593067186,1.389999985694885,2.640000104904175,"92804",-27.582857404436385,-27.000000000000000,-16.000000000000000,-35.700000762939453,None,None,None,Bedded,Aptian,Cretaceous,Aptian,"1"
Nanpanjiang,434.00000,No,"431",107.399950000000004,25.864540000000002,Strike-Slip,None,Extrusive,Asia,China,Onshore,Proterozoic,Neoproterozoic,1000.00,0.00,,,,3.683636363595724,3.000000000000000,8.000000000000000,"143751",-38.901818015358664,-38.959999084472656,-35.279998779296875,-42.619998931884766,None,None,None,None,,,,"0"
Nanxiang,436.00000,No,"433",112.504660000000001,32.619360000000000,Foreland,Bedded,None,Asia,China,Onshore,Cretaceous,Berriasian,145.00,0.00,,,,1.772567388907696,0.600000008940697,3.000000000000000,"24058",-33.877653583887977,-33.825000762939453,-33.270000457763672,-37.340000152587891,None,None,None,None,Danian-Chattian,"Paleo., Eo., Oligo.",Danian-Chattian,"1"
Nara,437.00000,No,"434",-4.525300000000000,15.323810000000000,Rift,Unknown,Unknown,Africa,"Mali, Mauritania",Onshore,Cambrian,Cambrian Lower,542.00,0.00,,,,1.454545459964059,1.500000000000000,2.299999952316284,"134665",-39.629091089422054,-40.700000762939453,-37.729999542236328,-40.729999542236328,Unknown,Unknown,Unknown,Unknown,,,,
Neuquen,442.00000,No,"439",-68.708810000000000,-37.802880000000002,Foreland,Bedded,Extrusive,South America,Argentina,Onshore,Permian,Asselian,298.90,0.00,,,,1.518750001676381,1.000000000000000,4.000000000000000,"191484",-36.713124990463257,-35.625000000000000,-32.770000457763672,-46.840000152587891,None,None,Bedded,Bedded,"Bathonian-Oxfordian; Barremian-Aptian","Jur., Cret.","Bathonian-Oxfordian; Barremian-Aptian","2"
New Britain,443.00000,No,"440",150.057950000000005,-4.713060000000000,Backarc - Marginal Sea,Unknown,Extrusive,Asia,Papua New Guinea,On-Offshore,Oligocene,Chattian,28.10,0.00,0.500504200000000,0.260952976567657,0.257000000000000,0.666666666666667,0.699999988079071,0.800000011920929,"52697",-25.333333333333332,-25.000000000000000,-23.000000000000000,-28.000000000000000,Unknown,Unknown,Unknown,Unknown,,,,
New Hebrides,445.00000,No,"442",168.043229999999994,-16.287579999999998,Backarc - Marginal Sea,Unknown,Extrusive,South Pacific,"Vanuatu, Solomon Islands, New Caledonia",On-Offshore,Oligocene,Rupelian,33.90,0.00,1.077256000000000,0.135754243177756,0.126000000000000,0.505000001883933,0.500000000000000,1.500000000000000,"186091",-13.184285708836146,-12.000000000000000,-12.000000000000000,-18.000000000000000,Unknown,Unknown,Unknown,Unknown,,,,
New Ireland,446.00000,No,"443",150.149310000000014,-1.898720000000000,Forearc,Unknown,Extrusive,Asia,Papua New Guinea,On-Offshore,Oligocene,Chattian,28.10,0.00,1.183819000000000,0.360802607223001,0.343000000000000,1.022222220897675,1.000000000000000,1.299999952316284,"122801",-19.222222222222221,-17.000000000000000,-11.000000000000000,-30.000000000000000,Unknown,Unknown,Unknown,Unknown,,,,
New Madrid,447.00000,No,"444",-90.448719999999994,35.062220000000003,Rift,Unknown,Intrusive,North America,USA,Onshore,Cambrian,Cambrian Lower,542.00,0.00,,,,3.788888891537984,3.099999904632568,7.000000000000000,"115750",-37.254444546169715,-36.860000610351562,-32.799999237060547,-44.130001068115234,Unknown,Unknown,Unknown,Unknown,,,,
Niigata,450.00000,No,"447",138.809820000000002,38.000300000000003,Backarc - Marginal Sea,None,Extrusive,Asia,Japan,On-Offshore,Miocene,Aquitanian,23.03,0.00,3.412000000000000,1.430152641210526,1.190500000000000,0.400000005960464,0.400000005960464,0.500000000000000,"23763",-25.033332824707031,-25.129999160766602,-21.829999923706055,-28.139999389648438,None,None,None,None,,,,"0"
Nirihuau,452.00000,No,"449",-70.657700000000006,-42.575710000000001,Foreland,None,Extrusive,South America,Argentina,Onshore,Cretaceous,Berriasian,145.00,0.00,,,,0.500000000000000,0.500000000000000,0.500000000000000,"33313",-37.379999796549477,-37.169998168945312,-37.090000152587891,-37.880001068115234,None,None,None,None,,,,"0"
North Carnarvon,455.00000,No,"452",116.531670000000005,-18.678439999999998,Passive Margin,None,Extrusive,South Pacific,Australia,On-Offshore,Proterozoic,Mesoproterozoic,1600.00,0.00,7.009270000000002,1.229426967254122,1.251000000000000,4.943076906295924,5.000000000000000,8.699999809265138,"632172",-27.929423112135662,-28.454999923706055,-18.430000305175781,-35.450000762939453,None,None,None,None,,,,"0"
North Cuba,459.00000,No,"456",-82.780040000000000,23.248650000000001,Foreland,Mobile,Extrusive,Central America,"Cuba, Bahamas",On-Offshore,Jurassic,Hettangian,201.30,0.00,5.374000000000000,3.732522844282239,4.082000000000000,5.375000000000000,6.000000000000000,8.000000000000000,"49781",-25.667500019073486,-25.810000419616699,-24.920000076293945,-26.129999160766602,None,None,Mobile,None,Cunagua,Jurassic,Bathonian-Callovian,"1"
North Falkland,460.00000,No,"457",-57.334139999999998,-49.825270000000003,Passive Margin,None,Extrusive,South America,Falkland Islands,On-Offshore,Devonian,Emsian,407.60,0.00,4.110000000000001,1.306224060211498,1.042500000000000,1.188571420453844,1.000000000000000,3.539999961853027,"261211",-25.069523811340332,-23.000000000000000,-13.439999580383301,-32.000000000000000,None,None,None,None,,,,"0"
North Java,462.00000,No,"459",112.189310000000006,-6.084130000000000,Backarc - Marginal Sea,Unknown,Unknown,Asia,Indonesia,On-Offshore,Eocene,Ypresian,56.00,0.00,1.786000000000000,1.398941891156463,1.375000000000000,1.900000015894572,2.000000000000000,2.400000095367432,"50115",-29.663333257039387,-29.989999771118164,-29.000000000000000,-30.000000000000000,Unknown,Unknown,Unknown,Unknown,,,,
North Karanpura,464.00000,No,"461",85.186689999999999,23.790990000000001,Rift,Unknown,Unknown,Asia,India,Onshore,Pennsylvanian,Bashkirian,323.20,0.00,,,,0.009999999776483,0.009999999776483,0.009999999776483,"2323",-51.603103169511449,-48.325000762939453,-43.290000915527344,-53.360000610351562,Unknown,Unknown,Unknown,Unknown,,,,
North Mahanadi,465.00000,No,"462",83.000000000000000,23.000000000000000,Rift,None,Extrusive,Asia,India,Onshore,Pennsylvanian,Bashkirian,323.20,0.00,,,,0.136752439550628,0.100000001490116,0.300000011920929,"19174",-36.192199172328515,-36.920000076293945,-33.430000305175781,-41.680000305175781,None,None,None,None,,,,"0"
North Makassar,466.00000,No,"463",119.085110000000000,-1.525080000000000,Backarc - Marginal Sea,Unknown,Unknown,Asia,Indonesia,On-Offshore,Paleocene,Danian,66.00,0.00,3.290000000000000,2.916335785454545,3.014000000000000,3.149999976158142,3.149999976158142,3.500000000000000,"27633",-30.000000000000000,-30.000000000000000,-30.000000000000000,-30.000000000000000,Unknown,Unknown,Unknown,Unknown,,,,
North New Guinea,467.00000,No,"464",140.324610000000007,-2.295610000000000,Strike-Slip,None,Extrusive,Asia,"Indonesia, Papua New Guinea",On-Offshore,Jurassic,Oxfordian,163.50,0.00,1.816001000000000,0.624691663806971,0.681000000000000,1.113333328564962,0.899999976158142,2.599999904632568,"157526",-26.666666666666668,-27.000000000000000,-22.000000000000000,-32.000000000000000,None,None,None,None,,,,"0"
North Panama,468.00000,No,"465",-79.815089999999998,9.588889999999999,Backarc - Marginal Sea,Unknown,Unknown,Central America,Panama,On-Offshore,Miocene,Langhian,15.97,0.00,3.070000000000000,1.618685371428572,1.600000000000000,1.282683723729481,1.500000000000000,3.000000000000000,"14298",-26.736207055376184,-26.600000381469727,-22.809999465942383,-28.079999923706055,Unknown,Unknown,Unknown,Unknown,,,,
North Sumatra,471.00000,No,"468",98.770889999999994,5.169960000000000,Backarc - Marginal Sea,None,Extrusive,Asia,"Indonesia, Thailand, Malaysia, India",On-Offshore,Eocene,Bartonian,41.20,0.00,4.861000000000000,1.774899583345482,1.407000000000000,1.647619060107640,1.000000000000000,4.300000190734864,"273424",-29.200476146879652,-29.000000000000000,-25.000000000000000,-32.669998168945312,None,None,None,None,,,,"0"
Nugaal,481.00000,No,"478",47.500000000000000,9.000000000000000,Rift,Bedded,Intrusive,Africa,Somalia,Onshore,Cambrian,Cambrian Lower,542.00,0.00,,,,1.049999997019768,1.000000000000000,1.399999976158142,"48622",-32.542500019073486,-32.520000457763672,-31.620000839233398,-33.509998321533203,None,None,None,Bedded,"Main Gypsum; Taleh; Zanclean-Piacenzian","Cret., Eo., Plio.","Berriasian-Barremian; Lutetian-Bartonian; Zanclean-Piacenzian","3"
Nuqra-Kharit,482.00000,No,"479",33.512749999999997,24.254270000000002,Rift,Unknown,Unknown,Africa,Egypt,Onshore,Cambrian,Cambrian Lower,542.00,0.00,,,,0.699999993046125,0.899999976158142,1.000000000000000,"24991",-30.333333333333332,-31.149999618530273,-26.899999618530273,-32.950000762939453,Unknown,Unknown,Unknown,Unknown,,,,
Officer,483.00000,No,"480",127.701629999999994,-28.041100000000000,Intracratonic,Bedded,Extrusive,South Pacific,Australia,Onshore,Proterozoic,Paleoproterozoic,2500.00,0.00,,,,2.212000005245209,2.400000095367432,3.900000095367432,"299616",-43.403200225830084,-42.919998168945312,-40.130001068115234,-47.909999847412109,None,None,None,None,Neoproterozoic-Waucoban,"Protero., Cam.",Neoproterozoic-Waucoban,"1"
Ogaden,484.00000,No,"481",42.751240000000003,4.606660000000000,Intracratonic,Bedded,Unknown,Africa,"Ethiopia, Somalia, Kenya",Onshore,Pennsylvanian,Bashkirian,323.20,0.00,,,,3.426923078413193,3.500000000000000,6.500000000000000,"307644",-34.146154256967399,-33.639999389648438,-31.620000839233398,-39.720001220703125,None,Bedded,Bedded,Bedded,"Abbai; Pliensbachian; Ferfer","Tri., Jur., Cret.","Rhaetian-Hettangian; Pliensbachian; Albian","3"
Okavango,485.00000,No,"482",21.394380000000002,-19.221699999999998,Rift,Unknown,Unknown,Africa,"Namibia, Botswana, Zambia, Angola, Zimbabwe",Onshore,Proterozoic,Neoproterozoic,1000.00,0.00,,,,0.810714285554630,0.650000005960464,2.099999904632568,"344625",-42.060356821332661,-41.989999771118171,-36.450000762939453,-45.009998321533203,Unknown,Unknown,Unknown,Unknown,,,,
Ryukyu,567.00000,No,"563",127.452910000000003,25.486830000000001,Forearc,Unknown,Unknown,Asia,"Japan, Taiwan",On-Offshore,Eocene,Lutetian,47.80,0.00,1.736834000000000,0.999770061688767,0.941391000000000,1.187500007450581,1.000000000000000,1.700000047683716,"123164",-19.571250081062317,-19.555000305175781,-13.279999732971191,-27.000000000000000,Unknown,Unknown,Unknown,Unknown,,,,
Okinawa,486.00000,No,"483",127.037199999999999,25.634450000000001,Backarc - Marginal Sea,Unknown,Extrusive,Asia,"Japan, South Korea, China, Taiwan",On-Offshore,Jurassic,Hettangian,201.30,0.00,3.138000000000000,1.283686071817195,1.217504500000000,1.154545453461734,1.000000000000000,2.000000000000000,"158343",-26.238181894475758,-26.000000000000000,-24.000000000000000,-30.000000000000000,Unknown,Unknown,Unknown,Unknown,,,,
Oman Salt,487.00000,No,"484",56.231299999999997,20.671189999999999,Foreland,Bedded,None,Middle East,Oman,Onshore,Proterozoic,Neoproterozoic,1000.00,0.00,,,,2.388888915379842,2.400000095367432,3.900000095367432,"137492",-31.512222713894310,-31.129999160766602,-23.700000762939453,-39.650001525878906,None,None,None,None,"Ara; Rus; Fars","Cam., Eo., Mio., Plio.","Waucoban; Ypresian-Lutetian; Aquitanian-Piacenzian","3"
Ord,489.00000,No,"486",128.149709999999999,-17.459810000000001,Rift,Unknown,Unknown,South Pacific,Australia,Onshore,Cambrian,Cambrian Middle,509.00,0.00,,,,0.500000004967054,0.500000000000000,0.800000011920929,"34143",-41.200000762939453,-41.490001678466797,-39.540000915527344,-42.569999694824219,Unknown,Unknown,Unknown,Unknown,,,,
Orogrande,491.00000,No,"488",-104.998990000000006,31.683070000000001,Rift,None,Extrusive,North America,USA,Onshore,Cambrian,Cambrian Middle,509.00,0.00,,,,1.237034241106577,1.599999964237213,3.500000000000000,"19948",-40.121808520667813,-39.590000152587891,-31.479999542236328,-45.259998321533203,None,None,None,None,,,,"0"
Ouarzazate,495.00000,No,"492",-5.497070000000000,31.462879999999998,Fold and Thrust Belt,Unknown,Unknown,Africa,Morocco,Onshore,Cretaceous,Cenomanian,100.50,0.00,,,,0.581100154499936,0.100000001490116,7.500000000000000,"12165",-34.835924253576849,-35.169998168945312,-33.169998168945312,-36.450000762939453,Unknown,Unknown,Unknown,Unknown,,,,
Oued Mya-Mouydir,496.00000,No,"493",3.784890000000000,30.495560000000001,Foreland,Bedded,Extrusive,Africa,Algeria,Onshore,Cambrian,Cambrian Lower,542.00,0.00,,,,3.017857134342194,3.350000023841858,6.500000000000000,"304885",-35.658214296613423,-35.074998855590820,-34.369998931884766,-39.520000457763672,None,Bedded,Bedded,Bedded,"Rhaetian-Aalenian; Cenomanian-Campanian","Tri., Jur., Cret.","Rhaetian-Aalenian; Cenomanian-Campanian","2"
Ougarta,497.00000,No,"494",-2.442860000000000,29.546320000000001,Foreland,Unknown,Unknown,Africa,"Algeria, Morocco",Onshore,Cambrian,Cambrian Lower,542.00,0.00,,,,1.674999997019768,2.000000000000000,2.000000000000000,"51616",-37.280000686645501,-37.635000228881829,-33.540000915527344,-40.310001373291016,Unknown,Unknown,Unknown,Unknown,,,,
Outeniqua,498.00000,No,"495",22.138970000000000,-34.912260000000003,Passive Margin,Bedded,Extrusive,Africa,South Africa,On-Offshore,Jurassic,Callovian,166.10,0.00,2.999000000000000,2.885781292735043,2.892000000000000,1.597200011387467,1.700000047683716,3.700000047683716,"278376",-29.884400024414063,-29.000000000000000,-16.000000000000000,-47.389999389648438,None,None,Bedded,None,Kimmeridgian,Jurassic,Kimmeridgian,"1"
Palo Duro,501.00000,No,"498",-102.878360000000001,34.813989999999997,Strike-Slip,Bedded,None,North America,USA,Onshore,Proterozoic,Neoproterozoic,1000.00,0.00,,,,2.560000038146973,2.500000000000000,3.400000095367432,"57710",-43.913999938964842,-43.880001068115234,-42.040000915527344,-45.819999694824219,Bedded,None,None,None,San Andres,Permian,Artinskian-Capitanian,"1"
Pantanal,503.00000,No,"500",-56.000000000000000,-18.000000000000000,Intracratonic,Unknown,Unknown,South America,"Brazil, Bolivia",Onshore,Paleocene,Danian,66.00,0.00,,,,0.462500008443991,0.400000005960464,0.899999976158142,"130070",-40.311666170756013,-40.864999771118171,-34.349998474121094,-40.889999389648438,Unknown,Unknown,Unknown,Unknown,,,,
Papuan,504.00000,No,"501",147.062549999999987,-10.436690000000000,Foreland,None,Extrusive,Asia,"Papua New Guinea, Indonesia, Australia",On-Offshore,Silurian,Rhuddanian,443.80,0.00,6.000636000000000,0.677401437132947,0.630000000000000,3.249122804717014,3.000000000000000,9.800000190734863,"680189",-31.379649312872637,-32.990001678466797,-15.000000000000000,-36.970001220703125,None,None,None,None,,,,"0"
Paradox,505.00000,No,"502",-109.382810000000006,37.914920000000002,Foreland,Mobile,Intrusive,North America,USA,Onshore,Cambrian,Cambrian Middle,509.00,0.00,,,,2.333333333333333,2.500000000000000,3.000000000000000,"43148",-39.843332926432289,-39.270000457763672,-38.709999084472656,-41.549999237060547,None,None,None,None,"Paradox; Cane Creek",Pennsylvanian,"Moscovian; Moscovian-Kasimovian","2"
Paraiba-Pernambuco,506.00000,No,"503",-34.744270000000000,-7.284000000000000,Passive Margin,Unknown,Unknown,South America,Brazil,On-Offshore,Cretaceous,Aptian,125.00,0.00,1.532162000000000,1.115960050000000,1.078500000000000,1.540000021457672,1.540000021457672,1.580000042915344,"24674",-24.000000000000000,-24.000000000000000,-24.000000000000000,-24.000000000000000,Unknown,Unknown,Unknown,Unknown,,,,
Parana,507.00000,No,"504",-52.821939999999998,-24.426770000000001,Intracratonic,None,Extrusive,South America,"Brazil, Uruguay, Paraguay, Argentina",Onshore,Proterozoic,Mesoproterozoic,1600.00,0.00,1.145054000000000,1.145054000000000,1.145054000000000,2.179611649328065,1.799999952316284,5.199999809265138,"1275373",-40.586407855876438,-40.709999084472656,-32.490001678466797,-46.880001068115234,None,None,None,None,,,,"0"
Parecis,509.00000,No,"506",-56.000000000000000,-13.000000000000000,Intracratonic,Unknown,Extrusive,South America,Brazil,Onshore,Proterozoic,Neoproterozoic,1000.00,0.00,,,,0.237631584027488,0.200000002980232,0.500000000000000,"464948",-40.573421177111165,-40.659999847412109,-37.810001373291016,-40.810001373291016,Unknown,Unknown,Unknown,Unknown,,,,
Pasir,512.00000,No,"509",116.948980000000006,-3.363990000000000,Backarc - Marginal Sea,Unknown,Unknown,Asia,Indonesia,On-Offshore,Paleocene,Danian,66.00,0.00,4.216039000000000,2.774613483188045,2.767000000000000,1.985714316368103,1.399999976158142,5.300000190734864,"75073",-29.564285823277064,-29.000000000000000,-29.000000000000000,-30.950000762939453,Unknown,Unknown,Unknown,Unknown,,,,
Pattani,513.00000,No,"510",102.010310000000004,9.062600000000000,Backarc - Marginal Sea,Unknown,Unknown,Asia,"Thailand, Cambodia, Vietnam, Malaysia",On-Offshore,Cretaceous,Berriasian,145.00,0.00,11.369999999999999,2.724660280091884,1.848500000000000,2.066666669315762,2.000000000000000,5.000000000000000,"229797",-30.054444419013134,-30.000000000000000,-29.989999771118164,-30.989999771118164,Unknown,Unknown,Unknown,Unknown,,,,
Pearl River Mouth,514.00000,No,"511",114.600279999999998,20.713220000000000,Backarc - Marginal Sea,None,Extrusive,Asia,"China, Taiwan, Paracel Islands",On-Offshore,Triassic,Carnian,237.00,0.00,7.177000000000000,2.122175383106982,1.630000000000000,1.637931043217922,1.500000000000000,4.000000000000000,"364411",-25.307241308278051,-27.000000000000000,-12.060000419616699,-31.000000000000000,None,None,None,None,,,,"0"
Pedirka-Simpson,515.00000,No,"512",137.155640000000005,-25.529389999999999,Intracratonic,Mobile,Extrusive,South Pacific,Australia,Onshore,Proterozoic,Neoproterozoic,1000.00,0.00,,,,1.952631590397734,1.799999952316284,3.700000047683716,"225424",-35.411053005017735,-34.040000915527344,-31.920000076293945,-42.110000610351562,None,None,None,None,Neoproterozoic,Proterozoic,Neoproterozoic,"1"
Pedregosa-Chihuahua,516.00000,No,"513",-107.436310000000006,31.233650000000001,Fold and Thrust Belt,Bedded,Extrusive,Central America,"Mexico, USA",Onshore,Cambrian,Cambrian Lower,542.00,0.00,,,,2.260000020265579,2.500000000000000,4.300000190734864,"124520",-30.734999847412109,-30.359999656677250,-28.600000381469727,-33.639999389648438,None,None,None,Bedded,Berriasian-Hauterivian,Cretaceous,Berriasian-Hauterivian,"1"
Permian,520.00000,No,"517",-102.681939999999997,32.128430000000002,Foreland,Bedded,Extrusive,North America,USA,Onshore,Cambrian,Cambrian Middle,509.00,0.00,,,,3.642857176916940,3.450000047683716,6.300000190734864,"165501",-43.948571341378347,-44.734998703002930,-36.770000457763672,-47.740001678466797,Bedded,None,None,None,"San Andres; Castile",Permian,"Artinskian-Capitanian; Changhsingian","2"
Perth,521.00000,No,"518",115.172610000000006,-31.489709999999999,Passive Margin,None,None,South Pacific,Australia,On-Offshore,Ordovician,Tremadocian,485.40,0.00,2.740000000000000,1.564937130973452,1.432000000000000,3.380000003178914,2.500000000000000,7.500000000000000,"158394",-27.396666272481283,-30.000000000000000,-12.939999580383301,-38.639999389648438,None,None,None,None,,,,"0"
Peten-Corozal,522.00000,No,"519",-90.000000000000000,16.000000000000000,Strike-Slip,Mobile,None,Central America,"Belize, Guatemala, Mexico",On-Offshore,Triassic,Induan,252.17,0.00,1.968898000000000,1.077934462559242,1.040000000000000,0.755714285586562,0.009999999776483,2.000000000000000,"90540",-31.332857676914760,-30.680000305175781,-23.829999923706055,-39.970001220703125,None,None,None,Mobile,Coban,Cretaceous,Hauterivian-Cenomanian,"1"
Phetchabun,523.00000,No,"520",101.150959999999998,15.918020000000000,Strike-Slip,None,Extrusive,Asia,Thailand,Onshore,Oligocene,Chattian,28.10,0.00,,,,1.382874337960069,0.350000008940697,2.000000000000000,"6885",-34.563626143863956,-33.959999084472656,-33.709999084472656,-34.779998779296875,None,None,None,None,,,,"0"
Phitsanulok,524.00000,No,"521",100.115170000000006,16.477270000000001,Strike-Slip,None,Extrusive,Asia,Thailand,Onshore,Oligocene,Chattian,28.10,0.00,,,,0.133333335320155,0.100000001490116,0.200000002980232,"30203",-34.179999033610024,-33.939998626708984,-33.819999694824219,-34.779998779296875,None,None,None,None,,,,"0"
Piceance,525.00000,No,"522",-108.012200000000007,39.368749999999999,Foreland,Bedded,None,North America,USA,Onshore,Cambrian,Cambrian Lower,542.00,0.00,,,,2.399999976158142,2.399999976158142,3.500000000000000,"20614",-45.100000381469727,-45.100000381469727,-43.240001678466797,-46.959999084472656,None,None,None,None,Eagle Valley,Pennsylvanian,Moscovian-Kasimovian,"1"
Pishin-Katawaz,526.00000,No,"523",68.000000000000000,32.000000000000000,Strike-Slip,None,None,Asia,"Afghanistan, Pakistan",Onshore,Jurassic,Tithonian,152.10,0.00,,,,0.075714286682861,0.100000001490116,0.200000002980232,"85142",-43.759999956403462,-43.729999542236328,-42.750000000000000,-45.319999694824219,None,None,None,None,,,,"0"
Potiguar,531.00000,No,"528",-36.807009999999998,-4.530860000000000,Passive Margin,None,Intrusive,South America,Brazil,On-Offshore,Cretaceous,Berriasian,145.00,0.00,3.059000000000000,1.853743146595461,1.633000000000000,1.706250019371510,1.949999988079071,2.690000057220459,"95981",-26.339999914169312,-27.609999656677250,-17.000000000000000,-31.329999923706055,None,None,None,None,,,,"0"
Poyang,533.00000,No,"530",116.193879999999993,28.641810000000000,Rift,Unknown,Unknown,Asia,China,Onshore,Permian,Wuchiapingian,259.80,0.00,,,,0.126807787901873,0.100000001490116,0.200000002980232,"17598",-31.967677163183531,-32.270000457763672,-30.899999618530273,-32.799999237060547,Unknown,Unknown,Unknown,Unknown,,,,
Puerto Rico,536.00000,No,"533",-65.433920000000001,18.703980000000001,Strike-Slip,Unknown,Unknown,Central America,"Puerto Rico, British Virgin Islands, Dominican Republic, US Virgin Islands",On-Offshore,Cretaceous,Cenomanian,100.50,0.00,2.092000000000000,0.984806037230770,0.875000000000000,1.600000023841858,1.600000023841858,2.000000000000000,"28106",-27.020000457763672,-27.020000457763672,-24.040000915527344,-30.000000000000000,Unknown,Unknown,Unknown,Unknown,,,,
Purisima-Iray,537.00000,No,"534",-111.585290000000001,24.688320000000001,Forearc,Unknown,Unknown,Central America,Mexico,On-Offshore,Jurassic,Hettangian,201.30,0.00,0.814954800000000,0.265837145116279,0.259000100000000,1.166666666666667,1.000000000000000,1.500000000000000,"37543",-21.059999465942383,-21.799999237060547,-18.000000000000000,-23.379999160766602,Unknown,Unknown,Unknown,Unknown,,,,
Putumayo-Oriente-Maranon,538.00000,No,"535",-75.334559999999996,-2.562760000000000,Foreland,Bedded,Extrusive,South America,"Peru, Colombia, Ecuador, Brazil",Onshore,Ordovician,Tremadocian,485.40,0.00,,,,3.578571438789368,3.200000047683716,8.699999809265138,"537279",-40.751428785778231,-40.805000305175781,-38.439998626708984,-42.790000915527344,None,None,Bedded,None,Hettangian-Callovian,Jurassic,Hettangian-Callovian,"1"
Qaidam,539.00000,No,"536",94.292479999999998,37.577260000000003,Fold and Thrust Belt,Bedded,Extrusive,Asia,China,Onshore,Mississippian,Tournaisian,358.90,0.00,,,,2.525000018378099,2.100000023841858,6.000000000000000,"157487",-53.878333091735840,-53.495000839233398,-48.639999389648438,-62.840000152587891,None,None,None,None,"Chattian; Messinian; Zanclean-Pleistocene","Oligo., Mio., Plio., Pleisto.","Chattian; Messinian; Zanclean-Pleistocene","3"
Qinshui,540.00000,No,"537",112.683719999999994,36.802799999999998,Rift,None,Extrusive,Asia,China,Onshore,Cambrian,Cambrian Lower,542.00,0.00,,,,2.324999988079071,2.500000000000000,2.799999952316284,"44971",-38.514999389648438,-39.959999084472656,-33.189998626708984,-40.950000762939453,None,None,None,None,,,,"0"
Qiongdongnan-Phu Khanh,541.00000,No,"538",111.101830000000007,15.648999999999999,Backarc - Marginal Sea,None,Extrusive,Asia,"Paracel Islands, Vietnam, China, Spratly Islands",On-Offshore,Devonian,Lochkovian,419.20,0.00,9.662000000000001,2.459943450454863,1.963000000000000,1.706451619825055,1.500000000000000,7.000000000000000,"373586",-21.622580620550341,-22.059999465942383,-10.670000076293945,-34.580001831054688,None,None,None,None,,,,"0"
Queen Maud,544.00000,No,"541",25.166010000000000,-69.750119999999995,Passive Margin,Unknown,Unknown,Antarctica,Antarctica,On-Offshore,Jurassic,Hettangian,201.30,0.00,6.656204000000000,3.142910739014692,3.341283000000000,1.152352945355613,0.720000028610229,3.299999952316284,"1906487",-20.884379131342072,-20.000000000000000,-10.670000076293945,-34.069999694824219,Unknown,Unknown,Unknown,Unknown,,,,
Queensland,545.00000,No,"542",148.987470000000002,-16.933350000000001,Passive Margin,Unknown,Unknown,South Pacific,Australia,On-Offshore,Cretaceous,Berriasian,145.00,0.00,1.249927000000000,0.722050789722222,0.718000000000000,1.551428566660200,1.299999952316284,3.200000047683716,"448378",-25.650857216971261,-28.000000000000000,-12.000000000000000,-34.360000610351562,Unknown,Unknown,Unknown,Unknown,,,,
Raniganj,546.00000,No,"543",87.261629999999997,23.625270000000000,Rift,None,None,Asia,India,Onshore,Pennsylvanian,Bashkirian,323.20,0.00,,,,1.218780636118448,0.754999999888241,1.500000000000000,"3141",-39.421591009124455,-41.864999771118171,-37.939998626708984,-45.790000915527344,None,None,None,None,,,,"0"
Raton,547.00000,No,"544",-104.683639999999997,36.974480000000000,Rift,Bedded,Extrusive,North America,USA,Onshore,Devonian,Lochkovian,419.20,0.00,,,,0.850000023841858,0.850000023841858,1.200000047683716,"19107",-43.625000000000000,-43.625000000000000,-41.970001220703125,-45.279998779296875,Bedded,None,None,None,Yeso,Permian,Artinskian,"1"
Raukumara-North Slope,548.00000,No,"545",175.377360000000010,-35.930810000000001,Forearc,None,Extrusive,South Pacific,New Zealand,On-Offshore,Cretaceous,Aptian,125.00,0.00,0.627000000000000,0.455451353638839,0.522500050000000,0.555555562178294,0.540000021457672,0.800000011920929,"107015",-24.876666598849827,-25.000000000000000,-22.000000000000000,-27.889999389648438,None,None,None,None,,,,"0"
Rawson-Valdes,549.00000,No,"546",-63.311340000000001,-42.786900000000003,Passive Margin,Unknown,Unknown,South America,Argentina,On-Offshore,Jurassic,Aalenian,174.10,0.00,2.671000000000000,1.548906741000468,1.518000000000000,0.883181815797632,0.974999994039536,2.000000000000000,"272719",-30.601363788951527,-29.000000000000000,-29.000000000000000,-33.990001678466797,Unknown,Unknown,Unknown,Unknown,,,,
Red Sea,551.00000,No,"548",38.999540000000003,20.008740000000000,Rift,Mobile,Extrusive,Middle East,"Saudi Arabia, Eritrea, Egypt, Sudan, Yemen",On-Offshore,Jurassic,Aalenian,174.10,0.00,3.586417000000000,1.803466256725770,1.812809000000000,2.092156864702702,2.000000000000000,5.000000000000000,"614396",-18.474705995297899,-18.040000915527344,-8.869999885559082,-31.440000534057617,None,None,None,None,Aquitanian-Pleistocene,"Mio., Plio., Pleisto",Aquitanian-Pleistocene,"1"
Reggane,552.00000,No,"549",-1.468210000000000,26.841470000000001,Foreland,None,Extrusive,Africa,Algeria,Onshore,Proterozoic,Neoproterozoic,1000.00,0.00,,,,2.038461538461538,1.899999976158142,4.000000000000000,"150789",-38.316153893103966,-38.590000152587891,-35.700000762939453,-40.669998168945312,None,None,None,None,,,,"0"
Reinga-South Norfolk,553.00000,No,"550",169.624899999999997,-33.640210000000003,Backarc - Marginal Sea,Unknown,Unknown,South Pacific,New Zealand,On-Offshore,Jurassic,Callovian,166.10,0.00,0.762000100000000,0.633201524450363,0.660000000000000,1.096363641998985,1.039999961853027,1.700000047683716,"132410",-15.596363587812943,-13.000000000000000,-12.000000000000000,-25.000000000000000,Unknown,Unknown,Unknown,Unknown,,,,
Rewa,554.00000,No,"551",81.449920000000006,23.679150000000000,Rift,Unknown,Unknown,Asia,India,Onshore,Permian,Sakmarian,295.00,0.00,,,,0.300000011920929,0.300000011920929,0.300000011920929,"17535",-41.674999237060547,-41.674999237060547,-41.669998168945312,-41.680000305175781,Unknown,Unknown,Unknown,Unknown,,,,
Rharb,555.00000,No,"552",-6.658680000000000,34.576140000000002,Passive Margin,Mobile,Extrusive,Africa,Morocco,On-Offshore,Cambrian,Cambrian Lower,542.00,0.00,7.281000000000000,5.068818080586082,5.576000000000000,3.358333365370830,3.750000000000000,6.050000190734864,"85960",-27.146666526794434,-29.074999809265137,-17.799999237060547,-30.920000076293945,None,Mobile,None,None,Carnian-Rhaetian,Triassic,Carnian-Rhaetian,"1"
Richmond,557.00000,No,"554",-77.843029999999999,37.415590000000002,Rift,None,Extrusive,North America,USA,Onshore,Triassic,Carnian,237.00,0.00,,,,0.200000002980232,0.200000002980232,0.200000002980232,"1728",-32.840000152587891,-32.840000152587891,-32.840000152587891,-32.840000152587891,None,None,None,None,,,,"0"
Risha,559.00000,No,"556",38.785559999999997,32.227580000000003,Rift,Unknown,Unknown,Middle East,"Jordan, Saudi Arabia, Iraq, Syria",Onshore,Ordovician,Tremadocian,485.40,0.00,,,,2.250000000000000,2.350000023841858,2.500000000000000,"35168",-35.257500648498535,-35.409999847412109,-34.470001220703125,-35.740001678466797,Unknown,Unknown,Unknown,Unknown,,,,
Rosario-Laboulaye,561.00000,No,"558",-63.000000000000000,-34.000000000000000,Foreland,Bedded,Unknown,South America,Argentina,Onshore,Permian,Asselian,298.90,0.00,,,,0.841666668653488,0.900000005960464,1.500000000000000,"147295",-36.201666514078774,-35.889999389648438,-35.790000915527344,-37.830001831054688,None,None,None,Bedded,General Levalle,Cretaceous,Valanginian-Barremian,"1"
Ruaha,565.00000,No,"561",34.937770000000000,-7.881160000000000,Rift,Unknown,Extrusive,Africa,Tanzania,Onshore,Pennsylvanian,Bashkirian,323.20,0.00,,,,0.150000002235174,0.150000002235174,0.200000002980232,"16834",-38.805000305175781,-38.805000305175781,-38.750000000000000,-38.860000610351562,Unknown,Unknown,Unknown,Unknown,,,,
Sabah-Baram,568.00000,No,"564",114.003140000000002,7.308820000000000,Fold and Thrust Belt,None,Extrusive,Asia,"Spratly Islands, Malaysia, Brunei, Vietnam, Philippines",On-Offshore,Cretaceous,Berriasian,145.00,0.00,11.367000000000001,3.808570299281984,2.809500000000000,2.290476211479732,0.899999976158142,6.800000190734864,"277079",-23.613809585571289,-23.000000000000000,-20.000000000000000,-30.940000534057617,None,None,None,None,,,,"0"
Sabatayn,569.00000,No,"565",45.973500000000001,15.558430000000000,Rift,Unknown,Unknown,Middle East,Yemen,Onshore,Jurassic,Hettangian,201.30,0.00,,,,0.250000007450581,0.250000007450581,0.300000011920929,"37864",-31.309999465942383,-31.309999465942383,-29.090000152587891,-33.529998779296875,Unknown,Unknown,Unknown,Unknown,,,,
Sabinas,570.00000,No,"566",-101.707229999999996,27.297049999999999,Fold and Thrust Belt,Mobile,Extrusive,Central America,Mexico,Onshore,Triassic,Carnian,237.00,0.00,,,,0.417500000447035,0.055000000633299,2.000000000000000,"100124",-36.457500457763672,-36.105001449584961,-35.639999389648438,-38.310001373291016,None,None,Mobile,Bedded,"Bathonian-Callovian; Albian","Jur., Cret.","Bathonian-Callovian; Albian","2"
Sagaleh,572.00000,No,"568",50.960250000000002,10.707630000000000,Passive Margin,Bedded,Extrusive,Africa,"Somalia, Yemen",On-Offshore,Cambrian,Cambrian Lower,542.00,0.00,4.015097000000000,0.478933793140340,0.472000000000000,3.963529390447280,4.300000190734864,6.099999904632568,"186688",-21.527647186728085,-21.579999923706055,-11.300000190734863,-30.559999465942383,None,None,Bedded,None,"Bathonian; Taleh","Jur., Eo.","Bathonian; Lutetian-Bartonian","2"
Salawati,576.00000,No,"572",131.236390000000000,-1.570500000000000,Foreland,None,Extrusive,Asia,Indonesia,On-Offshore,Pennsylvanian,Bashkirian,323.20,0.00,4.882891000000000,1.393944907630522,1.296000000000000,3.900000015894572,3.700000047683716,5.000000000000000,"34455",-30.569999694824219,-29.979999542236328,-27.000000000000000,-34.729999542236328,None,None,None,None,,,,"0"
Salina,577.00000,No,"573",-97.750640000000004,40.115620000000000,Foreland,None,None,North America,USA,Onshore,Cambrian,Cambrian Lower,542.00,0.00,,,,1.411111089918349,1.399999976158142,1.500000000000000,"127720",-39.782221900092232,-39.680000305175781,-34.680000305175781,-44.970001220703125,None,None,None,None,,,,"0"
Salt Valley,578.00000,No,"574",-111.837980000000002,33.023479999999999,Strike-Slip,None,Extrusive,North America,USA,Onshore,Cretaceous,Berriasian,145.00,0.00,,,,0.300000004470348,0.300000004470348,0.400000005960464,"20129",-27.114999771118164,-27.114999771118164,-26.299999237060547,-27.930000305175781,None,None,None,None,,,,"0"
San Joaquin,579.00000,No,"575",-119.965379999999996,36.353760000000001,Forearc,None,Extrusive,North America,USA,Onshore,Cretaceous,Berriasian,145.00,0.00,,,,2.524999976158142,2.399999976158142,4.000000000000000,"53514",-29.732499599456787,-30.449999809265137,-25.909999847412109,-32.119998931884766,None,None,None,None,,,,"0"
San Juan,581.00000,No,"577",-107.808139999999995,36.445000000000000,Foreland,Bedded,Intrusive,North America,USA,Onshore,Proterozoic,Neoproterozoic,1000.00,0.00,,,,3.600000023841858,3.600000023841858,3.799999952316284,"41307",-42.949998855590827,-42.949998855590827,-41.099998474121094,-44.799999237060547,None,None,Bedded,None,Todilto,Jurassic,Callovian,"1"
San Luis,582.00000,No,"578",-106.030959999999993,37.342790000000001,Rift,None,Extrusive,North America,USA,Onshore,Mississippian,Tournaisian,358.90,0.00,,,,0.858619918333639,0.250000007450581,2.000000000000000,"16849",-45.242696320522022,-45.204999923706055,-42.090000152587891,-48.049999237060547,None,None,None,None,,,,"0"
Sandakan,583.00000,No,"579",118.354650000000007,6.301050000000000,Backarc - Marginal Sea,None,Extrusive,Asia,"Malaysia, Philippines",On-Offshore,Eocene,Ypresian,56.00,0.00,6.332000000000000,2.543110501152738,2.123000000000000,2.099999994039536,2.099999994039536,3.500000000000000,"35029",-28.979999542236328,-28.979999542236328,-28.000000000000000,-29.959999084472656,None,None,None,None,,,,"0"
Sanshui,585.00000,No,"581",113.349999999999994,22.829999999999998,Rift,None,Extrusive,Asia,China,On-Offshore,Jurassic,Oxfordian,163.50,0.00,1.065503000000000,0.869050609166667,1.002500000000000,0.066565659342008,0.009999999776483,0.200000002980232,"9968",-30.255601035685636,-29.920000076293945,-29.889999389648438,-31.319999694824219,None,None,None,None,,,,"0"
Santa Barbara-Ventura,586.00000,No,"582",-119.686019999999999,34.245530000000002,Strike-Slip,None,Extrusive,North America,USA,On-Offshore,Cretaceous,Berriasian,145.00,0.00,3.028441000000000,0.447781597435897,0.373000000000000,3.000000000000000,2.000000000000000,5.000000000000000,"19651",-27.440000534057617,-28.360000610351562,-24.590000152587891,-29.370000839233398,None,None,None,None,,,,"0"
Santa Fe,587.00000,No,"583",-106.111720000000005,35.848570000000002,Rift,None,Extrusive,North America,USA,Onshore,Mississippian,Tournaisian,358.90,0.00,,,,0.289733945686915,0.300000011920929,0.300000011920929,"3704",-38.896372235299346,-41.625000000000000,-36.299999237060547,-42.490001678466797,None,None,None,None,,,,"0"
Santa Maria,588.00000,No,"584",-120.952389999999994,34.910660000000000,Strike-Slip,None,Extrusive,North America,USA,On-Offshore,Cretaceous,Albian,113.00,0.00,2.123103000000000,0.417948994329897,0.408500050000000,1.408714322230508,1.049999952316284,2.500000000000000,"19809",-21.525009136587894,-22.389999389648438,-12.569999694824219,-24.659999847412109,None,None,None,None,,,,"0"
Sao Francisco,591.00000,No,"587",-45.129959999999997,-14.699439999999999,Intracratonic,None,Extrusive,South America,Brazil,Onshore,Proterozoic,Paleoproterozoic,2500.00,0.00,,,,0.242187503958121,0.200000002980232,0.600000023841858,"390953",-37.900624990463257,-37.545000076293945,-36.259998321533203,-40.610000610351562,None,None,None,None,,,,"0"
Sarawak-East Natuna,592.00000,No,"588",110.939329999999998,4.173780000000000,Fold and Thrust Belt,None,None,Asia,"Malaysia, Indonesia, Vietnam, Spratly Islands",On-Offshore,Cambrian,Cambrian Upper,497.00,0.00,8.869999999999999,5.011285994178476,5.440000000000000,4.014999973773956,4.349999904632569,8.000000000000000,"253076",-28.639000034332277,-29.000000000000000,-23.000000000000000,-31.940000534057617,None,None,None,None,,,,"0"
Satpura,593.00000,No,"589",78.303539999999998,22.818390000000001,Rift,Bedded,Extrusive,Asia,India,Onshore,Proterozoic,Mesoproterozoic,1600.00,0.00,,,,0.009999999776483,0.009999999776483,0.009999999776483,"17040",-43.819999694824219,-43.819999694824219,-40.029998779296875,-47.610000610351562,None,None,None,None,Mesoproterozoic,Proterozoic,Mesoproterozoic,"1"
Savory,595.00000,No,"591",123.078749999999999,-24.791740000000001,Intracratonic,Unknown,Unknown,South Pacific,Australia,Onshore,Proterozoic,Mesoproterozoic,1600.00,0.00,,,,1.738888877961371,1.050000011920929,5.199999809265138,"220226",-41.257222281561958,-41.180000305175781,-38.220001220703125,-47.610000610351562,Unknown,Unknown,Unknown,Unknown,,,,
Savu,596.00000,No,"592",122.059700000000007,-9.530390000000001,Forearc,Unknown,Extrusive,Asia,"Indonesia, Timor-Leste",On-Offshore,Oligocene,Rupelian,33.90,0.00,2.040414000000000,1.246147296977778,1.242000000000000,2.257142884390695,1.899999976158142,4.000000000000000,"98241",-24.908571515764510,-25.000000000000000,-20.000000000000000,-31.000000000000000,Unknown,Unknown,Unknown,Unknown,,,,
Sayun-Masila,598.00000,No,"594",48.527990000000003,15.675230000000001,Rift,Bedded,None,Middle East,Yemen,Onshore,Jurassic,Hettangian,201.30,0.00,,,,0.800000011920929,0.800000011920929,0.800000011920929,"39817",-29.767499923706055,-31.025000572204586,-23.969999313354492,-33.049999237060547,None,None,None,None,Rus,Eocene,Ypresian-Lutetian,"1"
Selous,601.00000,No,"597",36.882190000000001,-9.731629999999999,Rift,Unknown,Unknown,Africa,"Tanzania, Mozambique",Onshore,Permian,Asselian,298.90,0.00,,,,2.628571444324085,2.900000095367432,5.500000000000000,"77883",-39.591429029192241,-39.220001220703125,-36.750000000000000,-41.409999847412109,Unknown,Unknown,Unknown,Unknown,,,,
Sepik-Ramu,603.00000,No,"599",143.568309999999997,-4.181310000000000,Strike-Slip,None,None,Asia,"Papua New Guinea, Indonesia",Onshore,Jurassic,Oxfordian,163.50,0.00,0.543000000000000,0.542801372457575,0.541000000000000,1.733333349227905,1.500000000000000,2.500000000000000,"48446",-34.796667734781899,-34.810001373291016,-34.650001525878906,-34.930000305175781,None,None,None,None,,,,"0"
Seram,604.00000,No,"600",131.221710000000002,-3.337520000000000,Fold and Thrust Belt,Unknown,Unknown,Asia,Indonesia,On-Offshore,Triassic,Rhaetian,208.50,0.00,1.721000000000000,1.313953691510611,1.265000000000000,1.240000009536743,0.800000011920929,3.000000000000000,"73518",-25.600000000000001,-25.000000000000000,-24.000000000000000,-30.000000000000000,Unknown,Unknown,Unknown,Unknown,,,,
Shiwan-Dashan,608.00000,No,"604",108.170310000000001,22.371130000000001,Fold and Thrust Belt,Unknown,Unknown,Asia,China,Onshore,Devonian,Lochkovian,419.20,0.00,,,,0.069321169292374,0.009999999776483,0.100000001490116,"6614",-30.527516669315808,-31.040000915527344,-29.860000610351562,-39.209999084472656,Unknown,Unknown,Unknown,Unknown,,,,
Shortland-Russell-Indispensable,609.00000,No,"605",158.985950000000003,-8.476279999999999,Backarc - Marginal Sea,Unknown,Extrusive,South Pacific,Solomon Islands,On-Offshore,Oligocene,Chattian,28.10,0.00,2.542000000000000,0.603410450115607,0.587499950000000,1.474999984105428,1.500000000000000,2.349999904632568,"61537",-30.000000000000000,-30.000000000000000,-26.000000000000000,-32.000000000000000,Unknown,Unknown,Unknown,Unknown,,,,
Sibolga,611.00000,No,"607",98.217640000000003,1.192790000000000,Forearc,None,Extrusive,Asia,Indonesia,On-Offshore,Eocene,Ypresian,56.00,0.00,4.632000000000000,2.576552594164456,2.554000000000000,2.333333333333333,2.000000000000000,3.000000000000000,"37504",-28.666666666666668,-29.000000000000000,-27.000000000000000,-30.000000000000000,None,None,None,None,,,,"0"
Sichuan,612.00000,No,"608",106.056359999999998,30.427740000000000,Foreland,Bedded,Extrusive,Asia,China,Onshore,Proterozoic,Mesoproterozoic,1600.00,0.00,,,,5.843999986648560,6.199999809265138,9.500000000000000,"313501",-41.944399719238277,-41.380001068115234,-38.360000610351562,-48.959999084472656,None,Bedded,None,None,Olenekian-Ladinian,Triassic,Olenekian-Ladinian,"1"
Sierra Madre Oriental,613.00000,No,"609",-102.190150000000003,25.216930000000001,Fold and Thrust Belt,Mobile,Extrusive,Central America,Mexico,Onshore,Triassic,Carnian,237.00,0.00,,,,0.189500001817942,0.200000002980232,0.699999988079071,"233277",-37.345500183105472,-37.829999923706055,-33.540000915527344,-40.159999847412109,None,None,Mobile,Bedded,"Bathonian-Callovian; Albian","Jur., Cret.","Bathonian-Callovian; Albian","2"
Sinai,614.00000,No,"610",35.411279999999998,31.631940000000000,Strike-Slip,Bedded,Extrusive,Middle East,"Jordan, Israel, Syria, Lebanon",Onshore,Proterozoic,Neoproterozoic,1000.00,0.00,,,,3.250000000000000,3.250000000000000,4.000000000000000,"24795",-29.909999847412109,-29.909999847412109,-27.659999847412109,-32.159999847412109,None,Bedded,None,None,"Norian-Rhaetian; Aquitanian-Messinian","Tri., Mio.","Norian-Rhaetian; Aquitanian-Messinian","2"
Sinjar,615.00000,No,"611",40.967440000000003,36.564410000000002,Foreland,Bedded,Extrusive,Middle East,"Syria, Iraq, Turkey",Onshore,Ordovician,Tremadocian,485.40,0.00,,,,6.750000000000000,7.000000000000000,8.000000000000000,"41016",-35.159998893737793,-35.304998397827148,-34.279998779296875,-35.750000000000000,None,Bedded,None,None,"Anisian-Rhaetian; Serravallian-Tortonian","Tri., Mio.","Anisian-Rhaetian; Serravallian-Tortonian","2"
Sirte,616.00000,No,"612",20.961449999999999,28.018870000000000,Rift,Bedded,Extrusive,Africa,"Libya, Egypt, Chad",Onshore,Cambrian,Cambrian Lower,542.00,0.00,,,,1.928888894451989,1.700000047683716,5.000000000000000,"580961",-37.708888795640725,-38.409999847412109,-30.219999313354492,-42.470001220703125,None,None,None,Bedded,"Etel; Sabil; Hon","Cret., Paleo., Eo.,","Cenomanian-Turonian; Danian-Thanetian; Ypresian","3"
Solander,619.00000,No,"615",166.673200000000008,-46.521140000000003,Strike-Slip,Unknown,Unknown,South Pacific,New Zealand,On-Offshore,Cretaceous,Barremian,129.40,0.00,1.945000000000000,0.854169187026684,0.697000000000000,1.029999999063355,0.980000019073486,3.299999952316284,"76823",-21.137142590114049,-19.000000000000000,-10.529999732971191,-38.799999237060547,Unknown,Unknown,Unknown,Unknown,,,,
Solimoes,620.00000,No,"616",-67.256079999999997,-5.266290000000000,Intracratonic,Bedded,Extrusive,South America,"Brazil, Colombia, Peru, Bolivia",Onshore,Proterozoic,Neoproterozoic,1000.00,0.00,,,,1.359375001241763,1.200000047683716,3.000000000000000,"1164362",-40.911978960037231,-40.895000457763672,-36.959999084472656,-44.180000305175781,Bedded,None,None,None,"Kasimovian-Asselian; Rupelian","Penn., Perm., Oligo.","Kasimovian-Asselian; Rupelian","2"
Somalia,621.00000,No,"617",46.285490000000003,7.007300000000000,Passive Margin,Bedded,Extrusive,Africa,"Somalia, Ethiopia",On-Offshore,Pennsylvanian,Bashkirian,323.20,0.00,6.059602000000000,1.260516944260870,1.069500000000000,4.513636393980548,5.150000095367432,6.300000190734864,"278660",-27.893181757493451,-30.389999389648438,-14.489999771118164,-34.119998931884766,None,None,Bedded,Bedded,"Toarcian; Bajocian; Kimmeridgian; Main Gypsum; Cenomanian; Taleh","Jur., Cret., Eo.","Toarcian; Bajocian; Kimmeridgian; Berriasian-Barremian; Cenomanian; Lutetian-Bartonian","6"
Sorell,623.00000,No,"619",144.861819999999994,-42.367100000000001,Passive Margin,Unknown,Unknown,South Pacific,Australia,On-Offshore,Cretaceous,Berriasian,145.00,0.00,3.069000000000000,1.446340897442799,1.362000000000000,1.799999988079071,1.899999976158142,3.000000000000000,"77360",-25.084000015258788,-27.000000000000000,-16.020000457763672,-30.639999389648438,Unknown,Unknown,Unknown,Unknown,,,,
South Carnarvon,625.00000,No,"621",112.780240000000006,-25.397469999999998,Passive Margin,Bedded,None,South Pacific,Australia,On-Offshore,Cambrian,Cambrian Lower,542.00,0.00,3.657654000000000,1.189894368906685,1.239000000000000,2.722592592239380,2.900000095367432,5.500000000000000,"352442",-23.645925945705837,-24.639999389648438,-11.170000076293945,-38.150001525878906,None,None,None,None,Rhuddanian-Telychian,Silurian,Rhuddanian-Telychian,"1"
South Caspian,626.00000,No,"622",51.922460000000001,38.370899999999999,Backarc - Marginal Sea,None,Extrusive,Middle East,"Iran, Turkmenistan, Azerbaijan",On-Offshore,Jurassic,Hettangian,201.30,0.00,,,,13.025000000000000,13.500000000000000,20.000000000000000,"246872",-40.753999900817874,-39.449998855590827,-36.490001678466797,-46.889999389648438,None,None,None,None,,,,"0"
South Celebes,627.00000,No,"623",121.746690000000001,1.385260000000000,Backarc - Marginal Sea,Unknown,Unknown,Asia,Indonesia,On-Offshore,Cretaceous,Berriasian,145.00,0.00,1.907000000000000,1.384952680170941,1.373000000000000,0.133333336561918,0.100000001490116,0.300000011920929,"50979",-17.858333269755047,-20.000000000000000,-10.149999618530273,-23.000000000000000,Unknown,Unknown,Unknown,Unknown,,,,
South Cuba,629.00000,No,"625",-79.642939999999996,21.500000000000000,Strike-Slip,None,Extrusive,Central America,Cuba,On-Offshore,Jurassic,Hettangian,201.30,0.00,3.264000000000000,1.656623820224720,1.571000000000000,1.129999995231628,0.724999994039536,2.700000047683716,"100569",-23.779999923706050,-21.360000610351562,-19.149999618530273,-29.969999313354492,None,None,None,None,,,,"0"
South Falkland,630.00000,No,"626",-59.567050000000002,-52.880180000000003,Foreland,None,Extrusive,South America,"Falkland Islands, Argentina",On-Offshore,Devonian,Emsian,407.60,0.00,7.032000000000000,1.995182630849947,1.058000000000000,1.708571447857789,1.539999961853027,4.590000152587892,"82441",-30.857142857142858,-32.000000000000000,-27.000000000000000,-32.000000000000000,None,None,None,None,,,,"0"
South Java,633.00000,No,"629",112.542379999999994,-9.177910000000001,Forearc,None,Extrusive,Asia,Indonesia,On-Offshore,Eocene,Lutetian,47.80,0.00,2.278122000000000,0.781916508583568,0.789000000000000,2.536666678057776,2.500000000000000,5.000000000000000,"313580",-19.247777832878960,-17.309999465942383,-13.039999961853027,-31.690000534057617,None,None,None,None,,,,"0"
South Mahanadi,635.00000,No,"631",85.025409999999994,20.951020000000000,Rift,None,Extrusive,Asia,India,Onshore,Pennsylvanian,Bashkirian,323.20,0.00,,,,0.209685069462499,0.009999999776483,2.500000000000000,"7036",-37.409918984239027,-36.659999847412109,-33.000000000000000,-47.639999389648438,None,None,None,None,,,,"0"
South Makassar,636.00000,No,"632",118.574730000000002,-4.500750000000000,Backarc - Marginal Sea,None,Extrusive,Asia,Indonesia,On-Offshore,Paleocene,Danian,66.00,0.00,2.746000000000000,2.327734806629834,2.317000000000000,3.199999968210856,3.599999904632568,4.000000000000000,"50834",-31.000000000000000,-29.000000000000000,-29.000000000000000,-35.000000000000000,None,None,None,None,,,,"0"
South Park,638.00000,No,"634",-105.867959999999997,39.035249999999998,Foreland,None,Extrusive,North America,USA,Onshore,Cambrian,Cambrian Upper,497.00,0.00,,,,0.034759635758890,0.009999999776483,0.200000002980232,"3832",-47.288340074962257,-47.204999923706055,-46.000000000000000,-48.299999237060547,None,None,None,None,,,,"0"
South Sumatra,640.00000,No,"636",104.178299999999993,-2.680830000000000,Backarc - Marginal Sea,None,Extrusive,Asia,Indonesia,On-Offshore,Eocene,Bartonian,41.20,0.00,1.859412000000000,0.960517186476869,0.955000000000000,1.546153852572808,1.100000023841858,3.000000000000000,"152820",-31.774615654578575,-31.969999313354492,-30.000000000000000,-32.970001220703125,None,None,None,None,,,,"0"
Southeast Luzon,641.00000,No,"637",124.334540000000004,13.107720000000000,Forearc,Unknown,Extrusive,Asia,Philippines,On-Offshore,Oligocene,Rupelian,33.90,0.00,2.817000000000000,1.981901869892473,1.995500000000000,0.150000002235174,0.150000002235174,0.200000002980232,"21327",-26.989999771118164,-26.989999771118164,-24.000000000000000,-29.979999542236328,Unknown,Unknown,Unknown,Unknown,,,,
Southern Aegean,643.00000,No,"639",25.170480000000001,36.482050000000001,Backarc - Marginal Sea,Unknown,Extrusive,Europe,"Greece, Turkey",On-Offshore,Cretaceous,Maastrichtian,72.10,0.00,5.599329000000000,3.123771217099748,2.905754000000000,5.850000000000000,6.000000000000000,7.500000000000000,"105811",-27.427999687194824,-27.274999618530273,-24.079999923706055,-30.370000839233398,Unknown,Unknown,Unknown,Unknown,,,,
Springbok Flats,646.00000,No,"642",28.635290000000001,-25.113460000000000,Foreland,None,Extrusive,Africa,South Africa,Onshore,Pennsylvanian,Bashkirian,323.20,0.00,,,,0.233333339293798,0.200000002980232,0.300000011920929,"38100",-44.606665293375649,-43.669998168945312,-42.509998321533203,-47.639999389648438,None,None,None,None,,,,"0"
Subei,647.00000,No,"643",122.141559999999998,34.286349999999999,Intracratonic,Bedded,Extrusive,Asia,"China, South Korea, North Korea",On-Offshore,Proterozoic,Neoproterozoic,1000.00,0.00,6.176000000000000,1.877854149909255,1.468000000000000,1.388888888888889,1.000000000000000,4.500000000000000,"459663",-31.710277928246391,-31.994999885559086,-30.000000000000000,-34.000000000000000,Unknown,Bedded,Unknown,Unknown,Zhouchongcun,Triassic,Anisian,"1"
Sulu,648.00000,No,"644",120.336669999999998,5.957880000000000,Forearc,None,Extrusive,Asia,"Philippines, Malaysia",On-Offshore,Paleocene,Danian,66.00,0.00,3.197000000000000,1.487577769776876,1.363000000000000,1.149999994784594,0.949999988079071,2.500000000000000,"43545",-24.500000000000000,-25.000000000000000,-20.000000000000000,-28.000000000000000,None,None,None,None,,,,"0"
Sunda,649.00000,No,"645",106.305229999999995,-5.081680000000000,Backarc - Marginal Sea,None,Extrusive,Asia,Indonesia,On-Offshore,Triassic,Rhaetian,208.50,0.00,1.356031000000000,0.939973023314607,0.939000000000000,1.066666662693024,1.000000000000000,1.500000000000000,"42372",-30.326666514078777,-30.000000000000000,-30.000000000000000,-30.979999542236328,None,None,None,None,,,,"0"
Sunda Platform,650.00000,No,"646",107.302229999999994,0.778860000000000,Backarc - Marginal Sea,Unknown,Unknown,Asia,"Indonesia, Malaysia",On-Offshore,Triassic,Carnian,237.00,0.00,1.325000000000000,1.008948851659056,0.993000000000000,0.673913044774014,0.699999988079071,1.000000000000000,"299837",-29.129999990048617,-29.000000000000000,-28.989999771118164,-30.000000000000000,Unknown,Unknown,Unknown,Unknown,,,,
Sureste,651.00000,No,"647",-93.499539999999996,18.929430000000000,Passive Margin,Mobile,None,Central America,Mexico,On-Offshore,Triassic,Carnian,237.00,0.00,9.978001000000001,6.467290421917808,6.507000000000000,4.675000011920930,5.275000095367432,6.000000000000000,"132310",-27.943333307902019,-27.859999656677250,-16.989999771118164,-42.729999542236328,None,None,Mobile,Bedded,"Bathonian-Oxfordian; Coban","Jur., Cret.","Bathonian-Oxfordian; Hauterivian-Cenomanian","2"
Suruga,652.00000,No,"648",137.228049999999996,33.967590000000001,Forearc,Unknown,Unknown,Asia,Japan,On-Offshore,Eocene,Priabonian,37.80,0.00,2.681000000000000,1.139849930704225,1.040000000000000,0.560000002384186,0.680000007152557,0.699999988079071,"32232",-30.760000864664715,-30.329999923706055,-27.620000839233398,-34.330001831054688,Unknown,Unknown,Unknown,Unknown,,,,
Sydney,655.00000,No,"651",151.320179999999993,-33.555250000000001,Passive Margin,None,Extrusive,South Pacific,Australia,On-Offshore,Permian,Asselian,298.90,0.00,1.569000000000000,1.375214233400402,1.386000000000000,1.079999998956919,1.049999982118607,2.500000000000000,"108395",-33.742999839782712,-35.829999923706055,-22.000000000000000,-39.319999694824219,None,None,None,None,,,,"0"
Tadla,658.00000,No,"654",-7.240270000000000,32.430979999999998,Fold and Thrust Belt,Unknown,Unknown,Africa,Morocco,Onshore,Cambrian,Cambrian Lower,542.00,0.00,,,,0.200000002980232,0.200000002980232,0.200000002980232,"23899",-34.594999313354492,-34.594999313354492,-34.009998321533203,-35.180000305175781,Unknown,Unknown,Unknown,Unknown,,,,
Taiwan,659.00000,No,"655",119.232730000000004,23.456930000000000,Fold and Thrust Belt,None,Extrusive,Asia,"Taiwan, China",On-Offshore,Cretaceous,Maastrichtian,72.10,0.00,7.778000000000000,2.254904617780429,1.664500000000000,1.299999991697925,0.899999976158142,3.299999952316284,"88583",-33.642857142857146,-33.639999389648438,-26.000000000000000,-39.389999389648438,None,None,None,None,,,,"0"
Takutu,660.00000,No,"656",-60.516449999999999,3.355460000000000,Rift,Bedded,Unknown,South America,"Brazil, Guyana",Onshore,Jurassic,Hettangian,201.30,0.00,,,,0.305999999865890,0.009999999776483,1.000000000000000,"49295",-35.851999664306639,-35.849998474121094,-35.799999237060547,-35.900001525878906,None,None,Bedded,None,Pirara,Jurassic,Aalenian-Bajocian,"1"
Salaverry-Pisco-Lancones,661.00000,No,"657",-78.880409999999998,-9.604540000000000,Forearc,None,Extrusive,South America,"Peru, Ecuador",On-Offshore,Mississippian,Tournaisian,358.90,0.00,2.097000000000000,0.470219459013092,0.401500000000000,0.842105271000611,0.810000002384186,1.500000000000000,"228427",-26.040526239495527,-25.000000000000000,-12.000000000000000,-39.299999237060547,None,None,None,None,,,,"0"
Tamatave,662.00000,No,"658",48.952379999999998,-20.238730000000000,Passive Margin,Unknown,Unknown,Africa,Madagascar,On-Offshore,Cretaceous,Berriasian,145.00,0.00,1.609593000000000,0.913928422701149,0.947500000000000,1.088888876967960,1.000000000000000,2.099999904632568,"108482",-24.555555555555557,-24.000000000000000,-18.000000000000000,-30.000000000000000,Unknown,Unknown,Unknown,Unknown,,,,
Tampico-Misantla,663.00000,No,"659",-98.493700000000004,22.371610000000000,Foreland,None,Extrusive,Central America,Mexico,Onshore,Cambrian,Cambrian Lower,542.00,0.00,,,,4.599999904632568,4.699999809265138,5.000000000000000,"54599",-37.557499885559082,-37.844999313354499,-35.709999084472656,-38.830001831054688,None,None,None,None,,,,"0"
Tanganyika,664.00000,No,"660",29.494319999999998,-5.184900000000000,Rift,Unknown,Unknown,Africa,"Congo, Tanzania, Burundi, Zambia, Rwanda",Onshore,Oligocene,Chattian,28.10,0.00,,,,0.055000000633299,0.055000000633299,0.100000001490116,"40452",-37.235000610351562,-37.215000152587891,-31.930000305175781,-42.580001831054688,Unknown,Unknown,Unknown,Unknown,,,,
Tanimbar-Timor,665.00000,No,"661",128.658009999999990,-8.474100000000000,Foreland,Bedded,Extrusive,Asia,"Indonesia, Timor-Leste",On-Offshore,Permian,Asselian,298.90,0.00,1.845054000000000,1.251146931957774,1.261000000000000,0.885714309556144,0.600000023841858,1.700000047683716,"98564",-25.665714263916016,-25.000000000000000,-22.000000000000000,-32.000000000000000,None,None,None,None,Dartollu,"Eo., Oligo.",Bartonian-Rupelian,"1"
Tanintharyi,666.00000,No,"662",97.136730000000000,10.921799999999999,Backarc - Marginal Sea,Unknown,Unknown,Asia,"Myanmar, Thailand",On-Offshore,Eocene,Bartonian,41.20,0.00,4.525000000000000,3.125531613174748,3.009000000000000,2.512499991804361,2.000000000000000,6.500000000000000,"94095",-29.500000000000000,-30.000000000000000,-28.000000000000000,-30.000000000000000,Unknown,Unknown,Unknown,Unknown,,,,
Taoudeni,667.00000,No,"663",-7.510900000000000,21.723849999999999,Intracratonic,Bedded,Intrusive,Africa,"Mali, Mauritania, Algeria",Onshore,Proterozoic,Neoproterozoic,1000.00,0.00,,,,2.542857138032005,2.000000000000000,7.500000000000000,"1314766",-39.761238025483635,-39.659999847412109,-37.680000305175781,-45.180000305175781,None,None,None,None,Atar,Proterozoic,Neoproterozoic,"1"
Tarakan-Muara,668.00000,No,"664",118.125460000000004,3.033610000000000,Backarc - Marginal Sea,None,Extrusive,Asia,"Indonesia, Malaysia, Philippines",On-Offshore,Eocene,Ypresian,56.00,0.00,4.770000000000000,2.749210105882353,2.619500000000000,2.440000009536743,2.000000000000000,3.500000000000000,"61709",-30.386000061035155,-30.000000000000000,-30.000000000000000,-30.989999771118164,None,None,None,None,,,,"0"
Taranaki-Northland,669.00000,No,"665",171.949520000000007,-37.070760000000000,Backarc - Marginal Sea,None,Extrusive,South Pacific,New Zealand,On-Offshore,Jurassic,Aalenian,174.10,0.00,1.012000000000000,0.777616442503955,0.750000100000000,2.060000005093488,1.615000009536743,5.000000000000000,"284290",-20.839545553380791,-22.000000000000000,-14.220000267028809,-27.940000534057617,None,None,None,None,,,,"0"
Tarija,670.00000,No,"666",-62.212009999999999,-22.479559999999999,Foreland,Bedded,Extrusive,South America,"Argentina, Paraguay, Bolivia, Brazil",Onshore,Cambrian,Cambrian Upper,497.00,0.00,,,,2.382786881728250,2.000000000000000,8.000000000000000,"789455",-40.012950959752814,-40.790000915527344,-31.180000305175781,-43.950000762939453,None,None,None,None,Mealla,Paleocene,Danian-Thanetian,"1"
Tasmania,672.00000,No,"668",148.288659999999993,-42.990099999999998,Passive Margin,Unknown,Unknown,South Pacific,Australia,On-Offshore,Pennsylvanian,Bashkirian,323.20,0.00,1.723000000000000,1.113208544175137,1.089000000000000,1.562727280299772,1.700000047683716,3.299999952316284,"152659",-20.309999986128375,-17.000000000000000,-11.939999580383301,-29.829999923706055,Unknown,Unknown,Unknown,Unknown,,,,
Tehuantepec,674.00000,No,"670",-89.932419999999993,13.435470000000000,Forearc,None,Extrusive,Central America,"Mexico, Nicaragua, El Salvador, Guatemala, Costa Rica",On-Offshore,Mississippian,Visean,346.70,0.00,3.415548000000000,0.388563601997338,0.287000000000000,3.058749994728714,2.649999976158142,6.000000000000000,"206669",-24.495625138282776,-26.064999580383301,-15.310000419616699,-36.270000457763672,None,None,None,None,,,,"0"
Terraba-Tempisque,678.00000,No,"674",-84.309269999999998,9.323160000000000,Forearc,Unknown,Unknown,Central America,Costa Rica,On-Offshore,Cretaceous,Aptian,125.00,0.00,0.687000000000000,0.382705884928903,0.349500000000000,0.124226708319193,0.100000001490116,0.509999990463257,"12330",-30.062883831809177,-30.520000457763672,-18.000000000000000,-39.849998474121094,Unknown,Unknown,Unknown,Unknown,,,,
Timimoun-Ahnet,682.00000,No,"678",1.059040000000000,28.765619999999998,Foreland,None,Intrusive,Africa,Algeria,Onshore,Cambrian,Cambrian Lower,542.00,0.00,,,,3.221739139245904,3.500000000000000,6.000000000000000,"259512",-36.173478665559180,-35.810001373291016,-34.430000305175781,-39.680000305175781,None,None,None,None,,,,"0"
Tindouf,683.00000,No,"679",-7.183980000000000,28.436640000000001,Foreland,Bedded,Intrusive,Africa,"Algeria, Morocco, Western Sahara, Mauritania",Onshore,Cambrian,Cambrian Lower,542.00,0.00,,,,2.796521737037793,1.500000000000000,8.500000000000000,"296998",-38.512174025825828,-39.330001831054688,-33.169998168945312,-40.720001220703125,None,None,None,None,Visean-Serpukhovian,Mississippian,Visean-Serpukhovian,"1"
Tobago,684.00000,No,"680",-62.063859999999998,11.291100000000000,Strike-Slip,None,Extrusive,Central America,"Trinidad and Tobago, Venezuela, Grenada",On-Offshore,Cretaceous,Hauterivian,132.90,0.00,18.126000000000001,4.707739181411358,3.027000000000000,6.859999990463256,6.250000000000000,17.000000000000000,"50613",-22.822000122070310,-22.079999923706055,-21.520000457763672,-25.200000762939453,None,None,None,None,,,,"0"
Toki,686.00000,No,"682",135.101290000000006,33.295270000000002,Forearc,Unknown,Unknown,Asia,Japan,On-Offshore,Eocene,Lutetian,47.80,0.00,1.687000000000000,1.078155765326633,1.014000000000000,0.550000011920929,0.550000011920929,0.600000023841858,"18572",-31.334999084472656,-31.334999084472656,-29.000000000000000,-33.669998168945312,Unknown,Unknown,Unknown,Unknown,,,,
Tonle Sap,687.00000,No,"683",104.004890000000003,13.080240000000000,Strike-Slip,Unknown,Unknown,Asia,"Cambodia, Thailand",Onshore,Cretaceous,Cenomanian,100.50,0.00,,,,0.240000008046627,0.300000011920929,0.300000011920929,"55669",-32.971999740600587,-32.939998626708984,-31.809999465942383,-33.979999542236328,Unknown,Unknown,Unknown,Unknown,,,,
Tosa,688.00000,No,"684",133.651700000000005,32.706220000000002,Forearc,Unknown,Unknown,Asia,Japan,On-Offshore,Eocene,Lutetian,47.80,0.00,1.636000000000000,0.978427315859031,0.912000000000000,0.800538073146848,0.699999988079071,1.000000000000000,"19870",-28.099883834262059,-29.500000000000000,-13.630000114440918,-34.330001831054688,Unknown,Unknown,Unknown,Unknown,,,,
Townsville-Capricorn-Maryborough,689.00000,No,"685",152.398419999999987,-22.027049999999999,Passive Margin,None,Unknown,South Pacific,Australia,On-Offshore,Devonian,Lochkovian,419.20,0.00,1.765277000000000,0.892654564474318,0.897000000000000,1.878888885594077,1.650000035762787,5.000000000000000,"405985",-26.404166751437717,-28.000000000000000,-13.000000000000000,-36.319999694824219,None,None,None,None,,,,"0"
Toyama,690.00000,No,"686",137.563929999999999,37.536029999999997,Backarc - Marginal Sea,Unknown,Unknown,Asia,Japan,On-Offshore,Miocene,Aquitanian,23.03,0.00,3.242000000000000,1.391628046951219,1.243000000000000,0.352277415240602,0.350000008940697,0.800000011920929,"15061",-27.020184566584877,-27.739999771118164,-21.569999694824219,-33.709999084472656,Unknown,Unknown,Unknown,Unknown,,,,
Troubridge,693.00000,No,"689",138.308140000000009,-36.414740000000002,Passive Margin,Unknown,Unknown,South Pacific,Australia,On-Offshore,Jurassic,Oxfordian,163.50,0.00,2.542000000000000,1.726253127134725,1.724000000000000,1.000000000000000,0.750000000000000,2.000000000000000,"50647",-29.317500114440914,-29.819999694824219,-22.360000610351562,-35.270000457763672,Unknown,Unknown,Unknown,Unknown,,,,
Tsushima-Ulleung,695.00000,No,"691",130.903490000000005,35.095799999999997,Backarc - Marginal Sea,None,None,Asia,"Japan, South Korea",On-Offshore,Cretaceous,Santonian,86.30,0.00,8.837000000000000,2.595432776173287,2.143000000000000,1.883333325386047,1.699999988079071,3.500000000000000,"71465",-30.299999872843426,-30.059999465942383,-26.440000534057617,-35.500000000000000,None,None,None,None,,,,"0"
Tucano,697.00000,No,"693",-38.524700000000003,-10.634470000000000,Rift,Unknown,Unknown,South America,Brazil,Onshore,Cambrian,Cambrian Lower,542.00,0.00,,,,1.833333333333333,2.000000000000000,2.500000000000000,"27052",-34.580000559488930,-34.830001831054688,-32.340000152587891,-36.569999694824219,Unknown,Unknown,Unknown,Unknown,,,,
Tuira-Chucunaque,698.00000,No,"694",-79.421490000000006,8.262879999999999,Forearc,Unknown,Unknown,Central America,Panama,On-Offshore,Cretaceous,Cenomanian,100.50,0.00,0.827000000000000,0.524801804013378,0.519000000000000,0.009999999776483,0.009999999776483,0.009999999776483,"36270",-23.480000495910645,-23.480000495910645,-23.010000228881836,-23.950000762939453,Unknown,Unknown,Unknown,Unknown,,,,
Tularosa,699.00000,No,"695",-106.096900000000005,32.872860000000003,Rift,None,Extrusive,North America,USA,Onshore,Cambrian,Cambrian Middle,509.00,0.00,,,,1.158017022017632,0.800000011920929,2.500000000000000,"15020",-33.390316626303260,-35.704999923706055,-29.239999771118164,-40.990001678466797,None,None,None,None,,,,"0"
Tuli,700.00000,No,"696",29.384300000000000,-21.995560000000001,Rift,None,Extrusive,Africa,"Zimbabwe, Botswana, South Africa",Onshore,Pennsylvanian,Bashkirian,323.20,0.00,,,,0.032902587786107,0.009999999776483,0.100000001490116,"15842",-42.929241891966896,-42.510000228881829,-41.299999237060547,-50.159999847412109,None,None,None,None,,,,"0"
Tumaco,701.00000,No,"697",-78.045469999999995,2.652980000000000,Forearc,Unknown,Unknown,South America,"Colombia, Ecuador",On-Offshore,Jurassic,Callovian,166.10,0.00,2.120738000000000,0.521038779809976,0.484000000000000,2.416666666666667,2.500000000000000,4.500000000000000,"72619",-28.391666730244953,-28.345000267028809,-26.000000000000000,-30.659999847412109,Unknown,Unknown,Unknown,Unknown,,,,
Tuz Golu,705.00000,No,"701",32.899720000000002,38.774130000000000,Strike-Slip,Unknown,Extrusive,Middle East,Turkey,Onshore,Cretaceous,Campanian,83.60,0.00,,,,1.074999998013179,1.000000000000000,1.500000000000000,"70449",-36.373333613077797,-36.649999618530273,-35.130001068115234,-37.380001068115234,Unknown,Unknown,Unknown,Unknown,,,,
Ucayali,708.00000,No,"704",-74.356870000000001,-8.923380000000000,Foreland,Bedded,Extrusive,South America,"Peru, Brazil",Onshore,Ordovician,Tremadocian,485.40,0.00,,,,1.857692307577683,1.500000000000000,5.000000000000000,"296937",-41.537308032696068,-40.645000457763672,-38.240001678466797,-48.189998626708984,Bedded,Bedded,None,None,"Artinskian-Roadian; Induan-Olenekian","Perm., Tri.","Artinskian-Roadian; Induan-Olenekian","2"
Uinta,709.00000,No,"705",-109.807509999999994,39.845410000000001,Foreland,None,None,North America,USA,Onshore,Cambrian,Cambrian Lower,542.00,0.00,,,,3.137819299318450,3.000000000000000,4.000000000000000,"33423",-41.623795958357199,-42.159999847412109,-26.979999542236328,-44.979999542236328,None,None,None,None,,,,"0"
Ulua-Olancho,710.00000,No,"706",-87.000000000000000,15.000000000000000,Strike-Slip,Unknown,Extrusive,Central America,"Honduras, Guatemala",Onshore,Triassic,Induan,252.17,0.00,,,,0.167225125166235,0.100000001490116,0.400000005960464,"23039",-37.777034230163252,-37.414999008178711,-31.440000534057617,-43.909999847412109,Unknown,Unknown,Unknown,Unknown,,,,
Upper Egypt,714.00000,No,"710",30.881620000000002,26.562650000000001,Intracratonic,None,Extrusive,Africa,Egypt,Onshore,Cambrian,Cambrian Lower,542.00,0.00,,,,2.133333332008786,2.100000023841858,4.000000000000000,"234055",-32.243888749016655,-32.424999237060547,-29.299999237060547,-34.450000762939453,None,None,None,None,,,,"0"
Upper Magdalena,715.00000,No,"711",-75.180869999999999,3.422380000000000,Fold and Thrust Belt,None,Extrusive,South America,Colombia,Onshore,Triassic,Induan,252.17,0.00,,,,0.140000001837810,0.009999999776483,0.400000005960464,"23173",-58.069999694824219,-60.389999389648438,-53.400001525878906,-60.419998168945312,None,None,None,None,,,,"0"
Val Verde,717.00000,No,"713",-101.451870000000000,30.132700000000000,Foreland,None,Extrusive,North America,"USA, Mexico",Onshore,Cambrian,Cambrian Upper,497.00,0.00,,,,2.907399953365875,2.399999976158142,4.800000190734864,"16095",-40.903569325069093,-40.510000228881829,-35.720001220703125,-45.310001373291016,None,None,None,None,,,,"0"
Veracruz,718.00000,No,"714",-96.253270000000001,18.372669999999999,Passive Margin,Bedded,Extrusive,Central America,Mexico,Onshore,Jurassic,Pleinsbachian,190.80,0.00,8.119000000000000,7.940500000000000,7.970500000000000,2.949999988079071,2.500000000000000,5.000000000000000,"48269",-35.492499351501465,-35.644998550415039,-32.959999084472656,-37.720001220703125,None,None,None,Bedded,Aptian,Cretaceous,Aptian,"1"
Visayan,721.00000,No,"717",124.109719999999996,10.110730000000000,Forearc,Unknown,Extrusive,Asia,Philippines,On-Offshore,Cretaceous,Cenomanian,100.50,0.00,3.878000000000000,1.795600086355786,1.699000000000000,1.280000007152557,1.200000047683716,1.799999952316284,"71777",-30.777999877929688,-31.000000000000000,-30.000000000000000,-31.000000000000000,Unknown,Unknown,Unknown,Unknown,,,,
Vizcaino,722.00000,No,"718",-115.325389999999999,28.818919999999999,Forearc,Unknown,Extrusive,Central America,Mexico,On-Offshore,Jurassic,Oxfordian,163.50,0.00,1.551652000000000,0.349597695645604,0.336000000000000,1.114285715988704,0.699999988079071,3.000000000000000,"89368",-26.718571526663645,-27.440000534057617,-19.549999237060547,-32.000000000000000,Unknown,Unknown,Unknown,Unknown,,,,
Volta,724.00000,No,"720",-0.812720000000000,8.544040000000003,Rift,Unknown,Unknown,Africa,"Ghana, Togo",Onshore,Proterozoic,Neoproterozoic,1000.00,0.00,,,,1.324999995529652,1.149999976158142,2.000000000000000,"109205",-41.452499866485589,-41.829999923706055,-38.799999237060547,-41.880001068115234,Unknown,Unknown,Unknown,Unknown,,,,
Waipoga,726.00000,No,"722",135.604070000000007,-2.310630000000000,Strike-Slip,None,Extrusive,Asia,Indonesia,On-Offshore,Jurassic,Oxfordian,163.50,0.00,2.080409000000000,0.841507621238938,0.836000000000000,2.325000017881393,2.500000000000000,3.400000095367432,"50112",-32.712499618530273,-33.969999313354492,-28.000000000000000,-34.909999847412109,None,None,None,None,,,,"0"
Walton,727.00000,No,"723",-78.211020000000005,17.822120000000002,Strike-Slip,Unknown,Unknown,Central America,Jamaica,On-Offshore,Cretaceous,Valanghian,139.80,0.00,2.035000000000000,1.335571637417219,1.132500000000000,2.016666650772095,2.250000000000000,2.500000000000000,"30278",-14.126666704813639,-14.500000000000000,-12.390000343322754,-15.489999771118164,Unknown,Unknown,Unknown,Unknown,,,,
Walvis,728.00000,No,"724",12.562650000000000,-21.456560000000000,Passive Margin,Unknown,Unknown,Africa,Namibia,On-Offshore,Jurassic,Oxfordian,163.50,0.00,3.018000000000000,1.000892352459815,0.882000000000000,1.651764706653707,1.470000028610229,3.210000038146973,"195905",-26.501764634076288,-28.000000000000000,-18.000000000000000,-31.920000076293945,Unknown,Unknown,Unknown,Unknown,,,,
Wanganui,729.00000,No,"725",173.944649999999996,-40.381079999999997,Strike-Slip,Unknown,Extrusive,South Pacific,New Zealand,On-Offshore,Cretaceous,Barremian,129.40,0.00,0.737000100000000,0.672951371322161,0.677000000000000,2.383333325386047,2.250000000000000,4.500000000000000,"65036",-27.921666781107582,-28.845000267028809,-21.850000381469727,-31.159999847412109,Unknown,Unknown,Unknown,Unknown,,,,
Wasatch Plateau,730.00000,No,"726",-111.083969999999994,39.272219999999997,Foreland,None,None,North America,USA,Onshore,Cambrian,Cambrian Lower,542.00,0.00,,,,2.399999976158142,2.399999976158142,3.000000000000000,"13787",-34.569999694824219,-34.569999694824219,-26.979999542236328,-42.159999847412109,None,None,None,None,,,,"0"
Weddell,732.00000,No,"728",-51.848210000000002,-76.192340000000002,Passive Margin,Unknown,Extrusive,Antarctica,Antarctica,On-Offshore,Jurassic,Hettangian,201.30,0.00,14.000000000000000,5.920150542871136,5.462954500000000,1.419136168896105,0.800000011920929,5.300000190734864,"8349472",-26.783206471936072,-29.549999237060547,-10.109999656677246,-35.619998931884766,Unknown,Unknown,Unknown,Unknown,,,,
West Coast,736.00000,No,"732",169.312849999999997,-40.907660000000000,Passive Margin,None,Extrusive,South Pacific,New Zealand,On-Offshore,Pennsylvanian,Moscovian,315.20,0.00,1.017000000000000,0.673995727559829,0.704000100000000,1.211612908349883,0.800000011920929,4.500000000000000,"365051",-25.656129098707630,-26.000000000000000,-15.600000381469727,-35.200000762939453,None,None,None,None,,,,"0"
West Java,738.00000,No,"734",108.522840000000002,-6.031480000000000,Backarc - Marginal Sea,None,Extrusive,Asia,Indonesia,On-Offshore,Eocene,Ypresian,56.00,0.00,1.729643000000000,1.017659099717514,1.013000000000000,1.587499983608723,1.600000023841858,2.299999952316284,"80676",-30.294999837875370,-30.000000000000000,-29.000000000000000,-31.719999313354492,None,None,None,None,,,,"0"
West Luzon,740.00000,No,"736",119.728009999999998,14.542619999999999,Backarc - Marginal Sea,Unknown,Unknown,Asia,Philippines,On-Offshore,Miocene,Tortonian,11.63,0.00,4.227000000000001,2.114880310727970,1.961000000000000,1.899999976158142,1.899999976158142,2.000000000000000,"24652",-15.000000000000000,-15.000000000000000,-13.000000000000000,-17.000000000000000,Unknown,Unknown,Unknown,Unknown,,,,
West Mindoro-Cuyo,741.00000,No,"737",120.874719999999996,11.553250000000000,Backarc - Marginal Sea,Unknown,Unknown,Asia,Philippines,On-Offshore,Jurassic,Oxfordian,163.50,0.00,1.934000000000000,1.081055558956916,1.018000000000000,0.766666670640310,1.000000000000000,1.000000000000000,"40373",-23.666666666666668,-25.000000000000000,-20.000000000000000,-26.000000000000000,Unknown,Unknown,Unknown,Unknown,,,,
West Palawan,742.00000,No,"738",117.073340000000002,10.592150000000000,Backarc - Marginal Sea,None,None,Asia,"Philippines, Spratly Islands",On-Offshore,Cretaceous,Maastrichtian,72.10,0.00,7.231000000000000,2.334471810026620,2.137000000000000,1.133333329359690,1.000000000000000,2.500000000000000,"194146",-22.207333310445151,-23.000000000000000,-11.109999656677246,-23.000000000000000,None,None,None,None,,,,"0"
West San Jorge,744.00000,No,"740",-70.618129999999994,-45.745130000000003,Foreland,Unknown,Unknown,South America,"Argentina, Chile",Onshore,Triassic,Carnian,237.00,0.00,,,,1.500000000000000,1.500000000000000,3.000000000000000,"58772",-34.461666742960610,-34.319999694824219,-33.360000610351562,-36.139999389648438,Unknown,Unknown,Unknown,Unknown,,,,
Wiso,753.00000,No,"749",132.277909999999991,-18.901119999999999,Intracratonic,Unknown,Unknown,South Pacific,Australia,Onshore,Proterozoic,Neoproterozoic,1000.00,0.00,,,,0.471428581646511,0.500000000000000,0.699999988079071,"184320",-42.292143140520366,-42.010000228881829,-39.250000000000000,-46.250000000000000,Unknown,Unknown,Unknown,Unknown,,,,
Yamagata,754.00000,No,"750",140.325320000000005,38.576110000000000,Backarc - Marginal Sea,None,Unknown,Asia,Japan,Onshore,Miocene,Aquitanian,23.03,0.00,,,,0.500000000000000,0.500000000000000,0.500000000000000,"1622",-27.969999313354492,-27.969999313354492,-27.969999313354492,-27.969999313354492,None,None,None,None,,,,"0"
Yamato,755.00000,No,"751",135.120499999999993,36.485129999999998,Backarc - Marginal Sea,None,Extrusive,Asia,Japan,On-Offshore,Miocene,Aquitanian,23.03,0.00,2.188000000000000,0.671875387220630,0.529500000000000,0.866666674613953,0.750000000000000,1.500000000000000,"62841",-28.461667060852051,-27.220000267028809,-23.940000534057617,-33.709999084472656,None,None,None,None,,,,"0"
Yinggehai-Song Hong,759.00000,No,"755",107.255970000000005,18.573770000000000,Strike-Slip,None,Extrusive,Asia,"Vietnam, China",On-Offshore,Devonian,Lochkovian,419.20,0.00,13.032000000000000,6.183098030232558,5.728000000000000,2.570000001788139,2.500000000000000,6.000000000000000,"124365",-32.889000320434569,-32.850000381469727,-31.770000457763672,-34.630001068115234,None,None,None,None,,,,"0"
Yokote,760.00000,No,"756",140.505599999999987,39.380409999999998,Backarc - Marginal Sea,Unknown,Unknown,Asia,Japan,Onshore,Miocene,Aquitanian,23.03,0.00,,,,1.200000047683716,1.200000047683716,1.200000047683716,"1276",-29.620000839233398,-29.620000839233398,-29.620000839233398,-29.620000839233398,Unknown,Unknown,Unknown,Unknown,,,,
Yucatan,761.00000,No,"757",-87.932569999999998,18.927869999999999,Strike-Slip,Bedded,None,Central America,"Mexico, Cuba, Belize",On-Offshore,Jurassic,Oxfordian,163.50,0.00,3.207000000000000,1.657492102130177,1.302000000000000,1.783333331346512,1.274999976158142,3.500000000000000,"81102",-24.093333562215168,-23.505000114440914,-21.930000305175781,-26.750000000000000,None,None,None,Bedded,"Icaiche; Barremian-Cenomanian","Cret., Paleo., Eo.","Barremian-Cenomanian; Danian-Priabonian","2"
Zagros,763.00000,No,"759",50.431510000000003,30.654389999999999,Fold and Thrust Belt,Mobile,Extrusive,Middle East,"Iran, Iraq, Turkey, Syria, Oman",On-Offshore,Proterozoic,Neoproterozoic,1000.00,0.00,8.459854000000000,4.078015299113081,3.972394000000000,1.764193548250102,0.009999999776483,10.000000000000000,"394180",-41.521935616770101,-41.470001220703125,-35.979999542236328,-45.439998626708984,Bedded,Bedded,Bedded,None,"Hormuz; Khuff; Dashtak; Adaiyah; Alan; Hith-Gotnia; Rus; Fars","Protero., Cam., Perm., Tri., Jur., Eo., Mio., Plio.","Neoproterozoic-Waucoban; Wordian-Changhsingian; Carnian-Rhaetian; Pliensbachian; Toarcian; Kimmeridgian-Tithonian; Ypresian-Lutetian; Aquitanian-Piacenzian","8"
Zaire,764.00000,No,"760",20.896280000000001,-0.663530000000000,Intracratonic,Bedded,Intrusive,Africa,"Congo, Angola, Gabon, Central African Republic",Onshore,Proterozoic,Mesoproterozoic,1600.00,0.00,,,,2.906140348890371,2.500000000000000,9.000000000000000,"1418773",-39.611841937951873,-40.534999847412109,-33.529998779296875,-42.689998626708984,None,None,None,None,Mbandaka,Cambrian,Furongian,"1"
Zuni,768.00000,No,"764",-108.585639999999998,34.836849999999998,Foreland,None,Extrusive,North America,USA,Onshore,Cambrian,Cambrian Lower,542.00,0.00,,,,1.110358541918401,1.199999988079071,1.500000000000000,"13226",-38.501965110812115,-38.774999618530273,-34.840000152587891,-39.650001525878906,None,None,None,None,,,,"0"
Anabar-Lena,27.00000,No,"27",119.145259999999993,72.203320000000005,Foreland,Bedded,Extrusive,Asia,Russia,Onshore,Proterozoic,Paleoproterozoic,2500.00,0.00,1.662334000000000,1.076547864583333,0.878447100000000,3.227027010273289,3.299999952316284,5.199999809265138,"474752",-38.248378341262402,-37.909999847412109,-34.939998626708984,-41.810001373291016,None,None,None,None,Eifelian-Givetian,Devonian,Eifelian-Givetian,"1"
Aquitaine-Bay of Biscay,41.00000,No,"40",-1.973480000000000,45.222760000000001,Passive Margin,Mobile,Extrusive,Europe,"France, Spain",On-Offshore,Cambrian,Cambrian Lower,542.00,0.00,12.080000000000000,2.407553779602768,1.053500000000000,1.861999997198582,1.149999976158142,4.750000000000000,"300315",-28.598799743652343,-29.100000381469727,-21.229999542236328,-34.389999389648438,None,Mobile,Mobile,None,Carnian-Toarcian,"Tri., Jur.",Carnian-Toarcian,"1"
Balearic,58.00000,No,"57",1.828540000000000,39.833790000000000,Passive Margin,Bedded,Extrusive,Europe,Spain,On-Offshore,Triassic,Induan,252.17,0.00,5.391015000000000,2.219640336591186,2.065203000000000,2.833333321412404,3.000000000000000,4.500000000000000,"178409",-22.380666478474936,-21.670000076293945,-17.129999160766602,-29.139999389648438,None,Bedded,None,None,"Carnian-Norian; Aquitanian","Tri., Mio.","Carnian-Norian; Aquitanian","2"
Baltimore Canyon,61.00000,No,"60",-74.127240000000000,37.903700000000001,Passive Margin,Mobile,Intrusive,North America,USA,On-Offshore,Triassic,Carnian,237.00,0.00,15.102000000000000,6.161813278640778,6.542000000000000,5.520370348736092,6.099999904632568,12.500000000000000,"327582",-25.225926046018248,-27.709999084472656,-15.859999656677246,-34.450000762939453,None,Mobile,None,None,Carnian-Rhaetian,Triassic,Carnian-Rhaetian,"1"
Banks,64.00000,No,"63",-123.619619999999998,73.775700000000001,Passive Margin,Unknown,Unknown,North America,Canada,On-Offshore,Devonian,Lochkovian,419.20,0.00,12.456610000000001,5.114491001335902,2.625705500000000,4.737222251627180,3.750000000000000,10.300000190734863,"1125579",-34.034111107720271,-33.764999389648438,-20.000000000000000,-45.000000000000000,Unknown,Unknown,Unknown,Unknown,,,,
Barents Platform,66.00000,No,"65",30.971190000000000,77.652169999999998,Passive Margin,Bedded,Extrusive,Europe,"Svalbard, Russia, Norway",On-Offshore,Devonian,Lochkovian,419.20,0.00,12.300000000000001,4.031827905500898,3.847862000000000,3.283629884711364,3.000000000000000,10.000000000000000,"3530069",-28.922597810466943,-32.849998474121094,-11.500000000000000,-38.599998474121094,Bedded,None,None,None,"Falk; Orn","Penn., Perm.","Bashkirian-Gzhelian; Gzhelian-Sakmarian","2"
Beaufort-Mackenzie,71.00000,No,"70",-134.550459999999987,70.149709999999999,Passive Margin,None,None,North America,"Canada, USA",On-Offshore,Proterozoic,Neoproterozoic,1000.00,0.00,18.064540000000001,11.733018870648671,12.536770000000001,8.973958318432175,10.100000381469727,12.750000000000000,"586957",-27.653541723887127,-28.000000000000000,-19.079999923706055,-37.409999847412109,None,None,None,None,,,,"0"
West Barents,735.00000,No,"731",24.000000000000000,73.000000000000000,Passive Margin,Mobile,Unknown,Europe,"Norway, Russia, Svalbard",On-Offshore,Proterozoic,Neoproterozoic,1000.00,0.00,15.955840000000000,7.837807913097632,8.219825999999999,6.013297879949530,6.000000000000000,12.500000000000000,"1139881",-31.235212752159605,-32.084999084472656,-12.329999923706055,-39.310001373291016,Mobile,None,None,None,"Falk; Orn","Penn., Perm.","Bashkirian-Gzhelian; Gzhelian-Sakmarian","2"
Crimea-Karkinit,164.00000,No,"163",31.370600000000000,45.446179999999998,Foreland,Bedded,Extrusive,Europe,"Ukraine, Romania, Moldova",On-Offshore,Proterozoic,Neoproterozoic,1000.00,0.00,8.867247000000001,4.765491865794980,4.526421000000000,3.159999990463257,3.000000000000000,7.000000000000000,"181740",-39.709333546956373,-40.560001373291016,-33.150001525878906,-42.509998321533203,Bedded,Bedded,Bedded,None,"Frasnian-Tournaisian; Sakmarian-Changhsingian; Norian-Rhaetian; Tithonian","Dev., Miss., Perm., Tri., Jur.","Frasnian-Tournaisian; Sakmarian-Changhsingian; Norian-Rhaetian; Tithonian","4"
East Baffin Bay,191.00000,No,"190",-58.680509999999998,72.210830000000001,Passive Margin,None,Extrusive,North America,"Greenland, Canada",On-Offshore,Proterozoic,Neoproterozoic,1000.00,0.00,8.829414000000000,2.990884466773375,3.218241000000000,3.264637679104572,3.799999952316284,5.199999809265138,"868917",-27.405941990838535,-33.000000000000000,-12.000000000000000,-39.000000000000000,None,None,None,None,,,,"0"
East Pontides,202.00000,No,"201",37.211689999999997,41.308140000000002,Fold and Thrust Belt,None,Extrusive,Middle East,Turkey,On-Offshore,Silurian,Sheinwoodian,433.40,0.00,8.536152000000000,5.606545145833334,5.573218000000000,1.836666666592161,1.500000000000000,4.000000000000000,"70069",-36.836666107177734,-35.119998931884766,-34.389999389648438,-41.000000000000000,None,None,None,None,,,,"0"
Georges Bank,239.00000,No,"238",-67.538179999999997,42.210549999999998,Passive Margin,Mobile,Unknown,North America,"USA, Canada",On-Offshore,Mississippian,Tournaisian,358.90,0.00,13.295000000000000,3.572596293196309,2.490686500000000,3.119230771007446,2.125000000000000,8.000000000000000,"322110",-27.956153869628906,-28.984999656677250,-16.110000610351562,-38.450000762939453,None,Mobile,None,None,Carnian-Rhaetian,Triassic,Carnian-Rhaetian,"1"
Grand Banks,247.00000,No,"246",-50.059350000000002,46.220129999999997,Passive Margin,Mobile,None,North America,"Canada, St. Pierre and Miquelon",On-Offshore,Triassic,Carnian,237.00,0.00,12.747000000000000,2.342397357766102,1.676000000000000,2.399999995432470,1.600000023841858,7.750000000000000,"568855",-28.355217581209928,-28.750000000000000,-13.000000000000000,-39.500000000000000,None,Mobile,Mobile,None,Argo,"Tri., Jur.",Rhaetian-Sinemurian,"1"
Ionian,291.00000,No,"289",20.277439999999999,38.981720000000003,Foreland,Mobile,None,Europe,"Greece, Albania, Italy",On-Offshore,Triassic,Induan,252.17,0.00,6.392971000000000,4.544861675090250,4.480870500000000,3.666666666666667,4.750000000000000,6.000000000000000,"85384",-33.043333689371742,-33.170001029968262,-29.229999542236328,-36.290000915527344,None,Mobile,None,None,Induan-Ladinian,Triassic,Induan-Ladinian,"1"
Kansk,306.00000,No,"304",98.136160000000004,57.161250000000003,Foreland,Unknown,Unknown,Asia,Russia,Onshore,Proterozoic,Paleoproterozoic,2500.00,0.00,,,,5.336000003814698,5.500000000000000,7.000000000000000,"285808",-40.329599914550784,-39.709999084472656,-38.619998931884766,-43.729999542236328,Unknown,Unknown,Unknown,Unknown,,,,
Labrador,338.00000,No,"335",-59.582120000000003,60.289290000000001,Passive Margin,None,Extrusive,North America,"Canada, Greenland",On-Offshore,Cretaceous,Hauterivian,132.90,0.00,11.263999999999999,3.534814789044296,3.131819000000000,4.033521132018995,3.500000000000000,10.500000000000000,"901860",-23.588309892466366,-23.600000381469727,-10.000000000000000,-40.240001678466797,None,None,None,None,,,,"0"
Laptev,351.00000,No,"348",126.654060000000001,75.105999999999995,Passive Margin,Bedded,Extrusive,Asia,Russia,On-Offshore,Proterozoic,Neoproterozoic,1000.00,0.00,10.538549999999997,3.824346651664197,3.542745000000000,2.255868262371528,1.500000000000000,8.000000000000000,"2111388",-32.310359315244021,-31.000000000000000,-28.899999618530273,-41.000000000000000,None,None,None,None,Pragian-Emsian,Devonian,Pragian-Emsian,"1"
Lincoln,361.00000,No,"358",-63.800849999999997,83.287000000000006,Passive Margin,Unknown,Unknown,North America,"Canada, Greenland",On-Offshore,Cambrian,Cambrian Lower,542.00,0.00,10.943620000000003,4.884803211816476,4.448479500000001,2.450111111667421,2.000000000000000,7.000000000000000,"1257977",-28.406222216288249,-28.000000000000000,-23.000000000000000,-36.299999237060547,Unknown,Unknown,Unknown,Unknown,,,,
Mezen,401.00000,No,"398",51.825270000000003,62.772150000000003,Rift,None,Extrusive,Asia,Russia,Onshore,Proterozoic,Paleoproterozoic,2500.00,0.00,3.844131000000000,2.756557200416671,3.144635000000000,3.024999999187209,3.000000000000000,4.000000000000000,"526800",-36.945454597473145,-36.549999237060547,-33.360000610351562,-42.270000457763672,None,None,None,None,,,,"0"
North Baffin Bay,454.00000,No,"451",-75.044430000000006,77.130200000000002,Passive Margin,Unknown,Unknown,North America,"Greenland, Canada",On-Offshore,Proterozoic,Neoproterozoic,1000.00,0.00,11.006570000000000,3.849334075074505,3.656531000000000,3.823589736930071,5.000000000000000,6.199999809265138,"498506",-26.115384493118679,-28.190000534057617,-15.000000000000000,-37.000000000000000,Unknown,Unknown,Unknown,Unknown,,,,
Tuapse-Sorokin,696.00000,No,"692",37.303530000000002,44.711640000000003,Fold and Thrust Belt,Unknown,Unknown,Asia,"Russia, Ukraine",On-Offshore,Proterozoic,Neoproterozoic,1000.00,0.00,11.891290000000001,8.767480652631583,8.808275999999999,8.666666666666666,8.000000000000000,12.000000000000000,"60380",-35.284999847412109,-35.055000305175781,-32.930000305175781,-37.389999389648438,Unknown,Unknown,Unknown,Unknown,,,,
North Kara,463.00000,No,"460",102.398849999999996,80.217389999999995,Passive Margin,Unknown,Unknown,Asia,Russia,On-Offshore,Cretaceous,Cenomanian,100.50,0.00,13.405680000000000,4.275173363614011,3.701292000000000,4.615815604495294,4.750000000000000,8.500000000000000,"3478323",-29.301702103716263,-31.000000000000000,-14.859999656677246,-36.979999542236328,Unknown,Unknown,Unknown,Unknown,,,,
North Slope,470.00000,No,"467",-163.450749999999999,71.847359999999995,Foreland,None,None,North America,"USA, Russia, Canada",On-Offshore,Mississippian,Tournaisian,358.90,0.00,16.773460000000000,5.401076546613414,4.055307500000000,3.882872937463265,3.500000000000000,11.000000000000000,"2168125",-31.156629741521172,-31.000000000000000,-21.000000000000000,-44.419998168945312,None,None,None,None,,,,"0"
Orphan,492.00000,No,"489",-51.784840000000003,50.992379999999997,Passive Margin,None,None,North America,Canada,On-Offshore,Triassic,Carnian,237.00,0.00,13.347000000000000,3.186931037158704,2.507500000000000,3.053437488677446,3.125000000000000,7.500000000000000,"431086",-28.027812600135803,-30.425000190734863,-8.890000343322754,-38.700000762939453,None,None,None,None,,,,"0"
Rioni,558.00000,No,"555",41.462130000000002,42.349950000000000,Fold and Thrust Belt,Bedded,Extrusive,Asia,"Georgia, Turkey, Russia",On-Offshore,Devonian,Eifelian,393.30,0.00,7.479355000000000,6.040182267515924,6.294533000000000,3.503333333258828,3.000000000000000,7.500000000000000,"34956",-41.123334248860679,-41.500000000000000,-39.240001678466797,-42.630001068115234,None,None,Bedded,None,Kimmeridgian-Tithonian,Jurassic,Kimmeridgian-Tithonian,"1"
Sakhalin-Okhotsk,574.00000,No,"570",146.064580000000007,54.443989999999999,Backarc - Marginal Sea,None,Extrusive,Asia,Russia,On-Offshore,Cretaceous,Aptian,125.00,0.00,5.028533000000000,1.937687561288949,1.760651000000000,2.141176473305506,2.000000000000000,6.500000000000000,"1055655",-27.497294100593120,-28.000000000000000,-21.000000000000000,-34.000000000000000,None,None,None,None,,,,"0"
Scotian,599.00000,No,"595",-60.097810000000003,44.324620000000003,Passive Margin,Mobile,None,North America,"Canada, St. Pierre and Miquelon",On-Offshore,Triassic,Carnian,237.00,0.00,11.063000000000001,5.753299121714518,6.614500000000000,5.457407423191602,7.000000000000000,9.750000000000000,"340675",-28.584814848723234,-28.809999465942383,-18.479999542236328,-36.319999694824219,None,Mobile,Mobile,None,Argo,"Tri., Jur.",Rhaetian-Sinemurian,"1"
East Barents,192.00000,No,"191",50.000000000000000,77.000000000000000,Intracratonic,Mobile,Extrusive,Asia,"Russia, Norway, Svalbard",On-Offshore,Proterozoic,Neoproterozoic,1000.00,0.00,17.004549999999998,11.935563385629772,12.985529999999997,6.791228076867890,6.800000190734864,12.000000000000000,"2155945",-34.953742456715013,-34.700000762939453,-31.000000000000000,-43.599998474121094,Mobile,None,None,None,"Falk; Orn","Penn., Perm.","Bashkirian-Gzhelian; Gzhelian-Sakmarian","2"
Southeast-Gulf of Lion,642.00000,No,"638",4.904420000000000,43.272649999999999,Passive Margin,Mobile,Extrusive,Europe,"France, Spain, Italy, Monaco",On-Offshore,Devonian,Frasnian,382.70,0.00,4.827607000000000,1.958075055792683,1.889872500000000,2.700000001324548,2.500000000000000,7.000000000000000,"113326",-26.723333358764648,-27.420000076293945,-19.739999771118164,-31.020000457763672,Bedded,Bedded,None,None,"Wuchiapingian-Changhsingian; Carnian-Rhaetian; Messinian","Perm., Tri., Mio.","Wuchiapingian-Changhsingian; Carnian-Rhaetian; Messinian","3"
Southern East Siberia,644.00000,No,"640",108.961209999999994,59.171010000000003,Foreland,Mobile,Extrusive,Asia,Russia,Onshore,Proterozoic,Paleoproterozoic,2500.00,0.00,,,,2.027962961165165,2.200000047683716,4.300000190734864,"1367880",-40.904814861438894,-40.625000000000000,-36.470001220703125,-48.529998779296875,None,None,None,None,Neoproterozoic-Albertian,"Protero., Cam.",Neoproterozoic-Albertian,"1"
Sverdrup,654.00000,No,"650",-101.275340000000000,79.218860000000006,Passive Margin,Mobile,Extrusive,North America,Canada,On-Offshore,Mississippian,Serpukhovian,330.90,0.00,14.010450000000001,4.870486937388678,5.093098000000000,5.387155198002364,5.099999904632568,12.000000000000000,"2928942",-34.139999981584218,-34.755001068115234,-22.000000000000000,-41.000000000000000,None,None,None,None,Otto Fiord,"Miss., Penn.",Serpukhovian-Bashkirian,"1"
Terpeniya Bay,677.00000,No,"673",143.859949999999998,48.212670000000003,Strike-Slip,None,Extrusive,Asia,Russia,On-Offshore,Cretaceous,Cenomanian,100.50,0.00,4.973000000000000,2.347274919453377,2.179000000000000,1.460000002384186,1.500000000000000,2.000000000000000,"58818",-33.138000106811525,-33.130001068115234,-30.149999618530273,-38.669998168945312,None,None,None,None,,,,"0"
Tyrrhenian Sea,707.00000,No,"703",12.291750000000000,41.839799999999997,Backarc - Marginal Sea,Bedded,Extrusive,Europe,"Italy, Vatican City",On-Offshore,Triassic,Norian,227.00,0.00,5.978903000000000,3.078572850550961,3.121241000000000,1.912500025704503,1.600000023841858,5.300000190734864,"95119",-25.671249866485596,-24.489999771118164,-22.149999618530273,-32.490001678466797,None,Bedded,None,None,Burano,Triassic,Carnian-Norian,"1"
West Baffin Bay,734.00000,No,"730",-73.065359999999998,72.988050000000001,Passive Margin,None,Extrusive,North America,"Canada, Greenland",On-Offshore,Proterozoic,Neoproterozoic,1000.00,0.00,11.007780000000000,3.483409741591087,2.504055000000000,2.959607857699488,2.950000047683716,6.300000190734864,"651632",-22.454509772506416,-21.629999160766602,-12.000000000000000,-36.500000000000000,None,None,None,None,,,,"0"
West Kamchatka,739.00000,No,"735",156.136869999999988,56.537080000000003,Backarc - Marginal Sea,Unknown,Extrusive,Asia,Russia,On-Offshore,Cretaceous,Aptian,125.00,0.00,6.781599000000000,2.391329664627452,2.177111000000000,2.169999997897281,2.000000000000000,6.699999809265138,"1091093",-31.230000008477106,-31.000000000000000,-24.000000000000000,-39.849998474121094,Unknown,Unknown,Unknown,Unknown,,,,
West Pontides,743.00000,No,"739",30.408860000000001,41.612990000000003,Fold and Thrust Belt,None,Extrusive,Middle East,"Turkey, Bulgaria",On-Offshore,Ordovician,Tremadocian,485.40,0.00,10.182100000000000,6.400026865168538,6.513363500000002,5.833333333333334,6.000000000000000,10.000000000000000,"66611",-30.643333435058594,-30.750000000000000,-27.819999694824219,-33.709999084472656,None,None,None,None,,,,"0"
Western Approaches,747.00000,No,"743",-5.171160000000000,49.133130000000001,Passive Margin,Mobile,Intrusive,Europe,"France, UK",On-Offshore,Devonian,Famennian,372.20,0.00,7.169000000000000,2.667449314772865,2.392000000000000,2.783333318101035,2.549999952316284,4.750000000000000,"156525",-30.376667022705082,-30.860000610351562,-27.649999618530273,-33.650001525878906,None,Mobile,None,None,Carnian-Rhaetian,Triassic,Carnian-Rhaetian,"1"
Akita-Tsugaru,10.00000,No,"10",139.702470000000005,40.366470000000000,Backarc - Marginal Sea,None,Extrusive,Asia,Japan,On-Offshore,Miocene,Aquitanian,23.03,0.00,1.744000000000000,0.972590921204188,0.988000050000000,0.699999988079071,0.699999988079071,0.899999976158142,"39269",-24.373333613077801,-26.000000000000000,-19.790000915527344,-27.329999923706055,None,None,None,None,,,,"0"
Alberta,13.00000,No,"13",-115.861670000000004,55.400269999999999,Foreland,Bedded,None,North America,"Canada, USA",Onshore,Proterozoic,Neoproterozoic,1000.00,0.00,,,,2.102384617881706,2.000000000000000,5.500000000000000,"1602675",-40.797307704045224,-40.520000457763672,-35.439998626708984,-49.060001373291016,None,None,None,None,Lochkovian-Eifelian,Devonian,Lochkovian-Eifelian,"1"
Aleutian,16.00000,No,"16",-171.209159999999997,53.335030000000003,Backarc - Marginal Sea,None,Extrusive,North America,USA,On-Offshore,Triassic,Induan,252.17,0.00,7.562000000000000,2.158461787001426,2.070500000000000,2.572727268392390,2.299999952316284,4.000000000000000,"121709",-21.727272727272727,-22.000000000000000,-13.000000000000000,-26.000000000000000,None,None,None,None,,,,"0"
Altai,18.00000,No,"18",92.431700000000006,45.571260000000002,Strike-Slip,Unknown,Unknown,Asia,Mongolia,Onshore,Jurassic,Hettangian,201.30,0.00,,,,0.070000000918905,0.100000001490116,0.100000001490116,"25009",-45.916666666666664,-46.099998474121094,-45.159999847412109,-46.490001678466797,Unknown,Unknown,Unknown,Unknown,,,,
Amak-Saint George,22.00000,No,"22",-168.136189000000002,56.194685000000000,Backarc - Marginal Sea,Unknown,Extrusive,North America,USA,On-Offshore,Jurassic,Hettangian,201.30,0.00,8.109999999999999,2.369452999096045,2.097000000000000,2.205555544959174,2.000000000000000,5.500000000000000,"236870",-28.520555602179638,-29.000000000000000,-22.000000000000000,-33.930000305175781,Unknown,Unknown,Unknown,Unknown,,,,
Amnak,24.00000,No,"24",-169.318680000000001,52.445850000000000,Forearc,None,Extrusive,North America,USA,On-Offshore,Triassic,Carnian,237.00,0.00,6.022188000000000,0.961629808506946,0.896500000000000,5.500000000000000,5.500000000000000,6.000000000000000,"49756",-20.442500114440914,-20.500000000000000,-15.770000457763672,-25.000000000000000,None,None,None,None,,,,"0"
Amu-Darya,25.00000,No,"25",61.170769999999997,38.958849999999998,Foreland,Mobile,Extrusive,Asia,"Turkmenistan, Uzbekistan, Afghanistan, Iran, Kazakhstan",Onshore,Cambrian,Cambrian Lower,542.00,0.00,,,,3.850980391689375,4.000000000000000,7.000000000000000,"617825",-41.913529639150582,-41.869998931884766,-37.200000762939453,-46.990001678466797,None,None,Mobile,None,"Kugitang; Gaurdak; Bukhara","Jur., Paleo.","Callovian-Oxfordian; Kimmeridgian-Tithonian; Danian-Thanetian","3"
Anadyr,30.00000,Yes,"29",-176.761519999999990,64.134619999999998,Passive Margin,None,Extrusive,Asia,Russia,On-Offshore,Cretaceous,Cenomanian,100.50,0.00,5.871000000000000,1.822447251574805,1.012000000000000,1.250000000827842,1.199999988079071,3.000000000000000,"215999",-30.989999983045792,-31.914999961853027,-29.000000000000000,-32.000000000000000,None,None,None,None,,,,"0"
Anderson-Peel Plain,33.00000,No,"32",-130.115150000000000,67.330500000000001,Foreland,Bedded,Extrusive,North America,Canada,Onshore,Proterozoic,Paleoproterozoic,2500.00,0.00,1.619524000000000,1.617414000000000,1.617414000000000,2.315625002607703,2.000000000000000,4.800000190734864,"402503",-36.104375123977661,-34.364999771118164,-33.700000762939453,-45.639999389648438,None,None,None,None,Saline River,Cambrian,Furongian,"1"
Angmagssalik,34.00000,No,"33",-30.144030000000001,66.918790000000001,Passive Margin,Bedded,Intrusive,North America,"Greenland, Iceland",On-Offshore,Devonian,Eifelian,393.30,0.00,7.657931000000000,1.509813372117994,1.100000000000000,1.948846148947875,1.925000011920929,5.300000190734864,"987414",-25.391666705791767,-25.710000038146973,-16.000000000000000,-39.450000762939453,None,Bedded,None,None,Induan-Olenekian,Triassic,Induan-Olenekian,"1"
Aniva,36.00000,No,"35",143.614030000000014,45.228679999999997,Backarc - Marginal Sea,Unknown,Unknown,Asia,"Japan, Russia",On-Offshore,Cretaceous,Cenomanian,100.50,0.00,4.293000000000000,1.957156064373089,1.728500000000000,0.819999992847443,1.000000000000000,1.299999952316284,"57997",-27.188000106811526,-25.329999923706055,-23.329999923706055,-33.950000762939453,Unknown,Unknown,Unknown,Unknown,,,,
Anticosti-Maritimes,38.00000,No,"37",-61.619059999999998,48.469650000000001,Strike-Slip,Mobile,Extrusive,North America,Canada,On-Offshore,Cambrian,Cambrian Lower,542.00,0.00,6.360756000000000,0.189516398131739,0.109000000000000,3.331250003073364,3.250000000000000,9.000000000000000,"238962",-40.011250138282776,-40.825000762939453,-29.809999465942383,-46.240001678466797,None,None,None,None,Windsor,Mississippian,Visean,"1"
Appalachian,40.00000,No,"39",-80.505709999999993,40.008159999999997,Foreland,Bedded,None,North America,"USA, Canada",On-Offshore,Proterozoic,Neoproterozoic,1000.00,0.00,,,,2.490784310936636,1.799999952316284,8.000000000000000,"670937",-43.087843390072095,-43.560001373291016,-31.530000686645508,-52.200000762939453,None,None,None,None,"Salina; Rome","Cam., Sil.","Waucoban-Furongian; Gorstian-Pridolian","2"
Atka,53.00000,No,"52",-175.588639999999998,51.571420000000003,Forearc,None,Extrusive,North America,USA,On-Offshore,Triassic,Carnian,237.00,0.00,3.283845000000000,0.978707268750001,1.096000000000000,4.883333365122478,5.000000000000000,5.500000000000000,"59517",-18.693333466847736,-18.595000267028809,-15.470000267028809,-23.000000000000000,None,None,None,None,,,,"0"
Azov-Kuban-North Caucasus,55.00000,No,"54",42.850890000000000,45.035899999999998,Foreland,Bedded,Extrusive,Asia,"Russia, Ukraine, Azerbaijan, Kazakhstan",On-Offshore,Mississippian,Serpukhovian,330.90,0.00,8.097985000000000,3.707819259429477,3.576359000000000,4.100000003973644,3.000000000000000,11.000000000000000,"544837",-40.975333065456816,-41.330001831054688,-32.509998321533203,-44.409999847412109,None,None,Bedded,None,Kimmeridgian-Tithonian,Jurassic,Kimmeridgian-Tithonian,"1"
Baikal,57.00000,No,"56",108.025509999999997,53.416020000000003,Rift,Unknown,Unknown,Asia,Russia,Onshore,Eocene,Bartonian,41.20,0.00,,,,1.216666658719381,1.149999976158142,2.500000000000000,"70053",-39.496667226155601,-38.350000381469727,-37.450000762939453,-45.770000457763672,Unknown,Unknown,Unknown,Unknown,,,,
Balkhash-Alakol,59.00000,No,"58",77.867220000000003,45.733220000000003,Strike-Slip,Unknown,Unknown,Asia,Kazakhstan,Onshore,Devonian,Lochkovian,419.20,0.00,,,,0.260666671519478,0.200000002980232,0.500000000000000,"179930",-41.937333170572920,-42.689998626708984,-38.880001068115234,-44.819999694824219,Unknown,Unknown,Unknown,Unknown,,,,
Baltic,60.00000,No,"59",21.548970000000001,56.381819999999998,Intracratonic,Bedded,Extrusive,Europe,"Latvia, Lithuania, Sweden, Poland, Estonia",On-Offshore,Proterozoic,Neoproterozoic,1000.00,0.00,4.588773000000000,1.603051156115235,1.289529500000000,1.259259261190891,0.949999988079071,4.000000000000000,"689583",-44.199259298819079,-44.514999389648438,-34.250000000000000,-50.029998779296875,Bedded,None,None,None,"Givetian; Wuchiapingian-Changhsingian","Dev., Perm.","Givetian; Wuchiapingian-Changhsingian","2"
Bear Lake Plain,70.00000,No,"69",-121.871489999999994,64.804800000000000,Foreland,Bedded,None,North America,Canada,Onshore,Proterozoic,Neoproterozoic,1000.00,0.00,,,,0.844444452474515,0.750000000000000,2.500000000000000,"436837",-37.724721961551239,-38.635000228881829,-30.739999771118164,-40.779998779296875,None,None,None,None,"Saline River; Pridolian-Pragian","Cam., Sil., Dev.","Furongian; Pridolian-Pragian","2"
Bellingham,75.00000,No,"74",-123.164140000000003,48.537340000000000,Forearc,None,Extrusive,North America,"USA, Canada",On-Offshore,Cretaceous,Cenomanian,100.50,0.00,1.478431000000000,0.889275257265918,0.896000000000000,0.975000023841858,0.850000023841858,1.700000047683716,"56303",-35.154998779296875,-35.344999313354492,-33.169998168945312,-36.759998321533203,None,None,None,None,,,,"0"
Beringa,81.00000,No,"80",167.659969999999987,54.329909999999998,Forearc,Unknown,Unknown,Asia,Russia,On-Offshore,Paleocene,Danian,66.00,0.00,1.103519000000000,0.541632304518073,0.546868000000000,0.200000006705523,0.200000006705523,0.300000011920929,"28659",-18.000000000000000,-18.000000000000000,-16.000000000000000,-20.000000000000000,Unknown,Unknown,Unknown,Unknown,,,,
Bethel,82.00000,No,"81",-166.697959999999995,59.495869999999996,Intracratonic,Unknown,Extrusive,North America,USA,On-Offshore,Mississippian,Tournaisian,358.90,0.00,3.415644000000000,1.006227885077949,0.999000000000000,1.943333327521880,1.649999976158142,4.000000000000000,"358677",-30.142666498819988,-30.380000114440914,-28.889999389648438,-31.000000000000000,Unknown,Unknown,Unknown,Unknown,,,,
Big Horn,85.00000,No,"84",-108.312600000000003,44.219870000000000,Foreland,None,Extrusive,North America,USA,Onshore,Cambrian,Cambrian Middle,509.00,0.00,,,,3.174860645092325,2.500000000000000,4.699999809265138,"29137",-45.251940052354378,-45.995000839233398,-38.450000762939453,-51.009998321533203,None,None,None,None,,,,"0"
Bohai Bay,93.00000,No,"92",118.363169999999997,38.878570000000003,Rift,Bedded,Extrusive,Asia,China,On-Offshore,Proterozoic,Mesoproterozoic,1600.00,0.00,6.785000000000000,2.405487789900812,2.216000000000000,3.121428586187817,2.700000047683716,9.000000000000000,"287071",-31.670476368495397,-31.989999771118164,-28.000000000000000,-38.040000915527344,None,None,None,None,Ypresian-Bartonian,Eocene,Ypresian-Bartonian,"1"
Boston,101.00000,No,"100",-71.041950000000000,42.355759999999997,Rift,None,Extrusive,North America,USA,On-Offshore,Triassic,Carnian,237.00,0.00,1.457000000000000,1.139303828750000,1.365500000000000,0.137746334582797,0.155000005848706,0.300000011920929,"2209",-29.473546041176860,-29.420000076293945,-28.969999313354492,-29.870000839233398,None,None,None,None,,,,"0"
Bowers,105.00000,No,"104",175.878340000000009,52.450080000000000,Backarc - Marginal Sea,Unknown,Extrusive,North America,"USA, Russia",On-Offshore,Cretaceous,Cenomanian,100.50,0.00,2.405000000000000,1.264804350740743,1.226500000000000,0.719999995827675,0.699999988079071,1.500000000000000,"47737",-20.199999999999999,-20.000000000000000,-18.000000000000000,-23.000000000000000,Unknown,Unknown,Unknown,Unknown,,,,
Bowser,106.00000,No,"105",-128.918389999999988,56.434519999999999,Backarc - Marginal Sea,Unknown,Extrusive,North America,"Canada, USA",Onshore,Triassic,Carnian,237.00,0.00,,,,6.142857142857144,7.000000000000000,10.000000000000000,"82816",-33.379999978201731,-32.389999389648438,-30.850000381469727,-37.810001373291016,Unknown,Unknown,Unknown,Unknown,,,,
Bresse,109.00000,No,"108",5.292420000000000,46.383440000000000,Rift,Bedded,Extrusive,Europe,France,Onshore,Pennsylvanian,Kasimovian,307.00,0.00,,,,0.600000003973643,0.500000000000000,1.000000000000000,"34092",-29.599999745686848,-30.129999160766602,-28.270000457763672,-30.399999618530273,None,None,None,None,Priabonian-Chattian,"Eo., Oligo.",Priabonian-Chattian,"1"
Bristol Bay,110.00000,No,"109",-159.389332999999993,57.946738000000003,Backarc - Marginal Sea,None,Extrusive,North America,USA,On-Offshore,Jurassic,Hettangian,201.30,0.00,3.445369000000000,1.205334824389076,1.159000000000000,1.200416670568908,0.849999994039536,3.500000000000000,"319939",-31.734166542689007,-31.965000152587891,-28.680000305175781,-37.819999694824219,None,None,None,None,,,,"0"
Bull Mountain,112.00000,No,"111",-108.131709999999998,46.524900000000002,Foreland,Bedded,None,North America,USA,Onshore,Proterozoic,Mesoproterozoic,1600.00,0.00,,,,2.350000023841858,2.350000023841858,2.700000047683716,"22823",-48.920000076293945,-48.920000076293945,-48.130001068115234,-49.709999084472656,None,None,None,None,Frasnian-Famennian,Devonian,Frasnian-Famennian,"1"
Cankiri,122.00000,No,"121",34.957210000000003,40.554490000000001,Strike-Slip,Unknown,Unknown,Middle East,Turkey,Onshore,Cretaceous,Cenomanian,100.50,0.00,,,,0.200000006705523,0.200000006705523,0.300000011920929,"30403",-35.854999542236328,-35.184999465942383,-35.020000457763672,-38.029998779296875,Unknown,Unknown,Unknown,Unknown,,,,
Cantabrian,124.00000,No,"123",-3.223480000000000,43.005090000000003,Fold and Thrust Belt,Mobile,Extrusive,Europe,Spain,Onshore,Pennsylvanian,Bashkirian,323.20,0.00,,,,3.021523045838014,2.500000000000000,4.750000000000000,"16951",-31.687136022079159,-32.725000381469727,-28.360000610351562,-35.669998168945312,None,Mobile,None,None,Carnian-Rhaetian,Triassic,Carnian-Rhaetian,"1"
Celtic Sea,132.00000,No,"131",-8.097110000000002,50.497909999999997,Passive Margin,Mobile,Extrusive,Europe,"Ireland, UK",On-Offshore,Ordovician,Tremadocian,485.40,0.00,9.082151000000000,2.104990061752818,2.018254000000000,2.043478266052578,1.899999976158142,3.750000000000000,"252038",-27.080434633337934,-27.110000610351562,-20.299999237060547,-33.509998321533203,None,Mobile,None,None,Anisian-Rhaetian,Triassic,Anisian-Rhaetian,"1"
Ejina,210.00000,No,"209",101.000000000000000,41.000000000000000,Strike-Slip,Unknown,Unknown,Asia,"China, Mongolia",Onshore,Jurassic,Hettangian,201.30,0.00,,,,0.278571432190282,0.200000002980232,0.500000000000000,"190538",-44.595713751656668,-44.864999771118171,-43.349998474121094,-45.369998931884766,Unknown,Unknown,Unknown,Unknown,,,,
Central Kamchatka,134.00000,No,"133",159.480529999999987,55.601869999999998,Strike-Slip,Unknown,Extrusive,Asia,Russia,On-Offshore,Cretaceous,Cenomanian,100.50,0.00,1.619590000000000,1.364354603768843,1.406533000000000,1.273636363616044,1.500000000000000,2.299999952316284,"122719",-35.859090631658383,-36.549999237060547,-30.000000000000000,-40.159999847412109,Unknown,Unknown,Unknown,Unknown,,,,
Central Nebraska,137.00000,No,"136",-99.215040000000002,42.170209999999997,Foreland,None,None,North America,USA,Onshore,Cambrian,Cambrian Lower,542.00,0.00,,,,0.900000018732888,1.000000000000000,1.200000047683716,"70607",-43.218571254185271,-45.299999237060547,-35.459999084472656,-47.430000305175781,None,None,None,None,,,,"0"
Central North Sea,138.00000,No,"137",1.976510000000000,56.875650000000000,Rift,Mobile,Extrusive,Europe,"UK, Norway, Netherlands, Denmark, Germany",Offshore,Devonian,Givetian,387.70,0.00,9.565000000000000,4.434007247422680,4.462657000000000,4.690909103913740,4.750000000000000,6.000000000000000,"142019",-28.447272560813211,-28.520000457763672,-25.180000305175781,-31.829999923706055,Mobile,None,None,None,Zechstein,Permian,Wuchiapingian-Changhsingian,"1"
Cheshire-Worcester,145.00000,No,"144",-2.000000000000000,52.000000000000000,Rift,Bedded,None,Europe,UK,Onshore,Devonian,Eifelian,393.30,0.00,1.768000000000000,1.768000000000000,1.768000000000000,1.149999976158142,1.149999976158142,1.399999976158142,"25010",-35.915000915527344,-35.915000915527344,-34.950000762939453,-36.880001068115234,None,Bedded,None,None,Wilkesley,Triassic,Carnian,"1"
Chu-Sarysu,151.00000,No,"150",70.348870000000005,44.720559999999999,Strike-Slip,Bedded,Extrusive,Asia,"Kazakhstan, Kyrgyzstan",Onshore,Devonian,Lochkovian,419.20,0.00,,,,2.373333330949147,2.299999952316284,4.000000000000000,"214968",-42.476000213623045,-42.040000915527344,-39.450000762939453,-47.310001373291016,Bedded,None,None,None,"Frasnian-Tournaisian; Roadian-Capitanian","Dev., Miss., Perm.","Frasnian-Tournaisian; Roadian-Capitanian","2"
Columbia,156.00000,No,"155",-119.258390000000006,46.759189999999997,Backarc - Marginal Sea,None,Extrusive,North America,USA,Onshore,Paleocene,Danian,66.00,0.00,,,,0.040000000347694,0.009999999776483,0.100000001490116,"98004",-34.497777726915146,-35.669998168945312,-27.510000228881836,-41.009998321533203,None,None,None,None,,,,"0"
Cook Inlet,159.00000,No,"158",-151.666190000000000,60.299889999999998,Forearc,None,Extrusive,North America,USA,On-Offshore,Triassic,Carnian,237.00,0.00,3.357867000000000,0.300556904962779,0.234000000000000,3.100000001490116,3.250000000000000,6.000000000000000,"70366",-38.257500410079963,-38.850000381469727,-28.200000762939453,-45.569999694824219,None,None,None,None,,,,"0"
Crazy Mountain,163.00000,No,"162",-109.775869999999998,45.703350000000000,Foreland,Bedded,Extrusive,North America,USA,Onshore,Proterozoic,Neoproterozoic,1000.00,0.00,,,,2.072885745390909,2.000000000000000,2.500000000000000,"26983",-46.177918626426695,-47.060001373291016,-34.990001678466797,-51.009998321533203,None,None,None,None,Potlatch,Devonian,Frasnian-Famennian,"1"
Cumberland,166.00000,No,"165",-65.491339999999994,65.148589999999999,Rift,Unknown,Unknown,North America,Canada,On-Offshore,Cambrian,Cambrian Lower,542.00,0.00,2.100128000000000,0.542963244483094,0.231750600000000,0.427500000689179,0.350000001490116,1.000000000000000,"53740",-36.875000000000000,-36.434999465942383,-35.819999694824219,-38.810001373291016,Unknown,Unknown,Unknown,Unknown,,,,
Danube-Graz,174.00000,No,"173",17.354550000000000,47.613790000000002,Strike-Slip,Unknown,Unknown,Europe,"Hungary, Slovakia, Austria, Slovenia",Onshore,Triassic,Carnian,237.00,0.00,,,,2.100000023841858,2.100000023841858,2.500000000000000,"36142",-29.819999694824219,-29.819999694824219,-28.340000152587891,-31.299999237060547,Unknown,Unknown,Unknown,Unknown,,,,
Davis,175.00000,No,"174",-52.697749999999999,63.444170000000000,Passive Margin,None,Extrusive,North America,"Greenland, Canada",On-Offshore,Cretaceous,Berriasian,145.00,0.00,7.133000000000000,1.926258789051063,1.707000000000000,2.083461544548090,2.250000000000000,5.000000000000000,"624825",-24.475192363445576,-26.500000000000000,-11.000000000000000,-39.330001831054688,None,None,None,None,,,,"0"
Denver,177.00000,No,"176",-103.696730000000002,40.429259999999999,Foreland,Bedded,None,North America,USA,Onshore,Cambrian,Cambrian Lower,542.00,0.00,,,,2.264285726206643,2.250000000000000,3.200000047683716,"181443",-45.904285975864958,-46.310001373291016,-43.459999084472656,-48.130001068115234,Bedded,None,None,None,Permian,Permian,Asselian-Changhsingian,"1"
Dnieper-Donets,182.00000,No,"181",33.579210000000003,50.155900000000003,Rift,Mobile,Extrusive,Europe,"Ukraine, Russia, Belarus",Onshore,Devonian,Eifelian,393.30,0.00,,,,3.347619045348394,3.000000000000000,8.000000000000000,"284418",-41.822380974179225,-41.169998168945312,-39.360000610351562,-45.250000000000000,Mobile,None,None,None,Kramatorskaya,"Dev., Perm.","Frasnian-Famennian; Sakmarian","2"
Drava,186.00000,No,"185",18.210000000000001,45.560000000000002,Strike-Slip,Unknown,Unknown,Europe,"Croatia, Serbia, Hungary, Bosnia and Herzegovina",Onshore,Triassic,Carnian,237.00,0.00,,,,1.233782975697534,1.299999952316284,2.500000000000000,"30598",-27.776482586096563,-28.440000534057617,-26.440000534057617,-31.850000381469727,Unknown,Unknown,Unknown,Unknown,,,,
Duero-Almazan,188.00000,No,"187",-4.859680000000000,41.829180000000001,Foreland,Unknown,Unknown,Europe,Spain,Onshore,Pennsylvanian,Bashkirian,323.20,0.00,,,,1.050000001986821,1.000000000000000,2.200000047683716,"70115",-32.044999758402504,-31.769999504089355,-31.379999160766602,-32.959999084472656,Unknown,Unknown,Unknown,Unknown,,,,
Eagle Plain,189.00000,No,"188",-138.144929999999988,66.844970000000004,Foreland,None,None,North America,"Canada, USA",Onshore,Cambrian,Cambrian Lower,542.00,0.00,,,,1.176923074974463,0.500000000000000,5.500000000000000,"170375",-36.453846271221451,-36.520000457763672,-35.150001525878906,-37.479999542236328,None,None,None,None,,,,"0"
East Aral,190.00000,No,"189",60.331949999999999,45.285550000000001,Strike-Slip,Unknown,Unknown,Asia,"Kazakhstan, Uzbekistan",On-Offshore,Devonian,Eifelian,393.30,0.00,,,,1.638461530208588,1.500000000000000,2.799999952316284,"164002",-38.402307657095101,-37.889999389648438,-36.459999084472656,-42.729999542236328,Unknown,Unknown,Unknown,Unknown,,,,
East Gobi,195.00000,No,"194",109.306640000000002,44.046419999999998,Rift,None,Extrusive,Asia,"Mongolia, China",Onshore,Jurassic,Bathonian,168.30,0.00,,,,0.340000005066395,0.400000005960464,0.500000000000000,"58470",-42.416000366210938,-42.970001220703125,-39.979999542236328,-44.000000000000000,None,None,None,None,,,,"0"
East Kamchatka,197.00000,No,"196",162.397490000000005,55.509129999999999,Forearc,Unknown,Unknown,Asia,Russia,On-Offshore,Cretaceous,Cenomanian,100.50,0.00,1.777099000000000,1.297206598989900,1.287771000000000,1.414097881769935,1.500000000000000,2.000000000000000,"17623",-23.018378106815668,-22.000000000000000,-11.779999732971191,-32.669998168945312,Unknown,Unknown,Unknown,Unknown,,,,
East Midlands,198.00000,No,"197",0.000000000000000,53.500000000000000,Intracratonic,Unknown,Unknown,Europe,UK,On-Offshore,Ordovician,Tremadocian,485.40,0.00,2.007000000000000,1.400702786910287,1.561000000000000,1.359999990463257,1.500000000000000,2.000000000000000,"51779",-32.177999496459961,-32.189998626708984,-31.690000534057617,-32.569999694824219,Unknown,Unknown,Unknown,Unknown,,,,
East Shetland,204.00000,No,"203",-0.291240000000000,60.248519999999999,Intracratonic,None,Extrusive,Europe,UK,On-Offshore,Devonian,Pragian,410.80,0.00,5.493918000000000,0.587506210936459,0.299999900000000,1.366666664679845,1.000000000000000,4.000000000000000,"55034",-29.993333180745442,-30.265000343322750,-27.309999465942383,-31.430000305175781,None,None,None,None,,,,"0"
East Siberian Sea,205.00000,No,"204",159.672300000000007,74.837220000000002,Passive Margin,Bedded,None,Asia,Russia,On-Offshore,Proterozoic,Paleoproterozoic,2500.00,0.00,16.271190000000001,3.746664935052294,2.917624000000000,2.425847255689290,1.899999976158142,8.000000000000000,"5200047",-30.672148028535322,-30.000000000000000,-16.079999923706055,-37.000000000000000,None,None,None,None,Bashkirian-Gzhelian,Pennsylvanian,Bashkirian-Gzhelian,"1"
Ebro,207.00000,No,"206",-0.344990000000000,41.984200000000001,Foreland,Mobile,None,Europe,Spain,Onshore,Mississippian,Visean,346.70,0.00,1.693284000000000,1.693284000000000,1.693284000000000,1.900000015894572,2.000000000000000,2.500000000000000,"79934",-33.991665522257485,-33.589998245239258,-31.030000686645508,-38.419998168945312,None,Mobile,None,None,"Carnian-Norian; Priabonian","Tri., Eo.","Carnian-Norian; Priabonian","2"
Eel River,209.00000,No,"208",-124.502570000000006,40.706899999999997,Forearc,None,Extrusive,North America,USA,On-Offshore,Jurassic,Oxfordian,163.50,0.00,0.652286300000000,0.591150149549550,0.588000100000000,2.166666666666667,2.000000000000000,3.000000000000000,"41512",-23.900000254313152,-22.020000457763672,-21.940000534057617,-27.739999771118164,None,None,None,None,,,,"0"
Erlian,213.00000,No,"212",114.320490000000007,43.568970000000000,Rift,None,Extrusive,Asia,"China, Mongolia",Onshore,Jurassic,Hettangian,201.30,0.00,,,,0.167142860325319,0.200000002980232,0.300000011920929,"242524",-41.520476749965120,-41.909999847412109,-36.909999847412109,-44.990001678466797,None,None,None,None,,,,"0"
Faroe-Shetland,223.00000,No,"222",-3.580870000000000,61.410060000000001,Passive Margin,Bedded,Extrusive,Europe,"UK, Faroe Islands",On-Offshore,Devonian,Eifelian,393.30,0.00,12.300000000000001,4.905741761616048,5.000000000000000,2.074999997249016,2.000000000000000,4.300000190734864,"283986",-24.646923138545109,-23.000000000000000,-19.530000686645508,-35.689998626708984,Bedded,None,None,None,West Orkney,Permian,Wuchiapingian-Changhsingian,"1"
Fergana,224.00000,No,"223",71.505189999999999,40.662730000000003,Fold and Thrust Belt,Bedded,Extrusive,Asia,"Uzbekistan, Kyrgyzstan, Tajikistan",Onshore,Cambrian,Cambrian Lower,542.00,0.00,,,,5.000000000000000,4.000000000000000,8.000000000000000,"41222",-49.776667277018227,-50.330001831054688,-47.830001831054688,-51.169998168945312,None,None,Bedded,Bedded,"Oxfordian-Tithonian; Cenomanian; Campanian-Danian","Jur., Cret., Paleo.","Oxfordian-Tithonian; Cenomanian; Campanian-Danian","3"
Forest City,227.00000,No,"226",-94.769859999999994,39.940219999999997,Rift,None,None,North America,USA,Onshore,Cambrian,Cambrian Lower,542.00,0.00,,,,0.822222222884496,0.800000011920929,1.500000000000000,"97553",-41.934445275200737,-41.680000305175781,-40.060001373291016,-43.580001831054688,None,None,None,None,,,,"0"
Foxe,230.00000,No,"229",-77.950360000000003,67.039820000000006,Intracratonic,Unknown,Unknown,North America,Canada,On-Offshore,Cambrian,Cambrian Upper,497.00,0.00,1.680257000000000,0.319093873653501,0.267344100000000,0.324615391448904,0.300000011920929,0.600000023841858,"506320",-37.630512922238083,-37.000000000000000,-36.950000762939453,-39.409999847412109,Unknown,Unknown,Unknown,Unknown,,,,
Frobisher,232.00000,No,"231",-64.979100000000003,62.445039999999999,Rift,Unknown,Unknown,North America,Canada,On-Offshore,Cambrian,Cambrian Lower,542.00,0.00,2.407797000000000,0.586481778565316,0.389558450000000,0.599999994039536,0.599999994039536,0.699999988079071,"38607",-36.500000000000000,-36.500000000000000,-34.000000000000000,-39.000000000000000,Unknown,Unknown,Unknown,Unknown,,,,
Galena-Lower Tanana,234.00000,No,"233",-156.877970000000005,65.370559999999998,Strike-Slip,Unknown,Unknown,North America,USA,Onshore,Paleocene,Danian,66.00,0.00,,,,2.100000000000000,2.000000000000000,4.000000000000000,"63518",-31.431999588012690,-30.840000152587891,-30.700000762939453,-33.919998168945312,Unknown,Unknown,Unknown,Unknown,,,,
Great,248.00000,No,"247",-116.307280000000006,39.588590000000003,Backarc - Marginal Sea,Bedded,Extrusive,North America,USA,Onshore,Proterozoic,Paleoproterozoic,2500.00,0.00,,,,0.170175440282675,0.100000001490116,1.500000000000000,"711172",-30.994736989339192,-30.819999694824219,-25.870000839233398,-39.549999237060547,None,None,None,None,Pleistocene,Pleistocene,Pleistocene,"1"
Great Lake,249.00000,No,"248",93.211140000000000,48.385829999999999,Strike-Slip,Unknown,Unknown,Asia,Mongolia,Onshore,Jurassic,Hettangian,201.30,0.00,,,,0.360000006854534,0.300000011920929,0.800000011920929,"81321",-45.461999511718751,-45.669998168945312,-43.830001831054688,-46.599998474121094,Unknown,Unknown,Unknown,Unknown,,,,
Green River,251.00000,No,"250",-109.282730000000001,41.798510000000000,Foreland,None,None,North America,USA,Onshore,Cambrian,Cambrian Lower,542.00,0.00,,,,4.583333333333334,4.000000000000000,7.000000000000000,"76937",-38.446666717529297,-37.190000534057617,-34.490001678466797,-42.700000762939453,None,None,None,None,,,,"0"
Gulf of Alaska,255.00000,No,"254",-142.832729999999998,59.825420000000001,Forearc,None,Extrusive,North America,"USA, Canada",On-Offshore,Cretaceous,Cenomanian,100.50,0.00,4.270837999999999,1.414190734292379,1.657500000000000,2.983749998500571,1.699999988079071,8.000000000000000,"272282",-28.057083209355671,-28.750000000000000,-15.399999618530273,-35.779998779296875,None,None,None,None,,,,"0"
Gulf of Taranto-Bradanic,262.00000,No,"261",16.680470000000000,40.279750000000000,Fold and Thrust Belt,Bedded,Extrusive,Europe,Italy,On-Offshore,Permian,Wuchiapingian,259.80,0.00,4.390000000000000,3.471730943965516,3.503076000000000,4.199999968210857,4.500000000000000,5.099999904632568,"53745",-32.163333257039390,-32.090000152587891,-31.329999923706055,-33.069999694824219,None,Bedded,None,None,"Carnian-Rhaetian; Messinian","Tri., Mio.","Carnian-Rhaetian; Messinian","2"
Hailar-Temtsag,264.00000,No,"263",117.756050000000002,48.045980000000000,Rift,None,Extrusive,Asia,"China, Mongolia",Onshore,Triassic,Induan,252.17,0.00,,,,0.640000008791685,0.550000011920929,1.500000000000000,"128275",-38.686999511718753,-38.514999389648438,-37.849998474121094,-39.419998168945312,None,None,None,None,,,,"0"
Hartford,269.00000,No,"268",-72.694149999999993,41.910310000000003,Rift,None,Extrusive,North America,USA,Onshore,Triassic,Carnian,237.00,0.00,0.923000000000000,0.923000000000000,0.923000000000000,0.150000002235174,0.150000002235174,0.200000002980232,"8194",-31.014999389648438,-31.014999389648438,-30.639999389648438,-31.389999389648438,None,None,None,None,,,,"0"
Hexi,273.00000,No,"272",105.577039999999997,39.511000000000003,Foreland,Unknown,Unknown,Asia,China,Onshore,Mississippian,Visean,346.70,0.00,,,,1.471428564616612,1.299999952316284,3.000000000000000,"101137",-44.968571799142019,-45.610000610351562,-41.880001068115234,-48.970001220703125,Unknown,Unknown,Unknown,Unknown,,,,
Holitna,275.00000,No,"274",-156.374920000000003,61.527059999999999,Strike-Slip,Unknown,Unknown,North America,USA,Onshore,Devonian,Givetian,387.70,0.00,,,,1.266666670640310,0.500000000000000,3.000000000000000,"28302",-34.786666870117188,-36.700000762939453,-30.790000915527344,-36.869998931884766,Unknown,Unknown,Unknown,Unknown,,,,
Hope,277.00000,Yes,"275",-171.260099999999994,67.934399999999997,Passive Margin,None,Extrusive,Asia,"Russia, USA",On-Offshore,Mississippian,Tournaisian,358.90,0.00,5.412135000000000,1.633767859644141,1.431625000000000,1.338372087236061,1.399999976158142,2.799999952316284,"527886",-32.601162755212115,-31.000000000000000,-29.000000000000000,-39.000000000000000,None,None,None,None,,,,"0"
Hudson Bay,279.00000,No,"277",-85.306500000000000,59.380150000000000,Intracratonic,Bedded,Unknown,North America,Canada,On-Offshore,Ordovician,Tremadocian,485.40,0.00,2.111885000000000,0.704355055138914,0.543956350000000,0.715426354647376,0.500000000000000,2.299999952316284,"1597536",-36.823410862175990,-37.000000000000000,-30.909999847412109,-41.270000457763672,None,None,None,None,"Stooping River; Kenogami River","Sil., Dev.","Pridolian; Pragian-Emsian","2"
Ili-Yining,282.00000,No,"280",78.986620000000002,43.647219999999997,Fold and Thrust Belt,None,Extrusive,Asia,"Kazakhstan, China",Onshore,Devonian,Lochkovian,419.20,0.00,,,,0.842857144773006,1.000000000000000,1.299999952316284,"62876",-49.264285496303010,-50.229999542236328,-46.069999694824219,-50.599998474121094,None,None,None,None,,,,"0"
Illinois,283.00000,No,"281",-88.554509999999993,39.111490000000003,Intracratonic,None,Intrusive,North America,USA,Onshore,Proterozoic,Neoproterozoic,1000.00,0.00,,,,1.864999994635582,1.700000047683716,3.799999952316284,"262517",-42.969999885559083,-43.059999465942383,-40.110000610351562,-47.490001678466797,None,None,None,None,,,,"0"
Indigirka-Zyryanka,287.00000,No,"285",146.636259999999993,67.097589999999997,Strike-Slip,Unknown,Unknown,Asia,Russia,Onshore,Jurassic,Oxfordian,163.50,0.00,,,,1.530769226642755,1.799999952316284,3.000000000000000,"181156",-37.921538132887619,-36.919998168945312,-35.880001068115234,-41.939998626708984,Unknown,Unknown,Unknown,Unknown,,,,
Inner Hebrides-Minch,289.00000,No,"287",-7.157610000000000,56.685429999999997,Passive Margin,Unknown,Unknown,Europe,"UK, Ireland",On-Offshore,Mississippian,Tournaisian,358.90,0.00,4.300000000000000,0.861050644561184,0.622999900000000,0.800000005534717,0.649999976158142,1.350000023841858,"89698",-27.075714383806503,-27.290000915527344,-25.629999160766602,-28.389999389648438,Unknown,Unknown,Unknown,Unknown,,,,
Innoko,290.00000,No,"288",-157.968860000000006,63.597540000000002,Strike-Slip,Unknown,Unknown,North America,USA,Onshore,Paleocene,Danian,66.00,0.00,,,,0.271666670528551,0.155000005848706,0.800000011920929,"66503",-30.906666755676270,-30.914999961853027,-30.840000152587891,-30.950000762939453,Unknown,Unknown,Unknown,Unknown,,,,
Irish Sea,293.00000,No,"291",-4.219490000000001,53.873919999999998,Intracratonic,Bedded,Extrusive,Europe,"UK, Ireland",On-Offshore,Ordovician,Tremadocian,485.40,0.00,3.646740000000000,0.635574164933416,0.125928200000000,1.391666655739148,1.524999976158142,2.000000000000000,"64271",-32.316666285196938,-32.339999198913574,-30.639999389648438,-33.779998779296875,Bedded,Bedded,None,None,Saint Bees,"Perm., Tri.",Capitanian-Induan,"1"
Ishikari-Hidaka-Northeastern Honshu,295.00000,No,"293",142.118580000000009,41.481290000000001,Forearc,Unknown,Extrusive,Asia,Japan,On-Offshore,Jurassic,Callovian,166.10,0.00,5.661000000000000,2.361877729073034,2.210500000000000,1.366666674613953,1.100000023841858,2.500000000000000,"76395",-30.166666030883789,-31.159998893737793,-19.670000076293945,-38.669998168945312,Unknown,Unknown,Unknown,Unknown,,,,
Junggar,304.00000,No,"302",87.209090000000003,45.128239999999998,Foreland,Bedded,Extrusive,Asia,China,Onshore,Cambrian,Cambrian Lower,542.00,0.00,,,,3.218750000931323,2.899999976158142,8.000000000000000,"211769",-43.723124742507935,-44.850000381469727,-41.189998626708984,-46.180000305175781,Bedded,None,None,None,Fengcheng,Permian,Artinskian-Kungurian,"1"
Kattegat-Danish,310.00000,No,"308",9.814940000000000,56.555920000000000,Intracratonic,Mobile,Extrusive,Europe,"Denmark, Sweden",On-Offshore,Cambrian,Cambrian Lower,542.00,0.00,8.844931000000003,4.076410339600443,3.762832000000000,2.845833346247673,2.500000000000000,5.300000190734864,"141010",-31.678333441416424,-31.494999885559086,-29.200000762939453,-35.759998321533203,Mobile,Bedded,None,None,"Wuchiapingian-Changhsingian; Norian-Rhaetian","Perm., Tri.","Wuchiapingian-Changhsingian; Norian-Rhaetian","2"
Khatyrka,316.00000,Yes,"314",176.555170000000004,61.480289999999997,Passive Margin,None,Extrusive,Asia,"Russia, USA",On-Offshore,Cretaceous,Cenomanian,100.50,0.00,7.884000000000000,3.220607335397040,2.900000000000000,2.186666668454806,2.000000000000000,6.000000000000000,"209089",-24.324000167846680,-24.000000000000000,-13.159999847412109,-33.950000762939453,None,None,None,None,,,,"0"
Anadyr,29.00000,Yes,"29",-176.761519999999990,64.134619999999998,Passive Margin,None,Extrusive,Asia,Russia,On-Offshore,Cretaceous,Cenomanian,100.50,0.00,3.549067000000000,2.252432698823529,2.244000000000000,1.147272729399529,0.800000011920929,2.500000000000000,"120179",-34.829999750310726,-34.880001068115234,-30.000000000000000,-36.979999542236328,None,None,None,None,,,,"0"
Hope,276.00000,Yes,"275",-171.260099999999994,67.934399999999997,Passive Margin,None,Extrusive,Asia,"Russia, USA",On-Offshore,Mississippian,Tournaisian,358.90,0.00,1.278317000000000,0.666671529766455,0.725514000000000,0.975000008940697,1.025000005960464,1.350000023841858,"41000",-34.989999771118164,-34.979999542236328,-31.000000000000000,-39.000000000000000,None,None,None,None,,,,"0"
Kodiak,321.00000,No,"318",-152.641150000000010,56.810730000000000,Forearc,None,Extrusive,North America,USA,On-Offshore,Silurian,Rhuddanian,443.80,0.00,1.775622000000000,0.648093692954409,0.670999900000000,3.632000017166138,4.000000000000000,5.500000000000000,"145874",-27.545999908447264,-26.500000000000000,-21.000000000000000,-39.819999694824219,None,None,None,None,,,,"0"
Komandorskaya,322.00000,No,"319",163.649579999999986,57.824950000000001,Passive Margin,Unknown,Unknown,Asia,Russia,On-Offshore,Paleocene,Danian,66.00,0.00,2.198395000000000,1.307441946265761,1.260306000000000,1.174999989569187,1.149999976158142,1.500000000000000,"105847",-27.231249809265137,-26.000000000000000,-19.000000000000000,-35.959999084472656,Unknown,Unknown,Unknown,Unknown,,,,
Kotzebue-Selawik,325.00000,No,"322",-160.826428999999990,66.700198999999998,Rift,Unknown,Unknown,North America,USA,On-Offshore,Silurian,Pridolian,423.00,0.00,1.071421000000000,0.225884515758580,0.075715970000000,1.499999993613788,1.500000000000000,3.000000000000000,"97986",-34.354285921369282,-36.790000915527344,-30.989999771118164,-36.909999847412109,Unknown,Unknown,Unknown,Unknown,,,,
Kronprins Christian,328.00000,No,"325",-15.554320000000001,78.440089999999998,Passive Margin,Bedded,Extrusive,North America,Greenland,On-Offshore,Devonian,Eifelian,393.30,0.00,18.333700000000000,4.782795251776442,3.367976000000000,3.801790126219944,3.500000000000000,10.000000000000000,"2008351",-28.684382650587295,-30.039999961853027,-16.899999618530273,-36.250000000000000,Bedded,Bedded,None,None,"Bashkirian-Kungurian; Anisian-Rhaetian","Penn., Perm., Tri.","Bashkirian-Kungurian; Anisian-Rhaetian","2"
Kura-Kartli,331.00000,No,"328",46.996780000000001,40.651249999999997,Fold and Thrust Belt,None,Unknown,Asia,"Azerbaijan, Georgia, Iran, Armenia",Onshore,Cretaceous,Berriasian,145.00,0.00,,,,5.600000006811960,5.000000000000000,9.000000000000000,"87820",-43.900000435965403,-43.990001678466797,-43.220001220703125,-44.580001831054688,None,None,None,None,,,,"0"
Kuril-Kamchatka,332.00000,No,"329",155.147809999999993,48.768120000000003,Forearc,Unknown,Extrusive,Asia,"Russia, Japan",On-Offshore,Cretaceous,Cenomanian,100.50,0.00,6.680544000000000,2.061349653323263,1.466500000000000,2.475999994277954,2.000000000000000,6.500000000000000,"290987",-23.322799987792969,-23.000000000000000,-16.000000000000000,-34.060001373291016,Unknown,Unknown,Unknown,Unknown,,,,
Kushiro,333.00000,No,"330",144.363959999999992,42.504980000000003,Forearc,Unknown,Unknown,Asia,"Japan, Russia",On-Offshore,Cretaceous,Cenomanian,100.50,0.00,5.051000000000000,2.324382566585957,1.993000000000000,1.500000000000000,1.250000000000000,3.000000000000000,"53667",-34.764999866485596,-33.529999732971191,-27.000000000000000,-45.000000000000000,Unknown,Unknown,Unknown,Unknown,,,,
Kuznetsk,336.00000,No,"333",86.860590000000002,54.547220000000003,Strike-Slip,None,Extrusive,Asia,Russia,Onshore,Devonian,Lochkovian,419.20,0.00,,,,2.550000011920929,2.600000023841858,4.000000000000000,"54593",-40.699999809265137,-39.710000991821289,-39.619998931884766,-43.759998321533203,None,None,None,None,,,,"0"
Lake Superior,345.00000,No,"342",-87.945300000000003,47.622019999999999,Rift,None,Extrusive,North America,"USA, Canada",On-Offshore,Proterozoic,Paleoproterozoic,2500.00,0.00,,,,0.150000001249068,0.100000001490116,0.500000000000000,"203730",-45.404705945183260,-45.659999847412109,-35.849998474121094,-55.229999542236328,None,None,None,None,,,,"0"
Laramie,352.00000,No,"349",-106.056399999999996,41.759340000000002,Foreland,Bedded,None,North America,USA,Onshore,Cambrian,Cambrian Lower,542.00,0.00,,,,1.196558308689801,1.500000000000000,2.000000000000000,"13211",-40.799188977688573,-42.659999847412109,-38.849998474121094,-48.759998321533203,None,Bedded,None,None,Anisian-Ladinian,Triassic,Anisian-Ladinian,"1"
Limagne,358.00000,No,"355",3.331070000000000,46.187809999999999,Rift,Unknown,Extrusive,Europe,France,Onshore,Eocene,Ypresian,56.00,0.00,,,,0.212861629877744,0.009999999776483,1.000000000000000,"14373",-27.639129737856848,-28.110000610351562,-26.430000305175781,-30.569999694824219,Unknown,Unknown,Unknown,Unknown,,,,
Lublin,369.00000,No,"366",23.000000000000000,51.000000000000000,Intracratonic,Mobile,Extrusive,Europe,"Poland, Ukraine, Belarus",Onshore,Proterozoic,Neoproterozoic,1000.00,0.00,,,,3.933333337306976,4.650000095367432,5.699999809265138,"100275",-45.610000610351562,-45.655000686645501,-42.439998626708984,-49.740001678466797,Mobile,Bedded,None,None,"Eifelian-Givetian; Zechstein; Carnian-Rhaetian","Dev., Perm., Tri.","Eifelian-Givetian; Wuchiapingian-Changhsingian; Carnian-Rhaetian","3"
Lusitanian,373.00000,No,"370",-9.828670000000001,40.622010000000003,Passive Margin,Mobile,Extrusive,Europe,"Portugal, Spain",On-Offshore,Silurian,Rhuddanian,443.80,0.00,4.916000000000000,1.180901535832568,1.012000000000000,1.542857131787709,1.399999976158142,2.500000000000000,"177291",-22.466428620474680,-24.545000076293945,-10.039999961853027,-29.920000076293945,None,Mobile,Mobile,None,"Cabacos; Dagorda","Tri., Jur.","Rhaetian-Hettangian; Oxfordian","2"
Mackenzie Plains,375.00000,No,"372",-124.084850000000003,62.419130000000003,Fold and Thrust Belt,Bedded,None,North America,Canada,Onshore,Proterozoic,Neoproterozoic,1000.00,0.00,,,,0.951538462335101,0.009999999776483,4.000000000000000,"139160",-40.159999847412109,-40.000000000000000,-38.150001525878906,-45.759998321533203,None,None,None,None,"Furongian; Pragian-Givetian","Cam., Dev.","Furongian; Pragian-Givetian","2"
Madrid,377.00000,No,"374",-2.909050000000000,39.970799999999997,Foreland,Unknown,Unknown,Europe,Spain,Onshore,Pennsylvanian,Bashkirian,323.20,0.00,,,,2.266666650772095,2.000000000000000,2.799999952316284,"48825",-31.049999872843426,-30.829999923706055,-30.549999237060547,-31.770000457763672,Unknown,Unknown,Unknown,Unknown,,,,
McClintock,392.00000,No,"389",-100.585160000000002,72.335059999999999,Intracratonic,Unknown,Unknown,North America,Canada,On-Offshore,Cambrian,Cambrian Lower,542.00,0.00,5.947641000000000,1.993328469372495,1.279407000000000,2.465714283713273,1.799999952316284,6.500000000000000,"441081",-39.617142922537667,-39.000000000000000,-36.990001678466797,-41.000000000000000,Unknown,Unknown,Unknown,Unknown,,,,
Medny,393.00000,No,"390",167.183650000000000,55.008899999999997,Backarc - Marginal Sea,Unknown,Unknown,Asia,Russia,On-Offshore,Paleocene,Danian,66.00,0.00,1.045003000000000,0.819478301769912,0.818362400000000,0.699999988079071,0.699999988079071,0.899999976158142,"19349",-17.000000000000000,-17.000000000000000,-16.000000000000000,-18.000000000000000,Unknown,Unknown,Unknown,Unknown,,,,
Michigan,402.00000,No,"399",-84.726889999999997,43.379130000000004,Intracratonic,Bedded,None,North America,"USA, Canada",On-Offshore,Proterozoic,Neoproterozoic,1000.00,0.00,,,,1.625925933873212,1.399999976158142,3.500000000000000,"337560",-41.152592482390226,-41.840000152587891,-30.620000839233398,-47.919998168945312,None,None,None,None,"Salina; Detroit River; Triple Gypsum","Sil., Dev., Miss.","Gorstian-Pridolian; Emsian-Givetian; Visean","3"
Midcontinent,403.00000,No,"400",-93.847510000000000,43.535179999999997,Rift,None,Extrusive,North America,USA,Onshore,Proterozoic,Neoproterozoic,1000.00,0.00,,,,0.400000000993411,0.300000011920929,0.699999988079071,"28117",-41.636666615804039,-40.930000305175781,-39.319999694824219,-44.659999847412109,None,None,None,None,,,,"0"
Middle Caspian,404.00000,No,"401",52.269860000000001,41.946559999999998,Foreland,None,Extrusive,Asia,"Kazakhstan, Turkmenistan, Azerbaijan, Russia",On-Offshore,Devonian,Eifelian,393.30,0.00,,,,4.676923073255098,4.000000000000000,15.000000000000000,"330929",-39.054230469923752,-38.784999847412109,-34.569999694824219,-44.459999084472656,None,None,None,None,,,,"0"
Midland Valley,407.00000,No,"404",-4.849180000000000,55.456110000000002,Rift,Bedded,Extrusive,Europe,"UK, Ireland",On-Offshore,Ordovician,Tremadocian,485.40,0.00,2.685893000000000,0.429651400240426,0.099999990000000,0.629999998211861,0.800000011920929,1.149999976158142,"54595",-32.020000457763672,-30.569999694824219,-29.180000305175781,-35.330001831054688,Bedded,Bedded,None,None,Capitanian-Induan,"Perm., Tri.",Capitanian-Induan,"1"
Minchumina-Middle Tanana,408.00000,No,"405",-150.742349999999988,63.941150000000000,Strike-Slip,Unknown,Extrusive,North America,USA,Onshore,Devonian,Frasnian,382.70,0.00,,,,1.029285710970206,0.750000000000000,2.500000000000000,"175456",-32.870714323861257,-32.694999694824219,-29.909999847412109,-35.580001831054688,Unknown,Unknown,Unknown,Unknown,,,,
Moesian,413.00000,No,"410",26.207580000000000,44.110610000000001,Foreland,Bedded,Extrusive,Europe,"Romania, Bulgaria, Serbia, Moldova, Ukraine",On-Offshore,Cambrian,Cambrian Middle,509.00,0.00,9.854259000000001,4.770679048039216,4.891481000000000,3.020000000794729,3.000000000000000,6.000000000000000,"201408",-33.896000035603841,-33.279998779296875,-30.750000000000000,-41.610000610351562,Bedded,Bedded,None,None,"Roadian-Capitanian; Anisian-Ladinian","Perm., Tri.","Roadian-Capitanian; Anisian-Ladinian","2"
Molasse,414.00000,No,"411",10.768330000000001,47.968409999999999,Foreland,Bedded,Extrusive,Europe,"Germany, Switzerland, Austria, France, Liechtenstein",Onshore,Pennsylvanian,Bashkirian,323.20,0.00,,,,0.800000002980232,0.800000011920929,1.500000000000000,"142657",-31.706999969482421,-31.425000190734863,-26.739999771118164,-38.000000000000000,None,Bedded,None,None,Carnian-Norian,Triassic,Carnian-Norian,"1"
Moma,416.00000,No,"413",142.563389999999998,66.754859999999994,Strike-Slip,Unknown,Unknown,Asia,Russia,Onshore,Jurassic,Oxfordian,163.50,0.00,,,,1.040000009536743,1.100000023841858,1.299999952316284,"70897",-34.616000366210940,-34.470001220703125,-33.590000152587891,-36.040000915527344,Unknown,Unknown,Unknown,Unknown,,,,
Moose River,418.00000,No,"415",-82.274050000000003,52.627220000000001,Intracratonic,Unknown,Unknown,North America,Canada,On-Offshore,Ordovician,Tremadocian,485.40,0.00,0.533169400000000,0.231215356221617,0.215921100000000,0.252400005236268,0.200000002980232,0.500000000000000,"293794",-39.999600067138672,-40.000000000000000,-32.880001068115234,-43.930000305175781,Unknown,Unknown,Unknown,Unknown,,,,
Moray Firth,419.00000,No,"416",-1.170610000000000,58.360770000000002,Intracratonic,Bedded,Extrusive,Europe,UK,On-Offshore,Silurian,Sheinwoodian,433.40,0.00,5.324500000000000,2.083950747511559,2.000000000000000,2.187500029802322,2.200000047683716,2.750000000000000,"84472",-27.799999713897705,-27.819999694824219,-26.909999847412109,-28.649999618530273,None,Bedded,None,None,Smith Bank,Triassic,Ladinian,"1"
More,420.00000,No,"417",3.000000000000000,63.000000000000000,Passive Margin,Bedded,Extrusive,Europe,"Norway, UK",Offshore,Permian,Asselian,298.90,0.00,13.900000000000000,8.818673891454663,8.997348499999999,4.262500032782555,5.000000000000000,6.050000190734864,"159718",-21.986666599909466,-21.850000381469727,-14.539999961853027,-27.459999084472656,Bedded,None,None,None,Wuchiapingian-Changhsingian,Permian,Wuchiapingian-Changhsingian,"1"
Moscow,422.00000,No,"419",39.167749999999998,59.029870000000003,Intracratonic,Bedded,None,Asia,Russia,Onshore,Proterozoic,Paleoproterozoic,2500.00,0.00,,,,1.987999998033047,2.000000000000000,4.000000000000000,"1262527",-40.661200218200683,-40.204999923706055,-37.060001373291016,-45.580001831054688,Bedded,None,None,None,Wuchiapingian-Changhsingian,Permian,Wuchiapingian-Changhsingian,"1"
Murray,429.00000,No,"426",174.733309999999989,52.046550000000003,Forearc,Unknown,Unknown,North America,"USA, Russia",On-Offshore,Cretaceous,Cenomanian,100.50,0.00,1.692000000000000,0.932353896754566,0.911000000000000,1.319999995827675,1.500000000000000,2.000000000000000,"85311",-15.523999977111817,-16.000000000000000,-12.210000038146973,-20.000000000000000,Unknown,Unknown,Unknown,Unknown,,,,
Nansen,435.00000,No,"432",102.398849999999996,80.217389999999995,Passive Margin,Unknown,Unknown,Asia,Russia,On-Offshore,Cretaceous,Cenomanian,100.50,0.00,4.593462000000002,1.272641432351663,1.208238000000000,1.010714284898270,1.050000011920929,2.250000000000000,"518757",-31.266666775658017,-31.500000000000000,-20.000000000000000,-38.779998779296875,Unknown,Unknown,Unknown,Unknown,,,,
Narragansett,438.00000,No,"435",-71.137580000000000,41.799419999999998,Rift,None,Extrusive,North America,USA,On-Offshore,Triassic,Carnian,237.00,0.00,1.088000000000000,0.935798545454546,1.011000000000000,0.151700442879411,0.200000006705523,0.500000000000000,"5846",-32.036205934846990,-29.980000495910645,-28.969999313354492,-33.020000457763672,None,None,None,None,,,,"0"
Khatyrka,317.00000,Yes,"314",176.555170000000004,61.480289999999997,Passive Margin,None,Extrusive,Asia,"Russia, USA",On-Offshore,Cretaceous,Cenomanian,100.50,0.00,4.924000000000000,2.786891892792793,2.818000000000000,1.399999976158142,1.399999976158142,1.500000000000000,"29239",-30.000000000000000,-30.000000000000000,-30.000000000000000,-30.000000000000000,None,None,None,None,,,,"0"
Navarin,439.00000,No,"436",-176.308607999999992,60.494213000000002,Passive Margin,Unknown,Unknown,North America,"USA, Russia",Offshore,Jurassic,Hettangian,201.30,0.00,11.832000000000001,3.031972811155538,2.106000000000000,2.494444436497159,1.949999988079071,7.000000000000000,"215052",-28.666666666666668,-29.000000000000000,-22.000000000000000,-31.000000000000000,Unknown,Unknown,Unknown,Unknown,,,,
Nechako,440.00000,No,"437",-124.331100000000006,53.018210000000003,Backarc - Marginal Sea,Unknown,Extrusive,North America,Canada,Onshore,Triassic,Induan,252.17,0.00,,,,0.056666667262713,0.009999999776483,0.200000002980232,"127206",-34.896667321523033,-34.670000076293945,-29.829999923706055,-39.040000915527344,Unknown,Unknown,Unknown,Unknown,,,,
Netherlands,441.00000,No,"438",5.030130000000000,52.146520000000002,Rift,Mobile,None,Europe,"Netherlands, Germany, Belgium, UK",On-Offshore,Devonian,Frasnian,382.70,0.00,4.278000000000000,1.849436067805755,1.831000000000000,2.044999992847443,2.125000000000000,3.500000000000000,"115574",-30.519999885559081,-30.305000305175781,-29.040000915527344,-32.619998931884766,Mobile,Bedded,Bedded,Bedded,"Zechstein; Niedersachsen","Perm., Tri., Jur., Cret.","Wuchiapingian-Changhsingian; Anisian; Norian; Kimmeridgian-Berriasian","4"
Newark,448.00000,No,"445",-75.462900000000005,40.338009999999997,Rift,None,Unknown,North America,USA,Onshore,Triassic,Carnian,237.00,0.00,2.178223000000000,1.951475500000000,1.951475500000000,2.294039907021309,1.299999952316284,4.000000000000000,"17927",-36.710855447699082,-38.099998474121094,-29.989999771118164,-39.430000305175781,None,None,None,None,,,,"0"
North Adriatic,453.00000,No,"450",13.474330000000000,44.987909999999999,Foreland,Bedded,Extrusive,Europe,"Croatia, Italy, Slovenia",On-Offshore,Triassic,Carnian,237.00,0.00,7.301235000000000,3.537309987368421,3.262832000000000,0.975000003352761,0.900000005960464,2.000000000000000,"62752",-35.449999809265137,-35.684999465942383,-33.650001525878906,-36.779998779296875,None,Bedded,None,None,Carnian-Rhaetian,Triassic,Carnian-Rhaetian,"1"
North Carpathian,456.00000,No,"453",22.406350000000000,49.652670000000001,Fold and Thrust Belt,Bedded,Extrusive,Europe,"Poland, Ukraine, Romania, Czech Republic, Austria",Onshore,Cambrian,Cambrian Lower,542.00,0.00,,,,1.143333336441881,0.849999994039536,5.000000000000000,"211335",-38.993333392673065,-39.639999389648438,-33.779998779296875,-45.040000915527344,Bedded,None,None,None,"Eifelian-Givetian; Tournaisian; Zechstein; Aquitanian-Langhian","Dev., Miss., Perm., Mio.","Eifelian-Givetian; Tournaisian; Wuchiapingian-Changhsingian; Aquitanian-Langhian","4"
North Caspian,457.00000,No,"454",50.887999999999998,48.618769999999998,Intracratonic,Mobile,None,Asia,"Kazakhstan, Russia",On-Offshore,Proterozoic,Neoproterozoic,1000.00,0.00,,,,11.139705882352942,11.500000000000000,21.000000000000000,"857405",-38.390294103061450,-38.885000228881829,-29.200000762939453,-43.599998474121094,Mobile,None,None,None,Kungurian,Permian,Kungurian,"1"
North Copper River,458.00000,No,"455",-146.335000000000008,62.561140000000002,Forearc,None,Extrusive,North America,USA,Onshore,Jurassic,Aalenian,174.10,0.00,,,,0.942000000551343,1.000000000000000,2.000000000000000,"52496",-40.409999465942384,-42.549999237060547,-30.809999465942383,-47.389999389648438,None,None,None,None,,,,"0"
North Gobi,461.00000,No,"458",100.508459999999999,45.374479999999998,Strike-Slip,Unknown,Unknown,Asia,Mongolia,Onshore,Jurassic,Hettangian,201.30,0.00,,,,0.200000002980232,0.200000002980232,0.200000002980232,"40167",-48.435001373291016,-48.435001373291016,-48.400001525878906,-48.470001220703125,Unknown,Unknown,Unknown,Unknown,,,,
North Park,469.00000,No,"466",-106.268529999999998,40.425100000000000,Foreland,Bedded,None,North America,USA,Onshore,Cambrian,Cambrian Middle,509.00,0.00,,,,0.273957169096809,0.105000001378357,0.300000011920929,"6421",-46.077789339757267,-48.069999694824219,-45.779998779296875,-48.759998321533203,None,None,None,None,Eagle Valley,Pennsylvanian,Moscovian-Kasimovian,"1"
North Ustyurt,472.00000,No,"469",56.082490000000000,44.907460000000000,Intracratonic,None,Extrusive,Asia,"Kazakhstan, Uzbekistan",On-Offshore,Devonian,Eifelian,393.30,0.00,,,,3.147368418542962,3.000000000000000,4.500000000000000,"265599",-40.090000554134974,-40.080001831054688,-38.750000000000000,-41.790000915527344,None,None,None,None,,,,"0"
Northern Aegean,473.00000,No,"470",25.338560000000001,39.110180000000000,Strike-Slip,Bedded,None,Europe,"Greece, Turkey",On-Offshore,Cretaceous,Maastrichtian,72.10,0.00,2.496725000000000,1.154512386346864,1.032200500000000,2.037499994039536,2.000000000000000,2.700000047683716,"106546",-29.802499771118164,-30.045000076293945,-27.819999694824219,-31.500000000000000,None,None,None,None,Tortonian-Messinian,Miocene,Tortonian-Messinian,"1"
Northern North Sea,474.00000,No,"471",2.741020000000000,60.207700000000003,Rift,Mobile,Extrusive,Europe,"Norway, UK",Offshore,Devonian,Eifelian,393.30,0.00,9.742144000000000,5.415332862303148,5.809850500000000,3.949999992664044,4.000000000000000,7.000000000000000,"150151",-29.198461679311897,-29.280000686645508,-27.250000000000000,-30.620000839233398,Mobile,None,None,None,Zechstein,Permian,Wuchiapingian-Changhsingian,"1"
Northern Sea of Japan,475.00000,No,"472",132.198499999999996,42.292850000000001,Backarc - Marginal Sea,Unknown,Unknown,Asia,"Russia, North Korea",On-Offshore,Miocene,Aquitanian,23.03,0.00,2.758000000000000,1.003764668124119,0.934000100000000,0.839999997615814,0.699999988079071,1.399999976158142,"66699",-21.600000000000001,-23.000000000000000,-16.000000000000000,-26.000000000000000,Unknown,Unknown,Unknown,Unknown,,,,
Northwest Aegean,476.00000,No,"473",23.043600000000001,40.195259999999998,Strike-Slip,Bedded,None,Europe,"Greece, Macedonia",On-Offshore,Jurassic,Oxfordian,163.50,0.00,0.418062400000000,0.199314158461539,0.175283100000000,1.000000000000000,1.000000000000000,1.500000000000000,"19001",-35.129999160766602,-35.129999160766602,-32.590000152587891,-37.669998168945312,None,None,None,None,Tortonian-Messinian,Miocene,Tortonian-Messinian,"1"
Northwest German,477.00000,No,"474",9.899319999999999,53.509039999999999,Intracratonic,Mobile,Extrusive,Europe,"Germany, Netherlands, Denmark",On-Offshore,Cambrian,Cambrian Lower,542.00,0.00,10.832630000000000,4.022491195752540,2.943000000000000,3.969565215318099,3.500000000000000,6.500000000000000,"280011",-30.462173793626867,-30.129999160766602,-28.399999618530273,-33.630001068115234,Mobile,None,None,None,Zechstein,Permian,Wuchiapingian-Changhsingian,"1"
Northwestern Spain,478.00000,No,"475",-8.430190000000000,43.778509999999997,Passive Margin,Unknown,Unknown,Europe,Spain,On-Offshore,Cretaceous,Aptian,125.00,0.00,3.389000000000000,1.014187139493275,1.030500000000000,0.800000026822090,0.800000026822090,1.200000047683716,"30869",-23.960000038146973,-23.960000038146973,-22.040000915527344,-25.879999160766602,Unknown,Unknown,Unknown,Unknown,,,,
Norton,479.00000,No,"476",-167.856747000000013,64.415840000000003,Intracratonic,Unknown,Extrusive,North America,"USA, Russia",On-Offshore,Mississippian,Tournaisian,358.90,0.00,3.729000000000000,1.118270622652921,0.872500000000000,0.791333334147930,0.550000011920929,2.500000000000000,"342446",-30.169666481018066,-30.989999771118164,-23.909999847412109,-33.970001220703125,Unknown,Unknown,Unknown,Unknown,,,,
Norwegian,480.00000,No,"477",4.711620000000000,57.952939999999998,Intracratonic,Mobile,Unknown,Europe,"Norway, Denmark",On-Offshore,Devonian,Eifelian,393.30,0.00,11.228579999999999,4.518600792065016,4.952485000000000,3.235714282308306,3.650000095367432,4.250000000000000,"87023",-30.182856968470983,-29.829999923706055,-28.979999542236328,-33.689998626708984,Mobile,None,None,None,Zechstein,Permian,Wuchiapingian-Changhsingian,"1"
Ordos,490.00000,No,"487",108.821280000000002,37.462690000000002,Foreland,Bedded,None,Asia,China,Onshore,Proterozoic,Neoproterozoic,1000.00,0.00,,,,3.069696961930304,2.799999952316284,7.199999809265138,"399596",-41.311818209561437,-40.849998474121094,-35.250000000000000,-49.459999084472656,None,None,None,None,Majiagou,Ordovician,Arenigian-Llanvirnian,"1"
Otter-Walrus,493.00000,No,"490",-170.725080999999989,58.495635999999998,Passive Margin,Unknown,Unknown,North America,USA,Offshore,Jurassic,Hettangian,201.30,0.00,4.162000000000000,0.980402286931588,0.988000000000000,0.955000004172325,0.899999976158142,1.500000000000000,"210632",-29.149999999999999,-29.000000000000000,-28.000000000000000,-30.000000000000000,Unknown,Unknown,Unknown,Unknown,,,,
Outer Hebrides,499.00000,No,"496",-7.466420000000000,58.393949999999997,Passive Margin,Bedded,Extrusive,Europe,"UK, Ireland",On-Offshore,Pennsylvanian,Bashkirian,323.20,0.00,7.321601000000000,1.797660496134865,1.410057000000000,1.181818181818182,0.949999988079071,2.250000000000000,"107981",-24.050909215753730,-24.340000152587891,-18.500000000000000,-28.059999465942383,Bedded,Bedded,None,None,"Wuchiapingian-Changhsingian; Ladinian","Perm., Tri.","Wuchiapingian-Changhsingian; Ladinian","2"
Pachelma,500.00000,No,"497",42.898260000000001,53.991489999999999,Rift,Unknown,Unknown,Asia,Russia,Onshore,Proterozoic,Mesoproterozoic,1600.00,0.00,,,,1.822222206327650,2.000000000000000,2.799999952316284,"106372",-44.104444715711807,-44.470001220703125,-42.080001831054688,-45.979999542236328,Unknown,Unknown,Unknown,Unknown,,,,
Pannonian,502.00000,No,"499",20.432510000000001,46.804279999999999,Fold and Thrust Belt,None,Extrusive,Europe,"Hungary, Romania, Serbia, Ukraine, Slovakia",Onshore,Devonian,Lochkovian,419.20,0.00,,,,1.621428562062127,1.500000000000000,3.000000000000000,"181322",-27.317142895289830,-26.644999504089355,-24.600000381469727,-31.620000839233398,None,None,None,None,,,,"0"
Parapol,508.00000,No,"505",167.466129999999993,62.335320000000003,Rift,Unknown,Unknown,Asia,Russia,Onshore,Jurassic,Oxfordian,163.50,0.00,,,,0.254999999888241,0.254999999888241,0.500000000000000,"19358",-36.780000686645501,-36.780000686645501,-36.729999542236328,-36.830001831054688,Unknown,Unknown,Unknown,Unknown,,,,
Paris,510.00000,No,"507",2.674570000000000,48.672739999999997,Intracratonic,None,Extrusive,Europe,"France, Luxembourg, Belgium, Germany",On-Offshore,Devonian,Famennian,372.20,0.00,1.389000000000000,0.985481341739131,1.050500000000000,1.158695656320323,1.000000000000000,2.799999952316284,"286557",-32.619564968606703,-33.099998474121094,-29.110000610351562,-34.669998168945312,None,None,None,None,,,,"0"
Penzhina,519.00000,No,"516",170.163999999999987,64.524349999999998,Rift,Unknown,Unknown,Asia,Russia,Onshore,Jurassic,Oxfordian,163.50,0.00,,,,1.142857142857143,1.000000000000000,2.000000000000000,"71526",-37.982857295445037,-37.720001220703125,-36.849998474121094,-39.860000610351562,Unknown,Unknown,Unknown,Unknown,,,,
Po,527.00000,No,"524",9.940090000000000,45.041919999999998,Foreland,Bedded,Extrusive,Europe,"Italy, San Marino",Onshore,Cambrian,Cambrian Upper,497.00,0.00,8.537063000000000,7.424999620689654,7.470628000000000,1.871428568448339,1.299999952316284,4.000000000000000,"74121",-34.612857273646760,-35.409999847412109,-30.700000762939453,-36.689998626708984,Bedded,Bedded,None,None,"Wuchiapingian-Changhsingian; Carnian-Rhaetian","Perm., Tri.","Wuchiapingian-Changhsingian; Carnian-Rhaetian","2"
Podlasie,528.00000,No,"525",23.000000000000000,53.000000000000000,Rift,Unknown,Unknown,Europe,"Poland, Belarus",Onshore,Proterozoic,Neoproterozoic,1000.00,0.00,,,,2.399999976158142,2.399999976158142,3.000000000000000,"31808",-43.244998931884766,-43.244998931884766,-42.689998626708984,-43.799999237060547,Unknown,Unknown,Unknown,Unknown,,,,
Polish,529.00000,No,"526",18.084849999999999,52.625900000000001,Intracratonic,Mobile,Extrusive,Europe,"Poland, Germany, Denmark",On-Offshore,Proterozoic,Neoproterozoic,1000.00,0.00,7.663361000000000,5.127357805687206,4.917813000000000,4.808695637661478,4.500000000000000,10.000000000000000,"274421",-36.024347719938859,-33.750000000000000,-31.299999237060547,-43.060001373291016,Mobile,Bedded,None,None,"Zechstein; Anisian-Ladinian","Perm., Tri.","Wuchiapingian-Changhsingian; Anisian-Ladinian","2"
Porcupine,530.00000,No,"527",-12.295100000000000,52.275820000000003,Passive Margin,Bedded,Extrusive,Europe,Ireland,On-Offshore,Devonian,Frasnian,382.70,0.00,8.900000000000000,3.020598965069474,2.700000000000000,1.317500000074506,0.599999994039536,5.650000095367432,"239771",-26.738000106811523,-28.159999847412109,-19.290000915527344,-32.200000762939453,Bedded,Bedded,Bedded,None,"Wuchiapingian-Changhsingian; Carnian-Rhaetian; Hettangian-Sinemurian","Perm., Tri., Jur.","Wuchiapingian-Changhsingian; Carnian-Rhaetian; Hettangian-Sinemurian","3"
Powder River,532.00000,No,"529",-105.842969999999994,44.489049999999999,Foreland,Bedded,None,North America,USA,Onshore,Cambrian,Cambrian Middle,509.00,0.00,,,,3.675000041723251,3.500000000000000,5.300000190734864,"111885",-43.931250095367432,-43.375000000000000,-42.250000000000000,-47.599998474121094,Bedded,None,Bedded,None,"Moscovian-Kasimovian; Ervay; Aalenian-Callovian","Penn., Perm., Jur.","Moscovian-Kasimovian; Wuchiapingian-Changhsingian; Aalenian-Callovian","3"
Prince Regent,534.00000,No,"531",-89.025390000000002,72.237110000000001,Intracratonic,Unknown,Unknown,North America,Canada,On-Offshore,Cambrian,Cambrian Lower,542.00,0.00,4.002135000000000,1.589677036840973,1.470971000000000,1.816326529699929,1.700000047683716,4.500000000000000,"552260",-38.807142997274603,-39.000000000000000,-35.290000915527344,-41.000000000000000,Unknown,Unknown,Unknown,Unknown,,,,
Pripyat,535.00000,No,"532",27.856600000000000,52.405040000000000,Rift,Mobile,Extrusive,Europe,"Belarus, Ukraine",Onshore,Proterozoic,Neoproterozoic,1000.00,0.00,,,,1.916666676600774,1.750000029802322,4.000000000000000,"88567",-45.946666717529297,-46.979999542236328,-42.310001373291016,-48.509998321533203,Mobile,None,None,None,"Frasnian-Famennian; Sakmarian-Artinskian","Dev., Perm.","Frasnian-Famennian; Sakmarian-Artinskian","2"
Quebec,542.00000,No,"539",-73.535989999999998,45.638460000000002,Fold and Thrust Belt,Unknown,Unknown,North America,"Canada, USA",Onshore,Cambrian,Cambrian Lower,542.00,0.00,2.563029000000000,0.145147908059384,0.093999950000000,0.731428580447322,0.500000000000000,2.700000047683716,"322661",-39.058571134294787,-39.099998474121094,-30.620000839233398,-44.900001525878906,Unknown,Unknown,Unknown,Unknown,,,,
Queen Charlotte,543.00000,No,"540",-130.208179999999999,52.688710000000000,Forearc,None,Extrusive,North America,"Canada, USA",On-Offshore,Ordovician,Tremadocian,485.40,0.00,2.006331000000000,1.116617784154351,1.075000000000000,1.412499990314245,0.949999988079071,2.799999952316284,"114575",-24.021250009536743,-24.970000267028809,-19.149999618530273,-29.899999618530273,None,None,None,None,,,,"0"
Rhine,556.00000,No,"553",8.001820000000000,48.865130000000001,Rift,Mobile,Extrusive,Europe,"Germany, France, Switzerland",Onshore,Permian,Asselian,298.90,0.00,,,,1.333333333333333,1.200000047683716,1.799999952316284,"27368",-28.739999771118164,-29.000000000000000,-27.969999313354492,-29.250000000000000,None,Mobile,None,None,"Anisian; Lutetian-Rupelian; Chattian-Burdigalian","Tri., Eo., Oligo. Mio.","Anisian; Lutetian-Rupelian; Chattian-Burdigalian","3"
Rudy-Rampart,566.00000,No,"562",-153.992930000000001,64.963797999999997,Strike-Slip,Unknown,Unknown,North America,USA,Onshore,Paleocene,Danian,66.00,0.00,,,,0.232735260158415,0.300000011920929,1.000000000000000,"30576",-33.922255622036865,-33.750000000000000,-32.540000915527344,-35.709999084472656,Unknown,Unknown,Unknown,Unknown,,,,
Sacramento,571.00000,No,"567",-121.749539999999996,39.231259999999999,Forearc,None,Extrusive,North America,USA,Onshore,Jurassic,Oxfordian,163.50,0.00,,,,1.500000000000000,1.250000000000000,3.000000000000000,"52937",-31.187500476837162,-31.170000076293945,-25.370000839233398,-37.040000915527344,None,None,None,None,,,,"0"
Saint Matthew-Hall,573.00000,No,"569",-170.938150000000007,62.343910000000001,Intracratonic,Unknown,Unknown,North America,"USA, Russia",On-Offshore,Mississippian,Tournaisian,358.90,0.00,1.769000000000000,0.772171519876819,0.768000100000000,1.144444432523515,1.000000000000000,1.500000000000000,"320015",-29.871851815117729,-30.000000000000000,-29.000000000000000,-31.909999847412109,Unknown,Unknown,Unknown,Unknown,,,,
Sanjiang,584.00000,No,"580",133.826249999999987,48.180140000000002,Rift,None,Extrusive,Asia,"Russia, China",Onshore,Jurassic,Oxfordian,163.50,0.00,,,,0.210909095338800,0.200000002980232,0.500000000000000,"152171",-35.013635808771305,-33.939998626708984,-32.840000152587891,-36.959999084472656,None,None,None,None,,,,"0"
Santanghu,589.00000,No,"585",94.260080000000002,44.138809999999999,Strike-Slip,None,Extrusive,Asia,"China, Mongolia",Onshore,Pennsylvanian,Bashkirian,323.20,0.00,,,,0.150000002235174,0.150000002235174,0.200000002980232,"34017",-46.754999160766602,-46.754999160766602,-46.029998779296875,-47.479999542236328,None,None,None,None,,,,"0"
Sava,594.00000,No,"590",16.699999999999999,45.509999999999998,Strike-Slip,Unknown,Unknown,Europe,"Croatia, Bosnia and Herzegovina",Onshore,Triassic,Carnian,237.00,0.00,,,,1.449439391882327,0.950000002980232,2.000000000000000,"15843",-32.376570702701358,-31.145000457763672,-26.440000534057617,-38.909999847412109,Unknown,Unknown,Unknown,Unknown,,,,
Sayan,597.00000,No,"593",93.251260000000002,50.279940000000003,Strike-Slip,Unknown,Unknown,Asia,"Mongolia, Russia",Onshore,Jurassic,Hettangian,201.30,0.00,,,,0.233333334326744,0.250000000000000,0.250000000000000,"37378",-43.206666310628258,-42.930000305175781,-42.919998168945312,-43.770000457763672,Unknown,Unknown,Unknown,Unknown,,,,
Shantar-Liziansky,606.00000,No,"602",132.618279999999999,54.245109999999997,Strike-Slip,None,None,Asia,Russia,Onshore,Paleocene,Thanetian,59.20,0.00,0.057917750000000,0.042531146706419,0.038166350000000,0.205999999865890,0.009999999776483,0.500000000000000,"53688",-41.369999694824216,-44.549999237060547,-36.509998321533203,-44.610000610351562,None,None,None,None,,,,"0"
Shelikof,607.00000,No,"603",-153.891999999999996,58.227179999999997,Forearc,None,Extrusive,North America,USA,On-Offshore,Triassic,Carnian,237.00,0.00,2.631456000000000,0.390139305622490,0.374000100000000,3.000000000000000,3.000000000000000,3.000000000000000,"24710",-33.725000381469727,-33.725000381469727,-32.000000000000000,-35.450000762939453,None,None,None,None,,,,"0"
Shumagin,610.00000,No,"606",-158.503579999999999,55.430529999999997,Forearc,None,Extrusive,North America,USA,On-Offshore,Silurian,Rhuddanian,443.80,0.00,3.538651000000000,0.618820129907121,0.580000000000000,2.554545445875688,2.500000000000000,4.000000000000000,"152661",-28.354545419866387,-29.000000000000000,-21.000000000000000,-32.909999847412109,None,None,None,None,,,,"0"
Skagerrak,617.00000,No,"613",9.281840000000001,58.319600000000001,Rift,Unknown,Unknown,Europe,"Norway, Sweden, Denmark",On-Offshore,Cambrian,Cambrian Lower,542.00,0.00,8.047453000000003,2.460803342209664,1.548338500000000,1.302499996963888,0.599999994039536,4.000000000000000,"47115",-31.130000114440914,-31.135000228881836,-29.500000000000000,-32.750000000000000,Unknown,Unknown,Unknown,Unknown,,,,
Snake River,618.00000,No,"614",-117.120580000000004,43.966819999999998,Backarc - Marginal Sea,None,Extrusive,North America,USA,Onshore,Paleocene,Danian,66.00,0.00,,,,0.047337654603940,0.009999999776483,0.100000001490116,"26817",-35.645747532938977,-37.479999542236328,-31.000000000000000,-39.549999237060547,None,None,None,None,,,,"0"
Songliao,622.00000,No,"618",124.312110000000004,45.541040000000002,Intracratonic,None,Extrusive,Asia,China,Onshore,Jurassic,Oxfordian,163.50,0.00,,,,1.666666662602714,1.299999952316284,5.500000000000000,"385774",-32.804545373627633,-32.799999237060547,-29.850000381469727,-35.400001525878906,None,None,None,None,,,,"0"
South Adriatic,624.00000,No,"620",16.486640000000001,42.455849999999998,Foreland,Bedded,None,Europe,"Italy, Croatia, Albania, Montenegro, Bosnia and Herzegovina",On-Offshore,Triassic,Induan,252.17,0.00,6.807957000000000,3.836509617079893,3.804662000000001,5.530769216326568,5.500000000000000,11.000000000000000,"156641",-35.502307304969200,-34.689998626708984,-32.909999847412109,-41.310001373291016,None,None,None,None,Messinian,Miocene,Messinian,"1"
South Copper River,628.00000,No,"624",-143.956150000000008,61.334510000000002,Forearc,None,Extrusive,North America,USA,Onshore,Triassic,Induan,252.17,0.00,,,,0.103333334748944,0.100000001490116,0.200000002980232,"33036",-33.506666819254555,-31.889999389648438,-31.610000610351562,-37.020000457763672,None,None,None,None,,,,"0"
South Gobi,632.00000,No,"628",99.644210000000001,43.605370000000001,Strike-Slip,Unknown,Unknown,Asia,Mongolia,Onshore,Jurassic,Hettangian,201.30,0.00,,,,0.200000002980232,0.200000002980232,0.200000002980232,"36792",-44.215000152587891,-44.215000152587891,-43.970001220703125,-44.459999084472656,Unknown,Unknown,Unknown,Unknown,,,,
South Kara,634.00000,No,"630",68.753789999999995,72.564170000000004,Intracratonic,None,None,Asia,Russia,On-Offshore,Permian,Wuchiapingian,259.80,0.00,11.062239999999999,4.202267899887287,4.028279500000000,6.183941606622544,7.000000000000000,9.100000381469727,"1687324",-35.709781006304887,-35.990001678466797,-31.000000000000000,-41.450000762939453,None,None,None,None,,,,"0"
Southern North Sea,645.00000,No,"641",0.689790000000000,53.883540000000004,Intracratonic,Mobile,Extrusive,Europe,"UK, Netherlands, Belgium",On-Offshore,Devonian,Givetian,387.70,0.00,3.050000000000000,1.193379243559719,1.085000000000000,2.092857147966112,2.500000000000000,3.000000000000000,"114014",-31.192857197352819,-31.129999160766602,-30.540000915527344,-31.860000610351562,Mobile,None,None,None,Zechstein,Permian,Wuchiapingian-Changhsingian,"1"
Susitna,653.00000,No,"649",-150.575989999999990,62.047260000000001,Forearc,None,Extrusive,North America,USA,Onshore,Paleocene,Thanetian,59.20,0.00,,,,1.050000000745058,1.050000000745058,2.000000000000000,"28704",-37.620000839233398,-37.620000839233398,-37.540000915527344,-37.700000762939453,None,None,None,None,,,,"0"
Sydney (Newfoundland),656.00000,No,"652",-58.581600000000002,47.000120000000003,Passive Margin,Mobile,Unknown,North America,Canada,On-Offshore,Devonian,Famennian,372.20,0.00,5.130000000000000,2.743627146808510,2.772000000000000,1.730000007152557,0.850000023841858,3.500000000000000,"58045",-33.064000701904298,-33.110000610351562,-31.200000762939453,-34.909999847412109,None,None,None,None,Windsor,Mississippian,Visean,"1"
Syr-Darya,657.00000,No,"653",65.139009999999999,43.639229999999998,Strike-Slip,Bedded,None,Asia,"Kazakhstan, Uzbekistan, Tajikistan",Onshore,Devonian,Lochkovian,419.20,0.00,,,,1.076190474487486,1.000000000000000,2.000000000000000,"240028",-39.870476313999731,-39.180000305175781,-37.919998168945312,-46.389999389648438,None,None,None,None,Frasnian-Famennian,Devonian,Frasnian-Famennian,"1"
Tarim,671.00000,No,"667",84.246979999999994,39.534860000000002,Foreland,Bedded,Extrusive,Asia,China,Onshore,Proterozoic,Mesoproterozoic,1600.00,0.00,,,,3.718281253532041,3.750000000000000,8.699999809265138,"786521",-45.805156469345093,-44.850000381469727,-42.819999694824219,-54.930000305175781,None,None,None,None,"Waucoban-Albertian; Danian-Thanetian; Lutetian-Bartonian","Cam., Paleo., Eo.","Waucoban-Albertian; Danian-Thanetian; Lutetian-Bartonian","3"
Tatarsky,673.00000,No,"669",140.494949999999989,47.576509999999999,Strike-Slip,None,Extrusive,Asia,"Russia, Japan",On-Offshore,Cretaceous,Aptian,125.00,0.00,9.952000999999999,2.619052490326481,2.182000000000000,2.475000005629328,2.400000095367432,5.300000190734864,"218104",-27.768333223130966,-27.715000152587891,-16.069999694824219,-35.479999542236328,None,None,None,None,,,,"0"
Teniz,675.00000,No,"671",69.387259999999998,51.096550000000001,Strike-Slip,Unknown,Unknown,Asia,Kazakhstan,Onshore,Devonian,Lochkovian,419.20,0.00,,,,1.844444435503748,1.799999952316284,4.000000000000000,"104890",-43.825555165608726,-43.439998626708984,-41.560001373291016,-48.380001068115234,Unknown,Unknown,Unknown,Unknown,,,,
Tenpoku,676.00000,No,"672",140.617169999999987,44.497579999999999,Backarc - Marginal Sea,Unknown,Extrusive,Asia,"Japan, Russia",On-Offshore,Cretaceous,Cenomanian,100.50,0.00,3.742000000000000,1.305708307150716,1.094000000000000,0.914285723652158,0.600000023841858,2.000000000000000,"82016",-26.027142933436803,-26.670000076293945,-20.049999237060547,-28.719999313354492,Unknown,Unknown,Unknown,Unknown,,,,
Thrace,679.00000,No,"675",27.388829999999999,41.063119999999998,Strike-Slip,None,Extrusive,Middle East,"Turkey, Greece, Bulgaria",On-Offshore,Cretaceous,Berriasian,145.00,0.00,3.696917000000000,1.874623560800000,1.672955000000000,1.833333333333333,2.000000000000000,2.500000000000000,"35846",-33.689999898274742,-33.439998626708984,-33.130001068115234,-34.500000000000000,None,None,None,None,,,,"0"
Thuringian,680.00000,No,"676",10.495150000000001,51.423229999999997,Rift,Mobile,Extrusive,Europe,Germany,Onshore,Cambrian,Cambrian Lower,542.00,0.00,,,,0.833333333333333,0.800000011920929,0.899999976158142,"38141",-30.406666437784832,-30.389999389648438,-30.270000457763672,-30.559999465942383,Mobile,Bedded,None,None,"Artinskian-Kungurian; Wordian; Zechstein; Norian","Perm., Tri.","Artinskian-Kungurian; Wordian; Wuchiapingian-Changhsingian; Norian","4"
Timan-Pechora,681.00000,No,"677",55.626460000000002,66.927400000000006,Foreland,Bedded,Extrusive,Asia,Russia,On-Offshore,Proterozoic,Paleoproterozoic,2500.00,0.00,8.627180000000003,5.854861720732896,6.495194000000002,5.002727270549672,5.900000095367432,10.000000000000000,"1057759",-41.262954668565229,-41.325000762939453,-35.000000000000000,-48.569999694824219,Bedded,None,None,None,"Emsian; Visean-Serpukhovian; Kungurian","Dev., Miss., Perm.","Emsian; Visean-Serpukhovian; Kungurian","3"
Tofino,685.00000,No,"681",-125.823520000000002,48.593000000000004,Forearc,None,Extrusive,North America,"Canada, USA",On-Offshore,Eocene,Ypresian,56.00,0.00,2.003000000000000,0.958599916329482,0.949499950000000,2.018571436405182,1.250000000000000,4.500000000000000,"72863",-29.101428713117325,-28.600000381469727,-20.379999160766602,-39.830001831054688,None,None,None,None,,,,"0"
Transylvanian,691.00000,No,"687",24.562550000000002,46.623469999999998,Fold and Thrust Belt,Mobile,None,Europe,Romania,Onshore,Triassic,Anisian,247.20,0.00,,,,1.750000000000000,1.750000000000000,2.500000000000000,"37536",-33.265000343322754,-33.265000343322754,-31.489999771118164,-35.040000915527344,None,None,None,None,Langhian,Miocene,Langhian,"1"
Trondelag-Halten,692.00000,No,"688",7.792530000000000,64.795180000000002,Passive Margin,Bedded,Extrusive,Europe,Norway,On-Offshore,Mississippian,Tournaisian,358.90,0.00,11.730030000000003,4.735721809598590,5.125251000000000,5.162499986588956,5.549999952316284,8.500000000000000,"196193",-26.271874904632568,-26.229999542236328,-23.020000457763672,-30.549999237060547,None,Bedded,None,None,Carnian-Norian,Triassic,Carnian-Norian,"1"
Tsagaan Nuur,694.00000,No,"690",95.286689999999993,46.167230000000004,Strike-Slip,Unknown,Unknown,Asia,Mongolia,Onshore,Jurassic,Hettangian,201.30,0.00,,,,0.487141308065797,0.055000000633299,1.000000000000000,"10915",-47.004535710056565,-46.879999160766602,-46.000000000000000,-48.950000762939453,Unknown,Unknown,Unknown,Unknown,,,,
Tunguska,702.00000,No,"698",100.418650000000000,64.736599999999996,Intracratonic,Bedded,Extrusive,Asia,Russia,Onshore,Proterozoic,Paleoproterozoic,2500.00,0.00,,,,4.038589203258768,4.000000000000000,6.000000000000000,"2950956",-43.804398374438783,-43.590000152587891,-34.869998931884766,-49.150001525878906,None,None,None,None,"Waucoban-Albertian; Zub; Manturov; Nakokhoz","Cam., Dev.","Waucoban-Albertian, Lochkovian; Eifelian; Frasnian","4"
Turgay,703.00000,No,"699",64.696969999999993,47.451490000000000,Strike-Slip,None,Extrusive,Asia,Kazakhstan,Onshore,Devonian,Eifelian,393.30,0.00,,,,1.160000008344650,1.000000000000000,2.500000000000000,"140539",-42.213999557495114,-42.879999160766602,-39.479999542236328,-44.000000000000000,None,None,None,None,,,,"0"
Turpan,704.00000,No,"700",91.463970000000003,42.850180000000002,Foreland,None,Extrusive,Asia,China,Onshore,Pennsylvanian,Bashkirian,323.20,0.00,,,,0.625000000931323,0.500000000000000,1.299999952316284,"86200",-48.591250419616699,-47.750000000000000,-47.330001831054688,-51.130001068115234,None,None,None,None,,,,"0"
Tyee,706.00000,No,"702",-124.434110000000004,44.323770000000003,Forearc,None,Extrusive,North America,USA,On-Offshore,Jurassic,Oxfordian,163.50,0.00,1.632314000000000,0.332078856336478,0.378000050000000,1.924999982118607,1.995000004768372,2.109999895095825,"62615",-23.152500152587891,-23.210000038146973,-22.510000228881836,-23.680000305175781,None,None,None,None,,,,"0"
Unalaska,711.00000,No,"707",-164.538129999999995,53.699030000000000,Forearc,None,Extrusive,North America,USA,On-Offshore,Triassic,Carnian,237.00,0.00,4.763604000000000,1.033510500640340,0.937000000000000,3.783333341280619,3.899999976158142,5.000000000000000,"82125",-24.100000063578289,-24.989999771118164,-16.000000000000000,-30.000000000000000,None,None,None,None,,,,"0"
Ungava,712.00000,No,"708",-70.254239999999996,61.656379999999999,Rift,Unknown,Unknown,North America,Canada,On-Offshore,Ordovician,Tremadocian,485.40,0.00,1.209042000000000,0.521884319799040,0.494974050000000,0.504000005722046,0.500000000000000,1.200000047683716,"302484",-39.297600097656250,-39.000000000000000,-36.360000610351562,-43.909999847412109,Unknown,Unknown,Unknown,Unknown,,,,
Upper Bureya,713.00000,No,"709",132.851760000000013,51.130699999999997,Strike-Slip,Unknown,Unknown,Asia,Russia,Onshore,Jurassic,Toarcian,182.70,0.00,,,,0.350000001490116,0.350000001490116,0.500000000000000,"18444",-36.344999313354499,-36.344999313354499,-36.229999542236328,-36.459999084472656,Unknown,Unknown,Unknown,Unknown,,,,
Upper Tanana,716.00000,No,"712",-142.643329999999992,63.081879999999998,Strike-Slip,Unknown,Unknown,North America,"USA, Canada",Onshore,Permian,Asselian,298.90,0.00,,,,0.009999999776483,0.009999999776483,0.009999999776483,"67914",-33.541666666666664,-33.399999618530273,-31.950000762939453,-35.360000610351562,Unknown,Unknown,Unknown,Unknown,,,,
Vienna,719.00000,No,"715",17.000000000000000,48.500000000000000,Strike-Slip,Bedded,Intrusive,Europe,"Austria, Slovakia, Czech Republic",Onshore,Pennsylvanian,Bashkirian,323.20,0.00,,,,1.306213159660537,0.999999970197678,1.700000047683716,"9042",-32.244841235448327,-32.024999618530273,-30.299999237060547,-33.779998779296875,Bedded,None,None,None,Rotliegend,Permian,Asselian-Kungurian,"1"
Vilyuy,720.00000,No,"716",123.273409999999998,65.081530000000001,Foreland,Mobile,Extrusive,Asia,Russia,Onshore,Proterozoic,Paleoproterozoic,2500.00,0.00,,,,4.585294119283264,4.000000000000000,11.000000000000000,"1222358",-39.825686436073454,-40.710000991821289,-34.830001831054688,-44.930000305175781,None,None,None,None,"Waucoban-Furongian; Frasnian-Famennian","Cam., Dev.","Waucoban-Furongian; Frasnian-Famennian","2"
Volga-Ural,723.00000,No,"719",53.023600000000002,54.946590000000000,Foreland,Mobile,Intrusive,Asia,"Russia, Kazakhstan",Onshore,Proterozoic,Paleoproterozoic,2500.00,0.00,,,,3.836363642246692,3.500000000000000,10.000000000000000,"964282",-40.969610288545681,-40.790000915527344,-38.759998321533203,-43.669998168945312,Mobile,None,None,None,Kasimovian-Kungurian,"Penn., Perm.",Kasimovian-Kungurian,"1"
Voring,725.00000,No,"721",6.714230000000000,66.248480000000001,Passive Margin,Bedded,Extrusive,Europe,Norway,On-Offshore,Pennsylvanian,Bashkirian,323.20,0.00,14.837209999999997,7.831948109789262,8.566575000000000,3.552000002861023,3.500000000000000,6.099999904632568,"322493",-21.888000183105468,-22.090000152587891,-16.870000839233398,-24.950000762939453,None,Bedded,None,None,Carnian-Norian,Triassic,Carnian-Norian,"1"
Washakie,731.00000,No,"727",-107.746290000000002,40.604239999999997,Foreland,Bedded,None,North America,USA,Onshore,Cambrian,Cambrian Upper,497.00,0.00,,,,3.961593761238708,4.000000000000000,6.500000000000000,"17857",-47.570480201332138,-44.979999542236328,-42.419998168945312,-49.349998474121094,None,None,None,None,Eagle Valley,Pennsylvanian,Moscovian-Kasimovian,"1"
Wessex,733.00000,No,"729",-1.297810000000000,51.182499999999997,Intracratonic,None,Extrusive,Europe,"UK, France",On-Offshore,Devonian,Frasnian,382.70,0.00,3.966000000000000,2.071634002083333,1.916500000000000,1.650000015894572,1.500000000000000,2.900000095367432,"58225",-34.106667200724281,-34.070001602172852,-32.250000000000000,-35.689998626708984,None,None,None,None,,,,"0"
West Gobi,737.00000,No,"733",97.176810000000003,43.830289999999998,Strike-Slip,Unknown,Unknown,Asia,Mongolia,Onshore,Jurassic,Hettangian,201.30,0.00,,,,0.018878487143983,0.009999999776483,0.100000001490116,"18936",-45.717067865473759,-46.270000457763672,-43.799999237060547,-47.599998474121094,Unknown,Unknown,Unknown,Unknown,,,,
West Siberia,745.00000,No,"741",76.185839999999999,61.092250000000000,Intracratonic,None,Extrusive,Asia,"Russia, Kazakhstan",Onshore,Cambrian,Cambrian Upper,497.00,0.00,11.738590000000000,6.244236141422592,6.217013000000000,3.009502261438791,2.799999952316284,12.500000000000000,"5476198",-40.019094984995291,-39.939998626708984,-35.340000152587891,-51.209999084472656,None,None,None,None,,,,"0"
West Tien Shan,746.00000,No,"742",77.553010000000000,42.502150000000000,Fold and Thrust Belt,Bedded,None,Asia,"Kyrgyzstan, Kazakhstan",Onshore,Cambrian,Cambrian Upper,497.00,0.00,,,,0.633333325386047,0.300000011920929,1.299999952316284,"20561",-52.899998982747398,-52.959999084472656,-52.549999237060547,-53.189998626708984,None,None,None,None,"Waucoban-Albertian; Danian-Thanetian; Lutetian-Bartonian","Cam., Paleo., Eo.","Waucoban-Albertian; Danian-Thanetian; Lutetian-Bartonian","3"
Whitehorse,749.00000,No,"745",-134.222010000000012,60.549100000000003,Backarc - Marginal Sea,Unknown,Extrusive,North America,Canada,Onshore,Triassic,Carnian,237.00,0.00,,,,0.352000002190471,0.150000002235174,2.000000000000000,"122517",-36.820000457763669,-37.489999771118171,-34.319999694824219,-38.200000762939453,Unknown,Unknown,Unknown,Unknown,,,,
Willamette,750.00000,No,"746",-123.038780000000003,44.847329999999999,Forearc,None,Extrusive,North America,USA,Onshore,Jurassic,Oxfordian,163.50,0.00,,,,1.300000011920929,1.300000011920929,1.700000047683716,"27526",-38.265001296997070,-38.265001296997070,-37.830001831054688,-38.700000762939453,None,None,None,None,,,,"0"
Williston,751.00000,No,"747",-104.719840000000005,49.083889999999997,Intracratonic,Bedded,None,North America,"Canada, USA",Onshore,Cambrian,Cambrian Middle,509.00,0.00,,,,2.572413789814916,2.549999952316284,4.400000095367432,"745096",-45.565000007892479,-45.545000076293945,-34.430000305175781,-52.959999084472656,Bedded,None,Bedded,None,"Prairie; Birdbear; Charles; Opeche; Nesson","Dev., Miss., Perm., Jur.","Eifelian-Givetian; Frasnian; Tournaisian-Visean; Roadian-Capitanian; Bajocian","5"
Wind River,752.00000,No,"748",-107.953490000000002,43.075040000000001,Foreland,None,Intrusive,North America,USA,Onshore,Cambrian,Cambrian Middle,509.00,0.00,,,,3.034577426788455,3.000000000000000,4.500000000000000,"20759",-44.163239346558015,-43.299999237060547,-38.450000762939453,-50.270000457763672,None,None,None,None,,,,"0"
Yanji,756.00000,No,"752",129.575919999999996,42.766840000000002,Rift,None,None,Asia,"China, North Korea",Onshore,Triassic,Anisian,247.20,0.00,,,,0.009999999776483,0.009999999776483,0.009999999776483,"3590",-31.936540714239641,-31.769999504089355,-31.579999923706055,-31.959999084472656,None,None,None,None,,,,"0"
Yenisey-Khatanga,757.00000,No,"753",99.651480000000006,72.594409999999996,Foreland,None,Extrusive,Asia,Russia,On-Offshore,Proterozoic,Neoproterozoic,1000.00,0.00,7.141926000000002,2.796943852815315,1.824149500000000,7.884000027974446,8.000000000000000,12.000000000000000,"961100",-39.773999633789067,-39.860000610351562,-38.860000610351562,-43.939998626708984,None,None,None,None,,,,"0"
Yilan-Yitong,758.00000,No,"754",125.824610000000007,43.623249999999999,Strike-Slip,None,Extrusive,Asia,China,Onshore,Permian,Asselian,298.90,0.00,,,,0.150000002235174,0.150000002235174,0.200000002980232,"16813",-32.344999313354492,-32.344999313354492,-30.979999542236328,-33.709999084472656,None,None,None,None,,,,"0"
Yukon Flats,762.00000,No,"758",-145.585080000000005,66.503529999999998,Strike-Slip,Unknown,Unknown,North America,USA,Onshore,Silurian,Pridolian,423.00,0.00,,,,0.691176469382994,0.300000011920929,2.500000000000000,"213863",-35.951175914091223,-36.520000457763672,-33.479999542236328,-36.849998474121094,Unknown,Unknown,Unknown,Unknown,,,,
Zala,765.00000,No,"761",17.000000000000000,46.500000000000000,Strike-Slip,Unknown,Unknown,Europe,"Hungary, Croatia, Slovenia",Onshore,Triassic,Carnian,237.00,0.00,,,,1.750000000000000,1.750000000000000,2.500000000000000,"15422",-28.430000305175781,-28.430000305175781,-27.370000839233398,-29.489999771118164,Unknown,Unknown,Unknown,Unknown,,,,
Zaysan,766.00000,No,"762",84.587400000000002,47.955570000000002,Strike-Slip,Unknown,Unknown,Asia,"Kazakhstan, China",Onshore,Pennsylvanian,Bashkirian,323.20,0.00,,,,0.150000002235174,0.150000002235174,0.200000002980232,"58515",-44.017499923706055,-44.149999618530273,-42.790000915527344,-44.979999542236328,Unknown,Unknown,Unknown,Unknown,,,,
Zeya-Bureya,767.00000,No,"763",128.743509999999986,51.524020000000000,Rift,Unknown,Unknown,Asia,"Russia, China",Onshore,Jurassic,Oxfordian,163.50,0.00,,,,0.684615382781396,0.699999988079071,1.399999976158142,"179524",-36.308461702786957,-36.720001220703125,-32.810001373291016,-42.630001068115234,Unknown,Unknown,Unknown,Unknown,,,,
Nile Delta,451.00000,No,"448",30.652680000000000,32.089779999999998,Passive Margin,Bedded,Extrusive,Africa,"Egypt, Cyprus, Greece",On-Offshore,Cambrian,Cambrian Upper,497.00,0.00,10.333950000000002,9.764527520675133,10.070904999999998,9.450000095367432,10.000000000000000,10.300000190734863,"250736",-27.377499961853022,-28.020000457763672,-20.670000076293945,-31.889999389648438,None,None,None,None,Rosetta,Miocene,Messinian,"1"
Eastern Black Sea,206.00000,No,"205",38.500000000000000,42.500000000000000,Backarc - Marginal Sea,Unknown,Extrusive,Asia,"Russia, Turkey, Georgia",Offshore,Cretaceous,Berriasian,145.00,0.00,12.331000000000000,10.198788326661907,10.407180000000000,10.699999999999999,10.750000000000000,12.500000000000000,"120609",-29.619999694824219,-29.279999732971191,-27.020000457763672,-34.529998779296875,Unknown,Unknown,Unknown,Unknown,,,,
Western Black Sea,748.00000,No,"744",32.500000000000000,43.250000000000000,Backarc - Marginal Sea,Unknown,Extrusive,Asia,"Romania, Turkey, Ukraine",Offshore,Cretaceous,Berriasian,145.00,0.00,14.095150000000000,10.303027918413587,10.320750000000000,11.730769230769230,12.000000000000000,16.000000000000000,"152126",-26.257692337036133,-25.909999847412109,-24.290000915527344,-32.000000000000000,Unknown,Unknown,Unknown,Unknown,,,,
Beppu-Iyonada,80.00000,No,"79",132.000000000000000,33.450000000000003,Strike-Slip,Unknown,Intrusive,Asia,Japan,On-Offshore,Cretaceous,Berriasian,145.00,0.00,0.888000000000000,0.823342089473684,0.816499900000000,0.172384458620688,0.200000006705523,0.300000011920929,"3750",-38.382438591023075,-38.844999313354499,-37.169998168945312,-40.520000457763672,Unknown,Unknown,Unknown,Unknown,,,,
South Orkney,637.00000,No,"633",-61.000000000000000,-46.000000000000000,Strike-Slip,Unknown,Unknown,Antarctica,Antarctica,On-Offshore,Cretaceous,Santonian,86.30,0.00,3.022049000000000,1.378689592410220,1.321823000000000,0.619230759831575,0.484999984502792,1.799999952316284,"374469",-11.301538504087008,-10.420000076293945,-9.000000000000000,-20.000000000000000,Unknown,Unknown,Unknown,Unknown,,,,
South Sandwich,639.00000,No,"635",-25.000000000000000,-58.000000000000000,Fold and Thrust Belt,Unknown,Unknown,Antarctica,UK,On-Offshore,Cretaceous,Santonian,86.30,0.00,2.417186000000000,0.837309234691441,0.675249600000000,0.585555556747648,0.319999992847443,1.879999995231628,"130485",-10.610000080532497,-10.159999847412109,-9.000000000000000,-14.300000190734863,Unknown,Unknown,Unknown,Unknown,,,,
East Scotia,203.00000,No,"202",-28.000000000000000,-58.000000000000000,Backarc - Marginal Sea,Unknown,Unknown,Antarctica,UK,On-Offshore,Cretaceous,Santonian,86.30,0.00,2.267182000000000,0.557922175638629,0.363843750000000,0.221111115482118,0.180000007152557,0.400000005960464,"110748",-9.739999983045790,-9.920000076293945,-9.000000000000000,-10.329999923706055,Unknown,Unknown,Unknown,Unknown,,,,
South Georgia,631.00000,No,"627",-37.000000000000000,-54.000000000000000,Strike-Slip,Unknown,Unknown,South America,UK,On-Offshore,Cretaceous,Santonian,86.30,0.00,5.050000000000000,1.215875288466433,0.438500000000000,1.188947365472191,0.439999997615814,5.170000076293946,"250434",-13.076842107270894,-12.000000000000000,-9.409999847412109,-23.000000000000000,Unknown,Unknown,Unknown,Unknown,,,,
Hatton,270.00000,No,"269",-18.000000000000000,57.000000000000000,Passive Margin,Unknown,Extrusive,Europe,Ireland,Offshore,Cretaceous,Berriasian,145.00,0.00,6.575130000000000,3.383779842183566,3.440734500000000,0.731428567852293,0.575000017881393,2.250000000000000,"341307",-21.241785594395228,-20.019999504089355,-18.139999389648438,-29.149999618530273,Unknown,Unknown,Unknown,Unknown,,,,
Rockall,560.00000,No,"557",-12.000000000000000,56.000000000000000,Passive Margin,Bedded,Extrusive,Europe,Ireland,Offshore,Cretaceous,Berriasian,145.00,0.00,6.900000000000000,4.340198545695867,4.526511500000002,2.373055545820130,2.400000095367432,4.500000000000000,"453137",-18.042777829700047,-18.125000000000000,-13.039999961853027,-25.670000076293945,Bedded,Bedded,None,None,"Wuchiapingian-Changhsingian; Ladinian","Perm., Tri.","Wuchiapingian-Changhsingian; Ladinian","2"
New Caledonia,444.00000,No,"441",165.000000000000000,-31.000000000000000,Passive Margin,Unknown,Unknown,South Pacific,"New Caledonia, Australia, New Zealand",On-Offshore,Jurassic,Callovian,166.10,0.00,4.454000000000000,1.349986645814224,1.145000000000000,1.331684214190433,1.250000000000000,2.400000095367432,"1209296",-17.331894754108628,-17.000000000000000,-11.000000000000000,-24.000000000000000,Unknown,Unknown,Unknown,Unknown,,,,
Lord Howe,363.00000,No,"360",159.000000000000000,-28.000000000000000,Passive Margin,Unknown,Unknown,South Pacific,"Australia, New Zealand",On-Offshore,Jurassic,Callovian,166.10,0.00,2.550000000000000,0.972334267830996,0.917000100000000,1.069482750933746,1.000000000000000,3.299999952316284,"730237",-17.097068918162378,-17.000000000000000,-10.000000000000000,-28.219999313354492,Unknown,Unknown,Unknown,Unknown,,,,
