years,Q,target,years2,Q2,target2,years3,Q3,target3,years4,Q4,target4,years5,Q5,target5,years6,Q6,target6,years7,Q7,target7,years8,Q8,target8,years9,Q9,target9,years10,Q10,target10,Sum
0.189284179556423,359.778539466142,7.03295800153483,0.238551844620134,63.1611621799113,0.988164065422482,0.181293718572367,27.7243080148432,0.634906506718897,0.170985240162945,52.9884291843805,1.02116982519105,0.153648978701951,1.59882507273807,0.0144853227289709,0.198903031860477,36.7613412036469,0.931279465426768,0.0842783684285058,1.04112859832463,0.0191301756596094,0.15386281835997,2.26510726072284,0.0181293535813016,0.190002299468982,41.3670130706622,0.519951523993965,0.102743921814309,1.54898606893921,0.0165686177113017,11.1967428579692
0.153498176021182,40.0409723683155,1.41264642893769,0.229693050931342,9.39167782086193,0.454430307770133,0.194169800331086,659.864650877534,1.18712961138558,0.186819969615459,53.6021605942022,1.39499117913736,0.0954383631312391,1.00867425853989,0.00246325973515667,0.109844309396993,2.71555413295041,0.0603319656739428,0.186312766749165,5.48194575365476,0.248825359701166,0.19782924223462,1.87853138201008,0.0457028843308025,0.182575389522547,4.39198314906283,0.187790482109945,0.196934253809177,5.10125365829453,0.165416946399158,5.15972842518093
0.157928162850005,46.9831874889221,1.67353605309871,0.186370787706191,956.632621318398,0.319381143658581,0.16227715072095,15.7688292262238,0.36459062788057,0.187040995997528,11.756216271046,0.537295350364566,0.195733760090074,1.52684850782001,0.0364640251323684,0.180801761020778,8.25047817477399,0.338733536262201,0.161544448858711,356.359197281987,0.444095818933005,0.103530858597285,1.00577451078852,0.00394166444978428,0.159935922551739,7.65545473146367,0.185018409229306,0.181323777694737,2.28475538672293,0.0870285251726384,3.99008515418173
0.193828943926269,1217.58405246047,9.36154644065654,0.174592523879289,7.6115020308696,0.169181040972441,0.185544905167843,9.12515100556096,0.389343452531281,0.195279805014548,46.9534941686678,1.54415980854717,0.159646683998904,1.00288309926358,0.00650974160703643,0.180394106909843,807.19180518879,0.795970542260085,0.163627148154245,8.81528401319323,0.269665958798001,0.185387938986574,1.01158236655188,0.0142487084318656,0.185131572001235,8.94309557251015,0.305728495423837,0.176396105577411,2.0657547958787,0.0763980397238688,12.9327522289521
0.156447737333468,127.623048433544,2.73037934318191,0.177707161747905,30.9294781934387,0.233354905736926,0.175658644313781,81.6070975563188,0.69117678817275,0.193155238886383,180.120809860267,2.05705547676534,0.196145950233193,1.00577451078852,0.00315763425012518,0.170831237951925,36.9736199650277,0.518423952984804,0.188838885508831,43.9451273819645,0.737197425069851,0.154904669405612,1.1481932879197,0.0166814156204111,0.184092877359227,6.78356302734552,0.258925764075587,0.193384859222488,2.69996316651677,0.112415069993102,7.35876777585081
0.160653987036836,237.81584696117,3.4984640921935,0.165051006021379,8.68929909148323,0.146338157999517,0.168303192088706,15.4542261000141,0.405810561327149,0.165254650047983,15.2772790540943,0.541674337752583,0.177478927613643,4.12243473196511,0.028282681025066,0.199939124956544,129.726367378442,1.20216554040932,0.111069871920382,4.07523387938939,0.0726870704463717,0.120755030402482,1.00288309926358,0.00590090349311279,0.141216286902611,6.31248050684326,0.120586068258093,0.182209629118817,8.03944940844679,0.144367536783522,6.16627694968823
0.149039537107673,37.9267248465054,1.2861694292875,0.248843802832995,48.8846255702689,1.18924054167752,0.181712980403925,8.73947554283164,0.363252233050417,0.166756653440849,51.4846683497677,0.930436817430502,0.18603907986039,1.01158236655188,0.0122159656319533,0.123352184321371,43.1925507507629,0.165123526745141,0.112056707289196,56.94280539997,0.112220150961098,0.195111773337404,8.32204495553973,0.0537267319416881,0.189354568647114,9.86276078296599,0.341367355036378,0.189508200396393,4.02857346483847,0.133304660319163,4.58705741208136
0.186303774529587,84.3596268972181,3.5377482334941,0.221200061924255,4.19426304469508,0.228324542710943,0.196743467013531,31.1977684837926,0.891525447868288,0.177769733605505,36.0279175169288,1.03346280668467,0.191519474837994,4.18220533158347,0.0394383172041354,0.123168284817714,48.1859837890086,0.16653926887783,0.15485957519077,25.7248344244728,0.316086913238053,0.157089151629286,1.00867425853989,0.00189244354173348,0.134073033262346,8.78994173863968,0.11244763737565,0.189722568419623,1.41265954868704,0.0653816918954586,6.39284730289086
0.19013640029139,807.131783152277,8.30663238656263,0.245633368833328,20.0251322921732,0.848327150926276,0.15029282695202,5.79016143825715,0.184391771788701,0.168760808781813,47.7716005747586,0.942362298930997,0.108099215823856,1.02920793476607,0.00379156073257204,0.191612721397525,15.0589415844573,0.568456405623442,0.19239125999775,14.9294397640879,0.55020237738639,0.169920499123555,1.65979714701382,0.0248585694176691,0.127300999242865,2.23917234584048,0.0581606021897118,0.0954345263408821,1.00577451078852,0.0015589268862428,11.4887420504446
0.176231520751032,76.7743079306913,2.94224562316223,0.248867160047155,38.7165788401476,1.1150487020307,0.187311021800335,15.7234968241093,0.563258342336253,0.164826038480037,479.369245086988,1.11661300669249,0.161901643941039,15.6782947440786,0.020325076825658,0.19219654341519,14.505756572389,0.562650655988701,0.107441560446861,2.2071708865269,0.0492607369207872,0.176613893797757,1.00577451078852,0.008212245790331,0.18166253297605,3.82512526006857,0.16596066533736,0.15657289836351,10.4473164853735,0.0848380533769193,6.62841310846143
0.19445162951927,378.751679379655,7.97581063184838,0.190016254537514,4.58580257506987,0.178786192135999,0.148553174567057,2.88479547897935,0.102421307572216,0.142660460411368,11.7901106095195,0.335467302943542,0.182030062402568,1.00577451078852,0.017684515027199,0.190667910982281,501.967002108729,1.01848549633608,0.156967518977354,7.04225793763313,0.215162920966531,0.0836948449140859,1.00577451078852,0.00148620284666101,0.196335586438381,16.2294041616006,0.47214401795699,0.156615794757819,2.6460963359074,0.0628974723655188,10.3803460599991
0.191073941872251,56.4027181311874,2.63691182419933,0.2441687799835,24.0766133741283,0.895081468405084,0.146644706483964,19.5129342263596,0.283083096792765,0.182172912081854,46.8185117519142,1.21787876410835,0.159347957296879,1.017423759841,0.00352030310846626,0.119587942192863,2.72338334507132,0.0706846215017323,0.192864227209675,17.8983585267682,0.605445103892367,0.162182351815689,1.00288309926358,0.0166714526176053,0.182420082114022,13.4596032415536,0.344056296595291,0.157072132298485,10.1508316565282,0.0855399108266667,6.15887284204766
0.179230978656491,1461.69414597827,6.58012324549595,0.222058925235017,14.1347317845805,0.497187977238512,0.192924745582493,23.259032627454,0.73797101246749,0.198033829766021,23.0590127888488,1.05990520688485,0.187807745774054,1.00577451078852,0.00119869297403732,0.113255231253451,1.70336542221432,0.0442968347435102,0.137377774721637,2.13222095925085,0.0693660071869822,0.15249569497162,1.017423759841,0.00256408338093726,0.148796063750319,9.63820144251651,0.158720604462785,0.169830924895674,1.31834782642385,0.0517230974071438,9.2030567622422
0.0959379275468959,49.0390337791194,0.542918517807685,0.227100961481359,48.4642342722534,0.75661835063519,0.194167222744553,81.1385620543712,1.04366045262786,0.162916351444387,18.8503244528549,0.594490503000513,0.18519556790796,1.01449885892793,0.0013441598650556,0.158973450253123,4.95648496866088,0.181762228731144,0.188977255064355,32.9518247994517,0.702510470243042,0.0898133136665341,1.00288309926358,0.00220009042639215,0.176223730017879,14.3810119566121,0.313193614010523,0.141649966082108,1.39648494813358,0.0362504451911655,4.17494883253857
0.154607921587837,40.8492745502271,1.45076579422151,0.223232763639271,402.162063201249,0.783308281379462,0.152542602661423,5.65832869261085,0.187618584738849,0.131002491081413,8.32204495553973,0.227123255544244,0.189148306073414,1.01449885892793,0.0019295618771528,0.156052773469444,20.1988354669711,0.331128462588047,0.184791455917038,25.2115995346114,0.597636006809078,0.158153624910478,2.45526020256225,0.0200536837318165,0.185787876713338,14.0940971036004,0.373647416613885,0.179739537192682,10.3574730860055,0.144773033710871,4.11798408121492
0.153765111391982,61.4467458887652,1.88997963006428,0.208495092262189,16.1362253542068,0.413367264850335,0.196611844390459,134.673553810649,1.18463321473309,0.165725816473772,11.9266679922861,0.45706452689606,0.172170071308874,1.00288309926358,0.00400818814804664,0.187971062882305,20.1988354669711,0.615591740430731,0.161144824840823,10.0057595601981,0.274738020421162,0.192614429070857,1.4249133228412,0.0377297247654467,0.192815820484279,14.2163529457634,0.420418794693215,0.195221018839167,24.0766133741283,0.225766326095753,5.52329743109812
0.152497539601206,292.090909920158,3.0055101585167,0.226437300792015,9.80613514975012,0.44406039777822,0.166885363628192,38.9401481423545,0.502370633004511,0.159367815002152,7.56780167843215,0.289972463639965,0.153823640008615,1.017423759841,0.0036780288345008,0.19394581978643,27.0930697176532,0.773902284408586,0.161521519062873,14.257340102472,0.314180385769898,0.198097557324244,1.00288309926358,0.0149431471270014,0.197041101883645,7.52435222533039,0.324481678087071,0.137232644961933,3.80316384938978,0.0456421970552992,5.71874137422175
0.150777399744927,116.147635781134,2.37900667927673,0.241391424140552,7.97031285410644,0.456572346472808,0.116030528488488,10.6599934842429,0.121361394003531,0.198878898660528,46.9534941686678,1.63207202139588,0.140553021990837,1.78366310156055,0.0107100299888612,0.195853844060127,24.4961185033437,0.76597037354104,0.14565608730746,2.95200799512719,0.101044284921083,0.1103038023955,1.00867425853989,0.00319460883299916,0.19572320216609,51.4846683497677,0.60788904697204,0.194694260040982,2.52697328239242,0.110049575118695,6.18787036052367
0.139862902663882,150.607604050759,2.00133845170121,0.232788993531935,15.7688292262238,0.619090537553894,0.182159868543723,22.7294615325802,0.601385960461251,0.136342099874524,7.22711126890421,0.221281159826873,0.177637034037261,1.01158236655188,0.00847522354467399,0.153555653560061,71.4847748067636,0.377437789999643,0.184134380144981,6.8227347852315,0.296031753280381,0.171680726115133,1.017423759841,0.016035298157049,0.174114556020807,4.46850800867783,0.173715688029122,0.16120582750755,1.41265954868704,0.049102529272996,4.36389439182709
0.197358984701608,388.610225087433,8.49640627900994,0.224151000163999,5.52949756842363,0.294999508885748,0.187894046427868,39.9622941881329,0.80159729522207,0.170641244770319,19.9101608535235,0.689785318397069,0.131640891538952,1.00288309926358,0.00457357025147691,0.171569074924511,198.072510456684,0.620307826374903,0.090769644604881,1.05622377499757,0.0212307779744662,0.16739888523608,1.017423759841,0.00745467283487079,0.190454387394255,3.95958264771409,0.183739616792777,0.171493216832607,2.96051892720402,0.0854070422938183,11.2055019080371
0.195764949434723,116.812763309537,4.96423844712552,0.154567516192409,3.11798102843626,0.0843264002166473,0.124588216998995,41.011270705513,0.179493847097237,0.0743132059091026,24.0073976636039,0.0781261121665429,0.179011182790275,2.3787241732935,0.0278654078665543,0.188229223285491,759.836549466463,0.977544485043259,0.186408297789823,202.687378964529,0.826420687901115,0.142267318671598,5.46618619625777,0.0141051033663114,0.19720113809635,76.158859212841,0.666495623000533,0.17669617463267,1.4455729400936,0.0596839759194729,7.87830008970319
0.0979837858470512,10.9850467975752,0.241520123025086,0.232528768289865,42.4528622739386,0.838196745165087,0.18964119770891,10.0057595601981,0.4351470019073,0.175877672320984,14.5475781084805,0.594135880930095,0.142595577688452,1.01449885892793,0.0038711145078253,0.113875106602397,89.740450848535,0.131704159513698,0.150942696889502,7.4382002633935,0.201478534422992,0.196765159710924,2.71555413295041,0.0483955000647197,0.123967044985149,3.79223047250718,0.0701457980151902,0.189327446098552,3.02078648791353,0.114734033941118,2.67932889149311
0.144128781393745,43.6217887324565,1.33183773619052,0.245684424256784,9.74983462452457,0.553054417981005,0.141644082835867,21.7687984609418,0.254990227684688,0.0688797686736098,2.45526020256225,0.0341772433074699,0.0997695605966034,1.00867425853989,0.00193182064023071,0.161734135213771,2160.64613910014,0.496560651917895,0.173635350957487,10.1800975118018,0.336732978168521,0.195072469801696,1.01449885892793,0.026397873793568,0.147573310031502,33.2376574471234,0.186026044749676,0.162566904922442,5.72386552959968,0.0884719177712218,3.3101809122048
0.179409485711154,298.839317705557,5.52542152288537,0.0744792271012132,1.00288309926358,0.00127018561592148,0.167085057443658,12.0301229939707,0.357664249799637,0.131684388650147,15.5434666953568,0.315104363450302,0.194284613786902,1.01158236655188,0.015553749786395,0.18139470274112,7.67752616736229,0.322509053150066,0.194782920320485,93.97087014239,0.932628680723104,0.197183426356289,1.00867425853989,0.00503970757936688,0.198177967658324,9.33775684323017,0.378452210456105,0.188209696746215,1.71814085427452,0.0766214399665762,7.93026516341284
0.157146848161234,133.58832460024,2.8138435713744,0.212835371707074,15.189566737098,0.432524313767087,0.152441902726608,10.845730650619,0.263479801844446,0.191931361628303,64.4469398661078,1.64185961277908,0.119795807328431,1.01158236655188,0.00173777844805716,0.180226196432093,8.34603823722249,0.339448209521417,0.170101119087139,63.1611621799113,0.513461792518266,0.190700905414964,1.01449885892793,0.0141091965542959,0.195905971609722,7.4811522310616,0.321244961479918,0.197295673654474,16.7034315396448,0.227309796651322,6.56901903493829
0.196767982203512,173.222789787213,6.27841538588295,0.223835826012872,94.5135059458335,0.754044421170442,0.154245798613259,33.0468281812645,0.370188219953978,0.189929219713018,18.2102152272867,0.815304340508134,0.180019618531048,1.40859841962076,0.0260071538030198,0.163624683916338,10.0635379267258,0.300091764627542,0.13044577988906,16.464712003024,0.164222470376713,0.179006466159425,6.45955425993623,0.0357067839550747,0.170306772371004,2.47655776434198,0.102260565419315,0.167594748060365,1.23033252636976,0.0478947986136621,8.89413590431083
0.177758589530272,45.142230283228,1.94957303118703,0.225828576492638,23.259032627454,0.624503069272082,0.166494693135309,45.2286737958236,0.515929031833042,0.180171133196996,736.150720840747,1.6625840669399,0.167356041803364,1.00577451078852,0.0105115500205555,0.118187162979938,2.90981894079874,0.0723987186435684,0.160226603453908,16.0898367576997,0.321702235221636,0.189687059101695,1.01449885892793,0.00154977922784898,0.133254019795668,12.169460288151,0.116953924370005,0.112682252608849,1.1028352210931,0.0188070665750193,5.29451247329069
0.157738267920814,129.828154893547,2.8209673836526,0.219580096346796,13.6154972999402,0.468550987628772,0.147134080623634,10.2980071327174,0.235586418677922,0.144996809893551,124.601675131387,0.626819617729861,0.166921118537749,1.017423759841,0.00466105744829684,0.191484466592552,9.04667778353943,0.405225384484673,0.198852386910891,9.97699489356779,0.460655395913376,0.188344215762183,1.00577451078852,0.0212400599446119,0.183765291684875,11.9955386652786,0.340615269111661,0.161504599909653,1.34131840233837,0.0477592906068229,5.4320808651986
0.174429139897003,60.0591517076283,2.41681972881344,0.207636233485381,4.98510624458552,0.233457608682322,0.176223566790661,98.1178305232072,0.698723408104826,0.187044718283957,13.9728926204603,0.633855618037447,0.105845438109072,1.01449885892793,0.00350108814167333,0.181241941088206,140.61673483207,0.775718252679754,0.19896687618331,6.59105201019205,0.322098508133726,0.179289625029229,1.00288309926358,0.019232948438655,0.196430942249237,64.2616671010127,0.629425567946619,0.197948002493132,3.71657187129828,0.144910874716858,5.87774360369532
0.14338735510433,69.8710339890205,1.68712030620974,0.249717288437328,608.76000443344,1.48367979109843,0.158665215270461,22.7949928263862,0.37762596476895,0.104935105754201,6.57210398204128,0.126983912168991,0.170107198067232,1.017423759841,0.00607824527540163,0.132348832479946,7.76645008964431,0.153811304182518,0.0753508805129535,3.1450272019994,0.0283207127605586,0.132745670278897,2.28475538672293,0.0105016887697855,0.173960428466944,6.11570617216135,0.210090066287544,0.195733263527563,2.41321295951054,0.107220472138505,4.19143246366042
0.195758053594258,99.8372011920941,4.43856722781672,0.233597236858456,7.28980110054726,0.399293159478086,0.16827995281156,21.3344902474791,0.452217370273005,0.160158111536276,18.6344929252859,0.563765954930199,0.175719170865357,1.00867425853989,0.0152412856538729,0.183822091684324,8.84069935203988,0.369164103778487,0.133716696951493,1.88937898174206,0.0594245040259955,0.169153025069611,3.10007958542497,0.0266087031524643,0.190556831691621,49.4508252223751,0.533397527347886,0.16082177387634,2.55624161321588,0.0664927914377664,6.92417262789448
0.190374874592143,275.879102999591,6.76403355164994,0.186142570967516,13.5763553199153,0.251208618412888,0.146808752881374,24.99478827893,0.298981631278649,0.198911266895551,29.3674992776149,1.26379046070036,0.144950515061005,1.01449885892793,0.00141130713597633,0.180827381993175,5.32637338722108,0.234841193813249,0.187840220505502,21.5815941337228,0.593097075661269,0.115684021044688,1.01449885892793,0.00214517661933598,0.175424132759738,35.9243440670047,0.367536344287751,0.151507857304142,4.18220533158347,0.0649722239268117,9.84201758348623
0.191404851983931,3088.34994020008,9.14870147988094,0.224829818256372,32.0166835936232,0.666491029083755,0.187876791783756,16.9456122371505,0.591804728404495,0.129646863340254,38.6052759973495,0.375020124232717,0.109190339706803,1.017423759841,0.00105199658170869,0.123533728924025,187.528926298918,0.173946704972102,0.185004491681631,23.9383809351586,0.589542938612467,0.163237877473088,6.33068001474387,0.0243256641844871,0.19271443391373,3.70588742997801,0.174756902803157,0.190479607719349,13.8129064745256,0.19073686698427,11.9363784357401
0.128326148724439,251.790898176236,1.63459833698247,0.209790537738122,4.3416960341386,0.214931100890415,0.152686821616882,8.91738586389294,0.245739062174632,0.19873165672822,48.6039614703936,1.6605455777341,0.165577875375009,2.14453349218355,0.020304882821584,0.116600377850714,6.78356302734552,0.103971783393194,0.102774674482508,47.3607809164382,0.0849285217311642,0.163327765705533,2.00713065465068,0.0219732049247235,0.137803724023053,1.97275779657863,0.0616261933806265,0.189906449180565,1.441417191251,0.0666540020020398,4.11527266603495
0.143545612516293,707.792906081416,2.63247693882927,0.223522233594384,38.1632551869613,0.678384480861061,0.181477054151302,15.4542261000141,0.509733183125451,0.182542658165092,15.9056121278034,0.680159066354325,0.182883440925405,1.00288309926358,0.0139110645953602,0.180454603294893,87.4450909638054,0.725536589412245,0.165138184927631,36.6556592993152,0.421990379682547,0.185332950431363,1.00867425853989,0.0176373236623113,0.197280705772354,17.9499612710559,0.502803213322874,0.135673841231883,1.12853005133194,0.0294422038997264,6.21207444374517
0.191289479604289,103.022474649097,4.29607978562914,0.236779707657156,7.10334430368878,0.402472806995232,0.175799444905238,65.7588922489258,0.670601338016593,0.177226850727659,25.1391209535034,0.863538429611714,0.183878876422671,1.43314150019665,0.0278566053759961,0.197331019637369,19.3451295709733,0.70182372127567,0.14132909614661,128.9815619574,0.254502628958516,0.173519097469439,5.40359972355987,0.0311566445439476,0.199248421932443,25.3571841881197,0.576904769124314,0.144361928372116,1.00577451078852,0.0288928398122037,7.85382956934333
0.164543678950696,1114.44883565521,4.50300545950002,0.177937699474477,4.48139116082693,0.146512053935793,0.114866673960816,4.69264665877481,0.0911759060796299,0.180674441765133,11.5882005855279,0.509604392409134,0.183272321321601,1.01449885892793,0.0172261030984757,0.194316757580087,56.4531164723065,0.947448888194318,0.149893922187706,2.75492656923522,0.0987371718033424,0.17921229564593,1.00867425853989,0.026232732308443,0.13704673153484,1.45392041663176,0.0470095948750191,0.183907532910609,1.35295334494457,0.0602706214825766,6.44722292368675
0.184401811639446,505.3481857809,6.72330487113651,0.209622819424328,5.75691805285236,0.263343204307781,0.171004852218779,118.309128318462,0.623990960665239,0.112375229212906,4.24284253669373,0.107040721784366,0.151569701889237,1.00867425853989,0.0127407628157335,0.137803271350081,20.0828667363378,0.220987415911566,0.195602151854832,220.336157528401,1.01548463242567,0.192801668789567,1.26626799854054,0.0368022327925291,0.144184480085483,2.43414579263315,0.0783047042929821,0.197578974967277,71.6908725083659,0.25661610399309,9.33861561012547
0.187484200945608,92.6943770911275,3.83980959413023,0.225440303769621,9.80613514975012,0.443315803263572,0.144949550062023,29.6222405590191,0.29371425445524,0.156131457101771,7.92455244054436,0.294984100663853,0.1386392227434,1.01449885892793,0.00652406992213981,0.186333516824779,16.2294041616006,0.549248502015128,0.101279732363292,5.40359972355987,0.0641464520456701,0.166409289287316,1.09020803204812,0.0208310764003935,0.19407736318946,19.4009034997931,0.483814828841641,0.075999619250682,1.00288309926358,0.00423027338447726,6.00061895512235
0.192247951756984,747.249236774187,8.59107187861409,0.220712520278832,8.10918567113405,0.372006222949991,0.158265023037518,3.71657187129828,0.141674198241985,0.181276667317931,42.2091252249533,1.15738080040514,0.186802311309631,1.00577451078852,0.0213774637562838,0.144812662415783,126.408257241301,0.310110808198657,0.158868589235733,5.45047194460812,0.188732038325721,0.0869961964749098,1.01158236655188,0.00110197741541168,0.192389835264624,10.3574730860055,0.365445647126942,0.138889716623164,1.56242237457588,0.0365039244963479,11.1854049595306
0.155986512764087,34.8134037078059,1.28821211646898,0.246577489812117,62.258485186131,1.16507456441852,0.171874879735677,18.0017127911777,0.459098144243596,0.195156806886031,49.166910368017,1.56293864836473,0.189902375784786,1.00867425853989,0.0282481891047695,0.155295892582014,4.44285270778494,0.159794314201496,0.101360714418933,5.65832869261085,0.0650152640593362,0.174224180483832,1.017423759841,0.0158825122916207,0.195082488047613,17.4405585739443,0.47946275204336,0.162626110086313,1.21624552488348,0.0450961832761723,5.26882268847258
0.134047695322218,541.190039094199,2.02054178008673,0.215741072630548,4.01699207793678,0.210980771754587,0.194800994666792,8.27426512232383,0.391628543139814,0.199303471066888,55.6463084955692,1.77739273112694,0.119639967137978,1.00577451078852,0.00454691637708232,0.105027171013015,1.94456383978917,0.0445533752291783,0.158645078255107,252.988497160128,0.406605858739326,0.179686841448812,1.01449885892793,0.00204647605083772,0.128347665614018,2.89311263070037,0.0679304147044954,0.181686895302282,6.76406156642458,0.137705383501135,5.06393225071012
0.178052029760549,398.725379356344,5.62049028506257,0.244887526582123,6.33068001474387,0.383506093125094,0.185397174210601,36.6556592993152,0.739630331337028,0.194703823796863,38.3836293157633,1.38284561637271,0.182300902578164,1.01449885892793,0.0245454011174226,0.194412231257042,40.8933710575319,0.88037552277985,0.12509073944046,20.788801735641,0.149735459242776,0.0929151955136764,2.94352153037066,0.00347857770130208,0.188916257667517,3.66345594042931,0.16913480299248,0.141905380081197,25.7990016756576,0.0617739259526655,9.4155160156839
0.16851753353315,64.8721307788236,2.39634531650962,0.237656996315415,26.3241943658462,0.809301312009592,0.104714034814883,1.93339940407185,0.0447604885805481,0.192375680775451,51.9312596738742,1.53767885818512,0.176486859289192,1.05015961695978,0.0224431710562024,0.182648258171069,10.3574730860055,0.404557914029276,0.175744214443383,69.2564322420242,0.5861626864139,0.150334381376052,1.01449885892793,0.00957351375674367,0.186489681519274,71.8975644100998,0.508489555219667,0.180061391146583,22.598963573615,0.158410231199125,6.47772304695979
0.179246080003829,114.828720794292,3.91661629421201,0.21401540394755,8.76467231833321,0.356903076349391,0.106980357828018,2.9350594625955,0.0616811663470223,0.152228086500768,50.0235828063934,0.671588089395229,0.187122375412281,1.01449885892793,0.0124480579050452,0.173009095537409,6.8227347852315,0.271290961560232,0.173804683324987,16.5121814020749,0.421374098240098,0.0809472955891557,1.00867425853989,0.0016441739697334,0.189549311722416,19.1236326478425,0.442100063184274,0.177199628514421,2.30457394564778,0.0827114533408263,6.23835743450386
0.199620379058101,503.907415044869,9.32524002299466,0.237387709204544,9.80613514975012,0.512139255221539,0.0616552290442153,1.32978351631576,0.0153074478372071,0.178028693330152,25.8733827583896,0.878456032983468,0.189221851269544,2.51970871206025,0.0350324741106176,0.0914164561458525,11.2918003500854,0.0615613598567821,0.171175965982705,75.0704237295268,0.525243170091166,0.193730072712508,6.31248050684326,0.0512516953581317,0.156370611011912,12.8536732852339,0.199619911796917,0.199774247390109,66.5205358429982,0.274264552488947,11.8781159227394
0.0728295221836611,10.9537279279222,0.162734219264473,0.241023763172524,68.8588063220333,1.06354235546493,0.196356292732333,13.3438551917019,0.573640639331242,0.197661003554244,23.8009421380058,1.07682266641608,0.190979560030873,1.00867425853989,0.00591330247416637,0.156512493627325,41.2480907306527,0.379385533925215,0.197959863894854,65.5698478688224,0.958638069692899,0.197347434338536,1.01449885892793,0.0349706074921663,0.188546260611959,4.3542135747773,0.196970374729103,0.194685476463539,53.4480645187486,0.235802862543328,4.6884206313336
0.160895268024839,251.07303083665,3.55077008534211,0.19752252196872,6.84240540686637,0.244542070893312,0.176039259800832,14.298445429222,0.452444425101801,0.198058372533004,299.825949230359,2.46661427582629,0.161540522033608,1.017423759841,0.0155245002385703,0.153608846829049,7.12382395041967,0.214534569440992,0.196652242673911,20.4916955329151,0.685860532555813,0.184969096774178,1.24458268867087,0.0312188308780092,0.0485923118738558,1.00288309926358,0.00461251434009267,0.198907858979327,1.65979714701382,0.0806656316506719,7.74678743626766
0.196579593449744,81.9851191363338,3.8512949853621,0.0938501871333901,1.00577451078852,0.00843661359040926,0.189186578604268,7.18561784115829,0.330549962328359,0.180463522433881,68.6608502751685,1.31807384068222,0.191906313459576,1.00577451078852,0.0204767910662689,0.165783807842055,4.54636621906863,0.180344910472268,0.192161567594044,10.8145512259435,0.452170100999122,0.157284464995995,1.01449885892793,0.0105371625068491,0.191944244628812,67.874700613069,0.574916713452264,0.183203023322443,1.32596064017055,0.0587910570405671,6.80559213750043
0.152696198684612,103.612440027837,2.35128830735911,0.237092165131988,96.994405762188,1.01573706781964,0.177619929314251,19.5691919526579,0.526162651712442,0.177901678712371,14.3396692667093,0.597856139223361,0.174163444613177,1.01158236655188,0.0126529745771492,0.184579706980462,47.9093308411956,0.747411984294665,0.157481452949695,3.10901742259474,0.11770389024142,0.185810471300857,18.5809222819382,0.044608186984192,0.183778818706644,5.23515726431772,0.216920678174796,0.174189523676544,1.24817094410403,0.0517747332867377,5.68211661367351
0.184021361563918,71.6897104985443,3.07661600616613,0.186538969747791,2.3787241732935,0.106885872151855,0.195968342640891,103.336456089342,1.12805766568228,0.133772836623822,38.4942931291769,0.420667633594528,0.167572221998187,1.01449885892793,0.0121743247820568,0.165742597488082,15.8142923261533,0.377512617724145,0.124830157601502,27.5651328577691,0.152592064474425,0.1856540818711,2.90145376159538,0.0392482187332882,0.167678158062164,2.91820823764409,0.116629146292959,0.14694243154157,1.00288309926358,0.0101773405262282,5.44056089012789
0.139890230483517,77.2139613539863,1.64077528562084,0.197391507000987,23.0590127888488,0.355349443669179,0.148271837966371,43.8187934508356,0.328785383491824,0.17010282798641,20.4327857832706,0.691438866181693,0.178422482284166,1.00867425853989,0.0221733514805637,0.198456940360631,45.2286737958236,0.986497524373808,0.133269167955558,8.46704626823108,0.151595597464763,0.159229319092153,1.00577451078852,0.0155413370385854,0.199247278832824,6.68661474347447,0.306855469586186,0.192041009279698,2.78683513858361,0.112954341224972,4.61196660013241
0.126572086381967,91.1199807677937,1.30853067499525,0.2131628308902,4.20635552139048,0.21496764345162,0.150531430063353,5.773515819051,0.185343725551176,0.178687184713255,16.5121814020749,0.671707956094454,0.142333442834179,1.00577451078852,0.00594673440556087,0.187395029174896,30.3124057150643,0.702719301010567,0.185487514922458,8.76467231833321,0.363182870179614,0.14047803121837,1.01449885892793,0.00368138581368377,0.192535258422292,11.4555185704036,0.387239474857272,0.121685480859784,1.00577451078852,0.0208095457989078,3.86412931215811
0.0736729268982839,52.6672873144766,0.298100772031051,0.15242000731963,325.932960987591,0.132077738379255,0.132255459185659,3.53905426496764,0.103360358618876,0.189103830660509,12.0648070327153,0.558055713313241,0.171787233553537,1.017423759841,0.0110397458099729,0.152804920283879,4.59902389909696,0.159617099652233,0.195828183041192,6.862132740856,0.327847974704034,0.199488218983178,1.58051892322707,0.0442937496911691,0.199184386797272,21.5195511317025,0.545068156282029,0.115767821690385,1.00577451078852,0.00702036682224001,2.1864816753041
0.163013355192576,53.8841013941959,1.96179661664825,0.235964340507474,23.0590127888488,0.762198628906805,0.167511786751431,61.3687089327262,0.546575574244754,0.123763304593732,7.37423424898408,0.188575442127865,0.191761064384498,1.00288309926358,0.017046682729902,0.145334047693295,6.01097243209366,0.171241901672864,0.192367806366244,23.1921673069706,0.661281016966658,0.189283273166567,2.2456281019818,0.0402210694988057,0.177631436691079,3.9368492691367,0.164129258515079,0.171777267748477,39.5047358569031,0.132807106500571,4.64587329781155
0.193775260008901,443.151748528471,8.18309155168621,0.215039603319815,39.3911672117236,0.568601663248267,0.199185188667859,77.4858328855303,1.15440180693951,0.138075883446097,12.0301229939707,0.314495040239612,0.120368840990674,1.00288309926358,0.00188107269966994,0.153890922822722,14.2163529457634,0.290571823538236,0.168057851775356,4.61228334151361,0.184054081809983,0.189262115532667,1.00288309926358,0.00117869578614123,0.172258867955145,7.24794774808137,0.224187564172756,0.150108966450005,2.90981894079874,0.0569630501498405,10.9794263502702
0.157973459842449,117.817603099369,2.72111222063027,0.171009260805435,4.61228334151361,0.132929365177816,0.156930893970624,9.12515100556096,0.266995255483178,0.140355577467855,12.7065019223768,0.334931569715643,0.192784961963587,1.92784124639408,0.0364791605911474,0.134078838980562,5.70741049859425,0.138372870320819,0.192441521874454,32.9518247994517,0.742908478408341,0.17480664787722,1.00577451078852,0.012231655605084,0.187944230606161,3.46844676966084,0.15941857172574,0.137820126315974,1.00577451078852,0.00250699008224753,4.54788613774029
0.187017166812133,207.358872775356,5.69637122735926,0.248804941594528,6.7058929175172,0.413054115240228,0.170624976416204,8.27426512232383,0.306042895626546,0.194634751524855,96.1602865751648,1.93691870055734,0.150197838090589,1.00577451078852,0.00618051372117693,0.160774648536158,9.58286508470002,0.280044773720513,0.169788670927291,6.0805937181354,0.232827974282094,0.13442805691493,2.02454102487246,0.0109192018653641,0.165116206956867,5.97646129188652,0.181380649542022,0.1455335957523,3.80316384938978,0.0554147417942963,9.11915479370884
0.156125494392793,75.4703109469935,2.17319056894704,0.247545956546011,13.3054941313703,0.697441544592717,0.173324729765018,117.969011946993,0.665514877352948,0.161444523491866,26.0227888862634,0.676580518590526,0.182286809468653,10.2094477434412,0.0339278651223357,0.14478814970999,6.04568285725226,0.170267769544213,0.182123234285137,22.1480927773524,0.546217327986864,0.18625896257012,1.00577451078852,0.0234143650005782,0.193489091437415,20.4916955329151,0.480611651832484,0.185786489054945,3.32185250376586,0.11392486359637,5.58109135256608
0.147259660633689,45.0135277249103,1.41834461419087,0.24795653858775,9.02067029565308,0.533462140594367,0.171154391003312,21.7687984609418,0.485374781068769,0.171302967996368,41.7258412370602,0.963665774186734,0.144623790964116,8.22675961020021,0.0127376583337675,0.175445456155634,5.90803229623124,0.246381105714246,0.192687232007045,20.3740453880163,0.634860222956763,0.17869662412327,1.01449885892793,0.00831441389412584,0.158203104679236,4.37935702804035,0.138560378147773,0.136689238353764,7.99329205722658,0.0503499085702266,4.49205099765764
0.199341705554524,99.5525607760562,4.59671656986546,0.242906347788352,57.9349631659321,1.06712328911871,0.186910234262097,12.4529951356256,0.490589645602438,0.157875704016714,20.9088468955437,0.577327745745534,0.175052429488089,1.01449885892793,0.00859506576160635,0.197907318347848,23.1921673069706,0.778357807342265,0.199134808054528,55.967638704318,0.966192756384235,0.113524094225187,1.02035709353375,0.00158761517342129,0.143724350491577,7.97031285410644,0.134867339056942,0.198636389212518,51.1890764754063,0.26134345901031,8.88270129306092
0.184577038001682,131.31935237462,4.54698722216734,0.194191700615011,2.14453349218355,0.102200917772181,0.183363149820791,25.7990016756576,0.647389013031472,0.183914360936648,64.8190894156514,1.39632141453122,0.146521005449757,1.00867425853989,0.00457519267981366,0.180047701072157,7.65545473146367,0.317651298908202,0.185424778535072,6.09812467340626,0.272268450860889,0.176539250052503,8.32204495553973,0.0342662210448065,0.128127078363801,1.95017021036364,0.0538955271989478,0.196117670480458,1.50070065992818,0.0721579338799287,7.4477131920748
0.180706748513505,52.3674017399325,2.28956834452055,0.213797844215008,3.37973166401872,0.178284345559149,0.169140135980799,5.2653877364201,0.213216297951168,0.164975624958442,13.0400368809022,0.48283763957311,0.161312003860039,1.00867425853989,0.00204703773975396,0.190097571447043,29.1988899724563,0.730207572760286,0.189065620248556,21.8945026225075,0.612744171383274,0.114304599598598,1.00577451078852,0.00557219790136164,0.185531509220827,14.9724828208773,0.375710917435395,0.171612379741918,5.13071090257931,0.104424768211819,4.99461329303587
0.198307609275383,418.555671281086,8.73174747110096,0.243014083862741,31.8328643748612,0.94921356044034,0.157114873434589,322.201109632407,0.455445978796738,0.140663930529807,27.3280820090234,0.451128177433324,0.136348719504389,1.00867425853989,0.00611369520121516,0.178920329426638,17.2408685151293,0.495065576961816,0.157070228882222,11.0347040567755,0.266343066984713,0.144926528260111,1.00288309926358,0.0052749682909944,0.182022061970914,37.9441463047634,0.424879794456061,0.111372282557628,1.73804099143649,0.020963394931138,11.8061756845973
0.127126460933146,70.8756376769752,1.23780590250062,0.223063675979472,8.89175006582625,0.405290981372018,0.175033289997808,5.41917883794353,0.229641298870283,0.190605867350534,17.5412692675873,0.795708909664529,0.178474276642301,1.01158236655188,0.0158601870850576,0.179108362292466,18.3681753422353,0.510698524427172,0.18814730701094,25.8733827583896,0.635359880837047,0.163044929643187,1.00577451078852,0.00868675774740765,0.116128781343703,3.86942926293753,0.0601274127192962,0.186585088090422,13.8527304550101,0.173579646071782,4.07275950129521
0.1442061959056,95.9252483265238,1.93890631586127,0.214306192210574,100.403866506169,0.608732017906158,0.185526964514062,20.4327857832706,0.620543620463428,0.183864224310898,44.7108167276501,1.24680517947137,0.19952648137071,1.00577451078852,0.0108968404375423,0.181827908785129,25.8733827583896,0.603554564976069,0.166760569204215,7.02201277776474,0.248969725150379,0.173323094597182,1.31834782642385,0.0252760462516704,0.188898099243219,8.68929909148323,0.316981183278757,0.155807910777188,1.50936647207927,0.0472384537692738,5.66790394756592
0.182099486524828,148.472865522507,4.6316196093074,0.241439477349814,9.12515100556096,0.504631585004572,0.14631834227197,9.25745528268664,0.222584226397145,0.187519938153963,55.4863358814509,1.4434794267378,0.186795904955723,1.23387969717049,0.0286210945194209,0.1848332668065,68.8588063220333,0.793206708745445,0.199256585228936,26.705865146348,0.792731202381797,0.195946836701026,1.00867425853989,0.0056844876920321,0.174825164801153,17.5918424880948,0.316900234953958,0.182198909759774,4.7881753057283,0.124547638729909,8.86400621446948
0.175232333759273,159.003313274763,4.199026956423,0.223028112437653,55.3268231583471,0.699512079311641,0.196653338981411,30.9294781934387,0.883924999297205,0.199067497219199,18.4742425689144,0.890341739898785,0.182148496991677,1.00867425853989,0.015643089585907,0.150559408346308,9.418754960271,0.23405933332058,0.169993828030908,48.3249087633854,0.492767392281931,0.114802864096991,1.01158236655188,0.0027642361026368,0.165206248598009,2.57841511385935,0.102431649789607,0.192201027863853,1.90576794350953,0.0868228893376734,7.60729436534897
0.199208998754619,1868.50052445164,10.9088434851669,0.218358133874602,8.58980877761041,0.375801111986312,0.151646614064088,6.45955425993623,0.202122887480508,0.187765161809422,29.1988899724563,1.08927447934446,0.169727429949354,1.00577451078852,0.0124980596910149,0.189906201027843,18.1578643020893,0.61010403873873,0.174261203017562,11.1946946742062,0.357319696252651,0.130544314687399,1.00577451078852,0.00561746867619319,0.196465100442336,32.7626366009394,0.571158482559545,0.15625902288459,1.23387969717049,0.042058119478579,14.1747978293749
0.164459710786301,63.7702900049803,2.25580570507944,0.215877744309647,215.319454467205,0.648080493841999,0.198292019055066,12.7431360287119,0.573156048263186,0.162525023673799,47.0888657531278,0.828751007892563,0.137317222650549,1.00577451078852,0.00752748349674143,0.168056701667614,6.34893199363231,0.242226145769433,0.0656010560873803,5.49775074742009,0.0235469267972094,0.194595125334849,1.30325307163827,0.0378954602796513,0.124164914108519,12.0301229939707,0.0918009723292529,0.195680198573612,29.4521686931553,0.234719471031997,4.94350971478147
0.18253612117713,62.8663987579918,2.71831477347961,0.241069998878428,14.1754836193795,0.665427256434619,0.198861091652706,62.4379825789225,1.10492923550312,0.0976361731777771,3.59036651349369,0.0759507839334593,0.171834706209326,1.4455729400936,0.021913663381475,0.191483422478262,10.9713498785374,0.466574750168922,0.189406922709662,35.513019260565,0.70937953017365,0.179624099872538,1.3804955427344,0.029347923982797,0.116522499107348,14.5475781084805,0.0768732713331358,0.150393030017208,1.96708649096514,0.0495212342770103,5.9182324226678
0.196575204837668,709.816625669192,9.46573565130002,0.247579836182434,28.7815897627645,0.996373148527479,0.198120248030033,18.6882180181159,0.719152415157976,0.188808775362282,13.9728926204603,0.642735702773214,0.183238561257256,2.72338334507132,0.0309694017174525,0.126008425217693,3.59036651349369,0.0935699009426853,0.183535487419667,20.3740453880163,0.539421371154456,0.185265139641869,1.0684573459204,0.0298796488729328,0.187395317932475,4.20635552139048,0.189154158518389,0.173563922138724,1.34518555643637,0.0547603099728889,12.7617517089375
0.157852315019062,114.501338871824,2.68309052710582,0.240921588399122,6.38559396992509,0.377515479255592,0.178717274217661,20.1988354669711,0.543354057582033,0.108406275672342,3.46844676966084,0.0854350437589504,0.19963213973007,1.00867425853989,0.0313830728456832,0.188232911468883,160.06673089594,0.925102928911114,0.187793335619865,7.90177085082341,0.345863025804738,0.121810097812005,1.01158236655188,0.00446868263154522,0.109710805597987,3.49853297367273,0.0503831593871631,0.182458131582895,25.5036095217804,0.170004979055482,5.21660095633812
0.199952351291497,200.947701661722,7.10806570784925,0.236635061401698,5.89104782059798,0.341859449302967,0.194004265020951,25.5036095217804,0.782368710820163,0.1950092504967,256.656541690841,2.2297529888512,0.129228109772843,1.00288309926358,0.00447563426490396,0.177312622479611,7.06256146630704,0.290473195611575,0.172576171342198,30.7519010092932,0.484172568471248,0.188329263292526,1.00577451078852,0.0103375766271893,0.151325705554393,1.68386231169735,0.0610321903166496,0.0949668917989471,3.48847535295163,0.0151434476793175,11.3276814697945
0.16685211275938,279.047831876704,4.15527503077151,0.238332963841392,28.2886943462597,0.847210875244596,0.148280948547329,26.0978151697375,0.30953590588724,0.131802312594962,5.13071090257931,0.157905023301661,0.199833828874234,1.56242237457588,0.0395604811209877,0.0994453894283127,4.41734470314007,0.0616190090392179,0.146779662452282,4.63891702142887,0.14491247174203,0.161058357178385,1.017423759841,0.0018336137550033,0.160011986919857,6.06311316104581,0.168318351895902,0.175372620502676,5.85722521042959,0.116148677995186,6.00231944075333
0.193026765928528,301.40997547179,7.21768279999694,0.157308498592969,3.56975293664868,0.0935286034691136,0.164794984077475,740.401631120216,0.564325686561412,0.163815480885695,49.879774465365,0.859086646814656,0.160835599974443,1.017423759841,0.0127202521474579,0.12398594257708,7.72186012504483,0.128413710103288,0.18793529270151,45.8844379566866,0.738193689482447,0.173878448928656,1.00577451078852,0.00145268996398031,0.0878330755063805,21.2120013170279,0.0347015546228181,0.166200411636103,2.00713065465068,0.0648213361129135,9.71492696927503
0.192332871198276,85.5725471512499,3.82527227512879,0.23566545423307,16.3231210310229,0.655727029029772,0.115084029565977,2.66904925964653,0.0664453235625458,0.192974977136231,29.2830732706331,1.16581647087361,0.170650042988563,1.00867425853989,0.00316138894307715,0.190360604237148,7.97031285410644,0.362434496445134,0.134571821834785,14.2163529457634,0.175883941125008,0.147186027597322,1.017423759841,0.0116191817610443,0.198560049889159,65.9484816627422,0.669809646559122,0.1444350271288,2.73123512958793,0.0498153642221564,6.98598511765026
0.184310388010891,859.455923731217,7.22984155189014,0.24486198483764,15.7234968241093,0.745258617068783,0.141152300549481,66.5205358429982,0.2843164024486,0.126007582634896,690.971070825399,0.401084693644831,0.170114068929522,2.22631645743836,0.0226795870658748,0.196914577234041,214.083228554278,1.14762064072357,0.185554462052105,27.015182265558,0.615345662620282,0.192563480867298,1.00577451078852,0.00954406175687162,0.198478668273125,104.533336801941,0.687908392107461,0.190943594998503,33.1421054672574,0.21210367418866,11.3557032835151
0.189387170089463,174.71287654445,5.60154647503116,0.208566677392134,24.7086041684656,0.453843534817063,0.168142606165017,4.0518365057735,0.164923273658691,0.175679376903117,152.860780949318,1.35667326355043,0.16488603724628,1.00288309926358,0.00152039407390745,0.191754889682689,10.5683211343905,0.457841166022183,0.179223383979458,155.077087847916,0.68061978588647,0.163454330419201,1.017423759841,0.0162071057408038,0.154060307035069,2.25859550568368,0.0820190945912088,0.151830618589422,1.39247031798524,0.0428426555021812,8.8580367488741
0.17357506340261,86.8029067373029,3.07490314877612,0.215029284683802,19.9101608535235,0.493713089135939,0.166210355201255,9.89119610131619,0.319356729992713,0.161658003855369,24.7798415269477,0.663225193707962,0.162309834813643,1.4963864293158,0.0175488380678053,0.160911305705639,16.9456122371505,0.350092820556847,0.18392020358243,19.4568382303861,0.533924338933417,0.158526126202805,1.00577451078852,0.0168860238742882,0.170609133363416,29.1149486853426,0.315730121850998,0.184002838630364,27.6446058720117,0.176606696175416,5.9619870010715
0.165080771448973,566.486003118619,4.41973714842834,0.216881237792051,22.9927224875773,0.528539406893275,0.196834500335079,62.4379825789225,1.0623637032049,0.1971538921689,39.8474101492761,1.46460095446872,0.164092092646267,1.00288309926358,0.00196099376011404,0.131624859028377,2.84356700216288,0.0855252682302953,0.157366933505449,10.5076446271293,0.260771098388432,0.198171010566609,1.24817094410403,0.0397949615624575,0.186142304381401,24.0766133741283,0.436038009003062,0.184554189142016,8.71435120329488,0.155274740626932,8.45460628456653
0.157105861483089,223.976055777755,3.2223489472278,0.141456530882798,1.91677282105974,0.0527132347880491,0.193549208996432,55.009172100585,0.971273059652664,0.128651778065582,20.9691291766305,0.325419344096331,0.17132095976889,1.00288309926358,0.00421089957011811,0.134277035337916,1419.18172319953,0.546894615674294,0.157480643146459,16.2761951447872,0.300387802499325,0.148390572454092,3.1450272019994,0.0160438476511736,0.169223294047005,20.788801735641,0.29378581586789,0.170499600833856,2.65372529430481,0.0806729815179893,5.81375054854564
0.192956789587996,296.290584500184,7.24779663667023,0.218396356531519,28.2886943462597,0.57096538734735,0.164413365473193,11.2269700901773,0.331579970381948,0.170172558553098,26.7828608064846,0.792532789014235,0.182413447002047,1.017423759841,0.0242287672565427,0.165696868208854,4.02857346483847,0.161208318655044,0.10277796060234,1.65502554408647,0.0372080823136299,0.181310580573872,1.00577451078852,0.0131499781937185,0.19674935934818,17.5918424880948,0.492962068275043,0.151595399454306,25.5036095217804,0.079180100186107,9.75081209829385
0.189757428474449,493.936382081693,7.52589419886699,0.151817489003861,1.53566531100084,0.0530310753683434,0.199809233818631,97.5545010046874,1.21179344525724,0.174748110293659,83.0290000254614,1.21584158204125,0.173086440491183,1.00577451078852,0.0204275589621175,0.16374849289644,20.1988354669711,0.395060207807762,0.172725427287019,6.53437118513655,0.254454157621824,0.125671860254927,1.00288309926358,0.00419758715160233,0.134576844054312,1.21975208146059,0.0386097601797563,0.129001810507473,1.00867425853989,0.0100682690793646,10.7293778423363
0.12767234814815,29.9246107489204,0.81846283192489,0.201783323638264,15.0156499750721,0.355486955128511,0.110603067591947,187.528926298918,0.127431621582564,0.126355810728767,4.18220533158347,0.123603755893763,0.18414686322914,1.01158236655188,0.00500382008491699,0.186719058095911,30.0517292460135,0.69722787966394,0.163042654442914,4.29198469417562,0.16563379792863,0.197240260093063,3.33142973427318,0.0513795225412199,0.177636102491236,5.94214829246472,0.218468588484582,0.142619767581903,1.90028922105573,0.0420841478595485,2.60478292109257
0.134385385872466,38.8029760290526,1.07332700606041,0.103442277092951,7.45964533309522,0.0310695345664606,0.0917072309003122,31.1977684837926,0.0705408058217118,0.149166844966725,16.2294041616006,0.44185465310335,0.189530735250652,1.20926262481036,0.0302482602411912,0.196532643967271,23.0590127888488,0.75944821065869,0.152399579185969,20.3740453880163,0.28857436528092,0.153808904004511,1.017423759841,0.00313088682009081,0.199783450037915,5.22010717715947,0.25256287479084,0.177504004402962,2.13836836392825,0.0795018148364787,3.03025841218014
0.15991953850594,4975.08068048099,4.20492590279512,0.218914793353151,4.81582467568853,0.253271489108768,0.182419249113096,10.8769999686707,0.424171536326316,0.198757435902302,108.519773144765,2.16219952938778,0.141859070039623,3.6952337044061,0.011548797583505,0.18621492551423,26.5525372336299,0.666111683920275,0.115333564833362,2.43414579263315,0.0595345939752939,0.1911394979167,1.5850757161707,0.0380761775078632,0.17950306063039,7.37423424898408,0.254938093027622,0.178077538774117,3.72728711692345,0.105302240424225,8.18008004405677
0.198621235353861,79.2237672736159,3.79846880712588,0.16483593771904,1.50936647207927,0.059593313699021,0.16838204214207,10.9713498785374,0.348475454844601,0.154706631319954,15.7688292262238,0.472215131865372,0.143619581911436,1.01158236655188,0.00678271234404029,0.188281117668836,13.3823268507784,0.512400361643542,0.190460254146776,12.345903576098,0.481931354831007,0.145738644681701,1.01158236655188,0.0122373370029956,0.189187329928413,6.68661474347447,0.2736906649352,0.188051455914266,1.50070065992818,0.0681321306088615,6.03392726890052
0.180409644553665,62.6871637866222,2.66406943404502,0.236794307964118,55.4863358814509,0.958555911095252,0.158649733562862,6.62911211113257,0.225904991310006,0.12221928884863,60.4916490468777,0.330123288145787,0.173054765258726,1.00577451078852,0.0105410692762742,0.164608812972591,13.7336016436691,0.35398075156749,0.165076281506768,6.45955425993623,0.229118356497602,0.190686073965802,1.36468921205103,0.0361659932352472,0.198514957258645,15.4987821679022,0.486372369649968,0.187084312367937,1.2267955530143,0.056032559519457,5.3508647243421
0.177889273489558,82.2195307701277,3.14430608385303,0.238891226618344,5.89104782059798,0.346376261410528,0.182057946052086,8.71435120329488,0.362930164882532,0.16329917479322,177.546586943045,1.03138865414794,0.195980031833091,1.21274904899342,0.0339748724400501,0.110821355283003,41.9667875574435,0.117165375608533,0.195949845796304,16.8483214233231,0.618989831101221,0.19542848207571,2.95200799512719,0.0481583954541135,0.168224860709726,2.48369792620856,0.101004404870263,0.157824417348193,16.2294041616006,0.090310602214966,5.89460464598318
0.148061063530364,69.0776131565211,1.83529643307024,0.233896275344163,14.7585013912184,0.614667092862521,0.189920690203611,45.3590725519368,0.8665849296037,0.191511436070923,56.7791056024212,1.56118216483444,0.158522120958868,1.01158236655188,0.00681326142399331,0.195710305596299,8.46704626823108,0.399846836029515,0.189281245002282,11.5216685859765,0.453250015308367,0.193508485708368,3.40904833026788,0.0474209743654854,0.184468136559603,14.3810119566121,0.367416736912263,0.169031344349681,3.08228092099346,0.0834429350699845,6.23592137948051
0.198191145189052,1146.72624693726,10.2181604348409,0.200012159122598,3.37973166401872,0.160723510987061,0.171551205187998,13.4596032415536,0.404732295072073,0.186869080726833,20.0828667363378,0.849955998268431,0.185037766867123,1.01158236655188,0.00329994074183273,0.14613007941858,3.30278056177977,0.113561808993585,0.194633568080001,43.6928227058688,0.841298946917121,0.175948353733781,12.7065019223768,0.0342921877196465,0.151322750055972,3.50861959151272,0.109520304300325,0.183127049004515,10.2094477434412,0.153338897696538,12.8888843255375
0.199799230347109,133.970279981353,5.66339373190646,0.241074174152529,21.3344902474791,0.809315730267874,0.165401690437529,14.6737675621227,0.377982747473649,0.16265493546486,37.7262954049369,0.790922031537558,0.154670280101258,1.19541686845759,0.0144211782521164,0.116148479013347,1.91677282105974,0.0509694462568081,0.185469317978803,13.4984086137474,0.468598600730593,0.172245608737294,1.00867425853989,0.0144273308265845,0.176975465025923,6.1687553886527,0.221174051337508,0.197229237087217,3.02949571521225,0.126732093880627,8.53793694246978
0.177640552466369,46.7156669673144,2.01457020783075,0.232102721329909,12.2397329678754,0.544953310097377,0.194789686156547,7.99329205722658,0.379295707930751,0.100471748897773,9.04667778353943,0.132230962172594,0.199801749032264,1.01449885892793,0.00135955492970516,0.199994826640804,15.4097981223956,0.643438230176364,0.197765113514737,11.3897483457029,0.502630937659469,0.157760421269418,1.00577451078852,0.0125595508149837,0.169921221454322,16.6075311717231,0.285909090450852,0.170156349157082,1.43727338940046,0.055593910875995,4.57254146293884
0.192852185731414,439.372207117504,7.95022793012374,0.248027792964827,287.981666926481,1.37764530745621,0.107969486061504,66.3293018815899,0.116498735138789,0.138240496089111,9.72180569368846,0.278887876987434,0.0814373885705411,1.03813555048354,0.00121792185502751,0.0859012678590422,3.28381811862624,0.0403258679464826,0.176127609485701,4.94223601165526,0.209951481954605,0.197175975173982,1.00867425853989,0.0196643466382358,0.189933491716382,3.59036651349369,0.166702309765919,0.192762159105527,1.7230944249062,0.0800580421063068,10.2411798199727
0.164552612600791,71.2815119540969,2.40840115669798,0.243282161906964,30.9294781934387,0.945990376368074,0.171393992397223,5.41917883794353,0.222786737570542,0.19824433451136,31.8328643748612,1.32250079668756,0.15478283008655,1.59422875299434,0.0148876085640485,0.174275496463925,4.55947384416678,0.192881721320188,0.161788493708866,10.1216499350543,0.27837107202326,0.189579675256768,6.96162583541039,0.0464293633315851,0.172935967491054,17.2905756504487,0.306931233509421,0.15428124287365,4.07523387938939,0.0684072718701218,5.80758733794278
0.164191826294235,47.6587103877338,1.8207989075298,0.164402221829612,3.72728711692345,0.108677201408906,0.192440857695858,8.76467231833321,0.403600833234139,0.199601887674411,86.6930926644114,2.06030291107039,0.165132973039195,1.01158236655188,0.00555360827735173,0.148928932762094,7.97031285410644,0.209491165113786,0.198231616655099,7.31081832073186,0.352548078457006,0.185675883171548,2.61579919085284,0.0379557927035668,0.0961546595073721,1.00288309926358,0.0195581031835433,0.198831881070047,1.53566531100084,0.0749039369876526,5.09339053796614
0.131542209872882,28.022661972635,0.825522921920422,0.224512221310132,18.1056638759021,0.573158012872845,0.197000207724938,126.044857405737,1.16570984268098,0.146908795805,12.7065019223768,0.371355376079559,0.166390997386396,19.0686558202897,0.0228337250626306,0.190433876636608,21.8315600677534,0.667306485092561,0.148070977808249,11.4225861207707,0.223819097405443,0.187342197456014,1.00867425853989,0.0138242844428376,0.179794927754407,15.4542261000141,0.341214040336888,0.174228316841219,19.1787679790464,0.13617074079859,4.34091452669276
0.150655899302983,115.157038766277,2.3586700139835,0.214839066204048,31.8328643748612,0.541188625150623,0.182388607221756,16.8968968064112,0.543240463528758,0.194786924007013,35.7180895734179,1.34306179949049,0.136294581216685,1.00577451078852,0.00678048843613388,0.185017631936141,26.2485172849919,0.646346821301262,0.180651493893869,5.40359972355987,0.235315269001059,0.149145907315483,1.017423759841,0.00439544908505025,0.174488562231727,5.97646129188652,0.210245507328393,0.129233035036731,27.2495189410318,0.0436693128045621,5.93291375010983
0.100826692876194,126.896367543829,0.733252507699439,0.234007234446897,7.3530347199978,0.402381926173664,0.191877795533623,7.08292353206951,0.331707873706052,0.133535230538735,146.822190068835,0.475395567105013,0.177172778276634,4.82970917626452,0.0286845039253186,0.197644373352789,50.4575002967478,0.985967695094428,0.193204781301243,8.63941072106801,0.390698438334932,0.166128399894076,1.00288309926358,0.00274047418113858,0.185629312453892,115.283045603569,0.514532063569029,0.147310617812642,4.65229147967714,0.0595672224386577,3.92492827222767
0.0649642187127135,8.02428067821897,0.108562397436036,0.243471002299709,13.4209094274668,0.665917898565305,0.167850783097492,8.81528401319323,0.308113062943915,0.177207347096014,65.5698478688224,1.22047785307687,0.191805114186206,1.00288309926358,0.026408028236226,0.134949207820025,21.7687984609418,0.209873333408801,0.173447440284098,53.4480645187486,0.542568145953008,0.159133892643071,1.00288309926358,0.00409123134934081,0.190502609940991,5.99369202303595,0.25839399828102,0.170567519180163,2.68446171339143,0.0806031792329151,3.42500912848344
0.135374867811431,162.213093593506,1.81269992405324,0.105295521288627,2.13836836392825,0.02684697074335,0.164905581698564,121.764693620619,0.537219518814858,0.175045985032432,120.024475679838,1.31674622017008,0.177488425437577,1.00867425853989,0.0176046044129881,0.154966939919296,22.6641186288517,0.335344828039351,0.155072418248375,3.79223047250718,0.137705763582173,0.174701099059854,1.00288309926358,0.015462804596032,0.140138685160877,1.4920846013006,0.0494583098151894,0.178789707032251,4.55947384416678,0.114527239198638,4.3636161834259
0.155540285736573,120.53963655885,2.61733765890001,0.163861967774987,3.06458444505318,0.0971537456114299,0.177855915838174,25.0668507346102,0.576068980521157,0.170510938550306,18.3681753422353,0.655979882016968,0.166537706402219,1.00577451078852,0.00635542779203269,0.182701079223699,740.401631120216,0.837149797568202,0.103733601258497,11.0665182039154,0.0781800238177311,0.149161969677589,1.017423759841,0.00852854176926486,0.190444665803627,5.64206206761865,0.246773713948834,0.199703847608607,35.0054797479944,0.261251049864953,5.38477882181058
0.170313184833638,51.1848378647497,2.04727059537235,0.20923239225343,318.511987047258,0.554034395151364,0.128264985846859,23.4607874898523,0.18655818794158,0.177210683045854,10.9083594392703,0.46850054687619,0.178534782726484,1.01158236655188,0.0188135800245724,0.17251611512166,9.97699489356779,0.344275824302814,0.170524638851577,10.0346071582177,0.321153366240459,0.161508063051813,1.00577451078852,0.00991202049567,0.198718131954707,13.8926692519835,0.466586595367531,0.171533982644791,2.07768351923393,0.0715331363464918,4.48863824811902
0.190246425388455,109.388376269211,4.40973386030407,0.241972010079524,9.89119610131619,0.541971964663479,0.150370391751377,203.271746797557,0.382265575977258,0.151492796511259,49.0255647982507,0.660763657271575,0.138566398591002,1.01158236655188,0.00345009047719745,0.148691607589263,5.13071090257931,0.164358341929521,0.165931482752213,9.07276025359497,0.282521835163726,0.194709724427228,1.00288309926358,0.0161917579949329,0.0931439376479446,1.87313095952011,0.027794557561395,0.192721901185257,3.21830282695794,0.123369157518844,6.612420798862
0.187370984212629,170.767499659861,5.36604202950452,0.237765870731691,10.2388825947119,0.527943974620402,0.198413651551066,115.283045603569,1.20341979302666,0.147844319761605,14.7585013912184,0.408719874938384,0.184133734351154,1.3686237465133,0.0276720849484966,0.164908860704193,19.9675638236179,0.403542286438118,0.155626573915781,4.25507507288674,0.151723161525086,0.152319429305755,1.01158236655188,0.00387332465315919,0.189878097106598,33.5259694810802,0.498299693978256,0.158677997038796,2.97761447568876,0.0677563887219621,8.65899261235504
0.187940810727786,167.867046233813,5.36816839718208,0.246248456868726,7.02201277776474,0.426386291096604,0.116638816874756,3.22758151346831,0.0771123378601713,0.199103840715352,25.4302914671788,1.14805404589923,0.127150134561267,1.01449885892793,0.00286136708297212,0.128480910859175,1.96708649096514,0.0592452199055803,0.189599823244066,5.23515726431772,0.242656509708812,0.160647426306445,1.00288309926358,0.00107441394501106,0.110332024085159,3.92553157195246,0.0528717472553158,0.164724167168352,6.49685502569923,0.0956650286830258,7.4740953586188
0.18710407406244,91.6417856860653,3.78903940167644,0.226406357457774,9.47314366240347,0.435764694355413,0.167920026538786,28.7815897627645,0.489564879918827,0.165392943732105,18.053613516069,0.600612907136489,0.186677889416918,1.00288309926358,0.0182614118555226,0.198157656806497,11.6216105181022,0.526213337408205,0.169679653890096,14.5895202202118,0.371681949221411,0.190327167859821,1.00288309926358,0.027028277223016,0.187144549125149,8.66431899975565,0.310189530095174,0.0860253210459563,2.82724106811333,0.0114632483606945,6.57981963725119
0.160776404207443,2632.01671126289,4.23176141675008,0.242140944202364,550.408549644012,1.24845561445248,0.122282540774212,4.54636621906863,0.103093014682863,0.150720214258724,17.0434648578319,0.461908803575665,0.171743440967473,1.017423759841,0.0140791319965285,0.162335524703551,25.4302914671788,0.400771286589405,0.182717910663663,150.242983290666,0.734529915160478,0.103218212464911,1.98987000774274,0.00467101798439853,0.144847294893008,3.51873529007318,0.100132499089351,0.190986838519591,9.02067029565308,0.179488574339294,7.47889127462054
0.11344902977733,46.9831874889221,0.803118814934023,0.246125641793145,115.283045603569,1.24788536962243,0.189268381398842,6.0805937181354,0.28173721031309,0.185528334752814,34.208460777616,1.13871050994479,0.179348573830614,1.00867425853989,0.0134419097077642,0.198133588614775,289.644620169043,1.22057414624308,0.171750653211869,5.5454396587911,0.222267061400244,0.163398054125838,2.04799000112185,0.0224102695058274,0.199481165619571,74.6394176073048,0.694410918373697,0.186281805358534,72.1048522251035,0.19669297931646,5.84124918936141
0.139798429913045,49.1792460536021,1.34451710134788,0.243572528047029,6.45955425993623,0.387214015654915,0.142065327510965,14.0131778568844,0.234466401937757,0.175633380781869,11.2593385593765,0.477240782671417,0.158633926954589,1.017423759841,0.011697474972646,0.186790833185218,23.0590127888488,0.633389217241155,0.175731161553645,399.853107120361,0.630928458493568,0.128356183895407,14.5475781084805,0.00998173227843931,0.162694147203289,95.3333405319193,0.285767980156958,0.176297840121373,16.7034315396448,0.140610827557591,4.15581399231233
0.195676070554585,195.84991479505,6.55126933846351,0.195334320905497,6.8227347852315,0.235399485427636,0.123198238219988,174.506035686439,0.182392111678483,0.182325307189867,24.2156440378081,0.906902129481758,0.108905844548822,1.02035709353375,0.00141835578937622,0.192586540015531,30.3997993896586,0.773962364078859,0.136932295986051,37.9441463047634,0.213109692565599,0.150094888769057,1.00577451078852,0.00114607634751655,0.196256343173118,65.7588922489258,0.628037501998826,0.193829085521967,4.26734287669584,0.146735010388208,9.64037206621977
0.170557703098376,38.6923469738653,1.59718503560211,0.204722074490029,12.8167214051892,0.358753609882547,0.114223474714948,6.31248050684326,0.101379504211381,0.18126214758716,12.1344753910871,0.532633463697771,0.164462920943314,5.82359678794962,0.0209496779228351,0.183439529405278,29.6222405590191,0.650840311315829,0.147400361461085,83.0290000254614,0.2955228564374,0.186510551892024,1.01449885892793,0.0246736848736145,0.194345157257794,5.5454396587911,0.253328361130964,0.199178184515281,2.36506706799381,0.109235722914896,3.94450222798935
0.173433758486563,60.9226804384381,2.42424323051748,0.248453880823848,109.461101713713,1.33406730541814,0.191403663547928,48.8846255702689,0.909114089936561,0.107770281823673,3.07341994620988,0.0754136102353071,0.1577373793515,2.97761447568876,0.0169543991417063,0.181686747682746,26.705865146348,0.611025064481314,0.162947801803979,123.17501693521,0.443375208932435,0.184082123778987,12.5610156350281,0.0428123293073218,0.157134538516637,23.3933421622917,0.227596992726925,0.175213013971307,28.0454211126682,0.143570160173969,6.22817239087116
0.187645027703864,129.458008900059,4.7106334502541,0.211724056145702,6.01097243209366,0.27731499258667,0.190067066114825,52.2311372931222,0.891808146864381,0.156122162538687,16.0435815196353,0.488332950029085,0.160537387869231,1.09966477838038,0.0161895712832257,0.150920540230443,12.2750213329814,0.258788195143148,0.185545557696579,20.0828667363378,0.561580461666346,0.120811499210217,1.33746236557711,0.00744319782776849,0.187032901900923,5.59354223610883,0.237033262270551,0.122224804226508,2.81100886708374,0.030092454448165,7.47921668237344
0.197242724227721,84.8427181780503,3.97889112451358,0.22130320926025,97.5545010046874,0.703741471609417,0.18550743202476,18.4742425689144,0.587649669116496,0.185855576387305,59.9714412603752,1.4202215069808,0.149945795694162,1.017423759841,0.00382612772730324,0.126279364046798,2.47655776434198,0.0717943962399396,0.193184354109095,104.232823226058,0.920131934042146,0.192944823580109,1.19198027101602,0.0359245938928111,0.135709338527676,3.53905426496764,0.0854429215303182,0.195604796065204,2.34472828861258,0.105037401650464,7.91266114730328
0.107645826718698,141.842932489416,0.895059848480543,0.241366710692258,62.258485186131,1.05319525687561,0.153113894327834,5.5136013085513,0.186255444088559,0.171799998713029,10.2684023095805,0.42577314212494,0.186054793409592,1.01158236655188,0.0227085306877202,0.167193585061304,5.5136013085513,0.215432001839364,0.17484898327567,32.8570945343963,0.512350031075713,0.133710302656504,1.00867425853989,0.00363342286592783,0.135007827724728,57.9349631659321,0.136427091988263,0.140781386664983,1.71814085427452,0.0393659563681215,3.49020072639476
0.156846615043676,4904.56301653753,3.90521042530911,0.233218693398863,39.8474101492761,0.830524111382095,0.15813875006866,102.743164577046,0.456320703309213,0.150831792231991,59.9714412603752,0.674235662962006,0.153506893332021,1.00577451078852,0.00680620294060633,0.176523064879842,12.9651693704974,0.421834312968451,0.173861362272984,7.72186012504483,0.290615537207098,0.187573856601707,1.70336542221432,0.036406194606365,0.188707456203851,11.1304219326752,0.356218553317674,0.185571146843749,6.31248050684326,0.146620449754544,7.12479215375716
0.178384817715653,502.470752011949,5.90646670556125,0.24229135603778,31.2877147471334,0.933876462420704,0.155535538816435,32.8570945343963,0.379273035878039,0.185986888266184,39.7328563803063,1.22670010053385,0.198613093223339,1.01158236655188,0.0215180638907629,0.159359857099387,506.321193663515,0.466155024226974,0.139636353090856,6.01097243209366,0.148614102634104,0.183480784671918,1.01158236655188,0.0114392388673465,0.197879405191225,9.31091255809072,0.377441368076786,0.184375166076054,1.14160110005127,0.051408413372509,9.52289251546233
0.152913508744936,75.9024969407108,2.06560945874506,0.215154238580352,13.4209094274668,0.433828927721572,0.170996900235211,5.92506573979369,0.240046083930533,0.181762980779246,51.1890764754063,1.26201984218202,0.184024244621094,1.00867425853989,0.00939675018320459,0.168835165058726,4.67915618701786,0.189784938437695,0.136118544773797,5.56142771178757,0.134526197614451,0.143680511648449,1.00288309926358,0.00665597629482891,0.195462777885832,14.7585013912184,0.453553239951381,0.167584026445619,9.47314366240347,0.107266295695788,4.90268771075653
0.195730520037729,288.774070313193,7.488953068174,0.21996396741766,4.69264665877481,0.249146419137325,0.189054855639966,49.0255647982507,0.859632412809782,0.180723100547527,11.756216271046,0.51540713506797,0.105360944839785,1.13504676028852,0.00406678904274088,0.183394211968458,8.29812065000463,0.350373784773355,0.193878331799226,15.7234968241093,0.574543386412023,0.14655385474938,1.017423759841,0.0016295877819127,0.127482507010227,3.43861929685961,0.0729478724220771,0.102497368216838,1.00867425853989,0.0103130196471423,10.1270134752683
0.127300100262019,141.438531816784,1.46542805366444,0.242684802412137,275.01718976248,1.21347165165509,0.171165450765158,111.689411599606,0.63145062889951,0.186999977656233,12.0648070327153,0.551715984425585,0.161942325641362,1.00867425853989,0.01622539461115,0.186055647707069,75.9399168943669,0.826349425504272,0.168856933476173,15.4987821679022,0.376267768553748,0.125752907338825,1.00867425853989,0.00540954007325264,0.163104653064894,2.23273514877728,0.0878411376942337,0.152910954200231,3.39924796097488,0.0632535127466386,5.23741309782792
0.173762139633501,267.349407055871,4.7339084151887,0.240716028232305,34.6046757095179,0.931116019529643,0.156460144937408,45.8844379566866,0.405270995126717,0.148345374851412,12.9651693704974,0.385179864924568,0.149295800098092,1.017423759841,0.00967796983046897,0.178080958146852,9.15145972170511,0.354163154829402,0.16136102670013,4.74699861247518,0.176277507614571,0.197775971805634,1.80432214140788,0.0448250574638675,0.183678331016988,11.8923810771604,0.337653414994473,0.164406503490261,62.0795038144005,0.111880279189919,7.48995267869233
0.168777734775944,83.1638987870644,2.80184928695497,0.241753380552236,8.71435120329488,0.491719322833098,0.19407256055604,11.5216685859765,0.507941581933571,0.185238967360069,282.236159038333,1.82484373813371,0.199389736078764,1.00288309926358,0.00535669884357282,0.166325208480175,14.3396692667093,0.370296978779458,0.184845563745736,48.0474581976622,0.683803974941508,0.116673941815101,1.00577451078852,0.0031368244038693,0.188228347772409,8.08587329578959,0.30172711994944,0.195813772794488,6.72522667244931,0.181318965867615,7.17199449264081
0.198324842870748,142.248489423373,5.77248374236785,0.202303063184941,25.5771389596111,0.404650671757065,0.166980441146647,5.02834834499989,0.200971645774261,0.107262760566183,7.2688443008963,0.139147903706677,0.192897522224692,2.70774742833384,0.038703722492649,0.140946797158556,1013.33125430831,0.283271960433664,0.160810755899628,54.6933447910292,0.399208507826513,0.15712177681017,1.00867425853989,0.00486070392423099,0.195710108852202,8.32204495553973,0.342930347478978,0.196560954494761,29.7076444189603,0.241278900153689,7.82750810591558
0.164145112590022,83.4016807844893,2.61060852604338,0.235293404520822,31.5591124739724,0.812534293539305,0.162955786000115,10.2684023095805,0.309179497913339,0.158696809877331,71.27926959708,0.822177780387243,0.179456907977523,1.72806227717372,0.0264054401367699,0.188714770224336,41.4862782755825,0.778201424406393,0.184090794359905,23.9383809351586,0.578716768726486,0.196206937642724,1.01449885892793,0.00772108858743281,0.194526183157193,3.77045792255574,0.179913145774253,0.167065482359521,1.2232687477884,0.0474964902312451,6.17295445574585
0.183414774540633,555.276700691959,6.76890719660101,0.238064937782768,88.4579120605105,1.04616058648027,0.15663123394954,198.072510456684,0.447900700375975,0.0596816876538834,1.58051892322707,0.0194802823201664,0.182139543842335,1.00867425853989,0.00538518099529408,0.194110987189316,24.4961185033437,0.738488250674092,0.188516909031164,12.0301229939707,0.460971962847895,0.184838674285203,1.50936647207927,0.0331029649272731,0.187526793519649,6.24020417473294,0.255867543653034,0.197304065330361,2.26510726072284,0.10375253014787,9.88001719902288
0.1783386507545,67.5176982631216,2.75679519698047,0.210512433126145,22.6641186288517,0.468316091722018,0.151975246832792,126.408257241301,0.389894332156327,0.185818208472912,49.3086634510913,1.3302719858716,0.181920796279429,1.00288309926358,0.0090933310151239,0.185926568015018,36.6556592993152,0.723747079078215,0.182169474264495,10.8769999686707,0.398070000620546,0.188172534183943,7.12382395041967,0.0457764807262266,0.199567735209728,25.5771389596111,0.581670629705935,0.178695618490388,3.82512526006857,0.10809601021685,6.81173113809331
0.13585273895044,68.2932020177604,1.46126081834952,0.234984887056806,5.04284557241036,0.292596881680143,0.138254524293437,13.0400368809022,0.213250694802294,0.197294372058297,114.621164452844,2.08908559896757,0.181072664732233,1.00577451078852,0.00790426100431818,0.180786744043951,7.54604567969013,0.316073431506795,0.185692758878744,5.43480286846039,0.245839148402044,0.193440189548453,1.00288309926358,0.0334136977533853,0.183954967602617,3.52888015319671,0.157657395824413,0.112888074018148,1.86774606222357,0.0221169996252431,4.83919892791573
0.137591193849848,1774.90008963124,2.29858239445194,0.233327070060373,20.8487379146156,0.704611628581504,0.175851646131384,12.0301229939707,0.410990529279487,0.190249905336747,279.809023229049,2.00378420171232,0.119556757893161,1.00288309926358,0.00130046073250698,0.164045892116674,5.89104782059798,0.21846517657602,0.194727333456036,11.2918003500854,0.482808769076345,0.182377598190532,1.00867425853989,0.00796294526084085,0.183728134596149,5.41917883794353,0.222492656832332,0.0940015174963964,1.00577451078852,0.00906031460592567,6.36005907710922
0.136961006980043,53.4245360347261,1.33726223466828,0.248806718794065,43.5672141029724,1.1555226968906,0.185524551781636,10.4774371358388,0.429954604823407,0.135635303790448,15.1458996051004,0.335705187952632,0.176839623577637,2.9350594625955,0.0270234596167614,0.196332644109525,1964.82253644826,1.18992506695723,0.192306068255072,92.3615840827968,0.887953142454407,0.149152579036835,1.017423759841,0.0101959895451451,0.191863052251262,11.4555185704036,0.380371002529346,0.177611022651954,3.12697047724319,0.0967257038507113,5.85063908928852
0.139530432756398,21.6726902673049,0.716372362427592,0.205122941040933,12.2397329678754,0.356919891707273,0.144147659347157,12.8907317012169,0.238812702164026,0.196278883296416,165.693253695049,2.21320759003823,0.176669609132625,1.00867425853989,0.0148764549288718,0.0388224594628123,1.4920846013006,0.0076536691604645,0.171668927995841,31.3779203344798,0.476027592500412,0.148107505814463,1.00577451078852,0.00171219502582436,0.148950642901118,9.47314366240347,0.158479020246451,0.193121342800334,1.89482624889294,0.0870130330679112,4.27107451126705
0.148290695105693,91.6417856860653,2.07106665231577,0.181601311441079,3.45847564108692,0.134509541068284,0.184559391186202,88.4579120605105,0.840360989344819,0.0887232849650454,28.1262788456248,0.121929562808095,0.173923281144851,3.28381811862624,0.0257167621008645,0.179829295230717,10.783461436218,0.399477815609556,0.185760355723935,5.59354223610883,0.253106339703856,0.180855885918959,1.87853138201008,0.0324656388323472,0.145192801424432,10.1508316565282,0.148081587555422,0.177515800460554,3.83615347588896,0.106603457479788,4.1333183468188
0.177725843332494,218.294068941623,4.92651773970129,0.239733152637758,7.12382395041967,0.411021193928788,0.194441833414765,12.3814980416064,0.533310922898178,0.132998476000257,19.852922906113,0.350496600458807,0.0994334781772179,1.00577451078852,0.0012077821678218,0.150618538624632,7.4382002633935,0.210397780653144,0.195933495752864,19.5129342263596,0.663780858283456,0.199567149010513,2.16937226517279,0.0493624453727207,0.173985044761172,9.04667778353943,0.253887344324854,0.189520096091296,3.70588742997801,0.128293051754818,7.52827571954388
0.156167499630451,1606.10985779112,3.74988872344605,0.225381477198835,6.55321042588835,0.341641295804469,0.188503367619814,6.862132740856,0.315436500014205,0.182365848709015,62.0795038144005,1.3395251764339,0.187122719025209,1.01449885892793,0.0264722293795604,0.195459718519058,33.6226281790017,0.854431451197795,0.195315981583663,8.22675961020021,0.38202133761061,0.184155794843079,1.00288309926358,0.00824444768128752,0.164986338835016,7.6115020308696,0.201819312425262,0.187471934231669,9.72180569368846,0.167710232707099,7.38719070670024
0.157260810223679,281.448240503226,3.34140213018581,0.242630847286865,16.9944681193122,0.745119387716985,0.189940341714041,50.167805761144,0.87673004468282,0.179096481555843,26.9375187251589,0.918100771978753,0.16700691904337,1.01158236655188,0.0182617523983637,0.181048213791963,39.0524164547872,0.660487774859001,0.181737440784585,55.3268231583471,0.650530304089643,0.180290992445248,1.00577451078852,0.0235735696799103,0.16862144089105,29.6222405590191,0.305220220923558,0.102017221913406,1.00867425853989,0.00966715900739321,7.54909311552224
0.183006015591894,587.907075958623,6.69814025511625,0.223195281935436,13.6547521301788,0.499850644733777,0.150540458299622,22.4046201063247,0.314275450458286,0.198376687479842,17.5918424880948,0.84760579593912,0.156849306585894,56.7791056024212,0.0181645817852647,0.189542590817609,13.4984086137474,0.518294912367844,0.0726389241901961,3.49853297367273,0.0270224421173844,0.0990496552168103,1.00867425853989,0.00136267908857297,0.19025781121426,9.58286508470002,0.341634772335402,0.199807569194154,5.14550325140415,0.176176642745705,9.44252817668761
0.152345990942386,749.38576979736,3.24931578464768,0.248108014831559,6.98169689372975,0.428474916833056,0.168873083550051,15.9514695864158,0.419180496407881,0.171273634891169,9.6938573407282,0.401334725425451,0.0838040795935158,1.02920793476607,0.00170487930391091,0.185632952323793,24.5667432445612,0.639423208488091,0.1216312525916,9.04667778353943,0.118278184169231,0.194901943518951,27.1711817270042,0.05566224993407,0.112287176813291,11.4555185704036,0.0672126651184528,0.180483369169388,1.50936647207927,0.0642661055689205,5.44485321589674
0.166541555966623,71.8946855274423,2.50051219730099,0.226626455781153,4.3542135747773,0.243727000731065,0.0854409837376307,1.67902152597229,0.0294301437694201,0.196408377266543,203.271746797557,2.26992001994744,0.172461380980949,1.01158236655188,0.0172944398942103,0.167102271844433,3.98244730043134,0.161208214731789,0.188003365515667,12.2045460501459,0.46159026597823,0.155068462647685,4.52026390637434,0.0196543450414464,0.157340997759507,7.41681684421187,0.173525583419721,0.199185784033023,8.96887940476934,0.208693150759277,6.08555536157359
0.187425496718195,104.205783884421,4.15278006354398,0.219572185089551,15.1458996051004,0.489578025157114,0.168605178913417,6.02830266228601,0.23784096603081,0.191223835443965,26.9375187251589,1.08919770092555,0.191911261270781,1.00577451078852,0.028721348973462,0.178641008774931,46.1493981386924,0.648525426715636,0.18995526841695,9.72180569368846,0.410665548207885,0.137853884636515,1.23033252636976,0.0111907598917321,0.19861886430572,21.0902156392867,0.534485010701544,0.188321579302749,1.20578622343754,0.0555683202407083,7.65855317038842
0.193272139687557,569.730024683029,8.32932573553935,0.247476324603213,3159.54762645484,1.41101668196997,0.192759972480886,328.76018775787,1.12741603315753,0.182235414135296,14.9724828208773,0.64710259386032,0.190787549611482,1.00288309926358,0.0153934663593692,0.17513329879406,20.6100250498449,0.491445419362462,0.199721842382629,25.5771389596111,0.788518677517315,0.190645069291111,1.01158236655188,0.0199660700483457,0.180770071378995,18.053613516069,0.360890142545475,0.172681537818188,27.0930697176532,0.133170207851579,13.3242450282117
0.161507008947101,42.5151595953122,1.61345011162902,0.129527957572271,1.28093437865255,0.0346100613836547,0.198264843358866,10.9713498785374,0.51143191886516,0.10771861039293,3.06458444505318,0.0751723797962668,0.179596962183612,1.017423759841,0.00667378722009162,0.147318941298021,15.5434666953568,0.261066678647649,0.17322656762334,21.2120013170279,0.447139324912623,0.169688088611217,1.8199732981517,0.0251253682867047,0.156065044732821,10.0635379267258,0.18629097696026,0.190205029149865,71.8975644100998,0.217025684262719,3.37798629196415
0.190823879384999,58.2022285223133,2.71378897619927,0.181040305962635,124.601675131387,0.269803772334537,0.126827951033438,2.67674439360146,0.0776765216334588,0.189194542921811,29.6222405590191,1.12387399508439,0.183130118326012,5.38806539618403,0.0330304175218046,0.160302431252121,56.6158764108344,0.433979182959445,0.180411805325983,10.1508316565282,0.373265347100305,0.111728511258088,1.0232988843187,0.00476599782263628,0.187748557932331,12.7431360287119,0.369482979397479,0.119829833449996,3.00344307348301,0.0290742383933357,5.42874142844666
0.134485796854293,365.994892948408,1.97216923571096,0.231188440679593,21.8315600677534,0.689829576951213,0.198474039554948,26.0227888862634,0.845363295395931,0.187930174879672,261.128463634885,1.91633189082442,0.160281032077249,2.39246014169509,0.017946683834475,0.186024588710029,5.67464221589759,0.257924487721957,0.159459255977154,5.19013667692469,0.183924925817488,0.157631921054913,1.00288309926358,0.00924873744100895,0.166049801214842,2.46943812909056,0.0988139053245168,0.165889345054511,2.63848930932274,0.0741839674391247,6.06573670646109
0.170337438006554,184.979733984101,4.05482939905665,0.235793610790326,5.02834834499989,0.293964654030292,0.165907201572406,23.3260907272937,0.446066924254465,0.140544630440588,72.7303083552848,0.53786139430363,0.194175183936762,1.00867425853989,0.00286296711807556,0.162965115353286,45.620999005745,0.450790916279546,0.198669291863955,20.788801735641,0.7096222960392,0.168182215896474,1.01449885892793,0.0171643054422001,0.190143986348023,20.8487379146156,0.452469208422638,0.190429725153945,1.57144459943409,0.0723209627701607,7.03795302771686
0.194979894373383,2900.3295287211,10.1838496152245,0.236148181706384,27.884402330579,0.796345632822965,0.149829810104,13.932723196473,0.276924022115343,0.188997446842809,53.2944114403722,1.46511394118973,0.173121743006426,1.00577451078852,0.0123342462130074,0.131529608651839,21.5195511317025,0.192857469820931,0.173515142846558,10.0346071582177,0.336238295068593,0.17431106454874,1.017423759841,0.0011716109785033,0.128205949513583,1.85168407581574,0.0519705785246844,0.178848496007195,5.38806539618403,0.121411288374284,13.4382167003325
0.160004940633433,90.0852674270771,2.53315209985036,0.230204567954881,14.505756572389,0.578230072013872,0.157936310977305,18.9046718094031,0.354858488765625,0.192194176644118,182.20703510369,2.04303772662528,0.199399871362835,1.00288309926358,0.0251821090605529,0.114353150830267,14.298445429222,0.116565860138209,0.19994858547584,28.2073696994518,0.821286251946111,0.163698908808807,1.55345194953386,0.021240055950201,0.194081110523612,19.2340622708831,0.480219209529502,0.18956284952192,7.08292353206951,0.163826053128536,7.13759792700825
0.184918849629028,295.445846524427,6.08900182668427,0.23700942059419,6.38559396992509,0.36806796427738,0.19733036894446,8.89175006582625,0.425119483129951,0.180006569273015,196.369153648676,1.55859428998968,0.189076662262035,1.01158236655188,0.00944861093327245,0.150550736843361,173.005342615806,0.361718347406808,0.133991884761591,16.5121814020749,0.180136474868254,0.153243409979796,3.68461060628057,0.0183254097292423,0.191629104296765,16.0435815196353,0.432787287223742,0.142620662927089,19.9101608535235,0.0613587580733408,9.50455845231594
0.166071894564624,132.827677649963,3.32519765841951,0.232775586056211,16.464712003024,0.63369051113023,0.0933029676348903,1.46231609576324,0.0300579264699663,0.190091547257861,18.7961333346796,0.836018543899956,0.155216711204425,1.017423759841,0.0105066220562929,0.187792787567146,10.6293480187976,0.436639808247018,0.17702245942606,15.9974592566334,0.436737630700566,0.190502248731703,7.14436264200497,0.0484466170882883,0.10771390335654,29.7076444189603,0.0632963271468481,0.125365139188092,1.00288309926358,0.00345963555043149,5.82405128070911
0.157683687790498,30.2683228212936,1.1495241585936,0.185657454151415,19.738940183072,0.267022614427053,0.128562464240772,49.3086634510913,0.202000882509082,0.172217216733239,12.345903576098,0.501160275247283,0.180002307070206,1.00288309926358,0.0144767487214441,0.168034120399125,96.7155651874199,0.541863266911987,0.173077751431202,4.91386086905364,0.203591205728012,0.19393840892055,1.01449885892793,0.0102272774345402,0.156475792421162,70.8700298451568,0.241503677492719,0.198271694695032,2.99480874260266,0.128567680044175,3.2599377871099
0.174226599539026,90.0852674270771,3.16699076742821,0.223855942714477,21.0902156392867,0.595933668151472,0.16916660594236,17.5412692675873,0.432739698711798,0.194770328567097,13.3823268507784,0.638108544321612,0.0990905670776378,1.00288309926358,0.00187159300389773,0.151540448329601,18.4742425689144,0.296782481701272,0.164473780098341,9.36467852310833,0.279987671646407,0.170594440168548,2.49804006667886,0.0270923737232893,0.0993289426533455,1.12205075712963,0.0235788412924414,0.182678877367999,1.14160110005127,0.050855746977666,5.51394138695807
0.190663442650802,86.062584304422,3.76739332689866,0.249109429039706,12.9278969602916,0.700108036729706,0.160555758518475,14.6315832552147,0.34854222269014,0.147087213295417,12.2045460501459,0.363453399033523,0.196631982705147,3.97099851752979,0.0442728336427935,0.141469142710372,25.5771389596111,0.251371782731988,0.183416894435222,18.6882180181159,0.521757138921759,0.199648137625624,1.28462743961633,0.0410302483926125,0.195077498462495,25.8733827583896,0.532190163869081,0.163814559707589,6.8227347852315,0.0933031915793608,6.66342234448962
0.1149397105444,48.7598073452207,0.83459183362533,0.226000892319592,14.0131778568844,0.534982159960955,0.173947980412504,14.4224738415937,0.436214152919651,0.180958218328283,71.6908725083659,1.34612372918562,0.197439664556565,2.0657547958787,0.0403674160037293,0.176297391172816,8.91738586389294,0.338831387408764,0.194277363377092,6.44098426295101,0.305965730393241,0.138980690441967,1.00288309926358,0.00793533513000722,0.191826252739663,15.3213249660846,0.429026103725187,0.193908475497933,8.78994173863968,0.189447884069867,4.46348573242235
0.130941337266828,146.786881247751,1.60585008860407,0.240776178887923,10.2684023095805,0.548854551949576,0.0887655392369126,1.08707389011608,0.0212112074396425,0.155081306075058,7.10334430368878,0.264224409447368,0.169726528958278,1.00577451078852,0.00367546378984368,0.161886539801475,9.72180569368846,0.288701460778614,0.0853282688018951,2.00136053357019,0.0306179933820379,0.180297398618898,1.70336542221432,0.0314184928328797,0.132929038367421,9.20430492459876,0.109523564440986,0.196008271408847,1.8570226648111,0.0873827779150356,2.99146001058005
0.161381531426248,1274.4955995379,4.18938283848005,0.199410313942759,5.25025074237118,0.219090029065423,0.161355535467333,9.33775684323017,0.286609290938871,0.157799889282033,90.7798576447935,0.842935654772946,0.159830706883036,1.00867425853989,0.00795030219156904,0.150672417927448,33.1421054672574,0.326350544725251,0.187181315207964,41.011270705513,0.70782221180571,0.199892115556069,1.35685404373703,0.0425701273813258,0.162414752228713,80.2095456951702,0.284489569078733,0.051463044637676,1.00867425853989,0.001712984462101,6.90891355290198
0.175091630772002,52.5171304752045,2.18631786170179,0.196128911365149,19.5129342263596,0.332843228951732,0.170189668743469,49.879774465365,0.566732707316162,0.192255953108616,45.7525288743821,1.45050198675556,0.181287807223705,1.01158236655188,0.00519050860805829,0.174724194509719,8.03944940844679,0.311178342574646,0.191148792908225,6.0805937181354,0.283482076571308,0.188360948292132,3.91424641100743,0.0429136850034987,0.189831421467563,13.4209094274668,0.396378364894194,0.181371805528344,98.1178305232072,0.175275167060518,5.75081392943747
0.187494660919065,449.523371438263,7.08373803923485,0.246972127147336,9.97699489356779,0.568597313383339,0.15766012260993,4.94223601165526,0.180508289985194,0.129590073298377,23.9383809351586,0.341111099719484,0.172315038886977,1.00867425853989,0.00235318260614835,0.146637576589452,2.63090415150101,0.0919039849740212,0.165663863547059,6.94161247758823,0.242243989536536,0.176997072014228,1.017423759841,0.0210111800336127,0.189759439839715,6.88191695070772,0.279869678459753,0.187862999256207,2.2008256876077,0.0921350787092709,8.90347183664221
0.188735346541961,210.941676943633,6.00951559574715,0.236835636661576,56.2908244378238,0.943479638861819,0.197267418125078,18.9591758547749,0.719020453969918,0.13788628780453,9.72180569368846,0.276339565585231,0.13974712250572,1.28833114804146,0.0101508023010083,0.172459856266491,211.63202882234,0.637044969420452,0.132628999725558,24.0073976636039,0.182671136434763,0.110903930301171,3.21830282695794,0.00593198010229628,0.166604606038428,3.17230798106454,0.12368654338104,0.191207610121782,2.60078095318014,0.107373413280656,9.01521409908434
0.102722485158912,18.5231534404957,0.401863122370159,0.239897013749766,9.66598933399762,0.521114514321727,0.177401059700269,21.7687984609418,0.547685852626717,0.146572311934957,208.60745870723,0.678094166408519,0.172565521817538,1.07772542117776,0.0206930796681239,0.197134468388346,25.2115995346114,0.788471656861961,0.148068650315569,5.35713058780925,0.160288018501394,0.187720401658747,194.680445134914,0.0485775780676883,0.190731744417937,3.65292419736599,0.170404342090288,0.157965116856648,2.10780755947618,0.0582294312693655,3.39542176218594
0.147224777378889,36.7540973166764,1.23142844068668,0.234951320316783,10.2684023095805,0.511926727311188,0.0862593324676215,31.2877147471334,0.0593614981129823,0.196702809421336,33.5259694810802,1.3369605351728,0.115446287177719,11.756216271046,0.00573561233772828,0.19322791846767,15.6782947440786,0.594887713757765,0.195668766447313,30.8405617924466,0.784171411685594,0.193160910779177,2.04210241714683,0.0421787644433766,0.0523034670847028,1.00288309926358,0.00248972295083795,0.149864402390262,1.00577451078852,0.0133115552552631,4.58245198171421
0.18380498978389,129.088918209687,4.45783200837519,0.210749285310084,5.17521601544173,0.247377355487951,0.141397793090629,114.291650280088,0.293976770197109,0.159697834392292,20.0251322921732,0.583955475097032,0.11849924597775,1.00867425853989,0.00250054215395609,0.186211382208692,21.3959997006003,0.618884298166844,0.181763795411194,17.5918424880948,0.498261098303569,0.139333560724115,1.01449885892793,0.00303432985132514,0.168882098832595,5.2653877364201,0.179252014365524,0.195959209528942,3.26496454563336,0.131393399680285,7.01646729167879
0.131959193902273,21.183276247579,0.655480499810654,0.230693032067973,75.2868592128977,0.851811270784375,0.188955824943944,7.04225793763313,0.323363468245758,0.103219029226051,9.418754960271,0.143619685182474,0.181402780743826,13.4984086137474,0.033152043721549,0.155740886353537,10.9713498785374,0.27534650764452,0.196020709761926,27.4068715821386,0.753618733081783,0.168387960542324,3.79223047250718,0.0267217336820364,0.193467709647545,8.73947554283164,0.340415725541638,0.186158735204619,1.81474121907939,0.0787390626606831,3.48226873035547
0.186532873729147,60.2308726738765,2.7177400540402,0.194773117346392,7.78884153617836,0.247545470197679,0.19388490956928,247.941136258452,1.1363561982331,0.175613709874741,178.571831624811,1.37528913350018,0.145804790281589,1.00288309926358,0.00463869811245512,0.123939931045227,4.20635552139048,0.0992002619271981,0.176338201528329,123.530142735827,0.623148508221488,0.193545146321883,1.00288309926358,0.0176521798523706,0.172560458544523,53.14120008554,0.357659590345343,0.101947954639227,1.00577451078852,0.00632434271589857,6.58555443714591
0.146887790971074,134.737470123487,2.2641704664013,0.242946505428738,21.0902156392867,0.81810016077746,0.113013593592617,179.602996593054,0.136666414766339,0.17246316801638,8.99473757437633,0.37592259121782,0.170615604941085,1.06232295058138,0.0197319423772254,0.177454927982584,133.900344824872,0.700179309445802,0.198261417031682,22.2119479273284,0.721055892455004,0.173960031681748,2.29794873135268,0.0290492064843592,0.165130814304603,3.16318819550752,0.121606678436367,0.185149128429792,5.08658851868221,0.134784200385348,5.32126686274702
0.110955359334252,20.4114391290183,0.490400286666633,0.23495890255501,9.52784643268317,0.487463573335143,0.160715438073693,11.7901106095195,0.319417581411109,0.199865666556267,26.7828608064846,1.2037842413448,0.197718272855173,4.98510624458552,0.04705893387263,0.165347600680484,4.07523387938939,0.162622694013011,0.153675635504013,5.31106107095859,0.173274223752371,0.195863214473868,1.00577451078852,0.00807504353815114,0.171374309169737,9.36467852310833,0.24657068254776,0.172873014597139,4.01699207793678,0.0992086401526201,3.23787590063423
0.177208662955882,1183.31217516045,6.20584214167767,0.1870978945495,27.015182265558,0.284590380902518,0.194744468585869,18.5809222819382,0.688574560689486,0.191497177703547,17.6425615162172,0.804074133121351,0.188947486148663,1.00867425853989,0.0236573035088435,0.0573290520018116,2.90981894079874,0.0174977648135991,0.198309563219129,31.018650949241,0.819761402335921,0.199504410671948,1.01158236655188,0.02943374761839,0.151932806956294,12.5972302899552,0.182079958315728,0.195247997934631,11.7224193723862,0.205433425962982,9.26094481894649
0.169911599866305,101.852602486978,3.17255617261001,0.246282733589086,30.5753433592029,1.00691596845443,0.15835423215099,13.8129064745256,0.323423712101691,0.179193019190457,228.081217397262,1.53564610874223,0.134673934771234,1.00288309926358,0.00274810987836229,0.181194102752612,6.94161247758823,0.298327120005604,0.198447932493947,50.8951816995986,0.923890900666264,0.172849653696024,1.00288309926358,0.014759744755547,0.194698768272458,17.8469041306121,0.472402507682986,0.191964700300698,13.3054941313703,0.195897256427701,7.94656760132483
0.161108110675632,100.69601481332,2.72922029315663,0.188785376624937,6.7058929175172,0.211233712637883,0.186353383533492,106.048950905498,0.897854186481385,0.191182724471663,96.7155651874199,1.80057748505866,0.159260833749019,1.01449885892793,0.0135146473887781,0.102886688558051,2.22631645743836,0.0473273798387147,0.16438508938592,9.80613514975012,0.285766849282761,0.121353185886403,1.01158236655188,0.00213005351947529,0.198963378915033,18.4742425689144,0.517575627128914,0.137465193351938,6.22226476776323,0.0501574431487962,6.555357677642
0.191718600525027,111.278419001469,4.563118432733,0.149062311610758,1.441417191251,0.0488041358095373,0.163614221901733,11.2593385593765,0.327453283892317,0.178255842007004,11.0665182039154,0.47849812964291,0.184038690021777,1.00867425853989,0.016736398340724,0.177982822824414,8.10918567113405,0.323788892808478,0.195140982493445,15.3654978668113,0.578275415937878,0.196248156487364,1.01449885892793,0.0178014139096442,0.17211572845634,19.3451295709733,0.30484795393652,0.108618310887887,9.28414544519475,0.0236680323980039,6.68299208940901
0.130498376522306,151.470068988312,1.6105239540025,0.237743761441322,31.3779203344798,0.848775275090561,0.191884735478121,19.5691919526579,0.669960142532579,0.192801085772838,109.776688935454,1.89958508135324,0.180883561168218,1.00288309926358,0.0238297571633741,0.12270680539612,33.5259694810802,0.15894513320876,0.160476592594648,12.4171951294921,0.295884029334771,0.192874271472674,2.23917234584048,0.0433332284362419,0.171013453623104,8.94309557251015,0.239004222921121,0.189568665417915,1.51371812544339,0.0696023896368926,5.85944321368004
0.172986247842926,177.224893185528,4.15690902619394,0.195043087770757,59.4557070854439,0.373794980408167,0.1802911728768,70.4631396848539,0.744328442719067,0.180601459667244,30.8405617924466,1.00189065519493,0.187820620832218,1.07772542117776,0.0280377171112479,0.193096928343616,6.96162583541039,0.328666861016079,0.184534200329818,16.5121814020749,0.509249456767304,0.178187279537849,2.88479547897935,0.0324334953398863,0.185166337109086,3.9368492691367,0.175502822616565,0.177327423668463,14.505756572389,0.142773386119494,7.49358684348668
0.189298928634485,818.73670037946,8.06650557924426,0.151056701406232,1.03813555048354,0.037546175064003,0.19164563018202,72.312737671454,0.968014270062954,0.131693695842536,11.1625120439526,0.270588359148412,0.188397916973256,3.78132852701561,0.0365925128757717,0.179197988359812,5.70741049859425,0.247668576335442,0.137739314661319,2.53425879720196,0.0818672686746803,0.166875091765613,2.45526020256225,0.0245495997285782,0.14900620950575,31.4683859934887,0.191491328264596,0.170333723285334,9.50045567592029,0.115154791200787,10.0399784605995
0.193449728190138,341.755837683404,7.52974118489323,0.152978324556683,8.44270511134198,0.110809412547628,0.185123947933673,13.6941201359897,0.505518671774624,0.197217470986412,44.5822815844455,1.56882244606382,0.176695391187933,1.01158236655188,0.0193811788674545,0.176606211676626,6.61005466738882,0.273866187677804,0.185322315411951,9.418754960271,0.379234863116744,0.181925699145365,3.36032741709575,0.0367836218504378,0.100249905105552,6.36723659478765,0.0455012009223302,0.177948126431154,4.65229147967714,0.114922310386247,10.5845810781003
0.137643324822941,37.1762524137943,1.09382815096256,0.210072134596556,5.75691805285236,0.26363797416129,0.188039176589274,13.0025492407616,0.509038508661769,0.184969550558827,261.88132291609,1.78781001882818,0.198304215612567,1.04413027541975,0.0332707304910563,0.133937159005079,2.77083492243083,0.0857719391891342,0.140527238729346,12.3814980416064,0.195413337151291,0.149538619403219,1.75311720834914,0.0158159013680891,0.137179604858111,2.00713065465068,0.0621887172931326,0.176457248537264,13.7336016436691,0.13931127390501,4.18608655201151
0.170707583552793,127.987947912965,3.57889214157092,0.230387204545295,13.8926692519835,0.564317448995405,0.127646028990693,7.65545473146367,0.143843079783606,0.180159791688702,17.1913042784243,0.703483381565898,0.19033487928024,1.28833114804146,0.0309710462677408,0.199255430866769,9.39167782086193,0.449443578577897,0.138288059945524,61.3687089327262,0.230187462037403,0.190380880756712,1.63137250428789,0.0376421509270764,0.162455869528852,4.70617602490094,0.154537289395404,0.18904892894861,12.3814980416064,0.18045783135279,6.07377541047414
0.188940870280239,79.4502836575348,3.49519404086704,0.23838812080625,21.2120013170279,0.768025531397541,0.190307773967197,66.5205358429982,0.941468895513567,0.194257598740465,28.9477893633602,1.18324978339567,0.19751805723046,1.01158236655188,0.0194550236098096,0.148924503720199,18.3681753422353,0.278020742875981,0.198902858180995,83.0290000254614,1.01068546622339,0.199787957928603,2.25859550568368,0.0501926115338932,0.181179731396101,92.8949270465273,0.451299278264809,0.199978343661421,3.23688695135292,0.136845168218277,8.33443654189998
0.188722779354925,241.235156269643,6.27134329482395,0.154651819584079,9.47314366240347,0.116532447717822,0.175991445303804,10.3873347090322,0.379555785780938,0.160837420907515,24.3554775355552,0.650704542490982,0.116970355262673,1.01158236655188,0.00150104063043377,0.183118165774018,84.2328257837576,0.771470089218782,0.180228536538057,5.79016143825715,0.249388140387312,0.184101304780512,8.71435120329488,0.0418310328157553,0.0480527282130528,1.00288309926358,0.00449296445472103,0.0809660764449511,1.00577451078852,0.00202745828196028,8.48884679660266
0.0760418252463683,14.3667429823903,0.207700312455329,0.206025473933631,7.4382002633935,0.292627896366951,0.19601058789743,40.8933710575319,0.955855963044128,0.148450272012468,22.9927224875773,0.505336653698938,0.195014985478937,1.50502732889567,0.0352300049194604,0.180103621552122,22.7294615325802,0.560843254218953,0.111905309353911,4.70617602490094,0.0786452022267565,0.182193037347181,1.00288309926358,0.0181822466579701,0.171947450314139,9.07276025359497,0.24679143739028,0.190187990865564,3.27437776251048,0.121447369130663,3.02266034010943
0.198335418980154,777.723005089528,9.75030584009179,0.241503483714003,44.9689998212073,0.994888753324175,0.193541925093665,19.9101608535235,0.694761174987723,0.159802941470967,28.9477893633602,0.678566891462332,0.148033987573348,1.017423759841,0.00499133344463948,0.193401481183755,20.4916955329151,0.682386332134627,0.0832378242202225,1.10601480450688,0.0198316870803806,0.19059706986906,1.01158236655188,0.0136732422216847,0.186720339810568,4.49431145638251,0.1986781448975,0.159311550524936,3.72728711692345,0.0733894260341821,13.111472825679
0.189564920362974,81.7513758208036,3.58378799576398,0.222660851991794,7.2688443008963,0.35614497073966,0.196298308927055,208.007751711453,1.18733101175665,0.180375152176845,17.7955976561148,0.725222493975532,0.173859925120511,1.00288309926358,0.00730184999621375,0.151935385487882,11.3243557313592,0.25687750905358,0.13665643265552,2.51970871206025,0.0803299136660069,0.168833898293332,1.00867425853989,0.0110357679752819,0.198710966512711,4.98510624458552,0.240866315414252,0.159639987795761,1.43314150019665,0.0486773951891174,6.49757522353027
0.12291778142423,51.6251370261205,1.00734198316161,0.231956321916784,10.2094477434412,0.491378090488812,0.191150471110901,22.8607130534172,0.711041382723211,0.161631021788386,12.0648070327153,0.438646038968697,0.151847645829137,1.017423759841,0.00242698326202046,0.188381374663902,10.2388825947119,0.430060408229333,0.170020338387126,53.6021605942022,0.4996195338702,0.191761181528504,2.3787241732935,0.0431931264452667,0.196940610941732,7.02201277776474,0.311308109974465,0.185053688789316,15.4542261000141,0.173486621341065,4.10850227846468
0.177993491505657,46.7156669673144,2.01680821632652,0.24655766903957,14.9294397640879,0.734091950006633,0.192423092683069,19.2895159816518,0.671053001628219,0.151776107733348,42.4528622739386,0.647449651176867,0.186184787817635,1.01449885892793,0.0192466885660642,0.0651168947659172,3.19982540066046,0.0229164143137945,0.193982186980867,9.2308418493486,0.413156967379513,0.160018338360725,2.90981894079874,0.0214175072999753,0.182186880441692,4.45566189315493,0.189526380439638,0.190277593158729,8.99473757437633,0.175389727612877,4.9110565047501
0.122824246569619,52.0692237026929,1.01472765781168,0.244098481145545,7.16496054867685,0.427629431174754,0.181997220223852,24.2854601433005,0.621194500024406,0.184104075756147,14.8010516157109,0.651876991332618,0.167498233062168,4.20635552139048,0.0221304732513934,0.191109180625414,26.4000896312366,0.725789450644615,0.152089430715205,16.464712003024,0.273171776273118,0.198651067307622,2.6460963359074,0.0503079344498491,0.160056373693851,6.94161247758823,0.177929685779619,0.159628290585617,1.05622377499757,0.039009793589327,4.00376769433138
0.193907788557486,82.9267947169638,3.78339845753071,0.238901851336769,7.37423424898408,0.421555766420408,0.145061277858696,8.10918567113405,0.203655349034552,0.192669190667728,64.4469398661078,1.6728008838737,0.199786720246761,37.7262954049369,0.0527786968503008,0.195367677536639,25.7990016756576,0.778550523085005,0.0917524259271018,1.19541686845759,0.0241717614293133,0.183087466330005,1.00288309926358,0.0234446046486805,0.18842727481283,13.0400368809022,0.377933436233069,0.115204308091576,1.00577451078852,0.0169456824112151,7.35523516151695
0.190344215781816,101.272657557724,4.20775110895315,0.248887052858363,31.8328643748612,1.04786090884288,0.192513402257363,152.421335110309,1.06727469562433,0.194054307856759,121.065599013,1.98650407442062,0.187737764873983,1.00288309926358,0.0066535044843739,0.170951563517418,14.8865204479472,0.403817197280862,0.144903659368964,4.37935702804035,0.135328284062536,0.189713591160048,1.91677282105974,0.039080900344657,0.195009597649562,12.9651693704974,0.426219439300464,0.140405862433794,13.7336016436691,0.0570945206912431,9.37758463400512
0.195977218564146,148.049562608282,5.73464879443931,0.235166451985445,5.32637338722108,0.308964798623498,0.178333474604467,5.10125365829453,0.221486501712631,0.134019923943435,9.63820144251651,0.259923006217892,0.199815483937869,5.5136013085513,0.0497820653906736,0.181734795899189,6.88191695070772,0.297448053712507,0.158643398461565,3.59036651349369,0.136022217902131,0.198162392939191,1.00577451078852,0.00712155777729278,0.146530531338455,2.23273514877728,0.0751314376595512,0.174314718361364,2.44820179377353,0.0822597080287183,7.1727881414642
0.178496105997482,111.278419001469,3.7863727553966,0.234751718382105,10.9398093223365,0.529562231068417,0.128362158784527,4.84363370723389,0.118911404015506,0.197262494167267,53.4480645187486,1.67367156068733,0.153671915534625,1.01158236655188,0.00527617147659573,0.198143513911425,14.7585013912184,0.612658524163192,0.155202306865687,3.03823005207779,0.113162583732239,0.133947289220716,9.02067029565308,0.0113990056703334,0.146716638730002,10.4473164853735,0.154124520361854,0.151619549057925,4.70617602490094,0.0668972592773849,7.07203601584945
0.165636699531868,237.137823130262,3.90941719753223,0.236185130045323,7.72186012504483,0.427207872558009,0.19041921645437,64.2616671010127,0.930655117857175,0.141281725122144,6.47817779606607,0.214192858684165,0.191036685391249,1.01158236655188,0.0207383109317116,0.127966013824581,4.30435891208667,0.107944303472982,0.194371442242912,12.3814980416064,0.507436355976969,0.199371744098105,1.00577451078852,0.00234531556283395,0.185011520219967,8.94309557251015,0.305918952014671,0.194394687302578,2.09570588324384,0.0953150489225515,6.5211713335133
0.183164423443193,144.706298312936,4.65483237997995,0.245757681905935,9.89119610131619,0.56125094354735,0.199601798958965,37.2943387037601,0.983584960840572,0.129991061630043,7.92455244054436,0.216534611618142,0.174669548038909,1.01158236655188,0.0212570904835095,0.180616735805888,1250.32886119933,0.798129606331654,0.163309037518209,43.5672141029724,0.411395540671025,0.195995491941387,1.00867425853989,0.00256115530225402,0.167224456597476,106.661331716613,0.325594887052158,0.168172650565487,1.46653209822205,0.0549649807155527,8.03010615654217
0.199717234285294,170.280633726436,6.49145540998333,0.241877526802332,7.87905475386486,0.45499054573681,0.182238858587209,89.482464022409,0.805616601079115,0.174502412533306,510.71315460158,1.41250810233236,0.171072351375083,3.28381811862624,0.0241032052490046,0.139680708300257,27.5651328577691,0.242344820393822,0.135265459100045,205.626114678607,0.218212942925004,0.162992731719407,1.00288309926358,0.00415776790795711,0.186867121408513,3.9368492691367,0.177562132330145,0.0812054488089295,1.00577451078852,0.00654002889104442,9.83749155682859
0.180601140905882,439.372207117504,6.11186399752849,0.169009982240386,3.17230798106454,0.107012337506037,0.123270185249104,8.81528401319323,0.136150634175024,0.179514314323436,52.3817248465878,1.20198360311551,0.195470712747821,1.70336542221432,0.0373761803952499,0.14298160141638,12.2750213329814,0.220970311147965,0.190238138416117,10.1216499350543,0.424243315697818,0.159212606099308,8.01633751167032,0.0222290990995989,0.18849764676977,6.11570617216135,0.256870637417873,0.198604121752544,10.1508316565282,0.211617476035834,8.7303175921194
0.112355164438366,20.4697994612923,0.502324171767151,0.193056019702114,105.440085991399,0.360013498740135,0.187850845046343,26.2485172849919,0.708167801251203,0.194965611635701,44.4541159554714,1.50946809130719,0.185859522004483,1.00577451078852,0.018521757717166,0.155437553264425,10.2388825947119,0.263894802774313,0.19182329065614,86.6930926644114,0.880656143841592,0.131972280997168,1.00288309926358,0.00527027802403056,0.139345724433214,5.56142771178757,0.110648002440231,0.148216914292094,6.51558610363938,0.0654036431404448,4.42436819100346
0.185703551381562,316.400362620668,6.38241250003242,0.245529588653195,13.6547521301788,0.690894321796451,0.166614397862882,7.06256146630704,0.262351177613151,0.185457695588665,30.8405617924466,1.08415611978633,0.147644960327165,1.00288309926358,0.00905942855141578,0.171406171225849,4.70617602490094,0.194730171281444,0.0745876481458253,1.75311720834914,0.0224820554749225,0.157373290061836,1.017423759841,0.00585991597115993,0.149678084051398,8.6145740489714,0.156019480901268,0.119225781333344,1.5896456468007,0.0246656405102016,8.83263081191876
0.184878905207431,347.660789921024,6.46096103649116,0.229706263652391,58.4375060149326,0.823249804244359,0.169484503312607,11.4225861207707,0.364460140935987,0.163477667000287,98.1178305232072,0.965590680497497,0.127812658962597,1.00288309926358,0.00291927515850269,0.184045541467888,12.5610156350281,0.462574216730947,0.199437729420468,16.7998856852757,0.648369707021436,0.137496408360887,1.00867425853989,0.0102408958110449,0.187915212768728,4.27964604980107,0.193057063781519,0.18024102714017,8.32204495553973,0.14117880906438,10.0726016297368
0.165547047557638,73.766035760343,2.50490977902912,0.243617385881133,22.9266227583863,0.851558006532962,0.165846572665722,21.3959997006003,0.431829539701134,0.179422336892671,22.2119479273284,0.83161357705399,0.172655157043628,2.3787241732935,0.0242884242892171,0.171836050204668,46.4158883361278,0.556812631609711,0.190767668336788,8.84069935203988,0.387114229964237,0.131939586890905,1.14160110005127,0.00969426085583919,0.14691864401736,5.38806539618403,0.126344666789429,0.184295626086649,28.864569943014,0.179140517309025,5.90330563313466
0.16827066429381,1008.46648856812,5.00979731949611,0.242941556093463,76.5986393670066,1.13531114151157,0.174895965625685,10.3574730860055,0.37322969262825,0.108120963190248,3.91424641100743,0.0946430603898757,0.110421811154653,1.01158236655188,0.00255523424635178,0.196704874708512,38.2732836398865,0.913260111581599,0.106233454184038,7.39549489831676,0.0778217955329424,0.197042602741928,2.55624161321588,0.0488594699802693,0.120036913250229,1.68871705388817,0.0432963433616444,0.198433250112292,7.45964533309522,0.197106116649509,7.89588028537812
0.170506540996329,145.120042174812,3.69915601676967,0.223171082647084,25.4302914671788,0.621320021607161,0.198335771208842,9.0989179220007,0.436778079799723,0.168731037857851,40.0775094490775,0.895263098943238,0.108841610952441,1.017423759841,0.00175193778092663,0.167955413675318,5.22010717715947,0.207762853128534,0.136838025753672,21.9576266468948,0.201461092450495,0.19825695087257,1.37652687910296,0.0415881261274388,0.164715444737725,16.4173790695188,0.25142718102553,0.154898500118953,1.32214875407135,0.0431536728988473,6.39966208053156
0.143289020030922,51.9207719700668,1.45285056197305,0.210398828710725,57.1069771602846,0.527219139856023,0.179565651098831,24.1460286404166,0.585085659624245,0.188190339057562,28.3702534600969,1.0721309662811,0.19082376883174,1.00577451078852,0.00155103223147971,0.194063526336436,10.1800975118018,0.455877767479019,0.159022354882784,2.97761447568876,0.113778321479578,0.197078176534653,1.2267955530143,0.0390991109898769,0.192264646324148,6.06311316104581,0.265567357421269,0.0934551831339746,6.7058929175172,0.0150557969447689,4.52821571428041
0.15478164672429,60.9226804384381,1.89788156816535,0.15192734663253,2.81911328467833,0.0765204573560554,0.149980160176379,24.7086041684656,0.317873364956429,0.133686853123898,25.2842870786632,0.382761148150329,0.186039154839297,1.01158236655188,0.0073104497690607,0.111364527898591,6.57210398204128,0.0923878173389495,0.171287359506547,9.33775684323017,0.310118446608724,0.161560463562527,4.40464567244553,0.0228344856787272,0.195171476086052,8.41843393067599,0.34189762057066,0.194710154240059,4.37935702804035,0.148659296974554,3.59824465556884
0.168179911226859,35.2132681282715,1.43256187223816,0.248178584488789,14.053579239644,0.72731799243654,0.171064116418465,5.92506573979369,0.239842349963291,0.178526876007865,49.0255647982507,1.16775453508613,0.153831324402106,1.017423759841,0.00103480657713257,0.192781005125856,24.425696794902,0.721882165030458,0.193368846963685,7.45964533309522,0.34673233419869,0.1831820693922,1.00288309926358,0.00665557325591544,0.11972530106236,1.50070065992818,0.0396551018822742,0.175437547434265,2.68446171339143,0.0871561093792026,4.77059284004779
0.162088356573063,1083.07995095642,4.23641441464395,0.207051568107098,4.31676880609627,0.208320045670396,0.173234397402367,5.10125365829453,0.213948244138535,0.195495548230342,23.5284272689873,1.04461095296451,0.150961903149357,1.00867425853989,0.00264969128650196,0.110422250220194,2.57841511385935,0.0591634030874704,0.190443474784958,158.690210978165,0.893748816136533,0.173755810809231,1.00288309926358,0.0193528787537294,0.162697443375121,9.07276025359497,0.206558741967533,0.167171187833831,6.98169689372975,0.101717322262193,6.98648451091135
0.195294347487606,94.2959762712007,4.24976895460186,0.249359287633663,18.2627170853981,0.857620661076188,0.193849882650458,9.33775684323017,0.431284895901114,0.178494914161063,140.212488310278,1.43296678058518,0.141530882436763,1.017423759841,0.00626263046021338,0.198348431600748,37.4018619842125,0.928222678329052,0.161415520474617,4.88564863828298,0.18089098272639,0.149482151796115,1.00577451078852,0.0108178047935596,0.19747474660725,6.20437693319619,0.284555946562443,0.185847468053994,10.690727303607,0.165900729103314,8.54829206413931
0.189661440880635,82.2195307701277,3.6093392745409,0.249151856336041,25.8733827583896,0.986543629586516,0.185540243748715,183.787546033967,0.912687385492854,0.188045137452932,48.7440915159157,1.38889148173441,0.16498992306278,1.00577451078852,0.00775235396115896,0.161760978030741,11.1304219326752,0.306233571170273,0.169570384225786,4.63891702142887,0.187421603094454,0.181816069419751,1.26626799854054,0.0295357625673769,0.190925835557297,8.01633751167032,0.312983927774412,0.174846285898687,2.17562678075294,0.0774814896036339,7.81887047952599
0.122704781284055,1928.11442642272,1.53023033542055,0.239969392877775,27.9647958304035,0.858148598664332,0.175503908304564,66.3293018815899,0.66240033576861,0.183695967123453,45.8844379566866,1.25956229345815,0.157629839766534,1.00577451078852,0.00608393414467687,0.145135882601368,165.693253695049,0.313489682361037,0.181431159399295,50.167805761144,0.64875527783571,0.167742801241305,1.00288309926358,0.0184839302887536,0.17742774578552,22.1480927773524,0.356521023927369,0.148870820975311,1.66458250694606,0.0447580471110087,5.6984334589802
0.170445190234533,587.907075958623,4.98693181226645,0.214245256394823,3.98244730043134,0.207719696532048,0.146588452978416,6.80312071291408,0.193189074420956,0.188445215821336,34.0120577830084,1.19053383575159,0.181399467034813,1.01449885892793,0.0106253741498554,0.183457090591425,8.49145760309168,0.355770180614347,0.133478138985351,1.98987000774274,0.0625229377048862,0.194495329792366,15.4987821679022,0.0547999508725312,0.0477893996070054,1.00288309926358,0.00364000354771186,0.181505901442698,1.57144459943409,0.0668085295675146,7.13254139542789
0.141695438689574,281.448240503226,2.29970678984634,0.222996386610411,5.28056837192541,0.282656456466699,0.199453334739141,64.2616671010127,1.13466418007252,0.199663922661521,407.992954221769,2.57784669734131,0.152754088401343,2.36506706799381,0.014941476288157,0.156301740259146,4.11058351166975,0.151889750772267,0.193444254132068,25.0668507346102,0.702845611712192,0.198193906697978,1.50936647207927,0.0431245239442554,0.0699275184082104,1.00288309926358,0.00256351614638776,0.15566887932582,1.05318733137807,0.0371890665431557,7.24742806913328
0.156701814000618,610.13816415486,3.59735677899533,0.160536397155754,189.155600689343,0.16110813788233,0.0975373170016923,19.7958495069776,0.0810419402030525,0.16645828047267,42.4528622739386,0.870736497192059,0.160328343894886,3.70588742997801,0.0186719245996239,0.155604119073883,4.82970917626452,0.171345933303328,0.171546569422659,16.5121814020749,0.401425537167719,0.106182289958581,1.00867425853989,0.00203944222078874,0.189000853953295,11.2269700901773,0.359579441754353,0.188092053406649,6.15102138343189,0.151132429541355,5.81443806285994
0.199686373965617,203.255773487829,7.06879964396156,0.149065469807682,6.0805937181354,0.095119534757678,0.19963196515308,11.5882005855279,0.540638259805797,0.194011689722539,29.2830732706331,1.1847695131388,0.179522048168985,3.54925770971272,0.0297044392803501,0.123294770297827,2.6460963359074,0.0729188212951985,0.197168008695291,17.8469041306121,0.647314570744761,0.189335348621512,1.23033252636976,0.0338240898102227,0.186149530623099,4.63891702142887,0.203276465040109,0.181764371229171,1.0808326105459,0.0479624119598875,9.92432774979436
0.119131611368593,37.8185940234217,0.817195975224492,0.247936924292194,27.7243080148432,0.982559516471156,0.180880751821231,181.68322433341,0.820444853768549,0.0690201482195524,10.783461436218,0.0596767057226536,0.132098010393837,1.47925317679908,0.0085383845542997,0.166083933926994,8.89175006582625,0.293282596617372,0.180253438768786,521.109790058718,0.710224161564085,0.131094417920772,1.00867425853989,0.005876343395481,0.191355110138124,11.2593385593765,0.373601615643183,0.147893198019367,1.00288309926358,0.014781301627006,4.08618145458828
0.155135034989858,41.5550796559879,1.47894400429979,0.239275682915974,15.8142923261533,0.689377841936623,0.160511450018885,111.048162785556,0.487331517418174,0.162955289557956,25.7990016756576,0.691500387567917,0.196172370437413,1.07772542117776,0.0325423111901714,0.160795656304047,3.86942926293753,0.149463608810507,0.154111388340766,6.02830266228601,0.189016920542359,0.191338570109018,1.00288309926358,0.0193695321602923,0.0945591276128479,5.38806539618403,0.037942776207772,0.188647406292701,3.6740180475533,0.124941549153226,3.90043044928683
0.191570114140042,146.786881247751,5.32623614578744,0.210662930167029,11.3243557313592,0.379191113674108,0.180328022721586,9.50045567592029,0.377960057297475,0.197746572724588,70.0585856263266,1.88733226899246,0.177948789082099,3.39924796097488,0.0281893738477822,0.1998325681705,7.92455244054436,0.388043480426167,0.188525298202821,121.414643152359,0.840669409397451,0.178308103247179,1.2232687477884,0.0275759203833549,0.188327382350805,3.90299369276608,0.178523630539953,0.198851270042551,7.54604567969013,0.199390349605741,9.63311174995193
0.189932170211934,259.083434286908,6.47963774800456,0.221449894320855,26.5525372336299,0.603690069537701,0.170197507931279,15.7688292262238,0.427748700862125,0.189817263383361,48.8846255702689,1.4169778444585,0.155708490464539,1.17494491051044,0.0146409123359941,0.183491858898943,7.06256146630704,0.308029989839812,0.110637288827024,2.57100265798945,0.0571219887069696,0.109907501929512,1.00577451078852,0.00392372792912091,0.141546120174912,7.08292353206951,0.125920347122034,0.180168672749847,10.5379392096157,0.146939418089914,9.58463074688673
0.145033732618049,254.682951548058,2.47811691209624,0.248829046881582,20.0251322921732,0.88812736756602,0.176196883863882,12.8167214051892,0.427324945893342,0.165352990486457,19.4568382303861,0.626458718333117,0.153453315589191,1.00577451078852,0.00727227350831911,0.175955050119596,145.979231422089,0.686868135016107,0.141984211478827,3.68461060628057,0.115469184958387,0.144071909667663,1.017423759841,0.00677718287382229,0.190873969189478,9.20430492459876,0.337423810856016,0.160357452646333,6.27623830106248,0.0856212469299526,5.65945977803132
0.189057192191231,79.2237672736159,3.486069209668,0.239810312660922,42.087781971745,0.962221430694605,0.184257990688315,11.9955386652786,0.462286784387025,0.187707584028309,18.6882180181159,0.811579728723717,0.137348880155226,1.1715671660767,0.00945317266454068,0.15980429097243,6.90175820040029,0.230344831461757,0.191658678378448,17.0926028588123,0.576136295428846,0.130511275352636,1.00577451078852,0.00272810962975591,0.116831269980955,2.33798763817471,0.0498936322457252,0.165546215087417,6.04568285725226,0.0959464605260067,6.68665965542998
0.147732162089759,28.2637168451449,0.991453847800469,0.232116230778461,243.695052194573,0.960373323305064,0.131305736796583,3.15409462760941,0.0935453192111597,0.181055163056724,13.1531495321769,0.573188141359753,0.151629871503075,1.00867425853989,0.00233320394358744,0.193456760851509,15.6782947440786,0.594995671644952,0.139157361638489,15.4097981223956,0.198815084431822,0.196105872931522,1.01158236655188,0.0270246594707514,0.133106246197041,21.3344902474791,0.123714610545057,0.190199370765579,6.47817779606607,0.158891454172669,3.72433531588528
0.181112353860477,132.827677649963,4.32041434683163,0.236159585344489,12.4888983567305,0.579899200323787,0.161312584584619,8.01633751167032,0.264569963623933,0.163877583159342,21.5815941337228,0.644256157461793,0.198364168952426,1.00577451078852,0.0162904553269869,0.191461119299093,21.4576864915806,0.678306650026892,0.164632301380158,25.1391209535034,0.392760203034816,0.19982742337907,2.41321295951054,0.0501609270308322,0.139141261736759,1.92784124639408,0.0616376626133623,0.162707134693329,4.21848286189654,0.0826120704360034,7.09090763671004
0.13685721086249,1652.62708387231,2.22553401176773,0.241828093702869,131.228905716863,1.16117477608198,0.198628411788799,143.479282855456,1.23953234467712,0.10176550692319,16.1362253542068,0.159780652483251,0.16530905126105,1.017423759841,0.00663260969968317,0.0863414561829465,4.26734287669584,0.0443529485430589,0.0982396655020043,1.78366310156055,0.0365147004793321,0.180428789099927,1.00867425853989,0.00904012160521689,0.194804904559809,30.8405617924466,0.554311806157987,0.145383401730066,2.25210247070889,0.0474690977821918,5.48434306927755
0.198031080163821,90.6011469873137,4.22140111088189,0.189606174079268,2.61579919085284,0.119161907406627,0.14628787246788,4.14623977579979,0.138659162425192,0.171194943353852,77.4858328855303,1.10690962876495,0.154875605636697,1.00577451078852,0.0133054775661785,0.169766696109669,7.41681684421187,0.275692973637457,0.191226569673164,9.17784428848941,0.399739979584642,0.161425861725402,1.00288309926358,0.00270681431827425,0.171055860245371,2.7391095515787,0.113124170363944,0.183482749666781,3.33142973427318,0.110364309596505,6.50106553454566
0.125547230848197,133.207458191346,1.3966232374397,0.224884880446919,6.61005466738882,0.340430919697327,0.198208715554172,16.0435815196353,0.666403334246085,0.19659623412933,87.6972038411665,1.96371582093888,0.171391169868354,1.00577451078852,0.00845694321045285,0.157110349511467,10.1216499350543,0.271937625541004,0.185722687240247,175.513722672171,0.803471477252463,0.152368325831729,1.01449885892793,0.00838597291657393,0.189101897837582,37.4018619842125,0.508135132084406,0.131006336237289,1.0232988843187,0.0258844191368762,5.99344488246377
0.182851358280542,67.3252022246303,2.88567701078538,0.248184078369088,36.235961115318,1.07387889851043,0.189566451875755,35.6154068202425,0.806672992665957,0.178111548478393,22.9927224875773,0.829957156931605,0.181922991404018,1.00288309926358,0.0234951565606729,0.180048418666265,15.3654978668113,0.484467310037765,0.182263521874028,49.5933968601569,0.653235246552492,0.196184906413385,1.01449885892793,0.00110715891951146,0.128577380589865,2.15071639511557,0.0578139183578686,0.183101952820485,1.33361741419236,0.059084774414241,6.87538962373592
0.194964567859112,158.097954324508,5.79353100083224,0.211654088055666,5.14550325140415,0.249265161163628,0.161833764221112,12.8167214051892,0.338168911519145,0.165806224636019,15.4097981223956,0.5489035165046,0.164395508234095,1.01158236655188,0.00475638562990947,0.153575595098386,8.44270511134198,0.235992740845859,0.194376304408233,637.457320345404,1.0187768561942,0.183516728455997,19.1236326478425,0.0417687772632899,0.183954198342733,7.22711126890421,0.269581553063083,0.0755557049573835,1.00577451078852,0.00664928982751062,8.50739419284347
0.181452419367138,63.9526218479422,2.73324020670827,0.150394803062478,3.38947576589033,0.081069624864196,0.155407513984874,19.0138370407198,0.340624992186927,0.169246403754983,12.3814980416064,0.487545277071435,0.163174299733602,1.73804099143649,0.0186545094443226,0.182453317585576,16.6554123326141,0.519543556922907,0.176993789249571,13.3438551917019,0.40557518443637,0.159939601972649,1.00577451078852,0.00745003751942289,0.1653549244083,11.3570049730287,0.233352780324953,0.181289887624804,22.4046201063247,0.163025056070696,4.9900812255495
0.163319257547694,94.027134140251,2.73411329318568,0.186389261914818,8.15601225127809,0.220137494207027,0.188134787726918,75.9399168943669,0.897974266899004,0.19495746076232,29.2830732706331,1.20074787968551,0.172173658988216,1.97275779657863,0.0231110184526596,0.197338989318788,41.1295102698824,0.939759867481304,0.178947371254618,4.7881753057283,0.20817832063812,0.183639466567662,2.21991621862324,0.0355616119744551,0.198217779145822,19.9101608535235,0.526393488904839,0.148989439658803,2.66137624774655,0.0536898077389853,6.83966704916759
0.159940845892231,127.259189299189,2.89528059864959,0.248181298572255,37.6178394397509,1.08504900410126,0.199377388068909,36.5502812104738,0.984408201588174,0.173680981173505,29.1149486853426,0.879201506450284,0.176495199794719,7.69966123740149,0.0286696174916632,0.108243051101873,2.75492656923522,0.0595923727229003,0.191935685714812,31.4683859934887,0.724161105053347,0.191334501643263,1.00288309926358,0.00384662817264219,0.19034770627109,9.2308418493486,0.333759986014947,0.159654493934161,1.00288309926358,0.00339183992627132,6.99736086017108
0.173637170171041,41.912542285284,1.76375636929026,0.24599464739729,28.4520477169552,0.961433149970348,0.160489939471984,11.4555185704036,0.31428872851556,0.189077895447143,43.5672141029724,1.35030955026689,0.171118018061953,5.29579277470977,0.0247136631708269,0.182093114592419,24.99478827893,0.605210112144298,0.183559869490099,4.80198009042612,0.215134549722811,0.181691742043554,12.5249050903856,0.0398540784137522,0.188108838040612,7.56780167843215,0.293034504368344,0.179146305350024,3.55949057200184,0.10541824705686,5.67315295291995
0.19473028610857,91.6417856860653,4.11882520460906,0.174742580216642,1.72806227717372,0.0730334933716073,0.170941680535439,8.01633751167032,0.299768928405696,0.179139170739427,33.9142795486171,1.02042875202035,0.193137715959109,1.01158236655188,0.0286421716762563,0.197682711761912,14.4640552653053,0.606033965712491,0.170992716787911,1239.57645455257,0.576162596522957,0.18567044286806,1.38447564841702,0.0327845793693139,0.184640533014892,11.756216271046,0.339929885063365,0.179571968830133,1.83576021707557,0.0739178197114369,7.16952739646253
0.197771084430314,82.4546126330393,3.89554605204075,0.185593481020287,12.1344753910871,0.239776397266477,0.117419622830019,2.2008256876077,0.0588069794006811,0.183078565019972,11.9955386652786,0.534743634734219,0.0939691672822959,1.01158236655188,0.00137091688244024,0.149561494426085,4.12243473196511,0.14170783559568,0.12642583263591,5.07196553857306,0.1084180802804,0.141936138326104,1.00577451078852,0.00129540826058583,0.191011345434461,17.0926028588123,0.435731928777526,0.191773363713408,4.0401882420282,0.13852346625726,5.55592069949602
0.180326607242454,59.0390584657472,2.53265912280392,0.230322588908815,14.6737675621227,0.574109029290543,0.198593313041969,21.0295852575175,0.777532378739688,0.193994917335137,65.0059692846113,1.71933006550554,0.168483556627132,2.35148837301477,0.0217126192983202,0.1276899392969,6.1687553886527,0.126922665869613,0.0857282373950876,4.25507507288674,0.0404697131115451,0.176604684771458,1.00577451078852,0.0207559738279111,0.15817769234134,9.91971340151178,0.195512021016158,0.137261665847691,1.31077872056062,0.0325128606383194,6.04151645010156
0.120727268108762,30.1820264518266,0.741640480806798,0.161541387712279,8.78994173863968,0.133786433570181,0.191621187190342,198.643573165717,1.07372546268094,0.130377441206593,68.2666438040264,0.409858436273568,0.193092969786337,1.00867425853989,0.0101575308218429,0.174098693051118,5.16033824803901,0.216638989837657,0.171001617087291,6.25819530279368,0.24101958078467,0.133320989130451,1.01449885892793,0.00561686025420248,0.197258847033817,10.8769999686707,0.40637194317447,0.155685844771064,19.9101608535235,0.0857725463244572,3.32458826452879
0.172423661477692,72.1002466203959,2.69195319888814,0.173497032218468,26.4762037102107,0.208232963530389,0.0982783134764261,10.5987906532703,0.0772577318059515,0.189205555316754,28.6988481348414,1.10169541089652,0.187294082078461,3.72728711692345,0.0354962782296,0.124864768691593,7.87905475386486,0.131055777970143,0.177614285323928,7.56780167843215,0.299464062073228,0.143935836846564,11.5548867001919,0.0150315950165553,0.152026014123844,3.31230280598519,0.107129468054015,0.187036830797946,1.50070065992818,0.0676967166701303,4.73501320313467
0.144224077958828,106.613332696677,2.00180868450715,0.248640290021691,13.932723196473,0.721383173398057,0.199878554823245,32.4808889723873,0.946520240581224,0.194061719449675,24.2156440378081,1.05191662306261,0.143643580756464,1.01158236655188,0.00763092943639545,0.15948514843441,5.10125365829453,0.186422066761806,0.191947851615535,1547.20331356802,0.983379819447157,0.166289896479301,1.00867425853989,0.00686110444402954,0.181094390654832,4.99947880072813,0.204065005893249,0.189298647081907,13.1910713679069,0.183307499487691,6.29329514701937
0.192988851800522,169.795155870002,5.82545316640608,0.249553155773754,85.2084412476855,1.29994438644757,0.181272547407677,5.40359972355987,0.23895069350351,0.179719992550222,101.859608002461,1.42311936583816,0.195502321056878,1.017423759841,0.0302439181829,0.173996643620838,4.32921447906216,0.183028403136563,0.191948025219382,9.2308418493486,0.403123179110179,0.186764333106488,2.3787241732935,0.0384610276513082,0.139632069398825,3.27437776251048,0.088552289183429,0.183005339508892,27.884402330579,0.175539783736632,9.70641621319633
0.199574554100868,111.596585960046,5.00428353208075,0.123523400808066,7.08292353206951,0.0526909242141036,0.183098230405218,8.91738586389294,0.373724613395197,0.161863324660422,19.0686558202897,0.586825349315269,0.184909752800952,1.24817094410403,0.0278998830747321,0.160021289009627,4.21848286189654,0.160309533484685,0.175654657053508,28.3702534600969,0.509939540947639,0.181401238658585,1.00867425853989,0.0122192199778192,0.199194140582856,5.75691805285236,0.27251341383496,0.173576205113429,1.90028922105573,0.0700271733177951,7.07043318364295
0.127789114940765,97.8616795103004,1.38033390288014,0.222303017785448,4.18220533158347,0.228649214663746,0.154851056910906,8.22675961020021,0.24380616671351,0.186609044982002,105.744080225672,1.67098299215287,0.19608936713938,1.92229906736858,0.0385638735057946,0.171022543498791,4.92802801770652,0.202725314400894,0.161511531088119,5.28056837192541,0.190550916792947,0.121468795485157,1.01449885892793,0.00384361425828999,0.0928850778149092,1.00288309926358,0.00872952719574092,0.186617464208102,31.3779203344798,0.189653870526564,4.1578393930905
0.172420527947972,37.7107714862486,1.57595538717668,0.151208757043263,1.05318733137807,0.0381346911859091,0.189436407558103,51.9312596738742,0.868862173717826,0.189220207919924,183.787546033967,1.90522704969976,0.120147901670439,1.00867425853989,0.00551180052699723,0.196724066672195,88.7129450016296,1.06759224507567,0.195912728171982,7.4382002633935,0.352928830486023,0.175680588361759,1.00577451078852,0.00933990469022962,0.196827921494045,5.19013667692469,0.245705745550469,0.187826408934701,2.57100265798945,0.10161512488641,6.17087295299598
0.164585731638319,1002.72431790103,4.5506930230163,0.107402509483926,1.00577451078852,0.00756209254381922,0.177004783557222,21.7062172818814,0.54569946480634,0.135091241146835,66.3293018815899,0.466180322115551,0.112804125285621,1.00867425853989,0.00297782152095753,0.0999809880399209,4.80198009042612,0.0645284562616464,0.183818273861353,38.6052759973495,0.646119550505634,0.0882905761761799,1.00867425853989,0.00273473210023353,0.155996958745166,9.86276078296599,0.185574319001508,0.196031877337539,32.5745345994639,0.238592363391744,6.71066214526373
0.15657338897332,66.9418550279182,2.06068837473748,0.219967039691012,9.02067029565308,0.390150485061216,0.125802697428149,5.773515819051,0.123246051315496,0.151648592594018,40.308937459768,0.636571596035037,0.193513553802609,1.47500060364494,0.0346078455709731,0.194569054411353,8.39423252506469,0.392406537743032,0.164592298181596,3.50861959151272,0.139424368574761,0.18631087098134,1.00867425853989,0.011308584222418,0.166008958924148,20.9088468955437,0.271121464732088,0.194100844005516,1.95017021036364,0.0895323741943685,4.14905768218687
0.180798951485558,90.8601935449407,3.48946864414929,0.175530804508526,32.0166835936232,0.224258263945994,0.163986177737202,3.95958264771409,0.157005402985642,0.199660677184093,19.852922906113,0.953355484278137,0.126890858998791,1.00288309926358,0.00699496816477608,0.13682839284091,6.74461616851603,0.156698379954261,0.146834038650844,14.257340102472,0.232196371971199,0.176317736162426,1.09966477838038,0.0257623052319553,0.119501360358037,14.9724828208773,0.083482691810495,0.197426644319877,2.58584894057531,0.114742203436011,5.44396471592776
0.118364456132605,19.836909316532,0.531225574905365,0.20442322199012,16.2761951447872,0.383338516552216,0.186539630034965,8.41843393067599,0.369790337697158,0.167144457572072,47.2246276273033,0.917829449327295,0.107276699929842,1.00577451078852,0.00172828878410821,0.148237401805247,4.73335188912938,0.154174951216907,0.0853910590707879,1.53125056362849,0.0262686469226472,0.195103327890129,1.01449885892793,0.026520497509684,0.174745200503706,9.83440721077889,0.268148315379105,0.178302890493473,36.8673277993992,0.155731270924118,2.8347558492186
0.100712481349087,12.5268003303755,0.283703167551088,0.169225944372329,2.46943812909056,0.0916244322641695,0.164564435597307,10.9398093223365,0.327059592699396,0.166742068814012,18.3153703115779,0.619115037317411,0.190455998311443,8.94309557251015,0.040572277017638,0.196712756317338,27.0930697176532,0.803302168742103,0.185462566103522,4.87160332233193,0.220859810894462,0.165259764483267,2.25859550568368,0.0233678812258872,0.0998721029280631,8.54049161663095,0.046822632982875,0.19743464005097,1.95579274466099,0.0926706127019715,2.549097613397
0.176332597194532,121.9241467412,3.81170093043238,0.230793732248979,71.27926959708,0.857511985634711,0.191705415757703,106.048950905498,1.02468775448843,0.198207002701054,73.5726974460868,1.90163722559788,0.196694545368458,3.74881037659201,0.0439755418739239,0.1635667597324,25.8733827583896,0.413689703844021,0.177340128896434,5.37257572706184,0.228270201541542,0.12658020827258,1.00288309926358,0.00630446575249549,0.180183801917692,4.44285270778494,0.184541804449385,0.0894757377670696,1.00867425853989,0.0042247346794806,8.47654434829425
0.182720817710929,3760.83144818781,7.48556224344598,0.128889107047456,4.54636621906863,0.0560719361084626,0.185819778961361,57.2716222440805,0.830052583365825,0.184286655695268,65.9484816627422,1.41907311445699,0.167595763127097,1.01449885892793,0.0110989393129789,0.154879267873234,9.63820144251651,0.254249992096838,0.189608878531946,105.744080225672,0.846638729239842,0.0887254060871639,1.02035709353375,0.00144989741214383,0.182487549921145,4.25507507288674,0.183314724917461,0.188560233351279,4.82970917626452,0.140113390829802,11.2276255511863
0.167887389562146,63.9526218479422,2.35488569810093,0.229912604358377,42.6980067851428,0.781906387599636,0.187658445463218,25.3571841881197,0.696743053224613,0.12477361315242,4.41734470314007,0.128064602444806,0.163822777766052,1.017423759841,0.00187937296223982,0.185604261489588,13.7336016436691,0.495982698052099,0.198737684179146,6.94161247758823,0.337907092506618,0.193549100554602,1.00288309926358,0.00838635163615344,0.142598494246594,3.89177332396176,0.101397153098275,0.190598356120608,7.12382395041967,0.167878105515055,5.07503051514043
0.158126210002188,429.450277011502,3.58347562334871,0.194634750269731,21.273157622404,0.332068639592804,0.190493330633639,18.053613516069,0.634969136328646,0.0744417409811659,7.72186012504483,0.0655756739838619,0.193374959424728,1.017423759841,0.0234595428133242,0.196615829098932,21.2120013170279,0.733507027422823,0.155178227574342,2.78683513858361,0.103680279798441,0.190619398196402,1.11882507338448,0.0336442512693414,0.190325676270736,4.40464567244553,0.201869904745781,0.172657059632279,2.33798763817471,0.0780834609038967,5.79033354020763
0.198603263743165,98.9857121987332,4.56266878366737,0.245132395594658,43.0683803351352,1.05750519671047,0.171723763260323,32.2944045847043,0.542126306404593,0.116540528085901,3.89177332396176,0.104293970252602,0.139714454956077,1.01158236655188,0.00513729593821594,0.196234377345651,19.9675638236179,0.701232329360035,0.083191647280894,1.8570226648111,0.0280934530776834,0.1673699431015,1.01449885892793,0.0170427243892239,0.177832579909538,8.68929909148323,0.268755308617482,0.1922426488712,8.22675961020021,0.177806361221703,7.46466172963938
0.13205579080098,86.8029067373029,1.45345088572326,0.204554009317914,12.7431360287119,0.356563152600316,0.166289969933201,5.08658851868221,0.201809914638087,0.137411702394723,66.7123211508998,0.491476429990448,0.152153631367998,1.9841495077581,0.0142800268433514,0.195617765892554,23.5962620603196,0.7509869144835,0.171817877631696,33.0468281812645,0.480503221272323,0.1983895445723,4.0401882420282,0.0546579253861118,0.159714727515673,43.9451273819645,0.255137873330228,0.14571655894825,8.34603823722249,0.0630696274760023,4.12193597174363
0.191675468248056,149.750049956473,5.35859548244392,0.1756177442791,87.6972038411665,0.237980987142031,0.186072041772589,178.571831624811,0.928256859493279,0.0806378641679831,6.49685502569923,0.0732669245661164,0.155623408719469,3.33142973427318,0.0163817101719804,0.179255635619593,58.1019954155711,0.679082185336346,0.162908681683284,7.20633469066447,0.239457893846591,0.186985838989772,2.15071639511557,0.0379912049437687,0.192284816732521,50.4575002967478,0.565530196808478,0.12163260365056,1.00577451078852,0.0213960054873429,8.15793945023985
0.17932103320969,335.951179933802,5.59675318554341,0.228530580622401,22.8607130534172,0.65809952859829,0.14003244719289,4.88564863828298,0.143573971082461,0.160542507692542,559.998736027444,0.994482258409594,0.123958884786596,1.01158236655188,0.00275974371443023,0.0642573018733579,1.12205075712963,0.0142983783021753,0.195008559722921,21.0295852575175,0.668480780470025,0.182292167735339,13.8527304550101,0.0403408674263709,0.15905144086753,9.02067029565308,0.192848262991615,0.130982944407937,1.00577451078852,0.0163248388118334,8.32796181535021
0.171685650968244,219.544145136147,4.38636492895351,0.171791873130314,4.74699861247518,0.137063728882872,0.158080756076415,289.644620169043,0.471248475157466,0.139591785211425,9.5553161597167,0.280121942076907,0.18792309224782,4.32921447906216,0.0370497193734305,0.171062439153485,37.0802185815206,0.529982145398685,0.172633257767576,6.25819530279368,0.246392483331978,0.187282400000754,2.63848930932274,0.0397675660816506,0.190966598150689,4.59902389909696,0.210646465832073,0.198989432656218,5.67464221589759,0.177925832765424,6.516563287854
0.191761093697139,124.741056933035,4.89360371802129,0.233034043408523,16.6554123326141,0.640909984164244,0.194460719436724,6.862132740856,0.327329466038079,0.1760058027177,82.5523008734509,1.25406292718389,0.114740182012421,1.01158236655188,0.00328597199683807,0.193872156758569,24.5667432445612,0.739792382421559,0.158302885695017,4.92802801770652,0.174871254264469,0.159511960541187,1.01449885892793,0.0129522346349951,0.191520636990858,13.8527304550101,0.409216746633304,0.153079129647624,29.3674992776149,0.0831410281318879,8.53916571349055
0.193297880623935,86.5554276894931,3.88600356599936,0.2138804095722,29.9653362072615,0.525342863745168,0.109793120593811,4.41734470314007,0.0798372801628437,0.155422972025366,7.97031285410644,0.294378540531173,0.194434001489964,1.017423759841,0.0162324447981213,0.182133214983518,5.92506573979369,0.261686149162298,0.154081592729584,16.2294041616006,0.281900754475713,0.197323769427389,1.01449885892793,0.016349611200685,0.16651644961802,4.91386086905364,0.167430613231722,0.191216617685684,8.01633751167032,0.173619475894215,5.7027812992013
0.186197535147223,128.720879813715,4.59403332252835,0.183038029383181,17.2905756504487,0.248328827781103,0.197908752983319,57.4367420159962,1.06964530411147,0.166293699611508,443.518487885808,1.16187965345277,0.152790149534196,1.00577451078852,0.0019711566126677,0.185620292106583,10.1216499350543,0.41160095821609,0.160152639705201,3.95958264771409,0.150486423027047,0.196442694457663,15.189566737098,0.0568361205834033,0.184540006299035,4.97077500682395,0.211047959656255,0.174700740557537,2.99480874260266,0.0906866982868906,7.99651642425605
0.178399224231246,62.3302254082234,2.59216991794722,0.213894226958978,17.1913042784243,0.457567872451681,0.167997134419847,5.60966897361054,0.222344582807368,0.184527032564576,36.6556592993152,1.16495420960626,0.160101716152057,1.017423759841,0.0138687647564407,0.193613465025362,62.6179974805149,0.936224633875584,0.193704246965754,19.7958495069776,0.63854522609861,0.185084655521678,1.00288309926358,0.016620337375511,0.159097321850241,31.6501005279053,0.245537738001221,0.133947751873317,3.70588742997801,0.04246568195738,6.33029896487728
0.19784591636581,161.750616662103,6.136661216505,0.249044647158476,61.7230832045355,1.25434101825459,0.14421025513853,36.13178957939,0.293620858304429,0.159699251827177,11.4225861207707,0.413720252702701,0.147074512183992,1.00577451078852,0.00122068874503122,0.194357187439318,21.8945026225075,0.718331367397282,0.152984374687057,65.7588922489258,0.335410007001829,0.171675641096556,1.017423759841,0.00345910054145522,0.157909908371907,6.09812467340626,0.162022287938101,0.199474357902143,2.29134256329585,0.10744037661646,9.42622717400688
0.173271422451069,53.8841013941959,2.20176328138914,0.135014048220228,2.23917234584048,0.0511826191519837,0.13951217454864,18.0017127911777,0.235769113460398,0.177461104495931,671.361974081991,1.55099494600949,0.132838056704403,3.90299369276608,0.00908356266302804,0.164105757279518,7.69966123740149,0.262139941434939,0.170433674602003,3.88058521159597,0.160226468416718,0.193438651356958,1.78880557933512,0.0411100986521764,0.0962170468965693,1.00288309926358,0.0140612869582288,0.139955615429761,8.66431899975565,0.0544384956772389,4.58076981381334
0.192999006045237,125.09771623005,4.9876530139333,0.234815751948663,48.6039614703936,0.898533440174109,0.11810482385163,10.5379392096157,0.127010218764299,0.187694928615664,30.0517292460135,1.106218071271,0.187573499502282,2.86823283751515,0.0348633725151859,0.196553650200685,11.7224193723862,0.518170232516789,0.160670807130407,4.25507507288674,0.160318294592232,0.16922347509404,5.84038679556032,0.0279667520332762,0.0890215769556285,1.96708649096514,0.0256637580718006,0.182930691189064,2.92662172166501,0.102241066108859,7.98863821998085
0.197876058936844,65.4301699554588,3.17449392676199,0.222965004522189,262.636352765333,0.760971314186297,0.194816095797715,9.33775684323017,0.434397663999459,0.145404810606427,6.27623830106248,0.216808198241809,0.177550455617622,1.00867425853989,0.00965414825932743,0.198857652062538,23.8695626167564,0.802185743235528,0.169128141281448,87.1937028632918,0.505527442122481,0.143115792148766,1.00288309926358,0.00990350288991092,0.160091210840273,13.1910713679069,0.217473878017206,0.195661577760229,1.92784124639408,0.0902329010357042,6.22164871874971
0.167251498880371,38.1439148787253,1.54230096503611,0.248122957230746,12.8907317012169,0.68662226120002,0.158106238787399,88.4579120605105,0.44913674371034,0.177062848344859,9.61049343596866,0.413464056000967,0.15473596397448,1.00288309926358,0.0101829881012208,0.123606150676793,2.58584894057531,0.0719365995382414,0.186314781774965,51.6331037591724,0.71196722759982,0.19372222833,5.11596107896008,0.0499010517076211,0.184679789973979,35.3091263296414,0.447768881421378,0.146134335706845,1.00577451078852,0.0306709269218585,4.41395170123758
0.146260317733018,117.146754050587,2.16430279498726,0.225534153550053,26.7828608064846,0.651233421114729,0.161047767490129,36.5502812104738,0.441201339065662,0.10860759876989,4.46850800867783,0.105877053280579,0.162927255654765,1.01449885892793,0.00782873373179948,0.172730219518044,39.7328563803063,0.55160443468339,0.196314506610035,28.7815897627645,0.776098564644826,0.125117521597307,1.77853540743712,0.00840954347749902,0.190938558902748,39.0524164547872,0.524772537584418,0.187452772324572,2.71555413295041,0.104938888491575,5.33626731106174
0.143285820577702,89.5723252658637,1.85930282521596,0.242820872290357,18.0017127911777,0.773985981837592,0.13459497416695,6.1687553886527,0.149900544156255,0.186902474289307,135.061831034464,1.73049485792186,0.191227729895502,1.06232295058138,0.0297560351651296,0.18258593163402,28.1262788456248,0.630863617424737,0.196426441480976,19.9675638236179,0.668734773384984,0.149465300732801,1.00577451078852,0.0100817284381515,0.144151679035369,6.33068001474387,0.127760447609406,0.193879408222705,13.4984086137474,0.206495308427712,6.18737611958179
0.14728676441823,23.8820457636572,0.838658968025854,0.201587166807111,3.31230280598519,0.160533236890612,0.105352259655486,3.40904833026788,0.0650330672468353,0.157040118830759,38.4942931291769,0.69890001248677,0.126667271358115,1.01158236655188,0.00597566310373687,0.128325895371396,4.55947384416678,0.112002646674896,0.191325641267119,7.90177085082341,0.355852710522325,0.190302541145202,7.85640396138943,0.0480141357615208,0.162990142219535,46.2824514344805,0.276001766476072,0.19383344605149,3.94819959636536,0.139873090723152,2.70084529791177
0.194696444109447,137.457398852597,5.37515077537237,0.221944273472094,10.0346071582177,0.42917819287192,0.155489381012764,19.0686558202897,0.341213610562111,0.194236204269592,16.464712003024,0.77743591044408,0.144197073121103,1.00867425853989,0.00419922477910986,0.180751597039078,14.7585013912184,0.478776615257168,0.10838524842114,2.66904925964653,0.0563124775201811,0.195538027954675,89.482464022409,0.0585565229791065,0.184191451077805,120.024475679838,0.491570673245363,0.14802522360062,1.92784124639408,0.0470799599725401,8.05947396300395
0.147195358804485,81.054136756884,1.92742078369165,0.222116757206881,5.23515726431772,0.277067450142293,0.1867102682261,37.1871245324062,0.763925380592014,0.17513105255345,25.7248344244728,0.845209066683897,0.163326376675171,1.00288309926358,0.0141016611655936,0.182535615940667,5.29579277470977,0.235604122072465,0.118455784223343,1.93897358646993,0.0523840378119399,0.184412699843141,1.26991877487462,0.031279193369608,0.164549238598651,8.22675961020021,0.2088976750325,0.143292996241837,2.89311263070037,0.0490295544752147,4.40491892503718
0.182988202463767,85.0853002513967,3.42015017200399,0.218730937597459,5.31106107095859,0.273097228090898,0.1726089215264,29.7932945067072,0.53979878845463,0.183723536312663,13.1910713679069,0.587059214654703,0.161901492411472,1.00288309926358,0.00421754712550192,0.186432900907011,10.1216499350543,0.417334890998971,0.114370247109091,1.8199732981517,0.0469801629860418,0.193046296559509,6.09812467340626,0.0498069577127942,0.172890830198643,2.80292774815717,0.117407428486659,0.188503650050255,6.88191695070772,0.159459137705693,5.61531152821988
0.160825249347164,4313.2242385303,4.30892637335701,0.221877014845151,15.6332226114801,0.516437728315201,0.161790167281555,9.77794436555052,0.297210496206059,0.168956269506533,10.7524610237587,0.433617545218496,0.178243220593157,1.92784124639408,0.0265573900147452,0.199315172426576,9.86276078296599,0.467976682595079,0.153896681897387,2.77882351455518,0.10266995479041,0.102852597499058,1.00288309926358,0.00119583864243866,0.101655628806131,1.6984685687346,0.0317442712570347,0.162924787551564,3.17230798106454,0.0756603584631514,6.26199663885962
0.185432423856319,164.545388720042,5.07665660055027,0.247254338374104,164.741949530166,1.34659564959385,0.143699899310983,13.1153367145537,0.239490080071181,0.159407809480096,126.772704794663,0.89951443262462,0.192296201371099,1.03813555048354,0.0301596117562247,0.17499921129353,133.900344824872,0.670558653851416,0.178286373535411,8.03944940844679,0.31390597918964,0.126739444622536,1.00867425853989,0.00336948025786109,0.151246592484881,21.273157622404,0.192861608062469,0.193150261687681,7.24794774808137,0.177396492216533,8.95050858817406
0.169845726119987,869.327576837675,5.11494476856486,0.239321350451351,12.2750213329814,0.60216876206325,0.182576434780308,7.12382395041967,0.311046497426084,0.147267762494395,107.586539684132,0.655710247191826,0.185675970127192,3.88058521159597,0.0347565899857331,0.196788021516118,11.1304219326752,0.500675774834994,0.186602721844995,14.9724828208773,0.499265133001533,0.169867594596673,1.01449885892793,0.0162381917804,0.124947324956363,16.9456122371505,0.0985323379495618,0.193075367712571,2.33126636583218,0.101488008225951,7.93482631102419
0.18328656573548,77.6561324832407,3.23600975619778,0.219720437078191,4.71974439753259,0.250211777723777,0.186088725754809,17.1913042784243,0.582118635735161,0.160212305061056,28.6163443734521,0.681651134605649,0.190071960719152,3.02949571521225,0.0371425382370908,0.0960410942424069,1.42902148939294,0.0303821402746748,0.177669923181055,7.50272113554967,0.296697637968509,0.185423675480926,1.01158236655188,0.00429109918345139,0.19266612572414,6.15102138343189,0.26943018789324,0.174388909866547,7.65545473146367,0.122180491142664,5.510115398962
0.182369834636916,70.0708090628971,2.95777641768833,0.195784313117444,7.14436264200497,0.242737068034843,0.193766888155313,46.9534941686678,0.948118671697776,0.180395542823239,21.7687984609418,0.826395598623513,0.157478338946405,1.00288309926358,0.0140341348840776,0.196910801404631,12.9278969602916,0.558145044258767,0.185873638537784,27.3280820090234,0.622365578785188,0.18773143344214,455.16047411978,0.0474796333483465,0.147722137058756,14.0940971036004,0.167686370857451,0.175540209654834,1.14489244934213,0.0485174523500818,6.43325597052837
0.163998439968157,224.616447518581,3.72362713695935,0.156329726435735,10.5076446271293,0.123052482055489,0.186071196477631,14.4224738415937,0.528557136157094,0.181582289657562,66.5205358429982,1.35451640595855,0.188129847857453,2.50524216415549,0.0342221622168484,0.199041126679674,12.1344753910871,0.547327529093861,0.0920352684559671,1.12205075712963,0.0228760627716593,0.123060960747311,1.00867425853989,0.0036008536903334,0.142835554788994,10.783461436218,0.143706243665795,0.174176830988037,1.8199732981517,0.0684706176195125,6.54995663018849
0.0869553359785046,10.9224983497956,0.207556679486259,0.231897639063958,13.7336016436691,0.580340175619589,0.173831299254632,823.623884266691,0.71039781315618,0.19415315498786,57.6023378446047,1.64386668488247,0.186968201664146,1.00867425853989,0.0214753256007702,0.165206981017062,4.77441020717598,0.187259445309761,0.136759276005198,1456.43404646513,0.232084601913057,0.182896865225591,2.90981894079874,0.0364386649175311,0.138535136318565,4.23064516672908,0.09753678100212,0.0568645044445599,1.00288309926358,0.00297640130961534,3.71993257319735
0.155688855936991,263.55994978813,3.22158708365325,0.242253262944606,9.17784428848941,0.513590353417017,0.180928897120681,106.048950905498,0.793687469427838,0.183083680821379,48.4642342722534,1.26168612028196,0.187263203702772,2.0598161414781,0.032487255194917,0.169069080203312,8.73947554283164,0.303772034209242,0.154494648373524,7.92455244054436,0.21931779055845,0.199605977435031,1.01158236655188,0.00891961932074287,0.0961598868125815,1.00288309926358,0.00388571026866639,0.191956510232994,21.7687984609418,0.20990302376265,6.56883646009473
0.149767008452771,294.603516935183,2.81114002128698,0.247948249706133,18.3681753422353,0.828661425643327,0.193093403903236,14.8865204479472,0.593231375835788,0.160688886285704,23.5284272689873,0.637117282990436,0.137634449814917,2.66904925964653,0.0101220258186927,0.199514508924783,71.6908725083659,1.09291020309875,0.145161833509189,7.87905475386486,0.186610948229518,0.132211219396549,5.40359972355987,0.0109366762234178,0.141899401714852,1.37652687910296,0.0462722302682302,0.170791277745613,4.45566189315493,0.0975431454583491,6.31454533485349
0.187856433628945,78.9978966982431,3.43441597222808,0.192015215634477,12.5972302899552,0.278314081256155,0.166321904000538,8.46704626823108,0.294153506367854,0.193091838752886,66.3293018815899,1.68860089407874,0.129477670636898,1.01449885892793,0.00190123530297378,0.145361732235324,5.17521601544173,0.156871350771964,0.176015674439062,7.18561784115829,0.282044291099501,0.199559875284661,1.01158236655188,0.0207574379036944,0.133440247267854,14.5895202202118,0.120194648638648,0.1216527627579,1.00577451078852,0.0059275097045618,6.28318092735217
0.166964232045746,35.924114038768,1.44924938827843,0.241799777146744,22.6641186288517,0.822320220276579,0.128531232589687,4.18220533158347,0.109416149978098,0.185089566987291,437.179878501288,1.86454081176425,0.162846478089389,11.0347040567755,0.0205384148885392,0.199525823903221,76.8194808477565,1.11397983341347,0.186111033596957,7.78884153617836,0.335770925424263,0.158123297244722,1.017423759841,0.00289668106324885,0.174217184649794,59.114350629975,0.372288796512863,0.18824843961157,2.77083492243083,0.107130447987992,6.19813166958773
0.144345633294846,23.4764137693127,0.806248958476588,0.22143949819576,88.4579120605105,0.699101496227295,0.160112781250015,533.251066774637,0.504979591908773,0.182877821796676,67.2910010723591,1.39492568159234,0.15097975728855,1.00867425853989,0.00762005784338724,0.150330900842117,7.92455244054436,0.214370670466952,0.162836017798845,3.24621921773864,0.127664562824692,0.163452587047138,1.017423759841,0.0170154708401123,0.155409150099832,6.40400427119728,0.158467973369776,0.186930977545666,1.54453302690677,0.0692662856954651,3.99966074924538
0.187754602140077,960.687456442203,7.82804850048885,0.187161247317805,3.24621921773864,0.137573022198793,0.116586137137593,1.90576794350953,0.0511495472790065,0.189042032007235,16.8483214233231,0.758612607916768,0.187508816232723,4.29198469417562,0.0359602547265376,0.138441119010166,4.15819379664401,0.123775375428473,0.150110060265073,8.01633751167032,0.204091288131705,0.0932979919499897,1.017423759841,0.00255942139325216,0.193072338553781,37.1871245324062,0.544240555431205,0.16741622418746,2.25210247070889,0.0705802965650251,9.75659086955962
0.162732765906367,39.6994719371337,1.5381075854512,0.185661591341271,7.76645008964431,0.213419231394645,0.19867840523927,63.5258869923343,1.0987667075306,0.187750730696177,22.0209326641103,0.912159834274697,0.184333246804533,83.749215037991,0.0369290344801022,0.164137938471372,3.56975293664868,0.141606918906356,0.191982321373443,11.6551167748285,0.472719865574355,0.133502013053188,1.00288309926358,0.00753378218612561,0.183349298340273,4.71974439753259,0.2007948742126,0.161887839574319,1.65026765861521,0.054644959233413,4.67668279324409
0.199789819304597,441.888302672989,9.19526574382718,0.234103954561374,33.8167824081596,0.806329948247494,0.179359904894147,5.84038679556032,0.253700372102719,0.16333852317296,9.39167782086193,0.366381693242783,0.157677156805748,1.00867425853989,0.00547024767713629,0.146120186710465,16.0435815196353,0.253364921886498,0.117106013002229,1.58051892322707,0.0427577785809491,0.194674361547109,1.00288309926358,0.00257096446648831,0.162159061956804,12.7431360287119,0.224543735386688,0.163156351466275,1.12853005133194,0.0428415022266955,11.1932269076446
0.168291796781209,306.617820701786,4.35241674488835,0.238952478432617,14.9294397640879,0.662175628913344,0.110267584631852,11.1625120439526,0.106290624948335,0.184947053150316,13.5763553199153,0.60903965997407,0.191391773329489,2.42017049201696,0.0365777962417456,0.0998663766855088,2.76286929599819,0.0510072490071989,0.156988393559242,6.02830266228601,0.196782235186408,0.193747009728074,2.38558227120577,0.0450224429814821,0.190443285313266,46.8185117519142,0.531408148771951,0.177005518113706,2.77083492243083,0.0914929710737064,6.68221350198659
0.193061890492542,349.651693656323,7.54720513125663,0.247012645650303,11.7224193723862,0.638423189627421,0.127975063811204,7.45964533309522,0.143536292321135,0.188101643213778,33.9142795486171,1.18551963729084,0.154075918562714,1.00288309926358,0.00769996384331893,0.198519883963545,37.7262954049369,0.936618512338594,0.106420932414091,5.19013667692469,0.0717237812566339,0.185323101080157,1.78880557933512,0.0353673942886001,0.192773793672463,6.53437118513655,0.281955551328543,0.189165305034313,30.3124057150643,0.203081821975538,11.0511312755273
0.196865957974765,114.501338871824,4.94179496070119,0.225684893432368,7.00182581890258,0.358813606973248,0.158610458871945,4.49431145638251,0.16837649895068,0.187621158543609,87.4450909638054,1.64569894786351,0.19328194456268,1.01449885892793,0.00604060803007535,0.134147929162691,2.42017049201696,0.07628118533987,0.158854378165852,3.21830282695794,0.123083043878043,0.187183728005984,1.00288309926358,0.0247515284981826,0.170224793396776,2.50524216415549,0.103470248552662,0.144918933395514,2.39246014169509,0.0482604488726286,7.49657107766009
0.189709962793472,102.728752873094,4.21918520785608,0.214158107038455,26.0978151697375,0.519765849674155,0.189621668633577,8.20310923201435,0.371970887122495,0.189796692740083,19.0686558202897,0.843065747105794,0.195523165656296,1.017423759841,0.00821952681147211,0.12448010820886,5.773515819051,0.11662270324916,0.144664182879259,5.99369202303595,0.162433606433634,0.127115444090318,1.24817094410403,0.00864392568028599,0.0579471259340805,1.00288309926358,0.00162533755885518,0.199527715580969,5.52949756842363,0.179923956661448,6.43145674815338
0.177600030236702,246.104940683791,5.04996134800915,0.235010975932069,181.160919420042,0.998982968626901,0.197734868236839,11.0347040567755,0.509552483232199,0.167052697863679,29.5370822190252,0.786595385024661,0.17232388604486,1.00867425853989,0.0153418745449744,0.167394049671713,4.23064516672908,0.171054917135255,0.173004095744139,4.44285270778494,0.185778078731548,0.188280897283151,1.00577451078852,0.0280144703610587,0.110413609105945,3.92553157195246,0.0528186264641302,0.131351038311843,2.52697328239242,0.0368619814799314,7.83496213360981
0.156408869434396,261.312106362475,3.24342087244215,0.236668017820608,15.5434666953568,0.650404443463982,0.128837706750321,8.63941072106801,0.152800166101253,0.174008635629971,52.5327465589178,1.08444449291266,0.112709275077603,1.00288309926358,0.00317318858711966,0.175449117672842,5.38806539618403,0.227657141121256,0.10090652869295,6.7058929175172,0.0668209319228978,0.193627788665868,1.00577451078852,0.0191566910510386,0.150994891371548,2.90145376159538,0.0968267349930977,0.0916732970480142,1.86774606222357,0.0127912385199119,5.55749590111537
0.182745539166843,377.671841059806,6.20994220146527,0.212145577776889,13.0776326016306,0.413663809210487,0.156639750184632,4.14623977579979,0.154176644726941,0.199888088438776,22.0209326641103,1.04113641358284,0.155633414538818,1.00867425853989,0.00118891200383351,0.179628527178027,27.9647958304035,0.594252332423541,0.158423295201562,7.16496054867685,0.222209713490759,0.108272522870252,1.01158236655188,0.00491071180815685,0.187539137981257,62.4379825789225,0.509683918776887,0.181655961288889,16.6554123326141,0.162116435308875,9.31328109279759
0.189385765060257,56.4027181311874,2.6072233989514,0.245013229260767,52.0809826503965,1.10591432038886,0.191354247247288,31.8328643748612,0.81117085608396,0.069435789219313,2.08367368705817,0.030405310509021,0.180290985993602,1.00867425853989,0.0227697873500111,0.148008850051247,6.06311316104581,0.180020434987133,0.176655975520864,28.2886943462597,0.516847129271541,0.177561019987785,1.54009278652809,0.028662116144116,0.199078943771348,103.634385349794,0.69679551413354,0.197500877793655,20.1407676346358,0.235082843404523,6.23489171122411
0.153038745201792,86.5554276894931,2.21933483176095,0.223224600664659,3.97099851752979,0.218895817914995,0.152816726541235,23.8009421380058,0.33637783058079,0.197774499373263,29.2830732706331,1.24096242012207,0.150984442549706,1.00867425853989,0.009004109566823,0.183190493034905,5.14550325140415,0.230255920257355,0.173723407607563,21.8315600677534,0.45999525226114,0.124519959295012,1.01449885892793,0.0046424274951223,0.195079727956952,33.7195655535441,0.564098315033348,0.171803817178055,6.36723659478765,0.111119618071628,5.39468654306422
0.195277592785634,91.1199807677937,4.13509186932846,0.244283035693851,95.6081960158011,1.19668369002881,0.189978254216759,45.3590725519368,0.866700412353451,0.168584493372018,20.1407676346358,0.671658416480364,0.181397667007701,1.01449885892793,0.0165968736623318,0.167520561116024,9.39167782086193,0.308377821732325,0.124403127993421,9.74983462452457,0.127999243230777,0.165745315144067,1.61734325078285,0.0227931316099663,0.197942084418647,144.307805522233,0.702399692250398,0.191370823818761,11.1304219326752,0.189235555143221,8.2375367058201
0.185134772318144,318.212251341092,6.2936637299129,0.100800775515991,1.06232295058138,0.0187972650128634,0.191985263533382,18.9046718094031,0.667643986512967,0.185211107737646,31.9246416826979,1.09329173945759,0.174844093317567,1.00867425853989,0.0204567842244191,0.18834537284021,8.08587329578959,0.360214662160073,0.199917938522676,11.858192730432,0.528208583635648,0.199168445474253,1.16819913201946,0.0393240798113493,0.187830787344132,34.208460777616,0.479089262501219,0.195392254579877,8.84069935203988,0.194062902276875,9.6947529955059
0.121931721711885,107.530435552436,1.22255306231586,0.24849047982298,70.260571482953,1.26395300939143,0.177698240580452,11.7224193723862,0.417464990562554,0.193565570155011,17.2408685151293,0.804947883687704,0.172628516999463,1.017423759841,0.00953586216589476,0.183365395724172,54.2230004661768,0.743450446129838,0.14780605226277,5.29579277470977,0.159937952737951,0.182362752514958,8.58980877761041,0.040051219554862,0.163187756748991,9.25745528268664,0.210575086015245,0.189617800107116,7.56780167843215,0.16444674184819,5.03691625440953
0.181009699950216,438.119536907039,6.21439513971516,0.158122153628131,3.32185250376586,0.0917876314694069,0.167323467479487,4.20635552139048,0.170137147103309,0.19556781176325,27.9647958304035,1.17653209099543,0.197272389681543,1.00577451078852,0.0187003655467365,0.193696129892423,36.7613412036469,0.844888998568438,0.167701917771392,14.9724828208773,0.363566939584171,0.118892183577138,1.01449885892793,0.00136744154966006,0.147561483423526,23.0590127888488,0.17773013730332,0.139001035761203,2.46943812909056,0.0427072866225134,9.10181317845814
0.0628615020695835,47.9316313131911,0.20974460641282,0.206009219913181,6.09812467340626,0.260415440199007,0.192460126227825,274.226567348106,1.11541764497667,0.172630203490981,25.5036095217804,0.810976732289083,0.187344983062579,4.31676880609627,0.0362170365204979,0.18806692724763,36.6556592993152,0.750774931455709,0.186334845207044,8.25047817477399,0.350980679082122,0.155599385416739,1.00577451078852,0.0133135850443766,0.167669763857161,41.8461409792029,0.310880668356853,0.194390963484869,69.8571804408421,0.240514904204202,4.09923622854134
0.144790523736026,61.7986249601431,1.63952753380694,0.24639464060483,15.5434666953568,0.752542831020715,0.142068847433227,6.74461616851603,0.177160276607319,0.173693180964251,73.9975437812294,1.15992503964003,0.156523636267521,1.017423759841,0.00370140686750599,0.167938895144852,10.0925521055113,0.324235870764809,0.120528523321585,4.92802801770652,0.0955393548510375,0.17553706867187,1.00288309926358,0.0083547432392793,0.13863885168415,5.40359972355987,0.107497657300842,0.178548073734616,1.12853005133194,0.0489125284768081,4.31739724257529
0.190740430918551,60.9226804384381,2.83334361390767,0.213497542642631,45.0986499114755,0.556121377165975,0.179738426234105,12.2397329678754,0.438503848301574,0.141981200140439,17.1418825295271,0.398522484590278,0.118817025120396,1.00577451078852,0.00470195399320061,0.181971819653564,51.9312596738742,0.716807714675251,0.188098577901098,16.9456122371505,0.541929518598341,0.199089979439117,1.59882507273807,0.0448094579411672,0.166284071077625,8.51593931825384,0.216407195689926,0.123052506216968,2.38558227120577,0.0297566941711071,5.78090385903449
0.192288323118785,215.199930618426,6.36435718097503,0.146613208000551,13.8926692519835,0.101971252325611,0.190399456601705,10.5076446271293,0.455227898576987,0.125933423808613,5.10125365829453,0.147736008246436,0.163185482104222,5.16033824803901,0.0203132603078012,0.172967718443554,14.4224738415937,0.417214398825928,0.171508695344386,11.3243557313592,0.345008620906537,0.199588470098383,1.01158236655188,0.0207020542749316,0.199210484053925,52.3817248465878,0.652999825059688,0.135393773218599,1.00577451078852,0.00184779453907634,8.52737829403802
0.189651733679692,239.177715977621,6.33606108242186,0.246520613874979,89.2252188596224,1.25544730115463,0.192123160821043,7.67752616736229,0.359292189734665,0.142110715034519,64.6327467909754,0.55607488925888,0.192905866122748,1.00288309926358,0.0206543108958838,0.197458590628736,37.2943387037601,0.907647635047941,0.11908572348902,14.6315832552147,0.122866342387361,0.111876853763718,1.01449885892793,0.00376959904958986,0.0686994065734628,2.44116367657533,0.0157811382954021,0.178078262659058,1.42081696649143,0.0596798916076996,9.63727437985391
0.169550803772435,151.470068988312,3.73820940490346,0.207927710479809,5.13071090257931,0.237850848829885,0.146117047009887,20.7290378618468,0.281772513950043,0.130474538524068,7.50272113554967,0.210705314211638,0.194842511567705,1.07462716439149,0.0318426967673367,0.0774001264882683,1.92229906736858,0.0264050660608938,0.140924327033434,64.0769269600819,0.243970817999057,0.184132548367631,3.06458444505318,0.0380924827531179,0.188430923371609,10.3873347090322,0.342638144448792,0.183579014681605,2.96051892720402,0.103649535807585,5.25513682573181
0.116291121647678,14.325782742612,0.384739093368184,0.241797254060975,2431.34429133299,1.27069597266708,0.0956994497052264,22.0209326641103,0.0776117936138324,0.190648255653245,16.0435815196353,0.737441308485274,0.196811700269455,8.25047817477399,0.0468163479950379,0.192370785835053,27.7243080148432,0.748154405029493,0.134585244643601,2.69220128298041,0.0831786987391389,0.197009541349145,1.00577451078852,0.0309426330677233,0.196619332079489,14.716073490575,0.460851333245624,0.157566727588118,12.1344753910871,0.0877900410196888,3.92822162723108
0.144752238326033,35.2132681282715,1.15596532257884,0.233437133854367,7.97031285410644,0.4240802595457,0.136255721966212,2.33126636583218,0.0749970088060599,0.160926021758429,136.626166668673,0.953339807189757,0.109709811408732,1.02624915657849,0.00323080177804508,0.190822207658884,27.2495189410318,0.735498718250085,0.172134265503869,21.5195511317025,0.437600695758397,0.119108576921508,1.00577451078852,0.00135529192179775,0.199605164364258,12.7431360287119,0.450155100742207,0.169946326620429,13.4984086137474,0.120326171630452,4.35654917820134
0.135468325464333,20.5870211940554,0.65807656098988,0.20099677381754,3.20905081491668,0.15543608552958,0.11055891913833,57.6023378446047,0.125650376289188,0.117812156185337,17.5918424880948,0.241798621283866,0.173810283961603,1.00288309926358,0.0177259283571047,0.151630279110563,4.8997344482741,0.164961671937568,0.178145982525448,10.0925521055113,0.360259766977725,0.167185108180533,2.16937226517279,0.0246177352474861,0.182833320452483,22.7949928263862,0.399738856781039,0.18897536088928,10.9713498785374,0.179789781693734,2.32805538508717
0.165840563758679,65.2436255554238,2.32293431938549,0.241317664348568,8.1325652583707,0.46568784427959,0.138736827169407,2.35826794741131,0.0773063754202051,0.168698756604545,13.7731969804542,0.527843532379131,0.178288161499763,5.52949756842363,0.029325129058846,0.178365995454426,10.9398093223365,0.394514049553908,0.188737808769146,12.9651693704974,0.485312573840474,0.170405570780293,1.00577451078852,0.00991334903084536,0.184842266563551,5.2653877364201,0.220658045472072,0.189300050538022,4.26734287669584,0.134558701601377,4.66805392002194
0.109045478676902,42.1525573787623,0.700755052228251,0.228735510508623,6.31248050684326,0.341552200996916,0.187598301415066,20.7290378618468,0.64193661461097,0.186923746785318,44.1988889941343,1.30152071217231,0.17163000909164,1.01449885892793,0.00570393754645853,0.193137209491504,17.6934267723322,0.636032120263383,0.191246778644049,11.0665182039154,0.452300595496965,0.183216382666255,1.00577451078852,0.00400426173665454,0.159076033491864,14.8437245167243,0.219909902842739,0.11186580034844,1.00288309926358,0.00799897152420435,4.31171436941885
0.179315378908175,492.528146918714,6.02423210895153,0.107889090813771,1.00288309926358,0.00596872824407385,0.161705425373119,28.6163443734521,0.427038667195813,0.119496210536192,6.96162583541039,0.169647151066033,0.158896553170172,1.00288309926358,0.0113810597507487,0.162376112828682,6.66739199053658,0.233145198729576,0.167027774806275,7.85640396138943,0.265608727689341,0.168671904256721,1.00577451078852,0.0194643810728924,0.166836500820959,19.1787679790464,0.274436524637616,0.196831783420783,96.4375262265749,0.254765299248689,7.68568784658631
0.165961085044963,37.6032563560487,1.50186217420955,0.196021810981091,6.57210398204128,0.234154780364592,0.139094586719067,4.06351835261943,0.125180442510243,0.194751203093223,83.749215037991,1.88028612820915,0.15501760077284,1.01158236655188,0.00118138946557793,0.176893791238062,5.99369202303595,0.253197686493952,0.172071374812305,9.44591016576076,0.318817044447656,0.1719217476419,1.91677282105974,0.0267071936696776,0.181797216413487,11.9266679922861,0.326865613944468,0.144863006370074,4.00544398533237,0.0556412061862884,4.72389365950116
0.171657744008804,76.5554208756709,2.77644380207347,0.222023088819837,28.4520477169552,0.613743690595081,0.166356027427837,18.3681753422353,0.41765620944223,0.178356399893026,137.02007346918,1.43511763618818,0.194673843559995,1.05926897298544,0.0313852171711635,0.181633897366411,9.74983462452457,0.382872048664204,0.198907682768309,48.6039614703936,0.923245442860353,0.192579343760481,1.00577451078852,0.0076691442828621,0.0508779089017626,1.00288309926358,0.00269535192338624,0.141958544996469,2.55624161321588,0.0460406566554276,6.63686919985636
0.177345708529187,1868.50052445164,6.36405882291779,0.204017188047857,3.35066711121492,0.164959071947592,0.193949500810138,13.1153367145537,0.553111013536724,0.191957497247281,198.643573165717,2.06790103800289,0.186729147576167,1.00288309926358,0.0140028426860701,0.181552107410269,19.0138370407198,0.53853449564611,0.169511791655319,34.208460777616,0.462955298599986,0.158493092190299,1.00577451078852,0.00856292350894814,0.0924561054047154,1.00288309926358,0.0102492284673419,0.176020657692097,7.20633469066447,0.124086998631393,10.3084217339448
0.184969374185144,53.1203387141414,2.39473622032273,0.197153714451024,2.90981894079874,0.138284364750807,0.194204811513571,11.4225861207707,0.503922049378826,0.189751506670297,21.2120013170279,0.911326758729913,0.143738802700024,1.01449885892793,0.00489374395074652,0.15124521581763,3.17230798106454,0.114680115675678,0.198775950898263,13.1531495321769,0.559576496772123,0.191756462912193,1.01449885892793,0.0226286364829588,0.183234548103263,14.4640552653053,0.356654782221098,0.159435052295449,6.74461616851603,0.0854612320882068,5.09216440037309
0.190303285587717,327.428527030847,7.10616116308573,0.220328473862086,4.46850800867783,0.239557162234771,0.193711045425245,49.4508252223751,0.954821339659529,0.199799892717334,54.5361117673544,1.7737423981435,0.142330572233892,1.00577451078852,0.00499058325336387,0.19677232410972,82.5523008734509,1.07159086664996,0.184358333349803,21.0902156392867,0.558688145884641,0.119266427187508,1.01158236655188,0.00220811686158095,0.139505230345533,3.86942926293753,0.0957026730314559,0.135767261057679,1.12528574084121,0.0293393878703403,11.8368018366749
0.193890471622055,64.1354750136229,3.03706257152128,0.246743275820913,10.4774371358388,0.590982070160085,0.155303676715938,35.8210683711633,0.382922206982649,0.11238424944683,4.27964604980107,0.107707180999725,0.175201599777754,1.017423759841,0.012470509725004,0.134402200728836,3.85830538552188,0.111278610444417,0.190804062610012,6.44098426295101,0.297707793112139,0.180432820827646,1.00867425853989,0.00237682375848504,0.197810904391017,6.42246765119551,0.2931001412416,0.193122667308242,10.0057595601981,0.189252703843652,5.02486061178904
0.198790679622936,864.377657957472,9.99623112610123,0.245899336201967,22.7294615325802,0.883668888564977,0.160978310286464,34.1101179217553,0.436745697813846,0.148189971853145,12.8536732852339,0.381613994334202,0.16358840407128,1.01158236655188,0.00731197932153967,0.197914962654641,677.185541419032,1.240902491514,0.195306764616403,11.2593385593765,0.482278517577052,0.125558250162356,4.08698318318596,0.00893221487342353,0.195018271254045,21.4576864915806,0.502514985713902,0.120757998634371,5.31106107095859,0.0320803695972394,13.9722802654114
0.177665952943029,1034.71591137886,6.26339592860627,0.230436430158505,184.848829201335,0.907891850509738,0.181201094048333,35.9243440670047,0.674254338579483,0.0231280334663661,1.3686237465133,0.00562568106288664,0.120026506876136,1.00577451078852,0.00313843273262951,0.191307208668234,13.2672433518329,0.525331182945386,0.136773679066316,13.932723196473,0.184661237367704,0.185328730132407,6.02830266228601,0.0420550274888878,0.173321439415738,4.66570449781614,0.177736649015998,0.185931900501074,2.47655776434198,0.0972192744663882,8.88130960277537
0.146608080225303,297.987313175136,2.60429446709563,0.244907429385676,66.5205358429982,1.14178750493833,0.0896481964329456,3.72728711692345,0.0479252937795418,0.189302199276638,22.9927224875773,0.9590991460943,0.163007699907851,1.01449885892793,0.016515374039109,0.154001747455689,3.10007958542497,0.114513213299628,0.191735668312187,98.1178305232072,0.877295448204287,0.155517110889392,1.00288309926358,0.0123947845948138,0.187313773412995,16.3231210310229,0.401334073644634,0.0724509241482578,1.43727338940046,0.00702978623234347,6.18218909192262
0.168017054416617,359.778539466142,4.42199803814771,0.181398304697179,5.6910027726913,0.174454843621368,0.173515857571084,23.3260907272937,0.518766117495821,0.19886579157107,28.5340777947752,1.24006337791617,0.176691123863701,1.01158236655188,0.00963498125481779,0.171652913785698,9.28414544519475,0.326485081537189,0.195724888270844,8.78994173863968,0.405158402591071,0.191867952869895,2.57100265798945,0.0436291646500802,0.168914187124943,41.6058873339274,0.319442719346346,0.199187084190034,2.83539228475476,0.12450096892638,7.58413369548695
0.139780936630477,423.363173653855,2.28853110519048,0.233294493281405,26.9375187251589,0.752441424433655,0.171232208614948,14.4640552653053,0.416820031913315,0.174649845472301,163.325224308429,1.33189079234203,0.170620829753217,1.95579274466099,0.0221509973871062,0.188867404272378,172.507984971374,0.938351910348156,0.187351486377768,7.39549489831676,0.326314298784664,0.147514110588671,1.00577451078852,0.00459971118566817,0.186461050111244,21.3959997006003,0.430853983399115,0.157360596458771,6.24020417473294,0.0800482964359901,6.59200255142018
0.14329485804487,41.7930477148148,1.27795177230844,0.231402003595325,25.3571841881197,0.710088953347229,0.15102785382209,36.13178957939,0.348042678175582,0.192780109634779,136.626166668673,2.00244087091409,0.149017897774969,1.00867425853989,0.00834798416136553,0.174983549632856,56.1289989622505,0.616652848756902,0.15306672148522,141.428727684403,0.350632465999655,0.17136113189664,1.00867425853989,0.00805728762184331,0.196925442295007,5.99369202303595,0.275771114295864,0.194858254997942,3.71657187129828,0.137929596960823,5.73591557254179
0.162555934293575,158.549987573506,3.26896154955628,0.219604571271438,7.22711126890421,0.34278709488614,0.132654874435665,35.4109260457599,0.217953588944415,0.0861449278318549,4.29198469417562,0.069650110384351,0.17819654181066,1.00288309926358,0.0200873064897839,0.188125618102051,17.1913042784243,0.575132191156316,0.0918584544645501,1.1817296425721,0.0239338306718057,0.166657074461129,1.11240149892777,0.0212502486760407,0.0827694951841371,3.10901742259474,0.0249353509598376,0.184793616797852,4.0518365057735,0.122967644524188,4.68765891624916
0.166022089398904,963.434251453326,4.70607363456259,0.232123844321632,54.6933447910292,0.857517221146474,0.19750162733467,70.0585856263266,1.10573744204632,0.190760410004435,29.2830732706331,1.14399931980318,0.099522086292977,1.01158236655188,0.00101621282331935,0.164418741294006,8.01633751167032,0.270896827638155,0.198046491106418,202.687378964529,1.07187812308624,0.196347054960446,249.372875024693,0.0590254313988613,0.192011105187068,34.8045007827355,0.524658558027462,0.193728269920033,4.77441020717598,0.153960577020558,9.89476334755316
0.162176325133754,66.3709230299172,2.24191581594634,0.162774876565237,11.3897483457029,0.144512436971968,0.164718029319508,23.1921673069706,0.436897704805967,0.1913125290905,115.948748794139,1.88122270647548,0.175285675863409,1.40051115285914,0.0232107940500014,0.185291136824284,22.7949928263862,0.614574366159521,0.133305083349361,8.49145760309168,0.149949051734647,0.173286238648471,2.01872085226992,0.0279296747374464,0.170884217946101,5.28056837192541,0.18505597968379,0.199432147019595,38.4942931291769,0.265107718596408,5.97037624916157
0.189041184508759,326.495013360152,6.81553310165038,0.23699223961646,11.8241026687353,0.567763938139263,0.147203615937752,13.6941201359897,0.260626744713341,0.194635062093457,23.8695626167564,1.04814888384614,0.165083023748208,1.00867425853989,0.0130054791982692,0.162949813707253,26.9375187251589,0.415761873749877,0.168872697758776,5.08658851868221,0.201837826470111,0.160827304253211,2.0657547958787,0.0207599170607125,0.184864221828148,7.22711126890421,0.270062793654053,0.0928978570119765,1.00577451078852,0.00929349206934382,9.62279405055149
0.114941114168105,46.9831874889221,0.829721386049508,0.185278688439408,2.63090415150101,0.115000937613151,0.117340511027259,16.7998856852757,0.135056321929094,0.17536192613018,74.2108860452115,1.20418305354929,0.16726438720052,1.00288309926358,0.0136892720553897,0.175795038924615,325.932960987591,0.700071138093689,0.196669985874966,20.788801735641,0.685330025966913,0.173326505136907,1.01449885892793,0.0224406901644361,0.143780132737278,1.47076025583445,0.0503262182015926,0.113555229390647,1.00577451078852,0.0183489925599861,3.77416803618305
0.16259240802042,495.348643666889,4.04747224083447,0.219042189608062,3.46844676966084,0.187571460096831,0.123167507555902,2.6460963359074,0.0735845643538282,0.112318401348385,18.3681753422353,0.215376855190417,0.161347852115882,1.6741946565908,0.0174691832642024,0.170200555107189,21.8945026225075,0.454790771000323,0.162892511448476,11.4225861207707,0.298212549549146,0.191320927863258,2.51246502599404,0.0426934235726679,0.164313847980297,16.6554123326141,0.250623428171303,0.155216450421438,1.68386231169735,0.0499686987081282,5.63776317474132
0.195011190738956,58.702892263322,2.80952373238042,0.235129255657763,5.60966897361054,0.323689680665368,0.171939277955532,25.7990016756576,0.515359227313545,0.173432152342592,74.6394176073048,1.17140359116165,0.164578013730429,1.54898606893921,0.0186577405854091,0.156103751691828,5.29579277470977,0.184238099759679,0.163080832990261,97.8357603146925,0.443231131684496,0.198683185025708,1.34131840233837,0.0413051222428899,0.147388206515497,11.0029813692926,0.159146832754486,0.164818890489626,4.13432012050498,0.0851281695781889,5.75168332812613
0.152801836866757,32.4151056081438,1.17334751983753,0.238016166619238,10.2684023095805,0.529976055552186,0.116316155184776,78.1579650331584,0.147725605788502,0.126836992592375,4.31676880609627,0.1278134583122,0.199701516055229,1.01158236655188,0.001495656683772,0.193471979722481,17.0434648578319,0.621329423737732,0.179436558235962,177.546586943045,0.683407887241199,0.187259076900074,2.2456281019818,0.0387503929071992,0.164488286923282,2.71555413295041,0.10628578445599,0.166262302319842,2.11388457789867,0.0666822342572631,3.49681401877357
0.171435067610437,59.5469207354154,2.32811377437278,0.189342855138976,60.6660524756973,0.328098608245769,0.189376175642824,675.238761044327,1.06116853200395,0.195755518750555,122.820912054115,2.0496299150914,0.178909740769668,1.16484078042324,0.0243219002070264,0.18660699976689,20.6694457978884,0.608294987619372,0.105004727870643,5.70741049859425,0.0709261557360946,0.137274468844856,1.00288309926358,0.00678070947628324,0.171157200466895,3.19062650772569,0.129681888207904,0.199181711811078,2.00136053357019,0.0956667027029369,6.70268317366352
0.19430493671548,63.5884779984222,3.01932634133736,0.246097635798274,16.6554123326141,0.777577861935927,0.17430473362223,38.8282025800898,0.594365840164643,0.198408488306781,391.875657702905,2.51057708012271,0.178297584575532,1.32596064017055,0.0245968978848668,0.1514847617206,9.89119610131619,0.243040534896966,0.159480842127727,9.39167782086193,0.260370311110318,0.171629158320409,1.017423759841,0.0102817559343994,0.134871596635726,5.14550325140415,0.0983554548691835,0.179378901976298,12.0648070327153,0.147510719321462,7.68600279757784
0.154120140525346,353.667769562666,3.18918214382091,0.213677481511368,4.69264665877481,0.236049117833372,0.162956974717611,17.0434648578319,0.381501276226336,0.158475987205298,11.756216271046,0.417812108223736,0.162909558056124,1.01158236655188,0.0159866286611876,0.188764515523298,75.9399168943669,0.872199032350029,0.18900503958873,10.6599934842429,0.431463460335452,0.140210979161218,1.00577451078852,0.00178750223985251,0.125783546862996,1.52245910708953,0.0434291053010696,0.186012165824497,3.18145405986858,0.112002986201372,5.70141336119332
0.196591563784123,64.8721307788236,3.12418784562872,0.215253954852526,24.7086041684656,0.51617003317344,0.139056365643826,27.2495189410318,0.249672340659874,0.154334791012694,15.9056121278034,0.475665877518439,0.182126150601368,1.00867425853989,0.0112637034069409,0.175791522993081,9.39167782086193,0.346323392476182,0.195975464135753,18.1056638759021,0.635155141659252,0.097312753923422,1.00577451078852,0.00269501013195754,0.152578034830642,2.60078095318014,0.0906214610282774,0.152746467911827,1.00577451078852,0.00319860940899793,5.45495341509208
0.166651476899946,109.388376269211,3.12306659565193,0.15569602729865,1.20578622343754,0.0449690636655091,0.159033660001192,11.6216105181022,0.305423198515718,0.173189451192549,25.2115995346114,0.812925790960637,0.199594743582414,1.00867425853989,0.0209472951725299,0.19843984037107,9.02067029565308,0.431535196667385,0.135474248853163,3.13598584352336,0.0946263212936463,0.1563415458392,1.40859841962076,0.0178275978832238,0.124214410313527,15.7688292262238,0.0956951623502123,0.141879168868988,1.00577451078852,0.00248534290065166,4.94950156506144
0.184376422822603,91.380510773581,3.66694830728969,0.214321295016124,5.79016143825715,0.278033665063893,0.19797975292477,38.7165788401476,0.961028909549449,0.177668009765893,147.245493016899,1.41196418413665,0.179391214460055,2.81911328467833,0.0286160999144196,0.161384800037186,9.72180569368846,0.284395827748359,0.167287574475344,131.98668844869,0.499658707447942,0.183744854407042,2.69996316651677,0.036924430425184,0.19453145378705,36.8673277993992,0.562032923973952,0.160488928552109,3.41887695499837,0.0742331860687825,7.80383624161832
0.104285090296448,49.6022928326398,0.66541463109103,0.248609674303896,20.0251322921732,0.887538977183696,0.173219402538373,195.804629465659,0.676183043584298,0.187948802584913,85.7004783109429,1.64686847189917,0.188066221875226,3.13598584352336,0.0353255296062159,0.183720152811813,128.241032730368,0.821912170408232,0.180622815546333,4.8997344482741,0.215182317551302,0.181827540702092,1.53125056362849,0.0311864056255259,0.166083371768287,2.44116367657533,0.0979821086778556,0.190914856424211,3.34103457688672,0.124293162390859,5.20188681801818
0.164609740794144,653.412253576378,4.37768616938843,0.141451849068726,15.6332226114801,0.0910121534521418,0.145784327245794,2.74700667630971,0.0953086468674159,0.177634618802127,47.4973267490208,1.13201156366675,0.189026841871174,6.62911211113257,0.0389714037360962,0.180664341821033,4.98510624458552,0.219218242948116,0.164127764757056,67.6795736840215,0.445779793711997,0.163695545199691,1.65979714701382,0.0218149676426207,0.18124099899878,3.04698957090351,0.134743570496852,0.186298047746603,8.08587329578959,0.156114837031383,6.7126613489418
0.112415723211201,38.2529758583301,0.724063917794074,0.158504568034963,2.52697328239242,0.0808672972785525,0.0967539171146395,3.89177332396176,0.0575467863705335,0.196572367401697,93.7007216607734,2.0068973709306,0.179137470534417,1.00288309926358,0.0171415549969492,0.148957520168047,7.97031285410644,0.209476229263932,0.199832189010587,28.9477893633602,0.826355120664557,0.197058851079349,1.00577451078852,0.00847691237917476,0.13343022340685,2.66904925964653,0.0711112221404314,0.152557725192208,5.28056837192541,0.0694854234292809,4.07142183524809
0.104771275835427,21.3654977638714,0.457532752438424,0.238529944122122,6.13333836012256,0.35960405147272,0.138214125662158,15.8142923261533,0.222010367426825,0.149553550153977,11.0029813692926,0.354349794038831,0.145544996298544,1.01449885892793,0.0050461617306171,0.176602237324043,10.6293480187976,0.377029287503449,0.195575175131345,7.20633469066447,0.341929651126229,0.122723372658646,1.01449885892793,0.00102030939902814,0.134102341447776,1.60805750536954,0.0501002271919196,0.171615205817149,8.58980877761041,0.117386375429601,2.28600897775764
0.159945367376112,244.703628307582,3.4755170111365,0.212574194351533,5.74036800209287,0.271178960217358,0.170275643554799,10.6293480187976,0.352221841951067,0.101980248599409,14.4640552653053,0.156930090523354,0.155564499104008,1.00867425853989,0.0100646317258019,0.121062053345193,2.51970871206025,0.0679826353770407,0.130744718394427,3.13598584352336,0.0886240711853082,0.186739150064393,1.51808232505612,0.0345260125729412,0.144889979789481,1.84105289600553,0.0628615968654567,0.101226372050028,1.00867425853989,0.00389878274538193,4.52380563430021
0.125324695024595,103.022474649097,1.31123341669806,0.195255157697855,9.2308418493486,0.268703598107508,0.177908924084691,46.1493981386924,0.665218303981095,0.163465220718507,23.4607874898523,0.664968343014684,0.173802338490618,1.00288309926358,0.0151549216558728,0.181351042756683,15.0589415844573,0.489491052768622,0.144803738055768,10.1216499350543,0.201707168968909,0.0945957100519013,1.03217524340486,0.00162785708904911,0.189264652334029,5.65832869261085,0.243792511254666,0.192387897355995,10.5683211343905,0.191373889341348,4.05327106287981
0.199911761972129,418.555671281086,9.09944419239122,0.236775300090378,29.8791915321589,0.83133335585736,0.174414638128767,45.3590725519368,0.610866241005023,0.172439381735524,34.208460777616,0.916395632563002,0.182953768467611,1.00577451078852,0.010760501431972,0.173288957232458,16.9456122371505,0.446759819774995,0.189821070601461,60.4916490468777,0.798884866643899,0.159124183255471,1.1481932879197,0.0183110947913626,0.190708092379811,32.6684502161789,0.507117209387628,0.173657596594964,2.5933041997516,0.0837965151810458,13.3236694290275
0.116335719700046,31.8645412191112,0.711496794255208,0.249308427714837,52.8360974706726,1.21015564225713,0.183560363894574,14.3396692667093,0.508502845140395,0.174200203588423,646.699724105668,1.43081462001432,0.141258190249338,1.00867425853989,0.00211525143661606,0.184692773176417,61.1922854994662,0.775928817830749,0.189235544733456,55.8067423266136,0.775929439873325,0.142872905618117,1.31455782572457,0.0127760772062514,0.166006995000068,88.7129450016296,0.311367033530485,0.188545327808439,3.12697047724319,0.115389175755228,5.85447569729971
0.179537639538852,1156.59054710722,6.67953793993085,0.243824830843919,7.58962040187813,0.44767328212077,0.163822519996526,218.441340861964,0.543828692059493,0.105834430454475,209.8120647281,0.220615679480984,0.130479009655052,1.01449885892793,0.00274354588745065,0.125485288926316,7.97031285410644,0.134178807137025,0.168944953662056,36.13178957939,0.460773562532702,0.18941924476999,1.00867425853989,0.0132655114051262,0.181174902971399,17.1913042784243,0.364204745871315,0.0868676214998953,1.00867425853989,0.00306935741843821,8.86989112384416
0.145608490128442,36.6493097081858,1.20318366918636,0.221175331290581,11.5882005855279,0.455786907922771,0.168317958042221,8.81528401319323,0.30892518684449,0.157794299419811,22.4046201063247,0.594997208634805,0.114528040770595,1.00288309926358,0.00261542541842041,0.16351236798937,15.2333597657718,0.357693909451843,0.170368448863513,5.82359678794962,0.228116112161981,0.188206604893481,2.31121826109334,0.0397264094699284,0.16286549241413,2.90145376159538,0.110911805666914,0.195389644574222,1.669381663546,0.0795136033117014,3.38147023806921
0.190850904770009,92.9594086066799,4.00803934014248,0.249836325098746,8.15601225127809,0.495571021099112,0.15502286397557,65.0059692846113,0.408292315010265,0.172394506829359,10.690727303607,0.444172334134881,0.198327605272353,24.0073976636039,0.0505224085089981,0.193361208041621,19.7958495069776,0.669896610027724,0.167070018846952,1098.39915480281,0.516550107949681,0.178807577476028,1.017423759841,0.0235743124570833,0.111693447360245,2.07171057200942,0.0424579309554027,0.101869822686434,1.00288309926358,0.0055602033934274,6.66463658367905
0.173981115184716,586.230926059644,5.40041736569693,0.214144573904335,11.8923810771604,0.407140673136897,0.0905628697252976,2.95200799512719,0.0446034865720181,0.198913981884068,373.158186026415,2.51278635012233,0.18582698282308,1.00577451078852,0.021934361215914,0.163733726832902,11.5882005855279,0.32436333593981,0.177056154216424,7.2688443008963,0.288969569022628,0.17653666699449,1.00577451078852,0.0190792466646341,0.18111358264718,7.4382002633935,0.261714566923236,0.115090333026147,1.00288309926358,0.0164428541726745,9.29745180946707
0.160120185154123,331.189349135574,3.63191739375942,0.209282613184651,43.3170791620244,0.505268248184704,0.162893226745017,4.07523387938939,0.159985573168347,0.189952285329107,12.5249050903856,0.581456219031197,0.19173970386361,2.21353437928443,0.0366894955772166,0.172554681872135,5.04284557241036,0.209650799662305,0.168220008351057,37.0802185815206,0.455235877585266,0.183521241501693,3.17230798106454,0.0377585950679378,0.196914647963392,15.4097981223956,0.473809613142085,0.162789637643013,2.90145376159538,0.0724234249822847,6.16419524016076
0.19431359890862,200.374790595307,6.4708514356636,0.249517270465563,12.8536732852339,0.696626146678639,0.190072999853109,24.425696794902,0.72140347399524,0.146401344074822,19.4009034997931,0.454678869364648,0.194243373643002,1.0684573459204,0.0316349944137487,0.12071119236148,7.74412301428478,0.119923743828056,0.197146586017703,127.872364011854,1.03239299454419,0.177702551444782,4.8997344482741,0.0343650778355917,0.0944951205302726,1.00288309926358,0.0131620793558323,0.185507838442931,4.3416960341386,0.127612358333953,9.7026511740135
0.19948691583146,638.656858024797,9.73883572422544,0.240434376507435,9.12515100556096,0.502300555834017,0.119268995708552,118.992305656317,0.163504475927582,0.0992709300012774,4.25507507288674,0.0884281792438046,0.175611925392801,1.00288309926358,0.0111473156296183,0.114193179030889,1.89482624889294,0.0492754600699871,0.159335725591889,15.2333597657718,0.310052723843621,0.197297203031872,1.01158236655188,0.0243760086023078,0.14599222815375,3.19062650772569,0.0961072371648809,0.199915769904101,7.83381828565906,0.202402766836662,11.1864304473779
0.153368774727696,28.022661972635,1.02888904610579,0.209565361361256,3.08228092099346,0.15911937322463,0.135381403799529,24.9229329891828,0.227685293904137,0.199873081171565,72.7303083552848,1.96041663607198,0.175885290042805,1.01158236655188,0.00187987772512107,0.163737454341613,6.45955425993623,0.232635805013282,0.199849674833361,17.5412692675873,0.669523217801548,0.17645315029163,1.00288309926358,0.00400785359583365,0.168073499421296,3.79223047250718,0.143789244422713,0.166990375521296,3.68461060628057,0.0851689675776625,4.5131153154427
0.188286633724679,309.25539024285,6.59611100462027,0.18977255764607,2.66137624774655,0.120633271882158,0.190236034665355,44.0718255463572,0.859233203620198,0.195244899860549,252.261203071324,2.24524801691416,0.168777494210223,1.21274904899342,0.0197753685905851,0.193586267867936,68.4634633145046,0.952168952228376,0.14683429046385,41.4862782755825,0.275233835389404,0.191776053699392,2.56361151152847,0.0434876416596117,0.185678106265244,9.25745528268664,0.313188870537308,0.156868510060256,2.82724106811333,0.0642507780202352,11.4893309434623
0.141059098713287,70.4720744328873,1.63505830028545,0.228931019393674,14.257340102472,0.556485531560642,0.181153927521807,10.2094477434412,0.400197593485179,0.14862717561786,139.809403920793,0.69620169775977,0.199605327307608,10.6599934842429,0.0508084611571672,0.182157837028848,8.32204495553973,0.346730390835938,0.179936934078006,4.36676720472819,0.19126912327882,0.195758695052255,1.1715671660767,0.0373033729065105,0.177857823916352,92.8949270465273,0.415341604593093,0.196426615015084,5.17521601544173,0.164942269478158,4.49433834534073
0.161427837342152,124.38541448795,2.96459766024231,0.246882665218276,50.167805761144,1.1573803108915,0.114950353358318,8.71435120329488,0.113367866390498,0.172680538509705,45.0986499114755,1.00377464032889,0.191895195691616,1.00577451078852,0.00110984132756714,0.144985301381815,3.32185250376586,0.112866231857453,0.170094194416706,7.72186012504483,0.274989570543579,0.142825990768535,1.01449885892793,0.00207644132608026,0.175238407546579,22.9266227583863,0.342221490225592,0.166530873541093,1.45811221351425,0.0538024252431167,6.02618647837659
0.199069825055129,303.136020695813,8.16387094657461,0.241438157195991,14.257340102472,0.671167061968779,0.189813951362742,46.8185117519142,0.855941876946713,0.111681667435006,4.09876636139165,0.103131864569978,0.194338146473597,1.01449885892793,0.0124705090346652,0.198752174345985,46.9534941686678,1.00002451753258,0.175723812376969,18.8503244528549,0.457823685001547,0.159193246928275,1.73304445225245,0.0195305713820931,0.188128206299141,8.34603823722249,0.30771731961209,0.157814368289962,1.81474121907939,0.0544109927056422,11.6460893453287
0.179294233077254,43.4974210223758,1.89862603857384,0.224791426130115,67.874700613069,0.752981067604648,0.184593491553945,86.9430374560293,0.846402375414324,0.0883391781457902,3.32185250376586,0.0615168174204308,0.16819319900198,1.00867425853989,0.00514357680677866,0.165005206480757,21.4576864915806,0.41122004093379,0.165270002689808,38.7165788401476,0.427027346609687,0.152948333159395,1.01158236655188,0.00354003927345538,0.196379690490415,144.723859250063,0.679097300711813,0.134639463883134,3.97099851752979,0.0431360138886483,5.12869061723742
0.169917849604798,146.786881247751,3.68166767749168,0.227542855500438,177.546586943045,0.844307446663452,0.185695291784007,22.9927224875773,0.65390750208724,0.198557438084597,76.5986393670066,1.94002550519382,0.174255942707781,1.01449885892793,0.0169838809612574,0.140040528040246,97.8357603146925,0.269279353843972,0.125693928241679,14.8010516157109,0.143520136073652,0.17032867344656,1.00288309926358,0.021367937402285,0.113257311364746,1.31077872056062,0.032632092624037,0.114739946899945,1.00867425853989,0.0172530395454207,7.62094457188682
0.195168010792303,59.5469207354154,2.84980017398618,0.238681536378457,234.068156985336,1.11949789726305,0.198322935023808,21.9576266468948,0.786326577051294,0.193658590319046,357.386616221239,2.22046981785584,0.129768803275625,1.00577451078852,0.00654679426730647,0.192508115469706,21.0295852575175,0.67740508031065,0.185275574218071,208.60745870723,0.797907787999788,0.171010462389178,4.24284253669373,0.0290524440982302,0.199267598528559,31.6501005279053,0.599979610720105,0.142782203614173,1.28093437865255,0.0354438653136127,9.12243004886606
0.173789638882987,54.5030105694418,2.23257760251239,0.220357889259396,4.27964604980107,0.230379195641804,0.180442536701958,8.58980877761041,0.352537552083127,0.195305713361152,24.0766133741283,1.06019345734994,0.194461909407869,1.017423759841,0.0271700789444171,0.161446469867137,12.5610156350281,0.322708999793105,0.16760731526457,13.7731969804542,0.350472228511815,0.169513671093719,26.0227888862634,0.0297215253623656,0.143373828620346,7.83381828565906,0.134781611998177,0.165398134989193,85.9475612968492,0.11611175897766,4.8566540111748
0.158458406696105,161.750616662103,3.03341224420026,0.190288555992184,3.02078648791353,0.134604069420503,0.19779828734649,65.3813469555632,1.08150802520869,0.152876665317745,23.1254942116391,0.547202305088219,0.109929268544868,1.02035709353375,0.0036830950093377,0.186106693109337,15.0589415844573,0.524050320643686,0.0888383094032216,2.46943812909056,0.036464511011374,0.15205658482611,1.00288309926358,0.00331572865424212,0.195320207447912,4.45566189315493,0.211586326966936,0.173929999804183,8.06262793911584,0.12108146102042,5.69690808722367
0.169667226394398,362.873404973477,4.60605271624267,0.235578916384071,178.571831624811,1.01239411999001,0.146122776447765,74.2108860452115,0.324955176685515,0.180223203546394,276.605279491791,1.58463675177767,0.17063476362141,4.74699861247518,0.0245536148590103,0.188975699342618,9.12515100556096,0.398644363633768,0.197348565568976,7.18561784115829,0.345045961362493,0.191478637239048,1.00577451078852,0.0161264155496993,0.178964961954466,21.273157622404,0.362493381327152,0.183028907734684,3.51873529007318,0.111474407620245,8.78637690904823
0.06443909385507,21.6109004384566,0.185390034416387,0.215914853160017,18.3153703115779,0.486778604076574,0.127875406405892,6.24020417473294,0.132655457591421,0.065155920955248,5.59354223610883,0.0459898232250397,0.16650467627197,1.00577451078852,0.0102037781142717,0.192694361805694,472.518269358687,1.06484687678674,0.190344363700105,69.6563542571799,0.831702069308925,0.188733365491903,1.53566531100084,0.0362143127055298,0.198164295157012,26.4762037102107,0.565248383460071,0.182080706281693,22.0209326641103,0.167053654086868,3.52608299377183
0.189187831323293,205.004208187318,5.94492285711545,0.164942493503551,3.4784466459882,0.10542899601319,0.190142477626291,109.461101713713,0.992085118334833,0.187727792439522,121.065599013,1.73671860895067,0.193912537253253,1.00288309926358,0.0249597744259175,0.189647564330034,26.0227888862634,0.702029800168089,0.166673127825807,21.4576864915806,0.394965649933474,0.153270095807142,7.3530347199978,0.0189824925580113,0.152946189568831,3.60071789654471,0.114210259125649,0.195861763820019,1.40051115285914,0.0672942212517134,10.101597777877
0.183755048319092,259.824204950657,5.81940018063463,0.233967052596325,52.5327465589178,0.89232199326959,0.179539584344976,15.2333597657718,0.492972840434866,0.198922656178533,28.1262788456248,1.23519313098276,0.161124698119547,1.00288309926358,0.00719822647960402,0.197198882701148,21.0295852575175,0.740002585572162,0.192778357503559,9.77794436555052,0.426035161784664,0.187928901143474,5.19013667692469,0.0444346131321733,0.198765644126172,24.3554775355552,0.566994353249291,0.135330582360541,1.00288309926358,0.0262780065855074,10.2508310921252
0.1723588134819,53.1203387141414,2.15075732395846,0.229071426434494,16.0435815196353,0.591010722600404,0.0688720506560531,1.6741946565908,0.0206967176249246,0.171282213061324,26.4762037102107,0.805583858125093,0.176853780971179,1.01449885892793,0.00468839636791702,0.194896544137138,26.8600784527522,0.781716001085878,0.195794507664765,150.242983290666,1.01687390921132,0.183252339446744,1.00577451078852,0.00803542350333147,0.188217036636065,24.99478827893,0.459363740192515,0.0779976177958953,1.00288309926358,0.00490395249412075,5.84363004516396
0.0947594461879944,108.146216083362,0.604959539788518,0.21987947135326,64.6327467909754,0.659272285332195,0.178565361592318,93.162752342285,0.749616820325437,0.186164448604376,97.274050262012,1.6126288127773,0.143586284981205,1.00867425853989,0.00504784869577488,0.19689043981902,14.053579239644,0.588079559049315,0.162564283901406,5.84038679556032,0.207998052469235,0.0816848809970461,1.00577451078852,0.00116497662997801,0.0399719241426001,1.00288309926358,0.00446764164757214,0.171104810655653,3.43861929685961,0.0905315946021946,4.52376713131752
0.179618798002305,344.695669379721,5.73903233680898,0.144371034321185,1.20231981606127,0.0402340212159893,0.0602817062841118,5.57746185992785,0.0227333363174087,0.156104218502872,9.47314366240347,0.34390674725976,0.146146977037014,1.01449885892793,0.00102135035932073,0.159782541668567,6.34893199363231,0.218994495705027,0.187278994495258,11.4555185704036,0.442144706545625,0.127591016003797,1.00577451078852,0.00794194686506031,0.171104405376241,10.4473164853735,0.253805154846952,0.199024799317427,4.41734470314007,0.160900516343806,7.23071461226793
0.15521662933564,1311.40839205679,3.65077571504908,0.178016814827445,7.22711126890421,0.178296981452731,0.18919809641898,63.3432620800787,0.901744112289521,0.149223732133131,8.84069935203988,0.301417562642018,0.178087430631294,17.4908414355252,0.030775765643625,0.149609505756494,3.88058521159597,0.134912164190183,0.16218151494079,7.50272113554967,0.241161950288397,0.148660177513325,1.93897358646993,0.0156842091141303,0.195222447179308,67.2910010723591,0.615189349609866,0.180468532217848,1.69358579278262,0.0704421609134077,6.14039997119296
0.13008297055251,28.9993944924254,0.829219096553768,0.220152399301128,12.7431360287119,0.464584690124719,0.185433676781017,113.963083398268,0.879564738982231,0.191064257754989,211.023626759433,1.99764638265444,0.193319269969625,1.01449885892793,0.0248890941972057,0.187410375114108,26.7828608064846,0.684247075262861,0.173029634357114,14.8010516157109,0.396702249505667,0.177950758074893,1.017423759841,0.0130550662417105,0.199328716330775,17.1418825295271,0.508705469166826,0.193615629365352,2.86823283751515,0.117133456469874,5.9157473191593
0.160811831456455,125.455395286375,2.94409113047368,0.216303073244124,11.4225861207707,0.414612447638377,0.16225233618271,13.8527304550101,0.351170512814555,0.160722543553695,21.0902156392867,0.608852597530732,0.192822979751208,1.00288309926358,0.00632484236960437,0.139706396059992,13.3054941313703,0.210487143093122,0.199189134450588,10.3574730860055,0.474675386629799,0.193656745315912,8.6145740489714,0.0520808145243221,0.150579754473003,19.0138370407198,0.187363335248045,0.155612453432664,1.00288309926358,0.0215033115830897,5.27116152190533
0.187692261543512,412.622989971047,7.10454348044432,0.224448702866306,9.77794436555052,0.434169443606712,0.148560414711446,5.74036800209287,0.179795000898135,0.191324455051043,253.717888109984,2.05156327941347,0.189308327193193,1.54898606893921,0.0322959862222514,0.180361279722691,337.389865403101,0.779655751829468,0.169278474436238,23.3260907272937,0.426579282953778,0.179463199890494,7.78884153617836,0.0367798600872328,0.138502223498606,2.79486986091936,0.0791634640909159,0.189133331172194,1.43727338940046,0.0661142021306047,11.1906597516769
0.125881590727369,17.7466137465261,0.521137472947402,0.230380701905216,8.41843393067599,0.42929139333657,0.154760655985795,3.1450272019994,0.116739404552809,0.197381065668627,43.3170791620244,1.54873049554098,0.19951160907609,1.00577451078852,0.0186749436168887,0.162542085137743,6.90175820040029,0.239847852407439,0.15763059783851,11.6216105181022,0.271999290282669,0.183886844717619,1.32978351631576,0.031540846594673,0.0866872607032728,1.00288309926358,0.00730043342021876,0.129023215332807,1.00867425853989,0.00797055091568306,3.19323268361533
0.13841735805955,107.837886286739,1.78892871694474,0.166705095367744,8.81528401319323,0.150447259434471,0.168335527679497,5.99369202303595,0.235926267462965,0.171135644577429,13.6547521301788,0.537605226534569,0.184133305973979,24.7798415269477,0.0356500685408278,0.198067584598669,20.6694457978884,0.740185566744291,0.198729171856927,34.0120577830084,0.844253739693735,0.189703719347855,1.01449885892793,0.0284552792693582,0.126704638131367,11.0347040567755,0.0981305275076696,0.198827585719634,28.5340777947752,0.252904998676402,4.71248765080903
0.189007161918905,62.1525190915389,2.84631401123644,0.200734958569474,3.71657187129828,0.175278111242327,0.16153837564832,10.6599934842429,0.308575202746449,0.154933629835851,8.99473757437633,0.325974691493569,0.186768927149925,1.00288309926358,0.00716442699302014,0.194526482240066,63.8927179121216,0.974086368455374,0.169646306002081,7.20633469066447,0.260926402000186,0.141954838727377,1.00577451078852,0.00317800774613563,0.18497842325748,6.68661474347447,0.258365331459245,0.188857049022559,1.65026765861521,0.0744800878687308,5.23434264124147
0.19600811167443,160.82961466857,5.99387844407777,0.211716461114353,8.84069935203988,0.346819455705875,0.129563609685247,2.10174801133249,0.0637882936181724,0.199386359722326,29.0312487135558,1.26406558213373,0.119667902530542,1.00577451078852,0.00353031528079042,0.160252200102815,10.7524610237587,0.294838728545525,0.190867348314982,11.756216271046,0.469269914227053,0.144935882745487,1.00288309926358,0.00501837414638129,0.130454942589435,2.81100886708374,0.0696016873863028,0.17430425605133,8.54049161663095,0.122679012490838,8.63348980761244
0.195599714038833,103.317036233619,4.55351132979427,0.234028503528472,168.580253154706,0.971412282239493,0.187806442074567,24.5667432445612,0.687049437027575,0.133565489724124,7.99329205722658,0.228816208009733,0.105085722478789,1.14160110005127,0.00399238264488132,0.176316182498329,22.3402110602687,0.523662986644514,0.171376098019927,25.7248344244728,0.458523601600488,0.191593994043649,6.80312071291408,0.0493859635366151,0.183658091190655,3.52888015319671,0.157258383469799,0.188319428992549,3.36032741709575,0.119326853410974,7.75293942837834
0.171124557384828,141.438531816784,3.72134690377142,0.187285898302443,7.3530347199978,0.212949709301857,0.187369113298519,118.309128318462,0.94296343553028,0.0522245630236725,2.32456441587663,0.0221930376572101,0.167624632859121,1.01449885892793,0.00298144315961017,0.144543336186622,547.248457522053,0.310700842371644,0.135057611153041,2.0657547958787,0.0658087051065022,0.185332790418046,1.00867425853989,0.0173828790644432,0.193065436375853,11.6551167748285,0.394048656661269,0.188359184467946,4.52026390637434,0.135538829785482,5.82591444240972
0.159860626823027,328.364709801338,3.6082682147182,0.20787245397737,11.1304219326752,0.358201698944736,0.153051621655711,167.612373694519,0.406497158204748,0.17203433920895,25.2115995346114,0.800351697059437,0.0782148151630214,1.00288309926358,0.00147438113503727,0.121351368337006,4.3416960341386,0.0963068191778709,0.196474428320813,6.76406156642458,0.324875660793222,0.126873259509415,1.01449885892793,0.00720732524941572,0.182845484229003,21.7687984609418,0.398444376414943,0.174138330712996,1.63607591315362,0.0636223614534571,6.06524969315107
0.14868334293018,46.7156669673144,1.48547609461325,0.240804424406644,47.0888657531278,0.984544413053945,0.129710950237565,6.02830266228601,0.13567884881452,0.196243127636008,177.036174079929,2.24918385216774,0.183380065203205,1.017423759841,0.0250555665971735,0.195535107015459,29.1149486853426,0.815962070898022,0.149627865059785,26.6290908341743,0.279898164136598,0.156236678102846,1.00288309926358,0.00278453258069101,0.0870748820461283,1.92229906736858,0.0243970953319761,0.189722074858676,17.0434648578319,0.194412837925077,6.19739347611899
0.17447756028114,106.309373220534,3.48438397016618,0.224328589812243,31.4683859934887,0.65645521846759,0.196922275621846,19.682194462711,0.722829700637998,0.167881012969917,16.3231210310229,0.585708554112351,0.183810327447931,1.00288309926358,0.0222397866419931,0.153669552934093,6.1687553886527,0.198492243542655,0.184015749292102,12.3814980416064,0.439729585087273,0.166828975376833,1.60805750536954,0.0229987014142022,0.120849160003378,2.16313573014221,0.0513836091106452,0.182050455590683,10.4774371358388,0.151310760289919,6.33553212947081
0.184420134149341,572.99262336294,6.94361839359185,0.156671883426502,3.53905426496764,0.0925080747569804,0.177832316703493,8.15601225127809,0.329845749985038,0.169289089975466,18.9046718094031,0.6516651911308,0.156275829989928,1.00867425853989,0.00598312373475812,0.138283293634227,15.0156499750721,0.210842901772597,0.147802914479474,28.0454211126682,0.271899712180816,0.138069370840882,1.01158236655188,0.0103600709242515,0.18122979149542,5.38806539618403,0.214824048497802,0.184540567532921,3.71657187129828,0.118088667080423,8.84963593365532
0.198856708997477,542.737408209394,9.37763125033799,0.179236364091993,2.41321295951054,0.100913156967753,0.180921622295314,5.28056837192541,0.23288308659044,0.194657217545402,34.9048456133114,1.32909312784933,0.160401692595352,2.81100886708374,0.0180731544840771,0.172932475851936,5.52949756842363,0.227996614762412,0.193815184750534,127.138203086498,0.952079410298455,0.167195705871288,1.01158236655188,0.0165123024913166,0.19881455555599,13.8926692519835,0.467034467389508,0.160790864553594,1.10920355497526,0.0410770963128862,12.7632936674842
0.166600683625209,1428.68607920069,4.85053795866771,0.216102753816758,115.948748794139,0.628901393998456,0.199678998687262,44.0718255463572,1.04696318960207,0.160501875692791,7.94739971184986,0.30726613360358,0.179452781713649,1.01158236655188,0.0181331933565237,0.151128384894836,8.29812065000463,0.222136348964787,0.199532991558417,147.245493016899,1.10066088750189,0.199523593171758,1.01158236655188,0.0256337399577131,0.138686145925436,15.4542261000141,0.137081453028071,0.181009234078864,12.0648070327153,0.152917983923195,8.490232282604
0.17682897950213,2639.54216641816,6.32896455741555,0.225472691854944,10.7215497316231,0.462562508065304,0.195461832369207,68.4634633145046,1.03871845695144,0.182279070543784,41.8461409792029,1.18585598673789,0.0897193880013803,1.01449885892793,0.00243130242972795,0.171860470572759,24.0766133741283,0.49024223444814,0.0460153106037389,1.00288309926358,0.00786618445735675,0.167292696605054,1.01449885892793,0.0051101992034821,0.15951876131182,2.21353437928443,0.0845845489267875,0.188533150294077,4.11058351166975,0.131563383144656,9.73789936178033
0.188547048450898,141.438531816784,5.01512796038252,0.24684344457525,21.3959997006003,0.888732609744443,0.186907071502878,7.41681684421187,0.333715933906545,0.145670942643013,20.0251322921732,0.45094042170809,0.194861207218092,1.52684850782001,0.0357463189832049,0.125539009080026,4.0518365057735,0.099552296889034,0.195486366899288,321.274842370961,1.02849591588261,0.18815879212557,1.00288309926358,0.0148907569395793,0.189534032571038,5.99369202303595,0.25449676025302,0.16495470867117,6.51558610363938,0.095861180405434,8.21756015509448
0.171190403803681,649.691748513948,5.1022300214823,0.212483976158746,114.291650280088,0.589690080497386,0.131666526837069,222.247410324489,0.231842074490189,0.19805072836309,40.4251521276738,1.5146024560617,0.165939647657058,1.01158236655188,0.00656602499179667,0.159195884949123,4.61228334151361,0.171776730787865,0.192963792515873,2438.35409826883,1.01021385939368,0.175964821011504,1.01449885892793,0.00858560895951682,0.197058105991168,34.4059979034348,0.584974224690233,0.183439320954896,7.20633469066447,0.14310781937521,9.36358890072988
0.195720834053402,2647.08913833473,10.2917833781028,0.201250368622683,10.9398093223365,0.318552319705209,0.178352515782188,22.7949928263862,0.562339126495487,0.192769453771978,411.531990589143,2.19385622172606,0.146063000238826,6.01097243209366,0.0132108243309538,0.162412053798312,199.790642622031,0.486896917642351,0.174067140564941,28.1262788456248,0.488002125869355,0.175161717923786,1.017423759841,0.00163038790592975,0.195388108207721,16.5121814020749,0.471766973245878,0.19848066389719,5.87411217212038,0.180875936939434,15.0089142119635
0.191841658811274,218.918214760854,6.35527115181532,0.219092763704198,57.9349631659321,0.649583895791024,0.173687177572805,9.31091255809072,0.343665628427523,0.191000087745643,66.7123211508998,1.63379889425699,0.163189661303014,1.75311720834914,0.0184283312069248,0.14355374218371,6.27623830106248,0.171004511334413,0.106149856535045,11.1304219326752,0.0841523084133808,0.164761144724218,1.00867425853989,0.0130151093854996,0.120019651682538,1.10601480450688,0.030688597832055,0.192522404488082,4.760684680679,0.150681013541783,9.45028944200492
0.169166166405208,603.209737559378,4.83707414573125,0.23353741625226,77.4858328855303,0.915196297523312,0.184764787430113,14.0940971036004,0.514460803759202,0.166554758028241,27.4068715821386,0.750543296220168,0.158233477856859,1.00288309926358,0.00483991672153565,0.195290788334866,10.0635379267258,0.456198267010892,0.194657814613439,6.22226476776323,0.296466283453244,0.157898093175771,1.01158236655188,0.0102376514500207,0.121649490528445,1.08707389011608,0.0306894203992704,0.171357635732744,10.9398093223365,0.120617547311894,7.93632362958079
0.197597062511463,503.907415044869,8.95812497121067,0.228002171028742,24.3554775355552,0.668122256839862,0.146757029149411,6.68661474347447,0.191984338420362,0.122157160600917,31.2877147471334,0.302073890996301,0.155428914085231,1.00288309926358,0.0135797939007266,0.184685548204686,1058.04984165238,0.894672975888168,0.180328903248608,7.00182581890258,0.290706043063215,0.163821957353376,1.00577451078852,0.00246015877950429,0.16192354469929,36.5502812104738,0.263732162902568,0.160126610685496,2.66137624774655,0.0672594608507778,11.6527160528522
0.161243878913164,297.987313175136,3.66378730349234,0.131988472590944,1.00288309926358,0.0272317874499583,0.0942183998596202,7.56780167843215,0.0655220869159446,0.194411664364114,100.693340819753,1.9400819065442,0.188557179171092,1.12528574084121,0.0287205177949303,0.175872477871465,15.6332226114801,0.454224582416223,0.171050389257425,7.72186012504483,0.278775082187498,0.157068127444231,1.00577451078852,0.0143219305184347,0.199130472969097,5.05738459676651,0.243652106943725,0.142605404947444,1.00288309926358,0.0289417513465395,6.74525905560979
0.16441032770832,1326.47114090734,4.55669780905635,0.200956531067589,21.4576864915806,0.376636341398244,0.172252280967571,9.31091255809072,0.338425961362582,0.0700881272863714,5.13071090257931,0.0514870660892195,0.190957472188828,9.50045567592029,0.0416664133156076,0.197506502004972,35.8210683711633,0.908916685309678,0.174460360767489,18.8503244528549,0.441599774131547,0.166515200053593,1.01449885892793,0.00375604497384204,0.196159162869568,48.1859837890086,0.612198905593812,0.133974218517526,4.0518365057735,0.0427802353478541,7.37416523657874
0.143871240431521,418.555671281086,2.555877822439,0.230569069169815,14.257340102472,0.568821547710244,0.182708293985589,9.47314366240347,0.387412503098457,0.186391378342942,409.16923840763,1.90627985065329,0.134921918415957,1.01449885892793,0.00332451299249646,0.191836303932427,81.842378919186,0.943526558148123,0.166576911344055,566.484846656702,0.502311328933966,0.199783734189884,3.83615347588896,0.0555575781093725,0.102221051469499,7.65545473146367,0.0489113140665171,0.134564040297621,1.00288309926358,0.00590379213860314,6.97792680829007
0.153365532299309,148.897378743295,2.67773974157424,0.243271356138274,6.57210398204128,0.393427091817991,0.156947374577922,32.4808889723873,0.393901801839433,0.196116708623144,24.4961185033437,1.08233806876652,0.199394587996314,6.31248050684326,0.0499149769532356,0.179529729527518,12.169460288151,0.426163361382708,0.18381761405602,37.2943387037601,0.637463025746896,0.126072266217469,1.00288309926358,0.00347856455486032,0.18943996403107,8.06262793911584,0.30594472368073,0.171959051908941,2.90981894079874,0.0851942730645067,6.05556562938112
0.197054260357964,111.915662620741,4.87564718919677,0.180277082863269,9.2308418493486,0.203781416746904,0.181579842822341,139.006708184704,0.824467143319917,0.135041413717464,21.273157622404,0.374949325315351,0.196495309561184,1.01449885892793,0.0299836295842906,0.16970278249529,6.94161247758823,0.263571359885861,0.197180288430412,100.403866506169,1.00356212475946,0.172490274755535,1.017423759841,0.0153503987108031,0.10018755074652,1.91677282105974,0.032599970476579,0.151105230936579,3.52888015319671,0.061703048283473,7.68561560627941
0.193365272205513,144.293734053689,5.41001046588907,0.217211226260191,22.8607130534172,0.53808604301448,0.1947060246986,13.0776326016306,0.558547676061499,0.174976279540911,34.7044444245723,0.961176209265506,0.13748822807973,1.01449885892793,0.00925693276066098,0.139294076389511,4.98510624458552,0.140684325779453,0.141753189934877,4.82970917626452,0.13798380970172,0.174243201830937,1.017423759841,0.00384736105438844,0.183831107117751,24.7086041684656,0.413281086253281,0.160734441860307,1.00288309926358,0.0325553232572895,8.20542923303735
0.191473551509006,87.7999191032458,3.86171888708074,0.215682684529284,15.3654978668113,0.456175845783173,0.180710174951211,57.2716222440805,0.743828218268489,0.194747428862672,35.1064040208769,1.33846802259936,0.142842102523892,1.00288309926358,0.00526595180929283,0.18612344853648,20.257070714631,0.606092554491005,0.120746449212255,2.49804006667886,0.0656435001457781,0.194795980859424,1.00577451078852,0.0324487195565432,0.192733852159343,11.4225861207707,0.386002079743698,0.165226937172533,1.00288309926358,0.0173250403511365,7.51296881982922
0.172187128379181,161.750616662103,3.99430143016567,0.186213155443024,5.74036800209287,0.188602533380642,0.16209852156621,4.52026390637434,0.174920179724238,0.12190884338034,16.8968968064112,0.261318367854464,0.154384709085676,1.01449885892793,0.0126357459766412,0.179284406673348,40.0775094490775,0.640185642785763,0.148548539239063,3.95958264771409,0.132234002750497,0.196024201033869,1.00867425853989,0.0106307598577724,0.133564999637019,13.0025492407616,0.118461074718012,0.189288802142694,9.0989179220007,0.174167633391294,5.70745737060499
0.195883059280306,966.188900093413,9.50623527760352,0.18664329688976,5.07196553857306,0.179029234743144,0.19778371447183,49.879774465365,1.04225960294895,0.19566541364016,26.4000896312366,1.13182621975857,0.189212254727102,1.017423759841,0.0171549425367414,0.182992557495708,11.5216685859765,0.432550776736465,0.152593957296519,8.91738586389294,0.225490371846398,0.101271625404149,1.26626799854054,0.00432505112245648,0.198793771991791,47.0888657531278,0.651727162328584,0.188886306384469,2.08367368705817,0.089677063926151,13.280275703551
0.174902675707186,151.038220910248,4.11552235288828,0.24893068065489,23.6642924260888,0.943628560699012,0.171039939780531,16.3701822092467,0.437361659260699,0.14110141091932,10.2684023095805,0.301377197306307,0.197854317162152,1.12853005133194,0.0341067808400429,0.191907526310227,9.20430492459876,0.413272234169376,0.159364500304133,10.783461436218,0.272207543881682,0.195858806304316,1.00577451078852,0.00536756522062549,0.192776258293445,54.3793307588897,0.57725942767424,0.193878698889552,26.7828608064846,0.222924973128023,7.32302829506829
0.145251676912799,235.115328069363,2.45757837890763,0.223970848677075,12.5249050903856,0.485498794942747,0.181139549390263,8.46704626823108,0.350807503711916,0.175395997108286,23.8695626167564,0.813825162855675,0.185142239765617,1.01449885892793,0.00182381760093673,0.129813516785239,8.99473757437633,0.153005769769395,0.1625284926643,10.2684023095805,0.28287258548258,0.176068270044927,4.18220533158347,0.032856322046055,0.152091516257208,2.69220128298041,0.0924727941986464,0.14534376515708,1.00577451078852,0.00639625053474107,4.67713738005032
0.132601893909532,49.3198592226458,1.18949272303129,0.223246471534055,39.6186319317599,0.66680549221638,0.149691154693371,717.321632979528,0.379221871325053,0.165253959651017,10.9083594392703,0.423503430787766,0.16587134638472,1.85168407581574,0.0199002484016726,0.166431218552864,4.52026390637434,0.180781646715552,0.162957577324537,11.0347040567755,0.295839460953034,0.128068492700732,1.00577451078852,0.00831458508960487,0.180188124436313,5.2653877364201,0.209334158749373,0.141882279545746,3.10007958542497,0.048760817603118,3.42195443487284
0.174022020836901,459.909066153521,5.32065447315447,0.232497032717338,44.9689998212073,0.839171993722263,0.183785396377369,33.6226281790017,0.709384846609419,0.196343303992426,39.0524164547872,1.43614310868736,0.192865720389883,2.41321295951054,0.0379751043765387,0.180027608446447,13.6547521301788,0.454753945952046,0.146339680692224,4.95648496866088,0.149868974109648,0.199221214569822,1.54009278652809,0.0440075932024055,0.185531069387209,15.6782947440786,0.385838483746885,0.183239708372532,2.13222095925085,0.0850907650277478,9.46288928858878
0.195019643776235,83.1638987870644,3.83982459545147,0.237796977646912,13.8926692519835,0.626436882502542,0.171329041162525,9.02067029565308,0.326149658635339,0.114857184056717,4.31676880609627,0.1120451591085,0.146214407962498,1.017423759841,0.00321652515573127,0.100911835046728,25.4302914671788,0.0862667432016445,0.105450793596125,20.257070714631,0.087523677908918,0.181540108384442,1.01158236655188,0.00977862731942636,0.184745801795946,18.4211326150377,0.396094520259572,0.199799851695182,4.84363370723389,0.171315849909019,5.65865223945216
0.0937799491151721,11.2709771098404,0.235370180754669,0.220077462297397,13.6154972999402,0.47769502053844,0.0666274955720595,6.20437693319619,0.0283808765332387,0.186474197634632,73.3611898536447,1.53908168596802,0.175770301124251,6.1687553886527,0.0276812384867191,0.19675505611251,33.3334849128322,0.86346866917714,0.18647866551582,96.4375262265749,0.775210607259854,0.134719748170557,1.00867425853989,0.00200305701092558,0.199353927483471,14.3810119566121,0.475857983151006,0.168488897580185,2.31788173275986,0.072855615724441,4.49760493460445
0.189817554100365,218.294068941623,6.11253749414342,0.233303689193963,5.01389279437678,0.289415587111461,0.174929059416149,9.61049343596866,0.356638804508069,0.169323690797394,48.1859837890086,0.966894442767038,0.17297499514095,1.16484078042324,0.0214879982092628,0.138795355496657,5.28056837192541,0.143439767378546,0.165887862564535,14.4640552653053,0.345355942132512,0.169498180816096,1.00577451078852,0.00633263669969371,0.166633560309613,12.2045460501459,0.245961330829273,0.144588602549749,2.18818996107018,0.0460834806793788,8.53414748445865
0.195740989240644,203.83692185284,6.59878156179097,0.212655392020185,5.48194575365476,0.261635727805981,0.198012957987541,73.9975437812294,1.13637807097427,0.194369297360685,527.14547466095,2.33513407276762,0.103008872492169,1.01158236655188,0.00135215600602502,0.132341603653847,5.94214829246472,0.136193295045416,0.168094189223255,30.6634951091254,0.435267237098278,0.15291690330594,1.00867425853989,0.0104190867217982,0.157650261547219,8.6145740489714,0.184319907397731,0.182555605872487,64.2616671010127,0.176672785135286,11.2761539007434
0.101156947541644,17.0512425254688,0.369947585979153,0.192521209901533,24.1460286404166,0.321677568838389,0.144800868859151,2.78683513858361,0.0961898272057826,0.199785397600196,189.700955062392,2.41799480574825,0.196333969644872,1.00867425853989,0.00699786676919436,0.178297223002685,16.8968968064112,0.484825642930651,0.199365809761683,152.860780949318,1.0829105315225,0.195352156441251,12.2750213329814,0.0551916727662469,0.196076779956523,96.1602865751648,0.649048296772692,0.118676187051428,2.56361151152847,0.0272427404450183,5.51202653897788
0.187382346673941,144.706298312936,4.98185910622435,0.212228848382963,25.1391209535034,0.491613613615541,0.147023066929536,2.86823283751515,0.100624717828928,0.128664717566463,4.87160332233193,0.145898167188312,0.197286133557434,7.90177085082341,0.048466360194176,0.138003868950376,20.3740453880163,0.223746594339088,0.199211846436743,28.0454211126682,0.801185387436216,0.142511062817207,1.00288309926358,0.0117986043401661,0.116781203433765,1.44974067037263,0.037118169268128,0.15313832992244,1.5850757161707,0.0466935690939509,6.88900428952886
0.169383672914397,70.4720744328873,2.54856288140934,0.161837567479101,3.52888015319671,0.100862306995299,0.194554959817562,80.2095456951702,1.05550750873168,0.154989625305324,8.29812065000463,0.304211025621953,0.154626828711522,9.83440721077889,0.0164832145278616,0.168431449869431,13.2291025360534,0.368812561180812,0.172570663599792,23.259032627454,0.455454512530697,0.175643345623024,1.00577451078852,0.0129469773724729,0.157381421031167,4.00544398533237,0.129968835162159,0.151264017160427,1.57597523020146,0.0451282663586451,5.03793808989092
0.160921327875999,198.099433783055,3.3795420990028,0.223129161303709,11.0347040567755,0.458254997936972,0.193459638344689,14.1754836193795,0.578080522384049,0.168372544693427,17.5412692675873,0.61416248697313,0.147242664062201,1.00288309926358,0.0117555300974937,0.184657547252219,63.3432620800787,0.784691730189029,0.0983132061100642,14.3396692667093,0.0696470593008514,0.190335895811377,2.14453349218355,0.0409296942099819,0.183776054837105,7.2688443008963,0.26723675692455,0.179780605655114,9.94831291991456,0.142101479776831,6.34640235679569
0.19415481591078,762.333865163339,8.87005827837768,0.19407557590972,20.6694457978884,0.323589712428303,0.177692559699217,484.921475397282,0.774489999248757,0.192996646060596,16.464712003024,0.768777924787831,0.174093314104583,1.01158236655188,0.0207788971305229,0.18499636540377,272.652134655029,0.868667069760601,0.154059735301744,52.2311372931222,0.3388239692144,0.191875688634346,7.37423424898408,0.0492877159901157,0.197933486760205,4.31676880609627,0.209305479177199,0.199521641087681,2.92662172166501,0.127581700075826,12.3513607461912
0.156681593343892,93.4917471366253,2.44646400372075,0.243868782059522,42.8211093770612,1.05353242940057,0.123059498963408,3.6952337044061,0.0928182460311256,0.174166015081881,50.3124445249891,1.07839194334917,0.174014498686225,1.00867425853989,0.012410596395939,0.198693558647531,9.12515100556096,0.435774410355624,0.198660530627786,135.841747034889,1.0816989547428,0.176882627818554,1.01449885892793,0.0154478766175882,0.19868798332493,5.82359678794962,0.273772393730449,0.195789023977836,4.59902389909696,0.156392568992557,6.64670342333657
0.178010798258286,89.5723252658637,3.32960729000242,0.223334388135042,11.858192730432,0.476276743506488,0.196992312387041,44.1988889941343,0.988338810275091,0.174453693432578,41.8461409792029,1.01621112142967,0.196533079576416,3.02078648791353,0.0423370113856429,0.111838476340685,19.9101608535235,0.11405658085236,0.0873493582600023,10.4774371358388,0.0493017238928488,0.0888564568984718,1.01449885892793,0.0011715214400452,0.138068748581347,2.90981894079874,0.080213086843458,0.17106728715632,18.9591758547749,0.126705798053842,6.22421968768187
0.187589144277117,63.0461461975131,2.84783308883826,0.240069257914365,50.4575002967478,0.99779752588964,0.182892380247863,26.6290908341743,0.644469684558294,0.184318193034374,49.879774465365,1.29859897168131,0.187226488603608,6.2943333190863,0.0368050224213598,0.194876829414174,70.8700298451568,1.00240183731237,0.170881268850064,15.7234968241093,0.388327458527327,0.140273362247083,1.00867425853989,0.00709077299830456,0.185552500912814,5.48194575365476,0.229084406824382,0.190656311836062,3.35066711121492,0.122935720532624,7.57534448958387
0.149551570285876,219.544145136147,2.67983810649778,0.249229079781944,36.7613412036469,1.11780658880953,0.157885709233471,64.2616671010127,0.43451684604001,0.192463000635382,75.0704237295268,1.72796005665285,0.130780983037923,1.00867425853989,0.00176691992135214,0.19838228317792,66.9046593948815,1.05136520675755,0.197758245151075,26.4762037102107,0.770812454109276,0.169571927901626,1.00577451078852,0.00948456108413849,0.198773967510645,4.13432012050498,0.201498665659825,0.18283843787603,6.80312071291408,0.141082980885475,8.13613238641779
0.197164162947689,449.523371438263,8.79408290978301,0.232033957971727,45.0986499114755,0.818751247086304,0.173915489755441,6.55321042588835,0.267605600430145,0.16065425568067,137.02007346918,0.938226294160155,0.141119552758143,1.00288309926358,0.00237133665548494,0.188874577536736,207.409768759883,0.9607277906869,0.18373135221601,9.15145972170511,0.365952155522997,0.199232395347946,1.00288309926358,0.0345873061315328,0.157158249274405,41.9667875574435,0.240706589625943,0.198161138557916,6.98169689372975,0.191725887866912,12.6147371179494
0.166995983910576,43.4974210223758,1.73024424702975,0.247773029609771,134.286392810429,1.34281412199709,0.199149421139613,72.312737671454,1.16052676400551,0.184103536395053,212.85410025597,1.70597487783084,0.152221756272701,1.00867425853989,0.0079595327676359,0.13937311701537,80.6727165821289,0.2637474367243,0.198634987818201,76.3784327637523,1.00593987001552,0.153562234179371,1.00867425853989,0.0149873107162753,0.135773359170744,41.8461409792029,0.137695968714158,0.177789513873383,16.8968968064112,0.147127927700022,7.5170180575011
0.155866594303415,155.412690710617,2.87371269546941,0.171003375005607,16.4173790695188,0.185520128250338,0.137065081560028,8.44270511134198,0.1786398003199,0.128041011838592,9.02067029565308,0.226503765559357,0.169089532868921,1.01158236655188,0.0111345120657372,0.170528947679403,147.670016389381,0.600775242722264,0.126948422009779,2.52697328239242,0.0721451338405579,0.163169016109102,1.00867425853989,0.00804122421072793,0.151974396540772,10.3574730860055,0.171933787319455,0.177578793815929,37.8350640594363,0.153472944341957,4.4818792340997
0.17446996871046,1040.64128413488,5.78801936209774,0.246488914214715,6.55321042588835,0.399681925686017,0.192570991113154,12.7431360287119,0.53435998506821,0.128968961353125,7.3318961356485,0.202400519001321,0.187511713424676,1.75817161928149,0.0316782440461305,0.10979934198453,11.2918003500854,0.100966046936555,0.184501087659872,14.5895202202118,0.477216757625647,0.188583912950962,1.01449885892793,0.0133213502797374,0.132835519033996,2.54889290196729,0.0688711648145389,0.178850683744394,2.15071639511557,0.0811761838152413,7.69769153937114
0.173493248262104,165.015856456254,4.14538532830432,0.218437194686497,20.6694457978884,0.534705681249684,0.183879451113171,74.4248433961178,0.822802634706503,0.141152217278191,155.972582164745,0.579887088396258,0.164509510632509,1.01449885892793,0.00124007952470126,0.181444101584176,13.4984086137474,0.462897458950591,0.0984809183530964,1.28833114804146,0.0283424915402644,0.150640197505893,12.4529951356256,0.0178598366497368,0.192491403226732,3.95958264771409,0.186372598969939,0.128888376280092,9.47314366240347,0.0414656715450571,6.82095886983705
0.124133102381634,104.205783884421,1.27586991568545,0.244517241144064,6.64822449937834,0.400480397781522,0.170498705055458,41.3670130706622,0.55714978007838,0.194009338344472,15.7688292262238,0.744973593831187,0.173328715228237,1.01449885892793,0.00326146882060335,0.139896678339861,15.8598865007128,0.221250638623454,0.171715984558556,4.39198314906283,0.181854255549481,0.179431178477811,1.37652687910296,0.0292549566880384,0.164207372832127,5.40359972355987,0.17133975457077,0.194899024030463,3.24621921773864,0.128582535673352,3.71401729730224
0.198242539348277,374.450763025516,8.53816471570129,0.211380072204856,20.0251322921732,0.454971096954361,0.161706865664135,60.6660524756973,0.478636351008657,0.186293360803981,170.532811440152,1.76354876026032,0.18922571214049,3.85830538552188,0.0370882986420434,0.172016049042881,10.6293480187976,0.354412507056992,0.153194790422091,5.84038679556032,0.18240007039314,0.197082856096601,1.89482624889294,0.0451783956702185,0.194211570314615,5.16033824803901,0.238758573268907,0.155481767864086,6.78356302734552,0.0768409890111393,12.1699997579671
0.105446962914451,22.4280939258186,0.477083063870067,0.136885655766396,6.33068001474387,0.0724435611293757,0.114718479168434,5.11596107896008,0.0938995241066041,0.19634216885617,42.087781971745,1.50013399143943,0.196179212713091,1.00577451078852,0.0227253295795598,0.188820699095056,9.89119610131619,0.42213370242245,0.188715255880242,2914.84962034325,0.910339291261097,0.156543077704263,1.01449885892793,0.0120231360143805,0.160227510245486,2.76286929599819,0.103406508646461,0.192233226241663,10.9713498785374,0.190275620652534,3.80446372912196
0.195308846649313,194.734752666573,6.51163476746252,0.23723914256174,38.9401481423545,0.896204189942541,0.183969640251757,23.8695626167564,0.632526746084252,0.168001211842392,9.80613514975012,0.395456905975592,0.149769153762637,1.01158236655188,0.00796932063262482,0.158723934974276,16.6554123326141,0.333602499207652,0.197140140614142,10.7524610237587,0.47727132623924,0.183426179167062,1.01158236655188,0.0093217951340391,0.196309954783032,4.84363370723389,0.230360443276531,0.18686044257858,1.92229906736858,0.0826847875871737,9.57703278154217
0.179908458324447,58.3686401787467,2.50195907319569,0.203284005537673,14.053579239644,0.354304212348764,0.166033402137423,34.7044444245723,0.488446958208696,0.162083889422963,17.4405585739443,0.560888037025396,0.142101487621055,1.017423759841,0.00639606320631701,0.190735517564327,5.85722521042959,0.273731753362721,0.162685081669586,9.89119610131619,0.279865868292413,0.196671930911344,83.0290000254614,0.0594643551334515,0.160668902051773,6.61005466738882,0.176762821743121,0.176219673240896,4.98510624458552,0.112592574309533,4.8144117168261
0.128165429658409,43.7465120343619,1.03590919863587,0.237309238534907,31.8328643748612,0.861709865596551,0.184492300564502,24.3554775355552,0.644924017832863,0.164282080194725,34.1101179217553,0.788866548077954,0.185041309008603,1.01158236655188,0.0202360157985362,0.173465021459766,27.2495189410318,0.522194677056186,0.193198210039805,8.89175006582625,0.399169652880432,0.17872999022566,1.01449885892793,0.0259313730784911,0.197624577337513,24.4961185033437,0.546904597155751,0.146065872234634,1.00288309926358,0.0255161957083222,4.87136214182096
0.166315444724591,1025.89105251588,4.76212265185734,0.237493643331584,110.728920316933,1.04895412168515,0.121268180377643,10.0635379267258,0.135195262701476,0.175375047741113,55.6463084955692,1.12526602149871,0.152926817254555,1.00867425853989,0.00604880975487948,0.18431066356928,7.74412301428478,0.335012045976009,0.148885200476459,7.16496054867685,0.190830416364819,0.15512728114839,1.75311720834914,0.0180385924108541,0.165759051780673,41.7258412370602,0.295452880297053,0.191565470298299,1.85168407581574,0.083856628903945,8.00077743145024
0.155576044488831,1596.96472801429,3.68718953670706,0.244436900309043,84.4756773817437,1.16338822662287,0.177974620394752,5.65832869261085,0.243608929760065,0.187989189441279,31.4683859934887,1.14465914697426,0.18804720756105,1.01158236655188,0.0181414649959719,0.165737107832991,20.6694457978884,0.409481037361651,0.185498408389607,7.4811522310616,0.323326446487768,0.199161956776013,1.87313095952011,0.0464426742380813,0.168997199460935,2.54889290196729,0.104197641214981,0.18525438561823,45.620999005745,0.18902880898707,7.32946391334978
0.191189322720048,177.731614127063,5.80707140578962,0.230199690851589,7.22711126890421,0.383691416386274,0.175593251952029,56.7791056024212,0.649941870519065,0.195819764663327,118.309128318462,2.06934778017796,0.140802893402457,1.01158236655188,0.00498442261823459,0.194293836981908,25.65088039011,0.759728964560433,0.172442031655874,8.68929909148323,0.303545332242849,0.182020685631345,2.28475538672293,0.0345041113984968,0.196970978205,6.55321042588835,0.295480408051791,0.147202007585302,1.75817161928149,0.0444486657134058,10.3527443774581
0.187008281181547,283.0599734612,6.30252281137786,0.244286943601137,7.99329205722658,0.469811046799572,0.19090222352372,24.6375716039181,0.727868350203436,0.194132002521009,265.67830327291,2.20571787557051,0.178695596970118,1.28833114804146,0.0248651529555391,0.179852186541614,11.8923810771604,0.421135293051657,0.180678733830638,11.6887196334189,0.40536728673416,0.19285073119028,3.35066711121492,0.0467630042468738,0.196488758889404,11.0665182039154,0.400215103669902,0.122985237657308,1.00867425853989,0.0106104508647644,11.0148763754743
0.120322053405016,16.3831182565332,0.456969950997856,0.221034308109419,15.4542261000141,0.510521584112663,0.197401644105713,10.690727303607,0.496900474231644,0.163638164311719,45.2286737958236,0.838219418860611,0.165055610129861,1.00867425853989,0.0120815285018129,0.174487496430094,15.0589415844573,0.436577942973868,0.158620455751186,12.7431360287119,0.28555594464897,0.152349379926404,1.11560866287013,0.0155184403867495,0.193769412747346,15.6332226114801,0.446362057057394,0.197416167983593,5.67464221589759,0.174559020197855,3.67326636196942
0.186091573771331,50.1720214418779,2.28339438592848,0.229006066054938,46.4158883361278,0.783479743774086,0.111325589116857,3.73803325566538,0.0763599209568085,0.194623510666111,39.8474101492761,1.41476004345432,0.190972624291887,1.00867425853989,0.00429316561651879,0.191745875048877,23.3260907272937,0.70215208906569,0.119891213924318,46.5497099496079,0.139506439414699,0.151464880355925,1.00577451078852,0.00695812110725077,0.199296895701623,18.5809222819382,0.520985373189099,0.180697930038558,1.33361741419236,0.0580120433284717,5.98990132583542
0.171410363138584,659.032997516982,5.16823072649684,0.229616366841548,23.0590127888488,0.679461627543599,0.16125357335417,48.7440915159157,0.458471372745744,0.13857435721584,4.85759838400825,0.159225680858068,0.182424534091579,1.017423759841,0.0215174817223285,0.143863531748592,16.3231210310229,0.243170689947119,0.163488387118084,6.74461616851603,0.230837807534533,0.178337685367882,1.00288309926358,0.0107230853908805,0.198141279877972,10.9083594392703,0.408550621736022,0.0856687320087069,1.00867425853989,0.00130725490439921,7.38149634887953
0.182995515726497,48.7598073452207,2.17454647518549,0.241009102445336,9.97699489356779,0.539593173258176,0.195393605020827,18.5809222819382,0.691232418509948,0.183816467730302,20.1988354669711,0.823699230874161,0.175648985669925,1.00577451078852,0.0194968751338277,0.190015383824556,41.4862782755825,0.810086334040967,0.129543261597672,2.0657547958787,0.0624667529665502,0.19716842728364,1.00867425853989,0.0323833699901633,0.199216476641033,5.43480286846039,0.259813676528836,0.160547068201999,1.32596064017055,0.0465902586769434,5.45990856516506
0.12904364502176,37.8185940234217,0.968826531047131,0.239415839197265,11.0029813692926,0.562644062400426,0.143861628926998,3.26496454563336,0.110727573039139,0.150666726524194,75.5039187012513,0.687643827776073,0.19455435960605,1.21624552488348,0.0327987657553824,0.163107984643482,5.38806539618403,0.202205974176302,0.140386371930125,4.94223601165526,0.136549424793895,0.188986652153827,1.33361741419236,0.0346876580255244,0.189861057989993,15.2333597657718,0.411102663134203,0.188631040752794,45.0986499114755,0.204012445595957,3.35119892574403
0.176568261804935,44.2489815380287,1.89934459835374,0.243934592862764,452.547235227644,1.28487520460967,0.195719205569679,274.226567348106,1.19325278581566,0.139545136477722,23.1254942116391,0.423323533511484,0.17215518797005,1.00288309926358,0.00866159510405991,0.18595783818391,5.62584220609726,0.255717004167801,0.160659903703725,173.504134191697,0.426797609941356,0.158429095749115,1.00288309926358,0.0136386612195493,0.15290379890127,13.2291025360534,0.186930709257242,0.158710985433635,1.00288309926358,0.0284587065264182,5.72100040850698
0.047179870821167,8.20967199428533,0.0726197108835392,0.221307065715211,28.1262788456248,0.608316348108407,0.172643440030474,15.0589415844573,0.43491008010082,0.191501787417603,170.042561855291,1.96515000613777,0.123789272925444,1.00288309926358,0.00183023990090238,0.196787027845577,7.52435222533039,0.361785688465147,0.179622512419569,12.0648070327153,0.406500203513236,0.191350171418936,2.12609122719942,0.0413358302571396,0.193042207937427,8.39423252506469,0.330087308595078,0.169141340830333,1.06538573309788,0.0430559076029981,4.26559132356504
0.197932818433186,153.647901220541,5.98726422601748,0.217717373395838,12.4888983567305,0.445949088701293,0.16084784520889,33.9142795486171,0.434889691211758,0.193677959803976,20.6694457978884,0.92961280344676,0.180218248178949,1.00867425853989,0.00898443157977866,0.197278469435757,30.9294781934387,0.850658748229685,0.184781576401685,11.5216685859765,0.425466584183427,0.120837509135386,1.00577451078852,0.00217854596550374,0.138174605903364,7.52435222533039,0.117648509431594,0.151713527292109,1.00577451078852,0.0174831980602259,9.22013582682751
0.193458546320423,158.549987573506,5.69325066538276,0.224909846701508,90.7798576447935,0.763517128359042,0.197148392341123,32.3875125587801,0.90738041105798,0.112872393620561,11.6551167748285,0.190991459384106,0.134967871768729,1.01449885892793,0.00757122790341097,0.192136162569561,20.257070714631,0.662921452881017,0.18496692403113,7.92455244054436,0.335195330374139,0.19673285252291,1.78366310156055,0.0443492065248475,0.124655032627598,5.10125365829453,0.0786437265348878,0.158463444228492,13.4596032415536,0.090429897561532,8.77425050596372
0.172278789173935,430.678160097214,5.04179276207996,0.163448125269927,1.1988633739507,0.0473407343748662,0.123808571615688,18.2627170853981,0.161272508396155,0.190657627137802,23.5284272689873,0.98717289718045,0.191143655357193,1.01449885892793,0.0165433263228373,0.195573622113593,44.9689998212073,0.924017645842076,0.199450702264053,29.6222405590191,0.830051612526053,0.155017224278169,1.12205075712963,0.0165977901377963,0.164560818805956,9.80613514975012,0.219450715939647,0.175826602571039,33.9142795486171,0.148319911427561,8.3925599042274
0.181675331414385,97.3044587479975,3.67501947303091,0.246077441299363,122.115753319126,1.27929625362023,0.195694374476843,24.7086041684656,0.799385175025429,0.191908800802663,545.675221692241,2.17566784327656,0.199485581723661,1.60343464412786,0.0397527262303123,0.189604999194843,226.119795827268,0.982744186016443,0.192250569962833,22.0844211988575,0.65306758971125,0.180266251665763,1.26626799854054,0.0290479375305222,0.158603090737494,3.51873529007318,0.12147356772634,0.160460609335688,15.9514695864158,0.0959174586876392,9.85137221085564
0.195806367755092,68.2932020177604,3.25735162881508,0.212613926436246,4.13432012050498,0.211041479063535,0.149073704883283,6.64822449937834,0.198425913774815,0.141156550368031,13.4209094274668,0.351276441691891,0.135895397675048,1.01158236655188,0.00826493229749337,0.192074981062231,8.29812065000463,0.381636289115782,0.171941815677682,19.3451295709733,0.423074206787507,0.172548510282679,1.017423759841,0.0223136096616985,0.174365584604223,12.4888983567305,0.287799869240955,0.18750672566387,8.370100693918,0.164534577286724,5.30571894773548
0.158896648534477,166.911217517853,3.1264229628969,0.18641104243111,10.1508316565282,0.235583444302839,0.191147776413483,17.4908414355252,0.633309697588041,0.100543366050457,27.485888313414,0.170135604946397,0.178683019575519,1.017423759841,0.012920622572995,0.177569737616162,7.76645008964431,0.311608890365864,0.167309308233084,41.6058873339274,0.452145039278924,0.140439975312017,1.01449885892793,0.0060231717042683,0.164500939106949,2.34472828861258,0.0930780932654174,0.0969776619123907,1.00577451078852,0.00298086620592653,5.04420839312757
0.194116506862153,338.841079149215,7.62131922557124,0.239141473144991,10.2094477434412,0.536340537287548,0.149206370180224,17.0434648578319,0.289728227671149,0.199112788903343,20.8487379146156,0.988111355042865,0.186190131703777,1.01449885892793,0.0197290872820239,0.157959303185947,13.4209094274668,0.309891333542948,0.17208034238554,4.97077500682395,0.204125500313603,0.198189482705937,1.00577451078852,0.0344211003194401,0.170566225857245,23.6642924260888,0.311837912096702,0.167470905418253,1.4249133228412,0.0535103196704957,10.369014598798
0.157989086944186,30.6159827474815,1.1626679893691,0.205603030414284,6.40400427119728,0.265828944417281,0.127307624355201,25.0668507346102,0.185262290744781,0.18683136117785,28.0454211126682,1.05630994114126,0.165988681224102,1.01449885892793,0.00489778157690474,0.179456099282419,44.8397224504315,0.655642345835926,0.17753398981092,72.5212224721817,0.618313999948521,0.149912470194495,4.7881753057283,0.0170452531483681,0.191721578076665,7.2688443008963,0.297931258328265,0.146362349547086,31.8328643748612,0.0695315111760721,4.33343131568648
0.157029473973891,88.8083830863662,2.3843285986653,0.240198172838614,21.151020824465,0.784360364652888,0.17134545853704,14.1347317845805,0.413520126124506,0.187106737790512,20.7290378618468,0.872894312930951,0.160074367775833,1.017423759841,0.0105194286979407,0.193766271245264,14.053579239644,0.560801235209816,0.191451971159408,13.9728926204603,0.520482202606247,0.155646971094486,1.00867425853989,0.00156032774243761,0.145344731101831,1.67902152597229,0.058027345269064,0.189452319796769,1.59882507273807,0.0730515835565745,5.67954552545572
0.192561861185023,185.508627545747,6.06978346419503,0.176281008439224,5.90803229623124,0.161228054567305,0.168546204042317,598.334763214664,0.616813553320225,0.186879157794145,49.7363795461226,1.36666028801711,0.173793716347201,1.00288309926358,0.0181528615282716,0.199008404503399,15.5882800527396,0.641302687107735,0.194268733168639,7.81129753947542,0.36258832668717,0.147682911029205,1.01158236655188,0.00162931553884768,0.143840953222155,2.09570588324384,0.0695121277744552,0.0964319430732301,1.57597523020146,0.0142101563178424,9.32188083505399
0.0691059658628484,23.6783611765105,0.217137682446027,0.199155028063288,27.6446058720117,0.381832638803122,0.162125531029843,4.24284253669373,0.165112897797688,0.102140621378121,3.13598584352336,0.072100970399791,0.165720843315562,1.00577451078852,0.011308719150391,0.165784026599096,23.8009421380058,0.43089515066275,0.102694554565025,1.81474121907939,0.0398222642503072,0.195008249885594,1.21624552488348,0.037301577504446,0.134917188302796,4.20635552139048,0.0907726044072285,0.194905061278126,143.06680704941,0.246754339807804,1.69303884522956
0.163614750890411,108.7655229244,2.92304949446341,0.24660589873632,52.3817248465878,1.1403207418058,0.198199029870232,15.8142923261533,0.65646864115471,0.16330197937527,24.6375716039181,0.679656917344799,0.136746620946746,1.00288309926358,0.00370768150401226,0.153420853951746,8.01633751167032,0.228667948844476,0.182188395096632,491.95228346019,0.75644021938455,0.15358946180763,9.25745528268664,0.0194319266060304,0.137009275981265,1.6984685687346,0.0541141694222438,0.187394717203752,2.35826794741131,0.0959197892160006,6.55777752974603
0.189144538706205,82.4546126330393,3.60569149509417,0.153914464338996,2.50524216415549,0.0748188388271756,0.170022629823936,8.71435120329488,0.313004274930579,0.151726248420079,7.28980110054726,0.262956769123549,0.175533084077516,2.52697328239242,0.025821614768729,0.16413909795798,22.3402110602687,0.406234611892484,0.188523993329156,188.069590808229,0.851913897716687,0.142325224859281,1.87313095952011,0.0133310854039935,0.16123487432077,115.283045603569,0.280532599989386,0.143695493489355,2.03623175886238,0.0445998307998979,5.87890501854665
0.187946937496049,343.712926298312,6.74973968299047,0.218502908253214,10.783461436218,0.422383314365926,0.197612030984181,8.58980877761041,0.413998637112976,0.191622158203006,29.2830732706331,1.14626131875251,0.180980980005279,1.00288309926358,0.0135694828695571,0.101952775148175,9.6938573407282,0.0801401440039076,0.144226624865088,128.610764357393,0.275724265975793,0.175540019499349,1.00288309926358,0.0180249613834992,0.170328693119112,3.75961856902805,0.146146189129206,0.188421325982021,30.3124057150643,0.199396729306833,9.46538472589068
0.197539427429203,94.8359687489968,4.35315366917001,0.196371975057302,2.98619923379083,0.140944605645455,0.186193898825033,24.1460286404166,0.663151022165406,0.180141613957013,79.5197706455576,1.34923835345026,0.153793940904295,1.017423759841,0.00329872139993839,0.167263073598766,10.5379392096157,0.325630858467246,0.193130448839959,9.58286508470002,0.420784057627777,0.182238160596863,1.00577451078852,0.0119643658876644,0.180951003987865,162.387515846255,0.45856639038987,0.195501052940747,5.2653877364201,0.164623922670517,7.89135596687414
0.16060695860038,73.3460146971022,2.31835241986664,0.243652573982997,29.5370822190252,0.950194521511209,0.187011454310457,137.02007346918,0.939699402545529,0.0831837932033899,5.57746185992785,0.074008253227532,0.116596740554184,1.40859841962076,0.0055772457951964,0.154626244283883,7.02201277776474,0.216790228951655,0.197509487470148,139.407478322704,1.0341411810599,0.116292822650884,1.00577451078852,0.00125169641508118,0.179065131417175,74.2108860452115,0.431019060642831,0.170979976449927,3.83615347588896,0.0932059683438765,6.06423997835945
0.171973573576761,1245.71486180763,5.47227790070816,0.237566539460154,39.7328563803063,0.914071699848519,0.195387881738238,548.826229146928,1.21489466293603,0.18576397515543,94.7859977652238,1.6096698689014,0.176607025463081,1.00867425853989,0.00312072042707375,0.164316584485932,10.5379392096157,0.311047860752135,0.114536409572523,1.35685404373703,0.035673695221354,0.110887394471523,1.00288309926358,0.00546481602849764,0.172033233613197,10.9713498785374,0.266332759382591,0.116823807593815,1.00288309926358,0.00912992593148556,9.84168391013725
0.145143810624549,66.3709230299172,1.7065966867514,0.236979353683203,12.5249050903856,0.592155795712464,0.156051220092223,20.9088468955437,0.348638965148605,0.171486573273928,11.0665182039154,0.453789892319307,0.182435455511525,1.017423759841,0.0192804512269881,0.147025762210765,5.40359972355987,0.165069778057598,0.164816916659338,4.09876636139165,0.161528688957409,0.126292328165402,2.10780755947618,0.00880718665310987,0.191549467320003,14.8437245167243,0.423452226217422,0.166122998324158,1.54453302690677,0.0554952214404187,3.93481489248472
0.195492517510582,416.172430860684,8.35274429193849,0.245121920506484,120.024475679838,1.2241777132776,0.170478215279361,52.5327465589178,0.570154551884504,0.157429590005305,37.8350640594363,0.710124427706676,0.199931118891409,1.21975208146059,0.0362190273281794,0.166734849504989,16.8483214233231,0.395902234616261,0.196766966471502,7.3318961356485,0.350131312032568,0.187142795165585,73.9975437812294,0.0472614669624211,0.192364959477024,7.74412301428478,0.311271263389215,0.195708395471273,3.85830538552188,0.143333256741283,12.1413195458772
0.185128041519171,106.613332696677,4.07971224568168,0.210487131914144,38.3836293157633,0.509811784153142,0.186794117441515,6.8227347852315,0.309928991032911,0.18093306543208,12.9278969602916,0.564643846552684,0.171540338439473,40.7758103487437,0.0260207794417492,0.167778349540596,1942.32580698854,0.584416680801048,0.174531510546904,43.9451273819645,0.541572536784624,0.176844233076608,1.86774606222357,0.0294943085299493,0.145862786741241,9.91971340151178,0.149232338644367,0.150652318593952,4.74699861247518,0.0653934361676875,6.86022694778984
0.118289809015331,253.956838832348,1.24656548082912,0.239641442040086,6.49685502569923,0.380932669787651,0.14190011154882,17.9499612710559,0.248273423105214,0.187483876478699,35.3091263296414,1.19927438418382,0.133355271091027,1.01158236655188,0.00341900323583029,0.191726906574422,44.8397224504315,0.852027022600462,0.199773912753441,12.5972302899552,0.549256754626687,0.182608044946564,1.01449885892793,0.0137268062669088,0.198177303983621,20.9691291766305,0.531184949787232,0.15537886849811,1.16149208345279,0.0399944395620505,5.06465493398498
0.109676117387326,38.1439148787253,0.684223285107304,0.238017250434533,27.015182265558,0.829680437266262,0.19281574611303,16.5121814020749,0.625937601517338,0.122655773017324,7.08292353206951,0.179509285093802,0.137963806187124,3.01210229799636,0.0103033942759224,0.197155968642736,12.8907317012169,0.556251969326736,0.185852214887309,15.7688292262238,0.510436528836599,0.124381862325908,1.00867425853989,0.00151615390960495,0.171802584418946,60.840958726914,0.349600923039022,0.185851682542046,7.22711126890421,0.151856175710001,3.89931575408259
0.180526622824447,65.993009463437,2.77626540495831,0.223984516947924,9.28414544519475,0.417561859722231,0.17283270428556,11.2593385593765,0.380917250557285,0.149929115287208,18.0017127911777,0.469680882305449,0.186705356004791,1.00288309926358,0.0230564984689643,0.183009827566737,15.2333597657718,0.503848310020062,0.162385740932347,12.7065019223768,0.30754248460939,0.16422585985816,3.91424641100743,0.02407061964914,0.175426473116445,18.0017127911777,0.323795723468177,0.122679851421171,1.08394875824941,0.0228866743927851,5.24962570815179
0.149273062799073,40.6166803006873,1.35865306687271,0.234220627243202,6.34893199363231,0.357818877526137,0.199715471135326,39.1650084479089,1.01270122347196,0.180528568862205,32.1089908705141,1.02757861536028,0.196902043800008,2.30457394564778,0.0410947517209748,0.147558298248509,50.167805761144,0.310882536278016,0.187247830387436,39.6186319317599,0.699155047758031,0.15271847657126,1.00288309926358,0.00395406617442279,0.159711733701456,10.690727303607,0.20662044049732,0.192222910519592,6.7058929175172,0.167554270035696,5.18601289569555
0.193245117693427,84.8427181780503,3.8381071395376,0.16725819842693,17.1913042784243,0.171322188627388,0.142648971598503,13.8129064745256,0.237897647521612,0.113398359388364,57.4367420159962,0.259926251984624,0.132773855976744,1.00867425853989,0.00452149823943847,0.171072125922347,6.64822449937834,0.260013742291575,0.16342933261566,10.8769999686707,0.296107731174038,0.190309484797254,2.83539228475476,0.0430885139036376,0.18298133787433,16.5597876601153,0.371229328087733,0.162224219087274,6.0805937181354,0.0888426872571117,5.57105672862476
0.13628821215031,25.1414799599468,0.797054697626837,0.241037458760157,171.024474463231,1.16291373833856,0.193078032019232,7.58962040187813,0.357359004835627,0.0542865438849035,2.44820179377353,0.0241463572618707,0.194092400556193,1.00867425853989,0.00110576818829522,0.13931487668098,6.92165665438525,0.167301935232683,0.195296242107451,9.63820144251651,0.430980667157909,0.150257563047157,1.01158236655188,0.00244301795369887,0.159782743634799,7.92455244054436,0.185836167892688,0.199770152459792,18.1056638759021,0.242970522504297,3.37211187699247
0.177308146267843,88.0509563975839,3.26252732148707,0.246769277513413,7.6115020308696,0.459320940827086,0.185122737648043,8.32204495553973,0.360698778751852,0.138390563438574,108.519773144765,0.533029467860731,0.188234530616263,1.017423759841,0.00229700395751108,0.195022795209166,416.29850495197,1.13216319700992,0.188196910941861,30.4874450288918,0.663924974521585,0.187153590329707,1.00288309926358,0.0194189099785174,0.165229820586893,3.79223047250718,0.138833235102267,0.19491915680661,15.2772790540943,0.216128325940148,6.78834215543669
0.140949830104521,72.5131337059517,1.64258250963632,0.238043326536093,53.6021605942022,0.977437730493897,0.190408937233249,18.3681753422353,0.636598571504098,0.177447304417083,11.6551167748285,0.49960946501886,0.116660184057961,1.01449885892793,0.00308340195436597,0.134347037319041,6.62911211113257,0.149500574941017,0.0588765309189829,1.93897358646993,0.0153351450455154,0.160727017629199,1.00577451078852,0.0085866688800835,0.192210099895649,29.8791915321589,0.517849140210784,0.199956120741029,16.3701822092467,0.242859852954756,4.6934430606397
0.149207219763,142.248489423373,2.41798097959973,0.235370847600058,26.4762037102107,0.775814936892816,0.161255440395046,17.1418825295271,0.371806014723537,0.18613757361312,81.842378919186,1.54710113269338,0.195938967441699,1.32214875407135,0.0349523579998519,0.0967291710603627,7.28980110054726,0.0663808768858146,0.167899537900062,17.0434648578319,0.380702913056282,0.18161092981189,1.38447564841702,0.0304927826676265,0.134344794989497,6.20437693319619,0.103619996759116,0.189608419742991,2.6460963359074,0.106415311208051,5.8352673024862
0.198435302894375,127.259189299189,5.40754448932993,0.225558760244626,37.7262954049369,0.703254114365545,0.109780423475571,2.81100886708374,0.0632658260779822,0.137684479998567,14.4640552653053,0.340603146798653,0.159182413873401,2.45526020256225,0.0174649590720886,0.196734209375039,7.45964533309522,0.358809930610767,0.171832132033928,5.64206206761865,0.225453760405649,0.12444802623636,1.01158236655188,0.00626673991342485,0.188419140787432,25.2115995346114,0.463184480064904,0.194194774596122,13.1910713679069,0.206375859525302,7.79222330616425
0.190304214066152,57.2136747667249,2.66532964344172,0.199148039792884,2.96051892720402,0.142796072205969,0.192820263729908,9.97699489356779,0.450014217093274,0.150519600219578,107.277248727328,0.709513651356212,0.172376292658854,1.01158236655188,0.0113547889553986,0.196266230677078,10.327697309498,0.470635536962055,0.189442499875135,13.5763553199153,0.502646033870534,0.167397071287653,1.017423759841,0.0193649981568582,0.191757636643095,12.9278969602916,0.402320643185186,0.0943997392892399,1.00867425853989,0.00564880250471313,5.37962438773192
0.186364078356284,3260.51181903292,8.1869289772325,0.241772469774504,6.84240540686637,0.404012869672097,0.192107435569122,40.308937459768,0.872021285073137,0.171147924733844,28.3702534600969,0.82855422553792,0.194042007916319,8.54049161663095,0.0448393857237335,0.170720819117775,29.7932945067072,0.50183777772535,0.160008428936593,4.14623977579979,0.155584724532584,0.128018576086259,1.00288309926358,0.0052479686652538,0.0550476160038221,1.00288309926358,0.00708768624257312,0.155713817321165,4.74699861247518,0.0726035352699423,11.0787184356751
0.157400276691627,121.576535435604,2.72327467552915,0.198273322946266,11.7224193723862,0.309635328750953,0.163542731662497,18.6344929252859,0.396973986012281,0.183190053555875,22.6641186288517,0.878327527102359,0.187288851369971,1.017423759841,0.00771731917382274,0.192027029530356,37.4018619842125,0.826407612929199,0.115788457423187,7.54604567969013,0.0991065325379182,0.188554429923302,1.01158236655188,0.0247070813694613,0.194879321146576,42.087781971745,0.580795487770406,0.13593225529087,4.21848286189654,0.0454522620221852,5.89239781319773
0.18927061088685,132.071361795121,4.88384178190674,0.244097679179215,36.6556592993152,1.00797151475042,0.137331635019999,14.8865204479472,0.216336765088685,0.177569101833116,30.1383713644719,0.944913429499897,0.176732719301883,4.63891702142887,0.0283878693950603,0.161024067010736,12.0995910689866,0.314580272772376,0.1851288902284,9.77794436555052,0.389889955183181,0.138139611166775,1.01449885892793,0.00516756655533136,0.182767253278449,10.5987906532703,0.315502908037905,0.196212320350297,6.01097243209366,0.174929133913051,8.28152119710265
0.181754127422119,125.09771623005,4.24347464834539,0.24240612483552,10.9398093223365,0.57985599694059,0.173025113960852,8.32204495553973,0.31649094368635,0.187055106349402,12.2045460501459,0.557285866504321,0.150542628057466,3.71657187129828,0.0145737979337699,0.0976222785640184,2.18818996107018,0.042779556169798,0.198159313481248,67.6795736840215,0.964554694320557,0.195434498618829,2.37188579111585,0.0466085626131038,0.194527224766768,18.9046718094031,0.480737807941858,0.159577165493355,2.01872085226992,0.0588745980301587,7.3052364724859
0.150475809394778,145.95108220696,2.51421100357881,0.211508461829546,36.0279175169288,0.515880195794293,0.199410409305484,8.6145740489714,0.419130346108105,0.0826519144251437,3.37001557459736,0.0558713266187789,0.192372204072593,1.017423759841,0.02067372640077,0.136163196378384,16.6554123326141,0.204290864874752,0.120226980048125,19.4009034997931,0.129807321166177,0.188582417634123,1.01449885892793,0.0248415612915924,0.105222536418354,1.91677282105974,0.0360069107022136,0.174401215505428,6.38559396992509,0.117396719268593,4.03810997580409
0.120526491490513,15.473812485928,0.433065579333461,0.249908708916172,11.9955386652786,0.667406572682556,0.159554521036688,11.3897483457029,0.30787982880568,0.165281422080704,183.259191593639,1.08744432038755,0.195144164107876,1.00577451078852,0.00869003229932162,0.165277635988606,4.14623977579979,0.165279178160487,0.113431018298167,19.1787679790464,0.109181087387308,0.197059252050808,3.97099851752979,0.0527891344068207,0.141938757512689,9.94831291991456,0.137627769124696,0.193799151101314,25.8733827583896,0.221316179209095,3.19067968179698
0.183575777347216,109.388376269211,4.07467651136947,0.232222300739201,103.933173569877,0.932124272432447,0.187397302144051,162.855695173605,0.950539312955586,0.0738317786166859,3.46844676966084,0.0474040853843174,0.188106339823814,1.01449885892793,0.0262555776102626,0.196648657326138,7.18561784115829,0.346153931037587,0.190943964680504,30.3124057150643,0.714326379535841,0.18844184920627,1.00867425853989,0.0288232929284746,0.120946910171937,1.08394875824941,0.0303846107271762,0.170831008851686,3.85830538552188,0.093686476388507,7.24437445036967
0.165180087223073,37.1762524137943,1.47742178862728,0.166429394513206,3.6740180475533,0.110447436149996,0.128137562025762,3.95958264771409,0.105414453113807,0.174288284825307,9.5553161597167,0.404298779803988,0.184826483657454,1.00577451078852,0.00807251851062672,0.151833689643541,8.66431899975565,0.229788951941683,0.190653874876164,16.464712003024,0.562574410555258,0.16075705634926,2.02454102487246,0.0207868741473552,0.164266653113386,2.61579919085284,0.102633088581146,0.164330084224419,17.5412692675873,0.107638198709785,3.12907650014093
0.160796555862456,44.75722237272,1.66666564620101,0.218064764975678,4.88564863828298,0.253917775872932,0.191538782226579,6.42246765119551,0.301644843769714,0.106962682518418,6.49685502569923,0.130495199365691,0.19966385782362,1.00867425853989,0.020756631619982,0.170057462660435,89.2252188596224,0.575400521273541,0.188845199253586,17.7955976561148,0.560995400302653,0.199161674964269,40.541701854003,0.0627118028876611,0.184264094720329,16.7998856852757,0.383349642331386,0.136136614800002,1.00288309926358,0.0177831642775264,3.9737206279021
0.147306226530608,29.5004540809269,1.0243515786619,0.249305997602376,60.840958726914,1.23534082226593,0.15814154581052,15.4987821679022,0.336612177641604,0.185635981242255,227.425527027769,1.79632869101631,0.161117749723684,96.7155651874199,0.0201224810404553,0.146250602958852,3.92553157195246,0.131217591756978,0.180802841936778,8.22675961020021,0.327822995016066,0.198659357579154,3.22758151346831,0.0519144712924653,0.185406257868492,6.57210398204128,0.257266907682295,0.0914937287628844,1.00867425853989,0.00961454545889364,5.1905922618329
0.182738844542936,115.157038766277,4.12344042852251,0.221143325177559,6.15102138343189,0.312064429072983,0.190782328199393,23.8009421380058,0.715353657274115,0.156287297490386,26.7828608064846,0.617768956726157,0.143415877665178,1.00288309926358,0.00324543358675156,0.188808709231356,262.636352765333,0.954443520149239,0.158353257570417,247.228352377776,0.409262966661969,0.184123169277604,4.18220533158347,0.038911827568031,0.199936918951375,4.09876636139165,0.201396636986325,0.173363362839991,2.09570588324384,0.0741473529386769,7.45003520948676
0.199443426401532,210.340272597677,7.18846678615882,0.214312752230926,8.78994173863968,0.358099757811105,0.18973100402461,23.8695626167564,0.704715497192381,0.166956448638564,13.1910713679069,0.500362191941459,0.134315386633646,1.00867425853989,0.0039121036620687,0.0966685699022846,2.65372529430481,0.0468007653595468,0.163610511432919,16.6554123326141,0.343030140546259,0.194658705597599,1.00288309926358,0.00716803497984151,0.143981642001868,6.1865405227709,0.126633555538625,0.199431354032479,14.053579239644,0.230896417274191,9.5100852504643
0.106720368056053,54.1926724549798,0.725077210359989,0.249317666593433,121.065599013,1.37149112233751,0.122093541729581,4.91386086905364,0.106420078936881,0.173409107522318,35.2076192684563,0.943706640300362,0.197496717726068,9.86276078296599,0.048275908322344,0.172064150107381,46.0167273459691,0.563505848264219,0.192010222013129,18.1578643020893,0.603795321759076,0.143046501444774,1.00288309926358,0.00721018133056329,0.195857130006095,53.4480645187486,0.614543189802524,0.196211178444066,8.39423252506469,0.196219149299026,5.18024465071249
0.135079642769108,54.9718531182709,1.31043007488413,0.247440874148125,17.8983585267682,0.821639685762129,0.135836197709406,21.7687984609418,0.223118611640407,0.184886560298356,40.308937459768,1.22335749318663,0.187831819833177,1.00577451078852,0.0120892432029835,0.148744738013312,10.0925521055113,0.231326299031889,0.12911105487912,8.71435120329488,0.138748867032856,0.142512596244927,1.00288309926358,0.00597837903866829,0.192511705949024,12.7431360287119,0.403753205392049,0.199951710772916,4.17018228211692,0.159167959140235,4.52960981831198
0.150918046855944,740.876116406095,3.14515119741641,0.224280610018223,11.9266679922861,0.479766861181599,0.196714608004719,22.2759871780403,0.77064505901853,0.0977839170911846,15.0589415844573,0.142550078306223,0.195064357565603,1.00577451078852,0.0293142505146148,0.158858920412004,35.513019260565,0.393259330904477,0.190289307415481,20.4916955329151,0.616026686051116,0.145974203231256,1.017423759841,0.0109454867335791,0.119505391474643,5.92506573979369,0.0729859948108647,0.180821870551851,35.3091263296414,0.167998432747747,5.82864337768516
0.198008768600169,1224.55663236698,10.3571051874501,0.243656900823278,10.5076446271293,0.573580747015201,0.0868008103992328,5.72386552959968,0.0502554953224301,0.157710168654014,57.6023378446047,0.781116200718138,0.198031463576773,1.65502554408647,0.038579344089254,0.190621074538301,9.74983462452457,0.426916718382573,0.193740357758528,7.76645008964431,0.360056194751744,0.103607090249105,1.00867425853989,0.00216133083029711,0.198419525152627,17.4908414355252,0.509487409440327,0.141989512668745,7.65545473146367,0.0567965204058919,13.156055148406
0.124432339421781,21.4878487753682,0.611047042803579,0.22425839459523,13.4984086137474,0.504092584765587,0.0791307011436675,1.669381663546,0.0258669539199035,0.118372873728482,7.12382395041967,0.169214971115039,0.136336183293103,1.00867425853989,0.00492704272365118,0.118484381270053,8.32204495553973,0.115687180741954,0.176769837117375,31.5591124739724,0.530725980431629,0.191310989963888,1.30325307163827,0.0358391017804697,0.12115799150901,3.77045792255574,0.0664617429048043,0.146560077624877,3.43861929685961,0.0551066132948968,2.11896921448151
0.19905738338158,67.5176982631216,3.29007156966283,0.198394864821961,45.2286737958236,0.391547233855527,0.146558022213702,32.9518247994517,0.30485323424349,0.193050859238666,52.0809826503965,1.54103007514231,0.198984771300535,2.97761447568876,0.044408660570798,0.155805543074144,9.5553161597167,0.259438370737928,0.196822294800064,51.1890764754063,0.913264602353025,0.159414131375425,1.01158236655188,0.0076659614280035,0.178474181677955,101.566780891269,0.428057432745719,0.160995638456371,3.91424641100743,0.0780915592840068,7.25842870002364
0.171429908753497,36.1298359806739,1.50019985837243,0.202629545613849,3.09116744284691,0.152410286608504,0.15549158983868,24.5667432445612,0.362519829443323,0.165801737656549,15.1023580078497,0.541257018725339,0.198415838939536,1.00577451078852,0.024789531440587,0.187494396314035,214.083228554278,0.931801529481466,0.165367558478955,8.84069935203988,0.278453029608463,0.195186239850046,4.94223601165526,0.0515201355164211,0.195010380448941,4.55947384416678,0.215656223190736,0.137341899047222,64.6327467909754,0.0550283081128088,4.11363575050008
0.192810795453056,60.7489870966869,2.86224567171487,0.221894964418565,14.8865204479472,0.512777358082201,0.116578425733605,7.39549489831676,0.11227737700243,0.189770219296695,40.8933710575319,1.33167943930879,0.129406510812232,23.259032627454,0.00848801096234812,0.191735578457452,1427.37680337101,1.08239914296536,0.159223139537885,3.02949571521225,0.115989349717439,0.186696540283091,1.55793070570556,0.0347551140999157,0.170556824957235,56.6158764108344,0.338193440661907,0.171536296219176,1.73304445225245,0.0644531805299912,6.46325808504525
0.194463373327856,135.122711138413,5.27451512588139,0.200996495346522,7.22711126890421,0.264295382081241,0.139854501344746,233.395255296668,0.290978305038383,0.184138989528848,12.8907317012169,0.575962957570028,0.130166683478659,5.46618619625777,0.00855636228665427,0.126183696874977,1.83576021707557,0.054107603580523,0.199013893067995,10.5987906532703,0.481580378725078,0.173081672612197,1.00867425853989,0.00733334111594793,0.146571625931392,42.4528622739386,0.184667772203621,0.169929962512332,1.32214875407135,0.051932009548895,7.19392923803176
0.132510305357984,44.6296174895226,1.12683072133861,0.133675840717114,1.00288309926358,0.0100212531938408,0.0965518692912232,6.66739199053658,0.0670290692778087,0.110508190388255,35.513019260565,0.229473484778908,0.19731889978248,1.00577451078852,0.027826521500297,0.185662225964571,24.2156440378081,0.641839545464941,0.187517127971404,149.811063124895,0.828256193440469,0.19532136477296,5.6910027726913,0.0519583903386232,0.165141612183139,3.54925770971272,0.132547457994975,0.199985249058409,6.33068001474387,0.191646182191154,3.30742881951963
0.162922973591245,32.7874233374622,1.28794396739409,0.211005291020637,21.8315600677534,0.461686008019463,0.167480013082595,43.6928227058688,0.527617178387439,0.139833388359428,27.2495189410318,0.444077843766343,0.172335301322513,1.00867425853989,0.0169172763339391,0.132561023643995,12.3104114379469,0.17620670853649,0.130236873892272,7.92455244054436,0.138221590178357,0.189325553404979,1.00577451078852,0.0152337653091203,0.195955879655435,4.97077500682395,0.235090960072742,0.197747940558449,1.59422875299434,0.0773428062617896,3.38033810425977
0.165293660725974,165.015856456254,3.51211120914431,0.220824599646938,110.410595610039,0.706737936470999,0.172727080120156,11.6216105181022,0.383240521782165,0.170564373450324,13.1531495321769,0.517904992527925,0.120998261219973,1.01158236655188,0.00453397735880765,0.19666857161347,28.6988481348414,0.820215311058375,0.157471793064047,7.20633469066447,0.22029505661432,0.108300894935115,1.02920793476607,0.00106986426601802,0.185876842386404,19.4568382303861,0.408662192537526,0.140054416362555,1.00288309926358,0.0112334011157186,6.58600446287616
0.138071286860882,32.7874233374622,1.00744256033312,0.190772875081591,45.3590725519368,0.331970948131008,0.168745322699979,30.3124057150643,0.504045641449321,0.178272907896886,92.8949270465273,1.33656699168695,0.195404687983941,10.2094477434412,0.0458703666843928,0.172399035941835,15.5434666953568,0.42241697459838,0.181996123816905,4.59902389909696,0.204246662819698,0.131754184231931,1.01449885892793,0.00727578525179046,0.162987536487771,6.0805937181354,0.176617654980416,0.198285570724358,3.77045792255574,0.147191403684101,4.18364498961918
0.168193151245305,51.6251370261205,2.01795368540778,0.150419433072494,1.5896456468007,0.0534864335023018,0.185646231676354,8.22675961020021,0.360059538632641,0.133375838748547,29.0312487135558,0.390435099176298,0.188771613504307,1.00288309926358,0.0185309206612663,0.176999726452296,40.8933710575319,0.605421747980907,0.17077031636431,33.2376574471234,0.475749700487335,0.107231784434379,1.02624915657849,0.00412478893940515,0.165709468475785,8.56511470172144,0.214396096951349,0.181353357542779,3.32185250376586,0.106547728758051,4.24670574049733
0.133811930457764,23.8820457636572,0.743563755093306,0.227273703278967,4.09876636139165,0.230490127052053,0.131752007345748,33.8167824081596,0.214314546660341,0.199253962415885,497.65025513326,2.59417701404758,0.168083562274484,1.00577451078852,0.00869244019571658,0.128229353780371,15.6782947440786,0.16922864973945,0.196558081820509,8.06262793911584,0.380448388669144,0.18586551311205,2.13222095925085,0.03700024979546,0.180806305316006,10.2094477434412,0.303377605679065,0.172811101055159,5.92506573979369,0.111541356065618,4.79283413299773
0.0643285771339863,23.209827249928,0.188541664928104,0.179427319526059,5.37257572706184,0.164136587554141,0.171175747329899,22.5339958268413,0.493736145651974,0.133098147664605,31.3779203344798,0.39723721531827,0.170645888206267,1.00867425853989,0.00735906048433892,0.198439679888928,13.0025492407616,0.569897090139029,0.126291699128374,264.914528391194,0.173655107687467,0.163279177910337,1.01158236655188,0.0175994768951286,0.186831770804581,7.39549489831676,0.281416058708466,0.152466949806311,6.33068001474387,0.0717578012780937,2.36533620864501
0.184052355080203,189.794580390807,5.30490244042725,0.165821683097142,20.7290378618468,0.167770228895242,0.16949874190809,48.7440915159157,0.556745436356811,0.188802633890885,44.0718255463572,1.34497598516209,0.190144411228476,1.01449885892793,0.0132681681484341,0.169242710665539,18.4742425689144,0.426691820596603,0.170414480910891,14.0940971036004,0.370914272082777,0.188680845539616,1.02035709353375,0.0311345666392837,0.187848777515925,9.77794436555052,0.331926407369442,0.166484685265492,2.37188579111585,0.0713280020781745,8.61965732775611
0.153495717657021,2024.00767505915,3.47776499640653,0.196676847778187,5.52949756842363,0.217560072008363,0.190385103416654,25.5036095217804,0.72640681641046,0.170281596496246,14.9294397640879,0.568882640055996,0.160041910594324,1.01449885892793,0.00566816920165126,0.184080166288569,5.60966897361054,0.251620267887984,0.164554114080758,7.08292353206951,0.241614618403572,0.199191449816905,1.00288309926358,0.0307650181319862,0.155694818444815,17.7444386780296,0.208673692709598,0.197234352990936,30.1383713644719,0.243163036127287,5.97211932734343
0.169991616878682,310.139612429145,4.55071266225739,0.217982036101071,4.15819379664401,0.221728526129035,0.172048643271569,12.6335493553273,0.396038361426925,0.194200126485594,89.2252188596224,1.87997684356656,0.180198305239746,1.00577451078852,0.00269673768959674,0.154365717233842,7.06256146630704,0.215513688510474,0.139978243952929,2.10174801133249,0.0697514272759024,0.150601430124661,2.79486986091936,0.0170281952224308,0.198086013536081,46.5497099496079,0.630872215209606,0.191039434706544,1.47925317679908,0.0688230265902782,8.0531416838782
0.167521329255274,429.450277011502,4.56111773537415,0.213927063293456,7.97031285410644,0.339122442600274,0.188251105403727,14.0131778568844,0.536764500417764,0.176069413229926,252.988497160128,1.44935305320267,0.195225804542024,1.00867425853989,0.0300438135363889,0.193687839401264,48.4642342722534,0.894612248778766,0.197701319109431,10.0925521055113,0.459737538265752,0.157871008240502,1.00867425853989,0.0133209495381842,0.185736025169592,6.78356302734552,0.263043671375657,0.172744129703047,7.4811522310616,0.11524493614759,8.6623608892372
0.188865517501691,133.58832460024,4.87126946261133,0.153215472436662,3.09116744284691,0.082277728404175,0.155258704918205,15.5882800527396,0.318499733340615,0.142813005879934,18.9046718094031,0.418547005959125,0.127190335390503,1.01449885892793,0.00111631153334927,0.182190547095521,12.5610156350281,0.448584472630751,0.19481622309357,13.3054941313703,0.533437542238779,0.164589319583586,2.66904925964653,0.0238723281949549,0.127448327335914,1.88937898174206,0.0522180974165201,0.171468511874286,2.81100886708374,0.0833539435625028,6.8331766258921
0.199891629637485,145.95108220696,5.94788238559692,0.210348248654822,8.49145760309168,0.332068834067428,0.169236499852321,27.4068715821386,0.501276705867619,0.187624287554667,40.541701854003,1.27567539168263,0.166405949871968,1.00288309926358,0.00186546398088684,0.193386051681615,7.4811522310616,0.350805447861054,0.192689205176538,127.872364011854,0.917910262076419,0.190338120608592,1.00288309926358,0.0169118854077917,0.184964764091767,4.73335188912938,0.203760451180123,0.187416070845832,3.6424227310724,0.121618408195883,9.66977523591675
0.107955125009416,14.2849392823464,0.350331380993941,0.220817216130683,5.62584220609726,0.29001483770925,0.19187293110507,34.6046757095179,0.830874014874449,0.160938372975136,7.52435222533039,0.291908301361045,0.108128975473079,1.01449885892793,0.00286215787286256,0.163248923485279,4.0518365057735,0.159462725227746,0.152415478698543,5.82359678794962,0.181278600416907,0.144484336315771,1.00867425853989,0.00355709796414135,0.17099967682735,20.8487379146156,0.304322624136402,0.141845239606428,1.12853005133194,0.0324533222486117,2.44706506280536
0.137568875410579,45.7912839530528,1.23617905783785,0.211091910356956,6.42246765119551,0.285545846371719,0.191907735553193,66.3293018815899,0.97676834607474,0.181932338111645,165.693253695049,1.60903524688797,0.150519383917062,1.017423759841,0.00244836184405367,0.199449915352922,122.820912054115,1.1740649245322,0.197154940964242,9.61049343596866,0.439317110358126,0.150360468056204,1.01449885892793,0.0102069389679629,0.193256526558256,44.5822815844455,0.562555549456851,0.148474135437964,6.09812467340626,0.0646725218293259,6.3607939041608
0.177176408811643,471.880061391145,5.71887605811234,0.180102793295915,6.96162583541039,0.184446937407596,0.129797386240882,12.0648070327153,0.171843287640492,0.199800885577678,145.559568736658,2.3285905101846,0.118493538031784,1.84105289600553,0.0059683204142764,0.190334416352166,28.5340777947752,0.727225943309582,0.181490255642843,4.74699861247518,0.210009891359595,0.164309831987247,5.82359678794962,0.0247409190878704,0.121650558081973,5.07196553857306,0.0737079649878992,0.137658468054914,1.32596064017055,0.0329035907664126,9.47831342327066
0.199694878635942,217.671702590601,7.32348192696065,0.248811767666589,127.872364011854,1.35866740259711,0.159320306604831,6.1865405227709,0.21767547356092,0.136311874986483,22.598963573615,0.392517640509999,0.144869916424656,1.01158236655188,0.00218793737046293,0.198361492564967,25.7248344244728,0.821124380991791,0.117548561724782,9.33775684323017,0.10839462923018,0.130083747235253,1.00867425853989,0.00616349947212004,0.194099758887046,7.67752616736229,0.3178858527925,0.189063655527495,2.31788173275986,0.0967161380096114,10.6448148814953
0.152875082352195,251.790898176236,2.95629341347709,0.236540999943036,14.6315832552147,0.634628292703529,0.180243654768723,21.9576266468948,0.581628522723066,0.174518017721443,208.60745870723,1.37472668710557,0.194401622491633,1.017423759841,0.00514874600191264,0.182310946961743,44.0718255463572,0.694525478740612,0.150399068825992,2.75492656923522,0.098893518642684,0.198227203701293,1.00867425853989,0.0108151870823694,0.191223408872722,3.9368492691367,0.184020714166627,0.167497645708706,4.18220533158347,0.0904086477803875,6.63108920842385
0.132315004869185,46.8492362776105,1.15117716939643,0.159225949072106,7.12382395041967,0.122108569347609,0.142894639951032,25.9479782891666,0.271008015580102,0.193123895978545,18.2627170853981,0.839780089723509,0.195534141028511,1.017423759841,0.0142728928584888,0.189069576230932,336.419933341034,0.978376033532884,0.163007764675662,30.3997993896586,0.39297495579367,0.194380533146441,1.23033252636976,0.0370925265925016,0.172289809851289,165.216916923537,0.36927533303758,0.197323449512638,6.7058929175172,0.184264483449988,4.36033006931276
0.17430255771382,50.0289787194642,2.07943888179485,0.220459906091527,4.85759838400825,0.258304760807694,0.190749915724402,15.5434666953568,0.58506174221477,0.183940946912039,16.7034315396448,0.71607437114827,0.102126049846609,1.01158236655188,0.00166401269877968,0.187838237263283,6.61005466738882,0.301493217133441,0.18585439207271,17.4908414355252,0.531651937039868,0.188591015082716,1.01449885892793,0.0279907104353188,0.197795203433088,38.7165788401476,0.610129145314385,0.198732591180179,32.7626366009394,0.253663420377292,5.36547219896467
0.192727195198899,66.9418550279182,3.13262811009493,0.228695726025874,82.3149786192126,0.834747752475393,0.17153607963383,24.2156440378081,0.502316727878402,0.191924008915562,31.2877147471334,1.19630417559214,0.198238348972599,1.00288309926358,0.0106818393975948,0.196044597571181,367.825141194096,1.16775389821496,0.147415043011293,9.39167782086193,0.206485359376018,0.165040497865786,1.017423759841,0.00503851545639384,0.193469500552543,31.6501005279053,0.533063571584339,0.124974178676704,1.00867425853989,0.0167983615948652,7.60581831166503
0.1879597294225,129.828154893547,4.72250343002072,0.243620232070114,30.3997993896586,0.952665837044477,0.197970067123163,23.5284272689873,0.802613861272095,0.198375278593784,49.5933968601569,1.66600292674105,0.15461146523156,11.0347040567755,0.0165153733499201,0.101682845111139,7.02201277776474,0.0745743523969133,0.176191492761558,13.0400368809022,0.396317403376869,0.186958681587573,1.86237664548846,0.0366600838886337,0.187719610551843,27.8042399468639,0.468440127490754,0.194388899211578,11.2269700901773,0.202070127185058,9.33836352276649
0.14969935555707,95.9252483265238,2.16970578169266,0.24155969404455,35.9243440670047,0.965531227501979,0.157554267964528,10.0057595601981,0.27941370900747,0.19279549034624,86.6930926644114,1.79396146053116,0.168575134681522,1.46231609576324,0.0203090839764149,0.16384642950162,4.63891702142887,0.180272251236601,0.174793361229689,87.4450909638054,0.588333573615934,0.198970577726871,1.74305193613896,0.0460204056110451,0.197620700221759,10.5683211343905,0.401118849797833,0.132345397313767,2.90145376159538,0.038585389710811,6.48325173268191
0.138258937108638,43.8715919447992,1.22077890490026,0.237240082301906,8.73947554283164,0.470785647469175,0.173072848010795,25.3571841881197,0.524932232250279,0.198486979548108,169.06628675843,2.34447039275008,0.181066730631081,1.01158236655188,0.0240556603332565,0.199741454730872,10.4172824260824,0.492557494930797,0.152384490272355,5.35713058780925,0.171197232790421,0.189896604349263,3.24621921773864,0.0438809065497096,0.178396933755327,10.690727303607,0.292289777443471,0.173223791011438,7.6115020308696,0.117045788972989,5.70199403839044
0.193854582225134,208.54632780717,6.513138453946,0.21701714575802,9.418754960271,0.38620313453674,0.170631610044126,18.0017127911777,0.451609053433215,0.181032165909867,44.1988889941343,1.17142026718227,0.152264269670916,1.00867425853989,0.0104705987209782,0.176673397367953,26.705865146348,0.549002295712118,0.14548286019895,4.49431145638251,0.139338551222859,0.194952632592665,2.79486986091936,0.0467620292264713,0.198711132333204,8.58980877761041,0.361828199972487,0.148843667291022,11.9266679922861,0.069774812554258,9.6995473965074
0.190103493902994,106.613332696677,4.34179249034534,0.22962565360465,174.506035686439,0.894118893281004,0.187235940285826,69.8571804408421,0.871882946636314,0.198794971196352,25.3571841881197,1.14333241784179,0.146566270480131,1.00867425853989,0.00406928736897698,0.149674406009064,23.6642924260888,0.299261468865981,0.181858059784912,8.96887940476934,0.352167590298834,0.198765972759632,2.3787241732935,0.0495703801722077,0.180807475348588,3.4784466459882,0.151785073212883,0.185266226260845,2.31788173275986,0.0924577468365775,8.20043829485991
0.1957431974165,471.880061391145,8.64997746615019,0.140145277123793,62.7985313829376,0.0935398511191843,0.197915280128266,12.3814980416064,0.555644560379032,0.194322013547115,23.7325189301555,1.0383743535637,0.114219963855666,1.00577451078852,0.00360933342361625,0.0728538966415406,1.79913505645155,0.0229797399215028,0.174634636367887,130.475473686424,0.594757478859028,0.196923247682495,1.00288309926358,0.0204045228519753,0.193814007107788,26.5525372336299,0.524227378350287,0.192110769402928,12.0301229939707,0.194521506107333,11.6980361907259
0.114360092671025,60.7489870966869,0.892246806689342,0.215202943703855,14.0940971036004,0.445897719325148,0.120687749175535,6.24020417473294,0.114955407589928,0.194123394105662,241.599356909666,2.16980505196016,0.192884595611536,1.09335121002246,0.0306350850155997,0.199022854173061,32.4808889723873,0.892954066071795,0.15880391501195,64.6327467909754,0.387845013424927,0.187106470301008,1.65502554408647,0.0353896273141289,0.136158215575263,5.99369202303595,0.105618512318353,0.179714923111314,5.70741049859425,0.126097954209417,5.2014452439188
0.194874699418578,87.7999191032458,4.00125331740932,0.235203272504106,34.1101179217553,0.833395735785824,0.198671174155722,13.3823268507784,0.59213671554068,0.199838611002716,32.8570945343963,1.37195676755284,0.169038261330064,1.017423759841,0.0189798714753525,0.149845070004478,17.4908414355252,0.282353249710196,0.173786315906744,8.44270511134198,0.305750307487815,0.194053755950483,1.23387969717049,0.0372061916515377,0.116136025623971,3.31230280598519,0.0568299476281215,0.157968785643508,4.92802801770652,0.0775065044068821,7.57736860864857
0.195616030806018,110.644803823658,4.74126851649859,0.226995285518722,7.6115020308696,0.383718391346198,0.19125680935066,8.84069935203988,0.401841978383233,0.137702446081032,5.5136013085513,0.178765434229794,0.175986872189864,1.01449885892793,0.01595380061721,0.142958219370408,99.5404271062777,0.292666292912791,0.199903233039442,7.4382002633935,0.363651787961299,0.189816630544852,1.23387969717049,0.0345558551122952,0.191594070708141,98.4007139681323,0.592671023376604,0.16328664120562,4.84363370723389,0.0866982121832798,7.09179129262129
0.182697523333822,691.809483302502,6.84006542377202,0.183940179663441,2.67674439360146,0.114877237086905,0.198008600259348,54.5361117673544,1.06356638282553,0.180512785421473,32.9518247994517,1.04033802922822,0.196449736001775,5.32637338722108,0.0456774217613576,0.187068839489829,84.4756773817437,0.847300003637159,0.194773352816634,22.3402110602687,0.686562977912095,0.167329451581928,1.01449885892793,0.0174014584363835,0.177239428794569,75.0704237295268,0.41360236705484,0.166350642550139,1.00288309926358,0.0271715947073328,11.0965628964218
0.171627664124589,141.035284108921,3.77460239700988,0.19664122383195,51.9312596738742,0.378151927245927,0.195793020500401,20.9088468955437,0.73341954324838,0.17033001039708,24.0766133741283,0.76094986618756,0.197821980984655,1.28093437865255,0.0358828241706688,0.195241474085657,52.0809826503965,0.956500399699305,0.188916889020008,71.4847748067636,0.800196217044088,0.196814295233517,4.77441020717598,0.0531762091872705,0.190020296581564,20.1988354669711,0.447718112724377,0.168443724222859,2.96051892720402,0.0812943432072453,8.0218918397247
0.184120508724616,48.8992212562289,2.19853398109145,0.160819444954882,13.3823268507784,0.143102617560453,0.183477584739848,38.8282025800898,0.724569697861663,0.161012246831768,663.675046422987,1.01250831659466,0.195107776012001,1.00577451078852,0.0178998240347533,0.174847828095253,44.1988889941343,0.593606400029108,0.196694065438126,7.6115020308696,0.362281001998415,0.167145434141667,1.30325307163827,0.0222236128286685,0.164446833177402,43.0683803351352,0.28917802430397,0.178894082075331,27.7243080148432,0.157354857617705,5.52125833392085
0.103110156475842,46.1851870064512,0.632725855498631,0.219032530775141,4.31676880609627,0.230214268763778,0.180258545607786,5.72386552959968,0.251228411400408,0.19640917889929,235.419786083096,2.30628069471965,0.142550072354908,1.01449885892793,0.00830001568640679,0.19499832809667,9.33775684323017,0.43122626131231,0.156676754962393,3.37001557459736,0.126228430233343,0.185361886892194,1.00867425853989,0.0256739635884755,0.185343171184553,22.8607130534172,0.424292175880728,0.17784998195901,1.74807732789242,0.069730862731015,4.50590093981475
0.166458844847369,65.4301699554588,2.33433209967601,0.225466272843401,451.246247503775,0.819690803370335,0.12499977371529,6.96162583541039,0.130405675540767,0.0816368547579634,10.7215497316231,0.0866015023624678,0.183279881716469,1.01449885892793,0.0122201219170432,0.142617402724627,15.9974592566334,0.235688750060631,0.169072249315735,19.9101608535235,0.40697859629657,0.170697382071353,1.01449885892793,0.0193543735589315,0.184024916522327,7.52435222533039,0.273573026246506,0.189101729991012,3.46844676966084,0.123229563559788,4.44207451258905
0.186016906748361,154.527776631657,4.99503110311505,0.243682059716449,89.2252188596224,1.15800897501212,0.198366947519722,40.308937459768,0.980204752563273,0.195236577930428,44.0718255463572,1.49612544011733,0.191490979813117,1.95017021036364,0.0354476867116353,0.17842213714846,7.18561784115829,0.297151386277034,0.19510824290888,17.7444386780296,0.621525855349057,0.191059330438955,9.83440721077889,0.049346462150756,0.193288652121667,21.0295852575175,0.483592908144508,0.144340365193222,1.00288309926358,0.00507932198936763,10.1215138914301
0.156883174453021,44.3754981079297,1.59075832014053,0.196881058261663,28.9477893633602,0.366031122964344,0.154572312124332,4.41734470314007,0.159424201543385,0.179044678019368,28.6988481348414,0.953013554426998,0.167444074647297,12.66997313217,0.0230859988533837,0.171439833790249,6.24020417473294,0.248876800611526,0.146678802310329,6.862132740856,0.179440225711431,0.127092895044748,1.91126246166401,0.00891750819139702,0.140534761038161,3.1450272019994,0.0877733233119238,0.199462420887767,9.02067029565308,0.209891322308432,3.82721237806335
0.131364748926464,371.257156839999,1.84049926717072,0.209236487480977,119.67942800908,0.536033309658491,0.129595434271617,20.9088468955437,0.190566102338943,0.150467475369531,39.1650084479089,0.610509202504022,0.18288525775974,1.00288309926358,0.00333898597940847,0.175671471586217,11.5882005855279,0.390730006247371,0.166854421099212,11.0665182039154,0.316006498879571,0.191079603218763,3.90299369276608,0.0452169642559324,0.190233644313464,129.726367378442,0.574454984746019,0.193848706399703,1.96708649096514,0.0902918239199117,4.59764714570039
0.129277118524933,28.344528388905,0.805903440750038,0.247302488505453,18.6882180181159,0.842245115392845,0.197443280973419,30.5753433592029,0.889707203914305,0.164481114457277,36.4452060637106,0.802176035768023,0.19218223899022,10.0057595601981,0.0431741908333042,0.188568888202314,19.682194462711,0.620069215998958,0.189000251036416,11.8923810771604,0.462158519230525,0.140349643196387,1.27725193454067,0.0119998247063868,0.16063128333004,7.20633469066447,0.182188512663149,0.199036640227294,1.55793070570556,0.0762540370716002,4.73587609632914
0.199365212557387,396.455051880398,8.82517119945902,0.188049343956857,6.88191695070772,0.209861458887181,0.197854712545655,143.892947870195,1.21864309062247,0.185413855254416,17.3404260963733,0.748646637981668,0.198692711936224,3.37973166401872,0.0456417834329831,0.184950912077552,8.34603823722249,0.357848834161004,0.169164206706449,20.5507751252155,0.412566311917044,0.196224040787377,1.01449885892793,0.00677149732890303,0.198730446903894,43.9451273819645,0.640082940864411,0.17667946527252,3.00344307348301,0.0939112263020973,12.5591449809568
0.194546799023749,73.766035760343,3.46032924724904,0.242841352421828,52.6842036818354,1.06225062958261,0.18201286480735,105.136965683063,0.818117617842662,0.0963108393703413,3.02078648791353,0.0645801567823093,0.165425621215873,1.07153781450759,0.0176797175780267,0.159908894367614,9.17784428848941,0.270489141440197,0.19010285170375,23.1254942116391,0.635598182564412,0.161514525303658,1.00577451078852,0.00389968346913946,0.12248184684399,36.235961115318,0.0960291287421011,0.169747450253396,11.8923810771604,0.116213703234731,6.54518720848523
0.182189133141013,277.458943903645,5.7578530894252,0.224418155875222,4.58580257506987,0.252166834671914,0.189814224531966,23.259032627454,0.699154253249533,0.188984438427018,46.2824514344805,1.38871627741367,0.0943645450841392,1.00577451078852,0.00220665800588124,0.197939158861074,12.0648070327153,0.536408337057388,0.173296861121012,8.20310923201435,0.299134179784668,0.139653053108215,1.00577451078852,0.00328494431610709,0.153786896953988,6.90175820040029,0.15897256138444,0.14293313667848,27.3280820090234,0.0627626126964761,9.16065974800528
0.114919213276031,84.6008277172638,0.980980805881926,0.242322013379984,131.607251678295,1.15980901346946,0.148694634918554,5.62584220609726,0.17745083861214,0.193323402745392,133.515406654271,1.99858696230302,0.148541784017642,4.95648496866088,0.0139830054826492,0.163482581560159,9.44591016576076,0.29232426280305,0.157055470810798,5.11596107896008,0.17649195192939,0.171243718332121,1.00577451078852,0.0142644295185262,0.130417959300701,4.57261925984919,0.0860461025303149,0.174801935887424,2.36506706799381,0.0804548520560858,4.98039222458656
0.195437836707708,196.97146297715,6.48347420875873,0.227355972880751,8.32204495553973,0.409894115786867,0.19914464251267,16.464712003024,0.677937139498415,0.141547628344772,24.5667432445612,0.449950602236549,0.130156588800409,1.00288309926358,0.00629063929071269,0.174518780552173,19.6256118755653,0.484725349979882,0.0857219125736985,1.83048275359669,0.0294457394824173,0.0856157469061176,1.02035709353375,0.00141360758924831,0.176908743925333,6.01097243209366,0.217902364507253,0.104519347116352,1.00288309926358,0.00384589854047729,8.76487966567055
0.142848863441925,105.402684530271,1.95644510009704,0.220461861565254,11.4225861207707,0.440537469229629,0.0792692991727416,3.36032741709575,0.0359312472775781,0.189689595971879,45.8844379566866,1.39991131631664,0.193372107077077,1.017423759841,0.0208308185053249,0.158440760019948,22.7294615325802,0.363328002889588,0.147094100428945,6.68661474347447,0.178693562572937,0.154134794765804,1.00288309926358,0.00670005839494601,0.122867119295837,41.6058873339274,0.0983745636064005,0.153360523201342,1.3686237465133,0.0431161066626372,4.54386824555272
0.191028612163379,109.388376269211,4.47521997561374,0.231132833185014,119.67942800908,0.893467504064509,0.16605832384895,36.235961115318,0.489485455552922,0.129633950665362,6.11570617216135,0.17910959888069,0.102655967401836,1.00867425853989,0.00300913166606745,0.194941099714563,45.3590725519368,0.913024028149672,0.179765269332581,15.9056121278034,0.457374251061704,0.184458167577103,153.743477178051,0.0446776908294256,0.137323505221411,7.04225793763313,0.113683873984828,0.147485990256638,10.327697309498,0.0666499123261239,7.63570142212968
0.164546388428823,46.3172395698592,1.78271421385187,0.171720036182028,4.46850800867783,0.132592237594492,0.132167557289463,13.0776326016306,0.184546203147552,0.186119878372298,61.5456410122568,1.45616715461166,0.185023819996053,1.01158236655188,0.013353937769256,0.150834293264082,10.1800975118018,0.243389408490354,0.174698701646724,38.3836293157633,0.527245453679332,0.1538386067946,36.4452060637106,0.0199075760629494,0.144665654923827,1.48779514022745,0.0512409432798324,0.124536474650932,1.02920793476607,0.023169990242196,4.43432711872949
0.197275391686723,303.136020695813,7.84336615422047,0.108660673871738,1.03813555048354,0.0215160610001697,0.0715308197688528,2.18818996107018,0.0251135656031092,0.189394415790243,57.1069771602846,1.51381334919471,0.109211663036808,1.00288309926358,0.0026667312672124,0.197587133747262,13.1531495321769,0.568382240994229,0.140524827085234,23.0590127888488,0.220216258084218,0.151768692683479,16.1827476936424,0.0184769605531465,0.162731217197394,8.44270511134198,0.201365392154977,0.196651806716562,3.0557743442915,0.127426386733283,10.5423430998055
0.129440002164405,71.4853198628063,1.29669183097746,0.247322698299206,20.7290378618468,0.879882161126642,0.136742053882692,7.69966123740149,0.173016204116377,0.194439362218991,114.621164452844,1.96753519880137,0.192297472551919,1.017423759841,0.0129518344083334,0.175559039732514,14.5475781084805,0.434621927196039,0.188207281298172,14.5895202202118,0.510152930470606,0.195512184993168,3.12697047724319,0.0486284273094682,0.19081408540207,7.2688443008963,0.293500682933163,0.194807254532654,4.65229147967714,0.152792670478761,5.76977386781822
0.149633427366259,3771.58440742578,3.18704899379116,0.170950246866048,1001.72886342651,0.216562119504326,0.179373194776437,7.99329205722658,0.330732225054183,0.138428334965778,24.1460286404166,0.418774982866175,0.192717863532193,5.2653877364201,0.0420183793569359,0.167434638281174,9.89119610131619,0.317056345215594,0.160441900932099,4.65229147967714,0.171976922224613,0.194412691521024,8.78994173863968,0.0526905736955064,0.183279488358095,25.2842870786632,0.414979758721252,0.166710057576777,24.2156440378081,0.114446347324138,5.26628664775388
0.164197671966185,79.6774476964939,2.55038382433092,0.242428461285618,22.2119479273284,0.824413697961157,0.199914664755195,212.85410025597,1.30420654322243,0.180593990179518,43.3170791620244,1.16511350576615,0.17576483545269,1.00867425853989,0.00835351097096178,0.156562508732696,21.9576266468948,0.347008648087306,0.149008580114999,14.053579239644,0.242900225708825,0.146199022205043,1.00577451078852,0.00512972619684586,0.158903662294384,1.94456383978917,0.0744463392904134,0.122212623346396,1.00288309926358,0.00467170420614272,6.52662772574115
0.186993132292946,80.1337261519219,3.44073292437757,0.215732670796909,3.50861959151272,0.1864877561767,0.189903660868495,13.7336016436691,0.54051069211112,0.167021122044175,47.3607809164382,0.920306359537439,0.188382682154834,2.35148837301477,0.0344221877536911,0.103113277758618,8.89175006582625,0.0813823990887059,0.19441765962583,104.533336801941,0.936671981809065,0.149428846377217,1.00577451078852,0.00655396605812018,0.182266037457676,3.42873391662958,0.151441338563656,0.16980426333376,1.20578622343754,0.0483168611088475,6.34682646658491
0.170329218037431,3088.34994020008,5.44072661035242,0.185329974944282,63.3432620800787,0.291491315811224,0.161484095818206,7.04225793763313,0.245178763420615,0.16870747758243,14.9724828208773,0.558234591623023,0.182317670074382,1.01449885892793,0.00702620075810649,0.193600634380661,10.4473164853735,0.463640401812106,0.173688717817258,30.7519010092932,0.491741215817562,0.150798541426832,1.00577451078852,0.0136275386183017,0.0986512456883438,4.95648496866088,0.0415584994694193,0.193785943075549,8.27426512232383,0.186122279044693,7.73934741672747
0.169371120053084,67.3252022246303,2.47451107377482,0.139860572441613,4.58580257506987,0.0725122675525285,0.185792972093649,6.31248050684326,0.285889453456471,0.196565827187811,14.7585013912184,0.711937436732201,0.142704525690564,3.99392909131044,0.0117992197690217,0.166054422071112,22.6641186288517,0.425346239926026,0.186399211365802,78.8359274288079,0.756539417630948,0.18307801091902,1.00288309926358,0.0168820854285782,0.133535990647354,1.21274904899342,0.0381399966436738,0.18660473031663,7.06256146630704,0.154388828975059,4.94794601988933
0.176807260392566,143.472130900266,4.17276902956473,0.214894270957568,146.822190068835,0.631292428838412,0.199951853560441,43.8187934508356,1.04100449498301,0.143949397894954,13.8129064745256,0.373333800209818,0.161576897598113,12.169460288151,0.0201643421575602,0.100785458715199,1.78366310156055,0.0390565234703168,0.199032813165512,15.7688292262238,0.625054072013855,0.186697329245505,10.1800975118018,0.0447912042951759,0.199742271300575,24.8512842698056,0.577812949466218,0.165677271135784,1.96708649096514,0.0640611577023219,7.58934000270142
0.188530240273221,115.486295464133,4.47425062692725,0.162257166870086,1.24817094410403,0.048885140140056,0.153971666065033,55.4863358814509,0.391786753103115,0.163066527595478,36.6556592993152,0.781781088313366,0.194469413615376,1.017423759841,0.00988717768511452,0.198983596684493,29.8791915321589,0.870460355114122,0.195891150920599,24.425696794902,0.724267372989697,0.10523133632065,1.01158236655188,0.00284426198866121,0.198947314985017,14.9294397640879,0.476025757231361,0.198634193377993,4.59902389909696,0.162235620820644,7.94242415431339
0.150807707867334,242.616606199075,2.83229725474491,0.22760834256466,9.02067029565308,0.433504359466955,0.133426079622664,4.98510624458552,0.13086402342369,0.186693158845662,24.8512842698056,0.978789982826948,0.182783218590585,3.74881037659201,0.0319724853810465,0.198363445471923,218.441340861964,1.21737795903194,0.128405197341247,8.84069935203988,0.137228056339017,0.131523640543278,1.00577451078852,0.0025562935945687,0.191339169995066,4.61228334151361,0.211750692663397,0.163941315559327,1.47500060364494,0.0523620331610868,6.02870314063356
0.137090493243956,32.9751828015312,1.00217745187236,0.1757978856098,28.6988481348414,0.220635098477088,0.163895177946587,4.37935702804035,0.1722747144217,0.185201074463991,258.138607659778,1.80331837984226,0.134367521030787,1.01158236655188,0.00207186091414637,0.188425803309537,37.5096952649555,0.767097838253779,0.18230067702333,9.5553161597167,0.369034166251724,0.16583768533102,1.017423759841,0.0027920022412896,0.119241670534937,1.17833239331668,0.0322764154717234,0.144240636741778,2.12609122719942,0.0453705297557045,4.41704845750177
0.177097632152232,440.62845895929,5.58778955764215,0.207565931538739,37.9441463047634,0.472873135392782,0.13491631684214,3.84721348715026,0.113884034860883,0.149849153989608,13.7336016436691,0.406857579019603,0.168990517253065,1.00867425853989,0.00624432155128356,0.179112745889371,12.6335493553273,0.430696283061321,0.193635825043289,10.6293480187976,0.456308497517392,0.166922223703939,2.03623175886238,0.0241706066004782,0.195482864914707,14.9724828208773,0.451564880915108,0.191498300935316,10.0635379267258,0.182973638911575,8.13336253547258
0.174517311590405,40.3854104341511,1.71308770097382,0.249848065631365,43.3170791620244,1.1793276122227,0.126865551253813,3.86942926293753,0.101555475970892,0.181573223939359,58.9444080505326,1.29861223182689,0.167282232129817,1.00577451078852,0.00949642571565288,0.171389773781691,5.92506573979369,0.238719133344828,0.125925568411173,2.74700667630971,0.0758661594196939,0.170339193286521,2.81100886708374,0.0273363310799258,0.174690355969277,18.7420980057214,0.324237500219962,0.175394976148514,6.76406156642458,0.121668719595019,5.08990729036938
0.182101785891715,254.682951548058,5.60755443380047,0.244852183319533,11.3243557313592,0.613096698320163,0.182424340200232,5.32637338722108,0.237104554759702,0.190204547877823,101.274795602648,1.76787100256628,0.193367738991208,1.017423759841,0.0226570882823875,0.147054045354315,5.14550325140415,0.160995534342611,0.198697875105502,10.5076446271293,0.476546348088398,0.185109192990511,1.23743709481674,0.0316226231016309,0.153931311884123,35.0054797479944,0.21807265995676,0.175802704899164,15.4987821679022,0.137388025507411,9.27290896872582
0.149023148654472,108.7655229244,2.22771761994479,0.186857419038788,6.88191695070772,0.206225339547797,0.118658352947855,15.8142923261533,0.139344069887853,0.197022319145926,222.247410324489,2.34488383683422,0.18191483750988,8.84069935203988,0.0328136227214475,0.178924397845145,35.2076192684563,0.612527263463711,0.193181177004217,17.4405585739443,0.599314189463665,0.160130072785621,1.01158236655188,0.0124705760009624,0.185035537170901,5.43480286846039,0.226599334291692,0.186797103028517,12.169460288151,0.171294611365522,6.57319046352166
0.17187490833265,185.508627545747,4.13164670912367,0.159335883532718,1.47076025583445,0.0552991128139435,0.10000221549792,4.69264665877481,0.0661008205533819,0.184975127369943,86.1953566475303,1.53339708443453,0.156247361601079,2.2071708865269,0.0161976249062035,0.124948301734046,4.53329627591397,0.104872363065293,0.195765984588269,7.2688443008963,0.345346287082444,0.142464466241745,1.00288309926358,0.00392582130219103,0.187114054229721,5.37257572706184,0.229599299859508,0.13020256712736,34.1101179217553,0.0449221916020033,6.53130731474317
0.146225661529288,449.523371438263,2.72047315101675,0.215308728306754,26.0227888862634,0.529907817013014,0.163242832105363,28.3702534600969,0.437184259990457,0.132928370616907,10.0346071582177,0.260765211937699,0.164114548987287,1.00288309926358,0.0154518105595828,0.192453002449776,7.87905475386486,0.365261933535354,0.19940339056685,11.6887196334189,0.51862846937996,0.112575899038256,1.01158236655188,0.00262528483584109,0.193737341870009,40.6585876047624,0.564727443570562,0.138851638242389,1.31455782572457,0.0334506846489886,5.44847606648821
0.196559378816179,994.172308130389,9.7267787017417,0.227219619134688,23.8009421380058,0.653957989905162,0.192038991015441,27.9647958304035,0.783953229747094,0.143482839041769,113.963083398268,0.609240032138496,0.188815035650815,1.00577451078852,0.00660891389560746,0.145502209729708,6.36723659478765,0.178334542796754,0.187931418073124,20.8487379146156,0.593662877766056,0.1694621587044,1.00288309926358,0.0172580426793825,0.191345617377827,7.87905475386486,0.312028774811898,0.0811487378744068,1.54453302690677,0.0092149265093408,12.8910380319915
0.199148292849745,2243.11107954246,11.0639539788153,0.166728211015845,5.31106107095859,0.130991040535102,0.195823472966463,74.6394176073048,1.0766971617208,0.181561572918775,29.6222405590191,1.00393200998954,0.150450193343795,1.01449885892793,0.00913077666287233,0.173338263494781,22.3402110602687,0.487858304569429,0.135329236744301,23.6642924260888,0.19464823960983,0.173414296805454,1.017423759841,0.0154322215523871,0.158409704064839,9.07276025359497,0.190777792909805,0.181463703951595,3.09116744284691,0.103324670398753,14.2767461967638
0.17550922144243,46.9831874889221,1.9891650339654,0.203617395455148,57.7684111024247,0.451417629604077,0.19760991653824,167.612373694519,1.20884300599355,0.0729195901891215,8.91738586389294,0.0650679885127517,0.176704830635262,9.07276025359497,0.0289122862385213,0.179346171126335,16.6075311717231,0.491821059837598,0.178381566356148,7.81129753947542,0.307842235157035,0.199549946859028,14.0131778568844,0.0613614776501249,0.198492420726691,18.1578643020893,0.508723811133273,0.176409217000545,1.4920846013006,0.0610641215772202,5.17421864966955
0.199766621482074,320.034515968508,8.44559036906727,0.225220009898486,18.7420980057214,0.580238095259022,0.167614962368791,31.1977684837926,0.491130416047711,0.160151941868772,7.97031285410644,0.306669579331778,0.131811440982267,1.32978351631576,0.00827065251928921,0.161964942621033,9.72180569368846,0.288594562972941,0.175564317358617,9.74983462452457,0.340957803810079,0.13300384840477,1.00288309926358,0.00613060723905131,0.194056340275045,10.5683211343905,0.380777102421476,0.176838201585443,2.65372529430481,0.0886487229709826,10.9370079116396
0.176252919539861,61.9753194236718,2.53777042986059,0.242923876812311,16.2294041616006,0.725593992774451,0.13850875336152,12.8167214051892,0.212652644146635,0.197266708843657,21.6438160118766,0.996886954266529,0.173336929954469,1.41673238639154,0.0222237289573586,0.199160524372351,29.1988899724563,0.867052234165436,0.192301276958753,23.9383809351586,0.670233998179102,0.181391192304182,1.00867425853989,0.00241822460694391,0.150091214836004,8.66431899975565,0.159420287377023,0.179626958566285,1.33746236557711,0.057647552067411,6.25190004640148
0.174639293412097,76.1195171573592,2.87343350775659,0.24790864188695,37.9441463047634,1.09522799628431,0.147271996749447,5.97646129188652,0.181595931524315,0.185977676433595,39.5047358569031,1.2209653027063,0.157846005291948,1.01449885892793,0.00847724055955735,0.111920064118138,8.54049161663095,0.100316607686535,0.166398862615736,6.61005466738882,0.23788613316101,0.195742071304612,2.15071639511557,0.0451535641411325,0.149217426541418,4.7881753057283,0.126118532769991,0.0944482030926845,1.00867425853989,0.00134327900270309,5.89051809559244
0.162094747009013,40.9660706869833,1.56979135194034,0.205249465690554,44.9689998212073,0.457668084591745,0.160287568589819,13.0025492407616,0.328489144175419,0.159781725974976,9.61049343596866,0.361876103494044,0.0861499462814973,1.0232988843187,0.00180088513741479,0.126912079408925,5.02834834499989,0.114189411338919,0.126788906340675,39.7328563803063,0.164694205312651,0.160189470826083,1.01158236655188,0.00252848878974991,0.157512708352025,2.07768351923393,0.0785308458335574,0.15391156541215,6.76406156642458,0.074448700178371,3.15401722079221
0.142436250027151,53.7304753624608,1.47180766346725,0.240347754547473,138.208621011607,1.11985202808329,0.158884574364166,11.4885459675579,0.306047292679972,0.139893132442754,12.2397329678754,0.32489200394806,0.179278683119888,1.00577451078852,0.0229512246403595,0.092939706917095,2.0538945595859,0.0378547436154337,0.149611625996454,15.6782947440786,0.253254912183222,0.121352024523936,1.01158236655188,0.00705020616884954,0.181840012609567,14.0131778568844,0.345638111599227,0.0825261103977156,1.00288309926358,0.00498715142574379,3.89433533781141
0.19590542734586,67.3252022246303,3.21952182373834,0.237345526045182,12.3104114379469,0.582501395554279,0.161944556216469,5.17521601544173,0.195777177167027,0.191058916978697,71.4847748067636,1.64772553148335,0.11974969271185,1.01158236655188,0.00139501478553131,0.17846248339373,16.2761951447872,0.482013908532656,0.1752986365324,62.4379825789225,0.568683348379944,0.163244815133761,1.01158236655188,0.0104753508874611,0.187322364909956,3.60071789654471,0.164716151560869,0.199735608358563,2.16313573014221,0.102656508738598,6.97546621082805
0.175292994364772,713.881440029601,5.78682741381074,0.18532487665526,2.57841511385935,0.113085445630543,0.179041576994489,75.2868592128977,0.730894435845308,0.175085091753435,15.3213249660846,0.610868741617676,0.184996757582061,1.00867425853989,0.00636381932836028,0.19206230426698,6.47817779606607,0.304329337026968,0.185975321345488,13.1153367145537,0.468172294709451,0.198210259248305,1.24100474879353,0.0395624771261075,0.163840338939416,2.51246502599404,0.0986872800439075,0.189545290028933,7.81129753947542,0.166343614639035,8.3251348597781
0.141879796013481,100.12265545125,1.88597492996682,0.160664081639139,16.464712003024,0.146023395397063,0.164407495930054,7.28980110054726,0.259806705963864,0.180283299561982,101.566780891269,1.44733607481037,0.152629620163396,1.42081696649143,0.0140498664687318,0.133431525979824,100.403866506169,0.226303253367156,0.181046555472954,58.7749540238697,0.64739364425922,0.0776202349029676,1.00867425853989,0.00122554517722651,0.158879560146346,15.3213249660846,0.218650167088815,0.192495659254892,4.48139116082693,0.146719054687012,4.99348263718628
0.171924538665417,109.701139222652,3.39381179219396,0.230316048108148,2160.64613910014,0.951082065829183,0.146338039588192,9.47314366240347,0.224925620196915,0.136658010917867,16.4173790695188,0.351611899979658,0.103868986027532,1.00867425853989,0.00325489691136239,0.193755786542029,132.367219172958,1.04587993954256,0.199432653934205,32.5745345994639,0.84133454021811,0.185282652188877,1.88937898174206,0.0358044641411946,0.133035706305791,25.7248344244728,0.124430666910613,0.19383953334438,10.4172824260824,0.196410896986492,7.16854678291005
0.121659948741771,45.2713008275569,0.9349145451979,0.249571192362967,6.88191695070772,0.425615972241885,0.184728017450529,12.2045460501459,0.471022999288505,0.135161795899776,4.80198009042612,0.153126273564494,0.176375533841893,2.63848930932274,0.0267881202863836,0.180555959999161,37.6178394397509,0.651144082421063,0.169319662962474,4.01699207793678,0.164376580969349,0.174669564209536,3.94819959636536,0.0314434148350958,0.193029648780086,6.33068001474387,0.2754098347543,0.194712477099593,4.95648496866088,0.157534273510656,3.29137609706963
0.107529375453769,57.7058348295407,0.746567334646866,0.239198983182734,15.5434666953568,0.678010417208213,0.19935148518349,14.053579239644,0.618488378905656,0.184727416505805,123.17501693521,1.63650212039629,0.180366584036443,37.7262954049369,0.0325592320785685,0.199882790178139,24.1460286404166,0.813082094487043,0.125558632865949,1.91677282105974,0.05605940257478,0.198095364971958,1.00288309926358,0.020737029494841,0.185389010439419,21.3959997006003,0.4140242033705,0.158479675817183,1.14489244934213,0.0408596576891448,5.0568898708519
0.104612742636098,321.867215921273,0.872649852497551,0.244691398723218,16.3701822092467,0.74763043012474,0.196620520248487,11.0665182039154,0.505170751956577,0.14979514397724,9.91971340151178,0.330550305415804,0.181783138447669,2.3787241732935,0.0293090797828451,0.120316109765184,5.85722521042959,0.107724217280253,0.146301412486015,3.71657187129828,0.123218904675591,0.184175674429126,1.32596064017055,0.0314444618669176,0.191967618317045,3.79223047250718,0.178188888207339,0.179532046288417,1.30325307163827,0.0562232199533927,2.98211011176101
0.146671414674523,48.3439459350739,1.47364310077202,0.244692320238025,6.90175820040029,0.414124370121887,0.154199927372205,34.8045007827355,0.375044118936571,0.168283815406732,35.513019260565,0.862071278573411,0.178226492816655,1.00288309926358,0.0154586716050933,0.199711349909091,167.130519815916,1.21301333555915,0.181096860144929,20.9088468955437,0.525165301347161,0.149107114610947,3.61109912366059,0.0164310508446141,0.198646233098051,10.2094477434412,0.399021080302578,0.190581497497422,52.9884291843805,0.215207375537524,5.50917968360001
0.183200304373615,75.0405858042455,3.14130374707278,0.17376506360035,6.45955425993623,0.159538929634782,0.186636226506341,13.6941201359897,0.514305324386229,0.143218740406401,6.27623830106248,0.212356010091156,0.162100763244798,1.01158236655188,0.00667801448457635,0.175636832706265,15.5434666953568,0.451190255785845,0.196826566011899,8.25047817477399,0.388670242716145,0.193250302788593,19.3451295709733,0.0541196517117937,0.144452205251636,12.7431360287119,0.151829764466172,0.196898914394982,17.4405585739443,0.226342107207222,5.3063340475567
0.18063580183518,166.435346020772,4.71165432908229,0.153186895547392,2.23917234584048,0.0693268603589385,0.173288825659398,32.4808889723873,0.564522795910589,0.14120303052188,41.011270705513,0.505936091353997,0.134865339417496,1.01158236655188,0.00833267320122255,0.197974321457899,10.9398093223365,0.502814693823984,0.168072199666589,12.2397329678754,0.335619364344528,0.17130928711756,1.00867425853989,0.0166814529285206,0.175357427634431,4.70617602490094,0.182850096739556,0.152370026689437,1.40051115285914,0.0432194520140619,6.94095780975769
0.145966342727525,26.3918716150519,0.914294110973123,0.198144340143754,2.5933041997516,0.125723993368773,0.188320119081609,39.3911672117236,0.80586128615576,0.195433382166701,171.517554999609,2.18988656957514,0.190012260158518,1.05015961695978,0.0288836057782917,0.197125027850389,17.1418825295271,0.658236982841704,0.193711384316878,21.5195511317025,0.659870219702098,0.190962723951641,1.17494491051044,0.0341105223932477,0.193852294192722,7.4811522310616,0.311973989821028,0.155548565261674,5.59354223610883,0.0752676652404335,5.8041089458496
0.175284935723335,302.271766069113,5.01011196665046,0.228112259998442,14.505756572389,0.555183675609094,0.151050923060071,18.2102152272867,0.303083387593611,0.146541994755652,17.9499612710559,0.442684488277594,0.133994245127965,1.017423759841,0.00218169342971181,0.191037835362552,10.327697309498,0.445351731291275,0.174938750465091,11.6551167748285,0.368189129884737,0.164729743678912,1.00867425853989,0.00381272711735856,0.146909440562503,12.4888983567305,0.160318579592694,0.164713663290448,1.0684573459204,0.0415327143832486,7.33245009382979
0.174972456684595,613.632162860726,5.61004693194419,0.240324016111405,1881.77910621199,1.21391057653406,0.19756447130291,136.233392275728,1.18845009648011,0.179854775583354,13.6941201359897,0.58577797595652,0.172202789643468,1.00577451078852,0.00211062474655014,0.117943928771215,1.73804099143649,0.0473717856777665,0.184862522801025,5.37257572706184,0.241759158745481,0.188488268955732,1.98987000774274,0.0381744734855616,0.187268826724237,5.41917883794353,0.231700730488956,0.162500387840636,3.35066711121492,0.07627048867172,9.23557284273091
0.198504141304144,2173.75803587784,10.8074005788947,0.246638217365372,14.2163529457634,0.72155018356177,0.179786999869702,9.15145972170511,0.365892067469224,0.153325854480334,49.166910368017,0.681077491998094,0.140352772709357,1.017423759841,0.00288284484124776,0.182275114196365,5.97646129188652,0.263534931460447,0.180535498244834,261.128463634885,0.704539777921461,0.191815525282749,1.01449885892793,0.0188613315514013,0.123333032879982,3.42873391662958,0.0669321499018136,0.14979298580127,3.43861929685961,0.0593137628378236,13.691985120438
0.0852440525390889,215.815229685622,0.482048835413606,0.208179030008416,19.738940183072,0.430588081198138,0.175540586617819,8.06262793911584,0.318169999864367,0.19611899690091,25.9479782891666,1.12454159624625,0.197616878048742,1.01449885892793,0.019737578044961,0.185952174586698,64.8190894156514,0.796223044764313,0.192479920832425,238.833104350358,0.944758964042709,0.156917254866162,1.00288309926358,0.00697445278584,0.171925910700803,35.2076192684563,0.337895492229837,0.199118969316573,2.0598161414781,0.0981709128077651,4.55910895739779
0.161023647501642,81.5182989181314,2.47279727499692,0.226606215940817,807.19180518879,0.869474704188821,0.111466700741084,3.6424227310724,0.0756454629977861,0.17069675427959,78.8359274288079,1.10557855195206,0.181987188387382,1.28093437865255,0.0260748243433039,0.199853303980132,15.4987821679022,0.646627256515293,0.188657221735053,17.8469041306121,0.562044727235407,0.16213943044553,1.00288309926358,0.00201015095611922,0.179693665584412,3.41887695499837,0.14823026570529,0.199943287088504,4.8997344482741,0.170484870508686,6.07896808939969
0.176228697350339,103.022474649097,3.52624335723252,0.193202874898224,4.71974439753259,0.187867210156897,0.191018924011646,338.362593875583,1.0957555172934,0.150842856055728,11.4885459675579,0.372583129709347,0.154073198918387,1.00288309926358,0.00344025152908136,0.164876718050236,3.74881037659201,0.149471827437675,0.155132597008047,20.9691291766305,0.30432212868078,0.194864123960961,3.31230280598519,0.048018674716157,0.191425624393433,16.1827476936424,0.436730654130435,0.136290308410896,1.25537852068667,0.0312949595044544,6.15572771039075
0.170386382972199,512.614067250702,4.98183951394498,0.249625523699392,83.5084518818681,1.31549643858556,0.0767822536348302,1.59882507273807,0.0240836842909532,0.0954465229287854,17.5918424880948,0.137977268807283,0.146545176084627,1.00867425853989,0.00813253490212854,0.1923531352649,8.29812065000463,0.381326264016132,0.182188327884759,12.5972302899552,0.433397558450522,0.175668941432499,2.50524216415549,0.0306584058938606,0.12313004441089,2.9350594625955,0.0626848714573971,0.171361756209361,3.19982540066046,0.0882448758523725,7.46384141620119
0.19724153556427,67.3252022246303,3.25054945464859,0.244942039511807,63.7090384303399,1.16304445262368,0.1365920574904,200.366658876644,0.266252637033405,0.185937093736785,24.0073976636039,0.951560064787636,0.192949065415023,1.00577451078852,0.0117145380761506,0.140993370327017,38.9401481423545,0.260712452829782,0.162060519273766,58.9444080505326,0.415362189573934,0.142662040190071,1.00867425853989,0.00321761540127304,0.164962594706182,8.20310923201435,0.208215524612157,0.182759827991478,5.59354223610883,0.132909628356496,6.66353855794311
0.169587796952751,110.32935043938,3.26068450055693,0.202619280545893,3.88058521159597,0.183392517391073,0.189527420756514,9.44591016576076,0.416544825465922,0.155531742985333,10.1508316565282,0.360449964585822,0.088163811203945,1.01449885892793,0.00179523349637275,0.187805325547095,32.9518247994517,0.733664922502666,0.179259069950013,5.16033824803901,0.223541851839847,0.128615784957149,1.00867425853989,0.00465811530795519,0.175342308248733,7.31081832073186,0.237100335361673,0.171079911322119,1.97844545312916,0.0694004570336685,5.49123272354193
0.191443490971784,238.495809396006,6.55479578329234,0.249156924351722,22.598963573615,0.941617304446376,0.1468866128228,3.29328569222577,0.114784309518752,0.19842102716877,65.0059692846113,1.85643039759293,0.194988921392006,1.00288309926358,0.0230956622293607,0.195574801286137,8.29812065000463,0.391358961983662,0.104418009024533,1.57144459943409,0.0364888369010715,0.182128564682477,1.00288309926358,0.00980298495720853,0.188512854210967,56.2908244378238,0.517449093489666,0.175435075526842,5.11596107896008,0.111574355058515,10.5573976894699
0.122007250532121,40.2702697862705,0.888315466090069,0.231603286808396,14.5475781084805,0.591860870257948,0.187060782675143,66.3293018815899,0.869219097862522,0.175294634354892,18.7420980057214,0.702298496075923,0.187965130570639,1.00867425853989,0.0148616005266991,0.196985298579371,8.39423252506469,0.400500226016133,0.13819535541398,5.25025074237118,0.135919718410615,0.177874482980472,2.67674439360146,0.032296718271205,0.196340869045052,15.189566737098,0.458710157776727,0.199292143830933,4.45566189315493,0.162437555616669,4.25641990690451
0.181896321946454,121.576535435604,4.17941600041776,0.217777078322867,81.6070975563188,0.646899475016761,0.175465847187594,5.22010717715947,0.222369126476511,0.0822234356208038,60.1443448785086,0.105335464689171,0.155826752910653,1.017423759841,0.00455409535350743,0.195621532174575,26.4000896312366,0.782725422194011,0.185368495090801,11.0984240743995,0.42039345202031,0.175214188769151,1.017423759841,0.0173373850711996,0.187714333065585,69.0573330958311,0.521085557574059,0.13685622006426,1.86237664548846,0.0374797348800124,6.9375957136933
0.145582934512078,37.8185940234217,1.2270853427823,0.157749564891091,3.50861959151272,0.0944428781048939,0.16172412552187,4.01699207793678,0.156474430426326,0.195695077003258,138.607090185066,2.10110858739351,0.12168696172507,1.41265954868704,0.0064706422500283,0.0790889222196073,2.04210241714683,0.0282790108441277,0.181545995845193,8.91738586389294,0.350248252793222,0.146877939381674,1.00577451078852,0.00912467356445953,0.134096889132146,2.82724106811333,0.0745129044106793,0.138243090286807,1.73804099143649,0.0377929795907898,4.08553970216034
0.150012303244997,30.7913073057259,1.09494678922999,0.243129612202763,42.5752580898973,1.0208264892265,0.188139816287586,9.50045567592029,0.413294536031055,0.156194032652706,62.258485186131,0.773483740400678,0.167626388907573,1.01449885892793,0.0104586196835253,0.142491775937575,10.1216499350543,0.207036415881728,0.172554926621878,24.2156440378081,0.456326925279293,0.181525863205226,1.03217524340486,0.0278121040770266,0.180163366490985,25.2842870786632,0.385218231815028,0.192673277383652,16.5597876601153,0.204569074637377,4.5939729262622
0.192696324270697,1040.64128413488,8.98854057212595,0.0878084773011129,1.00577451078852,0.0119040642626359,0.0904529904822405,3.9368492691367,0.0498703119181483,0.169421478429299,18.6882180181159,0.650293495313515,0.188264209895476,3.25557838997471,0.035722670345425,0.175046714842852,67.6795736840215,0.632874740860546,0.14587044488008,15.1023580078497,0.231072874734872,0.166976254735857,1.00288309926358,0.00464896899239414,0.15200369984014,98.6844129941092,0.218742139548505,0.159744908713963,2.15071639511557,0.0604381833025507,10.8841080214045
0.0989539570471304,197.534643258324,0.726361336986371,0.234052093504936,7.45964533309522,0.408917395721975,0.176713393328112,17.4405585739443,0.499186216707036,0.196484069503303,33.4295886586368,1.33214539444975,0.191268791792595,1.017423759841,0.0161013205931471,0.176353107692972,220.971408541911,0.708160589896548,0.111872037339327,3.16318819550752,0.0658121889971795,0.189612045275975,7.92455244054436,0.0475311557002862,0.195946599939062,21.5195511317025,0.514018555919763,0.160678009855995,2.17562678075294,0.0620858167105423,4.3803199716826
0.16413588053874,94.5655870748537,2.79209110073751,0.246334745595269,6.06311316104581,0.371035128544293,0.113012833119387,1.98987000774274,0.0511763102256171,0.156683149193251,428.45772452782,0.903911733166611,0.192019701727268,1.00867425853989,0.0129945211710266,0.190879404336068,19.6256118755653,0.641037585567952,0.186123159670825,16.6075311717231,0.521100910938363,0.165673010993957,1.01449885892793,0.0190741642964008,0.194280697915298,7.92455244054436,0.324784340904244,0.150057643815484,2.90145376159538,0.0567679618123693,5.69397375736439
0.195880044547508,199.233863992366,6.55591658635842,0.190179219741287,5.89104782059798,0.204318428554826,0.150081952679362,5.14550325140415,0.170710938474746,0.178584087947504,56.1289989622505,1.21878043905056,0.150922857222018,1.00867425853989,0.00445925391990057,0.199625288335328,267.982865563939,1.24135558492527,0.170225090799078,9.2308418493486,0.305775601656318,0.169080935943115,1.58051892322707,0.0242619887101999,0.176822453942098,4.66570449781614,0.185118059039302,0.198980960753775,3.37973166401872,0.139208696471837,10.0499055771614
0.187099878176328,52.8178734817829,2.40906140357642,0.0993170557292474,12.0301229939707,0.0285352451371887,0.193438587645992,15.4542261000141,0.609472351669449,0.198526032894635,141.02214683671,2.27045171681049,0.189029378353247,1.01158236655188,0.013126899581921,0.197864698015292,42.4528622739386,0.947735498005284,0.19962036284276,31.8328643748612,0.838793890327929,0.1971727618408,1.36076598863131,0.0403752515243975,0.196049889803752,18.9591758547749,0.501310337598287,0.176899093802317,1.00577451078852,0.0433426816481242,7.70220527587949
0.129493323038447,37.4960477563908,0.972210533347389,0.13008825344093,4.84363370723389,0.0585183161416952,0.199990162684811,59.9714412603752,1.13506089431761,0.184178217936966,33.3334849128322,1.10741804919705,0.195020864715975,1.00288309926358,0.00361488684808055,0.161688766192265,6.47817779606607,0.227296992081117,0.112433609715993,2.18189932872234,0.0529266911560523,0.15590393416355,2.47655776434198,0.0190187100638997,0.195360043759448,16.751589190816,0.469546504286627,0.195796094662084,4.61228334151361,0.156769051936482,4.202380629376
0.162307915003518,51.9207719700668,1.8984279930957,0.176578039213965,4.88564863828298,0.150746440122867,0.168892758528812,13.0400368809022,0.384290197048295,0.19958208451245,66.9046593948815,1.91132049905627,0.197705953490995,1.017423759841,0.0163263300077093,0.190011827980192,144.307805522233,0.958088432336859,0.197127980508296,7.4811522310616,0.35853466375763,0.199927382022815,1.90028922105573,0.0481112838667749,0.141330884599572,1.8570226648111,0.0611607194673559,0.1897715438278,2.30457394564778,0.0973117248688397,5.8843182836283
0.153612515319323,136.674721537471,2.6222800084501,0.200687443698312,2.43414579263315,0.119880028176353,0.186098967824227,15.4542261000141,0.544635448796451,0.15887173314799,22.2119479273284,0.599118037185072,0.175202484313852,1.017423759841,0.0118376849917271,0.182897596358913,6.40400427119728,0.281678586379835,0.11240399438355,2.17562678075294,0.0527374648125589,0.185768906459318,2.44116367657533,0.0378895586315973,0.0944393983681537,3.24621921773864,0.0343239425416031,0.185572542207115,3.09116744284691,0.11025142378097,4.41463218374627
0.163563101521061,68.2932020177604,2.32069372914964,0.0961916436145746,25.0668507346102,0.026428035271009,0.1446203181283,3.98244730043134,0.131524527120662,0.166760653786099,23.8695626167564,0.709277441416003,0.194057833598827,72.1048522251035,0.0461256719762741,0.190967935007318,11.1946946742062,0.471322059508897,0.182372375219962,6.59105201019205,0.283262557181674,0.136984337830729,1.01158236655188,0.00997567879718948,0.195744979853254,6.2943333190863,0.282096676692109,0.16036264165979,2.81100886708374,0.0689982941116756,4.34970467122513
0.172449439112062,65.8048603822831,2.53968405947687,0.23095044346413,5.82359678794962,0.326225540779256,0.188421173383125,8.1325652583707,0.366108049047735,0.1733090295114,30.3997993896586,0.878138308788928,0.159766788991483,7.85640396138943,0.0187610247587107,0.136710265015893,4.07523387938939,0.118996938072258,0.106051012434883,4.66570449781614,0.0685796128499919,0.153605972466235,4.63891702142887,0.0188983481165472,0.188710541814014,8.46704626823108,0.312793911827038,0.174317675134332,1.24458268867087,0.051633203523721,4.69981899724106
0.100703714497774,61.7986249601431,0.644390900488567,0.224658198081412,5.23515726431772,0.283967600141875,0.194929145424723,27.5651328577691,0.8168479899656,0.169988810029372,19.9675638236179,0.683137808979246,0.162987627904767,3.36032741709575,0.0195935739126911,0.121721114625421,1.71320152422168,0.0483461342689377,0.188900731546366,6.2943333190863,0.288446986975012,0.144568859684423,1.01158236655188,0.00979403293882302,0.142950341404813,2.61579919085284,0.0810070404137504,0.194870918744173,25.5036095217804,0.227733416774769,3.10326548485927
0.170492530877036,43.3734078903113,1.77823244090629,0.209273950031268,28.7815897627645,0.47616299440012,0.18010674563165,13.7731969804542,0.471404290417994,0.0956322421362537,3.09116744284691,0.0651970892259828,0.172128281673437,1.00288309926358,0.00797767575774648,0.117541157877069,16.7034315396448,0.130051227080278,0.18904754212627,10.5987906532703,0.429220260752962,0.133314088981341,1.01449885892793,0.00214344560832005,0.110470870146905,5.89104782059798,0.0582432668738996,0.183116487488429,2.43414579263315,0.0924819584989503,3.51111464952254
0.165959140418488,92.166578756556,2.83958555051622,0.23186471215243,17.8983585267682,0.64686677871373,0.178728445827618,132.748847005077,0.774093021539407,0.154736711179075,14.8865204479472,0.460134070546784,0.154763591593736,1.00288309926358,0.00738909518124057,0.178061002718069,23.3933421622917,0.547453807885412,0.186147903241746,8.73947554283164,0.365849067917174,0.130584468122099,1.00867425853989,0.00601638503824131,0.173607260118782,162.387515846255,0.382125676163748,0.183324973655367,9.04667778353943,0.151628275666052,6.18114172916801
0.11026546133594,43.1264413194405,0.725065071581757,0.247402586728495,66.138617681658,1.23223965923174,0.146032528404621,260.377768681747,0.342820296062945,0.178470066487852,233.395255296668,1.50754243343918,0.107726373507975,1.36076598863131,0.00438198929960836,0.139894968891,6.47817779606607,0.163776604971945,0.196548918346684,19.9101608535235,0.666974890046109,0.164839224003215,1.01158236655188,0.00905953932706319,0.179000448103933,4.69264665877481,0.189745780742489,0.125010140146455,1.48779514022745,0.0272379141158282,4.86884417881866
0.181764883042275,153.647901220541,4.64069724548777,0.232773264955787,8.84069935203988,0.454006605553313,0.13673960736707,124.243468877762,0.260469510174827,0.11178607564582,5.31106107095859,0.125682144913764,0.189025144333854,1.01158236655188,0.00536444338840364,0.194472822126777,108.832646422802,1.02784944672835,0.177081853758877,10.9398093223365,0.370408124150307,0.125825558205852,1.01158236655188,0.00652445956354688,0.194593666606905,4.29198469417562,0.203977190212793,0.122380508262372,1.62668261683323,0.0264087164531227,7.1213878866262
0.182859635898756,1092.39675675277,7.06738700405116,0.175432506668142,3.65292419736599,0.127599071216254,0.195836954856997,8.41843393067599,0.400826126130214,0.118917805730408,169.553721645279,0.321386886135022,0.192038093080219,1.00867425853989,0.0264700553205315,0.173467066986281,13.7731969804542,0.410228757999531,0.188227271917546,6.78356302734552,0.306402570825248,0.189085135361007,1.88937898174206,0.0385950303678602,0.171536030924679,9.94831291991456,0.253852579836311,0.195070587823705,3.99392909131044,0.144058048083988,9.09680612996612
0.168103296585311,78.9978966982431,2.68089637487116,0.230292976036434,24.2156440378081,0.696232324553105,0.194666692395293,8.99473757437633,0.420418888955864,0.189607607809636,50.8951816995986,1.45200232870055,0.18223331755307,1.01158236655188,0.0108251621384686,0.192201618958071,40.308937459768,0.835235586561196,0.16737657869801,4.88564863828298,0.191902034440387,0.159134256100317,1.00288309926358,0.0125233982470273,0.162973157647307,27.3280820090234,0.264346444902321,0.182822569744131,9.31091255809072,0.149691723344014,6.71407426671409
0.181516416058805,210.941676943633,5.20170463530539,0.182909585138003,12.1344753910871,0.226727401346451,0.161700834200358,9.07276025359497,0.284966458091185,0.18358287079829,54.2230004661768,1.31177541057935,0.173344170725185,26.0978151697375,0.0272734692154643,0.140845455907582,87.1937028632918,0.272113024152756,0.112522567235608,1.92229906736858,0.0480109594247753,0.198975316095846,12.7431360287119,0.0612179818395086,0.194719941954627,16.751589190816,0.469658267290803,0.196768614192372,1.45811221351425,0.070304279263646,7.97375188650933
0.136398783165064,439.372207117504,2.09857510268199,0.226335564039349,6.24020417473294,0.332134445779044,0.16560816235514,9.66598933399762,0.314709269238954,0.185803188311442,11.6887196334189,0.530827205971379,0.15288785226631,1.00867425853989,0.0109624200632087,0.158315840527564,4.18220533158347,0.156791177894506,0.1671867377889,3.84721348715026,0.155499093849285,0.184567724049248,1.01449885892793,0.00509999553055108,0.182636783109362,4.73335188912938,0.198923276500733,0.191827358620703,16.3231210310229,0.202762053459264,4.00628404096891
0.189449366389653,3814.90457301403,8.84003750669079,0.243140351845172,20.1407676346358,0.815775024144561,0.163752625025178,33.2376574471234,0.463392498397217,0.148386402196333,30.7519010092932,0.549542881299827,0.195342368826773,1.01158236655188,0.0308377505693416,0.182941564635121,24.7798415269477,0.610529794906771,0.186754418884096,4.95648496866088,0.22593284706876,0.149573554151726,1.01158236655188,0.00718953027556191,0.129601313039867,5.64206206761865,0.091040564043303,0.157574577438626,1.00288309926358,0.0123799887172131,11.6466583861133
0.18212495486118,106.309373220534,3.88649660353616,0.228799479992018,45.7525288743821,0.772739939319231,0.189753074593852,70.8700298451568,0.936280699658491,0.189948963729031,19.0686558202897,0.843450456276567,0.182844149753758,1.00288309926358,0.0113615853916993,0.122997371334502,10.2094477434412,0.134640933848961,0.195108992684635,90.5188827206817,0.944651012451702,0.196701762444275,9.39167782086193,0.0563979784167447,0.152869548023348,5.29579277470977,0.139070396256261,0.152628327913582,28.4520477169552,0.0812029005260826,7.8062925056819
0.194144223592889,847.273845108517,9.13423230919281,0.247235862613281,12.169460288151,0.654710194369499,0.18377133389247,48.8846255702689,0.765412931335231,0.182871412326409,245.102271902578,1.66834911954622,0.129062777630041,1.01449885892793,0.00155610615709514,0.199955931049442,9.72180569368846,0.46436883677441,0.191706123904804,24.9229329891828,0.67242282254923,0.176569046338932,1.00577451078852,0.022124912328755,0.0917026421818787,2.22631645743836,0.0287300115522564,0.152688179896738,1.48779514022745,0.0451082352222945,13.4570154790278
0.17613499873667,74.1884621034656,2.88884346444556,0.245970961338126,15.6332226114801,0.754318941974597,0.105746500148911,3.4784466459882,0.0660601291896164,0.199342298332495,31.018650949241,1.32158604940758,0.193244003174641,3.35066711121492,0.0402399480382217,0.160605457564282,11.1304219326752,0.301125373398947,0.194571205676053,13.6547521301788,0.540583324253992,0.0995411375214387,1.00288309926358,0.00177474002959051,0.196805022723489,4.50726900243269,0.216288994525768,0.14376150196403,3.24621921773864,0.0516148412539181,6.18243580651779
0.188783852808533,81.5182989181314,3.55649385404857,0.223076269629824,7.85640396138943,0.377381621903086,0.163334893592514,41.3670130706622,0.472086522711268,0.179552058931823,24.1460286404166,0.875440496386103,0.187074617364224,1.01158236655188,0.00413287789171021,0.185671516396692,12.7431360287119,0.47701908556994,0.193150408552105,9.61049343596866,0.422674441246116,0.19519548023978,8.25047817477399,0.0546850761066255,0.180694903663816,4.19426304469508,0.177883443651857,0.16171439161371,4.29198469417562,0.081377964617146,6.49917538413242
0.168200285961508,273.526192291984,4.21526023611759,0.244027610212201,28.2073696994518,0.93027127772451,0.151801883399443,32.2015642784471,0.346284509572997,0.159038836426546,7.3530347199978,0.281458205316175,0.115096278302793,1.01158236655188,0.00316245582607285,0.174543013437183,4.62558101221893,0.195801285913373,0.177097780154389,19.9101608535235,0.474686973203086,0.178926735944345,2.22631645743836,0.0319349461736322,0.181788600666445,4.70617602490094,0.197143833733765,0.153653370865257,1.18513668643434,0.0396083094438564,6.71561203302506
0.198970106609469,139.832425949234,5.75710142200249,0.130255792002841,1.00288309926358,0.0100063611196327,0.183336529132901,72.7303083552848,0.807037571250002,0.162966219855784,10.690727303607,0.406783067494132,0.189458790970088,3.77045792255574,0.0370927434825107,0.199353016584779,9.28414544519475,0.445042806219767,0.195652895845006,31.1977684837926,0.776752678125686,0.168365692831979,1.11240149892777,0.0219568139747628,0.130919085810484,3.18145405986858,0.0747728368452132,0.0761257462285155,1.00867425853989,0.00503388455381683,8.34158018506801
0.141532689002928,243.31029495191,2.26458060161881,0.206631302610747,51.7819671225966,0.479496825470188,0.153925029271481,11.9266679922861,0.282606207506529,0.148030098935579,8.86618796583124,0.298449338840615,0.17197919246518,1.38846722913941,0.0219208581281161,0.188081101021283,39.3911672117236,0.773060386654211,0.143912072495818,2.46233896144414,0.0843471184442886,0.199500451193762,1.441417191251,0.042810335564297,0.195976883547456,108.207799318237,0.6551196126861,0.195885355433839,2.50524216415549,0.110403771713536,5.01279505662669
0.167908071529747,55.4447287165277,2.12934819389485,0.240128842257587,33.4295886586368,0.900844983805419,0.196326874572128,17.9499612710559,0.687931675210704,0.182962336172998,46.8185117519142,1.23891900247901,0.173822597759468,1.44974067037263,0.0227095923728018,0.148605483209408,42.4528622739386,0.317464340859713,0.110697874920302,3.10901742259474,0.0638789591651342,0.139227904456164,1.01158236655188,0.00892436090517366,0.193096608102854,5.49775074742009,0.248591767203062,0.179979718700134,1.0684573459204,0.0469062035691931,5.66551907946506
0.171220400671809,63.9526218479422,2.45289123752437,0.238944202747956,13.0400368809022,0.61919090790429,0.175140323071714,8.73947554283164,0.336405744894084,0.196644081570468,491.95228346019,2.43331834711977,0.188255597106363,4.18220533158347,0.0366245022104892,0.194384492440341,74.6394176073048,0.983314923617755,0.149458138178449,3.00344307348301,0.106534911633648,0.167488272064634,1.33361741419236,0.0227199744462327,0.198385943185273,4.08698318318596,0.199245133130333,0.192138611871537,5.35713058780925,0.1556278952937,7.34587357777467
0.162264812279559,182.357798872854,3.39111080728519,0.224727488468647,23.0590127888488,0.620476395910718,0.188744904262043,493.370630726349,1.03618742710939,0.0836782440168511,7.78884153617836,0.0841086713235703,0.193083236255595,24.2156440378081,0.0444487904653566,0.127597017723138,9.12515100556096,0.145607629505155,0.199708719627706,189.700955062392,1.13276652013139,0.151403624011299,1.00577451078852,0.0103147597604455,0.142930182631023,3.78132852701561,0.100663557414544,0.156713520500691,5.28056837192541,0.0761094883606628,6.64179404726642
0.168450893105412,184.979733984101,3.85352347933557,0.22153019984412,56.7791056024212,0.683746648085222,0.19828512063404,37.6178394397509,0.974289920259495,0.174798967349979,110.410595610039,1.27070896322911,0.175851740345773,9.5553161597167,0.0286036248383962,0.168547122435645,12.2045460501459,0.359555954785928,0.187604782925233,275.01718976248,0.841220046128365,0.129283867676099,3.35066711121492,0.00975702620665942,0.193745297975802,38.2732836398865,0.558149866045486,0.17480495209633,4.14623977579979,0.104037264533449,8.68359279344768
0.199610161288596,611.882669565187,9.79796932763627,0.249045497181862,7.3530347199978,0.451624939509939,0.154731557950006,13.1910713679069,0.29968740118175,0.175137907627058,9.74983462452457,0.414855621229137,0.178718580871702,1.017423759841,0.00155131337502794,0.154493555691414,21.7062172818814,0.327393015568943,0.116158723501069,2.81100886708374,0.0660948998959616,0.18358712070436,1.01449885892793,0.0276030863825966,0.183819302746458,23.8695626167564,0.417227538498748,0.198232438751161,1.94456383978917,0.0926308137341186,11.8966379570125
0.148496135424014,86.5554276894931,2.03585546243847,0.223950705392338,18.5275056440599,0.57365110900534,0.184556540534076,14.716073490575,0.523215429457788,0.181884346551903,116.618296094966,1.50488044240527,0.149568272688006,1.00577451078852,0.0112800148996815,0.141669380368338,6.38559396992509,0.167483535276084,0.183609170192545,13.2672433518329,0.45196508089187,0.188228388351087,1.00288309926358,0.00550424899481231,0.104548392887627,7.18561784115829,0.0516702843191728,0.187717804206648,6.84240540686637,0.155592009087389,5.48109761677588
0.172710992530122,1043.61668291673,5.51562024849594,0.228005079328143,6.55321042588835,0.348167058313324,0.159012482347019,6.15102138343189,0.216489722829665,0.166233849823043,147.245493016899,1.08527233942787,0.187243864126088,1.017423759841,0.0246872424967986,0.18343683536941,11.4225861207707,0.434041324653521,0.16233507139235,35.513019260565,0.391595098146581,0.172513595876157,1.017423759841,0.00358419262566021,0.189631061871309,6.34893199363231,0.265372556392462,0.104108330312565,1.00288309926358,0.00379994516148025,8.2886297285433
0.177369855055922,283.869297781757,5.16852713398258,0.227459582383601,4.99947880072813,0.277841755789713,0.193028733743097,39.3911672117236,0.887484095080724,0.165424672496919,25.1391209535034,0.716096709487998,0.114350244053696,1.01158236655188,0.00110954950816501,0.0716057694125287,1.90576794350953,0.0229389967267809,0.159099587878563,19.9101608535235,0.329207536960507,0.170744089214308,1.017423759841,0.010478910102107,0.177440531115462,2.95200799512719,0.127338519631575,0.196286000924789,9.5553161597167,0.20031141724846,7.74133462451861
0.19258206417788,153.647901220541,5.51675958080666,0.242420907351324,12.0301229939707,0.613661689082352,0.188050656333196,11.0984240743995,0.46109798328128,0.195511741806686,25.3571841881197,1.10809452229589,0.180965519181407,1.00288309926358,0.0230765048800294,0.140555523200493,30.1383713644719,0.248868451613843,0.19919228554573,76.3784327637523,1.02751108402907,0.137337977660644,1.00288309926358,0.002659779369962,0.1805888792655,21.6438160118766,0.374502576100048,0.168667208662654,1.57144459943409,0.058126939672304,9.43435911113144
0.153574795930561,100.69601481332,2.3840402569228,0.134291763098468,3.27437776251048,0.0577556309613132,0.179193176500531,98.6844129941092,0.751570692768878,0.151915143604827,6.96162583541039,0.252184760028563,0.183307721119409,1.55345194953386,0.0283782393620358,0.198723400785672,37.5096952649555,0.930586435568593,0.180957003405618,10.9713498785374,0.39529660889134,0.136277262428412,1.00577451078852,0.00521650854599407,0.170385409357198,7.67752616736229,0.22385402847626,0.167511921451967,1.63607591315362,0.0586045138737918,5.08748767539957
0.154202006354112,35.8216927504737,1.29823333645087,0.233661996574362,5.45047194460812,0.312315955875982,0.178487508654823,92.6278716978486,0.74564054104725,0.156074990063139,15.3213249660846,0.475712046094459,0.189409670650882,2.31121826109334,0.0352714743289158,0.162963778104541,24.425696794902,0.406435895946475,0.156521667082655,3.07341994620988,0.115583731567156,0.1136197667135,1.00867425853989,0.00522352121794631,0.153049762699219,4.71974439753259,0.133007114909853,0.192561511654838,7.78884153617836,0.175612151464334,3.70303576890324
0.138707836455231,428.225894676495,2.21756539467956,0.218344025954641,16.5597876601153,0.491182597081916,0.164490409497619,6.61005466738882,0.242545691040001,0.193396132948332,32.6684502161789,1.25643648549581,0.141981939303479,1.01449885892793,0.00519038157641866,0.178755920365024,6.57210398204128,0.278416718606065,0.170641475205404,36.6556592993152,0.482975726081766,0.191743385955804,1.295770630155,0.0362780516370464,0.184693998619059,34.9048456133114,0.453091926267548,0.168072061018601,16.9456122371505,0.117036617840837,5.58071959030697
0.0887073054486878,176.719616928519,0.533691327941274,0.244779649206995,14.505756572389,0.710211478701529,0.155214836192673,9.61049343596866,0.263506936871407,0.118112226807517,4.23064516672908,0.114556002549178,0.156251698532226,1.00577451078852,0.010653144481023,0.137373072436868,26.1730577614343,0.226727726232251,0.192510657276653,16.3231210310229,0.577405752686715,0.160161662614607,1.01158236655188,0.0096384747324182,0.189213677153846,30.1383713644719,0.482347821648843,0.191210307463114,10.1800975118018,0.185184358551142,3.11392302439578
0.197066441286709,505.3481857809,9.01076788831859,0.183415539135331,6.49685502569923,0.190543020765479,0.15689717520581,19.0138370407198,0.351323780177021,0.128967660348411,9.5553161597167,0.237381210701505,0.193176814644515,1.01158236655188,0.0203176586471094,0.147022161413228,11.0984240743995,0.233650515259817,0.153119321534361,3.81412874828321,0.135806984531923,0.198344163597822,1.01158236655188,0.0201059664649257,0.100191288334779,2.31788173275986,0.0354375031615935,0.197117520759915,1.7230944249062,0.0826425113545157,10.3179770393825
0.199479661834429,611.882669565187,9.80552916167639,0.24159327499073,35.4109260457599,0.951322513017952,0.177618248411604,5.10125365829453,0.220220592554615,0.153783658389494,12.2750213329814,0.404235557102248,0.13242394093221,1.01449885892793,0.00234567406329686,0.166600666456179,7.74412301428478,0.271522577818677,0.183075904100892,7.90177085082341,0.328203376059362,0.146978251965666,1.00867425853989,0.00439739859289965,0.173768724228361,30.6634951091254,0.347545393328666,0.133905718548688,1.00577451078852,0.024857547185281,12.3601797913994
0.147248449234955,275.879102999591,2.63638281872325,0.19921796160271,9.04667778353943,0.283816236893623,0.150077316968384,6.22226476776323,0.192845976454908,0.123920929740869,252.261203071324,0.371383395344088,0.128833131648985,1.2267955530143,0.0076501132092214,0.198421151265557,37.8350640594363,0.939057299495685,0.18405654946489,23.8009421380058,0.575058066111264,0.147963278242326,2.15691712397049,0.0156024167276333,0.122498976189057,3.51873529007318,0.0664480973105344,0.177207904454883,2.52697328239242,0.0866206866090265,5.17486510687923
0.174602105718755,320.949557802306,5.01229107876629,0.212044464791505,3.91424641100743,0.201126121521278,0.177817022834243,13.1153367145537,0.445203039386092,0.142301105526723,34.1101179217553,0.494715183856496,0.159774886129909,1.00577451078852,0.00743344389489935,0.170856181470845,32.3875125587801,0.513583847999169,0.19148830430793,6.13333836012256,0.286773567898617,0.119876442261244,1.79396288338358,0.00740776321141554,0.185874855747207,4.67915618701786,0.203983822124752,0.188435414630463,7.06256146630704,0.160375791532476,7.33289366019148
0.178019743692212,701.756299867389,6.09946794048525,0.182827894777925,2.31121826109334,0.100897648288953,0.194336086535493,30.0517292460135,0.842606645298452,0.193339005298497,272.652134655029,2.16290370390267,0.130225119796589,1.00577451078852,0.00693365008346547,0.150729946049344,24.7086041684656,0.3108177485678,0.19573851409416,13.1531495321769,0.535554325257386,0.197862236574723,1.52245910708953,0.0426802568564363,0.19770731141291,36.8673277993992,0.609966695644858,0.155841353794278,5.37257572706184,0.0749410770924689,10.7867696914777
0.198972634170954,96.1995175404884,4.47302284676941,0.22416164917611,5.74036800209287,0.304518733749168,0.161603266739551,279.809023229049,0.509473058592811,0.0762734286956399,2.73123512958793,0.042766718719324,0.166296631349785,1.27725193454067,0.0186851244263412,0.190827899497422,9.28414544519475,0.412348197679156,0.198227595120595,14.5475781084805,0.590407279964292,0.177881712570999,1.017423759841,0.0224067110614564,0.11834992250703,3.48847535295163,0.0606701902390397,0.141794295086566,1.00577451078852,0.0244616439540239,6.45876050515502
0.195484543037345,435.624900563613,8.37383715791631,0.212816695016632,3.73803325566538,0.194395747133573,0.19252743681514,14.3396692667093,0.576150103667579,0.177742246002271,10.0057595601981,0.432746255362313,0.172272170879977,1.00577451078852,0.0130407346703925,0.1516133093284,21.7062172818814,0.308586772710587,0.183863033570468,3061.05736079501,0.788909729923803,0.137021382558768,6.80312071291408,0.0123277443345165,0.167336430053698,3.16318819550752,0.124389953030359,0.183219790704328,2.38558227120577,0.0915424378414271,10.9159266365909
0.180564664474585,75.2551416468733,3.063815516491,0.110258086385081,6.8227347852315,0.037100786147279,0.197647230881508,91.5673056002191,1.15283056117811,0.103116470696787,20.0828667363378,0.172792135172282,0.16900441476549,1.00867425853989,0.00757780503673153,0.163621630875984,15.7688292262238,0.364701403717846,0.179100773745508,17.4405585739443,0.469367408839804,0.172495239735491,1.017423759841,0.0168220945157109,0.113242526977406,2.0657547958787,0.0436488333282239,0.0942553883735679,1.00288309926358,0.00547312297383298,5.33412966740082
0.174848534756301,246.808603273273,4.80808085161916,0.182435471767194,3.31230280598519,0.131680513828134,0.12447244386895,8.54049161663095,0.138553432295183,0.131068251384646,8.63941072106801,0.23253725624878,0.175262980004013,1.60805750536954,0.0240007776553135,0.123003616494942,11.1625120439526,0.139242111234504,0.171139437261798,34.208460777616,0.478630522942147,0.171530375604003,1.01449885892793,0.0167932386813922,0.117257002008087,11.2918003500854,0.0769793760337173,0.198368060630731,53.9116868488411,0.260994521559764,6.3074926020981
0.15207130690567,73.9769474128873,2.0361297169039,0.248339625007547,72.1048522251035,1.2586792178635,0.13619025984942,4.52026390637434,0.129009267970683,0.161936936184897,21.7062172818814,0.629193425478499,0.180347496505831,2.33798763817471,0.0284124811502943,0.19561385338608,127.872364011854,1.07563441166382,0.186170724598511,23.4607874898523,0.599397304111982,0.157867234316509,1.00867425853989,0.00681665516273983,0.0959428061109869,1.23743709481674,0.0237677977044389,0.145474680358957,2.98619923379083,0.0519566055302444,5.8389968835401
0.114138416591629,31.1449741966316,0.671677306799229,0.217086836796218,3.89177332396176,0.207105492076673,0.159478216667411,32.3875125587801,0.418402221820443,0.198193252121009,16.2761951447872,0.789224907825468,0.143085121653162,1.01158236655188,0.00804517772039038,0.177978759387979,69.8571804408421,0.667833389332587,0.188561865929893,5.72386552959968,0.263071161573587,0.123524807642994,1.00867425853989,0.00101808171996285,0.134570619156382,4.48139116082693,0.0934163398478639,0.178871350998796,3.04698957090351,0.0984907368363568,3.21828481555256
0.198982840220095,239.177715977621,7.50378729736451,0.191334116039409,9.89119610131619,0.257040459233271,0.189428549112289,61.9010369802681,0.901057720969185,0.18009684862543,12.7798757548119,0.553051207090237,0.192768979616434,1.05926897298544,0.0302120273614449,0.19232707311617,24.0766133741283,0.712020480486312,0.119846476993299,49.3086634510913,0.138146191816598,0.185095105220659,1.64079288241399,0.0345510875711109,0.176667792581918,3.09116744284691,0.132316854912194,0.175069507303123,1.38846722913941,0.0569821499169929,10.3191654767219
0.146281267533527,1111.27149117393,2.88098685564698,0.167876281011331,6.09812467340626,0.138652613715364,0.18407845046786,26.5525372336299,0.666379757369137,0.140011774080483,87.4450909638054,0.538774200532145,0.180247152556249,1.00867425853989,0.0107126098637942,0.193807720462524,14.298445429222,0.570911742580539,0.197677740209092,19.1787679790464,0.675180427539737,0.176444558792452,1.00288309926358,0.00675070480183739,0.199317352967717,33.2376574471234,0.615807768238175,0.155368097718083,2.31121826109334,0.0579795207578302,6.16213620104554
0.167590432449296,90.6011469873137,2.871420959061,0.213148019586726,24.2854601433005,0.497678032472384,0.1829621855745,122.115753319126,0.851483169538138,0.196167003157242,21.8315600677534,0.995008660697445,0.11604167484455,1.00288309926358,0.00198485719799269,0.188859183528621,10.9713498785374,0.453532959297893,0.178856743019741,10.0346071582177,0.363271681532407,0.188356466302485,1.00577451078852,0.0163559805851493,0.170166034432707,11.2269700901773,0.254855686291754,0.193596466651844,95.0592752055781,0.23621293092727,6.54180491760143
0.176631366088539,1662.09096800801,6.33641106124799,0.119750191040699,2.87650223749675,0.0408796159299622,0.111826045010584,43.1925507507629,0.127747566115878,0.171382780339888,683.059623884777,1.33577266219565,0.116846798998353,1.00577451078852,0.00130469875319644,0.0943632959778193,1.40051115285914,0.0291467547790503,0.187034816330023,194.120775669537,0.82772753110353,0.186333842289575,1.00867425853989,0.00962993239632079,0.191017179683533,4.69264665877481,0.214208049026228,0.10377816215197,3.06458444505318,0.019214748202697,8.9420426197505
0.194888127644416,173.718067925394,6.08387025366493,0.159649118512736,16.464712003024,0.141281560538723,0.175121992164755,4.80198009042612,0.204569137733548,0.196746413668035,221.608491047149,2.28235749061256,0.198406604626144,1.00577451078852,0.0268199676302531,0.117540798354431,3.20905081491668,0.0762118040819842,0.159798624267163,51.6331037591724,0.389300906923642,0.139597649282834,1.00577451078852,0.00107576647332937,0.140220284934256,1.63137250428789,0.053963153801803,0.071681028755783,1.00288309926358,0.00151273602183879,9.26096277748261
0.197382273248808,352.659446614251,8.22980912070338,0.182422939358582,1.94456383978917,0.0861749560801814,0.186203767355871,23.5284272689873,0.657614273126342,0.175758167227753,51.0419175604762,1.11261882702026,0.185862641171782,1.17833239331668,0.0278875717973997,0.170464092991808,17.7955976561148,0.432263453193679,0.162355219642773,3.40904833026788,0.133338907120298,0.181480321789263,1.01158236655188,0.0193958883703888,0.197640512530147,7.18561784115829,0.316304462353463,0.170177892630741,6.15102138343189,0.105896422695912,11.1213038824613
0.198791822219305,218.918214760854,7.24299437095474,0.206437849118667,4.57261925984919,0.216644459654233,0.196112192608747,16.4173790695188,0.653956446962314,0.186373438109888,17.5918424880948,0.763165984048057,0.175445110428214,1.07462716439149,0.0221442832111184,0.185056357376578,8.58980877761041,0.365749875400746,0.199586620990378,36.4452060637106,0.884548751904805,0.196083052631571,2.14453349218355,0.0460121636249191,0.164224998614758,3.86942926293753,0.139919021033001,0.0843624991009598,1.00577451078852,0.00920718514996395,10.3443425419439
0.170839746594056,47.9316313131911,1.94498091180882,0.199259349015032,3.35066711121492,0.158721743485806,0.194300432608842,57.7684111024247,0.992752732586034,0.0737907339338786,2.58584894057531,0.039208932069934,0.192146971025376,1.01158236655188,0.00113198680922193,0.188373821570395,14.4640552653053,0.533741267087383,0.184132795802852,17.8983585267682,0.525641149344837,0.179714142697582,1.01449885892793,0.00592759894981976,0.183047278989166,11.0665182039154,0.324454541137241,0.193056157805535,20.3154738602905,0.215149330877206,4.7417101941563
0.198260301006192,76.5554208756709,3.67808670559286,0.249992979806502,27.0930697176532,1.00832212471537,0.125770143706788,8.96887940476934,0.145259126178481,0.120882863784889,23.1254942116391,0.279294158499961,0.174988307075685,2.76286929599819,0.0258480447260072,0.18422580904701,7.02201277776474,0.309423299960648,0.19857835880034,9.97699489356779,0.459510287240098,0.191797237321321,1.01449885892793,0.0263102063407461,0.164124043800029,4.48139116082693,0.152638526897274,0.163403619212449,3.01210229799636,0.0752780326016091,6.15997051275305
0.199700127694674,159.913856826124,6.26551860136053,0.244530502746743,133.131575108118,1.23292351270746,0.186501115396847,7.65545473146367,0.341068904290526,0.116873138209398,87.9500435849786,0.294221699845057,0.164318693349646,1.26262771749805,0.0179094803084032,0.114939239933246,20.1407676346358,0.124957174239535,0.182919749149388,95.0592752055781,0.715071721212246,0.16418261359779,1.017423759841,0.0117419627067011,0.109851087988677,1.6984685687346,0.0368836571510144,0.155496871969971,1.00288309926358,0.0164516259440204,9.05674833976549
0.170151956482511,1449.22768596036,5.24938866361534,0.231543027805969,14.5475781084805,0.592135246827388,0.198898852858566,94.7859977652238,1.18396251691176,0.160797758342821,106.354700557757,0.922402955450022,0.110018968289619,1.00867425853989,0.00437357106046388,0.127505643567348,5.67464221589759,0.122906924842435,0.100102780391666,1.43314150019665,0.0318445548808362,0.153618043997049,1.00867425853989,0.00269091132407813,0.137666239143923,26.1730577614343,0.140148559351617,0.182942116229222,2.15071639511557,0.085793668034319,8.33564757229826
0.179053138397243,357.729973847559,5.71823852907728,0.203212212231624,3.10901742259474,0.153544800631701,0.178056258224382,15.8142923261533,0.489351269690826,0.182349764856626,49.879774465365,1.25181950530971,0.196905588075003,5.64206206761865,0.0456662549413006,0.0929003981223016,5.65832869261085,0.0566322121174722,0.174631927964598,8.27426512232383,0.306722733143966,0.177885931721648,3.53905426496764,0.0330855264677998,0.149679251120084,8.41843393067599,0.154882588829457,0.188451441066707,6.13333836012256,0.153533201330878,8.36347662154039
0.186666655339139,51.6251370261205,2.3571799977998,0.24064924392123,7.99329205722658,0.456207438942996,0.189205382885966,26.4000896312366,0.72591488294776,0.163850660097722,50.8951816995986,0.876760891711007,0.171383489919023,3.66345594042931,0.0243981741256348,0.143137231368044,6.33068001474387,0.170346621015601,0.173643841726794,28.4520477169552,0.484062594349361,0.169977581205107,1.017423759841,0.0154715471914277,0.190726128010373,15.4987821679022,0.418227794298291,0.161215227850094,8.39423252506469,0.0913718312416052,5.61994177362348
0.19015233107489,65.6172477227445,3.01742331796046,0.214009918507171,228.081217397262,0.622432747462432,0.140054538065913,44.0718255463572,0.271424300809117,0.181100398520524,54.2230004661768,1.26554571561993,0.181304232084621,1.60343464412786,0.0270847147778987,0.197677883465838,17.2408685151293,0.6720238405556,0.16560612863579,20.1988354669711,0.379556378695011,0.163083561492545,1.00577451078852,0.0162330094861115,0.196019546129121,17.5918424880948,0.483479094202771,0.117796718075463,1.62668261683323,0.0240738835499953,6.77927700311933
0.143832226429823,425.787592363848,2.55052784536024,0.233302214981341,6.11570617216135,0.345528308741736,0.137112405317805,3.24621921773864,0.10241479512088,0.187684860970281,126.772704794663,1.73512624820006,0.179625727803595,1.08394875824941,0.0239560660415319,0.175231275063877,20.9691291766305,0.500727832899693,0.164008616364599,64.0769269600819,0.442081907894048,0.168937533952485,1.01158236655188,0.00587129860621137,0.094543565289482,3.95958264771409,0.0357305441980532,0.152209523187213,10.1216499350543,0.0758983204650717,5.81786316752753
0.18047555334294,279.047831876704,5.58143234793505,0.23360532363062,17.4405585739443,0.658071581904704,0.115795964485269,53.14120008554,0.144329615892543,0.199691410398053,51.4846683497677,1.73055456546865,0.141741904236402,1.00577451078852,0.0059729942876411,0.158836795345383,4.92802801770652,0.180578939793029,0.128253930527923,16.3231210310229,0.155264984368076,0.196092221760771,2.6460963359074,0.0484546505898649,0.182174929601458,3.1450272019994,0.139772695686027,0.151294738265606,3.20905081491668,0.0598344209144216,8.70426679684001
0.137233086054123,37.9267248465054,1.10445634140946,0.201252801349109,19.0138370407198,0.36710407509265,0.164263099654228,7.90177085082341,0.274553586759555,0.116206382904148,9.418754960271,0.187084522247767,0.193296273860006,3.74881037659201,0.0406671360035122,0.193493588583011,10.6293480187976,0.467517326886306,0.169610765329901,11.6887196334189,0.340326649749229,0.116315738489414,1.00867425853989,0.00507413772087679,0.191612030013672,112.658234431989,0.592840499664865,0.149882084135227,1.41265954868704,0.0418910059805511,3.42151528151477
0.174481022477152,45.2713008275569,1.91320385039825,0.203892656511397,4.66570449781614,0.212748762844573,0.157711896085182,8.39423252506469,0.257289062677029,0.12319074719235,4.61228334151361,0.131147968379762,0.196184717795355,1.13831921276723,0.033129163634845,0.182117132453098,61.7230832045355,0.724293688699217,0.192506347686954,34.5051938106528,0.761758394495605,0.190469527145796,1.00867425853989,0.0173992004263694,0.194259828440746,10.0635379267258,0.372755219594351,0.110057432952778,2.50524216415549,0.0217760433118367,4.44550135446184
0.181306572575253,85.0853002513967,3.3716844325522,0.244830417464031,11.2918003500854,0.611246666253393,0.194506226995313,34.8045007827355,0.885258842102413,0.19008639095091,12.2397329678754,0.569419962745986,0.155059043802731,1.01449885892793,0.0103722194142507,0.154348618041133,68.6608502751685,0.382592712029846,0.150062162439177,17.9499612710559,0.265950419485913,0.156987458835157,1.00577451078852,0.00795426770716048,0.147386191825093,69.0573330958311,0.190766470163798,0.182350782577752,1.57144459943409,0.0675926119094626,6.36283860436442
0.195432654711586,146.786881247751,5.6075288059564,0.223199101525466,38.7165788401476,0.670351382196346,0.150709772801228,3.59036651349369,0.128560052952704,0.103442019310041,5.45047194460812,0.111190815266766,0.137676631168787,1.017423759841,0.00283264172985207,0.0908156987194276,1.295770630155,0.0259071865474272,0.158815485221661,8.39423252506469,0.244116730562932,0.150270530342204,1.87853138201008,0.0161915321289037,0.19349497327124,45.620999005745,0.574850505485253,0.159692543685619,2.23917234584048,0.0621281210273287,7.44365777385391
0.188984178229337,122.622353862071,4.64510114314745,0.221982624073003,7.81129753947542,0.369525453736296,0.178285964689078,78.1579650331584,0.727969368691872,0.177009476837443,11.6887196334189,0.49887701376895,0.181330864620592,1.01449885892793,0.0117516876706475,0.176123046074305,5.31106107095859,0.225775964795319,0.17307569409328,4.43008034640065,0.185642930216211,0.183129702830937,1.00288309926358,0.0237983945402874,0.187987227858456,36.4452060637106,0.486589185573691,0.182258266968585,8.81528401319323,0.148438508454412,7.32346965059514
0.132841954020966,59.5469207354154,1.2959145357809,0.183550733785539,6.61005466738882,0.190806788073428,0.165797035142525,3.85830538552188,0.15451330903401,0.190526116062828,21.0295852575175,0.912517364228774,0.189372501662913,1.92784124639408,0.0337520760322644,0.159397902808703,16.9456122371505,0.339148768752671,0.191325785996441,89.2252188596224,0.864728796101486,0.198393414279473,23.0590127888488,0.0611481782133635,0.194402893638528,16.5121814020749,0.462673784110641,0.151350587632361,2.28475538672293,0.0539341286471316,4.36913772897467
0.116219161532937,13.882854772999,0.371667801033428,0.167193928966962,22.9266227583863,0.175055986633213,0.173383228725337,14.053579239644,0.430047595665141,0.189258253642134,20.0251322921732,0.870043721548788,0.1860809707099,1.01158236655188,0.0254424761447601,0.199474617589944,24.9229329891828,0.824787149589134,0.18974722116115,82.0783386215772,0.826360987173764,0.181321850913936,1.00577451078852,0.0248439921018661,0.158275124721078,2.50524216415549,0.0936483903973827,0.198770691354116,1.53125056362849,0.0746634142506105,3.71656151453809
0.170845310588673,1906.21971460828,5.47269528446824,0.204399496170177,5.6910027726913,0.244303162276676,0.138719460127847,187.528926298918,0.277682963391777,0.163288744820689,37.6178394397509,0.788940474822615,0.120378918143284,1.00288309926358,0.00258449047277875,0.198508309675027,66.3293018815899,1.06793783880042,0.168362329482492,263.393559440579,0.519953168457064,0.146305528271004,1.00867425853989,0.00277518887087413,0.19348138510666,34.208460777616,0.54979225257916,0.178368071937665,1.97275779657863,0.0763081470350111,9.00297297117461
0.193068554934889,61.0968704037285,2.87887587658376,0.235338739755665,41.3670130706622,0.879836289598471,0.18440534467142,10.690727303607,0.428517939104587,0.184652982993482,31.8328643748612,1.08875121199092,0.191659897230398,2.42017049201696,0.0365182535054511,0.154956100107456,6.45955425993623,0.206948828613401,0.150329139329798,30.4874450288918,0.289533743759894,0.138626820066225,1.01158236655188,0.00981329207337116,0.131633390848445,18.5809222819382,0.11790809489518,0.191250430760045,4.44285270778494,0.142867055474619,6.07957058559965
0.194421722120487,115.157038766277,4.82300815630401,0.226114005312056,20.3740453880163,0.616147457174624,0.150068246839804,6.47817779606607,0.197694864400092,0.140254089113096,6.13333836012256,0.202186804954465,0.184378169237903,1.50502732889567,0.0286095914836289,0.166045357847233,10.6293480187976,0.32329484875886,0.130797500678153,6.44098426295101,0.130460992762324,0.159485950018155,1.01449885892793,0.0132836991021435,0.186778223802455,20.6694457978884,0.424413988154059,0.194883612631876,4.29198469417562,0.147921996710228,6.90702239980444
0.0854839177356648,25.3577505002821,0.340047383258495,0.20422335310264,3.63195145450856,0.177521590989176,0.197792258313894,8.73947554283164,0.419727080966186,0.15212363958047,12.4888983567305,0.398515148128293,0.185816701347791,1.00577451078852,0.00432237873486617,0.197848127420317,222.888171669528,1.18153797817396,0.182362660404269,24.8512842698056,0.568587392802332,0.113974229784417,1.00867425853989,0.00224930796590913,0.143210762575775,3.50861959151272,0.0972930257239454,0.193640419065726,6.64822449937834,0.172558391298712,3.36235967804187
0.197193090708585,60.7489870966869,2.94250024227853,0.222851866392013,4.24284253669373,0.232144728243399,0.176389366113705,98.6844129941092,0.701680741513203,0.139500037031963,52.8360974706726,0.499893119247717,0.192383829939244,1.017423759841,0.0145346385229138,0.119922285394186,3.73803325566538,0.0870492449256088,0.191674624521112,9.77794436555052,0.41974171216475,0.176852789793314,1.01449885892793,0.0187741535691416,0.197706942512332,10.783461436218,0.40322181635514,0.199756690363168,7.58962040187813,0.200138162724578,5.51967855954498
0.16186333163587,74.1884621034656,2.37999610991689,0.230318915261679,6.06311316104581,0.334897670543984,0.190234752269608,8.17952684419346,0.37382625236425,0.147236105131012,43.5672141029724,0.589053540374596,0.156253437236022,1.2267955530143,0.0149459865410536,0.168708205791825,746.824066291911,0.597048350958342,0.185971614663908,16.0435815196353,0.511107825942776,0.187468449994359,1.01158236655188,0.0266856452841763,0.18453206073956,10.2684023095805,0.321238065841776,0.164008799830282,3.45847564108692,0.0799432862294492,5.22874273399729
0.18370281684806,168.347011244322,5.01615260900547,0.23728809284188,99.254267201602,1.03768147491396,0.173192212353761,70.4631396848539,0.63947033537562,0.172469937443175,15.9056121278034,0.609270962844014,0.176951303384771,2.10780755947618,0.0261740255788425,0.182691195004848,6.7058929175172,0.292939571207728,0.174680123786843,17.5412692675873,0.433455642162338,0.191757657181886,1.01449885892793,0.00634710833189882,0.179035142354609,32.7626366009394,0.392361696435744,0.108814508144822,1.00288309926358,0.00967800320209762,8.46353142905771
0.199729161912464,509.69526182298,9.43483618863824,0.187645885886087,4.65229147967714,0.17361843515756,0.193543188103248,36.6556592993152,0.877986341663481,0.198362372533397,28.864569943014,1.23826863449806,0.178438661136485,1.29950646550457,0.0246155000569217,0.192266175838237,22.9266227583863,0.702825759997296,0.196615980217035,14.9294397640879,0.579613949647768,0.165588864554323,1.01158236655188,0.00377759624171181,0.111416613956576,29.3674992776149,0.0701479938646852,0.191529656605269,1.37256962462899,0.0643026283306215,13.1699930280963
0.125991435643947,67.7107446857724,1.18261245740064,0.237795363994455,14.4224738415937,0.638340722269953,0.158797644779339,23.3933421622917,0.380459261741873,0.181146355657216,16.9944681193122,0.704404953334616,0.188178664122719,34.4059979034348,0.0396351749105244,0.102149222004583,1.47925317679908,0.0340723935479329,0.187892057510865,91.8313032315627,0.80656921822979,0.176002259181503,1.01449885892793,0.00679108093266846,0.0615930745219129,1.00288309926358,0.0084816899260755,0.184421253627692,23.1254942116391,0.175777806973095,3.97714475926717
0.167831292731097,88.555186333978,2.84101574123505,0.185468950907637,80.4407977772957,0.298742298642573,0.192164219088441,20.0251322921732,0.686424476164107,0.181956171601482,46.1493981386924,1.22223561786081,0.189100070057106,1.01449885892793,0.00538550750732325,0.141244449059276,12.66997313217,0.215483005761418,0.191020809978309,11.2593385593765,0.45965598748203,0.181585580750506,1.01449885892793,0.00202172169136494,0.0986808226209559,8.76467231833321,0.0451986078602695,0.190641451201863,1.54009278652809,0.0711833840502829,5.84734634825523
0.172219886492962,72.1002466203959,2.6918454569199,0.206185450008625,12.4888983567305,0.364287261153993,0.192164925288045,13.6547521301788,0.554950242844331,0.157710038179022,31.4683859934887,0.672599299894682,0.195810610575909,1.24100474879353,0.0341315621793205,0.182026330594233,5.40359972355987,0.23998968904934,0.162141097979304,26.0978151697375,0.373937787393921,0.146492868681852,1.01449885892793,0.00396268242382965,0.19432192586999,44.8397224504315,0.576255500522607,0.114240347276143,1.00867425853989,0.0128945968490543,5.52485407923098
0.18026709994526,205.590355672156,5.07135423662275,0.242592664544101,50.167805761144,1.0426577341089,0.188935818021155,37.7262954049369,0.803796459734733,0.184024986905895,39.9622941881329,1.19262846742854,0.135791829876103,1.00577451078852,0.00554245711383784,0.147621344837183,3.03823005207779,0.106802417156203,0.0677921240100639,1.3686237465133,0.0168638962511082,0.172006180314274,1.2232687477884,0.0244252896726283,0.197580837663316,67.6795736840215,0.65693254836279,0.185713080582089,5.45047194460812,0.139278336212429,9.06028184266392
0.186954771662106,1311.40839205679,7.89832500644859,0.188994274709492,5.07196553857306,0.185144902104041,0.0935861938666929,3.40904833026788,0.0506381558671877,0.166487082909306,42.087781971745,0.879482592412387,0.15608740968794,1.00288309926358,0.00121079665517384,0.197649362104333,73.1502903055345,1.07124046300378,0.141753207655024,7.6115020308696,0.172684726212636,0.189010813733157,1.33746236557711,0.0347672683748313,0.15422116380116,3.72728711692345,0.119066097880552,0.101429927485072,1.11560866287013,0.0146796308844075,10.4272396398436
0.185775375948811,63.2264075704337,2.81974656323679,0.193630065717971,21.7687984609418,0.325293525506455,0.186529649354283,46.0167273459691,0.796506818576351,0.179445575734139,22.6641186288517,0.838818854371008,0.192845644926602,1.00288309926358,0.0221035016854674,0.199310231087269,10.0057595601981,0.474806005916627,0.194310999002711,9.04667778353943,0.409061163702365,0.190723999704188,1.01449885892793,0.00140228177636389,0.191613397253302,16.6554123326141,0.440893174549691,0.147752911358065,1.295770630155,0.0383754405272237,6.16700732984834
0.164459496649683,56.0815631525453,2.06012910097587,0.213273282738123,4.59902389909696,0.23293304750586,0.159466333638737,86.1953566475303,0.459373544872936,0.146626587596392,23.3260907272937,0.491396392869547,0.185695379860603,6.04568285725226,0.0359834657001728,0.194731084306012,31.018650949241,0.820354823065417,0.187856973052148,84.719229144993,0.80306319238075,0.193653718420527,1.00577451078852,0.00160039794056378,0.174995320581037,6.1865405227709,0.215569397725474,0.185035577588943,1.98987000774274,0.0828780135905426,5.20328137662713
0.190533234228398,205.590355672156,6.06996793080899,0.182184210083885,5.85722521042959,0.177065807240142,0.157530161176077,5.45047194460812,0.194840187906994,0.184603867947931,63.5258869923343,1.42102021412144,0.139627502559216,1.00867425853989,0.00748961829466341,0.191405499124345,46.9534941686678,0.854005481917417,0.1847518193312,16.9944681193122,0.515632114252202,0.190489010520944,6.55321042588835,0.0481066151619447,0.182842485994282,3.53905426496764,0.156452718040097,0.0876901098376012,2.3787241732935,0.0117818335156907,9.45636252125958
0.176004334304553,84.119113751716,3.136351331305,0.177496253091296,12.1344753910871,0.203573372580025,0.174288837702389,5.82359678794962,0.242993396227069,0.196193492507469,18.7420980057214,0.882799145493576,0.118187911256442,1.01158236655188,0.00124775969820584,0.192633052739268,21.3959997006003,0.688849502990756,0.169360420172226,6.862132740856,0.252398364217451,0.108251122853979,1.02624915657849,0.00260266518779974,0.175853590122587,2.99480874260266,0.127621862618289,0.182015373196754,3.9368492691367,0.115317728297742,5.65375512861591
0.183401466819995,128.353890712003,4.3701629852947,0.20048202515924,2.71555413295041,0.133269510591015,0.140744965731545,6.96162583541039,0.176686449732673,0.19528437651379,29.0312487135558,1.2055464431234,0.185054475499345,1.01158236655188,0.0104160009446575,0.145135978318511,5.65832869261085,0.165593234670993,0.148569411941246,2.48369792620856,0.0881439433082217,0.175807258836615,1.00867425853989,0.0148441148142465,0.191266609946062,9.39167782086193,0.344973307944011,0.16698678391884,1.48351801054375,0.0547602772962296,6.56439626772015
0.196897396771364,223.976055777755,7.00640347722458,0.229202641299111,15.4987821679022,0.58265284042356,0.195352666938991,89.482464022409,1.08666375940847,0.164100204915434,61.0163692502148,0.918751655966809,0.182335778804762,1.01449885892793,0.0188998333285035,0.110189741206289,2.88479547897935,0.0631634466456879,0.175473364902131,13.7731969804542,0.40571342289495,0.174841028028337,18.4742425689144,0.0337606466050285,0.178511620619773,118.650225279192,0.428668366479419,0.190229424158927,3.24621921773864,0.120392746160732,10.6650701951377
0.183951076654157,2088.58298213062,7.52013014639409,0.212202983408769,79.7490340377456,0.573829654959983,0.191127912310181,11.6216105181022,0.493275143950688,0.186643619515724,14.3810119566121,0.648587484592392,0.155609892320274,1.00867425853989,0.00542745651886761,0.106414185981736,8.1325652583707,0.0865515236275668,0.184357820740357,40.6585876047624,0.664009828879249,0.180184180717555,12.7798757548119,0.0385101248448371,0.106374134353755,4.0401882420282,0.0484191798369412,0.0828045470801216,1.00288309926358,0.00280480213833744,10.081545345743
0.16347901781533,197.534643258324,3.59810138656438,0.241175153307413,3270.60922342515,1.2519491540963,0.187464506186222,9.07276025359497,0.396351393225047,0.149654136978555,50.167805761144,0.634822583206622,0.154815241664288,1.00577451078852,0.0125776721604311,0.164753859281788,4.50726900243269,0.177144866860902,0.195384670301366,56.4531164723065,0.899267158870926,0.189609609134053,1.01158236655188,0.0222315528409723,0.184949798229707,45.3590725519368,0.473897991292593,0.136285257877138,1.4963864293158,0.0339775654807614,7.50032132459894
0.179180864461825,120.195972554956,3.99334367428352,0.193926941671158,38.9401481423545,0.350656534691301,0.145419891830762,2.75492656923522,0.0953136367745025,0.157831983029204,145.141112502088,0.88125329555032,0.178246191861231,1.00288309926358,0.00775032970751079,0.187011976885494,6.8227347852315,0.308146813823651,0.187570727278009,19.0138370407198,0.569443765744065,0.193729624132665,4.26734287669584,0.0485612405973691,0.183399580275007,5.43480286846039,0.22263867267601,0.170927510514584,2.16937226517279,0.0729377395177051,6.55004570336595
0.173198974457833,90.8601935449407,3.14238481320065,0.189374132783325,2.77083492243083,0.124209994354146,0.195798561292625,396.414505213178,1.22788940104496,0.12954141408072,24.6375716039181,0.346085222865648,0.19488441582243,1.05015961695978,0.0316902105047012,0.153147133348871,3.91424641100743,0.141120873005747,0.142389971982338,4.30435891208667,0.129295034058734,0.150827584155018,1.00867425853989,0.00441146347028346,0.185557307093376,7.85640396138943,0.287288519269251,0.157884475829727,2.84356700216288,0.0655982112403036,5.49997374301442
0.0772298108683897,11.4657201812567,0.18353569019904,0.196859483932107,6.49685502569923,0.235162528911011,0.178101791364755,146.400104036699,0.759062570620699,0.198805517210378,97.5545010046874,2.07904609295042,0.196131690488991,1.00577451078852,0.0203435604823099,0.117181870940271,11.3243557313592,0.121369750417108,0.172492498110643,17.1913042784243,0.417509899588599,0.1537431472304,2.25859550568368,0.0177160194283809,0.0756010557825271,1.00288309926358,0.00492017844190063,0.177629117335495,5.5454396587911,0.120580445370679,3.95924673641015
0.189952617320717,57.5413128614008,2.66653475122736,0.194002186689828,17.1913042784243,0.310071982933305,0.136659899357828,107.277248727328,0.258821432948499,0.172702760847397,91.8313032315627,1.19580181394631,0.192908057424878,2.90981894079874,0.0386631237522632,0.181318652238366,5.16033824803901,0.228361555035052,0.115067699094974,13.7731969804542,0.109903634834549,0.187188384490434,1.00288309926358,0.00261950526912576,0.151663927858191,30.4874450288918,0.203295813430568,0.186604646121499,1.47925317679908,0.0667216411281921,5.08079525450522
0.168757017360925,43.2497483253448,1.75002204555575,0.249889307220844,24.7086041684656,0.984675710411198,0.184181985324081,50.4575002967478,0.771282898584233,0.198790629114825,230.059652845059,2.45897859557977,0.198010201411905,2.66137624774655,0.0429206856179517,0.110819221520561,2.96051892720402,0.064699687972074,0.197733149596971,202.687378964529,1.07599065298655,0.17785921636638,1.017423759841,0.00791932105689145,0.188648018557824,14.4640552653053,0.397395950768418,0.170738572911268,1.35685404373703,0.0535907360997403,7.60747628463258
0.185975548573239,90.8601935449407,3.70333775624946,0.196437244211434,12.2045460501459,0.297151886161597,0.198018351708066,7.4811522310616,0.363839713869129,0.160963341290596,10.5076446271293,0.39350835270479,0.115432424829176,1.00867425853989,0.0024184335328271,0.149091767712836,3.6424227310724,0.127118162937264,0.180481582095407,11.3243557313592,0.397446909602806,0.188488538263331,87.9500435849786,0.0485525489435816,0.0769966845704984,3.20905081491668,0.0211773051402147,0.129166555381831,1.51808232505612,0.0299471840080616,5.38449825314973
0.140639032087123,27.7044505118647,0.909840170303662,0.204321025513508,493.370630726349,0.495800249621745,0.139144429962933,3.31230280598519,0.107032896514998,0.186820156536962,38.6052759973495,1.23139561655586,0.165942676223148,1.01158236655188,0.0135671791808599,0.117021778258534,4.85759838400825,0.0932132968514159,0.106408565926242,70.6662919109886,0.0965226458322635,0.19976976739993,5.82359678794962,0.0585898785058608,0.198625863028122,42.8211093770612,0.639716488947686,0.174754659593509,16.5121814020749,0.137729795377561,3.78340821769191
0.145504392712992,457.290361041219,2.68199224875187,0.180000596599569,3.41887695499837,0.130838776153804,0.0758492392315376,6.80312071291408,0.0381879649460097,0.176682399477608,203.271746797557,1.44101564762563,0.187237238887734,1.017423759841,0.0213466987628229,0.198803728847143,32.9518247994517,0.904560609779244,0.199034680202344,25.5771389596111,0.773592306704603,0.152469950811874,1.71320152422168,0.0166263073208107,0.196226009535411,19.4568382303861,0.504520672389078,0.18485318199907,6.55321042588835,0.146474072300478,6.65915530473435
0.196579821961668,146.786881247751,5.70153817440049,0.245441906808323,33.0468281812645,1.00889806247253,0.193276607148202,6.62911211113257,0.314065656478232,0.192012143160934,19.1787679790464,0.867558314264967,0.101779097320143,1.00867425853989,0.00149548047684507,0.19303462782414,180.120809860267,1.03882309290823,0.160571702284049,8.1325652583707,0.246125894803645,0.164612795421162,1.00577451078852,0.0188969927744717,0.154369668592014,8.76467231833321,0.17361515853007,0.189354286472715,1.9841495077581,0.086988748769103,9.45800557587859
0.137703992899519,33.0694653561776,1.0079828974223,0.236796893128685,12.0301229939707,0.577545400889477,0.197111813457481,24.0766133741283,0.80637556457581,0.0488902306605676,3.44853317762211,0.0239698851611502,0.19205544264507,1.57597523020146,0.0340739082829794,0.185719262109676,14.4640552653053,0.509618861365846,0.193251958708852,11.0984240743995,0.466332856515489,0.112410438395827,1.00577451078852,0.00353655046390314,0.139849066163473,1.62200621191813,0.053460806684976,0.16408599352223,1.00288309926358,0.0204297889143973,3.50332652027633
0.170514583153047,594.659737209127,5.04462031284577,0.248715280512729,6.27623830106248,0.388027333117541,0.182791967001393,10.690727303607,0.421969728882303,0.170885332589152,58.269509235766,1.04055929175761,0.198430776946927,5.40359972355987,0.0480494298757629,0.160538247755179,29.2830732706331,0.399049627554765,0.150493707239264,6.38559396992509,0.184210505873039,0.173833759118396,1.00577451078852,0.0185045433378158,0.133051726197251,2.13222095925085,0.0612313812028528,0.177590340639975,4.92802801770652,0.115307559995492,7.72152971444295
0.133038259580506,58.702892263322,1.29275346402754,0.211658108127895,12.2397329678754,0.394898716037827,0.183700924884089,27.485888313414,0.664363017852352,0.185515328492283,48.7440915159157,1.31381491731685,0.174226751540061,1.01449885892793,0.0184159667283993,0.191705402742174,26.1730577614343,0.733734826218694,0.159000246321478,7.08292353206951,0.222800418543644,0.109453421293813,1.017423759841,0.0049422748231528,0.154963552980158,1.88394737445416,0.0700771549758076,0.197417020799936,1.78366310156055,0.0854252632195744,4.80122601974384
0.0806395311200898,29.6693904865425,0.31763625771761,0.242979369707065,22.2119479273284,0.842995891745285,0.157002400295782,39.1650084479089,0.405459319264121,0.186884977374505,322.201109632407,1.89146138344861,0.143149542091961,1.01449885892793,0.00723957579812572,0.121604300147869,1.8463608342542,0.0521401935532036,0.133094092252334,2.62334079957365,0.0800151056494553,0.190701553936712,1.12528574084121,0.0338243531198748,0.1563444785875,5.3417298504113,0.1486095823904,0.187425480349233,3.79223047250718,0.125026573491357,3.90440823617804
0.129895384679911,2124.67009870304,1.8511106067148,0.238618917622908,13.3054941313703,0.621845291564524,0.197108637801191,22.4692148500539,0.777518843293877,0.181111186849075,38.3836293157633,1.12346951064909,0.128253065564444,1.00288309926358,0.00632881929639206,0.147701891437762,2.60078095318014,0.091575566915736,0.190420406650574,52.8360974706726,0.783347519082724,0.146217264216134,1.00577451078852,0.011672104865675,0.197600406158937,8.6145740489714,0.357014850911737,0.145741270294066,1.4249133228412,0.0391309155003608,5.66301402879492
0.190901294359006,205.590355672156,6.18652328187215,0.246666505911912,24.3554775355552,0.927232138918515,0.138824918337994,36.4452060637106,0.259564593995739,0.185636104068261,51.4846683497677,1.33931633148363,0.0839055725594944,1.0232988843187,0.00109216744564747,0.195683702050809,15.6332226114801,0.613426898936869,0.154801768441224,24.4961185033437,0.312677799286773,0.165738483561707,6.2943333190863,0.0261886988692357,0.19147051226666,16.0435815196353,0.433002400476122,0.163926690133876,1.07772542117776,0.0414870870578902,10.1405113983426
0.157130585348557,968.951424817539,3.73667930139479,0.225479893476514,1987.57983127479,0.853062616116381,0.0632516751759664,4.61228334151361,0.0242749934033716,0.183841691746098,21.7687984609418,0.863000902118898,0.188218769123413,1.017423759841,0.0259206657070514,0.169068622057116,42.6980067851428,0.510458554110215,0.139026518348838,6.44098426295101,0.152202067606178,0.199204016839424,2.74700667630971,0.0508904534280315,0.193601821945429,39.1650084479089,0.557956449402089,0.197589824607818,1.71320152422168,0.0823316691534843,6.85677767244049
0.175112918122018,70.6735679999966,2.74054235468284,0.225331940401136,68.070390112422,0.752254758965495,0.182273798183635,10.845730650619,0.423561811180369,0.187695220335522,39.3911672117236,1.25946154765999,0.189248769091821,1.017423759841,0.0171797567289267,0.198029996833559,57.7684111024247,1.02578259765137,0.177523983792612,7.87905475386486,0.30638532036949,0.140922002944523,1.01158236655188,0.00913275359507282,0.188617707086318,88.7129450016296,0.538046201201109,0.113596599919255,2.012917411563,0.0228921123784625,7.09523921441312
0.135156811806589,40.1554574096307,1.10568408981868,0.23979676758361,20.4916955329151,0.776510166375633,0.194451049251921,10.3873347090322,0.47238454893733,0.181467909500499,265.67830327291,1.65940370789356,0.163762993475404,1.01449885892793,0.008630750045417,0.194855639356118,8.71435120329488,0.406540931156297,0.167821200842405,10.1216499350543,0.30948595793618,0.156183539202129,1.00288309926358,0.0100792472769504,0.0707315406860572,1.73804099143649,0.0154160674603921,0.191754155951718,72.9399970537436,0.227186897251461,4.9913223641519
0.13055134272422,24.714456715881,0.735852631024418,0.201050383242303,13.9728926204603,0.33840468128007,0.154824442085912,17.7444386780296,0.329077851204104,0.14651433496208,5.41917883794353,0.189026865799746,0.191795990635078,1.88937898174206,0.0350911181828563,0.165789742909373,4.82970917626452,0.190266271982559,0.155969707378079,6.7058929175172,0.205965489141184,0.199341851332505,9.28414544519475,0.060526662787775,0.166437680188127,12.7065019223768,0.247153919059922,0.169800605157491,2.07171057200942,0.0700106233495472,2.40137611381218
0.139506726899692,626.019479821189,2.34595140425512,0.22718836290923,18.3681753422353,0.594220627425775,0.130605352048618,7.6115020308696,0.152238297341822,0.180634609007749,55.009172100585,1.26045830000755,0.197282995733653,1.00577451078852,0.0140770088957401,0.154195011340978,3.10901742259474,0.115050691620553,0.190717574871531,19.2895159816518,0.600074263708209,0.158049111085941,1.01449885892793,0.0124991912217875,0.145743621028177,5.19013667692469,0.121518021014539,0.159977976618172,8.15601225127809,0.0876599317462093,5.30374773723731
0.165439826270558,241.924895184527,3.91542835333761,0.175808709857673,6.11570617216135,0.161657766974714,0.186945552275076,7.4382002633935,0.334796688686527,0.188481072107333,12.1344753910871,0.559640450274004,0.192970281301596,1.23387969717049,0.03204125338899,0.189596537940216,11.4885459675579,0.471105869098826,0.175986793969994,6.11570617216135,0.251334411679751,0.197113858665112,1.00867425853989,0.0199551100514623,0.172065592217959,3.80316384938978,0.151240799335421,0.167811550296687,5.67464221589759,0.0983583545969772,5.99555905742428
0.192510462701626,205.004208187318,6.28206855778946,0.245647892426772,8.03944940844679,0.474410659454632,0.132986327531198,10.5379392096157,0.178749647090929,0.184606307685129,78.6092890454508,1.49208729638281,0.19611630436669,1.78366310156055,0.0382544174592526,0.162406776647359,15.2333597657718,0.35231685064704,0.196303657231659,49.7363795461226,0.888712522105253,0.12861969073072,1.00867425853989,0.0046385933838255,0.139980124867422,3.85830538552188,0.0965625987938436,0.194633598529823,8.03944940844679,0.184381573679223,9.99218271678627
0.164771298972731,109.701139222652,2.99590901384601,0.244315318259515,114.621164452844,1.21601192813587,0.194368020166155,10.3873347090322,0.472108286435624,0.170137020092387,135.061831034464,1.17526591068362,0.174335889978504,1.017423759841,0.0203887283533644,0.177184862945195,12.8167214051892,0.423238660177789,0.194551618309731,12.8907317012169,0.522340486372819,0.195500713340983,4.01699207793678,0.0512753774970096,0.187291632123184,15.8142923261533,0.396120908087921,0.185395679587655,9.91971340151178,0.161285293649481,7.43394459323951
0.195376834942297,253.956838832348,7.11561426465261,0.239380220015943,50.7488676765729,0.976433427066052,0.197611258419358,86.1953566475303,1.14189698372915,0.197416066862196,106.661331716613,2.08397195010765,0.165273314908891,1.01449885892793,0.00356973155035136,0.194311563969584,9.6938573407282,0.440990822262159,0.178179509903551,13.0025492407616,0.407949864313632,0.186561421823975,2.89311263070037,0.0398555510065115,0.142571227540234,12.0995910689866,0.14582087644139,0.173716656542762,3.9368492691367,0.100498880473603,12.4566023516031
0.127459307687293,49.7441155759049,1.08924843632425,0.218517372166385,42.8211093770612,0.623574687068543,0.15622894436605,9.72180569368846,0.270679775330796,0.181777830259102,103.634385349794,1.49835090933989,0.168377456070208,4.30435891208667,0.0229196171447083,0.192588525108655,364.661968995364,1.06017887051068,0.14997332412319,6.53437118513655,0.184358627113559,0.194805154005829,1.00577451078852,0.00624538845442702,0.19355012584267,4.66570449781614,0.217635209168416,0.182378435804239,1.65502554408647,0.0703104776375594,5.04350199809283
0.106524026486712,12.5626169244427,0.304428179093704,0.245412753546087,11.3897483457029,0.617253622959029,0.164907243487882,5.773515819051,0.220307338099293,0.0984690431322737,2.94352153037066,0.0649147342833568,0.0975936961895862,1.01158236655188,0.00193029981820779,0.12999822912604,13.8129064745256,0.171992728599259,0.192975562770178,6.47817779606607,0.305325839820675,0.192321247012104,1.441417191251,0.0381526381830919,0.179080866971005,6.22226476776323,0.229897925188039,0.19539199030226,2.12609122719942,0.0971270268828842,2.05133033292754
0.193887660074612,91.1199807677937,4.07782473155677,0.238615208416371,70.4631396848539,1.0039536277059,0.193408299344321,157.77911378342,1.09476986559983,0.189971976822271,13.0776326016306,0.607078831196315,0.192679848229422,3.78132852701561,0.0401610728617909,0.13608513607815,27.6446058720117,0.221799606276524,0.177779471450416,3327.59553306788,0.690956657620911,0.172809304690102,3.27437776251048,0.0291374578628771,0.198011575918812,6.15102138343189,0.284917027810108,0.190006403702385,3.30278056177977,0.120839334864514,8.17143821335554
0.173986253630279,167.867046233813,4.21411985183572,0.229688637979999,53.9116868488411,0.806696241898282,0.142254232277614,9.33775684323017,0.206643831087711,0.12937195804254,33.9142795486171,0.368915413362528,0.179213091996656,1.00577451078852,0.0180036551506507,0.168541272541634,108.832646422802,0.564808772602362,0.10811821310985,1.56242237457588,0.0381134277237652,0.198542209316481,1.01449885892793,0.00665874862557895,0.128056193633327,8.34603823722249,0.0958327168636074,0.19552859308025,1.97844545312916,0.0921193478838535,6.41191200703406
0.179125861843044,301.40997547179,5.46644445017751,0.198860370496016,99.8274120383638,0.416661915421806,0.191573018908996,20.1988354669711,0.681072359810921,0.130039016601892,26.2485172849919,0.352152555293232,0.192263842671161,1.01449885892793,0.0120813125447448,0.153111566458156,82.5523008734509,0.377519144617637,0.178371085227309,198.072510456684,0.663915816318312,0.161562764135976,1.00867425853989,0.0164599004359532,0.0989819214234364,1.00288309926358,0.0114645172622751,0.154563034934615,12.0648070327153,0.0811572045185587,8.07892917640095
0.0924372300666449,160.371082098708,0.588052334847385,0.241894171120111,23.1921673069706,0.841908696465982,0.176285969798832,71.6908725083659,0.67913124352184,0.186460384922092,50.7488676765729,1.36896437186008,0.18330208004236,1.01449885892793,0.0179600881258149,0.171156809110866,5.29579277470977,0.216029450259279,0.192736557341006,11.6216105181022,0.478136202535552,0.191414801720232,1.00288309926358,0.0124335497391868,0.127957943516092,5.08658851868221,0.0844316957587768,0.0805778808817429,6.80312071291408,0.0101970064216619,4.29724463953556
0.155533715235568,75.9024969407108,2.15691083558472,0.229181994793359,13.932723196473,0.554931760417896,0.199016038619666,157.77911378342,1.25242877138006,0.183837561871016,33.1421054672574,1.10033959224157,0.195371042466391,1.25899790157518,0.0339509106633286,0.132170716952098,2.5933041997516,0.0797674143224967,0.151789946538784,29.7076444189603,0.301495255252118,0.164075834364089,1.01449885892793,0.00752763491463272,0.150133308306993,51.3366596640957,0.202620732979804,0.188133714411857,1.76324060258228,0.0782281771014496,5.76820108485808
0.135782580284918,19.667724786681,0.629580943387301,0.196283646859805,3.39924796097488,0.155977537609264,0.15671380227751,25.65088039011,0.376573976065246,0.157600067069078,83.2683808742902,0.823652469397949,0.148658043808643,2.46943812909056,0.0133509716735221,0.192562971650725,61.9010369802681,0.930531155087151,0.198186945334306,20.8487379146156,0.700565606439953,0.186924839332491,3.23688695135292,0.0404865360907971,0.193839935498828,11.0665182039154,0.386221943536117,0.197957614684848,2.18189932872234,0.101455998096685,4.15839713738398
0.140332627642106,34.4180799495182,1.07417018877455,0.239838650057432,9.61049343596866,0.517129443993388,0.126207310313214,3.89177332396176,0.100893152761819,0.191195125436881,15.1023580078497,0.702776977581936,0.182261968285956,1.01449885892793,0.0218120977737955,0.186501788643942,37.4018619842125,0.736904637173444,0.151639922658715,2.57841511385935,0.0936252257937268,0.190744085379297,1.01449885892793,0.00476200691344152,0.188751039509648,69.6563542571799,0.533960032168677,0.196234738471532,10.690727303607,0.204999719427814,3.99103348236259
0.15852655011396,241.235156269643,3.3213799686727,0.222879084886061,13.932723196473,0.500197902792939,0.189825737442628,44.1988889941343,0.844084036614854,0.154913095778843,13.1531495321769,0.429455667034869,0.161386290699725,1.01158236655188,0.00569378497489082,0.141443037898328,3.17230798106454,0.104326386609058,0.191867236894606,8.76467231833321,0.388408558411763,0.166969064167878,1.00288309926358,0.0169966581005979,0.191820901175202,25.0668507346102,0.497629148813905,0.159503628824159,11.9266679922861,0.0921409338425155,6.20031304586809
0.185394276730792,53.7304753624608,2.4231473097208,0.247085383965031,24.2854601433005,0.924758563770743,0.155257458684764,54.0671195934932,0.400838840965402,0.194626398684662,16.1827476936424,0.767490096539249,0.196637162011571,1.83576021707557,0.0384560979963041,0.168305923020664,74.2108860452115,0.535342113127884,0.198099881509524,13.8527304550101,0.567958957709791,0.145501315321209,1.00288309926358,0.0036257871776977,0.15294605746528,9.58286508470002,0.172526009209496,0.152581618290174,50.0235828063934,0.0820047101440419,5.91614848636141
0.13200162473039,65.8048603822831,1.33518043792118,0.205728504332663,3744.49580464818,0.510795567996851,0.199630393315998,8.84069935203988,0.429681444590118,0.196743075101873,184.848829201335,2.28190331936351,0.182819246064555,1.00288309926358,0.013205040437385,0.191393128795134,2720.24895517358,1.07824998552344,0.187272850774017,71.0743551760129,0.766407104682604,0.145306899440041,1.017423759841,0.00433733481790026,0.182146305347558,7.54604567969013,0.266167015020486,0.198762588264991,17.8469041306121,0.240963752426658,6.92689100278013
0.0978037202659409,14.0824620538428,0.303289474853651,0.225230943947968,5.84038679556032,0.311318969472528,0.138384117984294,7.41681684421187,0.174936792797912,0.133485710490476,12.9278969602916,0.300329106584805,0.154065538516794,1.00288309926358,0.00639500763935594,0.166249545050705,3.97099851752979,0.159526391446781,0.142957063866784,12.5972302899552,0.207076666177702,0.136362291383103,1.00867425853989,0.0071968039650953,0.173680165417404,22.8607130534172,0.329565185392851,0.14287217345149,1.68386231169735,0.0406678579343304,1.84030225626501
0.117332700250356,27.942768084714,0.666966528800307,0.212643553350173,17.1913042784243,0.4483525163858,0.178236488909105,12.7798757548119,0.440014487722334,0.160610091105544,12.4888983567305,0.446222793849159,0.184814471891673,1.00288309926358,0.00169911010100632,0.192947178075698,8.20310923201435,0.379849049727008,0.0793486384703711,2.68446171339143,0.029982688536512,0.18544862928513,1.01158236655188,0.0275686901118204,0.194213640758945,15.0589415844573,0.446123565145619,0.136242784924682,1.00577451078852,0.00322418275658362,2.89000361313615
0.0892787431027933,48.3439459350739,0.453286806044226,0.241962698516565,88.2036122908699,1.11974304759571,0.161730227042179,17.7955976561148,0.379494918642565,0.14332787622565,284.684348451138,0.635095199792773,0.147614307882559,1.00288309926358,0.00697163205384071,0.198330602397101,106.354700557757,1.14064967849073,0.198569696186118,24.8512842698056,0.765090752915122,0.191852971284951,1.01449885892793,0.0222948620295924,0.18931733769628,3.60071789654471,0.16651658116835,0.15416174451893,1.26991877487462,0.0416220368730617,4.73076551560597
0.174523784087417,175.21241513471,4.32834597336971,0.227850216989917,17.6934267723322,0.597982622280593,0.15950342056595,4.54636621906863,0.172051480298281,0.180382811876183,49.7363795461226,1.2044790598193,0.15872953080107,52.3817248465878,0.0190418380737827,0.195402731015415,19.6256118755653,0.687255579158431,0.189173126078133,236.779220177662,0.879502933542587,0.189050628838738,3.66345594042931,0.0430467836954777,0.165885054041446,8.15601225127809,0.210219877880254,0.127501123974278,25.1391209535034,0.0420715893417967,8.18399773746021
0.165844535702533,52.0692237026929,1.97388008207908,0.130283169425329,1.00288309926358,0.00783685064650198,0.0765558722316063,1.61734325078285,0.0241055480952555,0.149054363354202,21.2120013170279,0.493066002905675,0.180370825260335,1.01158236655188,0.0181017659761494,0.13967533524811,4.20635552139048,0.126767636725928,0.15650290544151,13.0025492407616,0.278115199019094,0.197489364887791,3.23688695135292,0.0510795028935811,0.190376847933102,4.49431145638251,0.205599934944699,0.180403056980539,6.7058929175172,0.134219087852715,3.31277161113868
0.0838743503654112,50.6036082141855,0.395067828932304,0.228109604351145,14.6737675621227,0.561481680489365,0.180290197394681,9.77794436555052,0.384815053442755,0.105319554510384,8.86618796583124,0.145932107622949,0.114709557309064,1.01158236655188,0.00492668873913849,0.171010750209741,4.21848286189654,0.174946304747003,0.149738124255391,12.6335493553273,0.239920247437966,0.192301622603433,1.2267955530143,0.0356073414415014,0.110787078340915,1.1481932879197,0.0284590389915113,0.148990324536035,2.83539228475476,0.0555309181802731,2.02668721002477
0.164648239390982,55.603256136877,2.05724833781289,0.235414733939682,15.6782947440786,0.642206025514896,0.177587502341387,95.8838439353261,0.72434412547811,0.190398661217038,50.8951816995986,1.47818861812427,0.199579405206576,1.00867425853989,0.030441426537235,0.140294417122937,3.83615347588896,0.119708420541428,0.19899224868527,151.110563018577,1.07476798289053,0.0970953777167499,1.00867425853989,0.00129561838655901,0.199733253707836,13.1153367145537,0.463846877522965,0.189407435226654,6.33068001474387,0.158449919757801,6.75049735256668
0.160599732513328,45.660730913107,1.69068375030078,0.227988052019546,5.67464221589759,0.311811674063186,0.175131426540846,14.053579239644,0.438134869247949,0.184364813569126,66.3293018815899,1.42645217192174,0.137432861098011,1.00867425853989,0.00612889059392768,0.177271984079887,18.8503244528549,0.498290063624399,0.195979827735752,12.4888983567305,0.519736156095131,0.106498882033596,1.00867425853989,0.00175384941166133,0.164359167069923,118.650225279192,0.299505949974352,0.188452633096044,1.27358007675926,0.0586466401127775,5.2511440153459
0.184765603772268,49.6022928326398,2.23735638805566,0.181277589314767,8.91738586389294,0.204160992639783,0.158467828946907,19.0138370407198,0.362192542609413,0.149536675320548,7.99329205722658,0.278519640887317,0.159030732716354,1.4920846013006,0.0164944492356064,0.165897050720643,16.4173790695188,0.38585640691965,0.18995213542687,129.726367378442,0.861859488485965,0.170458259009752,1.00867425853989,0.0204078606414252,0.118358926771425,4.08698318318596,0.064148726082234,0.0778344446422005,1.00867425853989,0.00203812671369304,4.43303462227075
0.183231083975659,1228.05788142156,7.32888765113212,0.232216294516296,15.3654978668113,0.613895108587645,0.166328000563356,4.67915618701786,0.18725779807119,0.184709794973805,48.8846255702689,1.29514203370826,0.178275753055715,1.00288309926358,0.0160750049951776,0.167392105315831,4.73335188912938,0.190051757736415,0.120555007479968,5.46618619625777,0.0994167752578275,0.174084862043956,1.01158236655188,0.0217718300328825,0.177603537179001,23.1921673069706,0.357319832572544,0.18954899533838,1.6984685687346,0.0769999477307203,10.1868177398248
0.196085730077567,113.524782752359,4.87738566113157,0.193496915454377,3.11798102843626,0.141804005615249,0.159581342285726,4.45566189315493,0.169243770025337,0.197909882933527,54.0671195934932,1.72474602906707,0.176258468919208,1.66458250694606,0.0247241030915131,0.148990667993391,3.78132852701561,0.131022620006861,0.183040426152399,5.67464221589759,0.250703474864249,0.133072748302705,1.00577451078852,0.00382990425614436,0.190943436821927,13.4209094274668,0.403750895106084,0.152053855747453,1.53566531100084,0.045020396816965,7.77223085998104
0.173023740611544,271.968744329294,4.73286831501272,0.187554114621532,6.47817779606607,0.203654376283514,0.14936551751165,19.738940183072,0.298285550453121,0.163137265116992,23.9383809351586,0.669247041960241,0.135901966654104,1.01158236655188,0.00445669218411598,0.14328209485186,7.37423424898408,0.18424926314934,0.159017534412007,12.6335493553273,0.287304046243313,0.197722284357022,77.9332756634849,0.0612782129755436,0.179752226100782,33.5259694810802,0.400060429820429,0.160185402264267,1.12205075712963,0.0411547587838287,6.88255868686617
0.161152105222432,54.3476199994081,1.9309929516068,0.24145441889206,41.2480907306527,0.993072539751444,0.170671721661012,471.159868688245,0.657448643223078,0.199843894259584,18.2102152272867,0.885299467553612,0.125393044282306,1.01449885892793,0.0061448298772514,0.188850705301441,13.0400368809022,0.505198990740223,0.173184101292034,23.1254942116391,0.460898854341246,0.164780619936989,1.01158236655188,0.0114534092516265,0.150980313410153,1.65979714701382,0.0599835862652869,0.189889785660604,3.83615347588896,0.130939909232402,5.64143318184297
0.176503025709405,334.993367790803,5.29710471583903,0.139199118141035,10.7524610237587,0.0821223666218077,0.0899755270843932,1.18855355314224,0.0236703970693219,0.189661789032086,21.4576864915806,0.920459804860948,0.178690019829003,1.58051892322707,0.0258465663754478,0.190442103035788,69.8571804408421,0.897322755326079,0.195490028073881,6.33068001474387,0.302838202896882,0.0956574811729094,1.00577451078852,0.00121518991583755,0.19143344820368,6.40400427119728,0.272052514122477,0.143397497203863,1.00288309926358,0.00844837376726815,7.8310808867951
0.109468172326702,13.4920879143229,0.337414217034994,0.224043696509074,24.0766133741283,0.617137137241078,0.171836567148923,93.7007216607734,0.635670620922135,0.187626810207507,24.2156440378081,0.97535644064383,0.14238463405419,1.00867425853989,0.0102306410377422,0.198078560488263,56.94280539997,1.03496818727057,0.197481706072325,18.4742425689144,0.660627141838664,0.197015922473449,1.00577451078852,0.0238635144654529,0.150590262898561,3.86942926293753,0.115021781273681,0.179118692304515,1.64552345116496,0.0674688056735198,4.47775848740167
0.181635774466615,88.0509563975839,3.46040221579737,0.241610439968841,40.7758103487437,0.981415446239618,0.142473608305235,3.01210229799636,0.101600905021162,0.173397964575746,18.5275056440599,0.683091654079088,0.176861291929763,1.01449885892793,0.0169234036273693,0.184884735844097,7.92455244054436,0.343261490109887,0.0734923826196013,1.95579274466099,0.0229352640084358,0.196194634003794,1.01449885892793,0.0154387231961082,0.192857973337055,13.7731969804542,0.422458503005138,0.177059047652956,5.80685504843578,0.119276093461587,6.16680369854576
0.180832762393721,169.311062133088,4.79560105469411,0.242441227752996,34.5051938106528,0.951159790871807,0.198073655527479,48.8846255702689,1.04309983331745,0.124008001693328,7.94739971184986,0.19801726323055,0.175665496796346,1.00577451078852,0.0194976248615396,0.136360485887743,19.4568382303861,0.212508233277818,0.171890762355506,151.110563018577,0.559749049206559,0.139025345057949,1.00288309926358,0.00974818290443352,0.170779010472949,3.10901742259474,0.126669781678256,0.187643102669265,33.0468281812645,0.197433243659877,8.1134840577024
0.159870596599953,30.9676358722681,1.19162167537946,0.21510846828375,15.8598865007128,0.460805780055581,0.182941723985785,40.541701854003,0.726011969984513,0.175825199994523,15.1458996051004,0.611177891663986,0.194293969877822,1.01449885892793,0.015414738332483,0.156097043745627,3.94819959636536,0.14612651131233,0.193182885886387,14.6315832552147,0.54759906711172,0.129120042582134,1.00867425853989,0.0052101370737614,0.0870757700819596,1.00288309926358,0.00403672394471102,0.188077627998121,4.3542135747773,0.134821747297376,3.84282624215592
0.19873068826821,346.669593145657,8.41985214661195,0.239489415713165,50.8951816995986,0.979337062357612,0.19930096980868,13.6547521301788,0.606254740046354,0.182342095989277,21.6438160118766,0.844943276279409,0.149035531243087,54.2230004661768,0.0146757593088234,0.191855457095007,8.44270511134198,0.385477127580462,0.186193695578027,15.9056121278034,0.514939150519049,0.158473076196427,1.00577451078852,0.0015307661945245,0.160710645951531,4.81582467568853,0.152393735057321,0.165658233139699,1.2232687477884,0.0465995974806179,11.9660033614361
0.16640622452384,261.312106362475,4.05413838124877,0.16141407382621,3.33142973427318,0.0975552057153474,0.129009634406328,5.29579277470977,0.125855679516238,0.159356439736939,13.1153367145537,0.455038851204458,0.148525986456974,1.01158236655188,0.00107082661407677,0.196204315203787,20.0251322921732,0.703191419085964,0.170927825948613,8.84069935203988,0.300461514763507,0.195924916724599,1.00577451078852,0.0152673376945807,0.114965654960586,1.93897358646993,0.043565760725055,0.144568232051572,11.0665182039154,0.0631254520913352,5.85927042865933
0.181356840811324,331.189349135574,5.83794117832503,0.0959829726877935,1.00577451078852,0.00956676881395873,0.19873316982544,25.2115995346114,0.846355289666165,0.180661710484208,13.3054941313703,0.575777876334115,0.168109225165486,1.00577451078852,0.0148902248173982,0.16162720570424,21.7062172818814,0.383016969998673,0.142779416702888,5.35713058780925,0.148404212599566,0.135383744379733,1.01158236655188,0.00638103657575924,0.197651014177011,55.8067423266136,0.650443939153288,0.0868656557061545,1.00867425853989,0.00818334764686046,8.48096084393081
0.182789990883536,87.5495975276884,3.48748536843891,0.236043719037899,8.17952684419346,0.443460234935377,0.179346817880748,8.76467231833321,0.354983582378564,0.173757277533895,17.2905756504487,0.656183017426712,0.116119582856512,1.02035709353375,0.00542256768167471,0.182430025838443,20.8487379146156,0.571697380342298,0.159501845549756,28.1262788456248,0.356476593113669,0.192920923149949,1.27725193454067,0.0364649921960914,0.195534795779397,10.0925521055113,0.380096482758621,0.132203780676267,1.34131840233837,0.0301020881270347,6.32237230739895
0.15300419370104,61.7986249601431,1.87505528633383,0.233453080721163,61.3687089327262,0.899667073162063,0.163546137129609,4.46850800867783,0.175215505990438,0.193556720842732,18.5809222819382,0.855543995332954,0.162071814195069,1.00867425853989,0.0149088855018118,0.172740142555899,8.76467231833321,0.318892039026552,0.136756882967059,75.9399168943669,0.22260671613046,0.174770803938741,1.00577451078852,0.00329689703981824,0.0846300246074228,3.04698957090351,0.0260613974251635,0.17976137382121,115.283045603569,0.167400950115616,4.55864874605871
0.155355114451428,59.5469207354154,1.89560859162961,0.228576602644388,4.21848286189654,0.238626271256514,0.154631561967465,55.8067423266136,0.399414597276662,0.164408018344108,7.90177085082341,0.313500496828437,0.190236086137004,2.4062754285944,0.0357304565084544,0.163001986122218,15.9056121278034,0.361960687369795,0.181586683740795,4.8997344482741,0.21699044347204,0.194085018433138,2.79486986091936,0.0458574428132249,0.18937163157676,5.64206206761865,0.243472077569073,0.102868341909515,1.00577451078852,0.0128413411579234,3.76400240588173
0.147194264271236,527.460738132538,2.79061527577667,0.2433090753934,37.1871245324062,0.996240551387195,0.159712099783684,6.06311316104581,0.215271832185816,0.120574407387303,7.50272113554967,0.180264338528355,0.162232361599885,1.01449885892793,0.00487336641533368,0.199330377467804,7.83381828565906,0.381636637694593,0.199976242625284,58.6059871454894,0.983861257333366,0.191492882112451,1.00577451078852,0.0165105078211316,0.189728780445955,10.0057595601981,0.34643037531685,0.170053283603948,12.4888983567305,0.119059042335536,6.03476318479485
0.199620060496031,842.449499356297,10.2062295638513,0.202196836845555,3.70588742997801,0.177236646834131,0.190259487943511,31.1977684837926,0.780651768282573,0.194341287233472,42.3308183228056,1.45726697960696,0.187782534489057,2.13836836392825,0.0329104816016173,0.184872879273204,903.106430675703,0.896524668253999,0.151080073031135,10.0346071582177,0.227513779286955,0.111334064510117,1.00577451078852,0.00263754353335832,0.197550482211445,4.81582467568853,0.231031704685702,0.179902078470745,8.10918567113405,0.137712965198561,14.1497161011352
0.0643973441199095,18.9511085347577,0.177001101147865,0.239629137306079,18.7420980057214,0.740749625223411,0.17450862723652,52.3817248465878,0.63169307700863,0.152251665285345,12.0301229939707,0.390093463047641,0.0848350565244148,1.00577451078852,0.00165808573769888,0.181972477708173,5.35713058780925,0.237389914607511,0.185536361151358,24.2854601433005,0.597755294932002,0.185641056818248,1.035151107089,0.0298979600179417,0.132528471744171,1.34518555643637,0.0418437251814722,0.148957586608583,4.3542135747773,0.0615109048213818,2.90959315172555
0.187187021402143,1221.0653655332,7.93040562664317,0.243488060712034,14.505756572389,0.696851740344725,0.150764982927167,18.1578643020893,0.30237679722714,0.191738504996985,38.0535430450317,1.32302066162596,0.106659288126896,6.09812467340626,0.00441479284758673,0.176443761353956,25.2115995346114,0.538936757542837,0.178727232399068,31.5591124739724,0.561153409501658,0.140494436186313,1.55345194953386,0.0123732550291078,0.163829481653256,2.92662172166501,0.112427858674281,0.187458043075802,1.34131840233837,0.0613293964002812,11.5432902958367
0.177891001194855,55.2866532650874,2.33802038674793,0.224895005370854,5.64206206761865,0.302538435182046,0.158933257895392,17.8469041306121,0.357426227755512,0.178832699491459,25.9479782891666,0.895004654744972,0.197258080173443,1.00577451078852,0.0169822871711452,0.199417745311129,15.8598865007128,0.65321709278904,0.159551530499579,5.35713058780925,0.188582961387395,0.188504939130713,1.01158236655188,0.0134876435852471,0.198096305782905,13.6941201359897,0.459695369340876,0.190628413564532,2.42714808378022,0.102012793206535,5.3269678519107
0.0573896375841265,15.3418398258396,0.133567532814393,0.190556183427856,8.86618796583124,0.243643926301016,0.153291041919178,7.24794774808137,0.222217663008069,0.190277967567131,16.2761951447872,0.744560478647888,0.19961076351599,1.00867425853989,0.0259855173164182,0.157907896452586,4.50726900243269,0.166331769537335,0.174253568303679,22.598963573615,0.46670953038603,0.132182138885756,1.01158236655188,0.00351766985094049,0.152207581701104,3.42873391662958,0.109474527790355,0.199080616835048,2.39935784176774,0.110690327673874,2.22669894332632
0.183107052383891,52.8178734817829,2.34490532938009,0.204291137851303,8.41843393067599,0.300304941311507,0.171153436184147,5.87411217212038,0.237990633518331,0.157596210618033,22.3402110602687,0.59311948388755,0.196961323576151,2.44116367657533,0.0415160588488167,0.185576021838207,139.809403920793,0.855384944277533,0.191181356007713,31.1977684837926,0.720103654130958,0.174537823091264,3.72728711692345,0.0311569671294176,0.169768813146302,4.3416960341386,0.161416033170908,0.147044856625627,1.00577451078852,0.0243464744981977,5.31024452015331
0.196884814316962,133.970279981353,5.47630605255047,0.245936723331455,9.5553161597167,0.547503733545373,0.17270975062984,18.2627170853981,0.473877051817288,0.067488116913179,3.92553157195246,0.0431844396374606,0.187892291270671,1.00867425853989,0.0070266472319917,0.194399587006544,24.7086041684656,0.744081498739531,0.181874246928904,19.9675638236179,0.51904804882484,0.175360948280195,2.67674439360146,0.0306903439679977,0.194780172627481,5.20510035615579,0.241009180997103,0.183002262715713,3.82512526006857,0.115768190473639,8.19849518778569
0.187977968159406,256.873770053303,6.30742496630178,0.222251503256195,4.41734470314007,0.240919144181202,0.167894164700554,53.6021605942022,0.543446273945402,0.176868326179052,93.97087014239,1.30426351100861,0.153110788161729,1.01449885892793,0.0114067551703252,0.191757536857619,296.393016667894,1.03152893113764,0.195495759235455,11.3570049730287,0.486538056050195,0.12354652465684,1.01158236655188,0.00468886703977057,0.178991623202551,6.33068001474387,0.231472446378394,0.147980250731381,2.10780755947618,0.0489174895687441,10.2106064407821
0.138929595901435,86.5554276894931,1.67728632511413,0.247461357537213,12.7798757548119,0.680301098129541,0.188774665933558,137.811297361671,0.976925247396774,0.168747984468114,8.41843393067599,0.343655243688313,0.163760821200685,1.01449885892793,0.0149027606490081,0.150007662215219,13.7336016436691,0.26476145658937,0.171983087997206,170.532811440152,0.571431191695681,0.158156410039231,1.017423759841,0.0115545391948008,0.146039242492431,14.1347317845805,0.160990382980794,0.143626779566395,3.77045792255574,0.0526571053345627,4.75446535077297
0.16723945665218,333.085928017637,4.29047454683421,0.247812377397061,30.5753433592029,1.03189220639825,0.16136877325465,14.505756572389,0.351264118251589,0.158081531671634,11.7901106095195,0.415198900794068,0.169016184366847,1.00867425853989,0.0185803601947319,0.137683104516961,15.6332226114801,0.209660443467128,0.18013675494931,9.15145972170511,0.350502257371921,0.197280160100816,5.45047194460812,0.0544523698293627,0.160432551478493,7.37423424898408,0.183539741812959,0.182618171646445,1.669381663546,0.0711404670568743,6.9767054120111
0.168522391667638,98.4220912361207,3.05520267496108,0.22838462079591,13.3438551917019,0.540597055880885,0.166965496072971,18.5275056440599,0.421473803596753,0.177149605036152,16.9944681193122,0.675199483301731,0.141094872368549,4.26734287669584,0.0115024205684454,0.199189034010053,8.71435120329488,0.42071826783497,0.131672290782205,19.5129342263596,0.174694955876442,0.148738399465456,1.00288309926358,0.00505819634894345,0.149440497564033,2.00713065465068,0.0710558711888559,0.179774652660127,1.55345194953386,0.0651809886423173,5.44068371820042
0.158439408998491,44.2489815380287,1.6077055787435,0.201723565919601,3.03823005207779,0.14898546361579,0.182621281859631,85.4541056418972,0.805228673009156,0.190209353273148,14.9724828208773,0.690363340367325,0.161931712189541,1.07153781450759,0.0165965870483247,0.177517192209889,9.77794436555052,0.363115208062086,0.17049579536709,7.97031285410644,0.282095199047054,0.170354677534599,1.00577451078852,0.00927582863611386,0.190514537307861,4.85759838400825,0.220261759199125,0.199499107112454,13.0025492407616,0.229505659200816,4.37313329692929
0.176206786409903,171.745411644177,4.39425229873627,0.229171855515369,12.7431360287119,0.536261291328305,0.108742630204246,3.6740180475533,0.0719185665235707,0.176385284610633,11.2918003500854,0.481792496158237,0.195714422063743,1.37256962462899,0.0348800909699671,0.0620508745406776,3.68461060628057,0.0214113310838405,0.174273823277073,1197.4835809609,0.624082974123838,0.160799765453632,1.00867425853989,0.0067510926749529,0.149096940726156,3.49853297367273,0.106320990304851,0.171108760491726,3.17230798106454,0.0874616344349634,6.3651327663388
0.183321291269961,56.8879022311707,2.51809678755062,0.243936993783407,94.5135059458335,1.18578164617842,0.173294548584306,13.932723196473,0.426048485734212,0.195037769089303,23.5962620603196,1.04545097583906,0.192881549771825,3.92553157195246,0.0405748350488038,0.0943345398265668,3.00344307348301,0.0475444055362555,0.0727525688106044,11.9266679922861,0.0320570093071113,0.17572576821782,1.00867425853989,0.0133096333998692,0.193004873362942,4.85759838400825,0.224144857828319,0.158168368535869,2.29794873135268,0.0610684479168473,5.59407708433952
0.174083235028138,64.8721307788236,2.55553601573158,0.229930047029018,9.52784643268317,0.461046921995799,0.175542375478055,8.78994173863968,0.338680104168788,0.169219952113131,30.6634951091254,0.830952639264032,0.166406038555079,1.00288309926358,0.0166584993032235,0.194546593659104,30.8405617924466,0.815970736599212,0.188935569934326,59.6271237907573,0.772721075736621,0.181432176554311,2.78683513858361,0.0352296155076308,0.107267331004864,1.32214875407135,0.0301307602549831,0.10974453969496,1.38846722913941,0.0191118248926972,5.87603819345457
0.188059935065289,547.406111592036,7.47961318828026,0.244773529023551,15.1458996051004,0.729262250577908,0.156224941684795,41.011270705513,0.401953268129405,0.184232051546107,85.7004783109429,1.49585096422792,0.182866648771443,1.00288309926358,0.00846668761332756,0.17429114405035,11.6887196334189,0.382733272294672,0.119597990310535,3.00344307348301,0.0727721302026055,0.156503791972923,1.01158236655188,0.0118121084895618,0.135895079662293,7.22711126890421,0.111992473448107,0.0579687658223235,1.00288309926358,0.00208279486240268,10.6965391381262
0.176332438901175,56.8879022311707,2.36522816002568,0.223932625035312,5.67464221589759,0.301030627325161,0.143077704748409,17.2408685151293,0.253536225469774,0.17983529251616,36.3404329881246,1.06130818268803,0.195348383353506,1.01158236655188,0.0215113921688597,0.145349556837498,30.7519010092932,0.282215421823481,0.132717946492108,17.3404260963733,0.175852430263194,0.172149090012996,1.00577451078852,0.00392454664782678,0.19702907076915,5.31106107095859,0.250161854548373,0.184163237550816,5.14550325140415,0.13388761881591,4.84865645977629
0.164075978935149,56.4027181311874,2.05035831950925,0.205240082748646,13.3054941313703,0.364652240187278,0.156030854072982,6.04568285725226,0.206006668803776,0.0741108769129769,3.88058521159597,0.0505793038091768,0.123140830054831,1.01158236655188,0.00616412671755949,0.157904548928145,5.90803229623124,0.203437536951314,0.165441955124176,3.42873391662958,0.137209727115498,0.185490746316054,1.79913505645155,0.0355636127163385,0.159294449439228,3.44853317762211,0.121486018228696,0.144358691240122,1.00577451078852,0.021813875857466,3.19727142989635
0.1097300200544,14.0423123119632,0.352295840816516,0.186679483438415,34.208460777616,0.288822839379676,0.138811872736971,8.94309557251015,0.189764244158099,0.18769113423831,29.4521686931553,1.09815032761985,0.153009759557964,1.67902152597229,0.0144050740690243,0.181011593775101,16.6075311717231,0.508689124907092,0.167015283770675,10.1216499350543,0.305017885730107,0.183076975150199,1.75311720834914,0.033443684272315,0.190476107022057,27.7243080148432,0.4944715412893,0.0893643813904358,1.00288309926358,0.00131499212548472,3.28637555436746
0.124858866564602,26.3166271848512,0.720048416169642,0.232820515745512,49.4508252223751,0.844064029459897,0.179682186972351,7.06256146630704,0.300427237519437,0.149475174055085,10.8145512259435,0.350573205039546,0.140401055483684,1.017423759841,0.00451708107292426,0.172775612788392,38.3836293157633,0.555777854561214,0.118775795859786,48.3249087633854,0.133853736470558,0.195957357427427,1.00867425853989,0.0260887306751175,0.165081379113174,5.10125365829453,0.167507178197282,0.187132338244369,49.166910368017,0.198452456972896,3.30130992613851
0.189001459248554,122.972955368921,4.65714466770583,0.182539576384168,2.92662172166501,0.121382609281096,0.0847405070726583,5.13071090257931,0.0463546778176728,0.105614369726167,8.27426512232383,0.14240076714986,0.192583882052401,3.02949571521225,0.0393507980157889,0.157620435824656,6.61005466738882,0.218355264415555,0.196755745583462,22.0209326641103,0.7022562790578,0.195954124896353,1.00867425853989,0.0320909996932775,0.192893289819773,116.954518218557,0.605807151272726,0.182923285863069,1.36468921205103,0.0603462751668769,6.62548948957649
0.154973702035521,56.241911408214,1.81703217561264,0.223156845672466,3242.48308681886,0.805294540996144,0.199797227674418,13.4596032415536,0.603860221211406,0.162547848476119,499.085030217353,1.05255236106598,0.171600293469205,2.48369792620856,0.0233649131643441,0.197116391018075,9.0989179220007,0.428141564570751,0.189074694907822,66.138617681658,0.796226375231314,0.17319544655793,4.59902389909696,0.0307458130968629,0.177885439143566,5.99369202303595,0.220812259799965,0.176234737086133,142.245409398223,0.154255363602009,5.93228558835142
0.149897701995144,2035.59829602467,3.17387540654753,0.239858177222094,25.5771389596111,0.844603472818709,0.156668474631968,14.3810119566121,0.317090504964668,0.191692244822485,65.0059692846113,1.6240607394303,0.130671492217429,1.00288309926358,0.00167097193351226,0.19732197147961,19.738940183072,0.715851525753879,0.156078795533847,25.2115995346114,0.32561439621228,0.198292407112674,1.00867425853989,0.0284401766308622,0.174790160183696,11.756216271046,0.285652418410478,0.184177941064798,5.95928009583079,0.138621615644451,7.45548122834667
0.158622759426962,76.5554208756709,2.30016118860836,0.205290671024488,12.7065019223768,0.355326505678464,0.194961395133589,75.9399168943669,1.04701665270712,0.139419951135396,40.4251521276738,0.479158056863009,0.178469705730961,1.00867425853989,0.0082996927485118,0.19459402777082,13.932723196473,0.565197058379918,0.159101447426306,22.9927224875773,0.340495913709251,0.199163718910628,2.6460963359074,0.051409277709559,0.177545048216159,14.4224738415937,0.319407419968152,0.156564146033618,1.97844545312916,0.0550971894733184,5.52156895584566
0.142145382827797,149.750049956473,2.10363290430433,0.219233828647484,38.1632551869613,0.618959507875642,0.152521066545632,59.9714412603752,0.379920934442206,0.113304205065747,4.58580257506987,0.115425431760287,0.133897576164391,1.01449885892793,0.00279292087366029,0.142257325208261,3.12697047724319,0.10432654146883,0.1921304643024,18.2627170853981,0.597752555171405,0.129528583927349,1.00577451078852,0.00627463974912245,0.182648470856801,4.0518365057735,0.176111576885266,0.103628327868276,1.00288309926358,0.00444376301666881,4.10964077554742
0.101244737808707,17.3954538600703,0.375394717483735,0.196824209883958,2.9350594625955,0.139370499300012,0.190881189148545,82.0783386215772,0.976122753339478,0.154190995887415,11.3897483457029,0.386961629701515,0.157153659960728,1.01449885892793,0.00362681713710319,0.175150836712219,7.50272113554967,0.297461349643453,0.19811103908184,15.9514695864158,0.614199862857706,0.176692597764536,1.00867425853989,0.0161133096524703,0.186495301111064,6.44098426295101,0.258573122893216,0.195345909878836,3.95958264771409,0.145068610472597,3.21289267248128
0.0985307305653716,10.0258945661192,0.220577926714874,0.170294730613897,2.31788173275986,0.0890032523293768,0.185840429044887,7.58962040187813,0.337398704683637,0.192362574125345,124.960914129199,1.92554415968142,0.156136857610889,1.00288309926358,0.00537394860205392,0.17392072296001,5.72386552959968,0.236695022612336,0.180918236293126,7.12382395041967,0.296595895754551,0.194020144771138,1.04714060664789,0.034350955110101,0.093918110847295,10.0346071582177,0.0400878856284212,0.154155386564924,3.89177332396176,0.0675358943825598,3.25316364549933
0.138598669832025,4848.86922972112,2.37770941147249,0.246006179880474,26.5525372336299,0.941181203886503,0.170980783557514,16.6554123326141,0.438580498586073,0.162624730247692,48.7440915159157,0.842453673595845,0.162804036639889,1.00867425853989,0.00657610590501002,0.191555783884528,30.5753433592029,0.76450082605851,0.131580750205809,7.2688443008963,0.138647935982447,0.139201339342584,1.01158236655188,0.00597136139670578,0.195406225690921,50.167805761144,0.608832767508224,0.184793001689452,2.37188579111585,0.0935229091594354,6.21797669355124
0.183359576279764,130.571624867781,4.44384538304662,0.175165051665548,4.62558101221893,0.142226909264589,0.173285826920888,62.4379825789225,0.634610218910026,0.199980585994861,331.611938624106,2.60775442731477,0.16533131144851,1.017423759841,0.0116751314119528,0.1531939168244,17.0926028588123,0.302595194718645,0.164068760349835,17.6425615162172,0.357283161616013,0.170130784114979,1.34518555643637,0.0240806225422152,0.197442280058295,8.17952684419346,0.345876474966585,0.195375217591768,2.96051892720402,0.122876423065255,8.99282394685667
0.0830540327058681,49.0390337791194,0.385145704652822,0.232717370050602,571.398682675534,0.985669454674783,0.181880263643923,7.37423424898408,0.317614431529734,0.198048228763046,31.9246416826979,1.32656752717165,0.113796515694638,1.00288309926358,0.00311220782521725,0.0558141218381093,2.09570588324384,0.015319196449579,0.171858216973663,11.8241026687353,0.355414328626773,0.19626915701537,3.12697047724319,0.0496024682464894,0.1898952856599,121.065599013,0.568500830758415,0.105856784039691,1.50070065992818,0.0177910675621921,4.02473721749765
0.18744610790599,1196.90361945363,7.95541186632644,0.221314211124841,9.33775684323017,0.405026068826267,0.117146441034564,5.64206206761865,0.103144339983785,0.147262489912886,13.3823268507784,0.38452113659613,0.178296323520167,1.00577451078852,0.00962385655696172,0.160427307550385,3.85830538552188,0.148311163591158,0.199284741919389,30.7519010092932,0.828387601826015,0.184716682909037,5.49775074742009,0.0406110907662514,0.175161027261171,6.80312071291408,0.229061591138403,0.162147521437408,1.57597523020146,0.0531380388126385,10.157236754424
0.136438189947422,25.1414799599468,0.799277858170694,0.190998857147353,34.9048456133114,0.322248690646917,0.197253911966646,29.1988899724563,0.865996714228714,0.194582781894782,38.1632551869613,1.39617116334791,0.180326755411378,1.01158236655188,0.0145717225183275,0.184280039653464,5.23515726431772,0.235438067052773,0.180144262591192,68.4634633145046,0.643033740282946,0.196202295381655,1.01449885892793,0.00486916782547323,0.197964062152493,8.44270511134198,0.353956590017653,0.189865638099721,11.0984240743995,0.181221828485032,4.81678554257644
0.128996404603176,27.4681654958958,0.786349135108028,0.235292694524595,12.2750213329814,0.569305586199254,0.149676152003543,67.4850077079961,0.359925228914484,0.187475456217982,50.167805761144,1.37768877597064,0.188921655818689,1.00867425853989,0.0046344107984931,0.181796629505517,12.9278969602916,0.455961290242377,0.198660368753313,19.6256118755653,0.692523778856917,0.19928838629006,1.00577451078852,0.00476189834870122,0.151441892837192,3.11798102843626,0.102185903075153,0.183055513559796,1.36468921205103,0.0603114847602297,4.41364749227428
0.179543627767874,73.1369018625192,2.96899766764273,0.244808679583243,30.6634951091254,0.961547250357092,0.199929985756203,22.0844211988575,0.805847131959763,0.187090274096829,80.4407977772957,1.58258909513174,0.199669279336593,1.00867425853989,0.00382997585949804,0.164587851772342,13.1910713679069,0.344402639785105,0.177920311953589,4.36676720472819,0.189231790036043,0.194010958412091,1.01449885892793,0.0145977326248103,0.138502666945479,6.94161247758823,0.116874689075546,0.145435356084162,3.39924796097488,0.05376895749298,7.04168692996531
0.179959032213671,832.883060376403,6.45228961080141,0.248382486409349,9.17784428848941,0.540427240365361,0.195512103356078,22.0844211988575,0.750291584042636,0.194756775258422,36.9736199650277,1.37048137393199,0.198407982441999,1.00577451078852,0.0177098820692567,0.180896549968795,16.1827476936424,0.503466568726905,0.17720769611683,101.859608002461,0.63533280047437,0.185470067596615,1.01158236655188,0.0214754118356232,0.157009509082112,14.3396692667093,0.206436578116425,0.198430394039794,12.7065019223768,0.225331527949608,10.7232425783136
0.19567091430031,131.31935237462,5.27340593457523,0.22349026369367,4.19426304469508,0.231159529909134,0.19217230760047,9.04667778353943,0.41421557363479,0.148250068037602,7.76645008964431,0.268738999778063,0.115756383050637,2.79486986091936,0.00563374462102003,0.183429332975204,20.4916955329151,0.572006140133792,0.139259528212249,6.2943333190863,0.150569044491829,0.177799284736661,1.13831921276723,0.0266349600778109,0.16617763592886,4.24284253669373,0.152441902179732,0.16141793093333,1.93339940407185,0.0593596073727045,7.15416543677411
0.181601101210556,132.448979880231,4.3673948361958,0.2172665433982,3.70588742997801,0.198039842236832,0.131814391407943,6.84240540686637,0.148512557487582,0.153318144077967,45.8844379566866,0.683308405494043,0.158342720992556,1.00577451078852,0.00106106022506991,0.199059983139281,15.4987821679022,0.637672366478839,0.127532000194545,4.52026390637434,0.104814588729526,0.185752141193974,1.45392041663176,0.0337456598739545,0.199024139911644,13.3823268507784,0.457907211093575,0.0921886553655073,1.00577451078852,0.00636015214131699,6.63881667995654
0.177026052111852,218.294068941623,4.83559534631443,0.234962695297205,13.9728926204603,0.604126301763205,0.188508435343856,18.4742425689144,0.618699631149632,0.158632948140028,47.9093308411956,0.765484144055196,0.184885523407458,5.02834834499989,0.0343588640979751,0.133806443141171,2.2456281019818,0.0708702812212008,0.173318718852542,11.4225861207707,0.359288685139705,0.193982587357686,1.29204553462562,0.0375619171450213,0.187070688367534,6.7058929175172,0.2665596680026,0.130694525670997,3.24621921773864,0.037888441525977,7.63043328041494
0.0777581407512364,28.7520651910268,0.29162710100978,0.221729258240831,908.321428502817,0.771405094096832,0.196707190234359,17.5412692675873,0.681828316714019,0.197643866645969,29.7076444189603,1.25782997404946,0.115070782267032,1.01158236655188,0.00483070094660287,0.132624583623309,124.243468877762,0.221862350065876,0.0949646121455706,4.24284253669373,0.0513793346224937,0.195822186990694,1.00288309926358,0.0223577201489877,0.149730834677732,1.85168407581574,0.0660557201472244,0.199778293409939,3.07341994620988,0.132595487755422,3.5017717995567
0.198972972396223,153.647901220541,6.0867573300952,0.153656286177735,3.99392909131044,0.0920645268998856,0.191644328203798,40.8933710575319,0.86707719209368,0.197277857278555,20.1988354669711,0.947167468925537,0.179567870217806,1.05318733137807,0.0237208562132867,0.188380905661425,12.4888983567305,0.488956005537591,0.126193571630382,9.25745528268664,0.133112315689881,0.112061763903991,1.00577451078852,0.00529364031311486,0.154666459091041,7.72186012504483,0.167786228223538,0.198826199811352,6.90175820040029,0.193387580417372,9.00532314440908
0.166884308179965,140.232234448257,3.45790429265186,0.243219203292771,6.01097243209366,0.362397810998945,0.171910789693403,833.163397995149,0.679930071780503,0.173414906793174,13.3054941313703,0.539557959870638,0.17585269927388,1.4920846013006,0.0241581356929391,0.195416548998994,10.9713498785374,0.487533314630605,0.136193289054942,15.8598865007128,0.18841664767228,0.149041546445408,1.01449885892793,0.00764417426766197,0.121164177995487,1.51371812544339,0.0406256972971025,0.186350769900413,15.3654978668113,0.175166523445655,5.96333462830819
0.179681746853142,640.482904008513,6.33269599599944,0.232951675320051,121.414643152359,0.951137415057394,0.117320142111858,8.66431899975565,0.119193927374563,0.151347023449455,12.3104114379469,0.391197810845564,0.119778200356768,1.01158236655188,0.00542277916465442,0.199177019707857,15.9056121278034,0.65533853325845,0.157089343319724,3.84721348715026,0.142094057347328,0.193315968926992,160.06673089594,0.0552401340491035,0.1893899010514,10.5076446271293,0.35310200390679,0.175544333862092,4.12243473196511,0.105348457720646,9.11077111472393
0.190887287163164,118.831086662147,4.69865162336883,0.229612968364387,20.1988354669711,0.653042109054226,0.148191378307833,4.97077500682395,0.161793997880089,0.16641803111691,55.3268231583471,0.945907261728491,0.185225378740971,1.01449885892793,0.0014069876895252,0.197022750468178,37.7262954049369,0.899682190593014,0.184936686700064,6.1687553886527,0.274698318558883,0.120320626939228,1.00288309926358,0.00512995274384695,0.183352519764851,104.232823226058,0.479594847076819,0.110797083117056,1.04112859832463,0.0176890408100426,8.13759632950377
0.158689433917496,134.737470123487,2.87902463807233,0.247496409215388,45.8844379566866,1.12074916051173,0.127582437128038,4.46850800867783,0.112019992984506,0.147091292451731,53.14120008554,0.601108654467645,0.191596879426205,37.1871245324062,0.0433609883014195,0.156488826391106,9.47314366240347,0.260773609550028,0.183701162546209,33.8167824081596,0.630340236845284,0.131607457995671,1.00867425853989,0.0014266835241863,0.126741679365269,3.39924796097488,0.0712742071979038,0.144680417539776,2.39246014169509,0.0476517361037553,5.76772990755879
0.183282918024153,222.065814464958,5.4740313530456,0.243615835315241,107.586539684132,1.18602898724716,0.184577127976954,12.2045460501459,0.470625324066509,0.185623866693128,90.7798576447935,1.57636527084193,0.178138786998901,9.36467852310833,0.0299242672617766,0.198422490837709,170.042561855291,1.18315803705391,0.127080212735173,117.291709703905,0.174190164733409,0.194775558042391,71.27926959708,0.0565285873633024,0.156668946029767,3.86942926293753,0.126273114648542,0.199358872148759,9.72180569368846,0.216312510926251,10.4934376171884
0.134548194603792,21.3045837548672,0.673761505712225,0.248920877998509,23.6642924260888,0.942805337377107,0.197146283494157,13.5373258656811,0.590267590970756,0.151220589135305,16.0435815196353,0.454331572718156,0.167365935965936,1.00577451078852,0.0147372038963554,0.164186321306419,13.4984086137474,0.347555788248891,0.184455228196167,7.28980110054726,0.313720655671917,0.183777908748832,1.10601480450688,0.0298387484365781,0.16539196409218,2.96905439714284,0.115607102739136,0.172162767997374,1.67902152597229,0.0631936748472105,3.54581918061833
0.123954739968503,226.548629734999,1.44981787501461,0.223668037003444,4.45566189315493,0.244368743320454,0.185406855187283,6.88191695070772,0.309178153187173,0.146895224300042,83.749215037991,0.637468653665972,0.170689964214461,1.00867425853989,0.0151925687243916,0.193950981959452,16.2294041616006,0.616648714969633,0.163898416946824,19.3451295709733,0.364949510925521,0.184286913933448,1.00867425853989,0.0103829388320969,0.172749672062307,3.37973166401872,0.138314880346044,0.19798390422594,3.82512526006857,0.147361058925627,3.93368309791152
0.193998886286715,131.31935237462,5.18691737577048,0.213400655319224,17.7444386780296,0.462014773001956,0.152025710749989,3.32185250376586,0.120756385945597,0.168682912199962,209.8120647281,1.19445293153374,0.190104610231667,5.3417298504113,0.0393573632104771,0.184047867805101,132.367219172958,0.823838603491923,0.189226908390102,85.2084412476855,0.818964084529388,0.0977542657497068,1.30325307163827,0.00389648921266336,0.139811134383989,38.7165788401476,0.153166493687285,0.1997551578552,1.71320152422168,0.083844300811167,8.88720880119467
0.197281438007315,225.258670265764,7.05381020530597,0.237552945455796,14.9294397640879,0.649162735268998,0.161722451476659,8.34603823722249,0.273446719120717,0.196375461269156,32.5745345994639,1.31304870615798,0.19086612872811,1.00577451078852,0.0260070017708447,0.190327845506813,48.0474581976622,0.838500858023679,0.190823199063179,35.1064040208769,0.72975200213779,0.145950036131958,1.017423759841,0.00502980138775147,0.172479811814547,16.6075311717231,0.301099484529583,0.125735261126921,1.09650345009091,0.0243132513508381,11.2141707650542
0.0914176956079655,62.8663987579918,0.509173268700768,0.229195679218275,59.7990347074476,0.820394164618416,0.189703454962686,9.94831291991456,0.4331862916022,0.160631350914248,10.327697309498,0.386143797521178,0.112813284000593,1.00867425853989,0.00456849824771686,0.134439842740341,2.55624161321588,0.0805560628537945,0.174005515411089,5.13071090257931,0.213178618841883,0.146610303951599,1.61269369477906,0.0143679036240745,0.194497054184035,16.464712003024,0.46154534663288,0.195189544350105,12.8907317012169,0.210562713966077,3.13367666660899
0.138464740724431,531.998029454422,2.23684913109373,0.225366775078743,6.31248050684326,0.33109548501521,0.171957721877899,10.2684023095805,0.357738767334392,0.174949251257611,29.5370822190252,0.894840042415619,0.184075210064793,1.14160110005127,0.0265693064330565,0.194782457732354,9.58286508470002,0.438654926769146,0.183419733420205,11.1946946742062,0.411142026559842,0.15184381458825,1.36468921205103,0.0161316412192826,0.196833395092872,4.99947880072813,0.237034578427639,0.19339975613321,5.10125365829453,0.156411656445185,5.1064675617131
0.183848004743263,2198.72567490976,7.52161185272108,0.223636098806044,35.7180895734179,0.670589592766234,0.157193701727612,3.50861959151272,0.132692766570174,0.196324217945976,21.2120013170279,0.973721744877231,0.111820214592712,1.01158236655188,0.00350162357786093,0.146184017271136,7.94739971184986,0.200283475295723,0.186114538855171,5.22010717715947,0.237195239882283,0.167455421814017,2.11388457789867,0.0244653731424626,0.194512007573079,37.4018619842125,0.570320459815649,0.173822818180766,11.1946946742062,0.126818685558272,10.461200814207
0.18286443589574,71.4853198628063,3.03141023728437,0.162282994105554,2.38558227120577,0.0819476656309567,0.190438578493051,6.80312071291408,0.316301201514895,0.198045858673154,91.5673056002191,2.04284943040328,0.192605076896436,1.40454896553258,0.0329592636678155,0.191358978657874,38.7165788401476,0.820607155158721,0.153342853695261,6.74461616851603,0.198718519025565,0.163849508336423,1.71320152422168,0.0220389993542281,0.188887329746767,7.22711126890421,0.286724542587287,0.199774588163285,1.69358579278262,0.0828424654749672,6.91639948010209
0.0496574880169354,6.72246389678934,0.0666864243980856,0.115546973579942,1.441417191251,0.0291175832383277,0.197749941438746,76.8194808477565,1.12433449871745,0.19013642509288,298.104541340284,2.02925758755789,0.16415570085288,1.12853005133194,0.0176717691646311,0.179277163501977,24.0766133741283,0.563037224193047,0.177169527505914,7.65545473146367,0.299766396966255,0.192620241196845,1.00867425853989,0.0132091719717451,0.198947405759972,6.7058929175172,0.307029290582185,0.178901086091111,39.9622941881329,0.159048208944663,4.60915815573428
0.193101880266221,374.450763025516,7.74025893950204,0.234856637188135,44.4541159554714,0.870575152970629,0.195613921757165,145.559568736658,1.16088408088024,0.158322958302502,113.308780622132,0.867180039899734,0.196548944462695,1.01449885892793,0.0287295494385911,0.195472849442596,16.751589190816,0.639694890417394,0.186764332133347,5.75691805285236,0.261469560627225,0.133735602757393,1.01158236655188,0.00157433682577674,0.131597195370818,2.21353437928443,0.0614377833051431,0.198701400694209,2.01872085226992,0.0959356021430453,11.7277399360098
0.139859682282605,106.613332696677,1.84522903277981,0.218133774160611,10.8769999686707,0.417894059118334,0.190265978915398,10.2684023095805,0.447917144248579,0.195004112449481,94.5135059458335,1.94482211939023,0.197607895513832,1.01449885892793,0.00948004203820652,0.170527918806562,5.85722521042959,0.233329712272798,0.160732396050417,12.1344753910871,0.293455948871437,0.164986940326181,1.017423759841,0.0126886900741361,0.19887506354507,12.0648070327153,0.439321315224885,0.0547062058733356,1.05015961695978,0.00377827945228593,5.6479163434707
0.19561473437707,749.38576979736,9.31730909669735,0.23597143749076,9.25745528268664,0.486942840837908,0.17967850035838,175.009153909416,0.803160685070342,0.166633682573133,18.3153703115779,0.617563813231281,0.177831952854782,1.017423759841,0.00974504973617612,0.160169719610472,27.4068715821386,0.38890263914249,0.133123602986337,32.0166835936232,0.192481207478784,0.174298918838125,1.017423759841,0.0110692532700354,0.0980017128683525,1.46231609576324,0.0273433340026503,0.189540905036772,15.9514695864158,0.191437372759182,12.0459552922262
0.190041851222601,222.700744448922,6.23586239282675,0.209473812524636,31.2877147471334,0.47763371968154,0.176403060390738,18.1056638759021,0.502103096179459,0.138071695187134,27.5651328577691,0.431135281793578,0.194542010969075,2.87650223749675,0.040779136752427,0.154255474595626,19.9675638236179,0.31775550342707,0.178479135260829,55.8067423266136,0.611739064487715,0.121184655157757,1.00288309926358,0.0049164447792221,0.0952280916613129,4.3542135747773,0.0374438413086878,0.0905042393652947,1.00867425853989,0.00379110952812872,8.66315959076458
0.168905274507645,141.035284108921,3.59361124875203,0.230433011720053,22.3402110602687,0.673308685352391,0.194056752113579,77.4858328855303,1.04840421666388,0.192622902776467,16.6554123326141,0.772883534120889,0.183342091583871,1.017423759841,0.0193086034468944,0.13295609997084,37.8350640594363,0.21199756151048,0.185883425270328,159.60656931349,0.78903173590978,0.104487725756698,1.00577451078852,0.0014053963140643,0.171843772995098,4.49431145638251,0.170170042362245,0.0849574540549774,8.41843393067599,0.0118019282287401,7.29192295266139
0.188702155194297,331.189349135574,6.76925255421475,0.240956478981998,19.9675638236179,0.774251135421196,0.168275761711634,4.45566189315493,0.181137363477028,0.189290819633062,13.3438551917019,0.617830075241598,0.191939609592972,3.25557838997471,0.0384624515440326,0.156507936223122,359.45034909228,0.428345972896113,0.0751718351991658,1.31834782642385,0.0194064830333954,0.190586408549388,1.59422875299434,0.0375732602890198,0.182388215844316,4.0518365057735,0.175980426057051,0.142535195666918,18.7420980057214,0.0615035678804194,9.1037432900546
0.199229063998314,355.693072685394,8.638463705435,0.237376975774754,39.5047358569031,0.909448050258035,0.159842567427833,21.4576864915806,0.380254636217737,0.189771709359709,75.0704237295268,1.62987668280394,0.108548968256154,1.00288309926358,0.00316995148868068,0.108934516215097,9.61049343596866,0.0947606782403459,0.170508365070758,236.779220177662,0.547001197610568,0.150701070771332,1.00288309926358,0.00762148101650463,0.1526795144803,2.80292774815717,0.0961536712441251,0.111626367468113,1.06538573309788,0.0181379282154131,12.3248879825304
0.13852248222474,186.570955625928,2.00949345378276,0.247878835179927,36.235961115318,1.07404435711757,0.181330819783742,7.52435222533039,0.321257953940574,0.168557558122728,17.3404260963733,0.614184053623332,0.162347039802893,1.017423759841,0.0156017175226071,0.123556307512208,10.1216499350543,0.13690684973873,0.186945624969106,25.4302914671788,0.625265126585641,0.189821173772754,1.59422875299434,0.0376049469848816,0.128674795655501,1.91126246166401,0.0536174460876861,0.187661210661113,3.03823005207779,0.11182064331726,4.99979654870104
0.175944054714955,52.8178734817829,2.21838188716041,0.224158592078472,19.738940183072,0.584165558460249,0.131719677012754,3.83615347588896,0.108411831815031,0.198628048450455,23.1254942116391,1.06554888432225,0.179467260712378,4.55947384416678,0.0298655631973796,0.184163174358045,366.767713469489,0.858418195337255,0.173039183364392,32.2015642784471,0.49566850933818,0.16307609303924,1.00577451078852,0.00310727831006922,0.187242596768062,3.61109912366059,0.164702762724844,0.186298061741026,1.21975208146059,0.0555493873445285,5.5838198580102
0.179227916783662,825.77958842207,6.44311648067502,0.214478786603335,20.9691291766305,0.496130789714827,0.143201931910925,5.48194575365476,0.161571709924635,0.190105317179679,38.9401481423545,1.31043733088807,0.199747229020126,1.64552345116496,0.0399445908244496,0.152227037424427,6.59105201019205,0.201070030230958,0.156276198741106,3.86942926293753,0.141757401848334,0.132013722136016,1.00288309926358,0.00472986207254676,0.196621219639511,6.66739199053658,0.297605470522276,0.155258296212208,5.23515726431772,0.0732014582518337,9.16956512495295
0.186285470961206,1852.56450449453,7.98117498921167,0.235359284024531,14.5475781084805,0.618510130397969,0.169703060815698,5.07196553857306,0.207087982200912,0.177537132186672,52.6842036818354,1.16750424235939,0.121816931432373,1.01158236655188,0.00347691672888703,0.199589995170019,25.1391209535034,0.832007741989198,0.181199060443723,24.2156440378081,0.543896788374215,0.172712658529551,1.1481932879197,0.0242244137777217,0.166858491001638,10.6293480187976,0.237678359175355,0.148430238157421,29.9653362072615,0.0729071440213584,11.6884687082367
0.0961480969899758,20.9427294613663,0.388603100034572,0.219488128227573,61.1922854994662,0.664325493590195,0.109021152234254,4.19426304469508,0.0770042197674014,0.0920653460194282,15.9974592566334,0.12477592119397,0.197957079144515,2.33126636583218,0.0424098775529398,0.195347471872393,28.0454211126682,0.800995164737229,0.106133706859009,1.40051115285914,0.0336863889213639,0.13222391823612,1.01158236655188,0.00368109828283033,0.177000411816382,9.0989179220007,0.268683030098097,0.14852189696799,1.24458268867087,0.0380083464665306,2.44217264064513
0.12291922652901,37.7107714862486,0.872230134668178,0.218873602146642,25.5036095217804,0.568714543724646,0.197817653590037,9.89119610131619,0.467214462344529,0.177780270571102,25.65088039011,0.882081741088876,0.160439039146249,1.12853005133194,0.0163042419868592,0.173148529899592,5.60966897361054,0.231042143130096,0.193722489518,70.0585856263266,0.881662346600707,0.17728354483242,1.34518555643637,0.0276162892169158,0.0846374725004313,1.62200621191813,0.0214953351757767,0.109873958181732,2.03623175886238,0.0210079581205644,3.98936919605715
0.157303627205628,35.5161776044522,1.32913754864445,0.246995632738593,9.52784643268317,0.553322610439162,0.179596978296845,11.3897483457029,0.422074560136032,0.195658064796058,24.0766133741283,1.06102162112471,0.194192745607899,28.3702534600969,0.0468238426235854,0.187245828779366,11.1946946742062,0.450796732625467,0.0708388212708877,3.20905081491668,0.0251865562686437,0.188304747203716,1.00577451078852,0.0212068670542585,0.191125994800138,42.8211093770612,0.534235096189396,0.199813444193971,2.16313573014221,0.10281595368074,4.54662138878644
0.194755838057459,1224.55663236698,9.58838104000112,0.236981996238205,11.858192730432,0.569140988666466,0.190069241254693,155.524190485688,1.00513792604171,0.176854138720112,31.9246416826979,0.956499051642768,0.170738500697769,1.01158236655188,0.0128998476062424,0.196252142797469,24.3554775355552,0.775737922688116,0.197417639203968,15.6332226114801,0.60810906272729,0.193806461219478,1.00867425853989,0.00976137293733341,0.192770644454135,86.6930926644114,0.605477488972315,0.170565654789471,6.8227347852315,0.108346220710949,14.2394909219943
0.191555071852442,367.041344569386,7.45313241963128,0.121954476665844,3.50861959151272,0.045187308526949,0.162561264269735,15.0156499750721,0.363709708174854,0.190247533260085,15.5882800527396,0.717274615869775,0.181100582196671,1.00577451078852,0.0130656664770973,0.154427523786988,64.2616671010127,0.381409975888692,0.183461752737089,17.5412692675873,0.514666901510223,0.157968400280922,1.01158236655188,0.0128550754145451,0.154478445711978,4.88564863828298,0.138499072512961,0.16990693109047,1.92229906736858,0.0670269996477089,9.70682774365408
0.193470495692321,90.0852674270771,4.0270986253692,0.210840084605061,43.0683803351352,0.52546275090689,0.152568898725901,43.3170791620244,0.365621108665266,0.168926437914435,46.8185117519142,0.940534235741579,0.199000772615364,2.09570588324384,0.0417405164852225,0.157068955783644,4.54636621906863,0.166102702428219,0.192747063547587,187.528926298918,0.946998741188549,0.18737729352575,1.00867425853989,0.0127721177271524,0.186354362879574,8.58980877761041,0.30293251895037,0.170593815963991,1.03217524340486,0.0424523309147879,7.37171564837724
0.184381971217921,260.567093623911,5.83107732470106,0.230563936510431,30.5753433592029,0.734892159239955,0.154077595992942,21.3344902474791,0.339962097062881,0.192711852381185,162.387515846255,2.00581842736341,0.176670108439836,1.00867425853989,0.016328084914347,0.178248120455165,10.9713498785374,0.395685186398658,0.121385872940239,41.011270705513,0.144033016864946,0.182574192661673,1.01449885892793,0.00582449711880075,0.189229339649049,25.2115995346114,0.472193118174418,0.195832356986193,7.58962040187813,0.188896615632043,10.1347105274705
0.143962972906521,43.9970294833825,1.33245321674855,0.23684500178856,31.018650949241,0.84024128298502,0.131540632203653,4.55947384416678,0.120459039304851,0.194232462775037,67.2910010723591,1.74422971524607,0.191952604638613,1.00577451078852,0.00982662311152614,0.122154017510655,2.67674439360146,0.0723972241110041,0.151640926945991,5.01389279437678,0.162053419074471,0.16985146332645,1.01449885892793,0.0138875835943606,0.199379165220159,30.5753433592029,0.607748925959113,0.187076624126699,2.04210241714683,0.0865546814367224,4.98985171157169
0.1586617360365,90.6011469873137,2.47560259633852,0.238069702920417,23.5962620603196,0.798503155628438,0.156392816340405,3.94819959636536,0.14751842168441,0.177451849861608,26.4762037102107,0.886886360165781,0.193226582462966,1.01158236655188,0.00184504297498588,0.198238017788962,102.743164577046,1.13194465985564,0.101183207072095,1.20231981606127,0.0274593325498478,0.136216715835613,1.00288309926358,0.00443625138802876,0.195862504361941,117.969011946993,0.658283524557157,0.193398158163329,15.3654978668113,0.208664600020157,6.34114394516296
0.186826229148895,134.737470123487,4.75605693477313,0.148346721343745,2.60827926283097,0.0693089435287587,0.196260422345195,8.49145760309168,0.405135959400353,0.175142101496731,41.6058873339274,1.02864488443162,0.139197759047475,1.01449885892793,0.00652023360436218,0.167210905062884,23.5284272689873,0.440546847620417,0.186983856127787,45.3590725519368,0.71635531835226,0.197254248381276,1.01158236655188,0.00708323025960776,0.163596292125742,2.72338334507132,0.105761730444719,0.199513511968104,3.23688695135292,0.136549739021294,7.67196382143652
0.195388130400816,397.588595106487,8.16911684678361,0.247627924227182,87.4450909638054,1.26319086187757,0.183703313755804,26.4762037102107,0.652722974054564,0.168466699541771,13.6154972999402,0.52153845147066,0.187464365200177,1.441417191251,0.0301730788577528,0.139917781309668,3.65292419736599,0.114826847499868,0.18771657344323,26.2485172849919,0.632676083178746,0.190275629253503,1.00288309926358,0.0126411728566503,0.197345509252215,32.7626366009394,0.582935699910638,0.190038184060861,19.5691919526579,0.196585129458787,12.1764071459488
0.172142915096685,707.792906081416,5.38461089407513,0.157364928879465,2.58584894057531,0.0798853197788775,0.186386687374818,12.7798757548119,0.496786348345358,0.188085882579592,88.9687132280334,1.63511357301089,0.192103728219681,1.01158236655188,0.0224859642670796,0.189740349310274,97.274050262012,0.930497641369698,0.179602065246601,6.2943333190863,0.266280341446797,0.194583581995101,8.49145760309168,0.0536498654933229,0.132974161589662,3.75961856902805,0.0837170013464018,0.157824643518963,1.56242237457588,0.0498072065280567,9.00283415566161
0.161830064383502,107.530435552436,2.83699987300552,0.145386708037969,2.49804006667886,0.0649960602585432,0.163066849249549,176.527228557274,0.52570046656213,0.193241198462009,14.4640552653053,0.683184032312758,0.140746691230576,1.00867425853989,0.00466927457196469,0.102212264499616,4.3416960341386,0.0654384079121818,0.192809782603399,52.6842036818354,0.829539632113686,0.189378297411965,1.47925317679908,0.0363111881549267,0.169562834077467,18.3153703115779,0.286319839150286,0.172012372633446,3.31230280598519,0.0900528942821075,5.4232116683241
0.157215646212218,225.902729254511,3.18775820769877,0.160055227329342,1.45811221351425,0.0552890741903319,0.15471359347265,10.9713498785374,0.278568635970074,0.166451298487669,9.66598933399762,0.386023184405196,0.191518242683275,6.31248050684326,0.0412365004638528,0.162478805737765,5.94214829246472,0.215688882348619,0.181015944996991,4580.52469405089,0.748086555273294,0.163729186182867,1.00288309926358,0.0133576391696029,0.189393394240124,4.29198469417562,0.196029528521133,0.187838344541224,9.0989179220007,0.167528335904734,5.28956654394561
0.162225983370792,435.624900563613,3.97742163691833,0.174042059047308,4.71974439753259,0.14084636263012,0.184702591356666,53.4480645187486,0.796850555236644,0.182791072100024,78.1579650331584,1.43072323671537,0.184665239917863,1.8570226648111,0.0302872728566832,0.139654257042593,16.7034315396448,0.222178143647227,0.19173002861077,515.143212544318,0.969311789439639,0.174645798637141,1.24817094410403,0.0257566124146629,0.155964811433955,26.5525372336299,0.221403524515513,0.199137564612642,7.65545473146367,0.202127376058042,8.01690651043223
0.103314907794144,13.5306644560734,0.315756819986286,0.235955487693941,27.2495189410318,0.798190114682358,0.189945201993366,8.6145740489714,0.388961518201966,0.180253922959188,11.8923810771604,0.519738791336437,0.140351390300108,1.017423759841,0.00286723037184561,0.186087952288399,29.2830732706331,0.680001637617604,0.198967219537394,26.705865146348,0.79299862431456,0.191645637060026,1.01158236655188,0.0209985400444146,0.194710437196944,15.5882800527396,0.453531897323271,0.192504925047649,14.9724828208773,0.204397404550809,4.17744257842955
0.150554512175495,184.452348322132,2.63154981954293,0.216061958485073,18.3153703115779,0.486378528180675,0.185364252780446,11.9266679922861,0.466918910038684,0.189125403574919,52.5327465589178,1.44306328351915,0.178790440560421,8.49145760309168,0.0305479934498437,0.163528364483734,9.02067029565308,0.285047321934993,0.155144832812448,45.2286737958236,0.342829726720679,0.155176094873322,4.43008034640065,0.0196578521592194,0.199591776943847,46.2824514344805,0.654028856496176,0.17895911451528,6.0805937181354,0.126956189510574,6.48697848155292
0.181744720580156,115.816493571859,4.08281640457774,0.210435540500346,6.36723659478765,0.282751282525683,0.158143400142709,64.4469398661078,0.434489560232918,0.195434061672448,56.1289989622505,1.663242250422,0.190220637554963,13.4209094274668,0.0416324255175272,0.13511468345015,12.8536732852339,0.188099708697363,0.162944712486211,18.5809222819382,0.351203974751079,0.143984632253954,1.12853005133194,0.0127934493211813,0.172648930811395,38.8282025800898,0.345847139425338,0.178966277427674,23.8009421380058,0.156746552967183,7.55962274843801
0.170687687395231,271.193349029637,4.48289985699315,0.165372066437278,1.46653209822205,0.0583082151818447,0.188700790958392,9.63820144251651,0.42069561159441,0.115349156587661,4.30435891208667,0.11244248448514,0.198783431481027,1.83576021707557,0.04002012849236,0.146921495416185,1190.60839991071,0.332361124325571,0.178349632933723,14.0940971036004,0.429915801852159,0.197802616873335,4.70617602490094,0.0547938012811475,0.198189267618893,4.32921447906216,0.209962711842456,0.161275437552685,11.5216685859765,0.0953126449837928,6.23671238103203
0.159844496926632,38.2529758583301,1.44957440464913,0.222036891886731,18.1578643020893,0.549434160906388,0.139281954488484,27.4068715821386,0.250696833454898,0.187050308709907,134.286392810429,1.75981508813704,0.185923140397517,1.41265954868704,0.029074397925309,0.199400219623861,9.02067029565308,0.434233793136952,0.189801644711296,31.1080807989498,0.689825898762282,0.159921806445319,1.00288309926358,0.0170957839524514,0.122265088022583,62.4379825789225,0.097781224751547,0.170054192987756,7.24794774808137,0.10849161281391,5.38602319848991
0.0393687848532095,14.163106253931,0.0710577854400248,0.215958560641658,8.86618796583124,0.368021006001056,0.1988781371748,791.087561701843,1.3434812997069,0.180091475778312,26.5525372336299,0.918517724980978,0.19400538068945,1.34518555643637,0.0335586613843701,0.197165173706398,13.0400368809022,0.562234088548314,0.168148491304521,10.1800975118018,0.311706935847043,0.19798307951559,38.4942931291769,0.0608844417396299,0.196094564831203,51.3366596640957,0.620236412296975,0.157315034301407,1.14489244934213,0.0403750596958824,4.33007341564117
0.195047319096721,163.142018175491,5.88333716945515,0.247329061749158,7.65545473146367,0.46292790441377,0.18237889551309,13.3438551917019,0.476985167202333,0.184178684281965,26.705865146348,0.984378953345495,0.154226846760255,1.00867425853989,0.0107387050272337,0.17631507174832,11.8923810771604,0.402096488977513,0.194216836694517,7.14436264200497,0.335759637982915,0.159761093252471,1.3686237465133,0.0190903259806609,0.192140237987044,9.44591016576076,0.347868744647843,0.19319220910806,14.7585013912184,0.2057257613784,9.12890885841131
0.181784421900347,44.1228256726414,1.95275394251209,0.244024616924231,6.76406156642458,0.405355134429139,0.158848742456432,31.7413509094294,0.411674735507032,0.196336530724946,39.3911672117236,1.44816580334713,0.156591211709367,1.017423759841,0.00191994716380185,0.174844918258142,20.0828667363378,0.487817348675824,0.108620669729983,5.49775074742009,0.0766757741098851,0.188618110148967,1.09966477838038,0.0324553982885356,0.193341829403993,4.36676720472819,0.20481745572019,0.0913164638567258,3.07341994620988,0.0135219067896468,5.03515744654327
0.18660088601927,409.103821462987,6.91751597013932,0.249180418917527,7.10334430368878,0.436989485472314,0.189558418303811,36.6556592993152,0.813246304568157,0.187692892841687,39.9622941881329,1.27833083107686,0.170646028509499,1.00867425853989,0.00698807395719351,0.0866485182129586,1.68386231169735,0.0296055483426794,0.191259702347992,7.04225793763313,0.32458993759285,0.177162629940519,19.3451295709733,0.03557398872894,0.159681548338842,6.57210398204128,0.173050158370937,0.196302451786832,5.5454396587911,0.170573519862966,10.1864638181122
0.124645735539886,323.710410958003,1.51506291571947,0.219246629328734,13.4596032415536,0.471471192543588,0.198013117362235,30.4874450288918,0.905142447740199,0.134289433053052,4.91386086905364,0.155206405287566,0.126267862101387,1.01449885892793,0.0052160077592798,0.18163518310236,20.9691291766305,0.565066871535223,0.166752506254251,24.0073976636039,0.402032805121847,0.178562989935075,1.00867425853989,0.0105719173043624,0.171111655875006,33.4295886586368,0.33031439339227,0.172673570302528,1.86774606222357,0.0686542776512049,4.42873923405501
0.15942373988079,275.879102999591,3.49771114734162,0.248550393964118,11.3897483457029,0.639083076267992,0.191334949650241,6.8227347852315,0.319308320797903,0.184156606564229,22.6641186288517,0.89132094837075,0.161931704938449,1.00577451078852,0.0074819813343408,0.188346287932586,8.17952684419346,0.362887433197081,0.165895526914205,68.8588063220333,0.465260887432192,0.177413137780715,1.00288309926358,0.0127698597472439,0.169763749148682,3.37973166401872,0.134151456481478,0.161291262650436,3.51873529007318,0.0750877732256433,6.40506288419624
0.180785551363257,311.026362781155,5.72624214633234,0.247668812846239,365.713325649629,1.41665045662804,0.198552422224188,27.3280820090234,0.872154488869351,0.113585008802445,6.33068001474387,0.144478250585318,0.19977572678018,1.80432214140788,0.0410256017369796,0.191450976914399,6.47817779606607,0.303643050079561,0.130905096737914,5.80685504843578,0.124393342291607,0.198359570114499,1.01158236655188,0.0205625055547909,0.154737806712352,8.73947554283164,0.175789100891721,0.181635419577098,7.67752616736229,0.141005947770578,8.96594489074029
0.0603932468253677,8.0702322805811,0.0994905620627187,0.24790468305475,87.6972038411665,1.26491094653707,0.105482055866667,1.47500060364494,0.0353678700526846,0.176127222689444,70.0585856263266,1.20612077027002,0.164209048545924,1.00577451078852,0.00853390607688814,0.19665292638829,96.7155651874199,1.0787877684009,0.175382223126949,4.8997344482741,0.206901385870981,0.168142455554048,1.01449885892793,0.0121819816091115,0.183440747410891,8.20310923201435,0.283246493127049,0.164123141828551,2.72338334507132,0.0732150714349563,4.26875675544238
0.0919743758414376,39.2486644096668,0.459300545571813,0.17049036465313,3.17230798106454,0.109889855212925,0.199951041969923,14.8010516157109,0.64617727126855,0.186289370665601,113.6354610841,1.68193356065942,0.15000661555195,1.17494491051044,0.0127935301619847,0.186157309952346,16.8968968064112,0.555014008168275,0.153613392974157,12.2045460501459,0.25719148715855,0.184811058503406,1.99560700049668,0.0355210563540522,0.0974313060282614,1.12528574084121,0.0229620134788551,0.174070223069432,2.60078095318014,0.0841098933305032,3.86489322136493
0.192171509675514,121.576535435604,4.82219301337047,0.243776537215394,15.0156499750721,0.710128970196804,0.0922835715024916,9.12515100556096,0.0642220577914061,0.187302650677823,48.4642342722534,1.35473233690116,0.167808432054425,1.9841495077581,0.0210251756281415,0.119049404777762,4.99947880072813,0.0984902980824221,0.119688964872211,2.46233896144414,0.064186713863545,0.176657101054747,1.26626799854054,0.0270405752941841,0.164688444460388,5.84038679556032,0.17913716844697,0.140290857165031,36.4452060637106,0.059950015175114,7.40110632475022
0.173092492906795,301.40997547179,4.83476745538599,0.205106852931198,7.02201277776474,0.279555967042188,0.157288712807896,24.8512842698056,0.377582181828258,0.184764886426554,14.8865204479472,0.658119411526427,0.196401720589699,1.01158236655188,0.00853374708422174,0.19623834136653,27.8042399468639,0.808731084532065,0.176221016381861,6.90175820040029,0.275607375526647,0.130210317639591,1.01158236655188,0.00389010277679132,0.198803567479379,6.47817779606607,0.298971268698877,0.198781642118203,2.18189932872234,0.102732114127546,7.64849070852901
0.176691349544174,197.534643258324,4.62491537490089,0.205821709545679,3.6424227310724,0.179942976455309,0.150032980463529,29.1149486853426,0.32916856093008,0.112383428564164,5.5136013085513,0.129921483787834,0.164243769651718,1.00577451078852,0.00634144868494072,0.198981391766959,9.58286508470002,0.456240582895719,0.199614746825848,7.50272113554967,0.364617351879161,0.194142930165998,1.295770630155,0.0376836886162926,0.136901576130162,3.29328569222577,0.0848558930119046,0.180711540515761,3.86942926293753,0.113198592082659,6.32688595324479
0.179591217044824,227.196376972418,5.11214864806054,0.221258602522922,228.081217397262,0.746016313009225,0.19590021112091,17.0926028588123,0.662314285564715,0.167776998054758,65.7588922489258,0.994589323452981,0.18795864140274,1.00867425853989,0.001664849216059,0.16936795050265,6.22226476776323,0.242317881961907,0.183635838785833,6.57210398204128,0.285623485316433,0.185417829640764,1.01158236655188,0.022828589388177,0.178220374012504,15.3213249660846,0.332887407536691,0.19679160834585,10.1800975118018,0.208395344469709,8.60878612797644
0.128478880680586,57.7058348295407,1.17670766256594,0.212151737317182,4.25507507288674,0.215456477303997,0.193528522082578,79.5197706455576,1.02688047245007,0.181944963164335,15.5882800527396,0.665909749889534,0.178299216683323,1.00577451078852,0.0179492527537813,0.177884019432363,16.0435815196353,0.47487759580873,0.174333029172135,4.30435891208667,0.182263691987971,0.146557940694922,1.017423759841,0.00966050481120105,0.199451958355112,25.65088039011,0.583626225319597,0.135153222358778,1.75817161928149,0.0353490558586006,4.38868068874942
0.114064589986487,22.6857015086642,0.55245157415275,0.189080361816201,4.94223601165526,0.182748757849831,0.143913547745698,4.08698318318596,0.133260482322713,0.171061889559025,9.86276078296599,0.407573697187126,0.194950489162108,1.00288309926358,0.0151273444693476,0.125352124004473,2.00713065465068,0.0586632381284311,0.13669340902689,13.1910713679069,0.183281512423374,0.194922873843427,1.00867425853989,0.0211101782689875,0.16646963922428,3.10901742259474,0.121655591580389,0.184658626547863,4.57261925984919,0.127738459771497,1.80361083615445
0.13972196230438,110.014796427096,1.84788095632162,0.138627291962792,1.29950646550457,0.0399187884778411,0.184226713145186,8.81528401319323,0.373417023969461,0.122992772948004,55.6463084955692,0.33736210014314,0.152843560315354,1.00577451078852,0.00635187526300421,0.179205930677421,41.011270705513,0.641219951664016,0.178602002680909,97.8357603146925,0.646830047755857,0.194127298949222,1.035151107089,0.034511493486507,0.156938619508444,13.4984086137474,0.205474687453839,0.0965310828229916,1.00288309926358,0.00251175027265739,4.13547867480794
0.163223421655359,81.9851191363338,2.56254257810036,0.249074917615414,15.0156499750721,0.767649814014399,0.168677456991159,44.3263187784442,0.542778986484319,0.188086718329072,13.8926692519835,0.635220289378321,0.139119490109925,1.01158236655188,0.00675730279879012,0.158005801751269,37.8350640594363,0.388582784795945,0.196341539737565,6.38559396992509,0.307770093833012,0.189305111920158,1.00577451078852,0.0238703345902672,0.167762471797027,6.72522667244931,0.200455873528593,0.185647936409778,3.20905081491668,0.111475687310202,5.54710374483421
0.193924526438937,1695.64339384868,9.67906375070846,0.229557498616578,26.7828608064846,0.697392461804329,0.193912905589025,22.7949928263862,0.747604939355826,0.163756596677837,13.4209094274668,0.487534271784961,0.187747330398918,1.24100474879353,0.0293279134749922,0.183528254254851,26.9375187251589,0.626948057821633,0.169957140659072,39.9622941881329,0.474943758461564,0.177825841455575,1.01449885892793,0.0195959916079925,0.180740671853857,5.13071090257931,0.206067659067625,0.158652581359672,2.2456281019818,0.0605644963864348,13.0290433004738
0.192870660553605,57.2136747667249,2.70515189500491,0.247914226870535,25.3571841881197,0.96615220481703,0.197188189362412,57.6023378446047,1.05022772455626,0.198998584596103,108.519773144765,2.16091811210931,0.143664845869183,1.08707389011608,0.0108889365258243,0.185654737491688,5.46618619625777,0.247827230844223,0.13799565999948,2.79486986091936,0.0890759896896455,0.168864982183599,1.01158236655188,0.0164658663512426,0.116723617537147,5.25025074237118,0.0662327009999405,0.137620868209395,3.17230798106454,0.0446266481577762,7.35756730905616
0.114026313268903,46.9831874889221,0.811940248563227,0.249800610822906,26.8600784527522,0.999271514612633,0.170115111675487,10.5076446271293,0.351831119753427,0.167446059976963,19.0686558202897,0.63939698648155,0.161946090397356,1.00577451078852,0.00455059995182769,0.144461596531754,16.6554123326141,0.24767329079059,0.191373070924756,261.128463634885,0.939542821405179,0.106954767655818,1.02920793476607,0.00442053009697047,0.194076581224858,93.162752342285,0.624905936040695,0.190484297154238,6.09812467340626,0.158572313467866,4.78210536116397
0.188644258325369,51.3311854165463,2.36748523032398,0.207930519546067,2.95200799512719,0.150992533362746,0.189698559718517,6.84240540686637,0.316709166139432,0.172594264659784,21.4576864915806,0.733821340962148,0.190695395971123,1.0684573459204,0.0293875371112402,0.160839352016842,34.7044444245723,0.4112706413075,0.189370045116427,13.4596032415536,0.497877086872929,0.169403755698153,1.00288309926358,0.0113996537491952,0.161723017716122,4.30435891208667,0.145107419381008,0.167867322641565,3.04698957090351,0.0811272605539122,4.74517786976409
0.159002438342328,84.119113751716,2.41798979662365,0.22042606248424,5.37257572706184,0.278531315215315,0.0977707793038939,13.4596032415536,0.0789083461923407,0.199562664939673,49.166910368017,1.68226743130521,0.190887480457258,1.05926897298544,0.0296511045453896,0.106784851391662,4.0401882420282,0.0698246767694826,0.177973365733131,39.6186319317599,0.571143950025129,0.191218673504259,1.58051892322707,0.037996974503523,0.150147976256112,3.1450272019994,0.100862776252876,0.1525837289562,1.295770630155,0.0414200558279886,5.30859642726091
0.197729868716421,79.4502836575348,3.77273292475663,0.12479702798704,3.29328569222577,0.0475199043688138,0.12525903196485,20.4916955329151,0.170368738457951,0.18086452434268,71.4847748067636,1.34296605180545,0.131246303973659,1.00577451078852,0.00488207899428099,0.14030064693041,12.8907317012169,0.213115254274997,0.181549897224243,46.0167273459691,0.636755936263035,0.164923299964485,1.01449885892793,0.00838307447602845,0.196558972214332,3.99392909131044,0.192332084824385,0.195589364348735,1.77853540743712,0.0842781602469063,6.47333420846848
0.179237428622004,113.849372508176,3.88167888793996,0.231130825429696,40.308937459768,0.799517491007465,0.148963112812,8.08587329578959,0.217652185229998,0.138124255406791,46.9534941686678,0.481807032340954,0.176116481871678,2.11388457789867,0.0258015424649285,0.182893646545417,8.17952684419346,0.34474625691779,0.180828377408103,30.4874450288918,0.572903347320445,0.198617301647744,1.52245910708953,0.0435114777133948,0.0897788376996196,18.2627170853981,0.0368189949904771,0.136238155161441,1.95579274466099,0.0378651377917059,6.44230235371712
0.189410931982087,2422.86797542338,8.72719302102971,0.20180407108045,53.2944114403722,0.435424015399252,0.199282743717517,25.8733827583896,0.855594069381515,0.122483456024795,9.12515100556096,0.20672935480777,0.191426984535606,4.06351835261943,0.039346235958182,0.157541912126649,3.12697047724319,0.118232868626071,0.174683839805451,3.92553157195246,0.166739869897902,0.154820096798837,1.00288309926358,0.0108486976288064,0.198480361827566,4.69264665877481,0.227207517843466,0.186722044824623,2.57841511385935,0.100397529203012,10.8877131797757
0.181443314356592,240.547383831877,5.40288674376819,0.209225207875467,66.3293018815899,0.520585618670038,0.123857961191054,5.08658851868221,0.112037451658899,0.0894999987875108,2.46233896144414,0.0486758828497033,0.153108371148524,1.01449885892793,0.00579584361663397,0.182017951998854,12.4171951294921,0.449170487873649,0.150491008392896,12.1344753910871,0.241005961535547,0.153835860334284,1.017423759841,0.014976159264002,0.0976507167865423,2.36506706799381,0.033491284945325,0.146512269996205,14.257340102472,0.0673861226435268,6.89601155682551
0.192535160906416,904.779854154211,8.91152725373972,0.243624534197588,34.4059979034348,0.97219509761994,0.180905085327479,5.79016143825715,0.254767617825966,0.194899070185615,131.607251678295,2.05236227379817,0.196423489526793,1.01158236655188,0.0134020445239158,0.192911723520552,258.138607659778,1.07275813042409,0.198877877529924,104.533336801941,1.05870201332812,0.122928535627326,1.00288309926358,0.00493604002378607,0.159753380523021,3.35066711121492,0.119062861026002,0.185277585211228,1.76324060258228,0.07604014555489,14.5357534778646
0.194631825237924,97.5826713967177,4.31828686274496,0.18978104302368,14.8437245167243,0.277466648310196,0.186474403748201,25.0668507346102,0.676489153375403,0.19612924754065,55.8067423266136,1.68561757551643,0.192995133162063,4.94223601165526,0.0414603271188261,0.167829829942983,121.764693620619,0.55338218033873,0.196101967021076,11.5882005855279,0.497820220068456,0.134296796264163,1.01158236655188,0.00454200327577387,0.1809781195587,2.98619923379083,0.131819396891973,0.194361797304657,1.45811221351425,0.0694152506055458,8.2562996182463
0.155168856515452,131.694820316402,2.69133000291655,0.222631370037615,33.9142795486171,0.638978375856612,0.129716787883521,15.5882800527396,0.182906643776576,0.157499462935627,11.7901106095195,0.410830733140132,0.182174456089101,1.01158236655188,0.00212381125579948,0.189656208334301,23.1921673069706,0.672771524901006,0.177016779359215,5.28056837192541,0.22383568943134,0.198664115412626,12.7798757548119,0.0599208116727931,0.0717447574593882,2.0538945595859,0.0165489733580245,0.195767500888303,17.6425615162172,0.224735094832089,5.12398166114092
0.180010343757957,1360.99792213271,6.71384957729394,0.197508551716011,3.6424227310724,0.166990982432948,0.135562589933116,18.6344929252859,0.215021940148224,0.134668016409446,18.9591758547749,0.357621781970079,0.147364677151562,2.70774742833384,0.0131707910312913,0.182823078239946,6.61005466738882,0.289748801474455,0.189984652129675,12.66997313217,0.481295965602345,0.142095415096282,1.01158236655188,0.0109276129127707,0.160913902276042,29.3674992776149,0.25445230879679,0.173986373249245,14.0940971036004,0.132999472078357,8.6360792337412
0.179705424741751,77.4347313061845,3.09120624534611,0.20055526248398,4.84363370723389,0.209692967521992,0.174532439697126,38.0535430450317,0.594312434246938,0.198387532511101,55.1677690041581,1.72799557233945,0.182455715202993,1.0684573459204,0.0253777446240161,0.179464827821759,6.22226476776323,0.267657610645716,0.192800436065801,80.2095456951702,0.895645074626765,0.133064714679625,1.00577451078852,0.00651800913908294,0.0834450523425709,3.0557743442915,0.0253286619573006,0.175892705292094,1.50502732889567,0.0611684702619153,6.90490279070929
0.18692543969831,86.062584304422,3.61917438336178,0.169819126469737,2.81100886708374,0.101059715628889,0.193721101289745,69.0573330958311,1.00717820241999,0.184607851103992,31.3779203344798,1.0860072911517,0.169842156531014,1.00867425853989,0.00982728751298917,0.144398603992883,18.3153703115779,0.250699938717137,0.136263338039687,6.862132740856,0.148636177101461,0.168805397125046,1.00867425853989,0.0165421428823414,0.199303969886533,21.9576266468948,0.556144833510243,0.189592136397523,4.70617602490094,0.141463972468702,6.93673394475523
0.191414166132362,190.881452278561,6.03957400318214,0.189637732254498,12.0301229939707,0.261529182704137,0.175594242285923,142.245409398223,0.706772680978872,0.176949706542199,9.61049343596866,0.413384417539157,0.183252533344856,1.00288309926358,0.025170000211733,0.15294736471232,8.6145740489714,0.234716756296035,0.167540987422398,4.61228334151361,0.183681074183195,0.189086663716546,2.03623175886238,0.0389831724738574,0.155855278234486,4.48139116082693,0.134890121920481,0.127690907017924,1.48779514022745,0.0285963039064677,8.06729771339607
0.173979184185316,544.289201558233,5.3771531340728,0.18482537357197,2.29134256329585,0.10199627514355,0.189251963732353,38.4942931291769,0.820294808842489,0.121128429979601,23.9383809351586,0.280874661124913,0.179104509498361,3.08228092099346,0.0285135619623833,0.0794132235573033,2.53425879720196,0.0313734877733984,0.1321371609263,4.17018228211692,0.108700861600757,0.106526825241583,1.00867425853989,0.00355173308192647,0.177620866297057,21.0295852575175,0.352790862166618,0.153438214161074,4.69264665877481,0.0685602858656374,7.17380967163447
0.114734632484426,24.2946863802066,0.585233919510241,0.249855679433658,9.66598933399762,0.571904682252937,0.187804932455701,36.13178957939,0.771109801196785,0.199897145974681,20.0251322921732,0.962591241092604,0.139437766556673,3.11798102843626,0.0108070448212145,0.185271876606889,33.6226281790017,0.692515080219088,0.150597351764936,6.01097243209366,0.178688272033883,0.126220703762446,1.00867425853989,0.00343192493645626,0.183023198692292,19.2895159816518,0.383337275608013,0.163730709355992,6.04568285725226,0.0912058287335167,4.25082507040474
0.159342863933235,99.5525607760562,2.61805780210204,0.249930162199168,38.4942931291769,1.13872234086574,0.15765278284227,22.2759871780403,0.370018471439136,0.0790167882614678,15.9056121278034,0.0856461623496286,0.118961005731721,1.01158236655188,0.00492532940964125,0.171923221539935,8.66431899975565,0.314357038732569,0.18092499617464,11.4555185704036,0.402777517763566,0.190072011490234,3.98244730043134,0.0453407796856254,0.184259487534304,25.9479782891666,0.424081913659353,0.194340311631338,4.40464567244553,0.149381108828972,5.55330846483627
0.177074964065257,220.171865169897,4.88230591120832,0.248614647949747,26.3241943658462,0.979250225314463,0.152392119286051,18.1056638759021,0.315799808908511,0.162725488856955,7.76645008964431,0.305121335467229,0.187722275364166,1.00288309926358,0.0167691261588789,0.164396313900387,3.6740180475533,0.145813486439527,0.170181690912742,4.88564863828298,0.197703836311068,0.175859562688709,1.01158236655188,0.0101737481216782,0.182545632765543,35.8210683711633,0.429127476468422,0.186868753007185,7.81129753947542,0.157097973974958,7.43916292837306
0.172723957563023,75.6860954586023,2.80592560295636,0.161784840909386,1.73804099143649,0.0650968931332807,0.187485092859282,6.34893199363231,0.290553192246837,0.193925082552456,28.1262788456248,1.16153850314681,0.176879531293022,1.43727338940046,0.024164114919218,0.184353337894937,46.0167273459691,0.73536880576846,0.107921712356546,2.33798763817471,0.051567545328149,0.186577663249971,1.01449885892793,0.00806496722037713,0.185572934644858,4.40464567244553,0.193411763509665,0.195137552152391,14.4640552653053,0.214709431254486,5.55040081948364
0.188903108178109,444.418806824971,7.28916524368408,0.247717724045537,2033.88822383783,1.46182959781094,0.189366790569871,9.28414544519475,0.412075715823235,0.183514258405892,22.0209326641103,0.872097232119862,0.191136063694579,1.01158236655188,0.0166173202149784,0.183260602661043,13.7336016436691,0.480301695905209,0.182970037348422,26.2485172849919,0.577272635617686,0.0939328976434972,1.01158236655188,0.00321176614495387,0.187710447299557,11.2269700901773,0.353132292382216,0.177235582084106,1.88394737445416,0.0732828617111945,11.5389863614144
0.168317699015665,38.2529758583301,1.5559418639541,0.248411761328552,27.9647958304035,0.992113659261674,0.11006911950867,2.15691712397049,0.0525668411531774,0.172599018949234,10.4473164853735,0.434502279480928,0.178461367797006,1.00867425853989,0.00742450050067371,0.11304024211793,2.67674439360146,0.0633620218964845,0.156689816538485,5.48194575365476,0.184669426688394,0.189806385236341,1.28833114804146,0.034761997046372,0.178768617213316,3.95958264771409,0.167080158391269,0.171877761611386,17.8983585267682,0.127255115174525,3.6196778635476
0.197800637584237,4848.86922972112,10.9123263921942,0.246935740947965,6.20437693319619,0.380030485300655,0.183138575599309,506.321193663515,0.897949147723382,0.193572522281839,113.6354610841,1.95831506353679,0.179097796434,7.24794774808137,0.0302751893294695,0.153455407464572,128.610764357393,0.386404995575589,0.18238380183092,32.7626366009394,0.600333305187608,0.190389516564147,1.11882507338448,0.0336328715774697,0.189405882778319,6.22226476776323,0.26238126678323,0.185254661229603,1.78366310156055,0.0770708526451246,15.5387195698535
0.187789272449455,444.418806824971,7.15509548647962,0.21799825240836,11.858192730432,0.431573615128874,0.180178972959086,5.82359678794962,0.254988843867019,0.147101610197838,7.78884153617836,0.266336030699998,0.174056280895796,1.00867425853989,0.00310235493770479,0.193388764623865,7.92455244054436,0.369917721415377,0.19556131182544,19.6256118755653,0.656387395497436,0.19083450020834,1.50936647207927,0.0377343521384254,0.193624711577106,9.91971340151178,0.366911081164212,0.186432006215005,1.295770630155,0.0588288062532469,9.60087568758191
0.196845448308067,365.994892948408,8.18547427875863,0.222897098130659,405.650520912393,0.768771787745242,0.183190709924699,28.0454211126682,0.665684584618981,0.13231945597587,7.39549489831676,0.213527850254072,0.0842307181339755,1.00577451078852,0.00101859302547446,0.142825959238137,25.1391209535034,0.257979514217811,0.196984751722982,17.4908414355252,0.633968537548376,0.194872763124046,1.00867425853989,0.00574073299926886,0.140455612202086,13.4596032415536,0.140540905818914,0.178566569411559,1.13831921276723,0.0492698322460163,10.9219766172328
0.173073869490385,76.3371578776318,2.83628147939721,0.249615378101847,69.6563542571799,1.28688275391858,0.199998663414799,15.1023580078497,0.653086487332443,0.14287864572247,18.4211326150377,0.413448827450257,0.141974927138365,1.01449885892793,0.00473704953428903,0.163800254119428,6.80312071291408,0.241557403464509,0.184661724642581,10.783461436218,0.411623211464379,0.176574350701311,1.00577451078852,0.0209696073223991,0.153138699658561,7.81129753947542,0.164771301467462,0.191208715057319,15.4987821679022,0.198161557986213,6.23151967933774
0.141079858866893,478.664739145024,2.39782550359514,0.230709948049014,11.756216271046,0.521615049951136,0.160111548884876,5.14550325140415,0.191756855661581,0.10228895647281,18.053613516069,0.166161951689504,0.172302162458596,1.00867425853989,0.00853040481684301,0.195203462527808,29.1149486853426,0.816172305469529,0.199649906891268,163.796107142356,1.12539773277755,0.171309581001978,1.00867425853989,0.00805157521427261,0.165307522238331,9.72180569368846,0.224803701538816,0.126600022319074,7.22711126890421,0.0383841767595533,5.49869925747393
0.185396723249848,130.199359207472,4.57573002480189,0.206096862973197,8.17952684419346,0.307406367993515,0.110831910972796,2.47655776434198,0.0589158011679791,0.192427113916221,23.8695626167564,1.02050012985728,0.19942860222579,4.71974439753259,0.047604875290626,0.188880233955431,28.6163443734521,0.716422629737683,0.188175536297922,11.8241026687353,0.45194759539532,0.159328537418916,1.00867425853989,0.0130009283278543,0.166256898003098,4.99947880072813,0.16834153991181,0.186302470393993,9.04667778353943,0.160127635655212,7.51999752813917
0.188238078025996,63.0461461975131,2.86807920539405,0.202096423058757,7.45964533309522,0.273379271505804,0.189049576128559,32.5745345994639,0.768926680718516,0.144683417335183,22.1480927773524,0.460075241805493,0.140610728764126,1.00577451078852,0.00361749036897011,0.193464473225326,16.7998856852757,0.620749967890089,0.195049715869747,18.2627170853981,0.629295431591156,0.196035502789598,6.02830266228601,0.0533032177910811,0.134069217642003,2.46943812909056,0.0686396631962718,0.138497774308024,1.00288309926358,0.0031732288301358,5.74923939909157
0.182131731912654,119.511581158978,4.16202545322537,0.205825226459198,93.97087014239,0.493917890792571,0.165414532776264,30.6634951091254,0.468356844030755,0.198560455701483,28.9477893633602,1.24373574662523,0.144175055755989,1.00867425853989,0.0103932591406059,0.183729032894521,12.2750213329814,0.457360385970023,0.145734916449096,3.42873391662958,0.11484581900982,0.190160174278431,1.99560700049668,0.0398148789069297,0.187547586380192,29.1149486853426,0.469175390535186,0.116833479286487,7.3530347199978,0.0294642654706524,7.48908993370714
0.142485124077388,44.1228256726414,1.3064740175008,0.228726907563628,6.90175820040029,0.363682647231401,0.105426143453208,32.6684502161789,0.105479658947151,0.183449703296064,22.4692148500539,0.881483136196653,0.191621003952011,10.6599934842429,0.042671705868606,0.136964311484625,8.44270511134198,0.172177890447858,0.192619635329393,473.880586433101,0.982382159714232,0.197566255987427,6.09812467340626,0.0561212317860113,0.15965033838837,9.66598933399762,0.199877013252389,0.105104109758838,1.19198027101602,0.0163091544816091,4.12665861542671
0.118093647084714,44.3754981079297,0.863492968767591,0.179746560669713,19.6256118755653,0.234048323587657,0.18449165502323,6.02830266228601,0.27131025338807,0.186254788626605,65.0059692846113,1.47917918922679,0.190307951997302,1.017423759841,0.0191710529089201,0.184943600788504,43.3170791620244,0.737656055911266,0.1365794283087,3.98244730043134,0.113217140102643,0.164803550078289,1.01158236655188,0.00860367229120065,0.126844660174437,2.50524216415549,0.0615516544115705,0.138242493715,16.0898367576997,0.0547501748951093,3.84298048549082
0.194458052962057,164.545388720042,5.93410379582677,0.249554459303243,48.8846255702689,1.18642869008384,0.18339402327419,17.1913042784243,0.553810984708366,0.156890149054576,9.5553161597167,0.34865749926647,0.158371293461644,1.00867425853989,0.0102867697832277,0.18568293001943,59.114350629975,0.780626744323541,0.12139540483091,62.6179974805149,0.145187097245288,0.177691865357686,1.01158236655188,0.0068733393236312,0.191691187174708,8.86618796583124,0.334713074617346,0.196229050282273,5.57746185992785,0.171440934257666,9.47212892943615
0.199309803353287,210.340272597677,7.07327078771647,0.235745819992139,15.5434666953568,0.649270108057438,0.18809430278261,199.216282305225,0.983412522711211,0.173074786779562,15.9974592566334,0.61865978579598,0.195339819946858,1.01158236655188,0.00144801738376263,0.19922807783791,442.243456103196,1.26262710496235,0.144096948451718,6.61005466738882,0.169431512876092,0.193760742857726,1.13178371549186,0.0353219770971988,0.0701787339928789,1.00288309926358,0.00939844434257532,0.188186143189236,116.2830405464,0.208964034062527,11.0118042950056
0.18301716079383,79.6774476964939,3.28686233448993,0.24433224451955,9.44591016576076,0.533019579352824,0.1849784631638,7.02201277776474,0.314005058580658,0.188518691524527,81.1385620543712,1.62523629363368,0.199723208748662,1.01158236655188,0.018702820981173,0.192916893472471,19.682194462711,0.66529903702354,0.187948608037095,6.36723659478765,0.289404198090596,0.149606435658849,4.88564863828298,0.0171133956554873,0.121087925507993,2.29134256329585,0.0532834786386961,0.188513052466761,4.81582467568853,0.139761566455922,6.94268776290251
0.188339316318269,488.327485331508,7.31811044296778,0.199606616246862,50.6029742786953,0.410489637272675,0.151218099024575,18.7420980057214,0.306467345357627,0.148964589866753,112.658234431989,0.686026520340091,0.119615837343689,1.00577451078852,0.00328725687833381,0.16575030744112,22.2119479273284,0.417222081054178,0.194615690399142,56.2908244378238,0.878794186385568,0.197086525318275,9.39167782086193,0.0577283496694457,0.191995937544974,55.967638704318,0.567750571803255,0.187750740157991,2.5933041997516,0.102404873463825,10.7482812651928
0.195083696863151,501.038184970887,8.58102034007532,0.242188561065269,15.5882800527396,0.708097455642285,0.149277144235915,24.2854601433005,0.313401565642568,0.156081664098899,9.83440721077889,0.353870849046351,0.166920371928822,71.0743551760129,0.023680163637569,0.199360585766663,6.98169689372975,0.342066323404677,0.194505081696132,82.5523008734509,0.933144263583091,0.165337536706964,1.00288309926358,0.0176949233283612,0.0585664359776358,1.00288309926358,0.00899594214344782,0.184512605689405,2.89311263070037,0.1041785837392,11.3861504102429
0.195548667953485,364.95142480875,8.00670249236246,0.244262792008897,41.6058873339274,1.05278070318917,0.177087616759641,18.6344929252859,0.517297305580789,0.14574011068468,10.690727303607,0.329604853114015,0.15078761435738,1.36468921205103,0.0134274730105007,0.18214818103821,23.9383809351586,0.590095696114036,0.199806263235047,16.3231210310229,0.640292721817159,0.162937087716583,1.00288309926358,0.00913374110328327,0.188827103464329,8.46704626823108,0.312979639379851,0.118284183410846,2.97761447568876,0.0279257041440077,11.5002403298153
0.181607492957471,121.229915185701,4.16556444569494,0.239618657354063,6.55321042588835,0.383802652180228,0.198155651166548,193.006258945008,1.23960010685708,0.0746072801242746,8.96887940476934,0.0680731065813386,0.199447511538188,1.00288309926358,0.0123578872904434,0.194038141788138,421.120226831322,1.09949790499752,0.190486458913223,6.66739199053658,0.30728165596978,0.197076218579242,1.00577451078852,0.0231699595496209,0.198070496671306,6.59105201019205,0.300870469794842,0.0907416346126496,1.00577451078852,0.00593256055477491,7.60615074947057
0.128682807949485,496.764943186641,1.72582984305685,0.216366448997408,15.5434666953568,0.471622080465118,0.173166586154887,267.212465501433,0.683754091492156,0.151704405632462,9.63820144251651,0.332594419698905,0.18043810725694,1.01449885892793,0.00855050538188405,0.106097476672582,147.245493016899,0.1054476930299,0.159156506683595,10.2684023095805,0.266520077423321,0.147558246520232,1.00867425853989,0.00825464930959854,0.175130927888967,4.50726900243269,0.17758713683084,0.184237320998339,2.79486986091936,0.101698497754201,3.88185899444277
0.189912520432358,402.155271048328,7.34846553913915,0.187500711582313,2.2071708865269,0.100628634569021,0.17890768290507,6.98169689372975,0.2962174432599,0.1952327413263,22.2119479273284,1.0000906817857,0.141804209001822,1.00577451078852,0.00335215845447363,0.17214086479765,6.7058929175172,0.263223361755555,0.165410711797336,6.11570617216135,0.22238848277101,0.17874479320184,1.04413027541975,0.0262089932817859,0.165754981990584,3.34103457688672,0.127569146411392,0.190882503063525,1.6984685687346,0.0778315383525455,9.46597597978054
0.119906646074213,21.1228817604323,0.568640096245612,0.2136143690582,9.418754960271,0.365287679994785,0.108783987368919,1.50502732889567,0.0373826302093107,0.119994930446939,3.49853297367273,0.0971837293077746,0.119758819496773,1.01158236655188,0.00128900501338188,0.174349232285857,30.5753433592029,0.5407541105746,0.19329279259083,19.738940183072,0.636639079522278,0.145050377040846,1.0232988843187,0.013035513527406,0.19346871108911,9.52784643268317,0.356884117734168,0.0573891599108427,1.00288309926358,0.00147903044437395,2.61857499257369
0.161563875614894,113.524782752359,2.87054798804157,0.211681241972392,4.21848286189654,0.213209921264196,0.195321724755516,27.2495189410318,0.82237968315167,0.141646536970988,5.52949756842363,0.185775679735931,0.135251454159619,1.00577451078852,0.00151428786405653,0.193606266669494,15.4542261000141,0.594817360151174,0.123991997743749,2.78683513858361,0.0742592190888363,0.17765904232073,4.92802801770652,0.0345833275143088,0.126884722917501,5.13071090257931,0.0830438836369043,0.192292215798456,3.82512526006857,0.135020577913732,5.01515192836238
0.151616447306531,207.951752710898,2.80124790916791,0.191857079313041,5.11596107896008,0.193272630631348,0.104241483176493,1.87853138201008,0.0433555916338476,0.199238133861664,109.776688935454,2.18406015781349,0.181864672912476,1.00288309926358,0.00660036021230142,0.180580347457254,9.58286508470002,0.374720176134722,0.169344979861295,21.6438160118766,0.418895701911124,0.181044789857741,1.27358007675926,0.0291580643056073,0.177439133843258,88.4579120605105,0.41841081310947,0.18877223984116,4.45566189315493,0.135980455400381,6.6057018603202
0.129620038069793,24.7851202245534,0.731339502863511,0.2231308639956,10.8769999686707,0.451287763525991,0.183675725258607,6.2943333190863,0.281570315534317,0.127555314211997,31.6501005279053,0.348303760863727,0.167226206951361,1.00288309926358,0.0130118792257024,0.117351642844937,6.862132740856,0.106376441685046,0.177687236298041,20.1988354669711,0.481165951429187,0.199482308601871,1.00867425853989,0.0279303936737436,0.171690168519548,8.27426512232383,0.234839777584898,0.189237941925793,1.55793070570556,0.0713676325192737,2.7471934189054
0.169704290876305,287.950762262352,4.40279304150953,0.249625516772377,9.36467852310833,0.557486158682576,0.180145375133703,27.4068715821386,0.616542379103736,0.0824130101462027,6.04568285725226,0.0747288489694616,0.190744709792691,1.00288309926358,0.0272016659621899,0.129812026840991,3.66345594042931,0.100545160928821,0.137424184910787,2.81100886708374,0.0890457914092479,0.130715602623448,1.01158236655188,0.00420452109093286,0.165578161629066,8.73947554283164,0.215379921449949,0.141232966740524,2.7391095515787,0.0466003100723488,6.13452779917879
0.188507119354593,869.327576837675,7.99177671242569,0.180992081846815,8.56511470172144,0.200044035770481,0.191669652795816,22.7294615325802,0.719297966875497,0.170773820102573,13.5763553199153,0.532433974172235,0.150247642055545,1.00577451078852,0.00314315067579796,0.183199955696501,29.8791915321589,0.644237599439685,0.13869079549879,24.9229329891828,0.213368106851254,0.193271725857062,2.86823283751515,0.046127565600464,0.188582903835971,44.5822815844455,0.512832743322884,0.161908648681516,1.00288309926358,0.0101091875683529,10.8733710427023
0.191563139148349,369.143232401138,7.4989468598839,0.24373669279448,6.94161247758823,0.413548451094107,0.131098584116924,59.4557070854439,0.220892885689218,0.187471064172657,23.1921673069706,0.944289813811428,0.184794835927934,1.00288309926358,0.0208962037503091,0.183236883094357,8.73947554283164,0.363268583906465,0.0787305089797768,16.3701822092467,0.0394587052758507,0.153499439441935,1.01449885892793,0.0156519668144561,0.190976897551811,13.6547521301788,0.403372630755466,0.127344811323868,1.00288309926358,0.0213211492235614,9.94164725020476
0.190719411163316,102.728752873094,4.2774414211749,0.169220112229418,32.0166835936232,0.189814414684505,0.183320287365994,5.35713058780925,0.239583556141637,0.195801094754681,34.9048456133114,1.3515964023961,0.176430881286698,1.00288309926358,0.00609209974652361,0.179449185478295,2369.1559459489,0.77636350154928,0.162246911709852,49.4508252223751,0.414265762111138,0.196638806602237,3.1450272019994,0.04982505122512,0.108136062088294,3.79223047250718,0.0495346836291063,0.156633574064594,1.8463608342542,0.0532512816721641,7.40776817433048
0.180046461510225,364.95142480875,5.81012604906807,0.23500215874947,99.254267201602,0.958410955254008,0.0724803326828307,9.91971340151178,0.0359871998792048,0.10276670094708,3.17230798106454,0.0734772476044988,0.181108506754997,1.00577451078852,0.00261874362132689,0.1772915570905,7.3530347199978,0.298939971901276,0.18165175958824,4.45566189315493,0.197240110731144,0.192509403912305,1.48779514022745,0.0386067900162263,0.152431387420804,9.63820144251651,0.170906031062477,0.145959848716743,2.22631645743836,0.0482050646795183,7.63451816381775
0.146945622968332,48.4821708162483,1.47954448000728,0.202677622959124,147.670016389381,0.463090869943315,0.193747520271108,103.933173569877,1.06725561458343,0.188664974608138,149.380384647924,1.84758303601286,0.165013828804627,1.00577451078852,0.00590575443892542,0.153015292476048,3.19982540066046,0.117171496042166,0.185291576241256,7.81129753947542,0.332686345808272,0.171279111098064,1.00577451078852,0.020874723484999,0.183080497106296,4.80198009042612,0.20248825422351,0.143760422980567,10.4774371358388,0.0616018241667152,5.59820239871147
0.182346519712522,155.857046261058,4.70933344630119,0.218112718859574,4.17018228211692,0.222137057207049,0.15379629401778,20.1988354669711,0.333779054599092,0.198841125887418,17.8469041306121,0.861914829448617,0.193237952669283,1.01449885892793,0.0151910110296947,0.191708724377968,26.0227888862634,0.728619943641274,0.155662998408569,10.8769999686707,0.258516130240608,0.169784278804814,3.39924796097488,0.0277171569821554,0.145348819805903,5.48194575365476,0.123435608923085,0.190958582035005,1.55345194953386,0.0719162538127846,7.35256049218555
0.180931028199563,454.6865667384,6.17222130610064,0.240831710727173,22.3402110602687,0.810635649452633,0.146870856008442,6.80312071291408,0.193431082730053,0.146554261541171,13.5373258656811,0.384209481026663,0.161318409781986,1.76324060258228,0.0176498636332932,0.153498422157158,55.1677690041581,0.367826264920425,0.158673278217883,14.298445429222,0.300762666819721,0.186525763906243,68.070390112422,0.0466678394173486,0.196334723643238,25.7248344244728,0.539397335815524,0.188096079309931,15.4097981223956,0.182231327444583,9.01503281736089
0.127737833455189,35.7195634699457,0.916813602277483,0.157801432502191,3.62151028088471,0.0949178549050597,0.141377251609897,3.17230798106454,0.105328278819151,0.0851453607891382,7.3530347199978,0.0860448271893222,0.162187975080473,1.01449885892793,0.0126493286685144,0.134438996417493,8.73947554283164,0.166998746891534,0.195592669396019,7.02201277776474,0.334914508130181,0.182347376984587,2.03037797761035,0.0341666121821367,0.150645404623843,3.25557838997471,0.103750722829178,0.192700013404017,8.71435120329488,0.184308104924455,2.03989258681701
0.193642330150812,352.659446614251,7.60300301036833,0.204378230229922,10.5076446271293,0.330865141433566,0.187842354787347,32.3875125587801,0.750506202542673,0.182233964558063,48.8846255702689,1.25028292869458,0.113273543731554,1.01158236655188,0.00274364965719048,0.177666148210202,27.884402330579,0.571934705959905,0.196327118344564,16.7034315396448,0.613450299055668,0.197975329838036,1.45392041663176,0.0423300731420905,0.177854928751,9.25745528268664,0.273577228680991,0.173807112126931,1.07153781450759,0.0450596884003434,11.4837529279353
0.136165543292166,1221.0653655332,2.16910743667493,0.180044313215455,1.90576794350953,0.0832503125349145,0.185139112710131,32.5745345994639,0.714275335645587,0.0995916128636809,21.4576864915806,0.160117915933364,0.111173567134899,1.01449885892793,0.00125323060263694,0.193039350582356,16.0898367576997,0.602266032826849,0.123870220750826,2.44116367657533,0.0674099618667336,0.172371374646842,1.01449885892793,0.0130598867423761,0.184588578573344,9.2308418493486,0.306839441476366,0.108417643258386,1.00577451078852,0.00512088313539921,4.12270043743916
0.185106941363893,76.5554208756709,3.25798570861613,0.229721370636023,33.6226281790017,0.74794061371777,0.148703527997113,4.92802801770652,0.162083828912877,0.104578509728197,50.6029742786953,0.2008611699355,0.176472038817858,1.00288309926358,0.006894583733084,0.182163805768174,15.8142923261533,0.507820045043962,0.197844109963671,68.070390112422,0.971726043231158,0.154556638585428,1.017423759841,0.00274831686767384,0.193870477653637,5.74036800209287,0.258460308969635,0.194539401844814,5.97646129188652,0.170675125113368,6.28719574414116
0.167391552098676,755.832091398629,4.79695612007032,0.246807007130072,11.2269700901773,0.618013580828209,0.18193813064738,15.3213249660846,0.512258642266733,0.194421608581061,14.3396692667093,0.683087731750145,0.0947953739015981,1.02920793476607,0.00220709687352077,0.180573170791345,19.682194462711,0.539008640201518,0.183260524191817,40.308937459768,0.647158290200341,0.129778491940701,1.01449885892793,0.00663633667251659,0.158416291324454,2.82724106811333,0.103307271149896,0.171666073836695,4.55947384416678,0.0997646110746903,8.00839832108789
0.192427236006467,117.481699737071,4.77220259214503,0.245268565073929,32.2944045847043,0.986093303303644,0.199243444836521,142.245409398223,1.25599038475159,0.188612842833659,32.2944045847043,1.16215958668498,0.176278062481529,1.33361741419236,0.0234070869525156,0.188149822908608,43.6928227058688,0.78544595868515,0.156414192230156,5.70741049859425,0.189024423947913,0.195236067778606,7.24794774808137,0.0535180535196853,0.185013908831566,16.0898367576997,0.381286287680817,0.196597184592456,3.49853297367273,0.137606404893709,9.74673408256503
0.158562517528602,282.252956561211,3.45819213671557,0.246870078512163,19.3451295709733,0.837356877654601,0.190879889007045,28.5340777947752,0.770057286976349,0.190060709610642,51.4846683497677,1.46765220548821,0.199209322677458,2.22631645743836,0.0422267802496322,0.183762091167631,23.8695626167564,0.60978620562189,0.165233912060412,3.80316384938978,0.15157654060735,0.113030561615186,2.38558227120577,0.00624372849623632,0.163231233591599,5.90803229623124,0.176278205743883,0.154507054528396,9.15145972170511,0.0789806526677896,7.59835062022151
0.184496208057172,312.807476917087,6.19669493423373,0.202653849741951,5.25025074237118,0.226717032164917,0.180987034368644,16.8968968064112,0.525092783898319,0.189691686928502,133.515406654271,1.85193053845087,0.169282823061066,1.017423759841,0.0061909139218511,0.173251271033884,88.4579120605105,0.619855426990018,0.189282053749218,16.8968968064112,0.558741745332175,0.150420116509003,1.017423759841,0.0137686005855661,0.199359685177988,31.7413509094294,0.601537457127999,0.1994994132981,4.44285270778494,0.161894095348877,10.7624235280543
0.156824236515514,76.7743079306913,2.21568588316613,0.242672279471912,8.89175006582625,0.503156924550286,0.175499807875369,24.5667432445612,0.545481735550529,0.185525588820988,23.5284272689873,0.93073030604085,0.198692504732931,1.15815301335288,0.0350233927743095,0.180055184242937,52.8360974706726,0.688466282598531,0.154049473969762,2.9350594625955,0.108328662761198,0.138670119231076,1.01158236655188,0.00462610768650395,0.186377052572396,30.8405617924466,0.456302771867846,0.1020797674158,1.00867425853989,0.00295463613697909,5.49075670313316
0.137584263415426,23.0776713570612,0.747605467298755,0.179643492754531,9.20430492459876,0.199490100343846,0.198172401431249,19.9101608535235,0.74543896261301,0.160764382786003,20.4327857832706,0.597268085432117,0.199765370900307,4.43008034640065,0.0482786051697232,0.193565702396748,9.50045567592029,0.42976250074746,0.151230094528523,9.31091255809072,0.222729123153963,0.169451335578213,1.00288309926358,0.00330274163585266,0.169757169638555,6.31248050684326,0.201424783164499,0.194711056721148,18.1578643020893,0.221438573470402,3.41673894302963
0.149814760495681,187.639367201873,2.64020989713539,0.21309610607342,3.66345594042931,0.191157466407032,0.195818572150515,46.6839173840833,0.9802150136702,0.079874047106681,5.5454396587911,0.06788642629818,0.142428944475196,1.00867425853989,0.0052003475601252,0.193406038367421,7.63344674676951,0.357899277876313,0.196855588552211,14.3396692667093,0.571395320439557,0.192080002852117,1.12853005133194,0.0345853610615495,0.125765419466546,2.18189932872234,0.0556842398475847,0.125988288362591,2.16937226517279,0.0312027482783177,4.93543609857425
0.140473889184513,45.142230283228,1.28943876696414,0.190562088927775,70.4631396848539,0.33709779206124,0.196303426564465,31.6501005279053,0.886677418158649,0.193418370394041,250.812881381886,2.15219165735805,0.187120993044648,1.01449885892793,0.020528546658419,0.180415967970838,17.5918424880948,0.513829379039416,0.193912281203746,71.27926959708,0.896139796998112,0.115680242246808,1.01449885892793,0.00168724015211871,0.17645200714328,5.94214829246472,0.215511959339354,0.19332165863872,16.0898367576997,0.208054158779032,6.52115671550853
0.193684371422833,115.486295464133,4.77148451418371,0.229999703172828,32.9518247994517,0.75226778476135,0.155478763070564,12.5972302899552,0.2989534055679,0.197577510893123,48.3249087633854,1.62223222972655,0.157120076697719,2.16313573014221,0.0164098776919804,0.157376354549894,3.68461060628057,0.139101207147288,0.155613383121429,57.9349631659321,0.353673187027432,0.117540525631314,1.00867425853989,0.0019822509167311,0.185033734418547,20.6694457978884,0.408747429087713,0.187738174110756,1.45392041663176,0.0661822770674574,8.43103416317811
0.180746237021971,427.005003111391,6.07014382338842,0.161100638161723,12.7065019223768,0.141299228354974,0.171694401443759,5.2653877364201,0.217346303647703,0.197424745430911,70.4631396848539,1.86165202090844,0.1158788875862,1.01449885892793,0.00303408015585154,0.164166174028763,73.3611898536447,0.482945330064307,0.181411647650319,43.5672141029724,0.631230944513372,0.149477569030816,1.00577451078852,0.00720707683759898,0.153299985819713,5.65832869261085,0.145006369801347,0.0837416036106456,1.00577451078852,0.00351874024792954,9.56338391791995
0.180330099602262,52.8178734817829,2.29642961168931,0.202496027145287,35.9243440670047,0.426989640724302,0.197424960763252,14.5895202202118,0.617240297740788,0.188979436930424,20.1407676346358,0.868424976174758,0.187932051834809,6.38559396992509,0.0380162776536009,0.163857467219664,39.7328563803063,0.45193130392786,0.144499977586745,11.1304219326752,0.205909984513605,0.194336755054949,1.71320152422168,0.0418548912247669,0.0862523985890087,1.52245910708953,0.0217436034433962,0.165339655247338,9.2308418493486,0.101739789053742,5.07028037614613
0.189737079624689,73.5557254265437,3.30024145407218,0.204709874868284,4.44285270778494,0.208701874827992,0.18886005385155,8.22675961020021,0.370973651331293,0.198396239744206,150.242983290666,2.24685424598785,0.19633134190915,3.49853297367273,0.0432895076128074,0.174019504276812,34.307087165692,0.547773334726012,0.171084473741126,82.5523008734509,0.538779168401343,0.186283576135575,1.00577451078852,0.0216860320158672,0.147249448859007,5.22010717715947,0.125727009245521,0.198736658131189,9.47314366240347,0.210997856205464,7.61502413442633
0.144324556136426,47.3873434638723,1.40575325346091,0.220614962605372,13.3438551917019,0.477461597115363,0.15786089498682,10.4172824260824,0.287528029625109,0.144353142367888,29.1149486853426,0.499699197185184,0.158982240748866,1.00288309926358,0.00609841786473369,0.139805342412884,7.72186012504483,0.17657149709775,0.150329320770965,7.6115020308696,0.201303323491983,0.171632127451137,1.017423759841,0.00881844210103414,0.178015287923107,32.1089908705141,0.387136570334484,0.141781110029122,1.00288309926358,0.00178376362300348,3.45215409189955
0.139137231745706,1166.53970137213,2.36697522695312,0.163882393533048,20.1407676346358,0.162515481394768,0.199953093669311,23.9383809351586,0.833032620790018,0.175984823892668,81.1385620543712,1.25918086976794,0.106694419384748,1.00867425853989,0.00123365820192736,0.132106838666185,18.2627170853981,0.189100602682504,0.176788238345616,16.3231210310229,0.438483784959488,0.0793197400096962,1.00288309926358,0.00119110635622607,0.153036758539382,2.01872085226992,0.0736214926635042,0.171382452154042,42.087781971745,0.132228941501032,5.45756378527053
0.166601026128994,82.6903666413859,2.70316105581531,0.215682898508525,81.3724925828778,0.619267379376693,0.130505028771117,7.94739971184986,0.153168569849089,0.119190836087018,24.2854601433005,0.268398731482879,0.187261164880996,1.017423759841,0.00528448658308421,0.115299803229662,3.6424227310724,0.0789763024690945,0.184124405129313,6.1687553886527,0.272829784424662,0.190699678318253,1.04112859832463,0.0323826762300371,0.147289625006943,18.2627170853981,0.174492283801265,0.181261842351121,28.1262788456248,0.167420413395059,4.47538168342717
0.148230180966614,100.983924590089,2.13149564398312,0.214851060187337,5.90803229623124,0.284433690755848,0.153140930666291,10.5379392096157,0.26684637561621,0.168049191195989,23.0590127888488,0.714914623839497,0.160965536776567,1.0232988843187,0.015907275081659,0.171306449479407,191.346470191867,0.61687369585524,0.181737908527944,19.738940183072,0.51338894291032,0.157043924965881,1.00577451078852,0.00927911212519332,0.188616405609178,4.32921447906216,0.195833034683472,0.178116688397868,15.189566737098,0.145070344899813,4.89404273975037
0.152731933319084,1440.97583743332,3.43956821122616,0.122593201139382,2.18189932872234,0.0397980830283969,0.122012813930353,156.422266601522,0.175543118786293,0.0692888018462845,4.43008034640065,0.0477608108055105,0.171649073899681,1.01449885892793,0.00665999510131965,0.194050389416849,46.5497099496079,0.897866530578983,0.19386072921116,21.8945026225075,0.671942257685781,0.181206975044718,1.00288309926358,0.021403843833735,0.133747637219854,4.29198469417562,0.0904790218844908,0.196633550316692,2.2008256876077,0.1010791482311,5.49210102116177
0.130067863837223,142.248489423373,1.56587362761841,0.238916557211509,8.81528401319323,0.483199329273389,0.165950214742831,35.513019260565,0.489801817859114,0.0969702381311525,6.1687553886527,0.10472075770953,0.14952693928563,1.00288309926358,0.00122147950809481,0.137233811128935,6.25819530279368,0.153535627406203,0.194516796138575,113.963083398268,0.968660393553641,0.177695185766636,1.01158236655188,0.0146110649954715,0.190235641813647,24.5667432445612,0.479313327380435,0.197447464447621,2.49804006667886,0.111956033037873,4.37289345834216
0.165416968160173,40.5008802918647,1.60338746686227,0.23695729535964,47.4973267490208,0.922520827696385,0.135666772171573,53.7567009439374,0.245286650313054,0.120333514086399,80.6727165821289,0.319504183121765,0.167641958516754,1.01449885892793,0.00315864948997037,0.172942971579206,39.3911672117236,0.557755975987449,0.167980459356059,3.45847564108692,0.140758688699316,0.0764105763762794,1.00867425853989,0.00129315441856258,0.141492512134433,5.13071090257931,0.11204707546456,0.180681960744998,1.04714060664789,0.0460973616252834,3.95181003367862
0.194067290293979,153.647901220541,5.68353023856592,0.226901354995726,4.7881753057283,0.266851030504743,0.195896387188997,9.2308418493486,0.434444754710326,0.198590903478858,58.6059871454894,1.77136038147522,0.183193067343738,1.01158236655188,0.00457101011928741,0.189526969719955,9.28414544519475,0.4066966043471,0.195837056671243,52.6842036818354,0.878939234528412,0.194384467521736,2.54889290196729,0.0458991902338427,0.185336965846085,84.4756773817437,0.504903742777002,0.183756558885258,10.327697309498,0.158214947308436,10.1554111345703
0.163112882218263,205.590355672156,3.5489256894777,0.22778696880953,27.015182265558,0.688038551831653,0.162226401720431,184.848829201335,0.520626052059475,0.0877236342059454,31.5591124739724,0.119522362465416,0.185853704320459,1.00577451078852,0.0105999709872986,0.187601837071403,39.3911672117236,0.757636697391546,0.146957847108321,3.04698957090351,0.105315683520533,0.156184327770475,1.00288309926358,0.00819204726045459,0.13026277838975,3.81412874828321,0.0797854072066342,0.156492566257613,9.47314366240347,0.0836532638918513,5.92229572609256
0.174364070020205,180.802510295653,4.3102794706101,0.238507290474012,9.28414544519475,0.497544442919791,0.191884816181166,96.4375262265749,1.00444218300101,0.158105400553086,30.3124057150643,0.668300716869691,0.198617224819012,1.91677282105974,0.0408638239128691,0.156217004580392,5.32637338722108,0.185480767781065,0.166514966875302,15.2772790540943,0.353017437237127,0.137077532972475,1.01449885892793,0.00306128272972271,0.180636622649915,7.41681684421187,0.25720211200986,0.185219678010475,8.63941072106801,0.156909757523302,7.47710199459454
0.095205415866012,17.1979197075697,0.337125031152684,0.179565694018818,1.8199732981517,0.0793956410113602,0.198070961916588,11.8923810771604,0.542828799544734,0.195912372389973,69.456105410819,1.8013137904516,0.140466350679126,13.0025492407616,0.0114478862965252,0.136744712445201,2.49085867387056,0.080322198902241,0.163202194749289,8.1325652583707,0.256855269941152,0.176700899598266,3.25557838997471,0.0322048210706513,0.195400965118353,17.1418825295271,0.471406121106973,0.173696446108767,7.58962040187813,0.118953858915292,3.73185341839321
0.176364069784768,55.2866532650874,2.30935656798177,0.219347665690127,20.6694457978884,0.533802917266186,0.161484587899482,11.3570049730287,0.316366045120154,0.185174145425991,33.5259694810802,1.13069089887928,0.164871988483737,1.00288309926358,0.0140645018043268,0.156642174676891,7.74412301428478,0.236063417791739,0.158985758007478,217.187191083922,0.407827869188309,0.192869852140043,1.01449885892793,0.0110240575642675,0.191095381571658,7.52435222533039,0.300946058496608,0.170467164870842,2.86823283751515,0.0825760846846867,5.34271841877733
0.135555605814742,112.235651584573,1.68934579658629,0.205621094878479,16.9944681193122,0.390874922618998,0.182190480174815,5.32637338722108,0.236844079154215,0.191187066201942,208.007751711453,2.01822414808659,0.126195443820074,1.01158236655188,0.00403528365051698,0.19519934057599,72.312737671454,0.995726911407689,0.179664674800335,7.90177085082341,0.3159321697367,0.186180141517346,1.00288309926358,0.00792464678272639,0.151398933349874,6.84240540686637,0.150772513792222,0.172638280308276,7.67752616736229,0.115961316573805,5.92564178838975
0.101857280816089,23.6783611765105,0.46354911839355,0.226457070178009,903.106430675703,0.852591979610775,0.195027563055668,23.1921673069706,0.762037749957592,0.147137243034874,31.5591124739724,0.538541553703566,0.187201726793246,4.36676720472819,0.0357647716612947,0.0851304875401833,4.36676720472819,0.043119006850762,0.191715047668898,7.85640396138943,0.356529270209085,0.190325980152407,1.5850757161707,0.0373894471401383,0.18461949159169,3.48847535295163,0.156610029024764,0.083575048336762,1.295770630155,0.00966315685248737,3.25579608340401
0.141851962478929,586.230926059644,2.47831359765966,0.20518748163709,8.22675961020021,0.303703686655424,0.166944923343396,8.63941072106801,0.300936983016367,0.18714821220363,102.447797407785,1.65355638350424,0.188013144592153,1.01158236655188,0.0264724721518519,0.170607359621486,8.29812065000463,0.299204509937118,0.157149854304573,33.5259694810802,0.346709192941229,0.160926771701348,1.01158236655188,0.00106600176519878,0.173919386150389,3.00344307348301,0.126154915281899,0.178304663562256,2.65372529430481,0.0902004777430358,5.62631822065602
0.18482128289606,144.706298312936,4.73674608893883,0.176477345094945,2.1944987299355,0.0913280883207867,0.193276765056936,9.72180569368846,0.441649099923871,0.156331191947737,7.10334430368878,0.266852987742835,0.13099285118642,1.37256962462899,0.00817879641481055,0.189974249071034,6.13333836012256,0.284665164034434,0.181691290774635,14.7585013912184,0.459427342538629,0.189136053752285,1.91677282105974,0.0383179258216266,0.110852281565919,1.68386231169735,0.0372367664283685,0.171584958478307,3.46844676966084,0.0913043942883798,6.45570665445257
0.161174305004672,221.432694695349,3.50507704098782,0.243893111440849,45.3590725519368,1.05511321515055,0.162022113176248,14.257340102472,0.350152317255526,0.15088563977463,43.3170791620244,0.628262052892562,0.115530212098886,1.01449885892793,0.00137474894500643,0.195613810670221,11.2593385593765,0.500221781071102,0.115315903031294,5.90803229623124,0.0907497988145253,0.161581276953268,1.00867425853989,0.00375819349419149,0.187517652111724,8.1325652583707,0.299104189213622,0.192544832680068,1.75817161928149,0.081305486139189,6.51511882396409
0.14664365298888,93.4917471366253,2.02546129781207,0.112720674748709,1.00577451078852,0.013992525117478,0.194811536347312,129.353428603694,1.12561678471163,0.166638837622938,52.9884291843805,0.939770562062245,0.177944664914675,4.11058351166975,0.0287565237731865,0.189823101012109,59.2847831707431,0.86143210830694,0.179558379441927,49.5933968601569,0.619618409440262,0.170460588344445,1.00867425853989,0.0201602273587891,0.116422167066667,4.88564863828298,0.0648736069879234,0.19375442690107,80.4407977772957,0.236190036459728,5.93587208203025
0.180490457540338,67.3252022246303,2.82020547499355,0.163270450446245,3.60071789654471,0.10468894085468,0.185791799732377,28.3702534600969,0.697892464223799,0.176075951708552,24.6375716039181,0.83211154135915,0.176512118679042,1.00577451078852,0.0123286701347822,0.150731948312105,4.06351835261943,0.141872456498713,0.189377664060629,47.4973267490208,0.759973856670416,0.141396719564561,1.00577451078852,0.00431044682744109,0.154609608338853,1.85168407581574,0.0687812406070496,0.196094882612616,41.4862782755825,0.244003453353643,5.68616854552322
0.193326459399716,485.546966797681,8.18403586279667,0.198108815187926,5.41917883794353,0.219797948365665,0.189868590920991,15.2772790540943,0.573554770978471,0.131417096064531,4.70617602490094,0.145091680472721,0.137803805968172,1.00288309926358,0.00469770910772528,0.196462580084752,96.4375262265749,1.07708350987849,0.166714097463574,56.1289989622505,0.460803660554761,0.18740580889841,2.00136053357019,0.037707053468968,0.183790426568768,23.3260907272937,0.407681362688187,0.134632309556329,1.00577451078852,0.00998202262735279,11.120435580939
0.196771735410879,1307.66950689321,10.0400400900228,0.22221304004176,4.36676720472819,0.237802505111854,0.188780926337443,41.7258412370602,0.817186702121471,0.144747803822061,15.3654978668113,0.399055264939783,0.186403832245998,2.21353437928443,0.032740250944372,0.127814398855587,4.95648496866088,0.116146709563326,0.158649217028677,8.29812065000463,0.241197760697206,0.165438819686405,14.6315832552147,0.0264483278279144,0.184521854722522,16.6075311717231,0.386290079692205,0.19023772488565,3.88058521159597,0.132485942269853,12.4293936331908
0.188066997888333,159.003313274763,5.24474548630769,0.246245617310618,46.8185117519142,1.11409612402738,0.179137135337624,12.4888983567305,0.441961036073118,0.169511704897614,14.5895202202118,0.55409219348082,0.160646544761909,1.01158236655188,0.00762950871234394,0.17768221841636,15.8598865007128,0.468634993947483,0.192850792051058,6.2943333190863,0.296288506538241,0.189530903799718,10.9083594392703,0.0474481294586656,0.100217995374689,2.85998721049474,0.0380663619590243,0.19004228746898,3.55949057200184,0.126674250395423,8.33963659090019
0.178205407422533,91.1199807677937,3.3611034692748,0.200752536279055,13.6547521301788,0.3378974239266,0.191612516018223,398.703605050255,1.11336285239006,0.136600900292906,5.59354223610883,0.179537176167893,0.174798368152888,1.00577451078852,0.00946126145961622,0.193429491044878,29.3674992776149,0.777142633544978,0.137488716729435,6.62911211113257,0.148937392667658,0.15593992717327,1.44974067037263,0.0176972880435138,0.105074216820262,1.12528574084121,0.0259052156944821,0.19392272182954,14.1347317845805,0.205908010069827,6.17695272323943
0.131577913018311,116.47972479133,1.5527046733682,0.226798316789535,5.17521601544173,0.285504874694137,0.15523403972942,8.54049161663095,0.248117938442305,0.194239569891155,37.2943387037601,1.36361958283285,0.165657792486042,1.00288309926358,0.00142246974516782,0.0557651433094545,3.12697047724319,0.0169275784554991,0.0969458717668324,8.20310923201435,0.0627619422403955,0.151698289545885,2.76286929599819,0.017311392290402,0.164045467553788,85.2084412476855,0.294426894341045,0.174941218835831,1.18513668643434,0.0497551649345376,3.89255251134454
0.193102751310127,96.7504107799844,4.21200957293489,0.243094021268726,31.6501005279053,0.944235828952219,0.130033828717924,13.5373258656811,0.179015810754755,0.196493875097072,25.65088039011,1.12353021222396,0.179534194596109,1.05015961695978,0.0236588579075811,0.197397242179397,333.526835341291,1.1969615341664,0.166589648509669,43.6928227058688,0.44750940992383,0.184389175527578,1.01158236655188,0.0043951146566615,0.198227366471922,49.0255647982507,0.646774925379035,0.154750595994898,1.71320152422168,0.0502346642696453,8.82832593116897
0.126609548851577,184.979733984101,1.4943421100797,0.224920187194612,4.66570449781614,0.257355545759378,0.184405544446159,193.562715148038,0.901594425936906,0.178179591481262,16.8483214233231,0.677995677979151,0.125820374869945,1.01449885892793,0.00131842295427309,0.194367107700024,31.1080807989498,0.806974542863472,0.144511356107868,6.1865405227709,0.164126574092069,0.160342390101027,5.38806539618403,0.0226513279270502,0.196739654154695,10.0346071582177,0.384865686419557,0.147113488655647,1.57597523020146,0.0421842124076473,4.75340852641921
0.195577833147988,242.616606199075,7.06271847249531,0.246655692590397,51.3366596640957,1.15070059204301,0.137432119255381,68.8588063220333,0.262100374026269,0.113460308568071,9.52784643268317,0.177482913182941,0.175677054268031,1.00577451078852,0.0119538188892477,0.146250179536792,4.99947880072813,0.155726822295953,0.185256059501579,54.3793307588897,0.703605203719731,0.192744891849591,1.16149208345279,0.0355934646994293,0.178490502586873,82.7903073513056,0.427132034792701,0.16062641966657,13.8129064745256,0.0946240873904947,10.0816377835351
0.189966122372389,214.586385796944,6.11832656660788,0.225268633526191,21.9576266468948,0.619431734328984,0.170973564961758,5.02834834499989,0.207198644283347,0.199370138833048,15.1023580078497,0.740041796594344,0.171622740992628,1.01158236655188,0.00823531624766648,0.19487543960785,10.9083594392703,0.483043927703531,0.189901535770628,5.94214829246472,0.275722117638379,0.197035977755369,1.00577451078852,0.00473518060185268,0.195791533374135,143.892947870195,0.661566948001427,0.137629592891622,1.26626799854054,0.0324117927483349,9.15071402475574
0.187548638020174,385.29585604044,6.94265838708,0.196501994784904,2.22631645743836,0.107401568373212,0.182617957075926,24.8512842698056,0.635125439479071,0.139945220534183,7.99329205722658,0.249825045171264,0.186611912393952,1.2517695448338,0.0284871770214355,0.194434806869356,365.713325649629,1.12419182762367,0.152532936865062,2.71555413295041,0.0991036368253099,0.177897795358787,5.22010717715947,0.0347840380507311,0.0365232532785054,1.00577451078852,0.00207131475654454,0.116007048045085,1.48351801054375,0.0222432181748444,9.24589165255608
0.187591907862057,65.8048603822831,2.96194807012141,0.242360985799795,5.70741049859425,0.342968828379652,0.186799983256754,8.29812065000463,0.367094249002722,0.165540081579765,15.0589415844573,0.539074090082145,0.190999861290691,1.15815301335288,0.0306897432811104,0.194981853737205,10.7524610237587,0.479631251928077,0.16332332261589,4.43008034640065,0.17051802169715,0.136916019035906,1.00867425853989,0.00162210464049198,0.168123134166226,3.0557743442915,0.121782352562786,0.179398681190163,4.09876636139165,0.112147413355266,5.12747612505081
0.170629737559628,153.647901220541,3.79311585668315,0.1297361960605,4.20635552139048,0.0565169302279768,0.195866258803457,7.3530347199978,0.353206290561695,0.151979291788754,51.6331037591724,0.669100506581859,0.19017095991053,25.3571841881197,0.041501051516716,0.122170490755294,4.0518365057735,0.0940280715467691,0.085776639146226,2.68446171339143,0.0352290168786058,0.180971696627713,1.07772542117776,0.0280542619028148,0.18975754715701,5.2653877364201,0.232339913040045,0.148304403257491,1.58051892322707,0.0433675488694553,5.34645944780909
0.191740711575009,271.968744329294,6.9244959254393,0.198744691211139,8.03944940844679,0.270006915180869,0.198854924660285,11.2269700901773,0.521851690702805,0.174592236606989,35.2076192684563,0.959342921193725,0.131073850492564,4.11058351166975,0.00870031312195135,0.175188015226217,5.02834834499989,0.213379862412008,0.199301200372395,7.94739971184986,0.383710907465357,0.197191748057676,1.01158236655188,0.00480583220953334,0.153402848726595,7.2688443008963,0.160238885209677,0.0950910775163166,1.00577451078852,0.00305565022035617,9.44958890315558
0.169020067023772,341.755837683404,4.54279858274802,0.23893751818829,811.852942976254,1.13667253216026,0.139148625404021,21.5815941337228,0.243462977032701,0.142369686036119,5.60966897361054,0.189726280928632,0.183693295446085,1.99560700049668,0.0298910161341822,0.168682251667361,32.8570945343963,0.484966541967454,0.147017356488296,24.2854601433005,0.260067463913301,0.192545787395677,4.73335188912938,0.0490535950082024,0.142794234577707,1.67902152597229,0.056749690725962,0.196925832996054,9.86276078296599,0.206457138875777,7.19984581949449
0.141703336311528,99.2687318828321,1.87164708216894,0.222570098846558,11.5882005855279,0.465139268759445,0.186866965632163,10.5379392096157,0.439471351662454,0.126017146740045,6.1687553886527,0.171837929329512,0.166894378400821,1.017423759841,0.0151423078911979,0.128646592650597,2.61579919085284,0.0770034324463953,0.173642498154311,13.0025492407616,0.381816502714917,0.190521738439173,1.00867425853989,0.0166984252690423,0.191582317220046,6.2943333190863,0.270502162040265,0.167246584291065,3.71657187129828,0.0858758681893778,3.79513433047155
0.188915112965212,249.643430339943,6.36581179815979,0.181111624735376,3.20905081491668,0.127009698749348,0.189009412053908,17.4908414355252,0.612231990473061,0.197892569166626,232.055249753435,2.36906717329568,0.108426251050111,1.02920793476607,0.00258566010690156,0.190970769580022,468.454771555964,1.02824791710016,0.182458030285088,8.46704626823108,0.343061052863221,0.133079642755355,1.00577451078852,0.0086878301719191,0.173618823736824,17.6934267723322,0.313339749639597,0.195566284049995,1.8199732981517,0.0859548573210602,11.2559977278807
0.188869397809563,154.087210889582,5.24980212767548,0.197856885964729,3.06458444505318,0.145803120605785,0.176688196799573,15.4987821679022,0.47057768752036,0.191265838023583,44.1988889941343,1.39800951044904,0.182428344388543,1.61734325078285,0.0278021331399779,0.15160157050299,5.97646129188652,0.188586831589954,0.164574397955041,10.3574730860055,0.294500331252497,0.140697413988698,1.00288309926358,0.00554072774965737,0.199479641987963,7.76645008964431,0.341295710523192,0.119156167718978,1.00288309926358,0.00403002854837445,8.12594820905432
0.178182175343945,69.8710339890205,2.83628412613865,0.174864773931782,3.40904833026788,0.121399873306223,0.199669574118199,18.1056638759021,0.728895525749742,0.188366447522891,12.5249050903856,0.576923332772979,0.196241783795565,1.26626799854054,0.0348121176619043,0.148776213322751,7.02201277776474,0.197097573373209,0.195608531170798,10.1216499350543,0.449808800901519,0.179307903522262,1.77853540743712,0.03090498434923,0.162814803180734,4.15819379664401,0.14318470012934,0.176946918656148,1.57597523020146,0.0638935571245663,5.18320459150736
0.15683911515486,393.073776073307,3.45982362725667,0.208995678585886,5.14550325140415,0.242101148553445,0.17017707669362,20.8487379146156,0.473563960479832,0.186095258869947,58.1019954155711,1.42951426219938,0.16202733253315,1.00867425853989,0.0121863793911355,0.181109234865259,8.76467231833321,0.354967290871595,0.107489112451678,7.97031285410644,0.0823031045349261,0.192820399494598,1.43314150019665,0.0379469346708316,0.124496793379913,28.9477893633602,0.101088900301954,0.104264945410177,7.02201277776474,0.0206563209928911,6.21415192925266
0.192283438524412,84.119113751716,3.75922677136898,0.225327855794184,4.0401882420282,0.224700944515207,0.192363742534504,279.809023229049,1.1085056414401,0.157099802819284,18.8503244528549,0.538372730791734,0.154791678335816,1.00288309926358,0.0131066502916182,0.199471216833614,16.8483214233231,0.677209716814934,0.158804092986017,6.01097243209366,0.201735977919688,0.180581859774734,1.01449885892793,0.0100147050140812,0.166001856267816,3.02949571521225,0.118496800079316,0.0945271280187524,2.50524216415549,0.0144067168966306,6.66577665513229
0.169699187223536,62.3302254082234,2.36948343749659,0.234502644652058,71.6908725083659,0.923964246625124,0.0681188312968082,14.0131778568844,0.0320811363706284,0.166661397321957,9.28414544519475,0.372706613241385,0.147618749617057,1.00288309926358,0.00959282620958398,0.153853580018368,4.19426304469508,0.150090533973431,0.127793262712019,2.10780755947618,0.0624643002992867,0.187072365370459,7.87905475386486,0.0449550383816473,0.194632076311908,13.0025492407616,0.41999793684813,0.164439031703217,8.51593931825384,0.0984976729151098,4.48383374236092
0.142318333804536,246.808603273273,2.32384334542342,0.243599783687836,13.932723196473,0.680596065232323,0.0991018254994414,2.2456281019818,0.0455629426282772,0.192769781254396,17.3404260963733,0.801648224344717,0.185316036788115,1.67902152597229,0.0298284958570093,0.198358650946182,16.4173790695188,0.657317965169723,0.101831668863227,11.6551167748285,0.0757857654101391,0.139337495170811,1.01449885892793,0.00499216093378113,0.186188546756863,52.3817248465878,0.49107819500495,0.180868051801906,1.27358007675926,0.0557094082046513,5.16636256820899
0.165864144106947,262.059249239474,3.99452718010641,0.249453760788622,14.4224738415937,0.74934004717758,0.199095509862696,37.2943387037601,0.984545639037568,0.164222749447463,13.2672433518329,0.486504873771731,0.18506721167725,1.01158236655188,0.00230909077877493,0.176475059237123,9.418754960271,0.351881318440642,0.196324379121884,22.4692148500539,0.702704187017833,0.198144732883096,1.00577451078852,0.0301631267987364,0.190268822430211,7.87905475386486,0.307495913219786,0.183763509924379,5.49775074742009,0.135552411473765,7.74502378782283
0.192140635889536,1428.68607920069,9.02330977139017,0.165352291934022,2.49085867387056,0.0875365225845411,0.185426588917575,22.3402110602687,0.635599031244814,0.17848759294021,123.886292399378,1.42343072676623,0.191099616883075,1.92229906736858,0.0349953086815143,0.119431282150185,9.5553161597167,0.122496923799498,0.165241091812402,21.2120013170279,0.384481689666157,0.176883189620801,1.3804955427344,0.0278073059391952,0.154673283539096,2.66137624774655,0.0949299031796993,0.192113494574382,4.15819379664401,0.140490255650275,11.9750774389021
0.170703852604436,114.174890330156,3.3796500446278,0.237375792372283,5.08658851868221,0.29902803280931,0.116162177322275,5.5454396587911,0.100201640202305,0.163371802413098,9.66598933399762,0.376466710188669,0.159772844954775,1.00577451078852,0.00264765362157084,0.158346310413083,3.51873529007318,0.13386161016871,0.197173045188739,11.6551167748285,0.503176960733617,0.154009361920562,1.80952418124502,0.0176795401354154,0.187936506952206,19.852922906113,0.432846419158939,0.196049009839174,2.43414579263315,0.108503864770514,5.35406247641685
0.152542314405654,33.0694653561776,1.19230512077693,0.193675142518409,5.49775074742009,0.206243460396461,0.141875030948007,3.15409462760941,0.105145550321722,0.156053362295831,17.3904202660819,0.511883711946032,0.19709255482316,5.49775074742009,0.0468792095499255,0.156123666097868,7.81129753947542,0.234890231344039,0.15807161603085,10.9398093223365,0.267870782356018,0.185101263718353,1.00288309926358,0.0166810385179127,0.0756842130107688,7.24794774808137,0.022624191289478,0.119374087042947,1.00867425853989,0.00455754518309219,2.60908084168161
0.171650374411112,90.0852674270771,3.06367419305152,0.217483808275627,3.38947576589033,0.181936398423257,0.172687898661193,13.7336016436691,0.419743661700497,0.177891110055266,13.0776326016306,0.555572883915643,0.163428455794219,1.295770630155,0.0177446102387227,0.196614180508196,7.81129753947542,0.373893310067248,0.117367719876342,7.52435222533039,0.102240696341029,0.093502626377215,1.00288309926358,0.00106450067944777,0.194324417866757,11.9610537599916,0.405573614619738,0.194282541095363,48.8846255702689,0.235588427721914,5.35703229675902
0.170678550570113,114.174890330156,3.37954753417023,0.246811189547111,6.72522667244931,0.409583654140372,0.146532515061364,19.0686558202897,0.281208066097361,0.181700420650141,16.4173790695188,0.691068631622286,0.192521484814961,1.8463608342542,0.0357943344863202,0.183054843968388,29.6222405590191,0.638581616439161,0.190521250638928,6.0805937181354,0.282356195396351,0.169099315850477,2.25859550568368,0.0258593142942833,0.171394954643155,60.840958726914,0.351347245679755,0.142635423651439,2.81100886708374,0.0484214690024229,6.14376806132854
0.194153219381733,259.083434286908,7.12528927087777,0.23575321865969,162.855695173605,1.01897373480432,0.184395191938933,110.728920316933,0.863265312770832,0.141053108304004,16.2761951447872,0.382384271658459,0.178530823008064,7.45964533309522,0.0306226859174426,0.171741995129329,245.808926082201,0.629033578408548,0.16505649274535,4.63891702142887,0.179805621320694,0.0853744625188572,1.00577451078852,0.00223439570094875,0.180169433364907,6.98169689372975,0.247502660157633,0.19005029528271,70.8700298451568,0.214434851008606,10.6935463826253
0.178019496640155,55.7622368184033,2.36158947646428,0.237335822672437,85.4541056418972,1.01555605893492,0.193968015645437,19.2895159816518,0.694431263738015,0.192299232268383,149.380384647924,1.99193510446226,0.195492802703446,1.017423759841,0.0149525745705223,0.159268755590503,5.14550325140415,0.188071162161754,0.196174398464319,14.1754836193795,0.563833425415118,0.191765894693769,1.01449885892793,0.0144046253559503,0.167945313454533,3.38947576589033,0.132270731012465,0.190521196737318,15.0589415844573,0.19329592833262,7.1703403504479
0.159206114174892,31.8645412191112,1.22095505124158,0.219464471491323,34.7044444245723,0.610477156373933,0.180513406549885,5.10125365829453,0.224643339336728,0.127209737276465,18.6882180181159,0.30224977612306,0.154780850589789,71.6908725083659,0.0169526231605786,0.174138093874221,13.3823268507784,0.410245311416201,0.148154941803577,24.0073976636039,0.269614246517906,0.193559257561379,15.4542261000141,0.0538599630849954,0.195617362859072,4.3416960341386,0.207474627381831,0.156052460288041,1.3804955427344,0.0453165182033294,3.36178861284014
0.192114735591332,55.1290284939718,2.59497841990088,0.243709231401608,143.479282855456,1.20837208798085,0.198531431721222,27.9647958304035,0.876904691060532,0.183209000918895,95.6081960158011,1.50120487669717,0.192909794586608,1.19198027101602,0.0315546971208215,0.154915479460569,6.01097243209366,0.197563930961341,0.14696666096942,3.01210229799636,0.104307649738151,0.140729527675365,1.00288309926358,0.00128941856421413,0.162591369210633,55.6463084955692,0.278187031209933,0.145352415848063,1.00577451078852,0.0022398341203268,6.79660263735422
0.192051201645412,518.501918052196,7.99892630700678,0.233322226988639,8.54049161663095,0.444800778011885,0.0876959896896686,4.37935702804035,0.0483496257209348,0.197648644768899,617.586329858686,2.54656902212783,0.19584192005154,1.40454896553258,0.0357174488063877,0.190366533570409,21.4576864915806,0.666717090975374,0.16692690465353,14.3396692667093,0.353656293605425,0.195982416677665,1.00867425853989,0.00594401031504758,0.18925955314656,111.689411599606,0.557983721188776,0.0910662486293709,1.00288309926358,0.0042403125931371,12.6629046103516
0.189695634010224,67.5176982631216,3.07229293630811,0.216372668748317,9.36467852310833,0.377242287927583,0.121389401307689,6.34893199363231,0.117074777854275,0.177229446472134,48.7440915159157,1.14168126804419,0.160672104880862,1.01158236655188,0.0101830236445936,0.187676179118691,9.72180569368846,0.412958369119325,0.12760964987046,5.80685504843578,0.116949134139093,0.179534112183151,3.68461060628057,0.0347892036113472,0.1451672981794,5.28056837192541,0.122087728344787,0.193691413019842,71.8975644100998,0.236483558789661,5.64174228778296
0.182166592754241,94.2959762712007,3.64356934133183,0.146166878929206,9.07276025359497,0.0959955065708195,0.17566599724888,42.6980067851428,0.622594373824747,0.160434854477606,19.4568382303861,0.582251770108465,0.19367015516359,2.39935784176774,0.0385308450481909,0.193074054158206,10.2388825947119,0.453413779402258,0.189596191578083,170.042561855291,0.869062751880298,0.0918432127390837,1.02035709353375,0.00178142076504937,0.199490677204465,25.2842870786632,0.574949857706057,0.164497097416788,1.25537852068667,0.0469940497832904,6.929143696421
0.187435410890354,51.3311854165463,2.3554985732654,0.237016037245438,6.31248050684326,0.364309640054295,0.112571512261753,1.87313095952011,0.0481507344080982,0.184807919186788,226.119795827268,1.75583182971111,0.189511764796705,2.18189932872234,0.0348685639869351,0.172026189014229,18.7961333346796,0.449105797203453,0.166545475454091,4.17018228211692,0.166314866686912,0.168066520918782,1.1715671660767,0.0222977048444718,0.17522111243801,8.370100693918,0.253734879615957,0.192400667926521,4.41734470314007,0.144498125782587,5.59461071555922
0.181691783674184,84.3596268972181,3.37698300241468,0.241821394098637,117.969011946993,1.15411136476122,0.178638788290445,10.0925521055113,0.383884346598655,0.197863994726942,154.63127054568,2.26223756289158,0.183880742957948,1.00577451078852,0.0135980587907386,0.154418359286094,7.14436264200497,0.218196178092779,0.178457295858962,44.4541159554714,0.585046305135482,0.186362063717216,1.00867425853989,0.0130132486001809,0.1693172239165,9.77794436555052,0.241412418267071,0.126712413380534,1.00288309926358,0.00680385376229856,8.25528633931468
0.194903139586983,539.647081598957,8.61613881619956,0.19218705227862,28.1262788456248,0.323428019240982,0.187409202745623,68.4634633145046,0.874201272095395,0.190024275162496,23.8009421380058,0.987268504965775,0.129354323375478,1.00867425853989,0.00588755385059635,0.163485104796471,37.0802185815206,0.440196138679111,0.188813602854663,18.5275056440599,0.574705006013624,0.173317118675423,1.01449885892793,0.0167107780497062,0.172157071750713,2.39935784176774,0.100338449577712,0.182912178608144,1.15482354244809,0.0515358269343228,11.9904103656068
0.179756647866406,90.8601935449407,3.44411521801463,0.238780675302305,168.095616805684,1.09155588678914,0.147300355974195,21.7687984609418,0.294214928329149,0.199812408158649,72.1048522251035,1.98075068063824,0.183489737896089,1.88394737445416,0.0295431162037921,0.169126192679837,8.51593931825384,0.298981807234243,0.119414653844673,14.6737675621227,0.122828832203979,0.186613435136057,16.7998856852757,0.0455772817271478,0.184855505263196,4.3416960341386,0.18995432448658,0.118633793387642,3.33142973427318,0.0285056405689581,7.52602771619586
0.195815366317394,278.252253775441,7.50169682831984,0.248991490888023,9.17784428848941,0.545600532902247,0.154546345165266,6.01097243209366,0.20040268304884,0.190455554630119,15.2333597657718,0.704413985248634,0.140107324734994,1.00577451078852,0.00545880630401456,0.123246273045938,2.03037797761035,0.0580360327458503,0.181567438218432,15.9974592566334,0.47535037965343,0.181964554479222,1.62200621191813,0.0316798340379013,0.165707614435649,10.3873347090322,0.228622477140024,0.177115347358423,10.1800975118018,0.135012648921109,9.88627420832189
0.19426866961348,84.119113751716,3.84746296164767,0.201654821367428,12.6335493553273,0.332840816057952,0.196111906520808,7.76645008964431,0.37281758835699,0.100411850445187,4.45566189315493,0.0927101907168631,0.19421667951711,1.01158236655188,0.0244470163834098,0.173185662903084,6.31248050684326,0.255744956100703,0.196566621051917,15.4542261000141,0.592707560992732,0.195133368806823,2.35826794741131,0.0453386529769062,0.129375757380333,1.51371812544339,0.0451530735630046,0.177031059491564,1.26626799854054,0.053764666171418,5.66298748296765
0.166164330150013,56.241911408214,2.09825535479642,0.245862100966776,39.6186319317599,1.05653731933889,0.140672443540259,5.92506573979369,0.162565630027696,0.196651665698723,58.269509235766,1.72746018155311,0.166091961643051,63.1611621799113,0.0226905074662295,0.153407297749976,6.09812467340626,0.195686288965406,0.134193325966578,161.920682445937,0.211474681539769,0.158803410080629,1.01449885892793,0.00416158468700224,0.140823556929853,2.63848930932274,0.0791128922498185,0.161756890464516,3.38947576589033,0.0759575456686013,5.63390198629294
0.186683206042973,253.232796297123,6.1091171096052,0.249308190660082,77.040959036417,1.29608922981533,0.106481890194552,9.61049343596866,0.0937862997447114,0.194675650429339,45.8844379566866,1.50837424163696,0.177472087445468,1.00577451078852,0.0108908547359244,0.142632528171216,3.66345594042931,0.118970008248841,0.199086989431305,46.5497099496079,0.925918064658988,0.155264435768763,1.017423759841,0.0101138370597039,0.0995642705320126,20.7290378618468,0.0495576397340246,0.129694213197133,1.00867425853989,0.015144656840946,10.1379619420806
0.144947065946646,83.4016807844893,1.87844912770539,0.198828922588902,4.30435891208667,0.190864372975309,0.196473113950228,40.6585876047624,0.94959800153591,0.162903624158283,45.3590725519368,0.827007366302024,0.156910359713624,1.00577451078852,0.00239786644153087,0.190623525785831,198.072510456684,0.999350997893007,0.181744756655145,5.19013667692469,0.229560326843529,0.152157974685249,1.00577451078852,0.0126669190088162,0.154082124552668,4.52026390637434,0.132265642398488,0.114731735641862,1.00867425853989,0.0129509516033828,5.23511157270739
0.190901184192852,304.002746397033,7.01765154035583,0.239685802617949,5.31106107095859,0.315472199629759,0.161618687731772,18.1578643020893,0.380816721440776,0.171366194084912,12.6335493553273,0.508246904219404,0.196577307152066,2.39246014169509,0.0407421987108628,0.166313688182673,7.74412301428478,0.27165187037788,0.197500360272933,7.39549489831676,0.354608288632452,0.158026265426482,1.01449885892793,0.00334301682488331,0.197312688703312,26.0227888862634,0.556377558519197,0.196106831770189,4.19426304469508,0.149500854820152,9.5984111535312
0.120819672573949,27.6254638593379,0.69994318325813,0.224025835808172,19.1236326478425,0.578516114996867,0.162525331645668,5.04284557241036,0.193005322464158,0.152940820565655,71.0743551760129,0.729056905057932,0.199839657458561,1.01449885892793,0.0129645222824239,0.199374760122176,13.6547521301788,0.594039726458681,0.173009541600785,12.6335493553273,0.370820287150054,0.196401338829932,3.13598584352336,0.0497379664435193,0.15093608046138,5.16033824803901,0.133142098523812,0.197140465475248,17.7444386780296,0.229841816915426,3.591067943551
0.196354582080311,164.076262308813,6.02350530515357,0.248068675560045,45.620999005745,1.14557967369716,0.177792191267615,17.9499612710559,0.515100166268076,0.131901596529593,6.0805937181354,0.183382443036473,0.17697602162167,1.017423759841,0.0175810028339842,0.142948083379848,3.19982540066046,0.106860448976474,0.0548996866696022,4.49431145638251,0.0160009750325525,0.17310735699074,1.00867425853989,0.0165760353898763,0.145207308256558,3.79223047250718,0.103929263828761,0.191516744197937,12.4171951294921,0.192043602075192,8.32055891629212
0.196556490203938,100.408925880461,4.4810338875499,0.244281662011528,9.44591016576076,0.53257741829363,0.184538484862017,19.0138370407198,0.586032248179674,0.175740445900593,21.273157622404,0.768602085572475,0.189072546121512,1.26626799854054,0.0298795292449974,0.162277016596076,7.18561784115829,0.244898736081126,0.187240146332528,5.2653877364201,0.240897876517741,0.102077881249966,1.01158236655188,0.00238433610622895,0.152473314812928,60.6660524756973,0.216091116254225,0.190589180221116,89.2252188596224,0.220418226835714,7.32281546063571
0.198150379288347,496.764943186641,9.03034944727592,0.231784873050853,12.0648070327153,0.536610408694353,0.143452303999954,16.3701822092467,0.252457369573966,0.128640676450258,4.49431145638251,0.135230050493578,0.157896031585362,1.01449885892793,0.0106828170037801,0.117206681026724,1.65979714701382,0.0449036867539964,0.177411221829873,4.50726900243269,0.194203111040338,0.110232647723658,3.02078648791353,0.00575747580279074,0.158601581095793,16.8483214233231,0.223053375290779,0.186326654058878,7.2688443008963,0.152572843062728,10.5858205849922
0.181820801533747,44.2489815380287,1.95957936280983,0.162483031712494,25.7990016756576,0.158314926879277,0.165405165105749,44.7108167276501,0.503141351455367,0.165343177344195,7.81129753947542,0.311788360793164,0.18040949111289,2.51970871206025,0.029220077670908,0.190246434674329,19.4009034997931,0.632295617755021,0.166054904343467,21.3959997006003,0.387294779110979,0.194561062645697,3.16318819550752,0.0482229423192798,0.168742021298203,47.4973267490208,0.318192162114707,0.186572312498853,3.52888015319671,0.119539324188559,4.46758890509709
0.179371284877713,159.457935123655,4.50658938212451,0.164214156841938,28.6163443734521,0.168126968709273,0.139826040592529,6.55321042588835,0.169043563714557,0.181360799973548,127.504755146189,1.50286053442737,0.163425731542176,1.7683242002651,0.0185482539169627,0.183404754682164,12.0995910689866,0.450022456529841,0.197887191810506,8.10918567113405,0.385441734751263,0.117069456781386,1.00577451078852,0.00527808707389213,0.193309523713133,7.4811522310616,0.308641499720169,0.165045888953945,5.17521601544173,0.0904887456140323,7.60504122658187
0.197615233562055,222.065814464958,7.07543160656558,0.223610742623666,7.63344674676951,0.371758628807948,0.150880951318565,7.63344674676951,0.218329793548215,0.187864597009737,245.102271902578,1.89501561283912,0.170567551161069,1.00577451078852,0.0158290655247971,0.181280490288012,6.0805937181354,0.266176876710777,0.184732000841951,6.84240540686637,0.299395517822571,0.111963112243636,1.017423759841,0.00148043532821171,0.070541323189489,1.07153781450759,0.0127963412672237,0.119138981041798,3.06458444505318,0.0285319957189793,10.1847458741334
0.128014900532865,297.137737748507,1.62834690114004,0.186442019530407,2.04210241714683,0.0926883828195624,0.194769906796991,16.0898367576997,0.637114164425427,0.148196420376641,13.6154972999402,0.397249756162903,0.0771641394242873,1.00288309926358,0.00170499540360854,0.119754110674974,62.6179974805149,0.153274167327169,0.146460086851566,127.872364011854,0.290903606975294,0.196988985965221,1.00577451078852,0.00415401081501113,0.162368843499766,2.42714808378022,0.0944221676599347,0.124083664012199,1.00288309926358,0.00542891489864774,3.3052870676276
0.198773593166461,199.233863992366,6.91914764204192,0.146980144385673,33.6226281790017,0.108512686394755,0.103585856928341,124.601675131387,0.104018162389382,0.18163738636866,38.0535430450317,1.1322552518699,0.187134124061851,1.46231609576324,0.0299967193760035,0.184564711879354,6.57210398204128,0.293234492382499,0.152271539278752,7.3318961356485,0.204024329772872,0.196200402401286,1.01449885892793,0.0327780967361398,0.198805989271468,18.5275056440599,0.519039160863579,0.165354190229008,5.60966897361054,0.0925750757340746,9.43558161756113
0.185965044934636,505.3481857809,6.98586635157267,0.196103213636364,5.99369202303595,0.226187142153057,0.173496118059191,8.56511470172144,0.324529997503925,0.187290782845869,13.4209094274668,0.612713863142614,0.199272295765886,10.1216499350543,0.0512731633573733,0.177086794595458,14.4224738415937,0.445463313037382,0.151320094574506,4.62558101221893,0.153476524325613,0.198379379742184,1.01158236655188,0.0125011573632611,0.136989338742915,1.80432214140788,0.0569752533249837,0.152857977075675,2.81911328467833,0.059441286140484,8.92842805192136
0.181990151492187,107.223861374204,3.92139384218121,0.234998550216243,9.44591016576076,0.482755936461133,0.170337524446805,7.87905475386486,0.296118283916587,0.162397568636395,16.8483214233231,0.553312114167836,0.192921262881649,1.00577451078852,0.0184149845486554,0.130738055667243,2.4062754285944,0.0733851345683789,0.178195076340132,8.66431899975565,0.329427173211862,0.157508602654736,45.4898472606078,0.0217454278995798,0.197413886179182,11.4885459675579,0.416995313046708,0.193420853658708,3.27437776251048,0.125906752579158,6.23945496258111
0.191371559411365,59.7171771322352,2.79006734984548,0.239104946505506,12.4529951356256,0.600902510162371,0.161809029344578,9.418754960271,0.2926121376006,0.136374644422468,5.49775074742009,0.176276698789234,0.134503577457261,1.017423759841,0.00668034918902212,0.187291815068118,6.13333836012256,0.28019066068772,0.109540921491131,1.30701047960937,0.032742838552638,0.160520272626331,25.5771389596111,0.0234077499370412,0.168467730630313,16.0898367576997,0.273041006910928,0.182075477105499,31.018650949241,0.169386190424267,4.6453074920993
0.195888088079263,385.29585604044,8.26973144281079,0.21136980032436,10.0346071582177,0.361369190345483,0.189464734792426,22.1480927773524,0.687267428187675,0.177607231536531,96.4375262265749,1.33318466107889,0.197233844065046,1.00577451078852,0.013828717410026,0.184292291981334,121.414643152359,0.83474178445369,0.0709402381545719,2.85176528809274,0.0244163615559665,0.187531166391942,1.01158236655188,0.0127691462913863,0.189617266016706,5.28056837192541,0.232901741184222,0.161541947529918,4.81582467568853,0.0835289888046642,11.8537394621228
0.179302091607374,275.092559088941,5.4096831458705,0.235025644920608,65.0059692846113,0.94485163555283,0.0748007521751171,1.97844545312916,0.0259299534339517,0.189976532484513,49.4508252223751,1.43361613483454,0.198020048586292,10.2980071327174,0.0500719822903861,0.178294594601492,15.4542261000141,0.47142473627147,0.174477548726901,5.32637338722108,0.220739196854366,0.186264515380226,1.00577451078852,0.0129580247192672,0.192704690824216,14.1754836193795,0.419133747739256,0.184402798015416,1.38447564841702,0.0617416724717538,9.05015023003832
0.189944824835713,132.071361795121,4.8937816556778,0.233827237025713,8.370100693918,0.440796213169614,0.194949484315358,37.8350640594363,0.904736886974354,0.159726552960961,34.0120577830084,0.714581848156434,0.163000739599678,1.01449885892793,0.0100329174406299,0.174925508354612,8.39423252506469,0.320188406843176,0.18565838562093,12.8536732852339,0.458342805265099,0.16378318286417,1.70827639380871,0.0219852444056156,0.124728961564465,2.90981894079874,0.064321612333831,0.174527045110808,4.85759838400825,0.107946285007288,7.93671387527384
0.171866311998833,121.576535435604,3.55918132128416,0.151832559786298,85.2084412476855,0.127061280683066,0.183926668135939,5.65832869261085,0.253908118053841,0.125094387816356,22.2119479273284,0.303071186962006,0.185218064130768,1.01449885892793,0.0246081993348954,0.177842740137265,5.84038679556032,0.249729197009375,0.183800719681292,3141.40753475427,0.789146637206555,0.182345314376282,1.00867425853989,0.00806651728121202,0.191589865432417,31.5591124739724,0.510754621568844,0.157408127801696,1.63607591315362,0.0510568616587039,5.87658394104266
0.198955071354176,290.427755145972,7.98158252263067,0.235802194157584,19.0686558202897,0.705577874775784,0.139219536081046,4.84363370723389,0.140765144051488,0.175561772915854,34.1101179217553,0.959909711660558,0.196380062615799,1.01158236655188,0.0152428425455495,0.191161825412635,31.5591124739724,0.773248806905454,0.134447271786977,583.030699103819,0.215294619243171,0.192458938883616,1.00288309926358,0.0180236126944883,0.156642148589096,1.87313095952011,0.0705145538811931,0.169069679988937,3.79223047250718,0.0905824440715405,10.9707421324599
0.087377263352809,39.8129805613276,0.412961691412321,0.233069884155422,11.0029813692926,0.522825539432776,0.158819203897957,4.17018228211692,0.158317862117297,0.177320843164259,20.6100250498449,0.772972469837514,0.192047793634063,1.00867425853989,0.0141313994875683,0.137087787925419,7.3530347199978,0.16318817505812,0.143884489458937,5.11596107896008,0.147713698818014,0.179502750696724,1.53566531100084,0.0301778454479307,0.191449921477233,7.83381828565906,0.310591927877619,0.190965766572353,58.9444080505326,0.219294992637956,2.75217560212712
0.11968595857412,128.720879813715,1.19325246172146,0.248855712525867,28.7815897627645,1.02059393301988,0.142324562566069,9.0989179220007,0.204009564054795,0.157602509245501,13.8926692519835,0.458548737204531,0.179509544761499,1.01449885892793,0.0215874812676707,0.102626379456235,1.43314150019665,0.0331800102486763,0.169216333087885,12.4529951356256,0.347693491152146,0.180430192903056,1.00867425853989,0.0154006590494394,0.189095945829315,8.29812065000463,0.310507375919535,0.126097558984821,1.9841495077581,0.0305028402669063,3.63527655390504
0.177998070588705,243.31029495191,5.08564830980134,0.223195697845631,43.1925507507629,0.687550670294996,0.065320272626617,4.81582467568853,0.0261016502177585,0.195220972603281,98.1178305232072,1.97150211042393,0.164352006546068,1.01158236655188,0.0140205825499698,0.183333668440265,15.6332226114801,0.511156196060507,0.111311600950796,22.2759871780403,0.104268460322861,0.168185183426226,1.01449885892793,0.00361416679084946,0.185118604537637,3.63195145450856,0.163412919393523,0.197208493474474,3.27437776251048,0.134062830007608,8.70133789586334
0.100724148667498,57.2136747667249,0.63089705984087,0.230141722595604,21.5195511317025,0.664179131016007,0.174796512066577,18.1056638759021,0.485688221978594,0.172210206013242,51.0419175604762,1.03865375038275,0.17562620898522,1.00577451078852,0.00978727443396497,0.196172909185542,14.257340102472,0.588011542697691,0.130937189069277,3.49853297367273,0.096051975063444,0.186390914174321,1.00867425853989,0.0296395202184131,0.196789382876126,35.7180895734179,0.59322424910189,0.171500485650759,6.66739199053658,0.1098936924724,4.24602641720602
0.127085528373203,331.189349135574,1.62893819425655,0.164726205855797,5.87411217212038,0.129322189272202,0.139027680620764,20.4327857832706,0.238770866969659,0.189517135877537,382.953273679969,2.01208830030883,0.193457828406755,1.53566531100084,0.0345673923702807,0.181886052849595,23.4607874898523,0.589369805336599,0.126387540501549,2.89311263070037,0.0788523217353228,0.135676926187728,2.54156531687388,0.0113771847537572,0.165076225069339,8.17952684419346,0.207624270529627,0.0990362441198302,1.24817094410403,0.0142770092190994,4.94518753475193
0.192435795499462,179.260486424285,5.96239635877397,0.213264657692075,13.2291025360534,0.418854121870084,0.175050296717386,53.4480645187486,0.642394976693127,0.120211212185123,5.6910027726913,0.149711117210602,0.199392881558784,1.00288309926358,0.0257479975404132,0.186040509023993,16.9456122371505,0.556998061663351,0.17866136412456,27.9647958304035,0.540180659303261,0.158876428282643,1.017423759841,0.0043536393681988,0.184801543262361,7.87905475386486,0.283907714061389,0.160073816891753,1.34518555643637,0.0469214424320091,8.6314660889164
0.183960998763204,728.292476811983,7.12698667042364,0.229033580649279,16.4173790695188,0.591354073154505,0.190171161063609,30.8405617924466,0.785950593384125,0.147057111898568,258.882846889423,0.689785207688417,0.136804892619225,1.00577451078852,0.00838975583209531,0.0892666594228031,16.2761951447872,0.0597760849200274,0.149327462418746,8.25047817477399,0.204566889877365,0.132750334429616,1.01158236655188,0.00535036291993703,0.170159348382945,33.5259694810802,0.319340613700247,0.0981223900582111,1.00288309926358,0.00502287285689963,9.79652312475726
0.164922893996466,57.7058348295407,2.10984419863201,0.227779160161067,56.94280539997,0.787557109938943,0.100030851088907,4.18220533158347,0.0639037639846065,0.184959074744168,41.2480907306527,1.23189070298366,0.17757432404941,1.00867425853989,0.0198851430606163,0.153767791625509,11.858192730432,0.273189162035774,0.199207621395429,6.51558610363938,0.31908199912874,0.146582887857287,1.017423759841,0.00193411622309319,0.167770067985096,22.3402110602687,0.286806454921524,0.181245493278898,10.6599934842429,0.151044411130663,5.24513706203963
0.198626826427139,157.197750454433,6.14319728006819,0.21326493825077,7.02201277776474,0.310381413719503,0.19319819790493,126.408257241301,1.08689822454846,0.170034018108053,14.9724828208773,0.566319537324265,0.163368441673513,30.7519010092932,0.0210297435010725,0.0919897481825204,2.6460963359074,0.0424841474445004,0.108512874801571,1.48351801054375,0.0365884978492987,0.166471859767338,1.01449885892793,0.00498966531049101,0.155980643887994,3.63195145450856,0.119896697393592,0.179597860033863,1.63607591315362,0.0677824368860072,8.39956764404538
