Country ,Growth,Storage ,Rate,Global,Type,,,
US,11.4,506,1.04,2,Target,,,
US,11.4,506,1.04,3,Target,,,
US,11.4,506,1.04,4,Target,,,
US,11.4,506,1.04,5,Target,,,
US,11.4,506,1.04,6,Target,,,
US,11.4,506,1.04,7,Target,,,
US,11.4,506,1.04,8,Target,,,
US,11.4,506,1.04,9,Target,,,
US,11.4,506,1.04,10,Target,,,
US,11.4,506,1.04,11,Target,,,
US,11.4,506,1.04,12,Target,,,
US,11.4,506,1.04,13,Target,,,
US,11.4,506,1.04,14,Target,,,
US,11.4,506,1.04,15,Target,,,
US,11.4,506,1.04,16,Target,,,
China,24,403,0.88,2,Target,,,
China,24,403,0.88,3,Target,,,
China,24,403,0.88,4,Target,,,
China,24,403,0.88,5,Target,,,
China,24,403,0.88,6,Target,,,
China,24,403,0.88,7,Target,,,
China,24,403,0.88,8,Target,,,
China,24,403,0.88,9,Target,,,
China,24,403,0.88,10,Target,,,
China,24,403,0.88,11,Target,,,
China,24,403,0.88,12,Target,,,
China,24,403,0.88,13,Target,,,
China,24,403,0.88,14,Target,,,
China,24,403,0.88,15,Target,,,
China,24,403,0.88,16,Target,,,
UK,14.8,78,0.175,2,Target,,,
UK,14.8,78,0.175,3,Target,,,
UK,14.8,78,0.175,4,Target,,,
UK,14.8,78,0.175,5,Target,,,
UK,14.8,78,0.175,6,Target,,,
UK,14.8,78,0.175,7,Target,,,
UK,14.8,78,0.175,8,Target,,,
UK,14.8,78,0.175,9,Target,,,
UK,14.8,78,0.175,10,Target,,,
UK,14.8,78,0.175,11,Target,,,
UK,14.8,78,0.175,12,Target,,,
UK,14.8,78,0.175,13,Target,,,
UK,14.8,78,0.175,14,Target,,,
UK,14.8,78,0.175,15,Target,,,
UK,14.8,78,0.175,16,Target,,,
US,6.910596586,23.67836118,0.217137682,2,Modelled,,,
US,11.406459,22.68570151,0.552451574,2,Modelled,,,
US,9.780372027,14.08246205,0.303289475,2,Modelled,,,
US,8.387435037,50.60360821,0.395067829,2,Modelled,,,
US,12.77378335,35.71956347,0.916813602,2,Modelled,,,
US,10.65240265,12.56261692,0.304428179,2,Modelled,,,
US,12.44323394,21.48784878,0.611047043,2,Modelled,,,
US,7.36729269,52.66728731,0.298100772,2,Modelled,,,
US,5.738963758,15.34183983,0.133567533,2,Modelled,,,
US,10.47712758,21.36549776,0.457532752,2,Modelled,,,
US,13.54683255,20.58702119,0.658076561,2,Modelled,,,
US,6.432857713,23.20982725,0.188541665,2,Modelled,,,
US,13.05513427,24.71445672,0.735852631,2,Modelled,,,
US,9.614809699,20.94272946,0.3886031,2,Modelled,,,
US,10.7955125,14.28493928,0.350331381,2,Modelled,,,
US,10.07124813,12.52680033,0.283703168,3,Modelled,,,
US,12.76723481,29.92461075,0.818462832,3,Modelled,,,
US,15.25423144,33.06946536,1.192305121,3,Modelled,,,
US,11.99066461,21.12288176,0.568640096,3,Modelled,,,
US,9.798378585,10.9850468,0.241520123,3,Modelled,,,
US,14.72867644,23.88204576,0.838658968,3,Modelled,,,
US,12.96200381,24.78512022,0.731339503,3,Modelled,,,
US,8.737726335,39.81298056,0.412961691,3,Modelled,,,
US,11.83644561,19.83690932,0.531225575,3,Modelled,,,
US,11.73327003,27.94276808,0.666966529,3,Modelled,,,
US,6.439734412,18.95110853,0.177001101,3,Modelled,,,
US,10.46127426,321.8672159,0.872649852,3,Modelled,,,
US,13.09413373,146.7868812,1.605850089,3,Modelled,,,
US,7.604182525,14.36674298,0.207700312,3,Modelled,,,
US,13.43853859,38.80297603,1.073327006,3,Modelled,,,
US,10.07037145,61.79862496,0.6443909,3,Modelled,,,
US,8.870730545,176.7196169,0.533691328,3,Modelled,,,
US,16.51800872,37.17625241,1.477421789,3,Modelled,,,
US,9.141769561,62.86639876,0.509173269,3,Modelled,,,
US,16.2094747,40.96607069,1.569791352,3,Modelled,,,
US,12.05264915,15.47381249,0.433065579,3,Modelled,,,
US,12.58815907,17.74661375,0.521137473,3,Modelled,,,
US,16.40759789,56.40271813,2.05035832,3,Modelled,,,
US,10.12447378,17.39545386,0.375394717,3,Modelled,,,
US,11.41384166,31.1449742,0.671677307,3,Modelled,,,
US,11.09553593,20.41143913,0.490400287,3,Modelled,,,
US,9.853073057,10.02589457,0.220577927,3,Modelled,,,
US,10.18572808,23.67836118,0.463549118,3,Modelled,,,
US,15.76836878,30.26832282,1.149524159,3,Modelled,,,
US,10.97300201,14.04231231,0.352295841,3,Modelled,,,
US,12.16599487,45.27130083,0.934914545,3,Modelled,,,
US,12.48588666,26.31662718,0.720048416,3,Modelled,,,
US,12.80149005,297.1377377,1.628346901,3,Modelled,,,
US,13.25103054,44.62961749,1.126830721,3,Modelled,,,
US,14.41287814,43.62178873,1.331837736,3,Modelled,,,
US,16.58445357,52.0692237,1.973880082,3,Modelled,,,
US,12.07272681,30.18202645,0.741640481,3,Modelled,,,
US,12.9043645,37.81859402,0.968826531,3,Modelled,,,
US,15.92061142,31.86454122,1.220955051,3,Modelled,,,
US,8.548391774,25.3577505,0.340047383,3,Modelled,,,
US,13.62882122,25.14147996,0.797054698,3,Modelled,,,
US,16.15070089,42.5151596,1.613450112,3,Modelled,,,
US,16.29229736,32.78742334,1.287943967,3,Modelled,,,
US,14.56084901,36.64930971,1.203183669,3,Modelled,,,
US,10.27224852,18.52315344,0.401863122,3,Modelled,,,
US,13.75842634,23.07767136,0.747605467,3,Modelled,,,
US,13.72330861,37.92672485,1.104456341,3,Modelled,,,
US,13.26018939,49.31985922,1.189492723,3,Modelled,,,
US,6.496421871,8.024280678,0.108562397,3,Modelled,,,
US,14.43245561,47.38734346,1.405753253,3,Modelled,,,
US,13.19591939,21.18327625,0.6554805,3,Modelled,,,
US,10.76458267,141.8429325,0.895059848,3,Modelled,,,
US,15.28018369,32.41510561,1.17334752,3,Modelled,,,
US,7.775814075,28.75206519,0.291627101,4,Modelled,,,
US,13.77039929,33.06946536,1.007982897,4,Modelled,,,
US,17.04925309,43.37340789,1.778232441,4,Modelled,,,
US,6.443909386,21.61090044,0.185390034,4,Modelled,,,
US,13.45481946,21.30458375,0.673761506,4,Modelled,,,
US,12.08196726,27.62546386,0.699943183,4,Modelled,,,
US,15.47816467,60.92268044,1.897881568,4,Modelled,,,
US,16.8317699,38.25297586,1.555941864,4,Modelled,,,
US,11.96859586,128.7208798,1.193252462,4,Modelled,,,
US,12.03220534,16.38311826,0.456969951,4,Modelled,,,
US,15.42020064,35.82169275,1.298233336,4,Modelled,,,
US,12.41331024,104.2057839,1.275869916,4,Modelled,,,
US,11.62191615,13.88285477,0.371667801,4,Modelled,,,
US,8.695533598,10.92249835,0.207556679,4,Modelled,,,
US,14.77321621,28.26371685,0.991453848,4,Modelled,,,
US,9.520541587,17.19791971,0.337125031,4,Modelled,,,
US,15.53551145,59.54692074,1.895608592,4,Modelled,,,
US,11.49411142,46.98318749,0.829721386,4,Modelled,,,
US,14.06390321,27.70445051,0.90984017,4,Modelled,,,
US,14.17033363,99.26873188,1.871647082,4,Modelled,,,
US,10.54469629,22.42809393,0.477083064,4,Modelled,,,
US,15.68831745,44.37549811,1.59075832,4,Modelled,,,
US,15.98705966,30.96763587,1.191621675,4,Modelled,,,
US,11.80936471,44.37549811,0.863492969,4,Modelled,,,
US,12.65720864,91.11998077,1.308530675,4,Modelled,,,
US,9.197437584,39.24866441,0.459300546,4,Modelled,,,
US,12.86828079,496.7649432,1.725829843,4,Modelled,,,
US,13.1577913,116.4797248,1.552704673,4,Modelled,,,
US,14.243625,53.73047536,1.471807663,4,Modelled,,,
US,10.96761174,38.14391488,0.684223285,4,Modelled,,,
US,15.5135035,41.55507966,1.478944004,4,Modelled,,,
US,8.063953112,29.66939049,0.317636258,4,Modelled,,,
US,10.08266929,126.8963675,0.733252508,4,Modelled,,,
US,11.62911216,14.32578274,0.384739093,4,Modelled,,,
US,12.395474,226.5486297,1.449817875,4,Modelled,,,
US,14.51438106,66.37092303,1.706596687,4,Modelled,,,
US,17.05577031,38.69234697,1.597185036,4,Modelled,,,
US,16.54169682,40.50088029,1.603387467,4,Modelled,,,
US,7.722981087,11.46572018,0.18353569,4,Modelled,,,
US,16.07965559,44.75722237,1.666665646,4,Modelled,,,
US,12.59914356,67.71074469,1.182612457,4,Modelled,,,
US,12.29192265,37.71077149,0.872230135,4,Modelled,,,
US,15.79281629,46.98318749,1.673536053,4,Modelled,,,
US,14.03326276,34.41807995,1.074170189,4,Modelled,,,
US,14.43456333,23.47641377,0.806248958,4,Modelled,,,
US,12.28242466,52.0692237,1.014727658,4,Modelled,,,
US,13.63987832,439.3722071,2.098575103,4,Modelled,,,
US,8.305403271,49.03903378,0.385145705,4,Modelled,,,
US,15.04758094,145.9510822,2.514211004,4,Modelled,,,
US,12.5324695,103.0224746,1.311233417,4,Modelled,,,
US,11.24157232,38.25297586,0.724063918,4,Modelled,,,
US,12.71264609,70.87563768,1.237805903,4,Modelled,,,
US,14.55829345,37.81859402,1.227085343,4,Modelled,,,
US,11.91316114,37.81859402,0.817195975,4,Modelled,,,
US,6.286150207,47.93163131,0.209744606,4,Modelled,,,
US,12.29177814,51.62513703,1.007341983,4,Modelled,,,
US,14.21453828,149.75005,2.103632904,4,Modelled,,,
US,17.14299088,36.12983598,1.500199858,4,Modelled,,,
US,12.83261487,251.7908982,1.634598337,4,Modelled,,,
US,15.46079216,40.84927455,1.450765794,4,Modelled,,,
US,13.20557908,86.80290674,1.453450886,4,Modelled,,,
US,13.61655433,1221.065366,2.169107437,4,Modelled,,,
US,14.24851241,44.12282567,1.306474018,4,Modelled,,,
US,14.82906951,91.64178569,2.071066652,4,Modelled,,,
US,13.97219623,110.0147964,1.847880956,4,Modelled,,,
US,15.6573389,66.94185503,2.060688375,4,Modelled,,,
US,13.97984299,49.17924605,1.344517101,4,Modelled,,,
US,12.77891149,97.86167951,1.380333903,4,Modelled,,,
US,13.57825803,19.66772479,0.629580943,4,Modelled,,,
US,9.593792755,49.03903378,0.542918518,4,Modelled,,,
US,10.33149078,13.53066446,0.31575682,4,Modelled,,,
US,13.80712869,32.78742334,1.00744256,4,Modelled,,,
US,13.76433248,37.17625241,1.093828151,4,Modelled,,,
US,14.33873551,69.87103399,1.687120306,4,Modelled,,,
US,12.9493323,37.49604776,0.972210533,4,Modelled,,,
US,10.07241487,57.21367477,0.63089706,4,Modelled,,,
US,16.81931512,51.62513703,2.017953685,4,Modelled,,,
US,11.47346325,24.29468638,0.58523392,4,Modelled,,,
US,12.20072505,40.27026979,0.888315466,4,Modelled,,,
US,4.717987082,8.209671994,0.072619711,4,Modelled,,,
US,6.039324683,8.070232281,0.099490562,4,Modelled,,,
US,13.95304328,21.67269027,0.716372362,4,Modelled,,,
US,9.243723007,160.3710821,0.588052335,4,Modelled,,,
US,10.90454787,42.15255738,0.700755052,4,Modelled,,,
US,14.47905237,61.79862496,1.639527534,4,Modelled,,,
US,3.936878485,14.16310625,0.071057785,4,Modelled,,,
US,15.79890869,30.61598275,1.162667989,4,Modelled,,,
US,13.15422099,28.02266197,0.825522922,4,Modelled,,,
US,16.35631015,68.29320202,2.320693729,4,Modelled,,,
US,14.47522383,35.21326813,1.155965323,4,Modelled,,,
US,13.23150049,46.84923628,1.151177169,4,Modelled,,,
US,13.53748678,162.2130936,1.812699924,4,Modelled,,,
US,13.98629027,150.6076041,2.001338452,4,Modelled,,,
US,13.2841954,59.54692074,1.295914536,4,Modelled,,,
US,13.00678638,142.2484894,1.565873628,4,Modelled,,,
US,15.8439409,44.24898154,1.607705579,4,Modelled,,,
US,9.895395705,197.5346433,0.726361337,4,Modelled,,,
US,12.84788807,57.70583483,1.176707663,4,Modelled,,,
US,14.71953588,81.05413676,1.927420784,4,Modelled,,,
US,12.89964046,27.4681655,0.786349135,4,Modelled,,,
US,16.72514989,38.14391488,1.542300965,4,Modelled,,,
US,15.36125153,136.6747215,2.622280008,4,Modelled,,,
US,13.70904932,32.9751828,1.002177452,4,Modelled,,,
US,11.23551644,20.46979946,0.502324172,4,Modelled,,,
US,12.46457355,323.710411,1.515062916,4,Modelled,,,
US,18.47656038,49.60229283,2.237356388,4,Modelled,,,
US,16.45463884,46.31723957,1.782714214,4,Modelled,,,
US,16.64588448,65.43016996,2.3343321,4,Modelled,,,
US,17.44810225,45.27130083,1.91320385,4,Modelled,,,
US,11.49397105,48.75980735,0.834591834,4,Modelled,,,
US,18.18208015,44.24898154,1.959579363,4,Modelled,,,
US,16.66010261,82.69036664,2.703161056,4,Modelled,,,
US,10.94681723,13.49208791,0.337414217,4,Modelled,,,
US,15.58665943,155.4126907,2.873712695,4,Modelled,,,
US,16.96991872,62.33022541,2.369483437,4,Modelled,,,
US,17.03131848,51.18483786,2.047270595,4,Modelled,,,
US,14.72596606,45.01352772,1.418344614,4,Modelled,,,
US,14.10590987,70.47207443,1.6350583,4,Modelled,,,
US,9.377994912,11.27097711,0.235370181,4,Modelled,,,
US,10.31101565,46.18518701,0.632725855,5,Modelled,,,
US,15.33687747,28.02266197,1.028889046,5,Modelled,,,
US,9.475944619,108.1462161,0.60495954,5,Modelled,,,
US,15.99453674,244.7036283,3.475517011,5,Modelled,,,
US,14.328902,51.92077197,1.452850562,5,Modelled,,,
US,13.50796428,54.97185312,1.310430075,5,Modelled,,,
US,14.28488634,105.4026845,1.9564451,5,Modelled,,,
US,15.73036272,35.5161776,1.329137549,5,Modelled,,,
US,15.79734598,117.8176031,2.721112221,5,Modelled,,,
US,15.30041937,61.79862496,1.875055286,5,Modelled,,,
US,8.524405254,215.8152297,0.482048835,5,Modelled,,,
US,17.76405525,46.71566697,2.014570208,5,Modelled,,,
US,17.32714225,53.88410139,2.201763281,5,Modelled,,,
US,14.72247774,36.75409732,1.231428441,5,Modelled,,,
US,14.90395371,37.92672485,1.286169429,5,Modelled,,,
US,15.00123032,30.79130731,1.094946789,5,Modelled,,,
US,13.13647489,371.2571568,1.840499267,5,Modelled,,,
US,4.965748802,6.722463897,0.066686424,5,Modelled,,,
US,13.98902305,77.21396135,1.640775286,5,Modelled,,,
US,19.13715594,59.71717713,2.79006735,5,Modelled,,,
US,16.30133552,53.88410139,1.961796617,5,Modelled,,,
US,16.58405638,65.24362556,2.322934319,5,Modelled,,,
US,16.27327659,39.69947194,1.538107585,5,Modelled,,,
US,14.52516769,235.1153281,2.457578379,5,Modelled,,,
US,16.25559343,158.5499876,3.26896155,5,Modelled,,,
US,7.282952218,10.95372793,0.162734219,5,Modelled,,,
US,14.09498301,72.51313371,1.64258251,5,Modelled,,,
US,17.24494391,65.80486038,2.539684059,5,Modelled,,,
US,13.84173581,107.8378863,1.788928717,5,Modelled,,,
US,16.5961085,37.60325636,1.501862174,5,Modelled,,,
US,8.92787431,48.34394594,0.453286806,5,Modelled,,,
US,17.24236615,72.10024662,2.691953199,5,Modelled,,,
US,12.92771185,28.34452839,0.805903441,5,Modelled,,,
US,17.08397466,47.93163131,1.944980912,5,Modelled,,,
US,18.86442583,51.33118542,2.36748523,5,Modelled,,,
US,12.66095489,184.979734,1.49434211,5,Modelled,,,
US,13.89295959,86.55542769,1.677286325,5,Modelled,,,
US,16.81799112,35.21326813,1.432561872,5,Modelled,,,
US,11.40263133,46.98318749,0.811940249,5,Modelled,,,
US,13.38119305,23.88204576,0.743563755,5,Modelled,,,
US,13.30382596,58.70289226,1.292753464,5,Modelled,,,
US,17.99084583,58.36864018,2.501959073,5,Modelled,,,
US,13.64381899,25.14147996,0.799277858,5,Modelled,,,
US,13.5852739,68.29320202,1.461260818,5,Modelled,,,
US,17.63324389,56.88790223,2.36522816,5,Modelled,,,
US,17.37896389,54.50301057,2.232577603,5,Modelled,,,
US,11.02654613,43.12644132,0.725065072,5,Modelled,,,
US,12.81654297,43.74651203,1.035909199,5,Modelled,,,
US,14.8230181,100.9839246,2.131495644,5,Modelled,,,
US,15.29135087,75.90249694,2.065609459,5,Modelled,,,
US,17.79934915,46.71566697,2.016808216,5,Modelled,,,
US,14.98147605,187.6393672,2.640209897,5,Modelled,,,
US,16.44597108,63.77029,2.255805705,5,Modelled,,,
US,12.70855284,331.1893491,1.628938194,5,Modelled,,,
US,16.93711201,67.32520222,2.474511074,5,Modelled,,,
US,16.66514769,109.3883763,3.123066596,5,Modelled,,,
US,11.49192133,84.60082772,0.980980806,5,Modelled,,,
US,14.39629729,43.99702948,1.332453217,5,Modelled,,,
US,18.14524194,63.95262185,2.733240207,5,Modelled,,,
US,13.51568118,40.15545741,1.10568409,5,Modelled,,,
US,14.1879796,100.1226555,1.88597493,5,Modelled,,,
US,18.07067485,52.36740174,2.289568345,5,Modelled,,,
US,13.85224822,186.5709556,2.009493454,5,Modelled,,,
US,14.1532689,243.310295,2.264580602,5,Modelled,,,
US,16.15638756,113.5247828,2.870547988,5,Modelled,,,
US,19.38904716,64.13547501,3.037062572,5,Modelled,,,
US,18.17844219,44.12282567,1.952753943,5,Modelled,,,
US,12.19317217,107.5304356,1.222553062,5,Modelled,,,
US,16.93836729,70.47207443,2.548562881,5,Modelled,,,
US,12.74593077,49.74411558,1.089248436,5,Modelled,,,
US,15.88966485,166.9112175,3.126422963,5,Modelled,,,
US,10.75293755,57.70583483,0.746567335,5,Modelled,,,
US,13.40476953,541.1900391,2.02054178,5,Modelled,,,
US,11.8289809,253.9568388,1.246565481,5,Modelled,,,
US,18.03300996,52.81787348,2.296429612,5,Modelled,,,
US,16.78873896,63.95262185,2.354885698,5,Modelled,,,
US,18.99526173,57.54131286,2.666534751,5,Modelled,,,
US,15.35747959,100.6960148,2.384040257,5,Modelled,,,
US,17.45173116,40.38541043,1.713087701,5,Modelled,,,
US,18.49693742,53.12033871,2.39473622,5,Modelled,,,
US,16.41918263,47.65871039,1.820798908,5,Modelled,,,
US,13.84647407,531.9980295,2.236849131,5,Modelled,,,
US,15.51688565,131.6948203,2.691330003,5,Modelled,,,
US,18.75919079,65.80486038,2.96194807,5,Modelled,,,
US,17.92942331,43.49742102,1.898626039,5,Modelled,,,
US,15.3498176,40.04097237,1.412646429,5,Modelled,,,
US,14.23183338,246.8086033,2.323843345,5,Modelled,,,
US,17.55092214,46.98318749,1.989165034,5,Modelled,,,
US,14.72484492,275.879103,2.636382819,5,Modelled,,,
US,10.67203681,54.19267245,0.72507721,5,Modelled,,,
US,17.81821753,69.87103399,2.836284126,5,Modelled,,,
US,14.92730628,40.6166803,1.358653067,5,Modelled,,,
US,14.73062265,29.50045408,1.024351579,5,Modelled,,,
US,11.43600927,60.7489871,0.892246807,5,Modelled,,,
US,10.42850903,49.60229283,0.665414631,5,Modelled,,,
US,16.44594966,56.08156315,2.060129101,5,Modelled,,,
US,15.7852315,114.5013389,2.683090527,5,Modelled,,,
US,16.18633316,74.1884621,2.37999611,5,Modelled,,,
US,18.90071619,62.15251909,2.846314011,5,Modelled,,,
US,14.49470659,83.40168078,1.878449128,5,Modelled,,,
US,12.73001003,141.4385318,1.465428054,5,Modelled,,,
US,16.4922894,57.70583483,2.109844199,5,Modelled,,,
US,18.05266228,65.99300946,2.776265405,5,Modelled,,,
US,16.05997325,45.66073091,1.69068375,5,Modelled,,,
US,16.95508038,151.470069,3.738209405,5,Modelled,,,
US,14.96334274,3771.584407,3.187048994,5,Modelled,,,
US,15.59865128,34.81340371,1.288212116,5,Modelled,,,
US,16.08118315,125.4553953,2.94409113,5,Modelled,,,
US,15.72156462,225.9027293,3.187758208,5,Modelled,,,
US,17.77585895,45.14223028,1.949573031,5,Modelled,,,
US,13.95067269,626.0194798,2.345951404,5,Modelled,,,
US,19.58063678,68.29320202,3.257351629,5,Modelled,,,
US,18.32003044,75.0405858,3.141303747,5,Modelled,,,
US,15.90024383,84.11911375,2.417989797,5,Modelled,,,
US,18.31070524,52.81787348,2.344905329,5,Modelled,,,
US,14.6887791,134.7374701,2.264170466,5,Modelled,,,
US,17.78910012,55.28665327,2.338020387,5,Modelled,,,
US,18.05646645,75.25514165,3.063815516,5,Modelled,,,
US,14.62603177,117.1467541,2.164302795,5,Modelled,,,
US,17.63640698,55.28665327,2.309356568,5,Modelled,,,
US,17.06297376,153.6479012,3.793115857,5,Modelled,,,
US,18.04096446,62.68716379,2.664069434,5,Modelled,,,
US,17.07038526,114.1748903,3.379650045,5,Modelled,,,
US,17.16503744,90.08526743,3.063674193,5,Modelled,,,
US,17.43025577,50.02897872,2.079438882,5,Modelled,,,
US,19.03042141,57.21367477,2.665329643,5,Modelled,,,
US,18.59755486,90.86019354,3.703337756,5,Modelled,,,
US,15.55402857,120.5396366,2.617337659,5,Modelled,,,
US,15.98444969,38.25297586,1.449574405,5,Modelled,,,
US,15.30387452,86.55542769,2.219334832,5,Modelled,,,
US,16.18300644,107.5304356,2.836999873,5,Modelled,,,
US,19.08238794,58.20222852,2.713788976,5,Modelled,,,
US,15.77382679,129.8281549,2.820967384,5,Modelled,,,
US,18.40213616,71.6897105,3.076616006,5,Modelled,,,
US,16.85223917,98.42209124,3.055202675,5,Modelled,,,
US,18.07989515,90.86019354,3.489468644,5,Modelled,,,
US,15.23459909,749.3857698,3.249315785,5,Modelled,,,
US,14.62256615,449.5233714,2.720473151,5,Modelled,,,
US,19.65915638,64.87213078,3.124187846,5,Modelled,,,
US,13.91372317,1166.539701,2.366975227,5,Modelled,,,
US,18.29955157,48.75980735,2.174546475,5,Modelled,,,
US,14.84961354,86.55542769,2.035855462,5,Modelled,,,
US,13.68572109,1652.627084,2.225534012,5,Modelled,,,
US,15.68242365,76.77430793,2.215685883,5,Modelled,,,
US,16.9587797,110.3293504,3.260684501,5,Modelled,,,
US,15.27319333,1440.975837,3.439568211,5,Modelled,,,
US,14.10798589,478.6647391,2.397825504,5,Modelled,,,
US,17.31989745,90.86019354,3.142384813,5,Modelled,,,
US,14.66714147,48.34394594,1.473643101,6,Modelled,,,
US,18.32865657,77.65613248,3.236009756,6,Modelled,,,
US,10.11569475,17.05124253,0.369947586,6,Modelled,,,
US,17.42265995,90.08526743,3.166990767,6,Modelled,,,
US,19.71930907,60.7489871,2.942500242,6,Modelled,,,
US,18.41205087,48.89922126,2.198533981,6,Modelled,,,
US,15.86227594,76.55542088,2.300161189,6,Modelled,,,
US,15.37651114,61.44674589,1.88997963,6,Modelled,,,
US,17.22198865,72.10024662,2.691845457,6,Modelled,,,
US,16.32234217,81.98511914,2.562542578,6,Modelled,,,
US,17.27239576,75.68609546,2.805925603,6,Modelled,,,
US,15.93428639,99.55256078,2.618057802,6,Modelled,,,
US,19.77710844,82.45461263,3.895546052,6,Modelled,,,
US,15.64088694,261.3121064,3.243420872,6,Modelled,,,
US,19.32451177,84.84271818,3.83810714,6,Modelled,,,
US,13.87078365,428.2258947,2.217565395,6,Modelled,,,
US,15.61254944,75.47031095,2.173190569,6,Modelled,,,
US,17.59440547,52.81787348,2.218381887,6,Modelled,,,
US,18.33212913,56.88790223,2.518096788,6,Modelled,,,
US,18.74354109,51.33118542,2.355498573,6,Modelled,,,
US,14.6945623,48.48217082,1.47954448,6,Modelled,,,
US,18.29882025,85.08530025,3.420150172,6,Modelled,,,
US,18.66666553,51.62513703,2.357179998,6,Modelled,,,
US,14.18519625,586.2309261,2.478313598,6,Modelled,,,
US,16.61643302,56.24191141,2.098255355,6,Modelled,,,
US,16.2592408,495.3486437,4.047472241,6,Modelled,,,
US,16.11521052,54.34762,1.930992952,6,Modelled,,,
US,18.9695634,67.51769826,3.072292936,6,Modelled,,,
US,13.98596823,106.6133327,1.845229033,6,Modelled,,,
US,17.60043343,84.11911375,3.136351331,6,Modelled,,,
US,19.50196438,83.16389879,3.839824595,6,Modelled,,,
US,14.50337326,254.6829515,2.478116912,6,Modelled,,,
US,19.42686696,84.11911375,3.847462962,6,Modelled,,,
US,12.98953847,2124.670099,1.851110607,6,Modelled,,,
US,16.79080715,55.44472872,2.129348194,6,Modelled,,,
US,14.42061959,95.92524833,1.938906316,6,Modelled,,,
US,17.36371702,41.91254229,1.763756369,6,Modelled,,,
US,15.7029474,88.80838309,2.384328599,6,Modelled,,,
US,15.26961987,103.61244,2.351288307,6,Modelled,,,
US,18.04904575,67.32520222,2.820205475,6,Modelled,,,
US,16.41358805,94.56558707,2.792091101,6,Modelled,,,
US,15.84584067,161.7506167,3.033412244,6,Modelled,,,
US,12.27047813,1928.114426,1.530230335,6,Modelled,,,
US,15.41201405,353.6677696,3.189182144,6,Modelled,,,
US,13.82589371,43.87159194,1.220778905,6,Modelled,,,
US,19.32978806,86.55542769,3.886003566,6,Modelled,,,
US,17.21871284,161.7506167,3.99430143,6,Modelled,,,
US,15.24975396,292.0909099,3.005510159,6,Modelled,,,
US,17.65682618,44.24898154,1.899344598,6,Modelled,,,
US,14.3294858,41.79304771,1.277951772,6,Modelled,,,
US,18.8238078,63.0461462,2.868079205,6,Modelled,,,
US,17.50916308,52.51713048,2.186317862,6,Modelled,,,
US,19.50111907,58.70289226,2.809523732,6,Modelled,,,
US,15.86894339,134.7374701,2.879024638,6,Modelled,,,
US,15.55337152,75.90249694,2.156910836,6,Modelled,,,
US,12.94400022,71.48531986,1.296691831,6,Modelled,,,
US,19.07404309,60.92268044,2.833343614,6,Modelled,,,
US,15.812621,429.450277,3.583475623,6,Modelled,,,
US,14.59663427,26.39187162,0.914294111,6,Modelled,,,
US,16.45526126,71.28151195,2.408401157,6,Modelled,,,
US,15.71058615,223.9760558,3.222348947,6,Modelled,,,
US,15.6701814,610.1381642,3.597356779,6,Modelled,,,
US,14.38322264,425.7875924,2.550527845,6,Modelled,,,
US,16.60718946,132.8276776,3.325197658,6,Modelled,,,
US,17.11245574,141.4385318,3.721346904,6,Modelled,,,
US,15.09180469,740.8761164,3.145151197,6,Modelled,,,
US,14.92072198,142.2484894,2.41798098,6,Modelled,,,
US,15.20713069,73.97694741,2.036129717,6,Modelled,,,
US,11.34490298,46.98318749,0.803118815,6,Modelled,,,
US,17.23588135,53.12033871,2.150757324,6,Modelled,,,
US,16.78312927,88.55518633,2.841015741,6,Modelled,,,
US,13.6961007,53.42453603,1.337262235,6,Modelled,,,
US,11.63357197,31.86454122,0.711496794,6,Modelled,,,
US,16.64062245,261.3121064,4.054138381,6,Modelled,,,
US,13.04983765,151.470069,1.610523954,6,Modelled,,,
US,17.4083235,64.87213078,2.555536016,6,Modelled,,,
US,17.1866312,121.5765354,3.559181321,6,Modelled,,,
US,17.44291399,60.05915171,2.416819729,6,Modelled,,,
US,18.91445387,82.45461263,3.605691495,6,Modelled,,,
US,16.2307915,51.92077197,1.898427993,6,Modelled,,,
US,17.46392934,76.11951716,2.873433508,6,Modelled,,,
US,15.74002767,121.5765354,2.723274676,6,Modelled,,,
US,17.78892735,82.21953077,3.144306084,6,Modelled,,,
US,16.55470476,73.76603576,2.504909779,6,Modelled,,,
US,13.00829706,28.99939449,0.829219097,6,Modelled,,,
US,18.53942767,53.73047536,2.42314731,6,Modelled,,,
US,18.25361212,62.86639876,2.718314773,6,Modelled,,,
US,16.31128822,205.5903557,3.548925689,6,Modelled,,,
US,13.55556058,112.2356516,1.689345797,6,Modelled,,,
US,15.4973702,56.24191141,1.817032176,6,Modelled,,,
US,15.06558993,115.1570388,2.358670014,6,Modelled,,,
US,14.6643653,93.49174714,2.025461298,6,Modelled,,,
US,17.35750634,86.80290674,3.074903149,6,Modelled,,,
US,16.68843082,140.2322344,3.457904293,6,Modelled,,,
US,16.21763251,66.37092303,2.241915816,6,Modelled,,,
US,15.34957177,2024.007675,3.477764996,6,Modelled,,,
US,18.60915738,50.17202144,2.283394386,6,Modelled,,,
US,12.55472308,133.2074582,1.396623237,6,Modelled,,,
US,16.54398263,241.9248952,3.915428353,6,Modelled,,,
US,18.74842009,92.69437709,3.839809594,6,Modelled,,,
US,16.68521128,279.0478319,4.155275031,6,Modelled,,,
US,16.14278373,124.3854145,2.96459766,6,Modelled,,,
US,15.08077079,242.6166062,2.832297255,6,Modelled,,,
US,19.86212354,79.22376727,3.798468807,6,Modelled,,,
US,14.71942643,527.4607381,2.790615276,6,Modelled,,,
US,18.03266072,59.03905847,2.532659123,6,Modelled,,,
US,15.33655323,148.8973787,2.677739742,6,Modelled,,,
US,16.06069586,73.3460147,2.31835242,6,Modelled,,,
US,15.98606268,328.3647098,3.608268215,6,Modelled,,,
US,13.44857969,365.9948929,1.972169236,6,Modelled,,,
US,17.07075836,127.9879479,3.578892142,6,Modelled,,,
US,16.10236475,81.51829892,2.472797275,6,Modelled,,,
US,19.30685549,61.0968704,2.878875877,6,Modelled,,,
US,16.6541556,71.89468553,2.500512197,6,Modelled,,,
US,16.97042909,287.9507623,4.402793042,6,Modelled,,,
US,15.52166293,1311.408392,3.650775715,6,Modelled,,,
US,17.06785506,114.1748903,3.379547534,6,Modelled,,,
US,17.62286974,103.0224746,3.526243357,6,Modelled,,,
US,19.10739419,56.40271813,2.636911824,6,Modelled,,,
US,19.8260301,76.55542088,3.678086706,6,Modelled,,,
US,14.62812675,1111.271491,2.880986856,6,Modelled,,,
US,16.01201852,331.1893491,3.631917394,6,Modelled,,,
US,16.0653987,237.815847,3.498464092,6,Modelled,,,
US,18.16357745,88.0509564,3.460402216,6,Modelled,,,
US,18.57753759,63.22640757,2.819746563,6,Modelled,,,
US,17.24205279,37.71077149,1.575955387,6,Modelled,,,
US,16.41451126,83.40168078,2.610608526,6,Modelled,,,
US,17.82054074,91.11998077,3.361103469,6,Modelled,,,
US,16.59591404,92.16657876,2.839585551,6,Modelled,,,
US,14.66080802,297.9873132,2.604294467,6,Modelled,,,
US,17.61349987,74.1884621,2.888843464,6,Modelled,,,
US,14.32858206,89.57232527,1.859302825,6,Modelled,,,
US,15.07773997,116.1476358,2.379006679,6,Modelled,,,
US,14.86833429,46.71566697,1.485476095,6,Modelled,,,
US,16.6964232,35.92411404,1.449249388,6,Modelled,,,
US,15.85265501,241.2351563,3.321379969,6,Modelled,,,
US,14.35456125,707.7929061,2.632476939,6,Modelled,,,
US,15.68391152,393.0737761,3.459823627,6,Modelled,,,
US,13.85986698,4848.86923,2.377709411,6,Modelled,,,
US,19.78760589,65.43016996,3.174493927,6,Modelled,,,
US,17.80107983,89.57232527,3.32960729,6,Modelled,,,
US,17.34337585,60.92268044,2.424243231,6,Modelled,,,
US,17.30738695,76.33715788,2.836281479,6,Modelled,,,
US,18.93857651,56.40271813,2.607223399,6,Modelled,,,
US,14.80610635,69.07761316,1.835296433,6,Modelled,,,
US,17.06876874,271.193349,4.482899857,6,Modelled,,,
US,17.924608,114.8287208,3.916616294,6,Modelled,,,
US,18.19901515,107.2238614,3.921393842,6,Modelled,,,
US,17.62529195,61.97531942,2.53777043,6,Modelled,,,
US,16.08252493,4313.224239,4.308926373,6,Modelled,,,
US,18.78564336,78.9978967,3.434415972,6,Modelled,,,
US,18.51069414,76.55542088,3.257985709,6,Modelled,,,
US,14.4224078,106.6133327,2.001808685,6,Modelled,,,
US,17.48485348,246.8086033,4.808080852,6,Modelled,,,
US,14.97670085,294.6035169,2.811140021,6,Modelled,,,
US,18.27899909,87.54959753,3.487485368,6,Modelled,,,
US,17.66913495,197.5346433,4.624915375,6,Modelled,,,
US,17.83992242,62.33022541,2.592169918,6,Modelled,,,
US,17.44775603,106.3093732,3.48438397,6,Modelled,,,
US,15.8661736,90.60114699,2.475602596,6,Modelled,,,
US,16.09213279,198.0994338,3.379542099,6,Modelled,,,
US,18.69931323,80.13372615,3.440732924,6,Modelled,,,
US,13.75911938,1774.90009,2.298582394,6,Modelled,,,
US,13.75688754,45.79128395,1.236179058,6,Modelled,,,
US,18.13065726,85.08530025,3.371684433,6,Modelled,,,
US,17.62067864,171.7454116,4.394252299,6,Modelled,,,
US,18.63037745,84.3596269,3.537748233,6,Modelled,,,
US,17.0506541,145.1200422,3.699156017,6,Modelled,,,
US,15.94237399,275.879103,3.497711147,6,Modelled,,,
US,17.39862536,167.8670462,4.214119852,6,Modelled,,,
US,18.97099628,102.7287529,4.219185208,6,Modelled,,,
US,18.23698346,70.07080906,2.957776418,6,Modelled,,,
US,17.92374286,113.8493725,3.881678888,6,Modelled,,,
US,16.4543679,1114.448836,4.50300546,6,Modelled,,,
US,18.48212829,144.7062983,4.736746089,6,Modelled,,,
US,19.89726342,96.19951754,4.473022847,6,Modelled,,,
US,19.28107955,60.7489871,2.862245672,6,Modelled,,,
US,19.77298687,79.45028366,3.772732925,6,Modelled,,,
US,16.85175335,64.87213078,2.396345317,6,Modelled,,,
US,14.96993556,95.92524833,2.169705782,6,Modelled,,,
US,15.05545122,184.4523483,2.63154982,6,Modelled,,,
US,18.95649204,81.75137582,3.583787996,6,Modelled,,,
US,18.87838528,81.51829892,3.556493854,6,Modelled,,,
US,19.80310802,90.60114699,4.221401111,7,Modelled,,,
US,16.1174305,221.4326947,3.505077041,7,Modelled,,,
US,17.1685651,219.5441451,4.386364929,7,Modelled,,,
US,14.04738892,45.14223028,1.289438767,7,Modelled,,,
US,16.56366995,237.1378231,3.909417198,7,Modelled,,,
US,16.4197672,79.6774477,2.550383824,7,Modelled,,,
US,17.18749083,185.5086275,4.131646709,7,Modelled,,,
US,16.75904324,90.60114699,2.871420959,7,Modelled,,,
US,19.4546799,73.76603576,3.460329247,7,Modelled,,,
US,16.399844,224.6164475,3.723627137,7,Modelled,,,
US,17.91808645,120.1959726,3.993343674,7,Modelled,,,
US,16.11081107,100.6960148,2.729220293,7,Modelled,,,
US,16.36147509,108.7655229,2.923049494,7,Modelled,,,
US,18.34014668,128.3538907,4.370162985,7,Modelled,,,
US,15.56888559,263.5599498,3.221587084,7,Modelled,,,
US,15.71468482,133.5883246,2.813843571,7,Modelled,,,
US,14.90231487,108.7655229,2.22771762,7,Modelled,,,
US,18.71040741,91.64178569,3.789039402,7,Modelled,,,
US,18.65328737,60.23087267,2.717740054,7,Modelled,,,
US,16.52936607,165.0158565,3.512111209,7,Modelled,,,
US,13.97809366,423.3631737,2.288531105,7,Modelled,,,
US,15.16164473,207.9517527,2.801247909,7,Modelled,,,
US,19.02464254,109.3883763,4.40973386,7,Modelled,,,
US,18.90014592,122.9729554,4.657144668,7,Modelled,,,
US,17.62315208,76.77430793,2.942245623,7,Modelled,,,
US,15.28750824,251.7908982,2.956293413,7,Modelled,,,
US,17.1657744,76.55542088,2.776443802,7,Modelled,,,
US,18.16011012,132.4489799,4.367394836,7,Modelled,,,
US,16.22648123,182.3577989,3.391110807,7,Modelled,,,
US,15.66815933,93.49174714,2.446464004,7,Modelled,,,
US,14.55043927,457.290361,2.681992249,7,Modelled,,,
US,19.06634427,86.0625843,3.767393327,7,Modelled,,,
US,19.72415356,67.32520222,3.250549455,7,Modelled,,,
US,19.08509048,92.95940861,4.00803934,7,Modelled,,,
US,19.22834385,84.11911375,3.759226771,7,Modelled,,,
US,16.82917968,306.6178207,4.352416745,7,Modelled,,,
US,19.17186005,111.278419,4.563118433,7,Modelled,,,
US,18.90571922,79.22376727,3.48606921,7,Modelled,,,
US,17.14350676,59.54692074,2.328113774,7,Modelled,,,
US,16.45857316,1002.724318,4.550693023,7,Modelled,,,
US,16.46097408,653.4122536,4.377686169,7,Modelled,,,
US,16.81032966,78.9978967,2.680896375,7,Modelled,,,
US,16.8200286,273.5261923,4.215260236,7,Modelled,,,
US,16.12438789,297.9873132,3.663787303,7,Modelled,,,
US,16.46482394,55.60325614,2.057248338,7,Modelled,,,
US,19.01523311,65.61724772,3.017423318,7,Modelled,,,
US,17.73081463,88.0509564,3.262527321,7,Modelled,,,
US,19.21147356,55.12902849,2.59497842,7,Modelled,,,
US,19.65795934,81.98511914,3.851294985,7,Modelled,,,
US,17.83386508,67.51769826,2.756795197,7,Modelled,,,
US,17.34932483,165.0158565,4.145385328,7,Modelled,,,
US,18.88655175,133.5883246,4.871269463,7,Modelled,,,
US,16.33192575,94.02713414,2.734113293,7,Modelled,,,
US,15.71305853,968.9514248,3.736679301,7,Modelled,,,
US,18.51280415,106.6133327,4.079712246,7,Modelled,,,
US,18.28513583,67.32520222,2.885677011,7,Modelled,,,
US,17.30237406,271.9687443,4.732868315,7,Modelled,,,
US,18.73823467,144.7062983,4.981859106,7,Modelled,,,
US,18.14433144,240.5473838,5.402886744,7,Modelled,,,
US,17.97054247,77.43473131,3.091206245,7,Modelled,,,
US,19.44217221,115.1570388,4.823008156,7,Modelled,,,
US,16.13815314,1274.4956,4.189382838,7,Modelled,,,
US,18.28644359,71.48531986,3.031410237,7,Modelled,,,
US,19.57580536,99.83720119,4.438567228,7,Modelled,,,
US,13.20016247,65.80486038,1.335180438,7,Modelled,,,
US,18.21665928,94.29597627,3.643569341,7,Modelled,,,
US,18.69254397,86.0625843,3.619174383,7,Modelled,,,
US,18.18963219,121.5765354,4.179416,7,Modelled,,,
US,18.06358018,166.435346,4.711654329,7,Modelled,,,
US,18.30171608,79.6774477,3.286862334,7,Modelled,,,
US,19.59054273,67.32520222,3.219521824,7,Modelled,,,
US,16.72394567,333.085928,4.290474547,7,Modelled,,,
US,14.38712404,418.5556713,2.555877822,7,Modelled,,,
US,19.23328712,85.57254715,3.825272275,7,Modelled,,,
US,16.20883566,1083.079951,4.236414415,7,Modelled,,,
US,15.99408459,127.2591893,2.895280599,7,Modelled,,,
US,18.38049898,129.0889182,4.457832008,7,Modelled,,,
US,17.0337438,184.979734,4.054829399,7,Modelled,,,
US,17.95436278,73.13690186,2.968997668,7,Modelled,,,
US,19.95745541,111.596586,5.004283532,7,Modelled,,,
US,17.8496106,111.278419,3.786372755,7,Modelled,,,
US,18.11123539,132.8276776,4.320414347,7,Modelled,,,
US,19.56160308,110.6448038,4.741268516,7,Modelled,,,
US,17.51129181,70.673568,2.740542355,7,Modelled,,,
US,18.1764883,153.6479012,4.640697245,7,Modelled,,,
US,15.6846615,4904.563017,3.905210425,7,Modelled,,,
US,17.04451902,587.907076,4.986931812,7,Modelled,,,
US,16.00049406,90.08526743,2.5331521,7,Modelled,,,
US,19.56709143,131.3193524,5.273405935,7,Modelled,,,
US,17.19245387,109.7011392,3.393811792,7,Modelled,,,
US,19.47302861,91.64178569,4.118825205,7,Modelled,,,
US,17.80194966,55.76223682,2.361589476,7,Modelled,,,
US,16.87777348,83.16389879,2.801849287,7,Modelled,,,
US,19.59772186,148.0495626,5.734648794,7,Modelled,,,
US,17.39791842,544.2892016,5.377153134,7,Modelled,,,
US,19.44633733,135.1227111,5.274515126,7,Modelled,,,
US,16.9020067,341.7558377,4.542798583,7,Modelled,,,
US,17.9618798,344.6956694,5.739032337,7,Modelled,,,
US,18.35757773,109.3883763,4.074676511,7,Modelled,,,
US,14.16954387,281.4482405,2.29970679,7,Modelled,,,
US,19.90573834,67.51769826,3.29007157,7,Modelled,,,
US,16.89052745,141.0352841,3.593611249,7,Modelled,,,
US,18.17541274,125.0977162,4.243474648,7,Modelled,,,
US,19.65564902,100.4089259,4.481033888,7,Modelled,,,
US,17.49026757,151.0382209,4.115522353,7,Modelled,,,
US,18.89841782,122.6223539,4.645101143,7,Modelled,,,
US,15.55760445,1596.964728,3.687189537,7,Modelled,,,
US,17.52849357,302.2717661,5.010111967,7,Modelled,,,
US,17.46021057,320.9495578,5.012291079,7,Modelled,,,
US,17.12204007,63.95262185,2.452891238,7,Modelled,,,
US,18.23465197,155.8570463,4.709333446,7,Modelled,,,
US,19.39077886,82.92679472,3.783398458,7,Modelled,,,
US,19.28706606,57.21367477,2.705151895,7,Modelled,,,
US,15.64477373,127.6230484,2.730379343,7,Modelled,,,
US,19.34704957,90.08526743,4.027098625,7,Modelled,,,
US,16.44103277,1326.471141,4.556697809,7,Modelled,,,
US,17.14103631,659.0329975,5.168230726,7,Modelled,,,
US,15.61674996,1606.109858,3.749888723,7,Modelled,,,
US,19.21715097,121.5765354,4.822193013,7,Modelled,,,
US,19.07194112,102.7287529,4.277441421,7,Modelled,,,
US,16.4771299,109.7011392,2.995909014,7,Modelled,,,
US,17.70749641,220.1718652,4.882305911,7,Modelled,,,
US,19.54326547,146.7868812,5.607528806,7,Modelled,,,
US,18.4577038,131.3193524,4.546987222,7,Modelled,,,
US,18.27388445,115.1570388,4.123440429,7,Modelled,,,
US,14.9897702,2035.598296,3.173875407,7,Modelled,,,
US,17.0386383,512.6140673,4.981839514,7,Modelled,,,
US,19.86032637,98.9857122,4.562668784,7,Modelled,,,
US,18.79408107,167.8670462,5.368168397,7,Modelled,,,
US,17.436407,180.8025103,4.310279471,7,Modelled,,,
US,16.07764042,2632.016711,4.231761417,7,Modelled,,,
US,18.76450277,129.4580089,4.71063345,7,Modelled,,,
US,18.21317319,119.5115812,4.162025453,7,Modelled,,,
US,17.37621396,267.3494071,4.733908415,7,Modelled,,,
US,17.29862478,177.2248932,4.156909026,7,Modelled,,,
US,19.6865958,114.5013389,4.941794961,7,Modelled,,,
US,16.34790178,197.5346433,3.598101387,8,Modelled,,,
US,19.14735515,87.7999191,3.861718887,8,Modelled,,,
US,16.69959839,43.49742102,1.730244247,8,Modelled,,,
US,18.53967232,130.1993592,4.575730025,8,Modelled,,,
US,17.97566479,90.86019354,3.444115218,8,Modelled,,,
US,17.77258433,218.2940689,4.92651774,8,Modelled,,,
US,15.72608102,281.4482405,3.34140213,8,Modelled,,,
US,18.17447206,115.8164936,4.082816405,8,Modelled,,,
US,18.75891443,63.0461462,2.847833089,8,Modelled,,,
US,19.48746994,87.7999191,4.001253317,8,Modelled,,,
US,16.80170544,359.7785395,4.421998038,8,Modelled,,,
US,17.68072604,143.4721309,4.17276903,8,Modelled,,,
US,15.85625175,282.2529566,3.458192137,8,Modelled,,,
US,17.93712849,159.4579351,4.506589382,8,Modelled,,,
US,19.27271952,66.94185503,3.13262811,8,Modelled,,,
US,18.1607493,121.2299152,4.165564446,8,Modelled,,,
US,17.52323338,159.0033133,4.199026956,8,Modelled,,,
US,16.87570174,43.24974833,1.750022046,8,Modelled,,,
US,18.97370796,73.55572543,3.300241454,8,Modelled,,,
US,16.99178496,146.7868812,3.681667677,8,Modelled,,,
US,17.70260521,218.2940689,4.835595346,8,Modelled,,,
US,18.00464615,364.9514248,5.810126049,8,Modelled,,,
US,19.10286122,109.3883763,4.475219976,8,Modelled,,,
US,17.30924929,301.4099755,4.834767455,8,Modelled,,,
US,18.74254967,104.2057839,4.152780064,8,Modelled,,,
US,18.68262291,134.7374701,4.756056935,8,Modelled,,,
US,19.70542604,111.9156626,4.875647189,8,Modelled,,,
US,17.93153789,492.5281469,6.024232109,8,Modelled,,,
US,19.43049367,63.588478,3.019326341,8,Modelled,,,
US,17.44699687,1040.641284,5.788019362,8,Modelled,,,
US,18.70998782,52.81787348,2.409061404,8,Modelled,,,
US,17.05145832,594.6597372,5.044620313,8,Modelled,,,
US,17.0329218,3088.34994,5.44072661,8,Modelled,,,
US,17.73698551,283.8692978,5.168527134,8,Modelled,,,
US,16.58641441,262.0592492,3.99452718,8,Modelled,,,
US,16.0895268,251.0730308,3.550770085,8,Modelled,,,
US,19.5599714,103.3170362,4.55351133,8,Modelled,,,
US,19.60857301,113.5247828,4.877385661,8,Modelled,,,
US,19.84353029,127.2591893,5.407544489,8,Modelled,,,
US,18.43764228,91.38051077,3.666948307,8,Modelled,,,
US,18.21249549,106.3093732,3.886496604,8,Modelled,,,
US,18.96614409,82.21953077,3.609339275,8,Modelled,,,
US,19.83248429,142.2484894,5.772483742,8,Modelled,,,
US,17.65030257,334.9933678,5.297104716,8,Modelled,,,
US,17.76000302,246.1049407,5.049961348,8,Modelled,,,
US,19.12894796,103.0224746,4.296079786,8,Modelled,,,
US,19.57649494,116.8127633,4.964238447,8,Modelled,,,
US,19.75394274,94.83596875,4.353153669,8,Modelled,,,
US,16.82706643,1008.466489,5.009797319,8,Modelled,,,
US,19.72427242,84.84271818,3.978891125,8,Modelled,,,
US,17.94094857,298.8393177,5.525421523,8,Modelled,,,
US,16.98457261,869.3275768,5.114944769,8,Modelled,,,
US,16.91661664,603.2097376,4.837074146,8,Modelled,,,
US,18.99448248,132.0713618,4.893781656,8,Modelled,,,
US,18.85302403,115.4862955,4.474250627,8,Modelled,,,
US,16.99115999,101.8526025,3.172556173,8,Modelled,,,
US,18.15164161,210.9416769,5.201704635,8,Modelled,,,
US,19.2999006,125.0977162,4.987653014,8,Modelled,,,
US,18.61975351,128.7208798,4.594033323,8,Modelled,,,
US,16.63154447,1025.891053,4.762122652,8,Modelled,,,
US,16.73915521,755.8320914,4.79695612,8,Modelled,,,
US,16.22259834,435.6249006,3.977421637,8,Modelled,,,
US,17.16276641,141.0352841,3.774602397,8,Modelled,,,
US,18.31644234,144.7062983,4.65483238,8,Modelled,,,
US,16.99916169,310.1396124,4.550712662,8,Modelled,,,
US,19.46964441,137.4573989,5.375150775,8,Modelled,,,
US,19.14141661,190.8814523,6.039574003,8,Modelled,,,
US,17.91258618,301.4099755,5.46644445,8,Modelled,,,
US,18.08327624,169.3110621,4.795601055,8,Modelled,,,
US,18.88693978,154.0872109,5.249802128,8,Modelled,,,
US,17.70976322,440.628459,5.587789558,8,Modelled,,,
US,14.95515703,219.5441451,2.679838106,8,Modelled,,,
US,19.08872872,118.8310867,4.698651623,8,Modelled,,,
US,19.16754682,149.75005,5.358595482,8,Modelled,,,
US,19.38876601,91.11998077,4.077824732,8,Modelled,,,
US,15.99195385,4975.08068,4.204925903,8,Modelled,,,
US,17.45237841,175.2124151,4.328345973,8,Modelled,,,
US,19.68848143,133.97028,5.476306053,8,Modelled,,,
US,19.01034939,106.6133327,4.34179249,8,Modelled,,,
US,19.33652722,144.2937341,5.410010466,8,Modelled,,,
US,18.85470485,141.4385318,5.01512796,8,Modelled,,,
US,19.52775928,91.11998077,4.135091869,8,Modelled,,,
US,18.16917837,84.3596269,3.376983002,8,Modelled,,,
US,19.46318252,97.5826714,4.318286863,8,Modelled,,,
US,18.92706109,132.0713618,4.883841782,8,Modelled,,,
US,17.27109925,1043.616683,5.515620248,8,Modelled,,,
US,19.63545821,164.0762623,6.023505305,8,Modelled,,,
US,17.52929944,713.88144,5.786827414,8,Modelled,,,
US,17.93210332,335.9511799,5.596753186,8,Modelled,,,
US,18.89408703,79.45028366,3.495194041,8,Modelled,,,
US,17.01519565,1449.227686,5.249388664,8,Modelled,,,
US,18.80669979,159.0033133,5.244745486,8,Modelled,,,
US,19.89701066,139.8324259,5.757101422,8,Modelled,,,
US,17.90531384,357.7299738,5.718238529,8,Modelled,,,
US,17.22787892,430.6781601,5.041792762,8,Modelled,,,
US,19.86268264,157.1977505,6.14319728,8,Modelled,,,
US,19.36843714,115.4862955,4.771484514,8,Modelled,,,
US,16.50807714,566.4860031,4.419737148,8,Modelled,,,
US,18.37028168,168.3470112,5.016152609,8,Modelled,,,
US,17.63325972,121.9241467,3.81170093,8,Modelled,,,
US,18.13568408,331.1893491,5.837941178,8,Modelled,,,
US,18.87227794,241.2351563,6.271343295,8,Modelled,,,
US,16.66006836,1428.686079,4.850537959,8,Modelled,,,
US,19.49645679,158.0979543,5.793531001,9,Modelled,,,
US,19.22883231,215.1999306,6.364357181,9,Modelled,,,
US,18.98175541,218.2940689,6.112537494,9,Modelled,,,
US,19.97992303,133.97028,5.663393732,9,Modelled,,,
US,19.17610937,124.7410569,4.893603718,9,Modelled,,,
US,19.52943475,94.29597627,4.249768955,9,Modelled,,,
US,17.9591217,227.196377,5.112148648,9,Modelled,,,
US,18.40523551,189.7945804,5.30490244,9,Modelled,,,
US,19.24357955,179.2604864,5.962396359,9,Modelled,,,
US,19.60081117,160.8296147,5.993878444,9,Modelled,,,
US,18.00103438,1360.997922,6.713849577,9,Modelled,,,
US,18.73709842,170.7674997,5.36604203,9,Modelled,,,
US,16.75213293,429.450277,4.561117735,9,Modelled,,,
US,19.00418512,222.7007444,6.235862393,9,Modelled,,,
US,16.84508931,184.979734,3.853523479,9,Modelled,,,
US,17.79980706,243.310295,5.08564831,9,Modelled,,,
US,18.04755533,279.0478319,5.581432348,9,Modelled,,,
US,18.06011409,439.3722071,6.111863998,9,Modelled,,,
US,19.54378367,196.971463,6.483474209,9,Modelled,,,
US,19.34585463,158.5499876,5.693250665,9,Modelled,,,
US,16.96672264,362.873405,4.606052716,9,Modelled,,,
US,19.31027513,96.75041078,4.212009573,9,Modelled,,,
US,18.57035514,316.4003626,6.3824125,9,Modelled,,,
US,18.44201341,572.9926234,6.943618394,9,Modelled,,,
US,18.93871701,174.7128765,5.601546475,9,Modelled,,,
US,18.20994865,148.4728655,4.631619609,9,Modelled,,,
US,17.95376395,1156.590547,6.67953794,9,Modelled,,,
US,17.76659529,1034.715911,6.263395929,9,Modelled,,,
US,19.93417056,99.55256078,4.59671657,9,Modelled,,,
US,19.39988863,131.3193524,5.186917376,9,Modelled,,,
US,19.67679822,173.2227898,6.278415386,9,Modelled,,,
US,18.74946609,449.5233714,7.083738039,9,Modelled,,,
US,18.59650449,505.3481858,6.985866352,9,Modelled,,,
US,17.66313661,1662.090968,6.336411061,9,Modelled,,,
US,18.54324239,164.5453887,5.076656601,9,Modelled,,,
US,18.07855514,311.0263628,5.726242146,9,Modelled,,,
US,18.33595763,130.5716249,4.443845383,9,Modelled,,,
US,17.21429151,707.7929061,5.384610894,9,Modelled,,,
US,17.08453106,1906.219715,5.472695284,9,Modelled,,,
US,19.89729724,153.6479012,6.08675733,9,Modelled,,,
US,18.09310282,454.6865667,6.172221306,9,Modelled,,,
US,18.87353465,210.9416769,6.009515596,9,Modelled,,,
US,17.93020916,275.0925591,5.409683146,9,Modelled,,,
US,19.97001277,159.9138568,6.265518601,9,Modelled,,,
US,18.02670999,205.5903557,5.071354237,9,Modelled,,,
US,18.28596359,1092.396757,7.067387004,9,Modelled,,,
US,18.10097,438.1195369,6.21439514,9,Modelled,,,
US,18.87021552,331.1893491,6.769252554,9,Modelled,,,
US,17.96817469,640.482904,6.332695996,9,Modelled,,,
US,18.70171668,207.3588728,5.696371227,9,Modelled,,,
US,19.51680108,59.54692074,2.849800174,9,Modelled,,,
US,19.50473191,163.1420182,5.883337169,9,Modelled,,,
US,18.99661224,214.5863858,6.118326567,9,Modelled,,,
US,18.21891331,277.4589439,5.757853089,9,Modelled,,,
US,17.92279168,825.7795884,6.443116481,9,Modelled,,,
US,17.92309787,1461.694146,6.580123245,9,Modelled,,,
US,19.79328184,153.6479012,5.987264226,9,Modelled,,,
US,17.49724567,613.6321629,5.610046932,9,Modelled,,,
US,18.7548638,385.295856,6.942658387,9,Modelled,,,
US,17.7208663,1183.312175,6.205842142,9,Modelled,,,
US,19.48881276,173.7180679,6.083870254,9,Modelled,,,
US,18.21017859,254.6829515,5.607554434,9,Modelled,,,
US,17.39811152,586.2309261,5.400417366,9,Modelled,,,
US,18.27455392,377.6718411,6.209942201,9,Modelled,,,
US,19.25618612,185.5086275,6.069783464,9,Modelled,,,
US,18.79597294,129.8281549,4.72250343,9,Modelled,,,
US,18.44018116,505.3481858,6.723304871,9,Modelled,,,
US,17.11904038,649.6917485,5.102230021,9,Modelled,,,
US,19.03442158,101.2726576,4.207751109,9,Modelled,,,
US,17.80520298,398.7253794,5.620490285,9,Modelled,,,
US,19.78459164,161.7506167,6.136661217,9,Modelled,,,
US,19.25820642,153.6479012,5.516759581,9,Modelled,,,
US,19.87735932,199.233864,6.919147642,9,Modelled,,,
US,18.30060156,587.907076,6.698140255,9,Modelled,,,
US,19.17407116,271.9687443,6.924495925,9,Modelled,,,
US,19.18416588,218.9182148,6.355271152,9,Modelled,,,
US,19.05332342,205.5903557,6.069967931,9,Modelled,,,
US,19.6579822,146.7868812,5.701538174,9,Modelled,,,
US,17.40220208,459.9090662,5.320654473,9,Modelled,,,
US,18.79469375,343.7129263,6.749739683,9,Modelled,,,
US,18.99125204,402.155271,7.348465539,9,Modelled,,,
US,19.4458053,164.5453887,5.934103796,9,Modelled,,,
US,17.71764088,471.8800614,5.718876058,9,Modelled,,,
US,18.49188496,295.4458465,6.089001827,10,Modelled,,,
US,19.94434264,210.3402726,7.188466786,10,Modelled,,,
US,17.83848177,502.470752,5.906466706,10,Modelled,,,
US,18.0746237,427.0050031,6.070143823,10,Modelled,,,
US,19.53088466,194.7347527,6.511634767,10,Modelled,,,
US,18.99321702,259.0834343,6.479637748,10,Modelled,,,
US,19.09011842,304.0027464,7.01765154,10,Modelled,,,
US,18.77892724,444.4188068,7.155095486,10,Modelled,,,
US,18.90411845,326.4950134,6.815533102,10,Modelled,,,
US,19.15701141,146.7868812,5.326236146,10,Modelled,,,
US,18.96517337,239.177716,6.336061082,10,Modelled,,,
US,19.56760706,195.8499148,6.551269338,10,Modelled,,,
US,19.98916296,145.9510822,5.947882386,10,Modelled,,,
US,18.51347723,318.2122513,6.29366373,10,Modelled,,,
US,19.38545822,208.5463278,6.513138454,10,Modelled,,,
US,19.43135989,200.3747906,6.470851436,10,Modelled,,,
US,19.29888518,169.7951559,5.825453166,10,Modelled,,,
US,19.15550719,367.0413446,7.45313242,10,Modelled,,,
US,19.30267659,301.4099755,7.2176828,10,Modelled,,,
US,17.68289795,2639.542166,6.328964557,10,Modelled,,,
US,19.2427236,117.4816997,4.772202592,10,Modelled,,,
US,19.29567896,296.2905845,7.247796637,10,Modelled,,,
US,18.77546021,960.6874564,7.8280485,10,Modelled,,,
US,18.39609988,728.2924768,7.12698667,10,Modelled,,,
US,19.97172343,170.2806337,6.49145541,10,Modelled,,,
US,17.19735736,1245.714862,5.472277901,10,Modelled,,,
US,19.03748746,275.879103,6.764033552,10,Modelled,,,
US,18.16753314,97.30445875,3.675019473,10,Modelled,,,
US,18.34147745,555.2767007,6.768907197,10,Modelled,,,
US,19.58153663,278.2522538,7.501696828,10,Modelled,,,
US,16.60220894,963.4342515,4.706073635,10,Modelled,,,
US,19.9686374,203.2557735,7.068799644,10,Modelled,,,
US,19.15631391,369.1432324,7.49894686,10,Modelled,,,
US,19.25104627,205.0042082,6.282068558,10,Modelled,,,
US,18.92989286,818.7367004,8.066505579,10,Modelled,,,
US,19.58800445,199.233864,6.555916586,10,Modelled,,,
US,18.48789052,347.6607899,6.460961036,10,Modelled,,,
US,18.39510767,2088.582982,7.520130146,10,Modelled,,,
US,19.55778331,242.6166062,7.062718472,10,Modelled,,,
US,18.91878313,205.0042082,5.944922857,10,Modelled,,,
US,18.60169067,154.5277766,4.995031103,10,Modelled,,,
US,19.573052,288.7740703,7.488953068,10,Modelled,,,
US,18.43819712,260.5670936,5.831077325,10,Modelled,,,
US,18.6683206,253.2327963,6.10911711,10,Modelled,,,
US,19.09012944,205.5903557,6.186523282,10,Modelled,,,
US,19.40672903,153.6479012,5.683530239,10,Modelled,,,
US,18.74461079,1196.903619,7.955411866,10,Modelled,,,
US,19.76152336,222.0658145,7.075431607,10,Modelled,,,
US,18.6600886,409.1038215,6.91751597,10,Modelled,,,
US,18.3231084,1228.057881,7.328887651,10,Modelled,,,
US,18.79779682,256.8737701,6.307424966,10,Modelled,,,
US,19.28521857,439.3722071,7.95022793,10,Modelled,,,
US,18.37550483,259.824205,5.819400181,10,Modelled,,,
US,17.73457085,1868.500524,6.364058823,10,Modelled,,,
US,19.70664413,505.3481858,9.010767888,10,Modelled,,,
US,19.89828402,239.177716,7.503787297,10,Modelled,,,
US,19.87918222,218.9182148,7.242994371,10,Modelled,,,
US,19.11893227,177.7316141,5.807071406,10,Modelled,,,
US,19.41165069,338.8410791,7.621319226,10,Modelled,,,
US,19.44516295,378.7516794,7.975810632,10,Modelled,,,
US,18.69547717,1311.408392,7.898325006,10,Modelled,,,
US,18.38480047,2198.725675,7.521611853,10,Modelled,,,
US,18.3282918,222.0658145,5.474031353,10,Modelled,,,
US,19.72753917,303.1360207,7.843366154,11,Modelled,,,
US,19.1443491,238.4958094,6.554795783,11,Modelled,,,
US,19.34497282,341.7558377,7.529741185,11,Modelled,,,
US,19.81503793,496.7649432,9.030349447,11,Modelled,,,
US,19.96948786,217.6717026,7.323481927,11,Modelled,,,
US,19.68973968,223.9760558,7.006403477,11,Modelled,,,
US,19.41532194,259.0834343,7.125289271,11,Modelled,,,
US,18.80599351,547.4061116,7.479613188,11,Modelled,,,
US,17.99590322,832.8830604,6.452289611,11,Modelled,,,
US,18.97574285,493.9363821,7.525894199,11,Modelled,,,
US,18.83393163,488.3274853,7.318110443,11,Modelled,,,
US,18.44962081,312.8074769,6.196694934,11,Modelled,,,
US,17.80197437,701.7562999,6.09946794,11,Modelled,,,
US,18.85071194,869.3275768,7.991776712,11,Modelled,,,
US,19.26963243,1040.641284,8.988540572,11,Modelled,,,
US,18.9410932,2422.867975,8.727193021,11,Modelled,,,
US,19.5484543,435.6249006,8.373837158,11,Modelled,,,
US,19.68454483,365.9948929,8.185474279,11,Modelled,,,
US,19.97666215,320.034516,8.445590369,11,Modelled,,,
US,19.89550714,290.4277551,7.981582523,11,Modelled,,,
US,19.377526,443.1517485,8.183091552,11,Modelled,,,
US,19.93098034,210.3402726,7.073270788,11,Modelled,,,
US,18.70082812,283.0599735,6.302522811,11,Modelled,,,
US,19.30618905,349.6516937,7.547205131,11,Modelled,,,
US,18.63640784,3260.511819,8.186928977,11,Modelled,,,
US,18.26975233,691.8094833,6.840065424,11,Modelled,,,
US,19.33264594,485.5469668,8.184035863,11,Modelled,,,
US,19.73822732,352.6594466,8.229809121,11,Modelled,,,
US,19.22479518,747.2492368,8.591071879,11,Modelled,,,
US,19.94869158,638.656858,9.738835724,11,Modelled,,,
US,18.76922615,412.62299,7.10454348,11,Modelled,,,
US,19.97898193,441.8883027,9.195265744,11,Modelled,,,
US,18.92841796,359.7785395,7.032958002,11,Modelled,,,
US,19.73589847,388.6102251,8.496406279,11,Modelled,,,
US,19.7281438,225.2586703,7.053810205,11,Modelled,,,
US,18.27208177,3760.831448,7.485562243,11,Modelled,,,
US,18.8915113,249.6434303,6.365811798,11,Modelled,,,
US,19.57409892,203.8369219,6.598781562,11,Modelled,,,
US,19.99523513,200.9477017,7.108065708,11,Modelled,,,
US,18.4310388,859.4559237,7.229841552,11,Modelled,,,
US,19.50836969,501.038185,8.58102034,11,Modelled,,,
US,19.36423302,352.6594466,7.60300301,11,Modelled,,,
US,19.01364003,807.1317832,8.306632387,11,Modelled,,,
US,18.82866337,309.2553902,6.596111005,11,Modelled,,,
US,19.5548668,364.9514248,8.006702492,12,Modelled,,,
US,18.89031082,444.4188068,7.289165244,12,Modelled,,,
US,18.71870214,1221.065366,7.930405627,12,Modelled,,,
US,19.90698251,303.1360207,8.163870947,12,Modelled,,,
US,18.94493664,3814.904573,8.840037507,12,Modelled,,,
US,19.75970625,503.907415,8.958124971,12,Modelled,,,
US,18.6285471,1852.564504,7.981174989,12,Modelled,,,
US,19.57431974,471.8800614,8.649977466,12,Modelled,,,
US,19.31018803,374.450763,7.74025894,12,Modelled,,,
US,19.83076093,418.5556713,8.731747471,12,Modelled,,,
US,19.03032856,327.428527,7.106161163,12,Modelled,,,
US,19.58880881,385.295856,8.269731443,12,Modelled,,,
US,19.96203791,503.907415,9.325240023,12,Modelled,,,
US,19.96101613,611.8826696,9.797969328,12,Modelled,,,
US,19.1404852,3088.34994,9.14870148,12,Modelled,,,
US,19.87306883,346.6695931,8.419852147,12,Modelled,,,
US,19.21406359,1428.686079,9.023309771,12,Modelled,,,
US,19.49031396,539.6470816,8.616138816,12,Modelled,,,
US,19.56147344,749.3857698,9.317309097,12,Modelled,,,
US,19.54925175,416.1724309,8.352744292,12,Modelled,,,
US,19.82425393,374.450763,8.538164716,12,Modelled,,,
US,19.53881304,397.5885951,8.169116847,12,Modelled,,,
US,19.9229064,355.6930727,8.638463705,12,Modelled,,,
US,19.41548159,762.3338652,8.870058278,12,Modelled,,,
US,19.94796618,611.8826696,9.805529162,12,Modelled,,,
US,19.67717354,1307.669507,10.04004009,12,Modelled,,,
US,19.53768349,253.9568388,7.115614265,12,Modelled,,,
US,19.93652126,396.4550519,8.825171199,13,Modelled,,,
US,19.71641629,449.5233714,8.79408291,13,Modelled,,,
US,19.20512016,518.5019181,7.998926307,13,Modelled,,,
US,19.65752048,709.8166257,9.465735651,13,Modelled,,,
US,19.8856709,542.7374082,9.37763125,13,Modelled,,,
US,19.81911452,1146.726247,10.21816043,13,Modelled,,,
US,19.65593788,994.1723081,9.726778702,13,Modelled,,,
US,19.38289439,1217.584052,9.361546441,13,Modelled,,,
US,19.39245264,1695.643394,9.679063751,13,Modelled,,,
US,19.8335419,777.7230051,9.75030584,13,Modelled,,,
US,19.80087686,1224.556632,10.35710519,13,Modelled,,,
US,19.97291619,509.6952618,9.434836189,13,Modelled,,,
US,19.58830593,966.1889001,9.506235278,13,Modelled,,,
US,19.9911762,418.5556713,9.099444192,13,Modelled,,,
US,19.32721397,569.7300247,8.329325736,13,Modelled,,,
US,19.49798944,2900.329529,10.18384962,13,Modelled,,,
US,19.41442236,847.2738451,9.134232309,13,Modelled,,,
US,19.85041413,2173.758036,10.80740058,14,Modelled,,,
US,19.87906796,864.377658,9.996231126,14,Modelled,,,
US,19.96200605,842.4494994,10.20622956,14,Modelled,,,
US,19.92089988,1868.500524,10.90884349,14,Modelled,,,
US,19.47558381,1224.556632,9.58838104,14,Modelled,,,
US,19.91482928,2243.11108,11.06395398,14,Modelled,,,
US,19.25351609,904.7798542,8.911527254,15,Modelled,,,
US,19.57208341,2647.089138,10.29178338,15,Modelled,,,
US,19.78006376,4848.86923,10.91232639,16,Modelled,,,
China,19.91550281,27.64460587,0.381832639,2,Modelled,,,
China,18.90803618,4.942236012,0.182748758,2,Modelled,,,
China,22.52309439,5.840386796,0.311318969,2,Modelled,,,
China,22.81096044,14.67376756,0.56148168,2,Modelled,,,
China,15.78014325,3.621510281,0.094917855,2,Modelled,,,
China,24.54127535,11.38974835,0.617253623,2,Modelled,,,
China,22.42583946,13.49840861,0.504092585,2,Modelled,,,
China,15.24200073,325.932961,0.132077738,2,Modelled,,,
China,19.05561834,8.866187966,0.243643926,2,Modelled,,,
China,23.85299441,6.13333836,0.359604051,2,Modelled,,,
China,20.09967738,3.209050815,0.155436086,2,Modelled,,,
China,17.94273195,5.372575727,0.164136588,2,Modelled,,,
China,20.10503832,13.97289262,0.338404681,2,Modelled,,,
China,21.94881282,61.1922855,0.664325494,2,Modelled,,,
China,22.08172161,5.625842206,0.290014838,2,Modelled,,,
China,16.92259444,2.469438129,0.091624432,3,Modelled,,,
China,20.17833236,15.01564998,0.355486955,3,Modelled,,,
China,19.36751425,5.497750747,0.20624346,3,Modelled,,,
China,21.36143691,9.41875496,0.36528768,3,Modelled,,,
China,23.25287683,42.45286227,0.838196745,3,Modelled,,,
China,20.15871668,3.312302806,0.160533237,3,Modelled,,,
China,22.3130864,10.87699997,0.451287764,3,Modelled,,,
China,23.30698842,11.00298137,0.522825539,3,Modelled,,,
China,20.4423222,16.27619514,0.383338517,3,Modelled,,,
China,21.26435534,17.19130428,0.448352516,3,Modelled,,,
China,23.96291373,18.74209801,0.740749625,3,Modelled,,,
China,24.46913987,16.37018221,0.74763043,3,Modelled,,,
China,24.07761789,10.26840231,0.548854552,3,Modelled,,,
China,20.60254739,7.438200263,0.292627896,3,Modelled,,,
China,10.34422771,7.459645333,0.031069535,3,Modelled,,,
China,22.46581981,5.235157264,0.2839676,3,Modelled,,,
China,24.47796492,14.50575657,0.710211479,3,Modelled,,,
China,16.64293945,3.674018048,0.110447436,3,Modelled,,,
China,22.91956792,59.79903471,0.820394165,3,Modelled,,,
China,20.52494657,44.96899982,0.457668085,3,Modelled,,,
China,24.99087089,11.99553867,0.667406573,3,Modelled,,,
China,23.03807019,8.418433931,0.429291393,3,Modelled,,,
China,20.52400827,13.30549413,0.36465224,3,Modelled,,,
China,19.68242099,2.935059463,0.139370499,3,Modelled,,,
China,21.70868368,3.891773324,0.207105492,3,Modelled,,,
China,23.49589026,9.527846433,0.487463573,3,Modelled,,,
China,17.02947306,2.317881733,0.089003252,3,Modelled,,,
China,22.64570702,903.1064307,0.85259198,3,Modelled,,,
China,18.56574542,19.73894018,0.267022614,3,Modelled,,,
China,18.66794834,34.20846078,0.288822839,3,Modelled,,,
China,24.95711924,6.881916951,0.425615972,3,Modelled,,,
China,23.28205157,49.45082522,0.844064029,3,Modelled,,,
China,18.64420195,2.042102417,0.092688383,3,Modelled,,,
China,13.36758407,1.002883099,0.010021253,3,Modelled,,,
China,24.56844243,9.749834625,0.553054418,3,Modelled,,,
China,13.02831694,1.002883099,0.007836851,3,Modelled,,,
China,16.15413877,8.789941739,0.133786434,3,Modelled,,,
China,23.94158392,11.00298137,0.562644062,3,Modelled,,,
China,21.94644715,34.70444442,0.610477156,3,Modelled,,,
China,20.42233531,3.631951455,0.177521591,3,Modelled,,,
China,24.10374588,171.0244745,1.162913738,3,Modelled,,,
China,12.95279576,1.280934379,0.034610061,3,Modelled,,,
China,21.1005291,21.83156007,0.461686008,3,Modelled,,,
China,22.11753313,11.58820059,0.455786908,3,Modelled,,,
China,23.98970137,9.665989334,0.521114514,3,Modelled,,,
China,17.96434928,9.204304925,0.1994901,3,Modelled,,,
China,20.12528013,19.01383704,0.367104075,3,Modelled,,,
China,22.32464715,39.61863193,0.666805492,3,Modelled,,,
China,24.34710023,13.42090943,0.665917899,3,Modelled,,,
China,22.06149626,13.34385519,0.477461597,3,Modelled,,,
China,23.06930321,75.28685921,0.851811271,3,Modelled,,,
China,24.13667107,62.25848519,1.053195257,3,Modelled,,,
China,23.80161666,10.26840231,0.529976056,3,Modelled,,,
China,22.17292582,908.3214285,0.771405094,4,Modelled,,,
China,23.67968931,12.03012299,0.577545401,4,Modelled,,,
China,20.927395,28.78158976,0.476162994,4,Modelled,,,
China,21.59148532,18.31537031,0.486778604,4,Modelled,,,
China,24.8920878,23.66429243,0.942805337,4,Modelled,,,
China,22.40258358,19.12363265,0.578516115,4,Modelled,,,
China,15.19273466,2.819113285,0.076520457,4,Modelled,,,
China,24.84117613,27.96479583,0.992113659,4,Modelled,,,
China,24.88557125,28.78158976,1.020593933,4,Modelled,,,
China,22.10343081,15.4542261,0.510521584,4,Modelled,,,
China,23.36619966,5.450471945,0.312315956,4,Modelled,,,
China,24.45172411,6.648224499,0.400480398,4,Modelled,,,
China,16.7193929,22.92662276,0.175055987,4,Modelled,,,
China,23.18976391,13.73360164,0.580340176,4,Modelled,,,
China,23.21162308,243.6950522,0.960373323,4,Modelled,,,
China,17.9565694,1.819973298,0.079395641,4,Modelled,,,
China,22.85766026,4.218482862,0.238626271,4,Modelled,,,
China,18.52786884,2.630904152,0.115000938,4,Modelled,,,
China,20.43210255,493.3706307,0.49580025,4,Modelled,,,
China,22.25700988,11.58820059,0.465139269,4,Modelled,,,
China,13.68856558,6.330680015,0.072443561,4,Modelled,,,
China,19.68810583,28.94778936,0.366031123,4,Modelled,,,
China,21.51084683,15.8598865,0.46080578,4,Modelled,,,
China,17.97465607,19.62561188,0.234048324,4,Modelled,,,
China,21.31628309,4.206355521,0.214967643,4,Modelled,,,
China,17.04903647,3.172307981,0.109889855,4,Modelled,,,
China,21.6366449,15.5434667,0.47162208,4,Modelled,,,
China,22.67983168,5.175216015,0.285504875,4,Modelled,,,
China,24.03477545,138.208621,1.119852028,4,Modelled,,,
China,23.80172504,27.01518227,0.829680437,4,Modelled,,,
China,23.92756829,15.81429233,0.689377842,4,Modelled,,,
China,24.29793697,22.21194793,0.842995892,4,Modelled,,,
China,23.40072344,7.35303472,0.402381926,4,Modelled,,,
China,24.17972541,2431.344291,1.270695973,4,Modelled,,,
China,22.3668037,4.455661893,0.244368743,4,Modelled,,,
China,23.69793537,12.52490509,0.592155796,4,Modelled,,,
China,20.47220745,12.81672141,0.35875361,4,Modelled,,,
China,23.69572954,47.49732675,0.922520828,4,Modelled,,,
China,19.68594839,6.496855026,0.235162529,4,Modelled,,,
China,21.8064765,4.885648638,0.253917776,4,Modelled,,,
China,23.7795364,14.42247384,0.638340722,4,Modelled,,,
China,21.88736021,25.50360952,0.568714544,4,Modelled,,,
China,18.63707877,956.6326213,0.319381144,4,Modelled,,,
China,23.98386501,9.610493436,0.517129444,4,Modelled,,,
China,22.14394982,88.45791206,0.699101496,4,Modelled,,,
China,24.40984811,7.164960549,0.427629431,4,Modelled,,,
China,22.6335564,6.240204175,0.332134446,4,Modelled,,,
China,23.27173701,571.3986827,0.985669455,4,Modelled,,,
China,21.15084618,36.02791752,0.515880196,4,Modelled,,,
China,19.52551577,9.230841849,0.268703598,4,Modelled,,,
China,15.8504568,2.526973282,0.080867297,4,Modelled,,,
China,22.3063676,8.891750066,0.405290981,4,Modelled,,,
China,15.77495649,3.508619592,0.094442878,4,Modelled,,,
China,24.79369243,27.72430801,0.982559516,4,Modelled,,,
China,20.60092199,6.098124673,0.26041544,4,Modelled,,,
China,23.19563219,10.20944774,0.49137809,4,Modelled,,,
China,21.92338286,38.16325519,0.618959508,4,Modelled,,,
China,20.26295456,3.091167443,0.152410287,4,Modelled,,,
China,20.97905377,4.341696034,0.214931101,4,Modelled,,,
China,22.32327636,402.1620632,0.783308281,4,Modelled,,,
China,20.45540093,12.74313603,0.356563153,4,Modelled,,,
China,18.00443132,1.905767944,0.083250313,4,Modelled,,,
China,22.87269076,6.9017582,0.363682647,4,Modelled,,,
China,18.16013114,3.458475641,0.134509541,4,Modelled,,,
China,13.8627292,1.299506466,0.039918788,4,Modelled,,,
China,21.99670397,9.020670296,0.390150485,4,Modelled,,,
China,24.3572528,6.45955426,0.387214016,4,Modelled,,,
China,22.23030178,4.182205332,0.228649215,4,Modelled,,,
China,19.62836469,3.399247961,0.155977538,4,Modelled,,,
China,22.71009615,48.46423427,0.756618351,4,Modelled,,,
China,23.59554877,27.24951894,0.798190115,4,Modelled,,,
China,19.07728751,45.35907255,0.331970948,4,Modelled,,,
China,21.00721346,5.756918053,0.263637974,4,Modelled,,,
China,24.97172884,608.7600044,1.483679791,4,Modelled,,,
China,13.00882534,4.843633707,0.058518316,4,Modelled,,,
China,23.01417226,21.51955113,0.664179131,4,Modelled,,,
China,15.04194331,1.589645647,0.053486434,4,Modelled,,,
China,24.98556794,9.665989334,0.571904682,4,Modelled,,,
China,23.16032868,14.54757811,0.59186087,4,Modelled,,,
China,22.13070657,28.12627885,0.608316348,4,Modelled,,,
China,24.79046831,87.69720384,1.264910947,4,Modelled,,,
China,20.5122941,12.23973297,0.356919892,4,Modelled,,,
China,24.18941711,23.19216731,0.841908696,4,Modelled,,,
China,22.87355105,6.312480507,0.341552201,4,Modelled,,,
China,24.63946406,15.5434667,0.752542831,4,Modelled,,,
China,21.59585606,8.866187966,0.368021006,4,Modelled,,,
China,20.56030304,6.404004271,0.265828944,4,Modelled,,,
China,22.45122213,18.10566388,0.573158013,4,Modelled,,,
China,9.619164361,25.06685073,0.026428035,4,Modelled,,,
China,23.34371339,7.970312854,0.42408026,4,Modelled,,,
China,15.92259491,7.12382395,0.122108569,4,Modelled,,,
China,10.52955213,2.138368364,0.026846971,4,Modelled,,,
China,23.27889935,15.76882923,0.619090538,4,Modelled,,,
China,18.35507338,6.610054667,0.190806788,4,Modelled,,,
China,23.89165572,8.815284013,0.483199329,4,Modelled,,,
China,20.17235659,3.038230052,0.148985464,4,Modelled,,,
China,23.40520935,7.459645333,0.408917396,4,Modelled,,,
China,21.21517373,4.255075073,0.215456477,4,Modelled,,,
China,22.21167572,5.235157264,0.27706745,4,Modelled,,,
China,23.52926945,12.27502133,0.569305586,4,Modelled,,,
China,24.81229572,12.8907317,0.686622261,4,Modelled,,,
China,20.06874437,2.434145793,0.119880028,4,Modelled,,,
China,17.57978856,28.69884813,0.220635098,4,Modelled,,,
China,19.30560197,105.440086,0.360013499,4,Modelled,,,
China,21.92466293,13.45960324,0.471471193,4,Modelled,,,
China,18.12775893,8.917385864,0.204160993,4,Modelled,,,
China,17.17200362,4.468508009,0.132592238,4,Modelled,,,
China,22.54662728,451.2462475,0.819690803,4,Modelled,,,
China,20.38926565,4.665704498,0.212748763,4,Modelled,,,
China,22.60008923,14.01317786,0.53498216,4,Modelled,,,
China,16.24830317,25.79900168,0.158314927,4,Modelled,,,
China,21.56828985,81.37249258,0.619267379,4,Modelled,,,
China,22.40436965,24.07661337,0.617137137,4,Modelled,,,
China,17.1003375,16.41737907,0.185520128,4,Modelled,,,
China,23.45026447,71.69087251,0.923964247,4,Modelled,,,
China,20.92323923,318.511987,0.554034395,4,Modelled,,,
China,24.79565386,9.020670296,0.533462141,4,Modelled,,,
China,22.89310194,14.2573401,0.556485532,4,Modelled,,,
China,22.00774623,13.6154973,0.477695021,4,Modelled,,,
China,21.90325308,4.316768806,0.230214269,5,Modelled,,,
China,20.95653614,3.082280921,0.159119373,5,Modelled,,,
China,21.98794714,64.63274679,0.659272285,5,Modelled,,,
China,21.25741944,5.740368002,0.27117896,5,Modelled,,,
China,21.03988287,57.10697716,0.52721914,5,Modelled,,,
China,24.74408741,17.89835853,0.821639686,5,Modelled,,,
China,22.04618616,11.42258612,0.440537469,5,Modelled,,,
China,24.69956327,9.527846433,0.55332261,5,Modelled,,,
China,17.10092608,4.612283342,0.132929365,5,Modelled,,,
China,23.34530807,61.36870893,0.899667073,5,Modelled,,,
China,20.817903,19.73894018,0.430588081,5,Modelled,,,
China,23.21027213,12.23973297,0.54495331,5,Modelled,,,
China,13.50140482,2.239172346,0.051182619,5,Modelled,,,
China,23.49513203,10.26840231,0.511926727,5,Modelled,,,
China,24.88438028,48.88462557,1.189240542,5,Modelled,,,
China,24.31296122,42.57525809,1.020826489,5,Modelled,,,
China,20.92364875,119.679428,0.53603331,5,Modelled,,,
China,11.55469736,1.441417191,0.029117583,5,Modelled,,,
China,19.7391507,23.05901279,0.355349444,5,Modelled,,,
China,23.91049465,12.45299514,0.60090251,5,Modelled,,,
China,23.59643405,23.05901279,0.762198629,5,Modelled,,,
China,24.13176643,8.132565258,0.465687844,5,Modelled,,,
China,18.56615913,7.76645009,0.213419231,5,Modelled,,,
China,22.39708487,12.52490509,0.485498795,5,Modelled,,,
China,21.96045713,7.227111269,0.342787095,5,Modelled,,,
China,24.10237632,68.85880632,1.063542355,5,Modelled,,,
China,23.80433265,53.60216059,0.97743773,5,Modelled,,,
China,23.09504435,5.823596788,0.326225541,5,Modelled,,,
China,16.67050954,8.815284013,0.150447259,5,Modelled,,,
China,19.6021811,6.572103982,0.23415478,5,Modelled,,,
China,24.19626985,88.20361229,1.119743048,5,Modelled,,,
China,17.34970322,26.47620371,0.208232964,5,Modelled,,,
China,24.73024885,18.68821802,0.842245115,5,Modelled,,,
China,19.9259349,3.350667111,0.158721743,5,Modelled,,,
China,20.79305195,2.952007995,0.150992533,5,Modelled,,,
China,22.49201872,4.665704498,0.257355546,5,Modelled,,,
China,24.74613575,12.77987575,0.680301098,5,Modelled,,,
China,24.81785845,14.05357924,0.727317992,5,Modelled,,,
China,24.98006108,26.86007845,0.999271515,5,Modelled,,,
China,22.72737033,4.098766361,0.230490127,5,Modelled,,,
China,21.16581081,12.23973297,0.394898716,5,Modelled,,,
China,20.32840055,14.05357924,0.354304212,5,Modelled,,,
China,19.09988571,34.90484561,0.322248691,5,Modelled,,,
China,23.49848871,5.042845572,0.292596882,5,Modelled,,,
China,22.3932625,5.674642216,0.301030627,5,Modelled,,,
China,22.03578893,4.27964605,0.230379196,5,Modelled,,,
China,24.74025867,66.13861768,1.232239659,5,Modelled,,,
China,23.73092385,31.83286437,0.861709866,5,Modelled,,,
China,21.48510602,5.908032296,0.284433691,5,Modelled,,,
China,21.51542386,13.42090943,0.433828928,5,Modelled,,,
China,24.6557669,14.92943976,0.73409195,5,Modelled,,,
China,21.30961061,3.66345594,0.191157466,5,Modelled,,,
China,21.58777443,215.3194545,0.648080494,5,Modelled,,,
China,16.47262059,5.874112172,0.129322189,5,Modelled,,,
China,13.98605724,4.585802575,0.072512268,5,Modelled,,,
China,15.56960273,1.205786223,0.044969064,5,Modelled,,,
China,24.23220134,131.6072517,1.159809013,5,Modelled,,,
China,23.68450018,31.01865095,0.840241283,5,Modelled,,,
China,15.03948031,3.389475766,0.081069625,5,Modelled,,,
China,23.97967676,20.49169553,0.776510166,5,Modelled,,,
China,16.06640816,16.464712,0.146023395,5,Modelled,,,
China,21.37978442,3.379731664,0.178284346,5,Modelled,,,
China,24.78788352,36.23596112,1.074044357,5,Modelled,,,
China,20.66313026,51.78196712,0.479496825,5,Modelled,,,
China,21.1681242,4.218482862,0.213209921,5,Modelled,,,
China,24.67432758,10.47743714,0.59098207,5,Modelled,,,
China,24.40246169,6.764061566,0.405355134,5,Modelled,,,
China,24.84904798,70.26057148,1.263953009,5,Modelled,,,
China,16.18375675,3.528880153,0.100862307,5,Modelled,,,
China,21.85173722,42.82110938,0.623574687,5,Modelled,,,
China,18.64110424,10.15083166,0.235583444,5,Modelled,,,
China,23.91989832,15.5434667,0.678010417,5,Modelled,,,
China,21.57410726,4.016992078,0.210980772,5,Modelled,,,
China,23.9641442,6.496855026,0.38093267,5,Modelled,,,
China,20.24960271,35.92434407,0.426989641,5,Modelled,,,
China,22.99126044,42.69800679,0.781906388,5,Modelled,,,
China,19.40021867,17.19130428,0.310071983,5,Modelled,,,
China,13.42917631,3.274377763,0.057755631,5,Modelled,,,
China,24.98480656,43.31707916,1.179327612,5,Modelled,,,
China,19.71537145,2.909818941,0.138284365,5,Modelled,,,
China,16.44022218,3.727287117,0.108677201,5,Modelled,,,
China,22.53667751,6.312480507,0.331095485,5,Modelled,,,
China,22.263137,33.91427955,0.638978376,5,Modelled,,,
China,24.23609858,5.707410499,0.342968828,5,Modelled,,,
China,22.47914261,67.87470061,0.752981068,5,Modelled,,,
China,22.96930509,9.391677821,0.454430308,5,Modelled,,,
China,24.35997837,13.9327232,0.680596065,5,Modelled,,,
China,20.36173955,57.7684111,0.45141763,5,Modelled,,,
China,19.92179616,9.046677784,0.283816237,5,Modelled,,,
China,24.93176666,121.065599,1.371491122,5,Modelled,,,
China,17.48647739,3.40904833,0.121399873,5,Modelled,,,
China,23.42206272,6.348931994,0.357818878,5,Modelled,,,
China,24.93059976,60.84095873,1.235340822,5,Modelled,,,
China,21.52029437,14.0940971,0.445897719,5,Modelled,,,
China,24.86096743,20.02513229,0.887538977,5,Modelled,,,
China,21.32732827,4.599023899,0.232933048,5,Modelled,,,
China,24.09215884,6.38559397,0.377515479,5,Modelled,,,
China,23.03189153,6.063113161,0.334897671,5,Modelled,,,
China,20.07349586,3.716571871,0.175278111,5,Modelled,,,
China,19.88289226,4.304358912,0.190864373,5,Modelled,,,
China,24.26848024,275.0171898,1.213471652,5,Modelled,,,
China,22.77791602,56.9428054,0.78755711,5,Modelled,,,
China,22.39845169,9.284145445,0.41756186,5,Modelled,,,
China,22.7988052,5.674642216,0.311811674,5,Modelled,,,
China,20.79277105,5.130710903,0.237850849,5,Modelled,,,
China,17.09502469,1001.728863,0.21656212,5,Modelled,,,
China,24.65774898,62.25848519,1.165074564,5,Modelled,,,
China,21.63030732,11.42258612,0.414612448,5,Modelled,,,
China,16.00552273,1.458112214,0.055289074,5,Modelled,,,
China,22.58285765,23.25903263,0.624503069,5,Modelled,,,
China,22.71883629,18.36817534,0.594220627,5,Modelled,,,
China,21.26139264,4.134320121,0.211041479,5,Modelled,,,
China,17.37650636,6.45955426,0.15953893,5,Modelled,,,
China,22.04260625,5.372575727,0.278531315,5,Modelled,,,
China,20.42911379,8.418433931,0.300304941,5,Modelled,,,
China,24.29465054,21.09021564,0.818100161,5,Modelled,,,
China,22.48950054,5.642062068,0.302538435,5,Modelled,,,
China,11.02580864,6.822734785,0.037100786,5,Modelled,,,
China,22.55341536,26.78286081,0.651233421,5,Modelled,,,
China,21.93476657,20.6694458,0.533802917,5,Modelled,,,
China,12.97361961,4.206355521,0.05651693,5,Modelled,,,
China,23.6794308,55.48633588,0.958555911,5,Modelled,,,
China,23.73757924,5.086588519,0.299028033,5,Modelled,,,
China,21.74838083,3.389475766,0.181936398,5,Modelled,,,
China,22.04599061,4.857598384,0.258304761,5,Modelled,,,
China,19.91480398,2.960518927,0.142796072,5,Modelled,,,
China,19.64372442,12.20454605,0.297151886,5,Modelled,,,
China,16.38619678,3.064584445,0.097153746,5,Modelled,,,
China,22.20368919,18.1578643,0.549434161,5,Modelled,,,
China,22.32246007,3.970998518,0.218895818,5,Modelled,,,
China,14.5386708,2.498040067,0.06499606,5,Modelled,,,
China,18.1040306,124.6016751,0.269803772,5,Modelled,,,
China,21.95800963,13.6154973,0.468550988,5,Modelled,,,
China,18.65389697,2.378724173,0.106885872,5,Modelled,,,
China,22.83846208,13.34385519,0.540597056,5,Modelled,,,
China,17.55308045,32.01668359,0.224258264,5,Modelled,,,
China,24.81080148,6.981696894,0.428474917,5,Modelled,,,
China,21.53087283,26.02278889,0.529907817,5,Modelled,,,
China,21.52539549,24.70860417,0.516170033,5,Modelled,,,
China,16.38823935,20.14076763,0.162515481,5,Modelled,,,
China,24.10091024,9.976994894,0.539593173,5,Modelled,,,
China,22.39507054,18.52750564,0.573651109,5,Modelled,,,
China,24.18280937,131.2289057,1.161174776,5,Modelled,,,
China,24.26722795,8.891750066,0.503156925,5,Modelled,,,
China,20.26192805,3.880585212,0.183392517,5,Modelled,,,
China,12.25932011,2.181899329,0.039798083,5,Modelled,,,
China,23.0709948,11.75621627,0.52161505,5,Modelled,,,
China,18.93741328,2.770834922,0.124209994,5,Modelled,,,
China,24.46923202,6.9017582,0.41412437,6,Modelled,,,
China,21.97204371,4.719744398,0.250211778,6,Modelled,,,
China,19.25212099,24.14602864,0.321677569,6,Modelled,,,
China,22.38559427,21.09021564,0.595933668,6,Modelled,,,
China,22.28518664,4.242842537,0.232144728,6,Modelled,,,
China,16.0819445,13.38232685,0.143102618,6,Modelled,,,
China,20.5290671,12.70650192,0.355326506,6,Modelled,,,
China,20.84950923,16.13622535,0.413367265,6,Modelled,,,
China,20.618545,12.48889836,0.364287261,6,Modelled,,,
China,24.90749176,15.01564998,0.767649814,6,Modelled,,,
China,16.17848409,1.738040991,0.065096893,6,Modelled,,,
China,24.99301622,38.49429313,1.138722341,6,Modelled,,,
China,18.5593481,12.13447539,0.239776397,6,Modelled,,,
China,23.66680178,15.5434667,0.650404443,6,Modelled,,,
China,16.72581984,17.19130428,0.171322189,6,Modelled,,,
China,21.8344026,16.55978766,0.491182597,6,Modelled,,,
China,24.75459565,13.30549413,0.697441545,6,Modelled,,,
China,22.41585921,19.73894018,0.584165558,6,Modelled,,,
China,24.39369938,94.51350595,1.185781646,6,Modelled,,,
China,23.70160372,6.312480507,0.36430964,6,Modelled,,,
China,20.2677623,147.6700164,0.46309087,6,Modelled,,,
China,21.87309376,5.311061071,0.273097228,6,Modelled,,,
China,24.06492439,7.993292057,0.456207439,6,Modelled,,,
China,20.51874816,8.22675961,0.303703687,6,Modelled,,,
China,24.5862101,39.61863193,1.056537319,6,Modelled,,,
China,21.90421896,3.46844677,0.18757146,6,Modelled,,,
China,24.14544189,41.24809073,0.99307254,6,Modelled,,,
China,21.63726687,9.364678523,0.377242288,6,Modelled,,,
China,21.81337742,10.87699997,0.417894059,6,Modelled,,,
China,17.74962531,12.13447539,0.203573373,6,Modelled,,,
China,23.77969776,13.89266925,0.626436883,6,Modelled,,,
China,24.88290469,20.02513229,0.888127368,6,Modelled,,,
China,20.16548214,12.63354936,0.332840816,6,Modelled,,,
China,23.86189176,13.30549413,0.621845292,6,Modelled,,,
China,24.01288423,33.42958866,0.900844984,6,Modelled,,,
China,21.43061922,100.4038665,0.608732018,6,Modelled,,,
China,24.59946474,28.45204772,0.96143315,6,Modelled,,,
China,24.01981728,21.15102082,0.784360365,6,Modelled,,,
China,23.70921651,96.99440576,1.015737068,6,Modelled,,,
China,16.32704504,3.600717897,0.104688941,6,Modelled,,,
China,24.63347456,6.063113161,0.371035129,6,Modelled,,,
China,19.0288556,3.020786488,0.134604069,6,Modelled,,,
China,23.99693929,27.96479583,0.858148599,6,Modelled,,,
China,21.36774815,4.692646659,0.236049118,6,Modelled,,,
China,23.72400823,8.739475543,0.470785647,6,Modelled,,,
China,21.38804096,29.96533621,0.525342864,6,Modelled,,,
China,18.62131554,5.740368002,0.188602533,6,Modelled,,,
China,22.64373008,9.80613515,0.444060398,6,Modelled,,,
China,24.39345929,452.5472352,1.284875205,6,Modelled,,,
China,23.14020036,25.35718419,0.710088953,6,Modelled,,,
China,20.20964231,7.459645333,0.273379272,6,Modelled,,,
China,19.61289114,19.51293423,0.332843229,6,Modelled,,,
China,23.51292557,5.609668974,0.323689681,6,Modelled,,,
China,24.74964092,45.88443796,1.120749161,6,Modelled,,,
China,22.91819948,13.9327232,0.55493176,6,Modelled,,,
China,24.73226983,20.72903786,0.879882161,6,Modelled,,,
China,21.34975426,45.09864991,0.556121377,6,Modelled,,,
China,19.46347503,21.27315762,0.33206864,6,Modelled,,,
China,19.81443401,2.5933042,0.125723993,6,Modelled,,,
China,24.32821619,30.92947819,0.945990376,6,Modelled,,,
China,14.14565309,1.916772821,0.052713235,6,Modelled,,,
China,16.05363972,189.1556007,0.161108138,6,Modelled,,,
China,23.3302215,6.115706172,0.345528309,6,Modelled,,,
China,23.27755861,16.464712,0.633690511,6,Modelled,,,
China,18.72858983,7.35303472,0.212949709,6,Modelled,,,
China,22.428061,11.92666799,0.479766861,6,Modelled,,,
China,23.53708476,26.47620371,0.775814937,6,Modelled,,,
China,24.8339625,72.10485223,1.258679218,6,Modelled,,,
China,24.61256418,115.2830456,1.24788537,6,Modelled,,,
China,22.90714264,16.04358152,0.591010723,6,Modelled,,,
China,18.54689509,80.44079778,0.298742299,6,Modelled,,,
China,24.88067188,43.5672141,1.155522697,6,Modelled,,,
China,24.93084277,52.83609747,1.210155642,6,Modelled,,,
China,16.14140738,3.331429734,0.097555206,6,Modelled,,,
China,23.77437614,31.37792033,0.848775275,6,Modelled,,,
China,22.9930047,9.527846433,0.461046922,6,Modelled,,,
China,15.18325598,85.20844125,0.127061281,6,Modelled,,,
China,20.76362335,4.985106245,0.233457609,6,Modelled,,,
China,15.39144643,2.505242164,0.074818839,6,Modelled,,,
China,17.65780392,4.885648638,0.15074644,6,Modelled,,,
China,24.79086419,37.9441463,1.095227996,6,Modelled,,,
China,19.82733229,11.72241937,0.309635329,6,Modelled,,,
China,23.88912266,5.891047821,0.346376261,6,Modelled,,,
China,24.36173859,22.92662276,0.851558007,6,Modelled,,,
China,22.01523993,12.74313603,0.46458469,6,Modelled,,,
China,24.7085384,24.28546014,0.924758564,6,Modelled,,,
China,24.10699989,14.17548362,0.665427256,6,Modelled,,,
China,22.77869688,27.01518227,0.688038552,6,Modelled,,,
China,20.56210949,16.99446812,0.390874923,6,Modelled,,,
China,22.31568457,3242.483087,0.805294541,6,Modelled,,,
China,21.48390662,31.83286437,0.541188625,6,Modelled,,,
China,11.27206747,1.005774511,0.013992525,6,Modelled,,,
China,21.50292847,19.91016085,0.493713089,6,Modelled,,,
China,24.32192033,6.010972432,0.362397811,6,Modelled,,,
China,16.27748766,11.38974835,0.144512437,6,Modelled,,,
China,19.66768478,5.529497568,0.217560072,6,Modelled,,,
China,22.90060661,46.41588834,0.783479744,6,Modelled,,,
China,22.48848804,6.610054667,0.34043092,6,Modelled,,,
China,17.58087099,6.115706172,0.161657767,6,Modelled,,,
China,22.54403038,9.80613515,0.443315803,6,Modelled,,,
China,23.83329638,28.28869435,0.847210875,6,Modelled,,,
China,24.68826652,50.16780576,1.157380311,6,Modelled,,,
China,22.76083426,9.020670296,0.433504359,6,Modelled,,,
China,16.48359377,1.509366472,0.059593314,6,Modelled,,,
China,24.33090754,37.18712453,0.996240551,6,Modelled,,,
China,23.03225889,14.67376756,0.574109029,6,Modelled,,,
China,24.32713561,6.572103982,0.393427092,6,Modelled,,,
China,24.3652574,29.53708222,0.950194522,6,Modelled,,,
China,20.7872454,11.13042193,0.358201699,6,Modelled,,,
China,23.11884407,21.83156007,0.689829577,6,Modelled,,,
China,23.03872045,13.89266925,0.564317449,6,Modelled,,,
China,22.66062159,807.1918052,0.869474704,6,Modelled,,,
China,23.53387398,41.36701307,0.87983629,6,Modelled,,,
China,22.66264558,4.354213575,0.243727001,6,Modelled,,,
China,24.96255168,9.364678523,0.557486159,6,Modelled,,,
China,17.80168148,7.227111269,0.178296981,6,Modelled,,,
China,24.68111895,6.725226672,0.409583654,6,Modelled,,,
China,19.32028749,4.719744398,0.18786721,6,Modelled,,,
China,24.416878,24.07661337,0.895081468,6,Modelled,,,
China,24.99929798,27.09306972,1.008322125,6,Modelled,,,
China,16.7876281,6.098124673,0.138652614,6,Modelled,,,
China,20.92826132,43.31707916,0.505268248,6,Modelled,,,
China,16.5051006,8.689299091,0.146338158,6,Modelled,,,
China,24.161044,40.77581035,0.981415446,6,Modelled,,,
China,19.36300657,21.76879846,0.325293526,6,Modelled,,,
China,15.1208757,1.053187331,0.038134691,6,Modelled,,,
China,23.52934045,31.55911247,0.812534294,6,Modelled,,,
China,20.07525363,13.65475213,0.337897424,6,Modelled,,,
China,23.18647122,17.89835853,0.646866779,6,Modelled,,,
China,24.49074294,66.52053584,1.141787505,6,Modelled,,,
China,24.59709613,15.63322261,0.754318942,6,Modelled,,,
China,24.28208723,18.00171279,0.773985982,6,Modelled,,,
China,24.13914241,7.970312854,0.456572346,6,Modelled,,,
China,24.08044244,47.08886575,0.984544413,6,Modelled,,,
China,24.17997771,22.66411863,0.82232022,6,Modelled,,,
China,22.28790849,13.9327232,0.500197903,6,Modelled,,,
China,22.35222336,38.16325519,0.678384481,6,Modelled,,,
China,20.89956786,5.145503251,0.242101149,6,Modelled,,,
China,24.60061799,26.55253723,0.941181204,6,Modelled,,,
China,22.29650045,262.6363528,0.760971314,6,Modelled,,,
China,22.33343881,11.85819273,0.476276744,6,Modelled,,,
China,24.84538808,109.4611017,1.334067305,6,Modelled,,,
China,24.96153781,69.65635426,1.286882754,6,Modelled,,,
China,24.50132293,52.08098265,1.10591432,6,Modelled,,,
China,23.38962753,14.75850139,0.614667093,6,Modelled,,,
China,16.53720664,1.466532098,0.058308215,6,Modelled,,,
China,21.40154039,8.764672318,0.356903076,6,Modelled,,,
China,23.49985502,9.445910166,0.482755936,6,Modelled,,,
China,24.29238768,16.22940416,0.725593993,6,Modelled,,,
China,22.18770148,15.63322261,0.516437728,6,Modelled,,,
China,19.20152156,12.59723029,0.278314081,6,Modelled,,,
China,22.97213706,33.62262818,0.747940614,6,Modelled,,,
China,24.864029,13.9327232,0.721383173,6,Modelled,,,
China,18.24354718,3.312302806,0.131680514,6,Modelled,,,
China,24.79482497,18.36817534,0.828661426,6,Modelled,,,
China,23.6043719,8.179526844,0.443460235,6,Modelled,,,
China,20.58217095,3.642422731,0.179942976,6,Modelled,,,
China,21.3894227,17.19130428,0.457567872,6,Modelled,,,
China,22.43285898,31.46838599,0.656455218,6,Modelled,,,
China,23.80697029,23.59626206,0.798503156,6,Modelled,,,
China,22.31291613,11.03470406,0.458254998,6,Modelled,,,
China,21.57326708,3.508619592,0.186487756,6,Modelled,,,
China,23.33270701,20.84873791,0.704611629,6,Modelled,,,
China,21.10919104,6.422467651,0.285545846,6,Modelled,,,
China,24.48304175,11.29180035,0.611246666,6,Modelled,,,
China,22.91718555,12.74313603,0.536261291,6,Modelled,,,
China,22.12000619,4.194263045,0.228324543,6,Modelled,,,
China,22.31710826,25.43029147,0.621320022,6,Modelled,,,
China,24.8550394,11.38974835,0.639083076,6,Modelled,,,
China,22.9688638,53.91168685,0.806696242,6,Modelled,,,
China,21.4158107,26.09781517,0.51976585,6,Modelled,,,
China,19.57843131,7.144362642,0.242737068,6,Modelled,,,
China,23.11308254,40.30893746,0.799517491,6,Modelled,,,
China,17.79376995,4.481391161,0.146512054,6,Modelled,,,
China,17.64773451,2.19449873,0.091328088,6,Modelled,,,
China,22.41616492,5.740368002,0.304518734,6,Modelled,,,
China,22.18949644,14.88652045,0.512777358,6,Modelled,,,
China,12.4797028,3.293285692,0.047519904,6,Modelled,,,
China,23.76569963,26.32419437,0.809301312,6,Modelled,,,
China,24.1559694,35.92434407,0.965531228,6,Modelled,,,
China,21.60619585,18.31537031,0.486378528,6,Modelled,,,
China,22.2660852,7.268844301,0.356144971,6,Modelled,,,
China,22.30762696,7.856403961,0.377381622,6,Modelled,,,
China,18.96061741,2.615799191,0.119161907,7,Modelled,,,
China,24.38931114,45.35907255,1.055113215,7,Modelled,,,
China,17.17918731,4.746998612,0.137063729,7,Modelled,,,
China,19.05620889,70.46313968,0.337097792,7,Modelled,,,
China,23.618513,7.721860125,0.427207873,7,Modelled,,,
China,24.24284613,22.21194793,0.824413698,7,Modelled,,,
China,15.93358835,1.470760256,0.055299113,7,Modelled,,,
China,21.31480196,24.28546014,0.497678032,7,Modelled,,,
China,24.28413524,52.68420368,1.06225063,7,Modelled,,,
China,15.63297264,10.50764463,0.123052482,7,Modelled,,,
China,19.39269417,38.94014814,0.350656535,7,Modelled,,,
China,18.87853766,6.705892918,0.211233713,7,Modelled,,,
China,24.66058987,52.38172485,1.140320742,7,Modelled,,,
China,20.04820252,2.715554133,0.133269511,7,Modelled,,,
China,24.22532629,9.177844288,0.513590353,7,Modelled,,,
China,21.28353717,15.18956674,0.432524314,7,Modelled,,,
China,18.6857419,6.881916951,0.20622534,7,Modelled,,,
China,22.64063575,9.473143662,0.435764694,7,Modelled,,,
China,19.47731173,7.788841536,0.24754547,7,Modelled,,,
China,22.08245996,110.4105956,0.706737936,7,Modelled,,,
China,23.32944933,26.93751873,0.752441424,7,Modelled,,,
China,19.18570793,5.115961079,0.193272631,7,Modelled,,,
China,24.19720101,9.891196101,0.541971965,7,Modelled,,,
China,18.25395764,2.926621722,0.121382609,7,Modelled,,,
China,24.886716,38.71657884,1.115048702,7,Modelled,,,
China,23.65409999,14.63158326,0.634628293,7,Modelled,,,
China,22.20230888,28.45204772,0.613743691,7,Modelled,,,
China,21.72665434,3.70588743,0.198039842,7,Modelled,,,
China,22.47274885,23.05901279,0.620476396,7,Modelled,,,
China,24.38687821,42.82110938,1.053532429,7,Modelled,,,
China,18.00005966,3.418876955,0.130838776,7,Modelled,,,
China,24.9109429,12.92789696,0.700108037,7,Modelled,,,
China,24.49420395,63.70903843,1.163044453,7,Modelled,,,
China,24.98363251,8.156012251,0.495571021,7,Modelled,,,
China,22.53278558,4.040188242,0.224700945,7,Modelled,,,
China,23.89524784,14.92943976,0.662175629,7,Modelled,,,
China,14.90623116,1.441417191,0.048804136,7,Modelled,,,
China,23.98103127,42.08778197,0.962221431,7,Modelled,,,
China,18.93428551,60.66605248,0.328098608,7,Modelled,,,
China,10.74025095,1.005774511,0.007562093,7,Modelled,,,
China,14.14518491,15.63322261,0.091012153,7,Modelled,,,
China,23.0292976,24.21564404,0.696232325,7,Modelled,,,
China,24.40276102,28.2073697,0.930271278,7,Modelled,,,
China,13.19884726,1.002883099,0.027231787,7,Modelled,,,
China,23.54147339,15.67829474,0.642206026,7,Modelled,,,
China,21.40099185,228.0812174,0.622432747,7,Modelled,,,
China,24.67692775,7.611502031,0.459320941,7,Modelled,,,
China,24.37092314,143.4792829,1.208372088,7,Modelled,,,
China,9.385018713,1.005774511,0.008436614,7,Modelled,,,
China,21.05124331,22.66411863,0.468316092,7,Modelled,,,
China,21.84371947,20.6694458,0.534705681,7,Modelled,,,
China,15.32154724,3.091167443,0.082277728,7,Modelled,,,
China,18.63892619,8.156012251,0.220137494,7,Modelled,,,
China,22.54798935,1987.579831,0.853062616,7,Modelled,,,
China,21.04871319,38.38362932,0.509811784,7,Modelled,,,
China,24.81840784,36.23596112,1.073878899,7,Modelled,,,
China,18.75541146,6.478177796,0.203654376,7,Modelled,,,
China,21.22288484,25.13912095,0.491613614,7,Modelled,,,
China,20.92252079,66.32930188,0.520585619,7,Modelled,,,
China,20.05552625,4.843633707,0.209692968,7,Modelled,,,
China,22.61140053,20.37404539,0.616147457,7,Modelled,,,
China,19.94103139,5.250250742,0.219090029,7,Modelled,,,
China,16.22829941,2.385582271,0.081947666,7,Modelled,,,
China,23.35972369,7.289801101,0.399293159,7,Modelled,,,
China,20.57285043,3744.495805,0.510795568,7,Modelled,,,
China,14.61668789,9.072760254,0.095995507,7,Modelled,,,
China,16.98191265,2.811008867,0.101059716,7,Modelled,,,
China,21.77770783,81.60709756,0.646899475,7,Modelled,,,
China,15.31868955,2.239172346,0.06932686,7,Modelled,,,
China,24.43322445,9.445910166,0.533019579,7,Modelled,,,
China,23.7345526,12.31041144,0.582501396,7,Modelled,,,
China,24.78123774,30.57534336,1.031892206,7,Modelled,,,
China,23.05690692,14.2573401,0.568821548,7,Modelled,,,
China,23.56654542,16.32312103,0.655727029,7,Modelled,,,
China,20.70515681,4.316768806,0.208320046,7,Modelled,,,
China,24.81812986,37.61783944,1.085049004,7,Modelled,,,
China,21.07492853,5.175216015,0.247377355,7,Modelled,,,
China,23.57936108,5.028348345,0.293964654,7,Modelled,,,
China,24.48086796,30.66349511,0.96154725,7,Modelled,,,
China,12.35234008,7.082923532,0.052690924,7,Modelled,,,
China,23.47517184,10.93980932,0.529562231,7,Modelled,,,
China,23.61595853,12.48889836,0.5798992,7,Modelled,,,
China,22.69952855,7.611502031,0.383718391,7,Modelled,,,
China,22.53319404,68.07039011,0.752254759,7,Modelled,,,
China,23.2773265,8.840699352,0.454006606,7,Modelled,,,
China,23.32186934,39.84741015,0.830524111,7,Modelled,,,
China,21.42452564,3.9824473,0.207719697,7,Modelled,,,
China,23.0204568,14.50575657,0.578230072,7,Modelled,,,
China,22.34902637,4.194263045,0.23115953,7,Modelled,,,
China,23.03160481,2160.646139,0.951082066,7,Modelled,,,
China,17.47425802,1.728062277,0.073033493,7,Modelled,,,
China,23.73358227,85.45410564,1.015556059,7,Modelled,,,
China,24.17533806,8.714351203,0.491719323,7,Modelled,,,
China,23.5166452,5.326373387,0.308964799,7,Modelled,,,
China,18.48253736,2.291342563,0.101996275,7,Modelled,,,
China,20.09964953,7.227111269,0.264295382,7,Modelled,,,
China,23.89375182,811.852943,1.136672532,7,Modelled,,,
China,14.43710343,1.202319816,0.040234021,7,Modelled,,,
China,23.22223007,103.9331736,0.932124272,7,Modelled,,,
China,22.29963866,5.280568372,0.282656456,7,Modelled,,,
China,19.83948648,45.2286738,0.391547234,7,Modelled,,,
China,23.04330117,22.34021106,0.673308685,7,Modelled,,,
China,24.24061248,10.93980932,0.579855997,7,Modelled,,,
China,24.4281662,9.445910166,0.532577418,7,Modelled,,,
China,24.89306807,23.66429243,0.943628561,7,Modelled,,,
China,22.19826241,7.811297539,0.369525454,7,Modelled,,,
China,24.44369003,84.47567738,1.163388227,7,Modelled,,,
China,22.811226,14.50575657,0.555183676,7,Modelled,,,
China,21.20444648,3.914246411,0.201126122,7,Modelled,,,
China,23.89442027,13.04003688,0.619190908,7,Modelled,,,
China,21.81127189,4.170182282,0.222137057,7,Modelled,,,
China,23.89018513,7.374234249,0.421555766,7,Modelled,,,
China,24.79142269,25.35718419,0.966152205,7,Modelled,,,
China,17.77071617,30.92947819,0.233354906,7,Modelled,,,
China,21.08400846,43.06838034,0.525462751,7,Modelled,,,
China,20.09565311,21.45768649,0.376636341,7,Modelled,,,
China,22.96163668,23.05901279,0.679461628,7,Modelled,,,
China,22.53814772,6.553210426,0.341641296,7,Modelled,,,
China,24.37765372,15.01564998,0.71012897,7,Modelled,,,
China,16.92201122,32.01668359,0.189814415,7,Modelled,,,
China,24.43153183,114.6211645,1.216011928,7,Modelled,,,
China,24.86146479,26.32419437,0.979250225,7,Modelled,,,
China,22.31991015,38.71657884,0.670351382,7,Modelled,,,
China,19.41917006,2.144533492,0.102200918,7,Modelled,,,
China,22.11433252,6.151021383,0.312064429,7,Modelled,,,
China,23.98581772,25.57713896,0.844603473,7,Modelled,,,
China,24.96255237,83.50845188,1.315496439,7,Modelled,,,
China,24.51323956,43.06838034,1.057505197,7,Modelled,,,
China,24.62484569,7.022012778,0.426386291,7,Modelled,,,
China,23.85072905,9.284145445,0.497544443,7,Modelled,,,
China,24.21409442,550.4085496,1.248455614,7,Modelled,,,
China,21.17240561,6.010972432,0.277314993,7,Modelled,,,
China,20.58252265,93.97087014,0.493917891,7,Modelled,,,
China,24.07160282,34.60467571,0.93111602,7,Modelled,,,
China,19.50430878,59.45570709,0.37379498,7,Modelled,,,
China,22.56848934,7.001825819,0.358813607,7,Modelled,,,
China,24.11751533,3270.609223,1.251949154,8,Modelled,,,
China,21.56826845,15.36549787,0.456175846,8,Modelled,,,
China,24.77730296,134.2863928,1.342814122,8,Modelled,,,
China,20.6096863,8.179526844,0.307406368,8,Modelled,,,
China,23.87806753,168.0956168,1.091555887,8,Modelled,,,
China,23.97331526,7.12382395,0.411021194,8,Modelled,,,
China,24.26308473,16.99446812,0.745119388,8,Modelled,,,
China,21.04355405,6.367236595,0.282751283,8,Modelled,,,
China,24.00692579,50.4575003,0.997797526,8,Modelled,,,
China,23.52032725,34.11011792,0.833395736,8,Modelled,,,
China,18.13983047,5.691002773,0.174454844,8,Modelled,,,
China,21.4894271,146.8221901,0.631292429,8,Modelled,,,
China,24.68700785,19.34512957,0.837356878,8,Modelled,,,
China,16.42141568,28.61634437,0.168126969,8,Modelled,,,
China,22.8695726,82.31497862,0.834747752,8,Modelled,,,
China,23.96186574,6.553210426,0.383802652,8,Modelled,,,
China,22.30281124,55.32682316,0.699512079,8,Modelled,,,
China,24.98893072,24.70860417,0.98467571,8,Modelled,,,
China,20.47098749,4.442852708,0.208701875,8,Modelled,,,
China,22.75428555,177.5465869,0.844307447,8,Modelled,,,
China,23.49626953,13.97289262,0.604126302,8,Modelled,,,
China,23.50021587,99.2542672,0.958410955,8,Modelled,,,
China,23.11328332,119.679428,0.893467504,8,Modelled,,,
China,20.51068529,7.022012778,0.279555967,8,Modelled,,,
China,21.95721851,15.14589961,0.489578025,8,Modelled,,,
China,14.83467213,2.608279263,0.069308944,8,Modelled,,,
China,18.02770829,9.230841849,0.203781417,8,Modelled,,,
China,10.78890908,1.002883099,0.005968728,8,Modelled,,,
China,24.60976358,16.65541233,0.777577862,8,Modelled,,,
China,24.64889142,6.553210426,0.399681926,8,Modelled,,,
China,9.931705573,12.03012299,0.028535245,8,Modelled,,,
China,24.87152805,6.276238301,0.388027333,8,Modelled,,,
China,18.53299749,63.34326208,0.291491316,8,Modelled,,,
China,22.74595824,4.999478801,0.277841756,8,Modelled,,,
China,24.94537608,14.42247384,0.749340047,8,Modelled,,,
China,19.7522522,6.842405407,0.244542071,8,Modelled,,,
China,23.40285035,168.5802532,0.971412282,8,Modelled,,,
China,19.34969155,3.117981028,0.141804006,8,Modelled,,,
China,22.55587602,37.7262954,0.703254114,8,Modelled,,,
China,21.4321295,5.790161438,0.278033665,8,Modelled,,,
China,22.879948,45.75252887,0.772739939,8,Modelled,,,
China,24.91518563,25.87338276,0.98654363,8,Modelled,,,
China,20.23030632,25.57713896,0.404650672,8,Modelled,,,
China,13.91991181,10.75246102,0.082122367,8,Modelled,,,
China,23.50109759,181.1609194,0.998982969,8,Modelled,,,
China,23.67797077,7.103344304,0.402472807,8,Modelled,,,
China,15.45675162,3.117981028,0.0843264,8,Modelled,,,
China,19.63719751,2.986199234,0.140944606,8,Modelled,,,
China,24.29415561,76.59863937,1.135311142,8,Modelled,,,
China,22.13032093,97.554501,0.703741472,8,Modelled,,,
China,7.44792271,1.002883099,0.001270186,8,Modelled,,,
China,23.93213505,12.27502133,0.602168762,8,Modelled,,,
China,23.35374163,77.48583289,0.915196298,8,Modelled,,,
China,23.3827237,8.370100694,0.440796213,8,Modelled,,,
China,16.22571669,1.248170944,0.04888514,8,Modelled,,,
China,24.62827336,30.57534336,1.006915968,8,Modelled,,,
China,18.29095851,12.13447539,0.226727401,8,Modelled,,,
China,23.48157519,48.60396147,0.89853344,8,Modelled,,,
China,18.30380294,17.29057565,0.248328828,8,Modelled,,,
China,23.74936433,110.7289203,1.048954122,8,Modelled,,,
China,24.68070071,11.22697009,0.618013581,8,Modelled,,,
China,17.4042059,4.719744398,0.140846363,8,Modelled,,,
China,19.66412238,51.93125967,0.378151927,8,Modelled,,,
China,24.57576819,9.891196101,0.561250944,8,Modelled,,,
China,21.79820361,4.158193797,0.221728526,8,Modelled,,,
China,22.19442735,10.03460716,0.429178193,8,Modelled,,,
China,18.96377323,12.03012299,0.261529183,8,Modelled,,,
China,19.88603705,99.82741204,0.416661915,8,Modelled,,,
China,24.24412278,34.50519381,0.951159791,8,Modelled,,,
China,19.7856886,3.064584445,0.145803121,8,Modelled,,,
China,20.75659315,37.9441463,0.472873135,8,Modelled,,,
China,24.92290798,36.7613412,1.117806589,8,Modelled,,,
China,22.96129684,20.19883547,0.653042109,8,Modelled,,,
China,17.56177443,87.69720384,0.237980987,8,Modelled,,,
China,23.86152084,70.46313968,1.003953628,8,Modelled,,,
China,21.89147934,4.815824676,0.253271489,8,Modelled,,,
China,22.7850217,17.69342677,0.597982622,8,Modelled,,,
China,24.59367233,9.55531616,0.547503734,8,Modelled,,,
China,22.96256536,174.5060357,0.894118893,8,Modelled,,,
China,21.72112263,22.86071305,0.538086043,8,Modelled,,,
China,24.68434446,21.3959997,0.88873261,8,Modelled,,,
China,24.42830357,95.60819602,1.19668369,8,Modelled,,,
China,24.18213941,117.9690119,1.154111365,8,Modelled,,,
China,18.9781043,14.84372452,0.277466648,8,Modelled,,,
China,24.40976792,36.6556593,1.007971515,8,Modelled,,,
China,22.80050793,6.553210426,0.348167058,8,Modelled,,,
China,24.80686756,45.62099901,1.145579674,8,Modelled,,,
China,18.53248767,2.578415114,0.113085446,8,Modelled,,,
China,22.85305806,22.86071305,0.658099529,8,Modelled,,,
China,23.83881208,21.21200132,0.768025531,8,Modelled,,,
China,23.15430278,14.54757811,0.592135247,8,Modelled,,,
China,24.62456173,46.81851175,1.114096124,8,Modelled,,,
China,13.0255792,1.002883099,0.010006361,8,Modelled,,,
China,20.32122122,3.109017423,0.153544801,8,Modelled,,,
China,16.34481253,1.198863374,0.047340734,8,Modelled,,,
China,21.32649383,7.022012778,0.310381414,8,Modelled,,,
China,22.99997032,32.9518248,0.752267785,8,Modelled,,,
China,21.68812378,22.99272249,0.528539407,8,Modelled,,,
China,23.72880928,99.2542672,1.037681475,8,Modelled,,,
China,23.07937322,71.2792696,0.857511986,8,Modelled,,,
China,9.598297269,1.005774511,0.009566769,8,Modelled,,,
China,15.46518196,9.473143662,0.116532448,8,Modelled,,,
China,21.61027538,115.9487488,0.628901394,8,Modelled,,,
China,21.16540881,5.145503251,0.249265161,9,Modelled,,,
China,14.6613208,13.89266925,0.101971252,9,Modelled,,,
China,23.33036892,5.013892794,0.289415587,9,Modelled,,,
China,24.10741742,21.33449025,0.80931573,9,Modelled,,,
China,23.30340434,16.65541233,0.640909984,9,Modelled,,,
China,24.93592876,18.26271709,0.857620661,9,Modelled,,,
China,22.12586025,228.0812174,0.746016313,9,Modelled,,,
China,16.58216831,20.72903786,0.167770229,9,Modelled,,,
China,21.32646577,13.22910254,0.418854122,9,Modelled,,,
China,21.17164611,8.840699352,0.346819456,9,Modelled,,,
China,19.75085517,3.642422731,0.166990982,9,Modelled,,,
China,23.77658707,10.23888259,0.527943975,9,Modelled,,,
China,21.39270633,7.970312854,0.339122443,9,Modelled,,,
China,20.94738125,31.28771475,0.47763372,9,Modelled,,,
China,22.15301998,56.7791056,0.683746648,9,Modelled,,,
China,22.31956978,43.19255075,0.68755067,9,Modelled,,,
China,23.36053236,17.44055857,0.658071582,9,Modelled,,,
China,16.90099822,3.172307981,0.107012338,9,Modelled,,,
China,22.73559729,8.322044956,0.409894116,9,Modelled,,,
China,22.49098467,90.77985764,0.763517128,9,Modelled,,,
China,23.55789164,178.5718316,1.01239412,9,Modelled,,,
China,24.30940213,31.65010053,0.944235829,9,Modelled,,,
China,24.55295887,13.65475213,0.690894322,9,Modelled,,,
China,15.66718834,3.539054265,0.092508075,9,Modelled,,,
China,20.85666774,24.70860417,0.453843535,9,Modelled,,,
China,24.14394773,9.125151006,0.504631585,9,Modelled,,,
China,24.38248308,7.589620402,0.447673282,9,Modelled,,,
China,23.04364302,184.8488292,0.907891851,9,Modelled,,,
China,24.29063478,57.93496317,1.067123289,9,Modelled,,,
China,21.34006553,17.74443868,0.462014773,9,Modelled,,,
China,22.3835826,94.51350595,0.754044421,9,Modelled,,,
China,24.69721271,9.976994894,0.568597313,9,Modelled,,,
China,19.61032136,5.993692023,0.226187142,9,Modelled,,,
China,11.9750191,2.876502237,0.040879616,9,Modelled,,,
China,24.72543384,164.7419495,1.34659565,9,Modelled,,,
China,24.76688128,365.7133256,1.416650457,9,Modelled,,,
China,17.51650517,4.625581012,0.142226909,9,Modelled,,,
China,15.73649289,2.585848941,0.07988532,9,Modelled,,,
China,20.43994962,5.691002773,0.244303162,9,Modelled,,,
China,15.36562862,3.993929091,0.092064527,9,Modelled,,,
China,24.08317107,22.34021106,0.810635649,9,Modelled,,,
China,23.68356367,56.29082444,0.943479639,9,Modelled,,,
China,23.50256449,65.00596928,0.944851636,9,Modelled,,,
China,24.45305027,133.1315751,1.232923513,9,Modelled,,,
China,24.25926645,50.16780576,1.042657734,9,Modelled,,,
China,17.54325067,3.652924197,0.127599071,9,Modelled,,,
China,15.81221536,3.321852504,0.091787631,9,Modelled,,,
China,24.0956479,19.96756382,0.774251135,9,Modelled,,,
China,23.29516753,121.4146432,0.951137415,9,Modelled,,,
China,24.88049416,6.705892918,0.413054115,9,Modelled,,,
China,23.86815364,234.068157,1.119497897,9,Modelled,,,
China,24.73290617,7.655454731,0.462927904,9,Modelled,,,
China,22.52686335,21.95762665,0.619431734,9,Modelled,,,
China,22.44181559,4.585802575,0.252166835,9,Modelled,,,
China,21.44787866,20.96912918,0.49613079,9,Modelled,,,
China,22.20589252,14.13473178,0.497187977,9,Modelled,,,
China,21.77173734,12.48889836,0.445949089,9,Modelled,,,
China,24.03240161,1881.779106,1.213910577,9,Modelled,,,
China,19.65019948,2.226316457,0.107401568,9,Modelled,,,
China,18.70978945,27.01518227,0.284590381,9,Modelled,,,
China,15.96491185,16.464712,0.141281561,9,Modelled,,,
China,24.48521833,11.32435573,0.613096698,9,Modelled,,,
China,21.41445739,11.89238108,0.407140673,9,Modelled,,,
China,21.21455778,13.0776326,0.413663809,9,Modelled,,,
China,17.62810084,5.908032296,0.161228055,9,Modelled,,,
China,24.36202321,30.39979939,0.952665837,9,Modelled,,,
China,20.96228194,5.756918053,0.263343204,9,Modelled,,,
China,21.24839762,114.2916503,0.58969008,9,Modelled,,,
China,24.88870529,31.83286437,1.047860909,9,Modelled,,,
China,24.48875266,6.330680015,0.383506093,9,Modelled,,,
China,24.90446472,61.7230832,1.254341018,9,Modelled,,,
China,24.24209074,12.03012299,0.613661689,9,Modelled,,,
China,14.69801444,33.62262818,0.108512686,9,Modelled,,,
China,22.31952819,13.65475213,0.499850645,9,Modelled,,,
China,19.87446912,8.039449408,0.270006915,9,Modelled,,,
China,21.90927637,57.93496317,0.649583896,9,Modelled,,,
China,18.21842101,5.85722521,0.177065807,9,Modelled,,,
China,24.54419068,33.04682818,1.008898062,9,Modelled,,,
China,23.24970327,44.96899982,0.839171994,9,Modelled,,,
China,21.85029083,10.78346144,0.422383314,9,Modelled,,,
China,18.75007116,2.207170887,0.100628635,9,Modelled,,,
China,24.95544593,48.88462557,1.18642869,9,Modelled,,,
China,18.01027933,6.961625835,0.184446937,9,Modelled,,,
China,23.70094206,6.38559397,0.368067964,10,Modelled,,,
China,21.43127522,8.789941739,0.358099758,10,Modelled,,,
China,24.2291356,31.28771475,0.933876462,10,Modelled,,,
China,16.11006382,12.70650192,0.141299228,10,Modelled,,,
China,23.72391426,38.94014814,0.89620419,10,Modelled,,,
China,22.14498943,26.55253723,0.60369007,10,Modelled,,,
China,23.96858026,5.311061071,0.3154722,10,Modelled,,,
China,21.79982524,11.85819273,0.431573615,10,Modelled,,,
China,23.69922396,11.82410267,0.567763938,10,Modelled,,,
China,21.06629302,11.32435573,0.379191114,10,Modelled,,,
China,24.65206139,89.22521886,1.255447301,10,Modelled,,,
China,19.53343209,6.822734785,0.235399485,10,Modelled,,,
China,21.03482487,8.491457603,0.332068834,10,Modelled,,,
China,10.08007755,1.062322951,0.018797265,10,Modelled,,,
China,21.70171458,9.41875496,0.386203135,10,Modelled,,,
China,24.95172705,12.85367329,0.696626147,10,Modelled,,,
China,24.95531558,85.20844125,1.299944386,10,Modelled,,,
China,12.19544767,3.508619592,0.045187309,10,Modelled,,,
China,15.73084986,3.569752937,0.093528603,10,Modelled,,,
China,22.54726919,10.72154973,0.462562508,10,Modelled,,,
China,24.52685651,32.29440458,0.986093303,10,Modelled,,,
China,21.83963565,28.28869435,0.570965387,10,Modelled,,,
China,18.71612473,3.246219218,0.137573022,10,Modelled,,,
China,22.90335806,16.41737907,0.591354073,10,Modelled,,,
China,24.18775268,7.879054754,0.454990546,10,Modelled,,,
China,23.75665395,39.73285638,0.9140717,10,Modelled,,,
China,18.6142571,13.57635532,0.251208618,10,Modelled,,,
China,24.60774413,122.1157533,1.279296254,10,Modelled,,,
China,23.80649378,88.45791206,1.046160586,10,Modelled,,,
China,24.89914909,9.177844288,0.545600533,10,Modelled,,,
China,23.21238443,54.69334479,0.857517221,10,Modelled,,,
China,14.90654698,6.080593718,0.095119535,10,Modelled,,,
China,24.37366928,6.941612478,0.413548451,10,Modelled,,,
China,24.56478924,8.039449408,0.474410659,10,Modelled,,,
China,15.10567014,1.03813555,0.037546175,10,Modelled,,,
China,19.01792197,5.891047821,0.204318429,10,Modelled,,,
China,22.97062637,58.43750601,0.823249804,10,Modelled,,,
China,21.22029834,79.74903404,0.573829655,10,Modelled,,,
China,24.66556926,51.33665966,1.150700592,10,Modelled,,,
China,16.49424935,3.478446646,0.105428996,10,Modelled,,,
China,24.36820597,89.22521886,1.158008975,10,Modelled,,,
China,21.99639674,4.692646659,0.249146419,10,Modelled,,,
China,23.05639365,30.57534336,0.734892159,10,Modelled,,,
China,24.93081907,77.04095904,1.29608923,10,Modelled,,,
China,24.66665059,24.35547754,0.927232139,10,Modelled,,,
China,22.6901355,4.788175306,0.266851031,10,Modelled,,,
China,22.13142111,9.337756843,0.405026069,10,Modelled,,,
China,22.36107426,7.633446747,0.371758629,10,Modelled,,,
China,24.91804189,7.103344304,0.436989485,10,Modelled,,,
China,23.22162945,15.36549787,0.613895109,10,Modelled,,,
China,22.22515033,4.417344703,0.240919144,10,Modelled,,,
China,24.8027793,287.9816669,1.377645307,10,Modelled,,,
China,23.39670526,52.53274656,0.892321993,10,Modelled,,,
China,20.4017188,3.350667111,0.164959072,10,Modelled,,,
China,18.34155391,6.496855026,0.190543021,10,Modelled,,,
China,19.1334116,9.891196101,0.257040459,10,Modelled,,,
China,20.64378491,4.57261926,0.21664446,10,Modelled,,,
China,23.01996909,7.227111269,0.383691416,10,Modelled,,,
China,23.91414731,10.20944774,0.536340537,10,Modelled,,,
China,19.00162545,4.585802575,0.178786192,10,Modelled,,,
China,18.89942747,5.071965539,0.185144902,10,Modelled,,,
China,22.36360988,35.71808957,0.670589593,10,Modelled,,,
China,24.36158353,107.5865397,1.186028987,10,Modelled,,,
China,10.86606739,1.03813555,0.021516061,11,Modelled,,,
China,24.91569244,22.59896357,0.941617304,11,Modelled,,,
China,15.29783246,8.442705111,0.110809413,11,Modelled,,,
China,23.17848731,12.06480703,0.536610409,11,Modelled,,,
China,24.88117677,127.872364,1.358667403,11,Modelled,,,
China,22.92026413,15.49878217,0.58265284,11,Modelled,,,
China,23.57532187,162.8556952,1.018973735,11,Modelled,,,
China,24.4773529,15.14589961,0.729262251,11,Modelled,,,
China,24.83824864,9.177844288,0.54042724,11,Modelled,,,
China,15.1817489,1.535665311,0.053031075,11,Modelled,,,
China,19.96066162,50.60297428,0.410489637,11,Modelled,,,
China,20.26538497,5.250250742,0.226717032,11,Modelled,,,
China,18.28278948,2.311218261,0.100897648,11,Modelled,,,
China,18.09920818,8.565114702,0.200044036,11,Modelled,,,
China,8.78084773,1.005774511,0.011904064,11,Modelled,,,
China,20.18040711,53.29441144,0.435424015,11,Modelled,,,
China,21.2816695,3.738033256,0.194395747,11,Modelled,,,
China,22.28970981,405.6505209,0.768771788,11,Modelled,,,
China,22.52200099,18.74209801,0.580238095,11,Modelled,,,
China,23.58021942,19.06865582,0.705577875,11,Modelled,,,
China,21.50396033,39.39116721,0.568601663,11,Modelled,,,
China,23.574582,15.5434667,0.649270108,11,Modelled,,,
China,24.42869436,7.993292057,0.469811047,11,Modelled,,,
China,24.70126457,11.72241937,0.63842319,11,Modelled,,,
China,24.17724698,6.842405407,0.40401287,11,Modelled,,,
China,18.39401797,2.676744394,0.114877237,11,Modelled,,,
China,19.81088152,5.419178838,0.219797948,11,Modelled,,,
China,18.24229394,1.94456384,0.086174956,11,Modelled,,,
China,22.07125203,8.109185671,0.372006223,11,Modelled,,,
China,24.04343765,9.125151006,0.502300556,11,Modelled,,,
China,22.44487029,9.777944366,0.434169444,11,Modelled,,,
China,23.41039546,33.81678241,0.806329948,11,Modelled,,,
China,23.85518446,63.16116218,0.988164065,11,Modelled,,,
China,22.41510002,5.529497568,0.294999509,11,Modelled,,,
China,23.75529455,14.92943976,0.649162735,11,Modelled,,,
China,12.8889107,4.546366219,0.056071936,11,Modelled,,,
China,18.11116247,3.209050815,0.127009699,11,Modelled,,,
China,21.2655392,5.481945754,0.261635728,11,Modelled,,,
China,23.66350614,5.891047821,0.341859449,11,Modelled,,,
China,24.48619848,15.72349682,0.745258617,11,Modelled,,,
China,24.21885611,15.58828005,0.708097456,11,Modelled,,,
China,20.43782302,10.50764463,0.330865141,11,Modelled,,,
China,24.56333688,20.02513229,0.848327151,11,Modelled,,,
China,18.97725576,2.661376248,0.120633272,11,Modelled,,,
China,24.4262792,41.60588733,1.052780703,12,Modelled,,,
China,24.7717724,2033.888224,1.461829598,12,Modelled,,,
China,24.34880607,14.50575657,0.69685174,12,Modelled,,,
China,24.14381572,14.2573401,0.671167062,12,Modelled,,,
China,24.31403518,20.14076763,0.815775024,12,Modelled,,,
China,22.8002171,24.35547754,0.668122257,12,Modelled,,,
China,23.5359284,14.54757811,0.61851013,12,Modelled,,,
China,14.01452771,62.79853138,0.093539851,12,Modelled,,,
China,23.48566372,44.45411596,0.870575153,12,Modelled,,,
China,24.30140839,31.83286437,0.94921356,12,Modelled,,,
China,22.03284739,4.468508009,0.239557162,12,Modelled,,,
China,21.13698003,10.03460716,0.36136919,12,Modelled,,,
China,23.73877092,9.80613515,0.512139255,12,Modelled,,,
China,24.90454972,7.35303472,0.45162494,12,Modelled,,,
China,22.48298183,32.01668359,0.666491029,12,Modelled,,,
China,23.94894157,50.8951817,0.979337062,12,Modelled,,,
China,16.53522919,2.490858674,0.087536523,12,Modelled,,,
China,19.21870523,28.12627885,0.323428019,12,Modelled,,,
China,23.59714375,9.257455283,0.486942841,12,Modelled,,,
China,24.51219205,120.0244757,1.224177713,12,Modelled,,,
China,21.13800722,20.02513229,0.454971097,12,Modelled,,,
China,24.76279242,87.44509096,1.263190862,12,Modelled,,,
China,23.73769758,39.50473586,0.90944805,12,Modelled,,,
China,19.40755759,20.6694458,0.323589712,12,Modelled,,,
China,24.1593275,35.41092605,0.951322513,12,Modelled,,,
China,22.221304,4.366767205,0.237802505,12,Modelled,,,
China,23.938022,50.74886768,0.976433427,12,Modelled,,,
China,18.8049344,6.881916951,0.209861459,13,Modelled,,,
China,23.2033958,45.09864991,0.818751247,13,Modelled,,,
China,23.3322227,8.540491617,0.444800778,13,Modelled,,,
China,24.75798362,28.78158976,0.996373149,13,Modelled,,,
China,17.92363641,2.41321296,0.100913157,13,Modelled,,,
China,20.00121591,3.379731664,0.160723511,13,Modelled,,,
China,22.72196191,23.80094214,0.65395799,13,Modelled,,,
China,17.45925239,7.611502031,0.169181041,13,Modelled,,,
China,22.95574986,26.78286081,0.697392462,13,Modelled,,,
China,24.15034837,44.96899982,0.994888753,13,Modelled,,,
China,24.36569008,10.50764463,0.573580747,13,Modelled,,,
China,18.76458859,4.65229148,0.173618435,13,Modelled,,,
China,18.66432969,5.071965539,0.179029235,13,Modelled,,,
China,23.67753001,29.87919153,0.831333356,13,Modelled,,,
China,24.74763246,3159.547626,1.411016682,13,Modelled,,,
China,23.61481817,27.88440233,0.796345633,13,Modelled,,,
China,24.72358626,12.16946029,0.654710194,13,Modelled,,,
China,24.66382174,14.21635295,0.721550184,14,Modelled,,,
China,24.58993362,22.72946153,0.883668889,14,Modelled,,,
China,20.21968368,3.70588743,0.177236647,14,Modelled,,,
China,21.83581339,8.589808778,0.375801112,14,Modelled,,,
China,23.69819962,11.85819273,0.569140989,14,Modelled,,,
China,16.6728211,5.311061071,0.130991041,14,Modelled,,,
China,24.36245342,34.4059979,0.972195098,15,Modelled,,,
China,20.12503686,10.93980932,0.31855232,15,Modelled,,,
China,24.69357409,6.204376933,0.380030485,16,Modelled,,,
EU,16.2125531,4.242842537,0.165112898,2,Modelled,,,
EU,14.39135477,4.086983183,0.133260482,2,Modelled,,,
EU,13.8384118,7.416816844,0.174936793,2,Modelled,,,
EU,18.02901974,9.777944366,0.384815053,2,Modelled,,,
EU,14.13772516,3.172307981,0.105328279,2,Modelled,,,
EU,16.49072435,5.773515819,0.220307338,2,Modelled,,,
EU,7.913070114,1.669381664,0.025866954,2,Modelled,,,
EU,13.22554592,3.539054265,0.103360359,2,Modelled,,,
EU,15.32910419,7.247947748,0.222217663,2,Modelled,,,
EU,13.82141257,15.81429233,0.222010367,2,Modelled,,,
EU,11.05589191,57.60233784,0.125650376,2,Modelled,,,
EU,17.11757473,22.53399583,0.493736146,2,Modelled,,,
EU,15.48244421,17.74443868,0.329077851,2,Modelled,,,
EU,10.90211522,4.194263045,0.07700422,2,Modelled,,,
EU,19.18729311,34.60467571,0.830874015,2,Modelled,,,
EU,16.45644356,10.93980932,0.327059593,3,Modelled,,,
EU,11.06030676,187.5289263,0.127431622,3,Modelled,,,
EU,14.18750309,3.154094628,0.10514555,3,Modelled,,,
EU,10.87839874,1.505027329,0.03738263,3,Modelled,,,
EU,18.96411977,10.00575956,0.435147002,3,Modelled,,,
EU,10.53522597,3.40904833,0.065033067,3,Modelled,,,
EU,18.36757253,6.294333319,0.281570316,3,Modelled,,,
EU,15.88192039,4.170182282,0.158317862,3,Modelled,,,
EU,18.653963,8.418433931,0.369790338,3,Modelled,,,
EU,17.82364889,12.77987575,0.440014488,3,Modelled,,,
EU,17.45086272,52.38172485,0.631693077,3,Modelled,,,
EU,19.66205202,11.0665182,0.505170752,3,Modelled,,,
EU,8.876553924,1.08707389,0.021211207,3,Modelled,,,
EU,19.60105879,40.89337106,0.955855963,3,Modelled,,,
EU,9.17072309,31.19776848,0.070540806,3,Modelled,,,
EU,19.49291454,27.56513286,0.81684799,3,Modelled,,,
EU,15.52148362,9.610493436,0.263506937,3,Modelled,,,
EU,12.8137562,3.959582648,0.105414453,3,Modelled,,,
EU,18.9703455,9.94831292,0.433186292,3,Modelled,,,
EU,16.02875686,13.00254924,0.328489144,3,Modelled,,,
EU,15.9554521,11.38974835,0.307879829,3,Modelled,,,
EU,15.4760656,3.145027202,0.116739405,3,Modelled,,,
EU,15.60308541,6.045682857,0.206006669,3,Modelled,,,
EU,19.08811891,82.07833862,0.976122753,3,Modelled,,,
EU,15.94782167,32.38751256,0.418402222,3,Modelled,,,
EU,16.07154381,11.79011061,0.319417581,3,Modelled,,,
EU,18.5840429,7.589620402,0.337398705,3,Modelled,,,
EU,19.50275631,23.19216731,0.76203775,3,Modelled,,,
EU,12.85624642,49.30866345,0.202000883,3,Modelled,,,
EU,13.88118727,8.943095573,0.189764244,3,Modelled,,,
EU,18.47280175,12.20454605,0.471022999,3,Modelled,,,
EU,17.9682187,7.062561466,0.300427238,3,Modelled,,,
EU,19.47699068,16.08983676,0.637114164,3,Modelled,,,
EU,9.655186929,6.667391991,0.067029069,3,Modelled,,,
EU,14.16440828,21.76879846,0.254990228,3,Modelled,,,
EU,7.655587223,1.617343251,0.024105548,3,Modelled,,,
EU,19.16211872,198.6435732,1.073725463,3,Modelled,,,
EU,14.38616289,3.264964546,0.110727573,3,Modelled,,,
EU,18.05134065,5.101253658,0.224643339,3,Modelled,,,
EU,19.77922583,8.739475543,0.419727081,3,Modelled,,,
EU,19.3078032,7.589620402,0.357359005,3,Modelled,,,
EU,19.82648434,10.97134988,0.511431919,3,Modelled,,,
EU,16.74800131,43.69282271,0.527617178,3,Modelled,,,
EU,16.8317958,8.815284013,0.308925187,3,Modelled,,,
EU,17.74010597,21.76879846,0.547685853,3,Modelled,,,
EU,19.81724014,19.91016085,0.745438963,3,Modelled,,,
EU,16.42630997,7.901770851,0.274553587,3,Modelled,,,
EU,14.96911547,717.321633,0.379221871,3,Modelled,,,
EU,16.78507831,8.815284013,0.308113063,3,Modelled,,,
EU,15.7860895,10.41728243,0.28752803,3,Modelled,,,
EU,18.89558249,7.042257938,0.323363468,3,Modelled,,,
EU,15.31138943,5.513601309,0.186255444,3,Modelled,,,
EU,11.63161552,78.15796503,0.147725606,3,Modelled,,,
EU,19.67071902,17.54126927,0.681828317,4,Modelled,,,
EU,19.71118135,24.07661337,0.806375565,4,Modelled,,,
EU,18.01067456,13.77319698,0.47140429,4,Modelled,,,
EU,12.78754064,6.240204175,0.132655458,4,Modelled,,,
EU,19.71462835,13.53732587,0.590267591,4,Modelled,,,
EU,16.25253316,5.042845572,0.193005322,4,Modelled,,,
EU,14.99801602,24.70860417,0.317873365,4,Modelled,,,
EU,11.00691195,2.156917124,0.052566841,4,Modelled,,,
EU,14.23245626,9.098917922,0.204009564,4,Modelled,,,
EU,19.74016441,10.6907273,0.496900474,4,Modelled,,,
EU,17.84875087,92.6278717,0.745640541,4,Modelled,,,
EU,17.04987051,41.36701307,0.55714978,4,Modelled,,,
EU,17.33832287,14.05357924,0.430047596,4,Modelled,,,
EU,17.38312993,823.6238843,0.710397813,4,Modelled,,,
EU,13.13057368,3.154094628,0.093545319,4,Modelled,,,
EU,19.80709619,11.89238108,0.5428288,4,Modelled,,,
EU,15.4631562,55.80674233,0.399414597,4,Modelled,,,
EU,11.7340511,16.79988569,0.135056322,4,Modelled,,,
EU,13.914443,3.312302806,0.107032897,4,Modelled,,,
EU,18.68669656,10.53793921,0.439471352,4,Modelled,,,
EU,11.47184792,5.115961079,0.093899524,4,Modelled,,,
EU,15.45723121,4.417344703,0.159424202,4,Modelled,,,
EU,18.2941724,40.54170185,0.72601197,4,Modelled,,,
EU,18.4491655,6.028302662,0.271310253,4,Modelled,,,
EU,15.05314301,5.773515819,0.185343726,4,Modelled,,,
EU,19.9951042,14.80105162,0.646177271,4,Modelled,,,
EU,17.31665862,267.2124655,0.683754091,4,Modelled,,,
EU,15.52340397,8.540491617,0.248117938,4,Modelled,,,
EU,15.88845744,11.48854597,0.306047293,4,Modelled,,,
EU,19.28157461,16.5121814,0.625937602,4,Modelled,,,
EU,16.051145,111.0481628,0.487331517,4,Modelled,,,
EU,15.70024003,39.16500845,0.405459319,4,Modelled,,,
EU,19.18777955,7.082923532,0.331707874,4,Modelled,,,
EU,9.569944971,22.02093266,0.077611794,4,Modelled,,,
EU,18.54068552,6.881916951,0.309178153,4,Modelled,,,
EU,15.60512201,20.9088469,0.348638965,4,Modelled,,,
EU,11.42234747,6.312480507,0.101379504,4,Modelled,,,
EU,13.56667722,53.75670094,0.24528665,4,Modelled,,,
EU,17.81017914,146.400104,0.759062571,4,Modelled,,,
EU,19.15387822,6.422467651,0.301644844,4,Modelled,,,
EU,15.87976448,23.39334216,0.380459262,4,Modelled,,,
EU,19.78176536,9.891196101,0.467214462,4,Modelled,,,
EU,16.22771507,15.76882923,0.364590628,4,Modelled,,,
EU,12.62073103,3.891773324,0.100893153,4,Modelled,,,
EU,16.01127813,533.2510668,0.504979592,4,Modelled,,,
EU,18.19972202,24.28546014,0.6211945,4,Modelled,,,
EU,16.56081624,9.665989334,0.314709269,4,Modelled,,,
EU,18.18802636,7.374234249,0.317614432,4,Modelled,,,
EU,19.94104093,8.614574049,0.419130346,4,Modelled,,,
EU,17.79089241,46.14939814,0.665218304,4,Modelled,,,
EU,9.675391711,3.891773324,0.057546786,4,Modelled,,,
EU,17.503329,5.419178838,0.229641299,4,Modelled,,,
EU,16.17241255,4.016992078,0.15647443,4,Modelled,,,
EU,18.08807518,181.6832243,0.820444854,4,Modelled,,,
EU,19.24601262,274.2265673,1.115417645,4,Modelled,,,
EU,19.11504711,22.86071305,0.711041383,4,Modelled,,,
EU,15.25210665,59.97144126,0.379920934,4,Modelled,,,
EU,15.54915898,24.56674324,0.362519829,4,Modelled,,,
EU,15.26868216,8.917385864,0.245739062,4,Modelled,,,
EU,15.25426027,5.658328693,0.187618585,4,Modelled,,,
EU,16.62899699,5.086588519,0.201809915,4,Modelled,,,
EU,18.51391127,32.5745346,0.714275336,4,Modelled,,,
EU,10.54261435,32.66845022,0.105479659,4,Modelled,,,
EU,18.45593912,88.45791206,0.840360989,4,Modelled,,,
EU,18.42267131,8.815284013,0.373417024,4,Modelled,,,
EU,12.58026974,5.773515819,0.123246051,4,Modelled,,,
EU,14.20653275,14.01317786,0.234466402,4,Modelled,,,
EU,15.48510569,8.22675961,0.243806167,4,Modelled,,,
EU,15.67138023,25.65088039,0.376573976,4,Modelled,,,
EU,19.41672227,81.13856205,1.043660453,4,Modelled,,,
EU,18.9945202,8.614574049,0.388961518,4,Modelled,,,
EU,16.87453227,30.31240572,0.504045641,4,Modelled,,,
EU,18.80391766,13.00254924,0.509038509,4,Modelled,,,
EU,15.86652153,22.79499283,0.377625965,4,Modelled,,,
EU,19.99901627,59.97144126,1.135060894,4,Modelled,,,
EU,17.47965121,18.10566388,0.485688222,4,Modelled,,,
EU,18.56462317,8.22675961,0.360059539,4,Modelled,,,
EU,18.78049325,36.13178958,0.771109801,4,Modelled,,,
EU,18.70607827,66.32930188,0.869219098,4,Modelled,,,
EU,17.264344,15.05894158,0.43491008,4,Modelled,,,
EU,10.54820559,1.475000604,0.03536787,4,Modelled,,,
EU,14.41476593,12.8907317,0.238812702,4,Modelled,,,
EU,17.62859698,71.69087251,0.679131244,4,Modelled,,,
EU,18.75983014,20.72903786,0.641936615,4,Modelled,,,
EU,14.20688474,6.744616169,0.177160277,4,Modelled,,,
EU,19.88781372,791.0875617,1.3434813,4,Modelled,,,
EU,12.73076244,25.06685073,0.185262291,4,Modelled,,,
EU,19.70002077,126.0448574,1.165709843,4,Modelled,,,
EU,14.46203181,3.9824473,0.131524527,4,Modelled,,,
EU,13.6255722,2.331266366,0.074997009,4,Modelled,,,
EU,14.289464,25.94797829,0.271008016,4,Modelled,,,
EU,16.49055817,121.7646936,0.537219519,4,Modelled,,,
EU,18.21598685,22.72946153,0.60138596,4,Modelled,,,
EU,16.57970351,3.858305386,0.154513309,4,Modelled,,,
EU,16.59502147,35.51301926,0.489801818,4,Modelled,,,
EU,18.26212819,85.45410564,0.805228673,4,Modelled,,,
EU,17.67133933,17.44055857,0.499186217,4,Modelled,,,
EU,19.35285221,79.51977065,1.026880472,4,Modelled,,,
EU,18.67102682,37.18712453,0.763925381,4,Modelled,,,
EU,14.9676152,67.48500771,0.359925229,4,Modelled,,,
EU,15.81062388,88.45791206,0.449136744,4,Modelled,,,
EU,18.60989678,15.4542261,0.544635449,4,Modelled,,,
EU,16.38951779,4.379357028,0.172274714,4,Modelled,,,
EU,18.7850845,26.24851728,0.708167801,4,Modelled,,,
EU,19.80131174,30.48744503,0.905142448,4,Modelled,,,
EU,15.84678289,19.01383704,0.362192543,4,Modelled,,,
EU,13.21675573,13.0776326,0.184546203,4,Modelled,,,
EU,12.49997737,6.961625835,0.130405676,4,Modelled,,,
EU,15.77118961,8.394232525,0.257289063,4,Modelled,,,
EU,17.39479804,14.42247384,0.436214153,4,Modelled,,,
EU,16.54051651,44.71081673,0.503141351,4,Modelled,,,
EU,13.05050288,7.947399712,0.15316857,4,Modelled,,,
EU,17.18365671,93.70072166,0.635670621,4,Modelled,,,
EU,13.70650816,8.442705111,0.1786398,4,Modelled,,,
EU,6.81188313,14.01317786,0.032081136,4,Modelled,,,
EU,12.82649858,23.46078749,0.186558188,4,Modelled,,,
EU,17.1154391,21.76879846,0.485374781,4,Modelled,,,
EU,18.11539275,10.20944774,0.400197593,4,Modelled,,,
EU,6.662749557,6.204376933,0.028380877,4,Modelled,,,
EU,18.02585456,5.72386553,0.251228411,5,Modelled,,,
EU,13.53814038,24.92293299,0.227685294,5,Modelled,,,
EU,17.85653616,93.16275234,0.74961682,5,Modelled,,,
EU,17.02756436,10.62934802,0.352221842,5,Modelled,,,
EU,17.95656511,24.14602864,0.58508566,5,Modelled,,,
EU,13.58361977,21.76879846,0.223118612,5,Modelled,,,
EU,7.926929917,3.360327417,0.035931247,5,Modelled,,,
EU,17.95969783,11.38974835,0.42207456,5,Modelled,,,
EU,15.6930894,9.125151006,0.266995255,5,Modelled,,,
EU,16.35461371,4.468508009,0.175215506,5,Modelled,,,
EU,17.55405866,8.062627939,0.31817,5,Modelled,,,
EU,19.47896862,7.993292057,0.379295708,5,Modelled,,,
EU,13.95121745,18.00171279,0.235769113,5,Modelled,,,
EU,8.625933247,31.28771475,0.059361498,5,Modelled,,,
EU,18.17129804,8.739475543,0.363252233,5,Modelled,,,
EU,18.81398163,9.500455676,0.413294536,5,Modelled,,,
EU,12.95954343,20.9088469,0.190566102,5,Modelled,,,
EU,19.77499414,76.81948085,1.124334499,5,Modelled,,,
EU,14.8271838,43.81879345,0.328785383,5,Modelled,,,
EU,16.18090293,9.41875496,0.292612138,5,Modelled,,,
EU,16.75117868,61.36870893,0.546575574,5,Modelled,,,
EU,13.87368272,2.358267947,0.077306375,5,Modelled,,,
EU,19.86784052,63.52588699,1.098766708,5,Modelled,,,
EU,18.11395494,8.467046268,0.350807504,5,Modelled,,,
EU,13.26548744,35.41092605,0.217953589,5,Modelled,,,
EU,19.63562927,13.34385519,0.573640639,5,Modelled,,,
EU,19.04089372,18.36817534,0.636598572,5,Modelled,,,
EU,18.84211734,8.132565258,0.366108049,5,Modelled,,,
EU,16.83355277,5.993692023,0.235926267,5,Modelled,,,
EU,13.90945867,4.063518353,0.125180443,5,Modelled,,,
EU,16.1730227,17.79559766,0.379494919,5,Modelled,,,
EU,9.827831348,10.59879065,0.077257732,5,Modelled,,,
EU,19.7443281,30.57534336,0.889707204,5,Modelled,,,
EU,19.43004326,57.7684111,0.992752733,5,Modelled,,,
EU,18.96985597,6.842405407,0.316709166,5,Modelled,,,
EU,18.44055444,193.5627151,0.901594426,5,Modelled,,,
EU,18.87746659,137.8112974,0.976925247,5,Modelled,,,
EU,17.10641164,5.92506574,0.23984235,5,Modelled,,,
EU,17.01151117,10.50764463,0.35183112,5,Modelled,,,
EU,13.17520073,33.81678241,0.214314547,5,Modelled,,,
EU,18.37009249,27.48588831,0.664363018,5,Modelled,,,
EU,16.60334021,34.70444442,0.488446958,5,Modelled,,,
EU,19.7253912,29.19888997,0.865996714,5,Modelled,,,
EU,13.82545243,13.04003688,0.213250695,5,Modelled,,,
EU,14.30777047,17.24086852,0.253536225,5,Modelled,,,
EU,18.04425367,8.589808778,0.352537552,5,Modelled,,,
EU,14.60325284,260.3777687,0.342820296,5,Modelled,,,
EU,18.44923006,24.35547754,0.644924018,5,Modelled,,,
EU,15.31409307,10.53793921,0.266846376,5,Modelled,,,
EU,17.09969002,5.92506574,0.240046084,5,Modelled,,,
EU,19.24230927,19.28951598,0.671053002,5,Modelled,,,
EU,19.58185722,46.68391738,0.980215014,5,Modelled,,,
EU,19.82920191,12.74313603,0.573156048,5,Modelled,,,
EU,13.90276806,20.43278578,0.238770867,5,Modelled,,,
EU,18.57929721,6.312480507,0.285889453,5,Modelled,,,
EU,15.903366,11.62161052,0.305423199,5,Modelled,,,
EU,14.86946349,5.625842206,0.177450839,5,Modelled,,,
EU,13.15406322,4.559473844,0.120459039,5,Modelled,,,
EU,15.5407514,19.01383704,0.340624992,5,Modelled,,,
EU,19.44510493,10.38733471,0.472384549,5,Modelled,,,
EU,16.44074959,7.289801101,0.259806706,5,Modelled,,,
EU,16.9140136,5.265387736,0.213216298,5,Modelled,,,
EU,18.13308198,7.524352225,0.321257954,5,Modelled,,,
EU,15.39250293,11.92666799,0.282606208,5,Modelled,,,
EU,19.53217248,27.24951894,0.822379683,5,Modelled,,,
EU,15.53036767,35.82106837,0.382922207,5,Modelled,,,
EU,15.88487425,31.74135091,0.411674736,5,Modelled,,,
EU,17.76982406,11.72241937,0.417464991,5,Modelled,,,
EU,19.45549598,80.2095457,1.055507509,5,Modelled,,,
EU,15.62289444,9.721805694,0.270679775,5,Modelled,,,
EU,19.11477764,17.49084144,0.633309698,5,Modelled,,,
EU,19.93514852,14.05357924,0.618488379,5,Modelled,,,
EU,19.48009947,8.274265122,0.391628543,5,Modelled,,,
EU,14.19001115,17.94996127,0.248273423,5,Modelled,,,
EU,19.74249608,14.58952022,0.617240298,5,Modelled,,,
EU,18.76584455,25.35718419,0.696743053,5,Modelled,,,
EU,13.66598994,107.2772487,0.258821433,5,Modelled,,,
EU,17.91931765,98.68441299,0.751570693,5,Modelled,,,
EU,12.68655513,3.869429263,0.101555476,5,Modelled,,,
EU,19.42048115,11.42258612,0.503922049,5,Modelled,,,
EU,19.24408577,8.764672318,0.403600833,5,Modelled,,,
EU,17.19577219,10.26840231,0.357738767,5,Modelled,,,
EU,12.97167879,15.58828005,0.182906644,5,Modelled,,,
EU,18.67999833,8.29812065,0.367094249,5,Modelled,,,
EU,18.45934916,86.94303746,0.846402375,5,Modelled,,,
EU,19.41698003,659.8646509,1.187129611,5,Modelled,,,
EU,9.91018255,2.245628102,0.045562943,5,Modelled,,,
EU,19.76099165,167.6123737,1.208843006,5,Modelled,,,
EU,15.0077317,6.222264768,0.192845976,5,Modelled,,,
EU,12.20935417,4.913860869,0.106420079,5,Modelled,,,
EU,19.96695741,18.10566388,0.728895526,5,Modelled,,,
EU,19.97154711,39.16500845,1.012701223,5,Modelled,,,
EU,15.81415458,15.49878217,0.336612178,5,Modelled,,,
EU,12.06877492,6.240204175,0.114955408,5,Modelled,,,
EU,17.32194025,195.8046295,0.676183044,5,Modelled,,,
EU,15.94663336,86.19535665,0.459373545,5,Modelled,,,
EU,17.87172742,20.19883547,0.543354058,5,Modelled,,,
EU,19.02347523,8.179526844,0.373826252,5,Modelled,,,
EU,16.15383756,10.65999348,0.308575203,5,Modelled,,,
EU,19.6473114,40.6585876,0.949598002,5,Modelled,,,
EU,17.11654508,111.6894116,0.631450629,5,Modelled,,,
EU,10.00308511,4.182205332,0.063903764,5,Modelled,,,
EU,17.28327043,11.25933856,0.380917251,5,Modelled,,,
EU,17.51314265,14.05357924,0.438134869,5,Modelled,,,
EU,14.6117047,20.72903786,0.281772514,5,Modelled,,,
EU,17.93731948,7.993292057,0.330732225,5,Modelled,,,
EU,17.18748797,18.00171279,0.459098144,5,Modelled,,,
EU,16.22523362,13.85273046,0.351170513,5,Modelled,,,
EU,15.47135935,10.97134988,0.278568636,5,Modelled,,,
EU,16.64946931,45.2286738,0.515929032,5,Modelled,,,
EU,13.0605352,7.611502031,0.152238297,5,Modelled,,,
EU,14.90737049,6.648224499,0.198425914,5,Modelled,,,
EU,18.66362265,13.69412014,0.514305324,5,Modelled,,,
EU,9.77707793,13.45960324,0.078908346,5,Modelled,,,
EU,17.11534362,5.874112172,0.237990634,5,Modelled,,,
EU,11.30135936,179.6029966,0.136666415,5,Modelled,,,
EU,15.89332579,17.84690413,0.357426228,5,Modelled,,,
EU,19.76472309,91.5673056,1.152830561,5,Modelled,,,
EU,16.10477675,36.55028121,0.441201339,5,Modelled,,,
EU,16.14845879,11.35700497,0.316366045,5,Modelled,,,
EU,19.58662588,7.35303472,0.353206291,5,Modelled,,,
EU,15.86497336,6.629112111,0.225904991,5,Modelled,,,
EU,11.61621773,5.545439659,0.10020164,5,Modelled,,,
EU,17.26878987,13.73360164,0.419743662,5,Modelled,,,
EU,19.07499157,15.5434667,0.585061742,5,Modelled,,,
EU,19.28202637,9.976994894,0.450014217,5,Modelled,,,
EU,19.80183517,7.481152231,0.363839714,5,Modelled,,,
EU,17.78559158,25.06685073,0.576068981,5,Modelled,,,
EU,13.92819545,27.40687158,0.250696833,5,Modelled,,,
EU,15.28167265,23.80094214,0.336377831,5,Modelled,,,
EU,16.30668492,176.5272286,0.525700467,5,Modelled,,,
EU,12.6827951,2.676744394,0.077676522,5,Modelled,,,
EU,14.71340806,10.29800713,0.235586419,5,Modelled,,,
EU,19.59683426,103.3364561,1.128057666,5,Modelled,,,
EU,16.69654961,18.52750564,0.421473804,5,Modelled,,,
EU,16.39861777,3.959582648,0.157005403,5,Modelled,,,
EU,16.88730836,15.95146959,0.419180496,5,Modelled,,,
EU,16.32428321,28.37025346,0.43718426,5,Modelled,,,
EU,13.90563656,27.24951894,0.249672341,5,Modelled,,,
EU,19.99530937,23.93838094,0.833032621,5,Modelled,,,
EU,19.5393605,18.58092228,0.691232419,5,Modelled,,,
EU,18.45565405,14.71607349,0.523215429,5,Modelled,,,
EU,19.86284118,143.4792829,1.239532345,5,Modelled,,,
EU,17.54998079,24.56674324,0.545481736,5,Modelled,,,
EU,18.95274208,9.445910166,0.416544825,5,Modelled,,,
EU,12.20128139,156.4222666,0.175543119,5,Modelled,,,
EU,16.01115489,5.145503251,0.191756856,5,Modelled,,,
EU,19.57985613,396.4145052,1.227889401,5,Modelled,,,
EU,15.41999274,34.80450078,0.375044119,6,Modelled,,,
EU,18.60887258,17.19130428,0.582118636,6,Modelled,,,
EU,14.48008689,2.786835139,0.096189827,6,Modelled,,,
EU,16.91666059,17.54126927,0.432739699,6,Modelled,,,
EU,17.63893661,98.68441299,0.701680742,6,Modelled,,,
EU,18.34775847,38.82820258,0.724569698,6,Modelled,,,
EU,19.49613951,75.93991689,1.047016653,6,Modelled,,,
EU,19.66118444,134.6735538,1.184633215,6,Modelled,,,
EU,19.21649253,13.65475213,0.554950243,6,Modelled,,,
EU,16.8677457,44.32631878,0.542778986,6,Modelled,,,
EU,18.74850929,6.348931994,0.290553192,6,Modelled,,,
EU,15.76527828,22.27598718,0.370018471,6,Modelled,,,
EU,11.74196228,2.200825688,0.058806979,6,Modelled,,,
EU,12.88377068,8.639410721,0.152800166,6,Modelled,,,
EU,14.26489716,13.81290647,0.237897648,6,Modelled,,,
EU,16.44904095,6.610054667,0.242545691,6,Modelled,,,
EU,17.33247298,117.9690119,0.665514877,6,Modelled,,,
EU,13.1719677,3.836153476,0.108411832,6,Modelled,,,
EU,17.32945486,13.9327232,0.426048486,6,Modelled,,,
EU,11.25715123,1.87313096,0.048150734,6,Modelled,,,
EU,19.37475203,103.9331736,1.067255615,6,Modelled,,,
EU,17.26089215,29.79329451,0.539798788,6,Modelled,,,
EU,18.92053829,26.40008963,0.725914883,6,Modelled,,,
EU,16.69449233,8.639410721,0.300936983,6,Modelled,,,
EU,14.06724435,5.92506574,0.16256563,6,Modelled,,,
EU,12.31675076,2.646096336,0.073584564,6,Modelled,,,
EU,17.06717217,471.1598687,0.657448643,6,Modelled,,,
EU,12.13894013,6.348931994,0.117074778,6,Modelled,,,
EU,19.02659789,10.26840231,0.447917144,6,Modelled,,,
EU,17.42888377,5.823596788,0.242993396,6,Modelled,,,
EU,17.13290412,9.020670296,0.326149659,6,Modelled,,,
EU,17.61968839,12.81672141,0.427324946,6,Modelled,,,
EU,19.61119065,7.76645009,0.372817588,6,Modelled,,,
EU,19.71086378,22.46921485,0.777518843,6,Modelled,,,
EU,19.63268746,17.94996127,0.687931675,6,Modelled,,,
EU,18.55269645,20.43278578,0.62054362,6,Modelled,,,
EU,16.04899395,11.45551857,0.314288729,6,Modelled,,,
EU,17.13454585,14.13473178,0.413520126,6,Modelled,,,
EU,17.76199293,19.56919195,0.526162652,6,Modelled,,,
EU,18.57917997,28.37025346,0.697892464,6,Modelled,,,
EU,11.30128331,1.989870008,0.05117631,6,Modelled,,,
EU,19.77982873,65.38134696,1.081508025,6,Modelled,,,
EU,17.55039083,66.32930188,0.662400336,6,Modelled,,,
EU,16.29569747,17.04346486,0.381501276,6,Modelled,,,
EU,17.3072848,25.35718419,0.524932232,6,Modelled,,,
EU,10.97931206,4.417344703,0.07983728,6,Modelled,,,
EU,16.20985216,4.520263906,0.17492018,6,Modelled,,,
EU,16.68853636,38.94014814,0.502370633,6,Modelled,,,
EU,19.57192056,274.2265673,1.193252786,6,Modelled,,,
EU,15.10278538,36.13178958,0.348042678,6,Modelled,,,
EU,18.90495761,32.5745346,0.768926681,6,Modelled,,,
EU,17.01896687,49.87977447,0.566732707,6,Modelled,,,
EU,17.1939278,25.79900168,0.515359227,6,Modelled,,,
EU,12.75824371,4.468508009,0.112019993,6,Modelled,,,
EU,19.90160386,157.7791138,1.252428771,6,Modelled,,,
EU,13.67420539,7.699661237,0.173016204,6,Modelled,,,
EU,17.97384262,12.23973297,0.438503848,6,Modelled,,,
EU,19.04933306,18.05361352,0.634969136,6,Modelled,,,
EU,18.83201191,39.39116721,0.805861286,6,Modelled,,,
EU,17.13939924,5.419178838,0.222786738,6,Modelled,,,
EU,19.3549209,55.0091721,0.97127306,6,Modelled,,,
EU,9.7537317,19.79584951,0.08104194,6,Modelled,,,
EU,13.71124053,3.246219218,0.102414795,6,Modelled,,,
EU,9.330296763,1.462316096,0.030057926,6,Modelled,,,
EU,18.73691133,118.3091283,0.942963436,6,Modelled,,,
EU,19.6714608,22.27598718,0.770645059,6,Modelled,,,
EU,16.12554404,17.14188253,0.371806015,6,Modelled,,,
EU,13.61902598,4.520263906,0.129009268,6,Modelled,,,
EU,18.92683814,6.080593718,0.28173721,6,Modelled,,,
EU,6.887205066,1.674194657,0.020696718,6,Modelled,,,
EU,19.21642191,20.02513229,0.686424476,6,Modelled,,,
EU,18.55245518,10.47743714,0.429954605,6,Modelled,,,
EU,18.35603639,14.33966927,0.508502845,6,Modelled,,,
EU,12.90096344,5.295792775,0.12585568,6,Modelled,,,
EU,19.18847355,19.56919195,0.669960143,6,Modelled,,,
EU,17.55423755,8.789941739,0.338680104,6,Modelled,,,
EU,18.39266681,5.658328693,0.253908118,6,Modelled,,,
EU,17.62235668,98.11783052,0.698723408,6,Modelled,,,
EU,17.00226298,8.714351203,0.313004275,6,Modelled,,,
EU,16.88927585,13.04003688,0.384290197,6,Modelled,,,
EU,14.72719967,5.976461292,0.181595932,6,Modelled,,,
EU,16.35427317,18.63449293,0.396973986,6,Modelled,,,
EU,18.20579461,8.714351203,0.362930165,6,Modelled,,,
EU,16.58465727,21.3959997,0.43182954,6,Modelled,,,
EU,18.54336768,113.9630834,0.879564739,6,Modelled,,,
EU,15.52574587,54.06711959,0.400838841,6,Modelled,,,
EU,19.88610917,62.43798258,1.104929236,6,Modelled,,,
EU,16.22264017,184.8488292,0.520626052,6,Modelled,,,
EU,18.21904802,5.326373387,0.236844079,6,Modelled,,,
EU,19.97972277,13.45960324,0.603860221,6,Modelled,,,
EU,18.23886072,16.89689681,0.543240464,6,Modelled,,,
EU,19.48115363,129.3534286,1.125616785,6,Modelled,,,
EU,16.62103552,9.891196101,0.31935673,6,Modelled,,,
EU,17.19107897,833.163398,0.679930072,6,Modelled,,,
EU,16.47180293,23.19216731,0.436897705,6,Modelled,,,
EU,19.03851034,25.50360952,0.726406816,6,Modelled,,,
EU,11.13255891,3.738033256,0.076359921,6,Modelled,,,
EU,19.82087156,16.04358152,0.666403334,6,Modelled,,,
EU,18.69455523,7.438200263,0.334796689,6,Modelled,,,
EU,14.49495501,29.62224056,0.293714254,6,Modelled,,,
EU,14.82809485,26.09781517,0.309535906,6,Modelled,,,
EU,11.49503534,8.714351203,0.113367866,6,Modelled,,,
EU,13.34260796,4.985106245,0.130864023,6,Modelled,,,
EU,16.83820421,10.97134988,0.348475455,6,Modelled,,,
EU,15.97120998,6.063113161,0.215271832,6,Modelled,,,
EU,19.8593313,21.02958526,0.777532379,6,Modelled,,,
EU,15.69473746,32.48088897,0.393901802,6,Modelled,,,
EU,18.70114543,137.0200735,0.939699403,6,Modelled,,,
EU,15.30516217,167.6123737,0.406497158,6,Modelled,,,
EU,19.84740396,26.02278889,0.845363295,6,Modelled,,,
EU,12.7646029,7.655454731,0.14384308,6,Modelled,,,
EU,11.14667007,3.642422731,0.075645463,6,Modelled,,,
EU,18.44053447,10.6907273,0.428517939,6,Modelled,,,
EU,8.544098374,1.679021526,0.029430144,6,Modelled,,,
EU,18.01453751,27.40687158,0.616542379,6,Modelled,,,
EU,18.91980964,63.34326208,0.901744112,6,Modelled,,,
EU,14.65325151,19.06865582,0.281208066,6,Modelled,,,
EU,19.1018924,338.3625939,1.095755517,6,Modelled,,,
EU,14.66447065,19.51293423,0.283083097,6,Modelled,,,
EU,12.57701437,8.968879405,0.145259126,6,Modelled,,,
EU,18.40784505,26.55253723,0.666379757,6,Modelled,,,
EU,16.28932267,4.075233879,0.159985573,6,Modelled,,,
EU,16.83031921,15.4542261,0.405810561,6,Modelled,,,
EU,14.24736083,3.012102298,0.101600905,6,Modelled,,,
EU,18.65296494,46.01672735,0.796506819,6,Modelled,,,
EU,18.94364076,51.93125967,0.868862174,6,Modelled,,,
EU,16.2955786,10.26840231,0.309179498,6,Modelled,,,
EU,19.1612516,398.7036051,1.113362852,6,Modelled,,,
EU,17.87284458,132.748847,0.774093022,6,Modelled,,,
EU,8.964819643,3.727287117,0.047925294,6,Modelled,,,
EU,10.57465001,3.478446646,0.066060129,6,Modelled,,,
EU,13.45949742,6.168755389,0.149900544,6,Modelled,,,
EU,11.60305285,10.65999348,0.121361394,6,Modelled,,,
EU,12.97109502,6.028302662,0.135678849,6,Modelled,,,
EU,12.85312326,4.182205332,0.10941615,6,Modelled,,,
EU,18.98257374,44.19888899,0.844084037,6,Modelled,,,
EU,18.14770542,15.4542261,0.509733183,6,Modelled,,,
EU,17.01770767,20.84873791,0.47356396,6,Modelled,,,
EU,17.09807836,16.65541233,0.438580499,6,Modelled,,,
EU,19.48160958,9.337756843,0.434397664,6,Modelled,,,
EU,19.69923124,44.19888899,0.98833881,6,Modelled,,,
EU,19.14036635,48.88462557,0.90911409,6,Modelled,,,
EU,19.99986634,15.10235801,0.653086487,6,Modelled,,,
EU,19.13542472,31.83286437,0.811170856,6,Modelled,,,
EU,18.99206902,45.35907255,0.86658493,6,Modelled,,,
EU,18.8700791,9.638201443,0.420695612,6,Modelled,,,
EU,10.69803578,2.935059463,0.061681166,6,Modelled,,,
EU,17.03375244,7.879054754,0.296118284,6,Modelled,,,
EU,13.85087534,12.81672141,0.212652644,6,Modelled,,,
EU,16.17901673,9.777944366,0.297210496,6,Modelled,,,
EU,16.6321904,8.467046268,0.294153506,6,Modelled,,,
EU,14.8703528,4.928028018,0.162083829,6,Modelled,,,
EU,19.98785548,32.48088897,0.946520241,6,Modelled,,,
EU,12.44724439,8.540491617,0.138553432,6,Modelled,,,
EU,19.30934039,14.88652045,0.593231376,6,Modelled,,,
EU,17.93468179,8.764672318,0.354983582,6,Modelled,,,
EU,15.00329805,29.11494869,0.329168561,6,Modelled,,,
EU,16.79971344,5.609668974,0.222344583,6,Modelled,,,
EU,19.69222756,19.68219446,0.722829701,6,Modelled,,,
EU,15.63928163,3.948199596,0.147518422,6,Modelled,,,
EU,19.34596383,14.17548362,0.578080522,6,Modelled,,,
EU,18.99036609,13.73360164,0.540510692,6,Modelled,,,
EU,17.58516461,12.03012299,0.410990529,6,Modelled,,,
EU,19.19077356,66.32930188,0.976768346,6,Modelled,,,
EU,19.4506227,34.80450078,0.885258842,6,Modelled,,,
EU,10.87426302,3.674018048,0.071918567,6,Modelled,,,
EU,19.6743467,31.19776848,0.891525448,6,Modelled,,,
EU,19.83357712,9.098917922,0.43677808,6,Modelled,,,
EU,19.13349497,6.822734785,0.319308321,6,Modelled,,,
EU,14.22542323,9.337756843,0.206643831,6,Modelled,,,
EU,18.96216686,8.203109232,0.371970887,6,Modelled,,,
EU,19.37668882,46.95349417,0.948118672,6,Modelled,,,
EU,14.89631128,8.085873296,0.217652185,6,Modelled,,,
EU,11.4866674,4.692646659,0.091175906,6,Modelled,,,
EU,19.32767651,9.721805694,0.4416491,6,Modelled,,,
EU,16.16032667,279.8090232,0.509473059,6,Modelled,,,
EU,11.65784257,7.395494898,0.112277377,6,Modelled,,,
EU,12.5259032,20.49169553,0.170368738,6,Modelled,,,
EU,10.47140348,1.933399404,0.044760489,6,Modelled,,,
EU,15.7554268,10.00575956,0.279413709,6,Modelled,,,
EU,18.53642528,11.92666799,0.46691891,6,Modelled,,,
EU,19.62983089,208.0077517,1.187331012,6,Modelled,,,
EU,16.33348936,41.36701307,0.472086523,6,Modelled,,,
EU,14.62878725,4.146239776,0.138659162,7,Modelled,,,
EU,16.20221132,14.2573401,0.350152317,7,Modelled,,,
EU,15.80807561,289.6446202,0.471248475,7,Modelled,,,
EU,19.63034266,31.65010053,0.886677418,7,Modelled,,,
EU,19.04192165,64.2616671,0.930655118,7,Modelled,,,
EU,19.99146648,212.8541003,1.304206543,7,Modelled,,,
EU,10.00022155,4.692646659,0.066100821,7,Modelled,,,
EU,18.29621856,122.1157533,0.85148317,7,Modelled,,,
EU,18.20128648,105.1369657,0.818117618,7,Modelled,,,
EU,18.60711965,14.42247384,0.528557136,7,Modelled,,,
EU,14.54198918,2.754926569,0.095313637,7,Modelled,,,
EU,18.63533835,106.0489509,0.897854186,7,Modelled,,,
EU,19.81990299,15.81429233,0.656468641,7,Modelled,,,
EU,14.07449657,6.961625835,0.17668645,7,Modelled,,,
EU,18.09288971,106.0489509,0.793687469,7,Modelled,,,
EU,15.24419027,10.84573065,0.263479802,7,Modelled,,,
EU,11.86583529,15.81429233,0.13934407,7,Modelled,,,
EU,16.79200265,28.78158976,0.48956488,7,Modelled,,,
EU,19.38849096,247.9411363,1.136356198,7,Modelled,,,
EU,17.27270801,11.62161052,0.383240522,7,Modelled,,,
EU,17.12322086,14.46405527,0.416820032,7,Modelled,,,
EU,10.42414832,1.878531382,0.043355592,7,Modelled,,,
EU,15.03703918,203.2717468,0.382265576,7,Modelled,,,
EU,8.474050707,5.130710903,0.046354678,7,Modelled,,,
EU,18.73110218,15.72349682,0.563258342,7,Modelled,,,
EU,18.02436548,21.95762665,0.581628523,7,Modelled,,,
EU,16.63560274,18.36817534,0.417656209,7,Modelled,,,
EU,13.18143914,6.842405407,0.148512557,7,Modelled,,,
EU,18.87449043,493.3706307,1.036187427,7,Modelled,,,
EU,12.3059499,3.695233704,0.092818246,7,Modelled,,,
EU,7.584923923,6.803120713,0.038187965,7,Modelled,,,
EU,16.05557585,14.63158326,0.348542223,7,Modelled,,,
EU,13.65920575,200.3666589,0.266252637,7,Modelled,,,
EU,15.5022864,65.00596928,0.408292315,7,Modelled,,,
EU,19.23637425,279.8090232,1.108505641,7,Modelled,,,
EU,11.02675846,11.16251204,0.106290625,7,Modelled,,,
EU,16.36142219,11.25933856,0.327453284,7,Modelled,,,
EU,18.42579907,11.99553867,0.462286784,7,Modelled,,,
EU,18.93761756,675.238761,1.061168532,7,Modelled,,,
EU,17.70047836,21.70621728,0.545699465,7,Modelled,,,
EU,14.57843272,2.747006676,0.095308647,7,Modelled,,,
EU,19.46666924,8.994737574,0.420418889,7,Modelled,,,
EU,15.18018834,32.20156428,0.34628451,7,Modelled,,,
EU,9.421839986,7.567801678,0.065522087,7,Modelled,,,
EU,17.75875023,95.88384394,0.724344125,7,Modelled,,,
EU,14.00545381,44.07182555,0.271424301,7,Modelled,,,
EU,18.51227376,8.322044956,0.360698779,7,Modelled,,,
EU,19.85314317,27.96479583,0.876904691,7,Modelled,,,
EU,18.91865786,7.185617841,0.330549962,7,Modelled,,,
EU,15.19752468,126.4082572,0.389894332,7,Modelled,,,
EU,18.38794511,74.4248434,0.822802635,7,Modelled,,,
EU,15.52587049,15.58828005,0.318499733,7,Modelled,,,
EU,18.81347877,75.93991689,0.897974267,7,Modelled,,,
EU,6.325167518,4.612283342,0.024274993,7,Modelled,,,
EU,18.67941174,6.822734785,0.309928991,7,Modelled,,,
EU,18.95664519,35.61540682,0.806672993,7,Modelled,,,
EU,14.93655175,19.73894018,0.29828555,7,Modelled,,,
EU,14.70230669,2.868232838,0.100624718,7,Modelled,,,
EU,12.38579612,5.086588519,0.112037452,7,Modelled,,,
EU,17.45324397,38.05354305,0.594312434,7,Modelled,,,
EU,15.00682468,6.478177796,0.197694864,7,Modelled,,,
EU,16.13555355,9.337756843,0.286609291,7,Modelled,,,
EU,19.04385785,6.803120713,0.316301202,7,Modelled,,,
EU,16.82799528,21.33449025,0.45221737,7,Modelled,,,
EU,19.96303933,8.840699352,0.429681445,7,Modelled,,,
EU,17.56659972,42.69800679,0.622594374,7,Modelled,,,
EU,19.37211013,69.0573331,1.007178202,7,Modelled,,,
EU,17.54658472,5.220107177,0.222369126,7,Modelled,,,
EU,17.32888257,32.48088897,0.564522796,7,Modelled,,,
EU,18.49784632,7.022012778,0.314005059,7,Modelled,,,
EU,16.19445562,5.175216015,0.195777177,7,Modelled,,,
EU,16.13687733,14.50575657,0.351264118,7,Modelled,,,
EU,18.2708294,9.473143662,0.387412503,7,Modelled,,,
EU,11.50840296,2.66904926,0.066445324,7,Modelled,,,
EU,17.32343974,5.101253658,0.213948244,7,Modelled,,,
EU,19.93773881,36.55028121,0.984408202,7,Modelled,,,
EU,14.13977931,114.2916503,0.29397677,7,Modelled,,,
EU,16.59072016,23.32609073,0.446066924,7,Modelled,,,
EU,19.99299858,22.0844212,0.805847132,7,Modelled,,,
EU,18.30982304,8.917385864,0.373724613,7,Modelled,,,
EU,12.83621588,4.843633707,0.118911404,7,Modelled,,,
EU,16.13125846,8.016337512,0.264569964,7,Modelled,,,
EU,19.12568094,8.840699352,0.401841978,7,Modelled,,,
EU,18.22737982,10.84573065,0.423561811,7,Modelled,,,
EU,13.67396074,124.2434689,0.26046951,7,Modelled,,,
EU,15.81387501,102.7431646,0.456320703,7,Modelled,,,
EU,14.6588453,6.803120713,0.193189074,7,Modelled,,,
EU,15.7936311,18.90467181,0.354858489,7,Modelled,,,
EU,19.21723076,9.046677784,0.414215574,7,Modelled,,,
EU,14.63380396,9.473143662,0.22492562,7,Modelled,,,
EU,17.09416805,8.016337512,0.299768928,7,Modelled,,,
EU,19.39680156,19.28951598,0.694431264,7,Modelled,,,
EU,19.40725606,11.52166859,0.507941582,7,Modelled,,,
EU,17.83334746,5.101253658,0.221486502,7,Modelled,,,
EU,18.92519637,38.49429313,0.820294809,7,Modelled,,,
EU,13.98545013,233.3952553,0.290978305,7,Modelled,,,
EU,13.91486254,21.58159413,0.243462977,7,Modelled,,,
EU,6.028170628,5.57746186,0.022733336,7,Modelled,,,
EU,18.73973021,162.8556952,0.950539313,7,Modelled,,,
EU,19.94533347,64.2616671,1.13466418,7,Modelled,,,
EU,14.65580222,32.9518248,0.304853234,7,Modelled,,,
EU,19.40567521,77.48583289,1.048404217,7,Modelled,,,
EU,17.3025114,8.322044956,0.316490944,7,Modelled,,,
EU,18.45384849,19.01383704,0.586032248,7,Modelled,,,
EU,17.10399398,16.37018221,0.437361659,7,Modelled,,,
EU,17.82859647,78.15796503,0.727969369,7,Modelled,,,
EU,17.79746204,5.658328693,0.24360893,7,Modelled,,,
EU,15.10509231,18.21021523,0.303083388,7,Modelled,,,
EU,17.78170228,13.11533671,0.445203039,7,Modelled,,,
EU,17.51403231,8.739475543,0.336405745,7,Modelled,,,
EU,15.3796294,20.19883547,0.333779055,7,Modelled,,,
EU,14.50612779,8.109185671,0.203655349,7,Modelled,,,
EU,19.71881894,57.60233784,1.050227725,7,Modelled,,,
EU,17.56586443,81.60709756,0.691176788,7,Modelled,,,
EU,15.25688987,43.31707916,0.365621109,7,Modelled,,,
EU,17.2252281,9.310912558,0.338425961,7,Modelled,,,
EU,16.12535734,48.74409152,0.458471373,7,Modelled,,,
EU,18.85033676,6.862132741,0.3154365,7,Modelled,,,
EU,9.22835715,9.125151006,0.064222058,7,Modelled,,,
EU,18.33202874,5.357130588,0.239583556,7,Modelled,,,
EU,19.43680202,10.38733471,0.472108286,7,Modelled,,,
EU,15.23921193,18.10566388,0.315799809,7,Modelled,,,
EU,15.07097728,3.590366513,0.128560053,7,Modelled,,,
EU,18.33631498,25.79900168,0.647389013,7,Modelled,,,
EU,19.07823282,23.80094214,0.715353657,7,Modelled,,,
EU,15.66684746,14.38101196,0.317090505,7,Modelled,,,
EU,7.678225363,1.598825073,0.024083684,7,Modelled,,,
EU,17.17237633,32.29440458,0.542126306,7,Modelled,,,
EU,11.66388169,3.227581513,0.077112338,7,Modelled,,,
EU,19.18848162,96.43752623,1.004442183,7,Modelled,,,
EU,12.22825408,4.546366219,0.103093015,7,Modelled,,,
EU,19.00670661,52.23113729,0.891808147,7,Modelled,,,
EU,16.54145328,30.66349511,0.468356844,7,Modelled,,,
EU,15.64601449,45.88443796,0.405270995,7,Modelled,,,
EU,18.02911729,70.46313968,0.744328443,7,Modelled,,,
EU,15.86104589,4.494311456,0.168376499,7,Modelled,,,
EU,18.74645062,9.072760254,0.396351393,8,Modelled,,,
EU,18.0710175,57.27162224,0.743828218,8,Modelled,,,
EU,19.91494211,72.31273767,1.160526764,8,Modelled,,,
EU,11.0831911,2.476557764,0.058915801,8,Modelled,,,
EU,14.7300356,21.76879846,0.294214928,8,Modelled,,,
EU,19.44418334,12.38149804,0.533310923,8,Modelled,,,
EU,18.99403417,50.16780576,0.876730045,8,Modelled,,,
EU,15.81434001,64.44693987,0.43448956,8,Modelled,,,
EU,18.28923802,26.62909083,0.644469685,8,Modelled,,,
EU,19.86711742,13.38232685,0.592136716,8,Modelled,,,
EU,17.35158576,23.32609073,0.518766117,8,Modelled,,,
EU,19.99518536,43.81879345,1.041004495,8,Modelled,,,
EU,19.0879889,28.53407779,0.770057287,8,Modelled,,,
EU,13.98260406,6.553210426,0.169043564,8,Modelled,,,
EU,17.15360796,24.21564404,0.502316728,8,Modelled,,,
EU,19.81556512,193.0062589,1.239600107,8,Modelled,,,
EU,19.6653339,30.92947819,0.883924999,8,Modelled,,,
EU,18.41819853,50.4575003,0.771282899,8,Modelled,,,
EU,18.88600539,8.22675961,0.370973651,8,Modelled,,,
EU,18.56952918,22.99272249,0.653907502,8,Modelled,,,
EU,18.85084353,18.47424257,0.618699631,8,Modelled,,,
EU,7.248033268,9.919713402,0.0359872,8,Modelled,,,
EU,16.60583238,36.23596112,0.489485456,8,Modelled,,,
EU,15.72887128,24.85128427,0.377582182,8,Modelled,,,
EU,16.86051789,6.028302662,0.237840966,8,Modelled,,,
EU,19.62604223,8.491457603,0.405135959,8,Modelled,,,
EU,18.15798428,139.0067082,0.824467143,8,Modelled,,,
EU,16.17054254,28.61634437,0.427038667,8,Modelled,,,
EU,17.43047336,38.82820258,0.59436584,8,Modelled,,,
EU,19.25709911,12.74313603,0.534359985,8,Modelled,,,
EU,19.34385876,15.4542261,0.609472352,8,Modelled,,,
EU,18.2791967,10.6907273,0.421969729,8,Modelled,,,
EU,16.14840958,7.042257938,0.245178763,8,Modelled,,,
EU,19.30287337,39.39116721,0.887484095,8,Modelled,,,
EU,19.90955099,37.2943387,0.984545639,8,Modelled,,,
EU,17.60392598,14.29844543,0.452444425,8,Modelled,,,
EU,18.78064421,24.56674324,0.687049437,8,Modelled,,,
EU,15.95813423,4.455661893,0.16924377,8,Modelled,,,
EU,10.97804235,2.811008867,0.063265826,8,Modelled,,,
EU,19.79797529,38.71657884,0.96102891,8,Modelled,,,
EU,18.97530746,70.87002985,0.9362807,8,Modelled,,,
EU,18.55402437,183.787546,0.912687385,8,Modelled,,,
EU,16.69804411,5.028348345,0.200971646,8,Modelled,,,
EU,8.997552708,1.188553553,0.023670397,8,Modelled,,,
EU,19.77348682,11.03470406,0.509552483,8,Modelled,,,
EU,17.57994449,65.75889225,0.670601338,8,Modelled,,,
EU,12.4588217,41.01127071,0.179493847,8,Modelled,,,
EU,18.61938988,24.14602864,0.663151022,8,Modelled,,,
EU,17.48959656,10.35747309,0.373229693,8,Modelled,,,
EU,18.5507432,18.47424257,0.587649669,8,Modelled,,,
EU,16.70850574,12.03012299,0.35766425,8,Modelled,,,
EU,18.25764348,7.12382395,0.311046497,8,Modelled,,,
EU,18.47647874,14.0940971,0.514460804,8,Modelled,,,
EU,19.49494843,37.83506406,0.904736887,8,Modelled,,,
EU,15.39716661,55.48633588,0.391786753,8,Modelled,,,
EU,15.83542322,13.81290647,0.323423712,8,Modelled,,,
EU,16.17008342,9.072760254,0.284966458,8,Modelled,,,
EU,11.81048239,10.53793921,0.127010219,8,Modelled,,,
EU,19.7908753,57.43674202,1.069645304,8,Modelled,,,
EU,12.12681804,10.06353793,0.135195263,8,Modelled,,,
EU,18.19381306,15.32132497,0.512258642,8,Modelled,,,
EU,18.47025914,53.44806452,0.796850555,8,Modelled,,,
EU,19.57930205,20.9088469,0.733419543,8,Modelled,,,
EU,19.9601799,37.2943387,0.983584961,8,Modelled,,,
EU,17.20486433,12.63354936,0.396038361,8,Modelled,,,
EU,15.5489381,19.06865582,0.341213611,8,Modelled,,,
EU,17.55942423,142.2454094,0.706772681,8,Modelled,,,
EU,19.15730189,20.19883547,0.68107236,8,Modelled,,,
EU,19.80736555,48.88462557,1.043099833,8,Modelled,,,
EU,17.66881968,15.49878217,0.470577688,8,Modelled,,,
EU,13.49163168,3.847213487,0.113884035,8,Modelled,,,
EU,15.78857092,64.2616671,0.434516846,8,Modelled,,,
EU,14.81913783,4.970775007,0.161793998,8,Modelled,,,
EU,18.60720418,178.5718316,0.928256859,8,Modelled,,,
EU,19.34082993,157.7791138,1.094769866,8,Modelled,,,
EU,18.24192491,10.87699997,0.424171536,8,Modelled,,,
EU,15.95034206,4.546366219,0.17205148,8,Modelled,,,
EU,17.27097506,18.26271709,0.473877052,8,Modelled,,,
EU,18.72359403,69.85718044,0.871882947,8,Modelled,,,
EU,19.47060247,13.0776326,0.558547676,8,Modelled,,,
EU,18.69070715,7.416816844,0.333715934,8,Modelled,,,
EU,18.99782542,45.35907255,0.866700412,8,Modelled,,,
EU,17.86387883,10.09255211,0.383884347,8,Modelled,,,
EU,18.64744037,25.06685073,0.676489153,8,Modelled,,,
EU,13.7331635,14.88652045,0.216336765,8,Modelled,,,
EU,15.90124823,6.151021383,0.216489723,8,Modelled,,,
EU,17.77921913,17.94996127,0.515100166,8,Modelled,,,
EU,17.9041577,75.28685921,0.730894436,8,Modelled,,,
EU,14.00324472,4.885648638,0.143573971,8,Modelled,,,
EU,19.0307774,66.52053584,0.941468896,8,Modelled,,,
EU,19.88988529,94.78599777,1.183962517,8,Modelled,,,
EU,17.91371353,12.48889836,0.441961036,8,Modelled,,,
EU,18.33365291,72.73030836,0.807037571,8,Modelled,,,
EU,17.80562582,15.81429233,0.48935127,8,Modelled,,,
EU,12.38085716,18.26271709,0.161272508,8,Modelled,,,
EU,19.31981979,126.4082572,1.086898225,8,Modelled,,,
EU,15.54787631,12.59723029,0.298953406,8,Modelled,,,
EU,19.68345003,62.43798258,1.062363703,8,Modelled,,,
EU,17.31922124,70.46313968,0.639470335,8,Modelled,,,
EU,19.17054158,106.0489509,1.024687754,8,Modelled,,,
EU,19.87331698,25.21159953,0.84635529,8,Modelled,,,
EU,17.59914453,10.38733471,0.379555786,8,Modelled,,,
EU,19.96789987,44.07182555,1.04696319,8,Modelled,,,
EU,16.18337642,12.81672141,0.338168912,9,Modelled,,,
EU,19.03994566,10.50764463,0.455227899,9,Modelled,,,
EU,17.49290594,9.610493436,0.356638805,9,Modelled,,,
EU,16.54016904,14.67376756,0.377982747,9,Modelled,,,
EU,19.44607194,6.862132741,0.327329466,9,Modelled,,,
EU,19.38498827,9.337756843,0.431284896,9,Modelled,,,
EU,19.59002111,17.09260286,0.662314286,9,Modelled,,,
EU,16.94987419,48.74409152,0.556745436,9,Modelled,,,
EU,17.50502967,53.44806452,0.642394977,9,Modelled,,,
EU,12.95636097,2.101748011,0.063788294,9,Modelled,,,
EU,13.55625899,18.63449293,0.21502194,9,Modelled,,,
EU,19.84136516,115.2830456,1.203419793,9,Modelled,,,
EU,18.82511054,14.01317786,0.5367645,9,Modelled,,,
EU,17.64030604,18.10566388,0.502103096,9,Modelled,,,
EU,19.82851206,37.61783944,0.97428992,9,Modelled,,,
EU,6.532027263,4.815824676,0.02610165,9,Modelled,,,
EU,11.57959645,53.14120009,0.144329616,9,Modelled,,,
EU,12.32701852,8.815284013,0.136150634,9,Modelled,,,
EU,19.91446425,16.464712,0.677937139,9,Modelled,,,
EU,19.71483923,32.38751256,0.907380411,9,Modelled,,,
EU,14.61227764,74.21088605,0.324955177,9,Modelled,,,
EU,13.00338287,13.53732587,0.179015811,9,Modelled,,,
EU,16.66143979,7.062561466,0.262351178,9,Modelled,,,
EU,17.78323167,8.156012251,0.32984575,9,Modelled,,,
EU,16.81426062,4.051836506,0.164923274,9,Modelled,,,
EU,14.63183423,9.257455283,0.222584226,9,Modelled,,,
EU,16.382252,218.4413409,0.543828692,9,Modelled,,,
EU,18.1201094,35.92434407,0.674254339,9,Modelled,,,
EU,18.69102343,12.45299514,0.490589646,9,Modelled,,,
EU,15.20257107,3.321852504,0.120756386,9,Modelled,,,
EU,15.42457986,33.04682818,0.37018822,9,Modelled,,,
EU,15.76601226,4.942236012,0.18050829,9,Modelled,,,
EU,17.34961181,8.565114702,0.324529998,9,Modelled,,,
EU,11.1826045,43.19255075,0.127747566,9,Modelled,,,
EU,14.36998993,13.11533671,0.23949008,9,Modelled,,,
EU,19.85524222,27.32808201,0.872154489,9,Modelled,,,
EU,17.32858269,62.43798258,0.634610219,9,Modelled,,,
EU,18.63866874,12.77987575,0.496786348,9,Modelled,,,
EU,13.87194601,187.5289263,0.277682963,9,Modelled,,,
EU,19.16443282,40.89337106,0.867077192,9,Modelled,,,
EU,14.6870856,6.803120713,0.193431083,9,Modelled,,,
EU,19.72674181,18.95917585,0.719020454,9,Modelled,,,
EU,7.480075218,1.978445453,0.025929953,9,Modelled,,,
EU,18.65011154,7.655454731,0.341068904,9,Modelled,,,
EU,18.8935818,37.7262954,0.80379646,9,Modelled,,,
EU,19.58369549,8.418433931,0.400826126,9,Modelled,,,
EU,16.73234675,4.206355521,0.170137147,9,Modelled,,,
EU,16.82757617,4.455661893,0.181137363,9,Modelled,,,
EU,11.73201421,8.664319,0.119193927,9,Modelled,,,
EU,17.06249764,8.274265122,0.306042896,9,Modelled,,,
EU,19.8322935,21.95762665,0.786326577,9,Modelled,,,
EU,18.23788955,13.34385519,0.476985167,9,Modelled,,,
EU,17.0973565,5.028348345,0.207198644,9,Modelled,,,
EU,18.98142245,23.25903263,0.699154253,9,Modelled,,,
EU,14.32019319,5.481945754,0.16157171,9,Modelled,,,
EU,19.29247456,23.25903263,0.737971012,9,Modelled,,,
EU,16.08478452,33.91427955,0.434889691,9,Modelled,,,
EU,19.75644713,136.2333923,1.188450096,9,Modelled,,,
EU,18.26179571,24.85128427,0.635125439,9,Modelled,,,
EU,19.47444686,18.58092228,0.688574561,9,Modelled,,,
EU,17.51219922,4.80198009,0.204569138,9,Modelled,,,
EU,18.24243402,5.326373387,0.237104555,9,Modelled,,,
EU,9.056286973,2.952007995,0.044603487,9,Modelled,,,
EU,15.66397502,4.146239776,0.154176645,9,Modelled,,,
EU,16.8546204,598.3347632,0.616813553,9,Modelled,,,
EU,19.79700671,23.52842727,0.802613861,9,Modelled,,,
EU,17.10048522,118.3091283,0.623990961,9,Modelled,,,
EU,13.16665268,222.2474103,0.231842074,9,Modelled,,,
EU,19.25134023,152.4213351,1.067274696,9,Modelled,,,
EU,18.53971742,36.6556593,0.739630331,9,Modelled,,,
EU,14.42102551,36.13178958,0.293620858,9,Modelled,,,
EU,18.80506563,11.09842407,0.461097983,9,Modelled,,,
EU,10.35858569,124.6016751,0.104018162,9,Modelled,,,
EU,15.05404583,22.40462011,0.31427545,9,Modelled,,,
EU,19.88549247,11.22697009,0.521851691,9,Modelled,,,
EU,17.36871776,9.310912558,0.343665628,9,Modelled,,,
EU,15.75301612,5.450471945,0.194840188,9,Modelled,,,
EU,19.32766071,6.629112111,0.314065656,9,Modelled,,,
EU,18.37853964,33.62262818,0.709384847,9,Modelled,,,
EU,19.7612031,8.589808778,0.413998637,9,Modelled,,,
EU,17.89076829,6.981696894,0.296217443,9,Modelled,,,
EU,18.33940233,17.19130428,0.553810985,9,Modelled,,,
EU,12.97973862,12.06480703,0.171843288,9,Modelled,,,
EU,19.73303689,8.891750066,0.425119483,10,Modelled,,,
EU,18.9731004,23.86956262,0.704715497,10,Modelled,,,
EU,15.55355388,32.85709453,0.379273036,10,Modelled,,,
EU,17.16944014,5.265387736,0.217346304,10,Modelled,,,
EU,18.39696403,23.86956262,0.632526746,10,Modelled,,,
EU,17.01975079,15.76882923,0.427748701,10,Modelled,,,
EU,16.16186877,18.1578643,0.380816721,10,Modelled,,,
EU,18.0178973,5.823596788,0.254988844,10,Modelled,,,
EU,14.72036159,13.69412014,0.260626745,10,Modelled,,,
EU,18.03280227,9.500455676,0.377960057,10,Modelled,,,
EU,19.21231608,7.677526167,0.35929219,10,Modelled,,,
EU,12.31982382,174.5060357,0.182392112,10,Modelled,,,
EU,16.92364999,27.40687158,0.501276706,10,Modelled,,,
EU,19.19852635,18.90467181,0.667643987,10,Modelled,,,
EU,17.063161,18.00171279,0.451609053,10,Modelled,,,
EU,19.00729999,24.42569679,0.721403474,10,Modelled,,,
EU,18.12725474,5.403599724,0.238950694,10,Modelled,,,
EU,16.25612643,15.01564998,0.363709708,10,Modelled,,,
EU,16.47949841,740.4016311,0.564325687,10,Modelled,,,
EU,19.54618324,68.46346331,1.038718457,10,Modelled,,,
EU,19.92434448,142.2454094,1.255990385,10,Modelled,,,
EU,16.44133655,11.22697009,0.33157997,10,Modelled,,,
EU,11.65861371,1.905767944,0.051149547,10,Modelled,,,
EU,19.01711611,30.84056179,0.785950593,10,Modelled,,,
EU,18.22388586,89.48246402,0.805616601,10,Modelled,,,
EU,19.53878817,548.8262291,1.214894663,10,Modelled,,,
EU,14.68087529,24.99478828,0.298981631,10,Modelled,,,
EU,19.56943745,24.70860417,0.799385175,10,Modelled,,,
EU,15.66312339,198.0725105,0.4479007,10,Modelled,,,
EU,15.45463452,6.010972432,0.200402683,10,Modelled,,,
EU,19.75016273,70.05858563,1.105737442,10,Modelled,,,
EU,19.96319652,11.58820059,0.54063826,10,Modelled,,,
EU,13.10985841,59.45570709,0.220892886,10,Modelled,,,
EU,13.29863275,10.53793921,0.178749647,10,Modelled,,,
EU,19.16456302,72.31273767,0.96801427,10,Modelled,,,
EU,15.00819527,5.145503251,0.170710938,10,Modelled,,,
EU,16.94845033,11.42258612,0.364460141,10,Modelled,,,
EU,19.11279123,11.62161052,0.493275144,10,Modelled,,,
EU,13.74321193,68.85880632,0.262100374,10,Modelled,,,
EU,19.01424776,109.4611017,0.992085118,10,Modelled,,,
EU,19.83669475,40.30893746,0.980204753,10,Modelled,,,
EU,18.90548556,49.0255648,0.859632413,10,Modelled,,,
EU,15.4077596,21.33449025,0.339962097,10,Modelled,,,
EU,10.64818902,9.610493436,0.0937863,10,Modelled,,,
EU,13.88249183,36.44520606,0.259564594,10,Modelled,,,
EU,19.58963872,9.230841849,0.434444755,10,Modelled,,,
EU,11.7146441,5.642062068,0.10314434,10,Modelled,,,
EU,15.08809513,7.633446747,0.218329794,10,Modelled,,,
EU,18.95584183,36.6556593,0.813246305,10,Modelled,,,
EU,16.63280006,4.679156187,0.187257798,10,Modelled,,,
EU,16.78941647,53.60216059,0.543446274,10,Modelled,,,
EU,10.79694861,66.32930188,0.116498735,10,Modelled,,,
EU,17.95395843,15.23335977,0.49297284,10,Modelled,,,
EU,19.39495008,13.11533671,0.553111014,10,Modelled,,,
EU,15.68971752,19.01383704,0.35132378,10,Modelled,,,
EU,18.94285491,61.90103698,0.901057721,10,Modelled,,,
EU,19.61121926,16.41737907,0.653956447,10,Modelled,,,
EU,17.5593252,56.7791056,0.649941871,10,Modelled,,,
EU,14.92063702,17.04346486,0.289728228,10,Modelled,,,
EU,14.85531746,2.884795479,0.102421308,10,Modelled,,,
EU,9.358619387,3.40904833,0.050638156,10,Modelled,,,
EU,15.71937017,3.508619592,0.132692767,10,Modelled,,,
EU,18.4577128,12.20454605,0.470625324,10,Modelled,,,
EU,7.153081977,2.188189961,0.025113566,11,Modelled,,,
EU,14.68866128,3.293285692,0.11478431,11,Modelled,,,
EU,18.51239479,13.69412014,0.505518672,11,Modelled,,,
EU,14.3452304,16.37018221,0.25245737,11,Modelled,,,
EU,15.93203066,6.186540523,0.217675474,11,Modelled,,,
EU,19.53526669,89.48246402,1.086663759,11,Modelled,,,
EU,18.43951919,110.7289203,0.863265313,11,Modelled,,,
EU,15.62249417,41.01127071,0.401953268,11,Modelled,,,
EU,19.55121034,22.0844212,0.750291584,11,Modelled,,,
EU,19.98092338,97.554501,1.211793445,11,Modelled,,,
EU,15.1218099,18.74209801,0.306467345,11,Modelled,,,
EU,18.09870344,16.89689681,0.525092784,11,Modelled,,,
EU,19.43360865,30.05172925,0.842606645,11,Modelled,,,
EU,19.16696528,22.72946153,0.719297967,11,Modelled,,,
EU,9.045299048,3.936849269,0.049870312,11,Modelled,,,
EU,19.92827437,25.87338276,0.855594069,11,Modelled,,,
EU,19.25274368,14.33966927,0.576150104,11,Modelled,,,
EU,18.31907099,28.04542111,0.665684585,11,Modelled,,,
EU,16.76149624,31.19776848,0.491130416,11,Modelled,,,
EU,13.92195361,4.843633707,0.140765144,11,Modelled,,,
EU,19.91851887,77.48583289,1.154401807,11,Modelled,,,
EU,18.80943028,199.2162823,0.983412523,11,Modelled,,,
EU,19.09022235,24.6375716,0.72786835,11,Modelled,,,
EU,12.79750638,7.459645333,0.143536292,11,Modelled,,,
EU,19.21074356,40.30893746,0.872021285,11,Modelled,,,
EU,19.80086003,54.53611177,1.063566383,11,Modelled,,,
EU,18.98685909,15.27727905,0.573554771,11,Modelled,,,
EU,18.62037674,23.52842727,0.657614273,11,Modelled,,,
EU,15.8265023,3.716571871,0.141674198,11,Modelled,,,
EU,11.92689957,118.9923057,0.163504476,11,Modelled,,,
EU,14.85604147,5.740368002,0.179795001,11,Modelled,,,
EU,17.93599049,5.840386796,0.253700372,11,Modelled,,,
EU,18.12937186,27.72430801,0.634906507,11,Modelled,,,
EU,18.78940464,39.96229419,0.801597295,11,Modelled,,,
EU,16.17224515,8.346038237,0.273446719,11,Modelled,,,
EU,18.5819779,57.27162224,0.830052583,11,Modelled,,,
EU,18.90094121,17.49084144,0.61223199,11,Modelled,,,
EU,19.8012958,73.99754378,1.136378071,11,Modelled,,,
EU,19.4004265,25.50360952,0.782368711,11,Modelled,,,
EU,14.11523005,66.52053584,0.284316402,11,Modelled,,,
EU,14.92771442,24.28546014,0.313401566,11,Modelled,,,
EU,18.78423548,32.38751256,0.750506203,11,Modelled,,,
EU,15.0292827,5.790161438,0.184391772,11,Modelled,,,
EU,19.02360347,44.07182555,0.859233204,11,Modelled,,,
EU,17.70876168,18.63449293,0.517297306,12,Modelled,,,
EU,18.93667906,9.284145445,0.412075716,12,Modelled,,,
EU,15.07649829,18.1578643,0.302376797,12,Modelled,,,
EU,18.98139514,46.81851175,0.855941877,12,Modelled,,,
EU,16.3752625,33.23765745,0.463392498,12,Modelled,,,
EU,14.67570291,6.686614743,0.191984338,12,Modelled,,,
EU,16.97030608,5.071965539,0.207087982,12,Modelled,,,
EU,19.79152801,12.38149804,0.55564456,12,Modelled,,,
EU,19.56139218,145.5595687,1.160884081,12,Modelled,,,
EU,15.71148734,322.2011096,0.455445979,12,Modelled,,,
EU,19.37110454,49.45082522,0.95482134,12,Modelled,,,
EU,18.94647348,22.14809278,0.687267428,12,Modelled,,,
EU,6.165522904,1.329783516,0.015307448,12,Modelled,,,
EU,15.4731558,13.19107137,0.299687401,12,Modelled,,,
EU,18.78767918,16.94561224,0.591804728,12,Modelled,,,
EU,19.93009698,13.65475213,0.60625474,12,Modelled,,,
EU,18.54265889,22.34021106,0.635599031,12,Modelled,,,
EU,18.74092027,68.46346331,0.874201272,12,Modelled,,,
EU,17.96785004,175.0091539,0.803160685,12,Modelled,,,
EU,17.04782153,52.53274656,0.570154552,12,Modelled,,,
EU,16.17068657,60.66605248,0.478636351,12,Modelled,,,
EU,18.37033138,26.47620371,0.652722974,12,Modelled,,,
EU,15.98425674,21.45768649,0.380254636,12,Modelled,,,
EU,17.76925597,484.9214754,0.774489999,12,Modelled,,,
EU,17.76182484,5.101253658,0.220220593,12,Modelled,,,
EU,18.87809263,41.72584124,0.817186702,12,Modelled,,,
EU,19.76112584,86.19535665,1.141896984,12,Modelled,,,
EU,19.78547125,143.8929479,1.218643091,13,Modelled,,,
EU,17.39154898,6.553210426,0.2676056,13,Modelled,,,
EU,8.769598969,4.379357028,0.048349626,13,Modelled,,,
EU,19.8120248,18.68821802,0.719152415,13,Modelled,,,
EU,18.09216223,5.280568372,0.232883087,13,Modelled,,,
EU,17.15512052,13.45960324,0.404732295,13,Modelled,,,
EU,19.2038991,27.96479583,0.78395323,13,Modelled,,,
EU,18.55449052,9.125151006,0.389343453,13,Modelled,,,
EU,19.39129056,22.79499283,0.747604939,13,Modelled,,,
EU,19.35419251,19.91016085,0.694761175,13,Modelled,,,
EU,8.68008104,5.72386553,0.050255495,13,Modelled,,,
EU,19.35431881,36.6556593,0.877986342,13,Modelled,,,
EU,19.77837145,49.87977447,1.042259603,13,Modelled,,,
EU,17.44146381,45.35907255,0.610866241,13,Modelled,,,
EU,19.27599725,328.7601878,1.127416033,13,Modelled,,,
EU,14.98298101,13.9327232,0.276924022,13,Modelled,,,
EU,18.37713339,48.88462557,0.765412931,13,Modelled,,,
EU,17.97869999,9.151459722,0.365892067,14,Modelled,,,
EU,16.09783103,34.11011792,0.436745698,14,Modelled,,,
EU,19.02594879,31.19776848,0.780651768,14,Modelled,,,
EU,15.16466141,6.45955426,0.202122887,14,Modelled,,,
EU,19.00692413,155.5241905,1.005137926,14,Modelled,,,
EU,19.5823473,74.63941761,1.076697162,14,Modelled,,,
EU,18.09050853,5.790161438,0.254767618,15,Modelled,,,
EU,17.83525158,22.79499283,0.562339126,15,Modelled,,,
EU,18.31385756,506.3211937,0.897949148,16,Modelled,,,
UK,10.21406214,3.135985844,0.07210097,2,Modelled,,,
UK,17.10618896,9.862760783,0.407573697,2,Modelled,,,
UK,13.34857105,12.92789696,0.300329107,2,Modelled,,,
UK,10.53195545,8.866187966,0.145932108,2,Modelled,,,
UK,8.514536079,7.35303472,0.086044827,2,Modelled,,,
UK,9.846904313,2.94352153,0.064914734,2,Modelled,,,
UK,11.83728737,7.12382395,0.169214971,2,Modelled,,,
UK,18.91038307,12.06480703,0.558055713,2,Modelled,,,
UK,19.02779676,16.27619514,0.744560479,2,Modelled,,,
UK,14.95535502,11.00298137,0.354349794,2,Modelled,,,
UK,11.78121562,17.59184249,0.241798621,2,Modelled,,,
UK,13.30981477,31.37792033,0.397237215,2,Modelled,,,
UK,14.6514335,5.419178838,0.189026866,2,Modelled,,,
UK,9.206534602,15.99745926,0.124775921,2,Modelled,,,
UK,16.0938373,7.524352225,0.291908301,2,Modelled,,,
UK,16.67420688,18.31537031,0.619115037,3,Modelled,,,
UK,12.63558107,4.182205332,0.123603756,3,Modelled,,,
UK,15.60533623,17.39042027,0.511883712,3,Modelled,,,
UK,11.99949304,3.498532974,0.097183729,3,Modelled,,,
UK,17.58776723,14.54757811,0.594135881,3,Modelled,,,
UK,15.70401188,38.49429313,0.698900012,3,Modelled,,,
UK,12.75553142,31.65010053,0.348303761,3,Modelled,,,
UK,17.73208432,20.61002505,0.77297247,3,Modelled,,,
UK,16.71444576,47.22462763,0.917829449,3,Modelled,,,
UK,16.06100911,12.48889836,0.446222794,3,Modelled,,,
UK,15.22516653,12.03012299,0.390093463,3,Modelled,,,
UK,14.9795144,9.919713402,0.330550305,3,Modelled,,,
UK,15.50813061,7.103344304,0.264224409,3,Modelled,,,
UK,14.8450272,22.99272249,0.505336654,3,Modelled,,,
UK,14.9166845,16.22940416,0.441854653,3,Modelled,,,
UK,16.998881,19.96756382,0.683137809,3,Modelled,,,
UK,11.81122268,4.230645167,0.114556003,3,Modelled,,,
UK,17.42882848,9.55531616,0.40429878,3,Modelled,,,
UK,16.06313509,10.32769731,0.386143798,3,Modelled,,,
UK,15.9781726,9.610493436,0.361876103,3,Modelled,,,
UK,16.52814221,183.2591916,1.08744432,3,Modelled,,,
UK,19.73810657,43.31707916,1.548730496,3,Modelled,,,
UK,7.411087691,3.880585212,0.050579304,3,Modelled,,,
UK,15.41909959,11.38974835,0.38696163,3,Modelled,,,
UK,19.81932521,16.27619514,0.789224908,3,Modelled,,,
UK,19.98656666,26.78286081,1.203784241,3,Modelled,,,
UK,19.23625741,124.9609141,1.92554416,3,Modelled,,,
UK,14.7137243,31.55911247,0.538541554,3,Modelled,,,
UK,17.22172167,12.34590358,0.501160275,3,Modelled,,,
UK,18.76911342,29.45216869,1.098150328,3,Modelled,,,
UK,13.51617959,4.80198009,0.153126274,3,Modelled,,,
UK,14.94751741,10.81455123,0.350573205,3,Modelled,,,
UK,14.81964204,13.6154973,0.397249756,3,Modelled,,,
UK,11.05081904,35.51301926,0.229473485,3,Modelled,,,
UK,6.887976867,2.455260203,0.034177243,3,Modelled,,,
UK,14.90543634,21.21200132,0.493066003,3,Modelled,,,
UK,13.03774412,68.2666438,0.409858436,3,Modelled,,,
UK,15.06667265,75.5039187,0.687643828,3,Modelled,,,
UK,12.72097373,18.68821802,0.302249776,3,Modelled,,,
UK,15.21236396,12.48889836,0.398515148,3,Modelled,,,
UK,5.428654388,2.448201794,0.024146357,3,Modelled,,,
UK,10.77186104,3.064584445,0.07517238,3,Modelled,,,
UK,13.98333884,27.24951894,0.444077844,3,Modelled,,,
UK,15.77942994,22.40462011,0.594997209,3,Modelled,,,
UK,14.65723119,208.6074587,0.678094166,3,Modelled,,,
UK,16.07643828,20.43278578,0.597268085,3,Modelled,,,
UK,11.62063829,9.41875496,0.187084522,3,Modelled,,,
UK,16.52539597,10.90835944,0.423503431,3,Modelled,,,
UK,17.72073471,65.56984787,1.220477853,3,Modelled,,,
UK,14.43531424,29.11494869,0.499699197,3,Modelled,,,
UK,10.32190292,9.41875496,0.143619685,3,Modelled,,,
UK,17.17999987,10.26840231,0.425773142,3,Modelled,,,
UK,12.68369926,4.316768806,0.127813458,3,Modelled,,,
UK,19.76438666,29.70764442,1.257829974,4,Modelled,,,
UK,4.889023066,3.448533178,0.023969885,4,Modelled,,,
UK,9.563224214,3.091167443,0.065197089,4,Modelled,,,
UK,6.515592096,5.593542236,0.045989823,4,Modelled,,,
UK,15.12205891,16.04358152,0.454331573,4,Modelled,,,
UK,15.29408206,71.07435518,0.729056905,4,Modelled,,,
UK,13.36868531,25.28428708,0.382761148,4,Modelled,,,
UK,17.25990189,10.44731649,0.434502279,4,Modelled,,,
UK,15.76025092,13.89266925,0.458548737,4,Modelled,,,
UK,16.36381643,45.2286738,0.838219419,4,Modelled,,,
UK,15.60749901,15.32132497,0.475712046,4,Modelled,,,
UK,19.40093383,15.76882923,0.744973594,4,Modelled,,,
UK,18.92582536,20.02513229,0.870043722,4,Modelled,,,
UK,19.4153155,57.60233784,1.643866685,4,Modelled,,,
UK,18.10551631,13.15314953,0.573188141,4,Modelled,,,
UK,19.59123724,69.45610541,1.80131379,4,Modelled,,,
UK,16.44080183,7.901770851,0.313500497,4,Modelled,,,
UK,17.53619261,74.21088605,1.204183054,4,Modelled,,,
UK,18.68201565,38.605276,1.231395617,4,Modelled,,,
UK,12.60171467,6.168755389,0.171837929,4,Modelled,,,
UK,19.63421689,42.08778197,1.500133991,4,Modelled,,,
UK,17.9044678,28.69884813,0.953013554,4,Modelled,,,
UK,17.58252,15.14589961,0.611177892,4,Modelled,,,
UK,18.62547886,65.00596928,1.479179189,4,Modelled,,,
UK,17.86871847,16.5121814,0.671707956,4,Modelled,,,
UK,18.62893707,113.6354611,1.681933561,4,Modelled,,,
UK,15.17044056,9.638201443,0.33259442,4,Modelled,,,
UK,19.42395699,37.2943387,1.363619583,4,Modelled,,,
UK,13.98931324,12.23973297,0.324892004,4,Modelled,,,
UK,12.2655773,7.082923532,0.179509285,4,Modelled,,,
UK,16.29552896,25.79900168,0.691500388,4,Modelled,,,
UK,18.68849774,322.2011096,1.891461383,4,Modelled,,,
UK,13.35352305,146.8221901,0.475395567,4,Modelled,,,
UK,19.06482557,16.04358152,0.737441308,4,Modelled,,,
UK,14.68952243,83.74921504,0.637468654,4,Modelled,,,
UK,17.14865733,11.0665182,0.453789892,4,Modelled,,,
UK,18.12621476,12.13447539,0.532633464,4,Modelled,,,
UK,12.03335141,80.67271658,0.319504183,4,Modelled,,,
UK,19.88055172,97.554501,2.079046093,4,Modelled,,,
UK,10.69626825,6.496855026,0.130495199,4,Modelled,,,
UK,18.11463557,16.99446812,0.704404953,4,Modelled,,,
UK,17.77802706,25.65088039,0.882081741,4,Modelled,,,
UK,18.7040996,11.75621627,0.53729535,4,Modelled,,,
UK,19.11951254,15.10235801,0.702776978,4,Modelled,,,
UK,18.28778218,67.29100107,1.394925682,4,Modelled,,,
UK,18.41040758,14.80105162,0.651876991,4,Modelled,,,
UK,18.58031883,11.68871963,0.530827206,4,Modelled,,,
UK,19.80482288,31.92464168,1.326567527,4,Modelled,,,
UK,8.265191443,3.370015575,0.055871327,4,Modelled,,,
UK,16.34652207,23.46078749,0.664968343,4,Modelled,,,
UK,19.65723674,93.70072166,2.006897371,4,Modelled,,,
UK,19.06058674,17.54126927,0.79570891,4,Modelled,,,
UK,19.5695077,138.6070902,2.101108587,4,Modelled,,,
UK,6.902014822,10.78346144,0.059676706,4,Modelled,,,
UK,17.26302035,25.50360952,0.810976732,4,Modelled,,,
UK,16.16310218,12.06480703,0.438646039,4,Modelled,,,
UK,11.33042051,4.585802575,0.115425432,4,Modelled,,,
UK,16.58017377,15.10235801,0.541257019,4,Modelled,,,
UK,19.87316567,48.60396147,1.660545578,4,Modelled,,,
UK,13.10024911,8.322044956,0.227123256,4,Modelled,,,
UK,13.74117024,66.71232115,0.49147643,4,Modelled,,,
UK,9.959161286,21.45768649,0.160117916,4,Modelled,,,
UK,18.34497033,22.46921485,0.881483136,4,Modelled,,,
UK,8.872328497,28.12627885,0.121929563,4,Modelled,,,
UK,12.29927729,55.6463085,0.3373621,4,Modelled,,,
UK,15.16485926,40.30893746,0.636571596,4,Modelled,,,
UK,17.56333808,11.25933856,0.477240783,4,Modelled,,,
UK,18.6609045,105.7440802,1.670982992,4,Modelled,,,
UK,15.76000671,83.26838087,0.823652469,4,Modelled,,,
UK,16.29163514,18.85032445,0.594490503,4,Modelled,,,
UK,18.0253923,11.89238108,0.519738791,4,Modelled,,,
UK,17.82729079,92.89492705,1.336566992,4,Modelled,,,
UK,18.49695506,261.8813229,1.787810019,4,Modelled,,,
UK,10.49351058,6.572103982,0.126983912,4,Modelled,,,
UK,18.41782179,33.33348491,1.107418049,4,Modelled,,,
UK,17.2210206,51.04191756,1.03865375,4,Modelled,,,
UK,13.33758387,29.03124871,0.390435099,4,Modelled,,,
UK,19.9897146,20.02513229,0.962591241,4,Modelled,,,
UK,17.52946344,18.74209801,0.702298496,4,Modelled,,,
UK,19.15017874,170.0425619,1.965150006,4,Modelled,,,
UK,17.61272227,70.05858563,1.20612077,4,Modelled,,,
UK,19.62788833,165.6932537,2.21320759,4,Modelled,,,
UK,18.64603849,50.74886768,1.368964372,4,Modelled,,,
UK,18.69237468,44.19888899,1.301520712,4,Modelled,,,
UK,17.3693181,73.99754378,1.15992504,4,Modelled,,,
UK,18.00914758,26.55253723,0.918517725,4,Modelled,,,
UK,18.68313612,28.04542111,1.056309941,4,Modelled,,,
UK,14.69087958,12.70650192,0.371355376,4,Modelled,,,
UK,16.67606538,23.86956262,0.709277441,4,Modelled,,,
UK,16.09260218,136.6261667,0.953339807,4,Modelled,,,
UK,19.3123896,18.26271709,0.83978009,4,Modelled,,,
UK,17.5045985,120.0244757,1.31674622,4,Modelled,,,
UK,13.63420999,7.227111269,0.22128116,4,Modelled,,,
UK,19.05261161,21.02958526,0.912517364,4,Modelled,,,
UK,9.697023813,6.168755389,0.104720758,4,Modelled,,,
UK,19.02093533,14.97248282,0.69036334,4,Modelled,,,
UK,19.64840695,33.42958866,1.332145394,4,Modelled,,,
UK,18.19449632,15.58828005,0.66590975,4,Modelled,,,
UK,17.51310526,25.72483442,0.845209067,4,Modelled,,,
UK,18.74754562,50.16780576,1.377688776,4,Modelled,,,
UK,17.70628483,9.610493436,0.413464056,4,Modelled,,,
UK,15.88717331,22.21194793,0.599118037,4,Modelled,,,
UK,18.52010745,258.1386077,1.80331838,4,Modelled,,,
UK,19.49656116,44.45411596,1.509468091,4,Modelled,,,
UK,13.42894331,4.913860869,0.155206405,4,Modelled,,,
UK,14.95366753,7.993292057,0.278519641,4,Modelled,,,
UK,18.61198784,61.54564101,1.456167155,4,Modelled,,,
UK,8.163685476,10.72154973,0.086601502,4,Modelled,,,
UK,12.31907472,4.612283342,0.131147968,4,Modelled,,,
UK,18.09582183,71.69087251,1.346123729,4,Modelled,,,
UK,16.53431773,7.811297539,0.311788361,4,Modelled,,,
UK,11.91908361,24.28546014,0.268398731,4,Modelled,,,
UK,18.76268102,24.21564404,0.975356441,4,Modelled,,,
UK,12.80410118,9.020670296,0.226503766,4,Modelled,,,
UK,16.66613973,9.284145445,0.372706613,4,Modelled,,,
UK,17.7210683,10.90835944,0.468500547,4,Modelled,,,
UK,17.1302968,41.72584124,0.963665774,4,Modelled,,,
UK,14.86271756,139.8094039,0.696201698,4,Modelled,,,
UK,18.64741976,73.36118985,1.539081686,4,Modelled,,,
UK,19.64091789,235.4197861,2.306280695,5,Modelled,,,
UK,19.98730812,72.73030836,1.960416636,5,Modelled,,,
UK,18.61644486,97.27405026,1.612628813,5,Modelled,,,
UK,10.19802486,14.46405527,0.156930091,5,Modelled,,,
UK,18.81903391,28.37025346,1.072130966,5,Modelled,,,
UK,18.48865603,40.30893746,1.223357493,5,Modelled,,,
UK,18.9689596,45.88443796,1.399911316,5,Modelled,,,
UK,19.56580648,24.07661337,1.061021621,5,Modelled,,,
UK,14.03555775,12.70650192,0.33493157,5,Modelled,,,
UK,19.35567208,18.58092228,0.855543995,5,Modelled,,,
UK,19.61189969,25.94797829,1.124541596,5,Modelled,,,
UK,10.04717489,9.046677784,0.132230962,5,Modelled,,,
UK,17.74611045,671.3619741,1.550994946,5,Modelled,,,
UK,19.67028094,33.52596948,1.336960535,5,Modelled,,,
UK,16.67566534,51.48466835,0.930436817,5,Modelled,,,
UK,15.61940327,62.25848519,0.77348374,5,Modelled,,,
UK,15.04674754,39.16500845,0.610509203,5,Modelled,,,
UK,19.01364251,298.1045413,2.029257588,5,Modelled,,,
UK,17.0102828,20.43278578,0.691438866,5,Modelled,,,
UK,13.63746444,5.497750747,0.176276699,5,Modelled,,,
UK,12.37633046,7.374234249,0.188575442,5,Modelled,,,
UK,16.86987566,13.77319698,0.527843532,5,Modelled,,,
UK,18.77507307,22.02093266,0.912159834,5,Modelled,,,
UK,17.53959971,23.86956262,0.813825163,5,Modelled,,,
UK,8.614492783,4.291984694,0.06965011,5,Modelled,,,
UK,19.76610036,23.80094214,1.076822666,5,Modelled,,,
UK,17.74473044,11.65511677,0.499609465,5,Modelled,,,
UK,17.33090295,30.39979939,0.878138309,5,Modelled,,,
UK,17.11356446,13.65475213,0.537605227,5,Modelled,,,
UK,19.47512031,83.74921504,1.880286128,5,Modelled,,,
UK,14.33278762,284.6843485,0.6350952,5,Modelled,,,
UK,18.92055553,28.69884813,1.101695411,5,Modelled,,,
UK,16.44811145,36.44520606,0.802176036,5,Modelled,,,
UK,7.379073393,2.585848941,0.039208932,5,Modelled,,,
UK,17.25942647,21.45768649,0.733821341,5,Modelled,,,
UK,17.81795915,16.84832142,0.677995678,5,Modelled,,,
UK,16.87479845,8.418433931,0.343655244,5,Modelled,,,
UK,17.8526876,49.0255648,1.167754535,5,Modelled,,,
UK,16.744606,19.06865582,0.639396986,5,Modelled,,,
UK,19.92539624,497.6502551,2.594177014,5,Modelled,,,
UK,18.55153285,48.74409152,1.313814917,5,Modelled,,,
UK,16.20838894,17.44055857,0.560888037,5,Modelled,,,
UK,19.45827819,38.16325519,1.396171163,5,Modelled,,,
UK,19.72943721,114.6211645,2.089085599,5,Modelled,,,
UK,17.98352925,36.34043299,1.061308183,5,Modelled,,,
UK,19.53057134,24.07661337,1.060193457,5,Modelled,,,
UK,17.84700665,233.3952553,1.507542433,5,Modelled,,,
UK,16.42820802,34.11011792,0.788866548,5,Modelled,,,
UK,16.80491912,23.05901279,0.714914624,5,Modelled,,,
UK,18.17629808,51.18907648,1.262019842,5,Modelled,,,
UK,15.17761077,42.45286227,0.647449651,5,Modelled,,,
UK,7.987404711,5.545439659,0.067886426,5,Modelled,,,
UK,16.25250237,47.08886575,0.828751008,5,Modelled,,,
UK,18.95171359,382.9532737,2.0120883,5,Modelled,,,
UK,19.65658272,14.75850139,0.711937437,5,Modelled,,,
UK,17.31894512,25.21159953,0.812925791,5,Modelled,,,
UK,19.33234027,133.5154067,1.998586962,5,Modelled,,,
UK,19.42324628,67.29100107,1.744229715,5,Modelled,,,
UK,16.92464038,12.38149804,0.487545277,5,Modelled,,,
UK,18.14679095,265.6783033,1.659403708,5,Modelled,,,
UK,18.02832996,101.5667809,1.447336075,5,Modelled,,,
UK,16.4975625,13.04003688,0.48283764,5,Modelled,,,
UK,16.85575581,17.3404261,0.614184054,5,Modelled,,,
UK,14.80300989,8.866187966,0.298449339,5,Modelled,,,
UK,14.1646537,5.529497568,0.18577568,5,Modelled,,,
UK,11.23842494,4.27964605,0.107707181,5,Modelled,,,
UK,19.63365307,39.39116721,1.448165803,5,Modelled,,,
UK,19.35655702,17.24086852,0.804947884,5,Modelled,,,
UK,15.49896253,8.29812065,0.304211026,5,Modelled,,,
UK,18.17778303,103.6343853,1.498350909,5,Modelled,,,
UK,10.05433661,27.48588831,0.170135605,5,Modelled,,,
UK,18.47274165,123.1750169,1.63650212,5,Modelled,,,
UK,19.93034711,55.6463085,1.777392731,5,Modelled,,,
UK,18.74838765,35.30912633,1.199274384,5,Modelled,,,
UK,18.89794369,20.14076763,0.868424976,5,Modelled,,,
UK,12.47736132,4.417344703,0.128064602,5,Modelled,,,
UK,17.27027608,91.83130323,1.195801814,5,Modelled,,,
UK,15.19151436,6.961625835,0.25218476,5,Modelled,,,
UK,18.15732239,58.94440805,1.298612232,5,Modelled,,,
UK,18.97515067,21.21200132,0.911326759,5,Modelled,,,
UK,19.96018877,86.69309266,2.060302911,5,Modelled,,,
UK,17.49492513,29.53708222,0.894840042,5,Modelled,,,
UK,15.74994629,11.79011061,0.410830733,5,Modelled,,,
UK,16.55400816,15.05894158,0.53907409,5,Modelled,,,
UK,8.833917815,3.321852504,0.061516817,5,Modelled,,,
UK,18.68199696,53.60216059,1.394991179,5,Modelled,,,
UK,19.27697813,17.3404261,0.801648224,5,Modelled,,,
UK,7.291959019,8.917385864,0.065067989,5,Modelled,,,
UK,12.39209297,252.2612031,0.371383395,5,Modelled,,,
UK,17.34091075,35.20761927,0.94370664,5,Modelled,,,
UK,18.83664475,12.52490509,0.576923333,5,Modelled,,,
UK,18.05285689,32.10899087,1.027578615,5,Modelled,,,
UK,18.56359812,227.425527,1.796328691,5,Modelled,,,
UK,19.41233941,241.5993569,2.169805052,5,Modelled,,,
UK,18.79488026,85.70047831,1.646868472,5,Modelled,,,
UK,14.66265876,23.32609073,0.491396393,5,Modelled,,,
UK,10.84062757,3.46844677,0.085435044,5,Modelled,,,
UK,14.72361051,43.5672141,0.58905354,5,Modelled,,,
UK,15.49336298,8.994737574,0.325974691,5,Modelled,,,
UK,16.29036242,45.35907255,0.827007366,5,Modelled,,,
UK,18.69999777,12.06480703,0.551715984,5,Modelled,,,
UK,18.49590747,41.24809073,1.231890703,5,Modelled,,,
UK,14.99291153,18.00171279,0.469680882,5,Modelled,,,
UK,18.43648136,66.32930188,1.426452172,5,Modelled,,,
UK,13.04745385,7.502721136,0.210705314,5,Modelled,,,
UK,13.8428335,24.14602864,0.418774983,5,Modelled,,,
UK,19.51568069,49.16691037,1.562938648,5,Modelled,,,
UK,16.07225436,21.09021564,0.608852598,5,Modelled,,,
UK,16.64512985,9.665989334,0.386023184,5,Modelled,,,
UK,18.01711332,736.1507208,1.662584067,5,Modelled,,,
UK,18.0634609,55.0091721,1.2604583,5,Modelled,,,
UK,14.11565504,13.42090943,0.351276442,5,Modelled,,,
UK,14.32187404,6.276238301,0.21235601,5,Modelled,,,
UK,19.95626649,49.16691037,1.682267431,5,Modelled,,,
UK,15.75962106,22.34021106,0.593119484,5,Modelled,,,
UK,17.2463168,8.994737574,0.375922591,5,Modelled,,,
UK,17.88326995,25.94797829,0.895004655,5,Modelled,,,
UK,10.31164707,20.08286674,0.172792135,5,Modelled,,,
UK,10.86075988,4.468508009,0.105877053,5,Modelled,,,
UK,18.51741454,33.52596948,1.130690899,5,Modelled,,,
UK,15.19792918,51.63310376,0.669100507,5,Modelled,,,
UK,12.22192888,60.49164905,0.330123288,5,Modelled,,,
UK,16.33718024,9.665989334,0.37646671,5,Modelled,,,
UK,17.78911101,13.0776326,0.555572884,5,Modelled,,,
UK,18.39409469,16.70343154,0.716074371,5,Modelled,,,
UK,15.05196002,107.2772487,0.709513651,5,Modelled,,,
UK,16.09633413,10.50764463,0.393508353,5,Modelled,,,
UK,17.05109386,18.36817534,0.655979882,5,Modelled,,,
UK,18.70503087,134.2863928,1.759815088,5,Modelled,,,
UK,19.77744994,29.28307327,1.24096242,5,Modelled,,,
UK,19.32411985,14.46405527,0.683184032,5,Modelled,,,
UK,18.91945429,29.62224056,1.123873995,5,Modelled,,,
UK,14.49968099,124.6016751,0.626819618,5,Modelled,,,
UK,13.37728366,38.49429313,0.420667634,5,Modelled,,,
UK,17.7149605,16.99446812,0.675199483,5,Modelled,,,
UK,19.96606772,19.85292291,0.953355484,5,Modelled,,,
UK,17.12736349,9.693857341,0.401334725,5,Modelled,,,
UK,13.29283706,10.03460716,0.260765212,5,Modelled,,,
UK,15.4334791,15.90561213,0.475665878,5,Modelled,,,
UK,17.59848239,81.13856205,1.25918087,5,Modelled,,,
UK,18.38164677,20.19883547,0.823699231,5,Modelled,,,
UK,18.18843466,116.6182961,1.504880442,5,Modelled,,,
UK,10.17655069,16.13622535,0.159780652,5,Modelled,,,
UK,18.55255888,23.52842727,0.930730306,5,Modelled,,,
UK,15.5531743,10.15083166,0.360449965,5,Modelled,,,
UK,6.928880185,4.430080346,0.047760811,5,Modelled,,,
UK,10.22889565,18.05361352,0.166161952,5,Modelled,,,
UK,12.95414141,24.6375716,0.346085223,5,Modelled,,,
UK,16.82838154,35.51301926,0.862071279,6,Modelled,,,
UK,16.02123051,28.61634437,0.681651135,6,Modelled,,,
UK,19.97853976,189.7009551,2.417994806,6,Modelled,,,
UK,19.47703286,13.38232685,0.638108544,6,Modelled,,,
UK,13.9500037,52.83609747,0.499893119,6,Modelled,,,
UK,16.10122468,663.6750464,1.012508317,6,Modelled,,,
UK,13.94199511,40.42515213,0.479158057,6,Modelled,,,
UK,16.57258165,11.92666799,0.457064527,6,Modelled,,,
UK,15.77100382,31.46838599,0.6725993,6,Modelled,,,
UK,18.80867183,13.89266925,0.635220289,6,Modelled,,,
UK,19.39250826,28.12627885,1.161538503,6,Modelled,,,
UK,7.901678826,15.90561213,0.085646162,6,Modelled,,,
UK,18.3078565,11.99553867,0.534743635,6,Modelled,,,
UK,17.40086356,52.53274656,1.084444493,6,Modelled,,,
UK,11.33983594,57.43674202,0.259926252,6,Modelled,,,
UK,19.33961329,32.66845022,1.256436485,6,Modelled,,,
UK,16.14445235,26.02278889,0.676580519,6,Modelled,,,
UK,19.86280485,23.12549421,1.065548884,6,Modelled,,,
UK,19.50377691,23.59626206,1.045450976,6,Modelled,,,
UK,18.48079192,226.1197958,1.75583183,6,Modelled,,,
UK,18.86649746,149.3803846,1.847583036,6,Modelled,,,
UK,18.37235363,13.19107137,0.587059215,6,Modelled,,,
UK,16.38506601,50.8951817,0.876760892,6,Modelled,,,
UK,18.71482122,102.4477974,1.653556384,6,Modelled,,,
UK,19.66516657,58.26950924,1.727460182,6,Modelled,,,
UK,11.23184013,18.36817534,0.215376855,6,Modelled,,,
UK,19.98438943,18.21021523,0.885299468,6,Modelled,,,
UK,17.72294465,48.74409152,1.141681268,6,Modelled,,,
UK,19.50041124,94.51350595,1.944822119,6,Modelled,,,
UK,19.61934925,18.74209801,0.882799145,6,Modelled,,,
UK,11.48571841,4.316768806,0.112045159,6,Modelled,,,
UK,16.53529905,19.45683823,0.626458718,6,Modelled,,,
UK,10.04118504,4.455661893,0.092710191,6,Modelled,,,
UK,18.11111868,38.38362932,1.123469511,6,Modelled,,,
UK,18.29623362,46.81851175,1.238919002,6,Modelled,,,
UK,18.38642243,44.71081673,1.246805179,6,Modelled,,,
UK,18.90778954,43.5672141,1.35030955,6,Modelled,,,
UK,18.71067378,20.72903786,0.872894313,6,Modelled,,,
UK,17.79016787,14.33966927,0.597856139,6,Modelled,,,
UK,17.60759517,24.6375716,0.832111541,6,Modelled,,,
UK,15.66831492,428.4577245,0.903911733,6,Modelled,,,
UK,15.28766653,23.12549421,0.547202305,6,Modelled,,,
UK,18.36959671,45.88443796,1.259562293,6,Modelled,,,
UK,15.84759872,11.75621627,0.417812108,6,Modelled,,,
UK,19.84869795,169.0662868,2.344470393,6,Modelled,,,
UK,15.5422972,7.970312854,0.294378541,6,Modelled,,,
UK,12.19088434,16.89689681,0.261318368,6,Modelled,,,
UK,15.9367815,7.567801678,0.289972464,6,Modelled,,,
UK,13.95451365,23.12549421,0.423323534,6,Modelled,,,
UK,19.27801096,136.6261667,2.002440871,6,Modelled,,,
UK,14.46834173,22.14809278,0.460075242,6,Modelled,,,
UK,19.22559531,45.75252887,1.450501987,6,Modelled,,,
UK,17.34321523,74.63941761,1.171403591,6,Modelled,,,
UK,14.70912925,53.14120009,0.601108654,6,Modelled,,,
UK,18.38375619,33.14210547,1.100339592,6,Modelled,,,
UK,19.44393622,114.6211645,1.967535199,6,Modelled,,,
UK,14.19812001,17.14188253,0.398522485,6,Modelled,,,
UK,7.444174098,7.721860125,0.065575674,6,Modelled,,,
UK,19.54333822,171.517555,2.18988657,6,Modelled,,,
UK,19.82443345,31.83286437,1.322500797,6,Modelled,,,
UK,12.86517781,20.96912918,0.325419344,6,Modelled,,,
UK,16.64582805,42.45286227,0.870736497,6,Modelled,,,
UK,18.7684861,126.7727048,1.735126248,6,Modelled,,,
UK,19.00915473,18.79613333,0.836018544,6,Modelled,,,
UK,5.222456302,2.324564416,0.022193038,6,Modelled,,,
UK,9.778391709,15.05894158,0.142550078,6,Modelled,,,
UK,18.61375736,81.84237892,1.547101133,6,Modelled,,,
UK,16.19369362,21.70621728,0.629193425,6,Modelled,,,
UK,18.55283348,34.20846078,1.13871051,6,Modelled,,,
UK,17.12822131,26.47620371,0.805583858,6,Modelled,,,
UK,18.19561716,46.14939814,1.222235618,6,Modelled,,,
UK,13.56353038,15.14589961,0.335705188,6,Modelled,,,
UK,17.42002036,646.6997241,1.43081462,6,Modelled,,,
UK,15.93564397,13.11533671,0.455038851,6,Modelled,,,
UK,19.28010858,109.7766889,1.899585081,6,Modelled,,,
UK,16.92199521,30.66349511,0.830952639,6,Modelled,,,
UK,12.50943878,22.21194793,0.303071187,6,Modelled,,,
UK,18.70447183,13.97289262,0.633855618,6,Modelled,,,
UK,15.17262484,7.289801101,0.262956769,6,Modelled,,,
UK,19.95820845,66.90465939,1.911320499,6,Modelled,,,
UK,18.59776764,39.50473586,1.220965303,6,Modelled,,,
UK,18.31900536,22.66411863,0.878327527,6,Modelled,,,
UK,16.32991748,177.5465869,1.031388654,6,Modelled,,,
UK,17.94223369,22.21194793,0.831613577,6,Modelled,,,
UK,19.10642578,211.0236268,1.997646383,6,Modelled,,,
UK,19.46263987,16.18274769,0.767490097,6,Modelled,,,
UK,9.763617318,3.590366513,0.075950784,6,Modelled,,,
UK,8.772363421,31.55911247,0.119522362,6,Modelled,,,
UK,19.11870662,208.0077517,2.018224148,6,Modelled,,,
UK,16.25478485,499.0850302,1.052552361,6,Modelled,,,
UK,19.4786924,35.71808957,1.343061799,6,Modelled,,,
UK,16.66388376,52.98842918,0.939770562,6,Modelled,,,
UK,16.16580039,24.77984153,0.663225194,6,Modelled,,,
UK,17.34149068,13.30549413,0.53955796,6,Modelled,,,
UK,19.13125291,115.9487488,1.881222706,6,Modelled,,,
UK,17.02815965,14.92943976,0.56888264,6,Modelled,,,
UK,19.46235107,39.84741015,1.414760043,6,Modelled,,,
UK,19.65962341,87.69720384,1.963715821,6,Modelled,,,
UK,18.84810721,12.13447539,0.55964045,6,Modelled,,,
UK,15.61314571,7.924552441,0.294984101,6,Modelled,,,
UK,13.18023126,5.130710903,0.157905023,6,Modelled,,,
UK,17.26805385,45.09864991,1.00377464,6,Modelled,,,
UK,18.66931588,24.85128427,0.978789983,6,Modelled,,,
UK,15.47066313,15.76882923,0.472215132,6,Modelled,,,
UK,12.05744074,7.502721136,0.180264339,6,Modelled,,,
UK,19.39949173,65.00596928,1.719330066,6,Modelled,,,
UK,19.61167086,24.4961185,1.082338069,6,Modelled,,,
UK,8.31837932,5.57746186,0.074008253,6,Modelled,,,
UK,17.20343392,25.21159953,0.800351697,6,Modelled,,,
UK,18.79301749,261.1284636,1.916331891,6,Modelled,,,
UK,18.01597917,17.19130428,0.703483382,6,Modelled,,,
UK,17.06967543,78.83592743,1.105578552,6,Modelled,,,
UK,18.4652983,31.83286437,1.088751212,6,Modelled,,,
UK,19.64083773,203.2717468,2.26992002,6,Modelled,,,
UK,8.241301015,6.045682857,0.074728849,6,Modelled,,,
UK,14.92237321,8.840699352,0.301417563,6,Modelled,,,
UK,18.17004207,16.41737907,0.691068632,6,Modelled,,,
UK,15.08428561,11.48854597,0.37258313,6,Modelled,,,
UK,18.21729121,46.81851175,1.217878764,6,Modelled,,,
UK,12.08828638,23.12549421,0.279294158,6,Modelled,,,
UK,14.00117741,87.44509096,0.538774201,6,Modelled,,,
UK,18.99522853,12.52490509,0.581456219,6,Modelled,,,
UK,16.525465,15.27727905,0.541674338,6,Modelled,,,
UK,17.33979646,18.52750564,0.683091654,6,Modelled,,,
UK,17.94455757,22.66411863,0.838818854,6,Modelled,,,
UK,18.92202079,183.787546,1.90522705,6,Modelled,,,
UK,15.86968099,71.2792696,0.82217778,6,Modelled,,,
UK,13.66009003,5.593542236,0.179537176,6,Modelled,,,
UK,15.47367112,14.88652045,0.460134071,6,Modelled,,,
UK,18.93021993,22.99272249,0.959099146,6,Modelled,,,
UK,19.93422983,31.01865095,1.321586049,6,Modelled,,,
UK,18.69024743,135.061831,1.730494858,6,Modelled,,,
UK,19.88788987,46.95349417,1.632072021,6,Modelled,,,
UK,19.62431276,177.0361741,2.249183852,6,Modelled,,,
UK,18.5089567,437.1798785,1.864540812,6,Modelled,,,
UK,15.49130958,13.15314953,0.429455667,6,Modelled,,,
UK,18.25426582,15.90561213,0.680159066,6,Modelled,,,
UK,18.60952589,58.10199542,1.429514262,6,Modelled,,,
UK,16.26247302,48.74409152,0.842453674,6,Modelled,,,
UK,14.54048106,6.276238301,0.216808198,6,Modelled,,,
UK,17.44536934,41.84614098,1.016211121,6,Modelled,,,
UK,10.77702818,3.073419946,0.07541361,6,Modelled,,,
UK,14.28786457,18.42113262,0.413448827,6,Modelled,,,
UK,6.943578922,2.083673687,0.030405311,6,Modelled,,,
UK,19.15114361,56.7791056,1.561182165,6,Modelled,,,
UK,11.53491566,4.304358912,0.112442484,6,Modelled,,,
UK,15.22280865,50.02358281,0.671588089,6,Modelled,,,
UK,16.23975686,16.84832142,0.553312114,6,Modelled,,,
UK,19.72667088,21.64381601,0.996886954,6,Modelled,,,
UK,16.89562695,10.75246102,0.433617545,6,Modelled,,,
UK,19.30918388,66.32930188,1.688600894,6,Modelled,,,
UK,10.45785097,50.60297428,0.20086117,6,Modelled,,,
UK,19.40617194,24.21564404,1.051916623,6,Modelled,,,
UK,13.10682514,8.639410721,0.232537256,6,Modelled,,,
UK,16.06888863,23.52842727,0.637117283,6,Modelled,,,
UK,17.37572775,17.29057565,0.656183017,6,Modelled,,,
UK,11.23834286,5.513601309,0.129921484,6,Modelled,,,
UK,18.45270326,36.6556593,1.16495421,6,Modelled,,,
UK,16.7881013,16.32312103,0.585708554,6,Modelled,,,
UK,17.74518499,26.47620371,0.88688636,6,Modelled,,,
UK,16.83725447,17.54126927,0.614162487,6,Modelled,,,
UK,16.7021122,47.36078092,0.92030636,6,Modelled,,,
UK,19.02499053,279.8090232,2.003784202,6,Modelled,,,
UK,18.19323381,165.6932537,1.609035247,6,Modelled,,,
UK,19.0086391,12.23973297,0.569419963,6,Modelled,,,
UK,17.63852846,11.29180035,0.481792496,6,Modelled,,,
UK,17.77697336,36.02791752,1.033462807,6,Modelled,,,
UK,16.87310379,40.07750945,0.895263099,6,Modelled,,,
UK,18.41566066,22.66411863,0.891320948,6,Modelled,,,
UK,12.9371958,33.91427955,0.368915413,6,Modelled,,,
UK,18.97966927,19.06865582,0.843065747,6,Modelled,,,
UK,18.03955428,21.76879846,0.826395599,6,Modelled,,,
UK,13.81242554,46.95349417,0.481807032,6,Modelled,,,
UK,18.06744418,11.58820059,0.509604392,6,Modelled,,,
UK,15.63311919,7.103344304,0.266852988,6,Modelled,,,
UK,7.62734287,2.73123513,0.042766719,6,Modelled,,,
UK,18.97702193,40.89337106,1.331679439,6,Modelled,,,
UK,18.08645243,71.48477481,1.342966052,6,Modelled,,,
UK,19.23756808,51.93125967,1.537678858,6,Modelled,,,
UK,19.27954903,86.69309266,1.793961461,6,Modelled,,,
UK,18.91254036,52.53274656,1.443063284,6,Modelled,,,
UK,18.03751522,17.79559766,0.725222494,6,Modelled,,,
UK,17.95520589,24.14602864,0.875440496,6,Modelled,,,
UK,17.11949434,77.48583289,1.106909629,7,Modelled,,,
UK,15.08856398,43.31707916,0.628262053,7,Modelled,,,
UK,13.95917852,9.55531616,0.280121942,7,Modelled,,,
UK,19.34183704,250.8128814,2.152191657,7,Modelled,,,
UK,14.12817251,6.478177796,0.214192859,7,Modelled,,,
UK,18.05939902,43.31707916,1.165113506,7,Modelled,,,
UK,18.49751274,86.19535665,1.533397084,7,Modelled,,,
UK,19.61670032,21.83156007,0.995008661,7,Modelled,,,
UK,9.631083937,3.020786488,0.064580157,7,Modelled,,,
UK,18.15822897,66.52053584,1.354516406,7,Modelled,,,
UK,15.7831983,145.1411125,0.881253296,7,Modelled,,,
UK,19.11827245,96.71556519,1.800577485,7,Modelled,,,
UK,16.33019794,24.6375716,0.679656917,7,Modelled,,,
UK,19.52843765,29.03124871,1.205546443,7,Modelled,,,
UK,18.30836808,48.46423427,1.26168612,7,Modelled,,,
UK,19.19313616,64.44693987,1.641859613,7,Modelled,,,
UK,19.70223191,222.2474103,2.344883837,7,Modelled,,,
UK,16.53929437,18.05361352,0.600612907,7,Modelled,,,
UK,17.56137099,178.5718316,1.375289134,7,Modelled,,,
UK,17.05643735,13.15314953,0.517904993,7,Modelled,,,
UK,17.46498455,163.3252243,1.331890792,7,Modelled,,,
UK,19.92381339,109.7766889,2.184060158,7,Modelled,,,
UK,15.14927965,49.0255648,0.660763657,7,Modelled,,,
UK,10.56143697,8.274265122,0.142400767,7,Modelled,,,
UK,16.48260385,479.3692451,1.116613007,7,Modelled,,,
UK,17.45180177,208.6074587,1.374726687,7,Modelled,,,
UK,17.83563999,137.0200735,1.435117636,7,Modelled,,,
UK,15.33181441,45.88443796,0.683308405,7,Modelled,,,
UK,8.367824402,7.788841536,0.084108671,7,Modelled,,,
UK,17.41660151,50.31244452,1.078391943,7,Modelled,,,
UK,17.66823995,203.2717468,1.441015648,7,Modelled,,,
UK,14.70872133,12.20454605,0.363453399,7,Modelled,,,
UK,18.59370937,24.00739766,0.951560065,7,Modelled,,,
UK,17.23945068,10.6907273,0.444172334,7,Modelled,,,
UK,15.70998028,18.85032445,0.538372731,7,Modelled,,,
UK,18.49470532,13.57635532,0.60903966,7,Modelled,,,
UK,17.8255842,11.0665182,0.47849813,7,Modelled,,,
UK,18.7707584,18.68821802,0.811579729,7,Modelled,,,
UK,19.57555188,122.8209121,2.049629915,7,Modelled,,,
UK,13.50912411,66.32930188,0.466180322,7,Modelled,,,
UK,17.76346188,47.49732675,1.132011564,7,Modelled,,,
UK,18.96076078,50.8951817,1.452002329,7,Modelled,,,
UK,15.90388364,7.35303472,0.281458205,7,Modelled,,,
UK,19.44116644,100.6933408,1.940081907,7,Modelled,,,
UK,19.03986612,50.8951817,1.478188618,7,Modelled,,,
UK,18.11003985,54.22300047,1.265545716,7,Modelled,,,
UK,13.83905634,108.5197731,0.533029468,7,Modelled,,,
UK,18.32090009,95.60819602,1.501204877,7,Modelled,,,
UK,18.04635224,68.66085028,1.318073841,7,Modelled,,,
UK,18.58182085,49.30866345,1.330271986,7,Modelled,,,
UK,14.11522173,155.9725822,0.579887088,7,Modelled,,,
UK,14.28130059,18.90467181,0.418547006,7,Modelled,,,
UK,19.49574608,29.28307327,1.20074788,7,Modelled,,,
UK,18.38416917,21.76879846,0.863000902,7,Modelled,,,
UK,18.09330654,12.92789696,0.564643847,7,Modelled,,,
UK,17.81115485,22.99272249,0.829957157,7,Modelled,,,
UK,16.31372651,23.93838094,0.669247042,7,Modelled,,,
UK,12.86647176,4.871603322,0.145898167,7,Modelled,,,
UK,8.949999879,2.462338961,0.048675883,7,Modelled,,,
UK,19.83875325,55.167769,1.727995572,7,Modelled,,,
UK,14.02540891,6.13333836,0.202186805,7,Modelled,,,
UK,15.77998893,90.77985764,0.842935655,7,Modelled,,,
UK,19.80458587,91.5673056,2.04284943,7,Modelled,,,
UK,16.01581115,18.63449293,0.563765955,7,Modelled,,,
UK,19.67430751,184.8488292,2.281903319,7,Modelled,,,
UK,16.04348545,19.45683823,0.58225177,7,Modelled,,,
UK,18.46078511,31.37792033,1.086007291,7,Modelled,,,
UK,8.222343562,60.14434488,0.105335465,7,Modelled,,,
UK,14.12030305,41.01127071,0.505936091,7,Modelled,,,
UK,18.85186915,81.13856205,1.625236294,7,Modelled,,,
UK,19.1058917,71.48477481,1.647725531,7,Modelled,,,
UK,15.80815317,11.79011061,0.415198901,7,Modelled,,,
UK,18.63913783,409.1692384,1.906279851,7,Modelled,,,
UK,19.29749771,29.28307327,1.165816471,7,Modelled,,,
UK,19.54955482,23.52842727,1.044610953,7,Modelled,,,
UK,17.36809812,29.11494869,0.879201506,7,Modelled,,,
UK,15.96978344,20.02513229,0.583955475,7,Modelled,,,
UK,14.05446304,72.73030836,0.537861394,7,Modelled,,,
UK,18.70902741,80.44079778,1.582589095,7,Modelled,,,
UK,16.18633247,19.06865582,0.586825349,7,Modelled,,,
UK,19.72624942,53.44806452,1.673671561,7,Modelled,,,
UK,16.38775832,21.58159413,0.644256157,7,Modelled,,,
UK,13.77024461,5.513601309,0.178765434,7,Modelled,,,
UK,18.76952203,39.39116721,1.259461548,7,Modelled,,,
UK,11.17860756,5.311061071,0.125682145,7,Modelled,,,
UK,15.08317922,59.97144126,0.674235663,7,Modelled,,,
UK,18.84452158,34.01205778,1.190533836,7,Modelled,,,
UK,19.21941766,182.2070351,2.043037727,7,Modelled,,,
UK,14.8250068,7.76645009,0.268739,7,Modelled,,,
UK,13.66580109,16.41737907,0.3516119,7,Modelled,,,
UK,17.91391707,33.91427955,1.020428752,7,Modelled,,,
UK,19.22992323,149.3803846,1.991935104,7,Modelled,,,
UK,18.52389674,282.236159,1.824843738,7,Modelled,,,
UK,13.40199239,9.638201443,0.259923006,7,Modelled,,,
UK,12.112843,23.93838094,0.280874661,7,Modelled,,,
UK,18.41389895,12.8907317,0.575962958,7,Modelled,,,
UK,14.2369686,5.609668974,0.189726281,7,Modelled,,,
UK,15.61042185,9.473143662,0.343906747,7,Modelled,,,
UK,7.383177862,3.46844677,0.047404085,7,Modelled,,,
UK,19.96639227,407.9929542,2.577846697,7,Modelled,,,
UK,19.30508592,52.08098265,1.541030075,7,Modelled,,,
UK,19.26229028,16.65541233,0.772883534,7,Modelled,,,
UK,18.70551063,12.20454605,0.557285867,7,Modelled,,,
UK,17.57404459,21.27315762,0.768602086,7,Modelled,,,
UK,14.11014109,10.26840231,0.301377197,7,Modelled,,,
UK,17.70094768,11.68871963,0.498877014,7,Modelled,,,
UK,18.79891894,31.46838599,1.144659147,7,Modelled,,,
UK,14.65419948,17.94996127,0.442684488,7,Modelled,,,
UK,14.23011055,34.11011792,0.494715184,7,Modelled,,,
UK,19.66440816,491.9522835,2.433318347,7,Modelled,,,
UK,19.88411259,17.84690413,0.861914829,7,Modelled,,,
UK,19.26691907,64.44693987,1.672800884,7,Modelled,,,
UK,19.89985846,108.5197731,2.160918112,7,Modelled,,,
UK,19.31552389,180.1208099,2.057055477,7,Modelled,,,
UK,16.89264379,46.81851175,0.940534236,7,Modelled,,,
UK,7.008812729,5.130710903,0.051487066,7,Modelled,,,
UK,13.85743572,4.857598384,0.159225681,7,Modelled,,,
UK,18.23658487,62.07950381,1.339525176,7,Modelled,,,
UK,18.73026507,48.46423427,1.354732337,7,Modelled,,,
UK,19.58010948,34.90484561,1.351596402,7,Modelled,,,
UK,17.01370201,135.061831,1.175265911,7,Modelled,,,
UK,16.27254889,7.76645009,0.305121335,7,Modelled,,,
UK,10.34420193,5.450471945,0.111190815,7,Modelled,,,
UK,18.39143609,64.81908942,1.396321415,7,Modelled,,,
UK,15.62872975,26.78286081,0.617768957,7,Modelled,,,
UK,19.16922448,65.00596928,1.624060739,7,Modelled,,,
UK,9.544652293,17.59184249,0.137977269,7,Modelled,,,
UK,11.65405281,3.891773324,0.10429397,7,Modelled,,,
UK,19.91038407,25.43029147,1.148054046,7,Modelled,,,
UK,15.81054006,30.31240572,0.668300717,7,Modelled,,,
UK,15.07202143,17.04346486,0.461908804,7,Modelled,,,
UK,15.61221625,16.04358152,0.48833295,7,Modelled,,,
UK,19.85604557,28.94778936,1.243735747,7,Modelled,,,
UK,14.83453749,12.96516937,0.385179865,7,Modelled,,,
UK,18.06014597,30.84056179,1.001890655,7,Modelled,,,
UK,18.76211585,87.44509096,1.645698948,7,Modelled,,,
UK,14.9654137,50.16780576,0.634822583,8,Modelled,,,
UK,19.47474289,35.10640402,1.338468023,8,Modelled,,,
UK,18.41035364,212.8541003,1.705974878,8,Modelled,,,
UK,19.24271139,23.86956262,1.02050013,8,Modelled,,,
UK,19.98124082,72.10485223,1.980750681,8,Modelled,,,
UK,13.2998476,19.85292291,0.3504966,8,Modelled,,,
UK,17.90964816,26.93751873,0.918100772,8,Modelled,,,
UK,19.54340617,56.12899896,1.66324225,8,Modelled,,,
UK,18.4318193,49.87977447,1.298598972,8,Modelled,,,
UK,19.9838611,32.85709453,1.371956768,8,Modelled,,,
UK,19.88657916,28.53407779,1.240063378,8,Modelled,,,
UK,14.39493979,13.81290647,0.3733338,8,Modelled,,,
UK,19.00607096,51.48466835,1.467652205,8,Modelled,,,
UK,18.13608,127.5047551,1.502860534,8,Modelled,,,
UK,19.19240089,31.28771475,1.196304176,8,Modelled,,,
UK,7.460728012,8.968879405,0.068073107,8,Modelled,,,
UK,19.90674972,18.47424257,0.89034174,8,Modelled,,,
UK,19.87906291,230.0596528,2.458978596,8,Modelled,,,
UK,19.83962397,150.2429833,2.246854246,8,Modelled,,,
UK,19.85574381,76.59863937,1.940025505,8,Modelled,,,
UK,15.86329481,47.90933084,0.765484144,8,Modelled,,,
UK,10.27667009,3.172307981,0.073477248,8,Modelled,,,
UK,12.96339507,6.115706172,0.179109599,8,Modelled,,,
UK,18.47648864,14.88652045,0.658119412,8,Modelled,,,
UK,19.12238354,26.93751873,1.089197701,8,Modelled,,,
UK,17.51421015,41.60588733,1.028644884,8,Modelled,,,
UK,13.50414137,21.27315762,0.374949325,8,Modelled,,,
UK,11.94962105,6.961625835,0.169647151,8,Modelled,,,
UK,19.84084883,391.8756577,2.51057708,8,Modelled,,,
UK,12.89689614,7.331896136,0.202400519,8,Modelled,,,
UK,19.85260329,141.0221468,2.270451717,8,Modelled,,,
UK,17.08853326,58.26950924,1.040559292,8,Modelled,,,
UK,16.87074776,14.97248282,0.558234592,8,Modelled,,,
UK,16.54246725,25.13912095,0.716096709,8,Modelled,,,
UK,16.42227494,13.26724335,0.486504874,8,Modelled,,,
UK,19.80583725,299.8259492,2.466614276,8,Modelled,,,
UK,13.35654897,7.993292057,0.228816208,8,Modelled,,,
UK,19.79098829,54.06711959,1.724746029,8,Modelled,,,
UK,13.768448,14.46405527,0.340603147,8,Modelled,,,
UK,17.76680098,147.245493,1.411964184,8,Modelled,,,
UK,18.99489637,19.06865582,0.843450456,8,Modelled,,,
UK,18.80451375,48.74409152,1.388891482,8,Modelled,,,
UK,10.72627606,7.268844301,0.139147904,8,Modelled,,,
UK,18.9661789,21.45768649,0.920459805,8,Modelled,,,
UK,16.70526979,29.53708222,0.786595385,8,Modelled,,,
UK,17.72268507,25.13912095,0.86353843,8,Modelled,,,
UK,7.431320591,24.00739766,0.078126112,8,Modelled,,,
UK,18.0141614,79.51977065,1.349238353,8,Modelled,,,
UK,10.81209632,3.914246411,0.09464306,8,Modelled,,,
UK,18.58555764,59.97144126,1.420221507,8,Modelled,,,
UK,13.16843887,15.5434667,0.315104363,8,Modelled,,,
UK,14.72677625,107.5865397,0.655710247,8,Modelled,,,
UK,16.6554758,27.40687158,0.750543296,8,Modelled,,,
UK,15.9726553,34.01205778,0.714581848,8,Modelled,,,
UK,16.30665276,36.6556593,0.781781088,8,Modelled,,,
UK,17.91930192,228.0812174,1.535646109,8,Modelled,,,
UK,18.35828708,54.22300047,1.311775411,8,Modelled,,,
UK,18.76949286,30.05172925,1.106218071,8,Modelled,,,
UK,16.62936996,443.5184879,1.161879653,8,Modelled,,,
UK,17.53750477,55.6463085,1.125266021,8,Modelled,,,
UK,19.44216086,14.33966927,0.683087732,8,Modelled,,,
UK,18.27910721,78.15796503,1.430723237,8,Modelled,,,
UK,17.03300104,24.07661337,0.760949866,8,Modelled,,,
UK,12.99910616,7.924552441,0.216534612,8,Modelled,,,
UK,19.42001265,89.22521886,1.879976844,8,Modelled,,,
UK,19.42362043,16.464712,0.77743591,8,Modelled,,,
UK,17.69497065,9.610493436,0.413384418,8,Modelled,,,
UK,13.00390166,26.24851728,0.352152555,8,Modelled,,,
UK,12.40080017,7.947399712,0.198017263,8,Modelled,,,
UK,19.1265838,44.19888899,1.39800951,8,Modelled,,,
UK,14.9849154,13.73360164,0.406857579,8,Modelled,,,
UK,19.24630006,75.07042373,1.727960057,8,Modelled,,,
UK,16.64180311,55.32682316,0.945907262,8,Modelled,,,
UK,8.063786417,6.496855026,0.073266925,8,Modelled,,,
UK,18.99719768,13.0776326,0.607078831,8,Modelled,,,
UK,19.87574359,108.5197731,2.162199529,8,Modelled,,,
UK,18.03828119,49.73637955,1.20447906,8,Modelled,,,
UK,6.748811691,3.925531572,0.04318444,8,Modelled,,,
UK,19.87949712,25.35718419,1.143332418,8,Modelled,,,
UK,17.49762795,34.70444442,0.961176209,8,Modelled,,,
UK,14.56709426,20.02513229,0.450940422,8,Modelled,,,
UK,16.85844934,20.14076763,0.671658416,8,Modelled,,,
UK,19.78639947,154.6312705,2.262237563,8,Modelled,,,
UK,19.61292475,55.80674233,1.685617576,8,Modelled,,,
UK,17.75691018,30.13837136,0.944913429,8,Modelled,,,
UK,16.62338498,147.245493,1.085272339,8,Modelled,,,
UK,13.19015965,6.080593718,0.183382443,8,Modelled,,,
UK,17.50850918,15.32132497,0.610868742,8,Modelled,,,
UK,16.05425077,559.998736,0.994482258,8,Modelled,,,
UK,19.42575987,28.94778936,1.183249783,8,Modelled,,,
UK,16.07977583,106.3547006,0.922402955,8,Modelled,,,
UK,16.95117049,14.58952022,0.554092193,8,Modelled,,,
UK,16.29662199,10.6907273,0.406783067,8,Modelled,,,
UK,18.23497649,49.87977447,1.251819505,8,Modelled,,,
UK,19.06576271,23.52842727,0.987172897,8,Modelled,,,
UK,17.00340181,14.97248282,0.566319537,8,Modelled,,,
UK,19.75775109,48.32490876,1.62223223,8,Modelled,,,
UK,19.71538922,39.84741015,1.464600954,8,Modelled,,,
UK,17.24699374,15.90561213,0.609270963,8,Modelled,,,
UK,19.82070027,73.57269745,1.901637226,8,Modelled,,,
UK,18.06617105,13.30549413,0.575777876,8,Modelled,,,
UK,16.08374209,24.35547754,0.650704542,8,Modelled,,,
UK,16.05018757,7.947399712,0.307266134,8,Modelled,,,
UK,16.58062246,15.40979812,0.548903517,9,Modelled,,,
UK,12.59334238,5.101253658,0.147736008,9,Modelled,,,
UK,16.93236908,48.18598379,0.966894443,9,Modelled,,,
UK,16.26549355,37.7262954,0.790922032,9,Modelled,,,
UK,17.60058027,82.55230087,1.254062927,9,Modelled,,,
UK,17.84949142,140.2124883,1.432966781,9,Modelled,,,
UK,16.77769981,65.75889225,0.994589323,9,Modelled,,,
UK,18.88026339,44.07182555,1.344975985,9,Modelled,,,
UK,12.02112122,5.691002773,0.149711117,9,Modelled,,,
UK,19.93863597,29.03124871,1.264065582,9,Modelled,,,
UK,13.46680164,18.95917585,0.357621782,9,Modelled,,,
UK,14.78443198,14.75850139,0.408719875,9,Modelled,,,
UK,17.60694132,252.9884972,1.449353053,9,Modelled,,,
UK,13.80716952,27.56513286,0.431135282,9,Modelled,,,
UK,17.47989673,110.4105956,1.270708963,9,Modelled,,,
UK,19.52209726,98.11783052,1.97150211,9,Modelled,,,
UK,19.96914104,51.48466835,1.730554565,9,Modelled,,,
UK,17.95143143,52.38172485,1.201983603,9,Modelled,,,
UK,14.15476283,24.56674324,0.449950602,9,Modelled,,,
UK,11.28723936,11.65511677,0.190991459,9,Modelled,,,
UK,18.02232035,276.6052795,1.584636752,9,Modelled,,,
UK,19.64938751,25.65088039,1.123530212,9,Modelled,,,
UK,18.54576956,30.84056179,1.08415612,9,Modelled,,,
UK,16.928909,18.90467181,0.651665191,9,Modelled,,,
UK,17.56793769,152.8607809,1.356673264,9,Modelled,,,
UK,18.75199382,55.48633588,1.443479427,9,Modelled,,,
UK,10.58344305,209.8120647,0.220615679,9,Modelled,,,
UK,2.312803347,1.368623747,0.005625681,9,Modelled,,,
UK,15.7875704,20.9088469,0.577327746,9,Modelled,,,
UK,16.86829122,209.8120647,1.194452932,9,Modelled,,,
UK,18.99292197,18.21021523,0.815304341,9,Modelled,,,
UK,12.95900733,23.93838094,0.3411111,9,Modelled,,,
UK,18.72907828,13.42090943,0.612713863,9,Modelled,,,
UK,17.13827803,683.0596239,1.335772662,9,Modelled,,,
UK,15.94078095,126.7727048,0.899514433,9,Modelled,,,
UK,11.35850088,6.330680015,0.144478251,9,Modelled,,,
UK,19.9980586,331.6119386,2.607754427,9,Modelled,,,
UK,18.80858826,88.96871323,1.635113573,9,Modelled,,,
UK,16.32887448,37.61783944,0.788940475,9,Modelled,,,
UK,19.72778573,20.19883547,0.947167469,9,Modelled,,,
UK,14.65542615,13.53732587,0.384209481,9,Modelled,,,
UK,13.78862878,9.721805694,0.276339566,9,Modelled,,,
UK,18.99765325,49.45082522,1.433616135,9,Modelled,,,
UK,11.68731382,87.95004358,0.2942217,9,Modelled,,,
UK,18.40249869,39.96229419,1.192628467,9,Modelled,,,
UK,11.89178057,169.5537216,0.321386886,9,Modelled,,,
UK,19.55678118,27.96479583,1.176532091,9,Modelled,,,
UK,18.92908196,13.34385519,0.617830075,9,Modelled,,,
UK,15.13470234,12.31041144,0.391197811,9,Modelled,,,
UK,19.46347515,96.16028658,1.936918701,9,Modelled,,,
UK,19.36585903,357.3866162,2.220469818,9,Modelled,,,
UK,18.41786843,26.70586515,0.984378953,9,Modelled,,,
UK,19.93701388,15.10235801,0.740041797,9,Modelled,,,
UK,18.89844384,46.28245143,1.388716277,9,Modelled,,,
UK,19.01053172,38.94014814,1.310437331,9,Modelled,,,
UK,19.80338298,23.05901279,1.059905207,9,Modelled,,,
UK,19.36779598,20.6694458,0.929612803,9,Modelled,,,
UK,17.98547756,13.69412014,0.585777976,9,Modelled,,,
UK,13.99452205,7.993292057,0.249825045,9,Modelled,,,
UK,19.14971777,17.64256152,0.804074133,9,Modelled,,,
UK,19.67464137,221.608491,2.282357491,9,Modelled,,,
UK,19.02045479,101.2747956,1.767871003,9,Modelled,,,
UK,19.89139819,373.158186,2.51278635,9,Modelled,,,
UK,19.98880884,22.02093266,1.041136414,9,Modelled,,,
UK,18.68791578,49.73637955,1.366660288,9,Modelled,,,
UK,19.83752786,49.59339686,1.666002927,9,Modelled,,,
UK,11.23752292,4.242842537,0.107040722,9,Modelled,,,
UK,19.80507284,40.42515213,1.514602456,9,Modelled,,,
UK,19.40543079,121.065599,1.986504074,9,Modelled,,,
UK,19.47038238,38.38362932,1.382845616,9,Modelled,,,
UK,15.96992518,11.42258612,0.413720253,9,Modelled,,,
UK,19.55117418,25.35718419,1.108094522,9,Modelled,,,
UK,18.16373864,38.05354305,1.132255252,9,Modelled,,,
UK,19.83766875,17.59184249,0.847605796,9,Modelled,,,
UK,17.45922366,35.20761927,0.959342921,9,Modelled,,,
UK,19.10000877,66.71232115,1.633798894,9,Modelled,,,
UK,18.46038679,63.52588699,1.421020214,9,Modelled,,,
UK,19.20121432,19.17876798,0.867558314,9,Modelled,,,
UK,19.6343304,39.05241645,1.436143109,9,Modelled,,,
UK,19.16221582,29.28307327,1.146261319,9,Modelled,,,
UK,19.52327413,22.21194793,1.000090682,9,Modelled,,,
UK,15.68901491,9.55531616,0.348657499,9,Modelled,,,
UK,19.98008856,145.5595687,2.32859051,9,Modelled,,,
UK,18.00065693,196.3691536,1.55859429,10,Modelled,,,
UK,16.69564486,13.19107137,0.500362192,10,Modelled,,,
UK,18.59868883,39.73285638,1.226700101,10,Modelled,,,
UK,19.74247454,70.46313968,1.861652021,10,Modelled,,,
UK,16.80012118,9.80613515,0.395456906,10,Modelled,,,
UK,18.98172634,48.88462557,1.416977844,10,Modelled,,,
UK,17.13661941,12.63354936,0.508246904,10,Modelled,,,
UK,14.71016102,7.788841536,0.266336031,10,Modelled,,,
UK,19.46350621,23.86956262,1.048148884,10,Modelled,,,
UK,19.77465727,70.05858563,1.887332269,10,Modelled,,,
UK,14.2110715,64.63274679,0.556074889,10,Modelled,,,
UK,18.23253072,24.21564404,0.906902129,10,Modelled,,,
UK,18.76242876,40.54170185,1.275675392,10,Modelled,,,
UK,18.52111077,31.92464168,1.093291739,10,Modelled,,,
UK,18.10321659,44.19888899,1.171420267,10,Modelled,,,
UK,14.64013441,19.4009035,0.454678869,10,Modelled,,,
UK,17.97199926,101.859608,1.423119366,10,Modelled,,,
UK,19.02475333,15.58828005,0.717274616,10,Modelled,,,
UK,16.38154809,49.87977447,0.859086647,10,Modelled,,,
UK,18.22790705,41.84614098,1.185855987,10,Modelled,,,
UK,18.86128428,32.29440458,1.162159587,10,Modelled,,,
UK,17.01725586,26.78286081,0.792532789,10,Modelled,,,
UK,18.9042032,16.84832142,0.758612608,10,Modelled,,,
UK,14.70571119,258.8828469,0.689785208,10,Modelled,,,
UK,17.45024125,510.7131546,1.412508102,10,Modelled,,,
UK,18.57639752,94.78599777,1.609669869,10,Modelled,,,
UK,19.89112669,29.36749928,1.263790461,10,Modelled,,,
UK,19.19088008,545.6752217,2.175667843,10,Modelled,,,
UK,5.968168765,1.580518923,0.019480282,10,Modelled,,,
UK,19.04555546,15.23335977,0.704413985,10,Modelled,,,
UK,19.076041,29.28307327,1.14399932,10,Modelled,,,
UK,19.40116897,29.28307327,1.184769513,10,Modelled,,,
UK,18.74710642,23.19216731,0.944289814,10,Modelled,,,
UK,18.46063077,78.60928905,1.492087296,10,Modelled,,,
UK,13.16936958,11.16251204,0.270588359,10,Modelled,,,
UK,17.85840879,56.12899896,1.218780439,10,Modelled,,,
UK,16.3477667,98.11783052,0.96559068,10,Modelled,,,
UK,18.66436195,14.38101196,0.648587485,10,Modelled,,,
UK,11.34603086,9.527846433,0.177482913,10,Modelled,,,
UK,18.77277924,121.065599,1.736718609,10,Modelled,,,
UK,19.52365779,44.07182555,1.49612544,10,Modelled,,,
UK,18.07231005,11.75621627,0.515407135,10,Modelled,,,
UK,19.27118524,162.3875158,2.005818427,10,Modelled,,,
UK,19.46756504,45.88443796,1.508374242,10,Modelled,,,
UK,18.56361041,51.48466835,1.339316331,10,Modelled,,,
UK,19.85909035,58.60598715,1.771360381,10,Modelled,,,
UK,14.72624899,13.38232685,0.384521137,10,Modelled,,,
UK,18.7864597,245.1022719,1.895015613,10,Modelled,,,
UK,18.76928928,39.96229419,1.278330831,10,Modelled,,,
UK,18.4709795,48.88462557,1.295142034,10,Modelled,,,
UK,17.68683262,93.97087014,1.304263511,10,Modelled,,,
UK,13.82404961,9.721805694,0.278887877,10,Modelled,,,
UK,19.89226562,28.12627885,1.235193131,10,Modelled,,,
UK,19.19574972,198.6435732,2.067901038,10,Modelled,,,
UK,12.89676603,9.55531616,0.237381211,10,Modelled,,,
UK,18.00968486,12.77987575,0.553051207,10,Modelled,,,
UK,18.63734381,17.59184249,0.763165984,10,Modelled,,,
UK,19.58197647,118.3091283,2.06934778,10,Modelled,,,
UK,19.91127889,20.84873791,0.988111355,10,Modelled,,,
UK,14.26604604,11.79011061,0.335467303,10,Modelled,,,
UK,16.64870829,42.08778197,0.879482592,10,Modelled,,,
UK,19.63242179,21.21200132,0.973721745,10,Modelled,,,
UK,18.56238667,90.77985764,1.576365271,10,Modelled,,,
UK,18.93944158,57.10697716,1.513813349,11,Modelled,,,
UK,19.84210272,65.00596928,1.856430398,11,Modelled,,,
UK,19.7217471,44.58228158,1.568822446,11,Modelled,,,
UK,12.86406765,4.494311456,0.13523005,11,Modelled,,,
UK,13.6311875,22.59896357,0.392517641,11,Modelled,,,
UK,16.41002049,61.01636925,0.918751656,11,Modelled,,,
UK,14.10531083,16.27619514,0.382384272,11,Modelled,,,
UK,18.42320515,85.70047831,1.495850964,11,Modelled,,,
UK,19.47567753,36.97361997,1.370481374,11,Modelled,,,
UK,17.47481103,83.02900003,1.215841582,11,Modelled,,,
UK,14.89645899,112.6582344,0.68602652,11,Modelled,,,
UK,18.96916869,133.5154067,1.851930538,11,Modelled,,,
UK,19.33390053,272.6521347,2.162903704,11,Modelled,,,
UK,17.07738201,13.57635532,0.532433974,11,Modelled,,,
UK,16.94214784,18.68821802,0.650293495,11,Modelled,,,
UK,12.2483456,9.125151006,0.206729355,11,Modelled,,,
UK,17.7742246,10.00575956,0.432746255,11,Modelled,,,
UK,13.2319456,7.395494898,0.21352785,11,Modelled,,,
UK,16.01519419,7.970312854,0.306669579,11,Modelled,,,
UK,17.55617729,34.11011792,0.959909712,11,Modelled,,,
UK,13.80758834,12.03012299,0.31449504,11,Modelled,,,
UK,17.30747868,15.99745926,0.618659786,11,Modelled,,,
UK,19.41320025,265.6783033,2.205717876,11,Modelled,,,
UK,18.81016432,33.91427955,1.185519637,11,Modelled,,,
UK,17.11479247,28.37025346,0.828554226,11,Modelled,,,
UK,18.05127854,32.9518248,1.040338029,11,Modelled,,,
UK,13.14170961,4.706176025,0.14509168,11,Modelled,,,
UK,17.57581672,51.04191756,1.112618827,11,Modelled,,,
UK,18.12766673,42.20912522,1.1573808,11,Modelled,,,
UK,9.927093,4.255075073,0.088428179,11,Modelled,,,
UK,19.13244551,253.7178881,2.051563279,11,Modelled,,,
UK,16.33385232,9.391677821,0.366381693,11,Modelled,,,
UK,17.09852402,52.98842918,1.021169825,11,Modelled,,,
UK,17.06412448,19.91016085,0.689785318,11,Modelled,,,
UK,19.63754613,32.5745346,1.313048706,11,Modelled,,,
UK,18.42866557,65.94848166,1.419073114,11,Modelled,,,
UK,19.78925692,232.0552498,2.369067173,11,Modelled,,,
UK,19.43692974,527.1454747,2.335134073,11,Modelled,,,
UK,19.50092505,256.6565417,2.229752989,11,Modelled,,,
UK,12.60075826,690.9710708,0.401084694,11,Modelled,,,
UK,15.60816641,9.834407211,0.353870849,11,Modelled,,,
UK,18.22339646,48.88462557,1.250282929,11,Modelled,,,
UK,16.87608088,47.77160057,0.942362299,11,Modelled,,,
UK,19.52448999,252.2612031,2.245248017,11,Modelled,,,
UK,14.57401107,10.6907273,0.329604853,12,Modelled,,,
UK,18.35142584,22.02093266,0.872097232,12,Modelled,,,
UK,19.1738505,38.05354305,1.323020662,12,Modelled,,,
UK,11.16816674,4.098766361,0.103131865,12,Modelled,,,
UK,14.83864022,30.75190101,0.549542881,12,Modelled,,,
UK,12.21571606,31.28771475,0.302073891,12,Modelled,,,
UK,17.75371322,52.68420368,1.167504242,12,Modelled,,,
UK,19.43220135,23.73251893,1.038374354,12,Modelled,,,
UK,15.83229583,113.3087806,0.86718004,12,Modelled,,,
UK,14.06639305,27.32808201,0.451128177,12,Modelled,,,
UK,19.97998927,54.53611177,1.773742398,12,Modelled,,,
UK,17.76072315,96.43752623,1.333184661,12,Modelled,,,
UK,17.80286933,25.87338276,0.878456033,12,Modelled,,,
UK,17.51379076,9.749834625,0.414855621,12,Modelled,,,
UK,12.96468633,38.605276,0.375020124,12,Modelled,,,
UK,18.2342096,21.64381601,0.844943276,12,Modelled,,,
UK,17.84875929,123.8862924,1.423430727,12,Modelled,,,
UK,19.00242752,23.80094214,0.987268505,12,Modelled,,,
UK,16.66336826,18.31537031,0.617563813,12,Modelled,,,
UK,15.742959,37.83506406,0.710124428,12,Modelled,,,
UK,18.62933608,170.5328114,1.76354876,12,Modelled,,,
UK,16.84666995,13.6154973,0.521538451,12,Modelled,,,
UK,18.97717094,75.07042373,1.629876683,12,Modelled,,,
UK,19.29966461,16.464712,0.768777925,12,Modelled,,,
UK,15.37836584,12.27502133,0.404235557,12,Modelled,,,
UK,14.47478038,15.36549787,0.399055265,12,Modelled,,,
UK,19.74160669,106.6613317,2.08397195,12,Modelled,,,
UK,18.54138553,17.3404261,0.748646638,13,Modelled,,,
UK,16.06542557,137.0200735,0.938226294,13,Modelled,,,
UK,19.76486448,617.5863299,2.546569022,13,Modelled,,,
UK,18.88087754,13.97289262,0.642735703,13,Modelled,,,
UK,19.46572175,34.90484561,1.329093128,13,Modelled,,,
UK,18.68690807,20.08286674,0.849955998,13,Modelled,,,
UK,14.3482839,113.9630834,0.609240032,13,Modelled,,,
UK,19.5279805,46.95349417,1.544159809,13,Modelled,,,
UK,16.37565967,13.42090943,0.487534272,13,Modelled,,,
UK,15.98029415,28.94778936,0.678566891,13,Modelled,,,
UK,15.77101687,57.60233784,0.781116201,13,Modelled,,,
UK,19.83623725,28.86456994,1.238268634,13,Modelled,,,
UK,19.56654136,26.40008963,1.13182622,13,Modelled,,,
UK,17.24393817,34.20846078,0.916395633,13,Modelled,,,
UK,18.22354141,14.97248282,0.647102594,13,Modelled,,,
UK,18.89974468,53.29441144,1.465113941,13,Modelled,,,
UK,18.28714123,245.1022719,1.66834912,13,Modelled,,,
UK,15.33258545,49.16691037,0.681077492,14,Modelled,,,
UK,14.81899719,12.85367329,0.381613994,14,Modelled,,,
UK,19.43412872,42.33081832,1.45726698,14,Modelled,,,
UK,18.77651618,29.19888997,1.089274479,14,Modelled,,,
UK,17.68541387,31.92464168,0.956499052,14,Modelled,,,
UK,18.15615729,29.62224056,1.00393201,14,Modelled,,,
UK,19.48990702,131.6072517,2.052362274,15,Modelled,,,
UK,19.27694538,411.5319906,2.193856222,15,Modelled,,,
UK,19.35725223,113.6354611,1.958315064,16,Modelled,,,
Thailand,16.57208433,1.005774511,0.011308719,2,Modelled,,,
Thailand,19.49504892,1.002883099,0.015127344,2,Modelled,,,
Thailand,15.40655385,1.002883099,0.006395008,2,Modelled,,,
Thailand,11.47095573,1.011582367,0.004926689,2,Modelled,,,
Thailand,16.21879751,1.014498859,0.012649329,2,Modelled,,,
Thailand,9.759369619,1.011582367,0.0019303,2,Modelled,,,
Thailand,13.63361833,1.008674259,0.004927043,2,Modelled,,,
Thailand,17.17872336,1.01742376,0.011039746,2,Modelled,,,
Thailand,19.96107635,1.008674259,0.025985517,2,Modelled,,,
Thailand,14.55449963,1.014498859,0.005046162,2,Modelled,,,
Thailand,17.3810284,1.002883099,0.017725928,2,Modelled,,,
Thailand,17.06458882,1.008674259,0.00735906,2,Modelled,,,
Thailand,19.17959906,1.889378982,0.035091118,2,Modelled,,,
Thailand,19.79570791,2.331266366,0.042409878,2,Modelled,,,
Thailand,10.81289755,1.014498859,0.002862158,2,Modelled,,,
Thailand,19.04559983,8.943095573,0.040572277,3,Modelled,,,
Thailand,18.41468632,1.011582367,0.00500382,3,Modelled,,,
Thailand,19.70925548,5.497750747,0.04687921,3,Modelled,,,
Thailand,11.97588195,1.011582367,0.001289005,3,Modelled,,,
Thailand,14.25955777,1.014498859,0.003871115,3,Modelled,,,
Thailand,12.66672714,1.011582367,0.005975663,3,Modelled,,,
Thailand,16.7226207,1.002883099,0.013011879,3,Modelled,,,
Thailand,19.20477936,1.008674259,0.014131399,3,Modelled,,,
Thailand,10.72766999,1.005774511,0.001728289,3,Modelled,,,
Thailand,18.48144719,1.002883099,0.00169911,3,Modelled,,,
Thailand,8.483505652,1.005774511,0.001658086,3,Modelled,,,
Thailand,18.17831384,2.378724173,0.02930908,3,Modelled,,,
Thailand,16.9726529,1.005774511,0.003675464,3,Modelled,,,
Thailand,19.50149855,1.505027329,0.035230005,3,Modelled,,,
Thailand,18.95307353,1.209262625,0.03024826,3,Modelled,,,
Thailand,16.29876279,3.360327417,0.019593574,3,Modelled,,,
Thailand,15.62516985,1.005774511,0.010653144,3,Modelled,,,
Thailand,18.48264837,1.005774511,0.008072519,3,Modelled,,,
Thailand,11.2813284,1.008674259,0.004568498,3,Modelled,,,
Thailand,8.614994628,1.023298884,0.001800885,3,Modelled,,,
Thailand,19.51441641,1.005774511,0.008690032,3,Modelled,,,
Thailand,19.95116091,1.005774511,0.018674944,3,Modelled,,,
Thailand,12.31408301,1.011582367,0.006164127,3,Modelled,,,
Thailand,15.715366,1.014498859,0.003626817,3,Modelled,,,
Thailand,14.30851217,1.011582367,0.008045178,3,Modelled,,,
Thailand,19.77182729,4.985106245,0.047058934,3,Modelled,,,
Thailand,15.61368576,1.002883099,0.005373949,3,Modelled,,,
Thailand,18.72017268,4.366767205,0.035764772,3,Modelled,,,
Thailand,18.00023071,1.002883099,0.014476749,3,Modelled,,,
Thailand,15.30097596,1.679021526,0.014405074,3,Modelled,,,
Thailand,17.63755338,2.638489309,0.02678812,3,Modelled,,,
Thailand,14.04010555,1.01742376,0.004517081,3,Modelled,,,
Thailand,7.716413942,1.002883099,0.001704995,3,Modelled,,,
Thailand,19.73188998,1.005774511,0.027826522,3,Modelled,,,
Thailand,9.97695606,1.008674259,0.001931821,3,Modelled,,,
Thailand,18.03708253,1.011582367,0.018101766,3,Modelled,,,
Thailand,19.30929698,1.008674259,0.010157531,3,Modelled,,,
Thailand,19.45543596,1.216245525,0.032798766,3,Modelled,,,
Thailand,15.47808506,71.69087251,0.016952623,3,Modelled,,,
Thailand,18.58167013,1.005774511,0.004322379,3,Modelled,,,
Thailand,19.40924006,1.008674259,0.001105768,3,Modelled,,,
Thailand,17.95969622,1.01742376,0.006673787,3,Modelled,,,
Thailand,17.23353013,1.008674259,0.016917276,3,Modelled,,,
Thailand,11.45280408,1.002883099,0.002615425,3,Modelled,,,
Thailand,17.25655218,1.077725421,0.02069308,3,Modelled,,,
Thailand,19.97653709,4.430080346,0.048278605,3,Modelled,,,
Thailand,19.32962739,3.748810377,0.040667136,3,Modelled,,,
Thailand,16.58713464,1.851684076,0.019900248,3,Modelled,,,
Thailand,19.18051142,1.002883099,0.026408028,3,Modelled,,,
Thailand,15.89822407,1.002883099,0.006098418,3,Modelled,,,
Thailand,18.14027807,13.49840861,0.033152044,3,Modelled,,,
Thailand,18.60547934,1.011582367,0.022708531,3,Modelled,,,
Thailand,19.97015161,1.011582367,0.001495657,3,Modelled,,,
Thailand,11.50707823,1.011582367,0.004830701,4,Modelled,,,
Thailand,19.20554426,1.57597523,0.034073908,4,Modelled,,,
Thailand,17.21282817,1.002883099,0.007977676,4,Modelled,,,
Thailand,16.65046763,1.005774511,0.010203778,4,Modelled,,,
Thailand,16.7365936,1.005774511,0.014737204,4,Modelled,,,
Thailand,19.98396575,1.014498859,0.012964522,4,Modelled,,,
Thailand,18.60391548,1.011582367,0.00731045,4,Modelled,,,
Thailand,17.84613678,1.008674259,0.007424501,4,Modelled,,,
Thailand,17.95095448,1.014498859,0.021587481,4,Modelled,,,
Thailand,16.50556101,1.008674259,0.012081529,4,Modelled,,,
Thailand,18.94096707,2.311218261,0.035271474,4,Modelled,,,
Thailand,17.33287152,1.014498859,0.003261469,4,Modelled,,,
Thailand,18.60809707,1.011582367,0.025442476,4,Modelled,,,
Thailand,18.69682017,1.008674259,0.021475326,4,Modelled,,,
Thailand,15.16298715,1.008674259,0.002333204,4,Modelled,,,
Thailand,14.04663507,13.00254924,0.011447886,4,Modelled,,,
Thailand,19.02360861,2.406275429,0.035730457,4,Modelled,,,
Thailand,16.72643872,1.002883099,0.013689272,4,Modelled,,,
Thailand,16.59426762,1.011582367,0.013567179,4,Modelled,,,
Thailand,16.68943784,1.01742376,0.015142308,4,Modelled,,,
Thailand,19.61792127,1.005774511,0.02272533,4,Modelled,,,
Thailand,16.74440746,12.66997313,0.023085999,4,Modelled,,,
Thailand,19.42939699,1.014498859,0.015414738,4,Modelled,,,
Thailand,19.0307952,1.01742376,0.019171053,4,Modelled,,,
Thailand,14.23334428,1.005774511,0.005946734,4,Modelled,,,
Thailand,15.00066156,1.174944911,0.01279353,4,Modelled,,,
Thailand,18.04381073,1.014498859,0.008550505,4,Modelled,,,
Thailand,16.56577925,1.002883099,0.00142247,4,Modelled,,,
Thailand,17.92786831,1.005774511,0.022951225,4,Modelled,,,
Thailand,13.79638062,3.012102298,0.010303394,4,Modelled,,,
Thailand,19.61723704,1.077725421,0.032542311,4,Modelled,,,
Thailand,14.31495421,1.014498859,0.007239576,4,Modelled,,,
Thailand,17.71727783,4.829709176,0.028684504,4,Modelled,,,
Thailand,19.68117003,8.250478175,0.046816348,4,Modelled,,,
Thailand,17.06899642,1.008674259,0.015192569,4,Modelled,,,
Thailand,18.24354555,1.01742376,0.019280451,4,Modelled,,,
Thailand,16.44629209,5.823596788,0.020949678,4,Modelled,,,
Thailand,16.76419585,1.014498859,0.003158649,4,Modelled,,,
Thailand,19.61316905,1.005774511,0.02034356,4,Modelled,,,
Thailand,19.96638578,1.008674259,0.020756632,4,Modelled,,,
Thailand,18.81786641,34.4059979,0.039635175,4,Modelled,,,
Thailand,16.04390391,1.128530051,0.016304242,4,Modelled,,,
Thailand,19.57337601,1.526848508,0.036464025,4,Modelled,,,
Thailand,18.22619683,1.014498859,0.021812098,4,Modelled,,,
Thailand,15.09797573,1.008674259,0.007620058,4,Modelled,,,
Thailand,16.74982331,4.206355521,0.022130473,4,Modelled,,,
Thailand,15.28878523,1.008674259,0.01096242,4,Modelled,,,
Thailand,11.37965157,1.002883099,0.003112208,4,Modelled,,,
Thailand,19.23722041,1.01742376,0.020673726,4,Modelled,,,
Thailand,17.38023385,1.002883099,0.015154922,4,Modelled,,,
Thailand,17.91374705,1.002883099,0.017141555,4,Modelled,,,
Thailand,17.84742766,1.011582367,0.015860187,4,Modelled,,,
Thailand,12.16869617,1.412659549,0.006470642,4,Modelled,,,
Thailand,13.20980104,1.479253177,0.008538385,4,Modelled,,,
Thailand,18.73449831,4.316768806,0.036217037,4,Modelled,,,
Thailand,15.18476458,1.01742376,0.002426983,4,Modelled,,,
Thailand,13.38975762,1.014498859,0.002792921,4,Modelled,,,
Thailand,19.84158389,1.005774511,0.024789531,4,Modelled,,,
Thailand,16.55778754,2.144533492,0.020304883,4,Modelled,,,
Thailand,18.91483061,1.014498859,0.001929562,4,Modelled,,,
Thailand,15.21536314,1.984149508,0.014280027,4,Modelled,,,
Thailand,11.11735671,1.014498859,0.001253231,4,Modelled,,,
Thailand,19.1621004,10.65999348,0.042671706,4,Modelled,,,
Thailand,17.39232811,3.283818119,0.025716762,4,Modelled,,,
Thailand,15.28435603,1.005774511,0.006351875,4,Modelled,,,
Thailand,19.35135538,1.475000604,0.034607846,4,Modelled,,,
Thailand,15.8633927,1.01742376,0.011697475,4,Modelled,,,
Thailand,19.60893671,1.922299067,0.038563874,4,Modelled,,,
Thailand,14.86580438,2.469438129,0.013350972,4,Modelled,,,
Thailand,18.51955679,1.014498859,0.00134416,4,Modelled,,,
Thailand,14.03513903,1.01742376,0.00286723,4,Modelled,,,
Thailand,19.5404688,10.20944774,0.045870367,4,Modelled,,,
Thailand,19.83042156,1.044130275,0.03327073,4,Modelled,,,
Thailand,17.01071981,1.01742376,0.006078245,4,Modelled,,,
Thailand,19.50208647,1.002883099,0.003614887,4,Modelled,,,
Thailand,17.5626209,1.005774511,0.009787274,4,Modelled,,,
Thailand,18.87716135,1.002883099,0.018530921,4,Modelled,,,
Thailand,13.94377666,3.117981028,0.010807045,4,Modelled,,,
Thailand,18.79651306,1.008674259,0.014861601,4,Modelled,,,
Thailand,12.37892729,1.002883099,0.00183024,4,Modelled,,,
Thailand,16.42090485,1.005774511,0.008533906,4,Modelled,,,
Thailand,17.66696091,1.008674259,0.014876455,4,Modelled,,,
Thailand,18.330208,1.014498859,0.017960088,4,Modelled,,,
Thailand,17.16300091,1.014498859,0.005703938,4,Modelled,,,
Thailand,15.65236363,1.01742376,0.003701407,4,Modelled,,,
Thailand,19.40053807,1.345185556,0.033558661,4,Modelled,,,
Thailand,16.59886812,1.014498859,0.004897782,4,Modelled,,,
Thailand,16.63909974,19.06865582,0.022833725,4,Modelled,,,
Thailand,19.40578336,72.10485223,0.046125672,4,Modelled,,,
Thailand,10.97098114,1.026249157,0.003230802,4,Modelled,,,
Thailand,19.5534141,1.01742376,0.014272893,4,Modelled,,,
Thailand,17.74884254,1.008674259,0.017604604,4,Modelled,,,
Thailand,17.7637034,1.011582367,0.008475224,4,Modelled,,,
Thailand,18.93725017,1.927841246,0.033752076,4,Modelled,,,
Thailand,14.95269393,1.002883099,0.00122148,4,Modelled,,,
Thailand,16.19317122,1.071537815,0.016596587,4,Modelled,,,
Thailand,19.12687918,1.01742376,0.016101321,4,Modelled,,,
Thailand,17.82992167,1.005774511,0.017949253,4,Modelled,,,
Thailand,16.33263767,1.002883099,0.014101661,4,Modelled,,,
Thailand,18.89216558,1.008674259,0.004634411,4,Modelled,,,
Thailand,15.4735964,1.002883099,0.010182988,4,Modelled,,,
Thailand,17.52024843,1.01742376,0.011837685,4,Modelled,,,
Thailand,13.4367521,1.011582367,0.002071861,4,Modelled,,,
Thailand,18.5859522,1.005774511,0.018521758,4,Modelled,,,
Thailand,12.62678621,1.014498859,0.005216008,4,Modelled,,,
Thailand,15.90307327,1.492084601,0.016494449,4,Modelled,,,
Thailand,18.502382,1.011582367,0.013353938,4,Modelled,,,
Thailand,18.32798817,1.014498859,0.012220122,4,Modelled,,,
Thailand,19.61847178,1.138319213,0.033129164,4,Modelled,,,
Thailand,19.74396646,2.065754796,0.040367416,4,Modelled,,,
Thailand,18.04094911,2.519708712,0.029220078,4,Modelled,,,
Thailand,18.72611649,1.01742376,0.005284487,4,Modelled,,,
Thailand,14.23846341,1.008674259,0.010230641,4,Modelled,,,
Thailand,16.90895329,1.011582367,0.011134512,4,Modelled,,,
Thailand,14.76187496,1.002883099,0.009592826,4,Modelled,,,
Thailand,17.85347827,1.011582367,0.01881358,4,Modelled,,,
Thailand,14.4623791,8.22675961,0.012737658,4,Modelled,,,
Thailand,19.96053273,10.65999348,0.050808461,4,Modelled,,,
Thailand,17.57703011,6.168755389,0.027681238,4,Modelled,,,
Thailand,14.25500724,1.014498859,0.008300016,5,Modelled,,,
Thailand,17.588529,1.011582367,0.001879878,5,Modelled,,,
Thailand,14.3586285,1.008674259,0.005047849,5,Modelled,,,
Thailand,15.55644991,1.008674259,0.010064632,5,Modelled,,,
Thailand,19.08237688,1.005774511,0.001551032,5,Modelled,,,
Thailand,18.78318198,1.005774511,0.012089243,5,Modelled,,,
Thailand,19.33721071,1.01742376,0.020830819,5,Modelled,,,
Thailand,19.41927456,28.37025346,0.046823843,5,Modelled,,,
Thailand,19.2784962,1.927841246,0.036479161,5,Modelled,,,
Thailand,16.20718142,1.008674259,0.014908886,5,Modelled,,,
Thailand,19.7616878,1.014498859,0.019737578,5,Modelled,,,
Thailand,19.9801749,1.014498859,0.001359555,5,Modelled,,,
Thailand,13.28380567,3.902993693,0.009083563,5,Modelled,,,
Thailand,11.54462872,11.75621627,0.005735612,5,Modelled,,,
Thailand,18.60390799,1.011582367,0.012215966,5,Modelled,,,
Thailand,16.76263889,1.014498859,0.01045862,5,Modelled,,,
Thailand,18.28852578,1.002883099,0.003338986,5,Modelled,,,
Thailand,16.41557009,1.128530051,0.017671769,5,Modelled,,,
Thailand,17.84224823,1.008674259,0.022173351,5,Modelled,,,
Thailand,13.45035775,1.01742376,0.006680349,5,Modelled,,,
Thailand,19.17610644,1.002883099,0.017046683,5,Modelled,,,
Thailand,17.82881615,5.529497568,0.029325129,5,Modelled,,,
Thailand,18.43332468,83.74921504,0.036929034,5,Modelled,,,
Thailand,18.51422398,1.014498859,0.001823818,5,Modelled,,,
Thailand,17.81965418,1.002883099,0.020087306,5,Modelled,,,
Thailand,19.097956,1.008674259,0.005913302,5,Modelled,,,
Thailand,11.66601841,1.014498859,0.003083402,5,Modelled,,,
Thailand,15.9766789,7.856403961,0.018761025,5,Modelled,,,
Thailand,18.4133306,24.77984153,0.035650069,5,Modelled,,,
Thailand,15.50176008,1.011582367,0.001181389,5,Modelled,,,
Thailand,14.76143079,1.002883099,0.006971632,5,Modelled,,,
Thailand,18.72940821,3.727287117,0.035496278,5,Modelled,,,
Thailand,19.2182239,10.00575956,0.043174191,5,Modelled,,,
Thailand,19.2146971,1.011582367,0.001131987,5,Modelled,,,
Thailand,19.0695396,1.068457346,0.029387537,5,Modelled,,,
Thailand,12.58203749,1.014498859,0.001318423,5,Modelled,,,
Thailand,16.37608212,1.014498859,0.014902761,5,Modelled,,,
Thailand,15.38313244,1.01742376,0.001034807,5,Modelled,,,
Thailand,16.19460904,1.005774511,0.0045506,5,Modelled,,,
Thailand,16.80835623,1.005774511,0.00869244,5,Modelled,,,
Thailand,17.42267515,1.014498859,0.018415967,5,Modelled,,,
Thailand,14.21014876,1.01742376,0.006396063,5,Modelled,,,
Thailand,18.03267554,1.011582367,0.014571723,5,Modelled,,,
Thailand,18.10726647,1.005774511,0.007904261,5,Modelled,,,
Thailand,19.53483834,1.011582367,0.021511392,5,Modelled,,,
Thailand,19.44619094,1.01742376,0.027170079,5,Modelled,,,
Thailand,10.77263735,1.360765989,0.004381989,5,Modelled,,,
Thailand,18.5041309,1.011582367,0.020236016,5,Modelled,,,
Thailand,16.09655368,1.023298884,0.015907275,5,Modelled,,,
Thailand,18.40242446,1.008674259,0.00939675,5,Modelled,,,
Thailand,18.61847878,1.014498859,0.019246689,5,Modelled,,,
Thailand,14.24289445,1.008674259,0.005200348,5,Modelled,,,
Thailand,13.73172227,1.005774511,0.007527483,5,Modelled,,,
Thailand,19.34578284,1.535665311,0.034567392,5,Modelled,,,
Thailand,14.27045257,3.993929091,0.01179922,5,Modelled,,,
Thailand,19.95947436,1.008674259,0.020947295,5,Modelled,,,
Thailand,14.8541784,4.956484969,0.013983005,5,Modelled,,,
Thailand,19.19526046,1.005774511,0.009826623,5,Modelled,,,
Thailand,16.31742997,1.738040991,0.018654509,5,Modelled,,,
Thailand,16.37629935,1.014498859,0.00863075,5,Modelled,,,
Thailand,15.26296202,1.420816966,0.014049866,5,Modelled,,,
Thailand,16.13120039,1.008674259,0.002047038,5,Modelled,,,
Thailand,16.23470398,1.01742376,0.015601718,5,Modelled,,,
Thailand,17.19791925,1.388467229,0.021920858,5,Modelled,,,
Thailand,13.52514542,1.005774511,0.001514288,5,Modelled,,,
Thailand,17.52015998,1.01742376,0.01247051,5,Modelled,,,
Thailand,15.65912117,1.01742376,0.001919947,5,Modelled,,,
Thailand,17.2628517,1.01742376,0.009535862,5,Modelled,,,
Thailand,15.46268287,9.834407211,0.016483215,5,Modelled,,,
Thailand,16.83774561,4.304358912,0.022919617,5,Modelled,,,
Thailand,17.86830196,1.01742376,0.012920623,5,Modelled,,,
Thailand,18.0366584,37.7262954,0.032559232,5,Modelled,,,
Thailand,11.96399671,1.005774511,0.004546916,5,Modelled,,,
Thailand,13.33552711,1.011582367,0.003419003,5,Modelled,,,
Thailand,18.79320518,6.38559397,0.038016278,5,Modelled,,,
Thailand,16.38227778,1.01742376,0.001879373,5,Modelled,,,
Thailand,19.29080574,2.909818941,0.038663124,5,Modelled,,,
Thailand,18.33077211,1.55345195,0.028378239,5,Modelled,,,
Thailand,16.72822321,1.005774511,0.009496426,5,Modelled,,,
Thailand,14.37388027,1.014498859,0.004893744,5,Modelled,,,
Thailand,16.5132973,1.011582367,0.005553608,5,Modelled,,,
Thailand,18.40752101,1.1416011,0.026569306,5,Modelled,,,
Thailand,18.21744561,1.011582367,0.002123811,5,Modelled,,,
Thailand,19.09998613,1.158153013,0.030689743,5,Modelled,,,
Thailand,16.8193199,1.008674259,0.005143577,5,Modelled,,,
Thailand,9.543836313,1.008674259,0.00246326,5,Modelled,,,
Thailand,18.53160368,1.679021526,0.029828496,5,Modelled,,,
Thailand,17.67048306,9.072760254,0.028912286,5,Modelled,,,
Thailand,12.88331316,1.226795553,0.007650113,5,Modelled,,,
Thailand,19.74967177,9.862760783,0.048275908,5,Modelled,,,
Thailand,19.62417838,1.266267999,0.034812118,5,Modelled,,,
Thailand,19.69020438,2.304573946,0.041094752,5,Modelled,,,
Thailand,16.11177497,96.71556519,0.020122481,5,Modelled,,,
Thailand,19.28845956,1.09335121,0.030635085,5,Modelled,,,
Thailand,18.80662219,3.135985844,0.03532553,5,Modelled,,,
Thailand,18.56953799,6.045682857,0.035983466,5,Modelled,,,
Thailand,19.96321397,1.008674259,0.031383073,5,Modelled,,,
Thailand,15.62534372,1.226795553,0.014945987,5,Modelled,,,
Thailand,18.67689271,1.002883099,0.007164427,5,Modelled,,,
Thailand,15.69103597,1.005774511,0.002397866,5,Modelled,,,
Thailand,16.19423256,1.008674259,0.016225395,5,Modelled,,,
Thailand,17.7574324,1.008674259,0.019885143,5,Modelled,,,
Thailand,18.6705356,1.002883099,0.023056498,5,Modelled,,,
Thailand,13.74328611,1.008674259,0.006128891,5,Modelled,,,
Thailand,19.48425116,1.074627164,0.031842697,5,Modelled,,,
Thailand,19.27178635,5.265387736,0.042018379,5,Modelled,,,
Thailand,18.99023758,1.008674259,0.028248189,5,Modelled,,,
Thailand,19.28229798,1.002883099,0.006324842,5,Modelled,,,
Thailand,19.15182427,6.312480507,0.0412365,5,Modelled,,,
Thailand,16.73560418,1.005774511,0.01051155,5,Modelled,,,
Thailand,19.72829957,1.005774511,0.014077009,5,Modelled,,,
Thailand,13.58953977,1.011582367,0.008264932,5,Modelled,,,
Thailand,16.21007632,1.011582367,0.006678014,5,Modelled,,,
Thailand,19.08874805,1.059268973,0.029651105,5,Modelled,,,
Thailand,19.69613236,2.441163677,0.041516059,5,Modelled,,,
Thailand,17.06156049,1.062322951,0.019731942,5,Modelled,,,
Thailand,19.72580802,1.005774511,0.016982287,5,Modelled,,,
Thailand,16.90044148,1.008674259,0.007577805,5,Modelled,,,
Thailand,16.29272557,1.014498859,0.007828734,5,Modelled,,,
Thailand,16.48719885,1.002883099,0.014064502,5,Modelled,,,
Thailand,19.01709599,25.35718419,0.041501052,5,Modelled,,,
Thailand,17.30547653,1.005774511,0.010541069,5,Modelled,,,
Thailand,15.9772845,1.005774511,0.002647654,5,Modelled,,,
Thailand,16.34284558,1.29577063,0.01774461,5,Modelled,,,
Thailand,10.21260498,1.011582367,0.001664013,5,Modelled,,,
Thailand,17.23762927,1.011582367,0.011354789,5,Modelled,,,
Thailand,11.54324248,1.008674259,0.002418434,5,Modelled,,,
Thailand,16.65377064,1.005774511,0.006355428,5,Modelled,,,
Thailand,18.59231404,1.412659549,0.029074398,5,Modelled,,,
Thailand,15.09844425,1.008674259,0.00900411,5,Modelled,,,
Thailand,14.07466912,1.008674259,0.004669275,5,Modelled,,,
Thailand,18.31301183,5.388065396,0.033030418,5,Modelled,,,
Thailand,16.69211185,1.01742376,0.004661057,5,Modelled,,,
Thailand,16.7572222,1.014498859,0.012174325,5,Modelled,,,
Thailand,14.10948724,4.267342877,0.011502421,5,Modelled,,,
Thailand,12.6890859,1.002883099,0.006994968,5,Modelled,,,
Thailand,8.380407959,1.029207935,0.001704879,5,Modelled,,,
Thailand,16.4114549,1.002883099,0.015451811,5,Modelled,,,
Thailand,18.21261506,1.008674259,0.011263703,5,Modelled,,,
Thailand,10.66944194,1.008674259,0.001233658,5,Modelled,,,
Thailand,17.56489857,1.005774511,0.019496875,5,Modelled,,,
Thailand,14.95682727,1.005774511,0.011280015,5,Modelled,,,
Thailand,16.53090513,1.01742376,0.00663261,5,Modelled,,,
Thailand,19.86925047,1.158153013,0.035023393,5,Modelled,,,
Thailand,8.81638112,1.014498859,0.001795233,5,Modelled,,,
Thailand,17.16490739,1.014498859,0.006659995,5,Modelled,,,
Thailand,17.23021625,1.008674259,0.008530405,5,Modelled,,,
Thailand,19.48844158,1.050159617,0.031690211,5,Modelled,,,
Thailand,17.82264928,1.002883099,0.015458672,6,Modelled,,,
Thailand,19.00719607,3.029495715,0.037142538,6,Modelled,,,
Thailand,19.63339696,1.008674259,0.006997867,6,Modelled,,,
Thailand,9.909056708,1.002883099,0.001871593,6,Modelled,,,
Thailand,19.23838299,1.01742376,0.014534639,6,Modelled,,,
Thailand,19.5107776,1.005774511,0.017899824,6,Modelled,,,
Thailand,17.84697057,1.008674259,0.008299693,6,Modelled,,,
Thailand,17.21700713,1.002883099,0.004008188,6,Modelled,,,
Thailand,19.58106106,1.241004749,0.034131562,6,Modelled,,,
Thailand,13.91194901,1.011582367,0.006757303,6,Modelled,,,
Thailand,17.68795313,1.437273389,0.024164115,6,Modelled,,,
Thailand,11.89610057,1.011582367,0.004925329,6,Modelled,,,
Thailand,9.396916728,1.011582367,0.001370917,6,Modelled,,,
Thailand,11.27092751,1.002883099,0.003173189,6,Modelled,,,
Thailand,13.2773856,1.008674259,0.004521498,6,Modelled,,,
Thailand,14.19819393,1.014498859,0.005190382,6,Modelled,,,
Thailand,18.22868095,10.20944774,0.033927865,6,Modelled,,,
Thailand,17.94672607,4.559473844,0.029865563,6,Modelled,,,
Thailand,19.28815498,3.925531572,0.040574835,6,Modelled,,,
Thailand,18.95117648,2.181899329,0.034868564,6,Modelled,,,
Thailand,16.50138288,1.005774511,0.005905754,6,Modelled,,,
Thailand,16.19014924,1.002883099,0.004217547,6,Modelled,,,
Thailand,17.13834899,3.66345594,0.024398174,6,Modelled,,,
Thailand,18.80131446,1.011582367,0.026472472,6,Modelled,,,
Thailand,16.60919616,63.16116218,0.022690507,6,Modelled,,,
Thailand,16.13478521,1.674194657,0.017469183,6,Modelled,,,
Thailand,12.53930443,1.014498859,0.00614483,6,Modelled,,,
Thailand,16.06721049,1.011582367,0.010183024,6,Modelled,,,
Thailand,19.76078955,1.014498859,0.009480042,6,Modelled,,,
Thailand,11.81879113,1.011582367,0.00124776,6,Modelled,,,
Thailand,14.6214408,1.01742376,0.003216525,6,Modelled,,,
Thailand,15.34533156,1.005774511,0.007272274,6,Modelled,,,
Thailand,19.42166795,1.011582367,0.024447016,6,Modelled,,,
Thailand,12.82530656,1.002883099,0.006328819,6,Modelled,,,
Thailand,17.38225978,1.44974067,0.022709592,6,Modelled,,,
Thailand,19.95264814,1.005774511,0.01089684,6,Modelled,,,
Thailand,17.11180181,5.295792775,0.024713663,6,Modelled,,,
Thailand,16.00743678,1.01742376,0.010519429,6,Modelled,,,
Thailand,17.41634446,1.011582367,0.012652975,6,Modelled,,,
Thailand,17.65121187,1.005774511,0.01232867,6,Modelled,,,
Thailand,19.20197017,1.008674259,0.012994521,6,Modelled,,,
Thailand,10.99292685,1.020357094,0.003683095,6,Modelled,,,
Thailand,15.76298398,1.005774511,0.006083934,6,Modelled,,,
Thailand,16.29095581,1.011582367,0.015986629,6,Modelled,,,
Thailand,18.10667306,1.011582367,0.02405566,6,Modelled,,,
Thailand,19.44340015,1.01742376,0.016232445,6,Modelled,,,
Thailand,15.43847091,1.014498859,0.012635746,6,Modelled,,,
Thailand,15.382364,1.01742376,0.003678029,6,Modelled,,,
Thailand,17.2155188,1.002883099,0.008661595,6,Modelled,,,
Thailand,14.90178978,1.008674259,0.008347984,6,Modelled,,,
Thailand,14.06107288,1.005774511,0.00361749,6,Modelled,,,
Thailand,18.12878072,1.011582367,0.005190509,6,Modelled,,,
Thailand,16.45780137,1.548986069,0.018657741,6,Modelled,,,
Thailand,19.15968794,37.18712453,0.043360988,6,Modelled,,,
Thailand,19.53710425,1.258997902,0.033950911,6,Modelled,,,
Thailand,19.22974726,1.01742376,0.012951834,6,Modelled,,,
Thailand,11.88170251,1.005774511,0.004701954,6,Modelled,,,
Thailand,19.33749594,1.01742376,0.023459543,6,Modelled,,,
Thailand,19.00122602,1.050159617,0.028883606,6,Modelled,,,
Thailand,15.47828301,1.594228753,0.014887609,6,Modelled,,,
Thailand,17.13209598,1.002883099,0.0042109,6,Modelled,,,
Thailand,16.03283439,3.70588743,0.018671925,6,Modelled,,,
Thailand,17.96257278,1.083948758,0.023956066,6,Modelled,,,
Thailand,15.52167112,1.01742376,0.010506622,6,Modelled,,,
Thailand,16.76246329,1.014498859,0.002981443,6,Modelled,,,
Thailand,19.50643576,1.005774511,0.029314251,6,Modelled,,,
Thailand,19.59389674,1.322148754,0.034952358,6,Modelled,,,
Thailand,18.03474965,2.337987638,0.028412481,6,Modelled,,,
Thailand,17.93485738,1.008674259,0.01344191,6,Modelled,,,
Thailand,17.6853781,1.014498859,0.004688396,6,Modelled,,,
Thailand,18.91000701,1.014498859,0.005385508,6,Modelled,,,
Thailand,17.68396236,2.935059463,0.02702346,6,Modelled,,,
Thailand,14.12581902,1.008674259,0.002115251,6,Modelled,,,
Thailand,14.85259865,1.011582367,0.001070827,6,Modelled,,,
Thailand,18.08835612,1.002883099,0.023829757,6,Modelled,,,
Thailand,16.64060386,1.002883099,0.016658499,6,Modelled,,,
Thailand,18.52180641,1.014498859,0.024608199,6,Modelled,,,
Thailand,10.58454381,1.014498859,0.003501088,6,Modelled,,,
Thailand,17.55330841,2.526973282,0.025821615,6,Modelled,,,
Thailand,19.77059535,1.01742376,0.01632633,6,Modelled,,,
Thailand,15.78460053,1.014498859,0.008477241,6,Modelled,,,
Thailand,18.72888514,1.01742376,0.007717319,6,Modelled,,,
Thailand,19.59800318,1.212749049,0.033974872,6,Modelled,,,
Thailand,17.2655157,2.378724173,0.024288424,6,Modelled,,,
Thailand,19.331927,1.014498859,0.024889094,6,Modelled,,,
Thailand,19.6637162,1.835760217,0.038456098,6,Modelled,,,
Thailand,17.18347062,1.44557294,0.021913663,6,Modelled,,,
Thailand,18.58537043,1.005774511,0.010599971,6,Modelled,,,
Thailand,12.61954438,1.011582367,0.004035284,6,Modelled,,,
Thailand,17.16002935,2.483697926,0.023364913,6,Modelled,,,
Thailand,13.62945812,1.005774511,0.006780488,6,Modelled,,,
Thailand,17.79446649,4.110583512,0.028756524,6,Modelled,,,
Thailand,16.23098348,1.496386429,0.017548838,6,Modelled,,,
Thailand,17.58526993,1.492084601,0.024158136,6,Modelled,,,
Thailand,17.52856759,1.400511153,0.023210794,6,Modelled,,,
Thailand,16.00419106,1.014498859,0.005668169,6,Modelled,,,
Thailand,19.09726243,1.008674259,0.004293166,6,Modelled,,,
Thailand,17.13911699,1.005774511,0.008456943,6,Modelled,,,
Thailand,19.29702813,1.233879697,0.032041253,6,Modelled,,,
Thailand,13.86392227,1.014498859,0.00652407,6,Modelled,,,
Thailand,19.98338289,1.562422375,0.039560481,6,Modelled,,,
Thailand,19.18951957,1.005774511,0.001109841,6,Modelled,,,
Thailand,18.27832186,3.748810377,0.031972485,6,Modelled,,,
Thailand,14.36195819,1.011582367,0.006782712,6,Modelled,,,
Thailand,16.22323616,1.014498859,0.004873366,6,Modelled,,,
Thailand,16.84835566,2.351488373,0.021712619,6,Modelled,,,
Thailand,19.9394588,6.312480507,0.049914977,6,Modelled,,,
Thailand,11.65967406,1.40859842,0.005577246,6,Modelled,,,
Thailand,7.821481516,1.002883099,0.001474381,6,Modelled,,,
Thailand,16.02810321,2.392460142,0.017946684,6,Modelled,,,
Thailand,19.03348793,1.288331148,0.030971046,6,Modelled,,,
Thailand,18.19871884,1.280934379,0.026074824,6,Modelled,,,
Thailand,19.16598972,2.420170492,0.036518254,6,Modelled,,,
Thailand,17.2461381,1.011582367,0.01729444,6,Modelled,,,
Thailand,19.07447098,1.002883099,0.027201666,6,Modelled,,,
Thailand,17.80874306,17.49084144,0.030775766,6,Modelled,,,
Thailand,19.25214848,1.846360834,0.035794334,6,Modelled,,,
Thailand,15.40731989,1.002883099,0.003440252,6,Modelled,,,
Thailand,15.93479573,1.01742376,0.003520303,6,Modelled,,,
Thailand,17.49883071,2.762869296,0.025848045,6,Modelled,,,
Thailand,18.02471526,1.008674259,0.01071261,6,Modelled,,,
Thailand,19.17397039,2.213534379,0.036689496,6,Modelled,,,
Thailand,17.74789276,4.122434732,0.028282681,6,Modelled,,,
Thailand,17.68612919,1.014498859,0.016923404,6,Modelled,,,
Thailand,19.28456449,1.002883099,0.022103502,6,Modelled,,,
Thailand,12.01479017,1.008674259,0.005511801,6,Modelled,,,
Thailand,17.9456908,1.728062277,0.02640544,6,Modelled,,,
Thailand,17.47983682,1.005774511,0.009461261,6,Modelled,,,
Thailand,15.47635916,1.002883099,0.007389095,6,Modelled,,,
Thailand,16.30076999,1.014498859,0.016515374,6,Modelled,,,
Thailand,19.32440032,3.350667111,0.040239948,6,Modelled,,,
Thailand,19.12277299,1.062322951,0.029756035,6,Modelled,,,
Thailand,14.0553022,1.783663102,0.01071003,6,Modelled,,,
Thailand,18.33800652,1.01742376,0.025055567,6,Modelled,,,
Thailand,16.28464781,11.03470406,0.020538415,6,Modelled,,,
Thailand,16.13862907,1.011582367,0.005693785,6,Modelled,,,
Thailand,18.28834409,1.002883099,0.013911065,6,Modelled,,,
Thailand,16.20273325,1.008674259,0.012186379,6,Modelled,,,
Thailand,16.28040366,1.008674259,0.006576106,6,Modelled,,,
Thailand,17.75504556,1.008674259,0.009654148,6,Modelled,,,
Thailand,19.65330796,3.020786488,0.042337011,6,Modelled,,,
Thailand,15.77373794,2.977614476,0.016954399,6,Modelled,,,
Thailand,14.19749271,1.014498859,0.00473705,6,Modelled,,,
Thailand,18.0290986,1.008674259,0.022769787,6,Modelled,,,
Thailand,15.8522121,1.011582367,0.006813261,6,Modelled,,,
Thailand,19.87834315,1.835760217,0.040020128,6,Modelled,,,
Thailand,18.71223754,1.014498859,0.012448058,6,Modelled,,,
Thailand,19.29212629,1.005774511,0.018414985,6,Modelled,,,
Thailand,17.333693,1.416732386,0.022223729,6,Modelled,,,
Thailand,17.82432206,1.927841246,0.02655739,6,Modelled,,,
Thailand,12.94776706,1.014498859,0.001901235,6,Modelled,,,
Thailand,17.64720388,1.002883099,0.006894584,6,Modelled,,,
Thailand,14.36435808,1.011582367,0.007630929,6,Modelled,,,
Thailand,17.526298,1.608057505,0.024000778,6,Modelled,,,
Thailand,13.76344498,2.66904926,0.010122026,6,Modelled,,,
Thailand,11.61195829,1.020357094,0.005422568,6,Modelled,,,
Thailand,16.42437697,1.005774511,0.006341449,6,Modelled,,,
Thailand,16.01017162,1.01742376,0.013868765,6,Modelled,,,
Thailand,18.38103274,1.002883099,0.022239787,6,Modelled,,,
Thailand,19.32265825,1.011582367,0.001845043,6,Modelled,,,
Thailand,14.72426641,1.002883099,0.01175553,6,Modelled,,,
Thailand,18.83826822,2.351488373,0.034422188,6,Modelled,,,
Thailand,11.95567579,1.002883099,0.001300461,6,Modelled,,,
Thailand,15.05193839,1.01742376,0.002448362,6,Modelled,,,
Thailand,15.50590438,1.014498859,0.010372219,6,Modelled,,,
Thailand,19.57144221,1.372569625,0.034880091,6,Modelled,,,
Thailand,19.15194748,4.182205332,0.039438317,6,Modelled,,,
Thailand,10.8841611,1.01742376,0.001751938,6,Modelled,,,
Thailand,16.19317049,1.005774511,0.007481981,6,Modelled,,,
Thailand,17.9213092,1.005774511,0.018003655,6,Modelled,,,
Thailand,19.55231657,1.01742376,0.008219527,6,Modelled,,,
Thailand,15.74783389,1.002883099,0.014034135,6,Modelled,,,
Thailand,17.61164819,2.113884578,0.025801542,6,Modelled,,,
Thailand,18.32723213,1.014498859,0.017226103,6,Modelled,,,
Thailand,13.09928512,1.372569625,0.008178796,6,Modelled,,,
Thailand,16.62966313,1.277251935,0.018685124,6,Modelled,,,
Thailand,12.94065108,23.25903263,0.008488011,6,Modelled,,,
Thailand,13.1246304,1.005774511,0.004882079,6,Modelled,,,
Thailand,17.64868593,1.050159617,0.022443171,6,Modelled,,,
Thailand,16.85751347,1.462316096,0.020309084,6,Modelled,,,
Thailand,17.87904406,8.491457603,0.030547993,6,Modelled,,,
Thailand,17.38599251,1.002883099,0.00730185,6,Modelled,,,
Thailand,18.70746174,1.011582367,0.004132878,6,Modelled,,,
Thailand,15.48756056,1.005774511,0.013305478,7,Modelled,,,
Thailand,11.55302121,1.014498859,0.001374749,7,Modelled,,,
Thailand,18.79230922,4.329214479,0.037049719,7,Modelled,,,
Thailand,18.7120993,1.014498859,0.020528547,7,Modelled,,,
Thailand,19.10366854,1.011582367,0.020738311,7,Modelled,,,
Thailand,17.57648355,1.008674259,0.008353511,7,Modelled,,,
Thailand,15.62473616,2.207170887,0.016197625,7,Modelled,,,
Thailand,11.60416748,1.002883099,0.001984857,7,Modelled,,,
Thailand,16.54256212,1.071537815,0.017679718,7,Modelled,,,
Thailand,18.81298479,2.505242164,0.034222162,7,Modelled,,,
Thailand,17.82461919,1.002883099,0.00775033,7,Modelled,,,
Thailand,15.92608337,1.014498859,0.013514647,7,Modelled,,,
Thailand,13.67466209,1.002883099,0.003707682,7,Modelled,,,
Thailand,18.50544755,1.011582367,0.010416001,7,Modelled,,,
Thailand,18.72632037,2.059816141,0.032487255,7,Modelled,,,
Thailand,11.97958073,1.011582367,0.001737778,7,Modelled,,,
Thailand,18.19148375,8.840699352,0.032813623,7,Modelled,,,
Thailand,18.66778894,1.002883099,0.018261412,7,Modelled,,,
Thailand,14.58047903,1.002883099,0.004638698,7,Modelled,,,
Thailand,12.09982612,1.011582367,0.004533977,7,Modelled,,,
Thailand,17.06208298,1.955792745,0.022150997,7,Modelled,,,
Thailand,18.18646729,1.002883099,0.00660036,7,Modelled,,,
Thailand,13.85663986,1.011582367,0.00345009,7,Modelled,,,
Thailand,19.25838821,3.029495715,0.039350798,7,Modelled,,,
Thailand,16.19016439,15.67829474,0.020325077,7,Modelled,,,
Thailand,19.44016225,1.01742376,0.005148746,7,Modelled,,,
Thailand,19.46738436,1.059268973,0.031385217,7,Modelled,,,
Thailand,15.8342721,1.005774511,0.00106106,7,Modelled,,,
Thailand,19.30832363,24.21564404,0.04444879,7,Modelled,,,
Thailand,17.40144987,1.008674259,0.012410596,7,Modelled,,,
Thailand,18.72372389,1.01742376,0.021346699,7,Modelled,,,
Thailand,19.66319827,3.970998518,0.044272834,7,Modelled,,,
Thailand,19.29490654,1.005774511,0.011714538,7,Modelled,,,
Thailand,19.83276053,24.00739766,0.050522409,7,Modelled,,,
Thailand,15.47916783,1.002883099,0.01310665,7,Modelled,,,
Thailand,19.13917733,2.420170492,0.036577796,7,Modelled,,,
Thailand,18.403869,1.008674259,0.016736398,7,Modelled,,,
Thailand,13.73488802,1.171567166,0.009453173,7,Modelled,,,
Thailand,17.89097408,1.16484078,0.0243219,7,Modelled,,,
Thailand,11.28041253,1.008674259,0.002977822,7,Modelled,,,
Thailand,18.90268419,6.629112111,0.038971404,7,Modelled,,,
Thailand,18.22333176,1.011582367,0.010825162,7,Modelled,,,
Thailand,11.50962783,1.011582367,0.003162456,7,Modelled,,,
Thailand,18.85571792,1.125285741,0.028720518,7,Modelled,,,
Thailand,19.95794052,1.008674259,0.030441427,7,Modelled,,,
Thailand,18.13042321,1.603434644,0.027084715,7,Modelled,,,
Thailand,18.82345306,1.01742376,0.002297004,7,Modelled,,,
Thailand,19.29097946,1.191980271,0.031554697,7,Modelled,,,
Thailand,19.19063135,1.005774511,0.020476791,7,Modelled,,,
Thailand,18.19207963,1.002883099,0.009093331,7,Modelled,,,
Thailand,16.45095106,1.014498859,0.00124008,7,Modelled,,,
Thailand,12.71903354,1.014498859,0.001116312,7,Modelled,,,
Thailand,17.2173659,1.972757797,0.023111018,7,Modelled,,,
Thailand,18.82187691,1.01742376,0.025920666,7,Modelled,,,
Thailand,17.15403384,40.77581035,0.026020779,7,Modelled,,,
Thailand,18.19229914,1.002883099,0.023495157,7,Modelled,,,
Thailand,13.59019667,1.011582367,0.004456692,7,Modelled,,,
Thailand,19.72861336,7.901770851,0.04846636,7,Modelled,,,
Thailand,15.31083711,1.014498859,0.005795844,7,Modelled,,,
Thailand,18.24557152,1.068457346,0.025377745,7,Modelled,,,
Thailand,18.43781692,1.505027329,0.028609591,7,Modelled,,,
Thailand,15.98307069,1.008674259,0.007950302,7,Modelled,,,
Thailand,19.26050769,1.404548966,0.032959264,7,Modelled,,,
Thailand,17.57191709,1.008674259,0.015241286,7,Modelled,,,
Thailand,18.28192461,1.002883099,0.01320504,7,Modelled,,,
Thailand,19.36701552,2.399357842,0.038530845,7,Modelled,,,
Thailand,16.98421565,1.008674259,0.009827288,7,Modelled,,,
Thailand,15.58267529,1.01742376,0.004554095,7,Modelled,,,
Thailand,13.48653394,1.011582367,0.008332673,7,Modelled,,,
Thailand,19.97232087,1.011582367,0.018702821,7,Modelled,,,
Thailand,11.97496927,1.011582367,0.001395015,7,Modelled,,,
Thailand,16.90161844,1.008674259,0.01858036,7,Modelled,,,
Thailand,13.49219184,1.014498859,0.003324513,7,Modelled,,,
Thailand,17.0650043,1.008674259,0.003161389,7,Modelled,,,
Thailand,15.09619031,1.008674259,0.002649691,7,Modelled,,,
Thailand,17.64951998,7.699661237,0.028669617,7,Modelled,,,
Thailand,11.8499246,1.008674259,0.002500542,7,Modelled,,,
Thailand,19.41751839,1.008674259,0.002862967,7,Modelled,,,
Thailand,19.96692793,1.008674259,0.003829976,7,Modelled,,,
Thailand,18.49097528,1.248170944,0.027899883,7,Modelled,,,
Thailand,15.36719155,1.011582367,0.005276171,7,Modelled,,,
Thailand,19.8364169,1.005774511,0.016290455,7,Modelled,,,
Thailand,17.59868722,1.014498859,0.015953801,7,Modelled,,,
Thailand,18.92487691,1.01742376,0.017179757,7,Modelled,,,
Thailand,18.90251443,1.011582367,0.005364443,7,Modelled,,,
Thailand,15.35068933,1.005774511,0.006806203,7,Modelled,,,
Thailand,18.1399467,1.014498859,0.010625374,7,Modelled,,,
Thailand,19.93998714,1.002883099,0.025182109,7,Modelled,,,
Thailand,11.57563831,2.794869861,0.005633745,7,Modelled,,,
Thailand,10.3868986,1.008674259,0.003254897,7,Modelled,,,
Thailand,19.3137716,1.011582367,0.028642172,7,Modelled,,,
Thailand,19.54928027,1.01742376,0.014952575,7,Modelled,,,
Thailand,19.93897361,1.002883099,0.005356699,7,Modelled,,,
Thailand,19.98154839,5.513601309,0.049782065,7,Modelled,,,
Thailand,17.91045095,3.082280921,0.028513562,7,Modelled,,,
Thailand,13.01666835,5.466186196,0.008556362,7,Modelled,,,
Thailand,18.36932954,1.995607,0.029891016,7,Modelled,,,
Thailand,14.6146977,1.014498859,0.00102135,7,Modelled,,,
Thailand,18.81063398,1.014498859,0.026255578,7,Modelled,,,
Thailand,15.27540884,2.365067068,0.014941476,7,Modelled,,,
Thailand,19.89847713,2.977614476,0.044408661,7,Modelled,,,
Thailand,18.33420916,1.01742376,0.019308603,7,Modelled,,,
Thailand,15.05426281,3.716571871,0.014573798,7,Modelled,,,
Thailand,18.90725461,1.266267999,0.029879529,7,Modelled,,,
Thailand,19.78543172,1.128530051,0.034106781,7,Modelled,,,
Thailand,18.13308646,1.014498859,0.011751688,7,Modelled,,,
Thailand,18.80472076,1.011582367,0.018141465,7,Modelled,,,
Thailand,13.39942451,1.01742376,0.002181693,7,Modelled,,,
Thailand,15.97748861,1.005774511,0.007433444,7,Modelled,,,
Thailand,18.82555971,4.182205332,0.036624502,7,Modelled,,,
Thailand,19.32379527,1.014498859,0.015191011,7,Modelled,,,
Thailand,19.97867202,37.7262954,0.052778697,7,Modelled,,,
Thailand,14.36648459,1.08707389,0.010888937,7,Modelled,,,
Thailand,19.61459502,1.005774511,0.003157634,7,Modelled,,,
Thailand,19.90007726,2.095705883,0.041740516,7,Modelled,,,
Thailand,19.09574722,9.500455676,0.041666413,7,Modelled,,,
Thailand,18.24245341,1.01742376,0.021517482,7,Modelled,,,
Thailand,18.7122719,1.014498859,0.026472229,7,Modelled,,,
Thailand,16.78084321,1.984149508,0.021025176,7,Modelled,,,
Thailand,17.64308813,1.002883099,0.0060921,7,Modelled,,,
Thailand,17.433589,1.01742376,0.020388728,7,Modelled,,,
Thailand,18.77222754,1.002883099,0.016769126,7,Modelled,,,
Thailand,13.76766312,1.01742376,0.002832642,7,Modelled,,,
Thailand,14.65210054,1.008674259,0.004575193,7,Modelled,,,
Thailand,14.34158777,1.002883099,0.003245434,7,Modelled,,,
Thailand,13.06714922,1.002883099,0.001670972,7,Modelled,,,
Thailand,14.65451761,1.008674259,0.008132535,7,Modelled,,,
Thailand,13.9714455,1.011582367,0.005137296,7,Modelled,,,
Thailand,12.71501346,1.014498859,0.002861367,7,Modelled,,,
Thailand,19.86172248,1.916772821,0.040863824,7,Modelled,,,
Thailand,17.1743441,1.01742376,0.014079132,7,Modelled,,,
Thailand,16.05373879,1.099664778,0.016189571,7,Modelled,,,
Thailand,14.41750558,1.008674259,0.010393259,7,Modelled,,,
Thailand,14.92958001,1.01742376,0.00967797,7,Modelled,,,
Thailand,18.78206208,1.077725421,0.028037717,7,Modelled,,,
Thailand,19.32819446,1.014498859,0.006040608,7,Modelled,,,
Thailand,15.48152417,1.005774511,0.012577672,8,Modelled,,,
Thailand,14.28421025,1.002883099,0.005265952,8,Modelled,,,
Thailand,15.22217563,1.008674259,0.007959533,8,Modelled,,,
Thailand,19.94286022,4.719744398,0.047604875,8,Modelled,,,
Thailand,18.34897379,1.883947374,0.029543116,8,Modelled,,,
Thailand,9.943347818,1.005774511,0.001207782,8,Modelled,,,
Thailand,16.7006919,1.011582367,0.018261752,8,Modelled,,,
Thailand,19.02206376,13.42090943,0.041632426,8,Modelled,,,
Thailand,18.72264886,6.294333319,0.036805022,8,Modelled,,,
Thailand,16.90382613,1.01742376,0.018979871,8,Modelled,,,
Thailand,17.66911239,1.011582367,0.009634981,8,Modelled,,,
Thailand,16.15768976,12.16946029,0.020164342,8,Modelled,,,
Thailand,19.92093227,2.226316457,0.04222678,8,Modelled,,,
Thailand,16.34257315,1.7683242,0.018548254,8,Modelled,,,
Thailand,19.8238349,1.002883099,0.010681839,8,Modelled,,,
Thailand,19.94475115,1.002883099,0.012357887,8,Modelled,,,
Thailand,18.2148497,1.008674259,0.01564309,8,Modelled,,,
Thailand,19.80102014,2.661376248,0.042920686,8,Modelled,,,
Thailand,19.63313419,3.498532974,0.043289508,8,Modelled,,,
Thailand,17.42559427,1.014498859,0.016983881,8,Modelled,,,
Thailand,18.48855234,5.028348345,0.034358864,8,Modelled,,,
Thailand,18.11085068,1.005774511,0.002618744,8,Modelled,,,
Thailand,10.26559674,1.008674259,0.003009132,8,Modelled,,,
Thailand,19.64017206,1.011582367,0.008533747,8,Modelled,,,
Thailand,19.19112613,1.005774511,0.028721349,8,Modelled,,,
Thailand,13.9197759,1.014498859,0.006520234,8,Modelled,,,
Thailand,19.64953096,1.014498859,0.02998363,8,Modelled,,,
Thailand,15.88965532,1.002883099,0.01138106,8,Modelled,,,
Thailand,17.82975846,1.32596064,0.024596898,8,Modelled,,,
Thailand,18.75117134,1.758171619,0.031678244,8,Modelled,,,
Thailand,18.90293784,1.011582367,0.0131269,8,Modelled,,,
Thailand,19.84307769,5.403599724,0.04804943,8,Modelled,,,
Thailand,18.23176701,1.014498859,0.007026201,8,Modelled,,,
Thailand,11.43502441,1.011582367,0.00110955,8,Modelled,,,
Thailand,18.50672117,1.011582367,0.002309091,8,Modelled,,,
Thailand,16.1540522,1.01742376,0.0155245,8,Modelled,,,
Thailand,10.50857225,1.1416011,0.003992383,8,Modelled,,,
Thailand,17.62584689,1.664582507,0.024724103,8,Modelled,,,
Thailand,15.91824139,2.455260203,0.017464959,8,Modelled,,,
Thailand,17.93912145,2.819113285,0.0286161,8,Modelled,,,
Thailand,18.28441498,1.002883099,0.011361585,8,Modelled,,,
Thailand,16.49899231,1.005774511,0.007752354,8,Modelled,,,
Thailand,19.28975222,2.707747428,0.038703722,8,Modelled,,,
Thailand,17.86900198,1.580518923,0.025846566,8,Modelled,,,
Thailand,17.2323886,1.008674259,0.015341875,8,Modelled,,,
Thailand,18.38788764,1.4331415,0.027856605,8,Modelled,,,
Thailand,17.90111828,2.378724173,0.027865408,8,Modelled,,,
Thailand,15.37939409,1.01742376,0.003298721,8,Modelled,,,
Thailand,11.04218112,1.011582367,0.002555234,8,Modelled,,,
Thailand,14.99457957,1.01742376,0.003826128,8,Modelled,,,
Thailand,19.42846138,1.011582367,0.01555375,8,Modelled,,,
Thailand,18.56759701,3.880585212,0.03475659,8,Modelled,,,
Thailand,15.82334779,1.002883099,0.004839917,8,Modelled,,,
Thailand,16.30007396,1.014498859,0.010032917,8,Modelled,,,
Thailand,19.44694136,1.01742376,0.009887178,8,Modelled,,,
Thailand,13.46739348,1.002883099,0.00274811,8,Modelled,,,
Thailand,17.33441707,26.09781517,0.027273469,8,Modelled,,,
Thailand,18.75734995,2.868232838,0.034863373,8,Modelled,,,
Thailand,15.27901495,1.005774511,0.001971157,8,Modelled,,,
Thailand,15.29268173,1.008674259,0.00604881,8,Modelled,,,
Thailand,9.47953739,1.029207935,0.002207097,8,Modelled,,,
Thailand,18.46652399,1.857022665,0.030287273,8,Modelled,,,
Thailand,19.7821981,1.280934379,0.035882824,8,Modelled,,,
Thailand,17.4669548,1.011582367,0.02125709,8,Modelled,,,
Thailand,18.01983052,1.005774511,0.002696738,8,Modelled,,,
Thailand,14.41970731,1.008674259,0.004199225,8,Modelled,,,
Thailand,18.32525333,1.002883099,0.02517,8,Modelled,,,
Thailand,19.22638427,1.014498859,0.012081313,8,Modelled,,,
Thailand,17.56654968,1.005774511,0.019497625,8,Modelled,,,
Thailand,18.24283444,1.617343251,0.027802133,8,Modelled,,,
Thailand,16.89905173,1.008674259,0.006244322,8,Modelled,,,
Thailand,13.0780983,1.008674259,0.00176692,8,Modelled,,,
Thailand,18.52253787,1.014498859,0.001406988,8,Modelled,,,
Thailand,15.56234087,3.331429734,0.01638171,8,Modelled,,,
Thailand,19.26798482,3.781328527,0.040161073,8,Modelled,,,
Thailand,14.185907,3.695233704,0.011548798,8,Modelled,,,
Thailand,15.87295308,52.38172485,0.019041838,8,Modelled,,,
Thailand,18.78922913,1.008674259,0.007026647,8,Modelled,,,
Thailand,14.65662705,1.008674259,0.004069287,8,Modelled,,,
Thailand,13.74882281,1.014498859,0.009256933,8,Modelled,,,
Thailand,19.48612072,1.526848508,0.035746319,8,Modelled,,,
Thailand,18.1397667,1.014498859,0.016596874,8,Modelled,,,
Thailand,18.3880743,1.005774511,0.013598059,8,Modelled,,,
Thailand,19.29951332,4.942236012,0.041460327,8,Modelled,,,
Thailand,17.67327193,4.638917021,0.028387869,8,Modelled,,,
Thailand,18.72438641,1.01742376,0.024687242,8,Modelled,,,
Thailand,17.69760216,1.01742376,0.017581003,8,Modelled,,,
Thailand,18.49967576,1.008674259,0.006363819,8,Modelled,,,
Thailand,12.39588848,1.011582367,0.002759744,8,Modelled,,,
Thailand,19.75180572,1.011582367,0.019455024,8,Modelled,,,
Thailand,11.00189683,1.008674259,0.004373571,8,Modelled,,,
Thailand,16.06465448,1.011582367,0.007629509,8,Modelled,,,
Thailand,18.9458791,3.770457923,0.037092743,8,Modelled,,,
Thailand,19.69055881,5.642062068,0.045666255,8,Modelled,,,
Thailand,19.11436554,1.014498859,0.016543326,8,Modelled,,,
Thailand,16.33684417,30.75190101,0.021029744,8,Modelled,,,
Thailand,15.71200767,2.16313573,0.016409878,8,Modelled,,,
Thailand,16.40920926,1.002883099,0.001960994,8,Modelled,,,
Thailand,17.69513034,2.107807559,0.026174026,8,Modelled,,,
Thailand,19.66945454,3.748810377,0.043975542,8,Modelled,,,
Thailand,16.81092252,1.005774511,0.014890225,8,Modelled,,,
Thailand,11.69703553,1.011582367,0.001501041,8,Modelled,,,
Thailand,17.94527817,1.011582367,0.018133193,8,Modelled,,,
Thailand,16.43955082,1.011582367,0.004756386,9,Modelled,,,
Thailand,16.31854821,5.160338248,0.02031326,9,Modelled,,,
Thailand,17.29749951,1.16484078,0.021487998,9,Modelled,,,
Thailand,15.46702801,1.195416868,0.014421178,9,Modelled,,,
Thailand,11.4740182,1.011582367,0.003285972,9,Modelled,,,
Thailand,14.15308824,1.01742376,0.00626263,9,Modelled,,,
Thailand,18.79586414,1.008674259,0.001664849,9,Modelled,,,
Thailand,19.01444112,1.014498859,0.013268168,9,Modelled,,,
Thailand,19.93928816,1.002883099,0.025747998,9,Modelled,,,
Thailand,11.96679025,1.005774511,0.003530315,9,Modelled,,,
Thailand,14.73646772,2.707747428,0.013170791,9,Modelled,,,
Thailand,18.41337344,1.368623747,0.027672085,9,Modelled,,,
Thailand,19.52258045,1.008674259,0.030043814,9,Modelled,,,
Thailand,19.4542011,2.876502237,0.040779137,9,Modelled,,,
Thailand,17.58517403,9.55531616,0.028603625,9,Modelled,,,
Thailand,16.43520065,1.011582367,0.014020583,9,Modelled,,,
Thailand,14.17419042,1.005774511,0.005972994,9,Modelled,,,
Thailand,19.54707127,1.703365422,0.03737618,9,Modelled,,,
Thailand,13.01565888,1.002883099,0.006290639,9,Modelled,,,
Thailand,13.49678718,1.014498859,0.007571228,9,Modelled,,,
Thailand,17.06347636,4.746998612,0.024553615,9,Modelled,,,
Thailand,17.95341946,1.050159617,0.023658858,9,Modelled,,,
Thailand,14.76449603,1.002883099,0.009059429,9,Modelled,,,
Thailand,15.627583,1.008674259,0.005983124,9,Modelled,,,
Thailand,16.48860372,1.002883099,0.001520394,9,Modelled,,,
Thailand,18.6795905,1.233879697,0.028621095,9,Modelled,,,
Thailand,13.04790097,1.014498859,0.002743546,9,Modelled,,,
Thailand,12.00265069,1.005774511,0.003138433,9,Modelled,,,
Thailand,17.50524295,1.014498859,0.008595066,9,Modelled,,,
Thailand,19.01046102,5.34172985,0.039357363,9,Modelled,,,
Thailand,18.00196185,1.40859842,0.026007154,9,Modelled,,,
Thailand,17.23150389,1.008674259,0.002353183,9,Modelled,,,
Thailand,19.92722958,10.12164994,0.051273163,9,Modelled,,,
Thailand,11.6846799,1.005774511,0.001304699,9,Modelled,,,
Thailand,19.22962014,1.03813555,0.030159612,9,Modelled,,,
Thailand,19.97757268,1.804322141,0.041025602,9,Modelled,,,
Thailand,16.53313114,1.01742376,0.011675131,9,Modelled,,,
Thailand,19.21037282,1.011582367,0.022485964,9,Modelled,,,
Thailand,12.03789181,1.002883099,0.00258449,9,Modelled,,,
Thailand,17.95678702,1.053187331,0.023720856,9,Modelled,,,
Thailand,16.13184098,1.763240603,0.017649864,9,Modelled,,,
Thailand,13.97471225,1.288331148,0.010150802,9,Modelled,,,
Thailand,19.80200486,10.29800713,0.050071982,9,Modelled,,,
Thailand,16.43186933,1.262627717,0.01790948,9,Modelled,,,
Thailand,13.57918299,1.005774511,0.005542457,9,Modelled,,,
Thailand,19.20380931,1.008674259,0.026470055,9,Modelled,,,
Thailand,19.72723897,1.005774511,0.018700366,9,Modelled,,,
Thailand,19.19396096,3.25557839,0.038462452,9,Modelled,,,
Thailand,11.97782004,1.011582367,0.005422779,9,Modelled,,,
Thailand,15.01978381,1.005774511,0.006180514,9,Modelled,,,
Thailand,12.97688033,1.005774511,0.006546794,9,Modelled,,,
Thailand,15.42268468,1.008674259,0.010738705,9,Modelled,,,
Thailand,17.1622741,1.011582367,0.008235316,9,Modelled,,,
Thailand,9.436454508,1.005774511,0.002206658,9,Modelled,,,
Thailand,19.9747229,1.645523451,0.039944591,9,Modelled,,,
Thailand,18.78077458,1.005774511,0.001198693,9,Modelled,,,
Thailand,18.02182482,1.008674259,0.008984432,9,Modelled,,,
Thailand,17.22027896,1.005774511,0.002110625,9,Modelled,,,
Thailand,18.66119124,1.251769545,0.028487177,9,Modelled,,,
Thailand,18.89474861,1.008674259,0.023657304,9,Modelled,,,
Thailand,19.84066046,1.005774511,0.026819968,9,Modelled,,,
Thailand,19.3367739,1.01742376,0.022657088,9,Modelled,,,
Thailand,18.58269828,1.005774511,0.021934361,9,Modelled,,,
Thailand,15.56334145,1.008674259,0.001188912,9,Modelled,,,
Thailand,17.37937163,1.002883099,0.018152862,9,Modelled,,,
Thailand,15.46114652,11.03470406,0.016515373,9,Modelled,,,
Thailand,15.15697019,1.008674259,0.012740763,9,Modelled,,,
Thailand,16.59396477,1.011582367,0.006566025,9,Modelled,,,
Thailand,18.77377649,1.002883099,0.006653504,9,Modelled,,,
Thailand,18.23009026,1.014498859,0.024545401,9,Modelled,,,
Thailand,14.70745122,1.005774511,0.001220689,9,Modelled,,,
Thailand,18.09655192,1.002883099,0.023076505,9,Modelled,,,
Thailand,18.71341241,1.462316096,0.029996719,9,Modelled,,,
Thailand,15.68493066,56.7791056,0.018164582,9,Modelled,,,
Thailand,13.10738505,4.110583512,0.008700313,9,Modelled,,,
Thailand,16.31896613,1.753117208,0.018428331,9,Modelled,,,
Thailand,13.96275026,1.008674259,0.007489618,9,Modelled,,,
Thailand,10.17790973,1.008674259,0.00149548,9,Modelled,,,
Thailand,19.28657204,2.41321296,0.037975104,9,Modelled,,,
Thailand,18.098098,1.002883099,0.013569483,9,Modelled,,,
Thailand,14.1804209,1.005774511,0.003352158,9,Modelled,,,
Thailand,15.83712935,1.008674259,0.01028677,9,Modelled,,,
Thailand,11.8493538,1.841052896,0.00596832,9,Modelled,,,
Thailand,18.90766623,1.011582367,0.009448611,10,Modelled,,,
Thailand,13.43153866,1.008674259,0.003912104,10,Modelled,,,
Thailand,19.86130932,1.011582367,0.021518064,10,Modelled,,,
Thailand,11.58788876,1.014498859,0.00303408,10,Modelled,,,
Thailand,14.97691538,1.011582367,0.007969321,10,Modelled,,,
Thailand,15.57084905,1.174944911,0.014640912,10,Modelled,,,
Thailand,19.65773072,2.392460142,0.040742199,10,Modelled,,,
Thailand,17.40562809,1.008674259,0.003102355,10,Modelled,,,
Thailand,16.50830237,1.008674259,0.013005479,10,Modelled,,,
Thailand,17.79487891,3.399247961,0.028189374,10,Modelled,,,
Thailand,19.29058661,1.002883099,0.020654311,10,Modelled,,,
Thailand,10.89058445,1.020357094,0.001418356,10,Modelled,,,
Thailand,16.64059499,1.002883099,0.001865464,10,Modelled,,,
Thailand,17.48440933,1.008674259,0.020456784,10,Modelled,,,
Thailand,15.22642697,1.008674259,0.010470599,10,Modelled,,,
Thailand,19.42433736,1.068457346,0.031634994,10,Modelled,,,
Thailand,19.55023211,1.01742376,0.030243918,10,Modelled,,,
Thailand,18.11005822,1.005774511,0.013065666,10,Modelled,,,
Thailand,16.08356,1.01742376,0.012720252,10,Modelled,,,
Thailand,8.9719388,1.014498859,0.002431302,10,Modelled,,,
Thailand,17.62780625,1.333617414,0.023407087,10,Modelled,,,
Thailand,18.2413447,1.01742376,0.024228767,10,Modelled,,,
Thailand,18.75088162,4.291984694,0.035960255,10,Modelled,,,
Thailand,13.68048926,1.005774511,0.008389756,10,Modelled,,,
Thailand,17.10723514,3.283818119,0.024103205,10,Modelled,,,
Thailand,17.66070255,1.008674259,0.00312072,10,Modelled,,,
Thailand,14.49505151,1.014498859,0.001411307,10,Modelled,,,
Thailand,19.94855817,1.603434644,0.039752726,10,Modelled,,,
Thailand,18.21395438,1.008674259,0.005385181,10,Modelled,,,
Thailand,14.01073247,1.005774511,0.005458806,10,Modelled,,,
Thailand,9.952208629,1.011582367,0.001016213,10,Modelled,,,
Thailand,17.95220482,3.54925771,0.029704439,10,Modelled,,,
Thailand,18.47948359,1.002883099,0.020896204,10,Modelled,,,
Thailand,19.61163044,1.783663102,0.038254417,10,Modelled,,,
Thailand,18.8397917,3.781328527,0.036592513,10,Modelled,,,
Thailand,15.09228572,1.008674259,0.004459254,10,Modelled,,,
Thailand,12.7812659,1.002883099,0.002919275,10,Modelled,,,
Thailand,15.56098923,1.008674259,0.005427457,10,Modelled,,,
Thailand,17.56770543,1.005774511,0.011953819,10,Modelled,,,
Thailand,19.39125373,1.002883099,0.024959774,10,Modelled,,,
Thailand,19.14909798,1.95017021,0.035447687,10,Modelled,,,
Thailand,10.53609448,1.13504676,0.004066789,10,Modelled,,,
Thailand,17.66701084,1.008674259,0.016328085,10,Modelled,,,
Thailand,17.74720874,1.005774511,0.010890855,10,Modelled,,,
Thailand,8.390557256,1.023298884,0.001092167,10,Modelled,,,
Thailand,18.31930673,1.011582367,0.00457101,10,Modelled,,,
Thailand,17.82963235,1.005774511,0.009623857,10,Modelled,,,
Thailand,17.05675512,1.005774511,0.015829066,10,Modelled,,,
Thailand,17.06460285,1.008674259,0.006988074,10,Modelled,,,
Thailand,17.82757531,1.002883099,0.016075005,10,Modelled,,,
Thailand,15.31107882,1.014498859,0.011406755,10,Modelled,,,
Thailand,8.143738857,1.03813555,0.001217922,10,Modelled,,,
Thailand,16.11246981,1.002883099,0.007198226,10,Modelled,,,
Thailand,18.67291476,1.002883099,0.014002843,10,Modelled,,,
Thailand,19.31768146,1.011582367,0.020317659,10,Modelled,,,
Thailand,19.27689796,1.059268973,0.030212027,10,Modelled,,,
Thailand,17.54451104,1.074627164,0.022144283,10,Modelled,,,
Thailand,14.08028934,1.011582367,0.004984423,10,Modelled,,,
Thailand,18.61901317,1.014498859,0.019729087,10,Modelled,,,
Thailand,18.20300624,1.005774511,0.017684515,10,Modelled,,,
Thailand,15.60874097,1.002883099,0.001210797,10,Modelled,,,
Thailand,11.18202146,1.011582367,0.003501624,10,Modelled,,,
Thailand,17.8138787,9.364678523,0.029924267,10,Modelled,,,
Thailand,10.9211663,1.002883099,0.002666731,11,Modelled,,,
Thailand,19.49889214,1.002883099,0.023095662,11,Modelled,,,
Thailand,17.66953912,1.011582367,0.019381179,11,Modelled,,,
Thailand,15.78960316,1.014498859,0.010682817,11,Modelled,,,
Thailand,14.48699164,1.011582367,0.002187937,11,Modelled,,,
Thailand,18.23357788,1.014498859,0.018899833,11,Modelled,,,
Thailand,17.8530823,7.459645333,0.030622686,11,Modelled,,,
Thailand,18.28666488,1.002883099,0.008466688,11,Modelled,,,
Thailand,19.84079824,1.005774511,0.017709882,11,Modelled,,,
Thailand,17.30864405,1.005774511,0.020427559,11,Modelled,,,
Thailand,11.96158373,1.005774511,0.003287257,11,Modelled,,,
Thailand,16.92828231,1.01742376,0.006190914,11,Modelled,,,
Thailand,13.02251198,1.005774511,0.00693365,11,Modelled,,,
Thailand,15.02476421,1.005774511,0.003143151,11,Modelled,,,
Thailand,18.82642099,3.25557839,0.03572267,11,Modelled,,,
Thailand,19.14269845,4.063518353,0.039346236,11,Modelled,,,
Thailand,17.22721709,1.005774511,0.013040735,11,Modelled,,,
Thailand,8.423071813,1.005774511,0.001018593,11,Modelled,,,
Thailand,13.1811441,1.329783516,0.008270653,11,Modelled,,,
Thailand,19.63800626,1.011582367,0.015242843,11,Modelled,,,
Thailand,12.0368841,1.002883099,0.001881073,11,Modelled,,,
Thailand,19.53398199,1.011582367,0.001448017,11,Modelled,,,
Thailand,17.8695597,1.288331148,0.024865153,11,Modelled,,,
Thailand,15.40759186,1.002883099,0.007699964,11,Modelled,,,
Thailand,19.40420079,8.540491617,0.044839386,11,Modelled,,,
Thailand,19.6449736,5.326373387,0.045677422,11,Modelled,,,
Thailand,13.7803806,1.002883099,0.004697709,11,Modelled,,,
Thailand,18.58626412,1.178332393,0.027887572,11,Modelled,,,
Thailand,18.68023113,1.005774511,0.021377464,11,Modelled,,,
Thailand,17.56119254,1.002883099,0.011147316,11,Modelled,,,
Thailand,18.93083272,1.548986069,0.032295986,11,Modelled,,,
Thailand,15.76771568,1.008674259,0.005470248,11,Modelled,,,
Thailand,15.36489787,1.598825073,0.014485323,11,Modelled,,,
Thailand,13.16408915,1.002883099,0.00457357,11,Modelled,,,
Thailand,19.08661287,1.005774511,0.026007002,11,Modelled,,,
Thailand,16.75957631,1.014498859,0.011098939,11,Modelled,,,
Thailand,10.84262511,1.029207935,0.00258566,11,Modelled,,,
Thailand,10.30088725,1.011582367,0.001352156,11,Modelled,,,
Thailand,12.92281098,1.002883099,0.004475634,11,Modelled,,,
Thailand,17.01140689,2.226316457,0.022679587,11,Modelled,,,
Thailand,16.69203719,71.07435518,0.023680164,11,Modelled,,,
Thailand,11.32735437,1.011582367,0.00274365,11,Modelled,,,
Thailand,10.80992158,1.029207935,0.003791561,11,Modelled,,,
Thailand,16.87774942,1.212749049,0.019775369,11,Modelled,,,
Thailand,15.07876144,1.364689212,0.013427473,12,Modelled,,,
Thailand,19.11360637,1.011582367,0.01661732,12,Modelled,,,
Thailand,10.66592881,6.098124673,0.004414793,12,Modelled,,,
Thailand,19.43381465,1.014498859,0.012470509,12,Modelled,,,
Thailand,19.53423688,1.011582367,0.030837751,12,Modelled,,,
Thailand,15.54289141,1.002883099,0.013579794,12,Modelled,,,
Thailand,12.18169314,1.011582367,0.003476917,12,Modelled,,,
Thailand,11.42199639,1.005774511,0.003609333,12,Modelled,,,
Thailand,19.65489445,1.014498859,0.028729549,12,Modelled,,,
Thailand,13.63487195,1.008674259,0.006113695,12,Modelled,,,
Thailand,14.23305722,1.005774511,0.004990583,12,Modelled,,,
Thailand,19.72338441,1.005774511,0.013828717,12,Modelled,,,
Thailand,18.92218513,2.519708712,0.035032474,12,Modelled,,,
Thailand,17.87185809,1.01742376,0.001551313,12,Modelled,,,
Thailand,10.91903397,1.01742376,0.001051997,12,Modelled,,,
Thailand,14.90355312,54.22300047,0.014675759,12,Modelled,,,
Thailand,19.10996169,1.922299067,0.034995309,12,Modelled,,,
Thailand,12.93543234,1.008674259,0.005887554,12,Modelled,,,
Thailand,17.78319529,1.01742376,0.00974505,12,Modelled,,,
Thailand,19.99311189,1.219752081,0.036219027,12,Modelled,,,
Thailand,18.92257121,3.858305386,0.037088299,12,Modelled,,,
Thailand,18.74643652,1.441417191,0.030173079,12,Modelled,,,
Thailand,10.85489683,1.002883099,0.003169951,12,Modelled,,,
Thailand,17.40933141,1.011582367,0.020778897,12,Modelled,,,
Thailand,13.24239409,1.014498859,0.002345674,12,Modelled,,,
Thailand,18.64038322,2.213534379,0.032740251,12,Modelled,,,
Thailand,16.52733149,1.014498859,0.003569732,12,Modelled,,,
Thailand,19.86927119,3.379731664,0.045641783,13,Modelled,,,
Thailand,14.11195528,1.002883099,0.002371337,13,Modelled,,,
Thailand,19.58419201,1.404548966,0.035717449,13,Modelled,,,
Thailand,18.32385613,2.723383345,0.030969402,13,Modelled,,,
Thailand,16.04016926,2.811008867,0.018073154,13,Modelled,,,
Thailand,18.50377669,1.011582367,0.003299941,13,Modelled,,,
Thailand,18.88150357,1.005774511,0.006608914,13,Modelled,,,
Thailand,15.9646684,1.002883099,0.006509742,13,Modelled,,,
Thailand,18.77473304,1.241004749,0.029327913,13,Modelled,,,
Thailand,14.80339876,1.01742376,0.004991333,13,Modelled,,,
Thailand,19.80314636,1.655025544,0.038579344,13,Modelled,,,
Thailand,17.84386611,1.299506466,0.0246155,13,Modelled,,,
Thailand,18.92122547,1.01742376,0.017154943,13,Modelled,,,
Thailand,18.29537685,1.005774511,0.010760501,13,Modelled,,,
Thailand,19.07875496,1.002883099,0.015393466,13,Modelled,,,
Thailand,17.3121743,1.005774511,0.012334246,13,Modelled,,,
Thailand,12.90627776,1.014498859,0.001556106,13,Modelled,,,
Thailand,14.03527727,1.01742376,0.002882845,14,Modelled,,,
Thailand,16.35884041,1.011582367,0.007311979,14,Modelled,,,
Thailand,18.77825345,2.138368364,0.032910482,14,Modelled,,,
Thailand,16.97274299,1.005774511,0.01249806,14,Modelled,,,
Thailand,17.07385007,1.011582367,0.012899848,14,Modelled,,,
Thailand,15.04501933,1.014498859,0.009130777,14,Modelled,,,
Thailand,19.64234895,1.011582367,0.013402045,15,Modelled,,,
Thailand,14.60630002,6.010972432,0.013210824,15,Modelled,,,
Thailand,17.90977964,7.247947748,0.030275189,16,Modelled,,,
Canada,16.57840266,23.80094214,0.430895151,2,Modelled,,,
Canada,12.5352124,2.007130655,0.058663238,2,Modelled,,,
Canada,16.62495451,3.970998518,0.159526391,2,Modelled,,,
Canada,17.10107502,4.218482862,0.174946305,2,Modelled,,,
Canada,13.44389964,8.739475543,0.166998747,2,Modelled,,,
Canada,12.99982291,13.81290647,0.171992729,2,Modelled,,,
Canada,11.84843813,8.322044956,0.115687181,2,Modelled,,,
Canada,15.28049203,4.599023899,0.1596171,2,Modelled,,,
Canada,15.79078965,4.507269002,0.16633177,2,Modelled,,,
Canada,17.66022373,10.62934802,0.377029288,2,Modelled,,,
Canada,15.16302791,4.899734448,0.164961672,2,Modelled,,,
Canada,19.84396799,13.00254924,0.56989709,2,Modelled,,,
Canada,16.57897429,4.829709176,0.190266272,2,Modelled,,,
Canada,19.53474719,28.04542111,0.800995165,2,Modelled,,,
Canada,16.32489235,4.051836506,0.159462725,2,Modelled,,,
Canada,19.67127563,27.09306972,0.803302169,3,Modelled,,,
Canada,18.67190581,30.05172925,0.69722788,3,Modelled,,,
Canada,15.61236661,7.811297539,0.234890231,3,Modelled,,,
Canada,17.43492323,30.57534336,0.540754111,3,Modelled,,,
Canada,11.38751066,89.74045085,0.13170416,3,Modelled,,,
Canada,12.83258954,4.559473844,0.112002647,3,Modelled,,,
Canada,11.73516428,6.862132741,0.106376442,3,Modelled,,,
Canada,13.70877879,7.35303472,0.163188175,3,Modelled,,,
Canada,14.82374018,4.733351889,0.154174951,3,Modelled,,,
Canada,19.29471781,8.203109232,0.37984905,3,Modelled,,,
Canada,18.19724777,5.357130588,0.237389915,3,Modelled,,,
Canada,12.03161098,5.85722521,0.107724217,3,Modelled,,,
Canada,16.18865398,9.721805694,0.288701461,3,Modelled,,,
Canada,18.01036216,22.72946153,0.560843254,3,Modelled,,,
Canada,19.6532644,23.05901279,0.759448211,3,Modelled,,,
Canada,12.17211146,1.713201524,0.048346134,3,Modelled,,,
Canada,13.73730724,26.17305776,0.226727726,3,Modelled,,,
Canada,15.18336896,8.664319,0.229788952,3,Modelled,,,
Canada,13.44398427,2.556241613,0.080556063,3,Modelled,,,
Canada,12.69120794,5.028348345,0.114189411,3,Modelled,,,
Canada,16.5277636,4.146239776,0.165279178,3,Modelled,,,
Canada,16.25420851,6.9017582,0.239847852,3,Modelled,,,
Canada,15.79045489,5.908032296,0.203437537,3,Modelled,,,
Canada,17.51508367,7.502721136,0.29746135,3,Modelled,,,
Canada,17.79787594,69.85718044,0.667833389,3,Modelled,,,
Canada,16.53476007,4.075233879,0.162622694,3,Modelled,,,
Canada,17.3920723,5.72386553,0.236695023,3,Modelled,,,
Canada,8.513048754,4.366767205,0.043119007,3,Modelled,,,
Canada,16.80341204,96.71556519,0.541863267,3,Modelled,,,
Canada,18.10115938,16.60753117,0.508689125,3,Modelled,,,
Canada,18.055596,37.61783944,0.651144082,3,Modelled,,,
Canada,17.27756128,38.38362932,0.555777855,3,Modelled,,,
Canada,11.97541107,62.61799748,0.153274167,3,Modelled,,,
Canada,18.5662226,24.21564404,0.641839545,3,Modelled,,,
Canada,16.17341352,2160.646139,0.496560652,3,Modelled,,,
Canada,13.96753352,4.206355521,0.126767637,3,Modelled,,,
Canada,17.40986931,5.160338248,0.21663899,3,Modelled,,,
Canada,16.31079846,5.388065396,0.202205974,3,Modelled,,,
Canada,17.41380939,13.38232685,0.410245311,3,Modelled,,,
Canada,19.78481274,222.8881717,1.181537978,3,Modelled,,,
Canada,13.93148767,6.921656654,0.167301935,3,Modelled,,,
Canada,14.73189413,15.5434667,0.261066679,3,Modelled,,,
Canada,13.25610236,12.31041144,0.176206709,3,Modelled,,,
Canada,16.3512368,15.23335977,0.357693909,3,Modelled,,,
Canada,19.71344684,25.21159953,0.788471657,3,Modelled,,,
Canada,19.35657024,9.500455676,0.429762501,3,Modelled,,,
Canada,19.34935886,10.62934802,0.467517327,3,Modelled,,,
Canada,16.64312186,4.520263906,0.180781647,3,Modelled,,,
Canada,13.49492078,21.76879846,0.209873333,3,Modelled,,,
Canada,13.98053424,7.721860125,0.176571497,3,Modelled,,,
Canada,15.57408864,10.97134988,0.275346508,3,Modelled,,,
Canada,16.71935851,5.513601309,0.215432002,3,Modelled,,,
Canada,19.34719797,17.04346486,0.621329424,3,Modelled,,,
Canada,13.26245836,124.2434689,0.22186235,4,Modelled,,,
Canada,18.57192621,14.46405527,0.509618861,4,Modelled,,,
Canada,11.75411579,16.70343154,0.130051227,4,Modelled,,,
Canada,19.26943618,472.5182694,1.064846877,4,Modelled,,,
Canada,16.41863213,13.49840861,0.347555788,4,Modelled,,,
Canada,19.93747601,13.65475213,0.594039726,4,Modelled,,,
Canada,11.13645279,6.572103982,0.092387817,4,Modelled,,,
Canada,11.30402421,2.676744394,0.063362022,4,Modelled,,,
Canada,10.26263795,1.4331415,0.03318001,4,Modelled,,,
Canada,17.44874964,15.05894158,0.436577943,4,Modelled,,,
Canada,16.29637781,24.42569679,0.406435896,4,Modelled,,,
Canada,13.98966783,15.8598865,0.221250639,4,Modelled,,,
Canada,19.94746176,24.92293299,0.82478715,4,Modelled,,,
Canada,16.5206981,4.774410207,0.187259445,4,Modelled,,,
Canada,16.07052143,85.82998556,0.39689873,4,Modelled,,,
Canada,16.07559267,86.67064728,0.398526067,4,Modelled,,,
Canada,16.08066392,87.51130901,0.400153404,4,Modelled,,,
Canada,16.08573516,88.35197074,0.401780741,4,Modelled,,,
Canada,16.09080641,89.19263247,0.403408078,4,Modelled,,,
Canada,16.09587765,90.0332942,0.405035416,4,Modelled,,,
Canada,16.10094889,90.87395593,0.406662753,4,Modelled,,,
Canada,16.10602014,91.71461766,0.40829009,4,Modelled,,,
Canada,16.11109138,92.55527939,0.409917427,4,Modelled,,,
Canada,16.11616263,93.39594112,0.411544764,4,Modelled,,,
Canada,16.12123387,94.23660285,0.413172101,4,Modelled,,,
Canada,16.12630512,95.07726457,0.414799439,4,Modelled,,,
Canada,16.13137636,95.9179263,0.416426776,4,Modelled,,,
Canada,16.1364476,96.75858803,0.418054113,4,Modelled,,,
Canada,16.14151885,97.59924976,0.41968145,4,Modelled,,,
Canada,16.14659009,98.43991149,0.421308787,4,Modelled,,,
Canada,16.15166134,99.28057322,0.422936124,4,Modelled,,,
Canada,16.15673258,100.1212349,0.424563462,4,Modelled,,,
Canada,16.16180383,100.9618967,0.426190799,4,Modelled,,,
Canada,16.16687507,101.8025584,0.427818136,4,Modelled,,,
Canada,16.17194631,102.6432201,0.429445473,4,Modelled,,,
Canada,16.17701756,103.4838819,0.43107281,4,Modelled,,,
Canada,16.1820888,104.3245436,0.432700147,4,Modelled,,,
Canada,16.18716005,105.1652053,0.434327485,4,Modelled,,,
Canada,16.19223129,106.0058671,0.435954822,4,Modelled,,,
Canada,16.19730254,106.8465288,0.437582159,4,Modelled,,,
Canada,16.20237378,107.6871905,0.439209496,4,Modelled,,,
Canada,16.20744503,108.5278522,0.440836833,4,Modelled,,,
Canada,16.21251627,109.368514,0.44246417,4,Modelled,,,
Canada,16.21758751,110.2091757,0.444091508,4,Modelled,,,
Canada,16.22265876,111.0498374,0.445718845,4,Modelled,,,
Canada,16.22773,111.8904992,0.447346182,4,Modelled,,,
Canada,16.23280125,112.7311609,0.448973519,4,Modelled,,,
Canada,16.23787249,113.5718226,0.450600856,4,Modelled,,,
Canada,16.24294374,114.4124843,0.452228193,4,Modelled,,,
Canada,16.24801498,115.2531461,0.45385553,4,Modelled,,,
Canada,16.25308622,116.0938078,0.455482868,4,Modelled,,,
Canada,16.25815747,116.9344695,0.457110205,4,Modelled,,,
Canada,16.26322871,117.7751313,0.458737542,4,Modelled,,,
Canada,16.26829996,118.615793,0.460364879,4,Modelled,,,
Canada,16.2733712,119.4564547,0.461992216,4,Modelled,,,
Canada,16.27844245,120.2971164,0.463619553,4,Modelled,,,
Canada,16.28351369,121.1377782,0.465246891,4,Modelled,,,
Canada,16.28858493,121.9784399,0.466874228,4,Modelled,,,
Canada,16.29365618,122.8191016,0.468501565,4,Modelled,,,
Canada,16.29872742,123.6597634,0.470128902,4,Modelled,,,
Canada,16.30379867,124.5004251,0.471756239,4,Modelled,,,
Canada,16.30886991,125.3410868,0.473383576,4,Modelled,,,
Canada,16.31394116,126.1817485,0.475010914,4,Modelled,,,
Canada,16.3190124,127.0224103,0.476638251,4,Modelled,,,
Canada,16.32408364,127.863072,0.478265588,4,Modelled,,,
Canada,16.32915489,128.7037337,0.479892925,4,Modelled,,,
Canada,16.33422613,129.5443955,0.481520262,4,Modelled,,,
Canada,16.33929738,130.3850572,0.483147599,4,Modelled,,,
Canada,16.34436862,131.2257189,0.484774937,4,Modelled,,,
Canada,16.34943987,132.0663807,0.486402274,4,Modelled,,,
Canada,16.35451111,132.9070424,0.488029611,4,Modelled,,,
Canada,16.35958235,133.7477041,0.489656948,4,Modelled,,,
Canada,16.3646536,134.5883658,0.491284285,4,Modelled,,,
Canada,16.36972484,135.4290276,0.492911622,4,Modelled,,,
Canada,16.37479609,136.2696893,0.49453896,4,Modelled,,,
Canada,16.37986733,137.110351,0.496166297,4,Modelled,,,
Canada,16.38493858,137.9510128,0.497793634,4,Modelled,,,
Canada,16.39000982,138.7916745,0.499420971,4,Modelled,,,
Canada,16.39508106,139.6323362,0.501048308,4,Modelled,,,
Canada,16.40015231,140.4729979,0.502675645,4,Modelled,,,
Canada,16.40522355,141.3136597,0.504302983,4,Modelled,,,
Canada,16.4102948,142.1543214,0.50593032,4,Modelled,,,
Canada,16.41536604,142.9949831,0.507557657,4,Modelled,,,
Canada,16.42043729,143.8356449,0.509184994,4,Modelled,,,
Canada,16.42550853,144.6763066,0.510812331,4,Modelled,,,
Canada,16.43057977,145.5169683,0.512439668,4,Modelled,,,
Canada,16.43565102,146.35763,0.514067006,4,Modelled,,,
Canada,16.44072226,147.1982918,0.515694343,4,Modelled,,,
Canada,16.44579351,148.0389535,0.51732168,4,Modelled,,,
Canada,16.45086475,148.8796152,0.518949017,4,Modelled,,,
Canada,16.455936,149.720277,0.520576354,4,Modelled,,,
Canada,16.46100724,150.5609387,0.522203691,4,Modelled,,,
Canada,16.46607848,151.4016004,0.523831029,4,Modelled,,,
Canada,16.47114973,152.2422621,0.525458366,4,Modelled,,,
Canada,16.47622097,153.0829239,0.527085703,4,Modelled,,,
Canada,16.48129222,153.9235856,0.52871304,4,Modelled,,,
Canada,16.48636346,154.7642473,0.530340377,4,Modelled,,,
Canada,16.49143471,155.6049091,0.531967714,4,Modelled,,,
Canada,16.49650595,156.4455708,0.533595052,4,Modelled,,,
Canada,16.50157719,157.2862325,0.535222389,4,Modelled,,,
Canada,16.50664844,158.1268943,0.536849726,4,Modelled,,,
Canada,16.51171968,158.967556,0.538477063,4,Modelled,,,
Canada,16.51679093,159.8082177,0.5401044,4,Modelled,,,
Canada,16.52186217,160.6488794,0.541731737,4,Modelled,,,
Canada,16.52693342,161.4895412,0.543359074,4,Modelled,,,
Canada,16.53200466,162.3302029,0.544986412,4,Modelled,,,
Canada,16.5370759,163.1708646,0.546613749,4,Modelled,,,
Canada,16.54214715,164.0115264,0.548241086,4,Modelled,,,
Canada,16.54721839,164.8521881,0.549868423,4,Modelled,,,
Canada,16.55228964,165.6928498,0.55149576,4,Modelled,,,
Canada,16.55736088,166.5335115,0.553123097,4,Modelled,,,
Canada,16.56243213,167.3741733,0.554750435,4,Modelled,,,
Canada,16.56750337,168.214835,0.556377772,4,Modelled,,,
Canada,16.57257461,169.0554967,0.558005109,4,Modelled,,,
Canada,16.57764586,169.8961585,0.559632446,4,Modelled,,,
Canada,16.5827171,170.7368202,0.561259783,4,Modelled,,,
Canada,16.58778835,171.5774819,0.56288712,4,Modelled,,,
Canada,16.59285959,172.4181436,0.564514458,4,Modelled,,,
Canada,16.59793084,173.2588054,0.566141795,4,Modelled,,,
Canada,16.60300208,174.0994671,0.567769132,5,Modelled,,,
Canada,16.60807332,174.9401288,0.569396469,5,Modelled,,,
Canada,16.61314457,175.7807906,0.571023806,5,Modelled,,,
Canada,16.61821581,176.6214523,0.572651143,5,Modelled,,,
Canada,16.62328706,177.462114,0.574278481,5,Modelled,,,
Canada,16.6283583,178.3027757,0.575905818,5,Modelled,,,
Canada,16.63342955,179.1434375,0.577533155,5,Modelled,,,
Canada,16.63850079,179.9840992,0.579160492,5,Modelled,,,
Canada,16.64357203,180.8247609,0.580787829,5,Modelled,,,
Canada,16.64864328,181.6654227,0.582415166,5,Modelled,,,
Canada,16.65371452,182.5060844,0.584042504,5,Modelled,,,
Canada,16.65878577,183.3467461,0.585669841,5,Modelled,,,
Canada,16.66385701,184.1874078,0.587297178,5,Modelled,,,
Canada,16.66892826,185.0280696,0.588924515,5,Modelled,,,
Canada,16.6739995,185.8687313,0.590551852,5,Modelled,,,
Canada,16.67907075,186.709393,0.592179189,5,Modelled,,,
Canada,16.68414199,187.5500548,0.593806527,5,Modelled,,,
Canada,16.68921323,188.3907165,0.595433864,5,Modelled,,,
Canada,16.69428448,189.2313782,0.597061201,5,Modelled,,,
Canada,16.69935572,190.07204,0.598688538,5,Modelled,,,
Canada,16.70442697,190.9127017,0.600315875,5,Modelled,,,
Canada,16.70949821,191.7533634,0.601943212,5,Modelled,,,
Canada,16.71456946,192.5940251,0.60357055,5,Modelled,,,
Canada,16.7196407,193.4346869,0.605197887,5,Modelled,,,
Canada,16.72471194,194.2753486,0.606825224,5,Modelled,,,
Canada,16.72978319,195.1160103,0.608452561,5,Modelled,,,
Canada,16.73485443,195.9566721,0.610079898,5,Modelled,,,
Canada,16.73992568,196.7973338,0.611707235,5,Modelled,,,
Canada,16.74499692,197.6379955,0.613334573,5,Modelled,,,
Canada,16.75006817,198.4786572,0.61496191,5,Modelled,,,
Canada,16.75513941,199.319319,0.616589247,5,Modelled,,,
Canada,16.76021065,200.1599807,0.618216584,5,Modelled,,,
Canada,16.7652819,201.0006424,0.619843921,5,Modelled,,,
Canada,16.77035314,201.8413042,0.621471258,5,Modelled,,,
Canada,16.77542439,202.6819659,0.623098596,5,Modelled,,,
Canada,16.78049563,203.5226276,0.624725933,5,Modelled,,,
Canada,16.78556688,204.3632893,0.62635327,5,Modelled,,,
Canada,16.79063812,205.2039511,0.627980607,5,Modelled,,,
Canada,16.79570936,206.0446128,0.629607944,5,Modelled,,,
Canada,16.80078061,206.8852745,0.631235281,5,Modelled,,,
Canada,16.80585185,207.7259363,0.632862618,5,Modelled,,,
Canada,16.8109231,208.566598,0.634489956,5,Modelled,,,
Canada,16.81599434,209.4072597,0.636117293,5,Modelled,,,
Canada,16.82106559,210.2479214,0.63774463,5,Modelled,,,
Canada,16.82613683,211.0885832,0.639371967,5,Modelled,,,
Canada,16.83120807,211.9292449,0.640999304,5,Modelled,,,
Canada,16.83627932,212.7699066,0.642626641,5,Modelled,,,
Canada,16.84135056,213.6105684,0.644253979,5,Modelled,,,
Canada,16.84642181,214.4512301,0.645881316,5,Modelled,,,
Canada,16.85149305,215.2918918,0.647508653,5,Modelled,,,
Canada,16.8565643,216.1325536,0.64913599,5,Modelled,,,
Canada,16.86163554,216.9732153,0.650763327,5,Modelled,,,
Canada,16.86670678,217.813877,0.652390664,5,Modelled,,,
Canada,16.87177803,218.6545387,0.654018002,5,Modelled,,,
Canada,16.87684927,219.4952005,0.655645339,5,Modelled,,,
Canada,16.88192052,220.3358622,0.657272676,5,Modelled,,,
Canada,16.88699176,221.1765239,0.658900013,5,Modelled,,,
Canada,16.89206301,222.0171857,0.66052735,5,Modelled,,,
Canada,16.89713425,222.8578474,0.662154687,5,Modelled,,,
Canada,16.90220549,223.6985091,0.663782025,5,Modelled,,,
Canada,16.90727674,224.5391708,0.665409362,5,Modelled,,,
Canada,16.91234798,225.3798326,0.667036699,5,Modelled,,,
Canada,16.91741923,226.2204943,0.668664036,5,Modelled,,,
Canada,16.92249047,227.061156,0.670291373,5,Modelled,,,
Canada,16.92756172,227.9018178,0.67191871,5,Modelled,,,
Canada,16.93263296,228.7424795,0.673546048,5,Modelled,,,
Canada,16.9377042,229.5831412,0.675173385,5,Modelled,,,
Canada,16.94277545,230.4238029,0.676800722,5,Modelled,,,
Canada,16.94784669,231.2644647,0.678428059,5,Modelled,,,
Canada,16.95291794,232.1051264,0.680055396,5,Modelled,,,
Canada,16.95798918,232.9457881,0.681682733,5,Modelled,,,
Canada,16.96306043,233.7864499,0.683310071,5,Modelled,,,
Canada,16.96813167,234.6271116,0.684937408,5,Modelled,,,
Canada,16.97320291,235.4677733,0.686564745,5,Modelled,,,
Canada,16.97827416,236.308435,0.688192082,5,Modelled,,,
Canada,16.9833454,237.1490968,0.689819419,5,Modelled,,,
Canada,16.98841665,237.9897585,0.691446756,5,Modelled,,,
Canada,16.99348789,238.8304202,0.693074094,5,Modelled,,,
Canada,16.99855914,239.671082,0.694701431,5,Modelled,,,
Canada,17.00363038,240.5117437,0.696328768,5,Modelled,,,
Canada,17.00870162,241.3524054,0.697956105,5,Modelled,,,
Canada,17.01377287,242.1930672,0.699583442,5,Modelled,,,
Canada,17.01884411,243.0337289,0.701210779,5,Modelled,,,
Canada,17.02391536,243.8743906,0.702838117,5,Modelled,,,
Canada,17.0289866,244.7150523,0.704465454,5,Modelled,,,
Canada,17.03405785,245.5557141,0.706092791,5,Modelled,,,
Canada,17.03912909,246.3963758,0.707720128,5,Modelled,,,
Canada,17.04420033,247.2370375,0.709347465,5,Modelled,,,
Canada,17.04927158,248.0776993,0.710974802,5,Modelled,,,
Canada,17.05434282,248.918361,0.71260214,5,Modelled,,,
Canada,17.05941407,249.7590227,0.714229477,5,Modelled,,,
Canada,17.06448531,250.5996844,0.715856814,5,Modelled,,,
Canada,17.06955656,251.4403462,0.717484151,5,Modelled,,,
Canada,17.0746278,252.2810079,0.719111488,5,Modelled,,,
Canada,17.07969904,253.1216696,0.720738825,5,Modelled,,,
Canada,17.08477029,253.9623314,0.722366162,5,Modelled,,,
Canada,17.08984153,254.8029931,0.7239935,5,Modelled,,,
Canada,17.09491278,255.6436548,0.725620837,5,Modelled,,,
Canada,17.09998402,256.4843165,0.727248174,5,Modelled,,,
Canada,17.10505527,257.3249783,0.728875511,5,Modelled,,,
Canada,17.11012651,258.16564,0.730502848,5,Modelled,,,
Canada,17.11519776,259.0063017,0.732130185,5,Modelled,,,
Canada,17.120269,259.8469635,0.733757523,5,Modelled,,,
Canada,17.12534024,260.6876252,0.73538486,5,Modelled,,,
Canada,17.13041149,261.5282869,0.737012197,5,Modelled,,,
Canada,17.13548273,262.3689486,0.738639534,5,Modelled,,,
Canada,17.14055398,263.2096104,0.740266871,5,Modelled,,,
Canada,17.14562522,264.0502721,0.741894208,5,Modelled,,,
Canada,17.15069647,264.8909338,0.743521546,5,Modelled,,,
Canada,17.15576771,265.7315956,0.745148883,5,Modelled,,,
Canada,17.16083895,266.5722573,0.74677622,5,Modelled,,,
Canada,17.1659102,267.412919,0.748403557,5,Modelled,,,
Canada,17.17098144,268.2535808,0.750030894,5,Modelled,,,
Canada,17.17605269,269.0942425,0.751658231,5,Modelled,,,
Canada,17.18112393,269.9349042,0.753285569,5,Modelled,,,
Canada,17.18619518,270.7755659,0.754912906,5,Modelled,,,
Canada,17.19126642,271.6162277,0.756540243,5,Modelled,,,
Canada,17.19633766,272.4568894,0.75816758,5,Modelled,,,
Canada,17.20140891,273.2975511,0.759794917,5,Modelled,,,
Canada,17.20648015,274.1382129,0.761422254,5,Modelled,,,
Canada,17.2115514,274.9788746,0.763049592,5,Modelled,,,
Canada,17.21662264,275.8195363,0.764676929,5,Modelled,,,
Canada,17.22169389,276.660198,0.766304266,5,Modelled,,,
Canada,17.22676513,277.5008598,0.767931603,5,Modelled,,,
Canada,17.23183637,278.3415215,0.76955894,5,Modelled,,,
Canada,17.23690762,279.1821832,0.771186277,5,Modelled,,,
Canada,17.24197886,280.022845,0.772813615,5,Modelled,,,
Canada,17.24705011,280.8635067,0.774440952,5,Modelled,,,
Canada,17.25212135,281.7041684,0.776068289,5,Modelled,,,
Canada,17.2571926,282.5448301,0.777695626,5,Modelled,,,
Canada,17.26226384,283.3854919,0.779322963,5,Modelled,,,
Canada,17.26733508,284.2261536,0.7809503,5,Modelled,,,
Canada,17.27240633,285.0668153,0.782577638,5,Modelled,,,
Canada,17.27747757,285.9074771,0.784204975,5,Modelled,,,
Canada,17.28254882,286.7481388,0.785832312,5,Modelled,,,
Canada,17.28762006,287.5888005,0.787459649,5,Modelled,,,
Canada,17.29269131,288.4294622,0.789086986,5,Modelled,,,
Canada,17.29776255,289.270124,0.790714323,5,Modelled,,,
Canada,17.30283379,290.1107857,0.792341661,5,Modelled,,,
Canada,17.30790504,290.9514474,0.793968998,5,Modelled,,,
Canada,17.31297628,291.7921092,0.795596335,5,Modelled,,,
Canada,17.31804753,292.6327709,0.797223672,5,Modelled,,,
Canada,17.32311877,293.4734326,0.798851009,5,Modelled,,,
Canada,17.32819002,294.3140944,0.800478346,5,Modelled,,,
Canada,17.33326126,295.1547561,0.802105683,5,Modelled,,,
Canada,17.3383325,295.9954178,0.803733021,5,Modelled,,,
Canada,17.34340375,296.8360795,0.805360358,5,Modelled,,,
Canada,17.34847499,297.6767413,0.806987695,5,Modelled,,,
Canada,17.35354624,298.517403,0.808615032,6,Modelled,,,
Canada,17.35861748,299.3580647,0.810242369,6,Modelled,,,
Canada,17.36368873,300.1987265,0.811869706,6,Modelled,,,
Canada,17.36875997,301.0393882,0.813497044,6,Modelled,,,
Canada,17.37383121,301.8800499,0.815124381,6,Modelled,,,
Canada,17.37890246,302.7207116,0.816751718,6,Modelled,,,
Canada,17.3839737,303.5613734,0.818379055,6,Modelled,,,
Canada,17.38904495,304.4020351,0.820006392,6,Modelled,,,
Canada,17.39411619,305.2426968,0.821633729,6,Modelled,,,
Canada,17.39918744,306.0833586,0.823261067,6,Modelled,,,
Canada,17.40425868,306.9240203,0.824888404,6,Modelled,,,
Canada,17.40932992,307.764682,0.826515741,6,Modelled,,,
Canada,17.41440117,308.6053437,0.828143078,6,Modelled,,,
Canada,17.41947241,309.4460055,0.829770415,6,Modelled,,,
Canada,17.42454366,310.2866672,0.831397752,6,Modelled,,,
Canada,17.4296149,311.1273289,0.83302509,6,Modelled,,,
Canada,17.43468615,311.9679907,0.834652427,6,Modelled,,,
Canada,17.43975739,312.8086524,0.836279764,6,Modelled,,,
Canada,17.44482863,313.6493141,0.837907101,6,Modelled,,,
Canada,17.44989988,314.4899758,0.839534438,6,Modelled,,,
Canada,17.45497112,315.3306376,0.841161775,6,Modelled,,,
Canada,17.46004237,316.1712993,0.842789113,6,Modelled,,,
Canada,17.46511361,317.011961,0.84441645,6,Modelled,,,
Canada,17.47018486,317.8526228,0.846043787,6,Modelled,,,
Canada,17.4752561,318.6932845,0.847671124,6,Modelled,,,
Canada,17.48032734,319.5339462,0.849298461,6,Modelled,,,
Canada,17.48539859,320.3746079,0.850925798,6,Modelled,,,
Canada,17.49046983,321.2152697,0.852553136,6,Modelled,,,
Canada,17.49554108,322.0559314,0.854180473,6,Modelled,,,
Canada,17.50061232,322.8965931,0.85580781,6,Modelled,,,
Canada,17.50568357,323.7372549,0.857435147,6,Modelled,,,
Canada,17.51075481,324.5779166,0.859062484,6,Modelled,,,
Canada,17.51582605,325.4185783,0.860689821,6,Modelled,,,
Canada,17.5208973,326.2592401,0.862317159,6,Modelled,,,
Canada,17.52596854,327.0999018,0.863944496,6,Modelled,,,
Canada,17.53103979,327.9405635,0.865571833,6,Modelled,,,
Canada,17.53611103,328.7812252,0.86719917,6,Modelled,,,
Canada,17.54118228,329.621887,0.868826507,6,Modelled,,,
Canada,17.54625352,330.4625487,0.870453844,6,Modelled,,,
Canada,17.55132476,331.3032104,0.872081182,6,Modelled,,,
Canada,17.55639601,332.1438722,0.873708519,6,Modelled,,,
Canada,17.56146725,332.9845339,0.875335856,6,Modelled,,,
Canada,17.5665385,333.8251956,0.876963193,6,Modelled,,,
Canada,17.57160974,334.6658573,0.87859053,6,Modelled,,,
Canada,17.57668099,335.5065191,0.880217867,6,Modelled,,,
Canada,17.58175223,336.3471808,0.881845205,6,Modelled,,,
Canada,17.58682348,337.1878425,0.883472542,6,Modelled,,,
Canada,17.59189472,338.0285043,0.885099879,6,Modelled,,,
Canada,17.59696596,338.869166,0.886727216,6,Modelled,,,
Canada,17.60203721,339.7098277,0.888354553,6,Modelled,,,
Canada,17.60710845,340.5504894,0.88998189,6,Modelled,,,
Canada,17.6121797,341.3911512,0.891609227,6,Modelled,,,
Canada,17.61725094,342.2318129,0.893236565,6,Modelled,,,
Canada,17.62232219,343.0724746,0.894863902,6,Modelled,,,
Canada,17.62739343,343.9131364,0.896491239,6,Modelled,,,
Canada,17.63246467,344.7537981,0.898118576,6,Modelled,,,
Canada,17.63753592,345.5944598,0.899745913,6,Modelled,,,
Canada,17.64260716,346.4351215,0.90137325,6,Modelled,,,
Canada,17.64767841,347.2757833,0.903000588,6,Modelled,,,
Canada,17.65274965,348.116445,0.904627925,6,Modelled,,,
Canada,17.6578209,348.9571067,0.906255262,6,Modelled,,,
Canada,17.66289214,349.7977685,0.907882599,6,Modelled,,,
Canada,17.66796338,350.6384302,0.909509936,6,Modelled,,,
Canada,17.67303463,351.4790919,0.911137273,6,Modelled,,,
Canada,17.67810587,352.3197537,0.912764611,6,Modelled,,,
Canada,17.68317712,353.1604154,0.914391948,6,Modelled,,,
Canada,17.68824836,354.0010771,0.916019285,6,Modelled,,,
Canada,17.69331961,354.8417388,0.917646622,6,Modelled,,,
Canada,17.69839085,355.6824006,0.919273959,6,Modelled,,,
Canada,17.70346209,356.5230623,0.920901296,6,Modelled,,,
Canada,17.70853334,357.363724,0.922528634,6,Modelled,,,
Canada,17.71360458,358.2043858,0.924155971,6,Modelled,,,
Canada,17.71867583,359.0450475,0.925783308,6,Modelled,,,
Canada,17.72374707,359.8857092,0.927410645,6,Modelled,,,
Canada,17.72881832,360.7263709,0.929037982,6,Modelled,,,
Canada,17.73388956,361.5670327,0.930665319,6,Modelled,,,
Canada,17.7389608,362.4076944,0.932292657,6,Modelled,,,
Canada,17.74403205,363.2483561,0.933919994,6,Modelled,,,
Canada,17.74910329,364.0890179,0.935547331,6,Modelled,,,
Canada,17.75417454,364.9296796,0.937174668,6,Modelled,,,
Canada,17.75924578,365.7703413,0.938802005,6,Modelled,,,
Canada,17.76431703,366.611003,0.940429342,6,Modelled,,,
Canada,17.76938827,367.4516648,0.94205668,6,Modelled,,,
Canada,17.77445951,368.2923265,0.943684017,6,Modelled,,,
Canada,17.77953076,369.1329882,0.945311354,6,Modelled,,,
Canada,17.784602,369.97365,0.946938691,6,Modelled,,,
Canada,17.78967325,370.8143117,0.948566028,6,Modelled,,,
Canada,17.79474449,371.6549734,0.950193365,6,Modelled,,,
Canada,17.79981574,372.4956351,0.951820703,6,Modelled,,,
Canada,17.80488698,373.3362969,0.95344804,6,Modelled,,,
Canada,17.80995822,374.1769586,0.955075377,6,Modelled,,,
Canada,17.81502947,375.0176203,0.956702714,6,Modelled,,,
Canada,17.82010071,375.8582821,0.958330051,6,Modelled,,,
Canada,17.82517196,376.6989438,0.959957388,6,Modelled,,,
Canada,17.8302432,377.5396055,0.961584726,6,Modelled,,,
Canada,17.83531445,378.3802673,0.963212063,6,Modelled,,,
Canada,17.84038569,379.220929,0.9648394,6,Modelled,,,
Canada,17.84545693,380.0615907,0.966466737,6,Modelled,,,
Canada,17.85052818,380.9022524,0.968094074,6,Modelled,,,
Canada,17.85559942,381.7429142,0.969721411,6,Modelled,,,
Canada,17.86067067,382.5835759,0.971348749,6,Modelled,,,
Canada,17.86574191,383.4242376,0.972976086,6,Modelled,,,
Canada,17.87081316,384.2648994,0.974603423,6,Modelled,,,
Canada,17.8758844,385.1055611,0.97623076,6,Modelled,,,
Canada,17.88095564,385.9462228,0.977858097,6,Modelled,,,
Canada,17.88602689,386.7868845,0.979485434,6,Modelled,,,
Canada,17.89109813,387.6275463,0.981112771,6,Modelled,,,
Canada,17.89616938,388.468208,0.982740109,6,Modelled,,,
Canada,17.90124062,389.3088697,0.984367446,6,Modelled,,,
Canada,17.90631187,390.1495315,0.985994783,6,Modelled,,,
Canada,17.91138311,390.9901932,0.98762212,6,Modelled,,,
Canada,17.91645435,391.8308549,0.989249457,6,Modelled,,,
Canada,17.9215256,392.6715166,0.990876794,6,Modelled,,,
Canada,17.92659684,393.5121784,0.992504132,6,Modelled,,,
Canada,17.93166809,394.3528401,0.994131469,6,Modelled,,,
Canada,17.93673933,395.1935018,0.995758806,6,Modelled,,,
Canada,17.94181058,396.0341636,0.997386143,6,Modelled,,,
Canada,17.94688182,396.8748253,0.99901348,6,Modelled,,,
Canada,17.95195306,397.715487,1.000640817,6,Modelled,,,
Canada,17.95702431,398.5561487,1.002268155,6,Modelled,,,
Canada,17.96209555,399.3968105,1.003895492,6,Modelled,,,
Canada,17.9671668,400.2374722,1.005522829,6,Modelled,,,
Canada,17.97223804,401.0781339,1.007150166,6,Modelled,,,
Canada,17.97730929,401.9187957,1.008777503,6,Modelled,,,
Canada,17.98238053,402.7594574,1.01040484,6,Modelled,,,
Canada,17.98745177,403.6001191,1.012032178,6,Modelled,,,
Canada,17.99252302,404.4407809,1.013659515,6,Modelled,,,
Canada,17.99759426,405.2814426,1.015286852,6,Modelled,,,
Canada,18.00266551,406.1221043,1.016914189,6,Modelled,,,
Canada,18.00773675,406.962766,1.018541526,6,Modelled,,,
Canada,18.012808,407.8034278,1.020168863,6,Modelled,,,
Canada,18.01787924,408.6440895,1.021796201,6,Modelled,,,
Canada,18.02295048,409.4847512,1.023423538,6,Modelled,,,
Canada,18.02802173,410.325413,1.025050875,6,Modelled,,,
Canada,18.03309297,411.1660747,1.026678212,6,Modelled,,,
Canada,18.03816422,412.0067364,1.028305549,6,Modelled,,,
Canada,18.04323546,412.8473981,1.029932886,6,Modelled,,,
Canada,18.04830671,413.6880599,1.031560224,6,Modelled,,,
Canada,18.05337795,414.5287216,1.033187561,6,Modelled,,,
Canada,18.0584492,415.3693833,1.034814898,6,Modelled,,,
Canada,18.06352044,416.2100451,1.036442235,6,Modelled,,,
Canada,18.06859168,417.0507068,1.038069572,6,Modelled,,,
Canada,18.07366293,417.8913685,1.039696909,6,Modelled,,,
Canada,18.07873417,418.7320302,1.041324247,6,Modelled,,,
Canada,18.08380542,419.572692,1.042951584,6,Modelled,,,
Canada,18.08887666,420.4133537,1.044578921,6,Modelled,,,
Canada,18.09394791,421.2540154,1.046206258,6,Modelled,,,
Canada,18.09901915,422.0946772,1.047833595,6,Modelled,,,
Canada,18.10409039,422.9353389,1.049460932,6,Modelled,,,
Canada,18.10916164,423.7760006,1.05108827,6,Modelled,,,
Canada,18.11423288,424.6166623,1.052715607,6,Modelled,,,
Canada,18.11930413,425.4573241,1.054342944,6,Modelled,,,
Canada,18.12437537,426.2979858,1.055970281,6,Modelled,,,
Canada,18.12944662,427.1386475,1.057597618,6,Modelled,,,
Canada,18.13451786,427.9793093,1.059224955,6,Modelled,,,
Canada,18.1395891,428.819971,1.060852293,6,Modelled,,,
Canada,18.14466035,429.6606327,1.06247963,6,Modelled,,,
Canada,18.14973159,430.5012945,1.064106967,6,Modelled,,,
Canada,18.15480284,431.3419562,1.065734304,6,Modelled,,,
Canada,18.15987408,432.1826179,1.067361641,6,Modelled,,,
Canada,18.16494533,433.0232796,1.068988978,6,Modelled,,,
Canada,18.17001657,433.8639414,1.070616315,6,Modelled,,,
Canada,18.17508781,434.7046031,1.072243653,6,Modelled,,,
Canada,18.18015906,435.5452648,1.07387099,6,Modelled,,,
Canada,18.1852303,436.3859266,1.075498327,6,Modelled,,,
Canada,18.19030155,437.2265883,1.077125664,6,Modelled,,,
Canada,18.19537279,438.06725,1.078753001,6,Modelled,,,
Canada,18.20044404,438.9079117,1.080380338,6,Modelled,,,
Canada,18.20551528,439.7485735,1.082007676,6,Modelled,,,
Canada,18.21058652,440.5892352,1.083635013,6,Modelled,,,
Canada,18.21565777,441.4298969,1.08526235,6,Modelled,,,
Canada,18.22072901,442.2705587,1.086889687,6,Modelled,,,
Canada,18.22580026,443.1112204,1.088517024,6,Modelled,,,
Canada,18.2308715,443.9518821,1.090144361,6,Modelled,,,
Canada,18.23594275,444.7925438,1.091771699,6,Modelled,,,
Canada,18.24101399,445.6332056,1.093399036,6,Modelled,,,
Canada,18.24608523,446.4738673,1.095026373,6,Modelled,,,
Canada,18.25115648,447.314529,1.09665371,6,Modelled,,,
Canada,18.25622772,448.1551908,1.098281047,6,Modelled,,,
Canada,18.26129897,448.9958525,1.099908384,6,Modelled,,,
Canada,18.26637021,449.8365142,1.101535722,6,Modelled,,,
Canada,18.27144146,450.6771759,1.103163059,6,Modelled,,,
Canada,18.2765127,451.5178377,1.104790396,6,Modelled,,,
Canada,18.28158394,452.3584994,1.106417733,7,Modelled,,,
Canada,18.28665519,453.1991611,1.10804507,7,Modelled,,,
Canada,18.29172643,454.0398229,1.109672407,7,Modelled,,,
Canada,18.29679768,454.8804846,1.111299745,7,Modelled,,,
Canada,18.30186892,455.7211463,1.112927082,7,Modelled,,,
Canada,18.30694017,456.561808,1.114554419,7,Modelled,,,
Canada,18.31201141,457.4024698,1.116181756,7,Modelled,,,
Canada,18.31708265,458.2431315,1.117809093,7,Modelled,,,
Canada,18.3221539,459.0837932,1.11943643,7,Modelled,,,
Canada,18.32722514,459.924455,1.121063768,7,Modelled,,,
Canada,18.33229639,460.7651167,1.122691105,7,Modelled,,,
Canada,18.33736763,461.6057784,1.124318442,7,Modelled,,,
Canada,18.34243888,462.4464402,1.125945779,7,Modelled,,,
Canada,18.34751012,463.2871019,1.127573116,7,Modelled,,,
Canada,18.35258136,464.1277636,1.129200453,7,Modelled,,,
Canada,18.35765261,464.9684253,1.130827791,7,Modelled,,,
Canada,18.36272385,465.8090871,1.132455128,7,Modelled,,,
Canada,18.3677951,466.6497488,1.134082465,7,Modelled,,,
Canada,18.37286634,467.4904105,1.135709802,7,Modelled,,,
Canada,18.37793759,468.3310723,1.137337139,7,Modelled,,,
Canada,18.38300883,469.171734,1.138964476,7,Modelled,,,
Canada,18.38808007,470.0123957,1.140591814,7,Modelled,,,
Canada,18.39315132,470.8530574,1.142219151,7,Modelled,,,
Canada,18.39822256,471.6937192,1.143846488,7,Modelled,,,
Canada,18.40329381,472.5343809,1.145473825,7,Modelled,,,
Canada,18.40836505,473.3750426,1.147101162,7,Modelled,,,
Canada,18.4134363,474.2157044,1.148728499,7,Modelled,,,
Canada,18.41850754,475.0563661,1.150355837,7,Modelled,,,
Canada,18.42357878,475.8970278,1.151983174,7,Modelled,,,
Canada,18.42865003,476.7376895,1.153610511,7,Modelled,,,
Canada,18.43372127,477.5783513,1.155237848,7,Modelled,,,
Canada,18.43879252,478.419013,1.156865185,7,Modelled,,,
Canada,18.44386376,479.2596747,1.158492522,7,Modelled,,,
Canada,18.44893501,480.1003365,1.160119859,7,Modelled,,,
Canada,18.45400625,480.9409982,1.161747197,7,Modelled,,,
Canada,18.45907749,481.7816599,1.163374534,7,Modelled,,,
Canada,18.46414874,482.6223216,1.165001871,7,Modelled,,,
Canada,18.46921998,483.4629834,1.166629208,7,Modelled,,,
Canada,18.47429123,484.3036451,1.168256545,7,Modelled,,,
Canada,18.47936247,485.1443068,1.169883882,7,Modelled,,,
Canada,18.48443372,485.9849686,1.17151122,7,Modelled,,,
Canada,18.48950496,486.8256303,1.173138557,7,Modelled,,,
Canada,18.4945762,487.666292,1.174765894,7,Modelled,,,
Canada,18.49964745,488.5069538,1.176393231,7,Modelled,,,
Canada,18.50471869,489.3476155,1.178020568,7,Modelled,,,
Canada,18.50978994,490.1882772,1.179647905,7,Modelled,,,
Canada,18.51486118,491.0289389,1.181275243,7,Modelled,,,
Canada,18.51993243,491.8696007,1.18290258,7,Modelled,,,
Canada,18.52500367,492.7102624,1.184529917,7,Modelled,,,
Canada,18.53007492,493.5509241,1.186157254,7,Modelled,,,
Canada,18.53514616,494.3915859,1.187784591,7,Modelled,,,
Canada,18.5402174,495.2322476,1.189411928,7,Modelled,,,
Canada,18.54528865,496.0729093,1.191039266,7,Modelled,,,
Canada,18.55035989,496.913571,1.192666603,7,Modelled,,,
Canada,18.55543114,497.7542328,1.19429394,7,Modelled,,,
Canada,18.56050238,498.5948945,1.195921277,7,Modelled,,,
Canada,18.56557363,499.4355562,1.197548614,7,Modelled,,,
Canada,18.57064487,500.276218,1.199175951,7,Modelled,,,
Canada,18.57571611,501.1168797,1.200803289,7,Modelled,,,
Canada,18.58078736,501.9575414,1.202430626,7,Modelled,,,
Canada,18.5858586,502.7982031,1.204057963,7,Modelled,,,
Canada,18.59092985,503.6388649,1.2056853,7,Modelled,,,
Canada,18.59600109,504.4795266,1.207312637,7,Modelled,,,
Canada,18.60107234,505.3201883,1.208939974,7,Modelled,,,
Canada,18.60614358,506.1608501,1.210567312,7,Modelled,,,
Canada,18.61121482,507.0015118,1.212194649,7,Modelled,,,
Canada,18.61628607,507.8421735,1.213821986,7,Modelled,,,
Canada,18.62135731,508.6828352,1.215449323,7,Modelled,,,
Canada,18.62642856,509.523497,1.21707666,7,Modelled,,,
Canada,18.6314998,510.3641587,1.218703997,7,Modelled,,,
Canada,18.63657105,511.2048204,1.220331335,7,Modelled,,,
Canada,18.64164229,512.0454822,1.221958672,7,Modelled,,,
Canada,18.64671353,512.8861439,1.223586009,7,Modelled,,,
Canada,18.65178478,513.7268056,1.225213346,7,Modelled,,,
Canada,18.65685602,514.5674674,1.226840683,7,Modelled,,,
Canada,18.66192727,515.4081291,1.22846802,7,Modelled,,,
Canada,18.66699851,516.2487908,1.230095358,7,Modelled,,,
Canada,18.67206976,517.0894525,1.231722695,7,Modelled,,,
Canada,18.677141,517.9301143,1.233350032,7,Modelled,,,
Canada,18.68221224,518.770776,1.234977369,7,Modelled,,,
Canada,18.68728349,519.6114377,1.236604706,7,Modelled,,,
Canada,18.69235473,520.4520995,1.238232043,7,Modelled,,,
Canada,18.69742598,521.2927612,1.239859381,7,Modelled,,,
Canada,18.70249722,522.1334229,1.241486718,7,Modelled,,,
Canada,18.70756847,522.9740846,1.243114055,7,Modelled,,,
Canada,18.71263971,523.8147464,1.244741392,7,Modelled,,,
Canada,18.71771095,524.6554081,1.246368729,7,Modelled,,,
Canada,18.7227822,525.4960698,1.247996066,7,Modelled,,,
Canada,18.72785344,526.3367316,1.249623403,7,Modelled,,,
Canada,18.73292469,527.1773933,1.251250741,7,Modelled,,,
Canada,18.73799593,528.018055,1.252878078,7,Modelled,,,
Canada,18.74306718,528.8587167,1.254505415,7,Modelled,,,
Canada,18.74813842,529.6993785,1.256132752,7,Modelled,,,
Canada,18.75320966,530.5400402,1.257760089,7,Modelled,,,
Canada,18.75828091,531.3807019,1.259387426,7,Modelled,,,
Canada,18.76335215,532.2213637,1.261014764,7,Modelled,,,
Canada,18.7684234,533.0620254,1.262642101,7,Modelled,,,
Canada,18.77349464,533.9026871,1.264269438,7,Modelled,,,
Canada,18.77856589,534.7433488,1.265896775,7,Modelled,,,
Canada,18.78363713,535.5840106,1.267524112,7,Modelled,,,
Canada,18.78870837,536.4246723,1.269151449,7,Modelled,,,
Canada,18.79377962,537.265334,1.270778787,7,Modelled,,,
Canada,18.79885086,538.1059958,1.272406124,7,Modelled,,,
Canada,18.80392211,538.9466575,1.274033461,7,Modelled,,,
Canada,18.80899335,539.7873192,1.275660798,7,Modelled,,,
Canada,18.8140646,540.627981,1.277288135,7,Modelled,,,
Canada,18.81913584,541.4686427,1.278915472,7,Modelled,,,
Canada,18.82420708,542.3093044,1.28054281,7,Modelled,,,
Canada,18.82927833,543.1499661,1.282170147,7,Modelled,,,
Canada,18.83434957,543.9906279,1.283797484,7,Modelled,,,
Canada,18.83942082,544.8312896,1.285424821,7,Modelled,,,
Canada,18.84449206,545.6719513,1.287052158,7,Modelled,,,
Canada,18.84956331,546.5126131,1.288679495,7,Modelled,,,
Canada,18.85463455,547.3532748,1.290306833,7,Modelled,,,
Canada,18.85970579,548.1939365,1.29193417,7,Modelled,,,
Canada,18.86477704,549.0345982,1.293561507,7,Modelled,,,
Canada,18.86984828,549.87526,1.295188844,7,Modelled,,,
Canada,18.87491953,550.7159217,1.296816181,7,Modelled,,,
Canada,18.87999077,551.5565834,1.298443518,7,Modelled,,,
Canada,18.88506202,552.3972452,1.300070856,7,Modelled,,,
Canada,18.89013326,553.2379069,1.301698193,7,Modelled,,,
Canada,18.8952045,554.0785686,1.30332553,7,Modelled,,,
Canada,18.90027575,554.9192303,1.304952867,7,Modelled,,,
Canada,18.90534699,555.7598921,1.306580204,7,Modelled,,,
Canada,18.91041824,556.6005538,1.308207541,7,Modelled,,,
Canada,18.91548948,557.4412155,1.309834879,7,Modelled,,,
Canada,18.92056073,558.2818773,1.311462216,7,Modelled,,,
Canada,18.92563197,559.122539,1.313089553,7,Modelled,,,
Canada,18.93070321,559.9632007,1.31471689,7,Modelled,,,
Canada,18.93577446,560.8038624,1.316344227,7,Modelled,,,
Canada,18.9408457,561.6445242,1.317971564,7,Modelled,,,
Canada,18.94591695,562.4851859,1.319598902,7,Modelled,,,
Canada,18.95098819,563.3258476,1.321226239,7,Modelled,,,
Canada,18.95605944,564.1665094,1.322853576,7,Modelled,,,
Canada,18.96113068,565.0071711,1.324480913,7,Modelled,,,
Canada,18.96620192,565.8478328,1.32610825,7,Modelled,,,
Canada,18.97127317,566.6884946,1.327735587,8,Modelled,,,
Canada,18.97634441,567.5291563,1.329362925,8,Modelled,,,
Canada,18.98141566,568.369818,1.330990262,8,Modelled,,,
Canada,18.9864869,569.2104797,1.332617599,8,Modelled,,,
Canada,18.99155815,570.0511415,1.334244936,8,Modelled,,,
Canada,18.99662939,570.8918032,1.335872273,8,Modelled,,,
Canada,19.00170064,571.7324649,1.33749961,8,Modelled,,,
Canada,19.00677188,572.5731267,1.339126947,8,Modelled,,,
Canada,19.01184312,573.4137884,1.340754285,8,Modelled,,,
Canada,19.01691437,574.2544501,1.342381622,8,Modelled,,,
Canada,19.02198561,575.0951118,1.344008959,8,Modelled,,,
Canada,19.02705686,575.9357736,1.345636296,8,Modelled,,,
Canada,19.0321281,576.7764353,1.347263633,8,Modelled,,,
Canada,19.03719935,577.617097,1.34889097,8,Modelled,,,
Canada,19.04227059,578.4577588,1.350518308,8,Modelled,,,
Canada,19.04734183,579.2984205,1.352145645,8,Modelled,,,
Canada,19.05241308,580.1390822,1.353772982,8,Modelled,,,
Canada,19.05748432,580.9797439,1.355400319,8,Modelled,,,
Canada,19.06255557,581.8204057,1.357027656,8,Modelled,,,
Canada,19.06762681,582.6610674,1.358654993,8,Modelled,,,
Canada,19.07269806,583.5017291,1.360282331,8,Modelled,,,
Canada,19.0777693,584.3423909,1.361909668,8,Modelled,,,
Canada,19.08284054,585.1830526,1.363537005,8,Modelled,,,
Canada,19.08791179,586.0237143,1.365164342,8,Modelled,,,
Canada,19.09298303,586.864376,1.366791679,8,Modelled,,,
Canada,19.09805428,587.7050378,1.368419016,8,Modelled,,,
Canada,19.10312552,588.5456995,1.370046354,8,Modelled,,,
Canada,19.10819677,589.3863612,1.371673691,8,Modelled,,,
Canada,19.11326801,590.227023,1.373301028,8,Modelled,,,
Canada,19.11833925,591.0676847,1.374928365,8,Modelled,,,
Canada,19.1234105,591.9083464,1.376555702,8,Modelled,,,
Canada,19.12848174,592.7490082,1.378183039,8,Modelled,,,
Canada,19.13355299,593.5896699,1.379810377,8,Modelled,,,
Canada,19.13862423,594.4303316,1.381437714,8,Modelled,,,
Canada,19.14369548,595.2709933,1.383065051,8,Modelled,,,
Canada,19.14876672,596.1116551,1.384692388,8,Modelled,,,
Canada,19.15383796,596.9523168,1.386319725,8,Modelled,,,
Canada,19.15890921,597.7929785,1.387947062,8,Modelled,,,
Canada,19.16398045,598.6336403,1.3895744,8,Modelled,,,
Canada,19.1690517,599.474302,1.391201737,8,Modelled,,,
Canada,19.17412294,600.3149637,1.392829074,8,Modelled,,,
Canada,19.17919419,601.1556254,1.394456411,8,Modelled,,,
Canada,19.18426543,601.9962872,1.396083748,8,Modelled,,,
Canada,19.18933667,602.8369489,1.397711085,8,Modelled,,,
Canada,19.19440792,603.6776106,1.399338423,8,Modelled,,,
Canada,19.19947916,604.5182724,1.40096576,8,Modelled,,,
Canada,19.20455041,605.3589341,1.402593097,8,Modelled,,,
Canada,19.20962165,606.1995958,1.404220434,8,Modelled,,,
Canada,19.2146929,607.0402575,1.405847771,8,Modelled,,,
Canada,19.21976414,607.8809193,1.407475108,8,Modelled,,,
Canada,19.22483538,608.721581,1.409102446,8,Modelled,,,
Canada,19.22990663,609.5622427,1.410729783,8,Modelled,,,
Canada,19.23497787,610.4029045,1.41235712,8,Modelled,,,
Canada,19.24004912,611.2435662,1.413984457,8,Modelled,,,
Canada,19.24512036,612.0842279,1.415611794,8,Modelled,,,
Canada,19.25019161,612.9248896,1.417239131,8,Modelled,,,
Canada,19.25526285,613.7655514,1.418866469,8,Modelled,,,
Canada,19.26033409,614.6062131,1.420493806,8,Modelled,,,
Canada,19.26540534,615.4468748,1.422121143,8,Modelled,,,
Canada,19.27047658,616.2875366,1.42374848,8,Modelled,,,
Canada,19.27554783,617.1281983,1.425375817,8,Modelled,,,
Canada,19.28061907,617.96886,1.427003154,8,Modelled,,,
Canada,19.28569032,618.8095217,1.428630491,8,Modelled,,,
Canada,19.29076156,619.6501835,1.430257829,8,Modelled,,,
Canada,19.2958328,620.4908452,1.431885166,8,Modelled,,,
Canada,19.30090405,621.3315069,1.433512503,8,Modelled,,,
Canada,19.30597529,622.1721687,1.43513984,8,Modelled,,,
Canada,19.31104654,623.0128304,1.436767177,8,Modelled,,,
Canada,19.31611778,623.8534921,1.438394514,8,Modelled,,,
Canada,19.32118903,624.6941539,1.440021852,8,Modelled,,,
Canada,19.32626027,625.5348156,1.441649189,8,Modelled,,,
Canada,19.33133151,626.3754773,1.443276526,8,Modelled,,,
Canada,19.33640276,627.216139,1.444903863,8,Modelled,,,
Canada,19.341474,628.0568008,1.4465312,8,Modelled,,,
Canada,19.34654525,628.8974625,1.448158537,8,Modelled,,,
Canada,19.35161649,629.7381242,1.449785875,8,Modelled,,,
Canada,19.35668774,630.578786,1.451413212,8,Modelled,,,
Canada,19.36175898,631.4194477,1.453040549,8,Modelled,,,
Canada,19.36683022,632.2601094,1.454667886,8,Modelled,,,
Canada,19.37190147,633.1007711,1.456295223,8,Modelled,,,
Canada,19.37697271,633.9414329,1.45792256,8,Modelled,,,
Canada,19.38204396,634.7820946,1.459549898,8,Modelled,,,
Canada,19.3871152,635.6227563,1.461177235,8,Modelled,,,
Canada,19.39218645,636.4634181,1.462804572,8,Modelled,,,
Canada,19.39725769,637.3040798,1.464431909,8,Modelled,,,
Canada,19.40232893,638.1447415,1.466059246,8,Modelled,,,
Canada,19.40740018,638.9854032,1.467686583,8,Modelled,,,
Canada,19.41247142,639.826065,1.469313921,8,Modelled,,,
Canada,19.41754267,640.6667267,1.470941258,8,Modelled,,,
Canada,19.42261391,641.5073884,1.472568595,8,Modelled,,,
Canada,19.42768516,642.3480502,1.474195932,8,Modelled,,,
Canada,19.4327564,643.1887119,1.475823269,8,Modelled,,,
Canada,19.43782764,644.0293736,1.477450606,8,Modelled,,,
Canada,19.44289889,644.8700353,1.479077944,8,Modelled,,,
Canada,19.44797013,645.7106971,1.480705281,8,Modelled,,,
Canada,19.45304138,646.5513588,1.482332618,8,Modelled,,,
Canada,19.45811262,647.3920205,1.483959955,8,Modelled,,,
Canada,19.46318387,648.2326823,1.485587292,8,Modelled,,,
Canada,19.46825511,649.073344,1.487214629,8,Modelled,,,
Canada,19.47332636,649.9140057,1.488841967,8,Modelled,,,
Canada,19.4783976,650.7546675,1.490469304,8,Modelled,,,
Canada,19.48346884,651.5953292,1.492096641,8,Modelled,,,
Canada,19.48854009,652.4359909,1.493723978,8,Modelled,,,
Canada,19.49361133,653.2766526,1.495351315,9,Modelled,,,
Canada,19.49868258,654.1173144,1.496978652,9,Modelled,,,
Canada,19.50375382,654.9579761,1.49860599,9,Modelled,,,
Canada,19.50882507,655.7986378,1.500233327,9,Modelled,,,
Canada,19.51389631,656.6392996,1.501860664,9,Modelled,,,
Canada,19.51896755,657.4799613,1.503488001,9,Modelled,,,
Canada,19.5240388,658.320623,1.505115338,9,Modelled,,,
Canada,19.52911004,659.1612847,1.506742675,9,Modelled,,,
Canada,19.53418129,660.0019465,1.508370013,9,Modelled,,,
Canada,19.53925253,660.8426082,1.50999735,9,Modelled,,,
Canada,19.54432378,661.6832699,1.511624687,9,Modelled,,,
Canada,19.54939502,662.5239317,1.513252024,9,Modelled,,,
Canada,19.55446626,663.3645934,1.514879361,9,Modelled,,,
Canada,19.55953751,664.2052551,1.516506698,9,Modelled,,,
Canada,19.56460875,665.0459168,1.518134035,9,Modelled,,,
Canada,19.56968,665.8865786,1.519761373,9,Modelled,,,
Canada,19.57475124,666.7272403,1.52138871,9,Modelled,,,
Canada,19.57982249,667.567902,1.523016047,9,Modelled,,,
Canada,19.58489373,668.4085638,1.524643384,9,Modelled,,,
Canada,19.58996497,669.2492255,1.526270721,9,Modelled,,,
Canada,19.59503622,670.0898872,1.527898058,9,Modelled,,,
Canada,19.60010746,670.9305489,1.529525396,9,Modelled,,,
Canada,19.60517871,671.7712107,1.531152733,9,Modelled,,,
Canada,19.61024995,672.6118724,1.53278007,9,Modelled,,,
Canada,19.6153212,673.4525341,1.534407407,9,Modelled,,,
Canada,19.62039244,674.2931959,1.536034744,9,Modelled,,,
Canada,19.62546368,675.1338576,1.537662081,9,Modelled,,,
Canada,19.63053493,675.9745193,1.539289419,9,Modelled,,,
Canada,19.63560617,676.8151811,1.540916756,9,Modelled,,,
Canada,19.64067742,677.6558428,1.542544093,9,Modelled,,,
Canada,19.64574866,678.4965045,1.54417143,9,Modelled,,,
Canada,19.65081991,679.3371662,1.545798767,9,Modelled,,,
Canada,19.65589115,680.177828,1.547426104,9,Modelled,,,
Canada,19.66096239,681.0184897,1.549053442,9,Modelled,,,
Canada,19.66603364,681.8591514,1.550680779,9,Modelled,,,
Canada,19.67110488,682.6998132,1.552308116,9,Modelled,,,
Canada,19.67617613,683.5404749,1.553935453,9,Modelled,,,
Canada,19.68124737,684.3811366,1.55556279,9,Modelled,,,
Canada,19.68631862,685.2217983,1.557190127,9,Modelled,,,
Canada,19.69138986,686.0624601,1.558817465,9,Modelled,,,
Canada,19.6964611,686.9031218,1.560444802,9,Modelled,,,
Canada,19.70153235,687.7437835,1.562072139,9,Modelled,,,
Canada,19.70660359,688.5844453,1.563699476,9,Modelled,,,
Canada,19.71167484,689.425107,1.565326813,9,Modelled,,,
Canada,19.71674608,690.2657687,1.56695415,9,Modelled,,,
Canada,19.72181733,691.1064304,1.568581488,9,Modelled,,,
Canada,19.72688857,691.9470922,1.570208825,9,Modelled,,,
Canada,19.73195981,692.7877539,1.571836162,9,Modelled,,,
Canada,19.73703106,693.6284156,1.573463499,9,Modelled,,,
Canada,19.7421023,694.4690774,1.575090836,9,Modelled,,,
Canada,19.74717355,695.3097391,1.576718173,9,Modelled,,,
Canada,19.75224479,696.1504008,1.578345511,9,Modelled,,,
Canada,19.75731604,696.9910625,1.579972848,9,Modelled,,,
Canada,19.76238728,697.8317243,1.581600185,9,Modelled,,,
Canada,19.76745852,698.672386,1.583227522,9,Modelled,,,
Canada,19.77252977,699.5130477,1.584854859,9,Modelled,,,
Canada,19.77760101,700.3537095,1.586482196,9,Modelled,,,
Canada,19.78267226,701.1943712,1.588109534,9,Modelled,,,
Canada,19.7877435,702.0350329,1.589736871,9,Modelled,,,
Canada,19.79281475,702.8756947,1.591364208,9,Modelled,,,
Canada,19.79788599,703.7163564,1.592991545,9,Modelled,,,
Canada,19.80295723,704.5570181,1.594618882,9,Modelled,,,
Canada,19.80802848,705.3976798,1.596246219,9,Modelled,,,
Canada,19.81309972,706.2383416,1.597873557,9,Modelled,,,
Canada,19.81817097,707.0790033,1.599500894,9,Modelled,,,
Canada,19.82324221,707.919665,1.601128231,9,Modelled,,,
Canada,19.82831346,708.7603268,1.602755568,9,Modelled,,,
Canada,19.8333847,709.6009885,1.604382905,9,Modelled,,,
Canada,19.83845594,710.4416502,1.606010242,9,Modelled,,,
Canada,19.84352719,711.2823119,1.607637579,9,Modelled,,,
Canada,19.84859843,712.1229737,1.609264917,9,Modelled,,,
Canada,19.85366968,712.9636354,1.610892254,9,Modelled,,,
Canada,19.85874092,713.8042971,1.612519591,9,Modelled,,,
Canada,19.86381217,714.6449589,1.614146928,9,Modelled,,,
Canada,19.86888341,715.4856206,1.615774265,9,Modelled,,,
Canada,19.87395465,716.3262823,1.617401602,9,Modelled,,,
Canada,19.8790259,717.166944,1.61902894,9,Modelled,,,
Canada,19.88409714,718.0076058,1.620656277,9,Modelled,,,
Canada,19.88916839,718.8482675,1.622283614,9,Modelled,,,
Canada,19.89423963,719.6889292,1.623910951,9,Modelled,,,
Canada,19.89931088,720.529591,1.625538288,9,Modelled,,,
Canada,19.90438212,721.3702527,1.627165625,9,Modelled,,,
Canada,19.90945336,722.2109144,1.628792963,9,Modelled,,,
Canada,19.91452461,723.0515761,1.6304203,10,Modelled,,,
Canada,19.91959585,723.8922379,1.632047637,10,Modelled,,,
Canada,19.9246671,724.7328996,1.633674974,10,Modelled,,,
Canada,19.92973834,725.5735613,1.635302311,10,Modelled,,,
Canada,19.93480959,726.4142231,1.636929648,10,Modelled,,,
Canada,19.93988083,727.2548848,1.638556986,10,Modelled,,,
Canada,19.94495208,728.0955465,1.640184323,10,Modelled,,,
Canada,19.95002332,728.9362083,1.64181166,10,Modelled,,,
Canada,19.95509456,729.77687,1.643438997,10,Modelled,,,
Canada,19.96016581,730.6175317,1.645066334,10,Modelled,,,
Canada,19.96523705,731.4581934,1.646693671,10,Modelled,,,
Canada,19.9703083,732.2988552,1.648321009,10,Modelled,,,
Canada,19.97537954,733.1395169,1.649948346,10,Modelled,,,
Canada,19.98045079,733.9801786,1.651575683,10,Modelled,,,
Canada,19.98552203,734.8208404,1.65320302,10,Modelled,,,
Canada,19.99059327,735.6615021,1.654830357,10,Modelled,,,
Canada,19.99566452,736.5021638,1.656457694,10,Modelled,,,
Canada,20.00073576,737.3428255,1.658085032,10,Modelled,,,
Canada,20.00580701,738.1834873,1.659712369,10,Modelled,,,
Canada,20.01087825,739.024149,1.661339706,10,Modelled,,,
Canada,20.0159495,739.8648107,1.662967043,10,Modelled,,,
Canada,20.02102074,740.7054725,1.66459438,10,Modelled,,,
Canada,20.02609198,741.5461342,1.666221717,10,Modelled,,,
Canada,20.03116323,742.3867959,1.667849055,10,Modelled,,,
Canada,20.03623447,743.2274576,1.669476392,10,Modelled,,,
Canada,20.04130572,744.0681194,1.671103729,10,Modelled,,,
Canada,20.04637696,744.9087811,1.672731066,10,Modelled,,,
Canada,20.05144821,745.7494428,1.674358403,10,Modelled,,,
Canada,20.05651945,746.5901046,1.67598574,10,Modelled,,,
Canada,20.06159069,747.4307663,1.677613078,10,Modelled,,,
Canada,20.06666194,748.271428,1.679240415,10,Modelled,,,
Canada,20.07173318,749.1120897,1.680867752,10,Modelled,,,
Canada,20.07680443,749.9527515,1.682495089,10,Modelled,,,
Canada,20.08187567,750.7934132,1.684122426,10,Modelled,,,
Canada,20.08694692,751.6340749,1.685749763,10,Modelled,,,
Canada,20.09201816,752.4747367,1.6873771,10,Modelled,,,
Canada,20.0970894,753.3153984,1.689004438,10,Modelled,,,
Canada,20.10216065,754.1560601,1.690631775,10,Modelled,,,
Canada,20.10723189,754.9967218,1.692259112,10,Modelled,,,
Canada,20.11230314,755.8373836,1.693886449,10,Modelled,,,
Canada,20.11737438,756.6780453,1.695513786,10,Modelled,,,
Canada,20.12244563,757.518707,1.697141123,10,Modelled,,,
Canada,20.12751687,758.3593688,1.698768461,10,Modelled,,,
Canada,20.13258811,759.2000305,1.700395798,10,Modelled,,,
Canada,20.13765936,760.0406922,1.702023135,10,Modelled,,,
Canada,20.1427306,760.881354,1.703650472,10,Modelled,,,
Canada,20.14780185,761.7220157,1.705277809,10,Modelled,,,
Canada,20.15287309,762.5626774,1.706905146,10,Modelled,,,
Canada,20.15794434,763.4033391,1.708532484,10,Modelled,,,
Canada,20.16301558,764.2440009,1.710159821,10,Modelled,,,
Canada,20.16808682,765.0846626,1.711787158,10,Modelled,,,
Canada,20.17315807,765.9253243,1.713414495,10,Modelled,,,
Canada,20.17822931,766.7659861,1.715041832,10,Modelled,,,
Canada,20.18330056,767.6066478,1.716669169,10,Modelled,,,
Canada,20.1883718,768.4473095,1.718296507,10,Modelled,,,
Canada,20.19344305,769.2879712,1.719923844,10,Modelled,,,
Canada,20.19851429,770.128633,1.721551181,10,Modelled,,,
Canada,20.20358553,770.9692947,1.723178518,10,Modelled,,,
Canada,20.20865678,771.8099564,1.724805855,10,Modelled,,,
Canada,20.21372802,772.6506182,1.726433192,10,Modelled,,,
Canada,20.21879927,773.4912799,1.72806053,10,Modelled,,,
Canada,20.22387051,774.3319416,1.729687867,10,Modelled,,,
Canada,20.22894176,775.1726033,1.731315204,10,Modelled,,,
Canada,20.234013,776.0132651,1.732942541,11,Modelled,,,
Canada,20.23908424,776.8539268,1.734569878,11,Modelled,,,
Canada,20.24415549,777.6945885,1.736197215,11,Modelled,,,
Canada,20.24922673,778.5352503,1.737824553,11,Modelled,,,
Canada,20.25429798,779.375912,1.73945189,11,Modelled,,,
Canada,20.25936922,780.2165737,1.741079227,11,Modelled,,,
Canada,20.26444047,781.0572354,1.742706564,11,Modelled,,,
Canada,20.26951171,781.8978972,1.744333901,11,Modelled,,,
Canada,20.27458295,782.7385589,1.745961238,11,Modelled,,,
Canada,20.2796542,783.5792206,1.747588576,11,Modelled,,,
Canada,20.28472544,784.4198824,1.749215913,11,Modelled,,,
Canada,20.28979669,785.2605441,1.75084325,11,Modelled,,,
Canada,20.29486793,786.1012058,1.752470587,11,Modelled,,,
Canada,20.29993918,786.9418676,1.754097924,11,Modelled,,,
Canada,20.30501042,787.7825293,1.755725261,11,Modelled,,,
Canada,20.31008166,788.623191,1.757352599,11,Modelled,,,
Canada,20.31515291,789.4638527,1.758979936,11,Modelled,,,
Canada,20.32022415,790.3045145,1.760607273,11,Modelled,,,
Canada,20.3252954,791.1451762,1.76223461,11,Modelled,,,
Canada,20.33036664,791.9858379,1.763861947,11,Modelled,,,
Canada,20.33543789,792.8264997,1.765489284,11,Modelled,,,
Canada,20.34050913,793.6671614,1.767116622,11,Modelled,,,
Canada,20.34558037,794.5078231,1.768743959,11,Modelled,,,
Canada,20.35065162,795.3484848,1.770371296,11,Modelled,,,
Canada,20.35572286,796.1891466,1.771998633,11,Modelled,,,
Canada,20.36079411,797.0298083,1.77362597,11,Modelled,,,
Canada,20.36586535,797.87047,1.775253307,11,Modelled,,,
Canada,20.3709366,798.7111318,1.776880644,11,Modelled,,,
Canada,20.37600784,799.5517935,1.778507982,11,Modelled,,,
Canada,20.38107908,800.3924552,1.780135319,11,Modelled,,,
Canada,20.38615033,801.2331169,1.781762656,11,Modelled,,,
Canada,20.39122157,802.0737787,1.783389993,11,Modelled,,,
Canada,20.39629282,802.9144404,1.78501733,11,Modelled,,,
Canada,20.40136406,803.7551021,1.786644667,11,Modelled,,,
Canada,20.40643531,804.5957639,1.788272005,11,Modelled,,,
Canada,20.41150655,805.4364256,1.789899342,11,Modelled,,,
Canada,20.4165778,806.2770873,1.791526679,11,Modelled,,,
Canada,20.42164904,807.117749,1.793154016,11,Modelled,,,
Canada,20.42672028,807.9584108,1.794781353,11,Modelled,,,
Canada,20.43179153,808.7990725,1.79640869,11,Modelled,,,
Canada,20.43686277,809.6397342,1.798036028,11,Modelled,,,
Canada,20.44193402,810.480396,1.799663365,11,Modelled,,,
Canada,20.44700526,811.3210577,1.801290702,11,Modelled,,,
Canada,20.45207651,812.1617194,1.802918039,11,Modelled,,,
Canada,20.45714775,813.0023812,1.804545376,12,Modelled,,,
Canada,20.46221899,813.8430429,1.806172713,12,Modelled,,,
Canada,20.46729024,814.6837046,1.807800051,12,Modelled,,,
Canada,20.47236148,815.5243663,1.809427388,12,Modelled,,,
Canada,20.47743273,816.3650281,1.811054725,12,Modelled,,,
Canada,20.48250397,817.2056898,1.812682062,12,Modelled,,,
Canada,20.48757522,818.0463515,1.814309399,12,Modelled,,,
Canada,20.49264646,818.8870133,1.815936736,12,Modelled,,,
Canada,20.4977177,819.727675,1.817564074,12,Modelled,,,
Canada,20.50278895,820.5683367,1.819191411,12,Modelled,,,
Canada,20.50786019,821.4089984,1.820818748,12,Modelled,,,
Canada,20.51293144,822.2496602,1.822446085,12,Modelled,,,
Canada,20.51800268,823.0903219,1.824073422,12,Modelled,,,
Canada,20.52307393,823.9309836,1.825700759,12,Modelled,,,
Canada,20.52814517,824.7716454,1.827328097,12,Modelled,,,
Canada,20.53321641,825.6123071,1.828955434,12,Modelled,,,
Canada,20.53828766,826.4529688,1.830582771,12,Modelled,,,
Canada,20.5433589,827.2936305,1.832210108,12,Modelled,,,
Canada,20.54843015,828.1342923,1.833837445,12,Modelled,,,
Canada,20.55350139,828.974954,1.835464782,12,Modelled,,,
Canada,20.55857264,829.8156157,1.83709212,12,Modelled,,,
Canada,20.56364388,830.6562775,1.838719457,12,Modelled,,,
Canada,20.56871512,831.4969392,1.840346794,12,Modelled,,,
Canada,20.57378637,832.3376009,1.841974131,12,Modelled,,,
Canada,20.57885761,833.1782626,1.843601468,12,Modelled,,,
Canada,20.58392886,834.0189244,1.845228805,12,Modelled,,,
Canada,20.5890001,834.8595861,1.846856143,12,Modelled,,,
Canada,20.59407135,835.7002478,1.84848348,13,Modelled,,,
Canada,20.59914259,836.5409096,1.850110817,13,Modelled,,,
Canada,20.60421383,837.3815713,1.851738154,13,Modelled,,,
Canada,20.60928508,838.222233,1.853365491,13,Modelled,,,
Canada,20.61435632,839.0628948,1.854992828,13,Modelled,,,
Canada,20.61942757,839.9035565,1.856620166,13,Modelled,,,
Canada,20.62449881,840.7442182,1.858247503,13,Modelled,,,
Canada,20.62957006,841.5848799,1.85987484,13,Modelled,,,
Canada,20.6346413,842.4255417,1.861502177,13,Modelled,,,
Canada,20.63971254,843.2662034,1.863129514,13,Modelled,,,
Canada,20.64478379,844.1068651,1.864756851,13,Modelled,,,
Canada,20.64985503,844.9475269,1.866384188,13,Modelled,,,
Canada,20.65492628,845.7881886,1.868011526,13,Modelled,,,
Canada,20.65999752,846.6288503,1.869638863,13,Modelled,,,
Canada,20.66506877,847.469512,1.8712662,13,Modelled,,,
Canada,20.67014001,848.3101738,1.872893537,13,Modelled,,,
Canada,20.67521125,849.1508355,1.874520874,13,Modelled,,,
Canada,20.6802825,849.9914972,1.876148211,14,Modelled,,,
Canada,20.68535374,850.832159,1.877775549,14,Modelled,,,
Canada,20.69042499,851.6728207,1.879402886,14,Modelled,,,
Canada,20.69549623,852.5134824,1.881030223,14,Modelled,,,
Canada,20.70056748,853.3541441,1.88265756,14,Modelled,,,
Canada,20.70563872,854.1948059,1.884284897,14,Modelled,,,
Canada,20.71070996,855.0354676,1.885912234,15,Modelled,,,
Canada,20.71578121,855.8761293,1.887539572,15,Modelled,,,
Canada,20.72085245,856.7167911,1.889166909,16,Modelled,,,
Australia,10.26945546,1.814741219,0.039822264,2,Modelled,,,
Australia,13.6693409,13.19107137,0.183281512,2,Modelled,,,
Australia,14.29570639,12.59723029,0.207076666,2,Modelled,,,
Australia,14.97381243,12.63354936,0.239920247,2,Modelled,,,
Australia,19.55926694,7.022012778,0.334914508,2,Modelled,,,
Australia,19.29755628,6.478177796,0.30532584,2,Modelled,,,
Australia,17.67698371,31.55911247,0.53072598,2,Modelled,,,
Australia,19.5828183,6.862132741,0.327847975,2,Modelled,,,
Australia,17.42535683,22.59896357,0.46670953,2,Modelled,,,
Australia,19.55751751,7.206334691,0.341929651,2,Modelled,,,
Australia,17.81459825,10.09255211,0.360259767,2,Modelled,,,
Australia,12.62916991,264.9145284,0.173655108,2,Modelled,,,
Australia,15.59697074,6.705892918,0.205965489,2,Modelled,,,
Australia,10.61337069,1.400511153,0.033686389,2,Modelled,,,
Australia,15.24154787,5.823596788,0.1812786,2,Modelled,,,
Australia,18.54625661,4.871603322,0.220859811,3,Modelled,,,
Australia,16.30426544,4.291984694,0.165633798,3,Modelled,,,
Australia,15.8071616,10.93980932,0.267870782,3,Modelled,,,
Australia,19.32927926,19.73894018,0.63663908,3,Modelled,,,
Australia,15.09426969,7.438200263,0.201478534,3,Modelled,,,
Australia,19.13256413,7.901770851,0.355852711,3,Modelled,,,
Australia,17.76872363,20.19883547,0.481165951,3,Modelled,,,
Australia,14.38844895,5.115961079,0.147713699,3,Modelled,,,
Australia,8.539105907,1.531250564,0.026268647,3,Modelled,,,
Australia,7.934863847,2.684461713,0.029982689,3,Modelled,,,
Australia,18.55363612,24.28546014,0.597755295,3,Modelled,,,
Australia,14.63014125,3.716571871,0.123218905,3,Modelled,,,
Australia,8.53282688,2.001360534,0.030617993,3,Modelled,,,
Australia,11.19053094,4.706176025,0.078645202,3,Modelled,,,
Australia,15.23995792,20.37404539,0.288574365,3,Modelled,,,
Australia,18.89007315,6.294333319,0.288446987,3,Modelled,,,
Australia,19.25106573,16.32312103,0.577405753,3,Modelled,,,
Australia,19.06538749,16.464712,0.562574411,3,Modelled,,,
Australia,17.40055154,5.130710903,0.213178619,3,Modelled,,,
Australia,12.67889063,39.73285638,0.164694205,3,Modelled,,,
Australia,11.34310183,19.17876798,0.109181087,3,Modelled,,,
Australia,15.76305978,11.62161052,0.27199929,3,Modelled,,,
Australia,16.54419551,3.428733917,0.137209727,3,Modelled,,,
Australia,19.81110391,15.95146959,0.614199863,3,Modelled,,,
Australia,18.85618659,5.72386553,0.263071162,3,Modelled,,,
Australia,15.36756355,5.311061071,0.173274224,3,Modelled,,,
Australia,18.09182363,7.12382395,0.296595896,3,Modelled,,,
Australia,19.17150477,7.856403961,0.35652927,3,Modelled,,,
Australia,17.30777514,4.913860869,0.203591206,3,Modelled,,,
Australia,16.70152838,10.12164994,0.305017886,3,Modelled,,,
Australia,16.9319663,4.016992078,0.164376581,3,Modelled,,,
Australia,11.87757959,48.32490876,0.133853736,3,Modelled,,,
Australia,14.64600869,127.872364,0.290903607,3,Modelled,,,
Australia,18.7517128,149.8110631,0.828256193,3,Modelled,,,
Australia,17.3635351,10.18009751,0.336732978,3,Modelled,,,
Australia,15.65029054,13.00254924,0.278115199,3,Modelled,,,
Australia,17.10016171,6.258195303,0.241019581,3,Modelled,,,
Australia,14.03863719,4.942236012,0.136549425,3,Modelled,,,
Australia,14.81549418,24.00739766,0.269614247,3,Modelled,,,
Australia,18.23626604,24.85128427,0.568587393,3,Modelled,,,
Australia,19.52962421,9.638201443,0.430980667,3,Modelled,,,
Australia,17.32265676,21.21200132,0.447139325,3,Modelled,,,
Australia,13.02368739,7.924552441,0.13822159,3,Modelled,,,
Australia,17.03684489,5.823596788,0.228116112,3,Modelled,,,
Australia,14.80686503,5.357130588,0.160288019,3,Modelled,,,
Australia,15.12300945,9.310912558,0.222729123,3,Modelled,,,
Australia,16.96107653,11.68871963,0.34032665,3,Modelled,,,
Australia,16.29575773,11.03470406,0.295839461,3,Modelled,,,
Australia,17.34474403,53.44806452,0.542568146,3,Modelled,,,
Australia,15.03293208,7.611502031,0.201303323,3,Modelled,,,
Australia,19.60207098,27.40687158,0.753618733,3,Modelled,,,
Australia,17.48489833,32.85709453,0.512350031,3,Modelled,,,
Australia,17.94365582,177.5465869,0.683407887,3,Modelled,,,
Australia,9.496461215,4.242842537,0.051379335,4,Modelled,,,
Australia,19.32519587,11.09842407,0.466332857,4,Modelled,,,
Australia,18.90475421,10.59879065,0.429220261,4,Modelled,,,
Australia,19.03443637,69.65635426,0.831702069,4,Modelled,,,
Australia,18.44552282,7.289801101,0.313720656,4,Modelled,,,
Australia,17.30095416,12.63354936,0.370820287,4,Modelled,,,
Australia,17.12873595,9.337756843,0.310118447,4,Modelled,,,
Australia,15.66898165,5.481945754,0.184669427,4,Modelled,,,
Australia,16.92163331,12.45299514,0.347693491,4,Modelled,,,
Australia,15.86204558,12.74313603,0.285555945,4,Modelled,,,
Australia,15.65216671,3.073419946,0.115583732,4,Modelled,,,
Australia,17.17159846,4.391983149,0.181854256,4,Modelled,,,
Australia,18.97472212,82.07833862,0.826360987,4,Modelled,,,
Australia,13.6759276,1456.434046,0.232084602,4,Modelled,,,
Australia,13.91573616,15.40979812,0.198815084,4,Modelled,,,
Australia,16.32021947,8.132565258,0.25685527,4,Modelled,,,
Australia,18.15866837,4.899734448,0.216990443,4,Modelled,,,
Australia,19.66699859,20.78880174,0.685330026,4,Modelled,,,
Australia,10.64085659,70.66629191,0.096522646,4,Modelled,,,
Australia,17.36424982,13.00254924,0.381816503,4,Modelled,,,
Australia,18.87152559,2914.84962,0.910339291,4,Modelled,,,
Australia,14.66788023,6.862132741,0.179440226,4,Modelled,,,
Australia,19.31828859,14.63158326,0.547599067,4,Modelled,,,
Australia,13.65794283,3.9824473,0.11321714,4,Modelled,,,
Australia,18.54875149,8.764672318,0.36318287,4,Modelled,,,
Australia,15.3613393,12.20454605,0.257191487,4,Modelled,,,
Australia,15.91565067,10.26840231,0.266520077,4,Modelled,,,
Australia,9.694587177,8.203109232,0.062761942,4,Modelled,,,
Australia,14.9611626,15.67829474,0.253254912,4,Modelled,,,
Australia,18.58522149,15.76882923,0.510436529,4,Modelled,,,
Australia,15.41113883,6.028302662,0.189016921,4,Modelled,,,
Australia,13.30940923,2.6233408,0.080015106,4,Modelled,,,
Australia,19.32047813,8.639410721,0.390698438,4,Modelled,,,
Australia,13.45852446,2.692201283,0.083178699,4,Modelled,,,
Australia,16.38984169,19.34512957,0.364949511,4,Modelled,,,
Australia,16.48169167,4.098766361,0.161528689,4,Modelled,,,
Australia,14.74003615,83.02900003,0.295522856,4,Modelled,,,
Australia,16.79804594,3.458475641,0.140758689,4,Modelled,,,
Australia,17.24924981,17.19130428,0.4175099,4,Modelled,,,
Australia,18.88451993,17.79559766,0.5609954,4,Modelled,,,
Australia,18.78920575,91.83130323,0.806569218,4,Modelled,,,
Australia,19.37224895,70.05858563,0.881662347,4,Modelled,,,
Australia,16.15444489,356.3591973,0.444095819,4,Modelled,,,
Australia,15.16399227,2.578415114,0.093625226,4,Modelled,,,
Australia,16.28360178,3.246219218,0.127664563,4,Modelled,,,
Australia,15.20894307,16.464712,0.273171776,4,Modelled,,,
Australia,16.71867378,3.847213487,0.155499094,4,Modelled,,,
Australia,17.1858217,11.82410267,0.355414329,4,Modelled,,,
Australia,12.022698,19.4009035,0.129807321,4,Modelled,,,
Australia,14.48037381,10.12164994,0.201707169,4,Modelled,,,
Australia,19.9832189,28.94778936,0.826355121,4,Modelled,,,
Australia,18.8147307,25.87338276,0.635359881,4,Modelled,,,
Australia,18.15459958,8.917385864,0.350248253,4,Modelled,,,
Australia,18.02534388,521.1097901,0.710224162,4,Modelled,,,
Australia,18.63348452,8.250478175,0.350980679,4,Modelled,,,
Australia,17.00203384,53.60216059,0.499619534,4,Modelled,,,
Australia,19.21304643,18.26271709,0.597752555,4,Modelled,,,
Australia,16.53675585,8.840699352,0.27845303,4,Modelled,,,
Australia,10.27746745,47.36078092,0.084928522,4,Modelled,,,
Australia,18.47914559,25.21159953,0.597636007,4,Modelled,,,
Australia,17.18178776,33.04682818,0.480503221,4,Modelled,,,
Australia,12.38702208,2.441163677,0.067409962,4,Modelled,,,
Australia,19.26196353,473.8805864,0.98238216,4,Modelled,,,
Australia,18.57603557,5.593542236,0.25310634,4,Modelled,,,
Australia,17.86020027,97.83576031,0.646830048,4,Modelled,,,
Australia,16.45922982,3.508619592,0.139424369,4,Modelled,,,
Australia,17.57311616,399.8531071,0.630928458,4,Modelled,,,
Australia,16.15115311,5.280568372,0.190550917,4,Modelled,,,
Australia,19.81869453,20.84873791,0.700565606,4,Modelled,,,
Australia,18.89772551,32.9518248,0.70251047,4,Modelled,,,
Australia,19.89672195,26.70586515,0.792998624,4,Modelled,,,
Australia,18.19961238,4.599023899,0.204246663,4,Modelled,,,
Australia,14.05272387,12.38149804,0.195413337,4,Modelled,,,
Australia,7.535088051,3.145027202,0.028320713,4,Modelled,,,
Australia,11.24336097,2.181899329,0.052926691,4,Modelled,,,
Australia,13.09371891,3.498532974,0.096051975,4,Modelled,,,
Australia,17.07703164,33.23765745,0.4757497,4,Modelled,,,
Australia,15.05973518,6.010972432,0.178688272,4,Modelled,,,
Australia,13.81953554,5.250250742,0.135919718,4,Modelled,,,
Australia,17.96225124,12.06480703,0.406500204,4,Modelled,,,
Australia,17.53822231,4.899734448,0.206901386,4,Modelled,,,
Australia,17.1668928,31.37792033,0.476027593,4,Modelled,,,
Australia,19.27365573,11.62161052,0.478136203,4,Modelled,,,
Australia,19.12467786,11.0665182,0.452300595,4,Modelled,,,
Australia,12.05285233,4.928028018,0.095539355,4,Modelled,,,
Australia,16.81484913,10.18009751,0.311706936,4,Modelled,,,
Australia,17.75339898,72.52122247,0.618314,4,Modelled,,,
Australia,14.80709778,11.42258612,0.223819097,4,Modelled,,,
Australia,18.23723752,6.59105201,0.283262557,4,Modelled,,,
Australia,17.21342655,21.51955113,0.437600696,4,Modelled,,,
Australia,16.30077647,30.39979939,0.392974956,4,Modelled,,,
Australia,15.50724182,3.792230473,0.137705764,4,Modelled,,,
Australia,18.41343801,6.822734785,0.296031753,4,Modelled,,,
Australia,19.1325786,89.22521886,0.864728796,4,Modelled,,,
Australia,19.45167961,113.9630834,0.968660394,4,Modelled,,,
Australia,17.04957954,7.970312854,0.282095199,4,Modelled,,,
Australia,11.18720373,3.163188196,0.065812189,4,Modelled,,,
Australia,17.43330292,4.304358912,0.182263692,4,Modelled,,,
Australia,11.84557842,1.938973586,0.052384038,4,Modelled,,,
Australia,19.86603688,19.62561188,0.692523779,4,Modelled,,,
Australia,18.63147818,51.63310376,0.711967228,4,Modelled,,,
Australia,11.24039944,2.175626781,0.052737465,4,Modelled,,,
Australia,18.2300677,9.55531616,0.369034166,4,Modelled,,,
Australia,19.18232907,86.69309266,0.880656144,4,Modelled,,,
Australia,16.67525063,24.00739766,0.402032805,4,Modelled,,,
Australia,18.99521354,129.7263674,0.861859488,4,Modelled,,,
Australia,17.46987016,38.38362932,0.527245454,4,Modelled,,,
Australia,16.90722493,19.91016085,0.406978596,4,Modelled,,,
Australia,19.25063477,34.50519381,0.761758394,4,Modelled,,,
Australia,19.42773634,6.440984263,0.30596573,4,Modelled,,,
Australia,16.60549043,21.3959997,0.387294779,4,Modelled,,,
Australia,18.41244051,6.168755389,0.272829784,4,Modelled,,,
Australia,19.74817061,18.47424257,0.660627142,4,Modelled,,,
Australia,12.6948422,2.526973282,0.072145134,4,Modelled,,,
Australia,12.77932627,2.107807559,0.0624643,4,Modelled,,,
Australia,17.05246389,10.03460716,0.321153366,4,Modelled,,,
Australia,19.2687232,20.37404539,0.634860223,4,Modelled,,,
Australia,17.99369341,4.366767205,0.191269123,4,Modelled,,,
Australia,18.64786655,96.43752623,0.775210607,4,Modelled,,,
Australia,15.6676755,3.370015575,0.12622843,5,Modelled,,,
Australia,19.98496748,17.54126927,0.669523218,5,Modelled,,,
Australia,16.25642839,5.840386796,0.207998052,5,Modelled,,,
Australia,13.07447184,3.135985844,0.088624071,5,Modelled,,,
Australia,15.90223549,2.977614476,0.113778321,5,Modelled,,,
Australia,12.91110549,8.714351203,0.138748867,5,Modelled,,,
Australia,14.70941004,6.686614743,0.178693563,5,Modelled,,,
Australia,7.083882127,3.209050815,0.025186556,5,Modelled,,,
Australia,19.24415219,32.9518248,0.742908478,5,Modelled,,,
Australia,13.6756883,75.93991689,0.222606716,5,Modelled,,,
Australia,19.24799208,238.8331044,0.944758964,5,Modelled,,,
Australia,19.77651135,11.38974835,0.502630938,5,Modelled,,,
Australia,17.04336746,3.880585212,0.160226468,5,Modelled,,,
Australia,19.56687664,30.84056179,0.784171412,5,Modelled,,,
Australia,11.20567073,56.9428054,0.112220151,5,Modelled,,,
Australia,17.25549266,24.21564404,0.456326925,5,Modelled,,,
Australia,16.68544211,11.0665182,0.316006499,5,Modelled,,,
Australia,17.71695275,7.655454731,0.299766397,5,Modelled,,,
Australia,13.3269168,8.467046268,0.151595597,5,Modelled,,,
Australia,10.95409215,1.30701048,0.032742839,5,Modelled,,,
Australia,19.23678064,23.19216731,0.661281017,5,Modelled,,,
Australia,18.87378088,12.96516937,0.485312574,5,Modelled,,,
Australia,19.19823214,11.65511677,0.472719866,5,Modelled,,,
Australia,16.25284927,10.26840231,0.282872585,5,Modelled,,,
Australia,9.185845446,1.181729643,0.023933831,5,Modelled,,,
Australia,19.79598639,65.56984787,0.95863807,5,Modelled,,,
Australia,5.887653092,1.938973586,0.015335145,5,Modelled,,,
Australia,10.60510124,4.665704498,0.068579613,5,Modelled,,,
Australia,19.87291719,34.01205778,0.84425374,5,Modelled,,,
Australia,17.20713748,9.445910166,0.318817044,5,Modelled,,,
Australia,19.85696962,24.85128427,0.765090753,5,Modelled,,,
Australia,17.76142853,7.567801678,0.299464062,5,Modelled,,,
Australia,18.9000251,11.89238108,0.462158519,5,Modelled,,,
Australia,18.41327958,17.89835853,0.525641149,5,Modelled,,,
Australia,18.93700451,13.45960324,0.497877087,5,Modelled,,,
Australia,14.45113561,6.186540523,0.164126574,5,Modelled,,,
Australia,17.1983088,170.5328114,0.571431192,5,Modelled,,,
Australia,19.3368847,7.459645333,0.346732334,5,Modelled,,,
Australia,19.13730709,261.1284636,0.939542821,5,Modelled,,,
Australia,19.65580818,8.062627939,0.380448389,5,Modelled,,,
Australia,15.90002463,7.082923532,0.222800419,5,Modelled,,,
Australia,16.26850817,9.891196101,0.279865868,5,Modelled,,,
Australia,18.01442626,68.46346331,0.64303374,5,Modelled,,,
Australia,18.56927589,5.434802868,0.245839148,5,Modelled,,,
Australia,13.27179465,17.3404261,0.17585243,5,Modelled,,,
Australia,16.76073153,13.77319698,0.350472229,5,Modelled,,,
Australia,19.65489183,19.91016085,0.66697489,5,Modelled,,,
Australia,19.319821,8.891750066,0.399169653,5,Modelled,,,
Australia,18.17379085,19.73894018,0.513388943,5,Modelled,,,
Australia,13.61185448,5.561427712,0.134526198,5,Modelled,,,
Australia,19.3982187,9.230841849,0.413156967,5,Modelled,,,
Australia,19.68555886,14.33966927,0.57139532,5,Modelled,,,
Australia,6.560105609,5.497750747,0.023546927,5,Modelled,,,
Australia,12.63875405,2.893112631,0.078852322,5,Modelled,,,
Australia,18.63992114,78.83592743,0.756539418,5,Modelled,,,
Australia,13.54742489,3.135985844,0.094626321,5,Modelled,,,
Australia,15.70554708,5.115961079,0.176491952,5,Modelled,,,
Australia,15.16409269,5.013892794,0.162053419,5,Modelled,,,
Australia,17.69937892,13.34385519,0.405575184,5,Modelled,,,
Australia,16.78212008,10.12164994,0.309485958,5,Modelled,,,
Australia,18.10465555,58.77495402,0.647393644,5,Modelled,,,
Australia,18.90656202,21.89450262,0.612744171,5,Modelled,,,
Australia,18.6945625,25.43029147,0.625265127,5,Modelled,,,
Australia,14.39120725,2.462338961,0.084347118,5,Modelled,,,
Australia,12.39919977,2.786835139,0.074259219,5,Modelled,,,
Australia,19.08040626,6.440984263,0.297707793,5,Modelled,,,
Australia,10.86206697,5.497750747,0.076675774,5,Modelled,,,
Australia,14.78060523,5.295792775,0.159937953,5,Modelled,,,
Australia,17.25706636,23.25903263,0.455454513,5,Modelled,,,
Australia,14.99733241,6.534371185,0.184358627,5,Modelled,,,
Australia,16.73093082,41.60588733,0.452145039,5,Modelled,,,
Australia,12.55586329,1.916772821,0.056059403,5,Modelled,,,
Australia,15.86450783,252.9884972,0.406605859,5,Modelled,,,
Australia,19.97739128,12.59723029,0.549256755,5,Modelled,,,
Australia,14.44999776,11.13042193,0.205909985,5,Modelled,,,
Australia,19.87376842,6.941612478,0.337907093,5,Modelled,,,
Australia,11.50676991,13.77319698,0.109903635,5,Modelled,,,
Australia,18.09570034,10.97134988,0.395296609,5,Modelled,,,
Australia,12.59255684,2.747006676,0.075866159,5,Modelled,,,
Australia,19.87759509,13.15314953,0.559576497,5,Modelled,,,
Australia,19.82316167,7.310818321,0.352548078,5,Modelled,,,
Australia,18.34197334,11.19469467,0.411142027,5,Modelled,,,
Australia,17.70167794,5.280568372,0.223835689,5,Modelled,,,
Australia,16.33233226,4.430080346,0.170518022,5,Modelled,,,
Australia,16.52700027,38.71657884,0.427027347,5,Modelled,,,
Australia,18.63127667,5.481945754,0.24882536,5,Modelled,,,
Australia,10.18316689,11.65511677,0.075785765,5,Modelled,,,
Australia,17.83815664,7.811297539,0.307842235,5,Modelled,,,
Australia,18.40565495,23.80094214,0.575058066,5,Modelled,,,
Australia,19.2010222,18.1578643,0.603795322,5,Modelled,,,
Australia,19.56085312,10.12164994,0.449808801,5,Modelled,,,
Australia,18.72478304,39.61863193,0.699155048,5,Modelled,,,
Australia,18.08028419,8.22675961,0.327822995,5,Modelled,,,
Australia,15.8803915,64.63274679,0.387845013,5,Modelled,,,
Australia,18.06228155,4.899734448,0.215182318,5,Modelled,,,
Australia,18.78569731,84.71922914,0.803063192,5,Modelled,,,
Australia,18.77933356,7.901770851,0.345863026,5,Modelled,,,
Australia,18.59716147,16.04358152,0.511107826,5,Modelled,,,
Australia,16.9646306,7.206334691,0.260926402,5,Modelled,,,
Australia,18.17447567,5.190136677,0.229560327,5,Modelled,,,
Australia,16.88569335,15.49878217,0.376267769,5,Modelled,,,
Australia,19.92076214,6.515586104,0.319081999,5,Modelled,,,
Australia,16.23857409,12.70650192,0.307542485,5,Modelled,,,
Australia,19.59798277,12.48889836,0.519736156,5,Modelled,,,
Australia,14.0924327,64.07692696,0.243970818,5,Modelled,,,
Australia,16.04419009,4.65229148,0.171976922,5,Modelled,,,
Australia,10.13607144,5.658328693,0.065015264,5,Modelled,,,
Australia,19.91891345,10.35747309,0.474675387,5,Modelled,,,
Australia,18.1015945,4580.524694,0.748086555,5,Modelled,,,
Australia,16.02266035,16.08983676,0.321702235,5,Modelled,,,
Australia,19.07175749,19.28951598,0.600074264,5,Modelled,,,
Australia,17.19418157,19.34512957,0.423074207,5,Modelled,,,
Australia,19.6826566,8.250478175,0.388670243,5,Modelled,,,
Australia,17.79733657,39.61863193,0.57114395,5,Modelled,,,
Australia,19.1181356,31.19776848,0.720103654,5,Modelled,,,
Australia,19.8261417,22.21194793,0.721055892,5,Modelled,,,
Australia,15.95515305,5.357130588,0.188582961,5,Modelled,,,
Australia,17.91007737,17.44055857,0.469367409,5,Modelled,,,
Australia,19.63145066,28.78158976,0.776098565,5,Modelled,,,
Australia,15.8985758,217.1871911,0.407827869,5,Modelled,,,
Australia,8.577663915,2.684461713,0.035229017,5,Modelled,,,
Australia,16.50762815,6.45955426,0.229118356,5,Modelled,,,
Australia,19.71730452,11.65511677,0.503176961,5,Modelled,,,
Australia,11.73677199,7.524352225,0.102240696,5,Modelled,,,
Australia,18.58543921,17.49084144,0.531651937,5,Modelled,,,
Australia,18.94424999,13.57635532,0.502646034,5,Modelled,,,
Australia,18.04815821,11.32435573,0.39744691,5,Modelled,,,
Australia,10.37336013,11.0665182,0.078180024,5,Modelled,,,
Australia,18.98016447,31.1080808,0.689825899,5,Modelled,,,
Australia,17.37234076,21.83156007,0.459995252,5,Modelled,,,
Australia,19.28097826,52.68420368,0.829539632,5,Modelled,,,
Australia,18.04118053,10.15083166,0.373265347,5,Modelled,,,
Australia,19.88523869,9.976994894,0.460655396,5,Modelled,,,
Australia,12.48301576,27.56513286,0.152592064,5,Modelled,,,
Australia,13.16722908,19.51293423,0.174694956,5,Modelled,,,
Australia,14.68340387,14.2573401,0.232196372,5,Modelled,,,
Australia,12.16312526,9.046677784,0.118278184,5,Modelled,,,
Australia,19.94033906,11.68871963,0.518628469,5,Modelled,,,
Australia,19.59754641,18.10566388,0.635155142,5,Modelled,,,
Australia,17.67882383,16.32312103,0.438483785,5,Modelled,,,
Australia,12.95432616,2.065754796,0.062466753,5,Modelled,,,
Australia,18.36091702,13.26724335,0.451965081,5,Modelled,,,
Australia,9.82396655,1.783663102,0.0365147,5,Modelled,,,
Australia,15.4049474,2.935059463,0.108328663,5,Modelled,,,
Australia,17.925907,5.160338248,0.223541852,5,Modelled,,,
Australia,19.38607292,21.89450262,0.671942258,5,Modelled,,,
Australia,19.96499069,163.7961071,1.125397733,5,Modelled,,,
Australia,14.2389972,4.304358912,0.129295034,5,Modelled,,,
Australia,18.10968601,20.9088469,0.525165301,6,Modelled,,,
Australia,17.76699232,7.502721136,0.296697638,6,Modelled,,,
Australia,19.93658098,152.8607809,1.082910532,6,Modelled,,,
Australia,16.44737801,9.364678523,0.279987672,6,Modelled,,,
Australia,19.16746245,9.777944366,0.419741712,6,Modelled,,,
Australia,19.66940654,7.611502031,0.362281002,6,Modelled,,,
Australia,15.91014474,22.99272249,0.340495914,6,Modelled,,,
Australia,16.11448248,10.00575956,0.27473802,6,Modelled,,,
Australia,16.2141098,26.09781517,0.373937787,6,Modelled,,,
Australia,19.63415397,6.38559397,0.307770094,6,Modelled,,,
Australia,10.79217124,2.337987638,0.051567545,6,Modelled,,,
Australia,18.09249962,11.45551857,0.402777518,6,Modelled,,,
Australia,12.64258326,5.071965539,0.10841808,6,Modelled,,,
Australia,10.09065287,6.705892918,0.066820932,6,Modelled,,,
Australia,16.34293326,10.87699997,0.296107731,6,Modelled,,,
Australia,17.06414752,36.6556593,0.482975726,6,Modelled,,,
Australia,18.21232343,22.14809278,0.546217328,6,Modelled,,,
Australia,17.30391834,32.20156428,0.495668509,6,Modelled,,,
Australia,7.275256881,11.92666799,0.032057009,6,Modelled,,,
Australia,16.65454755,4.170182282,0.166314867,6,Modelled,,,
Australia,18.52915762,7.811297539,0.332686346,6,Modelled,,,
Australia,11.43702471,1.819973298,0.046980163,6,Modelled,,,
Australia,17.36438417,28.45204772,0.484062594,6,Modelled,,,
Australia,15.71498543,33.52596948,0.346709193,6,Modelled,,,
Australia,13.4193326,161.9206824,0.211474682,6,Modelled,,,
Australia,16.28925114,11.42258612,0.29821255,6,Modelled,,,
Australia,17.31841013,23.12549421,0.460898854,6,Modelled,,,
Australia,12.76096499,5.806855048,0.116949134,6,Modelled,,,
Australia,16.07323961,12.13447539,0.293455949,6,Modelled,,,
Australia,16.93604202,6.862132741,0.252398364,6,Modelled,,,
Australia,10.54507936,20.25707071,0.087523678,6,Modelled,,,
Australia,14.19842115,3.684610606,0.115469185,6,Modelled,,,
Australia,19.65666211,15.4542261,0.592707561,6,Modelled,,,
Australia,19.04204067,52.83609747,0.783347519,6,Modelled,,,
Australia,11.06978749,3.109017423,0.063878959,6,Modelled,,,
Australia,16.67605692,7.022012778,0.248969725,6,Modelled,,,
Australia,18.35598695,4.80198009,0.21513455,6,Modelled,,,
Australia,19.14519712,13.97289262,0.520482203,6,Modelled,,,
Australia,15.74814529,3.109017423,0.11770389,6,Modelled,,,
Australia,18.93776641,47.49732675,0.759973857,6,Modelled,,,
Australia,18.61231597,16.60753117,0.521100911,6,Modelled,,,
Australia,8.88383094,2.469438129,0.036464511,6,Modelled,,,
Australia,18.14311594,50.16780576,0.648755278,6,Modelled,,,
Australia,18.90050396,10.65999348,0.43146346,6,Modelled,,,
Australia,15.23844903,5.357130588,0.171197233,6,Modelled,,,
Australia,15.40815927,16.22940416,0.281900754,6,Modelled,,,
Australia,14.85485392,3.959582648,0.132234003,6,Modelled,,,
Australia,16.15215191,14.2573401,0.314180386,6,Modelled,,,
Australia,16.06599037,173.5041342,0.42679761,6,Modelled,,,
Australia,15.30667215,141.4287277,0.350632466,6,Modelled,,,
Australia,19.50497159,18.26271709,0.629295432,6,Modelled,,,
Australia,19.11487929,6.080593718,0.283482077,6,Modelled,,,
Australia,16.3080833,97.83576031,0.443231132,6,Modelled,,,
Australia,18.37011625,33.81678241,0.630340237,6,Modelled,,,
Australia,15.17899465,29.70764442,0.301495255,6,Modelled,,,
Australia,18.82072813,14.58952022,0.51015293,6,Modelled,,,
Australia,18.80985779,16.94561224,0.541929519,6,Modelled,,,
Australia,15.51782276,2.786835139,0.10368028,6,Modelled,,,
Australia,19.37113843,21.51955113,0.65987022,6,Modelled,,,
Australia,16.17884937,10.12164994,0.278371072,6,Modelled,,,
Australia,15.74806431,16.27619514,0.300387802,6,Modelled,,,
Australia,17.15465694,16.5121814,0.401425537,6,Modelled,,,
Australia,16.40086164,64.07692696,0.442081908,6,Modelled,,,
Australia,17.70224594,15.99745926,0.436737631,6,Modelled,,,
Australia,13.50576112,2.065754796,0.065808705,6,Modelled,,,
Australia,19.02893074,20.49169553,0.616026686,6,Modelled,,,
Australia,16.78995379,17.04346486,0.380702913,6,Modelled,,,
Australia,18.61707246,23.46078749,0.599397304,6,Modelled,,,
Australia,17.17506532,5.545439659,0.222267061,6,Modelled,,,
Australia,19.57945077,150.2429833,1.016873909,6,Modelled,,,
Australia,19.102081,11.25933856,0.459655987,6,Modelled,,,
Australia,19.23060683,92.36158408,0.887953142,6,Modelled,,,
Australia,18.92355447,55.80674233,0.77592944,6,Modelled,,,
Australia,17.09278259,8.840699352,0.300461515,6,Modelled,,,
Australia,16.04765926,12.41719513,0.295884029,6,Modelled,,,
Australia,18.89355699,59.62712379,0.772721076,6,Modelled,,,
Australia,18.38007197,3141.407535,0.789146637,6,Modelled,,,
Australia,19.89668762,6.59105201,0.322098508,6,Modelled,,,
Australia,18.85239933,188.0695908,0.851913898,6,Modelled,,,
Australia,19.71279805,7.481152231,0.358534664,6,Modelled,,,
Australia,16.63988626,6.610054667,0.237886133,6,Modelled,,,
Australia,11.57884574,7.54604568,0.099106533,6,Modelled,,,
Australia,19.59498458,16.84832142,0.618989831,6,Modelled,,,
Australia,19.07676683,8.840699352,0.38711423,6,Modelled,,,
Australia,17.30296344,14.80105162,0.39670225,6,Modelled,,,
Australia,19.80998815,13.85273046,0.567958958,6,Modelled,,,
Australia,18.94069227,35.51301926,0.70937953,6,Modelled,,,
Australia,14.69578471,3.046989571,0.105315684,6,Modelled,,,
Australia,17.96646748,7.901770851,0.31593217,6,Modelled,,,
Australia,18.90746949,66.13861768,0.796226375,6,Modelled,,,
Australia,18.06514939,5.403599724,0.235315269,6,Modelled,,,
Australia,17.95583794,49.59339686,0.619618409,6,Modelled,,,
Australia,18.39202036,19.45683823,0.533924339,6,Modelled,,,
Australia,13.61932891,15.8598865,0.188416648,6,Modelled,,,
Australia,13.33050833,8.491457603,0.149949052,6,Modelled,,,
Australia,16.45541141,7.082923532,0.241614618,6,Modelled,,,
Australia,11.98912139,46.54970995,0.139506439,6,Modelled,,,
Australia,18.57226872,175.5137227,0.803471477,6,Modelled,,,
Australia,17.5986794,6.115706172,0.251334412,6,Modelled,,,
Australia,10.12797324,5.403599724,0.064146452,6,Modelled,,,
Australia,14.67796625,4.638917021,0.144912472,6,Modelled,,,
Australia,17.00941944,7.721860125,0.274989571,6,Modelled,,,
Australia,12.84051973,8.840699352,0.137228056,6,Modelled,,,
Australia,19.04602541,12.34590358,0.481931355,6,Modelled,,,
Australia,19.99762426,58.60598715,0.983861257,6,Modelled,,,
Australia,8.57282374,4.255075073,0.040469713,6,Modelled,,,
Australia,18.38176141,37.2943387,0.637463026,6,Modelled,,,
Australia,19.75094875,139.4074783,1.034141181,6,Modelled,,,
Australia,19.64744283,6.764061566,0.324875661,6,Modelled,,,
Australia,15.9459256,5.190136677,0.183924926,6,Modelled,,,
Australia,13.82880599,61.36870893,0.230187462,6,Modelled,,,
Australia,18.86572217,17.84690413,0.562044727,6,Modelled,,,
Australia,15.03291393,30.48744503,0.289533744,6,Modelled,,,
Australia,18.80033655,12.20454605,0.461590266,6,Modelled,,,
Australia,13.74241849,2.811008867,0.089045791,6,Modelled,,,
Australia,16.21815149,7.502721136,0.24116195,6,Modelled,,,
Australia,19.05212506,6.080593718,0.282356195,6,Modelled,,,
Australia,15.5132597,20.96912918,0.304322129,6,Modelled,,,
Australia,19.28642272,17.89835853,0.605445104,6,Modelled,,,
Australia,19.85783588,9.976994894,0.459510287,6,Modelled,,,
Australia,19.76777402,19.17876798,0.675180428,6,Modelled,,,
Australia,16.82200084,37.08021858,0.455235878,6,Modelled,,,
Australia,11.10698719,4.075233879,0.07268707,6,Modelled,,,
Australia,7.349238262,1.955792745,0.022935264,6,Modelled,,,
Australia,19.4310999,9.046677784,0.409061164,6,Modelled,,,
Australia,19.59127282,7.438200263,0.35292883,6,Modelled,,,
Australia,18.40907944,23.93838094,0.578716769,6,Modelled,,,
Australia,13.74887167,6.629112111,0.148937393,6,Modelled,,,
Australia,18.61479032,8.739475543,0.365849068,6,Modelled,,,
Australia,19.17356683,98.11783052,0.877295448,6,Modelled,,,
Australia,19.45712057,13.65475213,0.540583324,6,Modelled,,,
Australia,19.64264415,19.96756382,0.668734773,6,Modelled,,,
Australia,14.56560873,2.952007995,0.101044285,6,Modelled,,,
Australia,14.96278651,26.62909083,0.279898164,6,Modelled,,,
Australia,18.61110336,7.788841536,0.335770925,6,Modelled,,,
Australia,19.18672369,8.764672318,0.388408558,6,Modelled,,,
Australia,16.51381849,36.6556593,0.42199038,6,Modelled,,,
Australia,10.74891125,7.970312854,0.082303105,6,Modelled,,,
Australia,13.15807502,7.268844301,0.138647936,6,Modelled,,,
Australia,16.91281413,87.19370286,0.505527442,6,Modelled,,,
Australia,8.734935826,10.47743714,0.049301724,6,Modelled,,,
Australia,16.29478018,123.1750169,0.443375209,6,Modelled,,,
Australia,18.46617246,10.78346144,0.411623211,6,Modelled,,,
Australia,17.66559755,28.28869435,0.516847129,6,Modelled,,,
Australia,18.9281245,11.52166859,0.453250015,6,Modelled,,,
Australia,17.83496329,14.0940971,0.429915802,6,Modelled,,,
Australia,17.38046833,16.5121814,0.421374098,6,Modelled,,,
Australia,17.81950763,8.664319,0.329427173,6,Modelled,,,
Australia,19.2301277,23.93838094,0.670233998,6,Modelled,,,
Australia,15.38966819,2.778823515,0.102669955,6,Modelled,,,
Australia,17.60156744,7.185617841,0.282044291,6,Modelled,,,
Australia,19.784411,68.07039011,0.971726043,6,Modelled,,,
Australia,19.19478516,1547.203314,0.983379819,6,Modelled,,,
Australia,17.11394373,34.20846078,0.478630523,6,Modelled,,,
Australia,14.51618335,7.879054754,0.186610948,6,Modelled,,,
Australia,15.95018455,28.12627885,0.356476593,6,Modelled,,,
Australia,19.96147468,7.502721136,0.364617352,6,Modelled,,,
Australia,19.3704247,19.79584951,0.638545226,6,Modelled,,,
Australia,18.40157493,12.38149804,0.439729585,6,Modelled,,,
Australia,10.11832071,1.202319816,0.027459333,6,Modelled,,,
Australia,9.831320611,14.33966927,0.069647059,6,Modelled,,,
Australia,19.44176596,104.5333368,0.936671982,6,Modelled,,,
Australia,19.47273335,11.29180035,0.482808769,6,Modelled,,,
Australia,19.7154941,9.610493436,0.43931711,6,Modelled,,,
Australia,15.00621624,17.94996127,0.265950419,6,Modelled,,,
Australia,17.42738233,1197.483581,0.624082974,6,Modelled,,,
Australia,15.48595752,25.72483442,0.316086913,6,Modelled,,,
Australia,13.68380258,21.95762665,0.201461092,6,Modelled,,,
Australia,16.58955269,68.85880632,0.465260887,6,Modelled,,,
Australia,10.81182131,1.562422375,0.038113428,6,Modelled,,,
Australia,14.46641829,5.993692023,0.162433606,6,Modelled,,,
Australia,18.58736385,27.32808201,0.622365579,6,Modelled,,,
Australia,18.08283774,30.48744503,0.572903347,6,Modelled,,,
Australia,14.98939222,2.754926569,0.098737172,6,Modelled,,,
Australia,18.16912908,14.75850139,0.459427343,6,Modelled,,,
Australia,19.82275951,14.54757811,0.59040728,6,Modelled,,,
Australia,15.92231395,3.029495715,0.11598935,6,Modelled,,,
Australia,18.15498972,46.01672735,0.636755936,6,Modelled,,,
Australia,17.57442144,69.25643224,0.586162686,6,Modelled,,,
Australia,17.47933612,87.44509096,0.588333574,6,Modelled,,,
Australia,15.51448328,45.2286738,0.342829727,6,Modelled,,,
Australia,13.66564327,2.519708712,0.080329914,6,Modelled,,,
Australia,19.31504086,9.610493436,0.422674441,6,Modelled,,,
Australia,19.12265697,9.177844288,0.39973998,7,Modelled,,,
Australia,11.5315903,5.908032296,0.090749799,7,Modelled,,,
Australia,17.26332578,6.258195303,0.246392483,7,Modelled,,,
Australia,19.39122812,71.2792696,0.896139797,7,Modelled,,,
Australia,19.43714422,12.38149804,0.507436356,7,Modelled,,,
Australia,14.90085801,14.05357924,0.242900226,7,Modelled,,,
Australia,19.57659846,7.268844301,0.345346287,7,Modelled,,,
Australia,17.8856743,10.03460716,0.363271682,7,Modelled,,,
Australia,19.01028517,23.12549421,0.635598183,7,Modelled,,,
Australia,9.203526846,1.122050757,0.022876063,7,Modelled,,,
Australia,18.75707273,19.01383704,0.569443766,7,Modelled,,,
Australia,16.43850894,9.80613515,0.285766849,7,Modelled,,,
Australia,18.21883951,491.9522835,0.756440219,7,Modelled,,,
Australia,14.85694119,2.483697926,0.088143943,7,Modelled,,,
Australia,15.44946484,7.924552441,0.219317791,7,Modelled,,,
Australia,17.01011191,63.16116218,0.513461793,7,Modelled,,,
Australia,19.3181177,17.44055857,0.599314189,7,Modelled,,,
Australia,16.96796539,14.58952022,0.371681949,7,Modelled,,,
Australia,17.63382015,123.5301427,0.623148508,7,Modelled,,,
Australia,15.74717931,7.206334691,0.220295057,7,Modelled,,,
Australia,18.73514864,7.395494898,0.326314299,7,Modelled,,,
Australia,16.93449799,21.64381601,0.418895702,7,Modelled,,,
Australia,16.59314828,9.072760254,0.282521835,7,Modelled,,,
Australia,19.67557456,22.02093266,0.702256279,7,Modelled,,,
Australia,10.74415604,2.207170887,0.049260737,7,Modelled,,,
Australia,15.03990688,2.754926569,0.098893519,7,Modelled,,,
Australia,19.89076828,48.60396147,0.923245443,7,Modelled,,,
Australia,12.75320002,4.520263906,0.104814589,7,Modelled,,,
Australia,19.97087196,189.7009551,1.13276652,7,Modelled,,,
Australia,19.86605306,135.841747,1.081698955,7,Modelled,,,
Australia,19.90346802,25.57713896,0.773592307,7,Modelled,,,
Australia,18.34168944,18.68821802,0.521757139,7,Modelled,,,
Australia,16.20605193,58.94440805,0.41536219,7,Modelled,,,
Australia,16.70700188,1098.399155,0.516550108,7,Modelled,,,
Australia,15.8804093,6.010972432,0.201735978,7,Modelled,,,
Australia,15.69883936,6.028302662,0.196782235,7,Modelled,,,
Australia,19.51409825,15.36549787,0.578275416,7,Modelled,,,
Australia,19.16586784,17.09260286,0.576136295,7,Modelled,,,
Australia,10.50047279,5.707410499,0.070926156,7,Modelled,,,
Australia,18.38182739,38.605276,0.646119551,7,Modelled,,,
Australia,16.41277648,67.67957368,0.445779794,7,Modelled,,,
Australia,16.73765787,4.885648638,0.191902034,7,Modelled,,,
Australia,17.70977802,19.91016085,0.474686973,7,Modelled,,,
Australia,17.10503893,7.721860125,0.278775082,7,Modelled,,,
Australia,19.89922487,151.110563,1.074767983,7,Modelled,,,
Australia,16.56061286,20.19883547,0.379556379,7,Modelled,,,
Australia,18.81969109,30.48744503,0.663924975,7,Modelled,,,
Australia,14.6966661,3.012102298,0.10430765,7,Modelled,,,
Australia,19.21615676,10.81455123,0.452170101,7,Modelled,,,
Australia,18.21694743,10.87699997,0.398070001,7,Modelled,,,
Australia,9.848091835,1.288331148,0.028342492,7,Modelled,,,
Australia,19.48162231,13.30549413,0.533437542,7,Modelled,,,
Australia,17.89473713,4.788175306,0.208178321,7,Modelled,,,
Australia,13.90265183,6.440984263,0.152202068,7,Modelled,,,
Australia,17.45315105,43.94512738,0.541572537,7,Modelled,,,
Australia,18.22635219,49.59339686,0.653235247,7,Modelled,,,
Australia,15.90175344,12.63354936,0.287304046,7,Modelled,,,
Australia,19.92118464,28.04542111,0.801185387,7,Modelled,,,
Australia,15.04910084,12.13447539,0.241005962,7,Modelled,,,
Australia,19.28004361,80.2095457,0.895645075,7,Modelled,,,
Australia,13.07975007,6.440984263,0.130460993,7,Modelled,,,
Australia,18.71813152,41.01127071,0.707822212,7,Modelled,,,
Australia,15.33428537,6.744616169,0.198718519,7,Modelled,,,
Australia,13.3716697,1.889378982,0.059424504,7,Modelled,,,
Australia,18.72728508,71.07435518,0.766407105,7,Modelled,,,
Australia,18.95961916,170.0425619,0.869062752,7,Modelled,,,
Australia,13.6263338,6.862132741,0.148636177,7,Modelled,,,
Australia,18.53684951,11.09842407,0.420393452,7,Modelled,,,
Australia,16.80721997,12.23973297,0.335619364,7,Modelled,,,
Australia,18.7948608,6.367236595,0.289404198,7,Modelled,,,
Australia,17.52986365,62.43798258,0.568683348,7,Modelled,,,
Australia,18.01367549,9.151459722,0.350502257,7,Modelled,,,
Australia,16.65769113,566.4848467,0.502311329,7,Modelled,,,
Australia,13.45718218,14.21635295,0.175883941,7,Modelled,,,
Australia,19.04434748,158.690211,0.893748816,7,Modelled,,,
Australia,19.19356857,31.46838599,0.724161105,7,Modelled,,,
Australia,18.17637954,17.59184249,0.498261098,7,Modelled,,,
Australia,19.86692919,20.78880174,0.709622296,7,Modelled,,,
Australia,17.7920312,4.366767205,0.18923179,7,Modelled,,,
Australia,17.56546571,28.37025346,0.509939541,7,Modelled,,,
Australia,15.52023069,3.038230052,0.113162584,7,Modelled,,,
Australia,16.46323014,25.13912095,0.392760203,7,Modelled,,,
Australia,19.9903233,7.438200263,0.363651788,7,Modelled,,,
Australia,17.75239838,7.879054754,0.30638532,7,Modelled,,,
Australia,17.70818538,10.93980932,0.370408124,7,Modelled,,,
Australia,17.38613623,7.721860125,0.290615537,7,Modelled,,,
Australia,13.3478139,1.989870008,0.062522938,7,Modelled,,,
Australia,19.99485855,28.2073697,0.821286252,7,Modelled,,,
Australia,13.92595282,6.294333319,0.150569044,7,Modelled,,,
Australia,19.94326539,32.5745346,0.84133454,7,Modelled,,,
Australia,17.09927168,1239.576455,0.576162597,7,Modelled,,,
Australia,19.61743985,14.17548362,0.563833425,7,Modelled,,,
Australia,18.48455637,48.0474582,0.683803975,7,Modelled,,,
Australia,15.86433985,3.590366513,0.136022218,7,Modelled,,,
Australia,13.21371609,4.170182282,0.108700862,7,Modelled,,,
Australia,19.90138931,10.59879065,0.481580379,7,Modelled,,,
Australia,14.70173565,24.28546014,0.260067464,7,Modelled,,,
Australia,18.72789945,11.45551857,0.442144707,7,Modelled,,,
Australia,19.09439647,30.31240572,0.71432638,7,Modelled,,,
Australia,19.34442541,25.06685073,0.702845612,7,Modelled,,,
Australia,19.68222948,51.18907648,0.913264602,7,Modelled,,,
Australia,18.58834253,159.6065693,0.789031736,7,Modelled,,,
Australia,19.81593135,67.67957368,0.964554694,7,Modelled,,,
Australia,18.72401463,5.265387736,0.240897877,7,Modelled,,,
Australia,15.93645003,10.78346144,0.272207544,7,Modelled,,,
Australia,17.30756941,4.430080346,0.18564293,7,Modelled,,,
Australia,18.54984084,7.481152231,0.323326446,7,Modelled,,,
Australia,17.49387505,11.65511677,0.36818913,7,Modelled,,,
Australia,19.14883043,6.13333836,0.286773568,7,Modelled,,,
Australia,14.94581382,3.003443073,0.106534912,7,Modelled,,,
Australia,15.56629984,10.87699997,0.25851613,7,Modelled,,,
Australia,9.175242593,1.195416868,0.024171761,7,Modelled,,,
Australia,13.799566,2.794869861,0.08907599,7,Modelled,,,
Australia,18.88388855,43.94512738,0.737197425,7,Modelled,,,
Australia,19.27470635,187.5289263,0.946998741,7,Modelled,,,
Australia,17.44603608,18.85032445,0.441599774,7,Modelled,,,
Australia,16.34883871,6.744616169,0.230837808,7,Modelled,,,
Australia,19.53159816,8.22675961,0.382021338,7,Modelled,,,
Australia,11.96889649,2.462338961,0.064186714,7,Modelled,,,
Australia,16.22469117,49.45082522,0.414265762,7,Modelled,,,
Australia,19.45516183,12.8907317,0.522340486,7,Modelled,,,
Australia,17.01816909,4.885648638,0.197703836,7,Modelled,,,
Australia,15.88154852,8.394232525,0.244116731,7,Modelled,,,
Australia,18.54247785,6.098124673,0.272268451,7,Modelled,,,
Australia,15.83532576,247.2283524,0.409262967,7,Modelled,,,
Australia,15.60787955,25.21159953,0.325614396,7,Modelled,,,
Australia,18.21883279,12.59723029,0.433397558,7,Modelled,,,
Australia,8.319164728,1.857022665,0.028093453,7,Modelled,,,
Australia,18.95998232,5.235157264,0.24265651,7,Modelled,,,
Australia,16.65149669,15.27727905,0.353017437,7,Modelled,,,
Australia,18.27179107,150.2429833,0.734529915,7,Modelled,,,
Australia,18.55455577,20.08286674,0.561580462,7,Modelled,,,
Australia,14.57349164,3.428733917,0.114845819,7,Modelled,,,
Australia,16.13610267,4.746998612,0.176277508,7,Modelled,,,
Australia,18.45342003,16.5121814,0.509249457,7,Modelled,,,
Australia,15.88543782,3.218302827,0.123083044,7,Modelled,,,
Australia,19.53846703,56.45311647,0.899267159,8,Modelled,,,
Australia,12.07464492,2.498040067,0.0656435,8,Modelled,,,
Australia,19.86349878,76.37843276,1.00593987,8,Modelled,,,
Australia,18.81755363,11.82410267,0.451947595,8,Modelled,,,
Australia,11.94146538,14.67376756,0.122828832,8,Modelled,,,
Australia,19.59334958,19.51293423,0.663780858,8,Modelled,,,
Australia,18.17374408,55.32682316,0.650530304,8,Modelled,,,
Australia,16.29447125,18.58092228,0.351203975,8,Modelled,,,
Australia,17.08812689,15.72349682,0.388327459,8,Modelled,,,
Australia,17.37863159,8.442705111,0.305750307,8,Modelled,,,
Australia,19.57248883,8.789941739,0.405158403,8,Modelled,,,
Australia,19.90328132,15.76882923,0.625054072,8,Modelled,,,
Australia,16.52339121,3.803163849,0.151576541,8,Modelled,,,
Australia,19.78871918,8.109185671,0.385441735,8,Modelled,,,
Australia,14.7415043,9.391677821,0.206485359,8,Modelled,,,
Australia,19.04864589,6.667391991,0.307281656,8,Modelled,,,
Australia,16.9993828,48.32490876,0.492767392,8,Modelled,,,
Australia,19.77331496,202.687379,1.075990653,8,Modelled,,,
Australia,17.10844737,82.55230087,0.538779168,8,Modelled,,,
Australia,12.56939282,14.80105162,0.143520136,8,Modelled,,,
Australia,17.33187189,11.42258612,0.359288685,8,Modelled,,,
Australia,18.16517596,4.455661893,0.197240111,8,Modelled,,,
Australia,17.97652693,15.90561213,0.457374251,8,Modelled,,,
Australia,17.62210164,6.9017582,0.275607376,8,Modelled,,,
Australia,18.99552684,9.721805694,0.410665548,8,Modelled,,,
Australia,18.69838561,45.35907255,0.716355318,8,Modelled,,,
Australia,19.71802884,100.4038665,1.003562125,8,Modelled,,,
Australia,16.70277748,7.856403961,0.265608728,8,Modelled,,,
Australia,15.94808421,9.391677821,0.260370311,8,Modelled,,,
Australia,18.45010877,14.58952022,0.477216758,8,Modelled,,,
Australia,19.96203628,31.83286437,0.83879389,8,Modelled,,,
Australia,15.04937072,6.38559397,0.184210506,8,Modelled,,,
Australia,17.36887178,30.75190101,0.491741216,8,Modelled,,,
Australia,15.90995879,19.91016085,0.329207537,8,Modelled,,,
Australia,19.63243791,22.46921485,0.702704187,8,Modelled,,,
Australia,19.66522427,20.49169553,0.685860533,8,Modelled,,,
Australia,17.1376098,25.72483442,0.458523602,8,Modelled,,,
Australia,18.30404262,5.674642216,0.250703475,8,Modelled,,,
Australia,17.1832132,5.642062068,0.22545376,8,Modelled,,,
Australia,16.72875745,131.9866884,0.499658707,8,Modelled,,,
Australia,19.51089927,90.51888272,0.944651012,8,Modelled,,,
Australia,16.95703842,4.638917021,0.187421603,8,Modelled,,,
Australia,16.08107559,54.69334479,0.399208508,8,Modelled,,,
Australia,19.54900281,6.330680015,0.302838203,8,Modelled,,,
Australia,17.30040957,4.442852708,0.185778079,8,Modelled,,,
Australia,14.13290961,128.981562,0.254502629,8,Modelled,,,
Australia,18.64082978,202.687379,0.826420688,8,Modelled,,,
Australia,19.31304488,9.582865085,0.420784058,8,Modelled,,,
Australia,10.62334542,7.395494898,0.077821796,8,Modelled,,,
Australia,19.31843541,104.2328232,0.920131934,8,Modelled,,,
Australia,19.47829203,93.97087014,0.932628681,8,Modelled,,,
Australia,18.66027218,14.97248282,0.499265133,8,Modelled,,,
Australia,19.46578146,6.222264768,0.296466283,8,Modelled,,,
Australia,18.56583856,12.85367329,0.458342805,8,Modelled,,,
Australia,19.58911509,24.42569679,0.724267373,8,Modelled,,,
Australia,19.84479325,50.8951817,0.923890901,8,Modelled,,,
Australia,11.25225672,1.922299067,0.048010959,8,Modelled,,,
Australia,16.06708071,4.255075073,0.160318295,8,Modelled,,,
Australia,16.01526397,3.959582648,0.150486423,8,Modelled,,,
Australia,14.88852005,7.164960549,0.190830416,8,Modelled,,,
Australia,18.32605242,40.30893746,0.64715829,8,Modelled,,,
Australia,19.17300286,515.1432125,0.969311789,8,Modelled,,,
Australia,18.8916889,71.48477481,0.800196217,8,Modelled,,,
Australia,16.33090375,43.5672141,0.411395541,8,Modelled,,,
Australia,13.9978244,2.101748011,0.069751427,8,Modelled,,,
Australia,10.83852484,2.66904926,0.056312478,8,Modelled,,,
Australia,16.75409874,4.612283342,0.183681074,8,Modelled,,,
Australia,17.83710852,198.0725105,0.663915816,8,Modelled,,,
Australia,17.18907624,151.110563,0.559749049,8,Modelled,,,
Australia,16.4574398,10.35747309,0.294500331,8,Modelled,,,
Australia,19.3635825,10.62934802,0.456308498,8,Modelled,,,
Australia,19.77582452,26.47620371,0.770812454,8,Modelled,,,
Australia,18.49366867,6.168755389,0.274698319,8,Modelled,,,
Australia,16.29086817,7.206334691,0.239457894,8,Modelled,,,
Australia,17.77794715,3327.595533,0.690956658,8,Modelled,,,
Australia,11.53335648,2.434145793,0.059534594,8,Modelled,,,
Australia,18.91731261,236.7792202,0.879502934,8,Modelled,,,
Australia,18.18742469,19.96756382,0.519048049,8,Modelled,,,
Australia,18.18580598,8.968879405,0.35216759,8,Modelled,,,
Australia,14.17531899,4.829709176,0.13798381,8,Modelled,,,
Australia,19.54863669,321.2748424,1.028495916,8,Modelled,,,
Australia,12.4403128,9.749834625,0.127999243,8,Modelled,,,
Australia,17.84572959,44.45411596,0.585046305,8,Modelled,,,
Australia,19.6101967,11.58820059,0.49782022,8,Modelled,,,
Australia,18.51288902,9.777944366,0.389889955,8,Modelled,,,
Australia,16.23350714,35.51301926,0.391595098,8,Modelled,,,
Australia,5.489968667,4.494311456,0.016000975,8,Modelled,,,
Australia,18.59753213,13.11533671,0.468172295,8,Modelled,,,
Australia,19.50085597,21.02958526,0.66848078,8,Modelled,,,
Australia,19.89028582,83.02900003,1.010685466,8,Modelled,,,
Australia,10.01027804,1.4331415,0.031844555,8,Modelled,,,
Australia,19.28507921,6.294333319,0.296288507,8,Modelled,,,
Australia,19.56528958,31.19776848,0.776752678,8,Modelled,,,
Australia,17.4631928,8.274265122,0.306722733,8,Modelled,,,
Australia,19.94507023,29.62224056,0.830051613,8,Modelled,,,
Australia,10.85128748,1.483518011,0.036588498,8,Modelled,,,
Australia,15.56133831,57.93496317,0.353673187,8,Modelled,,,
Australia,15.73669335,10.50764463,0.260771098,8,Modelled,,,
Australia,17.46801238,17.54126927,0.433455642,8,Modelled,,,
Australia,17.73401289,5.372575727,0.228270202,8,Modelled,,,
Australia,14.27794167,5.357130588,0.148404213,8,Modelled,,,
Australia,18.02285365,5.790161438,0.24938814,8,Modelled,,,
Australia,19.95329916,147.245493,1.100660888,8,Modelled,,,
Australia,19.43763044,637.4573203,1.018776856,9,Modelled,,,
Australia,17.15086953,11.32435573,0.345008621,9,Modelled,,,
Australia,16.58878626,14.46405527,0.345355942,9,Modelled,,,
Australia,18.5469318,13.49840861,0.468598601,9,Modelled,,,
Australia,15.83028857,4.928028018,0.174871254,9,Modelled,,,
Australia,16.14155205,4.885648638,0.180890983,9,Modelled,,,
Australia,18.36358388,6.572103982,0.285623485,9,Modelled,,,
Australia,17.04144809,14.0940971,0.370914272,9,Modelled,,,
Australia,17.86613641,27.96479583,0.540180659,9,Modelled,,,
Australia,19.08673483,11.75621627,0.469269914,9,Modelled,,,
Australia,18.99846521,12.66997313,0.481295966,9,Modelled,,,
Australia,15.56265739,4.255075073,0.151723162,9,Modelled,,,
Australia,19.77013191,10.09255211,0.459737538,9,Modelled,,,
Australia,17.84791353,55.80674233,0.611739064,9,Modelled,,,
Australia,18.76047829,275.0171898,0.841220046,9,Modelled,,,
Australia,11.1311601,22.27598718,0.10426846,9,Modelled,,,
Australia,12.82539305,16.32312103,0.155264984,9,Modelled,,,
Australia,19.02381384,10.12164994,0.424243316,9,Modelled,,,
Australia,8.572191257,1.830482754,0.029445739,9,Modelled,,,
Australia,18.4966924,7.924552441,0.33519533,9,Modelled,,,
Australia,19.73485656,7.185617841,0.345045961,9,Modelled,,,
Australia,16.65896485,43.69282271,0.44750941,9,Modelled,,,
Australia,7.458764815,1.753117208,0.022482055,9,Modelled,,,
Australia,14.78029145,28.04542111,0.271899712,9,Modelled,,,
Australia,17.9223384,155.0770878,0.680619786,9,Modelled,,,
Australia,19.92565852,26.70586515,0.792731202,9,Modelled,,,
Australia,16.89449537,36.13178958,0.460773563,9,Modelled,,,
Australia,13.67736791,13.9327232,0.184661237,9,Modelled,,,
Australia,19.91348081,55.9676387,0.966192756,9,Modelled,,,
Australia,18.92269084,85.20844125,0.818964085,9,Modelled,,,
Australia,13.04457799,16.464712,0.16422247,9,Modelled,,,
Australia,16.56638635,6.941612478,0.24224399,9,Modelled,,,
Australia,15.13200946,4.625581012,0.153476524,9,Modelled,,,
Australia,18.70348163,194.1207757,0.827727531,9,Modelled,,,
Australia,17.82863735,8.039449408,0.313905979,9,Modelled,,,
Australia,13.09050967,5.806855048,0.124393342,9,Modelled,,,
Australia,16.40687603,17.64256152,0.357283162,9,Modelled,,,
Australia,17.96020652,6.294333319,0.266280341,9,Modelled,,,
Australia,16.83623295,263.3935594,0.519953168,9,Modelled,,,
Australia,12.61935716,9.257455283,0.133112316,9,Modelled,,,
Australia,15.86732782,14.29844543,0.300762667,9,Modelled,,,
Australia,13.26289997,24.00739766,0.182671136,9,Modelled,,,
Australia,17.44775487,5.326373387,0.220739197,9,Modelled,,,
Australia,18.29197491,95.05927521,0.715071721,9,Modelled,,,
Australia,6.779212401,1.368623747,0.016863896,9,Modelled,,,
Australia,18.82272719,6.783563027,0.306402571,9,Modelled,,,
Australia,16.77019178,14.97248282,0.36356694,9,Modelled,,,
Australia,7.51718352,1.318347826,0.019406483,9,Modelled,,,
Australia,15.70893433,3.847213487,0.142094057,9,Modelled,,,
Australia,16.97886709,6.080593718,0.232827974,9,Modelled,,,
Australia,18.52755742,208.6074587,0.797907788,9,Modelled,,,
Australia,19.42168367,7.144362642,0.335759638,9,Modelled,,,
Australia,18.99015358,5.942148292,0.275722118,9,Modelled,,,
Australia,17.32968611,8.203109232,0.29913418,9,Modelled,,,
Australia,15.62761987,3.869429263,0.141757402,9,Modelled,,,
Australia,13.73777747,2.132220959,0.069366007,9,Modelled,,,
Australia,18.47815764,11.52166859,0.425466584,9,Modelled,,,
Australia,18.48625228,5.372575727,0.241759159,9,Modelled,,,
Australia,15.25329369,2.715554133,0.099103637,9,Modelled,,,
Australia,19.83095632,31.01865095,0.819761402,9,Modelled,,,
Australia,15.97986243,51.63310376,0.389300907,9,Modelled,,,
Australia,19.86978751,10.50764463,0.476546348,9,Modelled,,,
Australia,17.70561542,7.268844301,0.288969569,9,Modelled,,,
Australia,15.84232952,7.164960549,0.222209713,9,Modelled,,,
Australia,19.42687332,7.811297539,0.362588327,9,Modelled,,,
Australia,17.61914928,13.04003688,0.396317403,9,Modelled,,,
Australia,19.56021519,220.3361575,1.015484632,9,Modelled,,,
Australia,19.29637925,2438.354098,1.010213859,9,Modelled,,,
Australia,14.49036594,4.379357028,0.135328284,9,Modelled,,,
Australia,12.50907394,20.78880174,0.149735459,9,Modelled,,,
Australia,15.29843747,65.75889225,0.335410007,9,Modelled,,,
Australia,19.91922855,76.37843276,1.027511084,9,Modelled,,,
Australia,15.22715393,7.331896136,0.20402433,9,Modelled,,,
Australia,7.263892419,3.498532974,0.027022442,9,Modelled,,,
Australia,19.93012004,7.947399712,0.383710907,9,Modelled,,,
Australia,10.61498565,11.13042193,0.084152308,9,Modelled,,,
Australia,18.47518193,16.99446812,0.515632114,9,Modelled,,,
Australia,16.05717023,8.132565258,0.246125895,9,Modelled,,,
Australia,14.63396807,4.956484969,0.149868974,9,Modelled,,,
Australia,14.42266249,128.6107644,0.275724266,9,Modelled,,,
Australia,16.54107118,6.115706172,0.222388483,9,Modelled,,,
Australia,12.13954048,62.61799748,0.145187097,9,Modelled,,,
Australia,18.14902556,4.746998612,0.210009891,9,Modelled,,,
Australia,13.39918848,16.5121814,0.180136475,10,Modelled,,,
Australia,16.36105114,16.65541233,0.343030141,10,Modelled,,,
Australia,13.96363531,6.010972432,0.148614103,10,Modelled,,,
Australia,18.14116477,43.5672141,0.631230945,10,Modelled,,,
Australia,19.71401406,10.75246102,0.477271326,10,Modelled,,,
Australia,11.06372888,2.571002658,0.057121989,10,Modelled,,,
Australia,19.75003603,7.395494898,0.354608289,10,Modelled,,,
Australia,19.55613118,19.62561188,0.656387395,10,Modelled,,,
Australia,16.88726978,5.086588519,0.201837826,10,Modelled,,,
Australia,18.85252982,121.4146432,0.840669409,10,Modelled,,,
Australia,11.90857235,14.63158326,0.122866342,10,Modelled,,,
Australia,13.6932296,37.9441463,0.213109693,10,Modelled,,,
Australia,19.26892052,127.872364,0.917910262,10,Modelled,,,
Australia,19.99179385,11.85819273,0.528208584,10,Modelled,,,
Australia,14.54828602,4.494311456,0.139338551,10,Modelled,,,
Australia,19.7146586,127.872364,1.032392995,10,Modelled,,,
Australia,19.19480252,9.230841849,0.403123179,10,Modelled,,,
Australia,18.34617527,17.54126927,0.514666902,10,Modelled,,,
Australia,18.79352927,45.88443796,0.738193689,10,Modelled,,,
Australia,4.60153106,1.002883099,0.007866184,10,Modelled,,,
Australia,15.64141922,5.707410499,0.189024424,10,Modelled,,,
Australia,10.27779606,1.655025544,0.037208082,10,Modelled,,,
Australia,15.01100603,8.016337512,0.204091288,10,Modelled,,,
Australia,14.93274624,8.250478175,0.20456689,10,Modelled,,,
Australia,13.52654591,205.6261147,0.218212943,10,Modelled,,,
Australia,11.45364096,1.356854044,0.035673695,10,Modelled,,,
Australia,18.78402205,21.58159413,0.593097076,10,Modelled,,,
Australia,19.225057,22.0844212,0.65306759,10,Modelled,,,
Australia,18.8516909,12.03012299,0.460971963,10,Modelled,,,
Australia,18.15674382,15.99745926,0.47535038,10,Modelled,,,
Australia,19.80464911,202.687379,1.071878123,10,Modelled,,,
Australia,19.71680087,17.84690413,0.647314571,10,Modelled,,,
Australia,7.873050898,16.37018221,0.039458705,10,Modelled,,,
Australia,19.63036572,49.73637955,0.888712522,10,Modelled,,,
Australia,13.77393147,2.534258797,0.081867269,10,Modelled,,,
Australia,17.02250908,9.230841849,0.305775602,10,Modelled,,,
Australia,19.94377294,16.79988569,0.648369707,10,Modelled,,,
Australia,18.43578207,40.6585876,0.664009829,10,Modelled,,,
Australia,18.52560595,54.37933076,0.703605204,10,Modelled,,,
Australia,16.66731278,21.45768649,0.39496565,10,Modelled,,,
Australia,19.51082429,17.74443868,0.621525855,10,Modelled,,,
Australia,19.38783318,15.72349682,0.574543386,10,Modelled,,,
Australia,12.13858729,41.01127071,0.144033017,10,Modelled,,,
Australia,19.90869894,46.54970995,0.925918065,10,Modelled,,,
Australia,15.48017684,24.4961185,0.312677799,10,Modelled,,,
Australia,19.58370567,52.68420368,0.878939235,10,Modelled,,,
Australia,19.92847419,30.75190101,0.828387602,10,Modelled,,,
Australia,18.47320008,6.842405407,0.299395518,10,Modelled,,,
Australia,19.12597023,7.042257938,0.324589938,10,Modelled,,,
Australia,12.05550075,5.466186196,0.099416775,10,Modelled,,,
Australia,19.54957592,11.35700497,0.486538056,10,Modelled,,,
Australia,17.61276095,4.942236012,0.209951482,10,Modelled,,,
Australia,19.27783575,9.777944366,0.426035162,10,Modelled,,,
Australia,16.95117917,34.20846078,0.462955299,10,Modelled,,,
Australia,15.31193215,3.814128748,0.135806985,10,Modelled,,,
Australia,11.9846477,49.30866345,0.138146192,10,Modelled,,,
Australia,19.9586621,36.44520606,0.884548752,10,Modelled,,,
Australia,17.24420317,8.689299091,0.303545332,10,Modelled,,,
Australia,17.20803424,4.970775007,0.2041255,10,Modelled,,,
Australia,15.6967519,7.042257938,0.215162921,10,Modelled,,,
Australia,14.17532077,7.611502031,0.172684726,10,Modelled,,,
Australia,18.61145389,5.220107177,0.23719524,10,Modelled,,,
Australia,12.70802127,117.2917097,0.174190165,10,Modelled,,,
Australia,14.05248271,23.05901279,0.220216258,11,Modelled,,,
Australia,10.4418009,1.571444599,0.036488837,11,Modelled,,,
Australia,18.53223154,9.41875496,0.379234863,11,Modelled,,,
Australia,17.74112218,4.507269002,0.194203111,11,Modelled,,,
Australia,11.75485617,9.337756843,0.108394629,11,Modelled,,,
Australia,17.54733649,13.77319698,0.405713423,11,Modelled,,,
Australia,16.50564927,4.638917021,0.179805621,11,Modelled,,,
Australia,11.95979903,3.003443073,0.07277213,11,Modelled,,,
Australia,17.72076961,101.859608,0.6353328,11,Modelled,,,
Australia,17.27254273,6.534371185,0.254454158,11,Modelled,,,
Australia,19.46156904,56.29082444,0.878794186,11,Modelled,,,
Australia,18.92820537,16.89689681,0.558741745,11,Modelled,,,
Australia,19.57385141,13.15314953,0.535554325,11,Modelled,,,
Australia,13.86907955,24.92293299,0.213368107,11,Modelled,,,
Australia,14.58704449,15.10235801,0.231072875,11,Modelled,,,
Australia,17.46838398,3.925531572,0.16673987,11,Modelled,,,
Australia,18.38630336,3061.057361,0.78890973,11,Modelled,,,
Australia,19.69847517,17.49084144,0.633968538,11,Modelled,,,
Australia,17.55643174,9.749834625,0.340957804,11,Modelled,,,
Australia,13.44472718,583.0306991,0.215294619,11,Modelled,,,
Australia,16.80578518,4.612283342,0.184054082,11,Modelled,,,
Australia,14.40969485,6.610054667,0.169431513,11,Modelled,,,
Australia,18.06787338,11.68871963,0.405367287,11,Modelled,,,
Australia,10.64209324,5.190136677,0.071723781,11,Modelled,,,
Australia,16.00084289,4.146239776,0.155584725,11,Modelled,,,
Australia,19.47733528,22.34021106,0.686562978,11,Modelled,,,
Australia,16.67140975,56.12899896,0.460803661,11,Modelled,,,
Australia,16.23552196,3.40904833,0.133338907,11,Modelled,,,
Australia,15.88685892,5.450471945,0.188732038,11,Modelled,,,
Australia,15.93357256,15.23335977,0.310052724,11,Modelled,,,
Australia,16.92784744,23.32609073,0.426579283,11,Modelled,,,
Australia,11.7106013,1.580518923,0.042757779,11,Modelled,,,
Australia,8.427836843,1.041128598,0.019130176,11,Modelled,,,
Australia,9.07696446,1.056223775,0.021230778,11,Modelled,,,
Australia,19.08231991,35.10640402,0.729752002,11,Modelled,,,
Australia,18.96088785,105.7440802,0.846638729,11,Modelled,,,
Australia,18.24580303,8.467046268,0.343061053,11,Modelled,,,
Australia,16.80941892,30.66349511,0.435267237,11,Modelled,,,
Australia,17.25761713,30.75190101,0.484172568,11,Modelled,,,
Australia,18.55544621,27.01518227,0.615345663,11,Modelled,,,
Australia,19.45050817,82.55230087,0.933144264,11,Modelled,,,
Australia,19.63271183,16.70343154,0.613450299,11,Modelled,,,
Australia,19.239126,14.92943976,0.550202377,11,Modelled,,,
Australia,14.68342905,41.48627828,0.275233835,11,Modelled,,,
Australia,19.98062632,16.32312103,0.640292722,12,Modelled,,,
Australia,18.29700373,26.24851728,0.577272636,12,Modelled,,,
Australia,17.87272324,31.55911247,0.56115341,12,Modelled,,,
Australia,17.57238124,18.85032445,0.457823685,12,Modelled,,,
Australia,18.67544189,4.956484969,0.225932847,12,Modelled,,,
Australia,18.03289032,7.001825819,0.290706043,12,Modelled,,,
Australia,18.11990604,24.21564404,0.543896788,12,Modelled,,,
Australia,17.46346364,130.4754737,0.594757479,12,Modelled,,,
Australia,18.67643321,5.756918053,0.261469561,12,Modelled,,,
Australia,15.70702289,11.03470406,0.266343067,12,Modelled,,,
Australia,18.43583333,21.09021564,0.558688146,12,Modelled,,,
Australia,7.094023815,2.851765288,0.024416362,12,Modelled,,,
Australia,17.1175966,75.07042373,0.52524317,12,Modelled,,,
Australia,11.61587235,2.811008867,0.0660949,12,Modelled,,,
Australia,18.50044917,23.93838094,0.589542939,12,Modelled,,,
Australia,18.61936956,15.90561213,0.514939151,12,Modelled,,,
Australia,16.52410918,21.21200132,0.38448169,12,Modelled,,,
Australia,18.88136029,18.52750564,0.574705006,12,Modelled,,,
Australia,13.3123603,32.01668359,0.192481207,12,Modelled,,,
Australia,19.67669665,7.331896136,0.350131312,12,Modelled,,,
Australia,15.31947904,5.840386796,0.18240007,12,Modelled,,,
Australia,18.77165734,26.24851728,0.632676083,12,Modelled,,,
Australia,17.05083651,236.7792202,0.547001198,12,Modelled,,,
Australia,15.40597353,52.23113729,0.338823969,12,Modelled,,,
Australia,18.30759041,7.901770851,0.328203376,12,Modelled,,,
Australia,15.8649217,8.29812065,0.241197761,12,Modelled,,,
Australia,17.81795099,13.00254924,0.407949864,12,Modelled,,,
Australia,16.91642067,20.55077513,0.412566312,13,Modelled,,,
Australia,18.37313522,9.151459722,0.365952156,13,Modelled,,,
Australia,16.69269047,14.33966927,0.353656294,13,Modelled,,,
Australia,18.35354874,20.37404539,0.539421371,13,Modelled,,,
Australia,19.38151848,127.1382031,0.95207941,13,Modelled,,,
Australia,19.46335681,43.69282271,0.841298947,13,Modelled,,,
Australia,18.79314181,20.84873791,0.593662878,13,Modelled,,,
Australia,16.36271482,8.815284013,0.269665959,13,Modelled,,,
Australia,16.99571407,39.96229419,0.474943758,13,Modelled,,,
Australia,8.323782422,1.106014805,0.019831687,13,Modelled,,,
Australia,19.37403578,7.76645009,0.360056195,13,Modelled,,,
Australia,19.66159802,14.92943976,0.57961395,13,Modelled,,,
Australia,15.25939573,8.917385864,0.225490372,13,Modelled,,,
Australia,18.98210706,60.49164905,0.798884867,13,Modelled,,,
Australia,19.97218424,25.57713896,0.788518678,13,Modelled,,,
Australia,17.35151428,10.03460716,0.336238295,13,Modelled,,,
Australia,19.17061239,24.92293299,0.672422823,13,Modelled,,,
Australia,18.05354982,261.1284636,0.704539778,14,Modelled,,,
Australia,19.53067646,11.25933856,0.482278518,14,Modelled,,,
Australia,15.1080073,10.03460716,0.227513779,14,Modelled,,,
Australia,17.4261203,11.19469467,0.357319696,14,Modelled,,,
Australia,19.74176392,15.63322261,0.608109063,14,Modelled,,,
Australia,13.53292367,23.66429243,0.19464824,14,Modelled,,,
Australia,19.88778775,104.5333368,1.058702013,15,Modelled,,,
Australia,17.40671406,28.12627885,0.488002126,15,Modelled,,,
Australia,18.23838018,32.7626366,0.600333305,16,Modelled,,,
South Korea,19.50082499,1.216245525,0.037301578,2,Modelled,,,
South Korea,19.49228738,1.008674259,0.021110178,2,Modelled,,,
South Korea,13.63622914,1.008674259,0.007196804,2,Modelled,,,
South Korea,19.23016226,1.226795553,0.035607341,2,Modelled,,,
South Korea,18.2347377,2.030377978,0.034166612,2,Modelled,,,
South Korea,19.2321247,1.441417191,0.038152638,2,Modelled,,,
South Korea,19.131099,1.303253072,0.035839102,2,Modelled,,,
South Korea,19.9488219,1.580518923,0.04429375,2,Modelled,,,
South Korea,13.21821389,1.011582367,0.00351767,2,Modelled,,,
South Korea,12.27233727,1.014498859,0.001020309,2,Modelled,,,
South Korea,16.71851082,2.169372265,0.024617735,2,Modelled,,,
South Korea,16.32791779,1.011582367,0.017599477,2,Modelled,,,
South Korea,19.93418513,9.284145445,0.060526663,2,Modelled,,,
South Korea,13.22239182,1.011582367,0.003681098,2,Modelled,,,
South Korea,14.44843363,1.008674259,0.003557098,2,Modelled,,,
South Korea,16.52597645,2.258595506,0.023367881,3,Modelled,,,
South Korea,19.72402601,3.331429734,0.051379523,3,Modelled,,,
South Korea,18.51012637,1.002883099,0.016681039,3,Modelled,,,
South Korea,14.5050377,1.023298884,0.013035514,3,Modelled,,,
South Korea,19.67651597,2.715554133,0.0483955,3,Modelled,,,
South Korea,19.03025411,7.856403961,0.048014136,3,Modelled,,,
South Korea,19.94823086,1.008674259,0.027930394,3,Modelled,,,
South Korea,17.95027507,1.535665311,0.030177845,3,Modelled,,,
South Korea,19.51033279,1.014498859,0.026520498,3,Modelled,,,
South Korea,18.54486293,1.011582367,0.02756869,3,Modelled,,,
South Korea,18.56410568,1.035151107,0.02989796,3,Modelled,,,
South Korea,18.41756744,1.32596064,0.031444462,3,Modelled,,,
South Korea,18.02973986,1.703365422,0.031418493,3,Modelled,,,
South Korea,18.21930373,1.002883099,0.018182247,3,Modelled,,,
South Korea,15.3808904,1.01742376,0.003130887,3,Modelled,,,
South Korea,14.45688597,1.011582367,0.009794033,3,Modelled,,,
South Korea,16.01616626,1.011582367,0.009638475,3,Modelled,,,
South Korea,16.07570563,2.024541025,0.020786874,3,Modelled,,,
South Korea,14.6610304,1.612693695,0.014367904,3,Modelled,,,
South Korea,16.01894708,1.011582367,0.002528489,3,Modelled,,,
South Korea,19.70592521,3.970998518,0.052789134,3,Modelled,,,
South Korea,18.38868447,1.329783516,0.031540847,3,Modelled,,,
South Korea,18.54907463,1.799135056,0.035563613,3,Modelled,,,
South Korea,17.66925978,1.008674259,0.01611331,3,Modelled,,,
South Korea,12.35248076,1.008674259,0.001018082,3,Modelled,,,
South Korea,19.58632145,1.005774511,0.008075044,3,Modelled,,,
South Korea,19.40201448,1.047140607,0.034350955,3,Modelled,,,
South Korea,19.03259802,1.585075716,0.037389447,3,Modelled,,,
South Korea,19.39384089,1.014498859,0.010227277,3,Modelled,,,
South Korea,18.30769752,1.753117208,0.033443684,3,Modelled,,,
South Korea,17.46695642,3.948199596,0.031443415,3,Modelled,,,
South Korea,19.59573574,1.008674259,0.026088731,3,Modelled,,,
South Korea,19.6988986,1.005774511,0.004154011,3,Modelled,,,
South Korea,19.53213648,5.691002773,0.05195839,3,Modelled,,,
South Korea,19.50724698,1.014498859,0.026397874,3,Modelled,,,
South Korea,19.74893649,3.236886951,0.051079503,3,Modelled,,,
South Korea,13.33209891,1.014498859,0.00561686,3,Modelled,,,
South Korea,18.89866522,1.333617414,0.034687658,3,Modelled,,,
South Korea,19.35592576,15.4542261,0.053859963,3,Modelled,,,
South Korea,11.39742298,1.008674259,0.002249308,3,Modelled,,,
South Korea,15.0257563,1.011582367,0.002443018,3,Modelled,,,
South Korea,16.96880886,1.819973298,0.025125368,3,Modelled,,,
South Korea,18.93255534,1.005774511,0.015233765,3,Modelled,,,
South Korea,18.82066049,2.311218261,0.039726409,3,Modelled,,,
South Korea,18.77204017,194.6804451,0.048577578,3,Modelled,,,
South Korea,16.94513356,1.002883099,0.003302742,3,Modelled,,,
South Korea,11.63157385,1.008674259,0.005074138,3,Modelled,,,
South Korea,12.80684927,1.005774511,0.008314585,3,Modelled,,,
South Korea,15.91338926,1.002883099,0.004091231,3,Modelled,,,
South Korea,17.16321275,1.01742376,0.008818442,3,Modelled,,,
South Korea,16.83879605,3.792230473,0.026721734,3,Modelled,,,
South Korea,13.37103027,1.008674259,0.003633423,3,Modelled,,,
South Korea,18.72590769,2.245628102,0.038750393,3,Modelled,,,
South Korea,19.5822187,1.002883099,0.02235772,4,Modelled,,,
South Korea,11.24104384,1.005774511,0.00353655,4,Modelled,,,
South Korea,13.3314089,1.014498859,0.002143446,4,Modelled,,,
South Korea,18.87333655,1.535665311,0.036214313,4,Modelled,,,
South Korea,18.37779087,1.106014805,0.029838748,4,Modelled,,,
South Korea,19.64013388,3.135985844,0.049737966,4,Modelled,,,
South Korea,16.15604636,4.404645672,0.022834486,4,Modelled,,,
South Korea,18.98063852,1.288331148,0.034761997,4,Modelled,,,
South Korea,18.04301929,1.008674259,0.015400659,4,Modelled,,,
South Korea,15.23493799,1.115608663,0.01551844,4,Modelled,,,
South Korea,11.36197667,1.008674259,0.005223521,4,Modelled,,,
South Korea,17.94311785,1.376526879,0.029254957,4,Modelled,,,
South Korea,18.13218509,1.005774511,0.024843992,4,Modelled,,,
South Korea,18.28968652,2.909818941,0.036438665,4,Modelled,,,
South Korea,19.61058729,1.011582367,0.027024659,4,Modelled,,,
South Korea,17.67008996,3.25557839,0.032204821,4,Modelled,,,
South Korea,19.40850184,2.794869861,0.045857443,4,Modelled,,,
South Korea,17.33265051,1.014498859,0.02244069,4,Modelled,,,
South Korea,19.97697674,5.823596788,0.058589879,4,Modelled,,,
South Korea,19.05217384,1.008674259,0.016698425,4,Modelled,,,
South Korea,15.65430777,1.014498859,0.012023136,4,Modelled,,,
South Korea,12.7092895,1.911262462,0.008917508,4,Modelled,,,
South Korea,12.91200426,1.008674259,0.005210137,4,Modelled,,,
South Korea,16.48035501,1.011582367,0.008603672,4,Modelled,,,
South Korea,14.04780312,1.014498859,0.003681386,4,Modelled,,,
South Korea,18.48110585,1.995607,0.035521056,4,Modelled,,,
South Korea,14.75582465,1.008674259,0.008254649,4,Modelled,,,
South Korea,15.16982895,2.762869296,0.017311392,4,Modelled,,,
South Korea,12.13520245,1.011582367,0.007050206,4,Modelled,,,
South Korea,12.43818623,1.008674259,0.001516154,4,Modelled,,,
South Korea,19.13385701,1.002883099,0.019369532,4,Modelled,,,
South Korea,19.07015539,1.125285741,0.033824353,4,Modelled,,,
South Korea,16.61283999,1.002883099,0.002740474,4,Modelled,,,
South Korea,19.70095413,1.005774511,0.030942633,4,Modelled,,,
South Korea,18.42869139,1.008674259,0.010382939,4,Modelled,,,
South Korea,12.62923282,2.107807559,0.008807187,4,Modelled,,,
South Korea,18.65105519,1.014498859,0.024673685,4,Modelled,,,
South Korea,7.641057638,1.008674259,0.001293154,4,Modelled,,,
South Korea,15.37431472,2.258595506,0.017716019,4,Modelled,,,
South Korea,19.9161675,40.54170185,0.062711803,4,Modelled,,,
South Korea,17.60022592,1.014498859,0.006791081,4,Modelled,,,
South Korea,17.72835448,1.345185556,0.027616289,4,Modelled,,,
South Korea,10.35308586,1.005774511,0.003941664,4,Modelled,,,
South Korea,19.07440854,1.014498859,0.004762007,4,Modelled,,,
South Korea,16.3452587,1.01742376,0.017015471,4,Modelled,,,
South Korea,19.86510673,2.646096336,0.050307934,4,Modelled,,,
South Korea,18.4567724,1.014498859,0.005099996,4,Modelled,,,
South Korea,19.6269157,3.126970477,0.049602468,4,Modelled,,,
South Korea,18.85824176,1.014498859,0.024841561,4,Modelled,,,
South Korea,9.459571005,1.032175243,0.001627857,4,Modelled,,,
South Korea,19.70588511,1.005774511,0.008476912,4,Modelled,,,
South Korea,16.30449296,1.005774511,0.008686758,4,Modelled,,,
South Korea,14.68779394,1.005774511,0.009124674,4,Modelled,,,
South Korea,13.10944179,1.008674259,0.005876343,4,Modelled,,,
South Korea,15.55993854,1.005774511,0.013313585,4,Modelled,,,
South Korea,19.17611815,2.378724173,0.043193126,4,Modelled,,,
South Korea,12.95285839,1.005774511,0.00627464,4,Modelled,,,
South Korea,19.51862399,4.942236012,0.051520136,4,Modelled,,,
South Korea,16.33277657,2.007130655,0.021973205,4,Modelled,,,
South Korea,15.81536249,2.455260203,0.020053684,4,Modelled,,,
South Korea,19.83895446,4.040188242,0.054657925,4,Modelled,,,
South Korea,17.23713746,1.014498859,0.013059887,4,Modelled,,,
South Korea,19.7566256,6.098124673,0.056121232,4,Modelled,,,
South Korea,18.08558859,1.878531382,0.032465639,4,Modelled,,,
South Korea,19.41272989,1.035151107,0.034511493,4,Modelled,,,
South Korea,18.6310871,1.008674259,0.011308584,4,Modelled,,,
South Korea,12.83561839,14.54757811,0.009981732,4,Modelled,,,
South Korea,12.14687955,1.014498859,0.003843614,4,Modelled,,,
South Korea,18.69248393,3.236886951,0.040486536,4,Modelled,,,
South Korea,8.981331367,1.002883099,0.00220009,4,Modelled,,,
South Korea,19.16456371,1.011582367,0.02099854,4,Modelled,,,
South Korea,13.17541842,1.014498859,0.007275785,4,Modelled,,,
South Korea,14.95386194,1.753117208,0.015815901,4,Modelled,,,
South Korea,13.27456703,2.284755387,0.010501689,4,Modelled,,,
South Korea,15.59039342,2.476557764,0.01901871,4,Modelled,,,
South Korea,18.63909142,1.008674259,0.02963952,4,Modelled,,,
South Korea,10.72317844,1.026249157,0.004124789,4,Modelled,,,
South Korea,12.62207038,1.008674259,0.003431925,4,Modelled,,,
South Korea,17.7874483,2.676744394,0.032296718,4,Modelled,,,
South Korea,19.13501714,2.126091227,0.04133583,4,Modelled,,,
South Korea,16.81424556,1.014498859,0.012181982,4,Modelled,,,
South Korea,14.81075058,1.005774511,0.001712195,4,Modelled,,,
South Korea,19.14148017,1.002883099,0.01243355,4,Modelled,,,
South Korea,18.32163827,1.005774511,0.004004262,4,Modelled,,,
South Korea,17.55370687,1.002883099,0.008354743,4,Modelled,,,
South Korea,19.79830795,38.49429313,0.060884442,4,Modelled,,,
South Korea,14.99124702,4.788175306,0.017045253,4,Modelled,,,
South Korea,18.73421975,1.008674259,0.013824284,4,Modelled,,,
South Korea,13.69843378,1.011582367,0.009975679,4,Modelled,,,
South Korea,11.91085769,1.005774511,0.001355292,4,Modelled,,,
South Korea,19.43805331,1.230332526,0.037092527,4,Modelled,,,
South Korea,17.47010991,1.002883099,0.015462805,4,Modelled,,,
South Korea,17.16807261,1.01742376,0.016035298,4,Modelled,,,
South Korea,19.83934143,23.05901279,0.061148178,4,Modelled,,,
South Korea,17.76951858,1.011582367,0.014611065,4,Modelled,,,
South Korea,17.03546775,1.005774511,0.009275829,4,Modelled,,,
South Korea,18.96120453,7.924552441,0.047531156,4,Modelled,,,
South Korea,14.65579407,1.01742376,0.009660505,4,Modelled,,,
South Korea,18.44126998,1.269918775,0.031279193,4,Modelled,,,
South Korea,19.92883863,1.005774511,0.004761898,4,Modelled,,,
South Korea,19.37222283,5.115961079,0.049901052,4,Modelled,,,
South Korea,18.57689065,2.441163677,0.037889559,4,Modelled,,,
South Korea,16.58376853,1.01742376,0.002792002,4,Modelled,,,
South Korea,13.1972281,1.002883099,0.005270278,4,Modelled,,,
South Korea,17.85629899,1.008674259,0.010571917,4,Modelled,,,
South Korea,17.0458259,1.008674259,0.020407861,4,Modelled,,,
South Korea,15.38386068,36.44520606,0.019907576,4,Modelled,,,
South Korea,17.06973821,1.014498859,0.019354374,4,Modelled,,,
South Korea,19.04695271,1.008674259,0.0173992,4,Modelled,,,
South Korea,13.89806904,1.002883099,0.007935335,4,Modelled,,,
South Korea,19.45610626,3.163188196,0.048222942,4,Modelled,,,
South Korea,19.06996783,1.041128598,0.032382676,4,Modelled,,,
South Korea,19.70159225,1.005774511,0.023863514,4,Modelled,,,
South Korea,16.31690161,1.008674259,0.008041224,4,Modelled,,,
South Korea,18.70723654,7.879054754,0.044955038,4,Modelled,,,
South Korea,16.15080631,1.005774511,0.00991202,4,Modelled,,,
South Korea,17.86966241,1.014498859,0.008314414,4,Modelled,,,
South Korea,19.57586951,1.171567166,0.037303373,4,Modelled,,,
South Korea,13.47197482,1.008674259,0.002003057,4,Modelled,,,
South Korea,18.53618869,1.008674259,0.025673964,5,Modelled,,,
South Korea,17.64531503,1.002883099,0.004007854,5,Modelled,,,
South Korea,8.1684881,1.005774511,0.001164977,5,Modelled,,,
South Korea,18.67391501,1.518082325,0.034526013,5,Modelled,,,
South Korea,19.70781765,1.226795553,0.039099111,5,Modelled,,,
South Korea,14.25125962,1.002883099,0.005978379,5,Modelled,,,
South Korea,15.41347948,1.002883099,0.006700058,5,Modelled,,,
South Korea,18.83047472,1.005774511,0.021206867,5,Modelled,,,
South Korea,17.48066479,1.005774511,0.012231656,5,Modelled,,,
South Korea,17.47708039,1.005774511,0.003296897,5,Modelled,,,
South Korea,15.69172549,1.002883099,0.006974453,5,Modelled,,,
South Korea,15.77604213,1.005774511,0.012559551,5,Modelled,,,
South Korea,19.34386514,1.788805579,0.041110099,5,Modelled,,,
South Korea,19.31609108,2.042102417,0.042178764,5,Modelled,,,
South Korea,19.51117733,8.322044956,0.053726732,5,Modelled,,,
South Korea,18.15258632,1.032175243,0.027812104,5,Modelled,,,
South Korea,19.10796032,3.902993693,0.045216964,5,Modelled,,,
South Korea,19.26202412,1.008674259,0.013209172,5,Modelled,,,
South Korea,15.92293191,1.005774511,0.015541337,5,Modelled,,,
South Korea,16.05202726,25.57713896,0.02340775,5,Modelled,,,
South Korea,18.92832732,2.245628102,0.040221069,5,Modelled,,,
South Korea,17.04055708,1.005774511,0.009913349,5,Modelled,,,
South Korea,13.35020131,1.002883099,0.007533782,5,Modelled,,,
South Korea,17.606827,4.182205332,0.032856322,5,Modelled,,,
South Korea,16.66570745,1.112401499,0.021250249,5,Modelled,,,
South Korea,19.73474343,1.014498859,0.034970607,5,Modelled,,,
South Korea,16.07270176,1.005774511,0.008586669,5,Modelled,,,
South Korea,15.36059725,4.638917021,0.018898348,5,Modelled,,,
South Korea,18.97037193,1.014498859,0.028455279,5,Modelled,,,
South Korea,17.19217476,1.916772821,0.026707194,5,Modelled,,,
South Korea,19.18529713,1.014498859,0.022294862,5,Modelled,,,
South Korea,14.39358368,11.5548867,0.015031595,5,Modelled,,,
South Korea,14.03496432,1.277251935,0.011999825,5,Modelled,,,
South Korea,17.97141427,1.014498859,0.005927599,5,Modelled,,,
South Korea,16.94037557,1.002883099,0.011399654,5,Modelled,,,
South Korea,16.03423901,5.388065396,0.022651328,5,Modelled,,,
South Korea,15.815641,1.01742376,0.011554539,5,Modelled,,,
South Korea,18.31820694,1.002883099,0.006655573,5,Modelled,,,
South Korea,10.69547677,1.029207935,0.00442053,5,Modelled,,,
South Korea,18.58655131,2.132220959,0.03700025,5,Modelled,,,
South Korea,10.94534213,1.01742376,0.004942275,5,Modelled,,,
South Korea,19.66719309,83.02900003,0.059464355,5,Modelled,,,
South Korea,19.62022954,1.014498859,0.004869168,5,Modelled,,,
South Korea,19.34401895,1.002883099,0.033413698,5,Modelled,,,
South Korea,17.214909,1.005774511,0.003924547,5,Modelled,,,
South Korea,16.95136711,26.02278889,0.029721525,5,Modelled,,,
South Korea,16.4839224,1.011582367,0.009059539,5,Modelled,,,
South Korea,17.87299902,1.014498859,0.025931373,5,Modelled,,,
South Korea,15.7043925,1.005774511,0.009279112,5,Modelled,,,
South Korea,14.36805116,1.002883099,0.006655976,5,Modelled,,,
South Korea,16.00183384,2.909818941,0.021417507,5,Modelled,,,
South Korea,19.20800029,1.128530051,0.034585361,5,Modelled,,,
South Korea,19.45951253,1.303253072,0.03789546,5,Modelled,,,
South Korea,13.56769262,2.541565317,0.011377185,5,Modelled,,,
South Korea,18.30780109,1.002883099,0.016882085,5,Modelled,,,
South Korea,15.63415458,1.40859842,0.017827598,5,Modelled,,,
South Korea,17.12437183,1.005774511,0.01426443,5,Modelled,,,
South Korea,16.98514633,1.014498859,0.013887584,5,Modelled,,,
South Korea,15.9939602,1.005774511,0.007450038,5,Modelled,,,
South Korea,15.61835392,1.002883099,0.010079247,5,Modelled,,,
South Korea,7.76202349,1.008674259,0.001225545,5,Modelled,,,
South Korea,11.43045996,1.005774511,0.005572198,5,Modelled,,,
South Korea,18.98211738,1.594228753,0.037604947,5,Modelled,,,
South Korea,19.95004512,1.441417191,0.042810336,5,Modelled,,,
South Korea,17.76590423,4.928028018,0.034583328,5,Modelled,,,
South Korea,18.04328208,1.008674259,0.002376824,5,Modelled,,,
South Korea,18.86181101,1.099664778,0.032455398,5,Modelled,,,
South Korea,18.23627525,8.589808778,0.04005122,5,Modelled,,,
South Korea,17.56433456,1.005774511,0.012946977,5,Modelled,,,
South Korea,19.4805154,1.005774511,0.006245388,5,Modelled,,,
South Korea,14.04399753,1.014498859,0.006023172,5,Modelled,,,
South Korea,19.8095365,1.002883099,0.020737029,5,Modelled,,,
South Korea,17.96868414,1.014498859,0.002046476,5,Modelled,,,
South Korea,18.26080449,1.014498859,0.013726806,5,Modelled,,,
South Korea,19.43367551,1.713201524,0.041854891,5,Modelled,,,
South Korea,19.35491006,1.002883099,0.008386352,5,Modelled,,,
South Korea,18.71883845,1.002883099,0.002619505,5,Modelled,,,
South Korea,13.62772624,1.005774511,0.005216509,5,Modelled,,,
South Korea,17.03391933,2.811008867,0.027336331,5,Modelled,,,
South Korea,19.17564629,1.014498859,0.022628636,5,Modelled,,,
South Korea,18.56758832,2.615799191,0.037955793,5,Modelled,,,
South Korea,15.18438146,1.364689212,0.016131641,5,Modelled,,,
South Korea,19.86641154,12.77987575,0.059920812,5,Modelled,,,
South Korea,13.6916019,1.008674259,0.001622105,5,Modelled,,,
South Korea,15.29483332,1.011582367,0.003540039,5,Modelled,,,
South Korea,19.78292422,1.878531382,0.045702884,5,Modelled,,,
South Korea,13.93374952,1.014498859,0.004992161,5,Modelled,,,
South Korea,19.95499469,14.01317786,0.061361478,5,Modelled,,,
South Korea,14.79632782,2.156917124,0.015602417,5,Modelled,,,
South Korea,14.30465014,1.002883099,0.007210181,5,Modelled,,,
South Korea,17.93079035,1.778535407,0.030904984,5,Modelled,,,
South Korea,15.27184766,1.002883099,0.003954066,5,Modelled,,,
South Korea,19.86593576,3.227581513,0.051914471,5,Modelled,,,
South Korea,18.71064703,1.655025544,0.035389627,5,Modelled,,,
South Korea,18.18275407,1.531250564,0.031186406,5,Modelled,,,
South Korea,19.36537184,1.005774511,0.001600398,5,Modelled,,,
South Korea,12.18100978,1.011582367,0.004468683,5,Modelled,,,
South Korea,18.746845,1.011582367,0.026685645,5,Modelled,,,
South Korea,14.19548387,1.005774511,0.003178008,5,Modelled,,,
South Korea,15.21579747,1.005774511,0.012666919,5,Modelled,,,
South Korea,12.57529073,1.008674259,0.00540954,5,Modelled,,,
South Korea,14.65828879,1.01742376,0.001934116,5,Modelled,,,
South Korea,16.42258599,3.914246411,0.02407062,5,Modelled,,,
South Korea,10.6498882,1.008674259,0.001753849,5,Modelled,,,
South Korea,18.41325484,3.064584445,0.038092483,5,Modelled,,,
South Korea,19.44126915,8.789941739,0.052690574,5,Modelled,,,
South Korea,17.42241805,1.01742376,0.015882512,5,Modelled,,,
South Korea,19.36567453,8.614574049,0.052080815,5,Modelled,,,
South Korea,16.37291862,1.002883099,0.013357639,5,Modelled,,,
South Korea,18.96870591,1.014498859,0.001549779,5,Modelled,,,
South Korea,15.80491111,1.014498859,0.012499191,5,Modelled,,,
South Korea,17.25485103,1.01742376,0.02231361,5,Modelled,,,
South Korea,19.32503028,19.34512957,0.054119652,5,Modelled,,,
South Korea,19.12186735,1.580518923,0.037996975,5,Modelled,,,
South Korea,17.45378231,3.727287117,0.031156967,5,Modelled,,,
South Korea,17.39600317,2.297948731,0.029049206,5,Modelled,,,
South Korea,18.85049391,1.011582367,0.013487644,5,Modelled,,,
South Korea,17.24952397,1.01742376,0.016822095,5,Modelled,,,
South Korea,12.51175216,1.778535407,0.008409543,5,Modelled,,,
South Korea,19.28698521,1.014498859,0.011024058,5,Modelled,,,
South Korea,18.09716966,1.077725421,0.028054262,5,Modelled,,,
South Korea,19.0686074,1.364689212,0.036165993,5,Modelled,,,
South Korea,15.40093619,1.809524181,0.01767954,5,Modelled,,,
South Korea,9.350262638,1.002883099,0.001064501,5,Modelled,,,
South Korea,18.85910151,1.014498859,0.02799071,5,Modelled,,,
South Korea,16.73970713,1.01742376,0.019364998,5,Modelled,,,
South Korea,18.84885383,87.95004358,0.048552549,5,Modelled,,,
South Korea,14.91619697,1.01742376,0.008528542,5,Modelled,,,
South Korea,15.99218064,1.002883099,0.017095784,5,Modelled,,,
South Korea,12.45199593,1.014498859,0.004642427,5,Modelled,,,
South Korea,18.93782974,1.479253177,0.036311188,5,Modelled,,,
South Korea,11.17285113,1.023298884,0.004765998,5,Modelled,,,
South Korea,18.83442158,1.005774511,0.02124006,5,Modelled,,,
South Korea,18.56540819,2.901453762,0.039248219,5,Modelled,,,
South Korea,14.87383995,1.002883099,0.005058196,5,Modelled,,,
South Korea,17.63177362,1.099664778,0.025762305,5,Modelled,,,
South Korea,19.49019435,27.17118173,0.05566225,5,Modelled,,,
South Korea,11.2575899,1.011582367,0.002625285,5,Modelled,,,
South Korea,9.731275392,1.005774511,0.00269501,5,Modelled,,,
South Korea,7.931974001,1.002883099,0.001191106,5,Modelled,,,
South Korea,19.71684273,1.008674259,0.03238337,5,Modelled,,,
South Korea,18.82283884,1.002883099,0.005504249,5,Modelled,,,
South Korea,18.04287891,1.008674259,0.009040122,5,Modelled,,,
South Korea,13.86701192,1.011582367,0.004626108,5,Modelled,,,
South Korea,12.8615785,1.008674259,0.004658115,5,Modelled,,,
South Korea,18.1206975,1.002883099,0.021403844,5,Modelled,,,
South Korea,17.1309581,1.008674259,0.008051575,5,Modelled,,,
South Korea,15.08275842,1.008674259,0.004411463,5,Modelled,,,
South Korea,14.91071146,3.611099124,0.016431051,6,Modelled,,,
South Korea,18.54236755,1.011582367,0.004291099,6,Modelled,,,
South Korea,19.53521564,12.27502133,0.055191673,6,Modelled,,,
South Korea,17.05944402,2.498040067,0.027092374,6,Modelled,,,
South Korea,17.68527898,1.014498859,0.018774154,6,Modelled,,,
South Korea,16.71454341,1.303253072,0.022223613,6,Modelled,,,
South Korea,19.91637189,2.646096336,0.051409278,6,Modelled,,,
South Korea,19.26144291,1.424913323,0.037729725,6,Modelled,,,
South Korea,14.64928687,1.014498859,0.003962682,6,Modelled,,,
South Korea,18.93051119,1.005774511,0.023870335,6,Modelled,,,
South Korea,18.65776632,1.014498859,0.008064967,6,Modelled,,,
South Korea,19.00720115,3.9824473,0.04534078,6,Modelled,,,
South Korea,14.19361383,1.005774511,0.001295408,6,Modelled,,,
South Korea,19.36277887,1.005774511,0.019156691,6,Modelled,,,
South Korea,19.03094848,2.835392285,0.043088514,6,Modelled,,,
South Korea,19.1743386,1.29577063,0.036278052,6,Modelled,,,
South Korea,18.62589626,1.005774511,0.023414365,6,Modelled,,,
South Korea,16.3076093,1.005774511,0.003107278,6,Modelled,,,
South Korea,17.57257682,1.008674259,0.013309633,6,Modelled,,,
South Korea,16.80665209,1.171567166,0.022297705,6,Modelled,,,
South Korea,17.12791111,1.005774511,0.020874723,6,Modelled,,,
South Korea,19.30462966,6.098124673,0.049806958,6,Modelled,,,
South Korea,16.99775812,1.01742376,0.015471547,6,Modelled,,,
South Korea,16.09267717,1.011582367,0.001066002,6,Modelled,,,
South Korea,15.88034101,1.014498859,0.004161585,6,Modelled,,,
South Korea,19.13209279,2.512465026,0.042693424,6,Modelled,,,
South Korea,16.47806199,1.011582367,0.011453409,6,Modelled,,,
South Korea,17.95341122,3.684610606,0.034789204,6,Modelled,,,
South Korea,16.49869403,1.01742376,0.01268869,6,Modelled,,,
South Korea,10.82511229,1.026249157,0.002602665,6,Modelled,,,
South Korea,18.15401084,1.011582367,0.009778627,6,Modelled,,,
South Korea,14.40719097,1.01742376,0.006777183,6,Modelled,,,
South Korea,19.51333688,2.358267947,0.045338653,6,Modelled,,,
South Korea,14.62172642,1.005774511,0.011672105,6,Modelled,,,
South Korea,13.92279045,1.011582367,0.008924361,6,Modelled,,,
South Korea,17.33230946,1.318347826,0.025276046,6,Modelled,,,
South Korea,18.1691742,12.52490509,0.039854078,6,Modelled,,,
South Korea,15.56469711,1.008674259,0.001560328,6,Modelled,,,
South Korea,18.58104713,18.58092228,0.044608187,6,Modelled,,,
South Korea,14.13967196,1.005774511,0.004310447,6,Modelled,,,
South Korea,16.5673011,1.014498859,0.019074164,6,Modelled,,,
South Korea,15.20565848,1.002883099,0.003315729,6,Modelled,,,
South Korea,16.77428012,1.002883099,0.01848393,6,Modelled,,,
South Korea,14.02109792,1.005774511,0.001787502,6,Modelled,,,
South Korea,18.98966043,3.246219218,0.043880907,6,Modelled,,,
South Korea,19.73237694,1.014498859,0.016349611,6,Modelled,,,
South Korea,19.6024201,1.008674259,0.01063076,6,Modelled,,,
South Korea,19.80975573,1.002883099,0.014943147,6,Modelled,,,
South Korea,15.84290957,1.002883099,0.013638661,6,Modelled,,,
South Korea,17.13611319,1.008674259,0.008057288,6,Modelled,,,
South Korea,19.60355028,6.028302662,0.053303218,6,Modelled,,,
South Korea,18.83609483,3.914246411,0.042913685,6,Modelled,,,
South Korea,19.8683185,1.341318402,0.041305122,6,Modelled,,,
South Korea,13.1607458,1.008674259,0.001426684,6,Modelled,,,
South Korea,16.40758344,1.014498859,0.007527635,6,Modelled,,,
South Korea,19.5512185,3.126970477,0.048628427,6,Modelled,,,
South Korea,19.90899794,1.598825073,0.044809458,6,Modelled,,,
South Korea,19.06193982,1.118825073,0.033644251,6,Modelled,,,
South Korea,19.0962724,1.174944911,0.034110522,6,Modelled,,,
South Korea,18.95796753,6.961625835,0.046429363,6,Modelled,,,
South Korea,14.83905725,3.145027202,0.016043848,6,Modelled,,,
South Korea,10.618229,1.008674259,0.002039442,6,Modelled,,,
South Korea,16.8937534,1.011582367,0.005871299,6,Modelled,,,
South Korea,19.05022487,7.144362642,0.048446617,6,Modelled,,,
South Korea,18.53327904,1.008674259,0.017382879,6,Modelled,,,
South Korea,14.59742032,1.01742376,0.010945487,6,Modelled,,,
South Korea,18.16109298,1.384475648,0.030492783,6,Modelled,,,
South Korea,15.78672343,1.008674259,0.006816655,6,Modelled,,,
South Korea,16.33980541,2.047990001,0.02241027,6,Modelled,,,
South Korea,18.32523394,1.005774511,0.008035424,6,Modelled,,,
South Korea,18.15855808,1.014498859,0.002021722,6,Modelled,,,
South Korea,14.9152579,1.01742376,0.01019599,6,Modelled,,,
South Korea,14.28729056,1.314557826,0.012776077,6,Modelled,,,
South Korea,19.59249167,1.005774511,0.015267338,6,Modelled,,,
South Korea,19.28742715,2.239172346,0.043333228,6,Modelled,,,
South Korea,18.14321766,2.786835139,0.035229616,6,Modelled,,,
South Korea,18.23453144,1.008674259,0.008066517,6,Modelled,,,
South Korea,17.9289625,1.002883099,0.019232948,6,Modelled,,,
South Korea,14.23252249,1.87313096,0.013331085,6,Modelled,,,
South Korea,19.9927382,1.900289221,0.048111284,6,Modelled,,,
South Korea,19.57420713,2.150716395,0.045153564,6,Modelled,,,
South Korea,18.85544299,1.011582367,0.024707081,6,Modelled,,,
South Korea,19.54284821,2.952007995,0.048158395,6,Modelled,,,
South Korea,13.19395869,1.1416011,0.009694261,6,Modelled,,,
South Korea,17.79507581,1.01742376,0.013055066,6,Modelled,,,
South Korea,14.55013153,1.002883099,0.003625787,6,Modelled,,,
South Korea,17.96240999,1.380495543,0.029347924,6,Modelled,,,
South Korea,15.61843278,1.002883099,0.008192047,6,Modelled,,,
South Korea,18.61801415,1.002883099,0.007924647,6,Modelled,,,
South Korea,17.31954466,4.599023899,0.030745813,6,Modelled,,,
South Korea,14.91459073,1.01742376,0.004395449,6,Modelled,,,
South Korea,17.04605883,1.008674259,0.020160227,6,Modelled,,,
South Korea,15.85261262,1.005774511,0.016886024,6,Modelled,,,
South Korea,14.90415464,1.014498859,0.007644174,6,Modelled,,,
South Korea,17.32862386,2.018720852,0.027929675,6,Modelled,,,
South Korea,19.91914498,1.002883099,0.030765018,6,Modelled,,,
South Korea,15.14648804,1.005774511,0.006958121,6,Modelled,,,
South Korea,15.23683258,1.014498859,0.008385973,6,Modelled,,,
South Korea,19.71138587,1.008674259,0.01995511,6,Modelled,,,
South Korea,16.64092893,1.090208032,0.020831076,6,Modelled,,,
South Korea,16.10583572,1.01742376,0.001833614,6,Modelled,,,
South Korea,14.28259908,1.014498859,0.002076441,6,Modelled,,,
South Korea,13.15236405,1.005774511,0.002556294,6,Modelled,,,
South Korea,14.57386447,1.011582367,0.012237337,6,Modelled,,,
South Korea,19.14928821,1.005774511,0.016510508,6,Modelled,,,
South Korea,17.66046848,1.005774511,0.020755974,6,Modelled,,,
South Korea,12.60722662,1.002883099,0.003478565,6,Modelled,,,
South Korea,11.62928227,1.005774511,0.001251696,6,Modelled,,,
South Korea,12.68732595,1.014498859,0.007207325,6,Modelled,,,
South Korea,15.76319211,1.002883099,0.009248737,6,Modelled,,,
South Korea,19.03808808,1.631372504,0.037642151,6,Modelled,,,
South Korea,16.21394304,1.002883099,0.002010151,6,Modelled,,,
South Korea,13.86268201,1.011582367,0.009813292,6,Modelled,,,
South Korea,15.50684626,4.520263906,0.019654345,6,Modelled,,,
South Korea,13.07156026,1.011582367,0.004204521,6,Modelled,,,
South Korea,14.86601775,1.938973586,0.015684209,6,Modelled,,,
South Korea,16.90993159,2.258595506,0.025859314,6,Modelled,,,
South Korea,19.4864124,3.312302806,0.048018675,6,Modelled,,,
South Korea,16.21823518,1.002883099,0.016671453,6,Modelled,,,
South Korea,19.17972373,1.014498859,0.026310206,6,Modelled,,,
South Korea,17.64445588,1.002883099,0.006750705,6,Modelled,,,
South Korea,18.35212415,3.172307981,0.037758595,6,Modelled,,,
South Korea,12.07550304,1.002883099,0.005900903,6,Modelled,,,
South Korea,19.6194634,1.014498859,0.015438723,6,Modelled,,,
South Korea,19.07239997,1.014498859,0.001402282,6,Modelled,,,
South Korea,17.56805884,1.005774511,0.009339905,6,Modelled,,,
South Korea,19.62069376,1.014498859,0.007721089,6,Modelled,,,
South Korea,15.59399272,1.44974067,0.017697288,6,Modelled,,,
South Korea,13.05844681,1.008674259,0.006016385,6,Modelled,,,
South Korea,15.55171109,1.002883099,0.012394785,6,Modelled,,,
South Korea,9.954113752,1.002883099,0.00177474,6,Modelled,,,
South Korea,14.94653007,1.005774511,0.010081728,6,Modelled,,,
South Korea,11.03038024,1.008674259,0.003194609,6,Modelled,,,
South Korea,15.62366781,1.002883099,0.002784533,6,Modelled,,,
South Korea,15.81232972,1.01742376,0.002896681,6,Modelled,,,
South Korea,16.69690642,1.002883099,0.016996658,6,Modelled,,,
South Korea,18.53329504,1.008674259,0.017637324,6,Modelled,,,
South Korea,19.28203995,1.4331415,0.037946935,6,Modelled,,,
South Korea,13.92013393,1.011582367,0.005971361,6,Modelled,,,
South Korea,14.31157921,1.002883099,0.009903503,6,Modelled,,,
South Korea,8.88564569,1.014498859,0.001171521,6,Modelled,,,
South Korea,18.40821238,12.56101564,0.042812329,6,Modelled,,,
South Korea,17.65743507,1.005774511,0.020969607,6,Modelled,,,
South Korea,17.756102,1.540092787,0.028662116,6,Modelled,,,
South Korea,19.35084857,3.40904833,0.047420974,6,Modelled,,,
South Korea,19.78026169,4.706176025,0.054793801,6,Modelled,,,
South Korea,8.094729559,1.008674259,0.001644174,6,Modelled,,,
South Korea,15.75086027,45.48984726,0.021745428,6,Modelled,,,
South Korea,18.13911923,1.008674259,0.002418225,6,Modelled,,,
South Korea,10.28525975,1.002883099,0.001195839,6,Modelled,,,
South Korea,19.95598753,1.011582367,0.020757438,6,Modelled,,,
South Korea,15.45566386,1.01742376,0.002748317,6,Modelled,,,
South Korea,16.62898965,1.008674259,0.006861104,6,Modelled,,,
South Korea,17.15303756,1.014498859,0.016793239,6,Modelled,,,
South Korea,13.22112194,5.403599724,0.010936676,6,Modelled,,,
South Korea,19.29209231,1.277251935,0.036464992,6,Modelled,,,
South Korea,19.41429302,1.29577063,0.037683689,6,Modelled,,,
South Korea,18.50846555,1.002883099,0.016620337,6,Modelled,,,
South Korea,16.68289754,1.608057505,0.022998701,6,Modelled,,,
South Korea,13.62167158,1.002883099,0.004436251,6,Modelled,,,
South Korea,19.03358958,2.144533492,0.040929694,6,Modelled,,,
South Korea,14.94288464,1.005774511,0.006553966,6,Modelled,,,
South Korea,18.23775982,1.008674259,0.007962945,6,Modelled,,,
South Korea,15.03604681,1.014498859,0.010206939,6,Modelled,,,
South Korea,15.69874588,1.005774511,0.007954268,6,Modelled,,,
South Korea,16.07997655,1.008674259,0.006751093,6,Modelled,,,
South Korea,15.70891516,1.008674259,0.001892444,6,Modelled,,,
South Korea,19.82569509,1.376526879,0.041588126,6,Modelled,,,
South Korea,17.74131378,1.002883099,0.01276986,6,Modelled,,,
South Korea,19.85422093,1.014498859,0.006658749,6,Modelled,,,
South Korea,12.71154441,1.248170944,0.008643926,6,Modelled,,,
South Korea,18.77314334,455.1604741,0.047479633,6,Modelled,,,
South Korea,19.86173016,1.522459107,0.043511478,6,Modelled,,,
South Korea,17.92122956,1.008674259,0.026232732,6,Modelled,,,
South Korea,18.91360538,1.916772821,0.038317926,6,Modelled,,,
South Korea,17.78817126,1.01742376,0.022406711,6,Modelled,,,
South Korea,18.66965403,1.557930706,0.034755114,6,Modelled,,,
South Korea,16.49233,1.014498859,0.008383074,6,Modelled,,,
South Korea,15.03343814,1.014498859,0.009573514,6,Modelled,,,
South Korea,19.89705777,1.743051936,0.046020406,6,Modelled,,,
South Korea,15.51760949,4.430080346,0.019657852,6,Modelled,,,
South Korea,16.88338983,1.008674259,0.011035768,6,Modelled,,,
South Korea,19.51954802,8.250478175,0.054685076,6,Modelled,,,
South Korea,16.14258617,1.002883099,0.002706814,7,Modelled,,,
South Korea,16.1581277,1.008674259,0.003758193,7,Modelled,,,
South Korea,18.72824,2.638489309,0.039767566,7,Modelled,,,
South Korea,11.56802422,1.014498859,0.00168724,7,Modelled,,,
South Korea,19.93717441,1.005774511,0.002345316,7,Modelled,,,
South Korea,14.61990222,1.005774511,0.005129726,7,Modelled,,,
South Korea,14.24644662,1.002883099,0.003925821,7,Modelled,,,
South Korea,18.83564663,1.005774511,0.016355981,7,Modelled,,,
South Korea,16.15145253,1.005774511,0.003899683,7,Modelled,,,
South Korea,12.30609607,1.008674259,0.003600854,7,Modelled,,,
South Korea,19.37296241,4.267342877,0.048561241,7,Modelled,,,
South Korea,12.13531859,1.011582367,0.002130054,7,Modelled,,,
South Korea,15.35894618,9.257455283,0.019431927,7,Modelled,,,
South Korea,17.58072588,1.008674259,0.014844115,7,Modelled,,,
South Korea,19.96059774,1.011582367,0.008919619,7,Modelled,,,
South Korea,19.07009054,1.014498859,0.014109197,7,Modelled,,,
South Korea,16.01300728,1.011582367,0.012470576,7,Modelled,,,
South Korea,19.03271679,1.002883099,0.027028277,7,Modelled,,,
South Korea,19.35451463,1.002883099,0.01765218,7,Modelled,,,
South Korea,10.83008949,1.029207935,0.001069864,7,Modelled,,,
South Korea,14.75141106,1.005774511,0.004599711,7,Modelled,,,
South Korea,18.10447899,1.273580077,0.029158064,7,Modelled,,,
South Korea,19.47097244,1.002883099,0.016191758,7,Modelled,,,
South Korea,19.59541249,1.008674259,0.032091,7,Modelled,,,
South Korea,17.66138938,1.005774511,0.008212246,7,Modelled,,,
South Korea,19.82272037,1.008674259,0.010815187,7,Modelled,,,
South Korea,19.25793438,1.005774511,0.007669144,7,Modelled,,,
South Korea,18.57521412,1.453920417,0.03374566,7,Modelled,,,
South Korea,15.1403624,1.005774511,0.01031476,7,Modelled,,,
South Korea,17.68826278,1.014498859,0.015447877,7,Modelled,,,
South Korea,15.24699508,1.713201524,0.016626307,7,Modelled,,,
South Korea,19.96481376,1.28462744,0.041030248,7,Modelled,,,
South Korea,14.26620402,1.008674259,0.003217615,7,Modelled,,,
South Korea,17.88075775,1.01742376,0.023574312,7,Modelled,,,
South Korea,18.05818598,1.014498859,0.010014705,7,Modelled,,,
South Korea,19.37470097,2.385582271,0.045022443,7,Modelled,,,
South Korea,19.62481565,1.014498859,0.017801414,7,Modelled,,,
South Korea,13.05112754,1.005774511,0.00272811,7,Modelled,,,
South Korea,13.72744688,1.002883099,0.006780709,7,Modelled,,,
South Korea,8.829057618,1.008674259,0.002734732,7,Modelled,,,
South Korea,16.36955452,1.659797147,0.021814968,7,Modelled,,,
South Korea,15.91342561,1.002883099,0.012523398,7,Modelled,,,
South Korea,17.89267359,2.226316457,0.031934946,7,Modelled,,,
South Korea,15.70681274,1.005774511,0.014321931,7,Modelled,,,
South Korea,9.709537772,1.008674259,0.001295618,7,Modelled,,,
South Korea,16.30835615,1.005774511,0.016233009,7,Modelled,,,
South Korea,18.71535903,1.002883099,0.01941891,7,Modelled,,,
South Korea,14.07295277,1.002883099,0.001289419,7,Modelled,,,
South Korea,15.7284465,1.014498859,0.010537163,7,Modelled,,,
South Korea,18.81725342,7.12382395,0.045776481,7,Modelled,,,
South Korea,15.06401975,12.45299514,0.017859837,7,Modelled,,,
South Korea,16.45893196,2.66904926,0.023872328,7,Modelled,,,
South Korea,18.36394666,2.219916219,0.035561612,7,Modelled,,,
South Korea,19.92040168,2.747006676,0.050890453,7,Modelled,,,
South Korea,17.68442331,1.867746062,0.029494309,7,Modelled,,,
South Korea,19.61849064,1.014498859,0.001107159,7,Modelled,,,
South Korea,19.77222844,77.93327566,0.061278213,7,Modelled,,,
South Korea,14.25110628,1.002883099,0.011798604,7,Modelled,,,
South Korea,15.38358603,1.01742376,0.014976159,7,Modelled,,,
South Korea,13.30647147,1.005774511,0.006518009,7,Modelled,,,
South Korea,15.948595,1.014498859,0.013283699,7,Modelled,,,
South Korea,19.98921156,1.356854044,0.042570127,7,Modelled,,,
South Korea,16.38495083,1.713201524,0.022038999,7,Modelled,,,
South Korea,16.91530251,3.100079585,0.026608703,7,Modelled,,,
South Korea,14.53068994,1.01742376,0.004337335,7,Modelled,,,
South Korea,9.184321274,1.020357094,0.001781421,7,Modelled,,,
South Korea,16.88053971,1.008674259,0.016542143,7,Modelled,,,
South Korea,17.52141888,1.01742376,0.017337385,7,Modelled,,,
South Korea,17.13092871,1.008674259,0.016681453,7,Modelled,,,
South Korea,14.96064357,4.885648638,0.017113396,7,Modelled,,,
South Korea,16.32448151,1.011582367,0.010475351,7,Modelled,,,
South Korea,19.72801601,5.450471945,0.05445237,7,Modelled,,,
South Korea,19.97837342,3.836153476,0.055557578,7,Modelled,,,
South Korea,14.71860276,1.01742376,0.011619182,7,Modelled,,,
South Korea,17.37558108,1.002883099,0.019352879,7,Modelled,,,
South Korea,19.13345016,1.002883099,0.003846628,7,Modelled,,,
South Korea,13.93335607,1.014498859,0.00303433,7,Modelled,,,
South Korea,16.81822159,1.014498859,0.017164305,7,Modelled,,,
South Korea,19.40109584,1.014498859,0.014597733,7,Modelled,,,
South Korea,18.14012387,1.008674259,0.01221922,7,Modelled,,,
South Korea,13.39472892,9.020670296,0.011399006,7,Modelled,,,
South Korea,19.98274234,2.41321296,0.050160927,7,Modelled,,,
South Korea,18.98166305,1.233879697,0.034555855,7,Modelled,,,
South Korea,14.09220029,1.011582367,0.009132754,7,Modelled,,,
South Korea,12.58255582,1.011582367,0.00652446,7,Modelled,,,
South Korea,18.75738566,1.703365422,0.036406195,7,Modelled,,,
South Korea,19.44953298,15.49878217,0.054799951,7,Modelled,,,
South Korea,16.36989088,1.55345195,0.021240056,7,Modelled,,,
South Korea,17.77992847,1.138319213,0.02663496,7,Modelled,,,
South Korea,18.52826522,1.889378982,0.035804464,7,Modelled,,,
South Korea,18.56704429,1.384475648,0.032784579,7,Modelled,,,
South Korea,19.17658947,1.014498859,0.014404625,7,Modelled,,,
South Korea,11.66739418,1.005774511,0.003136824,7,Modelled,,,
South Korea,19.81623929,1.005774511,0.007121558,7,Modelled,,,
South Korea,10.65268252,1.008674259,0.003551733,7,Modelled,,,
South Korea,17.30816726,1.008674259,0.007333341,7,Modelled,,,
South Korea,19.25457874,4.733351889,0.049053595,7,Modelled,,,
South Korea,12.7591016,1.005774511,0.007941947,7,Modelled,,,
South Korea,18.84418492,1.008674259,0.028823293,7,Modelled,,,
South Korea,19.81939067,1.509366472,0.043124524,7,Modelled,,,
South Korea,15.94141314,1.011582367,0.007665961,7,Modelled,,,
South Korea,10.44877258,1.005774511,0.001405396,7,Modelled,,,
South Korea,19.54344986,2.371885791,0.046608563,7,Modelled,,,
South Korea,10.20778812,1.011582367,0.002384336,7,Modelled,,,
South Korea,19.58588063,1.005774511,0.005367565,7,Modelled,,,
South Korea,18.31297028,1.002883099,0.023798395,7,Modelled,,,
South Korea,19.91619568,1.87313096,0.046442674,7,Modelled,,,
South Korea,16.47297437,1.008674259,0.003812727,7,Modelled,,,
South Korea,11.98764423,1.793962883,0.007407763,7,Modelled,,,
South Korea,16.74882721,1.333617414,0.022719974,7,Modelled,,,
South Korea,16.97842788,3.399247961,0.027717157,7,Modelled,,,
South Korea,18.30874663,1.002883099,0.023444605,7,Modelled,,,
South Korea,16.88649822,1.011582367,0.016465866,7,Modelled,,,
South Korea,15.49046694,1.148193288,0.016681416,7,Modelled,,,
South Korea,18.73772935,1.008674259,0.012772118,7,Modelled,,,
South Korea,16.65152001,1.014498859,0.003756045,7,Modelled,,,
South Korea,17.83376854,1.002883099,0.010723085,7,Modelled,,,
South Korea,18.41557948,1.002883099,0.008244448,7,Modelled,,,
South Korea,17.66571011,1.266267999,0.027040575,7,Modelled,,,
South Korea,19.66388066,3.145027202,0.049825051,7,Modelled,,,
South Korea,19.55007133,4.016992078,0.051275377,7,Modelled,,,
South Korea,17.58595627,1.011582367,0.010173748,7,Modelled,,,
South Korea,15.02705303,1.878531382,0.016191532,7,Modelled,,,
South Korea,17.65392501,8.322044956,0.034266221,7,Modelled,,,
South Korea,18.41231693,4.182205332,0.038911828,7,Modelled,,,
South Korea,19.82924071,1.008674259,0.028440177,7,Modelled,,,
South Korea,17.56689414,2.505242164,0.030658406,7,Modelled,,,
South Korea,16.73699431,1.014498859,0.017042724,7,Modelled,,,
South Korea,16.06474263,1.002883099,0.001074414,7,Modelled,,,
South Korea,13.7077533,1.014498859,0.003061283,7,Modelled,,,
South Korea,10.32182125,1.989870008,0.004671018,7,Modelled,,,
South Korea,12.08114992,1.337462366,0.007443198,7,Modelled,,,
South Korea,19.01601743,1.995607,0.039814879,7,Modelled,,,
South Korea,19.77759718,1.804322141,0.044825057,7,Modelled,,,
South Korea,17.81872795,2.884795479,0.032433495,7,Modelled,,,
South Korea,18.7183728,1.002883099,0.024751528,7,Modelled,,,
South Korea,18.96096091,1.011582367,0.022231553,8,Modelled,,,
South Korea,19.47959809,1.005774511,0.03244872,8,Modelled,,,
South Korea,15.35622342,1.008674259,0.014987311,8,Modelled,,,
South Korea,15.93285374,1.008674259,0.013000928,8,Modelled,,,
South Korea,18.66134351,16.79988569,0.045577282,8,Modelled,,,
South Korea,19.9567149,2.169372265,0.049362445,8,Modelled,,,
South Korea,18.02909924,1.005774511,0.02357357,8,Modelled,,,
South Korea,14.39846323,1.128530051,0.012793449,8,Modelled,,,
South Korea,14.02733622,1.008674259,0.007090773,8,Modelled,,,
South Korea,19.4053756,1.233879697,0.037206192,8,Modelled,,,
South Korea,19.18679529,2.571002658,0.043629165,8,Modelled,,,
South Korea,18.66973292,10.18009751,0.044791204,8,Modelled,,,
South Korea,11.30305616,2.385582271,0.006243728,8,Modelled,,,
South Korea,11.70694568,1.005774511,0.005278087,8,Modelled,,,
South Korea,16.50404979,1.01742376,0.005038515,8,Modelled,,,
South Korea,19.70762186,1.005774511,0.02316996,8,Modelled,,,
South Korea,11.48028641,1.011582367,0.002764236,8,Modelled,,,
South Korea,17.78592164,1.01742376,0.007919321,8,Modelled,,,
South Korea,18.62835761,1.005774511,0.021686032,8,Modelled,,,
South Korea,17.03286734,1.002883099,0.021367937,8,Modelled,,,
South Korea,19.39825874,1.292045535,0.037561917,8,Modelled,,,
South Korea,19.25094039,1.48779514,0.03860679,8,Modelled,,,
South Korea,18.44581676,153.7434772,0.044677691,8,Modelled,,,
South Korea,13.02103176,1.011582367,0.003890103,8,Modelled,,,
South Korea,13.78538846,1.230332526,0.01119076,8,Modelled,,,
South Korea,19.72542484,1.011582367,0.00708323,8,Modelled,,,
South Korea,17.24902748,1.01742376,0.015350399,8,Modelled,,,
South Korea,16.86719043,1.005774511,0.019464381,8,Modelled,,,
South Korea,17.16291583,1.01742376,0.010281756,8,Modelled,,,
South Korea,18.8583913,1.014498859,0.01332135,8,Modelled,,,
South Korea,19.71727618,1.360765989,0.040375252,8,Modelled,,,
South Korea,17.38337591,1.005774511,0.018504543,8,Modelled,,,
South Korea,15.07985414,1.005774511,0.013627539,8,Modelled,,,
South Korea,17.07440892,1.01742376,0.01047891,8,Modelled,,,
South Korea,19.81447329,1.005774511,0.030163127,8,Modelled,,,
South Korea,18.49690968,1.244582689,0.031218831,8,Modelled,,,
South Korea,19.1593994,6.803120713,0.049385964,8,Modelled,,,
South Korea,13.30727483,1.005774511,0.003829904,8,Modelled,,,
South Korea,12.44480262,1.011582367,0.00626674,8,Modelled,,,
South Korea,18.37448544,2.699963167,0.03692443,8,Modelled,,,
South Korea,19.67017624,9.391677821,0.056397978,8,Modelled,,,
South Korea,18.18160694,1.266267999,0.029535763,8,Modelled,,,
South Korea,15.71217768,1.008674259,0.004860704,8,Modelled,,,
South Korea,9.565748117,1.005774511,0.00121519,8,Modelled,,,
South Korea,18.82808973,1.005774511,0.02801447,8,Modelled,,,
South Korea,17.35190975,5.403599724,0.031156645,8,Modelled,,,
South Korea,14.22673187,5.466186196,0.014105103,8,Modelled,,,
South Korea,18.22381606,1.005774511,0.011964366,8,Modelled,,,
South Korea,19.70426027,2.556241613,0.04885947,8,Modelled,,,
South Korea,19.29448236,1.191980271,0.035924594,8,Modelled,,,
South Korea,19.71834264,1.008674259,0.005039708,8,Modelled,,,
South Korea,16.98675946,1.014498859,0.016238192,8,Modelled,,,
South Korea,15.78980932,1.011582367,0.010237651,8,Modelled,,,
South Korea,16.37831829,1.708276394,0.021985244,8,Modelled,,,
South Korea,10.52313363,1.011582367,0.002844262,8,Modelled,,,
South Korea,17.28496537,1.002883099,0.014759745,8,Modelled,,,
South Korea,19.89753161,12.74313603,0.061217982,8,Modelled,,,
South Korea,16.92234751,5.840386796,0.027966752,8,Modelled,,,
South Korea,19.64426945,15.18956674,0.056836121,8,Modelled,,,
South Korea,15.51272811,1.753117208,0.018038592,8,Modelled,,,
South Korea,12.97784919,1.014498859,0.006636337,8,Modelled,,,
South Korea,17.46457986,1.248170944,0.025756612,8,Modelled,,,
South Korea,19.68142952,4.774410207,0.053176209,8,Modelled,,,
South Korea,19.59954919,1.008674259,0.002561155,8,Modelled,,,
South Korea,15.06014301,2.794869861,0.017028195,8,Modelled,,,
South Korea,19.5538028,89.48246402,0.058556523,8,Modelled,,,
South Korea,18.90866637,2.036231759,0.038983172,8,Modelled,,,
South Korea,16.15627641,1.008674259,0.0164599,8,Modelled,,,
South Korea,13.90253451,1.002883099,0.009748183,8,Modelled,,,
South Korea,14.0697414,1.002883099,0.005540728,8,Modelled,,,
South Korea,16.69222237,2.036231759,0.024170607,8,Modelled,,,
South Korea,16.95719279,1.005774511,0.009484561,8,Modelled,,,
South Korea,12.03206269,1.002883099,0.005129953,8,Modelled,,,
South Korea,18.6985839,2.150716395,0.037991205,8,Modelled,,,
South Korea,17.28093047,3.274377763,0.029137458,8,Modelled,,,
South Korea,19.11394979,1.585075716,0.038076178,8,Modelled,,,
South Korea,18.90506288,3.66345594,0.043046784,8,Modelled,,,
South Korea,17.53609483,2.676744394,0.030690344,8,Modelled,,,
South Korea,19.87659728,2.378724173,0.04957038,8,Modelled,,,
South Korea,17.42432018,1.01742376,0.003847361,8,Modelled,,,
South Korea,18.81587921,1.002883099,0.014890757,8,Modelled,,,
South Korea,16.57453151,1.617343251,0.022793132,8,Modelled,,,
South Korea,18.63620637,1.008674259,0.013013249,8,Modelled,,,
South Korea,13.42967963,1.011582367,0.004542003,8,Modelled,,,
South Korea,13.81396112,1.014498859,0.005167567,8,Modelled,,,
South Korea,17.25135959,1.01742376,0.003584193,8,Modelled,,,
South Korea,17.3107357,1.008674259,0.016576035,8,Modelled,,,
South Korea,19.82102592,1.241004749,0.039562477,8,Modelled,,,
South Korea,18.22921677,13.85273046,0.040340867,8,Modelled,,,
South Korea,19.97879579,2.258595506,0.050192612,8,Modelled,,,
South Korea,15.3618044,1.008674259,0.002690911,8,Modelled,,,
South Korea,18.95309038,10.90835944,0.047448129,8,Modelled,,,
South Korea,16.83656928,1.112401499,0.021956814,8,Modelled,,,
South Korea,17.78859317,3.539054265,0.033085526,8,Modelled,,,
South Korea,15.50172243,1.122050757,0.01659779,8,Modelled,,,
South Korea,16.64718598,1.014498859,0.004989665,8,Modelled,,,
South Korea,11.75405256,1.008674259,0.001982251,8,Modelled,,,
South Korea,19.81710106,1.248170944,0.039794962,8,Modelled,,,
South Korea,19.17576572,1.014498859,0.006347108,8,Modelled,,,
South Korea,12.65802083,1.002883099,0.006304466,8,Modelled,,,
South Korea,13.53837444,1.011582367,0.006381037,8,Modelled,,,
South Korea,18.41013048,8.714351203,0.041831033,8,Modelled,,,
South Korea,19.95235932,1.011582367,0.02563374,8,Modelled,,,
South Korea,18.35167285,19.12363265,0.041768777,9,Modelled,,,
South Korea,19.95884701,1.011582367,0.020702054,9,Modelled,,,
South Korea,16.94981808,1.005774511,0.006332637,9,Modelled,,,
South Korea,17.22456087,1.008674259,0.014427331,9,Modelled,,,
South Korea,15.95119605,1.014498859,0.012952235,9,Modelled,,,
South Korea,14.94821518,1.005774511,0.010817805,9,Modelled,,,
South Korea,18.54178296,1.011582367,0.022828589,9,Modelled,,,
South Korea,18.86808455,1.020357094,0.031134567,9,Modelled,,,
South Korea,15.88764283,1.01742376,0.004353639,9,Modelled,,,
South Korea,14.49358827,1.002883099,0.005018374,9,Modelled,,,
South Korea,14.20954151,1.011582367,0.010927613,9,Modelled,,,
South Korea,15.23194293,1.011582367,0.003873325,9,Modelled,,,
South Korea,15.78710082,1.008674259,0.01332095,9,Modelled,,,
South Korea,12.11846552,1.002883099,0.004916445,9,Modelled,,,
South Korea,12.92838677,3.350667111,0.009757026,9,Modelled,,,
South Korea,16.81851834,1.014498859,0.003614167,9,Modelled,,,
South Korea,19.60922218,2.646096336,0.048454651,9,Modelled,,,
South Korea,15.92126061,8.016337512,0.022229099,9,Modelled,,,
South Korea,8.561574691,1.020357094,0.001413608,9,Modelled,,,
South Korea,19.67328525,1.783663102,0.044349207,9,Modelled,,,
South Korea,19.14786372,1.005774511,0.016126416,9,Modelled,,,
South Korea,18.43891755,1.011582367,0.004395115,9,Modelled,,,
South Korea,15.73732901,1.01742376,0.005859916,9,Modelled,,,
South Korea,13.80693708,1.011582367,0.010360071,9,Modelled,,,
South Korea,16.34543304,1.01742376,0.016207106,9,Modelled,,,
South Korea,19.59468367,1.008674259,0.005684488,9,Modelled,,,
South Korea,18.94192448,1.008674259,0.013265511,9,Modelled,,,
South Korea,18.53287301,6.028302662,0.042055027,9,Modelled,,,
South Korea,11.35240942,1.020357094,0.001587615,9,Modelled,,,
South Korea,9.775426575,1.303253072,0.003896489,9,Modelled,,,
South Korea,17.90064662,6.45955426,0.035706784,9,Modelled,,,
South Korea,17.6997072,1.01742376,0.02101118,9,Modelled,,,
South Korea,19.83793797,1.011582367,0.012501157,9,Modelled,,,
South Korea,18.63338423,1.008674259,0.009629932,9,Modelled,,,
South Korea,12.67394446,1.008674259,0.00336948,9,Modelled,,,
South Korea,19.83595701,1.011582367,0.020562506,9,Modelled,,,
South Korea,17.01307841,1.345185556,0.024080623,9,Modelled,,,
South Korea,19.4583582,8.491457603,0.053649865,9,Modelled,,,
South Korea,14.63055283,1.008674259,0.002775189,9,Modelled,,,
South Korea,11.20617639,1.005774511,0.00529364,9,Modelled,,,
South Korea,18.65257639,68.07039011,0.046667839,9,Modelled,,,
South Korea,11.09039303,3.218302827,0.00593198,9,Modelled,,,
South Korea,18.62645154,1.005774511,0.012958025,9,Modelled,,,
South Korea,16.41826136,1.01742376,0.011741963,9,Modelled,,,
South Korea,17.20061803,1.223268748,0.02442529,9,Modelled,,,
South Korea,18.90851354,1.889378982,0.03859503,9,Modelled,,,
South Korea,11.88921836,1.014498859,0.001367442,9,Modelled,,,
South Korea,19.05864085,1.594228753,0.03757326,9,Modelled,,,
South Korea,19.33159689,160.0667309,0.055240134,9,Modelled,,,
South Korea,13.44280569,2.024541025,0.010919202,9,Modelled,,,
South Korea,17.10104624,4.242842537,0.029052444,9,Modelled,,,
South Korea,15.97610933,1.368623747,0.019090326,9,Modelled,,,
South Korea,19.70359778,1.005774511,0.004735181,9,Modelled,,,
South Korea,13.96530531,1.005774511,0.003284944,9,Modelled,,,
South Korea,13.20137221,1.002883099,0.004729862,9,Modelled,,,
South Korea,15.2495695,1.01742376,0.002564083,9,Modelled,,,
South Korea,12.08375091,1.005774511,0.002178546,9,Modelled,,,
South Korea,18.8488269,1.989870008,0.038174473,9,Modelled,,,
South Korea,17.78977954,5.220107177,0.034784038,9,Modelled,,,
South Korea,19.95044107,1.011582367,0.029433748,9,Modelled,,,
South Korea,13.95976493,1.005774511,0.001075766,9,Modelled,,,
South Korea,18.5109193,1.237437095,0.031622623,9,Modelled,,,
South Korea,17.6536667,1.005774511,0.019079247,9,Modelled,,,
South Korea,10.82725229,1.011582367,0.004910712,9,Modelled,,,
South Korea,14.7682911,1.011582367,0.001629316,9,Modelled,,,
South Korea,18.69586816,1.862376645,0.036660084,9,Modelled,,,
South Korea,19.28016688,1.266267999,0.036802233,9,Modelled,,,
South Korea,17.5964821,1.014498859,0.008585609,9,Modelled,,,
South Korea,18.97135912,1.916772821,0.0390809,9,Modelled,,,
South Korea,9.291519551,2.94352153,0.003478578,9,Modelled,,,
South Korea,17.16756411,1.01742376,0.003459101,9,Modelled,,,
South Korea,13.73379777,1.002883099,0.002659779,9,Modelled,,,
South Korea,19.62004024,1.014498859,0.032778097,9,Modelled,,,
South Korea,9.904965522,1.008674259,0.001362679,9,Modelled,,,
South Korea,19.71917481,1.011582367,0.004805832,9,Modelled,,,
South Korea,16.47611447,1.008674259,0.013015109,9,Modelled,,,
South Korea,19.04890105,6.553210426,0.048106615,9,Modelled,,,
South Korea,16.46127954,1.005774511,0.018896993,9,Modelled,,,
South Korea,19.92212146,1.540092787,0.044007593,9,Modelled,,,
South Korea,17.55400195,1.002883099,0.018024961,9,Modelled,,,
South Korea,17.87447932,1.044130275,0.026208993,9,Modelled,,,
South Korea,17.76918654,1.011582367,0.006873339,9,Modelled,,,
South Korea,16.4309832,5.823596788,0.024740919,9,Modelled,,,
South Korea,15.324341,3.684610606,0.01832541,10,Modelled,,,
South Korea,19.46587056,1.002883099,0.007168035,10,Modelled,,,
South Korea,18.34807847,1.011582367,0.011439239,10,Modelled,,,
South Korea,14.9477569,1.005774511,0.007207077,10,Modelled,,,
South Korea,18.34261792,1.011582367,0.009321795,10,Modelled,,,
South Korea,10.99075019,1.005774511,0.003923728,10,Modelled,,,
South Korea,15.80262654,1.014498859,0.003343017,10,Modelled,,,
South Korea,19.08345002,1.509366472,0.037734352,10,Modelled,,,
South Korea,16.08273043,2.065754796,0.020759917,10,Modelled,,,
South Korea,17.83081032,1.223268748,0.02757592,10,Modelled,,,
South Korea,11.18768538,1.014498859,0.003769599,10,Modelled,,,
South Korea,15.00948888,1.005774511,0.001146076,10,Modelled,,,
South Korea,19.03381206,1.002883099,0.016911885,10,Modelled,,,
South Korea,19.91684455,1.168199132,0.03932408,10,Modelled,,,
South Korea,19.49526326,2.794869861,0.046762029,10,Modelled,,,
South Korea,17.77025514,4.899734448,0.034365078,10,Modelled,,,
South Korea,18.67643331,2.378724173,0.038461028,10,Modelled,,,
South Korea,15.79684003,1.011582367,0.012855075,10,Modelled,,,
South Korea,17.38784489,1.005774511,0.00145269,10,Modelled,,,
South Korea,16.72926966,1.014498859,0.005110199,10,Modelled,,,
South Korea,19.52360678,7.247947748,0.053518054,10,Modelled,,,
South Korea,18.13105806,1.005774511,0.013149978,10,Modelled,,,
South Korea,9.329799195,1.01742376,0.002559421,10,Modelled,,,
South Korea,13.27503344,1.011582367,0.005350363,10,Modelled,,,
South Korea,16.29927317,1.002883099,0.004157768,10,Modelled,,,
South Korea,11.08873945,1.002883099,0.005464816,10,Modelled,,,
South Korea,11.5684021,1.014498859,0.002145177,10,Modelled,,,
South Korea,18.02662517,1.266267999,0.029047938,10,Modelled,,,
South Korea,18.48386743,1.509366472,0.033102965,10,Modelled,,,
South Korea,18.19645545,1.622006212,0.031679834,10,Modelled,,,
South Korea,19.6347055,249.372875,0.059025431,10,Modelled,,,
South Korea,18.93353486,1.230332526,0.03382409,10,Modelled,,,
South Korea,15.34994394,1.014498859,0.015651967,10,Modelled,,,
South Korea,12.86196907,1.008674259,0.004638593,10,Modelled,,,
South Korea,16.68750918,2.455260203,0.0245496,10,Modelled,,,
South Korea,16.90809359,1.580518923,0.024261989,10,Modelled,,,
South Korea,13.74964084,1.008674259,0.010240896,10,Modelled,,,
South Korea,18.01841807,12.77987575,0.038510125,10,Modelled,,,
South Korea,19.27448918,1.161492083,0.035593465,10,Modelled,,,
South Korea,15.32700958,7.35303472,0.018982493,10,Modelled,,,
South Korea,19.10593304,9.834407211,0.049346462,10,Modelled,,,
South Korea,14.65538547,1.01742376,0.001629588,10,Modelled,,,
South Korea,18.25741927,1.014498859,0.005824497,10,Modelled,,,
South Korea,15.52644358,1.01742376,0.010113837,10,Modelled,,,
South Korea,16.57384836,6.294333319,0.026188699,10,Modelled,,,
South Korea,19.43844675,2.548892902,0.04589919,10,Modelled,,,
South Korea,18.47166829,5.497750747,0.040611091,10,Modelled,,,
South Korea,11.19631122,1.01742376,0.001480435,10,Modelled,,,
South Korea,17.71626299,19.34512957,0.035573989,10,Modelled,,,
South Korea,17.4084862,1.011582367,0.02177183,10,Modelled,,,
South Korea,12.35465247,1.011582367,0.004688867,10,Modelled,,,
South Korea,19.71759752,1.008674259,0.019664347,10,Modelled,,,
South Korea,18.79289011,5.190136677,0.044434613,10,Modelled,,,
South Korea,15.84930922,1.005774511,0.008562924,10,Modelled,,,
South Korea,19.83441636,1.011582367,0.020105966,10,Modelled,,,
South Korea,18.50951052,1.640792882,0.034551088,10,Modelled,,,
South Korea,19.60830526,2.144533492,0.046012164,10,Modelled,,,
South Korea,18.20206856,2.284755387,0.034504111,10,Modelled,,,
South Korea,19.81894827,1.005774511,0.0344211,10,Modelled,,,
South Korea,8.369484491,1.005774511,0.001486203,10,Modelled,,,
South Korea,18.90108137,1.337462366,0.034767268,10,Modelled,,,
South Korea,16.74554218,2.113884578,0.024465373,10,Modelled,,,
South Korea,19.4775558,71.2792696,0.056528587,10,Modelled,,,
South Korea,15.17686927,16.18274769,0.018476961,11,Modelled,,,
South Korea,18.21285647,1.002883099,0.009802985,11,Modelled,,,
South Korea,18.19256991,3.360327417,0.036783622,11,Modelled,,,
South Korea,11.02326477,3.020786488,0.005757476,11,Modelled,,,
South Korea,13.00837472,1.008674259,0.006163499,11,Modelled,,,
South Korea,17.4841028,18.47424257,0.033760647,11,Modelled,,,
South Korea,8.537446252,1.005774511,0.002234396,11,Modelled,,,
South Korea,15.6503792,1.011582367,0.011812108,11,Modelled,,,
South Korea,18.54700676,1.011582367,0.021475412,11,Modelled,,,
South Korea,12.56718603,1.002883099,0.004197587,11,Modelled,,,
South Korea,19.70865253,9.391677821,0.05772835,11,Modelled,,,
South Korea,15.04201165,1.01742376,0.013768601,11,Modelled,,,
South Korea,19.78622366,1.522459107,0.042680257,11,Modelled,,,
South Korea,19.32717259,2.868232838,0.046127566,11,Modelled,,,
South Korea,16.69762547,1.002883099,0.004648969,11,Modelled,,,
South Korea,15.48200968,1.002883099,0.010848698,11,Modelled,,,
South Korea,13.70213826,6.803120713,0.012327744,11,Modelled,,,
South Korea,19.48727631,1.008674259,0.005740733,11,Modelled,,,
South Korea,13.30038484,1.002883099,0.006130607,11,Modelled,,,
South Korea,19.24589389,1.002883099,0.018023613,11,Modelled,,,
South Korea,18.92621155,1.002883099,0.001178696,11,Modelled,,,
South Korea,19.37607429,1.131783715,0.035321977,11,Modelled,,,
South Korea,19.28507312,3.350667111,0.046763004,11,Modelled,,,
South Korea,18.53231011,1.788805579,0.035367394,11,Modelled,,,
South Korea,12.80185761,1.002883099,0.005247969,11,Modelled,,,
South Korea,16.73294516,1.014498859,0.017401458,11,Modelled,,,
South Korea,18.74058089,2.001360534,0.037707053,11,Modelled,,,
South Korea,18.14803218,1.011582367,0.019395888,11,Modelled,,,
South Korea,8.699619647,1.011582367,0.001101977,11,Modelled,,,
South Korea,19.7297203,1.011582367,0.024376009,11,Modelled,,,
South Korea,17.94631999,7.788841536,0.03677986,11,Modelled,,,
South Korea,19.46743615,1.002883099,0.002570964,11,Modelled,,,
South Korea,15.38628184,2.265107261,0.018129354,11,Modelled,,,
South Korea,16.73988852,1.01742376,0.007454673,11,Modelled,,,
South Korea,14.59500361,1.01742376,0.005029801,11,Modelled,,,
South Korea,8.872540609,1.020357094,0.001449897,11,Modelled,,,
South Korea,13.30796428,1.005774511,0.00868783,11,Modelled,,,
South Korea,15.29169033,1.008674259,0.010419087,11,Modelled,,,
South Korea,18.83292633,1.005774511,0.010337577,11,Modelled,,,
South Korea,19.25634809,1.005774511,0.009544062,11,Modelled,,,
South Korea,16.53375367,1.002883099,0.017694923,11,Modelled,,,
South Korea,19.79753298,1.453920417,0.042330073,11,Modelled,,,
South Korea,16.99204991,1.659797147,0.024858569,11,Modelled,,,
South Korea,19.17760537,2.563611512,0.043487642,11,Modelled,,,
South Korea,16.29370877,1.002883099,0.009133741,12,Modelled,,,
South Korea,9.393289764,1.011582367,0.003211766,12,Modelled,,,
South Korea,14.04944362,1.55345195,0.012373255,12,Modelled,,,
South Korea,15.91932469,1.733044452,0.019530571,12,Modelled,,,
South Korea,14.95735542,1.011582367,0.00718953,12,Modelled,,,
South Korea,16.38219574,1.005774511,0.002460159,12,Modelled,,,
South Korea,17.27126585,1.148193288,0.024224414,12,Modelled,,,
South Korea,19.69232477,1.002883099,0.020404523,12,Modelled,,,
South Korea,13.37356028,1.011582367,0.001574337,12,Modelled,,,
South Korea,14.49265283,1.002883099,0.005274968,12,Modelled,,,
South Korea,11.92664272,1.011582367,0.002208117,12,Modelled,,,
South Korea,18.75311664,1.011582367,0.012769146,12,Modelled,,,
South Korea,19.37300727,6.312480507,0.051251695,12,Modelled,,,
South Korea,18.35871207,1.014498859,0.027603086,12,Modelled,,,
South Korea,16.32378775,6.330680015,0.024325664,12,Modelled,,,
South Korea,15.84730762,1.005774511,0.001530766,12,Modelled,,,
South Korea,17.68831896,1.380495543,0.027807306,12,Modelled,,,
South Korea,17.33171187,1.014498859,0.016710778,12,Modelled,,,
South Korea,17.42989188,1.01742376,0.011069253,12,Modelled,,,
South Korea,18.71427952,73.99754378,0.047261467,12,Modelled,,,
South Korea,19.70828561,1.894826249,0.045178396,12,Modelled,,,
South Korea,19.02756293,1.002883099,0.012641173,12,Modelled,,,
South Korea,15.07010708,1.002883099,0.007621481,12,Modelled,,,
South Korea,19.18756886,7.374234249,0.049287716,12,Modelled,,,
South Korea,14.6978252,1.008674259,0.004397399,12,Modelled,,,
South Korea,16.54388197,14.63158326,0.026448328,12,Modelled,,,
South Korea,18.65614218,2.893112631,0.039855551,12,Modelled,,,
South Korea,19.62240408,1.014498859,0.006771497,13,Modelled,,,
South Korea,19.92323953,1.002883099,0.034587306,13,Modelled,,,
South Korea,19.59824167,1.008674259,0.00594401,13,Modelled,,,
South Korea,18.52651396,1.068457346,0.029879649,13,Modelled,,,
South Korea,16.71957059,1.011582367,0.016512302,13,Modelled,,,
South Korea,17.59483537,12.70650192,0.034292188,13,Modelled,,,
South Korea,16.94621587,1.002883099,0.017258043,13,Modelled,,,
South Korea,18.5387939,1.011582367,0.014248708,13,Modelled,,,
South Korea,17.78258415,1.014498859,0.019595992,13,Modelled,,,
South Korea,19.05970699,1.011582367,0.013673242,13,Modelled,,,
South Korea,10.36070902,1.008674259,0.002161331,13,Modelled,,,
South Korea,16.55888646,1.011582367,0.003777596,13,Modelled,,,
South Korea,10.12716254,1.266267999,0.004325051,13,Modelled,,,
South Korea,15.91241833,1.148193288,0.018311095,13,Modelled,,,
South Korea,19.06450693,1.011582367,0.01996607,13,Modelled,,,
South Korea,17.43110645,1.01742376,0.001171611,13,Modelled,,,
South Korea,17.65690463,1.005774511,0.022124912,13,Modelled,,,
South Korea,19.18155253,1.014498859,0.018861332,14,Modelled,,,
South Korea,12.55582502,4.086983183,0.008932215,14,Modelled,,,
South Korea,11.13340645,1.005774511,0.002637544,14,Modelled,,,
South Korea,13.05443147,1.005774511,0.005617469,14,Modelled,,,
South Korea,19.38064612,1.008674259,0.009761373,14,Modelled,,,
South Korea,17.34142968,1.01742376,0.015432222,14,Modelled,,,
South Korea,12.29285356,1.002883099,0.00493604,15,Modelled,,,
South Korea,17.51617179,1.01742376,0.001630388,15,Modelled,,,
South Korea,19.03895166,1.118825073,0.033632872,16,Modelled,,,
Middle East,13.49171883,4.206355521,0.090772604,2,Modelled,,,
Middle East,16.64696392,3.109017423,0.121655592,2,Modelled,,,
Middle East,17.36801654,22.86071305,0.329565185,2,Modelled,,,
Middle East,11.07870783,1.148193288,0.028459039,2,Modelled,,,
Middle East,15.06454046,3.25557839,0.103750723,2,Modelled,,,
Middle East,17.9080867,6.222264768,0.229897925,2,Modelled,,,
Middle East,12.11579915,3.770457923,0.066461743,2,Modelled,,,
Middle East,19.91843868,21.51955113,0.545068156,2,Modelled,,,
Middle East,15.22075817,3.428733917,0.109474528,2,Modelled,,,
Middle East,13.41023414,1.608057505,0.050100227,2,Modelled,,,
Middle East,18.28333205,22.79499283,0.399738857,2,Modelled,,,
Middle East,18.68317708,7.395494898,0.281416059,2,Modelled,,,
Middle East,16.64376802,12.70650192,0.247153919,2,Modelled,,,
Middle East,17.70004118,9.098917922,0.26868303,2,Modelled,,,
Middle East,17.09996768,20.84873791,0.304322624,2,Modelled,,,
Middle East,9.987210293,8.540491617,0.046822633,3,Modelled,,,
Middle East,17.76361025,5.942148292,0.218468588,3,Modelled,,,
Middle East,7.568421301,7.247947748,0.022624191,3,Modelled,,,
Middle East,19.34687111,9.527846433,0.356884118,3,Modelled,,,
Middle East,12.3967045,3.792230473,0.070145798,3,Modelled,,,
Middle East,16.29901422,46.28245143,0.276001766,3,Modelled,,,
Middle East,17.16901685,8.274265122,0.234839778,3,Modelled,,,
Middle East,19.14499215,7.833818286,0.310591928,3,Modelled,,,
Middle East,17.47452005,9.834407211,0.268148315,3,Modelled,,,
Middle East,19.42136408,15.05894158,0.446123565,3,Modelled,,,
Middle East,13.25284717,1.345185556,0.041843725,3,Modelled,,,
Middle East,19.19676183,3.792230473,0.178188888,3,Modelled,,,
Middle East,13.29290384,9.204304925,0.109523564,3,Modelled,,,
Middle East,17.19474503,9.072760254,0.246791437,3,Modelled,,,
Middle East,19.978345,5.220107177,0.252562875,3,Modelled,,,
Middle East,14.29503414,2.615799191,0.08100704,3,Modelled,,,
Middle East,18.92136772,30.13837136,0.482347822,3,Modelled,,,
Middle East,16.42666531,2.615799191,0.102633089,3,Modelled,,,
Middle East,19.44970542,16.464712,0.461545347,3,Modelled,,,
Middle East,15.75127084,2.077683519,0.078530846,3,Modelled,,,
Middle East,14.19387575,9.94831292,0.137627769,3,Modelled,,,
Middle East,8.66872607,1.002883099,0.007300433,3,Modelled,,,
Middle East,15.92944494,3.448533178,0.121486018,3,Modelled,,,
Middle East,18.64953011,6.440984263,0.258573123,3,Modelled,,,
Middle East,13.45706192,4.481391161,0.09341634,3,Modelled,,,
Middle East,17.13743092,9.364678523,0.246570683,3,Modelled,,,
Middle East,9.391811085,10.03460716,0.040087886,3,Modelled,,,
Middle East,18.46194916,3.488475353,0.156610029,3,Modelled,,,
Middle East,15.64757924,70.87002985,0.241503677,3,Modelled,,,
Middle East,19.0476107,27.72430801,0.494471541,3,Modelled,,,
Middle East,19.30296488,6.330680015,0.275409835,3,Modelled,,,
Middle East,16.50813791,5.101253658,0.167507178,3,Modelled,,,
Middle East,16.23688435,2.427148084,0.094422168,3,Modelled,,,
Middle East,16.51416122,3.54925771,0.132547458,3,Modelled,,,
Middle East,14.757331,33.23765745,0.186026045,3,Modelled,,,
Middle East,19.03768479,4.494311456,0.205599935,3,Modelled,,,
Middle East,19.7258847,10.87699997,0.406371943,3,Modelled,,,
Middle East,18.9861058,15.23335977,0.411102663,3,Modelled,,,
Middle East,19.56173629,4.341696034,0.207474627,3,Modelled,,,
Middle East,14.32107626,3.508619592,0.097293026,3,Modelled,,,
Middle East,15.97827436,7.924552441,0.185836168,3,Modelled,,,
Middle East,15.60650447,10.06353793,0.186290977,3,Modelled,,,
Middle East,19.59558797,4.970775007,0.23509096,3,Modelled,,,
Middle East,16.28654924,2.901453762,0.110911806,3,Modelled,,,
Middle East,19.07317444,3.652924197,0.170404342,3,Modelled,,,
Middle East,16.97571696,6.312480507,0.201424783,3,Modelled,,,
Middle East,19.161203,112.6582344,0.5928405,3,Modelled,,,
Middle East,18.01881244,5.265387736,0.209334159,3,Modelled,,,
Middle East,19.05026099,5.993692023,0.258393998,3,Modelled,,,
Middle East,17.80152879,32.10899087,0.38713657,3,Modelled,,,
Middle East,19.34677096,8.739475543,0.340415726,3,Modelled,,,
Middle East,13.50078277,57.93496317,0.136427092,3,Modelled,,,
Middle East,16.44882869,2.715554133,0.106285784,3,Modelled,,,
Middle East,14.97308347,1.851684076,0.06605572,4,Modelled,,,
Middle East,13.98490662,1.622006212,0.053460807,4,Modelled,,,
Middle East,11.04708701,5.891047821,0.058243267,4,Modelled,,,
Middle East,19.81642952,26.47620371,0.565248383,4,Modelled,,,
Middle East,16.53919641,2.969054397,0.115607103,4,Modelled,,,
Middle East,15.09360805,5.160338248,0.133142099,4,Modelled,,,
Middle East,19.51714761,8.418433931,0.341897621,4,Modelled,,,
Middle East,17.87686172,3.959582648,0.167080158,4,Modelled,,,
Middle East,18.90959458,8.29812065,0.310507376,4,Modelled,,,
Middle East,19.37694127,15.63322261,0.446362057,4,Modelled,,,
Middle East,15.30497627,4.719744398,0.133007115,4,Modelled,,,
Middle East,16.42073728,5.403599724,0.171339755,4,Modelled,,,
Middle East,15.82751247,2.505242164,0.09364839,4,Modelled,,,
Middle East,13.85351363,4.230645167,0.097536781,4,Modelled,,,
Middle East,13.31062462,21.33449025,0.123714611,4,Modelled,,,
Middle East,19.54009651,17.14188253,0.471406121,4,Modelled,,,
Middle East,18.93716316,5.642062068,0.243472078,4,Modelled,,,
Middle East,14.37801327,1.470760256,0.050326218,4,Modelled,,,
Middle East,19.8625863,42.82110938,0.639716489,4,Modelled,,,
Middle East,19.15823172,6.294333319,0.270502162,4,Modelled,,,
Middle East,16.02275102,2.762869296,0.103406509,4,Modelled,,,
Middle East,14.0534761,3.145027202,0.087773323,4,Modelled,,,
Middle East,8.707577008,1.002883099,0.004036724,4,Modelled,,,
Middle East,12.68446602,2.505242164,0.061551654,4,Modelled,,,
Middle East,19.25352584,11.45551857,0.387239475,4,Modelled,,,
Middle East,9.743130603,1.125285741,0.022962013,4,Modelled,,,
Middle East,17.51309279,4.507269002,0.177587137,4,Modelled,,,
Middle East,16.40454676,85.20844125,0.294426894,4,Modelled,,,
Middle East,18.18400126,14.01317786,0.345638112,4,Modelled,,,
Middle East,17.18025844,60.84095873,0.349600923,4,Modelled,,,
Middle East,9.455912761,5.388065396,0.037942776,4,Modelled,,,
Middle East,15.63444786,5.34172985,0.148609582,4,Modelled,,,
Middle East,18.56293125,115.2830456,0.514532064,4,Modelled,,,
Middle East,19.66193321,14.71607349,0.460851333,4,Modelled,,,
Middle East,17.27496721,3.379731664,0.13831488,4,Modelled,,,
Middle East,19.15494673,14.84372452,0.423452226,4,Modelled,,,
Middle East,19.43451573,5.545439659,0.253328361,4,Modelled,,,
Middle East,14.14925121,5.130710903,0.112047075,4,Modelled,,,
Middle East,7.560105578,1.002883099,0.004920178,4,Modelled,,,
Middle East,18.42640947,16.79988569,0.383349642,4,Modelled,,,
Middle East,6.159307452,1.002883099,0.00848169,4,Modelled,,,
Middle East,8.46374725,1.622006212,0.021495335,4,Modelled,,,
Middle East,15.99359226,7.655454731,0.185018409,4,Modelled,,,
Middle East,18.87510395,69.65635426,0.533960032,4,Modelled,,,
Middle East,15.54091501,6.404004271,0.158467973,4,Modelled,,,
Middle East,16.00563737,6.941612478,0.177929686,4,Modelled,,,
Middle East,18.26367831,4.733351889,0.198923277,4,Modelled,,,
Middle East,18.98952857,121.065599,0.568500831,4,Modelled,,,
Middle East,10.52225364,1.916772821,0.036006911,4,Modelled,,,
Middle East,18.92646523,5.658328693,0.243792511,4,Modelled,,,
Middle East,13.34302234,2.66904926,0.071111222,4,Modelled,,,
Middle East,11.61287813,3.869429263,0.060127413,4,Modelled,,,
Middle East,13.40968891,2.827241068,0.074512904,4,Modelled,,,
Middle East,19.13551101,11.25933856,0.373601616,4,Modelled,,,
Middle East,16.76697639,41.84614098,0.310880668,4,Modelled,,,
Middle East,19.69406109,7.022012778,0.31130811,4,Modelled,,,
Middle East,18.26484709,4.051836506,0.176111577,4,Modelled,,,
Middle East,19.50103804,4.559473844,0.215656223,4,Modelled,,,
Middle East,13.7803724,1.972757797,0.061626193,4,Modelled,,,
Middle East,18.57878767,14.0940971,0.373647417,4,Modelled,,,
Middle East,15.97147275,43.94512738,0.255137873,4,Modelled,,,
Middle East,18.45885786,9.230841849,0.306839441,4,Modelled,,,
Middle East,15.96503384,9.665989334,0.199877013,4,Modelled,,,
Middle East,14.51928014,10.15083166,0.148081588,4,Modelled,,,
Middle East,15.69386195,13.49840861,0.205474687,4,Modelled,,,
Middle East,16.60089589,20.9088469,0.271121465,4,Modelled,,,
Middle East,16.26941472,95.33334053,0.28576798,4,Modelled,,,
Middle East,9.288507781,1.002883099,0.008729527,4,Modelled,,,
Middle East,19.38399355,11.0665182,0.386221944,4,Modelled,,,
Middle East,17.622373,14.38101196,0.313193614,4,Modelled,,,
Middle East,19.47104372,15.58828005,0.453531897,4,Modelled,,,
Middle East,16.29875365,6.080593718,0.176617655,4,Modelled,,,
Middle East,13.71796049,2.007130655,0.062188717,4,Modelled,,,
Middle East,17.39604285,6.115706172,0.210090066,4,Modelled,,,
Middle East,19.53600438,16.75158919,0.469546504,4,Modelled,,,
Middle East,19.67893829,35.71808957,0.593224249,4,Modelled,,,
Middle East,16.57094685,8.565114702,0.214396097,4,Modelled,,,
Middle East,18.30231987,19.28951598,0.383337276,4,Modelled,,,
Middle East,19.6340869,15.18956674,0.458710158,4,Modelled,,,
Middle East,19.30422079,8.394232525,0.330087309,4,Modelled,,,
Middle East,18.34407474,8.203109232,0.283246493,4,Modelled,,,
Middle East,14.89506429,9.473143662,0.15847902,4,Modelled,,,
Middle East,12.79579435,5.086588519,0.084431696,4,Modelled,,,
Middle East,15.90760335,14.84372452,0.219909903,4,Modelled,,,
Middle East,13.86388517,5.403599724,0.107497657,4,Modelled,,,
Middle East,19.60945648,51.33665966,0.620236412,4,Modelled,,,
Middle East,19.17215781,7.268844301,0.297931258,4,Modelled,,,
Middle East,17.97949278,15.4542261,0.34121404,4,Modelled,,,
Middle East,19.57449799,6.294333319,0.282096677,4,Modelled,,,
Middle East,19.96051644,12.74313603,0.450155101,4,Modelled,,,
Middle East,17.22898099,165.2169169,0.369275333,4,Modelled,,,
Middle East,14.01386852,1.492084601,0.04945831,4,Modelled,,,
Middle East,17.4114556,4.468508009,0.173715688,4,Modelled,,,
Middle East,19.44028936,16.5121814,0.462673784,4,Modelled,,,
Middle East,19.02356418,24.56674324,0.479313327,4,Modelled,,,
Middle East,19.05145373,4.857598384,0.220261759,4,Modelled,,,
Middle East,19.59465999,21.51955113,0.514018556,4,Modelled,,,
Middle East,19.94519584,25.65088039,0.583626225,4,Modelled,,,
Middle East,16.45492386,8.22675961,0.208897675,4,Modelled,,,
Middle East,15.14418928,3.117981028,0.102185903,4,Modelled,,,
Middle East,18.467979,35.30912633,0.447768881,4,Modelled,,,
Middle East,9.443939837,3.246219218,0.034323943,4,Modelled,,,
Middle East,11.92416705,1.178332393,0.032276415,4,Modelled,,,
Middle East,13.93457244,5.561427712,0.110648002,4,Modelled,,,
Middle East,17.11116559,33.42958866,0.330314393,4,Modelled,,,
Middle East,11.83589268,4.086983183,0.064148726,4,Modelled,,,
Middle East,14.46656549,1.48779514,0.051240943,4,Modelled,,,
Middle East,18.40249165,7.524352225,0.273573026,4,Modelled,,,
Middle East,19.42598284,10.06353793,0.37275522,4,Modelled,,,
Middle East,19.18262527,15.32132497,0.429026104,4,Modelled,,,
Middle East,16.87420213,47.49732675,0.318192162,4,Modelled,,,
Middle East,14.7289625,18.26271709,0.174492284,4,Modelled,,,
Middle East,15.05902629,3.869429263,0.115021781,4,Modelled,,,
Middle East,15.19743965,10.35747309,0.171933787,4,Modelled,,,
Middle East,19.46320763,13.00254924,0.419997937,4,Modelled,,,
Middle East,19.8718132,13.89266925,0.466586595,4,Modelled,,,
Middle East,15.82031047,4.379357028,0.138560378,4,Modelled,,,
Middle East,17.78578239,92.89492705,0.415341605,4,Modelled,,,
Middle East,19.93539275,14.38101196,0.475857983,4,Modelled,,,
Middle East,18.53431712,22.86071305,0.424292176,5,Modelled,,,
Middle East,16.80734994,3.792230473,0.143789244,5,Modelled,,,
Middle East,3.997192414,1.002883099,0.004467642,5,Modelled,,,
Middle East,14.48899798,1.841052896,0.062861597,5,Modelled,,,
Middle East,19.22646463,6.063113161,0.265567357,5,Modelled,,,
Middle East,19.25117059,12.74313603,0.403753205,5,Modelled,,,
Middle East,12.28671193,41.60588733,0.098374564,5,Modelled,,,
Middle East,19.11259948,42.82110938,0.534235096,5,Modelled,,,
Middle East,18.79442306,3.46844677,0.159418572,5,Modelled,,,
Middle East,8.463002461,3.046989571,0.026061397,5,Modelled,,,
Middle East,17.19259107,35.20761927,0.337895492,5,Modelled,,,
Middle East,16.99212215,16.60753117,0.28590909,5,Modelled,,,
Middle East,9.62170469,1.002883099,0.014061287,5,Modelled,,,
Middle East,5.230346708,1.002883099,0.002489723,5,Modelled,,,
Middle East,18.93545686,9.862760783,0.341367355,5,Modelled,,,
Middle East,18.01633665,25.28428708,0.385218232,5,Modelled,,,
Middle East,19.02336443,129.7263674,0.574454985,5,Modelled,,,
Middle East,19.89474058,6.705892918,0.307029291,5,Modelled,,,
Middle East,19.92472788,6.686614743,0.30685547,5,Modelled,,,
Middle East,16.84677306,16.08983676,0.273041007,5,Modelled,,,
Middle East,17.76314367,3.936849269,0.164129259,5,Modelled,,,
Middle East,18.48422666,5.265387736,0.220658045,5,Modelled,,,
Middle East,18.33492983,4.719744398,0.200794874,5,Modelled,,,
Middle East,15.20915163,2.692201283,0.092472794,5,Modelled,,,
Middle East,8.276949518,3.109017423,0.024935351,5,Modelled,,,
Middle East,18.85462606,4.354213575,0.196970375,5,Modelled,,,
Middle East,19.22100999,29.87919153,0.51784914,5,Modelled,,,
Middle East,18.87105418,8.467046268,0.312793912,5,Modelled,,,
Middle East,12.67046381,11.03470406,0.098130528,5,Modelled,,,
Middle East,18.17972164,11.92666799,0.326865614,5,Modelled,,,
Middle East,18.93173377,3.600717897,0.166516581,5,Modelled,,,
Middle East,15.20260141,3.312302806,0.107129468,5,Modelled,,,
Middle East,16.06312833,7.206334691,0.182188513,5,Modelled,,,
Middle East,18.3047279,11.0665182,0.324454541,5,Modelled,,,
Middle East,16.17230177,4.304358912,0.145107419,5,Modelled,,,
Middle East,19.67396542,10.03460716,0.384865686,5,Modelled,,,
Middle East,14.60392425,14.13473178,0.160990383,5,Modelled,,,
Middle East,11.97253011,1.50070066,0.039655102,5,Modelled,,,
Middle East,19.40765812,93.16275234,0.624905936,5,Modelled,,,
Middle East,18.08063053,10.20944774,0.303377606,5,Modelled,,,
Middle East,15.4963553,1.883947374,0.070077155,5,Modelled,,,
Middle East,16.06689021,6.610054667,0.176762822,5,Modelled,,,
Middle East,19.79640622,8.442705111,0.35395659,5,Modelled,,,
Middle East,18.39549676,3.528880153,0.157657396,5,Modelled,,,
Middle East,19.70290708,5.311061071,0.250161855,5,Modelled,,,
Middle East,14.33738286,7.833818286,0.134781612,5,Modelled,,,
Middle East,17.90004481,4.692646659,0.189745781,5,Modelled,,,
Middle East,19.76245773,24.4961185,0.546904597,5,Modelled,,,
Middle East,18.86164056,4.329214479,0.195833035,5,Modelled,,,
Middle East,19.54627779,14.75850139,0.45355324,5,Modelled,,,
Middle East,18.21868804,4.455661893,0.18952638,5,Modelled,,,
Middle East,12.57654195,2.181899329,0.05568424,5,Modelled,,,
Middle East,12.41649141,12.03012299,0.091800972,5,Modelled,,,
Middle East,16.50762251,8.179526844,0.207624271,5,Modelled,,,
Middle East,13.35359906,1.212749049,0.038139997,5,Modelled,,,
Middle East,12.42144103,15.76882923,0.095695162,5,Modelled,,,
Middle East,13.04179593,4.57261926,0.086046103,5,Modelled,,,
Middle East,19.93791652,30.57534336,0.607748926,5,Modelled,,,
Middle East,16.53549244,11.35700497,0.23335278,5,Modelled,,,
Middle East,7.073154069,1.738040991,0.015416067,5,Modelled,,,
Middle East,15.88795601,15.32132497,0.218650167,5,Modelled,,,
Middle East,18.55315092,14.97248282,0.375710917,5,Modelled,,,
Middle East,12.86747957,1.911262462,0.053617446,5,Modelled,,,
Middle East,19.59768835,108.2077993,0.655119613,5,Modelled,,,
Middle East,12.68847229,5.130710903,0.083043884,5,Modelled,,,
Middle East,19.78109044,6.422467651,0.293100141,5,Modelled,,,
Middle East,19.33418294,4.366767205,0.204817456,5,Modelled,,,
Middle East,16.31877567,9.257455283,0.210575086,5,Modelled,,,
Middle East,15.7381421,4.005443985,0.129968835,5,Modelled,,,
Middle East,19.35501258,4.665704498,0.217635209,5,Modelled,,,
Middle East,16.45009391,2.344728289,0.093078093,5,Modelled,,,
Middle East,18.53890104,21.3959997,0.414024203,5,Modelled,,,
Middle East,12.83476656,2.893112631,0.067930415,5,Modelled,,,
Middle East,19.8177304,20.96912918,0.53118495,5,Modelled,,,
Middle East,8.625239859,1.522459107,0.021743603,5,Modelled,,,
Middle East,14.25984942,3.891773324,0.101397153,5,Modelled,,,
Middle East,15.16639279,30.48744503,0.203295813,5,Modelled,,,
Middle East,17.03854094,7.677526167,0.223854028,5,Modelled,,,
Middle East,17.4690356,18.74209801,0.3242375,5,Modelled,,,
Middle East,18.32345481,14.46405527,0.356654782,5,Modelled,,,
Middle East,9.615465951,1.002883099,0.019558103,5,Modelled,,,
Middle East,19.68333951,4.999478801,0.237034578,5,Modelled,,,
Middle East,7.174475746,2.05389456,0.016548973,5,Modelled,,,
Middle East,16.81231342,3.055774344,0.121782353,5,Modelled,,,
Middle East,19.63796905,144.7238593,0.679097301,5,Modelled,,,
Middle East,18.25753895,4.391983149,0.187790482,5,Modelled,,,
Middle East,18.61885468,52.38172485,0.491078195,5,Modelled,,,
Middle East,19.84924207,18.1578643,0.508723811,5,Modelled,,,
Middle East,12.24989762,3.51873529,0.066448097,5,Modelled,,,
Middle East,19.585713,53.44806452,0.61454319,5,Modelled,,,
Middle East,16.28148032,4.158193797,0.1431847,5,Modelled,,,
Middle East,15.97117337,10.6907273,0.20662044,5,Modelled,,,
Middle East,18.54062579,6.572103982,0.257266908,5,Modelled,,,
Middle East,13.61582156,5.993692023,0.105618512,5,Modelled,,,
Middle East,16.60833718,2.441163677,0.097982109,5,Modelled,,,
Middle East,17.49953206,6.186540523,0.215569398,5,Modelled,,,
Middle East,10.97108056,3.498532974,0.050383159,5,Modelled,,,
Middle East,18.45320607,10.26840231,0.321238066,5,Modelled,,,
Middle East,18.49784233,6.686614743,0.258365331,5,Modelled,,,
Middle East,15.40821246,4.520263906,0.132265642,5,Modelled,,,
Middle East,16.31046531,2.232735149,0.087841138,5,Modelled,,,
Middle East,16.7770068,22.34021106,0.286806455,5,Modelled,,,
Middle East,17.54264731,18.00171279,0.323795723,5,Modelled,,,
Middle East,16.43591671,118.6502253,0.29950595,5,Modelled,,,
Middle East,18.84309234,10.38733471,0.342638144,5,Modelled,,,
Middle East,18.32794884,25.28428708,0.414979759,5,Modelled,,,
Middle East,19.5082488,17.44055857,0.479462752,5,Modelled,,,
Middle East,15.05797545,19.01383704,0.187363335,5,Modelled,,,
Middle East,18.93933942,4.291984694,0.196029529,5,Modelled,,,
Middle East,13.32540198,12.16946029,0.116953924,5,Modelled,,,
Middle East,14.5743621,5.190136677,0.121518021,5,Modelled,,,
Middle East,17.43655846,12.48889836,0.287799869,5,Modelled,,,
Middle East,14.44522053,12.74313603,0.151829764,5,Modelled,,,
Middle East,15.01479763,3.145027202,0.100862776,5,Modelled,,,
Middle East,16.97688131,4.341696034,0.161416033,5,Modelled,,,
Middle East,16.51308143,3.163188196,0.121606678,5,Modelled,,,
Middle East,19.80963058,13.69412014,0.459695369,5,Modelled,,,
Middle East,11.3242527,2.065754796,0.043648833,5,Modelled,,,
Middle East,19.09385589,39.05241645,0.524772538,5,Modelled,,,
Middle East,19.10953816,7.524352225,0.300946058,5,Modelled,,,
Middle East,18.97575472,5.265387736,0.232339913,5,Modelled,,,
Middle East,19.85149573,15.49878217,0.48637237,5,Modelled,,,
Middle East,18.7936507,19.85292291,0.432846419,5,Modelled,,,
Middle East,19.43244179,11.96105376,0.405573615,5,Modelled,,,
Middle East,19.77952034,38.71657884,0.610129145,5,Modelled,,,
Middle East,19.17576366,12.92789696,0.402320643,5,Modelled,,,
Middle East,7.699668457,3.209050815,0.021177305,5,Modelled,,,
Middle East,19.04446658,5.642062068,0.246773714,5,Modelled,,,
Middle East,12.2265088,62.43798258,0.097781225,5,Modelled,,,
Middle East,19.5079728,33.71956555,0.564098315,5,Modelled,,,
Middle East,16.95628341,18.31537031,0.286319839,5,Modelled,,,
Middle East,18.77485579,12.74313603,0.369482979,5,Modelled,,,
Middle East,18.37652917,11.99553867,0.340615269,5,Modelled,,,
Middle East,16.76781581,2.918208238,0.116629146,5,Modelled,,,
Middle East,14.94404976,2.007130655,0.071055871,5,Modelled,,,
Middle East,11.95013604,14.97248282,0.083482692,5,Modelled,,,
Middle East,11.22871768,11.45551857,0.067212665,5,Modelled,,,
Middle East,19.37373419,40.6585876,0.564727444,5,Modelled,,,
Middle East,15.25780348,2.600780953,0.090621461,5,Modelled,,,
Middle East,15.30367585,2.018720852,0.073621493,5,Modelled,,,
Middle East,19.92164766,5.434802868,0.259813677,5,Modelled,,,
Middle East,10.45483929,7.185617841,0.051670284,5,Modelled,,,
Middle East,19.48049046,30.84056179,0.554311806,5,Modelled,,,
Middle East,18.63770526,30.84056179,0.456302772,5,Modelled,,,
Middle East,17.53423082,7.310818321,0.237100335,5,Modelled,,,
Middle East,13.37476372,4.291984694,0.090479022,5,Modelled,,,
Middle East,16.53075222,9.721805694,0.224803702,5,Modelled,,,
Middle East,18.55573071,7.856403961,0.287288519,5,Modelled,,,
Middle East,19.86462331,10.20944774,0.39902108,6,Modelled,,,
Middle East,19.26661257,6.151021383,0.269430188,6,Modelled,,,
Middle East,19.607678,96.16028658,0.649048297,6,Modelled,,,
Middle East,9.932894265,1.122050757,0.023578841,6,Modelled,,,
Middle East,19.77069425,10.78346144,0.403221816,6,Modelled,,,
Middle East,16.44468332,43.06838034,0.289178024,6,Modelled,,,
Middle East,17.75450482,14.42247384,0.31940742,6,Modelled,,,
Middle East,19.28158205,14.21635295,0.420418795,6,Modelled,,,
Middle East,19.43219259,44.83972245,0.576255501,6,Modelled,,,
Middle East,16.77624718,6.725226672,0.200455874,6,Modelled,,,
Middle East,18.55729346,4.404645672,0.193411764,6,Modelled,,,
Middle East,18.42594875,25.94797829,0.424081914,6,Modelled,,,
Middle East,19.10113454,17.09260286,0.435731929,6,Modelled,,,
Middle East,15.09948914,2.901453762,0.096826735,6,Modelled,,,
Middle East,18.29813379,16.55978766,0.371229328,6,Modelled,,,
Middle East,18.46939986,34.90484561,0.453091926,6,Modelled,,,
Middle East,19.34890914,20.49169553,0.480611652,6,Modelled,,,
Middle East,18.72425968,3.611099124,0.164702763,6,Modelled,,,
Middle East,19.30048734,4.857598384,0.224144858,6,Modelled,,,
Middle East,17.52211124,8.370100694,0.25373488,6,Modelled,,,
Middle East,18.30804971,4.80198009,0.202488254,6,Modelled,,,
Middle East,17.28908302,2.802927748,0.117407428,6,Modelled,,,
Middle East,19.0726128,15.49878217,0.418227794,6,Modelled,,,
Middle East,17.39193862,3.003443073,0.126154915,6,Modelled,,,
Middle East,14.08235569,2.638489309,0.079112892,6,Modelled,,,
Middle East,16.4313848,16.65541233,0.250623428,6,Modelled,,,
Middle East,15.09803134,1.659797147,0.059983586,6,Modelled,,,
Middle East,14.51672982,5.280568372,0.122087728,6,Modelled,,,
Middle East,19.88750635,12.06480703,0.439321315,6,Modelled,,,
Middle East,17.58535901,2.994808743,0.127621863,6,Modelled,,,
Middle East,18.47458018,18.42113262,0.39609452,6,Modelled,,,
Middle East,19.08739692,9.204304925,0.337423811,6,Modelled,,,
Middle East,12.93757574,1.513718125,0.045153074,6,Modelled,,,
Middle East,19.76004062,8.614574049,0.357014851,6,Modelled,,,
Middle East,19.30966081,5.497750747,0.248591767,6,Modelled,,,
Middle East,18.88980992,8.689299091,0.316981183,6,Modelled,,,
Middle East,18.8108838,7.567801678,0.293034504,6,Modelled,,,
Middle East,14.53447311,1.679021526,0.058027345,6,Modelled,,,
Middle East,18.37788187,5.235157264,0.216920678,6,Modelled,,,
Middle East,15.46096083,1.851684076,0.068781241,6,Modelled,,,
Middle East,19.42806979,7.924552441,0.324784341,6,Modelled,,,
Middle East,19.53202074,4.455661893,0.211586327,6,Modelled,,,
Middle East,17.74277458,22.14809278,0.356521024,6,Modelled,,,
Middle East,12.57835469,1.522459107,0.043429105,6,Modelled,,,
Middle East,17.83969338,10.6907273,0.292289777,6,Modelled,,,
Middle East,16.65164496,4.913860869,0.167430613,6,Modelled,,,
Middle East,13.35649996,13.00254924,0.118461075,6,Modelled,,,
Middle East,19.70411019,7.524352225,0.324481678,6,Modelled,,,
Middle East,15.29037989,13.22910254,0.186930709,6,Modelled,,,
Middle East,19.69254423,5.993692023,0.275771114,6,Modelled,,,
Middle East,13.40692176,2.469438129,0.068639663,6,Modelled,,,
Middle East,18.98314215,13.42090943,0.396378365,6,Modelled,,,
Middle East,14.73882065,11.00298137,0.159146833,6,Modelled,,,
Middle East,12.67416794,3.399247961,0.071274207,6,Modelled,,,
Middle East,15.01333083,51.33665966,0.202620733,6,Modelled,,,
Middle East,19.08140854,7.268844301,0.293500683,6,Modelled,,,
Middle East,16.62840711,8.515939318,0.216407196,6,Modelled,,,
Middle East,19.03256763,4.404645672,0.201869905,6,Modelled,,,
Middle East,19.38522942,7.481152231,0.31197399,6,Modelled,,,
Middle East,17.29359675,17.29057565,0.306931234,6,Modelled,,,
Middle East,16.9223294,20.78880174,0.293785816,6,Modelled,,,
Middle East,18.9000854,11.22697009,0.359579442,6,Modelled,,,
Middle East,9.454356529,3.959582648,0.035730544,6,Modelled,,,
Middle East,10.77139034,29.70764442,0.063296327,6,Modelled,,,
Middle East,19.30654364,11.65511677,0.394048657,6,Modelled,,,
Middle East,11.95053915,5.92506574,0.072985995,6,Modelled,,,
Middle East,13.4344795,6.204376933,0.103619997,6,Modelled,,,
Middle East,9.594280611,1.237437095,0.023767798,6,Modelled,,,
Middle East,19.94811656,74.63941761,0.694410918,6,Modelled,,,
Middle East,18.82170366,24.99478828,0.45936374,6,Modelled,,,
Middle East,9.868082262,8.764672318,0.045198608,6,Modelled,,,
Middle East,19.18630523,11.45551857,0.380371003,6,Modelled,,,
Middle East,16.6006995,88.712945,0.311367034,6,Modelled,,,
Middle East,11.4965655,1.938973586,0.043565761,6,Modelled,,,
Middle East,17.10134536,8.943095573,0.239004223,6,Modelled,,,
Middle East,10.7267331,1.322148754,0.03013076,6,Modelled,,,
Middle East,19.15898654,31.55911247,0.510754622,6,Modelled,,,
Middle East,19.64309422,64.2616671,0.629425568,6,Modelled,,,
Middle East,16.12348743,115.2830456,0.2805326,6,Modelled,,,
Middle East,14.13308846,1.857022665,0.061160719,6,Modelled,,,
Middle East,14.92174265,4.788175306,0.126118533,6,Modelled,,,
Middle East,19.48793211,42.08778197,0.580795488,6,Modelled,,,
Middle East,16.82248607,2.483697926,0.101004405,6,Modelled,,,
Middle East,14.6918644,5.388065396,0.126344667,6,Modelled,,,
Middle East,19.93287163,17.14188253,0.508705469,6,Modelled,,,
Middle East,15.29460575,9.582865085,0.172526009,6,Modelled,,,
Middle East,11.65224991,14.54757811,0.076873271,6,Modelled,,,
Middle East,13.02627784,3.814128748,0.079785407,6,Modelled,,,
Middle East,15.13989333,6.842405407,0.150772514,6,Modelled,,,
Middle East,17.78854391,5.993692023,0.22081226,6,Modelled,,,
Middle East,17.44885622,5.976461292,0.210245507,6,Modelled,,,
Middle East,11.64221671,4.885648638,0.064873607,6,Modelled,,,
Middle East,17.06091334,29.11494869,0.315730122,6,Modelled,,,
Middle East,12.1164178,1.513718125,0.040625697,6,Modelled,,,
Middle East,17.08842179,5.280568372,0.18505598,6,Modelled,,,
Middle East,15.56948184,17.74443868,0.208673693,6,Modelled,,,
Middle East,19.92968957,18.58092228,0.520985373,6,Modelled,,,
Middle East,18.91018978,37.40186198,0.508135132,6,Modelled,,,
Middle East,17.20655922,3.803163849,0.151240799,6,Modelled,,,
Middle East,19.40773632,19.4009035,0.483814829,6,Modelled,,,
Middle East,16.00119869,6.063113161,0.168318352,6,Modelled,,,
Middle East,17.52384075,22.92662276,0.34222149,6,Modelled,,,
Middle East,19.133917,4.612283342,0.211750693,6,Modelled,,,
Middle East,18.91873299,6.686614743,0.273690665,6,Modelled,,,
Middle East,18.97287804,10.00575956,0.346430375,6,Modelled,,,
Middle East,15.81776923,9.919713402,0.195512021,6,Modelled,,,
Middle East,18.9439964,8.062627939,0.305944724,6,Modelled,,,
Middle East,17.90651314,74.21088605,0.431019061,6,Modelled,,,
Middle East,18.28454842,21.76879846,0.398444376,6,Modelled,,,
Middle East,16.60498012,2.469438129,0.098813905,6,Modelled,,,
Middle East,16.24558695,4.706176025,0.154537289,6,Modelled,,,
Middle East,17.96936656,3.418876955,0.148230266,6,Modelled,,,
Middle East,13.16333908,18.58092228,0.117908095,6,Modelled,,,
Middle East,15.73409978,7.416816844,0.173525583,6,Modelled,,,
Middle East,16.55781616,8.739475543,0.215379921,6,Modelled,,,
Middle East,19.52224472,67.29100107,0.61518935,6,Modelled,,,
Middle East,17.13949546,60.84095873,0.351347246,6,Modelled,,,
Middle East,19.14256244,16.18274769,0.436730654,6,Modelled,,,
Middle East,18.24200821,13.45960324,0.344056297,6,Modelled,,,
Middle East,16.41240438,4.481391161,0.152638527,6,Modelled,,,
Middle East,19.9317353,33.23765745,0.615807768,6,Modelled,,,
Middle East,19.6914648,15.40979812,0.473809613,6,Modelled,,,
Middle East,14.12162869,6.312480507,0.120586068,6,Modelled,,,
Middle East,19.28579733,13.77319698,0.422458503,6,Modelled,,,
Middle East,19.16133973,16.65541233,0.440893175,6,Modelled,,,
Middle East,19.68279215,5.190136677,0.245705746,6,Modelled,,,
Middle East,19.45261832,3.770457923,0.179913146,6,Modelled,,,
Middle East,10.50742168,1.125285741,0.025905216,6,Modelled,,,
Middle East,17.36072601,162.3875158,0.382125676,6,Modelled,,,
Middle East,18.73137734,16.32312103,0.401334074,6,Modelled,,,
Middle East,19.68050227,4.507269002,0.216288995,6,Modelled,,,
Middle East,14.4151679,6.330680015,0.127760448,6,Modelled,,,
Middle East,19.57232022,51.48466835,0.607889047,6,Modelled,,,
Middle East,8.707488205,1.922299067,0.024397095,6,Modelled,,,
Middle East,17.42171846,59.11435063,0.372288797,6,Modelled,,,
Middle East,19.18209012,25.06685073,0.497629149,6,Modelled,,,
Middle East,19.72807058,17.94996127,0.502803213,6,Modelled,,,
Middle East,12.44967934,28.94778936,0.1010889,6,Modelled,,,
Middle East,19.54062257,50.16780576,0.608832768,6,Modelled,,,
Middle East,16.00912108,13.19107137,0.217473878,6,Modelled,,,
Middle East,13.80687486,2.909818941,0.080213087,6,Modelled,,,
Middle East,15.71345385,23.39334216,0.227596993,6,Modelled,,,
Middle East,15.31386997,7.811297539,0.164771301,6,Modelled,,,
Middle East,19.90789438,103.6343853,0.696795514,6,Modelled,,,
Middle East,18.44681366,14.38101196,0.367416737,6,Modelled,,,
Middle East,19.81892676,4.329214479,0.209962712,6,Modelled,,,
Middle East,18.95493117,19.12363265,0.442100063,6,Modelled,,,
Middle East,19.74138862,11.48854597,0.416995313,6,Modelled,,,
Middle East,15.00912148,8.664319,0.159420287,6,Modelled,,,
Middle East,10.16556288,1.698468569,0.031744271,6,Modelled,,,
Middle East,13.34402473,14.58952022,0.120194649,6,Modelled,,,
Middle East,19.38704777,5.740368002,0.258460309,6,Modelled,,,
Middle East,18.10943907,4.999478801,0.204065006,6,Modelled,,,
Middle East,11.7257002,11.29180035,0.076979376,6,Modelled,,,
Middle East,14.18994017,1.376526879,0.04627223,6,Modelled,,,
Middle East,19.55347958,10.09255211,0.380096483,6,Modelled,,,
Middle East,13.69015761,3.293285692,0.084855893,6,Modelled,,,
Middle East,15.90973219,31.65010053,0.245537738,6,Modelled,,,
Middle East,12.084916,2.16313573,0.051383609,6,Modelled,,,
Middle East,19.58625044,117.9690119,0.658283525,6,Modelled,,,
Middle East,18.37760548,7.268844301,0.267236757,6,Modelled,,,
Middle East,18.22660375,3.428733917,0.151441339,6,Modelled,,,
Middle East,18.37281346,5.419178838,0.222492657,6,Modelled,,,
Middle East,19.32565266,44.58228158,0.562555549,6,Modelled,,,
Middle East,14.73861918,69.0573331,0.19076647,6,Modelled,,,
Middle East,14.90969407,3.498532974,0.10632099,6,Modelled,,,
Middle East,13.40730333,8.789941739,0.112447637,6,Modelled,,,
Middle East,16.47154447,16.41737907,0.251427181,6,Modelled,,,
Middle East,16.97637491,3.379731664,0.134151456,6,Modelled,,,
Middle East,12.80561936,8.346038237,0.095832717,6,Modelled,,,
Middle East,5.794712593,1.002883099,0.001625338,6,Modelled,,,
Middle East,14.77221371,14.0940971,0.167686371,6,Modelled,,,
Middle East,8.97788377,18.26271709,0.036818995,6,Modelled,,,
Middle East,13.70467315,1.453920417,0.047009595,6,Modelled,,,
Middle East,11.08522816,1.683862312,0.037236766,6,Modelled,,,
Middle East,11.83499225,3.488475353,0.06067019,6,Modelled,,,
Middle East,17.0556825,56.61587641,0.338193441,6,Modelled,,,
Middle East,19.65589722,3.993929091,0.192332085,6,Modelled,,,
Middle East,18.64896815,71.89756441,0.508489555,6,Modelled,,,
Middle East,19.76207002,10.56832113,0.40111885,6,Modelled,,,
Middle East,19.95917769,46.28245143,0.654028856,6,Modelled,,,
Middle East,19.87109665,4.985106245,0.240866315,6,Modelled,,,
Middle East,18.06949037,4.194263045,0.177883444,6,Modelled,,,
Middle East,17.10558602,2.739109552,0.11312417,7,Modelled,,,
Middle East,18.75176521,8.132565258,0.299104189,7,Modelled,,,
Middle East,19.09665982,4.599023899,0.210646466,7,Modelled,,,
Middle East,17.64520071,5.942148292,0.215511959,7,Modelled,,,
Middle East,18.50115202,8.943095573,0.305918952,7,Modelled,,,
Middle East,15.89036623,1.94456384,0.074446339,7,Modelled,,,
Middle East,18.71140542,5.372575727,0.2295993,7,Modelled,,,
Middle East,17.01660344,11.22697009,0.254855686,7,Modelled,,,
Middle East,12.24818468,36.23596112,0.096029129,7,Modelled,,,
Middle East,14.28355548,10.78346144,0.143706244,7,Modelled,,,
Middle East,18.33995803,5.434802868,0.222638673,7,Modelled,,,
Middle East,19.89633789,18.47424257,0.517575627,7,Modelled,,,
Middle East,13.7009276,1.698468569,0.054114169,7,Modelled,,,
Middle East,19.12666099,9.391677821,0.344973308,7,Modelled,,,
Middle East,9.615988681,1.002883099,0.00388571,7,Modelled,,,
Middle East,19.59059716,7.481152231,0.321244961,7,Modelled,,,
Middle East,18.50355372,5.434802868,0.226599334,7,Modelled,,,
Middle East,18.71445491,8.664319,0.31018953,7,Modelled,,,
Middle East,17.25604585,53.14120009,0.35765959,7,Modelled,,,
Middle East,18.58768424,19.45683823,0.408662193,7,Modelled,,,
Middle East,18.64610501,21.3959997,0.430853983,7,Modelled,,,
Middle East,17.74391338,88.45791206,0.418410813,7,Modelled,,,
Middle East,9.314393765,1.87313096,0.027794558,7,Modelled,,,
Middle East,19.28932898,116.9545182,0.605807151,7,Modelled,,,
Middle East,18.1662533,3.82512526,0.165960665,7,Modelled,,,
Middle East,19.12234089,3.936849269,0.184020714,7,Modelled,,,
Middle East,5.08779089,1.002883099,0.002695352,7,Modelled,,,
Middle East,19.90241399,13.38232685,0.457907211,7,Modelled,,,
Middle East,14.29301826,3.781328527,0.100663557,7,Modelled,,,
Middle East,19.86879833,5.823596788,0.273772394,7,Modelled,,,
Middle East,19.62260095,19.45683823,0.504520672,7,Modelled,,,
Middle East,19.50774985,25.87338276,0.532190164,7,Modelled,,,
Middle East,16.49625947,8.203109232,0.208215525,7,Modelled,,,
Middle East,11.16934474,2.071710572,0.042457931,7,Modelled,,,
Middle East,16.60018563,3.029495715,0.1184968,7,Modelled,,,
Middle East,19.04432853,46.81851175,0.531408149,7,Modelled,,,
Middle East,17.21157285,19.34512957,0.304847954,7,Modelled,,,
Middle East,11.683127,2.337987638,0.049893632,7,Modelled,,,
Middle East,17.11572005,3.190626508,0.129681888,7,Modelled,,,
Middle East,15.59969587,9.862760783,0.185574319,7,Modelled,,,
Middle East,18.1240999,3.046989571,0.13474357,7,Modelled,,,
Middle East,16.29731576,27.32808201,0.264346445,7,Modelled,,,
Middle East,18.17886007,4.706176025,0.197143834,7,Modelled,,,
Middle East,19.9130473,5.057384597,0.243652107,7,Modelled,,,
Middle East,19.97332537,13.11533671,0.463846878,7,Modelled,,,
Middle East,19.60195461,17.59184249,0.483479094,7,Modelled,,,
Middle East,16.52298206,3.792230473,0.138833235,7,Modelled,,,
Middle East,16.25913692,55.6463085,0.278187031,7,Modelled,,,
Middle East,19.19442446,67.87470061,0.574916713,7,Modelled,,,
Middle East,19.95677352,25.57713896,0.58167063,7,Modelled,,,
Middle East,19.24914032,3.959582648,0.186372599,7,Modelled,,,
Middle East,12.74483273,1.889378982,0.052218097,7,Modelled,,,
Middle East,19.82177791,19.91016085,0.526393489,7,Modelled,,,
Middle East,19.36018219,39.16500845,0.557956449,7,Modelled,,,
Middle East,14.58627867,9.919713402,0.149232339,7,Modelled,,,
Middle East,12.85773806,2.150716395,0.057813918,7,Modelled,,,
Middle East,17.97522261,33.52596948,0.40006043,7,Modelled,,,
Middle East,11.67812034,1.44974067,0.037118169,7,Modelled,,,
Middle East,9.765071679,2.365067068,0.033491285,7,Modelled,,,
Middle East,8.344505234,3.055774344,0.025328662,7,Modelled,,,
Middle East,18.67782238,20.6694458,0.424413988,7,Modelled,,,
Middle East,16.24147522,80.2095457,0.284489569,7,Modelled,,,
Middle East,18.88873297,7.227111269,0.286724543,7,Modelled,,,
Middle East,19.05568317,49.45082522,0.533397527,7,Modelled,,,
Middle East,18.21463053,7.54604568,0.266167015,7,Modelled,,,
Middle East,19.94906772,25.28428708,0.574949858,7,Modelled,,,
Middle East,19.93039699,21.95762665,0.556144834,7,Modelled,,,
Middle East,18.77143331,69.0573331,0.521085558,7,Modelled,,,
Middle East,17.53574276,4.706176025,0.182850097,7,Modelled,,,
Middle East,12.10879255,2.291342563,0.053283479,7,Modelled,,,
Middle East,18.73223649,3.600717897,0.164716152,7,Modelled,,,
Middle East,16.04325515,7.374234249,0.183539742,7,Modelled,,,
Middle East,10.22210515,7.655454731,0.048911314,7,Modelled,,,
Middle East,19.85600499,65.94848166,0.669809647,7,Modelled,,,
Middle East,16.26974434,9.072760254,0.206558742,7,Modelled,,,
Middle East,19.03477063,9.230841849,0.333759986,7,Modelled,,,
Middle East,16.88820988,5.265387736,0.179252014,7,Modelled,,,
Middle East,19.01439863,20.84873791,0.452469208,7,Modelled,,,
Middle East,13.85026669,6.941612478,0.116874689,7,Modelled,,,
Middle East,19.91941406,5.756918053,0.272513414,7,Modelled,,,
Middle East,14.67166387,10.44731649,0.15412452,7,Modelled,,,
Middle East,13.91412617,1.927841246,0.061637663,7,Modelled,,,
Middle East,19.15940707,98.40071397,0.592671023,7,Modelled,,,
Middle East,18.86177071,88.712945,0.538046201,7,Modelled,,,
Middle East,19.45936666,4.291984694,0.20397719,7,Modelled,,,
Middle East,18.87074562,11.13042193,0.356218553,7,Modelled,,,
Middle East,4.778939961,1.002883099,0.003640004,7,Modelled,,,
Middle East,19.40811105,19.23406227,0.48021921,7,Modelled,,,
Middle East,16.61776359,4.242842537,0.152441902,7,Modelled,,,
Middle East,13.30357063,25.72483442,0.124430667,7,Modelled,,,
Middle East,18.4640533,11.75621627,0.339929885,7,Modelled,,,
Middle East,16.79453135,3.389475766,0.132270731,7,Modelled,,,
Middle East,18.82283478,8.085873296,0.30172712,7,Modelled,,,
Middle East,14.65305313,2.232735149,0.075131438,7,Modelled,,,
Middle East,17.76208663,21.02958526,0.352790862,7,Modelled,,,
Middle East,14.65716259,42.45286227,0.184667772,7,Modelled,,,
Middle East,14.27942346,1.679021526,0.056749691,7,Modelled,,,
Middle East,17.11044054,10.44731649,0.253805155,7,Modelled,,,
Middle East,12.09469102,1.083948758,0.030384611,7,Modelled,,,
Middle East,6.992751841,1.002883099,0.002563516,7,Modelled,,,
Middle East,17.84741817,101.5667809,0.428057433,7,Modelled,,,
Middle East,17.1843773,4.494311456,0.170170042,7,Modelled,,,
Middle East,19.45272248,18.90467181,0.480737808,7,Modelled,,,
Middle East,15.24733148,60.66605248,0.216091116,7,Modelled,,,
Middle East,19.27762583,54.37933076,0.577259428,7,Modelled,,,
Middle East,18.79872279,36.44520606,0.486589186,7,Modelled,,,
Middle East,16.89971995,2.548892902,0.104197641,7,Modelled,,,
Middle East,14.69094406,12.48889836,0.16031858,7,Modelled,,,
Middle East,18.58748557,4.679156187,0.203983822,7,Modelled,,,
Middle East,19.83859432,4.086983183,0.199245133,7,Modelled,,,
Middle East,14.53488198,5.481945754,0.123435609,7,Modelled,,,
Middle East,18.84272748,13.04003688,0.377933436,7,Modelled,,,
Middle East,11.67236175,5.250250742,0.066232701,7,Modelled,,,
Middle East,18.40928774,6.783563027,0.258925764,7,Modelled,,,
Middle East,18.63543629,8.589808778,0.302932519,7,Modelled,,,
Middle East,19.61591629,48.18598379,0.612198906,7,Modelled,,,
Middle East,19.81412799,10.90835944,0.408550622,7,Modelled,,,
Middle East,16.49863388,7.611502031,0.201819312,7,Modelled,,,
Middle East,16.46884445,5.840386796,0.179137168,7,Modelled,,,
Middle East,10.81360621,3.792230473,0.049534684,7,Modelled,,,
Middle East,18.72916321,15.81429233,0.396120908,7,Modelled,,,
Middle East,18.25456328,35.82106837,0.429127476,7,Modelled,,,
Middle East,19.34949733,45.62099901,0.574850505,7,Modelled,,,
Middle East,12.81270784,1.95017021,0.053895527,7,Modelled,,,
Middle East,19.9936919,4.098766361,0.201396637,7,Modelled,,,
Middle East,17.47901602,11.75621627,0.285652418,7,Modelled,,,
Middle East,12.31300444,2.935059463,0.062684871,7,Modelled,,,
Middle East,17.78325799,8.689299091,0.268755309,7,Modelled,,,
Middle East,11.03320241,3.925531572,0.052871747,7,Modelled,,,
Middle East,18.06366226,7.416816844,0.257202112,7,Modelled,,,
Middle East,14.48472949,3.51873529,0.100132499,7,Modelled,,,
Middle East,18.70329019,5.593542236,0.237033262,7,Modelled,,,
Middle East,18.75475864,29.11494869,0.469175391,7,Modelled,,,
Middle East,18.3678331,11.89238108,0.337653415,7,Modelled,,,
Middle East,18.51663371,3.936849269,0.175502823,7,Modelled,,,
Middle East,17.02247934,2.505242164,0.103470249,7,Modelled,,,
Middle East,18.49497982,45.35907255,0.473897991,8,Modelled,,,
Middle East,19.27338522,11.42258612,0.38600208,8,Modelled,,,
Middle East,13.57733592,41.84614098,0.137695969,8,Modelled,,,
Middle East,16.6256898,4.999478801,0.16834154,8,Modelled,,,
Middle East,18.48555053,4.341696034,0.189954324,8,Modelled,,,
Middle East,17.39850448,9.046677784,0.253887344,8,Modelled,,,
Middle East,16.86214409,29.62224056,0.305220221,8,Modelled,,,
Middle East,17.26489308,38.82820258,0.345847139,8,Modelled,,,
Middle East,18.55525009,5.481945754,0.229084407,8,Modelled,,,
Middle East,11.61360256,3.312302806,0.056829948,8,Modelled,,,
Middle East,16.89141871,41.60588733,0.319442719,8,Modelled,,,
Middle East,19.97422713,24.85128427,0.577812949,8,Modelled,,,
Middle East,16.32312336,5.908032296,0.176278206,8,Modelled,,,
Middle East,19.33095237,7.481152231,0.3086415,8,Modelled,,,
Middle East,19.34695006,31.65010053,0.533063572,8,Modelled,,,
Middle East,19.80704967,6.59105201,0.30087047,8,Modelled,,,
Middle East,16.52062486,2.578415114,0.10243165,8,Modelled,,,
Middle East,18.86480186,14.46405527,0.397395951,8,Modelled,,,
Middle East,14.72494489,5.220107177,0.125727009,8,Modelled,,,
Middle East,11.32573114,1.310778721,0.032632093,8,Modelled,,,
Middle East,18.70706884,6.705892918,0.266559668,8,Modelled,,,
Middle East,15.24313874,9.638201443,0.170906031,8,Modelled,,,
Middle East,13.73235052,7.042257938,0.113683874,8,Modelled,,,
Middle East,19.88035675,6.478177796,0.298971269,8,Modelled,,,
Middle East,19.86188643,21.09021564,0.534485011,8,Modelled,,,
Middle East,16.35962921,2.723383345,0.10576173,8,Modelled,,,
Middle East,10.01875507,1.916772821,0.03259997,8,Modelled,,,
Middle East,16.68365008,19.17876798,0.274436525,8,Modelled,,,
Middle East,13.48715966,5.145503251,0.098355455,8,Modelled,,,
Middle East,13.2835519,2.548892902,0.068871165,8,Modelled,,,
Middle East,19.60498898,18.95917585,0.501310338,8,Modelled,,,
Middle East,13.30517262,2.132220959,0.061231381,8,Modelled,,,
Middle East,9.865124569,4.956484969,0.041558499,8,Modelled,,,
Middle East,17.74405311,2.952007995,0.12733852,8,Modelled,,,
Middle East,19.02688224,7.879054754,0.307495913,8,Modelled,,,
Middle East,4.859231187,1.002883099,0.004612514,8,Modelled,,,
Middle East,18.36580912,3.528880153,0.157258383,8,Modelled,,,
Middle East,19.09434368,13.42090943,0.403750895,8,Modelled,,,
Middle East,18.84191408,25.21159953,0.46318448,8,Modelled,,,
Middle East,19.45314538,36.8673278,0.562032924,8,Modelled,,,
Middle East,15.2869548,5.295792775,0.139070396,8,Modelled,,,
Middle East,19.09258356,8.016337512,0.312983928,8,Modelled,,,
Middle East,19.57101089,8.322044956,0.342930347,8,Modelled,,,
Middle East,19.14334482,6.404004271,0.272052514,8,Modelled,,,
Middle East,11.04136091,3.925531572,0.052818626,8,Modelled,,,
Middle East,19.92484219,25.35718419,0.576904769,8,Modelled,,,
Middle East,19.72011381,76.15885921,0.666495623,8,Modelled,,,
Middle East,18.0951004,162.3875158,0.45856639,8,Modelled,,,
Middle East,12.00369133,1.688717054,0.043296343,8,Modelled,,,
Middle East,13.57093385,3.539054265,0.085442922,8,Modelled,,,
Middle East,19.81779677,9.337756843,0.37845221,8,Modelled,,,
Middle East,12.4947325,16.94561224,0.098532338,8,Modelled,,,
Middle East,12.16494905,1.08707389,0.03068942,8,Modelled,,,
Middle East,12.47289616,2.909818941,0.064321612,8,Modelled,,,
Middle East,19.8947315,14.92943976,0.476025757,8,Modelled,,,
Middle East,19.46987683,17.84690413,0.472402508,8,Modelled,,,
Middle East,19.4719942,16.75158919,0.469658267,8,Modelled,,,
Middle East,8.902157696,1.967086491,0.025663758,8,Modelled,,,
Middle East,18.45400063,4.970775007,0.21104796,8,Modelled,,,
Middle East,16.57590518,41.72584124,0.29545288,8,Modelled,,,
Middle East,15.84162913,2.827241068,0.103307271,8,Modelled,,,
Middle East,15.59648114,26.55253723,0.221403525,8,Modelled,,,
Middle East,19.00202966,20.19883547,0.447718113,8,Modelled,,,
Middle East,16.72244566,106.6613317,0.325594887,8,Modelled,,,
Middle East,19.80860135,46.54970995,0.630872215,8,Modelled,,,
Middle East,18.41914511,120.0244757,0.491570673,8,Modelled,,,
Middle East,15.58552782,4.481391161,0.134890122,8,Modelled,,,
Middle East,9.898192142,1.002883099,0.011464517,8,Modelled,,,
Middle East,17.07790105,3.109017423,0.126669782,8,Modelled,,,
Middle East,19.9479642,7.76645009,0.341295711,8,Modelled,,,
Middle East,19.54828649,14.97248282,0.451564881,8,Modelled,,,
Middle East,19.87739675,4.134320121,0.201498666,8,Modelled,,,
Middle East,18.33525198,104.2328232,0.479594847,8,Modelled,,,
Middle East,19.22848167,50.4575003,0.565530197,8,Modelled,,,
Middle East,19.80115759,6.151021383,0.284917028,8,Modelled,,,
Middle East,17.95030606,7.374234249,0.254938093,8,Modelled,,,
Middle East,16.5885054,8.156012251,0.210219878,8,Modelled,,,
Middle East,19.47801726,5.205100356,0.241009181,8,Modelled,,,
Middle East,18.08074753,3.478446646,0.151785073,8,Modelled,,,
Middle East,18.38311071,24.70860417,0.413281086,8,Modelled,,,
Middle East,18.95340326,5.993692023,0.25449676,8,Modelled,,,
Middle East,19.79420844,144.3078055,0.702399692,8,Modelled,,,
Middle East,16.93172239,9.777944366,0.241412418,8,Modelled,,,
Middle East,18.09781196,2.986199234,0.131819397,8,Modelled,,,
Middle East,18.27672533,10.59879065,0.315502908,8,Modelled,,,
Middle East,18.96310619,6.348931994,0.265372556,8,Modelled,,,
Middle East,14.52073083,3.792230473,0.103929264,8,Modelled,,,
Middle East,16.38403389,2.512465026,0.09868728,8,Modelled,,,
Middle East,15.90514409,9.020670296,0.192848263,8,Modelled,,,
Middle East,18.11797314,92.89492705,0.451299278,8,Modelled,,,
Middle East,13.76662391,26.17305776,0.140148559,8,Modelled,,,
Middle East,10.02179954,2.85998721,0.038066362,8,Modelled,,,
Middle East,13.09190858,3.18145406,0.074772837,8,Modelled,,,
Middle East,14.96792511,8.418433931,0.154882589,8,Modelled,,,
Middle East,16.45608188,9.80613515,0.219450716,8,Modelled,,,
Middle East,15.59806439,3.631951455,0.119896697,8,Modelled,,,
Middle East,18.50337344,20.6694458,0.408747429,8,Modelled,,,
Middle East,18.61423044,24.07661337,0.436038009,8,Modelled,,,
Middle East,17.90351424,32.7626366,0.392361696,8,Modelled,,,
Middle East,18.01838019,4.442852708,0.184541804,8,Modelled,,,
Middle East,19.76510142,55.80674233,0.650443939,8,Modelled,,,
Middle East,4.805272821,1.002883099,0.004492964,8,Modelled,,,
Middle East,13.86861459,15.4542261,0.137081453,8,Modelled,,,
Middle East,18.39541983,7.227111269,0.269581553,9,Modelled,,,
Middle East,19.92104841,52.38172485,0.652999825,9,Modelled,,,
Middle East,16.66335603,12.20454605,0.245961331,9,Modelled,,,
Middle East,17.6975465,6.168755389,0.221174051,9,Modelled,,,
Middle East,19.1520637,13.85273046,0.409216747,9,Modelled,,,
Middle East,19.74747466,6.204376933,0.284555947,9,Modelled,,,
Middle East,17.8220374,15.32132497,0.332887408,9,Modelled,,,
Middle East,18.78487775,9.777944366,0.331926407,9,Modelled,,,
Middle East,18.48015433,7.879054754,0.283907714,9,Modelled,,,
Middle East,13.04549426,2.811008867,0.069601687,9,Modelled,,,
Middle East,16.09139023,29.36749928,0.254452309,9,Modelled,,,
Middle East,18.98780971,33.52596948,0.498299694,9,Modelled,,,
Middle East,18.57360252,6.783563027,0.263043671,9,Modelled,,,
Middle East,9.522809166,4.354213575,0.037443841,9,Modelled,,,
Middle East,19.3745298,38.27328364,0.558149866,9,Modelled,,,
Middle East,18.51186045,3.631951455,0.163412919,9,Modelled,,,
Middle East,18.21749296,3.145027202,0.139772696,9,Modelled,,,
Middle East,18.84976468,6.115706172,0.256870637,9,Modelled,,,
Middle East,17.69087439,6.010972432,0.217902365,9,Modelled,,,
Middle East,12.46550326,5.101253658,0.078643727,9,Modelled,,,
Middle East,17.8964962,21.27315762,0.362493381,9,Modelled,,,
Middle East,19.82273665,49.0255648,0.646774925,9,Modelled,,,
Middle East,14.96780841,8.614574049,0.156019481,9,Modelled,,,
Middle East,18.12297915,5.388065396,0.214824048,9,Modelled,,,
Middle East,15.4060307,2.258595506,0.082019095,9,Modelled,,,
Middle East,17.48251648,17.59184249,0.316900235,9,Modelled,,,
Middle East,18.1174903,17.19130428,0.364204746,9,Modelled,,,
Middle East,17.33214394,4.665704498,0.177736649,9,Modelled,,,
Middle East,14.37243505,7.970312854,0.134867339,9,Modelled,,,
Middle East,13.98111344,38.71657884,0.153166494,9,Modelled,,,
Middle East,17.03067724,2.476557764,0.102260565,9,Modelled,,,
Middle East,18.97594398,6.881916951,0.279869678,9,Modelled,,,
Middle East,13.69893387,1.804322141,0.056975253,9,Modelled,,,
Middle East,19.10171797,4.692646659,0.214208049,9,Modelled,,,
Middle East,15.12465925,21.27315762,0.192861608,9,Modelled,,,
Middle East,15.47378067,8.739475543,0.175789101,9,Modelled,,,
Middle East,19.74422801,8.179526844,0.345876475,9,Modelled,,,
Middle East,13.29741616,3.759618569,0.083717001,9,Modelled,,,
Middle East,19.34813851,34.20846078,0.549792253,9,Modelled,,,
Middle East,15.46664591,7.721860125,0.167786228,9,Modelled,,,
Middle East,19.63347236,25.72483442,0.539397336,9,Modelled,,,
Middle East,16.6604606,3.172307981,0.123686543,9,Modelled,,,
Middle East,19.27046908,14.17548362,0.419133748,9,Modelled,,,
Middle East,10.9851088,1.698468569,0.036883657,9,Modelled,,,
Middle East,19.75808377,67.67957368,0.656932548,9,Modelled,,,
Middle East,17.15360309,9.94831292,0.25385258,9,Modelled,,,
Middle East,14.75614834,23.05901279,0.177730137,9,Modelled,,,
Middle East,18.23882158,4.051836506,0.175980426,9,Modelled,,,
Middle East,18.93899011,10.50764463,0.353102004,9,Modelled,,,
Middle East,16.5116207,5.976461292,0.18138065,9,Modelled,,,
Middle East,19.92675985,31.65010053,0.599979611,9,Modelled,,,
Middle East,19.2140238,9.445910166,0.347868745,9,Modelled,,,
Middle East,19.57915334,143.8929479,0.661566948,9,Modelled,,,
Middle East,15.3786897,6.9017582,0.158972561,9,Modelled,,,
Middle East,19.66212196,6.667391991,0.297605471,9,Modelled,,,
Middle East,14.87960638,9.638201443,0.158720604,9,Modelled,,,
Middle East,13.81746059,7.524352225,0.117648509,9,Modelled,,,
Middle East,18.72688267,5.419178838,0.23170073,9,Modelled,,,
Middle East,3.652325328,1.005774511,0.002071315,9,Modelled,,,
Middle East,15.1932807,12.59723029,0.182079958,9,Modelled,,,
Middle East,14.02202849,1.631372504,0.053963154,9,Modelled,,,
Middle East,15.39313119,35.00547975,0.21807266,9,Modelled,,,
Middle East,18.11135826,7.438200263,0.261714567,9,Modelled,,,
Middle East,18.7539138,62.43798258,0.509683919,9,Modelled,,,
Middle East,14.38409532,2.095705883,0.069512128,9,Modelled,,,
Middle East,18.77196106,27.80423995,0.468440127,9,Modelled,,,
Middle East,14.41844801,2.434145793,0.078304704,9,Modelled,,,
Middle East,19.7058106,34.4059979,0.584974225,9,Modelled,,,
Middle East,19.50095976,12.96516937,0.426219439,9,Modelled,,,
Middle East,18.89162577,3.66345594,0.169134803,9,Modelled,,,
Middle East,15.79099084,6.098124673,0.162022288,9,Modelled,,,
Middle East,18.05888793,21.64381601,0.374502576,9,Modelled,,,
Middle East,19.88059893,18.52750564,0.519039161,9,Modelled,,,
Middle East,19.02578112,9.582865085,0.341634772,9,Modelled,,,
Middle East,15.34028487,7.268844301,0.160238885,9,Modelled,,,
Middle East,12.00196517,1.106014805,0.030688598,9,Modelled,,,
Middle East,18.2842486,3.539054265,0.156452718,9,Modelled,,,
Middle East,15.43696686,8.764672318,0.173615159,9,Modelled,,,
Middle East,18.55310694,15.67829474,0.385838484,9,Modelled,,,
Middle East,17.03286931,3.759618569,0.146146189,9,Modelled,,,
Middle East,16.5754982,3.341034577,0.127569146,9,Modelled,,,
Middle East,19.16911872,8.866187966,0.334713075,9,Modelled,,,
Middle East,12.16505581,5.071965539,0.073707965,9,Modelled,,,
Middle East,19.16291043,16.04358152,0.432787287,10,Modelled,,,
Middle East,14.3981642,6.186540523,0.126633556,10,Modelled,,,
Middle East,19.78794052,9.310912558,0.377441368,10,Modelled,,,
Middle East,15.32999858,5.658328693,0.14500637,10,Modelled,,,
Middle East,19.63099548,4.843633707,0.230360443,10,Modelled,,,
Middle East,14.15461202,7.082923532,0.125920347,10,Modelled,,,
Middle East,19.73126887,26.02278889,0.556377559,10,Modelled,,,
Middle East,19.36247116,9.919713402,0.366911081,10,Modelled,,,
Middle East,18.48642218,7.227111269,0.270062794,10,Modelled,,,
Middle East,18.83273824,3.902993693,0.178523631,10,Modelled,,,
Middle East,6.869940657,2.441163677,0.015781138,10,Modelled,,,
Middle East,19.62563432,65.75889225,0.628037502,10,Modelled,,,
Middle East,18.49647641,4.733351889,0.203760451,10,Modelled,,,
Middle East,18.78307873,34.20846078,0.479089263,10,Modelled,,,
Middle East,19.87111323,8.589808778,0.3618282,10,Modelled,,,
Middle East,9.449512053,1.002883099,0.013162079,10,Modelled,,,
Middle East,13.96320694,3.274377763,0.088552289,10,Modelled,,,
Middle East,15.44784457,4.885648638,0.138499073,10,Modelled,,,
Middle East,8.783307551,21.21200132,0.034701555,10,Modelled,,,
Middle East,15.95187613,2.213534379,0.084584549,10,Modelled,,,
Middle East,18.50139088,16.08983676,0.381286288,10,Modelled,,,
Middle East,19.67493593,17.59184249,0.492962068,10,Modelled,,,
Middle East,19.30723386,37.18712453,0.544240555,10,Modelled,,,
Middle East,17.01593484,33.52596948,0.319340614,10,Modelled,,,
Middle East,18.68671214,3.936849269,0.177562132,10,Modelled,,,
Middle East,17.20332336,10.97134988,0.266332759,10,Modelled,,,
Middle East,17.54241328,35.92434407,0.367536344,10,Modelled,,,
Middle East,15.86030907,3.51873529,0.121473568,10,Modelled,,,
Middle East,18.75267935,6.240204175,0.255867544,10,Modelled,,,
Middle East,16.57076144,10.38733471,0.228622477,10,Modelled,,,
Middle East,19.20111052,34.80450078,0.524658558,10,Modelled,,,
Middle East,18.61495306,4.638917021,0.203276465,10,Modelled,,,
Middle East,19.09768976,13.65475213,0.403372631,10,Modelled,,,
Middle East,13.99801249,3.858305386,0.096562599,10,Modelled,,,
Middle East,14.90062095,31.46838599,0.191491328,10,Modelled,,,
Middle East,17.68224539,4.665704498,0.185118059,10,Modelled,,,
Middle East,18.79152128,4.27964605,0.193057064,10,Modelled,,,
Middle East,10.63741344,4.040188242,0.04841918,10,Modelled,,,
Middle East,17.84905026,82.79030735,0.427132035,10,Modelled,,,
Middle East,15.29461896,3.600717897,0.114210259,10,Modelled,,,
Middle East,19.32886521,21.02958526,0.483592908,10,Modelled,,,
Middle East,12.7482507,3.438619297,0.072947872,10,Modelled,,,
Middle East,18.92293396,25.21159953,0.472193118,10,Modelled,,,
Middle East,9.956427053,20.72903786,0.04955764,10,Modelled,,,
Middle East,19.14705123,16.04358152,0.4330024,10,Modelled,,,
Middle East,18.53369658,84.47567738,0.504903743,10,Modelled,,,
Middle East,17.51610273,6.803120713,0.229061591,10,Modelled,,,
Middle East,7.054132319,1.071537815,0.012796341,10,Modelled,,,
Middle East,15.96815483,6.572103982,0.173050158,10,Modelled,,,
Middle East,17.76035372,23.19216731,0.357319833,10,Modelled,,,
Middle East,17.89916232,6.330680015,0.231472446,10,Modelled,,,
Middle East,18.99334917,3.590366513,0.16670231,10,Modelled,,,
Middle East,19.87656441,24.35547754,0.566994353,10,Modelled,,,
Middle East,9.24561054,1.002883099,0.010249228,10,Modelled,,,
Middle East,10.01912883,2.317881733,0.035437503,10,Modelled,,,
Middle East,17.66677926,3.091167443,0.132316855,10,Modelled,,,
Middle East,16.42249986,3.869429263,0.139919021,10,Modelled,,,
Middle East,19.69709782,6.553210426,0.295480408,10,Modelled,,,
Middle East,17.05662259,23.66429243,0.311837912,10,Modelled,,,
Middle East,19.63355864,16.22940416,0.472144018,10,Modelled,,,
Middle East,15.42211638,3.727287117,0.119066098,10,Modelled,,,
Middle East,19.45120076,37.40186198,0.57032046,10,Modelled,,,
Middle East,15.6668946,3.869429263,0.126273115,10,Modelled,,,
Middle East,16.27312172,8.442705111,0.201365392,11,Modelled,,,
Middle East,18.85128542,56.29082444,0.517449093,11,Modelled,,,
Middle East,10.02499051,6.367236595,0.045501201,11,Modelled,,,
Middle East,15.86015811,16.84832142,0.223053375,11,Modelled,,,
Middle East,19.40997589,7.677526167,0.317885853,11,Modelled,,,
Middle East,17.85116206,118.6502253,0.428668366,11,Modelled,,,
Middle East,18.01694334,6.981696894,0.24750266,11,Modelled,,,
Middle East,13.58950797,7.227111269,0.111992473,11,Modelled,,,
Middle East,15.70095091,14.33966927,0.206436578,11,Modelled,,,
Middle East,13.45768441,1.219752081,0.03860976,11,Modelled,,,
Middle East,19.19959375,55.9676387,0.567750572,11,Modelled,,,
Middle East,19.93596852,31.74135091,0.601537457,11,Modelled,,,
Middle East,19.77073114,36.8673278,0.609966696,11,Modelled,,,
Middle East,18.85829038,44.58228158,0.512832743,11,Modelled,,,
Middle East,15.20036998,98.68441299,0.21874214,11,Modelled,,,
Middle East,19.84803618,4.692646659,0.227207518,11,Modelled,,,
Middle East,16.73364301,3.163188196,0.124389953,11,Modelled,,,
Middle East,14.04556122,13.45960324,0.140540906,11,Modelled,,,
Middle East,19.40563403,10.56832113,0.380777102,11,Modelled,,,
Middle East,15.66421486,1.87313096,0.070514554,11,Modelled,,,
Middle East,17.2258868,7.247947748,0.224187564,11,Modelled,,,
Middle East,7.017873399,1.002883099,0.009398444,11,Modelled,,,
Middle East,19.64887589,11.0665182,0.400215104,11,Modelled,,,
Middle East,19.27737937,6.534371185,0.281955551,11,Modelled,,,
Middle East,5.5047616,1.002883099,0.007087686,11,Modelled,,,
Middle East,17.72394288,75.07042373,0.413602367,11,Modelled,,,
Middle East,18.37904266,23.32609073,0.407681363,11,Modelled,,,
Middle East,19.76405125,7.185617841,0.316304462,11,Modelled,,,
Middle East,19.23898353,10.35747309,0.365445647,11,Modelled,,,
Middle East,14.59922282,3.190626508,0.096107237,11,Modelled,,,
Middle East,13.85022235,2.794869861,0.079163464,11,Modelled,,,
Middle East,16.2159062,12.74313603,0.224543735,11,Modelled,,,
Middle East,19.00022995,41.36701307,0.519951524,11,Modelled,,,
Middle East,19.04543874,3.959582648,0.183739617,11,Modelled,,,
Middle East,17.24798118,16.60753117,0.301099485,11,Modelled,,,
Middle East,18.24875499,4.255075073,0.183314725,11,Modelled,,,
Middle East,17.36188237,17.69342677,0.31333975,11,Modelled,,,
Middle East,15.76502615,8.614574049,0.184319907,11,Modelled,,,
Middle East,15.13257056,1.683862312,0.06103219,11,Modelled,,,
Middle East,19.84786683,104.5333368,0.687908392,11,Modelled,,,
Middle East,5.856643598,1.002883099,0.008995942,11,Modelled,,,
Middle East,17.78549288,9.257455283,0.273577229,11,Modelled,,,
Middle East,12.73009992,2.239172346,0.058160602,11,Modelled,,,
Middle East,18.56781063,9.257455283,0.313188871,11,Modelled,,,
Middle East,18.88271035,8.467046268,0.312979639,12,Modelled,,,
Middle East,18.77104473,11.22697009,0.353132292,12,Modelled,,,
Middle East,16.38294817,2.926621722,0.112427859,12,Modelled,,,
Middle East,18.81282063,8.346038237,0.30771732,12,Modelled,,,
Middle East,12.9601313,5.642062068,0.091040564,12,Modelled,,,
Middle East,16.19235447,36.55028121,0.263732163,12,Modelled,,,
Middle East,16.6858491,10.62934802,0.237678359,12,Modelled,,,
Middle East,19.38140071,26.55253723,0.524227378,12,Modelled,,,
Middle East,13.15971954,2.213534379,0.061437783,12,Modelled,,,
Middle East,18.2022062,37.9441463,0.424879794,12,Modelled,,,
Middle East,13.95052303,3.869429263,0.095702673,12,Modelled,,,
Middle East,18.9617266,5.280568372,0.232901741,12,Modelled,,,
Middle East,15.6370611,12.85367329,0.199619912,12,Modelled,,,
Middle East,18.38193027,23.86956262,0.417227538,12,Modelled,,,
Middle East,19.27144339,3.70588743,0.174756903,12,Modelled,,,
Middle East,16.0710646,4.815824676,0.152393735,12,Modelled,,,
Middle East,15.46732835,2.661376248,0.094929903,12,Modelled,,,
Middle East,17.21570718,2.399357842,0.10033845,12,Modelled,,,
Middle East,9.800171287,1.462316096,0.027343334,12,Modelled,,,
Middle East,19.23649595,7.744123014,0.311271263,12,Modelled,,,
Middle East,19.42115703,5.160338248,0.238758573,12,Modelled,,,
Middle East,19.73455093,32.7626366,0.5829357,12,Modelled,,,
Middle East,15.26795145,2.802927748,0.096153671,12,Modelled,,,
Middle East,19.79334868,4.316768806,0.209305479,12,Modelled,,,
Middle East,17.37687242,30.66349511,0.347545393,12,Modelled,,,
Middle East,18.45218547,16.60753117,0.38629008,12,Modelled,,,
Middle East,14.25712275,12.09959107,0.145820876,12,Modelled,,,
Middle East,19.87304469,43.94512738,0.640082941,13,Modelled,,,
Middle East,15.71582493,41.96678756,0.24070659,13,Modelled,,,
Middle East,18.92595531,111.6894116,0.557983721,13,Modelled,,,
Middle East,18.73953179,4.206355521,0.189154159,13,Modelled,,,
Middle East,19.88145556,13.89266925,0.467034467,13,Modelled,,,
Middle East,15.13227501,3.508619592,0.109520304,13,Modelled,,,
Middle East,19.13456174,7.879054754,0.312028775,13,Modelled,,,
Middle East,18.5131572,8.943095573,0.305728495,13,Modelled,,,
Middle East,18.07406719,5.130710903,0.206067659,13,Modelled,,,
Middle East,18.67203398,4.494311456,0.198678145,13,Modelled,,,
Middle East,19.84195252,17.49084144,0.509487409,13,Modelled,,,
Middle East,11.1416614,29.36749928,0.070147994,13,Modelled,,,
Middle East,19.8793772,47.08886575,0.651727162,13,Modelled,,,
Middle East,19.07080924,32.66845022,0.507117209,13,Modelled,,,
Middle East,18.07700714,18.05361352,0.360890143,13,Modelled,,,
Middle East,12.82059495,1.851684076,0.051970579,13,Modelled,,,
Middle East,9.170264218,2.226316457,0.028730012,13,Modelled,,,
Middle East,12.33330329,3.428733917,0.06693215,14,Modelled,,,
Middle East,19.50182713,21.45768649,0.502514986,14,Modelled,,,
Middle East,19.75504822,4.815824676,0.231031705,14,Modelled,,,
Middle East,19.64651004,32.7626366,0.571158483,14,Modelled,,,
Middle East,19.27706445,86.69309266,0.605477489,14,Modelled,,,
Middle East,15.84097041,9.072760254,0.190777793,14,Modelled,,,
Middle East,15.97533805,3.350667111,0.119062861,15,Modelled,,,
Middle East,19.53881082,16.5121814,0.471766973,15,Modelled,,,
Middle East,18.94058828,6.222264768,0.262381267,16,Modelled,,,
Indonesia,19.49050613,143.066807,0.24675434,2,Modelled,,,
Indonesia,18.46586265,4.57261926,0.12773846,2,Modelled,,,
Indonesia,14.28721735,1.683862312,0.040667858,2,Modelled,,,
Indonesia,14.89903245,2.835392285,0.055530918,2,Modelled,,,
Indonesia,19.27000134,8.714351203,0.184308105,2,Modelled,,,
Indonesia,19.53919903,2.126091227,0.097127027,2,Modelled,,,
Indonesia,14.65600776,3.438619297,0.055106613,2,Modelled,,,
Indonesia,11.57678217,1.005774511,0.007020367,2,Modelled,,,
Indonesia,19.90806168,2.399357842,0.110690328,2,Modelled,,,
Indonesia,17.16152058,8.589808778,0.117386375,2,Modelled,,,
Indonesia,18.89753609,10.97134988,0.179789782,2,Modelled,,,
Indonesia,15.24669498,6.330680015,0.071757801,2,Modelled,,,
Indonesia,16.98006052,2.071710572,0.070010623,2,Modelled,,,
Indonesia,14.8521897,1.244582689,0.038008346,2,Modelled,,,
Indonesia,14.18452396,1.128530051,0.032453322,2,Modelled,,,
Indonesia,19.74346401,1.955792745,0.092670613,3,Modelled,,,
Indonesia,14.26197676,1.900289221,0.042084148,3,Modelled,,,
Indonesia,11.9374087,1.008674259,0.004557545,3,Modelled,,,
Indonesia,5.738915991,1.002883099,0.00147903,3,Modelled,,,
Indonesia,18.93274461,3.020786488,0.114734034,3,Modelled,,,
Indonesia,19.38334461,3.948199596,0.139873091,3,Modelled,,,
Indonesia,18.92379419,1.557930706,0.071367633,3,Modelled,,,
Indonesia,19.09657666,58.94440805,0.219294993,3,Modelled,,,
Indonesia,17.83028905,36.8673278,0.155731271,3,Modelled,,,
Indonesia,13.62427849,1.005774511,0.003224183,3,Modelled,,,
Indonesia,14.89575866,4.354213575,0.061510905,3,Modelled,,,
Indonesia,17.95320463,1.303253072,0.05622322,3,Modelled,,,
Indonesia,19.60082714,1.857022665,0.087382778,3,Modelled,,,
Indonesia,19.01879909,3.274377763,0.121447369,3,Modelled,,,
Indonesia,17.75040044,2.138368364,0.079501815,3,Modelled,,,
Indonesia,19.48709187,25.50360952,0.227733417,3,Modelled,,,
Indonesia,19.12103075,10.18009751,0.185184359,3,Modelled,,,
Indonesia,16.43300842,17.54126927,0.107638199,3,Modelled,,,
Indonesia,19.51895444,12.8907317,0.210562714,3,Modelled,,,
Indonesia,15.39115654,6.764061566,0.0744487,3,Modelled,,,
Indonesia,19.37991511,25.87338276,0.221316179,3,Modelled,,,
Indonesia,12.90232153,1.008674259,0.007970551,3,Modelled,,,
Indonesia,14.43586912,1.005774511,0.021813876,3,Modelled,,,
Indonesia,19.53459099,3.959582648,0.14506861,3,Modelled,,,
Indonesia,17.8871351,3.046989571,0.098490737,3,Modelled,,,
Indonesia,17.28730146,4.016992078,0.09920864,3,Modelled,,,
Indonesia,15.41553866,3.891773324,0.067535894,3,Modelled,,,
Indonesia,8.357504834,1.29577063,0.009663157,3,Modelled,,,
Indonesia,19.82716947,2.994808743,0.12856768,3,Modelled,,,
Indonesia,8.936438139,1.002883099,0.001314992,3,Modelled,,,
Indonesia,19.47124771,4.956484969,0.157534274,3,Modelled,,,
Indonesia,18.71323382,49.16691037,0.198452457,3,Modelled,,,
Indonesia,12.4083664,1.002883099,0.005428915,3,Modelled,,,
Indonesia,19.99852491,6.330680015,0.191646182,3,Modelled,,,
Indonesia,16.25669049,5.72386553,0.088471918,3,Modelled,,,
Indonesia,18.0403057,6.705892918,0.134219088,3,Modelled,,,
Indonesia,15.56858448,19.91016085,0.085772546,3,Modelled,,,
Indonesia,18.86310408,45.09864991,0.204012446,3,Modelled,,,
Indonesia,15.60524603,1.380495543,0.045316518,3,Modelled,,,
Indonesia,19.36404191,6.648224499,0.172558391,3,Modelled,,,
Indonesia,19.97701525,18.10566388,0.242970523,3,Modelled,,,
Indonesia,19.02050291,71.89756441,0.217025684,3,Modelled,,,
Indonesia,19.77479406,1.594228753,0.077342806,3,Modelled,,,
Indonesia,19.53896446,1.669381664,0.079513603,3,Modelled,,,
Indonesia,15.79651169,2.107807559,0.058229431,3,Modelled,,,
Indonesia,19.47110567,18.1578643,0.221438573,3,Modelled,,,
Indonesia,14.98820841,1.412659549,0.041891006,3,Modelled,,,
Indonesia,14.18822795,3.100079585,0.048760818,3,Modelled,,,
Indonesia,17.05675192,2.684461713,0.080603179,3,Modelled,,,
Indonesia,14.178111,1.002883099,0.001783764,3,Modelled,,,
Indonesia,18.61587352,1.814741219,0.078739063,3,Modelled,,,
Indonesia,14.07813867,1.718140854,0.039365956,3,Modelled,,,
Indonesia,16.62623023,2.113884578,0.066682234,3,Modelled,,,
Indonesia,19.97782934,3.073419946,0.132595488,4,Modelled,,,
Indonesia,16.40859935,1.002883099,0.020429789,4,Modelled,,,
Indonesia,18.31164875,2.434145793,0.092481958,4,Modelled,,,
Indonesia,18.20807063,22.02093266,0.167053654,4,Modelled,,,
Indonesia,17.2162768,1.679021526,0.063193675,4,Modelled,,,
Indonesia,19.71404655,17.74443868,0.229841817,4,Modelled,,,
Indonesia,19.47101542,4.379357028,0.148659297,4,Modelled,,,
Indonesia,17.18777616,17.89835853,0.127255115,4,Modelled,,,
Indonesia,12.6097559,1.984149508,0.03050284,4,Modelled,,,
Indonesia,19.7416168,5.674642216,0.17455902,4,Modelled,,,
Indonesia,19.25615117,7.788841536,0.175612151,4,Modelled,,,
Indonesia,19.4899024,3.246219218,0.128582536,4,Modelled,,,
Indonesia,19.87706914,1.531250564,0.074663414,4,Modelled,,,
Indonesia,5.686450444,1.002883099,0.002976401,4,Modelled,,,
Indonesia,19.01993708,6.478177796,0.158891454,4,Modelled,,,
Indonesia,17.36964461,7.589620402,0.118953859,4,Modelled,,,
Indonesia,10.28683419,1.005774511,0.012841341,4,Modelled,,,
Indonesia,11.35552294,1.005774511,0.018348993,4,Modelled,,,
Indonesia,17.47546596,16.5121814,0.137729795,4,Modelled,,,
Indonesia,16.72465843,3.716571871,0.085875868,4,Modelled,,,
Indonesia,19.22332262,10.97134988,0.190275621,4,Modelled,,,
Indonesia,19.94624209,9.020670296,0.209891322,4,Modelled,,,
Indonesia,18.8077628,4.354213575,0.134821747,4,Modelled,,,
Indonesia,13.82424937,16.08983676,0.054750175,4,Modelled,,,
Indonesia,12.16854809,1.005774511,0.020809546,4,Modelled,,,
Indonesia,17.40702231,2.600780953,0.084109893,4,Modelled,,,
Indonesia,18.4237321,2.794869861,0.101698498,4,Modelled,,,
Indonesia,17.49412188,1.185136686,0.049755165,4,Modelled,,,
Indonesia,8.25261104,1.002883099,0.004987151,4,Modelled,,,
Indonesia,18.58516825,7.227111269,0.151856176,4,Modelled,,,
Indonesia,18.86474063,3.674018048,0.124941549,4,Modelled,,,
Indonesia,18.74254803,3.792230473,0.125026573,4,Modelled,,,
Indonesia,14.73106178,4.65229148,0.059567222,4,Modelled,,,
Indonesia,15.75667276,12.13447539,0.087790041,4,Modelled,,,
Indonesia,19.79839042,3.82512526,0.147361059,4,Modelled,,,
Indonesia,16.61229983,1.544533027,0.055495221,4,Modelled,,,
Indonesia,19.91781845,2.365067068,0.109235723,4,Modelled,,,
Indonesia,18.06819607,1.047140607,0.046097362,4,Modelled,,,
Indonesia,17.76291173,5.545439659,0.120580445,4,Modelled,,,
Indonesia,13.61366148,1.002883099,0.017783164,4,Modelled,,,
Indonesia,18.44212536,23.12549421,0.175777807,4,Modelled,,,
Indonesia,10.98739582,2.036231759,0.021007958,4,Modelled,,,
Indonesia,18.13237777,2.284755387,0.087028525,4,Modelled,,,
Indonesia,19.62347385,10.6907273,0.204999719,4,Modelled,,,
Indonesia,18.69309775,1.544533027,0.069266286,4,Modelled,,,
Indonesia,15.96282906,1.056223775,0.039009794,4,Modelled,,,
Indonesia,19.18273586,16.32312103,0.202762053,4,Modelled,,,
Indonesia,10.5856784,1.50070066,0.017791068,4,Modelled,,,
Indonesia,17.44012155,6.38559397,0.117396719,4,Modelled,,,
Indonesia,19.23878974,10.56832113,0.191373889,4,Modelled,,,
Indonesia,15.25577252,5.280568372,0.069485423,4,Modelled,,,
Indonesia,18.65850881,13.85273046,0.173579646,4,Modelled,,,
Indonesia,13.82430903,1.738040991,0.03779298,4,Modelled,,,
Indonesia,14.7893198,1.002883099,0.014781302,4,Modelled,,,
Indonesia,19.43909635,69.85718044,0.240514904,4,Modelled,,,
Indonesia,18.50536888,15.4542261,0.173486621,4,Modelled,,,
Indonesia,10.36283279,1.002883099,0.004443763,4,Modelled,,,
Indonesia,13.7341899,64.63274679,0.055028308,4,Modelled,,,
Indonesia,18.99064492,1.441417191,0.066654002,4,Modelled,,,
Indonesia,17.97395372,10.35747309,0.144773034,4,Modelled,,,
Indonesia,14.57165589,8.346038237,0.063069627,4,Modelled,,,
Indonesia,10.84176433,1.005774511,0.005120883,4,Modelled,,,
Indonesia,10.51041098,1.191980271,0.016309154,4,Modelled,,,
Indonesia,17.75158005,3.836153476,0.106603457,4,Modelled,,,
Indonesia,9.653108282,1.002883099,0.00251175,4,Modelled,,,
Indonesia,19.4100844,1.95017021,0.089532374,4,Modelled,,,
Indonesia,17.62978401,16.70343154,0.140610828,4,Modelled,,,
Indonesia,18.66174642,31.37792033,0.189653871,4,Modelled,,,
Indonesia,19.79576147,2.181899329,0.101455998,4,Modelled,,,
Indonesia,14.16499661,1.396484948,0.036250445,4,Modelled,,,
Indonesia,19.2504925,14.97248282,0.204397405,4,Modelled,,,
Indonesia,19.82855707,3.770457923,0.147191404,4,Modelled,,,
Indonesia,17.64572485,13.73360164,0.139311274,4,Modelled,,,
Indonesia,19.57332635,2.41321296,0.107220472,4,Modelled,,,
Indonesia,19.57960947,4.612283342,0.156769052,4,Modelled,,,
Indonesia,17.15004857,6.667391991,0.109893692,4,Modelled,,,
Indonesia,18.13533575,3.321852504,0.106547729,4,Modelled,,,
Indonesia,16.37307094,6.045682857,0.091205829,4,Modelled,,,
Indonesia,19.92921438,4.455661893,0.162437556,4,Modelled,,,
Indonesia,16.91413408,1.065385733,0.043055908,4,Modelled,,,
Indonesia,16.41231418,2.723383345,0.073215071,4,Modelled,,,
Indonesia,19.31213428,1.894826249,0.087013033,4,Modelled,,,
Indonesia,8.057788088,6.803120713,0.010197006,4,Modelled,,,
Indonesia,11.18658003,1.002883099,0.007998972,4,Modelled,,,
Indonesia,17.85480737,1.128530051,0.048912528,4,Modelled,,,
Indonesia,15.73150343,1.144892449,0.04037506,4,Modelled,,,
Indonesia,14.63623495,31.83286437,0.069531511,4,Modelled,,,
Indonesia,17.42283168,19.17876798,0.136170741,4,Modelled,,,
Indonesia,16.03626417,2.811008867,0.068998294,4,Modelled,,,
Indonesia,16.99463266,13.49840861,0.120326172,4,Modelled,,,
Indonesia,19.73234495,6.705892918,0.184264483,4,Modelled,,,
Indonesia,17.8789707,4.559473844,0.114527239,4,Modelled,,,
Indonesia,16.12058275,1.412659549,0.049102529,4,Modelled,,,
Indonesia,15.13505876,2.284755387,0.053934129,4,Modelled,,,
Indonesia,19.74474644,2.498040067,0.111956033,4,Modelled,,,
Indonesia,19.94991071,13.00254924,0.229505659,4,Modelled,,,
Indonesia,16.06780099,2.175626781,0.062085817,4,Modelled,,,
Indonesia,13.51532224,1.758171619,0.035349056,4,Modelled,,,
Indonesia,14.32929962,2.893112631,0.049029554,4,Modelled,,,
Indonesia,18.30555136,1.364689212,0.060311485,4,Modelled,,,
Indonesia,14.61343357,1.005774511,0.030670927,4,Modelled,,,
Indonesia,18.55725422,3.091167443,0.110251424,4,Modelled,,,
Indonesia,14.42406367,2.126091227,0.04537053,4,Modelled,,,
Indonesia,14.82169143,6.515586104,0.065403643,4,Modelled,,,
Indonesia,17.26735703,1.867746062,0.068654278,4,Modelled,,,
Indonesia,7.783444464,1.008674259,0.002038127,4,Modelled,,,
Indonesia,12.45364747,1.029207935,0.02316999,4,Modelled,,,
Indonesia,18.910173,3.46844677,0.123229564,4,Modelled,,,
Indonesia,11.0057433,2.505242164,0.021776043,4,Modelled,,,
Indonesia,19.39084755,8.789941739,0.189447884,4,Modelled,,,
Indonesia,18.65723125,3.528880153,0.119539324,4,Modelled,,,
Indonesia,18.12618424,28.12627885,0.167420413,4,Modelled,,,
Indonesia,17.91186923,1.645523451,0.067468806,4,Modelled,,,
Indonesia,17.75787938,37.83506406,0.153472944,4,Modelled,,,
Indonesia,16.44390317,8.515939318,0.098497673,4,Modelled,,,
Indonesia,17.15339826,2.077683519,0.071533136,4,Modelled,,,
Indonesia,13.66892384,7.993292057,0.050349909,4,Modelled,,,
Indonesia,19.6426615,5.175216015,0.164942269,4,Modelled,,,
Indonesia,16.84888976,2.317881733,0.072855616,4,Modelled,,,
Indonesia,17.7849982,1.748077328,0.069730863,5,Modelled,,,
Indonesia,16.69903755,3.684610606,0.085168968,5,Modelled,,,
Indonesia,17.11048107,3.438619297,0.090531595,5,Modelled,,,
Indonesia,10.12263721,1.008674259,0.003898783,5,Modelled,,,
Indonesia,9.345518313,6.705892918,0.015055797,5,Modelled,,,
Indonesia,19.99517108,4.170182282,0.159167959,5,Modelled,,,
Indonesia,15.33605232,1.368623747,0.043116107,5,Modelled,,,
Indonesia,19.98134442,2.16313573,0.102815954,5,Modelled,,,
Indonesia,13.78201263,1.005774511,0.00250699,5,Modelled,,,
Indonesia,17.97613738,115.2830456,0.16740095,5,Modelled,,,
Indonesia,19.91189693,2.059816141,0.098170913,5,Modelled,,,
Indonesia,17.01563492,1.437273389,0.055593911,5,Modelled,,,
Indonesia,13.99556154,8.664319,0.054438496,5,Modelled,,,
Indonesia,14.98644024,1.005774511,0.013311555,5,Modelled,,,
Indonesia,18.95082004,4.028573465,0.13330466,5,Modelled,,,
Indonesia,19.26732774,16.55978766,0.204569075,5,Modelled,,,
Indonesia,19.38487064,1.967086491,0.090291824,5,Modelled,,,
Indonesia,17.89010861,39.96229419,0.159048209,5,Modelled,,,
Indonesia,19.20410093,2.786835139,0.112954341,5,Modelled,,,
Indonesia,18.20754771,31.01865095,0.16938619,5,Modelled,,,
Indonesia,17.17772677,39.50473586,0.132807107,5,Modelled,,,
Indonesia,18.93000505,4.267342877,0.134558702,5,Modelled,,,
Indonesia,16.18878396,1.650267659,0.054644959,5,Modelled,,,
Indonesia,14.53437652,1.005774511,0.006396251,5,Modelled,,,
Indonesia,18.47936168,4.051836506,0.122967645,5,Modelled,,,
Indonesia,19.46854765,53.44806452,0.235802863,5,Modelled,,,
Indonesia,19.99561207,16.37018221,0.242859853,5,Modelled,,,
Indonesia,17.43176751,1.244582689,0.051633204,5,Modelled,,,
Indonesia,19.88275857,28.53407779,0.252904999,5,Modelled,,,
Indonesia,14.48630064,4.005443985,0.055641206,5,Modelled,,,
Indonesia,15.41617445,1.269918775,0.041622037,5,Modelled,,,
Indonesia,18.70368308,1.50070066,0.067696717,5,Modelled,,,
Indonesia,19.90366402,1.557930706,0.076254037,5,Modelled,,,
Indonesia,19.30561578,20.31547386,0.215149331,5,Modelled,,,
Indonesia,16.78673226,3.046989571,0.081127261,5,Modelled,,,
Indonesia,14.71134887,1.57597523,0.042184212,5,Modelled,,,
Indonesia,14.36267796,3.770457923,0.052657105,5,Modelled,,,
Indonesia,17.54375474,2.684461713,0.087156109,5,Modelled,,,
Indonesia,19.04842972,6.098124673,0.158572313,5,Modelled,,,
Indonesia,17.28111011,5.92506574,0.111541356,5,Modelled,,,
Indonesia,19.74170208,1.783663102,0.085425263,5,Modelled,,,
Indonesia,17.62196732,4.985106245,0.112592574,5,Modelled,,,
Indonesia,18.98656381,11.09842407,0.181221828,5,Modelled,,,
Indonesia,11.2888074,1.867746062,0.022117,5,Modelled,,,
Indonesia,18.41632376,5.145503251,0.133887619,5,Modelled,,,
Indonesia,16.5398135,85.9475613,0.116111759,5,Modelled,,,
Indonesia,12.50101401,1.48779514,0.027237914,5,Modelled,,,
Indonesia,14.60658722,1.002883099,0.025516196,5,Modelled,,,
Indonesia,17.81166884,15.18956674,0.145070345,5,Modelled,,,
Indonesia,16.75840264,9.473143662,0.107266296,5,Modelled,,,
Indonesia,19.02775932,8.994737574,0.175389728,5,Modelled,,,
Indonesia,12.59882884,2.169372265,0.031202748,5,Modelled,,,
Indonesia,19.56801986,29.45216869,0.234719471,5,Modelled,,,
Indonesia,9.903624412,1.248170944,0.014277009,5,Modelled,,,
Indonesia,18.66047303,7.062561466,0.154388829,5,Modelled,,,
Indonesia,14.18791689,1.005774511,0.002485343,5,Modelled,,,
Indonesia,17.48019359,2.365067068,0.080454852,5,Modelled,,,
Indonesia,18.70766241,2.042102417,0.086554681,5,Modelled,,,
Indonesia,18.12898876,22.40462011,0.163025056,5,Modelled,,,
Indonesia,19.1754156,72.93999705,0.227186897,5,Modelled,,,
Indonesia,19.24956593,4.481391161,0.146719055,5,Modelled,,,
Indonesia,17.16123797,5.130710903,0.104424768,5,Modelled,,,
Indonesia,18.76612107,3.038230052,0.111820643,5,Modelled,,,
Indonesia,19.58853554,2.505242164,0.110403772,5,Modelled,,,
Indonesia,19.22922158,3.82512526,0.135020578,5,Modelled,,,
Indonesia,19.31226673,10.00575956,0.189252704,5,Modelled,,,
Indonesia,9.131646386,3.073419946,0.013521907,5,Modelled,,,
Indonesia,18.96178001,7.567801678,0.164446742,5,Modelled,,,
Indonesia,15.12640172,1.57597523,0.045128266,5,Modelled,,,
Indonesia,18.23784358,1.655025544,0.070310478,5,Modelled,,,
Indonesia,9.697766191,1.005774511,0.002980866,5,Modelled,,,
Indonesia,15.84796758,1.144892449,0.040859658,5,Modelled,,,
Indonesia,18.16868953,6.764061566,0.137705384,5,Modelled,,,
Indonesia,15.53788685,1.161492083,0.03999444,5,Modelled,,,
Indonesia,16.53396552,9.230841849,0.101739789,5,Modelled,,,
Indonesia,19.05983561,7.12382395,0.167878106,5,Modelled,,,
Indonesia,18.66046461,1.479253177,0.066721641,5,Modelled,,,
Indonesia,16.75119215,1.636075913,0.058604514,5,Modelled,,,
Indonesia,17.53949761,6.764061566,0.12166872,5,Modelled,,,
Indonesia,15.94350523,6.744616169,0.085461232,5,Modelled,,,
Indonesia,19.88318811,1.535665311,0.074903937,5,Modelled,,,
Indonesia,19.33997561,5.101253658,0.156411656,5,Modelled,,,
Indonesia,19.57675009,17.64256152,0.224735095,5,Modelled,,,
Indonesia,17.93986812,4.098766361,0.112147413,5,Modelled,,,
Indonesia,13.46394639,3.970998518,0.043136014,5,Modelled,,,
Indonesia,19.69342538,5.101253658,0.165416946,5,Modelled,,,
Indonesia,18.08680518,1.273580077,0.055709408,5,Modelled,,,
Indonesia,17.6409217,1.492084601,0.061064122,5,Modelled,,,
Indonesia,17.72079045,2.526973282,0.086620687,5,Modelled,,,
Indonesia,19.62111784,8.394232525,0.196219149,5,Modelled,,,
Indonesia,17.69469187,1.57597523,0.063893557,5,Modelled,,,
Indonesia,19.22229105,6.705892918,0.16755427,5,Modelled,,,
Indonesia,9.149372876,1.008674259,0.009614545,5,Modelled,,,
Indonesia,17.97149231,5.707410499,0.126097954,5,Modelled,,,
Indonesia,19.09148564,3.341034577,0.124293162,5,Modelled,,,
Indonesia,18.50355776,1.989870008,0.082878014,5,Modelled,,,
Indonesia,18.24581316,25.50360952,0.170004979,5,Modelled,,,
Indonesia,16.40087998,3.458475641,0.079943286,5,Modelled,,,
Indonesia,18.8857049,1.650267659,0.074480088,5,Modelled,,,
Indonesia,11.47317356,1.008674259,0.012950952,5,Modelled,,,
Indonesia,15.29109542,3.399247961,0.063253513,5,Modelled,,,
Indonesia,18.12454933,10.65999348,0.151044411,5,Modelled,,,
Indonesia,12.26798514,1.083948758,0.022886674,5,Modelled,,,
Indonesia,18.84526331,1.273580077,0.05864664,5,Modelled,,,
Indonesia,18.35790147,2.960518927,0.103649536,5,Modelled,,,
Indonesia,16.67100576,24.21564404,0.114446347,5,Modelled,,,
Indonesia,16.26261101,1.216245525,0.045096183,5,Modelled,,,
Indonesia,15.56124534,1.002883099,0.021503312,5,Modelled,,,
Indonesia,18.78383445,9.098917922,0.167528336,5,Modelled,,,
Indonesia,11.26822526,1.102835221,0.018807067,5,Modelled,,,
Indonesia,15.99779766,8.156012251,0.087659932,5,Modelled,,,
Indonesia,18.75067257,8.370100694,0.164534577,5,Modelled,,,
Indonesia,19.68989144,17.44055857,0.226342107,5,Modelled,,,
Indonesia,15.2583729,1.29577063,0.041420056,5,Modelled,,,
Indonesia,14.70448566,1.005774511,0.024346474,5,Modelled,,,
Indonesia,18.51491284,5.086588519,0.1347842,5,Modelled,,,
Indonesia,19.06284136,2.427148084,0.102012793,5,Modelled,,,
Indonesia,9.425538837,1.002883099,0.005473123,5,Modelled,,,
Indonesia,18.74527723,2.715554133,0.104938888,5,Modelled,,,
Indonesia,17.04671649,2.868232838,0.082576085,5,Modelled,,,
Indonesia,14.83044033,1.580518923,0.043367549,5,Modelled,,,
Indonesia,18.70843124,1.226795553,0.05603256,5,Modelled,,,
Indonesia,19.60490098,2.434145793,0.108503865,5,Modelled,,,
Indonesia,19.42825411,48.88462557,0.235588428,5,Modelled,,,
Indonesia,19.87325912,32.7626366,0.25366342,5,Modelled,,,
Indonesia,9.439973929,1.008674259,0.005648803,5,Modelled,,,
Indonesia,12.91665554,1.518082325,0.029947184,5,Modelled,,,
Indonesia,19.97038476,35.00547975,0.26125105,5,Modelled,,,
Indonesia,17.0054193,7.247947748,0.108491613,5,Modelled,,,
Indonesia,17.18038172,6.367236595,0.111119618,5,Modelled,,,
Indonesia,17.20123726,3.312302806,0.090052894,5,Modelled,,,
Indonesia,11.98298334,3.003443073,0.029074238,5,Modelled,,,
Indonesia,16.15045999,1.341318402,0.047759291,5,Modelled,,,
Indonesia,14.69424315,1.002883099,0.010177341,5,Modelled,,,
Indonesia,17.97746527,1.55345195,0.065180989,5,Modelled,,,
Indonesia,19.74266443,2.585848941,0.114742203,5,Modelled,,,
Indonesia,18.04833692,1.509366472,0.064266106,5,Modelled,,,
Indonesia,13.88516382,1.314557826,0.033450685,5,Modelled,,,
Indonesia,15.27464679,1.005774511,0.003198609,5,Modelled,,,
Indonesia,17.13824522,42.08778197,0.132228942,5,Modelled,,,
Indonesia,16.05470682,1.32596064,0.046590259,5,Modelled,,,
Indonesia,18.77178042,6.842405407,0.155592009,5,Modelled,,,
Indonesia,14.53834017,2.252102471,0.047469098,5,Modelled,,,
Indonesia,10.20797674,1.008674259,0.002954636,5,Modelled,,,
Indonesia,17.10799113,1.978445453,0.069400457,5,Modelled,,,
Indonesia,19.66335503,2.200825688,0.101079148,5,Modelled,,,
Indonesia,12.66000223,7.227111269,0.038384177,5,Modelled,,,
Indonesia,15.78844758,2.843567002,0.065598211,5,Modelled,,,
Indonesia,19.05814975,52.98842918,0.215207376,6,Modelled,,,
Indonesia,17.43889099,7.655454731,0.122180491,6,Modelled,,,
Indonesia,11.86761871,2.563611512,0.02724274,6,Modelled,,,
Indonesia,18.26788774,1.1416011,0.050855747,6,Modelled,,,
Indonesia,19.97566904,7.589620402,0.200138163,6,Modelled,,,
Indonesia,17.88940821,27.72430801,0.157354858,6,Modelled,,,
Indonesia,15.6564146,1.978445453,0.055097189,6,Modelled,,,
Indonesia,19.52210188,24.07661337,0.225766326,6,Modelled,,,
Indonesia,11.42403473,1.008674259,0.012894597,6,Modelled,,,
Indonesia,18.56479364,3.209050815,0.111475687,6,Modelled,,,
Indonesia,19.51375522,14.46405527,0.214709431,6,Modelled,,,
Indonesia,19.43403116,4.404645672,0.149381109,6,Modelled,,,
Indonesia,19.17733637,4.040188242,0.138523466,6,Modelled,,,
Indonesia,9.167329705,1.867746062,0.012791239,6,Modelled,,,
Indonesia,16.22242191,6.080593718,0.088842687,6,Modelled,,,
Indonesia,16.8072061,16.94561224,0.117036618,6,Modelled,,,
Indonesia,18.57864891,3.321852504,0.113924864,6,Modelled,,,
Indonesia,18.62980617,1.219752081,0.055549387,6,Modelled,,,
Indonesia,15.81683685,2.297948731,0.061068448,6,Modelled,,,
Indonesia,19.24006679,4.417344703,0.144498126,6,Modelled,,,
Indonesia,14.3760423,10.47743714,0.061601824,6,Modelled,,,
Indonesia,18.85036501,6.881916951,0.159459138,6,Modelled,,,
Indonesia,16.12152279,8.394232525,0.091371831,6,Modelled,,,
Indonesia,17.83046636,2.653725294,0.090200478,6,Modelled,,,
Indonesia,16.17568905,3.389475766,0.075957546,6,Modelled,,,
Indonesia,15.52164504,1.683862312,0.049968699,6,Modelled,,,
Indonesia,18.98897857,3.836153476,0.130939909,6,Modelled,,,
Indonesia,19.3691413,71.89756441,0.236483559,6,Modelled,,,
Indonesia,5.470620587,1.050159617,0.003778279,6,Modelled,,,
Indonesia,18.20153732,3.936849269,0.115317728,6,Modelled,,,
Indonesia,19.97998517,4.843633707,0.17131585,6,Modelled,,,
Indonesia,16.03574526,6.276238301,0.085621247,6,Modelled,,,
Indonesia,17.70310595,1.266267999,0.053764666,6,Modelled,,,
Indonesia,14.57412703,1.424913323,0.039130916,6,Modelled,,,
Indonesia,17.99797187,1.068457346,0.046906204,6,Modelled,,,
Indonesia,15.58079108,1.509366472,0.047238454,6,Modelled,,,
Indonesia,17.91463054,3.559490572,0.105418247,6,Modelled,,,
Indonesia,18.94523198,1.598825073,0.073051584,6,Modelled,,,
Indonesia,17.41895237,1.248170944,0.051774733,6,Modelled,,,
Indonesia,19.60948826,41.48627828,0.244003453,6,Modelled,,,
Indonesia,15.00576438,2.901453762,0.056767962,6,Modelled,,,
Indonesia,17.39299998,8.062627939,0.121081461,6,Modelled,,,
Indonesia,14.8870821,1.664582507,0.044758047,6,Modelled,,,
Indonesia,18.60121658,3.18145406,0.112002986,6,Modelled,,,
Indonesia,17.3223791,7.611502031,0.117045789,6,Modelled,,,
Indonesia,19.12166177,8.016337512,0.173619476,6,Modelled,,,
Indonesia,18.92888021,9.098917922,0.174167633,6,Modelled,,,
Indonesia,13.7232645,3.803163849,0.045642197,6,Modelled,,,
Indonesia,15.87109854,1.002883099,0.028458707,6,Modelled,,,
Indonesia,19.4858255,3.716571871,0.137929597,6,Modelled,,,
Indonesia,13.84977743,1.002883099,0.003173229,6,Modelled,,,
Indonesia,18.13718055,98.11783052,0.175275167,6,Modelled,,,
Indonesia,16.48188905,4.134320121,0.08512817,6,Modelled,,,
Indonesia,14.46804175,2.392460142,0.047651736,6,Modelled,,,
Indonesia,18.81337144,1.763240603,0.078228177,6,Modelled,,,
Indonesia,19.48072545,4.65229148,0.15279267,6,Modelled,,,
Indonesia,12.30525062,2.385582271,0.029756694,6,Modelled,,,
Indonesia,17.26570596,2.337987638,0.078083461,6,Modelled,,,
Indonesia,15.55485653,5.593542236,0.075267665,6,Modelled,,,
Indonesia,15.42812429,4.075233879,0.068407272,6,Modelled,,,
Indonesia,17.04996008,2.653725294,0.080672982,6,Modelled,,,
Indonesia,18.80920534,6.151021383,0.15113243,6,Modelled,,,
Indonesia,15.22095232,10.12164994,0.07589832,6,Modelled,,,
Indonesia,12.53651392,1.002883099,0.003459636,6,Modelled,,,
Indonesia,18.83591845,4.520263906,0.13553883,6,Modelled,,,
Indonesia,18.08218706,35.30912633,0.167998433,6,Modelled,,,
Indonesia,18.96084197,2.646096336,0.106415311,6,Modelled,,,
Indonesia,14.54746804,2.986199234,0.051956606,6,Modelled,,,
Indonesia,18.62818054,72.10485223,0.196692979,6,Modelled,,,
Indonesia,7.79976178,1.002883099,0.004903952,6,Modelled,,,
Indonesia,19.06414512,1.540092787,0.071183384,6,Modelled,,,
Indonesia,17.76110227,3.126970477,0.096725704,6,Modelled,,,
Indonesia,18.85453278,3.126970477,0.115389176,6,Modelled,,,
Indonesia,14.45682321,11.0665182,0.063125452,6,Modelled,,,
Indonesia,18.95686654,1.513718125,0.06960239,6,Modelled,,,
Indonesia,10.97445397,1.388467229,0.019111825,6,Modelled,,,
Indonesia,15.74081278,1.636075913,0.051056862,6,Modelled,,,
Indonesia,19.79480025,3.716571871,0.144910875,6,Modelled,,,
Indonesia,14.36954935,2.036231759,0.044599831,6,Modelled,,,
Indonesia,18.97715438,2.304573946,0.097311725,6,Modelled,,,
Indonesia,9.444820309,1.008674259,0.001343279,6,Modelled,,,
Indonesia,13.59322553,4.218482862,0.045452262,6,Modelled,,,
Indonesia,15.78244173,16.22940416,0.090310602,6,Modelled,,,
Indonesia,18.42956261,28.86456994,0.179140517,6,Modelled,,,
Indonesia,19.36156294,2.868232838,0.117133456,6,Modelled,,,
Indonesia,15.25816183,50.02358281,0.08200471,6,Modelled,,,
Indonesia,15.039303,1.967086491,0.049521234,6,Modelled,,,
Indonesia,15.64925663,9.473143662,0.083653264,6,Modelled,,,
Indonesia,17.26382803,7.677526167,0.115961317,6,Modelled,,,
Indonesia,17.62347371,142.2454094,0.154255364,6,Modelled,,,
Indonesia,12.9233035,27.24951894,0.043669313,6,Modelled,,,
Indonesia,19.37544269,80.44079778,0.236190036,6,Modelled,,,
Indonesia,18.40028386,27.64460587,0.176606696,6,Modelled,,,
Indonesia,18.63507699,15.36549787,0.175166523,6,Modelled,,,
Indonesia,19.9432147,38.49429313,0.265107719,6,Modelled,,,
Indonesia,19.7234353,30.13837136,0.243163036,6,Modelled,,,
Indonesia,18.069793,1.333617414,0.058012043,6,Modelled,,,
Indonesia,13.10063362,1.023298884,0.025884419,6,Modelled,,,
Indonesia,16.78115503,5.674642216,0.098358355,6,Modelled,,,
Indonesia,7.599961925,1.002883099,0.004230273,6,Modelled,,,
Indonesia,17.53726205,5.85722521,0.116148678,6,Modelled,,,
Indonesia,16.65308735,1.458112214,0.053802425,6,Modelled,,,
Indonesia,16.39413156,1.475000604,0.052362033,6,Modelled,,,
Indonesia,18.80514559,1.50070066,0.068132131,6,Modelled,,,
Indonesia,17.00532836,12.48889836,0.119059042,6,Modelled,,,
Indonesia,13.72616658,1.310778721,0.032512861,6,Modelled,,,
Indonesia,17.19590519,2.909818941,0.085194273,6,Modelled,,,
Indonesia,17.09799764,3.836153476,0.093205968,6,Modelled,,,
Indonesia,17.41383307,1.636075913,0.063622361,6,Modelled,,,
Indonesia,16.58893451,2.638489309,0.074183967,6,Modelled,,,
Indonesia,18.90489289,12.38149804,0.180457831,6,Modelled,,,
Indonesia,19.99432871,4.899734448,0.170484871,6,Modelled,,,
Indonesia,19.12504308,4.442852708,0.142867055,6,Modelled,,,
Indonesia,19.9185784,8.968879405,0.208693151,6,Modelled,,,
Indonesia,14.12329667,2.739109552,0.04660031,6,Modelled,,,
Indonesia,18.04685322,1.693585793,0.070442161,6,Modelled,,,
Indonesia,14.26354237,2.811008867,0.048421469,6,Modelled,,,
Indonesia,13.62903084,1.255378521,0.03129496,6,Modelled,,,
Indonesia,15.70721323,10.15083166,0.085539911,6,Modelled,,,
Indonesia,16.34036192,3.012102298,0.075278033,6,Modelled,,,
Indonesia,15.53680977,2.311218261,0.057979521,6,Modelled,,,
Indonesia,16.27896376,2.901453762,0.072423425,6,Modelled,,,
Indonesia,18.22096291,8.039449408,0.144367537,6,Modelled,,,
Indonesia,17.70590477,5.806855048,0.119276093,6,Modelled,,,
Indonesia,14.77529114,1.29577063,0.038375441,6,Modelled,,,
Indonesia,18.78264089,2.571002658,0.101615125,6,Modelled,,,
Indonesia,16.70654824,1.223268748,0.04749649,6,Modelled,,,
Indonesia,19.39227218,14.13473178,0.20590801,6,Modelled,,,
Indonesia,18.33249737,9.046677784,0.151628276,6,Modelled,,,
Indonesia,7.245092415,1.437273389,0.007029786,6,Modelled,,,
Indonesia,14.3761502,3.246219218,0.051614841,6,Modelled,,,
Indonesia,19.38794082,13.49840861,0.206495308,6,Modelled,,,
Indonesia,19.469426,2.526973282,0.110049575,6,Modelled,,,
Indonesia,18.97220749,17.04346486,0.194412838,6,Modelled,,,
Indonesia,18.82484396,2.770834922,0.107130448,6,Modelled,,,
Indonesia,15.95036288,11.92666799,0.092140934,6,Modelled,,,
Indonesia,13.56738412,1.128530051,0.029442204,6,Modelled,,,
Indonesia,10.42649454,7.022012778,0.020656321,6,Modelled,,,
Indonesia,18.47930017,2.371885791,0.093522909,6,Modelled,,,
Indonesia,19.56615778,1.927841246,0.090232901,6,Modelled,,,
Indonesia,17.10672872,18.95917585,0.126705798,6,Modelled,,,
Indonesia,17.5213014,28.04542111,0.14357016,6,Modelled,,,
Indonesia,19.12087151,15.49878217,0.198161558,6,Modelled,,,
Indonesia,19.75008778,20.14076763,0.235082843,6,Modelled,,,
Indonesia,16.90313443,3.082280921,0.083442935,6,Modelled,,,
Indonesia,16.12754376,11.52166859,0.095312645,6,Modelled,,,
Indonesia,17.71996285,2.304573946,0.082711453,6,Modelled,,,
Indonesia,19.34208537,3.274377763,0.125906753,6,Modelled,,,
Indonesia,17.96269586,1.337462366,0.057647552,6,Modelled,,,
Indonesia,16.29247876,3.172307981,0.075660358,6,Modelled,,,
Indonesia,12.16527628,1.005774511,0.00592751,6,Modelled,,,
Indonesia,19.45394018,5.976461292,0.170675125,6,Modelled,,,
Indonesia,18.92986471,13.19107137,0.183307499,6,Modelled,,,
Indonesia,19.83680606,53.91168685,0.260994522,6,Modelled,,,
Indonesia,17.07912777,4.455661893,0.097543145,6,Modelled,,,
Indonesia,13.22037807,1.341318402,0.030102088,6,Modelled,,,
Indonesia,18.07115405,3.869429263,0.113198592,6,Modelled,,,
Indonesia,13.39477519,3.70588743,0.042465682,6,Modelled,,,
Indonesia,18.20504556,10.47743714,0.15131076,6,Modelled,,,
Indonesia,19.33981582,15.36549787,0.2086646,6,Modelled,,,
Indonesia,17.97806057,9.94831292,0.14210148,6,Modelled,,,
Indonesia,16.98042633,1.205786223,0.048316861,6,Modelled,,,
Indonesia,9.40015175,1.005774511,0.009060315,6,Modelled,,,
Indonesia,14.84741354,6.098124673,0.064672522,6,Modelled,,,
Indonesia,18.23507826,1.571444599,0.067592612,6,Modelled,,,
Indonesia,17.11087605,3.172307981,0.087461634,6,Modelled,,,
Indonesia,18.97225684,1.412659549,0.065381692,6,Modelled,,,
Indonesia,15.48985001,1.322148754,0.043153673,6,Modelled,,,
Indonesia,16.12912627,3.51873529,0.075087773,6,Modelled,,,
Indonesia,19.55285931,1.978445453,0.092119348,6,Modelled,,,
Indonesia,19.95277156,5.529497568,0.179923957,6,Modelled,,,
Indonesia,17.55402097,1.144892449,0.048517452,6,Modelled,,,
Indonesia,13.62381552,1.955792745,0.037865138,6,Modelled,,,
Indonesia,18.39075329,1.352953345,0.060270621,6,Modelled,,,
Indonesia,17.15849585,3.46844677,0.091304394,6,Modelled,,,
Indonesia,14.17942951,1.005774511,0.024461644,6,Modelled,,,
Indonesia,17.15362962,1.733044452,0.064453181,6,Modelled,,,
Indonesia,19.55893643,1.778535407,0.08427816,6,Modelled,,,
Indonesia,18.00613911,22.59896357,0.158410231,6,Modelled,,,
Indonesia,13.23453973,2.901453762,0.03858539,6,Modelled,,,
Indonesia,17.89591145,6.080593718,0.12695619,6,Modelled,,,
Indonesia,15.96399878,1.4331415,0.048677395,6,Modelled,,,
Indonesia,16.17143916,4.291984694,0.081377965,6,Modelled,,,
Indonesia,18.34827497,3.331429734,0.11036431,7,Modelled,,,
Indonesia,19.25448327,1.758171619,0.081305486,7,Modelled,,,
Indonesia,19.89894327,5.674642216,0.177925833,7,Modelled,,,
Indonesia,19.33216586,16.08983676,0.208054159,7,Modelled,,,
Indonesia,19.43946873,2.095705883,0.095315049,7,Modelled,,,
Indonesia,12.22126233,1.002883099,0.004671704,7,Modelled,,,
Indonesia,13.02025671,34.11011792,0.044922192,7,Modelled,,,
Indonesia,19.35964667,95.05927521,0.236212931,7,Modelled,,,
Indonesia,16.97474503,11.89238108,0.116213703,7,Modelled,,,
Indonesia,17.4176831,1.819973298,0.068470618,7,Modelled,,,
Indonesia,17.09275105,2.169372265,0.07293774,7,Modelled,,,
Indonesia,13.74651934,6.222264768,0.050157443,7,Modelled,,,
Indonesia,18.73947172,2.358267947,0.095919789,7,Modelled,,,
Indonesia,16.69867839,1.483518011,0.054760277,7,Modelled,,,
Indonesia,19.19565102,21.76879846,0.209903024,7,Modelled,,,
Indonesia,19.72956737,16.70343154,0.227309797,7,Modelled,,,
Indonesia,18.6797103,12.16946029,0.171294611,7,Modelled,,,
Indonesia,8.602532105,2.827241068,0.011463248,7,Modelled,,,
Indonesia,10.19479546,1.005774511,0.006324343,7,Modelled,,,
Indonesia,14.00544164,1.002883099,0.011233401,7,Modelled,,,
Indonesia,15.73605965,6.240204175,0.080048296,7,Modelled,,,
Indonesia,18.87722398,4.455661893,0.135980455,7,Modelled,,,
Indonesia,19.27219012,3.218302827,0.123369158,7,Modelled,,,
Indonesia,18.29232859,1.364689212,0.060346275,7,Modelled,,,
Indonesia,15.65728984,10.44731649,0.084838053,7,Modelled,,,
Indonesia,16.74976457,4.182205332,0.090408648,7,Modelled,,,
Indonesia,14.1958545,2.556241613,0.046040657,7,Modelled,,,
Indonesia,9.218865537,1.005774511,0.006360152,7,Modelled,,,
Indonesia,15.67135205,5.280568372,0.076109488,7,Modelled,,,
Indonesia,19.5789024,4.599023899,0.156392569,7,Modelled,,,
Indonesia,18.4853182,6.553210426,0.146474072,7,Modelled,,,
Indonesia,16.38145597,6.822734785,0.093303192,7,Modelled,,,
Indonesia,18.2759828,5.593542236,0.132909628,7,Modelled,,,
Indonesia,10.18698227,1.002883099,0.005560203,7,Modelled,,,
Indonesia,9.452712802,2.505242164,0.014406717,7,Modelled,,,
Indonesia,17.70055181,2.770834922,0.091492971,7,Modelled,,,
Indonesia,10.86183109,9.284145445,0.023668032,7,Modelled,,,
Indonesia,16.55462151,6.045682857,0.095946461,7,Modelled,,,
Indonesia,19.91817118,2.001360534,0.095666703,7,Modelled,,,
Indonesia,19.60318773,32.5745346,0.238592363,7,Modelled,,,
Indonesia,18.62980477,8.085873296,0.156114837,7,Modelled,,,
Indonesia,18.28225697,9.310912558,0.149691723,7,Modelled,,,
Indonesia,15.36533709,1.185136686,0.039608309,7,Modelled,,,
Indonesia,14.26054049,1.002883099,0.028941751,7,Modelled,,,
Indonesia,18.94074352,6.330680015,0.15844992,7,Modelled,,,
Indonesia,11.77967181,1.626682617,0.024073884,7,Modelled,,,
Indonesia,19.49191568,15.27727905,0.216128326,7,Modelled,,,
Indonesia,14.53524158,1.005774511,0.002239834,7,Modelled,,,
Indonesia,18.32030233,1.32596064,0.058791057,7,Modelled,,,
Indonesia,17.86956185,3.82512526,0.10809601,7,Modelled,,,
Indonesia,12.88883763,9.473143662,0.041465672,7,Modelled,,,
Indonesia,17.14685119,2.811008867,0.083353944,7,Modelled,,,
Indonesia,14.89894397,2.661376248,0.053689808,7,Modelled,,,
Indonesia,19.75898246,1.713201524,0.082331669,7,Modelled,,,
Indonesia,15.06523186,4.746998612,0.065393436,7,Modelled,,,
Indonesia,18.31019528,1.333617414,0.059084774,7,Modelled,,,
Indonesia,16.01854023,1.122050757,0.041154759,7,Modelled,,,
Indonesia,15.31383299,1.585075716,0.046693569,7,Modelled,,,
Indonesia,14.651227,14.2573401,0.067386123,7,Modelled,,,
Indonesia,17.58927053,1.505027329,0.06116847,7,Modelled,,,
Indonesia,19.48836126,4.291984694,0.147921997,7,Modelled,,,
Indonesia,5.146304464,1.008674259,0.001712984,7,Modelled,,,
Indonesia,19.97745882,1.693585793,0.082842465,7,Modelled,,,
Indonesia,16.08217739,2.556241613,0.066492791,7,Modelled,,,
Indonesia,19.87625883,17.84690413,0.240963752,7,Modelled,,,
Indonesia,16.44970974,1.255378521,0.04699405,7,Modelled,,,
Indonesia,18.95921364,4.706176025,0.141463972,7,Modelled,,,
Indonesia,13.68562201,1.862376645,0.037479735,7,Modelled,,,
Indonesia,15.23700267,1.400511153,0.043219452,7,Modelled,,,
Indonesia,18.85130525,4.815824676,0.139761566,7,Modelled,,,
Indonesia,19.97356084,2.16313573,0.102656509,7,Modelled,,,
Indonesia,18.26181716,1.669381664,0.071140467,7,Modelled,,,
Indonesia,13.45640403,1.002883099,0.005903792,7,Modelled,,,
Indonesia,14.44350271,2.73123513,0.049815364,7,Modelled,,,
Indonesia,16.71711878,6.981696894,0.101717322,7,Modelled,,,
Indonesia,15.96544939,1.002883099,0.00339184,7,Modelled,,,
Indonesia,19.59592095,3.264964546,0.1313934,7,Modelled,,,
Indonesia,19.04297252,1.571444599,0.072320963,7,Modelled,,,
Indonesia,14.54353561,3.399247961,0.053768957,7,Modelled,,,
Indonesia,17.35762051,1.900289221,0.070027173,7,Modelled,,,
Indonesia,15.16195491,4.706176025,0.066897259,7,Modelled,,,
Indonesia,16.27071347,4.218482862,0.08261207,7,Modelled,,,
Indonesia,16.32866412,4.843633707,0.086698212,7,Modelled,,,
Indonesia,11.35965999,2.012917412,0.022892112,7,Modelled,,,
Indonesia,12.23805083,1.626682617,0.026408716,7,Modelled,,,
Indonesia,18.55711468,6.312480507,0.14662045,7,Modelled,,,
Indonesia,18.15059014,1.571444599,0.06680853,7,Modelled,,,
Indonesia,18.95628495,7.082923532,0.163826053,7,Modelled,,,
Indonesia,16.14179309,1.933399404,0.059359607,7,Modelled,,,
Indonesia,19.38395333,10.41728243,0.196410897,7,Modelled,,,
Indonesia,17.95719688,1.835760217,0.07391782,7,Modelled,,,
Indonesia,19.05211967,15.05894158,0.193295928,7,Modelled,,,
Indonesia,19.58137728,6.725226672,0.181318966,7,Modelled,,,
Indonesia,17.43147184,2.448201794,0.082259708,7,Modelled,,,
Indonesia,15.34382142,4.692646659,0.068560286,7,Modelled,,,
Indonesia,16.99299625,1.322148754,0.05193201,7,Modelled,,,
Indonesia,19.6925833,9.862760783,0.206457139,7,Modelled,,,
Indonesia,19.90247993,4.417344703,0.160900516,7,Modelled,,,
Indonesia,17.08310089,3.858305386,0.093686476,7,Modelled,,,
Indonesia,15.56688793,1.053187331,0.037189067,7,Modelled,,,
Indonesia,16.09956385,3.914246411,0.078091559,7,Modelled,,,
Indonesia,8.495745405,8.418433931,0.011801928,7,Modelled,,,
Indonesia,15.95771655,2.018720852,0.058874598,7,Modelled,,,
Indonesia,19.05891802,89.22521886,0.220418227,7,Modelled,,,
Indonesia,19.38786989,26.78286081,0.222924973,7,Modelled,,,
Indonesia,18.2258267,8.815284013,0.148438508,7,Modelled,,,
Indonesia,18.52543856,45.62099901,0.189028809,7,Modelled,,,
Indonesia,16.47136633,1.068457346,0.041532714,7,Modelled,,,
Indonesia,18.84354146,7.062561466,0.160375792,7,Modelled,,,
Indonesia,19.21386119,5.357130588,0.155627895,7,Modelled,,,
Indonesia,19.0958582,1.55345195,0.071916254,7,Modelled,,,
Indonesia,11.52043081,1.005774511,0.016945682,7,Modelled,,,
Indonesia,13.76208682,3.172307981,0.044626648,7,Modelled,,,
Indonesia,19.33848592,2.699963167,0.11241507,7,Modelled,,,
Indonesia,17.0593816,1.032175243,0.042452331,7,Modelled,,,
Indonesia,13.39742185,4.051836506,0.042780235,7,Modelled,,,
Indonesia,8.566873201,1.008674259,0.001307255,7,Modelled,,,
Indonesia,18.74719342,9.721805694,0.167710233,7,Modelled,,,
Indonesia,14.02908572,36.44520606,0.059950015,7,Modelled,,,
Indonesia,15.66335741,1.846360834,0.053251282,7,Modelled,,,
Indonesia,18.53956796,9.919713402,0.161285294,7,Modelled,,,
Indonesia,18.6868753,7.811297539,0.157097974,7,Modelled,,,
Indonesia,15.96925437,2.239172346,0.062128121,7,Modelled,,,
Indonesia,19.61176705,1.50070066,0.072157934,7,Modelled,,,
Indonesia,17.33633628,2.095705883,0.074147353,7,Modelled,,,
Indonesia,18.41779411,5.959280096,0.138621616,7,Modelled,,,
Indonesia,17.13617562,3.199825401,0.088244876,7,Modelled,,,
Indonesia,19.22426489,8.22675961,0.177806361,7,Modelled,,,
Indonesia,16.47241672,6.496855026,0.095665029,7,Modelled,,,
Indonesia,18.5219678,8.639410721,0.156909758,7,Modelled,,,
Indonesia,19.09868385,9.020670296,0.179488574,7,Modelled,,,
Indonesia,12.22248042,2.811008867,0.030092454,7,Modelled,,,
Indonesia,11.68334793,7.35303472,0.029464265,7,Modelled,,,
Indonesia,16.44065035,62.07950381,0.111880279,7,Modelled,,,
Indonesia,17.73274237,14.50575657,0.142773386,7,Modelled,,,
Indonesia,14.49189334,2.392460142,0.048260449,7,Modelled,,,
Indonesia,13.62852579,1.496386429,0.033977565,8,Modelled,,,
Indonesia,16.52269372,1.002883099,0.01732504,8,Modelled,,,
Indonesia,17.77895139,16.89689681,0.147127928,8,Modelled,,,
Indonesia,18.63024704,9.046677784,0.160127636,8,Modelled,,,
Indonesia,11.86337934,3.331429734,0.028505641,8,Modelled,,,
Indonesia,18.95200961,3.70588743,0.128293052,8,Modelled,,,
Indonesia,10.20172219,1.008674259,0.009667159,8,Modelled,,,
Indonesia,17.89662774,23.80094214,0.156746553,8,Modelled,,,
Indonesia,19.06563118,3.350667111,0.122935721,8,Modelled,,,
Indonesia,15.79687856,4.928028018,0.077506504,8,Modelled,,,
Indonesia,19.91870842,2.835392285,0.124500969,8,Modelled,,,
Indonesia,16.56772711,1.967086491,0.064061158,8,Modelled,,,
Indonesia,15.45070545,9.151459722,0.078980653,8,Modelled,,,
Indonesia,16.5045889,5.175216015,0.090488746,8,Modelled,,,
Indonesia,12.49741787,1.008674259,0.016798362,8,Modelled,,,
Indonesia,9.074163461,1.005774511,0.005932561,8,Modelled,,,
Indonesia,19.22010279,1.905767944,0.086822889,8,Modelled,,,
Indonesia,17.07385729,1.356854044,0.053590736,8,Modelled,,,
Indonesia,19.87366581,9.473143662,0.210997856,8,Modelled,,,
Indonesia,11.47399469,1.008674259,0.01725304,8,Modelled,,,
Indonesia,13.06945257,3.246219218,0.037888442,8,Modelled,,,
Indonesia,14.59598487,2.226316457,0.048205065,8,Modelled,,,
Indonesia,14.74859903,10.32769731,0.066649912,8,Modelled,,,
Indonesia,19.87816421,2.181899329,0.102732114,8,Modelled,,,
Indonesia,18.83215793,1.205786223,0.05556832,8,Modelled,,,
Indonesia,19.9513512,3.236886951,0.136549739,8,Modelled,,,
Indonesia,15.11052309,3.528880153,0.061703048,8,Modelled,,,
Indonesia,19.68317834,96.43752623,0.254765299,8,Modelled,,,
Indonesia,17.9378902,12.06480703,0.147510719,8,Modelled,,,
Indonesia,17.88506837,2.150716395,0.081176184,8,Modelled,,,
Indonesia,17.68990938,1.005774511,0.043342682,8,Modelled,,,
Indonesia,17.75903406,4.928028018,0.11530756,8,Modelled,,,
Indonesia,19.37859431,8.274265122,0.186122279,8,Modelled,,,
Indonesia,19.62860009,9.55531616,0.200311417,8,Modelled,,,
Indonesia,18.37635099,5.497750747,0.135552411,8,Modelled,,,
Indonesia,19.8907859,1.659797147,0.080665632,8,Modelled,,,
Indonesia,18.8319429,3.360327417,0.119326853,8,Modelled,,,
Indonesia,15.20538557,1.535665311,0.045020397,8,Modelled,,,
Indonesia,19.41947746,13.19107137,0.20637586,8,Modelled,,,
Indonesia,16.04889286,3.418876955,0.074233186,8,Modelled,,,
Indonesia,15.26283279,28.45204772,0.081202901,8,Modelled,,,
Indonesia,17.48462859,2.175626781,0.07748149,8,Modelled,,,
Indonesia,19.65609545,29.70764442,0.2412789,8,Modelled,,,
Indonesia,14.33974972,1.002883099,0.008448374,8,Modelled,,,
Indonesia,13.13510383,2.526973282,0.036861981,8,Modelled,,,
Indonesia,14.43619284,1.005774511,0.02889284,8,Modelled,,,
Indonesia,17.66961746,1.44557294,0.059683976,8,Modelled,,,
Indonesia,19.55010529,5.265387736,0.164623923,8,Modelled,,,
Indonesia,19.84332501,7.459645333,0.197106117,8,Modelled,,,
Indonesia,19.56047961,2.344728289,0.105037402,8,Modelled,,,
Indonesia,18.82096967,1.718140854,0.07662144,8,Modelled,,,
Indonesia,19.30753677,2.331266366,0.101488008,8,Modelled,,,
Indonesia,17.13576357,10.93980932,0.120617547,8,Modelled,,,
Indonesia,17.45270451,4.857598384,0.107946285,8,Modelled,,,
Indonesia,19.86341934,4.599023899,0.162235621,8,Modelled,,,
Indonesia,19.19647003,13.30549413,0.195897256,8,Modelled,,,
Indonesia,19.67686142,1.458112214,0.070304279,8,Modelled,,,
Indonesia,18.29306912,2.926621722,0.102241066,8,Modelled,,,
Indonesia,17.47007406,2.994808743,0.090686698,8,Modelled,,,
Indonesia,19.15654703,1.851684076,0.083856629,8,Modelled,,,
Indonesia,17.16660738,4.559473844,0.099764611,8,Modelled,,,
Indonesia,19.91375646,7.655454731,0.202127376,8,Modelled,,,
Indonesia,16.84437242,2.960518927,0.081294343,8,Modelled,,,
Indonesia,16.81726506,1.466532098,0.054964981,8,Modelled,,,
Indonesia,19.10394347,1.479253177,0.068823027,8,Modelled,,,
Indonesia,14.80252236,1.927841246,0.04707996,8,Modelled,,,
Indonesia,12.7690907,1.48779514,0.028596304,8,Modelled,,,
Indonesia,15.45630349,12.06480703,0.081157205,8,Modelled,,,
Indonesia,18.76431027,33.04682818,0.197433244,8,Modelled,,,
Indonesia,11.91561677,1.002883099,0.004030029,8,Modelled,,,
Indonesia,19.14983009,10.06353793,0.182973639,8,Modelled,,,
Indonesia,18.28384379,6.803120713,0.141082981,8,Modelled,,,
Indonesia,11.07970831,1.041128598,0.017689041,8,Modelled,,,
Indonesia,12.16326037,1.005774511,0.021396005,8,Modelled,,,
Indonesia,19.00064037,3.302780562,0.120839335,8,Modelled,,,
Indonesia,17.80775388,3.727287117,0.10530224,8,Modelled,,,
Indonesia,12.7501124,25.13912095,0.042071589,8,Modelled,,,
Indonesia,18.30022627,3.82512526,0.11576819,8,Modelled,,,
Indonesia,18.52662263,2.317881733,0.092457747,8,Modelled,,,
Indonesia,16.07344419,1.002883099,0.032555323,8,Modelled,,,
Indonesia,16.49547087,6.515586104,0.09586118,8,Modelled,,,
Indonesia,19.13708238,11.13042193,0.189235555,8,Modelled,,,
Indonesia,12.67124134,1.002883099,0.006803854,8,Modelled,,,
Indonesia,19.43617973,1.458112214,0.069415251,8,Modelled,,,
Indonesia,19.62123204,6.010972432,0.174929134,8,Modelled,,,
Indonesia,10.41083303,1.002883099,0.003799945,8,Modelled,,,
Indonesia,19.15167442,12.41719513,0.192043602,8,Modelled,,,
Indonesia,18.954529,7.811297539,0.166343615,8,Modelled,,,
Indonesia,13.09829444,1.005774511,0.016324839,8,Modelled,,,
Indonesia,19.99783437,3.236886951,0.136845168,8,Modelled,,,
Indonesia,18.29421162,2.150716395,0.085793668,8,Modelled,,,
Indonesia,19.00422875,3.559490572,0.12667425,8,Modelled,,,
Indonesia,7.612574623,1.008674259,0.005033885,8,Modelled,,,
Indonesia,18.84514411,6.13333836,0.153533201,8,Modelled,,,
Indonesia,17.58266026,33.91427955,0.148319911,8,Modelled,,,
Indonesia,17.959786,1.636075913,0.067782437,8,Modelled,,,
Indonesia,18.77381741,1.453920417,0.066182277,8,Modelled,,,
Indonesia,18.45541891,8.714351203,0.155274741,8,Modelled,,,
Indonesia,10.88145081,1.002883099,0.009678003,8,Modelled,,,
Indonesia,8.947573777,1.008674259,0.004224735,8,Modelled,,,
Indonesia,8.686565571,1.008674259,0.008183348,8,Modelled,,,
Indonesia,8.096607644,1.005774511,0.002027458,8,Modelled,,,
Indonesia,18.10092341,12.06480703,0.152917984,8,Modelled,,,
Indonesia,7.555570496,1.005774511,0.00664929,9,Modelled,,,
Indonesia,13.53937732,1.005774511,0.001847795,9,Modelled,,,
Indonesia,14.45886025,2.188189961,0.046083481,9,Modelled,,,
Indonesia,19.72292371,3.029495715,0.126732094,9,Modelled,,,
Indonesia,15.30791296,29.36749928,0.083141028,9,Modelled,,,
Indonesia,18.58474681,10.6907273,0.165900729,9,Modelled,,,
Indonesia,19.67916083,10.18009751,0.208395344,9,Modelled,,,
Indonesia,16.64846853,2.371885791,0.071328002,9,Modelled,,,
Indonesia,16.00738169,1.345185556,0.046921442,9,Modelled,,,
Indonesia,17.43042561,8.540491617,0.122679012,9,Modelled,,,
Indonesia,17.39863732,14.0940971,0.132999472,9,Modelled,,,
Indonesia,15.8677997,2.977614476,0.067756389,9,Modelled,,,
Indonesia,17.27441297,7.481152231,0.115244936,9,Modelled,,,
Indonesia,9.050423937,1.008674259,0.00379111,9,Modelled,,,
Indonesia,17.48049521,4.146239776,0.104037265,9,Modelled,,,
Indonesia,19.72084935,3.274377763,0.13406283,9,Modelled,,,
Indonesia,15.12947383,3.209050815,0.059834421,9,Modelled,,,
Indonesia,19.86041218,10.15083166,0.211617476,9,Modelled,,,
Indonesia,10.45193471,1.002883099,0.003845899,9,Modelled,,,
Indonesia,15.84634442,13.45960324,0.090429898,9,Modelled,,,
Indonesia,18.30289077,3.51873529,0.111474408,9,Modelled,,,
Indonesia,15.4750596,1.713201524,0.050234664,9,Modelled,,,
Indonesia,11.92257813,1.589645647,0.024665641,9,Modelled,,,
Indonesia,18.45405675,3.716571871,0.118088667,9,Modelled,,,
Indonesia,15.18306186,1.392470318,0.042842656,9,Modelled,,,
Indonesia,18.21989098,4.788175306,0.124547639,9,Modelled,,,
Indonesia,8.68676215,1.008674259,0.003069357,9,Modelled,,,
Indonesia,18.59319005,2.476557764,0.097219274,9,Modelled,,,
Indonesia,19.86363892,51.18907648,0.261343459,9,Modelled,,,
Indonesia,19.97551579,1.713201524,0.083844301,9,Modelled,,,
Indonesia,16.75947481,1.230332526,0.047894799,9,Modelled,,,
Indonesia,18.78629993,2.200825688,0.092135079,9,Modelled,,,
Indonesia,15.28579771,2.819113285,0.059441286,9,Modelled,,,
Indonesia,10.37781622,3.064584445,0.019214748,9,Modelled,,,
Indonesia,19.31502617,7.247947748,0.177396492,9,Modelled,,,
Indonesia,18.16354196,7.677526167,0.141005948,9,Modelled,,,
Indonesia,19.53752176,2.960518927,0.122876423,9,Modelled,,,
Indonesia,15.78246435,1.562422375,0.049807207,9,Modelled,,,
Indonesia,17.83680719,1.972757797,0.076308147,9,Modelled,,,
Indonesia,19.88261998,6.9017582,0.19338758,9,Modelled,,,
Indonesia,18.80960793,15.40979812,0.182231327,9,Modelled,,,
Indonesia,19.12076101,2.600780953,0.107373413,9,Modelled,,,
Indonesia,18.4402798,1.384475648,0.061741672,9,Modelled,,,
Indonesia,15.5496872,1.002883099,0.016451626,9,Modelled,,,
Indonesia,18.57130806,5.450471945,0.139278336,9,Modelled,,,
Indonesia,19.50705878,3.993929091,0.144058048,9,Modelled,,,
Indonesia,13.90010358,2.469438129,0.042707287,9,Modelled,,,
Indonesia,14.25351957,18.74209801,0.061503568,9,Modelled,,,
Indonesia,17.55443339,4.122434732,0.105348458,9,Modelled,,,
Indonesia,14.55335958,3.803163849,0.055414742,9,Modelled,,,
Indonesia,14.27822036,1.280934379,0.035443865,9,Modelled,,,
Indonesia,19.31922091,14.75850139,0.205725761,9,Modelled,,,
Indonesia,13.76295929,1.266267999,0.032411793,9,Modelled,,,
Indonesia,14.29331367,27.32808201,0.062762613,9,Modelled,,,
Indonesia,15.52582962,5.235157264,0.073201458,9,Modelled,,,
Indonesia,16.98309249,1.318347826,0.051723097,9,Modelled,,,
Indonesia,15.17135273,1.005774511,0.017483198,9,Modelled,,,
Indonesia,16.25003878,3.350667111,0.076270489,9,Modelled,,,
Indonesia,11.6007048,1.483518011,0.022243218,9,Modelled,,,
Indonesia,19.52479979,11.72241937,0.205433426,9,Modelled,,,
Indonesia,7.168102876,1.002883099,0.001512736,9,Modelled,,,
Indonesia,17.58027049,15.49878217,0.137388026,9,Modelled,,,
Indonesia,11.5090333,1.002883099,0.016442854,9,Modelled,,,
Indonesia,18.16559613,16.65541233,0.162116435,9,Modelled,,,
Indonesia,9.643194307,1.57597523,0.014210156,9,Modelled,,,
Indonesia,19.43888992,11.22697009,0.202070127,9,Modelled,,,
Indonesia,19.7578975,71.69087251,0.256616104,9,Modelled,,,
Indonesia,18.3439321,7.206334691,0.143107819,9,Modelled,,,
Indonesia,14.04058624,13.73360164,0.057094521,9,Modelled,,,
Indonesia,14.19053801,25.79900168,0.061773926,9,Modelled,,,
Indonesia,19.94743579,2.291342563,0.107440377,9,Modelled,,,
Indonesia,16.86672087,1.571444599,0.05812694,9,Modelled,,,
Indonesia,16.53541902,5.609668974,0.092575076,9,Modelled,,,
Indonesia,19.98075692,5.145503251,0.176176643,9,Modelled,,,
Indonesia,9.509107752,1.005774511,0.00305565,9,Modelled,,,
Indonesia,19.25224045,4.760684681,0.150681014,9,Modelled,,,
Indonesia,8.769010984,2.378724173,0.011781834,9,Modelled,,,
Indonesia,18.93542865,1.984149508,0.086988749,9,Modelled,,,
Indonesia,18.32397084,2.132220959,0.085090765,9,Modelled,,,
Indonesia,18.8421326,30.31240572,0.199396729,9,Modelled,,,
Indonesia,19.08825031,1.698468569,0.077831538,9,Modelled,,,
Indonesia,19.62290503,5.57746186,0.171440934,9,Modelled,,,
Indonesia,13.76584681,1.32596064,0.032903591,9,Modelled,,,
Indonesia,14.26206629,19.91016085,0.061358758,10,Modelled,,,
Indonesia,19.9431354,14.05357924,0.230896417,10,Modelled,,,
Indonesia,18.43751661,1.1416011,0.051408413,10,Modelled,,,
Indonesia,8.374160361,1.005774511,0.00351874,10,Modelled,,,
Indonesia,18.68604426,1.922299067,0.082684788,10,Modelled,,,
Indonesia,18.01686727,10.53793921,0.146939418,10,Modelled,,,
Indonesia,19.61068318,4.194263045,0.149500855,10,Modelled,,,
Indonesia,18.64320062,1.29577063,0.058828806,10,Modelled,,,
Indonesia,9.289785701,1.005774511,0.009293492,10,Modelled,,,
Indonesia,19.885127,7.54604568,0.19939035,10,Modelled,,,
Indonesia,17.80782627,1.420816966,0.059679892,10,Modelled,,,
Indonesia,19.38290855,4.267342877,0.14673501,10,Modelled,,,
Indonesia,18.74160708,3.642422731,0.121618408,10,Modelled,,,
Indonesia,19.53922546,8.840699352,0.194062902,10,Modelled,,,
Indonesia,14.88436673,11.92666799,0.069774813,10,Modelled,,,
Indonesia,18.55078384,4.341696034,0.127612358,10,Modelled,,,
Indonesia,18.30053395,27.88440233,0.175539784,10,Modelled,,,
Indonesia,16.99069311,1.922299067,0.067027,10,Modelled,,,
Indonesia,16.62004116,2.007130655,0.064821336,10,Modelled,,,
Indonesia,18.85331503,4.110583512,0.131563383,10,Modelled,,,
Indonesia,19.65971846,3.498532974,0.137606405,10,Modelled,,,
Indonesia,15.15953995,25.50360952,0.0791801,10,Modelled,,,
Indonesia,16.74162242,2.252102471,0.070580297,10,Modelled,,,
Indonesia,9.812239006,1.002883099,0.005022873,10,Modelled,,,
Indonesia,8.120544881,1.005774511,0.006540029,10,Modelled,,,
Indonesia,11.68238076,1.002883099,0.009129926,10,Modelled,,,
Indonesia,15.15078573,4.182205332,0.064972224,10,Modelled,,,
Indonesia,16.04606093,15.95146959,0.095917459,10,Modelled,,,
Indonesia,19.73040653,2.265107261,0.10375253,10,Modelled,,,
Indonesia,17.71153474,10.18009751,0.135012649,10,Modelled,,,
Indonesia,19.37282699,4.774410207,0.153960577,10,Modelled,,,
Indonesia,18.17643712,1.080832611,0.047962412,10,Modelled,,,
Indonesia,12.73448113,1.002883099,0.021321149,10,Modelled,,,
Indonesia,19.46335985,8.039449408,0.184381574,10,Modelled,,,
Indonesia,17.03337233,9.500455676,0.115154791,10,Modelled,,,
Indonesia,19.89809608,3.379731664,0.139208696,10,Modelled,,,
Indonesia,18.02410271,8.322044956,0.141178809,10,Modelled,,,
Indonesia,8.280454708,1.002883099,0.002804802,10,Modelled,,,
Indonesia,16.06264197,13.81290647,0.094624087,10,Modelled,,,
Indonesia,19.58617638,1.400511153,0.067294221,10,Modelled,,,
Indonesia,14.43403652,1.002883099,0.005079322,10,Modelled,,,
Indonesia,10.24973682,1.008674259,0.01031302,10,Modelled,,,
Indonesia,19.5832357,7.589620402,0.188896616,10,Modelled,,,
Indonesia,12.96942132,1.008674259,0.015144657,10,Modelled,,,
Indonesia,16.39266901,1.077725421,0.041487087,10,Modelled,,,
Indonesia,18.37565589,10.32769731,0.158214947,10,Modelled,,,
Indonesia,16.21475214,1.57597523,0.053138039,10,Modelled,,,
Indonesia,11.9138981,3.064584445,0.028531996,10,Modelled,,,
Indonesia,19.63024518,5.545439659,0.17057352,10,Modelled,,,
Indonesia,18.95489953,1.698468569,0.076999948,10,Modelled,,,
Indonesia,14.79802507,2.107807559,0.04891749,10,Modelled,,,
Indonesia,19.27621591,1.723094425,0.080058042,10,Modelled,,,
Indonesia,13.53305824,1.002883099,0.026278007,10,Modelled,,,
Indonesia,17.60206577,7.206334691,0.124086999,10,Modelled,,,
Indonesia,19.71175208,1.723094425,0.082642511,10,Modelled,,,
Indonesia,17.50695073,1.388467229,0.05698215,10,Modelled,,,
Indonesia,8.43624991,1.005774511,0.009207185,10,Modelled,,,
Indonesia,14.72020076,1.758171619,0.044448666,10,Modelled,,,
Indonesia,16.74709054,1.424913323,0.05351032,10,Modelled,,,
Indonesia,15.66157948,2.646096336,0.062897472,10,Modelled,,,
Indonesia,10.14299275,1.115608663,0.014679631,10,Modelled,,,
Indonesia,17.38228182,11.19469467,0.126818686,10,Modelled,,,
Indonesia,19.93588721,9.721805694,0.216312511,10,Modelled,,,
Indonesia,19.66518067,3.055774344,0.127426387,11,Modelled,,,
Indonesia,17.54350755,5.115961079,0.111574355,11,Modelled,,,
Indonesia,17.79481264,4.65229148,0.11492231,11,Modelled,,,
Indonesia,18.63266541,7.268844301,0.152572843,11,Modelled,,,
Indonesia,18.90636555,2.317881733,0.096716138,11,Modelled,,,
Indonesia,19.02294242,3.246219218,0.120392746,11,Modelled,,,
Indonesia,19.00502953,70.87002985,0.214434851,11,Modelled,,,
Indonesia,5.796876582,1.002883099,0.002082795,11,Modelled,,,
Indonesia,19.8430394,12.70650192,0.225331528,11,Modelled,,,
Indonesia,12.90018105,1.008674259,0.010068269,11,Modelled,,,
Indonesia,18.77507402,2.5933042,0.102404873,11,Modelled,,,
Indonesia,19.94994133,4.442852708,0.161894095,11,Modelled,,,
Indonesia,15.58413538,5.372575727,0.074941077,11,Modelled,,,
Indonesia,16.19086487,1.002883099,0.010109188,11,Modelled,,,
Indonesia,15.97449087,2.150716395,0.060438183,11,Modelled,,,
Indonesia,18.67220448,2.578415114,0.100397529,11,Modelled,,,
Indonesia,18.32197907,2.385582271,0.091542438,11,Modelled,,,
Indonesia,17.85665694,1.138319213,0.049269832,11,Modelled,,,
Indonesia,17.68382016,2.653725294,0.088648723,11,Modelled,,,
Indonesia,16.906968,3.792230473,0.090582444,11,Modelled,,,
Indonesia,15.01089665,2.909818941,0.05696305,11,Modelled,,,
Indonesia,18.81861432,116.2830405,0.208964034,11,Modelled,,,
Indonesia,12.29852377,1.008674259,0.010610451,11,Modelled,,,
Indonesia,18.9165305,30.31240572,0.203081822,11,Modelled,,,
Indonesia,15.57138173,4.746998612,0.072603535,11,Modelled,,,
Indonesia,16.63506426,1.002883099,0.027171595,11,Modelled,,,
Indonesia,13.46323096,1.005774511,0.009982023,11,Modelled,,,
Indonesia,17.01778926,6.151021383,0.105896423,11,Modelled,,,
Indonesia,13.88897166,1.562422375,0.036503924,11,Modelled,,,
Indonesia,19.99157699,7.833818286,0.202402767,11,Modelled,,,
Indonesia,18.91333312,1.437273389,0.066114202,11,Modelled,,,
Indonesia,16.31563515,1.128530051,0.042841502,11,Modelled,,,
Indonesia,10.27439218,1.548986069,0.016568618,11,Modelled,,,
Indonesia,17.14932168,2.960518927,0.085407042,11,Modelled,,,
Indonesia,12.57352611,1.09650345,0.024313251,11,Modelled,,,
Indonesia,18.85602334,4.829709176,0.140113391,11,Modelled,,,
Indonesia,19.5566284,1.819973298,0.085954857,11,Modelled,,,
Indonesia,18.25556059,64.2616671,0.176672785,11,Modelled,,,
Indonesia,9.49668918,3.488475353,0.015143448,11,Modelled,,,
Indonesia,19.0943595,33.14210547,0.212103674,11,Modelled,,,
Indonesia,18.45126057,2.893112631,0.104178584,11,Modelled,,,
Indonesia,17.38071121,1.071537815,0.045059688,11,Modelled,,,
Indonesia,9.543452634,1.005774511,0.001558927,11,Modelled,,,
Indonesia,15.68685101,2.827241068,0.064250778,11,Modelled,,,
Indonesia,11.82841834,2.977614476,0.027925704,12,Modelled,,,
Indonesia,17.72355821,1.883947374,0.073282862,12,Modelled,,,
Indonesia,18.74580431,1.341318402,0.061329396,12,Modelled,,,
Indonesia,15.78143683,1.814741219,0.054410993,12,Modelled,,,
Indonesia,15.75745774,1.002883099,0.012379989,12,Modelled,,,
Indonesia,16.01266107,2.661376248,0.067259461,12,Modelled,,,
Indonesia,14.84302382,29.96533621,0.072907144,12,Modelled,,,
Indonesia,19.21107694,12.03012299,0.194521506,12,Modelled,,,
Indonesia,19.87014007,2.018720852,0.095935602,12,Modelled,,,
Indonesia,11.13722826,1.738040991,0.020963395,12,Modelled,,,
Indonesia,13.57672611,1.125285741,0.029339388,12,Modelled,,,
Indonesia,16.15419475,4.815824676,0.083528989,12,Modelled,,,
Indonesia,19.97742474,66.52053584,0.274264552,12,Modelled,,,
Indonesia,19.82324388,1.94456384,0.092630814,12,Modelled,,,
Indonesia,19.04796077,13.81290647,0.190736867,12,Modelled,,,
Indonesia,16.56582331,1.223268748,0.046599597,12,Modelled,,,
Indonesia,19.21134946,4.158193797,0.140490256,12,Modelled,,,
Indonesia,18.29121786,1.154823542,0.051535827,12,Modelled,,,
Indonesia,18.9540905,15.95146959,0.191437373,12,Modelled,,,
Indonesia,19.57083955,3.858305386,0.143333257,12,Modelled,,,
Indonesia,15.54817679,6.783563027,0.076840989,12,Modelled,,,
Indonesia,19.00381841,19.56919195,0.196585129,12,Modelled,,,
Indonesia,11.16263675,1.065385733,0.018137928,12,Modelled,,,
Indonesia,19.95216411,2.926621722,0.1275817,12,Modelled,,,
Indonesia,13.39057185,1.005774511,0.024857547,12,Modelled,,,
Indonesia,19.02377249,3.880585212,0.132485942,12,Modelled,,,
Indonesia,17.37166565,3.936849269,0.10049888,12,Modelled,,,
Indonesia,17.66794653,3.003443073,0.093911226,13,Modelled,,,
Indonesia,19.81611386,6.981696894,0.191725888,13,Modelled,,,
Indonesia,9.106624863,1.002883099,0.004240313,13,Modelled,,,
Indonesia,17.35639221,1.345185556,0.05476031,13,Modelled,,,
Indonesia,16.07908646,1.109203555,0.041077096,13,Modelled,,,
Indonesia,18.3127049,10.20944774,0.153338898,13,Modelled,,,
Indonesia,8.114873787,1.544533027,0.009214927,13,Modelled,,,
Indonesia,17.63961056,2.065754796,0.07639804,13,Modelled,,,
Indonesia,15.86525814,2.245628102,0.060564496,13,Modelled,,,
Indonesia,15.93115505,3.727287117,0.073389426,13,Modelled,,,
Indonesia,14.19895127,7.655454731,0.05679652,13,Modelled,,,
Indonesia,19.15296566,1.372569625,0.064302628,13,Modelled,,,
Indonesia,18.88863064,2.083673687,0.089677064,13,Modelled,,,
Indonesia,17.36575966,2.5933042,0.083796515,13,Modelled,,,
Indonesia,17.26815378,27.09306972,0.133170208,13,Modelled,,,
Indonesia,17.8848496,5.388065396,0.121411288,13,Modelled,,,
Indonesia,15.26881799,1.48779514,0.045108235,13,Modelled,,,
Indonesia,14.97929858,3.438619297,0.059313763,14,Modelled,,,
Indonesia,12.07579986,5.311061071,0.03208037,14,Modelled,,,
Indonesia,17.99020785,8.109185671,0.137712965,14,Modelled,,,
Indonesia,15.62590229,1.233879697,0.042058119,14,Modelled,,,
Indonesia,17.05656548,6.822734785,0.108346221,14,Modelled,,,
Indonesia,18.1463704,3.091167443,0.10332467,14,Modelled,,,
Indonesia,18.52775852,1.763240603,0.076040146,15,Modelled,,,
Indonesia,19.84806639,5.874112172,0.180875937,15,Modelled,,,
Indonesia,18.52546612,1.783663102,0.077070853,16,Modelled,,,
,,,,,,,, 