Country ,Growth,Storage ,Rate,Global,Type
US,11.4,506,1.04,0.1,Target
US,11.4,506,1.04,0.2,Target
US,11.4,506,1.04,0.3,Target
US,11.4,506,1.04,0.4,Target
US,11.4,506,1.04,0.5,Target
US,11.4,506,1.04,0.6,Target
US,11.4,506,1.04,0.7,Target
US,11.4,506,1.04,0.8,Target
China,24,403,0.88,0.1,Target
China,24,403,0.88,0.2,Target
China,24,403,0.88,0.3,Target
China,24,403,0.88,0.4,Target
China,24,403,0.88,0.5,Target
China,24,403,0.88,0.6,Target
China,24,403,0.88,0.7,Target
China,24,403,0.88,0.8,Target
UK,14.8,78,0.175,0.1,Target
UK,14.8,78,0.175,0.2,Target
UK,14.8,78,0.175,0.3,Target
UK,14.8,78,0.175,0.4,Target
UK,14.8,78,0.175,0.5,Target
UK,14.8,78,0.175,0.6,Target
UK,14.8,78,0.175,0.7,Target
UK,14.8,78,0.175,0.8,Target
US,2.323001849,4.393131138,0.018910917,0.1,Modelled
US,4.093105182,7.492849812,0.056737939,0.2,Modelled
US,1.680681766,5.599779445,0.01612543,0.2,Modelled
US,4.902012945,6.36750367,0.062493595,0.2,Modelled
US,4.158484213,5.504668259,0.0449461,0.2,Modelled
US,3.153439833,4.854816632,0.029187607,0.2,Modelled
US,4.358450831,7.578912183,0.062055441,0.2,Modelled
US,3.49594955,7.386644848,0.045840205,0.2,Modelled
US,3.51259519,4.50748016,0.030031256,0.2,Modelled
US,4.041419104,13.22511416,0.072446822,0.2,Modelled
US,2.618536996,7.622313352,0.032209222,0.2,Modelled
US,6.017520031,6.385709619,0.079334109,0.2,Modelled
US,3.32037886,9.578196535,0.048671959,0.2,Modelled
US,4.789354291,7.578912183,0.070129939,0.2,Modelled
US,5.181622989,9.020789442,0.087804725,0.2,Modelled
US,5.137374301,5.349725925,0.054733747,0.2,Modelled
US,6.04210844,6.36750367,0.079299061,0.2,Modelled
US,3.038559211,5.647949534,0.032154355,0.2,Modelled
US,2.425657629,4.827173487,0.021740702,0.2,Modelled
US,2.882778463,5.631846972,0.030160891,0.2,Modelled
US,4.638928172,4.995425073,0.045282854,0.2,Modelled
US,3.600131521,7.30276577,0.047265477,0.2,Modelled
US,1.810929447,4.691300898,0.015422232,0.2,Modelled
US,4.705829177,4.981182888,0.045916995,0.2,Modelled
US,3.714164802,8.186265845,0.05253372,0.2,Modelled
US,4.840623885,5.304099318,0.050916869,0.2,Modelled
US,5.389226316,6.877778308,0.075203346,0.2,Modelled
US,3.944180052,14.24421227,0.0714929,0.2,Modelled
US,5.361735541,8.256685253,0.086566856,0.2,Modelled
US,3.829930501,6.936941923,0.049406743,0.2,Modelled
US,5.034641212,7.428944985,0.073631327,0.2,Modelled
US,1.985506957,4.546254137,0.01655315,0.2,Modelled
US,3.919305509,5.199144821,0.039781954,0.2,Modelled
US,3.446057247,8.617973549,0.048787687,0.2,Modelled
US,3.022964125,8.817081422,0.041370985,0.2,Modelled
US,4.57208465,5.380361503,0.048780133,0.2,Modelled
US,5.183324407,7.016619172,0.072952739,0.2,Modelled
US,2.826289338,7.91054312,0.036114199,0.2,Modelled
US,4.24713559,7.30276577,0.05845253,0.2,Modelled
US,3.474488282,5.61579032,0.037319583,0.2,Modelled
US,6.088682328,5.928845845,0.073623096,0.2,Modelled
US,5.762071559,5.696533989,0.066517977,0.2,Modelled
US,4.726789174,8.99507076,0.077045374,0.2,Modelled
US,2.61765466,7.117503918,0.031152192,0.2,Modelled
US,4.080855468,4.65128985,0.036404386,0.2,Modelled
US,7.325844803,8.766877288,0.13689574,0.2,Modelled
US,5.183825372,12.13949373,0.102842292,0.2,Modelled
US,4.857043275,7.261184094,0.069088358,0.2,Modelled
US,5.110099488,7.776184053,0.077662769,0.2,Modelled
US,4.612641699,9.855606658,0.078073119,0.2,Modelled
US,3.792599199,5.038396421,0.037021402,0.2,Modelled
US,4.980249583,6.135496325,0.061412943,0.2,Modelled
US,2.682313209,4.813410995,0.024208866,0.2,Modelled
US,5.116343833,5.349725925,0.054532133,0.2,Modelled
US,4.392653421,5.583814219,0.04846925,0.2,Modelled
US,4.82807523,9.578196535,0.082248113,0.2,Modelled
US,6.743779468,7.578912183,0.107668416,0.2,Modelled
US,3.798439812,10.14105132,0.059996669,0.2,Modelled
US,5.787571917,9.688211058,0.107222829,0.2,Modelled
US,5.283277285,9.633046745,0.093956809,0.2,Modelled
US,7.238204991,7.754013798,0.119710696,0.2,Modelled
US,4.212559331,5.712821504,0.047346672,0.2,Modelled
US,5.90254123,7.955843396,0.095489626,0.2,Modelled
US,3.529487745,12.24391936,0.057799721,0.2,Modelled
US,3.935723726,13.00048812,0.069437594,0.2,Modelled
US,5.653925436,7.933160924,0.089976968,0.3,Modelled
US,3.716702121,5.761963997,0.041283385,0.3,Modelled
US,4.124593736,8.233145067,0.060715091,0.3,Modelled
US,5.943720356,6.570656805,0.080625497,0.3,Modelled
US,5.447744497,5.664098137,0.06219373,0.3,Modelled
US,4.220234652,19.66772479,0.086302561,0.3,Modelled
US,3.246455425,8.093306667,0.043707316,0.3,Modelled
US,7.055389601,11.07954171,0.156307479,0.3,Modelled
US,3.875209779,16.57129365,0.072609956,0.3,Modelled
US,4.360271598,13.03765908,0.081086008,0.3,Modelled
US,6.492526,6.838616494,0.092718239,0.3,Modelled
US,5.157467088,11.63057397,0.099923477,0.3,Modelled
US,5.151039293,34.71414911,0.13504017,0.3,Modelled
US,5.502986901,6.44064039,0.072330705,0.3,Modelled
US,4.797360847,8.423361942,0.075440926,0.3,Modelled
US,6.23822785,6.313196666,0.081331859,0.3,Modelled
US,4.762778451,5.488974199,0.052082634,0.3,Modelled
US,4.650406528,7.798417698,0.068818848,0.3,Modelled
US,5.187888674,7.450185804,0.076639527,0.3,Modelled
US,5.034070274,5.349725925,0.053627614,0.3,Modelled
US,6.569837005,7.66596306,0.105467887,0.3,Modelled
US,5.043346061,26.46733118,0.124144063,0.3,Modelled
US,5.715680404,6.065824669,0.070955803,0.3,Modelled
US,4.677730433,7.450185804,0.067093543,0.3,Modelled
US,7.585307042,7.199255091,0.115993004,0.3,Modelled
US,5.388527284,11.4004348,0.105864884,0.3,Modelled
US,8.102461121,8.544472794,0.150467547,0.3,Modelled
US,5.444867069,9.578196535,0.097686667,0.3,Modelled
US,4.049493572,6.349349626,0.049589365,0.3,Modelled
US,4.126351817,5.761963997,0.046613873,0.3,Modelled
US,5.022061845,12.27892714,0.098467589,0.3,Modelled
US,6.338647535,6.135496325,0.079973099,0.3,Modelled
US,5.862886861,9.743691274,0.109520411,0.3,Modelled
US,7.668403146,7.557304359,0.123805932,0.3,Modelled
US,4.895593046,10.89135781,0.089542574,0.3,Modelled
US,7.151400652,6.917164385,0.104302244,0.3,Modelled
US,6.855168968,9.77155041,0.137370049,0.3,Modelled
US,5.144612508,37.81859402,0.136702023,0.3,Modelled
US,4.497074469,8.471598911,0.069391836,0.3,Modelled
US,5.338315588,7.056800331,0.075931148,0.3,Modelled
US,6.00020909,15.1676255,0.143280424,0.3,Modelled
US,3.614363808,7.798417698,0.049423635,0.3,Modelled
US,5.318452266,9.496506255,0.093944998,0.3,Modelled
US,6.146921632,7.137854266,0.09114612,0.3,Modelled
US,6.031097908,7.407764724,0.0921532,0.3,Modelled
US,5.171128038,5.583814219,0.057965117,0.3,Modelled
US,7.009025778,7.798417698,0.115880237,0.3,Modelled
US,6.024065266,6.819119287,0.084928314,0.3,Modelled
US,5.315284282,6.349349626,0.068521701,0.3,Modelled
US,4.156198126,4.704714253,0.03757348,0.3,Modelled
US,4.729475301,5.647949534,0.05333456,0.3,Modelled
US,4.286917846,19.61165121,0.088330602,0.3,Modelled
US,5.838436062,14.36674298,0.13399338,0.3,Modelled
US,6.862449121,11.27097711,0.152228876,0.3,Modelled
US,3.903157395,9.361901114,0.060137172,0.3,Modelled
US,7.123662264,8.99507076,0.134882873,0.3,Modelled
US,2.737886658,5.038396421,0.025846225,0.3,Modelled
US,8.00926915,8.162926427,0.141473077,0.3,Modelled
US,7.466104331,12.67068232,0.187021905,0.3,Modelled
US,4.283054412,4.924619044,0.041047425,0.3,Modelled
US,6.039076659,6.295197454,0.07831193,0.3,Modelled
US,4.070969878,10.95372793,0.068528895,0.3,Modelled
US,5.843787768,29.50045408,0.166388138,0.3,Modelled
US,6.76972821,7.754013798,0.110493848,0.3,Modelled
US,4.365195044,8.667324975,0.067514893,0.3,Modelled
US,8.003530711,8.070232281,0.139509546,0.3,Modelled
US,5.133697615,9.361901114,0.088583994,0.3,Modelled
US,5.79788677,10.58479394,0.113786112,0.3,Modelled
US,5.543192192,6.083168059,0.068839489,0.3,Modelled
US,5.503494369,14.65676266,0.122397846,0.3,Modelled
US,7.61033754,8.520112113,0.139341583,0.3,Modelled
US,4.553003706,13.76445103,0.088170824,0.3,Modelled
US,7.742704834,10.28685906,0.168750768,0.3,Modelled
US,5.377279949,11.04795343,0.104183643,0.3,Modelled
US,6.835634438,11.93330674,0.156699693,0.3,Modelled
US,4.744891823,18.57611479,0.103534443,0.3,Modelled
US,6.807972359,8.162926427,0.117026781,0.3,Modelled
US,5.608159473,13.41526447,0.121699518,0.3,Modelled
US,6.495671391,11.11122031,0.138892806,0.3,Modelled
US,4.365979996,12.88960989,0.081001358,0.3,Modelled
US,7.594026199,7.731906751,0.125818657,0.3,Modelled
US,6.649454373,7.323645819,0.102500187,0.3,Modelled
US,5.575986163,5.911942435,0.067082637,0.3,Modelled
US,6.778775492,7.887989801,0.112563981,0.3,Modelled
US,6.24560131,8.867573053,0.111964646,0.3,Modelled
US,2.488403147,7.30276577,0.029625391,0.3,Modelled
US,6.542808185,7.219839182,0.09906295,0.3,Modelled
US,4.706839064,6.53324373,0.060921838,0.3,Modelled
US,6.714229845,9.997310283,0.135579261,0.3,Modelled
US,6.338558721,8.943853161,0.115068426,0.3,Modelled
US,7.455428462,9.469431282,0.149729384,0.3,Modelled
US,7.98211837,8.209671994,0.141584751,0.3,Modelled
US,7.414302966,10.40501323,0.160640959,0.3,Modelled
US,6.331257485,8.842291198,0.113804854,0.3,Modelled
US,6.450178557,7.016619172,0.094604791,0.3,Modelled
US,4.618557414,5.828145529,0.053603139,0.3,Modelled
US,6.89669564,7.076977116,0.102795877,0.3,Modelled
US,4.933559949,10.22828607,0.087720034,0.3,Modelled
US,4.364863722,11.01645521,0.076143187,0.3,Modelled
US,6.318303169,11.33552115,0.134566241,0.3,Modelled
US,6.498937256,17.49507014,0.174737317,0.3,Modelled
US,5.435072562,15.74117331,0.123045109,0.3,Modelled
US,7.759293622,7.386644848,0.122374489,0.3,Modelled
US,8.2764882,8.447445996,0.151901599,0.3,Modelled
US,5.182447928,12.92646382,0.105619772,0.3,Modelled
US,6.944328763,9.94038597,0.141413268,0.3,Modelled
US,6.694043947,8.209671994,0.115042218,0.3,Modelled
US,7.09668699,7.66596306,0.115468719,0.3,Modelled
US,4.35141189,9.997310283,0.072603784,0.3,Modelled
US,7.99812848,8.471598911,0.146629836,0.3,Modelled
US,7.043793393,8.001403088,0.11965263,0.3,Modelled
US,6.56588634,9.633046745,0.127682197,0.3,Modelled
US,5.472643192,6.838616494,0.076166364,0.3,Modelled
US,6.227943353,28.588352,0.187645748,0.3,Modelled
US,6.259966494,7.709862732,0.099974581,0.3,Modelled
US,6.875943463,7.261184094,0.10529395,0.3,Modelled
US,7.418629129,8.817081422,0.139452828,0.3,Modelled
US,5.472019983,8.969425402,0.094232428,0.3,Modelled
US,6.956690247,19.05963338,0.203433171,0.3,Modelled
US,5.740448012,5.86152081,0.068563178,0.3,Modelled
US,6.553934855,10.49451862,0.135433401,0.3,Modelled
US,7.454436103,7.137854266,0.112718111,0.3,Modelled
US,6.216841221,18.57611479,0.164849287,0.3,Modelled
US,4.835234438,8.375399633,0.076029913,0.3,Modelled
US,4.815942323,6.551923563,0.062820956,0.3,Modelled
US,5.227628243,14.61497556,0.112539888,0.3,Modelled
US,3.941125866,9.55088866,0.061585988,0.3,Modelled
US,4.236292514,6.44064039,0.053072524,0.3,Modelled
US,4.296514174,12.56261692,0.07831599,0.3,Modelled
US,6.657126712,10.11213872,0.135204502,0.3,Modelled
US,7.669838794,8.943853161,0.147214937,0.3,Modelled
US,8.730477737,8.568903128,0.163228598,0.3,Modelled
US,5.731174276,31.32332806,0.163003298,0.3,Modelled
US,7.40665838,8.070232281,0.127863561,0.3,Modelled
US,7.098964885,17.49507014,0.204296445,0.3,Modelled
US,6.231789479,9.335209907,0.116134823,0.3,Modelled
US,6.87635148,8.04722368,0.116615813,0.3,Modelled
US,7.396334703,8.139653552,0.12892422,0.3,Modelled
US,8.632215876,10.19912476,0.19312758,0.3,Modelled
US,4.396785774,16.80955523,0.088953857,0.3,Modelled
US,5.612556668,11.23884304,0.111972505,0.3,Modelled
US,8.294662946,10.82934282,0.193245336,0.3,Modelled
US,6.176492529,12.88960989,0.139647398,0.3,Modelled
US,5.533475685,32.32268866,0.15307952,0.3,Modelled
US,7.150272718,8.617973549,0.130393568,0.3,Modelled
US,8.574759994,8.79194352,0.164786718,0.3,Modelled
US,6.035686114,23.47641377,0.167444051,0.3,Modelled
US,6.770944462,14.95263692,0.174552553,0.3,Modelled
US,7.501242332,8.520112113,0.137097449,0.3,Modelled
US,4.088857717,18.05324467,0.080498071,0.3,Modelled
US,7.147518051,7.84307588,0.119133557,0.3,Modelled
US,5.235292025,30.26832282,0.136333259,0.3,Modelled
US,5.186420247,18.20854121,0.119402199,0.3,Modelled
US,5.630094762,13.64705713,0.123537843,0.3,Modelled
US,7.341269284,8.495820884,0.132939979,0.3,Modelled
US,6.753575998,8.969425402,0.125706262,0.3,Modelled
US,7.154708512,10.11213872,0.149468606,0.3,Modelled
US,5.978795883,34.81340371,0.180031871,0.3,Modelled
US,6.649160099,16.85761707,0.178815333,0.3,Modelled
US,6.877573504,12.27892714,0.16102264,0.3,Modelled
US,7.800911386,7.450185804,0.124065878,0.3,Modelled
US,6.327938892,7.178729686,0.094836646,0.3,Modelled
US,7.216815492,11.56434992,0.166774509,0.3,Modelled
US,6.99230817,8.617973549,0.126779296,0.3,Modelled
US,7.826743499,9.883785783,0.165645323,0.3,Modelled
US,5.643515651,14.20360137,0.126062639,0.3,Modelled
US,5.943734728,12.24391936,0.127756264,0.3,Modelled
US,6.654260877,21.73465677,0.197436932,0.3,Modelled
US,5.803545772,8.667324975,0.099889778,0.3,Modelled
US,7.339421252,8.471598911,0.132663693,0.3,Modelled
US,5.032059046,28.75206519,0.126078861,0.3,Modelled
US,8.682548186,10.92249835,0.207223602,0.3,Modelled
US,5.348508027,10.40501323,0.100122371,0.3,Modelled
US,5.694246897,9.046581659,0.10025236,0.3,Modelled
US,7.470909063,8.471598911,0.13544033,0.3,Modelled
US,7.675065377,10.02589457,0.16337146,0.3,Modelled
US,6.31466614,6.277249559,0.08198291,0.3,Modelled
US,6.724515696,12.03595872,0.153337551,0.3,Modelled
US,7.452794493,8.892927194,0.141440074,0.3,Modelled
US,8.032240317,9.046581659,0.157600994,0.3,Modelled
US,4.528539997,7.622313352,0.065522852,0.3,Modelled
US,6.987310782,7.386644848,0.109323777,0.3,Modelled
US,5.43842246,23.61085309,0.139339414,0.3,Modelled
US,6.090371085,17.19791971,0.154866717,0.3,Modelled
US,8.791042329,9.361901114,0.180890249,0.3,Modelled
US,6.579259396,8.233145067,0.112936638,0.3,Modelled
US,7.59631396,13.76445103,0.201732969,0.3,Modelled
US,6.596938673,12.34924327,0.151306326,0.3,Modelled
US,7.011092495,11.33552115,0.157400188,0.3,Modelled
US,5.36103732,16.90581632,0.123564495,0.3,Modelled
US,3.70761495,5.520407192,0.039609352,0.3,Modelled
US,6.748856528,6.780291475,0.095996126,0.3,Modelled
US,6.359315133,10.17004659,0.127008151,0.3,Modelled
US,5.258799638,9.361901114,0.091593418,0.3,Modelled
US,6.088063957,19.89362695,0.162249002,0.3,Modelled
US,7.487850868,10.40501323,0.162738953,0.3,Modelled
US,5.609330759,26.92464108,0.151821112,0.3,Modelled
US,7.682414406,10.67584582,0.172335367,0.3,Modelled
US,7.743286976,12.13949373,0.191302598,0.3,Modelled
US,8.656047248,10.31627122,0.19587782,0.3,Modelled
US,6.679255064,6.897443233,0.09654412,0.3,Modelled
US,5.561768949,6.703297845,0.076105223,0.3,Modelled
US,8.301173289,8.070232281,0.145138596,0.3,Modelled
US,7.941315402,12.34924327,0.201127066,0.3,Modelled
US,5.431504081,11.63057397,0.1082179,0.3,Modelled
US,7.230495795,7.66596306,0.117896696,0.3,Modelled
US,7.186472886,8.817081422,0.133903535,0.3,Modelled
US,8.873990927,9.361901114,0.183051967,0.3,Modelled
US,7.059776248,18.7894788,0.208817409,0.3,Modelled
US,7.662647862,7.492849812,0.122755698,0.3,Modelled
US,6.957712652,9.55088866,0.137505295,0.3,Modelled
US,7.506039792,13.49208791,0.195919557,0.3,Modelled
US,6.698137928,11.33552115,0.147336993,0.3,Modelled
US,5.409302765,17.49507014,0.126859215,0.3,Modelled
US,6.089135338,9.855606658,0.116905806,0.3,Modelled
US,6.628313057,10.9850468,0.142139598,0.3,Modelled
US,8.262491147,7.955843396,0.142144483,0.3,Modelled
US,7.10337064,20.17965694,0.217251507,0.3,Modelled
US,6.740449925,17.19791971,0.184502469,0.3,Modelled
US,7.073442524,14.20360137,0.183520413,0.3,Modelled
US,8.602941416,10.19912476,0.191981589,0.3,Modelled
US,6.515135873,11.69717726,0.143779221,0.3,Modelled
US,6.047018585,30.70351988,0.179594507,0.3,Modelled
US,6.825788155,13.41526447,0.167476522,0.3,Modelled
US,7.007838514,9.633046745,0.139680861,0.3,Modelled
US,5.431726431,27.31176278,0.14345874,0.3,Modelled
US,5.073242958,12.67068232,0.101401535,0.3,Modelled
US,7.064992793,23.20982725,0.225998224,0.3,Modelled
US,5.445365936,48.62079091,0.156488964,0.4,Modelled
US,7.936998084,8.280292745,0.141951653,0.4,Modelled
US,8.228061433,12.17420294,0.209969469,0.4,Modelled
US,6.106004495,7.887989801,0.098869852,0.4,Modelled
US,7.878682442,11.53137943,0.189483115,0.4,Modelled
US,6.494501035,41.79304771,0.218926736,0.4,Modelled
US,7.437930109,11.01645521,0.168102753,0.4,Modelled
US,7.138353287,12.0703719,0.169022645,0.4,Modelled
US,7.955892292,12.41996207,0.20262273,0.4,Modelled
US,8.052999141,9.308594797,0.16240429,0.4,Modelled
US,7.098330102,12.92646382,0.174428192,0.4,Modelled
US,7.732372574,13.33887845,0.203450852,0.4,Modelled
US,9.016919579,10.19912476,0.203211756,0.4,Modelled
US,5.422264892,42.5151596,0.153407589,0.4,Modelled
US,4.949298339,16.71384225,0.107803939,0.4,Modelled
US,6.988905208,11.20680059,0.155733224,0.4,Modelled
US,8.670109726,9.255592005,0.176212886,0.4,Modelled
US,7.894013535,8.001403088,0.136113911,0.4,Modelled
US,5.535378158,11.27097711,0.109783711,0.4,Modelled
US,5.97522995,16.19707969,0.146388938,0.4,Modelled
US,7.029675604,15.8765811,0.192048642,0.4,Modelled
US,7.295003274,13.84327412,0.189561971,0.4,Modelled
US,6.886906849,10.08330855,0.141387891,0.4,Modelled
US,6.355875001,23.95032925,0.186423826,0.4,Modelled
US,7.749883455,9.388668637,0.156160064,0.4,Modelled
US,7.501462118,16.10485412,0.215579989,0.4,Modelled
US,5.075514211,16.85761707,0.112516737,0.4,Modelled
US,6.413554905,8.209671994,0.108876418,0.4,Modelled
US,5.613272707,14.61497556,0.126785693,0.4,Modelled
US,8.757153983,13.26292737,0.245418669,0.4,Modelled
US,7.802698094,8.116447028,0.136369146,0.4,Modelled
US,8.392879216,9.415512693,0.172669489,0.4,Modelled
US,7.193711633,9.255592005,0.140060354,0.4,Modelled
US,6.202155111,20.46979946,0.170063788,0.4,Modelled
US,8.575056034,10.17004659,0.19107845,0.4,Modelled
US,7.895707371,11.66382808,0.191363612,0.4,Modelled
US,5.923332428,14.61497556,0.138424345,0.4,Modelled
US,8.157752611,8.04722368,0.141891797,0.4,Modelled
US,7.159834803,12.63455763,0.174387202,0.4,Modelled
US,5.932631684,9.496506255,0.109776529,0.4,Modelled
US,8.559421961,9.046581659,0.169337875,0.4,Modelled
US,9.152080941,11.93330674,0.240136231,0.4,Modelled
US,7.373571687,16.38311826,0.211797104,0.4,Modelled
US,6.946996791,12.00164365,0.161501491,0.4,Modelled
US,6.610348028,22.68570151,0.19736873,0.4,Modelled
US,6.63687202,12.0703719,0.150536306,0.4,Modelled
US,9.153287336,9.94038597,0.201656304,0.4,Modelled
US,8.420333116,8.817081422,0.162230959,0.4,Modelled
US,8.147670591,10.52452452,0.184318586,0.4,Modelled
US,5.696382643,39.69947194,0.167399331,0.4,Modelled
US,6.481901973,25.50296343,0.196791381,0.4,Modelled
US,7.620542506,8.943853161,0.146122327,0.4,Modelled
US,7.414830564,15.29809954,0.206032183,0.4,Modelled
US,7.997504224,13.41526447,0.215339271,0.4,Modelled
US,7.368270304,12.67068232,0.182839003,0.4,Modelled
US,7.792738016,15.38570517,0.224588746,0.4,Modelled
US,7.975512063,10.14105132,0.173506326,0.4,Modelled
US,5.537892924,8.766877288,0.094324618,0.4,Modelled
US,7.311873163,22.17341161,0.237642431,0.4,Modelled
US,5.109932279,14.53175843,0.108237999,0.4,Modelled
US,7.901051071,9.855606658,0.167318792,0.4,Modelled
US,7.361246282,14.44901514,0.197725021,0.4,Modelled
US,7.118941086,9.22920389,0.137874299,0.4,Modelled
US,6.142485161,5.911942435,0.074219895,0.4,Modelled
US,7.97011386,8.471598911,0.146261945,0.4,Modelled
US,9.951335303,10.40501323,0.231945916,0.4,Modelled
US,8.505568621,10.82934282,0.199953493,0.4,Modelled
US,6.000094528,17.59525688,0.151644685,0.4,Modelled
US,7.30849046,20.17965694,0.228321966,0.4,Modelled
US,7.393857696,13.00048812,0.186839191,0.4,Modelled
US,6.602126041,15.42969594,0.17031285,0.4,Modelled
US,5.775661129,10.43476322,0.112167895,0.4,Modelled
US,7.614214981,10.31627122,0.165535162,0.4,Modelled
US,6.881564132,45.01352772,0.249759215,0.4,Modelled
US,7.48415852,7.386644848,0.117875516,0.4,Modelled
US,7.081096449,8.544472794,0.128052872,0.4,Modelled
US,5.851402402,22.1101942,0.156403899,0.4,Modelled
US,6.987828277,31.23402382,0.240634897,0.4,Modelled
US,7.790998898,8.280292745,0.139233219,0.4,Modelled
US,8.136241491,10.37534806,0.18161738,0.4,Modelled
US,6.19636254,17.29640479,0.159911212,0.4,Modelled
US,8.878912499,10.08330855,0.197793677,0.4,Modelled
US,8.539449988,14.40782034,0.250746393,0.4,Modelled
US,5.509518371,23.54353747,0.142469745,0.4,Modelled
US,6.461922037,39.69947194,0.215255773,0.4,Modelled
US,8.594931274,11.30320306,0.21034941,0.4,Modelled
US,5.772532947,34.1245359,0.167672265,0.4,Modelled
US,6.501574558,14.36674298,0.160083046,0.4,Modelled
US,8.720401214,11.36793164,0.215621045,0.4,Modelled
US,6.102302822,36.12983598,0.188273465,0.4,Modelled
US,6.611396831,27.5467024,0.207640596,0.4,Modelled
US,7.461560014,25.43025331,0.257521952,0.4,Modelled
US,9.131989383,9.442433502,0.190735121,0.4,Modelled
US,9.228028166,12.92646382,0.259994432,0.4,Modelled
US,8.464809958,8.139653552,0.149235378,0.4,Modelled
US,8.944908368,13.33887845,0.255365473,0.4,Modelled
US,8.981394495,9.883785783,0.196485669,0.4,Modelled
US,8.779154715,8.568903128,0.164499308,0.4,Modelled
US,9.013830422,10.40501323,0.207174141,0.4,Modelled
US,9.404365634,10.28685906,0.215407816,0.4,Modelled
US,6.478329322,14.74069563,0.161021653,0.4,Modelled
US,9.259935818,9.308594797,0.190318306,0.4,Modelled
US,5.758780367,25.7223435,0.157382205,0.4,Modelled
US,7.57124568,16.76163042,0.223471351,0.4,Modelled
US,6.852202132,21.92162133,0.208613964,0.4,Modelled
US,6.570509128,16.80955523,0.174884027,0.4,Modelled
US,8.016504684,10.92249835,0.186007578,0.4,Modelled
US,6.840080441,44.50237641,0.246068217,0.4,Modelled
US,6.840541659,35.92411404,0.236417752,0.4,Modelled
US,7.334671019,17.39545386,0.215390411,0.4,Modelled
US,8.390520024,14.40782034,0.243981215,0.4,Modelled
US,7.312452137,20.94272946,0.23116265,0.4,Modelled
US,7.325188481,12.67068232,0.181330929,0.4,Modelled
US,8.38753823,8.116447028,0.147591322,0.4,Modelled
US,7.645370427,12.38455219,0.190826516,0.4,Modelled
US,8.498032479,12.56261692,0.22571753,0.4,Modelled
US,7.367552416,19.05963338,0.226540112,0.4,Modelled
US,8.142040199,13.22511416,0.219486601,0.4,Modelled
US,7.949033295,11.14298948,0.186724434,0.4,Modelled
US,8.270058739,10.43476322,0.186762887,0.4,Modelled
US,7.83852445,15.42969594,0.227053453,0.4,Modelled
US,6.109521629,19.55573749,0.162840989,0.4,Modelled
US,8.110956139,10.89135781,0.188509227,0.4,Modelled
US,7.935156973,9.883785783,0.16844634,0.4,Modelled
US,9.232867937,11.30320306,0.231161425,0.4,Modelled
US,8.826794757,11.27097711,0.217796116,0.4,Modelled
US,9.38914035,9.469431282,0.196623381,0.4,Modelled
US,6.576964598,16.38311826,0.173693252,0.4,Modelled
US,7.041284957,19.89362695,0.212135953,0.4,Modelled
US,7.358912335,12.0703719,0.176703569,0.4,Modelled
US,8.003480996,14.04231231,0.222418145,0.4,Modelled
US,9.456695592,11.01645521,0.232009322,0.4,Modelled
US,8.586145307,16.10485412,0.272039297,0.4,Modelled
US,8.658793993,12.24391936,0.227470695,0.4,Modelled
US,6.865066593,15.83131624,0.183604849,0.4,Modelled
US,8.138835854,14.40782034,0.232444445,0.4,Modelled
US,7.654117287,7.955843396,0.130788205,0.4,Modelled
US,8.21254374,9.883785783,0.176073401,0.4,Modelled
US,6.437829896,40.96607069,0.214453599,0.4,Modelled
US,9.407146361,9.55088866,0.199245275,0.4,Modelled
US,7.681178327,14.78284219,0.214071423,0.4,Modelled
US,8.101451824,13.18740876,0.218100751,0.4,Modelled
US,9.269438642,11.46572018,0.235765613,0.4,Modelled
US,7.515593686,11.69717726,0.178929358,0.4,Modelled
US,8.22633373,9.496506255,0.169765322,0.4,Modelled
US,9.883446562,10.22828607,0.225755587,0.4,Modelled
US,5.5867869,13.72520795,0.122334703,0.4,Modelled
US,8.811179376,11.07954171,0.213483739,0.4,Modelled
US,8.148905005,9.94038597,0.175475965,0.4,Modelled
US,7.034698231,13.22511416,0.174035554,0.4,Modelled
US,6.075565786,12.38455219,0.133098951,0.4,Modelled
US,9.135721825,10.89135781,0.220091501,0.4,Modelled
US,9.77710067,10.11213872,0.220416553,0.4,Modelled
US,7.968172386,9.743691274,0.167358136,0.4,Modelled
US,6.781674896,42.63671883,0.241217054,0.4,Modelled
US,9.202525321,11.89928434,0.241334994,0.4,Modelled
US,7.95203848,12.49108585,0.20324322,0.4,Modelled
US,9.860464964,11.4004348,0.252738397,0.4,Modelled
US,7.348931971,11.27097711,0.167873096,0.4,Modelled
US,8.557669652,10.37534806,0.193998399,0.4,Modelled
US,6.775364719,17.49507014,0.187852157,0.4,Modelled
US,7.837598969,25.94361071,0.287372996,0.4,Modelled
US,7.578584844,15.03826424,0.212116654,0.4,Modelled
US,9.607723183,11.01645521,0.236598667,0.4,Modelled
US,7.173723588,12.27892714,0.172015185,0.4,Modelled
US,8.172897558,8.667324975,0.154047245,0.4,Modelled
US,6.610298858,16.57129365,0.176043693,0.4,Modelled
US,7.251682687,16.19707969,0.204308169,0.4,Modelled
US,8.667758816,11.36793164,0.214316439,0.4,Modelled
US,8.686890014,14.74069563,0.26131855,0.4,Modelled
US,7.29590519,13.07493632,0.183106024,0.4,Modelled
US,5.850937492,36.4406299,0.173686501,0.4,Modelled
US,8.493697756,12.10488348,0.218634441,0.4,Modelled
US,9.337642951,12.63455763,0.258903667,0.4,Modelled
US,9.68572342,13.07493632,0.28033419,0.4,Modelled
US,9.735765785,11.46572018,0.250019992,0.4,Modelled
US,9.30995692,12.92646382,0.263119002,0.4,Modelled
US,5.848944634,12.31403501,0.125353865,0.4,Modelled
US,7.651547149,32.32268866,0.292753787,0.4,Modelled
US,6.861519362,9.22920389,0.131166118,0.4,Modelled
US,8.59724972,14.78284219,0.258222422,0.4,Modelled
US,8.356015508,10.02589457,0.18232215,0.4,Modelled
US,7.379213764,18.05324467,0.221718498,0.4,Modelled
US,6.038064973,21.61090044,0.164593908,0.4,Modelled
US,8.323619301,13.18740876,0.227022503,0.4,Modelled
US,8.541187712,19.49998319,0.299958536,0.4,Modelled
US,6.633490347,33.54493716,0.219060209,0.4,Modelled
US,8.038629109,13.22511416,0.215414713,0.4,Modelled
US,9.100459471,18.10486245,0.321874531,0.4,Modelled
US,9.222010506,10.31627122,0.211374362,0.4,Modelled
US,8.098661271,10.82934282,0.187287927,0.4,Modelled
US,7.362878457,50.17202144,0.294370865,0.4,Modelled
US,7.176417306,18.95110853,0.215567986,0.4,Modelled
US,7.404264982,9.855606658,0.153353553,0.4,Modelled
US,6.973815828,43.62178873,0.255824788,0.4,Modelled
US,6.718209263,12.59853593,0.157919226,0.4,Modelled
US,8.176485407,17.05124253,0.258747394,0.4,Modelled
US,7.690885563,12.31403501,0.192048953,0.4,Modelled
US,6.150084805,34.41807995,0.190096086,0.4,Modelled
US,6.821196192,17.14888765,0.188478206,0.4,Modelled
US,8.320490056,13.80380631,0.23349429,0.4,Modelled
US,6.947961652,30.26832282,0.235223164,0.4,Modelled
US,7.369152435,15.51805517,0.205223528,0.4,Modelled
US,6.924647902,17.34585863,0.194173834,0.4,Modelled
US,7.546402046,11.96742642,0.182545735,0.4,Modelled
US,7.216898648,15.34183983,0.197386027,0.4,Modelled
US,7.000906144,26.6188982,0.231393406,0.4,Modelled
US,9.575039524,10.86030605,0.232059381,0.4,Modelled
US,8.180261483,17.4451909,0.261954006,0.4,Modelled
US,9.472577145,12.00164365,0.252512321,0.4,Modelled
US,6.716459088,15.74117331,0.176899167,0.4,Modelled
US,8.204185311,13.03765908,0.219726893,0.4,Modelled
US,9.136231302,12.00164365,0.240605022,0.4,Modelled
US,7.927528448,12.63455763,0.204578423,0.4,Modelled
US,7.767767059,9.202891008,0.153618394,0.4,Modelled
US,7.647391115,13.41526447,0.200534067,0.4,Modelled
US,9.792338301,11.17484949,0.245798762,0.4,Modelled
US,8.976122944,17.24709195,0.305972373,0.4,Modelled
US,8.461536649,13.53066446,0.236495346,0.4,Modelled
US,9.090476649,9.046581659,0.181152834,0.4,Modelled
US,6.525907303,47.79497605,0.225000139,0.4,Modelled
US,9.065283682,13.5693513,0.262845175,0.4,Modelled
US,7.602844721,22.42809393,0.257009468,0.4,Modelled
US,9.933838809,10.61505795,0.236575446,0.4,Modelled
US,6.216315588,34.31995243,0.193850221,0.4,Modelled
US,6.604922834,6.259352834,0.085362911,0.4,Modelled
US,7.008864958,35.01276509,0.248046111,0.4,Modelled
US,9.951215576,13.45362136,0.298258794,0.4,Modelled
US,9.512577185,10.31627122,0.218837136,0.4,Modelled
US,8.578550273,13.07493632,0.235958004,0.4,Modelled
US,7.51563777,18.52315344,0.232607045,0.4,Modelled
US,8.744417023,11.27097711,0.215025934,0.4,Modelled
US,8.79694185,14.16310625,0.259795013,0.4,Modelled
US,9.295538809,10.25753075,0.21163442,0.4,Modelled
US,8.143718332,8.642614036,0.152988239,0.4,Modelled
US,7.259377252,15.8765811,0.202385216,0.4,Modelled
US,9.402321685,12.4554732,0.258223433,0.4,Modelled
US,7.36269628,15.1243819,0.202542814,0.4,Modelled
US,9.799392342,11.7306218,0.257313461,0.4,Modelled
US,7.097885064,42.03237851,0.264393934,0.4,Modelled
US,8.043672572,14.74069563,0.230962047,0.4,Modelled
US,8.180972254,13.68607676,0.226741832,0.4,Modelled
US,8.101655095,15.34183983,0.239489997,0.4,Modelled
US,8.958406233,8.817081422,0.172897212,0.4,Modelled
US,7.406672186,11.17484949,0.16933431,0.4,Modelled
US,8.485018367,12.88960989,0.229310874,0.4,Modelled
US,8.612464484,9.827507874,0.185770876,0.4,Modelled
US,8.808614804,13.33887845,0.24924911,0.4,Modelled
US,7.478581297,16.90581632,0.220332758,0.4,Modelled
US,6.646133179,22.23680977,0.198351928,0.4,Modelled
US,7.637379205,13.72520795,0.203572022,0.4,Modelled
US,8.901396545,11.04795343,0.216440094,0.4,Modelled
US,6.763624422,13.14981085,0.163156595,0.4,Modelled
US,9.082748508,12.31403501,0.244269415,0.4,Modelled
US,9.783652065,13.41526447,0.290534508,0.4,Modelled
US,9.587396402,10.40501323,0.222808155,0.4,Modelled
US,9.346199033,11.46572018,0.238195186,0.4,Modelled
US,9.566621805,9.77155041,0.20793306,0.4,Modelled
US,7.909470256,8.716959015,0.149353729,0.4,Modelled
US,7.298296189,50.60360821,0.28848566,0.4,Modelled
US,7.424663623,18.15662783,0.225065782,0.4,Modelled
US,7.123939842,19.55573749,0.215724616,0.4,Modelled
US,7.438298274,17.69601734,0.222847542,0.4,Modelled
US,8.102675297,10.34576747,0.180432338,0.4,Modelled
US,7.236629326,19.66772479,0.221524498,0.4,Modelled
US,7.577340752,16.95415338,0.22494547,0.4,Modelled
US,7.948901088,14.40782034,0.223751656,0.4,Modelled
US,7.320228844,17.4451909,0.21483015,0.4,Modelled
US,7.414721429,16.19707969,0.212293888,0.4,Modelled
US,8.345931279,13.26292737,0.229194116,0.4,Modelled
US,7.213321902,37.28254666,0.266890931,0.4,Modelled
US,8.144353916,13.60814875,0.223471584,0.4,Modelled
US,7.617593315,28.42557099,0.277824138,0.4,Modelled
US,8.60332236,15.0812616,0.261464572,0.4,Modelled
US,9.105322025,11.14298948,0.22406485,0.4,Modelled
US,7.614511172,23.20982725,0.26096499,0.4,Modelled
US,7.471153204,34.61517748,0.282235062,0.4,Modelled
US,7.530302227,15.51805517,0.213154652,0.4,Modelled
US,9.799065697,10.49451862,0.230166546,0.4,Modelled
US,6.380327453,50.31547315,0.216824539,0.4,Modelled
US,9.791565402,10.76768095,0.236102534,0.4,Modelled
US,8.164183738,10.89135781,0.190155065,0.4,Modelled
US,9.994866667,13.84327412,0.308111178,0.4,Modelled
US,9.542620748,10.25753075,0.218246652,0.4,Modelled
US,9.925882769,12.59853593,0.280206841,0.4,Modelled
US,9.648624093,13.45362136,0.285846969,0.4,Modelled
US,7.023834036,31.23402382,0.242055876,0.4,Modelled
US,6.742655847,50.8933933,0.243777577,0.4,Modelled
US,9.9798473,11.56434992,0.259381484,0.4,Modelled
US,8.938948801,13.84327412,0.261740396,0.4,Modelled
US,8.050276225,19.33367223,0.268882583,0.4,Modelled
US,9.182683434,17.545092,0.321644571,0.4,Modelled
US,8.109085176,14.36674298,0.230258615,0.4,Modelled
US,7.941856237,17.64556519,0.249835413,0.4,Modelled
US,8.17070412,12.92646382,0.217298071,0.4,Modelled
US,7.426715428,15.83131624,0.210482737,0.4,Modelled
US,9.213753691,11.07954171,0.226633988,0.4,Modelled
US,8.530389711,17.24709195,0.280657421,0.4,Modelled
US,6.865440379,17.89927261,0.19435632,0.4,Modelled
US,8.419376301,16.19707969,0.264444778,0.5,Modelled
US,8.158205183,15.25448396,0.241899988,0.5,Modelled
US,7.9247302,18.20854121,0.253401498,0.5,Modelled
US,9.600689617,13.00048812,0.276007884,0.5,Modelled
US,8.372264715,11.27097711,0.202839978,0.5,Modelled
US,7.350929626,17.89927261,0.219554561,0.5,Modelled
US,9.07515779,15.42969594,0.289186824,0.5,Modelled
US,7.050594545,26.8478777,0.234839,0.5,Modelled
US,9.609736017,11.83153026,0.253665715,0.5,Modelled
US,9.230502289,15.69629451,0.30147605,0.5,Modelled
US,7.411071069,45.66073091,0.293467348,0.5,Modelled
US,6.596988927,26.69500688,0.205334865,0.5,Modelled
US,9.18236632,10.49451862,0.213892647,0.5,Modelled
US,9.152189858,15.21099273,0.290535831,0.5,Modelled
US,7.981229861,19.66772479,0.265776557,0.5,Modelled
US,9.737738737,12.59853593,0.273336888,0.5,Modelled
US,9.968817632,10.6454085,0.238333755,0.5,Modelled
US,7.704159289,13.5693513,0.204908938,0.5,Modelled
US,7.314457562,47.25223999,0.288687235,0.5,Modelled
US,8.564755278,17.4451909,0.283374857,0.5,Modelled
US,8.249421841,24.99832531,0.313138996,0.5,Modelled
US,7.989899006,20.35324518,0.270459543,0.5,Modelled
US,8.172330014,14.74069563,0.236758334,0.5,Modelled
US,7.85923859,38.25297586,0.322666123,0.5,Modelled
US,6.599738948,38.03516484,0.222734455,0.5,Modelled
US,8.216859469,28.83427302,0.328546985,0.5,Modelled
US,6.413533049,32.41510561,0.202933689,0.5,Modelled
US,9.429671394,11.66382808,0.244829688,0.5,Modelled
US,7.923723667,11.79779802,0.194601547,0.5,Modelled
US,7.561059404,28.42557099,0.273914535,0.5,Modelled
US,9.33568388,9.308594797,0.192197544,0.5,Modelled
US,7.9326131,17.34585863,0.247693583,0.5,Modelled
US,9.668373971,11.96742642,0.258522645,0.5,Modelled
US,8.563184408,13.33887845,0.238815896,0.5,Modelled
US,8.767526509,15.96749944,0.279838779,0.5,Modelled
US,8.81448479,16.71384225,0.29066455,0.5,Modelled
US,7.313976219,48.34394594,0.287441567,0.5,Modelled
US,9.809447195,13.68607676,0.297099287,0.5,Modelled
US,8.404415803,14.65676266,0.246875719,0.5,Modelled
US,9.195021791,19.83690932,0.346856282,0.5,Modelled
US,7.807127719,29.92461075,0.29906408,0.5,Modelled
US,8.570353494,21.98429958,0.319261036,0.5,Modelled
US,8.960359304,16.01315368,0.291203869,0.5,Modelled
US,7.83965021,24.29468638,0.280492181,0.5,Modelled
US,9.034574642,16.24339033,0.297325663,0.5,Modelled
US,7.917980521,47.52283323,0.343371351,0.5,Modelled
US,7.627268677,19.66772479,0.244027991,0.5,Modelled
US,8.322482025,13.96235591,0.235956989,0.5,Modelled
US,9.647667109,15.1243819,0.31440644,0.5,Modelled
US,9.295857636,17.34585863,0.32596815,0.5,Modelled
US,7.670542474,31.59277573,0.292867049,0.5,Modelled
US,9.582652129,14.49032772,0.300839363,0.5,Modelled
US,9.537988571,10.7369818,0.228677522,0.5,Modelled
US,8.618988396,17.05124253,0.283571383,0.5,Modelled
US,9.509818964,16.57129365,0.328157651,0.5,Modelled
US,8.239713807,33.35393354,0.345725014,0.5,Modelled
US,9.750381974,9.855606658,0.213654306,0.5,Modelled
US,7.908064645,13.84327412,0.216323925,0.5,Modelled
US,9.41476447,11.66382808,0.244216694,0.5,Modelled
US,7.797165573,11.04795343,0.180548429,0.5,Modelled
US,8.571639658,15.51805517,0.265096294,0.5,Modelled
US,7.293755526,31.05617845,0.260927588,0.5,Modelled
US,9.66789298,14.28493928,0.301788641,0.5,Modelled
US,9.030730294,21.12288176,0.345895614,0.5,Modelled
US,7.43400757,21.79680044,0.243515247,0.5,Modelled
US,9.024659849,15.34183983,0.286294292,0.5,Modelled
US,7.751305893,42.5151596,0.319056892,0.5,Modelled
US,8.915150997,16.05893844,0.289515126,0.5,Modelled
US,9.020469994,15.65154366,0.289978029,0.5,Modelled
US,9.478197916,11.4004348,0.24083245,0.5,Modelled
US,9.902080873,14.20360137,0.31014495,0.5,Modelled
US,8.635334917,15.21099273,0.264439674,0.5,Modelled
US,9.457491769,12.41996207,0.259941516,0.5,Modelled
US,9.985795522,14.74069563,0.324514669,0.5,Modelled
US,7.796520797,19.11412863,0.250926478,0.5,Modelled
US,8.6342604,19.05963338,0.301526978,0.5,Modelled
US,8.829668154,17.4451909,0.299793915,0.5,Modelled
US,7.967389644,46.31723957,0.345852562,0.5,Modelled
US,7.443588579,32.88116905,0.276961564,0.5,Modelled
US,8.384456049,17.545092,0.274897368,0.5,Modelled
US,8.600035327,14.82510925,0.2584854,0.5,Modelled
US,7.608813732,21.92162133,0.25440339,0.5,Modelled
US,9.465815864,16.47693732,0.32481547,0.5,Modelled
US,7.344011259,48.06867731,0.289939987,0.5,Modelled
US,9.777787473,16.15090107,0.337224694,0.5,Modelled
US,9.757858678,14.86749716,0.315133915,0.5,Modelled
US,6.820889585,15.96749944,0.182589595,0.5,Modelled
US,8.232074093,17.84824097,0.268102355,0.5,Modelled
US,9.990489859,13.11232014,0.293419506,0.5,Modelled
US,8.928045766,14.32578274,0.267863415,0.5,Modelled
US,7.173200863,15.42969594,0.19618013,0.5,Modelled
US,7.008095627,46.58247847,0.261090967,0.5,Modelled
US,8.255439612,21.61090044,0.295012525,0.5,Modelled
US,9.634710042,16.19707969,0.329618928,0.5,Modelled
US,6.291148334,47.52283323,0.209400656,0.5,Modelled
US,9.851545378,11.59741467,0.256154426,0.5,Modelled
US,9.748778932,12.85286102,0.278533952,0.5,Modelled
US,8.82807833,19.89362695,0.32135623,0.5,Modelled
US,9.605680075,13.07493632,0.277678998,0.5,Modelled
US,8.740678979,20.88302078,0.323658316,0.5,Modelled
US,9.491765779,12.00164365,0.253161585,0.5,Modelled
US,8.920410351,19.11412863,0.321432834,0.5,Modelled
US,8.707362804,16.80955523,0.285788131,0.5,Modelled
US,7.793220991,28.42557099,0.29277718,0.5,Modelled
US,7.595639121,32.6939449,0.28740344,0.5,Modelled
US,9.020202159,17.59525688,0.312054059,0.5,Modelled
US,7.465222045,35.82169275,0.285307445,0.5,Modelled
US,7.88219395,36.4406299,0.320136612,0.5,Modelled
US,9.244585241,13.84327412,0.274906161,0.5,Modelled
US,8.790682728,17.74661375,0.29985547,0.5,Modelled
US,8.453896153,25.3577505,0.331357656,0.5,Modelled
US,9.531218132,10.58479394,0.225168868,0.5,Modelled
US,8.314173418,14.00227704,0.236267091,0.5,Modelled
US,8.769464145,15.56242435,0.275719634,0.5,Modelled
US,9.203939416,31.50270328,0.43052012,0.5,Modelled
US,9.142457355,10.70637017,0.216783359,0.5,Modelled
US,8.840828154,24.29468638,0.355539082,0.5,Modelled
US,7.405391928,22.55652997,0.243927532,0.5,Modelled
US,9.985546883,18.15662783,0.379150416,0.5,Modelled
US,7.961277031,18.57611479,0.25827936,0.5,Modelled
US,9.487844642,15.21099273,0.30795834,0.5,Modelled
US,9.795182289,16.24339033,0.339271518,0.5,Modelled
US,9.497287004,14.08246205,0.290225566,0.5,Modelled
US,7.360786826,38.80297603,0.28161603,0.5,Modelled
US,9.837991567,13.53066446,0.295389376,0.5,Modelled
US,8.401926031,17.89927261,0.278345702,0.5,Modelled
US,8.918882523,16.71384225,0.296284745,0.5,Modelled
US,8.417927119,14.95263692,0.251441696,0.5,Modelled
US,9.445156334,17.95045016,0.341587248,0.5,Modelled
US,9.942770526,18.10486245,0.374993847,0.5,Modelled
US,8.07669316,48.48217082,0.362466094,0.5,Modelled
US,7.912312734,28.10278429,0.300556493,0.5,Modelled
US,7.427163153,27.07882691,0.261139352,0.5,Modelled
US,7.865331749,17.49507014,0.24475085,0.5,Modelled
US,7.702706641,20.82348234,0.254783776,0.5,Modelled
US,9.401783463,13.60814875,0.278063555,0.5,Modelled
US,7.89378768,31.77369396,0.310004586,0.5,Modelled
US,9.897964459,14.61497556,0.317860166,0.5,Modelled
US,9.00778024,16.28983339,0.296251822,0.5,Modelled
US,8.268322331,34.1245359,0.350605153,0.5,Modelled
US,9.544073007,18.15662783,0.350259169,0.5,Modelled
US,8.555516402,18.10486245,0.289082027,0.5,Modelled
US,9.42906546,18.62922757,0.349520999,0.5,Modelled
US,7.727902315,35.5161776,0.305862147,0.5,Modelled
US,7.927938217,15.34183983,0.230755284,0.5,Modelled
US,8.852955565,23.07767136,0.349755155,0.5,Modelled
US,8.42983692,12.00164365,0.215536662,0.5,Modelled
US,8.381533487,19.95050676,0.293373352,0.5,Modelled
US,7.578786214,24.85598577,0.264594412,0.5,Modelled
US,9.84690442,15.21099273,0.325180689,0.5,Modelled
US,7.685148165,23.40948144,0.265432901,0.5,Modelled
US,9.385023691,14.74069563,0.295122542,0.5,Modelled
US,9.517673615,15.74117331,0.31661436,0.5,Modelled
US,7.950884701,19.33367223,0.262402397,0.5,Modelled
US,8.958829964,18.26060302,0.315939417,0.5,Modelled
US,9.671352708,20.88302078,0.390704015,0.5,Modelled
US,8.337071677,19.83690932,0.288817233,0.5,Modelled
US,7.946309845,25.7223435,0.29353236,0.5,Modelled
US,8.838039906,22.68570151,0.345549772,0.5,Modelled
US,9.384602793,16.95415338,0.326425654,0.5,Modelled
US,7.397460857,40.7328114,0.28781011,0.5,Modelled
US,8.829286429,14.08246205,0.259682478,0.5,Modelled
US,8.854756303,23.67836118,0.351516865,0.5,Modelled
US,8.638443364,19.78035338,0.308171796,0.5,Modelled
US,8.497031467,15.38570517,0.259666229,0.5,Modelled
US,8.844139979,20.76411364,0.330043019,0.5,Modelled
US,9.285629719,16.61867425,0.315398922,0.5,Modelled
US,7.559047871,30.96763587,0.280960825,0.5,Modelled
US,9.322799802,17.64556519,0.330551348,0.5,Modelled
US,7.659781505,45.01352772,0.314366562,0.5,Modelled
US,9.920650452,13.5693513,0.299053174,0.5,Modelled
US,9.466411152,15.56242435,0.311294063,0.5,Modelled
US,7.720812264,31.95564823,0.295883584,0.5,Modelled
US,8.371818757,27.783663,0.33710999,0.5,Modelled
US,9.262006354,20.70491421,0.359533358,0.5,Modelled
US,8.333101664,20.52832666,0.293715416,0.5,Modelled
US,8.343722606,19.78035338,0.290230947,0.5,Modelled
US,8.137945878,30.52869518,0.326859386,0.5,Modelled
US,8.910278844,22.75056441,0.350300213,0.5,Modelled
US,9.551574253,15.47381249,0.314415966,0.5,Modelled
US,7.695836912,26.46733118,0.278346165,0.5,Modelled
US,8.672432433,16.80955523,0.283549829,0.5,Modelled
US,9.181512418,24.78512022,0.38752063,0.5,Modelled
US,7.562466617,21.30458375,0.24821579,0.5,Modelled
US,9.492408505,19.61165121,0.364147068,0.5,Modelled
US,8.645754043,15.38570517,0.267848108,0.5,Modelled
US,9.156327359,15.78618043,0.298297612,0.5,Modelled
US,9.669688912,19.44438785,0.373686697,0.5,Modelled
US,7.835446067,21.54928678,0.267083922,0.5,Modelled
US,9.124461813,13.80380631,0.26957678,0.5,Modelled
US,8.926901983,19.89362695,0.329603521,0.5,Modelled
US,7.939612229,30.96763587,0.311549305,0.5,Modelled
US,7.6523968,18.36517364,0.238936397,0.5,Modelled
US,9.997742956,17.39545386,0.368025809,0.5,Modelled
US,8.942071455,19.38895101,0.324405049,0.5,Modelled
US,9.428775245,13.53066446,0.278173366,0.5,Modelled
US,8.47160142,26.0921786,0.33645773,0.5,Modelled
US,9.594691678,17.00262866,0.339453632,0.5,Modelled
US,9.407641833,20.29521715,0.36676947,0.5,Modelled
US,9.853034584,17.59525688,0.362775729,0.5,Modelled
US,8.06238884,39.24866441,0.341976888,0.5,Modelled
US,8.732377485,25.79588875,0.355706717,0.5,Modelled
US,8.131786238,39.69947194,0.351229596,0.5,Modelled
US,7.992288648,35.11287349,0.328305088,0.5,Modelled
US,7.79946324,20.70491421,0.261324068,0.5,Modelled
US,9.786109933,24.22542112,0.433393263,0.5,Modelled
US,9.540681949,19.66772479,0.367927454,0.5,Modelled
US,9.98514403,17.24709195,0.365998016,0.5,Modelled
US,9.798361983,25.86964429,0.447653807,0.5,Modelled
US,9.730644159,16.19707969,0.335118546,0.5,Modelled
US,9.76147953,14.00227704,0.300140104,0.5,Modelled
US,7.410315432,50.17202144,0.297928044,0.5,Modelled
US,9.180409,20.76411364,0.354185636,0.5,Modelled
US,8.950548547,29.75422113,0.395003711,0.5,Modelled
US,8.893064709,20.23735456,0.328175724,0.5,Modelled
US,8.758732007,25.64900792,0.356180428,0.5,Modelled
US,8.594541907,17.05124253,0.281920445,0.5,Modelled
US,9.283737615,18.15662783,0.334607782,0.5,Modelled
US,8.237981047,28.42557099,0.326255484,0.6,Modelled
US,9.955939082,21.85912179,0.422550108,0.6,Modelled
US,8.902425345,20.06475473,0.327791169,0.6,Modelled
US,8.635147766,32.6939449,0.379534776,0.6,Modelled
US,8.326814071,22.17341161,0.303935007,0.6,Modelled
US,8.720509437,23.14365497,0.339159822,0.6,Modelled
US,9.480898214,18.68249221,0.352918728,0.6,Modelled
US,9.690141668,13.84327412,0.294961389,0.6,Modelled
US,9.798257385,16.42996082,0.341725162,0.6,Modelled
US,8.80286272,36.23313831,0.406255991,0.6,Modelled
US,8.866836889,28.9167159,0.382997214,0.6,Modelled
US,9.5231028,17.05124253,0.335572292,0.6,Modelled
US,9.661419324,22.8808471,0.411517073,0.6,Modelled
US,8.714718516,24.15635334,0.344557335,0.6,Modelled
US,9.689723967,20.52832666,0.389802136,0.6,Modelled
US,7.948417541,22.36415041,0.278585296,0.6,Modelled
US,8.416388536,29.16546155,0.345813969,0.6,Modelled
US,9.951818747,19.05963338,0.388461815,0.6,Modelled
US,7.908363557,33.35393354,0.315027707,0.6,Modelled
US,9.708901263,16.38311826,0.337302348,0.6,Modelled
US,8.954476735,24.85598577,0.368279577,0.6,Modelled
US,9.016204252,20.70491421,0.340761602,0.6,Modelled
US,8.508361785,25.3577505,0.334408714,0.6,Modelled
US,9.804844215,16.24339033,0.339511513,0.6,Modelled
US,8.965442385,26.92464108,0.382667726,0.6,Modelled
US,8.906825856,30.79130731,0.395320641,0.6,Modelled
US,9.051861458,27.15625062,0.39017512,0.6,Modelled
US,9.239787842,24.50367268,0.389305799,0.6,Modelled
US,9.259312765,36.02682817,0.457052716,0.6,Modelled
US,9.188088016,21.92162133,0.365925064,0.6,Modelled
US,8.09446132,37.49604776,0.340628663,0.6,Modelled
US,8.628019585,25.64900792,0.347227913,0.6,Modelled
US,8.943280526,34.02724529,0.412138893,0.6,Modelled
US,9.666374244,19.49998319,0.375241847,0.6,Modelled
US,8.267548526,28.67009174,0.331916883,0.6,Modelled
US,8.324242974,31.41288764,0.347276399,0.6,Modelled
US,8.781432673,33.73703458,0.395239723,0.6,Modelled
US,8.358822467,43.49742102,0.380811732,0.6,Modelled
US,9.613552259,16.19707969,0.329149704,0.6,Modelled
US,9.417001863,20.35324518,0.367843913,0.6,Modelled
US,8.353697775,26.39187162,0.326847886,0.6,Modelled
US,8.74924133,30.70351988,0.380847193,0.6,Modelled
US,8.615947041,21.54928678,0.319410631,0.6,Modelled
US,9.916751864,23.88204576,0.44187953,0.6,Modelled
US,9.737182451,22.42809393,0.412838225,0.6,Modelled
US,9.783897528,16.10485412,0.335770416,0.6,Modelled
US,7.75175239,36.75409732,0.310827729,0.6,Modelled
US,9.035377425,23.40948144,0.365538527,0.6,Modelled
US,9.194194614,32.32268866,0.431372056,0.6,Modelled
US,9.876002417,22.81561276,0.425955312,0.6,Modelled
US,9.810910553,14.40782034,0.310486524,0.6,Modelled
US,8.299909904,24.71445672,0.316765667,0.6,Modelled
US,9.081106674,17.64556519,0.316579579,0.6,Modelled
US,8.615852359,31.50270328,0.37175015,0.6,Modelled
US,9.261138446,19.61165121,0.348155843,0.6,Modelled
US,9.514825559,21.92162133,0.389603468,0.6,Modelled
US,8.877035961,29.83929432,0.389122057,0.6,Modelled
US,8.745253991,27.4681655,0.36529836,0.6,Modelled
US,9.986605835,15.42969594,0.336182584,0.6,Modelled
US,8.870944266,25.43025331,0.365146299,0.6,Modelled
US,9.122070908,29.41634694,0.410560287,0.6,Modelled
US,8.757878083,27.783663,0.369777975,0.6,Modelled
US,8.244556596,42.88088097,0.367257584,0.6,Modelled
US,8.015867632,49.74411558,0.356658724,0.6,Modelled
US,8.241942056,27.783663,0.326372478,0.6,Modelled
US,9.241385535,40.7328114,0.472277576,0.6,Modelled
US,8.838353757,21.00260886,0.331898073,0.6,Modelled
US,8.876289184,27.07882691,0.375278871,0.6,Modelled
US,9.492021697,37.17625241,0.484679882,0.6,Modelled
US,9.382068131,25.3577505,0.408836682,0.6,Modelled
US,8.528846875,33.93023206,0.371786053,0.6,Modelled
US,8.727708634,26.16678129,0.357936304,0.6,Modelled
US,9.654036413,30.01017112,0.465138012,0.6,Modelled
US,9.973635987,17.74661375,0.372177912,0.6,Modelled
US,8.826750701,37.92672485,0.414407193,0.6,Modelled
US,7.999391504,28.34452839,0.307965651,0.6,Modelled
US,8.655300078,36.336736,0.394824976,0.6,Modelled
US,9.506469515,32.32268866,0.463938969,0.6,Modelled
US,9.290865576,32.13864448,0.440334055,0.6,Modelled
US,9.158843484,40.7328114,0.459371601,0.6,Modelled
US,9.085044673,50.02897872,0.475049381,0.6,Modelled
US,8.868253697,30.79130731,0.392438569,0.6,Modelled
US,9.099829063,28.26371685,0.400999949,0.6,Modelled
US,9.317093294,44.75722237,0.493805763,0.6,Modelled
US,8.988501548,27.86310198,0.390591429,0.6,Modelled
US,9.256807853,22.49222027,0.374314604,0.6,Modelled
US,8.293822327,40.84927455,0.368712709,0.6,Modelled
US,9.804987019,31.32332806,0.491873,0.6,Modelled
US,9.874899275,23.95032925,0.439723024,0.6,Modelled
US,8.796070872,40.50088029,0.4195444,0.6,Modelled
US,9.443168196,44.24898154,0.506446727,0.6,Modelled
US,9.419954838,24.57373352,0.405207436,0.6,Modelled
US,9.72130822,20.88302078,0.394531444,0.6,Modelled
US,8.393448398,44.62961749,0.386716884,0.6,Modelled
US,9.632797715,27.2338957,0.444611782,0.6,Modelled
US,9.031558394,35.5161776,0.426558076,0.6,Modelled
US,8.516538571,47.38734346,0.403813583,0.6,Modelled
US,9.493107146,25.21336441,0.417521928,0.6,Modelled
US,9.179127638,33.44929902,0.43529041,0.6,Modelled
US,9.59286141,32.13864448,0.473409103,0.6,Modelled
US,9.990044072,27.00162394,0.475813793,0.6,Modelled
US,9.865670876,25.64900792,0.455095755,0.6,Modelled
US,8.758828532,40.6166803,0.417295497,0.6,Modelled
US,9.705143895,23.95032925,0.423542705,0.6,Modelled
US,9.354087922,27.86310198,0.423740879,0.6,Modelled
US,9.206789442,39.47342462,0.461471718,0.6,Modelled
US,9.153309042,36.75409732,0.445870522,0.6,Modelled
US,9.870939606,20.88302078,0.405998476,0.6,Modelled
US,8.262497065,39.69947194,0.361612837,0.6,Modelled
US,9.837772861,30.87934573,0.489781503,0.6,Modelled
US,9.919834124,25.06980045,0.451876604,0.6,Modelled
US,9.975696013,30.87934573,0.503885042,0.6,Modelled
US,9.385463103,31.23402382,0.446670087,0.6,Modelled
US,9.306381253,42.63671883,0.48433297,0.6,Modelled
US,9.214384057,20.0075492,0.350510855,0.6,Modelled
US,9.921151425,31.50270328,0.504477386,0.6,Modelled
US,9.175866379,40.50088029,0.460895662,0.6,Modelled
US,9.68131188,25.06980045,0.431094587,0.6,Modelled
US,9.196942102,32.13864448,0.432273717,0.6,Modelled
US,9.886176645,26.46733118,0.463567278,0.6,Modelled
US,9.237647975,34.81340371,0.449518511,0.6,Modelled
US,9.969931121,25.06980045,0.456701228,0.6,Modelled
US,9.975352403,31.32332806,0.50732925,0.6,Modelled
US,9.797761475,19.83690932,0.38769574,0.7,Modelled
US,9.215682653,30.52869518,0.424328325,0.7,Modelled
US,8.864646862,45.14223028,0.441370767,0.7,Modelled
US,9.222672445,28.67009174,0.414571536,0.7,Modelled
US,9.987170827,28.34452839,0.488185781,0.7,Modelled
US,8.965459354,44.62961749,0.451709012,0.7,Modelled
US,9.316008775,31.32332806,0.439424403,0.7,Modelled
US,9.262329312,32.04701573,0.438248487,0.7,Modelled
US,9.786487672,24.01880796,0.432303977,0.7,Modelled
US,9.566292784,45.40074041,0.52847962,0.7,Modelled
US,9.707686818,32.2305352,0.484400924,0.7,Modelled
US,8.380924881,26.54300651,0.331581525,0.7,Modelled
US,8.995824371,46.4496697,0.456010465,0.7,Modelled
US,9.500233145,31.1449742,0.45746896,0.7,Modelled
US,8.81673627,39.92681373,0.421029722,0.7,Modelled
US,9.981533956,31.05617845,0.506938842,0.7,Modelled
US,9.112390221,38.80297603,0.450309179,0.7,Modelled
US,9.592971983,33.83349542,0.48226905,0.7,Modelled
US,9.810757905,45.79128395,0.557916034,0.7,Modelled
US,9.739083261,39.47342462,0.525019562,0.7,Modelled
US,8.511621339,44.50237641,0.397850857,0.7,Modelled
US,9.173757661,25.94361071,0.394018626,0.7,Modelled
US,9.632892111,40.38541043,0.517535621,0.7,Modelled
US,9.988945228,22.94626795,0.43709877,0.7,Modelled
US,9.343746373,34.71414911,0.460348245,0.7,Modelled
US,9.422403257,48.06867731,0.513250679,0.7,Modelled
US,9.914317404,35.92411404,0.528638512,0.7,Modelled
US,9.690080726,43.74651203,0.534101757,0.7,Modelled
US,9.253279668,40.27026979,0.47099065,0.7,Modelled
US,9.348240916,43.24974833,0.491260031,0.7,Modelled
US,9.513685096,33.54493716,0.473641278,0.7,Modelled
US,8.938922684,42.39394694,0.441827855,0.7,Modelled
US,9.930341778,44.75722237,0.573011053,0.7,Modelled
US,9.837023207,33.06946536,0.503262388,0.7,Modelled
US,9.94584411,28.42557099,0.485231582,0.7,Modelled
US,9.061725242,40.04097237,0.448161512,0.7,Modelled
US,9.861041956,27.2338957,0.466285884,0.7,Modelled
US,9.995820304,26.16678129,0.470865339,0.7,Modelled
US,9.840707299,44.8851921,0.56372875,0.7,Modelled
US,9.630673999,41.08320077,0.521671548,0.7,Modelled
US,9.426876742,31.23402382,0.450471838,0.7,Modelled
US,9.332238219,46.98318749,0.503474876,0.7,Modelled
US,9.722621118,30.18202645,0.472661881,0.7,Modelled
US,9.1577251,39.92681373,0.458771909,0.7,Modelled
US,9.532776856,26.46733118,0.429922648,0.7,Modelled
US,9.942716403,33.06946536,0.517177554,0.7,Modelled
US,9.115838509,39.69947194,0.452129615,0.7,Modelled
US,9.040642104,43.00348587,0.455298066,0.7,Modelled
US,9.553393576,34.81340371,0.483331519,0.7,Modelled
US,9.723122859,27.783663,0.459019304,0.7,Modelled
US,9.733152826,40.27026979,0.530696876,0.7,Modelled
US,9.929143535,42.03237851,0.559068277,0.7,Modelled
US,9.762205523,39.24866441,0.526866619,0.8,Modelled
US,9.304324396,46.58247847,0.494656212,0.8,Modelled
US,9.737006849,46.18518701,0.552655591,0.8,Modelled
US,9.814476796,48.75980735,0.570541914,0.8,Modelled
US,9.797302666,38.91392139,0.532440576,0.8,Modelled
US,9.484443293,50.74829392,0.530314532,0.8,Modelled
US,9.918572524,48.48217082,0.583945642,0.8,Modelled
US,9.982017955,27.783663,0.482525974,0.8,Modelled
US,9.905678513,37.38914481,0.53581395,0.8,Modelled
US,9.405445128,49.46087443,0.51811878,0.8,Modelled
US,9.65849357,50.17202144,0.554487089,0.8,Modelled
US,9.873812678,44.8851921,0.563492173,0.8,Modelled
US,9.745820112,40.38541043,0.532383072,0.8,Modelled
US,9.959655977,43.87159194,0.572317306,0.8,Modelled
US,9.96253152,41.20066574,0.564307031,0.8,Modelled
China,8.637370079,1.005774511,0.005839715,0.1,Modelled
China,8.421821377,1.002883099,0.002565472,0.2,Modelled
China,8.977706643,1.005774511,0.002963082,0.2,Modelled
China,6.159343449,1.002883099,0.005523891,0.2,Modelled
China,4.591599923,1.002883099,0.00188607,0.2,Modelled
China,7.12174568,1.005774511,0.006005903,0.2,Modelled
China,5.707268186,1.011582367,0.005423663,0.2,Modelled
China,6.575243997,1.002883099,0.004345563,0.2,Modelled
China,4.936946915,1.099664778,0.004609685,0.2,Modelled
China,8.252544329,1.002883099,0.00837484,0.2,Modelled
China,9.454585257,1.002883099,0.010696025,0.2,Modelled
China,8.653216036,1.280934379,0.014630014,0.2,Modelled
China,9.869112555,2.526973282,0.023782065,0.2,Modelled
China,6.78204339,3.046989571,0.009888782,0.2,Modelled
China,6.705842931,1.005774511,0.004807769,0.2,Modelled
China,7.64072286,1.002883099,0.001774963,0.2,Modelled
China,8.059807837,1.002883099,0.004113638,0.2,Modelled
China,6.704207724,1.005774511,0.006167886,0.2,Modelled
China,7.640574884,1.773422454,0.011977971,0.2,Modelled
China,9.063591649,1.352953345,0.016393631,0.2,Modelled
China,8.164956123,5.691002773,0.016063293,0.2,Modelled
China,7.901482485,1.002883099,0.010580217,0.2,Modelled
China,6.473448897,1.005774511,0.006531409,0.2,Modelled
China,9.182682614,4.533296276,0.021268124,0.2,Modelled
China,9.718998966,1.002883099,0.006029176,0.2,Modelled
China,6.97851914,1.005774511,0.007149329,0.2,Modelled
China,9.687319741,1.005774511,0.007782928,0.2,Modelled
China,6.976164032,1.005774511,0.001004415,0.2,Modelled
China,8.43966556,1.526848508,0.014460069,0.2,Modelled
China,5.638304973,1.185136686,0.005989395,0.2,Modelled
China,8.06369132,3.199825401,0.014884449,0.2,Modelled
China,9.504177817,1.002883099,0.002065269,0.2,Modelled
China,5.722661475,1.011582367,0.001839832,0.2,Modelled
China,6.488714524,1.002883099,0.002431402,0.2,Modelled
China,6.708503827,2.399357842,0.00943622,0.2,Modelled
China,8.725174842,1.138319213,0.01433166,0.2,Modelled
China,7.046273489,1.005774511,0.004897232,0.2,Modelled
China,9.636806773,1.002883099,0.009338504,0.2,Modelled
China,9.014281113,1.005774511,0.002988084,0.2,Modelled
China,6.861423383,1.005774511,0.002557129,0.2,Modelled
China,8.352200611,1.002883099,0.00905649,0.2,Modelled
China,5.628142552,1.002883099,0.002876651,0.2,Modelled
China,9.487073256,2.239172346,0.020832566,0.2,Modelled
China,8.153555194,2.448201794,0.014691941,0.2,Modelled
China,9.929577722,1.202319816,0.019256198,0.2,Modelled
China,8.427824159,1.005774511,0.007178529,0.2,Modelled
China,9.010326099,1.005774511,0.009270901,0.2,Modelled
China,9.15446562,1.191980271,0.016147498,0.2,Modelled
China,6.488799836,1.002883099,0.005761215,0.2,Modelled
China,9.588198919,1.002883099,0.012041749,0.2,Modelled
China,8.029830393,1.002883099,0.0086401,0.2,Modelled
China,9.636295387,1.002883099,0.002159153,0.2,Modelled
China,8.386752258,2.378724173,0.015696413,0.2,Modelled
China,7.914203732,1.005774511,0.004713257,0.2,Modelled
China,8.77543877,1.002883099,0.005438183,0.2,Modelled
China,6.997049664,1.002883099,0.0022097,0.2,Modelled
China,9.862986133,1.002883099,0.003963967,0.2,Modelled
China,8.051363563,4.354213575,0.01522577,0.2,Modelled
China,6.850365233,1.080832611,0.008552056,0.2,Modelled
China,8.032393466,2.505242164,0.014220013,0.2,Modelled
China,9.607101918,3.438619297,0.023271623,0.2,Modelled
China,9.56912778,2.73123513,0.022124626,0.2,Modelled
China,8.247884376,1.002883099,0.005115133,0.2,Modelled
China,9.092407908,2.986199234,0.019713576,0.2,Modelled
China,9.907661279,1.002883099,0.017015883,0.2,Modelled
China,9.748802455,3.569752937,0.024380875,0.3,Modelled
China,6.170802312,1.688717054,0.007584468,0.3,Modelled
China,9.767723354,1.002883099,0.015174626,0.3,Modelled
China,8.460837034,1.005774511,0.005627136,0.3,Modelled
China,7.065954298,1.002883099,0.005471692,0.3,Modelled
China,7.76173746,1.230332526,0.011472614,0.3,Modelled
China,9.699447208,1.188553553,0.018165778,0.3,Modelled
China,9.586925078,1.972757797,0.020753411,0.3,Modelled
China,7.482361254,2.519708712,0.012112819,0.3,Modelled
China,5.902444995,1.005774511,0.001199259,0.3,Modelled
China,9.598327887,1.005774511,0.011741137,0.3,Modelled
China,7.257761278,1.151503643,0.009750831,0.3,Modelled
China,8.706260045,1.230332526,0.014650202,0.3,Modelled
China,7.908725491,1.005774511,0.009982874,0.3,Modelled
China,8.816636784,1.002883099,0.005270149,0.3,Modelled
China,9.89506069,5.160338248,0.026504741,0.3,Modelled
China,9.207008313,2.119979117,0.019215454,0.3,Modelled
China,7.076011748,3.055774344,0.010861022,0.3,Modelled
China,7.219602244,1.005774511,0.004582795,0.3,Modelled
China,6.558405813,1.005774511,0.003203905,0.3,Modelled
China,9.086375241,1.002883099,0.011556558,0.3,Modelled
China,7.320129694,1.4331415,0.010523113,0.3,Modelled
China,8.554143498,1.002883099,0.010077593,0.3,Modelled
China,8.276626863,2.16313573,0.015018976,0.3,Modelled
China,8.927552147,1.002883099,0.005524478,0.3,Modelled
China,5.315710467,1.005774511,0.003210654,0.3,Modelled
China,5.624333515,1.008674259,0.001773137,0.3,Modelled
China,7.115657431,1.002883099,0.002014107,0.3,Modelled
China,8.701947022,2.331266366,0.017060202,0.3,Modelled
China,7.22292907,1.005774511,0.003754501,0.3,Modelled
China,8.64176932,1.814741219,0.015961828,0.3,Modelled
China,9.46302989,1.005774511,0.009732521,0.3,Modelled
China,9.754604966,1.077725421,0.017689984,0.3,Modelled
China,8.823629869,1.005774511,0.006019013,0.3,Modelled
China,9.637695627,1.002883099,0.004101299,0.3,Modelled
China,9.124444989,1.002883099,0.006258462,0.3,Modelled
China,6.587181524,1.205786223,0.008135541,0.3,Modelled
China,7.96587328,1.002883099,0.006782422,0.3,Modelled
China,7.245090625,1.005774511,0.004409222,0.3,Modelled
China,9.586782131,1.978445453,0.020800557,0.3,Modelled
China,8.969691047,1.002883099,0.009224157,0.3,Modelled
China,7.796313142,2.024541025,0.012877315,0.3,Modelled
China,8.728831307,1.95017021,0.016588724,0.3,Modelled
China,6.150474372,1.005774511,0.004295812,0.3,Modelled
China,8.885659024,1.002883099,0.00214723,0.3,Modelled
China,6.265392537,1.244582689,0.007399538,0.3,Modelled
China,8.740889892,1.002883099,0.003296557,0.3,Modelled
China,9.874938177,1.005774511,0.004851829,0.3,Modelled
China,9.584317227,1.585075716,0.019561631,0.3,Modelled
China,5.328400667,1.005774511,0.002331492,0.3,Modelled
China,6.678996219,1.002883099,0.007130849,0.3,Modelled
China,8.638383038,1.005774511,0.00498084,0.3,Modelled
China,9.421577855,1.005774511,0.002801959,0.3,Modelled
China,7.072988204,1.005774511,0.002638463,0.3,Modelled
China,9.995424581,4.719744398,0.026876097,0.3,Modelled
China,7.925567022,1.424913323,0.01238461,0.3,Modelled
China,7.249635187,1.005774511,0.005867004,0.3,Modelled
China,8.911125141,4.533296276,0.019750337,0.3,Modelled
China,7.533348909,1.002883099,0.005928755,0.3,Modelled
China,6.761748235,2.827241068,0.009723533,0.3,Modelled
China,6.987922397,1.062322951,0.008864971,0.3,Modelled
China,9.458465233,1.002883099,0.014990645,0.3,Modelled
China,6.855566895,1.002883099,0.001053399,0.3,Modelled
China,8.616055277,15.67829474,0.019320364,0.3,Modelled
China,5.981350779,1.002883099,0.001829804,0.3,Modelled
China,6.470793165,1.002883099,0.00208212,0.3,Modelled
China,6.451237578,1.002883099,0.001052316,0.3,Modelled
China,7.838051241,9.151459722,0.014950525,0.3,Modelled
China,9.07994103,1.420816966,0.016792147,0.3,Modelled
China,8.439165811,1.905767944,0.015263217,0.3,Modelled
China,9.453463684,1.002883099,0.00667986,0.3,Modelled
China,5.417776832,1.008674259,0.003924623,0.3,Modelled
China,6.05850441,1.005774511,0.004930672,0.3,Modelled
China,9.254742974,1.005774511,0.007910877,0.3,Modelled
China,8.252411585,1.002883099,0.006805973,0.3,Modelled
China,5.764239122,1.023298884,0.006068581,0.3,Modelled
China,7.486510851,1.16484078,0.010427856,0.3,Modelled
China,6.295255162,1.002883099,0.004730662,0.3,Modelled
China,9.581859755,2.344728289,0.021699209,0.3,Modelled
China,9.086927517,1.002883099,0.014428677,0.3,Modelled
China,4.930767354,1.002883099,0.001927245,0.3,Modelled
China,9.632006673,1.002883099,0.008628784,0.3,Modelled
China,9.789684371,2.699963167,0.023598684,0.3,Modelled
China,7.792180138,2.150716395,0.012934507,0.3,Modelled
China,8.36383635,1.972757797,0.014988569,0.3,Modelled
China,7.871461114,1.212749049,0.011739243,0.3,Modelled
China,7.823011882,1.005774511,0.001175852,0.3,Modelled
China,6.606316453,1.002883099,0.007818305,0.3,Modelled
China,9.67483117,1.758171619,0.02064112,0.3,Modelled
China,6.911739019,1.005774511,0.006621775,0.3,Modelled
China,4.987841599,1.002883099,0.003387904,0.3,Modelled
China,8.738611373,2.526973282,0.017493452,0.3,Modelled
China,8.898165409,1.191980271,0.015169724,0.3,Modelled
China,8.459215286,1.005774511,0.009270966,0.3,Modelled
China,6.955985771,1.005774511,0.004105564,0.3,Modelled
China,6.377739191,1.005774511,0.006962798,0.3,Modelled
China,8.065630737,1.005774511,0.011102804,0.3,Modelled
China,9.447020779,1.080832611,0.016487692,0.3,Modelled
China,9.679804005,1.002883099,0.00747509,0.3,Modelled
China,9.958435989,1.441417191,0.020662015,0.3,Modelled
China,5.460797972,1.008674259,0.004201203,0.3,Modelled
China,5.540951715,1.005774511,0.001813025,0.3,Modelled
China,9.543735207,1.002883099,0.008206115,0.3,Modelled
China,8.773890128,1.002883099,0.005753189,0.3,Modelled
China,8.022268615,1.002883099,0.00949487,0.3,Modelled
China,7.457226419,1.005774511,0.003698168,0.3,Modelled
China,9.771165418,1.002883099,0.012782574,0.3,Modelled
China,7.532827823,1.002883099,0.009942941,0.3,Modelled
China,8.420494778,1.002883099,0.001026233,0.3,Modelled
China,7.288712491,1.002883099,0.003292457,0.3,Modelled
China,6.057281388,1.005774511,0.001328571,0.3,Modelled
China,9.175955106,1.212749049,0.016304118,0.3,Modelled
China,9.090457633,1.674194657,0.017540247,0.3,Modelled
China,9.127618738,1.002883099,0.007469389,0.3,Modelled
China,4.999043488,1.002883099,0.004023629,0.3,Modelled
China,7.26354382,1.002883099,0.008703676,0.3,Modelled
China,9.285262038,4.80198009,0.022157057,0.3,Modelled
China,8.196061062,1.005774511,0.009270692,0.3,Modelled
China,6.633438635,1.002883099,0.003645212,0.3,Modelled
China,8.129865966,1.005774511,0.01040339,0.3,Modelled
China,7.874593881,1.002883099,0.003198824,0.3,Modelled
China,4.56776682,1.011582367,0.003979219,0.3,Modelled
China,7.557955135,1.002883099,0.007389809,0.3,Modelled
China,9.958364293,1.002883099,0.017275779,0.3,Modelled
China,9.142500143,2.024541025,0.018599315,0.3,Modelled
China,8.397773305,1.219752081,0.013479207,0.3,Modelled
China,7.561160998,1.005774511,0.007357887,0.3,Modelled
China,9.34173616,1.005774511,0.003205216,0.3,Modelled
China,9.699183397,2.434145793,0.022385166,0.3,Modelled
China,7.554181808,1.002883099,0.004933038,0.3,Modelled
China,9.372233468,4.316768806,0.022494008,0.3,Modelled
China,8.841119476,2.476557764,0.017897981,0.3,Modelled
China,4.911826703,1.185136686,0.004623385,0.3,Modelled
China,9.30104284,1.783663102,0.018932831,0.3,Modelled
China,6.09111787,1.002883099,0.004285352,0.3,Modelled
China,7.377293372,2.770834922,0.011868301,0.3,Modelled
China,8.989938588,1.664582507,0.01715941,0.3,Modelled
China,9.887388177,33.23765745,0.028787754,0.3,Modelled
China,6.438821551,1.005774511,0.002300941,0.3,Modelled
China,5.062065223,1.002883099,0.003106381,0.3,Modelled
China,8.240687897,1.090208032,0.012518185,0.3,Modelled
China,7.671735895,1.002883099,0.010174995,0.3,Modelled
China,9.09104409,1.005774511,0.012676017,0.3,Modelled
China,7.319244055,1.002883099,0.004355848,0.3,Modelled
China,9.414811776,1.002883099,0.003815958,0.3,Modelled
China,8.449589561,1.002883099,0.003729725,0.3,Modelled
China,7.889651093,1.470760256,0.012382159,0.3,Modelled
China,8.74744616,1.005774511,0.006936795,0.3,Modelled
China,6.017527478,1.002883099,0.001649628,0.3,Modelled
China,7.856013288,1.509366472,0.012400215,0.3,Modelled
China,8.450235383,1.002883099,0.00493979,0.3,Modelled
China,7.665832585,1.002883099,0.006887416,0.3,Modelled
China,9.257444492,1.251769545,0.016723633,0.3,Modelled
China,5.840312745,1.005774511,0.00413834,0.3,Modelled
China,5.512731309,1.005774511,0.005035399,0.3,Modelled
China,9.614502534,2.563611512,0.022151714,0.3,Modelled
China,6.537925874,1.758171619,0.008602482,0.3,Modelled
China,7.039198165,1.002883099,0.007148712,0.3,Modelled
China,5.306270256,1.008674259,0.003730009,0.3,Modelled
China,9.107623942,3.046989571,0.019863582,0.3,Modelled
China,8.72101694,5.466186196,0.0190199,0.3,Modelled
China,9.016190861,1.005774511,0.005390733,0.3,Modelled
China,6.428406884,1.002883099,0.006099535,0.3,Modelled
China,8.557276786,1.002883099,0.012316373,0.3,Modelled
China,9.412383141,1.198863374,0.017162194,0.3,Modelled
China,8.851825171,1.002883099,0.012432632,0.3,Modelled
China,7.107117749,5.175216015,0.011491972,0.3,Modelled
China,7.324320763,1.005774511,0.004804753,0.3,Modelled
China,6.220813292,1.005774511,0.003521154,0.3,Modelled
China,9.163335667,1.002883099,0.011968339,0.3,Modelled
China,8.325792341,1.005774511,0.005458404,0.3,Modelled
China,9.496262745,1.002883099,0.011000801,0.3,Modelled
China,8.246011786,1.288331148,0.013140209,0.3,Modelled
China,9.593625803,10.18009751,0.025541028,0.3,Modelled
China,4.939958028,1.002883099,0.003623128,0.3,Modelled
China,8.937092807,1.08707389,0.01475518,0.3,Modelled
China,7.921261768,1.416732386,0.012421689,0.3,Modelled
China,9.685047753,2.455260203,0.022352223,0.3,Modelled
China,5.795050939,2.392460142,0.006918596,0.3,Modelled
China,9.914600936,1.106014805,0.018442904,0.3,Modelled
China,9.824093645,6.862132741,0.026646459,0.3,Modelled
China,7.586785538,1.002883099,0.004239983,0.3,Modelled
China,8.60815506,1.978445453,0.016136056,0.3,Modelled
China,7.428181662,1.005774511,0.005565935,0.3,Modelled
China,8.861828108,2.132220959,0.017429889,0.3,Modelled
China,7.728965539,1.002883099,0.004280375,0.3,Modelled
China,6.340256743,1.005774511,0.006501838,0.3,Modelled
China,8.714518382,1.005774511,0.004684965,0.3,Modelled
China,7.431785804,1.005774511,0.004751458,0.3,Modelled
China,7.345697276,1.788805579,0.01096998,0.3,Modelled
China,8.850119535,1.466532098,0.016024547,0.3,Modelled
China,9.52060124,2.455260203,0.021590005,0.3,Modelled
China,8.596726473,2.747006676,0.016991084,0.3,Modelled
China,8.774814006,1.708276394,0.016284761,0.3,Modelled
China,4.860643184,1.002883099,0.00375283,0.3,Modelled
China,9.750750001,3.227581513,0.023984313,0.3,Modelled
China,8.775684209,1.002883099,0.010456734,0.3,Modelled
China,7.647476651,1.005774511,0.005679327,0.3,Modelled
China,7.220721996,1.005774511,0.003548932,0.3,Modelled
China,7.393845771,1.002883099,0.004780916,0.3,Modelled
China,9.70254194,2.213534379,0.02197149,0.3,Modelled
China,8.588920042,3.227581513,0.017358697,0.3,Modelled
China,7.595689275,1.005774511,0.003828143,0.3,Modelled
China,6.346333283,1.48779514,0.007872833,0.3,Modelled
China,5.010275806,1.002883099,0.001560645,0.3,Modelled
China,6.88100087,4.638917021,0.010601167,0.3,Modelled
China,7.173502376,1.005774511,0.007997124,0.3,Modelled
China,9.513516587,1.005774511,0.012804675,0.3,Modelled
China,4.621494994,1.002883099,0.001817697,0.3,Modelled
China,4.704341621,1.002883099,0.001129373,0.3,Modelled
China,9.270302387,2.144533492,0.019564507,0.3,Modelled
China,6.417817896,1.005774511,0.006853815,0.3,Modelled
China,9.622535329,6.686614743,0.025240457,0.3,Modelled
China,5.885318018,1.011582367,0.005199973,0.3,Modelled
China,9.908788916,1.002883099,0.008712327,0.3,Modelled
China,8.056250616,7.416816844,0.015876193,0.3,Modelled
China,5.035850923,1.002883099,0.002703411,0.3,Modelled
China,8.515247192,2.19449873,0.015984291,0.3,Modelled
China,7.992682211,1.002883099,0.006024162,0.3,Modelled
China,7.875613706,1.664582507,0.012741359,0.3,Modelled
China,7.125095821,1.005774511,0.007359722,0.3,Modelled
China,6.998751221,1.522459107,0.009665457,0.3,Modelled
China,8.736341081,4.815824676,0.0187978,0.3,Modelled
China,7.647762628,1.420816966,0.011493712,0.3,Modelled
China,9.332288265,3.046989571,0.021231207,0.3,Modelled
China,8.218822965,1.002883099,0.010065295,0.3,Modelled
China,9.940084875,2.207170887,0.023402153,0.3,Modelled
China,4.975498514,1.002883099,0.00134828,0.3,Modelled
China,9.781364131,1.005774511,0.01557437,0.4,Modelled
China,7.819661175,1.005774511,0.008655149,0.4,Modelled
China,8.783223221,7.227111269,0.019710012,0.4,Modelled
China,7.139044549,4.110583512,0.011446279,0.4,Modelled
China,6.373407067,1.758171619,0.008139467,0.4,Modelled
China,8.89343851,3.312302806,0.018899742,0.4,Modelled
China,6.74107858,1.002883099,0.002662055,0.4,Modelled
China,5.84673017,1.002883099,0.005111895,0.4,Modelled
China,9.042694263,1.778535407,0.017601403,0.4,Modelled
China,7.813755474,1.002883099,0.002352631,0.4,Modelled
China,8.600386568,1.005774511,0.006994812,0.4,Modelled
China,4.892604105,1.002883099,0.00193773,0.4,Modelled
China,8.062653653,1.005774511,0.011114204,0.4,Modelled
China,8.968780859,1.002883099,0.00644906,0.4,Modelled
China,9.099845168,15.36549787,0.022428263,0.4,Modelled
China,7.378341553,1.005774511,0.00732462,0.4,Modelled
China,8.853210703,1.002883099,0.001143339,0.4,Modelled
China,7.56561741,1.005774511,0.004083809,0.4,Modelled
China,9.256819078,1.005774511,0.002052015,0.4,Modelled
China,7.621595261,2.684461713,0.012749568,0.4,Modelled
China,9.384545233,1.005774511,0.010525374,0.4,Modelled
China,4.74542731,1.002883099,0.001219354,0.4,Modelled
China,9.76010236,1.509366472,0.02006343,0.4,Modelled
China,7.980631508,1.688717054,0.013056861,0.4,Modelled
China,8.200616322,4.329214479,0.016021366,0.4,Modelled
China,9.009138085,1.005774511,0.012543635,0.4,Modelled
China,8.21212845,4.354213575,0.016075271,0.4,Modelled
China,9.417338137,1.115608663,0.016628511,0.4,Modelled
China,7.249155046,1.005774511,0.008816753,0.4,Modelled
China,7.016178469,1.002883099,0.00496228,0.4,Modelled
China,6.278176727,1.005774511,0.002312545,0.4,Modelled
China,9.139199304,3.478446646,0.020601991,0.4,Modelled
China,8.152139416,3.227581513,0.015283096,0.4,Modelled
China,7.73035382,1.384475648,0.011728878,0.4,Modelled
China,9.514080506,1.005774511,0.015390522,0.4,Modelled
China,7.752207637,1.002883099,0.005709679,0.4,Modelled
China,6.424956095,1.337462366,0.007900304,0.4,Modelled
China,9.172921749,1.005774511,0.013383056,0.4,Modelled
China,9.148704791,6.515586104,0.021748535,0.4,Modelled
China,9.592104467,1.441417191,0.018970569,0.4,Modelled
China,9.256813736,1.005774511,0.003989042,0.4,Modelled
China,9.409646071,1.002883099,0.006133465,0.4,Modelled
China,4.882724447,1.002883099,0.003743339,0.4,Modelled
China,8.586543601,1.219752081,0.014164411,0.4,Modelled
China,9.739995968,21.27315762,0.027378662,0.4,Modelled
China,8.259692683,1.005774511,0.00214574,0.4,Modelled
China,7.846554305,1.002883099,0.006146406,0.4,Modelled
China,8.899875326,1.005774511,0.013858772,0.4,Modelled
China,8.496251372,1.005774511,0.006847767,0.4,Modelled
China,8.558527805,2.563611512,0.016617037,0.4,Modelled
China,7.051022595,1.068457346,0.009027361,0.4,Modelled
China,9.253510735,1.005774511,0.009827689,0.4,Modelled
China,7.952455605,1.269918775,0.01217949,0.4,Modelled
China,6.598496183,1.005774511,0.002255935,0.4,Modelled
China,6.853107463,1.002883099,0.001891771,0.4,Modelled
China,6.586047525,2.498040067,0.009077337,0.4,Modelled
China,9.380004647,1.005774511,0.008535124,0.4,Modelled
China,6.886711886,2.534258797,0.010062873,0.4,Modelled
China,6.716677415,1.479253177,0.008833561,0.4,Modelled
China,8.53350801,1.005774511,0.001846399,0.4,Modelled
China,7.883088006,1.005774511,0.001957024,0.4,Modelled
China,8.923040743,1.002883099,0.003536748,0.4,Modelled
China,9.732210055,1.005774511,0.002821024,0.4,Modelled
China,8.75968688,5.790161438,0.019279773,0.4,Modelled
China,9.817735405,1.002883099,0.016425109,0.4,Modelled
China,5.9898276,1.005774511,0.006359174,0.4,Modelled
China,8.356334716,1.40859842,0.013833171,0.4,Modelled
China,6.891586688,3.959582648,0.010496698,0.4,Modelled
China,9.289676999,2.901453762,0.020773396,0.4,Modelled
China,8.375579874,1.733044452,0.014748983,0.4,Modelled
China,8.63120944,1.002883099,0.009576445,0.4,Modelled
China,6.621136332,1.005774511,0.00214116,0.4,Modelled
China,8.118780838,1.002883099,0.005323051,0.4,Modelled
China,9.218374681,1.005774511,0.012929527,0.4,Modelled
China,7.393678168,1.002883099,0.004462111,0.4,Modelled
China,9.00671773,1.002883099,0.008490635,0.4,Modelled
China,5.82782148,2.344728289,0.006985878,0.4,Modelled
China,9.894720361,1.7683242,0.021736651,0.4,Modelled
China,7.324883231,1.005774511,0.005720753,0.4,Modelled
China,9.55199844,3.478446646,0.022853863,0.4,Modelled
China,7.663289227,1.48779514,0.011643339,0.4,Modelled
China,9.332722342,1.002883099,0.015280221,0.4,Modelled
China,9.332816886,1.002883099,0.014269111,0.4,Modelled
China,8.516984594,3.674018048,0.017307993,0.4,Modelled
China,9.282988359,1.002883099,0.00772731,0.4,Modelled
China,7.353556788,1.005774511,0.005983304,0.4,Modelled
China,8.595841247,1.002883099,0.008098881,0.4,Modelled
China,7.949860589,1.122050757,0.011728822,0.4,Modelled
China,9.95694383,1.118825073,0.01868705,0.4,Modelled
China,8.734980751,1.841052896,0.016438363,0.4,Modelled
China,7.873059913,1.002883099,0.002942635,0.4,Modelled
China,6.746911631,1.002883099,0.002387803,0.4,Modelled
China,9.874882866,2.324564416,0.023395935,0.4,Modelled
China,8.146691347,1.255378521,0.012716339,0.4,Modelled
China,8.13721164,1.248170944,0.01274412,0.4,Modelled
China,9.767994681,1.154823542,0.018259518,0.4,Modelled
China,6.616004989,1.388467229,0.008433681,0.4,Modelled
China,4.883600646,1.002883099,0.001300567,0.4,Modelled
China,8.749644669,1.005774511,0.008383972,0.4,Modelled
China,6.396269933,1.005774511,0.001850399,0.4,Modelled
China,9.977967122,1.626682617,0.021635825,0.4,Modelled
China,7.040475745,1.002883099,0.004047937,0.4,Modelled
China,7.995164829,1.1416011,0.011942531,0.4,Modelled
China,4.891310124,1.002883099,0.00308856,0.4,Modelled
China,8.190642509,1.005774511,0.010094442,0.4,Modelled
China,9.997958104,2.265107261,0.023941427,0.4,Modelled
China,9.241891336,1.002883099,0.002512365,0.4,Modelled
China,8.603501041,1.005774511,0.005544517,0.4,Modelled
China,9.456949091,1.002883099,0.00973203,0.4,Modelled
China,9.716913462,3.046989571,0.023537534,0.4,Modelled
China,5.899759293,1.002883099,0.001881845,0.4,Modelled
China,9.011111302,1.005774511,0.009772474,0.4,Modelled
China,9.555234323,1.509366472,0.019159678,0.4,Modelled
China,9.734095785,1.005774511,0.013971377,0.4,Modelled
China,9.828974028,1.005774511,0.013236788,0.4,Modelled
China,9.089187002,1.005774511,0.006205589,0.4,Modelled
China,9.478455317,1.16484078,0.017109744,0.4,Modelled
China,8.705640628,1.002883099,0.013373757,0.4,Modelled
China,6.156742305,1.112401499,0.006998558,0.4,Modelled
China,8.32249885,8.664319,0.017353492,0.4,Modelled
China,9.505504674,4.692646659,0.023678697,0.4,Modelled
China,9.369568393,1.002883099,0.010727846,0.4,Modelled
China,9.139651268,1.292045535,0.016532821,0.4,Modelled
China,7.405615837,1.005774511,0.005151247,0.4,Modelled
China,8.295652945,1.005774511,0.001197904,0.4,Modelled
China,9.85958481,6.276238301,0.026586019,0.4,Modelled
China,9.587570107,1.002883099,0.010976434,0.4,Modelled
China,9.913430813,1.002883099,0.01242136,0.4,Modelled
China,9.544511212,3.126970477,0.022608024,0.4,Modelled
China,6.262467573,1.005774511,0.001940818,0.4,Modelled
China,7.149771238,1.005774511,0.006800816,0.4,Modelled
China,7.93141165,1.002883099,0.008497294,0.4,Modelled
China,7.47699051,1.002883099,0.00243499,0.4,Modelled
China,6.560655284,1.005774511,0.003736247,0.4,Modelled
China,9.867129755,1.002883099,0.011248352,0.4,Modelled
China,9.594630116,1.005774511,0.008911926,0.4,Modelled
China,6.76836212,1.002883099,0.002021073,0.4,Modelled
China,8.122736323,1.562422375,0.013339922,0.4,Modelled
China,9.157278909,16.37018221,0.022839551,0.4,Modelled
China,8.359845034,1.005774511,0.003691448,0.4,Modelled
China,6.809810554,1.002883099,0.004128877,0.4,Modelled
China,5.649023875,1.005774511,0.004003317,0.4,Modelled
China,6.633638067,1.002883099,0.005631321,0.4,Modelled
China,9.133485045,1.005774511,0.013097277,0.4,Modelled
China,8.533056439,3.569752937,0.01734137,0.4,Modelled
China,8.724676531,8.346038237,0.019454538,0.4,Modelled
China,9.184703347,1.645523451,0.01787235,0.4,Modelled
China,7.761012453,1.005774511,0.00508569,0.4,Modelled
China,5.781185825,1.008674259,0.002406257,0.4,Modelled
China,4.767628729,1.090208032,0.004330223,0.4,Modelled
China,9.683996817,1.005774511,0.01039777,0.4,Modelled
China,9.973372995,1.329783516,0.020110902,0.4,Modelled
China,4.941758599,1.002883099,0.001645654,0.4,Modelled
China,7.169821379,5.403599724,0.011769462,0.4,Modelled
China,8.683512488,1.44974067,0.015325661,0.4,Modelled
China,6.466893494,1.002883099,0.006589411,0.4,Modelled
China,9.416027044,16.13622535,0.024682673,0.4,Modelled
China,9.209970073,1.005774511,0.005195071,0.4,Modelled
China,5.309692696,1.154823542,0.005313645,0.4,Modelled
China,7.278846116,1.154823542,0.009854245,0.4,Modelled
China,9.874459601,15.40979812,0.028347622,0.4,Modelled
China,8.677280059,1.005774511,0.003336452,0.4,Modelled
China,9.769431907,1.002883099,0.009631422,0.4,Modelled
China,8.245569057,2.835392285,0.015489858,0.4,Modelled
China,8.514611208,1.071537815,0.013335619,0.4,Modelled
China,8.151304817,2.977614476,0.015170256,0.4,Modelled
China,8.589432853,1.002883099,0.011840855,0.4,Modelled
China,8.34388528,9.310912558,0.017461428,0.4,Modelled
China,9.099832913,2.119979117,0.018733718,0.4,Modelled
China,5.918073257,1.011582367,0.005810155,0.4,Modelled
China,7.089802106,1.388467229,0.0097078,0.4,Modelled
China,9.364904909,2.909818941,0.021159898,0.4,Modelled
China,8.062385329,1.044130275,0.011781458,0.4,Modelled
China,4.894868931,1.002883099,0.003984548,0.4,Modelled
China,9.359606221,2.169372265,0.020121855,0.4,Modelled
China,7.57582558,7.289801101,0.013562918,0.4,Modelled
China,7.300384026,1.005774511,0.001134147,0.4,Modelled
China,9.940850108,8.370100694,0.028093617,0.4,Modelled
China,9.55753803,1.388467229,0.0185997,0.4,Modelled
China,9.304420866,17.69342677,0.023834184,0.4,Modelled
China,9.09173654,1.005774511,0.004489893,0.4,Modelled
China,9.376982731,1.005774511,0.009712942,0.4,Modelled
China,8.121885239,1.002883099,0.011381865,0.4,Modelled
China,7.021790049,2.638489309,0.01058736,0.4,Modelled
China,7.843090118,1.002883099,0.003945443,0.4,Modelled
China,9.42095238,1.005774511,0.008217627,0.4,Modelled
China,5.190961675,1.01742376,0.004825971,0.4,Modelled
China,8.185157777,1.002883099,0.008672318,0.4,Modelled
China,8.192665315,1.005774511,0.011887092,0.4,Modelled
China,8.460149947,1.005774511,0.005066913,0.4,Modelled
China,5.647891694,2.113884578,0.006484599,0.4,Modelled
China,5.970788601,1.005774511,0.005359324,0.4,Modelled
China,7.757888068,3.948199596,0.013789659,0.4,Modelled
China,9.471078441,1.005774511,0.005781317,0.4,Modelled
China,8.980886035,2.258595506,0.018319765,0.4,Modelled
China,7.733364335,1.005774511,0.001196676,0.4,Modelled
China,9.050505975,1.258997902,0.015943591,0.4,Modelled
China,9.920828799,1.416732386,0.020494033,0.4,Modelled
China,7.112219868,1.44557294,0.009849152,0.4,Modelled
China,9.971924394,1.005774511,0.017526878,0.4,Modelled
China,4.759696939,1.002883099,0.001707838,0.4,Modelled
China,8.757824308,1.626682617,0.016105372,0.4,Modelled
China,8.359189696,1.911262462,0.014957037,0.4,Modelled
China,9.830581338,1.535665311,0.020630258,0.4,Modelled
China,7.905192351,1.002883099,0.003119525,0.4,Modelled
China,8.97907415,1.226795553,0.015650599,0.4,Modelled
China,8.066988171,1.005774511,0.006630196,0.4,Modelled
China,6.127709499,1.102835221,0.00690463,0.4,Modelled
China,7.974194182,1.005774511,0.002959608,0.4,Modelled
China,8.558149472,1.002883099,0.007829713,0.4,Modelled
China,9.292027733,1.005774511,0.014310977,0.4,Modelled
China,9.425081598,1.005774511,0.015480209,0.4,Modelled
China,6.763503022,1.154823542,0.008469962,0.4,Modelled
China,9.557112849,1.241004749,0.01796499,0.4,Modelled
China,9.133831461,13.57635532,0.022661328,0.4,Modelled
China,9.782179777,1.005774511,0.009729139,0.4,Modelled
China,9.243325229,1.002883099,0.014522105,0.4,Modelled
China,8.093020856,1.002883099,0.009109863,0.4,Modelled
China,8.965373518,1.002883099,0.010130102,0.4,Modelled
China,9.132980737,1.005774511,0.010349109,0.4,Modelled
China,9.859144753,1.002883099,0.008726604,0.4,Modelled
China,6.287392844,2.138368364,0.008118185,0.4,Modelled
China,8.131684261,1.005774511,0.001193927,0.4,Modelled
China,6.53759418,1.005774511,0.004361833,0.4,Modelled
China,6.881111416,3.528880153,0.0103949,0.4,Modelled
China,9.756770993,1.158153013,0.018152998,0.4,Modelled
China,8.581491135,6.115706172,0.018364723,0.4,Modelled
China,8.183531657,1.002883099,0.002733335,0.4,Modelled
China,8.735320965,1.002883099,0.00173439,0.4,Modelled
China,9.920743728,1.299506466,0.019839279,0.4,Modelled
China,9.592089264,1.002883099,0.004230518,0.4,Modelled
China,8.284395572,1.416732386,0.01372899,0.4,Modelled
China,6.455618885,1.005774511,0.002161934,0.4,Modelled
China,8.818538903,1.065385733,0.014312213,0.4,Modelled
China,9.43015249,1.029207935,0.016172045,0.4,Modelled
China,9.05410713,1.005774511,0.012430985,0.4,Modelled
China,9.572753308,2.406275429,0.021795985,0.4,Modelled
China,8.063671846,1.005774511,0.010309561,0.4,Modelled
China,7.585501471,1.002883099,0.008830715,0.4,Modelled
China,9.42424594,5.013892794,0.023180154,0.4,Modelled
China,8.553282536,1.002883099,0.001578804,0.4,Modelled
China,9.049504378,1.005774511,0.00332244,0.4,Modelled
China,7.43540512,1.846360834,0.011436729,0.4,Modelled
China,9.632052128,1.002883099,0.01193896,0.4,Modelled
China,7.992936151,1.002883099,0.002798539,0.4,Modelled
China,9.867216812,1.002883099,0.009680069,0.4,Modelled
China,9.516924908,3.331429734,0.022501705,0.4,Modelled
China,8.253528943,1.804322141,0.01435783,0.4,Modelled
China,5.409112497,1.011582367,0.004163448,0.4,Modelled
China,5.581200312,1.002883099,0.002784917,0.4,Modelled
China,9.080791164,1.002883099,0.011169045,0.4,Modelled
China,9.721827626,4.329214479,0.024932766,0.4,Modelled
China,8.935130282,1.005774511,0.012065641,0.4,Modelled
China,9.051044003,1.005774511,0.001448728,0.4,Modelled
China,5.111945314,1.002883099,0.003420876,0.4,Modelled
China,9.564674183,16.79988569,0.025931365,0.4,Modelled
China,5.206690241,1.005774511,0.001475092,0.4,Modelled
China,9.782685738,1.005774511,0.01304371,0.4,Modelled
China,8.74907428,2.73123513,0.01771213,0.4,Modelled
China,9.614252425,27.40687158,0.026595489,0.4,Modelled
China,9.389753831,2.042102417,0.019923324,0.4,Modelled
China,7.707103131,1.161492083,0.011094991,0.4,Modelled
China,5.409853055,1.011582367,0.001938177,0.4,Modelled
China,8.861609583,2.835392285,0.018358458,0.4,Modelled
China,8.680339058,7.947399712,0.019210043,0.4,Modelled
China,8.186372466,1.002883099,0.006791365,0.4,Modelled
China,8.894635744,1.005774511,0.005351832,0.4,Modelled
China,5.866654034,1.002883099,0.004191306,0.4,Modelled
China,7.968787381,1.241004749,0.01209574,0.4,Modelled
China,7.506302722,1.005774511,0.001388557,0.4,Modelled
China,9.887848631,2.653725294,0.024128385,0.4,Modelled
China,9.816916959,1.002883099,0.007303056,0.4,Modelled
China,9.765371594,1.002883099,0.001890383,0.4,Modelled
China,6.347669165,1.002883099,0.005924228,0.4,Modelled
China,9.763344124,2.835392285,0.02338552,0.4,Modelled
China,9.108668854,11.09842407,0.02212226,0.4,Modelled
China,6.078348276,1.005774511,0.003771967,0.4,Modelled
China,9.43705684,1.763240603,0.01939965,0.4,Modelled
China,8.978607398,1.372569625,0.016224251,0.4,Modelled
China,8.421655084,1.002883099,0.009981768,0.4,Modelled
China,8.8095411,1.002883099,0.012589561,0.4,Modelled
China,8.126912664,1.005774511,0.005162112,0.4,Modelled
China,7.784511009,1.002883099,0.003028129,0.4,Modelled
China,7.614603329,1.002883099,0.004484644,0.4,Modelled
China,9.559966221,4.625581012,0.023729379,0.4,Modelled
China,9.085822249,1.002883099,0.002477196,0.4,Modelled
China,8.024013515,1.466532098,0.012798667,0.4,Modelled
China,9.410304458,1.002883099,0.00377199,0.4,Modelled
China,8.042955829,2.188189961,0.013959489,0.4,Modelled
China,9.547357182,1.002883099,0.001992941,0.4,Modelled
China,7.589952887,1.005774511,0.008266348,0.4,Modelled
China,9.825065467,2.083673687,0.022423889,0.4,Modelled
China,7.767517545,4.692646659,0.01411926,0.4,Modelled
China,9.451014058,1.029207935,0.016182093,0.4,Modelled
China,9.157989399,10.72154973,0.022494985,0.4,Modelled
China,8.968235058,1.002883099,0.004542389,0.4,Modelled
China,8.021741313,2.851765288,0.01450576,0.4,Modelled
China,8.299181941,7.12382395,0.016918821,0.4,Modelled
China,5.253377545,1.008674259,0.005031392,0.4,Modelled
China,9.785318817,1.566926993,0.020449816,0.5,Modelled
China,6.840923434,1.005774511,0.00753259,0.5,Modelled
China,9.115962976,4.520263906,0.020933394,0.5,Modelled
China,8.035503516,1.005774511,0.010702451,0.5,Modelled
China,9.828803448,1.005774511,0.006875081,0.5,Modelled
China,8.858745618,1.005774511,0.012497796,0.5,Modelled
China,8.529984462,1.557930706,0.014988031,0.5,Modelled
China,8.55691505,1.002883099,0.004748871,0.5,Modelled
China,8.100021877,1.005774511,0.002506999,0.5,Modelled
China,6.347747579,1.002883099,0.002388475,0.5,Modelled
China,7.705837868,1.005774511,0.003304751,0.5,Modelled
China,9.336648414,1.005774511,0.010389834,0.5,Modelled
China,8.49436817,1.005774511,0.012276451,0.5,Modelled
China,8.428739141,1.005774511,0.007876056,0.5,Modelled
China,8.430254342,1.083948758,0.013064922,0.5,Modelled
China,8.2495914,1.002883099,0.008535647,0.5,Modelled
China,8.606603665,1.29577063,0.01443544,0.5,Modelled
China,7.861672439,4.520263906,0.014485507,0.5,Modelled
China,8.840000097,2.077683519,0.017371381,0.5,Modelled
China,9.304701132,6.725226672,0.022855514,0.5,Modelled
China,9.30122201,1.005774511,0.003006304,0.5,Modelled
China,7.902295011,1.002883099,0.006951933,0.5,Modelled
China,8.16359487,1.005774511,0.005114226,0.5,Modelled
China,8.818252348,1.005774511,0.007887831,0.5,Modelled
China,8.603701071,3.621510281,0.01759094,0.5,Modelled
China,9.965405002,1.005774511,0.017586662,0.5,Modelled
China,6.958086385,1.005774511,0.001675562,0.5,Modelled
China,9.325950805,1.522459107,0.018128394,0.5,Modelled
China,8.976115352,1.526848508,0.016634838,0.5,Modelled
China,8.451797942,1.202319816,0.013618821,0.5,Modelled
China,8.780504549,1.233879697,0.014949288,0.5,Modelled
China,9.438033151,5.823596788,0.023661294,0.5,Modelled
China,7.555996306,1.002883099,0.006112694,0.5,Modelled
China,7.269118206,1.462316096,0.010341622,0.5,Modelled
China,8.322320732,1.005774511,0.008882144,0.5,Modelled
China,8.032528198,2.018720852,0.013788441,0.5,Modelled
China,9.558236784,1.978445453,0.020613941,0.5,Modelled
China,9.256024368,1.005774511,0.009095056,0.5,Modelled
China,9.632272065,1.002883099,0.015038814,0.5,Modelled
China,6.580495487,1.005774511,0.005463521,0.5,Modelled
China,9.641259783,1.005774511,0.002621301,0.5,Modelled
China,6.477718876,1.005774511,0.003474917,0.5,Modelled
China,5.744284676,1.053187331,0.006063708,0.5,Modelled
China,7.823750767,1.01742376,0.01094254,0.5,Modelled
China,7.68135101,4.899734448,0.013692987,0.5,Modelled
China,9.096858915,1.005774511,0.011964886,0.5,Modelled
China,9.894494253,1.544533027,0.02094241,0.5,Modelled
China,7.292202034,1.002883099,0.005903237,0.5,Modelled
China,9.141521487,1.280934379,0.016492268,0.5,Modelled
China,8.521420134,1.071537815,0.013341596,0.5,Modelled
China,6.613447714,1.002883099,0.002295419,0.5,Modelled
China,9.954912356,1.002883099,0.005969893,0.5,Modelled
China,9.0500298,1.518082325,0.016995899,0.5,Modelled
China,8.422905126,1.005774511,0.008457608,0.5,Modelled
China,7.820548393,1.005774511,0.004100779,0.5,Modelled
China,9.554905433,1.005774511,0.002216034,0.5,Modelled
China,7.668147726,1.002883099,0.006889672,0.5,Modelled
China,9.085997235,1.002883099,0.002816142,0.5,Modelled
China,5.904153084,1.005774511,0.001855969,0.5,Modelled
China,9.149348952,18.79613333,0.023018907,0.5,Modelled
China,9.362523421,1.368623747,0.017666054,0.5,Modelled
China,6.024564313,1.005774511,0.002668461,0.5,Modelled
China,8.165611598,8.891750066,0.016406591,0.5,Modelled
China,7.539733896,1.005774511,0.002053866,0.5,Modelled
China,9.908849383,3.759618569,0.025552341,0.5,Modelled
China,6.283402341,1.341318402,0.007578683,0.5,Modelled
China,4.520069309,1.002883099,0.003403884,0.5,Modelled
China,7.402623636,1.005774511,0.003197911,0.5,Modelled
China,8.444280906,1.544533027,0.014628512,0.5,Modelled
China,9.492349594,1.244582689,0.017695578,0.5,Modelled
China,9.701214439,31.19776848,0.027318156,0.5,Modelled
China,9.913467534,1.002883099,0.015502844,0.5,Modelled
China,8.666253568,1.002883099,0.003426268,0.5,Modelled
China,9.724850703,1.002883099,0.016097698,0.5,Modelled
China,7.896395974,1.938973586,0.013154721,0.5,Modelled
China,9.142497833,3.082280921,0.020228751,0.5,Modelled
China,9.324840262,1.002883099,0.00105971,0.5,Modelled
China,5.200811328,1.008674259,0.00146698,0.5,Modelled
China,9.818108847,1.002883099,0.010519148,0.5,Modelled
China,9.42377998,1.195416868,0.017123854,0.5,Modelled
China,9.920690095,2.042102417,0.022869691,0.5,Modelled
China,8.492619849,1.005774511,0.004852934,0.5,Modelled
China,5.660610402,1.011582367,0.001347663,0.5,Modelled
China,7.481481508,1.005774511,0.009213954,0.5,Modelled
China,4.450059379,1.002883099,0.001892933,0.5,Modelled
China,7.902708425,1.002883099,0.007303587,0.5,Modelled
China,7.85283298,1.005774511,0.006561088,0.5,Modelled
China,9.3387933,1.005774511,0.001301147,0.5,Modelled
China,8.318015322,1.002883099,0.001212373,0.5,Modelled
China,8.490188963,1.002883099,0.007049756,0.5,Modelled
China,8.011465509,3.274377763,0.014587384,0.5,Modelled
China,5.80018787,1.002883099,0.004302487,0.5,Modelled
China,5.163460624,1.002883099,0.001873516,0.5,Modelled
China,7.73640919,1.005774511,0.010523255,0.5,Modelled
China,8.579598159,2.059816141,0.016176338,0.5,Modelled
China,9.335521743,1.005774511,0.007307432,0.5,Modelled
China,9.902672287,1.115608663,0.018439037,0.5,Modelled
China,6.038566353,1.002883099,0.003985995,0.5,Modelled
China,7.28428534,1.158153013,0.009875616,0.5,Modelled
China,7.296893641,2.876502237,0.011585585,0.5,Modelled
China,6.225557927,1.005774511,0.00148651,0.5,Modelled
China,9.204826816,1.002883099,0.002704613,0.5,Modelled
China,9.900561261,5.891047821,0.026841788,0.5,Modelled
China,7.581508348,1.002883099,0.001358298,0.5,Modelled
China,8.694333451,2.107807559,0.016760225,0.5,Modelled
China,9.634425232,1.002883099,0.005243298,0.5,Modelled
China,8.390746362,1.005774511,0.0081488,0.5,Modelled
China,6.389812925,1.002883099,0.001616623,0.5,Modelled
China,9.209770788,3.331429734,0.020718855,0.5,Modelled
China,9.332541901,3.914246411,0.022068488,0.5,Modelled
China,9.605210862,4.354213575,0.023925767,0.5,Modelled
China,8.358137931,1.005774511,0.010759967,0.5,Modelled
China,7.645388604,1.005774511,0.00264172,0.5,Modelled
China,9.567158556,4.366767205,0.02382799,0.5,Modelled
China,8.581102316,2.630904152,0.016837314,0.5,Modelled
China,9.553315614,3.073419946,0.022444705,0.5,Modelled
China,9.241619727,1.002883099,0.006378079,0.5,Modelled
China,6.815980611,1.005774511,0.003491529,0.5,Modelled
China,6.411260295,1.002883099,0.006611095,0.5,Modelled
China,8.924112341,1.002883099,0.003701753,0.5,Modelled
China,7.728954241,1.002883099,0.005002456,0.5,Modelled
China,9.773215005,1.230332526,0.018697672,0.5,Modelled
China,7.059654227,2.385582271,0.010495288,0.5,Modelled
China,7.724772497,1.002883099,0.007108767,0.5,Modelled
China,7.354698656,1.955792745,0.011179101,0.5,Modelled
China,6.582340325,1.005774511,0.004948948,0.5,Modelled
China,9.891630474,3.781328527,0.025424742,0.5,Modelled
China,8.160774641,1.005774511,0.00154633,0.5,Modelled
China,7.649409177,1.005774511,0.010272106,0.5,Modelled
China,7.587551162,1.002883099,0.008590011,0.5,Modelled
China,7.505592118,1.002883099,0.00555205,0.5,Modelled
China,8.977523238,4.559473844,0.0201145,0.5,Modelled
China,9.390728782,5.674642216,0.023261985,0.5,Modelled
China,5.026319143,1.002883099,0.004353035,0.5,Modelled
China,9.720324965,1.154823542,0.018068283,0.5,Modelled
China,8.498367871,1.005774511,0.004658784,0.5,Modelled
China,9.172469829,1.005774511,0.011398403,0.5,Modelled
China,9.085386925,3.020786488,0.019726782,0.5,Modelled
China,8.350414623,1.002883099,0.002420211,0.5,Modelled
China,8.741712167,1.002883099,0.00461678,0.5,Modelled
China,5.239795371,1.008674259,0.003912249,0.5,Modelled
China,9.507538083,4.27964605,0.023256191,0.5,Modelled
China,7.766014196,1.005774511,0.004535582,0.5,Modelled
China,8.182522568,1.002883099,0.001984117,0.5,Modelled
China,8.65201584,4.599023899,0.018466488,0.5,Modelled
China,8.461726637,1.005774511,0.002904941,0.5,Modelled
China,8.802372626,3.082280921,0.01839947,0.5,Modelled
China,8.494788214,1.005774511,0.00178838,0.5,Modelled
China,9.016769047,8.156012251,0.021259712,0.5,Modelled
China,9.219581449,1.255378521,0.01662887,0.5,Modelled
China,7.719554996,3.438619297,0.013418506,0.5,Modelled
China,9.909551851,1.002883099,0.010001779,0.5,Modelled
China,6.216341167,1.002883099,0.006270859,0.5,Modelled
China,5.31929927,1.008674259,0.004405042,0.5,Modelled
China,8.824676424,1.005774511,0.006651926,0.5,Modelled
China,5.8721854,1.005774511,0.005119211,0.5,Modelled
China,8.838653031,2.585848941,0.018111451,0.5,Modelled
China,6.184481107,1.005774511,0.001728681,0.5,Modelled
China,9.635431838,1.002883099,0.008655173,0.5,Modelled
China,9.678309546,1.002883099,0.00769312,0.5,Modelled
China,9.484632858,6.783563027,0.024323179,0.5,Modelled
China,6.921585614,1.002883099,0.005965235,0.5,Modelled
China,9.735335036,1.005774511,0.005191569,0.5,Modelled
China,7.313975283,1.002883099,0.006399131,0.5,Modelled
China,8.292653117,1.005774511,0.001850483,0.5,Modelled
China,8.050661055,1.894826249,0.013672383,0.5,Modelled
China,8.677572663,1.005774511,0.00431305,0.5,Modelled
China,6.99244444,1.118825073,0.009007468,0.5,Modelled
China,6.488216415,1.002883099,0.003705399,0.5,Modelled
China,7.348970724,1.867746062,0.011176921,0.5,Modelled
China,7.002383799,1.57597523,0.009763039,0.5,Modelled
China,9.817887016,1.360765989,0.019628877,0.5,Modelled
China,9.175945335,1.005774511,0.009380037,0.5,Modelled
China,6.12422365,1.002883099,0.004955458,0.5,Modelled
China,6.042999789,1.005774511,0.005302418,0.5,Modelled
China,8.758515686,1.612693695,0.015968649,0.5,Modelled
China,9.331339528,1.002883099,0.011706258,0.5,Modelled
China,6.398354245,1.005774511,0.001388426,0.5,Modelled
China,9.287110972,7.268844301,0.022958207,0.5,Modelled
China,8.427886448,1.005774511,0.002341636,0.5,Modelled
China,7.62369543,8.491457603,0.013809728,0.5,Modelled
China,5.79699581,1.008674259,0.001476109,0.5,Modelled
China,9.757122615,1.258997902,0.018801957,0.5,Modelled
China,7.760415897,1.005774511,0.009514155,0.5,Modelled
China,5.921933673,1.005774511,0.001161853,0.5,Modelled
China,6.239632017,1.005774511,0.004122611,0.5,Modelled
China,8.980306866,4.304358912,0.020144244,0.5,Modelled
China,8.037387699,1.005774511,0.007955242,0.5,Modelled
China,7.558871349,2.684461713,0.012510988,0.5,Modelled
China,9.134709186,7.924552441,0.021939047,0.5,Modelled
China,9.532021234,2.371885791,0.021310717,0.5,Modelled
China,8.954099285,2.994808743,0.018973421,0.5,Modelled
China,5.784836451,1.364689212,0.006427411,0.5,Modelled
China,7.742183168,2.156917124,0.012804656,0.5,Modelled
China,6.922272751,1.002883099,0.007062546,0.5,Modelled
China,9.812162192,1.002883099,0.010867026,0.5,Modelled
China,7.783624667,1.002883099,0.003290486,0.5,Modelled
China,8.97056321,1.005774511,0.012944814,0.5,Modelled
China,7.474894773,1.002883099,0.006206145,0.5,Modelled
China,6.319613575,1.005774511,0.003253323,0.5,Modelled
China,8.826449998,5.790161438,0.019707258,0.5,Modelled
China,7.15026919,1.352953345,0.009876056,0.5,Modelled
China,9.943341617,1.212749049,0.019310253,0.5,Modelled
China,8.128209538,1.005774511,0.00440094,0.5,Modelled
China,8.491002955,1.002883099,0.01284322,0.5,Modelled
China,8.197037148,1.005774511,0.006269633,0.5,Modelled
China,7.651196754,1.005774511,0.009550506,0.5,Modelled
China,5.694307088,1.005774511,0.003603801,0.5,Modelled
China,9.563825963,2.715554133,0.022255152,0.5,Modelled
China,9.835558964,12.8907317,0.027604424,0.5,Modelled
China,6.92970833,1.005774511,0.007272398,0.5,Modelled
China,7.931437557,1.002883099,0.00404909,0.5,Modelled
China,7.320798265,1.005774511,0.007186702,0.5,Modelled
China,9.592793833,1.002883099,0.014278723,0.5,Modelled
China,7.769013883,1.961431489,0.012745426,0.5,Modelled
China,9.727886628,1.002883099,0.008697196,0.5,Modelled
China,5.791579239,2.378724173,0.006936062,0.5,Modelled
China,8.486582594,1.002883099,0.002344913,0.5,Modelled
China,8.973320029,1.55345195,0.016780706,0.6,Modelled
China,7.167597108,1.002883099,0.002470955,0.6,Modelled
China,9.936355972,1.262627717,0.019606768,0.6,Modelled
China,7.701019428,2.188189961,0.012689005,0.6,Modelled
China,8.71206695,5.280568372,0.018853093,0.6,Modelled
China,8.388968311,1.368623747,0.013924256,0.6,Modelled
China,8.834278286,1.128530051,0.014599077,0.6,Modelled
China,8.435791259,7.699661237,0.017831697,0.6,Modelled
China,7.912521102,1.005774511,0.006234239,0.6,Modelled
China,9.725352081,1.002883099,0.011027382,0.6,Modelled
China,8.565728658,1.005774511,0.009891313,0.6,Modelled
China,8.595995603,3.684610606,0.017722048,0.6,Modelled
China,8.053628321,1.002883099,0.003007988,0.6,Modelled
China,8.878344387,2.207170887,0.017664834,0.6,Modelled
China,7.559774812,1.002883099,0.007548697,0.6,Modelled
China,9.921762291,1.005774511,0.010660542,0.6,Modelled
China,9.05653702,3.631951455,0.020035218,0.6,Modelled
China,4.896147953,1.002883099,0.003577898,0.6,Modelled
China,5.763978725,1.008674259,0.001568545,0.6,Modelled
China,9.736290759,1.005774511,0.008735467,0.6,Modelled
China,8.226687844,1.005774511,0.009505085,0.6,Modelled
China,8.355728986,1.09650345,0.012903004,0.6,Modelled
China,6.900158574,1.002883099,0.006145086,0.6,Modelled
China,9.159456188,1.002883099,0.007142328,0.6,Modelled
China,8.461503179,1.005774511,0.001348511,0.6,Modelled
China,6.654406173,2.548892902,0.009373035,0.6,Modelled
China,7.269575317,1.005774511,0.008476485,0.6,Modelled
China,9.339585422,1.005774511,0.010774246,0.6,Modelled
China,7.978008808,1.148193288,0.011920696,0.6,Modelled
China,8.087976757,1.181729643,0.01235321,0.6,Modelled
China,9.882714473,11.48854597,0.027971543,0.6,Modelled
China,7.943366324,8.891750066,0.015351943,0.6,Modelled
China,8.12971238,1.005774511,0.002818787,0.6,Modelled
China,8.491810477,3.611099124,0.017082349,0.6,Modelled
China,6.024872799,1.005774511,0.00463558,0.6,Modelled
China,6.704518841,1.005774511,0.007093531,0.6,Modelled
China,9.121356329,3.064584445,0.019942798,0.6,Modelled
China,5.721736109,1.002883099,0.004299904,0.6,Modelled
China,5.076987511,1.195416868,0.004943557,0.6,Modelled
China,5.406574506,1.002883099,0.00279544,0.6,Modelled
China,9.558049738,1.728062277,0.019927119,0.6,Modelled
China,7.824239085,1.005774511,0.009787893,0.6,Modelled
China,6.91024603,1.005774511,0.003645102,0.6,Modelled
China,8.220133144,1.002883099,0.002145227,0.6,Modelled
China,9.96521245,1.005774511,0.017800549,0.6,Modelled
China,9.628422363,1.002883099,0.003868265,0.6,Modelled
China,8.56977697,1.005774511,0.001309442,0.6,Modelled
China,9.255689234,1.005774511,0.013211502,0.6,Modelled
China,7.365281368,1.002883099,0.005785054,0.6,Modelled
China,6.220057875,1.002883099,0.005741941,0.6,Modelled
China,7.40587387,1.005774511,0.005716475,0.6,Modelled
China,8.211880582,4.612283342,0.016109726,0.6,Modelled
China,9.185091002,14.71607349,0.022931366,0.6,Modelled
China,6.258924824,1.005774511,0.006780729,0.6,Modelled
China,7.57223913,3.135985844,0.01271653,0.6,Modelled
China,7.682908291,3.642422731,0.013466933,0.6,Modelled
China,9.189564491,2.19449873,0.019292754,0.6,Modelled
China,7.748399884,1.655025544,0.012218649,0.6,Modelled
China,7.224626307,1.005774511,0.002467463,0.6,Modelled
China,7.120377511,2.007130655,0.010541547,0.6,Modelled
China,9.847325999,2.646096336,0.023842792,0.6,Modelled
China,6.146466726,1.002883099,0.005972612,0.6,Modelled
China,9.489699437,10.18009751,0.02483905,0.6,Modelled
China,6.242232716,1.005774511,0.002700142,0.6,Modelled
China,7.558150929,1.002883099,0.009249077,0.6,Modelled
China,8.363336985,2.119979117,0.015188799,0.6,Modelled
China,8.430587307,1.005774511,0.011513426,0.6,Modelled
China,8.733883703,1.002883099,0.009298729,0.6,Modelled
China,9.514183379,1.005774511,0.007719951,0.6,Modelled
China,8.975105887,21.51955113,0.021817674,0.6,Modelled
China,8.858974062,11.82410267,0.020649214,0.6,Modelled
China,8.302119538,7.502721136,0.016998327,0.6,Modelled
China,6.368065678,1.002883099,0.005197738,0.6,Modelled
China,7.696599106,1.209262625,0.011201388,0.6,Modelled
China,7.881764088,1.005774511,0.00135585,0.6,Modelled
China,9.843970597,28.45204772,0.02851735,0.6,Modelled
China,9.17673309,1.788805579,0.018325667,0.6,Modelled
China,8.887159035,1.002883099,0.002305324,0.6,Modelled
China,9.764414439,1.056223775,0.017478853,0.6,Modelled
China,9.018302539,1.526848508,0.016780002,0.6,Modelled
China,9.331625626,1.002883099,0.002976984,0.6,Modelled
China,7.308029556,1.269918775,0.010183742,0.6,Modelled
China,9.959329527,1.002883099,0.009932853,0.6,Modelled
China,5.774131443,1.005774511,0.001049202,0.6,Modelled
China,9.971651931,12.45299514,0.028826966,0.6,Modelled
China,7.822893478,1.005774511,0.007947715,0.6,Modelled
China,9.40593923,1.368623747,0.017826742,0.6,Modelled
China,8.099408485,1.005774511,0.010758176,0.6,Modelled
China,6.842039275,1.005774511,0.007511212,0.6,Modelled
China,8.713132234,1.005774511,0.004833628,0.6,Modelled
China,6.121999229,1.526848508,0.007327927,0.6,Modelled
China,8.98327659,4.354213575,0.020120894,0.6,Modelled
China,8.976952987,1.989870008,0.017892787,0.6,Modelled
China,9.734705083,2.16313573,0.022151897,0.6,Modelled
China,6.349206256,1.659797147,0.008017165,0.6,Modelled
China,9.73260092,4.27964605,0.024919546,0.6,Modelled
China,8.254937687,1.005774511,0.008208501,0.6,Modelled
China,8.220354128,1.002883099,0.005923154,0.6,Modelled
China,9.733356118,1.005774511,0.004210463,0.6,Modelled
China,8.357923829,1.005774511,0.003718904,0.6,Modelled
China,8.990748598,1.310778721,0.01603649,0.6,Modelled
China,7.943304743,1.005774511,0.003906864,0.6,Modelled
China,9.558323934,1.867746062,0.020495295,0.6,Modelled
China,8.10966727,1.758171619,0.013734428,0.6,Modelled
China,7.195613479,1.005774511,0.002636994,0.6,Modelled
China,6.643047848,1.005774511,0.001274064,0.6,Modelled
China,7.787373267,1.002883099,0.010599556,0.6,Modelled
China,8.561475437,2.819113285,0.016956136,0.6,Modelled
China,7.244588538,1.005774511,0.004562462,0.6,Modelled
China,7.567385034,1.005774511,0.009361159,0.6,Modelled
China,8.676983398,1.005774511,0.006248966,0.6,Modelled
China,9.88234093,4.146239776,0.02587437,0.6,Modelled
China,6.091728822,1.002883099,0.002381466,0.6,Modelled
China,6.893946086,2.935059463,0.01026414,0.6,Modelled
China,8.942376767,1.526848508,0.016508442,0.6,Modelled
China,6.221726498,2.278187147,0.007958683,0.6,Modelled
China,7.622892877,1.185136686,0.010911539,0.6,Modelled
China,6.954365738,1.005774511,0.002258022,0.6,Modelled
China,8.396111254,2.219916219,0.015548855,0.6,Modelled
China,9.522243991,1.400511153,0.018607519,0.6,Modelled
China,7.450027666,2.901453762,0.012144942,0.6,Modelled
China,9.207865188,1.002883099,0.011871126,0.6,Modelled
China,9.831411164,2.119979117,0.022576611,0.6,Modelled
China,9.454687425,1.011582367,0.016144891,0.7,Modelled
China,9.375390665,1.703365422,0.018958112,0.7,Modelled
China,8.18533232,1.002883099,0.005220845,0.7,Modelled
China,9.098184999,1.462316096,0.01696672,0.7,Modelled
China,8.852777388,1.002883099,0.003988008,0.7,Modelled
China,7.667592647,1.032175243,0.010625421,0.7,Modelled
China,9.235233206,1.102835221,0.015956331,0.7,Modelled
China,9.954149654,1.002883099,0.011614101,0.7,Modelled
China,9.698247882,1.16484078,0.018077241,0.7,Modelled
China,8.73044935,2.232735149,0.016986463,0.7,Modelled
China,7.108616394,1.131783715,0.009347308,0.7,Modelled
China,8.298287071,4.559473844,0.016542969,0.7,Modelled
China,8.773397786,1.002883099,0.007216226,0.7,Modelled
China,9.584450541,1.002883099,0.011398318,0.7,Modelled
China,9.369704544,1.062322951,0.016166873,0.7,Modelled
China,6.818515797,1.005774511,0.006694448,0.7,Modelled
China,9.735386726,2.969054397,0.023428131,0.7,Modelled
China,9.227280974,1.30701048,0.016853128,0.7,Modelled
China,5.436408868,1.011582367,0.003015509,0.7,Modelled
China,6.710155271,1.005774511,0.006404527,0.7,Modelled
China,9.084699534,1.002883099,0.00986049,0.7,Modelled
China,9.553558016,1.005774511,0.003236091,0.7,Modelled
China,6.615303796,1.894826249,0.008876972,0.7,Modelled
China,9.492480433,2.089681125,0.02050411,0.7,Modelled
China,7.611032126,4.341696034,0.013278773,0.7,Modelled
China,8.223963405,1.005774511,0.001170526,0.7,Modelled
China,9.973029444,1.911262462,0.022769442,0.7,Modelled
China,8.976933741,1.005774511,0.008264971,0.7,Modelled
China,9.492603621,14.29844543,0.025178019,0.7,Modelled
China,5.805623608,1.005774511,0.001884975,0.7,Modelled
China,7.742437562,1.34906386,0.011609528,0.7,Modelled
China,9.603062548,7.567801678,0.025123322,0.7,Modelled
China,5.700833035,1.008674259,0.00447934,0.7,Modelled
China,6.43760871,1.005774511,0.001729784,0.7,Modelled
China,8.183275428,5.450471945,0.016204728,0.7,Modelled
China,8.180964751,1.002883099,0.005725731,0.7,Modelled
China,9.650754821,2.490858674,0.022222125,0.7,Modelled
China,9.304166984,1.778535407,0.01888179,0.7,Modelled
China,6.184503113,1.005774511,0.004166013,0.7,Modelled
China,7.430244722,1.005774511,0.004032807,0.7,Modelled
China,7.995091863,1.002883099,0.009004517,0.7,Modelled
China,9.284364839,1.87313096,0.019129327,0.7,Modelled
China,9.108774606,1.562422375,0.017309131,0.7,Modelled
China,8.897225824,1.005774511,0.007903034,0.7,Modelled
China,9.633622827,22.53399583,0.026455017,0.7,Modelled
China,9.636483511,15.90561213,0.026475208,0.7,Modelled
China,9.503055926,1.002883099,0.012038791,0.7,Modelled
China,8.734400689,1.002883099,0.006057041,0.7,Modelled
China,9.585193392,1.793962883,0.020275123,0.7,Modelled
China,7.163774032,1.002883099,0.002616911,0.7,Modelled
China,9.773525332,1.258997902,0.01895004,0.7,Modelled
China,7.093558564,1.002883099,0.007714307,0.7,Modelled
China,8.70739217,1.005774511,0.005743217,0.8,Modelled
China,9.783617661,1.005774511,0.009356475,0.8,Modelled
China,5.534027072,1.008674259,0.004831784,0.8,Modelled
China,9.223405132,2.6233408,0.019983102,0.8,Modelled
China,9.860791194,1.002883099,0.017246591,0.8,Modelled
China,9.041268806,2.66904926,0.019142497,0.8,Modelled
China,9.050606969,1.005774511,0.006701537,0.8,Modelled
China,9.506567018,1.005774511,0.011326592,0.8,Modelled
China,6.797848634,1.005774511,0.006602639,0.8,Modelled
China,9.731301696,1.005774511,0.00807111,0.8,Modelled
China,7.123164986,1.005774511,0.002746266,0.8,Modelled
China,6.861237969,1.005774511,0.00613545,0.8,Modelled
China,9.105150612,1.57597523,0.017462046,0.8,Modelled
China,6.207170175,1.005774511,0.003191065,0.8,Modelled
China,9.895761359,3.970998518,0.025696891,0.8,Modelled
EU,6.885948381,1.181729643,0.016610367,0.1,Modelled
EU,8.005112543,1.466532098,0.024240717,0.2,Modelled
EU,9.231273711,2.427148084,0.041979964,0.2,Modelled
EU,7.170396673,2.126091227,0.024933197,0.2,Modelled
EU,7.256064115,2.150716395,0.02553266,0.2,Modelled
EU,7.716931319,1.188553553,0.019510606,0.2,Modelled
EU,5.413651497,1.743051936,0.014166777,0.2,Modelled
EU,6.120345496,6.045682857,0.023690504,0.2,Modelled
EU,3.369390519,1.360765989,0.006290386,0.2,Modelled
EU,8.663294226,4.063518353,0.04602502,0.2,Modelled
EU,6.120319061,3.293285692,0.021300977,0.2,Modelled
EU,6.20208319,1.171567166,0.014250393,0.2,Modelled
EU,7.151002695,1.102835221,0.016545656,0.2,Modelled
EU,8.633250242,2.469438129,0.037598149,0.2,Modelled
EU,6.760257221,5.265387736,0.028455825,0.2,Modelled
EU,7.402970754,5.993692023,0.0353039,0.2,Modelled
EU,8.765956967,1.266267999,0.024331709,0.2,Modelled
EU,5.763896507,1.01742376,0.011624728,0.2,Modelled
EU,7.455983915,5.403599724,0.035539426,0.2,Modelled
EU,5.277357809,4.599023899,0.01706283,0.2,Modelled
EU,6.849834642,2.018720852,0.022474896,0.2,Modelled
EU,7.706783952,7.524352225,0.040016808,0.2,Modelled
EU,9.797225527,5.071965539,0.064916339,0.2,Modelled
EU,8.459579567,1.698468569,0.0292318,0.2,Modelled
EU,8.286329895,1.883947374,0.030100895,0.2,Modelled
EU,8.929523881,1.589645647,0.030307676,0.2,Modelled
EU,6.614599728,5.013892794,0.027141601,0.2,Modelled
EU,9.730020492,3.25557839,0.054167588,0.2,Modelled
EU,7.451594114,6.981696894,0.03666808,0.2,Modelled
EU,5.491343951,1.178332393,0.011975105,0.2,Modelled
EU,7.676991758,1.723094425,0.025165945,0.2,Modelled
EU,8.103706462,2.012917412,0.030057825,0.2,Modelled
EU,5.185729168,3.283818119,0.015596402,0.2,Modelled
EU,7.639972313,7.144362642,0.039076395,0.2,Modelled
EU,6.774084967,1.318347826,0.017564699,0.2,Modelled
EU,8.94360087,1.181729643,0.023326572,0.2,Modelled
EU,4.306347869,2.541565317,0.010773495,0.2,Modelled
EU,9.905670539,3.478446646,0.057963888,0.2,Modelled
EU,5.567110525,1.314557826,0.013013879,0.2,Modelled
EU,9.096631969,2.723383345,0.043495754,0.2,Modelled
EU,8.186046465,1.376526879,0.023839814,0.2,Modelled
EU,9.068540093,6.38559397,0.05711332,0.2,Modelled
EU,5.144761736,4.733351889,0.01637103,0.2,Modelled
EU,8.876703833,2.219916219,0.037354427,0.2,Modelled
EU,9.37048639,2.304573946,0.041900217,0.2,Modelled
EU,8.667757461,1.360765989,0.025558514,0.2,Modelled
EU,6.861886488,1.138319213,0.016071774,0.2,Modelled
EU,7.822967821,2.304573946,0.030326403,0.2,Modelled
EU,9.122597302,1.412659549,0.028273044,0.2,Modelled
EU,9.180919189,1.074627164,0.021715467,0.2,Modelled
EU,8.582624812,5.593542236,0.048914105,0.2,Modelled
EU,7.231849176,3.684610606,0.030553147,0.2,Modelled
EU,6.572909575,1.065385733,0.014364335,0.2,Modelled
EU,8.679362691,6.367236595,0.05167616,0.2,Modelled
EU,8.934465189,4.985106245,0.051921987,0.2,Modelled
EU,8.86501757,1.292045535,0.02520181,0.2,Modelled
EU,9.91780837,1.273580077,0.028364113,0.2,Modelled
EU,5.840309966,5.976461292,0.021430884,0.2,Modelled
EU,6.380435454,1.050159617,0.0136711,0.2,Modelled
EU,6.117272427,7.103344304,0.024013802,0.2,Modelled
EU,4.966471369,1.198863374,0.010444248,0.2,Modelled
EU,8.211952767,1.106014805,0.019772544,0.2,Modelled
EU,7.200326764,1.28462744,0.018806685,0.2,Modelled
EU,8.245330381,1.195416868,0.021398567,0.2,Modelled
EU,7.420034161,5.481945754,0.035221856,0.2,Modelled
EU,7.906461222,2.200825688,0.030140188,0.3,Modelled
EU,9.685342717,6.534371185,0.067784709,0.3,Modelled
EU,6.884311797,3.738033256,0.027657722,0.3,Modelled
EU,8.550026879,2.661376248,0.038118181,0.3,Modelled
EU,7.664352016,2.747006676,0.031330019,0.3,Modelled
EU,8.555203564,1.793962883,0.030793358,0.3,Modelled
EU,4.986144934,2.365067068,0.013608182,0.3,Modelled
EU,4.076790197,1.032175243,0.007303188,0.3,Modelled
EU,8.708124848,1.122050757,0.021491808,0.3,Modelled
EU,8.736434568,2.258595506,0.036624457,0.3,Modelled
EU,6.551547375,1.303253072,0.016553769,0.3,Modelled
EU,5.864115399,2.556241613,0.018507133,0.3,Modelled
EU,9.725491072,1.28462744,0.027961511,0.3,Modelled
EU,8.924464991,6.186540523,0.054655281,0.3,Modelled
EU,7.410860934,2.868232838,0.029817782,0.3,Modelled
EU,7.4675913,2.089681125,0.026568966,0.3,Modelled
EU,7.869504083,1.396484948,0.022834827,0.3,Modelled
EU,9.523489871,2.778823515,0.047947644,0.3,Modelled
EU,9.937055618,1.466532098,0.032690675,0.3,Modelled
EU,9.914690889,1.645523451,0.036139491,0.3,Modelled
EU,6.115889615,5.840386796,0.02344285,0.3,Modelled
EU,8.015558679,1.535665311,0.025024486,0.3,Modelled
EU,8.313359721,4.65229148,0.043468375,0.3,Modelled
EU,9.379958465,1.30701048,0.027246764,0.3,Modelled
EU,6.060906832,2.188189961,0.018606074,0.3,Modelled
EU,8.225454114,4.267342877,0.041685147,0.3,Modelled
EU,6.999099804,2.462338961,0.02530407,0.3,Modelled
EU,4.612219619,2.66904926,0.012232207,0.3,Modelled
EU,9.109525508,2.036231759,0.037092977,0.3,Modelled
EU,8.634640663,1.496386429,0.027415447,0.3,Modelled
EU,6.355833967,1.202319816,0.014981924,0.3,Modelled
EU,8.014351604,1.640792882,0.02620989,0.3,Modelled
EU,8.856130606,1.178332393,0.022979478,0.3,Modelled
EU,9.426560094,2.427148084,0.043919798,0.3,Modelled
EU,7.472643991,1.008674259,0.016122396,0.3,Modelled
EU,9.820864503,7.103344304,0.071660175,0.3,Modelled
EU,7.65172234,1.753117208,0.02534598,0.3,Modelled
EU,5.938190116,3.814128748,0.020785976,0.3,Modelled
EU,7.35335487,1.223268748,0.018723866,0.3,Modelled
EU,7.423021464,4.942236012,0.034558169,0.3,Modelled
EU,7.483309294,2.059816141,0.026453918,0.3,Modelled
EU,8.910752905,1.594228753,0.030201186,0.3,Modelled
EU,6.492454332,1.360765989,0.016808438,0.3,Modelled
EU,5.943710856,8.250478175,0.02295065,0.3,Modelled
EU,9.62829361,5.959280096,0.065227876,0.3,Modelled
EU,9.590464343,2.365067068,0.044433034,0.3,Modelled
EU,8.197345651,2.699963167,0.035388439,0.3,Modelled
EU,7.660673293,1.728062277,0.025103553,0.3,Modelled
EU,6.717979453,2.113884578,0.022056393,0.3,Modelled
EU,8.772908157,7.655454731,0.054519178,0.3,Modelled
EU,9.36697915,1.372569625,0.028518155,0.3,Modelled
EU,5.545234701,1.466532098,0.013676529,0.3,Modelled
EU,9.857904576,4.507269002,0.06343977,0.3,Modelled
EU,7.945994281,3.880585212,0.037535384,0.3,Modelled
EU,5.035784693,2.156917124,0.013481065,0.3,Modelled
EU,5.954975105,1.585075716,0.015884257,0.3,Modelled
EU,7.605264256,1.688717054,0.024512765,0.3,Modelled
EU,7.968599268,1.585075716,0.025362722,0.3,Modelled
EU,7.442410062,1.416732386,0.021151771,0.3,Modelled
EU,7.839636644,1.814741219,0.02682626,0.3,Modelled
EU,5.599742789,1.233879697,0.012664146,0.3,Modelled
EU,8.923768507,3.218302827,0.044999635,0.3,Modelled
EU,6.913294471,3.569752937,0.027576979,0.3,Modelled
EU,6.325630753,2.926621722,0.022082331,0.3,Modelled
EU,5.782496465,1.392470318,0.014204246,0.3,Modelled
EU,8.5810077,2.351488373,0.036298562,0.3,Modelled
EU,8.601599671,1.825220462,0.031512217,0.3,Modelled
EU,9.064173121,1.669381664,0.032127333,0.3,Modelled
EU,9.105709227,3.488475353,0.048344556,0.3,Modelled
EU,8.554529104,1.09335121,0.020484997,0.3,Modelled
EU,9.580684146,1.669381664,0.034897947,0.3,Modelled
EU,7.834735572,2.245628102,0.029858146,0.3,Modelled
EU,7.288616324,2.278187147,0.026308218,0.3,Modelled
EU,9.003514982,5.466186196,0.054175136,0.3,Modelled
EU,7.830522876,1.273580077,0.021052401,0.3,Modelled
EU,9.492093613,4.815824676,0.059478764,0.3,Modelled
EU,9.030822416,1.380495543,0.027374527,0.3,Modelled
EU,9.900940931,3.580044889,0.058289777,0.3,Modelled
EU,7.855705377,1.002883099,0.017012548,0.3,Modelled
EU,9.517502959,2.646096336,0.046833196,0.3,Modelled
EU,6.151348405,1.185136686,0.014152286,0.3,Modelled
EU,8.930128757,2.884795479,0.042992799,0.3,Modelled
EU,8.369364782,7.459645333,0.048840195,0.3,Modelled
EU,9.398943138,1.505027329,0.031142513,0.3,Modelled
EU,8.332393983,1.961431489,0.031199733,0.3,Modelled
EU,8.926369884,4.291984694,0.049850252,0.3,Modelled
EU,4.053688861,1.479253177,0.008461914,0.3,Modelled
EU,9.346026786,1.867746062,0.036497732,0.3,Modelled
EU,6.615284496,3.117981028,0.024472406,0.3,Modelled
EU,9.308287199,2.219916219,0.040597766,0.3,Modelled
EU,6.124112763,1.008674259,0.012539879,0.3,Modelled
EU,8.675988365,1.16484078,0.022177896,0.3,Modelled
EU,6.968308339,2.245628102,0.024102197,0.3,Modelled
EU,9.24066717,1.788805579,0.034855973,0.3,Modelled
EU,9.651220579,8.589808778,0.070818242,0.3,Modelled
EU,8.007509467,1.154823542,0.019970255,0.3,Modelled
EU,9.295344902,1.360765989,0.028047105,0.3,Modelled
EU,5.992881674,3.360327417,0.020523249,0.3,Modelled
EU,9.990963707,4.679156187,0.065910299,0.3,Modelled
EU,8.702527862,1.645523451,0.029884853,0.3,Modelled
EU,6.134032235,1.50070066,0.016237575,0.3,Modelled
EU,4.53534183,1.562422375,0.010263796,0.3,Modelled
EU,4.917868268,2.843567002,0.013852997,0.3,Modelled
EU,6.07672173,3.914246411,0.021764828,0.3,Modelled
EU,8.440871142,1.090208032,0.020120671,0.3,Modelled
EU,4.370020065,2.835392285,0.011273808,0.3,Modelled
EU,9.325241159,5.250250742,0.05851562,0.3,Modelled
EU,9.815840703,1.664582507,0.036004813,0.3,Modelled
EU,6.601673315,1.376526879,0.017347968,0.3,Modelled
EU,7.48041461,1.062322951,0.016974712,0.3,Modelled
EU,8.632392277,2.73123513,0.039319694,0.3,Modelled
EU,7.646440058,6.404004271,0.038431159,0.3,Modelled
EU,9.270218021,2.893112631,0.046321786,0.3,Modelled
EU,5.761437127,1.008674259,0.011571289,0.3,Modelled
EU,9.779863171,3.959582648,0.059202131,0.3,Modelled
EU,7.132955543,4.985106245,0.031788182,0.3,Modelled
EU,9.733222008,1.209262625,0.026255984,0.3,Modelled
EU,8.970500599,3.055774344,0.044372036,0.3,Modelled
EU,8.052658884,1.835760217,0.028295747,0.3,Modelled
EU,8.846988415,2.324564416,0.038000185,0.3,Modelled
EU,7.809019946,3.51873529,0.035139729,0.3,Modelled
EU,8.002022296,2.827241068,0.034416217,0.3,Modelled
EU,9.94605171,3.781328527,0.060181339,0.3,Modelled
EU,9.643944381,6.515586104,0.0669785,0.3,Modelled
EU,9.425742769,1.589645647,0.032672877,0.3,Modelled
EU,9.346476123,5.874112172,0.06039447,0.3,Modelled
EU,7.358223805,1.894826249,0.024686822,0.3,Modelled
EU,9.395386645,2.876502237,0.047687792,0.3,Modelled
EU,6.901265403,1.269918775,0.017553777,0.3,Modelled
EU,7.68239585,3.379731664,0.033781818,0.3,Modelled
EU,7.405187013,4.086983183,0.032894103,0.3,Modelled
EU,8.790597197,3.029495715,0.042792357,0.3,Modelled
EU,8.080547105,1.372569625,0.023376817,0.3,Modelled
EU,8.391055891,1.55345195,0.027131896,0.3,Modelled
EU,6.947825276,1.314557826,0.018144191,0.3,Modelled
EU,9.864923848,2.608279263,0.049590801,0.3,Modelled
EU,8.633629048,1.458112214,0.026967197,0.3,Modelled
EU,7.072971926,4.533296276,0.030499284,0.3,Modelled
EU,8.175680502,6.478177796,0.044930134,0.3,Modelled
EU,9.314320874,1.161492083,0.023996137,0.3,Modelled
EU,9.41255112,1.753117208,0.035360433,0.3,Modelled
EU,9.10782158,5.101253658,0.054954085,0.3,Modelled
EU,6.655806645,2.715554133,0.023778435,0.3,Modelled
EU,9.659907229,1.168199132,0.025071527,0.3,Modelled
EU,8.503086337,5.481945754,0.047670914,0.3,Modelled
EU,4.07753246,1.922299067,0.009261392,0.3,Modelled
EU,7.825408006,1.708276394,0.025853221,0.3,Modelled
EU,6.74417934,4.999478801,0.02817527,0.3,Modelled
EU,9.488676031,2.042102417,0.039862485,0.3,Modelled
EU,9.863040738,2.05389456,0.042628959,0.3,Modelled
EU,4.294323299,1.174944911,0.008369984,0.3,Modelled
EU,9.165776132,1.505027329,0.03006936,0.3,Modelled
EU,7.949860761,3.091167443,0.035052825,0.3,Modelled
EU,9.737154965,1.209262625,0.026270794,0.3,Modelled
EU,8.602570239,1.763240603,0.030815035,0.3,Modelled
EU,6.93890558,1.171567166,0.016678656,0.3,Modelled
EU,9.068169497,1.065385733,0.021208724,0.3,Modelled
EU,5.581528718,1.622006212,0.014446304,0.3,Modelled
EU,5.747131785,1.594228753,0.01505827,0.3,Modelled
EU,6.999679443,1.002883099,0.014821735,0.3,Modelled
EU,9.346494243,1.846360834,0.036200908,0.3,Modelled
EU,9.83991938,1.269918775,0.028028453,0.3,Modelled
EU,9.097980607,7.103344304,0.05894989,0.3,Modelled
EU,5.670172936,1.87313096,0.015742734,0.3,Modelled
EU,4.616683992,3.236886951,0.012712325,0.3,Modelled
EU,9.995957804,5.891047821,0.070864539,0.3,Modelled
EU,9.785034165,3.498532974,0.056631797,0.3,Modelled
EU,7.226859505,1.933399404,0.02422414,0.3,Modelled
EU,6.742325881,8.370100694,0.030223319,0.3,Modelled
EU,9.628864882,1.429021489,0.030697118,0.3,Modelled
EU,9.67441273,5.265387736,0.063656556,0.3,Modelled
EU,8.461538165,2.952007995,0.039146738,0.3,Modelled
EU,9.385185918,5.72386553,0.060631544,0.3,Modelled
EU,9.78153124,5.529497568,0.066076554,0.3,Modelled
EU,7.352744021,1.636075913,0.022739097,0.3,Modelled
EU,9.903845285,2.132220959,0.043974296,0.3,Modelled
EU,9.118349568,3.227581513,0.047159473,0.3,Modelled
EU,8.964770477,4.170182282,0.049664032,0.3,Modelled
EU,8.526499088,1.154823542,0.021548081,0.3,Modelled
EU,5.164511225,2.876502237,0.015079635,0.3,Modelled
EU,9.9661792,6.9017582,0.07392327,0.3,Modelled
EU,8.762376378,2.893112631,0.041634444,0.3,Modelled
EU,5.539962016,1.655025544,0.014392982,0.3,Modelled
EU,9.92056008,2.059816141,0.043101139,0.3,Modelled
EU,7.616949433,1.360765989,0.021276369,0.3,Modelled
EU,9.074103461,3.399247961,0.047811238,0.3,Modelled
EU,8.027305733,1.050159617,0.018285045,0.3,Modelled
EU,7.076146669,3.003443073,0.027579109,0.3,Modelled
EU,9.659693237,1.626682617,0.034502731,0.3,Modelled
EU,9.315064178,3.312302806,0.049875307,0.3,Modelled
EU,9.704747334,2.986199234,0.051774768,0.3,Modelled
EU,8.118884828,1.050159617,0.018556602,0.3,Modelled
EU,9.086271445,2.406275429,0.040822814,0.3,Modelled
EU,7.149207147,2.392460142,0.025909642,0.3,Modelled
EU,8.328748757,1.372569625,0.024368354,0.3,Modelled
EU,7.891602258,1.131783715,0.019238757,0.3,Modelled
EU,3.416375622,1.171567166,0.006074255,0.3,Modelled
EU,5.355922387,2.827241068,0.016095674,0.3,Modelled
EU,8.012203078,3.51873529,0.037075177,0.3,Modelled
EU,5.967004118,1.580518923,0.015915526,0.3,Modelled
EU,6.32766078,4.692646659,0.024336197,0.3,Modelled
EU,7.893788681,1.269918775,0.021279112,0.3,Modelled
EU,9.054289523,4.417344703,0.0517315,0.3,Modelled
EU,8.192125674,1.071537815,0.019075531,0.3,Modelled
EU,9.560191209,5.57746186,0.063066221,0.3,Modelled
EU,7.79976629,6.348931994,0.040375624,0.3,Modelled
EU,5.287513763,1.708276394,0.013540262,0.3,Modelled
EU,9.514619323,3.172307981,0.051140138,0.3,Modelled
EU,8.657618678,2.827241068,0.0402258,0.3,Modelled
EU,9.313509938,1.608057505,0.032450125,0.3,Modelled
EU,8.164731387,1.181729643,0.020878807,0.3,Modelled
EU,7.121916843,1.424913323,0.019881418,0.3,Modelled
EU,3.240475205,1.453920417,0.006084393,0.3,Modelled
EU,9.935030032,5.115961079,0.067397374,0.3,Modelled
EU,9.898381121,5.028348345,0.066277507,0.3,Modelled
EU,6.074292824,2.884795479,0.020299083,0.3,Modelled
EU,9.341044904,1.580518923,0.032153608,0.3,Modelled
EU,5.245582021,1.846360834,0.013738372,0.3,Modelled
EU,5.112571323,2.169372265,0.013813468,0.3,Modelled
EU,7.550150194,1.08707389,0.017540524,0.3,Modelled
EU,8.660599312,1.679021526,0.03000963,0.3,Modelled
EU,7.873872191,1.548986069,0.024512022,0.3,Modelled
EU,8.478461289,4.341696034,0.044444994,0.3,Modelled
EU,7.106370934,1.322148754,0.01886192,0.3,Modelled
EU,9.40169484,3.458475641,0.051498397,0.3,Modelled
EU,9.924857179,4.692646659,0.06546139,0.3,Modelled
EU,9.772817024,8.491457603,0.07347162,0.3,Modelled
EU,5.079217304,1.032175243,0.009901491,0.3,Modelled
EU,7.880675496,1.059268973,0.018021072,0.4,Modelled
EU,9.845743174,2.556241613,0.048740821,0.4,Modelled
EU,5.72858926,3.003443073,0.018404247,0.4,Modelled
EU,7.778533303,5.959280096,0.039400456,0.4,Modelled
EU,7.960665112,1.310778721,0.022063356,0.4,Modelled
EU,5.678509289,1.029207935,0.01151147,0.4,Modelled
EU,4.959325464,1.927841246,0.012724513,0.4,Modelled
EU,7.054048725,4.158193797,0.029823977,0.4,Modelled
EU,2.967257931,1.044130275,0.004779092,0.4,Modelled
EU,7.486279946,1.788805579,0.024688312,0.4,Modelled
EU,8.129489738,1.669381664,0.027072097,0.4,Modelled
EU,8.89695021,1.4331415,0.027707624,0.4,Modelled
EU,8.461084636,1.793962883,0.030248154,0.4,Modelled
EU,4.997504402,3.117981028,0.014509071,0.4,Modelled
EU,7.401551566,1.518082325,0.021993933,0.4,Modelled
EU,8.81242913,1.041128598,0.020065697,0.4,Modelled
EU,8.992400066,2.707747428,0.042445301,0.4,Modelled
EU,7.946803653,3.126970477,0.035194488,0.4,Modelled
EU,9.017521527,3.970998518,0.049768746,0.4,Modelled
EU,8.899487978,2.901453762,0.042924355,0.4,Modelled
EU,8.298580456,7.924552441,0.048173281,0.4,Modelled
EU,6.278312922,1.738040991,0.018106666,0.4,Modelled
EU,9.147977807,2.835392285,0.044805448,0.4,Modelled
EU,7.528585396,2.036231759,0.026628041,0.4,Modelled
EU,8.431411961,1.598825073,0.02787834,0.4,Modelled
EU,9.236395053,2.762869296,0.04505661,0.4,Modelled
EU,8.905099306,3.925531572,0.048392692,0.4,Modelled
EU,9.250725621,2.441163677,0.042294651,0.4,Modelled
EU,9.672845448,1.522459107,0.032749359,0.4,Modelled
EU,8.539470808,1.303253072,0.024145445,0.4,Modelled
EU,9.526183348,6.59105201,0.065263351,0.4,Modelled
EU,9.694091189,1.835760217,0.038192343,0.4,Modelled
EU,8.525567116,1.258997902,0.02341854,0.4,Modelled
EU,6.683065724,3.283818119,0.025202386,0.4,Modelled
EU,8.651532076,5.806855048,0.050072309,0.4,Modelled
EU,7.814806604,2.661376248,0.032169406,0.4,Modelled
EU,7.808179753,2.175626781,0.029365463,0.4,Modelled
EU,8.382206074,1.337462366,0.024096652,0.4,Modelled
EU,6.462451684,2.219916219,0.02099818,0.4,Modelled
EU,9.433434681,1.345185556,0.028235803,0.4,Modelled
EU,6.282248604,3.902993693,0.02333527,0.4,Modelled
EU,9.910959117,1.841052896,0.039499951,0.4,Modelled
EU,9.154941142,1.708276394,0.033186524,0.4,Modelled
EU,8.74548799,1.544533027,0.028757297,0.4,Modelled
EU,6.337739012,2.571002658,0.021243919,0.4,Modelled
EU,7.992959239,3.370015575,0.036612734,0.4,Modelled
EU,8.949227397,1.255378521,0.024813601,0.4,Modelled
EU,9.322408558,1.841052896,0.036002189,0.4,Modelled
EU,9.961403674,4.194263045,0.062833549,0.4,Modelled
EU,6.742467551,3.399247961,0.025864185,0.4,Modelled
EU,7.681359513,1.041128598,0.017194606,0.4,Modelled
EU,7.882805739,1.292045535,0.021474743,0.4,Modelled
EU,6.383572087,5.874112172,0.025696184,0.4,Modelled
EU,9.509319891,1.151503643,0.0242745,0.4,Modelled
EU,7.443646082,1.251769545,0.019324891,0.4,Modelled
EU,5.161454966,1.557930706,0.012571878,0.4,Modelled
EU,8.13915233,1.023298884,0.018070278,0.4,Modelled
EU,9.723710551,3.66345594,0.056896736,0.4,Modelled
EU,6.613996541,8.891750066,0.028926285,0.4,Modelled
EU,8.846667946,3.631951455,0.046216911,0.4,Modelled
EU,9.702102152,3.046989571,0.052134096,0.4,Modelled
EU,9.98256677,1.333617414,0.029929857,0.4,Modelled
EU,9.789092455,8.109185671,0.072454771,0.4,Modelled
EU,9.59835778,5.545439659,0.063266737,0.4,Modelled
EU,7.832695724,1.251769545,0.020792078,0.4,Modelled
EU,4.928476284,2.378724173,0.013311405,0.4,Modelled
EU,9.646036481,1.483518011,0.031833637,0.4,Modelled
EU,3.545012056,1.002883099,0.005957725,0.4,Modelled
EU,6.32818073,7.35303472,0.025937756,0.4,Modelled
EU,7.593985956,1.011582367,0.01647864,0.4,Modelled
EU,8.04830949,1.237437095,0.021342705,0.4,Modelled
EU,9.997719379,3.199825401,0.056754351,0.4,Modelled
EU,9.446742483,2.455260203,0.044148389,0.4,Modelled
EU,4.297216658,1.728062277,0.009734763,0.4,Modelled
EU,7.786338434,1.728062277,0.02585583,0.4,Modelled
EU,5.700313729,5.891047821,0.020352057,0.4,Modelled
EU,6.720486939,7.721860125,0.029780543,0.4,Modelled
EU,9.529492605,2.85998721,0.048755976,0.4,Modelled
EU,9.016816004,6.028302662,0.055736477,0.4,Modelled
EU,5.847700141,1.255378521,0.013685241,0.4,Modelled
EU,9.607098641,3.759618569,0.055879615,0.4,Modelled
EU,7.765002836,1.1416011,0.018979512,0.4,Modelled
EU,6.756423902,3.312302806,0.025887451,0.4,Modelled
EU,7.725143271,1.364689212,0.021848517,0.4,Modelled
EU,5.867725802,3.970998518,0.02036225,0.4,Modelled
EU,7.703751069,3.379731664,0.033779068,0.4,Modelled
EU,9.014413624,2.548892902,0.041237886,0.4,Modelled
EU,8.788061806,1.922299067,0.033694759,0.4,Modelled
EU,8.81086153,1.080832611,0.02095513,0.4,Modelled
EU,5.333633927,1.106014805,0.011080174,0.4,Modelled
EU,9.048880925,6.648224499,0.057714914,0.4,Modelled
EU,8.392236393,1.562422375,0.027187569,0.4,Modelled
EU,9.626141685,2.646096336,0.047695208,0.4,Modelled
EU,3.186527874,1.16484078,0.005508904,0.4,Modelled
EU,8.739205571,1.251769545,0.024001122,0.4,Modelled
EU,6.905221272,1.466532098,0.019295974,0.4,Modelled
EU,7.887724347,1.131783715,0.019207201,0.4,Modelled
EU,8.451990653,3.559490572,0.04160155,0.4,Modelled
EU,9.613065891,5.34172985,0.062789149,0.4,Modelled
EU,6.643107431,3.264964546,0.024934618,0.4,Modelled
EU,8.038316952,5.057384597,0.041135323,0.4,Modelled
EU,4.314008498,1.053187331,0.007981788,0.4,Modelled
EU,7.507710773,8.764672318,0.038501435,0.4,Modelled
EU,9.063372587,3.66345594,0.048753141,0.4,Modelled
EU,7.824386459,1.540092787,0.024154221,0.4,Modelled
EU,7.468537894,1.08707389,0.017289487,0.4,Modelled
EU,7.996544104,2.778823515,0.034042462,0.4,Modelled
EU,8.477682908,3.847213487,0.043224795,0.4,Modelled
EU,5.039064319,1.640792882,0.01230936,0.4,Modelled
EU,7.487328891,6.440984263,0.036916419,0.4,Modelled
EU,9.107291304,1.112401499,0.022400872,0.4,Modelled
EU,9.525285726,2.73123513,0.047409958,0.4,Modelled
EU,6.500991656,4.134320121,0.025165671,0.4,Modelled
EU,9.26846771,1.416732386,0.028995824,0.4,Modelled
EU,8.854847979,5.513601309,0.052370936,0.4,Modelled
EU,8.637315145,1.230332526,0.023291996,0.4,Modelled
EU,9.084168125,4.354213575,0.051856868,0.4,Modelled
EU,9.26860274,2.851765288,0.045997909,0.4,Modelled
EU,6.45081339,1.03813555,0.013744502,0.4,Modelled
EU,5.659212972,1.380495543,0.013709758,0.4,Modelled
EU,5.793746549,2.012917412,0.016767192,0.4,Modelled
EU,8.181207372,1.758171619,0.028259099,0.4,Modelled
EU,5.369612598,3.66345594,0.017045434,0.4,Modelled
EU,7.463974304,4.242842537,0.033794056,0.4,Modelled
EU,6.691685261,7.164960549,0.029236138,0.4,Modelled
EU,6.457692769,4.206355521,0.024959673,0.4,Modelled
EU,7.050849921,2.420170492,0.025529901,0.4,Modelled
EU,8.510083349,2.156917124,0.034013593,0.4,Modelled
EU,9.878892257,2.512465026,0.048643345,0.4,Modelled
EU,7.030088482,6.941612478,0.032377877,0.4,Modelled
EU,3.537306312,1.544533027,0.007006239,0.4,Modelled
EU,8.059824299,2.827241068,0.034950859,0.4,Modelled
EU,6.587854197,4.928028018,0.02674905,0.4,Modelled
EU,5.273961253,3.902993693,0.016654861,0.4,Modelled
EU,6.999233074,1.830482754,0.022279862,0.4,Modelled
EU,7.760981275,7.524352225,0.040896267,0.4,Modelled
EU,9.61668221,3.341034577,0.053310669,0.4,Modelled
EU,6.401463676,2.144533492,0.020448369,0.4,Modelled
EU,7.937585813,1.368623747,0.022672855,0.4,Modelled
EU,9.745715375,5.891047821,0.067013903,0.4,Modelled
EU,9.641093864,1.773422454,0.036921355,0.4,Modelled
EU,8.951069698,1.698468569,0.031829288,0.4,Modelled
EU,9.314435161,1.723094425,0.034213561,0.4,Modelled
EU,8.042036513,1.226795553,0.021190813,0.4,Modelled
EU,9.537496379,2.653725294,0.047009643,0.4,Modelled
EU,8.017231117,1.09335121,0.018992075,0.4,Modelled
EU,9.563373441,1.967086491,0.0392963,0.4,Modelled
EU,4.909431767,1.713201524,0.012025776,0.4,Modelled
EU,8.527980301,2.977614476,0.039857453,0.4,Modelled
EU,9.499619305,2.739109552,0.047525849,0.4,Modelled
EU,9.723832647,5.295792775,0.064588078,0.4,Modelled
EU,8.542781572,1.55345195,0.027819695,0.4,Modelled
EU,7.961965654,4.122434732,0.03825548,0.4,Modelled
EU,9.52255901,2.73123513,0.047403767,0.4,Modelled
EU,6.597620151,2.563611512,0.022983614,0.4,Modelled
EU,8.128470817,1.008674259,0.017795321,0.4,Modelled
EU,9.796049317,2.169372265,0.043801207,0.4,Modelled
EU,8.186114689,1.594228753,0.026605952,0.4,Modelled
EU,8.493839804,8.274265122,0.051255439,0.4,Modelled
EU,8.731445383,2.317881733,0.037196375,0.4,Modelled
EU,8.753603148,1.014498859,0.019370209,0.4,Modelled
EU,8.162556541,4.170182282,0.040533224,0.4,Modelled
EU,7.73440429,2.047990001,0.027974575,0.4,Modelled
EU,9.261227682,3.70588743,0.05152685,0.4,Modelled
EU,4.694098249,1.585075716,0.010884709,0.4,Modelled
EU,9.422410414,1.922299067,0.037778919,0.4,Modelled
EU,9.64349573,4.928028018,0.06194469,0.4,Modelled
EU,8.782855803,1.851684076,0.032810177,0.4,Modelled
EU,9.999534022,3.880585212,0.061796688,0.4,Modelled
EU,6.832391321,2.827241068,0.02523603,0.4,Modelled
EU,9.592805115,2.884795479,0.049683743,0.4,Modelled
EU,9.759801625,2.265107261,0.044737383,0.4,Modelled
EU,7.115006235,1.280934379,0.018482333,0.4,Modelled
EU,9.88678552,4.942236012,0.065752127,0.4,Modelled
EU,6.824865609,3.283818119,0.026359067,0.4,Modelled
EU,8.962716433,2.646096336,0.041639523,0.4,Modelled
EU,9.713397407,1.40859842,0.030598518,0.4,Modelled
EU,9.361930759,2.483697926,0.043646899,0.4,Modelled
EU,6.080946399,1.128530051,0.013494292,0.4,Modelled
EU,9.53306473,3.621510281,0.054131797,0.4,Modelled
EU,7.651479466,5.993692023,0.038325627,0.4,Modelled
EU,7.584143654,4.341696034,0.034933258,0.4,Modelled
EU,9.687761548,4.291984694,0.059636698,0.4,Modelled
EU,9.891133442,8.085873296,0.07430091,0.4,Modelled
EU,3.104693034,1.077725421,0.005151717,0.4,Modelled
EU,4.803526032,3.046989571,0.013430805,0.4,Modelled
EU,9.473882455,7.247947748,0.065352053,0.4,Modelled
EU,9.850055279,3.621510281,0.057899412,0.4,Modelled
EU,6.400456418,1.223268748,0.015314083,0.4,Modelled
EU,6.423929683,1.151503643,0.014790093,0.4,Modelled
EU,6.882732757,1.059268973,0.015227255,0.4,Modelled
EU,5.177577093,1.071537815,0.010412271,0.4,Modelled
EU,9.171680396,3.379731664,0.048799584,0.4,Modelled
EU,8.981135363,4.291984694,0.05072821,0.4,Modelled
EU,8.371932659,4.913860869,0.045014774,0.4,Modelled
EU,9.541326496,7.062561466,0.066232236,0.4,Modelled
EU,6.640500266,1.580518923,0.018902944,0.4,Modelled
EU,9.221280395,1.384475648,0.028207086,0.4,Modelled
EU,8.412906517,1.664582507,0.028605202,0.4,Modelled
EU,7.564098631,5.220107177,0.03610158,0.4,Modelled
EU,9.82740334,1.437273389,0.031699105,0.4,Modelled
EU,6.311601712,1.505027329,0.016965501,0.4,Modelled
EU,9.876919984,1.248170944,0.027585086,0.4,Modelled
EU,8.761519478,3.302780562,0.043940439,0.4,Modelled
EU,9.854213056,1.862376645,0.039697089,0.4,Modelled
EU,6.426616192,1.154823542,0.014811618,0.4,Modelled
EU,6.71391152,3.814128748,0.026476802,0.4,Modelled
EU,5.796708149,1.594228753,0.01526124,0.4,Modelled
EU,7.068137961,1.571444599,0.020862306,0.4,Modelled
EU,7.114221551,3.674018048,0.029436601,0.4,Modelled
EU,8.132133249,2.188189961,0.03162154,0.4,Modelled
EU,9.34025461,3.438619297,0.050709982,0.4,Modelled
EU,9.669782125,2.699963167,0.048524165,0.4,Modelled
EU,7.393983325,8.274265122,0.037059768,0.4,Modelled
EU,7.610890473,2.994808743,0.031889084,0.4,Modelled
EU,9.800404986,8.614574049,0.073378347,0.4,Modelled
EU,7.32494748,2.077683519,0.025587616,0.4,Modelled
EU,7.781997246,3.012102298,0.033322188,0.4,Modelled
EU,9.922644883,2.926621722,0.053494894,0.4,Modelled
EU,7.873637471,4.110583512,0.037626395,0.4,Modelled
EU,8.48042231,1.522459107,0.027191827,0.4,Modelled
EU,8.733629389,6.45955426,0.052764116,0.4,Modelled
EU,8.115644205,1.825220462,0.028561123,0.4,Modelled
EU,9.620354588,1.773422454,0.036738598,0.4,Modelled
EU,9.496766215,4.391983149,0.057835339,0.4,Modelled
EU,8.558113704,3.611099124,0.042968019,0.4,Modelled
EU,5.799000785,1.047140607,0.011992445,0.4,Modelled
EU,9.731709362,2.399357842,0.046118298,0.4,Modelled
EU,9.881656032,3.858305386,0.060224666,0.4,Modelled
EU,8.000860092,5.466186196,0.041457843,0.4,Modelled
EU,9.953391303,5.220107177,0.068088748,0.4,Modelled
EU,8.374664336,2.317881733,0.034493713,0.4,Modelled
EU,7.079522466,1.188553553,0.017357812,0.4,Modelled
EU,7.891706887,1.209262625,0.020380977,0.4,Modelled
EU,9.127466239,2.918208238,0.045145844,0.4,Modelled
EU,9.210677696,2.699963167,0.044211449,0.4,Modelled
EU,4.56422354,1.412659549,0.0099752,0.4,Modelled
EU,8.588303007,1.273580077,0.023877879,0.4,Modelled
EU,7.577237407,2.399357842,0.029024208,0.4,Modelled
EU,5.606280955,2.977614476,0.017726208,0.4,Modelled
EU,6.27215545,2.077683519,0.019467046,0.4,Modelled
EU,8.337632817,1.814741219,0.029746579,0.4,Modelled
EU,7.889206778,3.936849269,0.037208624,0.4,Modelled
EU,8.704162949,1.273580077,0.024261798,0.4,Modelled
EU,9.748224479,8.370100694,0.072533658,0.4,Modelled
EU,9.529773677,2.012917412,0.039620629,0.4,Modelled
EU,7.630639166,1.102835221,0.017987493,0.4,Modelled
EU,9.739768647,2.615799191,0.04840487,0.4,Modelled
EU,8.663894213,2.434145793,0.037577362,0.4,Modelled
EU,9.615033579,2.441163677,0.045489315,0.4,Modelled
EU,9.751053775,1.793962883,0.037860681,0.4,Modelled
EU,4.938353569,1.174944911,0.010247417,0.4,Modelled
EU,9.341530055,1.466532098,0.030144145,0.4,Modelled
EU,7.233092143,3.748810377,0.030591543,0.4,Modelled
EU,9.579743215,1.280934379,0.027390733,0.4,Modelled
EU,8.344037819,6.422467651,0.04701674,0.4,Modelled
EU,5.882593605,7.247947748,0.022314068,0.4,Modelled
EU,7.574456419,7.879054754,0.038808214,0.4,Modelled
EU,9.384753099,3.448533178,0.051323413,0.4,Modelled
EU,5.62778574,1.693585793,0.014965043,0.4,Modelled
EU,8.173192931,2.455260203,0.033809958,0.4,Modelled
EU,9.826009848,1.7683242,0.037826216,0.4,Modelled
EU,8.821844985,8.589808778,0.05645059,0.4,Modelled
EU,8.986373019,4.075233879,0.049910662,0.4,Modelled
EU,5.852536174,5.790161438,0.021488155,0.4,Modelled
EU,7.357327875,1.068457346,0.016687323,0.4,Modelled
EU,5.480264757,1.099664778,0.011446699,0.4,Modelled
EU,8.192020049,3.674018048,0.03932943,0.4,Modelled
EU,9.648099579,1.372569625,0.02959328,0.4,Modelled
EU,8.502307259,1.056223775,0.019628062,0.4,Modelled
EU,5.167440513,2.786835139,0.015016452,0.4,Modelled
EU,8.406338141,1.280934379,0.023336823,0.4,Modelled
EU,4.320887948,2.462338961,0.010766678,0.4,Modelled
EU,7.258552473,1.380495543,0.020020392,0.4,Modelled
EU,8.15489425,1.441417191,0.024599071,0.4,Modelled
EU,7.616636415,1.804322141,0.025538451,0.4,Modelled
EU,9.079595626,7.310818321,0.058857406,0.4,Modelled
EU,9.689196257,1.566926993,0.033620033,0.4,Modelled
EU,8.853657917,2.19449873,0.036897141,0.4,Modelled
EU,5.746927734,6.610054667,0.02101562,0.4,Modelled
EU,8.628207674,1.29577063,0.024393227,0.4,Modelled
EU,8.267254779,3.748810377,0.040452681,0.4,Modelled
EU,9.517515899,1.922299067,0.038427855,0.4,Modelled
EU,9.254325875,1.251769545,0.025729456,0.4,Modelled
EU,7.693149536,5.993692023,0.038517786,0.4,Modelled
EU,7.608998231,2.258595506,0.028525563,0.4,Modelled
EU,9.505779299,2.420170492,0.044191905,0.4,Modelled
EU,8.634152931,2.138368364,0.034798282,0.4,Modelled
EU,8.110605428,1.7683242,0.028018205,0.4,Modelled
EU,7.524398245,2.739109552,0.030092503,0.4,Modelled
EU,9.188073153,3.82512526,0.05101752,0.4,Modelled
EU,8.154956248,2.918208238,0.036206563,0.4,Modelled
EU,8.488938675,4.230645167,0.044516575,0.4,Modelled
EU,8.142755574,5.942148292,0.043800739,0.4,Modelled
EU,6.285205303,4.774410207,0.024157532,0.4,Modelled
EU,9.227191788,8.815284013,0.063486854,0.4,Modelled
EU,9.227938547,1.927841246,0.036562706,0.4,Modelled
EU,8.651709035,1.513718125,0.02787545,0.4,Modelled
EU,8.145424247,1.420816966,0.024260705,0.4,Modelled
EU,6.563272248,4.27964605,0.025914969,0.5,Modelled
EU,9.558801618,6.822734785,0.06600886,0.5,Modelled
EU,8.62554914,2.699963167,0.039095819,0.5,Modelled
EU,6.229648247,1.40859842,0.016089743,0.5,Modelled
EU,9.970507856,2.909818941,0.05372024,0.5,Modelled
EU,8.821196737,5.691002773,0.052082972,0.5,Modelled
EU,9.475907169,2.41321296,0.044037694,0.5,Modelled
EU,3.807996503,1.814741219,0.008204622,0.5,Modelled
EU,4.64290908,1.258997902,0.009730296,0.5,Modelled
EU,8.685634362,1.008674259,0.019089312,0.5,Modelled
EU,5.019268911,4.341696034,0.015389569,0.5,Modelled
EU,8.760429965,2.526973282,0.039030619,0.5,Modelled
EU,9.092681206,6.348931994,0.057897478,0.5,Modelled
EU,9.32246626,8.156012251,0.064427966,0.5,Modelled
EU,8.945521619,7.54604568,0.057600952,0.5,Modelled
EU,9.901250111,1.380495543,0.03073434,0.5,Modelled
EU,9.294043976,6.222264768,0.060348136,0.5,Modelled
EU,9.824656739,4.857598384,0.064598875,0.5,Modelled
EU,6.22658749,1.655025544,0.017447417,0.5,Modelled
EU,9.657051328,4.746998612,0.06138685,0.5,Modelled
EU,7.776129447,1.429021489,0.02273859,0.5,Modelled
EU,9.481545793,2.715554133,0.047031044,0.5,Modelled
EU,7.447649595,1.005774511,0.016052136,0.5,Modelled
EU,7.783186452,3.891773324,0.035988011,0.5,Modelled
EU,9.841473952,2.519708712,0.048333363,0.5,Modelled
EU,8.017098687,1.562422375,0.025409616,0.5,Modelled
EU,9.147468874,6.981696894,0.059635839,0.5,Modelled
EU,7.243022469,8.589808778,0.035613354,0.5,Modelled
EU,3.616732382,1.168199132,0.006570161,0.5,Modelled
EU,9.328305319,2.699963167,0.045445278,0.5,Modelled
EU,9.160337809,1.16484078,0.023653421,0.5,Modelled
EU,8.519515286,1.57597523,0.027968137,0.5,Modelled
EU,9.040241243,1.223268748,0.024454459,0.5,Modelled
EU,8.974592853,1.626682617,0.031093234,0.5,Modelled
EU,6.897702072,4.354213575,0.028769201,0.5,Modelled
EU,6.249454001,3.236886951,0.022072952,0.5,Modelled
EU,6.4608498,3.600717897,0.024128679,0.5,Modelled
EU,6.592078059,2.324564416,0.022233495,0.5,Modelled
EU,5.4584891,5.976461292,0.018781209,0.5,Modelled
EU,9.353581325,3.135985844,0.049080103,0.5,Modelled
EU,9.959483066,1.693585793,0.037290411,0.5,Modelled
EU,8.862752672,1.090208032,0.02129427,0.5,Modelled
EU,9.809026757,4.291984694,0.061421247,0.5,Modelled
EU,9.041934873,4.051836506,0.050438539,0.5,Modelled
EU,6.629488331,1.557930706,0.018773359,0.5,Modelled
EU,7.501328164,1.470760256,0.02200382,0.5,Modelled
EU,7.377395091,2.030377978,0.025613462,0.5,Modelled
EU,7.436151669,2.893112631,0.030089843,0.5,Modelled
EU,8.676914671,4.942236012,0.048621923,0.5,Modelled
EU,8.670807903,1.562422375,0.028574655,0.5,Modelled
EU,7.236761555,4.746998612,0.032303201,0.5,Modelled
EU,6.334729331,7.589620402,0.02608706,0.5,Modelled
EU,9.719226553,1.29577063,0.028176997,0.5,Modelled
EU,6.670645083,1.352953345,0.017389104,0.5,Modelled
EU,9.904304086,2.835392285,0.052466882,0.5,Modelled
EU,9.245821338,1.922299067,0.036670823,0.5,Modelled
EU,9.34021457,1.416732386,0.029282191,0.5,Modelled
EU,8.872483972,1.219752081,0.023855162,0.5,Modelled
EU,9.837721232,6.686614743,0.070430415,0.5,Modelled
EU,9.217359277,2.207170887,0.03979037,0.5,Modelled
EU,6.828549811,1.16484078,0.016237316,0.5,Modelled
EU,8.587931677,1.825220462,0.031328773,0.5,Modelled
EU,7.943995972,6.686614743,0.042291246,0.5,Modelled
EU,6.159957558,7.788841536,0.024651223,0.5,Modelled
EU,8.969596991,2.926621722,0.043704644,0.5,Modelled
EU,7.740375838,5.85722521,0.038858633,0.5,Modelled
EU,7.656651533,7.721860125,0.039798196,0.5,Modelled
EU,6.996465881,1.035151107,0.01522012,0.5,Modelled
EU,8.409061427,3.66345594,0.041779942,0.5,Modelled
EU,8.358871438,8.156012251,0.04922196,0.5,Modelled
EU,6.687659505,1.364689212,0.017593129,0.5,Modelled
EU,8.943331775,2.770834922,0.042466583,0.5,Modelled
EU,9.742077044,3.759618569,0.057531854,0.5,Modelled
EU,6.716642139,1.148193288,0.015708726,0.5,Modelled
EU,9.888553042,4.341696034,0.062749315,0.5,Modelled
EU,6.954865749,2.563611512,0.025381743,0.5,Modelled
EU,9.057687951,1.310778721,0.026218243,0.5,Modelled
EU,5.799558854,1.814741219,0.016164492,0.5,Modelled
EU,8.265806697,5.190136677,0.044010874,0.5,Modelled
EU,6.267477515,4.170182282,0.023409038,0.5,Modelled
EU,9.71620286,5.513601309,0.065372184,0.5,Modelled
EU,8.019856513,6.862132741,0.04344699,0.5,Modelled
EU,4.93587226,1.95017021,0.012624846,0.5,Modelled
EU,8.276463143,1.026249157,0.01850107,0.5,Modelled
EU,8.713128098,1.115608663,0.021367258,0.5,Modelled
EU,7.097237585,1.059268973,0.015832897,0.5,Modelled
EU,9.945119516,7.567801678,0.075022546,0.5,Modelled
EU,5.016360242,4.559473844,0.015489646,0.5,Modelled
EU,7.64912382,1.360765989,0.021439541,0.5,Modelled
EU,6.888259161,1.400511153,0.018691671,0.5,Modelled
EU,8.873747901,2.344728289,0.038404757,0.5,Modelled
EU,7.587398837,1.470760256,0.02238383,0.5,Modelled
EU,9.884632851,4.679156187,0.064658869,0.5,Modelled
EU,3.881984658,1.248170944,0.00746531,0.5,Modelled
EU,8.624522155,3.46844677,0.043259228,0.5,Modelled
EU,7.824396065,2.317881733,0.030317771,0.5,Modelled
EU,6.082812899,1.292045535,0.014738997,0.5,Modelled
EU,9.927717663,2.284755387,0.046266081,0.5,Modelled
EU,4.002307037,1.077725421,0.007284744,0.5,Modelled
EU,9.499247063,2.952007995,0.049251844,0.5,Modelled
EU,9.443473414,1.416732386,0.029722186,0.5,Modelled
EU,4.782134622,1.640792882,0.011336507,0.5,Modelled
EU,8.307554208,4.366767205,0.04262028,0.5,Modelled
EU,3.831043972,1.008674259,0.006627723,0.5,Modelled
EU,8.381699371,4.028573465,0.04273926,0.5,Modelled
EU,8.592004168,1.053187331,0.019828905,0.5,Modelled
EU,8.001969492,2.66904926,0.033572838,0.5,Modelled
EU,5.719510671,2.434145793,0.017425577,0.5,Modelled
EU,9.800722024,1.927841246,0.040264808,0.5,Modelled
EU,7.918215689,1.151503643,0.019636828,0.5,Modelled
EU,4.774012708,2.077683519,0.012172712,0.5,Modelled
EU,9.018275659,7.438200263,0.05826082,0.5,Modelled
EU,9.959709422,4.170182282,0.063161907,0.5,Modelled
EU,9.265424764,1.830482754,0.035520587,0.5,Modelled
EU,4.756869037,1.32596064,0.010336331,0.5,Modelled
EU,9.303482827,4.559473844,0.055795328,0.5,Modelled
EU,7.587038101,5.326373387,0.036793998,0.5,Modelled
EU,8.003324815,2.684461713,0.03376815,0.5,Modelled
EU,4.449165882,1.074627164,0.008430355,0.5,Modelled
EU,9.403030102,3.488475353,0.051904538,0.5,Modelled
EU,5.452306781,4.122434732,0.017800896,0.5,Modelled
EU,7.657179604,1.083948758,0.01779461,0.5,Modelled
EU,8.918120433,2.884795479,0.04296559,0.5,Modelled
EU,9.892704285,1.273580077,0.028263357,0.5,Modelled
EU,9.886849083,4.182205332,0.062163169,0.5,Modelled
EU,9.981137845,2.909818941,0.053676106,0.5,Modelled
EU,8.616088135,5.740368002,0.049622541,0.5,Modelled
EU,6.80810565,1.889378982,0.021618914,0.5,Modelled
EU,6.9360617,5.908032296,0.030719809,0.5,Modelled
EU,8.582513825,4.520263906,0.046170167,0.5,Modelled
EU,9.857530587,3.064584445,0.053930958,0.5,Modelled
EU,9.521752357,1.412659549,0.029923018,0.5,Modelled
EU,9.785381786,6.705892918,0.069993518,0.5,Modelled
EU,8.747333083,3.145027202,0.042744012,0.5,Modelled
EU,9.094351402,2.926621722,0.04493021,0.5,Modelled
EU,8.83174135,5.481945754,0.052126047,0.5,Modelled
EU,5.674582956,3.569752937,0.018806752,0.5,Modelled
EU,6.87546253,1.972757797,0.022342635,0.5,Modelled
EU,9.694151015,2.600780953,0.048014993,0.5,Modelled
EU,6.310653005,1.109203555,0.014043053,0.5,Modelled
EU,8.626545631,2.095705883,0.034398372,0.5,Modelled
EU,7.971572314,4.638917021,0.039518587,0.5,Modelled
EU,8.928440487,3.100079585,0.044287972,0.5,Modelled
EU,9.192945632,3.020786488,0.046594166,0.5,Modelled
EU,9.225392004,4.379357028,0.054142989,0.5,Modelled
EU,9.310016269,3.055774344,0.048099611,0.5,Modelled
EU,9.694436216,3.190626508,0.053016068,0.5,Modelled
EU,9.488330883,2.977614476,0.049288641,0.5,Modelled
EU,7.322848903,7.833818286,0.035830944,0.5,Modelled
EU,9.453620805,4.255075073,0.056463941,0.5,Modelled
EU,9.546173411,3.082280921,0.050838552,0.5,Modelled
EU,6.450319282,2.918208238,0.022823243,0.5,Modelled
EU,7.193165995,1.814741219,0.023213758,0.5,Modelled
EU,9.629081356,6.822734785,0.067225278,0.5,Modelled
EU,6.879832575,1.090208032,0.0155889,0.5,Modelled
EU,7.68026676,1.205786223,0.019604861,0.5,Modelled
EU,6.329553008,6.59105201,0.0256186,0.5,Modelled
EU,9.158682775,2.754926569,0.044135272,0.5,Modelled
EU,8.498572257,1.223268748,0.022701781,0.5,Modelled
EU,8.742495128,3.236886951,0.043343726,0.5,Modelled
EU,7.631741039,1.819973298,0.025725684,0.5,Modelled
EU,8.878462131,3.488475353,0.045837545,0.5,Modelled
EU,8.213128192,1.148193288,0.020491992,0.5,Modelled
EU,8.980987252,2.534258797,0.040919972,0.5,Modelled
EU,9.549684083,1.688717054,0.034986909,0.5,Modelled
EU,8.494912895,3.117981028,0.040255957,0.5,Modelled
EU,9.811027848,2.909818941,0.052189562,0.5,Modelled
EU,8.935064746,3.117981028,0.044597724,0.5,Modelled
EU,8.321473265,1.020357094,0.018479964,0.5,Modelled
EU,8.608865739,1.34906386,0.025157026,0.5,Modelled
EU,8.131588561,1.112401499,0.019631642,0.5,Modelled
EU,7.058672014,1.080832611,0.016001135,0.5,Modelled
EU,5.56090552,2.6233408,0.016879681,0.5,Modelled
EU,9.645371686,4.040188242,0.058162689,0.5,Modelled
EU,9.231939828,2.126091227,0.038976314,0.5,Modelled
EU,6.470837581,6.204376933,0.026538981,0.5,Modelled
EU,8.263231802,1.535665311,0.026254817,0.5,Modelled
EU,4.708574895,1.044130275,0.008958899,0.5,Modelled
EU,6.251691216,4.354213575,0.023447039,0.5,Modelled
EU,5.796019072,1.693585793,0.015682184,0.5,Modelled
EU,8.863179748,7.567801678,0.056360732,0.5,Modelled
EU,9.513573875,1.94456384,0.038725992,0.5,Modelled
EU,6.389624223,4.366767205,0.024580641,0.5,Modelled
EU,9.736019464,6.764061566,0.069279927,0.5,Modelled
EU,9.113912985,1.867746062,0.034983551,0.5,Modelled
EU,9.545686501,1.693585793,0.035074262,0.5,Modelled
EU,9.969280877,1.526848508,0.03410338,0.5,Modelled
EU,8.314317312,1.032175243,0.0187223,0.5,Modelled
EU,9.736743922,6.13333836,0.067631021,0.5,Modelled
EU,7.958287247,1.151503643,0.01978076,0.5,Modelled
EU,8.953580615,2.095705883,0.036608558,0.5,Modelled
EU,4.804568602,1.251769545,0.010203676,0.5,Modelled
EU,9.802164509,3.82512526,0.058667825,0.5,Modelled
EU,8.348413592,2.181899329,0.033097807,0.5,Modelled
EU,3.58627856,1.032175243,0.006142075,0.5,Modelled
EU,8.608998988,2.548892902,0.037804871,0.5,Modelled
EU,8.772719661,6.258195303,0.052538648,0.5,Modelled
EU,6.644617911,1.023298884,0.014107743,0.5,Modelled
EU,7.302245576,6.330680015,0.034536165,0.5,Modelled
EU,8.285069738,4.899734448,0.043837617,0.5,Modelled
EU,8.881601553,2.365067068,0.038563299,0.5,Modelled
EU,7.94030431,1.867746062,0.027912764,0.5,Modelled
EU,8.294006347,2.213534379,0.033036908,0.5,Modelled
EU,8.689252374,8.179526844,0.053947021,0.5,Modelled
EU,9.149287972,4.028573465,0.051523401,0.5,Modelled
EU,7.160478119,1.020357094,0.015497371,0.5,Modelled
EU,6.599118453,7.481152231,0.028537969,0.5,Modelled
EU,7.085043645,8.764672318,0.033793944,0.5,Modelled
EU,7.362949074,1.571444599,0.022290087,0.5,Modelled
EU,9.632625323,5.403599724,0.063499389,0.5,Modelled
EU,7.809415879,1.585075716,0.024567028,0.5,Modelled
EU,8.276001156,2.762869296,0.0363594,0.5,Modelled
EU,9.622899574,2.213534379,0.042973904,0.5,Modelled
EU,9.545237418,1.191980271,0.025351031,0.5,Modelled
EU,7.178968502,6.063113161,0.033313129,0.5,Modelled
EU,4.847672346,2.245628102,0.0127874,0.5,Modelled
EU,6.346774611,1.608057505,0.017715064,0.5,Modelled
EU,9.415400048,1.967086491,0.038298591,0.5,Modelled
EU,9.189639064,1.862376645,0.03549623,0.6,Modelled
EU,4.797092372,1.32596064,0.010436876,0.6,Modelled
EU,9.905876957,4.134320121,0.061867302,0.6,Modelled
EU,9.844376169,2.042102417,0.042260457,0.6,Modelled
EU,9.93336746,2.018720852,0.042629684,0.6,Modelled
EU,8.335505548,2.358267947,0.034404904,0.6,Modelled
EU,3.565122826,1.266267999,0.006637963,0.6,Modelled
EU,8.017678218,4.255075073,0.039409265,0.6,Modelled
EU,8.843890882,2.077683519,0.035789593,0.6,Modelled
EU,8.260758418,2.786835139,0.036419185,0.6,Modelled
EU,8.360453142,5.028348345,0.044852699,0.6,Modelled
EU,9.541445208,8.540491617,0.068583128,0.6,Modelled
EU,6.918531191,3.199825401,0.026902481,0.6,Modelled
EU,7.804924244,3.748810377,0.035750622,0.6,Modelled
EU,7.190539739,4.218482862,0.031207291,0.6,Modelled
EU,8.724503327,1.580518923,0.029087861,0.6,Modelled
EU,7.918115442,3.448533178,0.036041982,0.6,Modelled
EU,8.971440433,2.434145793,0.039972625,0.6,Modelled
EU,8.475729992,7.811297539,0.050544315,0.6,Modelled
EU,7.819710498,1.341318402,0.021949969,0.6,Modelled
EU,9.437963629,3.038230052,0.04908654,0.6,Modelled
EU,9.839508418,4.843633707,0.064454247,0.6,Modelled
EU,9.16722759,1.16484078,0.023686108,0.6,Modelled
EU,9.466863886,4.182205332,0.056496109,0.6,Modelled
EU,6.638934134,3.126970477,0.024692652,0.6,Modelled
EU,7.416363014,1.318347826,0.0200515,0.6,Modelled
EU,8.28301908,1.48779514,0.025788733,0.6,Modelled
EU,7.963271593,1.360765989,0.022682951,0.6,Modelled
EU,5.62578457,6.294333319,0.019976717,0.6,Modelled
EU,9.433978458,1.219752081,0.025665725,0.6,Modelled
EU,9.066423978,2.427148084,0.040849631,0.6,Modelled
EU,7.877607785,2.653725294,0.032571531,0.6,Modelled
EU,4.840027747,3.246219218,0.013778489,0.6,Modelled
EU,8.652425509,1.191980271,0.022643976,0.6,Modelled
EU,8.361132705,1.161492083,0.02120994,0.6,Modelled
EU,8.079984225,1.557930706,0.025573278,0.6,Modelled
EU,8.734733847,1.738040991,0.0312103,0.6,Modelled
EU,9.424513713,2.012917412,0.038911069,0.6,Modelled
EU,9.52023722,7.655454731,0.067268439,0.6,Modelled
EU,9.749232749,1.416732386,0.030889975,0.6,Modelled
EU,7.948244412,5.891047821,0.041304389,0.6,Modelled
EU,9.947840399,4.494311456,0.064418291,0.6,Modelled
EU,9.642848084,4.612283342,0.060743619,0.6,Modelled
EU,8.682227677,7.268844301,0.052736341,0.6,Modelled
EU,9.68857635,6.080593718,0.066434739,0.6,Modelled
EU,6.554555746,3.091167443,0.023970382,0.6,Modelled
EU,4.368288737,1.01742376,0.007972754,0.6,Modelled
EU,9.321079784,5.160338248,0.058058643,0.6,Modelled
EU,6.468414363,3.264964546,0.023744092,0.6,Modelled
EU,9.281021508,5.130710903,0.057220605,0.6,Modelled
EU,9.895018054,3.360327417,0.056821637,0.6,Modelled
EU,9.519730529,5.235157264,0.061009379,0.6,Modelled
EU,9.994247334,2.676744394,0.051689077,0.6,Modelled
EU,7.392894784,2.095705883,0.026202548,0.6,Modelled
EU,8.939891389,1.509366472,0.029153823,0.6,Modelled
EU,9.003648807,6.080593718,0.055700218,0.6,Modelled
EU,9.2613058,1.16484078,0.023919118,0.6,Modelled
EU,7.945690029,1.55345195,0.024958222,0.6,Modelled
EU,9.603108867,4.206355521,0.058508513,0.6,Modelled
EU,9.918768872,2.909818941,0.053177801,0.6,Modelled
EU,8.465971902,1.540092787,0.027275755,0.6,Modelled
EU,9.937398143,3.70588743,0.059850967,0.6,Modelled
EU,8.729296556,3.012102298,0.041777439,0.6,Modelled
EU,9.147236747,1.788805579,0.034248454,0.6,Modelled
EU,9.986522317,3.073419946,0.055237021,0.6,Modelled
EU,6.937995555,2.918208238,0.026243725,0.6,Modelled
EU,9.238060917,4.404645672,0.054390949,0.6,Modelled
EU,7.224105989,1.09650345,0.016706403,0.6,Modelled
EU,6.127881173,1.202319816,0.014203665,0.6,Modelled
EU,9.863191164,2.169372265,0.04417596,0.6,Modelled
EU,7.328585548,6.921656654,0.035317948,0.6,Modelled
EU,9.48454154,7.416816844,0.066102359,0.6,Modelled
EU,7.280710536,1.303253072,0.019281334,0.6,Modelled
EU,8.806564154,3.621510281,0.045677026,0.6,Modelled
EU,6.439762745,1.333617414,0.016340716,0.6,Modelled
EU,6.645208124,5.175216015,0.027462321,0.6,Modelled
EU,7.57997347,1.650267659,0.024044184,0.6,Modelled
EU,7.44792099,1.171567166,0.018367147,0.6,Modelled
EU,7.860105151,1.09650345,0.018588162,0.6,Modelled
EU,8.497471449,1.380495543,0.025189637,0.6,Modelled
EU,7.982982367,2.175626781,0.030539957,0.6,Modelled
EU,9.569052693,2.012917412,0.03996721,0.6,Modelled
EU,8.839658814,2.150716395,0.036457488,0.6,Modelled
EU,8.258870994,1.396484948,0.024383717,0.6,Modelled
EU,9.710337822,4.65229148,0.061866129,0.6,Modelled
EU,8.124718501,2.007130655,0.030224204,0.6,Modelled
EU,9.026948065,5.806855048,0.055292285,0.6,Modelled
EU,9.154230997,3.781328527,0.050430427,0.6,Modelled
EU,8.431537038,2.94352153,0.038694031,0.6,Modelled
EU,8.033248721,2.952007995,0.035266465,0.6,Modelled
EU,6.136670825,1.927841246,0.018209141,0.6,Modelled
EU,8.151604171,1.424913323,0.024360205,0.6,Modelled
EU,8.273076763,1.244582689,0.022228055,0.6,Modelled
EU,8.730157427,2.107807559,0.035228217,0.6,Modelled
EU,8.075672243,2.851765288,0.035033835,0.6,Modelled
EU,7.06131028,7.901770851,0.033237466,0.6,Modelled
EU,9.800984482,5.529497568,0.066773199,0.6,Modelled
EU,6.879859495,6.045682857,0.030337077,0.6,Modelled
EU,6.778039703,1.878531382,0.021326679,0.6,Modelled
EU,7.392347108,1.059268973,0.01669233,0.6,Modelled
EU,3.578346171,1.262627717,0.006673656,0.6,Modelled
EU,8.642679615,1.219752081,0.023115089,0.6,Modelled
EU,9.600827211,1.830482754,0.03745849,0.6,Modelled
EU,9.211938676,1.862376645,0.035652735,0.6,Modelled
EU,9.54455753,2.024541025,0.039888857,0.6,Modelled
EU,7.796919422,2.505242164,0.031218323,0.6,Modelled
EU,6.809054351,2.960518927,0.025417779,0.6,Modelled
EU,6.160553922,1.819973298,0.017871148,0.6,Modelled
EU,9.919869688,6.478177796,0.071774287,0.6,Modelled
EU,7.212477394,1.062322951,0.016188513,0.6,Modelled
EU,9.919095639,1.420816966,0.031673126,0.6,Modelled
EU,6.968605629,2.331266366,0.024464216,0.6,Modelled
EU,7.862909084,4.005443985,0.03698384,0.6,Modelled
EU,7.697225927,4.063518353,0.035608546,0.6,Modelled
EU,9.870561911,1.851684076,0.039492876,0.6,Modelled
EU,9.97410533,3.914246411,0.061775421,0.6,Modelled
EU,5.153876639,2.739109552,0.014929839,0.6,Modelled
EU,9.604266693,3.264964546,0.052841365,0.6,Modelled
EU,9.184882647,1.158153013,0.02356807,0.6,Modelled
EU,5.230033184,1.288331148,0.011720239,0.6,Modelled
EU,6.639272808,3.580044889,0.025495761,0.6,Modelled
EU,9.2765903,1.269918775,0.026197802,0.6,Modelled
EU,8.9605596,1.384475648,0.027180375,0.6,Modelled
EU,8.385077969,1.392470318,0.024859914,0.7,Modelled
EU,9.025060078,7.459645333,0.058414538,0.7,Modelled
EU,9.539282861,4.970775007,0.060796039,0.7,Modelled
EU,5.77514451,3.716571871,0.019506501,0.7,Modelled
EU,7.126740251,6.151021383,0.03284866,0.7,Modelled
EU,6.970985769,2.042102417,0.023282758,0.7,Modelled
EU,9.915149684,1.674194657,0.036672087,0.7,Modelled
EU,7.241243571,3.236886951,0.029513462,0.7,Modelled
EU,9.107708481,8.274265122,0.060939943,0.7,Modelled
EU,8.991870884,1.557930706,0.03007545,0.7,Modelled
EU,8.684093298,3.172307981,0.042394594,0.7,Modelled
EU,8.628655784,5.908032296,0.050055071,0.7,Modelled
EU,9.615592733,1.778535407,0.036862767,0.7,Modelled
EU,8.006580825,3.569752937,0.03733126,0.7,Modelled
EU,5.957686305,2.344728289,0.018541785,0.7,Modelled
EU,7.937942261,1.851684076,0.027762712,0.7,Modelled
EU,4.766867608,2.239172346,0.012413572,0.7,Modelled
EU,9.224624442,6.348931994,0.059908018,0.7,Modelled
EU,8.289739473,2.007130655,0.031198819,0.7,Modelled
EU,7.875175516,2.986199234,0.034028494,0.7,Modelled
EU,7.638603318,3.902993693,0.034800361,0.7,Modelled
EU,7.105960612,3.145027202,0.028085194,0.7,Modelled
EU,9.387089706,2.868232838,0.047544984,0.7,Modelled
EU,7.609771091,2.012917412,0.026937528,0.7,Modelled
EU,9.278332036,1.388467229,0.028526491,0.7,Modelled
EU,9.628831431,1.830482754,0.037745415,0.7,Modelled
EU,9.072646583,3.590366513,0.048528698,0.7,Modelled
EU,4.890963308,1.778535407,0.01211945,0.7,Modelled
EU,7.549718641,1.161492083,0.018572483,0.7,Modelled
EU,6.035585379,1.068457346,0.012861083,0.7,Modelled
EU,9.032057157,1.698468569,0.032312669,0.7,Modelled
EU,8.164642948,1.509366472,0.025524913,0.7,Modelled
EU,9.561838113,1.531250564,0.032311387,0.7,Modelled
EU,7.274626539,1.509366472,0.021334708,0.7,Modelled
EU,7.559478326,2.707747428,0.03016879,0.7,Modelled
EU,9.574580611,4.57261926,0.059689538,0.7,Modelled
EU,6.298445127,2.126091227,0.019749268,0.7,Modelled
EU,8.984675023,2.563611512,0.041133139,0.7,Modelled
EU,9.580811789,1.94456384,0.039065121,0.7,Modelled
EU,7.749089792,6.045682857,0.039351208,0.7,Modelled
EU,9.690193395,1.479253177,0.031937126,0.7,Modelled
EU,8.211284477,8.515939318,0.047219333,0.7,Modelled
EU,8.830730122,7.788841536,0.055741337,0.7,Modelled
EU,9.984794675,3.264964546,0.057073795,0.7,Modelled
EU,9.66485637,2.007130655,0.040508811,0.7,Modelled
EU,6.119316858,5.372575727,0.023247159,0.7,Modelled
EU,9.67804624,7.374234249,0.06939631,0.7,Modelled
EU,8.88116755,3.836153476,0.047638346,0.7,Modelled
EU,8.854977155,7.924552441,0.056597204,0.7,Modelled
EU,9.781802343,1.793962883,0.038003168,0.7,Modelled
EU,8.263844131,6.981696894,0.046640254,0.7,Modelled
EU,6.999306664,1.416732386,0.019302478,0.7,Modelled
EU,9.540894556,3.163188196,0.051418275,0.8,Modelled
EU,7.483692219,3.539054265,0.032405221,0.8,Modelled
EU,9.736718425,1.352953345,0.02953704,0.8,Modelled
EU,7.389862935,3.100079585,0.030302709,0.8,Modelled
EU,6.88447913,1.244582689,0.017255436,0.8,Modelled
EU,8.767279982,3.781328527,0.046136427,0.8,Modelled
EU,7.003455086,1.008674259,0.014910088,0.8,Modelled
EU,9.62491791,7.879054754,0.069516556,0.8,Modelled
EU,8.721873366,3.508619592,0.044200957,0.8,Modelled
EU,9.895708348,3.652924197,0.058925734,0.8,Modelled
EU,8.737434088,2.909818941,0.04124142,0.8,Modelled
EU,8.288190903,1.995607,0.031181202,0.8,Modelled
EU,9.007232594,2.406275429,0.040129437,0.8,Modelled
EU,7.633872065,5.625842206,0.037694131,0.8,Modelled
EU,9.715991501,2.150716395,0.042888959,0.8,Modelled
UK,5.214948991,1.802627864,0.018599805,0.1,Modelled
UK,5.1488413,5.828145529,0.030252054,0.2,Modelled
UK,3.029906848,1.1,0.001171981,0.2,Modelled
UK,3.074759432,2.109133064,0.010079195,0.2,Modelled
UK,3.09100876,1.1,0.005338813,0.2,Modelled
UK,5.301347527,2.758419987,0.024775906,0.2,Modelled
UK,2.353495832,1.115815768,0.004880425,0.2,Modelled
UK,7.670979632,1.881505565,0.031016877,0.2,Modelled
UK,4.010741594,1.1,0.001955896,0.2,Modelled
UK,3.00011088,1.1,0.001944913,0.2,Modelled
UK,7.25796142,2.003478412,0.030952022,0.2,Modelled
UK,5.810070058,2.553767889,0.027312521,0.2,Modelled
UK,5.044516966,3.765444313,0.025904295,0.2,Modelled
UK,3.836557806,2.575735759,0.014840249,0.2,Modelled
UK,3.993375025,1.1,0.006968601,0.2,Modelled
UK,5.327509062,1.301818481,0.013897649,0.2,Modelled
UK,1.369540187,1.1,0.001451139,0.2,Modelled
UK,8.645997022,5.794960285,0.081267826,0.2,Modelled
UK,7.10457105,2.758419987,0.038718634,0.2,Modelled
UK,9.188949454,3.181694534,0.063149553,0.2,Modelled
UK,7.081658268,1.654654121,0.024721059,0.2,Modelled
UK,7.025263476,2.696129178,0.037627648,0.2,Modelled
UK,4.904273313,4.161164578,0.025497936,0.2,Modelled
UK,8.308098536,1.997766404,0.036127808,0.2,Modelled
UK,5.939319499,1.712327246,0.020930191,0.2,Modelled
UK,3.516282244,1.1,0.00407425,0.2,Modelled
UK,1.666437869,1.1,0.002289939,0.2,Modelled
UK,5.652260791,1.980727904,0.022218185,0.2,Modelled
UK,3.998678634,1.1,0.00203725,0.2,Modelled
UK,4.133702466,2.987991253,0.017547895,0.2,Modelled
UK,5.389485486,1.640541949,0.017932992,0.2,Modelled
UK,7.87085418,4.269475731,0.058880243,0.2,Modelled
UK,7.746920823,6.858169448,0.069037315,0.2,Modelled
UK,6.256156348,4.067196904,0.038470285,0.2,Modelled
UK,3.349259992,1.91401474,0.010798017,0.2,Modelled
UK,6.472038567,1.772010573,0.024009569,0.2,Modelled
UK,3.055987083,1.1,0.005991514,0.2,Modelled
UK,8.003223399,5.110838337,0.06589858,0.2,Modelled
UK,8.803857856,2.903886941,0.055164911,0.2,Modelled
UK,5.655170437,1.446868361,0.016706496,0.2,Modelled
UK,4.230678544,5.319264784,0.02110682,0.2,Modelled
UK,7.556325983,4.896578446,0.058091071,0.2,Modelled
UK,3.909341002,2.127276122,0.014022163,0.2,Modelled
UK,8.1956708,2.937240792,0.050165203,0.2,Modelled
UK,4.723438733,2.391455478,0.019427819,0.2,Modelled
UK,4.146480059,1.14485939,0.009190305,0.2,Modelled
UK,2.367220852,1.455153953,0.006011692,0.2,Modelled
UK,6.482173942,2.642779709,0.032830037,0.2,Modelled
UK,7.394585732,1.828545995,0.028902786,0.2,Modelled
UK,6.11956446,6.608284129,0.042749465,0.2,Modelled
UK,9.93166812,4.1969595,0.087453366,0.2,Modelled
UK,8.147405602,7.1582628,0.07722905,0.2,Modelled
UK,9.875945216,3.190791627,0.070007092,0.2,Modelled
UK,5.522454008,1.301818481,0.014411289,0.2,Modelled
UK,8.03115495,2.531987378,0.043414738,0.2,Modelled
UK,9.113105294,2.605320487,0.05255838,0.2,Modelled
UK,8.043533099,2.157862036,0.037613022,0.2,Modelled
UK,6.768093157,7.261184094,0.053287089,0.2,Modelled
UK,8.153211692,2.657913771,0.046099097,0.2,Modelled
UK,7.105711558,6.403967623,0.056773207,0.2,Modelled
UK,4.737981917,2.680777518,0.020639535,0.2,Modelled
UK,7.973398523,2.711568749,0.045394989,0.2,Modelled
UK,6.071407912,2.680777518,0.030089449,0.2,Modelled
UK,9.790054241,2.439731495,0.053412259,0.2,Modelled
UK,5.884190222,2.020712615,0.023790602,0.2,Modelled
UK,5.836031364,4.546254137,0.035327768,0.3,Modelled
UK,6.264639756,6.188274726,0.043869716,0.3,Modelled
UK,8.08680379,2.719321659,0.046435529,0.3,Modelled
UK,3.815569725,2.488982055,0.014566096,0.3,Modelled
UK,6.08454264,2.642779709,0.029887359,0.3,Modelled
UK,7.07031963,3.302006969,0.042982399,0.3,Modelled
UK,8.675756903,5.996944171,0.082401275,0.3,Modelled
UK,1.815473825,1.1,0.003106199,0.3,Modelled
UK,8.334502923,4.786003612,0.069357511,0.3,Modelled
UK,6.903421582,4.786003612,0.048721083,0.3,Modelled
UK,6.957410483,3.722685794,0.044550441,0.3,Modelled
UK,8.789911794,2.391455478,0.04626419,0.3,Modelled
UK,5.025287657,1.354908284,0.013672158,0.3,Modelled
UK,9.617453054,2.524768566,0.054293817,0.3,Modelled
UK,8.633322751,2.014951471,0.037897322,0.3,Modelled
UK,6.256105668,5.334473612,0.042033654,0.3,Modelled
UK,6.2848211,1.849548552,0.02411435,0.3,Modelled
UK,2.066173051,1.1,0.001738214,0.3,Modelled
UK,8.782665222,5.380361503,0.080636888,0.3,Modelled
UK,9.90766608,3.100979002,0.06848546,0.3,Modelled
UK,7.903722937,2.612769612,0.043518557,0.3,Modelled
UK,7.657116281,2.460718408,0.039708962,0.3,Modelled
UK,9.469598447,2.903886941,0.060922496,0.3,Modelled
UK,6.484476266,3.005102194,0.035439567,0.3,Modelled
UK,5.071544023,2.226707923,0.020691586,0.3,Modelled
UK,6.569498235,4.827173487,0.04451875,0.3,Modelled
UK,6.71354355,1.562816504,0.021900828,0.3,Modelled
UK,8.785390933,5.61579032,0.082622592,0.3,Modelled
UK,9.436393626,2.561069615,0.053812977,0.3,Modelled
UK,8.277597257,2.121211161,0.038328254,0.3,Modelled
UK,8.209257882,4.624805578,0.066038668,0.3,Modelled
UK,9.039368068,3.368664177,0.064406596,0.3,Modelled
UK,7.402902257,6.048530726,0.060401053,0.3,Modelled
UK,3.787865215,1.654654121,0.011603046,0.3,Modelled
UK,8.520248837,2.304320038,0.042971567,0.3,Modelled
UK,4.046415017,1.1,0.004438744,0.3,Modelled
UK,6.432313457,1.51449697,0.020204188,0.3,Modelled
UK,4.265512618,2.474809884,0.017011857,0.3,Modelled
UK,8.792958734,3.407356428,0.062248961,0.3,Modelled
UK,9.250547165,2.446707169,0.050330741,0.3,Modelled
UK,4.899605295,2.170219184,0.019431157,0.3,Modelled
UK,8.635549948,2.680777518,0.050308073,0.3,Modelled
UK,7.715710366,1.807781933,0.029822596,0.3,Modelled
UK,6.533811703,2.766306854,0.034208155,0.3,Modelled
UK,3.406696183,3.283205464,0.013545566,0.3,Modelled
UK,6.563901875,3.952715713,0.041322919,0.3,Modelled
UK,3.866322665,1.1,0.007411767,0.3,Modelled
UK,7.347410307,7.365585187,0.063173871,0.3,Modelled
UK,8.86343276,2.970977742,0.056869048,0.3,Modelled
UK,9.431066868,2.474809884,0.051991172,0.3,Modelled
UK,9.101523648,2.642779709,0.053184343,0.3,Modelled
UK,8.653684976,6.703297845,0.085575397,0.3,Modelled
UK,6.851668815,1.549487594,0.022151395,0.3,Modelled
UK,5.770760705,2.635245023,0.027593823,0.3,Modelled
UK,8.380715004,3.486079284,0.058602229,0.3,Modelled
UK,3.117288094,1.1,0.003181062,0.3,Modelled
UK,9.993636837,2.446707169,0.054627323,0.3,Modelled
UK,6.883706088,1.849548552,0.026889999,0.3,Modelled
UK,1.231497984,1.1,0.001044411,0.3,Modelled
UK,8.838614856,6.936941923,0.091079398,0.3,Modelled
UK,8.549808519,6.170631672,0.081537076,0.3,Modelled
UK,8.640666905,2.317515887,0.043921404,0.3,Modelled
UK,3.846279714,1.1,0.003251016,0.3,Modelled
UK,4.490899305,2.220359477,0.017380458,0.3,Modelled
UK,9.826734314,3.100979002,0.067840369,0.3,Modelled
UK,3.731097462,1.1,0.007487272,0.3,Modelled
UK,9.405727064,6.031286089,0.097298146,0.3,Modelled
UK,8.189958943,3.526120157,0.056785381,0.3,Modelled
UK,6.153994065,4.090487991,0.037366917,0.3,Modelled
UK,8.000908324,5.024031723,0.065678161,0.3,Modelled
UK,9.160587552,2.657913771,0.053827974,0.3,Modelled
UK,8.348936771,7.09721159,0.081584975,0.3,Modelled
UK,3.968405521,1.164640589,0.008962231,0.3,Modelled
UK,8.333864981,2.879120344,0.050740707,0.3,Modelled
UK,1.907664124,1.222563069,0.004171436,0.3,Modelled
UK,1.786558132,1.1,0.002323358,0.3,Modelled
UK,9.562335211,2.439731495,0.051961753,0.3,Modelled
UK,5.630381891,2.782148303,0.027338321,0.3,Modelled
UK,7.60589792,2.157862036,0.035144836,0.3,Modelled
UK,7.143865434,5.778438589,0.055602611,0.3,Modelled
UK,9.745324189,2.945638943,0.064033887,0.3,Modelled
UK,8.043236204,6.331247341,0.07246203,0.3,Modelled
UK,9.794677488,2.35755857,0.051419003,0.3,Modelled
UK,6.729779705,3.733329687,0.042031145,0.3,Modelled
UK,9.667235759,2.453702788,0.052934492,0.3,Modelled
UK,9.494160611,6.570656805,0.103514176,0.3,Modelled
UK,9.676360488,7.776184053,0.115009584,0.3,Modelled
UK,9.211858537,7.622313352,0.1025883,0.3,Modelled
UK,6.573726127,3.556452338,0.039504542,0.3,Modelled
UK,6.269394602,2.043922384,0.026103161,0.3,Modelled
UK,6.206836518,1.870792342,0.023995368,0.3,Modelled
UK,5.526035552,2.377838619,0.024396231,0.3,Modelled
UK,6.015327718,2.750555605,0.03009264,0.3,Modelled
UK,7.214533176,5.536191125,0.05583873,0.3,Modelled
UK,5.822860644,2.310908543,0.025802301,0.3,Modelled
UK,9.538153411,4.924619044,0.090296111,0.3,Modelled
UK,7.82974804,6.514617154,0.069058527,0.3,Modelled
UK,8.001047387,2.226707923,0.038538532,0.3,Modelled
UK,3.176231414,1.1,0.004145353,0.3,Modelled
UK,4.05250352,1.1,0.00387917,0.3,Modelled
UK,4.900639121,1.58076691,0.015461762,0.3,Modelled
UK,9.355381079,4.840975328,0.085948783,0.3,Modelled
UK,9.238048676,3.145564788,0.063211783,0.3,Modelled
UK,5.187384222,2.503235384,0.022873727,0.3,Modelled
UK,6.275288862,4.840975328,0.041230397,0.3,Modelled
UK,6.5837725,7.30276577,0.0503305,0.3,Modelled
UK,7.789119423,1.870792342,0.031321926,0.3,Modelled
UK,7.207132703,5.395745018,0.055075989,0.3,Modelled
UK,8.692415046,4.293925181,0.070499409,0.3,Modelled
UK,6.60774696,4.330862129,0.043265628,0.3,Modelled
UK,8.016301744,5.25886185,0.067038763,0.3,Modelled
UK,5.278175134,1.659385104,0.01764524,0.3,Modelled
UK,7.061712903,2.798080469,0.038755616,0.3,Modelled
UK,6.776380241,3.255203745,0.039808873,0.3,Modelled
UK,9.980204003,4.067196904,0.086173525,0.3,Modelled
UK,7.737119887,1.86014012,0.030898832,0.3,Modelled
UK,5.772243077,1.673659367,0.019809561,0.3,Modelled
UK,8.494911204,4.293925181,0.067920978,0.3,Modelled
UK,6.845273963,1.865458628,0.026976349,0.3,Modelled
UK,9.444947625,7.709862732,0.108603142,0.3,Modelled
UK,3.015552325,1.1,0.003741784,0.3,Modelled
UK,7.748949158,3.236668736,0.049340013,0.3,Modelled
UK,3.539073467,1.1,0.006179707,0.3,Modelled
UK,7.826622789,2.597892599,0.042737029,0.3,Modelled
UK,9.127907692,4.481814736,0.079055429,0.3,Modelled
UK,8.611951519,2.696129178,0.050248725,0.3,Modelled
UK,8.799506671,4.952820218,0.078068364,0.3,Modelled
UK,9.603154862,2.43277571,0.052062607,0.3,Modelled
UK,6.03020102,2.073309841,0.025104615,0.3,Modelled
UK,6.673594892,5.844809347,0.048932395,0.3,Modelled
UK,7.102729557,3.426868892,0.044207996,0.3,Modelled
UK,5.199745239,1.612677657,0.016902454,0.3,Modelled
UK,7.735900831,2.297750316,0.037995732,0.3,Modelled
UK,9.589053134,5.081737414,0.092426388,0.3,Modelled
UK,7.578804821,2.620240036,0.041260175,0.3,Modelled
UK,5.701642542,5.647949534,0.036159828,0.3,Modelled
UK,8.496537405,5.794960285,0.078025966,0.3,Modelled
UK,8.443684832,2.265181601,0.041877746,0.3,Modelled
UK,3.454954988,1.1,0.005338445,0.3,Modelled
UK,9.336221023,2.680777518,0.055649049,0.3,Modelled
UK,9.672771309,3.669919794,0.076243352,0.3,Modelled
UK,3.94045126,1.161320145,0.008876111,0.3,Modelled
UK,5.051366871,3.209063917,0.024588479,0.3,Modelled
UK,9.359304098,3.486079284,0.06957689,0.3,Modelled
UK,8.982852021,2.68844239,0.053020903,0.3,Modelled
UK,9.870328671,3.496046673,0.075577713,0.3,Modelled
UK,8.946987381,2.377838619,0.047033374,0.3,Modelled
UK,4.353805629,2.115163491,0.016235413,0.3,Modelled
UK,9.783686524,5.273897974,0.098593669,0.3,Modelled
UK,9.96884571,2.673134499,0.059879633,0.3,Modelled
UK,9.619039343,5.081737414,0.093154823,0.3,Modelled
UK,8.92034802,2.854564975,0.055371624,0.3,Modelled
UK,7.923129118,2.425839755,0.041092439,0.3,Modelled
UK,8.806266874,3.065765822,0.057611228,0.3,Modelled
UK,7.009244285,5.426644128,0.052465692,0.3,Modelled
UK,9.375682771,3.074531451,0.063152473,0.3,Modelled
UK,6.656505586,3.407356428,0.039499904,0.3,Modelled
UK,4.796298819,3.109845313,0.02232377,0.3,Modelled
UK,9.433717037,3.022311121,0.062880512,0.3,Modelled
UK,6.907150669,2.798080469,0.037551433,0.3,Modelled
UK,8.173415567,4.137471062,0.062158696,0.3,Modelled
UK,9.355992284,6.703297845,0.101123501,0.3,Modelled
UK,4.216627104,1.717223128,0.013666917,0.3,Modelled
UK,9.633176726,3.083322143,0.065627477,0.3,Modelled
UK,7.815654608,2.453702788,0.040730816,0.3,Modelled
UK,7.938231293,5.567894509,0.067131899,0.3,Modelled
UK,7.539026635,2.742713646,0.042338958,0.3,Modelled
UK,6.733202014,7.514273349,0.052849102,0.3,Modelled
UK,9.420455033,2.364299295,0.049521792,0.3,Modelled
UK,9.833455924,2.734894044,0.060350432,0.3,Modelled
UK,5.525771593,5.828145529,0.034225325,0.3,Modelled
UK,4.470272376,1.191548203,0.010439836,0.3,Modelled
UK,5.298113266,7.535758139,0.033472006,0.3,Modelled
UK,3.973433434,1.158009168,0.008924786,0.3,Modelled
UK,9.232821092,6.014090618,0.093535155,0.3,Modelled
UK,7.255342036,2.862726739,0.040978965,0.3,Modelled
UK,8.949879676,6.153038919,0.089329892,0.3,Modelled
UK,6.452823373,3.118736975,0.035833972,0.3,Modelled
UK,8.632996068,3.776210461,0.064554884,0.3,Modelled
UK,8.942168884,3.407356428,0.063909231,0.3,Modelled
UK,5.881154766,3.154558578,0.03114916,0.3,Modelled
UK,5.49938195,3.975351215,0.030618129,0.3,Modelled
UK,9.61673267,5.567894509,0.097959713,0.3,Modelled
UK,9.946274338,2.524768566,0.056244864,0.3,Modelled
UK,8.705920245,2.391455478,0.045709697,0.3,Modelled
UK,7.816175804,4.772358497,0.061295224,0.3,Modelled
UK,5.483268248,3.255203745,0.028167347,0.3,Modelled
UK,9.482637153,2.903886941,0.061160298,0.3,Modelled
UK,6.146029308,4.533292559,0.038651796,0.3,Modelled
UK,7.330802951,2.337451484,0.035872888,0.3,Modelled
UK,9.398740137,7.199255091,0.104659473,0.3,Modelled
UK,6.673708772,5.067249149,0.046909398,0.3,Modelled
UK,8.726348743,5.895087217,0.083011692,0.3,Modelled
UK,9.209512359,5.945797585,0.093117545,0.3,Modelled
UK,7.955794119,6.741684748,0.072104315,0.3,Modelled
UK,7.130665126,2.151709873,0.032286447,0.3,Modelled
UK,7.608241395,6.083168059,0.063868975,0.3,Modelled
UK,6.919631344,6.551923563,0.054319052,0.3,Modelled
UK,4.080795791,3.24592301,0.017684859,0.3,Modelled
UK,9.51543144,2.854564975,0.060329657,0.3,Modelled
UK,9.674761931,6.223712312,0.104817713,0.3,Modelled
UK,8.678467885,3.896689229,0.066701998,0.3,Modelled
UK,8.456921378,4.281683005,0.067190951,0.3,Modelled
UK,2.108776412,1.390175257,0.005106085,0.3,Modelled
UK,9.306294834,5.520407192,0.091582752,0.3,Modelled
UK,8.736686375,4.664588805,0.074385431,0.3,Modelled
UK,8.443091759,4.494629128,0.068618638,0.3,Modelled
UK,4.030696317,1.236605346,0.009730412,0.3,Modelled
UK,2.291748333,1.1,0.003151088,0.3,Modelled
UK,9.003500931,7.535758139,0.097742933,0.3,Modelled
UK,7.59705754,3.136596639,0.046817569,0.3,Modelled
UK,8.753309635,2.097123738,0.040155481,0.3,Modelled
UK,9.746920831,2.758419987,0.060214343,0.3,Modelled
UK,8.411181707,2.16403179,0.03977806,0.3,Modelled
UK,7.052365574,2.350837063,0.03420103,0.3,Modelled
UK,4.023610566,1.1,0.003068972,0.3,Modelled
UK,7.256794951,2.252283741,0.034407273,0.3,Modelled
UK,1.621854217,1.1,0.001206241,0.3,Modelled
UK,9.192952766,2.774216271,0.056193841,0.3,Modelled
UK,8.285996463,2.170219184,0.03925864,0.3,Modelled
UK,4.956728371,3.476140313,0.024559154,0.3,Modelled
UK,9.770585589,3.273844896,0.070640577,0.3,Modelled
UK,6.441526546,1.731994922,0.023363621,0.3,Modelled
UK,7.333475155,4.758752285,0.054600874,0.3,Modelled
UK,5.96252676,2.979472354,0.030961156,0.3,Modelled
UK,7.702290361,1.839017291,0.030416214,0.3,Modelled
UK,6.460619594,3.136596639,0.036092839,0.3,Modelled
UK,8.847970485,3.302006969,0.061444031,0.3,Modelled
UK,7.818192678,2.531987378,0.041836078,0.4,Modelled
UK,8.425315163,2.304320038,0.042439858,0.4,Modelled
UK,5.48175166,1.549487594,0.017339314,0.4,Modelled
UK,8.860043661,5.009707979,0.079204767,0.4,Modelled
UK,8.69449703,2.188887714,0.041813818,0.4,Modelled
UK,9.136141195,2.854564975,0.057223815,0.4,Modelled
UK,6.047491827,1.992070681,0.024405248,0.4,Modelled
UK,7.206499513,6.760960555,0.059015882,0.4,Modelled
UK,6.694838178,1.930479364,0.027094395,0.4,Modelled
UK,7.620545069,7.754013798,0.069158073,0.4,Modelled
UK,8.326206328,7.514273349,0.082394714,0.4,Modelled
UK,3.346133133,2.68844239,0.012415934,0.4,Modelled
UK,3.520641088,1.208680248,0.008212091,0.4,Modelled
UK,8.984288797,5.273897974,0.08368617,0.4,Modelled
UK,8.927974463,4.995425073,0.080286838,0.4,Modelled
UK,9.699617436,5.583814219,0.099957253,0.4,Modelled
UK,7.794314631,2.575735759,0.042276712,0.4,Modelled
UK,8.346431553,3.787007392,0.061187758,0.4,Modelled
UK,9.490630069,7.219839182,0.106955057,0.4,Modelled
UK,1.681082859,1.1,0.002095729,0.4,Modelled
UK,8.552003798,3.320916142,0.058551971,0.4,Modelled
UK,7.328934905,4.813410995,0.054460701,0.4,Modelled
UK,6.954866067,3.496046673,0.043139801,0.4,Modelled
UK,7.366375056,2.020712615,0.031769496,0.4,Modelled
UK,9.9468952,3.3399336,0.073722956,0.4,Modelled
UK,3.57444,1.505873481,0.010109108,0.4,Modelled
UK,7.320979634,6.277249559,0.059666326,0.4,Modelled
UK,9.507728791,3.145564788,0.065694371,0.4,Modelled
UK,9.265698277,6.897443233,0.09989896,0.4,Modelled
UK,3.206508651,1.1,0.005210812,0.4,Modelled
UK,8.340057285,5.536191125,0.074024566,0.4,Modelled
UK,8.91827642,5.761963997,0.085843926,0.4,Modelled
UK,9.191655785,6.277249559,0.094754141,0.4,Modelled
UK,9.222346511,2.937240792,0.059442216,0.4,Modelled
UK,5.779411251,5.599779445,0.036760517,0.4,Modelled
UK,8.814665873,2.258723465,0.043810404,0.4,Modelled
UK,7.400074652,3.669919794,0.049165908,0.4,Modelled
UK,8.792219541,3.536202031,0.063933482,0.4,Modelled
UK,6.458438907,2.418923575,0.030857305,0.4,Modelled
UK,9.172741452,5.488974199,0.088566411,0.4,Modelled
UK,9.511612441,3.013694374,0.063371842,0.4,Modelled
UK,5.135939403,2.766306854,0.023649986,0.4,Modelled
UK,1.98095352,1.1,0.001121819,0.4,Modelled
UK,9.413633826,3.765444313,0.074330526,0.4,Modelled
UK,1.704679141,1.148132769,0.003511926,0.4,Modelled
UK,8.337336359,5.25886185,0.072133067,0.4,Modelled
UK,7.748754558,2.903886941,0.045834813,0.4,Modelled
UK,6.51147163,2.049766362,0.027540395,0.4,Modelled
UK,6.300446288,3.754708859,0.037794835,0.4,Modelled
UK,5.237391448,3.19991473,0.02596449,0.4,Modelled
UK,8.784418108,4.677925785,0.075318844,0.4,Modelled
UK,8.216049969,3.048309465,0.051749854,0.4,Modelled
UK,8.140116078,3.712072247,0.058026349,0.4,Modelled
UK,7.657362421,3.209063917,0.048025852,0.4,Modelled
UK,7.653722518,1.731994922,0.02817557,0.4,Modelled
UK,8.231023259,2.026490231,0.036219454,0.4,Modelled
UK,9.630250473,4.924619044,0.092046268,0.4,Modelled
UK,9.556615081,7.687881561,0.111438854,0.4,Modelled
UK,2.887380592,2.446707169,0.009801998,0.4,Modelled
UK,9.868195994,3.236668736,0.070902912,0.4,Modelled
UK,7.660131723,2.539226829,0.040816703,0.4,Modelled
UK,9.227703706,2.806080733,0.057114242,0.4,Modelled
UK,9.284100225,2.696129178,0.055500016,0.4,Modelled
UK,9.837638456,4.50748016,0.090434915,0.4,Modelled
UK,8.961792368,6.514617154,0.09121573,0.4,Modelled
UK,7.366853003,5.304099318,0.057308584,0.4,Modelled
UK,4.430537023,1.154707631,0.009935415,0.4,Modelled
UK,9.92833061,5.696533989,0.105485941,0.4,Modelled
UK,8.497654414,2.121211161,0.039391713,0.4,Modelled
UK,8.484631601,4.430921469,0.068969559,0.4,Modelled
UK,9.796082595,4.924619044,0.094635415,0.4,Modelled
UK,9.484253624,5.599779445,0.095875744,0.4,Modelled
UK,7.425815575,4.533292559,0.054744231,0.4,Modelled
UK,2.668623141,1.1,0.003667848,0.4,Modelled
UK,9.652751137,3.649023407,0.075538893,0.4,Modelled
UK,9.751372778,4.184993777,0.084789827,0.4,Modelled
UK,9.992355258,2.758419987,0.062125461,0.4,Modelled
UK,3.774690882,3.919003891,0.016535216,0.4,Modelled
UK,8.653337369,4.102183503,0.068166345,0.4,Modelled
UK,8.229562902,4.572288578,0.066118702,0.4,Modelled
UK,6.566403955,3.830504705,0.040807516,0.4,Modelled
UK,9.417128198,2.398293121,0.050277239,0.4,Modelled
UK,1.749123897,1.191548203,0.003724126,0.4,Modelled
UK,9.533229782,7.036681071,0.106904049,0.4,Modelled
UK,6.157834126,4.546254137,0.038979796,0.4,Modelled
UK,7.729268986,4.245165495,0.056983411,0.4,Modelled
UK,8.574771862,4.281683005,0.068898937,0.4,Modelled
UK,8.149127346,2.481885854,0.043461011,0.4,Modelled
UK,5.107084359,2.201422532,0.020763838,0.4,Modelled
UK,4.573151615,5.096267104,0.023894626,0.4,Modelled
UK,8.518838635,2.188887714,0.040871603,0.4,Modelled
UK,6.069591747,1.398136192,0.017327152,0.4,Modelled
UK,7.713406587,2.43277571,0.039712522,0.4,Modelled
UK,5.358988364,2.635245023,0.024596719,0.4,Modelled
UK,8.116473484,3.19991473,0.052661288,0.4,Modelled
UK,7.183693021,1.645232582,0.024936495,0.4,Modelled
UK,7.273920528,5.61579032,0.057083077,0.4,Modelled
UK,8.63545526,4.559252775,0.072263169,0.4,Modelled
UK,6.115093999,1.488773528,0.018782538,0.4,Modelled
UK,7.83765806,3.209063917,0.049957232,0.4,Modelled
UK,8.941572719,5.552020188,0.085087963,0.4,Modelled
UK,8.799203207,3.264511015,0.06033908,0.4,Modelled
UK,8.030669724,3.930209097,0.058535625,0.4,Modelled
UK,8.806237997,4.306202361,0.072385714,0.4,Modelled
UK,7.919609912,2.539226829,0.042657206,0.4,Modelled
UK,8.060521404,5.25886185,0.06756066,0.4,Modelled
UK,6.405244851,2.970977742,0.034634251,0.4,Modelled
UK,3.309338338,1.1,0.003180423,0.4,Modelled
UK,5.428762168,4.896578446,0.031728713,0.4,Modelled
UK,2.888174814,1.1,0.004003027,0.4,Modelled
UK,6.309768082,1.476076114,0.019184211,0.4,Modelled
UK,4.76100506,2.271658202,0.019144616,0.4,Modelled
UK,9.826788084,2.954061106,0.064987272,0.4,Modelled
UK,9.127152713,2.954061106,0.058855322,0.4,Modelled
UK,9.751193999,2.774216271,0.060632332,0.4,Modelled
UK,2.089915693,1.438629946,0.005160203,0.4,Modelled
UK,3.789041674,1.1,0.00247924,0.4,Modelled
UK,6.253380022,2.568392218,0.030566588,0.4,Modelled
UK,6.254955458,5.304099318,0.042058437,0.4,Modelled
UK,9.188645847,4.067196904,0.075340407,0.4,Modelled
UK,3.414343536,1.692882907,0.010325219,0.4,Modelled
UK,7.245154769,3.819583761,0.048371053,0.4,Modelled
UK,8.832933343,2.854564975,0.054645104,0.4,Modelled
UK,9.157726014,5.067249149,0.084806173,0.4,Modelled
UK,7.72064142,2.774216271,0.044056484,0.4,Modelled
UK,8.189200355,5.86152081,0.072826089,0.4,Modelled
UK,6.882450425,4.220993681,0.046159415,0.4,Modelled
UK,6.123348456,5.844809347,0.041620537,0.4,Modelled
UK,9.077669051,2.330787303,0.046771021,0.4,Modelled
UK,6.52164429,5.140105909,0.044908184,0.4,Modelled
UK,6.115639986,7.557304359,0.043945429,0.4,Modelled
UK,9.076921415,2.35755857,0.047339912,0.4,Modelled
UK,4.757807127,1.390175257,0.013232164,0.4,Modelled
UK,8.354609965,5.552020188,0.074272971,0.4,Modelled
UK,9.255683691,3.19991473,0.06422619,0.4,Modelled
UK,6.633106451,5.380361503,0.047104628,0.4,Modelled
UK,9.825186903,7.776184053,0.11920543,0.4,Modelled
UK,9.335784673,2.665513271,0.055393357,0.4,Modelled
UK,6.019310095,2.026490231,0.024604249,0.4,Modelled
UK,9.749128496,2.87091184,0.062610951,0.4,Modelled
UK,8.844859941,3.368664177,0.062274038,0.4,Modelled
UK,8.562325535,4.281683005,0.068776311,0.4,Modelled
UK,6.617348944,2.364299295,0.031435641,0.4,Modelled
UK,8.973323887,5.380361503,0.084215477,0.4,Modelled
UK,9.990521234,3.669919794,0.08003947,0.4,Modelled
UK,9.257177565,2.887352317,0.058854731,0.4,Modelled
UK,9.642984241,3.819583761,0.077998219,0.4,Modelled
UK,8.896750888,5.631846972,0.084407426,0.4,Modelled
UK,8.785961727,5.365021847,0.080972928,0.4,Modelled
UK,8.211807012,7.955843396,0.081178536,0.4,Modelled
UK,8.625616639,2.460718408,0.046485279,0.4,Modelled
UK,6.311489039,2.650335937,0.031630012,0.4,Modelled
UK,9.488684199,2.371059293,0.050075592,0.4,Modelled
UK,9.981142048,4.520367935,0.092816053,0.4,Modelled
UK,8.905964758,3.99811634,0.070527807,0.4,Modelled
UK,7.803422363,4.269475731,0.058008611,0.4,Modelled
UK,7.093739155,2.553767889,0.036758254,0.4,Modelled
UK,6.734521791,3.690935845,0.041948879,0.4,Modelled
UK,7.222087563,4.677925785,0.052715127,0.4,Modelled
UK,8.753887519,2.774216271,0.052671817,0.4,Modelled
UK,9.429153807,3.744004013,0.074382671,0.4,Modelled
UK,1.315615525,1.1,0.001213127,0.4,Modelled
UK,8.153844347,3.311448059,0.054068306,0.4,Modelled
UK,9.029625415,2.750555605,0.05454704,0.4,Modelled
UK,9.687185245,2.627731819,0.056974875,0.4,Modelled
UK,9.798945625,4.704714253,0.092340187,0.4,Modelled
UK,9.070883639,5.304099318,0.085705665,0.4,Modelled
UK,9.299473524,2.405150314,0.049700906,0.4,Modelled
UK,5.246370979,1.558360843,0.016570017,0.4,Modelled
UK,6.883900644,2.553767889,0.035167515,0.4,Modelled
UK,9.314500067,2.496098546,0.051725946,0.4,Modelled
UK,8.292734367,4.125674943,0.063587301,0.4,Modelled
UK,9.126600822,2.265181601,0.045716714,0.4,Modelled
UK,2.000607357,1.1,0.00389503,0.4,Modelled
UK,3.76441175,1.229564161,0.008997861,0.4,Modelled
UK,2.884866459,1.135095143,0.00619159,0.4,Modelled
UK,6.764982573,3.022311121,0.038030017,0.4,Modelled
UK,8.985562061,2.814103872,0.055295943,0.4,Modelled
UK,3.163043487,1.621912768,0.009141312,0.4,Modelled
UK,9.812804972,7.386644848,0.116082591,0.4,Modelled
UK,4.8091784,2.009206752,0.018048597,0.4,Modelled
UK,8.587724528,3.349483129,0.059170821,0.4,Modelled
UK,7.363631907,3.649023407,0.048458903,0.4,Modelled
UK,7.481074972,2.481885854,0.03876546,0.4,Modelled
UK,9.217225465,5.696533989,0.091030854,0.4,Modelled
UK,6.782434486,2.115163491,0.029807615,0.4,Modelled
UK,8.403385771,2.987991253,0.052758965,0.4,Modelled
UK,6.631958011,6.048530726,0.048735222,0.4,Modelled
UK,2.993341438,1.283366278,0.007220398,0.4,Modelled
UK,5.806333552,3.930209097,0.033397684,0.4,Modelled
UK,9.774758414,5.583814219,0.101062013,0.4,Modelled
UK,4.619115895,4.184993777,0.02314743,0.4,Modelled
UK,5.916916522,2.962507349,0.030520172,0.4,Modelled
UK,9.597453088,4.677925785,0.088573567,0.4,Modelled
UK,3.66966247,1.181385757,0.008383874,0.4,Modelled
UK,7.989878916,6.223712312,0.071125825,0.4,Modelled
UK,5.03273994,1.398136192,0.014185098,0.4,Modelled
UK,6.512984906,2.488982055,0.031885657,0.4,Modelled
UK,9.192926787,6.313196666,0.095366672,0.4,Modelled
UK,8.281145705,6.760960555,0.07885217,0.4,Modelled
UK,8.266566693,3.3976419,0.056460841,0.4,Modelled
UK,6.830890416,4.882618078,0.048140239,0.4,Modelled
UK,7.089028259,7.076977116,0.058030064,0.4,Modelled
UK,7.136379873,3.863455244,0.0473504,0.4,Modelled
UK,8.586769472,6.608284129,0.08424725,0.4,Modelled
UK,7.456835836,3.919003891,0.051529236,0.4,Modelled
UK,6.69939801,2.68844239,0.03489414,0.4,Modelled
UK,7.170305512,5.228918086,0.054044747,0.4,Modelled
UK,9.155558993,2.734894044,0.055255741,0.4,Modelled
UK,9.407130991,2.597892599,0.054426246,0.4,Modelled
UK,9.658733753,3.99811634,0.080940957,0.4,Modelled
UK,6.677900209,1.567284905,0.021802487,0.4,Modelled
UK,7.674289521,3.733329687,0.052655058,0.4,Modelled
UK,8.774299895,3.659456685,0.065049139,0.4,Modelled
UK,9.056943676,4.65128985,0.079478605,0.4,Modelled
UK,8.317526474,2.026490231,0.036721225,0.4,Modelled
UK,8.740431409,2.239459321,0.043031506,0.4,Modelled
UK,3.353343099,1.1,0.001823962,0.4,Modelled
UK,4.189668407,3.649023407,0.019063528,0.4,Modelled
UK,9.267069964,2.568392218,0.052896048,0.4,Modelled
UK,8.724672516,6.684186437,0.087453918,0.4,Modelled
UK,5.120333836,2.278153321,0.021276995,0.4,Modelled
UK,3.38759875,2.531987378,0.01237084,0.4,Modelled
UK,7.800782021,5.696533989,0.065715373,0.4,Modelled
UK,9.894581549,2.539226829,0.056284949,0.4,Modelled
UK,9.764188894,7.578912183,0.116023221,0.4,Modelled
UK,9.576727999,4.840975328,0.09002245,0.4,Modelled
UK,3.980401641,1.1,0.003856535,0.4,Modelled
UK,3.815379489,1.1,0.002311065,0.4,Modelled
UK,7.684317048,5.696533989,0.063775622,0.4,Modelled
UK,8.237812532,4.611620047,0.066348016,0.4,Modelled
UK,4.566488187,3.190791627,0.020918015,0.4,Modelled
UK,7.959166547,3.218239264,0.051039821,0.4,Modelled
UK,7.425948647,3.99811634,0.051642684,0.4,Modelled
UK,8.777904381,3.628246004,0.064749696,0.4,Modelled
UK,9.736601368,4.520367935,0.088679913,0.4,Modelled
UK,8.606933979,5.169541084,0.076197467,0.4,Modelled
UK,8.766996052,7.30276577,0.091296817,0.4,Modelled
UK,6.015273902,4.380606121,0.036852068,0.4,Modelled
UK,4.489704201,1.553917885,0.013688603,0.4,Modelled
UK,5.474922223,5.304099318,0.033014837,0.4,Modelled
UK,8.632527395,4.664588805,0.073094993,0.4,Modelled
UK,7.770271567,4.380606121,0.058431564,0.4,Modelled
UK,8.513473855,5.86152081,0.078952962,0.4,Modelled
UK,8.921917157,7.887989801,0.097263372,0.4,Modelled
UK,8.974776837,3.466229679,0.064941551,0.4,Modelled
UK,8.622078402,6.205968224,0.082742046,0.4,Modelled
UK,6.473815346,4.624805578,0.042769735,0.4,Modelled
UK,7.693479768,3.57681861,0.051707132,0.4,Modelled
UK,8.718687785,7.471487356,0.090495106,0.4,Modelled
UK,9.052942755,3.808693954,0.070446879,0.4,Modelled
UK,6.648318114,6.459055452,0.049977519,0.4,Modelled
UK,8.871996266,6.703297845,0.090882692,0.4,Modelled
UK,8.060824759,5.05280219,0.066607894,0.4,Modelled
UK,5.495507981,3.566620937,0.029399403,0.4,Modelled
UK,4.934194117,1.969449713,0.018438811,0.4,Modelled
UK,8.069481134,4.995425073,0.066291064,0.4,Modelled
UK,4.71327547,3.136596639,0.021809317,0.4,Modelled
UK,9.657500442,5.567894509,0.09877066,0.4,Modelled
UK,8.833554893,2.642779709,0.051126511,0.4,Modelled
UK,9.298998264,4.456295449,0.081358144,0.4,Modelled
UK,9.080767956,2.635245023,0.05290315,0.4,Modelled
UK,7.572139136,2.719321659,0.042132069,0.4,Modelled
UK,8.474547056,7.535758139,0.085322977,0.4,Modelled
UK,7.783430939,5.442159974,0.064412145,0.4,Modelled
UK,7.310481743,2.014951471,0.031423312,0.4,Modelled
UK,9.452668118,2.561069615,0.05403654,0.4,Modelled
UK,8.37987248,4.055601141,0.064192486,0.4,Modelled
UK,8.727360563,4.149300908,0.069760136,0.4,Modelled
UK,8.620134954,3.378295853,0.059995638,0.4,Modelled
UK,6.745018474,1.787253657,0.025375787,0.4,Modelled
UK,9.451759266,6.741684748,0.103582046,0.4,Modelled
UK,7.21247345,1.7518885,0.026810252,0.4,Modelled
UK,7.104120979,3.486079284,0.044594797,0.4,Modelled
UK,9.915068549,4.102183503,0.085741787,0.4,Modelled
UK,3.756949363,1.1,0.005169257,0.4,Modelled
UK,3.16703029,1.1,0.001312999,0.4,Modelled
UK,9.774364218,3.109845313,0.067661644,0.4,Modelled
UK,6.346462673,7.535758139,0.047100154,0.4,Modelled
UK,8.423894763,3.54631273,0.059599659,0.4,Modelled
UK,9.993988055,4.1969595,0.088362525,0.4,Modelled
UK,9.10709704,6.58944361,0.094830662,0.4,Modelled
UK,5.540004814,2.814103872,0.026820208,0.4,Modelled
UK,5.17454895,2.020712615,0.019990019,0.4,Modelled
UK,6.828357218,2.079237843,0.02964117,0.4,Modelled
UK,9.066051032,3.426868892,0.065486322,0.4,Modelled
UK,9.716343197,2.474809884,0.053779532,0.4,Modelled
UK,9.330000987,3.163578084,0.064277392,0.4,Modelled
UK,4.770112213,5.962797794,0.026497942,0.4,Modelled
UK,8.096335172,6.385709619,0.073659355,0.4,Modelled
UK,6.435514935,5.009707979,0.043453988,0.4,Modelled
UK,3.568217148,2.496098546,0.01322876,0.4,Modelled
UK,8.817967712,3.19991473,0.059663844,0.4,Modelled
UK,7.928807442,2.82214995,0.046418094,0.4,Modelled
UK,9.014406172,3.765444313,0.069423712,0.4,Modelled
UK,2.909007755,1.594364888,0.008151177,0.4,Modelled
UK,5.434211884,1.394150042,0.015367653,0.4,Modelled
UK,9.378486422,3.005102194,0.061889312,0.4,Modelled
UK,9.420522823,7.137854266,0.105440261,0.4,Modelled
UK,5.963999156,4.245165495,0.035996286,0.5,Modelled
UK,8.059807363,3.566620937,0.055773736,0.5,Modelled
UK,6.646270268,4.137471062,0.043030775,0.5,Modelled
UK,7.709670176,1.782158115,0.029337587,0.5,Modelled
UK,9.893258708,4.078825823,0.085103987,0.5,Modelled
UK,8.000681977,3.446493096,0.053936376,0.5,Modelled
UK,7.948149172,2.425839755,0.041257211,0.5,Modelled
UK,9.348808995,7.281945252,0.104078882,0.5,Modelled
UK,8.26048224,3.349483129,0.05573666,0.5,Modelled
UK,8.940587206,2.612769612,0.051427267,0.5,Modelled
UK,9.970932829,2.561069615,0.057315026,0.5,Modelled
UK,9.220844471,6.799677666,0.098237456,0.5,Modelled
UK,9.376222372,2.310908543,0.048052036,0.5,Modelled
UK,7.243926821,4.456295449,0.051675382,0.5,Modelled
UK,7.145287962,3.476140313,0.045036939,0.5,Modelled
UK,9.059339608,3.127654059,0.061112538,0.5,Modelled
UK,9.235673783,2.766306854,0.056545454,0.5,Modelled
UK,7.953657246,6.277249559,0.070650293,0.5,Modelled
UK,9.916836898,2.68844239,0.059920418,0.5,Modelled
UK,6.033394636,3.566620937,0.034217889,0.5,Modelled
UK,6.634349149,2.987991253,0.036648562,0.5,Modelled
UK,7.074523628,3.190791627,0.042243187,0.5,Modelled
UK,8.544523611,3.54631273,0.0611198,0.5,Modelled
UK,6.42435873,1.594364888,0.021352441,0.5,Modelled
UK,8.224869542,2.115163491,0.037906096,0.5,Modelled
UK,4.359980556,2.467754088,0.017604671,0.5,Modelled
UK,9.745856651,4.380606121,0.087314847,0.5,Modelled
UK,7.765250157,3.24592301,0.049598257,0.5,Modelled
UK,9.478826429,3.190791627,0.066278966,0.5,Modelled
UK,9.838768985,4.368116813,0.088509623,0.5,Modelled
UK,9.841035443,6.349349626,0.109447315,0.5,Modelled
UK,9.801988852,4.772358497,0.093219328,0.5,Modelled
UK,8.613843881,6.083168059,0.082325196,0.5,Modelled
UK,7.121272818,5.895087217,0.055602079,0.5,Modelled
UK,7.835829769,7.731906751,0.073155863,0.5,Modelled
UK,5.87355141,5.928845845,0.0385793,0.5,Modelled
UK,9.488162559,2.418923575,0.051064446,0.5,Modelled
UK,3.795691231,1.1,0.003616159,0.5,Modelled
UK,8.280524327,3.556452338,0.05823641,0.5,Modelled
UK,3.598721695,1.1,0.006959497,0.5,Modelled
UK,9.34335875,3.516067028,0.069934445,0.5,Modelled
UK,7.355055279,4.559252775,0.053885407,0.5,Modelled
UK,7.452899714,2.84642648,0.042496814,0.5,Modelled
UK,8.746465456,3.628246004,0.064250248,0.5,Modelled
UK,7.394624514,3.048309465,0.043934634,0.5,Modelled
UK,6.010746693,1.941534388,0.023755131,0.5,Modelled
UK,9.011855456,2.330787303,0.046452237,0.5,Modelled
UK,7.494820554,4.318514643,0.054319793,0.5,Modelled
UK,2.509409286,1.1,0.004000364,0.5,Modelled
UK,6.66626802,2.233074521,0.030420629,0.5,Modelled
UK,6.839966863,4.405691967,0.046504467,0.5,Modelled
UK,5.482046059,4.494629128,0.031662938,0.5,Modelled
UK,9.868855743,7.1582628,0.11631264,0.5,Modelled
UK,8.980161044,3.712072247,0.068170682,0.5,Modelled
UK,2.89736291,1.1,0.005748307,0.5,Modelled
UK,3.89140855,1.154707631,0.008682659,0.5,Modelled
UK,8.937592275,4.799687741,0.07909474,0.5,Modelled
UK,9.984080547,6.780291475,0.115891254,0.5,Modelled
UK,9.236958349,6.570656805,0.097929097,0.5,Modelled
UK,8.047598991,7.450185804,0.076652081,0.5,Modelled
UK,7.714711951,2.377838619,0.039011928,0.5,Modelled
UK,9.164698097,3.048309465,0.060679466,0.5,Modelled
UK,5.131979589,1.741913312,0.017735719,0.5,Modelled
UK,3.423955968,1.1,0.006976996,0.5,Modelled
UK,7.384389568,4.91057873,0.055753423,0.5,Modelled
UK,5.950841464,6.819119287,0.040699482,0.5,Modelled
UK,9.923039512,3.446493096,0.075235799,0.5,Modelled
UK,8.996416684,4.067196904,0.072625756,0.5,Modelled
UK,6.541762663,7.887989801,0.050768596,0.5,Modelled
UK,8.735690872,2.097123738,0.040108077,0.5,Modelled
UK,8.546911669,2.350837063,0.044065357,0.5,Modelled
UK,9.063204379,3.919003891,0.071608008,0.5,Modelled
UK,6.832885662,3.496046673,0.041731754,0.5,Modelled
UK,1.495434554,1.198371687,0.003143376,0.5,Modelled
UK,8.238869126,2.99653451,0.051299216,0.5,Modelled
UK,3.082990676,1.870792342,0.00956813,0.5,Modelled
UK,9.043984922,4.546254137,0.07842859,0.5,Modelled
UK,7.423543679,2.170219184,0.034246046,0.5,Modelled
UK,7.968052516,3.24592301,0.051578252,0.5,Modelled
UK,7.926543798,3.426868892,0.052831318,0.5,Modelled
UK,9.365691604,3.896689229,0.07545784,0.5,Modelled
UK,6.143219068,4.704714253,0.039218196,0.5,Modelled
UK,9.440595008,2.324142122,0.048757432,0.5,Modelled
UK,9.08948962,4.731656127,0.080563321,0.5,Modelled
UK,6.651881027,3.330411297,0.039112218,0.5,Modelled
UK,2.177223913,1.112634526,0.004470579,0.5,Modelled
UK,9.538372306,5.945797585,0.099340211,0.5,Modelled
UK,9.350738143,4.233062335,0.079584977,0.5,Modelled
UK,5.610351858,2.115163491,0.02305415,0.5,Modelled
UK,9.576475015,3.628246004,0.074420884,0.5,Modelled
UK,9.61780134,3.57681861,0.074159346,0.5,Modelled
UK,8.705290082,4.772358497,0.075241471,0.5,Modelled
UK,5.953474505,2.139458117,0.025233323,0.5,Modelled
UK,7.225853465,6.838616494,0.059670342,0.5,Modelled
UK,8.136254216,2.439731495,0.04278716,0.5,Modelled
UK,8.768830109,2.561069615,0.049306442,0.5,Modelled
UK,9.19870067,2.830219033,0.057208935,0.5,Modelled
UK,9.328230928,2.937240792,0.060266904,0.5,Modelled
UK,9.379590887,4.090487991,0.078111236,0.5,Modelled
UK,5.464751594,1.343352576,0.014825732,0.5,Modelled
UK,7.66316073,1.919487286,0.031614693,0.5,Modelled
UK,9.718361951,4.585361654,0.089525659,0.5,Modelled
UK,5.972630288,1.438629946,0.017625578,0.5,Modelled
UK,5.909680644,6.048530726,0.039055605,0.5,Modelled
UK,4.20042269,2.115163491,0.015434822,0.5,Modelled
UK,7.699713342,7.933160924,0.07063787,0.5,Modelled
UK,7.367723203,2.026490231,0.031880456,0.5,Modelled
UK,9.009833337,2.115163491,0.041889843,0.5,Modelled
UK,9.325661981,3.722685794,0.072724134,0.5,Modelled
UK,9.573688367,3.58704544,0.073799951,0.5,Modelled
UK,7.406651379,2.239459321,0.035116829,0.5,Modelled
UK,9.319599111,4.405691967,0.081046502,0.5,Modelled
UK,9.344631776,3.712072247,0.072856062,0.5,Modelled
UK,7.507628843,7.776184053,0.066923338,0.5,Modelled
UK,3.097783658,1.1,0.002032003,0.5,Modelled
UK,8.878906153,5.009707979,0.07986244,0.5,Modelled
UK,3.37516687,1.1,0.005089737,0.5,Modelled
UK,9.288295507,3.516067028,0.069323437,0.5,Modelled
UK,8.355435783,2.774216271,0.049440193,0.5,Modelled
UK,8.776284925,2.54648698,0.049036583,0.5,Modelled
UK,9.276270024,6.205968224,0.096114257,0.5,Modelled
UK,6.807374035,3.320916142,0.040574455,0.5,Modelled
UK,6.347361648,4.772358497,0.041831558,0.5,Modelled
UK,8.932368108,3.930209097,0.070108055,0.5,Modelled
UK,8.624558158,4.799687741,0.073779293,0.5,Modelled
UK,9.727991519,2.467754088,0.053711774,0.5,Modelled
UK,2.134627981,1.1,0.002292899,0.5,Modelled
UK,9.373386921,6.665129517,0.101347176,0.5,Modelled
UK,6.300678371,2.488982055,0.030347074,0.5,Modelled
UK,3.213688729,1.1,0.003897308,0.5,Modelled
UK,3.612648887,1.1,0.003005916,0.5,Modelled
UK,8.209438754,3.264511015,0.054177966,0.5,Modelled
UK,6.773983291,5.680292911,0.049744289,0.5,Modelled
UK,9.007379485,2.188887714,0.043446464,0.5,Modelled
UK,7.564830064,7.1582628,0.06646694,0.5,Modelled
UK,2.654080336,1.471867754,0.006941204,0.5,Modelled
UK,6.74900213,4.896578446,0.046984033,0.5,Modelled
UK,8.077212028,2.35755857,0.041061153,0.5,Modelled
UK,8.51565868,3.3976419,0.058923444,0.5,Modelled
UK,8.30489423,6.897443233,0.079886686,0.5,Modelled
UK,9.948428432,2.568392218,0.057302759,0.5,Modelled
UK,7.656191589,1.980727904,0.032589781,0.5,Modelled
UK,5.971003729,2.719321659,0.029553748,0.5,Modelled
UK,9.276561834,3.863455244,0.073920477,0.5,Modelled
UK,8.537616131,4.691300898,0.071790078,0.5,Modelled
UK,5.039815628,1.540664869,0.015617209,0.5,Modelled
UK,8.765474379,4.952820218,0.077419988,0.5,Modelled
UK,9.58848822,4.380606121,0.084831586,0.5,Modelled
UK,9.408839176,3.181694534,0.065314369,0.5,Modelled
UK,6.668327628,4.41828871,0.044474539,0.5,Modelled
UK,9.288031342,4.41828871,0.080666689,0.5,Modelled
UK,9.430638739,5.488974199,0.093513828,0.5,Modelled
UK,8.208785762,3.4563473,0.056371487,0.5,Modelled
UK,9.060737888,4.1969595,0.075083366,0.5,Modelled
UK,9.11918484,5.647949534,0.089111557,0.5,Modelled
UK,8.43933832,1.963834722,0.036026546,0.5,Modelled
UK,7.811076677,3.283205464,0.050390835,0.5,Modelled
UK,6.084234389,4.677925785,0.038545145,0.5,Modelled
UK,9.776411816,3.227440845,0.069803304,0.5,Modelled
UK,7.087448677,2.568392218,0.03680986,0.5,Modelled
UK,9.10627355,6.014090618,0.091017507,0.5,Modelled
UK,9.938960314,7.323645819,0.119227085,0.5,Modelled
UK,6.813098679,3.952715713,0.044088163,0.5,Modelled
UK,6.838155038,3.659456685,0.042763054,0.5,Modelled
UK,9.761142878,2.496098546,0.054491944,0.5,Modelled
UK,7.149191505,1.892280138,0.028787935,0.5,Modelled
UK,7.469214776,1.947085618,0.031188912,0.5,Modelled
UK,9.03320203,5.365021847,0.085430772,0.5,Modelled
UK,3.762629926,1.818134322,0.012233209,0.5,Modelled
UK,6.363856538,7.600581788,0.047458689,0.5,Modelled
UK,9.823736577,5.319264784,0.099633459,0.5,Modelled
UK,9.6589988,4.355663112,0.08565029,0.5,Modelled
UK,7.435156406,4.868697511,0.056463939,0.5,Modelled
UK,9.081121774,2.271658202,0.045625698,0.5,Modelled
UK,5.203315026,1.692882907,0.017636904,0.5,Modelled
UK,7.494391608,3.209063917,0.046488252,0.5,Modelled
UK,9.196727386,6.741684748,0.097394346,0.5,Modelled
UK,9.56795612,7.30276577,0.109346374,0.5,Modelled
UK,9.127582142,3.100979002,0.061347865,0.5,Modelled
UK,8.089211493,3.649023407,0.056675868,0.5,Modelled
UK,9.300793191,4.546254137,0.082317874,0.5,Modelled
UK,8.883992049,5.583814219,0.084222641,0.5,Modelled
UK,6.607224409,1.908557797,0.026405614,0.5,Modelled
UK,8.937483771,2.188887714,0.043085312,0.5,Modelled
UK,6.855002419,2.364299295,0.033062175,0.5,Modelled
UK,8.464274621,6.722463897,0.082319288,0.5,Modelled
UK,9.144163384,3.896689229,0.072695839,0.5,Modelled
UK,8.261539859,2.657913771,0.046940895,0.5,Modelled
UK,8.86644589,3.597301511,0.065576251,0.5,Modelled
UK,9.85895196,5.828145529,0.105504375,0.5,Modelled
UK,6.678436274,3.486079284,0.040144353,0.5,Modelled
UK,9.306714297,7.240482127,0.103278434,0.5,Modelled
UK,9.358211228,5.110838337,0.088729375,0.5,Modelled
UK,3.668462609,1.446868361,0.010123177,0.5,Modelled
UK,8.577636799,5.024031723,0.074903977,0.5,Modelled
UK,9.375539583,7.687881561,0.107140005,0.5,Modelled
UK,7.96505826,1.870792342,0.032116561,0.5,Modelled
UK,9.342520554,3.264511015,0.065880064,0.5,Modelled
UK,7.883881045,3.218239264,0.050501975,0.5,Modelled
UK,3.526738254,1.717223128,0.010858772,0.5,Modelled
UK,9.92520655,3.94144634,0.083726196,0.5,Modelled
UK,8.377135257,4.966981308,0.071348123,0.5,Modelled
UK,6.697910302,2.524768566,0.033490233,0.5,Modelled
UK,6.09092587,2.233074521,0.026872003,0.5,Modelled
UK,9.715548716,3.733329687,0.077613442,0.5,Modelled
UK,3.68079952,1.402133739,0.009905561,0.5,Modelled
UK,4.971192407,2.954061106,0.023149335,0.5,Modelled
UK,6.278614271,1.975080759,0.025468616,0.5,Modelled
UK,2.584458114,1.1,0.001026527,0.5,Modelled
UK,5.817779837,4.009547744,0.033765821,0.5,Modelled
UK,8.233697063,6.477523166,0.076649173,0.5,Modelled
UK,8.266750252,7.365585187,0.080746701,0.5,Modelled
UK,5.209287773,4.469036877,0.028877909,0.5,Modelled
UK,7.502157171,1.881505565,0.030190903,0.5,Modelled
UK,6.030345415,6.760960555,0.041734443,0.5,Modelled
UK,8.471911763,5.243868595,0.074308041,0.5,Modelled
UK,9.721634458,5.349725925,0.097698314,0.5,Modelled
UK,6.971784377,2.252283741,0.032602121,0.5,Modelled
UK,9.948967924,2.510392628,0.056027719,0.6,Modelled
UK,5.976572476,1.870792342,0.022866638,0.6,Modelled
UK,7.42241341,4.63802881,0.054968458,0.6,Modelled
UK,3.326635298,1.523169843,0.009336629,0.6,Modelled
UK,9.517659844,3.057025183,0.06413277,0.6,Modelled
UK,9.293716331,4.758752285,0.084087807,0.6,Modelled
UK,8.506575361,4.677925785,0.070923518,0.6,Modelled
UK,9.733282507,6.135496325,0.105069672,0.6,Modelled
UK,7.945276543,3.109845313,0.050030295,0.6,Modelled
UK,8.437842623,2.278153321,0.041988182,0.6,Modelled
UK,6.125606737,2.330787303,0.027943001,0.6,Modelled
UK,1.877237818,1.1,0.001842638,0.6,Modelled
UK,4.841754417,2.384637329,0.020162242,0.6,Modelled
UK,9.908028173,6.36750367,0.110931847,0.6,Modelled
UK,8.269994753,2.460718408,0.044007228,0.6,Modelled
UK,9.810335413,6.799677666,0.111980592,0.6,Modelled
UK,9.670830174,3.273844896,0.069663761,0.6,Modelled
UK,5.6048862,3.907830632,0.031393519,0.6,Modelled
UK,9.75757735,7.91054312,0.118198526,0.6,Modelled
UK,6.412489769,4.355663112,0.041323671,0.6,Modelled
UK,5.482212533,1.305540637,0.014371409,0.6,Modelled
UK,7.278948278,1.903116412,0.029547985,0.6,Modelled
UK,9.587287968,7.91054312,0.113754039,0.6,Modelled
UK,8.250519728,1.997766404,0.035811896,0.6,Modelled
UK,8.130960891,2.612769612,0.045295387,0.6,Modelled
UK,7.983506895,1.892280138,0.032617013,0.6,Modelled
UK,9.68374013,4.704714253,0.090064387,0.6,Modelled
UK,8.315665586,5.442159974,0.073185817,0.6,Modelled
UK,4.876769642,2.418923575,0.020489147,0.6,Modelled
UK,9.536004899,4.032508699,0.079777688,0.6,Modelled
UK,6.337402951,6.877778308,0.046075228,0.6,Modelled
UK,7.962764913,3.013694374,0.048912273,0.6,Modelled
UK,7.882976889,2.82214995,0.04600962,0.6,Modelled
UK,7.536312042,5.288977089,0.059656142,0.6,Modelled
UK,8.460540313,3.975351215,0.064595332,0.6,Modelled
UK,9.930180506,5.349725925,0.102185745,0.6,Modelled
UK,4.200425358,1.320535989,0.010897731,0.6,Modelled
UK,8.289292363,3.952715713,0.062039899,0.6,Modelled
UK,8.077267099,2.912189727,0.0487997,0.6,Modelled
UK,5.164387523,1.782158115,0.018212201,0.6,Modelled
UK,6.303858316,7.798417698,0.046880933,0.6,Modelled
UK,6.593586368,2.481885854,0.032384044,0.6,Modelled
UK,9.458625446,6.313196666,0.100804745,0.6,Modelled
UK,4.459933213,1.406142716,0.012425472,0.6,Modelled
UK,3.589101785,1.1,0.003688117,0.6,Modelled
UK,9.990568264,5.488974199,0.104777921,0.6,Modelled
UK,9.48937827,4.611620047,0.085901843,0.6,Modelled
UK,6.807168133,2.35755857,0.03263126,0.6,Modelled
UK,4.501124155,3.58704544,0.021211926,0.6,Modelled
UK,6.199399508,2.814103872,0.031855454,0.6,Modelled
UK,9.948557037,6.477523166,0.112990474,0.6,Modelled
UK,8.54390124,5.319264784,0.076158461,0.6,Modelled
UK,9.196758075,7.281945252,0.10041643,0.6,Modelled
UK,6.580879448,2.912189727,0.035630191,0.6,Modelled
UK,9.967006524,3.701488959,0.080202224,0.6,Modelled
UK,9.753064821,2.782148303,0.06083715,0.6,Modelled
UK,6.649385238,3.426868892,0.039515053,0.6,Modelled
UK,7.753866104,2.54648698,0.041525669,0.6,Modelled
UK,8.81239021,7.978590723,0.094999834,0.6,Modelled
UK,8.228141985,2.750555605,0.048013561,0.6,Modelled
UK,2.685450624,1.430438441,0.006916401,0.6,Modelled
UK,5.367048132,2.278153321,0.022699904,0.6,Modelled
UK,8.874085743,3.776210461,0.06777278,0.6,Modelled
UK,9.58233958,4.102183503,0.081235939,0.6,Modelled
UK,9.682299332,7.820714913,0.115539202,0.6,Modelled
UK,4.525004533,2.127276122,0.017165114,0.6,Modelled
UK,7.494181944,5.552020188,0.060179305,0.6,Modelled
UK,9.428271442,4.758752285,0.086396963,0.6,Modelled
UK,7.566550424,1.969449713,0.031996254,0.6,Modelled
UK,7.065454046,3.907830632,0.046753607,0.6,Modelled
UK,9.722042225,5.504668259,0.099299523,0.6,Modelled
UK,6.314132948,5.552020188,0.043478426,0.6,Modelled
UK,7.0546588,2.032284366,0.03030039,0.6,Modelled
UK,6.949989039,3.819583761,0.045032243,0.6,Modelled
UK,9.1418901,3.556452338,0.068051994,0.6,Modelled
UK,8.581376722,6.42227783,0.083113079,0.6,Modelled
UK,7.628117828,3.24592301,0.048050833,0.6,Modelled
UK,5.296187219,2.233074521,0.022082417,0.6,Modelled
UK,7.924798945,2.970977742,0.048243156,0.6,Modelled
UK,7.519137851,3.516067028,0.049301187,0.6,Modelled
UK,5.297800022,4.494629128,0.02976654,0.6,Modelled
UK,8.026621411,2.620240036,0.044641744,0.6,Modelled
UK,8.981338039,3.446493096,0.064845653,0.6,Modelled
UK,7.996797463,2.061504492,0.035782251,0.6,Modelled
UK,8.754227171,4.330862129,0.071947572,0.6,Modelled
UK,9.59791013,3.378295853,0.070562262,0.6,Modelled
UK,9.675774474,4.952820218,0.092671263,0.6,Modelled
UK,2.374913467,1.1,0.003018524,0.6,Modelled
UK,1.931081769,1.1,0.003211927,0.6,Modelled
UK,8.400550781,2.742713646,0.049343353,0.6,Modelled
UK,5.822494674,2.467754088,0.026833899,0.6,Modelled
UK,6.745772263,5.745536374,0.049693054,0.6,Modelled
UK,5.679714999,3.58704544,0.030963371,0.6,Modelled
UK,8.820999891,5.009707979,0.078591475,0.6,Modelled
UK,9.638848037,3.292592797,0.069514344,0.6,Modelled
UK,3.421605081,3.109845313,0.013390551,0.6,Modelled
UK,7.417474584,3.4563473,0.047769438,0.6,Modelled
UK,9.311154002,2.384637329,0.049293585,0.6,Modelled
UK,9.326863436,6.36750367,0.098086561,0.6,Modelled
UK,9.939920582,3.417098733,0.074992478,0.6,Modelled
UK,8.428964366,5.304099318,0.074087049,0.6,Modelled
UK,8.247141651,5.304099318,0.071029785,0.6,Modelled
UK,7.943917117,5.567894509,0.067649173,0.6,Modelled
UK,7.658780458,5.473324883,0.062425269,0.6,Modelled
UK,9.180795829,5.319264784,0.087575996,0.6,Modelled
UK,8.746476478,4.021011832,0.068638904,0.6,Modelled
UK,7.906269253,3.486079284,0.053194983,0.6,Modelled
UK,8.433437741,7.622313352,0.084917649,0.6,Modelled
UK,9.723044184,3.516067028,0.074248833,0.6,Modelled
UK,9.865184366,3.005102194,0.066256094,0.6,Modelled
UK,3.893480854,1.1,0.006747853,0.6,Modelled
UK,7.552920558,2.214029131,0.035642227,0.6,Modelled
UK,4.720432884,1.290715564,0.012114244,0.6,Modelled
UK,7.021823729,3.852440357,0.045917354,0.6,Modelled
UK,9.829870502,5.552020188,0.102162039,0.6,Modelled
UK,1.712875787,1.1,0.001448882,0.6,Modelled
UK,8.990953138,5.696533989,0.086912425,0.6,Modelled
UK,9.098020868,3.09213797,0.060973669,0.6,Modelled
UK,6.861180771,6.42227783,0.052973936,0.6,Modelled
UK,9.464903728,6.514617154,0.102553548,0.6,Modelled
UK,9.584286942,2.324142122,0.049518369,0.6,Modelled
UK,9.413782042,2.766306854,0.057832661,0.6,Modelled
UK,4.769483897,2.425839755,0.019838842,0.6,Modelled
UK,9.871838676,4.758752285,0.094099358,0.7,Modelled
UK,4.961496743,2.575735759,0.021708399,0.7,Modelled
UK,8.292103011,3.378295853,0.056449416,0.7,Modelled
UK,9.82213328,6.703297845,0.112113819,0.7,Modelled
UK,7.12505126,5.304099318,0.053728258,0.7,Modelled
UK,8.118561368,7.865500782,0.078991392,0.7,Modelled
UK,6.645248881,2.605320487,0.033734349,0.7,Modelled
UK,6.249210275,1.612677657,0.020945263,0.7,Modelled
UK,9.247009619,4.137471062,0.077017988,0.7,Modelled
UK,5.252511849,2.854564975,0.024805964,0.7,Modelled
UK,3.209616955,2.06739874,0.01058105,0.7,Modelled
UK,9.989834623,5.928845845,0.1087641,0.7,Modelled
UK,5.158304238,2.635245023,0.023274258,0.7,Modelled
UK,7.97787311,3.387955068,0.053114531,0.7,Modelled
UK,9.180635462,7.344585567,0.100331205,0.7,Modelled
UK,7.099992667,2.109133064,0.031554985,0.7,Modelled
UK,9.941141701,4.924619044,0.097359215,0.7,Modelled
UK,7.365585439,3.065765822,0.043910823,0.7,Modelled
UK,7.304460472,2.139458117,0.033156085,0.7,Modelled
UK,8.970821953,3.145564788,0.060547573,0.7,Modelled
UK,9.964661378,6.877778308,0.116619357,0.7,Modelled
UK,9.071890728,6.385709619,0.093148561,0.7,Modelled
UK,3.967667354,1.1,0.004535227,0.7,Modelled
UK,9.322276021,6.295197454,0.097635917,0.7,Modelled
UK,6.654362581,5.380361503,0.047393624,0.7,Modelled
UK,7.924980494,2.06739874,0.03544195,0.7,Modelled
UK,5.076222674,1.79748849,0.017931614,0.7,Modelled
UK,7.063892596,3.359059962,0.04337041,0.7,Modelled
UK,9.074587905,3.030952505,0.059723037,0.7,Modelled
UK,8.489547696,6.277249559,0.08040253,0.7,Modelled
UK,6.695302243,3.209063917,0.038758562,0.7,Modelled
UK,8.469371699,6.205968224,0.079979099,0.7,Modelled
UK,5.20790925,4.799687741,0.029476596,0.7,Modelled
UK,8.069744914,4.952820218,0.06609938,0.7,Modelled
UK,9.008502839,5.304099318,0.084267599,0.7,Modelled
UK,9.829908474,5.712821504,0.103783216,0.7,Modelled
UK,9.610511665,6.065824669,0.101806871,0.7,Modelled
UK,8.706725365,5.86152081,0.08236605,0.7,Modelled
UK,9.843817288,2.742713646,0.060565119,0.7,Modelled
UK,7.257875975,1.67844469,0.025748562,0.7,Modelled
UK,8.688164042,3.819583761,0.065970152,0.7,Modelled
UK,5.290168323,3.638619875,0.027733227,0.7,Modelled
UK,7.322871323,1.802627864,0.028118982,0.7,Modelled
UK,9.924612604,6.570656805,0.112891972,0.7,Modelled
UK,9.022926584,4.405691967,0.076653617,0.7,Modelled
UK,9.380598532,2.838311188,0.058985,0.7,Modelled
UK,8.988495051,5.380361503,0.084232843,0.7,Modelled
UK,9.735289365,4.41828871,0.087455881,0.7,Modelled
UK,9.761155135,7.076977116,0.112805369,0.7,Modelled
UK,9.822042888,5.504668259,0.101237497,0.7,Modelled
UK,9.761528972,3.154558578,0.068256539,0.7,Modelled
UK,5.90715718,2.742713646,0.029170518,0.7,Modelled
UK,6.673777174,3.669919794,0.041109632,0.8,Modelled
UK,8.498447568,3.659456685,0.061790616,0.8,Modelled
UK,8.582219,5.712821504,0.079288661,0.8,Modelled
UK,7.926467269,4.078825823,0.058254749,0.8,Modelled
UK,9.418684905,4.055601141,0.078388728,0.8,Modelled
UK,6.215780575,1.772010573,0.022838224,0.8,Modelled
UK,9.478210241,3.005102194,0.0628727,0.8,Modelled
UK,9.79474208,7.754013798,0.117886269,0.8,Modelled
UK,5.261042267,3.083322143,0.025762029,0.8,Modelled
UK,9.658005193,4.745184865,0.090236217,0.8,Modelled
UK,8.741523006,2.814103872,0.0531836,0.8,Modelled
UK,9.497630222,3.311448059,0.068450277,0.8,Modelled
UK,9.725269149,4.208959435,0.084776038,0.8,Modelled
UK,8.717340915,6.331247341,0.085371937,0.8,Modelled
UK,9.763596076,5.552020188,0.100371152,0.8,Modelled
Thailand,8.933315058,1.005774511,0.001375505,0.1,Modelled
Thailand,9.652944718,1.011582367,0.002968825,0.2,Modelled
Thailand,9.419176668,1.03813555,0.001630413,0.2,Modelled
Thailand,8.776797257,1.01742376,0.001652544,0.2,Modelled
Thailand,8.911349555,1.005774511,0.001401417,0.2,Modelled
Thailand,8.963422082,1.008674259,0.002393381,0.2,Modelled
Thailand,8.752201944,1.002883099,0.001800769,0.2,Modelled
Thailand,8.072652393,1.005774511,0.001700117,0.2,Modelled
Thailand,9.719405121,1.005774511,0.001566271,0.2,Modelled
Thailand,8.688569696,1.002883099,0.001054987,0.2,Modelled
Thailand,9.021631319,1.002883099,0.001103481,0.2,Modelled
Thailand,9.486777607,1.005774511,0.002954441,0.2,Modelled
Thailand,7.923969774,1.002883099,0.001270761,0.2,Modelled
Thailand,8.165678621,1.002883099,0.001912148,0.2,Modelled
Thailand,9.49843956,1.011582367,0.001357936,0.2,Modelled
Thailand,8.949215698,1.014498859,0.001407806,0.2,Modelled
Thailand,9.97813889,1.011582367,0.001378995,0.2,Modelled
Thailand,9.230573842,1.014498859,0.00252051,0.2,Modelled
Thailand,8.118714905,1.059268973,0.001127672,0.2,Modelled
Thailand,7.891241636,1.002883099,0.001733499,0.2,Modelled
Thailand,8.713284528,1.005774511,0.001325526,0.2,Modelled
Thailand,8.715037534,1.005774511,0.001949828,0.2,Modelled
Thailand,8.487623943,1.008674259,0.002122252,0.2,Modelled
Thailand,7.879453121,1.008674259,0.001185328,0.2,Modelled
Thailand,9.560395135,1.002883099,0.001093821,0.2,Modelled
Thailand,9.945586476,1.008674259,0.002918739,0.2,Modelled
Thailand,9.279668501,1.014498859,0.001894838,0.2,Modelled
Thailand,9.554224326,1.830482754,0.003122111,0.2,Modelled
Thailand,8.088897081,1.002883099,0.001023133,0.2,Modelled
Thailand,8.233495854,1.035151107,0.001789314,0.2,Modelled
Thailand,8.988928949,1.011582367,0.001253355,0.2,Modelled
Thailand,9.041957231,1.014498859,0.001620729,0.2,Modelled
Thailand,8.127793086,1.002883099,0.001208933,0.2,Modelled
Thailand,8.934958969,1.005774511,0.002021347,0.2,Modelled
Thailand,9.437912788,1.005774511,0.001746915,0.2,Modelled
Thailand,8.507368833,1.020357094,0.001694954,0.2,Modelled
Thailand,9.258429586,1.002883099,0.001076763,0.2,Modelled
Thailand,9.423584995,1.026249157,0.001315525,0.2,Modelled
Thailand,9.910600581,1.005774511,0.001383491,0.2,Modelled
Thailand,7.840458257,1.005774511,0.001023989,0.2,Modelled
Thailand,9.244990605,1.008674259,0.001242501,0.2,Modelled
Thailand,7.978080572,1.002883099,0.001380817,0.2,Modelled
Thailand,9.801705027,1.005774511,0.002743961,0.2,Modelled
Thailand,9.484188052,1.01742376,0.002895558,0.2,Modelled
Thailand,9.485263056,1.005774511,0.001629754,0.2,Modelled
Thailand,9.816100181,1.011582367,0.001688206,0.2,Modelled
Thailand,8.151483326,1.056223775,0.001070476,0.2,Modelled
Thailand,8.91332331,1.005774511,0.002143911,0.2,Modelled
Thailand,8.77739849,1.01742376,0.00149107,0.2,Modelled
Thailand,8.882541858,1.014498859,0.001580912,0.2,Modelled
Thailand,8.223702582,1.041128598,0.001727981,0.2,Modelled
Thailand,9.576437438,3.020786488,0.003187687,0.2,Modelled
Thailand,7.758913785,1.008674259,0.001426594,0.2,Modelled
Thailand,9.323251185,1.011582367,0.002337363,0.2,Modelled
Thailand,9.465884498,1.008674259,0.001235207,0.2,Modelled
Thailand,7.928058979,1.005774511,0.001397095,0.2,Modelled
Thailand,9.925785532,1.011582367,0.002896647,0.2,Modelled
Thailand,9.261185169,1.032175243,0.001587465,0.2,Modelled
Thailand,8.984732235,1.008674259,0.001466843,0.2,Modelled
Thailand,8.565000659,1.01742376,0.001075725,0.2,Modelled
Thailand,8.001733235,1.005774511,0.001516566,0.2,Modelled
Thailand,8.731653258,1.002883099,0.002122341,0.2,Modelled
Thailand,9.435256063,1.005774511,0.002294261,0.2,Modelled
Thailand,8.978876635,1.005774511,0.001210199,0.2,Modelled
Thailand,9.557984343,1.002883099,0.001479425,0.2,Modelled
Thailand,9.402907657,1.014498859,0.00191802,0.3,Modelled
Thailand,9.441085035,1.008674259,0.001357226,0.3,Modelled
Thailand,8.915938857,1.008674259,0.001224446,0.3,Modelled
Thailand,9.515730638,1.008674259,0.001476433,0.3,Modelled
Thailand,9.494174357,1.023298884,0.001117136,0.3,Modelled
Thailand,8.11404537,1.068457346,0.001388358,0.3,Modelled
Thailand,9.867770744,1.011582367,0.002286922,0.3,Modelled
Thailand,9.866364346,4.442852708,0.003502463,0.3,Modelled
Thailand,9.94138576,1.005774511,0.003320817,0.3,Modelled
Thailand,9.434016333,1.032175243,0.001649271,0.3,Modelled
Thailand,9.112403059,1.002883099,0.00260954,0.3,Modelled
Thailand,9.877648354,1.002883099,0.001816522,0.3,Modelled
Thailand,9.893153561,1.008674259,0.001562631,0.3,Modelled
Thailand,8.041438064,1.008674259,0.00157608,0.3,Modelled
Thailand,9.083600566,1.011582367,0.00122274,0.3,Modelled
Thailand,8.650023005,1.005774511,0.002053169,0.3,Modelled
Thailand,9.649669674,1.008674259,0.001316207,0.3,Modelled
Thailand,7.708294429,1.008674259,0.001637328,0.3,Modelled
Thailand,9.7795431,1.008674259,0.002393364,0.3,Modelled
Thailand,8.587373861,1.005774511,0.002014509,0.3,Modelled
Thailand,9.35019078,1.144892449,0.002892651,0.3,Modelled
Thailand,8.631280505,1.020357094,0.001865908,0.3,Modelled
Thailand,8.581514405,1.002883099,0.002039609,0.3,Modelled
Thailand,8.002209243,1.005774511,0.00186377,0.3,Modelled
Thailand,9.419771902,1.011582367,0.001980741,0.3,Modelled
Thailand,9.944668051,1.008674259,0.001714764,0.3,Modelled
Thailand,9.340169397,1.008674259,0.001294013,0.3,Modelled
Thailand,9.387463182,1.005774511,0.002598344,0.3,Modelled
Thailand,9.075910041,1.008674259,0.001254466,0.3,Modelled
Thailand,9.498246932,1.011582367,0.002522782,0.3,Modelled
Thailand,9.329616908,1.029207935,0.002594843,0.3,Modelled
Thailand,9.173711502,1.023298884,0.001264795,0.3,Modelled
Thailand,8.088209948,1.002883099,0.001461113,0.3,Modelled
Thailand,9.093283418,1.01742376,0.001042127,0.3,Modelled
Thailand,9.773627208,1.005774511,0.003173835,0.3,Modelled
Thailand,8.144189289,1.026249157,0.001633416,0.3,Modelled
Thailand,9.943133704,1.005774511,0.001956499,0.3,Modelled
Thailand,7.828714214,1.008674259,0.001392877,0.3,Modelled
Thailand,9.942288311,1.005774511,0.001983905,0.3,Modelled
Thailand,8.466565648,1.020357094,0.00100933,0.3,Modelled
Thailand,8.266018811,1.044130275,0.001346508,0.3,Modelled
Thailand,8.648035833,1.01742376,0.001307058,0.3,Modelled
Thailand,8.194687138,1.047140607,0.001518829,0.3,Modelled
Thailand,8.691042251,1.01742376,0.001025441,0.3,Modelled
Thailand,8.853812337,1.011582367,0.002319081,0.3,Modelled
Thailand,8.111260506,1.041128598,0.001640831,0.3,Modelled
Thailand,9.697582444,1.008674259,0.002123189,0.3,Modelled
Thailand,9.117611841,1.083948758,0.002685508,0.3,Modelled
Thailand,8.142725163,1.050159617,0.001387607,0.3,Modelled
Thailand,9.522172393,1.011582367,0.001477429,0.3,Modelled
Thailand,9.732927241,1.011582367,0.00166168,0.3,Modelled
Thailand,9.812036295,1.174944911,0.003297882,0.3,Modelled
Thailand,8.384232134,1.032175243,0.001707801,0.3,Modelled
Thailand,8.367978609,1.008674259,0.001918278,0.3,Modelled
Thailand,9.30809929,1.002883099,0.001466656,0.3,Modelled
Thailand,8.602970065,1.002883099,0.002024789,0.3,Modelled
Thailand,9.671991102,1.008674259,0.001971873,0.3,Modelled
Thailand,8.586353381,1.005774511,0.001528007,0.3,Modelled
Thailand,9.282519147,1.002883099,0.002406957,0.3,Modelled
Thailand,8.197831592,1.011582367,0.001018103,0.3,Modelled
Thailand,7.842066994,1.005774511,0.001238407,0.3,Modelled
Thailand,8.961567626,1.008674259,0.002008763,0.3,Modelled
Thailand,8.731476556,1.002883099,0.001105583,0.3,Modelled
Thailand,8.93848982,1.008674259,0.002105529,0.3,Modelled
Thailand,9.239189347,1.005774511,0.001051132,0.3,Modelled
Thailand,8.464506516,1.032175243,0.002027758,0.3,Modelled
Thailand,9.191994979,1.005774511,0.001820085,0.3,Modelled
Thailand,9.146551633,1.008674259,0.001171549,0.3,Modelled
Thailand,8.841573709,1.01742376,0.00200921,0.3,Modelled
Thailand,9.99390429,1.002883099,0.001442413,0.3,Modelled
Thailand,8.999169258,1.002883099,0.001942885,0.3,Modelled
Thailand,9.389175175,1.035151107,0.001073538,0.3,Modelled
Thailand,9.194989766,1.008674259,0.002688067,0.3,Modelled
Thailand,8.162381303,1.03813555,0.001465225,0.3,Modelled
Thailand,9.320165409,1.03813555,0.002068469,0.3,Modelled
Thailand,7.874292245,1.005774511,0.001222153,0.3,Modelled
Thailand,9.594057692,1.008674259,0.001286285,0.3,Modelled
Thailand,8.273939706,1.011582367,0.001298305,0.3,Modelled
Thailand,8.772759559,1.014498859,0.001021582,0.3,Modelled
Thailand,8.575629803,1.011582367,0.001492591,0.3,Modelled
Thailand,9.453019462,1.014498859,0.001557531,0.3,Modelled
Thailand,9.7995132,1.002883099,0.003163861,0.3,Modelled
Thailand,9.757644809,1.011582367,0.002420961,0.3,Modelled
Thailand,9.018973921,1.014498859,0.001076169,0.3,Modelled
Thailand,9.423292528,1.026249157,0.001295104,0.3,Modelled
Thailand,8.804168086,1.020357094,0.002322387,0.3,Modelled
Thailand,9.961431875,1.002883099,0.003008711,0.3,Modelled
Thailand,9.671081159,1.008674259,0.003071152,0.3,Modelled
Thailand,8.576404945,1.011582367,0.002154067,0.3,Modelled
Thailand,8.655323251,1.008674259,0.002000276,0.3,Modelled
Thailand,9.111628629,1.014498859,0.002451159,0.3,Modelled
Thailand,9.010885425,1.023298884,0.001642855,0.3,Modelled
Thailand,9.448592948,1.026249157,0.002301197,0.3,Modelled
Thailand,9.461803082,1.005774511,0.001189205,0.3,Modelled
Thailand,9.173686594,1.023298884,0.002699025,0.3,Modelled
Thailand,8.444951003,1.032175243,0.001974091,0.3,Modelled
Thailand,9.458116317,1.002883099,0.00234544,0.3,Modelled
Thailand,8.972242181,1.014498859,0.002496489,0.3,Modelled
Thailand,8.282573247,1.029207935,0.001248778,0.3,Modelled
Thailand,9.472176006,1.011582367,0.001710665,0.3,Modelled
Thailand,9.57555217,1.011582367,0.001655953,0.3,Modelled
Thailand,9.163984438,1.01742376,0.001644053,0.3,Modelled
Thailand,8.53306368,1.023298884,0.00179735,0.3,Modelled
Thailand,9.404364859,1.002883099,0.002199527,0.3,Modelled
Thailand,7.703003767,1.005774511,0.001618709,0.3,Modelled
Thailand,9.418211778,1.023298884,0.002495142,0.3,Modelled
Thailand,8.381321531,1.01742376,0.001039707,0.3,Modelled
Thailand,9.371881969,1.011582367,0.001106501,0.3,Modelled
Thailand,8.618310946,1.011582367,0.00189642,0.3,Modelled
Thailand,9.989306455,4.366767205,0.003642887,0.3,Modelled
Thailand,9.535759668,1.005774511,0.002527052,0.3,Modelled
Thailand,8.613932401,1.035151107,0.001508633,0.3,Modelled
Thailand,9.467978128,1.008674259,0.001304629,0.3,Modelled
Thailand,9.071723752,1.005774511,0.002288433,0.3,Modelled
Thailand,8.708393392,1.002883099,0.001859632,0.3,Modelled
Thailand,8.833439919,1.011582367,0.002113664,0.3,Modelled
Thailand,9.565707802,1.005774511,0.002114268,0.3,Modelled
Thailand,8.084302903,1.258997902,0.001958789,0.3,Modelled
Thailand,7.625155903,1.008674259,0.001119072,0.3,Modelled
Thailand,9.513174294,1.005774511,0.00162267,0.3,Modelled
Thailand,8.87427702,1.002883099,0.002482214,0.3,Modelled
Thailand,9.922440491,1.011582367,0.001375656,0.3,Modelled
Thailand,9.653034937,1.011582367,0.001263582,0.3,Modelled
Thailand,7.58825293,1.005774511,0.001193007,0.3,Modelled
Thailand,9.948267004,1.008674259,0.001770489,0.3,Modelled
Thailand,8.534879578,1.011582367,0.0018664,0.3,Modelled
Thailand,9.769673523,1.002883099,0.003066898,0.3,Modelled
Thailand,9.39047918,1.074627164,0.002909668,0.3,Modelled
Thailand,8.727654377,1.014498859,0.001225551,0.3,Modelled
Thailand,7.963430798,1.005774511,0.001091935,0.3,Modelled
Thailand,9.625793835,1.011582367,0.001170893,0.3,Modelled
Thailand,9.414145933,1.035151107,0.001890436,0.3,Modelled
Thailand,8.915990138,1.008674259,0.002296108,0.3,Modelled
Thailand,7.723138981,1.029207935,0.001094315,0.3,Modelled
Thailand,7.976960079,1.002883099,0.001236648,0.3,Modelled
Thailand,9.86346151,1.008674259,0.001789608,0.3,Modelled
Thailand,8.168716387,1.01742376,0.001034411,0.3,Modelled
Thailand,9.803978286,1.005774511,0.001641167,0.3,Modelled
Thailand,9.553860408,1.262627717,0.003071714,0.3,Modelled
Thailand,9.539464939,1.005774511,0.002686616,0.3,Modelled
Thailand,8.998190283,1.002883099,0.001775427,0.3,Modelled
Thailand,9.301523529,1.005774511,0.002818527,0.3,Modelled
Thailand,9.583518374,1.002883099,0.002028794,0.3,Modelled
Thailand,7.703873683,1.005774511,0.001141407,0.3,Modelled
Thailand,9.222163853,1.023298884,0.001992778,0.3,Modelled
Thailand,8.851345126,1.023298884,0.001163612,0.3,Modelled
Thailand,7.966574688,1.005774511,0.001817631,0.3,Modelled
Thailand,9.408213321,1.01742376,0.00258163,0.3,Modelled
Thailand,7.766956809,1.002883099,0.001565217,0.3,Modelled
Thailand,9.317153514,2.85998721,0.002923091,0.3,Modelled
Thailand,8.915199495,2.392460142,0.002578968,0.3,Modelled
Thailand,9.546671192,1.011582367,0.001689783,0.3,Modelled
Thailand,9.998974173,1.005774511,0.002313831,0.3,Modelled
Thailand,9.813864051,1.011582367,0.003208644,0.3,Modelled
Thailand,8.617279726,1.011582367,0.001336545,0.3,Modelled
Thailand,9.115336838,1.002883099,0.001832028,0.3,Modelled
Thailand,8.078502477,1.008674259,0.00181687,0.3,Modelled
Thailand,9.472998825,1.011582367,0.001504045,0.3,Modelled
Thailand,9.493160289,1.008674259,0.002291717,0.3,Modelled
Thailand,8.723445903,1.011582367,0.001883127,0.3,Modelled
Thailand,8.782998048,1.008674259,0.001091567,0.3,Modelled
Thailand,9.273303363,1.011582367,0.002225755,0.3,Modelled
Thailand,8.782833181,1.008674259,0.002176823,0.3,Modelled
Thailand,9.87848295,1.002883099,0.001886595,0.3,Modelled
Thailand,9.999301271,1.005774511,0.002843841,0.3,Modelled
Thailand,9.687356869,1.002883099,0.002503069,0.3,Modelled
Thailand,7.790761625,1.005774511,0.001407327,0.3,Modelled
Thailand,9.505608662,1.002883099,0.002574778,0.3,Modelled
Thailand,8.651609704,1.020357094,0.001682164,0.3,Modelled
Thailand,8.916304002,1.008674259,0.002358668,0.3,Modelled
Thailand,9.70146319,1.008674259,0.001543498,0.3,Modelled
Thailand,9.200254671,1.011582367,0.001884771,0.3,Modelled
Thailand,9.023211146,1.01742376,0.002416983,0.3,Modelled
Thailand,8.312156553,1.023298884,0.001195541,0.3,Modelled
Thailand,8.724352688,1.011582367,0.001276668,0.3,Modelled
Thailand,8.631467602,1.020357094,0.001836217,0.3,Modelled
Thailand,9.985971729,1.380495543,0.003517027,0.3,Modelled
Thailand,7.880656136,1.008674259,0.001698299,0.3,Modelled
Thailand,7.99924245,1.005774511,0.001166337,0.3,Modelled
Thailand,8.569675632,1.020357094,0.001457627,0.3,Modelled
Thailand,9.313529189,1.020357094,0.002224536,0.3,Modelled
Thailand,9.093749822,1.01742376,0.001529124,0.3,Modelled
Thailand,9.047993191,1.005774511,0.002322224,0.3,Modelled
Thailand,9.918790192,1.008674259,0.002413895,0.3,Modelled
Thailand,7.743843369,1.008674259,0.001408327,0.3,Modelled
Thailand,9.455436055,1.002883099,0.002532543,0.3,Modelled
Thailand,9.963676467,1.002883099,0.001012851,0.3,Modelled
Thailand,8.115453507,1.044130275,0.001180392,0.3,Modelled
Thailand,7.692908655,1.008674259,0.001569019,0.3,Modelled
Thailand,8.430454688,1.023298884,0.001226207,0.3,Modelled
Thailand,8.611832937,1.008674259,0.001019755,0.3,Modelled
Thailand,9.644970134,1.008674259,0.002967165,0.3,Modelled
Thailand,8.033247802,1.002883099,0.001385504,0.3,Modelled
Thailand,9.423356213,1.026249157,0.001973102,0.3,Modelled
Thailand,9.758660797,2.754926569,0.003376821,0.3,Modelled
Thailand,9.07482521,1.020357094,0.001671612,0.3,Modelled
Thailand,9.371044229,1.011582367,0.001961326,0.3,Modelled
Thailand,8.767775575,1.011582367,0.002276637,0.3,Modelled
Thailand,9.267711094,1.008674259,0.002132427,0.3,Modelled
Thailand,9.802585331,1.005774511,0.002817248,0.3,Modelled
Thailand,9.643693631,1.005774511,0.002289184,0.3,Modelled
Thailand,9.505884151,1.002883099,0.00166349,0.3,Modelled
Thailand,8.654024349,1.008674259,0.001873382,0.3,Modelled
Thailand,9.279697638,1.014498859,0.002179614,0.3,Modelled
Thailand,8.570938548,1.008674259,0.00149057,0.3,Modelled
Thailand,9.551004056,1.026249157,0.002859796,0.3,Modelled
Thailand,7.949527458,1.008674259,0.001094718,0.3,Modelled
Thailand,7.656246063,1.029207935,0.001211237,0.3,Modelled
Thailand,9.990884857,1.002883099,0.002694227,0.3,Modelled
Thailand,9.774905165,1.005774511,0.002977185,0.3,Modelled
Thailand,9.291158938,1.008674259,0.001791886,0.3,Modelled
Thailand,9.996010153,1.005774511,0.002947873,0.3,Modelled
Thailand,8.920374422,1.011582367,0.001828083,0.3,Modelled
Thailand,7.98023878,1.002883099,0.001764518,0.3,Modelled
Thailand,9.925650244,1.011582367,0.00316963,0.3,Modelled
Thailand,9.638449079,1.002883099,0.001268766,0.3,Modelled
Thailand,8.327845173,1.008674259,0.001088745,0.3,Modelled
Thailand,8.15242498,1.044130275,0.001745594,0.3,Modelled
Thailand,9.549651574,1.011582367,0.002249579,0.3,Modelled
Thailand,8.877266111,1.011582367,0.002350251,0.3,Modelled
Thailand,9.781614743,1.008674259,0.001759347,0.3,Modelled
Thailand,9.795377827,1.1416011,0.003260426,0.3,Modelled
Thailand,9.329816541,1.002883099,0.00245901,0.3,Modelled
Thailand,9.488583392,1.005774511,0.001373957,0.3,Modelled
Thailand,9.974535726,1.008674259,0.003020299,0.3,Modelled
Thailand,9.38467564,1.005774511,0.001001051,0.3,Modelled
Thailand,9.292412494,1.008674259,0.001098683,0.3,Modelled
Thailand,9.707693525,1.011582367,0.002409481,0.3,Modelled
Thailand,9.867879897,1.011582367,0.00125756,0.4,Modelled
Thailand,9.805438365,1.008674259,0.001583226,0.4,Modelled
Thailand,8.651719295,1.020357094,0.00161369,0.4,Modelled
Thailand,8.74342888,1.023298884,0.001506919,0.4,Modelled
Thailand,9.504776896,1.029207935,0.002599126,0.4,Modelled
Thailand,8.783328764,1.008674259,0.001785906,0.4,Modelled
Thailand,9.758374822,1.011582367,0.002233919,0.4,Modelled
Thailand,8.140052509,1.023298884,0.001305188,0.4,Modelled
Thailand,7.840833921,1.005774511,0.001219975,0.4,Modelled
Thailand,8.622882077,1.014498859,0.001695748,0.4,Modelled
Thailand,8.864136417,1.01742376,0.00219044,0.4,Modelled
Thailand,9.568118566,1.008674259,0.001743079,0.4,Modelled
Thailand,7.718292459,1.002883099,0.001404683,0.4,Modelled
Thailand,9.569651094,1.008674259,0.002192434,0.4,Modelled
Thailand,8.401898531,1.01742376,0.001635248,0.4,Modelled
Thailand,7.621773012,1.005774511,0.001563983,0.4,Modelled
Thailand,9.436130073,1.005774511,0.002752785,0.4,Modelled
Thailand,8.594755314,1.023298884,0.002104052,0.4,Modelled
Thailand,9.242239725,1.035151107,0.002698386,0.4,Modelled
Thailand,9.742944225,1.002883099,0.001440735,0.4,Modelled
Thailand,8.793314998,1.014498859,0.001383412,0.4,Modelled
Thailand,9.925834467,1.011582367,0.001066183,0.4,Modelled
Thailand,9.826383615,1.002883099,0.001066888,0.4,Modelled
Thailand,8.274884028,1.288331148,0.002090968,0.4,Modelled
Thailand,8.497016784,1.014498859,0.001209843,0.4,Modelled
Thailand,9.800867642,1.005774511,0.002506526,0.4,Modelled
Thailand,8.779236061,1.005774511,0.002307308,0.4,Modelled
Thailand,9.788032781,1.011582367,0.001278481,0.4,Modelled
Thailand,9.513150914,1.005774511,0.002870599,0.4,Modelled
Thailand,9.348185144,1.011582367,0.001241227,0.4,Modelled
Thailand,9.381823688,1.002883099,0.001476704,0.4,Modelled
Thailand,7.853913198,1.002883099,0.001245948,0.4,Modelled
Thailand,9.933879451,1.002883099,0.003036994,0.4,Modelled
Thailand,9.468556021,1.008674259,0.002085092,0.4,Modelled
Thailand,9.841401371,1.011582367,0.002222737,0.4,Modelled
Thailand,8.975329723,1.002883099,0.001728345,0.4,Modelled
Thailand,8.530711818,1.035151107,0.001362161,0.4,Modelled
Thailand,8.530254733,1.008674259,0.001134712,0.4,Modelled
Thailand,7.984653105,1.005774511,0.001261272,0.4,Modelled
Thailand,9.952131021,1.011582367,0.002711144,0.4,Modelled
Thailand,7.917744493,1.008674259,0.001304014,0.4,Modelled
Thailand,9.948725632,1.008674259,0.001040505,0.4,Modelled
Thailand,8.465014382,1.032175243,0.001453545,0.4,Modelled
Thailand,8.032478937,1.002883099,0.001864924,0.4,Modelled
Thailand,9.041328234,1.08707389,0.002609352,0.4,Modelled
Thailand,8.816508423,1.014498859,0.00114787,0.4,Modelled
Thailand,8.088268334,1.437273389,0.00196474,0.4,Modelled
Thailand,9.943327653,1.005774511,0.001483206,0.4,Modelled
Thailand,8.934400209,1.005774511,0.001759233,0.4,Modelled
Thailand,7.840027597,1.005774511,0.001173275,0.4,Modelled
Thailand,8.281980969,1.029207935,0.001872429,0.4,Modelled
Thailand,8.131176915,1.01742376,0.001440928,0.4,Modelled
Thailand,8.884817036,1.002883099,0.002337682,0.4,Modelled
Thailand,9.79789143,1.002883099,0.002027315,0.4,Modelled
Thailand,9.654211161,1.011582367,0.00277287,0.4,Modelled
Thailand,9.075528013,1.008674259,0.00161188,0.4,Modelled
Thailand,9.032356418,1.008674259,0.001705227,0.4,Modelled
Thailand,8.649678692,1.005774511,0.001816345,0.4,Modelled
Thailand,9.365483237,1.008674259,0.001635629,0.4,Modelled
Thailand,8.616428946,1.011582367,0.00193372,0.4,Modelled
Thailand,7.803351606,1.002883099,0.00125299,0.4,Modelled
Thailand,8.542274757,1.509366472,0.002270315,0.4,Modelled
Thailand,8.698467815,1.008674259,0.001376437,0.4,Modelled
Thailand,9.121964924,1.020357094,0.001989636,0.4,Modelled
Thailand,9.670403204,1.005774511,0.001135389,0.4,Modelled
Thailand,8.793386347,1.014498859,0.002034335,0.4,Modelled
Thailand,9.701172196,1.819973298,0.003277487,0.4,Modelled
Thailand,8.253157089,1.035151107,0.001115264,0.4,Modelled
Thailand,9.634403213,1.002883099,0.001000597,0.4,Modelled
Thailand,8.77239389,1.014498859,0.001220099,0.4,Modelled
Thailand,9.116813681,1.01742376,0.001974852,0.4,Modelled
Thailand,9.504569186,1.029207935,0.002841821,0.4,Modelled
Thailand,9.921299247,1.011582367,0.001611839,0.4,Modelled
Thailand,9.423921584,1.026249157,0.002610584,0.4,Modelled
Thailand,8.9107877,1.005774511,0.001875206,0.4,Modelled
Thailand,9.973064138,1.008674259,0.003223451,0.4,Modelled
Thailand,9.731909498,1.011582367,0.002435073,0.4,Modelled
Thailand,9.296537662,1.011582367,0.002293898,0.4,Modelled
Thailand,9.515494181,1.008674259,0.001931482,0.4,Modelled
Thailand,7.944958699,1.005774511,0.001598643,0.4,Modelled
Thailand,8.655457118,1.008674259,0.002125635,0.4,Modelled
Thailand,8.573078805,1.023298884,0.001385979,0.4,Modelled
Thailand,9.909999598,1.002883099,0.00133688,0.4,Modelled
Thailand,9.436283409,1.005774511,0.001257649,0.4,Modelled
Thailand,7.90669051,1.002883099,0.001447197,0.4,Modelled
Thailand,9.583945048,1.002883099,0.002669495,0.4,Modelled
Thailand,8.448522414,1.008674259,0.00182088,0.4,Modelled
Thailand,9.193754776,1.008674259,0.001289725,0.4,Modelled
Thailand,9.5596036,1.002883099,0.001141921,0.4,Modelled
Thailand,9.622995176,1.008674259,0.00208277,0.4,Modelled
Thailand,8.983856124,1.008674259,0.001463388,0.4,Modelled
Thailand,9.969630786,1.005774511,0.003082402,0.4,Modelled
Thailand,9.944544977,1.008674259,0.001230414,0.4,Modelled
Thailand,9.079953145,1.099664778,0.002647118,0.4,Modelled
Thailand,9.033582844,1.023298884,0.001645889,0.4,Modelled
Thailand,9.113731519,1.002883099,0.002567031,0.4,Modelled
Thailand,9.570429682,1.008674259,0.001552251,0.4,Modelled
Thailand,9.675538712,1.008674259,0.002706024,0.4,Modelled
Thailand,8.054538311,1.005774511,0.001314932,0.4,Modelled
Thailand,9.36609041,1.008674259,0.002824572,0.4,Modelled
Thailand,8.42310799,1.005774511,0.0020972,0.4,Modelled
Thailand,9.116737989,1.01742376,0.002020808,0.4,Modelled
Thailand,8.825879609,1.020357094,0.002378872,0.4,Modelled
Thailand,9.508211584,1.002883099,0.002580781,0.4,Modelled
Thailand,7.769466252,1.002883099,0.001602087,0.4,Modelled
Thailand,9.308216402,1.002883099,0.002550204,0.4,Modelled
Thailand,9.473561881,1.011582367,0.001857643,0.4,Modelled
Thailand,9.884674498,1.005774511,0.001541995,0.4,Modelled
Thailand,7.65089828,1.002883099,0.001108442,0.4,Modelled
Thailand,9.757043519,1.011582367,0.00319286,0.4,Modelled
Thailand,9.858556765,1.005774511,0.001076312,0.4,Modelled
Thailand,7.683931992,1.002883099,0.001587092,0.4,Modelled
Thailand,9.688089407,1.002883099,0.001397506,0.4,Modelled
Thailand,9.024148056,1.01742376,0.002074966,0.4,Modelled
Thailand,9.58554672,1.002883099,0.002372072,0.4,Modelled
Thailand,8.854944332,1.011582367,0.002424809,0.4,Modelled
Thailand,9.54903405,1.011582367,0.002835046,0.4,Modelled
Thailand,8.860490599,1.014498859,0.001152405,0.4,Modelled
Thailand,9.600909506,1.011582367,0.001230202,0.4,Modelled
Thailand,8.37119771,1.023298884,0.001064798,0.4,Modelled
Thailand,8.001232439,1.005774511,0.001076378,0.4,Modelled
Thailand,9.528698198,1.303253072,0.003064242,0.4,Modelled
Thailand,8.406083068,1.020357094,0.001253119,0.4,Modelled
Thailand,9.458258446,1.01742376,0.001451508,0.4,Modelled
Thailand,8.456557988,1.014498859,0.001672948,0.4,Modelled
Thailand,8.329039497,1.008674259,0.001915556,0.4,Modelled
Thailand,9.292016837,1.008674259,0.00266821,0.4,Modelled
Thailand,9.696674736,2.337987638,0.00327487,0.4,Modelled
Thailand,9.913252279,1.005774511,0.001669533,0.4,Modelled
Thailand,9.977628633,1.011582367,0.002730469,0.4,Modelled
Thailand,8.611361216,1.020357094,0.00112086,0.4,Modelled
Thailand,8.667893971,1.01742376,0.00222108,0.4,Modelled
Thailand,9.663714117,1.002883099,0.00134009,0.4,Modelled
Thailand,9.990519291,1.002883099,0.002647215,0.4,Modelled
Thailand,7.897432005,1.008674259,0.001198298,0.4,Modelled
Thailand,9.672948997,1.008674259,0.001362574,0.4,Modelled
Thailand,9.405907304,1.002883099,0.001583478,0.4,Modelled
Thailand,8.519955259,1.002883099,0.001374207,0.4,Modelled
Thailand,9.114354284,1.002883099,0.001296887,0.4,Modelled
Thailand,9.861510376,1.008674259,0.001404126,0.4,Modelled
Thailand,8.243805726,1.029207935,0.00172208,0.4,Modelled
Thailand,8.998086653,1.002883099,0.002164562,0.4,Modelled
Thailand,8.605829856,1.01742376,0.001769885,0.4,Modelled
Thailand,9.068329003,1.002883099,0.001200524,0.4,Modelled
Thailand,9.091562289,1.002883099,0.002615131,0.4,Modelled
Thailand,9.885833797,1.005774511,0.001786602,0.4,Modelled
Thailand,9.80489467,1.005774511,0.001419927,0.4,Modelled
Thailand,9.612874882,1.002883099,0.002951348,0.4,Modelled
Thailand,9.824073728,1.002883099,0.002927647,0.4,Modelled
Thailand,9.961238981,1.002883099,0.001915572,0.4,Modelled
Thailand,9.810134365,1.008674259,0.001044472,0.4,Modelled
Thailand,8.581471329,1.002883099,0.002141812,0.4,Modelled
Thailand,9.830734395,1.005774511,0.002585573,0.4,Modelled
Thailand,8.705967581,1.014498859,0.002278289,0.4,Modelled
Thailand,9.917563897,1.008674259,0.001402967,0.4,Modelled
Thailand,9.667521834,1.005774511,0.001325805,0.4,Modelled
Thailand,7.908274653,1.002883099,0.001715124,0.4,Modelled
Thailand,9.316594105,1.008674259,0.002056629,0.4,Modelled
Thailand,8.27265881,1.023298884,0.001018295,0.4,Modelled
Thailand,9.989112485,1.002883099,0.003340226,0.4,Modelled
Thailand,7.774255367,1.008674259,0.001282376,0.4,Modelled
Thailand,8.17653368,1.035151107,0.001452234,0.4,Modelled
Thailand,9.357305558,1.002883099,0.001559293,0.4,Modelled
Thailand,9.881620527,1.002883099,0.00326394,0.4,Modelled
Thailand,8.688492141,1.002883099,0.001094371,0.4,Modelled
Thailand,9.483766157,1.01742376,0.002182147,0.4,Modelled
Thailand,8.921685467,1.011582367,0.001699086,0.4,Modelled
Thailand,9.055034489,2.012917412,0.002683872,0.4,Modelled
Thailand,9.468158729,1.008674259,0.002305468,0.4,Modelled
Thailand,9.53718325,1.005774511,0.002154711,0.4,Modelled
Thailand,9.344361141,1.03813555,0.001751856,0.4,Modelled
Thailand,9.571722307,1.03813555,0.001685869,0.4,Modelled
Thailand,8.711357831,1.4331415,0.002398508,0.4,Modelled
Thailand,9.687281176,1.002883099,0.003008435,0.4,Modelled
Thailand,8.122440921,1.011582367,0.001657648,0.4,Modelled
Thailand,9.449572058,1.773422454,0.003035842,0.4,Modelled
Thailand,8.906545809,1.470760256,0.002564074,0.4,Modelled
Thailand,9.088230503,1.014498859,0.002465772,0.4,Modelled
Thailand,8.460414797,1.029207935,0.001864719,0.4,Modelled
Thailand,8.053598881,1.002883099,0.001287263,0.4,Modelled
Thailand,8.644431944,1.002883099,0.002269185,0.4,Modelled
Thailand,9.292409607,2.585848941,0.002893681,0.4,Modelled
Thailand,9.648718459,1.728062277,0.003203227,0.4,Modelled
Thailand,8.422450029,1.005774511,0.001144146,0.4,Modelled
Thailand,9.868995668,1.065385733,0.003342088,0.4,Modelled
Thailand,9.28949651,2.258595506,0.00289701,0.4,Modelled
Thailand,9.215546782,1.005774511,0.0023744,0.4,Modelled
Thailand,8.313992271,1.011582367,0.002072382,0.4,Modelled
Thailand,8.625367306,1.029207935,0.001891773,0.4,Modelled
Thailand,9.194844023,1.008674259,0.002109984,0.4,Modelled
Thailand,9.853106471,1.002883099,0.003179404,0.4,Modelled
Thailand,8.801614026,1.005774511,0.001867408,0.4,Modelled
Thailand,8.753985275,1.01742376,0.001440167,0.4,Modelled
Thailand,9.672456555,1.008674259,0.001244953,0.4,Modelled
Thailand,8.574538841,1.011582367,0.001638582,0.4,Modelled
Thailand,8.896134588,1.023298884,0.001567564,0.4,Modelled
Thailand,9.784186077,1.011582367,0.001028242,0.4,Modelled
Thailand,9.706275578,1.011582367,0.003130795,0.4,Modelled
Thailand,8.229657846,1.032175243,0.001426478,0.4,Modelled
Thailand,7.856607179,1.005774511,0.001476175,0.4,Modelled
Thailand,9.869066408,1.011582367,0.001020448,0.4,Modelled
Thailand,9.200754953,1.011582367,0.002473351,0.4,Modelled
Thailand,8.806550362,1.008674259,0.001996528,0.4,Modelled
Thailand,9.916273415,1.008674259,0.00188621,0.4,Modelled
Thailand,8.895343092,1.008674259,0.001898594,0.4,Modelled
Thailand,9.79671347,1.002883099,0.002376581,0.4,Modelled
Thailand,9.363951645,1.035151107,0.002146457,0.4,Modelled
Thailand,9.549256181,1.011582367,0.002523966,0.4,Modelled
Thailand,9.494457973,1.023298884,0.002099982,0.4,Modelled
Thailand,9.197366432,1.023298884,0.001573633,0.4,Modelled
Thailand,7.753966108,1.005774511,0.001390924,0.4,Modelled
Thailand,8.436386209,1.014498859,0.001814043,0.4,Modelled
Thailand,9.917219011,1.008674259,0.001409766,0.4,Modelled
Thailand,9.337418381,1.005774511,0.002073569,0.4,Modelled
Thailand,9.989322597,1.002883099,0.001791542,0.4,Modelled
Thailand,8.759284259,1.020357094,0.001426125,0.4,Modelled
Thailand,9.470062824,1.011582367,0.00126029,0.4,Modelled
Thailand,9.624158893,1.011582367,0.001295626,0.4,Modelled
Thailand,9.519951278,1.023298884,0.002743021,0.4,Modelled
Thailand,8.882675295,1.014498859,0.001404936,0.4,Modelled
Thailand,9.808594136,1.008674259,0.002261104,0.4,Modelled
Thailand,9.201560586,1.011582367,0.002628289,0.4,Modelled
Thailand,9.688356226,1.002883099,0.00220804,0.4,Modelled
Thailand,9.804488127,1.005774511,0.001262369,0.4,Modelled
Thailand,7.771593083,1.005774511,0.001072291,0.4,Modelled
Thailand,9.93540791,2.213534379,0.00351792,0.4,Modelled
Thailand,8.783468822,1.008674259,0.001489701,0.4,Modelled
Thailand,9.729172999,1.804322141,0.00326883,0.4,Modelled
Thailand,8.210405847,1.40859842,0.002050885,0.4,Modelled
Thailand,8.206987858,1.01742376,0.001504255,0.4,Modelled
Thailand,9.285681533,1.032175243,0.00253596,0.4,Modelled
Thailand,7.891957093,1.005774511,0.001149441,0.4,Modelled
Thailand,9.150943652,1.011582367,0.002628553,0.4,Modelled
Thailand,8.75499952,1.01742376,0.001962307,0.4,Modelled
Thailand,9.644531228,1.020357094,0.002409327,0.4,Modelled
Thailand,8.601076231,1.014498859,0.001788966,0.4,Modelled
Thailand,9.627618457,1.011582367,0.002495489,0.4,Modelled
Thailand,9.33361634,1.01742376,0.001930588,0.4,Modelled
Thailand,9.885319867,2.556241613,0.0034722,0.4,Modelled
Thailand,8.823533876,1.48779514,0.002497028,0.4,Modelled
Thailand,8.41243246,1.011582367,0.00168018,0.4,Modelled
Thailand,8.732273763,1.01742376,0.001215407,0.4,Modelled
Thailand,8.08765587,1.002883099,0.001367613,0.4,Modelled
Thailand,9.583646143,1.002883099,0.002781345,0.4,Modelled
Thailand,8.538274039,1.014498859,0.001406745,0.4,Modelled
Thailand,9.997712616,1.005774511,0.002529727,0.4,Modelled
Thailand,9.734308797,2.646096336,0.003316476,0.4,Modelled
Thailand,9.06502019,1.014498859,0.001137099,0.4,Modelled
Thailand,9.832286424,1.005774511,0.001556929,0.4,Modelled
Thailand,9.303864901,1.014498859,0.001061905,0.4,Modelled
Thailand,9.610317229,1.002883099,0.002330063,0.4,Modelled
Thailand,8.73110865,1.002883099,0.001135141,0.4,Modelled
Thailand,9.490218302,1.008674259,0.001680563,0.4,Modelled
Thailand,9.741340087,1.002883099,0.002641019,0.4,Modelled
Thailand,8.483112132,1.020357094,0.002197118,0.4,Modelled
Thailand,9.364556804,1.035151107,0.00266911,0.4,Modelled
Thailand,9.19310685,1.020357094,0.001206242,0.4,Modelled
Thailand,9.626299603,1.011582367,0.00287165,0.4,Modelled
Thailand,8.266487226,1.044130275,0.001718382,0.4,Modelled
Thailand,9.757983107,1.011582367,0.00152674,0.4,Modelled
Thailand,8.134935668,1.032175243,0.001905488,0.4,Modelled
Thailand,9.646860495,1.008674259,0.001776677,0.4,Modelled
Thailand,9.534453631,1.002883099,0.001315354,0.4,Modelled
Thailand,8.648508457,1.01742376,0.001796489,0.4,Modelled
Thailand,9.556082748,1.029207935,0.001976949,0.4,Modelled
Thailand,9.15119135,1.011582367,0.002605993,0.4,Modelled
Thailand,9.674231609,1.008674259,0.002820692,0.4,Modelled
Thailand,8.732903741,1.01742376,0.001260692,0.4,Modelled
Thailand,8.905746549,1.002883099,0.001409519,0.4,Modelled
Thailand,9.967235032,1.005774511,0.00164954,0.4,Modelled
Thailand,9.403919145,1.029207935,0.002166565,0.4,Modelled
Thailand,9.759595626,1.011582367,0.001304438,0.4,Modelled
Thailand,9.165294328,1.005774511,0.001670339,0.4,Modelled
Thailand,9.413646836,1.035151107,0.002814795,0.4,Modelled
Thailand,9.953806283,1.011582367,0.002546483,0.4,Modelled
Thailand,9.292977593,2.66904926,0.002906082,0.4,Modelled
Thailand,7.84209761,1.005774511,0.001242339,0.4,Modelled
Thailand,9.634894433,1.002883099,0.002296184,0.4,Modelled
Thailand,9.69812476,1.008674259,0.001498859,0.4,Modelled
Thailand,9.191103015,1.005774511,0.001573969,0.4,Modelled
Thailand,9.030465351,1.008674259,0.001534093,0.4,Modelled
Thailand,9.908461987,1.002883099,0.001590245,0.4,Modelled
Thailand,9.989498109,1.002883099,0.00227273,0.4,Modelled
Thailand,8.560785939,1.002883099,0.00126924,0.4,Modelled
Thailand,9.504952411,1.029207935,0.001735036,0.4,Modelled
Thailand,9.815586768,1.011582367,0.002436231,0.4,Modelled
Thailand,8.254232974,1.023298884,0.00130302,0.4,Modelled
Thailand,9.531224429,1.002883099,0.001283034,0.4,Modelled
Thailand,9.100437404,1.008674259,0.00246928,0.4,Modelled
Thailand,9.490933773,1.008674259,0.001354402,0.4,Modelled
Thailand,7.942512181,1.002883099,0.001523203,0.4,Modelled
Thailand,8.459148151,1.002883099,0.001507855,0.4,Modelled
Thailand,9.918132907,1.008674259,0.002233775,0.4,Modelled
Thailand,8.876607333,1.011582367,0.001377513,0.4,Modelled
Thailand,9.772977239,1.005774511,0.001378614,0.4,Modelled
Thailand,9.602779837,1.026249157,0.001550146,0.4,Modelled
Thailand,8.867213769,1.005774511,0.002432662,0.4,Modelled
Thailand,9.976273495,1.008674259,0.00321,0.4,Modelled
Thailand,9.305587071,3.227581513,0.002930086,0.4,Modelled
Thailand,9.186332251,1.002883099,0.002438077,0.5,Modelled
Thailand,8.985206658,1.008674259,0.001295535,0.5,Modelled
Thailand,9.377599912,1.014498859,0.001790017,0.5,Modelled
Thailand,8.765105254,1.023298884,0.002161372,0.5,Modelled
Thailand,9.973101701,2.73123513,0.003554326,0.5,Modelled
Thailand,8.857783275,1.462316096,0.002522195,0.5,Modelled
Thailand,8.934082114,1.005774511,0.002451791,0.5,Modelled
Thailand,7.845071004,1.008674259,0.001754192,0.5,Modelled
Thailand,8.633551365,1.922299067,0.002354215,0.5,Modelled
Thailand,9.597287939,1.008674259,0.002759964,0.5,Modelled
Thailand,9.824111573,1.002883099,0.001509651,0.5,Modelled
Thailand,8.77497356,1.002883099,0.001605654,0.5,Modelled
Thailand,8.930622524,1.002883099,0.001162047,0.5,Modelled
Thailand,9.455881433,1.002883099,0.002342037,0.5,Modelled
Thailand,8.024495526,1.008674259,0.001049886,0.5,Modelled
Thailand,9.25053405,1.026249157,0.002331012,0.5,Modelled
Thailand,8.306773997,1.032175243,0.001206886,0.5,Modelled
Thailand,9.405657636,1.002883099,0.002005248,0.5,Modelled
Thailand,9.446811651,1.011582367,0.001527759,0.5,Modelled
Thailand,9.256108604,1.029207935,0.002722892,0.5,Modelled
Thailand,9.954367169,1.011582367,0.001727822,0.5,Modelled
Thailand,7.803573601,1.002883099,0.001257348,0.5,Modelled
Thailand,9.557404245,1.002883099,0.002179305,0.5,Modelled
Thailand,9.441511951,1.008674259,0.001731375,0.5,Modelled
Thailand,9.655247951,1.041128598,0.002183497,0.5,Modelled
Thailand,9.619380541,1.008674259,0.002884955,0.5,Modelled
Thailand,9.614831178,1.005774511,0.001087723,0.5,Modelled
Thailand,9.000577762,1.01742376,0.002528568,0.5,Modelled
Thailand,9.012193411,1.011582367,0.002009885,0.5,Modelled
Thailand,9.639426717,1.032175243,0.002841207,0.5,Modelled
Thailand,8.455793702,1.026249157,0.001127107,0.5,Modelled
Thailand,8.331288377,1.023298884,0.001341033,0.5,Modelled
Thailand,8.624363113,1.531250564,0.002326299,0.5,Modelled
Thailand,9.705649935,1.011582367,0.002790416,0.5,Modelled
Thailand,8.260946162,1.002883099,0.001828833,0.5,Modelled
Thailand,9.976287998,1.008674259,0.002556093,0.5,Modelled
Thailand,9.217603932,1.008674259,0.002057721,0.5,Modelled
Thailand,9.702918049,1.011582367,0.002479363,0.5,Modelled
Thailand,9.94176959,1.005774511,0.001712438,0.5,Modelled
Thailand,9.385955143,1.005774511,0.001645059,0.5,Modelled
Thailand,9.353457522,1.014498859,0.002684457,0.5,Modelled
Thailand,9.170548843,1.008674259,0.001412532,0.5,Modelled
Thailand,8.398966867,1.002883099,0.00161725,0.5,Modelled
Thailand,9.461470351,1.014498859,0.002963442,0.5,Modelled
Thailand,9.034961195,1.011582367,0.001547869,0.5,Modelled
Thailand,9.136207058,1.002883099,0.001454199,0.5,Modelled
Thailand,8.670299848,1.005774511,0.001322763,0.5,Modelled
Thailand,8.339959884,1.041128598,0.001917453,0.5,Modelled
Thailand,9.495729359,1.011582367,0.001831643,0.5,Modelled
Thailand,9.786891981,1.011582367,0.002582494,0.5,Modelled
Thailand,8.955437568,1.01742376,0.002101803,0.5,Modelled
Thailand,9.698756693,1.008674259,0.002659233,0.5,Modelled
Thailand,9.481265055,1.002883099,0.002735632,0.5,Modelled
Thailand,8.939554118,1.008674259,0.002343223,0.5,Modelled
Thailand,8.210620904,1.032175243,0.001849573,0.5,Modelled
Thailand,9.361454596,1.005774511,0.001337117,0.5,Modelled
Thailand,9.65120002,1.011582367,0.001014906,0.5,Modelled
Thailand,9.961493462,1.002883099,0.002194444,0.5,Modelled
Thailand,9.064048654,1.014498859,0.002355744,0.5,Modelled
Thailand,7.828413048,1.008674259,0.001643504,0.5,Modelled
Thailand,8.873563469,1.023298884,0.002079271,0.5,Modelled
Thailand,7.90010481,1.008674259,0.001350004,0.5,Modelled
Thailand,9.149758423,1.023298884,0.002453735,0.5,Modelled
Thailand,9.734211015,1.011582367,0.002944656,0.5,Modelled
Thailand,9.938962649,1.005774511,0.001449111,0.5,Modelled
Thailand,8.81703621,1.002883099,0.001166975,0.5,Modelled
Thailand,8.477925809,1.014498859,0.001774953,0.5,Modelled
Thailand,9.175221362,1.011582367,0.001028668,0.5,Modelled
Thailand,9.206091449,1.014498859,0.001813287,0.5,Modelled
Thailand,9.814067727,1.011582367,0.003147727,0.5,Modelled
Thailand,9.148096625,1.008674259,0.002105628,0.5,Modelled
Thailand,8.630101063,1.032175243,0.001661537,0.5,Modelled
Thailand,8.64345161,1.014498859,0.001843792,0.5,Modelled
Thailand,9.962472635,1.002883099,0.002814963,0.5,Modelled
Thailand,8.318283562,1.014498859,0.001444833,0.5,Modelled
Thailand,8.131274705,1.01742376,0.001309916,0.5,Modelled
Thailand,9.184871243,1.002883099,0.001209984,0.5,Modelled
Thailand,9.600469646,1.011582367,0.001801351,0.5,Modelled
Thailand,9.755308483,1.008674259,0.001596728,0.5,Modelled
Thailand,8.712104787,1.01742376,0.002069104,0.5,Modelled
Thailand,8.414620326,1.026249157,0.00151068,0.5,Modelled
Thailand,8.186471182,1.029207935,0.001777378,0.5,Modelled
Thailand,8.961601915,1.008674259,0.001567524,0.5,Modelled
Thailand,9.493093809,1.008674259,0.002763193,0.5,Modelled
Thailand,8.090699438,1.002883099,0.001591203,0.5,Modelled
Thailand,9.678406712,1.011582367,0.001937671,0.5,Modelled
Thailand,9.961071898,1.002883099,0.002046805,0.5,Modelled
Thailand,9.781725856,1.008674259,0.001929696,0.5,Modelled
Thailand,9.810918119,1.011582367,0.001835454,0.5,Modelled
Thailand,8.911997555,1.005774511,0.001510315,0.5,Modelled
Thailand,9.055539581,1.008674259,0.002522398,0.5,Modelled
Thailand,9.906172628,1.002883099,0.001694269,0.5,Modelled
Thailand,9.377993563,1.014498859,0.002509707,0.5,Modelled
Thailand,8.395299921,1.026249157,0.001527052,0.5,Modelled
Thailand,8.09752001,1.008674259,0.001109438,0.5,Modelled
Thailand,8.127081495,1.014498859,0.001917997,0.5,Modelled
Thailand,7.999876737,1.005774511,0.001208699,0.5,Modelled
Thailand,7.863613164,1.008674259,0.001407691,0.5,Modelled
Thailand,8.179019545,1.011582367,0.001274386,0.5,Modelled
Thailand,8.188484285,1.005774511,0.001724954,0.5,Modelled
Thailand,9.414673284,1.008674259,0.002899811,0.5,Modelled
Thailand,9.835106497,1.008674259,0.001176239,0.5,Modelled
Thailand,7.74044962,1.008674259,0.001242734,0.5,Modelled
Thailand,9.827073604,1.002883099,0.001607801,0.5,Modelled
Thailand,8.128422931,1.053187331,0.001708277,0.5,Modelled
Thailand,9.507767251,1.002883099,0.002019528,0.5,Modelled
Thailand,9.232371738,1.002883099,0.001275899,0.5,Modelled
Thailand,9.435939372,1.005774511,0.002452011,0.5,Modelled
Thailand,8.688219454,1.002883099,0.001098965,0.5,Modelled
Thailand,8.849352145,1.008674259,0.001353194,0.5,Modelled
Thailand,9.521884435,1.011582367,0.001634975,0.5,Modelled
Thailand,8.292656905,1.023298884,0.001326632,0.5,Modelled
Thailand,9.95172972,1.011582367,0.00233669,0.5,Modelled
Thailand,9.434424267,1.005774511,0.001215227,0.5,Modelled
Thailand,9.944398938,1.008674259,0.002860683,0.5,Modelled
Thailand,8.754042184,1.01742376,0.002140795,0.5,Modelled
Thailand,8.881920791,1.014498859,0.001729215,0.5,Modelled
Thailand,9.62642869,1.011582367,0.002349085,0.5,Modelled
Thailand,8.76002823,1.020357094,0.00221686,0.5,Modelled
Thailand,8.298810219,1.014498859,0.001187916,0.5,Modelled
Thailand,9.365487226,1.008674259,0.002483505,0.5,Modelled
Thailand,9.734485188,1.011582367,0.001912171,0.5,Modelled
Thailand,9.674168869,1.008674259,0.001831878,0.5,Modelled
Thailand,8.643256429,1.014498859,0.002156885,0.5,Modelled
Thailand,9.508843393,1.002883099,0.001629305,0.5,Modelled
Thailand,9.443347139,1.023298884,0.002026444,0.5,Modelled
Thailand,8.681394274,1.011582367,0.001601508,0.5,Modelled
Thailand,8.328541945,1.008674259,0.001392013,0.5,Modelled
Thailand,8.950788619,1.002883099,0.001664733,0.5,Modelled
Thailand,9.565975131,1.005774511,0.002356588,0.5,Modelled
Thailand,9.966469971,1.005774511,0.002561349,0.5,Modelled
Thailand,9.938487401,1.005774511,0.001918173,0.5,Modelled
Thailand,7.804633357,1.005774511,0.001373402,0.5,Modelled
Thailand,8.965635892,1.011582367,0.001290338,0.5,Modelled
Thailand,9.849926583,4.291984694,0.003454299,0.5,Modelled
Thailand,9.671321866,1.008674259,0.001491143,0.5,Modelled
Thailand,9.238420222,1.28462744,0.002815498,0.5,Modelled
Thailand,9.800532715,1.005774511,0.002502884,0.5,Modelled
Thailand,9.406463494,1.002883099,0.001086184,0.5,Modelled
Thailand,9.708188422,1.011582367,0.002889923,0.5,Modelled
Thailand,9.694935663,1.005774511,0.001210192,0.5,Modelled
Thailand,9.057700334,1.011582367,0.001130441,0.5,Modelled
Thailand,8.291264269,1.035151107,0.001391572,0.5,Modelled
Thailand,9.598161567,1.011582367,0.002847684,0.5,Modelled
Thailand,9.491691108,1.008674259,0.001153879,0.5,Modelled
Thailand,8.621499263,1.014498859,0.001128549,0.5,Modelled
Thailand,8.439943901,1.029207935,0.001449692,0.5,Modelled
Thailand,9.939964845,1.318347826,0.003443643,0.5,Modelled
Thailand,8.995301912,1.014498859,0.002097982,0.5,Modelled
Thailand,8.590324672,1.020357094,0.00114235,0.5,Modelled
Thailand,9.673450383,2.868232838,0.003275738,0.5,Modelled
Thailand,9.72163598,1.005774511,0.001556516,0.5,Modelled
Thailand,9.805095784,1.005774511,0.002058102,0.5,Modelled
Thailand,9.748259411,1.513718125,0.003270904,0.5,Modelled
Thailand,8.178302778,1.011582367,0.001798182,0.5,Modelled
Thailand,9.616645027,1.005774511,0.001120708,0.5,Modelled
Thailand,9.778397297,1.008674259,0.003217936,0.5,Modelled
Thailand,9.380941042,1.002883099,0.00166024,0.5,Modelled
Thailand,7.942926765,1.002883099,0.001810842,0.5,Modelled
Thailand,9.598773208,1.011582367,0.001612233,0.5,Modelled
Thailand,8.54493582,1.005774511,0.001135994,0.5,Modelled
Thailand,9.302304128,2.707747428,0.002938175,0.5,Modelled
Thailand,9.854780444,1.005774511,0.002590164,0.5,Modelled
Thailand,8.908011936,1.002883099,0.001608277,0.5,Modelled
Thailand,9.457410265,1.002883099,0.002106319,0.5,Modelled
Thailand,9.481364675,1.002883099,0.001210161,0.5,Modelled
Thailand,9.191453793,1.005774511,0.001979156,0.5,Modelled
Thailand,8.172428307,1.032175243,0.001564427,0.5,Modelled
Thailand,7.752734351,1.002883099,0.001662359,0.5,Modelled
Thailand,9.249837568,1.011582367,0.002285227,0.5,Modelled
Thailand,8.808508279,1.023298884,0.001739693,0.5,Modelled
Thailand,8.841378352,1.002883099,0.001459567,0.5,Modelled
Thailand,9.754027846,1.008674259,0.002468068,0.5,Modelled
Thailand,9.61899259,1.008674259,0.003020412,0.5,Modelled
Thailand,7.894405723,1.005774511,0.001718282,0.5,Modelled
Thailand,8.516034302,1.669381664,0.002267518,0.5,Modelled
Thailand,9.94015749,1.005774511,0.003031001,0.5,Modelled
Thailand,9.330254087,1.788805579,0.002926327,0.5,Modelled
Thailand,9.187083899,1.002883099,0.002354817,0.5,Modelled
Thailand,9.82773006,1.005774511,0.003072951,0.5,Modelled
Thailand,8.492388711,1.011582367,0.001521924,0.5,Modelled
Thailand,9.609407387,2.036231759,0.003187574,0.5,Modelled
Thailand,9.49262747,1.008674259,0.002674796,0.5,Modelled
Thailand,9.772136311,1.002883099,0.003026793,0.5,Modelled
Thailand,9.593870451,1.008674259,0.001230578,0.5,Modelled
Thailand,9.55670032,1.002883099,0.001678781,0.5,Modelled
Thailand,8.166428231,1.041128598,0.001716542,0.5,Modelled
Thailand,8.990845086,1.011582367,0.002035783,0.5,Modelled
Thailand,8.930724433,1.002883099,0.001405803,0.5,Modelled
Thailand,8.315533081,1.03813555,0.001942952,0.5,Modelled
Thailand,8.787425998,1.011582367,0.002125735,0.5,Modelled
Thailand,9.262059382,1.005774511,0.002690369,0.5,Modelled
Thailand,9.38784009,1.005774511,0.001827445,0.5,Modelled
Thailand,9.837097844,1.174944911,0.003323865,0.5,Modelled
Thailand,8.738264556,1.020357094,0.001707447,0.5,Modelled
Thailand,9.53522062,1.01742376,0.002164911,0.5,Modelled
Thailand,9.977340894,1.011582367,0.002224239,0.5,Modelled
Thailand,9.840536594,1.011582367,0.001967919,0.5,Modelled
Thailand,9.282531134,1.640792882,0.00287276,0.5,Modelled
Thailand,9.700289237,1.008674259,0.001394686,0.5,Modelled
Thailand,9.799402752,1.002883099,0.001333022,0.5,Modelled
Thailand,9.268356328,1.008674259,0.002492073,0.5,Modelled
Thailand,9.38820427,1.020357094,0.001532249,0.5,Modelled
Thailand,8.358194196,1.002883099,0.001974308,0.5,Modelled
Thailand,9.259611907,1.01742376,0.00126004,0.5,Modelled
Thailand,7.982490264,1.005774511,0.001484127,0.5,Modelled
Thailand,8.596500052,1.026249157,0.002274073,0.5,Modelled
Thailand,8.360964289,1.005774511,0.002113307,0.5,Modelled
Thailand,9.415531031,1.008674259,0.002071805,0.5,Modelled
Thailand,9.000245993,1.01742376,0.002512191,0.5,Modelled
Thailand,9.944464587,1.144892449,0.003436307,0.5,Modelled
Thailand,9.571012395,1.026249157,0.003041696,0.5,Modelled
Thailand,8.607075493,1.005774511,0.001400908,0.5,Modelled
Thailand,8.742398172,1.753117208,0.002435341,0.5,Modelled
Thailand,9.148949937,1.008674259,0.001455132,0.5,Modelled
Thailand,9.024601761,1.005774511,0.001466601,0.5,Modelled
Thailand,7.794441723,1.008674259,0.001653412,0.5,Modelled
Thailand,9.228419419,2.630904152,0.002852642,0.5,Modelled
Thailand,9.530906467,1.002883099,0.001026303,0.6,Modelled
Thailand,8.566984486,1.005774511,0.002114293,0.6,Modelled
Thailand,9.997313599,1.005774511,0.002639178,0.6,Modelled
Thailand,8.56950235,1.020357094,0.001667439,0.6,Modelled
Thailand,9.487335789,1.005774511,0.001166488,0.6,Modelled
Thailand,8.392421097,1.57597523,0.002180537,0.6,Modelled
Thailand,9.972264062,1.008674259,0.001208561,0.6,Modelled
Thailand,8.43621608,1.014498859,0.001519944,0.6,Modelled
Thailand,9.051670886,1.020357094,0.001443983,0.6,Modelled
Thailand,9.815020755,1.492084601,0.003350216,0.6,Modelled
Thailand,9.390389862,1.548986069,0.002965707,0.6,Modelled
Thailand,9.196106156,1.008674259,0.002068457,0.6,Modelled
Thailand,9.990315924,1.002883099,0.001617324,0.6,Modelled
Thailand,8.656944835,1.023298884,0.001218541,0.6,Modelled
Thailand,9.781738375,1.008674259,0.002867214,0.6,Modelled
Thailand,8.018501667,1.005774511,0.001580954,0.6,Modelled
Thailand,8.605741543,1.01742376,0.002038202,0.6,Modelled
Thailand,8.108759748,1.002883099,0.001444131,0.6,Modelled
Thailand,8.771747409,1.014498859,0.0018038,0.6,Modelled
Thailand,8.977606242,1.01742376,0.001005261,0.6,Modelled
Thailand,9.37182085,1.011582367,0.00112916,0.6,Modelled
Thailand,8.226853391,1.005774511,0.001845988,0.6,Modelled
Thailand,9.406565306,1.002883099,0.002612343,0.6,Modelled
Thailand,9.537576442,1.005774511,0.002271671,0.6,Modelled
Thailand,9.446709794,1.011582367,0.002144402,0.6,Modelled
Thailand,9.78093136,1.008674259,0.002178732,0.6,Modelled
Thailand,9.749471108,1.005774511,0.003131979,0.6,Modelled
Thailand,9.515731685,1.008674259,0.002142654,0.6,Modelled
Thailand,9.725015639,1.008674259,0.002986299,0.6,Modelled
Thailand,9.854381563,1.002883099,0.002987085,0.6,Modelled
Thailand,9.720566295,1.005774511,0.001856244,0.6,Modelled
Thailand,9.877607957,1.002883099,0.002678582,0.6,Modelled
Thailand,8.429413111,1.035151107,0.001202746,0.6,Modelled
Thailand,8.062609057,1.008674259,0.001058733,0.6,Modelled
Thailand,9.536027697,1.40859842,0.0030893,0.6,Modelled
Thailand,9.497508361,1.011582367,0.001038833,0.6,Modelled
Thailand,9.506995935,1.002883099,0.002358502,0.6,Modelled
Thailand,8.254774543,1.011582367,0.001404671,0.6,Modelled
Thailand,8.093179886,1.005774511,0.001574858,0.6,Modelled
Thailand,9.749538389,1.005774511,0.002513926,0.6,Modelled
Thailand,7.602718662,1.026249157,0.00115835,0.6,Modelled
Thailand,8.34427895,1.044130275,0.001865493,0.6,Modelled
Thailand,9.042239215,1.014498859,0.002364668,0.6,Modelled
Thailand,8.162826582,1.03813555,0.001874034,0.6,Modelled
Thailand,9.963381233,1.002883099,0.001097356,0.6,Modelled
Thailand,9.130098822,1.011582367,0.002354072,0.6,Modelled
Thailand,9.596250914,1.008674259,0.001046041,0.6,Modelled
Thailand,9.912896037,1.005774511,0.002844612,0.6,Modelled
Thailand,9.259876288,1.01742376,0.001487527,0.6,Modelled
Thailand,8.452686362,1.011582367,0.001495299,0.6,Modelled
Thailand,9.756921177,1.011582367,0.001016653,0.6,Modelled
Thailand,8.129683543,1.041128598,0.001351737,0.6,Modelled
Thailand,8.333526392,1.011582367,0.001813648,0.6,Modelled
Thailand,9.704157064,2.278187147,0.003274648,0.6,Modelled
Thailand,8.369705536,1.035151107,0.001076036,0.6,Modelled
Thailand,8.986266827,1.008674259,0.00139112,0.6,Modelled
Thailand,9.393363348,1.023298884,0.001323779,0.6,Modelled
Thailand,8.440970589,1.01742376,0.00113994,0.6,Modelled
Thailand,7.878673967,1.008674259,0.001473602,0.6,Modelled
Thailand,9.047486797,1.005774511,0.001384623,0.6,Modelled
Thailand,9.97695583,1.008674259,0.002310974,0.6,Modelled
Thailand,9.456833435,1.002883099,0.002262748,0.6,Modelled
Thailand,9.266386585,1.035151107,0.001997895,0.6,Modelled
Thailand,8.786843099,1.023298884,0.002172001,0.6,Modelled
Thailand,9.15960212,1.002883099,0.002425956,0.6,Modelled
Thailand,8.663133735,1.014498859,0.002274777,0.6,Modelled
Thailand,9.838814007,1.011582367,0.002321193,0.6,Modelled
Thailand,9.199566186,1.011582367,0.001561769,0.6,Modelled
Thailand,9.888822446,1.008674259,0.001241968,0.6,Modelled
Thailand,9.734191238,1.011582367,0.001837742,0.6,Modelled
Thailand,7.583752215,1.002883099,0.001527398,0.6,Modelled
Thailand,9.234460653,1.002883099,0.001452088,0.6,Modelled
Thailand,8.972326169,1.014498859,0.001862705,0.6,Modelled
Thailand,9.745375943,1.002883099,0.001019625,0.6,Modelled
Thailand,9.09840637,1.020357094,0.002295809,0.6,Modelled
Thailand,7.650196159,1.002883099,0.001469275,0.6,Modelled
Thailand,9.645798107,1.008674259,0.002447645,0.6,Modelled
Thailand,8.70893246,1.002883099,0.002104924,0.6,Modelled
Thailand,8.700091397,1.023298884,0.002339337,0.6,Modelled
Thailand,8.919982403,1.023298884,0.001790275,0.6,Modelled
Thailand,9.176650236,1.011582367,0.001678366,0.6,Modelled
Thailand,7.949587813,1.008674259,0.001726424,0.6,Modelled
Thailand,9.224371272,1.011582367,0.001044059,0.6,Modelled
Thailand,9.991163146,1.002883099,0.001984716,0.6,Modelled
Thailand,7.5837103,1.002883099,0.001509591,0.6,Modelled
Thailand,8.939469494,1.008674259,0.001925814,0.6,Modelled
Thailand,8.254334285,1.023298884,0.001155487,0.6,Modelled
Thailand,9.210130331,1.002883099,0.002456806,0.6,Modelled
Thailand,9.237725243,1.005774511,0.001573238,0.6,Modelled
Thailand,9.479671192,1.002883099,0.0029515,0.6,Modelled
Thailand,9.8933235,1.011582367,0.001738352,0.6,Modelled
Thailand,8.044204573,1.008674259,0.001265568,0.6,Modelled
Thailand,8.005054118,1.008674259,0.001624764,0.6,Modelled
Thailand,9.101240871,1.008674259,0.002550013,0.6,Modelled
Thailand,9.169069391,1.020357094,0.002634537,0.6,Modelled
Thailand,7.792215638,1.008674259,0.001014574,0.6,Modelled
Thailand,9.84053606,1.011582367,0.002270313,0.6,Modelled
Thailand,9.591249549,1.005774511,0.002820526,0.6,Modelled
Thailand,7.691453444,1.008674259,0.001426788,0.6,Modelled
Thailand,7.636740516,1.005774511,0.001541248,0.6,Modelled
Thailand,9.252927281,1.783663102,0.002831774,0.6,Modelled
Thailand,8.819081925,1.002883099,0.001541433,0.6,Modelled
Thailand,8.258736863,1.026249157,0.00173741,0.6,Modelled
Thailand,9.868753336,1.011582367,0.002216022,0.6,Modelled
Thailand,9.52109511,1.011582367,0.002256718,0.6,Modelled
Thailand,9.077271785,1.008674259,0.001150424,0.6,Modelled
Thailand,9.788196514,1.011582367,0.001881264,0.6,Modelled
Thailand,8.038124889,1.005774511,0.001206844,0.6,Modelled
Thailand,8.937942865,1.008674259,0.002474647,0.6,Modelled
Thailand,9.316528008,1.008674259,0.002408373,0.6,Modelled
Thailand,8.042641965,1.008674259,0.001645637,0.6,Modelled
Thailand,9.965429878,1.002883099,0.001423519,0.6,Modelled
Thailand,8.674270283,1.020357094,0.001861278,0.6,Modelled
Thailand,8.671744564,1.005774511,0.001814288,0.6,Modelled
Thailand,9.462245561,1.005774511,0.002198705,0.6,Modelled
Thailand,9.814675158,1.011582367,0.001174396,0.6,Modelled
Thailand,9.190576881,1.005774511,0.001488759,0.6,Modelled
Thailand,9.878104205,1.002883099,0.002100061,0.6,Modelled
Thailand,9.784604705,1.011582367,0.001705917,0.6,Modelled
Thailand,7.634309444,1.002883099,0.001539362,0.6,Modelled
Thailand,8.122195125,1.011582367,0.001818417,0.6,Modelled
Thailand,9.824852979,1.002883099,0.002640036,0.6,Modelled
Thailand,8.358882695,1.002883099,0.001885671,0.6,Modelled
Thailand,9.749428359,1.005774511,0.002428092,0.7,Modelled
Thailand,9.952555413,1.011582367,0.002620889,0.7,Modelled
Thailand,8.629503076,1.005774511,0.002215768,0.7,Modelled
Thailand,7.879883772,1.008674259,0.001289038,0.7,Modelled
Thailand,8.534099937,1.011582367,0.001084488,0.7,Modelled
Thailand,8.137379414,1.059268973,0.001590793,0.7,Modelled
Thailand,9.756443658,1.008674259,0.002324319,0.7,Modelled
Thailand,9.864548365,1.008674259,0.003213251,0.7,Modelled
Thailand,9.745802036,1.005774511,0.002773581,0.7,Modelled
Thailand,9.573060772,1.011582367,0.002726258,0.7,Modelled
Thailand,9.171087336,1.505027329,0.002759718,0.7,Modelled
Thailand,8.940326611,1.008674259,0.002156526,0.7,Modelled
Thailand,9.232622605,1.002883099,0.001392836,0.7,Modelled
Thailand,9.230903102,1.014498859,0.002301328,0.7,Modelled
Thailand,8.300569876,1.041128598,0.00169843,0.7,Modelled
Thailand,9.640031639,1.005774511,0.002387847,0.7,Modelled
Thailand,9.31194891,1.005774511,0.001256929,0.7,Modelled
Thailand,8.533951227,1.011582367,0.002153862,0.7,Modelled
Thailand,9.922697609,3.25557839,0.003514546,0.7,Modelled
Thailand,8.002219956,1.005774511,0.001472041,0.7,Modelled
Thailand,9.003326477,1.005774511,0.002218189,0.7,Modelled
Thailand,9.003665773,1.005774511,0.002506308,0.7,Modelled
Thailand,9.440396256,1.778535407,0.003011331,0.7,Modelled
Thailand,7.945800877,1.005774511,0.00150535,0.7,Modelled
Thailand,9.935303897,1.002883099,0.002559396,0.7,Modelled
Thailand,7.86438681,1.008674259,0.00149948,0.7,Modelled
Thailand,8.285952828,1.044130275,0.001892713,0.7,Modelled
Thailand,9.299879485,1.026249157,0.002507886,0.7,Modelled
Thailand,9.77835404,1.008674259,0.001063485,0.7,Modelled
Thailand,9.297771367,1.011582367,0.001031707,0.7,Modelled
Thailand,9.309817752,1.032175243,0.001327818,0.7,Modelled
Thailand,8.461091016,1.01742376,0.001557124,0.7,Modelled
Thailand,8.444675403,1.032175243,0.001038972,0.7,Modelled
Thailand,7.719443195,1.005774511,0.001075793,0.7,Modelled
Thailand,8.591499286,1.008674259,0.001130053,0.7,Modelled
Thailand,9.583570713,1.002883099,0.002906854,0.7,Modelled
Thailand,8.696391138,1.008674259,0.001315798,0.7,Modelled
Thailand,9.48196263,1.002883099,0.001925722,0.7,Modelled
Thailand,9.707900076,1.011582367,0.002343116,0.7,Modelled
Thailand,9.997921509,1.005774511,0.003339156,0.7,Modelled
Thailand,9.183360273,1.014498859,0.002275768,0.7,Modelled
Thailand,7.625993459,1.008674259,0.001395479,0.7,Modelled
Thailand,9.812847834,1.011582367,0.002039727,0.7,Modelled
Thailand,8.806407489,1.008674259,0.00176845,0.7,Modelled
Thailand,9.748675476,1.005774511,0.002054677,0.7,Modelled
Thailand,8.310372411,1.035151107,0.002031355,0.7,Modelled
Thailand,9.75932848,1.011582367,0.003080621,0.7,Modelled
Thailand,7.736240572,1.005774511,0.001724382,0.7,Modelled
Thailand,9.572062627,1.492084601,0.003111247,0.7,Modelled
Thailand,9.647650552,1.008674259,0.002688767,0.7,Modelled
Thailand,8.66439134,1.014498859,0.002065026,0.7,Modelled
Thailand,9.806762275,1.008674259,0.001419851,0.7,Modelled
Thailand,9.975101164,1.008674259,0.002029442,0.8,Modelled
Thailand,8.352854919,1.011582367,0.001157888,0.8,Modelled
Thailand,9.47906656,1.029207935,0.001096568,0.8,Modelled
Thailand,9.123963753,1.008674259,0.001636469,0.8,Modelled
Thailand,9.511115646,1.005774511,0.001183829,0.8,Modelled
Thailand,8.291957053,1.023298884,0.00149675,0.8,Modelled
Thailand,8.657866655,1.023298884,0.001955205,0.8,Modelled
Thailand,8.602612671,1.002883099,0.00177056,0.8,Modelled
Thailand,9.583278312,1.002883099,0.001557506,0.8,Modelled
Thailand,8.156122793,1.059268973,0.001036089,0.8,Modelled
Thailand,8.505229042,1.032175243,0.001776569,0.8,Modelled
Thailand,9.879090421,1.002883099,0.002073115,0.8,Modelled
Thailand,9.677525695,1.011582367,0.002980012,0.8,Modelled
Thailand,8.195672832,1.035151107,0.0010881,0.8,Modelled
Thailand,8.316116514,1.026249157,0.001208649,0.8,Modelled
Canada,9.246722663,2.935059463,0.045072502,0.1,Modelled
Canada,5.400137727,2.126091227,0.014515952,0.2,Modelled
Canada,8.321854963,1.598825073,0.026773262,0.2,Modelled
Canada,7.509614079,3.209050815,0.030479766,0.2,Modelled
Canada,7.746144458,2.265107261,0.028439461,0.2,Modelled
Canada,8.769090138,13.42090943,0.055880862,0.2,Modelled
Canada,9.48098445,1.655025544,0.033671696,0.2,Modelled
Canada,6.512483591,1.566926993,0.017776201,0.2,Modelled
Canada,8.896865195,5.372575727,0.050445537,0.2,Modelled
Canada,7.109542432,1.337462366,0.018633528,0.2,Modelled
Canada,9.859317133,1.13504676,0.025007792,0.2,Modelled
Canada,7.531418994,1.995607,0.02558965,0.2,Modelled
Canada,9.511725763,1.688717054,0.034363429,0.2,Modelled
Canada,7.601867723,1.674194657,0.023784096,0.2,Modelled
Canada,7.595823285,1.181729643,0.01878566,0.2,Modelled
Canada,9.537137362,2.770834922,0.046618606,0.2,Modelled
Canada,9.20384687,5.372575727,0.054451708,0.2,Modelled
Canada,7.032532858,1.589645647,0.020288708,0.2,Modelled
Canada,9.562486144,2.994808743,0.048758132,0.2,Modelled
Canada,7.052481086,1.420816966,0.019181197,0.2,Modelled
Canada,8.682057306,7.924552441,0.051214765,0.2,Modelled
Canada,8.04643971,5.042845572,0.039553215,0.2,Modelled
Canada,7.632239378,3.902993693,0.033192871,0.2,Modelled
Canada,8.518267447,1.763240603,0.029716129,0.2,Modelled
Canada,9.047530931,13.42090943,0.060636545,0.2,Modelled
Canada,8.061273836,2.723383345,0.033237025,0.2,Modelled
Canada,8.946061166,1.589645647,0.029883499,0.2,Modelled
Canada,7.061868479,1.44557294,0.019385871,0.2,Modelled
Canada,5.863247456,3.66345594,0.019183797,0.2,Modelled
Canada,9.246941444,30.92947819,0.068530907,0.2,Modelled
Canada,3.569883716,1.005774511,0.005842613,0.2,Modelled
Canada,7.534449786,2.200825688,0.026685061,0.2,Modelled
Canada,9.887974212,1.718140854,0.036974651,0.2,Modelled
Canada,6.545937269,2.232735149,0.020852077,0.2,Modelled
Canada,9.817072019,8.322044956,0.070033245,0.2,Modelled
Canada,7.025577753,15.67829474,0.032987629,0.2,Modelled
Canada,8.027181513,1.233879697,0.020998641,0.2,Modelled
Canada,9.034689797,1.526848508,0.029393351,0.2,Modelled
Canada,4.300783583,2.144533492,0.009908838,0.2,Modelled
Canada,9.194896773,2.156917124,0.038085137,0.2,Modelled
Canada,8.655929014,1.743051936,0.030277913,0.2,Modelled
Canada,6.035842559,1.352953345,0.014569475,0.2,Modelled
Canada,8.991804459,29.19888997,0.063308776,0.2,Modelled
Canada,4.517950617,1.083948758,0.008427028,0.2,Modelled
Canada,8.421584275,2.065754796,0.031794713,0.2,Modelled
Canada,6.993508432,1.44974067,0.019053407,0.2,Modelled
Canada,9.279764959,3.631951455,0.049339502,0.2,Modelled
Canada,8.058533837,5.013892794,0.03965611,0.2,Modelled
Canada,9.056118185,2.304573946,0.038558733,0.2,Modelled
Canada,8.880714974,1.420816966,0.027163619,0.2,Modelled
Canada,3.531944348,1.518082325,0.006699498,0.2,Modelled
Canada,9.104275199,1.989870008,0.035717462,0.2,Modelled
Canada,9.959900525,3.172307981,0.054199717,0.2,Modelled
Canada,6.759708727,2.427148084,0.022632729,0.2,Modelled
Canada,8.171888823,1.065385733,0.018921899,0.2,Modelled
Canada,9.527039095,1.416732386,0.029847486,0.2,Modelled
Canada,9.929050556,1.13504676,0.025125669,0.2,Modelled
Canada,9.84891105,2.188189961,0.043515532,0.2,Modelled
Canada,8.683535161,2.441163677,0.036572208,0.2,Modelled
Canada,8.191874636,1.191980271,0.021006402,0.2,Modelled
Canada,9.949010876,2.001360534,0.041656715,0.2,Modelled
Canada,8.655421521,1.273580077,0.023921615,0.2,Modelled
Canada,9.083453509,2.512465026,0.040633554,0.2,Modelled
Canada,5.79483379,4.316768806,0.019214111,0.2,Modelled
Canada,7.864864119,3.458475641,0.03426097,0.2,Modelled
Canada,9.674412413,1.258997902,0.027225878,0.3,Modelled
Canada,8.695110389,1.400511153,0.026108971,0.3,Modelled
Canada,8.928981182,2.692201283,0.040399191,0.3,Modelled
Canada,8.757850965,6.764061566,0.05081325,0.3,Modelled
Canada,9.806140655,1.659797147,0.035440873,0.3,Modelled
Canada,7.395212019,1.314557826,0.019576478,0.3,Modelled
Canada,8.373673848,1.679021526,0.028005224,0.3,Modelled
Canada,8.993915599,2.095705883,0.036009389,0.3,Modelled
Canada,9.1750216,12.74313603,0.062844031,0.3,Modelled
Canada,8.165368993,2.200825688,0.030985162,0.3,Modelled
Canada,7.827650732,20.49169553,0.043380519,0.3,Modelled
Canada,7.250820784,1.989870008,0.023860854,0.3,Modelled
Canada,6.671150132,1.518082325,0.018146814,0.3,Modelled
Canada,5.476424991,1.664582507,0.013704262,0.3,Modelled
Canada,9.495287498,1.867746062,0.036760476,0.3,Modelled
Canada,9.629831585,3.341034577,0.051785114,0.3,Modelled
Canada,9.532908851,10.65999348,0.067689538,0.3,Modelled
Canada,9.955251955,5.497750747,0.066158519,0.3,Modelled
Canada,6.652429663,1.13504676,0.015150636,0.3,Modelled
Canada,8.248150208,1.174944911,0.020939651,0.3,Modelled
Canada,9.807324431,2.181899329,0.043004189,0.3,Modelled
Canada,7.110674094,6.783563027,0.031521081,0.3,Modelled
Canada,4.649121022,1.360765989,0.009749087,0.3,Modelled
Canada,8.062024398,3.781328527,0.037084215,0.3,Modelled
Canada,4.573750945,1.703365422,0.010305788,0.3,Modelled
Canada,6.85672602,1.03813555,0.014755375,0.3,Modelled
Canada,7.206792896,1.733044452,0.022103061,0.3,Modelled
Canada,6.425931491,1.09335121,0.014009708,0.3,Modelled
Canada,8.631157849,1.961431489,0.032329732,0.3,Modelled
Canada,9.663904704,7.811297539,0.066575652,0.3,Modelled
Canada,5.368558422,1.708276394,0.013370925,0.3,Modelled
Canada,9.262097084,1.713201524,0.033344913,0.3,Modelled
Canada,8.211364869,1.388467229,0.023781085,0.3,Modelled
Canada,9.11639878,1.29577063,0.026005277,0.3,Modelled
Canada,9.836251331,2.684461713,0.048821132,0.3,Modelled
Canada,9.677178405,1.233879697,0.026711421,0.3,Modelled
Canada,7.839039929,3.246219218,0.033438578,0.3,Modelled
Canada,7.951308127,2.441163677,0.031026143,0.3,Modelled
Canada,8.008039685,1.280934379,0.02160149,0.3,Modelled
Canada,7.411199317,2.723383345,0.028134356,0.3,Modelled
Canada,4.320947192,1.50070066,0.009045228,0.3,Modelled
Canada,9.956089258,2.786835139,0.051067362,0.3,Modelled
Canada,8.465228428,2.175626781,0.032880787,0.3,Modelled
Canada,8.882953646,16.99446812,0.059259747,0.3,Modelled
Canada,8.870480176,2.455260203,0.038151324,0.3,Modelled
Canada,9.328223916,6.534371185,0.058766388,0.3,Modelled
Canada,8.290870825,1.277251935,0.022578278,0.3,Modelled
Canada,8.420616979,3.569752937,0.039809904,0.3,Modelled
Canada,8.645515359,1.778535407,0.030592666,0.3,Modelled
Canada,9.550646891,2.876502237,0.047768756,0.3,Modelled
Canada,9.712075502,7.310818321,0.066400429,0.3,Modelled
Canada,7.979834176,1.154823542,0.019728444,0.3,Modelled
Canada,3.949339948,1.144892449,0.007138979,0.3,Modelled
Canada,5.255800241,1.509366472,0.01233237,0.3,Modelled
Canada,7.716586651,4.533296276,0.035054033,0.3,Modelled
Canada,6.330579206,2.200825688,0.019490618,0.3,Modelled
Canada,9.86060251,3.82512526,0.057771508,0.3,Modelled
Canada,9.678980401,1.364689212,0.029423771,0.3,Modelled
Canada,8.115646287,3.055774344,0.034995895,0.3,Modelled
Canada,9.209913227,1.659797147,0.032350284,0.3,Modelled
Canada,9.212727477,3.012102298,0.045161298,0.3,Modelled
Canada,9.238127981,7.459645333,0.059316988,0.3,Modelled
Canada,6.948833892,2.150716395,0.022833491,0.3,Modelled
Canada,8.487137569,5.220107177,0.045001701,0.3,Modelled
Canada,9.53374523,3.631951455,0.052531598,0.3,Modelled
Canada,5.790323552,6.028302662,0.020137192,0.3,Modelled
Canada,8.174548084,3.341034577,0.03661895,0.3,Modelled
Canada,6.165756353,3.190626508,0.020606795,0.3,Modelled
Canada,8.728040641,28.61634437,0.058170813,0.3,Modelled
Canada,9.323362072,1.400511153,0.028675775,0.3,Modelled
Canada,6.603607241,1.050159617,0.014140597,0.3,Modelled
Canada,7.699323784,1.273580077,0.020287544,0.3,Modelled
Canada,9.100033462,1.617343251,0.031136685,0.3,Modelled
Canada,8.537493896,3.012102298,0.038620057,0.3,Modelled
Canada,9.898843319,2.608279263,0.048477876,0.3,Modelled
Canada,9.56455453,2.483697926,0.044289099,0.3,Modelled
Canada,9.768431157,1.198863374,0.026209179,0.3,Modelled
Canada,5.679145135,1.728062277,0.014792081,0.3,Modelled
Canada,7.470152745,1.341318402,0.020153171,0.3,Modelled
Canada,9.550606248,1.466532098,0.030854152,0.3,Modelled
Canada,7.625802023,4.612283342,0.034377215,0.3,Modelled
Canada,7.240291586,1.384475648,0.01962494,0.3,Modelled
Canada,7.544774176,2.692201283,0.029017376,0.3,Modelled
Canada,7.341140776,1.292045535,0.019180798,0.3,Modelled
Canada,8.688598176,1.612693695,0.028807557,0.3,Modelled
Canada,8.112481824,3.770457923,0.037578073,0.3,Modelled
Canada,7.008567386,8.394232525,0.031097953,0.3,Modelled
Canada,7.777470814,1.753117208,0.025325219,0.3,Modelled
Canada,7.976170834,10.93980932,0.043237648,0.3,Modelled
Canada,8.90171951,1.115608663,0.02193871,0.3,Modelled
Canada,8.490722657,3.559490572,0.040632784,0.3,Modelled
Canada,9.551624745,4.379357028,0.056107827,0.3,Modelled
Canada,4.828717254,1.400511153,0.010455384,0.3,Modelled
Canada,8.71310067,1.441417191,0.026689044,0.3,Modelled
Canada,9.897037689,12.66997313,0.076942223,0.3,Modelled
Canada,9.905362173,21.95762665,0.080577993,0.3,Modelled
Canada,9.435674512,1.437273389,0.029835491,0.3,Modelled
Canada,9.621138016,1.420816966,0.030354028,0.3,Modelled
Canada,7.591203702,11.0665182,0.038448649,0.3,Modelled
Canada,8.913854377,8.565114702,0.055119861,0.3,Modelled
Canada,6.26969191,1.002883099,0.012704893,0.3,Modelled
Canada,7.493862102,4.028573465,0.032045749,0.3,Modelled
Canada,4.789786775,2.534258797,0.012346782,0.3,Modelled
Canada,9.632431481,2.505242164,0.045210999,0.3,Modelled
Canada,9.354587257,1.862376645,0.035883562,0.3,Modelled
Canada,8.992343549,1.368623747,0.026806386,0.3,Modelled
Canada,9.776035383,3.350667111,0.053445864,0.3,Modelled
Canada,6.005639133,1.191980271,0.013436192,0.3,Modelled
Canada,9.20070016,8.109185671,0.059204744,0.3,Modelled
Canada,9.009853801,7.001825819,0.054892796,0.3,Modelled
Canada,8.563135709,2.571002658,0.036394426,0.3,Modelled
Canada,9.038013853,4.899734448,0.05091768,0.3,Modelled
Canada,8.29511314,2.232735149,0.032308118,0.3,Modelled
Canada,9.024419386,1.230332526,0.024509762,0.3,Modelled
Canada,6.857470551,1.333617414,0.017640708,0.3,Modelled
Canada,8.190843386,30.22526328,0.049253164,0.3,Modelled
Canada,9.72222492,4.760684681,0.059788689,0.3,Modelled
Canada,7.274387662,1.333617414,0.01924374,0.3,Modelled
Canada,6.498522835,2.213534379,0.020509005,0.3,Modelled
Canada,9.23848941,1.303253072,0.02659053,0.3,Modelled
Canada,9.904032781,2.483697926,0.047314955,0.3,Modelled
Canada,6.794842155,1.87313096,0.020780735,0.3,Modelled
Canada,4.917188743,1.01742376,0.009164725,0.3,Modelled
Canada,9.343638727,3.302780562,0.048304437,0.3,Modelled
Canada,8.250270777,14.2573401,0.048301734,0.3,Modelled
Canada,7.472236783,2.385582271,0.027162716,0.3,Modelled
Canada,9.069678303,7.438200263,0.056176208,0.3,Modelled
Canada,9.974412497,13.19107137,0.078347264,0.3,Modelled
Canada,9.595242073,35.71808957,0.076064155,0.3,Modelled
Canada,7.517264899,2.794869861,0.029121746,0.3,Modelled
Canada,7.57487406,1.080832611,0.01739464,0.3,Modelled
Canada,9.450202741,3.478446646,0.050599433,0.3,Modelled
Canada,6.363153005,1.4331415,0.01631947,0.3,Modelled
Canada,7.379758398,1.198863374,0.018276192,0.3,Modelled
Canada,8.171980051,1.241004749,0.021662045,0.3,Modelled
Canada,7.828580387,19.17876798,0.043348528,0.3,Modelled
Canada,7.674897121,3.163188196,0.031621214,0.3,Modelled
Canada,8.873763988,1.174944911,0.022962729,0.3,Modelled
Canada,7.778170106,3.25557839,0.03276502,0.3,Modelled
Canada,9.552435167,5.466186196,0.059986381,0.3,Modelled
Canada,9.088183504,1.056223775,0.02119415,0.3,Modelled
Canada,3.266910332,1.148193288,0.005474221,0.3,Modelled
Canada,9.854711567,8.815284013,0.071371249,0.3,Modelled
Canada,8.924014964,2.05389456,0.035275492,0.3,Modelled
Canada,8.072033856,1.793962883,0.027346548,0.3,Modelled
Canada,5.723627836,2.843567002,0.017436791,0.3,Modelled
Canada,7.696897734,1.835760217,0.025462042,0.3,Modelled
Canada,9.692397027,13.38232685,0.072658625,0.3,Modelled
Canada,7.070213441,2.232735149,0.024004732,0.3,Modelled
Canada,6.994229333,2.490858674,0.024351628,0.3,Modelled
Canada,9.329644162,3.508619592,0.049339798,0.3,Modelled
Canada,6.663229126,1.233879697,0.016024951,0.3,Modelled
Canada,9.710925851,3.508619592,0.053649332,0.3,Modelled
Canada,9.54232615,1.862376645,0.036969997,0.3,Modelled
Canada,9.382653109,4.110583512,0.052595068,0.3,Modelled
Canada,8.896020101,5.85722521,0.051345669,0.3,Modelled
Canada,9.832359574,1.933399404,0.039935997,0.3,Modelled
Canada,6.918077774,1.280934379,0.01744352,0.3,Modelled
Canada,3.535028247,1.020357094,0.005806967,0.3,Modelled
Canada,9.232677827,7.699661237,0.059277584,0.3,Modelled
Canada,9.353997436,1.277251935,0.026566617,0.3,Modelled
Canada,8.471368281,1.955792745,0.031196009,0.3,Modelled
Canada,7.923803135,1.16484078,0.019684728,0.3,Modelled
Canada,7.01450191,1.462316096,0.019271627,0.3,Modelled
Canada,6.449638378,1.125285741,0.014386912,0.3,Modelled
Canada,6.456114571,1.603434644,0.017710951,0.3,Modelled
Canada,7.334304919,1.883947374,0.023794645,0.3,Modelled
Canada,3.647708962,1.241004749,0.006591123,0.3,Modelled
Canada,8.497790014,39.61863193,0.054820638,0.3,Modelled
Canada,8.047541045,1.94456384,0.028453785,0.3,Modelled
Canada,7.220837301,1.273580077,0.018461798,0.3,Modelled
Canada,9.271340094,1.683862312,0.0330465,0.3,Modelled
Canada,9.196917085,25.21159953,0.066163556,0.3,Modelled
Canada,9.531011625,5.707410499,0.060144042,0.3,Modelled
Canada,8.860171423,1.041128598,0.020289652,0.3,Modelled
Canada,6.462639386,4.442852708,0.024076796,0.3,Modelled
Canada,8.579324108,2.455260203,0.035933598,0.3,Modelled
Canada,7.151783638,1.364689212,0.019044109,0.3,Modelled
Canada,9.806956874,1.664582507,0.035545284,0.3,Modelled
Canada,6.466134268,3.9824473,0.023602666,0.3,Modelled
Canada,9.931902939,4.455661893,0.061550737,0.3,Modelled
Canada,9.968384663,3.117981028,0.054086207,0.3,Modelled
Canada,8.556567319,1.778535407,0.030058615,0.3,Modelled
Canada,8.697023307,1.713201524,0.030074973,0.3,Modelled
Canada,5.573804649,1.047140607,0.011141653,0.3,Modelled
Canada,7.58051961,1.188553553,0.01882473,0.3,Modelled
Canada,8.182692954,2.960518927,0.035233034,0.3,Modelled
Canada,6.954561271,7.289801101,0.030146754,0.3,Modelled
Canada,9.257488407,1.099664778,0.022598195,0.3,Modelled
Canada,9.840913071,1.492084601,0.032619233,0.3,Modelled
Canada,9.817464835,4.559473844,0.060626644,0.3,Modelled
Canada,9.534982531,18.79613333,0.072147796,0.3,Modelled
Canada,9.264276321,1.223268748,0.025171749,0.3,Modelled
Canada,9.654106708,1.50070066,0.03191961,0.3,Modelled
Canada,5.864879562,4.218482862,0.01966056,0.3,Modelled
Canada,8.801402035,8.322044956,0.0530727,0.3,Modelled
Canada,7.096486226,1.984149508,0.022954653,0.3,Modelled
Canada,9.150848983,1.185136686,0.024077013,0.3,Modelled
Canada,4.406201744,1.322148754,0.00889466,0.3,Modelled
Canada,6.412878405,1.288331148,0.015607578,0.3,Modelled
Canada,7.044597208,1.978445453,0.022676907,0.3,Modelled
Canada,9.676251651,5.042845572,0.060383401,0.3,Modelled
Canada,4.780544956,1.01742376,0.008820121,0.3,Modelled
Canada,8.073435835,21.33449025,0.047016809,0.3,Modelled
Canada,8.381008237,4.146239776,0.041061418,0.3,Modelled
Canada,6.831517182,1.188553553,0.016226563,0.3,Modelled
Canada,9.200507128,4.913860869,0.053341645,0.3,Modelled
Canada,9.921574071,4.760684681,0.062755629,0.3,Modelled
Canada,7.75040824,4.65229148,0.035519307,0.3,Modelled
Canada,7.987933729,2.571002658,0.03189905,0.3,Modelled
Canada,8.379142248,3.199825401,0.037951668,0.3,Modelled
Canada,7.152406259,1.571444599,0.020707286,0.3,Modelled
Canada,9.326273424,3.154094628,0.047151938,0.3,Modelled
Canada,8.514956077,1.862376645,0.030698559,0.3,Modelled
Canada,8.905922487,2.778823515,0.040830173,0.3,Modelled
Canada,9.603707445,22.21194793,0.07472364,0.3,Modelled
Canada,8.301261919,3.012102298,0.036473619,0.3,Modelled
Canada,5.697342305,2.851765288,0.017302626,0.3,Modelled
Canada,8.81726413,4.404645672,0.046861633,0.3,Modelled
Canada,9.086589696,8.179526844,0.057757864,0.3,Modelled
Canada,9.058183017,1.011582367,0.020156675,0.3,Modelled
Canada,9.663391119,5.190136677,0.060967367,0.3,Modelled
Canada,7.896239383,3.274377763,0.033998411,0.3,Modelled
Canada,8.615960352,4.218482862,0.043845413,0.3,Modelled
Canada,9.883099946,5.976461292,0.066263358,0.3,Modelled
Canada,9.541220152,1.462316096,0.030739466,0.3,Modelled
Canada,8.736365247,1.280934379,0.024343304,0.3,Modelled
Canada,7.491307478,1.280934379,0.01955728,0.3,Modelled
Canada,9.778662969,4.040188242,0.057831081,0.4,Modelled
Canada,9.956642606,6.151021383,0.068061474,0.4,Modelled
Canada,6.524813972,1.102835221,0.014419926,0.4,Modelled
Canada,8.904542496,7.481152231,0.053745798,0.4,Modelled
Canada,8.817125295,5.450471945,0.049408762,0.4,Modelled
Canada,4.960453784,3.046989571,0.01361722,0.4,Modelled
Canada,9.379300849,18.90467181,0.069227418,0.4,Modelled
Canada,8.544907163,2.960518927,0.038556132,0.4,Modelled
Canada,9.723656773,2.226316457,0.042996331,0.4,Modelled
Canada,7.831406679,4.928028018,0.036819162,0.4,Modelled
Canada,6.379330896,1.608057505,0.017411981,0.4,Modelled
Canada,7.931183168,3.341034577,0.034396495,0.4,Modelled
Canada,8.517250533,5.34172985,0.045535927,0.4,Modelled
Canada,8.512913259,2.794869861,0.037410396,0.4,Modelled
Canada,8.973178781,5.205100356,0.051155771,0.4,Modelled
Canada,7.035293116,2.399357842,0.024404566,0.4,Modelled
Canada,8.335621424,2.952007995,0.036555549,0.4,Modelled
Canada,9.299622934,19.12363265,0.067613766,0.4,Modelled
Canada,8.840787183,9.364678523,0.0550248,0.4,Modelled
Canada,9.91648861,12.34590358,0.076728802,0.4,Modelled
Canada,4.996392798,2.05389456,0.012588411,0.4,Modelled
Canada,9.923370197,1.396484948,0.031050899,0.4,Modelled
Canada,9.260862961,7.76645009,0.059649494,0.4,Modelled
Canada,9.307863543,1.7683242,0.034362269,0.4,Modelled
Canada,8.70867531,5.235157264,0.047688343,0.4,Modelled
Canada,8.840978639,2.392460142,0.037604535,0.4,Modelled
Canada,8.81343002,1.1416011,0.022152885,0.4,Modelled
Canada,8.905488307,4.815824676,0.049292462,0.4,Modelled
Canada,7.658899511,2.498040067,0.029035076,0.4,Modelled
Canada,8.247487194,4.170182282,0.039691281,0.4,Modelled
Canada,8.431713625,1.429021489,0.025244931,0.4,Modelled
Canada,5.241702509,1.128530051,0.010688503,0.4,Modelled
Canada,9.614993224,1.125285741,0.024140622,0.4,Modelled
Canada,8.824165801,4.638917021,0.047584961,0.4,Modelled
Canada,5.215307737,2.226316457,0.01381114,0.4,Modelled
Canada,7.149967528,4.230645167,0.029460319,0.4,Modelled
Canada,8.517709817,4.559473844,0.043849025,0.4,Modelled
Canada,9.249768849,19.45683823,0.066041758,0.4,Modelled
Canada,8.70889708,4.316768806,0.045629439,0.4,Modelled
Canada,9.045545494,29.96533621,0.064015902,0.4,Modelled
Canada,9.261851804,5.086588519,0.054620375,0.4,Modelled
Canada,6.881035031,2.909818941,0.024820307,0.4,Modelled
Canada,9.302850763,10.62934802,0.063837401,0.4,Modelled
Canada,7.466798845,3.209050815,0.030032128,0.4,Modelled
Canada,8.456083513,2.278187147,0.033655781,0.4,Modelled
Canada,8.061013592,2.676744394,0.032857872,0.4,Modelled
Canada,7.327530064,4.304358912,0.031084041,0.4,Modelled
Canada,9.853661342,2.297948731,0.04482821,0.4,Modelled
Canada,7.975314587,8.540491617,0.041995186,0.4,Modelled
Canada,8.276862736,11.13042193,0.047325452,0.4,Modelled
Canada,8.459589525,5.674642216,0.045406757,0.4,Modelled
Canada,9.943392993,8.274265122,0.072278068,0.4,Modelled
Canada,7.260756126,4.379357028,0.030748689,0.4,Modelled
Canada,7.736613411,2.200825688,0.028170492,0.4,Modelled
Canada,9.920491378,39.84741015,0.084624461,0.4,Modelled
Canada,9.400271292,1.131783715,0.023653043,0.4,Modelled
Canada,5.299741858,1.32596064,0.011789012,0.4,Modelled
Canada,9.781329249,3.038230052,0.051459835,0.4,Modelled
Canada,7.922920263,28.2073697,0.045290411,0.4,Modelled
Canada,9.524848497,28.37025346,0.073382958,0.4,Modelled
Canada,9.233495114,10.12164994,0.062051341,0.4,Modelled
Canada,7.167307289,1.984149508,0.02339193,0.4,Modelled
Canada,7.526186409,4.899734448,0.033663908,0.4,Modelled
Canada,7.105831399,1.531250564,0.020247292,0.4,Modelled
Canada,9.018843475,3.055774344,0.043500039,0.4,Modelled
Canada,8.990360111,1.118825073,0.022242085,0.4,Modelled
Canada,8.620087476,27.40687158,0.056082122,0.4,Modelled
Canada,7.701320629,21.70621728,0.041864957,0.4,Modelled
Canada,4.669912962,1.299506466,0.009648849,0.4,Modelled
Canada,8.816394801,1.743051936,0.031121081,0.4,Modelled
Canada,9.804236845,2.024541025,0.041026212,0.4,Modelled
Canada,8.763142966,1.181729643,0.02273995,0.4,Modelled
Canada,8.861326827,5.250250742,0.049857021,0.4,Modelled
Canada,9.079985232,3.66345594,0.047204965,0.4,Modelled
Canada,9.681380639,4.218482862,0.057092721,0.4,Modelled
Canada,9.302575135,2.371885791,0.041019296,0.4,Modelled
Canada,8.949500773,22.99272249,0.061709205,0.4,Modelled
Canada,7.315492763,2.935059463,0.028082082,0.4,Modelled
Canada,8.5459552,18.10566388,0.0535494,0.4,Modelled
Canada,6.703298196,5.295792775,0.026792994,0.4,Modelled
Canada,8.898510396,17.09260286,0.059415514,0.4,Modelled
Canada,9.929610896,1.87313096,0.039694892,0.4,Modelled
Canada,5.573943987,3.209050815,0.016950467,0.4,Modelled
Canada,9.651851059,3.590366513,0.053493539,0.4,Modelled
Canada,8.484578021,7.524352225,0.048128952,0.4,Modelled
Canada,5.367533206,5.265387736,0.017013577,0.4,Modelled
Canada,7.322051557,2.646096336,0.027273678,0.4,Modelled
Canada,9.266366131,4.341696034,0.052182822,0.4,Modelled
Canada,9.180555952,5.976461292,0.05593999,0.4,Modelled
Canada,9.299151679,37.2943387,0.069469192,0.4,Modelled
Canada,9.481942377,1.185136686,0.02505416,0.4,Modelled
Canada,8.513059325,1.056223775,0.019684739,0.4,Modelled
Canada,8.001060938,2.101748011,0.029288662,0.4,Modelled
Canada,9.649346647,1.237437095,0.026690827,0.4,Modelled
Canada,9.63833877,9.500455676,0.068870674,0.4,Modelled
Canada,9.019597852,1.933399404,0.034576643,0.4,Modelled
Canada,9.732906807,24.4961185,0.078063812,0.4,Modelled
Canada,7.641171046,1.041128598,0.017005168,0.4,Modelled
Canada,8.949348403,1.102835221,0.021798701,0.4,Modelled
Canada,7.376852922,7.970312854,0.03478807,0.4,Modelled
Canada,6.675925613,7.310818321,0.027711627,0.4,Modelled
Canada,8.743426033,9.310912558,0.053569314,0.4,Modelled
Canada,8.81486337,1.922299067,0.033167493,0.4,Modelled
Canada,9.583819425,1.154823542,0.024735169,0.4,Modelled
Canada,9.504786549,4.218482862,0.055042182,0.4,Modelled
Canada,8.534787365,12.20454605,0.051810625,0.4,Modelled
Canada,9.730782711,2.358267947,0.044625493,0.4,Modelled
Canada,9.592805243,1.475000604,0.031213349,0.4,Modelled
Canada,8.255105033,1.862376645,0.029001406,0.4,Modelled
Canada,6.979528088,2.476557764,0.024207281,0.4,Modelled
Canada,9.512208986,1.603434644,0.032986811,0.4,Modelled
Canada,9.082530758,2.200825688,0.03769763,0.4,Modelled
Canada,9.60309397,1.557930706,0.032697857,0.4,Modelled
Canada,9.122733098,4.158193797,0.05001465,0.4,Modelled
Canada,9.785760385,1.251769545,0.027458582,0.4,Modelled
Canada,7.008081547,1.226795553,0.017195025,0.4,Modelled
Canada,8.342029712,3.163188196,0.037504535,0.4,Modelled
Canada,9.374765127,2.258595506,0.040710169,0.4,Modelled
Canada,9.983243342,8.943095573,0.074309336,0.4,Modelled
Canada,8.994966307,2.399357842,0.038776602,0.4,Modelled
Canada,9.36625691,7.993292057,0.062167843,0.4,Modelled
Canada,9.401953506,1.148193288,0.024021889,0.4,Modelled
Canada,7.337624975,2.843567002,0.027959852,0.4,Modelled
Canada,9.37889252,1.191980271,0.024877645,0.4,Modelled
Canada,9.26452017,1.674194657,0.032792299,0.4,Modelled
Canada,4.653245977,3.117981028,0.01217715,0.4,Modelled
Canada,9.44850267,2.893112631,0.046801068,0.4,Modelled
Canada,8.551752708,1.48779514,0.026621051,0.4,Modelled
Canada,8.537698413,1.526848508,0.027000024,0.4,Modelled
Canada,9.002397723,19.28951598,0.061658093,0.4,Modelled
Canada,8.451089566,3.600717897,0.040452534,0.4,Modelled
Canada,8.305826048,11.58820059,0.047958599,0.4,Modelled
Canada,8.812900973,1.55345195,0.028664742,0.4,Modelled
Canada,6.904022432,2.406275429,0.023474085,0.4,Modelled
Canada,8.256588607,13.11533671,0.047984891,0.4,Modelled
Canada,9.691467617,1.102835221,0.023745089,0.4,Modelled
Canada,7.135160164,2.119979117,0.023917286,0.4,Modelled
Canada,9.2056746,5.642062068,0.055516504,0.4,Modelled
Canada,9.370701002,3.190626508,0.047816371,0.4,Modelled
Canada,3.632887349,1.074627164,0.006165561,0.4,Modelled
Canada,7.12066808,1.023298884,0.015325044,0.4,Modelled
Canada,6.86810325,4.051836506,0.026808902,0.4,Modelled
Canada,9.665124958,1.916772821,0.038498696,0.4,Modelled
Canada,7.736487304,1.594228753,0.023801511,0.4,Modelled
Canada,7.493634304,4.430080346,0.032705297,0.4,Modelled
Canada,8.334759023,3.190626508,0.037518397,0.4,Modelled
Canada,9.55974486,9.41875496,0.067202815,0.4,Modelled
Canada,4.966312613,1.608057505,0.011547514,0.4,Modelled
Canada,7.902834097,1.13504676,0.019206197,0.4,Modelled
Canada,8.524859881,1.205786223,0.022344208,0.4,Modelled
Canada,9.570694173,4.468508009,0.056713195,0.4,Modelled
Canada,9.715229681,1.585075716,0.033669258,0.4,Modelled
Canada,6.80141442,1.683862312,0.019787096,0.4,Modelled
Canada,7.609328419,1.329783516,0.020557613,0.4,Modelled
Canada,4.769187014,1.014498859,0.008764031,0.4,Modelled
Canada,5.33585246,1.972757797,0.013932831,0.4,Modelled
Canada,7.936336541,2.85998721,0.032661572,0.4,Modelled
Canada,6.393114046,1.819973298,0.018427785,0.4,Modelled
Canada,8.100579498,3.18145406,0.035394234,0.4,Modelled
Canada,9.877872843,1.571444599,0.034297187,0.4,Modelled
Canada,8.721806994,1.562422375,0.028416191,0.4,Modelled
Canada,6.078725524,2.001360534,0.017487237,0.4,Modelled
Canada,9.716067298,2.684461713,0.047471514,0.4,Modelled
Canada,5.095442744,3.370015575,0.014464737,0.4,Modelled
Canada,9.37734165,10.32769731,0.064441508,0.4,Modelled
Canada,8.071273931,2.762869296,0.0334828,0.4,Modelled
Canada,7.073634251,4.391983149,0.029074167,0.4,Modelled
Canada,7.573518821,1.288331148,0.020007523,0.4,Modelled
Canada,7.076417549,3.880585212,0.0282268,0.4,Modelled
Canada,7.374280396,1.429021489,0.020566015,0.4,Modelled
Canada,9.942020531,10.84573065,0.076235153,0.4,Modelled
Canada,6.408498879,1.314557826,0.015744677,0.4,Modelled
Canada,9.742360458,4.27964605,0.058556585,0.4,Modelled
Canada,7.107688313,4.494311456,0.029424514,0.4,Modelled
Canada,8.298925919,3.792230473,0.039279656,0.4,Modelled
Canada,5.02818166,2.001360534,0.012626892,0.4,Modelled
Canada,8.580459167,1.314557826,0.024289765,0.4,Modelled
Canada,9.253117815,17.54126927,0.065838468,0.4,Modelled
Canada,8.919074923,1.380495543,0.026667093,0.4,Modelled
Canada,6.014961609,1.29577063,0.014158108,0.4,Modelled
Canada,7.053424943,3.66345594,0.027719367,0.4,Modelled
Canada,9.762133781,1.548986069,0.033315098,0.4,Modelled
Canada,4.946351182,1.693585793,0.011652185,0.4,Modelled
Canada,9.319926706,2.018720852,0.037451187,0.4,Modelled
Canada,7.534223937,2.786835139,0.02924158,0.4,Modelled
Canada,9.435958846,1.360765989,0.028454849,0.4,Modelled
Canada,5.12886441,1.753117208,0.012533443,0.4,Modelled
Canada,9.396110325,1.825220462,0.035633913,0.4,Modelled
Canada,5.822657436,3.498532974,0.018757864,0.4,Modelled
Canada,8.77704043,9.834407211,0.054463777,0.4,Modelled
Canada,9.134057952,4.80198009,0.052222316,0.4,Modelled
Canada,7.483283856,1.778535407,0.02387329,0.4,Modelled
Canada,9.220099049,1.763240603,0.033827105,0.4,Modelled
Canada,8.06024961,1.056223775,0.018418645,0.4,Modelled
Canada,9.137323207,1.115608663,0.022599717,0.4,Modelled
Canada,8.952209696,1.522459107,0.029003671,0.4,Modelled
Canada,9.430832866,12.38149804,0.067189947,0.4,Modelled
Canada,8.211095345,2.239172346,0.031608888,0.4,Modelled
Canada,9.093571618,2.036231759,0.036189032,0.4,Modelled
Canada,7.472055812,3.902993693,0.031832144,0.4,Modelled
Canada,9.475833059,38.94014814,0.073757945,0.4,Modelled
Canada,6.952105496,2.434145793,0.023940737,0.4,Modelled
Canada,7.844545371,1.1416011,0.01909828,0.4,Modelled
Canada,7.287215698,3.038230052,0.028281582,0.4,Modelled
Canada,9.05467848,3.003443073,0.043440026,0.4,Modelled
Canada,8.950865831,2.077683519,0.035581799,0.4,Modelled
Canada,9.260986601,2.317881733,0.040237261,0.4,Modelled
Canada,8.89504995,7.001825819,0.053124535,0.4,Modelled
Canada,9.141286056,2.876502237,0.043645305,0.4,Modelled
Canada,5.936682842,1.683862312,0.015761135,0.4,Modelled
Canada,7.142322701,17.24086852,0.034275958,0.4,Modelled
Canada,9.849799277,3.478446646,0.055204566,0.4,Modelled
Canada,6.101534006,1.1416011,0.01344048,0.4,Modelled
Canada,8.929371037,2.030377978,0.035014396,0.4,Modelled
Canada,9.201089726,3.51873529,0.048054743,0.4,Modelled
Canada,8.26065233,1.594228753,0.026420501,0.4,Modelled
Canada,8.228501215,2.331266366,0.032378111,0.4,Modelled
Canada,6.53372589,3.428733917,0.023381968,0.4,Modelled
Canada,9.109535308,36.23596112,0.06591268,0.4,Modelled
Canada,9.368700003,6.422467651,0.059544792,0.4,Modelled
Canada,8.302077793,1.181729643,0.021190764,0.4,Modelled
Canada,8.650371944,2.41321296,0.036072188,0.4,Modelled
Canada,9.392731644,15.81429233,0.068164922,0.4,Modelled
Canada,7.247977186,1.011582367,0.015507922,0.4,Modelled
Canada,7.746355011,4.086983183,0.034602659,0.4,Modelled
Canada,9.118085192,32.5745346,0.06560427,0.4,Modelled
Canada,8.160869915,1.28462744,0.022200023,0.4,Modelled
Canada,7.61815772,4.928028018,0.034855664,0.4,Modelled
Canada,9.86952302,8.565114702,0.071798026,0.4,Modelled
Canada,6.030375938,3.993929091,0.020532918,0.4,Modelled
Canada,8.582611878,2.113884578,0.033329145,0.4,Modelled
Canada,9.791383762,6.59105201,0.066602431,0.4,Modelled
Canada,9.896344848,1.778535407,0.037893851,0.4,Modelled
Canada,7.776647902,5.280568372,0.036876828,0.4,Modelled
Canada,9.415282436,17.74443868,0.069685575,0.4,Modelled
Canada,6.55835511,1.303253072,0.016225116,0.4,Modelled
Canada,6.569511755,1.819973298,0.019315621,0.4,Modelled
Canada,9.760651971,2.778823515,0.049003474,0.4,Modelled
Canada,9.83816591,1.466532098,0.03215664,0.4,Modelled
Canada,8.693283947,1.360765989,0.025427837,0.4,Modelled
Canada,9.947862786,2.786835139,0.051034154,0.4,Modelled
Canada,8.91159163,7.185617841,0.053845925,0.4,Modelled
Canada,8.519216242,1.566926993,0.02737421,0.4,Modelled
Canada,9.627597172,4.430080346,0.057256885,0.4,Modelled
Canada,7.890112525,4.665704498,0.037280084,0.4,Modelled
Canada,8.751853248,3.038230052,0.041018231,0.4,Modelled
Canada,9.428189439,1.496386429,0.030830797,0.4,Modelled
Canada,6.936981273,9.310912558,0.030802744,0.4,Modelled
Canada,9.00708376,2.441163677,0.039229971,0.4,Modelled
Canada,9.996576584,1.783663102,0.038610404,0.4,Modelled
Canada,8.305391028,15.67829474,0.049597464,0.4,Modelled
Canada,8.547089498,11.16251204,0.051728153,0.4,Modelled
Canada,8.699077312,1.778535407,0.030850301,0.4,Modelled
Canada,9.070750371,1.825220462,0.033690822,0.4,Modelled
Canada,8.214554169,4.063518353,0.039397087,0.4,Modelled
Canada,9.871655868,6.010972432,0.066697604,0.4,Modelled
Canada,9.644390183,14.42247384,0.072120353,0.4,Modelled
Canada,9.010727528,29.53708222,0.063717574,0.4,Modelled
Canada,9.524096445,3.190626508,0.049576421,0.4,Modelled
Canada,6.058964311,1.778535407,0.016628246,0.4,Modelled
Canada,7.385121925,1.345185556,0.019816778,0.4,Modelled
Canada,9.145590748,4.182205332,0.050284646,0.4,Modelled
Canada,9.521467846,3.528880153,0.051523198,0.4,Modelled
Canada,9.504073753,2.994808743,0.047862043,0.4,Modelled
Canada,9.333336278,4.455661893,0.053550443,0.4,Modelled
Canada,8.793338658,12.16946029,0.056040109,0.4,Modelled
Canada,9.238984887,3.302780562,0.047405826,0.4,Modelled
Canada,9.733988042,5.013892794,0.061169466,0.4,Modelled
Canada,8.593149106,2.200825688,0.03422427,0.4,Modelled
Canada,8.681464983,1.846360834,0.031486963,0.4,Modelled
Canada,9.974066039,6.258195303,0.069241873,0.4,Modelled
Canada,9.500050668,1.927841246,0.037650845,0.4,Modelled
Canada,8.818859059,1.288331148,0.024781874,0.4,Modelled
Canada,8.014064911,3.631951455,0.036247279,0.4,Modelled
Canada,8.468072127,2.252102471,0.033484892,0.4,Modelled
Canada,9.523303482,5.419178838,0.05950784,0.4,Modelled
Canada,7.835810661,22.59896357,0.043676322,0.4,Modelled
Canada,8.79727842,12.20454605,0.056165236,0.4,Modelled
Canada,8.550402224,7.268844301,0.048642074,0.4,Modelled
Canada,9.071268944,14.92943976,0.061710442,0.4,Modelled
Canada,4.326447365,2.150716395,0.010013804,0.4,Modelled
Canada,7.951311297,2.213534379,0.029727358,0.4,Modelled
Canada,5.53189852,1.984149508,0.014853704,0.4,Modelled
Canada,9.735308354,6.348931994,0.065017827,0.4,Modelled
Canada,4.654875352,2.042102417,0.011137716,0.4,Modelled
Canada,6.979330174,2.351488373,0.023874255,0.4,Modelled
Canada,8.61562034,21.58159413,0.055692575,0.4,Modelled
Canada,8.628856623,3.370015575,0.041085255,0.4,Modelled
Canada,8.646033511,1.462316096,0.026767606,0.4,Modelled
Canada,6.831282227,3.792230473,0.026125779,0.4,Modelled
Canada,9.035522876,1.4331415,0.028020465,0.4,Modelled
Canada,5.720419192,1.023298884,0.011380713,0.4,Modelled
Canada,8.974743225,4.316768806,0.048352742,0.4,Modelled
Canada,8.606326439,1.380495543,0.025354207,0.4,Modelled
Canada,9.540391054,3.073419946,0.048846423,0.4,Modelled
Canada,9.705285408,10.65999348,0.071403432,0.4,Modelled
Canada,8.830296647,5.823596788,0.050221899,0.4,Modelled
Canada,6.35910191,2.615799191,0.020742969,0.4,Modelled
Canada,9.971090492,4.857598384,0.064029912,0.4,Modelled
Canada,7.897520304,1.825220462,0.026648256,0.5,Modelled
Canada,9.079011391,1.299506466,0.025963253,0.5,Modelled
Canada,6.879046045,2.385582271,0.023264414,0.5,Modelled
Canada,5.42626768,1.071537815,0.010879145,0.5,Modelled
Canada,9.623852233,3.003443073,0.049375431,0.5,Modelled
Canada,9.119298894,10.97134988,0.060712129,0.5,Modelled
Canada,6.898721025,2.548892902,0.023968553,0.5,Modelled
Canada,8.772115266,2.762869296,0.039481121,0.5,Modelled
Canada,8.945388057,1.598825073,0.030090081,0.5,Modelled
Canada,9.215178491,1.804322141,0.034298804,0.5,Modelled
Canada,8.583581814,1.640792882,0.028689067,0.5,Modelled
Canada,7.894913298,18.74209801,0.043932098,0.5,Modelled
Canada,6.459862554,7.502721136,0.025726745,0.5,Modelled
Canada,6.165998317,1.372569625,0.015161377,0.5,Modelled
Canada,6.272498081,3.858305386,0.022145981,0.5,Modelled
Canada,8.368600755,7.611502031,0.046372695,0.5,Modelled
Canada,8.720415412,2.512465026,0.037519686,0.5,Modelled
Canada,8.067162325,6.422467651,0.041677532,0.5,Modelled
Canada,9.755162586,1.87313096,0.038526387,0.5,Modelled
Canada,8.994823073,1.518082325,0.029153946,0.5,Modelled
Canada,9.678930895,1.927841246,0.038822637,0.5,Modelled
Canada,9.165755944,4.774410207,0.052343146,0.5,Modelled
Canada,9.923059364,2.483697926,0.047711245,0.5,Modelled
Canada,8.44356596,1.34906386,0.024273029,0.5,Modelled
Canada,8.643128334,10.50764463,0.052470341,0.5,Modelled
Canada,8.923870347,2.747006676,0.04066106,0.5,Modelled
Canada,8.042404149,5.101253658,0.03966007,0.5,Modelled
Canada,9.760758703,3.54925771,0.05470976,0.5,Modelled
Canada,8.487608839,9.125151006,0.049251521,0.5,Modelled
Canada,5.393818155,2.083673687,0.014377852,0.5,Modelled
Canada,8.924433559,3.748810377,0.045890183,0.5,Modelled
Canada,6.772478638,1.743051936,0.019961998,0.5,Modelled
Canada,9.321161465,1.713201524,0.033696584,0.5,Modelled
Canada,9.459209364,5.388065396,0.058080682,0.5,Modelled
Canada,8.473097994,1.763240603,0.029459702,0.5,Modelled
Canada,8.916811972,26.47620371,0.061632559,0.5,Modelled
Canada,8.57484737,8.394232525,0.049886535,0.5,Modelled
Canada,9.975973286,2.608279263,0.049345636,0.5,Modelled
Canada,8.221486911,3.716571871,0.038202358,0.5,Modelled
Canada,5.982276652,1.669381664,0.015892683,0.5,Modelled
Canada,8.647264874,1.056223775,0.020082828,0.5,Modelled
Canada,7.542716165,1.288331148,0.019868078,0.5,Modelled
Canada,7.37903408,1.496386429,0.021248727,0.5,Modelled
Canada,7.060050533,1.071537815,0.015726566,0.5,Modelled
Canada,5.777191373,1.266267999,0.013127147,0.5,Modelled
Canada,5.504730307,2.175626781,0.015099265,0.5,Modelled
Canada,9.652411214,21.15102082,0.075289887,0.5,Modelled
Canada,9.964174268,7.567801678,0.07173559,0.5,Modelled
Canada,8.10537048,4.218482862,0.03867718,0.5,Modelled
Canada,6.515143663,1.55345195,0.017688018,0.5,Modelled
Canada,7.321278562,1.266267999,0.018756498,0.5,Modelled
Canada,8.913786554,1.594228753,0.029756188,0.5,Modelled
Canada,6.461198404,2.018720852,0.019584552,0.5,Modelled
Canada,9.794893853,8.664319,0.070526837,0.5,Modelled
Canada,7.240957388,1.535665311,0.020935507,0.5,Modelled
Canada,8.472773126,1.622006212,0.027817071,0.5,Modelled
Canada,8.153578429,12.85367329,0.046467666,0.5,Modelled
Canada,8.743548379,3.716571871,0.043903789,0.5,Modelled
Canada,9.076805395,1.011582367,0.020224986,0.5,Modelled
Canada,8.717064196,3.51873529,0.042580572,0.5,Modelled
Canada,9.812996097,5.357130588,0.06335874,0.5,Modelled
Canada,9.294566525,2.239172346,0.039875905,0.5,Modelled
Canada,9.363776628,1.955792745,0.037115,0.5,Modelled
Canada,7.610833965,3.293285692,0.031491046,0.5,Modelled
Canada,8.989887849,1.202319816,0.023817223,0.5,Modelled
Canada,9.222224583,6.610054667,0.057344655,0.5,Modelled
Canada,2.946726468,1.138319213,0.004737472,0.5,Modelled
Canada,9.160312846,1.255378521,0.025409519,0.5,Modelled
Canada,8.947910255,1.280934379,0.02516536,0.5,Modelled
Canada,9.179922621,14.88652045,0.063359483,0.5,Modelled
Canada,8.789401502,1.376526879,0.02611187,0.5,Modelled
Canada,6.470822523,2.083673687,0.019824475,0.5,Modelled
Canada,8.420217024,1.154823542,0.021159616,0.5,Modelled
Canada,9.715784026,1.693585793,0.035577171,0.5,Modelled
Canada,6.651030922,10.97134988,0.028324927,0.5,Modelled
Canada,9.585717941,1.938973586,0.038315182,0.5,Modelled
Canada,8.153008641,2.534258797,0.032940762,0.5,Modelled
Canada,7.662522333,2.786835139,0.030328057,0.5,Modelled
Canada,9.521503086,1.29577063,0.027513586,0.5,Modelled
Canada,8.134401481,2.723383345,0.033761513,0.5,Modelled
Canada,6.501355447,1.083948758,0.014187579,0.5,Modelled
Canada,8.996742683,2.358267947,0.038576481,0.5,Modelled
Canada,7.169485506,3.064584445,0.027354336,0.5,Modelled
Canada,4.608144706,1.509366472,0.009997904,0.5,Modelled
Canada,5.54398786,2.012917412,0.014929034,0.5,Modelled
Canada,8.180735873,5.101253658,0.041156487,0.5,Modelled
Canada,8.758046417,1.733044452,0.030773071,0.5,Modelled
Canada,9.761971524,3.508619592,0.054570285,0.5,Modelled
Canada,9.698950378,1.466532098,0.031531173,0.5,Modelled
Canada,8.761114844,2.811008867,0.039624869,0.5,Modelled
Canada,9.989398316,30.13837136,0.084678926,0.5,Modelled
Canada,8.932382494,2.548892902,0.039532599,0.5,Modelled
Canada,9.899601186,2.827241068,0.050602022,0.5,Modelled
Canada,5.569761945,2.843567002,0.016561466,0.5,Modelled
Canada,9.872721203,5.642062068,0.065300557,0.5,Modelled
Canada,9.646264067,11.75621627,0.070960284,0.5,Modelled
Canada,7.760380496,28.04542111,0.043030857,0.5,Modelled
Canada,8.858956941,1.526848508,0.028574183,0.5,Modelled
Canada,9.233890192,29.79329451,0.067999052,0.5,Modelled
Canada,8.929166667,3.218302827,0.043671122,0.5,Modelled
Canada,9.451406785,2.638489309,0.044728715,0.5,Modelled
Canada,8.97478195,1.062322951,0.021043539,0.5,Modelled
Canada,8.247871479,21.64381601,0.049147697,0.5,Modelled
Canada,8.340157608,13.34385519,0.0490838,0.5,Modelled
Canada,9.617886725,3.936849269,0.055249055,0.5,Modelled
Canada,6.95618984,1.548986069,0.01968259,0.5,Modelled
Canada,9.372570953,9.473143662,0.063412955,0.5,Modelled
Canada,9.480556814,2.754926569,0.045887419,0.5,Modelled
Canada,8.064807431,1.376526879,0.023041558,0.5,Modelled
Canada,7.369827423,1.846360834,0.023739716,0.5,Modelled
Canada,8.115142511,2.385582271,0.031941488,0.5,Modelled
Canada,9.23596201,4.158193797,0.051405509,0.5,Modelled
Canada,9.881629172,2.876502237,0.05110152,0.5,Modelled
Canada,9.023906825,1.458112214,0.028343961,0.5,Modelled
Canada,3.1904779,1.258997902,0.005460315,0.5,Modelled
Canada,9.800927452,2.188189961,0.043138048,0.5,Modelled
Canada,7.241426797,5.92506574,0.031992626,0.5,Modelled
Canada,9.123300897,6.862132741,0.056248516,0.5,Modelled
Canada,7.104396108,1.011582367,0.015126984,0.5,Modelled
Canada,9.15522076,5.691002773,0.054411846,0.5,Modelled
Canada,6.253023291,2.188189961,0.019002544,0.5,Modelled
Canada,8.317110289,1.171567166,0.021087273,0.5,Modelled
Canada,8.510160141,2.278187147,0.034195382,0.5,Modelled
Canada,8.98618767,3.154094628,0.043890976,0.5,Modelled
Canada,6.393215089,1.4331415,0.016433779,0.5,Modelled
Canada,7.873510783,16.04358152,0.043143639,0.5,Modelled
Canada,9.955441287,11.92666799,0.077623524,0.5,Modelled
Canada,9.409343245,12.23973297,0.066632478,0.5,Modelled
Canada,7.845763837,2.5933042,0.030976185,0.5,Modelled
Canada,7.263894005,8.085873296,0.033704334,0.5,Modelled
Canada,5.896152855,1.424913323,0.014428919,0.5,Modelled
Canada,9.683488527,3.814128748,0.055435852,0.5,Modelled
Canada,9.542386662,1.814741219,0.036298172,0.5,Modelled
Canada,9.994302461,5.790161438,0.067502012,0.5,Modelled
Canada,7.864600739,1.299506466,0.021261869,0.5,Modelled
Canada,9.615431014,28.69884813,0.075605276,0.5,Modelled
Canada,8.057935281,19.23406227,0.046086211,0.5,Modelled
Canada,8.071294759,5.280568372,0.040234836,0.5,Modelled
Canada,8.643152913,6.222264768,0.048645693,0.5,Modelled
Canada,9.041826357,1.280934379,0.025447055,0.5,Modelled
Canada,8.303035417,1.894826249,0.029620652,0.5,Modelled
Canada,8.178636069,28.45204772,0.048778385,0.5,Modelled
Canada,5.81811886,1.857022665,0.015792241,0.5,Modelled
Canada,8.146510095,6.961625835,0.04305839,0.5,Modelled
Canada,9.479825943,10.29800713,0.066583526,0.5,Modelled
Canada,9.993862191,1.28462744,0.028912414,0.5,Modelled
Canada,9.926042236,14.80105162,0.078694592,0.5,Modelled
Canada,7.180246655,12.45299514,0.033975199,0.5,Modelled
Canada,9.415879803,19.28951598,0.070119796,0.5,Modelled
Canada,8.859253613,1.441417191,0.027387467,0.5,Modelled
Canada,7.497243059,3.126970477,0.030145277,0.5,Modelled
Canada,8.988554216,2.630904152,0.040422363,0.5,Modelled
Canada,9.391944461,7.206334691,0.061184408,0.5,Modelled
Canada,8.382079395,8.442705111,0.047228518,0.5,Modelled
Canada,7.618412021,14.33966927,0.039447265,0.5,Modelled
Canada,6.105061985,1.002883099,0.01226031,0.5,Modelled
Canada,9.937735938,7.76645009,0.071980428,0.5,Modelled
Canada,7.1625449,3.438619297,0.028141033,0.5,Modelled
Canada,7.613904539,1.188553553,0.018968676,0.5,Modelled
Canada,9.235613757,2.245628102,0.039290763,0.5,Modelled
Canada,8.650577648,1.109203555,0.021086324,0.5,Modelled
Canada,9.73464538,2.126091227,0.041894364,0.5,Modelled
Canada,6.226333391,1.603434644,0.016704364,0.5,Modelled
Canada,9.985957139,9.500455676,0.075187057,0.5,Modelled
Canada,9.693553514,7.310818321,0.066477509,0.5,Modelled
Canada,8.79049167,5.874112172,0.049762404,0.5,Modelled
Canada,9.735493954,2.608279263,0.047115193,0.5,Modelled
Canada,7.778982816,1.198863374,0.019679214,0.5,Modelled
Canada,9.329358654,4.999478801,0.055144752,0.5,Modelled
Canada,8.661728209,1.112401499,0.021153862,0.5,Modelled
Canada,6.317629578,1.277251935,0.015119625,0.5,Modelled
Canada,9.088860073,4.063518353,0.048806466,0.5,Modelled
Canada,9.575557614,7.001825819,0.064125365,0.5,Modelled
Canada,7.939115791,1.337462366,0.022039663,0.5,Modelled
Canada,8.564367292,1.09335121,0.020517229,0.5,Modelled
Canada,9.504727801,16.464712,0.070461079,0.5,Modelled
Canada,9.525457227,1.650267659,0.033818558,0.5,Modelled
Canada,7.127805624,1.773422454,0.021947538,0.5,Modelled
Canada,4.893765076,1.429021489,0.010764334,0.5,Modelled
Canada,7.007550851,3.847213487,0.027659029,0.5,Modelled
Canada,5.796221761,4.194263045,0.019189629,0.5,Modelled
Canada,8.034950577,4.913860869,0.039280678,0.5,Modelled
Canada,6.58109281,1.16484078,0.015145127,0.5,Modelled
Canada,8.086441992,6.842405407,0.042184694,0.5,Modelled
Canada,7.903916453,7.721860125,0.040761203,0.5,Modelled
Canada,9.772547232,11.75621627,0.073458867,0.5,Modelled
Canada,9.480528249,8.840699352,0.065066407,0.5,Modelled
Canada,7.789660356,2.526973282,0.030113516,0.5,Modelled
Canada,9.763077239,6.553210426,0.066298839,0.5,Modelled
Canada,9.810326482,6.38559397,0.066583029,0.5,Modelled
Canada,6.512959765,7.310818321,0.026292423,0.5,Modelled
Canada,9.662841342,1.466532098,0.03139692,0.5,Modelled
Canada,8.639953911,5.235157264,0.046961949,0.5,Modelled
Canada,9.665281531,2.608279263,0.04661942,0.5,Modelled
Canada,9.373543498,2.556241613,0.043409569,0.5,Modelled
Canada,9.690751771,1.32596064,0.028695033,0.5,Modelled
Canada,6.560739602,1.773422454,0.019069423,0.5,Modelled
Canada,7.342090252,1.922299067,0.024028492,0.5,Modelled
Canada,8.725055721,2.630904152,0.038293826,0.5,Modelled
Canada,8.354476036,10.47743714,0.048511365,0.5,Modelled
Canada,9.175190475,1.020357094,0.020593284,0.5,Modelled
Canada,8.688985124,2.001360534,0.03303409,0.5,Modelled
Canada,9.738028145,3.590366513,0.054514921,0.5,Modelled
Canada,9.638040796,6.803120713,0.064145351,0.5,Modelled
Canada,9.931798696,4.585802575,0.062181151,0.5,Modelled
Canada,7.981902877,9.473143662,0.04285346,0.5,Modelled
Canada,9.809028602,5.942148292,0.065383338,0.5,Modelled
Canada,9.277148165,9.721805694,0.062115365,0.5,Modelled
Canada,6.771573478,1.809524181,0.020340864,0.5,Modelled
Canada,9.641289119,1.360765989,0.029292213,0.5,Modelled
Canada,9.166329492,9.527846433,0.060327516,0.5,Modelled
Canada,9.473662769,2.541565317,0.043960243,0.5,Modelled
Canada,9.460612437,10.59879065,0.066271884,0.5,Modelled
Canada,9.70949736,1.380495543,0.029929382,0.5,Modelled
Canada,9.052280818,2.042102417,0.035961777,0.5,Modelled
Canada,8.630638992,6.705892918,0.048864396,0.5,Modelled
Canada,9.292481244,4.051836506,0.051368746,0.5,Modelled
Canada,9.316122452,10.72154973,0.063510307,0.5,Modelled
Canada,8.689903742,18.79613333,0.056372922,0.6,Modelled
Canada,7.90740393,30.31240572,0.045193246,0.6,Modelled
Canada,4.962950235,1.535665311,0.011336729,0.6,Modelled
Canada,8.093313552,1.32596064,0.02249329,0.6,Modelled
Canada,9.922634661,3.51873529,0.056396888,0.6,Modelled
Canada,9.437911597,5.160338248,0.057323789,0.6,Modelled
Canada,8.69866096,11.92666799,0.053899397,0.6,Modelled
Canada,9.059119251,3.064584445,0.044034656,0.6,Modelled
Canada,9.230969073,5.57746186,0.055317224,0.6,Modelled
Canada,9.17920975,1.674194657,0.032276811,0.6,Modelled
Canada,8.807576746,5.529497568,0.04964097,0.6,Modelled
Canada,7.492910477,1.479253177,0.021574671,0.6,Modelled
Canada,9.115238405,1.269918775,0.025537087,0.6,Modelled
Canada,4.658021804,1.062322951,0.008701543,0.6,Modelled
Canada,9.778693043,1.148193288,0.025077952,0.6,Modelled
Canada,8.800619724,6.45955426,0.050926045,0.6,Modelled
Canada,9.445122719,3.073419946,0.047978438,0.6,Modelled
Canada,9.585407603,1.7683242,0.035889227,0.6,Modelled
Canada,6.268280498,1.466532098,0.016169194,0.6,Modelled
Canada,9.138043996,7.227111269,0.057296403,0.6,Modelled
Canada,9.968194613,3.498532974,0.056621742,0.6,Modelled
Canada,8.996228636,3.399247961,0.045151621,0.6,Modelled
Canada,9.044208299,1.809524181,0.033291239,0.6,Modelled
Canada,9.637150604,10.41728243,0.069453792,0.6,Modelled
Canada,8.295775349,1.171567166,0.02106714,0.6,Modelled
Canada,8.05954778,12.59723029,0.044936601,0.6,Modelled
Canada,5.125149785,1.158153013,0.010482232,0.6,Modelled
Canada,6.523086958,1.09650345,0.014328353,0.6,Modelled
Canada,4.581696979,1.788805579,0.010468428,0.6,Modelled
Canada,8.081570549,17.09260286,0.046569536,0.6,Modelled
Canada,9.886454768,1.50070066,0.033033844,0.6,Modelled
Canada,9.785613839,7.655454731,0.068481548,0.6,Modelled
Canada,7.082132868,3.959582648,0.028345021,0.6,Modelled
Canada,8.787128168,3.54925771,0.043647322,0.6,Modelled
Canada,9.943001498,32.7626366,0.084330712,0.6,Modelled
Canada,8.618050735,1.659797147,0.029031329,0.6,Modelled
Canada,8.892319809,1.333617414,0.025806451,0.6,Modelled
Canada,8.893392899,4.520263906,0.048017946,0.6,Modelled
Canada,8.512990641,3.478446646,0.040359697,0.6,Modelled
Canada,9.264297564,17.39042027,0.065957223,0.6,Modelled
Canada,8.569228444,8.132565258,0.049931417,0.6,Modelled
Canada,9.742763194,2.600780953,0.046983967,0.6,Modelled
Canada,7.75077481,12.77987575,0.041122052,0.6,Modelled
Canada,7.183659521,2.181899329,0.02437205,0.6,Modelled
Canada,6.768222803,3.869429263,0.025787915,0.6,Modelled
Canada,4.905890488,1.40859842,0.010739711,0.6,Modelled
Canada,8.684888873,11.99553867,0.053757359,0.6,Modelled
Canada,9.692491643,2.661376248,0.047353363,0.6,Modelled
Canada,6.551840168,1.29577063,0.016171866,0.6,Modelled
Canada,9.964206144,1.181729643,0.026432201,0.6,Modelled
Canada,6.871134984,1.905767944,0.021344622,0.6,Modelled
Canada,8.72462245,3.458475641,0.042534182,0.6,Modelled
Canada,9.597838109,2.047990001,0.039850411,0.6,Modelled
Canada,9.024000538,3.716571871,0.047032847,0.6,Modelled
Canada,7.736568808,2.19449873,0.028034256,0.6,Modelled
Canada,8.47121471,2.071710572,0.032211948,0.6,Modelled
Canada,9.023151452,1.830482754,0.033319069,0.6,Modelled
Canada,9.72568009,8.994737574,0.069429021,0.6,Modelled
Canada,8.056988536,7.924552441,0.042600918,0.6,Modelled
Canada,9.873933151,2.042102417,0.041666141,0.6,Modelled
Canada,7.999045894,1.337462366,0.022285559,0.6,Modelled
Canada,8.126672483,7.744123014,0.043422765,0.6,Modelled
Canada,8.408722433,1.631372504,0.027631399,0.6,Modelled
Canada,9.235680053,14.21635295,0.064525507,0.6,Modelled
Canada,7.095661321,1.099664778,0.016176408,0.6,Modelled
Canada,9.504239037,1.118825073,0.023658172,0.6,Modelled
Canada,9.167129536,23.05901279,0.065838655,0.6,Modelled
Canada,8.663058215,2.960518927,0.039539799,0.6,Modelled
Canada,5.195050084,1.905767944,0.013173796,0.6,Modelled
Canada,5.838623996,3.684610606,0.019088125,0.6,Modelled
Canada,5.684021444,2.699963167,0.016980716,0.6,Modelled
Canada,7.81972872,2.571002658,0.030675513,0.6,Modelled
Canada,9.800962009,1.112401499,0.024315758,0.6,Modelled
Canada,9.229391076,13.42090943,0.064064099,0.6,Modelled
Canada,8.356954375,1.188553553,0.02150307,0.6,Modelled
Canada,9.515956192,5.101253658,0.05826935,0.6,Modelled
Canada,9.430590698,3.759618569,0.051654656,0.6,Modelled
Canada,7.869256977,15.81429233,0.043024988,0.6,Modelled
Canada,7.580085659,1.109203555,0.017803868,0.6,Modelled
Canada,9.384896382,1.125285741,0.02347872,0.6,Modelled
Canada,7.754377174,1.835760217,0.025851854,0.6,Modelled
Canada,8.877904836,1.475000604,0.027903535,0.6,Modelled
Canada,9.695407255,1.226795553,0.026622148,0.6,Modelled
Canada,7.310634706,6.422467651,0.033166032,0.6,Modelled
Canada,9.966603589,1.911262462,0.040455997,0.6,Modelled
Canada,9.748081072,3.54925771,0.054333013,0.6,Modelled
Canada,7.472257762,8.815284013,0.036409279,0.6,Modelled
Canada,8.770420985,1.783663102,0.031311861,0.6,Modelled
Canada,9.344828811,3.246219218,0.048249396,0.6,Modelled
Canada,7.843139779,7.206334691,0.039499565,0.6,Modelled
Canada,7.725357068,1.198863374,0.019460669,0.6,Modelled
Canada,9.864799023,2.169372265,0.043415293,0.6,Modelled
Canada,9.852904049,10.06353793,0.073144005,0.6,Modelled
Canada,7.15904161,2.358267947,0.024960912,0.6,Modelled
Canada,7.298035334,2.150716395,0.025042648,0.6,Modelled
Canada,8.058627696,2.512465026,0.032084993,0.6,Modelled
Canada,9.999736743,3.569752937,0.057850868,0.6,Modelled
Canada,6.042633097,1.703365422,0.016290849,0.6,Modelled
Canada,9.599550642,1.693585793,0.034928537,0.6,Modelled
Canada,6.453033783,1.479253177,0.017025857,0.6,Modelled
Canada,7.203534147,3.478446646,0.028633246,0.6,Modelled
Canada,8.000410842,9.337756843,0.043002404,0.6,Modelled
Canada,8.154638464,3.227581513,0.036195572,0.6,Modelled
Canada,8.661482208,2.27163779,0.035298952,0.6,Modelled
Canada,9.878847907,1.212749049,0.026866545,0.6,Modelled
Canada,6.476498413,1.927841246,0.019311808,0.6,Modelled
Canada,7.271579657,2.699963167,0.027089924,0.6,Modelled
Canada,9.731550716,4.942236012,0.060894465,0.6,Modelled
Canada,9.403898296,2.918208238,0.04645091,0.6,Modelled
Canada,5.370005506,3.478446646,0.016080015,0.6,Modelled
Canada,9.909243857,3.684610606,0.057176497,0.6,Modelled
Canada,6.536533282,3.199825401,0.023048756,0.6,Modelled
Canada,8.367428859,3.847213487,0.040182296,0.6,Modelled
Canada,6.253224016,1.522459107,0.016343091,0.6,Modelled
Canada,9.257671298,1.733044452,0.033577494,0.6,Modelled
Canada,7.242187161,1.131783715,0.017023346,0.6,Modelled
Canada,4.050746753,2.126091227,0.008971867,0.6,Modelled
Canada,9.506336375,4.005443985,0.054191313,0.6,Modelled
Canada,9.385199636,2.030377978,0.03808356,0.6,Modelled
Canada,9.080225945,1.364689212,0.027049492,0.6,Modelled
Canada,9.354084477,1.927841246,0.03670755,0.6,Modelled
Canada,8.063347822,14.75850139,0.045640041,0.6,Modelled
Canada,6.013308062,1.345185556,0.014453907,0.6,Modelled
Canada,9.137601913,13.53732587,0.062462558,0.7,Modelled
Canada,9.496862127,8.968879405,0.065126496,0.7,Modelled
Canada,7.742020809,7.947399712,0.038911698,0.7,Modelled
Canada,6.992541406,1.622006212,0.020350769,0.7,Modelled
Canada,7.941335628,5.250250742,0.038570667,0.7,Modelled
Canada,8.728853268,2.365067068,0.036437263,0.7,Modelled
Canada,9.931696918,2.030377978,0.041991663,0.7,Modelled
Canada,9.902597002,7.589620402,0.070488242,0.7,Modelled
Canada,6.22480162,1.723094425,0.01723542,0.7,Modelled
Canada,9.462454534,1.972757797,0.037951239,0.7,Modelled
Canada,8.21491518,6.59105201,0.043397288,0.7,Modelled
Canada,9.540541795,22.79499283,0.072725279,0.7,Modelled
Canada,9.397494837,10.26840231,0.064690078,0.7,Modelled
Canada,9.310123255,1.7683242,0.034346784,0.7,Modelled
Canada,8.059767019,15.8598865,0.045931314,0.7,Modelled
Canada,7.838054797,22.59896357,0.043640616,0.7,Modelled
Canada,9.32885205,1.580518923,0.031699433,0.7,Modelled
Canada,7.886127464,1.144892449,0.019302356,0.7,Modelled
Canada,6.23033098,3.902993693,0.021852795,0.7,Modelled
Canada,6.969385084,1.303253072,0.01777601,0.7,Modelled
Canada,9.541464642,8.866187966,0.066447764,0.7,Modelled
Canada,9.456478362,23.19216731,0.071486229,0.7,Modelled
Canada,7.552854607,1.867746062,0.02486715,0.7,Modelled
Canada,7.980480561,2.175626781,0.029574143,0.7,Modelled
Canada,9.398764472,3.70588743,0.051304096,0.7,Modelled
Canada,9.684747812,3.727287117,0.054633946,0.7,Modelled
Canada,8.071444242,2.207170887,0.030550358,0.7,Modelled
Canada,8.311076136,25.94797829,0.05093001,0.7,Modelled
Canada,9.504863732,29.36749928,0.073319813,0.7,Modelled
Canada,9.175081414,2.213534379,0.038650796,0.7,Modelled
Canada,9.958264482,4.005443985,0.060082343,0.7,Modelled
Canada,9.770079327,4.625581012,0.060402431,0.7,Modelled
Canada,7.394924136,3.145027202,0.029243042,0.7,Modelled
Canada,9.145735718,2.16313573,0.037851398,0.7,Modelled
Canada,9.401068882,4.871603322,0.055767765,0.7,Modelled
Canada,7.040837993,1.713201524,0.021141791,0.7,Modelled
Canada,9.2049805,2.926621722,0.044555169,0.7,Modelled
Canada,5.92929418,1.804322141,0.016130444,0.7,Modelled
Canada,6.977617741,1.151503643,0.016345553,0.7,Modelled
Canada,7.954414982,3.379731664,0.034805441,0.7,Modelled
Canada,9.655165915,4.098766361,0.056508911,0.7,Modelled
Canada,9.168420213,8.994737574,0.059555899,0.7,Modelled
Canada,8.791640437,2.420170492,0.037453032,0.7,Modelled
Canada,9.157857081,3.70588743,0.04859427,0.7,Modelled
Canada,9.957518502,4.80198009,0.063874263,0.7,Modelled
Canada,9.652729644,15.32132497,0.072715263,0.7,Modelled
Canada,9.846225108,2.909818941,0.050815736,0.7,Modelled
Canada,8.077149568,1.830482754,0.027676758,0.7,Modelled
Canada,7.101320575,1.071537815,0.015860878,0.7,Modelled
Canada,9.000039555,1.4331415,0.027823491,0.7,Modelled
Canada,9.870912589,2.095705883,0.042373969,0.7,Modelled
Canada,9.22261119,11.62161052,0.062629274,0.7,Modelled
Canada,9.275988703,3.580044889,0.049017768,0.8,Modelled
Canada,9.13359068,5.175216015,0.053092471,0.8,Modelled
Canada,8.325375797,8.943095573,0.046794711,0.8,Modelled
Canada,7.414011474,1.026249157,0.016170647,0.8,Modelled
Canada,9.037322118,2.278187147,0.037992336,0.8,Modelled
Canada,9.32600261,5.72386553,0.057167496,0.8,Modelled
Canada,6.654968581,3.652924197,0.024536728,0.8,Modelled
Canada,9.90797337,1.927841246,0.040305507,0.8,Modelled
Canada,9.97397491,6.822734785,0.070663265,0.8,Modelled
Canada,9.348858673,14.50575657,0.067072352,0.8,Modelled
Canada,9.981897642,1.889378982,0.040259488,0.8,Modelled
Canada,9.594961869,1.995607,0.03920886,0.8,Modelled
Canada,8.441870645,2.66904926,0.036121337,0.8,Modelled
Canada,6.659377547,7.374234249,0.027577825,0.8,Modelled
Canada,8.446250402,1.526848508,0.026557414,0.8,Modelled
Australia,8.461500263,1.041128598,0.01922024,0.1,Modelled
Australia,4.677428836,1.174944911,0.008757905,0.2,Modelled
Australia,9.403560219,8.203109232,0.058074899,0.2,Modelled
Australia,7.005147063,1.185136686,0.01631805,0.2,Modelled
Australia,8.026324392,3.274377763,0.032655471,0.2,Modelled
Australia,6.76396303,2.462338961,0.021291425,0.2,Modelled
Australia,9.709733741,2.638489309,0.044792928,0.2,Modelled
Australia,6.771597093,10.87699997,0.026898337,0.2,Modelled
Australia,8.981427637,15.14589961,0.055021704,0.2,Modelled
Australia,5.041472923,2.469438129,0.012438961,0.2,Modelled
Australia,7.777754938,5.295792775,0.034056814,0.2,Modelled
Australia,5.756843431,1.002883099,0.004447715,0.2,Modelled
Australia,8.198339387,1.01742376,0.018047561,0.2,Modelled
Australia,6.608119471,4.206355521,0.022954339,0.2,Modelled
Australia,7.298120417,3.54925771,0.027374862,0.2,Modelled
Australia,4.856568975,1.002883099,0.004589857,0.2,Modelled
Australia,6.929381347,1.209262625,0.0162184,0.2,Modelled
Australia,9.323543995,1.603434644,0.031149078,0.2,Modelled
Australia,8.323575351,1.248170944,0.021923416,0.2,Modelled
Australia,8.853282668,1.102835221,0.021469516,0.2,Modelled
Australia,3.8296364,1.492084601,0.007016555,0.2,Modelled
Australia,5.627759703,1.603434644,0.013322935,0.2,Modelled
Australia,8.692585913,1.44974067,0.025980067,0.2,Modelled
Australia,8.011262901,2.490858674,0.029903758,0.2,Modelled
Australia,5.662767474,4.028573465,0.016729367,0.2,Modelled
Australia,9.864264292,2.802927748,0.047678458,0.2,Modelled
Australia,7.209425399,3.012102298,0.025742274,0.2,Modelled
Australia,8.182341323,1.44974067,0.023644578,0.2,Modelled
Australia,8.957081081,1.01742376,0.020133753,0.2,Modelled
Australia,7.903515669,1.020357094,0.017262264,0.2,Modelled
Australia,9.879617451,3.925531572,0.054742777,0.2,Modelled
Australia,9.422357526,2.960518927,0.044429714,0.2,Modelled
Australia,5.925555219,1.269918775,0.01308705,0.2,Modelled
Australia,9.648836106,2.952007995,0.0468184,0.2,Modelled
Australia,9.960235365,3.312302806,0.05233643,0.2,Modelled
Australia,9.5882362,1.562422375,0.032080447,0.2,Modelled
Australia,9.926907701,4.985106245,0.059416712,0.2,Modelled
Australia,6.023437703,3.600717897,0.018655403,0.2,Modelled
Australia,9.180577437,5.403599724,0.050563922,0.2,Modelled
Australia,9.146033563,3.312302806,0.04343048,0.2,Modelled
Australia,9.467792841,4.692646659,0.052641513,0.2,Modelled
Australia,7.666155339,1.251769545,0.01936487,0.2,Modelled
Australia,8.337788139,1.492084601,0.024861244,0.2,Modelled
Australia,9.980578719,2.960518927,0.050259119,0.2,Modelled
Australia,9.035035498,2.258595506,0.036165843,0.2,Modelled
Australia,4.959337791,1.005774511,0.008823276,0.2,Modelled
Australia,4.423325938,1.005774511,0.007109009,0.2,Modelled
Australia,7.738280025,11.19469467,0.036885115,0.2,Modelled
Australia,6.939925776,4.379357028,0.02577506,0.2,Modelled
Australia,9.627502438,2.207170887,0.040236299,0.2,Modelled
Australia,8.309732949,1.080832611,0.019378511,0.2,Modelled
Australia,5.424054874,2.986199234,0.014679559,0.2,Modelled
Australia,8.6767229,2.378724173,0.034343303,0.2,Modelled
Australia,8.867364848,10.03460716,0.051283304,0.2,Modelled
Australia,8.125520165,2.490858674,0.030636662,0.2,Modelled
Australia,7.940065488,1.548986069,0.02342932,0.2,Modelled
Australia,7.227485707,1.068457346,0.01584113,0.2,Modelled
Australia,6.988876945,8.418433931,0.028298977,0.2,Modelled
Australia,4.552319904,1.404548966,0.009000806,0.2,Modelled
Australia,7.866855049,1.310778721,0.020818747,0.2,Modelled
Australia,7.340920952,1.505027329,0.02022131,0.2,Modelled
Australia,9.273252238,3.948199596,0.047454398,0.2,Modelled
Australia,8.845955233,1.518082325,0.027685643,0.2,Modelled
Australia,9.645121259,2.278187147,0.041094835,0.2,Modelled
Australia,9.704718112,1.669381664,0.034182983,0.2,Modelled
Australia,5.157093176,2.059816141,0.012411858,0.3,Modelled
Australia,7.419355915,3.674018048,0.028620153,0.3,Modelled
Australia,9.690777987,1.933399404,0.037770874,0.3,Modelled
Australia,7.940591936,2.811008867,0.030497029,0.3,Modelled
Australia,7.72515031,16.37018221,0.037706087,0.3,Modelled
Australia,9.994447956,2.811008867,0.049137276,0.3,Modelled
Australia,9.283452176,6.45955426,0.054083448,0.3,Modelled
Australia,6.368193641,2.469438129,0.019098046,0.3,Modelled
Australia,4.928722959,1.002883099,0.003184615,0.3,Modelled
Australia,9.010396109,1.743051936,0.031213077,0.3,Modelled
Australia,5.775647335,1.002883099,0.004775886,0.3,Modelled
Australia,9.696872155,1.322148754,0.028423642,0.3,Modelled
Australia,7.991406105,2.935059463,0.031416178,0.3,Modelled
Australia,9.472277115,1.341318402,0.02782451,0.3,Modelled
Australia,7.864815078,13.11533671,0.038962422,0.3,Modelled
Australia,5.84134584,1.743051936,0.014634593,0.3,Modelled
Australia,9.069744829,4.585802575,0.047155884,0.3,Modelled
Australia,9.421763622,1.29577063,0.026823145,0.3,Modelled
Australia,5.759361495,1.626682617,0.013920388,0.3,Modelled
Australia,8.840719891,26.78286081,0.054737899,0.3,Modelled
Australia,5.653452258,2.519708712,0.01531421,0.3,Modelled
Australia,4.50540485,1.698468569,0.009359014,0.3,Modelled
Australia,8.619503333,2.042102417,0.031384108,0.3,Modelled
Australia,9.281575796,4.063518353,0.047959135,0.3,Modelled
Australia,9.975113465,2.935059463,0.049831109,0.3,Modelled
Australia,6.311919764,1.16484078,0.013730882,0.3,Modelled
Australia,6.458851977,1.571444599,0.016691172,0.3,Modelled
Australia,7.822915807,5.057384597,0.034234267,0.3,Modelled
Australia,9.685530907,2.207170887,0.040649761,0.3,Modelled
Australia,9.704221468,8.039449408,0.062936686,0.3,Modelled
Australia,8.660900677,9.391677821,0.047833567,0.3,Modelled
Australia,9.967560799,1.280934379,0.028680681,0.3,Modelled
Australia,4.283876647,1.28462744,0.007947324,0.3,Modelled
Australia,8.139684249,21.15102082,0.043683736,0.3,Modelled
Australia,8.618321798,2.071710572,0.031671012,0.3,Modelled
Australia,6.967367831,2.876502237,0.023678564,0.3,Modelled
Australia,9.863407996,1.188553553,0.0263194,0.3,Modelled
Australia,8.979801845,1.612693695,0.029512757,0.3,Modelled
Australia,9.636545569,2.498040067,0.043146711,0.3,Modelled
Australia,6.659185356,4.329214479,0.023488517,0.3,Modelled
Australia,9.953029687,1.894826249,0.038954817,0.3,Modelled
Australia,7.854167442,3.508619592,0.031867941,0.3,Modelled
Australia,8.418607476,3.948199596,0.038443998,0.3,Modelled
Australia,7.782600836,2.653725294,0.028743562,0.3,Modelled
Australia,9.847806582,1.020357094,0.022386065,0.3,Modelled
Australia,9.67492045,2.018720852,0.038642397,0.3,Modelled
Australia,9.92988924,4.122434732,0.056460066,0.3,Modelled
Australia,6.85768844,2.578415114,0.022298345,0.3,Modelled
Australia,8.983561062,41.36701307,0.05798876,0.3,Modelled
Australia,7.402891692,10.65999348,0.033214066,0.3,Modelled
Australia,9.449286285,1.655025544,0.032578967,0.3,Modelled
Australia,7.57814728,1.703365422,0.022824147,0.3,Modelled
Australia,7.864166217,9.693857341,0.037930733,0.3,Modelled
Australia,9.346854947,2.169372265,0.037625936,0.3,Modelled
Australia,9.013202463,7.395494898,0.051468364,0.3,Modelled
Australia,9.873146017,2.324564416,0.043373801,0.3,Modelled
Australia,9.319459395,12.56101564,0.059797935,0.3,Modelled
Australia,6.538977008,1.185136686,0.014662096,0.3,Modelled
Australia,8.457430234,1.074627164,0.019734672,0.3,Modelled
Australia,7.848811707,11.03470406,0.03820474,0.3,Modelled
Australia,5.817624534,6.496855026,0.018679065,0.3,Modelled
Australia,5.449625559,1.867746062,0.013277173,0.3,Modelled
Australia,9.987753119,1.34906386,0.030137742,0.3,Modelled
Australia,6.774817216,1.041128598,0.014212556,0.3,Modelled
Australia,9.021660738,1.645523451,0.030094089,0.3,Modelled
Australia,8.189317845,5.190136677,0.038100207,0.3,Modelled
Australia,3.143402603,1.029207935,0.004685215,0.3,Modelled
Australia,7.725856944,4.999478801,0.033216599,0.3,Modelled
Australia,8.960784339,2.001360534,0.033391796,0.3,Modelled
Australia,7.401173386,1.376526879,0.019523253,0.3,Modelled
Australia,6.329802776,1.420816966,0.015376915,0.3,Modelled
Australia,9.713223043,2.876502237,0.046814839,0.3,Modelled
Australia,5.78299261,1.090208032,0.011591181,0.3,Modelled
Australia,6.118558937,8.016337512,0.021085823,0.3,Modelled
Australia,9.706681496,1.703365422,0.034782297,0.3,Modelled
Australia,9.718798616,1.292045535,0.027963501,0.3,Modelled
Australia,5.306350081,1.002883099,0.006054303,0.3,Modelled
Australia,9.954579685,1.535665311,0.033384311,0.3,Modelled
Australia,7.572469337,3.652924197,0.029873125,0.3,Modelled
Australia,8.219518338,2.200825688,0.029802204,0.3,Modelled
Australia,9.078966526,2.66904926,0.039538179,0.3,Modelled
Australia,4.926860964,1.002883099,0.004297675,0.3,Modelled
Australia,9.387471344,4.599023899,0.051165589,0.3,Modelled
Australia,9.071299801,5.013892794,0.048122965,0.3,Modelled
Australia,9.546867841,2.284755387,0.040496227,0.3,Modelled
Australia,8.842270303,1.44557294,0.026703532,0.3,Modelled
Australia,7.282423018,1.4331415,0.019432501,0.3,Modelled
Australia,9.542156564,2.707747428,0.044048035,0.3,Modelled
Australia,4.61617424,1.002883099,0.003569805,0.3,Modelled
Australia,9.735316217,3.993929091,0.053126186,0.3,Modelled
Australia,9.972419515,1.933399404,0.039661059,0.3,Modelled
Australia,5.96356171,1.077725421,0.012073091,0.3,Modelled
Australia,9.434749185,3.100079585,0.045443934,0.3,Modelled
Australia,8.581669284,2.630904152,0.035048376,0.3,Modelled
Australia,5.942171379,1.475000604,0.01412001,0.3,Modelled
Australia,7.663430323,1.345185556,0.020285598,0.3,Modelled
Australia,6.899263942,13.81290647,0.028523862,0.3,Modelled
Australia,9.104878719,7.206334691,0.052506388,0.3,Modelled
Australia,9.91159104,20.55077513,0.073291924,0.3,Modelled
Australia,7.487630909,3.902993693,0.02955588,0.3,Modelled
Australia,9.018735053,2.692201283,0.038888602,0.3,Modelled
Australia,7.616156074,1.202319816,0.018679856,0.3,Modelled
Australia,9.52187268,1.984149508,0.037105474,0.3,Modelled
Australia,6.29904467,2.144533492,0.017958046,0.3,Modelled
Australia,9.80360314,2.715554133,0.046344664,0.3,Modelled
Australia,7.823898628,5.993692023,0.03524142,0.3,Modelled
Australia,9.968281038,1.056223775,0.023562757,0.3,Modelled
Australia,9.820204404,2.291342563,0.042623356,0.3,Modelled
Australia,9.403649348,2.571002658,0.041500404,0.3,Modelled
Australia,9.233678027,1.115608663,0.02282343,0.3,Modelled
Australia,5.051242655,2.232735149,0.012179573,0.3,Modelled
Australia,9.885706335,1.631372504,0.034632358,0.3,Modelled
Australia,9.149645811,8.689299091,0.054487606,0.3,Modelled
Australia,6.832989556,2.156917124,0.020914017,0.3,Modelled
Australia,6.148544996,4.206355521,0.019819079,0.3,Modelled
Australia,9.269565067,3.389475766,0.04524459,0.3,Modelled
Australia,8.113302508,1.513718125,0.023993459,0.3,Modelled
Australia,9.600010816,2.94352153,0.046257555,0.3,Modelled
Australia,6.221051281,2.188189961,0.017676782,0.3,Modelled
Australia,4.838558794,2.27163779,0.011375906,0.3,Modelled
Australia,9.567971784,2.119979117,0.038939102,0.3,Modelled
Australia,7.978785395,2.646096336,0.03024411,0.3,Modelled
Australia,9.444895047,1.562422375,0.031313955,0.3,Modelled
Australia,8.05121202,1.580518923,0.024251708,0.3,Modelled
Australia,9.074165419,3.559490572,0.043947896,0.3,Modelled
Australia,8.020200478,3.611099124,0.033726528,0.3,Modelled
Australia,7.837566118,1.626682617,0.023619429,0.3,Modelled
Australia,8.818002282,2.884795479,0.038455239,0.3,Modelled
Australia,8.233114805,5.235157264,0.038669257,0.3,Modelled
Australia,8.189207067,3.227581513,0.033996685,0.3,Modelled
Australia,5.775751642,1.002883099,0.00148313,0.3,Modelled
Australia,4.780969579,1.002883099,0.006428518,0.3,Modelled
Australia,7.257276412,8.689299091,0.031165762,0.3,Modelled
Australia,5.105353311,1.002883099,0.003714903,0.3,Modelled
Australia,4.484181181,1.005774511,0.007511214,0.3,Modelled
Australia,9.9260901,1.617343251,0.034722152,0.3,Modelled
Australia,9.139216732,2.239172346,0.036717245,0.3,Modelled
Australia,7.551155167,1.95017021,0.024085079,0.3,Modelled
Australia,8.301325693,1.522459107,0.025020835,0.3,Modelled
Australia,8.210779235,4.391983149,0.037020643,0.3,Modelled
Australia,9.365594726,2.065754796,0.03699824,0.3,Modelled
Australia,8.891684926,1.202319816,0.02328965,0.3,Modelled
Australia,5.278693462,3.684610606,0.014477868,0.3,Modelled
Australia,4.001054201,1.09335121,0.006748143,0.3,Modelled
Australia,6.866575738,2.175626781,0.021072013,0.3,Modelled
Australia,8.188677907,1.083948758,0.019093137,0.3,Modelled
Australia,5.878985954,3.302780562,0.017501851,0.3,Modelled
Australia,5.935466375,1.002883099,0.003861594,0.3,Modelled
Australia,3.661844028,1.492084601,0.006542397,0.3,Modelled
Australia,9.541845313,3.880585212,0.050644008,0.3,Modelled
Australia,8.87813496,1.900289221,0.031981563,0.3,Modelled
Australia,9.339478049,4.354213575,0.049923715,0.3,Modelled
Australia,7.853559663,3.770457923,0.03259326,0.3,Modelled
Australia,7.814636816,8.968879405,0.036930558,0.3,Modelled
Australia,8.613091432,1.938973586,0.030687844,0.3,Modelled
Australia,6.261980312,5.691002773,0.021536222,0.3,Modelled
Australia,9.168841359,1.708276394,0.031737378,0.3,Modelled
Australia,9.414700028,20.96912918,0.064384257,0.3,Modelled
Australia,9.054925095,1.598825073,0.029658185,0.3,Modelled
Australia,6.872531989,1.34906386,0.017136397,0.3,Modelled
Australia,9.614205862,1.106014805,0.023790407,0.3,Modelled
Australia,8.812629419,4.706176025,0.044357331,0.3,Modelled
Australia,4.655102075,2.265107261,0.010603564,0.3,Modelled
Australia,8.498570748,3.891773324,0.038815616,0.3,Modelled
Australia,9.776932079,1.280934379,0.027982499,0.3,Modelled
Australia,6.45927792,1.041128598,0.013234458,0.3,Modelled
Australia,8.044817972,1.241004749,0.020715468,0.3,Modelled
Australia,7.202743023,1.266267999,0.017732056,0.3,Modelled
Australia,9.370902752,2.676744394,0.042269859,0.3,Modelled
Australia,8.710423764,2.284755387,0.033885215,0.3,Modelled
Australia,9.151779112,2.226316457,0.03681538,0.3,Modelled
Australia,3.878620707,1.44974067,0.007093913,0.3,Modelled
Australia,9.839697168,2.441163677,0.044420355,0.3,Modelled
Australia,9.92238649,2.952007995,0.049613993,0.3,Modelled
Australia,5.473314475,1.636075913,0.012759787,0.3,Modelled
Australia,9.857198354,1.115608663,0.024680922,0.3,Modelled
Australia,7.76253139,5.403599724,0.034182856,0.3,Modelled
Australia,9.321282356,1.466532098,0.029216682,0.3,Modelled
Australia,6.958373466,2.226316457,0.021753454,0.3,Modelled
Australia,8.377020897,1.513718125,0.025213272,0.3,Modelled
Australia,9.836751852,1.466532098,0.031655972,0.3,Modelled
Australia,9.64771971,5.071965539,0.056099229,0.3,Modelled
Australia,5.581077763,1.002883099,0.00195528,0.3,Modelled
Australia,8.857117373,1.531250564,0.027865506,0.3,Modelled
Australia,8.449303486,1.106014805,0.020242938,0.3,Modelled
Australia,9.102194083,41.60588733,0.059887341,0.3,Modelled
Australia,9.964730936,1.230332526,0.027582106,0.3,Modelled
Australia,8.71882716,4.956484969,0.043864174,0.3,Modelled
Australia,8.895055665,2.047990001,0.033483585,0.3,Modelled
Australia,8.905283407,5.72386553,0.047646176,0.3,Modelled
Australia,9.447938713,1.059268973,0.02229294,0.3,Modelled
Australia,9.939529511,3.9824473,0.056102506,0.3,Modelled
Australia,8.379243365,1.636075913,0.026482622,0.3,Modelled
Australia,8.562971824,4.80198009,0.041624774,0.3,Modelled
Australia,8.158688974,2.747006676,0.031955491,0.3,Modelled
Australia,5.263166658,1.002883099,0.001954334,0.3,Modelled
Australia,8.600930721,1.526848508,0.02656373,0.3,Modelled
Australia,9.890005006,2.071710572,0.040775855,0.3,Modelled
Australia,8.584442166,9.721805694,0.046848217,0.3,Modelled
Australia,7.565522889,1.329783516,0.019758856,0.3,Modelled
Australia,7.45896781,14.97248282,0.034544901,0.3,Modelled
Australia,9.784934035,3.478446646,0.051588315,0.3,Modelled
Australia,9.795543781,1.846360834,0.037302441,0.3,Modelled
Australia,4.582731307,2.684461713,0.010643874,0.3,Modelled
Australia,9.090609733,1.044130275,0.021019617,0.3,Modelled
Australia,9.782234627,2.232735149,0.041678737,0.3,Modelled
Australia,9.756319759,1.144892449,0.025038993,0.3,Modelled
Australia,6.077035992,1.002883099,0.008135081,0.3,Modelled
Australia,8.118838946,4.612283342,0.036667781,0.3,Modelled
Australia,6.187900625,2.351488373,0.017760442,0.3,Modelled
Australia,9.287148467,1.071537815,0.022152702,0.3,Modelled
Australia,9.945888782,2.778823515,0.04849138,0.3,Modelled
Australia,8.543075768,1.522459107,0.026233464,0.3,Modelled
Australia,9.890233715,1.773422454,0.036864215,0.3,Modelled
Australia,9.208480553,28.45204772,0.061231393,0.3,Modelled
Australia,9.630603003,3.695233704,0.050450454,0.3,Modelled
Australia,9.77600617,32.66845022,0.073066603,0.3,Modelled
Australia,8.840602963,17.3404261,0.053389222,0.3,Modelled
Australia,5.558749858,1.645523451,0.013118756,0.3,Modelled
Australia,4.595323214,1.002883099,0.003331095,0.3,Modelled
Australia,9.732708879,2.441163677,0.043520797,0.3,Modelled
Australia,4.630610385,1.255378521,0.0088606,0.3,Modelled
Australia,7.159814486,1.195416868,0.016902625,0.3,Modelled
Australia,8.14843027,1.292045535,0.021692954,0.3,Modelled
Australia,5.727337252,1.002883099,0.006925624,0.3,Modelled
Australia,9.721046762,2.5933042,0.044715624,0.3,Modelled
Australia,9.507605225,7.879054754,0.059194228,0.3,Modelled
Australia,6.862974434,1.128530051,0.015269397,0.3,Modelled
Australia,9.863817109,2.024541025,0.03995862,0.4,Modelled
Australia,2.930591038,1.056223775,0.004295136,0.4,Modelled
Australia,8.727630918,33.14210547,0.053142051,0.4,Modelled
Australia,7.012611558,2.909818941,0.024092435,0.4,Modelled
Australia,5.181256375,3.684610606,0.013999727,0.4,Modelled
Australia,7.657666482,1.580518923,0.022382073,0.4,Modelled
Australia,8.130830302,7.459645333,0.039719797,0.4,Modelled
Australia,5.003223204,2.994808743,0.012734233,0.4,Modelled
Australia,7.550065086,3.948199596,0.03005303,0.4,Modelled
Australia,8.031404422,1.404548966,0.022477487,0.4,Modelled
Australia,6.769020984,2.571002658,0.021660258,0.4,Modelled
Australia,9.929340985,6.842405407,0.064244198,0.4,Modelled
Australia,7.815885818,1.102835221,0.018164766,0.4,Modelled
Australia,9.017372214,3.100079585,0.041194248,0.4,Modelled
Australia,9.274752425,24.77984153,0.062139923,0.4,Modelled
Australia,8.424282345,1.420816966,0.02440837,0.4,Modelled
Australia,7.691520089,11.89238108,0.036434283,0.4,Modelled
Australia,7.307897827,3.498532974,0.027409018,0.4,Modelled
Australia,5.351746652,2.317881733,0.013589187,0.4,Modelled
Australia,9.701002919,4.255075073,0.053970087,0.4,Modelled
Australia,7.12820028,1.168199132,0.016574713,0.4,Modelled
Australia,9.530937595,2.762869296,0.044224775,0.4,Modelled
Australia,5.008458663,1.002883099,0.006686131,0.4,Modelled
Australia,9.095099735,1.664582507,0.030784392,0.4,Modelled
Australia,6.25018254,2.676744394,0.018734854,0.4,Modelled
Australia,9.823137243,1.318347826,0.028838288,0.4,Modelled
Australia,9.853848395,11.29180035,0.068967505,0.4,Modelled
Australia,7.342675532,4.086983183,0.028523386,0.4,Modelled
Australia,8.719523505,1.412659549,0.025671677,0.4,Modelled
Australia,7.240959579,1.360765989,0.01868303,0.4,Modelled
Australia,8.919282982,1.372569625,0.026028774,0.4,Modelled
Australia,3.956950272,1.889378982,0.007826054,0.4,Modelled
Australia,4.831605778,3.18145406,0.012018382,0.4,Modelled
Australia,9.961016723,1.95017021,0.039786811,0.4,Modelled
Australia,6.774301261,2.490858674,0.021549226,0.4,Modelled
Australia,7.624240158,1.115608663,0.017677598,0.4,Modelled
Australia,9.898854117,4.417344703,0.05711904,0.4,Modelled
Australia,9.216388502,1.077725421,0.022029487,0.4,Modelled
Australia,8.335371527,3.209050815,0.03517642,0.4,Modelled
Australia,9.578855924,2.661376248,0.043962885,0.4,Modelled
Australia,7.038856556,1.310778721,0.017460147,0.4,Modelled
Australia,5.775748408,1.002883099,0.007885861,0.4,Modelled
Australia,6.49167004,2.747006676,0.020372812,0.4,Modelled
Australia,7.978316142,2.448201794,0.029345836,0.4,Modelled
Australia,8.955523934,5.250250742,0.047275427,0.4,Modelled
Australia,9.741680752,3.199825401,0.049308504,0.4,Modelled
Australia,8.498701617,2.331266366,0.032673859,0.4,Modelled
Australia,9.274578599,6.515586104,0.053973687,0.4,Modelled
Australia,4.890737001,1.002883099,0.007766685,0.4,Modelled
Australia,9.888653994,7.438200263,0.064439966,0.4,Modelled
Australia,4.736267636,1.002883099,0.002048158,0.4,Modelled
Australia,9.274920835,3.836153476,0.046934965,0.4,Modelled
Australia,4.450842447,2.19449873,0.009759012,0.4,Modelled
Australia,9.430208242,2.083673687,0.037430765,0.4,Modelled
Australia,8.717940687,7.502721136,0.047253225,0.4,Modelled
Australia,7.734619643,3.029495715,0.029603092,0.4,Modelled
Australia,8.433732768,6.080593718,0.042010928,0.4,Modelled
Australia,9.602707856,1.733044452,0.034636754,0.4,Modelled
Australia,8.025360252,2.441163677,0.029733159,0.4,Modelled
Australia,9.244262491,1.429021489,0.028360442,0.4,Modelled
Australia,8.734740079,1.548986069,0.027423022,0.4,Modelled
Australia,8.524504545,3.117981028,0.036762604,0.4,Modelled
Australia,8.362158223,4.158193797,0.038077715,0.4,Modelled
Australia,9.871085394,3.293285692,0.051364683,0.4,Modelled
Australia,8.276958712,1.044130275,0.018729073,0.4,Modelled
Australia,8.247462501,1.314557826,0.022396438,0.4,Modelled
Australia,4.918359102,3.246219218,0.012434608,0.4,Modelled
Australia,6.184978202,1.922299067,0.016691286,0.4,Modelled
Australia,7.739264976,1.778535407,0.024174419,0.4,Modelled
Australia,7.251428551,3.51873529,0.026992929,0.4,Modelled
Australia,8.782212087,1.248170944,0.023627761,0.4,Modelled
Australia,8.401026602,6.610054667,0.042222366,0.4,Modelled
Australia,7.846932396,2.498040067,0.028647666,0.4,Modelled
Australia,7.184208994,1.065385733,0.015692741,0.4,Modelled
Australia,9.658047611,2.563611512,0.043731275,0.4,Modelled
Australia,9.740728106,5.609668974,0.058681024,0.4,Modelled
Australia,8.826744608,1.799135056,0.03062205,0.4,Modelled
Australia,6.754939801,1.158153013,0.015182991,0.4,Modelled
Australia,8.153771595,1.125285741,0.019587899,0.4,Modelled
Australia,6.520392246,8.614574049,0.024282947,0.4,Modelled
Australia,8.629273434,2.138368364,0.032356139,0.4,Modelled
Australia,7.13258761,1.580518923,0.019748288,0.4,Modelled
Australia,7.515919391,1.310778721,0.019368711,0.4,Modelled
Australia,7.50458143,1.041128598,0.016415808,0.4,Modelled
Australia,9.178075387,1.237437095,0.024921447,0.4,Modelled
Australia,7.75343849,2.047990001,0.025944087,0.4,Modelled
Australia,7.778968937,1.631372504,0.023318687,0.4,Modelled
Australia,9.867315496,2.476557764,0.044805388,0.4,Modelled
Australia,5.560434728,1.262627717,0.011794166,0.4,Modelled
Australia,9.873574614,2.239172346,0.042542284,0.4,Modelled
Australia,5.492005375,2.851765288,0.014893824,0.4,Modelled
Australia,8.384226575,3.590366513,0.036870753,0.4,Modelled
Australia,8.285340605,4.928028018,0.038759762,0.4,Modelled
Australia,9.955472886,1.87313096,0.038739624,0.4,Modelled
Australia,8.214557296,3.51873529,0.035288281,0.4,Modelled
Australia,5.861565409,1.292045535,0.012988508,0.4,Modelled
Australia,5.262257328,1.002883099,0.004765736,0.4,Modelled
Australia,7.996196406,7.144362642,0.037997542,0.4,Modelled
Australia,9.244372686,4.774410207,0.049774883,0.4,Modelled
Australia,9.057539968,2.012917412,0.034185474,0.4,Modelled
Australia,9.256820906,1.011582367,0.02079902,0.4,Modelled
Australia,9.006342996,7.524352225,0.051249097,0.4,Modelled
Australia,8.343263613,35.41092605,0.047487457,0.4,Modelled
Australia,5.52966544,1.002883099,0.002569244,0.4,Modelled
Australia,8.698131769,1.125285741,0.021348144,0.4,Modelled
Australia,9.010603753,1.372569625,0.026470834,0.4,Modelled
Australia,9.847110089,7.76645009,0.064460737,0.4,Modelled
Australia,8.386090394,2.835392285,0.03440921,0.4,Modelled
Australia,7.174870543,8.062627939,0.029972801,0.4,Modelled
Australia,9.446729419,14.29844543,0.06260792,0.4,Modelled
Australia,9.788505069,3.117981028,0.04930799,0.4,Modelled
Australia,9.126152456,1.835760217,0.032863092,0.4,Modelled
Australia,8.847596023,1.262627717,0.024101779,0.4,Modelled
Australia,9.648930137,10.06353793,0.063784275,0.4,Modelled
Australia,7.298020918,1.280934379,0.018288918,0.4,Modelled
Australia,9.610383598,49.73637955,0.070601509,0.4,Modelled
Australia,7.800004642,1.617343251,0.023313864,0.4,Modelled
Australia,6.485207077,2.778823515,0.020337659,0.4,Modelled
Australia,9.85366954,1.603434644,0.034025534,0.4,Modelled
Australia,9.713467567,1.905767944,0.037493419,0.4,Modelled
Australia,7.411294798,1.178332393,0.017669428,0.4,Modelled
Australia,9.920923271,9.976994894,0.068554292,0.4,Modelled
Australia,9.757323499,6.028302662,0.060359462,0.4,Modelled
Australia,8.494119017,19.73894018,0.048330907,0.4,Modelled
Australia,6.399391174,1.083948758,0.013426349,0.4,Modelled
Australia,9.796803949,1.122050757,0.024642191,0.4,Modelled
Australia,7.909607745,5.908032296,0.036075802,0.4,Modelled
Australia,9.973943359,10.72154973,0.070535026,0.4,Modelled
Australia,4.562692412,1.535665311,0.009286546,0.4,Modelled
Australia,9.921767813,4.086983183,0.055962391,0.4,Modelled
Australia,9.214422385,9.125151006,0.056073189,0.4,Modelled
Australia,5.266878736,1.002883099,0.007390421,0.4,Modelled
Australia,8.26178613,6.294333319,0.040443601,0.4,Modelled
Australia,5.851451967,2.6233408,0.0164637,0.4,Modelled
Australia,8.732612988,6.204376933,0.045759894,0.4,Modelled
Australia,9.904046806,1.400511153,0.030745752,0.4,Modelled
Australia,9.334576691,3.970998518,0.048137933,0.4,Modelled
Australia,9.342404864,10.78346144,0.059253103,0.4,Modelled
Australia,5.484190309,1.03813555,0.010433961,0.4,Modelled
Australia,6.822438406,9.665989334,0.027338082,0.4,Modelled
Australia,9.08184538,5.028348345,0.048250947,0.4,Modelled
Australia,8.404878296,1.303253072,0.022890583,0.4,Modelled
Australia,8.186977757,3.590366513,0.035142937,0.4,Modelled
Australia,7.768530324,23.32609073,0.039007876,0.4,Modelled
Australia,7.373105398,1.372569625,0.019357941,0.4,Modelled
Australia,8.392051572,1.594228753,0.026153703,0.4,Modelled
Australia,6.842368147,5.071965539,0.025606936,0.4,Modelled
Australia,9.469886227,7.289801101,0.057516667,0.4,Modelled
Australia,9.842195497,3.100079585,0.049560107,0.4,Modelled
Australia,9.318096597,1.540092787,0.030340776,0.4,Modelled
Australia,9.948038351,4.063518353,0.056143586,0.4,Modelled
Australia,9.575476412,1.288331148,0.027339556,0.4,Modelled
Australia,9.357347938,1.241004749,0.02567882,0.4,Modelled
Australia,8.887934652,1.376526879,0.025945529,0.4,Modelled
Australia,5.871226359,1.664582507,0.014472009,0.4,Modelled
Australia,8.126971728,2.548892902,0.030925222,0.4,Modelled
Australia,9.156394336,1.400511153,0.027531181,0.4,Modelled
Australia,5.501198844,1.857022665,0.013426013,0.4,Modelled
Australia,9.925212428,4.134320121,0.056604628,0.4,Modelled
Australia,9.341895989,1.655025544,0.032004522,0.4,Modelled
Australia,8.791512989,1.475000604,0.026819478,0.4,Modelled
Australia,7.91828927,1.273580077,0.020568816,0.4,Modelled
Australia,8.076742765,1.258997902,0.02104423,0.4,Modelled
Australia,4.499840485,2.498040067,0.010219149,0.4,Modelled
Australia,7.458023037,4.391983149,0.030129823,0.4,Modelled
Australia,8.604002785,2.909818941,0.036552497,0.4,Modelled
Australia,6.289685556,2.047990001,0.017640934,0.4,Modelled
Australia,8.342351886,1.535665311,0.025316353,0.4,Modelled
Australia,8.391622214,1.109203555,0.020104468,0.4,Modelled
Australia,8.792994868,1.723094425,0.029673481,0.4,Modelled
Australia,5.021660213,1.857022665,0.011487261,0.4,Modelled
Australia,8.786593063,4.182205332,0.042954484,0.4,Modelled
Australia,6.419950622,1.905767944,0.0178045,0.4,Modelled
Australia,7.844431585,1.273580077,0.020347392,0.4,Modelled
Australia,6.652426053,1.830482754,0.018732471,0.4,Modelled
Australia,9.215073667,1.961431489,0.034847169,0.4,Modelled
Australia,6.856071408,1.598825073,0.018609906,0.4,Modelled
Australia,9.036248303,39.50473586,0.058862084,0.4,Modelled
Australia,7.074958006,1.738040991,0.020391263,0.4,Modelled
Australia,9.616672299,1.185136686,0.025438,0.4,Modelled
Australia,7.366183621,2.762869296,0.026063603,0.4,Modelled
Australia,9.9822505,19.51293423,0.074523772,0.4,Modelled
Australia,7.188606435,6.981696894,0.029779945,0.4,Modelled
Australia,9.547257512,4.985106245,0.054130756,0.4,Modelled
Australia,9.342689668,2.089681125,0.036867688,0.4,Modelled
Australia,6.498224245,3.858305386,0.021974959,0.4,Modelled
Australia,9.565262468,2.754926569,0.044538415,0.4,Modelled
Australia,7.116924154,3.478446646,0.025830946,0.4,Modelled
Australia,5.424958591,1.008674259,0.010106213,0.4,Modelled
Australia,8.299376319,8.442705111,0.042515531,0.4,Modelled
Australia,7.180840771,1.916772821,0.021939631,0.4,Modelled
Australia,6.668530165,3.559490572,0.022685274,0.4,Modelled
Australia,9.779617089,3.038230052,0.048420807,0.4,Modelled
Australia,9.729445006,18.74209801,0.069297829,0.4,Modelled
Australia,9.435420575,3.321852504,0.046764934,0.4,Modelled
Australia,8.391602643,8.132565258,0.043543014,0.4,Modelled
Australia,8.170858949,1.005774511,0.017798675,0.4,Modelled
Australia,9.758257354,2.901453762,0.047278008,0.4,Modelled
Australia,7.413108354,6.59105201,0.031728469,0.4,Modelled
Australia,8.219268368,1.277251935,0.021824786,0.4,Modelled
Australia,5.882325524,1.002883099,0.001216767,0.4,Modelled
Australia,9.59658317,1.356854044,0.028597579,0.4,Modelled
Australia,9.608527401,12.77987575,0.065101412,0.4,Modelled
Australia,8.477283925,15.01564998,0.047290271,0.4,Modelled
Australia,7.978291704,9.310912558,0.039177453,0.4,Modelled
Australia,9.940892469,4.999478801,0.060218543,0.4,Modelled
Australia,9.167738066,2.001360534,0.034828867,0.4,Modelled
Australia,7.398320587,2.563611512,0.02577725,0.4,Modelled
Australia,5.608600436,1.617343251,0.013305506,0.4,Modelled
Australia,7.880307188,6.744616169,0.036434246,0.4,Modelled
Australia,8.490696826,14.50575657,0.047114386,0.4,Modelled
Australia,9.088233544,1.548986069,0.029320862,0.4,Modelled
Australia,8.509849752,2.646096336,0.034420535,0.4,Modelled
Australia,9.821628401,2.284755387,0.042507228,0.4,Modelled
Australia,9.660943145,21.33449025,0.069048216,0.4,Modelled
Australia,8.488656759,6.115706172,0.04290408,0.4,Modelled
Australia,8.039081764,10.00575956,0.039910382,0.4,Modelled
Australia,8.877244845,1.074627164,0.021025417,0.4,Modelled
Australia,7.00877669,1.303253072,0.017296826,0.4,Modelled
Australia,8.356721329,3.600717897,0.036649613,0.4,Modelled
Australia,9.044545564,1.248170944,0.024620317,0.4,Modelled
Australia,9.449621847,1.470760256,0.029924259,0.4,Modelled
Australia,6.688695759,1.94456384,0.019305589,0.4,Modelled
Australia,6.746911827,1.047140607,0.01416233,0.4,Modelled
Australia,9.696191636,5.419178838,0.057381839,0.4,Modelled
Australia,9.6387663,33.33348491,0.070155676,0.4,Modelled
Australia,6.079921343,1.299506466,0.013767578,0.4,Modelled
Australia,9.665918961,1.083948758,0.023456795,0.4,Modelled
Australia,8.755069668,8.467046268,0.048648406,0.4,Modelled
Australia,9.572165342,1.372569625,0.028878983,0.4,Modelled
Australia,4.092698731,1.404548966,0.007631012,0.4,Modelled
Australia,9.482243085,8.29812065,0.0589353,0.4,Modelled
Australia,5.368031333,1.87313096,0.01291822,0.4,Modelled
Australia,9.417313266,8.132565258,0.058163644,0.4,Modelled
Australia,9.624604366,1.09335121,0.023562736,0.4,Modelled
Australia,7.705352769,3.858305386,0.031392131,0.4,Modelled
Australia,5.664291794,2.600780953,0.015518537,0.4,Modelled
Australia,5.65361821,1.002883099,0.004473143,0.4,Modelled
Australia,8.187406405,2.331266366,0.030375035,0.4,Modelled
Australia,8.98825831,2.811008867,0.039382954,0.4,Modelled
Australia,9.613298607,5.707410499,0.05686955,0.4,Modelled
Australia,8.961729596,1.109203555,0.021934229,0.4,Modelled
Australia,8.24571599,1.857022665,0.027661971,0.4,Modelled
Australia,9.514957538,22.27598718,0.065996949,0.4,Modelled
Australia,8.271638484,1.288331148,0.022143519,0.4,Modelled
Australia,8.117209479,1.056223775,0.018417692,0.4,Modelled
Australia,8.86102869,3.621510281,0.041655771,0.4,Modelled
Australia,6.162313991,1.28462744,0.013999034,0.4,Modelled
Australia,9.73079378,5.071965539,0.057102051,0.4,Modelled
Australia,8.534021265,4.899734448,0.041753355,0.4,Modelled
Australia,3.742290186,1.161492083,0.006241788,0.4,Modelled
Australia,9.1529168,3.350667111,0.043874222,0.4,Modelled
Australia,9.832090524,48.88462557,0.075624077,0.4,Modelled
Australia,9.967326736,1.299506466,0.029085498,0.4,Modelled
Australia,7.782869744,1.168199132,0.018877467,0.4,Modelled
Australia,5.923545497,1.479253177,0.01401262,0.4,Modelled
Australia,8.657243285,1.071537815,0.020293573,0.4,Modelled
Australia,9.289301519,5.691002773,0.052432151,0.4,Modelled
Australia,6.519678832,3.727287117,0.021992146,0.4,Modelled
Australia,5.827792511,1.002883099,0.006887128,0.4,Modelled
Australia,9.730547767,1.244582689,0.027081057,0.4,Modelled
Australia,8.534829466,2.089681125,0.031198852,0.4,Modelled
Australia,5.357851292,1.911262462,0.012976149,0.4,Modelled
Australia,7.160742746,3.539054265,0.02622206,0.4,Modelled
Australia,9.993051241,1.894826249,0.039270438,0.4,Modelled
Australia,9.407912269,48.60396147,0.065932968,0.4,Modelled
Australia,9.873952126,4.341696034,0.056646274,0.4,Modelled
Australia,9.001489289,1.674194657,0.030286412,0.4,Modelled
Australia,9.764237668,12.66997313,0.068051244,0.4,Modelled
Australia,9.132530153,2.278187147,0.037160069,0.4,Modelled
Australia,9.194384302,1.329783516,0.026580762,0.4,Modelled
Australia,9.926097702,1.188553553,0.026520562,0.4,Modelled
Australia,9.001682003,2.455260203,0.037249114,0.4,Modelled
Australia,9.249834575,5.674642216,0.051824635,0.4,Modelled
Australia,7.447798318,1.020357094,0.015959276,0.4,Modelled
Australia,8.952268191,20.61002505,0.055973265,0.4,Modelled
Australia,9.053939347,1.462316096,0.027896885,0.4,Modelled
Australia,7.757356258,5.891047821,0.034568366,0.4,Modelled
Australia,7.931485147,17.79559766,0.040379176,0.4,Modelled
Australia,8.879884049,3.82512526,0.04291791,0.4,Modelled
Australia,8.177974801,3.020786488,0.033345604,0.4,Modelled
Australia,9.328330564,9.177844288,0.057608188,0.4,Modelled
Australia,6.521687618,1.961431489,0.018507495,0.4,Modelled
Australia,9.848844775,31.37792033,0.073878017,0.4,Modelled
Australia,7.48915691,1.557930706,0.021321497,0.4,Modelled
Australia,6.418554397,2.311218261,0.019004385,0.4,Modelled
Australia,6.623350167,2.786835139,0.021282374,0.4,Modelled
Australia,9.504649039,1.566926993,0.031663363,0.4,Modelled
Australia,9.403593978,21.58159413,0.063878307,0.4,Modelled
Australia,4.563102212,1.077725421,0.008123028,0.4,Modelled
Australia,7.11904232,4.999478801,0.027667573,0.4,Modelled
Australia,7.900562284,3.25557839,0.031766386,0.4,Modelled
Australia,8.307206117,4.316768806,0.037867806,0.4,Modelled
Australia,8.592113116,9.976994894,0.047471743,0.4,Modelled
Australia,7.124707592,1.688717054,0.020373142,0.4,Modelled
Australia,9.826283142,17.69342677,0.071475158,0.4,Modelled
Australia,9.925275882,12.85367329,0.071074033,0.4,Modelled
Australia,5.631885084,1.032175243,0.010811738,0.4,Modelled
Australia,8.910513358,2.490858674,0.036827925,0.4,Modelled
Australia,8.79787402,5.976461292,0.046644777,0.5,Modelled
Australia,7.690565188,2.571002658,0.02782436,0.5,Modelled
Australia,9.228849344,4.760684681,0.049660691,0.5,Modelled
Australia,9.977003054,6.862132741,0.065724469,0.5,Modelled
Australia,7.39368533,2.213534379,0.024361566,0.5,Modelled
Australia,8.510126852,1.226795553,0.022253894,0.5,Modelled
Australia,5.117645806,1.002883099,0.00904256,0.5,Modelled
Australia,6.689527275,1.589645647,0.017765136,0.5,Modelled
Australia,9.901235073,23.25903263,0.074496914,0.5,Modelled
Australia,5.507035711,1.783663102,0.013287185,0.5,Modelled
Australia,9.320842283,2.317881733,0.03898664,0.5,Modelled
Australia,8.481316086,1.09650345,0.020160248,0.5,Modelled
Australia,8.924571185,10.65999348,0.052082747,0.5,Modelled
Australia,5.910077319,1.470760256,0.013917395,0.5,Modelled
Australia,5.547178178,2.699963167,0.015011391,0.5,Modelled
Australia,5.810471586,1.002883099,0.01046643,0.5,Modelled
Australia,9.609442143,1.322148754,0.028079884,0.5,Modelled
Australia,9.912061185,1.788805579,0.037256895,0.5,Modelled
Australia,6.508825684,1.7683242,0.017755222,0.5,Modelled
Australia,7.704547552,1.161492083,0.018532911,0.5,Modelled
Australia,7.402804402,2.239172346,0.024670489,0.5,Modelled
Australia,7.474951734,4.291984694,0.030139525,0.5,Modelled
Australia,8.853449212,3.781328527,0.042438397,0.5,Modelled
Australia,7.643379231,17.24086852,0.036905167,0.5,Modelled
Australia,9.83575682,2.630904152,0.045958054,0.5,Modelled
Australia,4.418405555,1.683862312,0.009057306,0.5,Modelled
Australia,9.900872974,2.684461713,0.047078946,0.5,Modelled
Australia,8.743176857,1.368623747,0.025257594,0.5,Modelled
Australia,9.650534496,14.05357924,0.066703619,0.5,Modelled
Australia,6.655881296,1.262627717,0.015625659,0.5,Modelled
Australia,9.590688463,3.569752937,0.049583334,0.5,Modelled
Australia,5.16296466,1.002883099,0.008245014,0.5,Modelled
Australia,9.437529279,1.851684076,0.03503247,0.5,Modelled
Australia,9.729708068,2.762869296,0.045974696,0.5,Modelled
Australia,9.938115936,1.198863374,0.026771847,0.5,Modelled
Australia,5.757241063,1.783663102,0.014352488,0.5,Modelled
Australia,5.991922076,2.392460142,0.016879933,0.5,Modelled
Australia,9.844824211,7.744123014,0.064223713,0.5,Modelled
Australia,9.953714145,3.528880153,0.053871796,0.5,Modelled
Australia,5.710862204,2.358267947,0.01534118,0.5,Modelled
Australia,3.28609194,1.202319816,0.0052585,0.5,Modelled
Australia,7.685987781,6.45955426,0.034129291,0.5,Modelled
Australia,7.858155633,2.901453762,0.030332388,0.5,Modelled
Australia,5.576869699,1.002883099,0.001997977,0.5,Modelled
Australia,9.790329469,4.391983149,0.055713132,0.5,Modelled
Australia,5.227338724,1.851684076,0.01232552,0.5,Modelled
Australia,8.708273556,2.239172346,0.03363783,0.5,Modelled
Australia,9.638616171,2.794869861,0.045288598,0.5,Modelled
Australia,7.942434624,1.34906386,0.021510135,0.5,Modelled
Australia,8.271981268,4.255075073,0.037395031,0.5,Modelled
Australia,9.102283811,2.723383345,0.040092039,0.5,Modelled
Australia,9.774596141,5.071965539,0.057638592,0.5,Modelled
Australia,9.319455636,2.324564416,0.038843408,0.5,Modelled
Australia,4.5822165,1.002883099,0.007859707,0.5,Modelled
Australia,8.173780152,1.154823542,0.020069741,0.5,Modelled
Australia,9.471875514,1.522459107,0.030887084,0.5,Modelled
Australia,9.212045061,3.458475641,0.045009765,0.5,Modelled
Australia,8.249028895,15.76882923,0.044103304,0.5,Modelled
Australia,7.070743614,1.505027329,0.019015771,0.5,Modelled
Australia,9.526876062,6.496855026,0.057732725,0.5,Modelled
Australia,7.195321158,10.03460716,0.030964769,0.5,Modelled
Australia,8.695466876,3.199825401,0.038702435,0.5,Modelled
Australia,5.884697931,1.026249157,0.011460809,0.5,Modelled
Australia,8.971973721,1.631372504,0.029679426,0.5,Modelled
Australia,9.442611596,6.312480507,0.055777464,0.5,Modelled
Australia,9.063346147,1.050159617,0.02106198,0.5,Modelled
Australia,6.295777711,1.674194657,0.016352192,0.5,Modelled
Australia,7.132912139,3.40904833,0.025888637,0.5,Modelled
Australia,6.3570418,3.100079585,0.020051879,0.5,Modelled
Australia,9.137735082,1.437273389,0.027968452,0.5,Modelled
Australia,9.902381209,1.509366472,0.032737061,0.5,Modelled
Australia,8.034638408,16.27619514,0.041508103,0.5,Modelled
Australia,9.77114885,34.20846078,0.07245147,0.5,Modelled
Australia,8.436680205,3.748810377,0.037757567,0.5,Modelled
Australia,8.923409772,1.728062277,0.030477548,0.5,Modelled
Australia,7.83165914,5.450471945,0.034871107,0.5,Modelled
Australia,4.725101174,1.13504676,0.00875754,0.5,Modelled
Australia,7.577773245,1.758171619,0.023102133,0.5,Modelled
Australia,9.191968851,2.226316457,0.037130711,0.5,Modelled
Australia,9.881886937,3.970998518,0.054818002,0.5,Modelled
Australia,9.847853651,1.404548966,0.030618964,0.5,Modelled
Australia,9.479965855,28.53407779,0.066131967,0.5,Modelled
Australia,9.690057093,1.819973298,0.036209905,0.5,Modelled
Australia,7.580634387,1.106014805,0.017420783,0.5,Modelled
Australia,5.899522292,5.372575727,0.018888692,0.5,Modelled
Australia,9.316758929,5.115961079,0.051644835,0.5,Modelled
Australia,9.290308881,2.399357842,0.039253815,0.5,Modelled
Australia,9.642510642,1.050159617,0.022592124,0.5,Modelled
Australia,9.497736809,24.85128427,0.066448336,0.5,Modelled
Australia,8.629809677,5.145503251,0.043153474,0.5,Modelled
Australia,9.111460367,4.354213575,0.046922483,0.5,Modelled
Australia,9.734717279,2.630904152,0.045047171,0.5,Modelled
Australia,9.691801564,1.337462366,0.028653452,0.5,Modelled
Australia,9.154844912,1.059268973,0.021493641,0.5,Modelled
Australia,9.922478996,18.42113262,0.073102466,0.5,Modelled
Australia,7.314122807,1.841052896,0.022186579,0.5,Modelled
Australia,8.16861948,4.829709176,0.037570816,0.5,Modelled
Australia,8.19462557,1.01742376,0.018053897,0.5,Modelled
Australia,7.639494218,1.669381664,0.022920156,0.5,Modelled
Australia,6.953802585,6.803120713,0.02738263,0.5,Modelled
Australia,9.986327101,14.38101196,0.072843747,0.5,Modelled
Australia,6.001503429,1.299506466,0.013495553,0.5,Modelled
Australia,8.84857615,10.38733471,0.051433984,0.5,Modelled
Australia,9.196888952,6.629112111,0.052886029,0.5,Modelled
Australia,9.79242049,2.608279263,0.045456499,0.5,Modelled
Australia,8.711245966,9.638201443,0.048713723,0.5,Modelled
Australia,7.849636925,8.866187966,0.037399777,0.5,Modelled
Australia,6.977039316,2.427148084,0.022554328,0.5,Modelled
Australia,6.238236655,1.223268748,0.01387733,0.5,Modelled
Australia,9.162097488,2.986199234,0.04210967,0.5,Modelled
Australia,8.65327197,3.091167443,0.037710318,0.5,Modelled
Australia,9.997912523,1.266267999,0.028466821,0.5,Modelled
Australia,8.811836739,12.74313603,0.051420474,0.5,Modelled
Australia,8.855600639,6.312480507,0.047535806,0.5,Modelled
Australia,5.29801265,4.304358912,0.014900347,0.5,Modelled
Australia,9.607098025,2.684461713,0.044433858,0.5,Modelled
Australia,7.98486203,3.428733917,0.032867976,0.5,Modelled
Australia,9.360611041,3.073419946,0.044621753,0.5,Modelled
Australia,5.366053613,1.708276394,0.012551205,0.5,Modelled
Australia,9.092562983,44.83972245,0.059814818,0.5,Modelled
Australia,9.045629889,1.329783516,0.025904094,0.5,Modelled
Australia,8.485826756,2.441163677,0.033060409,0.5,Modelled
Australia,8.900010477,5.466186196,0.046922434,0.5,Modelled
Australia,8.975231364,1.248170944,0.024326083,0.5,Modelled
Australia,7.939849611,1.94456384,0.026331516,0.5,Modelled
Australia,8.665918168,2.337987638,0.033946553,0.5,Modelled
Australia,6.406221488,2.977614476,0.020144817,0.5,Modelled
Australia,7.944868651,2.739109552,0.030414276,0.5,Modelled
Australia,6.884606081,2.835392285,0.023041601,0.5,Modelled
Australia,7.631941894,1.032175243,0.016634821,0.5,Modelled
Australia,8.668262999,11.38974835,0.048872559,0.5,Modelled
Australia,7.197942648,1.191980271,0.017070595,0.5,Modelled
Australia,9.55573511,1.233879697,0.026246795,0.5,Modelled
Australia,9.898069194,14.38101196,0.070978002,0.5,Modelled
Australia,8.815523794,35.82106837,0.055140026,0.5,Modelled
Australia,8.311076352,4.507269002,0.038506667,0.5,Modelled
Australia,9.687438582,2.27163779,0.041390106,0.5,Modelled
Australia,8.815010246,2.73123513,0.037493664,0.5,Modelled
Australia,7.636791035,3.600717897,0.030367671,0.5,Modelled
Australia,8.008598572,1.1416011,0.019309956,0.5,Modelled
Australia,6.660270728,1.883947374,0.01898123,0.5,Modelled
Australia,8.360162661,4.146239776,0.037980217,0.5,Modelled
Australia,6.509085527,1.911262462,0.018285372,0.5,Modelled
Australia,9.284013803,1.032175243,0.021288018,0.5,Modelled
Australia,9.752853261,1.233879697,0.026942594,0.5,Modelled
Australia,8.504647625,1.266267999,0.022802592,0.5,Modelled
Australia,8.215893275,1.535665311,0.024696989,0.5,Modelled
Australia,6.623724333,1.640792882,0.017722974,0.5,Modelled
Australia,8.282823348,1.470760256,0.024358457,0.5,Modelled
Australia,9.596632628,1.16484078,0.024961012,0.5,Modelled
Australia,8.667917463,5.34172985,0.043834494,0.5,Modelled
Australia,9.543397043,1.053187331,0.022424524,0.5,Modelled
Australia,6.28584471,4.194263045,0.02074932,0.5,Modelled
Australia,6.049491582,1.002883099,0.007103793,0.5,Modelled
Australia,8.708743595,1.03813555,0.019843485,0.5,Modelled
Australia,4.737605484,1.933399404,0.010525313,0.5,Modelled
Australia,7.645921865,2.200825688,0.026084377,0.5,Modelled
Australia,9.843915118,4.063518353,0.055075465,0.5,Modelled
Australia,5.729467287,1.002883099,0.004516983,0.5,Modelled
Australia,8.808581331,2.505242164,0.036127554,0.5,Modelled
Australia,7.023136435,11.82410267,0.029367026,0.5,Modelled
Australia,7.399190866,4.612283342,0.029657848,0.5,Modelled
Australia,8.589346392,4.391983149,0.040977037,0.5,Modelled
Australia,7.224578042,2.448201794,0.024219016,0.5,Modelled
Australia,9.697479922,4.956484969,0.056436718,0.5,Modelled
Australia,7.697911161,2.258595506,0.026641025,0.5,Modelled
Australia,8.62402143,1.384475648,0.02487754,0.5,Modelled
Australia,9.156613036,6.803120713,0.05269615,0.5,Modelled
Australia,9.633989183,30.39979939,0.069571265,0.5,Modelled
Australia,8.939829324,24.07661337,0.05569759,0.5,Modelled
Australia,9.129770271,24.28546014,0.059208762,0.5,Modelled
Australia,5.643872409,2.6233408,0.015385492,0.5,Modelled
Australia,8.743079964,1.984149508,0.031894527,0.5,Modelled
Australia,7.415949867,6.725226672,0.031753647,0.5,Modelled
Australia,7.836454622,2.483697926,0.02848058,0.5,Modelled
Australia,8.815752114,3.418876955,0.040689004,0.5,Modelled
Australia,8.437855321,3.770457923,0.037985194,0.5,Modelled
Australia,8.063621245,2.563611512,0.030618187,0.5,Modelled
Australia,7.766259452,5.280568372,0.034006384,0.5,Modelled
Australia,9.858972391,3.858305386,0.054270615,0.5,Modelled
Australia,7.289737354,3.902993693,0.028010411,0.5,Modelled
Australia,6.055447532,4.242842537,0.019234163,0.5,Modelled
Australia,6.545502738,5.071965539,0.023248592,0.5,Modelled
Australia,9.738186311,6.981696894,0.061867904,0.5,Modelled
Australia,6.878459723,5.388065396,0.026139114,0.5,Modelled
Australia,9.458526283,2.065754796,0.037696174,0.5,Modelled
Australia,8.276814094,1.318347826,0.022558898,0.5,Modelled
Australia,5.104630827,1.280934379,0.010398567,0.5,Modelled
Australia,9.565532081,1.188553553,0.025383226,0.5,Modelled
Australia,7.758077066,2.175626781,0.026534111,0.5,Modelled
Australia,9.509621468,2.585848941,0.042554499,0.5,Modelled
Australia,9.763078699,1.212749049,0.02650225,0.5,Modelled
Australia,9.734002273,5.976461292,0.059228059,0.5,Modelled
Australia,9.912731112,1.470760256,0.032132738,0.5,Modelled
Australia,9.908464534,2.441163677,0.044816235,0.5,Modelled
Australia,8.119588849,1.819973298,0.026665433,0.5,Modelled
Australia,9.472666518,6.629112111,0.056562815,0.5,Modelled
Australia,9.943334524,3.738033256,0.05455979,0.5,Modelled
Australia,4.113791342,2.101748011,0.008519243,0.5,Modelled
Australia,8.303562588,1.226795553,0.021542568,0.5,Modelled
Australia,9.961585822,1.154823542,0.025879374,0.5,Modelled
Australia,4.75433479,1.237437095,0.009176564,0.5,Modelled
Australia,7.540909543,8.614574049,0.033763977,0.5,Modelled
Australia,7.208515687,3.399247961,0.026329966,0.5,Modelled
Australia,9.175123077,2.406275429,0.038336027,0.5,Modelled
Australia,5.724118701,1.557930706,0.013552726,0.5,Modelled
Australia,9.852705044,1.713201524,0.035799943,0.5,Modelled
Australia,8.534851168,1.014498859,0.018947226,0.5,Modelled
Australia,8.133942727,1.074627164,0.018790342,0.5,Modelled
Australia,8.236515528,4.774410207,0.038026919,0.5,Modelled
Australia,7.954413221,3.993929091,0.033757683,0.5,Modelled
Australia,9.402922435,2.715554133,0.04259537,0.5,Modelled
Australia,6.133929774,2.699963167,0.018148151,0.5,Modelled
Australia,9.303264376,2.156917124,0.037370459,0.5,Modelled
Australia,9.003338721,7.744123014,0.051606107,0.5,Modelled
Australia,9.743927631,1.669381664,0.034443552,0.5,Modelled
Australia,9.172770243,11.29180035,0.056382297,0.5,Modelled
Australia,9.318855942,1.230332526,0.025338933,0.5,Modelled
Australia,7.048007014,4.913860869,0.027166668,0.6,Modelled
Australia,8.674444428,1.168199132,0.021949009,0.6,Modelled
Australia,8.473711294,2.926621722,0.035582821,0.6,Modelled
Australia,9.95185458,3.331429734,0.052538451,0.6,Modelled
Australia,9.844288457,2.94352153,0.048557557,0.6,Modelled
Australia,4.752276289,1.002883099,0.007265078,0.6,Modelled
Australia,8.667074922,1.830482754,0.030000502,0.6,Modelled
Australia,8.270227548,1.01742376,0.018268644,0.6,Modelled
Australia,7.105220437,8.491457603,0.029427329,0.6,Modelled
Australia,7.032071557,1.233879697,0.016838781,0.6,Modelled
Australia,4.936439301,1.4331415,0.01031257,0.6,Modelled
Australia,9.977539027,7.589620402,0.0669734,0.6,Modelled
Australia,9.333363748,3.020786488,0.043841821,0.6,Modelled
Australia,5.637738121,5.481945754,0.017227942,0.6,Modelled
Australia,9.992069019,1.068457346,0.023942531,0.6,Modelled
Australia,8.687454227,18.47424257,0.050955349,0.6,Modelled
Australia,9.969353417,1.219752081,0.027321244,0.6,Modelled
Australia,8.884178169,2.007130655,0.032886936,0.6,Modelled
Australia,7.281883007,15.99745926,0.032673461,0.6,Modelled
Australia,8.969579187,48.32490876,0.058206585,0.6,Modelled
Australia,9.742744683,1.109203555,0.024201157,0.6,Modelled
Australia,9.557953678,9.230841849,0.061312843,0.6,Modelled
Australia,9.215556656,2.490858674,0.039520172,0.6,Modelled
Australia,7.007987078,5.071965539,0.026814268,0.6,Modelled
Australia,9.701395626,3.569752937,0.051022674,0.6,Modelled
Australia,8.218745406,4.468508009,0.037298037,0.6,Modelled
Australia,6.892428332,1.195416868,0.015959325,0.6,Modelled
Australia,7.809970106,2.434145793,0.028073911,0.6,Modelled
Australia,6.789776328,1.571444599,0.018109706,0.6,Modelled
Australia,5.09088546,1.237437095,0.010171732,0.6,Modelled
Australia,7.794982642,10.18009751,0.037164498,0.6,Modelled
Australia,9.116628341,1.589645647,0.029955975,0.6,Modelled
Australia,7.46150549,2.441163677,0.025758963,0.6,Modelled
Australia,8.074940599,2.138368364,0.0285727,0.6,Modelled
Australia,8.5806789,3.684610606,0.039383075,0.6,Modelled
Australia,7.538028345,3.126970477,0.028396097,0.6,Modelled
Australia,8.955749557,7.879054754,0.051037058,0.6,Modelled
Australia,5.801477637,1.002883099,0.006417138,0.6,Modelled
Australia,9.195202358,1.631372504,0.030807021,0.6,Modelled
Australia,9.026867861,2.794869861,0.03980482,0.6,Modelled
Australia,9.465436484,3.312302806,0.047069676,0.6,Modelled
Australia,6.501539837,5.993692023,0.02349428,0.6,Modelled
Australia,7.596912859,2.676744394,0.027518209,0.6,Modelled
Australia,6.731868338,3.508619592,0.023099308,0.6,Modelled
Australia,9.630362583,1.698468569,0.03429261,0.6,Modelled
Australia,9.79223516,8.739475543,0.064700423,0.6,Modelled
Australia,9.841216591,22.0844212,0.072623159,0.6,Modelled
Australia,8.588447347,1.659797147,0.027899068,0.6,Modelled
Australia,9.888417685,5.028348345,0.059385306,0.6,Modelled
Australia,4.752499537,1.002883099,0.005509576,0.6,Modelled
Australia,9.428356318,35.61540682,0.06565454,0.6,Modelled
Australia,9.65103934,2.324564416,0.041773219,0.6,Modelled
Australia,6.851198232,8.346038237,0.027141764,0.6,Modelled
Australia,9.906684061,5.691002773,0.061745389,0.6,Modelled
Australia,9.608556049,15.18956674,0.066354533,0.6,Modelled
Australia,9.213410041,1.062322951,0.021709608,0.6,Modelled
Australia,9.609567535,9.177844288,0.062086011,0.6,Modelled
Australia,8.822103627,1.743051936,0.030071822,0.6,Modelled
Australia,8.274214935,1.580518923,0.025462746,0.6,Modelled
Australia,9.507204429,1.388467229,0.028866168,0.6,Modelled
Australia,8.901234951,10.53793921,0.051689438,0.6,Modelled
Australia,9.268732201,8.891750066,0.056152874,0.6,Modelled
Australia,8.47748079,4.417344703,0.039924871,0.6,Modelled
Australia,7.142770393,1.041128598,0.015306044,0.6,Modelled
Australia,8.868798778,23.73251893,0.054563252,0.6,Modelled
Australia,9.352640271,1.7683242,0.033498179,0.6,Modelled
Australia,9.592892064,3.948199596,0.051563066,0.6,Modelled
Australia,8.932075536,3.559490572,0.042444809,0.6,Modelled
Australia,5.35565777,1.002883099,0.00569114,0.6,Modelled
Australia,9.782889163,1.380495543,0.029839927,0.6,Modelled
Australia,6.846756494,1.035151107,0.014355158,0.6,Modelled
Australia,9.473006304,7.502721136,0.057889176,0.6,Modelled
Australia,6.627644906,2.498040067,0.020653262,0.6,Modelled
Australia,9.790385324,1.099664778,0.024139061,0.6,Modelled
Australia,9.785556026,1.972757797,0.038859512,0.6,Modelled
Australia,9.409124107,27.17118173,0.064997023,0.6,Modelled
Australia,9.069777152,18.90467181,0.05733345,0.6,Modelled
Australia,7.478408497,2.132220959,0.024600595,0.6,Modelled
Australia,9.018391955,2.059816141,0.034315524,0.6,Modelled
Australia,5.865572672,1.202319816,0.012530065,0.6,Modelled
Australia,9.637780091,1.09335121,0.023544359,0.6,Modelled
Australia,9.407629299,7.001825819,0.056174533,0.6,Modelled
Australia,9.595526704,2.331266366,0.041148277,0.6,Modelled
Australia,4.563558036,1.002883099,0.001482762,0.6,Modelled
Australia,5.399895774,1.002883099,0.003746119,0.6,Modelled
Australia,9.374302625,2.226316457,0.038485735,0.6,Modelled
Australia,6.593704135,6.705892918,0.024354355,0.6,Modelled
Australia,5.107988718,3.370015575,0.013450367,0.6,Modelled
Australia,9.442436892,8.250478175,0.058886009,0.6,Modelled
Australia,8.474191825,8.789941739,0.045026018,0.6,Modelled
Australia,4.390688322,1.112401499,0.007779761,0.6,Modelled
Australia,8.639131864,16.84832142,0.049922422,0.6,Modelled
Australia,9.242743476,38.82820258,0.062681753,0.6,Modelled
Australia,8.935024894,1.144892449,0.022464874,0.6,Modelled
Australia,4.967883426,1.002883099,0.008233488,0.6,Modelled
Australia,9.65748296,18.1578643,0.068074486,0.6,Modelled
Australia,8.322582452,1.212749049,0.021355661,0.6,Modelled
Australia,8.902920426,10.78346144,0.052303572,0.6,Modelled
Australia,5.582187155,1.659797147,0.013315832,0.6,Modelled
Australia,7.385862957,1.364689212,0.019322966,0.6,Modelled
Australia,8.282123903,1.13504676,0.020167804,0.6,Modelled
Australia,9.686707711,1.008674259,0.021735196,0.6,Modelled
Australia,5.058574601,1.131783715,0.009686272,0.6,Modelled
Australia,7.245837176,12.38149804,0.031908341,0.6,Modelled
Australia,7.858091868,3.902993693,0.032884693,0.6,Modelled
Australia,9.121036391,1.470760256,0.028379603,0.6,Modelled
Australia,8.737075639,1.7683242,0.029859191,0.6,Modelled
Australia,9.292143244,1.09335121,0.022621047,0.6,Modelled
Australia,7.206370368,2.646096336,0.024619099,0.6,Modelled
Australia,4.538377948,2.85998721,0.010607449,0.6,Modelled
Australia,9.347022788,2.476557764,0.040425404,0.6,Modelled
Australia,6.341444635,1.16484078,0.013894463,0.6,Modelled
Australia,9.333546256,9.80613515,0.05795992,0.6,Modelled
Australia,9.130026717,1.174944911,0.023635987,0.6,Modelled
Australia,9.868338302,39.61863193,0.075102008,0.6,Modelled
Australia,8.363059194,4.815824676,0.039492056,0.6,Modelled
Australia,6.575855726,8.203109232,0.024690859,0.6,Modelled
Australia,9.449644063,1.266267999,0.026433142,0.6,Modelled
Australia,8.088210458,7.331896136,0.039270093,0.6,Modelled
Australia,4.78549355,1.002883099,0.007737142,0.6,Modelled
Australia,9.679217191,1.819973298,0.036203506,0.6,Modelled
Australia,7.707998863,1.219752081,0.019232626,0.6,Modelled
Australia,8.123448391,8.565114702,0.04030146,0.6,Modelled
Australia,6.028729724,2.107807559,0.016392925,0.7,Modelled
Australia,5.517069859,5.434802868,0.016488202,0.7,Modelled
Australia,8.244991176,1.608057505,0.025585577,0.7,Modelled
Australia,9.245352741,11.58820059,0.057897829,0.7,Modelled
Australia,6.808532908,1.020357094,0.014091918,0.7,Modelled
Australia,7.472082453,3.580044889,0.028947946,0.7,Modelled
Australia,8.211147399,30.39979939,0.045307149,0.7,Modelled
Australia,9.908984444,6.063113161,0.062289877,0.7,Modelled
Australia,9.451748578,3.264964546,0.046411496,0.7,Modelled
Australia,4.745964802,1.002883099,0.004827338,0.7,Modelled
Australia,8.487118333,7.164960549,0.043962077,0.7,Modelled
Australia,9.760367881,4.341696034,0.05506147,0.7,Modelled
Australia,9.200334168,3.880585212,0.046670667,0.7,Modelled
Australia,8.425588425,6.440984263,0.042313741,0.7,Modelled
Australia,8.956888603,3.055774344,0.04052746,0.7,Modelled
Australia,8.384597139,1.380495543,0.023812889,0.7,Modelled
Australia,8.220825308,2.918208238,0.033233844,0.7,Modelled
Australia,7.83315406,1.230332526,0.019776115,0.7,Modelled
Australia,5.284301923,1.131783715,0.010353261,0.7,Modelled
Australia,9.215429044,1.333617414,0.026669116,0.7,Modelled
Australia,8.245652647,1.55345195,0.025032767,0.7,Modelled
Australia,9.307604966,12.34590358,0.059631905,0.7,Modelled
Australia,8.721334766,35.61540682,0.05306746,0.7,Modelled
Australia,7.340475216,6.168755389,0.03058478,0.7,Modelled
Australia,9.609015134,2.469438129,0.042561748,0.7,Modelled
Australia,9.100549179,1.693585793,0.031093967,0.7,Modelled
Australia,5.992954278,3.748810377,0.018558381,0.7,Modelled
Australia,8.130759104,1.566926993,0.024594936,0.7,Modelled
Australia,8.377280934,1.341318402,0.0233183,0.7,Modelled
Australia,9.622332978,3.528880153,0.049927164,0.7,Modelled
Australia,8.595538805,12.8907317,0.048184194,0.7,Modelled
Australia,8.775887473,5.419178838,0.045506408,0.7,Modelled
Australia,7.204949121,1.122050757,0.016394811,0.7,Modelled
Australia,8.517757116,3.082280921,0.03633158,0.7,Modelled
Australia,6.974270542,2.378724173,0.022407456,0.7,Modelled
Australia,8.91637432,7.12382395,0.049499973,0.7,Modelled
Australia,6.255854076,4.928028018,0.021006844,0.7,Modelled
Australia,9.846292132,3.51873529,0.052124009,0.7,Modelled
Australia,6.9988141,1.788805579,0.020246096,0.7,Modelled
Australia,9.653943454,9.862760783,0.064060977,0.7,Modelled
Australia,9.608116627,3.869429263,0.05144579,0.7,Modelled
Australia,7.630120497,3.350667111,0.029655951,0.7,Modelled
Australia,9.592306101,13.53732587,0.064855465,0.7,Modelled
Australia,9.470454168,1.237437095,0.025963276,0.7,Modelled
Australia,9.997116445,13.19107137,0.072200729,0.7,Modelled
Australia,4.7564832,1.299506466,0.009365095,0.7,Modelled
Australia,9.477796285,1.16484078,0.024570913,0.7,Modelled
Australia,9.812638832,15.99745926,0.070160932,0.7,Modelled
Australia,4.924396078,1.002883099,0.001768168,0.7,Modelled
Australia,9.414929617,18.31537031,0.063242964,0.7,Modelled
Australia,6.870559484,7.721860125,0.027134054,0.7,Modelled
Australia,8.00410108,6.168755389,0.037269222,0.7,Modelled
Australia,9.780574199,2.843567002,0.04709037,0.8,Modelled
Australia,9.273085262,7.655454731,0.055471165,0.8,Modelled
Australia,5.943043987,1.002883099,0.007850324,0.8,Modelled
Australia,7.541236963,2.007130655,0.024353949,0.8,Modelled
Australia,9.865282725,1.589645647,0.033913319,0.8,Modelled
Australia,9.527044497,3.590366513,0.048959698,0.8,Modelled
Australia,9.750419783,3.264964546,0.049568377,0.8,Modelled
Australia,7.389492466,1.475000604,0.020261307,0.8,Modelled
Australia,9.792598892,2.835392285,0.047337843,0.8,Modelled
Australia,9.030355609,1.34906386,0.026202139,0.8,Modelled
Australia,9.923371308,6.440984263,0.063261833,0.8,Modelled
Australia,9.670061318,8.250478175,0.062518382,0.8,Modelled
Australia,8.057448186,7.901770851,0.039169943,0.8,Modelled
Australia,9.633660961,2.434145793,0.042601681,0.8,Modelled
Australia,9.999754946,1.883947374,0.039081404,0.8,Modelled
South Korea,8.876223901,1.008674259,0.002397037,0.1,Modelled
South Korea,9.230394174,1.005774511,0.002417916,0.2,Modelled
South Korea,8.016737375,1.008674259,0.001327781,0.2,Modelled
South Korea,8.770695292,1.014498859,0.002290994,0.2,Modelled
South Korea,9.654599467,1.008674259,0.002448193,0.2,Modelled
South Korea,9.945051106,1.083948758,0.00405665,0.2,Modelled
South Korea,9.135648182,1.008674259,0.003131549,0.2,Modelled
South Korea,8.599827717,1.01742376,0.002121481,0.2,Modelled
South Korea,8.95888988,1.002883099,0.001978684,0.2,Modelled
South Korea,9.404242069,1.002883099,0.002272731,0.2,Modelled
South Korea,7.375597169,1.008674259,0.001640196,0.2,Modelled
South Korea,9.172696769,1.014498859,0.002044237,0.2,Modelled
South Korea,9.76603424,1.008674259,0.003598195,0.2,Modelled
South Korea,7.998306883,1.008674259,0.001335292,0.2,Modelled
South Korea,9.706183187,1.005774511,0.001844826,0.2,Modelled
South Korea,8.547297291,1.011582367,0.00182216,0.2,Modelled
South Korea,8.382203059,1.026249157,0.002346329,0.2,Modelled
South Korea,9.408776923,1.005774511,0.001324722,0.2,Modelled
South Korea,9.742332061,1.011582367,0.002197396,0.2,Modelled
South Korea,9.423067949,1.026249157,0.002475565,0.2,Modelled
South Korea,8.693378208,1.020357094,0.0015262,0.2,Modelled
South Korea,7.44106853,1.008674259,0.00107505,0.2,Modelled
South Korea,8.285780862,1.029207935,0.001281971,0.2,Modelled
South Korea,8.764493964,1.258997902,0.00290338,0.2,Modelled
South Korea,8.00673597,1.002883099,0.002134018,0.2,Modelled
South Korea,8.569196153,1.011582367,0.001001371,0.2,Modelled
South Korea,8.74457354,1.011582367,0.001231742,0.2,Modelled
South Korea,9.02254047,1.011582367,0.002239585,0.2,Modelled
South Korea,7.883296283,1.303253072,0.002193703,0.2,Modelled
South Korea,8.690395306,1.005774511,0.001693539,0.2,Modelled
South Korea,7.887868066,1.008674259,0.001715559,0.2,Modelled
South Korea,9.966295984,1.008674259,0.002107769,0.2,Modelled
South Korea,9.351725711,1.002883099,0.002697339,0.2,Modelled
South Korea,8.863668241,1.014498859,0.002713484,0.2,Modelled
South Korea,8.599896692,1.01742376,0.002364446,0.2,Modelled
South Korea,8.163766857,1.002883099,0.00126473,0.2,Modelled
South Korea,9.331575302,1.814741219,0.003486089,0.2,Modelled
South Korea,9.928496565,1.005774511,0.00192805,0.2,Modelled
South Korea,8.854556858,1.023298884,0.002230462,0.2,Modelled
South Korea,8.922589781,1.008674259,0.001983399,0.2,Modelled
South Korea,9.423011906,1.026249157,0.001013398,0.2,Modelled
South Korea,8.089689208,1.005774511,0.001237279,0.2,Modelled
South Korea,9.762205196,1.005774511,0.00135637,0.2,Modelled
South Korea,9.183437393,1.020357094,0.002930059,0.2,Modelled
South Korea,8.854256641,1.023298884,0.001539459,0.2,Modelled
South Korea,9.444755722,2.977614476,0.00367491,0.2,Modelled
South Korea,8.508847657,1.014498859,0.001406414,0.2,Modelled
South Korea,9.53332692,1.029207935,0.001846649,0.2,Modelled
South Korea,9.849468735,1.008674259,0.002152193,0.2,Modelled
South Korea,8.90880911,1.014498859,0.001054282,0.2,Modelled
South Korea,9.364933026,1.008674259,0.001284989,0.2,Modelled
South Korea,9.540366158,1.005774511,0.002564618,0.2,Modelled
South Korea,9.765234984,1.008674259,0.001884169,0.2,Modelled
South Korea,9.325851739,1.002883099,0.001366619,0.2,Modelled
South Korea,9.162823489,1.008674259,0.00318932,0.2,Modelled
South Korea,9.155730189,1.005774511,0.002089887,0.2,Modelled
South Korea,7.388518882,1.005774511,0.001192899,0.2,Modelled
South Korea,9.669130568,1.002883099,0.001151854,0.2,Modelled
South Korea,8.321343556,1.026249157,0.001893071,0.2,Modelled
South Korea,9.982119111,1.002883099,0.002873973,0.2,Modelled
South Korea,8.528947508,1.026249157,0.002202685,0.2,Modelled
South Korea,9.361415021,1.008674259,0.002504528,0.2,Modelled
South Korea,8.489178019,1.002883099,0.002521491,0.2,Modelled
South Korea,9.912676037,1.011582367,0.003921963,0.2,Modelled
South Korea,9.362293501,1.008674259,0.001237135,0.2,Modelled
South Korea,9.405537207,1.002883099,0.001594011,0.3,Modelled
South Korea,8.67655307,1.011582367,0.001478833,0.3,Modelled
South Korea,8.311310327,1.020357094,0.001644242,0.3,Modelled
South Korea,9.71098206,1.008674259,0.002944439,0.3,Modelled
South Korea,7.877908619,1.002883099,0.001911116,0.3,Modelled
South Korea,9.800662746,1.011582367,0.003383372,0.3,Modelled
South Korea,8.865590726,1.002883099,0.001246166,0.3,Modelled
South Korea,7.659170562,1.008674259,0.001940898,0.3,Modelled
South Korea,9.199000961,1.002883099,0.002524951,0.3,Modelled
South Korea,8.857149769,1.011582367,0.001870793,0.3,Modelled
South Korea,8.552087594,1.014498859,0.00208306,0.3,Modelled
South Korea,9.033544131,1.01742376,0.001378345,0.3,Modelled
South Korea,8.763410364,1.655025544,0.002938654,0.3,Modelled
South Korea,9.631899748,1.011582367,0.002586991,0.3,Modelled
South Korea,9.25098454,1.002883099,0.002741915,0.3,Modelled
South Korea,8.65174454,1.035151107,0.001946914,0.3,Modelled
South Korea,9.800740512,1.011582367,0.001608595,0.3,Modelled
South Korea,9.18216529,1.005774511,0.001620838,0.3,Modelled
South Korea,7.755008387,1.002883099,0.001121005,0.3,Modelled
South Korea,8.786251935,1.023298884,0.001901849,0.3,Modelled
South Korea,8.508816426,1.014498859,0.001231735,0.3,Modelled
South Korea,8.378597724,1.011582367,0.00242624,0.3,Modelled
South Korea,9.33361814,1.005774511,0.003207696,0.3,Modelled
South Korea,8.638074103,1.014498859,0.002286609,0.3,Modelled
South Korea,8.02753896,1.002883099,0.001971475,0.3,Modelled
South Korea,9.456814219,1.002883099,0.003172369,0.3,Modelled
South Korea,7.329830368,1.008674259,0.001420211,0.3,Modelled
South Korea,8.262497904,1.014498859,0.001775162,0.3,Modelled
South Korea,9.19292779,1.011582367,0.001829151,0.3,Modelled
South Korea,8.057470476,1.008674259,0.00226053,0.3,Modelled
South Korea,7.756283717,1.005774511,0.0012752,0.3,Modelled
South Korea,9.282112941,1.005774511,0.001270657,0.3,Modelled
South Korea,8.320464475,1.03813555,0.002008534,0.3,Modelled
South Korea,9.316557626,1.011582367,0.002971685,0.3,Modelled
South Korea,9.387287495,1.035151107,0.001189584,0.3,Modelled
South Korea,7.887689383,1.008674259,0.00151578,0.3,Modelled
South Korea,8.018973762,1.008674259,0.002046485,0.3,Modelled
South Korea,9.237192846,1.008674259,0.001299015,0.3,Modelled
South Korea,8.560167765,1.631372504,0.002758997,0.3,Modelled
South Korea,7.600564109,1.03813555,0.00123476,0.3,Modelled
South Korea,9.629434077,1.008674259,0.001718426,0.3,Modelled
South Korea,8.763864459,1.023298884,0.001064111,0.3,Modelled
South Korea,9.960458081,1.005774511,0.0018654,0.3,Modelled
South Korea,8.874990909,1.008674259,0.001274414,0.3,Modelled
South Korea,8.798380268,1.01742376,0.002107621,0.3,Modelled
South Korea,9.547875524,1.008674259,0.001590741,0.3,Modelled
South Korea,8.34898237,1.005774511,0.001164906,0.3,Modelled
South Korea,8.646003938,1.005774511,0.001996315,0.3,Modelled
South Korea,9.083715239,1.005774511,0.00294875,0.3,Modelled
South Korea,9.960006204,1.005774511,0.002369788,0.3,Modelled
South Korea,9.082267772,1.005774511,0.001752469,0.3,Modelled
South Korea,9.642578356,1.002883099,0.001937794,0.3,Modelled
South Korea,8.512717592,1.029207935,0.001319086,0.3,Modelled
South Korea,9.439694256,1.008674259,0.001271745,0.3,Modelled
South Korea,8.994673997,1.023298884,0.002156758,0.3,Modelled
South Korea,9.969397456,1.011582367,0.003189133,0.3,Modelled
South Korea,9.568764638,1.005774511,0.002533565,0.3,Modelled
South Korea,9.935234347,1.008674259,0.00334087,0.3,Modelled
South Korea,9.106235194,1.005774511,0.002158772,0.3,Modelled
South Korea,9.762015823,1.005774511,0.001561452,0.3,Modelled
South Korea,8.271137082,1.475000604,0.002483472,0.3,Modelled
South Korea,8.856601318,1.011582367,0.002602937,0.3,Modelled
South Korea,8.08333092,1.002883099,0.001804868,0.3,Modelled
South Korea,9.984911224,1.002883099,0.001585977,0.3,Modelled
South Korea,8.284915735,1.041128598,0.001866289,0.3,Modelled
South Korea,9.57361466,1.008674259,0.001453442,0.3,Modelled
South Korea,9.431590904,4.430080346,0.003678168,0.3,Modelled
South Korea,9.622835916,1.005774511,0.001614192,0.3,Modelled
South Korea,8.78528081,1.008674259,0.001114545,0.3,Modelled
South Korea,8.808111355,1.008674259,0.002153086,0.3,Modelled
South Korea,7.860965888,1.002883099,0.00180743,0.3,Modelled
South Korea,8.9956758,1.023298884,0.001413825,0.3,Modelled
South Korea,8.016843021,1.008674259,0.001332617,0.3,Modelled
South Korea,7.952671706,1.002883099,0.001745945,0.3,Modelled
South Korea,8.047993292,1.002883099,0.001135379,0.3,Modelled
South Korea,8.521429738,1.008674259,0.002307646,0.3,Modelled
South Korea,7.878554225,1.002883099,0.00151617,0.3,Modelled
South Korea,8.235754199,1.035151107,0.001942575,0.3,Modelled
South Korea,7.487473196,1.01742376,0.001873929,0.3,Modelled
South Korea,9.997375108,1.011582367,0.003101572,0.3,Modelled
South Korea,8.168728762,1.005774511,0.001070925,0.3,Modelled
South Korea,7.72583971,1.008674259,0.001939294,0.3,Modelled
South Korea,9.507975449,1.002883099,0.00348425,0.3,Modelled
South Korea,9.901063856,1.005774511,0.002048944,0.3,Modelled
South Korea,8.722691433,1.011582367,0.001232682,0.3,Modelled
South Korea,7.805990681,1.002883099,0.001580592,0.3,Modelled
South Korea,9.726874133,1.002883099,0.003238364,0.3,Modelled
South Korea,7.376007241,1.008674259,0.001266953,0.3,Modelled
South Korea,9.334723104,1.020357094,0.001979642,0.3,Modelled
South Korea,9.543661669,1.020357094,0.001931471,0.3,Modelled
South Korea,9.488536942,1.005774511,0.001688,0.3,Modelled
South Korea,9.201102483,1.002883099,0.001494489,0.3,Modelled
South Korea,8.644055368,1.01742376,0.002375158,0.3,Modelled
South Korea,9.06548807,1.008674259,0.001862168,0.3,Modelled
South Korea,8.469582298,1.002883099,0.002514054,0.3,Modelled
South Korea,7.875307125,1.08707389,0.002169468,0.3,Modelled
South Korea,8.172579951,1.008674259,0.001766159,0.3,Modelled
South Korea,8.279790896,1.03813555,0.002377955,0.3,Modelled
South Korea,8.471674908,1.01742376,0.001944398,0.3,Modelled
South Korea,9.828481913,1.011582367,0.001395434,0.3,Modelled
South Korea,8.82842868,1.008674259,0.002793366,0.3,Modelled
South Korea,9.755069214,1.002883099,0.001542658,0.3,Modelled
South Korea,8.11518,1.008674259,0.002046566,0.3,Modelled
South Korea,8.743649717,1.011582367,0.001228426,0.3,Modelled
South Korea,8.193534009,1.008674259,0.001708195,0.3,Modelled
South Korea,8.392071212,1.032175243,0.001795416,0.3,Modelled
South Korea,8.709257672,1.01742376,0.001906777,0.3,Modelled
South Korea,8.346883125,1.029207935,0.002318795,0.3,Modelled
South Korea,8.638271664,1.014498859,0.001833724,0.3,Modelled
South Korea,7.506351762,1.008674259,0.001377192,0.3,Modelled
South Korea,9.706334986,1.005774511,0.001194908,0.3,Modelled
South Korea,7.737048316,1.002883099,0.00121792,0.3,Modelled
South Korea,8.574372357,1.014498859,0.002508722,0.3,Modelled
South Korea,9.302377374,1.002883099,0.001849881,0.3,Modelled
South Korea,8.38938461,1.01742376,0.00133157,0.3,Modelled
South Korea,8.452523196,1.005774511,0.002416311,0.3,Modelled
South Korea,7.903003778,1.005774511,0.002102231,0.3,Modelled
South Korea,9.79553238,1.008674259,0.003031653,0.3,Modelled
South Korea,9.566700955,1.526848508,0.003703217,0.3,Modelled
South Korea,8.246222777,1.029207935,0.001101523,0.3,Modelled
South Korea,9.439487559,1.333617414,0.003521597,0.3,Modelled
South Korea,9.564180137,1.002883099,0.002097485,0.3,Modelled
South Korea,9.787032278,1.005774511,0.001711438,0.3,Modelled
South Korea,9.279381683,1.005774511,0.001387035,0.3,Modelled
South Korea,7.468662237,1.005774511,0.001433062,0.3,Modelled
South Korea,8.890378133,1.01742376,0.001430617,0.3,Modelled
South Korea,9.499659963,1.011582367,0.002817486,0.3,Modelled
South Korea,8.742133389,1.023298884,0.001459237,0.3,Modelled
South Korea,9.365989044,1.023298884,0.001231201,0.3,Modelled
South Korea,9.302138137,1.002883099,0.001542702,0.3,Modelled
South Korea,8.423087306,1.026249157,0.001672057,0.3,Modelled
South Korea,9.250170714,1.002883099,0.002699553,0.3,Modelled
South Korea,8.384032093,1.014498859,0.00197365,0.3,Modelled
South Korea,9.52575175,1.011582367,0.00107231,0.3,Modelled
South Korea,8.951261662,1.011582367,0.001736026,0.3,Modelled
South Korea,8.461515199,1.011582367,0.001053367,0.3,Modelled
South Korea,9.164612323,1.420816966,0.003259636,0.3,Modelled
South Korea,9.495567915,1.008674259,0.002848444,0.3,Modelled
South Korea,9.685108542,1.011582367,0.002888159,0.3,Modelled
South Korea,9.417841623,1.03813555,0.00248821,0.3,Modelled
South Korea,8.811295795,1.011582367,0.00114406,0.3,Modelled
South Korea,9.594625801,1.005774511,0.003256904,0.3,Modelled
South Korea,9.463251905,1.005774511,0.001946311,0.3,Modelled
South Korea,7.736644885,1.002883099,0.001166056,0.3,Modelled
South Korea,9.076411619,1.014498859,0.002064747,0.3,Modelled
South Korea,7.635374806,1.005774511,0.001716393,0.3,Modelled
South Korea,7.555957854,1.008674259,0.001227249,0.3,Modelled
South Korea,9.661454126,1.011582367,0.002744243,0.3,Modelled
South Korea,9.899904377,1.005774511,0.001468313,0.3,Modelled
South Korea,9.037630213,1.020357094,0.002848409,0.3,Modelled
South Korea,9.742580106,1.011582367,0.001583592,0.3,Modelled
South Korea,9.99280426,1.008674259,0.00266924,0.3,Modelled
South Korea,9.522951854,1.03813555,0.002039842,0.3,Modelled
South Korea,7.663942182,1.011582367,0.00188967,0.3,Modelled
South Korea,9.866800653,1.002883099,0.003184104,0.3,Modelled
South Korea,9.037908744,1.020357094,0.001653466,0.3,Modelled
South Korea,8.561495942,1.020357094,0.001068126,0.3,Modelled
South Korea,9.743206963,1.011582367,0.003095796,0.3,Modelled
South Korea,9.941093174,1.011582367,0.001802724,0.3,Modelled
South Korea,9.164182648,1.023298884,0.002512356,0.3,Modelled
South Korea,8.394916053,1.008674259,0.001239054,0.3,Modelled
South Korea,8.480095742,1.035151107,0.001239291,0.3,Modelled
South Korea,8.454445812,1.032175243,0.002453048,0.3,Modelled
South Korea,8.665563688,1.01742376,0.001513715,0.3,Modelled
South Korea,9.925414039,1.002883099,0.001140616,0.3,Modelled
South Korea,9.75496886,1.002883099,0.001774373,0.3,Modelled
South Korea,9.838202627,1.002883099,0.00318587,0.3,Modelled
South Korea,9.053434125,1.002883099,0.00135864,0.3,Modelled
South Korea,8.235053007,1.035151107,0.002413701,0.3,Modelled
South Korea,9.655954226,1.008674259,0.001222089,0.3,Modelled
South Korea,8.937489788,1.01742376,0.001320664,0.3,Modelled
South Korea,7.761923136,1.008674259,0.001460668,0.3,Modelled
South Korea,8.564276779,1.008674259,0.002038353,0.3,Modelled
South Korea,9.333188257,1.005774511,0.002299156,0.3,Modelled
South Korea,9.992205991,1.008674259,0.002746928,0.3,Modelled
South Korea,7.77529203,1.005774511,0.001442876,0.3,Modelled
South Korea,9.32516965,1.002883099,0.001265357,0.3,Modelled
South Korea,9.762370524,1.005774511,0.001462141,0.3,Modelled
South Korea,7.334246598,1.023298884,0.001302085,0.3,Modelled
South Korea,7.87933616,1.002883099,0.001412388,0.3,Modelled
South Korea,8.087025989,1.002883099,0.001589436,0.3,Modelled
South Korea,9.306500541,1.005774511,0.002209335,0.3,Modelled
South Korea,8.256108932,1.023298884,0.001905902,0.3,Modelled
South Korea,8.949202336,1.011582367,0.002370972,0.3,Modelled
South Korea,9.496930023,1.011582367,0.003065739,0.3,Modelled
South Korea,7.918151764,1.005774511,0.001320289,0.3,Modelled
South Korea,9.675078389,1.005774511,0.001662844,0.3,Modelled
South Korea,8.670319709,1.020357094,0.001540788,0.3,Modelled
South Korea,9.79236948,1.008674259,0.00291363,0.3,Modelled
South Korea,9.958946615,1.005774511,0.001948492,0.3,Modelled
South Korea,9.594664119,1.005774511,0.00234334,0.3,Modelled
South Korea,9.163003067,1.008674259,0.002748153,0.3,Modelled
South Korea,8.37288878,1.693585793,0.002598335,0.3,Modelled
South Korea,9.877570997,1.008674259,0.002458878,0.3,Modelled
South Korea,8.748842763,1.014498859,0.001747843,0.3,Modelled
South Korea,8.124059468,1.002883099,0.001320948,0.3,Modelled
South Korea,9.319332211,1.002883099,0.003354527,0.3,Modelled
South Korea,9.570369559,1.020357094,0.001190962,0.3,Modelled
South Korea,9.758310179,1.005774511,0.003575851,0.3,Modelled
South Korea,8.587710735,1.023298884,0.001006994,0.3,Modelled
South Korea,9.315029558,1.023298884,0.002865856,0.3,Modelled
South Korea,7.671250571,1.005774511,0.001085224,0.3,Modelled
South Korea,8.210469754,1.032175243,0.001132778,0.3,Modelled
South Korea,7.393668499,1.020357094,0.001737606,0.3,Modelled
South Korea,8.049466285,1.005774511,0.002049367,0.3,Modelled
South Korea,8.618864173,1.002883099,0.002421391,0.3,Modelled
South Korea,8.413061238,1.758171619,0.002629157,0.3,Modelled
South Korea,8.625852851,1.020357094,0.001315038,0.3,Modelled
South Korea,9.618445228,1.002883099,0.002189337,0.3,Modelled
South Korea,9.710890476,1.008674259,0.003242461,0.3,Modelled
South Korea,9.911845056,1.011582367,0.0012953,0.3,Modelled
South Korea,9.357546692,1.005774511,0.001283754,0.3,Modelled
South Korea,9.05835192,1.005774511,0.001403917,0.3,Modelled
South Korea,9.995630947,1.008674259,0.002625416,0.3,Modelled
South Korea,9.427214091,1.014498859,0.003210158,0.3,Modelled
South Korea,7.604325559,1.01742376,0.001700969,0.3,Modelled
South Korea,9.539041933,1.005774511,0.002504697,0.3,Modelled
South Korea,8.900790018,1.023298884,0.002482095,0.3,Modelled
South Korea,9.647374056,1.062322951,0.003735342,0.3,Modelled
South Korea,8.555803433,1.029207935,0.001577556,0.3,Modelled
South Korea,7.934415024,1.002883099,0.001474217,0.3,Modelled
South Korea,9.753424095,1.002883099,0.003098478,0.3,Modelled
South Korea,8.93432859,1.002883099,0.002108355,0.3,Modelled
South Korea,9.09142921,1.023298884,0.001021187,0.3,Modelled
South Korea,8.881473181,1.011582367,0.002937603,0.3,Modelled
South Korea,9.448804007,1.026249157,0.002570976,0.3,Modelled
South Korea,8.916541391,1.005774511,0.002743985,0.3,Modelled
South Korea,9.216882175,1.011582367,0.001895427,0.3,Modelled
South Korea,7.320538166,1.002883099,0.001667005,0.4,Modelled
South Korea,7.583917068,1.005774511,0.00191277,0.4,Modelled
South Korea,8.913791767,1.01742376,0.002642911,0.4,Modelled
South Korea,8.3304178,1.032175243,0.002167467,0.4,Modelled
South Korea,8.201776483,1.002883099,0.0020434,0.4,Modelled
South Korea,7.955180074,1.005774511,0.001940479,0.4,Modelled
South Korea,8.774651995,1.002883099,0.001526691,0.4,Modelled
South Korea,7.410701809,1.026249157,0.001870077,0.4,Modelled
South Korea,9.487140327,1.005774511,0.001038898,0.4,Modelled
South Korea,9.572180812,1.008674259,0.003489087,0.4,Modelled
South Korea,9.59327575,1.005774511,0.00269724,0.4,Modelled
South Korea,7.620640504,1.005774511,0.001820863,0.4,Modelled
South Korea,7.555398298,1.008674259,0.001443045,0.4,Modelled
South Korea,9.994596161,1.008674259,0.001735292,0.4,Modelled
South Korea,9.411146534,1.005774511,0.003026302,0.4,Modelled
South Korea,7.752768024,1.002883099,0.001149114,0.4,Modelled
South Korea,9.328276353,1.002883099,0.002067777,0.4,Modelled
South Korea,9.932986012,1.053187331,0.004004084,0.4,Modelled
South Korea,9.454418815,1.029207935,0.001806055,0.4,Modelled
South Korea,9.938694251,1.008674259,0.002474021,0.4,Modelled
South Korea,9.73578212,1.008674259,0.002888337,0.4,Modelled
South Korea,8.685916018,1.002883099,0.002277472,0.4,Modelled
South Korea,8.276572769,1.023298884,0.001002701,0.4,Modelled
South Korea,9.318198539,1.011582367,0.002122836,0.4,Modelled
South Korea,7.771424185,1.002883099,0.001910161,0.4,Modelled
South Korea,9.617054864,2.661376248,0.003822907,0.4,Modelled
South Korea,7.305293465,1.002883099,0.001523692,0.4,Modelled
South Korea,9.224212647,1.002883099,0.001658761,0.4,Modelled
South Korea,8.585013886,1.008674259,0.002527201,0.4,Modelled
South Korea,9.157642454,1.005774511,0.001808759,0.4,Modelled
South Korea,7.961483099,1.008674259,0.001946763,0.4,Modelled
South Korea,9.573859604,1.008674259,0.002651657,0.4,Modelled
South Korea,8.324474826,1.002883099,0.001569884,0.4,Modelled
South Korea,9.457744967,1.002883099,0.001570075,0.4,Modelled
South Korea,9.343028049,1.011582367,0.002131485,0.4,Modelled
South Korea,9.634503693,1.056223775,0.003674098,0.4,Modelled
South Korea,9.542864984,1.005774511,0.001179549,0.4,Modelled
South Korea,9.643950421,1.002883099,0.003402791,0.4,Modelled
South Korea,9.970065442,1.011582367,0.001370865,0.4,Modelled
South Korea,9.170913002,1.216245525,0.003253276,0.4,Modelled
South Korea,9.717737006,1.011582367,0.003115511,0.4,Modelled
South Korea,8.128414812,1.005774511,0.001808203,0.4,Modelled
South Korea,9.881100934,1.008674259,0.002146404,0.4,Modelled
South Korea,8.032296447,1.005774511,0.001499202,0.4,Modelled
South Korea,9.359806955,1.005774511,0.002138293,0.4,Modelled
South Korea,9.830206017,4.871603322,0.004125359,0.4,Modelled
South Korea,9.063492763,1.008674259,0.001355551,0.4,Modelled
South Korea,9.426967885,1.014498859,0.001363521,0.4,Modelled
South Korea,9.044038958,1.011582367,0.002869758,0.4,Modelled
South Korea,9.237407532,1.008674259,0.0013392,0.4,Modelled
South Korea,9.173899085,1.014498859,0.002668677,0.4,Modelled
South Korea,9.471470356,1.011582367,0.002645927,0.4,Modelled
South Korea,7.9046347,1.008674259,0.001116817,0.4,Modelled
South Korea,9.984247554,1.002883099,0.00230375,0.4,Modelled
South Korea,8.444213834,1.026249157,0.001321045,0.4,Modelled
South Korea,8.28380811,1.002883099,0.002179336,0.4,Modelled
South Korea,8.398815128,1.023298884,0.002281548,0.4,Modelled
South Korea,9.182688851,1.005774511,0.001040351,0.4,Modelled
South Korea,7.398187483,1.023298884,0.001420313,0.4,Modelled
South Korea,8.937273495,1.748077328,0.003097461,0.4,Modelled
South Korea,8.560381988,1.032175243,0.001149589,0.4,Modelled
South Korea,8.169514315,1.005774511,0.002203809,0.4,Modelled
South Korea,8.016235549,1.008674259,0.001158756,0.4,Modelled
South Korea,8.736425917,1.020357094,0.002553426,0.4,Modelled
South Korea,7.524070916,1.008674259,0.001270351,0.4,Modelled
South Korea,9.241384707,1.011582367,0.001015361,0.4,Modelled
South Korea,8.541710905,1.008674259,0.001794244,0.4,Modelled
South Korea,7.61374317,1.002883099,0.00180857,0.4,Modelled
South Korea,9.433281643,1.032175243,0.002358203,0.4,Modelled
South Korea,8.848382539,1.065385733,0.002930543,0.4,Modelled
South Korea,9.421116941,1.011582367,0.001355133,0.4,Modelled
South Korea,8.312915048,1.008674259,0.001407098,0.4,Modelled
South Korea,7.676831066,1.008674259,0.001323507,0.4,Modelled
South Korea,9.78734693,1.005774511,0.002174232,0.4,Modelled
South Korea,7.958771288,1.005774511,0.001061379,0.4,Modelled
South Korea,8.685202152,1.002883099,0.001229506,0.4,Modelled
South Korea,9.986760212,1.005774511,0.001793576,0.4,Modelled
South Korea,8.312574175,1.008674259,0.001905146,0.4,Modelled
South Korea,8.400039878,1.011582367,0.001321374,0.4,Modelled
South Korea,9.780684974,1.002883099,0.00278256,0.4,Modelled
South Korea,8.892198315,1.01742376,0.002848835,0.4,Modelled
South Korea,9.062818533,1.008674259,0.001283429,0.4,Modelled
South Korea,8.911543815,1.002883099,0.002519211,0.4,Modelled
South Korea,7.847871146,1.005774511,0.001535139,0.4,Modelled
South Korea,9.216687263,1.011582367,0.00204509,0.4,Modelled
South Korea,9.5354032,1.4331415,0.003647704,0.4,Modelled
South Korea,8.550808324,1.026249157,0.001713737,0.4,Modelled
South Korea,9.434131435,1.005774511,0.001176497,0.4,Modelled
South Korea,8.941203567,1.608057505,0.003072777,0.4,Modelled
South Korea,7.80900217,1.005774511,0.001630406,0.4,Modelled
South Korea,9.574845116,1.008674259,0.002311435,0.4,Modelled
South Korea,9.197637262,1.014498859,0.001234761,0.4,Modelled
South Korea,7.866396445,1.005774511,0.001614665,0.4,Modelled
South Korea,9.933272043,1.005774511,0.003963016,0.4,Modelled
South Korea,9.288895343,1.023298884,0.003231286,0.4,Modelled
South Korea,9.132345022,1.005774511,0.002515973,0.4,Modelled
South Korea,8.788422895,1.011582367,0.001735989,0.4,Modelled
South Korea,8.496291288,1.032175243,0.001692699,0.4,Modelled
South Korea,7.587951089,1.041128598,0.001323591,0.4,Modelled
South Korea,9.829784477,1.011582367,0.003452931,0.4,Modelled
South Korea,9.839464434,1.002883099,0.003833248,0.4,Modelled
South Korea,8.531377915,1.014498859,0.001089661,0.4,Modelled
South Korea,9.771414765,1.011582367,0.002172407,0.4,Modelled
South Korea,9.628550506,1.008674259,0.001289456,0.4,Modelled
South Korea,9.847060215,1.005774511,0.003616855,0.4,Modelled
South Korea,9.827981609,1.011582367,0.001609801,0.4,Modelled
South Korea,8.43348252,1.032175243,0.001764384,0.4,Modelled
South Korea,9.896342482,1.002883099,0.003802171,0.4,Modelled
South Korea,8.851711785,1.008674259,0.001158536,0.4,Modelled
South Korea,8.980796827,1.014498859,0.002487968,0.4,Modelled
South Korea,7.585219703,1.005774511,0.001925491,0.4,Modelled
South Korea,8.847371106,1.005774511,0.001090988,0.4,Modelled
South Korea,9.311665881,1.008674259,0.00305985,0.4,Modelled
South Korea,9.840138398,1.002883099,0.002500654,0.4,Modelled
South Korea,7.597372171,1.002883099,0.001330486,0.4,Modelled
South Korea,9.924325528,1.002883099,0.002889639,0.4,Modelled
South Korea,9.838906824,1.002883099,0.001508403,0.4,Modelled
South Korea,9.116030526,1.023298884,0.003033171,0.4,Modelled
South Korea,9.059124173,1.005774511,0.002460462,0.4,Modelled
South Korea,8.63723455,1.026249157,0.001413822,0.4,Modelled
South Korea,9.336763841,1.008674259,0.002886431,0.4,Modelled
South Korea,9.630578834,1.011582367,0.001165244,0.4,Modelled
South Korea,9.865949861,1.002883099,0.001899197,0.4,Modelled
South Korea,8.765720546,1.011582367,0.001677738,0.4,Modelled
South Korea,9.669503965,1.002883099,0.00115994,0.4,Modelled
South Korea,9.99774755,1.011582367,0.001170331,0.4,Modelled
South Korea,7.581709322,1.002883099,0.001860457,0.4,Modelled
South Korea,8.316211944,1.023298884,0.001046918,0.4,Modelled
South Korea,9.427999744,1.029207935,0.003054972,0.4,Modelled
South Korea,9.254657077,1.005774511,0.002187977,0.4,Modelled
South Korea,8.646712093,1.005774511,0.002693986,0.4,Modelled
South Korea,9.393097962,1.011582367,0.001568575,0.4,Modelled
South Korea,9.428251481,1.883947374,0.003567891,0.4,Modelled
South Korea,8.533452455,1.002883099,0.001862012,0.4,Modelled
South Korea,9.479712071,1.014498859,0.003350326,0.4,Modelled
South Korea,9.960278805,1.005774511,0.002975223,0.4,Modelled
South Korea,9.73495077,1.008674259,0.001785487,0.4,Modelled
South Korea,8.82710949,1.020357094,0.002132779,0.4,Modelled
South Korea,9.656567831,1.008674259,0.001362495,0.4,Modelled
South Korea,9.760612246,1.005774511,0.00170464,0.4,Modelled
South Korea,9.21030171,1.008674259,0.002283682,0.4,Modelled
South Korea,8.996301458,1.011582367,0.002814544,0.4,Modelled
South Korea,8.087638591,1.005774511,0.001335136,0.4,Modelled
South Korea,9.182907986,1.005774511,0.00293899,0.4,Modelled
South Korea,8.673984083,1.035151107,0.001544502,0.4,Modelled
South Korea,8.343286259,1.269918775,0.002527378,0.4,Modelled
South Korea,9.307049579,1.005774511,0.001170527,0.4,Modelled
South Korea,8.801279867,1.505027329,0.002958326,0.4,Modelled
South Korea,9.653881525,1.008674259,0.001846594,0.4,Modelled
South Korea,8.998241932,1.011582367,0.002733662,0.4,Modelled
South Korea,9.913489112,1.011582367,0.001798942,0.4,Modelled
South Korea,9.525772952,1.011582367,0.001779853,0.4,Modelled
South Korea,9.71055359,1.008674259,0.002811017,0.4,Modelled
South Korea,9.835970798,1.002883099,0.003834366,0.4,Modelled
South Korea,7.953993942,1.002883099,0.001721939,0.4,Modelled
South Korea,8.899710077,1.314557826,0.002997024,0.4,Modelled
South Korea,7.835674066,1.008674259,0.001754453,0.4,Modelled
South Korea,9.867250954,1.002883099,0.002063492,0.4,Modelled
South Korea,9.94679766,1.345185556,0.004091298,0.4,Modelled
South Korea,7.924696064,1.008674259,0.001872595,0.4,Modelled
South Korea,9.771027469,1.011582367,0.003481089,0.4,Modelled
South Korea,9.317906081,1.011582367,0.003220855,0.4,Modelled
South Korea,8.255142504,1.035151107,0.001243227,0.4,Modelled
South Korea,9.135241467,1.020357094,0.001634246,0.4,Modelled
South Korea,8.817477644,1.014498859,0.0021331,0.4,Modelled
South Korea,9.767837663,1.008674259,0.003236802,0.4,Modelled
South Korea,8.263761192,1.002883099,0.001910735,0.4,Modelled
South Korea,8.528892195,1.026249157,0.00183399,0.4,Modelled
South Korea,9.842618564,1.005774511,0.001211317,0.4,Modelled
South Korea,9.227496601,3.428733917,0.003429563,0.4,Modelled
South Korea,9.516872527,1.020357094,0.002258796,0.4,Modelled
South Korea,8.335235502,1.035151107,0.00215281,0.4,Modelled
South Korea,9.737469398,1.008674259,0.002222097,0.4,Modelled
South Korea,8.758536102,1.020357094,0.002818877,0.4,Modelled
South Korea,9.299902095,1.002883099,0.001953157,0.4,Modelled
South Korea,8.655324281,1.011582367,0.002169217,0.4,Modelled
South Korea,9.099164518,1.014498859,0.00112137,0.4,Modelled
South Korea,9.419227573,1.011582367,0.001327404,0.4,Modelled
South Korea,8.257929792,1.011582367,0.001329131,0.4,Modelled
South Korea,8.957977241,1.002883099,0.002403978,0.4,Modelled
South Korea,9.237598054,1.008674259,0.002296245,0.4,Modelled
South Korea,8.586326024,1.035151107,0.001280163,0.4,Modelled
South Korea,7.330466234,1.020357094,0.001414996,0.4,Modelled
South Korea,9.007214004,1.002883099,0.002121227,0.4,Modelled
South Korea,9.331006214,1.005774511,0.00300495,0.4,Modelled
South Korea,7.374048953,1.01742376,0.001368289,0.4,Modelled
South Korea,9.548332825,1.008674259,0.001963301,0.4,Modelled
South Korea,9.095490411,1.011582367,0.001700966,0.4,Modelled
South Korea,8.165209121,1.005774511,0.001003412,0.4,Modelled
South Korea,8.899878636,1.008674259,0.001242244,0.4,Modelled
South Korea,7.453116283,1.005774511,0.001420258,0.4,Modelled
South Korea,8.546962768,1.011582367,0.001932308,0.4,Modelled
South Korea,9.32709649,1.074627164,0.003364635,0.4,Modelled
South Korea,7.481527676,1.002883099,0.001159667,0.4,Modelled
South Korea,9.250339856,1.050159617,0.003301324,0.4,Modelled
South Korea,8.429814744,1.01742376,0.001909928,0.4,Modelled
South Korea,9.934410266,1.008674259,0.001461846,0.4,Modelled
South Korea,9.056254784,1.01742376,0.001442992,0.4,Modelled
South Korea,9.107306361,1.005774511,0.001249113,0.4,Modelled
South Korea,9.358766846,1.005774511,0.002171221,0.4,Modelled
South Korea,7.338841296,1.026249157,0.001294579,0.4,Modelled
South Korea,8.870473973,1.005774511,0.002841175,0.4,Modelled
South Korea,8.946386845,1.008674259,0.002959422,0.4,Modelled
South Korea,9.599673833,1.008674259,0.002561986,0.4,Modelled
South Korea,9.050780739,1.014498859,0.002458894,0.4,Modelled
South Korea,8.240858476,1.026249157,0.001978044,0.4,Modelled
South Korea,9.551346978,1.011582367,0.001926127,0.4,Modelled
South Korea,9.562658964,1.002883099,0.003367982,0.4,Modelled
South Korea,9.405295244,1.002883099,0.001383979,0.4,Modelled
South Korea,8.797688513,1.002883099,0.00136172,0.4,Modelled
South Korea,7.979666396,1.008674259,0.002162672,0.4,Modelled
South Korea,8.947569442,1.023298884,0.00254262,0.4,Modelled
South Korea,8.030694326,1.005774511,0.001833396,0.4,Modelled
South Korea,8.852796242,1.008674259,0.001065677,0.4,Modelled
South Korea,7.64164082,1.008674259,0.0016093,0.4,Modelled
South Korea,7.536584703,1.005774511,0.001710831,0.4,Modelled
South Korea,7.463794589,1.035151107,0.001146261,0.4,Modelled
South Korea,8.354691811,1.047140607,0.001122711,0.4,Modelled
South Korea,8.79048415,1.011582367,0.00244109,0.4,Modelled
South Korea,9.808104985,1.002883099,0.003660892,0.4,Modelled
South Korea,9.522215633,1.008674259,0.002351547,0.4,Modelled
South Korea,8.824355976,1.005774511,0.002425565,0.4,Modelled
South Korea,9.577164695,1.011582367,0.002506762,0.4,Modelled
South Korea,9.26688734,1.011582367,0.002358871,0.4,Modelled
South Korea,9.163050583,1.008674259,0.002652829,0.4,Modelled
South Korea,7.563458063,1.002883099,0.001079392,0.4,Modelled
South Korea,8.482017606,1.023298884,0.001675407,0.4,Modelled
South Korea,9.188310101,1.008674259,0.001507007,0.4,Modelled
South Korea,9.99795263,1.011582367,0.001799674,0.4,Modelled
South Korea,8.489750307,1.002883099,0.001520871,0.4,Modelled
South Korea,8.579179027,1.01742376,0.002009946,0.4,Modelled
South Korea,9.820599382,1.008674259,0.00353283,0.4,Modelled
South Korea,7.409626612,1.008674259,0.001254579,0.4,Modelled
South Korea,9.164532402,1.023298884,0.001424238,0.4,Modelled
South Korea,9.13826722,1.819973298,0.003282612,0.4,Modelled
South Korea,9.929103502,1.005774511,0.002337072,0.4,Modelled
South Korea,8.609394316,1.023298884,0.002175775,0.4,Modelled
South Korea,9.828892569,1.011582367,0.001267303,0.4,Modelled
South Korea,9.83939961,1.002883099,0.002818192,0.4,Modelled
South Korea,7.94188477,1.008674259,0.002129694,0.4,Modelled
South Korea,9.168711957,1.011582367,0.003121727,0.4,Modelled
South Korea,9.553402248,1.011582367,0.00294561,0.4,Modelled
South Korea,9.161619742,1.008674259,0.00174577,0.4,Modelled
South Korea,9.105096642,1.01742376,0.002724585,0.4,Modelled
South Korea,7.518026246,1.112401499,0.001936121,0.4,Modelled
South Korea,8.50520729,1.011582367,0.001274842,0.4,Modelled
South Korea,8.95114645,1.011582367,0.002605359,0.4,Modelled
South Korea,8.461653073,1.011582367,0.001298491,0.4,Modelled
South Korea,9.72851476,1.002883099,0.001102641,0.4,Modelled
South Korea,8.255015251,1.035151107,0.002079061,0.4,Modelled
South Korea,8.888395949,1.002883099,0.002468094,0.4,Modelled
South Korea,9.570553279,1.020357094,0.001705164,0.4,Modelled
South Korea,9.060666163,1.005774511,0.001094276,0.4,Modelled
South Korea,8.998599475,1.011582367,0.001036876,0.4,Modelled
South Korea,9.849798045,1.008674259,0.001730605,0.4,Modelled
South Korea,8.192791158,1.008674259,0.002349565,0.4,Modelled
South Korea,8.192946836,1.008674259,0.001061067,0.4,Modelled
South Korea,8.908974473,1.014498859,0.001587562,0.4,Modelled
South Korea,9.698779949,1.002883099,0.003617766,0.4,Modelled
South Korea,9.224990322,1.002883099,0.003210369,0.4,Modelled
South Korea,9.279149575,1.01742376,0.002936967,0.4,Modelled
South Korea,7.706753832,1.005774511,0.001233619,0.4,Modelled
South Korea,8.989010926,1.005774511,0.001849466,0.4,Modelled
South Korea,7.834349992,1.008674259,0.001505463,0.4,Modelled
South Korea,8.54784187,1.011582367,0.002132271,0.4,Modelled
South Korea,9.894366838,1.002883099,0.002930123,0.4,Modelled
South Korea,8.717076403,1.008674259,0.002332474,0.4,Modelled
South Korea,8.574546988,1.002883099,0.002308408,0.4,Modelled
South Korea,8.00962959,1.002883099,0.0017666,0.4,Modelled
South Korea,8.9945471,1.023298884,0.002989943,0.4,Modelled
South Korea,8.787662027,1.023298884,0.001985648,0.4,Modelled
South Korea,8.346547908,1.029207935,0.001389497,0.4,Modelled
South Korea,9.894678791,1.846360834,0.004118977,0.4,Modelled
South Korea,9.065511215,1.008674259,0.00100832,0.4,Modelled
South Korea,7.450817341,1.026249157,0.00149143,0.4,Modelled
South Korea,9.615525217,1.002883099,0.002855719,0.4,Modelled
South Korea,8.835628815,1.011582367,0.00121879,0.4,Modelled
South Korea,8.233741328,1.047140607,0.002122333,0.4,Modelled
South Korea,9.874766134,1.005774511,0.002699352,0.4,Modelled
South Korea,7.600473117,1.03813555,0.001049269,0.4,Modelled
South Korea,8.827000886,1.020357094,0.001091815,0.4,Modelled
South Korea,7.569406646,1.005774511,0.001547761,0.4,Modelled
South Korea,8.870520308,1.005774511,0.002715679,0.4,Modelled
South Korea,9.058309825,1.005774511,0.002821985,0.4,Modelled
South Korea,9.731761619,1.005774511,0.003283055,0.4,Modelled
South Korea,8.987670386,1.005774511,0.0016534,0.4,Modelled
South Korea,9.210057782,1.008674259,0.001357324,0.4,Modelled
South Korea,8.626554176,1.020357094,0.001282672,0.4,Modelled
South Korea,8.438948636,1.023298884,0.001414048,0.4,Modelled
South Korea,8.516462816,1.005774511,0.002243683,0.4,Modelled
South Korea,9.737111964,1.462316096,0.003898522,0.4,Modelled
South Korea,9.780255377,1.002883099,0.002783883,0.4,Modelled
South Korea,7.553238924,1.005774511,0.001446479,0.4,Modelled
South Korea,9.312550963,1.008674259,0.002384311,0.4,Modelled
South Korea,9.058809249,1.005774511,0.001764227,0.4,Modelled
South Korea,9.886514698,1.011582367,0.001066086,0.4,Modelled
South Korea,9.547221321,1.008674259,0.002725378,0.4,Modelled
South Korea,9.786542179,2.434145793,0.004042243,0.4,Modelled
South Korea,8.43710659,1.008674259,0.001508887,0.4,Modelled
South Korea,9.870340278,1.005774511,0.002393631,0.5,Modelled
South Korea,8.77752406,1.01742376,0.00255116,0.5,Modelled
South Korea,8.534215168,1.029207935,0.002121626,0.5,Modelled
South Korea,9.474200408,1.011582367,0.002960345,0.5,Modelled
South Korea,9.075943522,1.014498859,0.0022189,0.5,Modelled
South Korea,9.327378076,1.288331148,0.003405221,0.5,Modelled
South Korea,7.79756332,1.008674259,0.001311812,0.5,Modelled
South Korea,8.433490331,1.032175243,0.002457301,0.5,Modelled
South Korea,9.252893773,1.01742376,0.002219029,0.5,Modelled
South Korea,9.987798691,1.005774511,0.002560435,0.5,Modelled
South Korea,9.290997702,1.878531382,0.003461006,0.5,Modelled
South Korea,7.529856312,1.002883099,0.001750791,0.5,Modelled
South Korea,9.908606792,1.008674259,0.002742724,0.5,Modelled
South Korea,9.680698189,1.053187331,0.003726981,0.5,Modelled
South Korea,7.763021733,1.008674259,0.001696764,0.5,Modelled
South Korea,8.85483831,1.023298884,0.001457978,0.5,Modelled
South Korea,8.589613563,1.011582367,0.002535901,0.5,Modelled
South Korea,9.057089263,1.01742376,0.002697419,0.5,Modelled
South Korea,8.282722786,1.014498859,0.001720463,0.5,Modelled
South Korea,8.53408392,1.029207935,0.001459322,0.5,Modelled
South Korea,8.69245686,1.020357094,0.001561511,0.5,Modelled
South Korea,8.839438101,1.014498859,0.001797622,0.5,Modelled
South Korea,8.267076574,1.01742376,0.002282984,0.5,Modelled
South Korea,7.424504613,1.008674259,0.001058715,0.5,Modelled
South Korea,8.533780382,1.029207935,0.002645417,0.5,Modelled
South Korea,8.314754159,1.035151107,0.001457888,0.5,Modelled
South Korea,9.107565004,1.005774511,0.001554433,0.5,Modelled
South Korea,9.703819638,1.005774511,0.002158379,0.5,Modelled
South Korea,9.680249823,1.008674259,0.003100377,0.5,Modelled
South Korea,9.757993606,1.005774511,0.002471358,0.5,Modelled
South Korea,9.56527265,1.01742376,0.001923713,0.5,Modelled
South Korea,8.447308485,1.002883099,0.001489855,0.5,Modelled
South Korea,7.330938006,1.020357094,0.00154723,0.5,Modelled
South Korea,8.589887638,1.011582367,0.002009236,0.5,Modelled
South Korea,8.726764431,1.014498859,0.001871346,0.5,Modelled
South Korea,7.90291149,1.005774511,0.001231992,0.5,Modelled
South Korea,7.567521199,1.005774511,0.001259902,0.5,Modelled
South Korea,9.941751392,1.011582367,0.001784626,0.5,Modelled
South Korea,8.855209193,1.023298884,0.002390433,0.5,Modelled
South Korea,9.349803285,1.014498859,0.00103294,0.5,Modelled
South Korea,9.402611874,1.002883099,0.002735506,0.5,Modelled
South Korea,8.900881271,1.023298884,0.001016053,0.5,Modelled
South Korea,8.345815124,1.029207935,0.001386754,0.5,Modelled
South Korea,9.913398808,1.011582367,0.002048979,0.5,Modelled
South Korea,9.914436898,1.011582367,0.002523198,0.5,Modelled
South Korea,9.991001278,1.005774511,0.001031808,0.5,Modelled
South Korea,7.359580429,1.008674259,0.001583547,0.5,Modelled
South Korea,8.728950986,1.002883099,0.002540294,0.5,Modelled
South Korea,9.044306642,1.011582367,0.001106784,0.5,Modelled
South Korea,9.983943497,1.002883099,0.001028147,0.5,Modelled
South Korea,9.03961348,1.008674259,0.001998759,0.5,Modelled
South Korea,9.090488261,1.023298884,0.00191926,0.5,Modelled
South Korea,8.987675883,1.005774511,0.002362945,0.5,Modelled
South Korea,9.650816106,1.005774511,0.003659462,0.5,Modelled
South Korea,9.712480762,1.011582367,0.002548659,0.5,Modelled
South Korea,8.377637154,1.023298884,0.001542714,0.5,Modelled
South Korea,7.960083234,1.008674259,0.001186349,0.5,Modelled
South Korea,8.989362739,1.020357094,0.002586055,0.5,Modelled
South Korea,9.9804471,1.002883099,0.003759691,0.5,Modelled
South Korea,9.94304213,1.011582367,0.001081962,0.5,Modelled
South Korea,9.431189821,1.002883099,0.003405597,0.5,Modelled
South Korea,8.395043612,1.008674259,0.001439416,0.5,Modelled
South Korea,8.517806746,1.032175243,0.001735539,0.5,Modelled
South Korea,9.884366757,1.011582367,0.003781324,0.5,Modelled
South Korea,9.465484396,1.205786223,0.003566235,0.5,Modelled
South Korea,9.464188541,1.535665311,0.003573802,0.5,Modelled
South Korea,9.099310576,1.014498859,0.002574627,0.5,Modelled
South Korea,7.617287458,1.026249157,0.00113277,0.5,Modelled
South Korea,9.213968199,2.371885791,0.003380887,0.5,Modelled
South Korea,8.835693389,1.011582367,0.002496276,0.5,Modelled
South Korea,7.684516714,1.002883099,0.001415131,0.5,Modelled
South Korea,9.082361008,1.005774511,0.001681252,0.5,Modelled
South Korea,8.564730477,1.035151107,0.001849552,0.5,Modelled
South Korea,9.7119945,1.008674259,0.001613634,0.5,Modelled
South Korea,9.418197017,1.03813555,0.002865261,0.5,Modelled
South Korea,9.385326649,1.005774511,0.002958092,0.5,Modelled
South Korea,8.147119771,1.005774511,0.002091808,0.5,Modelled
South Korea,8.532162357,1.002883099,0.00182811,0.5,Modelled
South Korea,9.59376682,1.005774511,0.002072797,0.5,Modelled
South Korea,9.969036777,1.011582367,0.001107227,0.5,Modelled
South Korea,8.367809179,1.01742376,0.001837252,0.5,Modelled
South Korea,9.961991085,1.005774511,0.002231763,0.5,Modelled
South Korea,8.459614897,1.035151107,0.001926649,0.5,Modelled
South Korea,9.757260281,1.005774511,0.002800722,0.5,Modelled
South Korea,9.255932811,1.005774511,0.002915309,0.5,Modelled
South Korea,9.757257064,1.005774511,0.001290942,0.5,Modelled
South Korea,9.193305792,1.011582367,0.002457362,0.5,Modelled
South Korea,9.840860605,1.002883099,0.001676832,0.5,Modelled
South Korea,8.251851904,1.020357094,0.002173619,0.5,Modelled
South Korea,9.852018537,1.008674259,0.001898386,0.5,Modelled
South Korea,9.620359598,1.005774511,0.003423924,0.5,Modelled
South Korea,9.408727218,1.005774511,0.002151081,0.5,Modelled
South Korea,8.434430715,1.020357094,0.001615632,0.5,Modelled
South Korea,9.964933338,3.674018048,0.004266611,0.5,Modelled
South Korea,9.960115537,1.011582367,0.004040678,0.5,Modelled
South Korea,9.68704363,1.011582367,0.003147625,0.5,Modelled
South Korea,9.895758137,1.002883099,0.003380844,0.5,Modelled
South Korea,8.531101812,1.014498859,0.002311013,0.5,Modelled
South Korea,8.514266424,1.01742376,0.001834776,0.5,Modelled
South Korea,9.758622147,1.005774511,0.003648504,0.5,Modelled
South Korea,7.418819182,1.026249157,0.001310275,0.5,Modelled
South Korea,9.179854807,1.005774511,0.001669148,0.5,Modelled
South Korea,9.186505265,1.008674259,0.003197646,0.5,Modelled
South Korea,7.944248832,1.008674259,0.00213276,0.5,Modelled
South Korea,8.540477263,1.020357094,0.001812958,0.5,Modelled
South Korea,7.969097821,1.002883099,0.001040207,0.5,Modelled
South Korea,8.98628375,1.005774511,0.002173994,0.5,Modelled
South Korea,9.142582555,1.011582367,0.003013588,0.5,Modelled
South Korea,8.416688972,1.035151107,0.001903839,0.5,Modelled
South Korea,7.832931769,1.008674259,0.001422803,0.5,Modelled
South Korea,9.561500193,1.002883099,0.001496974,0.5,Modelled
South Korea,9.626404807,1.008674259,0.003343274,0.5,Modelled
South Korea,9.735481212,1.008674259,0.003136305,0.5,Modelled
South Korea,8.754860173,1.01742376,0.00109182,0.5,Modelled
South Korea,9.293804034,1.011582367,0.001551082,0.5,Modelled
South Korea,8.519012428,1.020357094,0.00158577,0.5,Modelled
South Korea,9.939164367,1.011582367,0.003448386,0.5,Modelled
South Korea,9.93068465,1.005774511,0.002234008,0.5,Modelled
South Korea,9.055530426,1.002883099,0.002368232,0.5,Modelled
South Korea,9.255039831,1.005774511,0.002110718,0.5,Modelled
South Korea,7.515943214,1.014498859,0.001821529,0.5,Modelled
South Korea,9.453862875,1.029207935,0.002389311,0.5,Modelled
South Korea,9.87642999,1.008674259,0.001131352,0.5,Modelled
South Korea,8.946638548,1.008674259,0.002217212,0.5,Modelled
South Korea,8.897400706,1.008674259,0.002063427,0.5,Modelled
South Korea,7.870675816,1.008674259,0.001319737,0.5,Modelled
South Korea,8.500826943,1.035151107,0.002169714,0.5,Modelled
South Korea,8.939159745,1.005774511,0.002652367,0.5,Modelled
South Korea,8.398230563,1.023298884,0.00253488,0.5,Modelled
South Korea,9.359995865,1.020357094,0.001648889,0.5,Modelled
South Korea,7.421174168,1.005774511,0.001526691,0.5,Modelled
South Korea,7.830762684,1.005774511,0.001435513,0.5,Modelled
South Korea,9.386333408,1.020357094,0.002624716,0.5,Modelled
South Korea,9.925662505,1.002883099,0.00264177,0.5,Modelled
South Korea,9.63216076,1.011582367,0.002855006,0.5,Modelled
South Korea,9.509206887,1.002883099,0.002219542,0.5,Modelled
South Korea,9.959847478,1.005774511,0.001512842,0.5,Modelled
South Korea,7.462836208,1.023298884,0.00132711,0.5,Modelled
South Korea,8.15209603,1.008674259,0.001730754,0.5,Modelled
South Korea,7.343951316,1.008674259,0.001273605,0.5,Modelled
South Korea,8.748951432,1.014498859,0.001582624,0.5,Modelled
South Korea,9.352793204,1.002883099,0.001378176,0.5,Modelled
South Korea,9.141007754,1.011582367,0.002171083,0.5,Modelled
South Korea,9.564698286,1.002883099,0.001692005,0.5,Modelled
South Korea,9.855838302,1.059268973,0.00392512,0.5,Modelled
South Korea,9.111656137,1.008674259,0.001672792,0.5,Modelled
South Korea,9.994835229,1.683862312,0.00422003,0.5,Modelled
South Korea,9.249769378,1.002883099,0.001734239,0.5,Modelled
South Korea,8.008018728,1.002883099,0.001160207,0.5,Modelled
South Korea,9.453560795,1.014498859,0.003406072,0.5,Modelled
South Korea,9.867373819,1.002883099,0.00331208,0.5,Modelled
South Korea,8.161327821,1.106014805,0.002379024,0.5,Modelled
South Korea,8.684377829,1.002883099,0.002022226,0.5,Modelled
South Korea,9.234985587,1.008674259,0.002636294,0.5,Modelled
South Korea,9.225278884,1.002883099,0.002273666,0.5,Modelled
South Korea,9.780963762,2.441163677,0.004003742,0.5,Modelled
South Korea,9.226937095,1.002883099,0.001458616,0.5,Modelled
South Korea,8.971667776,1.023298884,0.001879549,0.5,Modelled
South Korea,9.118027181,1.011582367,0.001968727,0.5,Modelled
South Korea,9.895133222,1.002883099,0.00117586,0.5,Modelled
South Korea,8.775790721,2.441163677,0.002951511,0.5,Modelled
South Korea,9.992195303,1.008674259,0.001028652,0.5,Modelled
South Korea,8.792719253,1.372569625,0.002915687,0.5,Modelled
South Korea,9.925073678,1.002883099,0.002515499,0.5,Modelled
South Korea,9.10197051,1.002883099,0.003034614,0.5,Modelled
South Korea,9.139656113,1.023298884,0.00317317,0.5,Modelled
South Korea,7.774865358,1.005774511,0.001501341,0.5,Modelled
South Korea,7.980991257,1.008674259,0.002195703,0.5,Modelled
South Korea,9.968435806,3.539054265,0.004288925,0.5,Modelled
South Korea,9.849947519,1.008674259,0.001030967,0.5,Modelled
South Korea,8.465242167,1.026249157,0.001089062,0.5,Modelled
South Korea,9.283578623,1.020357094,0.003031711,0.5,Modelled
South Korea,8.321398474,1.026249157,0.00136608,0.5,Modelled
South Korea,9.671135305,1.002883099,0.003068298,0.5,Modelled
South Korea,9.351096493,1.002883099,0.002943734,0.5,Modelled
South Korea,9.966361077,1.008674259,0.002810971,0.5,Modelled
South Korea,8.663891275,1.029207935,0.001032087,0.5,Modelled
South Korea,8.597772789,1.002883099,0.001518025,0.5,Modelled
South Korea,9.733564395,1.005774511,0.003618792,0.5,Modelled
South Korea,9.55267902,1.011582367,0.003578049,0.5,Modelled
South Korea,9.781782324,1.002883099,0.00254312,0.5,Modelled
South Korea,9.894898518,1.002883099,0.002345122,0.5,Modelled
South Korea,9.5633029,1.002883099,0.003279095,0.5,Modelled
South Korea,8.607312422,1.008674259,0.001610104,0.5,Modelled
South Korea,9.311814837,1.008674259,0.002175894,0.5,Modelled
South Korea,8.639625467,1.002883099,0.001564521,0.5,Modelled
South Korea,7.698873145,1.035151107,0.001086106,0.5,Modelled
South Korea,9.177863335,1.002883099,0.001645132,0.5,Modelled
South Korea,9.741173099,1.011582367,0.003448067,0.5,Modelled
South Korea,9.235731617,1.008674259,0.002784185,0.5,Modelled
South Korea,9.740402309,1.011582367,0.001883574,0.5,Modelled
South Korea,8.341992892,1.026249157,0.001457313,0.5,Modelled
South Korea,9.818513625,1.005774511,0.001615625,0.5,Modelled
South Korea,9.03473891,1.005774511,0.002696288,0.5,Modelled
South Korea,7.955392976,1.005774511,0.001885876,0.5,Modelled
South Korea,8.59058378,1.360765989,0.002739947,0.5,Modelled
South Korea,7.362208446,1.020357094,0.001452693,0.5,Modelled
South Korea,8.363142796,1.014498859,0.002098127,0.5,Modelled
South Korea,9.598313007,1.008674259,0.00256975,0.5,Modelled
South Korea,9.38478157,1.005774511,0.002430176,0.5,Modelled
South Korea,8.034965603,1.008674259,0.001742809,0.5,Modelled
South Korea,8.427348764,1.002883099,0.001609553,0.5,Modelled
South Korea,9.491222401,1.035151107,0.001800806,0.5,Modelled
South Korea,9.678893815,1.005774511,0.002849459,0.5,Modelled
South Korea,9.575776198,1.008674259,0.003563566,0.5,Modelled
South Korea,8.316463804,1.368623747,0.002527898,0.5,Modelled
South Korea,8.552062144,1.090208032,0.002693251,0.5,Modelled
South Korea,8.833042959,1.148193288,0.002943937,0.5,Modelled
South Korea,7.536953736,1.01742376,0.001030227,0.5,Modelled
South Korea,9.363164982,1.008674259,0.002683568,0.5,Modelled
South Korea,7.743571794,1.28462744,0.002095361,0.5,Modelled
South Korea,9.900589382,1.005774511,0.001621719,0.5,Modelled
South Korea,9.626558198,1.008674259,0.001997447,0.5,Modelled
South Korea,9.83993112,1.002883099,0.002811593,0.5,Modelled
South Korea,9.960413911,1.005774511,0.002472118,0.5,Modelled
South Korea,9.319230764,1.011582367,0.002514319,0.5,Modelled
South Korea,9.300792017,1.002883099,0.002117593,0.5,Modelled
South Korea,8.363316916,1.014498859,0.002453555,0.5,Modelled
South Korea,8.033396397,1.005774511,0.001044021,0.6,Modelled
South Korea,8.645518227,1.005774511,0.002074156,0.6,Modelled
South Korea,9.534716485,1.002883099,0.001947386,0.6,Modelled
South Korea,8.566007572,1.023298884,0.001267019,0.6,Modelled
South Korea,8.064494079,1.059268973,0.002313841,0.6,Modelled
South Korea,9.873319399,1.005774511,0.002975501,0.6,Modelled
South Korea,7.440835203,1.008674259,0.001673292,0.6,Modelled
South Korea,8.010215094,1.002883099,0.00138187,0.6,Modelled
South Korea,8.450933623,1.01742376,0.001804399,0.6,Modelled
South Korea,9.905699544,1.008674259,0.002876831,0.6,Modelled
South Korea,8.692910868,1.020357094,0.001089618,0.6,Modelled
South Korea,8.15160672,1.008674259,0.001345949,0.6,Modelled
South Korea,9.486894609,1.005774511,0.00214597,0.6,Modelled
South Korea,9.670859923,1.002883099,0.003010755,0.6,Modelled
South Korea,9.580397887,1.011582367,0.002906452,0.6,Modelled
South Korea,9.926446015,1.002883099,0.00122072,0.6,Modelled
South Korea,8.840244367,1.014498859,0.001587156,0.6,Modelled
South Korea,8.894105829,1.005774511,0.001079551,0.6,Modelled
South Korea,9.126934982,1.002883099,0.00280034,0.6,Modelled
South Korea,7.896516847,1.002883099,0.001906168,0.6,Modelled
South Korea,9.874199005,1.005774511,0.00337428,0.6,Modelled
South Korea,9.578723394,1.011582367,0.003011818,0.6,Modelled
South Korea,8.873056588,1.020357094,0.001751195,0.6,Modelled
South Korea,9.031876467,1.01742376,0.001103253,0.6,Modelled
South Korea,8.793862136,1.014498859,0.001130379,0.6,Modelled
South Korea,9.655370311,1.008674259,0.003400986,0.6,Modelled
South Korea,8.655781899,1.011582367,0.001126889,0.6,Modelled
South Korea,9.568619384,1.005774511,0.002904795,0.6,Modelled
South Korea,8.25727782,1.011582367,0.002233155,0.6,Modelled
South Korea,8.248589511,1.005774511,0.001982565,0.6,Modelled
South Korea,7.770536493,1.002883099,0.00147666,0.6,Modelled
South Korea,9.794987453,1.008674259,0.002980996,0.6,Modelled
South Korea,8.696583838,1.023298884,0.001344825,0.6,Modelled
South Korea,8.421234042,1.011582367,0.001127106,0.6,Modelled
South Korea,9.251036391,1.002883099,0.00304915,0.6,Modelled
South Korea,8.762099413,1.008674259,0.002744558,0.6,Modelled
South Korea,9.937322886,1.851684076,0.004144209,0.6,Modelled
South Korea,9.003470065,1.014498859,0.002812514,0.6,Modelled
South Korea,7.886375093,1.008674259,0.001063961,0.6,Modelled
South Korea,9.893271516,1.002883099,0.002633616,0.6,Modelled
South Korea,9.235144596,1.008674259,0.001815477,0.6,Modelled
South Korea,9.4655102,1.008674259,0.00117517,0.6,Modelled
South Korea,9.608101947,1.011582367,0.002323728,0.6,Modelled
South Korea,8.65115879,1.008674259,0.001938943,0.6,Modelled
South Korea,8.345148379,1.269918775,0.002526164,0.6,Modelled
South Korea,9.940683471,1.011582367,0.002111701,0.6,Modelled
South Korea,9.369901554,1.011582367,0.002978784,0.6,Modelled
South Korea,7.68278323,1.002883099,0.001764744,0.6,Modelled
South Korea,7.506890168,1.008674259,0.001174236,0.6,Modelled
South Korea,9.62292642,1.005774511,0.001666779,0.6,Modelled
South Korea,9.935246259,1.008674259,0.002488681,0.6,Modelled
South Korea,9.535066146,1.002883099,0.002588574,0.6,Modelled
South Korea,9.151500708,1.002883099,0.002957397,0.6,Modelled
South Korea,8.228338493,1.005774511,0.002308196,0.6,Modelled
South Korea,7.354488842,1.026249157,0.001700773,0.6,Modelled
South Korea,9.831101906,3.418876955,0.004091429,0.6,Modelled
South Korea,7.42621552,1.020357094,0.001686081,0.6,Modelled
South Korea,8.90347087,1.011582367,0.002404096,0.6,Modelled
South Korea,9.512010164,1.032175243,0.001300467,0.6,Modelled
South Korea,9.206297926,1.57597523,0.003349833,0.6,Modelled
South Korea,8.206686053,1.005774511,0.001674025,0.6,Modelled
South Korea,9.16423436,1.023298884,0.001801538,0.6,Modelled
South Korea,9.884892379,1.011582367,0.003785145,0.6,Modelled
South Korea,9.200070172,1.002883099,0.001157115,0.6,Modelled
South Korea,8.712481045,1.005774511,0.00218291,0.6,Modelled
South Korea,8.806667054,1.008674259,0.001049687,0.6,Modelled
South Korea,8.957848918,1.002883099,0.002795092,0.6,Modelled
South Korea,9.498383977,1.011582367,0.002812359,0.6,Modelled
South Korea,7.924237039,1.008674259,0.001514767,0.6,Modelled
South Korea,9.301288767,1.002883099,0.002445461,0.6,Modelled
South Korea,7.789166199,1.002883099,0.001779948,0.6,Modelled
South Korea,9.558682963,2.095705883,0.003720515,0.6,Modelled
South Korea,8.347919671,1.01742376,0.002410899,0.6,Modelled
South Korea,8.963390488,1.005774511,0.001434357,0.6,Modelled
South Korea,9.075450954,1.014498859,0.002982753,0.6,Modelled
South Korea,7.547104112,1.002883099,0.00119682,0.6,Modelled
South Korea,8.297766325,1.011582367,0.001965421,0.6,Modelled
South Korea,8.91445781,1.13504676,0.002997708,0.6,Modelled
South Korea,9.447559848,1.011582367,0.003100269,0.6,Modelled
South Korea,9.662543527,1.011582367,0.001148438,0.6,Modelled
South Korea,9.573136222,1.008674259,0.002672811,0.6,Modelled
South Korea,9.522762408,1.023298884,0.002225776,0.6,Modelled
South Korea,8.915482634,1.01742376,0.002085162,0.6,Modelled
South Korea,8.411320155,1.441417191,0.002616351,0.6,Modelled
South Korea,9.99517955,1.144892449,0.004128917,0.6,Modelled
South Korea,9.816901923,1.005774511,0.002529805,0.6,Modelled
South Korea,8.242013677,1.014498859,0.001355902,0.6,Modelled
South Korea,9.434944858,1.005774511,0.002655006,0.6,Modelled
South Korea,8.27013344,1.032175243,0.002025958,0.6,Modelled
South Korea,9.25414994,1.005774511,0.001110204,0.6,Modelled
South Korea,8.167050796,1.005774511,0.001257589,0.6,Modelled
South Korea,8.534049916,1.029207935,0.001514492,0.6,Modelled
South Korea,9.472819233,1.011582367,0.002687979,0.6,Modelled
South Korea,9.428796401,1.002883099,0.002821793,0.6,Modelled
South Korea,7.387911048,1.005774511,0.001783206,0.6,Modelled
South Korea,8.311556161,1.020357094,0.001224909,0.6,Modelled
South Korea,8.661140596,1.014498859,0.001935577,0.6,Modelled
South Korea,9.773298488,1.011582367,0.001654213,0.6,Modelled
South Korea,8.600103005,1.01742376,0.001488893,0.6,Modelled
South Korea,9.354876405,1.01742376,0.002086081,0.6,Modelled
South Korea,7.924010991,1.008674259,0.00161204,0.6,Modelled
South Korea,7.514702561,1.002883099,0.001201502,0.6,Modelled
South Korea,7.861717218,1.002883099,0.001947002,0.6,Modelled
South Korea,9.850051796,1.255378521,0.003954021,0.6,Modelled
South Korea,9.897838675,1.535665311,0.004109212,0.6,Modelled
South Korea,8.62894396,1.008674259,0.002504063,0.6,Modelled
South Korea,9.430425079,1.002883099,0.002965661,0.6,Modelled
South Korea,9.822649021,1.008674259,0.001440317,0.6,Modelled
South Korea,7.934803462,1.002883099,0.001920775,0.6,Modelled
South Korea,9.10694338,1.005774511,0.001081836,0.6,Modelled
South Korea,8.480563816,1.035151107,0.00148185,0.6,Modelled
South Korea,8.83547395,1.011582367,0.002072996,0.6,Modelled
South Korea,7.40453087,1.005774511,0.001623865,0.6,Modelled
South Korea,9.763571303,1.008674259,0.002604546,0.6,Modelled
South Korea,9.730540356,1.005774511,0.003147074,0.6,Modelled
South Korea,9.084354276,1.005774511,0.002714609,0.6,Modelled
South Korea,9.444119417,1.03813555,0.001129042,0.6,Modelled
South Korea,8.216831712,1.023298884,0.00183269,0.6,Modelled
South Korea,9.657998751,1.011582367,0.001922349,0.6,Modelled
South Korea,9.651368651,1.005774511,0.001425888,0.6,Modelled
South Korea,9.493054852,1.008674259,0.001580035,0.6,Modelled
South Korea,9.392215523,1.03813555,0.001427883,0.6,Modelled
South Korea,8.542664574,1.008674259,0.001954263,0.6,Modelled
South Korea,9.764995462,1.008674259,0.002163501,0.7,Modelled
South Korea,9.727028401,1.002883099,0.002759136,0.7,Modelled
South Korea,8.771724082,1.014498859,0.001412663,0.7,Modelled
South Korea,9.718596113,1.372569625,0.003829494,0.7,Modelled
South Korea,8.565295707,1.035151107,0.001436502,0.7,Modelled
South Korea,9.126908536,1.002883099,0.002202253,0.7,Modelled
South Korea,9.442353638,1.008674259,0.001241643,0.7,Modelled
South Korea,9.090415602,1.023298884,0.001125798,0.7,Modelled
South Korea,9.984045575,1.002883099,0.001845403,0.7,Modelled
South Korea,8.561362458,1.955792745,0.00274794,0.7,Modelled
South Korea,9.96280473,1.008674259,0.002414586,0.7,Modelled
South Korea,9.923827014,1.002883099,0.00378885,0.7,Modelled
South Korea,8.430536007,1.01742376,0.001564718,0.7,Modelled
South Korea,9.996265359,1.008674259,0.003853773,0.7,Modelled
South Korea,8.44576406,1.014498859,0.001930329,0.7,Modelled
South Korea,8.083281377,1.002883099,0.001796213,0.7,Modelled
South Korea,8.895571167,1.650267659,0.003037848,0.7,Modelled
South Korea,9.19358477,1.011582367,0.001844676,0.7,Modelled
South Korea,8.903535242,1.011582367,0.001797148,0.7,Modelled
South Korea,7.76397244,1.008674259,0.001950847,0.7,Modelled
South Korea,9.422189375,1.011582367,0.001578964,0.7,Modelled
South Korea,8.985455858,1.01742376,0.002389585,0.7,Modelled
South Korea,9.293366551,1.011582367,0.002726706,0.7,Modelled
South Korea,8.346491505,1.029207935,0.001961098,0.7,Modelled
South Korea,9.98535592,1.002883099,0.003737507,0.7,Modelled
South Korea,8.343586194,1.014498859,0.001272734,0.7,Modelled
South Korea,9.278578958,1.01742376,0.00211506,0.7,Modelled
South Korea,9.238612834,1.023298884,0.003088907,0.7,Modelled
South Korea,8.588747519,1.023298884,0.001835877,0.7,Modelled
South Korea,8.262257347,1.014498859,0.001776799,0.7,Modelled
South Korea,9.620545859,1.005774511,0.002449552,0.7,Modelled
South Korea,9.717587133,1.011582367,0.002935639,0.7,Modelled
South Korea,7.776070295,1.005774511,0.001335618,0.7,Modelled
South Korea,9.544239393,1.035151107,0.002730753,0.7,Modelled
South Korea,9.264772008,1.011582367,0.001762839,0.7,Modelled
South Korea,9.981779561,1.002883099,0.003355918,0.7,Modelled
South Korea,9.771563668,1.011582367,0.002346394,0.7,Modelled
South Korea,8.66456221,1.01742376,0.0013596,0.7,Modelled
South Korea,9.553082691,1.011582367,0.003414823,0.7,Modelled
South Korea,8.404992134,1.014498859,0.002237578,0.7,Modelled
South Korea,8.384816942,1.002883099,0.002392085,0.7,Modelled
South Korea,9.95973109,1.005774511,0.001541639,0.7,Modelled
South Korea,9.214673247,1.011582367,0.002733873,0.7,Modelled
South Korea,8.965330427,1.005774511,0.002136701,0.7,Modelled
South Korea,9.990343285,1.005774511,0.003153255,0.7,Modelled
South Korea,9.869689341,1.002883099,0.003402505,0.7,Modelled
South Korea,8.312300942,1.020357094,0.001122784,0.7,Modelled
South Korea,9.936152659,1.008674259,0.002449046,0.7,Modelled
South Korea,9.200040973,1.002883099,0.002110455,0.7,Modelled
South Korea,9.642531565,1.002883099,0.003384018,0.7,Modelled
South Korea,8.925227606,1.023298884,0.001117845,0.7,Modelled
South Korea,9.900960058,1.005774511,0.00327464,0.7,Modelled
South Korea,9.022924481,1.011582367,0.001328119,0.8,Modelled
South Korea,9.608337435,1.026249157,0.002551743,0.8,Modelled
South Korea,8.993714721,1.008674259,0.001599963,0.8,Modelled
South Korea,9.652886947,1.008674259,0.001000826,0.8,Modelled
South Korea,9.131660202,1.783663102,0.003265394,0.8,Modelled
South Korea,8.935058944,1.002883099,0.001640667,0.8,Modelled
South Korea,9.966094143,1.008674259,0.003078864,0.8,Modelled
South Korea,9.656951911,1.008674259,0.002579195,0.8,Modelled
South Korea,9.783674496,1.002883099,0.002143559,0.8,Modelled
South Korea,8.387937215,1.029207935,0.001284131,0.8,Modelled
South Korea,9.954377107,1.846360834,0.004172806,0.8,Modelled
South Korea,9.487710845,1.005774511,0.002195149,0.8,Modelled
South Korea,8.933114385,1.014498859,0.002005035,0.8,Modelled
South Korea,9.056032323,1.01742376,0.001443064,0.8,Modelled
South Korea,9.15767836,1.005774511,0.002681616,0.8,Modelled
Middle East,7.855030836,1.106014805,0.015708306,0.1,Modelled
Middle East,8.757450655,1.002883099,0.006890922,0.2,Modelled
Middle East,5.942906297,1.002883099,0.001099779,0.2,Modelled
Middle East,5.454256078,1.002883099,0.007703824,0.2,Modelled
Middle East,7.424593922,1.322148754,0.015404254,0.2,Modelled
Middle East,5.070578236,1.002883099,0.006420627,0.2,Modelled
Middle East,6.818644791,1.002883099,0.008362638,0.2,Modelled
Middle East,8.669599265,2.692201283,0.026723353,0.2,Modelled
Middle East,8.990579887,1.518082325,0.023630649,0.2,Modelled
Middle East,8.264651331,1.788805579,0.02134169,0.2,Modelled
Middle East,8.902929538,1.7683242,0.024702582,0.2,Modelled
Middle East,9.270039558,1.090208032,0.020669216,0.2,Modelled
Middle East,6.989342677,1.723094425,0.01497885,0.2,Modelled
Middle East,6.140602984,3.738033256,0.013287557,0.2,Modelled
Middle East,7.694630887,1.518082325,0.017444603,0.2,Modelled
Middle East,8.076448918,6.098124673,0.02602778,0.2,Modelled
Middle East,9.243937948,1.002883099,0.015332962,0.2,Modelled
Middle East,6.628937815,1.002883099,0.007057029,0.2,Modelled
Middle East,9.052084638,1.014498859,0.018991629,0.2,Modelled
Middle East,8.839826602,2.469438129,0.027195922,0.2,Modelled
Middle East,9.449705997,2.434145793,0.031441461,0.2,Modelled
Middle East,6.849154252,1.035151107,0.011994022,0.2,Modelled
Middle East,8.471787681,5.175216015,0.028603289,0.2,Modelled
Middle East,8.488168739,1.002883099,0.008006397,0.2,Modelled
Middle East,5.195573138,1.002883099,0.004741228,0.2,Modelled
Middle East,9.919673371,1.733044452,0.030392696,0.2,Modelled
Middle East,8.638315005,3.759618569,0.028521677,0.2,Modelled
Middle East,4.874425252,1.226795553,0.007114757,0.2,Modelled
Middle East,8.460442619,1.412659549,0.020245972,0.2,Modelled
Middle East,9.763867733,2.119979117,0.032177234,0.2,Modelled
Middle East,7.908785759,1.241004749,0.016779835,0.2,Modelled
Middle East,9.605729264,1.492084601,0.026539014,0.2,Modelled
Middle East,7.930058937,2.455260203,0.021513771,0.2,Modelled
Middle East,6.704808241,1.008674259,0.011438713,0.2,Modelled
Middle East,8.710824829,1.002883099,0.005921982,0.2,Modelled
Middle East,9.712213651,7.268844301,0.042441913,0.2,Modelled
Middle East,8.907714921,12.41719513,0.035385452,0.2,Modelled
Middle East,9.189301683,1.002883099,0.003130386,0.2,Modelled
Middle East,9.809580455,1.900289221,0.031034039,0.2,Modelled
Middle East,9.592241895,2.608279263,0.033404824,0.2,Modelled
Middle East,6.483567057,5.625842206,0.01561448,0.2,Modelled
Middle East,6.873411611,1.002883099,0.002076305,0.2,Modelled
Middle East,4.383876301,1.005774511,0.001198487,0.2,Modelled
Middle East,7.343927173,2.304573946,0.017875141,0.2,Modelled
Middle East,9.356383078,10.15083166,0.039798161,0.2,Modelled
Middle East,6.028492362,1.922299067,0.01156218,0.2,Modelled
Middle East,9.032408866,14.97248282,0.036950148,0.2,Modelled
Middle East,5.363865519,1.002883099,0.001604793,0.2,Modelled
Middle East,7.582147519,2.385582271,0.019358565,0.2,Modelled
Middle East,5.489186544,1.002883099,0.007687718,0.2,Modelled
Middle East,8.719868191,1.188553553,0.019660795,0.2,Modelled
Middle East,4.094845151,1.002883099,0.003978405,0.2,Modelled
Middle East,5.843494716,2.420170492,0.011388917,0.2,Modelled
Middle East,8.669172715,5.740368002,0.030870843,0.2,Modelled
Middle East,9.408449583,1.989870008,0.028942234,0.2,Modelled
Middle East,8.03500648,1.34906386,0.017962334,0.2,Modelled
Middle East,7.396119076,1.002883099,0.012953714,0.2,Modelled
Middle East,7.068739758,2.684461713,0.017073385,0.2,Modelled
Middle East,9.187354462,1.002883099,0.010437497,0.2,Modelled
Middle East,7.329348617,1.002883099,0.006266987,0.2,Modelled
Middle East,8.195333851,1.002883099,0.003930593,0.2,Modelled
Middle East,9.248419757,3.283818119,0.032559835,0.2,Modelled
Middle East,7.850016774,1.032175243,0.015131649,0.2,Modelled
Middle East,9.328646555,1.029207935,0.02006735,0.2,Modelled
Middle East,9.833988348,1.462316096,0.027398752,0.2,Modelled
Middle East,8.011694356,11.75621627,0.026666559,0.3,Modelled
Middle East,9.018463937,1.205786223,0.020993525,0.3,Modelled
Middle East,7.14968255,1.273580077,0.014116598,0.3,Modelled
Middle East,7.918446409,4.051836506,0.023560087,0.3,Modelled
Middle East,9.840707674,2.519708712,0.035115611,0.3,Modelled
Middle East,9.734813697,1.002883099,0.004778744,0.3,Modelled
Middle East,9.292054103,1.002883099,0.009576244,0.3,Modelled
Middle East,9.849894454,1.002883099,0.004588873,0.3,Modelled
Middle East,9.962050457,1.002883099,0.0072878,0.3,Modelled
Middle East,8.151226869,1.002883099,0.012863416,0.3,Modelled
Middle East,9.49835282,2.490858674,0.032215005,0.3,Modelled
Middle East,8.398673803,1.002883099,0.016190229,0.3,Modelled
Middle East,6.322618072,1.002883099,0.008321498,0.3,Modelled
Middle East,5.879694709,1.002883099,0.008724062,0.3,Modelled
Middle East,9.184468249,2.344728289,0.029210233,0.3,Modelled
Middle East,5.563279474,1.050159617,0.008453452,0.3,Modelled
Middle East,7.432916296,6.168755389,0.021307008,0.3,Modelled
Middle East,9.119079088,2.811008867,0.030284594,0.3,Modelled
Middle East,9.799842098,1.273580077,0.025107462,0.3,Modelled
Middle East,5.776956081,3.695233704,0.011754052,0.3,Modelled
Middle East,8.401968104,1.002883099,0.004639433,0.3,Modelled
Middle East,5.74155311,1.603434644,0.010116851,0.3,Modelled
Middle East,9.526896534,1.518082325,0.026396833,0.3,Modelled
Middle East,8.485301126,2.188189961,0.023981441,0.3,Modelled
Middle East,8.370809825,8.156012251,0.029144526,0.3,Modelled
Middle East,9.374542866,1.589645647,0.026157733,0.3,Modelled
Middle East,8.026670387,1.758171619,0.019966414,0.3,Modelled
Middle East,7.883919961,1.002883099,0.007420365,0.3,Modelled
Middle East,8.515478102,2.007130655,0.023652866,0.3,Modelled
Middle East,6.139167591,1.002883099,0.005525225,0.3,Modelled
Middle East,3.743674031,1.002883099,0.001926056,0.3,Modelled
Middle East,5.804289126,2.723383345,0.011446313,0.3,Modelled
Middle East,7.265253131,3.038230052,0.018507538,0.3,Modelled
Middle East,5.343212369,1.002883099,0.004338643,0.3,Modelled
Middle East,7.777261719,6.572103982,0.023826843,0.3,Modelled
Middle East,9.909266938,1.002883099,0.016571881,0.3,Modelled
Middle East,3.830822612,1.002883099,0.001602926,0.3,Modelled
Middle East,6.594105569,2.851765288,0.014873608,0.3,Modelled
Middle East,9.444094153,2.692201283,0.032625962,0.3,Modelled
Middle East,9.61138903,2.265107261,0.032050734,0.3,Modelled
Middle East,8.205656653,1.453920417,0.019296341,0.3,Modelled
Middle East,9.427935949,3.199825401,0.033834659,0.3,Modelled
Middle East,9.818691231,1.728062277,0.02972924,0.3,Modelled
Middle East,9.958547216,1.090208032,0.023210649,0.3,Modelled
Middle East,8.940630565,5.057384597,0.032452707,0.3,Modelled
Middle East,7.594276465,1.453920417,0.016636345,0.3,Modelled
Middle East,8.076854758,5.419178838,0.025690034,0.3,Modelled
Middle East,7.837460082,7.721860125,0.024615953,0.3,Modelled
Middle East,9.787939426,1.002883099,0.00757566,0.3,Modelled
Middle East,9.497690603,15.27727905,0.042522155,0.3,Modelled
Middle East,8.246782374,1.205786223,0.017935323,0.3,Modelled
Middle East,9.785454814,2.406275429,0.034132005,0.3,Modelled
Middle East,7.629011375,1.002883099,0.003574082,0.3,Modelled
Middle East,6.067016828,1.002883099,0.001456356,0.3,Modelled
Middle East,7.802264282,4.733351889,0.023186963,0.3,Modelled
Middle East,9.428192468,5.190136677,0.037510376,0.3,Modelled
Middle East,9.481088212,6.348931994,0.039126767,0.3,Modelled
Middle East,6.984939345,1.002883099,0.005657635,0.3,Modelled
Middle East,3.613365713,1.005774511,0.002401591,0.3,Modelled
Middle East,8.819708859,8.109185671,0.033459135,0.3,Modelled
Middle East,8.170643272,14.33966927,0.028342318,0.3,Modelled
Middle East,8.977907056,1.154823542,0.020285026,0.3,Modelled
Middle East,8.371360231,1.927841246,0.022524257,0.3,Modelled
Middle East,9.881423471,6.629112111,0.044059651,0.3,Modelled
Middle East,9.782327326,5.790161438,0.041868645,0.3,Modelled
Middle East,8.128172247,6.38559397,0.026429607,0.3,Modelled
Middle East,6.453501869,4.354213575,0.015079613,0.3,Modelled
Middle East,5.93673513,1.002883099,0.003376622,0.3,Modelled
Middle East,5.879191861,1.002883099,0.003959272,0.3,Modelled
Middle East,4.309012276,1.002883099,0.003849704,0.3,Modelled
Middle East,6.376227163,1.258997902,0.011430821,0.3,Modelled
Middle East,6.171544724,1.441417191,0.01122261,0.3,Modelled
Middle East,7.612195987,12.96516937,0.023589093,0.3,Modelled
Middle East,8.074376925,1.002883099,0.003295532,0.3,Modelled
Middle East,5.875411727,4.455661893,0.012425667,0.3,Modelled
Middle East,8.831844455,3.283818119,0.029175131,0.3,Modelled
Middle East,9.640570728,12.66997313,0.044014161,0.3,Modelled
Middle East,8.483458875,2.324564416,0.024440583,0.3,Modelled
Middle East,8.815235598,1.659797147,0.023631995,0.3,Modelled
Middle East,8.609015119,1.659797147,0.022453008,0.3,Modelled
Middle East,7.388574989,1.002883099,0.002081992,0.3,Modelled
Middle East,9.028992599,6.822734785,0.034814908,0.3,Modelled
Middle East,6.815603704,1.002883099,0.004207437,0.3,Modelled
Middle East,8.195341029,1.333617414,0.018601588,0.3,Modelled
Middle East,9.249061942,1.002883099,0.004646743,0.3,Modelled
Middle East,8.552298086,2.065754796,0.023973339,0.3,Modelled
Middle East,8.661531414,1.002883099,0.012912682,0.3,Modelled
Middle East,7.811291938,1.002883099,0.003093712,0.3,Modelled
Middle East,8.229836135,2.258595506,0.022648492,0.3,Modelled
Middle East,9.236367831,1.603434644,0.025461424,0.3,Modelled
Middle East,9.9614804,1.002883099,0.013520153,0.3,Modelled
Middle East,8.833035335,1.026249157,0.018362719,0.3,Modelled
Middle East,7.995233743,1.002883099,0.005071573,0.3,Modelled
Middle East,6.616439401,1.16484078,0.011899404,0.3,Modelled
Middle East,6.467264472,1.002883099,0.005270267,0.3,Modelled
Middle East,8.07025002,1.002883099,0.01239854,0.3,Modelled
Middle East,8.704717965,1.526848508,0.022211468,0.3,Modelled
Middle East,9.486501246,12.03012299,0.042010279,0.3,Modelled
Middle East,9.611821198,1.262627717,0.024142037,0.3,Modelled
Middle East,8.240096331,1.345185556,0.0187959,0.3,Modelled
Middle East,8.263444053,3.936849269,0.02579056,0.3,Modelled
Middle East,7.30959838,1.191980271,0.014332733,0.3,Modelled
Middle East,9.65823504,2.483697926,0.033314985,0.3,Modelled
Middle East,9.766206411,1.437273389,0.026789071,0.3,Modelled
Middle East,9.036483202,10.03460716,0.036039286,0.3,Modelled
Middle East,9.506959501,1.4331415,0.025473505,0.3,Modelled
Middle East,6.759727981,1.002883099,0.002258731,0.3,Modelled
Middle East,8.978673422,1.384475648,0.022509374,0.3,Modelled
Middle East,8.904114142,8.346038237,0.034307787,0.3,Modelled
Middle East,5.550625425,3.117981028,0.010661082,0.3,Modelled
Middle East,7.664897332,3.498532974,0.021343433,0.3,Modelled
Middle East,6.843656431,1.002883099,0.009101928,0.3,Modelled
Middle East,8.976663035,10.20944774,0.035781135,0.3,Modelled
Middle East,6.55112115,1.002883099,0.001105938,0.3,Modelled
Middle East,6.357084587,1.205786223,0.011228381,0.3,Modelled
Middle East,8.886219651,1.212749049,0.020530782,0.3,Modelled
Middle East,5.41954291,1.002883099,0.004352927,0.3,Modelled
Middle East,6.675813873,1.002883099,0.011294139,0.3,Modelled
Middle East,3.891964395,1.005774511,0.001032434,0.3,Modelled
Middle East,8.784059853,4.304358912,0.030280634,0.3,Modelled
Middle East,9.596941149,2.371885791,0.032375502,0.3,Modelled
Middle East,9.537709564,14.42247384,0.043082872,0.3,Modelled
Middle East,8.207861202,2.66904926,0.023531521,0.3,Modelled
Middle East,7.691971296,4.267342877,0.022092873,0.3,Modelled
Middle East,6.83809034,1.014498859,0.011851064,0.3,Modelled
Middle East,4.403652489,1.505027329,0.006257333,0.3,Modelled
Middle East,9.653160452,6.744616169,0.041192794,0.3,Modelled
Middle East,7.89211641,4.481391161,0.023694435,0.3,Modelled
Middle East,9.394408993,10.53793921,0.040499088,0.3,Modelled
Middle East,7.290432381,1.846360834,0.016704601,0.3,Modelled
Middle East,9.725673873,9.125151006,0.043929259,0.3,Modelled
Middle East,5.982327906,1.237437095,0.010121278,0.3,Modelled
Middle East,9.260018543,1.679021526,0.026147256,0.3,Modelled
Middle East,6.827842971,1.688717054,0.014314328,0.3,Modelled
Middle East,6.324142792,1.318347826,0.011412999,0.3,Modelled
Middle East,9.345848344,1.002883099,0.018058751,0.3,Modelled
Middle East,6.227997731,1.002883099,0.001802495,0.3,Modelled
Middle East,9.437729635,2.420170492,0.031259275,0.3,Modelled
Middle East,9.296211357,1.002883099,0.001750346,0.3,Modelled
Middle East,9.299438023,7.993292057,0.038176716,0.3,Modelled
Middle East,7.907436407,1.475000604,0.018104981,0.3,Modelled
Middle East,6.268140858,3.190626508,0.013679588,0.3,Modelled
Middle East,8.764787002,1.703365422,0.023512421,0.3,Modelled
Middle East,9.137396062,1.002883099,0.01226037,0.3,Modelled
Middle East,8.886614727,2.107807559,0.026201929,0.3,Modelled
Middle East,7.782181005,1.793962883,0.018893505,0.3,Modelled
Middle East,7.450547111,2.331266366,0.018574109,0.3,Modelled
Middle East,8.710431063,1.002883099,0.00906006,0.3,Modelled
Middle East,7.919929933,1.002883099,0.001191997,0.3,Modelled
Middle East,9.673385392,7.289801101,0.042255769,0.3,Modelled
Middle East,5.600648286,1.002883099,0.004708475,0.3,Modelled
Middle East,9.339437583,1.074627164,0.020772476,0.3,Modelled
Middle East,6.784538016,1.002883099,0.01061934,0.3,Modelled
Middle East,9.980077089,1.424913323,0.027815721,0.3,Modelled
Middle East,7.633105628,1.002883099,0.001883376,0.3,Modelled
Middle East,6.76751989,1.380495543,0.013190894,0.3,Modelled
Middle East,9.78695205,1.496386429,0.027635827,0.3,Modelled
Middle East,5.841785874,1.014498859,0.009059003,0.3,Modelled
Middle East,8.50711584,1.333617414,0.019865384,0.3,Modelled
Middle East,4.696952555,1.002883099,0.004147093,0.3,Modelled
Middle East,8.908219634,1.640792882,0.023928904,0.3,Modelled
Middle East,5.751661476,1.466532098,0.0099163,0.3,Modelled
Middle East,9.408312348,2.868232838,0.032842357,0.3,Modelled
Middle East,8.959576568,3.803163849,0.031217577,0.3,Modelled
Middle East,9.854044173,1.380495543,0.026665333,0.3,Modelled
Middle East,5.008028457,1.002883099,0.003485504,0.3,Modelled
Middle East,9.7565835,2.226316457,0.032647501,0.3,Modelled
Middle East,8.197268057,1.002883099,0.014867532,0.3,Modelled
Middle East,9.206037112,2.119979117,0.028296609,0.3,Modelled
Middle East,8.9967614,1.002883099,0.017651552,0.3,Modelled
Middle East,8.34541243,5.175216015,0.027588051,0.3,Modelled
Middle East,7.359385247,1.08707389,0.013887975,0.3,Modelled
Middle East,6.398052437,1.002883099,0.002602803,0.3,Modelled
Middle East,5.879283941,1.412659549,0.010217772,0.3,Modelled
Middle East,9.737669393,1.273580077,0.024836125,0.3,Modelled
Middle East,6.256208033,1.002883099,0.009504972,0.3,Modelled
Middle East,8.093824305,2.119979117,0.021486289,0.3,Modelled
Middle East,9.900396391,1.002883099,0.009623845,0.3,Modelled
Middle East,8.054090026,6.348931994,0.025799781,0.3,Modelled
Middle East,8.024338993,1.462316096,0.018652926,0.3,Modelled
Middle East,8.962920835,4.341696034,0.032053209,0.3,Modelled
Middle East,7.592574102,5.993692023,0.022349526,0.3,Modelled
Middle East,6.784580261,7.993292057,0.017601772,0.3,Modelled
Middle East,8.158538332,1.002883099,0.006645443,0.3,Modelled
Middle East,8.852277422,1.955792745,0.025301697,0.3,Modelled
Middle East,9.601347349,1.125285741,0.02238486,0.3,Modelled
Middle East,7.663302848,1.002883099,0.011104557,0.3,Modelled
Middle East,9.505948887,1.002883099,0.008655911,0.3,Modelled
Middle East,9.996737211,1.995607,0.033078051,0.3,Modelled
Middle East,8.631906119,1.645523451,0.022598782,0.3,Modelled
Middle East,9.257890638,3.814128748,0.033724737,0.3,Modelled
Middle East,7.306149297,1.303253072,0.014821469,0.3,Modelled
Middle East,7.292520646,1.002883099,0.004885497,0.3,Modelled
Middle East,8.800136486,1.13504676,0.019450481,0.3,Modelled
Middle East,8.759058139,1.002883099,0.013892528,0.3,Modelled
Middle East,9.39667807,2.144533492,0.029679094,0.3,Modelled
Middle East,9.71852896,6.534371185,0.042101181,0.3,Modelled
Middle East,5.36704849,1.002883099,0.007759358,0.3,Modelled
Middle East,9.451065925,1.002883099,0.011621061,0.3,Modelled
Middle East,6.845055818,6.204376933,0.017607146,0.3,Modelled
Middle East,6.825986987,2.156917124,0.015212618,0.3,Modelled
Middle East,9.200900342,2.578415114,0.030173815,0.3,Modelled
Middle East,8.531788068,1.002883099,0.00699117,0.3,Modelled
Middle East,9.843425833,4.075233879,0.040142809,0.3,Modelled
Middle East,8.400544328,1.002883099,0.003437174,0.3,Modelled
Middle East,9.819276106,1.783663102,0.030263754,0.3,Modelled
Middle East,9.657477982,1.57597523,0.02760678,0.3,Modelled
Middle East,9.910464894,1.002883099,0.005921587,0.3,Modelled
Middle East,4.385808134,1.002883099,0.004340674,0.3,Modelled
Middle East,9.616849218,1.458112214,0.026249047,0.3,Modelled
Middle East,9.717779322,5.691002773,0.040929611,0.3,Modelled
Middle East,4.543693419,1.002883099,0.003609201,0.3,Modelled
Middle East,8.467165317,2.200825688,0.023921184,0.3,Modelled
Middle East,8.360378163,16.18274769,0.030194959,0.3,Modelled
Middle East,4.55885708,1.640792882,0.006770991,0.3,Modelled
Middle East,9.143334408,2.608279263,0.029976355,0.3,Modelled
Middle East,7.531175405,1.40859842,0.0161891,0.3,Modelled
Middle East,6.119041021,2.66904926,0.012629121,0.3,Modelled
Middle East,6.306730829,1.733044452,0.012344055,0.3,Modelled
Middle East,8.725147181,1.09335121,0.01869493,0.3,Modelled
Middle East,7.556465304,8.322044956,0.022778476,0.3,Modelled
Middle East,7.160658289,1.594228753,0.01534683,0.3,Modelled
Middle East,7.860218312,1.48779514,0.018001562,0.3,Modelled
Middle East,7.418364523,1.09335121,0.014132712,0.3,Modelled
Middle East,8.871517555,1.01742376,0.018414397,0.3,Modelled
Middle East,9.143616666,1.002883099,0.008371535,0.3,Modelled
Middle East,7.598932774,1.219752081,0.015570869,0.3,Modelled
Middle East,6.000179088,1.002883099,0.006861119,0.3,Modelled
Middle East,8.665695109,1.002883099,0.003201248,0.4,Modelled
Middle East,7.827105494,4.899734448,0.02344271,0.4,Modelled
Middle East,5.620836264,1.002883099,0.007530154,0.4,Modelled
Middle East,9.144763719,14.05357924,0.038319126,0.4,Modelled
Middle East,7.223109346,1.314557826,0.014641449,0.4,Modelled
Middle East,8.7542749,1.002883099,0.004436187,0.4,Modelled
Middle East,8.829321488,1.322148754,0.021229945,0.4,Modelled
Middle East,9.755697916,1.683862312,0.02909202,0.4,Modelled
Middle East,9.47645987,1.106014805,0.021636633,0.4,Modelled
Middle East,9.436616097,1.318347826,0.024003183,0.4,Modelled
Middle East,7.330485404,1.002883099,0.007039556,0.4,Modelled
Middle East,4.298309528,1.002883099,0.005186193,0.4,Modelled
Middle East,8.600952618,7.811297539,0.031315675,0.4,Modelled
Middle East,5.961377043,1.002883099,0.0030821,0.4,Modelled
Middle East,3.678925611,1.002883099,0.001552712,0.4,Modelled
Middle East,7.752940646,1.669381664,0.018326168,0.4,Modelled
Middle East,6.63896296,2.563611512,0.014834116,0.4,Modelled
Middle East,8.118575204,1.077725421,0.01643531,0.4,Modelled
Middle East,5.301638648,1.029207935,0.007746656,0.4,Modelled
Middle East,7.488359385,1.773422454,0.017332611,0.4,Modelled
Middle East,4.231228087,1.002883099,0.001432074,0.4,Modelled
Middle East,5.624624893,1.322148754,0.009269464,0.4,Modelled
Middle East,9.655056694,4.304358912,0.038360194,0.4,Modelled
Middle East,9.667013325,1.763240603,0.029272868,0.4,Modelled
Middle East,6.939566863,1.090208032,0.012529808,0.4,Modelled
Middle East,8.318871556,1.002883099,0.001218668,0.4,Modelled
Middle East,8.083375784,8.891750066,0.026768391,0.4,Modelled
Middle East,9.81603547,2.578415114,0.034931917,0.4,Modelled
Middle East,9.704573641,1.475000604,0.026924368,0.4,Modelled
Middle East,6.742115529,2.41321296,0.015171602,0.4,Modelled
Middle East,9.330335634,1.544533027,0.025489629,0.4,Modelled
Middle East,8.442353473,1.002883099,0.014176738,0.4,Modelled
Middle East,9.891918188,5.513601309,0.042951211,0.4,Modelled
Middle East,5.149175083,1.002883099,0.001847332,0.4,Modelled
Middle East,8.426722922,1.655025544,0.021462516,0.4,Modelled
Middle East,9.853254706,3.109017423,0.037518939,0.4,Modelled
Middle East,8.532456307,4.706176025,0.028702326,0.4,Modelled
Middle East,8.131484948,4.291984694,0.025305567,0.4,Modelled
Middle East,9.159777445,1.068457346,0.01995599,0.4,Modelled
Middle East,5.756822634,1.002883099,0.002416532,0.4,Modelled
Middle East,7.495243344,4.928028018,0.021276889,0.4,Modelled
Middle East,8.584350634,1.400511153,0.020746113,0.4,Modelled
Middle East,8.666530363,3.073419946,0.027541925,0.4,Modelled
Middle East,9.268871926,1.198863374,0.021938847,0.4,Modelled
Middle East,7.541876276,6.294333319,0.022106207,0.4,Modelled
Middle East,8.868941143,1.011582367,0.018303649,0.4,Modelled
Middle East,9.034902896,1.299506466,0.021908751,0.4,Modelled
Middle East,9.711646501,1.125285741,0.022822944,0.4,Modelled
Middle East,9.403364831,1.041128598,0.020454704,0.4,Modelled
Middle East,6.714309167,1.244582689,0.012509199,0.4,Modelled
Middle East,6.943037797,6.404004271,0.018223195,0.4,Modelled
Middle East,8.169108784,1.01742376,0.016000395,0.4,Modelled
Middle East,9.971572854,1.074627164,0.02302545,0.4,Modelled
Middle East,8.940701612,1.002883099,0.007808553,0.4,Modelled
Middle East,8.991932778,1.002883099,0.001502145,0.4,Modelled
Middle East,8.861814774,2.676744394,0.027924733,0.4,Modelled
Middle East,7.895956316,1.280934379,0.017010055,0.4,Modelled
Middle East,9.298737427,1.002883099,0.001313466,0.4,Modelled
Middle East,3.754047109,1.002883099,0.001829095,0.4,Modelled
Middle East,9.065182634,10.09255211,0.036488992,0.4,Modelled
Middle East,7.695215139,1.212749049,0.015815337,0.4,Modelled
Middle East,9.672824885,1.002883099,0.009340825,0.4,Modelled
Middle East,9.848110311,1.255378521,0.02512793,0.4,Modelled
Middle East,9.571669735,4.442852708,0.038039617,0.4,Modelled
Middle East,8.898416742,3.135985844,0.029448571,0.4,Modelled
Middle East,7.140250121,1.002883099,0.006910848,0.4,Modelled
Middle East,8.994490328,4.80198009,0.032735739,0.4,Modelled
Middle East,8.699757705,2.505242164,0.026470582,0.4,Modelled
Middle East,7.765120063,2.526973282,0.020674269,0.4,Modelled
Middle East,9.646991207,1.044130275,0.02142425,0.4,Modelled
Middle East,6.601461,1.002883099,0.005853574,0.4,Modelled
Middle East,9.017577834,5.250250742,0.033400121,0.4,Modelled
Middle East,8.435148833,1.804322141,0.022249033,0.4,Modelled
Middle East,9.137096032,1.900289221,0.026784361,0.4,Modelled
Middle East,9.752500868,10.29800713,0.044448616,0.4,Modelled
Middle East,8.71638376,2.505242164,0.026454926,0.4,Modelled
Middle East,8.737355455,2.024541025,0.024930295,0.4,Modelled
Middle East,4.495982718,1.002883099,0.001642015,0.4,Modelled
Middle East,9.657979737,1.526848508,0.027060477,0.4,Modelled
Middle East,9.598290913,3.389475766,0.036010232,0.4,Modelled
Middle East,8.110081291,1.002883099,0.012721076,0.4,Modelled
Middle East,8.416813733,3.038230052,0.025794223,0.4,Modelled
Middle East,9.394938934,3.209050815,0.033611785,0.4,Modelled
Middle East,6.535155966,4.625581012,0.01559193,0.4,Modelled
Middle East,7.705933247,1.002883099,0.011693674,0.4,Modelled
Middle East,9.308751524,1.014498859,0.019853493,0.4,Modelled
Middle East,9.196127087,8.764672318,0.037665398,0.4,Modelled
Middle East,8.521039199,1.102835221,0.018100905,0.4,Modelled
Middle East,8.239880975,1.496386429,0.019796228,0.4,Modelled
Middle East,9.178695858,1.1416011,0.020913898,0.4,Modelled
Middle East,8.255624724,1.09650345,0.017080009,0.4,Modelled
Middle East,9.506174729,1.002883099,0.014452858,0.4,Modelled
Middle East,6.301037662,1.002883099,0.00761484,0.4,Modelled
Middle East,5.231895377,1.002883099,0.004778105,0.4,Modelled
Middle East,9.757682855,1.664582507,0.028953133,0.4,Modelled
Middle East,5.657164402,1.002883099,0.007949496,0.4,Modelled
Middle East,6.63340877,1.131783715,0.011811155,0.4,Modelled
Middle East,9.550995983,10.38733471,0.041878108,0.4,Modelled
Middle East,5.615849964,2.952007995,0.010833497,0.4,Modelled
Middle East,7.805511788,1.002883099,0.004894805,0.4,Modelled
Middle East,8.19500783,1.40859842,0.019063869,0.4,Modelled
Middle East,5.898911376,3.029495715,0.01199557,0.4,Modelled
Middle East,9.504087459,1.679021526,0.027639782,0.4,Modelled
Middle East,8.313471443,1.002883099,0.004421376,0.4,Modelled
Middle East,8.035258361,1.002883099,0.006294811,0.4,Modelled
Middle East,7.585799235,1.496386429,0.016797362,0.4,Modelled
Middle East,7.244374415,1.191980271,0.014072235,0.4,Modelled
Middle East,7.094378422,1.158153013,0.013385295,0.4,Modelled
Middle East,9.390023533,1.356854044,0.024200513,0.4,Modelled
Middle East,8.079508094,1.002883099,0.00503955,0.4,Modelled
Middle East,5.733491668,1.002883099,0.003443806,0.4,Modelled
Middle East,4.683896131,1.002883099,0.00246224,0.4,Modelled
Middle East,9.8076353,2.030377978,0.031924349,0.4,Modelled
Middle East,8.309832843,1.011582367,0.016401424,0.4,Modelled
Middle East,7.053007867,1.059268973,0.012764151,0.4,Modelled
Middle East,8.971990848,1.384475648,0.022492431,0.4,Modelled
Middle East,9.510458901,1.171567166,0.022610467,0.4,Modelled
Middle East,6.139437967,1.002883099,0.002366718,0.4,Modelled
Middle East,8.969415712,1.636075913,0.024278078,0.4,Modelled
Middle East,9.186174814,1.002883099,0.012116545,0.4,Modelled
Middle East,8.290239835,3.190626508,0.025074621,0.4,Modelled
Middle East,9.682455078,3.580044889,0.03712946,0.4,Modelled
Middle East,6.395775507,3.51873529,0.014412052,0.4,Modelled
Middle East,6.564805284,1.205786223,0.01189357,0.4,Modelled
Middle East,9.029991755,2.107807559,0.027144461,0.4,Modelled
Middle East,5.051020139,1.002883099,0.004989366,0.4,Modelled
Middle East,8.700472086,1.125285741,0.018936771,0.4,Modelled
Middle East,8.841040825,1.645523451,0.023607922,0.4,Modelled
Middle East,7.682980117,1.29577063,0.016211722,0.4,Modelled
Middle East,5.615933368,2.226316457,0.010366737,0.4,Modelled
Middle East,5.084327373,1.659797147,0.008194846,0.4,Modelled
Middle East,9.450135106,1.002883099,0.005959824,0.4,Modelled
Middle East,7.661759298,1.002883099,0.001903517,0.4,Modelled
Middle East,7.653795851,1.244582689,0.015812594,0.4,Modelled
Middle East,7.04584236,1.002883099,0.009308487,0.4,Modelled
Middle East,4.74854811,1.002883099,0.003481823,0.4,Modelled
Middle East,7.738833827,1.002883099,0.009625972,0.4,Modelled
Middle East,7.047840424,1.002883099,0.002669199,0.4,Modelled
Middle East,9.466296962,5.419178838,0.038118333,0.4,Modelled
Middle East,9.161621701,1.288331148,0.022445527,0.4,Modelled
Middle East,7.230410221,1.002883099,0.005793288,0.4,Modelled
Middle East,6.086099451,2.16313573,0.012100542,0.4,Modelled
Middle East,6.01789417,1.799135056,0.01133756,0.4,Modelled
Middle East,9.053560878,1.513718125,0.023776914,0.4,Modelled
Middle East,9.962148904,1.178332393,0.02459296,0.4,Modelled
Middle East,6.984345524,1.002883099,0.004576813,0.4,Modelled
Middle East,9.951910219,3.82512526,0.0405373,0.4,Modelled
Middle East,7.770217659,1.002883099,0.005598536,0.4,Modelled
Middle East,7.385488526,2.169372265,0.017891072,0.4,Modelled
Middle East,8.485458278,2.715554133,0.025450212,0.4,Modelled
Middle East,8.342418676,4.134320121,0.026580331,0.4,Modelled
Middle East,9.103160925,1.269918775,0.021999463,0.4,Modelled
Middle East,8.922586986,7.611502031,0.034299163,0.4,Modelled
Middle East,8.710865379,1.002883099,0.017224795,0.4,Modelled
Middle East,6.38599999,2.284755387,0.013449813,0.4,Modelled
Middle East,7.931117267,1.50070066,0.018339339,0.4,Modelled
Middle East,7.850279664,9.364678523,0.025056867,0.4,Modelled
Middle East,9.489638996,3.020786488,0.033869798,0.4,Modelled
Middle East,6.877643947,3.792230473,0.017063743,0.4,Modelled
Middle East,9.608722815,2.615799191,0.033506561,0.4,Modelled
Middle East,9.457971645,1.557930706,0.026248289,0.4,Modelled
Middle East,8.273776866,2.077683519,0.022415373,0.4,Modelled
Middle East,8.259003592,3.539054265,0.025338427,0.4,Modelled
Middle East,5.665861261,1.857022665,0.010228177,0.4,Modelled
Middle East,9.203107044,10.84573065,0.038122271,0.4,Modelled
Middle East,9.212739931,1.318347826,0.022910193,0.4,Modelled
Middle East,6.938478326,1.961431489,0.015366659,0.4,Modelled
Middle East,9.920781302,8.664319,0.046105799,0.4,Modelled
Middle East,9.500679572,2.935059463,0.033873846,0.4,Modelled
Middle East,6.461817151,1.161492083,0.011394844,0.4,Modelled
Middle East,5.776208775,1.562422375,0.010208676,0.4,Modelled
Middle East,8.799592397,11.75621627,0.033949548,0.4,Modelled
Middle East,8.494047818,2.918208238,0.026117454,0.4,Modelled
Middle East,7.344541869,1.13504676,0.014138788,0.4,Modelled
Middle East,5.178687968,1.002883099,0.005389479,0.4,Modelled
Middle East,9.346663098,8.016337512,0.038951673,0.4,Modelled
Middle East,7.962514751,11.13042193,0.026171372,0.4,Modelled
Middle East,9.441941695,1.288331148,0.02369814,0.4,Modelled
Middle East,7.770592847,2.969054397,0.021307031,0.4,Modelled
Middle East,9.911254237,1.594228753,0.029091338,0.4,Modelled
Middle East,9.209313106,1.693585793,0.025936537,0.4,Modelled
Middle East,5.118191607,1.927841246,0.008503632,0.4,Modelled
Middle East,7.426294941,1.002883099,0.010106092,0.4,Modelled
Middle East,7.795227156,2.119979117,0.019912517,0.4,Modelled
Middle East,7.327771394,1.002883099,0.004686845,0.4,Modelled
Middle East,7.813062735,1.002883099,0.001031702,0.4,Modelled
Middle East,9.898759091,1.002883099,0.005386193,0.4,Modelled
Middle East,9.291262641,1.002883099,0.003094823,0.4,Modelled
Middle East,7.951133342,1.738040991,0.019417419,0.4,Modelled
Middle East,9.642881663,15.8598865,0.044419264,0.4,Modelled
Middle East,8.383379566,1.178332393,0.018214648,0.4,Modelled
Middle East,7.846706943,2.512465026,0.021011007,0.4,Modelled
Middle East,5.84369136,2.024541025,0.011052814,0.4,Modelled
Middle East,8.511453748,1.161492083,0.018587021,0.4,Modelled
Middle East,9.289320096,1.002883099,0.005885452,0.4,Modelled
Middle East,9.996279786,1.453920417,0.028244301,0.4,Modelled
Middle East,8.449365709,1.002883099,0.012557591,0.4,Modelled
Middle East,9.981304978,8.565114702,0.04636634,0.4,Modelled
Middle East,7.531187823,1.505027329,0.016654615,0.4,Modelled
Middle East,8.987515688,3.246219218,0.030362503,0.4,Modelled
Middle East,8.400842005,1.002883099,0.008983753,0.4,Modelled
Middle East,9.160954133,2.935059463,0.030991224,0.4,Modelled
Middle East,5.114271081,1.337462366,0.007866675,0.4,Modelled
Middle East,6.853576745,4.354213575,0.017089812,0.4,Modelled
Middle East,8.124290702,1.090208032,0.016550501,0.4,Modelled
Middle East,8.965131758,3.684610606,0.031176997,0.4,Modelled
Middle East,9.440041985,4.230645167,0.036189533,0.4,Modelled
Middle East,9.621985871,1.002883099,0.011924801,0.4,Modelled
Middle East,5.199800307,1.112401499,0.007683691,0.4,Modelled
Middle East,7.562505559,1.002883099,0.012825128,0.4,Modelled
Middle East,8.116216269,16.94561224,0.027941397,0.4,Modelled
Middle East,6.04707454,1.002883099,0.006921607,0.4,Modelled
Middle East,6.389330411,5.545439659,0.014981071,0.4,Modelled
Middle East,9.352246837,1.002883099,0.009749674,0.4,Modelled
Middle East,8.531129765,1.002883099,0.005776612,0.4,Modelled
Middle East,7.873551035,2.258595506,0.020671726,0.4,Modelled
Middle East,6.766237808,1.014498859,0.011614521,0.4,Modelled
Middle East,7.379584851,2.884795479,0.018928769,0.4,Modelled
Middle East,7.455139568,1.002883099,0.009606786,0.4,Modelled
Middle East,9.093768014,2.893112631,0.03029265,0.4,Modelled
Middle East,7.956019786,1.185136686,0.016633775,0.4,Modelled
Middle East,8.355051759,1.002883099,0.003340552,0.4,Modelled
Middle East,7.297393958,1.916772821,0.01682743,0.4,Modelled
Middle East,9.848975276,5.874112172,0.04273026,0.4,Modelled
Middle East,6.706900457,1.002883099,0.002588049,0.4,Modelled
Middle East,6.895594515,3.163188196,0.016672721,0.4,Modelled
Middle East,6.599521937,1.388467229,0.012597491,0.4,Modelled
Middle East,9.84254903,1.002883099,0.008320163,0.4,Modelled
Middle East,5.966914955,2.311218261,0.011718084,0.4,Modelled
Middle East,4.996215293,1.002883099,0.002099043,0.4,Modelled
Middle East,4.523064083,1.026249157,0.005974452,0.4,Modelled
Middle East,8.891911732,1.002883099,0.002931586,0.4,Modelled
Middle East,9.32241273,3.126970477,0.032863498,0.4,Modelled
Middle East,8.533560455,2.684461713,0.025813652,0.4,Modelled
Middle East,9.971322589,6.921656654,0.045552541,0.4,Modelled
Middle East,7.626850983,1.738040991,0.017876829,0.4,Modelled
Middle East,8.8465309,1.002883099,0.017847249,0.4,Modelled
Middle East,9.814759496,2.6233408,0.035213775,0.4,Modelled
Middle East,9.005792869,1.788805579,0.025469442,0.4,Modelled
Middle East,8.810212934,4.170182282,0.030554469,0.4,Modelled
Middle East,8.221645914,2.05389456,0.021985237,0.4,Modelled
Middle East,9.243253693,1.002883099,0.008647894,0.4,Modelled
Middle East,5.725430431,1.470760256,0.00983318,0.4,Modelled
Middle East,6.963466206,1.002883099,0.007617016,0.4,Modelled
Middle East,9.000987721,1.352953345,0.022241958,0.4,Modelled
Middle East,8.046133989,1.645523451,0.019510602,0.4,Modelled
Middle East,9.453607035,11.29180035,0.041276104,0.4,Modelled
Middle East,8.154418437,6.515586104,0.026842478,0.4,Modelled
Middle East,8.849855462,1.002883099,0.01397119,0.4,Modelled
Middle East,5.267833469,1.360765989,0.008343557,0.4,Modelled
Middle East,9.651019511,8.274265122,0.042406699,0.4,Modelled
Middle East,9.779375365,1.57597523,0.028176699,0.4,Modelled
Middle East,8.760017789,1.30701048,0.020773443,0.4,Modelled
Middle East,8.013180198,1.496386429,0.018711199,0.4,Modelled
Middle East,8.668504139,1.002883099,0.012850861,0.4,Modelled
Middle East,9.810305887,1.195416868,0.02417487,0.4,Modelled
Middle East,5.775618337,1.002883099,0.005111719,0.4,Modelled
Middle East,8.2148524,2.265107261,0.022717622,0.4,Modelled
Middle East,8.97059705,8.016337512,0.034988925,0.4,Modelled
Middle East,7.999795769,2.337987638,0.02149782,0.4,Modelled
Middle East,8.836873652,1.205786223,0.02025855,0.4,Modelled
Middle East,8.828246421,1.416732386,0.021949475,0.4,Modelled
Middle East,9.238995625,10.56832113,0.0383094,0.4,Modelled
Middle East,7.982336147,2.284755387,0.021372489,0.4,Modelled
Middle East,5.644370525,1.479253177,0.009646105,0.4,Modelled
Middle East,8.254129635,3.163188196,0.024692654,0.4,Modelled
Middle East,9.285198817,1.580518923,0.025500842,0.4,Modelled
Middle East,6.683123966,2.600780953,0.015104622,0.4,Modelled
Middle East,4.848881558,1.598825073,0.007472858,0.4,Modelled
Middle East,9.932479474,14.97248282,0.048291244,0.4,Modelled
Middle East,5.277584434,1.002883099,0.007242792,0.4,Modelled
Middle East,5.41680691,1.333617414,0.008697978,0.4,Modelled
Middle East,9.931268217,16.37018221,0.048590805,0.4,Modelled
Middle East,4.797669171,1.376526879,0.007124705,0.4,Modelled
Middle East,7.457076742,3.528880153,0.020112537,0.4,Modelled
Middle East,5.959926399,1.002883099,0.004576491,0.4,Modelled
Middle East,6.103083607,1.763240603,0.011647022,0.4,Modelled
Middle East,4.28294199,1.002883099,0.005332971,0.4,Modelled
Middle East,6.533671486,1.014498859,0.010938688,0.4,Modelled
Middle East,8.82140631,2.219916219,0.026261671,0.4,Modelled
Middle East,9.898362392,1.814741219,0.031154184,0.4,Modelled
Middle East,8.535819978,1.002883099,0.010230675,0.4,Modelled
Middle East,8.470631679,2.047990001,0.023392988,0.4,Modelled
Middle East,9.692747285,2.101748011,0.031610561,0.4,Modelled
Middle East,8.362689059,5.92506574,0.028297314,0.4,Modelled
Middle East,6.442342294,1.002883099,0.010472821,0.4,Modelled
Middle East,6.37100556,1.002883099,0.008014312,0.4,Modelled
Middle East,7.16849379,2.630904152,0.017569043,0.4,Modelled
Middle East,7.184549643,1.288331148,0.014318051,0.4,Modelled
Middle East,9.480218825,3.66345594,0.03558496,0.4,Modelled
Middle East,7.471219874,1.01742376,0.013780402,0.4,Modelled
Middle East,7.420552456,1.002883099,0.004685309,0.4,Modelled
Middle East,7.59822211,1.002883099,0.008904033,0.4,Modelled
Middle East,7.879962643,1.002883099,0.011440224,0.4,Modelled
Middle East,9.570646498,6.404004271,0.03999138,0.4,Modelled
Middle East,7.125014541,1.55345195,0.015152118,0.4,Modelled
Middle East,6.982777579,6.553210426,0.018638863,0.4,Modelled
Middle East,8.533391326,1.029207935,0.017376354,0.4,Modelled
Middle East,8.990248296,1.002883099,0.011857493,0.4,Modelled
Middle East,9.291430427,1.002883099,0.01852047,0.5,Modelled
Middle East,9.189215623,1.002883099,0.012759603,0.5,Modelled
Middle East,6.929134272,2.819113285,0.016476652,0.5,Modelled
Middle East,9.321493322,2.794869861,0.03174604,0.5,Modelled
Middle East,9.686182289,1.03813555,0.02145651,0.5,Modelled
Middle East,7.420818502,10.50764463,0.02209942,0.5,Modelled
Middle East,8.620261306,2.012917412,0.024139506,0.5,Modelled
Middle East,8.862356359,4.885648638,0.031630109,0.5,Modelled
Middle East,6.84428474,1.384475648,0.013504351,0.5,Modelled
Middle East,7.160076808,1.178332393,0.013750856,0.5,Modelled
Middle East,6.734897602,1.002883099,0.009304416,0.5,Modelled
Middle East,8.869213341,5.773515819,0.032674067,0.5,Modelled
Middle East,9.208470914,10.6907273,0.038013962,0.5,Modelled
Middle East,5.978244762,1.002883099,0.002969599,0.5,Modelled
Middle East,8.773902391,2.252102471,0.026140675,0.5,Modelled
Middle East,8.45787722,1.548986069,0.02111628,0.5,Modelled
Middle East,7.555533719,1.462316096,0.016508074,0.5,Modelled
Middle East,7.134860157,1.773422454,0.015825875,0.5,Modelled
Middle East,8.040554435,1.002883099,0.010743431,0.5,Modelled
Middle East,4.145709354,1.002883099,0.003345554,0.5,Modelled
Middle East,5.978630268,1.429021489,0.010558085,0.5,Modelled
Middle East,9.72408766,1.002883099,0.00269682,0.5,Modelled
Middle East,9.343187974,9.020670296,0.039213609,0.5,Modelled
Middle East,7.812698737,1.002883099,0.003439191,0.5,Modelled
Middle East,9.98257504,1.505027329,0.028673387,0.5,Modelled
Middle East,9.563620771,1.002883099,0.014109799,0.5,Modelled
Middle East,7.84549874,1.188553553,0.016265371,0.5,Modelled
Middle East,7.449875766,1.562422375,0.016465982,0.5,Modelled
Middle East,9.989897275,11.32435573,0.048160862,0.5,Modelled
Middle East,7.493003209,1.002883099,0.001201007,0.5,Modelled
Middle East,8.045083038,1.248170944,0.017432794,0.5,Modelled
Middle East,9.773853899,1.48779514,0.027453568,0.5,Modelled
Middle East,7.6583523,1.115608663,0.015056817,0.5,Modelled
Middle East,8.256352378,1.077725421,0.016874002,0.5,Modelled
Middle East,6.521752806,1.002883099,0.008253141,0.5,Modelled
Middle East,7.93487858,1.424913323,0.017979292,0.5,Modelled
Middle East,8.761785927,1.002883099,0.006739825,0.5,Modelled
Middle East,6.703214464,1.650267659,0.013638959,0.5,Modelled
Middle East,9.370253705,1.09650345,0.02108941,0.5,Modelled
Middle East,7.514531771,1.28462744,0.015589423,0.5,Modelled
Middle East,8.179958307,1.32596064,0.018455188,0.5,Modelled
Middle East,9.565336418,1.002883099,0.001501889,0.5,Modelled
Middle East,5.118893733,1.002883099,0.0042159,0.5,Modelled
Middle East,8.822119504,9.098917922,0.033712334,0.5,Modelled
Middle East,7.677609892,1.255378521,0.015976011,0.5,Modelled
Middle East,8.84280297,6.168755389,0.032715436,0.5,Modelled
Middle East,7.926230211,1.333617414,0.017430734,0.5,Modelled
Middle East,8.80840442,1.068457346,0.018721549,0.5,Modelled
Middle East,8.158209197,1.322148754,0.018417061,0.5,Modelled
Middle East,9.192546927,1.002883099,0.00989002,0.5,Modelled
Middle East,8.422711807,11.35700497,0.030410023,0.5,Modelled
Middle East,3.959692434,1.002883099,0.001721364,0.5,Modelled
Middle East,7.87868632,1.002883099,0.009658783,0.5,Modelled
Middle East,5.032897449,1.219752081,0.007474738,0.5,Modelled
Middle East,8.482410401,7.438200263,0.029787264,0.5,Modelled
Middle East,9.450896983,1.002883099,0.012992836,0.5,Modelled
Middle East,9.070738166,12.74313603,0.037206019,0.5,Modelled
Middle East,7.82005658,1.364689212,0.01724256,0.5,Modelled
Middle East,5.582879831,1.303253072,0.009137763,0.5,Modelled
Middle East,9.938075829,4.442852708,0.041660448,0.5,Modelled
Middle East,8.346742947,3.135985844,0.025516193,0.5,Modelled
Middle East,9.423082039,1.505027329,0.025626384,0.5,Modelled
Middle East,9.211330086,3.716571871,0.03332938,0.5,Modelled
Middle East,9.683544367,1.131783715,0.022758568,0.5,Modelled
Middle East,8.99450938,1.125285741,0.020096747,0.5,Modelled
Middle East,9.729271179,1.002883099,0.014255787,0.5,Modelled
Middle East,5.980644637,1.002883099,0.006548251,0.5,Modelled
Middle East,9.679979098,3.46844677,0.03674037,0.5,Modelled
Middle East,8.971544492,2.083673687,0.026798979,0.5,Modelled
Middle East,7.76761015,10.59879065,0.024640957,0.5,Modelled
Middle East,9.39789296,1.002883099,0.007118241,0.5,Modelled
Middle East,7.850744518,1.029207935,0.015102359,0.5,Modelled
Middle East,6.669487121,1.053187331,0.011533158,0.5,Modelled
Middle East,9.017027325,2.960518927,0.029897359,0.5,Modelled
Middle East,9.496592184,2.245628102,0.030831113,0.5,Modelled
Middle East,9.629668828,7.721860125,0.041758709,0.5,Modelled
Middle East,8.856135069,2.138368364,0.026141821,0.5,Modelled
Middle East,7.369501583,1.900289221,0.017162678,0.5,Modelled
Middle East,8.575345096,1.825220462,0.023098255,0.5,Modelled
Middle East,6.862111558,2.331266366,0.015550634,0.5,Modelled
Middle East,7.356703464,1.002883099,0.003913905,0.5,Modelled
Middle East,8.990844067,1.416732386,0.022736762,0.5,Modelled
Middle East,8.681910163,1.392470318,0.021139068,0.5,Modelled
Middle East,9.991259765,6.921656654,0.045431483,0.5,Modelled
Middle East,9.298116426,3.642422731,0.033880285,0.5,Modelled
Middle East,9.905746383,3.498532974,0.039182029,0.5,Modelled
Middle East,9.519797977,6.330680015,0.039789467,0.5,Modelled
Middle East,9.873000516,1.269918775,0.025434023,0.5,Modelled
Middle East,8.916672488,2.548892902,0.028073453,0.5,Modelled
Middle East,8.225771915,3.936849269,0.02563097,0.5,Modelled
Middle East,6.931598981,5.220107177,0.017935669,0.5,Modelled
Middle East,8.796620426,3.145027202,0.028814475,0.5,Modelled
Middle East,7.768371949,1.002883099,0.010073931,0.5,Modelled
Middle East,7.909222262,3.600717897,0.023068519,0.5,Modelled
Middle East,9.924960792,1.062322951,0.022667884,0.5,Modelled
Middle East,9.434715773,2.661376248,0.032264239,0.5,Modelled
Middle East,8.547193608,3.274377763,0.027079016,0.5,Modelled
Middle East,6.905607437,1.002883099,0.002592206,0.5,Modelled
Middle East,8.759434503,1.002883099,0.016234242,0.5,Modelled
Middle East,7.42504889,1.002883099,0.006897163,0.5,Modelled
Middle East,9.78910457,15.10235801,0.046265948,0.5,Modelled
Middle East,8.52861681,1.989870008,0.023661259,0.5,Modelled
Middle East,6.22847507,1.002883099,0.002443179,0.5,Modelled
Middle East,9.853422593,5.086588519,0.041682737,0.5,Modelled
Middle East,7.673165958,1.793962883,0.018333097,0.5,Modelled
Middle East,8.844775413,1.002883099,0.010242337,0.5,Modelled
Middle East,7.626652944,3.064584445,0.020527771,0.5,Modelled
Middle East,9.450427646,2.977614476,0.033418228,0.5,Modelled
Middle East,9.629685005,4.885648638,0.039412925,0.5,Modelled
Middle East,6.049319289,1.002883099,0.005169028,0.5,Modelled
Middle East,6.761936968,1.002883099,0.004254865,0.5,Modelled
Middle East,8.737012472,1.258997902,0.020330911,0.5,Modelled
Middle East,6.044946643,1.002883099,0.008205145,0.5,Modelled
Middle East,7.19592653,1.002883099,0.004629076,0.5,Modelled
Middle East,8.852018521,1.002883099,0.007697695,0.5,Modelled
Middle East,8.403524643,1.044130275,0.017107893,0.5,Modelled
Middle East,7.845693971,1.112401499,0.015722387,0.5,Modelled
Middle East,9.114410993,1.589645647,0.024758374,0.5,Modelled
Middle East,8.154793704,1.002883099,0.012952163,0.5,Modelled
Middle East,7.367166908,1.269918775,0.014907405,0.5,Modelled
Middle East,7.888738036,1.002883099,0.012457877,0.5,Modelled
Middle East,8.608107602,1.071537815,0.018061352,0.5,Modelled
Middle East,9.248440048,1.580518923,0.02529336,0.5,Modelled
Middle East,9.400551829,3.003443073,0.033076238,0.5,Modelled
Middle East,6.927665114,1.002883099,0.009162979,0.5,Modelled
Middle East,8.12081629,1.16484078,0.017095871,0.5,Modelled
Middle East,7.185609158,2.6233408,0.017633478,0.5,Modelled
Middle East,7.124950955,1.077725421,0.013069005,0.5,Modelled
Middle East,6.863237444,1.589645647,0.01420004,0.5,Modelled
Middle East,5.259913059,1.002883099,0.00586987,0.5,Modelled
Middle East,4.957779779,1.441417191,0.007619968,0.5,Modelled
Middle East,7.548602225,1.835760217,0.017820882,0.5,Modelled
Middle East,7.152694137,3.40904833,0.018312571,0.5,Modelled
Middle East,8.67269859,1.255378521,0.020055051,0.5,Modelled
Middle East,9.39814073,2.802927748,0.03241976,0.5,Modelled
Middle East,9.840462339,4.242842537,0.040413587,0.5,Modelled
Middle East,8.62974296,1.562422375,0.022042768,0.5,Modelled
Middle East,7.293147965,1.384475648,0.01520462,0.5,Modelled
Middle East,5.635564266,1.248170944,0.009176464,0.5,Modelled
Middle East,4.06108243,1.026249157,0.005022891,0.5,Modelled
Middle East,7.392392819,1.002883099,0.001374625,0.5,Modelled
Middle East,8.812346196,2.762869296,0.027820639,0.5,Modelled
Middle East,9.906753538,2.434145793,0.035227866,0.5,Modelled
Middle East,6.003860331,1.002883099,0.008096148,0.5,Modelled
Middle East,9.067048913,3.312302806,0.031177305,0.5,Modelled
Middle East,9.493552341,1.961431489,0.029504883,0.5,Modelled
Middle East,9.952560096,1.531250564,0.02874791,0.5,Modelled
Middle East,8.055708436,1.28462744,0.017625925,0.5,Modelled
Middle East,8.665854505,1.255378521,0.020048498,0.5,Modelled
Middle East,3.704146022,1.002883099,0.004102807,0.5,Modelled
Middle East,6.531835209,4.57261926,0.015549194,0.5,Modelled
Middle East,7.801602132,1.995607,0.019648779,0.5,Modelled
Middle East,7.853913238,2.399357842,0.020911962,0.5,Modelled
Middle East,9.226045583,5.115961079,0.035253814,0.5,Modelled
Middle East,8.093621435,1.380495543,0.018456435,0.5,Modelled
Middle East,9.023794369,1.922299067,0.026153184,0.5,Modelled
Middle East,7.49116863,7.744123014,0.022229533,0.5,Modelled
Middle East,9.749309707,12.41719513,0.045129125,0.5,Modelled
Middle East,9.797914952,2.245628102,0.033301199,0.5,Modelled
Middle East,6.453029886,1.889378982,0.013201786,0.5,Modelled
Middle East,9.521691485,1.458112214,0.025818085,0.5,Modelled
Middle East,5.914437484,1.002883099,0.005831415,0.5,Modelled
Middle East,8.252747855,4.170182282,0.025992913,0.5,Modelled
Middle East,5.737740603,1.002883099,0.004072702,0.5,Modelled
Middle East,9.411376292,2.578415114,0.031843299,0.5,Modelled
Middle East,7.06971651,1.106014805,0.013032649,0.5,Modelled
Middle East,8.824282705,3.003443073,0.028567209,0.5,Modelled
Middle East,9.290602,1.002883099,0.012252163,0.5,Modelled
Middle East,9.736347439,1.002883099,0.014873954,0.5,Modelled
Middle East,9.896830678,2.047990001,0.032771832,0.5,Modelled
Middle East,5.4518187,1.002883099,0.00238549,0.5,Modelled
Middle East,5.555366773,3.539054265,0.010789731,0.5,Modelled
Middle East,9.367847016,6.842405407,0.038380463,0.5,Modelled
Middle East,7.99299241,1.002883099,0.005630528,0.5,Modelled
Middle East,9.571837591,5.691002773,0.039605018,0.5,Modelled
Middle East,7.670992647,1.396484948,0.016770884,0.5,Modelled
Middle East,7.365033598,1.168199132,0.014406738,0.5,Modelled
Middle East,6.810815219,2.969054397,0.016077351,0.5,Modelled
Middle East,6.204720691,1.002883099,0.007333013,0.5,Modelled
Middle East,9.653255969,3.458475641,0.036668529,0.5,Modelled
Middle East,9.169541314,6.222264768,0.035841402,0.5,Modelled
Middle East,9.942131773,13.34385519,0.047953105,0.5,Modelled
Middle East,9.135530457,1.002883099,0.017130334,0.5,Modelled
Middle East,8.964069714,9.919713402,0.035282995,0.5,Modelled
Middle East,7.804425307,1.002883099,0.013282647,0.5,Modelled
Middle East,8.066535394,1.050159617,0.015996547,0.5,Modelled
Middle East,4.342392456,1.002883099,0.002910613,0.5,Modelled
Middle East,8.91871055,2.042102417,0.026215487,0.5,Modelled
Middle East,7.42488293,1.002883099,0.00718268,0.5,Modelled
Middle East,5.355673029,1.894826249,0.009209805,0.5,Modelled
Middle East,9.509117187,1.002883099,0.020201812,0.5,Modelled
Middle East,5.607125671,3.246219218,0.010892386,0.5,Modelled
Middle East,7.210628545,4.719744398,0.019317244,0.5,Modelled
Middle East,9.856833601,1.005774511,0.021472817,0.5,Modelled
Middle East,8.531879758,2.351488373,0.02491524,0.5,Modelled
Middle East,8.75706026,3.569752937,0.029089983,0.5,Modelled
Middle East,9.747708379,1.650267659,0.02867534,0.5,Modelled
Middle East,6.767861068,1.458112214,0.013437113,0.5,Modelled
Middle East,7.87808327,1.650267659,0.018804372,0.5,Modelled
Middle East,9.780733591,1.900289221,0.031012215,0.5,Modelled
Middle East,5.347430926,1.002883099,0.001451292,0.5,Modelled
Middle East,9.616614848,1.002883099,0.018739772,0.5,Modelled
Middle East,8.6636058,1.002883099,0.010144361,0.5,Modelled
Middle East,9.098366698,1.181729643,0.021107633,0.5,Modelled
Middle East,9.584471416,1.580518923,0.027191455,0.5,Modelled
Middle East,7.02881736,1.594228753,0.014822882,0.5,Modelled
Middle East,9.616088217,1.002883099,0.001100045,0.5,Modelled
Middle East,9.635083223,1.585075716,0.027559039,0.5,Modelled
Middle East,4.607102719,1.002883099,0.001729459,0.5,Modelled
Middle East,5.504060538,1.002883099,0.00372551,0.5,Modelled
Middle East,7.584063596,9.919713402,0.023274126,0.5,Modelled
Middle East,9.489456113,2.498040067,0.03199732,0.5,Modelled
Middle East,7.268521736,1.090208032,0.01362623,0.5,Modelled
Middle East,8.275240193,1.002883099,0.006749051,0.5,Modelled
Middle East,9.664065878,2.977614476,0.035304173,0.5,Modelled
Middle East,9.451027794,1.002883099,0.003671453,0.5,Modelled
Middle East,9.622857041,1.262627717,0.024198532,0.5,Modelled
Middle East,9.321925272,7.567801678,0.038313487,0.5,Modelled
Middle East,8.772841194,1.106014805,0.019014935,0.6,Modelled
Middle East,9.452403331,1.002883099,0.015639398,0.6,Modelled
Middle East,9.012890223,3.350667111,0.030990219,0.6,Modelled
Middle East,7.385811558,10.6907273,0.021802869,0.6,Modelled
Middle East,7.733593065,1.002883099,0.01309566,0.6,Modelled
Middle East,5.741685846,1.109203555,0.009092562,0.6,Modelled
Middle East,7.260846764,3.246219218,0.01876766,0.6,Modelled
Middle East,8.897865651,2.036231759,0.025945308,0.6,Modelled
Middle East,9.167477931,1.044130275,0.019687649,0.6,Modelled
Middle East,6.023026703,1.002883099,0.001897024,0.6,Modelled
Middle East,8.88094634,1.753117208,0.024488231,0.6,Modelled
Middle East,9.529724455,2.909818941,0.0339192,0.6,Modelled
Middle East,8.894876222,1.002883099,0.013638896,0.6,Modelled
Middle East,7.967285917,1.185136686,0.016708645,0.6,Modelled
Middle East,9.143720645,1.205786223,0.021488947,0.6,Modelled
Middle East,6.62666731,5.419178838,0.016252155,0.6,Modelled
Middle East,3.598449033,1.002883099,0.001512876,0.6,Modelled
Middle East,8.080926985,4.016992078,0.024537307,0.6,Modelled
Middle East,5.987794878,4.379357028,0.01282938,0.6,Modelled
Middle East,8.896544609,2.107807559,0.026422955,0.6,Modelled
Middle East,9.024196921,5.529497568,0.033980197,0.6,Modelled
Middle East,4.751125005,1.002883099,0.002776078,0.6,Modelled
Middle East,6.5492169,1.002883099,0.002695363,0.6,Modelled
Middle East,9.044582532,1.044130275,0.019297951,0.6,Modelled
Middle East,8.847640553,2.73123513,0.027981924,0.6,Modelled
Middle East,8.362266268,1.002883099,0.016192153,0.6,Modelled
Middle East,7.839732893,1.989870008,0.019723379,0.6,Modelled
Middle East,9.964584709,1.002883099,0.009556378,0.6,Modelled
Middle East,8.149779632,2.036231759,0.021629306,0.6,Modelled
Middle East,7.734905291,2.926621722,0.021062735,0.6,Modelled
Middle East,8.82313653,13.53732587,0.034792444,0.6,Modelled
Middle East,6.75516401,2.498040067,0.015336365,0.6,Modelled
Middle East,8.241524822,14.71607349,0.02914499,0.6,Modelled
Middle East,8.316664676,1.34906386,0.019170485,0.6,Modelled
Middle East,7.99808639,1.026249157,0.015531521,0.6,Modelled
Middle East,7.008205883,5.609668974,0.018432703,0.6,Modelled
Middle East,8.328002247,4.098766361,0.026675376,0.6,Modelled
Middle East,8.955468957,1.911262462,0.025764515,0.6,Modelled
Middle East,9.835777454,3.631951455,0.038650409,0.6,Modelled
Middle East,9.154729038,6.961625835,0.036125387,0.6,Modelled
Middle East,9.663566842,2.952007995,0.035341151,0.6,Modelled
Middle East,5.500286593,2.012917412,0.00981591,0.6,Modelled
Middle East,7.140486651,2.723383345,0.017493035,0.6,Modelled
Middle East,6.538519706,3.218302827,0.014885873,0.6,Modelled
Middle East,6.051328507,1.191980271,0.010238017,0.6,Modelled
Middle East,8.403659842,6.010972432,0.028525324,0.6,Modelled
Middle East,9.457247089,10.18009751,0.040689623,0.6,Modelled
Middle East,8.608355094,1.318347826,0.020264666,0.6,Modelled
Middle East,7.745874657,1.835760217,0.018762828,0.6,Modelled
Middle East,9.395448158,1.002883099,0.019532098,0.6,Modelled
Middle East,4.37426917,1.002883099,0.003609533,0.6,Modelled
Middle East,9.395761985,1.202319816,0.022574718,0.6,Modelled
Middle East,7.897950939,1.005774511,0.015009907,0.6,Modelled
Middle East,9.06909194,1.819973298,0.025967725,0.6,Modelled
Middle East,8.706749696,1.002883099,0.011114031,0.6,Modelled
Middle East,3.997232291,1.002883099,0.003109631,0.6,Modelled
Middle East,6.577359871,1.002883099,0.009597394,0.6,Modelled
Middle East,9.878720953,2.851765288,0.03685647,0.6,Modelled
Middle East,9.848954904,1.002883099,0.016458871,0.6,Modelled
Middle East,9.924523377,1.185136686,0.024517238,0.6,Modelled
Middle East,9.426940563,13.30549413,0.041287689,0.6,Modelled
Middle East,9.066415126,1.174944911,0.020828269,0.6,Modelled
Middle East,5.583064667,3.246219218,0.010795166,0.6,Modelled
Middle East,9.752292183,1.55345195,0.027915304,0.6,Modelled
Middle East,6.84314442,1.002883099,0.003203267,0.6,Modelled
Middle East,5.698489776,1.002883099,0.001047359,0.6,Modelled
Middle East,7.086035819,1.118825073,0.013195202,0.6,Modelled
Middle East,9.345595212,1.002883099,0.017619375,0.6,Modelled
Middle East,9.66206044,2.811008867,0.034677514,0.6,Modelled
Middle East,8.502090024,1.496386429,0.020964737,0.6,Modelled
Middle East,8.441186924,2.747006676,0.025324162,0.6,Modelled
Middle East,7.39491024,5.295792775,0.020735014,0.6,Modelled
Middle East,8.440597502,1.938973586,0.022835858,0.6,Modelled
Middle East,9.662954529,1.631372504,0.027992108,0.6,Modelled
Middle East,8.875401159,1.462316096,0.022608291,0.6,Modelled
Middle East,8.834484974,3.321852504,0.029504889,0.6,Modelled
Middle East,5.696523711,1.002883099,0.00381476,0.6,Modelled
Middle East,7.422207832,4.098766361,0.020261878,0.6,Modelled
Middle East,7.411467137,3.40904833,0.019713131,0.6,Modelled
Middle East,5.540047068,1.002883099,0.003278031,0.6,Modelled
Middle East,6.922797352,1.09650345,0.012523837,0.6,Modelled
Middle East,9.742048613,1.799135056,0.029962823,0.6,Modelled
Middle East,9.67494444,1.412659549,0.026176931,0.6,Modelled
Middle East,6.200883077,1.922299067,0.012219109,0.6,Modelled
Middle East,5.838026325,1.002883099,0.005364233,0.6,Modelled
Middle East,8.619294622,2.469438129,0.025642855,0.6,Modelled
Middle East,5.862260233,2.427148084,0.011472828,0.6,Modelled
Middle East,4.776801156,1.531250564,0.007206291,0.6,Modelled
Middle East,5.860609077,2.378724173,0.011406672,0.6,Modelled
Middle East,8.145437876,1.299506466,0.018175799,0.6,Modelled
Middle East,7.735930592,1.470760256,0.017387921,0.6,Modelled
Middle East,8.32211644,1.074627164,0.017082952,0.6,Modelled
Middle East,7.725076659,1.161492083,0.015606673,0.6,Modelled
Middle East,9.925668382,5.85722521,0.043853371,0.6,Modelled
Middle East,6.851383172,1.57597523,0.014073965,0.6,Modelled
Middle East,8.320848525,1.819973298,0.021715177,0.6,Modelled
Middle East,6.82688896,1.125285741,0.012375519,0.6,Modelled
Middle East,9.20836287,7.12382395,0.036674907,0.6,Modelled
Middle East,7.419159022,1.191980271,0.014687976,0.6,Modelled
Middle East,8.369478307,1.230332526,0.018583195,0.6,Modelled
Middle East,4.750269237,1.002883099,0.003027345,0.6,Modelled
Middle East,3.590033481,1.002883099,0.00264152,0.6,Modelled
Middle East,9.096657101,4.218482862,0.03319585,0.6,Modelled
Middle East,6.828357802,3.959582648,0.016743223,0.6,Modelled
Middle East,9.788459312,1.002883099,0.013089162,0.6,Modelled
Middle East,9.233120774,1.071537815,0.020345536,0.6,Modelled
Middle East,8.933466846,4.857598384,0.032241867,0.6,Modelled
Middle East,8.094216321,1.185136686,0.017177024,0.6,Modelled
Middle East,9.642979555,8.639410721,0.042667283,0.6,Modelled
Middle East,7.451937206,1.020357094,0.013727307,0.6,Modelled
Middle East,9.992128736,2.469438129,0.036121501,0.6,Modelled
Middle East,4.864601002,1.002883099,0.004395498,0.6,Modelled
Middle East,9.069996086,2.707747428,0.029744652,0.6,Modelled
Middle East,8.256154415,1.288331148,0.018590825,0.6,Modelled
Middle East,8.896097477,1.002883099,0.017741871,0.6,Modelled
Middle East,4.977486871,1.002883099,0.001337837,0.6,Modelled
Middle East,9.6049425,2.556241613,0.033350591,0.6,Modelled
Middle East,5.520160252,1.900289221,0.009782173,0.6,Modelled
Middle East,9.206190748,14.46405527,0.038858933,0.6,Modelled
Middle East,7.736820034,1.002883099,0.007338853,0.6,Modelled
Middle East,9.542178492,1.753117208,0.028298107,0.6,Modelled
Middle East,9.146761555,1.44974067,0.02383855,0.6,Modelled
Middle East,6.958560363,1.002883099,0.005137342,0.6,Modelled
Middle East,9.547952337,6.258195303,0.039665187,0.7,Modelled
Middle East,9.623678862,2.107807559,0.031124243,0.7,Modelled
Middle East,8.895895341,1.002883099,0.008864879,0.7,Modelled
Middle East,5.296090649,1.002883099,0.001170109,0.7,Modelled
Middle East,8.784331631,1.065385733,0.018659563,0.7,Modelled
Middle East,8.105399837,3.539054265,0.024231374,0.7,Modelled
Middle East,9.547915709,3.993929091,0.037043061,0.7,Modelled
Middle East,7.792132301,11.75621627,0.024870436,0.7,Modelled
Middle East,6.656097881,1.002883099,0.0078202,0.7,Modelled
Middle East,8.214676386,1.008674259,0.016072945,0.7,Modelled
Middle East,8.933212361,1.95017021,0.025849501,0.7,Modelled
Middle East,9.09599487,1.065385733,0.019692377,0.7,Modelled
Middle East,9.275443447,1.112401499,0.020921997,0.7,Modelled
Middle East,8.644481101,1.603434644,0.02231143,0.7,Modelled
Middle East,9.762633119,1.002883099,0.021125081,0.7,Modelled
Middle East,9.34067756,1.29577063,0.023262597,0.7,Modelled
Middle East,8.407994613,1.557930706,0.020886505,0.7,Modelled
Middle East,7.869525932,2.311218261,0.020811467,0.7,Modelled
Middle East,8.758649722,1.002883099,0.0166231,0.7,Modelled
Middle East,6.758261114,1.002883099,0.002441459,0.7,Modelled
Middle East,7.836749965,2.762869296,0.021352198,0.7,Modelled
Middle East,8.533672008,2.5933042,0.025627035,0.7,Modelled
Middle East,8.315286145,1.911262462,0.022126763,0.7,Modelled
Middle East,9.672363823,5.823596788,0.040573851,0.7,Modelled
Middle East,9.034876896,3.331429734,0.031089218,0.7,Modelled
Middle East,7.00738025,1.032175243,0.01244721,0.7,Modelled
Middle East,9.026906167,1.566926993,0.02413968,0.7,Modelled
Middle East,6.967436678,1.212749049,0.013238045,0.7,Modelled
Middle East,6.659561457,1.483518011,0.01306381,0.7,Modelled
Middle East,7.989125214,1.50070066,0.018610256,0.7,Modelled
Middle East,8.071768718,5.942148292,0.02592544,0.7,Modelled
Middle East,4.864237429,1.233879697,0.007088775,0.7,Modelled
Middle East,5.384667735,1.002883099,0.004575095,0.7,Modelled
Middle East,9.443686179,2.952007995,0.033447364,0.7,Modelled
Middle East,6.05831467,1.392470318,0.010785058,0.7,Modelled
Middle East,6.88551151,1.723094425,0.014592459,0.7,Modelled
Middle East,9.801555238,1.922299067,0.031176755,0.7,Modelled
Middle East,8.962036188,2.441163677,0.028120242,0.7,Modelled
Middle East,4.858470398,1.002883099,0.006383848,0.7,Modelled
Middle East,8.621704284,1.87313096,0.023541545,0.7,Modelled
Middle East,9.871448432,6.9017582,0.044233117,0.7,Modelled
Middle East,8.651910768,1.862376645,0.023789325,0.7,Modelled
Middle East,8.924910482,7.879054754,0.034241346,0.7,Modelled
Middle East,4.776181537,1.002883099,0.002303653,0.7,Modelled
Middle East,5.619363753,2.526973282,0.010641805,0.7,Modelled
Middle East,9.731806938,1.002883099,0.011447522,0.7,Modelled
Middle East,9.727317699,1.688717054,0.028902841,0.7,Modelled
Middle East,8.507801054,4.27964605,0.028171743,0.7,Modelled
Middle East,9.512234754,7.699661237,0.040295383,0.7,Modelled
Middle East,9.975632818,2.600780953,0.036296601,0.7,Modelled
Middle East,8.356744533,1.002883099,0.006130271,0.7,Modelled
Middle East,8.325399165,6.098124673,0.028054765,0.7,Modelled
Middle East,9.3551549,1.071537815,0.020757825,0.8,Modelled
Middle East,9.169007761,10.53793921,0.037775377,0.8,Modelled
Middle East,7.435165876,3.046989571,0.019556266,0.8,Modelled
Middle East,9.094484476,1.251769545,0.021793707,0.8,Modelled
Middle East,8.183996721,15.63322261,0.028699518,0.8,Modelled
Middle East,8.325003608,8.614574049,0.029024431,0.8,Modelled
Middle East,9.091432254,1.198863374,0.021199249,0.8,Modelled
Middle East,7.476194893,4.170182282,0.020642737,0.8,Modelled
Middle East,9.8318296,5.326373387,0.041692908,0.8,Modelled
Middle East,6.473958022,3.283818119,0.014618767,0.8,Modelled
Middle East,8.518744281,3.448533178,0.027202641,0.8,Modelled
Middle East,9.676796483,1.002883099,0.018594831,0.8,Modelled
Middle East,9.362367488,4.885648638,0.036351131,0.8,Modelled
Middle East,8.835862791,3.631951455,0.030068748,0.8,Modelled
Middle East,9.166952753,1.258997902,0.022157131,0.8,Modelled
Indonesia,8.658319841,1.008674259,0.001526413,0.1,Modelled
Indonesia,9.666326348,1.008674259,0.003294281,0.2,Modelled
Indonesia,8.43571733,1.005774511,0.001781125,0.2,Modelled
Indonesia,6.001985104,1.005774511,0.002486895,0.2,Modelled
Indonesia,8.492886381,1.005774511,0.008649742,0.2,Modelled
Indonesia,9.534728097,1.032175243,0.012378415,0.2,Modelled
Indonesia,8.83924182,1.005774511,0.004085892,0.2,Modelled
Indonesia,9.249485019,1.005774511,0.002550799,0.2,Modelled
Indonesia,8.808259222,1.005774511,0.008012982,0.2,Modelled
Indonesia,6.564641728,1.005774511,0.00252796,0.2,Modelled
Indonesia,9.361026142,1.005774511,0.006067761,0.2,Modelled
Indonesia,8.291191787,1.005774511,0.008177405,0.2,Modelled
Indonesia,9.543127039,1.44974067,0.013598629,0.2,Modelled
Indonesia,7.81340769,1.008674259,0.005047493,0.2,Modelled
Indonesia,9.459167151,1.002883099,0.006103698,0.2,Modelled
Indonesia,9.956335782,1.322148754,0.0147872,0.2,Modelled
Indonesia,7.109611653,1.005774511,0.002484628,0.2,Modelled
Indonesia,9.866078192,1.008674259,0.009428953,0.2,Modelled
Indonesia,5.414590677,1.002883099,0.002228332,0.2,Modelled
Indonesia,6.523936816,1.002883099,0.004494968,0.2,Modelled
Indonesia,8.311505502,1.002883099,0.004733964,0.2,Modelled
Indonesia,9.217510853,1.005774511,0.003234699,0.2,Modelled
Indonesia,8.314924768,1.002883099,0.003080288,0.2,Modelled
Indonesia,6.711109772,1.005774511,0.004384056,0.2,Modelled
Indonesia,9.868785468,1.168199132,0.013948123,0.2,Modelled
Indonesia,7.126326561,1.002883099,0.001435483,0.2,Modelled
Indonesia,8.917897589,1.109203555,0.010821041,0.2,Modelled
Indonesia,9.222547823,1.008674259,0.00669485,0.2,Modelled
Indonesia,9.662465491,1.005774511,0.010062159,0.2,Modelled
Indonesia,8.766527817,1.002883099,0.007004417,0.2,Modelled
Indonesia,6.529763166,1.005774511,0.001507228,0.2,Modelled
Indonesia,7.114878832,1.161492083,0.006540592,0.2,Modelled
Indonesia,9.93484341,1.310778721,0.014678992,0.2,Modelled
Indonesia,9.104481976,1.002883099,0.004103911,0.2,Modelled
Indonesia,9.015845403,1.008674259,0.009359901,0.2,Modelled
Indonesia,5.191890966,1.002883099,0.00266917,0.2,Modelled
Indonesia,9.32045651,1.005774511,0.009187692,0.2,Modelled
Indonesia,6.155705958,1.005774511,0.003890979,0.2,Modelled
Indonesia,5.725572297,1.002883099,0.00403281,0.2,Modelled
Indonesia,9.540646686,1.002883099,0.011064188,0.2,Modelled
Indonesia,8.092016044,1.005774511,0.00104032,0.2,Modelled
Indonesia,7.441147075,1.005774511,0.006317537,0.2,Modelled
Indonesia,7.650426885,1.535665311,0.00807674,0.2,Modelled
Indonesia,9.736891566,1.50070066,0.01438096,0.2,Modelled
Indonesia,5.808433025,1.002883099,0.002585209,0.2,Modelled
Indonesia,9.659026416,1.005774511,0.008664087,0.2,Modelled
Indonesia,5.837183006,1.002883099,0.002470472,0.2,Modelled
Indonesia,6.421222295,1.005774511,0.002127437,0.2,Modelled
Indonesia,8.262894165,1.005774511,0.005489677,0.2,Modelled
Indonesia,8.832759784,1.002883099,0.002122608,0.2,Modelled
Indonesia,9.43910068,1.008674259,0.003973557,0.2,Modelled
Indonesia,8.903553201,1.005774511,0.004804865,0.2,Modelled
Indonesia,8.738444313,1.002883099,0.008885404,0.2,Modelled
Indonesia,8.030851904,1.002883099,0.003705524,0.2,Modelled
Indonesia,7.908796973,1.364689212,0.008580708,0.2,Modelled
Indonesia,6.905635789,1.005774511,0.003993681,0.2,Modelled
Indonesia,8.280474628,1.002883099,0.005332734,0.2,Modelled
Indonesia,5.908304739,1.002883099,0.001904118,0.2,Modelled
Indonesia,8.839372918,1.005774511,0.009961591,0.2,Modelled
Indonesia,5.745401145,1.005774511,0.00396508,0.2,Modelled
Indonesia,6.522220392,1.002883099,0.002135513,0.2,Modelled
Indonesia,9.225448441,1.008674259,0.003640674,0.2,Modelled
Indonesia,9.783739408,1.005774511,0.010763301,0.2,Modelled
Indonesia,8.780157665,1.470760256,0.011027425,0.2,Modelled
Indonesia,8.099004489,1.008674259,0.005866455,0.2,Modelled
Indonesia,9.073133618,1.005774511,0.001294733,0.3,Modelled
Indonesia,9.849098195,1.002883099,0.012169219,0.3,Modelled
Indonesia,8.222919743,1.002883099,0.006527895,0.3,Modelled
Indonesia,7.800316356,1.002883099,0.003994226,0.3,Modelled
Indonesia,9.566662628,1.50070066,0.01375365,0.3,Modelled
Indonesia,9.391485858,1.002883099,0.004942886,0.3,Modelled
Indonesia,9.22323243,1.008674259,0.002069755,0.3,Modelled
Indonesia,7.743762803,1.011582367,0.002581095,0.3,Modelled
Indonesia,6.418088215,1.002883099,0.001110492,0.3,Modelled
Indonesia,8.815791184,1.008674259,0.010237511,0.3,Modelled
Indonesia,8.181050871,1.008674259,0.006071713,0.3,Modelled
Indonesia,9.308364286,1.068457346,0.011790398,0.3,Modelled
Indonesia,9.634349243,1.008674259,0.004430573,0.3,Modelled
Indonesia,9.396469319,1.40859842,0.012893413,0.3,Modelled
Indonesia,8.344023583,1.002883099,0.001864514,0.3,Modelled
Indonesia,7.535102654,1.005774511,0.0041259,0.3,Modelled
Indonesia,6.748000162,1.005774511,0.002158886,0.3,Modelled
Indonesia,6.063892084,1.005774511,0.003604958,0.3,Modelled
Indonesia,8.035813702,1.002883099,0.007502219,0.3,Modelled
Indonesia,7.856114095,1.005774511,0.007390792,0.3,Modelled
Indonesia,9.913363658,1.008674259,0.009304732,0.3,Modelled
Indonesia,7.67940809,1.005774511,0.006363341,0.3,Modelled
Indonesia,9.182725083,1.005774511,0.002900327,0.3,Modelled
Indonesia,6.026411064,1.002883099,0.003192166,0.3,Modelled
Indonesia,8.800137252,1.002883099,0.007516939,0.3,Modelled
Indonesia,7.695542421,1.002883099,0.007548593,0.3,Modelled
Indonesia,5.377983078,1.002883099,0.001945908,0.3,Modelled
Indonesia,8.880797501,1.008674259,0.009064454,0.3,Modelled
Indonesia,7.21095158,1.195416868,0.00676741,0.3,Modelled
Indonesia,8.150058311,1.174944911,0.008899363,0.3,Modelled
Indonesia,9.712872001,1.008674259,0.002975258,0.3,Modelled
Indonesia,8.582260004,1.002883099,0.009149451,0.3,Modelled
Indonesia,9.005414633,1.005774511,0.001403554,0.3,Modelled
Indonesia,8.455736669,1.002883099,0.002381734,0.3,Modelled
Indonesia,8.208637718,1.008674259,0.004354745,0.3,Modelled
Indonesia,8.531471127,1.008674259,0.009423904,0.3,Modelled
Indonesia,8.442461631,1.429021489,0.010072631,0.3,Modelled
Indonesia,8.157365579,1.008674259,0.00825311,0.3,Modelled
Indonesia,9.285906353,1.047140607,0.011673917,0.3,Modelled
Indonesia,9.03909097,1.005774511,0.002054838,0.3,Modelled
Indonesia,7.927000542,1.002883099,0.00138201,0.3,Modelled
Indonesia,7.97712874,1.154823542,0.008461071,0.3,Modelled
Indonesia,8.344602616,1.531250564,0.009841035,0.3,Modelled
Indonesia,8.213138589,1.008674259,0.006379622,0.3,Modelled
Indonesia,9.206689763,1.002883099,0.002506054,0.3,Modelled
Indonesia,8.057662098,1.002883099,0.006150678,0.3,Modelled
Indonesia,7.041289661,1.002883099,0.0046562,0.3,Modelled
Indonesia,7.914764916,1.008674259,0.005293266,0.3,Modelled
Indonesia,9.261654203,1.008674259,0.007481785,0.3,Modelled
Indonesia,7.76034889,1.008674259,0.001632369,0.3,Modelled
Indonesia,9.803350281,1.035151107,0.013252421,0.3,Modelled
Indonesia,7.718987312,1.011582367,0.002274179,0.3,Modelled
Indonesia,7.536113278,1.005774511,0.002825014,0.3,Modelled
Indonesia,5.887655318,1.005774511,0.002547334,0.3,Modelled
Indonesia,7.066511573,1.005774511,0.005002018,0.3,Modelled
Indonesia,8.016547877,1.008674259,0.006135748,0.3,Modelled
Indonesia,7.549917451,1.002883099,0.006035433,0.3,Modelled
Indonesia,8.878521268,1.198863374,0.010939741,0.3,Modelled
Indonesia,8.621490788,1.005774511,0.002486603,0.3,Modelled
Indonesia,8.067048539,1.005774511,0.004966789,0.3,Modelled
Indonesia,8.97389036,1.005774511,0.003081394,0.3,Modelled
Indonesia,9.110571913,1.005774511,0.010794197,0.3,Modelled
Indonesia,7.87445016,1.002883099,0.004647405,0.3,Modelled
Indonesia,9.955072475,1.008674259,0.005345358,0.3,Modelled
Indonesia,6.104260223,1.002883099,0.002802279,0.3,Modelled
Indonesia,9.580292007,1.002883099,0.008936796,0.3,Modelled
Indonesia,9.214924276,1.005774511,0.002781424,0.3,Modelled
Indonesia,6.977458856,1.002883099,0.005541668,0.3,Modelled
Indonesia,9.768927251,1.115608663,0.013476068,0.3,Modelled
Indonesia,6.725276448,1.002883099,0.004551969,0.3,Modelled
Indonesia,6.690108253,1.005774511,0.005325448,0.3,Modelled
Indonesia,9.866583354,1.008674259,0.001864769,0.3,Modelled
Indonesia,9.54435751,1.005774511,0.008843886,0.3,Modelled
Indonesia,8.017803285,1.008674259,0.00507877,0.3,Modelled
Indonesia,8.381785095,1.008674259,0.001383609,0.3,Modelled
Indonesia,9.562287124,1.396484948,0.01351394,0.3,Modelled
Indonesia,6.172142063,1.005774511,0.004009169,0.3,Modelled
Indonesia,9.694431079,1.002883099,0.002581176,0.3,Modelled
Indonesia,6.841193689,1.002883099,0.001244774,0.3,Modelled
Indonesia,8.970559759,1.005774511,0.005445759,0.3,Modelled
Indonesia,7.194338363,1.005774511,0.006512137,0.3,Modelled
Indonesia,7.755968021,1.005774511,0.001146603,0.3,Modelled
Indonesia,9.051716257,1.008674259,0.010417299,0.3,Modelled
Indonesia,7.552811892,1.002883099,0.004617594,0.3,Modelled
Indonesia,7.16609948,1.002883099,0.005019155,0.3,Modelled
Indonesia,9.618464762,1.002883099,0.007446068,0.3,Modelled
Indonesia,8.06423702,1.005774511,0.001661731,0.3,Modelled
Indonesia,9.861819499,1.005774511,0.010457149,0.3,Modelled
Indonesia,7.350774668,1.005774511,0.002236706,0.3,Modelled
Indonesia,7.988130814,1.005774511,0.003879401,0.3,Modelled
Indonesia,9.898737522,1.005774511,0.009922379,0.3,Modelled
Indonesia,8.139700835,1.002883099,0.002624058,0.3,Modelled
Indonesia,6.452935234,1.002883099,0.002586141,0.3,Modelled
Indonesia,8.866391739,1.002883099,0.007819396,0.3,Modelled
Indonesia,9.185957362,1.008674259,0.00221893,0.3,Modelled
Indonesia,9.550106519,1.005774511,0.011156768,0.3,Modelled
Indonesia,9.554598046,1.008674259,0.003712926,0.3,Modelled
Indonesia,8.183722059,1.008674259,0.006696919,0.3,Modelled
Indonesia,9.428569691,1.002883099,0.007070191,0.3,Modelled
Indonesia,9.293483683,1.008674259,0.004343803,0.3,Modelled
Indonesia,9.139199296,1.002883099,0.007461922,0.3,Modelled
Indonesia,9.661350425,1.005774511,0.010796362,0.3,Modelled
Indonesia,8.736357112,1.002883099,0.006196707,0.3,Modelled
Indonesia,9.739296352,1.005774511,0.005805824,0.3,Modelled
Indonesia,6.503233183,1.002883099,0.003445141,0.3,Modelled
Indonesia,8.84626374,1.008674259,0.003557457,0.3,Modelled
Indonesia,5.617751866,1.002883099,0.002693603,0.3,Modelled
Indonesia,7.041212853,1.002883099,0.004425436,0.3,Modelled
Indonesia,6.802656121,1.002883099,0.004317963,0.3,Modelled
Indonesia,6.006085207,1.014498859,0.001245145,0.3,Modelled
Indonesia,9.694243773,1.002883099,0.004564687,0.3,Modelled
Indonesia,9.914238654,1.008674259,0.008154364,0.3,Modelled
Indonesia,7.167888487,1.002883099,0.001168578,0.3,Modelled
Indonesia,9.540975596,1.002883099,0.010009774,0.3,Modelled
Indonesia,7.927970905,1.002883099,0.006335414,0.3,Modelled
Indonesia,9.703003444,1.005774511,0.011757244,0.3,Modelled
Indonesia,9.479459598,1.008674259,0.008228467,0.3,Modelled
Indonesia,8.929285565,1.226795553,0.011059403,0.3,Modelled
Indonesia,6.248965752,1.002883099,0.002379278,0.3,Modelled
Indonesia,9.768452421,1.002883099,0.012287068,0.3,Modelled
Indonesia,8.128923731,1.008674259,0.00692494,0.3,Modelled
Indonesia,9.219808353,1.109203555,0.011689644,0.3,Modelled
Indonesia,8.268889336,1.008674259,0.004255344,0.3,Modelled
Indonesia,8.299212895,1.48779514,0.009711078,0.3,Modelled
Indonesia,8.737980592,1.002883099,0.009596887,0.3,Modelled
Indonesia,6.144511795,1.005774511,0.004239947,0.3,Modelled
Indonesia,9.978681693,1.077725421,0.013921417,0.3,Modelled
Indonesia,9.778380437,1.005774511,0.011908524,0.3,Modelled
Indonesia,9.772417485,1.002883099,0.012492218,0.3,Modelled
Indonesia,9.389253856,1.002883099,0.008361694,0.3,Modelled
Indonesia,8.114238092,1.002883099,0.001327199,0.3,Modelled
Indonesia,5.925095095,1.002883099,0.001267436,0.3,Modelled
Indonesia,9.776212235,1.002883099,0.007728752,0.3,Modelled
Indonesia,8.628566962,1.109203555,0.01005169,0.3,Modelled
Indonesia,6.267571527,1.002883099,0.003440287,0.3,Modelled
Indonesia,7.170843475,1.005774511,0.002303835,0.3,Modelled
Indonesia,7.391256602,1.005774511,0.001915131,0.3,Modelled
Indonesia,5.517156395,1.011582367,0.002363999,0.3,Modelled
Indonesia,8.446112383,1.008674259,0.004320676,0.3,Modelled
Indonesia,5.909873386,1.002883099,0.004053812,0.3,Modelled
Indonesia,6.158050801,1.005774511,0.001078657,0.3,Modelled
Indonesia,6.168301012,1.002883099,0.001076056,0.3,Modelled
Indonesia,7.820144635,1.011582367,0.00291964,0.3,Modelled
Indonesia,8.087697504,1.303253072,0.008944794,0.3,Modelled
Indonesia,9.284613518,1.005774511,0.005121032,0.3,Modelled
Indonesia,9.13865592,1.002883099,0.007108573,0.3,Modelled
Indonesia,9.586964101,1.005774511,0.001919247,0.3,Modelled
Indonesia,8.033883314,1.002883099,0.002618974,0.3,Modelled
Indonesia,8.560718126,1.008674259,0.007656509,0.3,Modelled
Indonesia,7.456577655,1.002883099,0.00138001,0.3,Modelled
Indonesia,9.045099998,1.005774511,0.004774579,0.3,Modelled
Indonesia,8.707847219,1.002883099,0.001110645,0.3,Modelled
Indonesia,9.689272137,1.002883099,0.007938712,0.3,Modelled
Indonesia,5.590785433,1.002883099,0.003361534,0.3,Modelled
Indonesia,8.758521451,1.388467229,0.010865657,0.3,Modelled
Indonesia,7.620759389,1.011582367,0.005091406,0.3,Modelled
Indonesia,6.708428832,1.005774511,0.001369932,0.3,Modelled
Indonesia,8.313662583,1.002883099,0.002915638,0.3,Modelled
Indonesia,5.961111178,1.014498859,0.002449568,0.3,Modelled
Indonesia,8.251326597,1.002883099,0.004260889,0.3,Modelled
Indonesia,8.428468628,1.002883099,0.004495925,0.3,Modelled
Indonesia,6.031993321,1.005774511,0.004423288,0.3,Modelled
Indonesia,9.689199275,1.002883099,0.00958626,0.3,Modelled
Indonesia,8.772150173,1.002883099,0.009975221,0.3,Modelled
Indonesia,9.636242539,1.55345195,0.014028487,0.3,Modelled
Indonesia,8.295815013,1.178332393,0.009259742,0.3,Modelled
Indonesia,6.219843041,1.005774511,0.004592527,0.3,Modelled
Indonesia,8.463154803,1.005774511,0.003369417,0.3,Modelled
Indonesia,9.63686673,1.168199132,0.013192354,0.3,Modelled
Indonesia,7.409811782,1.002883099,0.006865889,0.3,Modelled
Indonesia,9.991825318,1.008674259,0.011523746,0.3,Modelled
Indonesia,5.323392782,1.005774511,0.001711785,0.3,Modelled
Indonesia,6.841520538,1.002883099,0.001988319,0.3,Modelled
Indonesia,8.748634844,1.008674259,0.002852123,0.3,Modelled
Indonesia,9.588886057,1.008674259,0.009925198,0.3,Modelled
Indonesia,6.710304945,1.005774511,0.003517654,0.3,Modelled
Indonesia,5.294617257,1.002883099,0.001448696,0.3,Modelled
Indonesia,7.684250577,1.008674259,0.006808642,0.3,Modelled
Indonesia,8.212943853,1.209262625,0.009114155,0.3,Modelled
Indonesia,9.596356501,1.008674259,0.004238071,0.3,Modelled
Indonesia,9.119006042,1.008674259,0.003401668,0.3,Modelled
Indonesia,9.891800997,1.002883099,0.008339507,0.3,Modelled
Indonesia,9.247939597,1.005774511,0.009115682,0.3,Modelled
Indonesia,5.541503369,1.002883099,0.002138186,0.3,Modelled
Indonesia,7.435646777,1.002883099,0.005671163,0.3,Modelled
Indonesia,9.810312776,1.002883099,0.001334192,0.3,Modelled
Indonesia,9.620928409,1.005774511,0.001332849,0.3,Modelled
Indonesia,9.666999269,1.008674259,0.002571505,0.3,Modelled
Indonesia,7.296015795,1.002883099,0.004049391,0.3,Modelled
Indonesia,8.972489101,1.005774511,0.006689035,0.3,Modelled
Indonesia,9.62137085,1.005774511,0.001914201,0.3,Modelled
Indonesia,7.827437647,1.005774511,0.002220196,0.3,Modelled
Indonesia,8.428740939,1.002883099,0.005709202,0.3,Modelled
Indonesia,9.246903911,1.002883099,0.009740588,0.3,Modelled
Indonesia,6.17577813,1.005774511,0.001258618,0.3,Modelled
Indonesia,9.397587368,1.005774511,0.009298867,0.3,Modelled
Indonesia,8.595014419,1.008674259,0.006637747,0.3,Modelled
Indonesia,9.180050207,1.053187331,0.011439291,0.3,Modelled
Indonesia,9.788643429,1.071537815,0.013320968,0.3,Modelled
Indonesia,6.546505555,1.005774511,0.002694879,0.3,Modelled
Indonesia,9.702982196,1.005774511,0.011181305,0.3,Modelled
Indonesia,9.894651296,1.002883099,0.010381511,0.3,Modelled
Indonesia,9.521849042,1.288331148,0.013171664,0.3,Modelled
Indonesia,8.237241926,1.008674259,0.002521863,0.3,Modelled
Indonesia,5.898430175,1.005774511,0.004188493,0.3,Modelled
Indonesia,9.889645892,1.002883099,0.001656319,0.3,Modelled
Indonesia,7.802388169,1.005774511,0.004831451,0.3,Modelled
Indonesia,5.921765523,1.008674259,0.002946498,0.3,Modelled
Indonesia,9.792305889,1.008674259,0.003622958,0.3,Modelled
Indonesia,6.435631312,1.002883099,0.003522846,0.3,Modelled
Indonesia,8.83823124,1.368623747,0.011097382,0.3,Modelled
Indonesia,6.280100839,1.002883099,0.001608725,0.3,Modelled
Indonesia,8.558670269,1.005774511,0.002816267,0.3,Modelled
Indonesia,9.819285041,1.005774511,0.001022939,0.3,Modelled
Indonesia,7.370310668,1.005774511,0.001547391,0.3,Modelled
Indonesia,5.726011706,1.002883099,0.003508949,0.3,Modelled
Indonesia,7.305484891,1.005774511,0.002905949,0.3,Modelled
Indonesia,9.39648259,1.005774511,0.009081124,0.3,Modelled
Indonesia,9.406400263,1.008674259,0.006498456,0.3,Modelled
Indonesia,8.178707008,1.258997902,0.009078151,0.3,Modelled
Indonesia,8.403205623,1.002883099,0.002254671,0.3,Modelled
Indonesia,7.982315447,1.002883099,0.006513058,0.3,Modelled
Indonesia,7.596889155,1.002883099,0.007359071,0.3,Modelled
Indonesia,9.445806092,1.522459107,0.013305876,0.3,Modelled
Indonesia,8.019972603,1.008674259,0.007113727,0.3,Modelled
Indonesia,8.912957645,1.360765989,0.011322389,0.3,Modelled
Indonesia,9.699530041,1.005774511,0.011934731,0.3,Modelled
Indonesia,7.345558959,1.002883099,0.004995448,0.3,Modelled
Indonesia,9.960289867,1.144892449,0.014210478,0.4,Modelled
Indonesia,8.246291849,1.40859842,0.009426655,0.4,Modelled
Indonesia,8.966438793,1.002883099,0.005850794,0.4,Modelled
Indonesia,8.863264909,1.002883099,0.002239681,0.4,Modelled
Indonesia,9.512281443,1.005774511,0.006877277,0.4,Modelled
Indonesia,5.218141563,1.005774511,0.001077638,0.4,Modelled
Indonesia,8.852423099,1.002883099,0.010376716,0.4,Modelled
Indonesia,9.283282783,1.002883099,0.006354757,0.4,Modelled
Indonesia,8.492841806,1.005774511,0.004460249,0.4,Modelled
Indonesia,9.0652435,1.002883099,0.007004146,0.4,Modelled
Indonesia,9.201491885,1.34906386,0.012223578,0.4,Modelled
Indonesia,8.914013293,1.008674259,0.001590244,0.4,Modelled
Indonesia,8.06875722,1.005774511,0.004112824,0.4,Modelled
Indonesia,9.3131742,1.01742376,0.011672736,0.4,Modelled
Indonesia,7.882513348,1.005774511,0.003336176,0.4,Modelled
Indonesia,5.194512175,1.011582367,0.002737576,0.4,Modelled
Indonesia,8.2066046,1.005774511,0.00121624,0.4,Modelled
Indonesia,7.96892627,1.008674259,0.00182645,0.4,Modelled
Indonesia,7.515186058,1.479253177,0.007704686,0.4,Modelled
Indonesia,6.540553818,1.002883099,0.001390044,0.4,Modelled
Indonesia,9.459102781,1.50070066,0.013393896,0.4,Modelled
Indonesia,7.181214424,1.050159617,0.006611316,0.4,Modelled
Indonesia,7.64865375,1.002883099,0.002970904,0.4,Modelled
Indonesia,6.092427313,1.002883099,0.003373962,0.4,Modelled
Indonesia,6.797765945,1.002883099,0.004162211,0.4,Modelled
Indonesia,9.140854724,1.002883099,0.002748131,0.4,Modelled
Indonesia,9.010741239,1.005774511,0.001752647,0.4,Modelled
Indonesia,9.814894715,1.002883099,0.011158488,0.4,Modelled
Indonesia,7.936816345,1.01742376,0.005403443,0.4,Modelled
Indonesia,9.010939192,1.005774511,0.004465518,0.4,Modelled
Indonesia,8.092604511,1.005774511,0.003831238,0.4,Modelled
Indonesia,9.512749055,1.008674259,0.009151875,0.4,Modelled
Indonesia,8.564172618,1.008674259,0.006164452,0.4,Modelled
Indonesia,9.548556549,1.005774511,0.004510532,0.4,Modelled
Indonesia,8.536808712,1.138319213,0.00988513,0.4,Modelled
Indonesia,7.700968017,1.014498859,0.002275439,0.4,Modelled
Indonesia,9.330471674,1.008674259,0.008706475,0.4,Modelled
Indonesia,8.472027427,1.008674259,0.004742737,0.4,Modelled
Indonesia,9.806705216,1.50070066,0.014653182,0.4,Modelled
Indonesia,9.319850291,1.005774511,0.004168288,0.4,Modelled
Indonesia,8.657533764,1.008674259,0.008507882,0.4,Modelled
Indonesia,8.431855862,1.002883099,0.001555213,0.4,Modelled
Indonesia,9.989627336,1.008674259,0.002893837,0.4,Modelled
Indonesia,8.51603757,1.002883099,0.00495262,0.4,Modelled
Indonesia,9.860701413,1.005774511,0.012086359,0.4,Modelled
Indonesia,8.884215943,1.008674259,0.002231038,0.4,Modelled
Indonesia,7.611378881,1.008674259,0.002324976,0.4,Modelled
Indonesia,6.624870287,1.30701048,0.005724642,0.4,Modelled
Indonesia,9.742242382,1.005774511,0.003200072,0.4,Modelled
Indonesia,8.847476173,1.008674259,0.007348894,0.4,Modelled
Indonesia,7.274632611,1.002883099,0.001626323,0.4,Modelled
Indonesia,9.134010585,1.002883099,0.001953642,0.4,Modelled
Indonesia,9.674236518,1.008674259,0.001627696,0.4,Modelled
Indonesia,7.951353029,1.002883099,0.003168998,0.4,Modelled
Indonesia,6.473828751,1.005774511,0.001221497,0.4,Modelled
Indonesia,5.737753139,1.002883099,0.004087842,0.4,Modelled
Indonesia,7.040255873,1.002883099,0.004738866,0.4,Modelled
Indonesia,9.650157167,1.002883099,0.008862632,0.4,Modelled
Indonesia,7.769644582,1.011582367,0.006962206,0.4,Modelled
Indonesia,7.980840056,1.002883099,0.002040349,0.4,Modelled
Indonesia,8.598158616,1.008674259,0.002908056,0.4,Modelled
Indonesia,8.664685957,1.372569625,0.01060669,0.4,Modelled
Indonesia,8.443731091,1.008674259,0.005543281,0.4,Modelled
Indonesia,9.185479998,1.458112214,0.012282723,0.4,Modelled
Indonesia,9.018982238,1.008674259,0.004903078,0.4,Modelled
Indonesia,8.818658138,1.044130275,0.010412957,0.4,Modelled
Indonesia,9.448985164,1.029207935,0.012122676,0.4,Modelled
Indonesia,9.522542542,1.106014805,0.01263442,0.4,Modelled
Indonesia,8.42709722,1.002883099,0.002487348,0.4,Modelled
Indonesia,7.661904092,1.008674259,0.004609139,0.4,Modelled
Indonesia,8.229292972,1.002883099,0.006379098,0.4,Modelled
Indonesia,7.529708868,1.002883099,0.007160303,0.4,Modelled
Indonesia,8.1114245,1.002883099,0.003455475,0.4,Modelled
Indonesia,7.851295974,1.002883099,0.00677595,0.4,Modelled
Indonesia,8.179179853,1.005774511,0.005674049,0.4,Modelled
Indonesia,8.736518664,1.002883099,0.00558975,0.4,Modelled
Indonesia,5.858858375,1.005774511,0.00134792,0.4,Modelled
Indonesia,6.859961705,1.002883099,0.00156373,0.4,Modelled
Indonesia,7.413403471,1.002883099,0.006330855,0.4,Modelled
Indonesia,6.654667624,1.005774511,0.003001469,0.4,Modelled
Indonesia,7.783815626,1.008674259,0.001085418,0.4,Modelled
Indonesia,9.189851511,1.008674259,0.008586259,0.4,Modelled
Indonesia,9.034135464,1.002883099,0.01041248,0.4,Modelled
Indonesia,8.785335927,1.008674259,0.002003355,0.4,Modelled
Indonesia,8.84261047,1.005774511,0.008425272,0.4,Modelled
Indonesia,8.523710972,1.005774511,0.00314833,0.4,Modelled
Indonesia,6.48647381,1.002883099,0.002182606,0.4,Modelled
Indonesia,9.826965761,1.068457346,0.013421346,0.4,Modelled
Indonesia,9.739252464,1.005774511,0.012516809,0.4,Modelled
Indonesia,6.726091296,1.002883099,0.004209564,0.4,Modelled
Indonesia,8.72996809,1.248170944,0.010613643,0.4,Modelled
Indonesia,6.40682566,1.005774511,0.001451577,0.4,Modelled
Indonesia,6.250197801,1.002883099,0.001252288,0.4,Modelled
Indonesia,8.528620029,1.005774511,0.002042786,0.4,Modelled
Indonesia,6.704755526,1.002883099,0.005185472,0.4,Modelled
Indonesia,8.713930965,1.005774511,0.003945511,0.4,Modelled
Indonesia,5.712371427,1.002883099,0.003518414,0.4,Modelled
Indonesia,5.322673017,1.005774511,0.002607563,0.4,Modelled
Indonesia,7.754716827,1.005774511,0.001569986,0.4,Modelled
Indonesia,9.989955902,1.008674259,0.011530528,0.4,Modelled
Indonesia,7.728996123,1.005774511,0.001495722,0.4,Modelled
Indonesia,5.135867291,1.002883099,0.001362846,0.4,Modelled
Indonesia,9.432163152,1.005774511,0.005055071,0.4,Modelled
Indonesia,5.556003209,1.011582367,0.001222511,0.4,Modelled
Indonesia,9.783454414,1.005774511,0.011095069,0.4,Modelled
Indonesia,5.77887658,1.008674259,0.001955771,0.4,Modelled
Indonesia,8.016366712,1.01742376,0.001406017,0.4,Modelled
Indonesia,6.123439164,1.002883099,0.003050612,0.4,Modelled
Indonesia,8.595530359,1.041128598,0.009809441,0.4,Modelled
Indonesia,8.810663707,1.005774511,0.008168632,0.4,Modelled
Indonesia,9.937624554,1.002883099,0.009628008,0.4,Modelled
Indonesia,6.788952498,1.005774511,0.003127117,0.4,Modelled
Indonesia,9.831478255,1.008674259,0.002728517,0.4,Modelled
Indonesia,9.28373766,1.005774511,0.002688163,0.4,Modelled
Indonesia,8.100571835,1.008674259,0.007636673,0.4,Modelled
Indonesia,9.610140697,1.109203555,0.01289981,0.4,Modelled
Indonesia,5.568816822,1.011582367,0.00321368,0.4,Modelled
Indonesia,9.449950893,1.174944911,0.012542148,0.4,Modelled
Indonesia,7.153267406,1.005774511,0.004213808,0.4,Modelled
Indonesia,9.11524557,1.008674259,0.006104218,0.4,Modelled
Indonesia,5.494438376,1.005774511,0.003503583,0.4,Modelled
Indonesia,9.292577454,1.008674259,0.006111966,0.4,Modelled
Indonesia,7.597140019,1.29577063,0.007745142,0.4,Modelled
Indonesia,9.051357243,1.008674259,0.010230014,0.4,Modelled
Indonesia,9.861597836,1.005774511,0.009155773,0.4,Modelled
Indonesia,8.035448083,1.002883099,0.004400678,0.4,Modelled
Indonesia,9.066415432,1.002883099,0.005832263,0.4,Modelled
Indonesia,7.55179736,1.002883099,0.00478176,0.4,Modelled
Indonesia,9.542332029,1.002883099,0.004406214,0.4,Modelled
Indonesia,6.237350377,1.005774511,0.003145565,0.4,Modelled
Indonesia,6.885065708,1.005774511,0.003341934,0.4,Modelled
Indonesia,8.877126011,1.005774511,0.00430229,0.4,Modelled
Indonesia,8.004237415,1.002883099,0.002245156,0.4,Modelled
Indonesia,9.703805724,1.005774511,0.010423765,0.4,Modelled
Indonesia,9.873231183,1.008674259,0.004285849,0.4,Modelled
Indonesia,9.052630144,1.008674259,0.001924914,0.4,Modelled
Indonesia,6.235872657,1.005774511,0.003367867,0.4,Modelled
Indonesia,9.001792755,1.002883099,0.00762216,0.4,Modelled
Indonesia,9.439751619,1.008674259,0.010585179,0.4,Modelled
Indonesia,7.647418065,1.002883099,0.002835309,0.4,Modelled
Indonesia,5.541446409,1.244582689,0.003945592,0.4,Modelled
Indonesia,8.146548425,1.005774511,0.007062161,0.4,Modelled
Indonesia,6.122699125,1.002883099,0.001482116,0.4,Modelled
Indonesia,8.079202341,1.138319213,0.008666103,0.4,Modelled
Indonesia,6.142640984,1.005774511,0.002473673,0.4,Modelled
Indonesia,5.624679874,1.005774511,0.002122725,0.4,Modelled
Indonesia,8.841369345,1.005774511,0.004644487,0.4,Modelled
Indonesia,6.592718075,1.002883099,0.002565813,0.4,Modelled
Indonesia,8.798318993,1.002883099,0.008074396,0.4,Modelled
Indonesia,7.962394646,1.223268748,0.008486462,0.4,Modelled
Indonesia,5.430409091,1.011582367,0.001629714,0.4,Modelled
Indonesia,9.936495885,1.002883099,0.011899122,0.4,Modelled
Indonesia,9.351567573,1.002883099,0.003206731,0.4,Modelled
Indonesia,9.009588713,1.005774511,0.009894276,0.4,Modelled
Indonesia,8.800092085,1.002883099,0.009603327,0.4,Modelled
Indonesia,9.225027364,1.008674259,0.00839851,0.4,Modelled
Indonesia,8.255374447,1.002883099,0.002507296,0.4,Modelled
Indonesia,9.899257199,1.005774511,0.004087397,0.4,Modelled
Indonesia,8.26606503,1.233879697,0.009266888,0.4,Modelled
Indonesia,5.650289296,1.005774511,0.002040782,0.4,Modelled
Indonesia,7.786478222,1.008674259,0.004849463,0.4,Modelled
Indonesia,6.647290137,1.002883099,0.004052223,0.4,Modelled
Indonesia,9.118530162,1.008674259,0.001303595,0.4,Modelled
Indonesia,6.878344717,1.002883099,0.003881648,0.4,Modelled
Indonesia,9.641118279,1.329783516,0.013668099,0.4,Modelled
Indonesia,7.230209972,1.002883099,0.005131335,0.4,Modelled
Indonesia,6.826498082,1.005774511,0.002098295,0.4,Modelled
Indonesia,9.666023067,1.005774511,0.003147877,0.4,Modelled
Indonesia,8.086385161,1.002883099,0.007099429,0.4,Modelled
Indonesia,9.590271278,1.008674259,0.009634581,0.4,Modelled
Indonesia,9.665807433,1.005774511,0.008476213,0.4,Modelled
Indonesia,6.999716157,1.002883099,0.005007272,0.4,Modelled
Indonesia,8.3841187,1.008674259,0.003583061,0.4,Modelled
Indonesia,7.174456783,1.005774511,0.003354703,0.4,Modelled
Indonesia,9.422718088,1.002883099,0.002831463,0.4,Modelled
Indonesia,8.577885426,1.002883099,0.004097885,0.4,Modelled
Indonesia,5.825745705,1.011582367,0.001592881,0.4,Modelled
Indonesia,9.352655687,1.002883099,0.002847386,0.4,Modelled
Indonesia,8.547413626,1.002883099,0.002503788,0.4,Modelled
Indonesia,9.190555173,1.008674259,0.010572801,0.4,Modelled
Indonesia,8.373984731,1.005774511,0.004869087,0.4,Modelled
Indonesia,5.605716105,1.002883099,0.001668915,0.4,Modelled
Indonesia,9.549479446,1.005774511,0.011083985,0.4,Modelled
Indonesia,7.932469599,1.005774511,0.005646904,0.4,Modelled
Indonesia,7.931967961,1.005774511,0.004602238,0.4,Modelled
Indonesia,9.912955455,1.008674259,0.002310425,0.4,Modelled
Indonesia,9.736513927,1.002883099,0.001122389,0.4,Modelled
Indonesia,9.692507218,1.002883099,0.010937212,0.4,Modelled
Indonesia,5.276122523,1.005774511,0.003007531,0.4,Modelled
Indonesia,7.276912454,1.002883099,0.002065708,0.4,Modelled
Indonesia,7.273781551,1.002883099,0.004908984,0.4,Modelled
Indonesia,7.784871015,1.008674259,0.007660883,0.4,Modelled
Indonesia,9.507823591,1.005774511,0.005544981,0.4,Modelled
Indonesia,8.141123722,1.002883099,0.005235722,0.4,Modelled
Indonesia,8.611981256,1.002883099,0.004929071,0.4,Modelled
Indonesia,9.143083873,1.368623747,0.012061706,0.4,Modelled
Indonesia,9.980506478,1.005774511,0.005217565,0.4,Modelled
Indonesia,8.935359597,1.059268973,0.010733048,0.4,Modelled
Indonesia,5.320480605,1.011582367,0.002153281,0.4,Modelled
Indonesia,7.189460294,1.002883099,0.00493595,0.4,Modelled
Indonesia,8.779040128,1.005774511,0.004185859,0.4,Modelled
Indonesia,8.682525663,1.005774511,0.008688537,0.4,Modelled
Indonesia,9.333674724,1.008674259,0.011290124,0.4,Modelled
Indonesia,9.779838989,1.005774511,0.012600664,0.4,Modelled
Indonesia,9.277189413,1.002883099,0.00273279,0.4,Modelled
Indonesia,6.544406955,1.065385733,0.005418688,0.4,Modelled
Indonesia,9.442397343,1.008674259,0.001964212,0.4,Modelled
Indonesia,9.176548224,1.195416868,0.011772194,0.4,Modelled
Indonesia,8.596579724,1.008674259,0.007700593,0.4,Modelled
Indonesia,8.32265198,1.008674259,0.005896217,0.4,Modelled
Indonesia,8.917339025,1.008674259,0.001491869,0.4,Modelled
Indonesia,9.985818682,1.255378521,0.01464581,0.4,Modelled
Indonesia,6.711895858,1.005774511,0.002073844,0.4,Modelled
Indonesia,6.064531528,1.005774511,0.004115572,0.4,Modelled
Indonesia,6.986946564,1.005774511,0.005353793,0.4,Modelled
Indonesia,6.879563127,1.106014805,0.006037694,0.4,Modelled
Indonesia,6.563663132,1.005774511,0.004401128,0.4,Modelled
Indonesia,7.785214157,1.008674259,0.004708803,0.4,Modelled
Indonesia,8.00441618,1.002883099,0.003637512,0.4,Modelled
Indonesia,8.3206,1.005774511,0.007364828,0.4,Modelled
Indonesia,7.774126389,1.002883099,0.005571489,0.4,Modelled
Indonesia,6.036008665,1.005774511,0.00187214,0.4,Modelled
Indonesia,9.447137618,1.470760256,0.013279523,0.4,Modelled
Indonesia,6.296206781,1.002883099,0.002563606,0.4,Modelled
Indonesia,7.707874085,1.01742376,0.005994606,0.4,Modelled
Indonesia,6.03524765,1.005774511,0.003603838,0.4,Modelled
Indonesia,9.811672681,1.002883099,0.003061631,0.4,Modelled
Indonesia,5.241422304,1.005774511,0.001165846,0.4,Modelled
Indonesia,8.237980485,1.008674259,0.004593218,0.4,Modelled
Indonesia,8.380342009,1.005774511,0.00822931,0.4,Modelled
Indonesia,7.670780302,1.002883099,0.001730283,0.4,Modelled
Indonesia,7.899987686,1.002883099,0.007437443,0.4,Modelled
Indonesia,8.296959379,1.008674259,0.006909404,0.4,Modelled
Indonesia,6.508583966,1.005774511,0.002671263,0.4,Modelled
Indonesia,7.250492361,1.002883099,0.00146624,0.4,Modelled
Indonesia,8.289386807,1.005774511,0.007888956,0.4,Modelled
Indonesia,8.555176986,1.005774511,0.002141543,0.4,Modelled
Indonesia,9.815541349,1.002883099,0.006571028,0.4,Modelled
Indonesia,9.511492273,1.005774511,0.00111769,0.4,Modelled
Indonesia,8.02031152,1.202319816,0.008618548,0.4,Modelled
Indonesia,9.934041098,1.002883099,0.008210719,0.4,Modelled
Indonesia,9.541813214,1.002883099,0.006571802,0.4,Modelled
Indonesia,9.560488107,1.437273389,0.013612431,0.4,Modelled
Indonesia,8.904966581,1.005774511,0.004092818,0.4,Modelled
Indonesia,6.538400281,1.002883099,0.001625499,0.4,Modelled
Indonesia,5.419516899,1.005774511,0.00259254,0.4,Modelled
Indonesia,5.676714975,1.005774511,0.00166815,0.4,Modelled
Indonesia,7.488443514,1.005774511,0.001727272,0.4,Modelled
Indonesia,6.021031547,1.005774511,0.004224187,0.4,Modelled
Indonesia,9.746991318,1.008674259,0.002320374,0.4,Modelled
Indonesia,8.430925399,1.002883099,0.006041199,0.4,Modelled
Indonesia,8.740677217,1.002883099,0.004089466,0.4,Modelled
Indonesia,7.01066363,1.48779514,0.006601067,0.4,Modelled
Indonesia,7.484811343,1.005774511,0.005193787,0.4,Modelled
Indonesia,8.065104662,1.005774511,0.00763274,0.4,Modelled
Indonesia,8.306205506,1.273580077,0.00944355,0.4,Modelled
Indonesia,9.392913432,1.005774511,0.006084425,0.4,Modelled
Indonesia,9.441365495,1.008674259,0.009290057,0.4,Modelled
Indonesia,9.425973676,1.002883099,0.005566546,0.4,Modelled
Indonesia,9.17617055,1.002883099,0.003724393,0.4,Modelled
Indonesia,7.374314406,1.005774511,0.002882515,0.4,Modelled
Indonesia,9.135782115,1.032175243,0.011223199,0.4,Modelled
Indonesia,9.045845647,1.008674259,0.005999436,0.4,Modelled
Indonesia,9.86068242,1.005774511,0.002600562,0.4,Modelled
Indonesia,7.3022027,1.005774511,0.002329397,0.4,Modelled
Indonesia,6.501253854,1.002883099,0.004362731,0.4,Modelled
Indonesia,8.687223266,1.008674259,0.008868485,0.4,Modelled
Indonesia,9.349108753,1.002883099,0.005798182,0.4,Modelled
Indonesia,5.461801844,1.008674259,0.002397236,0.4,Modelled
Indonesia,8.014547589,1.005774511,0.007797087,0.4,Modelled
Indonesia,6.339528179,1.005774511,0.001004348,0.4,Modelled
Indonesia,7.954810902,1.002883099,0.006408877,0.4,Modelled
Indonesia,7.907228087,1.005774511,0.006784622,0.4,Modelled
Indonesia,8.897384934,1.002883099,0.009700303,0.4,Modelled
Indonesia,8.594628892,1.008674259,0.00962848,0.4,Modelled
Indonesia,8.369998847,1.002883099,0.001594592,0.4,Modelled
Indonesia,8.624587313,1.056223775,0.009936742,0.4,Modelled
Indonesia,9.250426683,1.005774511,0.007517163,0.4,Modelled
Indonesia,8.745641459,1.005774511,0.007455551,0.4,Modelled
Indonesia,5.468284547,1.005774511,0.00189452,0.4,Modelled
Indonesia,9.43686316,1.005774511,0.00514466,0.4,Modelled
Indonesia,9.98975583,1.008674259,0.012678992,0.4,Modelled
Indonesia,8.309413094,1.002883099,0.006082154,0.4,Modelled
Indonesia,8.172803976,1.002883099,0.001365373,0.4,Modelled
Indonesia,8.489678866,1.002883099,0.007199296,0.4,Modelled
Indonesia,7.531811498,1.005774511,0.006637801,0.4,Modelled
Indonesia,7.084231624,1.002883099,0.006140878,0.4,Modelled
Indonesia,9.28183194,1.002883099,0.007872194,0.4,Modelled
Indonesia,9.670614048,1.008674259,0.011447973,0.4,Modelled
Indonesia,8.28273107,1.002883099,0.007785096,0.4,Modelled
Indonesia,6.767303464,1.005774511,0.00234344,0.4,Modelled
Indonesia,6.105766441,1.002883099,0.003237951,0.4,Modelled
Indonesia,5.415599538,1.002883099,0.001785845,0.4,Modelled
Indonesia,6.576836411,1.002883099,0.005029942,0.4,Modelled
Indonesia,7.78413834,1.008674259,0.0035956,0.4,Modelled
Indonesia,7.217023468,1.005774511,0.002022396,0.4,Modelled
Indonesia,8.83678598,1.594228753,0.011400895,0.4,Modelled
Indonesia,7.193832855,1.005774511,0.006154058,0.4,Modelled
Indonesia,6.957186449,1.002883099,0.003723831,0.4,Modelled
Indonesia,7.848900405,1.002883099,0.007386044,0.5,Modelled
Indonesia,8.881842734,1.008674259,0.009641665,0.5,Modelled
Indonesia,9.792920303,1.008674259,0.00205814,0.5,Modelled
Indonesia,8.095164575,1.005774511,0.006233054,0.5,Modelled
Indonesia,5.284183436,1.002883099,0.002784544,0.5,Modelled
Indonesia,6.740141882,1.002883099,0.003399795,0.5,Modelled
Indonesia,5.530180495,1.011582367,0.002623744,0.5,Modelled
Indonesia,8.470427044,1.008674259,0.009065966,0.5,Modelled
Indonesia,8.610507255,1.068457346,0.00987057,0.5,Modelled
Indonesia,9.544879691,1.396484948,0.013378543,0.5,Modelled
Indonesia,7.276839818,1.002883099,0.003311628,0.5,Modelled
Indonesia,7.606251087,1.005774511,0.002944101,0.5,Modelled
Indonesia,9.368424584,1.008674259,0.004389659,0.5,Modelled
Indonesia,9.333236723,1.008674259,0.00374365,0.5,Modelled
Indonesia,9.743979621,1.005774511,0.008898111,0.5,Modelled
Indonesia,5.656358181,1.008674259,0.001014956,0.5,Modelled
Indonesia,8.155395866,1.008674259,0.001178449,0.5,Modelled
Indonesia,6.574755338,1.002883099,0.003329993,0.5,Modelled
Indonesia,8.801631008,1.002883099,0.004096013,0.5,Modelled
Indonesia,8.783155689,1.008674259,0.001036736,0.5,Modelled
Indonesia,8.594516111,1.008674259,0.005360109,0.5,Modelled
Indonesia,9.832135452,1.008674259,0.0035157,0.5,Modelled
Indonesia,6.74064356,1.352953345,0.00596004,0.5,Modelled
Indonesia,8.658560711,1.008674259,0.004218565,0.5,Modelled
Indonesia,5.335155873,1.005774511,0.001554354,0.5,Modelled
Indonesia,5.649840997,1.005774511,0.003142261,0.5,Modelled
Indonesia,8.806630689,1.005774511,0.00340433,0.5,Modelled
Indonesia,9.941546078,1.005774511,0.011397329,0.5,Modelled
Indonesia,8.966765873,1.002883099,0.007728883,0.5,Modelled
Indonesia,7.344329114,1.002883099,0.004003705,0.5,Modelled
Indonesia,8.259011306,1.005774511,0.006302885,0.5,Modelled
Indonesia,9.340983468,1.44557294,0.012857553,0.5,Modelled
Indonesia,9.69815841,1.005774511,0.004886753,0.5,Modelled
Indonesia,5.64940437,1.005774511,0.003364877,0.5,Modelled
Indonesia,7.854184937,1.005774511,0.006751532,0.5,Modelled
Indonesia,7.483691865,1.005774511,0.002739227,0.5,Modelled
Indonesia,7.773780887,1.002883099,0.005553855,0.5,Modelled
Indonesia,8.102402199,1.008674259,0.002380742,0.5,Modelled
Indonesia,8.914454182,1.008674259,0.010192635,0.5,Modelled
Indonesia,9.143848907,1.005774511,0.008660103,0.5,Modelled
Indonesia,9.733814728,1.002883099,0.008726229,0.5,Modelled
Indonesia,9.936103188,1.002883099,0.011555215,0.5,Modelled
Indonesia,9.288009847,1.005774511,0.007468863,0.5,Modelled
Indonesia,7.129976684,1.005774511,0.004886879,0.5,Modelled
Indonesia,9.429420525,1.002883099,0.005379144,0.5,Modelled
Indonesia,8.910387622,1.005774511,0.005283739,0.5,Modelled
Indonesia,8.84802787,1.008674259,0.002785301,0.5,Modelled
Indonesia,7.661102107,1.008674259,0.00293681,0.5,Modelled
Indonesia,7.627432799,1.014498859,0.004434764,0.5,Modelled
Indonesia,6.47381185,1.005774511,0.002698028,0.5,Modelled
Indonesia,9.820328625,1.005774511,0.002438765,0.5,Modelled
Indonesia,9.112700819,1.562422375,0.012277745,0.5,Modelled
Indonesia,8.41606427,1.008674259,0.007370071,0.5,Modelled
Indonesia,7.802959979,1.005774511,0.001361969,0.5,Modelled
Indonesia,6.311819866,1.352953345,0.005193461,0.5,Modelled
Indonesia,7.698066401,1.002883099,0.002993985,0.5,Modelled
Indonesia,9.702631868,1.005774511,0.011468115,0.5,Modelled
Indonesia,9.072942642,1.005774511,0.002721127,0.5,Modelled
Indonesia,7.993090997,1.008674259,0.002765785,0.5,Modelled
Indonesia,9.463829526,1.002883099,0.007450825,0.5,Modelled
Indonesia,9.24838387,1.005774511,0.008940287,0.5,Modelled
Indonesia,9.994889684,1.008674259,0.009898804,0.5,Modelled
Indonesia,8.194181721,1.026249157,0.008730835,0.5,Modelled
Indonesia,9.498806331,1.002883099,0.003625645,0.5,Modelled
Indonesia,6.709993854,1.005774511,0.001988449,0.5,Modelled
Indonesia,7.374061361,1.005774511,0.004389274,0.5,Modelled
Indonesia,8.433157965,1.005774511,0.005960069,0.5,Modelled
Indonesia,6.646349763,1.002883099,0.004860274,0.5,Modelled
Indonesia,9.747732915,1.008674259,0.001336292,0.5,Modelled
Indonesia,9.611448084,1.002883099,0.006418087,0.5,Modelled
Indonesia,8.119569324,1.005774511,0.008016524,0.5,Modelled
Indonesia,8.00569915,1.002883099,0.002977479,0.5,Modelled
Indonesia,6.764976699,1.005774511,0.005668955,0.5,Modelled
Indonesia,9.072189429,1.002883099,0.010418247,0.5,Modelled
Indonesia,8.501532818,1.008674259,0.005486168,0.5,Modelled
Indonesia,6.424629651,1.005774511,0.001779725,0.5,Modelled
Indonesia,5.365157014,1.008674259,0.001983114,0.5,Modelled
Indonesia,9.858346695,1.005774511,0.007409738,0.5,Modelled
Indonesia,9.854259101,1.002883099,0.005153873,0.5,Modelled
Indonesia,6.709863203,1.005774511,0.004240061,0.5,Modelled
Indonesia,8.354409897,1.008674259,0.005788231,0.5,Modelled
Indonesia,7.299637522,1.372569625,0.007097555,0.5,Modelled
Indonesia,9.589721742,1.008674259,0.004932316,0.5,Modelled
Indonesia,7.609724077,1.01742376,0.0041716,0.5,Modelled
Indonesia,8.293687769,1.216245525,0.009293551,0.5,Modelled
Indonesia,7.016802332,1.002883099,0.003424899,0.5,Modelled
Indonesia,9.114711711,1.008674259,0.003600913,0.5,Modelled
Indonesia,9.390974508,1.002883099,0.010903066,0.5,Modelled
Indonesia,9.708010774,1.008674259,0.012748538,0.5,Modelled
Indonesia,7.12132179,1.002883099,0.002696346,0.5,Modelled
Indonesia,9.329280495,1.008674259,0.004527786,0.5,Modelled
Indonesia,5.40040558,1.13504676,0.003715867,0.5,Modelled
Indonesia,8.553470675,1.005774511,0.004480315,0.5,Modelled
Indonesia,9.144614398,1.005774511,0.010690559,0.5,Modelled
Indonesia,7.802635388,1.005774511,0.007775519,0.5,Modelled
Indonesia,9.32929847,1.329783516,0.01261358,0.5,Modelled
Indonesia,8.377409665,1.005774511,0.005665196,0.5,Modelled
Indonesia,8.020657525,1.008674259,0.00273496,0.5,Modelled
Indonesia,8.268806755,1.008674259,0.004428388,0.5,Modelled
Indonesia,8.459970782,1.002883099,0.005649536,0.5,Modelled
Indonesia,8.455650745,1.002883099,0.004931345,0.5,Modelled
Indonesia,7.607049296,1.005774511,0.003101671,0.5,Modelled
Indonesia,8.357274063,1.30701048,0.009651674,0.5,Modelled
Indonesia,8.064254236,1.005774511,0.003466782,0.5,Modelled
Indonesia,7.418668213,1.005774511,0.006477066,0.5,Modelled
Indonesia,6.031881096,1.005774511,0.002302905,0.5,Modelled
Indonesia,9.00556945,1.005774511,0.008429587,0.5,Modelled
Indonesia,9.832703051,1.008674259,0.003826649,0.5,Modelled
Indonesia,8.260592638,1.005774511,0.004553405,0.5,Modelled
Indonesia,7.941514207,1.008674259,0.003359693,0.5,Modelled
Indonesia,9.699753556,1.168199132,0.013434254,0.5,Modelled
Indonesia,9.594987108,1.396484948,0.013635621,0.5,Modelled
Indonesia,9.281405097,1.002883099,0.002844953,0.5,Modelled
Indonesia,8.55082612,1.002883099,0.009227239,0.5,Modelled
Indonesia,6.688177501,1.002883099,0.002105336,0.5,Modelled
Indonesia,9.996560201,1.008674259,0.011084984,0.5,Modelled
Indonesia,6.266134003,1.03813555,0.004958534,0.5,Modelled
Indonesia,9.951462341,1.074627164,0.013890699,0.5,Modelled
Indonesia,7.550401661,1.002883099,0.005901149,0.5,Modelled
Indonesia,7.899067052,1.002883099,0.001119948,0.5,Modelled
Indonesia,9.466317313,1.002883099,0.008538232,0.5,Modelled
Indonesia,7.87166402,1.011582367,0.004993285,0.5,Modelled
Indonesia,9.400419879,1.005774511,0.00374526,0.5,Modelled
Indonesia,8.17628317,1.005774511,0.00628996,0.5,Modelled
Indonesia,9.699386662,1.005774511,0.001128526,0.5,Modelled
Indonesia,9.859912761,1.005774511,0.011245146,0.5,Modelled
Indonesia,9.459574399,1.002883099,0.006777828,0.5,Modelled
Indonesia,8.978339645,1.008674259,0.009692765,0.5,Modelled
Indonesia,9.827822194,1.518082325,0.014651864,0.5,Modelled
Indonesia,8.179117635,1.005774511,0.006780367,0.5,Modelled
Indonesia,8.286303243,1.002883099,0.001312572,0.5,Modelled
Indonesia,6.24778934,1.002883099,0.003324635,0.5,Modelled
Indonesia,9.716271076,1.050159617,0.013068763,0.5,Modelled
Indonesia,8.640966232,1.002883099,0.004356886,0.5,Modelled
Indonesia,9.425016506,1.002883099,0.003208846,0.5,Modelled
Indonesia,5.799850538,1.005774511,0.002581035,0.5,Modelled
Indonesia,5.300290127,1.005774511,0.001897895,0.5,Modelled
Indonesia,9.444884608,1.008674259,0.006782914,0.5,Modelled
Indonesia,9.293978668,1.008674259,0.00818219,0.5,Modelled
Indonesia,7.391699709,1.005774511,0.001860202,0.5,Modelled
Indonesia,9.015319267,1.008674259,0.006401502,0.5,Modelled
Indonesia,6.314489753,1.002883099,0.003680391,0.5,Modelled
Indonesia,7.801606086,1.005774511,0.004945672,0.5,Modelled
Indonesia,9.894555671,1.002883099,0.001417564,0.5,Modelled
Indonesia,9.824728268,1.005774511,0.001898107,0.5,Modelled
Indonesia,7.926880283,1.002883099,0.00644549,0.5,Modelled
Indonesia,9.866230403,1.008674259,0.004995426,0.5,Modelled
Indonesia,8.063777102,1.005774511,0.004705739,0.5,Modelled
Indonesia,7.238373299,1.005774511,0.004015481,0.5,Modelled
Indonesia,6.466632633,1.255378521,0.005418743,0.5,Modelled
Indonesia,7.039303554,1.002883099,0.002978173,0.5,Modelled
Indonesia,6.296267791,1.002883099,0.001742531,0.5,Modelled
Indonesia,8.742352421,1.005774511,0.001162652,0.5,Modelled
Indonesia,8.258636301,1.005774511,0.005993261,0.5,Modelled
Indonesia,6.981554536,1.005774511,0.001902617,0.5,Modelled
Indonesia,7.062854842,1.002883099,0.005809322,0.5,Modelled
Indonesia,9.893267707,1.002883099,0.003674369,0.5,Modelled
Indonesia,7.72042524,1.002883099,0.001896532,0.5,Modelled
Indonesia,7.46227675,1.005774511,0.00476245,0.5,Modelled
Indonesia,9.865872871,1.008674259,0.007718153,0.5,Modelled
Indonesia,8.408861072,1.005774511,0.005245185,0.5,Modelled
Indonesia,5.990301647,1.005774511,0.002650845,0.5,Modelled
Indonesia,7.863905393,1.008674259,0.004356878,0.5,Modelled
Indonesia,9.482980096,1.008674259,0.009047866,0.5,Modelled
Indonesia,6.618911685,1.005774511,0.004088206,0.5,Modelled
Indonesia,8.566180139,1.008674259,0.008429658,0.5,Modelled
Indonesia,8.691513926,1.008674259,0.008098311,0.5,Modelled
Indonesia,8.112214106,1.002883099,0.00704135,0.5,Modelled
Indonesia,9.178223923,1.005774511,0.005251278,0.5,Modelled
Indonesia,9.624770853,1.005774511,0.005902009,0.5,Modelled
Indonesia,9.983332835,1.005774511,0.009569166,0.5,Modelled
Indonesia,6.900432467,1.002883099,0.005307318,0.5,Modelled
Indonesia,9.77713915,1.005774511,0.002822028,0.5,Modelled
Indonesia,8.646445547,1.005774511,0.008891237,0.5,Modelled
Indonesia,9.977433361,1.002883099,0.006273278,0.5,Modelled
Indonesia,8.878208555,1.008674259,0.006300799,0.5,Modelled
Indonesia,7.152849683,1.005774511,0.006412957,0.5,Modelled
Indonesia,5.148267395,1.002883099,0.00277781,0.5,Modelled
Indonesia,8.044093382,1.008674259,0.006484202,0.5,Modelled
Indonesia,8.079140708,1.083948758,0.008559257,0.5,Modelled
Indonesia,9.556871703,1.008674259,0.005060015,0.5,Modelled
Indonesia,6.494375361,1.005774511,0.00390856,0.5,Modelled
Indonesia,9.979151987,1.002883099,0.005229421,0.5,Modelled
Indonesia,9.951237892,1.008674259,0.010637396,0.5,Modelled
Indonesia,9.897174632,1.002883099,0.010569425,0.5,Modelled
Indonesia,9.478315102,1.008674259,0.008211425,0.5,Modelled
Indonesia,8.591199372,1.005774511,0.0095469,0.5,Modelled
Indonesia,9.50640567,1.005774511,0.01072494,0.5,Modelled
Indonesia,9.735338019,1.002883099,0.01206526,0.5,Modelled
Indonesia,7.606408559,1.005774511,0.005118086,0.5,Modelled
Indonesia,8.336474356,1.277251935,0.009541103,0.5,Modelled
Indonesia,9.560140409,1.544533027,0.013846092,0.5,Modelled
Indonesia,9.577454889,1.002883099,0.010465405,0.5,Modelled
Indonesia,8.685318309,1.008674259,0.003874352,0.5,Modelled
Indonesia,8.144451254,1.002883099,0.005229952,0.5,Modelled
Indonesia,9.979496532,1.002883099,0.011352817,0.5,Modelled
Indonesia,6.547573667,1.005774511,0.002636314,0.5,Modelled
Indonesia,8.122932937,1.005774511,0.008149265,0.5,Modelled
Indonesia,7.813141876,1.008674259,0.007796667,0.5,Modelled
Indonesia,9.10677724,1.412659549,0.011971014,0.5,Modelled
Indonesia,8.651438844,1.005774511,0.004380816,0.5,Modelled
Indonesia,9.975757741,1.002883099,0.010267775,0.5,Modelled
Indonesia,5.940744192,1.002883099,0.001978758,0.5,Modelled
Indonesia,9.507938987,1.005774511,0.010960798,0.5,Modelled
Indonesia,9.892897739,1.002883099,0.00634811,0.5,Modelled
Indonesia,8.112920861,1.002883099,0.002849215,0.5,Modelled
Indonesia,8.734611304,1.002883099,0.006764762,0.5,Modelled
Indonesia,7.301481332,1.005774511,0.00109229,0.5,Modelled
Indonesia,7.527549672,1.002883099,0.006826526,0.5,Modelled
Indonesia,8.943805068,1.005774511,0.008142371,0.5,Modelled
Indonesia,9.831496053,1.008674259,0.012952686,0.5,Modelled
Indonesia,8.626601673,1.008674259,0.003520831,0.5,Modelled
Indonesia,9.5764946,1.002883099,0.011349396,0.5,Modelled
Indonesia,9.184981933,1.008674259,0.00235094,0.5,Modelled
Indonesia,6.580460879,1.005774511,0.004523438,0.5,Modelled
Indonesia,5.862827301,1.288331148,0.004429201,0.5,Modelled
Indonesia,8.057428649,1.002883099,0.007771905,0.5,Modelled
Indonesia,8.02226908,1.008674259,0.007485977,0.5,Modelled
Indonesia,8.991164889,1.34906386,0.011513818,0.6,Modelled
Indonesia,8.626811376,1.008674259,0.00700511,0.6,Modelled
Indonesia,9.99096014,1.008674259,0.005748617,0.6,Modelled
Indonesia,8.201720544,1.181729643,0.008999729,0.6,Modelled
Indonesia,9.589529025,1.008674259,0.00160937,0.6,Modelled
Indonesia,8.841229569,1.005774511,0.00257441,0.6,Modelled
Indonesia,8.656118026,1.008674259,0.00298692,0.6,Modelled
Indonesia,7.111505018,1.005774511,0.005324138,0.6,Modelled
Indonesia,9.353877231,1.470760256,0.012935726,0.6,Modelled
Indonesia,6.072339234,1.002883099,0.002460297,0.6,Modelled
Indonesia,8.17700383,1.005774511,0.001620727,0.6,Modelled
Indonesia,9.555655704,1.008674259,0.007988066,0.6,Modelled
Indonesia,9.245995337,1.002883099,0.009950652,0.6,Modelled
Indonesia,7.976632552,1.002883099,0.003041594,0.6,Modelled
Indonesia,9.914448212,1.008674259,0.010017482,0.6,Modelled
Indonesia,9.369836119,1.008674259,0.008225865,0.6,Modelled
Indonesia,7.832124768,1.337462366,0.008319584,0.6,Modelled
Indonesia,6.204673581,1.005774511,0.002371692,0.6,Modelled
Indonesia,9.369873491,1.008674259,0.010374264,0.6,Modelled
Indonesia,9.517629868,1.008674259,0.008183211,0.6,Modelled
Indonesia,5.266066206,1.005774511,0.002139936,0.6,Modelled
Indonesia,5.751232745,1.008674259,0.001469794,0.6,Modelled
Indonesia,7.729134483,1.005774511,0.005833062,0.6,Modelled
Indonesia,7.632246657,1.005774511,0.006270147,0.6,Modelled
Indonesia,8.528895761,1.005774511,0.008005061,0.6,Modelled
Indonesia,7.660067743,1.008674259,0.004431112,0.6,Modelled
Indonesia,6.923994948,1.005774511,0.001642966,0.6,Modelled
Indonesia,9.923898571,1.106014805,0.013875757,0.6,Modelled
Indonesia,8.643422037,1.002883099,0.002510734,0.6,Modelled
Indonesia,7.47714665,1.002883099,0.001901279,0.6,Modelled
Indonesia,6.780854934,1.002883099,0.004919236,0.6,Modelled
Indonesia,8.445610387,1.008674259,0.006055784,0.6,Modelled
Indonesia,9.108339498,1.005774511,0.009398124,0.6,Modelled
Indonesia,8.176697724,1.005774511,0.002907772,0.6,Modelled
Indonesia,9.749407999,1.008674259,0.004252058,0.6,Modelled
Indonesia,9.814460388,1.002883099,0.010635631,0.6,Modelled
Indonesia,7.900838242,1.002883099,0.006265639,0.6,Modelled
Indonesia,8.659362535,1.008674259,0.003111231,0.6,Modelled
Indonesia,9.711618763,1.044130275,0.012993601,0.6,Modelled
Indonesia,8.86720262,1.002883099,0.009014003,0.6,Modelled
Indonesia,8.266223616,1.008674259,0.005583238,0.6,Modelled
Indonesia,7.082331784,1.002883099,0.005894989,0.6,Modelled
Indonesia,8.057356517,1.002883099,0.002407855,0.6,Modelled
Indonesia,6.061725048,1.005774511,0.002942999,0.6,Modelled
Indonesia,9.909884294,1.008674259,0.003984772,0.6,Modelled
Indonesia,7.604524302,1.005774511,0.002188922,0.6,Modelled
Indonesia,6.703532736,1.002883099,0.002424586,0.6,Modelled
Indonesia,8.863502895,1.002883099,0.010229395,0.6,Modelled
Indonesia,7.812000716,1.008674259,0.001456153,0.6,Modelled
Indonesia,8.491464704,1.002883099,0.007374142,0.6,Modelled
Indonesia,7.066443882,1.005774511,0.003003685,0.6,Modelled
Indonesia,9.153458327,1.008674259,0.002884431,0.6,Modelled
Indonesia,9.78227492,1.005774511,0.006122543,0.6,Modelled
Indonesia,6.803153997,1.005774511,0.003978941,0.6,Modelled
Indonesia,7.605502474,1.005774511,0.006403123,0.6,Modelled
Indonesia,6.003294551,1.005774511,0.002969264,0.6,Modelled
Indonesia,7.167307027,1.002883099,0.005552032,0.6,Modelled
Indonesia,5.43783682,1.008674259,0.002381684,0.6,Modelled
Indonesia,9.321231504,1.005774511,0.007804038,0.6,Modelled
Indonesia,9.375303698,1.277251935,0.012593838,0.6,Modelled
Indonesia,9.821138774,1.005774511,0.002235489,0.6,Modelled
Indonesia,8.004775286,1.002883099,0.008117891,0.6,Modelled
Indonesia,9.909780446,1.008674259,0.005225052,0.6,Modelled
Indonesia,8.067965552,1.005774511,0.005544455,0.6,Modelled
Indonesia,7.785838459,1.216245525,0.008110887,0.6,Modelled
Indonesia,5.38151958,1.011582367,0.001035213,0.6,Modelled
Indonesia,6.618642445,1.005774511,0.001783083,0.6,Modelled
Indonesia,9.976524716,1.002883099,0.007086735,0.6,Modelled
Indonesia,6.080164138,1.441417191,0.004836695,0.6,Modelled
Indonesia,5.757566493,1.005774511,0.004120337,0.6,Modelled
Indonesia,9.553112916,1.223268748,0.013014678,0.6,Modelled
Indonesia,8.884622909,1.008674259,0.001643883,0.6,Modelled
Indonesia,9.325895569,1.005774511,0.008896847,0.6,Modelled
Indonesia,9.588415314,1.005774511,0.008457912,0.6,Modelled
Indonesia,9.329867171,1.441417191,0.012831485,0.6,Modelled
Indonesia,9.037797753,1.002883099,0.001224016,0.6,Modelled
Indonesia,6.355519193,1.005774511,0.001556758,0.6,Modelled
Indonesia,8.280315299,1.002883099,0.005455803,0.6,Modelled
Indonesia,6.044876404,1.002883099,0.003539512,0.6,Modelled
Indonesia,9.8129097,1.318347826,0.014202894,0.6,Modelled
Indonesia,7.440883311,1.005774511,0.003129003,0.6,Modelled
Indonesia,7.769748051,1.002883099,0.003016318,0.6,Modelled
Indonesia,5.732460618,1.005774511,0.001625874,0.6,Modelled
Indonesia,6.476863824,1.424913323,0.00552019,0.6,Modelled
Indonesia,9.822281097,1.005774511,0.004596633,0.6,Modelled
Indonesia,9.321489203,1.005774511,0.008911026,0.6,Modelled
Indonesia,9.729099491,1.002883099,0.005936207,0.6,Modelled
Indonesia,6.096196993,1.005774511,0.003770472,0.6,Modelled
Indonesia,9.28624753,1.005774511,0.006103132,0.6,Modelled
Indonesia,7.465451674,1.005774511,0.001634213,0.6,Modelled
Indonesia,9.483375222,1.376526879,0.013230737,0.6,Modelled
Indonesia,8.292156284,1.08707389,0.009122713,0.6,Modelled
Indonesia,7.886472519,1.008674259,0.00106933,0.6,Modelled
Indonesia,6.945193888,1.005774511,0.003770668,0.6,Modelled
Indonesia,9.927656589,1.392470318,0.0147677,0.6,Modelled
Indonesia,8.6141937,1.002883099,0.003029124,0.6,Modelled
Indonesia,8.840190353,1.005774511,0.002908657,0.6,Modelled
Indonesia,9.438877627,1.40859842,0.013143998,0.6,Modelled
Indonesia,9.733059624,1.002883099,0.002592752,0.6,Modelled
Indonesia,5.865933827,1.002883099,0.002198247,0.6,Modelled
Indonesia,9.204986547,1.002883099,0.001643114,0.6,Modelled
Indonesia,8.652251895,1.005774511,0.008537806,0.6,Modelled
Indonesia,8.04796492,1.008674259,0.006504106,0.6,Modelled
Indonesia,9.034825783,1.002883099,0.007068363,0.6,Modelled
Indonesia,8.094156558,1.005774511,0.00195615,0.6,Modelled
Indonesia,7.771236834,1.002883099,0.001543739,0.6,Modelled
Indonesia,8.903147883,1.002883099,0.007099699,0.6,Modelled
Indonesia,9.294645984,1.008674259,0.007555302,0.6,Modelled
Indonesia,8.937100947,1.005774511,0.006921554,0.6,Modelled
Indonesia,9.869275478,1.008674259,0.011784607,0.6,Modelled
Indonesia,7.950056592,1.002883099,0.005449424,0.6,Modelled
Indonesia,9.871972775,1.008674259,0.006004039,0.6,Modelled
Indonesia,9.160600431,1.412659549,0.012174732,0.6,Modelled
Indonesia,9.981335773,1.005774511,0.002695331,0.6,Modelled
Indonesia,5.779659856,1.002883099,0.002055776,0.6,Modelled
Indonesia,7.345775642,1.005774511,0.005763172,0.6,Modelled
Indonesia,5.322816622,1.005774511,0.002645709,0.6,Modelled
Indonesia,9.156512295,1.008674259,0.004678157,0.6,Modelled
Indonesia,7.96256384,1.005774511,0.002488681,0.6,Modelled
Indonesia,7.232902425,1.002883099,0.005896049,0.6,Modelled
Indonesia,8.502587605,1.008674259,0.006506182,0.6,Modelled
Indonesia,7.300505459,1.002883099,0.002657301,0.6,Modelled
Indonesia,7.732502777,1.065385733,0.007730991,0.6,Modelled
Indonesia,9.831992125,1.008674259,0.004355209,0.7,Modelled
Indonesia,8.468218506,1.005774511,0.00890802,0.7,Modelled
Indonesia,9.236088102,1.074627164,0.01165339,0.7,Modelled
Indonesia,8.673976962,1.002883099,0.006014588,0.7,Modelled
Indonesia,8.008725174,1.002883099,0.006341904,0.7,Modelled
Indonesia,8.413877897,1.008674259,0.001589979,0.7,Modelled
Indonesia,9.219213453,1.005774511,0.009727261,0.7,Modelled
Indonesia,6.650288469,1.002883099,0.002874593,0.7,Modelled
Indonesia,6.034923178,1.005774511,0.00105388,0.7,Modelled
Indonesia,9.190090518,1.008674259,0.001386126,0.7,Modelled
Indonesia,7.967380867,1.008674259,0.001191043,0.7,Modelled
Indonesia,8.314325808,1.002883099,0.008008189,0.7,Modelled
Indonesia,8.650608092,1.44974067,0.010658654,0.7,Modelled
Indonesia,7.294876429,1.002883099,0.005711398,0.7,Modelled
Indonesia,7.669404594,1.011582367,0.003703143,0.7,Modelled
Indonesia,9.976337162,1.002883099,0.009950225,0.7,Modelled
Indonesia,6.666627832,1.011582367,0.005569692,0.7,Modelled
Indonesia,9.93832286,1.251769545,0.014457302,0.7,Modelled
Indonesia,9.459237982,1.002883099,0.003637598,0.7,Modelled
Indonesia,8.554174686,1.005774511,0.007989734,0.7,Modelled
Indonesia,9.134969816,1.002883099,0.01009346,0.7,Modelled
Indonesia,7.745842015,1.002883099,0.006034046,0.7,Modelled
Indonesia,7.855242877,1.005774511,0.002521393,0.7,Modelled
Indonesia,7.959238388,1.005774511,0.002278935,0.7,Modelled
Indonesia,9.428211107,1.002883099,0.010297929,0.7,Modelled
Indonesia,6.594933499,1.002883099,0.003024734,0.7,Modelled
Indonesia,7.636073679,1.008674259,0.00103127,0.7,Modelled
Indonesia,7.911238987,1.008674259,0.004857216,0.7,Modelled
Indonesia,9.32786443,1.008674259,0.010335086,0.7,Modelled
Indonesia,8.779941139,1.005774511,0.001609527,0.7,Modelled
Indonesia,7.295489838,1.002883099,0.005021027,0.7,Modelled
Indonesia,9.542226644,1.002883099,0.009547641,0.7,Modelled
Indonesia,8.474373957,1.008674259,0.008166523,0.7,Modelled
Indonesia,8.329303648,1.008674259,0.001602113,0.7,Modelled
Indonesia,5.871836476,1.005774511,0.002756966,0.7,Modelled
Indonesia,8.258964927,1.005774511,0.003028363,0.7,Modelled
Indonesia,7.783426462,1.008674259,0.005919767,0.7,Modelled
Indonesia,5.352944144,1.008674259,0.003535181,0.7,Modelled
Indonesia,8.091213586,1.005774511,0.001730077,0.7,Modelled
Indonesia,6.452475325,1.002883099,0.002451604,0.7,Modelled
Indonesia,8.519156778,1.002883099,0.007319706,0.7,Modelled
Indonesia,9.148348267,1.005774511,0.008172134,0.7,Modelled
Indonesia,8.281630422,1.002883099,0.008315195,0.7,Modelled
Indonesia,8.555910736,1.005774511,0.007148339,0.7,Modelled
Indonesia,7.749796078,1.002883099,0.001334819,0.7,Modelled
Indonesia,9.467247141,1.005774511,0.011404807,0.7,Modelled
Indonesia,9.614797768,1.002883099,0.010125509,0.7,Modelled
Indonesia,9.842354622,1.08707389,0.013515305,0.7,Modelled
Indonesia,8.070254746,1.01742376,0.007255915,0.7,Modelled
Indonesia,9.615164198,1.002883099,0.01133682,0.7,Modelled
Indonesia,5.277630971,1.005774511,0.003225306,0.7,Modelled
Indonesia,7.531435569,1.005774511,0.001288079,0.7,Modelled
Indonesia,6.711762477,1.005774511,0.004667637,0.8,Modelled
Indonesia,9.328503107,1.008674259,0.00286349,0.8,Modelled
Indonesia,7.928299499,1.044130275,0.008177106,0.8,Modelled
Indonesia,9.066718882,1.002883099,0.007511604,0.8,Modelled
Indonesia,7.966384984,1.008674259,0.003851789,0.8,Modelled
Indonesia,8.326754578,1.008674259,0.008403019,0.8,Modelled
Indonesia,7.283991377,1.005774511,0.001474719,0.8,Modelled
Indonesia,7.52883358,1.002883099,0.004569,0.8,Modelled
Indonesia,9.771979782,1.002883099,0.011814708,0.8,Modelled
Indonesia,8.870020376,1.002883099,0.009389564,0.8,Modelled
Indonesia,9.219427229,1.005774511,0.008868812,0.8,Modelled
Indonesia,8.535412755,1.008674259,0.005979631,0.8,Modelled
Indonesia,9.787419289,1.008674259,0.011195688,0.8,Modelled
Indonesia,9.612314355,1.002883099,0.004823527,0.8,Modelled
Indonesia,7.555342906,1.005774511,0.004220396,0.8,Modelled